episode,reward
0,-1.75
1,-0.25
2,-0.25
3,-1.25
4,-0.75
5,-1.25
6,-0.25
7,-0.75
8,0.75
9,-0.75
10,0.75
11,-0.25
12,0.25
13,-0.25
14,-0.75
15,-0.25
16,-0.75
17,0.75
18,-0.75
19,-0.25
20,0.25
21,-0.75
22,0.25
23,-0.75
24,-4.25
25,1.75
26,-0.75
27,0.25
28,-0.75
29,-0.25
30,-0.75
31,-0.75
32,0.25
33,-0.25
34,0.25
35,-0.75
36,-0.75
37,-0.75
38,3.25
39,0.75
40,-0.75
41,0.25
42,-0.75
43,-0.75
44,0.25
45,-0.75
46,-0.25
47,0.75
48,-0.75
49,-0.75
50,-0.25
51,-0.25
52,-0.25
53,0.75
54,0.75
55,-0.25
56,-0.75
57,-0.75
58,-1.75
59,5.75
60,-0.75
61,-0.75
62,-0.75
63,1.25
64,-0.75
65,-0.75
66,-0.75
67,-0.75
68,-1.25
69,-0.25
70,0.75
71,-0.25
72,-0.25
73,-0.75
74,-0.25
75,0.75
76,-0.75
77,-0.25
78,0.25
79,-0.75
80,-0.25
81,0.75
82,-0.25
83,0.75
84,0.75
85,-1.75
86,-0.75
87,-0.25
88,-0.25
89,-0.75
90,-1.25
91,-0.75
92,-0.75
93,-0.75
94,-0.25
95,-0.75
96,-0.25
97,-0.25
98,-0.75
99,-0.75
100,0.75
101,-0.75
102,-0.25
103,-0.75
104,0.75
105,-0.25
106,-0.25
107,-0.75
108,-0.75
109,-0.25
110,0.25
111,-0.75
112,0.75
113,-0.25
114,0.25
115,-1.75
116,0.75
117,-0.25
118,0.75
119,-0.25
120,-0.75
121,1.75
122,-0.75
123,-0.25
124,0.75
125,-0.75
126,-0.75
127,-0.75
128,0.75
129,-0.25
130,-0.75
131,-0.25
132,-0.25
133,-0.75
134,-0.75
135,-0.25
136,-0.75
137,-0.25
138,-0.75
139,0.75
140,-0.75
141,-0.25
142,-0.25
143,0.25
144,-0.25
145,-0.75
146,1.75
147,-0.25
148,-0.25
149,0.75
150,-0.75
151,-0.25
152,0.75
153,0.75
154,-0.75
155,-1.25
156,-0.25
157,-0.75
158,-0.75
159,-0.75
160,-0.75
161,-0.25
162,0.25
163,0.75
164,0.75
165,0.75
166,-0.75
167,-0.75
168,-0.75
169,-0.75
170,-2.25
171,-0.75
172,-0.75
173,-0.75
174,-0.25
175,-0.75
176,-0.25
177,-0.75
178,0.75
179,0.75
180,0.75
181,-0.75
182,-0.25
183,-0.25
184,-0.75
185,0.75
186,-0.25
187,0.75
188,0.75
189,-0.75
190,0.75
191,-0.25
192,0.25
193,-0.25
194,0.25
195,-0.25
196,-0.25
197,0.75
198,0.25
199,0.75
200,-0.25
201,-0.25
202,0.75
203,-0.75
204,-0.75
205,-0.75
206,0.25
207,0.75
208,0.25
209,0.25
210,-0.25
211,0.75
212,-0.75
213,-0.25
214,-0.75
215,-2.25
216,-0.25
217,-0.75
218,-0.25
219,-0.75
220,-0.25
221,-0.75
222,0.25
223,0.75
224,0.75
225,0.75
226,-0.25
227,-0.25
228,-2.25
229,1.75
230,-0.75
231,-0.75
232,0.75
233,-0.25
234,-0.25
235,-0.75
236,-0.25
237,-0.25
238,1.75
239,1.75
240,0.75
241,-0.25
242,-0.25
243,2.25
244,-0.75
245,1.25
246,-0.25
247,1.25
248,-0.75
249,-0.25
250,-2.25
251,1.25
252,-0.75
253,-0.75
254,0.75
255,-0.25
256,0.25
257,-0.75
258,0.75
259,0.75
260,0.75
261,0.75
262,-0.75
263,0.25
264,0.75
265,-0.25
266,0.25
267,-0.25
268,-0.25
269,-1.25
270,-0.75
271,-0.25
272,-1.25
273,0.25
274,-1.25
275,-5.25
276,-0.25
277,0.75
278,0.75
279,0.75
280,0.25
281,-0.25
282,1.75
283,0.25
284,-0.25
285,-0.25
286,0.75
287,0.25
288,1.25
289,-0.25
290,-0.25
291,-1.25
292,-0.25
293,0.25
294,-0.25
295,0.75
296,1.25
297,-5.25
298,0.25
299,0.25
300,-0.75
301,-0.25
302,-0.25
303,-0.75
304,0.75
305,0.75
306,0.25
307,0.75
308,-6.25
309,-0.75
310,0.25
311,0.75
312,-0.25
313,-0.25
314,-0.25
315,-0.25
316,0.75
317,-0.75
318,-0.75
319,-0.25
320,-0.75
321,0.25
322,1.25
323,-0.75
324,-0.25
325,0.75
326,-0.25
327,-0.25
328,-3.25
329,-0.75
330,-3.25
331,-0.25
332,-0.75
333,-0.75
334,0.75
335,0.75
336,0.75
337,0.25
338,-1.25
339,-0.75
340,0.25
341,1.25
342,-0.25
343,-0.25
344,-0.75
345,-2.25
346,-0.25
347,2.75
348,0.25
349,-0.75
350,-0.75
351,-0.75
352,0.25
353,-0.75
354,1.25
355,-0.25
356,0.75
357,-0.75
358,-0.25
359,-8.25
360,1.25
361,-0.75
362,-0.75
363,-0.25
364,0.75
365,1.75
366,0.75
367,-0.75
368,-0.25
369,-0.25
370,-0.75
371,-0.75
372,-0.25
373,0.25
374,-0.25
375,0.75
376,-0.75
377,-0.25
378,0.75
379,-0.75
380,0.25
381,-0.25
382,-0.75
383,-0.25
384,-0.75
385,-0.25
386,0.25
387,-0.75
388,-0.25
389,-0.75
390,-0.25
391,-0.25
392,-0.75
393,0.25
394,-0.25
395,0.25
396,-0.75
397,-0.75
398,-0.75
399,-1.25
400,0.75
401,1.75
402,-0.25
403,1.75
404,1.75
405,0.25
406,-0.25
407,-0.75
408,-0.75
409,0.75
410,-0.75
411,-0.25
412,-0.75
413,-1.75
414,-1.75
415,-1.75
416,-0.75
417,-1.25
418,-0.25
419,0.75
420,-0.75
421,-0.75
422,-1.25
423,-0.25
424,-0.25
425,-0.25
426,-0.75
427,-0.25
428,-0.75
429,0.75
430,0.75
431,0.25
432,-0.25
433,0.25
434,-0.75
435,0.25
436,-0.75
437,-0.75
438,-0.25
439,0.25
440,-0.25
441,-0.75
442,0.25
443,-0.75
444,-0.25
445,-2.25
446,0.75
447,5.25
448,-0.25
449,0.75
450,-0.25
451,-0.75
452,-0.75
453,0.75
454,0.25
455,-0.25
456,-0.75
457,-0.25
458,-0.75
459,-0.75
460,-1.25
461,0.75
462,0.25
463,-0.25
464,-0.75
465,0.25
466,-0.75
467,-2.25
468,-0.25
469,-0.25
470,0.75
471,0.75
472,-0.75
473,-0.75
474,-2.75
475,-0.75
476,-0.25
477,-2.25
478,-0.75
479,1.75
480,0.25
481,0.25
482,0.75
483,0.75
484,-1.25
485,-0.25
486,-0.25
487,-0.25
488,-0.75
489,-0.75
490,0.75
491,0.75
492,-1.75
493,-0.25
494,-0.25
495,1.75
496,0.25
497,-0.75
498,3.75
499,1.75
500,0.25
501,0.75
502,-0.25
503,1.25
504,0.25
505,-1.25
506,2.25
507,-0.25
508,-0.25
509,0.75
510,-0.25
511,-0.25
512,0.75
513,-0.75
514,0.75
515,-0.75
516,0.75
517,0.75
518,1.25
519,-2.75
520,-1.25
521,-0.25
522,1.75
523,-0.25
524,0.25
525,-0.75
526,-0.75
527,-0.75
528,0.75
529,-0.25
530,-0.75
531,0.25
532,-0.25
533,-0.25
534,-0.75
535,-0.75
536,1.75
537,-0.75
538,0.75
539,-2.75
540,-0.75
541,2.75
542,-0.75
543,0.25
544,-1.25
545,1.75
546,-0.25
547,0.25
548,-1.25
549,0.75
550,-0.25
551,0.75
552,-0.25
553,1.25
554,-0.25
555,1.25
556,-0.25
557,-0.25
558,-0.75
559,-0.25
560,-0.25
561,0.75
562,0.25
563,-0.75
564,-0.75
565,-2.25
566,0.75
567,-0.75
568,1.75
569,-0.75
570,-0.75
571,2.25
572,-0.75
573,-0.25
574,2.25
575,-0.25
576,2.75
577,-0.75
578,-0.25
579,-0.75
580,0.25
581,-0.75
582,-0.75
583,-0.25
584,-0.25
585,1.25
586,-0.25
587,-1.25
588,-0.25
589,-0.75
590,-1.25
591,-0.25
592,2.25
593,-0.75
594,2.25
595,0.25
596,-0.25
597,-2.75
598,-0.25
599,-0.75
600,0.25
601,-0.75
602,-0.75
603,-0.25
604,0.25
605,-0.25
606,0.75
607,-0.75
608,-0.25
609,-0.75
610,-0.75
611,-0.75
612,-0.75
613,-0.25
614,0.25
615,0.25
616,2.75
617,0.75
618,0.25
619,1.75
620,-0.25
621,-1.25
622,-0.75
623,0.25
624,0.75
625,-0.75
626,-0.75
627,1.25
628,-0.25
629,0.25
630,0.25
631,-0.25
632,-0.25
633,-0.25
634,-1.25
635,-0.25
636,-0.75
637,0.75
638,-0.75
639,1.25
640,0.25
641,3.75
642,-1.25
643,-3.25
644,-0.75
645,0.75
646,-0.25
647,1.25
648,-3.25
649,3.25
650,-0.25
651,0.75
652,-1.25
653,-0.25
654,0.75
655,-0.25
656,-0.25
657,-0.75
658,-0.25
659,0.75
660,-0.25
661,0.75
662,-0.75
663,0.75
664,-1.75
665,-0.75
666,0.25
667,0.75
668,-0.75
669,1.25
670,1.25
671,-0.25
672,-0.25
673,3.25
674,1.75
675,1.75
676,-0.75
677,-0.25
678,0.75
679,0.25
680,-3.25
681,-0.75
682,1.75
683,-0.75
684,-1.25
685,-0.25
686,-2.75
687,-0.25
688,-0.25
689,-0.75
690,0.75
691,-2.25
692,-2.75
693,0.25
694,1.25
695,0.75
696,-0.25
697,-0.25
698,-0.25
699,-0.75
700,-0.75
701,-0.75
702,-2.25
703,-0.75
704,-0.75
705,3.75
706,2.75
707,-0.25
708,0.25
709,0.25
710,-0.25
711,-0.25
712,-0.75
713,0.75
714,-0.75
715,-0.25
716,0.75
717,-0.75
718,0.75
719,0.75
720,1.75
721,2.25
722,-0.25
723,0.75
724,-0.75
725,-0.75
726,-0.75
727,-0.25
728,-1.75
729,-0.75
730,-0.25
731,0.25
732,2.25
733,2.25
734,-0.75
735,-0.75
736,-0.25
737,0.25
738,1.75
739,-0.25
740,-0.75
741,-0.25
742,-0.25
743,-0.75
744,-4.25
745,-0.75
746,-8.25
747,-0.75
748,0.25
749,-0.75
750,-0.75
751,2.75
752,1.25
753,0.75
754,-3.25
755,-2.25
756,-0.25
757,0.75
758,-1.75
759,0.75
760,-0.75
761,-1.75
762,1.25
763,2.75
764,-0.25
765,-2.25
766,-1.25
767,-0.75
768,-0.25
769,0.25
770,-0.75
771,-5.25
772,-0.25
773,-0.75
774,-0.75
775,-0.25
776,-0.75
777,-0.75
778,-0.25
779,0.75
780,0.75
781,-0.25
782,-0.25
783,1.25
784,-1.25
785,-0.25
786,3.75
787,0.75
788,1.25
789,0.25
790,0.75
791,-0.75
792,1.25
793,-6.25
794,-0.75
795,0.25
796,0.25
797,-0.25
798,-0.75
799,0.75
800,0.75
801,-0.75
802,1.75
803,0.75
804,0.75
805,-0.75
806,0.25
807,-0.75
808,-0.25
809,-0.25
810,-1.25
811,-8.25
812,-1.25
813,1.25
814,1.25
815,-0.25
816,-1.25
817,-0.25
818,0.75
819,-0.25
820,3.75
821,-0.25
822,0.75
823,0.25
824,-2.25
825,0.75
826,0.75
827,-0.75
828,-1.25
829,1.25
830,-1.25
831,-0.75
832,0.75
833,-0.25
834,-0.75
835,0.25
836,0.75
837,-0.25
838,-0.25
839,0.75
840,-0.75
841,-0.75
842,-0.25
843,-0.25
844,1.75
845,1.25
846,-0.75
847,0.75
848,-0.75
849,0.75
850,-0.25
851,-0.25
852,-0.75
853,-0.25
854,-0.25
855,-0.25
856,0.75
857,-0.25
858,-0.25
859,-0.25
860,2.25
861,-0.25
862,-0.25
863,-0.75
864,-2.25
865,1.25
866,-0.25
867,-2.75
868,-7.25
869,1.25
870,0.75
871,0.25
872,0.25
873,-0.25
874,-0.75
875,-0.75
876,-1.25
877,-0.25
878,-0.75
879,0.75
880,-0.25
881,0.25
882,0.75
883,1.75
884,3.75
885,0.75
886,-0.25
887,-0.75
888,-0.75
889,-0.75
890,-0.25
891,0.25
892,-0.75
893,-0.75
894,0.75
895,-0.75
896,0.75
897,2.25
898,-1.25
899,0.75
900,0.25
901,-0.75
902,-0.25
903,3.75
904,3.75
905,-0.25
906,0.75
907,-0.75
908,-0.25
909,-0.25
910,-0.75
911,0.25
912,1.75
913,-0.25
914,-0.25
915,0.75
916,-0.25
917,-0.75
918,4.25
919,-0.25
920,1.25
921,-0.75
922,-5.25
923,-0.25
924,-2.25
925,-0.75
926,1.75
927,-1.25
928,-1.25
929,-0.75
930,-0.75
931,2.25
932,-0.75
933,-1.25
934,-0.25
935,-0.75
936,3.25
937,0.25
938,0.75
939,1.75
940,-2.75
941,-0.75
942,1.25
943,-0.25
944,-0.25
945,-0.25
946,-0.25
947,0.75
948,1.75
949,-0.25
950,-0.25
951,0.75
952,-0.75
953,0.25
954,-0.75
955,-0.25
956,1.75
957,0.75
958,-0.75
959,-0.75
960,0.25
961,-0.75
962,-0.25
963,-0.25
964,0.25
965,-0.75
966,1.75
967,-0.75
968,-0.25
969,0.25
970,-0.75
971,-0.25
972,1.25
973,-0.25
974,-0.75
975,-0.25
976,0.75
977,-0.75
978,-0.25
979,-0.75
980,-0.75
981,-0.75
982,0.75
983,1.25
984,0.25
985,-0.25
986,0.75
987,0.25
988,-0.75
989,-0.25
990,0.25
991,-0.75
992,0.75
993,-0.25
994,-0.25
995,1.75
996,0.25
997,3.25
998,3.25
999,-0.75
1000,0.75
1001,2.25
1002,1.25
1003,-0.25
1004,-0.25
1005,0.75
1006,-0.75
1007,-0.25
1008,4.75
1009,-0.25
1010,0.75
1011,0.25
1012,-0.25
1013,0.25
1014,-0.25
1015,-0.25
1016,3.75
1017,1.75
1018,0.75
1019,-0.75
1020,-0.25
1021,3.25
1022,-0.25
1023,-0.25
1024,-0.75
1025,0.75
1026,-0.75
1027,0.75
1028,0.75
1029,2.75
1030,-1.75
1031,0.25
1032,1.75
1033,0.25
1034,0.75
1035,1.75
1036,-0.25
1037,0.75
1038,-0.75
1039,-0.75
1040,-0.25
1041,-0.75
1042,0.75
1043,-0.25
1044,-0.75
1045,-0.25
1046,0.75
1047,-0.25
1048,-0.25
1049,1.25
1050,-0.25
1051,-0.75
1052,-0.75
1053,-0.75
1054,2.75
1055,-0.25
1056,-0.75
1057,2.25
1058,-0.25
1059,-0.75
1060,-0.25
1061,-0.25
1062,-0.75
1063,-2.25
1064,-2.25
1065,-0.75
1066,0.25
1067,0.25
1068,-0.25
1069,-6.25
1070,-0.75
1071,-0.75
1072,-2.25
1073,1.75
1074,0.75
1075,0.75
1076,-0.25
1077,-0.75
1078,1.25
1079,4.25
1080,-0.75
1081,-0.25
1082,-4.25
1083,-0.75
1084,-0.75
1085,0.25
1086,0.25
1087,1.75
1088,-0.75
1089,-0.25
1090,4.75
1091,1.25
1092,-0.25
1093,-0.75
1094,1.25
1095,0.75
1096,1.25
1097,0.75
1098,-3.25
1099,-0.25
1100,0.75
1101,-0.25
1102,-0.75
1103,-0.75
1104,0.75
1105,0.75
1106,3.25
1107,-0.75
1108,0.25
1109,-0.25
1110,-0.25
1111,-4.25
1112,-0.25
1113,0.75
1114,-0.75
1115,1.75
1116,-0.75
1117,1.25
1118,1.75
1119,0.75
1120,0.75
1121,-0.75
1122,0.75
1123,-0.75
1124,-0.25
1125,1.25
1126,-0.25
1127,-0.75
1128,2.25
1129,2.75
1130,0.75
1131,-0.25
1132,1.75
1133,0.75
1134,0.25
1135,-0.75
1136,2.75
1137,1.75
1138,-0.75
1139,0.75
1140,-0.75
1141,0.25
1142,-2.75
1143,0.75
1144,2.25
1145,0.25
1146,-0.75
1147,2.25
1148,0.25
1149,1.75
1150,0.75
1151,-0.75
1152,1.25
1153,-0.75
1154,-0.75
1155,1.25
1156,-1.25
1157,-0.75
1158,-0.25
1159,-0.75
1160,0.25
1161,0.75
1162,3.75
1163,0.75
1164,0.75
1165,-1.25
1166,-0.75
1167,-0.75
1168,-0.25
1169,-0.75
1170,-0.25
1171,-0.75
1172,-0.75
1173,-0.25
1174,1.25
1175,0.25
1176,-0.75
1177,-0.75
1178,0.75
1179,-0.75
1180,0.75
1181,0.25
1182,-0.75
1183,-0.25
1184,1.75
1185,-0.75
1186,0.75
1187,1.75
1188,3.25
1189,1.75
1190,1.75
1191,0.75
1192,-0.75
1193,0.75
1194,0.25
1195,-1.25
1196,0.75
1197,-0.75
1198,-0.75
1199,0.75
1200,1.25
1201,-0.75
1202,0.25
1203,5.75
1204,-0.75
1205,3.25
1206,-0.25
1207,-0.75
1208,-0.25
1209,0.75
1210,-7.25
1211,-0.25
1212,0.75
1213,0.75
1214,-0.25
1215,0.25
1216,-0.75
1217,-0.25
1218,4.75
1219,-0.75
1220,-1.25
1221,-1.25
1222,-0.25
1223,-1.25
1224,2.25
1225,3.75
1226,0.75
1227,3.25
1228,-0.25
1229,-0.25
1230,-0.75
1231,0.75
1232,4.75
1233,-0.25
1234,0.75
1235,0.75
1236,5.75
1237,-0.75
1238,-0.75
1239,4.25
1240,-0.25
1241,-0.75
1242,-0.25
1243,3.25
1244,-2.25
1245,1.75
1246,-0.25
1247,1.75
1248,1.25
1249,2.75
1250,-0.75
1251,0.75
1252,0.75
1253,-0.25
1254,-0.25
1255,0.75
1256,-0.75
1257,-0.25
1258,0.75
1259,-0.75
1260,-0.25
1261,0.75
1262,-1.25
1263,0.25
1264,2.75
1265,-2.75
1266,-0.75
1267,-0.25
1268,1.75
1269,-0.25
1270,1.75
1271,-0.25
1272,-0.25
1273,-1.25
1274,-0.25
1275,-0.75
1276,-1.25
1277,-0.75
1278,-0.75
1279,0.75
1280,0.75
1281,-0.75
1282,1.25
1283,0.75
1284,-0.75
1285,-0.75
1286,-0.25
1287,-5.25
1288,0.75
1289,-0.75
1290,0.75
1291,1.25
1292,-0.25
1293,-1.25
1294,0.75
1295,-1.25
1296,-0.25
1297,1.25
1298,0.75
1299,0.25
1300,2.25
1301,1.25
1302,-0.25
1303,-2.75
1304,-0.25
1305,0.75
1306,2.75
1307,1.25
1308,0.25
1309,0.75
1310,-0.75
1311,-0.75
1312,0.75
1313,3.75
1314,-0.75
1315,2.75
1316,-1.75
1317,-0.25
1318,-0.25
1319,0.25
1320,-0.75
1321,-0.25
1322,-0.75
1323,1.75
1324,-0.75
1325,0.75
1326,-2.25
1327,-2.75
1328,0.25
1329,5.75
1330,0.25
1331,-1.75
1332,-0.25
1333,0.75
1334,-0.25
1335,-1.75
1336,4.25
1337,-0.75
1338,0.75
1339,-0.75
1340,-0.25
1341,-0.75
1342,5.25
1343,-0.25
1344,11.75
1345,3.25
1346,1.75
1347,-0.25
1348,0.75
1349,-2.25
1350,2.25
1351,-0.25
1352,0.75
1353,0.75
1354,0.75
1355,-0.75
1356,1.75
1357,-0.75
1358,1.25
1359,4.25
1360,0.25
1361,2.25
1362,3.25
1363,4.25
1364,0.75
1365,0.75
1366,0.75
1367,-0.25
1368,-0.75
1369,-0.25
1370,2.25
1371,-0.75
1372,-6.25
1373,-0.75
1374,0.75
1375,-0.75
1376,-0.75
1377,1.25
1378,0.75
1379,2.75
1380,-0.25
1381,-0.75
1382,-0.75
1383,-0.25
1384,0.75
1385,0.25
1386,0.75
1387,-0.25
1388,0.25
1389,1.25
1390,1.25
1391,-0.75
1392,2.25
1393,-0.75
1394,-0.75
1395,-0.75
1396,1.75
1397,-0.75
1398,-1.25
1399,2.25
1400,-0.75
1401,-0.25
1402,0.75
1403,4.25
1404,1.25
1405,-0.25
1406,-1.25
1407,-0.75
1408,-0.75
1409,-0.75
1410,4.75
1411,-0.25
1412,-0.75
1413,-1.25
1414,-0.75
1415,0.25
1416,-0.75
1417,-0.25
1418,2.75
1419,-0.25
1420,-1.75
1421,-0.25
1422,-0.25
1423,5.75
1424,2.75
1425,0.75
1426,1.25
1427,2.25
1428,-1.25
1429,-0.25
1430,-0.25
1431,-0.75
1432,-1.25
1433,0.75
1434,1.25
1435,0.75
1436,2.75
1437,-0.75
1438,1.25
1439,2.25
1440,0.75
1441,-0.75
1442,1.75
1443,2.75
1444,-0.75
1445,-0.25
1446,0.75
1447,-0.25
1448,-0.25
1449,-0.25
1450,0.25
1451,-0.75
1452,-1.25
1453,-0.25
1454,1.25
1455,-2.25
1456,12.25
1457,-0.25
1458,0.25
1459,-1.25
1460,0.25
1461,1.75
1462,1.75
1463,-0.75
1464,1.25
1465,-0.75
1466,4.75
1467,-0.75
1468,1.75
1469,-0.25
1470,-1.25
1471,1.75
1472,0.25
1473,1.25
1474,1.75
1475,-3.75
1476,0.75
1477,0.25
1478,0.25
1479,-0.75
1480,0.75
1481,-0.75
1482,-0.75
1483,0.75
1484,1.25
1485,0.25
1486,-2.75
1487,1.75
1488,-5.25
1489,0.75
1490,0.25
1491,1.75
1492,-0.25
1493,-1.25
1494,-0.75
1495,0.25
1496,-4.25
1497,9.75
1498,-1.75
1499,0.75
1500,3.75
1501,-0.25
1502,-0.25
1503,1.25
1504,0.75
1505,-0.25
1506,-0.25
1507,-0.25
1508,6.25
1509,10.25
1510,-0.25
1511,2.75
1512,0.75
1513,3.25
1514,2.25
1515,2.75
1516,0.75
1517,-0.75
1518,9.75
1519,0.75
1520,-0.25
1521,-0.75
1522,3.25
1523,-0.75
1524,-0.75
1525,0.75
1526,0.75
1527,8.25
1528,4.75
1529,0.25
1530,0.25
1531,0.75
1532,0.75
1533,0.75
1534,0.25
1535,1.75
1536,3.75
1537,-0.75
1538,-0.25
1539,0.75
1540,0.75
1541,-0.25
1542,1.25
1543,-0.75
1544,-0.75
1545,0.75
1546,0.75
1547,0.75
1548,-0.75
1549,-0.75
1550,-0.75
1551,5.25
1552,0.75
1553,5.25
1554,2.75
1555,0.25
1556,1.75
1557,0.25
1558,0.75
1559,12.75
1560,1.75
1561,0.75
1562,11.5
1563,0.25
1564,0.25
1565,0.75
1566,1.25
1567,3.25
1568,-0.25
1569,0.75
1570,0.25
1571,0.25
1572,2.75
1573,0.75
1574,0.25
1575,0.25
1576,-0.75
1577,0.75
1578,-0.25
1579,0.75
1580,-0.25
1581,2.75
1582,2.25
1583,3.75
1584,-0.25
1585,1.75
1586,-3.25
1587,-0.75
1588,-4.25
1589,-0.25
1590,-0.75
1591,6.75
1592,0.75
1593,0.25
1594,6.25
1595,0.75
1596,1.75
1597,4.75
1598,2.25
1599,-0.25
1600,-0.75
1601,1.25
1602,0.75
1603,1.75
1604,-2.25
1605,-1.75
1606,1.75
1607,1.75
1608,4.75
1609,-1.75
1610,1.25
1611,4.25
1612,-0.25
1613,0.75
1614,3.75
1615,7.25
1616,0.75
1617,-0.75
1618,0.75
1619,0.75
1620,-0.25
1621,1.75
1622,-0.75
1623,-0.25
1624,0.75
1625,-1.25
1626,-0.25
1627,5.75
1628,0.25
1629,-0.75
1630,3.75
1631,0.25
1632,0.75
1633,1.25
1634,3.25
1635,3.75
1636,-0.25
1637,-9.75
1638,0.25
1639,2.25
1640,2.25
1641,1.25
1642,-0.25
1643,-0.75
1644,-0.75
1645,1.75
1646,-0.25
1647,0.25
1648,-0.75
1649,1.25
1650,-0.75
1651,2.75
1652,-0.25
1653,2.25
1654,-0.75
1655,-3.25
1656,0.75
1657,0.25
1658,1.25
1659,-1.25
1660,3.75
1661,1.25
1662,2.75
1663,0.25
1664,5.75
1665,-0.25
1666,2.25
1667,-1.75
1668,0.25
1669,3.25
1670,0.75
1671,-0.75
1672,-9.75
1673,-4.25
1674,0.75
1675,0.75
1676,-0.25
1677,2.25
1678,0.25
1679,0.75
1680,4.25
1681,-0.75
1682,0.75
1683,-1.25
1684,6.25
1685,0.75
1686,2.75
1687,-0.75
1688,-0.75
1689,-0.25
1690,-1.25
1691,0.75
1692,0.75
1693,-0.75
1694,-0.75
1695,-1.25
1696,1.25
1697,0.25
1698,0.75
1699,8.25
1700,6.75
1701,9.25
1702,2.75
1703,10.25
1704,1.75
1705,0.75
1706,1.25
1707,10.75
1708,0.75
1709,8.25
1710,-5.25
1711,1.75
1712,-0.75
1713,-2.25
1714,0.75
1715,0.75
1716,2.75
1717,-2.25
1718,7.75
1719,1.25
1720,2.75
1721,-2.25
1722,2.25
1723,0.75
1724,-0.25
1725,3.25
1726,15.5
1727,-3.25
1728,-0.75
1729,-0.25
1730,1.25
1731,2.25
1732,1.25
1733,0.75
1734,1.75
1735,1.75
1736,1.75
1737,-3.25
1738,2.75
1739,-0.25
1740,-0.25
1741,5.75
1742,1.75
1743,-1.25
1744,2.25
1745,-0.25
1746,3.25
1747,-40.25
1748,2.75
1749,2.25
1750,-2.25
1751,0.75
1752,3.75
1753,-0.75
1754,3.25
1755,-0.75
1756,-0.75
1757,-0.25
1758,0.25
1759,5.25
1760,-1.25
1761,-1.25
1762,-0.75
1763,-36.75
1764,1.75
1765,4.25
1766,3.25
1767,0.75
1768,5.25
1769,-0.75
1770,-0.75
1771,-8.25
1772,-1.75
1773,0.75
1774,-0.25
1775,2.75
1776,-0.75
1777,-7.25
1778,1.25
1779,0.75
1780,0.25
1781,2.25
1782,7.25
1783,5.25
1784,-0.75
1785,-1.25
1786,-0.25
1787,-0.25
1788,-2.25
1789,0.75
1790,-0.75
1791,1.25
1792,-0.25
1793,-2.25
1794,0.75
1795,16.75
1796,2.25
1797,-1.25
1798,-0.75
1799,-0.75
1800,1.75
1801,13.75
1802,-0.25
1803,8.25
1804,-0.25
1805,3.75
1806,2.25
1807,0.75
1808,2.25
1809,0.75
1810,-2.75
1811,0.75
1812,0.75
1813,2.75
1814,0.75
1815,1.25
1816,2.75
1817,-0.25
1818,2.25
1819,-0.25
1820,-0.25
1821,-0.75
1822,3.25
1823,-0.25
1824,13.5
1825,1.25
1826,-0.25
1827,-0.75
1828,3.25
1829,0.75
1830,0.75
1831,1.25
1832,1.75
1833,1.25
1834,-0.75
1835,0.25
1836,0.25
1837,12.75
1838,-17.25
1839,3.75
1840,-7.75
1841,0.75
1842,-0.75
1843,-0.25
1844,12.0
1845,3.75
1846,-0.25
1847,2.75
1848,6.25
1849,-0.25
1850,7.75
1851,-0.75
1852,-0.25
1853,2.75
1854,-0.75
1855,-0.25
1856,0.75
1857,-5.25
1858,0.75
1859,0.75
1860,-0.75
1861,-0.25
1862,12.75
1863,0.25
1864,0.25
1865,-6.25
1866,0.75
1867,-0.25
1868,1.25
1869,0.75
1870,0.75
1871,0.25
1872,4.25
1873,1.75
1874,0.25
1875,10.25
1876,-1.75
1877,-0.75
1878,-0.75
1879,1.75
1880,0.75
1881,0.75
1882,2.25
1883,0.75
1884,3.25
1885,0.75
1886,-0.25
1887,0.75
1888,-5.25
1889,-0.75
1890,-0.25
1891,-5.25
1892,-0.75
1893,14.5
1894,-2.25
1895,6.25
1896,8.75
1897,-0.75
1898,-0.25
1899,3.25
1900,-0.25
1901,2.75
1902,0.75
1903,4.25
1904,-1.75
1905,-2.75
1906,1.25
1907,-0.75
1908,1.75
1909,-0.25
1910,0.25
1911,10.25
1912,0.75
1913,0.25
1914,-2.75
1915,-0.75
1916,1.75
1917,-0.25
1918,-0.75
1919,1.25
1920,0.75
1921,12.75
1922,4.25
1923,0.25
1924,-0.75
1925,0.25
1926,-0.25
1927,-18.25
1928,1.25
1929,0.75
1930,1.75
1931,0.75
1932,1.25
1933,1.75
1934,1.25
1935,0.75
1936,-0.75
1937,0.75
1938,-0.25
1939,-0.25
1940,-0.25
1941,0.75
1942,0.75
1943,0.25
1944,2.25
1945,0.25
1946,1.25
1947,-0.75
1948,-1.25
1949,1.25
1950,-0.25
1951,2.25
1952,5.75
1953,0.25
1954,-0.25
1955,0.25
1956,-0.75
1957,4.25
1958,2.75
1959,0.25
1960,3.75
1961,-0.25
1962,-0.25
1963,-0.25
1964,-0.25
1965,0.25
1966,4.25
1967,0.25
1968,-0.75
1969,-0.75
1970,-0.25
1971,-3.25
1972,-2.25
1973,-0.25
1974,1.25
1975,-0.25
1976,0.75
1977,-0.25
1978,-0.25
1979,1.25
1980,-0.75
1981,0.25
1982,3.75
1983,-0.25
1984,2.75
1985,3.25
1986,-0.25
1987,-2.25
1988,-0.75
1989,-0.25
1990,2.25
1991,-1.75
1992,-0.75
1993,1.25
1994,0.75
1995,1.25
1996,1.25
1997,0.75
1998,0.75
1999,0.25
2000,2.75
2001,-1.75
2002,1.25
2003,1.75
2004,0.75
2005,-11.75
2006,-5.25
2007,3.75
2008,2.25
2009,-0.75
2010,-0.25
2011,3.25
2012,-0.75
2013,-1.25
2014,3.75
2015,-0.75
2016,-1.75
2017,1.25
2018,1.75
2019,0.75
2020,-0.75
2021,0.75
2022,4.25
2023,1.25
2024,-2.25
2025,-0.75
2026,0.75
2027,-0.25
2028,-0.75
2029,2.25
2030,7.75
2031,9.75
2032,0.75
2033,0.75
2034,-0.75
2035,0.25
2036,-0.25
2037,0.25
2038,0.75
2039,1.25
2040,3.75
2041,0.75
2042,0.75
2043,0.25
2044,-0.75
2045,0.75
2046,-0.75
2047,0.75
2048,0.75
2049,-2.75
2050,1.75
2051,3.75
2052,0.75
2053,1.75
2054,0.25
2055,0.75
2056,0.75
2057,3.25
2058,-1.75
2059,1.25
2060,0.75
2061,-0.75
2062,-0.25
2063,3.25
2064,-0.25
2065,0.75
2066,0.75
2067,-0.75
2068,-2.75
2069,2.25
2070,-0.75
2071,1.75
2072,0.25
2073,-0.25
2074,0.75
2075,4.75
2076,-0.25
2077,0.75
2078,-0.25
2079,10.75
2080,0.75
2081,5.25
2082,1.75
2083,0.25
2084,-0.75
2085,-1.25
2086,0.75
2087,0.75
2088,2.25
2089,0.75
2090,0.75
2091,0.75
2092,-0.25
2093,0.25
2094,-0.25
2095,3.25
2096,-0.75
2097,2.25
2098,-0.25
2099,-1.25
2100,2.25
2101,-0.75
2102,1.25
2103,1.75
2104,1.75
2105,0.25
2106,-5.25
2107,-0.75
2108,0.75
2109,2.75
2110,0.25
2111,0.75
2112,-0.75
2113,6.25
2114,1.25
2115,2.75
2116,-0.25
2117,0.75
2118,0.75
2119,-0.75
2120,-2.75
2121,1.25
2122,-1.75
2123,1.25
2124,1.75
2125,-0.25
2126,0.75
2127,-0.25
2128,0.75
2129,3.75
2130,0.75
2131,1.75
2132,-0.75
2133,1.75
2134,-0.75
2135,0.75
2136,-0.25
2137,-0.75
2138,3.75
2139,1.25
2140,0.75
2141,-0.75
2142,0.75
2143,-0.25
2144,-0.75
2145,0.75
2146,5.25
2147,0.25
2148,0.75
2149,-0.25
2150,0.75
2151,-0.25
2152,-0.75
2153,1.25
2154,0.75
2155,1.75
2156,-0.75
2157,-0.75
2158,-0.75
2159,1.75
2160,7.25
2161,15.25
2162,-0.75
2163,-0.25
2164,1.75
2165,-0.75
2166,-0.75
2167,-0.25
2168,4.75
2169,-0.75
2170,0.75
2171,-0.75
2172,-0.75
2173,2.25
2174,0.75
2175,-0.25
2176,2.25
2177,4.25
2178,-3.25
2179,3.75
2180,2.25
2181,1.25
2182,2.75
2183,0.75
2184,-0.75
2185,0.75
2186,0.75
2187,1.75
2188,-1.25
2189,0.25
2190,4.25
2191,-1.25
2192,1.25
2193,-0.75
2194,0.75
2195,17.75
2196,6.25
2197,-0.25
2198,1.75
2199,3.25
2200,-0.25
2201,-0.25
2202,-2.75
2203,-2.25
2204,0.25
2205,2.25
2206,-6.25
2207,-0.75
2208,-0.25
2209,0.75
2210,-0.75
2211,0.25
2212,2.25
2213,-0.75
2214,-1.25
2215,-3.75
2216,-2.75
2217,1.75
2218,1.25
2219,0.75
2220,-2.75
2221,0.75
2222,0.25
2223,0.75
2224,3.75
2225,-0.25
2226,-0.75
2227,0.75
2228,2.75
2229,0.25
2230,1.75
2231,5.25
2232,3.75
2233,-0.25
2234,2.75
2235,-2.75
2236,0.75
2237,0.75
2238,0.75
2239,0.75
2240,6.25
2241,-0.75
2242,0.25
2243,2.75
2244,1.25
2245,0.75
2246,0.75
2247,4.75
2248,2.75
2249,8.25
2250,1.25
2251,0.25
2252,1.25
2253,0.75
2254,14.25
2255,0.75
2256,0.75
2257,0.25
2258,-0.25
2259,1.25
2260,2.75
2261,0.75
2262,-1.25
2263,-0.25
2264,-10.25
2265,-1.25
2266,-0.25
2267,2.25
2268,1.75
2269,-0.25
2270,3.75
2271,5.25
2272,-0.25
2273,-0.25
2274,1.25
2275,0.75
2276,0.75
2277,-0.75
2278,6.25
2279,0.75
2280,6.75
2281,-1.25
2282,-0.25
2283,-2.25
2284,-0.25
2285,-0.75
2286,-4.25
2287,1.75
2288,-0.75
2289,4.75
2290,3.25
2291,-0.75
2292,-0.75
2293,3.75
2294,2.75
2295,-0.25
2296,-0.75
2297,0.25
2298,0.25
2299,0.75
2300,0.75
2301,-0.75
2302,1.75
2303,0.25
2304,0.75
2305,1.25
2306,6.25
2307,1.25
2308,7.25
2309,0.75
2310,-0.25
2311,-15.25
2312,-0.25
2313,-0.75
2314,1.25
2315,16.75
2316,7.75
2317,-0.25
2318,-0.25
2319,-0.75
2320,-0.25
2321,-0.75
2322,-3.25
2323,-0.75
2324,3.25
2325,-0.25
2326,0.75
2327,-0.75
2328,-0.75
2329,1.25
2330,-0.75
2331,0.75
2332,-0.25
2333,2.25
2334,-0.25
2335,0.75
2336,0.25
2337,-0.25
2338,-0.25
2339,-7.25
2340,0.25
2341,-0.75
2342,-0.25
2343,0.75
2344,-0.75
2345,-0.25
2346,-0.75
2347,-0.25
2348,-1.25
2349,-5.25
2350,-1.25
2351,0.75
2352,2.75
2353,1.75
2354,0.25
2355,-0.75
2356,-0.25
2357,3.75
2358,-0.25
2359,-0.75
2360,10.75
2361,0.75
2362,-9.25
2363,-1.75
2364,0.75
2365,9.25
2366,-3.25
2367,-0.75
2368,-0.25
2369,12.75
2370,4.25
2371,9.25
2372,3.25
2373,1.25
2374,2.75
2375,1.75
2376,-0.25
2377,2.75
2378,0.75
2379,0.75
2380,-1.25
2381,1.75
2382,-0.25
2383,3.25
2384,-0.75
2385,2.75
2386,5.75
2387,0.75
2388,-8.25
2389,1.75
2390,1.75
2391,2.25
2392,-0.25
2393,0.25
2394,-0.75
2395,3.25
2396,-0.75
2397,6.75
2398,7.75
2399,0.75
2400,0.75
2401,3.25
2402,-0.25
2403,3.25
2404,-1.25
2405,-0.75
2406,-0.25
2407,-0.25
2408,-0.75
2409,8.25
2410,-2.25
2411,0.75
2412,0.75
2413,0.75
2414,-0.75
2415,3.75
2416,13.75
2417,0.25
2418,1.75
2419,-0.75
2420,0.75
2421,-0.75
2422,1.75
2423,-0.25
2424,1.25
2425,2.25
2426,22.75
2427,-0.75
2428,4.25
2429,0.75
2430,3.25
2431,0.75
2432,-7.75
2433,3.25
2434,-0.75
2435,-1.75
2436,-5.25
2437,-2.75
2438,1.75
2439,0.75
2440,0.75
2441,14.0
2442,2.75
2443,2.25
2444,1.25
2445,-0.25
2446,-4.75
2447,-12.75
2448,4.25
2449,12.25
2450,17.75
2451,-0.75
2452,-0.25
2453,3.75
2454,1.25
2455,1.75
2456,-5.25
2457,-0.25
2458,0.75
2459,7.25
2460,1.25
2461,2.75
2462,0.75
2463,-0.25
2464,0.25
2465,2.75
2466,-0.75
2467,5.25
2468,0.75
2469,-0.25
2470,-0.25
2471,1.75
2472,2.25
2473,1.25
2474,1.25
2475,1.75
2476,-0.75
2477,0.75
2478,0.25
2479,-0.75
2480,3.75
2481,0.25
2482,6.75
2483,0.75
2484,-0.75
2485,-3.25
2486,-0.25
2487,15.25
2488,8.25
2489,-0.75
2490,0.75
2491,0.75
2492,5.75
2493,3.25
2494,-0.75
2495,1.75
2496,0.75
2497,5.25
2498,2.75
2499,1.25
2500,1.25
2501,0.75
2502,-0.25
2503,-0.25
2504,0.75
2505,0.75
2506,-0.25
2507,-0.75
2508,0.75
2509,1.25
2510,1.75
2511,2.25
2512,7.25
2513,-9.25
2514,6.25
2515,1.25
2516,23.75
2517,29.75
2518,-0.25
2519,1.75
2520,9.75
2521,-13.25
2522,8.25
2523,0.75
2524,0.25
2525,3.25
2526,-0.25
2527,0.25
2528,-0.75
2529,-0.25
2530,20.5
2531,-2.25
2532,-0.75
2533,-0.25
2534,3.25
2535,-0.25
2536,-0.25
2537,3.25
2538,0.75
2539,0.75
2540,-0.75
2541,-0.75
2542,4.75
2543,0.75
2544,-1.25
2545,-0.25
2546,-0.75
2547,-0.25
2548,0.75
2549,-0.25
2550,3.25
2551,0.75
2552,-0.75
2553,0.75
2554,12.5
2555,-0.75
2556,0.75
2557,3.75
2558,15.75
2559,-0.75
2560,-0.75
2561,12.0
2562,-8.25
2563,0.75
2564,1.25
2565,-0.25
2566,-1.25
2567,-0.75
2568,-0.25
2569,1.75
2570,1.25
2571,-0.25
2572,2.75
2573,13.5
2574,16.25
2575,6.75
2576,-6.75
2577,12.25
2578,1.75
2579,-6.25
2580,-0.75
2581,-0.25
2582,-0.25
2583,12.25
2584,11.25
2585,9.25
2586,-2.25
2587,1.75
2588,-0.25
2589,2.75
2590,0.75
2591,0.75
2592,-0.25
2593,-7.25
2594,2.25
2595,-0.25
2596,2.75
2597,0.75
2598,-6.75
2599,-0.75
2600,1.75
2601,-0.25
2602,4.75
2603,8.25
2604,-0.25
2605,5.25
2606,-0.25
2607,-0.25
2608,10.0
2609,-0.25
2610,1.75
2611,5.75
2612,-0.75
2613,0.75
2614,2.25
2615,5.25
2616,12.0
2617,3.25
2618,0.25
2619,3.75
2620,-0.75
2621,2.75
2622,-0.25
2623,-0.75
2624,-0.25
2625,-12.75
2626,-11.25
2627,5.25
2628,-2.25
2629,-0.25
2630,2.25
2631,0.75
2632,16.75
2633,12.0
2634,-1.25
2635,8.75
2636,1.25
2637,1.75
2638,-0.75
2639,19.0
2640,13.0
2641,-0.75
2642,0.75
2643,1.25
2644,0.75
2645,3.75
2646,-6.25
2647,1.75
2648,2.75
2649,0.25
2650,1.75
2651,15.25
2652,1.25
2653,0.25
2654,-1.25
2655,-0.25
2656,0.75
2657,6.75
2658,-1.25
2659,8.25
2660,0.75
2661,-0.25
2662,-0.25
2663,29.0
2664,-2.25
2665,0.25
2666,1.75
2667,2.75
2668,-2.25
2669,14.25
2670,3.25
2671,12.75
2672,-0.75
2673,-0.25
2674,12.0
2675,17.0
2676,2.25
2677,-0.75
2678,-1.25
2679,1.25
2680,8.75
2681,2.75
2682,7.25
2683,-4.75
2684,-0.75
2685,-0.25
2686,18.0
2687,1.75
2688,-7.25
2689,3.25
2690,1.75
2691,-37.25
2692,14.75
2693,0.75
2694,-0.75
2695,10.5
2696,-0.75
2697,16.25
2698,-3.75
2699,12.75
2700,1.75
2701,2.25
2702,-6.75
2703,-1.25
2704,2.25
2705,-2.25
2706,1.75
2707,-0.75
2708,0.75
2709,-2.25
2710,-0.25
2711,21.5
2712,-0.25
2713,-1.25
2714,0.75
2715,0.25
2716,-0.25
2717,-1.25
2718,-1.25
2719,-0.25
2720,-4.75
2721,1.75
2722,0.25
2723,-0.25
2724,3.25
2725,-0.25
2726,2.25
2727,0.75
2728,7.25
2729,0.75
2730,8.25
2731,20.5
2732,-0.25
2733,8.0
2734,3.25
2735,-0.75
2736,18.0
2737,0.75
2738,-10.25
2739,0.25
2740,-2.75
2741,-0.75
2742,17.75
2743,0.75
2744,6.75
2745,2.25
2746,0.25
2747,1.25
2748,2.75
2749,1.75
2750,1.25
2751,-5.75
2752,-0.25
2753,-0.75
2754,0.75
2755,-6.75
2756,4.25
2757,0.75
2758,7.25
2759,-0.25
2760,0.75
2761,-0.75
2762,6.25
2763,16.5
2764,0.25
2765,-22.25
2766,-10.75
2767,1.75
2768,5.75
2769,0.75
2770,-1.25
2771,-0.75
2772,4.25
2773,2.25
2774,-6.75
2775,2.25
2776,-0.75
2777,-0.25
2778,0.75
2779,0.25
2780,-0.25
2781,26.0
2782,-0.75
2783,1.75
2784,-1.25
2785,0.25
2786,-0.75
2787,0.75
2788,0.75
2789,0.25
2790,-1.25
2791,0.25
2792,0.75
2793,-1.75
2794,3.75
2795,4.25
2796,-7.25
2797,0.25
2798,1.75
2799,-0.25
2800,-1.25
2801,0.75
2802,3.25
2803,0.75
2804,2.25
2805,3.75
2806,4.25
2807,-0.25
2808,12.75
2809,-1.25
2810,-1.25
2811,-0.25
2812,0.25
2813,24.0
2814,0.5
2815,0.75
2816,-0.25
2817,1.25
2818,3.75
2819,11.25
2820,6.25
2821,9.25
2822,2.75
2823,12.25
2824,5.25
2825,4.75
2826,0.75
2827,4.25
2828,0.75
2829,12.0
2830,-0.75
2831,0.25
2832,0.75
2833,-0.25
2834,-0.75
2835,0.75
2836,6.25
2837,14.5
2838,-0.25
2839,1.75
2840,-1.25
2841,-2.25
2842,-4.75
2843,-0.25
2844,7.25
2845,3.75
2846,-0.25
2847,1.75
2848,2.25
2849,-0.25
2850,4.0
2851,11.25
2852,-0.25
2853,-0.25
2854,-0.25
2855,-3.25
2856,-0.25
2857,6.25
2858,-0.75
2859,-0.25
2860,0.25
2861,0.25
2862,-0.25
2863,-1.25
2864,6.75
2865,1.25
2866,0.25
2867,0.25
2868,3.25
2869,2.75
2870,0.75
2871,0.75
2872,7.75
2873,-1.75
2874,-12.25
2875,2.25
2876,-0.25
2877,15.5
2878,-0.75
2879,3.25
2880,1.25
2881,-0.25
2882,1.75
2883,-0.25
2884,0.75
2885,2.25
2886,0.75
2887,-12.75
2888,0.25
2889,5.25
2890,1.25
2891,8.75
2892,3.25
2893,-4.25
2894,2.75
2895,1.75
2896,-4.25
2897,21.0
2898,2.75
2899,-8.25
2900,10.5
2901,0.25
2902,5.0
2903,2.25
2904,2.0
2905,-3.75
2906,-0.75
2907,-0.25
2908,3.75
2909,-0.25
2910,0.75
2911,0.75
2912,1.25
2913,33.25
2914,-0.75
2915,0.5
2916,3.75
2917,19.5
2918,-2.25
2919,2.75
2920,1.25
2921,0.75
2922,0.25
2923,-0.25
2924,-2.25
2925,-0.25
2926,0.75
2927,10.75
2928,-0.25
2929,0.75
2930,-0.25
2931,18.25
2932,1.25
2933,-6.75
2934,-2.25
2935,3.25
2936,2.75
2937,-0.75
2938,-3.75
2939,-2.25
2940,0.75
2941,3.25
2942,1.75
2943,20.0
2944,-0.25
2945,0.75
2946,5.75
2947,-0.75
2948,5.75
2949,1.75
2950,2.25
2951,-2.25
2952,-20.25
2953,-0.25
2954,-0.25
2955,1.25
2956,3.25
2957,14.0
2958,8.25
2959,-7.25
2960,-0.25
2961,0.75
2962,-2.75
2963,-11.75
2964,16.75
2965,0.75
2966,-2.25
2967,-2.75
2968,-1.25
2969,1.75
2970,1.25
2971,-0.25
2972,0.25
2973,0.25
2974,-0.75
2975,-2.25
2976,2.75
2977,0.75
2978,0.75
2979,0.75
2980,0.75
2981,1.25
2982,4.25
2983,0.75
2984,0.75
2985,-0.75
2986,0.75
2987,0.75
2988,-2.75
2989,2.75
2990,-0.25
2991,-1.25
2992,-0.75
2993,-0.25
2994,5.25
2995,-0.25
2996,4.25
2997,9.25
2998,0.25
2999,-0.25
3000,1.25
3001,0.75
3002,12.75
3003,-0.25
3004,0.75
3005,2.25
3006,0.75
3007,-5.25
3008,12.5
3009,4.25
3010,-11.75
3011,2.25
3012,0.75
3013,4.25
3014,2.25
3015,2.25
3016,-0.25
3017,0.75
3018,0.25
3019,-10.25
3020,-38.75
3021,0.75
3022,-1.75
3023,10.5
3024,0.75
3025,1.25
3026,-0.75
3027,23.5
3028,-0.75
3029,0.75
3030,6.25
3031,2.75
3032,-0.75
3033,-1.25
3034,-0.25
3035,9.75
3036,3.75
3037,-0.75
3038,0.25
3039,-0.25
3040,-0.25
3041,-4.75
3042,1.25
3043,14.25
3044,-2.25
3045,19.75
3046,0.75
3047,3.25
3048,-1.25
3049,-2.25
3050,0.75
3051,-1.25
3052,0.25
3053,10.25
3054,2.25
3055,0.75
3056,-9.25
3057,0.75
3058,0.75
3059,3.25
3060,3.75
3061,4.75
3062,-0.25
3063,0.75
3064,3.75
3065,-0.25
3066,-0.75
3067,-0.75
3068,0.25
3069,0.75
3070,0.75
3071,-0.25
3072,0.25
3073,-2.25
3074,3.75
3075,8.25
3076,3.75
3077,-0.75
3078,0.75
3079,0.25
3080,2.25
3081,2.25
3082,-1.25
3083,4.25
3084,8.75
3085,1.25
3086,0.75
3087,0.75
3088,-0.75
3089,0.75
3090,2.25
3091,2.25
3092,16.75
3093,1.75
3094,3.25
3095,0.75
3096,2.75
3097,1.75
3098,-0.75
3099,-0.25
3100,-0.25
3101,-0.75
3102,0.75
3103,0.75
3104,0.25
3105,-0.25
3106,-0.25
3107,-1.25
3108,4.75
3109,0.75
3110,-5.25
3111,-0.25
3112,4.25
3113,13.0
3114,4.25
3115,-0.75
3116,0.75
3117,0.75
3118,13.0
3119,-0.25
3120,-0.75
3121,15.5
3122,7.25
3123,1.75
3124,0.25
3125,0.25
3126,-3.25
3127,-0.75
3128,-2.75
3129,-0.75
3130,-0.75
3131,5.75
3132,0.75
3133,0.75
3134,6.75
3135,0.75
3136,1.75
3137,2.75
3138,-0.25
3139,9.25
3140,0.75
3141,9.25
3142,6.75
3143,-0.75
3144,0.75
3145,3.75
3146,-0.25
3147,-0.75
3148,3.25
3149,0.25
3150,3.25
3151,1.75
3152,-0.75
3153,16.5
3154,20.5
3155,0.25
3156,0.25
3157,1.75
3158,0.25
3159,-0.25
3160,-0.25
3161,-0.25
3162,3.25
3163,-8.25
3164,0.75
3165,2.25
3166,16.25
3167,0.75
3168,-2.25
3169,0.75
3170,2.75
3171,5.75
3172,-0.25
3173,14.75
3174,4.75
3175,-0.25
3176,-0.25
3177,-0.25
3178,1.75
3179,-0.25
3180,2.25
3181,2.75
3182,2.25
3183,-0.25
3184,0.25
3185,-0.25
3186,2.25
3187,0.75
3188,6.75
3189,6.75
3190,0.75
3191,-0.75
3192,7.75
3193,-11.25
3194,-2.25
3195,1.25
3196,-0.25
3197,1.75
3198,0.75
3199,5.75
3200,0.75
3201,-9.25
3202,1.25
3203,1.75
3204,12.75
3205,0.25
3206,-1.25
3207,2.25
3208,-0.25
3209,-0.25
3210,-0.25
3211,-4.25
3212,-0.25
3213,1.75
3214,2.25
3215,-1.25
3216,-0.75
3217,3.25
3218,18.75
3219,-5.25
3220,3.25
3221,23.0
3222,2.75
3223,3.25
3224,-1.25
3225,0.25
3226,1.75
3227,6.75
3228,0.75
3229,1.25
3230,-0.75
3231,-1.25
3232,0.25
3233,-0.25
3234,-2.25
3235,0.75
3236,-0.75
3237,2.25
3238,11.0
3239,-5.25
3240,4.5
3241,7.0
3242,-0.25
3243,15.25
3244,-0.25
3245,-18.0
3246,0.75
3247,-0.25
3248,0.75
3249,-0.25
3250,-0.75
3251,4.25
3252,0.75
3253,16.5
3254,-0.25
3255,-0.25
3256,11.25
3257,2.25
3258,1.25
3259,-0.75
3260,-11.25
3261,-0.75
3262,-0.25
3263,0.75
3264,0.75
3265,-0.25
3266,-0.25
3267,0.75
3268,-19.25
3269,2.25
3270,2.25
3271,0.75
3272,0.75
3273,-0.75
3274,-0.75
3275,-0.25
3276,2.75
3277,0.75
3278,0.75
3279,2.25
3280,12.5
3281,3.75
3282,0.75
3283,3.25
3284,-0.25
3285,-0.25
3286,2.25
3287,0.75
3288,2.75
3289,0.25
3290,-0.75
3291,5.25
3292,14.75
3293,0.75
3294,1.25
3295,-11.25
3296,1.25
3297,3.75
3298,-1.25
3299,1.25
3300,0.75
3301,-1.25
3302,0.75
3303,1.75
3304,1.75
3305,-11.75
3306,-0.75
3307,3.75
3308,-0.25
3309,0.75
3310,-14.25
3311,-13.75
3312,4.75
3313,17.5
3314,-0.75
3315,3.25
3316,2.25
3317,-0.75
3318,5.75
3319,4.25
3320,6.75
3321,1.25
3322,1.75
3323,0.25
3324,-12.75
3325,-3.75
3326,-0.75
3327,22.5
3328,1.75
3329,1.25
3330,1.75
3331,-1.25
3332,30.0
3333,1.25
3334,-0.75
3335,-0.75
3336,2.25
3337,2.75
3338,4.25
3339,5.25
3340,-0.75
3341,8.75
3342,3.25
3343,0.75
3344,-0.75
3345,-0.25
3346,-0.75
3347,-0.25
3348,-1.25
3349,0.75
3350,-0.25
3351,0.75
3352,-6.25
3353,-0.25
3354,3.75
3355,-2.75
3356,2.75
3357,0.25
3358,1.25
3359,-0.25
3360,-4.75
3361,4.75
3362,-0.75
3363,-0.75
3364,-0.75
3365,0.75
3366,3.25
3367,0.75
3368,-0.25
3369,-4.25
3370,-0.25
3371,-6.75
3372,-6.25
3373,5.25
3374,-0.25
3375,3.25
3376,-0.25
3377,5.75
3378,2.75
3379,-0.75
3380,0.75
3381,0.75
3382,5.25
3383,-0.25
3384,1.75
3385,0.75
3386,2.25
3387,0.75
3388,-0.75
3389,0.75
3390,0.75
3391,2.25
3392,3.75
3393,-2.25
3394,3.25
3395,0.75
3396,-0.75
3397,-0.75
3398,13.75
3399,0.75
3400,1.75
3401,0.75
3402,0.75
3403,-0.25
3404,-0.25
3405,1.75
3406,19.0
3407,-0.25
3408,-1.25
3409,-1.25
3410,-5.25
3411,5.75
3412,0.75
3413,0.75
3414,-0.25
3415,1.25
3416,0.75
3417,-31.75
3418,0.25
3419,0.75
3420,0.75
3421,-1.75
3422,-0.75
3423,22.0
3424,0.25
3425,1.75
3426,0.75
3427,0.25
3428,0.25
3429,-0.25
3430,1.25
3431,10.25
3432,0.75
3433,-0.75
3434,-0.75
3435,-0.25
3436,1.25
3437,-0.25
3438,0.75
3439,0.75
3440,0.25
3441,18.0
3442,-0.25
3443,2.25
3444,2.25
3445,9.25
3446,1.75
3447,1.25
3448,12.0
3449,1.25
3450,-5.75
3451,16.5
3452,-0.25
3453,2.75
3454,8.25
3455,0.25
3456,0.75
3457,2.25
3458,2.25
3459,2.25
3460,-0.75
3461,2.75
3462,1.75
3463,0.25
3464,5.25
3465,-0.75
3466,-1.25
3467,-10.25
3468,2.75
3469,0.75
3470,-0.75
3471,-2.25
3472,2.25
3473,-3.75
3474,-0.75
3475,0.75
3476,0.75
3477,3.75
3478,10.25
3479,0.75
3480,6.75
3481,-2.25
3482,0.75
3483,18.0
3484,0.75
3485,2.25
3486,-0.25
3487,4.25
3488,0.75
3489,1.75
3490,0.75
3491,4.25
3492,4.25
3493,-1.25
3494,3.25
3495,-0.25
3496,-1.25
3497,-0.75
3498,-0.25
3499,1.25
3500,2.25
3501,21.5
3502,1.75
3503,0.75
3504,-0.25
3505,0.25
3506,-0.25
3507,3.75
3508,-0.25
3509,-0.75
3510,0.75
3511,2.25
3512,0.75
3513,-1.75
3514,0.75
3515,0.25
3516,0.75
3517,-0.25
3518,9.5
3519,0.75
3520,0.75
3521,3.25
3522,-0.75
3523,-1.75
3524,-0.75
3525,-0.75
3526,-0.75
3527,1.25
3528,-0.75
3529,0.75
3530,-0.75
3531,0.25
3532,9.25
3533,-0.25
3534,-0.25
3535,0.75
3536,0.75
3537,4.25
3538,0.75
3539,-3.25
3540,0.75
3541,-5.75
3542,14.0
3543,0.75
3544,0.75
3545,0.75
3546,0.25
3547,0.75
3548,-0.75
3549,-0.25
3550,0.75
3551,-0.75
3552,0.75
3553,0.75
3554,0.75
3555,-0.25
3556,1.75
3557,-4.25
3558,17.25
3559,0.75
3560,0.75
3561,0.75
3562,-0.75
3563,0.25
3564,0.75
3565,-0.75
3566,-0.75
3567,0.25
3568,-11.75
3569,2.25
3570,1.75
3571,1.25
3572,13.5
3573,12.5
3574,7.75
3575,0.75
3576,-2.75
3577,0.25
3578,1.25
3579,-0.75
3580,2.25
3581,1.75
3582,-8.75
3583,-0.25
3584,14.0
3585,1.75
3586,13.5
3587,-0.75
3588,-0.25
3589,2.75
3590,1.75
3591,0.75
3592,12.0
3593,0.75
3594,-0.25
3595,0.75
3596,1.25
3597,0.75
3598,2.25
3599,21.0
3600,0.75
3601,-1.25
3602,-11.25
3603,2.25
3604,-0.25
3605,11.75
3606,0.75
3607,1.25
3608,1.75
3609,0.75
3610,-2.75
3611,-1.25
3612,-2.75
3613,0.75
3614,11.75
3615,-4.25
3616,3.75
3617,-0.25
3618,2.75
3619,3.25
3620,6.25
3621,-21.75
3622,-0.75
3623,2.25
3624,-2.25
3625,12.0
3626,18.75
3627,-0.75
3628,5.25
3629,16.25
3630,2.25
3631,0.75
3632,11.5
3633,3.25
3634,0.25
3635,2.75
3636,0.75
3637,1.25
3638,11.75
3639,-0.25
3640,0.75
3641,3.25
3642,0.75
3643,-3.25
3644,0.75
3645,0.25
3646,-8.75
3647,1.25
3648,0.75
3649,-0.75
3650,-0.25
3651,2.25
3652,6.75
3653,-0.25
3654,-0.75
3655,0.75
3656,0.75
3657,-0.75
3658,-0.75
3659,0.75
3660,0.75
3661,11.75
3662,4.25
3663,-5.25
3664,-0.75
3665,-2.75
3666,1.75
3667,0.75
3668,-0.75
3669,0.75
3670,-0.75
3671,-0.25
3672,-0.75
3673,-0.75
3674,0.75
3675,1.75
3676,0.25
3677,-0.75
3678,-7.25
3679,4.75
3680,4.75
3681,2.25
3682,0.75
3683,0.75
3684,7.75
3685,13.5
3686,2.75
3687,0.25
3688,-1.25
3689,-0.75
3690,-0.25
3691,-6.25
3692,8.25
3693,0.25
3694,-0.75
3695,-0.75
3696,-1.25
3697,2.25
3698,1.75
3699,27.0
3700,0.25
3701,-0.25
3702,0.75
3703,-25.75
3704,-0.25
3705,0.75
3706,0.75
3707,-0.25
3708,5.25
3709,2.75
3710,-0.25
3711,4.25
3712,0.25
3713,1.25
3714,2.25
3715,-0.25
3716,-13.75
3717,-0.75
3718,-1.25
3719,2.75
3720,-0.75
3721,-1.75
3722,-0.25
3723,3.75
3724,-0.75
3725,-0.75
3726,0.75
3727,0.75
3728,2.75
3729,11.0
3730,6.25
3731,2.25
3732,-0.25
3733,-2.75
3734,4.25
3735,2.25
3736,-0.75
3737,1.75
3738,-0.25
3739,13.0
3740,3.25
3741,1.75
3742,2.25
3743,1.75
3744,-2.25
3745,35.0
3746,19.0
3747,3.25
3748,9.75
3749,-21.25
3750,10.25
3751,12.5
3752,-0.75
3753,-0.75
3754,3.25
3755,1.75
3756,-3.25
3757,2.75
3758,1.75
3759,-0.25
3760,0.75
3761,0.25
3762,14.25
3763,19.0
3764,-0.75
3765,2.25
3766,-0.25
3767,9.25
3768,-0.75
3769,11.25
3770,13.0
3771,-0.25
3772,1.75
3773,-1.25
3774,0.75
3775,26.0
3776,1.25
3777,4.75
3778,0.75
3779,2.75
3780,2.75
3781,1.75
3782,0.75
3783,0.75
3784,1.75
3785,-3.25
3786,-0.75
3787,0.75
3788,2.75
3789,1.75
3790,-4.25
3791,0.75
3792,-1.25
3793,1.75
3794,-1.25
3795,2.25
3796,-0.75
3797,2.25
3798,-0.75
3799,0.75
3800,-0.75
3801,0.75
3802,13.5
3803,-0.25
3804,-1.75
3805,0.75
3806,5.75
3807,4.25
3808,0.75
3809,2.25
3810,-5.25
3811,0.75
3812,-1.25
3813,-0.75
3814,20.0
3815,-0.25
3816,-0.75
3817,-0.75
3818,3.25
3819,5.75
3820,2.25
3821,0.75
3822,1.25
3823,2.75
3824,1.25
3825,-0.75
3826,0.75
3827,3.75
3828,-0.25
3829,0.75
3830,0.25
3831,-0.75
3832,0.75
3833,-0.25
3834,-0.75
3835,-3.25
3836,6.25
3837,2.75
3838,25.0
3839,-0.25
3840,-9.25
3841,0.25
3842,2.75
3843,0.25
3844,29.5
3845,1.75
3846,-1.25
3847,-0.75
3848,-0.25
3849,-7.75
3850,0.75
3851,13.25
3852,0.75
3853,2.75
3854,-1.75
3855,1.75
3856,-0.75
3857,3.25
3858,3.75
3859,0.75
3860,1.25
3861,-0.25
3862,11.25
3863,-0.25
3864,3.25
3865,-0.75
3866,-0.75
3867,0.75
3868,-2.75
3869,-0.75
3870,8.75
3871,0.75
3872,-0.25
3873,12.75
3874,-0.25
3875,9.0
3876,2.75
3877,2.25
3878,1.25
3879,0.75
3880,2.75
3881,-0.75
3882,-0.25
3883,2.75
3884,0.25
3885,0.25
3886,-1.25
3887,12.25
3888,-1.75
3889,12.0
3890,2.25
3891,19.5
3892,-0.75
3893,-0.25
3894,-0.25
3895,0.75
3896,-0.25
3897,-1.25
3898,0.75
3899,3.75
3900,7.75
3901,-3.75
3902,0.75
3903,-0.75
3904,4.25
3905,1.75
3906,32.5
3907,-0.25
3908,3.75
3909,1.25
3910,1.25
3911,2.75
3912,1.25
3913,1.75
3914,4.75
3915,-0.75
3916,-0.75
3917,-4.25
3918,-0.25
3919,0.25
3920,0.75
3921,-2.0
3922,2.25
3923,-1.25
3924,-0.75
3925,-7.25
3926,-4.25
3927,-3.25
3928,0.75
3929,-0.75
3930,0.25
3931,8.0
3932,2.25
3933,2.75
3934,0.75
3935,-2.75
3936,5.25
3937,0.75
3938,0.25
3939,0.75
3940,-0.25
3941,-6.0
3942,-1.25
3943,2.25
3944,6.25
3945,3.75
3946,5.0
3947,2.25
3948,-0.25
3949,2.25
3950,18.25
3951,-0.75
3952,2.25
3953,0.75
3954,0.25
3955,14.25
3956,1.25
3957,5.25
3958,-2.25
3959,-0.25
3960,2.75
3961,13.0
3962,0.25
3963,28.0
3964,-7.75
3965,4.25
3966,34.5
3967,4.25
3968,2.75
3969,0.75
3970,1.75
3971,1.75
3972,18.0
3973,-0.75
3974,3.75
3975,1.25
3976,0.75
3977,-2.75
3978,19.0
3979,-2.75
3980,1.75
3981,3.75
3982,2.75
3983,2.25
3984,17.0
3985,2.25
3986,1.75
3987,6.25
3988,0.75
3989,3.25
3990,0.75
3991,5.75
3992,0.75
3993,-0.25
3994,6.75
3995,-1.25
3996,-0.25
3997,3.25
3998,-8.75
3999,-0.25
4000,2.75
4001,-0.75
4002,0.25
4003,1.25
4004,0.75
4005,8.25
4006,-2.25
4007,-0.75
4008,1.75
4009,-0.75
4010,-9.25
4011,0.75
4012,19.5
4013,-9.75
4014,-35.5
4015,12.5
4016,-0.75
4017,12.25
4018,22.5
4019,1.75
4020,3.25
4021,0.25
4022,2.25
4023,-0.25
4024,19.0
4025,-2.75
4026,2.25
4027,1.75
4028,-0.75
4029,1.75
4030,-0.25
4031,0.75
4032,0.75
4033,-0.75
4034,1.75
4035,10.75
4036,-0.25
4037,0.75
4038,1.25
4039,2.75
4040,17.0
4041,13.75
4042,0.75
4043,3.75
4044,7.25
4045,1.75
4046,-0.25
4047,-1.25
4048,1.75
4049,0.75
4050,-0.25
4051,0.75
4052,12.75
4053,0.75
4054,0.75
4055,0.75
4056,-7.25
4057,-0.25
4058,2.25
4059,0.25
4060,2.25
4061,-9.25
4062,1.75
4063,2.25
4064,-0.75
4065,-2.75
4066,7.25
4067,-1.25
4068,0.75
4069,-7.75
4070,-6.25
4071,2.75
4072,-2.25
4073,-1.25
4074,-20.75
4075,0.75
4076,2.25
4077,1.75
4078,19.5
4079,0.75
4080,-0.25
4081,21.5
4082,2.25
4083,-0.75
4084,0.75
4085,1.25
4086,-0.25
4087,-0.75
4088,-0.75
4089,-0.25
4090,-0.25
4091,-18.75
4092,-0.75
4093,-0.25
4094,-0.25
4095,2.25
4096,13.5
4097,1.75
4098,-0.25
4099,12.0
4100,3.25
4101,7.25
4102,-0.25
4103,0.75
4104,-3.25
4105,-0.25
4106,-0.75
4107,6.25
4108,-0.75
4109,1.25
4110,0.75
4111,-0.25
4112,-0.25
4113,0.75
4114,8.25
4115,2.75
4116,11.0
4117,-0.25
4118,-0.25
4119,0.75
4120,3.25
4121,4.75
4122,1.75
4123,-0.25
4124,-0.25
4125,-1.25
4126,7.75
4127,0.75
4128,1.75
4129,0.75
4130,10.0
4131,2.75
4132,0.75
4133,0.75
4134,18.5
4135,1.75
4136,5.75
4137,18.75
4138,2.25
4139,1.25
4140,0.25
4141,-0.25
4142,-0.75
4143,3.25
4144,0.75
4145,0.75
4146,6.25
4147,9.75
4148,10.75
4149,-0.75
4150,13.0
4151,-0.25
4152,-0.75
4153,0.25
4154,4.25
4155,-1.25
4156,-0.25
4157,-0.25
4158,-0.25
4159,2.25
4160,0.25
4161,-4.25
4162,1.75
4163,-0.25
4164,2.75
4165,-7.75
4166,0.25
4167,1.25
4168,1.75
4169,0.75
4170,-0.75
4171,0.25
4172,0.75
4173,-0.75
4174,-0.75
4175,0.75
4176,2.75
4177,-0.25
4178,14.25
4179,0.75
4180,3.25
4181,-0.75
4182,1.25
4183,3.75
4184,-0.75
4185,-2.25
4186,1.75
4187,1.75
4188,0.75
4189,2.25
4190,1.25
4191,-5.75
4192,-0.25
4193,2.75
4194,0.25
4195,15.25
4196,4.75
4197,-1.25
4198,2.25
4199,1.25
4200,0.75
4201,-0.25
4202,2.25
4203,-0.75
4204,0.25
4205,-0.25
4206,2.25
4207,0.75
4208,6.75
4209,-11.25
4210,-0.75
4211,1.25
4212,2.75
4213,1.25
4214,12.0
4215,13.0
4216,0.25
4217,11.0
4218,-0.25
4219,3.25
4220,0.75
4221,-14.25
4222,-11.25
4223,-7.25
4224,1.75
4225,3.75
4226,0.75
4227,-2.25
4228,0.25
4229,-0.75
4230,1.75
4231,0.25
4232,20.0
4233,-0.25
4234,2.25
4235,7.25
4236,1.25
4237,-0.25
4238,6.25
4239,2.25
4240,11.25
4241,-1.25
4242,-0.75
4243,-2.25
4244,-0.75
4245,-0.75
4246,3.75
4247,1.25
4248,1.25
4249,0.75
4250,-4.75
4251,-1.75
4252,0.75
4253,-0.75
4254,-0.25
4255,5.25
4256,0.75
4257,0.25
4258,-0.25
4259,2.25
4260,-0.75
4261,-0.75
4262,3.75
4263,0.75
4264,3.25
4265,0.25
4266,-0.75
4267,-0.25
4268,-0.75
4269,-22.25
4270,0.75
4271,1.25
4272,3.75
4273,0.75
4274,2.25
4275,1.75
4276,1.75
4277,14.0
4278,2.75
4279,3.75
4280,1.25
4281,-3.25
4282,0.25
4283,-0.75
4284,12.5
4285,0.75
4286,-0.25
4287,-1.25
4288,-1.25
4289,3.75
4290,1.25
4291,0.25
4292,0.25
4293,-2.25
4294,0.75
4295,-0.75
4296,2.75
4297,4.25
4298,0.25
4299,0.75
4300,0.25
4301,-0.75
4302,0.75
4303,0.75
4304,-0.75
4305,0.25
4306,-7.25
4307,-0.25
4308,0.25
4309,1.25
4310,3.25
4311,0.25
4312,-0.25
4313,-2.75
4314,0.25
4315,6.75
4316,-0.75
4317,0.75
4318,3.75
4319,0.75
4320,-3.75
4321,-0.25
4322,1.75
4323,-1.25
4324,6.25
4325,-0.75
4326,-0.75
4327,-5.25
4328,-1.75
4329,3.25
4330,-22.25
4331,-0.75
4332,1.75
4333,-2.25
4334,0.75
4335,-0.75
4336,0.75
4337,19.5
4338,3.75
4339,0.75
4340,-0.25
4341,6.75
4342,-1.25
4343,-0.75
4344,-0.25
4345,0.75
4346,-0.75
4347,-0.25
4348,-0.25
4349,-0.25
4350,0.75
4351,2.75
4352,-8.75
4353,0.75
4354,-15.25
4355,1.25
4356,0.75
4357,-0.25
4358,-1.75
4359,14.0
4360,2.75
4361,-0.25
4362,-0.25
4363,-0.25
4364,-0.25
4365,0.75
4366,-0.75
4367,0.25
4368,-0.75
4369,-0.25
4370,0.25
4371,-4.75
4372,0.25
4373,0.75
4374,0.25
4375,-0.75
4376,2.25
4377,14.5
4378,-0.25
4379,-16.75
4380,0.75
4381,2.25
4382,0.75
4383,0.75
4384,0.75
4385,14.75
4386,3.75
4387,3.25
4388,-0.25
4389,0.25
4390,-0.75
4391,0.75
4392,1.75
4393,-2.25
4394,-0.75
4395,1.75
4396,0.25
4397,6.75
4398,1.75
4399,0.75
4400,-0.75
4401,-0.25
4402,3.75
4403,-0.25
4404,-0.25
4405,-1.25
4406,2.75
4407,3.25
4408,0.75
4409,5.25
4410,12.0
4411,0.75
4412,3.75
4413,-2.25
4414,-1.25
4415,-0.75
4416,-1.75
4417,-0.75
4418,1.25
4419,0.75
4420,-1.75
4421,0.75
4422,12.75
4423,-0.75
4424,-3.25
4425,13.75
4426,0.75
4427,21.5
4428,-0.75
4429,1.75
4430,2.75
4431,-3.25
4432,-0.25
4433,-0.25
4434,1.75
4435,0.25
4436,0.75
4437,-0.25
4438,-0.25
4439,2.25
4440,2.75
4441,-1.25
4442,-1.75
4443,-0.75
4444,-0.25
4445,1.25
4446,0.75
4447,1.25
4448,0.75
4449,-0.75
4450,0.75
4451,-1.25
4452,1.25
4453,6.75
4454,-0.75
4455,-0.75
4456,0.25
4457,-0.25
4458,-5.25
4459,0.75
4460,0.25
4461,-2.75
4462,0.25
4463,-1.25
4464,0.25
4465,-3.25
4466,3.75
4467,0.75
4468,5.25
4469,-1.25
4470,-0.25
4471,3.75
4472,0.75
4473,-0.25
4474,3.25
4475,0.25
4476,2.25
4477,-1.75
4478,-0.25
4479,18.75
4480,-0.75
4481,0.75
4482,0.75
4483,8.75
4484,0.75
4485,3.25
4486,-0.25
4487,-0.25
4488,-5.25
4489,-0.75
4490,-0.25
4491,-0.25
4492,0.75
4493,-0.25
4494,4.25
4495,-0.25
4496,-0.75
4497,0.25
4498,3.25
4499,-0.25
4500,6.75
4501,-1.25
4502,3.25
4503,1.25
4504,2.25
4505,0.25
4506,-0.25
4507,-0.75
4508,1.25
4509,0.25
4510,-0.75
4511,-0.75
4512,-0.25
4513,0.25
4514,1.25
4515,3.75
4516,-7.25
4517,0.75
4518,1.75
4519,3.25
4520,-3.25
4521,0.75
4522,-8.75
4523,0.75
4524,-3.75
4525,0.25
4526,1.25
4527,-16.75
4528,2.25
4529,1.75
4530,1.25
4531,3.25
4532,3.75
4533,-0.75
4534,10.25
4535,2.75
4536,0.75
4537,12.75
4538,-1.25
4539,0.75
4540,-0.75
4541,-0.75
4542,0.75
4543,-0.75
4544,0.75
4545,4.25
4546,2.25
4547,-0.25
4548,-2.25
4549,0.75
4550,-0.75
4551,1.75
4552,-0.75
4553,21.25
4554,0.25
4555,0.75
4556,-0.75
4557,-0.25
4558,-0.25
4559,13.75
4560,1.75
4561,2.25
4562,1.25
4563,3.75
4564,-0.75
4565,-1.75
4566,-0.75
4567,0.25
4568,2.75
4569,-0.75
4570,0.25
4571,0.25
4572,2.25
4573,8.25
4574,0.75
4575,-4.75
4576,-4.25
4577,2.25
4578,-1.25
4579,0.75
4580,11.75
4581,1.25
4582,-4.25
4583,-2.25
4584,1.75
4585,-0.25
4586,6.25
4587,0.75
4588,0.75
4589,-0.25
4590,-0.25
4591,1.75
4592,0.25
4593,1.25
4594,3.75
4595,-5.25
4596,0.75
4597,-0.25
4598,19.25
4599,0.75
4600,4.75
4601,2.25
4602,4.75
4603,0.25
4604,5.75
4605,0.75
4606,15.75
4607,-2.75
4608,3.75
4609,2.75
4610,8.25
4611,-5.75
4612,1.25
4613,-0.75
4614,1.75
4615,-0.75
4616,1.25
4617,2.25
4618,14.75
4619,-0.25
4620,2.25
4621,1.75
4622,0.25
4623,7.25
4624,-0.25
4625,6.75
4626,6.25
4627,2.25
4628,4.75
4629,3.75
4630,-0.25
4631,11.25
4632,5.25
4633,-0.75
4634,9.75
4635,-0.25
4636,6.25
4637,0.25
4638,0.75
4639,0.75
4640,9.0
4641,3.25
4642,8.75
4643,0.75
4644,-0.75
4645,0.75
4646,-1.25
4647,3.75
4648,12.0
4649,2.25
4650,3.75
4651,2.75
4652,4.75
4653,-0.75
4654,0.75
4655,-3.25
4656,-0.25
4657,1.25
4658,1.25
4659,-0.25
4660,-0.25
4661,-0.25
4662,1.75
4663,-0.75
4664,3.75
4665,-2.25
4666,4.25
4667,-0.75
4668,12.25
4669,-0.25
4670,0.75
4671,7.25
4672,-0.75
4673,2.75
4674,0.75
4675,-2.75
4676,-0.25
4677,-0.25
4678,4.25
4679,2.75
4680,13.0
4681,0.25
4682,-0.25
4683,2.75
4684,0.75
4685,-3.75
4686,4.25
4687,-0.25
4688,9.25
4689,-1.25
4690,-0.75
4691,0.75
4692,-0.25
4693,23.0
4694,-1.25
4695,-0.25
4696,3.25
4697,-2.25
4698,-1.25
4699,7.25
4700,-0.75
4701,2.75
4702,1.75
4703,2.25
4704,0.75
4705,-7.25
4706,-0.75
4707,12.5
4708,3.75
4709,-0.25
4710,-0.75
4711,-0.25
4712,-2.75
4713,9.25
4714,3.25
4715,1.25
4716,4.75
4717,0.75
4718,2.25
4719,-2.25
4720,10.0
4721,0.75
4722,7.75
4723,-2.25
4724,3.25
4725,-0.75
4726,0.25
4727,6.75
4728,-0.25
4729,1.25
4730,1.75
4731,6.75
4732,5.75
4733,-1.75
4734,0.75
4735,-0.75
4736,13.0
4737,4.75
4738,-0.25
4739,-0.25
4740,0.75
4741,1.75
4742,7.25
4743,0.75
4744,-0.25
4745,9.75
4746,-0.25
4747,-0.75
4748,7.75
4749,23.0
4750,-0.25
4751,0.75
4752,-3.25
4753,-0.25
4754,-2.75
4755,-0.75
4756,0.75
4757,0.75
4758,1.25
4759,2.75
4760,1.75
4761,3.25
4762,-0.25
4763,10.5
4764,-0.75
4765,-0.25
4766,-13.25
4767,18.25
4768,2.75
4769,0.25
4770,2.25
4771,1.75
4772,3.75
4773,-0.75
4774,-0.75
4775,0.75
4776,3.25
4777,0.75
4778,0.75
4779,2.25
4780,-0.25
4781,16.25
4782,20.5
4783,5.25
4784,7.75
4785,-0.25
4786,21.0
4787,3.25
4788,-0.25
4789,-10.25
4790,2.75
4791,8.0
4792,-0.25
4793,-4.25
4794,0.75
4795,0.25
4796,-0.75
4797,-4.25
4798,3.75
4799,4.25
4800,3.75
4801,-1.25
4802,-1.25
4803,7.25
4804,-0.25
4805,-3.25
4806,-1.75
4807,2.75
4808,2.75
4809,5.75
4810,-0.25
4811,0.75
4812,0.75
4813,2.25
4814,1.75
4815,-1.25
4816,1.75
4817,1.25
4818,1.75
4819,-0.75
4820,-5.75
4821,-0.25
4822,-1.75
4823,10.75
4824,-0.25
4825,0.75
4826,-4.25
4827,12.0
4828,1.75
4829,3.75
4830,-0.75
4831,-1.25
4832,7.25
4833,-1.25
4834,-0.75
4835,-0.25
4836,12.75
4837,-13.25
4838,-1.25
4839,-0.25
4840,-1.75
4841,1.75
4842,0.25
4843,-0.75
4844,3.75
4845,-0.25
4846,0.75
4847,0.75
4848,-0.25
4849,-3.25
4850,0.75
4851,14.0
4852,-8.25
4853,-0.25
4854,-1.25
4855,19.0
4856,3.75
4857,-0.25
4858,-0.25
4859,2.25
4860,13.5
4861,0.75
4862,-8.25
4863,0.75
4864,0.75
4865,-0.75
4866,16.5
4867,1.25
4868,-0.75
4869,0.75
4870,10.0
4871,0.25
4872,2.75
4873,25.5
4874,-0.25
4875,-6.75
4876,0.75
4877,0.75
4878,19.25
4879,-0.25
4880,0.75
4881,13.0
4882,21.0
4883,3.25
4884,-6.75
4885,-0.25
4886,-0.25
4887,-2.25
4888,-0.25
4889,5.25
4890,0.25
4891,-13.25
4892,1.75
4893,-2.25
4894,-0.25
4895,6.25
4896,-0.75
4897,8.5
4898,1.75
4899,-0.25
4900,-0.75
4901,0.75
4902,17.5
4903,0.25
4904,0.75
4905,1.75
4906,-0.75
4907,0.25
4908,-0.75
4909,-0.25
4910,0.25
4911,13.5
4912,0.25
4913,0.75
4914,4.25
4915,25.5
4916,27.75
4917,2.75
4918,0.75
4919,0.75
4920,1.75
4921,-0.75
4922,18.5
4923,2.75
4924,18.25
4925,0.25
4926,-0.75
4927,-0.75
4928,4.75
4929,17.0
4930,-0.25
4931,19.25
4932,-0.75
4933,0.75
4934,-0.25
4935,-0.25
4936,1.25
4937,3.75
4938,-3.25
4939,15.0
4940,20.0
4941,1.75
4942,-0.25
4943,0.75
4944,16.5
4945,25.5
4946,10.5
4947,-2.75
4948,0.75
4949,15.5
4950,-5.75
4951,3.25
4952,12.5
4953,-0.75
4954,-2.25
4955,3.25
4956,11.75
4957,7.75
4958,1.75
4959,3.75
4960,0.75
4961,-0.75
4962,-0.25
4963,3.75
4964,3.75
4965,3.25
4966,-0.75
4967,9.25
4968,9.25
4969,-9.25
4970,0.75
4971,-2.25
4972,-7.25
4973,-0.25
4974,-6.25
4975,1.25
4976,-13.75
4977,-55.5
4978,11.25
4979,-0.25
4980,12.0
4981,3.75
4982,22.5
4983,0.75
4984,0.75
4985,0.75
4986,6.5
4987,-0.25
4988,3.75
4989,2.25
4990,24.0
4991,1.25
4992,-1.25
4993,6.75
4994,2.25
4995,3.25
4996,27.5
4997,2.25
4998,0.75
4999,1.75
5000,2.75
5001,1.25
5002,2.75
5003,7.25
5004,13.5
5005,-0.25
5006,12.0
5007,0.75
5008,1.75
5009,6.25
5010,0.75
5011,-0.25
5012,0.25
5013,-1.25
5014,-0.25
5015,-0.75
5016,18.75
5017,9.25
5018,0.75
5019,-4.75
5020,0.75
5021,-6.25
5022,0.75
5023,2.25
5024,-2.25
5025,-2.75
5026,2.75
5027,-0.25
5028,8.0
5029,-7.25
5030,0.25
5031,-2.25
5032,-1.75
5033,1.75
5034,0.75
5035,20.0
5036,0.75
5037,1.25
5038,2.75
5039,1.75
5040,-2.75
5041,1.25
5042,-1.25
5043,1.25
5044,15.5
5045,-31.25
5046,-0.25
5047,-4.25
5048,0.25
5049,0.75
5050,-0.75
5051,-8.25
5052,3.25
5053,27.25
5054,-0.25
5055,2.25
5056,0.75
5057,-3.75
5058,12.0
5059,-0.25
5060,1.25
5061,0.75
5062,-2.25
5063,-5.25
5064,-1.25
5065,1.75
5066,0.75
5067,0.25
5068,2.25
5069,-13.25
5070,12.0
5071,-1.25
5072,3.25
5073,0.75
5074,-0.25
5075,-7.25
5076,-0.25
5077,-0.25
5078,-1.25
5079,-5.25
5080,-0.75
5081,-2.75
5082,0.75
5083,-0.25
5084,4.5
5085,3.25
5086,1.25
5087,3.25
5088,0.25
5089,1.75
5090,-8.75
5091,1.25
5092,-2.75
5093,0.75
5094,0.25
5095,13.0
5096,0.75
5097,-1.25
5098,0.75
5099,-0.75
5100,-0.75
5101,0.25
5102,10.25
5103,8.25
5104,-0.25
5105,4.25
5106,0.75
5107,-0.25
5108,3.25
5109,-10.25
5110,1.25
5111,-0.75
5112,10.75
5113,-0.25
5114,-1.25
5115,0.75
5116,0.75
5117,0.75
5118,11.25
5119,-0.25
5120,0.75
5121,18.0
5122,0.25
5123,-2.25
5124,-0.25
5125,2.75
5126,1.25
5127,0.75
5128,0.75
5129,0.75
5130,0.75
5131,7.25
5132,2.75
5133,-2.25
5134,2.25
5135,-7.25
5136,-1.75
5137,2.25
5138,1.25
5139,9.75
5140,-1.25
5141,-0.75
5142,-0.75
5143,0.75
5144,-0.25
5145,-0.75
5146,11.75
5147,2.75
5148,1.75
5149,3.75
5150,2.75
5151,-2.25
5152,3.25
5153,0.75
5154,10.25
5155,0.75
5156,-0.25
5157,2.75
5158,-0.25
5159,-2.75
5160,2.25
5161,-0.75
5162,-2.25
5163,3.75
5164,1.75
5165,-8.25
5166,16.5
5167,-0.75
5168,14.5
5169,0.75
5170,-0.75
5171,-0.25
5172,11.0
5173,14.25
5174,-0.25
5175,4.25
5176,-32.75
5177,-0.75
5178,1.75
5179,1.75
5180,4.25
5181,1.75
5182,1.75
5183,-0.75
5184,-3.25
5185,-0.25
5186,0.75
5187,24.25
5188,6.75
5189,13.5
5190,-0.75
5191,-7.0
5192,0.25
5193,0.25
5194,12.25
5195,-11.25
5196,-12.75
5197,14.25
5198,12.5
5199,1.25
5200,15.75
5201,0.75
5202,-0.75
5203,-0.75
5204,-0.75
5205,14.75
5206,2.75
5207,-6.25
5208,3.75
5209,-0.75
5210,-0.75
5211,-0.75
5212,-0.75
5213,1.75
5214,0.75
5215,1.25
5216,-0.25
5217,6.75
5218,0.75
5219,-0.25
5220,-0.75
5221,3.25
5222,2.75
5223,2.75
5224,0.25
5225,1.25
5226,-0.75
5227,1.25
5228,1.25
5229,-1.25
5230,2.75
5231,-0.75
5232,2.25
5233,1.75
5234,-0.25
5235,-0.25
5236,0.75
5237,4.75
5238,0.75
5239,10.25
5240,-3.25
5241,-0.75
5242,-0.75
5243,-2.25
5244,-4.25
5245,0.25
5246,1.25
5247,0.75
5248,-0.75
5249,1.25
5250,-0.25
5251,-0.25
5252,-9.25
5253,1.25
5254,0.75
5255,0.75
5256,-0.25
5257,0.25
5258,0.75
5259,5.25
5260,3.25
5261,3.25
5262,0.25
5263,0.75
5264,-0.25
5265,-5.75
5266,2.75
5267,0.75
5268,1.25
5269,12.75
5270,-0.75
5271,1.75
5272,0.75
5273,0.75
5274,1.75
5275,0.75
5276,-0.25
5277,-35.75
5278,0.75
5279,-0.75
5280,-0.75
5281,-3.25
5282,14.0
5283,-0.25
5284,1.75
5285,-1.75
5286,7.75
5287,1.75
5288,-0.25
5289,3.25
5290,-6.25
5291,0.75
5292,0.75
5293,0.75
5294,2.75
5295,-0.25
5296,-0.25
5297,0.25
5298,1.25
5299,2.75
5300,0.75
5301,0.75
5302,5.25
5303,-0.25
5304,-0.75
5305,-0.75
5306,0.75
5307,-0.25
5308,5.75
5309,8.25
5310,-0.25
5311,-0.25
5312,0.75
5313,-0.25
5314,-0.25
5315,0.75
5316,0.75
5317,-0.75
5318,-0.25
5319,-0.75
5320,0.75
5321,12.0
5322,0.25
5323,0.75
5324,-2.75
5325,-0.25
5326,0.75
5327,0.75
5328,0.75
5329,0.75
5330,0.75
5331,0.75
5332,-1.25
5333,0.75
5334,-0.25
5335,-0.75
5336,0.75
5337,0.75
5338,1.75
5339,3.75
5340,2.25
5341,0.25
5342,-0.75
5343,3.25
5344,0.75
5345,-0.25
5346,2.25
5347,0.75
5348,0.75
5349,-1.75
5350,1.25
5351,0.75
5352,0.25
5353,-0.75
5354,1.75
5355,-0.25
5356,-0.75
5357,2.75
5358,-0.75
5359,-1.25
5360,-0.25
5361,0.25
5362,-0.75
5363,-0.75
5364,-7.25
5365,-0.25
5366,0.25
5367,0.75
5368,0.25
5369,-0.25
5370,1.25
5371,-0.25
5372,1.25
5373,2.25
5374,1.25
5375,0.75
5376,-0.75
5377,-0.25
5378,0.75
5379,0.75
5380,0.25
5381,1.25
5382,-0.75
5383,0.75
5384,0.75
5385,1.75
5386,-0.75
5387,18.5
5388,0.25
5389,0.75
5390,5.25
5391,-0.75
5392,0.75
5393,0.75
5394,0.25
5395,-0.75
5396,0.75
5397,2.25
5398,0.25
5399,-0.75
5400,-0.25
5401,0.75
5402,2.75
5403,0.25
5404,-0.25
5405,-0.75
5406,0.25
5407,1.25
5408,-0.75
5409,-6.25
5410,0.75
5411,5.75
5412,-0.25
5413,-0.75
5414,0.75
5415,-0.75
5416,1.25
5417,1.75
5418,-0.25
5419,0.75
5420,0.75
5421,2.25
5422,-0.25
5423,-0.25
5424,1.75
5425,-0.75
5426,0.75
5427,-0.25
5428,0.25
5429,2.25
5430,-0.75
5431,-0.75
5432,4.75
5433,-0.75
5434,-0.75
5435,1.25
5436,-0.75
5437,1.25
5438,-0.75
5439,-0.25
5440,-0.25
5441,1.25
5442,-0.25
5443,1.25
5444,0.75
5445,0.75
5446,1.75
5447,1.25
5448,-0.75
5449,10.75
5450,0.75
5451,-0.25
5452,5.25
5453,-0.75
5454,10.5
5455,-0.25
5456,5.25
5457,3.25
5458,2.25
5459,4.25
5460,-0.75
5461,-0.25
5462,0.75
5463,-0.25
5464,4.25
5465,-4.25
5466,-0.75
5467,-0.75
5468,8.25
5469,2.25
5470,2.75
5471,-0.25
5472,3.75
5473,-0.75
5474,-0.75
5475,5.75
5476,4.75
5477,-0.25
5478,-0.75
5479,-0.25
5480,-0.75
5481,0.75
5482,-3.25
5483,0.25
5484,-0.25
5485,-0.25
5486,0.75
5487,0.75
5488,-0.25
5489,5.25
5490,0.75
5491,0.25
5492,0.75
5493,8.25
5494,0.75
5495,0.75
5496,3.25
5497,-0.25
5498,-0.75
5499,0.75
5500,-0.25
5501,7.25
5502,0.75
5503,0.75
5504,3.75
5505,0.75
5506,0.75
5507,-0.75
5508,1.75
5509,0.25
5510,-0.75
5511,1.75
5512,2.75
5513,-0.25
5514,-0.75
5515,-0.75
5516,-7.75
5517,0.75
5518,0.75
5519,2.25
5520,-0.25
5521,0.25
5522,2.75
5523,-0.75
5524,2.75
5525,0.25
5526,-0.75
5527,-9.25
5528,1.75
5529,6.25
5530,5.75
5531,2.25
5532,6.75
5533,-0.75
5534,-0.75
5535,0.75
5536,1.25
5537,-8.25
5538,-0.75
5539,8.75
5540,2.75
5541,-1.25
5542,3.25
5543,-0.75
5544,5.25
5545,1.75
5546,-0.25
5547,0.75
5548,0.25
5549,-0.75
5550,-1.25
5551,-0.25
5552,-4.75
5553,-0.75
5554,-0.75
5555,-1.25
5556,-0.25
5557,1.75
5558,-0.25
5559,4.75
5560,-0.75
5561,1.25
5562,1.25
5563,-0.25
5564,-0.75
5565,3.75
5566,3.25
5567,4.25
5568,0.75
5569,-0.25
5570,-0.75
5571,-0.75
5572,3.25
5573,1.25
5574,-1.25
5575,7.25
5576,-0.75
5577,0.75
5578,-1.25
5579,0.75
5580,0.75
5581,-0.75
5582,-0.25
5583,-1.25
5584,0.75
5585,-0.75
5586,-0.75
5587,2.75
5588,15.5
5589,1.25
5590,10.0
5591,-2.25
5592,-0.75
5593,3.25
5594,23.0
5595,0.75
5596,0.75
5597,2.25
5598,-0.75
5599,1.75
5600,-0.75
5601,-0.75
5602,-0.75
5603,19.25
5604,0.75
5605,3.25
5606,0.75
5607,-0.75
5608,19.5
5609,13.25
5610,-0.75
5611,-0.25
5612,-0.25
5613,1.25
5614,8.25
5615,0.75
5616,4.25
5617,14.0
5618,-0.25
5619,-1.25
5620,-0.25
5621,0.75
5622,-8.75
5623,-0.25
5624,4.25
5625,3.25
5626,0.25
5627,0.75
5628,-0.25
5629,-0.75
5630,-0.25
5631,0.75
5632,1.75
5633,-0.75
5634,2.75
5635,-3.25
5636,-0.75
5637,3.75
5638,-0.75
5639,-0.25
5640,-0.25
5641,16.75
5642,2.25
5643,-0.75
5644,5.75
5645,0.75
5646,0.75
5647,-1.25
5648,-0.25
5649,0.75
5650,8.25
5651,2.25
5652,-1.25
5653,-0.25
5654,-0.75
5655,-0.25
5656,-0.25
5657,0.75
5658,10.25
5659,2.75
5660,-16.25
5661,0.25
5662,-0.25
5663,-0.25
5664,0.75
5665,-0.75
5666,-0.75
5667,3.75
5668,0.75
5669,-0.75
5670,2.25
5671,1.25
5672,-0.75
5673,-4.75
5674,7.75
5675,-0.25
5676,0.75
5677,11.25
5678,4.25
5679,0.75
5680,-0.25
5681,-8.25
5682,0.75
5683,1.75
5684,-0.25
5685,4.25
5686,0.75
5687,-0.25
5688,-1.25
5689,0.25
5690,4.25
5691,-5.25
5692,4.75
5693,1.25
5694,-0.25
5695,8.75
5696,3.75
5697,-4.25
5698,1.75
5699,18.5
5700,-0.75
5701,1.25
5702,0.75
5703,-0.75
5704,-0.25
5705,14.75
5706,-0.25
5707,-1.25
5708,0.25
5709,5.25
5710,6.75
5711,0.75
5712,4.75
5713,3.75
5714,0.75
5715,-0.25
5716,-3.25
5717,0.75
5718,-0.25
5719,1.25
5720,2.75
5721,3.75
5722,-0.75
5723,0.75
5724,2.75
5725,-1.25
5726,0.25
5727,-0.75
5728,1.75
5729,-1.25
5730,10.75
5731,1.25
5732,7.75
5733,-2.25
5734,-0.25
5735,-4.75
5736,-0.25
5737,-0.25
5738,-2.25
5739,2.25
5740,8.25
5741,-0.25
5742,3.75
5743,0.75
5744,-0.75
5745,0.25
5746,3.25
5747,5.25
5748,2.25
5749,0.25
5750,2.75
5751,-0.75
5752,4.25
5753,0.25
5754,-0.75
5755,5.75
5756,-12.25
5757,-0.75
5758,-0.25
5759,4.75
5760,-0.25
5761,0.25
5762,15.25
5763,3.75
5764,0.75
5765,-0.25
5766,6.25
5767,0.75
5768,0.75
5769,5.75
5770,7.25
5771,-0.75
5772,1.75
5773,-0.75
5774,0.25
5775,5.75
5776,-0.25
5777,-2.75
5778,5.75
5779,8.25
5780,2.75
5781,1.75
5782,6.75
5783,-0.25
5784,-3.25
5785,3.25
5786,0.25
5787,-0.25
5788,-0.25
5789,-0.25
5790,1.75
5791,-0.25
5792,0.75
5793,0.75
5794,-3.75
5795,0.75
5796,-1.75
5797,1.75
5798,0.75
5799,-2.25
5800,23.75
5801,-2.25
5802,22.5
5803,-9.75
5804,13.5
5805,0.25
5806,-0.25
5807,-0.25
5808,-0.25
5809,-1.25
5810,11.25
5811,0.25
5812,1.25
5813,-0.25
5814,0.75
5815,1.75
5816,0.75
5817,-0.75
5818,3.25
5819,-0.25
5820,16.5
5821,16.5
5822,12.0
5823,9.25
5824,2.25
5825,9.5
5826,3.75
5827,-0.25
5828,6.75
5829,3.25
5830,7.75
5831,-0.25
5832,0.75
5833,0.25
5834,-5.25
5835,9.25
5836,12.5
5837,0.25
5838,12.75
5839,2.25
5840,2.25
5841,3.25
5842,-0.75
5843,17.0
5844,-0.75
5845,20.25
5846,-0.25
5847,0.25
5848,2.75
5849,3.75
5850,2.75
5851,0.25
5852,-0.75
5853,0.25
5854,0.25
5855,1.25
5856,-4.75
5857,12.75
5858,-0.25
5859,0.75
5860,0.25
5861,17.0
5862,3.75
5863,5.25
5864,19.25
5865,-1.75
5866,0.75
5867,18.0
5868,11.25
5869,17.5
5870,10.5
5871,-0.25
5872,1.75
5873,-0.75
5874,-0.75
5875,4.75
5876,1.75
5877,-1.75
5878,-12.25
5879,-0.25
5880,1.75
5881,-0.75
5882,2.25
5883,0.75
5884,-0.25
5885,2.75
5886,1.75
5887,1.0
5888,-0.25
5889,0.25
5890,12.5
5891,-0.75
5892,5.25
5893,0.75
5894,-1.5
5895,15.5
5896,13.0
5897,2.25
5898,-0.25
5899,2.75
5900,-0.75
5901,-19.75
5902,1.25
5903,2.75
5904,20.0
5905,-5.25
5906,1.25
5907,-11.75
5908,-5.25
5909,-3.25
5910,19.0
5911,27.0
5912,0.25
5913,-0.75
5914,-16.25
5915,-1.75
5916,3.25
5917,0.25
5918,2.25
5919,8.5
5920,-0.25
5921,-2.75
5922,1.25
5923,6.75
5924,0.75
5925,18.0
5926,0.25
5927,20.0
5928,-0.75
5929,0.75
5930,9.5
5931,4.25
5932,1.75
5933,0.25
5934,3.75
5935,14.0
5936,1.25
5937,1.75
5938,1.75
5939,2.25
5940,3.75
5941,-0.75
5942,4.75
5943,-0.75
5944,1.75
5945,-0.75
5946,-1.25
5947,1.75
5948,-4.25
5949,2.75
5950,-2.75
5951,-1.25
5952,-2.25
5953,-0.75
5954,-0.25
5955,-0.25
5956,0.25
5957,-2.25
5958,0.75
5959,3.75
5960,0.75
5961,1.75
5962,-0.75
5963,-2.25
5964,-0.75
5965,6.25
5966,-0.25
5967,2.75
5968,-3.25
5969,0.75
5970,0.75
5971,-0.75
5972,4.25
5973,5.25
5974,6.75
5975,-0.75
5976,3.25
5977,3.25
5978,21.5
5979,-0.25
5980,-0.25
5981,-6.25
5982,6.75
5983,0.75
5984,0.75
5985,-0.25
5986,0.75
5987,-0.75
5988,11.0
5989,0.75
5990,0.75
5991,0.75
5992,0.75
5993,4.75
5994,20.5
5995,0.75
5996,-0.25
5997,-0.75
5998,16.5
5999,-0.25
6000,1.75
6001,0.75
6002,1.75
6003,2.75
6004,3.75
6005,-0.25
6006,-0.75
6007,0.25
6008,0.25
6009,1.75
6010,0.75
6011,-0.25
6012,0.75
6013,13.25
6014,-0.25
6015,1.25
6016,19.5
6017,1.25
6018,-0.75
6019,0.75
6020,-3.25
6021,2.75
6022,-0.75
6023,13.5
6024,10.25
6025,2.75
6026,1.25
6027,3.75
6028,-5.75
6029,-0.25
6030,-0.75
6031,-0.25
6032,0.25
6033,-0.25
6034,0.25
6035,-0.75
6036,1.25
6037,0.25
6038,-0.75
6039,-4.75
6040,5.25
6041,-0.75
6042,3.75
6043,-1.25
6044,1.75
6045,6.25
6046,0.75
6047,-0.25
6048,-0.25
6049,0.75
6050,-0.75
6051,-7.75
6052,0.25
6053,-1.25
6054,-5.75
6055,2.25
6056,5.75
6057,1.25
6058,0.75
6059,10.75
6060,2.25
6061,1.75
6062,2.75
6063,-0.25
6064,13.25
6065,16.5
6066,22.0
6067,-2.25
6068,-0.25
6069,0.75
6070,-3.75
6071,9.0
6072,0.75
6073,1.75
6074,-6.25
6075,-0.25
6076,3.25
6077,-0.25
6078,-1.25
6079,-0.75
6080,9.75
6081,20.5
6082,1.25
6083,-3.25
6084,3.25
6085,4.25
6086,-1.25
6087,-2.75
6088,0.75
6089,-0.25
6090,3.25
6091,-14.25
6092,2.25
6093,0.25
6094,-0.25
6095,3.25
6096,14.75
6097,4.25
6098,2.25
6099,2.25
6100,1.25
6101,4.25
6102,2.25
6103,0.75
6104,0.75
6105,0.75
6106,-2.25
6107,2.75
6108,0.75
6109,1.25
6110,-0.25
6111,-0.25
6112,-2.75
6113,1.75
6114,2.75
6115,-16.75
6116,-4.25
6117,-0.75
6118,-0.75
6119,-1.25
6120,4.25
6121,-17.0
6122,16.0
6123,4.75
6124,15.5
6125,18.0
6126,0.25
6127,-1.75
6128,-2.75
6129,-2.25
6130,-5.25
6131,-4.25
6132,8.5
6133,0.25
6134,18.0
6135,-8.25
6136,2.25
6137,11.0
6138,2.75
6139,-1.25
6140,-0.75
6141,-0.25
6142,1.25
6143,-2.25
6144,1.25
6145,0.75
6146,7.25
6147,12.75
6148,1.25
6149,-0.25
6150,-9.25
6151,9.25
6152,-2.25
6153,-2.25
6154,4.25
6155,-1.25
6156,8.25
6157,0.75
6158,3.75
6159,0.75
6160,-1.25
6161,0.25
6162,3.25
6163,3.25
6164,1.25
6165,-0.25
6166,1.75
6167,-0.25
6168,-0.75
6169,13.0
6170,0.75
6171,-0.75
6172,18.0
6173,-8.75
6174,18.0
6175,0.75
6176,2.75
6177,-8.25
6178,-0.75
6179,22.0
6180,2.25
6181,14.25
6182,1.75
6183,0.75
6184,11.25
6185,23.0
6186,1.75
6187,-6.25
6188,0.25
6189,-15.25
6190,-0.25
6191,2.25
6192,14.0
6193,2.75
6194,5.25
6195,0.75
6196,-2.75
6197,-3.25
6198,-0.25
6199,5.5
6200,0.75
6201,-0.25
6202,0.75
6203,0.25
6204,1.75
6205,-1.25
6206,6.25
6207,-0.25
6208,-0.25
6209,-1.25
6210,0.75
6211,12.0
6212,-0.25
6213,-0.25
6214,0.75
6215,-1.25
6216,-2.75
6217,-0.75
6218,-0.25
6219,6.75
6220,17.5
6221,2.25
6222,-0.25
6223,1.75
6224,-1.25
6225,2.25
6226,-0.25
6227,-12.25
6228,-0.25
6229,7.75
6230,3.25
6231,-0.25
6232,1.75
6233,0.75
6234,0.25
6235,0.25
6236,-0.75
6237,-0.25
6238,6.75
6239,-0.25
6240,0.75
6241,-0.75
6242,-0.25
6243,-0.75
6244,0.75
6245,0.75
6246,-5.25
6247,1.75
6248,-0.25
6249,10.0
6250,-5.75
6251,0.25
6252,0.25
6253,-2.25
6254,0.25
6255,-0.75
6256,0.75
6257,1.25
6258,-0.75
6259,0.75
6260,0.75
6261,1.25
6262,1.75
6263,6.75
6264,0.25
6265,-7.75
6266,15.75
6267,-0.25
6268,0.25
6269,-10.25
6270,-0.25
6271,16.5
6272,2.75
6273,2.75
6274,0.25
6275,-0.25
6276,5.25
6277,11.25
6278,0.75
6279,1.75
6280,0.75
6281,12.25
6282,-0.75
6283,6.25
6284,-9.25
6285,0.75
6286,0.75
6287,1.25
6288,1.75
6289,0.75
6290,12.5
6291,0.75
6292,0.25
6293,-0.25
6294,-7.25
6295,-0.75
6296,1.75
6297,1.25
6298,-0.25
6299,0.25
6300,6.25
6301,-0.25
6302,-0.75
6303,-0.75
6304,-1.25
6305,-1.75
6306,-0.25
6307,17.0
6308,-1.25
6309,1.25
6310,0.25
6311,11.75
6312,-0.25
6313,0.75
6314,10.75
6315,0.75
6316,0.75
6317,1.75
6318,-0.25
6319,-0.75
6320,15.0
6321,1.75
6322,2.75
6323,3.25
6324,-1.25
6325,0.75
6326,2.75
6327,1.25
6328,24.5
6329,0.75
6330,0.25
6331,0.75
6332,-11.25
6333,-7.75
6334,2.75
6335,0.75
6336,8.75
6337,12.25
6338,16.0
6339,-8.25
6340,0.25
6341,-0.25
6342,-0.25
6343,0.75
6344,18.0
6345,4.25
6346,-3.25
6347,0.25
6348,0.75
6349,9.5
6350,-18.75
6351,-5.25
6352,0.75
6353,2.75
6354,-1.25
6355,-0.75
6356,-0.25
6357,12.75
6358,1.75
6359,2.25
6360,-0.75
6361,0.25
6362,-0.75
6363,-2.75
6364,-4.75
6365,-5.75
6366,-0.25
6367,1.75
6368,6.75
6369,3.25
6370,4.25
6371,0.25
6372,3.75
6373,-0.25
6374,-0.25
6375,1.25
6376,15.5
6377,-0.25
6378,2.25
6379,-0.25
6380,-0.25
6381,20.5
6382,14.75
6383,-0.75
6384,0.25
6385,4.75
6386,-2.75
6387,-0.75
6388,0.75
6389,9.25
6390,1.25
6391,0.25
6392,1.75
6393,-4.25
6394,3.25
6395,-3.25
6396,-0.25
6397,-0.75
6398,-5.25
6399,-0.25
6400,0.75
6401,-3.25
6402,9.0
6403,12.75
6404,-0.75
6405,0.75
6406,-0.75
6407,0.75
6408,13.75
6409,-1.25
6410,0.75
6411,3.75
6412,1.75
6413,0.25
6414,2.75
6415,-0.25
6416,0.75
6417,-1.25
6418,-3.75
6419,-0.25
6420,-0.75
6421,-5.25
6422,0.75
6423,1.75
6424,-0.25
6425,4.25
6426,0.75
6427,-0.25
6428,-0.25
6429,-0.75
6430,-2.25
6431,2.25
6432,-0.75
6433,0.75
6434,-0.25
6435,4.25
6436,0.75
6437,0.75
6438,-0.25
6439,-0.25
6440,0.25
6441,-0.25
6442,6.25
6443,-0.75
6444,0.75
6445,1.25
6446,0.75
6447,-0.25
6448,-0.75
6449,-0.25
6450,1.75
6451,12.75
6452,8.75
6453,16.25
6454,0.75
6455,-0.75
6456,-0.75
6457,8.75
6458,-8.25
6459,-0.75
6460,-0.25
6461,0.25
6462,19.75
6463,-0.25
6464,0.75
6465,0.25
6466,1.25
6467,-3.25
6468,-0.75
6469,0.75
6470,0.75
6471,3.75
6472,1.75
6473,2.25
6474,-0.25
6475,5.25
6476,0.75
6477,0.75
6478,3.75
6479,-1.25
6480,9.75
6481,-0.75
6482,-0.25
6483,-7.25
6484,3.75
6485,-0.25
6486,-0.25
6487,0.75
6488,-0.25
6489,-0.75
6490,1.75
6491,13.25
6492,-0.75
6493,4.75
6494,3.75
6495,-7.75
6496,-0.75
6497,2.25
6498,2.75
6499,2.25
6500,-1.25
6501,0.75
6502,-0.25
6503,0.75
6504,-0.75
6505,-11.25
6506,2.25
6507,1.25
6508,0.75
6509,0.75
6510,12.5
6511,1.25
6512,1.75
6513,-0.75
6514,-0.25
6515,-5.25
6516,-0.25
6517,3.25
6518,-0.75
6519,-0.75
6520,2.75
6521,3.25
6522,2.75
6523,1.25
6524,-0.75
6525,9.5
6526,2.75
6527,-0.25
6528,2.75
6529,-0.75
6530,4.75
6531,0.75
6532,-0.25
6533,-1.25
6534,3.25
6535,-0.25
6536,3.75
6537,-0.25
6538,3.75
6539,2.75
6540,7.75
6541,0.25
6542,0.75
6543,-0.25
6544,6.75
6545,-0.75
6546,-1.25
6547,0.25
6548,1.75
6549,0.25
6550,-0.25
6551,-0.75
6552,-0.25
6553,5.75
6554,-0.25
6555,7.75
6556,0.25
6557,0.75
6558,1.75
6559,-2.25
6560,-1.25
6561,-5.25
6562,4.25
6563,3.75
6564,1.75
6565,-0.75
6566,1.25
6567,-0.75
6568,0.75
6569,0.75
6570,-0.25
6571,1.75
6572,3.25
6573,-2.25
6574,-3.25
6575,-0.75
6576,-0.25
6577,24.75
6578,6.25
6579,-1.25
6580,-1.25
6581,12.25
6582,0.75
6583,-0.25
6584,-0.25
6585,3.25
6586,14.75
6587,-0.75
6588,1.75
6589,-0.75
6590,1.75
6591,1.75
6592,-0.25
6593,-0.25
6594,3.75
6595,2.25
6596,1.25
6597,5.25
6598,-0.25
6599,11.25
6600,0.75
6601,8.25
6602,-0.75
6603,-0.75
6604,1.75
6605,1.25
6606,-0.25
6607,0.75
6608,-0.25
6609,-0.25
6610,9.75
6611,1.75
6612,17.5
6613,3.25
6614,2.25
6615,-0.25
6616,-13.25
6617,2.75
6618,2.25
6619,13.0
6620,21.5
6621,3.25
6622,0.75
6623,0.75
6624,5.75
6625,1.25
6626,3.75
6627,-0.25
6628,9.25
6629,-0.75
6630,-0.25
6631,2.25
6632,0.75
6633,-0.75
6634,2.25
6635,-0.75
6636,0.75
6637,12.0
6638,0.75
6639,-0.25
6640,17.0
6641,1.75
6642,4.25
6643,-0.25
6644,2.75
6645,-0.75
6646,7.75
6647,1.25
6648,-0.75
6649,-0.25
6650,0.25
6651,-4.25
6652,13.0
6653,0.75
6654,20.0
6655,-0.25
6656,0.75
6657,0.75
6658,19.0
6659,-1.25
6660,-1.25
6661,0.75
6662,-0.75
6663,0.25
6664,4.25
6665,11.25
6666,1.25
6667,0.75
6668,-0.25
6669,-0.75
6670,2.75
6671,1.75
6672,6.25
6673,-10.25
6674,24.0
6675,1.75
6676,-0.75
6677,-1.25
6678,-12.25
6679,1.75
6680,0.75
6681,0.75
6682,2.25
6683,5.25
6684,-7.25
6685,-0.25
6686,-7.75
6687,26.0
6688,20.25
6689,-3.25
6690,-1.25
6691,1.5
6692,9.25
6693,0.75
6694,-0.25
6695,3.25
6696,-0.25
6697,12.25
6698,4.75
6699,2.75
6700,-1.25
6701,0.75
6702,-0.25
6703,0.75
6704,0.75
6705,-0.25
6706,0.25
6707,-0.25
6708,-30.0
6709,-0.75
6710,7.75
6711,-0.75
6712,21.5
6713,7.25
6714,-0.75
6715,2.25
6716,2.75
6717,1.75
6718,3.25
6719,-0.25
6720,-5.25
6721,1.75
6722,17.0
6723,1.25
6724,3.25
6725,1.75
6726,12.0
6727,-0.75
6728,-0.25
6729,2.25
6730,1.25
6731,5.75
6732,-2.75
6733,0.75
6734,1.75
6735,0.25
6736,0.75
6737,2.75
6738,1.75
6739,3.25
6740,3.25
6741,0.25
6742,-0.25
6743,-0.75
6744,3.25
6745,0.75
6746,0.25
6747,1.75
6748,0.75
6749,-0.25
6750,1.75
6751,0.75
6752,7.75
6753,1.75
6754,2.25
6755,-0.25
6756,7.25
6757,1.75
6758,0.75
6759,-0.75
6760,-0.75
6761,15.25
6762,3.25
6763,2.75
6764,2.75
6765,7.75
6766,0.75
6767,6.75
6768,-1.25
6769,0.75
6770,1.75
6771,0.25
6772,0.75
6773,1.25
6774,2.25
6775,3.25
6776,-0.75
6777,1.75
6778,2.75
6779,0.75
6780,0.25
6781,27.5
6782,0.75
6783,2.75
6784,-0.25
6785,-0.75
6786,11.75
6787,-0.25
6788,0.75
6789,0.75
6790,19.5
6791,-0.25
6792,3.75
6793,-0.25
6794,-0.75
6795,-5.25
6796,6.25
6797,9.75
6798,4.25
6799,1.25
6800,0.75
6801,2.75
6802,1.75
6803,2.25
6804,1.75
6805,0.25
6806,4.75
6807,4.25
6808,4.75
6809,2.75
6810,-0.75
6811,0.75
6812,2.25
6813,3.25
6814,0.25
6815,0.25
6816,-2.25
6817,-0.25
6818,-4.25
6819,18.0
6820,13.0
6821,5.75
6822,2.25
6823,17.5
6824,0.25
6825,-1.25
6826,-6.25
6827,6.25
6828,-0.75
6829,-0.25
6830,1.75
6831,15.75
6832,9.0
6833,-4.25
6834,-0.75
6835,-0.75
6836,0.75
6837,-6.25
6838,-2.75
6839,7.25
6840,2.25
6841,0.75
6842,-0.25
6843,0.75
6844,13.0
6845,0.75
6846,-0.25
6847,0.25
6848,1.25
6849,-0.25
6850,12.75
6851,1.75
6852,0.75
6853,2.75
6854,10.75
6855,-0.75
6856,-0.75
6857,-0.75
6858,31.5
6859,-0.25
6860,10.25
6861,1.25
6862,0.75
6863,-1.25
6864,1.75
6865,2.25
6866,-4.25
6867,20.5
6868,0.75
6869,-0.25
6870,0.25
6871,0.75
6872,-4.25
6873,1.25
6874,2.25
6875,11.0
6876,-6.0
6877,2.25
6878,-4.75
6879,-2.75
6880,-7.75
6881,-0.25
6882,-2.25
6883,0.75
6884,5.75
6885,-0.25
6886,-0.75
6887,2.75
6888,-0.75
6889,7.75
6890,1.75
6891,2.25
6892,-0.25
6893,-2.75
6894,-2.75
6895,1.75
6896,-4.25
6897,3.75
6898,-0.25
6899,2.25
6900,3.25
6901,1.75
6902,-0.25
6903,1.75
6904,-0.75
6905,2.25
6906,0.75
6907,2.25
6908,-0.75
6909,4.75
6910,0.75
6911,0.75
6912,12.0
6913,16.25
6914,0.75
6915,-0.75
6916,-0.75
6917,17.5
6918,12.5
6919,-1.75
6920,3.25
6921,4.25
6922,1.75
6923,-0.75
6924,2.25
6925,4.25
6926,2.75
6927,4.75
6928,0.25
6929,0.25
6930,0.25
6931,14.25
6932,0.75
6933,-0.25
6934,0.75
6935,1.75
6936,0.25
6937,-0.75
6938,0.75
6939,1.75
6940,0.75
6941,3.25
6942,22.0
6943,1.75
6944,-7.25
6945,-18.0
6946,-3.25
6947,0.75
6948,1.25
6949,2.25
6950,1.75
6951,-6.25
6952,2.75
6953,0.75
6954,-0.25
6955,0.25
6956,13.0
6957,7.25
6958,-0.25
6959,0.75
6960,14.0
6961,-0.25
6962,-0.25
6963,6.75
6964,0.75
6965,-0.75
6966,-1.25
6967,1.75
6968,2.75
6969,-0.25
6970,16.5
6971,-0.25
6972,-1.75
6973,8.25
6974,22.0
6975,3.25
6976,1.75
6977,-1.25
6978,1.75
6979,-0.75
6980,0.25
6981,1.75
6982,14.0
6983,3.25
6984,-3.25
6985,17.25
6986,0.75
6987,1.25
6988,-0.25
6989,6.75
6990,7.75
6991,-0.75
6992,-1.75
6993,3.75
6994,-1.25
6995,0.75
6996,1.25
6997,-6.25
6998,15.0
6999,7.75
7000,-1.25
7001,2.25
7002,13.25
7003,0.75
7004,-1.75
7005,0.75
7006,9.75
7007,0.75
7008,-1.25
7009,0.75
7010,-0.25
7011,17.5
7012,-1.75
7013,29.0
7014,1.75
7015,-18.0
7016,-0.75
7017,-0.25
7018,9.75
7019,0.75
7020,2.25
7021,-0.25
7022,-0.25
7023,0.75
7024,1.75
7025,18.5
7026,0.75
7027,-0.75
7028,0.75
7029,-0.25
7030,-1.75
7031,12.5
7032,9.0
7033,0.75
7034,-1.25
7035,13.75
7036,-9.25
7037,3.25
7038,-0.75
7039,-0.75
7040,-1.25
7041,1.25
7042,-0.75
7043,-0.25
7044,13.75
7045,0.25
7046,1.25
7047,-6.25
7048,19.5
7049,-0.25
7050,13.5
7051,-5.25
7052,1.75
7053,-0.25
7054,0.25
7055,15.5
7056,3.25
7057,-8.75
7058,-4.75
7059,-1.25
7060,1.75
7061,0.75
7062,0.75
7063,-0.25
7064,-0.25
7065,-8.75
7066,-5.75
7067,4.25
7068,2.75
7069,-0.25
7070,1.75
7071,3.25
7072,19.0
7073,2.75
7074,0.75
7075,20.0
7076,3.75
7077,-0.75
7078,6.75
7079,-0.25
7080,-0.75
7081,-0.25
7082,-0.25
7083,1.75
7084,-0.25
7085,17.5
7086,15.75
7087,23.0
7088,14.75
7089,3.75
7090,0.25
7091,-0.75
7092,-9.25
7093,-0.25
7094,-0.25
7095,13.0
7096,-0.25
7097,-5.75
7098,28.75
7099,1.75
7100,0.75
7101,0.25
7102,0.25
7103,12.75
7104,-1.25
7105,-2.25
7106,2.75
7107,-2.25
7108,-16.25
7109,-10.75
7110,7.75
7111,4.25
7112,-0.25
7113,11.5
7114,3.75
7115,2.75
7116,21.0
7117,0.25
7118,-0.75
7119,-0.75
7120,0.75
7121,1.25
7122,-5.25
7123,-0.75
7124,-0.25
7125,1.75
7126,-0.25
7127,0.75
7128,-0.75
7129,-0.25
7130,0.75
7131,13.25
7132,0.25
7133,-1.75
7134,0.25
7135,-0.25
7136,0.25
7137,-0.75
7138,-8.25
7139,0.75
7140,0.25
7141,14.0
7142,16.0
7143,0.75
7144,0.75
7145,0.25
7146,-1.25
7147,1.25
7148,-0.25
7149,-0.25
7150,-0.75
7151,4.75
7152,0.75
7153,-5.25
7154,-0.75
7155,1.75
7156,2.25
7157,-9.75
7158,-4.25
7159,11.75
7160,14.5
7161,-0.25
7162,3.75
7163,0.75
7164,17.0
7165,0.25
7166,-0.25
7167,10.5
7168,5.25
7169,-30.25
7170,4.5
7171,-1.25
7172,1.75
7173,5.25
7174,1.25
7175,19.0
7176,-0.25
7177,-0.75
7178,-0.25
7179,0.75
7180,1.75
7181,-0.25
7182,-5.25
7183,1.25
7184,-0.75
7185,0.75
7186,15.0
7187,23.0
7188,30.5
7189,-0.25
7190,-2.25
7191,0.25
7192,2.25
7193,-0.25
7194,1.25
7195,11.0
7196,-2.75
7197,-0.25
7198,0.75
7199,-0.25
7200,-0.25
7201,-0.75
7202,-0.75
7203,-2.25
7204,0.75
7205,-8.25
7206,0.75
7207,0.25
7208,-0.75
7209,29.75
7210,-0.25
7211,2.25
7212,2.75
7213,1.75
7214,14.0
7215,-1.25
7216,-0.75
7217,0.75
7218,2.75
7219,-0.75
7220,-0.75
7221,-3.75
7222,-0.25
7223,0.75
7224,-8.75
7225,-0.25
7226,6.75
7227,-0.75
7228,2.25
7229,-0.75
7230,2.25
7231,0.75
7232,12.0
7233,-0.75
7234,4.25
7235,5.25
7236,-0.25
7237,1.25
7238,0.75
7239,-10.75
7240,2.75
7241,14.75
7242,-0.25
7243,4.25
7244,0.75
7245,-0.25
7246,2.25
7247,-1.25
7248,-0.25
7249,-0.25
7250,-0.25
7251,12.25
7252,-0.25
7253,-0.75
7254,-4.75
7255,0.75
7256,-0.75
7257,12.5
7258,-0.75
7259,-0.75
7260,-0.75
7261,3.75
7262,-0.25
7263,0.75
7264,0.75
7265,9.75
7266,-0.75
7267,2.75
7268,0.25
7269,2.75
7270,-2.25
7271,1.25
7272,-0.75
7273,0.75
7274,-0.25
7275,-0.25
7276,-0.75
7277,16.0
7278,3.25
7279,-0.25
7280,2.25
7281,4.25
7282,1.25
7283,-0.75
7284,1.25
7285,-0.25
7286,-0.25
7287,26.5
7288,-0.75
7289,0.75
7290,-0.25
7291,-1.25
7292,3.25
7293,15.5
7294,0.75
7295,0.75
7296,0.75
7297,9.75
7298,0.75
7299,13.75
7300,0.25
7301,0.25
7302,1.75
7303,18.75
7304,-0.75
7305,-0.25
7306,0.75
7307,1.25
7308,2.75
7309,2.75
7310,8.25
7311,-0.75
7312,-0.25
7313,4.25
7314,0.25
7315,3.25
7316,2.75
7317,4.25
7318,4.75
7319,-0.25
7320,0.75
7321,2.25
7322,5.25
7323,-0.75
7324,4.25
7325,-0.75
7326,-0.25
7327,-0.75
7328,-4.25
7329,2.75
7330,-2.25
7331,2.25
7332,2.75
7333,2.25
7334,0.75
7335,-0.25
7336,3.25
7337,-2.25
7338,-0.75
7339,2.25
7340,-0.25
7341,-1.75
7342,2.25
7343,5.0
7344,0.75
7345,10.5
7346,-7.75
7347,2.75
7348,1.75
7349,-0.25
7350,-0.25
7351,0.75
7352,2.25
7353,-0.25
7354,0.25
7355,-9.25
7356,-0.25
7357,-2.25
7358,12.5
7359,-0.25
7360,-4.75
7361,0.75
7362,0.75
7363,-23.25
7364,5.25
7365,1.75
7366,-0.25
7367,-0.25
7368,-0.25
7369,-0.25
7370,5.75
7371,8.25
7372,-0.75
7373,0.75
7374,12.25
7375,1.75
7376,0.75
7377,-4.25
7378,0.25
7379,-6.25
7380,-0.75
7381,-1.25
7382,0.75
7383,-0.25
7384,6.75
7385,0.75
7386,4.25
7387,-0.75
7388,4.75
7389,0.25
7390,2.75
7391,0.75
7392,2.25
7393,0.75
7394,0.75
7395,-6.25
7396,2.75
7397,-0.25
7398,0.75
7399,-0.25
7400,1.75
7401,16.75
7402,-1.25
7403,3.25
7404,-0.75
7405,-0.75
7406,-30.0
7407,-0.25
7408,0.75
7409,2.75
7410,-2.75
7411,-0.75
7412,14.0
7413,0.75
7414,-0.25
7415,19.25
7416,-2.75
7417,-2.75
7418,7.75
7419,2.25
7420,0.75
7421,-0.75
7422,14.0
7423,-12.25
7424,2.25
7425,12.0
7426,-5.25
7427,0.75
7428,0.25
7429,0.75
7430,-0.25
7431,-4.25
7432,-0.25
7433,-0.75
7434,-2.25
7435,0.25
7436,-5.25
7437,0.75
7438,4.25
7439,-0.75
7440,0.25
7441,-0.25
7442,-1.75
7443,-0.75
7444,7.25
7445,5.75
7446,1.75
7447,0.25
7448,0.25
7449,-0.75
7450,3.75
7451,0.25
7452,13.0
7453,0.75
7454,0.25
7455,4.75
7456,0.25
7457,-7.25
7458,-0.75
7459,-0.25
7460,-0.25
7461,1.25
7462,-0.75
7463,-0.25
7464,0.75
7465,-1.25
7466,-0.25
7467,1.75
7468,0.75
7469,-4.25
7470,2.25
7471,-0.75
7472,1.25
7473,2.25
7474,-0.75
7475,-8.75
7476,-0.75
7477,-0.75
7478,3.25
7479,0.75
7480,-0.75
7481,-0.75
7482,4.75
7483,0.75
7484,0.75
7485,6.25
7486,6.25
7487,-0.75
7488,1.25
7489,1.25
7490,0.75
7491,-0.75
7492,3.25
7493,1.75
7494,-0.25
7495,-0.25
7496,-0.75
7497,-0.25
7498,-0.25
7499,-0.25
7500,0.25
7501,0.75
7502,1.75
7503,2.75
7504,-0.75
7505,1.75
7506,-0.75
7507,-0.75
7508,-3.25
7509,0.75
7510,1.25
7511,-0.25
7512,-1.25
7513,0.75
7514,-0.75
7515,0.25
7516,1.75
7517,-1.25
7518,-0.75
7519,-0.75
7520,5.75
7521,3.75
7522,-0.75
7523,0.75
7524,0.75
7525,0.75
7526,-0.25
7527,2.25
7528,0.75
7529,-0.75
7530,0.75
7531,-0.75
7532,0.75
7533,4.25
7534,0.75
7535,0.75
7536,-2.25
7537,-0.75
7538,-0.75
7539,0.75
7540,3.25
7541,1.25
7542,3.75
7543,2.75
7544,0.75
7545,-0.75
7546,2.25
7547,-1.25
7548,-1.75
7549,0.25
7550,0.75
7551,-0.75
7552,-3.25
7553,1.25
7554,-0.75
7555,0.75
7556,-0.75
7557,0.75
7558,0.75
7559,-0.25
7560,-0.25
7561,14.0
7562,13.25
7563,3.75
7564,1.25
7565,-2.75
7566,-7.25
7567,-0.75
7568,-1.25
7569,2.75
7570,0.75
7571,-1.25
7572,0.75
7573,-0.25
7574,-0.25
7575,0.75
7576,-0.25
7577,-3.75
7578,0.75
7579,-0.75
7580,2.75
7581,0.75
7582,-0.25
7583,1.25
7584,0.25
7585,-0.75
7586,-0.25
7587,0.25
7588,0.25
7589,-0.25
7590,4.25
7591,-0.25
7592,0.25
7593,-0.75
7594,0.75
7595,-0.75
7596,0.75
7597,0.75
7598,4.25
7599,0.75
7600,0.75
7601,0.25
7602,0.25
7603,-0.25
7604,0.75
7605,9.75
7606,1.75
7607,0.25
7608,-2.25
7609,-0.75
7610,-0.75
7611,1.25
7612,1.25
7613,2.25
7614,3.75
7615,-1.25
7616,1.75
7617,-0.75
7618,0.75
7619,1.75
7620,0.75
7621,1.75
7622,-2.25
7623,1.75
7624,-0.75
7625,0.25
7626,-0.25
7627,-0.75
7628,-1.25
7629,2.75
7630,0.75
7631,0.75
7632,2.25
7633,-0.75
7634,-0.75
7635,-0.75
7636,-5.75
7637,-0.75
7638,0.25
7639,-0.25
7640,1.75
7641,-0.25
7642,-0.25
7643,1.25
7644,-0.25
7645,0.75
7646,3.25
7647,0.75
7648,4.75
7649,-0.25
7650,12.0
7651,1.25
7652,0.75
7653,-0.25
7654,-0.75
7655,10.25
7656,-0.25
7657,-0.75
7658,4.25
7659,0.75
7660,-0.75
7661,3.25
7662,-1.25
7663,-0.75
7664,-0.75
7665,0.75
7666,2.75
7667,2.75
7668,0.25
7669,-0.75
7670,6.75
7671,-0.25
7672,1.25
7673,-2.25
7674,-0.75
7675,0.75
7676,-0.25
7677,0.25
7678,-0.75
7679,20.5
7680,-0.25
7681,-1.25
7682,1.25
7683,0.75
7684,0.75
7685,-3.75
7686,1.75
7687,0.25
7688,22.5
7689,2.25
7690,-0.25
7691,0.75
7692,-6.25
7693,-0.25
7694,14.75
7695,-0.25
7696,-0.75
7697,1.75
7698,1.75
7699,0.25
7700,-0.25
7701,5.25
7702,3.25
7703,-0.75
7704,18.0
7705,0.75
7706,-14.75
7707,3.75
7708,2.75
7709,-0.25
7710,0.75
7711,-0.75
7712,-0.25
7713,-0.25
7714,-0.25
7715,-1.75
7716,-8.25
7717,1.75
7718,-0.25
7719,0.75
7720,3.75
7721,3.75
7722,1.75
7723,-2.25
7724,-0.25
7725,0.75
7726,-0.25
7727,0.25
7728,1.75
7729,0.75
7730,2.25
7731,-0.25
7732,-0.25
7733,3.25
7734,0.75
7735,1.75
7736,1.75
7737,0.75
7738,0.25
7739,-0.75
7740,1.75
7741,12.75
7742,-0.75
7743,10.75
7744,-0.75
7745,-0.75
7746,0.75
7747,-0.75
7748,11.75
7749,16.5
7750,-0.25
7751,1.75
7752,2.25
7753,0.25
7754,-1.25
7755,1.25
7756,-0.25
7757,-0.75
7758,1.75
7759,-3.75
7760,-0.25
7761,0.25
7762,2.25
7763,-0.75
7764,-0.25
7765,-0.25
7766,-0.75
7767,-0.25
7768,5.25
7769,1.75
7770,1.25
7771,0.75
7772,-0.25
7773,1.25
7774,4.25
7775,0.75
7776,1.75
7777,9.75
7778,-0.75
7779,1.75
7780,10.25
7781,10.5
7782,-0.25
7783,-1.25
7784,-10.25
7785,-0.75
7786,-8.25
7787,0.75
7788,1.75
7789,20.5
7790,0.25
7791,-0.25
7792,1.25
7793,0.75
7794,0.75
7795,-0.75
7796,-0.25
7797,-0.25
7798,0.75
7799,0.75
7800,0.75
7801,-0.25
7802,0.75
7803,0.75
7804,0.75
7805,-0.25
7806,-0.25
7807,-0.25
7808,2.75
7809,1.25
7810,-2.25
7811,-0.25
7812,-0.25
7813,0.75
7814,1.75
7815,1.75
7816,1.75
7817,5.25
7818,-0.25
7819,-0.75
7820,-0.75
7821,-0.75
7822,-1.25
7823,1.25
7824,2.75
7825,-1.25
7826,0.25
7827,-0.25
7828,0.75
7829,12.0
7830,-2.25
7831,1.25
7832,-0.75
7833,0.25
7834,0.75
7835,-2.25
7836,3.25
7837,-0.75
7838,2.75
7839,-2.25
7840,-0.75
7841,1.25
7842,8.25
7843,1.75
7844,-0.25
7845,-5.25
7846,-4.25
7847,-0.75
7848,-41.75
7849,2.25
7850,-0.25
7851,2.75
7852,1.75
7853,0.75
7854,-39.75
7855,0.75
7856,0.75
7857,-3.25
7858,-3.25
7859,0.25
7860,-0.25
7861,-0.25
7862,2.25
7863,1.25
7864,-1.25
7865,-0.75
7866,2.75
7867,1.25
7868,-0.25
7869,-2.25
7870,27.0
7871,0.25
7872,-2.75
7873,-29.75
7874,-0.75
7875,5.25
7876,-0.75
7877,0.25
7878,0.25
7879,-0.75
7880,0.25
7881,2.25
7882,-1.25
7883,0.25
7884,-0.25
7885,-0.25
7886,-0.25
7887,0.75
7888,0.25
7889,2.25
7890,0.75
7891,-0.75
7892,-2.75
7893,1.25
7894,-0.75
7895,-0.25
7896,3.75
7897,2.75
7898,5.75
7899,-0.75
7900,0.25
7901,-2.75
7902,-1.25
7903,-0.75
7904,0.75
7905,-0.75
7906,-0.75
7907,-0.75
7908,-0.25
7909,0.25
7910,11.25
7911,-0.75
7912,-0.25
7913,1.75
7914,1.25
7915,0.75
7916,2.25
7917,0.75
7918,0.25
7919,4.25
7920,-0.75
7921,0.75
7922,-0.75
7923,7.25
7924,1.25
7925,-0.75
7926,-0.75
7927,-2.25
7928,0.75
7929,-0.75
7930,-0.75
7931,-0.25
7932,0.25
7933,-0.25
7934,2.75
7935,-6.25
7936,-0.75
7937,0.75
7938,-0.75
7939,-0.25
7940,-0.25
7941,-0.25
7942,-0.25
7943,4.75
7944,3.25
7945,0.75
7946,-0.75
7947,-0.25
7948,0.75
7949,-0.25
7950,1.75
7951,-0.75
7952,1.25
7953,2.75
7954,-0.25
7955,-0.25
7956,-0.75
7957,0.75
7958,-0.75
7959,-0.25
7960,-0.75
7961,1.25
7962,-0.75
7963,-0.25
7964,1.75
7965,6.75
7966,0.75
7967,0.75
7968,2.25
7969,-0.75
7970,0.25
7971,-0.75
7972,1.75
7973,0.25
7974,-3.25
7975,3.25
7976,-0.75
7977,-0.75
7978,-0.25
7979,-0.75
7980,4.75
7981,2.25
7982,-0.25
7983,-0.25
7984,-2.25
7985,-0.75
7986,-1.25
7987,-0.25
7988,-0.75
7989,-0.75
7990,-7.25
7991,-0.25
7992,5.25
7993,-0.25
7994,-0.75
7995,-0.75
7996,-0.75
7997,0.75
7998,1.75
7999,0.25
8000,7.25
8001,-1.25
8002,1.25
8003,0.75
8004,0.25
8005,-0.75
8006,6.75
8007,-0.25
8008,-2.25
8009,-6.25
8010,-2.25
8011,-0.25
8012,-0.75
8013,0.25
8014,1.25
8015,-0.25
8016,0.75
8017,0.75
8018,-7.75
8019,3.75
8020,-0.75
8021,-0.75
8022,3.25
8023,0.75
8024,3.75
8025,0.75
8026,-0.75
8027,-0.25
8028,-2.75
8029,0.25
8030,3.75
8031,1.25
8032,1.25
8033,-0.25
8034,-0.75
8035,0.75
8036,9.25
8037,-0.25
8038,0.75
8039,-10.25
8040,-0.25
8041,0.75
8042,0.25
8043,-0.25
8044,-2.75
8045,-0.25
8046,-0.25
8047,2.25
8048,2.75
8049,1.75
8050,-0.25
8051,2.75
8052,-2.25
8053,0.75
8054,-0.25
8055,0.75
8056,-1.25
8057,-0.25
8058,9.25
8059,3.75
8060,2.25
8061,1.75
8062,0.75
8063,16.5
8064,1.75
8065,0.75
8066,2.75
8067,0.25
8068,-0.75
8069,-0.25
8070,-1.25
8071,1.75
8072,-12.25
8073,11.25
8074,0.25
8075,-6.25
8076,9.25
8077,0.25
8078,-0.25
8079,-0.25
8080,-1.75
8081,0.75
8082,1.75
8083,0.75
8084,-0.25
8085,5.25
8086,0.75
8087,-0.25
8088,2.25
8089,-8.75
8090,-1.25
8091,4.25
8092,-2.25
8093,-0.25
8094,1.25
8095,0.25
8096,-0.25
8097,-0.25
8098,-0.25
8099,4.75
8100,-0.25
8101,-0.75
8102,0.75
8103,1.25
8104,-1.25
8105,1.75
8106,9.75
8107,-0.25
8108,6.25
8109,0.75
8110,-0.25
8111,1.75
8112,-0.25
8113,3.25
8114,-0.25
8115,-3.75
8116,-0.25
8117,1.25
8118,-0.25
8119,0.25
8120,0.75
8121,0.25
8122,9.25
8123,-0.25
8124,-0.25
8125,0.75
8126,0.25
8127,-0.75
8128,2.25
8129,0.75
8130,-0.25
8131,0.25
8132,0.75
8133,-0.75
8134,-0.25
8135,6.25
8136,-0.75
8137,0.25
8138,-0.75
8139,2.25
8140,-0.75
8141,1.25
8142,0.25
8143,-0.75
8144,-0.25
8145,14.5
8146,-1.75
8147,3.25
8148,0.75
8149,2.25
8150,0.75
8151,0.75
8152,3.25
8153,-2.25
8154,-0.75
8155,2.75
8156,1.75
8157,0.75
8158,14.0
8159,-0.25
8160,-0.75
8161,0.75
8162,0.25
8163,3.25
8164,2.25
8165,-0.75
8166,-0.75
8167,3.75
8168,1.75
8169,-0.75
8170,0.75
8171,-0.25
8172,-2.25
8173,1.25
8174,0.75
8175,1.75
8176,-0.75
8177,-0.25
8178,-0.75
8179,-0.25
8180,-0.25
8181,0.25
8182,0.25
8183,-1.75
8184,1.25
8185,-0.75
8186,-0.25
8187,0.75
8188,0.75
8189,1.75
8190,-0.25
8191,-0.75
8192,2.25
8193,0.25
8194,-7.75
8195,-4.75
8196,-0.25
8197,2.75
8198,0.25
8199,13.5
8200,0.75
8201,0.75
8202,-0.25
8203,2.75
8204,2.25
8205,1.25
8206,-0.75
8207,0.75
8208,-0.75
8209,-3.25
8210,0.75
8211,-0.75
8212,1.25
8213,4.75
8214,-4.25
8215,1.75
8216,1.25
8217,0.75
8218,0.25
8219,-0.25
8220,0.25
8221,-0.75
8222,1.25
8223,1.25
8224,-0.75
8225,-0.25
8226,-0.75
8227,0.75
8228,-0.75
8229,2.25
8230,-0.25
8231,-0.75
8232,0.75
8233,-1.25
8234,0.75
8235,-0.25
8236,-0.75
8237,2.25
8238,2.25
8239,6.25
8240,0.25
8241,-4.25
8242,5.75
8243,1.25
8244,0.75
8245,4.25
8246,-0.25
8247,-1.25
8248,-0.75
8249,-0.25
8250,1.75
8251,23.0
8252,0.75
8253,0.25
8254,-0.75
8255,0.25
8256,1.25
8257,12.5
8258,-0.75
8259,1.25
8260,-1.25
8261,0.75
8262,0.75
8263,1.25
8264,-1.25
8265,-0.25
8266,0.75
8267,-0.75
8268,-0.25
8269,-0.25
8270,0.75
8271,-0.25
8272,-0.75
8273,-0.25
8274,15.5
8275,-0.75
8276,-0.75
8277,1.75
8278,1.25
8279,0.75
8280,4.25
8281,-0.25
8282,-0.25
8283,-0.75
8284,-0.75
8285,-0.75
8286,15.5
8287,2.75
8288,7.25
8289,-3.25
8290,0.75
8291,-5.25
8292,0.75
8293,1.75
8294,1.25
8295,-0.75
8296,-0.75
8297,0.25
8298,1.75
8299,3.75
8300,9.25
8301,0.75
8302,-0.25
8303,-2.25
8304,0.25
8305,0.75
8306,1.75
8307,0.75
8308,0.75
8309,0.75
8310,1.25
8311,0.25
8312,11.25
8313,0.25
8314,0.25
8315,-1.75
8316,-1.25
8317,-0.25
8318,-0.25
8319,1.25
8320,0.75
8321,3.25
8322,-0.25
8323,-1.75
8324,7.75
8325,-0.75
8326,0.75
8327,-2.25
8328,0.75
8329,4.75
8330,-0.75
8331,0.25
8332,1.25
8333,-3.25
8334,1.25
8335,-0.75
8336,-0.75
8337,11.75
8338,-6.25
8339,-0.25
8340,-1.75
8341,0.75
8342,-0.75
8343,-0.25
8344,4.25
8345,4.75
8346,-0.25
8347,2.75
8348,0.75
8349,0.25
8350,-0.25
8351,-0.25
8352,-0.25
8353,1.25
8354,-0.75
8355,1.25
8356,-0.75
8357,2.25
8358,-0.25
8359,5.25
8360,0.75
8361,1.75
8362,0.75
8363,0.75
8364,-0.75
8365,1.25
8366,0.75
8367,-10.25
8368,0.75
8369,-0.75
8370,-0.25
8371,-0.25
8372,-0.25
8373,0.75
8374,3.75
8375,-1.25
8376,0.75
8377,-0.75
8378,-0.75
8379,0.75
8380,0.75
8381,-1.75
8382,-0.75
8383,-2.25
8384,5.25
8385,3.25
8386,-0.25
8387,-0.25
8388,-1.25
8389,2.75
8390,0.75
8391,3.25
8392,0.25
8393,-0.25
8394,7.25
8395,-8.25
8396,-8.25
8397,-0.25
8398,-0.75
8399,-0.25
8400,0.75
8401,-0.75
8402,4.25
8403,-3.25
8404,-2.75
8405,3.25
8406,0.75
8407,0.75
8408,-1.25
8409,1.25
8410,21.5
8411,1.25
8412,-0.75
8413,-1.75
8414,-0.25
8415,-0.75
8416,-0.75
8417,-1.25
8418,0.75
8419,-0.25
8420,0.75
8421,-0.25
8422,0.75
8423,0.75
8424,0.75
8425,0.25
8426,-0.25
8427,-0.25
8428,0.75
8429,-11.75
8430,6.75
8431,-0.25
8432,0.75
8433,-0.75
8434,-3.25
8435,-0.75
8436,-0.75
8437,-0.25
8438,0.75
8439,-0.25
8440,-0.75
8441,0.75
8442,-0.75
8443,0.25
8444,-0.75
8445,2.25
8446,-0.75
8447,-0.75
8448,0.75
8449,0.75
8450,-3.75
8451,-1.25
8452,-0.75
8453,-0.25
8454,-0.25
8455,-1.75
8456,24.5
8457,0.25
8458,-0.25
8459,-0.75
8460,0.75
8461,0.75
8462,-1.25
8463,-0.25
8464,-0.75
8465,0.75
8466,-0.75
8467,-0.25
8468,0.75
8469,2.75
8470,4.25
8471,0.75
8472,1.75
8473,-0.25
8474,0.75
8475,10.0
8476,-0.75
8477,0.75
8478,1.75
8479,2.75
8480,-0.25
8481,-0.25
8482,16.0
8483,0.75
8484,1.75
8485,30.25
8486,0.75
8487,0.25
8488,1.25
8489,0.75
8490,-0.25
8491,1.25
8492,-0.75
8493,1.25
8494,-0.25
8495,0.25
8496,-0.25
8497,2.25
8498,7.75
8499,2.25
8500,-1.25
8501,-0.75
8502,-0.25
8503,-0.25
8504,-0.25
8505,-0.75
8506,-4.75
8507,1.25
8508,13.0
8509,19.5
8510,0.75
8511,1.75
8512,1.75
8513,1.75
8514,-0.25
8515,0.75
8516,4.75
8517,-0.25
8518,-0.25
8519,-6.25
8520,0.75
8521,-0.75
8522,-7.25
8523,0.75
8524,-6.75
8525,13.0
8526,1.75
8527,-0.25
8528,-0.25
8529,2.75
8530,-0.75
8531,-0.75
8532,-2.25
8533,-2.25
8534,2.25
8535,0.25
8536,5.25
8537,-0.25
8538,0.75
8539,1.75
8540,1.75
8541,-0.75
8542,-0.25
8543,1.25
8544,0.75
8545,0.75
8546,0.75
8547,0.25
8548,-17.25
8549,0.75
8550,0.75
8551,1.25
8552,1.75
8553,0.75
8554,0.25
8555,-0.25
8556,-1.75
8557,6.25
8558,-0.75
8559,-0.25
8560,0.25
8561,1.25
8562,0.75
8563,0.75
8564,1.75
8565,5.25
8566,-0.25
8567,1.25
8568,0.75
8569,-0.25
8570,-0.75
8571,-0.75
8572,1.75
8573,2.75
8574,0.75
8575,-0.25
8576,1.25
8577,0.75
8578,-0.25
8579,-10.75
8580,3.75
8581,-0.75
8582,-0.25
8583,0.75
8584,2.25
8585,0.75
8586,2.75
8587,-1.25
8588,1.75
8589,0.25
8590,0.25
8591,-0.75
8592,2.25
8593,-0.75
8594,-0.75
8595,3.25
8596,-0.25
8597,2.25
8598,-12.25
8599,0.75
8600,4.25
8601,-0.25
8602,0.75
8603,-7.25
8604,1.75
8605,0.25
8606,0.75
8607,0.75
8608,1.75
8609,-0.75
8610,0.75
8611,-0.25
8612,0.75
8613,0.25
8614,-0.25
8615,-0.75
8616,0.75
8617,0.75
8618,-2.25
8619,-0.25
8620,1.25
8621,0.75
8622,-0.75
8623,0.75
8624,-1.25
8625,-0.25
8626,0.75
8627,0.75
8628,2.25
8629,0.75
8630,-1.75
8631,-0.25
8632,1.25
8633,-0.75
8634,5.25
8635,-0.75
8636,-0.75
8637,0.25
8638,0.75
8639,0.75
8640,-0.25
8641,0.75
8642,-0.25
8643,0.75
8644,-0.75
8645,-0.25
8646,-6.25
8647,-0.75
8648,0.75
8649,-2.25
8650,0.25
8651,-0.75
8652,0.75
8653,0.75
8654,-0.25
8655,2.25
8656,-7.75
8657,0.25
8658,1.75
8659,0.25
8660,-0.75
8661,-0.25
8662,0.25
8663,-0.75
8664,0.75
8665,3.75
8666,-0.25
8667,0.75
8668,0.75
8669,-1.25
8670,-0.25
8671,0.75
8672,-0.25
8673,-0.25
8674,3.75
8675,0.75
8676,-0.75
8677,-0.75
8678,0.75
8679,-0.25
8680,0.75
8681,0.75
8682,-0.25
8683,0.25
8684,0.25
8685,12.5
8686,0.75
8687,0.75
8688,1.25
8689,-0.75
8690,1.75
8691,-0.75
8692,0.75
8693,0.25
8694,-0.75
8695,-0.75
8696,0.75
8697,1.75
8698,0.75
8699,-4.25
8700,-0.75
8701,-1.25
8702,0.75
8703,-0.25
8704,1.25
8705,0.25
8706,-0.25
8707,-0.25
8708,-0.75
8709,-1.75
8710,4.75
8711,3.25
8712,0.75
8713,-0.75
8714,1.75
8715,1.75
8716,-0.75
8717,-0.75
8718,0.75
8719,0.75
8720,0.75
8721,2.25
8722,0.75
8723,0.75
8724,-2.25
8725,-0.75
8726,-1.25
8727,-0.25
8728,1.25
8729,1.25
8730,-0.25
8731,2.25
8732,13.0
8733,-0.25
8734,0.25
8735,3.25
8736,0.75
8737,-0.75
8738,0.75
8739,3.25
8740,2.25
8741,0.75
8742,3.25
8743,-0.25
8744,1.25
8745,0.75
8746,-0.75
8747,0.25
8748,1.25
8749,-0.75
8750,0.25
8751,0.75
8752,-0.25
8753,-0.75
8754,0.75
8755,9.25
8756,1.25
8757,0.75
8758,1.75
8759,0.25
8760,-0.75
8761,-0.75
8762,0.75
8763,-0.25
8764,-0.25
8765,-0.75
8766,-0.75
8767,0.75
8768,0.25
8769,-0.75
8770,0.75
8771,0.75
8772,0.25
8773,1.75
8774,-0.75
8775,2.75
8776,-0.25
8777,0.75
8778,-0.75
8779,0.75
8780,2.25
8781,-9.75
8782,1.25
8783,-0.25
8784,1.25
8785,2.75
8786,-0.25
8787,-0.75
8788,0.25
8789,-0.25
8790,1.25
8791,0.75
8792,-0.75
8793,0.25
8794,-0.25
8795,1.25
8796,0.75
8797,-7.25
8798,-0.75
8799,2.75
8800,0.75
8801,1.75
8802,0.25
8803,5.75
8804,0.75
8805,-0.25
8806,-0.25
8807,-3.25
8808,1.75
8809,-0.75
8810,1.75
8811,-0.75
8812,3.75
8813,0.75
8814,0.25
8815,-0.75
8816,3.25
8817,-1.25
8818,0.75
8819,0.75
8820,3.25
8821,3.25
8822,-0.25
8823,0.75
8824,0.75
8825,-0.75
8826,11.25
8827,1.75
8828,-0.25
8829,0.25
8830,1.75
8831,0.75
8832,0.75
8833,0.75
8834,2.75
8835,0.75
8836,0.75
8837,-0.75
8838,0.75
8839,-0.75
8840,-0.75
8841,-0.25
8842,3.75
8843,0.25
8844,0.25
8845,-0.75
8846,3.25
8847,0.25
8848,-0.75
8849,5.25
8850,0.75
8851,-0.25
8852,21.0
8853,-0.25
8854,0.75
8855,-0.75
8856,-2.25
8857,0.75
8858,-0.75
8859,-0.75
8860,24.75
8861,0.75
8862,-0.25
8863,0.75
8864,1.75
8865,-1.25
8866,-0.75
8867,-0.75
8868,2.25
8869,-0.75
8870,-6.25
8871,0.75
8872,-0.25
8873,3.25
8874,0.25
8875,-0.75
8876,-1.25
8877,-0.75
8878,0.75
8879,1.75
8880,-0.75
8881,0.75
8882,0.25
8883,-0.75
8884,-0.75
8885,-0.75
8886,-6.25
8887,-2.75
8888,1.75
8889,0.25
8890,0.75
8891,-0.75
8892,-0.25
8893,0.75
8894,7.75
8895,-0.75
8896,0.75
8897,1.25
8898,-0.25
8899,-0.25
8900,0.25
8901,-0.75
8902,-0.25
8903,-1.25
8904,-0.25
8905,1.25
8906,3.25
8907,5.25
8908,0.75
8909,0.25
8910,0.75
8911,8.75
8912,-0.75
8913,0.75
8914,0.75
8915,2.25
8916,-0.25
8917,-0.25
8918,-0.75
8919,-0.25
8920,12.0
8921,0.75
8922,0.75
8923,-0.25
8924,0.25
8925,-0.25
8926,-0.25
8927,-0.25
8928,0.75
8929,-0.25
8930,0.25
8931,1.25
8932,0.75
8933,2.25
8934,-0.25
8935,-0.25
8936,-1.25
8937,0.25
8938,0.75
8939,-0.25
8940,1.75
8941,1.75
8942,-0.75
8943,-2.75
8944,-0.25
8945,-0.25
8946,-0.25
8947,-0.25
8948,-0.25
8949,-0.25
8950,-1.75
8951,-0.75
8952,0.75
8953,2.25
8954,-1.75
8955,-0.25
8956,-0.25
8957,-6.25
8958,-0.25
8959,3.75
8960,-0.75
8961,-8.25
8962,4.25
8963,8.25
8964,-0.25
8965,1.25
8966,3.25
8967,0.25
8968,1.25
8969,22.0
8970,-7.75
8971,-1.25
8972,-0.25
8973,-0.75
8974,4.25
8975,-2.75
8976,1.25
8977,-0.25
8978,0.75
8979,-0.25
8980,-3.25
8981,14.25
8982,-0.75
8983,-0.75
8984,0.75
8985,24.25
8986,1.25
8987,2.75
8988,0.25
8989,4.75
8990,0.75
8991,2.75
8992,-0.75
8993,1.25
8994,1.75
8995,21.5
8996,-21.75
8997,-1.25
8998,-2.25
8999,0.25
9000,-0.25
9001,0.75
9002,-2.25
9003,0.25
9004,-0.25
9005,0.75
9006,-0.75
9007,0.75
9008,12.75
9009,-0.25
9010,2.75
9011,-0.75
9012,0.25
9013,0.75
9014,3.25
9015,-0.75
9016,-0.25
9017,0.75
9018,5.75
9019,-0.75
9020,1.25
9021,1.75
9022,3.25
9023,-0.75
9024,0.75
9025,-0.75
9026,-0.75
9027,-0.25
9028,-0.75
9029,3.25
9030,1.25
9031,-0.25
9032,-0.25
9033,0.75
9034,0.75
9035,0.75
9036,-0.25
9037,-6.25
9038,1.25
9039,0.75
9040,-2.25
9041,-2.25
9042,0.25
9043,-1.25
9044,0.75
9045,1.25
9046,6.75
9047,1.75
9048,-0.75
9049,1.75
9050,-0.75
9051,0.75
9052,4.25
9053,-0.75
9054,2.25
9055,1.75
9056,-1.75
9057,0.75
9058,-0.75
9059,3.75
9060,0.75
9061,1.25
9062,8.25
9063,-0.25
9064,1.75
9065,2.25
9066,-0.75
9067,0.75
9068,0.25
9069,-0.75
9070,6.25
9071,-0.25
9072,-0.25
9073,-0.25
9074,-0.75
9075,-0.75
9076,0.75
9077,4.25
9078,-0.75
9079,1.25
9080,0.75
9081,-2.25
9082,-0.25
9083,-0.75
9084,-0.75
9085,0.75
9086,-1.25
9087,-0.25
9088,-5.25
9089,-0.75
9090,0.25
9091,1.75
9092,0.25
9093,-0.25
9094,1.75
9095,1.75
9096,-0.75
9097,3.75
9098,-1.25
9099,0.25
9100,2.75
9101,0.75
9102,-0.25
9103,0.75
9104,2.25
9105,-0.75
9106,-0.75
9107,-0.75
9108,-0.75
9109,6.25
9110,-0.75
9111,3.25
9112,1.25
9113,0.25
9114,-0.25
9115,-0.75
9116,-0.25
9117,0.25
9118,2.75
9119,-0.75
9120,-1.25
9121,-0.25
9122,-0.75
9123,0.75
9124,-0.75
9125,-1.75
9126,3.25
9127,1.75
9128,1.25
9129,-0.25
9130,0.75
9131,1.75
9132,0.75
9133,3.25
9134,-0.75
9135,0.75
9136,1.25
9137,0.75
9138,-0.75
9139,3.25
9140,13.75
9141,3.25
9142,1.25
9143,-0.75
9144,-0.75
9145,12.75
9146,-0.75
9147,0.75
9148,0.75
9149,2.75
9150,-0.25
9151,-0.25
9152,0.75
9153,3.25
9154,-1.25
9155,2.25
9156,0.75
9157,-0.25
9158,-0.75
9159,-0.75
9160,-2.75
9161,-0.75
9162,3.75
9163,3.25
9164,2.25
9165,-0.75
9166,3.75
9167,0.25
9168,-0.75
9169,-3.25
9170,0.75
9171,-0.25
9172,0.75
9173,0.25
9174,-0.25
9175,1.75
9176,0.25
9177,-0.75
9178,1.25
9179,-0.75
9180,-0.75
9181,0.75
9182,0.75
9183,-0.25
9184,0.75
9185,2.25
9186,-0.75
9187,0.25
9188,-3.75
9189,-0.75
9190,3.25
9191,-2.75
9192,0.75
9193,20.25
9194,3.75
9195,0.75
9196,-0.25
9197,1.75
9198,-0.25
9199,3.75
9200,-0.25
9201,-5.25
9202,0.25
9203,4.25
9204,0.75
9205,-0.75
9206,-0.75
9207,-0.25
9208,8.75
9209,-0.25
9210,2.75
9211,0.75
9212,6.25
9213,-0.25
9214,-0.25
9215,7.75
9216,-0.75
9217,0.25
9218,-0.25
9219,6.25
9220,-0.75
9221,-0.75
9222,-0.75
9223,0.75
9224,0.75
9225,-0.25
9226,-7.25
9227,-0.75
9228,-16.25
9229,0.75
9230,2.75
9231,2.75
9232,0.75
9233,0.75
9234,0.25
9235,0.75
9236,-0.25
9237,6.75
9238,-0.75
9239,-0.75
9240,-0.25
9241,-0.25
9242,2.25
9243,-1.75
9244,-0.25
9245,-0.25
9246,-0.25
9247,-5.25
9248,-0.25
9249,-0.75
9250,-2.75
9251,-0.75
9252,-0.75
9253,-0.25
9254,-0.25
9255,-0.75
9256,0.25
9257,2.25
9258,5.75
9259,14.0
9260,-2.25
9261,2.75
9262,0.75
9263,1.25
9264,3.25
9265,-0.25
9266,-0.25
9267,1.75
9268,0.25
9269,0.25
9270,-0.25
9271,-0.25
9272,0.25
9273,3.75
9274,0.75
9275,17.0
9276,4.25
9277,2.25
9278,-0.25
9279,-0.75
9280,2.75
9281,-0.25
9282,-1.25
9283,4.75
9284,0.75
9285,-0.25
9286,-0.25
9287,0.75
9288,3.25
9289,-0.25
9290,-0.75
9291,14.5
9292,6.25
9293,0.75
9294,3.75
9295,3.75
9296,-0.75
9297,5.25
9298,0.75
9299,0.25
9300,-0.25
9301,3.25
9302,-0.75
9303,-0.75
9304,0.75
9305,-0.75
9306,0.75
9307,-1.25
9308,-0.25
9309,0.25
9310,-0.25
9311,-0.25
9312,0.25
9313,-0.25
9314,1.75
9315,-0.75
9316,0.25
9317,16.25
9318,1.75
9319,3.75
9320,-0.25
9321,0.75
9322,2.25
9323,0.25
9324,0.75
9325,2.75
9326,-0.25
9327,0.75
9328,-3.25
9329,15.25
9330,1.75
9331,-0.75
9332,1.75
9333,-0.25
9334,-0.75
9335,-0.75
9336,0.75
9337,-2.25
9338,-0.75
9339,-0.25
9340,0.25
9341,0.25
9342,16.5
9343,0.75
9344,7.25
9345,12.0
9346,-0.75
9347,-0.75
9348,-1.25
9349,-2.25
9350,0.75
9351,9.0
9352,-1.25
9353,0.75
9354,1.75
9355,-0.75
9356,0.75
9357,3.75
9358,-0.75
9359,5.75
9360,-0.25
9361,2.25
9362,3.25
9363,16.75
9364,-0.75
9365,-0.25
9366,-0.75
9367,-0.75
9368,2.25
9369,0.75
9370,2.75
9371,0.75
9372,-0.25
9373,-2.25
9374,-0.25
9375,-0.25
9376,3.25
9377,0.75
9378,-0.25
9379,-0.25
9380,5.25
9381,0.75
9382,-1.25
9383,-6.25
9384,1.75
9385,-0.25
9386,0.75
9387,2.25
9388,0.75
9389,0.75
9390,11.25
9391,3.25
9392,-9.0
9393,0.75
9394,-0.25
9395,0.25
9396,8.25
9397,15.5
9398,-0.25
9399,0.75
9400,-0.25
9401,-1.75
9402,1.75
9403,4.75
9404,-4.25
9405,0.75
9406,12.25
9407,-0.75
9408,1.5
9409,-0.75
9410,9.0
9411,0.75
9412,11.5
9413,2.75
9414,0.75
9415,3.25
9416,0.75
9417,-0.75
9418,0.75
9419,17.25
9420,0.75
9421,-2.25
9422,2.75
9423,-4.25
9424,7.25
9425,-0.25
9426,-0.75
9427,-0.25
9428,-1.25
9429,0.75
9430,2.75
9431,-1.25
9432,0.25
9433,-0.75
9434,-0.25
9435,0.25
9436,-0.75
9437,5.0
9438,1.75
9439,-0.25
9440,0.75
9441,1.25
9442,0.25
9443,-0.75
9444,0.25
9445,0.75
9446,1.75
9447,-0.75
9448,2.75
9449,-0.75
9450,2.75
9451,-0.75
9452,-0.25
9453,2.25
9454,-0.75
9455,1.75
9456,-0.25
9457,5.25
9458,0.25
9459,-2.25
9460,0.75
9461,-0.25
9462,-0.75
9463,-0.25
9464,-0.25
9465,1.75
9466,-1.25
9467,-2.25
9468,-0.25
9469,2.75
9470,0.75
9471,-0.25
9472,1.75
9473,-0.25
9474,-0.25
9475,-0.25
9476,0.75
9477,-2.25
9478,-1.25
9479,5.25
9480,3.25
9481,1.75
9482,-7.25
9483,0.75
9484,-7.25
9485,-2.25
9486,3.75
9487,3.75
9488,6.25
9489,1.75
9490,-0.25
9491,-0.25
9492,-0.25
9493,0.25
9494,0.25
9495,0.75
9496,1.25
9497,4.75
9498,0.25
9499,-18.75
9500,1.75
9501,4.75
9502,10.75
9503,-3.5
9504,-0.25
9505,8.75
9506,-0.75
9507,20.0
9508,0.75
9509,1.75
9510,-0.75
9511,11.5
9512,-1.75
9513,3.25
9514,1.75
9515,0.25
9516,-1.25
9517,0.75
9518,0.75
9519,-0.75
9520,3.75
9521,0.75
9522,6.25
9523,11.0
9524,-1.25
9525,-1.25
9526,0.25
9527,-1.25
9528,-0.25
9529,-0.25
9530,1.25
9531,-0.25
9532,0.75
9533,8.25
9534,-0.25
9535,-15.25
9536,-0.75
9537,0.75
9538,-0.75
9539,-5.25
9540,1.25
9541,-1.25
9542,-0.75
9543,-0.25
9544,-0.25
9545,7.25
9546,0.75
9547,29.0
9548,0.75
9549,0.25
9550,1.75
9551,-0.25
9552,-0.25
9553,1.75
9554,-0.75
9555,14.75
9556,0.75
9557,-0.25
9558,0.75
9559,0.75
9560,4.25
9561,0.75
9562,-0.25
9563,0.25
9564,-0.25
9565,0.25
9566,-2.75
9567,-1.25
9568,0.75
9569,0.25
9570,0.75
9571,3.25
9572,-4.25
9573,0.25
9574,2.75
9575,-0.75
9576,0.75
9577,-0.75
9578,19.0
9579,-0.25
9580,1.25
9581,4.25
9582,-2.75
9583,2.25
9584,3.75
9585,2.25
9586,-4.75
9587,7.75
9588,8.25
9589,0.75
9590,0.75
9591,1.25
9592,-0.25
9593,1.25
9594,-1.25
9595,13.75
9596,1.75
9597,5.25
9598,3.25
9599,3.25
9600,-0.25
9601,2.25
9602,0.25
9603,-0.25
9604,-0.75
9605,-6.25
9606,-0.75
9607,0.25
9608,4.25
9609,-0.25
9610,-0.75
9611,2.75
9612,0.75
9613,23.0
9614,4.25
9615,-3.75
9616,0.75
9617,0.75
9618,-0.75
9619,2.75
9620,-0.75
9621,-0.25
9622,21.5
9623,0.75
9624,-2.25
9625,-0.75
9626,1.75
9627,0.75
9628,-0.25
9629,-0.75
9630,0.75
9631,0.25
9632,-1.25
9633,0.75
9634,17.5
9635,1.25
9636,-0.75
9637,1.25
9638,7.75
9639,1.25
9640,-0.25
9641,3.25
9642,0.75
9643,2.25
9644,19.25
9645,1.25
9646,12.0
9647,5.25
9648,0.75
9649,0.75
9650,-0.75
9651,8.25
9652,1.25
9653,24.25
9654,-1.25
9655,-0.25
9656,-0.75
9657,13.5
9658,-0.75
9659,-2.75
9660,-0.75
9661,1.75
9662,3.25
9663,-0.25
9664,0.75
9665,-0.25
9666,19.0
9667,-0.25
9668,-0.25
9669,15.5
9670,7.25
9671,30.0
9672,-0.75
9673,1.25
9674,2.75
9675,-0.75
9676,-0.25
9677,0.75
9678,0.75
9679,-0.75
9680,1.75
9681,1.75
9682,-0.75
9683,-0.25
9684,0.75
9685,-0.25
9686,-0.25
9687,-1.25
9688,22.5
9689,1.75
9690,0.75
9691,-0.75
9692,0.75
9693,3.75
9694,0.75
9695,14.5
9696,2.75
9697,15.25
9698,-0.25
9699,-0.25
9700,0.25
9701,1.25
9702,-0.75
9703,1.75
9704,0.75
9705,8.75
9706,1.75
9707,2.75
9708,-3.25
9709,0.25
9710,0.75
9711,0.75
9712,-2.25
9713,-0.25
9714,-0.75
9715,2.25
9716,-0.75
9717,-0.75
9718,0.25
9719,-0.25
9720,0.75
9721,2.25
9722,-0.25
9723,-0.25
9724,-0.25
9725,15.0
9726,9.75
9727,-1.25
9728,-0.75
9729,2.25
9730,26.0
9731,0.75
9732,3.75
9733,-0.75
9734,0.75
9735,1.75
9736,-0.25
9737,3.25
9738,-0.25
9739,2.25
9740,15.0
9741,-1.25
9742,1.75
9743,-3.25
9744,-0.75
9745,0.5
9746,0.75
9747,1.75
9748,-7.25
9749,-0.25
9750,-0.25
9751,0.25
9752,-0.25
9753,-0.75
9754,1.75
9755,-0.25
9756,-8.25
9757,2.75
9758,-0.25
9759,-0.75
9760,-0.75
9761,-0.75
9762,4.25
9763,-0.25
9764,8.25
9765,-0.25
9766,13.0
9767,0.25
9768,1.75
9769,7.25
9770,2.25
9771,7.25
9772,18.5
9773,2.75
9774,-0.75
9775,-0.25
9776,0.75
9777,3.25
9778,0.75
9779,12.75
9780,1.25
9781,-0.75
9782,0.75
9783,-0.25
9784,1.25
9785,0.75
9786,-3.25
9787,-2.25
9788,4.75
9789,5.25
9790,3.75
9791,0.75
9792,-7.25
9793,22.25
9794,0.75
9795,1.25
9796,0.75
9797,0.75
9798,0.75
9799,-10.25
9800,6.75
9801,2.25
9802,-0.25
9803,2.25
9804,-0.75
9805,5.75
9806,6.5
9807,-0.25
9808,9.0
9809,2.75
9810,0.25
9811,2.25
9812,-0.75
9813,4.25
9814,0.75
9815,-1.25
9816,10.75
9817,-4.75
9818,-0.25
9819,-0.25
9820,4.25
9821,-5.75
9822,-0.25
9823,-0.25
9824,5.25
9825,16.5
9826,2.75
9827,2.25
9828,1.25
9829,-0.75
9830,2.75
9831,3.25
9832,-0.25
9833,1.25
9834,-0.25
9835,2.25
9836,-2.25
9837,-0.25
9838,0.75
9839,-0.25
9840,-0.75
9841,9.0
9842,1.75
9843,-2.25
9844,2.25
9845,0.75
9846,4.25
9847,4.75
9848,-0.25
9849,0.75
9850,-6.75
9851,-10.25
9852,-0.25
9853,1.25
9854,12.0
9855,-0.75
9856,0.75
9857,-8.25
9858,16.5
9859,-0.75
9860,0.25
9861,-0.25
9862,-4.25
9863,-1.25
9864,-1.25
9865,-0.25
9866,18.75
9867,1.25
9868,0.75
9869,-5.75
9870,-0.75
9871,1.25
9872,-0.75
9873,0.75
9874,0.25
9875,3.75
9876,2.25
9877,0.75
9878,1.75
9879,2.75
9880,-0.25
9881,2.75
9882,9.25
9883,-0.25
9884,1.25
9885,-7.25
9886,1.25
9887,7.5
9888,-0.25
9889,0.75
9890,2.25
9891,-1.25
9892,0.75
9893,21.5
9894,0.75
9895,3.75
9896,0.25
9897,3.25
9898,-0.25
9899,0.75
9900,-0.75
9901,12.0
9902,10.0
9903,2.25
9904,-0.75
9905,28.75
9906,0.25
9907,0.75
9908,1.75
9909,-0.25
9910,0.75
9911,0.75
9912,-2.25
9913,-0.25
9914,2.75
9915,-1.25
9916,-1.25
9917,-2.25
9918,-0.25
9919,-0.75
9920,2.25
9921,-0.75
9922,2.25
9923,16.0
9924,-0.75
9925,1.25
9926,-1.75
9927,10.75
9928,0.25
9929,1.25
9930,1.75
9931,-0.25
9932,0.75
9933,-0.75
9934,-0.75
9935,9.25
9936,-20.5
9937,0.75
9938,1.75
9939,0.75
9940,0.25
9941,-0.75
9942,0.75
9943,13.0
9944,-0.25
9945,3.25
9946,0.75
9947,7.75
9948,13.0
9949,0.75
9950,-0.25
9951,-0.75
9952,0.75
9953,-7.75
9954,-0.25
9955,1.75
9956,5.25
9957,-0.75
9958,-0.75
9959,0.75
9960,-0.75
9961,-1.75
9962,0.75
9963,-0.25
9964,0.25
9965,-4.25
9966,-7.75
9967,8.25
9968,0.75
9969,0.75
9970,0.25
9971,14.5
9972,-0.25
9973,0.25
9974,-0.25
9975,-0.25
9976,-0.25
9977,-0.75
9978,0.75
9979,0.25
9980,0.75
9981,-1.25
9982,-3.25
9983,14.25
9984,0.75
9985,-0.75
9986,-0.75
9987,-2.25
9988,3.25
9989,0.25
9990,1.75
9991,-0.75
9992,-0.25
9993,-0.25
9994,-1.25
9995,-0.75
9996,0.25
9997,0.75
9998,15.5
9999,2.75
10000,0.25
10001,-0.25
10002,0.75
10003,-2.75
10004,-6.75
10005,0.25
10006,-0.75
10007,0.25
10008,2.25
10009,-0.25
10010,4.25
10011,0.25
10012,-1.75
10013,-0.75
10014,-0.25
10015,1.75
10016,-0.25
10017,-0.75
10018,-0.25
10019,-0.75
10020,0.25
10021,1.75
10022,0.75
10023,1.25
10024,9.25
10025,1.25
10026,-0.25
10027,1.75
10028,-0.25
10029,0.75
10030,1.75
10031,2.75
10032,-0.25
10033,0.75
10034,0.75
10035,-0.25
10036,-1.25
10037,-0.25
10038,-0.75
10039,6.25
10040,0.25
10041,-0.25
10042,0.25
10043,0.75
10044,1.75
10045,-0.75
10046,2.25
10047,-1.75
10048,4.75
10049,4.25
10050,-0.25
10051,-0.25
10052,1.75
10053,-3.75
10054,8.75
10055,0.75
10056,0.75
10057,0.75
10058,1.75
10059,-1.25
10060,0.75
10061,-0.25
10062,11.75
10063,0.25
10064,3.25
10065,-0.25
10066,0.75
10067,1.75
10068,0.25
10069,1.75
10070,0.75
10071,-0.75
10072,0.25
10073,-0.25
10074,-0.25
10075,-0.25
10076,-0.25
10077,1.25
10078,3.25
10079,-0.75
10080,-8.75
10081,-0.75
10082,2.75
10083,1.75
10084,0.25
10085,-0.75
10086,-0.25
10087,0.25
10088,0.75
10089,0.25
10090,0.25
10091,10.25
10092,-2.25
10093,-0.25
10094,-18.0
10095,-0.25
10096,0.25
10097,-1.75
10098,-0.75
10099,0.25
10100,2.75
10101,-1.25
10102,-0.25
10103,-0.25
10104,0.25
10105,-0.75
10106,0.75
10107,0.25
10108,1.25
10109,1.25
10110,2.25
10111,26.0
10112,-0.25
10113,7.75
10114,13.75
10115,-0.25
10116,2.75
10117,-0.25
10118,-0.25
10119,1.75
10120,6.75
10121,-7.75
10122,0.75
10123,0.75
10124,0.25
10125,-0.25
10126,0.75
10127,8.25
10128,-0.75
10129,0.75
10130,2.25
10131,0.75
10132,0.25
10133,4.75
10134,0.75
10135,2.25
10136,1.75
10137,-0.25
10138,0.75
10139,-0.75
10140,22.75
10141,7.25
10142,12.0
10143,-0.75
10144,-1.25
10145,13.0
10146,2.25
10147,-0.25
10148,1.75
10149,0.25
10150,-0.75
10151,-0.25
10152,-0.75
10153,-2.75
10154,-0.75
10155,-0.25
10156,2.75
10157,-0.25
10158,4.75
10159,-0.25
10160,2.25
10161,2.25
10162,-0.75
10163,20.0
10164,1.25
10165,-0.25
10166,-0.25
10167,0.75
10168,0.75
10169,3.75
10170,-0.25
10171,15.75
10172,1.75
10173,1.25
10174,0.75
10175,-0.25
10176,6.25
10177,1.25
10178,24.0
10179,1.25
10180,-0.75
10181,0.25
10182,-0.75
10183,-0.25
10184,0.25
10185,2.25
10186,0.75
10187,2.25
10188,0.75
10189,2.75
10190,-4.75
10191,-0.25
10192,8.75
10193,3.25
10194,0.75
10195,-0.75
10196,2.75
10197,-0.75
10198,1.25
10199,0.25
10200,-0.75
10201,0.25
10202,0.75
10203,-0.75
10204,15.25
10205,1.75
10206,4.75
10207,0.75
10208,-0.75
10209,-0.25
10210,6.25
10211,-0.25
10212,0.75
10213,-0.25
10214,2.25
10215,-2.25
10216,3.25
10217,0.25
10218,0.75
10219,0.75
10220,0.25
10221,0.25
10222,-2.75
10223,2.75
10224,0.75
10225,0.25
10226,10.0
10227,4.75
10228,-0.75
10229,0.75
10230,-0.75
10231,-8.25
10232,-0.25
10233,15.5
10234,14.0
10235,2.75
10236,1.75
10237,-0.75
10238,1.75
10239,-0.75
10240,30.0
10241,-6.25
10242,0.25
10243,0.75
10244,1.75
10245,1.25
10246,0.25
10247,-0.25
10248,2.75
10249,-0.25
10250,8.5
10251,1.75
10252,-0.25
10253,16.0
10254,4.25
10255,2.25
10256,4.75
10257,0.75
10258,-0.75
10259,-0.75
10260,-0.25
10261,5.75
10262,-0.25
10263,1.75
10264,0.25
10265,-2.75
10266,1.75
10267,19.75
10268,1.25
10269,1.25
10270,0.75
10271,5.25
10272,11.75
10273,-0.75
10274,0.75
10275,0.75
10276,-9.25
10277,2.75
10278,-0.75
10279,0.25
10280,3.25
10281,5.75
10282,0.75
10283,-2.25
10284,-0.25
10285,0.25
10286,0.75
10287,13.25
10288,16.0
10289,3.25
10290,-0.25
10291,3.75
10292,0.75
10293,-20.75
10294,0.75
10295,-0.25
10296,21.25
10297,0.75
10298,6.75
10299,3.25
10300,11.5
10301,12.0
10302,1.75
10303,28.5
10304,1.5
10305,0.75
10306,2.25
10307,3.75
10308,9.75
10309,5.25
10310,1.25
10311,-0.75
10312,-2.25
10313,2.25
10314,2.75
10315,0.75
10316,2.25
10317,5.75
10318,-0.25
10319,0.25
10320,-0.25
10321,-0.25
10322,2.75
10323,0.75
10324,-0.75
10325,-21.25
10326,-0.25
10327,3.25
10328,-0.75
10329,1.25
10330,0.75
10331,-0.25
10332,5.75
10333,1.25
10334,-0.75
10335,-11.25
10336,30.5
10337,-0.25
10338,-0.75
10339,19.5
10340,-0.75
10341,0.25
10342,2.25
10343,-0.75
10344,1.75
10345,-1.75
10346,13.0
10347,1.25
10348,0.25
10349,-2.75
10350,-1.25
10351,2.25
10352,-0.75
10353,-2.25
10354,3.75
10355,1.75
10356,-0.75
10357,-10.25
10358,6.25
10359,-2.25
10360,-0.75
10361,3.75
10362,1.25
10363,-4.25
10364,-0.75
10365,2.25
10366,3.75
10367,-0.25
10368,0.25
10369,0.75
10370,0.75
10371,1.75
10372,1.75
10373,-8.75
10374,-4.25
10375,0.75
10376,-0.75
10377,-0.75
10378,-0.25
10379,1.75
10380,-0.25
10381,-6.25
10382,-3.75
10383,-0.25
10384,-1.25
10385,0.75
10386,0.25
10387,2.25
10388,0.25
10389,0.25
10390,2.75
10391,-0.75
10392,-0.75
10393,0.75
10394,5.75
10395,-0.75
10396,0.75
10397,4.25
10398,-1.25
10399,5.75
10400,-0.75
10401,3.75
10402,0.25
10403,0.25
10404,3.75
10405,2.25
10406,2.75
10407,0.75
10408,18.0
10409,11.5
10410,0.75
10411,-0.75
10412,1.25
10413,1.75
10414,0.75
10415,18.0
10416,-1.25
10417,-2.75
10418,-0.75
10419,2.25
10420,4.5
10421,0.75
10422,27.5
10423,0.25
10424,1.75
10425,2.75
10426,0.25
10427,22.75
10428,0.75
10429,0.75
10430,23.75
10431,17.5
10432,0.25
10433,2.75
10434,0.75
10435,-0.75
10436,16.5
10437,2.25
10438,-2.25
10439,-0.75
10440,-0.25
10441,-0.75
10442,10.5
10443,-0.25
10444,3.75
10445,2.75
10446,0.25
10447,0.25
10448,1.75
10449,0.75
10450,-0.25
10451,-4.25
10452,4.75
10453,-0.75
10454,-0.25
10455,7.25
10456,-9.75
10457,2.25
10458,-4.25
10459,17.5
10460,-0.75
10461,4.25
10462,-8.25
10463,-1.25
10464,-1.75
10465,-0.75
10466,-0.75
10467,2.25
10468,-0.25
10469,0.75
10470,19.0
10471,-1.25
10472,3.25
10473,0.75
10474,-0.25
10475,-11.0
10476,1.75
10477,4.25
10478,-2.25
10479,4.75
10480,13.0
10481,3.75
10482,2.25
10483,-0.75
10484,2.75
10485,1.75
10486,5.75
10487,-1.25
10488,-4.25
10489,-0.75
10490,0.75
10491,-1.75
10492,0.75
10493,4.25
10494,-0.25
10495,0.75
10496,6.75
10497,0.25
10498,-0.25
10499,-0.25
10500,17.75
10501,1.25
10502,-0.75
10503,-1.75
10504,10.5
10505,0.75
10506,0.75
10507,-0.25
10508,0.75
10509,4.25
10510,1.75
10511,1.75
10512,-0.25
10513,3.25
10514,3.75
10515,-0.75
10516,-4.25
10517,-0.25
10518,0.75
10519,1.75
10520,0.25
10521,1.75
10522,0.75
10523,0.25
10524,-0.75
10525,0.75
10526,26.5
10527,12.0
10528,-0.75
10529,-16.25
10530,-0.25
10531,-0.75
10532,3.25
10533,14.25
10534,-7.75
10535,0.25
10536,1.75
10537,24.0
10538,0.75
10539,2.25
10540,0.75
10541,-0.25
10542,1.75
10543,7.25
10544,0.25
10545,1.75
10546,19.0
10547,1.25
10548,-0.25
10549,-0.25
10550,9.5
10551,2.75
10552,6.75
10553,3.75
10554,2.75
10555,0.75
10556,6.25
10557,2.25
10558,0.75
10559,4.25
10560,1.25
10561,0.75
10562,0.75
10563,2.25
10564,3.75
10565,3.75
10566,0.25
10567,-3.75
10568,0.75
10569,2.75
10570,0.25
10571,16.5
10572,3.75
10573,0.75
10574,0.75
10575,18.5
10576,34.5
10577,2.25
10578,-0.75
10579,-1.75
10580,-5.25
10581,2.75
10582,-0.75
10583,6.75
10584,14.0
10585,9.75
10586,15.5
10587,0.75
10588,-0.75
10589,0.25
10590,0.75
10591,-0.25
10592,0.75
10593,5.75
10594,-0.75
10595,12.0
10596,12.5
10597,-11.5
10598,-0.25
10599,20.0
10600,-5.25
10601,-8.25
10602,-0.25
10603,-10.25
10604,-0.25
10605,-0.25
10606,1.25
10607,0.25
10608,19.0
10609,2.25
10610,-0.75
10611,-0.25
10612,-0.25
10613,3.25
10614,3.75
10615,-0.75
10616,-0.25
10617,-0.25
10618,1.75
10619,6.25
10620,15.5
10621,15.5
10622,2.75
10623,2.25
10624,-0.25
10625,-0.75
10626,-10.25
10627,0.25
10628,-0.25
10629,1.25
10630,17.5
10631,16.0
10632,0.75
10633,0.75
10634,-0.25
10635,13.75
10636,-0.75
10637,-20.75
10638,-0.25
10639,1.25
10640,14.5
10641,5.25
10642,1.25
10643,0.75
10644,12.0
10645,-0.25
10646,-1.25
10647,-4.25
10648,3.75
10649,0.75
10650,5.0
10651,-0.75
10652,0.75
10653,1.25
10654,11.25
10655,0.75
10656,-0.75
10657,2.75
10658,-0.25
10659,-0.75
10660,2.25
10661,-5.25
10662,-1.25
10663,4.75
10664,1.75
10665,12.5
10666,25.0
10667,1.75
10668,0.75
10669,11.75
10670,-0.25
10671,2.75
10672,19.5
10673,0.25
10674,2.75
10675,10.75
10676,1.25
10677,1.25
10678,-0.75
10679,3.75
10680,-1.25
10681,1.25
10682,-0.25
10683,-0.75
10684,0.75
10685,0.75
10686,-0.75
10687,0.25
10688,-0.25
10689,-0.25
10690,0.75
10691,1.75
10692,-0.75
10693,25.5
10694,1.25
10695,-1.25
10696,0.75
10697,0.75
10698,-0.75
10699,1.25
10700,3.75
10701,28.5
10702,0.75
10703,-0.75
10704,0.75
10705,-2.75
10706,2.75
10707,-0.75
10708,-0.75
10709,1.25
10710,9.25
10711,-1.25
10712,0.75
10713,-0.25
10714,-0.25
10715,4.75
10716,-0.75
10717,0.75
10718,0.75
10719,0.75
10720,3.25
10721,-0.25
10722,0.75
10723,-1.25
10724,-1.25
10725,3.25
10726,0.25
10727,-0.25
10728,5.25
10729,20.0
10730,-0.25
10731,0.75
10732,25.5
10733,0.25
10734,-0.75
10735,-9.75
10736,2.25
10737,6.75
10738,0.25
10739,-8.25
10740,0.75
10741,-40.0
10742,-0.25
10743,0.75
10744,0.25
10745,0.25
10746,0.75
10747,14.0
10748,0.75
10749,3.75
10750,9.25
10751,-0.25
10752,1.75
10753,2.75
10754,3.25
10755,3.75
10756,24.0
10757,0.75
10758,-0.25
10759,5.0
10760,-0.25
10761,0.25
10762,-0.75
10763,5.25
10764,-0.75
10765,0.0
10766,-0.75
10767,-0.25
10768,0.75
10769,36.5
10770,2.25
10771,-6.25
10772,-6.25
10773,2.25
10774,-0.75
10775,2.75
10776,-0.75
10777,-0.75
10778,-0.75
10779,0.75
10780,2.25
10781,-7.25
10782,-1.75
10783,0.75
10784,3.25
10785,7.5
10786,0.25
10787,-0.75
10788,0.75
10789,-0.25
10790,2.25
10791,0.75
10792,-0.25
10793,-3.75
10794,2.75
10795,0.75
10796,0.75
10797,0.75
10798,-0.75
10799,0.75
10800,1.25
10801,-0.25
10802,0.25
10803,0.75
10804,-0.25
10805,1.75
10806,-0.75
10807,-0.75
10808,0.75
10809,-0.75
10810,-0.25
10811,10.0
10812,-0.25
10813,11.5
10814,-0.25
10815,0.75
10816,-0.25
10817,0.25
10818,-18.75
10819,-0.75
10820,-0.25
10821,0.75
10822,2.75
10823,3.25
10824,6.75
10825,0.25
10826,-2.25
10827,-0.25
10828,-1.75
10829,1.25
10830,-0.25
10831,0.75
10832,1.25
10833,-0.75
10834,-0.25
10835,11.25
10836,-0.25
10837,2.75
10838,1.75
10839,4.75
10840,-0.25
10841,-0.75
10842,0.75
10843,9.75
10844,15.25
10845,1.75
10846,0.75
10847,-0.75
10848,0.25
10849,15.0
10850,6.25
10851,-0.25
10852,30.0
10853,1.25
10854,-0.75
10855,2.75
10856,-0.25
10857,-1.25
10858,1.25
10859,-0.75
10860,0.75
10861,-0.75
10862,-8.25
10863,-0.25
10864,0.25
10865,-0.25
10866,3.75
10867,-0.75
10868,-0.75
10869,-0.75
10870,-0.25
10871,-0.25
10872,2.75
10873,-0.75
10874,-0.75
10875,-0.75
10876,-4.25
10877,2.25
10878,-1.25
10879,-0.75
10880,17.5
10881,11.0
10882,18.5
10883,-0.75
10884,-1.75
10885,-0.25
10886,4.25
10887,-0.75
10888,3.25
10889,-0.25
10890,-0.25
10891,0.25
10892,3.25
10893,2.25
10894,2.25
10895,-1.25
10896,-0.25
10897,2.75
10898,-3.75
10899,3.25
10900,0.25
10901,2.75
10902,0.75
10903,-0.75
10904,2.25
10905,0.75
10906,0.75
10907,1.25
10908,0.75
10909,13.0
10910,0.25
10911,0.75
10912,5.25
10913,18.0
10914,7.25
10915,13.0
10916,-0.75
10917,-3.25
10918,-11.25
10919,19.75
10920,-1.25
10921,-0.25
10922,-0.25
10923,-1.25
10924,-0.25
10925,14.25
10926,-0.25
10927,-2.25
10928,0.25
10929,-0.75
10930,0.75
10931,-0.75
10932,0.75
10933,-1.25
10934,-1.25
10935,4.75
10936,0.75
10937,6.75
10938,21.5
10939,3.25
10940,-1.25
10941,-0.25
10942,-0.25
10943,-0.25
10944,-1.25
10945,1.25
10946,8.25
10947,-0.25
10948,-0.75
10949,4.25
10950,0.25
10951,1.75
10952,-0.75
10953,1.25
10954,-0.25
10955,0.75
10956,-0.25
10957,10.25
10958,-0.25
10959,1.75
10960,-0.75
10961,2.75
10962,0.25
10963,-0.75
10964,-0.75
10965,15.5
10966,6.25
10967,3.25
10968,0.75
10969,-1.75
10970,2.75
10971,8.25
10972,0.75
10973,0.75
10974,-0.75
10975,1.75
10976,-0.25
10977,-0.25
10978,3.75
10979,-1.25
10980,0.75
10981,2.25
10982,-0.25
10983,1.75
10984,0.75
10985,25.5
10986,0.75
10987,1.75
10988,-21.75
10989,2.25
10990,0.75
10991,1.75
10992,13.0
10993,0.75
10994,0.75
10995,0.75
10996,-5.75
10997,-0.75
10998,-0.75
10999,13.5
11000,0.25
11001,-1.25
11002,1.25
11003,2.75
11004,-0.25
11005,-0.25
11006,0.75
11007,-0.25
11008,-0.25
11009,0.75
11010,4.75
11011,9.5
11012,2.25
11013,0.75
11014,1.25
11015,1.25
11016,0.25
11017,2.75
11018,-0.25
11019,7.5
11020,-2.75
11021,1.75
11022,0.75
11023,1.75
11024,1.25
11025,1.75
11026,11.0
11027,2.25
11028,-0.75
11029,-4.75
11030,1.75
11031,-4.75
11032,-0.75
11033,0.25
11034,-0.75
11035,-0.25
11036,-0.75
11037,0.75
11038,0.75
11039,-0.75
11040,2.25
11041,2.25
11042,2.75
11043,3.25
11044,-0.25
11045,1.25
11046,-0.75
11047,-0.75
11048,1.75
11049,1.75
11050,-0.25
11051,-0.25
11052,-1.25
11053,0.75
11054,1.75
11055,-0.75
11056,-1.25
11057,-0.75
11058,10.5
11059,0.75
11060,2.25
11061,0.75
11062,15.5
11063,-4.25
11064,0.25
11065,3.25
11066,-0.75
11067,-0.25
11068,-0.25
11069,-0.25
11070,8.75
11071,-1.25
11072,0.75
11073,-0.75
11074,8.25
11075,-0.25
11076,9.75
11077,-11.75
11078,1.25
11079,14.0
11080,3.25
11081,0.75
11082,6.25
11083,-0.75
11084,0.75
11085,15.0
11086,-7.25
11087,4.25
11088,4.25
11089,-0.75
11090,0.75
11091,14.5
11092,-2.75
11093,-0.75
11094,-0.75
11095,-0.75
11096,17.0
11097,12.5
11098,-2.75
11099,-7.25
11100,-0.25
11101,-0.25
11102,-0.25
11103,26.25
11104,1.25
11105,0.75
11106,1.75
11107,2.25
11108,-2.75
11109,-0.75
11110,0.75
11111,7.25
11112,0.25
11113,1.25
11114,1.25
11115,1.75
11116,0.25
11117,0.25
11118,-0.25
11119,0.75
11120,0.75
11121,12.25
11122,2.75
11123,0.75
11124,-0.75
11125,7.75
11126,-1.25
11127,19.0
11128,2.75
11129,1.25
11130,0.25
11131,19.5
11132,0.75
11133,2.25
11134,0.75
11135,0.75
11136,0.75
11137,2.25
11138,-0.25
11139,-2.25
11140,2.25
11141,7.25
11142,-0.75
11143,1.25
11144,-0.25
11145,12.25
11146,-0.25
11147,7.25
11148,-3.25
11149,-0.75
11150,5.25
11151,-0.75
11152,-0.75
11153,0.25
11154,-0.25
11155,-0.75
11156,1.75
11157,-1.25
11158,1.25
11159,-4.25
11160,-0.25
11161,0.75
11162,1.75
11163,0.25
11164,-2.25
11165,0.75
11166,-0.25
11167,0.75
11168,1.25
11169,-0.75
11170,2.75
11171,0.75
11172,5.75
11173,0.75
11174,18.25
11175,-0.25
11176,4.25
11177,2.75
11178,-0.25
11179,2.25
11180,1.75
11181,7.25
11182,-0.75
11183,-1.25
11184,13.5
11185,-0.25
11186,-4.75
11187,3.75
11188,1.5
11189,-0.25
11190,-3.25
11191,-0.25
11192,17.0
11193,-0.25
11194,-0.25
11195,-0.75
11196,0.75
11197,0.75
11198,-1.75
11199,8.25
11200,0.25
11201,0.25
11202,-2.75
11203,0.75
11204,-0.25
11205,-0.25
11206,3.25
11207,6.75
11208,-0.25
11209,0.25
11210,-0.25
11211,-0.25
11212,0.25
11213,-0.75
11214,18.75
11215,0.25
11216,0.25
11217,3.75
11218,-23.75
11219,0.25
11220,-0.25
11221,2.25
11222,0.25
11223,0.25
11224,-3.25
11225,6.75
11226,-0.75
11227,-0.75
11228,1.25
11229,-1.25
11230,0.25
11231,-0.75
11232,3.75
11233,-0.75
11234,0.25
11235,-10.25
11236,4.75
11237,36.0
11238,0.25
11239,6.75
11240,-0.25
11241,-0.25
11242,-0.75
11243,1.25
11244,1.25
11245,-0.25
11246,-13.25
11247,0.25
11248,-0.25
11249,0.75
11250,-0.25
11251,0.75
11252,-0.25
11253,9.75
11254,0.75
11255,9.75
11256,1.75
11257,28.0
11258,-1.25
11259,0.75
11260,-0.25
11261,-0.25
11262,0.25
11263,2.25
11264,2.25
11265,0.75
11266,-0.25
11267,-0.25
11268,4.25
11269,0.75
11270,2.25
11271,-0.75
11272,-0.25
11273,-0.75
11274,0.75
11275,0.25
11276,2.75
11277,-2.75
11278,1.25
11279,0.25
11280,1.75
11281,13.5
11282,13.75
11283,12.5
11284,-1.25
11285,1.75
11286,0.25
11287,2.25
11288,0.75
11289,-6.25
11290,0.75
11291,-0.25
11292,1.75
11293,-1.25
11294,0.75
11295,2.25
11296,0.75
11297,16.75
11298,0.75
11299,-1.25
11300,0.25
11301,0.25
11302,-0.25
11303,-0.25
11304,-0.25
11305,4.25
11306,-5.75
11307,1.75
11308,-1.25
11309,2.75
11310,7.75
11311,-1.25
11312,-0.75
11313,1.25
11314,-0.75
11315,-0.75
11316,2.75
11317,0.25
11318,1.25
11319,1.25
11320,1.25
11321,2.25
11322,0.75
11323,2.75
11324,8.25
11325,0.25
11326,-0.75
11327,-0.75
11328,3.25
11329,11.25
11330,-0.75
11331,14.25
11332,20.25
11333,0.75
11334,-0.75
11335,-0.25
11336,-0.25
11337,2.25
11338,0.75
11339,-6.75
11340,-0.75
11341,0.75
11342,11.75
11343,2.75
11344,-0.75
11345,-0.25
11346,0.75
11347,1.75
11348,-1.25
11349,1.25
11350,2.25
11351,0.75
11352,-0.25
11353,-0.25
11354,0.75
11355,6.75
11356,-3.25
11357,1.75
11358,19.5
11359,-0.25
11360,3.25
11361,-0.75
11362,20.5
11363,2.75
11364,-0.75
11365,0.75
11366,0.25
11367,1.75
11368,0.75
11369,-0.75
11370,0.75
11371,2.75
11372,-2.75
11373,-0.75
11374,-4.25
11375,0.75
11376,1.25
11377,0.25
11378,24.75
11379,2.25
11380,4.25
11381,19.25
11382,-0.75
11383,-0.25
11384,12.0
11385,-0.25
11386,-1.75
11387,14.0
11388,-0.25
11389,0.75
11390,-0.75
11391,5.25
11392,-0.75
11393,17.0
11394,12.75
11395,9.75
11396,13.0
11397,0.75
11398,3.75
11399,2.25
11400,-6.25
11401,2.25
11402,-0.25
11403,1.25
11404,1.75
11405,-0.25
11406,-0.25
11407,-1.75
11408,26.0
11409,1.25
11410,-0.75
11411,-9.25
11412,5.25
11413,-0.25
11414,15.75
11415,-0.25
11416,0.75
11417,0.25
11418,0.75
11419,-29.0
11420,-0.75
11421,0.75
11422,0.75
11423,0.25
11424,0.25
11425,17.0
11426,0.75
11427,0.75
11428,0.75
11429,-0.25
11430,2.25
11431,-0.75
11432,-0.75
11433,4.25
11434,1.25
11435,12.0
11436,-0.25
11437,-3.75
11438,2.75
11439,0.25
11440,0.75
11441,-0.75
11442,0.25
11443,32.5
11444,-0.75
11445,-5.25
11446,0.75
11447,0.75
11448,3.25
11449,-0.75
11450,2.25
11451,-0.25
11452,-0.75
11453,0.75
11454,0.25
11455,3.25
11456,-2.75
11457,0.25
11458,0.75
11459,1.75
11460,0.75
11461,13.5
11462,0.75
11463,-0.25
11464,5.75
11465,-1.25
11466,4.25
11467,1.25
11468,3.75
11469,-0.25
11470,12.75
11471,1.75
11472,0.75
11473,-4.25
11474,6.75
11475,0.75
11476,1.25
11477,5.75
11478,0.25
11479,3.25
11480,16.5
11481,1.75
11482,-1.25
11483,-2.25
11484,3.25
11485,-1.25
11486,18.0
11487,-0.75
11488,0.25
11489,-7.25
11490,5.0
11491,1.25
11492,9.75
11493,-3.75
11494,3.75
11495,-1.5
11496,-0.75
11497,1.75
11498,0.75
11499,-4.75
11500,-0.75
11501,5.25
11502,1.75
11503,-0.25
11504,-0.25
11505,1.75
11506,17.0
11507,-0.25
11508,6.25
11509,6.75
11510,13.0
11511,7.75
11512,0.75
11513,-0.25
11514,12.0
11515,-0.25
11516,0.75
11517,1.25
11518,-1.25
11519,-0.75
11520,7.75
11521,3.25
11522,14.0
11523,8.25
11524,-0.25
11525,-9.75
11526,3.75
11527,-2.25
11528,0.75
11529,1.25
11530,-1.25
11531,7.25
11532,3.75
11533,2.75
11534,-0.25
11535,13.75
11536,2.25
11537,1.5
11538,8.75
11539,-13.75
11540,4.25
11541,-0.75
11542,-0.75
11543,8.25
11544,1.75
11545,1.25
11546,20.0
11547,0.75
11548,0.75
11549,13.75
11550,0.25
11551,10.25
11552,-0.75
11553,15.25
11554,-6.25
11555,0.75
11556,2.25
11557,5.25
11558,-4.25
11559,0.75
11560,-3.5
11561,9.0
11562,-1.25
11563,0.75
11564,1.75
11565,9.5
11566,-4.75
11567,1.75
11568,1.75
11569,-6.25
11570,0.25
11571,26.0
11572,-0.25
11573,-1.25
11574,0.75
11575,0.75
11576,21.5
11577,3.75
11578,2.25
11579,-1.25
11580,0.75
11581,22.25
11582,4.25
11583,5.75
11584,15.5
11585,5.75
11586,9.75
11587,1.75
11588,15.5
11589,1.25
11590,17.75
11591,1.75
11592,-0.25
11593,-3.75
11594,-8.25
11595,9.75
11596,1.75
11597,-0.75
11598,13.75
11599,-0.75
11600,1.25
11601,1.25
11602,0.75
11603,1.25
11604,-0.25
11605,-0.75
11606,6.75
11607,-6.25
11608,13.25
11609,1.25
11610,-2.75
11611,-0.25
11612,0.75
11613,8.75
11614,-0.25
11615,24.0
11616,10.25
11617,0.75
11618,-0.25
11619,0.75
11620,-2.25
11621,22.5
11622,-0.25
11623,1.75
11624,-0.25
11625,-1.75
11626,-0.75
11627,1.75
11628,-5.75
11629,-0.25
11630,0.75
11631,-0.25
11632,0.25
11633,-0.25
11634,-0.75
11635,15.5
11636,0.75
11637,-3.25
11638,0.75
11639,-0.75
11640,19.5
11641,3.25
11642,12.0
11643,3.75
11644,-0.25
11645,-0.75
11646,-0.75
11647,18.0
11648,-0.25
11649,3.25
11650,0.25
11651,4.75
11652,1.25
11653,-2.75
11654,2.25
11655,30.0
11656,-0.25
11657,4.75
11658,-43.5
11659,-0.75
11660,2.25
11661,12.5
11662,-1.75
11663,0.75
11664,-4.75
11665,5.25
11666,14.25
11667,-4.75
11668,-8.75
11669,0.25
11670,-0.75
11671,0.75
11672,3.75
11673,2.25
11674,11.0
11675,1.75
11676,0.75
11677,-0.25
11678,2.25
11679,-2.75
11680,-0.75
11681,18.25
11682,0.25
11683,-0.75
11684,15.25
11685,-0.25
11686,-0.25
11687,0.75
11688,0.25
11689,0.75
11690,0.75
11691,-0.25
11692,-0.75
11693,13.5
11694,3.25
11695,0.75
11696,16.75
11697,-0.75
11698,-0.75
11699,0.75
11700,0.75
11701,-0.75
11702,-3.25
11703,1.25
11704,1.25
11705,2.75
11706,-0.25
11707,3.75
11708,-0.25
11709,6.75
11710,-0.75
11711,-2.75
11712,3.25
11713,20.0
11714,16.0
11715,0.75
11716,0.75
11717,1.25
11718,-0.75
11719,-0.25
11720,1.25
11721,1.25
11722,-0.75
11723,-1.25
11724,0.75
11725,2.25
11726,0.75
11727,17.0
11728,1.75
11729,0.25
11730,-0.25
11731,0.75
11732,14.75
11733,-0.75
11734,0.75
11735,-0.25
11736,14.75
11737,-1.25
11738,-0.25
11739,2.25
11740,0.75
11741,-0.25
11742,-0.25
11743,-0.25
11744,0.75
11745,-0.75
11746,0.75
11747,-1.25
11748,-11.25
11749,2.75
11750,0.75
11751,-1.25
11752,-7.25
11753,0.75
11754,1.75
11755,-1.75
11756,0.75
11757,0.75
11758,9.25
11759,-0.25
11760,9.25
11761,3.25
11762,-0.75
11763,4.25
11764,-0.25
11765,-0.75
11766,2.25
11767,-0.25
11768,-0.75
11769,0.75
11770,-0.25
11771,22.5
11772,0.75
11773,-0.75
11774,8.5
11775,0.75
11776,-0.25
11777,1.25
11778,0.25
11779,0.75
11780,-9.25
11781,-3.75
11782,0.75
11783,14.75
11784,-0.25
11785,0.25
11786,0.75
11787,-0.25
11788,-0.75
11789,0.25
11790,2.25
11791,1.75
11792,-0.75
11793,-0.75
11794,0.25
11795,2.75
11796,-6.25
11797,-0.75
11798,-0.75
11799,2.75
11800,25.0
11801,1.25
11802,-0.75
11803,-0.25
11804,1.25
11805,0.75
11806,0.75
11807,-9.25
11808,3.25
11809,-0.75
11810,0.25
11811,4.75
11812,-1.25
11813,1.75
11814,21.0
11815,2.75
11816,-5.25
11817,-0.25
11818,3.75
11819,27.5
11820,20.25
11821,-1.25
11822,1.75
11823,2.75
11824,2.25
11825,-0.25
11826,2.75
11827,13.5
11828,1.75
11829,0.75
11830,0.75
11831,-0.25
11832,2.75
11833,-0.75
11834,-0.25
11835,1.75
11836,-0.75
11837,0.75
11838,-0.25
11839,12.0
11840,8.5
11841,0.25
11842,2.25
11843,-0.75
11844,0.75
11845,5.25
11846,-0.25
11847,9.5
11848,0.25
11849,0.25
11850,-0.25
11851,1.75
11852,7.25
11853,25.5
11854,0.75
11855,-0.25
11856,-0.25
11857,-0.75
11858,18.0
11859,22.0
11860,4.25
11861,33.5
11862,-0.75
11863,-0.25
11864,-0.25
11865,-0.75
11866,14.0
11867,-0.25
11868,0.75
11869,1.25
11870,0.75
11871,-1.75
11872,-0.75
11873,5.25
11874,0.75
11875,3.25
11876,-2.25
11877,1.25
11878,0.25
11879,-1.25
11880,1.25
11881,-0.75
11882,-6.75
11883,2.25
11884,17.0
11885,0.75
11886,-0.25
11887,-0.25
11888,-4.25
11889,0.75
11890,1.75
11891,-0.25
11892,25.0
11893,-0.75
11894,0.25
11895,4.75
11896,0.75
11897,-0.75
11898,0.75
11899,-1.25
11900,0.75
11901,-11.75
11902,-1.75
11903,-0.75
11904,2.75
11905,1.25
11906,-4.25
11907,1.25
11908,-0.75
11909,1.75
11910,-0.75
11911,0.25
11912,0.25
11913,-0.75
11914,-0.25
11915,-0.25
11916,0.75
11917,-1.25
11918,-0.25
11919,4.25
11920,1.25
11921,0.25
11922,0.75
11923,2.25
11924,1.25
11925,-0.25
11926,-0.25
11927,-0.75
11928,2.25
11929,-0.75
11930,-0.75
11931,0.25
11932,0.75
11933,4.25
11934,0.75
11935,0.25
11936,4.75
11937,-0.75
11938,-0.25
11939,0.75
11940,-0.25
11941,-0.75
11942,-0.25
11943,-0.25
11944,19.75
11945,-1.25
11946,0.25
11947,-0.75
11948,-0.25
11949,-0.25
11950,0.75
11951,0.75
11952,-2.75
11953,-0.75
11954,2.25
11955,2.25
11956,-0.75
11957,1.75
11958,0.75
11959,0.75
11960,3.25
11961,-0.25
11962,-0.25
11963,8.25
11964,1.25
11965,-0.25
11966,-0.25
11967,-0.25
11968,0.25
11969,3.25
11970,0.75
11971,1.25
11972,-0.75
11973,-0.75
11974,-3.75
11975,3.75
11976,-7.75
11977,-0.25
11978,1.25
11979,-5.25
11980,-0.25
11981,-0.75
11982,0.75
11983,-1.25
11984,8.25
11985,3.25
11986,0.25
11987,-0.75
11988,0.75
11989,-5.25
11990,0.25
11991,0.25
11992,-0.25
11993,-0.75
11994,0.25
11995,-0.25
11996,-0.75
11997,1.25
11998,-0.75
11999,-1.75
12000,-0.75
12001,-0.25
12002,-0.75
12003,-0.25
12004,0.75
12005,3.25
12006,0.25
12007,0.75
12008,1.25
12009,0.25
12010,-0.25
12011,-0.25
12012,0.25
12013,-0.25
12014,-0.75
12015,0.75
12016,1.25
12017,0.75
12018,0.75
12019,-0.25
12020,1.25
12021,0.75
12022,-0.25
12023,-0.75
12024,-0.75
12025,0.75
12026,0.75
12027,-0.75
12028,0.75
12029,-5.75
12030,-0.25
12031,-0.25
12032,-0.25
12033,0.75
12034,-0.25
12035,0.75
12036,0.75
12037,-0.75
12038,0.25
12039,-0.25
12040,0.75
12041,-0.25
12042,-0.25
12043,0.25
12044,-0.75
12045,-1.25
12046,-0.75
12047,-2.75
12048,-0.75
12049,-0.25
12050,-0.75
12051,-0.75
12052,0.75
12053,-7.25
12054,0.75
12055,-0.75
12056,0.25
12057,-0.25
12058,9.25
12059,0.75
12060,-0.25
12061,-0.75
12062,-0.25
12063,0.75
12064,4.25
12065,13.75
12066,-0.25
12067,-0.75
12068,0.75
12069,-0.25
12070,-0.75
12071,-0.75
12072,0.75
12073,-0.25
12074,-0.75
12075,0.25
12076,-0.75
12077,0.25
12078,2.25
12079,1.75
12080,-0.25
12081,-0.25
12082,0.25
12083,2.75
12084,0.25
12085,0.75
12086,-0.75
12087,-0.25
12088,0.75
12089,1.25
12090,0.75
12091,1.25
12092,3.25
12093,1.75
12094,0.75
12095,3.25
12096,-0.75
12097,0.25
12098,0.25
12099,5.25
12100,-0.25
12101,-2.75
12102,3.25
12103,-13.75
12104,3.75
12105,-1.75
12106,-0.25
12107,4.75
12108,0.75
12109,-0.25
12110,-0.25
12111,-0.75
12112,1.75
12113,-0.25
12114,-0.75
12115,0.75
12116,0.75
12117,2.25
12118,0.75
12119,0.75
12120,0.25
12121,0.75
12122,-0.25
12123,0.75
12124,0.75
12125,0.25
12126,1.25
12127,0.25
12128,-0.25
12129,-0.25
12130,-0.25
12131,1.25
12132,-0.25
12133,-0.25
12134,0.75
12135,-0.75
12136,1.75
12137,11.25
12138,-19.25
12139,1.75
12140,-0.75
12141,0.75
12142,-0.25
12143,0.25
12144,-0.25
12145,1.75
12146,-0.25
12147,-0.75
12148,-0.75
12149,0.75
12150,-0.75
12151,10.5
12152,4.25
12153,0.75
12154,12.5
12155,1.25
12156,2.25
12157,4.75
12158,0.75
12159,-0.25
12160,1.25
12161,-0.75
12162,-0.75
12163,21.25
12164,-0.75
12165,-0.25
12166,-1.25
12167,-0.75
12168,0.25
12169,-0.75
12170,-0.75
12171,1.75
12172,-0.25
12173,12.25
12174,3.75
12175,0.25
12176,-0.75
12177,12.5
12178,-0.75
12179,2.75
12180,1.25
12181,-0.25
12182,-0.25
12183,-1.25
12184,-0.75
12185,0.25
12186,3.25
12187,-0.25
12188,-0.25
12189,-0.25
12190,-0.25
12191,-0.75
12192,0.75
12193,-0.75
12194,2.75
12195,-0.75
12196,-0.75
12197,2.25
12198,0.75
12199,-0.75
12200,1.75
12201,2.75
12202,-7.25
12203,0.75
12204,-0.75
12205,-0.25
12206,-0.25
12207,0.25
12208,0.75
12209,0.75
12210,-0.75
12211,2.25
12212,0.75
12213,-0.25
12214,17.0
12215,0.75
12216,-6.25
12217,-0.75
12218,-0.75
12219,0.75
12220,0.75
12221,0.75
12222,-0.75
12223,-0.25
12224,1.75
12225,-0.25
12226,0.75
12227,11.75
12228,-0.25
12229,0.75
12230,0.75
12231,0.75
12232,3.75
12233,10.75
12234,0.75
12235,1.25
12236,0.75
12237,-0.25
12238,0.75
12239,7.75
12240,0.25
12241,10.25
12242,-2.75
12243,0.75
12244,-0.25
12245,-0.25
12246,5.0
12247,0.75
12248,0.75
12249,-0.25
12250,-0.75
12251,0.75
12252,1.75
12253,0.75
12254,-0.75
12255,1.75
12256,-0.75
12257,-0.25
12258,0.25
12259,-1.25
12260,3.75
12261,3.25
12262,-0.75
12263,-2.25
12264,0.75
12265,2.25
12266,2.25
12267,2.75
12268,-0.75
12269,-0.25
12270,-0.25
12271,3.25
12272,1.25
12273,-2.25
12274,0.75
12275,2.75
12276,2.75
12277,9.0
12278,0.25
12279,-0.25
12280,0.75
12281,1.75
12282,0.25
12283,-0.25
12284,1.75
12285,0.25
12286,0.75
12287,1.75
12288,0.25
12289,-0.25
12290,-2.25
12291,-0.25
12292,-0.25
12293,-0.25
12294,-0.75
12295,0.25
12296,-0.75
12297,7.25
12298,3.75
12299,2.75
12300,2.75
12301,10.75
12302,-0.75
12303,-0.25
12304,0.25
12305,7.25
12306,-0.25
12307,1.75
12308,-0.25
12309,0.75
12310,14.0
12311,0.75
12312,0.25
12313,0.75
12314,-0.25
12315,1.75
12316,2.75
12317,-1.75
12318,-1.25
12319,1.75
12320,-0.75
12321,0.75
12322,1.25
12323,9.75
12324,2.25
12325,0.75
12326,1.75
12327,-2.25
12328,-5.25
12329,1.75
12330,0.25
12331,0.75
12332,0.75
12333,-0.25
12334,-9.25
12335,0.75
12336,14.0
12337,-0.75
12338,-0.25
12339,0.25
12340,0.75
12341,0.75
12342,-0.75
12343,-0.25
12344,-0.75
12345,-0.25
12346,-9.75
12347,-0.25
12348,2.75
12349,-2.75
12350,-0.75
12351,-0.75
12352,-0.25
12353,0.75
12354,3.25
12355,2.25
12356,1.25
12357,16.5
12358,0.75
12359,4.25
12360,2.25
12361,6.25
12362,-0.25
12363,-0.25
12364,1.75
12365,-0.75
12366,-2.75
12367,1.75
12368,0.75
12369,0.75
12370,-0.25
12371,-0.75
12372,-5.25
12373,7.25
12374,-0.25
12375,1.75
12376,1.25
12377,0.25
12378,0.75
12379,0.75
12380,-2.25
12381,-0.75
12382,4.75
12383,3.25
12384,0.75
12385,-0.75
12386,3.75
12387,-1.25
12388,-0.25
12389,-0.25
12390,4.25
12391,1.75
12392,-2.75
12393,-0.25
12394,2.25
12395,1.75
12396,-0.25
12397,-0.75
12398,-0.75
12399,-2.25
12400,0.75
12401,1.75
12402,-0.75
12403,-0.25
12404,-0.25
12405,6.75
12406,-1.25
12407,2.75
12408,0.25
12409,-1.75
12410,0.25
12411,1.75
12412,0.25
12413,2.75
12414,0.75
12415,-3.25
12416,1.25
12417,0.75
12418,-0.75
12419,-2.25
12420,-0.25
12421,0.25
12422,3.75
12423,-10.25
12424,-0.75
12425,-0.75
12426,-0.75
12427,0.25
12428,-0.25
12429,-0.25
12430,-0.75
12431,-1.25
12432,0.75
12433,8.25
12434,-0.75
12435,-0.75
12436,7.75
12437,0.75
12438,-0.25
12439,5.75
12440,0.75
12441,5.75
12442,-0.75
12443,-0.25
12444,0.75
12445,2.75
12446,-0.25
12447,-0.75
12448,-0.25
12449,0.75
12450,1.25
12451,-0.75
12452,0.75
12453,-0.75
12454,0.75
12455,-0.75
12456,-0.75
12457,0.75
12458,-0.75
12459,-0.25
12460,-0.25
12461,-0.25
12462,-0.75
12463,-11.25
12464,0.25
12465,14.25
12466,3.25
12467,-0.25
12468,-0.25
12469,1.75
12470,-0.25
12471,-6.25
12472,0.75
12473,0.25
12474,-0.75
12475,0.25
12476,19.25
12477,-0.75
12478,-2.75
12479,-0.25
12480,-0.75
12481,1.75
12482,-3.75
12483,18.25
12484,1.75
12485,0.75
12486,0.75
12487,0.25
12488,-0.75
12489,1.25
12490,-2.25
12491,-2.75
12492,-0.75
12493,0.75
12494,0.75
12495,10.25
12496,-2.25
12497,2.25
12498,-0.75
12499,-0.25
12500,10.25
12501,-0.25
12502,12.5
12503,2.75
12504,5.75
12505,0.75
12506,0.75
12507,0.25
12508,0.75
12509,-3.25
12510,0.75
12511,3.25
12512,0.75
12513,-0.75
12514,-0.25
12515,-1.25
12516,1.25
12517,-0.75
12518,-1.25
12519,-2.25
12520,0.25
12521,8.25
12522,-1.75
12523,-0.25
12524,-0.25
12525,0.25
12526,-0.75
12527,16.5
12528,-2.25
12529,-0.25
12530,0.75
12531,1.25
12532,1.75
12533,0.75
12534,-0.25
12535,0.25
12536,0.75
12537,0.75
12538,0.75
12539,13.25
12540,-0.25
12541,0.75
12542,-0.75
12543,-0.75
12544,-0.25
12545,-0.75
12546,0.25
12547,0.75
12548,-0.75
12549,-0.75
12550,0.75
12551,2.25
12552,-2.25
12553,0.25
12554,-0.75
12555,1.75
12556,3.25
12557,-1.75
12558,-0.75
12559,0.75
12560,1.25
12561,0.25
12562,0.25
12563,0.25
12564,12.5
12565,0.25
12566,0.25
12567,-0.75
12568,-1.25
12569,0.25
12570,-0.25
12571,-0.25
12572,2.25
12573,-2.25
12574,-0.25
12575,-0.25
12576,0.75
12577,2.75
12578,0.75
12579,-1.75
12580,-0.75
12581,0.75
12582,-0.25
12583,0.25
12584,-0.25
12585,1.25
12586,3.75
12587,-0.75
12588,-0.75
12589,0.25
12590,-0.25
12591,0.75
12592,-0.25
12593,2.25
12594,-0.25
12595,1.75
12596,0.75
12597,3.25
12598,21.5
12599,2.75
12600,1.25
12601,0.25
12602,-0.75
12603,-5.25
12604,-2.25
12605,-0.75
12606,-0.75
12607,-3.25
12608,-0.75
12609,-0.75
12610,-2.75
12611,-0.75
12612,-0.25
12613,1.75
12614,0.75
12615,-0.25
12616,0.75
12617,15.0
12618,1.25
12619,-3.25
12620,-0.75
12621,7.75
12622,-0.75
12623,4.75
12624,-0.75
12625,17.5
12626,1.25
12627,21.25
12628,0.75
12629,0.75
12630,0.25
12631,-2.25
12632,-0.75
12633,0.75
12634,0.75
12635,12.0
12636,2.25
12637,3.25
12638,-9.25
12639,-0.25
12640,4.75
12641,-0.25
12642,-1.75
12643,2.25
12644,0.25
12645,0.75
12646,-2.75
12647,-0.75
12648,-0.25
12649,10.75
12650,0.25
12651,1.25
12652,1.75
12653,5.25
12654,-0.25
12655,-0.25
12656,-14.75
12657,2.25
12658,0.75
12659,2.25
12660,-0.75
12661,-0.25
12662,35.5
12663,-0.75
12664,-0.75
12665,1.25
12666,-0.75
12667,-0.75
12668,-0.75
12669,-13.75
12670,-0.75
12671,-0.25
12672,0.75
12673,-0.25
12674,-0.75
12675,2.25
12676,-5.75
12677,-0.25
12678,-0.25
12679,-12.25
12680,-0.75
12681,-0.75
12682,1.75
12683,-0.75
12684,-0.75
12685,2.25
12686,-0.75
12687,0.75
12688,1.25
12689,-0.25
12690,-0.75
12691,0.75
12692,0.25
12693,1.25
12694,-0.75
12695,0.25
12696,-3.25
12697,-0.25
12698,1.25
12699,-0.75
12700,-0.25
12701,1.75
12702,0.75
12703,1.25
12704,5.25
12705,-7.25
12706,-0.75
12707,1.25
12708,0.75
12709,-0.75
12710,17.25
12711,-5.25
12712,-5.25
12713,-0.75
12714,0.75
12715,-0.25
12716,-0.75
12717,1.25
12718,-0.75
12719,-0.75
12720,-0.75
12721,0.75
12722,2.25
12723,0.75
12724,0.75
12725,-0.75
12726,2.25
12727,-1.25
12728,-0.75
12729,-2.25
12730,-2.25
12731,0.75
12732,-0.25
12733,2.25
12734,3.25
12735,0.25
12736,0.25
12737,0.75
12738,-0.25
12739,8.0
12740,0.75
12741,1.75
12742,3.75
12743,-0.25
12744,-0.25
12745,-0.25
12746,0.75
12747,-0.25
12748,0.75
12749,0.25
12750,-0.75
12751,0.25
12752,0.25
12753,-0.75
12754,0.75
12755,-0.25
12756,0.75
12757,1.25
12758,-0.25
12759,-0.75
12760,-0.75
12761,2.25
12762,-0.25
12763,-0.75
12764,0.75
12765,-0.25
12766,0.75
12767,-0.75
12768,-0.75
12769,0.75
12770,-0.25
12771,-0.25
12772,-0.75
12773,-0.25
12774,0.75
12775,-1.25
12776,6.25
12777,0.75
12778,1.75
12779,-0.75
12780,-0.25
12781,1.75
12782,-0.75
12783,1.75
12784,0.75
12785,-0.25
12786,2.75
12787,0.75
12788,1.25
12789,9.25
12790,-0.75
12791,-0.75
12792,0.75
12793,0.75
12794,-0.25
12795,0.25
12796,2.25
12797,0.25
12798,0.75
12799,-0.75
12800,6.25
12801,0.75
12802,-7.75
12803,3.75
12804,-0.25
12805,17.0
12806,-0.75
12807,-0.25
12808,-0.25
12809,-0.75
12810,-0.25
12811,-0.75
12812,0.25
12813,-0.25
12814,-0.25
12815,1.75
12816,-0.75
12817,1.75
12818,1.75
12819,-0.25
12820,-0.25
12821,-1.75
12822,-0.25
12823,-0.25
12824,0.75
12825,0.75
12826,1.75
12827,0.25
12828,-1.25
12829,-0.25
12830,-10.25
12831,3.75
12832,-0.25
12833,0.25
12834,0.75
12835,-4.25
12836,0.25
12837,-0.75
12838,-1.25
12839,-2.75
12840,5.25
12841,-0.25
12842,1.25
12843,-0.75
12844,1.25
12845,-1.75
12846,6.75
12847,1.25
12848,8.75
12849,-0.25
12850,-5.25
12851,0.75
12852,2.25
12853,0.75
12854,-0.25
12855,-0.75
12856,0.75
12857,0.75
12858,0.75
12859,0.25
12860,-0.75
12861,0.25
12862,2.25
12863,3.25
12864,-0.25
12865,-0.75
12866,-0.25
12867,-0.25
12868,1.75
12869,-2.25
12870,4.75
12871,13.25
12872,1.75
12873,-0.25
12874,0.25
12875,-2.25
12876,-2.75
12877,-0.25
12878,0.75
12879,-0.25
12880,0.75
12881,1.75
12882,2.25
12883,6.25
12884,-9.25
12885,0.75
12886,-1.25
12887,-0.75
12888,12.5
12889,0.75
12890,0.75
12891,-0.25
12892,0.25
12893,-1.25
12894,-0.25
12895,0.75
12896,0.75
12897,-1.25
12898,-0.75
12899,-0.25
12900,-2.25
12901,5.25
12902,2.25
12903,0.75
12904,-0.75
12905,-0.75
12906,-1.75
12907,4.75
12908,-0.75
12909,2.75
12910,-0.25
12911,1.25
12912,0.25
12913,9.75
12914,-0.25
12915,5.5
12916,0.25
12917,2.25
12918,-0.75
12919,3.25
12920,-3.75
12921,0.75
12922,0.75
12923,-0.25
12924,-0.75
12925,-1.25
12926,24.5
12927,-0.75
12928,-4.25
12929,0.25
12930,2.75
12931,0.75
12932,3.75
12933,0.25
12934,-0.75
12935,2.75
12936,-0.75
12937,0.75
12938,1.25
12939,0.25
12940,2.75
12941,-0.75
12942,-0.75
12943,-0.75
12944,1.25
12945,2.75
12946,1.75
12947,0.25
12948,-0.25
12949,-0.75
12950,0.25
12951,0.25
12952,1.75
12953,-0.25
12954,0.25
12955,0.75
12956,-0.75
12957,1.25
12958,1.75
12959,1.75
12960,0.25
12961,0.25
12962,-0.75
12963,1.75
12964,3.25
12965,-0.75
12966,1.75
12967,0.75
12968,-0.25
12969,5.75
12970,0.75
12971,2.25
12972,4.25
12973,1.25
12974,0.25
12975,0.75
12976,0.75
12977,-0.75
12978,-0.75
12979,-0.25
12980,0.75
12981,1.75
12982,-0.75
12983,-1.25
12984,-0.75
12985,-0.75
12986,-0.25
12987,3.25
12988,0.25
12989,7.25
12990,3.25
12991,1.75
12992,0.75
12993,-0.25
12994,-0.25
12995,-0.25
12996,-0.25
12997,-1.25
12998,3.25
12999,-0.25
13000,-4.25
13001,3.75
13002,0.75
13003,0.75
13004,-0.75
13005,-0.75
13006,0.75
13007,-0.75
13008,1.25
13009,1.75
13010,0.75
13011,-0.25
13012,1.75
13013,-0.25
13014,-0.75
13015,0.75
13016,0.75
13017,2.25
13018,-0.75
13019,-0.25
13020,0.25
13021,11.25
13022,0.25
13023,-7.75
13024,0.75
13025,-0.25
13026,-0.25
13027,-3.25
13028,0.25
13029,-0.25
13030,0.25
13031,-0.25
13032,-0.25
13033,-0.75
13034,13.5
13035,18.0
13036,2.75
13037,2.25
13038,0.75
13039,-0.75
13040,4.25
13041,1.25
13042,-0.75
13043,17.5
13044,-0.75
13045,0.25
13046,6.75
13047,-0.75
13048,2.75
13049,1.75
13050,-0.75
13051,-0.75
13052,-5.75
13053,-0.75
13054,-1.75
13055,8.75
13056,-0.75
13057,1.75
13058,-1.25
13059,2.75
13060,4.75
13061,2.25
13062,1.25
13063,20.75
13064,-0.75
13065,33.5
13066,-0.25
13067,1.25
13068,15.5
13069,-0.75
13070,0.25
13071,0.75
13072,-9.75
13073,0.75
13074,1.25
13075,-0.25
13076,2.75
13077,-0.75
13078,-0.25
13079,-0.25
13080,-0.25
13081,-0.75
13082,-0.75
13083,-1.75
13084,-0.25
13085,6.75
13086,1.75
13087,-19.25
13088,0.75
13089,2.25
13090,9.75
13091,3.25
13092,0.75
13093,-0.25
13094,0.75
13095,-0.75
13096,-0.75
13097,3.75
13098,-0.25
13099,2.75
13100,24.0
13101,6.75
13102,13.0
13103,0.75
13104,-0.25
13105,21.5
13106,0.25
13107,10.75
13108,24.25
13109,-0.75
13110,-2.25
13111,4.75
13112,-0.75
13113,-0.75
13114,2.25
13115,-0.25
13116,1.25
13117,0.75
13118,-0.75
13119,-0.75
13120,3.75
13121,-0.25
13122,-1.25
13123,5.75
13124,-0.75
13125,3.25
13126,0.25
13127,2.25
13128,0.25
13129,-0.75
13130,-2.25
13131,-0.75
13132,-0.75
13133,2.25
13134,-0.75
13135,0.75
13136,0.75
13137,0.75
13138,0.75
13139,-0.75
13140,6.25
13141,0.25
13142,-2.75
13143,4.75
13144,2.25
13145,-0.25
13146,-1.25
13147,0.75
13148,6.75
13149,-0.75
13150,0.75
13151,-0.75
13152,0.25
13153,0.75
13154,2.25
13155,-0.25
13156,1.75
13157,0.25
13158,-3.25
13159,-0.25
13160,-0.75
13161,-2.75
13162,-0.75
13163,-9.25
13164,-4.75
13165,1.25
13166,2.25
13167,-4.25
13168,9.75
13169,3.25
13170,3.25
13171,1.75
13172,-0.25
13173,-0.25
13174,1.25
13175,2.25
13176,8.25
13177,0.75
13178,17.0
13179,0.25
13180,0.75
13181,1.25
13182,-2.25
13183,0.25
13184,-0.25
13185,-7.25
13186,-0.75
13187,-0.75
13188,18.5
13189,-7.25
13190,0.75
13191,0.75
13192,-0.75
13193,14.25
13194,5.75
13195,0.75
13196,-0.75
13197,-0.25
13198,1.25
13199,0.75
13200,1.25
13201,-0.25
13202,-7.25
13203,-3.25
13204,1.25
13205,2.75
13206,1.75
13207,2.25
13208,1.25
13209,-0.75
13210,0.75
13211,-8.75
13212,0.75
13213,1.25
13214,5.25
13215,-0.25
13216,13.75
13217,-0.75
13218,-0.75
13219,-0.25
13220,2.75
13221,-0.25
13222,2.25
13223,0.75
13224,-1.25
13225,1.75
13226,0.75
13227,20.25
13228,0.75
13229,0.75
13230,5.75
13231,0.25
13232,0.75
13233,0.75
13234,6.75
13235,12.0
13236,4.75
13237,-0.25
13238,-0.75
13239,-0.25
13240,24.0
13241,3.25
13242,-0.75
13243,0.75
13244,0.25
13245,0.75
13246,-0.25
13247,1.75
13248,19.0
13249,-2.25
13250,-0.25
13251,-0.75
13252,4.25
13253,-0.75
13254,0.75
13255,8.5
13256,-0.25
13257,2.25
13258,12.0
13259,-0.25
13260,-0.25
13261,2.25
13262,0.75
13263,-0.25
13264,-0.25
13265,-0.75
13266,16.5
13267,3.75
13268,-1.25
13269,0.75
13270,7.75
13271,2.25
13272,-0.25
13273,0.75
13274,14.0
13275,21.5
13276,0.75
13277,-1.25
13278,2.25
13279,2.75
13280,-0.25
13281,2.75
13282,-16.25
13283,7.75
13284,-0.75
13285,0.75
13286,17.5
13287,-5.25
13288,0.75
13289,14.0
13290,2.25
13291,-7.75
13292,0.25
13293,3.25
13294,-0.75
13295,4.25
13296,2.75
13297,0.75
13298,20.5
13299,0.75
13300,1.25
13301,0.25
13302,22.75
13303,1.75
13304,0.75
13305,-5.75
13306,2.25
13307,0.75
13308,8.25
13309,3.75
13310,0.75
13311,-0.75
13312,-0.25
13313,1.75
13314,-0.75
13315,10.25
13316,-0.75
13317,-1.25
13318,27.5
13319,-0.75
13320,7.25
13321,-0.75
13322,0.75
13323,1.25
13324,0.75
13325,3.75
13326,4.75
13327,-0.75
13328,0.75
13329,0.75
13330,-0.75
13331,1.25
13332,0.25
13333,-2.25
13334,1.75
13335,3.25
13336,-0.75
13337,2.25
13338,1.25
13339,2.25
13340,-0.75
13341,1.25
13342,12.75
13343,0.75
13344,4.25
13345,1.75
13346,-1.25
13347,-1.75
13348,-0.75
13349,-0.75
13350,0.75
13351,1.75
13352,-0.25
13353,-0.75
13354,1.75
13355,13.0
13356,16.75
13357,0.25
13358,-0.75
13359,8.75
13360,0.75
13361,-1.25
13362,12.0
13363,-7.75
13364,0.75
13365,0.75
13366,0.75
13367,12.0
13368,2.25
13369,15.5
13370,1.25
13371,2.75
13372,0.75
13373,0.75
13374,17.75
13375,1.25
13376,0.75
13377,-0.75
13378,1.75
13379,-0.25
13380,-0.25
13381,3.75
13382,-3.25
13383,0.75
13384,0.75
13385,1.75
13386,12.5
13387,0.25
13388,-0.75
13389,0.25
13390,7.25
13391,0.75
13392,-0.25
13393,2.75
13394,0.75
13395,-0.25
13396,-0.75
13397,0.75
13398,2.25
13399,-0.25
13400,-0.25
13401,-0.25
13402,1.25
13403,-0.75
13404,1.75
13405,0.25
13406,-0.75
13407,-9.75
13408,26.5
13409,-0.75
13410,-0.25
13411,-0.25
13412,0.75
13413,-0.25
13414,-0.25
13415,0.25
13416,-0.25
13417,0.75
13418,0.75
13419,-0.25
13420,-0.75
13421,-8.25
13422,-0.75
13423,0.25
13424,-0.25
13425,-2.75
13426,-0.75
13427,-1.25
13428,-0.75
13429,2.25
13430,4.75
13431,3.25
13432,-0.25
13433,-1.25
13434,9.25
13435,12.0
13436,3.25
13437,20.0
13438,-0.75
13439,0.75
13440,1.75
13441,0.25
13442,-4.75
13443,0.75
13444,34.75
13445,-1.25
13446,5.75
13447,-3.25
13448,1.25
13449,5.75
13450,-0.75
13451,0.75
13452,-0.75
13453,7.25
13454,-0.75
13455,0.75
13456,-0.75
13457,1.75
13458,10.25
13459,-2.25
13460,29.5
13461,1.75
13462,4.75
13463,-10.25
13464,-0.25
13465,0.75
13466,1.25
13467,-5.75
13468,22.0
13469,1.25
13470,-0.25
13471,-0.25
13472,0.75
13473,-3.25
13474,3.75
13475,-11.25
13476,-10.75
13477,0.75
13478,15.5
13479,0.25
13480,-0.75
13481,1.25
13482,18.75
13483,3.75
13484,-1.75
13485,1.75
13486,7.5
13487,0.75
13488,-0.25
13489,-0.75
13490,5.75
13491,-6.75
13492,3.75
13493,-0.25
13494,-0.25
13495,1.75
13496,3.25
13497,0.25
13498,-1.25
13499,6.75
13500,0.75
13501,-0.75
13502,1.25
13503,0.75
13504,0.25
13505,2.25
13506,0.25
13507,27.0
13508,-0.25
13509,0.75
13510,1.25
13511,0.25
13512,0.25
13513,-0.75
13514,0.75
13515,-0.75
13516,0.75
13517,-0.75
13518,-0.75
13519,-0.75
13520,2.75
13521,1.75
13522,2.25
13523,-13.75
13524,0.25
13525,2.75
13526,-0.25
13527,-0.25
13528,20.5
13529,0.25
13530,2.25
13531,-0.75
13532,-1.25
13533,0.75
13534,-0.75
13535,0.75
13536,0.25
13537,0.75
13538,8.25
13539,-3.25
13540,0.75
13541,0.25
13542,0.75
13543,8.5
13544,8.5
13545,-0.75
13546,-7.75
13547,-0.75
13548,-0.75
13549,-1.25
13550,7.0
13551,0.25
13552,-0.25
13553,-0.75
13554,0.75
13555,-4.25
13556,-3.25
13557,3.25
13558,-0.75
13559,8.5
13560,-1.25
13561,-0.25
13562,2.25
13563,-6.25
13564,-3.25
13565,2.25
13566,0.75
13567,2.25
13568,3.75
13569,1.75
13570,-0.25
13571,2.25
13572,4.75
13573,-0.75
13574,-0.25
13575,0.75
13576,-4.25
13577,-2.25
13578,-0.75
13579,2.25
13580,1.25
13581,-0.75
13582,17.0
13583,0.25
13584,-0.75
13585,2.75
13586,-0.75
13587,28.0
13588,-0.25
13589,-5.25
13590,0.75
13591,-0.25
13592,-0.25
13593,13.5
13594,0.75
13595,-10.75
13596,-0.25
13597,6.75
13598,-5.25
13599,-0.75
13600,3.75
13601,0.75
13602,-0.75
13603,-0.25
13604,-0.25
13605,1.75
13606,-0.25
13607,-0.75
13608,0.75
13609,4.75
13610,-0.25
13611,2.75
13612,-0.75
13613,1.75
13614,-0.25
13615,-1.25
13616,0.75
13617,1.75
13618,-0.25
13619,0.75
13620,1.25
13621,0.25
13622,-0.25
13623,-0.75
13624,-0.75
13625,-0.75
13626,-0.75
13627,2.75
13628,-0.75
13629,-0.75
13630,-0.25
13631,-0.25
13632,5.75
13633,-0.25
13634,0.75
13635,-7.75
13636,1.25
13637,2.75
13638,-1.25
13639,0.75
13640,2.75
13641,11.25
13642,-0.75
13643,0.75
13644,4.25
13645,-0.25
13646,-0.25
13647,-0.75
13648,0.75
13649,-0.75
13650,16.5
13651,-0.75
13652,0.25
13653,12.25
13654,-0.75
13655,22.5
13656,-0.25
13657,-0.25
13658,-0.25
13659,2.75
13660,1.25
13661,0.75
13662,-0.75
13663,-0.75
13664,0.75
13665,-0.75
13666,-0.25
13667,-1.25
13668,0.25
13669,-2.25
13670,0.75
13671,-0.75
13672,-0.75
13673,13.25
13674,-0.25
13675,-0.75
13676,-0.25
13677,-0.25
13678,3.75
13679,0.75
13680,0.75
13681,-1.25
13682,-1.25
13683,-0.75
13684,-0.75
13685,2.25
13686,0.75
13687,3.25
13688,1.25
13689,-0.75
13690,-0.25
13691,-0.25
13692,1.25
13693,0.75
13694,-0.75
13695,0.75
13696,0.25
13697,1.25
13698,2.75
13699,3.25
13700,-0.25
13701,0.75
13702,0.25
13703,7.25
13704,-0.25
13705,3.25
13706,0.75
13707,1.25
13708,-7.75
13709,-0.25
13710,0.75
13711,1.75
13712,0.75
13713,0.75
13714,2.25
13715,-0.25
13716,-0.25
13717,-0.75
13718,-0.25
13719,1.75
13720,5.75
13721,-0.25
13722,2.25
13723,13.75
13724,-0.25
13725,0.75
13726,5.25
13727,-0.75
13728,0.25
13729,2.25
13730,0.75
13731,0.75
13732,1.25
13733,-0.25
13734,0.25
13735,-0.75
13736,-0.25
13737,-0.25
13738,-8.25
13739,1.25
13740,2.75
13741,-0.75
13742,3.25
13743,1.75
13744,0.25
13745,-4.25
13746,18.0
13747,4.25
13748,-0.75
13749,-0.25
13750,-0.25
13751,-2.25
13752,18.0
13753,-0.75
13754,-0.75
13755,22.0
13756,2.75
13757,-0.25
13758,2.75
13759,-0.25
13760,-0.75
13761,6.75
13762,3.25
13763,-8.25
13764,0.25
13765,-0.25
13766,-0.25
13767,0.25
13768,-4.25
13769,-7.25
13770,26.5
13771,-0.25
13772,0.75
13773,0.75
13774,-0.75
13775,-0.75
13776,0.75
13777,-0.75
13778,3.75
13779,0.25
13780,2.75
13781,-2.25
13782,-1.25
13783,0.75
13784,-0.75
13785,0.75
13786,-1.25
13787,-0.25
13788,0.75
13789,-0.75
13790,3.25
13791,0.25
13792,1.25
13793,-0.25
13794,0.75
13795,1.75
13796,12.25
13797,0.25
13798,0.25
13799,-0.25
13800,7.25
13801,1.25
13802,-2.25
13803,-0.75
13804,-0.75
13805,-0.25
13806,-0.75
13807,5.25
13808,3.25
13809,-0.75
13810,1.25
13811,3.75
13812,-0.75
13813,0.25
13814,2.25
13815,-7.75
13816,0.75
13817,0.75
13818,-0.25
13819,-0.75
13820,9.75
13821,0.25
13822,0.25
13823,2.25
13824,6.25
13825,1.25
13826,0.75
13827,-1.25
13828,0.75
13829,-0.25
13830,-0.75
13831,0.75
13832,-0.25
13833,-0.75
13834,-0.25
13835,2.25
13836,18.25
13837,-7.25
13838,14.75
13839,-0.25
13840,-2.75
13841,-0.25
13842,0.75
13843,1.25
13844,-0.75
13845,0.75
13846,0.75
13847,-0.75
13848,1.25
13849,0.75
13850,0.75
13851,0.75
13852,-0.75
13853,1.75
13854,0.25
13855,-0.25
13856,-0.25
13857,1.75
13858,0.75
13859,-0.75
13860,-0.25
13861,2.25
13862,-0.75
13863,4.75
13864,1.75
13865,-0.25
13866,-7.75
13867,3.25
13868,1.25
13869,0.75
13870,1.25
13871,-0.25
13872,-0.75
13873,13.5
13874,3.25
13875,15.5
13876,-0.25
13877,-0.75
13878,-0.25
13879,-0.25
13880,-7.5
13881,-2.25
13882,-0.75
13883,1.25
13884,-0.25
13885,5.25
13886,-0.25
13887,5.25
13888,3.25
13889,7.75
13890,0.75
13891,0.25
13892,0.75
13893,16.75
13894,-0.25
13895,0.25
13896,-0.25
13897,-0.25
13898,2.75
13899,-0.75
13900,0.25
13901,-0.25
13902,14.5
13903,1.75
13904,0.75
13905,15.25
13906,-0.75
13907,-0.75
13908,-0.75
13909,0.25
13910,-0.25
13911,-0.25
13912,9.0
13913,-0.75
13914,-0.25
13915,3.25
13916,0.75
13917,-0.75
13918,-1.25
13919,2.75
13920,-0.75
13921,-1.25
13922,0.75
13923,-4.25
13924,2.25
13925,0.25
13926,-1.75
13927,-0.25
13928,-7.25
13929,3.75
13930,0.75
13931,0.25
13932,0.25
13933,-0.25
13934,-0.75
13935,-0.75
13936,4.25
13937,-2.25
13938,2.75
13939,-0.75
13940,3.75
13941,2.75
13942,3.25
13943,-0.75
13944,-0.25
13945,2.75
13946,13.75
13947,-0.75
13948,10.75
13949,-0.75
13950,0.75
13951,24.5
13952,14.0
13953,0.75
13954,-2.25
13955,-0.75
13956,0.75
13957,1.25
13958,0.75
13959,0.75
13960,1.75
13961,-0.75
13962,-0.25
13963,1.25
13964,13.5
13965,-0.25
13966,7.25
13967,-4.75
13968,-0.25
13969,1.25
13970,-0.75
13971,-0.25
13972,-10.25
13973,-17.0
13974,-0.75
13975,0.75
13976,12.5
13977,0.75
13978,0.75
13979,1.25
13980,14.0
13981,0.75
13982,2.75
13983,-3.25
13984,-0.25
13985,0.75
13986,0.75
13987,-0.25
13988,-0.25
13989,0.75
13990,0.25
13991,1.25
13992,1.75
13993,-2.25
13994,0.25
13995,-1.25
13996,0.25
13997,0.75
13998,17.25
13999,-0.75
14000,-0.75
14001,0.75
14002,3.75
14003,-0.75
14004,-0.75
14005,0.25
14006,0.75
14007,-0.75
14008,0.75
14009,-1.75
14010,0.75
14011,0.75
14012,1.75
14013,-2.25
14014,0.75
14015,-0.25
14016,5.75
14017,0.75
14018,5.25
14019,-7.25
14020,4.75
14021,8.25
14022,-0.25
14023,0.25
14024,-1.25
14025,10.5
14026,-0.75
14027,0.75
14028,-0.25
14029,-0.75
14030,0.25
14031,0.75
14032,-0.25
14033,-0.25
14034,-0.25
14035,0.75
14036,-0.25
14037,-0.25
14038,0.25
14039,0.75
14040,-0.75
14041,0.75
14042,4.75
14043,0.75
14044,-0.25
14045,0.75
14046,0.75
14047,1.25
14048,-0.25
14049,-0.25
14050,-0.75
14051,-0.25
14052,2.75
14053,-0.25
14054,-8.25
14055,0.25
14056,3.75
14057,0.75
14058,1.75
14059,0.25
14060,0.75
14061,5.25
14062,0.25
14063,-7.75
14064,-1.25
14065,0.75
14066,-0.25
14067,17.0
14068,22.0
14069,0.25
14070,-0.75
14071,2.25
14072,0.75
14073,1.75
14074,-1.25
14075,-0.25
14076,-17.75
14077,0.75
14078,0.25
14079,0.25
14080,0.75
14081,-6.25
14082,10.75
14083,-0.25
14084,-0.25
14085,3.75
14086,1.25
14087,0.25
14088,0.75
14089,2.25
14090,12.5
14091,0.25
14092,-0.75
14093,1.75
14094,-0.25
14095,-0.75
14096,-0.75
14097,1.75
14098,-0.25
14099,12.0
14100,1.25
14101,-0.25
14102,0.75
14103,-0.25
14104,-2.25
14105,21.5
14106,0.25
14107,0.25
14108,-0.75
14109,-1.25
14110,0.75
14111,2.75
14112,-0.75
14113,1.75
14114,2.75
14115,-1.25
14116,2.75
14117,1.75
14118,-2.25
14119,-0.25
14120,-15.75
14121,0.75
14122,0.25
14123,2.25
14124,0.25
14125,0.75
14126,-0.75
14127,1.25
14128,0.75
14129,23.0
14130,-28.25
14131,0.75
14132,0.75
14133,-1.25
14134,3.25
14135,3.75
14136,0.25
14137,-0.75
14138,-0.25
14139,-0.75
14140,0.75
14141,2.25
14142,-2.75
14143,0.75
14144,-0.25
14145,-0.25
14146,-0.25
14147,-0.75
14148,0.25
14149,1.75
14150,3.25
14151,-1.25
14152,0.75
14153,-0.25
14154,-0.25
14155,-20.75
14156,-0.75
14157,0.75
14158,-2.25
14159,0.75
14160,-0.75
14161,0.25
14162,0.25
14163,1.25
14164,0.75
14165,-0.25
14166,-0.25
14167,-0.75
14168,1.75
14169,-0.25
14170,-0.75
14171,-2.75
14172,-0.75
14173,1.75
14174,-0.75
14175,0.25
14176,-0.75
14177,-0.25
14178,0.75
14179,-0.25
14180,3.25
14181,-0.25
14182,-0.25
14183,-0.25
14184,0.25
14185,0.75
14186,-0.75
14187,0.75
14188,-0.25
14189,0.75
14190,0.25
14191,-0.25
14192,-0.75
14193,-0.25
14194,1.25
14195,2.25
14196,8.25
14197,-0.25
14198,-0.75
14199,0.25
14200,0.25
14201,0.75
14202,1.25
14203,1.25
14204,-0.75
14205,-0.25
14206,-0.25
14207,0.75
14208,1.75
14209,1.25
14210,2.75
14211,-0.25
14212,-0.25
14213,-0.25
14214,-0.25
14215,1.25
14216,-2.25
14217,0.75
14218,0.75
14219,-0.25
14220,-0.25
14221,1.25
14222,-0.75
14223,0.25
14224,3.25
14225,0.75
14226,1.25
14227,-0.25
14228,2.75
14229,-0.25
14230,-0.25
14231,-0.25
14232,-0.75
14233,6.25
14234,-0.75
14235,-0.75
14236,0.75
14237,-0.75
14238,6.25
14239,1.25
14240,2.25
14241,0.25
14242,5.25
14243,-0.75
14244,-0.75
14245,3.25
14246,1.75
14247,-0.25
14248,-0.75
14249,-0.25
14250,2.75
14251,-4.25
14252,-0.25
14253,4.75
14254,-0.25
14255,1.75
14256,-0.75
14257,-0.75
14258,-0.75
14259,-0.75
14260,0.75
14261,-2.75
14262,-0.25
14263,-0.25
14264,6.25
14265,-0.25
14266,1.25
14267,1.25
14268,0.75
14269,2.75
14270,-1.25
14271,-0.75
14272,0.25
14273,-0.75
14274,0.75
14275,-1.25
14276,-0.75
14277,-0.75
14278,-0.75
14279,0.75
14280,-0.75
14281,-0.75
14282,-0.25
14283,-0.75
14284,-0.75
14285,0.25
14286,-0.75
14287,0.75
14288,0.75
14289,-0.75
14290,0.75
14291,2.75
14292,1.25
14293,1.25
14294,-0.25
14295,-0.25
14296,-0.75
14297,0.75
14298,-0.25
14299,-0.25
14300,0.25
14301,-0.75
14302,-0.75
14303,0.75
14304,2.25
14305,-0.75
14306,0.75
14307,0.25
14308,0.75
14309,1.25
14310,0.25
14311,-0.75
14312,0.75
14313,1.75
14314,0.75
14315,2.75
14316,-0.25
14317,-0.75
14318,-0.25
14319,0.75
14320,-0.25
14321,0.75
14322,-0.25
14323,0.25
14324,3.75
14325,-0.25
14326,-0.75
14327,0.25
14328,0.75
14329,-0.75
14330,3.75
14331,-0.25
14332,-0.25
14333,1.75
14334,1.75
14335,-0.75
14336,0.75
14337,0.75
14338,0.75
14339,0.75
14340,-0.75
14341,-0.75
14342,-0.75
14343,-0.75
14344,0.75
14345,0.25
14346,0.75
14347,0.75
14348,0.75
14349,-0.75
14350,-0.75
14351,-0.75
14352,0.25
14353,-0.75
14354,-0.25
14355,1.25
14356,0.75
14357,-0.75
14358,-0.25
14359,-0.75
14360,-1.25
14361,7.25
14362,-1.25
14363,2.75
14364,0.75
14365,0.25
14366,4.25
14367,-0.75
14368,2.25
14369,-0.75
14370,-0.25
14371,0.75
14372,-0.25
14373,1.75
14374,2.25
14375,5.25
14376,1.75
14377,0.75
14378,0.75
14379,0.75
14380,0.75
14381,0.75
14382,-0.75
14383,-0.75
14384,-0.25
14385,2.25
14386,-0.75
14387,2.25
14388,-0.25
14389,-0.75
14390,-0.75
14391,5.25
14392,1.75
14393,-0.75
14394,-0.75
14395,1.25
14396,-0.25
14397,-0.25
14398,3.25
14399,13.5
14400,-0.75
14401,-0.25
14402,-1.25
14403,-2.75
14404,-0.25
14405,-0.25
14406,-2.75
14407,-0.25
14408,-10.75
14409,0.75
14410,-0.25
14411,1.25
14412,-0.75
14413,-1.25
14414,0.25
14415,0.75
14416,-0.75
14417,-0.75
14418,0.75
14419,0.75
14420,0.75
14421,-0.75
14422,0.25
14423,0.75
14424,0.75
14425,0.75
14426,-0.75
14427,0.75
14428,-0.25
14429,0.75
14430,0.75
14431,-0.25
14432,18.25
14433,-0.25
14434,-0.75
14435,-0.25
14436,0.75
14437,-0.25
14438,-0.25
14439,0.75
14440,-0.75
14441,-0.75
14442,0.75
14443,-0.75
14444,-0.25
14445,0.25
14446,-0.25
14447,0.75
14448,-0.75
14449,-2.25
14450,1.75
14451,3.75
14452,-0.25
14453,-0.25
14454,0.75
14455,-0.75
14456,-0.25
14457,-2.75
14458,-0.25
14459,-0.75
14460,2.25
14461,-0.25
14462,0.75
14463,5.75
14464,-0.75
14465,-0.25
14466,-8.25
14467,1.75
14468,0.25
14469,-0.25
14470,-0.25
14471,0.25
14472,5.25
14473,-0.75
14474,0.75
14475,1.25
14476,12.5
14477,-0.25
14478,0.25
14479,0.75
14480,-0.75
14481,-0.25
14482,1.25
14483,0.75
14484,-0.25
14485,0.75
14486,-0.25
14487,9.75
14488,-1.75
14489,-1.25
14490,6.25
14491,-0.75
14492,6.25
14493,-0.25
14494,2.25
14495,-0.25
14496,0.75
14497,-0.25
14498,-0.25
14499,0.25
14500,-4.75
14501,-2.25
14502,-0.75
14503,16.75
14504,-0.25
14505,1.25
14506,0.75
14507,-0.25
14508,-0.75
14509,-0.75
14510,-0.75
14511,-0.75
14512,3.75
14513,-0.25
14514,1.25
14515,-2.75
14516,0.25
14517,-0.25
14518,1.75
14519,0.25
14520,-0.25
14521,4.75
14522,-0.75
14523,4.75
14524,-0.25
14525,-1.25
14526,0.75
14527,-0.75
14528,0.25
14529,5.75
14530,-0.25
14531,0.75
14532,0.75
14533,7.75
14534,-0.25
14535,1.25
14536,1.25
14537,0.75
14538,-0.25
14539,17.25
14540,-0.25
14541,1.25
14542,-0.25
14543,-0.25
14544,-0.25
14545,4.75
14546,2.25
14547,-0.75
14548,2.25
14549,1.75
14550,-1.25
14551,0.25
14552,-0.75
14553,-0.75
14554,16.75
14555,-0.25
14556,0.75
14557,0.25
14558,2.75
14559,-0.75
14560,-0.25
14561,0.75
14562,1.75
14563,-0.75
14564,2.25
14565,-1.25
14566,2.25
14567,1.75
14568,1.75
14569,2.25
14570,6.75
14571,0.25
14572,-0.75
14573,-0.75
14574,-0.25
14575,-0.25
14576,1.75
14577,7.75
14578,-0.25
14579,1.75
14580,10.25
14581,0.75
14582,-0.75
14583,0.25
14584,8.25
14585,-0.75
14586,4.75
14587,0.75
14588,6.75
14589,-0.75
14590,4.75
14591,-0.25
14592,1.75
14593,-0.75
14594,12.0
14595,-2.75
14596,0.75
14597,1.75
14598,0.75
14599,-0.75
14600,-0.25
14601,3.25
14602,6.25
14603,1.25
14604,1.75
14605,-0.75
14606,-0.25
14607,2.25
14608,-0.75
14609,3.25
14610,0.75
14611,1.75
14612,3.25
14613,3.75
14614,-0.25
14615,-0.25
14616,-5.25
14617,-0.75
14618,-1.25
14619,0.75
14620,4.25
14621,-0.75
14622,-0.25
14623,0.75
14624,1.75
14625,-0.25
14626,1.25
14627,0.75
14628,-0.25
14629,-0.25
14630,-0.25
14631,-0.25
14632,-5.25
14633,0.75
14634,19.75
14635,1.25
14636,1.75
14637,-1.75
14638,2.75
14639,0.25
14640,27.5
14641,-0.75
14642,-0.25
14643,2.25
14644,1.25
14645,-1.75
14646,-0.75
14647,0.25
14648,-0.75
14649,-0.75
14650,15.25
14651,-0.75
14652,-0.25
14653,0.25
14654,-1.25
14655,0.25
14656,0.75
14657,3.25
14658,0.25
14659,-0.75
14660,-0.75
14661,0.25
14662,-0.25
14663,-0.25
14664,-0.25
14665,7.25
14666,-0.25
14667,0.75
14668,1.75
14669,1.75
14670,-0.25
14671,1.75
14672,-1.75
14673,2.75
14674,0.25
14675,0.25
14676,-3.75
14677,4.75
14678,2.75
14679,-0.25
14680,-12.75
14681,-2.25
14682,0.75
14683,-0.75
14684,0.75
14685,1.75
14686,4.75
14687,-0.25
14688,-0.25
14689,-0.75
14690,1.25
14691,-0.75
14692,-0.25
14693,2.25
14694,0.75
14695,0.75
14696,-3.25
14697,-0.25
14698,1.75
14699,-0.75
14700,10.0
14701,-1.75
14702,0.75
14703,1.25
14704,0.75
14705,-0.75
14706,-2.25
14707,-0.75
14708,-0.75
14709,0.75
14710,-0.75
14711,0.75
14712,0.25
14713,0.75
14714,-0.75
14715,0.75
14716,0.75
14717,-0.75
14718,0.75
14719,1.75
14720,-1.25
14721,0.75
14722,-0.25
14723,-0.75
14724,-0.75
14725,23.25
14726,1.75
14727,-1.25
14728,-0.25
14729,0.75
14730,-2.75
14731,-0.25
14732,0.25
14733,-0.25
14734,2.25
14735,0.25
14736,1.75
14737,0.75
14738,-0.75
14739,1.25
14740,-0.25
14741,-0.75
14742,-0.25
14743,5.75
14744,0.75
14745,2.25
14746,0.75
14747,1.75
14748,-13.75
14749,1.75
14750,-0.75
14751,1.75
14752,0.75
14753,-0.75
14754,-0.25
14755,0.75
14756,-0.25
14757,1.75
14758,-3.75
14759,-0.25
14760,0.25
14761,-0.75
14762,2.75
14763,-0.75
14764,13.0
14765,7.75
14766,-0.25
14767,1.75
14768,-1.25
14769,0.25
14770,-0.75
14771,-0.75
14772,15.5
14773,-0.25
14774,-0.75
14775,0.75
14776,-0.25
14777,-0.25
14778,30.5
14779,0.25
14780,0.75
14781,1.75
14782,-1.75
14783,0.75
14784,1.25
14785,0.25
14786,-5.25
14787,12.25
14788,0.75
14789,0.75
14790,-0.75
14791,-0.75
14792,-0.75
14793,-0.25
14794,0.75
14795,-0.75
14796,-0.75
14797,0.75
14798,-0.25
14799,-0.25
14800,0.75
14801,0.75
14802,-0.25
14803,-5.75
14804,-0.75
14805,-0.75
14806,-0.75
14807,11.25
14808,-0.25
14809,-0.25
14810,-0.25
14811,-0.25
14812,0.75
14813,-0.25
14814,1.75
14815,0.25
14816,0.75
14817,-0.75
14818,0.75
14819,0.75
14820,-0.25
14821,2.75
14822,12.0
14823,-0.25
14824,-0.75
14825,0.75
14826,-0.25
14827,1.75
14828,-0.25
14829,5.25
14830,-0.25
14831,-4.25
14832,-0.75
14833,0.75
14834,-0.75
14835,0.75
14836,-1.75
14837,1.75
14838,0.75
14839,-0.75
14840,10.25
14841,-4.75
14842,0.25
14843,1.25
14844,-0.75
14845,-9.75
14846,-1.75
14847,1.25
14848,-0.25
14849,1.75
14850,-0.25
14851,1.25
14852,-4.25
14853,7.25
14854,0.75
14855,-0.25
14856,3.75
14857,15.25
14858,-1.75
14859,5.25
14860,0.75
14861,0.75
14862,0.25
14863,1.25
14864,9.75
14865,0.75
14866,2.75
14867,-1.25
14868,0.75
14869,-0.75
14870,-0.75
14871,-2.25
14872,-0.25
14873,0.75
14874,2.75
14875,17.25
14876,3.25
14877,8.25
14878,-0.75
14879,3.75
14880,0.25
14881,0.25
14882,0.75
14883,-10.75
14884,7.75
14885,-0.75
14886,2.75
14887,0.75
14888,0.25
14889,-0.25
14890,-2.75
14891,-1.75
14892,-0.25
14893,-0.75
14894,-0.25
14895,11.75
14896,1.75
14897,-0.75
14898,-0.25
14899,-0.75
14900,0.75
14901,1.25
14902,-0.25
14903,0.75
14904,-1.25
14905,-0.25
14906,-0.75
14907,0.75
14908,1.25
14909,-2.25
14910,4.25
14911,-0.25
14912,-0.25
14913,0.75
14914,0.75
14915,-0.75
14916,-0.25
14917,3.75
14918,-0.25
14919,1.25
14920,-0.75
14921,-0.25
14922,-0.75
14923,1.75
14924,0.75
14925,1.25
14926,-0.25
14927,3.25
14928,-1.25
14929,1.75
14930,-0.25
14931,3.75
14932,19.0
14933,5.25
14934,0.25
14935,9.75
14936,-0.75
14937,5.25
14938,-0.75
14939,-0.75
14940,3.25
14941,5.25
14942,-0.75
14943,0.25
14944,-0.25
14945,1.25
14946,1.25
14947,0.75
14948,-0.75
14949,-0.75
14950,6.25
14951,-0.25
14952,0.75
14953,-0.75
14954,-1.25
14955,2.25
14956,0.75
14957,-5.25
14958,0.75
14959,-0.75
14960,1.25
14961,3.25
14962,4.25
14963,1.75
14964,-0.75
14965,-0.75
14966,0.75
14967,1.75
14968,6.25
14969,2.25
14970,-0.25
14971,0.25
14972,1.25
14973,-3.25
14974,15.75
14975,-4.75
14976,-0.25
14977,1.25
14978,-0.75
14979,-0.25
14980,-2.75
14981,-3.25
14982,1.75
14983,-1.25
14984,0.75
14985,0.75
14986,-0.25
14987,0.75
14988,-0.25
14989,0.25
14990,1.25
14991,-0.75
14992,-0.25
14993,0.25
14994,1.25
14995,0.75
14996,-0.75
14997,-0.25
14998,3.75
14999,21.5
15000,-0.25
15001,-0.75
15002,-0.25
15003,-2.25
15004,-0.75
15005,12.0
15006,2.75
15007,0.75
15008,3.25
15009,-0.75
15010,3.25
15011,0.75
15012,-4.75
15013,2.25
15014,-0.75
15015,2.25
15016,0.75
15017,-0.75
15018,3.25
15019,-0.25
15020,0.75
15021,-0.25
15022,0.75
15023,1.25
15024,-0.75
15025,1.75
15026,-0.25
15027,0.75
15028,-6.25
15029,1.25
15030,-5.25
15031,-0.25
15032,-1.25
15033,0.25
15034,0.75
15035,-2.75
15036,-0.75
15037,-0.75
15038,2.75
15039,-0.25
15040,-0.25
15041,1.25
15042,-2.25
15043,1.25
15044,-0.75
15045,-0.75
15046,-2.25
15047,2.75
15048,0.75
15049,0.25
15050,-2.75
15051,-1.25
15052,-0.25
15053,1.25
15054,0.75
15055,7.25
15056,18.5
15057,-0.25
15058,0.75
15059,1.75
15060,0.25
15061,0.75
15062,0.25
15063,1.25
15064,-0.25
15065,4.25
15066,0.75
15067,-0.75
15068,-0.25
15069,-0.75
15070,-1.25
15071,-0.75
15072,0.25
15073,0.25
15074,0.25
15075,0.75
15076,-0.25
15077,-13.25
15078,0.75
15079,1.25
15080,0.75
15081,-0.75
15082,1.75
15083,1.75
15084,-0.75
15085,2.75
15086,2.25
15087,1.25
15088,0.75
15089,1.75
15090,-0.75
15091,-0.75
15092,1.25
15093,-0.75
15094,0.75
15095,-0.75
15096,2.25
15097,-0.75
15098,-0.25
15099,2.25
15100,2.75
15101,-0.25
15102,-0.25
15103,-0.75
15104,-0.75
15105,-13.25
15106,0.25
15107,-0.75
15108,1.75
15109,-0.25
15110,2.75
15111,0.75
15112,0.75
15113,-0.25
15114,-0.25
15115,-0.25
15116,-0.25
15117,5.75
15118,1.75
15119,0.25
15120,9.75
15121,1.75
15122,0.75
15123,0.75
15124,2.75
15125,2.75
15126,-0.25
15127,-0.25
15128,0.75
15129,14.0
15130,0.75
15131,-0.75
15132,-0.25
15133,-0.25
15134,0.75
15135,-0.25
15136,13.25
15137,-0.75
15138,0.25
15139,1.25
15140,0.25
15141,-0.25
15142,0.25
15143,-2.75
15144,0.25
15145,0.25
15146,-5.25
15147,-0.25
15148,1.75
15149,-0.75
15150,-0.25
15151,-0.75
15152,4.25
15153,-0.75
15154,0.75
15155,14.25
15156,0.75
15157,1.25
15158,0.25
15159,0.25
15160,-0.25
15161,5.25
15162,-0.25
15163,-5.25
15164,-0.75
15165,-0.75
15166,2.25
15167,0.25
15168,1.25
15169,3.75
15170,-0.75
15171,0.25
15172,0.75
15173,-0.25
15174,0.75
15175,1.25
15176,-5.25
15177,-1.25
15178,1.25
15179,1.75
15180,-0.25
15181,3.25
15182,0.25
15183,12.25
15184,0.75
15185,-0.75
15186,-0.75
15187,-0.75
15188,1.25
15189,-0.25
15190,-0.25
15191,1.75
15192,-7.75
15193,-0.25
15194,1.25
15195,-0.75
15196,-0.75
15197,13.5
15198,-0.75
15199,16.5
15200,3.25
15201,-0.75
15202,-0.25
15203,-0.75
15204,-0.75
15205,10.25
15206,4.25
15207,1.75
15208,-2.75
15209,-0.75
15210,-0.25
15211,-0.75
15212,-2.25
15213,7.75
15214,-0.75
15215,-0.25
15216,0.25
15217,-0.75
15218,0.25
15219,1.25
15220,-0.75
15221,0.75
15222,1.75
15223,-0.25
15224,1.75
15225,-0.75
15226,-0.25
15227,-0.75
15228,0.75
15229,1.25
15230,-2.25
15231,0.75
15232,-0.25
15233,5.75
15234,2.25
15235,2.25
15236,11.75
15237,1.75
15238,20.75
15239,-0.25
15240,12.5
15241,0.75
15242,0.25
15243,-0.25
15244,-5.25
15245,2.75
15246,-0.75
15247,0.25
15248,0.25
15249,-18.0
15250,-0.75
15251,0.75
15252,-0.25
15253,-0.25
15254,-1.25
15255,-0.25
15256,-0.25
15257,1.25
15258,2.25
15259,2.25
15260,-0.75
15261,17.5
15262,-6.25
15263,-0.25
15264,21.0
15265,12.0
15266,-0.25
15267,0.75
15268,0.75
15269,2.75
15270,-0.75
15271,-0.75
15272,2.25
15273,-0.25
15274,0.25
15275,-1.25
15276,0.75
15277,-0.75
15278,7.25
15279,0.75
15280,12.25
15281,1.25
15282,1.25
15283,-0.25
15284,-0.25
15285,0.75
15286,-1.25
15287,0.75
15288,0.75
15289,2.25
15290,-2.25
15291,16.5
15292,-0.75
15293,-0.25
15294,-0.25
15295,1.75
15296,-0.25
15297,6.25
15298,-0.75
15299,0.75
15300,-0.75
15301,-0.75
15302,4.75
15303,-15.25
15304,0.75
15305,7.0
15306,-0.75
15307,-2.25
15308,0.25
15309,0.75
15310,1.75
15311,-0.75
15312,0.75
15313,-0.75
15314,-0.75
15315,1.75
15316,0.25
15317,1.25
15318,-1.25
15319,-0.25
15320,1.25
15321,-0.75
15322,-0.25
15323,-0.25
15324,1.25
15325,-2.25
15326,-0.75
15327,0.25
15328,-3.25
15329,0.25
15330,0.75
15331,-0.25
15332,1.25
15333,-0.25
15334,2.25
15335,0.75
15336,-0.75
15337,-0.25
15338,0.75
15339,-0.75
15340,-0.75
15341,-0.25
15342,-0.25
15343,-2.25
15344,-0.75
15345,-0.25
15346,0.75
15347,1.25
15348,1.25
15349,5.25
15350,-0.25
15351,0.75
15352,-0.75
15353,1.25
15354,0.25
15355,-0.75
15356,-0.75
15357,-5.25
15358,-0.75
15359,0.75
15360,-0.25
15361,0.75
15362,0.75
15363,-0.25
15364,-0.25
15365,-0.25
15366,2.25
15367,0.75
15368,1.75
15369,-0.25
15370,-1.75
15371,-0.25
15372,-2.25
15373,0.75
15374,1.25
15375,-2.25
15376,0.25
15377,-0.25
15378,-0.75
15379,-0.75
15380,0.75
15381,-0.75
15382,-2.75
15383,3.25
15384,-0.25
15385,2.25
15386,5.25
15387,1.25
15388,-0.25
15389,-0.75
15390,1.75
15391,0.25
15392,-0.75
15393,-1.25
15394,1.25
15395,-0.75
15396,-0.25
15397,-0.25
15398,1.25
15399,1.75
15400,-0.25
15401,-0.75
15402,-0.25
15403,0.75
15404,0.75
15405,-0.75
15406,-0.75
15407,-0.75
15408,1.25
15409,-0.75
15410,-0.75
15411,-0.25
15412,-0.75
15413,0.25
15414,-0.25
15415,-1.25
15416,-0.75
15417,1.25
15418,1.25
15419,-0.25
15420,-0.25
15421,-1.75
15422,-0.75
15423,-0.75
15424,-0.75
15425,0.75
15426,2.25
15427,0.75
15428,0.25
15429,9.25
15430,1.25
15431,2.75
15432,2.25
15433,-0.25
15434,10.25
15435,12.5
15436,2.25
15437,-3.75
15438,0.75
15439,2.75
15440,-0.25
15441,-0.75
15442,-0.75
15443,0.75
15444,0.75
15445,-0.75
15446,-0.75
15447,0.75
15448,5.25
15449,-0.75
15450,0.25
15451,2.25
15452,2.25
15453,-1.25
15454,0.25
15455,-5.25
15456,-0.75
15457,-0.75
15458,-0.75
15459,-0.75
15460,-0.75
15461,10.75
15462,-0.25
15463,-0.25
15464,0.75
15465,-0.25
15466,0.75
15467,1.75
15468,3.25
15469,-0.75
15470,0.75
15471,0.75
15472,0.75
15473,0.75
15474,0.75
15475,-0.75
15476,0.75
15477,-0.75
15478,-0.75
15479,-5.25
15480,0.75
15481,4.75
15482,2.25
15483,3.75
15484,0.75
15485,-0.25
15486,-0.25
15487,3.75
15488,-0.25
15489,8.75
15490,-0.75
15491,2.25
15492,-0.75
15493,-0.75
15494,-0.25
15495,0.75
15496,-0.75
15497,0.75
15498,0.75
15499,-0.25
15500,-0.25
15501,-0.75
15502,0.25
15503,-0.75
15504,-0.25
15505,-0.75
15506,2.25
15507,0.75
15508,9.25
15509,-0.75
15510,0.25
15511,1.25
15512,22.5
15513,0.75
15514,-0.75
15515,-0.75
15516,0.75
15517,0.25
15518,1.25
15519,14.25
15520,-0.25
15521,-0.75
15522,-2.25
15523,0.75
15524,0.75
15525,-0.25
15526,13.25
15527,-0.25
15528,-3.25
15529,-0.75
15530,-9.25
15531,-0.25
15532,0.25
15533,-0.25
15534,0.25
15535,1.25
15536,4.75
15537,-0.25
15538,-0.25
15539,0.75
15540,-1.25
15541,2.25
15542,1.75
15543,-0.25
15544,0.25
15545,-0.75
15546,0.75
15547,4.25
15548,-0.25
15549,-0.75
15550,-0.25
15551,0.25
15552,1.25
15553,1.25
15554,-0.75
15555,-0.25
15556,-3.25
15557,0.75
15558,-1.25
15559,-0.75
15560,-0.25
15561,-0.25
15562,0.75
15563,-0.75
15564,-0.25
15565,0.25
15566,0.75
15567,-0.25
15568,0.75
15569,-0.75
15570,2.25
15571,3.75
15572,2.75
15573,-0.75
15574,4.25
15575,1.25
15576,0.75
15577,-0.25
15578,-0.75
15579,1.75
15580,-0.25
15581,-0.25
15582,0.75
15583,0.25
15584,-0.25
15585,-12.25
15586,0.75
15587,1.25
15588,-0.75
15589,-0.75
15590,-0.25
15591,-0.25
15592,-1.75
15593,8.75
15594,3.25
15595,-0.75
15596,-0.75
15597,15.0
15598,21.5
15599,-1.25
15600,3.25
15601,1.75
15602,3.25
15603,-0.75
15604,1.25
15605,0.75
15606,4.25
15607,0.75
15608,0.75
15609,-9.25
15610,-0.75
15611,0.75
15612,0.75
15613,1.75
15614,-3.25
15615,-0.25
15616,-1.75
15617,0.25
15618,-0.25
15619,0.75
15620,0.75
15621,-5.25
15622,-0.25
15623,1.75
15624,0.75
15625,-0.75
15626,0.25
15627,-0.25
15628,-0.25
15629,0.25
15630,-0.25
15631,1.25
15632,-1.25
15633,-0.75
15634,-0.25
15635,0.75
15636,-0.25
15637,-0.25
15638,0.75
15639,-0.25
15640,-0.25
15641,-0.25
15642,0.75
15643,-4.25
15644,-0.25
15645,0.25
15646,1.75
15647,1.25
15648,0.75
15649,0.75
15650,-0.25
15651,5.25
15652,-0.75
15653,1.75
15654,-0.75
15655,-0.75
15656,1.75
15657,0.75
15658,0.75
15659,-0.25
15660,6.75
15661,2.75
15662,-0.25
15663,0.75
15664,-0.25
15665,1.75
15666,0.75
15667,-0.25
15668,-0.75
15669,-0.75
15670,-0.75
15671,0.75
15672,-0.25
15673,2.75
15674,-1.25
15675,0.75
15676,0.75
15677,-1.25
15678,0.75
15679,-2.25
15680,-0.75
15681,-0.75
15682,0.75
15683,-0.25
15684,5.75
15685,-0.75
15686,-0.25
15687,-0.75
15688,-0.75
15689,0.75
15690,7.25
15691,-0.75
15692,0.25
15693,-0.25
15694,-0.75
15695,-0.75
15696,0.75
15697,-0.75
15698,0.75
15699,24.5
15700,-0.25
15701,1.25
15702,2.75
15703,0.25
15704,-0.25
15705,2.25
15706,1.25
15707,1.25
15708,-1.25
15709,-0.25
15710,0.25
15711,-0.25
15712,-0.75
15713,-1.25
15714,0.75
15715,0.75
15716,0.25
15717,-1.25
15718,2.75
15719,0.75
15720,-0.75
15721,4.25
15722,0.25
15723,0.75
15724,0.25
15725,-0.25
15726,-0.75
15727,-0.75
15728,1.25
15729,1.25
15730,-0.25
15731,3.75
15732,-0.25
15733,-0.75
15734,2.25
15735,-1.25
15736,0.25
15737,0.75
15738,12.0
15739,0.25
15740,1.75
15741,-0.75
15742,1.75
15743,1.75
15744,-0.25
15745,1.25
15746,0.25
15747,0.25
15748,7.25
15749,-0.75
15750,0.75
15751,2.25
15752,-0.25
15753,-0.75
15754,-4.25
15755,-1.25
15756,-0.75
15757,0.25
15758,-0.75
15759,4.25
15760,0.75
15761,0.75
15762,0.75
15763,-0.75
15764,-0.25
15765,-0.75
15766,-0.75
15767,-0.25
15768,1.25
15769,0.75
15770,-0.75
15771,-0.75
15772,0.25
15773,-0.75
15774,-3.25
15775,0.25
15776,1.25
15777,-0.25
15778,-9.25
15779,0.75
15780,-0.25
15781,-0.75
15782,-0.25
15783,0.25
15784,4.75
15785,0.75
15786,-0.75
15787,-0.25
15788,-4.75
15789,-6.25
15790,3.25
15791,0.75
15792,-0.75
15793,-0.25
15794,-1.25
15795,0.75
15796,1.75
15797,2.25
15798,-0.25
15799,-1.25
15800,3.75
15801,-0.75
15802,-0.25
15803,0.25
15804,-0.75
15805,-0.75
15806,-0.25
15807,12.75
15808,5.25
15809,-0.25
15810,0.75
15811,0.75
15812,-0.25
15813,0.25
15814,-0.75
15815,1.75
15816,-0.75
15817,0.25
15818,-1.75
15819,-8.25
15820,-0.25
15821,0.75
15822,3.75
15823,-1.75
15824,3.75
15825,0.75
15826,0.75
15827,10.0
15828,0.75
15829,-7.25
15830,-0.75
15831,3.25
15832,0.75
15833,-0.75
15834,0.75
15835,-0.75
15836,-0.75
15837,0.75
15838,-1.25
15839,2.75
15840,5.25
15841,-0.75
15842,0.75
15843,0.75
15844,-0.25
15845,3.25
15846,-0.75
15847,0.25
15848,-2.25
15849,-0.75
15850,2.25
15851,0.75
15852,-1.25
15853,0.75
15854,0.75
15855,-0.75
15856,-0.75
15857,0.75
15858,-0.75
15859,-0.25
15860,-0.25
15861,-0.25
15862,-0.25
15863,2.25
15864,0.75
15865,-0.25
15866,0.75
15867,-0.25
15868,0.25
15869,-0.75
15870,-0.25
15871,5.25
15872,-7.25
15873,-0.25
15874,18.5
15875,-0.75
15876,0.75
15877,0.75
15878,0.75
15879,-0.75
15880,0.75
15881,3.25
15882,0.75
15883,-0.75
15884,2.25
15885,-1.25
15886,3.25
15887,-0.75
15888,-8.75
15889,0.25
15890,-0.25
15891,-0.75
15892,0.75
15893,1.25
15894,-1.25
15895,2.25
15896,-0.75
15897,0.75
15898,0.75
15899,-0.25
15900,-0.75
15901,0.75
15902,0.75
15903,0.75
15904,1.25
15905,0.75
15906,1.25
15907,16.5
15908,-8.25
15909,1.75
15910,0.75
15911,-0.75
15912,0.25
15913,4.75
15914,-0.75
15915,-0.75
15916,-0.75
15917,-0.75
15918,0.75
15919,-0.75
15920,0.75
15921,12.0
15922,-0.75
15923,1.25
15924,0.75
15925,0.75
15926,-0.75
15927,7.75
15928,-0.75
15929,0.75
15930,2.25
15931,1.75
15932,-1.25
15933,0.25
15934,-0.75
15935,-1.25
15936,-0.25
15937,-0.25
15938,-0.75
15939,-2.25
15940,0.25
15941,0.75
15942,0.75
15943,-0.25
15944,0.75
15945,8.75
15946,0.75
15947,-0.75
15948,-0.75
15949,4.25
15950,-0.75
15951,-1.25
15952,3.25
15953,3.25
15954,3.25
15955,0.75
15956,-0.75
15957,4.25
15958,-3.25
15959,1.75
15960,0.75
15961,-1.25
15962,-1.25
15963,-0.75
15964,9.25
15965,0.75
15966,-0.75
15967,0.75
15968,-0.75
15969,-0.25
15970,0.25
15971,-0.75
15972,-0.25
15973,-0.25
15974,-1.25
15975,0.75
15976,-0.25
15977,0.75
15978,-0.25
15979,2.75
15980,1.25
15981,-0.75
15982,-3.25
15983,1.75
15984,2.25
15985,-0.25
15986,-0.25
15987,-0.75
15988,4.25
15989,1.75
15990,1.25
15991,1.25
15992,-0.75
15993,14.25
15994,0.25
15995,1.75
15996,-2.25
15997,0.75
15998,-5.75
15999,0.25
16000,-0.25
16001,-0.75
16002,0.75
16003,9.25
16004,-0.75
16005,0.75
16006,0.25
16007,-0.25
16008,0.75
16009,0.75
16010,8.25
16011,-0.25
16012,-1.25
16013,0.75
16014,-0.75
16015,-0.25
16016,-0.75
16017,2.75
16018,-0.25
16019,-0.25
16020,1.75
16021,-0.75
16022,-3.75
16023,-0.25
16024,-0.25
16025,-0.25
16026,-0.25
16027,-1.25
16028,-0.25
16029,-0.25
16030,0.75
16031,-0.25
16032,2.25
16033,16.25
16034,2.25
16035,3.75
16036,-0.75
16037,0.25
16038,13.25
16039,10.75
16040,-0.75
16041,5.25
16042,-0.25
16043,0.75
16044,-0.25
16045,-0.75
16046,1.75
16047,0.75
16048,0.75
16049,0.75
16050,-4.25
16051,0.25
16052,-0.25
16053,1.75
16054,-1.25
16055,-0.75
16056,-0.75
16057,-0.25
16058,-0.75
16059,-0.75
16060,-0.75
16061,-0.25
16062,-0.25
16063,4.25
16064,5.75
16065,0.25
16066,12.25
16067,-0.25
16068,0.25
16069,-0.75
16070,-0.75
16071,3.75
16072,15.0
16073,-1.25
16074,-0.75
16075,-0.75
16076,0.25
16077,0.75
16078,0.75
16079,0.75
16080,0.25
16081,11.0
16082,-0.75
16083,0.25
16084,3.25
16085,-1.25
16086,0.75
16087,0.75
16088,-0.75
16089,-3.75
16090,5.25
16091,-0.25
16092,-0.25
16093,-0.25
16094,-0.75
16095,0.75
16096,-0.25
16097,-0.75
16098,0.75
16099,-0.25
16100,0.25
16101,1.25
16102,-0.75
16103,-0.25
16104,0.75
16105,1.25
16106,1.75
16107,2.25
16108,0.25
16109,17.75
16110,5.75
16111,1.25
16112,7.25
16113,0.75
16114,0.75
16115,-3.75
16116,0.25
16117,-11.75
16118,-0.75
16119,15.75
16120,-0.25
16121,3.25
16122,0.75
16123,3.75
16124,0.25
16125,2.75
16126,-0.75
16127,0.25
16128,1.75
16129,-0.25
16130,-0.75
16131,0.25
16132,1.75
16133,0.25
16134,-0.75
16135,-0.25
16136,2.75
16137,-15.25
16138,-3.25
16139,2.25
16140,1.75
16141,0.75
16142,-0.75
16143,-0.25
16144,-0.25
16145,5.25
16146,-0.25
16147,16.5
16148,11.25
16149,2.25
16150,3.25
16151,-0.75
16152,-0.75
16153,-0.75
16154,0.25
16155,0.75
16156,10.25
16157,7.75
16158,0.75
16159,-0.75
16160,3.25
16161,2.25
16162,-0.75
16163,1.75
16164,-4.25
16165,1.75
16166,-0.75
16167,-0.25
16168,0.25
16169,-0.25
16170,-2.25
16171,-0.25
16172,1.25
16173,-2.75
16174,-0.25
16175,3.25
16176,1.25
16177,0.75
16178,0.75
16179,1.75
16180,1.75
16181,-12.75
16182,-0.25
16183,1.25
16184,-0.75
16185,-8.25
16186,-0.25
16187,-0.75
16188,-0.75
16189,0.75
16190,0.25
16191,-0.25
16192,0.75
16193,-10.25
16194,0.25
16195,-0.75
16196,-2.75
16197,-1.75
16198,-0.75
16199,5.25
16200,3.75
16201,-0.25
16202,0.75
16203,-0.25
16204,-1.25
16205,1.75
16206,-0.25
16207,1.75
16208,-0.75
16209,2.75
16210,-0.75
16211,1.25
16212,5.75
16213,1.75
16214,-0.75
16215,2.75
16216,1.75
16217,-2.25
16218,1.75
16219,-9.25
16220,-0.75
16221,-2.25
16222,0.75
16223,3.75
16224,-0.25
16225,-0.75
16226,-0.75
16227,1.75
16228,2.25
16229,10.75
16230,2.75
16231,2.25
16232,-0.75
16233,0.25
16234,1.25
16235,-0.75
16236,5.25
16237,1.25
16238,0.25
16239,-0.25
16240,1.25
16241,1.75
16242,-0.25
16243,1.75
16244,6.75
16245,-0.25
16246,-0.25
16247,1.75
16248,-0.25
16249,3.25
16250,0.75
16251,13.0
16252,7.25
16253,16.75
16254,-0.75
16255,0.25
16256,8.75
16257,0.75
16258,16.5
16259,-0.75
16260,-1.25
16261,-0.25
16262,-0.75
16263,-0.75
16264,0.75
16265,1.75
16266,0.75
16267,0.75
16268,0.75
16269,5.75
16270,-0.25
16271,19.0
16272,-0.75
16273,0.25
16274,1.75
16275,2.75
16276,0.75
16277,3.75
16278,0.75
16279,-0.75
16280,7.75
16281,-0.25
16282,4.75
16283,-0.75
16284,6.75
16285,0.75
16286,0.75
16287,-0.75
16288,0.75
16289,-3.25
16290,-0.75
16291,-0.75
16292,0.25
16293,0.75
16294,-1.75
16295,-2.25
16296,27.5
16297,-0.75
16298,-21.25
16299,-14.25
16300,-0.25
16301,-0.75
16302,-0.25
16303,-0.75
16304,-0.25
16305,0.75
16306,0.75
16307,2.25
16308,-1.25
16309,-4.25
16310,-2.25
16311,1.75
16312,0.25
16313,-0.25
16314,-0.75
16315,0.75
16316,-0.25
16317,-0.75
16318,-5.25
16319,0.75
16320,0.75
16321,5.75
16322,0.25
16323,0.75
16324,-1.75
16325,0.25
16326,-1.25
16327,-4.25
16328,13.0
16329,3.25
16330,-3.75
16331,0.75
16332,0.75
16333,0.75
16334,-5.25
16335,3.25
16336,-0.25
16337,-1.75
16338,1.25
16339,0.75
16340,-0.75
16341,-0.25
16342,-2.25
16343,1.75
16344,-0.25
16345,-0.75
16346,-1.25
16347,0.25
16348,0.75
16349,-0.25
16350,0.25
16351,0.25
16352,0.75
16353,18.5
16354,1.75
16355,2.25
16356,-1.25
16357,-0.25
16358,0.75
16359,-1.25
16360,0.75
16361,1.75
16362,6.75
16363,1.25
16364,-0.75
16365,1.75
16366,4.25
16367,-0.25
16368,-0.75
16369,-0.75
16370,-0.75
16371,12.75
16372,2.25
16373,-0.25
16374,-0.25
16375,0.75
16376,0.75
16377,-1.25
16378,1.75
16379,-0.25
16380,2.75
16381,-0.25
16382,-0.75
16383,0.75
16384,3.75
16385,-0.25
16386,3.75
16387,0.75
16388,-0.25
16389,-0.75
16390,-0.75
16391,2.25
16392,0.75
16393,-0.25
16394,0.75
16395,0.75
16396,0.75
16397,15.25
16398,21.5
16399,1.75
16400,-0.75
16401,-0.75
16402,0.75
16403,0.75
16404,-4.75
16405,2.25
16406,-0.75
16407,-1.75
16408,17.75
16409,0.75
16410,0.75
16411,18.0
16412,-0.75
16413,0.75
16414,3.75
16415,-1.25
16416,0.75
16417,2.75
16418,4.75
16419,-0.75
16420,0.75
16421,0.75
16422,0.75
16423,0.75
16424,-2.25
16425,-13.25
16426,-2.25
16427,0.75
16428,-4.25
16429,-0.75
16430,2.25
16431,0.75
16432,-0.25
16433,1.75
16434,-2.5
16435,1.25
16436,0.75
16437,1.25
16438,0.75
16439,1.75
16440,-0.75
16441,-0.75
16442,0.75
16443,1.25
16444,-0.75
16445,0.25
16446,10.5
16447,0.25
16448,0.25
16449,4.25
16450,0.75
16451,3.25
16452,-0.25
16453,3.25
16454,-0.75
16455,1.75
16456,7.75
16457,0.25
16458,-0.25
16459,-0.75
16460,0.75
16461,1.25
16462,-0.75
16463,4.5
16464,-2.75
16465,-0.75
16466,-0.25
16467,16.0
16468,1.25
16469,-2.25
16470,11.0
16471,-5.75
16472,-0.75
16473,-0.25
16474,0.25
16475,-0.75
16476,-0.25
16477,-0.75
16478,-0.25
16479,0.75
16480,9.25
16481,1.25
16482,1.75
16483,-0.25
16484,1.75
16485,-0.75
16486,1.75
16487,0.75
16488,3.25
16489,-0.25
16490,1.75
16491,0.75
16492,-10.25
16493,-0.75
16494,-0.25
16495,0.75
16496,19.0
16497,0.25
16498,11.5
16499,3.75
16500,3.75
16501,2.75
16502,0.75
16503,0.75
16504,6.75
16505,0.25
16506,19.0
16507,0.25
16508,-0.75
16509,-3.25
16510,1.25
16511,0.25
16512,-0.25
16513,1.25
16514,1.25
16515,2.25
16516,-0.25
16517,25.0
16518,-0.75
16519,0.75
16520,1.25
16521,0.25
16522,1.75
16523,-0.75
16524,0.75
16525,-0.25
16526,2.25
16527,-0.25
16528,1.25
16529,0.75
16530,-18.75
16531,1.75
16532,-0.25
16533,0.75
16534,0.75
16535,-0.75
16536,-2.75
16537,-9.75
16538,-2.25
16539,12.25
16540,-0.75
16541,-0.25
16542,-1.75
16543,0.75
16544,0.25
16545,1.75
16546,-2.25
16547,9.75
16548,0.75
16549,-0.25
16550,5.25
16551,-0.25
16552,17.0
16553,-0.75
16554,12.25
16555,0.75
16556,-32.25
16557,-0.75
16558,7.75
16559,3.25
16560,0.75
16561,2.75
16562,1.75
16563,3.25
16564,20.25
16565,-5.75
16566,0.75
16567,-33.25
16568,1.25
16569,1.25
16570,3.25
16571,1.25
16572,16.5
16573,0.25
16574,-0.75
16575,-0.25
16576,1.25
16577,15.0
16578,0.75
16579,3.25
16580,5.75
16581,0.25
16582,0.25
16583,12.0
16584,-0.75
16585,0.75
16586,-9.75
16587,4.75
16588,-0.75
16589,0.75
16590,-4.75
16591,2.25
16592,-5.75
16593,-12.25
16594,2.75
16595,-0.75
16596,14.75
16597,1.25
16598,0.75
16599,16.5
16600,0.75
16601,0.75
16602,-2.75
16603,-0.75
16604,-0.25
16605,11.5
16606,-0.25
16607,0.75
16608,-0.75
16609,-0.25
16610,1.75
16611,0.25
16612,-0.25
16613,-0.25
16614,2.75
16615,2.75
16616,-0.75
16617,0.25
16618,2.25
16619,-0.75
16620,0.75
16621,-0.25
16622,0.25
16623,-4.25
16624,5.25
16625,-1.75
16626,0.75
16627,-0.25
16628,-0.25
16629,5.75
16630,-0.75
16631,3.75
16632,0.25
16633,10.25
16634,0.25
16635,-2.75
16636,-0.75
16637,7.25
16638,1.25
16639,-0.75
16640,0.25
16641,-0.75
16642,-0.75
16643,1.75
16644,-0.25
16645,-8.75
16646,-1.25
16647,0.75
16648,-0.25
16649,1.25
16650,23.0
16651,0.75
16652,0.75
16653,-0.75
16654,0.75
16655,0.25
16656,1.75
16657,0.75
16658,4.75
16659,0.25
16660,-0.75
16661,-1.25
16662,0.75
16663,-12.75
16664,-0.75
16665,18.0
16666,-0.25
16667,16.5
16668,-0.75
16669,2.25
16670,0.75
16671,0.75
16672,-0.75
16673,0.75
16674,0.25
16675,1.25
16676,-0.75
16677,0.25
16678,-0.75
16679,-0.75
16680,9.25
16681,-4.25
16682,-0.25
16683,2.25
16684,0.75
16685,-0.75
16686,10.25
16687,-3.25
16688,-0.25
16689,-0.25
16690,1.25
16691,0.75
16692,-2.75
16693,-0.25
16694,-0.75
16695,-0.25
16696,17.5
16697,-11.25
16698,-0.75
16699,0.75
16700,-0.25
16701,-0.75
16702,5.75
16703,-0.25
16704,1.75
16705,-0.25
16706,-4.25
16707,0.25
16708,-1.75
16709,-0.25
16710,-0.75
16711,-3.25
16712,0.75
16713,0.75
16714,-0.75
16715,-0.75
16716,0.25
16717,0.75
16718,-0.75
16719,7.25
16720,-0.75
16721,-0.25
16722,-0.75
16723,0.75
16724,-0.75
16725,8.25
16726,0.75
16727,-0.25
16728,0.75
16729,0.75
16730,-3.25
16731,-0.25
16732,0.25
16733,1.25
16734,0.75
16735,0.25
16736,14.25
16737,7.75
16738,0.25
16739,-1.25
16740,-0.75
16741,-0.75
16742,-0.75
16743,3.75
16744,3.75
16745,21.75
16746,-1.25
16747,-2.25
16748,1.75
16749,-0.25
16750,11.25
16751,-0.25
16752,0.75
16753,5.75
16754,0.75
16755,-0.25
16756,1.25
16757,0.75
16758,0.75
16759,-0.25
16760,16.75
16761,0.75
16762,0.75
16763,0.75
16764,-1.25
16765,0.75
16766,1.25
16767,0.75
16768,-0.25
16769,-0.75
16770,2.75
16771,-0.75
16772,-9.25
16773,0.75
16774,2.25
16775,3.75
16776,0.75
16777,-0.75
16778,0.75
16779,-0.25
16780,0.25
16781,19.5
16782,0.75
16783,0.5
16784,0.25
16785,0.75
16786,2.25
16787,-0.25
16788,1.25
16789,3.75
16790,2.75
16791,-0.75
16792,-0.75
16793,3.75
16794,0.75
16795,1.75
16796,2.25
16797,0.75
16798,-0.25
16799,0.25
16800,-0.25
16801,0.75
16802,-13.75
16803,-1.25
16804,0.75
16805,-0.75
16806,4.25
16807,1.75
16808,-0.25
16809,12.25
16810,2.25
16811,-3.25
16812,-0.25
16813,0.25
16814,0.25
16815,0.75
16816,-0.25
16817,0.25
16818,-0.75
16819,-0.75
16820,-2.75
16821,6.25
16822,-0.75
16823,-0.25
16824,12.0
16825,-2.25
16826,2.25
16827,1.25
16828,1.75
16829,2.75
16830,0.75
16831,2.75
16832,0.25
16833,11.75
16834,-7.25
16835,-0.75
16836,0.25
16837,17.5
16838,-0.75
16839,3.25
16840,0.75
16841,0.75
16842,1.75
16843,-0.25
16844,0.25
16845,1.25
16846,0.75
16847,-0.25
16848,0.75
16849,0.25
16850,0.75
16851,-0.75
16852,0.75
16853,1.25
16854,1.25
16855,-0.75
16856,27.0
16857,-1.25
16858,4.25
16859,4.75
16860,3.25
16861,13.25
16862,1.25
16863,0.25
16864,-0.25
16865,-0.75
16866,4.25
16867,1.25
16868,-0.25
16869,0.25
16870,0.75
16871,-0.75
16872,0.75
16873,-0.75
16874,0.75
16875,-0.25
16876,-0.75
16877,0.75
16878,1.75
16879,0.75
16880,0.75
16881,-0.25
16882,-0.75
16883,8.75
16884,0.25
16885,3.25
16886,-0.25
16887,0.75
16888,-0.25
16889,9.75
16890,0.75
16891,1.25
16892,-0.25
16893,5.75
16894,-11.75
16895,-3.25
16896,1.75
16897,0.75
16898,9.75
16899,2.25
16900,-0.25
16901,-0.25
16902,0.75
16903,-0.75
16904,0.25
16905,-0.75
16906,-0.75
16907,-0.25
16908,-0.75
16909,6.25
16910,2.75
16911,3.75
16912,-5.25
16913,-0.25
16914,1.25
16915,2.75
16916,20.75
16917,-0.75
16918,-1.25
16919,-0.75
16920,-0.75
16921,-0.25
16922,1.75
16923,-0.25
16924,2.25
16925,0.75
16926,2.25
16927,0.25
16928,0.75
16929,0.75
16930,-0.25
16931,11.0
16932,2.25
16933,2.75
16934,-1.25
16935,-0.75
16936,2.25
16937,-0.75
16938,2.25
16939,-0.25
16940,3.25
16941,-0.25
16942,-2.75
16943,-0.75
16944,0.75
16945,0.75
16946,0.75
16947,-0.25
16948,-13.25
16949,10.25
16950,-1.75
16951,-7.75
16952,-0.75
16953,-15.25
16954,-0.75
16955,1.25
16956,0.75
16957,-8.25
16958,-0.75
16959,0.25
16960,-3.25
16961,11.75
16962,0.75
16963,0.25
16964,5.25
16965,-0.25
16966,-0.25
16967,0.25
16968,5.25
16969,-0.75
16970,-0.75
16971,1.25
16972,1.75
16973,14.25
16974,1.75
16975,0.75
16976,6.25
16977,-3.25
16978,-0.25
16979,0.75
16980,-0.25
16981,3.25
16982,0.75
16983,-0.25
16984,3.75
16985,-0.75
16986,-0.25
16987,-0.25
16988,0.25
16989,0.75
16990,-0.25
16991,0.75
16992,-0.25
16993,0.75
16994,-0.25
16995,0.75
16996,1.25
16997,-4.75
16998,-5.25
16999,0.25
17000,0.75
17001,-0.75
17002,1.75
17003,1.25
17004,17.75
17005,0.25
17006,1.75
17007,-0.25
17008,-0.75
17009,-0.75
17010,25.0
17011,-0.75
17012,3.75
17013,1.25
17014,7.75
17015,-1.75
17016,1.25
17017,0.25
17018,-0.75
17019,-0.25
17020,-0.75
17021,-0.25
17022,0.25
17023,4.25
17024,3.25
17025,3.25
17026,0.75
17027,-0.25
17028,1.25
17029,0.75
17030,0.25
17031,0.75
17032,1.25
17033,-0.25
17034,0.25
17035,0.75
17036,-0.25
17037,-0.75
17038,-0.25
17039,1.75
17040,2.25
17041,0.25
17042,21.5
17043,10.25
17044,-1.25
17045,-0.25
17046,0.75
17047,-0.25
17048,-0.75
17049,3.75
17050,-0.25
17051,-0.25
17052,2.75
17053,0.75
17054,0.75
17055,1.25
17056,-0.25
17057,3.75
17058,-0.25
17059,0.75
17060,-0.75
17061,10.75
17062,-0.75
17063,-0.25
17064,-5.25
17065,-0.25
17066,14.0
17067,-0.25
17068,1.75
17069,0.75
17070,0.75
17071,0.25
17072,-0.75
17073,20.0
17074,1.25
17075,0.25
17076,1.25
17077,3.75
17078,2.25
17079,1.25
17080,7.25
17081,0.75
17082,-1.75
17083,-0.75
17084,13.75
17085,4.25
17086,3.75
17087,-0.75
17088,4.25
17089,-0.75
17090,3.75
17091,0.75
17092,0.75
17093,-0.25
17094,1.75
17095,0.75
17096,0.75
17097,-0.25
17098,3.25
17099,-0.25
17100,3.75
17101,-0.75
17102,1.25
17103,0.75
17104,-0.25
17105,7.25
17106,-0.75
17107,10.75
17108,3.25
17109,0.75
17110,0.75
17111,-2.75
17112,7.75
17113,-1.75
17114,-0.75
17115,-0.75
17116,-0.25
17117,0.25
17118,2.75
17119,1.25
17120,-1.25
17121,15.0
17122,1.25
17123,0.75
17124,-0.25
17125,-0.75
17126,6.75
17127,0.25
17128,-0.75
17129,1.75
17130,0.75
17131,-0.25
17132,0.75
17133,0.75
17134,-0.75
17135,-0.75
17136,-0.75
17137,-0.75
17138,-1.25
17139,1.25
17140,0.75
17141,0.75
17142,-0.25
17143,-10.75
17144,-0.75
17145,0.75
17146,-0.75
17147,0.75
17148,0.75
17149,0.75
17150,-0.75
17151,-0.75
17152,-0.75
17153,1.25
17154,-0.75
17155,1.75
17156,0.75
17157,-21.75
17158,-0.25
17159,-0.75
17160,1.75
17161,1.75
17162,2.75
17163,-0.25
17164,0.75
17165,-0.75
17166,0.75
17167,12.0
17168,0.75
17169,-1.25
17170,2.75
17171,-0.75
17172,0.25
17173,0.25
17174,0.75
17175,-8.25
17176,-0.75
17177,2.25
17178,5.75
17179,2.75
17180,-0.25
17181,-0.75
17182,3.75
17183,-0.25
17184,2.25
17185,-0.25
17186,-0.75
17187,-0.75
17188,-0.25
17189,0.25
17190,-0.75
17191,0.25
17192,-0.75
17193,0.75
17194,12.5
17195,5.25
17196,0.25
17197,-0.25
17198,1.25
17199,-3.25
17200,3.75
17201,0.25
17202,7.75
17203,-0.75
17204,0.75
17205,0.25
17206,-0.25
17207,-2.25
17208,0.25
17209,0.75
17210,21.5
17211,-0.75
17212,-0.25
17213,-14.25
17214,3.75
17215,-9.25
17216,0.75
17217,0.75
17218,-1.75
17219,-0.75
17220,-0.75
17221,1.75
17222,-0.25
17223,0.75
17224,3.25
17225,6.25
17226,-0.25
17227,-0.75
17228,-0.75
17229,-0.75
17230,0.25
17231,-0.25
17232,-0.25
17233,1.25
17234,0.75
17235,0.75
17236,0.25
17237,-0.75
17238,1.25
17239,22.25
17240,-0.25
17241,1.75
17242,1.75
17243,20.75
17244,-0.25
17245,-0.25
17246,0.75
17247,-0.75
17248,5.25
17249,-0.25
17250,-0.25
17251,1.25
17252,-0.75
17253,2.25
17254,0.75
17255,-0.25
17256,2.25
17257,3.25
17258,0.25
17259,0.75
17260,-0.75
17261,-0.75
17262,-0.75
17263,0.75
17264,1.75
17265,7.25
17266,0.75
17267,-0.75
17268,0.75
17269,2.25
17270,4.75
17271,-0.75
17272,2.25
17273,-0.25
17274,1.25
17275,-0.25
17276,-0.75
17277,0.75
17278,17.25
17279,1.75
17280,-0.25
17281,0.25
17282,-0.75
17283,-0.75
17284,-0.25
17285,-1.25
17286,-1.25
17287,1.75
17288,-2.75
17289,-0.75
17290,-0.25
17291,2.25
17292,0.75
17293,1.75
17294,-0.75
17295,-0.75
17296,0.25
17297,-0.75
17298,-0.25
17299,-0.25
17300,6.75
17301,4.75
17302,-2.25
17303,-0.25
17304,0.75
17305,-0.75
17306,-0.75
17307,-0.25
17308,1.75
17309,-0.25
17310,-0.25
17311,0.75
17312,-0.25
17313,-0.75
17314,0.25
17315,-1.25
17316,7.25
17317,1.25
17318,3.25
17319,-0.75
17320,1.75
17321,13.5
17322,1.25
17323,-0.75
17324,-0.75
17325,-0.75
17326,0.25
17327,2.75
17328,-0.25
17329,-0.75
17330,1.25
17331,0.75
17332,-0.25
17333,1.75
17334,1.75
17335,-0.75
17336,-0.75
17337,2.75
17338,-0.25
17339,4.25
17340,0.75
17341,10.25
17342,-0.75
17343,0.75
17344,1.75
17345,0.25
17346,0.25
17347,0.75
17348,15.5
17349,0.75
17350,27.0
17351,0.75
17352,0.25
17353,0.25
17354,-0.75
17355,-0.25
17356,-3.75
17357,5.25
17358,4.25
17359,-0.25
17360,-0.25
17361,-0.75
17362,-0.25
17363,0.75
17364,6.75
17365,1.75
17366,-0.75
17367,-1.25
17368,-3.25
17369,-0.25
17370,1.25
17371,-0.25
17372,0.75
17373,-0.75
17374,-0.25
17375,1.75
17376,4.75
17377,17.75
17378,2.75
17379,1.75
17380,0.75
17381,-0.25
17382,-0.75
17383,23.0
17384,-8.25
17385,-7.25
17386,1.5
17387,3.25
17388,-3.25
17389,1.75
17390,3.25
17391,4.25
17392,0.75
17393,1.75
17394,0.75
17395,20.0
17396,-0.25
17397,-0.25
17398,-0.25
17399,-0.75
17400,1.75
17401,-0.25
17402,-0.25
17403,15.0
17404,0.75
17405,0.75
17406,10.25
17407,-0.25
17408,-0.25
17409,-1.25
17410,0.75
17411,-5.25
17412,-0.25
17413,0.25
17414,16.25
17415,-0.25
17416,0.75
17417,-0.75
17418,-0.75
17419,4.25
17420,3.75
17421,-1.25
17422,0.75
17423,0.75
17424,8.75
17425,-1.25
17426,1.75
17427,-0.25
17428,-0.25
17429,0.75
17430,0.75
17431,-0.25
17432,0.75
17433,-0.25
17434,5.25
17435,-0.75
17436,0.75
17437,-0.75
17438,0.25
17439,2.25
17440,0.75
17441,-0.25
17442,-0.75
17443,0.75
17444,0.75
17445,-4.25
17446,0.75
17447,3.25
17448,-0.75
17449,-0.25
17450,0.75
17451,-0.75
17452,-0.75
17453,3.75
17454,-0.25
17455,2.25
17456,1.75
17457,0.75
17458,-0.25
17459,-1.25
17460,-0.25
17461,-0.75
17462,2.25
17463,0.75
17464,0.75
17465,2.25
17466,-0.25
17467,0.75
17468,15.25
17469,-6.25
17470,0.25
17471,-1.25
17472,0.25
17473,0.25
17474,0.75
17475,3.75
17476,0.75
17477,14.0
17478,14.0
17479,0.25
17480,-0.75
17481,-0.25
17482,2.25
17483,0.75
17484,-0.75
17485,0.75
17486,-9.25
17487,-0.75
17488,-0.75
17489,-0.75
17490,4.25
17491,0.75
17492,0.75
17493,0.25
17494,0.75
17495,0.25
17496,-0.75
17497,-0.25
17498,0.75
17499,1.25
17500,1.75
17501,-0.75
17502,-0.75
17503,-0.75
17504,-0.75
17505,-0.25
17506,0.75
17507,-0.75
17508,0.75
17509,-0.75
17510,7.25
17511,-0.25
17512,-1.25
17513,2.25
17514,-0.25
17515,2.25
17516,-3.25
17517,0.25
17518,0.25
17519,2.25
17520,-2.25
17521,1.25
17522,1.25
17523,-0.75
17524,-0.75
17525,-0.25
17526,-0.75
17527,-1.75
17528,-0.75
17529,2.75
17530,-0.25
17531,0.75
17532,0.75
17533,-0.75
17534,-0.25
17535,-1.75
17536,-0.75
17537,-1.25
17538,0.75
17539,-0.75
17540,-0.25
17541,1.25
17542,0.75
17543,0.25
17544,2.25
17545,0.75
17546,0.75
17547,-1.75
17548,-0.25
17549,-0.25
17550,-0.25
17551,0.75
17552,-0.75
17553,0.25
17554,2.75
17555,0.25
17556,-0.25
17557,0.25
17558,10.75
17559,2.75
17560,0.75
17561,0.75
17562,0.25
17563,-6.25
17564,1.75
17565,0.75
17566,27.5
17567,-0.25
17568,-0.75
17569,0.75
17570,0.75
17571,0.75
17572,-0.75
17573,-0.75
17574,-0.75
17575,0.75
17576,0.75
17577,4.25
17578,-0.75
17579,0.75
17580,18.25
17581,0.25
17582,0.25
17583,7.25
17584,1.25
17585,1.25
17586,-0.75
17587,1.25
17588,0.75
17589,3.25
17590,0.75
17591,-0.75
17592,-0.75
17593,2.25
17594,0.25
17595,-1.25
17596,3.75
17597,0.75
17598,8.75
17599,-0.75
17600,0.25
17601,0.25
17602,-8.75
17603,-0.25
17604,1.25
17605,-0.75
17606,2.75
17607,-0.25
17608,1.25
17609,-0.75
17610,-0.75
17611,14.75
17612,0.25
17613,0.25
17614,12.75
17615,2.25
17616,-0.25
17617,0.25
17618,-1.25
17619,0.75
17620,7.75
17621,10.75
17622,-8.25
17623,5.75
17624,2.25
17625,3.75
17626,1.75
17627,3.75
17628,0.75
17629,1.75
17630,3.75
17631,1.25
17632,-0.75
17633,-1.25
17634,1.75
17635,0.75
17636,-0.25
17637,-0.75
17638,1.25
17639,-0.25
17640,11.25
17641,-0.75
17642,-0.75
17643,-0.25
17644,-0.25
17645,2.75
17646,-0.75
17647,-0.25
17648,3.25
17649,3.75
17650,0.25
17651,10.25
17652,-0.25
17653,-0.25
17654,-0.75
17655,-0.25
17656,-1.25
17657,2.75
17658,-0.75
17659,4.75
17660,0.75
17661,2.75
17662,-0.75
17663,0.75
17664,1.25
17665,-0.25
17666,4.25
17667,-0.75
17668,2.75
17669,-0.75
17670,-0.25
17671,0.25
17672,0.75
17673,2.75
17674,-0.75
17675,1.75
17676,0.75
17677,1.75
17678,20.0
17679,-0.25
17680,-0.25
17681,1.25
17682,0.75
17683,-0.75
17684,-0.25
17685,-0.25
17686,-0.25
17687,-0.75
17688,-0.75
17689,13.0
17690,-0.25
17691,3.75
17692,-3.75
17693,3.25
17694,-8.25
17695,2.25
17696,2.75
17697,1.75
17698,0.75
17699,-0.25
17700,-1.25
17701,-0.25
17702,-5.25
17703,0.75
17704,0.75
17705,0.25
17706,-0.25
17707,0.75
17708,1.75
17709,2.25
17710,-0.25
17711,-0.25
17712,-0.75
17713,0.75
17714,-0.75
17715,0.75
17716,-8.25
17717,0.75
17718,0.25
17719,6.75
17720,-0.75
17721,4.25
17722,0.75
17723,12.75
17724,1.25
17725,-0.25
17726,4.75
17727,-0.25
17728,-0.25
17729,-13.75
17730,-0.25
17731,0.25
17732,-3.25
17733,-0.75
17734,-0.75
17735,-0.75
17736,2.25
17737,-0.75
17738,12.0
17739,0.25
17740,0.25
17741,-0.75
17742,0.25
17743,2.75
17744,-0.25
17745,-0.25
17746,-12.25
17747,-0.75
17748,8.75
17749,-4.75
17750,0.75
17751,1.25
17752,4.25
17753,2.75
17754,1.25
17755,-0.75
17756,-2.25
17757,14.0
17758,-0.25
17759,1.75
17760,-0.25
17761,3.75
17762,-0.25
17763,-5.25
17764,-0.75
17765,0.75
17766,6.75
17767,-0.75
17768,-0.25
17769,2.25
17770,11.75
17771,-0.75
17772,-0.25
17773,-0.25
17774,0.25
17775,-0.75
17776,0.75
17777,10.25
17778,-0.25
17779,-0.25
17780,0.75
17781,0.25
17782,0.75
17783,0.25
17784,-0.25
17785,-0.75
17786,-0.75
17787,1.25
17788,0.75
17789,-0.75
17790,6.75
17791,-0.75
17792,-0.75
17793,0.75
17794,0.75
17795,-0.25
17796,-0.75
17797,2.25
17798,-0.75
17799,-0.75
17800,-2.25
17801,0.25
17802,-0.75
17803,0.75
17804,0.25
17805,0.25
17806,0.25
17807,16.5
17808,-0.25
17809,2.25
17810,0.25
17811,0.75
17812,-0.75
17813,-0.75
17814,-0.75
17815,0.75
17816,0.75
17817,-0.75
17818,-0.25
17819,0.25
17820,1.75
17821,-0.75
17822,0.75
17823,2.25
17824,5.25
17825,-2.75
17826,-0.25
17827,-0.25
17828,0.25
17829,-0.75
17830,2.25
17831,-0.25
17832,0.75
17833,-1.25
17834,-0.25
17835,-0.25
17836,-0.75
17837,-0.25
17838,0.25
17839,1.25
17840,0.25
17841,-0.75
17842,1.75
17843,-2.75
17844,-0.75
17845,-1.25
17846,0.75
17847,-0.75
17848,0.75
17849,3.75
17850,-0.25
17851,-0.75
17852,-1.25
17853,0.75
17854,-0.25
17855,2.25
17856,-0.75
17857,0.75
17858,-1.25
17859,-2.25
17860,1.25
17861,3.25
17862,-0.25
17863,-0.25
17864,2.75
17865,0.25
17866,2.75
17867,0.25
17868,0.75
17869,3.75
17870,-0.75
17871,-0.75
17872,-0.25
17873,12.25
17874,-0.75
17875,0.75
17876,0.75
17877,1.25
17878,0.75
17879,-3.25
17880,-0.75
17881,0.75
17882,0.75
17883,0.75
17884,-0.75
17885,-0.25
17886,0.75
17887,3.25
17888,-0.25
17889,-0.75
17890,-9.75
17891,-0.75
17892,1.25
17893,-0.75
17894,4.75
17895,8.25
17896,0.75
17897,6.75
17898,-0.25
17899,1.75
17900,2.25
17901,0.25
17902,2.75
17903,-4.25
17904,0.75
17905,3.75
17906,-1.75
17907,14.0
17908,-0.25
17909,0.75
17910,-0.75
17911,2.75
17912,-1.75
17913,0.75
17914,-0.75
17915,0.25
17916,3.75
17917,1.25
17918,0.75
17919,-0.25
17920,1.25
17921,0.75
17922,-0.75
17923,-0.25
17924,17.75
17925,1.25
17926,1.75
17927,2.75
17928,-0.25
17929,-0.25
17930,-0.75
17931,0.25
17932,0.25
17933,0.25
17934,2.25
17935,3.75
17936,1.25
17937,-0.25
17938,1.25
17939,-0.75
17940,3.25
17941,-0.75
17942,0.25
17943,0.75
17944,-1.25
17945,-2.75
17946,6.25
17947,0.75
17948,0.25
17949,-0.75
17950,2.75
17951,-0.25
17952,0.25
17953,0.25
17954,-0.25
17955,2.25
17956,-0.75
17957,-0.75
17958,0.75
17959,0.25
17960,-0.75
17961,-0.25
17962,0.75
17963,0.75
17964,0.25
17965,4.25
17966,10.25
17967,1.75
17968,21.0
17969,4.75
17970,6.75
17971,0.75
17972,0.75
17973,0.75
17974,-7.25
17975,-0.75
17976,1.75
17977,0.25
17978,9.75
17979,3.25
17980,0.25
17981,0.75
17982,14.75
17983,0.25
17984,0.75
17985,0.75
17986,0.75
17987,13.75
17988,5.25
17989,-1.25
17990,0.25
17991,3.25
17992,-2.75
17993,2.75
17994,0.75
17995,2.25
17996,0.75
17997,2.25
17998,-0.25
17999,-0.75
18000,-0.75
18001,-0.25
18002,-1.75
18003,-2.75
18004,-0.25
18005,9.25
18006,-0.25
18007,8.75
18008,-0.25
18009,0.25
18010,-4.75
18011,-0.25
18012,2.25
18013,-0.25
18014,0.25
18015,9.5
18016,-0.75
18017,-0.75
18018,0.75
18019,-0.75
18020,4.25
18021,17.5
18022,-3.25
18023,-0.75
18024,-0.25
18025,0.25
18026,5.25
18027,-0.75
18028,-0.25
18029,-0.75
18030,0.25
18031,-0.25
18032,0.75
18033,0.25
18034,1.75
18035,-3.25
18036,-2.25
18037,0.75
18038,0.25
18039,1.75
18040,-1.25
18041,0.25
18042,-1.25
18043,7.25
18044,-8.25
18045,1.75
18046,0.25
18047,-0.25
18048,-0.25
18049,-0.75
18050,4.75
18051,-0.75
18052,-0.25
18053,13.0
18054,0.75
18055,-0.25
18056,0.75
18057,-0.75
18058,-1.25
18059,9.75
18060,4.25
18061,-0.75
18062,0.75
18063,7.25
18064,3.75
18065,-4.25
18066,-17.25
18067,-1.25
18068,0.25
18069,1.25
18070,0.75
18071,-0.25
18072,-0.25
18073,1.25
18074,0.75
18075,4.75
18076,-0.75
18077,11.5
18078,-0.75
18079,0.25
18080,-3.75
18081,0.75
18082,10.25
18083,-0.75
18084,0.75
18085,0.25
18086,3.75
18087,-1.25
18088,-0.75
18089,0.25
18090,0.75
18091,-0.25
18092,-0.75
18093,0.75
18094,-0.75
18095,-0.25
18096,0.75
18097,12.0
18098,5.25
18099,2.75
18100,-0.75
18101,0.75
18102,7.75
18103,1.25
18104,-1.25
18105,0.75
18106,-0.25
18107,0.25
18108,-0.75
18109,-0.25
18110,-0.75
18111,-1.25
18112,-0.25
18113,0.25
18114,1.75
18115,-0.25
18116,-1.25
18117,0.75
18118,-0.25
18119,0.75
18120,0.25
18121,0.75
18122,0.75
18123,-2.25
18124,-2.25
18125,0.75
18126,1.75
18127,-1.75
18128,-0.75
18129,-0.75
18130,0.75
18131,2.25
18132,1.25
18133,0.75
18134,-0.75
18135,1.75
18136,-2.25
18137,1.25
18138,3.75
18139,-1.25
18140,2.75
18141,-0.25
18142,12.75
18143,0.75
18144,0.75
18145,-0.75
18146,9.25
18147,0.75
18148,11.75
18149,0.75
18150,0.75
18151,-0.75
18152,1.25
18153,-0.25
18154,0.25
18155,0.75
18156,-0.75
18157,1.75
18158,0.75
18159,12.5
18160,0.25
18161,4.25
18162,-0.25
18163,0.25
18164,-1.25
18165,-0.25
18166,-0.75
18167,2.25
18168,-0.75
18169,0.75
18170,4.25
18171,-4.75
18172,0.75
18173,-2.25
18174,-0.75
18175,26.25
18176,6.75
18177,0.75
18178,-1.25
18179,-0.75
18180,9.75
18181,-0.25
18182,-0.25
18183,-0.75
18184,-0.25
18185,0.75
18186,11.25
18187,15.5
18188,0.25
18189,-1.25
18190,12.5
18191,-0.25
18192,8.75
18193,0.75
18194,1.25
18195,0.75
18196,1.75
18197,1.25
18198,1.75
18199,1.75
18200,0.75
18201,-0.25
18202,-4.75
18203,2.75
18204,11.0
18205,-0.25
18206,0.25
18207,-1.25
18208,0.75
18209,-0.25
18210,8.25
18211,-2.25
18212,-0.25
18213,0.75
18214,3.25
18215,16.5
18216,2.75
18217,-0.75
18218,-0.75
18219,0.75
18220,-0.75
18221,-0.75
18222,-0.75
18223,-0.75
18224,0.75
18225,0.25
18226,3.25
18227,2.25
18228,32.5
18229,0.75
18230,-0.75
18231,-0.75
18232,0.75
18233,-0.25
18234,0.75
18235,-0.25
18236,22.75
18237,15.75
18238,-2.75
18239,-0.75
18240,-0.25
18241,0.75
18242,-1.25
18243,1.75
18244,1.75
18245,0.75
18246,-4.75
18247,3.75
18248,0.25
18249,4.75
18250,0.25
18251,6.25
18252,0.75
18253,0.75
18254,-3.25
18255,-0.25
18256,3.25
18257,-0.75
18258,-0.25
18259,0.75
18260,-0.75
18261,-0.75
18262,0.75
18263,2.75
18264,1.75
18265,0.25
18266,0.75
18267,16.0
18268,-0.75
18269,0.75
18270,-0.25
18271,-0.75
18272,2.75
18273,-0.75
18274,-1.25
18275,-1.25
18276,0.75
18277,-6.75
18278,5.75
18279,1.75
18280,13.25
18281,-0.75
18282,-1.25
18283,-0.25
18284,-7.25
18285,-0.75
18286,2.75
18287,0.75
18288,-10.25
18289,-0.75
18290,1.75
18291,0.75
18292,-0.75
18293,4.75
18294,-0.25
18295,3.25
18296,-0.75
18297,2.75
18298,-0.75
18299,-0.75
18300,1.25
18301,-0.75
18302,0.25
18303,4.25
18304,3.75
18305,-0.75
18306,-0.25
18307,0.75
18308,-0.25
18309,2.25
18310,-7.75
18311,-0.25
18312,-2.25
18313,3.25
18314,-0.25
18315,1.25
18316,0.75
18317,0.75
18318,0.75
18319,0.75
18320,6.25
18321,10.75
18322,-0.75
18323,0.25
18324,-0.25
18325,0.25
18326,11.0
18327,15.0
18328,1.75
18329,-0.25
18330,1.25
18331,1.25
18332,0.75
18333,3.75
18334,-0.25
18335,1.25
18336,-0.25
18337,0.75
18338,0.75
18339,-6.25
18340,-11.75
18341,-1.25
18342,0.25
18343,0.25
18344,-0.75
18345,-0.25
18346,1.25
18347,3.25
18348,-0.25
18349,-9.75
18350,1.75
18351,0.75
18352,-2.25
18353,0.25
18354,1.25
18355,1.75
18356,-0.25
18357,18.5
18358,-0.25
18359,-0.25
18360,1.25
18361,-0.75
18362,-0.75
18363,0.75
18364,6.75
18365,0.25
18366,0.25
18367,-2.75
18368,2.75
18369,0.25
18370,1.25
18371,-0.75
18372,2.25
18373,-4.25
18374,0.25
18375,5.75
18376,-1.25
18377,0.25
18378,43.75
18379,0.75
18380,8.25
18381,17.0
18382,-0.75
18383,0.75
18384,0.75
18385,-0.75
18386,-0.75
18387,-0.25
18388,-0.75
18389,0.75
18390,-0.75
18391,-0.75
18392,-0.75
18393,-0.25
18394,14.0
18395,0.75
18396,-0.25
18397,-0.75
18398,-0.75
18399,-0.75
18400,11.75
18401,-4.75
18402,0.25
18403,-0.75
18404,1.75
18405,-0.25
18406,-0.75
18407,1.75
18408,1.75
18409,-2.75
18410,1.25
18411,0.75
18412,-0.25
18413,0.75
18414,1.75
18415,-0.75
18416,3.75
18417,-0.25
18418,0.75
18419,19.25
18420,-1.25
18421,-0.25
18422,0.75
18423,-0.25
18424,-0.75
18425,-0.25
18426,-0.75
18427,-0.25
18428,0.75
18429,3.25
18430,-0.75
18431,1.75
18432,0.75
18433,18.0
18434,-0.75
18435,9.25
18436,-3.25
18437,0.75
18438,12.5
18439,1.25
18440,0.25
18441,-0.25
18442,0.75
18443,3.25
18444,0.25
18445,-3.25
18446,-0.75
18447,2.25
18448,1.25
18449,-0.25
18450,-0.25
18451,29.0
18452,-0.25
18453,11.25
18454,2.75
18455,-0.25
18456,-0.25
18457,-0.25
18458,11.25
18459,0.75
18460,-0.75
18461,1.25
18462,3.25
18463,1.75
18464,1.75
18465,-5.75
18466,0.75
18467,-0.75
18468,-5.25
18469,12.75
18470,0.25
18471,1.75
18472,0.75
18473,-3.75
18474,18.0
18475,-0.75
18476,-4.75
18477,0.25
18478,-0.25
18479,0.75
18480,-0.25
18481,10.75
18482,-0.25
18483,0.75
18484,4.75
18485,2.75
18486,0.75
18487,-2.75
18488,-0.75
18489,-8.25
18490,3.75
18491,-0.75
18492,3.25
18493,0.25
18494,0.75
18495,1.25
18496,0.75
18497,-3.25
18498,-0.25
18499,0.75
18500,-0.25
18501,0.75
18502,-0.75
18503,1.25
18504,-0.25
18505,-4.25
18506,0.75
18507,-1.25
18508,-0.25
18509,-2.25
18510,0.25
18511,0.75
18512,1.75
18513,-0.25
18514,5.75
18515,15.75
18516,-0.25
18517,-0.25
18518,0.75
18519,0.75
18520,3.25
18521,-0.75
18522,-0.75
18523,-0.25
18524,-0.75
18525,-0.75
18526,-0.25
18527,0.25
18528,0.75
18529,0.75
18530,2.25
18531,-0.25
18532,-0.75
18533,2.75
18534,0.25
18535,8.25
18536,1.75
18537,-1.25
18538,0.25
18539,-0.75
18540,-1.25
18541,1.25
18542,-0.75
18543,1.25
18544,-7.25
18545,0.25
18546,0.25
18547,-0.25
18548,5.25
18549,0.75
18550,6.75
18551,-0.25
18552,-0.75
18553,-0.75
18554,-0.25
18555,-0.75
18556,-0.25
18557,-0.25
18558,4.75
18559,1.25
18560,0.75
18561,-0.75
18562,-1.25
18563,0.25
18564,1.75
18565,2.25
18566,1.25
18567,0.75
18568,0.75
18569,-0.75
18570,-0.75
18571,-0.25
18572,0.75
18573,8.25
18574,-0.75
18575,5.25
18576,-0.25
18577,-0.25
18578,-1.25
18579,0.25
18580,1.25
18581,0.75
18582,-0.75
18583,-0.75
18584,2.25
18585,-0.75
18586,-0.75
18587,0.75
18588,17.25
18589,-0.25
18590,-0.75
18591,-0.25
18592,-0.25
18593,-0.75
18594,-4.25
18595,-2.75
18596,0.75
18597,-0.25
18598,5.25
18599,-0.75
18600,-0.75
18601,0.75
18602,0.75
18603,0.75
18604,-0.25
18605,-0.25
18606,-0.75
18607,-6.25
18608,-0.75
18609,3.75
18610,0.75
18611,-0.75
18612,-0.75
18613,-12.25
18614,-2.25
18615,4.75
18616,0.25
18617,-1.25
18618,3.25
18619,-0.25
18620,3.75
18621,1.25
18622,-0.75
18623,0.25
18624,-0.75
18625,-0.75
18626,-1.25
18627,-0.75
18628,0.25
18629,0.25
18630,-0.75
18631,0.25
18632,0.75
18633,-1.25
18634,0.75
18635,-0.75
18636,0.75
18637,0.75
18638,5.25
18639,-0.25
18640,-2.75
18641,0.75
18642,1.75
18643,0.75
18644,0.75
18645,-0.25
18646,1.25
18647,0.75
18648,-0.25
18649,-0.75
18650,-0.25
18651,-1.25
18652,0.75
18653,0.75
18654,12.75
18655,-0.25
18656,-14.25
18657,1.25
18658,0.75
18659,5.75
18660,-0.75
18661,-5.25
18662,-10.75
18663,-0.75
18664,-0.75
18665,3.25
18666,6.25
18667,-0.75
18668,1.25
18669,-0.75
18670,0.25
18671,-0.25
18672,-0.25
18673,1.25
18674,0.75
18675,0.25
18676,0.75
18677,1.75
18678,1.75
18679,2.75
18680,0.75
18681,1.75
18682,1.25
18683,-0.25
18684,-0.25
18685,1.75
18686,-0.25
18687,-0.75
18688,-0.75
18689,-0.25
18690,0.75
18691,17.25
18692,-0.75
18693,-0.75
18694,0.25
18695,-0.75
18696,0.75
18697,-0.75
18698,-0.25
18699,-0.75
18700,0.25
18701,0.25
18702,-0.25
18703,2.25
18704,22.25
18705,-11.75
18706,-0.75
18707,1.75
18708,-0.75
18709,-0.25
18710,-0.25
18711,-0.25
18712,0.25
18713,1.75
18714,-0.25
18715,1.25
18716,-0.25
18717,0.75
18718,-0.25
18719,-0.75
18720,-2.25
18721,-0.75
18722,1.75
18723,1.25
18724,0.75
18725,-0.75
18726,-0.25
18727,-0.75
18728,0.75
18729,16.25
18730,-0.75
18731,-0.75
18732,0.75
18733,-1.25
18734,0.75
18735,0.25
18736,-0.75
18737,-0.25
18738,0.75
18739,-0.25
18740,1.75
18741,-0.75
18742,-3.25
18743,-0.25
18744,-0.25
18745,-1.25
18746,-0.75
18747,0.75
18748,0.75
18749,-0.75
18750,0.75
18751,0.75
18752,-0.75
18753,-0.75
18754,-0.25
18755,0.25
18756,-0.75
18757,0.75
18758,0.25
18759,-0.75
18760,0.75
18761,-0.75
18762,3.25
18763,-0.75
18764,-0.75
18765,-0.75
18766,0.75
18767,-0.75
18768,0.75
18769,0.75
18770,0.25
18771,-0.25
18772,-0.25
18773,0.75
18774,1.25
18775,0.75
18776,2.75
18777,-0.75
18778,-0.25
18779,-0.25
18780,0.25
18781,-0.75
18782,-0.25
18783,-0.75
18784,-0.75
18785,-0.75
18786,-0.25
18787,-0.75
18788,1.75
18789,0.75
18790,-0.25
18791,1.25
18792,-0.25
18793,-1.25
18794,0.75
18795,-0.25
18796,1.25
18797,0.75
18798,-0.25
18799,0.75
18800,1.75
18801,0.75
18802,1.25
18803,0.75
18804,-0.75
18805,1.75
18806,-0.25
18807,0.75
18808,0.75
18809,-2.25
18810,-0.25
18811,-0.75
18812,-0.75
18813,-0.25
18814,-0.75
18815,0.75
18816,-0.25
18817,-0.75
18818,0.75
18819,-0.75
18820,-1.25
18821,0.75
18822,-0.25
18823,-0.25
18824,-0.75
18825,11.25
18826,-0.75
18827,0.75
18828,-0.25
18829,-0.75
18830,-1.25
18831,0.75
18832,0.75
18833,0.25
18834,-0.75
18835,0.75
18836,-0.25
18837,-0.75
18838,-0.25
18839,-1.25
18840,0.75
18841,-0.75
18842,-0.25
18843,-0.75
18844,-0.75
18845,-0.25
18846,-1.25
18847,-0.25
18848,-0.25
18849,-1.75
18850,0.75
18851,-0.25
18852,-0.75
18853,-0.75
18854,0.75
18855,-0.75
18856,2.75
18857,0.75
18858,0.25
18859,0.25
18860,-0.25
18861,-0.75
18862,2.25
18863,-1.75
18864,1.25
18865,-0.75
18866,-0.75
18867,-0.75
18868,0.75
18869,1.25
18870,-0.25
18871,-0.75
18872,1.75
18873,-0.75
18874,0.25
18875,-0.25
18876,0.75
18877,1.75
18878,-0.25
18879,-1.25
18880,0.75
18881,-0.75
18882,-0.25
18883,-0.25
18884,-0.75
18885,1.75
18886,-0.75
18887,-0.75
18888,-0.25
18889,-0.75
18890,-0.75
18891,-0.75
18892,3.75
18893,-0.75
18894,-0.25
18895,-0.25
18896,-0.75
18897,-0.25
18898,0.25
18899,0.25
18900,-0.25
18901,0.75
18902,0.25
18903,-0.75
18904,-0.25
18905,0.75
18906,-0.75
18907,-0.25
18908,-0.75
18909,-0.75
18910,-0.75
18911,13.75
18912,0.75
18913,-0.25
18914,-0.75
18915,-0.75
18916,0.25
18917,-0.25
18918,-0.75
18919,-2.75
18920,-2.25
18921,-0.75
18922,0.25
18923,-0.75
18924,0.75
18925,-0.75
18926,0.25
18927,-0.75
18928,0.75
18929,1.25
18930,-0.75
18931,-0.25
18932,1.25
18933,-2.75
18934,-0.25
18935,-0.75
18936,-0.75
18937,-0.25
18938,-0.75
18939,-0.75
18940,-0.75
18941,-0.25
18942,0.75
18943,-1.25
18944,-0.75
18945,-3.25
18946,-0.25
18947,8.25
18948,-0.25
18949,0.75
18950,0.25
18951,0.25
18952,0.75
18953,3.75
18954,-0.25
18955,-0.25
18956,0.25
18957,-0.75
18958,-0.25
18959,-0.25
18960,2.75
18961,-0.75
18962,2.75
18963,16.25
18964,-0.25
18965,-0.25
18966,-0.75
18967,0.75
18968,-0.25
18969,0.75
18970,4.25
18971,0.75
18972,0.75
18973,0.25
18974,-0.75
18975,-1.25
18976,-0.25
18977,0.75
18978,-2.25
18979,0.75
18980,-0.75
18981,0.75
18982,-0.25
18983,1.75
18984,0.75
18985,0.75
18986,-0.75
18987,-0.25
18988,0.25
18989,-0.75
18990,-0.75
18991,-0.75
18992,-0.25
18993,-0.75
18994,-2.25
18995,0.75
18996,-0.25
18997,-0.25
18998,1.75
18999,-0.75
19000,0.75
19001,0.75
19002,0.75
19003,0.25
19004,-1.75
19005,0.75
19006,-1.75
19007,0.75
19008,-0.75
19009,-0.75
19010,-0.25
19011,-0.75
19012,-0.75
19013,0.75
19014,0.75
19015,1.25
19016,-0.75
19017,1.25
19018,0.25
19019,1.75
19020,0.75
19021,-0.75
19022,-0.75
19023,0.75
19024,0.75
19025,-1.25
19026,0.75
19027,-0.75
19028,-0.25
19029,2.25
19030,4.25
19031,0.75
19032,-0.75
19033,1.75
19034,0.75
19035,-0.75
19036,0.25
19037,1.75
19038,0.75
19039,15.75
19040,-0.75
19041,0.25
19042,-0.75
19043,-0.25
19044,-0.75
19045,0.75
19046,-0.25
19047,-1.25
19048,-0.25
19049,0.25
19050,-0.25
19051,-1.25
19052,-0.75
19053,0.25
19054,4.25
19055,-0.75
19056,-0.25
19057,-0.25
19058,-0.75
19059,1.75
19060,-1.75
19061,-0.75
19062,0.75
19063,-0.25
19064,1.25
19065,0.75
19066,-1.25
19067,0.75
19068,0.25
19069,-0.25
19070,-0.75
19071,0.75
19072,-2.75
19073,-0.75
19074,-0.75
19075,0.75
19076,-0.25
19077,0.25
19078,0.75
19079,1.25
19080,0.25
19081,0.25
19082,12.5
19083,-0.75
19084,0.75
19085,-0.75
19086,2.75
19087,14.25
19088,1.25
19089,0.75
19090,-0.25
19091,-0.75
19092,0.75
19093,0.25
19094,-0.75
19095,2.25
19096,-3.75
19097,0.75
19098,2.25
19099,0.75
19100,0.75
19101,0.75
19102,21.25
19103,-0.75
19104,-0.75
19105,2.25
19106,0.75
19107,1.25
19108,-0.25
19109,0.75
19110,1.75
19111,1.25
19112,2.25
19113,0.75
19114,0.75
19115,-0.75
19116,0.75
19117,3.25
19118,0.25
19119,0.75
19120,-4.25
19121,-0.25
19122,0.75
19123,0.25
19124,0.75
19125,-5.25
19126,-0.75
19127,-0.25
19128,0.25
19129,0.75
19130,-0.25
19131,3.25
19132,0.75
19133,0.75
19134,6.0
19135,-0.25
19136,-2.25
19137,-0.75
19138,-0.75
19139,-0.25
19140,-3.25
19141,-0.25
19142,-0.75
19143,-0.75
19144,0.75
19145,0.75
19146,-0.75
19147,0.75
19148,0.25
19149,-0.75
19150,-0.25
19151,0.75
19152,2.25
19153,0.75
19154,-0.75
19155,0.75
19156,10.75
19157,-0.75
19158,1.25
19159,0.75
19160,-0.75
19161,-0.75
19162,-3.25
19163,-0.75
19164,9.25
19165,-0.75
19166,1.75
19167,-0.75
19168,-0.25
19169,0.75
19170,-0.25
19171,0.75
19172,-0.75
19173,-0.25
19174,0.25
19175,-0.75
19176,1.75
19177,14.25
19178,0.25
19179,13.25
19180,-1.25
19181,-0.25
19182,1.75
19183,1.25
19184,-0.75
19185,-0.25
19186,-0.75
19187,0.25
19188,-0.75
19189,0.75
19190,0.75
19191,-0.25
19192,8.25
19193,1.75
19194,0.75
19195,1.25
19196,1.25
19197,1.25
19198,-0.75
19199,-0.25
19200,-0.75
19201,-0.25
19202,0.75
19203,-0.75
19204,1.25
19205,-0.75
19206,5.75
19207,0.75
19208,16.25
19209,-0.75
19210,-0.25
19211,0.75
19212,0.25
19213,4.75
19214,0.75
19215,-0.25
19216,0.75
19217,8.75
19218,-0.25
19219,0.25
19220,2.25
19221,-0.25
19222,0.25
19223,0.75
19224,9.25
19225,1.25
19226,-0.25
19227,0.75
19228,0.75
19229,-0.25
19230,-0.75
19231,2.75
19232,10.75
19233,0.25
19234,0.75
19235,-1.25
19236,1.75
19237,2.75
19238,0.75
19239,-0.75
19240,15.25
19241,12.75
19242,-1.25
19243,0.75
19244,-0.25
19245,15.5
19246,-0.75
19247,-0.75
19248,0.25
19249,-0.75
19250,0.25
19251,-0.75
19252,0.75
19253,10.75
19254,0.75
19255,-2.25
19256,9.75
19257,-0.25
19258,0.25
19259,-2.25
19260,11.25
19261,-0.25
19262,15.75
19263,0.25
19264,0.75
19265,-0.25
19266,-0.75
19267,0.75
19268,0.25
19269,-2.75
19270,0.75
19271,4.25
19272,-5.25
19273,0.75
19274,2.25
19275,3.75
19276,22.25
19277,0.75
19278,-0.25
19279,8.25
19280,0.75
19281,5.75
19282,0.75
19283,-0.75
19284,3.25
19285,-1.25
19286,-0.25
19287,0.25
19288,0.75
19289,-6.25
19290,0.75
19291,-0.25
19292,1.25
19293,0.75
19294,-2.75
19295,-0.25
19296,-0.25
19297,-0.25
19298,-0.25
19299,-0.25
19300,1.75
19301,0.25
19302,0.75
19303,0.75
19304,-0.75
19305,1.75
19306,0.25
19307,-2.25
19308,7.75
19309,-0.75
19310,1.75
19311,-0.75
19312,0.75
19313,-0.75
19314,-0.75
19315,1.25
19316,-0.25
19317,-5.75
19318,-0.25
19319,0.75
19320,-0.75
19321,-2.25
19322,2.25
19323,0.75
19324,0.75
19325,0.25
19326,2.25
19327,-2.75
19328,1.25
19329,-0.25
19330,4.75
19331,-0.25
19332,-0.75
19333,-0.25
19334,-0.25
19335,3.75
19336,0.75
19337,4.25
19338,-0.25
19339,1.25
19340,-0.25
19341,-12.25
19342,3.75
19343,0.75
19344,-7.25
19345,-0.25
19346,-0.25
19347,-0.75
19348,1.75
19349,0.25
19350,-0.75
19351,-0.25
19352,1.25
19353,-0.25
19354,3.25
19355,0.75
19356,0.75
19357,1.75
19358,1.75
19359,1.25
19360,-0.75
19361,-0.25
19362,1.25
19363,-0.25
19364,-0.25
19365,-0.25
19366,1.75
19367,0.75
19368,-0.25
19369,-0.75
19370,0.75
19371,-1.25
19372,0.75
19373,-0.25
19374,1.75
19375,-0.75
19376,-0.75
19377,-0.25
19378,17.5
19379,0.75
19380,-0.75
19381,-0.25
19382,1.25
19383,-0.25
19384,16.25
19385,8.75
19386,0.25
19387,-0.75
19388,1.75
19389,-0.25
19390,0.75
19391,3.25
19392,-0.25
19393,-0.25
19394,-0.75
19395,1.25
19396,-0.75
19397,-0.75
19398,0.75
19399,-0.75
19400,-0.75
19401,-0.25
19402,1.25
19403,0.75
19404,0.75
19405,5.25
19406,0.75
19407,2.75
19408,-0.25
19409,0.25
19410,-0.25
19411,1.75
19412,0.25
19413,-0.25
19414,-0.25
19415,-0.25
19416,-0.75
19417,2.75
19418,0.25
19419,-0.75
19420,-0.25
19421,2.75
19422,-8.25
19423,0.25
19424,-0.75
19425,1.75
19426,0.75
19427,12.5
19428,0.75
19429,-5.25
19430,-0.25
19431,0.75
19432,-0.75
19433,5.75
19434,0.75
19435,1.25
19436,0.75
19437,0.75
19438,1.25
19439,-0.75
19440,-0.25
19441,-0.75
19442,11.0
19443,4.75
19444,0.75
19445,-0.25
19446,0.25
19447,-0.25
19448,-0.25
19449,-0.25
19450,-3.75
19451,3.75
19452,-11.75
19453,-0.75
19454,13.25
19455,-0.25
19456,-0.75
19457,-0.25
19458,26.75
19459,5.25
19460,0.75
19461,0.75
19462,0.25
19463,6.25
19464,-0.25
19465,-2.25
19466,1.75
19467,4.75
19468,1.75
19469,-0.75
19470,0.75
19471,3.75
19472,2.25
19473,-0.75
19474,-0.25
19475,0.25
19476,-0.75
19477,-0.75
19478,-0.25
19479,-0.25
19480,0.75
19481,0.25
19482,0.75
19483,-0.25
19484,-4.25
19485,4.75
19486,1.75
19487,-0.25
19488,-0.75
19489,1.25
19490,0.25
19491,-0.75
19492,2.25
19493,-0.25
19494,-7.75
19495,-0.25
19496,0.75
19497,-0.25
19498,20.0
19499,-0.75
19500,15.0
19501,0.75
19502,0.75
19503,7.25
19504,0.25
19505,-2.25
19506,0.75
19507,-0.25
19508,3.25
19509,2.25
19510,-0.25
19511,0.75
19512,-0.25
19513,1.25
19514,1.25
19515,-0.75
19516,7.25
19517,-0.25
19518,0.75
19519,-1.75
19520,0.75
19521,-0.25
19522,0.75
19523,-5.25
19524,0.75
19525,5.25
19526,0.75
19527,-0.25
19528,0.25
19529,3.75
19530,-1.25
19531,0.75
19532,-1.25
19533,-1.25
19534,-0.25
19535,2.0
19536,2.75
19537,1.25
19538,-0.25
19539,0.25
19540,0.75
19541,0.75
19542,-0.25
19543,1.25
19544,1.75
19545,6.25
19546,0.75
19547,5.25
19548,0.75
19549,0.25
19550,6.75
19551,-3.75
19552,0.75
19553,1.25
19554,18.75
19555,7.25
19556,1.75
19557,0.25
19558,-1.25
19559,1.75
19560,0.25
19561,-0.25
19562,1.75
19563,2.25
19564,10.25
19565,9.75
19566,0.75
19567,3.25
19568,-0.25
19569,-2.75
19570,3.75
19571,0.75
19572,1.75
19573,-0.25
19574,0.25
19575,-0.75
19576,0.75
19577,0.75
19578,-1.75
19579,-0.75
19580,0.75
19581,-2.25
19582,2.25
19583,-0.75
19584,0.75
19585,1.25
19586,-1.25
19587,0.75
19588,-0.75
19589,-0.75
19590,1.75
19591,-2.25
19592,-1.25
19593,0.75
19594,7.75
19595,1.25
19596,-0.75
19597,0.25
19598,-1.25
19599,-3.75
19600,-0.75
19601,-0.75
19602,0.75
19603,13.75
19604,0.75
19605,3.75
19606,24.0
19607,6.75
19608,-0.75
19609,0.75
19610,19.0
19611,-0.75
19612,3.25
19613,2.75
19614,0.25
19615,-0.75
19616,-1.25
19617,-2.25
19618,-0.25
19619,4.25
19620,-0.75
19621,-0.75
19622,0.25
19623,0.75
19624,2.75
19625,-3.25
19626,0.75
19627,1.75
19628,-0.25
19629,0.25
19630,2.75
19631,0.75
19632,17.75
19633,29.75
19634,17.5
19635,-0.75
19636,1.75
19637,15.75
19638,-0.25
19639,2.25
19640,0.25
19641,-0.75
19642,1.75
19643,0.75
19644,27.5
19645,1.25
19646,-0.25
19647,-1.75
19648,-0.75
19649,0.25
19650,-0.25
19651,1.75
19652,1.25
19653,-0.25
19654,-3.25
19655,1.75
19656,0.25
19657,-1.25
19658,-2.25
19659,0.25
19660,0.75
19661,-0.75
19662,0.25
19663,-4.25
19664,-8.25
19665,4.75
19666,0.25
19667,1.25
19668,-0.75
19669,2.25
19670,0.25
19671,1.75
19672,-0.75
19673,-0.25
19674,-0.75
19675,-0.25
19676,-3.25
19677,8.75
19678,1.75
19679,-0.25
19680,-0.75
19681,-5.75
19682,3.25
19683,9.25
19684,-36.75
19685,2.25
19686,-0.25
19687,-5.25
19688,7.75
19689,0.75
19690,14.0
19691,-8.25
19692,7.5
19693,2.25
19694,1.75
19695,1.25
19696,1.75
19697,0.75
19698,1.75
19699,-0.75
19700,1.25
19701,1.25
19702,-1.75
19703,4.25
19704,0.75
19705,11.5
19706,-3.25
19707,-0.25
19708,3.75
19709,0.25
19710,-0.75
19711,3.75
19712,1.75
19713,5.5
19714,-2.25
19715,16.5
19716,15.5
19717,1.25
19718,-0.75
19719,17.25
19720,1.75
19721,-0.75
19722,4.75
19723,0.25
19724,1.75
19725,0.75
19726,7.25
19727,-0.25
19728,-0.25
19729,-0.75
19730,15.25
19731,6.75
19732,-6.75
19733,8.75
19734,0.75
19735,0.75
19736,1.25
19737,0.25
19738,0.75
19739,-0.75
19740,-0.25
19741,2.75
19742,-0.75
19743,0.75
19744,-0.75
19745,-0.75
19746,-0.75
19747,0.75
19748,1.75
19749,-1.25
19750,-1.25
19751,0.75
19752,-0.25
19753,-0.25
19754,1.75
19755,-8.25
19756,20.5
19757,21.25
19758,3.25
19759,0.75
19760,18.0
19761,-1.25
19762,0.25
19763,-0.25
19764,5.25
19765,2.25
19766,-2.25
19767,1.25
19768,23.25
19769,6.75
19770,8.25
19771,1.25
19772,-0.25
19773,-0.75
19774,0.75
19775,-0.25
19776,-0.25
19777,-0.25
19778,-2.75
19779,-2.25
19780,-0.25
19781,-0.25
19782,0.75
19783,-0.25
19784,-1.25
19785,3.75
19786,-6.75
19787,2.75
19788,1.75
19789,0.75
19790,-0.25
19791,-0.75
19792,0.75
19793,-0.25
19794,11.25
19795,-0.25
19796,0.25
19797,-0.75
19798,-0.25
19799,-0.75
19800,-0.75
19801,4.75
19802,-2.25
19803,1.25
19804,-0.75
19805,0.75
19806,2.75
19807,0.75
19808,9.75
19809,0.75
19810,0.75
19811,-0.75
19812,-0.75
19813,0.25
19814,0.75
19815,1.75
19816,-2.25
19817,-2.75
19818,-0.75
19819,0.75
19820,0.25
19821,1.75
19822,-0.75
19823,0.75
19824,-0.25
19825,0.75
19826,0.75
19827,-1.25
19828,0.75
19829,0.75
19830,-0.75
19831,0.25
19832,3.25
19833,0.75
19834,0.25
19835,0.75
19836,3.25
19837,0.75
19838,1.75
19839,-0.25
19840,-2.25
19841,-0.75
19842,-1.25
19843,1.75
19844,-2.25
19845,0.25
19846,-0.75
19847,-1.25
19848,-0.25
19849,0.75
19850,1.25
19851,0.75
19852,1.25
19853,13.25
19854,-0.75
19855,0.75
19856,1.25
19857,-0.25
19858,-0.75
19859,0.25
19860,0.75
19861,-0.75
19862,0.75
19863,9.75
19864,-3.75
19865,-0.25
19866,-0.75
19867,-0.25
19868,0.25
19869,3.25
19870,-1.75
19871,4.75
19872,1.75
19873,2.25
19874,-0.25
19875,-0.75
19876,0.75
19877,1.25
19878,2.75
19879,13.25
19880,0.75
19881,-0.25
19882,-0.25
19883,0.25
19884,1.25
19885,4.75
19886,1.75
19887,-0.75
19888,-0.75
19889,-6.25
19890,0.75
19891,0.75
19892,0.25
19893,-10.75
19894,-0.25
19895,0.75
19896,1.75
19897,-0.75
19898,4.75
19899,1.25
19900,-0.75
19901,12.25
19902,-0.75
19903,-0.25
19904,3.75
19905,-0.25
19906,0.75
19907,-0.25
19908,-0.25
19909,-4.75
19910,2.25
19911,0.75
19912,-0.25
19913,2.25
19914,-0.25
19915,-9.25
19916,2.75
19917,1.25
19918,-0.25
19919,2.25
19920,-0.75
19921,0.25
19922,14.0
19923,-0.25
19924,-0.75
19925,-0.25
19926,-0.25
19927,0.25
19928,-2.25
19929,8.75
19930,2.25
19931,0.25
19932,-0.25
19933,2.75
19934,-1.25
19935,-0.25
19936,2.25
19937,-0.25
19938,-1.25
19939,-5.25
19940,0.75
19941,-0.25
19942,-2.25
19943,-3.25
19944,1.75
19945,1.25
19946,2.25
19947,14.0
19948,-0.25
19949,20.0
19950,-0.25
19951,-1.25
19952,0.25
19953,-1.25
19954,-0.25
19955,-2.75
19956,-0.25
19957,1.75
19958,-0.25
19959,1.25
19960,1.75
19961,0.25
19962,0.75
19963,-0.75
19964,-0.75
19965,3.75
19966,-0.75
19967,5.25
19968,1.75
19969,-0.25
19970,-0.25
19971,-0.25
19972,-0.25
19973,0.75
19974,-0.25
19975,-0.25
19976,-0.25
19977,-0.75
19978,0.75
19979,-0.75
19980,0.25
19981,-0.25
19982,15.5
19983,0.75
19984,-0.25
19985,0.25
19986,0.75
19987,-0.75
19988,18.0
19989,-0.25
19990,4.25
19991,8.25
19992,0.25
19993,1.75
19994,-0.75
19995,-0.75
19996,-1.25
19997,0.25
19998,-2.25
19999,-1.25
20000,0.75
20001,-0.75
20002,0.25
20003,2.75
20004,-0.75
20005,0.75
20006,0.75
20007,0.75
20008,-0.25
20009,0.75
20010,-3.25
20011,0.75
20012,-0.75
20013,-0.25
20014,0.75
20015,3.75
20016,2.75
20017,15.75
20018,-0.75
20019,0.25
20020,-1.25
20021,3.75
20022,-0.25
20023,0.25
20024,-0.25
20025,-0.75
20026,20.0
20027,-0.75
20028,-0.75
20029,-0.75
20030,0.25
20031,10.25
20032,0.75
20033,0.75
20034,0.75
20035,0.25
20036,18.25
20037,1.25
20038,-0.75
20039,-0.75
20040,1.75
20041,-2.25
20042,0.75
20043,-0.25
20044,1.25
20045,0.75
20046,1.75
20047,-0.75
20048,1.25
20049,0.25
20050,0.25
20051,5.25
20052,-1.25
20053,-0.75
20054,-0.25
20055,13.25
20056,-0.75
20057,0.75
20058,1.75
20059,-0.25
20060,0.75
20061,-0.25
20062,0.75
20063,-0.75
20064,-0.25
20065,2.25
20066,5.75
20067,0.75
20068,0.75
20069,-0.25
20070,-0.75
20071,0.75
20072,21.75
20073,0.75
20074,0.75
20075,-0.25
20076,-0.75
20077,-0.75
20078,0.25
20079,-0.75
20080,-0.75
20081,6.25
20082,-0.75
20083,1.75
20084,1.25
20085,-1.25
20086,1.25
20087,0.25
20088,-0.25
20089,13.25
20090,-0.75
20091,-2.25
20092,0.75
20093,-1.75
20094,0.75
20095,1.25
20096,-2.25
20097,0.75
20098,-0.25
20099,-1.25
20100,0.75
20101,0.75
20102,15.75
20103,0.25
20104,-0.75
20105,5.75
20106,0.75
20107,0.25
20108,3.75
20109,-0.25
20110,-5.25
20111,5.75
20112,-1.75
20113,0.25
20114,-0.75
20115,1.75
20116,0.75
20117,-0.75
20118,-0.25
20119,4.25
20120,-0.25
20121,-1.25
20122,-0.25
20123,0.75
20124,-8.75
20125,-0.25
20126,-0.25
20127,0.75
20128,3.25
20129,-0.75
20130,-0.25
20131,-0.25
20132,1.25
20133,-1.25
20134,4.75
20135,-0.75
20136,2.25
20137,-0.25
20138,-0.75
20139,-0.75
20140,7.25
20141,-5.25
20142,-0.25
20143,1.25
20144,-0.75
20145,0.75
20146,0.75
20147,1.75
20148,2.75
20149,-1.75
20150,-0.25
20151,1.75
20152,-0.25
20153,-0.25
20154,5.75
20155,-0.75
20156,1.25
20157,0.75
20158,-0.25
20159,-3.25
20160,2.25
20161,2.25
20162,7.75
20163,5.25
20164,1.25
20165,8.75
20166,-0.25
20167,-3.25
20168,8.75
20169,0.75
20170,0.75
20171,7.75
20172,-0.25
20173,1.75
20174,0.75
20175,-0.75
20176,0.75
20177,0.75
20178,0.75
20179,1.75
20180,1.25
20181,0.75
20182,-0.75
20183,-0.75
20184,2.75
20185,-2.25
20186,5.25
20187,0.25
20188,1.25
20189,0.75
20190,4.75
20191,3.25
20192,1.25
20193,-1.25
20194,5.75
20195,2.75
20196,-0.75
20197,-0.25
20198,0.75
20199,-0.75
20200,1.75
20201,-0.75
20202,-0.75
20203,20.5
20204,0.25
20205,0.25
20206,0.25
20207,1.75
20208,0.75
20209,-0.25
20210,-0.75
20211,7.75
20212,-0.25
20213,0.75
20214,1.25
20215,2.25
20216,0.25
20217,0.75
20218,1.25
20219,-0.75
20220,5.25
20221,2.25
20222,1.25
20223,1.75
20224,1.75
20225,3.75
20226,-0.75
20227,1.75
20228,-2.25
20229,1.75
20230,0.25
20231,2.25
20232,0.25
20233,-0.75
20234,-0.25
20235,-1.25
20236,-0.25
20237,0.25
20238,1.75
20239,9.25
20240,-0.75
20241,17.5
20242,0.25
20243,-6.25
20244,1.25
20245,0.75
20246,-0.75
20247,0.75
20248,0.75
20249,11.25
20250,-0.25
20251,0.25
20252,3.75
20253,0.75
20254,8.75
20255,0.75
20256,-0.25
20257,-0.75
20258,2.25
20259,7.25
20260,8.75
20261,6.75
20262,1.75
20263,0.75
20264,2.25
20265,-0.75
20266,2.25
20267,-0.75
20268,-3.25
20269,-1.75
20270,1.25
20271,1.25
20272,-0.75
20273,2.25
20274,-4.25
20275,-0.25
20276,0.75
20277,-8.25
20278,-1.75
20279,-0.75
20280,3.75
20281,15.25
20282,1.75
20283,0.75
20284,-0.75
20285,1.25
20286,0.75
20287,-0.25
20288,2.75
20289,-0.75
20290,0.25
20291,-0.25
20292,5.25
20293,0.25
20294,-0.25
20295,3.25
20296,-0.75
20297,-0.75
20298,2.75
20299,4.25
20300,-0.75
20301,0.75
20302,0.25
20303,0.75
20304,-0.25
20305,-1.25
20306,-0.75
20307,-0.25
20308,25.0
20309,1.25
20310,-1.25
20311,-1.25
20312,-4.25
20313,-9.75
20314,8.75
20315,0.25
20316,2.75
20317,2.25
20318,1.25
20319,0.75
20320,-0.75
20321,-0.25
20322,6.0
20323,-0.25
20324,1.25
20325,1.75
20326,2.25
20327,1.75
20328,-0.75
20329,6.25
20330,1.75
20331,-5.25
20332,-0.25
20333,0.75
20334,11.75
20335,0.25
20336,1.25
20337,0.75
20338,0.75
20339,-0.25
20340,0.25
20341,2.75
20342,15.5
20343,2.25
20344,-0.25
20345,-0.25
20346,-0.75
20347,-4.25
20348,12.0
20349,-0.25
20350,0.75
20351,-0.75
20352,14.75
20353,-0.25
20354,1.75
20355,-0.75
20356,6.25
20357,2.75
20358,18.75
20359,-5.25
20360,3.25
20361,-0.75
20362,-0.75
20363,8.75
20364,1.25
20365,1.25
20366,0.75
20367,-0.25
20368,-0.75
20369,0.75
20370,2.75
20371,7.75
20372,-2.75
20373,24.0
20374,0.75
20375,-1.25
20376,0.25
20377,-0.75
20378,0.75
20379,1.75
20380,-0.25
20381,1.25
20382,1.75
20383,2.25
20384,0.75
20385,2.25
20386,0.75
20387,2.75
20388,-4.75
20389,4.25
20390,0.75
20391,-0.25
20392,-7.75
20393,-1.25
20394,1.75
20395,-8.75
20396,4.75
20397,2.75
20398,-0.25
20399,-0.75
20400,4.25
20401,-2.25
20402,24.0
20403,0.25
20404,-0.25
20405,-0.25
20406,-0.25
20407,0.25
20408,5.75
20409,0.25
20410,-0.75
20411,-0.75
20412,-0.25
20413,16.5
20414,-0.25
20415,0.75
20416,0.75
20417,-0.25
20418,2.75
20419,1.75
20420,1.25
20421,-1.25
20422,0.25
20423,-1.25
20424,-0.75
20425,-0.25
20426,-0.75
20427,-1.25
20428,0.75
20429,5.25
20430,-0.25
20431,0.75
20432,-0.75
20433,-0.25
20434,0.25
20435,0.75
20436,1.75
20437,12.0
20438,1.25
20439,2.25
20440,22.75
20441,-0.75
20442,2.75
20443,-0.25
20444,1.75
20445,-2.25
20446,-0.75
20447,-0.75
20448,4.75
20449,-0.75
20450,12.25
20451,1.25
20452,9.25
20453,0.75
20454,0.25
20455,-0.25
20456,0.75
20457,0.25
20458,-0.25
20459,-0.25
20460,0.25
20461,-0.25
20462,0.75
20463,5.75
20464,-2.75
20465,3.25
20466,0.75
20467,0.25
20468,-1.75
20469,0.75
20470,3.25
20471,11.25
20472,-0.75
20473,0.75
20474,0.75
20475,10.25
20476,-0.25
20477,-0.75
20478,0.75
20479,-0.75
20480,1.75
20481,9.75
20482,-0.25
20483,-0.75
20484,-0.25
20485,1.75
20486,-0.75
20487,1.25
20488,-0.75
20489,12.75
20490,-0.75
20491,1.25
20492,-0.25
20493,-0.75
20494,-0.75
20495,-0.75
20496,0.75
20497,16.75
20498,0.75
20499,0.25
20500,0.75
20501,-0.25
20502,-4.75
20503,13.25
20504,0.25
20505,3.75
20506,-0.75
20507,-2.75
20508,-0.75
20509,-0.25
20510,-2.75
20511,-0.25
20512,-0.75
20513,0.75
20514,4.75
20515,20.0
20516,1.25
20517,-5.25
20518,-0.25
20519,3.75
20520,-0.25
20521,-0.25
20522,-25.75
20523,3.25
20524,0.75
20525,-0.75
20526,0.75
20527,21.0
20528,0.25
20529,2.75
20530,-2.25
20531,-0.75
20532,-0.75
20533,-0.75
20534,0.75
20535,4.75
20536,-3.25
20537,-0.75
20538,-0.25
20539,0.75
20540,2.75
20541,0.75
20542,-0.75
20543,12.0
20544,-0.25
20545,-0.75
20546,1.25
20547,0.75
20548,-0.75
20549,7.75
20550,0.75
20551,3.25
20552,-0.25
20553,-0.25
20554,-0.25
20555,-0.75
20556,3.25
20557,-0.25
20558,-3.25
20559,3.25
20560,0.75
20561,-0.75
20562,-1.25
20563,-0.75
20564,0.75
20565,4.25
20566,-0.75
20567,0.75
20568,3.75
20569,1.25
20570,0.75
20571,-2.25
20572,1.25
20573,-0.75
20574,-0.75
20575,13.0
20576,-1.25
20577,1.25
20578,1.75
20579,7.25
20580,2.25
20581,10.25
20582,-0.25
20583,-0.25
20584,0.75
20585,-0.75
20586,-0.75
20587,4.75
20588,0.75
20589,2.25
20590,0.75
20591,1.75
20592,0.25
20593,-0.75
20594,0.75
20595,1.25
20596,0.75
20597,3.25
20598,1.75
20599,-0.25
20600,-0.75
20601,0.75
20602,1.25
20603,-0.75
20604,-1.25
20605,0.75
20606,0.75
20607,1.25
20608,3.25
20609,-0.75
20610,-1.25
20611,0.75
20612,2.25
20613,-0.25
20614,0.25
20615,-21.75
20616,0.75
20617,4.75
20618,-0.75
20619,-0.75
20620,-0.25
20621,-0.75
20622,0.75
20623,2.25
20624,1.25
20625,-0.75
20626,4.25
20627,1.25
20628,0.75
20629,0.75
20630,-0.75
20631,-0.75
20632,1.75
20633,1.25
20634,-0.75
20635,-0.75
20636,-0.25
20637,-0.75
20638,0.25
20639,-1.25
20640,0.75
20641,-0.25
20642,2.25
20643,-0.25
20644,0.75
20645,-0.75
20646,0.75
20647,0.75
20648,-0.25
20649,2.25
20650,0.75
20651,2.75
20652,-0.75
20653,0.75
20654,0.75
20655,-0.25
20656,-0.75
20657,10.25
20658,-0.75
20659,6.25
20660,-0.75
20661,0.25
20662,0.25
20663,0.25
20664,1.75
20665,0.75
20666,6.25
20667,-0.75
20668,0.75
20669,-1.75
20670,-0.75
20671,-1.25
20672,-0.25
20673,-4.25
20674,0.25
20675,1.25
20676,0.75
20677,0.25
20678,1.25
20679,-1.25
20680,2.25
20681,-0.25
20682,-0.75
20683,0.75
20684,0.25
20685,0.25
20686,-0.25
20687,-0.25
20688,0.25
20689,-0.75
20690,0.25
20691,0.75
20692,-0.75
20693,-0.75
20694,-0.25
20695,3.75
20696,0.75
20697,0.25
20698,0.75
20699,0.75
20700,9.75
20701,-0.75
20702,-0.25
20703,-5.25
20704,-0.25
20705,1.75
20706,1.25
20707,3.75
20708,-3.75
20709,0.75
20710,-1.75
20711,-4.75
20712,0.25
20713,-0.25
20714,-0.75
20715,0.75
20716,4.25
20717,-0.25
20718,0.75
20719,-0.25
20720,-0.75
20721,-1.25
20722,-0.25
20723,-0.75
20724,0.75
20725,0.75
20726,0.75
20727,-0.75
20728,-0.75
20729,3.25
20730,-0.25
20731,-0.75
20732,0.75
20733,3.25
20734,-0.25
20735,1.25
20736,-0.25
20737,-9.25
20738,-0.75
20739,-0.25
20740,-0.75
20741,-0.75
20742,0.75
20743,1.25
20744,1.25
20745,1.75
20746,-0.25
20747,-1.25
20748,13.75
20749,0.75
20750,0.25
20751,3.25
20752,-6.75
20753,-0.25
20754,14.25
20755,0.75
20756,-0.25
20757,-0.25
20758,0.75
20759,1.25
20760,-0.75
20761,-0.25
20762,-0.75
20763,0.75
20764,0.75
20765,-2.25
20766,0.75
20767,0.75
20768,0.75
20769,0.75
20770,-1.25
20771,-0.75
20772,1.25
20773,1.75
20774,-0.25
20775,4.75
20776,-0.75
20777,-0.75
20778,0.75
20779,0.75
20780,1.25
20781,0.25
20782,2.25
20783,0.75
20784,6.75
20785,0.25
20786,3.25
20787,-2.25
20788,0.75
20789,-0.25
20790,-0.75
20791,-0.25
20792,2.25
20793,-0.25
20794,-0.25
20795,0.25
20796,0.75
20797,-0.25
20798,-0.75
20799,-0.25
20800,-0.25
20801,23.75
20802,0.75
20803,0.25
20804,-0.75
20805,-0.25
20806,-0.75
20807,1.75
20808,0.75
20809,0.75
20810,0.75
20811,-4.25
20812,-0.25
20813,0.75
20814,0.75
20815,-0.25
20816,0.75
20817,-0.75
20818,0.75
20819,-1.25
20820,2.75
20821,-0.75
20822,5.25
20823,-10.25
20824,1.25
20825,1.25
20826,-0.25
20827,0.25
20828,4.25
20829,-0.25
20830,-0.75
20831,0.25
20832,1.75
20833,-0.25
20834,1.75
20835,1.25
20836,0.25
20837,0.75
20838,0.75
20839,0.25
20840,-0.25
20841,-0.25
20842,0.75
20843,0.75
20844,-0.75
20845,2.25
20846,0.75
20847,-0.25
20848,2.25
20849,0.75
20850,2.75
20851,14.75
20852,-0.25
20853,-0.75
20854,-0.25
20855,-0.25
20856,0.75
20857,-0.25
20858,6.25
20859,-0.75
20860,-0.25
20861,-0.25
20862,-0.75
20863,-0.75
20864,-2.25
20865,-0.25
20866,1.25
20867,-0.75
20868,-0.75
20869,-0.25
20870,1.25
20871,10.25
20872,-0.25
20873,2.75
20874,-0.75
20875,0.75
20876,-0.75
20877,1.25
20878,-0.75
20879,-0.75
20880,-0.25
20881,0.75
20882,-1.25
20883,-0.25
20884,-0.25
20885,1.25
20886,17.5
20887,2.75
20888,0.75
20889,-0.25
20890,0.75
20891,2.25
20892,13.75
20893,1.75
20894,-0.25
20895,-4.25
20896,-0.75
20897,0.75
20898,1.75
20899,4.75
20900,0.75
20901,-0.25
20902,-0.25
20903,3.25
20904,0.75
20905,-0.75
20906,-0.25
20907,-0.25
20908,1.25
20909,2.25
20910,7.25
20911,-1.25
20912,-0.25
20913,-0.75
20914,0.75
20915,-0.25
20916,2.25
20917,6.75
20918,3.25
20919,0.75
20920,-1.25
20921,19.25
20922,1.75
20923,0.75
20924,-0.25
20925,0.75
20926,-0.25
20927,-0.25
20928,3.25
20929,-0.75
20930,-0.75
20931,2.75
20932,0.75
20933,-0.75
20934,-0.25
20935,-0.25
20936,-0.25
20937,-0.25
20938,-0.25
20939,-0.25
20940,0.25
20941,0.75
20942,-0.75
20943,-0.75
20944,-0.75
20945,18.5
20946,3.25
20947,24.75
20948,15.75
20949,0.25
20950,-0.75
20951,-7.75
20952,1.75
20953,-2.25
20954,-6.75
20955,13.25
20956,0.75
20957,-2.25
20958,-0.75
20959,-0.25
20960,0.75
20961,0.25
20962,0.75
20963,0.75
20964,-2.25
20965,-1.25
20966,-0.75
20967,0.75
20968,0.25
20969,-8.75
20970,-0.25
20971,0.75
20972,19.75
20973,0.25
20974,0.75
20975,6.25
20976,-0.75
20977,-4.75
20978,1.25
20979,-0.25
20980,-0.25
20981,2.75
20982,-0.75
20983,0.75
20984,1.25
20985,0.75
20986,-0.25
20987,4.75
20988,3.25
20989,-2.25
20990,-2.75
20991,0.75
20992,0.75
20993,-0.75
20994,0.75
20995,3.25
20996,-0.25
20997,3.25
20998,0.75
20999,-0.75
21000,0.25
21001,-0.75
21002,21.0
21003,1.25
21004,39.0
21005,20.25
21006,0.75
21007,0.75
21008,0.25
21009,0.75
21010,3.75
21011,-0.25
21012,0.75
21013,0.75
21014,-2.25
21015,-1.25
21016,-0.25
21017,1.25
21018,0.75
21019,-0.25
21020,-2.75
21021,-0.75
21022,-2.25
21023,0.75
21024,2.25
21025,10.25
21026,-6.25
21027,-0.75
21028,-1.25
21029,0.75
21030,0.75
21031,29.0
21032,1.25
21033,-0.75
21034,1.25
21035,4.25
21036,-0.75
21037,-1.25
21038,-0.25
21039,-0.75
21040,2.75
21041,2.25
21042,0.75
21043,-2.25
21044,-8.25
21045,10.25
21046,-0.75
21047,-0.25
21048,1.25
21049,1.75
21050,-2.25
21051,-0.75
21052,0.25
21053,2.25
21054,-0.25
21055,-0.25
21056,3.25
21057,0.75
21058,0.25
21059,0.75
21060,0.25
21061,-0.75
21062,1.25
21063,-0.25
21064,1.75
21065,10.75
21066,0.75
21067,-0.75
21068,0.75
21069,-8.25
21070,-0.25
21071,-0.25
21072,0.75
21073,0.75
21074,-0.25
21075,0.25
21076,0.75
21077,2.25
21078,2.75
21079,-0.25
21080,1.75
21081,0.25
21082,0.75
21083,-0.75
21084,-0.25
21085,3.75
21086,3.75
21087,13.75
21088,0.75
21089,-0.75
21090,3.25
21091,2.25
21092,0.75
21093,1.75
21094,-0.75
21095,0.75
21096,-0.25
21097,-1.25
21098,0.75
21099,-0.25
21100,1.75
21101,20.5
21102,-1.75
21103,1.25
21104,6.25
21105,2.25
21106,0.25
21107,0.75
21108,-0.75
21109,0.75
21110,0.75
21111,0.75
21112,1.75
21113,0.75
21114,1.75
21115,4.25
21116,3.25
21117,0.25
21118,1.75
21119,0.75
21120,1.25
21121,9.25
21122,-0.75
21123,-0.75
21124,0.75
21125,0.75
21126,-0.25
21127,-3.25
21128,13.0
21129,-0.75
21130,-0.75
21131,0.75
21132,-0.25
21133,0.75
21134,-0.75
21135,5.25
21136,-10.75
21137,-9.75
21138,-0.25
21139,12.0
21140,-0.75
21141,-0.25
21142,0.75
21143,-0.25
21144,-12.75
21145,-0.25
21146,11.25
21147,0.75
21148,5.25
21149,0.75
21150,-0.25
21151,0.75
21152,-0.25
21153,1.25
21154,3.25
21155,-0.25
21156,2.25
21157,-1.75
21158,27.75
21159,-0.25
21160,-0.75
21161,0.25
21162,-0.75
21163,1.25
21164,-2.25
21165,3.25
21166,1.25
21167,-0.25
21168,3.75
21169,1.25
21170,0.75
21171,-0.75
21172,0.75
21173,-0.25
21174,11.25
21175,1.25
21176,4.75
21177,-16.25
21178,0.75
21179,-12.75
21180,-3.75
21181,-0.75
21182,-0.75
21183,0.75
21184,-0.25
21185,0.75
21186,0.25
21187,18.75
21188,0.75
21189,-9.75
21190,0.75
21191,1.75
21192,-3.75
21193,1.75
21194,3.75
21195,2.75
21196,-0.75
21197,0.75
21198,-2.25
21199,-2.25
21200,1.25
21201,-4.25
21202,-0.75
21203,2.25
21204,4.75
21205,2.75
21206,10.25
21207,0.75
21208,0.25
21209,-0.25
21210,9.75
21211,-0.25
21212,-0.75
21213,1.75
21214,-0.25
21215,0.75
21216,1.25
21217,0.75
21218,-1.75
21219,-0.75
21220,-2.25
21221,-0.75
21222,-0.25
21223,11.25
21224,1.75
21225,1.25
21226,-1.25
21227,0.75
21228,0.75
21229,3.25
21230,0.25
21231,1.75
21232,-0.25
21233,1.75
21234,-0.25
21235,2.25
21236,-0.75
21237,0.75
21238,-3.25
21239,2.25
21240,1.25
21241,2.25
21242,2.25
21243,-0.25
21244,-0.25
21245,-0.75
21246,0.75
21247,-0.25
21248,0.75
21249,0.75
21250,6.75
21251,5.25
21252,1.25
21253,-0.25
21254,-0.75
21255,0.25
21256,0.75
21257,0.75
21258,13.25
21259,-37.25
21260,-0.25
21261,-0.75
21262,0.75
21263,0.25
21264,0.75
21265,-0.75
21266,-3.75
21267,1.75
21268,0.75
21269,0.25
21270,0.25
21271,-8.25
21272,0.75
21273,0.25
21274,-0.25
21275,2.25
21276,1.75
21277,0.75
21278,-0.25
21279,2.75
21280,2.75
21281,7.25
21282,-0.25
21283,2.25
21284,0.75
21285,-0.25
21286,5.25
21287,-0.25
21288,-0.25
21289,0.75
21290,0.75
21291,-0.25
21292,0.75
21293,-0.75
21294,0.75
21295,-0.75
21296,-0.75
21297,-0.75
21298,-0.75
21299,-0.75
21300,-0.25
21301,0.75
21302,-0.75
21303,-0.25
21304,-0.25
21305,0.25
21306,-0.25
21307,-0.25
21308,-0.75
21309,-0.75
21310,1.25
21311,-0.75
21312,0.75
21313,-0.75
21314,1.75
21315,-2.75
21316,-0.75
21317,-0.25
21318,-0.25
21319,0.75
21320,-0.75
21321,3.75
21322,1.25
21323,-0.75
21324,0.75
21325,-0.75
21326,-0.75
21327,1.25
21328,-0.25
21329,-0.75
21330,-0.75
21331,0.75
21332,-1.25
21333,0.75
21334,2.25
21335,0.75
21336,0.25
21337,-0.75
21338,-5.75
21339,0.75
21340,-2.75
21341,-0.75
21342,0.75
21343,0.75
21344,0.75
21345,2.25
21346,-0.75
21347,-0.25
21348,-0.25
21349,0.75
21350,-0.75
21351,-0.75
21352,0.75
21353,-0.25
21354,0.25
21355,-0.75
21356,1.75
21357,0.75
21358,0.75
21359,-0.25
21360,-5.25
21361,-0.75
21362,0.75
21363,-0.75
21364,3.25
21365,0.75
21366,0.25
21367,1.25
21368,-0.75
21369,-0.75
21370,-0.75
21371,0.75
21372,-0.75
21373,-0.75
21374,0.25
21375,0.75
21376,-0.75
21377,-0.25
21378,-0.75
21379,22.25
21380,0.75
21381,-0.75
21382,-0.75
21383,-0.75
21384,-0.25
21385,-0.75
21386,-0.75
21387,0.75
21388,1.25
21389,-1.25
21390,0.75
21391,0.75
21392,-1.25
21393,1.75
21394,-0.75
21395,-2.25
21396,0.75
21397,0.75
21398,-0.75
21399,-0.75
21400,-0.25
21401,-0.75
21402,0.75
21403,0.75
21404,0.75
21405,1.25
21406,-0.75
21407,0.75
21408,0.75
21409,6.25
21410,0.75
21411,-0.75
21412,-0.75
21413,0.75
21414,-0.25
21415,-0.75
21416,0.75
21417,-9.75
21418,0.75
21419,0.75
21420,3.75
21421,-0.75
21422,-0.75
21423,-2.75
21424,2.75
21425,0.25
21426,-0.25
21427,0.25
21428,-1.25
21429,2.25
21430,-0.75
21431,1.75
21432,0.75
21433,2.25
21434,0.75
21435,-0.25
21436,0.25
21437,0.25
21438,0.25
21439,-0.25
21440,0.25
21441,1.75
21442,-0.75
21443,-0.25
21444,-1.25
21445,0.75
21446,0.75
21447,-1.25
21448,-0.75
21449,0.75
21450,0.75
21451,-0.75
21452,-0.75
21453,-0.75
21454,-0.75
21455,-0.25
21456,0.75
21457,5.25
21458,-0.25
21459,0.25
21460,-0.75
21461,0.25
21462,1.25
21463,-0.75
21464,-0.75
21465,-0.25
21466,0.25
21467,2.25
21468,4.75
21469,-0.75
21470,1.75
21471,-0.25
21472,-0.75
21473,-0.75
21474,-0.25
21475,-0.75
21476,-2.75
21477,-0.75
21478,-0.25
21479,0.75
21480,0.75
21481,0.75
21482,0.25
21483,-0.75
21484,-0.75
21485,0.75
21486,-0.75
21487,0.75
21488,0.25
21489,4.25
21490,-0.25
21491,0.75
21492,-0.75
21493,-0.75
21494,0.25
21495,0.75
21496,-0.75
21497,-0.25
21498,-0.25
21499,0.75
21500,0.75
21501,0.75
21502,-0.75
21503,0.75
21504,1.75
21505,-0.75
21506,-0.75
21507,0.25
21508,-0.25
21509,-0.25
21510,-0.75
21511,0.75
21512,-0.25
21513,0.75
21514,-0.25
21515,-0.25
21516,0.75
21517,0.75
21518,0.25
21519,-0.25
21520,-0.75
21521,-0.25
21522,1.25
21523,-2.75
21524,-0.25
21525,4.25
21526,0.75
21527,1.75
21528,-0.75
21529,-0.25
21530,0.75
21531,-0.25
21532,-0.25
21533,1.75
21534,-0.75
21535,0.75
21536,-0.75
21537,-0.75
21538,1.75
21539,-1.25
21540,-0.25
21541,-0.25
21542,-0.75
21543,-0.75
21544,-0.75
21545,0.75
21546,-0.25
21547,0.75
21548,-0.75
21549,0.75
21550,-0.75
21551,-0.25
21552,-0.25
21553,0.75
21554,-0.75
21555,0.75
21556,6.75
21557,0.75
21558,-0.75
21559,0.75
21560,-0.75
21561,-0.25
21562,-0.75
21563,3.25
21564,0.75
21565,-0.75
21566,-1.25
21567,4.25
21568,-0.75
21569,-0.75
21570,-0.75
21571,0.75
21572,0.75
21573,-0.25
21574,-7.25
21575,-0.75
21576,0.25
21577,-0.75
21578,-0.25
21579,-0.25
21580,-0.75
21581,0.75
21582,-0.75
21583,-0.75
21584,-2.25
21585,-0.75
21586,-0.25
21587,-0.25
21588,0.75
21589,-0.25
21590,-0.75
21591,-0.75
21592,-0.75
21593,-1.25
21594,-0.75
21595,0.75
21596,2.25
21597,0.75
21598,-0.75
21599,-0.75
21600,0.75
21601,-0.75
21602,-0.75
21603,0.25
21604,0.75
21605,0.75
21606,-0.25
21607,-0.75
21608,-0.25
21609,-0.75
21610,0.75
21611,0.75
21612,0.25
21613,-0.25
21614,-0.25
21615,3.25
21616,0.75
21617,0.75
21618,2.25
21619,-0.25
21620,-0.25
21621,-1.25
21622,-0.75
21623,-0.25
21624,0.75
21625,0.75
21626,0.75
21627,0.75
21628,-0.75
21629,-0.25
21630,-0.25
21631,0.25
21632,-0.25
21633,0.25
21634,1.75
21635,-0.25
21636,-0.75
21637,0.75
21638,-0.75
21639,-1.75
21640,-0.75
21641,-0.25
21642,0.75
21643,1.75
21644,-0.75
21645,-0.25
21646,-0.25
21647,2.25
21648,0.75
21649,0.75
21650,2.25
21651,0.75
21652,-0.25
21653,0.75
21654,1.75
21655,0.25
21656,2.25
21657,0.25
21658,0.75
21659,-1.25
21660,-0.75
21661,0.25
21662,0.75
21663,0.75
21664,-0.75
21665,-0.25
21666,0.75
21667,-1.25
21668,2.25
21669,1.75
21670,-0.25
21671,0.75
21672,0.75
21673,1.25
21674,-0.25
21675,0.25
21676,0.75
21677,-0.75
21678,-0.25
21679,-9.75
21680,0.75
21681,-1.25
21682,0.75
21683,0.25
21684,-0.25
21685,-0.25
21686,3.25
21687,0.75
21688,-0.75
21689,0.75
21690,-0.25
21691,0.75
21692,-0.25
21693,-0.75
21694,-0.25
21695,1.25
21696,0.75
21697,0.75
21698,-0.25
21699,-0.25
21700,1.75
21701,1.25
21702,-0.75
21703,-0.75
21704,0.25
21705,-0.75
21706,0.75
21707,-0.75
21708,2.75
21709,-0.75
21710,-0.25
21711,2.75
21712,-0.25
21713,-0.75
21714,1.25
21715,-0.75
21716,-0.25
21717,0.75
21718,0.25
21719,-0.25
21720,0.75
21721,-0.75
21722,2.25
21723,0.75
21724,-0.75
21725,-0.75
21726,-0.25
21727,2.25
21728,0.75
21729,-1.25
21730,-0.75
21731,0.75
21732,0.75
21733,-0.75
21734,-0.75
21735,-0.25
21736,-0.75
21737,3.25
21738,0.75
21739,0.75
21740,-3.25
21741,0.75
21742,-0.75
21743,0.25
21744,-0.25
21745,-0.25
21746,-1.25
21747,-0.25
21748,-0.75
21749,6.25
21750,0.25
21751,-0.25
21752,-0.25
21753,1.75
21754,-0.75
21755,-0.75
21756,-0.25
21757,1.75
21758,1.75
21759,0.75
21760,-0.75
21761,0.75
21762,1.25
21763,-0.75
21764,-0.25
21765,-0.75
21766,-1.25
21767,0.25
21768,-0.75
21769,-0.25
21770,-0.25
21771,-0.75
21772,0.25
21773,0.75
21774,-0.25
21775,-0.75
21776,-0.25
21777,2.75
21778,0.75
21779,-0.75
21780,0.25
21781,0.75
21782,0.75
21783,-0.75
21784,-0.25
21785,-0.25
21786,-0.75
21787,0.75
21788,1.25
21789,-0.75
21790,-0.75
21791,-0.25
21792,1.25
21793,-0.25
21794,-0.75
21795,2.75
21796,-0.75
21797,0.25
21798,-1.75
21799,1.75
21800,1.25
21801,1.75
21802,-0.75
21803,2.25
21804,-0.75
21805,-0.25
21806,1.25
21807,-0.25
21808,-0.25
21809,0.75
21810,-2.75
21811,8.25
21812,-0.25
21813,-0.25
21814,0.75
21815,-0.25
21816,-0.75
21817,-0.25
21818,3.25
21819,-0.25
21820,0.75
21821,0.25
21822,0.25
21823,0.75
21824,-0.75
21825,0.75
21826,0.75
21827,-0.25
21828,-0.25
21829,1.75
21830,-0.25
21831,-4.25
21832,3.75
21833,0.75
21834,-0.75
21835,-0.25
21836,-0.75
21837,-0.75
21838,-0.25
21839,-0.75
21840,0.75
21841,1.25
21842,1.75
21843,1.25
21844,0.25
21845,-0.25
21846,-0.75
21847,2.25
21848,-0.75
21849,5.25
21850,0.75
21851,-0.75
21852,0.75
21853,-0.25
21854,0.75
21855,0.25
21856,-0.25
21857,-0.75
21858,-0.25
21859,3.25
21860,3.75
21861,0.25
21862,-0.25
21863,-0.75
21864,-2.75
21865,3.25
21866,-0.75
21867,-0.25
21868,-0.75
21869,-0.75
21870,10.75
21871,-0.25
21872,-0.75
21873,6.25
21874,-0.75
21875,1.75
21876,-0.25
21877,-0.75
21878,-0.25
21879,-0.25
21880,-0.25
21881,-0.25
21882,-0.25
21883,-0.75
21884,-1.25
21885,-3.25
21886,-5.25
21887,-0.75
21888,-0.75
21889,-2.25
21890,-0.25
21891,-0.75
21892,-1.75
21893,-0.75
21894,0.75
21895,-0.75
21896,-1.25
21897,-0.75
21898,-0.75
21899,-0.75
21900,-1.25
21901,-2.25
21902,0.75
21903,1.25
21904,-0.25
21905,-0.75
21906,0.75
21907,2.25
21908,1.75
21909,0.25
21910,-0.25
21911,-0.75
21912,-0.25
21913,-0.75
21914,-0.75
21915,0.75
21916,0.75
21917,0.75
21918,0.75
21919,7.75
21920,0.25
21921,-0.75
21922,-0.25
21923,0.75
21924,12.0
21925,-0.75
21926,-0.75
21927,0.75
21928,0.25
21929,-0.75
21930,1.75
21931,-0.25
21932,-0.25
21933,0.75
21934,0.25
21935,2.25
21936,2.25
21937,0.75
21938,-0.25
21939,0.75
21940,-0.75
21941,-0.75
21942,0.75
21943,0.25
21944,-0.25
21945,0.75
21946,0.25
21947,0.25
21948,0.75
21949,3.25
21950,-0.25
21951,2.25
21952,-0.25
21953,2.25
21954,0.75
21955,1.25
21956,0.75
21957,0.75
21958,-0.25
21959,-0.25
21960,0.25
21961,-0.25
21962,0.75
21963,1.25
21964,-0.75
21965,-0.75
21966,0.75
21967,-0.25
21968,0.75
21969,0.25
21970,-0.25
21971,0.75
21972,1.25
21973,0.75
21974,0.75
21975,1.25
21976,0.25
21977,1.75
21978,0.25
21979,0.25
21980,3.25
21981,-0.75
21982,6.25
21983,-0.25
21984,-0.25
21985,3.25
21986,-4.25
21987,0.25
21988,0.25
21989,-0.25
21990,0.75
21991,0.25
21992,-0.75
21993,-0.75
21994,3.25
21995,-0.25
21996,2.75
21997,-0.25
21998,0.25
21999,-14.75
22000,0.75
22001,0.25
22002,-0.75
22003,-0.75
22004,3.75
22005,-0.25
22006,0.75
22007,-1.25
22008,15.5
22009,0.75
22010,-0.25
22011,1.75
22012,-0.75
22013,-0.25
22014,-0.75
22015,-0.25
22016,-0.25
22017,9.25
22018,-2.75
22019,2.25
22020,-0.75
22021,-1.25
22022,0.75
22023,-0.25
22024,-0.25
22025,8.25
22026,-0.25
22027,3.25
22028,0.25
22029,-0.75
22030,-0.75
22031,1.75
22032,-0.25
22033,-0.75
22034,-0.25
22035,0.25
22036,-1.75
22037,3.75
22038,6.25
22039,-2.75
22040,-0.75
22041,-0.75
22042,-0.25
22043,1.75
22044,-0.25
22045,-0.25
22046,0.25
22047,2.75
22048,6.25
22049,-0.25
22050,0.75
22051,9.25
22052,-0.75
22053,-0.25
22054,6.75
22055,0.75
22056,3.75
22057,0.75
22058,1.75
22059,-11.75
22060,-0.75
22061,0.75
22062,1.75
22063,-0.25
22064,4.75
22065,0.75
22066,0.75
22067,0.75
22068,-0.25
22069,1.75
22070,-0.25
22071,1.25
22072,3.75
22073,1.25
22074,1.25
22075,-0.75
22076,-0.25
22077,10.25
22078,2.75
22079,6.25
22080,0.75
22081,0.75
22082,0.75
22083,-0.25
22084,0.25
22085,1.25
22086,1.25
22087,-0.75
22088,-0.25
22089,-0.25
22090,17.75
22091,1.75
22092,0.75
22093,-0.25
22094,9.25
22095,5.25
22096,-0.75
22097,1.75
22098,3.75
22099,0.75
22100,-0.75
22101,0.75
22102,-0.75
22103,3.25
22104,1.25
22105,2.25
22106,4.25
22107,-0.75
22108,-0.75
22109,4.25
22110,8.75
22111,3.25
22112,2.25
22113,-0.25
22114,-0.25
22115,0.75
22116,-0.75
22117,1.25
22118,0.25
22119,-0.75
22120,-6.75
22121,0.25
22122,-0.75
22123,2.75
22124,1.25
22125,-0.75
22126,-0.75
22127,0.75
22128,-0.25
22129,-0.75
22130,-0.75
22131,-0.75
22132,-0.75
22133,0.25
22134,-0.25
22135,7.75
22136,1.75
22137,0.25
22138,1.25
22139,3.25
22140,-2.25
22141,0.75
22142,-0.25
22143,0.75
22144,-0.75
22145,-0.25
22146,-0.75
22147,-0.25
22148,3.25
22149,2.75
22150,-1.25
22151,3.25
22152,0.25
22153,0.25
22154,-0.75
22155,0.25
22156,-0.75
22157,3.25
22158,1.75
22159,-0.75
22160,0.75
22161,-0.75
22162,3.75
22163,-0.25
22164,-0.75
22165,0.75
22166,10.25
22167,-0.75
22168,0.25
22169,0.75
22170,0.75
22171,1.75
22172,-0.25
22173,-0.25
22174,0.75
22175,3.25
22176,-0.25
22177,-6.25
22178,-0.75
22179,1.25
22180,-0.75
22181,-4.75
22182,0.25
22183,1.75
22184,2.75
22185,0.75
22186,-0.75
22187,0.75
22188,0.25
22189,-1.75
22190,-0.25
22191,4.25
22192,0.25
22193,2.75
22194,1.75
22195,-0.25
22196,-0.25
22197,3.75
22198,0.75
22199,-0.25
22200,-10.75
22201,-3.25
22202,-0.25
22203,-0.75
22204,3.75
22205,-0.75
22206,0.25
22207,16.5
22208,-1.25
22209,-0.25
22210,-5.75
22211,2.75
22212,7.75
22213,-0.75
22214,-0.25
22215,-0.75
22216,9.0
22217,0.75
22218,1.75
22219,11.25
22220,-0.25
22221,2.25
22222,1.25
22223,-0.25
22224,-6.25
22225,2.25
22226,-0.25
22227,-1.25
22228,0.75
22229,-1.25
22230,-0.25
22231,11.5
22232,0.25
22233,1.75
22234,-0.75
22235,-0.75
22236,0.75
22237,1.75
22238,-0.25
22239,-0.25
22240,-0.25
22241,3.75
22242,11.25
22243,0.25
22244,-13.25
22245,-0.75
22246,-3.25
22247,0.75
22248,-0.25
22249,2.75
22250,0.75
22251,3.25
22252,0.75
22253,0.25
22254,-0.25
22255,0.75
22256,-0.25
22257,-0.25
22258,1.25
22259,6.25
22260,-1.25
22261,-0.75
22262,-0.75
22263,-0.25
22264,-0.75
22265,0.75
22266,0.75
22267,0.75
22268,-0.25
22269,-0.25
22270,1.25
22271,-0.75
22272,1.25
22273,0.25
22274,-0.75
22275,5.75
22276,-0.75
22277,2.25
22278,-0.75
22279,0.75
22280,2.25
22281,10.25
22282,10.75
22283,-0.75
22284,0.75
22285,-0.25
22286,-0.25
22287,0.25
22288,0.25
22289,0.75
22290,1.75
22291,1.25
22292,0.75
22293,-0.25
22294,0.75
22295,-0.75
22296,1.75
22297,-0.75
22298,0.25
22299,0.75
22300,0.25
22301,0.75
22302,1.75
22303,0.75
22304,0.75
22305,0.25
22306,-1.25
22307,-0.25
22308,-0.25
22309,-1.75
22310,-0.25
22311,-0.75
22312,0.75
22313,-3.25
22314,-0.25
22315,0.25
22316,0.25
22317,-0.75
22318,-1.25
22319,-0.75
22320,5.25
22321,1.75
22322,-0.75
22323,-1.25
22324,1.25
22325,0.75
22326,-0.75
22327,0.75
22328,-0.75
22329,2.25
22330,-0.75
22331,-1.75
22332,-0.75
22333,-0.75
22334,0.25
22335,4.25
22336,0.75
22337,-0.75
22338,2.75
22339,-0.75
22340,-0.75
22341,-0.75
22342,-0.75
22343,-0.25
22344,0.75
22345,-0.75
22346,-11.25
22347,14.25
22348,0.75
22349,0.75
22350,1.75
22351,0.75
22352,0.75
22353,-1.25
22354,0.25
22355,-0.25
22356,-2.25
22357,-0.75
22358,-0.75
22359,-0.75
22360,1.75
22361,0.75
22362,2.75
22363,0.75
22364,-0.25
22365,-0.75
22366,-0.75
22367,-0.25
22368,1.75
22369,0.75
22370,1.75
22371,3.25
22372,-8.25
22373,-0.25
22374,2.25
22375,-0.25
22376,0.75
22377,-1.25
22378,0.75
22379,0.75
22380,1.75
22381,0.75
22382,-0.25
22383,3.75
22384,-0.75
22385,8.25
22386,0.25
22387,6.75
22388,0.75
22389,-0.75
22390,-3.75
22391,0.25
22392,-0.75
22393,-0.25
22394,-0.25
22395,-0.75
22396,4.75
22397,0.75
22398,0.75
22399,-0.75
22400,0.75
22401,-0.75
22402,-0.25
22403,0.75
22404,1.75
22405,0.75
22406,-0.25
22407,0.25
22408,6.75
22409,-0.25
22410,0.25
22411,0.75
22412,0.75
22413,-0.75
22414,-0.75
22415,-0.75
22416,2.25
22417,-0.25
22418,-0.75
22419,0.75
22420,-0.75
22421,-13.25
22422,-0.25
22423,0.25
22424,0.75
22425,0.25
22426,0.75
22427,-2.25
22428,-0.25
22429,-2.25
22430,-0.25
22431,1.25
22432,0.75
22433,1.75
22434,0.75
22435,0.75
22436,0.75
22437,-0.75
22438,-0.25
22439,0.25
22440,-0.75
22441,-0.25
22442,0.75
22443,0.25
22444,0.75
22445,-0.25
22446,-0.75
22447,0.75
22448,-0.25
22449,-0.75
22450,3.25
22451,0.75
22452,0.75
22453,-0.75
22454,-0.75
22455,0.75
22456,5.25
22457,-0.25
22458,0.75
22459,-0.25
22460,0.75
22461,1.25
22462,-0.25
22463,0.25
22464,-0.25
22465,0.75
22466,-0.25
22467,-0.75
22468,-1.75
22469,3.25
22470,1.75
22471,-0.25
22472,0.75
22473,0.75
22474,0.75
22475,0.25
22476,0.75
22477,-0.25
22478,-0.25
22479,-0.25
22480,-0.25
22481,-0.75
22482,0.75
22483,0.25
22484,1.25
22485,8.25
22486,8.25
22487,-0.75
22488,6.25
22489,-0.25
22490,-0.25
22491,-1.25
22492,3.25
22493,0.75
22494,-0.25
22495,2.75
22496,-0.25
22497,1.25
22498,-0.25
22499,-0.25
22500,0.25
22501,-0.25
22502,1.75
22503,-0.75
22504,2.75
22505,-0.25
22506,-0.25
22507,2.75
22508,1.25
22509,-0.25
22510,-0.25
22511,-0.75
22512,-0.75
22513,-0.25
22514,-0.75
22515,0.75
22516,-1.25
22517,0.25
22518,0.75
22519,1.25
22520,-0.75
22521,10.25
22522,-8.25
22523,0.75
22524,0.25
22525,0.75
22526,0.75
22527,0.25
22528,-0.25
22529,-1.75
22530,2.25
22531,1.75
22532,2.25
22533,1.25
22534,-0.75
22535,0.75
22536,0.75
22537,-0.25
22538,0.75
22539,-0.25
22540,-0.25
22541,-0.25
22542,0.75
22543,-0.25
22544,-0.75
22545,-0.25
22546,-0.25
22547,2.25
22548,-9.25
22549,-0.25
22550,-0.25
22551,-1.25
22552,-1.25
22553,2.25
22554,-0.25
22555,-2.75
22556,2.25
22557,16.25
22558,6.75
22559,0.75
22560,0.75
22561,5.25
22562,-0.75
22563,0.75
22564,-0.75
22565,0.75
22566,-11.25
22567,-0.25
22568,0.75
22569,-0.75
22570,0.75
22571,0.75
22572,3.25
22573,-0.25
22574,1.75
22575,0.25
22576,1.25
22577,0.75
22578,-0.75
22579,0.75
22580,-0.75
22581,2.25
22582,-5.75
22583,-0.75
22584,4.25
22585,5.75
22586,0.75
22587,-5.25
22588,1.25
22589,-0.25
22590,-0.25
22591,6.25
22592,0.75
22593,-0.75
22594,0.25
22595,8.75
22596,-3.25
22597,-0.25
22598,0.25
22599,0.75
22600,0.75
22601,-0.25
22602,0.75
22603,14.5
22604,0.25
22605,-0.75
22606,0.75
22607,-1.25
22608,1.75
22609,0.75
22610,-0.25
22611,3.75
22612,-0.25
22613,10.25
22614,3.25
22615,0.75
22616,-0.75
22617,-0.75
22618,-0.75
22619,-0.75
22620,0.75
22621,0.75
22622,0.25
22623,-0.75
22624,0.75
22625,-0.25
22626,3.25
22627,-0.75
22628,0.25
22629,-0.75
22630,9.25
22631,0.75
22632,0.25
22633,3.25
22634,-0.75
22635,-0.25
22636,-0.25
22637,-0.25
22638,1.25
22639,-0.75
22640,3.75
22641,0.75
22642,-0.25
22643,-0.25
22644,-1.25
22645,-0.75
22646,1.25
22647,-0.75
22648,-0.25
22649,0.25
22650,1.75
22651,-0.75
22652,-0.25
22653,2.25
22654,-0.75
22655,1.25
22656,-0.75
22657,-0.75
22658,-0.75
22659,-9.75
22660,11.25
22661,3.25
22662,5.75
22663,0.25
22664,0.25
22665,-0.75
22666,-0.75
22667,3.25
22668,-0.75
22669,14.75
22670,-10.75
22671,-0.75
22672,-0.25
22673,-2.25
22674,-0.75
22675,0.25
22676,0.75
22677,-0.75
22678,1.25
22679,-8.75
22680,0.75
22681,-0.75
22682,0.75
22683,0.75
22684,0.75
22685,-0.75
22686,0.75
22687,0.75
22688,2.75
22689,0.75
22690,0.25
22691,0.75
22692,7.75
22693,-0.25
22694,0.25
22695,-0.25
22696,5.25
22697,-0.25
22698,-0.25
22699,0.75
22700,0.25
22701,-0.25
22702,0.75
22703,-5.25
22704,0.75
22705,0.75
22706,4.75
22707,-0.75
22708,-7.25
22709,0.25
22710,2.25
22711,0.25
22712,2.25
22713,3.25
22714,-0.75
22715,1.25
22716,-0.75
22717,-0.75
22718,0.75
22719,-0.75
22720,-0.25
22721,0.75
22722,-0.25
22723,-0.75
22724,-0.25
22725,0.75
22726,0.75
22727,13.75
22728,1.25
22729,0.75
22730,1.75
22731,0.75
22732,1.25
22733,-0.25
22734,15.75
22735,1.25
22736,0.25
22737,10.75
22738,-3.25
22739,-2.25
22740,0.75
22741,-2.25
22742,1.75
22743,0.75
22744,-0.25
22745,3.25
22746,-3.25
22747,1.75
22748,2.25
22749,0.25
22750,0.25
22751,0.75
22752,1.25
22753,-0.75
22754,-6.25
22755,1.75
22756,0.25
22757,1.75
22758,-0.25
22759,1.25
22760,-0.25
22761,10.25
22762,12.25
22763,-2.75
22764,0.75
22765,0.75
22766,-0.25
22767,-0.25
22768,-0.75
22769,0.25
22770,0.75
22771,-0.25
22772,-0.75
22773,-1.25
22774,4.25
22775,0.25
22776,0.75
22777,2.25
22778,4.25
22779,-0.25
22780,0.25
22781,-0.75
22782,-0.75
22783,-0.25
22784,-0.75
22785,-2.25
22786,-0.75
22787,-0.75
22788,-1.25
22789,-0.75
22790,0.75
22791,2.25
22792,3.25
22793,0.75
22794,-1.25
22795,-0.75
22796,0.75
22797,-0.75
22798,-0.75
22799,4.25
22800,-1.25
22801,0.25
22802,0.75
22803,2.75
22804,-0.25
22805,1.75
22806,-0.75
22807,2.25
22808,0.75
22809,0.75
22810,-0.75
22811,-0.25
22812,-0.75
22813,0.75
22814,-6.25
22815,-0.25
22816,-0.75
22817,-0.25
22818,-0.25
22819,0.25
22820,2.25
22821,1.75
22822,-0.25
22823,0.75
22824,-0.75
22825,-0.25
22826,0.75
22827,-0.25
22828,0.25
22829,0.75
22830,0.75
22831,0.75
22832,1.75
22833,-0.75
22834,-0.25
22835,1.25
22836,-0.75
22837,0.75
22838,1.75
22839,0.75
22840,-0.75
22841,3.75
22842,-1.75
22843,-0.75
22844,0.75
22845,0.75
22846,-0.25
22847,0.25
22848,0.75
22849,-1.25
22850,-0.25
22851,2.75
22852,2.75
22853,0.75
22854,1.25
22855,-0.75
22856,1.75
22857,-3.25
22858,4.75
22859,0.75
22860,1.25
22861,3.75
22862,2.75
22863,0.75
22864,-4.25
22865,3.75
22866,-0.25
22867,7.75
22868,0.75
22869,0.25
22870,1.25
22871,0.25
22872,-1.25
22873,-0.75
22874,3.25
22875,1.75
22876,0.25
22877,0.75
22878,-0.25
22879,2.25
22880,1.75
22881,-0.75
22882,0.75
22883,0.75
22884,0.75
22885,0.75
22886,2.75
22887,-0.75
22888,0.75
22889,3.75
22890,0.25
22891,-0.75
22892,0.25
22893,-0.25
22894,-0.75
22895,-0.25
22896,0.25
22897,-1.25
22898,0.75
22899,-0.75
22900,5.25
22901,-0.75
22902,0.75
22903,1.75
22904,-0.25
22905,1.75
22906,-0.75
22907,-0.25
22908,-0.25
22909,-0.75
22910,-0.25
22911,0.75
22912,-0.75
22913,-0.75
22914,1.25
22915,-0.25
22916,2.25
22917,-0.75
22918,-6.25
22919,0.25
22920,-0.25
22921,-0.75
22922,-4.75
22923,4.75
22924,-1.25
22925,-0.75
22926,-0.25
22927,-0.75
22928,-0.75
22929,-0.75
22930,-0.75
22931,-1.75
22932,0.25
22933,-0.75
22934,-2.25
22935,0.75
22936,-0.75
22937,-0.25
22938,1.25
22939,1.25
22940,-0.25
22941,-1.25
22942,3.75
22943,-0.75
22944,0.75
22945,-1.25
22946,-0.25
22947,-0.25
22948,0.75
22949,6.25
22950,0.75
22951,1.25
22952,-1.75
22953,-0.75
22954,-0.75
22955,0.75
22956,-0.25
22957,1.25
22958,3.75
22959,-0.75
22960,-0.25
22961,0.75
22962,1.75
22963,0.75
22964,0.75
22965,0.75
22966,-8.25
22967,-0.75
22968,0.75
22969,-0.25
22970,-0.25
22971,0.75
22972,1.75
22973,1.25
22974,2.75
22975,0.75
22976,0.75
22977,0.75
22978,-0.25
22979,0.25
22980,0.25
22981,-1.25
22982,-0.25
22983,1.75
22984,-0.25
22985,0.75
22986,-6.25
22987,1.75
22988,0.25
22989,-0.75
22990,10.75
22991,-0.25
22992,-0.75
22993,7.25
22994,0.25
22995,-0.75
22996,-0.75
22997,-0.75
22998,5.75
22999,-0.25
23000,1.75
23001,1.75
23002,-4.25
23003,-0.75
23004,0.75
23005,-0.25
23006,-3.25
23007,0.25
23008,-0.25
23009,0.75
23010,-0.25
23011,1.75
23012,-0.25
23013,-0.75
23014,0.75
23015,1.25
23016,0.75
23017,4.75
23018,5.25
23019,0.75
23020,1.25
23021,1.25
23022,9.25
23023,-0.75
23024,0.25
23025,-0.75
23026,1.75
23027,-0.75
23028,-4.25
23029,2.75
23030,0.25
23031,-0.25
23032,-0.25
23033,2.75
23034,-0.25
23035,0.25
23036,-0.25
23037,-3.25
23038,-0.75
23039,-0.25
23040,0.75
23041,-0.25
23042,0.75
23043,0.75
23044,4.25
23045,-0.25
23046,0.75
23047,-0.25
23048,-38.25
23049,3.25
23050,1.25
23051,3.25
23052,-0.25
23053,-0.25
23054,-0.75
23055,1.25
23056,-0.25
23057,2.75
23058,0.25
23059,-0.75
23060,-4.25
23061,-0.75
23062,-0.75
23063,-0.25
23064,-0.75
23065,-0.25
23066,-0.75
23067,3.75
23068,-0.75
23069,1.25
23070,0.75
23071,-0.75
23072,3.25
23073,0.25
23074,0.25
23075,1.75
23076,-0.75
23077,0.75
23078,0.75
23079,2.75
23080,-0.25
23081,-0.75
23082,-0.75
23083,0.75
23084,-0.25
23085,0.75
23086,0.75
23087,0.75
23088,0.75
23089,-0.25
23090,0.75
23091,0.25
23092,1.25
23093,-0.75
23094,-0.25
23095,-0.25
23096,-0.25
23097,-0.25
23098,0.75
23099,-0.75
23100,-0.25
23101,0.75
23102,-0.75
23103,-0.25
23104,0.75
23105,-0.75
23106,-1.75
23107,-0.75
23108,-0.75
23109,-0.75
23110,-0.75
23111,-0.75
23112,1.25
23113,-0.25
23114,-0.75
23115,2.25
23116,-0.25
23117,0.75
23118,-0.75
23119,0.75
23120,-0.75
23121,0.75
23122,-0.75
23123,0.75
23124,0.75
23125,-0.75
23126,-0.75
23127,0.75
23128,0.75
23129,0.25
23130,-0.75
23131,0.75
23132,-0.75
23133,0.75
23134,-3.25
23135,1.25
23136,0.75
23137,0.75
23138,0.25
23139,-0.75
23140,0.75
23141,0.75
23142,-0.25
23143,0.75
23144,-0.75
23145,0.25
23146,-0.75
23147,0.75
23148,-0.25
23149,0.75
23150,-0.75
23151,1.75
23152,-0.25
23153,0.75
23154,-0.75
23155,-0.75
23156,2.25
23157,0.75
23158,-0.75
23159,0.25
23160,-0.75
23161,-0.75
23162,0.75
23163,-0.75
23164,-0.75
23165,-0.75
23166,1.25
23167,5.25
23168,-0.75
23169,0.75
23170,-0.75
23171,0.25
23172,0.75
23173,0.25
23174,1.25
23175,-0.25
23176,-0.75
23177,0.75
23178,-0.25
23179,-0.25
23180,1.75
23181,-0.75
23182,-0.75
23183,-0.25
23184,0.75
23185,-0.25
23186,-0.75
23187,1.25
23188,-0.25
23189,-0.25
23190,0.75
23191,0.75
23192,1.75
23193,0.75
23194,-0.75
23195,-0.25
23196,0.75
23197,-0.25
23198,0.75
23199,-0.75
23200,-1.75
23201,0.75
23202,-0.75
23203,0.25
23204,-0.75
23205,-0.75
23206,-0.25
23207,-0.25
23208,0.75
23209,-0.75
23210,0.25
23211,0.75
23212,0.75
23213,0.75
23214,-1.75
23215,-0.75
23216,1.25
23217,0.25
23218,0.75
23219,-0.25
23220,-0.25
23221,3.25
23222,0.75
23223,-0.25
23224,-0.25
23225,-0.75
23226,6.25
23227,0.75
23228,1.75
23229,0.75
23230,-0.75
23231,-2.25
23232,-0.25
23233,-0.75
23234,0.75
23235,-0.75
23236,-0.25
23237,-1.25
23238,3.25
23239,0.25
23240,-0.25
23241,-0.75
23242,0.75
23243,-0.25
23244,-0.75
23245,-0.75
23246,0.75
23247,-0.25
23248,1.25
23249,0.75
23250,-0.75
23251,-0.75
23252,1.25
23253,-1.25
23254,-1.25
23255,0.25
23256,0.25
23257,-0.75
23258,0.75
23259,-0.75
23260,0.25
23261,-0.75
23262,-0.25
23263,0.75
23264,1.75
23265,-0.75
23266,0.25
23267,-0.75
23268,-0.75
23269,-0.75
23270,0.75
23271,0.75
23272,-0.75
23273,13.75
23274,0.75
23275,2.75
23276,0.75
23277,-8.75
23278,-0.75
23279,-0.75
23280,0.75
23281,-0.75
23282,-0.75
23283,0.75
23284,-0.75
23285,-1.25
23286,-0.75
23287,0.75
23288,0.75
23289,0.75
23290,4.75
23291,-0.75
23292,-0.25
23293,-0.75
23294,-0.75
23295,-0.25
23296,0.75
23297,-2.75
23298,-1.25
23299,0.75
23300,0.75
23301,-0.75
23302,-0.75
23303,0.75
23304,-0.25
23305,-1.25
23306,-0.75
23307,1.75
23308,0.25
23309,0.75
23310,-0.75
23311,-0.75
23312,2.25
23313,4.25
23314,-0.75
23315,2.25
23316,-0.25
23317,-2.75
23318,-0.75
23319,1.25
23320,-0.75
23321,1.75
23322,-0.75
23323,-0.25
23324,0.75
23325,-0.25
23326,0.75
23327,-0.75
23328,0.25
23329,7.75
23330,-0.25
23331,-0.75
23332,-0.25
23333,-0.75
23334,3.75
23335,0.75
23336,-0.75
23337,-0.25
23338,-0.75
23339,-0.75
23340,0.25
23341,0.25
23342,-0.25
23343,0.75
23344,-0.75
23345,0.75
23346,6.25
23347,-0.75
23348,1.25
23349,-0.75
23350,-0.75
23351,-0.75
23352,-0.25
23353,-0.75
23354,-0.75
23355,0.25
23356,8.75
23357,-0.25
23358,0.75
23359,-0.25
23360,-3.25
23361,-0.75
23362,-0.25
23363,-0.25
23364,3.25
23365,1.25
23366,1.25
23367,1.75
23368,-1.25
23369,-0.75
23370,2.25
23371,-0.75
23372,-0.75
23373,0.75
23374,-0.25
23375,-0.75
23376,-4.25
23377,0.75
23378,0.25
23379,-0.75
23380,0.75
23381,0.75
23382,-0.75
23383,-2.25
23384,0.75
23385,-0.25
23386,0.75
23387,-0.75
23388,-0.75
23389,0.75
23390,0.25
23391,2.75
23392,3.75
23393,-0.25
23394,1.25
23395,0.75
23396,3.25
23397,-0.75
23398,-1.25
23399,0.75
23400,-0.75
23401,1.75
23402,-0.25
23403,0.75
23404,0.25
23405,-0.25
23406,0.25
23407,-0.75
23408,-0.75
23409,-0.25
23410,-0.75
23411,0.75
23412,0.75
23413,0.75
23414,-0.75
23415,3.25
23416,-0.75
23417,0.25
23418,0.75
23419,-0.75
23420,8.75
23421,0.75
23422,-0.25
23423,-0.75
23424,0.75
23425,-0.25
23426,-0.25
23427,-0.25
23428,0.75
23429,2.25
23430,0.25
23431,-0.75
23432,-0.25
23433,-0.25
23434,-0.75
23435,-0.75
23436,-0.25
23437,0.25
23438,0.75
23439,-0.75
23440,-0.25
23441,0.75
23442,1.25
23443,0.75
23444,3.75
23445,-0.25
23446,-3.25
23447,0.75
23448,-0.75
23449,0.75
23450,-0.75
23451,1.75
23452,0.25
23453,-0.75
23454,3.75
23455,0.75
23456,-0.25
23457,3.75
23458,0.75
23459,-0.75
23460,0.25
23461,2.25
23462,-2.25
23463,-7.75
23464,1.25
23465,3.25
23466,-0.75
23467,5.75
23468,0.75
23469,1.75
23470,-0.75
23471,-0.25
23472,-0.25
23473,4.75
23474,-0.75
23475,0.75
23476,-0.75
23477,0.75
23478,3.25
23479,0.75
23480,0.75
23481,-0.75
23482,-0.75
23483,-0.25
23484,1.75
23485,0.75
23486,-1.75
23487,1.25
23488,-0.75
23489,0.75
23490,2.75
23491,-1.25
23492,0.75
23493,-0.75
23494,-0.25
23495,-0.75
23496,4.75
23497,1.75
23498,0.75
23499,0.25
23500,-7.25
23501,-0.25
23502,-0.25
23503,-3.25
23504,0.75
23505,-0.25
23506,-0.25
23507,-0.75
23508,1.25
23509,0.75
23510,-0.75
23511,-0.75
23512,1.25
23513,0.75
23514,0.25
23515,0.75
23516,-0.75
23517,-0.25
23518,-0.75
23519,1.75
23520,-0.25
23521,1.25
23522,-0.25
23523,1.25
23524,-0.25
23525,-0.75
23526,9.75
23527,0.75
23528,-2.25
23529,-0.75
23530,-0.75
23531,-0.25
23532,-0.25
23533,0.75
23534,-0.75
23535,2.75
23536,-0.25
23537,-0.75
23538,-0.25
23539,-5.25
23540,7.25
23541,-0.25
23542,-0.75
23543,-0.75
23544,0.75
23545,-0.25
23546,2.75
23547,0.75
23548,-0.75
23549,2.25
23550,0.75
23551,0.75
23552,-0.75
23553,-0.75
23554,8.75
23555,4.75
23556,0.75
23557,0.25
23558,1.25
23559,0.25
23560,0.25
23561,-0.75
23562,-0.25
23563,0.75
23564,-0.75
23565,7.75
23566,-0.75
23567,-0.25
23568,-0.25
23569,2.25
23570,0.75
23571,-0.75
23572,-0.25
23573,1.25
23574,-0.25
23575,1.25
23576,-0.25
23577,2.75
23578,0.75
23579,0.75
23580,4.25
23581,0.75
23582,-0.25
23583,1.75
23584,1.75
23585,2.25
23586,0.25
23587,0.25
23588,-0.75
23589,-2.25
23590,0.25
23591,1.25
23592,-0.75
23593,0.75
23594,-0.25
23595,-0.75
23596,-0.25
23597,-0.25
23598,-0.25
23599,11.25
23600,3.25
23601,-0.25
23602,-0.25
23603,-0.25
23604,3.25
23605,0.75
23606,-0.25
23607,0.75
23608,0.25
23609,-0.25
23610,1.75
23611,-0.75
23612,2.25
23613,0.75
23614,-0.75
23615,-0.75
23616,2.75
23617,2.75
23618,0.75
23619,1.25
23620,-0.25
23621,-0.25
23622,2.75
23623,-2.75
23624,-0.25
23625,-0.25
23626,3.25
23627,0.75
23628,-2.75
23629,4.25
23630,-0.75
23631,2.25
23632,-0.25
23633,0.25
23634,-0.25
23635,3.75
23636,-0.25
23637,-1.25
23638,-0.25
23639,-0.25
23640,0.25
23641,3.75
23642,-0.25
23643,0.75
23644,1.25
23645,0.25
23646,-1.25
23647,0.75
23648,0.75
23649,-0.75
23650,3.25
23651,0.75
23652,1.25
23653,3.75
23654,-0.75
23655,-0.25
23656,0.75
23657,3.25
23658,1.75
23659,0.75
23660,-0.75
23661,0.75
23662,1.75
23663,3.25
23664,-0.25
23665,5.0
23666,-0.75
23667,0.75
23668,-0.75
23669,-1.25
23670,-0.25
23671,-0.25
23672,9.75
23673,2.25
23674,1.75
23675,-0.75
23676,0.75
23677,-0.75
23678,1.75
23679,-0.25
23680,0.25
23681,-0.25
23682,-0.25
23683,-0.75
23684,0.75
23685,0.25
23686,0.75
23687,-1.25
23688,-0.25
23689,-0.75
23690,-0.25
23691,1.75
23692,9.25
23693,0.75
23694,-0.25
23695,0.75
23696,-0.25
23697,3.25
23698,1.25
23699,-0.75
23700,-0.25
23701,1.25
23702,-2.75
23703,-4.25
23704,10.25
23705,1.25
23706,0.75
23707,-1.25
23708,-0.75
23709,-0.25
23710,2.25
23711,0.75
23712,-0.75
23713,0.75
23714,-0.75
23715,-0.25
23716,3.25
23717,2.75
23718,-0.75
23719,-2.75
23720,3.75
23721,-0.25
23722,-0.75
23723,-0.25
23724,-0.75
23725,0.25
23726,-0.25
23727,0.75
23728,7.75
23729,0.75
23730,-0.25
23731,0.75
23732,1.75
23733,-0.25
23734,5.25
23735,0.75
23736,1.25
23737,0.25
23738,0.75
23739,1.75
23740,-0.75
23741,1.75
23742,-0.25
23743,-0.25
23744,-0.25
23745,-5.25
23746,0.75
23747,-0.75
23748,10.25
23749,1.25
23750,-0.25
23751,-0.75
23752,-0.75
23753,2.25
23754,2.25
23755,0.75
23756,-0.25
23757,-0.25
23758,-0.25
23759,0.75
23760,-0.25
23761,-0.25
23762,0.75
23763,0.25
23764,17.25
23765,-0.75
23766,0.75
23767,-0.75
23768,0.25
23769,13.25
23770,7.75
23771,-0.75
23772,-1.25
23773,-0.25
23774,1.25
23775,1.25
23776,-0.25
23777,-0.25
23778,1.25
23779,-0.25
23780,1.75
23781,-2.75
23782,-2.75
23783,1.25
23784,-9.75
23785,16.0
23786,0.75
23787,1.75
23788,-0.25
23789,16.25
23790,0.75
23791,7.25
23792,4.25
23793,-0.25
23794,-1.25
23795,-1.75
23796,-0.25
23797,-0.25
23798,-0.75
23799,-2.75
23800,2.25
23801,6.25
23802,2.25
23803,-0.75
23804,2.25
23805,-0.25
23806,0.75
23807,-9.25
23808,-0.75
23809,-4.75
23810,1.75
23811,-0.25
23812,-0.75
23813,2.75
23814,-3.25
23815,-0.25
23816,2.75
23817,-0.25
23818,0.25
23819,21.0
23820,-3.25
23821,0.25
23822,0.75
23823,4.75
23824,-0.25
23825,11.75
23826,2.75
23827,0.25
23828,-3.25
23829,0.75
23830,3.75
23831,1.25
23832,8.75
23833,-0.75
23834,1.25
23835,2.25
23836,-0.75
23837,-0.75
23838,0.25
23839,-0.75
23840,-0.25
23841,3.25
23842,-1.25
23843,14.75
23844,-0.75
23845,-0.25
23846,0.25
23847,13.25
23848,10.75
23849,-27.25
23850,-2.25
23851,-7.75
23852,-2.25
23853,-0.75
23854,1.25
23855,-0.25
23856,-0.25
23857,0.75
23858,-0.25
23859,2.25
23860,-0.75
23861,1.75
23862,-0.25
23863,-1.25
23864,1.75
23865,16.25
23866,2.25
23867,0.25
23868,1.75
23869,-0.25
23870,0.75
23871,5.25
23872,12.75
23873,0.75
23874,3.25
23875,7.25
23876,9.75
23877,2.25
23878,0.75
23879,-0.25
23880,8.75
23881,0.25
23882,3.75
23883,0.25
23884,-0.75
23885,5.25
23886,0.75
23887,-0.25
23888,-0.25
23889,0.75
23890,-0.75
23891,-0.75
23892,-2.25
23893,-0.75
23894,-0.25
23895,-0.75
23896,-0.75
23897,-0.75
23898,-0.75
23899,1.25
23900,0.75
23901,3.25
23902,-0.25
23903,19.25
23904,1.75
23905,1.75
23906,-0.25
23907,-0.25
23908,4.25
23909,-0.75
23910,0.75
23911,-0.25
23912,1.25
23913,-0.25
23914,-16.25
23915,0.75
23916,-0.25
23917,-7.75
23918,11.75
23919,0.75
23920,9.25
23921,9.25
23922,-0.75
23923,6.75
23924,-0.75
23925,-0.25
23926,-0.75
23927,0.75
23928,-0.25
23929,-0.25
23930,0.25
23931,-0.75
23932,-0.75
23933,4.75
23934,-0.75
23935,0.75
23936,12.5
23937,0.25
23938,0.25
23939,-0.75
23940,0.75
23941,-0.75
23942,0.25
23943,3.25
23944,2.25
23945,0.75
23946,0.75
23947,-0.25
23948,30.75
23949,-0.75
23950,8.75
23951,1.25
23952,-2.25
23953,11.25
23954,0.75
23955,2.25
23956,0.75
23957,5.25
23958,0.75
23959,0.25
23960,0.75
23961,0.25
23962,0.25
23963,0.25
23964,-0.75
23965,-0.25
23966,3.75
23967,-0.25
23968,-0.75
23969,-0.25
23970,-8.25
23971,4.25
23972,3.25
23973,-0.25
23974,-0.75
23975,-0.25
23976,25.75
23977,0.75
23978,0.75
23979,3.25
23980,7.75
23981,3.25
23982,-0.25
23983,-0.75
23984,-0.25
23985,4.25
23986,0.25
23987,-7.75
23988,-0.75
23989,10.25
23990,6.75
23991,2.25
23992,5.25
23993,-0.25
23994,8.75
23995,1.25
23996,0.25
23997,16.25
23998,-0.25
23999,-0.25
24000,3.75
24001,4.75
24002,-2.25
24003,0.75
24004,3.75
24005,-9.75
24006,-1.25
24007,1.25
24008,0.75
24009,-0.75
24010,0.75
24011,-5.25
24012,5.25
24013,3.75
24014,-2.25
24015,-0.75
24016,-0.75
24017,-0.75
24018,2.25
24019,-0.75
24020,2.25
24021,12.75
24022,0.75
24023,-0.75
24024,-0.75
24025,-0.75
24026,1.75
24027,-0.25
24028,-0.75
24029,-1.25
24030,1.25
24031,3.25
24032,2.25
24033,12.25
24034,1.25
24035,-7.75
24036,-8.25
24037,-3.25
24038,1.25
24039,1.25
24040,-0.75
24041,3.25
24042,-7.25
24043,-2.75
24044,1.75
24045,-0.75
24046,-0.25
24047,1.25
24048,1.25
24049,7.25
24050,0.75
24051,1.75
24052,-0.25
24053,1.75
24054,1.75
24055,2.25
24056,-2.25
24057,1.25
24058,-0.75
24059,5.75
24060,-0.25
24061,0.25
24062,0.25
24063,4.75
24064,0.25
24065,3.25
24066,-0.75
24067,0.75
24068,-0.75
24069,0.25
24070,-2.75
24071,-0.25
24072,9.25
24073,1.25
24074,5.25
24075,1.25
24076,4.75
24077,0.75
24078,0.75
24079,-3.25
24080,-0.75
24081,4.75
24082,2.75
24083,-0.75
24084,0.25
24085,-0.75
24086,-2.25
24087,-0.75
24088,-0.75
24089,0.75
24090,9.0
24091,-0.75
24092,-4.25
24093,1.25
24094,-3.25
24095,0.75
24096,6.75
24097,7.25
24098,-0.75
24099,2.25
24100,-0.25
24101,0.25
24102,3.25
24103,0.25
24104,-0.75
24105,16.25
24106,1.75
24107,-1.25
24108,5.25
24109,-0.75
24110,-0.75
24111,-2.75
24112,4.75
24113,21.0
24114,1.75
24115,-0.75
24116,0.75
24117,7.75
24118,-0.25
24119,1.75
24120,1.25
24121,-1.25
24122,10.75
24123,-0.25
24124,-0.25
24125,-0.25
24126,-0.75
24127,0.75
24128,12.25
24129,-0.25
24130,1.75
24131,1.25
24132,1.75
24133,0.25
24134,13.0
24135,1.75
24136,-1.25
24137,4.25
24138,-0.25
24139,0.75
24140,-0.25
24141,11.5
24142,0.75
24143,2.75
24144,-0.75
24145,9.75
24146,-1.25
24147,1.75
24148,2.75
24149,2.25
24150,-0.75
24151,1.25
24152,-2.25
24153,-0.25
24154,-0.25
24155,-0.25
24156,-5.75
24157,-0.25
24158,-0.25
24159,1.75
24160,17.5
24161,2.25
24162,19.75
24163,1.75
24164,-0.75
24165,-0.75
24166,6.25
24167,1.25
24168,5.75
24169,0.75
24170,-1.25
24171,1.25
24172,0.75
24173,-2.25
24174,-2.25
24175,3.25
24176,-1.75
24177,-0.25
24178,-10.75
24179,0.75
24180,2.25
24181,-0.25
24182,0.25
24183,1.75
24184,1.75
24185,2.25
24186,1.75
24187,-0.25
24188,0.75
24189,1.25
24190,-0.75
24191,3.75
24192,-2.25
24193,-0.75
24194,-1.25
24195,-0.25
24196,0.75
24197,-1.25
24198,1.75
24199,-0.25
24200,0.75
24201,0.25
24202,-0.25
24203,5.25
24204,0.75
24205,0.75
24206,-3.25
24207,1.25
24208,2.75
24209,0.75
24210,0.25
24211,-0.25
24212,-0.75
24213,-0.25
24214,3.25
24215,0.75
24216,-0.75
24217,1.75
24218,0.75
24219,-0.75
24220,-0.75
24221,14.25
24222,0.5
24223,2.75
24224,-0.25
24225,-4.75
24226,0.75
24227,-0.25
24228,-0.25
24229,15.75
24230,-0.25
24231,-5.25
24232,2.75
24233,1.25
24234,2.25
24235,1.25
24236,-4.25
24237,2.25
24238,1.75
24239,-7.75
24240,-0.75
24241,-1.25
24242,1.75
24243,1.75
24244,-0.75
24245,1.75
24246,0.75
24247,-0.75
24248,0.75
24249,-3.75
24250,0.25
24251,0.75
24252,5.75
24253,5.25
24254,1.75
24255,3.25
24256,-1.75
24257,-0.25
24258,-0.75
24259,0.25
24260,-0.75
24261,-0.25
24262,0.75
24263,-0.25
24264,-0.75
24265,0.75
24266,19.75
24267,-3.75
24268,-2.25
24269,3.25
24270,0.25
24271,0.75
24272,-0.25
24273,2.75
24274,-4.75
24275,0.75
24276,0.25
24277,-0.75
24278,0.75
24279,-4.75
24280,0.75
24281,-10.25
24282,-9.25
24283,-4.25
24284,0.75
24285,1.25
24286,1.25
24287,1.75
24288,-0.75
24289,1.25
24290,5.0
24291,-0.75
24292,37.75
24293,-0.25
24294,-0.25
24295,0.75
24296,-0.25
24297,1.75
24298,11.75
24299,1.25
24300,-8.25
24301,1.75
24302,0.75
24303,0.25
24304,0.75
24305,46.0
24306,2.25
24307,-15.25
24308,-0.75
24309,1.25
24310,-0.75
24311,0.75
24312,3.25
24313,2.25
24314,3.25
24315,3.75
24316,0.75
24317,1.75
24318,-1.25
24319,0.75
24320,14.75
24321,-0.25
24322,-2.75
24323,-3.25
24324,0.75
24325,5.25
24326,1.75
24327,0.75
24328,-0.75
24329,-2.75
24330,1.75
24331,-3.75
24332,0.25
24333,4.75
24334,-11.25
24335,-0.75
24336,-0.25
24337,1.25
24338,0.75
24339,16.5
24340,-0.75
24341,-0.75
24342,1.25
24343,-0.25
24344,2.75
24345,0.25
24346,-12.25
24347,1.25
24348,1.75
24349,1.25
24350,0.75
24351,5.25
24352,2.25
24353,0.25
24354,-0.25
24355,0.75
24356,0.75
24357,10.75
24358,-0.75
24359,0.75
24360,-0.25
24361,-6.25
24362,-0.25
24363,3.75
24364,-2.25
24365,0.25
24366,-0.25
24367,0.75
24368,0.75
24369,15.5
24370,-2.25
24371,2.25
24372,-5.25
24373,-0.25
24374,0.75
24375,-11.25
24376,-0.75
24377,0.75
24378,12.5
24379,18.75
24380,4.75
24381,-0.25
24382,0.75
24383,1.25
24384,-0.25
24385,2.75
24386,-0.75
24387,-0.75
24388,-2.25
24389,1.75
24390,-0.25
24391,-0.75
24392,0.75
24393,-0.75
24394,0.75
24395,-0.25
24396,-0.25
24397,26.25
24398,-0.25
24399,-0.75
24400,2.25
24401,0.75
24402,13.0
24403,-0.75
24404,-0.25
24405,1.25
24406,0.75
24407,1.75
24408,-1.75
24409,-0.25
24410,-0.75
24411,-0.25
24412,2.25
24413,0.75
24414,0.75
24415,-1.25
24416,0.75
24417,2.25
24418,-0.75
24419,0.75
24420,2.75
24421,-0.75
24422,2.75
24423,16.75
24424,0.75
24425,0.75
24426,4.75
24427,-1.25
24428,0.25
24429,-0.75
24430,-0.75
24431,-10.75
24432,-0.25
24433,17.25
24434,-0.75
24435,-0.75
24436,0.25
24437,-0.25
24438,1.25
24439,-1.25
24440,0.75
24441,-0.25
24442,0.25
24443,1.75
24444,8.75
24445,7.25
24446,-4.25
24447,3.75
24448,-0.75
24449,1.25
24450,2.25
24451,1.25
24452,0.75
24453,-0.75
24454,0.75
24455,0.75
24456,-0.75
24457,-0.75
24458,-0.25
24459,1.25
24460,0.75
24461,0.75
24462,1.25
24463,10.75
24464,-0.25
24465,-0.25
24466,-1.25
24467,-0.75
24468,-9.75
24469,4.75
24470,-0.75
24471,-0.25
24472,0.25
24473,0.25
24474,-1.25
24475,0.75
24476,1.75
24477,0.75
24478,4.25
24479,-0.75
24480,0.75
24481,-0.75
24482,2.25
24483,3.25
24484,-0.75
24485,2.25
24486,2.25
24487,0.25
24488,2.75
24489,-0.25
24490,-0.25
24491,3.25
24492,-0.25
24493,2.25
24494,0.75
24495,0.25
24496,2.25
24497,0.75
24498,0.75
24499,1.25
24500,-2.25
24501,1.25
24502,7.25
24503,1.75
24504,-0.25
24505,0.25
24506,-9.75
24507,0.75
24508,1.25
24509,3.25
24510,-0.75
24511,0.75
24512,3.25
24513,0.25
24514,-0.25
24515,-0.25
24516,-2.75
24517,4.75
24518,0.75
24519,-0.75
24520,18.0
24521,-0.75
24522,-0.75
24523,3.25
24524,0.25
24525,-0.75
24526,-2.25
24527,-0.75
24528,0.75
24529,11.25
24530,0.75
24531,-0.25
24532,-0.75
24533,2.25
24534,0.75
24535,-4.75
24536,2.25
24537,9.75
24538,-0.75
24539,-0.25
24540,1.75
24541,7.75
24542,-1.75
24543,2.75
24544,3.25
24545,0.75
24546,-0.75
24547,10.75
24548,-1.25
24549,0.75
24550,-0.75
24551,3.25
24552,-0.25
24553,-0.25
24554,-0.75
24555,0.25
24556,0.75
24557,3.25
24558,16.0
24559,-0.75
24560,-1.25
24561,-0.75
24562,1.25
24563,-0.25
24564,0.75
24565,0.75
24566,2.25
24567,0.75
24568,0.75
24569,0.25
24570,-0.75
24571,-1.25
24572,2.75
24573,1.25
24574,9.25
24575,0.25
24576,0.75
24577,0.25
24578,0.75
24579,-14.75
24580,9.75
24581,2.75
24582,0.75
24583,-0.25
24584,2.75
24585,-0.25
24586,0.25
24587,-0.25
24588,-1.25
24589,-0.25
24590,0.75
24591,-1.25
24592,4.25
24593,-0.75
24594,-2.25
24595,2.25
24596,0.75
24597,0.75
24598,0.75
24599,2.75
24600,2.75
24601,1.75
24602,0.75
24603,-0.75
24604,0.75
24605,-0.25
24606,-7.75
24607,-0.25
24608,-0.25
24609,-0.75
24610,-0.25
24611,-0.25
24612,1.75
24613,0.75
24614,-0.75
24615,-0.25
24616,0.75
24617,2.25
24618,1.25
24619,3.25
24620,0.25
24621,1.75
24622,0.75
24623,1.75
24624,4.75
24625,0.75
24626,1.25
24627,-0.75
24628,-0.75
24629,0.75
24630,3.25
24631,-31.25
24632,-0.25
24633,-1.25
24634,0.25
24635,3.75
24636,-0.25
24637,1.25
24638,-1.75
24639,0.75
24640,1.75
24641,0.75
24642,-0.75
24643,0.25
24644,-0.25
24645,0.75
24646,0.75
24647,1.25
24648,-0.25
24649,-0.25
24650,-0.25
24651,-0.75
24652,1.75
24653,-0.25
24654,10.25
24655,-0.25
24656,0.75
24657,0.75
24658,-0.25
24659,-0.75
24660,7.75
24661,2.75
24662,-0.75
24663,0.75
24664,1.75
24665,1.75
24666,-0.25
24667,0.75
24668,0.75
24669,1.75
24670,0.75
24671,-0.75
24672,-0.25
24673,-0.25
24674,0.25
24675,1.75
24676,-0.25
24677,1.25
24678,-0.75
24679,0.75
24680,-0.75
24681,-0.75
24682,-0.25
24683,-0.75
24684,1.75
24685,-0.25
24686,-0.25
24687,-0.75
24688,-0.75
24689,-0.25
24690,-0.25
24691,3.25
24692,0.25
24693,2.75
24694,0.75
24695,0.75
24696,-0.25
24697,-0.25
24698,-4.25
24699,0.25
24700,0.25
24701,0.75
24702,1.75
24703,2.25
24704,0.25
24705,-1.25
24706,-0.75
24707,-0.75
24708,-0.75
24709,3.75
24710,-2.75
24711,2.25
24712,-0.75
24713,-0.25
24714,3.25
24715,-0.25
24716,0.25
24717,-0.75
24718,-0.75
24719,-0.75
24720,-0.75
24721,3.25
24722,1.25
24723,-0.75
24724,0.25
24725,-0.75
24726,0.75
24727,-0.75
24728,3.75
24729,-0.75
24730,0.75
24731,-0.75
24732,-0.75
24733,-0.75
24734,-0.75
24735,1.75
24736,-0.25
24737,6.75
24738,-0.75
24739,-0.25
24740,0.75
24741,0.75
24742,2.25
24743,0.25
24744,-0.75
24745,0.75
24746,0.75
24747,1.75
24748,0.75
24749,-0.25
24750,-0.75
24751,-0.75
24752,0.75
24753,-4.25
24754,-0.25
24755,0.75
24756,-0.75
24757,0.25
24758,0.75
24759,-0.75
24760,0.25
24761,-0.25
24762,4.75
24763,-0.25
24764,1.75
24765,-0.25
24766,-0.25
24767,3.25
24768,-0.75
24769,-0.75
24770,-0.25
24771,-0.25
24772,-0.75
24773,-0.25
24774,-0.75
24775,-0.25
24776,3.75
24777,-0.75
24778,-0.25
24779,0.25
24780,0.75
24781,4.75
24782,0.75
24783,-0.75
24784,0.75
24785,-1.75
24786,0.75
24787,1.25
24788,-0.75
24789,1.75
24790,-0.25
24791,-0.75
24792,0.75
24793,-0.25
24794,2.75
24795,-0.25
24796,2.75
24797,0.75
24798,-0.25
24799,0.75
24800,0.25
24801,-0.75
24802,1.75
24803,1.25
24804,1.25
24805,-0.25
24806,-0.75
24807,0.75
24808,-2.25
24809,0.75
24810,-0.25
24811,0.25
24812,0.75
24813,1.75
24814,1.25
24815,9.75
24816,0.25
24817,0.75
24818,3.75
24819,-0.75
24820,-2.75
24821,-0.25
24822,-0.75
24823,-2.25
24824,-0.75
24825,-0.25
24826,-1.25
24827,-0.75
24828,0.25
24829,0.75
24830,-0.75
24831,1.25
24832,1.75
24833,-1.25
24834,0.75
24835,-0.75
24836,-0.25
24837,-0.75
24838,-0.25
24839,14.75
24840,13.0
24841,-0.75
24842,2.25
24843,0.25
24844,3.25
24845,-0.25
24846,3.25
24847,1.25
24848,-0.75
24849,0.75
24850,0.75
24851,0.75
24852,-0.25
24853,-0.25
24854,1.25
24855,0.75
24856,-0.75
24857,-10.25
24858,1.75
24859,1.75
24860,-0.75
24861,-0.75
24862,0.75
24863,0.75
24864,1.75
24865,3.25
24866,-1.75
24867,-0.75
24868,1.75
24869,-1.25
24870,-0.25
24871,-0.75
24872,4.25
24873,3.25
24874,0.75
24875,0.25
24876,-0.75
24877,3.75
24878,-0.75
24879,0.75
24880,-7.75
24881,0.25
24882,2.25
24883,-0.25
24884,-0.25
24885,-0.25
24886,0.75
24887,13.25
24888,-0.25
24889,0.75
24890,-0.25
24891,-1.25
24892,0.75
24893,3.25
24894,1.25
24895,0.75
24896,0.25
24897,-0.25
24898,-0.75
24899,-0.75
24900,0.75
24901,-0.75
24902,-0.75
24903,-0.25
24904,-0.75
24905,-0.25
24906,0.75
24907,-0.75
24908,2.25
24909,-7.25
24910,3.25
24911,0.75
24912,3.25
24913,1.25
24914,0.25
24915,1.25
24916,1.75
24917,-1.25
24918,1.25
24919,-4.75
24920,1.75
24921,13.25
24922,0.25
24923,0.75
24924,-0.75
24925,-1.25
24926,-3.25
24927,2.25
24928,3.25
24929,1.25
24930,-0.25
24931,-0.25
24932,-0.75
24933,-0.75
24934,-5.25
24935,2.75
24936,0.75
24937,-0.25
24938,-1.75
24939,-0.75
24940,2.75
24941,-0.25
24942,0.75
24943,-2.75
24944,3.25
24945,0.25
24946,-2.25
24947,-0.25
24948,0.75
24949,5.75
24950,-0.75
24951,2.25
24952,-0.25
24953,0.25
24954,-0.25
24955,0.75
24956,-7.25
24957,1.75
24958,-0.25
24959,-0.25
24960,41.25
24961,-0.25
24962,0.75
24963,-0.75
24964,-0.25
24965,0.25
24966,-0.25
24967,-0.25
24968,-0.75
24969,-0.25
24970,-3.25
24971,0.75
24972,-0.75
24973,4.25
24974,0.75
24975,-0.75
24976,-0.25
24977,2.25
24978,-0.75
24979,2.75
24980,0.75
24981,0.75
24982,0.75
24983,-0.75
24984,-2.75
24985,-1.75
24986,0.75
24987,1.25
24988,1.25
24989,0.75
24990,-0.75
24991,9.25
24992,0.75
24993,0.25
24994,8.75
24995,1.25
24996,4.25
24997,-0.75
24998,0.75
24999,-0.75
25000,0.75
25001,-0.25
25002,1.75
25003,7.25
25004,0.75
25005,5.75
25006,-0.25
25007,0.75
25008,3.25
25009,0.75
25010,-10.25
25011,1.75
25012,0.25
25013,0.25
25014,-1.25
25015,-0.75
25016,0.25
25017,0.25
25018,-0.75
25019,-0.75
25020,0.25
25021,3.75
25022,-0.75
25023,-0.25
25024,3.25
25025,-0.75
25026,0.75
25027,0.75
25028,-0.25
25029,0.75
25030,-0.75
25031,2.75
25032,-0.25
25033,-0.75
25034,2.75
25035,-0.75
25036,-10.75
25037,0.25
25038,0.75
25039,-0.75
25040,-0.75
25041,0.25
25042,-0.75
25043,-0.25
25044,-0.25
25045,0.25
25046,4.25
25047,-0.25
25048,0.75
25049,2.25
25050,-0.25
25051,2.25
25052,-0.25
25053,-0.25
25054,0.25
25055,0.75
25056,-4.25
25057,1.25
25058,-5.25
25059,1.75
25060,-0.25
25061,-0.25
25062,1.75
25063,3.75
25064,-0.75
25065,-0.25
25066,-0.75
25067,0.25
25068,0.25
25069,5.25
25070,0.75
25071,-14.25
25072,0.75
25073,-0.75
25074,-2.25
25075,0.75
25076,2.25
25077,9.75
25078,0.25
25079,1.75
25080,-1.25
25081,0.25
25082,1.25
25083,0.75
25084,-0.25
25085,-0.25
25086,-2.25
25087,-0.25
25088,1.25
25089,-0.75
25090,-0.25
25091,-0.25
25092,-0.75
25093,9.25
25094,-0.75
25095,-0.75
25096,0.75
25097,-0.25
25098,-0.25
25099,5.25
25100,2.25
25101,-0.25
25102,0.25
25103,0.25
25104,-0.75
25105,-0.75
25106,13.75
25107,-0.25
25108,0.75
25109,7.75
25110,-0.25
25111,2.25
25112,4.75
25113,7.25
25114,-0.25
25115,2.25
25116,-0.25
25117,0.75
25118,4.25
25119,0.75
25120,1.75
25121,-0.75
25122,0.75
25123,-0.75
25124,-0.75
25125,2.25
25126,1.25
25127,-1.75
25128,7.75
25129,2.75
25130,0.75
25131,4.75
25132,1.75
25133,-0.75
25134,-0.25
25135,0.75
25136,-0.75
25137,0.25
25138,-0.75
25139,12.25
25140,-8.25
25141,-0.25
25142,0.25
25143,2.75
25144,-0.75
25145,6.25
25146,-0.75
25147,-0.25
25148,-0.25
25149,0.75
25150,0.25
25151,0.25
25152,-1.75
25153,-0.75
25154,-1.25
25155,0.25
25156,0.75
25157,-4.75
25158,-0.75
25159,0.75
25160,1.25
25161,-0.25
25162,2.25
25163,7.25
25164,-1.25
25165,3.25
25166,-0.75
25167,-0.25
25168,0.75
25169,-0.25
25170,2.75
25171,1.75
25172,2.75
25173,-0.25
25174,2.25
25175,3.75
25176,0.25
25177,3.25
25178,-0.75
25179,0.25
25180,0.75
25181,-0.25
25182,-0.25
25183,-0.25
25184,2.25
25185,-0.75
25186,-0.25
25187,0.25
25188,-1.25
25189,-0.75
25190,1.25
25191,2.25
25192,6.75
25193,-1.25
25194,-0.75
25195,-0.75
25196,-0.75
25197,-0.75
25198,0.75
25199,1.75
25200,-0.25
25201,0.75
25202,-0.75
25203,-0.25
25204,-0.75
25205,-0.25
25206,-0.75
25207,0.25
25208,-0.25
25209,0.75
25210,0.75
25211,0.75
25212,0.25
25213,-5.75
25214,4.25
25215,-0.75
25216,0.75
25217,1.75
25218,7.25
25219,3.75
25220,-0.75
25221,-1.75
25222,-0.75
25223,2.75
25224,2.25
25225,0.25
25226,-1.25
25227,-6.75
25228,4.25
25229,-0.75
25230,7.75
25231,0.75
25232,-0.25
25233,-0.75
25234,0.75
25235,-0.75
25236,-6.75
25237,-0.75
25238,2.75
25239,3.25
25240,-2.75
25241,-1.75
25242,0.75
25243,1.75
25244,-0.75
25245,4.25
25246,-0.25
25247,1.75
25248,2.75
25249,0.25
25250,1.25
25251,2.75
25252,2.25
25253,0.25
25254,0.75
25255,0.75
25256,0.75
25257,1.75
25258,10.75
25259,0.75
25260,0.75
25261,1.75
25262,20.25
25263,0.75
25264,1.25
25265,-0.75
25266,5.75
25267,-0.25
25268,-0.75
25269,0.75
25270,-0.25
25271,-0.25
25272,0.75
25273,0.25
25274,3.75
25275,0.75
25276,9.25
25277,1.75
25278,0.25
25279,9.25
25280,-2.75
25281,7.25
25282,1.25
25283,-0.25
25284,-0.75
25285,-0.25
25286,2.75
25287,-12.25
25288,-3.25
25289,3.25
25290,0.75
25291,-0.75
25292,11.75
25293,-0.75
25294,0.75
25295,-0.75
25296,0.75
25297,2.25
25298,10.5
25299,2.75
25300,1.25
25301,0.25
25302,7.75
25303,1.75
25304,-0.75
25305,-0.25
25306,3.75
25307,11.75
25308,8.75
25309,0.75
25310,4.25
25311,0.75
25312,-1.25
25313,1.75
25314,0.25
25315,0.25
25316,2.25
25317,8.75
25318,0.75
25319,-0.75
25320,0.75
25321,-0.25
25322,-0.25
25323,0.25
25324,0.75
25325,0.75
25326,0.75
25327,-0.75
25328,-0.25
25329,1.75
25330,2.25
25331,0.75
25332,-1.25
25333,2.75
25334,1.75
25335,-0.75
25336,-1.25
25337,-0.75
25338,-0.25
25339,13.0
25340,-5.25
25341,-1.25
25342,-0.25
25343,1.25
25344,7.25
25345,-1.25
25346,-0.25
25347,-2.75
25348,8.75
25349,1.25
25350,8.75
25351,0.75
25352,-0.75
25353,1.25
25354,8.25
25355,0.25
25356,4.25
25357,-1.25
25358,2.25
25359,0.75
25360,-0.75
25361,11.75
25362,-0.25
25363,14.75
25364,-1.25
25365,12.0
25366,-7.25
25367,4.25
25368,2.25
25369,1.25
25370,-1.25
25371,0.75
25372,-0.75
25373,-9.75
25374,0.75
25375,-0.25
25376,2.25
25377,0.25
25378,5.75
25379,-0.75
25380,14.0
25381,-0.75
25382,-0.75
25383,-0.75
25384,2.25
25385,0.75
25386,7.25
25387,-2.25
25388,-0.75
25389,-0.75
25390,1.25
25391,-0.75
25392,-0.25
25393,-0.25
25394,18.0
25395,-0.75
25396,-0.75
25397,-0.75
25398,-0.25
25399,-1.25
25400,2.25
25401,-0.25
25402,0.75
25403,-0.25
25404,0.25
25405,0.75
25406,4.25
25407,13.25
25408,0.75
25409,0.25
25410,1.75
25411,-2.25
25412,12.75
25413,-2.25
25414,0.75
25415,0.25
25416,-1.25
25417,-0.75
25418,5.25
25419,-0.75
25420,-4.25
25421,14.0
25422,2.25
25423,1.25
25424,0.25
25425,-4.25
25426,2.25
25427,0.75
25428,5.75
25429,-0.25
25430,0.25
25431,1.75
25432,2.75
25433,1.25
25434,10.75
25435,2.75
25436,8.25
25437,-8.75
25438,0.75
25439,0.75
25440,-4.25
25441,0.25
25442,-0.25
25443,3.25
25444,-0.25
25445,0.25
25446,2.25
25447,3.25
25448,-0.25
25449,-0.75
25450,12.0
25451,-0.25
25452,-0.25
25453,13.5
25454,-0.25
25455,-0.25
25456,20.0
25457,1.25
25458,-0.75
25459,-0.25
25460,1.75
25461,-0.75
25462,-0.75
25463,-0.25
25464,-0.25
25465,-0.75
25466,3.25
25467,-1.75
25468,-0.25
25469,-0.75
25470,3.75
25471,2.75
25472,-2.25
25473,0.25
25474,-11.25
25475,0.75
25476,-0.25
25477,12.25
25478,3.75
25479,0.75
25480,-1.75
25481,-1.25
25482,4.75
25483,-0.75
25484,-2.25
25485,-2.25
25486,-4.75
25487,6.25
25488,0.25
25489,-0.25
25490,-0.75
25491,12.5
25492,-0.25
25493,0.75
25494,0.75
25495,-2.75
25496,-0.75
25497,0.25
25498,-1.25
25499,1.25
25500,-4.25
25501,0.75
25502,-16.25
25503,-6.25
25504,-0.25
25505,18.0
25506,0.25
25507,-0.25
25508,-0.25
25509,20.75
25510,1.25
25511,-0.75
25512,3.25
25513,3.25
25514,-0.75
25515,0.25
25516,-0.25
25517,0.75
25518,2.75
25519,0.75
25520,0.75
25521,-0.25
25522,24.5
25523,-0.25
25524,17.75
25525,7.25
25526,42.5
25527,22.75
25528,1.25
25529,0.75
25530,0.75
25531,-0.25
25532,6.25
25533,9.25
25534,16.25
25535,4.25
25536,1.25
25537,6.75
25538,-1.25
25539,3.75
25540,6.75
25541,-0.75
25542,2.75
25543,-2.25
25544,0.75
25545,-0.75
25546,-0.25
25547,-3.25
25548,0.75
25549,-2.25
25550,-0.75
25551,6.25
25552,0.25
25553,0.75
25554,-3.25
25555,0.25
25556,-5.25
25557,-0.75
25558,1.75
25559,2.25
25560,-0.75
25561,-0.75
25562,-8.25
25563,-0.25
25564,6.25
25565,2.25
25566,2.25
25567,-0.75
25568,0.75
25569,2.75
25570,-6.75
25571,-0.25
25572,-0.25
25573,1.25
25574,16.25
25575,0.75
25576,5.25
25577,-0.75
25578,9.25
25579,0.75
25580,-1.25
25581,2.25
25582,-0.75
25583,20.0
25584,-2.75
25585,4.25
25586,1.25
25587,1.75
25588,3.75
25589,-0.25
25590,-1.25
25591,-4.75
25592,-10.25
25593,0.75
25594,10.5
25595,0.75
25596,-0.25
25597,8.75
25598,0.75
25599,-0.25
25600,-5.25
25601,12.75
25602,-0.25
25603,0.25
25604,-2.75
25605,4.25
25606,-2.25
25607,1.75
25608,2.75
25609,0.25
25610,-3.25
25611,-3.75
25612,-0.75
25613,-1.25
25614,-0.25
25615,1.25
25616,-0.25
25617,2.25
25618,0.75
25619,7.75
25620,13.75
25621,2.75
25622,6.25
25623,-2.25
25624,-3.25
25625,-0.75
25626,1.75
25627,1.25
25628,-0.75
25629,-1.25
25630,1.25
25631,-0.75
25632,0.75
25633,1.25
25634,4.25
25635,0.25
25636,25.0
25637,0.25
25638,0.75
25639,0.75
25640,2.75
25641,0.25
25642,0.75
25643,-0.75
25644,-10.75
25645,4.25
25646,1.25
25647,-0.75
25648,-7.25
25649,0.75
25650,-0.25
25651,-0.25
25652,16.0
25653,3.75
25654,2.25
25655,-3.75
25656,2.25
25657,0.25
25658,0.75
25659,-0.75
25660,1.25
25661,-0.75
25662,-0.75
25663,-2.25
25664,0.25
25665,-1.25
25666,0.75
25667,3.75
25668,0.25
25669,22.25
25670,1.75
25671,3.75
25672,3.75
25673,0.75
25674,0.75
25675,0.75
25676,-4.25
25677,-7.25
25678,-0.75
25679,-0.25
25680,14.75
25681,2.25
25682,-0.75
25683,-0.25
25684,-0.25
25685,0.75
25686,-0.75
25687,0.75
25688,0.75
25689,-1.25
25690,-0.25
25691,-0.25
25692,-0.25
25693,0.75
25694,1.25
25695,6.25
25696,-0.25
25697,-0.25
25698,0.75
25699,2.25
25700,0.75
25701,0.25
25702,-0.25
25703,0.75
25704,-0.75
25705,0.75
25706,1.25
25707,-0.25
25708,2.25
25709,2.25
25710,14.0
25711,3.25
25712,1.75
25713,-1.25
25714,0.25
25715,8.75
25716,-0.25
25717,2.75
25718,-0.25
25719,0.25
25720,-0.25
25721,2.25
25722,-0.25
25723,0.75
25724,-5.25
25725,0.75
25726,0.75
25727,-0.75
25728,1.75
25729,-0.75
25730,8.75
25731,0.75
25732,2.75
25733,0.25
25734,2.25
25735,-2.25
25736,-0.75
25737,0.25
25738,8.75
25739,-0.75
25740,-0.25
25741,0.75
25742,0.75
25743,-2.25
25744,-0.25
25745,3.25
25746,-0.75
25747,1.25
25748,-0.75
25749,2.75
25750,3.25
25751,1.25
25752,17.75
25753,0.25
25754,-0.75
25755,-0.75
25756,0.75
25757,12.25
25758,1.25
25759,14.25
25760,1.25
25761,0.75
25762,-0.25
25763,-6.25
25764,14.5
25765,3.75
25766,2.75
25767,0.75
25768,-1.25
25769,12.25
25770,-5.75
25771,0.75
25772,0.25
25773,5.25
25774,6.75
25775,-0.75
25776,2.75
25777,4.25
25778,1.75
25779,2.75
25780,1.25
25781,-0.75
25782,0.25
25783,-0.75
25784,3.25
25785,-0.75
25786,0.75
25787,0.75
25788,-0.25
25789,1.75
25790,-0.75
25791,-2.25
25792,-0.25
25793,0.25
25794,13.25
25795,-0.25
25796,1.75
25797,-2.25
25798,1.75
25799,10.75
25800,28.25
25801,-1.25
25802,5.25
25803,1.75
25804,2.75
25805,1.25
25806,2.25
25807,14.25
25808,-0.25
25809,3.75
25810,-0.75
25811,-0.75
25812,-0.25
25813,3.25
25814,-0.25
25815,-0.75
25816,-0.75
25817,0.75
25818,-0.75
25819,-5.25
25820,8.75
25821,1.25
25822,-0.25
25823,2.75
25824,1.25
25825,1.25
25826,1.75
25827,0.75
25828,-0.25
25829,-0.75
25830,-0.75
25831,20.0
25832,6.75
25833,0.75
25834,0.75
25835,-1.25
25836,5.25
25837,1.25
25838,-3.25
25839,-3.25
25840,6.25
25841,-0.75
25842,4.75
25843,-0.75
25844,-0.75
25845,0.75
25846,-0.75
25847,-0.25
25848,-10.25
25849,0.75
25850,-5.75
25851,-0.25
25852,1.25
25853,1.75
25854,-1.25
25855,-0.25
25856,2.75
25857,-0.25
25858,-0.25
25859,1.25
25860,11.25
25861,5.25
25862,-0.25
25863,-0.25
25864,-0.75
25865,9.25
25866,0.75
25867,-0.75
25868,1.75
25869,2.75
25870,1.75
25871,0.25
25872,-0.25
25873,2.75
25874,-2.25
25875,0.25
25876,-0.75
25877,-1.25
25878,3.25
25879,0.75
25880,5.75
25881,-0.75
25882,-0.75
25883,1.75
25884,0.75
25885,1.75
25886,2.25
25887,5.0
25888,-0.75
25889,-0.25
25890,1.25
25891,-0.75
25892,-0.25
25893,-1.25
25894,-0.25
25895,2.75
25896,0.75
25897,-4.25
25898,-0.75
25899,-0.25
25900,-0.25
25901,-0.25
25902,-0.75
25903,-3.25
25904,0.75
25905,12.25
25906,0.75
25907,-0.75
25908,0.25
25909,0.25
25910,-2.75
25911,0.75
25912,-0.25
25913,-0.75
25914,0.25
25915,-0.25
25916,0.75
25917,-0.75
25918,5.75
25919,0.25
25920,-0.25
25921,0.75
25922,-0.75
25923,2.25
25924,0.75
25925,0.75
25926,-0.25
25927,0.75
25928,-0.75
25929,3.25
25930,1.75
25931,1.25
25932,0.25
25933,1.75
25934,18.75
25935,-0.25
25936,13.75
25937,3.25
25938,10.25
25939,1.25
25940,0.25
25941,-1.25
25942,-0.25
25943,-0.75
25944,-0.75
25945,-0.75
25946,22.5
25947,12.75
25948,-0.75
25949,7.25
25950,1.75
25951,-0.75
25952,-8.25
25953,1.75
25954,1.75
25955,4.25
25956,-0.75
25957,-1.25
25958,-0.75
25959,-1.75
25960,-0.25
25961,1.25
25962,-0.25
25963,0.75
25964,-1.25
25965,0.75
25966,-0.25
25967,-0.25
25968,-4.25
25969,9.25
25970,2.25
25971,-1.75
25972,3.25
25973,-4.25
25974,7.25
25975,0.75
25976,-0.75
25977,1.25
25978,-0.75
25979,-0.75
25980,36.75
25981,0.75
25982,3.75
25983,6.25
25984,-0.75
25985,-0.25
25986,0.75
25987,2.25
25988,-0.25
25989,-0.75
25990,0.75
25991,-0.25
25992,1.25
25993,1.75
25994,2.75
25995,11.5
25996,1.25
25997,7.75
25998,0.25
25999,-1.25
26000,1.75
26001,2.75
26002,0.75
26003,-0.75
26004,1.25
26005,6.75
26006,0.75
26007,3.75
26008,18.25
26009,-0.75
26010,-0.25
26011,-0.25
26012,3.75
26013,1.75
26014,5.25
26015,-0.25
26016,1.75
26017,-0.25
26018,-0.75
26019,2.75
26020,0.75
26021,-0.75
26022,0.25
26023,15.0
26024,0.75
26025,-1.25
26026,-1.25
26027,-0.75
26028,-4.75
26029,-5.25
26030,-2.25
26031,-0.25
26032,-0.25
26033,7.25
26034,6.25
26035,-0.25
26036,0.25
26037,1.25
26038,0.75
26039,0.75
26040,2.75
26041,3.25
26042,3.25
26043,1.25
26044,17.75
26045,-0.25
26046,0.25
26047,0.75
26048,-2.25
26049,0.75
26050,1.75
26051,0.75
26052,0.25
26053,6.75
26054,-0.75
26055,-1.25
26056,-0.25
26057,-0.25
26058,-0.25
26059,-9.75
26060,1.75
26061,2.25
26062,-0.25
26063,1.75
26064,0.75
26065,-0.75
26066,-0.25
26067,-13.25
26068,-0.25
26069,1.75
26070,-2.25
26071,9.25
26072,-0.25
26073,-2.25
26074,-0.25
26075,0.25
26076,-0.25
26077,-2.75
26078,-0.75
26079,-0.25
26080,0.75
26081,0.75
26082,0.25
26083,2.25
26084,-0.25
26085,-2.25
26086,1.25
26087,-0.75
26088,-1.25
26089,-0.25
26090,11.75
26091,-0.75
26092,0.75
26093,5.25
26094,0.75
26095,2.75
26096,1.75
26097,4.25
26098,-0.25
26099,3.25
26100,1.25
26101,-0.25
26102,12.25
26103,10.25
26104,0.25
26105,2.75
26106,19.75
26107,-0.25
26108,1.25
26109,-7.25
26110,0.75
26111,0.25
26112,0.25
26113,6.25
26114,2.75
26115,-1.25
26116,-2.75
26117,1.25
26118,-0.25
26119,0.75
26120,8.75
26121,-0.75
26122,0.25
26123,-0.25
26124,2.25
26125,5.25
26126,2.25
26127,0.75
26128,2.25
26129,6.75
26130,7.25
26131,-0.25
26132,3.25
26133,9.75
26134,-6.75
26135,-0.25
26136,0.25
26137,-0.25
26138,3.25
26139,0.75
26140,4.25
26141,0.75
26142,2.25
26143,0.75
26144,-0.75
26145,-0.75
26146,2.25
26147,0.75
26148,10.25
26149,-0.25
26150,-0.25
26151,1.75
26152,3.75
26153,3.25
26154,1.75
26155,-2.25
26156,-0.75
26157,3.75
26158,1.75
26159,-0.25
26160,23.25
26161,23.25
26162,3.25
26163,-0.75
26164,25.75
26165,1.25
26166,0.75
26167,3.75
26168,-2.75
26169,0.25
26170,18.25
26171,-0.25
26172,2.25
26173,-0.25
26174,-2.25
26175,-6.25
26176,2.25
26177,2.25
26178,-1.25
26179,0.75
26180,23.5
26181,0.75
26182,-0.75
26183,-0.25
26184,16.25
26185,0.75
26186,-2.25
26187,8.75
26188,2.25
26189,-1.75
26190,0.25
26191,-0.75
26192,-1.25
26193,-0.75
26194,-3.25
26195,0.75
26196,1.75
26197,1.25
26198,0.25
26199,0.75
26200,2.25
26201,2.25
26202,1.75
26203,-0.75
26204,17.25
26205,0.75
26206,-0.75
26207,1.25
26208,2.75
26209,1.75
26210,0.75
26211,20.5
26212,-0.75
26213,0.25
26214,0.75
26215,2.25
26216,-0.25
26217,0.25
26218,3.25
26219,12.0
26220,-3.25
26221,-0.75
26222,-0.25
26223,-2.25
26224,-0.75
26225,9.75
26226,-3.25
26227,7.25
26228,2.25
26229,2.75
26230,1.75
26231,-1.75
26232,19.75
26233,19.0
26234,0.25
26235,-0.25
26236,0.25
26237,-0.75
26238,0.75
26239,7.25
26240,-2.25
26241,-0.25
26242,-3.25
26243,2.75
26244,1.25
26245,-7.75
26246,4.25
26247,0.75
26248,-2.25
26249,3.25
26250,0.75
26251,-0.25
26252,23.75
26253,-0.25
26254,12.75
26255,-0.75
26256,-0.75
26257,0.75
26258,0.25
26259,27.5
26260,-0.25
26261,0.25
26262,0.75
26263,3.75
26264,-0.75
26265,3.25
26266,-1.25
26267,-0.75
26268,9.25
26269,0.75
26270,0.75
26271,-0.75
26272,-0.25
26273,0.25
26274,-0.75
26275,13.0
26276,0.25
26277,0.75
26278,8.25
26279,0.75
26280,0.75
26281,14.75
26282,-0.25
26283,1.75
26284,14.75
26285,2.25
26286,1.75
26287,22.25
26288,-0.25
26289,4.25
26290,1.75
26291,17.0
26292,-0.25
26293,2.75
26294,0.25
26295,4.75
26296,3.25
26297,-0.75
26298,-0.25
26299,0.75
26300,-1.25
26301,-0.75
26302,8.25
26303,3.75
26304,13.25
26305,-0.75
26306,0.75
26307,0.75
26308,-0.25
26309,-0.75
26310,1.25
26311,0.25
26312,3.75
26313,2.25
26314,-0.75
26315,-7.75
26316,3.25
26317,0.75
26318,11.25
26319,1.75
26320,0.75
26321,-0.75
26322,0.75
26323,11.75
26324,-5.25
26325,5.75
26326,-0.25
26327,0.75
26328,-0.75
26329,3.75
26330,0.75
26331,5.75
26332,-0.75
26333,0.75
26334,0.75
26335,-1.25
26336,10.75
26337,-1.25
26338,-0.25
26339,-0.25
26340,0.75
26341,7.75
26342,2.25
26343,0.75
26344,0.75
26345,0.25
26346,-0.75
26347,0.75
26348,1.75
26349,3.25
26350,0.75
26351,1.25
26352,17.75
26353,0.75
26354,-0.25
26355,4.25
26356,-0.75
26357,4.25
26358,18.0
26359,-0.25
26360,1.25
26361,0.75
26362,0.25
26363,0.75
26364,-2.25
26365,-1.75
26366,24.5
26367,0.75
26368,-0.25
26369,-2.25
26370,-0.75
26371,-5.25
26372,12.5
26373,-2.75
26374,16.0
26375,-5.25
26376,17.75
26377,1.25
26378,-0.25
26379,2.25
26380,2.25
26381,0.75
26382,-0.25
26383,-0.25
26384,-0.25
26385,9.0
26386,-2.75
26387,-1.25
26388,24.75
26389,0.75
26390,7.25
26391,-0.25
26392,4.75
26393,0.25
26394,-16.25
26395,-2.25
26396,-0.25
26397,-2.25
26398,-0.25
26399,2.25
26400,1.25
26401,-0.75
26402,-0.75
26403,-2.75
26404,4.25
26405,-0.25
26406,-11.25
26407,14.75
26408,13.25
26409,0.75
26410,-1.25
26411,2.25
26412,1.25
26413,0.75
26414,-0.25
26415,-0.75
26416,3.25
26417,0.75
26418,-6.25
26419,-0.25
26420,-0.75
26421,0.25
26422,-1.25
26423,0.25
26424,1.25
26425,0.75
26426,5.25
26427,3.25
26428,0.75
26429,-1.25
26430,-0.75
26431,0.75
26432,1.25
26433,2.75
26434,-4.25
26435,-0.25
26436,0.25
26437,6.75
26438,0.75
26439,8.75
26440,2.25
26441,4.25
26442,0.75
26443,-0.75
26444,-1.25
26445,0.25
26446,-0.25
26447,-0.75
26448,-0.75
26449,0.25
26450,-0.75
26451,-0.75
26452,0.75
26453,0.75
26454,0.75
26455,-0.25
26456,0.75
26457,14.75
26458,1.75
26459,0.75
26460,-1.25
26461,-0.75
26462,2.75
26463,-0.75
26464,-0.25
26465,3.25
26466,-0.75
26467,1.25
26468,1.75
26469,1.25
26470,-0.25
26471,0.75
26472,2.25
26473,0.75
26474,0.25
26475,1.75
26476,-0.25
26477,-0.75
26478,3.25
26479,-0.25
26480,-1.25
26481,-0.25
26482,0.75
26483,0.75
26484,-0.75
26485,-0.75
26486,-2.75
26487,-0.25
26488,2.75
26489,-22.75
26490,0.75
26491,0.75
26492,7.75
26493,0.75
26494,9.25
26495,0.25
26496,2.75
26497,0.75
26498,-0.25
26499,-15.25
26500,1.75
26501,2.25
26502,-0.75
26503,0.75
26504,-0.25
26505,-0.25
26506,10.75
26507,20.5
26508,-0.75
26509,0.25
26510,3.75
26511,-1.75
26512,1.25
26513,0.25
26514,1.75
26515,1.75
26516,1.75
26517,0.75
26518,8.25
26519,0.25
26520,-1.25
26521,0.25
26522,-0.25
26523,3.25
26524,4.25
26525,5.25
26526,0.25
26527,-0.25
26528,1.75
26529,-0.75
26530,3.25
26531,0.75
26532,-0.25
26533,15.25
26534,2.25
26535,-0.25
26536,0.25
26537,-0.75
26538,1.25
26539,-2.25
26540,0.25
26541,1.25
26542,0.25
26543,-5.75
26544,-0.75
26545,-0.25
26546,0.75
26547,0.75
26548,-0.25
26549,-0.25
26550,4.25
26551,0.75
26552,0.25
26553,-0.75
26554,1.25
26555,0.75
26556,-0.25
26557,-0.25
26558,-3.25
26559,-1.25
26560,4.75
26561,0.75
26562,5.25
26563,-0.25
26564,1.75
26565,7.25
26566,1.25
26567,25.0
26568,3.25
26569,2.75
26570,2.25
26571,1.25
26572,0.75
26573,-0.25
26574,-1.25
26575,5.25
26576,11.75
26577,-6.25
26578,6.25
26579,4.25
26580,0.75
26581,1.25
26582,-0.75
26583,7.75
26584,5.25
26585,-2.25
26586,-0.25
26587,-0.25
26588,6.75
26589,0.25
26590,0.75
26591,3.25
26592,2.25
26593,1.25
26594,0.75
26595,-1.75
26596,-0.25
26597,0.75
26598,-0.25
26599,0.25
26600,-3.25
26601,7.25
26602,1.75
26603,-2.25
26604,-1.25
26605,1.75
26606,-0.25
26607,1.25
26608,-0.25
26609,-1.25
26610,1.25
26611,-0.75
26612,-0.75
26613,2.75
26614,-0.75
26615,0.75
26616,-1.25
26617,-0.25
26618,-0.75
26619,4.75
26620,-0.75
26621,-0.75
26622,-26.75
26623,29.75
26624,5.75
26625,2.25
26626,0.75
26627,3.25
26628,5.25
26629,-0.75
26630,7.25
26631,10.75
26632,0.75
26633,0.75
26634,-0.25
26635,-0.75
26636,2.25
26637,3.75
26638,12.75
26639,-0.75
26640,0.75
26641,-0.25
26642,0.25
26643,-0.25
26644,2.75
26645,1.25
26646,-0.75
26647,7.5
26648,0.25
26649,-0.75
26650,5.75
26651,0.75
26652,-0.25
26653,-0.75
26654,-0.75
26655,3.25
26656,0.75
26657,0.75
26658,-0.75
26659,1.75
26660,-0.25
26661,0.75
26662,-0.25
26663,2.75
26664,2.25
26665,2.25
26666,-0.25
26667,3.75
26668,1.75
26669,-0.75
26670,0.75
26671,2.25
26672,-0.25
26673,-0.25
26674,14.75
26675,5.75
26676,0.75
26677,6.25
26678,6.75
26679,1.25
26680,2.25
26681,29.75
26682,1.75
26683,-0.25
26684,12.0
26685,-4.75
26686,-0.25
26687,23.25
26688,1.75
26689,-3.25
26690,-0.75
26691,-0.25
26692,14.0
26693,1.25
26694,0.75
26695,2.75
26696,-2.75
26697,-4.75
26698,-0.75
26699,15.25
26700,20.5
26701,3.25
26702,30.25
26703,13.5
26704,0.75
26705,1.75
26706,-0.75
26707,-1.25
26708,-0.25
26709,-1.75
26710,-0.75
26711,-3.25
26712,1.25
26713,2.25
26714,0.25
26715,1.75
26716,-1.75
26717,1.25
26718,-0.75
26719,4.25
26720,-0.25
26721,15.5
26722,19.5
26723,2.25
26724,7.25
26725,-0.25
26726,-0.75
26727,1.75
26728,4.25
26729,0.25
26730,-7.75
26731,-3.75
26732,-0.25
26733,-0.75
26734,0.75
26735,-0.25
26736,-0.75
26737,-1.25
26738,2.75
26739,12.75
26740,-0.25
26741,0.75
26742,3.25
26743,2.75
26744,-6.25
26745,-1.25
26746,5.75
26747,7.25
26748,-1.75
26749,3.25
26750,0.75
26751,7.25
26752,3.25
26753,-0.75
26754,-0.75
26755,-0.75
26756,-0.75
26757,14.25
26758,1.25
26759,0.75
26760,2.75
26761,11.75
26762,0.75
26763,-0.75
26764,-0.75
26765,0.75
26766,-0.75
26767,-0.25
26768,3.75
26769,0.75
26770,-0.75
26771,0.75
26772,-43.25
26773,24.25
26774,-0.25
26775,-0.75
26776,-0.75
26777,0.75
26778,-0.25
26779,2.25
26780,-1.75
26781,0.25
26782,-0.25
26783,-4.25
26784,-4.25
26785,-0.25
26786,0.75
26787,4.75
26788,-0.25
26789,4.75
26790,0.75
26791,0.75
26792,3.25
26793,2.75
26794,5.25
26795,0.75
26796,-0.75
26797,1.75
26798,4.75
26799,0.75
26800,0.75
26801,10.25
26802,2.25
26803,1.25
26804,0.75
26805,-2.25
26806,-2.75
26807,0.25
26808,-0.25
26809,1.25
26810,1.25
26811,0.75
26812,0.75
26813,-2.75
26814,-0.75
26815,-0.75
26816,-17.25
26817,1.25
26818,1.75
26819,3.25
26820,27.25
26821,0.75
26822,3.75
26823,-0.75
26824,-2.25
26825,-0.75
26826,-0.25
26827,-2.25
26828,-12.75
26829,1.25
26830,-1.25
26831,0.75
26832,1.25
26833,1.25
26834,-0.75
26835,5.25
26836,-0.25
26837,-1.25
26838,-1.75
26839,0.75
26840,1.75
26841,-0.25
26842,0.75
26843,-0.25
26844,-3.25
26845,0.75
26846,23.5
26847,0.75
26848,0.75
26849,0.75
26850,-0.75
26851,0.25
26852,0.75
26853,0.75
26854,-0.25
26855,-3.25
26856,2.75
26857,-0.75
26858,1.75
26859,1.75
26860,8.75
26861,-0.25
26862,0.75
26863,-10.75
26864,0.25
26865,0.75
26866,-10.25
26867,0.75
26868,-0.25
26869,0.25
26870,0.75
26871,0.25
26872,0.75
26873,3.25
26874,-1.75
26875,-0.25
26876,1.25
26877,0.75
26878,-0.75
26879,-0.25
26880,1.25
26881,0.75
26882,-2.75
26883,0.75
26884,0.75
26885,-4.25
26886,-0.25
26887,0.75
26888,0.25
26889,-0.75
26890,0.75
26891,-0.75
26892,7.75
26893,-0.75
26894,1.75
26895,1.75
26896,-0.75
26897,0.75
26898,2.25
26899,-0.25
26900,4.25
26901,-0.75
26902,1.25
26903,0.75
26904,0.25
26905,-0.25
26906,-2.75
26907,-1.75
26908,0.25
26909,0.75
26910,-0.25
26911,-1.25
26912,0.75
26913,9.75
26914,0.75
26915,0.75
26916,-0.25
26917,0.75
26918,1.25
26919,-0.75
26920,-1.75
26921,0.25
26922,1.75
26923,3.25
26924,-0.75
26925,0.25
26926,-0.75
26927,2.25
26928,-0.75
26929,-1.75
26930,-0.25
26931,-0.25
26932,-0.75
26933,0.75
26934,-0.25
26935,-0.75
26936,3.25
26937,0.25
26938,5.75
26939,-0.25
26940,5.25
26941,-0.75
26942,-0.75
26943,-11.75
26944,8.75
26945,-0.75
26946,0.75
26947,0.75
26948,9.75
26949,0.75
26950,0.25
26951,0.25
26952,2.75
26953,-0.75
26954,0.25
26955,-0.25
26956,0.75
26957,-0.75
26958,-0.25
26959,0.75
26960,-0.25
26961,0.75
26962,5.75
26963,-0.75
26964,3.25
26965,2.25
26966,0.75
26967,0.25
26968,-0.25
26969,-2.75
26970,0.75
26971,2.75
26972,3.75
26973,-7.25
26974,-0.25
26975,8.25
26976,0.75
26977,2.75
26978,-0.25
26979,1.25
26980,0.75
26981,1.25
26982,2.25
26983,0.75
26984,-0.75
26985,1.75
26986,-0.75
26987,2.25
26988,15.25
26989,-0.25
26990,0.75
26991,0.75
26992,-1.25
26993,0.75
26994,3.25
26995,-0.25
26996,-0.75
26997,-0.25
26998,-0.75
26999,-2.25
27000,0.25
27001,0.75
27002,1.25
27003,-0.75
27004,2.25
27005,0.75
27006,9.25
27007,-0.25
27008,-0.75
27009,-0.25
27010,1.75
27011,-0.25
27012,-0.25
27013,-0.75
27014,-0.25
27015,-0.25
27016,-0.25
27017,1.25
27018,0.75
27019,9.25
27020,-0.25
27021,-9.25
27022,-0.25
27023,0.25
27024,0.75
27025,-14.25
27026,0.75
27027,1.75
27028,-5.25
27029,-5.25
27030,-1.25
27031,-0.75
27032,-0.75
27033,0.75
27034,2.75
27035,0.75
27036,0.25
27037,-0.75
27038,-0.75
27039,16.0
27040,-0.25
27041,2.25
27042,-0.25
27043,1.25
27044,-0.75
27045,-0.25
27046,0.25
27047,-0.75
27048,-0.25
27049,-0.25
27050,1.75
27051,-0.75
27052,-3.25
27053,4.75
27054,-1.25
27055,0.25
27056,0.75
27057,-0.25
27058,0.25
27059,1.25
27060,-0.75
27061,0.25
27062,0.75
27063,0.75
27064,-0.75
27065,-1.25
27066,0.75
27067,0.75
27068,-0.25
27069,4.25
27070,-0.75
27071,-1.25
27072,-0.25
27073,-0.25
27074,-0.25
27075,-0.75
27076,4.25
27077,-5.25
27078,-1.25
27079,0.75
27080,-0.25
27081,-0.25
27082,0.75
27083,2.75
27084,3.25
27085,-0.75
27086,1.75
27087,1.25
27088,0.75
27089,3.75
27090,-0.25
27091,0.75
27092,-0.75
27093,0.25
27094,-0.75
27095,-0.25
27096,-0.25
27097,0.75
27098,-0.25
27099,-16.25
27100,-0.75
27101,0.75
27102,0.75
27103,0.75
27104,-0.25
27105,1.75
27106,-1.25
27107,0.25
27108,-0.25
27109,-2.25
27110,-0.75
27111,3.25
27112,-0.75
27113,4.25
27114,3.25
27115,2.25
27116,0.75
27117,-0.75
27118,-0.75
27119,0.75
27120,1.25
27121,-1.25
27122,-1.25
27123,-0.75
27124,-0.25
27125,-0.25
27126,-0.25
27127,0.75
27128,0.25
27129,-0.75
27130,-0.75
27131,-0.25
27132,-0.75
27133,0.25
27134,-0.25
27135,-0.25
27136,-0.75
27137,-0.75
27138,-0.25
27139,-0.75
27140,-0.25
27141,-0.25
27142,-0.75
27143,0.75
27144,0.25
27145,0.75
27146,0.75
27147,0.75
27148,-0.75
27149,-0.75
27150,3.25
27151,1.25
27152,0.75
27153,0.75
27154,16.25
27155,-0.75
27156,-0.75
27157,1.75
27158,-0.25
27159,0.75
27160,1.25
27161,-0.25
27162,-0.75
27163,2.75
27164,-0.75
27165,0.75
27166,-0.25
27167,-0.75
27168,0.25
27169,-0.25
27170,0.75
27171,0.75
27172,-0.25
27173,0.75
27174,1.75
27175,-0.75
27176,0.75
27177,1.25
27178,-6.25
27179,0.25
27180,-1.25
27181,0.25
27182,0.75
27183,4.75
27184,0.25
27185,1.25
27186,-6.25
27187,-0.25
27188,-0.25
27189,-0.25
27190,-0.75
27191,-0.25
27192,0.75
27193,-0.75
27194,-0.75
27195,-0.75
27196,0.25
27197,1.75
27198,2.75
27199,-0.25
27200,1.75
27201,2.25
27202,1.25
27203,-0.75
27204,-0.25
27205,-0.25
27206,0.75
27207,-2.25
27208,-0.25
27209,7.75
27210,0.75
27211,1.25
27212,-0.25
27213,-0.75
27214,0.75
27215,0.75
27216,0.75
27217,-0.25
27218,-0.25
27219,-0.25
27220,-0.75
27221,-0.75
27222,-0.25
27223,0.75
27224,-0.25
27225,0.75
27226,-0.25
27227,-2.75
27228,1.75
27229,-6.75
27230,3.75
27231,1.75
27232,-0.25
27233,-0.25
27234,0.75
27235,-2.75
27236,-0.25
27237,-0.75
27238,0.75
27239,-0.25
27240,2.25
27241,11.75
27242,0.75
27243,1.25
27244,-0.75
27245,-0.25
27246,-0.75
27247,14.25
27248,0.75
27249,10.25
27250,1.75
27251,7.25
27252,0.75
27253,-0.75
27254,-0.75
27255,-0.25
27256,-0.75
27257,4.25
27258,-0.75
27259,2.25
27260,-0.25
27261,-6.25
27262,0.25
27263,1.75
27264,-2.25
27265,-0.25
27266,-0.75
27267,4.75
27268,-0.25
27269,1.25
27270,-0.75
27271,0.25
27272,0.75
27273,2.25
27274,9.75
27275,1.75
27276,-3.25
27277,3.25
27278,-0.75
27279,-0.25
27280,-0.25
27281,0.25
27282,0.25
27283,0.25
27284,-1.25
27285,0.25
27286,0.75
27287,17.5
27288,-0.25
27289,0.75
27290,0.75
27291,1.25
27292,0.75
27293,-0.25
27294,-0.25
27295,6.25
27296,0.75
27297,3.25
27298,0.75
27299,1.25
27300,1.75
27301,1.25
27302,-2.75
27303,1.75
27304,-0.75
27305,-1.75
27306,-0.75
27307,-0.75
27308,0.75
27309,0.25
27310,-0.25
27311,0.75
27312,1.75
27313,2.25
27314,2.75
27315,0.25
27316,1.25
27317,2.75
27318,-0.25
27319,0.75
27320,-0.25
27321,1.25
27322,1.75
27323,2.75
27324,-2.75
27325,-0.25
27326,1.25
27327,0.75
27328,2.25
27329,-2.75
27330,1.25
27331,-2.25
27332,-0.25
27333,-14.75
27334,13.75
27335,-0.25
27336,14.25
27337,-0.75
27338,-0.25
27339,2.25
27340,-0.25
27341,16.25
27342,1.25
27343,-0.25
27344,1.75
27345,2.75
27346,0.75
27347,2.25
27348,1.75
27349,-0.75
27350,1.75
27351,1.25
27352,-1.25
27353,-1.25
27354,0.75
27355,1.25
27356,0.75
27357,0.75
27358,-0.25
27359,1.25
27360,1.25
27361,1.25
27362,0.75
27363,2.25
27364,6.75
27365,3.75
27366,0.25
27367,-0.25
27368,-0.25
27369,12.75
27370,1.25
27371,0.75
27372,0.75
27373,-0.25
27374,2.25
27375,19.5
27376,2.25
27377,1.25
27378,0.75
27379,-2.25
27380,8.25
27381,1.75
27382,5.25
27383,0.75
27384,14.25
27385,-1.25
27386,-0.75
27387,-0.75
27388,0.75
27389,-0.75
27390,-0.25
27391,-0.25
27392,0.25
27393,1.25
27394,-0.25
27395,0.75
27396,-0.25
27397,0.75
27398,0.25
27399,-0.75
27400,-0.25
27401,0.75
27402,-0.75
27403,22.0
27404,0.25
27405,-0.25
27406,0.75
27407,-0.25
27408,-0.75
27409,0.25
27410,-6.25
27411,2.75
27412,-0.25
27413,-0.75
27414,-12.25
27415,0.75
27416,0.25
27417,0.75
27418,-0.25
27419,-0.75
27420,3.75
27421,1.75
27422,0.75
27423,2.25
27424,0.75
27425,0.25
27426,0.25
27427,0.75
27428,-5.75
27429,-2.75
27430,0.75
27431,-0.25
27432,0.25
27433,-1.25
27434,-0.75
27435,-1.25
27436,0.75
27437,0.75
27438,-0.75
27439,-0.75
27440,2.25
27441,-0.25
27442,2.75
27443,-0.75
27444,0.75
27445,-1.25
27446,0.25
27447,-4.25
27448,0.75
27449,0.75
27450,-0.25
27451,33.5
27452,-0.75
27453,-0.75
27454,8.0
27455,0.75
27456,-0.25
27457,3.25
27458,-9.25
27459,-0.75
27460,0.75
27461,-0.75
27462,2.5
27463,-0.25
27464,3.25
27465,-0.75
27466,1.25
27467,-0.25
27468,3.75
27469,-0.25
27470,-0.25
27471,14.0
27472,3.25
27473,0.75
27474,0.25
27475,8.75
27476,11.5
27477,12.0
27478,1.25
27479,0.75
27480,3.25
27481,19.0
27482,19.25
27483,-0.25
27484,-2.25
27485,-0.75
27486,-0.25
27487,13.75
27488,1.25
27489,-0.25
27490,9.25
27491,0.75
27492,-0.25
27493,13.25
27494,0.25
27495,1.75
27496,6.75
27497,0.75
27498,0.25
27499,0.75
27500,2.75
27501,-0.75
27502,0.75
27503,-0.75
27504,12.75
27505,7.75
27506,0.75
27507,-0.75
27508,0.75
27509,-0.25
27510,1.75
27511,2.75
27512,-0.75
27513,0.25
27514,0.75
27515,1.75
27516,1.25
27517,-2.25
27518,1.25
27519,13.75
27520,-7.25
27521,2.75
27522,2.25
27523,1.75
27524,2.25
27525,0.25
27526,-0.75
27527,-2.25
27528,1.75
27529,0.25
27530,-6.75
27531,-17.75
27532,-0.75
27533,-0.25
27534,2.75
27535,-0.25
27536,3.75
27537,-0.25
27538,-0.75
27539,-0.25
27540,-0.75
27541,-0.75
27542,0.25
27543,-0.25
27544,1.25
27545,-5.25
27546,0.75
27547,20.5
27548,-0.25
27549,8.75
27550,0.75
27551,10.75
27552,-0.25
27553,0.75
27554,-0.75
27555,-0.75
27556,-0.25
27557,0.75
27558,0.75
27559,5.75
27560,5.75
27561,13.25
27562,-0.25
27563,3.25
27564,-0.75
27565,7.25
27566,-0.75
27567,2.75
27568,-0.25
27569,21.25
27570,0.75
27571,23.25
27572,2.75
27573,-0.25
27574,-0.25
27575,0.75
27576,1.25
27577,-6.25
27578,-0.75
27579,0.75
27580,0.75
27581,0.75
27582,2.25
27583,2.25
27584,-0.75
27585,-4.25
27586,-1.75
27587,1.75
27588,2.75
27589,3.75
27590,-4.25
27591,2.25
27592,2.75
27593,-0.25
27594,-2.75
27595,0.75
27596,8.75
27597,1.25
27598,0.25
27599,-0.25
27600,6.25
27601,1.75
27602,-8.75
27603,-1.25
27604,3.25
27605,1.75
27606,-0.75
27607,-0.75
27608,0.25
27609,-3.75
27610,0.75
27611,3.25
27612,-0.75
27613,2.75
27614,2.75
27615,-0.25
27616,-5.25
27617,0.25
27618,1.25
27619,1.75
27620,-10.25
27621,-2.25
27622,1.25
27623,21.75
27624,0.25
27625,15.0
27626,-0.75
27627,-0.75
27628,10.5
27629,3.25
27630,-0.75
27631,-0.25
27632,0.75
27633,1.25
27634,-0.75
27635,3.25
27636,1.75
27637,-0.75
27638,-0.75
27639,-2.25
27640,0.75
27641,0.75
27642,2.25
27643,18.75
27644,-0.25
27645,3.25
27646,-0.75
27647,-3.25
27648,5.25
27649,-0.75
27650,12.0
27651,-0.25
27652,-2.25
27653,1.75
27654,0.75
27655,0.25
27656,2.25
27657,1.75
27658,-0.75
27659,0.25
27660,-4.75
27661,26.5
27662,0.75
27663,2.75
27664,7.0
27665,0.75
27666,11.25
27667,2.75
27668,2.25
27669,0.75
27670,-0.25
27671,-0.75
27672,2.25
27673,-0.25
27674,-7.25
27675,9.25
27676,0.75
27677,-0.25
27678,3.25
27679,1.75
27680,-0.25
27681,0.75
27682,0.75
27683,-0.75
27684,0.75
27685,23.0
27686,-0.25
27687,-0.25
27688,-0.75
27689,-5.25
27690,-0.75
27691,1.25
27692,0.25
27693,0.75
27694,15.5
27695,1.25
27696,1.25
27697,-0.75
27698,-1.25
27699,0.75
27700,0.25
27701,0.75
27702,0.25
27703,2.25
27704,2.75
27705,-0.25
27706,2.25
27707,-0.75
27708,-0.25
27709,-0.25
27710,0.25
27711,-0.75
27712,15.5
27713,11.25
27714,6.75
27715,0.75
27716,1.25
27717,-0.25
27718,-2.25
27719,-0.25
27720,-0.25
27721,1.75
27722,-0.25
27723,13.25
27724,-2.25
27725,-0.75
27726,-0.25
27727,0.25
27728,0.75
27729,1.25
27730,-2.25
27731,-0.75
27732,-0.25
27733,1.75
27734,13.25
27735,-2.25
27736,0.75
27737,2.75
27738,8.25
27739,20.25
27740,1.25
27741,0.75
27742,-0.25
27743,-0.75
27744,-0.75
27745,-1.25
27746,0.75
27747,0.75
27748,-0.25
27749,2.25
27750,-0.25
27751,2.25
27752,1.25
27753,1.25
27754,-0.75
27755,5.25
27756,0.75
27757,-0.75
27758,-0.75
27759,-5.75
27760,-0.75
27761,4.75
27762,-0.25
27763,0.25
27764,1.75
27765,22.5
27766,-0.25
27767,0.75
27768,21.5
27769,-11.75
27770,1.75
27771,-0.25
27772,-2.25
27773,9.75
27774,2.75
27775,-6.25
27776,0.75
27777,-4.75
27778,-0.25
27779,0.75
27780,-0.75
27781,0.75
27782,13.5
27783,4.25
27784,3.75
27785,11.0
27786,1.75
27787,3.25
27788,0.25
27789,-2.25
27790,1.75
27791,0.75
27792,9.75
27793,4.75
27794,1.25
27795,16.5
27796,-0.25
27797,9.25
27798,-0.75
27799,-11.25
27800,3.25
27801,-2.25
27802,1.75
27803,0.75
27804,14.0
27805,0.25
27806,-0.75
27807,12.25
27808,-0.25
27809,1.25
27810,0.75
27811,0.25
27812,-2.25
27813,0.75
27814,3.75
27815,-0.25
27816,0.75
27817,-0.25
27818,1.25
27819,-0.25
27820,0.75
27821,22.75
27822,-0.25
27823,0.75
27824,10.75
27825,17.0
27826,2.25
27827,4.25
27828,-0.75
27829,-0.25
27830,0.25
27831,5.75
27832,0.75
27833,0.75
27834,3.25
27835,-0.75
27836,30.75
27837,0.75
27838,-0.25
27839,1.75
27840,0.25
27841,20.5
27842,12.25
27843,0.25
27844,-0.75
27845,-4.25
27846,-1.25
27847,1.75
27848,0.25
27849,-2.25
27850,1.75
27851,-0.25
27852,-6.25
27853,3.75
27854,-0.25
27855,-0.75
27856,1.75
27857,-0.25
27858,3.75
27859,-5.25
27860,-2.25
27861,-0.25
27862,-1.25
27863,26.0
27864,-0.75
27865,0.25
27866,-0.75
27867,-9.25
27868,10.25
27869,5.25
27870,-0.25
27871,1.75
27872,-0.25
27873,1.25
27874,-6.75
27875,1.25
27876,-14.25
27877,13.25
27878,1.5
27879,-0.25
27880,2.75
27881,-3.75
27882,0.25
27883,-2.75
27884,15.25
27885,27.25
27886,1.25
27887,0.25
27888,0.75
27889,-0.25
27890,-0.25
27891,-0.75
27892,1.25
27893,-0.25
27894,20.0
27895,2.25
27896,-0.75
27897,-10.75
27898,-5.75
27899,-0.75
27900,0.25
27901,7.25
27902,1.75
27903,-0.75
27904,2.75
27905,1.25
27906,2.25
27907,2.25
27908,5.75
27909,2.75
27910,4.75
27911,5.25
27912,-0.25
27913,-0.75
27914,0.75
27915,21.5
27916,11.25
27917,1.75
27918,26.0
27919,-2.25
27920,-8.25
27921,8.75
27922,-0.75
27923,2.25
27924,3.25
27925,0.75
27926,5.75
27927,-5.75
27928,-0.75
27929,12.0
27930,-0.75
27931,-0.25
27932,0.75
27933,-0.25
27934,-0.75
27935,-2.25
27936,1.75
27937,14.25
27938,0.25
27939,2.25
27940,-0.75
27941,-0.75
27942,-0.25
27943,-0.25
27944,0.25
27945,0.75
27946,3.75
27947,-0.75
27948,12.0
27949,-0.25
27950,2.25
27951,0.75
27952,-2.25
27953,-2.75
27954,-0.25
27955,-10.75
27956,14.0
27957,1.75
27958,9.25
27959,1.75
27960,-0.25
27961,1.75
27962,-0.25
27963,3.75
27964,-0.75
27965,0.75
27966,-1.25
27967,-0.75
27968,1.25
27969,-0.75
27970,-0.25
27971,0.75
27972,-0.75
27973,-0.25
27974,-0.75
27975,2.25
27976,-0.75
27977,-0.25
27978,9.75
27979,0.75
27980,-0.75
27981,-0.75
27982,-0.75
27983,-0.25
27984,1.25
27985,0.75
27986,2.75
27987,-1.25
27988,0.75
27989,0.75
27990,12.75
27991,-14.25
27992,-9.25
27993,0.75
27994,-0.75
27995,19.0
27996,-0.25
27997,4.25
27998,-0.75
27999,2.75
28000,-0.25
28001,2.25
28002,1.25
28003,-0.25
28004,0.75
28005,1.75
28006,0.75
28007,-0.25
28008,3.75
28009,-0.25
28010,-0.75
28011,0.75
28012,-0.75
28013,2.75
28014,-0.25
28015,0.75
28016,6.75
28017,-0.75
28018,-1.25
28019,-0.25
28020,-9.25
28021,0.75
28022,3.25
28023,-0.25
28024,2.25
28025,3.25
28026,-0.25
28027,-0.25
28028,1.25
28029,2.75
28030,-0.75
28031,0.75
28032,-1.25
28033,0.75
28034,0.75
28035,1.75
28036,-0.75
28037,-27.25
28038,-1.25
28039,1.75
28040,9.75
28041,-0.75
28042,-0.75
28043,-0.25
28044,0.75
28045,-0.25
28046,-0.75
28047,2.75
28048,-0.25
28049,-0.25
28050,1.25
28051,0.75
28052,-0.75
28053,0.75
28054,-1.25
28055,-0.75
28056,1.25
28057,-1.75
28058,0.25
28059,-0.25
28060,-0.25
28061,-0.75
28062,0.75
28063,1.75
28064,0.25
28065,-0.25
28066,1.75
28067,1.75
28068,0.75
28069,1.75
28070,-0.25
28071,-0.25
28072,2.75
28073,-0.25
28074,-2.25
28075,13.75
28076,-0.25
28077,-0.75
28078,0.75
28079,-0.75
28080,-2.25
28081,-0.75
28082,4.75
28083,0.75
28084,0.75
28085,1.75
28086,0.75
28087,6.75
28088,-0.75
28089,2.25
28090,0.75
28091,0.75
28092,0.75
28093,-0.75
28094,0.75
28095,-0.75
28096,-0.75
28097,-1.25
28098,12.25
28099,-0.25
28100,-0.25
28101,-0.75
28102,2.75
28103,1.75
28104,6.75
28105,-0.25
28106,0.25
28107,-0.75
28108,3.75
28109,0.75
28110,-0.25
28111,0.75
28112,0.75
28113,-0.25
28114,-0.25
28115,0.75
28116,-0.25
28117,0.75
28118,0.75
28119,-0.25
28120,-0.25
28121,-0.25
28122,-1.75
28123,21.5
28124,0.75
28125,-0.25
28126,1.75
28127,-0.25
28128,6.25
28129,0.75
28130,-0.25
28131,8.75
28132,0.75
28133,11.25
28134,2.75
28135,0.75
28136,-0.25
28137,-0.25
28138,2.25
28139,-0.75
28140,0.75
28141,-0.75
28142,-0.75
28143,6.25
28144,2.25
28145,-0.75
28146,1.75
28147,0.75
28148,0.75
28149,3.25
28150,1.25
28151,-0.25
28152,0.25
28153,-0.75
28154,0.75
28155,-0.25
28156,-15.75
28157,2.25
28158,1.25
28159,-0.25
28160,1.25
28161,0.75
28162,-2.75
28163,-1.25
28164,1.75
28165,8.75
28166,6.25
28167,1.75
28168,-0.25
28169,-0.25
28170,2.75
28171,0.25
28172,0.75
28173,21.5
28174,1.25
28175,-0.75
28176,-0.75
28177,-0.25
28178,2.25
28179,-0.25
28180,-4.25
28181,-0.75
28182,0.75
28183,1.25
28184,-0.25
28185,8.75
28186,1.25
28187,0.75
28188,1.25
28189,0.25
28190,1.25
28191,0.75
28192,0.75
28193,-1.25
28194,-2.25
28195,2.75
28196,2.75
28197,-0.75
28198,0.75
28199,-0.25
28200,1.25
28201,3.25
28202,0.75
28203,0.75
28204,1.25
28205,-0.25
28206,1.75
28207,8.75
28208,-0.75
28209,2.25
28210,0.75
28211,1.25
28212,-1.25
28213,1.75
28214,-0.75
28215,-0.25
28216,5.25
28217,-0.75
28218,-0.25
28219,-0.75
28220,1.25
28221,3.75
28222,1.75
28223,2.75
28224,-0.25
28225,15.25
28226,-1.25
28227,0.25
28228,-4.25
28229,-0.25
28230,0.75
28231,0.75
28232,-0.25
28233,0.75
28234,-0.75
28235,-0.25
28236,0.75
28237,-0.75
28238,-0.75
28239,0.75
28240,-2.25
28241,-1.25
28242,0.75
28243,0.75
28244,-0.75
28245,0.75
28246,-0.75
28247,-1.75
28248,0.75
28249,-0.25
28250,-8.75
28251,-0.25
28252,0.75
28253,10.25
28254,-2.25
28255,0.75
28256,-0.75
28257,2.25
28258,2.75
28259,0.75
28260,3.25
28261,-0.75
28262,0.75
28263,-0.25
28264,0.25
28265,-0.25
28266,0.75
28267,1.75
28268,-0.75
28269,1.25
28270,3.75
28271,-0.25
28272,0.75
28273,14.0
28274,-0.25
28275,3.75
28276,-0.75
28277,-0.25
28278,-1.25
28279,0.75
28280,0.75
28281,2.25
28282,-0.25
28283,-0.75
28284,0.75
28285,4.25
28286,-0.75
28287,0.25
28288,-1.25
28289,-1.75
28290,-0.25
28291,-0.25
28292,0.25
28293,-0.75
28294,8.75
28295,-0.25
28296,3.75
28297,2.75
28298,2.25
28299,-0.25
28300,4.25
28301,3.75
28302,-0.25
28303,-0.25
28304,1.75
28305,1.75
28306,1.25
28307,-0.25
28308,1.25
28309,-0.25
28310,-0.75
28311,0.75
28312,-0.75
28313,-0.75
28314,-0.25
28315,1.25
28316,1.75
28317,0.75
28318,0.25
28319,0.25
28320,-4.25
28321,6.25
28322,1.25
28323,6.75
28324,-0.25
28325,11.0
28326,0.75
28327,-0.75
28328,-0.25
28329,20.25
28330,0.25
28331,-9.25
28332,0.25
28333,-0.75
28334,4.25
28335,-0.75
28336,-0.75
28337,0.75
28338,0.25
28339,10.25
28340,0.75
28341,-0.75
28342,11.75
28343,-1.25
28344,2.25
28345,0.75
28346,1.25
28347,-0.75
28348,1.75
28349,0.25
28350,-0.75
28351,-2.25
28352,2.75
28353,-0.75
28354,0.75
28355,0.75
28356,1.25
28357,0.25
28358,1.75
28359,-1.25
28360,0.25
28361,-0.75
28362,0.75
28363,-0.25
28364,0.75
28365,-0.75
28366,0.75
28367,1.25
28368,3.25
28369,2.25
28370,0.75
28371,-0.75
28372,0.25
28373,8.25
28374,2.75
28375,-0.25
28376,-0.25
28377,0.75
28378,-1.25
28379,-0.75
28380,-0.25
28381,5.75
28382,-7.25
28383,0.75
28384,-0.75
28385,3.75
28386,-2.25
28387,0.75
28388,-0.75
28389,-7.25
28390,-0.75
28391,1.75
28392,20.5
28393,3.75
28394,0.25
28395,-0.25
28396,0.75
28397,-0.75
28398,2.25
28399,-0.75
28400,0.75
28401,-3.25
28402,-0.75
28403,-0.25
28404,-0.75
28405,-0.75
28406,-2.25
28407,-0.25
28408,0.75
28409,-0.75
28410,2.25
28411,3.75
28412,6.75
28413,-0.75
28414,0.75
28415,3.75
28416,0.75
28417,-0.25
28418,-4.25
28419,0.75
28420,-3.25
28421,0.75
28422,-4.25
28423,-0.25
28424,1.75
28425,0.25
28426,-0.75
28427,0.75
28428,3.75
28429,-0.75
28430,1.25
28431,-0.25
28432,1.75
28433,-1.25
28434,0.75
28435,0.75
28436,-3.75
28437,-0.25
28438,0.75
28439,-0.25
28440,3.25
28441,-0.75
28442,-0.25
28443,0.75
28444,1.75
28445,1.25
28446,-0.25
28447,-0.25
28448,0.25
28449,-0.25
28450,0.75
28451,1.75
28452,2.25
28453,-2.25
28454,0.75
28455,0.75
28456,-0.25
28457,-0.25
28458,-11.25
28459,9.75
28460,3.25
28461,-0.25
28462,-0.25
28463,0.75
28464,1.25
28465,0.75
28466,11.25
28467,-0.25
28468,0.25
28469,-0.25
28470,-0.75
28471,1.25
28472,0.75
28473,-2.25
28474,-0.75
28475,0.25
28476,0.25
28477,-0.75
28478,2.25
28479,0.25
28480,-13.75
28481,-0.75
28482,8.25
28483,-0.75
28484,0.25
28485,0.75
28486,-0.25
28487,0.75
28488,0.25
28489,-0.25
28490,0.75
28491,4.25
28492,2.75
28493,-0.75
28494,-0.25
28495,-2.25
28496,0.75
28497,-0.25
28498,0.25
28499,-0.25
28500,1.75
28501,-0.75
28502,13.25
28503,-0.25
28504,0.25
28505,0.75
28506,8.75
28507,0.25
28508,-0.25
28509,1.25
28510,0.25
28511,-1.25
28512,-0.25
28513,-0.25
28514,1.25
28515,-0.75
28516,0.75
28517,0.75
28518,-0.25
28519,-0.25
28520,0.75
28521,3.25
28522,-2.25
28523,-0.75
28524,0.75
28525,0.75
28526,0.75
28527,3.75
28528,0.75
28529,0.75
28530,0.25
28531,-0.25
28532,2.25
28533,1.75
28534,0.75
28535,-0.75
28536,-0.75
28537,0.75
28538,-0.25
28539,0.75
28540,2.25
28541,-0.75
28542,-0.75
28543,3.25
28544,0.75
28545,-0.75
28546,-1.25
28547,0.75
28548,0.25
28549,-0.75
28550,1.25
28551,1.25
28552,-0.25
28553,0.75
28554,9.25
28555,-0.75
28556,12.75
28557,-0.75
28558,-0.25
28559,-0.75
28560,-0.75
28561,0.75
28562,2.25
28563,0.75
28564,-0.75
28565,-0.25
28566,-0.25
28567,0.25
28568,-0.75
28569,-0.75
28570,4.25
28571,3.75
28572,2.25
28573,0.75
28574,-0.75
28575,-0.25
28576,-0.75
28577,0.25
28578,-0.75
28579,-0.25
28580,-0.25
28581,1.25
28582,-1.25
28583,-0.25
28584,0.75
28585,6.25
28586,-0.75
28587,3.75
28588,-0.75
28589,1.75
28590,1.25
28591,0.75
28592,-0.75
28593,-0.25
28594,-0.75
28595,0.25
28596,12.25
28597,-0.25
28598,-5.25
28599,-0.75
28600,0.75
28601,-0.25
28602,0.25
28603,-0.25
28604,-2.75
28605,1.75
28606,-0.25
28607,-0.75
28608,4.25
28609,1.25
28610,-0.25
28611,1.25
28612,3.75
28613,1.25
28614,0.25
28615,-0.25
28616,-0.25
28617,0.75
28618,1.25
28619,10.25
28620,0.75
28621,0.75
28622,0.75
28623,1.25
28624,8.75
28625,4.75
28626,-2.75
28627,0.75
28628,-2.25
28629,5.75
28630,-0.25
28631,-12.25
28632,0.75
28633,0.25
28634,1.25
28635,0.75
28636,-0.75
28637,-0.25
28638,-0.25
28639,0.25
28640,-1.25
28641,-1.75
28642,0.75
28643,-0.75
28644,-0.75
28645,9.25
28646,5.25
28647,0.75
28648,0.75
28649,-0.75
28650,-1.25
28651,14.25
28652,3.75
28653,0.75
28654,1.25
28655,-0.25
28656,0.75
28657,-0.75
28658,0.25
28659,1.25
28660,-0.25
28661,-0.25
28662,-2.75
28663,0.75
28664,5.75
28665,-0.75
28666,4.25
28667,7.25
28668,8.75
28669,2.25
28670,-0.25
28671,-0.25
28672,-0.25
28673,3.25
28674,-1.25
28675,-1.25
28676,0.25
28677,13.25
28678,0.75
28679,-0.25
28680,1.75
28681,-6.75
28682,0.25
28683,0.75
28684,0.25
28685,-4.25
28686,4.75
28687,-0.75
28688,-0.75
28689,0.75
28690,-0.25
28691,-0.25
28692,-2.25
28693,-4.25
28694,0.25
28695,-0.25
28696,-0.25
28697,0.75
28698,-1.25
28699,3.25
28700,-1.25
28701,3.25
28702,14.75
28703,-0.25
28704,0.75
28705,1.25
28706,0.75
28707,0.25
28708,19.25
28709,0.75
28710,0.25
28711,0.25
28712,2.75
28713,1.25
28714,0.75
28715,0.75
28716,-0.25
28717,-0.25
28718,1.25
28719,-0.75
28720,0.75
28721,-0.75
28722,0.25
28723,0.75
28724,0.25
28725,-0.75
28726,17.25
28727,-0.25
28728,0.25
28729,-0.75
28730,2.25
28731,0.75
28732,-0.25
28733,0.25
28734,-0.25
28735,-1.75
28736,-1.25
28737,-0.25
28738,-0.75
28739,1.75
28740,-0.25
28741,2.25
28742,-0.75
28743,-0.75
28744,3.25
28745,-1.75
28746,2.25
28747,-9.75
28748,-0.75
28749,0.75
28750,1.25
28751,9.25
28752,-2.25
28753,0.25
28754,-0.75
28755,-0.75
28756,0.75
28757,-0.75
28758,0.75
28759,1.25
28760,1.25
28761,1.25
28762,-1.25
28763,0.75
28764,0.75
28765,0.75
28766,-0.75
28767,-0.75
28768,0.25
28769,20.75
28770,-0.75
28771,0.75
28772,-0.75
28773,-0.25
28774,0.25
28775,-1.25
28776,-3.25
28777,0.25
28778,2.25
28779,0.75
28780,-0.25
28781,0.75
28782,-0.75
28783,-0.25
28784,2.25
28785,-0.75
28786,-0.25
28787,1.25
28788,0.75
28789,-0.75
28790,-0.75
28791,0.75
28792,-1.75
28793,2.75
28794,11.75
28795,4.75
28796,-0.25
28797,0.25
28798,0.75
28799,0.75
28800,-0.25
28801,1.75
28802,0.75
28803,-0.75
28804,0.25
28805,1.75
28806,-1.25
28807,-0.25
28808,6.75
28809,1.25
28810,-2.25
28811,1.75
28812,-0.25
28813,1.25
28814,-0.25
28815,1.75
28816,-0.75
28817,-1.75
28818,1.25
28819,-0.75
28820,4.25
28821,-0.75
28822,0.75
28823,-0.25
28824,17.0
28825,1.25
28826,-0.75
28827,12.25
28828,13.75
28829,-0.75
28830,-2.75
28831,0.25
28832,0.75
28833,-0.25
28834,0.75
28835,-0.25
28836,-0.25
28837,0.75
28838,0.75
28839,0.75
28840,-2.25
28841,0.25
28842,6.25
28843,9.75
28844,0.75
28845,0.75
28846,0.75
28847,2.75
28848,2.75
28849,0.75
28850,-2.75
28851,0.75
28852,-1.75
28853,1.25
28854,-0.75
28855,-0.75
28856,0.25
28857,0.75
28858,0.75
28859,-0.75
28860,2.25
28861,-4.75
28862,-0.75
28863,0.25
28864,-3.25
28865,0.75
28866,0.75
28867,-2.25
28868,-0.75
28869,-0.25
28870,2.25
28871,-0.25
28872,2.25
28873,0.75
28874,-0.75
28875,-1.25
28876,-0.75
28877,0.75
28878,0.75
28879,-0.75
28880,-2.25
28881,-0.75
28882,5.75
28883,-0.25
28884,-0.25
28885,-0.25
28886,-0.25
28887,-0.75
28888,-0.75
28889,-0.25
28890,0.75
28891,7.75
28892,-0.75
28893,-0.75
28894,0.75
28895,2.25
28896,-0.75
28897,-0.75
28898,1.75
28899,-0.75
28900,-5.75
28901,0.75
28902,0.75
28903,-0.25
28904,-1.25
28905,17.75
28906,-0.25
28907,-6.25
28908,-9.75
28909,0.25
28910,16.25
28911,-0.25
28912,-0.25
28913,0.75
28914,0.75
28915,-1.25
28916,13.5
28917,1.25
28918,0.75
28919,0.25
28920,-0.25
28921,21.75
28922,-2.75
28923,-0.25
28924,1.25
28925,-0.75
28926,-6.75
28927,0.75
28928,1.75
28929,2.25
28930,0.75
28931,-0.25
28932,-0.25
28933,0.75
28934,0.75
28935,-4.75
28936,0.75
28937,-0.75
28938,-0.75
28939,12.5
28940,0.75
28941,2.75
28942,-3.25
28943,0.75
28944,1.75
28945,7.25
28946,0.75
28947,-0.25
28948,14.25
28949,-0.75
28950,19.0
28951,3.75
28952,-0.25
28953,-0.75
28954,-0.75
28955,14.5
28956,1.25
28957,3.75
28958,7.75
28959,4.25
28960,-0.25
28961,1.75
28962,0.75
28963,-0.25
28964,-0.25
28965,14.25
28966,0.75
28967,0.75
28968,0.75
28969,0.75
28970,3.25
28971,0.75
28972,-0.75
28973,0.75
28974,-0.75
28975,-1.25
28976,0.75
28977,0.75
28978,0.75
28979,-0.75
28980,-0.25
28981,-0.25
28982,0.75
28983,3.25
28984,-0.75
28985,3.75
28986,2.75
28987,-0.25
28988,-0.25
28989,-7.75
28990,-3.25
28991,0.75
28992,2.25
28993,-0.25
28994,1.75
28995,0.75
28996,-0.25
28997,0.75
28998,0.25
28999,2.75
29000,25.0
29001,11.5
29002,-13.75
29003,-1.25
29004,-0.25
29005,-2.75
29006,3.75
29007,-0.25
29008,-0.25
29009,6.75
29010,-0.25
29011,-0.25
29012,-0.75
29013,0.25
29014,1.75
29015,0.75
29016,-3.25
29017,0.25
29018,-0.75
29019,-0.75
29020,0.75
29021,-0.25
29022,0.75
29023,1.75
29024,0.25
29025,-1.75
29026,9.25
29027,1.25
29028,3.25
29029,-0.25
29030,-0.25
29031,4.75
29032,-0.75
29033,-0.25
29034,-0.25
29035,-3.25
29036,0.25
29037,-0.75
29038,4.25
29039,7.25
29040,-0.25
29041,0.75
29042,0.75
29043,-0.75
29044,-0.75
29045,-0.75
29046,-0.75
29047,2.25
29048,-0.25
29049,-8.25
29050,-0.75
29051,2.25
29052,0.25
29053,5.25
29054,-5.25
29055,4.75
29056,-0.75
29057,0.25
29058,4.75
29059,-0.25
29060,-8.25
29061,-0.75
29062,-7.25
29063,-6.25
29064,-0.25
29065,-0.25
29066,-8.75
29067,-0.25
29068,-3.25
29069,-0.25
29070,-0.25
29071,1.75
29072,0.75
29073,-0.25
29074,10.25
29075,1.75
29076,3.75
29077,1.75
29078,3.25
29079,0.25
29080,-0.75
29081,-0.75
29082,-0.25
29083,3.25
29084,-0.75
29085,0.75
29086,0.25
29087,2.75
29088,-0.25
29089,-0.25
29090,0.25
29091,0.25
29092,1.25
29093,0.75
29094,-1.75
29095,1.25
29096,-0.25
29097,0.75
29098,-0.25
29099,-6.25
29100,-1.25
29101,-0.75
29102,-2.25
29103,0.75
29104,0.25
29105,-0.25
29106,0.75
29107,-0.25
29108,2.25
29109,0.25
29110,0.75
29111,-1.75
29112,0.75
29113,3.25
29114,1.25
29115,0.25
29116,-0.25
29117,-3.25
29118,20.75
29119,-0.25
29120,-0.75
29121,0.25
29122,5.25
29123,13.0
29124,0.75
29125,-0.75
29126,1.75
29127,0.75
29128,0.25
29129,3.75
29130,6.25
29131,-0.25
29132,0.75
29133,2.75
29134,0.75
29135,0.75
29136,1.25
29137,-0.75
29138,-0.25
29139,-0.25
29140,0.75
29141,0.25
29142,0.75
29143,-6.75
29144,-1.75
29145,-0.25
29146,-0.75
29147,-1.25
29148,0.75
29149,-2.25
29150,6.75
29151,9.75
29152,0.75
29153,3.75
29154,13.75
29155,-0.25
29156,6.25
29157,1.25
29158,0.75
29159,0.75
29160,-0.75
29161,1.75
29162,0.75
29163,0.25
29164,3.75
29165,19.75
29166,-2.25
29167,-0.25
29168,0.75
29169,2.75
29170,0.75
29171,-0.75
29172,1.25
29173,-0.25
29174,0.25
29175,-0.25
29176,6.75
29177,21.5
29178,-3.25
29179,-0.75
29180,0.75
29181,-0.25
29182,1.75
29183,11.75
29184,-0.25
29185,1.75
29186,1.25
29187,1.25
29188,-0.25
29189,0.25
29190,-2.25
29191,2.75
29192,13.5
29193,-0.75
29194,-0.25
29195,0.25
29196,1.25
29197,20.5
29198,-0.25
29199,-0.25
29200,-1.25
29201,17.5
29202,18.5
29203,0.75
29204,6.25
29205,-0.75
29206,1.75
29207,-6.25
29208,-1.75
29209,1.75
29210,-0.25
29211,7.75
29212,1.25
29213,-1.75
29214,0.75
29215,-0.25
29216,-0.75
29217,0.75
29218,-0.25
29219,-0.75
29220,-0.75
29221,1.25
29222,0.75
29223,2.25
29224,-0.75
29225,-1.25
29226,12.0
29227,0.25
29228,0.25
29229,0.25
29230,-0.75
29231,-2.25
29232,-0.75
29233,15.0
29234,-0.75
29235,-0.25
29236,4.25
29237,-8.75
29238,16.25
29239,1.75
29240,-0.75
29241,-0.25
29242,0.75
29243,2.75
29244,5.75
29245,6.75
29246,-0.75
29247,-0.25
29248,0.25
29249,-0.75
29250,-1.25
29251,-1.75
29252,0.25
29253,1.75
29254,0.75
29255,0.25
29256,11.0
29257,-1.25
29258,1.75
29259,-0.75
29260,-0.25
29261,1.25
29262,-2.25
29263,-0.75
29264,11.75
29265,2.25
29266,-6.25
29267,3.25
29268,-1.25
29269,-2.75
29270,2.75
29271,1.25
29272,1.75
29273,0.75
29274,0.75
29275,-13.25
29276,2.25
29277,4.25
29278,1.75
29279,2.25
29280,-0.75
29281,3.25
29282,-2.25
29283,0.25
29284,0.75
29285,-0.25
29286,2.25
29287,-12.25
29288,-0.75
29289,2.25
29290,-0.25
29291,18.75
29292,-0.25
29293,2.25
29294,1.75
29295,2.75
29296,1.75
29297,1.25
29298,-0.75
29299,10.75
29300,-0.75
29301,-0.25
29302,-0.25
29303,3.75
29304,2.75
29305,-0.25
29306,3.25
29307,9.25
29308,-0.25
29309,-0.75
29310,0.75
29311,-0.25
29312,-0.25
29313,0.25
29314,0.75
29315,-0.75
29316,-1.75
29317,-12.75
29318,-0.25
29319,2.75
29320,3.75
29321,0.25
29322,-0.25
29323,-0.25
29324,1.25
29325,3.25
29326,-0.75
29327,-0.75
29328,1.75
29329,3.75
29330,4.25
29331,-0.25
29332,0.75
29333,-1.75
29334,-2.75
29335,-0.25
29336,-0.75
29337,2.75
29338,-0.75
29339,0.75
29340,0.25
29341,-1.25
29342,-0.75
29343,2.75
29344,0.75
29345,4.25
29346,1.25
29347,0.25
29348,8.0
29349,10.75
29350,-0.25
29351,0.75
29352,-0.25
29353,1.75
29354,0.75
29355,0.75
29356,0.75
29357,3.75
29358,-4.25
29359,-0.75
29360,1.75
29361,1.25
29362,-8.25
29363,1.75
29364,-1.25
29365,0.75
29366,-0.25
29367,9.25
29368,-0.75
29369,0.75
29370,-2.25
29371,17.5
29372,0.75
29373,4.25
29374,0.75
29375,0.75
29376,-4.25
29377,-0.75
29378,0.25
29379,3.75
29380,4.75
29381,0.75
29382,0.75
29383,7.25
29384,3.75
29385,2.75
29386,2.75
29387,0.75
29388,-4.25
29389,-4.25
29390,-0.75
29391,26.25
29392,0.25
29393,0.25
29394,0.75
29395,13.0
29396,1.75
29397,-0.25
29398,-0.25
29399,0.25
29400,0.75
29401,-0.75
29402,-0.25
29403,-0.75
29404,2.25
29405,16.75
29406,-0.75
29407,0.75
29408,0.75
29409,1.75
29410,3.75
29411,2.25
29412,1.75
29413,-0.25
29414,0.75
29415,16.5
29416,-3.25
29417,0.75
29418,-1.25
29419,-0.75
29420,1.75
29421,0.75
29422,0.75
29423,2.25
29424,2.75
29425,-0.25
29426,0.75
29427,-2.25
29428,-0.75
29429,-0.25
29430,-0.25
29431,-0.25
29432,15.75
29433,-0.75
29434,2.75
29435,1.25
29436,10.25
29437,3.25
29438,-4.75
29439,0.25
29440,-0.75
29441,1.75
29442,0.75
29443,3.25
29444,10.75
29445,1.75
29446,-0.75
29447,-0.75
29448,0.75
29449,-9.25
29450,-0.25
29451,-14.25
29452,-0.75
29453,0.75
29454,0.25
29455,-6.25
29456,0.25
29457,-0.75
29458,7.75
29459,0.75
29460,1.75
29461,20.5
29462,2.75
29463,3.75
29464,17.5
29465,0.75
29466,0.75
29467,0.75
29468,0.75
29469,-1.25
29470,0.25
29471,-0.25
29472,0.25
29473,-11.25
29474,4.75
29475,-0.75
29476,2.75
29477,10.25
29478,0.25
29479,0.25
29480,0.25
29481,-0.75
29482,2.75
29483,6.25
29484,-0.25
29485,1.75
29486,0.75
29487,0.75
29488,-0.25
29489,0.75
29490,-0.75
29491,-0.25
29492,3.25
29493,-0.25
29494,0.75
29495,-0.75
29496,-0.75
29497,0.75
29498,-0.25
29499,-19.75
29500,-0.25
29501,0.75
29502,-0.25
29503,-0.25
29504,0.75
29505,0.25
29506,0.75
29507,0.75
29508,0.25
29509,36.0
29510,0.75
29511,0.25
29512,0.75
29513,1.75
29514,0.75
29515,0.75
29516,0.75
29517,12.0
29518,0.75
29519,-0.25
29520,0.75
29521,0.75
29522,-0.25
29523,0.25
29524,2.75
29525,-0.25
29526,0.25
29527,3.75
29528,0.25
29529,-0.25
29530,4.75
29531,2.25
29532,0.75
29533,0.75
29534,0.25
29535,-0.25
29536,0.25
29537,-0.25
29538,0.75
29539,-2.75
29540,4.25
29541,0.75
29542,0.25
29543,-0.75
29544,0.75
29545,-0.25
29546,-0.75
29547,-0.75
29548,-0.75
29549,-1.25
29550,-0.75
29551,1.75
29552,-0.25
29553,4.25
29554,-0.75
29555,4.25
29556,-0.75
29557,0.75
29558,0.25
29559,0.75
29560,-0.25
29561,0.25
29562,4.75
29563,-0.25
29564,0.75
29565,4.25
29566,-0.25
29567,0.25
29568,-0.25
29569,0.75
29570,2.25
29571,-0.25
29572,-0.75
29573,-0.25
29574,-0.25
29575,0.75
29576,-0.75
29577,-0.75
29578,-0.75
29579,-0.75
29580,0.75
29581,0.75
29582,-0.25
29583,0.75
29584,0.75
29585,-0.75
29586,-0.75
29587,0.75
29588,0.75
29589,0.25
29590,0.75
29591,0.75
29592,1.75
29593,-0.25
29594,0.25
29595,0.75
29596,-0.25
29597,0.25
29598,-0.75
29599,-5.25
29600,3.75
29601,0.25
29602,-0.75
29603,0.75
29604,-2.25
29605,4.75
29606,7.75
29607,-0.75
29608,0.75
29609,1.25
29610,-0.75
29611,-0.75
29612,-0.25
29613,0.75
29614,0.75
29615,-0.25
29616,-0.75
29617,0.75
29618,2.25
29619,-0.75
29620,-0.25
29621,12.25
29622,0.25
29623,0.75
29624,-0.25
29625,-0.75
29626,-0.75
29627,-0.75
29628,-0.75
29629,9.25
29630,-0.25
29631,-0.75
29632,-0.25
29633,0.75
29634,0.25
29635,0.75
29636,-0.25
29637,0.25
29638,-0.25
29639,0.75
29640,-0.75
29641,0.25
29642,1.75
29643,0.75
29644,-0.75
29645,0.75
29646,0.75
29647,0.25
29648,-0.25
29649,-0.75
29650,-0.75
29651,4.25
29652,0.75
29653,0.75
29654,0.75
29655,0.75
29656,0.75
29657,-2.25
29658,0.75
29659,-0.25
29660,-0.25
29661,-0.25
29662,-0.75
29663,-0.75
29664,0.75
29665,-0.25
29666,0.25
29667,-0.75
29668,-0.25
29669,0.75
29670,-0.25
29671,-0.75
29672,-1.25
29673,2.25
29674,-2.25
29675,1.25
29676,0.75
29677,0.25
29678,1.25
29679,0.25
29680,0.25
29681,-10.75
29682,0.75
29683,2.25
29684,3.25
29685,-0.75
29686,-0.25
29687,-0.25
29688,0.75
29689,0.75
29690,-0.25
29691,0.25
29692,0.25
29693,-0.75
29694,0.75
29695,-0.25
29696,0.75
29697,0.25
29698,-0.75
29699,0.75
29700,-0.25
29701,11.25
29702,-0.75
29703,-0.75
29704,-0.25
29705,-0.75
29706,0.75
29707,-0.75
29708,-0.75
29709,0.75
29710,3.75
29711,3.25
29712,0.25
29713,-0.25
29714,-0.25
29715,-0.25
29716,-0.75
29717,-1.25
29718,-2.75
29719,0.75
29720,-0.25
29721,-0.75
29722,-0.25
29723,0.75
29724,-0.75
29725,0.75
29726,-0.75
29727,0.75
29728,0.75
29729,-0.25
29730,-0.75
29731,0.75
29732,8.75
29733,-1.25
29734,-0.75
29735,-0.75
29736,-0.25
29737,-0.75
29738,1.75
29739,0.75
29740,-0.25
29741,-0.25
29742,1.75
29743,-0.75
29744,-0.25
29745,0.75
29746,-0.75
29747,-0.25
29748,-0.75
29749,-0.25
29750,-0.75
29751,-0.75
29752,-0.75
29753,-0.75
29754,1.25
29755,0.75
29756,1.75
29757,0.75
29758,-6.25
29759,0.75
29760,-0.25
29761,1.25
29762,0.75
29763,1.75
29764,0.75
29765,-2.75
29766,-0.25
29767,2.75
29768,0.25
29769,0.75
29770,0.25
29771,5.75
29772,0.75
29773,-0.25
29774,0.75
29775,0.75
29776,2.25
29777,-0.25
29778,-2.25
29779,-0.25
29780,0.75
29781,0.25
29782,-0.75
29783,8.25
29784,-0.25
29785,-0.25
29786,-0.25
29787,3.25
29788,0.25
29789,1.75
29790,0.25
29791,0.25
29792,0.25
29793,-0.75
29794,-0.75
29795,-0.25
29796,0.75
29797,13.75
29798,-0.75
29799,3.75
29800,-0.25
29801,-0.75
29802,-0.25
29803,-0.25
29804,0.25
29805,0.75
29806,-0.25
29807,-0.75
29808,-0.75
29809,-0.25
29810,-1.25
29811,4.75
29812,0.75
29813,-0.25
29814,18.0
29815,0.25
29816,-0.75
29817,-0.75
29818,0.25
29819,3.25
29820,-0.75
29821,-0.25
29822,-0.25
29823,-0.25
29824,-0.75
29825,-0.75
29826,-0.75
29827,-0.75
29828,3.25
29829,-0.75
29830,4.25
29831,4.75
29832,4.75
29833,-0.25
29834,0.75
29835,1.75
29836,3.25
29837,-0.25
29838,-0.25
29839,0.75
29840,0.75
29841,0.75
29842,2.75
29843,2.75
29844,0.75
29845,0.75
29846,1.25
29847,2.75
29848,-0.25
29849,0.75
29850,-0.75
29851,-0.25
29852,6.75
29853,3.75
29854,1.75
29855,2.25
29856,0.25
29857,-0.25
29858,0.25
29859,-0.25
29860,-0.25
29861,-0.75
29862,0.75
29863,2.25
29864,2.75
29865,-0.25
29866,-0.25
29867,-0.25
29868,-0.25
29869,0.25
29870,1.75
29871,0.75
29872,1.25
29873,14.25
29874,-0.75
29875,-0.25
29876,-0.25
29877,0.75
29878,3.75
29879,0.75
29880,-0.25
29881,-0.75
29882,-0.75
29883,-0.75
29884,-0.25
29885,-3.25
29886,0.75
29887,1.25
29888,0.75
29889,-0.75
29890,-11.25
29891,-11.75
29892,-0.25
29893,-0.25
29894,7.25
29895,-0.25
29896,-0.75
29897,-1.25
29898,-0.75
29899,-0.75
29900,-0.75
29901,-0.25
29902,-0.75
29903,-0.75
29904,0.75
29905,2.25
29906,-0.75
29907,-0.75
29908,-0.25
29909,6.25
29910,1.25
29911,-0.25
29912,3.25
29913,-0.75
29914,0.25
29915,1.75
29916,3.25
29917,-0.75
29918,-2.25
29919,1.75
29920,-0.75
29921,-0.75
29922,0.75
29923,0.75
29924,0.75
29925,0.75
29926,-0.75
29927,-0.75
29928,-0.25
29929,9.25
29930,5.75
29931,-0.25
29932,-0.75
29933,2.25
29934,3.25
29935,1.25
29936,-0.25
29937,13.25
29938,-0.75
29939,-0.75
29940,0.75
29941,-0.25
29942,-0.75
29943,-0.25
29944,-0.25
29945,-0.25
29946,-2.75
29947,-0.75
29948,1.75
29949,2.75
29950,0.75
29951,-0.75
29952,-0.75
29953,0.25
29954,-1.25
29955,1.25
29956,-1.25
29957,0.75
29958,0.75
29959,0.75
29960,0.25
29961,0.75
29962,16.75
29963,-0.25
29964,0.75
29965,0.25
29966,-0.25
29967,-8.75
29968,2.75
29969,-0.25
29970,20.75
29971,0.75
29972,1.25
29973,1.75
29974,0.75
29975,-1.75
29976,-8.25
29977,0.75
29978,8.75
29979,17.0
29980,3.25
29981,1.75
29982,-0.25
29983,1.25
29984,0.75
29985,0.75
29986,-0.25
29987,0.75
29988,14.25
29989,-0.25
29990,-0.25
29991,-2.25
29992,0.75
29993,-5.25
29994,0.75
29995,0.75
29996,7.25
29997,-0.75
29998,-0.75
29999,1.25
30000,-9.75
30001,1.25
30002,-0.75
30003,0.75
30004,-0.25
30005,1.25
30006,2.25
30007,-0.75
30008,3.25
30009,-0.25
30010,13.5
30011,-0.25
30012,-0.75
30013,0.75
30014,-0.75
30015,-3.75
30016,4.75
30017,4.25
30018,0.25
30019,-0.75
30020,-4.25
30021,-0.75
30022,0.75
30023,0.25
30024,0.25
30025,0.75
30026,1.25
30027,0.75
30028,-0.75
30029,0.25
30030,-0.25
30031,-0.25
30032,-2.75
30033,0.75
30034,0.75
30035,1.25
30036,14.0
30037,3.25
30038,-1.25
30039,-0.75
30040,1.75
30041,10.25
30042,1.75
30043,-0.25
30044,0.75
30045,3.75
30046,-0.75
30047,1.75
30048,0.75
30049,2.25
30050,1.25
30051,-1.25
30052,-0.75
30053,0.75
30054,8.25
30055,3.25
30056,2.25
30057,-1.75
30058,-1.25
30059,0.75
30060,-1.25
30061,0.75
30062,8.75
30063,0.75
30064,14.0
30065,3.25
30066,-1.75
30067,2.25
30068,5.75
30069,-6.25
30070,1.25
30071,1.25
30072,2.25
30073,0.75
30074,1.75
30075,-1.25
30076,-0.25
30077,9.25
30078,0.25
30079,2.75
30080,1.25
30081,0.75
30082,0.75
30083,0.75
30084,3.25
30085,-2.75
30086,-0.25
30087,1.75
30088,0.25
30089,16.75
30090,0.25
30091,-0.75
30092,-0.25
30093,1.75
30094,-0.75
30095,-0.75
30096,-2.25
30097,-0.25
30098,-0.25
30099,6.25
30100,-2.25
30101,0.75
30102,-1.75
30103,-0.75
30104,0.75
30105,23.0
30106,0.75
30107,-0.25
30108,4.25
30109,0.75
30110,1.25
30111,1.25
30112,-2.25
30113,-0.25
30114,2.25
30115,0.75
30116,0.75
30117,-0.25
30118,8.25
30119,0.25
30120,0.25
30121,-10.25
30122,7.75
30123,2.25
30124,5.75
30125,1.25
30126,-0.25
30127,-0.25
30128,-1.25
30129,0.75
30130,-0.25
30131,-2.75
30132,-4.75
30133,-0.25
30134,-0.25
30135,6.25
30136,0.75
30137,3.75
30138,0.25
30139,1.75
30140,1.25
30141,3.75
30142,-0.25
30143,-0.75
30144,-1.25
30145,-0.25
30146,19.0
30147,-0.75
30148,4.25
30149,-4.25
30150,2.75
30151,18.5
30152,-0.25
30153,0.75
30154,0.75
30155,12.25
30156,-0.75
30157,0.75
30158,4.75
30159,-0.75
30160,1.25
30161,-0.75
30162,-1.25
30163,1.25
30164,3.25
30165,-0.25
30166,3.25
30167,3.25
30168,0.75
30169,-0.75
30170,23.5
30171,17.25
30172,-0.75
30173,1.75
30174,0.75
30175,-1.75
30176,-0.25
30177,0.75
30178,3.75
30179,-0.25
30180,0.75
30181,-0.75
30182,3.25
30183,-0.25
30184,0.75
30185,1.25
30186,0.75
30187,-1.75
30188,-0.75
30189,1.25
30190,-0.25
30191,0.75
30192,1.25
30193,0.25
30194,-0.75
30195,-1.25
30196,-3.25
30197,0.75
30198,-0.25
30199,-0.25
30200,1.25
30201,2.75
30202,1.25
30203,13.5
30204,0.75
30205,1.25
30206,-2.75
30207,18.0
30208,-0.75
30209,-0.75
30210,-0.75
30211,-0.75
30212,9.75
30213,2.25
30214,-4.75
30215,-0.25
30216,-0.25
30217,0.75
30218,5.25
30219,-3.75
30220,0.25
30221,10.25
30222,-2.25
30223,1.25
30224,3.75
30225,1.75
30226,2.75
30227,0.75
30228,8.25
30229,-0.75
30230,0.25
30231,0.75
30232,-0.25
30233,-0.75
30234,3.75
30235,-0.75
30236,1.75
30237,0.75
30238,0.25
30239,-6.25
30240,0.25
30241,3.75
30242,1.25
30243,-0.25
30244,2.25
30245,8.25
30246,9.75
30247,12.25
30248,-0.25
30249,1.75
30250,-0.25
30251,0.25
30252,1.25
30253,2.75
30254,-3.25
30255,-8.25
30256,-0.25
30257,7.0
30258,-0.75
30259,0.75
30260,1.75
30261,-1.75
30262,18.0
30263,16.5
30264,0.75
30265,-5.25
30266,-0.25
30267,19.0
30268,-0.75
30269,-0.75
30270,-2.25
30271,3.25
30272,3.25
30273,0.75
30274,1.25
30275,8.75
30276,1.25
30277,4.25
30278,2.75
30279,1.75
30280,7.25
30281,6.75
30282,-2.75
30283,-0.25
30284,6.25
30285,-0.25
30286,-16.25
30287,-1.25
30288,3.75
30289,-0.75
30290,-0.25
30291,1.25
30292,16.5
30293,-0.25
30294,-0.25
30295,0.25
30296,1.75
30297,2.25
30298,13.0
30299,31.0
30300,4.25
30301,1.75
30302,0.25
30303,1.75
30304,-0.75
30305,-0.75
30306,4.25
30307,2.75
30308,2.75
30309,1.25
30310,0.25
30311,11.75
30312,0.25
30313,1.25
30314,0.75
30315,-1.75
30316,-0.25
30317,-0.75
30318,13.25
30319,0.75
30320,-0.75
30321,2.75
30322,-16.75
30323,5.75
30324,-0.25
30325,0.75
30326,1.75
30327,1.25
30328,-0.75
30329,0.75
30330,1.75
30331,0.25
30332,2.25
30333,1.75
30334,0.75
30335,18.75
30336,0.75
30337,36.5
30338,0.75
30339,-6.25
30340,-4.25
30341,0.75
30342,0.75
30343,-0.75
30344,5.25
30345,0.75
30346,-0.25
30347,-2.25
30348,-0.25
30349,-0.25
30350,0.75
30351,-4.75
30352,7.75
30353,0.25
30354,8.25
30355,0.75
30356,0.75
30357,7.0
30358,0.75
30359,-0.25
30360,0.75
30361,-0.75
30362,-0.75
30363,-0.25
30364,-0.25
30365,0.75
30366,-0.25
30367,-0.25
30368,-0.25
30369,5.25
30370,-0.25
30371,-0.75
30372,-0.75
30373,0.75
30374,0.75
30375,0.25
30376,2.25
30377,-8.75
30378,-1.25
30379,-0.75
30380,0.75
30381,2.75
30382,15.5
30383,14.25
30384,-0.75
30385,-0.75
30386,-8.25
30387,-5.25
30388,-0.75
30389,1.25
30390,-1.75
30391,-0.75
30392,-0.25
30393,0.75
30394,-0.75
30395,-0.25
30396,0.75
30397,18.0
30398,0.75
30399,-0.25
30400,0.75
30401,-0.75
30402,1.75
30403,-0.25
30404,2.25
30405,-11.75
30406,0.25
30407,-0.25
30408,0.75
30409,-3.75
30410,0.75
30411,-0.25
30412,-0.75
30413,5.75
30414,5.75
30415,1.25
30416,-0.25
30417,-0.75
30418,-0.75
30419,16.75
30420,-0.75
30421,1.25
30422,-0.25
30423,1.75
30424,-1.25
30425,16.0
30426,0.75
30427,3.75
30428,0.25
30429,0.75
30430,-0.75
30431,0.75
30432,-2.25
30433,-0.25
30434,-0.75
30435,-0.25
30436,1.75
30437,0.25
30438,-0.75
30439,0.75
30440,-0.75
30441,-0.25
30442,-3.25
30443,6.75
30444,-0.25
30445,0.25
30446,-0.25
30447,-7.25
30448,3.25
30449,0.75
30450,-0.25
30451,1.75
30452,7.75
30453,-0.25
30454,10.25
30455,20.5
30456,2.25
30457,2.25
30458,32.0
30459,0.75
30460,2.75
30461,3.25
30462,0.75
30463,20.0
30464,-0.75
30465,3.25
30466,10.25
30467,-0.25
30468,1.75
30469,2.75
30470,-0.25
30471,0.75
30472,3.75
30473,0.75
30474,5.75
30475,-0.75
30476,0.75
30477,2.25
30478,0.75
30479,3.25
30480,0.75
30481,4.25
30482,1.75
30483,-0.25
30484,1.25
30485,-0.75
30486,2.25
30487,8.75
30488,0.25
30489,0.75
30490,0.75
30491,3.25
30492,11.25
30493,0.75
30494,-0.25
30495,15.25
30496,-1.25
30497,1.25
30498,10.25
30499,-1.25
30500,0.75
30501,1.75
30502,7.25
30503,2.25
30504,0.75
30505,-5.25
30506,0.75
30507,3.75
30508,5.75
30509,3.25
30510,19.0
30511,-2.25
30512,-0.25
30513,14.75
30514,15.25
30515,0.25
30516,0.75
30517,18.0
30518,7.25
30519,1.25
30520,-15.75
30521,10.75
30522,-1.25
30523,0.75
30524,1.75
30525,0.75
30526,13.75
30527,1.75
30528,-8.0
30529,8.75
30530,-0.25
30531,1.25
30532,-0.25
30533,-0.75
30534,-3.25
30535,0.75
30536,0.75
30537,0.75
30538,-0.25
30539,-0.75
30540,2.75
30541,-0.75
30542,1.25
30543,-0.75
30544,1.75
30545,16.0
30546,0.75
30547,0.75
30548,12.0
30549,-2.75
30550,22.5
30551,-0.25
30552,0.75
30553,0.25
30554,-0.75
30555,-0.25
30556,0.75
30557,8.25
30558,-5.25
30559,2.25
30560,0.75
30561,0.75
30562,-6.75
30563,2.25
30564,2.25
30565,0.75
30566,-0.75
30567,1.75
30568,15.5
30569,8.0
30570,23.0
30571,1.25
30572,1.25
30573,0.25
30574,17.75
30575,-0.75
30576,-0.25
30577,4.25
30578,-0.25
30579,-1.25
30580,0.75
30581,1.75
30582,16.0
30583,3.75
30584,-4.25
30585,2.25
30586,14.5
30587,-0.25
30588,0.75
30589,0.75
30590,0.25
30591,-5.25
30592,0.25
30593,-0.75
30594,-0.25
30595,1.75
30596,-11.25
30597,-0.25
30598,2.25
30599,1.75
30600,1.25
30601,-4.25
30602,-0.75
30603,1.75
30604,1.25
30605,0.75
30606,0.25
30607,12.5
30608,-1.25
30609,0.75
30610,-0.75
30611,-2.25
30612,13.25
30613,-0.75
30614,1.25
30615,-2.25
30616,-1.25
30617,0.75
30618,0.75
30619,11.75
30620,0.25
30621,0.75
30622,3.25
30623,-4.25
30624,-0.75
30625,-0.25
30626,-0.75
30627,2.75
30628,1.25
30629,-0.75
30630,-1.75
30631,3.25
30632,-1.25
30633,-2.75
30634,-0.25
30635,-5.25
30636,-0.25
30637,1.75
30638,23.0
30639,-6.25
30640,-8.25
30641,2.25
30642,1.75
30643,-0.75
30644,0.75
30645,0.75
30646,13.75
30647,-1.25
30648,-0.75
30649,18.75
30650,-3.25
30651,-2.25
30652,0.75
30653,-0.25
30654,-0.75
30655,13.25
30656,-0.75
30657,2.25
30658,0.25
30659,-0.75
30660,0.25
30661,0.25
30662,-0.25
30663,0.75
30664,-7.75
30665,0.75
30666,13.0
30667,-0.25
30668,-1.25
30669,-0.25
30670,2.75
30671,-0.25
30672,2.25
30673,0.25
30674,1.75
30675,-0.25
30676,-0.25
30677,-1.25
30678,-0.75
30679,-0.75
30680,-3.75
30681,15.5
30682,0.75
30683,-0.75
30684,-0.75
30685,-0.75
30686,-0.25
30687,4.75
30688,1.75
30689,13.25
30690,0.75
30691,0.75
30692,1.25
30693,0.75
30694,0.75
30695,-2.75
30696,16.5
30697,0.75
30698,-0.75
30699,0.75
30700,-0.25
30701,-0.25
30702,-0.25
30703,-13.25
30704,-23.25
30705,0.75
30706,-0.25
30707,0.25
30708,1.75
30709,-5.25
30710,0.75
30711,-0.25
30712,10.75
30713,-0.75
30714,0.75
30715,-0.25
30716,-0.25
30717,0.75
30718,1.25
30719,-2.25
30720,-0.25
30721,-3.25
30722,-12.25
30723,2.25
30724,-6.25
30725,-0.75
30726,13.75
30727,-1.25
30728,0.75
30729,-0.75
30730,-0.25
30731,0.25
30732,2.75
30733,0.75
30734,2.25
30735,0.25
30736,0.75
30737,-0.75
30738,-0.75
30739,-0.75
30740,-0.75
30741,-1.75
30742,-0.25
30743,3.75
30744,1.75
30745,-0.25
30746,1.75
30747,2.25
30748,1.75
30749,3.25
30750,5.25
30751,1.75
30752,0.75
30753,-0.25
30754,3.75
30755,-0.25
30756,-0.25
30757,-2.75
30758,0.25
30759,38.0
30760,0.25
30761,1.75
30762,0.75
30763,-0.75
30764,-0.75
30765,-0.25
30766,-0.25
30767,-0.25
30768,0.75
30769,-0.75
30770,14.75
30771,0.75
30772,-0.75
30773,12.25
30774,-0.75
30775,1.75
30776,3.25
30777,1.25
30778,1.75
30779,-0.25
30780,0.25
30781,0.25
30782,2.75
30783,0.75
30784,0.75
30785,-1.25
30786,3.25
30787,3.75
30788,1.75
30789,1.75
30790,-0.75
30791,3.25
30792,3.75
30793,-16.75
30794,-0.75
30795,1.25
30796,-0.25
30797,4.75
30798,-1.25
30799,0.75
30800,-11.75
30801,0.25
30802,2.25
30803,-0.75
30804,0.75
30805,-0.75
30806,-0.75
30807,-0.75
30808,-0.75
30809,1.25
30810,-0.75
30811,-0.25
30812,2.75
30813,-1.25
30814,2.25
30815,-1.25
30816,1.75
30817,-0.75
30818,1.75
30819,1.75
30820,1.75
30821,-0.75
30822,9.75
30823,1.75
30824,-0.25
30825,-0.25
30826,4.25
30827,0.75
30828,1.75
30829,33.25
30830,5.25
30831,-0.25
30832,-0.75
30833,2.75
30834,1.25
30835,-4.75
30836,0.75
30837,0.75
30838,5.25
30839,-0.25
30840,-0.75
30841,-0.25
30842,-0.75
30843,3.25
30844,-1.25
30845,0.75
30846,0.75
30847,-0.25
30848,5.25
30849,1.75
30850,0.25
30851,11.25
30852,-1.25
30853,2.75
30854,-0.75
30855,0.75
30856,-0.25
30857,5.75
30858,-0.75
30859,3.25
30860,-0.75
30861,1.25
30862,-0.75
30863,-1.25
30864,0.75
30865,2.25
30866,-0.75
30867,1.25
30868,-0.75
30869,-0.75
30870,-0.25
30871,0.75
30872,0.75
30873,-1.25
30874,-1.25
30875,-0.25
30876,0.75
30877,10.25
30878,0.75
30879,0.75
30880,1.25
30881,0.75
30882,2.25
30883,1.75
30884,0.75
30885,1.75
30886,0.75
30887,0.75
30888,-0.75
30889,1.25
30890,0.75
30891,8.25
30892,-1.25
30893,0.75
30894,-0.75
30895,7.25
30896,0.25
30897,1.25
30898,-0.75
30899,1.25
30900,0.75
30901,-0.75
30902,0.75
30903,-0.25
30904,-8.25
30905,-0.75
30906,0.75
30907,-2.25
30908,-0.75
30909,0.75
30910,-0.25
30911,1.75
30912,4.25
30913,0.25
30914,0.75
30915,-7.25
30916,4.75
30917,1.25
30918,0.25
30919,0.75
30920,0.25
30921,0.75
30922,0.75
30923,0.75
30924,-0.25
30925,1.25
30926,0.75
30927,1.75
30928,-1.75
30929,-0.75
30930,5.25
30931,-0.25
30932,5.25
30933,0.75
30934,-3.25
30935,0.75
30936,-0.25
30937,-0.75
30938,-0.25
30939,0.75
30940,0.75
30941,0.75
30942,0.25
30943,-0.25
30944,0.75
30945,0.75
30946,-2.25
30947,0.25
30948,1.25
30949,0.75
30950,1.25
30951,2.25
30952,0.75
30953,-0.75
30954,-0.25
30955,-1.25
30956,-0.75
30957,0.75
30958,0.25
30959,-0.75
30960,-0.75
30961,0.75
30962,9.75
30963,-0.25
30964,-0.75
30965,0.75
30966,-0.25
30967,-11.25
30968,1.75
30969,-0.25
30970,0.75
30971,-0.25
30972,1.25
30973,3.75
30974,0.75
30975,2.25
30976,-9.75
30977,-1.25
30978,-0.75
30979,0.75
30980,-0.75
30981,-2.25
30982,-0.75
30983,2.75
30984,12.0
30985,0.75
30986,0.75
30987,1.25
30988,-0.25
30989,-0.75
30990,-1.25
30991,-0.25
30992,1.25
30993,-0.25
30994,1.25
30995,-0.75
30996,-0.25
30997,-0.25
30998,-0.25
30999,-0.75
31000,4.75
31001,0.25
31002,6.25
31003,-2.25
31004,16.25
31005,-0.75
31006,10.25
31007,-0.75
31008,0.25
31009,-0.75
31010,-0.75
31011,-3.25
31012,-0.25
31013,6.25
31014,-0.25
31015,0.75
31016,-2.25
31017,-0.75
31018,-0.75
31019,-0.25
31020,1.25
31021,15.75
31022,-0.75
31023,-0.25
31024,7.25
31025,-0.25
31026,0.75
31027,-0.75
31028,-0.75
31029,-2.25
31030,0.75
31031,-1.75
31032,1.75
31033,0.75
31034,12.0
31035,0.25
31036,2.75
31037,-0.75
31038,-0.25
31039,1.25
31040,-0.75
31041,-0.25
31042,1.75
31043,-0.25
31044,-14.75
31045,-0.75
31046,-0.25
31047,-0.75
31048,2.25
31049,0.75
31050,0.25
31051,-6.75
31052,-5.75
31053,-2.75
31054,2.25
31055,1.75
31056,2.25
31057,0.75
31058,-0.25
31059,2.25
31060,2.75
31061,-1.75
31062,-2.75
31063,-0.75
31064,-0.25
31065,5.75
31066,10.75
31067,1.75
31068,-3.75
31069,1.25
31070,-0.75
31071,-0.25
31072,-0.75
31073,-2.75
31074,-0.75
31075,1.25
31076,2.25
31077,4.25
31078,-0.25
31079,-1.25
31080,1.75
31081,10.25
31082,-0.75
31083,-0.75
31084,5.25
31085,1.75
31086,0.75
31087,2.25
31088,0.75
31089,0.75
31090,-0.25
31091,3.75
31092,0.75
31093,3.25
31094,-0.75
31095,0.75
31096,-0.25
31097,4.25
31098,-0.75
31099,3.25
31100,0.75
31101,-0.25
31102,-9.25
31103,-1.25
31104,-0.75
31105,2.75
31106,-0.25
31107,-0.25
31108,0.75
31109,0.75
31110,0.75
31111,0.25
31112,0.75
31113,0.75
31114,-0.75
31115,-0.25
31116,-7.25
31117,0.75
31118,-0.75
31119,0.75
31120,-0.25
31121,0.25
31122,-0.75
31123,-1.75
31124,0.75
31125,0.75
31126,-0.25
31127,13.0
31128,0.75
31129,-0.25
31130,0.75
31131,0.25
31132,1.75
31133,-1.25
31134,0.25
31135,0.25
31136,0.75
31137,0.75
31138,6.25
31139,0.75
31140,0.75
31141,-0.25
31142,1.75
31143,0.75
31144,4.25
31145,2.25
31146,-0.75
31147,-0.25
31148,-0.25
31149,-0.75
31150,-0.25
31151,1.25
31152,-0.25
31153,-0.75
31154,-0.75
31155,5.75
31156,0.75
31157,-0.25
31158,1.25
31159,3.25
31160,-0.75
31161,-2.75
31162,10.25
31163,-0.75
31164,0.75
31165,0.75
31166,-0.75
31167,-2.75
31168,-0.25
31169,1.75
31170,-0.75
31171,-0.25
31172,-1.75
31173,-5.25
31174,5.25
31175,2.25
31176,0.75
31177,-0.25
31178,-11.25
31179,0.75
31180,0.75
31181,0.25
31182,-0.25
31183,-0.25
31184,0.25
31185,13.25
31186,0.75
31187,-0.75
31188,-0.25
31189,13.75
31190,0.25
31191,-0.75
31192,1.25
31193,-0.75
31194,-0.75
31195,2.75
31196,-0.25
31197,-0.25
31198,2.25
31199,-0.75
31200,1.25
31201,1.25
31202,1.25
31203,0.25
31204,-0.25
31205,0.75
31206,0.75
31207,-0.25
31208,0.75
31209,0.75
31210,-0.75
31211,-0.75
31212,1.25
31213,1.25
31214,0.75
31215,1.25
31216,-0.25
31217,-0.75
31218,3.75
31219,0.75
31220,-0.75
31221,-0.75
31222,0.75
31223,1.25
31224,1.25
31225,-0.25
31226,1.75
31227,-0.75
31228,-0.75
31229,0.25
31230,2.25
31231,0.75
31232,1.25
31233,-0.25
31234,-0.75
31235,2.75
31236,-7.25
31237,-0.25
31238,-0.75
31239,3.75
31240,-4.75
31241,0.25
31242,-0.25
31243,0.75
31244,-0.75
31245,-0.75
31246,-4.25
31247,0.75
31248,-3.25
31249,-1.25
31250,0.75
31251,-0.75
31252,0.75
31253,3.25
31254,0.75
31255,-0.75
31256,-0.25
31257,0.75
31258,0.25
31259,1.25
31260,-0.75
31261,-0.25
31262,-0.25
31263,1.25
31264,-0.75
31265,0.25
31266,-0.75
31267,-0.75
31268,-0.75
31269,-0.75
31270,0.75
31271,-0.25
31272,-0.75
31273,-0.25
31274,8.75
31275,-0.25
31276,-0.25
31277,-0.75
31278,1.75
31279,0.75
31280,0.75
31281,12.25
31282,-0.75
31283,1.25
31284,3.25
31285,-0.25
31286,-0.75
31287,0.75
31288,1.25
31289,-0.75
31290,-0.25
31291,3.75
31292,-0.75
31293,0.75
31294,0.75
31295,0.25
31296,4.25
31297,-0.75
31298,7.25
31299,-0.25
31300,-0.75
31301,0.75
31302,-0.25
31303,-0.25
31304,-0.25
31305,-0.75
31306,0.75
31307,-0.25
31308,1.25
31309,-0.75
31310,0.75
31311,-4.25
31312,-0.25
31313,0.75
31314,-0.75
31315,-0.75
31316,10.25
31317,0.25
31318,-0.25
31319,-0.25
31320,-0.25
31321,-0.25
31322,-0.75
31323,7.75
31324,-0.75
31325,1.25
31326,0.75
31327,2.75
31328,-0.75
31329,-0.25
31330,-0.25
31331,0.75
31332,0.75
31333,-0.25
31334,-0.75
31335,2.75
31336,3.75
31337,-0.75
31338,0.75
31339,-0.75
31340,-0.75
31341,-0.25
31342,0.75
31343,3.25
31344,-0.75
31345,-0.75
31346,3.25
31347,0.25
31348,0.75
31349,-2.25
31350,0.75
31351,-0.75
31352,0.75
31353,-0.25
31354,0.25
31355,1.25
31356,-2.75
31357,3.25
31358,1.25
31359,1.25
31360,2.75
31361,-0.25
31362,-0.75
31363,0.75
31364,1.25
31365,-0.75
31366,0.75
31367,-0.25
31368,1.25
31369,-0.25
31370,-0.25
31371,-0.75
31372,2.75
31373,0.25
31374,0.25
31375,-0.25
31376,0.75
31377,1.75
31378,1.25
31379,0.75
31380,-0.25
31381,2.25
31382,0.25
31383,1.25
31384,0.75
31385,-1.25
31386,-0.25
31387,-0.75
31388,-0.25
31389,0.75
31390,-0.75
31391,-0.25
31392,-1.25
31393,2.25
31394,2.25
31395,-0.75
31396,0.25
31397,-0.25
31398,0.75
31399,2.75
31400,1.75
31401,2.75
31402,-1.25
31403,-0.25
31404,1.75
31405,-0.75
31406,3.25
31407,2.25
31408,-1.25
31409,-0.25
31410,7.75
31411,-0.25
31412,0.75
31413,13.75
31414,1.25
31415,0.25
31416,1.25
31417,0.75
31418,2.75
31419,11.25
31420,-0.75
31421,-0.75
31422,0.75
31423,1.75
31424,-0.75
31425,2.25
31426,-0.75
31427,14.75
31428,1.75
31429,-0.75
31430,-0.75
31431,-0.75
31432,0.75
31433,-0.75
31434,-0.25
31435,0.75
31436,1.25
31437,-0.25
31438,0.75
31439,-0.25
31440,0.75
31441,1.75
31442,13.25
31443,-9.75
31444,0.75
31445,1.75
31446,5.75
31447,0.75
31448,-0.75
31449,0.25
31450,0.75
31451,0.25
31452,-0.75
31453,11.0
31454,0.25
31455,0.25
31456,2.25
31457,10.25
31458,0.75
31459,1.25
31460,-0.25
31461,3.75
31462,-1.25
31463,2.25
31464,1.75
31465,-1.25
31466,-0.75
31467,-0.75
31468,4.25
31469,1.25
31470,-0.75
31471,-2.75
31472,0.75
31473,-0.25
31474,0.75
31475,0.75
31476,-0.75
31477,-0.25
31478,0.75
31479,-0.75
31480,-0.75
31481,28.75
31482,-6.25
31483,3.75
31484,0.75
31485,-0.75
31486,-0.25
31487,5.75
31488,-0.25
31489,5.75
31490,0.25
31491,-0.75
31492,-0.25
31493,-0.25
31494,0.75
31495,0.25
31496,0.75
31497,-0.25
31498,0.75
31499,-0.25
31500,3.25
31501,0.75
31502,0.25
31503,2.25
31504,1.25
31505,-0.25
31506,0.75
31507,-0.25
31508,1.25
31509,0.75
31510,0.75
31511,-0.75
31512,0.25
31513,-0.25
31514,8.75
31515,-0.75
31516,-0.25
31517,0.75
31518,-1.25
31519,-3.25
31520,-0.25
31521,-6.75
31522,0.25
31523,-0.25
31524,-0.75
31525,0.75
31526,-0.75
31527,0.25
31528,0.75
31529,0.75
31530,-0.75
31531,0.75
31532,0.75
31533,0.75
31534,-0.75
31535,8.25
31536,9.25
31537,0.75
31538,-0.25
31539,-0.75
31540,-0.25
31541,-0.75
31542,-2.75
31543,0.75
31544,4.75
31545,-0.25
31546,0.75
31547,-1.25
31548,-0.75
31549,-0.75
31550,0.75
31551,-0.75
31552,-0.75
31553,7.75
31554,0.75
31555,0.75
31556,-0.75
31557,-12.25
31558,1.75
31559,-0.25
31560,2.25
31561,-0.75
31562,-0.75
31563,-0.25
31564,0.75
31565,-0.25
31566,-0.25
31567,3.75
31568,-0.25
31569,0.75
31570,-5.75
31571,0.25
31572,-0.25
31573,10.5
31574,-0.75
31575,15.5
31576,-0.25
31577,0.25
31578,0.75
31579,-0.25
31580,11.25
31581,0.75
31582,0.75
31583,-0.25
31584,0.75
31585,7.25
31586,-0.75
31587,-3.25
31588,7.75
31589,13.5
31590,1.75
31591,-2.25
31592,2.25
31593,0.75
31594,17.5
31595,1.75
31596,-0.25
31597,-0.25
31598,0.75
31599,3.25
31600,1.25
31601,0.75
31602,0.75
31603,9.25
31604,0.25
31605,-0.75
31606,3.75
31607,0.75
31608,2.75
31609,0.75
31610,0.25
31611,1.75
31612,-0.75
31613,0.75
31614,-0.25
31615,-1.25
31616,1.75
31617,-0.75
31618,1.25
31619,0.25
31620,1.75
31621,0.75
31622,0.75
31623,-5.25
31624,1.75
31625,0.75
31626,5.25
31627,3.25
31628,0.75
31629,0.75
31630,11.25
31631,-0.75
31632,-0.75
31633,-2.25
31634,0.75
31635,-0.25
31636,-0.75
31637,0.75
31638,0.25
31639,-0.75
31640,0.75
31641,-0.25
31642,1.75
31643,-0.25
31644,-0.25
31645,-0.25
31646,0.75
31647,0.75
31648,-4.25
31649,2.75
31650,-33.75
31651,0.75
31652,-7.25
31653,-0.25
31654,1.75
31655,-0.25
31656,-0.25
31657,-0.25
31658,-1.25
31659,0.75
31660,0.75
31661,0.25
31662,-2.25
31663,-5.25
31664,0.75
31665,-0.25
31666,23.75
31667,6.25
31668,-0.25
31669,0.25
31670,4.75
31671,11.75
31672,1.75
31673,-0.75
31674,0.75
31675,-0.25
31676,2.25
31677,2.75
31678,-0.75
31679,8.75
31680,-0.75
31681,0.75
31682,-0.75
31683,-0.75
31684,1.25
31685,0.25
31686,-0.75
31687,0.75
31688,-2.25
31689,-0.25
31690,17.0
31691,6.25
31692,-3.25
31693,0.75
31694,-1.25
31695,-0.75
31696,3.75
31697,3.25
31698,0.75
31699,0.25
31700,3.75
31701,-0.75
31702,0.25
31703,1.75
31704,-0.25
31705,0.25
31706,0.25
31707,0.75
31708,1.75
31709,-0.25
31710,-0.25
31711,7.25
31712,1.75
31713,-0.25
31714,0.75
31715,1.25
31716,0.75
31717,-0.75
31718,-0.75
31719,0.25
31720,1.25
31721,2.25
31722,0.75
31723,-0.75
31724,0.75
31725,-0.25
31726,14.0
31727,-5.75
31728,2.25
31729,0.75
31730,-1.25
31731,-0.25
31732,2.75
31733,-0.75
31734,0.75
31735,-0.75
31736,0.75
31737,-0.75
31738,-0.25
31739,-1.25
31740,-0.75
31741,1.75
31742,-0.25
31743,-0.25
31744,0.25
31745,-4.25
31746,-0.75
31747,0.75
31748,-0.25
31749,2.75
31750,-1.25
31751,5.25
31752,0.75
31753,6.75
31754,-1.25
31755,2.75
31756,-0.75
31757,3.25
31758,-1.25
31759,-1.25
31760,-0.75
31761,2.75
31762,0.75
31763,0.75
31764,-0.25
31765,1.25
31766,2.25
31767,0.75
31768,0.75
31769,-0.75
31770,6.25
31771,0.75
31772,0.75
31773,0.25
31774,1.75
31775,5.75
31776,4.25
31777,-0.25
31778,17.25
31779,0.75
31780,0.75
31781,-11.75
31782,0.75
31783,1.25
31784,0.75
31785,12.25
31786,1.25
31787,3.25
31788,-0.75
31789,-1.25
31790,-0.75
31791,-1.25
31792,-0.75
31793,0.75
31794,14.5
31795,-0.75
31796,-0.25
31797,7.75
31798,-0.75
31799,3.25
31800,1.25
31801,-0.75
31802,1.25
31803,-0.75
31804,-1.25
31805,-0.25
31806,-0.75
31807,2.25
31808,5.25
31809,3.75
31810,-1.25
31811,1.75
31812,-0.75
31813,1.25
31814,1.75
31815,-5.25
31816,0.75
31817,1.25
31818,0.75
31819,25.75
31820,-0.25
31821,1.75
31822,0.75
31823,-0.25
31824,-0.25
31825,0.75
31826,-0.25
31827,2.25
31828,1.75
31829,-2.75
31830,0.75
31831,2.25
31832,1.75
31833,0.25
31834,-0.75
31835,0.75
31836,16.75
31837,-0.75
31838,-0.75
31839,12.75
31840,-0.75
31841,-0.25
31842,0.25
31843,-0.75
31844,-0.25
31845,1.25
31846,-0.75
31847,0.75
31848,-3.25
31849,-0.75
31850,-0.75
31851,-0.25
31852,1.25
31853,-0.25
31854,-0.25
31855,2.25
31856,1.75
31857,3.75
31858,-0.75
31859,-0.25
31860,3.75
31861,-0.75
31862,-0.75
31863,-0.75
31864,0.75
31865,0.75
31866,-0.25
31867,0.25
31868,-0.75
31869,-0.25
31870,-0.25
31871,3.25
31872,0.75
31873,-0.25
31874,1.25
31875,4.75
31876,0.75
31877,-0.75
31878,-0.25
31879,3.75
31880,-0.25
31881,0.75
31882,-0.25
31883,-0.75
31884,-0.75
31885,-0.25
31886,0.75
31887,-0.75
31888,-0.75
31889,-0.75
31890,12.25
31891,15.5
31892,-0.25
31893,-0.25
31894,-0.25
31895,-0.25
31896,-3.75
31897,11.25
31898,-0.75
31899,1.25
31900,0.75
31901,0.75
31902,-0.25
31903,1.25
31904,-0.25
31905,1.25
31906,-0.75
31907,3.75
31908,0.25
31909,-2.25
31910,-2.25
31911,0.75
31912,0.25
31913,1.25
31914,17.75
31915,-0.25
31916,0.75
31917,-10.25
31918,-0.75
31919,2.75
31920,0.75
31921,1.75
31922,0.25
31923,-6.25
31924,20.5
31925,0.25
31926,0.75
31927,10.75
31928,7.75
31929,15.75
31930,-1.25
31931,2.25
31932,-0.75
31933,-0.75
31934,1.75
31935,-0.75
31936,-0.25
31937,1.75
31938,15.25
31939,-2.75
31940,-3.25
31941,4.25
31942,-0.75
31943,0.75
31944,0.25
31945,8.75
31946,1.75
31947,-0.75
31948,2.25
31949,-0.25
31950,-1.25
31951,-7.75
31952,1.75
31953,8.25
31954,-0.75
31955,4.25
31956,-0.25
31957,0.75
31958,0.75
31959,1.25
31960,0.25
31961,-0.75
31962,0.75
31963,-0.75
31964,0.25
31965,3.75
31966,-0.75
31967,0.25
31968,0.75
31969,-0.25
31970,-0.75
31971,-0.25
31972,0.25
31973,-0.75
31974,1.25
31975,-12.25
31976,1.25
31977,3.25
31978,0.25
31979,0.75
31980,1.25
31981,2.25
31982,18.75
31983,-0.75
31984,0.75
31985,-0.25
31986,-6.75
31987,-0.75
31988,-0.25
31989,-0.25
31990,0.75
31991,-0.75
31992,0.75
31993,6.75
31994,3.75
31995,-1.25
31996,-1.25
31997,1.25
31998,6.75
31999,-0.25
32000,-0.25
32001,-2.75
32002,3.75
32003,14.75
32004,-0.75
32005,-0.75
32006,1.25
32007,2.75
32008,0.75
32009,-0.25
32010,-2.75
32011,-1.25
32012,-0.25
32013,-0.25
32014,0.25
32015,0.75
32016,13.25
32017,-0.75
32018,-0.25
32019,0.75
32020,1.25
32021,0.75
32022,5.75
32023,-2.75
32024,-0.25
32025,0.75
32026,-1.25
32027,-0.25
32028,-1.25
32029,14.75
32030,1.75
32031,0.75
32032,-0.75
32033,-0.25
32034,-0.25
32035,6.25
32036,15.75
32037,-0.25
32038,12.0
32039,-8.25
32040,-0.25
32041,0.25
32042,1.25
32043,0.75
32044,-0.75
32045,3.25
32046,1.25
32047,0.25
32048,8.75
32049,-0.75
32050,-0.25
32051,10.25
32052,2.25
32053,2.75
32054,0.75
32055,-0.25
32056,0.25
32057,0.75
32058,0.75
32059,-1.25
32060,-0.75
32061,-0.25
32062,0.25
32063,-5.25
32064,-5.25
32065,0.75
32066,1.75
32067,-5.25
32068,0.75
32069,6.25
32070,3.25
32071,-1.25
32072,-0.75
32073,0.75
32074,-0.25
32075,4.25
32076,-0.75
32077,-0.75
32078,0.25
32079,2.75
32080,-0.25
32081,-1.25
32082,0.75
32083,12.25
32084,0.75
32085,4.75
32086,-0.75
32087,-0.25
32088,1.25
32089,-0.25
32090,14.75
32091,1.75
32092,-0.75
32093,0.75
32094,1.25
32095,0.75
32096,5.25
32097,8.25
32098,-7.25
32099,-0.25
32100,0.75
32101,-0.25
32102,0.75
32103,-3.25
32104,-0.75
32105,0.25
32106,-0.25
32107,11.25
32108,-2.75
32109,0.75
32110,1.25
32111,0.75
32112,-0.25
32113,-0.25
32114,-0.25
32115,-2.25
32116,3.25
32117,-0.75
32118,-0.75
32119,0.75
32120,4.75
32121,-3.25
32122,11.25
32123,-0.75
32124,-6.25
32125,2.25
32126,4.75
32127,0.75
32128,-0.25
32129,-0.75
32130,9.25
32131,0.25
32132,0.75
32133,1.25
32134,-1.75
32135,0.25
32136,-0.25
32137,-5.25
32138,-0.75
32139,-0.25
32140,3.25
32141,2.75
32142,-9.25
32143,6.75
32144,-0.75
32145,-2.75
32146,-0.25
32147,0.25
32148,-0.75
32149,2.25
32150,2.25
32151,13.25
32152,-13.75
32153,-0.25
32154,0.25
32155,-0.25
32156,30.0
32157,0.75
32158,1.25
32159,-1.25
32160,-0.75
32161,0.75
32162,0.75
32163,0.25
32164,-0.25
32165,0.25
32166,0.25
32167,-0.75
32168,2.75
32169,-0.75
32170,1.75
32171,-0.75
32172,1.75
32173,3.75
32174,-0.75
32175,2.75
32176,2.25
32177,-0.25
32178,1.75
32179,0.75
32180,0.25
32181,1.75
32182,-4.25
32183,0.75
32184,-0.75
32185,2.25
32186,-1.25
32187,0.75
32188,0.75
32189,1.25
32190,3.25
32191,15.25
32192,2.25
32193,1.25
32194,1.75
32195,-0.25
32196,-2.25
32197,-0.25
32198,0.25
32199,0.75
32200,-2.25
32201,-0.25
32202,-4.25
32203,1.25
32204,-0.25
32205,-0.75
32206,-0.25
32207,0.75
32208,15.5
32209,0.25
32210,2.75
32211,-0.25
32212,1.75
32213,7.75
32214,2.75
32215,-0.25
32216,-0.75
32217,0.75
32218,3.25
32219,0.75
32220,-4.25
32221,1.75
32222,-0.25
32223,-0.25
32224,-0.25
32225,1.75
32226,-0.75
32227,-8.25
32228,-0.75
32229,1.75
32230,-0.25
32231,0.25
32232,2.25
32233,0.75
32234,-0.75
32235,8.75
32236,0.75
32237,3.25
32238,-0.25
32239,-0.75
32240,-0.25
32241,-0.25
32242,4.25
32243,1.25
32244,2.25
32245,-0.75
32246,-0.25
32247,2.25
32248,3.25
32249,-0.75
32250,2.75
32251,2.25
32252,1.25
32253,-0.75
32254,-1.25
32255,0.75
32256,0.75
32257,3.25
32258,0.25
32259,2.25
32260,1.75
32261,-1.25
32262,-0.25
32263,-0.75
32264,-0.25
32265,-0.75
32266,-0.75
32267,-0.25
32268,-0.75
32269,-0.25
32270,0.25
32271,1.25
32272,-0.75
32273,8.25
32274,-0.25
32275,4.25
32276,1.75
32277,20.5
32278,1.75
32279,-0.25
32280,-0.75
32281,-0.25
32282,-8.25
32283,1.75
32284,-2.25
32285,-5.25
32286,-0.75
32287,-4.25
32288,-0.25
32289,0.75
32290,2.75
32291,0.25
32292,-6.75
32293,0.25
32294,1.75
32295,-0.25
32296,-1.25
32297,0.25
32298,0.25
32299,-5.25
32300,0.25
32301,0.75
32302,0.75
32303,-0.75
32304,1.25
32305,0.75
32306,4.25
32307,4.75
32308,-3.25
32309,-0.75
32310,-0.75
32311,-0.25
32312,2.25
32313,-0.75
32314,9.75
32315,0.75
32316,16.0
32317,-0.25
32318,0.75
32319,-0.25
32320,0.75
32321,0.75
32322,-0.75
32323,-0.25
32324,1.75
32325,0.75
32326,-20.25
32327,0.25
32328,-4.75
32329,0.75
32330,2.75
32331,1.25
32332,-2.75
32333,3.75
32334,3.25
32335,1.25
32336,-4.25
32337,-0.75
32338,-1.25
32339,-3.25
32340,0.75
32341,-0.25
32342,-2.25
32343,-9.25
32344,-1.25
32345,0.75
32346,0.25
32347,-0.75
32348,0.75
32349,-3.25
32350,-0.75
32351,1.25
32352,1.75
32353,-0.25
32354,3.75
32355,14.25
32356,-2.75
32357,0.75
32358,-2.25
32359,-0.25
32360,1.75
32361,0.25
32362,-0.25
32363,35.25
32364,-0.75
32365,0.75
32366,-0.25
32367,0.75
32368,-0.75
32369,-0.25
32370,0.25
32371,0.75
32372,0.75
32373,2.25
32374,2.75
32375,3.75
32376,-0.25
32377,3.75
32378,-0.25
32379,0.25
32380,-0.75
32381,0.25
32382,0.75
32383,-0.25
32384,0.75
32385,-3.25
32386,-0.75
32387,-0.75
32388,0.75
32389,1.75
32390,-0.75
32391,3.25
32392,0.25
32393,0.75
32394,-0.25
32395,-0.25
32396,2.75
32397,1.25
32398,-0.25
32399,-0.75
32400,1.75
32401,7.75
32402,0.75
32403,0.75
32404,2.25
32405,-0.25
32406,0.25
32407,0.75
32408,-3.25
32409,-0.75
32410,-0.75
32411,0.75
32412,-0.25
32413,-0.25
32414,-0.25
32415,0.75
32416,0.25
32417,0.75
32418,-0.25
32419,0.75
32420,-0.75
32421,-0.75
32422,-0.75
32423,0.75
32424,0.75
32425,-0.25
32426,1.25
32427,1.25
32428,0.75
32429,0.75
32430,-0.25
32431,-0.75
32432,-0.75
32433,0.75
32434,5.75
32435,8.25
32436,-0.75
32437,-0.25
32438,0.75
32439,-0.75
32440,3.25
32441,0.75
32442,0.75
32443,1.75
32444,-0.75
32445,0.75
32446,0.75
32447,9.25
32448,0.75
32449,0.25
32450,-0.25
32451,2.25
32452,-0.25
32453,-0.25
32454,1.75
32455,-0.25
32456,1.75
32457,2.75
32458,-0.25
32459,-0.75
32460,1.25
32461,0.75
32462,-19.75
32463,-0.75
32464,5.25
32465,-0.75
32466,-0.75
32467,-0.25
32468,1.25
32469,-3.75
32470,1.25
32471,-1.25
32472,0.75
32473,-0.75
32474,-0.75
32475,-0.75
32476,2.75
32477,0.75
32478,1.25
32479,9.75
32480,0.25
32481,1.75
32482,-0.75
32483,-0.75
32484,0.75
32485,-0.75
32486,-2.25
32487,-0.75
32488,-0.75
32489,-1.25
32490,0.75
32491,-0.25
32492,-0.25
32493,1.75
32494,-0.75
32495,-0.75
32496,0.75
32497,-0.75
32498,0.75
32499,-2.25
32500,2.75
32501,0.75
32502,0.75
32503,-0.75
32504,0.75
32505,2.25
32506,1.75
32507,0.75
32508,1.25
32509,2.75
32510,0.75
32511,1.75
32512,0.75
32513,-0.75
32514,-0.25
32515,-0.75
32516,-0.25
32517,4.75
32518,-0.25
32519,0.75
32520,-0.75
32521,-0.75
32522,-0.75
32523,0.75
32524,-1.25
32525,0.25
32526,1.75
32527,0.75
32528,0.75
32529,-0.75
32530,-0.25
32531,0.75
32532,-0.25
32533,-1.25
32534,0.25
32535,-0.25
32536,0.75
32537,-0.25
32538,0.25
32539,-0.25
32540,-0.75
32541,-0.75
32542,0.25
32543,-0.75
32544,1.25
32545,-0.25
32546,0.75
32547,-0.25
32548,0.25
32549,-0.25
32550,-0.75
32551,-15.25
32552,2.25
32553,-0.75
32554,-0.25
32555,0.75
32556,-0.75
32557,-0.25
32558,-0.25
32559,-0.25
32560,10.75
32561,-0.75
32562,-0.25
32563,0.25
32564,0.75
32565,-0.25
32566,3.75
32567,1.25
32568,2.75
32569,2.75
32570,-0.75
32571,2.75
32572,-0.75
32573,-1.25
32574,-0.75
32575,0.25
32576,-10.75
32577,-1.25
32578,15.75
32579,0.25
32580,0.75
32581,-2.25
32582,2.75
32583,-0.75
32584,2.25
32585,0.25
32586,-0.75
32587,-1.25
32588,0.75
32589,4.25
32590,-0.25
32591,-0.25
32592,-0.25
32593,1.25
32594,-0.75
32595,-3.25
32596,-1.25
32597,-0.75
32598,0.75
32599,0.25
32600,1.25
32601,3.25
32602,-0.75
32603,0.25
32604,-0.75
32605,0.25
32606,0.75
32607,-0.75
32608,-0.25
32609,-0.75
32610,0.25
32611,-0.25
32612,-0.25
32613,-0.75
32614,1.25
32615,3.25
32616,4.25
32617,13.75
32618,11.25
32619,1.75
32620,2.75
32621,-0.25
32622,0.75
32623,0.75
32624,-0.75
32625,-0.25
32626,-0.75
32627,-5.25
32628,0.25
32629,-0.25
32630,0.75
32631,-0.25
32632,0.25
32633,0.75
32634,-1.25
32635,2.25
32636,-0.75
32637,-0.25
32638,1.75
32639,-0.75
32640,3.25
32641,7.75
32642,0.25
32643,2.25
32644,-1.25
32645,-0.25
32646,1.25
32647,2.75
32648,-0.25
32649,-0.75
32650,0.75
32651,-0.75
32652,-0.75
32653,-0.75
32654,3.25
32655,-0.25
32656,0.75
32657,0.75
32658,1.25
32659,-0.75
32660,-0.75
32661,-0.75
32662,0.75
32663,0.75
32664,20.75
32665,0.25
32666,-0.25
32667,-4.25
32668,1.25
32669,3.25
32670,0.75
32671,2.25
32672,-0.25
32673,-1.25
32674,0.75
32675,-0.75
32676,-0.25
32677,-1.25
32678,-0.25
32679,2.25
32680,2.25
32681,-0.25
32682,1.25
32683,0.75
32684,0.75
32685,0.75
32686,-1.25
32687,-0.25
32688,-0.75
32689,-0.25
32690,-0.25
32691,-0.25
32692,-1.25
32693,5.75
32694,-0.75
32695,2.75
32696,0.25
32697,0.25
32698,0.75
32699,1.25
32700,0.25
32701,-0.25
32702,1.75
32703,0.75
32704,2.75
32705,0.75
32706,-0.25
32707,-0.75
32708,-0.75
32709,0.25
32710,2.25
32711,-0.75
32712,-0.75
32713,1.25
32714,9.75
32715,-0.25
32716,-0.75
32717,0.25
32718,-0.25
32719,0.25
32720,1.75
32721,1.25
32722,3.75
32723,2.25
32724,-0.75
32725,-0.25
32726,-0.25
32727,-0.25
32728,0.75
32729,1.75
32730,9.25
32731,-1.25
32732,-0.25
32733,3.25
32734,-0.25
32735,-0.75
32736,-2.25
32737,-0.75
32738,-0.25
32739,-0.75
32740,-0.25
32741,12.25
32742,4.25
32743,3.25
32744,-0.25
32745,-1.25
32746,0.75
32747,-0.25
32748,0.75
32749,-0.75
32750,-1.75
32751,1.25
32752,-0.25
32753,1.25
32754,-0.75
32755,0.25
32756,1.25
32757,1.75
32758,-4.75
32759,-0.25
32760,1.75
32761,1.25
32762,-0.75
32763,4.75
32764,-0.25
32765,9.25
32766,0.75
32767,-0.75
32768,-1.25
32769,-0.75
32770,-0.25
32771,-0.25
32772,-0.75
32773,-0.75
32774,-0.25
32775,0.75
32776,3.25
32777,11.75
32778,-1.25
32779,0.75
32780,1.75
32781,0.25
32782,0.25
32783,0.75
32784,2.25
32785,0.75
32786,0.25
32787,-0.75
32788,-3.25
32789,0.25
32790,-0.75
32791,0.75
32792,2.25
32793,0.25
32794,2.25
32795,1.25
32796,-0.25
32797,-1.25
32798,-0.25
32799,-0.25
32800,-0.25
32801,-7.25
32802,-0.25
32803,-0.75
32804,-0.25
32805,0.75
32806,0.75
32807,0.25
32808,0.75
32809,3.25
32810,-0.75
32811,19.75
32812,6.75
32813,3.25
32814,-0.25
32815,0.75
32816,-3.25
32817,-1.25
32818,-0.75
32819,-0.75
32820,0.75
32821,0.75
32822,-0.75
32823,-0.75
32824,0.75
32825,-6.25
32826,-0.75
32827,0.75
32828,-0.25
32829,3.25
32830,-0.75
32831,0.75
32832,6.25
32833,-0.25
32834,0.75
32835,-0.25
32836,-1.25
32837,0.75
32838,-0.75
32839,-0.75
32840,0.75
32841,0.75
32842,0.75
32843,-0.25
32844,2.25
32845,-0.25
32846,-0.25
32847,5.25
32848,-0.75
32849,-0.25
32850,-0.75
32851,3.25
32852,-2.75
32853,-0.25
32854,-0.25
32855,0.75
32856,3.75
32857,0.75
32858,13.75
32859,1.75
32860,1.25
32861,1.75
32862,-0.25
32863,-0.25
32864,4.25
32865,0.75
32866,-2.25
32867,0.75
32868,0.75
32869,0.75
32870,-1.75
32871,0.25
32872,-0.25
32873,0.25
32874,-0.25
32875,-0.25
32876,-0.75
32877,-0.75
32878,3.25
32879,1.25
32880,-0.25
32881,-0.75
32882,0.25
32883,-0.75
32884,1.25
32885,1.25
32886,13.75
32887,3.25
32888,0.75
32889,0.25
32890,-1.25
32891,-0.25
32892,-0.75
32893,1.75
32894,-0.75
32895,-0.75
32896,0.75
32897,1.75
32898,-0.75
32899,-12.25
32900,1.25
32901,5.75
32902,-0.75
32903,0.75
32904,8.75
32905,-0.75
32906,1.75
32907,4.25
32908,-0.25
32909,-0.25
32910,8.75
32911,0.25
32912,0.75
32913,0.75
32914,13.75
32915,6.25
32916,1.25
32917,-1.25
32918,0.25
32919,-0.75
32920,0.25
32921,-0.25
32922,-0.75
32923,24.0
32924,1.75
32925,-0.75
32926,-0.25
32927,4.25
32928,-2.25
32929,-2.25
32930,-0.75
32931,1.25
32932,-0.25
32933,0.75
32934,0.25
32935,-19.75
32936,0.25
32937,-0.75
32938,-0.75
32939,8.75
32940,18.5
32941,12.75
32942,-0.25
32943,0.75
32944,0.25
32945,1.75
32946,0.75
32947,0.75
32948,2.25
32949,0.25
32950,-0.25
32951,3.25
32952,-0.25
32953,0.75
32954,-0.25
32955,-0.25
32956,-1.75
32957,-0.25
32958,2.75
32959,-0.25
32960,0.75
32961,-4.75
32962,14.75
32963,-0.25
32964,12.0
32965,-1.25
32966,1.75
32967,-0.75
32968,3.75
32969,2.25
32970,3.75
32971,0.75
32972,0.75
32973,2.25
32974,13.75
32975,3.25
32976,1.75
32977,-0.25
32978,-0.75
32979,0.75
32980,-1.25
32981,-2.75
32982,1.25
32983,2.25
32984,-0.25
32985,1.75
32986,0.25
32987,-9.25
32988,-0.25
32989,2.25
32990,3.75
32991,1.25
32992,0.75
32993,0.25
32994,2.25
32995,0.25
32996,-0.25
32997,2.25
32998,1.75
32999,-0.75
33000,-1.25
33001,3.75
33002,-0.25
33003,0.75
33004,0.75
33005,-1.25
33006,-0.25
33007,-0.25
33008,2.25
33009,2.75
33010,-8.25
33011,0.75
33012,1.75
33013,0.75
33014,0.75
33015,-0.75
33016,-3.25
33017,0.25
33018,0.25
33019,-0.25
33020,0.75
33021,7.25
33022,-0.75
33023,3.75
33024,-0.75
33025,0.25
33026,-0.75
33027,1.75
33028,1.25
33029,-1.75
33030,-0.75
33031,0.75
33032,1.75
33033,-0.25
33034,30.5
33035,0.25
33036,20.0
33037,16.25
33038,2.25
33039,-0.25
33040,-0.25
33041,0.25
33042,-0.75
33043,-0.75
33044,-0.75
33045,0.25
33046,4.25
33047,-5.25
33048,7.25
33049,1.75
33050,2.75
33051,6.75
33052,0.25
33053,0.75
33054,0.75
33055,3.25
33056,-0.75
33057,0.75
33058,1.75
33059,0.75
33060,1.25
33061,3.25
33062,0.25
33063,-1.25
33064,0.75
33065,1.75
33066,0.25
33067,4.25
33068,-0.75
33069,0.25
33070,-0.25
33071,-4.25
33072,4.75
33073,34.25
33074,8.75
33075,2.25
33076,15.25
33077,-0.75
33078,12.25
33079,-2.25
33080,-0.75
33081,0.25
33082,0.75
33083,5.5
33084,1.25
33085,-1.25
33086,0.75
33087,2.25
33088,-0.75
33089,-2.25
33090,12.25
33091,-0.75
33092,1.75
33093,5.75
33094,-0.75
33095,0.75
33096,2.25
33097,0.75
33098,0.25
33099,13.75
33100,2.75
33101,-0.25
33102,-7.25
33103,-0.25
33104,-0.25
33105,0.25
33106,-0.75
33107,8.25
33108,5.25
33109,0.25
33110,-1.25
33111,-0.75
33112,-2.25
33113,0.25
33114,-0.75
33115,0.25
33116,-0.25
33117,0.75
33118,-0.25
33119,0.75
33120,2.25
33121,1.75
33122,3.25
33123,22.0
33124,-0.75
33125,25.0
33126,12.0
33127,1.75
33128,15.0
33129,0.25
33130,-0.25
33131,-2.75
33132,1.25
33133,1.25
33134,-0.25
33135,-0.75
33136,1.75
33137,4.25
33138,2.75
33139,1.75
33140,0.75
33141,-0.25
33142,-5.75
33143,-7.25
33144,-0.25
33145,1.25
33146,1.25
33147,-0.25
33148,-1.75
33149,18.5
33150,-0.75
33151,-1.25
33152,0.75
33153,-0.25
33154,6.25
33155,-1.25
33156,0.25
33157,0.25
33158,2.25
33159,0.75
33160,0.25
33161,-2.75
33162,1.75
33163,1.25
33164,1.25
33165,2.25
33166,-5.75
33167,-0.25
33168,2.75
33169,0.25
33170,-0.25
33171,1.75
33172,1.75
33173,2.25
33174,0.75
33175,11.75
33176,2.75
33177,2.25
33178,-1.25
33179,-0.25
33180,2.25
33181,2.25
33182,3.75
33183,-1.75
33184,13.25
33185,-2.75
33186,-5.25
33187,0.75
33188,-9.25
33189,6.25
33190,8.25
33191,5.25
33192,-0.25
33193,1.75
33194,-0.75
33195,4.25
33196,0.75
33197,1.75
33198,0.75
33199,3.25
33200,1.25
33201,0.75
33202,0.75
33203,4.25
33204,0.25
33205,0.75
33206,1.75
33207,-0.25
33208,-0.25
33209,-5.25
33210,-0.25
33211,0.75
33212,2.25
33213,10.25
33214,-0.25
33215,4.25
33216,-2.75
33217,0.75
33218,10.75
33219,0.75
33220,16.0
33221,12.0
33222,-2.75
33223,-0.75
33224,2.25
33225,-0.25
33226,-0.25
33227,7.75
33228,1.75
33229,18.0
33230,3.75
33231,-8.75
33232,8.75
33233,-0.25
33234,-0.25
33235,-0.75
33236,-0.75
33237,1.25
33238,0.75
33239,-0.75
33240,0.75
33241,0.75
33242,-0.25
33243,-0.75
33244,-0.25
33245,0.75
33246,-0.75
33247,-1.25
33248,0.75
33249,0.75
33250,5.75
33251,0.25
33252,-0.25
33253,-0.75
33254,-10.25
33255,-2.75
33256,0.75
33257,15.25
33258,0.75
33259,4.25
33260,0.75
33261,0.25
33262,-0.25
33263,-6.25
33264,-0.25
33265,-0.25
33266,-0.25
33267,3.25
33268,-0.25
33269,0.25
33270,0.75
33271,-0.75
33272,0.75
33273,0.75
33274,1.75
33275,3.75
33276,5.75
33277,1.75
33278,0.75
33279,-0.75
33280,0.25
33281,0.75
33282,9.25
33283,0.75
33284,0.75
33285,-0.75
33286,-0.25
33287,1.75
33288,0.75
33289,-0.25
33290,0.25
33291,0.75
33292,0.25
33293,1.25
33294,0.75
33295,-0.75
33296,-0.75
33297,-0.75
33298,0.75
33299,2.25
33300,3.25
33301,-0.25
33302,0.25
33303,-0.75
33304,4.75
33305,-0.75
33306,-0.75
33307,0.75
33308,-0.25
33309,1.75
33310,-0.75
33311,0.75
33312,-0.75
33313,9.75
33314,0.25
33315,1.75
33316,3.75
33317,-0.25
33318,0.25
33319,0.75
33320,-4.25
33321,-0.75
33322,1.25
33323,1.75
33324,1.25
33325,-5.75
33326,-0.75
33327,-0.25
33328,-0.25
33329,0.75
33330,0.75
33331,2.25
33332,-0.25
33333,-0.75
33334,1.25
33335,1.75
33336,0.25
33337,0.75
33338,1.25
33339,-7.25
33340,-0.25
33341,5.25
33342,-1.25
33343,-0.75
33344,-0.75
33345,3.25
33346,-3.25
33347,-0.75
33348,-0.75
33349,19.5
33350,-3.75
33351,-0.75
33352,0.75
33353,0.25
33354,0.75
33355,-0.25
33356,-0.25
33357,0.75
33358,-5.75
33359,0.25
33360,0.75
33361,-0.25
33362,-0.75
33363,1.75
33364,-0.75
33365,-0.25
33366,-4.25
33367,-2.25
33368,14.25
33369,4.25
33370,6.75
33371,-0.75
33372,27.75
33373,6.25
33374,-3.75
33375,1.25
33376,0.75
33377,-0.75
33378,-0.75
33379,-0.75
33380,3.25
33381,8.75
33382,-1.25
33383,-0.75
33384,-1.25
33385,4.25
33386,0.75
33387,-0.75
33388,-0.75
33389,1.25
33390,-9.25
33391,-0.25
33392,-0.75
33393,-0.25
33394,0.75
33395,0.25
33396,2.75
33397,1.25
33398,-0.25
33399,0.75
33400,0.75
33401,20.75
33402,0.75
33403,-0.25
33404,0.75
33405,1.25
33406,0.25
33407,-0.25
33408,1.75
33409,3.75
33410,1.25
33411,-0.25
33412,3.25
33413,-0.75
33414,-3.75
33415,-3.25
33416,0.75
33417,3.75
33418,0.25
33419,-0.25
33420,0.75
33421,0.75
33422,4.75
33423,0.25
33424,-0.75
33425,1.75
33426,2.25
33427,0.75
33428,-1.25
33429,-1.25
33430,-0.25
33431,0.25
33432,2.25
33433,0.75
33434,20.25
33435,-0.75
33436,-2.25
33437,-0.75
33438,0.75
33439,-0.25
33440,1.75
33441,0.75
33442,-0.75
33443,3.75
33444,-0.75
33445,-0.25
33446,0.75
33447,0.25
33448,0.75
33449,2.25
33450,1.25
33451,3.25
33452,11.75
33453,-4.25
33454,2.25
33455,-0.25
33456,-0.25
33457,-0.25
33458,-0.25
33459,-0.75
33460,0.25
33461,0.25
33462,0.75
33463,-0.75
33464,0.75
33465,-0.75
33466,-0.75
33467,-0.75
33468,2.25
33469,1.25
33470,1.25
33471,0.75
33472,-0.25
33473,0.75
33474,-0.25
33475,-0.25
33476,-0.75
33477,-0.25
33478,-0.75
33479,-0.75
33480,-1.25
33481,3.75
33482,-0.25
33483,-0.75
33484,0.25
33485,-2.25
33486,0.25
33487,1.75
33488,-0.75
33489,-0.75
33490,-0.25
33491,0.75
33492,0.25
33493,0.75
33494,0.75
33495,-0.25
33496,-0.75
33497,-2.25
33498,-0.75
33499,-1.25
33500,1.25
33501,4.25
33502,0.25
33503,0.75
33504,-0.25
33505,0.25
33506,-0.25
33507,-0.25
33508,0.75
33509,0.75
33510,-0.75
33511,1.75
33512,-0.25
33513,0.75
33514,0.75
33515,-8.25
33516,0.75
33517,0.75
33518,-0.25
33519,-0.75
33520,4.75
33521,0.75
33522,0.75
33523,-0.75
33524,0.75
33525,0.75
33526,-0.75
33527,0.75
33528,0.25
33529,-0.75
33530,1.25
33531,2.75
33532,0.75
33533,-0.75
33534,2.25
33535,-0.75
33536,0.25
33537,0.75
33538,-0.75
33539,17.5
33540,-1.25
33541,-0.75
33542,5.75
33543,0.75
33544,-0.25
33545,-1.75
33546,0.75
33547,11.75
33548,2.75
33549,-0.25
33550,0.75
33551,0.75
33552,3.25
33553,-0.25
33554,2.75
33555,15.75
33556,-2.25
33557,5.25
33558,-0.25
33559,-0.25
33560,-0.75
33561,-0.75
33562,1.75
33563,14.25
33564,12.75
33565,0.75
33566,1.75
33567,10.0
33568,0.25
33569,-2.25
33570,0.75
33571,0.75
33572,18.25
33573,1.75
33574,0.25
33575,3.75
33576,-0.25
33577,-0.25
33578,1.75
33579,2.25
33580,0.25
33581,1.75
33582,-0.25
33583,1.75
33584,2.75
33585,1.75
33586,-1.75
33587,-0.25
33588,0.75
33589,1.25
33590,2.25
33591,1.25
33592,-0.25
33593,-6.25
33594,0.75
33595,0.25
33596,1.25
33597,1.25
33598,0.25
33599,-0.25
33600,1.75
33601,-0.25
33602,1.25
33603,0.75
33604,0.75
33605,-4.25
33606,0.25
33607,-2.75
33608,0.75
33609,5.25
33610,-1.25
33611,-0.75
33612,-0.25
33613,-0.25
33614,5.25
33615,-0.75
33616,13.75
33617,0.75
33618,-0.25
33619,0.75
33620,2.75
33621,0.75
33622,-0.25
33623,1.25
33624,2.25
33625,5.75
33626,-1.25
33627,-4.25
33628,17.75
33629,0.75
33630,0.25
33631,-0.25
33632,-2.25
33633,0.25
33634,3.75
33635,-1.25
33636,-0.75
33637,-1.25
33638,13.75
33639,-0.25
33640,-0.75
33641,1.75
33642,-0.75
33643,-0.25
33644,16.75
33645,0.25
33646,-0.75
33647,-0.25
33648,-1.25
33649,-0.25
33650,0.75
33651,-14.75
33652,12.25
33653,0.75
33654,-0.25
33655,-0.25
33656,0.75
33657,3.25
33658,-0.75
33659,0.75
33660,0.75
33661,1.25
33662,0.75
33663,1.75
33664,-0.25
33665,-0.25
33666,2.75
33667,0.75
33668,-0.75
33669,3.75
33670,-0.75
33671,-0.25
33672,-0.75
33673,-0.25
33674,1.25
33675,-3.75
33676,0.75
33677,1.25
33678,11.75
33679,12.5
33680,-1.25
33681,-0.75
33682,5.25
33683,-0.75
33684,3.25
33685,-0.25
33686,3.25
33687,-0.75
33688,4.25
33689,-0.25
33690,-0.25
33691,5.75
33692,-0.25
33693,0.25
33694,0.75
33695,1.75
33696,0.75
33697,1.75
33698,-0.25
33699,3.0
33700,0.75
33701,1.25
33702,9.75
33703,1.25
33704,-0.25
33705,-0.75
33706,0.75
33707,-0.25
33708,-0.75
33709,-0.25
33710,1.25
33711,-1.75
33712,0.75
33713,-0.25
33714,-1.25
33715,2.25
33716,0.75
33717,2.25
33718,1.75
33719,-3.75
33720,-0.75
33721,7.75
33722,1.75
33723,14.75
33724,17.0
33725,20.75
33726,2.25
33727,0.75
33728,3.75
33729,-1.25
33730,3.75
33731,31.0
33732,-0.75
33733,-2.25
33734,-0.25
33735,-0.75
33736,3.75
33737,-0.75
33738,1.25
33739,-0.25
33740,1.25
33741,3.75
33742,-0.75
33743,1.25
33744,-0.75
33745,7.75
33746,14.75
33747,-0.25
33748,-3.25
33749,-0.75
33750,-0.25
33751,3.75
33752,-0.75
33753,3.75
33754,1.75
33755,-0.25
33756,-15.75
33757,2.25
33758,-4.25
33759,0.75
33760,0.75
33761,2.25
33762,6.75
33763,0.75
33764,-4.25
33765,0.75
33766,0.75
33767,-0.25
33768,3.75
33769,2.25
33770,-0.75
33771,0.75
33772,0.75
33773,0.75
33774,2.25
33775,-0.75
33776,1.75
33777,-0.75
33778,-1.25
33779,-0.75
33780,8.75
33781,-0.25
33782,0.75
33783,2.75
33784,0.25
33785,-0.75
33786,-0.75
33787,-7.25
33788,3.25
33789,-1.75
33790,0.25
33791,0.25
33792,-0.25
33793,-0.25
33794,0.25
33795,-0.25
33796,-0.25
33797,2.75
33798,-0.75
33799,-0.25
33800,16.25
33801,0.75
33802,3.75
33803,-0.75
33804,-1.75
33805,-0.75
33806,5.75
33807,4.25
33808,1.25
33809,0.25
33810,2.75
33811,0.75
33812,-0.25
33813,0.75
33814,2.75
33815,5.25
33816,-0.25
33817,1.75
33818,-0.25
33819,0.75
33820,-0.75
33821,-9.75
33822,-0.75
33823,0.75
33824,1.75
33825,1.75
33826,2.75
33827,-0.25
33828,0.75
33829,-0.25
33830,-0.75
33831,2.75
33832,0.75
33833,-0.25
33834,-0.75
33835,1.75
33836,0.75
33837,-0.25
33838,0.75
33839,-0.25
33840,-0.25
33841,-0.25
33842,-6.25
33843,0.25
33844,-0.25
33845,0.75
33846,0.75
33847,4.25
33848,19.5
33849,3.75
33850,-11.25
33851,0.75
33852,-0.25
33853,2.75
33854,-0.75
33855,-0.25
33856,-0.75
33857,1.25
33858,1.75
33859,0.25
33860,23.0
33861,-1.75
33862,-0.75
33863,3.25
33864,-0.75
33865,0.75
33866,-0.75
33867,0.75
33868,7.25
33869,-0.75
33870,2.25
33871,-0.25
33872,-0.25
33873,7.75
33874,18.25
33875,-0.25
33876,-0.25
33877,0.75
33878,0.25
33879,0.75
33880,3.75
33881,-1.25
33882,0.25
33883,-0.75
33884,2.75
33885,3.25
33886,-0.75
33887,0.75
33888,0.75
33889,-0.25
33890,0.75
33891,0.25
33892,0.75
33893,0.75
33894,20.75
33895,1.75
33896,-0.75
33897,-0.75
33898,3.25
33899,-1.25
33900,2.75
33901,0.25
33902,-0.75
33903,-0.75
33904,-0.25
33905,0.75
33906,-0.75
33907,-0.25
33908,19.0
33909,1.25
33910,3.25
33911,2.25
33912,-0.75
33913,0.25
33914,3.75
33915,13.75
33916,2.25
33917,3.75
33918,-0.75
33919,7.75
33920,-0.75
33921,0.25
33922,11.25
33923,0.75
33924,2.25
33925,-2.25
33926,2.75
33927,0.75
33928,0.75
33929,8.25
33930,-0.75
33931,0.25
33932,13.25
33933,-0.75
33934,-0.75
33935,1.25
33936,0.75
33937,0.75
33938,-1.75
33939,2.75
33940,2.75
33941,-0.25
33942,8.25
33943,0.75
33944,-0.75
33945,-4.25
33946,-0.75
33947,9.75
33948,18.25
33949,0.75
33950,-0.75
33951,17.75
33952,3.25
33953,-0.75
33954,1.75
33955,8.75
33956,-0.75
33957,-17.75
33958,-0.75
33959,-0.25
33960,0.25
33961,1.25
33962,-0.75
33963,2.75
33964,-5.75
33965,0.75
33966,0.25
33967,0.25
33968,9.25
33969,-0.75
33970,0.75
33971,-0.75
33972,-2.25
33973,-0.75
33974,6.25
33975,-0.25
33976,-4.75
33977,-0.75
33978,-0.25
33979,4.25
33980,0.25
33981,-0.25
33982,3.25
33983,-0.75
33984,-0.25
33985,2.75
33986,-2.25
33987,0.75
33988,0.75
33989,3.75
33990,2.75
33991,0.75
33992,1.25
33993,3.75
33994,20.25
33995,3.25
33996,-0.25
33997,-0.75
33998,-0.75
33999,-0.25
34000,3.25
34001,1.75
34002,-0.25
34003,-6.25
34004,-0.75
34005,-10.25
34006,2.75
34007,0.75
34008,-0.25
34009,0.75
34010,-0.75
34011,-4.75
34012,1.75
34013,-2.75
34014,1.25
34015,-2.75
34016,2.25
34017,0.75
34018,-0.75
34019,-0.75
34020,1.25
34021,-0.25
34022,0.75
34023,-1.25
34024,-4.25
34025,-0.25
34026,-0.25
34027,1.75
34028,-1.75
34029,1.75
34030,-3.75
34031,-0.75
34032,-0.25
34033,8.25
34034,-0.75
34035,-0.75
34036,-2.75
34037,-0.75
34038,0.75
34039,1.25
34040,-2.75
34041,-0.75
34042,21.25
34043,0.75
34044,0.75
34045,0.75
34046,0.75
34047,2.25
34048,2.25
34049,-1.25
34050,-0.75
34051,-0.25
34052,-0.25
34053,2.25
34054,0.75
34055,1.75
34056,5.75
34057,0.75
34058,12.75
34059,6.25
34060,-7.75
34061,-0.25
34062,-0.75
34063,0.75
34064,-0.25
34065,0.75
34066,-0.25
34067,-2.75
34068,-0.25
34069,2.75
34070,-1.25
34071,0.75
34072,2.25
34073,0.75
34074,0.75
34075,0.75
34076,-0.75
34077,0.75
34078,7.25
34079,0.75
34080,0.75
34081,-0.75
34082,-3.25
34083,-0.25
34084,3.25
34085,-0.25
34086,-0.75
34087,-0.25
34088,1.25
34089,0.25
34090,0.75
34091,2.75
34092,0.25
34093,-0.75
34094,-0.25
34095,1.75
34096,-4.25
34097,0.75
34098,-2.75
34099,-0.25
34100,-0.25
34101,1.75
34102,-0.25
34103,5.75
34104,-0.25
34105,-0.75
34106,0.75
34107,0.25
34108,4.25
34109,0.25
34110,-0.25
34111,-0.25
34112,0.75
34113,0.75
34114,-0.75
34115,0.25
34116,0.25
34117,-0.75
34118,0.75
34119,13.75
34120,0.75
34121,4.75
34122,3.25
34123,0.25
34124,-0.75
34125,1.25
34126,1.25
34127,0.75
34128,-1.25
34129,-0.75
34130,0.75
34131,0.25
34132,0.75
34133,0.75
34134,3.25
34135,-0.75
34136,0.75
34137,0.75
34138,0.75
34139,-0.25
34140,1.75
34141,1.75
34142,1.75
34143,1.25
34144,-1.25
34145,11.25
34146,0.75
34147,-0.75
34148,0.75
34149,0.25
34150,-1.25
34151,-0.25
34152,-0.25
34153,-2.25
34154,2.25
34155,3.25
34156,3.25
34157,4.25
34158,0.25
34159,0.75
34160,-0.25
34161,10.75
34162,21.75
34163,0.75
34164,-0.75
34165,-0.25
34166,1.75
34167,0.75
34168,2.25
34169,-0.75
34170,-0.75
34171,0.25
34172,0.75
34173,-2.75
34174,-0.75
34175,-0.25
34176,3.75
34177,8.25
34178,0.75
34179,-0.25
34180,6.75
34181,1.25
34182,-0.25
34183,-0.75
34184,-0.25
34185,-0.75
34186,-0.75
34187,-0.75
34188,0.25
34189,-0.25
34190,-0.25
34191,-0.75
34192,-0.25
34193,0.25
34194,6.25
34195,-0.25
34196,0.75
34197,0.25
34198,-0.75
34199,-0.25
34200,-0.25
34201,0.25
34202,0.75
34203,-0.25
34204,1.75
34205,-4.75
34206,1.25
34207,-0.25
34208,2.75
34209,5.25
34210,-3.25
34211,-0.25
34212,0.25
34213,-0.75
34214,1.25
34215,-2.25
34216,0.75
34217,3.25
34218,-0.75
34219,1.25
34220,-0.25
34221,0.75
34222,12.25
34223,1.75
34224,16.25
34225,-8.75
34226,0.75
34227,-2.25
34228,4.75
34229,3.25
34230,-0.75
34231,0.75
34232,-0.25
34233,-0.75
34234,0.75
34235,-0.75
34236,-0.25
34237,0.75
34238,0.75
34239,-0.25
34240,1.75
34241,3.25
34242,0.75
34243,1.25
34244,-0.75
34245,3.75
34246,-0.75
34247,-2.75
34248,0.75
34249,0.75
34250,-0.25
34251,20.25
34252,0.75
34253,-0.25
34254,3.25
34255,1.75
34256,37.25
34257,0.75
34258,1.25
34259,2.75
34260,-0.75
34261,10.25
34262,10.75
34263,-8.75
34264,5.25
34265,-0.75
34266,-1.25
34267,-0.75
34268,5.25
34269,1.25
34270,-0.75
34271,2.75
34272,0.75
34273,-0.25
34274,-0.25
34275,2.25
34276,-0.75
34277,0.75
34278,1.75
34279,2.25
34280,0.75
34281,0.75
34282,-0.75
34283,12.25
34284,0.75
34285,-0.25
34286,-0.75
34287,33.25
34288,0.75
34289,0.25
34290,1.25
34291,2.25
34292,-0.25
34293,1.25
34294,2.25
34295,-0.25
34296,1.75
34297,0.75
34298,0.75
34299,4.25
34300,-0.75
34301,-0.25
34302,0.25
34303,2.25
34304,1.75
34305,-0.25
34306,2.75
34307,0.75
34308,-0.75
34309,-6.25
34310,0.25
34311,1.25
34312,-0.25
34313,0.25
34314,1.75
34315,0.25
34316,-0.25
34317,-0.75
34318,13.5
34319,0.75
34320,-0.25
34321,1.25
34322,1.75
34323,7.25
34324,1.75
34325,-0.25
34326,-0.75
34327,-6.25
34328,-0.25
34329,1.75
34330,0.25
34331,1.75
34332,-0.75
34333,-0.25
34334,1.25
34335,-0.25
34336,5.25
34337,2.25
34338,3.25
34339,-0.75
34340,2.25
34341,0.75
34342,3.25
34343,-0.25
34344,-0.75
34345,0.75
34346,-0.75
34347,-2.75
34348,4.75
34349,3.25
34350,-0.25
34351,1.25
34352,0.75
34353,0.75
34354,24.0
34355,0.25
34356,-0.75
34357,0.25
34358,-0.25
34359,-2.75
34360,2.75
34361,8.25
34362,-0.75
34363,0.75
34364,2.25
34365,-0.25
34366,1.75
34367,-0.75
34368,-0.25
34369,0.75
34370,2.25
34371,2.25
34372,-0.25
34373,0.75
34374,0.75
34375,-0.75
34376,4.75
34377,2.75
34378,-0.25
34379,-0.25
34380,3.75
34381,3.25
34382,0.25
34383,-0.75
34384,0.75
34385,-0.75
34386,-3.25
34387,-0.25
34388,0.75
34389,1.75
34390,1.25
34391,-1.25
34392,3.75
34393,-0.25
34394,2.75
34395,0.75
34396,-0.75
34397,2.25
34398,1.75
34399,17.25
34400,5.25
34401,-0.25
34402,-4.25
34403,2.75
34404,-0.25
34405,-0.25
34406,-0.25
34407,-0.75
34408,0.75
34409,0.75
34410,0.75
34411,1.25
34412,-0.75
34413,0.75
34414,-1.75
34415,13.75
34416,0.75
34417,-0.25
34418,-0.25
34419,0.25
34420,0.25
34421,0.75
34422,1.25
34423,2.25
34424,0.75
34425,1.25
34426,-0.25
34427,-0.25
34428,3.25
34429,-9.75
34430,1.25
34431,-0.75
34432,0.25
34433,-0.75
34434,-0.75
34435,0.25
34436,0.25
34437,1.25
34438,-0.75
34439,-0.75
34440,-0.25
34441,0.75
34442,2.25
34443,-4.25
34444,-1.25
34445,1.75
34446,2.25
34447,-0.75
34448,1.25
34449,-0.75
34450,-0.25
34451,2.75
34452,-0.75
34453,2.25
34454,3.25
34455,0.75
34456,-0.75
34457,2.25
34458,0.75
34459,1.25
34460,0.75
34461,-0.25
34462,2.25
34463,2.25
34464,0.75
34465,2.25
34466,-1.25
34467,-0.25
34468,-1.75
34469,-0.25
34470,-0.75
34471,10.25
34472,-1.75
34473,0.75
34474,1.25
34475,1.25
34476,0.25
34477,2.25
34478,25.0
34479,0.75
34480,3.25
34481,2.25
34482,-0.25
34483,2.75
34484,2.75
34485,16.5
34486,9.75
34487,-0.25
34488,1.75
34489,0.75
34490,-1.25
34491,-0.75
34492,1.25
34493,15.25
34494,3.25
34495,1.75
34496,-0.25
34497,-0.25
34498,-0.75
34499,1.25
34500,-0.25
34501,0.75
34502,0.25
34503,1.25
34504,-14.25
34505,3.75
34506,-0.75
34507,3.25
34508,-0.75
34509,22.75
34510,15.5
34511,0.75
34512,-0.75
34513,0.75
34514,1.75
34515,-0.75
34516,4.25
34517,1.25
34518,-5.25
34519,-0.75
34520,-0.75
34521,-0.25
34522,-1.25
34523,-0.75
34524,3.25
34525,-0.25
34526,0.75
34527,-1.25
34528,4.25
34529,0.75
34530,-0.25
34531,6.25
34532,1.25
34533,-3.75
34534,0.75
34535,0.25
34536,-0.75
34537,0.25
34538,-10.25
34539,19.0
34540,0.75
34541,0.75
34542,19.0
34543,-0.75
34544,-0.25
34545,-0.25
34546,-0.25
34547,-3.75
34548,0.25
34549,0.25
34550,-0.25
34551,3.75
34552,0.75
34553,-1.25
34554,15.5
34555,-0.25
34556,1.25
34557,0.75
34558,-0.75
34559,-0.75
34560,0.75
34561,0.75
34562,9.75
34563,-0.25
34564,-0.25
34565,10.25
34566,0.75
34567,-9.75
34568,19.0
34569,25.0
34570,1.75
34571,18.0
34572,-0.75
34573,0.25
34574,3.25
34575,0.75
34576,2.75
34577,-0.75
34578,0.75
34579,-0.75
34580,0.75
34581,0.25
34582,-0.25
34583,0.25
34584,6.75
34585,1.75
34586,0.75
34587,1.75
34588,-0.25
34589,0.25
34590,3.25
34591,2.25
34592,17.5
34593,-1.25
34594,-0.25
34595,-0.75
34596,-6.75
34597,-0.25
34598,-0.25
34599,0.75
34600,0.75
34601,-0.25
34602,13.25
34603,1.25
34604,-0.75
34605,-0.25
34606,1.25
34607,1.25
34608,-0.75
34609,-0.75
34610,7.75
34611,-0.25
34612,3.25
34613,11.25
34614,-0.25
34615,-0.25
34616,-0.25
34617,-0.25
34618,1.75
34619,1.25
34620,0.75
34621,19.25
34622,2.25
34623,-0.75
34624,1.25
34625,0.25
34626,0.75
34627,1.25
34628,-0.75
34629,1.75
34630,0.75
34631,0.75
34632,-0.25
34633,13.0
34634,-0.25
34635,-0.25
34636,-0.25
34637,1.75
34638,0.75
34639,-0.25
34640,3.75
34641,3.25
34642,0.75
34643,2.75
34644,0.25
34645,-0.25
34646,1.25
34647,-1.75
34648,-0.75
34649,-4.25
34650,1.25
34651,22.25
34652,10.25
34653,-3.25
34654,-0.25
34655,-0.25
34656,-0.25
34657,-0.75
34658,18.25
34659,-0.75
34660,3.25
34661,12.0
34662,-0.75
34663,1.25
34664,2.75
34665,-0.25
34666,3.25
34667,0.25
34668,-0.25
34669,0.75
34670,0.75
34671,-5.25
34672,-1.25
34673,-0.75
34674,-0.25
34675,0.75
34676,17.25
34677,-1.25
34678,3.25
34679,-0.25
34680,3.75
34681,15.0
34682,-0.25
34683,-0.25
34684,17.5
34685,0.75
34686,-0.75
34687,-0.25
34688,0.75
34689,0.25
34690,23.5
34691,0.75
34692,-0.25
34693,-0.25
34694,-0.25
34695,3.75
34696,-0.25
34697,-1.75
34698,0.75
34699,0.75
34700,2.25
34701,7.75
34702,0.75
34703,0.75
34704,0.75
34705,-0.25
34706,-0.75
34707,1.75
34708,9.75
34709,1.25
34710,0.75
34711,16.0
34712,-0.25
34713,0.75
34714,-0.25
34715,-0.25
34716,10.75
34717,-0.75
34718,18.0
34719,4.25
34720,-24.75
34721,-0.25
34722,0.75
34723,15.5
34724,0.75
34725,-0.25
34726,-0.75
34727,39.5
34728,-7.75
34729,-0.25
34730,1.75
34731,0.25
34732,5.75
34733,1.25
34734,0.75
34735,4.75
34736,0.75
34737,-0.75
34738,-0.75
34739,-0.75
34740,-3.25
34741,0.25
34742,1.25
34743,3.75
34744,0.25
34745,3.75
34746,0.75
34747,-0.25
34748,1.75
34749,3.25
34750,1.75
34751,-0.75
34752,-0.25
34753,13.75
34754,0.75
34755,0.75
34756,-4.75
34757,1.25
34758,-2.25
34759,3.25
34760,1.25
34761,-3.25
34762,-0.75
34763,4.25
34764,-0.25
34765,4.25
34766,-0.25
34767,11.25
34768,0.75
34769,0.75
34770,21.75
34771,2.25
34772,-19.25
34773,-0.25
34774,0.25
34775,1.25
34776,4.25
34777,0.25
34778,-0.25
34779,-1.25
34780,2.25
34781,-0.25
34782,0.75
34783,0.75
34784,-23.75
34785,1.25
34786,1.25
34787,3.75
34788,0.25
34789,2.75
34790,-2.25
34791,2.75
34792,0.75
34793,4.75
34794,-0.25
34795,-0.75
34796,2.25
34797,-0.75
34798,2.75
34799,-0.25
34800,2.75
34801,-2.25
34802,-0.25
34803,-0.75
34804,-1.25
34805,7.75
34806,6.75
34807,-0.75
34808,0.75
34809,-0.25
34810,0.75
34811,-2.75
34812,-1.25
34813,-0.75
34814,-0.25
34815,1.25
34816,-0.75
34817,-6.25
34818,-6.25
34819,6.25
34820,1.75
34821,-0.25
34822,1.75
34823,-2.25
34824,-0.25
34825,-0.75
34826,-0.25
34827,18.0
34828,-0.25
34829,1.25
34830,-0.25
34831,1.75
34832,2.25
34833,0.75
34834,0.25
34835,9.75
34836,0.75
34837,0.75
34838,1.25
34839,-0.25
34840,5.25
34841,1.25
34842,0.25
34843,0.25
34844,-10.25
34845,-8.75
34846,-0.25
34847,0.25
34848,-0.75
34849,-1.25
34850,-0.25
34851,0.75
34852,-0.25
34853,0.75
34854,2.75
34855,0.25
34856,2.25
34857,-9.25
34858,-0.75
34859,-0.25
34860,0.75
34861,4.25
34862,0.75
34863,-0.25
34864,1.25
34865,-1.25
34866,-5.25
34867,1.25
34868,-0.25
34869,0.75
34870,27.75
34871,-0.75
34872,-0.75
34873,3.25
34874,-5.25
34875,-0.25
34876,0.25
34877,1.75
34878,-0.75
34879,5.75
34880,-0.25
34881,2.75
34882,-1.75
34883,0.75
34884,0.75
34885,0.25
34886,-0.75
34887,-4.25
34888,0.75
34889,0.75
34890,-2.25
34891,-0.75
34892,-2.25
34893,-0.75
34894,-0.75
34895,-0.75
34896,-2.25
34897,-0.75
34898,0.25
34899,8.75
34900,-0.25
34901,-0.75
34902,0.25
34903,-0.25
34904,2.25
34905,0.25
34906,-1.25
34907,-0.25
34908,-0.75
34909,0.25
34910,-3.25
34911,0.75
34912,2.25
34913,-1.25
34914,-0.25
34915,-1.25
34916,-0.25
34917,6.25
34918,-3.25
34919,0.75
34920,-0.75
34921,1.25
34922,-0.25
34923,2.75
34924,-0.75
34925,-1.25
34926,-0.75
34927,2.75
34928,-2.75
34929,0.75
34930,-0.25
34931,7.25
34932,-0.25
34933,-0.75
34934,-0.25
34935,-0.25
34936,-0.75
34937,0.25
34938,2.75
34939,-0.75
34940,-0.75
34941,4.75
34942,-0.25
34943,2.75
34944,-0.25
34945,0.25
34946,-0.75
34947,-0.25
34948,0.75
34949,12.75
34950,-0.75
34951,-0.75
34952,0.75
34953,-1.75
34954,2.25
34955,4.25
34956,-0.25
34957,-0.75
34958,0.75
34959,-4.75
34960,6.25
34961,0.25
34962,-0.75
34963,0.75
34964,0.75
34965,-0.25
34966,-5.25
34967,0.25
34968,0.75
34969,0.75
34970,-0.25
34971,0.75
34972,-0.75
34973,-0.25
34974,-0.25
34975,0.75
34976,0.75
34977,-0.25
34978,0.75
34979,-0.75
34980,-0.75
34981,1.25
34982,0.75
34983,0.75
34984,0.75
34985,4.25
34986,-0.25
34987,-0.75
34988,-0.25
34989,-0.25
34990,2.25
34991,14.75
34992,-0.25
34993,-0.75
34994,1.75
34995,-0.25
34996,1.75
34997,5.75
34998,-0.75
34999,-0.25
35000,0.25
35001,-0.25
35002,1.25
35003,4.75
35004,-0.75
35005,-0.75
35006,0.25
35007,-0.25
35008,-0.25
35009,1.75
35010,0.25
35011,-0.75
35012,0.75
35013,11.75
35014,0.75
35015,-0.75
35016,-0.75
35017,1.25
35018,0.75
35019,-0.25
35020,-0.75
35021,-0.75
35022,-0.75
35023,0.75
35024,-0.25
35025,0.75
35026,0.75
35027,-1.25
35028,-0.75
35029,-0.75
35030,0.75
35031,0.75
35032,10.25
35033,-1.75
35034,-4.25
35035,0.75
35036,-0.75
35037,0.75
35038,2.25
35039,0.25
35040,-0.75
35041,-0.25
35042,-0.25
35043,0.75
35044,0.75
35045,-0.25
35046,-0.75
35047,0.75
35048,0.75
35049,-0.25
35050,-0.25
35051,-0.75
35052,0.75
35053,4.75
35054,-0.75
35055,-0.25
35056,2.25
35057,-0.75
35058,-0.75
35059,-0.75
35060,-1.75
35061,-0.75
35062,2.25
35063,-0.75
35064,-0.25
35065,-0.75
35066,0.75
35067,-0.75
35068,0.75
35069,0.75
35070,0.75
35071,0.75
35072,0.75
35073,0.75
35074,2.25
35075,0.75
35076,0.25
35077,-0.75
35078,-0.25
35079,0.75
35080,-0.25
35081,0.75
35082,15.25
35083,-1.25
35084,0.75
35085,1.25
35086,1.25
35087,-0.75
35088,-2.75
35089,-0.75
35090,-0.75
35091,-0.75
35092,0.75
35093,2.25
35094,-0.75
35095,-0.75
35096,-0.25
35097,0.75
35098,-1.75
35099,-0.25
35100,0.75
35101,-0.25
35102,0.25
35103,-0.25
35104,-3.75
35105,-0.75
35106,0.25
35107,0.75
35108,-0.75
35109,-0.25
35110,0.25
35111,0.75
35112,3.75
35113,0.75
35114,-0.75
35115,-1.75
35116,-0.75
35117,-0.25
35118,-2.25
35119,-0.25
35120,-0.75
35121,1.75
35122,0.25
35123,0.75
35124,2.25
35125,-0.75
35126,0.25
35127,-3.25
35128,2.75
35129,15.75
35130,-0.75
35131,-0.75
35132,0.75
35133,-0.25
35134,-0.75
35135,-0.75
35136,-0.25
35137,0.75
35138,-0.25
35139,-4.25
35140,-2.75
35141,2.75
35142,-0.75
35143,0.75
35144,0.25
35145,-0.25
35146,4.75
35147,1.75
35148,-0.75
35149,-0.75
35150,0.75
35151,7.75
35152,1.25
35153,5.25
35154,0.25
35155,-0.75
35156,-3.25
35157,0.25
35158,-0.75
35159,22.25
35160,0.75
35161,0.75
35162,0.75
35163,-5.75
35164,16.25
35165,3.75
35166,-0.75
35167,1.25
35168,-1.25
35169,-0.25
35170,0.75
35171,-7.25
35172,-0.75
35173,-7.75
35174,-2.25
35175,2.75
35176,-0.75
35177,-5.25
35178,-9.25
35179,-0.25
35180,2.25
35181,0.75
35182,-0.75
35183,0.75
35184,-8.25
35185,3.25
35186,-2.75
35187,-0.75
35188,1.25
35189,-0.75
35190,2.25
35191,-0.25
35192,11.25
35193,-2.25
35194,1.75
35195,-0.75
35196,-0.25
35197,-0.25
35198,-2.75
35199,7.25
35200,-0.75
35201,0.25
35202,-0.25
35203,-0.75
35204,-1.75
35205,2.75
35206,0.75
35207,0.25
35208,-0.75
35209,-0.75
35210,-0.75
35211,0.75
35212,1.25
35213,-0.25
35214,-0.75
35215,-0.25
35216,-0.25
35217,-0.25
35218,-0.75
35219,-0.75
35220,-1.25
35221,-0.75
35222,-0.75
35223,2.25
35224,-0.75
35225,-0.25
35226,-0.75
35227,-0.25
35228,0.75
35229,0.75
35230,0.75
35231,-0.25
35232,0.75
35233,1.25
35234,-0.25
35235,0.75
35236,0.75
35237,0.75
35238,0.75
35239,-0.25
35240,-0.75
35241,1.25
35242,0.25
35243,-0.25
35244,-2.25
35245,-0.25
35246,2.25
35247,-0.25
35248,1.25
35249,0.25
35250,0.25
35251,1.25
35252,-0.25
35253,-0.25
35254,-0.25
35255,1.75
35256,-5.25
35257,-0.25
35258,0.75
35259,0.75
35260,0.75
35261,2.25
35262,-0.25
35263,-0.75
35264,-0.25
35265,-0.25
35266,-0.25
35267,0.75
35268,0.75
35269,0.75
35270,-0.75
35271,-0.25
35272,0.75
35273,0.75
35274,-0.25
35275,-0.25
35276,-0.25
35277,-0.25
35278,-0.75
35279,-0.75
35280,-0.25
35281,-1.75
35282,-0.25
35283,5.75
35284,0.75
35285,-0.75
35286,0.25
35287,0.25
35288,-0.25
35289,10.75
35290,-0.25
35291,-0.25
35292,2.25
35293,2.25
35294,0.75
35295,8.25
35296,-0.25
35297,-0.25
35298,-0.75
35299,-0.75
35300,-0.25
35301,-0.75
35302,-0.25
35303,0.75
35304,-0.75
35305,-0.75
35306,0.75
35307,-0.75
35308,-0.75
35309,0.75
35310,0.75
35311,0.75
35312,-0.75
35313,0.75
35314,0.25
35315,-0.75
35316,0.25
35317,-0.75
35318,0.75
35319,-0.75
35320,-0.25
35321,0.25
35322,-0.75
35323,-0.25
35324,0.75
35325,0.25
35326,9.25
35327,1.25
35328,0.75
35329,-0.25
35330,3.25
35331,-0.25
35332,-0.75
35333,0.75
35334,2.25
35335,0.25
35336,0.75
35337,1.25
35338,-0.75
35339,-0.75
35340,-1.25
35341,2.25
35342,6.75
35343,-0.75
35344,-0.25
35345,-0.25
35346,0.75
35347,0.25
35348,0.25
35349,-0.25
35350,-0.75
35351,0.25
35352,-0.75
35353,0.75
35354,-0.75
35355,-0.25
35356,2.25
35357,-0.25
35358,-0.75
35359,-0.75
35360,-0.75
35361,-0.75
35362,0.25
35363,-0.75
35364,-0.25
35365,-0.75
35366,0.25
35367,0.75
35368,0.25
35369,0.25
35370,0.75
35371,-0.75
35372,-0.25
35373,0.75
35374,-0.75
35375,-0.75
35376,-0.75
35377,-0.25
35378,-0.25
35379,-0.75
35380,0.75
35381,1.25
35382,0.25
35383,-0.25
35384,-1.25
35385,0.75
35386,-0.75
35387,-0.75
35388,-0.75
35389,-0.75
35390,0.75
35391,1.75
35392,-0.25
35393,-0.75
35394,-0.75
35395,0.25
35396,-0.75
35397,0.75
35398,0.75
35399,-0.75
35400,-0.75
35401,-0.75
35402,-0.75
35403,-0.25
35404,0.25
35405,0.25
35406,-0.25
35407,0.25
35408,0.25
35409,0.25
35410,0.75
35411,-1.25
35412,-0.25
35413,-1.25
35414,1.25
35415,0.75
35416,0.75
35417,-0.25
35418,-0.75
35419,0.25
35420,0.25
35421,0.25
35422,-0.75
35423,0.25
35424,0.75
35425,-0.75
35426,-0.25
35427,-0.25
35428,-0.25
35429,1.25
35430,13.25
35431,-0.25
35432,0.75
35433,1.25
35434,-0.75
35435,-0.25
35436,0.75
35437,-0.75
35438,-1.25
35439,0.75
35440,0.75
35441,-0.75
35442,-0.75
35443,-0.75
35444,1.25
35445,-0.25
35446,-0.25
35447,-0.75
35448,0.75
35449,0.75
35450,-1.25
35451,-0.75
35452,-0.25
35453,-5.75
35454,1.25
35455,-0.75
35456,-0.75
35457,-0.75
35458,1.75
35459,0.25
35460,2.25
35461,-0.25
35462,3.75
35463,1.25
35464,-0.75
35465,0.25
35466,3.75
35467,-1.25
35468,-0.75
35469,5.25
35470,-0.25
35471,-0.25
35472,0.75
35473,-4.25
35474,8.75
35475,0.25
35476,9.75
35477,-0.25
35478,-1.75
35479,-0.25
35480,5.25
35481,0.75
35482,-0.75
35483,8.25
35484,4.75
35485,-1.75
35486,-0.75
35487,2.75
35488,1.75
35489,0.75
35490,-0.25
35491,-0.75
35492,-0.75
35493,-0.75
35494,-0.25
35495,0.75
35496,-0.75
35497,-0.75
35498,1.25
35499,1.75
35500,-0.25
35501,-0.75
35502,-1.25
35503,0.75
35504,1.25
35505,-0.75
35506,1.75
35507,0.75
35508,-0.75
35509,-0.75
35510,-0.75
35511,-0.75
35512,0.25
35513,0.75
35514,-0.75
35515,-0.75
35516,1.25
35517,-1.25
35518,1.25
35519,0.75
35520,-0.75
35521,1.75
35522,0.75
35523,-0.75
35524,-0.75
35525,3.75
35526,-0.75
35527,0.75
35528,-0.25
35529,-0.75
35530,0.25
35531,3.25
35532,-0.75
35533,-0.75
35534,2.25
35535,0.25
35536,-0.75
35537,0.75
35538,-0.75
35539,-0.25
35540,0.25
35541,1.25
35542,0.75
35543,-0.75
35544,1.75
35545,-0.25
35546,-0.25
35547,-0.75
35548,-0.25
35549,2.25
35550,-0.75
35551,-0.75
35552,0.75
35553,-0.75
35554,0.75
35555,0.75
35556,-0.25
35557,-6.25
35558,0.25
35559,-1.25
35560,-0.75
35561,13.75
35562,-0.75
35563,-0.75
35564,-0.75
35565,0.25
35566,-0.25
35567,1.75
35568,0.75
35569,0.75
35570,-0.25
35571,-0.75
35572,1.75
35573,-1.75
35574,-0.75
35575,0.75
35576,-0.75
35577,-0.25
35578,1.25
35579,3.75
35580,-0.75
35581,-0.75
35582,-0.75
35583,0.25
35584,2.75
35585,3.25
35586,-0.75
35587,0.75
35588,2.75
35589,0.75
35590,0.25
35591,-0.75
35592,-0.75
35593,0.25
35594,2.25
35595,0.25
35596,0.75
35597,0.75
35598,-0.25
35599,2.75
35600,-0.25
35601,-0.25
35602,0.75
35603,-2.25
35604,0.75
35605,-1.75
35606,-0.75
35607,0.75
35608,-0.25
35609,-0.25
35610,6.25
35611,-0.25
35612,0.75
35613,12.75
35614,0.75
35615,12.25
35616,0.25
35617,-0.75
35618,0.75
35619,0.75
35620,1.25
35621,-0.75
35622,1.25
35623,-0.75
35624,0.75
35625,-0.75
35626,1.75
35627,-0.75
35628,0.75
35629,1.25
35630,6.75
35631,-0.75
35632,1.75
35633,0.75
35634,0.75
35635,0.75
35636,0.75
35637,0.75
35638,1.25
35639,-0.25
35640,-0.25
35641,8.75
35642,-0.25
35643,0.25
35644,-0.75
35645,0.25
35646,-0.75
35647,0.75
35648,4.25
35649,-0.75
35650,-0.25
35651,-0.75
35652,1.75
35653,-0.75
35654,1.75
35655,-0.25
35656,-0.75
35657,-0.75
35658,2.25
35659,-0.75
35660,9.25
35661,-0.75
35662,1.75
35663,-0.25
35664,-0.25
35665,0.75
35666,-0.75
35667,-0.25
35668,-0.25
35669,0.75
35670,0.75
35671,-0.75
35672,4.75
35673,2.75
35674,-0.75
35675,0.25
35676,-4.25
35677,-4.75
35678,-0.75
35679,1.75
35680,2.75
35681,-0.75
35682,1.75
35683,23.25
35684,1.75
35685,1.25
35686,-0.75
35687,0.75
35688,1.25
35689,0.25
35690,-2.75
35691,1.25
35692,-0.25
35693,-0.25
35694,-0.25
35695,0.25
35696,0.75
35697,0.75
35698,3.25
35699,0.75
35700,14.0
35701,-0.75
35702,-0.75
35703,0.75
35704,-4.25
35705,0.75
35706,1.75
35707,2.75
35708,4.75
35709,-0.75
35710,-0.75
35711,-0.75
35712,1.25
35713,0.75
35714,-0.75
35715,-0.75
35716,-1.75
35717,5.75
35718,0.75
35719,2.25
35720,-0.75
35721,1.25
35722,-0.25
35723,2.75
35724,-0.25
35725,-0.75
35726,1.75
35727,0.25
35728,0.25
35729,-3.25
35730,2.25
35731,5.75
35732,-0.75
35733,-0.25
35734,1.75
35735,3.75
35736,0.75
35737,-1.25
35738,0.75
35739,2.75
35740,15.75
35741,1.75
35742,0.75
35743,-0.75
35744,-0.25
35745,3.25
35746,0.25
35747,0.25
35748,-0.25
35749,-0.75
35750,-0.25
35751,0.25
35752,0.75
35753,9.75
35754,0.75
35755,0.75
35756,-1.25
35757,-0.75
35758,5.75
35759,0.75
35760,3.75
35761,0.25
35762,0.75
35763,-0.75
35764,-0.75
35765,-0.25
35766,0.75
35767,-3.25
35768,-0.25
35769,-0.25
35770,1.75
35771,-0.75
35772,2.25
35773,-0.75
35774,-0.75
35775,-0.25
35776,1.75
35777,-0.25
35778,-2.25
35779,-0.75
35780,0.75
35781,-0.75
35782,-0.25
35783,4.75
35784,-0.25
35785,3.25
35786,-0.25
35787,0.75
35788,5.75
35789,-0.25
35790,-0.25
35791,0.75
35792,-1.25
35793,-0.25
35794,2.25
35795,3.75
35796,0.75
35797,-1.75
35798,0.25
35799,0.75
35800,-1.75
35801,-2.25
35802,-0.25
35803,0.75
35804,-0.25
35805,-0.25
35806,5.25
35807,1.75
35808,0.75
35809,-0.75
35810,-1.25
35811,-6.25
35812,0.25
35813,-0.75
35814,3.25
35815,-3.75
35816,1.75
35817,0.75
35818,-0.25
35819,0.75
35820,1.75
35821,-0.25
35822,1.75
35823,-0.25
35824,-0.75
35825,-7.25
35826,-0.25
35827,-0.25
35828,0.75
35829,0.75
35830,0.75
35831,0.75
35832,-0.25
35833,0.25
35834,1.25
35835,0.75
35836,8.25
35837,1.75
35838,-0.25
35839,0.75
35840,1.75
35841,2.25
35842,-1.25
35843,1.25
35844,-17.25
35845,-1.25
35846,-0.25
35847,0.75
35848,0.25
35849,-0.25
35850,0.25
35851,-0.75
35852,-2.25
35853,9.75
35854,-2.75
35855,5.75
35856,-0.25
35857,1.25
35858,0.75
35859,3.25
35860,0.75
35861,-2.25
35862,-0.75
35863,16.75
35864,5.25
35865,-0.75
35866,-3.25
35867,-0.25
35868,-0.25
35869,10.75
35870,14.0
35871,0.75
35872,1.75
35873,0.75
35874,5.25
35875,-0.25
35876,-0.25
35877,14.75
35878,0.75
35879,0.25
35880,0.25
35881,2.75
35882,-0.75
35883,-0.75
35884,1.75
35885,-0.75
35886,-0.25
35887,-0.25
35888,1.75
35889,2.25
35890,0.75
35891,-1.75
35892,-0.75
35893,0.75
35894,0.75
35895,-0.75
35896,-0.75
35897,0.25
35898,3.25
35899,-0.25
35900,0.75
35901,3.75
35902,3.25
35903,0.25
35904,0.75
35905,-0.25
35906,-0.75
35907,-0.25
35908,-0.75
35909,-0.75
35910,-0.75
35911,0.25
35912,-0.25
35913,1.75
35914,0.25
35915,-0.25
35916,-2.25
35917,0.25
35918,-0.25
35919,-0.25
35920,-2.25
35921,3.25
35922,0.75
35923,-0.25
35924,0.25
35925,1.25
35926,-0.75
35927,-0.75
35928,1.25
35929,-0.75
35930,-0.25
35931,-0.25
35932,-0.25
35933,0.25
35934,11.25
35935,-1.75
35936,-0.75
35937,-0.75
35938,0.75
35939,-0.75
35940,1.75
35941,0.75
35942,0.75
35943,-0.75
35944,-0.75
35945,-0.25
35946,-0.25
35947,-0.75
35948,-1.25
35949,1.25
35950,-0.75
35951,-1.25
35952,0.25
35953,3.25
35954,-0.75
35955,-4.75
35956,0.75
35957,-0.25
35958,0.75
35959,-0.25
35960,2.25
35961,3.25
35962,1.25
35963,0.25
35964,0.75
35965,-0.25
35966,-0.25
35967,3.25
35968,-0.25
35969,11.25
35970,6.75
35971,20.25
35972,0.75
35973,0.75
35974,0.25
35975,3.25
35976,-0.25
35977,0.75
35978,0.25
35979,2.25
35980,0.75
35981,15.75
35982,1.75
35983,-1.75
35984,-0.75
35985,3.25
35986,-0.25
35987,1.25
35988,1.25
35989,-0.25
35990,2.25
35991,1.25
35992,0.75
35993,-0.25
35994,-0.25
35995,0.25
35996,4.25
35997,0.75
35998,0.25
35999,0.75
36000,1.75
36001,-0.25
36002,-0.25
36003,6.75
36004,-0.25
36005,0.75
36006,-0.25
36007,5.25
36008,-2.75
36009,0.75
36010,5.75
36011,-0.75
36012,1.75
36013,0.75
36014,-0.75
36015,-1.25
36016,0.25
36017,1.75
36018,2.25
36019,-0.25
36020,2.25
36021,-3.25
36022,0.75
36023,1.75
36024,-0.25
36025,-0.75
36026,-0.75
36027,-0.25
36028,1.25
36029,0.25
36030,-2.25
36031,-0.75
36032,1.25
36033,-0.75
36034,0.75
36035,0.25
36036,-2.25
36037,0.25
36038,-0.75
36039,0.75
36040,1.75
36041,0.25
36042,-1.25
36043,-5.25
36044,-0.75
36045,-7.25
36046,1.25
36047,-3.25
36048,-0.25
36049,1.25
36050,0.25
36051,0.25
36052,-0.75
36053,-1.25
36054,-0.75
36055,-0.25
36056,6.25
36057,0.75
36058,7.75
36059,0.75
36060,-0.25
36061,0.75
36062,0.75
36063,1.75
36064,1.25
36065,0.75
36066,1.25
36067,0.75
36068,0.25
36069,-1.25
36070,2.25
36071,18.75
36072,-4.25
36073,-0.75
36074,-3.25
36075,11.75
36076,-0.75
36077,-2.75
36078,0.75
36079,0.75
36080,1.25
36081,21.5
36082,4.75
36083,7.25
36084,-2.25
36085,3.25
36086,0.25
36087,5.25
36088,0.75
36089,-0.75
36090,-0.25
36091,-0.25
36092,-0.25
36093,13.75
36094,15.5
36095,2.75
36096,-0.25
36097,0.25
36098,-0.25
36099,-0.25
36100,0.75
36101,4.75
36102,0.75
36103,2.25
36104,2.25
36105,-0.25
36106,0.75
36107,-0.25
36108,4.25
36109,2.25
36110,9.75
36111,0.75
36112,15.5
36113,0.25
36114,0.75
36115,4.25
36116,9.25
36117,5.25
36118,-0.25
36119,0.75
36120,1.75
36121,2.75
36122,-6.25
36123,12.25
36124,0.75
36125,-0.75
36126,-1.25
36127,15.0
36128,-0.25
36129,-0.75
36130,-0.75
36131,-4.25
36132,1.25
36133,-0.25
36134,0.75
36135,8.25
36136,1.25
36137,0.75
36138,-0.75
36139,-0.25
36140,-5.25
36141,0.75
36142,0.75
36143,-14.25
36144,-0.25
36145,-1.75
36146,-9.75
36147,0.25
36148,-1.25
36149,-0.25
36150,-10.25
36151,-0.25
36152,1.75
36153,2.75
36154,1.75
36155,10.75
36156,-3.25
36157,-1.25
36158,-2.25
36159,0.25
36160,1.75
36161,0.25
36162,8.25
36163,-7.25
36164,-1.75
36165,-0.75
36166,0.75
36167,20.75
36168,4.75
36169,-0.25
36170,1.25
36171,0.75
36172,-0.25
36173,2.75
36174,-0.25
36175,33.0
36176,-2.75
36177,2.75
36178,0.75
36179,1.25
36180,6.75
36181,-14.75
36182,0.75
36183,1.25
36184,3.75
36185,-0.25
36186,8.75
36187,-0.25
36188,-0.25
36189,-0.75
36190,4.25
36191,-0.75
36192,-0.25
36193,5.75
36194,8.75
36195,0.25
36196,-1.25
36197,6.75
36198,0.75
36199,2.25
36200,-2.75
36201,0.75
36202,0.75
36203,-0.75
36204,-0.75
36205,-0.75
36206,0.75
36207,1.75
36208,0.75
36209,-0.75
36210,-0.75
36211,-0.75
36212,3.25
36213,-0.25
36214,-0.25
36215,-0.25
36216,-0.75
36217,1.75
36218,0.75
36219,-0.25
36220,8.25
36221,-0.75
36222,-0.75
36223,-0.75
36224,-0.75
36225,-0.75
36226,2.25
36227,-0.75
36228,-0.25
36229,-1.75
36230,0.75
36231,-0.25
36232,-0.25
36233,2.25
36234,0.75
36235,-0.75
36236,0.75
36237,0.75
36238,-0.75
36239,0.75
36240,-0.75
36241,1.25
36242,0.25
36243,-0.75
36244,1.75
36245,1.25
36246,0.75
36247,1.75
36248,-0.75
36249,3.75
36250,-0.25
36251,-0.25
36252,-9.25
36253,-0.25
36254,1.25
36255,19.25
36256,0.25
36257,-0.75
36258,-0.75
36259,15.25
36260,0.75
36261,1.75
36262,0.75
36263,6.75
36264,-0.25
36265,0.75
36266,-0.75
36267,0.25
36268,-0.75
36269,0.25
36270,-0.75
36271,17.25
36272,-8.25
36273,-0.75
36274,1.75
36275,-0.25
36276,1.25
36277,-0.25
36278,-0.75
36279,0.25
36280,2.75
36281,0.75
36282,-0.25
36283,1.75
36284,0.75
36285,0.75
36286,-0.25
36287,0.75
36288,0.75
36289,0.75
36290,-0.75
36291,0.75
36292,-4.25
36293,-0.75
36294,0.75
36295,0.75
36296,3.75
36297,1.75
36298,0.75
36299,1.25
36300,3.25
36301,-0.25
36302,4.25
36303,-0.25
36304,-4.25
36305,2.25
36306,-0.25
36307,0.75
36308,-0.25
36309,0.75
36310,2.25
36311,2.25
36312,-0.75
36313,-0.75
36314,15.25
36315,1.75
36316,0.75
36317,0.75
36318,3.25
36319,7.75
36320,-1.25
36321,1.25
36322,5.25
36323,-2.75
36324,-5.25
36325,0.75
36326,-3.25
36327,-0.75
36328,-0.75
36329,0.25
36330,-0.75
36331,0.25
36332,0.75
36333,1.25
36334,7.75
36335,-0.25
36336,-0.25
36337,0.75
36338,-1.25
36339,0.75
36340,-0.75
36341,0.25
36342,0.75
36343,-0.75
36344,-1.25
36345,1.75
36346,-0.25
36347,-0.25
36348,4.75
36349,3.25
36350,9.25
36351,1.75
36352,1.25
36353,0.75
36354,18.5
36355,8.75
36356,4.25
36357,-0.25
36358,-0.25
36359,2.25
36360,0.75
36361,-0.25
36362,-0.25
36363,2.25
36364,-0.75
36365,1.75
36366,9.25
36367,0.75
36368,0.25
36369,-0.75
36370,-0.75
36371,-0.75
36372,0.75
36373,1.25
36374,-0.75
36375,0.75
36376,-0.75
36377,20.75
36378,35.75
36379,-1.25
36380,25.5
36381,16.5
36382,1.25
36383,0.25
36384,0.75
36385,-6.25
36386,-0.25
36387,-1.25
36388,0.25
36389,0.25
36390,0.75
36391,-0.25
36392,-1.25
36393,-0.25
36394,-0.25
36395,-2.25
36396,1.25
36397,3.25
36398,1.25
36399,0.75
36400,-0.75
36401,-0.25
36402,3.25
36403,0.25
36404,-0.25
36405,0.75
36406,-0.75
36407,1.25
36408,9.0
36409,-1.25
36410,4.25
36411,-1.25
36412,1.75
36413,-0.25
36414,-5.75
36415,1.75
36416,-0.25
36417,-0.75
36418,0.75
36419,0.75
36420,-0.75
36421,0.75
36422,0.75
36423,-0.75
36424,0.75
36425,8.75
36426,-21.75
36427,1.25
36428,-0.75
36429,-0.75
36430,-0.25
36431,0.75
36432,0.75
36433,-0.25
36434,2.75
36435,6.75
36436,-0.75
36437,-0.75
36438,1.25
36439,-2.25
36440,-0.75
36441,-2.25
36442,12.0
36443,1.25
36444,2.75
36445,3.25
36446,3.75
36447,8.25
36448,2.25
36449,-0.75
36450,-1.25
36451,1.75
36452,-2.25
36453,-1.75
36454,2.75
36455,-0.75
36456,-0.25
36457,-9.25
36458,0.75
36459,0.75
36460,-0.25
36461,0.25
36462,0.75
36463,-0.25
36464,-0.75
36465,3.75
36466,-2.25
36467,14.75
36468,-0.25
36469,0.75
36470,0.75
36471,3.75
36472,0.75
36473,18.0
36474,-0.75
36475,-2.25
36476,6.25
36477,-0.75
36478,0.25
36479,0.75
36480,2.25
36481,-0.75
36482,4.25
36483,14.5
36484,-0.25
36485,-0.25
36486,-0.25
36487,0.75
36488,0.25
36489,-0.75
36490,-4.75
36491,-7.75
36492,-0.75
36493,3.75
36494,-0.25
36495,-0.25
36496,0.75
36497,3.25
36498,0.75
36499,-0.75
36500,-0.25
36501,0.75
36502,0.75
36503,0.75
36504,6.25
36505,0.75
36506,13.5
36507,1.75
36508,0.25
36509,21.5
36510,-2.75
36511,16.25
36512,2.75
36513,-0.25
36514,0.75
36515,4.25
36516,2.25
36517,2.75
36518,-0.25
36519,1.75
36520,-7.25
36521,-0.75
36522,-0.25
36523,1.75
36524,-0.25
36525,-0.25
36526,2.25
36527,-2.25
36528,-0.25
36529,9.75
36530,0.75
36531,1.75
36532,2.75
36533,12.75
36534,-8.25
36535,3.25
36536,1.25
36537,-3.25
36538,-0.25
36539,0.25
36540,1.25
36541,-0.75
36542,-2.25
36543,0.25
36544,-0.25
36545,3.25
36546,-0.75
36547,1.25
36548,-1.75
36549,-0.25
36550,-0.25
36551,1.75
36552,-0.25
36553,2.25
36554,0.75
36555,0.75
36556,9.25
36557,-1.25
36558,5.25
36559,-0.75
36560,-0.75
36561,0.25
36562,3.25
36563,-0.75
36564,-0.75
36565,3.25
36566,1.25
36567,-1.25
36568,10.75
36569,0.25
36570,0.75
36571,-0.25
36572,0.75
36573,1.25
36574,-0.25
36575,-0.75
36576,0.75
36577,1.75
36578,0.75
36579,8.25
36580,16.25
36581,18.0
36582,23.25
36583,-0.25
36584,5.25
36585,2.75
36586,17.5
36587,1.25
36588,0.75
36589,2.75
36590,1.75
36591,0.75
36592,1.75
36593,2.25
36594,1.25
36595,-0.25
36596,3.75
36597,4.25
36598,-0.25
36599,0.75
36600,3.25
36601,0.75
36602,3.25
36603,4.25
36604,-0.75
36605,-0.25
36606,-6.75
36607,13.0
36608,1.25
36609,-0.25
36610,-0.25
36611,0.25
36612,0.75
36613,-1.25
36614,-2.75
36615,20.75
36616,-0.25
36617,-1.75
36618,17.0
36619,1.25
36620,2.75
36621,0.75
36622,-0.75
36623,0.25
36624,0.25
36625,16.0
36626,-0.25
36627,11.75
36628,-0.25
36629,0.75
36630,-2.25
36631,-0.25
36632,2.25
36633,-3.25
36634,-8.75
36635,3.25
36636,13.0
36637,0.75
36638,-0.75
36639,-0.75
36640,-16.75
36641,-7.25
36642,0.25
36643,4.75
36644,3.75
36645,-4.0
36646,-0.25
36647,0.75
36648,-0.75
36649,-2.25
36650,2.25
36651,0.75
36652,-0.25
36653,21.75
36654,5.75
36655,-0.25
36656,0.75
36657,-0.75
36658,-0.25
36659,0.25
36660,2.25
36661,-0.25
36662,-0.25
36663,-0.25
36664,0.75
36665,-1.25
36666,0.75
36667,0.25
36668,0.75
36669,18.25
36670,2.75
36671,5.75
36672,-0.75
36673,0.75
36674,0.75
36675,-0.75
36676,0.25
36677,0.75
36678,-0.25
36679,0.25
36680,1.75
36681,2.25
36682,2.25
36683,1.25
36684,6.25
36685,1.25
36686,-0.75
36687,-0.75
36688,8.25
36689,0.75
36690,1.75
36691,17.25
36692,2.75
36693,-0.25
36694,6.25
36695,-0.25
36696,0.75
36697,-0.25
36698,-0.25
36699,1.25
36700,-0.75
36701,1.25
36702,3.25
36703,-0.75
36704,-0.75
36705,-16.75
36706,0.75
36707,-0.75
36708,0.75
36709,1.25
36710,-0.75
36711,1.75
36712,9.75
36713,-0.75
36714,-0.75
36715,3.75
36716,-0.25
36717,-2.25
36718,-0.75
36719,-0.75
36720,3.75
36721,13.75
36722,3.25
36723,1.75
36724,-0.25
36725,-0.25
36726,0.75
36727,19.0
36728,0.75
36729,-0.25
36730,14.25
36731,0.75
36732,0.75
36733,-0.75
36734,-6.25
36735,-0.75
36736,-1.75
36737,0.75
36738,-0.25
36739,0.75
36740,-2.25
36741,2.25
36742,-0.25
36743,-0.75
36744,0.75
36745,1.25
36746,1.75
36747,-0.25
36748,0.75
36749,9.75
36750,-0.75
36751,-0.25
36752,0.25
36753,0.75
36754,0.25
36755,-1.25
36756,-7.75
36757,7.75
36758,-0.75
36759,-1.25
36760,-0.25
36761,0.75
36762,3.25
36763,0.75
36764,-0.75
36765,-1.25
36766,-0.75
36767,3.25
36768,-2.25
36769,5.25
36770,-1.25
36771,0.25
36772,-0.25
36773,-5.25
36774,-0.25
36775,1.75
36776,0.75
36777,9.25
36778,-0.25
36779,0.75
36780,-1.25
36781,-0.75
36782,-0.75
36783,-0.25
36784,-0.75
36785,0.75
36786,-4.25
36787,0.75
36788,0.75
36789,-0.25
36790,-8.25
36791,-0.25
36792,-2.25
36793,-5.25
36794,-0.75
36795,15.25
36796,-0.25
36797,0.75
36798,-0.25
36799,0.75
36800,-0.25
36801,0.75
36802,0.75
36803,-1.25
36804,1.25
36805,-0.75
36806,13.75
36807,-0.75
36808,7.25
36809,0.75
36810,-0.25
36811,-2.75
36812,0.75
36813,-0.25
36814,7.75
36815,-0.25
36816,-0.75
36817,-2.75
36818,2.75
36819,-0.75
36820,-0.75
36821,0.75
36822,-7.25
36823,0.75
36824,-0.75
36825,-0.25
36826,-0.25
36827,-0.25
36828,-0.75
36829,0.25
36830,-0.75
36831,5.25
36832,-0.25
36833,-0.75
36834,0.75
36835,-0.25
36836,-2.25
36837,-0.25
36838,-0.25
36839,5.25
36840,-0.25
36841,3.75
36842,-0.25
36843,6.75
36844,-0.25
36845,0.25
36846,1.75
36847,0.25
36848,1.75
36849,-0.75
36850,3.25
36851,-1.25
36852,0.75
36853,-0.75
36854,-0.25
36855,2.75
36856,-0.75
36857,3.25
36858,3.25
36859,-0.75
36860,4.25
36861,-0.75
36862,-0.25
36863,-4.75
36864,0.75
36865,-0.25
36866,-2.25
36867,-0.25
36868,2.75
36869,0.75
36870,-0.75
36871,-0.75
36872,-6.25
36873,-0.75
36874,-0.25
36875,0.75
36876,0.75
36877,-0.75
36878,1.25
36879,5.25
36880,2.25
36881,-0.25
36882,-2.25
36883,2.75
36884,-0.25
36885,0.75
36886,-1.75
36887,2.25
36888,0.75
36889,3.25
36890,1.25
36891,3.75
36892,0.75
36893,-0.75
36894,-4.25
36895,-0.75
36896,-0.75
36897,0.75
36898,-0.25
36899,2.25
36900,0.75
36901,1.75
36902,-0.25
36903,2.75
36904,0.75
36905,0.25
36906,-0.75
36907,1.25
36908,-0.25
36909,0.25
36910,1.25
36911,2.75
36912,0.25
36913,0.75
36914,-0.25
36915,2.75
36916,4.75
36917,-0.75
36918,0.75
36919,0.75
36920,0.25
36921,0.25
36922,0.75
36923,-1.25
36924,2.75
36925,-0.75
36926,-0.75
36927,2.25
36928,0.75
36929,13.5
36930,0.75
36931,0.75
36932,0.75
36933,-0.75
36934,-0.75
36935,3.25
36936,2.75
36937,1.75
36938,0.75
36939,-10.25
36940,6.75
36941,-0.75
36942,-0.75
36943,3.25
36944,0.75
36945,1.75
36946,-0.75
36947,0.75
36948,5.75
36949,2.25
36950,0.75
36951,1.75
36952,-2.25
36953,0.75
36954,23.25
36955,-5.25
36956,0.75
36957,-1.25
36958,-1.25
36959,1.25
36960,0.75
36961,0.75
36962,-0.75
36963,-0.25
36964,0.75
36965,-1.75
36966,-0.75
36967,3.75
36968,0.25
36969,0.25
36970,-0.25
36971,11.25
36972,0.25
36973,0.75
36974,-0.25
36975,-0.75
36976,-0.75
36977,-7.75
36978,-0.75
36979,2.75
36980,3.25
36981,-1.25
36982,-0.75
36983,0.75
36984,3.75
36985,-0.75
36986,-0.25
36987,8.75
36988,8.75
36989,-0.25
36990,-0.25
36991,-4.75
36992,0.25
36993,4.75
36994,17.25
36995,-0.25
36996,-0.25
36997,-0.75
36998,-0.25
36999,-0.25
37000,0.75
37001,11.25
37002,1.75
37003,-15.25
37004,-0.75
37005,0.75
37006,3.25
37007,-0.25
37008,0.75
37009,1.25
37010,-0.75
37011,-6.25
37012,-0.25
37013,-0.75
37014,1.25
37015,-0.75
37016,-0.25
37017,4.75
37018,2.25
37019,3.75
37020,0.75
37021,-0.25
37022,2.25
37023,-0.75
37024,-0.75
37025,0.75
37026,2.25
37027,9.5
37028,-0.75
37029,-0.25
37030,-0.75
37031,0.75
37032,-1.75
37033,-0.25
37034,0.75
37035,1.25
37036,-1.25
37037,0.25
37038,0.25
37039,0.75
37040,0.75
37041,-0.25
37042,0.75
37043,1.25
37044,-0.75
37045,1.75
37046,-0.75
37047,4.75
37048,2.25
37049,0.75
37050,0.25
37051,0.75
37052,-2.25
37053,0.75
37054,0.25
37055,1.25
37056,0.75
37057,-0.75
37058,0.75
37059,-0.25
37060,0.25
37061,0.75
37062,1.25
37063,-0.25
37064,-0.75
37065,-0.25
37066,-0.25
37067,-0.75
37068,-0.75
37069,2.75
37070,-0.25
37071,-1.75
37072,0.75
37073,16.5
37074,-0.75
37075,-0.25
37076,-5.25
37077,12.75
37078,0.75
37079,-0.75
37080,-0.75
37081,0.75
37082,1.75
37083,0.75
37084,-0.25
37085,3.25
37086,-0.75
37087,2.25
37088,-2.75
37089,-5.75
37090,4.75
37091,0.75
37092,-0.75
37093,-0.25
37094,-0.25
37095,-0.25
37096,0.75
37097,0.75
37098,-7.25
37099,3.75
37100,0.75
37101,3.25
37102,-0.25
37103,-0.25
37104,0.75
37105,18.25
37106,-1.25
37107,2.25
37108,0.75
37109,3.25
37110,-0.25
37111,0.25
37112,-15.25
37113,-0.25
37114,3.75
37115,1.25
37116,-0.75
37117,-0.75
37118,-0.75
37119,-0.75
37120,2.75
37121,0.75
37122,0.75
37123,0.75
37124,-1.25
37125,-16.25
37126,16.25
37127,1.75
37128,1.75
37129,3.25
37130,11.75
37131,0.75
37132,-0.25
37133,1.25
37134,0.75
37135,-0.25
37136,-2.75
37137,-0.25
37138,0.75
37139,10.5
37140,-1.25
37141,27.5
37142,0.75
37143,6.75
37144,3.75
37145,-1.75
37146,-0.25
37147,0.25
37148,1.75
37149,0.25
37150,-0.25
37151,-0.75
37152,0.75
37153,1.75
37154,-0.25
37155,3.75
37156,1.75
37157,16.75
37158,14.75
37159,0.75
37160,10.25
37161,1.25
37162,-5.25
37163,7.75
37164,0.75
37165,7.25
37166,11.75
37167,-8.25
37168,1.25
37169,-0.75
37170,-3.25
37171,-0.75
37172,-0.75
37173,-2.75
37174,-0.75
37175,-0.75
37176,2.25
37177,0.75
37178,-0.75
37179,-0.25
37180,1.75
37181,-0.25
37182,0.25
37183,-0.75
37184,25.25
37185,0.75
37186,16.0
37187,-1.75
37188,-0.75
37189,-0.75
37190,8.25
37191,1.75
37192,-0.75
37193,0.75
37194,-0.75
37195,0.75
37196,-0.25
37197,5.25
37198,-0.75
37199,15.75
37200,1.75
37201,0.25
37202,-0.75
37203,10.25
37204,11.25
37205,2.75
37206,3.25
37207,-0.25
37208,-0.25
37209,3.75
37210,3.75
37211,-8.75
37212,0.25
37213,0.75
37214,-1.25
37215,-0.25
37216,0.25
37217,2.25
37218,-0.25
37219,0.75
37220,0.25
37221,0.25
37222,2.25
37223,0.75
37224,-0.25
37225,0.75
37226,2.25
37227,-0.25
37228,4.25
37229,-0.25
37230,0.75
37231,8.25
37232,0.25
37233,23.75
37234,-0.25
37235,-0.75
37236,-0.75
37237,0.75
37238,12.5
37239,-0.75
37240,-2.75
37241,0.25
37242,-0.25
37243,0.75
37244,1.75
37245,0.25
37246,-0.25
37247,3.25
37248,14.25
37249,1.75
37250,-6.75
37251,-0.75
37252,5.75
37253,1.75
37254,-0.25
37255,0.25
37256,2.25
37257,-0.25
37258,0.75
37259,5.25
37260,-0.75
37261,0.75
37262,0.75
37263,3.25
37264,18.25
37265,1.75
37266,3.25
37267,-0.75
37268,-0.25
37269,-0.75
37270,-0.75
37271,6.25
37272,2.25
37273,-9.25
37274,25.75
37275,16.0
37276,-0.75
37277,24.0
37278,20.0
37279,1.25
37280,-0.75
37281,2.25
37282,7.25
37283,0.75
37284,0.75
37285,1.75
37286,-0.75
37287,-3.75
37288,7.75
37289,0.75
37290,0.25
37291,-0.25
37292,1.25
37293,-7.25
37294,-0.25
37295,2.75
37296,-0.75
37297,-1.75
37298,-0.75
37299,-5.75
37300,0.25
37301,-7.25
37302,4.75
37303,-10.25
37304,5.75
37305,0.75
37306,-0.75
37307,13.75
37308,-0.75
37309,-0.25
37310,16.0
37311,0.25
37312,21.75
37313,-0.25
37314,21.25
37315,0.75
37316,-2.25
37317,-0.75
37318,3.25
37319,2.75
37320,18.25
37321,0.75
37322,0.75
37323,-0.25
37324,-5.25
37325,-5.25
37326,-1.25
37327,-0.25
37328,0.75
37329,-0.75
37330,0.75
37331,17.75
37332,0.75
37333,0.75
37334,4.25
37335,-1.25
37336,3.25
37337,0.75
37338,0.75
37339,1.75
37340,0.75
37341,0.25
37342,1.25
37343,2.25
37344,0.75
37345,1.25
37346,1.75
37347,-10.25
37348,16.25
37349,-0.75
37350,1.25
37351,-0.25
37352,2.25
37353,0.75
37354,-0.75
37355,1.25
37356,0.75
37357,-0.75
37358,0.75
37359,-0.75
37360,-0.25
37361,-0.75
37362,-0.25
37363,-0.25
37364,0.75
37365,1.25
37366,1.75
37367,1.75
37368,-0.75
37369,-0.75
37370,0.75
37371,1.75
37372,1.75
37373,0.25
37374,0.75
37375,-3.75
37376,2.25
37377,-2.25
37378,-0.75
37379,1.25
37380,-0.25
37381,2.25
37382,1.25
37383,4.75
37384,0.75
37385,-1.25
37386,2.25
37387,0.75
37388,0.75
37389,-0.25
37390,1.25
37391,1.25
37392,1.75
37393,0.25
37394,2.25
37395,-8.25
37396,0.75
37397,7.25
37398,-0.25
37399,-0.25
37400,-2.75
37401,-0.25
37402,-0.75
37403,-0.75
37404,-0.25
37405,2.75
37406,18.75
37407,-0.25
37408,-0.75
37409,-0.25
37410,-6.25
37411,-0.75
37412,-0.75
37413,-0.75
37414,0.75
37415,-0.25
37416,14.25
37417,3.75
37418,1.75
37419,2.75
37420,-1.75
37421,0.75
37422,2.25
37423,-1.25
37424,-0.75
37425,2.25
37426,-0.75
37427,-0.75
37428,0.25
37429,2.25
37430,-0.25
37431,3.75
37432,2.75
37433,-7.25
37434,0.25
37435,3.75
37436,-0.75
37437,-0.75
37438,-0.25
37439,0.25
37440,7.25
37441,0.75
37442,0.75
37443,0.25
37444,0.75
37445,1.25
37446,-0.75
37447,1.25
37448,-0.75
37449,-0.25
37450,0.75
37451,-0.25
37452,-0.75
37453,1.25
37454,-0.75
37455,3.25
37456,1.75
37457,1.25
37458,-11.75
37459,1.25
37460,0.75
37461,-0.75
37462,-0.25
37463,-0.25
37464,10.25
37465,-4.25
37466,-0.25
37467,2.75
37468,-0.25
37469,2.75
37470,2.75
37471,5.25
37472,-0.25
37473,2.75
37474,0.75
37475,-3.25
37476,-0.75
37477,-0.25
37478,1.25
37479,-0.75
37480,3.75
37481,-0.25
37482,-0.75
37483,-0.25
37484,-0.25
37485,2.75
37486,-0.75
37487,1.25
37488,2.25
37489,0.25
37490,2.75
37491,0.75
37492,0.75
37493,7.75
37494,0.75
37495,-0.75
37496,-6.75
37497,-0.75
37498,-0.25
37499,1.25
37500,0.75
37501,0.75
37502,0.75
37503,-0.25
37504,0.25
37505,13.75
37506,-0.75
37507,1.25
37508,-0.75
37509,1.25
37510,18.25
37511,-0.25
37512,-0.75
37513,1.75
37514,0.25
37515,-0.25
37516,-0.25
37517,1.75
37518,17.5
37519,7.25
37520,2.25
37521,0.75
37522,-0.75
37523,0.25
37524,-0.25
37525,3.25
37526,-0.25
37527,0.25
37528,0.25
37529,12.75
37530,0.75
37531,-0.75
37532,-0.75
37533,1.25
37534,20.75
37535,13.75
37536,-0.25
37537,1.75
37538,-0.25
37539,0.75
37540,-1.75
37541,1.25
37542,1.25
37543,-0.25
37544,0.75
37545,0.75
37546,1.25
37547,1.75
37548,-11.25
37549,-0.75
37550,-0.25
37551,1.25
37552,-0.25
37553,-0.75
37554,-1.25
37555,-3.25
37556,0.25
37557,1.75
37558,2.25
37559,-0.25
37560,0.25
37561,-0.75
37562,0.75
37563,-1.25
37564,4.75
37565,-0.25
37566,2.75
37567,1.25
37568,-0.75
37569,2.25
37570,0.75
37571,5.25
37572,0.75
37573,-0.75
37574,8.75
37575,3.25
37576,3.75
37577,-0.75
37578,-1.25
37579,5.25
37580,3.75
37581,-0.25
37582,0.25
37583,0.75
37584,3.75
37585,3.75
37586,0.25
37587,0.75
37588,-0.75
37589,1.75
37590,-1.25
37591,0.75
37592,-0.75
37593,-0.75
37594,-2.75
37595,4.75
37596,6.75
37597,-0.75
37598,0.75
37599,-0.75
37600,17.0
37601,-0.75
37602,1.75
37603,0.25
37604,2.25
37605,0.75
37606,-0.25
37607,-0.75
37608,-0.25
37609,1.75
37610,-0.75
37611,0.25
37612,1.25
37613,5.25
37614,0.75
37615,4.75
37616,14.75
37617,-0.25
37618,-0.75
37619,1.25
37620,-4.25
37621,0.75
37622,-0.25
37623,1.25
37624,0.75
37625,2.75
37626,2.25
37627,0.75
37628,4.75
37629,-0.25
37630,1.25
37631,-5.75
37632,0.25
37633,0.75
37634,0.75
37635,3.25
37636,-0.25
37637,12.75
37638,0.75
37639,2.25
37640,-0.25
37641,5.25
37642,1.25
37643,-0.25
37644,18.25
37645,-0.75
37646,9.25
37647,9.25
37648,-0.25
37649,2.25
37650,2.25
37651,-0.75
37652,-0.75
37653,2.25
37654,4.25
37655,-0.25
37656,-10.75
37657,1.25
37658,0.75
37659,1.25
37660,3.25
37661,-0.25
37662,-1.25
37663,0.75
37664,-0.75
37665,4.25
37666,-0.75
37667,30.25
37668,-0.25
37669,1.75
37670,-0.25
37671,2.75
37672,12.25
37673,0.25
37674,-17.25
37675,-8.75
37676,8.25
37677,1.75
37678,5.75
37679,-0.25
37680,-2.25
37681,4.75
37682,-6.25
37683,-0.75
37684,-0.25
37685,-0.25
37686,-20.75
37687,-0.25
37688,1.75
37689,-0.25
37690,0.75
37691,-7.75
37692,-0.25
37693,5.25
37694,-0.25
37695,0.75
37696,-0.75
37697,15.25
37698,-0.25
37699,-0.25
37700,-0.25
37701,1.25
37702,-0.25
37703,-2.25
37704,2.75
37705,-8.25
37706,2.25
37707,2.25
37708,-1.75
37709,3.25
37710,0.75
37711,-0.75
37712,1.25
37713,0.25
37714,-0.75
37715,-0.75
37716,-0.75
37717,-0.25
37718,-0.25
37719,-2.25
37720,-0.25
37721,-0.75
37722,-0.75
37723,0.25
37724,3.25
37725,-0.25
37726,9.25
37727,0.75
37728,-0.25
37729,0.75
37730,-0.75
37731,2.75
37732,1.75
37733,-0.75
37734,0.75
37735,-0.75
37736,2.75
37737,0.75
37738,0.75
37739,-0.25
37740,0.75
37741,-1.75
37742,0.75
37743,2.25
37744,-0.25
37745,4.75
37746,-0.25
37747,0.75
37748,0.25
37749,2.25
37750,-7.25
37751,0.75
37752,-0.75
37753,3.25
37754,0.75
37755,3.25
37756,0.25
37757,-0.75
37758,10.75
37759,-1.25
37760,-0.25
37761,1.25
37762,0.25
37763,0.25
37764,-0.75
37765,-0.25
37766,-2.75
37767,0.75
37768,2.25
37769,-14.75
37770,0.25
37771,0.25
37772,0.75
37773,-0.75
37774,-0.25
37775,5.75
37776,-1.75
37777,7.75
37778,-2.25
37779,1.75
37780,1.75
37781,0.75
37782,-3.25
37783,1.25
37784,-0.25
37785,2.25
37786,0.75
37787,-0.25
37788,0.75
37789,-0.75
37790,-0.25
37791,-0.75
37792,5.75
37793,0.75
37794,21.25
37795,1.25
37796,0.75
37797,2.75
37798,0.75
37799,1.25
37800,6.75
37801,-0.75
37802,-0.75
37803,-0.25
37804,6.75
37805,14.5
37806,0.25
37807,-2.25
37808,1.25
37809,-0.25
37810,1.75
37811,-0.75
37812,2.25
37813,5.25
37814,0.25
37815,-0.75
37816,1.75
37817,1.25
37818,-0.75
37819,-0.75
37820,-2.75
37821,1.75
37822,0.75
37823,0.75
37824,-0.25
37825,-0.75
37826,-0.75
37827,0.25
37828,-0.75
37829,-0.75
37830,0.25
37831,0.25
37832,-0.25
37833,-0.75
37834,0.25
37835,-1.25
37836,-0.75
37837,3.25
37838,-1.25
37839,-0.25
37840,0.75
37841,7.25
37842,-0.75
37843,-0.75
37844,1.25
37845,2.75
37846,-1.25
37847,-0.75
37848,-0.25
37849,-3.25
37850,2.25
37851,-0.75
37852,-0.75
37853,-9.75
37854,2.25
37855,1.75
37856,9.75
37857,-0.25
37858,1.75
37859,0.25
37860,-0.25
37861,-0.25
37862,0.75
37863,13.25
37864,-0.25
37865,3.25
37866,12.25
37867,0.25
37868,1.25
37869,0.75
37870,0.75
37871,-0.25
37872,0.75
37873,0.75
37874,-0.25
37875,10.75
37876,-0.25
37877,0.25
37878,-0.75
37879,1.25
37880,-0.25
37881,-0.25
37882,-0.25
37883,0.75
37884,-0.75
37885,-0.25
37886,1.75
37887,-1.25
37888,0.75
37889,5.25
37890,20.75
37891,5.25
37892,-0.25
37893,-1.25
37894,-0.25
37895,-0.75
37896,-0.75
37897,0.75
37898,1.25
37899,-0.75
37900,-0.75
37901,-0.75
37902,0.75
37903,-0.25
37904,13.0
37905,-0.75
37906,0.75
37907,2.75
37908,-0.75
37909,-0.25
37910,-0.75
37911,0.25
37912,-0.75
37913,-1.25
37914,1.25
37915,-0.75
37916,2.25
37917,-0.75
37918,2.25
37919,-3.25
37920,-0.25
37921,-3.25
37922,-0.75
37923,-5.25
37924,1.75
37925,-0.75
37926,0.75
37927,5.25
37928,-0.25
37929,0.75
37930,0.25
37931,0.75
37932,0.75
37933,-0.75
37934,-0.75
37935,3.75
37936,0.75
37937,-2.25
37938,2.25
37939,-0.25
37940,-0.75
37941,0.25
37942,-0.75
37943,-0.25
37944,-2.25
37945,-0.25
37946,2.25
37947,0.25
37948,-0.75
37949,0.25
37950,0.25
37951,2.25
37952,-0.75
37953,-0.25
37954,-0.75
37955,1.75
37956,-0.75
37957,0.75
37958,1.25
37959,2.25
37960,-0.25
37961,1.75
37962,-0.75
37963,2.75
37964,2.75
37965,3.25
37966,2.25
37967,0.75
37968,1.75
37969,-0.25
37970,-0.75
37971,-0.25
37972,19.25
37973,4.25
37974,1.25
37975,6.25
37976,8.25
37977,9.75
37978,-5.25
37979,-0.75
37980,0.75
37981,0.25
37982,-1.75
37983,4.25
37984,0.75
37985,3.75
37986,1.25
37987,-4.25
37988,-0.25
37989,0.75
37990,1.75
37991,-0.75
37992,-3.25
37993,0.75
37994,19.75
37995,-0.25
37996,-0.25
37997,22.75
37998,0.75
37999,17.25
38000,0.75
38001,-8.25
38002,4.25
38003,-0.75
38004,-6.25
38005,2.25
38006,1.25
38007,-0.25
38008,2.25
38009,13.25
38010,-0.75
38011,4.25
38012,2.75
38013,0.75
38014,0.25
38015,1.25
38016,-0.75
38017,1.75
38018,-0.75
38019,-0.25
38020,-0.25
38021,-0.25
38022,0.25
38023,6.25
38024,-2.75
38025,13.25
38026,4.25
38027,0.25
38028,-0.25
38029,3.75
38030,4.25
38031,-0.25
38032,19.75
38033,1.25
38034,-5.25
38035,-0.25
38036,-0.75
38037,14.25
38038,-0.25
38039,8.75
38040,19.75
38041,1.75
38042,-1.25
38043,-0.25
38044,12.75
38045,-1.25
38046,-2.25
38047,0.25
38048,-0.75
38049,22.5
38050,-0.75
38051,1.25
38052,0.75
38053,-0.75
38054,-0.75
38055,-0.25
38056,0.25
38057,12.25
38058,2.25
38059,-0.25
38060,-0.75
38061,-0.25
38062,1.25
38063,-0.75
38064,1.75
38065,-4.25
38066,1.25
38067,5.75
38068,-1.25
38069,18.5
38070,-0.25
38071,-0.75
38072,-0.75
38073,-0.25
38074,-0.75
38075,1.25
38076,0.25
38077,-0.25
38078,-5.75
38079,-2.25
38080,1.75
38081,-0.75
38082,0.75
38083,-0.25
38084,1.75
38085,1.25
38086,0.75
38087,10.25
38088,3.75
38089,-1.25
38090,5.25
38091,-7.25
38092,-1.25
38093,2.75
38094,1.25
38095,0.25
38096,-0.75
38097,6.25
38098,-0.75
38099,1.75
38100,0.75
38101,-1.75
38102,-0.75
38103,-0.25
38104,11.75
38105,0.25
38106,-0.25
38107,0.25
38108,-0.75
38109,0.75
38110,0.25
38111,-0.75
38112,-3.75
38113,8.25
38114,0.75
38115,1.75
38116,0.75
38117,13.25
38118,0.25
38119,-0.75
38120,0.75
38121,-0.25
38122,2.25
38123,1.75
38124,0.75
38125,1.75
38126,4.75
38127,0.75
38128,4.75
38129,-0.25
38130,-11.25
38131,-0.75
38132,-0.25
38133,13.25
38134,-1.25
38135,0.75
38136,9.25
38137,-0.75
38138,-0.75
38139,3.25
38140,0.75
38141,17.5
38142,8.75
38143,-1.25
38144,-1.25
38145,-0.75
38146,-0.75
38147,-0.25
38148,0.75
38149,-0.25
38150,0.25
38151,-0.75
38152,16.0
38153,9.75
38154,0.75
38155,19.75
38156,1.75
38157,0.75
38158,24.0
38159,0.25
38160,1.25
38161,1.25
38162,-0.25
38163,3.25
38164,3.75
38165,0.75
38166,-0.25
38167,8.25
38168,1.75
38169,12.0
38170,-2.25
38171,0.75
38172,17.75
38173,16.5
38174,1.75
38175,-0.25
38176,10.25
38177,0.25
38178,-0.75
38179,-0.25
38180,1.25
38181,2.25
38182,0.25
38183,1.75
38184,3.75
38185,-0.25
38186,12.75
38187,16.0
38188,1.25
38189,0.75
38190,-42.75
38191,1.25
38192,-0.25
38193,21.75
38194,0.75
38195,-0.25
38196,0.75
38197,18.5
38198,-8.75
38199,-0.25
38200,0.25
38201,-5.25
38202,14.75
38203,0.25
38204,-0.75
38205,3.25
38206,0.75
38207,-1.25
38208,-0.25
38209,-0.75
38210,-0.25
38211,3.25
38212,2.25
38213,10.75
38214,13.5
38215,0.75
38216,-16.75
38217,0.25
38218,-0.25
38219,-0.75
38220,-2.25
38221,-0.75
38222,-0.75
38223,-0.75
38224,0.25
38225,0.75
38226,2.25
38227,0.75
38228,1.75
38229,-9.25
38230,-0.75
38231,-0.25
38232,3.75
38233,-1.75
38234,2.75
38235,1.75
38236,0.75
38237,-4.75
38238,16.25
38239,1.25
38240,0.25
38241,0.75
38242,1.25
38243,0.25
38244,-1.25
38245,-1.75
38246,0.75
38247,-7.75
38248,1.75
38249,0.75
38250,-1.25
38251,1.75
38252,12.5
38253,10.75
38254,0.75
38255,-0.75
38256,8.75
38257,24.25
38258,-4.75
38259,1.75
38260,2.75
38261,0.75
38262,1.25
38263,12.0
38264,0.75
38265,4.75
38266,-0.75
38267,1.25
38268,-0.25
38269,1.75
38270,-0.75
38271,4.25
38272,13.25
38273,1.75
38274,1.75
38275,-0.25
38276,-0.75
38277,0.75
38278,-0.75
38279,5.25
38280,0.75
38281,0.25
38282,-0.25
38283,2.25
38284,-0.25
38285,0.25
38286,0.25
38287,7.75
38288,-0.75
38289,-0.75
38290,0.75
38291,19.5
38292,-1.25
38293,-0.75
38294,5.75
38295,0.75
38296,-0.25
38297,0.75
38298,-0.75
38299,-0.75
38300,-0.25
38301,-0.25
38302,5.25
38303,0.25
38304,1.75
38305,-1.75
38306,-0.25
38307,0.75
38308,3.75
38309,1.25
38310,0.75
38311,0.75
38312,-0.25
38313,0.75
38314,-0.75
38315,0.25
38316,-0.25
38317,-3.25
38318,0.25
38319,2.25
38320,1.75
38321,3.25
38322,1.75
38323,-1.75
38324,-3.75
38325,-0.75
38326,3.25
38327,2.75
38328,0.75
38329,-0.25
38330,-0.25
38331,0.25
38332,-2.25
38333,5.75
38334,-0.75
38335,0.75
38336,0.25
38337,0.75
38338,18.0
38339,-0.75
38340,8.25
38341,-0.25
38342,-0.25
38343,-0.25
38344,1.75
38345,-1.25
38346,0.75
38347,-0.25
38348,-0.25
38349,0.75
38350,-0.25
38351,-0.75
38352,0.75
38353,-0.25
38354,-0.25
38355,-0.75
38356,4.25
38357,-0.25
38358,0.75
38359,-0.75
38360,-0.75
38361,-0.75
38362,-0.25
38363,-1.25
38364,-0.75
38365,1.25
38366,-2.75
38367,15.25
38368,0.75
38369,-0.25
38370,9.25
38371,0.75
38372,-1.75
38373,6.75
38374,1.75
38375,-2.25
38376,1.25
38377,7.75
38378,-0.25
38379,-4.75
38380,-1.25
38381,-0.75
38382,0.25
38383,1.25
38384,0.75
38385,0.25
38386,0.75
38387,-7.25
38388,2.25
38389,11.75
38390,3.25
38391,-0.75
38392,1.25
38393,2.75
38394,-3.25
38395,-3.25
38396,0.25
38397,1.75
38398,15.75
38399,-0.75
38400,0.25
38401,14.25
38402,10.25
38403,1.75
38404,2.75
38405,-0.25
38406,1.75
38407,-1.75
38408,0.25
38409,2.75
38410,-0.25
38411,8.25
38412,0.75
38413,0.75
38414,7.25
38415,5.25
38416,-1.75
38417,-0.25
38418,-0.25
38419,0.75
38420,-11.25
38421,2.25
38422,-0.75
38423,-0.75
38424,-0.75
38425,-0.25
38426,-2.25
38427,-1.25
38428,0.75
38429,21.5
38430,2.75
38431,-0.25
38432,0.75
38433,-0.75
38434,-0.75
38435,2.75
38436,-0.25
38437,2.25
38438,1.25
38439,1.75
38440,-3.25
38441,-0.75
38442,-1.75
38443,-0.25
38444,14.25
38445,1.75
38446,0.25
38447,-0.25
38448,0.25
38449,6.75
38450,-0.25
38451,0.75
38452,3.75
38453,-0.75
38454,-0.25
38455,-0.75
38456,0.25
38457,0.75
38458,3.75
38459,-0.75
38460,1.75
38461,-0.25
38462,0.75
38463,0.25
38464,1.75
38465,-1.25
38466,0.75
38467,3.75
38468,-0.25
38469,-0.75
38470,0.75
38471,1.75
38472,-0.25
38473,0.25
38474,-0.25
38475,-0.75
38476,20.75
38477,-0.75
38478,-0.75
38479,-1.25
38480,-2.75
38481,2.25
38482,0.25
38483,-0.75
38484,1.75
38485,-0.25
38486,-0.75
38487,-0.25
38488,0.25
38489,-0.75
38490,0.25
38491,-1.75
38492,1.25
38493,1.25
38494,0.75
38495,1.75
38496,-1.25
38497,-0.25
38498,9.75
38499,-2.25
38500,-0.75
38501,0.75
38502,0.75
38503,-0.75
38504,0.75
38505,1.25
38506,0.25
38507,-0.75
38508,-12.25
38509,-1.25
38510,0.25
38511,4.75
38512,-0.25
38513,-0.75
38514,-0.75
38515,7.75
38516,0.75
38517,-0.25
38518,2.25
38519,-0.25
38520,-0.75
38521,-0.25
38522,-0.25
38523,1.25
38524,3.25
38525,-1.25
38526,-5.75
38527,-0.25
38528,0.75
38529,9.75
38530,1.75
38531,0.75
38532,0.25
38533,-0.75
38534,5.25
38535,-0.75
38536,0.75
38537,-0.75
38538,0.75
38539,1.25
38540,0.75
38541,1.75
38542,-3.25
38543,-5.25
38544,0.75
38545,1.25
38546,1.75
38547,-0.75
38548,0.75
38549,0.75
38550,-0.75
38551,-0.75
38552,0.75
38553,-0.75
38554,-0.75
38555,0.75
38556,-0.75
38557,1.25
38558,-0.25
38559,4.75
38560,-2.25
38561,1.25
38562,-0.25
38563,0.75
38564,11.75
38565,-0.75
38566,-0.75
38567,-0.25
38568,-0.25
38569,1.25
38570,0.25
38571,0.25
38572,1.25
38573,-0.25
38574,16.75
38575,0.25
38576,-0.25
38577,0.25
38578,3.25
38579,13.25
38580,-0.75
38581,0.75
38582,-9.25
38583,0.25
38584,-0.75
38585,-1.75
38586,-0.25
38587,0.75
38588,-0.25
38589,-0.25
38590,-0.75
38591,0.25
38592,14.75
38593,1.75
38594,-0.25
38595,-0.25
38596,-0.75
38597,-0.25
38598,3.25
38599,0.25
38600,0.75
38601,0.25
38602,4.75
38603,-0.25
38604,-1.75
38605,-0.75
38606,-0.75
38607,0.75
38608,-1.25
38609,-0.25
38610,5.75
38611,10.75
38612,0.75
38613,1.75
38614,-0.25
38615,-0.75
38616,3.25
38617,4.25
38618,-0.25
38619,-0.75
38620,-0.75
38621,-0.75
38622,-0.25
38623,0.75
38624,0.75
38625,3.75
38626,0.75
38627,-0.25
38628,0.25
38629,-0.25
38630,2.25
38631,-0.25
38632,-0.75
38633,0.75
38634,0.25
38635,0.75
38636,-0.75
38637,6.25
38638,-0.25
38639,-0.75
38640,1.25
38641,1.75
38642,0.75
38643,0.25
38644,-0.75
38645,-0.75
38646,-2.25
38647,-0.25
38648,-0.75
38649,-0.75
38650,-0.25
38651,-0.25
38652,-0.75
38653,0.75
38654,0.25
38655,2.25
38656,0.75
38657,17.0
38658,-0.25
38659,-0.25
38660,1.75
38661,0.25
38662,-0.25
38663,-0.75
38664,1.25
38665,2.25
38666,-5.75
38667,-0.25
38668,0.75
38669,0.75
38670,-0.25
38671,0.75
38672,0.75
38673,-0.25
38674,1.75
38675,0.75
38676,-0.25
38677,-0.25
38678,0.75
38679,2.25
38680,-3.25
38681,0.75
38682,-2.75
38683,2.25
38684,1.25
38685,-0.75
38686,0.25
38687,0.75
38688,11.25
38689,-0.75
38690,2.25
38691,1.25
38692,-1.25
38693,0.25
38694,-0.75
38695,0.25
38696,-0.25
38697,1.75
38698,1.75
38699,-0.25
38700,0.25
38701,0.75
38702,0.75
38703,-4.25
38704,0.75
38705,-3.25
38706,-0.25
38707,-0.25
38708,-1.25
38709,-0.25
38710,3.75
38711,-0.25
38712,0.25
38713,-0.25
38714,-0.75
38715,1.25
38716,3.75
38717,0.75
38718,4.25
38719,-0.25
38720,-0.75
38721,-1.25
38722,3.75
38723,6.25
38724,21.0
38725,-0.25
38726,-0.25
38727,-0.25
38728,-1.25
38729,0.75
38730,0.75
38731,4.25
38732,4.25
38733,-0.75
38734,-0.25
38735,6.25
38736,-0.75
38737,-0.25
38738,0.25
38739,-1.25
38740,0.25
38741,0.25
38742,0.75
38743,1.25
38744,0.75
38745,1.75
38746,0.75
38747,1.25
38748,12.25
38749,-5.75
38750,-0.75
38751,-0.25
38752,3.25
38753,-0.75
38754,-2.75
38755,-0.75
38756,0.75
38757,-0.75
38758,2.25
38759,-0.25
38760,0.25
38761,0.75
38762,1.25
38763,0.75
38764,1.75
38765,4.25
38766,14.75
38767,-0.25
38768,-0.75
38769,-2.75
38770,-0.25
38771,-0.75
38772,27.25
38773,-0.25
38774,-1.25
38775,5.75
38776,-0.25
38777,2.25
38778,-0.75
38779,0.75
38780,6.75
38781,9.75
38782,-0.25
38783,-0.25
38784,-0.25
38785,-0.25
38786,-0.75
38787,-0.75
38788,-0.25
38789,-1.25
38790,0.75
38791,0.75
38792,1.75
38793,-0.25
38794,1.25
38795,-3.25
38796,0.25
38797,0.25
38798,-0.25
38799,0.75
38800,1.25
38801,0.75
38802,27.25
38803,14.75
38804,-0.75
38805,-0.25
38806,-0.75
38807,-1.25
38808,2.25
38809,-2.25
38810,-1.25
38811,7.75
38812,3.75
38813,28.25
38814,16.75
38815,3.25
38816,-0.75
38817,-0.75
38818,3.25
38819,1.25
38820,4.25
38821,0.75
38822,1.75
38823,1.75
38824,-0.25
38825,-0.25
38826,-0.25
38827,17.25
38828,-0.75
38829,2.75
38830,3.25
38831,9.25
38832,11.75
38833,-0.75
38834,-0.75
38835,1.75
38836,2.75
38837,0.75
38838,-0.25
38839,0.25
38840,-1.25
38841,-0.25
38842,0.75
38843,5.25
38844,0.25
38845,-0.75
38846,1.25
38847,0.75
38848,-0.75
38849,0.75
38850,0.75
38851,-0.25
38852,3.25
38853,0.25
38854,0.75
38855,2.25
38856,-1.25
38857,12.25
38858,-0.25
38859,0.75
38860,2.75
38861,-0.75
38862,-0.75
38863,0.75
38864,0.75
38865,0.75
38866,17.0
38867,2.25
38868,4.75
38869,0.75
38870,0.75
38871,3.75
38872,12.0
38873,1.75
38874,0.75
38875,0.75
38876,-0.25
38877,-0.75
38878,-0.25
38879,-1.75
38880,-0.25
38881,-2.75
38882,-0.25
38883,0.25
38884,0.75
38885,-0.75
38886,0.25
38887,3.25
38888,3.25
38889,0.75
38890,0.25
38891,0.75
38892,-1.25
38893,-0.25
38894,0.25
38895,1.25
38896,2.25
38897,13.5
38898,0.75
38899,12.0
38900,-1.25
38901,-0.25
38902,1.25
38903,0.75
38904,-0.25
38905,1.75
38906,0.25
38907,-0.25
38908,-0.75
38909,3.25
38910,-1.25
38911,-2.25
38912,0.75
38913,2.25
38914,2.75
38915,2.75
38916,4.25
38917,-4.25
38918,-0.25
38919,1.75
38920,-0.25
38921,0.75
38922,3.75
38923,8.25
38924,3.25
38925,0.25
38926,4.25
38927,-0.25
38928,-5.75
38929,8.25
38930,0.75
38931,-1.25
38932,0.75
38933,1.25
38934,5.5
38935,21.25
38936,-0.25
38937,-0.25
38938,-0.25
38939,0.75
38940,4.25
38941,-0.75
38942,6.25
38943,3.25
38944,1.25
38945,-0.75
38946,-5.75
38947,0.25
38948,-3.25
38949,-0.25
38950,0.75
38951,2.25
38952,19.25
38953,-0.25
38954,4.25
38955,-1.25
38956,-0.25
38957,-1.75
38958,0.25
38959,-0.75
38960,5.75
38961,-0.25
38962,-1.25
38963,-0.25
38964,-0.25
38965,3.75
38966,1.75
38967,17.5
38968,5.0
38969,2.75
38970,0.25
38971,-0.25
38972,-10.25
38973,-0.25
38974,-0.25
38975,2.75
38976,1.25
38977,-0.25
38978,0.75
38979,-0.75
38980,7.25
38981,-0.25
38982,27.0
38983,-0.25
38984,-0.25
38985,2.75
38986,0.75
38987,-0.25
38988,0.75
38989,-5.25
38990,-0.75
38991,-1.25
38992,5.25
38993,-1.25
38994,0.25
38995,-6.75
38996,16.0
38997,-0.75
38998,0.25
38999,12.25
39000,6.25
39001,3.75
39002,-0.25
39003,2.75
39004,1.75
39005,0.25
39006,0.75
39007,1.75
39008,-10.75
39009,-2.25
39010,1.75
39011,3.25
39012,16.5
39013,-0.25
39014,0.75
39015,0.75
39016,0.75
39017,-0.25
39018,3.25
39019,0.25
39020,-0.25
39021,-0.25
39022,2.25
39023,-0.25
39024,-0.75
39025,-5.25
39026,-22.75
39027,1.75
39028,2.75
39029,4.25
39030,2.25
39031,0.25
39032,1.25
39033,-0.25
39034,1.75
39035,0.75
39036,-3.75
39037,-21.75
39038,2.25
39039,20.5
39040,1.75
39041,1.75
39042,-0.25
39043,-0.25
39044,-0.25
39045,0.75
39046,8.75
39047,-0.25
39048,-0.75
39049,0.75
39050,3.25
39051,4.25
39052,-0.75
39053,-0.25
39054,-0.25
39055,3.25
39056,-0.75
39057,-0.25
39058,13.75
39059,3.75
39060,0.25
39061,0.75
39062,2.25
39063,-0.25
39064,2.75
39065,0.25
39066,-0.75
39067,0.25
39068,0.25
39069,-2.25
39070,0.75
39071,6.25
39072,9.25
39073,-0.25
39074,-0.75
39075,0.25
39076,-0.75
39077,0.75
39078,-12.25
39079,0.75
39080,2.25
39081,6.75
39082,-0.25
39083,0.75
39084,-0.25
39085,-1.25
39086,0.75
39087,-3.25
39088,-0.75
39089,-0.75
39090,-0.75
39091,0.75
39092,1.75
39093,-0.25
39094,0.75
39095,-0.75
39096,0.25
39097,-0.25
39098,2.75
39099,-0.25
39100,14.25
39101,0.75
39102,-0.75
39103,-0.25
39104,-1.25
39105,-0.25
39106,-0.25
39107,-0.75
39108,-0.25
39109,0.75
39110,1.25
39111,0.75
39112,3.75
39113,-2.25
39114,-0.75
39115,-0.25
39116,-0.75
39117,3.25
39118,-1.25
39119,-3.25
39120,0.75
39121,-0.75
39122,0.75
39123,-0.75
39124,-0.25
39125,0.75
39126,1.25
39127,14.25
39128,-0.25
39129,-1.25
39130,0.75
39131,6.25
39132,6.75
39133,-0.75
39134,-2.25
39135,1.25
39136,3.25
39137,12.25
39138,-0.25
39139,-2.25
39140,0.75
39141,1.25
39142,0.75
39143,-0.25
39144,-0.75
39145,-0.75
39146,-0.25
39147,-0.25
39148,2.25
39149,0.75
39150,-0.25
39151,0.25
39152,0.75
39153,-21.25
39154,-0.25
39155,-0.75
39156,-0.75
39157,-2.75
39158,4.75
39159,2.75
39160,-1.25
39161,-0.25
39162,-1.75
39163,-1.25
39164,-0.25
39165,-0.25
39166,-3.75
39167,-0.75
39168,17.25
39169,-0.75
39170,-1.25
39171,4.75
39172,0.75
39173,-0.25
39174,5.75
39175,0.75
39176,2.75
39177,2.75
39178,-6.25
39179,0.25
39180,7.75
39181,0.75
39182,-0.25
39183,1.75
39184,-1.25
39185,2.75
39186,8.5
39187,-0.25
39188,0.25
39189,18.5
39190,1.75
39191,1.75
39192,-0.75
39193,1.75
39194,0.75
39195,4.75
39196,-1.25
39197,-0.75
39198,1.25
39199,0.75
39200,2.25
39201,0.75
39202,1.25
39203,-0.75
39204,0.75
39205,-0.25
39206,0.75
39207,-5.25
39208,0.75
39209,-0.75
39210,1.75
39211,-0.75
39212,1.25
39213,2.25
39214,-0.25
39215,-0.25
39216,0.75
39217,0.75
39218,-0.25
39219,15.75
39220,-0.25
39221,-0.25
39222,0.75
39223,-0.75
39224,-1.25
39225,-0.25
39226,6.75
39227,2.25
39228,6.25
39229,-0.75
39230,7.75
39231,-0.75
39232,2.25
39233,-0.25
39234,-0.25
39235,20.25
39236,-0.75
39237,3.25
39238,-0.75
39239,-0.75
39240,-0.25
39241,-0.75
39242,1.25
39243,0.25
39244,-0.75
39245,-0.75
39246,-0.75
39247,-0.75
39248,0.25
39249,3.25
39250,-3.75
39251,2.25
39252,10.75
39253,-0.75
39254,-0.25
39255,12.0
39256,0.75
39257,-0.75
39258,-0.25
39259,-0.25
39260,2.25
39261,0.25
39262,-4.75
39263,-2.75
39264,0.75
39265,12.25
39266,0.25
39267,-0.75
39268,0.25
39269,-0.75
39270,-0.25
39271,0.75
39272,0.75
39273,0.75
39274,-0.75
39275,0.75
39276,0.25
39277,-0.75
39278,2.25
39279,-0.25
39280,-0.75
39281,-0.25
39282,3.75
39283,-0.25
39284,0.25
39285,-0.25
39286,0.25
39287,8.75
39288,4.25
39289,1.25
39290,2.25
39291,0.75
39292,-1.25
39293,-0.25
39294,1.75
39295,0.75
39296,0.25
39297,1.25
39298,4.75
39299,1.25
39300,2.25
39301,0.75
39302,1.25
39303,-0.25
39304,0.25
39305,8.25
39306,-8.25
39307,0.75
39308,-0.75
39309,0.25
39310,4.25
39311,-1.25
39312,0.75
39313,1.75
39314,1.75
39315,2.75
39316,-0.25
39317,0.75
39318,-0.75
39319,-0.25
39320,1.75
39321,-2.25
39322,9.25
39323,-6.25
39324,5.75
39325,-1.25
39326,2.25
39327,1.25
39328,-0.75
39329,-3.25
39330,2.75
39331,-1.25
39332,-0.75
39333,8.25
39334,-0.75
39335,-0.25
39336,15.25
39337,2.25
39338,-0.75
39339,14.75
39340,2.75
39341,0.75
39342,-8.75
39343,2.25
39344,16.25
39345,1.25
39346,-7.75
39347,1.25
39348,1.25
39349,-0.75
39350,3.75
39351,0.75
39352,0.75
39353,5.75
39354,-0.75
39355,3.75
39356,2.25
39357,1.75
39358,0.75
39359,-0.75
39360,0.75
39361,-0.25
39362,2.75
39363,0.75
39364,7.25
39365,4.25
39366,0.75
39367,9.25
39368,6.75
39369,6.75
39370,-5.25
39371,-0.75
39372,-0.75
39373,1.25
39374,1.75
39375,0.25
39376,0.25
39377,11.25
39378,-1.25
39379,-0.75
39380,-0.75
39381,2.75
39382,-0.25
39383,-0.25
39384,-0.75
39385,13.75
39386,0.75
39387,-14.25
39388,-1.25
39389,-0.75
39390,-2.25
39391,1.75
39392,3.75
39393,-0.75
39394,-0.75
39395,-0.25
39396,10.75
39397,1.75
39398,-0.25
39399,12.0
39400,-0.75
39401,0.75
39402,-1.25
39403,-0.25
39404,0.75
39405,-0.75
39406,1.25
39407,4.25
39408,3.75
39409,0.75
39410,-0.75
39411,-2.75
39412,-0.25
39413,-4.25
39414,0.75
39415,19.25
39416,0.25
39417,3.25
39418,2.25
39419,-1.25
39420,1.25
39421,0.75
39422,5.75
39423,-1.25
39424,30.0
39425,0.25
39426,0.25
39427,-0.25
39428,-0.25
39429,18.25
39430,-1.25
39431,0.75
39432,-0.75
39433,-0.25
39434,0.75
39435,-0.75
39436,0.75
39437,7.75
39438,3.75
39439,9.75
39440,0.25
39441,-0.25
39442,4.75
39443,0.75
39444,-0.25
39445,-0.25
39446,-0.75
39447,1.25
39448,-0.25
39449,12.0
39450,2.75
39451,23.0
39452,0.25
39453,-0.25
39454,-2.25
39455,0.25
39456,-1.25
39457,-0.75
39458,0.25
39459,4.75
39460,-1.25
39461,-0.25
39462,2.25
39463,-0.75
39464,3.75
39465,0.75
39466,0.75
39467,-3.75
39468,0.25
39469,-0.25
39470,0.75
39471,-0.75
39472,0.25
39473,0.25
39474,-0.75
39475,-0.25
39476,12.0
39477,-0.25
39478,5.25
39479,-0.25
39480,-0.75
39481,1.25
39482,0.75
39483,0.75
39484,0.75
39485,-4.25
39486,10.5
39487,9.25
39488,3.25
39489,3.75
39490,-1.75
39491,1.75
39492,15.5
39493,-0.25
39494,-0.75
39495,7.25
39496,-0.75
39497,1.25
39498,2.75
39499,-0.25
39500,-0.75
39501,0.75
39502,3.75
39503,2.25
39504,0.75
39505,-0.25
39506,1.25
39507,-0.25
39508,11.75
39509,22.75
39510,-0.25
39511,-0.75
39512,13.5
39513,0.75
39514,13.0
39515,8.25
39516,2.25
39517,1.25
39518,-0.25
39519,0.25
39520,0.25
39521,2.25
39522,-0.25
39523,-0.75
39524,-0.25
39525,4.25
39526,4.25
39527,6.75
39528,6.75
39529,-0.25
39530,0.75
39531,0.25
39532,-0.25
39533,0.75
39534,10.5
39535,4.75
39536,4.75
39537,-0.75
39538,0.25
39539,1.75
39540,-0.75
39541,11.25
39542,0.75
39543,2.25
39544,-3.75
39545,0.75
39546,0.75
39547,13.75
39548,1.75
39549,2.75
39550,-0.25
39551,3.75
39552,1.25
39553,0.25
39554,2.25
39555,14.25
39556,-0.25
39557,-5.25
39558,0.75
39559,6.75
39560,-2.25
39561,-0.25
39562,2.75
39563,-2.75
39564,-0.75
39565,1.25
39566,1.25
39567,8.75
39568,-0.75
39569,1.75
39570,-0.75
39571,-0.25
39572,1.25
39573,-1.25
39574,-0.75
39575,-7.25
39576,0.25
39577,-0.75
39578,1.75
39579,-0.25
39580,1.25
39581,1.25
39582,2.25
39583,5.25
39584,0.75
39585,12.5
39586,5.75
39587,1.75
39588,3.25
39589,0.25
39590,-3.25
39591,0.75
39592,-0.75
39593,6.25
39594,3.75
39595,8.75
39596,0.25
39597,16.5
39598,1.75
39599,1.25
39600,3.75
39601,1.25
39602,1.25
39603,-3.25
39604,-1.25
39605,17.75
39606,10.5
39607,3.75
39608,-1.25
39609,3.25
39610,0.25
39611,9.75
39612,-0.25
39613,2.25
39614,0.75
39615,1.25
39616,2.25
39617,6.75
39618,4.75
39619,-0.25
39620,0.75
39621,1.25
39622,0.25
39623,1.75
39624,0.75
39625,7.75
39626,0.25
39627,0.25
39628,-0.25
39629,3.75
39630,9.75
39631,18.25
39632,3.25
39633,-0.25
39634,-0.75
39635,-0.75
39636,-13.25
39637,3.25
39638,-0.25
39639,2.25
39640,-0.75
39641,-0.25
39642,1.75
39643,-1.25
39644,1.25
39645,-0.25
39646,0.75
39647,-6.25
39648,1.25
39649,6.75
39650,-0.25
39651,0.75
39652,-0.25
39653,-34.25
39654,19.5
39655,0.25
39656,6.25
39657,-0.75
39658,-3.25
39659,-0.25
39660,3.75
39661,0.25
39662,-3.75
39663,-1.75
39664,4.75
39665,-2.75
39666,3.75
39667,0.25
39668,2.25
39669,6.25
39670,4.25
39671,2.75
39672,5.25
39673,-3.25
39674,2.25
39675,4.25
39676,-0.25
39677,10.25
39678,1.75
39679,0.75
39680,-0.75
39681,0.75
39682,-1.25
39683,-0.75
39684,-0.75
39685,1.25
39686,0.75
39687,19.5
39688,0.75
39689,1.75
39690,4.75
39691,-0.75
39692,-2.25
39693,1.75
39694,-0.25
39695,-0.75
39696,-0.25
39697,3.75
39698,-9.75
39699,-0.25
39700,-0.25
39701,23.5
39702,0.75
39703,0.25
39704,-0.25
39705,0.75
39706,0.75
39707,1.75
39708,-0.25
39709,0.75
39710,-0.75
39711,-0.25
39712,-0.25
39713,3.75
39714,1.75
39715,24.5
39716,-0.25
39717,-0.25
39718,18.75
39719,2.25
39720,-0.25
39721,0.75
39722,-1.25
39723,-0.25
39724,16.0
39725,0.75
39726,8.75
39727,0.75
39728,-0.25
39729,-0.75
39730,-0.75
39731,-0.25
39732,10.75
39733,0.75
39734,2.75
39735,0.25
39736,0.25
39737,-0.25
39738,-0.75
39739,0.75
39740,0.75
39741,-0.75
39742,1.75
39743,8.25
39744,-0.25
39745,1.75
39746,2.25
39747,10.75
39748,0.75
39749,0.75
39750,18.75
39751,-0.25
39752,0.75
39753,2.75
39754,-0.75
39755,0.75
39756,-0.25
39757,-0.25
39758,4.75
39759,1.25
39760,2.25
39761,0.25
39762,0.25
39763,1.25
39764,0.75
39765,0.75
39766,-0.75
39767,5.75
39768,-9.25
39769,0.25
39770,-2.75
39771,18.25
39772,-0.75
39773,-0.75
39774,3.75
39775,-0.75
39776,-0.75
39777,1.75
39778,-0.25
39779,-0.75
39780,0.25
39781,2.75
39782,0.75
39783,10.75
39784,0.75
39785,-0.25
39786,-0.25
39787,2.25
39788,0.75
39789,1.75
39790,-0.25
39791,0.25
39792,3.75
39793,-0.25
39794,16.25
39795,-0.75
39796,0.75
39797,0.75
39798,-0.25
39799,0.25
39800,1.25
39801,0.75
39802,0.75
39803,-0.75
39804,1.75
39805,1.25
39806,0.25
39807,-0.75
39808,-8.75
39809,1.75
39810,19.0
39811,-8.25
39812,-0.25
39813,1.25
39814,2.25
39815,-0.25
39816,-0.75
39817,0.25
39818,-0.75
39819,-0.75
39820,0.25
39821,-0.75
39822,-0.75
39823,0.25
39824,2.75
39825,2.25
39826,-0.75
39827,0.25
39828,1.75
39829,-2.25
39830,-0.75
39831,-0.25
39832,-0.75
39833,-1.25
39834,1.75
39835,-0.75
39836,2.75
39837,-4.25
39838,1.75
39839,0.75
39840,13.75
39841,1.25
39842,0.75
39843,1.25
39844,0.75
39845,-2.25
39846,-2.75
39847,-2.75
39848,5.75
39849,2.25
39850,-0.25
39851,10.25
39852,-13.75
39853,2.25
39854,-0.75
39855,-0.75
39856,-0.75
39857,0.25
39858,1.25
39859,0.25
39860,4.75
39861,-0.75
39862,1.25
39863,-0.75
39864,0.75
39865,4.75
39866,-0.75
39867,-0.25
39868,0.75
39869,1.75
39870,1.25
39871,1.25
39872,0.75
39873,0.25
39874,0.25
39875,-0.25
39876,-0.25
39877,-9.75
39878,-0.75
39879,1.25
39880,-0.25
39881,-0.25
39882,7.25
39883,-0.25
39884,18.0
39885,-4.25
39886,0.25
39887,-2.75
39888,-0.25
39889,1.75
39890,9.75
39891,-9.25
39892,-0.25
39893,8.25
39894,1.75
39895,-0.75
39896,2.75
39897,1.25
39898,8.25
39899,-0.75
39900,1.75
39901,0.25
39902,-0.75
39903,2.25
39904,0.25
39905,0.25
39906,4.75
39907,6.25
39908,1.25
39909,-2.25
39910,1.75
39911,1.75
39912,-0.25
39913,1.75
39914,0.25
39915,1.75
39916,1.75
39917,-1.25
39918,-0.25
39919,1.25
39920,-0.25
39921,13.0
39922,0.75
39923,0.25
39924,1.75
39925,1.25
39926,-0.75
39927,-6.25
39928,-1.25
39929,-0.25
39930,5.75
39931,2.25
39932,-2.75
39933,0.75
39934,0.25
39935,1.75
39936,-0.25
39937,0.75
39938,-0.75
39939,-0.25
39940,0.75
39941,1.75
39942,0.75
39943,-5.25
39944,2.25
39945,3.25
39946,1.25
39947,-0.25
39948,-0.75
39949,-9.75
39950,3.75
39951,2.25
39952,-0.75
39953,-0.25
39954,1.25
39955,2.25
39956,0.25
39957,-0.25
39958,0.25
39959,1.75
39960,-0.75
39961,2.75
39962,13.25
39963,0.25
39964,-0.75
39965,0.75
39966,-0.75
39967,21.25
39968,-0.75
39969,1.25
39970,-0.75
39971,-0.75
39972,-11.75
39973,32.75
39974,-0.25
39975,0.25
39976,-0.75
39977,2.25
39978,1.75
39979,-2.25
39980,0.25
39981,-0.75
39982,-0.25
39983,3.75
39984,1.25
39985,-1.25
39986,3.75
39987,0.25
39988,-0.75
39989,-0.25
39990,10.75
39991,1.25
39992,0.75
39993,-0.75
39994,0.75
39995,-0.75
39996,0.75
39997,-0.75
39998,-0.75
39999,-5.25
40000,-1.25
40001,0.75
40002,3.25
40003,5.25
40004,1.25
40005,-0.25
40006,1.75
40007,0.75
40008,3.25
40009,-5.75
40010,3.25
40011,-0.25
40012,4.75
40013,-0.25
40014,3.25
40015,4.75
40016,21.25
40017,-1.25
40018,-0.25
40019,-3.25
40020,-0.25
40021,1.25
40022,-0.75
40023,-0.75
40024,-4.75
40025,3.25
40026,0.75
40027,-3.25
40028,0.25
40029,2.25
40030,1.75
40031,-0.25
40032,-0.75
40033,-0.75
40034,0.75
40035,-2.25
40036,0.75
40037,0.75
40038,0.75
40039,-0.25
40040,0.75
40041,-0.25
40042,0.75
40043,0.75
40044,0.25
40045,-0.75
40046,-0.25
40047,0.75
40048,2.75
40049,2.25
40050,0.75
40051,3.25
40052,4.75
40053,-1.25
40054,16.0
40055,1.75
40056,-0.25
40057,-0.75
40058,0.75
40059,0.75
40060,1.25
40061,0.25
40062,-0.25
40063,2.75
40064,1.25
40065,-0.25
40066,-0.25
40067,2.75
40068,0.25
40069,0.75
40070,-2.25
40071,0.25
40072,-0.25
40073,0.75
40074,-2.75
40075,-0.75
40076,7.25
40077,1.25
40078,0.75
40079,-0.75
40080,3.75
40081,0.75
40082,0.75
40083,0.25
40084,13.75
40085,0.75
40086,-0.25
40087,5.25
40088,-1.25
40089,-0.25
40090,0.75
40091,0.75
40092,0.75
40093,1.25
40094,-0.75
40095,1.75
40096,-0.75
40097,-0.75
40098,2.25
40099,0.75
40100,0.75
40101,3.75
40102,0.25
40103,1.75
40104,0.75
40105,0.75
40106,0.75
40107,-0.25
40108,2.25
40109,2.25
40110,-0.75
40111,-2.25
40112,-0.75
40113,7.25
40114,-3.25
40115,1.25
40116,1.75
40117,2.75
40118,0.75
40119,-0.75
40120,-0.75
40121,3.75
40122,-12.25
40123,0.25
40124,-0.25
40125,-0.75
40126,0.75
40127,-0.75
40128,0.25
40129,-0.25
40130,-0.75
40131,0.75
40132,-12.75
40133,5.25
40134,9.75
40135,-0.25
40136,1.25
40137,1.25
40138,0.75
40139,0.75
40140,-2.25
40141,0.25
40142,0.75
40143,2.75
40144,-5.75
40145,1.25
40146,1.75
40147,-0.75
40148,-0.25
40149,19.25
40150,-0.25
40151,-0.75
40152,1.25
40153,-0.75
40154,5.75
40155,22.0
40156,-0.25
40157,17.25
40158,-0.75
40159,1.25
40160,6.75
40161,-0.75
40162,0.75
40163,0.75
40164,-0.25
40165,10.75
40166,1.25
40167,-0.75
40168,2.25
40169,5.75
40170,0.25
40171,-0.75
40172,18.0
40173,2.75
40174,2.25
40175,-8.25
40176,-0.25
40177,-1.25
40178,-1.25
40179,-0.75
40180,19.25
40181,14.75
40182,-0.75
40183,0.75
40184,0.25
40185,1.25
40186,1.25
40187,-11.25
40188,-0.75
40189,0.75
40190,-0.25
40191,0.75
40192,-0.75
40193,0.25
40194,0.25
40195,-0.75
40196,-0.75
40197,-2.75
40198,0.75
40199,0.75
40200,2.75
40201,-1.25
40202,2.25
40203,-0.75
40204,0.25
40205,0.75
40206,0.75
40207,4.75
40208,7.75
40209,0.75
40210,-5.25
40211,19.0
40212,-0.25
40213,0.75
40214,1.25
40215,4.25
40216,-0.75
40217,-0.25
40218,11.0
40219,0.25
40220,-7.25
40221,1.25
40222,-1.25
40223,-0.75
40224,-3.75
40225,0.75
40226,-0.25
40227,0.75
40228,2.25
40229,1.25
40230,-0.25
40231,12.0
40232,1.25
40233,-0.75
40234,13.75
40235,35.25
40236,-0.25
40237,-0.75
40238,3.75
40239,15.25
40240,-0.75
40241,10.25
40242,0.75
40243,2.75
40244,-0.75
40245,0.25
40246,0.75
40247,0.75
40248,1.25
40249,-7.25
40250,-0.25
40251,-0.75
40252,2.25
40253,0.75
40254,0.75
40255,0.75
40256,5.75
40257,2.25
40258,0.75
40259,0.25
40260,0.75
40261,2.25
40262,0.25
40263,-0.75
40264,0.75
40265,1.25
40266,-0.75
40267,-0.75
40268,-0.25
40269,1.25
40270,0.75
40271,-1.25
40272,-0.25
40273,0.25
40274,9.75
40275,2.75
40276,1.75
40277,0.75
40278,20.5
40279,-12.25
40280,1.25
40281,2.25
40282,12.25
40283,-0.75
40284,2.25
40285,27.5
40286,-0.25
40287,2.75
40288,1.25
40289,-12.25
40290,-20.75
40291,2.75
40292,0.75
40293,0.75
40294,0.75
40295,-4.25
40296,0.75
40297,-3.75
40298,-0.25
40299,9.25
40300,12.25
40301,1.75
40302,0.75
40303,-0.75
40304,23.0
40305,0.25
40306,-0.75
40307,-0.75
40308,-5.75
40309,0.75
40310,-5.75
40311,1.75
40312,0.25
40313,14.75
40314,1.75
40315,13.0
40316,1.75
40317,1.25
40318,15.0
40319,-0.25
40320,0.75
40321,3.75
40322,-10.25
40323,2.25
40324,13.75
40325,14.75
40326,2.25
40327,-2.75
40328,-1.75
40329,0.75
40330,1.75
40331,1.75
40332,-0.75
40333,-0.25
40334,3.25
40335,1.75
40336,-0.25
40337,4.25
40338,-0.75
40339,-1.25
40340,0.75
40341,22.5
40342,0.75
40343,0.75
40344,0.75
40345,-0.25
40346,-0.25
40347,-1.25
40348,0.75
40349,3.75
40350,15.5
40351,0.75
40352,0.75
40353,-0.25
40354,0.75
40355,-3.25
40356,3.75
40357,-0.75
40358,1.75
40359,0.75
40360,0.75
40361,-0.75
40362,0.75
40363,-0.75
40364,17.0
40365,-0.75
40366,1.25
40367,0.75
40368,6.25
40369,0.75
40370,0.25
40371,-0.25
40372,8.75
40373,2.25
40374,1.75
40375,-0.25
40376,0.75
40377,-0.25
40378,-0.25
40379,19.0
40380,-0.25
40381,6.25
40382,-0.25
40383,2.25
40384,11.75
40385,1.25
40386,0.75
40387,2.75
40388,-0.75
40389,-0.75
40390,0.25
40391,1.25
40392,3.75
40393,0.75
40394,-0.75
40395,0.25
40396,-0.75
40397,0.25
40398,-0.25
40399,0.75
40400,9.75
40401,-0.25
40402,-0.75
40403,-0.25
40404,2.25
40405,-0.75
40406,3.75
40407,-0.25
40408,-0.75
40409,-0.75
40410,-0.75
40411,0.75
40412,-1.25
40413,7.75
40414,0.75
40415,0.25
40416,0.75
40417,-0.75
40418,1.25
40419,0.25
40420,0.25
40421,-0.75
40422,0.25
40423,-1.25
40424,-0.25
40425,-0.75
40426,-0.25
40427,0.25
40428,14.75
40429,-0.25
40430,-0.75
40431,3.75
40432,0.75
40433,0.25
40434,-0.25
40435,0.25
40436,2.75
40437,2.75
40438,-1.25
40439,19.75
40440,-0.75
40441,4.75
40442,0.75
40443,0.75
40444,7.75
40445,0.25
40446,-6.25
40447,0.75
40448,0.25
40449,-1.75
40450,-0.25
40451,7.25
40452,-0.75
40453,-1.25
40454,-0.75
40455,-0.25
40456,-0.25
40457,11.75
40458,1.75
40459,-0.25
40460,2.25
40461,11.25
40462,0.25
40463,-0.25
40464,7.75
40465,0.25
40466,1.25
40467,-3.25
40468,-0.25
40469,-1.75
40470,4.25
40471,-0.25
40472,-8.75
40473,0.25
40474,14.75
40475,7.75
40476,-5.75
40477,1.25
40478,0.25
40479,2.25
40480,0.75
40481,-5.25
40482,0.75
40483,-3.25
40484,-7.25
40485,2.75
40486,0.25
40487,23.75
40488,0.25
40489,-0.25
40490,3.25
40491,-0.75
40492,-2.25
40493,-0.25
40494,-0.75
40495,0.75
40496,9.5
40497,6.75
40498,3.25
40499,13.0
40500,1.25
40501,0.75
40502,0.75
40503,-0.75
40504,4.25
40505,0.75
40506,26.0
40507,-7.75
40508,9.25
40509,-0.75
40510,2.75
40511,-0.75
40512,0.25
40513,-0.25
40514,0.75
40515,-0.75
40516,-0.25
40517,11.75
40518,12.0
40519,5.25
40520,-0.25
40521,0.75
40522,-0.25
40523,6.25
40524,1.75
40525,0.75
40526,-0.75
40527,0.75
40528,-0.25
40529,0.75
40530,-1.25
40531,12.0
40532,-0.75
40533,0.75
40534,0.25
40535,-0.25
40536,-0.25
40537,-1.25
40538,0.75
40539,-0.25
40540,3.75
40541,0.75
40542,1.25
40543,-0.75
40544,-11.25
40545,2.25
40546,-0.75
40547,-1.25
40548,-0.75
40549,-0.75
40550,0.75
40551,-0.75
40552,-0.25
40553,0.75
40554,3.25
40555,-0.75
40556,0.75
40557,13.5
40558,0.75
40559,-1.25
40560,1.75
40561,9.25
40562,25.25
40563,-0.75
40564,1.75
40565,4.25
40566,-1.25
40567,1.25
40568,16.5
40569,-1.25
40570,19.0
40571,-0.75
40572,-0.25
40573,-0.75
40574,2.5
40575,0.75
40576,2.25
40577,0.75
40578,11.0
40579,-0.25
40580,-0.25
40581,0.75
40582,-0.25
40583,0.75
40584,-1.25
40585,0.75
40586,1.75
40587,-0.75
40588,-4.25
40589,-9.75
40590,-0.25
40591,1.75
40592,3.75
40593,9.75
40594,0.75
40595,36.0
40596,-2.75
40597,7.0
40598,-0.25
40599,4.25
40600,7.0
40601,-1.25
40602,-3.25
40603,12.0
40604,-6.75
40605,-0.25
40606,13.0
40607,1.25
40608,-0.25
40609,-3.25
40610,-7.25
40611,17.0
40612,-0.75
40613,1.25
40614,-0.75
40615,18.0
40616,1.25
40617,0.75
40618,-0.75
40619,0.75
40620,13.0
40621,13.5
40622,8.25
40623,0.75
40624,0.75
40625,-4.75
40626,7.25
40627,-0.25
40628,-1.25
40629,0.25
40630,19.5
40631,-0.75
40632,-0.25
40633,-1.25
40634,5.75
40635,-0.75
40636,2.75
40637,-0.75
40638,-0.75
40639,2.25
40640,0.75
40641,-2.25
40642,4.25
40643,-0.25
40644,-0.75
40645,-0.75
40646,-2.75
40647,0.75
40648,-0.75
40649,-1.75
40650,-1.25
40651,1.25
40652,1.75
40653,-0.25
40654,0.75
40655,0.75
40656,1.25
40657,-0.25
40658,6.75
40659,0.75
40660,1.25
40661,-0.75
40662,-3.25
40663,-0.75
40664,0.75
40665,0.25
40666,0.75
40667,-0.75
40668,4.75
40669,0.25
40670,15.75
40671,19.75
40672,0.75
40673,3.75
40674,-1.25
40675,-0.25
40676,18.75
40677,-0.25
40678,-0.75
40679,0.25
40680,2.25
40681,2.25
40682,-4.75
40683,0.75
40684,1.25
40685,-1.75
40686,-0.75
40687,0.75
40688,1.75
40689,1.75
40690,1.25
40691,13.0
40692,-0.25
40693,-0.75
40694,-0.75
40695,0.75
40696,-1.25
40697,-0.75
40698,-0.25
40699,3.25
40700,0.25
40701,0.75
40702,0.25
40703,0.75
40704,2.25
40705,7.25
40706,-0.25
40707,-0.25
40708,-0.25
40709,0.25
40710,3.75
40711,0.75
40712,-0.25
40713,-0.25
40714,10.25
40715,4.75
40716,13.25
40717,2.25
40718,2.75
40719,0.75
40720,0.75
40721,-4.25
40722,20.75
40723,1.25
40724,-9.25
40725,-0.25
40726,2.25
40727,-0.25
40728,-0.75
40729,-0.25
40730,-0.75
40731,-0.75
40732,2.75
40733,-0.25
40734,9.75
40735,2.25
40736,0.25
40737,2.25
40738,-0.75
40739,-0.75
40740,2.25
40741,1.75
40742,0.25
40743,-0.75
40744,1.25
40745,-0.25
40746,-0.25
40747,-5.25
40748,0.75
40749,0.25
40750,-15.75
40751,-0.25
40752,-1.25
40753,-0.75
40754,-0.75
40755,0.75
40756,2.75
40757,-1.25
40758,-2.25
40759,0.25
40760,14.25
40761,2.25
40762,0.75
40763,11.0
40764,17.25
40765,1.25
40766,0.25
40767,2.75
40768,-0.25
40769,0.75
40770,-0.75
40771,-0.75
40772,-0.75
40773,7.75
40774,0.25
40775,9.75
40776,3.25
40777,0.75
40778,0.75
40779,3.75
40780,0.25
40781,5.25
40782,-0.75
40783,2.25
40784,0.75
40785,-0.75
40786,-0.75
40787,-7.75
40788,9.25
40789,2.25
40790,-0.25
40791,12.0
40792,1.75
40793,-0.25
40794,0.25
40795,-0.25
40796,0.25
40797,12.5
40798,1.25
40799,-0.75
40800,-0.25
40801,1.25
40802,-0.25
40803,0.75
40804,0.75
40805,-5.75
40806,3.75
40807,5.25
40808,2.75
40809,-0.25
40810,9.75
40811,17.75
40812,-0.75
40813,-0.25
40814,-0.25
40815,-1.25
40816,-0.75
40817,4.25
40818,14.0
40819,-0.25
40820,-0.25
40821,0.75
40822,-15.25
40823,0.25
40824,-1.25
40825,2.25
40826,-0.75
40827,-5.75
40828,0.25
40829,-0.25
40830,-0.75
40831,0.75
40832,33.25
40833,0.25
40834,26.75
40835,12.75
40836,0.75
40837,1.25
40838,0.75
40839,-9.75
40840,0.25
40841,-0.25
40842,-0.25
40843,1.25
40844,-3.25
40845,3.25
40846,-1.25
40847,-0.25
40848,-0.25
40849,-1.25
40850,16.25
40851,0.25
40852,-0.75
40853,-0.75
40854,1.75
40855,-0.25
40856,3.25
40857,1.75
40858,6.25
40859,4.25
40860,0.75
40861,-0.25
40862,0.25
40863,0.25
40864,1.25
40865,-0.25
40866,1.75
40867,-0.75
40868,-0.25
40869,1.75
40870,0.25
40871,3.75
40872,-2.25
40873,16.75
40874,-3.25
40875,2.25
40876,4.25
40877,0.25
40878,0.75
40879,-3.25
40880,0.75
40881,0.25
40882,-0.25
40883,7.25
40884,3.75
40885,-3.25
40886,1.75
40887,0.25
40888,0.25
40889,-0.75
40890,0.75
40891,-0.75
40892,10.25
40893,0.75
40894,1.75
40895,0.25
40896,0.75
40897,0.25
40898,-0.25
40899,1.25
40900,-0.25
40901,5.25
40902,1.75
40903,-0.25
40904,1.25
40905,4.75
40906,-0.25
40907,-0.75
40908,2.75
40909,-1.25
40910,-12.25
40911,1.25
40912,-0.25
40913,-1.25
40914,-0.25
40915,-0.25
40916,3.75
40917,-0.75
40918,-1.25
40919,-4.25
40920,-5.25
40921,2.75
40922,-0.25
40923,0.75
40924,-0.25
40925,1.25
40926,-0.25
40927,0.75
40928,0.75
40929,5.25
40930,-0.75
40931,1.75
40932,-0.75
40933,0.75
40934,0.25
40935,1.75
40936,0.75
40937,-1.25
40938,0.75
40939,17.5
40940,0.75
40941,1.75
40942,3.25
40943,-4.75
40944,-1.25
40945,-0.25
40946,0.75
40947,-4.75
40948,-0.25
40949,6.25
40950,2.25
40951,0.75
40952,-0.75
40953,0.75
40954,0.75
40955,0.75
40956,11.25
40957,-0.75
40958,-2.25
40959,-0.75
40960,-0.25
40961,-0.25
40962,-0.25
40963,4.25
40964,-0.25
40965,-0.25
40966,-0.25
40967,-0.75
40968,1.25
40969,-0.75
40970,7.75
40971,0.75
40972,6.25
40973,2.25
40974,-4.25
40975,-0.25
40976,0.25
40977,5.75
40978,1.75
40979,1.25
40980,0.25
40981,-2.75
40982,0.25
40983,6.75
40984,-0.25
40985,1.75
40986,10.25
40987,1.25
40988,0.75
40989,0.75
40990,0.75
40991,29.75
40992,0.75
40993,-0.75
40994,-0.25
40995,-0.25
40996,-0.25
40997,1.75
40998,1.75
40999,0.75
41000,-2.75
41001,1.75
41002,8.25
41003,1.75
41004,0.75
41005,-1.75
41006,1.25
41007,-0.75
41008,0.75
41009,1.25
41010,1.25
41011,1.25
41012,-0.25
41013,0.75
41014,1.25
41015,0.25
41016,-0.75
41017,1.75
41018,-0.25
41019,1.75
41020,-0.75
41021,-0.25
41022,1.25
41023,2.25
41024,2.25
41025,3.75
41026,-0.25
41027,4.75
41028,-1.25
41029,12.0
41030,2.25
41031,0.25
41032,-0.25
41033,0.75
41034,-0.75
41035,-4.25
41036,0.75
41037,0.25
41038,1.75
41039,2.25
41040,-0.75
41041,-0.75
41042,-0.75
41043,0.75
41044,-0.75
41045,0.75
41046,-0.25
41047,-0.75
41048,34.75
41049,-0.25
41050,0.25
41051,0.25
41052,-0.75
41053,2.75
41054,0.25
41055,-0.25
41056,-0.25
41057,0.25
41058,2.75
41059,-0.75
41060,-5.75
41061,0.25
41062,1.75
41063,2.75
41064,-0.25
41065,-0.75
41066,0.25
41067,-0.25
41068,20.25
41069,-7.75
41070,-0.25
41071,16.25
41072,-0.25
41073,-0.75
41074,0.75
41075,-0.25
41076,-1.25
41077,3.75
41078,-0.25
41079,-0.75
41080,-0.25
41081,0.25
41082,2.25
41083,2.75
41084,10.25
41085,0.75
41086,8.25
41087,-4.25
41088,-2.75
41089,-5.75
41090,-0.25
41091,-0.25
41092,-1.25
41093,-0.75
41094,-5.25
41095,-2.75
41096,-0.25
41097,-0.25
41098,0.75
41099,6.25
41100,1.25
41101,0.25
41102,0.75
41103,-0.75
41104,1.25
41105,1.25
41106,-0.25
41107,-1.25
41108,2.25
41109,5.75
41110,1.25
41111,0.75
41112,2.25
41113,-0.25
41114,0.75
41115,-2.25
41116,0.25
41117,9.25
41118,-0.25
41119,-0.25
41120,0.75
41121,-0.25
41122,-0.75
41123,-2.75
41124,1.75
41125,0.75
41126,0.75
41127,6.75
41128,0.75
41129,11.25
41130,1.25
41131,-0.25
41132,2.25
41133,-0.75
41134,-9.25
41135,-17.25
41136,0.75
41137,1.25
41138,-0.75
41139,0.25
41140,0.75
41141,0.75
41142,2.75
41143,8.75
41144,0.75
41145,-0.75
41146,16.75
41147,3.75
41148,0.25
41149,8.75
41150,13.25
41151,-0.25
41152,0.25
41153,0.75
41154,-0.75
41155,19.0
41156,0.75
41157,3.25
41158,0.25
41159,8.25
41160,1.75
41161,-0.25
41162,0.25
41163,-0.75
41164,-0.75
41165,0.75
41166,17.5
41167,1.25
41168,-0.25
41169,-0.75
41170,-2.75
41171,3.25
41172,-3.25
41173,-15.25
41174,0.75
41175,0.25
41176,0.75
41177,-0.75
41178,3.25
41179,1.25
41180,1.75
41181,0.75
41182,3.75
41183,1.75
41184,2.75
41185,2.25
41186,-0.75
41187,-7.75
41188,1.75
41189,0.25
41190,6.25
41191,-2.75
41192,2.75
41193,0.75
41194,-0.75
41195,-0.75
41196,0.75
41197,0.75
41198,2.25
41199,-0.75
41200,-0.75
41201,-0.25
41202,1.75
41203,11.25
41204,-0.25
41205,-0.25
41206,1.25
41207,-1.75
41208,0.25
41209,-0.75
41210,2.25
41211,-0.25
41212,1.25
41213,1.25
41214,0.75
41215,0.75
41216,-0.75
41217,0.75
41218,1.25
41219,-0.75
41220,0.75
41221,-4.25
41222,2.75
41223,1.25
41224,-0.25
41225,-0.75
41226,-0.25
41227,-2.75
41228,-1.75
41229,-0.75
41230,0.25
41231,0.25
41232,5.25
41233,-0.25
41234,0.25
41235,10.25
41236,-0.75
41237,0.75
41238,5.25
41239,-0.25
41240,1.25
41241,2.75
41242,1.25
41243,6.75
41244,-0.75
41245,-0.25
41246,-0.75
41247,0.75
41248,19.25
41249,-0.75
41250,-0.25
41251,0.25
41252,7.25
41253,-0.25
41254,3.25
41255,-0.75
41256,0.75
41257,-0.75
41258,1.25
41259,0.75
41260,-0.25
41261,-0.75
41262,-0.75
41263,-0.25
41264,-0.75
41265,-0.25
41266,-0.75
41267,-0.75
41268,18.75
41269,3.25
41270,8.25
41271,6.75
41272,-0.25
41273,-0.75
41274,18.0
41275,-1.75
41276,-0.75
41277,-0.75
41278,2.25
41279,3.25
41280,0.75
41281,-0.25
41282,2.75
41283,-0.75
41284,-0.75
41285,2.75
41286,-0.25
41287,-1.25
41288,0.75
41289,-3.75
41290,0.75
41291,3.25
41292,0.75
41293,12.75
41294,3.75
41295,-14.75
41296,-0.25
41297,1.75
41298,2.25
41299,1.75
41300,15.5
41301,-0.75
41302,-2.75
41303,-0.75
41304,-0.75
41305,1.25
41306,-1.25
41307,-2.25
41308,29.75
41309,1.75
41310,1.25
41311,-0.75
41312,5.25
41313,-0.75
41314,0.25
41315,-0.75
41316,0.75
41317,-0.75
41318,3.25
41319,0.75
41320,9.75
41321,-0.75
41322,0.25
41323,-0.25
41324,-0.75
41325,19.0
41326,0.25
41327,5.75
41328,11.25
41329,-0.75
41330,2.75
41331,1.75
41332,-0.25
41333,11.0
41334,0.75
41335,1.75
41336,-7.75
41337,0.75
41338,-0.75
41339,4.75
41340,0.75
41341,0.75
41342,-0.75
41343,1.25
41344,23.25
41345,-0.25
41346,0.75
41347,3.25
41348,0.75
41349,0.75
41350,-0.25
41351,2.25
41352,6.75
41353,2.25
41354,0.75
41355,-0.25
41356,-0.25
41357,-0.75
41358,4.25
41359,0.75
41360,-2.25
41361,0.75
41362,5.25
41363,1.75
41364,-0.75
41365,-0.75
41366,4.75
41367,-0.25
41368,4.25
41369,9.75
41370,-4.25
41371,7.25
41372,-6.25
41373,-0.25
41374,-3.75
41375,13.75
41376,3.25
41377,2.75
41378,0.75
41379,3.25
41380,21.75
41381,6.25
41382,6.75
41383,10.25
41384,11.75
41385,1.25
41386,-0.75
41387,-0.25
41388,0.75
41389,-0.25
41390,-0.75
41391,1.75
41392,-2.75
41393,5.25
41394,0.25
41395,2.75
41396,-0.75
41397,0.75
41398,-15.25
41399,3.75
41400,-0.75
41401,1.75
41402,0.75
41403,0.25
41404,0.75
41405,21.75
41406,-20.25
41407,0.25
41408,-0.25
41409,3.75
41410,4.25
41411,1.25
41412,1.25
41413,-2.25
41414,-0.25
41415,-1.25
41416,1.75
41417,-1.75
41418,0.25
41419,0.75
41420,-0.75
41421,0.75
41422,1.75
41423,0.25
41424,-0.75
41425,-2.25
41426,-0.25
41427,0.75
41428,5.25
41429,10.25
41430,-3.75
41431,2.25
41432,-2.25
41433,-0.25
41434,0.75
41435,7.25
41436,-0.25
41437,12.0
41438,2.75
41439,15.5
41440,6.75
41441,0.75
41442,-2.75
41443,-0.25
41444,-0.75
41445,6.75
41446,-0.25
41447,-4.25
41448,15.0
41449,-0.25
41450,3.25
41451,-0.25
41452,0.75
41453,-0.25
41454,10.25
41455,0.75
41456,8.5
41457,0.25
41458,3.75
41459,0.25
41460,5.75
41461,10.5
41462,4.75
41463,-0.75
41464,-0.25
41465,-0.25
41466,0.75
41467,-6.75
41468,2.75
41469,6.5
41470,-0.75
41471,1.75
41472,0.75
41473,-0.75
41474,0.75
41475,14.25
41476,0.75
41477,-0.75
41478,-2.25
41479,0.75
41480,-0.25
41481,19.0
41482,14.25
41483,6.25
41484,-3.25
41485,-0.75
41486,1.25
41487,2.75
41488,-2.25
41489,1.25
41490,-0.75
41491,-0.75
41492,-0.25
41493,2.25
41494,1.75
41495,20.75
41496,-0.25
41497,27.0
41498,-6.25
41499,-1.25
41500,-2.25
41501,-0.75
41502,0.75
41503,-0.25
41504,11.0
41505,-3.25
41506,2.25
41507,0.25
41508,2.75
41509,0.75
41510,0.25
41511,19.5
41512,21.75
41513,-0.75
41514,0.75
41515,-0.25
41516,-0.25
41517,-0.75
41518,0.75
41519,-1.75
41520,-1.25
41521,17.5
41522,0.75
41523,0.25
41524,0.75
41525,2.75
41526,22.0
41527,0.75
41528,0.25
41529,0.75
41530,3.75
41531,-5.75
41532,0.25
41533,2.25
41534,2.75
41535,21.5
41536,-0.75
41537,10.75
41538,0.25
41539,-3.25
41540,-0.75
41541,-0.75
41542,-1.25
41543,0.75
41544,3.75
41545,0.75
41546,-5.75
41547,0.25
41548,9.25
41549,0.75
41550,10.25
41551,15.75
41552,0.25
41553,-0.25
41554,-4.25
41555,0.75
41556,13.5
41557,-0.75
41558,1.75
41559,-0.75
41560,0.75
41561,2.75
41562,6.25
41563,0.25
41564,-0.25
41565,8.75
41566,-9.25
41567,1.75
41568,0.75
41569,7.75
41570,4.75
41571,1.25
41572,-4.25
41573,21.25
41574,-4.75
41575,-2.75
41576,37.5
41577,0.75
41578,3.25
41579,-1.25
41580,2.75
41581,-0.75
41582,0.25
41583,2.75
41584,1.25
41585,-0.75
41586,23.0
41587,-1.25
41588,1.75
41589,3.25
41590,1.25
41591,13.0
41592,-0.25
41593,8.75
41594,-0.25
41595,6.25
41596,-0.25
41597,5.75
41598,0.75
41599,-0.25
41600,6.25
41601,-0.75
41602,-4.75
41603,-0.75
41604,0.0
41605,28.75
41606,-0.25
41607,-1.25
41608,1.25
41609,-0.25
41610,0.25
41611,0.25
41612,5.25
41613,3.75
41614,-3.75
41615,1.75
41616,0.25
41617,-0.25
41618,-1.25
41619,4.25
41620,1.25
41621,-0.25
41622,2.75
41623,18.5
41624,-8.25
41625,-4.75
41626,0.25
41627,9.25
41628,-0.75
41629,0.75
41630,-4.25
41631,4.25
41632,-0.25
41633,0.25
41634,-0.75
41635,0.25
41636,12.75
41637,0.25
41638,-0.25
41639,3.25
41640,2.75
41641,1.75
41642,2.75
41643,-7.75
41644,1.25
41645,-5.75
41646,0.25
41647,0.75
41648,-0.25
41649,7.75
41650,8.25
41651,1.25
41652,-4.25
41653,-5.25
41654,-0.25
41655,0.25
41656,-0.75
41657,20.25
41658,0.25
41659,2.75
41660,-9.25
41661,-0.25
41662,-1.25
41663,1.25
41664,-2.25
41665,0.25
41666,3.25
41667,-0.25
41668,2.25
41669,1.25
41670,-3.25
41671,0.75
41672,0.75
41673,-0.25
41674,3.25
41675,-0.75
41676,-0.75
41677,-1.75
41678,-3.25
41679,10.75
41680,5.75
41681,-7.25
41682,8.75
41683,-0.75
41684,-0.75
41685,-3.75
41686,2.25
41687,-0.75
41688,0.25
41689,4.25
41690,-0.75
41691,0.75
41692,0.75
41693,-6.25
41694,-0.75
41695,1.25
41696,-0.25
41697,1.75
41698,-0.25
41699,1.75
41700,0.25
41701,0.75
41702,2.75
41703,0.75
41704,0.25
41705,-0.75
41706,0.75
41707,-0.25
41708,-0.25
41709,-7.25
41710,-0.75
41711,-0.75
41712,-0.75
41713,2.25
41714,0.75
41715,-0.75
41716,0.25
41717,0.75
41718,-8.25
41719,-0.25
41720,1.75
41721,1.75
41722,0.75
41723,0.75
41724,-0.75
41725,-0.25
41726,1.75
41727,-0.75
41728,0.75
41729,-2.25
41730,-0.75
41731,3.25
41732,-0.75
41733,-0.75
41734,-1.25
41735,0.75
41736,0.25
41737,-0.25
41738,0.75
41739,1.25
41740,-0.75
41741,-0.25
41742,-2.75
41743,1.25
41744,1.25
41745,-0.75
41746,1.25
41747,-0.75
41748,0.75
41749,0.25
41750,36.75
41751,0.75
41752,-0.25
41753,0.75
41754,0.25
41755,1.25
41756,-0.75
41757,-0.75
41758,-0.25
41759,-3.75
41760,20.75
41761,0.75
41762,-0.75
41763,3.75
41764,-0.75
41765,1.75
41766,0.75
41767,0.75
41768,8.75
41769,-0.25
41770,0.25
41771,13.75
41772,0.75
41773,1.75
41774,-2.75
41775,0.25
41776,-0.25
41777,-0.25
41778,15.5
41779,0.75
41780,1.75
41781,-0.25
41782,27.0
41783,3.25
41784,-0.75
41785,1.25
41786,7.75
41787,-5.25
41788,1.25
41789,0.75
41790,-0.25
41791,0.75
41792,0.75
41793,0.25
41794,1.25
41795,-0.25
41796,-0.25
41797,0.75
41798,-3.25
41799,-0.75
41800,-2.75
41801,-7.25
41802,-0.75
41803,2.75
41804,3.25
41805,4.75
41806,14.75
41807,-0.25
41808,0.75
41809,7.25
41810,-0.75
41811,0.75
41812,9.25
41813,3.75
41814,-0.25
41815,3.25
41816,-1.25
41817,-0.25
41818,5.75
41819,-0.75
41820,-0.25
41821,-0.75
41822,-0.25
41823,12.25
41824,0.75
41825,0.75
41826,0.75
41827,0.75
41828,3.75
41829,3.25
41830,0.75
41831,-4.25
41832,12.75
41833,1.75
41834,-1.25
41835,-0.75
41836,-11.25
41837,1.25
41838,2.25
41839,2.75
41840,-0.75
41841,-0.75
41842,-0.25
41843,9.75
41844,0.25
41845,-0.75
41846,1.25
41847,0.25
41848,-0.75
41849,-0.25
41850,19.25
41851,0.75
41852,1.75
41853,4.75
41854,0.75
41855,-0.75
41856,0.75
41857,1.25
41858,-0.75
41859,0.25
41860,3.25
41861,-1.25
41862,-0.25
41863,-0.75
41864,-1.25
41865,0.75
41866,-0.25
41867,-2.75
41868,3.25
41869,6.75
41870,-0.25
41871,-0.75
41872,-0.25
41873,2.25
41874,0.25
41875,-0.75
41876,-4.75
41877,-0.25
41878,2.25
41879,-0.75
41880,-0.75
41881,2.75
41882,0.75
41883,-0.25
41884,-0.75
41885,-0.25
41886,-1.25
41887,10.75
41888,0.75
41889,4.25
41890,14.75
41891,0.75
41892,-0.75
41893,0.75
41894,-0.25
41895,-0.25
41896,-0.25
41897,-0.25
41898,1.25
41899,0.75
41900,-0.25
41901,7.5
41902,-0.25
41903,0.75
41904,0.25
41905,0.25
41906,-1.25
41907,3.75
41908,19.75
41909,22.25
41910,0.25
41911,-0.25
41912,3.75
41913,1.75
41914,18.5
41915,2.75
41916,-5.75
41917,0.75
41918,0.75
41919,1.75
41920,-0.75
41921,12.5
41922,1.75
41923,13.0
41924,15.5
41925,2.75
41926,-0.75
41927,0.75
41928,-0.75
41929,-8.75
41930,0.25
41931,-0.25
41932,-8.25
41933,0.75
41934,1.75
41935,-6.25
41936,-1.25
41937,0.25
41938,1.25
41939,0.75
41940,1.25
41941,0.75
41942,0.25
41943,0.25
41944,-0.25
41945,1.75
41946,3.25
41947,-1.25
41948,-0.75
41949,-2.25
41950,-0.25
41951,-0.25
41952,2.75
41953,0.25
41954,2.25
41955,4.75
41956,0.25
41957,2.75
41958,1.25
41959,-0.25
41960,-0.75
41961,0.75
41962,-3.25
41963,3.75
41964,0.75
41965,0.75
41966,-0.75
41967,0.75
41968,-0.75
41969,-0.25
41970,2.75
41971,0.75
41972,0.75
41973,0.75
41974,13.25
41975,0.25
41976,-0.25
41977,-0.75
41978,2.25
41979,0.75
41980,-1.75
41981,2.75
41982,7.75
41983,4.25
41984,-0.25
41985,-0.75
41986,1.75
41987,1.75
41988,-0.75
41989,1.25
41990,-0.75
41991,-0.25
41992,0.75
41993,-0.75
41994,0.75
41995,-0.75
41996,8.25
41997,0.75
41998,-0.25
41999,0.75
42000,1.75
42001,0.75
42002,0.25
42003,-0.25
42004,0.25
42005,0.75
42006,2.75
42007,8.75
42008,-0.25
42009,-0.75
42010,-0.25
42011,1.75
42012,3.25
42013,0.25
42014,-0.75
42015,14.75
42016,0.75
42017,-0.75
42018,-1.25
42019,0.25
42020,0.75
42021,0.75
42022,-0.75
42023,0.75
42024,-0.25
42025,0.75
42026,-1.25
42027,0.75
42028,-0.25
42029,-0.75
42030,2.75
42031,1.75
42032,-0.25
42033,-0.75
42034,-0.75
42035,-0.75
42036,-0.25
42037,-0.25
42038,-0.75
42039,0.75
42040,1.25
42041,0.25
42042,-1.25
42043,-0.75
42044,-1.25
42045,1.75
42046,0.75
42047,6.25
42048,-0.75
42049,1.25
42050,-0.75
42051,2.25
42052,3.75
42053,0.25
42054,0.75
42055,13.25
42056,3.75
42057,-0.75
42058,3.75
42059,-0.75
42060,0.25
42061,0.25
42062,-0.25
42063,-1.25
42064,-0.75
42065,-6.75
42066,2.25
42067,-2.25
42068,0.75
42069,0.75
42070,-0.75
42071,2.75
42072,14.25
42073,1.25
42074,3.75
42075,-0.25
42076,4.25
42077,2.75
42078,2.25
42079,0.25
42080,-0.75
42081,-0.75
42082,0.25
42083,0.75
42084,0.75
42085,21.5
42086,0.25
42087,0.75
42088,-3.25
42089,-0.75
42090,2.25
42091,5.25
42092,-0.75
42093,-0.25
42094,-0.25
42095,-0.25
42096,-0.75
42097,-0.25
42098,2.25
42099,5.25
42100,-0.75
42101,-0.25
42102,-0.25
42103,17.5
42104,-2.75
42105,-0.75
42106,3.25
42107,17.75
42108,-0.25
42109,-0.75
42110,-0.25
42111,0.75
42112,-0.25
42113,1.25
42114,-0.75
42115,-0.75
42116,5.25
42117,-0.25
42118,-0.75
42119,12.25
42120,-6.75
42121,3.25
42122,9.25
42123,-0.25
42124,-0.75
42125,17.0
42126,0.75
42127,0.25
42128,-1.25
42129,-0.25
42130,0.75
42131,-0.75
42132,0.75
42133,0.75
42134,21.75
42135,0.25
42136,6.25
42137,-0.25
42138,0.75
42139,1.25
42140,1.75
42141,-0.75
42142,0.25
42143,3.25
42144,0.75
42145,-11.25
42146,1.75
42147,-2.75
42148,-0.75
42149,9.25
42150,-0.75
42151,-0.25
42152,0.25
42153,13.25
42154,0.75
42155,0.75
42156,-0.25
42157,-0.25
42158,-0.25
42159,-1.25
42160,0.75
42161,12.75
42162,0.75
42163,-0.75
42164,1.75
42165,-0.75
42166,5.25
42167,-0.75
42168,4.75
42169,-0.75
42170,-1.75
42171,-0.25
42172,12.0
42173,-6.25
42174,-0.75
42175,11.75
42176,3.75
42177,-0.75
42178,10.75
42179,-0.25
42180,-0.25
42181,-1.25
42182,-1.75
42183,-0.25
42184,-0.25
42185,-0.25
42186,0.75
42187,0.75
42188,1.75
42189,1.25
42190,-0.25
42191,-0.25
42192,-2.25
42193,5.25
42194,25.5
42195,0.75
42196,0.25
42197,-1.25
42198,0.25
42199,-0.25
42200,9.25
42201,2.25
42202,-0.25
42203,0.25
42204,21.5
42205,0.25
42206,1.25
42207,-0.75
42208,-0.25
42209,0.75
42210,-39.25
42211,-1.75
42212,0.75
42213,-0.75
42214,3.25
42215,6.25
42216,-7.25
42217,0.25
42218,-2.75
42219,-0.75
42220,-0.25
42221,1.25
42222,1.25
42223,7.25
42224,0.75
42225,1.25
42226,1.25
42227,1.75
42228,-0.25
42229,1.25
42230,0.75
42231,-0.25
42232,0.75
42233,-3.75
42234,0.75
42235,-0.25
42236,7.25
42237,-0.75
42238,-0.25
42239,1.75
42240,-0.75
42241,-0.25
42242,-0.25
42243,-0.25
42244,0.25
42245,1.75
42246,10.25
42247,-0.25
42248,0.25
42249,9.25
42250,-0.25
42251,5.25
42252,2.25
42253,1.25
42254,1.75
42255,0.75
42256,-0.25
42257,-0.75
42258,-0.75
42259,2.75
42260,-0.75
42261,3.25
42262,25.0
42263,0.75
42264,-0.25
42265,-1.25
42266,-3.25
42267,-0.75
42268,1.25
42269,-0.25
42270,0.75
42271,0.25
42272,3.25
42273,0.75
42274,2.25
42275,1.25
42276,3.25
42277,-0.75
42278,-0.25
42279,2.25
42280,-0.25
42281,0.75
42282,0.75
42283,1.75
42284,0.75
42285,-0.25
42286,-0.75
42287,0.25
42288,0.75
42289,-0.25
42290,-0.25
42291,-0.75
42292,-0.75
42293,10.75
42294,-0.75
42295,-0.75
42296,0.75
42297,-0.75
42298,1.75
42299,0.25
42300,-2.25
42301,-0.75
42302,-0.75
42303,1.75
42304,-0.75
42305,0.75
42306,-0.25
42307,1.25
42308,0.75
42309,-0.25
42310,0.25
42311,-0.75
42312,0.75
42313,2.25
42314,-0.25
42315,14.75
42316,1.25
42317,-5.25
42318,2.25
42319,1.25
42320,-0.25
42321,10.25
42322,9.25
42323,0.75
42324,-0.25
42325,-0.25
42326,0.75
42327,0.75
42328,0.75
42329,2.25
42330,3.25
42331,-0.75
42332,0.25
42333,-0.25
42334,1.75
42335,-0.25
42336,0.75
42337,-0.75
42338,-1.25
42339,0.75
42340,-7.75
42341,-0.25
42342,-0.25
42343,0.75
42344,-0.25
42345,2.25
42346,6.75
42347,-0.75
42348,1.75
42349,0.75
42350,1.75
42351,1.25
42352,0.25
42353,-8.25
42354,0.75
42355,3.25
42356,-0.75
42357,-0.75
42358,-0.75
42359,-0.25
42360,3.75
42361,2.75
42362,-0.25
42363,-0.75
42364,0.75
42365,5.25
42366,0.25
42367,-0.75
42368,-0.75
42369,-0.25
42370,1.25
42371,1.25
42372,-0.75
42373,-0.25
42374,0.25
42375,-1.25
42376,2.25
42377,-2.75
42378,-0.75
42379,0.75
42380,0.75
42381,0.75
42382,-0.75
42383,0.75
42384,0.75
42385,0.75
42386,0.75
42387,-0.25
42388,-0.25
42389,-3.25
42390,-0.25
42391,-0.75
42392,0.75
42393,-0.75
42394,1.25
42395,0.75
42396,1.25
42397,1.75
42398,1.75
42399,-0.75
42400,6.25
42401,0.75
42402,2.25
42403,2.75
42404,1.25
42405,0.25
42406,2.75
42407,4.75
42408,0.75
42409,-0.75
42410,0.25
42411,17.25
42412,-0.25
42413,1.75
42414,-0.75
42415,-0.75
42416,3.25
42417,-0.25
42418,-2.25
42419,0.75
42420,1.25
42421,1.25
42422,-0.75
42423,-0.75
42424,-2.25
42425,0.75
42426,3.75
42427,0.75
42428,-0.25
42429,-0.75
42430,5.25
42431,-1.25
42432,6.75
42433,-0.25
42434,-0.25
42435,0.75
42436,2.75
42437,1.25
42438,-0.25
42439,-0.75
42440,1.25
42441,-2.75
42442,-0.25
42443,-0.75
42444,-0.25
42445,2.25
42446,12.75
42447,-0.75
42448,-0.75
42449,-8.25
42450,2.25
42451,1.25
42452,-0.25
42453,-2.25
42454,-0.25
42455,-0.25
42456,-1.75
42457,1.25
42458,-1.25
42459,0.75
42460,0.75
42461,-0.25
42462,1.25
42463,-5.25
42464,0.75
42465,0.75
42466,-0.75
42467,1.25
42468,-1.75
42469,-0.25
42470,1.25
42471,1.25
42472,-0.75
42473,0.25
42474,0.75
42475,-0.75
42476,0.75
42477,0.75
42478,2.75
42479,2.25
42480,-0.25
42481,0.75
42482,0.75
42483,0.25
42484,0.75
42485,-0.25
42486,0.75
42487,-0.25
42488,1.75
42489,1.25
42490,0.25
42491,0.75
42492,0.25
42493,0.75
42494,4.25
42495,0.75
42496,1.75
42497,-0.25
42498,0.25
42499,0.75
42500,1.25
42501,-0.25
42502,0.75
42503,-0.25
42504,-0.75
42505,-0.75
42506,-0.75
42507,1.75
42508,0.75
42509,-0.75
42510,2.25
42511,0.25
42512,1.75
42513,10.75
42514,-0.25
42515,1.25
42516,1.25
42517,-0.75
42518,-0.25
42519,6.75
42520,0.75
42521,3.75
42522,1.75
42523,-0.25
42524,2.75
42525,0.25
42526,0.75
42527,-0.25
42528,6.75
42529,0.75
42530,0.75
42531,6.25
42532,0.25
42533,2.75
42534,0.25
42535,1.75
42536,4.75
42537,-1.25
42538,0.25
42539,-8.75
42540,-0.75
42541,-0.25
42542,0.75
42543,0.75
42544,0.75
42545,-2.75
42546,22.0
42547,3.25
42548,-1.25
42549,-0.25
42550,1.25
42551,1.75
42552,7.75
42553,-0.75
42554,-0.75
42555,1.75
42556,-0.75
42557,0.25
42558,2.25
42559,0.75
42560,-0.75
42561,-0.25
42562,-3.75
42563,0.25
42564,0.75
42565,1.75
42566,-0.75
42567,-3.25
42568,-0.75
42569,-0.75
42570,0.75
42571,-0.25
42572,-0.75
42573,-0.75
42574,-0.75
42575,0.25
42576,0.75
42577,3.25
42578,0.75
42579,0.25
42580,3.25
42581,3.75
42582,-5.75
42583,-0.25
42584,-0.75
42585,-0.25
42586,-0.75
42587,-0.25
42588,2.75
42589,0.75
42590,0.75
42591,1.75
42592,0.75
42593,3.75
42594,0.75
42595,25.75
42596,-1.25
42597,15.0
42598,12.75
42599,-6.25
42600,-0.25
42601,-0.25
42602,1.25
42603,19.25
42604,-0.75
42605,0.75
42606,-6.75
42607,1.75
42608,-13.25
42609,-0.75
42610,-1.25
42611,1.75
42612,-0.25
42613,-7.75
42614,-3.25
42615,-0.75
42616,0.75
42617,-0.25
42618,0.75
42619,0.75
42620,0.25
42621,0.75
42622,0.75
42623,3.25
42624,0.75
42625,-0.25
42626,-0.75
42627,-0.25
42628,-0.25
42629,2.25
42630,1.75
42631,-9.25
42632,-0.75
42633,18.0
42634,1.75
42635,0.25
42636,-1.25
42637,0.25
42638,0.75
42639,0.25
42640,-0.75
42641,1.75
42642,-0.75
42643,1.75
42644,0.25
42645,-0.25
42646,1.25
42647,0.75
42648,1.25
42649,1.25
42650,0.75
42651,0.25
42652,0.75
42653,-5.75
42654,-0.75
42655,-0.75
42656,0.75
42657,0.75
42658,20.0
42659,2.25
42660,0.25
42661,3.25
42662,-0.25
42663,12.25
42664,-0.25
42665,5.75
42666,3.25
42667,4.25
42668,0.75
42669,-0.75
42670,-1.25
42671,2.75
42672,-0.25
42673,3.25
42674,-0.75
42675,-0.75
42676,1.25
42677,-2.25
42678,-7.25
42679,-0.75
42680,2.25
42681,2.25
42682,0.75
42683,0.25
42684,-0.25
42685,-0.75
42686,-2.25
42687,-1.25
42688,1.25
42689,-0.25
42690,-0.75
42691,1.75
42692,-13.75
42693,-0.75
42694,0.75
42695,9.25
42696,-0.25
42697,1.75
42698,6.25
42699,2.25
42700,-0.25
42701,-0.75
42702,-0.75
42703,-0.25
42704,-0.25
42705,-0.75
42706,16.25
42707,2.25
42708,0.75
42709,4.75
42710,0.75
42711,2.25
42712,-0.25
42713,0.25
42714,1.25
42715,0.25
42716,6.25
42717,-0.25
42718,2.75
42719,0.75
42720,-0.25
42721,0.25
42722,8.25
42723,-0.25
42724,0.75
42725,7.25
42726,1.75
42727,0.25
42728,-0.25
42729,-0.25
42730,-0.25
42731,0.75
42732,-0.75
42733,0.25
42734,0.75
42735,0.75
42736,-0.25
42737,-2.75
42738,1.25
42739,2.75
42740,2.25
42741,1.25
42742,20.75
42743,-6.25
42744,-0.25
42745,0.75
42746,-0.75
42747,1.75
42748,-0.25
42749,0.75
42750,-0.75
42751,-0.25
42752,-0.25
42753,0.75
42754,-0.25
42755,-0.25
42756,1.75
42757,-0.25
42758,0.25
42759,1.75
42760,-0.25
42761,2.75
42762,6.75
42763,-0.75
42764,-0.25
42765,0.75
42766,0.25
42767,1.75
42768,-0.75
42769,1.25
42770,0.75
42771,0.75
42772,-1.25
42773,-0.25
42774,-0.25
42775,-0.75
42776,-0.25
42777,1.75
42778,0.25
42779,-0.75
42780,0.25
42781,7.75
42782,-0.75
42783,-0.25
42784,1.75
42785,7.75
42786,-0.75
42787,1.25
42788,-0.75
42789,2.25
42790,16.0
42791,-2.25
42792,1.75
42793,2.25
42794,0.75
42795,0.75
42796,2.25
42797,-0.75
42798,0.75
42799,0.75
42800,2.25
42801,12.75
42802,3.25
42803,1.75
42804,1.25
42805,6.25
42806,-0.25
42807,1.75
42808,0.25
42809,0.25
42810,12.0
42811,1.25
42812,0.75
42813,-0.25
42814,0.75
42815,1.75
42816,0.75
42817,1.25
42818,-0.25
42819,-0.75
42820,0.75
42821,0.25
42822,-0.25
42823,11.75
42824,0.75
42825,0.75
42826,0.75
42827,2.75
42828,-1.25
42829,5.25
42830,5.25
42831,1.75
42832,-0.75
42833,-0.25
42834,3.25
42835,-0.75
42836,-1.25
42837,0.75
42838,0.75
42839,-0.75
42840,-1.25
42841,-0.25
42842,-6.25
42843,1.75
42844,19.0
42845,6.75
42846,-8.25
42847,1.25
42848,0.75
42849,-1.25
42850,-0.75
42851,7.25
42852,0.75
42853,-0.25
42854,-4.25
42855,3.75
42856,0.75
42857,2.75
42858,-0.25
42859,0.25
42860,-0.25
42861,-0.75
42862,0.25
42863,-0.25
42864,0.25
42865,0.75
42866,2.25
42867,2.75
42868,-5.25
42869,-1.25
42870,1.75
42871,7.25
42872,0.75
42873,-4.25
42874,-0.25
42875,16.25
42876,-9.75
42877,-0.25
42878,-0.25
42879,15.75
42880,15.5
42881,0.75
42882,0.75
42883,-5.75
42884,1.75
42885,-0.25
42886,0.25
42887,-0.25
42888,0.75
42889,-0.25
42890,1.75
42891,-2.25
42892,7.25
42893,1.75
42894,-0.25
42895,1.75
42896,1.25
42897,0.75
42898,-0.75
42899,1.25
42900,-0.25
42901,-0.25
42902,2.25
42903,-0.25
42904,2.75
42905,-0.25
42906,0.25
42907,1.75
42908,1.75
42909,4.25
42910,0.75
42911,-0.75
42912,-0.75
42913,2.75
42914,0.75
42915,-1.25
42916,-1.25
42917,0.75
42918,2.25
42919,10.25
42920,3.25
42921,4.75
42922,-0.75
42923,-0.25
42924,0.25
42925,1.25
42926,-0.75
42927,-0.25
42928,-0.25
42929,1.25
42930,-0.25
42931,0.75
42932,-2.25
42933,0.25
42934,-0.75
42935,-0.25
42936,-0.75
42937,3.25
42938,-0.25
42939,0.75
42940,-0.75
42941,1.75
42942,-0.25
42943,5.25
42944,-0.25
42945,6.25
42946,0.25
42947,-1.75
42948,0.75
42949,-1.25
42950,-0.75
42951,1.25
42952,-3.25
42953,1.25
42954,0.25
42955,0.75
42956,2.75
42957,1.75
42958,6.75
42959,-4.25
42960,-1.25
42961,0.75
42962,-1.25
42963,3.25
42964,2.25
42965,-0.75
42966,1.75
42967,5.25
42968,-1.75
42969,-1.25
42970,4.25
42971,-0.25
42972,1.25
42973,2.25
42974,14.75
42975,-1.75
42976,2.75
42977,1.75
42978,-1.75
42979,-0.25
42980,4.75
42981,5.75
42982,-0.25
42983,0.25
42984,-0.75
42985,16.5
42986,0.75
42987,0.75
42988,-11.75
42989,18.75
42990,-1.25
42991,0.75
42992,0.25
42993,-0.25
42994,10.25
42995,-2.75
42996,-0.75
42997,-0.75
42998,0.75
42999,0.25
43000,-5.25
43001,-2.25
43002,0.75
43003,0.75
43004,1.25
43005,-2.75
43006,-0.25
43007,3.25
43008,2.25
43009,-0.25
43010,-0.25
43011,-3.25
43012,-0.75
43013,-2.75
43014,-0.25
43015,-0.25
43016,0.25
43017,0.75
43018,13.75
43019,1.25
43020,1.75
43021,1.25
43022,12.0
43023,1.75
43024,-2.25
43025,0.75
43026,-3.25
43027,-0.75
43028,-5.25
43029,-0.25
43030,2.75
43031,-2.25
43032,0.25
43033,2.75
43034,-0.75
43035,2.75
43036,-2.25
43037,-0.75
43038,8.25
43039,16.25
43040,-0.75
43041,-7.25
43042,-0.75
43043,-0.75
43044,-1.25
43045,3.75
43046,0.75
43047,4.75
43048,-4.25
43049,3.75
43050,-2.75
43051,-0.25
43052,1.75
43053,2.25
43054,3.25
43055,0.75
43056,0.25
43057,-0.25
43058,5.25
43059,-3.25
43060,-0.75
43061,-0.75
43062,-0.75
43063,-0.75
43064,-3.75
43065,-0.25
43066,0.75
43067,-0.25
43068,0.75
43069,0.75
43070,-0.25
43071,-5.75
43072,0.75
43073,-0.75
43074,2.75
43075,-0.75
43076,-0.25
43077,0.75
43078,2.75
43079,0.75
43080,-0.25
43081,-0.25
43082,-0.25
43083,0.75
43084,1.25
43085,-0.25
43086,-0.25
43087,-0.75
43088,-1.75
43089,0.75
43090,2.25
43091,0.75
43092,-0.75
43093,0.25
43094,0.75
43095,0.25
43096,-0.25
43097,-2.75
43098,1.25
43099,0.75
43100,-0.25
43101,-0.25
43102,3.25
43103,1.25
43104,0.75
43105,8.75
43106,-0.75
43107,1.25
43108,0.75
43109,-0.75
43110,0.25
43111,-0.25
43112,2.25
43113,0.75
43114,-0.25
43115,0.75
43116,3.25
43117,-0.75
43118,3.25
43119,-0.25
43120,0.25
43121,0.75
43122,-0.25
43123,0.25
43124,-0.25
43125,1.25
43126,-1.25
43127,13.25
43128,12.75
43129,0.75
43130,2.25
43131,0.25
43132,2.25
43133,-0.75
43134,8.75
43135,12.0
43136,-1.25
43137,-1.25
43138,0.25
43139,-0.25
43140,-0.25
43141,-1.25
43142,6.75
43143,2.25
43144,-2.25
43145,3.75
43146,-0.25
43147,-0.25
43148,5.75
43149,12.25
43150,0.25
43151,3.25
43152,11.25
43153,0.75
43154,-1.25
43155,2.25
43156,-0.25
43157,1.75
43158,1.75
43159,-0.25
43160,1.75
43161,-0.25
43162,-0.25
43163,-0.25
43164,2.75
43165,7.25
43166,0.25
43167,4.25
43168,0.75
43169,2.25
43170,-0.25
43171,0.25
43172,0.75
43173,-0.25
43174,25.25
43175,17.75
43176,5.75
43177,2.25
43178,-0.25
43179,0.75
43180,1.25
43181,-0.75
43182,-0.25
43183,0.75
43184,-0.25
43185,-0.75
43186,-0.25
43187,1.75
43188,2.75
43189,0.75
43190,5.25
43191,2.25
43192,0.25
43193,0.25
43194,-0.75
43195,-0.25
43196,-0.25
43197,0.25
43198,-0.75
43199,-1.75
43200,-0.25
43201,1.25
43202,-0.75
43203,-0.75
43204,-0.75
43205,3.75
43206,-5.25
43207,1.75
43208,-0.75
43209,1.75
43210,1.75
43211,0.25
43212,-0.25
43213,0.75
43214,-0.25
43215,-3.25
43216,3.25
43217,0.75
43218,8.75
43219,0.25
43220,-0.75
43221,-0.75
43222,1.75
43223,1.25
43224,18.25
43225,-0.75
43226,2.25
43227,8.25
43228,14.75
43229,0.25
43230,-0.25
43231,-0.75
43232,-0.75
43233,1.25
43234,2.25
43235,1.25
43236,15.0
43237,-0.75
43238,-2.25
43239,0.25
43240,-0.25
43241,-1.25
43242,1.25
43243,-0.75
43244,22.75
43245,0.25
43246,0.75
43247,-5.25
43248,-0.25
43249,0.25
43250,10.0
43251,0.75
43252,1.75
43253,2.75
43254,14.25
43255,3.75
43256,-0.75
43257,-3.25
43258,0.25
43259,-0.75
43260,1.75
43261,-0.25
43262,0.75
43263,-0.25
43264,-0.25
43265,17.5
43266,3.25
43267,-0.75
43268,-0.75
43269,-0.25
43270,0.25
43271,1.25
43272,3.75
43273,1.75
43274,1.75
43275,-0.25
43276,-2.75
43277,-0.75
43278,2.75
43279,2.75
43280,19.0
43281,3.25
43282,11.0
43283,5.25
43284,0.25
43285,4.75
43286,0.25
43287,-1.25
43288,7.75
43289,0.75
43290,8.75
43291,11.75
43292,2.75
43293,-0.25
43294,-0.75
43295,-2.75
43296,-0.25
43297,0.25
43298,-4.75
43299,-0.25
43300,0.25
43301,12.0
43302,2.25
43303,-0.25
43304,-1.25
43305,-0.25
43306,2.75
43307,0.75
43308,0.75
43309,0.75
43310,-4.75
43311,0.25
43312,-0.25
43313,-8.25
43314,-5.75
43315,0.75
43316,2.25
43317,-0.25
43318,0.75
43319,0.25
43320,2.25
43321,-2.75
43322,-4.75
43323,0.25
43324,2.25
43325,-0.25
43326,1.25
43327,0.25
43328,0.75
43329,20.25
43330,0.25
43331,-14.75
43332,-0.25
43333,-2.25
43334,2.25
43335,-0.75
43336,1.25
43337,-0.25
43338,0.75
43339,0.75
43340,0.75
43341,13.0
43342,-0.75
43343,11.25
43344,-0.75
43345,-0.75
43346,-1.25
43347,-0.25
43348,1.75
43349,5.25
43350,-0.25
43351,16.75
43352,-1.25
43353,0.75
43354,-0.25
43355,2.25
43356,-0.75
43357,1.75
43358,-1.25
43359,0.75
43360,0.75
43361,-0.75
43362,-0.75
43363,-0.75
43364,0.25
43365,-0.25
43366,4.75
43367,0.75
43368,-0.75
43369,0.75
43370,1.75
43371,2.25
43372,-1.25
43373,1.75
43374,-5.25
43375,-0.25
43376,1.25
43377,7.25
43378,10.75
43379,0.25
43380,-0.75
43381,-0.75
43382,-0.25
43383,-0.25
43384,-0.25
43385,-2.75
43386,-0.75
43387,1.75
43388,-0.25
43389,7.25
43390,2.25
43391,0.75
43392,3.75
43393,1.75
43394,0.75
43395,-0.25
43396,1.25
43397,-0.75
43398,-0.75
43399,1.75
43400,-2.25
43401,-2.25
43402,-0.25
43403,-0.75
43404,0.75
43405,0.75
43406,-0.25
43407,0.75
43408,-0.25
43409,1.75
43410,-2.25
43411,-0.25
43412,3.25
43413,0.75
43414,-2.25
43415,-0.25
43416,-0.75
43417,11.75
43418,-0.75
43419,0.25
43420,-2.25
43421,0.75
43422,-0.25
43423,-0.75
43424,-0.25
43425,21.75
43426,-0.25
43427,2.25
43428,0.75
43429,2.25
43430,2.25
43431,-0.25
43432,3.75
43433,0.75
43434,6.75
43435,1.75
43436,-0.75
43437,-0.25
43438,-0.25
43439,-0.75
43440,2.25
43441,2.25
43442,0.75
43443,2.25
43444,1.25
43445,0.25
43446,-0.25
43447,-0.75
43448,-0.25
43449,0.25
43450,-0.75
43451,-2.25
43452,0.75
43453,-0.75
43454,-0.75
43455,-0.25
43456,1.25
43457,9.75
43458,6.25
43459,0.75
43460,-1.25
43461,-1.75
43462,-0.75
43463,-0.25
43464,0.25
43465,2.25
43466,-0.25
43467,1.75
43468,3.25
43469,0.25
43470,12.0
43471,0.75
43472,3.75
43473,-0.25
43474,0.75
43475,18.25
43476,0.75
43477,0.25
43478,1.25
43479,-0.75
43480,0.75
43481,9.75
43482,1.75
43483,18.5
43484,0.25
43485,1.75
43486,0.75
43487,0.75
43488,-0.25
43489,0.75
43490,-0.75
43491,2.75
43492,1.75
43493,-0.75
43494,3.25
43495,-0.25
43496,-0.25
43497,4.75
43498,0.75
43499,0.75
43500,3.75
43501,8.25
43502,-1.25
43503,-0.75
43504,2.25
43505,-0.75
43506,-0.75
43507,0.75
43508,16.0
43509,-0.25
43510,22.75
43511,0.75
43512,0.75
43513,0.25
43514,5.25
43515,1.25
43516,-5.25
43517,0.25
43518,14.0
43519,10.25
43520,15.25
43521,0.25
43522,-0.25
43523,-1.25
43524,1.25
43525,-0.25
43526,-0.25
43527,2.75
43528,-17.25
43529,3.25
43530,-0.75
43531,0.75
43532,-0.75
43533,0.75
43534,0.75
43535,-0.75
43536,0.25
43537,-0.75
43538,1.75
43539,10.75
43540,-3.25
43541,3.75
43542,-0.25
43543,-0.75
43544,-1.25
43545,-1.75
43546,12.25
43547,1.25
43548,-4.25
43549,-0.25
43550,-0.75
43551,-1.25
43552,1.25
43553,18.75
43554,0.75
43555,2.75
43556,3.25
43557,-5.25
43558,9.25
43559,0.75
43560,0.25
43561,-2.25
43562,0.25
43563,17.75
43564,6.75
43565,-0.25
43566,0.75
43567,2.75
43568,0.75
43569,-0.25
43570,-1.25
43571,-0.75
43572,2.25
43573,-0.75
43574,-1.25
43575,0.25
43576,-0.75
43577,-9.25
43578,0.75
43579,-0.25
43580,0.25
43581,-0.25
43582,2.75
43583,0.75
43584,9.75
43585,0.75
43586,0.75
43587,0.75
43588,0.25
43589,-0.25
43590,-0.25
43591,-0.75
43592,0.25
43593,-0.25
43594,-0.25
43595,-0.75
43596,0.75
43597,3.25
43598,2.75
43599,-0.25
43600,-0.75
43601,0.75
43602,0.75
43603,5.25
43604,0.25
43605,-0.75
43606,0.75
43607,0.25
43608,18.75
43609,-0.75
43610,1.25
43611,0.75
43612,0.25
43613,-0.25
43614,-0.75
43615,5.75
43616,3.75
43617,0.75
43618,1.75
43619,0.25
43620,3.75
43621,0.75
43622,-0.25
43623,-0.75
43624,-7.25
43625,0.25
43626,1.25
43627,0.25
43628,-0.75
43629,8.75
43630,-0.75
43631,4.25
43632,-0.75
43633,0.75
43634,12.0
43635,0.25
43636,-0.75
43637,1.25
43638,-0.75
43639,1.75
43640,-0.75
43641,-0.25
43642,0.75
43643,0.75
43644,-0.75
43645,-0.75
43646,0.25
43647,-0.75
43648,-0.25
43649,-0.75
43650,0.75
43651,0.25
43652,-4.25
43653,-0.25
43654,0.25
43655,8.75
43656,-0.25
43657,1.25
43658,26.75
43659,0.25
43660,0.75
43661,-0.25
43662,-1.25
43663,-0.25
43664,1.25
43665,1.25
43666,10.25
43667,-1.25
43668,-0.25
43669,12.5
43670,2.75
43671,-0.25
43672,0.75
43673,-0.25
43674,0.25
43675,-0.75
43676,-0.25
43677,0.75
43678,-5.75
43679,-5.25
43680,0.75
43681,0.75
43682,-0.25
43683,2.75
43684,2.25
43685,0.25
43686,22.75
43687,-0.25
43688,0.75
43689,0.75
43690,3.75
43691,0.75
43692,-0.75
43693,-0.25
43694,-0.25
43695,0.75
43696,1.75
43697,0.75
43698,1.25
43699,0.75
43700,-0.75
43701,5.25
43702,-0.75
43703,1.75
43704,0.75
43705,-0.25
43706,0.25
43707,3.25
43708,-0.25
43709,0.75
43710,0.75
43711,12.75
43712,-0.25
43713,-0.25
43714,0.75
43715,1.25
43716,-0.25
43717,-0.75
43718,1.75
43719,1.75
43720,7.75
43721,3.25
43722,2.75
43723,3.25
43724,-0.75
43725,13.5
43726,-0.25
43727,0.75
43728,0.25
43729,-5.25
43730,2.25
43731,22.75
43732,16.25
43733,-0.75
43734,-3.25
43735,0.75
43736,0.75
43737,0.25
43738,2.75
43739,0.75
43740,1.75
43741,-0.25
43742,0.25
43743,-1.25
43744,10.25
43745,3.75
43746,5.75
43747,0.75
43748,-0.75
43749,-0.25
43750,-0.25
43751,16.5
43752,-0.25
43753,12.0
43754,2.25
43755,4.75
43756,-0.25
43757,-0.75
43758,1.25
43759,3.25
43760,-4.25
43761,1.25
43762,-0.75
43763,6.75
43764,0.75
43765,-0.75
43766,-0.25
43767,0.25
43768,-0.25
43769,3.75
43770,-0.25
43771,-3.75
43772,2.75
43773,0.75
43774,-0.25
43775,10.75
43776,0.25
43777,0.75
43778,-0.75
43779,3.25
43780,0.75
43781,5.25
43782,2.75
43783,-0.25
43784,-2.25
43785,6.75
43786,-0.25
43787,0.75
43788,-2.25
43789,0.25
43790,-0.75
43791,0.75
43792,0.75
43793,-2.75
43794,0.25
43795,0.75
43796,8.75
43797,0.75
43798,0.75
43799,-1.75
43800,-2.75
43801,1.75
43802,-1.25
43803,-1.25
43804,17.25
43805,-0.25
43806,-0.25
43807,-0.25
43808,1.25
43809,0.25
43810,-0.25
43811,1.75
43812,-0.75
43813,0.75
43814,1.25
43815,-0.25
43816,0.75
43817,25.0
43818,0.25
43819,-0.75
43820,-0.75
43821,1.75
43822,0.75
43823,1.75
43824,-0.25
43825,0.25
43826,-11.25
43827,0.25
43828,3.75
43829,1.75
43830,0.75
43831,0.75
43832,0.25
43833,11.25
43834,-4.25
43835,26.0
43836,0.25
43837,2.75
43838,-2.75
43839,-0.25
43840,0.75
43841,-7.25
43842,0.25
43843,-5.75
43844,4.75
43845,-3.75
43846,-0.25
43847,0.25
43848,0.25
43849,5.75
43850,0.75
43851,-0.25
43852,0.25
43853,1.25
43854,-12.25
43855,-0.25
43856,-0.25
43857,3.25
43858,-0.25
43859,-1.25
43860,1.25
43861,0.75
43862,-0.75
43863,-0.25
43864,-0.25
43865,16.75
43866,0.25
43867,-0.75
43868,-0.75
43869,-1.75
43870,24.0
43871,2.75
43872,0.25
43873,-4.75
43874,-0.25
43875,0.75
43876,-0.75
43877,2.25
43878,5.25
43879,1.75
43880,-0.25
43881,0.75
43882,-0.25
43883,0.25
43884,15.75
43885,-0.75
43886,-12.75
43887,0.75
43888,1.75
43889,0.25
43890,1.75
43891,1.75
43892,-2.75
43893,0.75
43894,-0.25
43895,2.75
43896,-0.25
43897,-0.75
43898,2.25
43899,-0.75
43900,0.75
43901,-0.25
43902,21.25
43903,-13.25
43904,-0.75
43905,-2.25
43906,2.75
43907,-0.75
43908,3.25
43909,0.75
43910,-0.25
43911,1.75
43912,-2.25
43913,-0.75
43914,0.75
43915,-2.75
43916,6.75
43917,-0.25
43918,1.25
43919,2.75
43920,-0.25
43921,-1.25
43922,9.25
43923,-0.25
43924,3.25
43925,-0.75
43926,2.75
43927,-0.25
43928,0.25
43929,-3.25
43930,-0.25
43931,-0.75
43932,1.75
43933,0.25
43934,0.25
43935,0.75
43936,1.75
43937,3.75
43938,0.25
43939,-2.25
43940,0.75
43941,-0.75
43942,-0.25
43943,2.75
43944,0.75
43945,1.75
43946,0.75
43947,0.75
43948,0.25
43949,0.25
43950,1.25
43951,3.25
43952,4.75
43953,1.25
43954,-0.75
43955,-0.25
43956,-1.25
43957,0.75
43958,-2.75
43959,16.25
43960,-0.75
43961,-0.25
43962,1.25
43963,18.25
43964,0.25
43965,-0.75
43966,4.25
43967,1.25
43968,-0.75
43969,0.25
43970,3.75
43971,1.75
43972,1.75
43973,-0.25
43974,0.25
43975,5.25
43976,0.25
43977,4.75
43978,1.25
43979,-5.25
43980,-2.25
43981,-2.25
43982,-1.75
43983,22.25
43984,4.75
43985,-2.75
43986,0.25
43987,-3.25
43988,24.25
43989,4.75
43990,0.75
43991,2.25
43992,-3.25
43993,-0.75
43994,-0.25
43995,0.75
43996,2.75
43997,-11.25
43998,-0.25
43999,-3.25
44000,0.75
44001,1.25
44002,2.75
44003,0.75
44004,-0.25
44005,0.75
44006,1.75
44007,0.75
44008,1.25
44009,-0.25
44010,0.75
44011,-0.75
44012,-0.25
44013,1.75
44014,3.25
44015,1.25
44016,3.75
44017,0.25
44018,3.25
44019,-0.25
44020,0.75
44021,1.25
44022,-2.25
44023,0.25
44024,12.0
44025,-0.75
44026,0.75
44027,0.75
44028,1.25
44029,-0.25
44030,14.75
44031,0.75
44032,0.75
44033,-8.25
44034,11.75
44035,0.75
44036,-0.25
44037,-0.25
44038,-1.25
44039,-0.75
44040,15.5
44041,26.25
44042,0.75
44043,3.75
44044,2.25
44045,-0.75
44046,-0.25
44047,0.75
44048,1.25
44049,2.25
44050,0.25
44051,-2.25
44052,-0.25
44053,-3.25
44054,2.25
44055,5.75
44056,0.25
44057,2.25
44058,16.75
44059,0.75
44060,-5.75
44061,0.75
44062,1.75
44063,2.25
44064,-2.25
44065,0.25
44066,2.25
44067,5.25
44068,0.75
44069,-0.25
44070,14.25
44071,-0.25
44072,11.25
44073,-0.25
44074,0.75
44075,0.75
44076,16.75
44077,0.75
44078,0.25
44079,-0.75
44080,-0.75
44081,8.75
44082,15.75
44083,-8.75
44084,-0.25
44085,-1.25
44086,-5.25
44087,-1.75
44088,-0.25
44089,1.75
44090,1.25
44091,-7.75
44092,3.25
44093,8.75
44094,-2.75
44095,-0.25
44096,-0.75
44097,-2.25
44098,0.75
44099,2.75
44100,5.25
44101,0.25
44102,-0.75
44103,-2.25
44104,-9.75
44105,-0.75
44106,28.75
44107,2.25
44108,-0.25
44109,1.75
44110,1.25
44111,0.75
44112,9.75
44113,-5.75
44114,0.75
44115,-0.75
44116,-1.75
44117,-0.25
44118,0.75
44119,-0.25
44120,-0.25
44121,3.25
44122,-0.25
44123,1.75
44124,-0.25
44125,1.25
44126,0.75
44127,-0.75
44128,-0.25
44129,0.75
44130,0.75
44131,1.75
44132,0.25
44133,0.25
44134,-5.25
44135,0.75
44136,-0.75
44137,-0.25
44138,-4.25
44139,11.25
44140,2.25
44141,1.25
44142,-0.75
44143,3.25
44144,0.25
44145,3.75
44146,16.25
44147,-0.75
44148,2.25
44149,-7.25
44150,-0.25
44151,2.75
44152,-0.25
44153,-0.25
44154,-2.25
44155,0.75
44156,-2.25
44157,1.25
44158,1.25
44159,-2.75
44160,0.75
44161,0.75
44162,-1.25
44163,18.25
44164,0.75
44165,1.25
44166,1.75
44167,5.75
44168,-0.75
44169,-0.75
44170,-0.25
44171,-0.75
44172,0.25
44173,0.75
44174,0.75
44175,1.25
44176,4.25
44177,-3.25
44178,0.25
44179,-0.75
44180,-15.25
44181,-0.75
44182,15.75
44183,-0.75
44184,-0.75
44185,-0.25
44186,0.75
44187,-0.25
44188,1.75
44189,-0.75
44190,2.75
44191,-0.25
44192,-2.25
44193,-0.75
44194,-0.75
44195,2.25
44196,1.25
44197,-0.75
44198,7.25
44199,14.75
44200,-3.75
44201,-0.25
44202,0.25
44203,1.75
44204,-2.75
44205,6.75
44206,-0.25
44207,-0.25
44208,0.75
44209,-5.75
44210,0.25
44211,0.25
44212,0.75
44213,-0.25
44214,-0.75
44215,0.75
44216,-1.25
44217,5.25
44218,-0.75
44219,0.25
44220,0.75
44221,-0.25
44222,3.25
44223,0.75
44224,4.25
44225,-0.75
44226,-0.75
44227,0.25
44228,1.25
44229,0.75
44230,0.25
44231,-0.75
44232,4.75
44233,-0.75
44234,-1.25
44235,3.25
44236,2.25
44237,1.75
44238,-7.25
44239,-0.25
44240,2.25
44241,-0.25
44242,0.75
44243,1.25
44244,-0.25
44245,0.25
44246,0.25
44247,0.75
44248,0.75
44249,-0.25
44250,1.75
44251,5.25
44252,-0.75
44253,1.75
44254,3.75
44255,0.25
44256,5.25
44257,1.25
44258,0.25
44259,-0.75
44260,1.75
44261,-1.75
44262,0.75
44263,-0.25
44264,-1.75
44265,-0.75
44266,1.25
44267,-0.75
44268,-0.25
44269,-4.25
44270,2.75
44271,0.75
44272,0.25
44273,-0.25
44274,0.75
44275,-0.25
44276,1.75
44277,0.75
44278,-0.75
44279,0.75
44280,0.75
44281,0.25
44282,-0.75
44283,-1.25
44284,0.75
44285,11.75
44286,-0.25
44287,-0.75
44288,1.75
44289,0.75
44290,-0.75
44291,0.75
44292,-1.25
44293,2.75
44294,-0.75
44295,-0.75
44296,-0.25
44297,4.25
44298,1.25
44299,-0.75
44300,-0.75
44301,0.25
44302,0.75
44303,-1.25
44304,2.25
44305,0.75
44306,3.75
44307,-0.75
44308,7.25
44309,-0.75
44310,-8.25
44311,-0.75
44312,2.75
44313,2.25
44314,2.75
44315,0.75
44316,-0.25
44317,1.25
44318,2.75
44319,2.25
44320,0.25
44321,0.75
44322,-0.25
44323,0.75
44324,-0.75
44325,0.25
44326,-0.75
44327,13.75
44328,1.25
44329,-0.75
44330,-0.75
44331,-3.25
44332,-0.25
44333,0.75
44334,-0.75
44335,0.75
44336,0.25
44337,0.75
44338,2.25
44339,0.75
44340,0.25
44341,-0.25
44342,2.25
44343,-2.75
44344,-0.25
44345,0.25
44346,1.25
44347,0.75
44348,2.25
44349,-0.25
44350,0.75
44351,-0.75
44352,-2.75
44353,0.75
44354,-4.25
44355,0.75
44356,22.25
44357,-0.25
44358,0.75
44359,1.75
44360,0.75
44361,0.75
44362,-1.25
44363,-0.25
44364,0.25
44365,2.25
44366,-0.25
44367,0.25
44368,2.75
44369,3.25
44370,-0.25
44371,-0.25
44372,9.75
44373,-10.75
44374,-0.25
44375,7.75
44376,0.75
44377,-0.75
44378,3.75
44379,0.75
44380,-1.75
44381,-0.25
44382,11.75
44383,-0.75
44384,-0.25
44385,0.75
44386,0.25
44387,-0.25
44388,3.25
44389,2.25
44390,-0.75
44391,0.75
44392,-0.25
44393,-0.75
44394,1.75
44395,3.25
44396,-0.75
44397,13.75
44398,-9.75
44399,1.75
44400,-0.75
44401,1.25
44402,0.75
44403,-0.25
44404,-0.25
44405,18.25
44406,-0.25
44407,0.25
44408,-0.25
44409,0.75
44410,0.25
44411,-0.25
44412,0.75
44413,-0.75
44414,-0.25
44415,-1.75
44416,0.75
44417,0.25
44418,1.25
44419,-1.25
44420,-1.75
44421,9.5
44422,3.25
44423,1.25
44424,-0.75
44425,3.25
44426,-0.75
44427,-0.75
44428,-0.25
44429,-1.25
44430,-0.25
44431,0.75
44432,0.25
44433,-0.25
44434,-0.25
44435,-0.25
44436,-1.25
44437,1.75
44438,-0.75
44439,0.25
44440,-0.75
44441,1.25
44442,0.25
44443,5.75
44444,-0.75
44445,2.25
44446,-0.75
44447,0.75
44448,-0.25
44449,0.75
44450,3.25
44451,8.25
44452,-0.75
44453,-0.75
44454,0.75
44455,-0.25
44456,-0.75
44457,-0.25
44458,4.25
44459,0.75
44460,0.25
44461,0.75
44462,1.75
44463,0.25
44464,0.75
44465,-4.25
44466,1.25
44467,0.25
44468,-0.25
44469,-0.75
44470,0.75
44471,4.75
44472,-0.25
44473,1.25
44474,0.75
44475,-0.25
44476,-1.25
44477,2.75
44478,-0.25
44479,0.25
44480,0.75
44481,0.25
44482,0.25
44483,15.25
44484,-0.25
44485,0.75
44486,-0.75
44487,0.75
44488,2.25
44489,-0.25
44490,0.75
44491,0.75
44492,-0.25
44493,-0.75
44494,-0.75
44495,-0.75
44496,0.25
44497,-0.25
44498,1.25
44499,-0.75
44500,-2.25
44501,0.25
44502,1.25
44503,-0.75
44504,-15.75
44505,-1.25
44506,2.25
44507,0.75
44508,-0.75
44509,1.75
44510,0.25
44511,0.25
44512,3.25
44513,-1.25
44514,0.75
44515,1.75
44516,-0.75
44517,-0.75
44518,1.75
44519,0.75
44520,-0.75
44521,-0.25
44522,0.75
44523,-0.75
44524,-1.25
44525,0.75
44526,0.75
44527,-0.25
44528,1.25
44529,-0.75
44530,-5.25
44531,0.75
44532,1.25
44533,-0.25
44534,-0.75
44535,-0.25
44536,1.75
44537,1.75
44538,-0.25
44539,-0.75
44540,-0.25
44541,-0.75
44542,-0.75
44543,0.75
44544,1.25
44545,0.75
44546,2.75
44547,-0.25
44548,6.75
44549,-1.75
44550,0.75
44551,2.75
44552,-0.25
44553,0.25
44554,-0.25
44555,-0.75
44556,19.25
44557,17.25
44558,3.25
44559,6.25
44560,4.25
44561,-0.75
44562,1.25
44563,-0.75
44564,1.75
44565,-0.75
44566,-0.25
44567,-0.25
44568,-0.25
44569,-0.75
44570,-2.25
44571,13.75
44572,14.25
44573,2.25
44574,-0.25
44575,1.75
44576,0.75
44577,0.25
44578,0.75
44579,1.75
44580,2.75
44581,0.75
44582,-0.75
44583,0.25
44584,-0.25
44585,-0.25
44586,-7.25
44587,2.75
44588,-0.75
44589,-0.75
44590,-3.75
44591,-0.25
44592,-0.25
44593,0.25
44594,2.25
44595,-12.75
44596,9.75
44597,8.25
44598,2.25
44599,4.75
44600,1.25
44601,-0.25
44602,8.75
44603,0.75
44604,-0.75
44605,0.25
44606,2.75
44607,7.25
44608,-0.25
44609,0.75
44610,-0.25
44611,0.75
44612,2.25
44613,9.25
44614,1.25
44615,0.75
44616,3.75
44617,-0.75
44618,-0.75
44619,1.25
44620,-2.75
44621,-0.25
44622,9.75
44623,-0.75
44624,0.25
44625,2.25
44626,-0.25
44627,-0.75
44628,-0.25
44629,3.75
44630,0.75
44631,-1.75
44632,0.75
44633,-0.25
44634,1.75
44635,-0.25
44636,0.25
44637,2.25
44638,-0.75
44639,-0.25
44640,-0.25
44641,0.25
44642,0.75
44643,-0.25
44644,7.75
44645,-0.25
44646,2.75
44647,17.25
44648,4.75
44649,0.25
44650,1.75
44651,0.25
44652,10.75
44653,-2.75
44654,0.75
44655,-0.75
44656,-2.25
44657,-0.75
44658,-0.75
44659,0.75
44660,0.25
44661,-0.75
44662,0.75
44663,0.25
44664,-0.75
44665,-0.75
44666,3.25
44667,-0.25
44668,19.75
44669,0.75
44670,5.25
44671,-0.25
44672,0.75
44673,4.75
44674,-0.75
44675,-0.25
44676,2.25
44677,14.25
44678,1.25
44679,1.25
44680,-0.75
44681,-0.25
44682,-0.25
44683,1.75
44684,-0.25
44685,17.25
44686,0.75
44687,-0.75
44688,-0.25
44689,-0.25
44690,0.75
44691,-0.25
44692,6.25
44693,1.75
44694,4.75
44695,2.25
44696,0.75
44697,2.25
44698,-0.75
44699,1.75
44700,-1.25
44701,-0.25
44702,2.25
44703,0.25
44704,1.75
44705,1.25
44706,1.75
44707,0.75
44708,5.25
44709,-0.75
44710,-1.25
44711,9.75
44712,-0.25
44713,-0.25
44714,-0.25
44715,2.75
44716,-5.25
44717,0.75
44718,-0.75
44719,0.25
44720,-0.75
44721,-2.25
44722,3.25
44723,2.75
44724,-0.75
44725,-0.75
44726,5.25
44727,0.25
44728,0.25
44729,-3.25
44730,3.25
44731,2.75
44732,3.25
44733,1.75
44734,-0.75
44735,-0.75
44736,-6.25
44737,11.25
44738,1.25
44739,3.75
44740,0.25
44741,0.75
44742,-0.25
44743,2.25
44744,-1.75
44745,0.25
44746,3.75
44747,1.75
44748,0.75
44749,-0.25
44750,-1.75
44751,0.25
44752,1.75
44753,-0.75
44754,0.75
44755,-0.75
44756,3.25
44757,0.75
44758,-0.75
44759,1.25
44760,1.25
44761,-0.25
44762,-1.25
44763,0.75
44764,3.25
44765,-0.25
44766,0.25
44767,0.75
44768,0.75
44769,-0.25
44770,1.75
44771,-3.25
44772,0.75
44773,1.25
44774,2.25
44775,-0.25
44776,1.25
44777,1.75
44778,-0.25
44779,-0.25
44780,3.75
44781,-0.25
44782,-2.75
44783,0.75
44784,0.25
44785,1.25
44786,0.75
44787,-0.25
44788,-0.75
44789,0.75
44790,-3.25
44791,0.25
44792,0.25
44793,-1.25
44794,6.75
44795,10.75
44796,0.25
44797,0.25
44798,1.75
44799,-0.25
44800,22.75
44801,20.25
44802,1.75
44803,0.25
44804,1.25
44805,11.25
44806,0.25
44807,-3.75
44808,-2.25
44809,-8.75
44810,1.25
44811,0.25
44812,4.75
44813,0.75
44814,-0.25
44815,3.25
44816,11.75
44817,0.75
44818,0.25
44819,-0.75
44820,0.25
44821,13.25
44822,-0.25
44823,-0.75
44824,0.75
44825,0.25
44826,0.25
44827,1.75
44828,0.25
44829,6.75
44830,10.75
44831,0.75
44832,0.75
44833,3.25
44834,-0.25
44835,-0.75
44836,0.25
44837,0.75
44838,1.75
44839,3.75
44840,9.25
44841,-0.75
44842,-0.75
44843,1.75
44844,0.75
44845,-0.75
44846,0.75
44847,-7.25
44848,-0.25
44849,3.75
44850,-0.75
44851,-0.25
44852,23.75
44853,-0.75
44854,0.75
44855,0.25
44856,-0.75
44857,-3.25
44858,2.25
44859,0.75
44860,2.25
44861,-0.25
44862,2.75
44863,0.75
44864,-0.75
44865,-0.25
44866,1.25
44867,-0.25
44868,-1.25
44869,-0.75
44870,-5.25
44871,0.75
44872,-2.25
44873,-1.25
44874,3.25
44875,0.25
44876,11.75
44877,1.25
44878,4.75
44879,0.75
44880,-0.75
44881,0.25
44882,0.75
44883,-0.25
44884,0.75
44885,-0.75
44886,0.75
44887,2.25
44888,-0.75
44889,7.75
44890,0.25
44891,-0.75
44892,0.75
44893,0.75
44894,0.75
44895,-0.75
44896,12.0
44897,0.75
44898,0.25
44899,0.75
44900,1.75
44901,-1.25
44902,2.25
44903,12.75
44904,-0.75
44905,5.75
44906,-0.75
44907,-0.75
44908,1.25
44909,-1.25
44910,0.75
44911,0.25
44912,0.75
44913,3.25
44914,-0.75
44915,9.75
44916,-0.75
44917,-1.25
44918,-0.75
44919,-0.75
44920,0.75
44921,-0.75
44922,-0.25
44923,9.25
44924,3.25
44925,-0.25
44926,1.25
44927,-4.25
44928,0.75
44929,-0.25
44930,1.75
44931,-5.25
44932,-0.75
44933,-0.25
44934,5.25
44935,-0.75
44936,2.75
44937,1.75
44938,0.75
44939,2.25
44940,-8.75
44941,-0.75
44942,-0.25
44943,1.25
44944,0.75
44945,0.75
44946,2.25
44947,0.25
44948,-1.75
44949,1.75
44950,-0.75
44951,0.75
44952,-0.25
44953,-7.75
44954,1.75
44955,4.25
44956,-0.25
44957,-0.25
44958,-0.75
44959,0.75
44960,-0.75
44961,-0.25
44962,-0.25
44963,6.75
44964,0.75
44965,-0.75
44966,-0.25
44967,-1.25
44968,1.75
44969,14.25
44970,0.75
44971,2.75
44972,-0.75
44973,0.25
44974,-3.25
44975,-1.25
44976,14.0
44977,0.25
44978,-3.25
44979,3.75
44980,0.75
44981,1.25
44982,-0.75
44983,3.75
44984,-1.25
44985,-2.75
44986,-0.75
44987,2.75
44988,0.75
44989,1.75
44990,1.25
44991,0.75
44992,-0.25
44993,-1.75
44994,-2.25
44995,-0.75
44996,-0.25
44997,-0.75
44998,-2.25
44999,0.75
45000,-0.25
45001,-0.25
45002,-0.25
45003,-0.75
45004,-0.75
45005,1.75
45006,-0.75
45007,-0.75
45008,1.25
45009,-5.25
45010,13.5
45011,-0.75
45012,10.75
45013,0.75
45014,0.25
45015,-0.25
45016,4.75
45017,3.25
45018,-0.25
45019,-2.25
45020,3.25
45021,0.25
45022,-0.25
45023,0.75
45024,10.75
45025,0.75
45026,-0.25
45027,0.75
45028,-2.25
45029,2.75
45030,-0.25
45031,-2.75
45032,-1.75
45033,2.75
45034,5.75
45035,-3.75
45036,-0.25
45037,2.25
45038,-0.25
45039,12.75
45040,8.75
45041,1.25
45042,6.25
45043,1.25
45044,-0.75
45045,0.25
45046,-0.75
45047,2.75
45048,1.75
45049,1.25
45050,4.75
45051,-0.75
45052,20.75
45053,4.25
45054,1.75
45055,0.25
45056,-6.75
45057,-0.75
45058,9.25
45059,-0.25
45060,-0.25
45061,1.75
45062,-0.75
45063,-2.25
45064,-0.25
45065,-2.75
45066,-0.25
45067,-0.75
45068,-0.75
45069,3.25
45070,1.25
45071,0.75
45072,-0.75
45073,-0.25
45074,-0.75
45075,5.25
45076,-0.75
45077,0.25
45078,3.25
45079,0.25
45080,-0.75
45081,18.25
45082,-7.25
45083,-7.25
45084,-0.25
45085,7.75
45086,2.75
45087,0.75
45088,4.25
45089,6.75
45090,-0.75
45091,11.0
45092,-0.25
45093,0.25
45094,-0.25
45095,-0.75
45096,0.75
45097,-0.75
45098,-0.75
45099,1.75
45100,7.75
45101,-0.25
45102,-0.75
45103,0.75
45104,0.75
45105,1.75
45106,2.25
45107,8.25
45108,-0.25
45109,1.25
45110,9.75
45111,-6.25
45112,0.75
45113,23.75
45114,-5.25
45115,-0.25
45116,5.75
45117,6.25
45118,16.25
45119,2.75
45120,0.75
45121,6.75
45122,-1.25
45123,-0.25
45124,-3.25
45125,6.75
45126,-0.75
45127,0.25
45128,6.75
45129,0.75
45130,-0.25
45131,0.75
45132,1.75
45133,-1.25
45134,1.75
45135,3.25
45136,-0.75
45137,-0.25
45138,1.75
45139,0.75
45140,1.25
45141,-0.75
45142,0.25
45143,-0.75
45144,-2.25
45145,-0.75
45146,-0.75
45147,0.75
45148,0.75
45149,-0.75
45150,1.75
45151,0.75
45152,0.25
45153,8.25
45154,-9.75
45155,1.75
45156,0.75
45157,-0.25
45158,-0.25
45159,2.25
45160,-0.75
45161,-0.75
45162,-11.25
45163,0.75
45164,0.75
45165,-3.75
45166,-0.75
45167,-0.25
45168,-0.75
45169,0.25
45170,-2.25
45171,0.25
45172,2.75
45173,2.25
45174,9.25
45175,0.75
45176,2.75
45177,-0.75
45178,3.25
45179,-0.75
45180,19.0
45181,1.25
45182,22.25
45183,0.75
45184,1.25
45185,-0.25
45186,-5.25
45187,0.75
45188,7.75
45189,3.75
45190,-1.25
45191,2.25
45192,0.75
45193,-0.25
45194,4.75
45195,17.75
45196,0.75
45197,-5.25
45198,-0.75
45199,-0.25
45200,-1.25
45201,-0.75
45202,0.25
45203,-2.25
45204,23.0
45205,0.75
45206,2.25
45207,1.75
45208,-0.25
45209,2.75
45210,4.75
45211,-0.25
45212,0.75
45213,-2.75
45214,0.75
45215,3.0
45216,3.25
45217,1.75
45218,3.75
45219,5.25
45220,-1.25
45221,0.75
45222,0.75
45223,0.25
45224,-0.25
45225,-0.25
45226,10.75
45227,0.25
45228,0.75
45229,0.25
45230,-0.75
45231,3.25
45232,-9.25
45233,3.25
45234,-0.75
45235,-0.25
45236,3.75
45237,10.75
45238,0.25
45239,1.25
45240,-0.75
45241,17.25
45242,-0.75
45243,-0.75
45244,-0.25
45245,-0.25
45246,7.75
45247,-0.25
45248,4.75
45249,2.75
45250,-0.25
45251,0.75
45252,0.75
45253,-15.75
45254,8.25
45255,0.25
45256,2.75
45257,-0.25
45258,1.25
45259,-2.25
45260,-0.75
45261,-0.75
45262,-0.25
45263,1.75
45264,-0.75
45265,0.75
45266,1.75
45267,-0.25
45268,-0.25
45269,0.75
45270,4.25
45271,-0.75
45272,-0.25
45273,-0.25
45274,-1.75
45275,4.25
45276,-0.25
45277,3.75
45278,3.75
45279,1.25
45280,0.25
45281,1.25
45282,-0.25
45283,-0.75
45284,1.25
45285,-5.25
45286,17.75
45287,-2.25
45288,-5.25
45289,0.75
45290,-0.75
45291,0.75
45292,-1.25
45293,-0.75
45294,6.25
45295,-4.25
45296,0.75
45297,0.75
45298,-0.25
45299,-0.75
45300,23.25
45301,1.75
45302,-0.75
45303,0.75
45304,1.75
45305,-0.75
45306,7.75
45307,-0.75
45308,-0.25
45309,-2.25
45310,-0.25
45311,-1.25
45312,-10.25
45313,0.25
45314,-0.25
45315,1.75
45316,-0.25
45317,-0.75
45318,-0.75
45319,2.25
45320,0.75
45321,-9.25
45322,0.75
45323,-0.25
45324,19.75
45325,-1.25
45326,-3.25
45327,-0.25
45328,0.25
45329,1.75
45330,-0.75
45331,0.75
45332,-2.25
45333,0.75
45334,0.25
45335,0.75
45336,1.25
45337,-0.25
45338,2.25
45339,7.25
45340,1.75
45341,1.75
45342,4.25
45343,18.25
45344,2.25
45345,0.75
45346,-0.75
45347,-0.75
45348,-0.75
45349,-4.25
45350,-5.25
45351,1.75
45352,-0.75
45353,0.75
45354,0.75
45355,-0.25
45356,1.25
45357,-0.75
45358,-5.25
45359,6.25
45360,0.25
45361,-0.75
45362,-0.25
45363,-0.25
45364,-0.75
45365,-0.75
45366,-0.25
45367,0.75
45368,-1.25
45369,-0.75
45370,1.25
45371,3.75
45372,-0.25
45373,0.75
45374,-0.75
45375,0.75
45376,0.75
45377,-0.75
45378,0.75
45379,0.75
45380,7.75
45381,1.75
45382,3.25
45383,0.25
45384,0.75
45385,-0.25
45386,-0.75
45387,1.25
45388,-0.75
45389,-0.75
45390,-0.25
45391,3.25
45392,2.75
45393,-0.25
45394,0.25
45395,-0.75
45396,-0.25
45397,-0.25
45398,-4.25
45399,3.25
45400,-0.75
45401,0.75
45402,0.25
45403,0.75
45404,-6.75
45405,0.75
45406,-0.25
45407,-0.75
45408,0.25
45409,0.75
45410,-0.75
45411,0.25
45412,-2.0
45413,1.75
45414,-0.75
45415,-0.75
45416,8.25
45417,0.75
45418,0.75
45419,0.75
45420,-0.75
45421,0.25
45422,1.75
45423,2.75
45424,1.25
45425,6.75
45426,1.75
45427,7.25
45428,0.75
45429,-0.75
45430,18.25
45431,0.75
45432,3.25
45433,-0.25
45434,-0.25
45435,13.75
45436,2.25
45437,0.25
45438,-0.75
45439,-0.75
45440,-0.75
45441,-0.25
45442,8.25
45443,-0.75
45444,0.75
45445,27.75
45446,0.75
45447,3.75
45448,1.25
45449,2.75
45450,3.25
45451,0.75
45452,0.25
45453,0.25
45454,-0.75
45455,15.25
45456,-5.25
45457,-0.75
45458,-0.25
45459,1.75
45460,13.0
45461,-0.25
45462,1.25
45463,19.0
45464,0.25
45465,-0.75
45466,2.25
45467,-0.75
45468,-0.25
45469,1.25
45470,-0.75
45471,-0.25
45472,27.0
45473,0.25
45474,0.25
45475,5.75
45476,1.75
45477,-0.75
45478,0.25
45479,3.25
45480,-1.25
45481,1.25
45482,0.25
45483,-1.25
45484,0.25
45485,0.75
45486,19.75
45487,-1.25
45488,0.75
45489,2.75
45490,-0.75
45491,1.75
45492,0.75
45493,5.25
45494,-0.75
45495,1.25
45496,0.75
45497,4.25
45498,4.75
45499,-0.75
45500,-0.25
45501,-0.25
45502,10.75
45503,0.75
45504,11.0
45505,-0.25
45506,0.75
45507,0.25
45508,-0.75
45509,3.75
45510,0.25
45511,-0.75
45512,6.75
45513,-0.75
45514,-0.25
45515,-12.75
45516,-0.75
45517,2.75
45518,5.75
45519,-0.25
45520,-4.75
45521,-0.75
45522,3.25
45523,-0.75
45524,-0.75
45525,-0.75
45526,0.75
45527,-0.25
45528,1.75
45529,0.75
45530,0.75
45531,-0.75
45532,-0.75
45533,-0.75
45534,3.25
45535,-19.25
45536,-0.75
45537,3.25
45538,-0.75
45539,0.75
45540,0.75
45541,-0.75
45542,0.25
45543,4.75
45544,0.25
45545,0.25
45546,3.75
45547,2.75
45548,-0.75
45549,2.25
45550,0.25
45551,1.75
45552,0.75
45553,0.75
45554,2.75
45555,4.25
45556,-0.25
45557,-0.25
45558,-0.25
45559,1.75
45560,0.25
45561,0.25
45562,0.75
45563,-0.75
45564,0.75
45565,1.75
45566,3.75
45567,-1.25
45568,7.75
45569,0.75
45570,-0.25
45571,1.75
45572,-19.25
45573,16.0
45574,-0.75
45575,-0.75
45576,18.0
45577,-0.75
45578,-0.25
45579,0.25
45580,-9.25
45581,-0.25
45582,4.25
45583,-0.25
45584,1.25
45585,1.25
45586,-2.25
45587,2.25
45588,-0.75
45589,2.75
45590,-0.25
45591,-0.75
45592,0.25
45593,-0.75
45594,0.75
45595,-0.75
45596,-0.25
45597,-0.75
45598,-2.75
45599,1.25
45600,11.75
45601,34.25
45602,0.75
45603,-0.75
45604,3.25
45605,3.75
45606,4.75
45607,2.25
45608,12.0
45609,0.75
45610,-7.25
45611,-5.25
45612,-0.25
45613,-0.25
45614,2.75
45615,-0.75
45616,-4.25
45617,0.75
45618,-0.75
45619,1.75
45620,1.25
45621,17.25
45622,0.75
45623,0.75
45624,-1.25
45625,-0.25
45626,-0.25
45627,-1.75
45628,10.25
45629,3.25
45630,-0.25
45631,4.25
45632,-0.25
45633,0.75
45634,-0.25
45635,-0.75
45636,-0.75
45637,0.75
45638,-0.25
45639,0.75
45640,2.75
45641,0.75
45642,-0.75
45643,-0.75
45644,2.25
45645,-0.25
45646,13.75
45647,-0.75
45648,0.75
45649,-0.25
45650,0.25
45651,-0.25
45652,-0.75
45653,-1.25
45654,0.75
45655,5.25
45656,-0.75
45657,-0.25
45658,0.75
45659,-2.75
45660,-0.25
45661,0.75
45662,-0.25
45663,0.25
45664,0.25
45665,-0.75
45666,0.75
45667,0.75
45668,-0.75
45669,-0.75
45670,0.25
45671,0.75
45672,0.75
45673,-0.25
45674,-0.75
45675,-0.75
45676,19.75
45677,-0.75
45678,0.25
45679,0.75
45680,0.25
45681,3.75
45682,0.75
45683,-0.25
45684,-0.25
45685,-0.75
45686,4.75
45687,0.25
45688,14.0
45689,0.75
45690,20.25
45691,-0.75
45692,-4.75
45693,3.25
45694,0.25
45695,2.25
45696,-0.75
45697,0.75
45698,-0.25
45699,-1.25
45700,-0.75
45701,0.75
45702,3.25
45703,0.75
45704,1.75
45705,1.75
45706,0.75
45707,16.0
45708,-0.25
45709,-0.75
45710,0.75
45711,1.75
45712,-0.25
45713,-0.25
45714,-7.25
45715,0.75
45716,0.75
45717,1.25
45718,3.25
45719,-0.25
45720,1.25
45721,0.25
45722,1.75
45723,0.25
45724,-0.75
45725,1.25
45726,1.75
45727,-0.25
45728,-1.25
45729,0.75
45730,1.75
45731,3.25
45732,0.75
45733,-5.25
45734,0.75
45735,-0.75
45736,-0.25
45737,-2.25
45738,2.75
45739,0.25
45740,-0.75
45741,-0.25
45742,0.25
45743,-0.25
45744,5.25
45745,-0.25
45746,-0.25
45747,3.25
45748,0.75
45749,-0.75
45750,0.25
45751,5.25
45752,18.0
45753,8.25
45754,0.75
45755,-0.75
45756,6.75
45757,4.75
45758,6.25
45759,-0.25
45760,2.25
45761,1.75
45762,1.25
45763,-8.25
45764,1.25
45765,0.75
45766,-0.75
45767,-0.25
45768,-0.75
45769,0.25
45770,-0.25
45771,0.25
45772,-0.75
45773,1.25
45774,0.25
45775,1.75
45776,14.25
45777,-4.25
45778,-0.75
45779,1.75
45780,-0.75
45781,-0.25
45782,-0.25
45783,38.75
45784,5.75
45785,20.75
45786,-0.75
45787,-3.75
45788,15.75
45789,-0.75
45790,-6.25
45791,0.75
45792,0.75
45793,-0.75
45794,-0.25
45795,0.25
45796,1.75
45797,-0.25
45798,0.75
45799,-0.75
45800,-0.25
45801,-0.25
45802,-2.75
45803,5.25
45804,2.25
45805,-0.75
45806,-0.25
45807,0.25
45808,-0.75
45809,-1.25
45810,0.75
45811,3.25
45812,0.75
45813,-0.25
45814,0.25
45815,0.75
45816,0.75
45817,-2.75
45818,6.25
45819,0.75
45820,2.25
45821,-0.25
45822,-0.75
45823,0.75
45824,0.75
45825,13.75
45826,0.75
45827,-0.25
45828,-0.75
45829,7.25
45830,0.75
45831,0.75
45832,1.75
45833,26.5
45834,2.75
45835,4.25
45836,-0.75
45837,3.25
45838,-0.25
45839,4.25
45840,14.0
45841,-0.25
45842,21.75
45843,-4.75
45844,-1.25
45845,-0.25
45846,4.25
45847,0.75
45848,1.25
45849,0.75
45850,2.25
45851,3.25
45852,2.75
45853,1.25
45854,-0.25
45855,1.75
45856,1.75
45857,1.25
45858,1.25
45859,0.25
45860,-0.25
45861,-0.25
45862,-1.25
45863,1.25
45864,2.25
45865,0.75
45866,0.75
45867,0.25
45868,-4.75
45869,1.75
45870,-0.25
45871,-0.75
45872,-0.75
45873,-1.25
45874,21.75
45875,-0.75
45876,-0.25
45877,-0.75
45878,2.25
45879,-0.25
45880,1.25
45881,5.75
45882,0.25
45883,0.25
45884,-0.75
45885,-0.25
45886,-0.75
45887,-0.75
45888,-0.75
45889,-0.25
45890,0.75
45891,1.75
45892,0.75
45893,0.75
45894,0.75
45895,-0.25
45896,-1.75
45897,-16.25
45898,0.75
45899,-0.75
45900,3.25
45901,0.75
45902,0.25
45903,4.25
45904,0.75
45905,1.75
45906,-0.25
45907,-0.25
45908,1.75
45909,3.25
45910,0.25
45911,6.25
45912,0.75
45913,0.75
45914,0.75
45915,-0.25
45916,18.75
45917,11.5
45918,-9.75
45919,-1.25
45920,0.75
45921,0.75
45922,1.25
45923,-2.75
45924,-0.75
45925,2.75
45926,-5.25
45927,3.75
45928,-0.25
45929,13.0
45930,2.75
45931,3.75
45932,2.25
45933,-0.75
45934,2.25
45935,2.25
45936,0.75
45937,2.25
45938,-0.25
45939,-0.25
45940,1.25
45941,-0.75
45942,18.25
45943,1.25
45944,-0.25
45945,1.25
45946,-2.25
45947,0.25
45948,4.25
45949,-0.25
45950,0.25
45951,-0.75
45952,-0.75
45953,2.25
45954,0.25
45955,0.75
45956,8.0
45957,-0.25
45958,1.25
45959,-0.75
45960,-0.25
45961,-1.25
45962,-1.25
45963,0.25
45964,-0.25
45965,0.75
45966,0.25
45967,-0.25
45968,-0.75
45969,8.75
45970,-0.25
45971,-18.25
45972,-0.75
45973,-0.75
45974,15.25
45975,0.75
45976,-0.25
45977,0.75
45978,5.25
45979,-1.75
45980,0.25
45981,-0.75
45982,0.75
45983,-0.75
45984,14.25
45985,0.25
45986,-0.75
45987,8.25
45988,0.75
45989,-0.75
45990,4.75
45991,2.25
45992,-2.25
45993,1.25
45994,-0.75
45995,-0.25
45996,1.75
45997,10.75
45998,2.75
45999,-5.75
46000,-0.25
46001,-0.75
46002,0.25
46003,-0.75
46004,-0.75
46005,0.75
46006,-0.75
46007,1.25
46008,0.25
46009,2.75
46010,0.75
46011,5.25
46012,3.25
46013,14.25
46014,1.25
46015,-0.75
46016,-0.75
46017,8.25
46018,15.5
46019,-0.75
46020,-0.25
46021,0.75
46022,-0.25
46023,2.25
46024,-0.75
46025,0.75
46026,0.25
46027,-0.25
46028,-0.75
46029,1.75
46030,16.25
46031,-0.75
46032,-0.25
46033,-0.25
46034,0.75
46035,-0.75
46036,1.25
46037,0.25
46038,8.25
46039,-0.75
46040,9.75
46041,-0.25
46042,-0.25
46043,-0.75
46044,-0.75
46045,15.75
46046,0.75
46047,-5.75
46048,-0.75
46049,-0.75
46050,0.25
46051,-6.25
46052,2.75
46053,1.75
46054,-0.25
46055,0.75
46056,-2.25
46057,-2.25
46058,-0.75
46059,0.75
46060,0.75
46061,0.25
46062,-0.75
46063,-0.25
46064,-0.25
46065,2.25
46066,-1.75
46067,0.75
46068,1.75
46069,1.75
46070,10.25
46071,-0.75
46072,9.25
46073,-1.25
46074,-0.75
46075,-1.25
46076,-0.25
46077,23.75
46078,-0.25
46079,0.75
46080,-0.75
46081,6.75
46082,-0.25
46083,2.75
46084,-0.75
46085,1.25
46086,-0.75
46087,11.25
46088,7.25
46089,22.0
46090,-0.25
46091,9.25
46092,-0.75
46093,-0.75
46094,5.75
46095,-0.75
46096,-0.25
46097,-0.25
46098,2.25
46099,5.75
46100,0.75
46101,1.25
46102,0.75
46103,-0.75
46104,0.25
46105,1.25
46106,-5.25
46107,0.75
46108,0.75
46109,-0.25
46110,-0.75
46111,-0.75
46112,-0.75
46113,-0.25
46114,-0.25
46115,-0.25
46116,2.75
46117,0.75
46118,0.75
46119,31.25
46120,1.75
46121,3.75
46122,1.25
46123,17.75
46124,-0.75
46125,0.25
46126,-0.25
46127,0.75
46128,-0.25
46129,1.75
46130,7.25
46131,11.75
46132,-0.75
46133,-0.25
46134,1.25
46135,3.25
46136,-0.75
46137,0.75
46138,0.75
46139,0.75
46140,-0.75
46141,5.25
46142,0.75
46143,-0.25
46144,0.25
46145,6.75
46146,0.25
46147,-14.75
46148,-0.75
46149,0.25
46150,0.25
46151,-0.25
46152,-0.75
46153,1.25
46154,-2.25
46155,1.75
46156,-0.75
46157,-2.75
46158,-5.25
46159,1.75
46160,-0.25
46161,0.75
46162,0.75
46163,3.25
46164,-0.75
46165,1.25
46166,1.75
46167,1.75
46168,0.75
46169,5.25
46170,-0.25
46171,0.75
46172,0.75
46173,-0.25
46174,-2.25
46175,1.75
46176,-1.25
46177,3.25
46178,-0.25
46179,-2.25
46180,2.25
46181,1.25
46182,-1.75
46183,2.75
46184,1.5
46185,12.0
46186,0.75
46187,1.75
46188,6.75
46189,0.75
46190,6.75
46191,8.75
46192,2.25
46193,-4.25
46194,-7.25
46195,15.0
46196,-0.25
46197,-1.25
46198,-0.75
46199,0.75
46200,1.75
46201,11.25
46202,-0.75
46203,2.75
46204,1.25
46205,-1.25
46206,0.75
46207,1.25
46208,1.25
46209,0.25
46210,-0.25
46211,4.75
46212,-0.75
46213,2.25
46214,0.75
46215,22.25
46216,3.25
46217,-2.75
46218,-0.75
46219,0.25
46220,1.25
46221,0.75
46222,-1.25
46223,10.75
46224,0.75
46225,-0.75
46226,13.5
46227,0.75
46228,0.75
46229,0.75
46230,-0.25
46231,-0.25
46232,2.75
46233,-0.75
46234,9.75
46235,0.75
46236,1.75
46237,2.25
46238,0.75
46239,-0.75
46240,2.25
46241,2.75
46242,-0.25
46243,-0.25
46244,5.25
46245,-0.75
46246,0.75
46247,-0.75
46248,3.25
46249,-0.25
46250,3.75
46251,-0.25
46252,-0.75
46253,2.25
46254,3.75
46255,3.25
46256,-0.75
46257,-5.25
46258,0.25
46259,-0.25
46260,-0.75
46261,1.25
46262,0.75
46263,0.25
46264,-0.75
46265,0.75
46266,2.75
46267,3.75
46268,3.25
46269,-0.25
46270,2.75
46271,-0.75
46272,3.75
46273,3.75
46274,0.75
46275,-0.25
46276,0.25
46277,1.75
46278,0.25
46279,-0.75
46280,5.25
46281,1.75
46282,1.75
46283,1.75
46284,2.25
46285,1.25
46286,0.75
46287,1.75
46288,-1.75
46289,1.25
46290,0.75
46291,-1.25
46292,0.75
46293,-0.75
46294,-0.25
46295,0.75
46296,-5.25
46297,3.75
46298,2.75
46299,1.75
46300,0.25
46301,-0.25
46302,1.75
46303,-0.25
46304,1.25
46305,-0.75
46306,-0.75
46307,0.25
46308,0.75
46309,3.25
46310,0.25
46311,-0.75
46312,0.25
46313,2.25
46314,0.75
46315,1.25
46316,-0.25
46317,15.75
46318,2.75
46319,0.75
46320,0.25
46321,0.75
46322,17.0
46323,-0.25
46324,-0.25
46325,20.0
46326,0.75
46327,19.25
46328,2.25
46329,0.25
46330,-0.75
46331,-0.25
46332,1.75
46333,2.25
46334,0.25
46335,0.75
46336,0.75
46337,-2.75
46338,11.25
46339,27.75
46340,-0.75
46341,-11.75
46342,-0.25
46343,0.25
46344,0.25
46345,-0.75
46346,0.75
46347,0.75
46348,0.25
46349,2.75
46350,-0.75
46351,1.75
46352,0.25
46353,10.25
46354,1.75
46355,-0.25
46356,1.75
46357,-0.75
46358,-2.25
46359,1.25
46360,0.75
46361,-0.75
46362,-0.25
46363,0.25
46364,7.25
46365,0.75
46366,0.75
46367,-0.25
46368,-0.25
46369,-0.25
46370,0.75
46371,0.75
46372,-0.25
46373,9.25
46374,-3.25
46375,-0.75
46376,-3.25
46377,0.25
46378,0.75
46379,-11.75
46380,0.75
46381,-0.25
46382,20.0
46383,3.25
46384,15.25
46385,0.25
46386,-7.25
46387,2.25
46388,4.75
46389,-0.25
46390,-5.25
46391,3.25
46392,-0.75
46393,-3.75
46394,-0.25
46395,29.25
46396,0.75
46397,0.75
46398,3.25
46399,3.25
46400,-12.25
46401,3.75
46402,-0.75
46403,5.25
46404,-8.25
46405,-0.25
46406,18.75
46407,-0.25
46408,-0.75
46409,-0.75
46410,16.5
46411,5.25
46412,0.75
46413,-0.75
46414,-0.75
46415,2.25
46416,1.25
46417,-0.75
46418,-9.25
46419,3.75
46420,-9.25
46421,-0.25
46422,-0.25
46423,12.0
46424,2.25
46425,0.75
46426,-11.25
46427,-0.25
46428,0.75
46429,-0.25
46430,0.25
46431,-0.25
46432,-0.25
46433,0.75
46434,1.25
46435,0.75
46436,-0.75
46437,6.25
46438,-0.75
46439,0.75
46440,1.75
46441,-0.75
46442,-1.25
46443,0.75
46444,-0.25
46445,1.25
46446,1.25
46447,-0.25
46448,-0.25
46449,0.75
46450,-4.25
46451,-1.25
46452,-0.75
46453,-0.75
46454,13.0
46455,-0.25
46456,1.25
46457,0.75
46458,1.75
46459,17.75
46460,0.75
46461,18.25
46462,0.25
46463,-0.75
46464,-0.25
46465,0.75
46466,-0.75
46467,-2.25
46468,-0.25
46469,3.75
46470,-0.25
46471,3.75
46472,-0.75
46473,-0.25
46474,-1.25
46475,-5.25
46476,0.75
46477,0.25
46478,0.75
46479,-0.25
46480,5.25
46481,2.75
46482,-0.75
46483,0.75
46484,1.75
46485,0.25
46486,0.75
46487,-0.25
46488,-0.75
46489,2.25
46490,-0.75
46491,0.75
46492,-0.75
46493,0.75
46494,0.75
46495,-0.75
46496,-1.25
46497,2.25
46498,-0.75
46499,-0.25
46500,-0.25
46501,0.75
46502,2.75
46503,0.75
46504,-0.25
46505,12.75
46506,0.25
46507,-0.75
46508,-0.75
46509,8.25
46510,0.75
46511,-1.75
46512,1.75
46513,0.75
46514,-0.75
46515,0.75
46516,-0.25
46517,-1.25
46518,-0.25
46519,-0.25
46520,0.75
46521,-22.75
46522,0.75
46523,-0.75
46524,-0.25
46525,11.75
46526,0.75
46527,0.25
