episode,reward
0,125.0
1,-25.0
2,-25.0
3,25.0
4,-125.0
5,25.0
6,-25.0
7,-75.0
8,-75.0
9,-125.0
10,-75.0
11,-25.0
12,25.0
13,-25.0
14,-75.0
15,-25.0
16,75.0
17,-125.0
18,-75.0
19,-25.0
20,75.0
21,-75.0
22,75.0
23,-75.0
24,375.0
25,-425.0
26,-75.0
27,25.0
28,475.0
29,-25.0
30,-75.0
31,-75.0
32,25.0
33,-25.0
34,75.0
35,-75.0
36,-125.0
37,-75.0
38,375.0
39,-75.0
40,-75.0
41,25.0
42,-75.0
43,-75.0
44,75.0
45,-75.0
46,-25.0
47,175.0
48,-75.0
49,-75.0
50,-25.0
51,-25.0
52,-25.0
53,175.0
54,175.0
55,-25.0
56,-75.0
57,-75.0
58,-25.0
59,575.0
60,-75.0
61,-75.0
62,-125.0
63,125.0
64,-75.0
65,-75.0
66,-125.0
67,-75.0
68,25.0
69,-25.0
70,-75.0
71,-25.0
72,-25.0
73,-125.0
74,-25.0
75,75.0
76,-125.0
77,-25.0
78,25.0
79,-75.0
80,-25.0
81,-75.0
82,-25.0
83,-75.0
84,-125.0
85,-25.0
86,-75.0
87,-25.0
88,-25.0
89,-125.0
90,-75.0
91,-75.0
92,-75.0
93,-75.0
94,-25.0
95,-75.0
96,-25.0
97,-25.0
98,-75.0
99,-75.0
100,-75.0
101,-75.0
102,-25.0
103,-75.0
104,-125.0
105,75.0
106,-75.0
107,75.0
108,-25.0
109,25.0
110,-125.0
111,-75.0
112,-25.0
113,25.0
114,-25.0
115,-75.0
116,-25.0
117,-75.0
118,-25.0
119,-75.0
120,175.0
121,-75.0
122,-25.0
123,75.0
124,-75.0
125,-125.0
126,-75.0
127,75.0
128,-25.0
129,-75.0
130,-25.0
131,-25.0
132,-125.0
133,-125.0
134,-25.0
135,-75.0
136,-25.0
137,-75.0
138,75.0
139,-75.0
140,-25.0
141,-25.0
142,25.0
143,-25.0
144,-75.0
145,175.0
146,-25.0
147,-25.0
148,-75.0
149,-75.0
150,-25.0
151,-75.0
152,75.0
153,-75.0
154,25.0
155,-25.0
156,-75.0
157,-75.0
158,-75.0
159,-75.0
160,-25.0
161,75.0
162,75.0
163,-75.0
164,75.0
165,-75.0
166,-75.0
167,-75.0
168,-75.0
169,75.0
170,-75.0
171,-75.0
172,-75.0
173,-25.0
174,-75.0
175,-25.0
176,-75.0
177,75.0
178,-75.0
179,-125.0
180,-125.0
181,-25.0
182,-25.0
183,-125.0
184,-75.0
185,-25.0
186,-125.0
187,75.0
188,-75.0
189,-75.0
190,-25.0
191,25.0
192,-25.0
193,25.0
194,-25.0
195,-25.0
196,-75.0
197,175.0
198,-75.0
199,-25.0
200,-25.0
201,-125.0
202,-75.0
203,-75.0
204,-75.0
205,25.0
206,-75.0
207,25.0
208,25.0
209,-25.0
210,-225.0
211,-75.0
212,-25.0
213,-75.0
214,75.0
215,-25.0
216,-75.0
217,-25.0
218,-75.0
219,-25.0
220,-75.0
221,75.0
222,-75.0
223,-75.0
224,-75.0
225,-25.0
226,-25.0
227,75.0
228,75.0
229,-75.0
230,-75.0
231,75.0
232,-25.0
233,-25.0
234,-75.0
235,-25.0
236,-25.0
237,175.0
238,175.0
239,-75.0
240,-25.0
241,-25.0
242,75.0
243,-125.0
244,125.0
245,-25.0
246,125.0
247,-75.0
248,-25.0
249,75.0
250,125.0
251,75.0
252,-125.0
253,-75.0
254,-25.0
255,25.0
256,-75.0
257,-75.0
258,-75.0
259,-75.0
260,-25.0
261,75.0
262,475.0
263,-25.0
264,25.0
265,-25.0
266,-25.0
267,25.0
268,75.0
269,-25.0
270,-75.0
271,75.0
272,-125.0
273,225.0
274,-25.0
275,-75.0
276,75.0
277,175.0
278,25.0
279,-25.0
280,175.0
281,25.0
282,-25.0
283,-25.0
284,-75.0
285,25.0
286,125.0
287,-25.0
288,-25.0
289,-125.0
290,-25.0
291,25.0
292,-25.0
293,75.0
294,275.0
295,225.0
296,25.0
297,25.0
298,-75.0
299,-25.0
300,-125.0
301,-75.0
302,-75.0
303,25.0
304,75.0
305,275.0
306,-75.0
307,25.0
308,-75.0
309,-25.0
310,75.0
311,-25.0
312,-75.0
313,-75.0
314,-75.0
315,-25.0
316,-75.0
317,25.0
318,275.0
319,-125.0
320,-25.0
321,-75.0
322,-25.0
323,-25.0
324,125.0
325,-75.0
326,225.0
327,-75.0
328,-75.0
329,-75.0
330,-75.0
331,-125.0
332,25.0
333,75.0
334,-75.0
335,25.0
336,125.0
337,-25.0
338,-25.0
339,-75.0
340,175.0
341,-25.0
342,275.0
343,25.0
344,-125.0
345,-75.0
346,-75.0
347,25.0
348,-75.0
349,125.0
350,-25.0
351,-75.0
352,-75.0
353,-25.0
354,375.0
355,175.0
356,-75.0
357,-25.0
358,75.0
359,175.0
360,-75.0
361,-75.0
362,-25.0
363,-25.0
364,-75.0
365,-75.0
366,-25.0
367,75.0
368,-25.0
369,175.0
370,-75.0
371,-25.0
372,-75.0
373,175.0
374,-75.0
375,-25.0
376,-75.0
377,275.0
378,-75.0
379,-25.0
380,75.0
381,-25.0
382,-25.0
383,175.0
384,-25.0
385,25.0
386,-75.0
387,-75.0
388,-75.0
389,-75.0
390,225.0
391,-25.0
392,25.0
393,25.0
394,25.0
395,-25.0
396,-75.0
397,-75.0
398,-75.0
399,775.0
400,-25.0
401,-75.0
402,-25.0
403,-25.0
404,-25.0
405,75.0
406,25.0
407,-25.0
408,75.0
409,-75.0
410,-75.0
411,25.0
412,-25.0
413,-25.0
414,-25.0
415,-75.0
416,-25.0
417,-75.0
418,-75.0
419,75.0
420,25.0
421,-25.0
422,25.0
423,75.0
424,-75.0
425,-75.0
426,-25.0
427,75.0
428,-25.0
429,-75.0
430,25.0
431,-75.0
432,-25.0
433,175.0
434,-125.0
435,375.0
436,-25.0
437,75.0
438,-25.0
439,-75.0
440,-25.0
441,25.0
442,-25.0
443,-75.0
444,-25.0
445,-75.0
446,-75.0
447,25.0
448,-75.0
449,25.0
450,-25.0
451,-75.0
452,25.0
453,125.0
454,575.0
455,-75.0
456,75.0
457,-75.0
458,75.0
459,-25.0
460,75.0
461,375.0
462,25.0
463,125.0
464,275.0
465,-25.0
466,-125.0
467,-75.0
468,175.0
469,75.0
470,375.0
471,525.0
472,25.0
473,75.0
474,375.0
475,425.0
476,125.0
477,75.0
478,-125.0
479,525.0
480,325.0
481,25.0
482,-25.0
483,175.0
484,-25.0
485,75.0
486,-75.0
487,275.0
488,75.0
489,-25.0
490,825.0
491,75.0
492,75.0
493,175.0
494,275.0
495,-75.0
496,-75.0
497,275.0
498,-325.0
499,-25.0
500,375.0
501,-25.0
502,-75.0
503,-25.0
504,-25.0
505,-75.0
506,175.0
507,-75.0
508,175.0
509,75.0
510,375.0
511,275.0
512,-125.0
513,-25.0
514,775.0
515,25.0
516,225.0
517,475.0
518,-25.0
519,375.0
520,25.0
521,225.0
522,-75.0
523,475.0
524,25.0
525,75.0
526,25.0
527,225.0
528,-75.0
529,425.0
530,-125.0
531,75.0
532,-75.0
533,-75.0
534,-25.0
535,575.0
536,25.0
537,475.0
538,25.0
539,75.0
540,25.0
541,-75.0
542,75.0
543,-75.0
544,-75.0
545,125.0
546,275.0
547,25.0
548,-25.0
549,-25.0
550,25.0
551,25.0
552,225.0
553,75.0
554,-525.0
555,275.0
556,475.0
557,175.0
558,-25.0
559,-75.0
560,275.0
561,25.0
562,-25.0
563,-75.0
564,25.0
565,-75.0
566,-75.0
567,125.0
568,75.0
569,-25.0
570,475.0
571,-25.0
572,625.0
573,225.0
574,-25.0
575,-125.0
576,25.0
577,125.0
578,-75.0
579,275.0
580,225.0
581,25.0
582,75.0
583,225.0
584,25.0
585,375.0
586,275.0
587,75.0
588,-75.0
589,75.0
590,875.0
591,-25.0
592,25.0
593,75.0
594,75.0
595,375.0
596,125.0
597,-25.0
598,75.0
599,-75.0
600,-75.0
601,75.0
602,25.0
603,175.0
604,75.0
605,-75.0
606,75.0
607,-75.0
608,725.0
609,-25.0
610,175.0
611,475.0
612,25.0
613,675.0
614,-25.0
615,-75.0
616,-25.0
617,-25.0
618,575.0
619,425.0
620,25.0
621,-75.0
622,-75.0
623,725.0
624,125.0
625,475.0
626,375.0
627,75.0
628,-75.0
629,775.0
630,625.0
631,-525.0
632,-75.0
633,-25.0
634,325.0
635,-75.0
636,475.0
637,-75.0
638,-75.0
639,75.0
640,625.0
641,-25.0
642,-625.0
643,25.0
644,-25.0
645,225.0
646,325.0
647,-75.0
648,175.0
649,-625.0
650,175.0
651,25.0
652,25.0
653,125.0
654,175.0
655,75.0
656,75.0
657,-75.0
658,25.0
659,-125.0
660,-25.0
661,625.0
662,75.0
663,900.0
664,-25.0
665,-25.0
666,25.0
667,-25.0
668,1375.0
669,-25.0
670,75.0
671,925.0
672,175.0
673,75.0
674,425.0
675,-25.0
676,275.0
677,175.0
678,125.0
679,75.0
680,475.0
681,-25.0
682,-25.0
683,-75.0
684,-25.0
685,75.0
686,275.0
687,125.0
688,475.0
689,1075.0
690,475.0
691,-125.0
692,25.0
693,175.0
694,25.0
695,-75.0
696,75.0
697,575.0
698,-25.0
699,125.0
700,-25.0
701,-75.0
702,325.0
703,375.0
704,25.0
705,375.0
706,375.0
707,125.0
708,75.0
709,-75.0
710,75.0
711,-75.0
712,-125.0
713,575.0
714,25.0
715,25.0
716,275.0
717,375.0
718,-75.0
719,225.0
720,175.0
721,225.0
722,75.0
723,25.0
724,-125.0
725,125.0
726,675.0
727,175.0
728,175.0
729,675.0
730,-25.0
731,-25.0
732,-25.0
733,-25.0
734,75.0
735,25.0
736,75.0
737,175.0
738,-25.0
739,775.0
740,-75.0
741,-25.0
742,125.0
743,275.0
744,-25.0
745,25.0
746,575.0
747,225.0
748,25.0
749,-75.0
750,125.0
751,275.0
752,-25.0
753,-75.0
754,75.0
755,225.0
756,75.0
757,925.0
758,700.0
759,575.0
760,275.0
761,975.0
762,775.0
763,1025.0
764,175.0
765,25.0
766,325.0
767,225.0
768,-25.0
769,75.0
770,525.0
771,-75.0
772,375.0
773,-75.0
774,225.0
775,-25.0
776,-125.0
777,75.0
778,-75.0
779,425.0
780,75.0
781,-325.0
782,475.0
783,125.0
784,175.0
785,75.0
786,75.0
787,125.0
788,725.0
789,25.0
790,175.0
791,-75.0
792,1275.0
793,-325.0
794,125.0
795,325.0
796,-25.0
797,275.0
798,-75.0
799,175.0
800,-75.0
801,275.0
802,-125.0
803,-25.0
804,275.0
805,225.0
806,75.0
807,-75.0
808,125.0
809,275.0
810,-75.0
811,-25.0
812,475.0
813,25.0
814,625.0
815,75.0
816,375.0
817,775.0
818,-25.0
819,-75.0
820,25.0
821,225.0
822,225.0
823,25.0
824,-925.0
825,575.0
826,-75.0
827,125.0
828,225.0
829,25.0
830,75.0
831,375.0
832,125.0
833,-75.0
834,-125.0
835,-25.0
836,-75.0
837,-25.0
838,-75.0
839,-75.0
840,-25.0
841,125.0
842,25.0
843,-75.0
844,-75.0
845,775.0
846,-25.0
847,75.0
848,575.0
849,475.0
850,675.0
851,175.0
852,25.0
853,575.0
854,375.0
855,-125.0
856,475.0
857,375.0
858,125.0
859,-75.0
860,4075.0
861,225.0
862,-375.0
863,-125.0
864,625.0
865,675.0
866,-75.0
867,775.0
868,425.0
869,625.0
870,175.0
871,1075.0
872,125.0
873,-25.0
874,125.0
875,75.0
876,175.0
877,175.0
878,875.0
879,-125.0
880,1175.0
881,-75.0
882,-25.0
883,75.0
884,-75.0
885,175.0
886,75.0
887,275.0
888,-75.0
889,325.0
890,425.0
891,75.0
892,575.0
893,225.0
894,125.0
895,425.0
896,175.0
897,275.0
898,125.0
899,75.0
900,875.0
901,975.0
902,-25.0
903,-75.0
904,475.0
905,-75.0
906,475.0
907,25.0
908,575.0
909,125.0
910,825.0
911,-1025.0
912,675.0
913,1275.0
914,175.0
915,575.0
916,-75.0
917,75.0
918,525.0
919,-25.0
920,-75.0
921,25.0
922,-75.0
923,125.0
924,425.0
925,1025.0
926,75.0
927,-25.0
928,125.0
929,1225.0
930,-25.0
931,675.0
932,-75.0
933,725.0
934,75.0
935,-25.0
936,25.0
937,125.0
938,125.0
939,-75.0
940,425.0
941,-25.0
942,-525.0
943,275.0
944,-75.0
945,-25.0
946,725.0
947,125.0
948,725.0
949,175.0
950,425.0
951,-25.0
952,125.0
953,-25.0
954,-25.0
955,-1225.0
956,675.0
957,275.0
958,75.0
959,25.0
960,75.0
961,-75.0
962,375.0
963,375.0
964,275.0
965,225.0
966,-75.0
967,225.0
968,425.0
969,-75.0
970,25.0
971,-25.0
972,175.0
973,25.0
974,-25.0
975,125.0
976,75.0
977,1225.0
978,-25.0
979,25.0
980,375.0
981,375.0
982,125.0
983,-75.0
984,325.0
985,175.0
986,425.0
987,25.0
988,275.0
989,175.0
990,1125.0
991,175.0
992,275.0
993,-75.0
994,-75.0
995,-325.0
996,900.0
997,525.0
998,775.0
999,175.0
1000,-925.0
1001,75.0
1002,175.0
1003,1575.0
1004,675.0
1005,25.0
1006,-25.0
1007,2375.0
1008,-2125.0
1009,1250.0
1010,275.0
1011,575.0
1012,75.0
1013,75.0
1014,975.0
1015,75.0
1016,525.0
1017,125.0
1018,1325.0
1019,475.0
1020,325.0
1021,25.0
1022,175.0
1023,525.0
1024,-75.0
1025,-25.0
1026,-75.0
1027,575.0
1028,-75.0
1029,175.0
1030,25.0
1031,1100.0
1032,-75.0
1033,-75.0
1034,1075.0
1035,275.0
1036,25.0
1037,175.0
1038,25.0
1039,175.0
1040,2575.0
1041,25.0
1042,125.0
1043,1050.0
1044,475.0
1045,25.0
1046,75.0
1047,575.0
1048,175.0
1049,175.0
1050,575.0
1051,75.0
1052,75.0
1053,25.0
1054,75.0
1055,225.0
1056,375.0
1057,475.0
1058,375.0
1059,-25.0
1060,325.0
1061,625.0
1062,-25.0
1063,-75.0
1064,675.0
1065,1050.0
1066,1675.0
1067,75.0
1068,1225.0
1069,475.0
1070,825.0
1071,75.0
1072,275.0
1073,925.0
1074,-25.0
1075,575.0
1076,375.0
1077,375.0
1078,1075.0
1079,175.0
1080,-75.0
1081,525.0
1082,675.0
1083,-25.0
1084,75.0
1085,675.0
1086,75.0
1087,375.0
1088,75.0
1089,125.0
1090,675.0
1091,775.0
1092,375.0
1093,375.0
1094,125.0
1095,-25.0
1096,-25.0
1097,175.0
1098,175.0
1099,175.0
1100,325.0
1101,-25.0
1102,1975.0
1103,175.0
1104,125.0
1105,25.0
1106,475.0
1107,275.0
1108,325.0
1109,175.0
1110,275.0
1111,-25.0
1112,225.0
1113,-25.0
1114,675.0
1115,575.0
1116,175.0
1117,525.0
1118,1275.0
1119,875.0
1120,225.0
1121,275.0
1122,-125.0
1123,25.0
1124,775.0
1125,175.0
1126,-75.0
1127,175.0
1128,25.0
1129,2075.0
1130,1275.0
1131,75.0
1132,875.0
1133,575.0
1134,425.0
1135,325.0
1136,25.0
1137,175.0
1138,-75.0
1139,75.0
1140,2175.0
1141,875.0
1142,1175.0
1143,575.0
1144,325.0
1145,2875.0
1146,125.0
1147,75.0
1148,525.0
1149,175.0
1150,75.0
1151,475.0
1152,25.0
1153,1575.0
1154,475.0
1155,-25.0
1156,125.0
1157,475.0
1158,75.0
1159,625.0
1160,275.0
1161,275.0
1162,175.0
1163,1475.0
1164,375.0
1165,25.0
1166,75.0
1167,25.0
1168,425.0
1169,2400.0
1170,25.0
1171,275.0
1172,425.0
1173,25.0
1174,-75.0
1175,275.0
1176,425.0
1177,-25.0
1178,25.0
1179,525.0
1180,175.0
1181,25.0
1182,-125.0
1183,1875.0
1184,825.0
1185,75.0
1186,425.0
1187,2075.0
1188,-25.0
1189,775.0
1190,-25.0
1191,225.0
1192,425.0
1193,125.0
1194,25.0
1195,475.0
1196,-325.0
1197,75.0
1198,175.0
1199,875.0
1200,25.0
1201,375.0
1202,-75.0
1203,25.0
1204,-725.0
1205,675.0
1206,475.0
1207,475.0
1208,75.0
1209,1050.0
1210,425.0
1211,525.0
1212,-75.0
1213,525.0
1214,1500.0
1215,-25.0
1216,825.0
1217,-25.0
1218,725.0
1219,275.0
1220,525.0
1221,875.0
1222,275.0
1223,1025.0
1224,2150.0
1225,425.0
1226,-75.0
1227,125.0
1228,75.0
1229,225.0
1230,175.0
1231,125.0
1232,-75.0
1233,375.0
1234,25.0
1235,1425.0
1236,825.0
1237,375.0
1238,625.0
1239,325.0
1240,1050.0
1241,-25.0
1242,875.0
1243,-75.0
1244,425.0
1245,-25.0
1246,1050.0
1247,-25.0
1248,1650.0
1249,325.0
1250,25.0
1251,75.0
1252,1175.0
1253,25.0
1254,475.0
1255,75.0
1256,25.0
1257,425.0
1258,900.0
1259,825.0
1260,375.0
1261,725.0
1262,25.0
1263,1125.0
1264,1400.0
1265,1350.0
1266,725.0
1267,-25.0
1268,675.0
1269,-125.0
1270,1375.0
1271,-75.0
1272,2875.0
1273,-75.0
1274,225.0
1275,325.0
1276,-325.0
1277,75.0
1278,1275.0
1279,775.0
1280,75.0
1281,975.0
1282,1075.0
1283,175.0
1284,625.0
1285,125.0
1286,175.0
1287,75.0
1288,75.0
1289,475.0
1290,525.0
1291,275.0
1292,1025.0
1293,25.0
1294,325.0
1295,425.0
1296,1625.0
1297,75.0
1298,1050.0
1299,-75.0
1300,525.0
1301,125.0
1302,625.0
1303,125.0
1304,125.0
1305,-75.0
1306,325.0
1307,-125.0
1308,75.0
1309,475.0
1310,275.0
1311,425.0
1312,325.0
1313,675.0
1314,375.0
1315,1825.0
1316,225.0
1317,1775.0
1318,225.0
1319,-75.0
1320,1000.0
1321,75.0
1322,875.0
1323,1775.0
1324,125.0
1325,75.0
1326,125.0
1327,375.0
1328,-1625.0
1329,1975.0
1330,225.0
1331,275.0
1332,75.0
1333,125.0
1334,775.0
1335,25.0
1336,725.0
1337,325.0
1338,425.0
1339,725.0
1340,425.0
1341,375.0
1342,-625.0
1343,-25.0
1344,75.0
1345,725.0
1346,125.0
1347,325.0
1348,625.0
1349,-25.0
1350,1000.0
1351,275.0
1352,775.0
1353,-75.0
1354,625.0
1355,575.0
1356,1075.0
1357,225.0
1358,-75.0
1359,125.0
1360,325.0
1361,725.0
1362,25.0
1363,-25.0
1364,725.0
1365,575.0
1366,275.0
1367,125.0
1368,175.0
1369,375.0
1370,825.0
1371,825.0
1372,-125.0
1373,625.0
1374,2225.0
1375,275.0
1376,75.0
1377,325.0
1378,1025.0
1379,1525.0
1380,475.0
1381,-25.0
1382,625.0
1383,25.0
1384,775.0
1385,1250.0
1386,575.0
1387,75.0
1388,725.0
1389,-75.0
1390,1325.0
1391,25.0
1392,375.0
1393,1750.0
1394,175.0
1395,725.0
1396,1200.0
1397,625.0
1398,675.0
1399,900.0
1400,375.0
1401,-2025.0
1402,425.0
1403,25.0
1404,625.0
1405,1400.0
1406,875.0
1407,225.0
1408,-325.0
1409,75.0
1410,1475.0
1411,125.0
1412,725.0
1413,1075.0
1414,25.0
1415,325.0
1416,1525.0
1417,175.0
1418,-25.0
1419,425.0
1420,225.0
1421,975.0
1422,775.0
1423,1650.0
1424,575.0
1425,900.0
1426,-25.0
1427,725.0
1428,925.0
1429,1775.0
1430,1375.0
1431,25.0
1432,675.0
1433,1425.0
1434,1075.0
1435,1125.0
1436,-25.0
1437,475.0
1438,1650.0
1439,-125.0
1440,1575.0
1441,-25.0
1442,25.0
1443,775.0
1444,1175.0
1445,225.0
1446,175.0
1447,-25.0
1448,425.0
1449,225.0
1450,-25.0
1451,125.0
1452,3500.0
1453,1075.0
1454,75.0
1455,1075.0
1456,625.0
1457,1825.0
1458,175.0
1459,2775.0
1460,425.0
1461,925.0
1462,1175.0
1463,1000.0
1464,-75.0
1465,875.0
1466,-25.0
1467,475.0
1468,975.0
1469,875.0
1470,925.0
1471,-75.0
1472,1500.0
1473,825.0
1474,925.0
1475,-3900.0
1476,-75.0
1477,-75.0
1478,375.0
1479,1550.0
1480,-25.0
1481,175.0
1482,225.0
1483,375.0
1484,125.0
1485,900.0
1486,1575.0
1487,775.0
1488,325.0
1489,2000.0
1490,1025.0
1491,1100.0
1492,675.0
1493,225.0
1494,225.0
1495,4200.0
1496,1175.0
1497,1925.0
1498,-75.0
1499,-25.0
1500,1350.0
1501,-1625.0
1502,325.0
1503,925.0
1504,1125.0
1505,975.0
1506,25.0
1507,1125.0
1508,75.0
1509,175.0
1510,25.0
1511,-75.0
1512,525.0
1513,675.0
1514,75.0
1515,1450.0
1516,775.0
1517,1675.0
1518,1050.0
1519,325.0
1520,275.0
1521,575.0
1522,525.0
1523,275.0
1524,175.0
1525,175.0
1526,775.0
1527,1275.0
1528,625.0
1529,125.0
1530,2375.0
1531,2700.0
1532,1350.0
1533,275.0
1534,125.0
1535,975.0
1536,625.0
1537,1975.0
1538,75.0
1539,25.0
1540,175.0
1541,-25.0
1542,75.0
1543,-75.0
1544,2675.0
1545,325.0
1546,-25.0
1547,-2225.0
1548,75.0
1549,975.0
1550,-75.0
1551,125.0
1552,225.0
1553,950.0
1554,1050.0
1555,-75.0
1556,2075.0
1557,-125.0
1558,-75.0
1559,2500.0
1560,1300.0
1561,-25.0
1562,3100.0
1563,375.0
1564,-1725.0
1565,2225.0
1566,75.0
1567,1325.0
1568,675.0
1569,1250.0
1570,-25.0
1571,1275.0
1572,25.0
1573,2575.0
1574,-25.0
1575,275.0
1576,525.0
1577,225.0
1578,-25.0
1579,475.0
1580,525.0
1581,-75.0
1582,-550.0
1583,75.0
1584,825.0
1585,1175.0
1586,1075.0
1587,175.0
1588,575.0
1589,325.0
1590,1200.0
1591,225.0
1592,625.0
1593,775.0
1594,825.0
1595,-75.0
1596,1300.0
1597,625.0
1598,1250.0
1599,-25.0
1600,2175.0
1601,2375.0
1602,125.0
1603,175.0
1604,1750.0
1605,2025.0
1606,725.0
1607,725.0
1608,275.0
1609,25.0
1610,1825.0
1611,425.0
1612,875.0
1613,-825.0
1614,725.0
1615,425.0
1616,1250.0
1617,1400.0
1618,25.0
1619,125.0
1620,75.0
1621,175.0
1622,25.0
1623,325.0
1624,725.0
1625,425.0
1626,25.0
1627,1550.0
1628,25.0
1629,-75.0
1630,2550.0
1631,125.0
1632,725.0
1633,325.0
1634,1050.0
1635,525.0
1636,125.0
1637,1050.0
1638,125.0
1639,-125.0
1640,625.0
1641,1325.0
1642,775.0
1643,25.0
1644,1450.0
1645,600.0
1646,225.0
1647,2200.0
1648,375.0
1649,-75.0
1650,3375.0
1651,525.0
1652,1200.0
1653,375.0
1654,1175.0
1655,175.0
1656,875.0
1657,625.0
1658,3600.0
1659,575.0
1660,75.0
1661,1875.0
1662,625.0
1663,2050.0
1664,1050.0
1665,1750.0
1666,175.0
1667,1700.0
1668,975.0
1669,75.0
1670,1775.0
1671,1175.0
1672,225.0
1673,-3000.0
1674,-1825.0
1675,425.0
1676,975.0
1677,-75.0
1678,900.0
1679,525.0
1680,2700.0
1681,125.0
1682,1725.0
1683,1025.0
1684,375.0
1685,3900.0
1686,875.0
1687,225.0
1688,1150.0
1689,2000.0
1690,775.0
1691,475.0
1692,25.0
1693,175.0
1694,3500.0
1695,75.0
1696,925.0
1697,175.0
1698,-325.0
1699,1150.0
1700,275.0
1701,275.0
1702,1125.0
1703,775.0
1704,375.0
1705,4100.0
1706,825.0
1707,1475.0
1708,625.0
1709,1875.0
1710,275.0
1711,900.0
1712,475.0
1713,525.0
1714,475.0
1715,925.0
1716,1525.0
1717,675.0
1718,1450.0
1719,275.0
1720,225.0
1721,800.0
1722,725.0
1723,625.0
1724,3400.0
1725,175.0
1726,-25.0
1727,650.0
1728,275.0
1729,-25.0
1730,625.0
1731,-75.0
1732,125.0
1733,275.0
1734,1275.0
1735,475.0
1736,625.0
1737,275.0
1738,75.0
1739,1925.0
1740,325.0
1741,5300.0
1742,-75.0
1743,375.0
1744,2400.0
1745,575.0
1746,625.0
1747,875.0
1748,675.0
1749,925.0
1750,575.0
1751,2650.0
1752,1075.0
1753,1550.0
1754,525.0
1755,900.0
1756,1050.0
1757,475.0
1758,475.0
1759,1000.0
1760,425.0
1761,675.0
1762,625.0
1763,125.0
1764,2325.0
1765,2900.0
1766,1100.0
1767,900.0
1768,525.0
1769,-325.0
1770,1125.0
1771,1075.0
1772,2050.0
1773,625.0
1774,975.0
1775,325.0
1776,325.0
1777,525.0
1778,575.0
1779,1050.0
1780,1950.0
1781,2000.0
1782,175.0
1783,1575.0
1784,1275.0
1785,1200.0
1786,1325.0
1787,475.0
1788,1200.0
1789,1400.0
1790,275.0
1791,1175.0
1792,975.0
1793,575.0
1794,125.0
1795,725.0
1796,900.0
1797,25.0
1798,925.0
1799,1575.0
1800,-25.0
1801,1400.0
1802,-75.0
1803,325.0
1804,175.0
1805,2775.0
1806,375.0
1807,225.0
1808,2950.0
1809,225.0
1810,2275.0
1811,225.0
1812,2450.0
1813,725.0
1814,75.0
1815,2150.0
1816,1250.0
1817,3150.0
1818,-825.0
1819,2050.0
1820,1350.0
1821,2100.0
1822,1500.0
1823,1025.0
1824,1200.0
1825,825.0
1826,25.0
1827,1350.0
1828,25.0
1829,775.0
1830,1100.0
1831,-25.0
1832,1125.0
1833,25.0
1834,-75.0
1835,225.0
1836,175.0
1837,575.0
1838,1200.0
1839,25.0
1840,2875.0
1841,475.0
1842,2575.0
1843,1050.0
1844,675.0
1845,-725.0
1846,75.0
1847,1100.0
1848,175.0
1849,925.0
1850,1600.0
1851,425.0
1852,1000.0
1853,725.0
1854,-75.0
1855,2200.0
1856,-75.0
1857,175.0
1858,1175.0
1859,900.0
1860,1900.0
1861,1500.0
1862,-25.0
1863,900.0
1864,875.0
1865,-75.0
1866,-75.0
1867,475.0
1868,75.0
1869,650.0
1870,1250.0
1871,2950.0
1872,2325.0
1873,225.0
1874,1550.0
1875,1600.0
1876,375.0
1877,2400.0
1878,225.0
1879,1500.0
1880,475.0
1881,1875.0
1882,1375.0
1883,225.0
1884,175.0
1885,675.0
1886,775.0
1887,775.0
1888,1175.0
1889,1025.0
1890,575.0
1891,475.0
1892,275.0
1893,175.0
1894,1200.0
1895,725.0
1896,1550.0
1897,1250.0
1898,900.0
1899,225.0
1900,1250.0
1901,1450.0
1902,2100.0
1903,675.0
1904,175.0
1905,-1425.0
1906,175.0
1907,675.0
1908,2100.0
1909,125.0
1910,1200.0
1911,4200.0
1912,975.0
1913,1250.0
1914,2700.0
1915,-25.0
1916,2100.0
1917,375.0
1918,2275.0
1919,225.0
1920,125.0
1921,900.0
1922,275.0
1923,3600.0
1924,2025.0
1925,-25.0
1926,425.0
1927,900.0
1928,225.0
1929,1475.0
1930,1425.0
1931,1050.0
1932,2000.0
1933,1050.0
1934,1225.0
1935,1950.0
1936,2700.0
1937,75.0
1938,625.0
1939,1050.0
1940,625.0
1941,125.0
1942,1200.0
1943,1525.0
1944,900.0
1945,1775.0
1946,4200.0
1947,1250.0
1948,525.0
1949,1350.0
1950,1225.0
1951,425.0
1952,475.0
1953,1750.0
1954,-25.0
1955,275.0
1956,1225.0
1957,-75.0
1958,575.0
1959,75.0
1960,875.0
1961,1325.0
1962,675.0
1963,725.0
1964,825.0
1965,675.0
1966,275.0
1967,225.0
1968,575.0
1969,-25.0
1970,1350.0
1971,25.0
1972,900.0
1973,225.0
1974,2750.0
1975,775.0
1976,900.0
1977,900.0
1978,325.0
1979,2650.0
1980,875.0
1981,1400.0
1982,3475.0
1983,2400.0
1984,425.0
1985,925.0
1986,175.0
1987,1650.0
1988,375.0
1989,1100.0
1990,1075.0
1991,1275.0
1992,2250.0
1993,2200.0
1994,625.0
1995,3200.0
1996,1225.0
1997,1050.0
1998,1150.0
1999,275.0
2000,525.0
2001,75.0
2002,975.0
2003,1475.0
2004,-75.0
2005,1200.0
2006,2575.0
2007,-25.0
2008,1100.0
2009,2450.0
2010,1450.0
2011,1175.0
2012,1275.0
2013,1675.0
2014,3350.0
2015,75.0
2016,1200.0
2017,1475.0
2018,475.0
2019,1200.0
2020,3400.0
2021,3550.0
2022,-25.0
2023,1675.0
2024,1750.0
2025,1500.0
2026,2400.0
2027,1775.0
2028,1100.0
2029,1550.0
2030,2400.0
2031,1025.0
2032,-3625.0
2033,1400.0
2034,825.0
2035,2050.0
2036,1025.0
2037,225.0
2038,900.0
2039,2450.0
2040,625.0
2041,900.0
2042,1825.0
2043,1525.0
2044,725.0
2045,1925.0
2046,1275.0
2047,1800.0
2048,25.0
2049,225.0
2050,1100.0
2051,-125.0
2052,1850.0
2053,1200.0
2054,25.0
2055,775.0
2056,475.0
2057,3100.0
2058,900.0
2059,325.0
2060,325.0
2061,2350.0
2062,2500.0
2063,1025.0
2064,1200.0
2065,2000.0
2066,2500.0
2067,675.0
2068,2375.0
2069,900.0
2070,1000.0
2071,175.0
2072,3600.0
2073,2550.0
2074,1700.0
2075,75.0
2076,2550.0
2077,3750.0
2078,-2100.0
2079,175.0
2080,1900.0
2081,3600.0
2082,225.0
2083,2250.0
2084,3100.0
2085,1450.0
2086,950.0
2087,1025.0
2088,2100.0
2089,1650.0
2090,1550.0
2091,-75.0
2092,1700.0
2093,1075.0
2094,175.0
2095,675.0
2096,1175.0
2097,-75.0
2098,1575.0
2099,1500.0
2100,1275.0
2101,475.0
2102,1575.0
2103,1650.0
2104,575.0
2105,1575.0
2106,75.0
2107,725.0
2108,725.0
2109,1275.0
2110,900.0
2111,1900.0
2112,1300.0
2113,1225.0
2114,25.0
2115,2650.0
2116,900.0
2117,2350.0
2118,925.0
2119,1775.0
2120,175.0
2121,1025.0
2122,1825.0
2123,1700.0
2124,1025.0
2125,1600.0
2126,1550.0
2127,175.0
2128,1400.0
2129,900.0
2130,1200.0
2131,125.0
2132,4500.0
2133,25.0
2134,2000.0
2135,175.0
2136,525.0
2137,2150.0
2138,2000.0
2139,925.0
2140,1350.0
2141,575.0
2142,1125.0
2143,2500.0
2144,2800.0
2145,2200.0
2146,1700.0
2147,1400.0
2148,475.0
2149,1450.0
2150,3300.0
2151,925.0
2152,2800.0
2153,275.0
2154,-2100.0
2155,900.0
2156,375.0
2157,925.0
2158,1750.0
2159,900.0
2160,1200.0
2161,1050.0
2162,2450.0
2163,2900.0
2164,2300.0
2165,2450.0
2166,925.0
2167,975.0
2168,1100.0
2169,2025.0
2170,1300.0
2171,975.0
2172,1000.0
2173,1425.0
2174,25.0
2175,1225.0
2176,2850.0
2177,1175.0
2178,225.0
2179,1800.0
2180,2450.0
2181,2550.0
2182,4200.0
2183,2100.0
2184,475.0
2185,2275.0
2186,325.0
2187,1350.0
2188,375.0
2189,950.0
2190,2375.0
2191,2500.0
2192,1650.0
2193,1050.0
2194,525.0
2195,1975.0
2196,2000.0
2197,1775.0
2198,2600.0
2199,1100.0
2200,175.0
2201,1325.0
2202,1050.0
2203,2400.0
2204,2450.0
2205,-3500.0
2206,-2300.0
2207,925.0
2208,1150.0
2209,1050.0
2210,3150.0
2211,775.0
2212,825.0
2213,1525.0
2214,-2925.0
2215,1800.0
2216,275.0
2217,1700.0
2218,275.0
2219,1550.0
2220,900.0
2221,25.0
2222,2150.0
2223,2450.0
2224,275.0
2225,375.0
2226,-4700.0
2227,75.0
2228,2350.0
2229,900.0
2230,1500.0
2231,4000.0
2232,1050.0
2233,1250.0
2234,1700.0
2235,1200.0
2236,775.0
2237,1900.0
2238,900.0
2239,175.0
2240,2150.0
2241,2250.0
2242,-125.0
2243,125.0
2244,2700.0
2245,3150.0
2246,1750.0
2247,1150.0
2248,75.0
2249,2400.0
2250,1850.0
2251,2050.0
2252,1050.0
2253,3675.0
2254,1550.0
2255,275.0
2256,275.0
2257,1375.0
2258,1300.0
2259,275.0
2260,-4500.0
2261,2375.0
2262,1000.0
2263,2000.0
2264,1850.0
2265,1125.0
2266,2600.0
2267,775.0
2268,275.0
2269,1650.0
2270,4900.0
2271,1050.0
2272,2375.0
2273,1450.0
2274,425.0
2275,3900.0
2276,1200.0
2277,625.0
2278,800.0
2279,-2900.0
2280,525.0
2281,2450.0
2282,1275.0
2283,3000.0
2284,825.0
2285,2000.0
2286,275.0
2287,75.0
2288,3150.0
2289,875.0
2290,1850.0
2291,1350.0
2292,900.0
2293,1150.0
2294,1875.0
2295,-25.0
2296,4100.0
2297,-2400.0
2298,875.0
2299,1000.0
2300,675.0
2301,1050.0
2302,2500.0
2303,-3400.0
2304,3050.0
2305,2500.0
2306,275.0
2307,175.0
2308,2050.0
2309,1650.0
2310,25.0
2311,2250.0
2312,1150.0
2313,1025.0
2314,1650.0
2315,1350.0
2316,125.0
2317,4900.0
2318,2650.0
2319,900.0
2320,4000.0
2321,75.0
2322,1150.0
2323,900.0
2324,2700.0
2325,4275.0
2326,4250.0
2327,1100.0
2328,1700.0
2329,2450.0
2330,975.0
2331,3975.0
2332,1225.0
2333,2375.0
2334,2550.0
2335,275.0
2336,900.0
2337,5075.0
2338,2650.0
2339,1100.0
2340,1750.0
2341,750.0
2342,175.0
2343,625.0
2344,1600.0
2345,375.0
2346,1350.0
2347,1200.0
2348,2100.0
2349,1275.0
2350,1400.0
2351,1050.0
2352,2700.0
2353,1525.0
2354,75.0
2355,-75.0
2356,2500.0
2357,2550.0
2358,1050.0
2359,1450.0
2360,575.0
2361,3300.0
2362,1500.0
2363,925.0
2364,575.0
2365,2375.0
2366,-25.0
2367,1950.0
2368,4825.0
2369,1550.0
2370,1725.0
2371,4800.0
2372,2950.0
2373,225.0
2374,2250.0
2375,3800.0
2376,2800.0
2377,1425.0
2378,1600.0
2379,1400.0
2380,1850.0
2381,1550.0
2382,900.0
2383,3900.0
2384,1200.0
2385,2500.0
2386,225.0
2387,975.0
2388,275.0
2389,175.0
2390,1750.0
2391,1100.0
2392,2225.0
2393,1100.0
2394,775.0
2395,2400.0
2396,900.0
2397,2050.0
2398,1900.0
2399,1175.0
2400,2500.0
2401,425.0
2402,2500.0
2403,2650.0
2404,2400.0
2405,1050.0
2406,625.0
2407,975.0
2408,1650.0
2409,525.0
2410,1500.0
2411,1050.0
2412,1550.0
2413,750.0
2414,1250.0
2415,1700.0
2416,2200.0
2417,1500.0
2418,1200.0
2419,4200.0
2420,75.0
2421,2000.0
2422,-925.0
2423,-2400.0
2424,1100.0
2425,625.0
2426,3300.0
2427,1400.0
2428,2200.0
2429,-3225.0
2430,3300.0
2431,2400.0
2432,-2500.0
2433,2900.0
2434,1050.0
2435,1075.0
2436,2800.0
2437,1100.0
2438,1525.0
2439,75.0
2440,2700.0
2441,475.0
2442,1000.0
2443,2850.0
2444,900.0
2445,1100.0
2446,2050.0
2447,4100.0
2448,1900.0
2449,575.0
2450,1175.0
2451,1250.0
2452,-925.0
2453,3550.0
2454,3400.0
2455,2475.0
2456,75.0
2457,1200.0
2458,1700.0
2459,3100.0
2460,5075.0
2461,2300.0
2462,2100.0
2463,1350.0
2464,975.0
2465,1200.0
2466,2250.0
2467,1850.0
2468,175.0
2469,2500.0
2470,1050.0
2471,1000.0
2472,1550.0
2473,2200.0
2474,525.0
2475,-2200.0
2476,1550.0
2477,2375.0
2478,900.0
2479,2275.0
2480,525.0
2481,1100.0
2482,1650.0
2483,1700.0
2484,3800.0
2485,1250.0
2486,1675.0
2487,2400.0
2488,-2500.0
2489,1125.0
2490,3100.0
2491,2300.0
2492,1050.0
2493,-25.0
2494,4700.0
2495,2050.0
2496,2675.0
2497,2050.0
2498,1200.0
2499,2250.0
2500,2575.0
2501,1800.0
2502,2450.0
2503,375.0
2504,2250.0
2505,1850.0
2506,975.0
2507,1925.0
2508,2475.0
2509,125.0
2510,1400.0
2511,1150.0
2512,1175.0
2513,4000.0
2514,1650.0
2515,625.0
2516,275.0
2517,325.0
2518,1200.0
2519,325.0
2520,2800.0
2521,1450.0
2522,2750.0
2523,1450.0
2524,75.0
2525,-75.0
2526,1900.0
2527,3600.0
2528,2750.0
2529,225.0
2530,225.0
2531,2100.0
2532,1950.0
2533,300.0
2534,1450.0
2535,-25.0
2536,4075.0
2537,1350.0
2538,1450.0
2539,2000.0
2540,2100.0
2541,1050.0
2542,900.0
2543,1300.0
2544,1450.0
2545,3525.0
2546,1850.0
2547,1200.0
2548,2400.0
2549,1250.0
2550,3250.0
2551,4800.0
2552,1975.0
2553,-25.0
2554,1975.0
2555,1200.0
2556,1400.0
2557,725.0
2558,2700.0
2559,2525.0
2560,3600.0
2561,2300.0
2562,1550.0
2563,1475.0
2564,1250.0
2565,1175.0
2566,-25.0
2567,2400.0
2568,3000.0
2569,2575.0
2570,575.0
2571,2450.0
2572,4150.0
2573,1050.0
2574,4300.0
2575,1825.0
2576,-4200.0
2577,1650.0
2578,2600.0
2579,-4900.0
2580,4150.0
2581,3550.0
2582,2900.0
2583,1450.0
2584,1450.0
2585,3600.0
2586,4400.0
2587,2200.0
2588,775.0
2589,1075.0
2590,675.0
2591,900.0
2592,4400.0
2593,925.0
2594,2900.0
2595,1050.0
2596,1750.0
2597,1300.0
2598,2400.0
2599,3050.0
2600,1800.0
2601,-1025.0
2602,1600.0
2603,4050.0
2604,1850.0
2605,3950.0
2606,3800.0
2607,2900.0
2608,1450.0
2609,3800.0
2610,1525.0
2611,2100.0
2612,2250.0
2613,3675.0
2614,2100.0
2615,2225.0
2616,1175.0
2617,1450.0
2618,900.0
2619,950.0
2620,1525.0
2621,1175.0
2622,1350.0
2623,125.0
2624,1000.0
2625,875.0
2626,1750.0
2627,1850.0
2628,-75.0
2629,1200.0
2630,1625.0
2631,-2400.0
2632,2700.0
2633,4050.0
2634,1800.0
2635,3000.0
2636,900.0
2637,2175.0
2638,1300.0
2639,2950.0
2640,3100.0
2641,1950.0
2642,1750.0
2643,2800.0
2644,1200.0
2645,1200.0
2646,3000.0
2647,525.0
2648,1650.0
2649,2900.0
2650,2500.0
2651,1900.0
2652,2650.0
2653,2100.0
2654,625.0
2655,1300.0
2656,1650.0
2657,900.0
2658,3300.0
2659,575.0
2660,2200.0
2661,1675.0
2662,1400.0
2663,2050.0
2664,2050.0
2665,1825.0
2666,3750.0
2667,1500.0
2668,425.0
2669,1000.0
2670,1200.0
2671,75.0
2672,1300.0
2673,1750.0
2674,125.0
2675,1400.0
2676,1550.0
2677,3200.0
2678,3000.0
2679,2675.0
2680,2500.0
2681,4350.0
2682,1450.0
2683,2300.0
2684,3100.0
2685,125.0
2686,2050.0
2687,2650.0
2688,3400.0
2689,2600.0
2690,1900.0
2691,1550.0
2692,575.0
2693,2700.0
2694,1100.0
2695,1800.0
2696,1550.0
2697,1850.0
2698,1250.0
2699,3500.0
2700,2500.0
2701,1700.0
2702,1200.0
2703,1350.0
2704,2475.0
2705,1200.0
2706,1650.0
2707,2575.0
2708,3325.0
2709,3100.0
2710,2550.0
2711,4600.0
2712,675.0
2713,2200.0
2714,1200.0
2715,1350.0
2716,700.0
2717,1500.0
2718,275.0
2719,-2500.0
2720,2375.0
2721,1600.0
2722,4675.0
2723,1700.0
2724,675.0
2725,2400.0
2726,1800.0
2727,950.0
2728,1100.0
2729,900.0
2730,1350.0
2731,-4200.0
2732,1650.0
2733,1900.0
2734,2850.0
2735,1100.0
2736,2100.0
2737,2000.0
2738,3750.0
2739,1750.0
2740,1000.0
2741,2100.0
2742,1200.0
2743,2750.0
2744,2050.0
2745,2450.0
2746,1850.0
2747,2325.0
2748,-2400.0
2749,1050.0
2750,2150.0
2751,875.0
2752,1300.0
2753,225.0
2754,2350.0
2755,2400.0
2756,2850.0
2757,2450.0
2758,2450.0
2759,1750.0
2760,375.0
2761,1200.0
2762,4000.0
2763,2150.0
2764,3850.0
2765,900.0
2766,-4000.0
2767,2500.0
2768,1675.0
2769,1200.0
2770,1050.0
2771,125.0
2772,-25.0
2773,1200.0
2774,1050.0
2775,2650.0
2776,1600.0
2777,4200.0
2778,2200.0
2779,1350.0
2780,-75.0
2781,900.0
2782,1650.0
2783,1350.0
2784,2700.0
2785,2850.0
2786,2775.0
2787,1600.0
2788,1375.0
2789,1350.0
2790,575.0
2791,1250.0
2792,1400.0
2793,1200.0
2794,1225.0
2795,2800.0
2796,2300.0
2797,825.0
2798,1750.0
2799,2850.0
2800,1500.0
2801,1200.0
2802,1650.0
2803,2800.0
2804,2800.0
2805,1900.0
2806,3100.0
2807,1100.0
2808,1100.0
2809,1275.0
2810,675.0
2811,1700.0
2812,3600.0
2813,425.0
2814,2050.0
2815,5300.0
2816,-2300.0
2817,800.0
2818,2450.0
2819,3150.0
2820,2050.0
2821,3400.0
2822,1100.0
2823,625.0
2824,950.0
2825,1225.0
2826,1100.0
2827,-325.0
2828,950.0
2829,425.0
2830,1000.0
2831,1400.0
2832,2300.0
2833,1950.0
2834,1250.0
2835,1550.0
2836,1750.0
2837,2550.0
2838,1450.0
2839,2200.0
2840,2600.0
2841,900.0
2842,2450.0
2843,775.0
2844,3450.0
2845,2200.0
2846,25.0
2847,1200.0
2848,2050.0
2849,1500.0
2850,1950.0
2851,1050.0
2852,1750.0
2853,2450.0
2854,-3600.0
2855,875.0
2856,2050.0
2857,1550.0
2858,1625.0
2859,625.0
2860,1250.0
2861,2400.0
2862,-25.0
2863,2000.0
2864,1600.0
2865,1925.0
2866,1100.0
2867,1075.0
2868,175.0
2869,4100.0
2870,3400.0
2871,1150.0
2872,1850.0
2873,2000.0
2874,1125.0
2875,1650.0
2876,3800.0
2877,2525.0
2878,5900.0
2879,1200.0
2880,6800.0
2881,3000.0
2882,1600.0
2883,1200.0
2884,2550.0
2885,1100.0
2886,1750.0
2887,3200.0
2888,1650.0
2889,1800.0
2890,1800.0
2891,4375.0
2892,1100.0
2893,1375.0
2894,3350.0
2895,2250.0
2896,1800.0
2897,2200.0
2898,225.0
2899,2150.0
2900,1550.0
2901,3300.0
2902,1350.0
2903,2200.0
2904,25.0
2905,875.0
2906,2175.0
2907,1100.0
2908,1200.0
2909,2350.0
2910,1250.0
2911,2450.0
2912,5600.0
2913,-2100.0
2914,900.0
2915,3850.0
2916,1800.0
2917,1400.0
2918,-125.0
2919,2350.0
2920,900.0
2921,4100.0
2922,2650.0
2923,2200.0
2924,1600.0
2925,3600.0
2926,1850.0
2927,2200.0
2928,1200.0
2929,2500.0
2930,2250.0
2931,-3700.0
2932,-2200.0
2933,1850.0
2934,4500.0
2935,2300.0
2936,1175.0
2937,2600.0
2938,1075.0
2939,1550.0
2940,1300.0
2941,1200.0
2942,1675.0
2943,-25.0
2944,725.0
2945,6300.0
2946,2500.0
2947,1475.0
2948,1050.0
2949,1100.0
2950,1950.0
2951,1050.0
2952,4000.0
2953,2650.0
2954,1050.0
2955,-25.0
2956,-75.0
2957,225.0
2958,1600.0
2959,1250.0
2960,1300.0
2961,875.0
2962,1200.0
2963,1100.0
2964,4600.0
2965,825.0
2966,3650.0
2967,800.0
2968,5200.0
2969,2900.0
2970,1800.0
2971,1800.0
2972,1300.0
2973,125.0
2974,1100.0
2975,900.0
2976,1750.0
2977,2000.0
2978,2850.0
2979,1700.0
2980,1550.0
2981,6000.0
2982,4000.0
2983,1900.0
2984,3800.0
2985,4200.0
2986,1250.0
2987,2350.0
2988,1050.0
2989,2200.0
2990,3800.0
2991,1650.0
2992,4200.0
2993,4500.0
2994,1800.0
2995,2000.0
2996,2100.0
2997,900.0
2998,1950.0
2999,2700.0
3000,2250.0
3001,3600.0
3002,-4200.0
3003,1350.0
3004,2200.0
3005,2200.0
3006,1100.0
3007,1150.0
3008,275.0
3009,1400.0
3010,-4000.0
3011,1400.0
3012,1200.0
3013,1900.0
3014,3500.0
3015,2700.0
3016,3475.0
3017,1100.0
3018,2550.0
3019,1250.0
3020,2200.0
3021,1150.0
3022,1300.0
3023,225.0
3024,2100.0
3025,3100.0
3026,1525.0
3027,3250.0
3028,1675.0
3029,1025.0
3030,3300.0
3031,1550.0
3032,2450.0
3033,2800.0
3034,3800.0
3035,2450.0
3036,1600.0
3037,1200.0
3038,2450.0
3039,2225.0
3040,5200.0
3041,1800.0
3042,1600.0
3043,3000.0
3044,1050.0
3045,2050.0
3046,1400.0
3047,2400.0
3048,2000.0
3049,275.0
3050,1400.0
3051,1000.0
3052,1350.0
3053,1600.0
3054,1050.0
3055,1650.0
3056,1700.0
3057,1250.0
3058,1850.0
3059,3875.0
3060,1350.0
3061,1350.0
3062,3100.0
3063,1750.0
3064,325.0
3065,1025.0
3066,4400.0
3067,1250.0
3068,1700.0
3069,-25.0
3070,2450.0
3071,900.0
3072,1350.0
3073,1500.0
3074,1650.0
3075,1475.0
3076,2550.0
3077,4250.0
3078,1300.0
3079,900.0
3080,1400.0
3081,1075.0
3082,1500.0
3083,1300.0
3084,2650.0
3085,-75.0
3086,5900.0
3087,1150.0
3088,3100.0
3089,800.0
3090,1000.0
3091,700.0
3092,2050.0
3093,3950.0
3094,3200.0
3095,1350.0
3096,2900.0
3097,1850.0
3098,1000.0
3099,3050.0
3100,4600.0
3101,2950.0
3102,2000.0
3103,-125.0
3104,125.0
3105,1150.0
3106,1600.0
3107,2900.0
3108,2300.0
3109,2400.0
3110,1500.0
3111,1750.0
3112,1350.0
3113,3400.0
3114,3450.0
3115,2200.0
3116,900.0
3117,2800.0
3118,1800.0
3119,1000.0
3120,-3600.0
3121,2900.0
3122,1100.0
3123,-3900.0
3124,900.0
3125,-2400.0
3126,3400.0
3127,1050.0
3128,175.0
3129,900.0
3130,2500.0
3131,1500.0
3132,1575.0
3133,2450.0
3134,2200.0
3135,2600.0
3136,2200.0
3137,1750.0
3138,1500.0
3139,1500.0
3140,1350.0
3141,2600.0
3142,1250.0
3143,-2500.0
3144,2600.0
3145,2050.0
3146,1400.0
3147,2250.0
3148,1350.0
3149,2350.0
3150,5400.0
3151,1450.0
3152,1400.0
3153,1050.0
3154,3100.0
3155,2700.0
3156,1750.0
3157,1800.0
3158,4000.0
3159,-2500.0
3160,1200.0
3161,1200.0
3162,1000.0
3163,2500.0
3164,2500.0
3165,2500.0
3166,2000.0
3167,1850.0
3168,2650.0
3169,5400.0
3170,225.0
3171,900.0
3172,2350.0
3173,1400.0
3174,4000.0
3175,1850.0
3176,1200.0
3177,2400.0
3178,2900.0
3179,1000.0
3180,1500.0
3181,4000.0
3182,2700.0
3183,1700.0
3184,1400.0
3185,2250.0
3186,1250.0
3187,6000.0
3188,1100.0
3189,2000.0
3190,2000.0
3191,2500.0
3192,1950.0
3193,1950.0
3194,1650.0
3195,3100.0
3196,-2400.0
3197,2150.0
3198,2175.0
3199,1850.0
3200,1300.0
3201,1450.0
3202,2150.0
3203,1100.0
3204,3350.0
3205,2350.0
3206,3750.0
3207,650.0
3208,725.0
3209,2100.0
3210,875.0
3211,1700.0
3212,775.0
3213,1450.0
3214,2750.0
3215,1150.0
3216,1600.0
3217,1050.0
3218,5675.0
3219,1050.0
3220,-3700.0
3221,2650.0
3222,1950.0
3223,1450.0
3224,3450.0
3225,4450.0
3226,3150.0
3227,2350.0
3228,1200.0
3229,1850.0
3230,1700.0
3231,1450.0
3232,1100.0
3233,1050.0
3234,275.0
3235,2100.0
3236,2700.0
3237,1475.0
3238,2900.0
3239,-150.0
3240,375.0
3241,1900.0
3242,900.0
3243,1100.0
3244,1850.0
3245,325.0
3246,1650.0
3247,3100.0
3248,225.0
3249,1050.0
3250,3600.0
3251,900.0
3252,1500.0
3253,2100.0
3254,1475.0
3255,1700.0
3256,2050.0
3257,1200.0
3258,2000.0
3259,4000.0
3260,1500.0
3261,2600.0
3262,1100.0
3263,1325.0
3264,875.0
3265,425.0
3266,3350.0
3267,2800.0
3268,1450.0
3269,950.0
3270,2150.0
3271,-2600.0
3272,3000.0
3273,1250.0
3274,3050.0
3275,3200.0
3276,275.0
3277,2000.0
3278,1400.0
3279,1600.0
3280,1100.0
3281,-3600.0
3282,2400.0
3283,2200.0
3284,2750.0
3285,1025.0
3286,2400.0
3287,5000.0
3288,1050.0
3289,2100.0
3290,1300.0
3291,3450.0
3292,900.0
3293,1200.0
3294,1600.0
3295,2250.0
3296,-4100.0
3297,2100.0
3298,-2500.0
3299,2900.0
3300,2250.0
3301,2800.0
3302,2050.0
3303,1000.0
3304,900.0
3305,1350.0
3306,2450.0
3307,3000.0
3308,2400.0
3309,1100.0
3310,800.0
3311,1050.0
3312,-4200.0
3313,3500.0
3314,6000.0
3315,875.0
3316,900.0
3317,3400.0
3318,3050.0
3319,2600.0
3320,-2200.0
3321,1250.0
3322,1600.0
3323,1100.0
3324,3550.0
3325,-3400.0
3326,1300.0
3327,1600.0
3328,1000.0
3329,1050.0
3330,2250.0
3331,2700.0
3332,1200.0
3333,1400.0
3334,1850.0
3335,4150.0
3336,750.0
3337,375.0
3338,900.0
3339,1400.0
3340,2000.0
3341,2200.0
3342,900.0
3343,1475.0
3344,900.0
3345,6100.0
3346,-75.0
3347,1150.0
3348,3300.0
3349,1950.0
3350,4100.0
3351,650.0
3352,2150.0
3353,1775.0
3354,1500.0
3355,10200.0
3356,2800.0
3357,3400.0
3358,3800.0
3359,2250.0
3360,500.0
3361,2300.0
3362,1550.0
3363,1000.0
3364,1050.0
3365,1000.0
3366,-1825.0
3367,2050.0
3368,3100.0
3369,125.0
3370,1800.0
3371,2100.0
3372,1900.0
3373,125.0
3374,1100.0
3375,2375.0
3376,1050.0
3377,900.0
3378,1050.0
3379,750.0
3380,2000.0
3381,1500.0
3382,3100.0
3383,3500.0
3384,4250.0
3385,2250.0
3386,1750.0
3387,2200.0
3388,1400.0
3389,1250.0
3390,1950.0
3391,2700.0
3392,2300.0
3393,1950.0
3394,2250.0
3395,1650.0
3396,3500.0
3397,1775.0
3398,1350.0
3399,2200.0
3400,2750.0
3401,1000.0
3402,1350.0
3403,2300.0
3404,1400.0
3405,1400.0
3406,1800.0
3407,2250.0
3408,1050.0
3409,1500.0
3410,900.0
3411,1050.0
3412,800.0
3413,4500.0
3414,2500.0
3415,1300.0
3416,3750.0
3417,900.0
3418,1250.0
3419,1100.0
3420,725.0
3421,1550.0
3422,1900.0
3423,1000.0
3424,625.0
3425,1650.0
3426,175.0
3427,1700.0
3428,1400.0
3429,1100.0
3430,1350.0
3431,2800.0
3432,1200.0
3433,3200.0
3434,1350.0
3435,4100.0
3436,2525.0
3437,3000.0
3438,2700.0
3439,3450.0
3440,1450.0
3441,1350.0
3442,-1525.0
3443,1250.0
3444,900.0
3445,1400.0
3446,900.0
3447,6000.0
3448,1650.0
3449,1250.0
3450,3650.0
3451,875.0
3452,2200.0
3453,1550.0
3454,1575.0
3455,1250.0
3456,1400.0
3457,2750.0
3458,2300.0
3459,1650.0
3460,3200.0
3461,1125.0
3462,800.0
3463,1750.0
3464,2450.0
3465,2000.0
3466,-2500.0
3467,2350.0
3468,575.0
3469,175.0
3470,1150.0
3471,900.0
3472,1850.0
3473,2350.0
3474,1950.0
3475,2150.0
3476,3150.0
3477,1350.0
3478,1900.0
3479,2550.0
3480,1450.0
3481,2650.0
3482,2350.0
3483,1550.0
3484,1050.0
3485,1250.0
3486,3200.0
3487,-2500.0
3488,1075.0
3489,2700.0
3490,3550.0
3491,1100.0
3492,2400.0
3493,900.0
3494,1650.0
3495,1050.0
3496,1000.0
3497,1000.0
3498,1400.0
3499,50.0
3500,2950.0
3501,3625.0
3502,3400.0
3503,2800.0
3504,1100.0
3505,2400.0
3506,900.0
3507,2150.0
3508,2600.0
3509,-2400.0
3510,950.0
3511,1000.0
3512,1750.0
3513,3250.0
3514,1100.0
3515,3200.0
3516,1150.0
3517,2250.0
3518,1450.0
3519,2200.0
3520,2900.0
3521,1650.0
3522,2100.0
3523,1600.0
3524,1200.0
3525,-4100.0
3526,2000.0
3527,2450.0
3528,1350.0
3529,1350.0
3530,1350.0
3531,1650.0
3532,1850.0
3533,1050.0
3534,3500.0
3535,3050.0
3536,900.0
3537,1800.0
3538,1300.0
3539,1900.0
3540,2300.0
3541,1050.0
3542,-2200.0
3543,1450.0
3544,2000.0
3545,3800.0
3546,2350.0
3547,1850.0
3548,1950.0
3549,2200.0
3550,525.0
3551,3050.0
3552,900.0
3553,1350.0
3554,1200.0
3555,1350.0
3556,1975.0
3557,1400.0
3558,7000.0
3559,1100.0
3560,950.0
3561,2900.0
3562,1800.0
3563,2750.0
3564,900.0
3565,1000.0
3566,1550.0
3567,975.0
3568,-3500.0
3569,2500.0
3570,1275.0
3571,1700.0
3572,900.0
3573,275.0
3574,2250.0
3575,2950.0
3576,1850.0
3577,2000.0
3578,1600.0
3579,425.0
3580,3600.0
3581,2250.0
3582,1700.0
3583,3250.0
3584,1250.0
3585,1250.0
3586,3000.0
3587,3100.0
3588,1200.0
3589,3400.0
3590,3600.0
3591,4000.0
3592,900.0
3593,1050.0
3594,1900.0
3595,4800.0
3596,1050.0
3597,1750.0
3598,2150.0
3599,950.0
3600,2100.0
3601,1850.0
3602,1100.0
3603,2700.0
3604,1625.0
3605,2450.0
3606,3350.0
3607,1400.0
3608,900.0
3609,1900.0
3610,1350.0
3611,4150.0
3612,575.0
3613,3050.0
3614,1350.0
3615,1600.0
3616,1700.0
3617,3875.0
3618,950.0
3619,2100.0
3620,1400.0
3621,1200.0
3622,2300.0
3623,725.0
3624,1300.0
3625,4900.0
3626,7200.0
3627,1350.0
3628,2400.0
3629,1800.0
3630,1250.0
3631,1200.0
3632,5300.0
3633,3100.0
3634,4200.0
3635,1900.0
3636,3500.0
3637,675.0
3638,1650.0
3639,3000.0
3640,1350.0
3641,2450.0
3642,1200.0
3643,2050.0
3644,1150.0
3645,2450.0
3646,1600.0
3647,2650.0
3648,6700.0
3649,1550.0
3650,1850.0
3651,2150.0
3652,650.0
3653,1500.0
3654,1300.0
3655,2450.0
3656,1300.0
3657,1100.0
3658,2975.0
3659,1900.0
3660,-6100.0
3661,2900.0
3662,2350.0
3663,2450.0
3664,1650.0
3665,1725.0
3666,1650.0
3667,1400.0
3668,900.0
3669,1250.0
3670,1550.0
3671,1300.0
3672,-3500.0
3673,1825.0
3674,1800.0
3675,1000.0
3676,3500.0
3677,1300.0
3678,2750.0
3679,1250.0
3680,4200.0
3681,2900.0
3682,2050.0
3683,1050.0
3684,1150.0
3685,1400.0
3686,1350.0
3687,1200.0
3688,3100.0
3689,1850.0
3690,2650.0
3691,3500.0
3692,1550.0
3693,1650.0
3694,900.0
3695,2250.0
3696,1650.0
3697,3350.0
3698,4900.0
3699,1775.0
3700,3600.0
3701,950.0
3702,1650.0
3703,1200.0
3704,3200.0
3705,1050.0
3706,2500.0
3707,1950.0
3708,1500.0
3709,1700.0
3710,1100.0
3711,2075.0
3712,4000.0
3713,1300.0
3714,2350.0
3715,2850.0
3716,1275.0
3717,4000.0
3718,1550.0
3719,1850.0
3720,2150.0
3721,1150.0
3722,1700.0
3723,3950.0
3724,900.0
3725,1100.0
3726,2000.0
3727,1700.0
3728,1850.0
3729,1450.0
3730,2250.0
3731,3250.0
3732,900.0
3733,1750.0
3734,1225.0
3735,2450.0
3736,1000.0
3737,2600.0
3738,3250.0
3739,4000.0
3740,-2500.0
3741,2000.0
3742,4600.0
3743,3650.0
3744,1950.0
3745,2000.0
3746,1900.0
3747,3200.0
3748,900.0
3749,1350.0
3750,2650.0
3751,1550.0
3752,900.0
3753,900.0
3754,1050.0
3755,1300.0
3756,2700.0
3757,1650.0
3758,3350.0
3759,1200.0
3760,4050.0
3761,1100.0
3762,1100.0
3763,2700.0
3764,1800.0
3765,6300.0
3766,1650.0
3767,1100.0
3768,4050.0
3769,2200.0
3770,1500.0
3771,2600.0
3772,1750.0
3773,1000.0
3774,875.0
3775,2500.0
3776,2400.0
3777,800.0
3778,2250.0
3779,3050.0
3780,1050.0
3781,1400.0
3782,1650.0
3783,1650.0
3784,1650.0
3785,1250.0
3786,1450.0
3787,4800.0
3788,1050.0
3789,900.0
3790,1050.0
3791,2250.0
3792,-9200.0
3793,4450.0
3794,1575.0
3795,2150.0
3796,1400.0
3797,1450.0
3798,1300.0
3799,2300.0
3800,4950.0
3801,900.0
3802,25.0
3803,1100.0
3804,2600.0
3805,125.0
3806,1225.0
3807,525.0
3808,2100.0
3809,1050.0
3810,1650.0
3811,1675.0
3812,1300.0
3813,-75.0
3814,3150.0
3815,900.0
3816,3300.0
3817,2000.0
3818,1250.0
3819,1300.0
3820,1650.0
3821,2200.0
3822,5600.0
3823,1950.0
3824,3800.0
3825,1400.0
3826,2650.0
3827,2150.0
3828,2400.0
3829,1300.0
3830,1100.0
3831,900.0
3832,1300.0
3833,1400.0
3834,2500.0
3835,2800.0
3836,1250.0
3837,1200.0
3838,1700.0
3839,2800.0
3840,2300.0
3841,2200.0
3842,2200.0
3843,1300.0
3844,4750.0
3845,4650.0
3846,1900.0
3847,375.0
3848,1800.0
3849,1600.0
3850,2150.0
3851,1800.0
3852,1650.0
3853,3050.0
3854,1050.0
3855,3700.0
3856,2300.0
3857,575.0
3858,2300.0
3859,1650.0
3860,2325.0
3861,1100.0
3862,2250.0
3863,1050.0
3864,2350.0
3865,1650.0
3866,1000.0
3867,1300.0
3868,2800.0
3869,1100.0
3870,900.0
3871,1000.0
3872,2250.0
3873,1125.0
3874,2650.0
3875,2200.0
3876,3350.0
3877,1100.0
3878,1450.0
3879,1100.0
3880,2400.0
3881,2150.0
3882,1100.0
3883,2250.0
3884,1000.0
3885,1200.0
3886,2850.0
3887,1150.0
3888,900.0
3889,4300.0
3890,-4000.0
3891,2150.0
3892,5000.0
3893,3700.0
3894,1700.0
3895,2050.0
3896,1200.0
3897,2150.0
3898,1000.0
3899,6700.0
3900,3100.0
3901,2950.0
3902,1250.0
3903,2050.0
3904,1850.0
3905,2375.0
3906,1950.0
3907,-4000.0
3908,2650.0
3909,2800.0
3910,2150.0
3911,1200.0
3912,1250.0
3913,1750.0
3914,1325.0
3915,4700.0
3916,900.0
3917,1250.0
3918,1750.0
3919,900.0
3920,1350.0
3921,2650.0
3922,3950.0
3923,1250.0
3924,1650.0
3925,1625.0
3926,3400.0
3927,1100.0
3928,1400.0
3929,925.0
3930,2650.0
3931,1550.0
3932,1550.0
3933,1350.0
3934,625.0
3935,2050.0
3936,1750.0
3937,900.0
3938,525.0
3939,2200.0
3940,2450.0
3941,3300.0
3942,1400.0
3943,2000.0
3944,1500.0
3945,5200.0
3946,1950.0
3947,2550.0
3948,1300.0
3949,2250.0
3950,1700.0
3951,900.0
3952,1750.0
3953,1350.0
3954,2200.0
3955,125.0
3956,1250.0
3957,1500.0
3958,1100.0
3959,3150.0
3960,1250.0
3961,2250.0
3962,1200.0
3963,1350.0
3964,3600.0
3965,1950.0
3966,2450.0
3967,1800.0
3968,2050.0
3969,2250.0
3970,975.0
3971,2300.0
3972,3150.0
3973,2700.0
3974,1550.0
3975,4600.0
3976,1100.0
3977,1300.0
3978,1300.0
3979,1700.0
3980,2850.0
3981,1200.0
3982,1100.0
3983,3100.0
3984,1400.0
3985,1000.0
3986,2000.0
3987,2050.0
3988,4000.0
3989,1100.0
3990,2300.0
3991,2700.0
3992,3400.0
3993,2800.0
3994,3200.0
3995,1850.0
3996,1100.0
3997,850.0
3998,3600.0
3999,3900.0
4000,2300.0
4001,2450.0
4002,1200.0
4003,2000.0
4004,1450.0
4005,1350.0
4006,1700.0
4007,2650.0
4008,2600.0
4009,3350.0
4010,1350.0
4011,1500.0
4012,3150.0
4013,2350.0
4014,2750.0
4015,1000.0
4016,500.0
4017,1100.0
4018,1850.0
4019,1300.0
4020,3450.0
4021,1200.0
4022,4000.0
4023,1500.0
4024,3000.0
4025,1300.0
4026,1200.0
4027,900.0
4028,1550.0
4029,1450.0
4030,2400.0
4031,900.0
4032,4100.0
4033,900.0
4034,950.0
4035,1950.0
4036,1700.0
4037,1900.0
4038,2850.0
4039,4150.0
4040,2400.0
4041,2750.0
4042,1700.0
4043,2350.0
4044,900.0
4045,1350.0
4046,2200.0
4047,1600.0
4048,1200.0
4049,1500.0
4050,2600.0
4051,1900.0
4052,2650.0
4053,1200.0
4054,1200.0
4055,1050.0
4056,1500.0
4057,1500.0
4058,3150.0
4059,2850.0
4060,1400.0
4061,3000.0
4062,1350.0
4063,3050.0
4064,425.0
4065,2450.0
4066,3500.0
4067,2450.0
4068,4000.0
4069,2450.0
4070,2050.0
4071,3800.0
4072,2700.0
4073,1100.0
4074,1200.0
4075,1150.0
4076,7400.0
4077,2050.0
4078,1950.0
4079,4200.0
4080,2050.0
4081,2750.0
4082,3700.0
4083,1050.0
4084,2800.0
4085,3000.0
4086,1850.0
4087,1800.0
4088,1150.0
4089,2400.0
4090,3550.0
4091,2250.0
4092,1950.0
4093,2400.0
4094,1375.0
4095,1450.0
4096,1450.0
4097,2100.0
4098,1050.0
4099,1800.0
4100,1300.0
4101,1850.0
4102,1650.0
4103,4100.0
4104,1800.0
4105,2200.0
4106,1750.0
4107,3100.0
4108,2800.0
4109,1100.0
4110,2000.0
4111,100.0
4112,1500.0
4113,2300.0
4114,1600.0
4115,3250.0
4116,1300.0
4117,1100.0
4118,1200.0
4119,1200.0
4120,925.0
4121,2150.0
4122,-2400.0
4123,1100.0
4124,1400.0
4125,1300.0
4126,900.0
4127,-5000.0
4128,2100.0
4129,1200.0
4130,1400.0
4131,3700.0
4132,2000.0
4133,175.0
4134,3600.0
4135,2300.0
4136,1000.0
4137,2650.0
4138,1100.0
4139,1300.0
4140,2000.0
4141,2250.0
4142,1300.0
4143,900.0
4144,1100.0
4145,2150.0
4146,1350.0
4147,2500.0
4148,3800.0
4149,3600.0
4150,3100.0
4151,2000.0
4152,2150.0
4153,2900.0
4154,2700.0
4155,2300.0
4156,1950.0
4157,2650.0
4158,1950.0
4159,2700.0
4160,1000.0
4161,2650.0
4162,1300.0
4163,1950.0
4164,2700.0
4165,1250.0
4166,2400.0
4167,2150.0
4168,1650.0
4169,3300.0
4170,2900.0
4171,2850.0
4172,3050.0
4173,2250.0
4174,2200.0
4175,2150.0
4176,1150.0
4177,2050.0
4178,-2800.0
4179,1400.0
4180,1100.0
4181,2700.0
4182,1200.0
4183,900.0
4184,2350.0
4185,3700.0
4186,1100.0
4187,2850.0
4188,1650.0
4189,3550.0
4190,3350.0
4191,3100.0
4192,1400.0
4193,2450.0
4194,1750.0
4195,850.0
4196,1600.0
4197,1100.0
4198,2150.0
4199,1600.0
4200,3250.0
4201,2000.0
4202,1050.0
4203,1550.0
4204,1950.0
4205,1700.0
4206,1400.0
4207,3700.0
4208,900.0
4209,1200.0
4210,1300.0
4211,1050.0
4212,1650.0
4213,1300.0
4214,1700.0
4215,1000.0
4216,5200.0
4217,1300.0
4218,1450.0
4219,1200.0
4220,2900.0
4221,4850.0
4222,400.0
4223,1200.0
4224,1850.0
4225,1050.0
4226,3500.0
4227,1050.0
4228,900.0
4229,3800.0
4230,1300.0
4231,3450.0
4232,2800.0
4233,-2100.0
4234,2650.0
4235,1750.0
4236,-3000.0
4237,600.0
4238,2800.0
4239,1350.0
4240,1750.0
4241,1300.0
4242,3700.0
4243,1800.0
4244,1675.0
4245,2900.0
4246,7700.0
4247,1950.0
4248,3100.0
4249,900.0
4250,2000.0
4251,2750.0
4252,1350.0
4253,3500.0
4254,1200.0
4255,75.0
4256,3800.0
4257,1250.0
4258,1600.0
4259,1350.0
4260,2250.0
4261,7000.0
4262,1600.0
4263,2000.0
4264,1150.0
4265,2300.0
4266,900.0
4267,1600.0
4268,900.0
4269,650.0
4270,-2625.0
4271,-3900.0
4272,4400.0
4273,2000.0
4274,900.0
4275,1700.0
4276,4700.0
4277,2850.0
4278,1100.0
4279,3850.0
4280,5100.0
4281,1300.0
4282,3150.0
4283,2450.0
4284,2800.0
4285,2150.0
4286,2350.0
4287,2000.0
4288,3450.0
4289,1700.0
4290,2800.0
4291,2100.0
4292,3550.0
4293,2650.0
4294,2400.0
4295,1250.0
4296,-6100.0
4297,1450.0
4298,1600.0
4299,2650.0
4300,1550.0
4301,100.0
4302,3700.0
4303,4200.0
4304,2050.0
4305,1400.0
4306,1650.0
4307,1450.0
4308,1100.0
4309,2000.0
4310,3000.0
4311,2500.0
4312,5000.0
4313,1100.0
4314,3450.0
4315,3100.0
4316,1400.0
4317,3050.0
4318,3550.0
4319,1300.0
4320,1050.0
4321,3400.0
4322,1500.0
4323,2200.0
4324,1200.0
4325,1000.0
4326,3250.0
4327,1300.0
4328,4050.0
4329,3550.0
4330,2450.0
4331,900.0
4332,-25.0
4333,2800.0
4334,1550.0
4335,2150.0
4336,4250.0
4337,1100.0
4338,1000.0
4339,2250.0
4340,1500.0
4341,4450.0
4342,1200.0
4343,2800.0
4344,3150.0
4345,2050.0
4346,1125.0
4347,2950.0
4348,3800.0
4349,1900.0
4350,900.0
4351,2150.0
4352,1050.0
4353,1000.0
4354,2650.0
4355,-3200.0
4356,1400.0
4357,2000.0
4358,1300.0
4359,1850.0
4360,1650.0
4361,1650.0
4362,3800.0
4363,950.0
4364,2100.0
4365,2450.0
4366,2300.0
4367,1300.0
4368,5600.0
4369,2200.0
4370,1250.0
4371,2250.0
4372,900.0
4373,1950.0
4374,375.0
4375,2750.0
4376,2600.0
4377,2850.0
4378,900.0
4379,1900.0
4380,3250.0
4381,4300.0
4382,1400.0
4383,1300.0
4384,3150.0
4385,6100.0
4386,1650.0
4387,5350.0
4388,1850.0
4389,1650.0
4390,1400.0
4391,1350.0
4392,950.0
4393,2250.0
4394,5050.0
4395,2050.0
4396,1250.0
4397,-2100.0
4398,1700.0
4399,1750.0
4400,900.0
4401,1100.0
4402,3750.0
4403,1050.0
4404,1050.0
4405,1150.0
4406,1050.0
4407,1550.0
4408,2450.0
4409,3700.0
4410,3100.0
4411,2000.0
4412,2750.0
4413,1350.0
4414,1800.0
4415,1100.0
4416,1900.0
4417,750.0
4418,3300.0
4419,-3800.0
4420,3800.0
4421,4050.0
4422,925.0
4423,4000.0
4424,1150.0
4425,-2200.0
4426,5700.0
4427,2550.0
4428,1700.0
4429,4250.0
4430,4750.0
4431,-4400.0
4432,900.0
4433,1200.0
4434,1150.0
4435,2150.0
4436,1550.0
4437,3050.0
4438,1350.0
4439,1250.0
4440,2700.0
4441,1350.0
4442,1300.0
4443,2200.0
4444,3000.0
4445,1500.0
4446,1100.0
4447,1650.0
4448,3500.0
4449,1300.0
4450,4100.0
4451,5100.0
4452,1950.0
4453,1600.0
4454,3000.0
4455,1900.0
4456,2050.0
4457,1100.0
4458,2150.0
4459,-4200.0
4460,1300.0
4461,-4300.0
4462,1600.0
4463,1900.0
4464,1200.0
4465,3900.0
4466,2150.0
4467,1950.0
4468,2150.0
4469,1300.0
4470,3700.0
4471,2300.0
4472,3100.0
4473,1350.0
4474,800.0
4475,900.0
4476,1400.0
4477,2750.0
4478,1500.0
4479,1850.0
4480,1350.0
4481,1800.0
4482,2200.0
4483,2750.0
4484,1400.0
4485,3950.0
4486,2200.0
4487,1600.0
4488,1550.0
4489,2550.0
4490,1200.0
4491,1400.0
4492,1700.0
4493,3050.0
4494,2450.0
4495,1800.0
4496,2450.0
4497,-2400.0
4498,2450.0
4499,3800.0
4500,2250.0
4501,1650.0
4502,4100.0
4503,4450.0
4504,3250.0
4505,2500.0
4506,4800.0
4507,1600.0
4508,2150.0
4509,2750.0
4510,900.0
4511,2100.0
4512,2800.0
4513,3400.0
4514,900.0
4515,1600.0
4516,4700.0
4517,3000.0
4518,2450.0
4519,1900.0
4520,2550.0
4521,3750.0
4522,1500.0
4523,1850.0
4524,900.0
4525,2200.0
4526,2300.0
4527,1400.0
4528,2900.0
4529,1100.0
4530,-2800.0
4531,3700.0
4532,2150.0
4533,1850.0
4534,1300.0
4535,5200.0
4536,375.0
4537,4100.0
4538,2000.0
4539,900.0
4540,2550.0
4541,325.0
4542,5600.0
4543,2075.0
4544,3050.0
4545,-3600.0
4546,1100.0
4547,2650.0
4548,3200.0
4549,1650.0
4550,1800.0
4551,1400.0
4552,-2400.0
4553,1300.0
4554,1350.0
4555,4000.0
4556,1250.0
4557,2300.0
4558,1500.0
4559,2650.0
4560,2750.0
4561,3500.0
4562,3000.0
4563,1750.0
4564,1450.0
4565,-4300.0
4566,2700.0
4567,2200.0
4568,1250.0
4569,3500.0
4570,1750.0
4571,2500.0
4572,2900.0
4573,4150.0
4574,3100.0
4575,2450.0
4576,1800.0
4577,3600.0
4578,1400.0
4579,1150.0
4580,3300.0
4581,2325.0
4582,2250.0
4583,2500.0
4584,4100.0
4585,4500.0
4586,1100.0
4587,1400.0
4588,1950.0
4589,1000.0
4590,1200.0
4591,900.0
4592,1900.0
4593,4200.0
4594,-4000.0
4595,1250.0
4596,3250.0
4597,1800.0
4598,900.0
4599,1900.0
4600,1750.0
4601,750.0
4602,1800.0
4603,2300.0
4604,1300.0
4605,1400.0
4606,-2400.0
4607,1700.0
4608,2300.0
4609,1200.0
4610,1250.0
4611,2475.0
4612,1400.0
4613,-4400.0
4614,1000.0
4615,2800.0
4616,1300.0
4617,2550.0
4618,4100.0
4619,3500.0
4620,2200.0
4621,2100.0
4622,2900.0
4623,2000.0
4624,1000.0
4625,2050.0
4626,2900.0
4627,1300.0
4628,1200.0
4629,3400.0
4630,800.0
4631,2300.0
4632,2150.0
4633,1350.0
4634,-2500.0
4635,2650.0
4636,3700.0
4637,2750.0
4638,1200.0
4639,2250.0
4640,3100.0
4641,2300.0
4642,2100.0
4643,5600.0
4644,2950.0
4645,4200.0
4646,1950.0
4647,2600.0
4648,2000.0
4649,3000.0
4650,2450.0
4651,1850.0
4652,2450.0
4653,1000.0
4654,2100.0
4655,1600.0
4656,1900.0
4657,2200.0
4658,1700.0
4659,1200.0
4660,2700.0
4661,2150.0
4662,2950.0
4663,1700.0
4664,1200.0
4665,2350.0
4666,1950.0
4667,800.0
4668,4300.0
4669,2900.0
4670,3400.0
4671,1900.0
4672,2000.0
4673,-5600.0
4674,1850.0
4675,2550.0
4676,1150.0
4677,1900.0
4678,3850.0
4679,3050.0
4680,5200.0
4681,2400.0
4682,2800.0
4683,3050.0
4684,2300.0
4685,1300.0
4686,2050.0
4687,4050.0
4688,1450.0
4689,3350.0
4690,-2400.0
4691,2250.0
4692,2600.0
4693,1050.0
4694,1050.0
4695,1725.0
4696,1100.0
4697,900.0
4698,1450.0
4699,-4500.0
4700,1200.0
4701,2000.0
4702,900.0
4703,1200.0
4704,5700.0
4705,1300.0
4706,1950.0
4707,2050.0
4708,1300.0
4709,1700.0
4710,1050.0
4711,2350.0
4712,2850.0
4713,1700.0
4714,2300.0
4715,-2100.0
4716,1450.0
4717,1050.0
4718,1250.0
4719,2200.0
4720,2400.0
4721,2900.0
4722,1200.0
4723,3100.0
4724,2950.0
4725,1250.0
4726,1050.0
4727,1000.0
4728,1250.0
4729,1700.0
4730,1300.0
4731,2150.0
4732,-4100.0
4733,1550.0
4734,2600.0
4735,1000.0
4736,1200.0
4737,2450.0
4738,1375.0
4739,1550.0
4740,1050.0
4741,1950.0
4742,1350.0
4743,2350.0
4744,1550.0
4745,1250.0
4746,3000.0
4747,4900.0
4748,1300.0
4749,2400.0
4750,4350.0
4751,2150.0
4752,2900.0
4753,2100.0
4754,2150.0
4755,3000.0
4756,2950.0
4757,1950.0
4758,3175.0
4759,800.0
4760,4650.0
4761,1300.0
4762,2000.0
4763,5300.0
4764,1700.0
4765,1700.0
4766,1775.0
4767,1500.0
4768,800.0
4769,1600.0
4770,1250.0
4771,2000.0
4772,1550.0
4773,2450.0
4774,4400.0
4775,1500.0
4776,2900.0
4777,1300.0
4778,1350.0
4779,1350.0
4780,1400.0
4781,-4700.0
4782,1550.0
4783,1950.0
4784,1350.0
4785,3000.0
4786,2700.0
4787,3900.0
4788,2850.0
4789,1850.0
4790,2800.0
4791,3450.0
4792,2300.0
4793,-25.0
4794,1600.0
4795,1000.0
4796,1350.0
4797,2850.0
4798,-3900.0
4799,2900.0
4800,2450.0
4801,900.0
4802,2100.0
4803,2600.0
4804,2700.0
4805,4950.0
4806,1500.0
4807,1000.0
4808,2250.0
4809,1550.0
4810,1000.0
4811,2350.0
4812,1450.0
4813,1750.0
4814,2075.0
4815,1200.0
4816,3050.0
4817,2450.0
4818,2600.0
4819,2200.0
4820,1050.0
4821,900.0
4822,1050.0
4823,2350.0
4824,1350.0
4825,3800.0
4826,1400.0
4827,2500.0
4828,2400.0
4829,3600.0
4830,1100.0
4831,2850.0
4832,4700.0
4833,1200.0
4834,2150.0
4835,2300.0
4836,1300.0
4837,1050.0
4838,2250.0
4839,1300.0
4840,4400.0
4841,1150.0
4842,2600.0
4843,1200.0
4844,2250.0
4845,1350.0
4846,900.0
4847,1900.0
4848,1400.0
4849,1500.0
4850,1300.0
4851,1200.0
4852,1150.0
4853,1850.0
4854,-2100.0
4855,1050.0
4856,1500.0
4857,900.0
4858,3100.0
4859,2300.0
4860,1425.0
4861,1300.0
4862,1150.0
4863,4200.0
4864,2250.0
4865,2500.0
4866,2650.0
4867,1400.0
4868,1300.0
4869,2700.0
4870,1550.0
4871,2300.0
4872,3150.0
4873,1275.0
4874,2400.0
4875,1800.0
4876,1100.0
4877,1050.0
4878,1050.0
4879,1450.0
4880,1200.0
4881,2600.0
4882,1100.0
4883,900.0
4884,1850.0
4885,900.0
4886,3800.0
4887,1750.0
4888,2300.0
4889,2200.0
4890,2450.0
4891,3900.0
4892,900.0
4893,1750.0
4894,1050.0
4895,900.0
4896,1400.0
4897,2700.0
4898,3350.0
4899,1250.0
4900,1300.0
4901,1100.0
4902,1300.0
4903,900.0
4904,4600.0
4905,2250.0
4906,2050.0
4907,5100.0
4908,1400.0
4909,2050.0
4910,3300.0
4911,800.0
4912,1050.0
4913,1250.0
4914,2600.0
4915,-2500.0
4916,2100.0
4917,1050.0
4918,4100.0
4919,5600.0
4920,1100.0
4921,3100.0
4922,2050.0
4923,2050.0
4924,2650.0
4925,1450.0
4926,2250.0
4927,1050.0
4928,1850.0
4929,1750.0
4930,1650.0
4931,2850.0
4932,1950.0
4933,2200.0
4934,2700.0
4935,1150.0
4936,3000.0
4937,2100.0
4938,3400.0
4939,700.0
4940,1850.0
4941,2050.0
4942,1200.0
4943,2650.0
4944,2300.0
4945,3950.0
4946,1800.0
4947,1800.0
4948,2300.0
4949,1200.0
4950,2700.0
4951,1250.0
4952,1900.0
4953,1300.0
4954,-2500.0
4955,1250.0
4956,2250.0
4957,2850.0
4958,2150.0
4959,2900.0
4960,1750.0
4961,1050.0
4962,3800.0
4963,-4200.0
4964,1750.0
4965,2350.0
4966,1100.0
4967,1100.0
4968,2100.0
4969,2100.0
4970,2150.0
4971,1750.0
4972,1550.0
4973,1350.0
4974,4900.0
4975,2900.0
4976,1500.0
4977,2500.0
4978,1050.0
4979,1750.0
4980,4250.0
4981,950.0
4982,7950.0
4983,2500.0
4984,2900.0
4985,1000.0
4986,2700.0
4987,2600.0
4988,1650.0
4989,2650.0
4990,1150.0
4991,2350.0
4992,4500.0
4993,1650.0
4994,1100.0
4995,900.0
4996,2700.0
4997,4400.0
4998,1350.0
4999,1050.0
5000,2300.0
5001,1000.0
5002,1450.0
5003,1050.0
5004,2000.0
5005,-2600.0
5006,-2600.0
5007,2900.0
5008,1400.0
5009,1150.0
5010,2750.0
5011,2800.0
5012,2400.0
5013,1000.0
5014,1650.0
5015,1050.0
5016,3550.0
5017,2400.0
5018,2300.0
5019,3150.0
5020,2200.0
5021,1500.0
5022,2800.0
5023,2200.0
5024,2100.0
5025,1700.0
5026,2150.0
5027,4000.0
5028,2600.0
5029,1200.0
5030,800.0
5031,-4000.0
5032,1200.0
5033,900.0
5034,3300.0
5035,1100.0
5036,1300.0
5037,4050.0
5038,1350.0
5039,1300.0
5040,2300.0
5041,1350.0
5042,2350.0
5043,1100.0
5044,2800.0
5045,950.0
5046,1550.0
5047,1550.0
5048,1850.0
5049,1900.0
5050,1200.0
5051,-4600.0
5052,-3900.0
5053,2700.0
5054,1800.0
5055,2600.0
5056,2700.0
5057,3400.0
5058,2500.0
5059,2050.0
5060,1400.0
5061,1150.0
5062,1850.0
5063,3050.0
5064,-2300.0
5065,-4000.0
5066,1200.0
5067,1350.0
5068,1200.0
5069,2900.0
5070,2000.0
5071,2200.0
5072,1100.0
5073,2600.0
5074,2700.0
5075,950.0
5076,1700.0
5077,-2100.0
5078,1650.0
5079,5100.0
5080,1000.0
5081,2300.0
5082,2200.0
5083,5500.0
5084,1150.0
5085,1000.0
5086,4050.0
5087,4400.0
5088,1050.0
5089,1750.0
5090,3600.0
5091,1050.0
5092,3150.0
5093,2150.0
5094,1150.0
5095,-2700.0
5096,1300.0
5097,2750.0
5098,2200.0
5099,1250.0
5100,900.0
5101,1450.0
5102,1800.0
5103,2400.0
5104,1800.0
5105,900.0
5106,1750.0
5107,2750.0
5108,3250.0
5109,3700.0
5110,2100.0
5111,2250.0
5112,950.0
5113,3900.0
5114,2100.0
5115,1050.0
5116,3700.0
5117,2300.0
5118,-2500.0
5119,4800.0
5120,1850.0
5121,2800.0
5122,1250.0
5123,1750.0
5124,3350.0
5125,2700.0
5126,3100.0
5127,2200.0
5128,3550.0
5129,1200.0
5130,1450.0
5131,2500.0
5132,1000.0
5133,2000.0
5134,2000.0
5135,1400.0
5136,4400.0
5137,1650.0
5138,-4300.0
5139,2300.0
5140,1200.0
5141,1000.0
5142,1050.0
5143,-9300.0
5144,4100.0
5145,1650.0
5146,2800.0
5147,2350.0
5148,2450.0
5149,3100.0
5150,4100.0
5151,1200.0
5152,1450.0
5153,1250.0
5154,2750.0
5155,4100.0
5156,900.0
5157,3500.0
5158,1400.0
5159,1200.0
5160,1650.0
5161,1200.0
5162,1550.0
5163,4650.0
5164,1950.0
5165,1650.0
5166,5000.0
5167,2000.0
5168,1750.0
5169,1150.0
5170,2650.0
5171,2100.0
5172,2650.0
5173,1250.0
5174,2100.0
5175,2300.0
5176,3250.0
5177,1950.0
5178,2450.0
5179,950.0
5180,1500.0
5181,3400.0
5182,1450.0
5183,3900.0
5184,4250.0
5185,-2700.0
5186,1400.0
5187,4100.0
5188,1850.0
5189,900.0
5190,950.0
5191,2350.0
5192,3300.0
5193,1650.0
5194,900.0
5195,3000.0
5196,4000.0
5197,-5400.0
5198,1650.0
5199,2400.0
5200,4900.0
5201,5600.0
5202,3050.0
5203,1250.0
5204,3700.0
5205,1850.0
5206,1150.0
5207,1950.0
5208,1000.0
5209,1850.0
5210,1750.0
5211,1150.0
5212,2200.0
5213,1150.0
5214,2650.0
5215,2300.0
5216,2200.0
5217,2950.0
5218,3050.0
5219,1300.0
5220,3000.0
5221,900.0
5222,2550.0
5223,2350.0
5224,2375.0
5225,3550.0
5226,2550.0
5227,1800.0
5228,3200.0
5229,1400.0
5230,4500.0
5231,1100.0
5232,3150.0
5233,2150.0
5234,1450.0
5235,1200.0
5236,2350.0
5237,3050.0
5238,5900.0
5239,900.0
5240,1900.0
5241,1550.0
5242,2150.0
5243,2100.0
5244,1900.0
5245,-2100.0
5246,3600.0
5247,900.0
5248,2400.0
5249,900.0
5250,2950.0
5251,2300.0
5252,1500.0
5253,2450.0
5254,-2300.0
5255,2100.0
5256,1300.0
5257,1350.0
5258,1300.0
5259,1250.0
5260,1050.0
5261,25.0
5262,1600.0
5263,2000.0
5264,1200.0
5265,1350.0
5266,2150.0
5267,2900.0
5268,1650.0
5269,2000.0
5270,1350.0
5271,2600.0
5272,1950.0
5273,2300.0
5274,1700.0
5275,2200.0
5276,1450.0
5277,1300.0
5278,1800.0
5279,2300.0
5280,1400.0
5281,850.0
5282,-2200.0
5283,1300.0
5284,1350.0
5285,550.0
5286,1550.0
5287,900.0
5288,1050.0
5289,2200.0
5290,2400.0
5291,2050.0
5292,1050.0
5293,1300.0
5294,1500.0
5295,2150.0
5296,3100.0
5297,1550.0
5298,1050.0
5299,2400.0
5300,1350.0
5301,1500.0
5302,1200.0
5303,1950.0
5304,2350.0
5305,1700.0
5306,3800.0
5307,1050.0
5308,3250.0
5309,975.0
5310,1550.0
5311,1200.0
5312,2350.0
5313,900.0
5314,2300.0
5315,3150.0
5316,2150.0
5317,2150.0
5318,1150.0
5319,1800.0
5320,-3600.0
5321,1550.0
5322,1200.0
5323,1200.0
5324,1650.0
5325,1850.0
5326,1250.0
5327,1200.0
5328,1200.0
5329,1450.0
5330,1050.0
5331,-3500.0
5332,1400.0
5333,1350.0
5334,1050.0
5335,1250.0
5336,1800.0
5337,2400.0
5338,2400.0
5339,1300.0
5340,1650.0
5341,5600.0
5342,1250.0
5343,1400.0
5344,2700.0
5345,2400.0
5346,2300.0
5347,1900.0
5348,3550.0
5349,3700.0
5350,1550.0
5351,1150.0
5352,900.0
5353,2450.0
5354,475.0
5355,-2400.0
5356,5800.0
5357,3000.0
5358,1200.0
5359,1600.0
5360,2600.0
5361,3300.0
5362,-2500.0
5363,1200.0
5364,3200.0
5365,1200.0
5366,2750.0
5367,1350.0
5368,1150.0
5369,3450.0
5370,6500.0
5371,1700.0
5372,1600.0
5373,2350.0
5374,1750.0
5375,-2400.0
5376,1850.0
5377,1600.0
5378,2500.0
5379,1600.0
5380,3800.0
5381,3600.0
5382,3300.0
5383,2250.0
5384,1200.0
5385,1100.0
5386,2500.0
5387,5700.0
5388,3300.0
5389,2050.0
5390,4400.0
5391,1200.0
5392,2900.0
5393,1300.0
5394,1500.0
5395,2900.0
5396,1050.0
5397,2800.0
5398,2100.0
5399,2600.0
5400,2250.0
5401,1350.0
5402,3400.0
5403,1400.0
5404,2700.0
5405,2400.0
5406,1250.0
5407,4250.0
5408,1350.0
5409,1050.0
5410,1850.0
5411,1900.0
5412,1100.0
5413,900.0
5414,1550.0
5415,2750.0
5416,4800.0
5417,2100.0
5418,2750.0
5419,3900.0
5420,2900.0
5421,-3100.0
5422,2800.0
5423,-3400.0
5424,1450.0
5425,2300.0
5426,2350.0
5427,1100.0
5428,1350.0
5429,2250.0
5430,4300.0
5431,1250.0
5432,1000.0
5433,4200.0
5434,1550.0
5435,2250.0
5436,900.0
5437,2200.0
5438,2900.0
5439,1750.0
5440,1200.0
5441,900.0
5442,900.0
5443,1900.0
5444,1500.0
5445,1450.0
5446,1100.0
5447,3100.0
5448,2900.0
5449,3650.0
5450,1550.0
5451,1500.0
5452,1200.0
5453,1650.0
5454,1450.0
5455,1100.0
5456,2300.0
5457,900.0
5458,1100.0
5459,1200.0
5460,1300.0
5461,2650.0
5462,6600.0
5463,3100.0
5464,1550.0
5465,-2700.0
5466,1325.0
5467,750.0
5468,425.0
5469,3300.0
5470,900.0
5471,1200.0
5472,1600.0
5473,1850.0
5474,2200.0
5475,1100.0
5476,-5500.0
5477,1650.0
5478,1150.0
5479,2600.0
5480,1050.0
5481,1300.0
5482,1300.0
5483,1550.0
5484,1550.0
5485,1300.0
5486,2650.0
5487,2100.0
5488,1200.0
5489,3000.0
5490,1100.0
5491,1900.0
5492,1900.0
5493,1150.0
5494,1450.0
5495,4150.0
5496,-4400.0
5497,4050.0
5498,3900.0
5499,800.0
5500,1000.0
5501,1450.0
5502,1050.0
5503,1650.0
5504,3450.0
5505,2550.0
5506,1400.0
5507,1400.0
5508,2500.0
5509,2950.0
5510,1250.0
5511,-3500.0
5512,2150.0
5513,900.0
5514,1000.0
5515,2200.0
5516,1700.0
5517,1700.0
5518,1800.0
5519,2650.0
5520,-2700.0
5521,1050.0
5522,1100.0
5523,1250.0
5524,1500.0
5525,1600.0
5526,1750.0
5527,1350.0
5528,3000.0
5529,1550.0
5530,1450.0
5531,1550.0
5532,125.0
5533,2100.0
5534,950.0
5535,1250.0
5536,1600.0
5537,2200.0
5538,1050.0
5539,900.0
5540,3450.0
5541,2150.0
5542,1100.0
5543,2500.0
5544,1250.0
5545,1850.0
5546,2550.0
5547,4500.0
5548,4400.0
5549,2000.0
5550,2100.0
5551,2950.0
5552,-7300.0
5553,1850.0
5554,1700.0
5555,2900.0
5556,1600.0
5557,2950.0
5558,1000.0
5559,4500.0
5560,1100.0
5561,2500.0
5562,1050.0
5563,3050.0
5564,1400.0
5565,3000.0
5566,3500.0
5567,2000.0
5568,1200.0
5569,1250.0
5570,1650.0
5571,900.0
5572,2350.0
5573,3350.0
5574,2500.0
5575,2150.0
5576,3400.0
5577,1100.0
5578,1650.0
5579,3250.0
5580,2050.0
5581,3700.0
5582,2200.0
5583,3400.0
5584,1450.0
5585,1050.0
5586,1650.0
5587,3700.0
5588,900.0
5589,1600.0
5590,3900.0
5591,1200.0
5592,2800.0
5593,1250.0
5594,2000.0
5595,1350.0
5596,4200.0
5597,1650.0
5598,1300.0
5599,1100.0
5600,1850.0
5601,1350.0
5602,-2800.0
5603,1375.0
5604,1400.0
5605,3400.0
5606,2250.0
5607,1850.0
5608,2850.0
5609,2100.0
5610,1400.0
5611,3050.0
5612,3100.0
5613,4500.0
5614,2500.0
5615,3250.0
5616,1100.0
5617,2400.0
5618,1400.0
5619,3700.0
5620,2400.0
5621,-4500.0
5622,1400.0
5623,6000.0
5624,2000.0
5625,3500.0
5626,750.0
5627,2600.0
5628,1050.0
5629,1850.0
5630,900.0
5631,2050.0
5632,800.0
5633,1950.0
5634,-2600.0
5635,1525.0
5636,1550.0
5637,1750.0
5638,3650.0
5639,2600.0
5640,1100.0
5641,4750.0
5642,1750.0
5643,3100.0
5644,2200.0
5645,4200.0
5646,1300.0
5647,2350.0
5648,4000.0
5649,3300.0
5650,1000.0
5651,3000.0
5652,1050.0
5653,1900.0
5654,2150.0
5655,3400.0
5656,2850.0
5657,2900.0
5658,1000.0
5659,1050.0
5660,1650.0
5661,1100.0
5662,1600.0
5663,2650.0
5664,2000.0
5665,900.0
5666,1450.0
5667,1050.0
5668,1750.0
5669,2000.0
5670,3300.0
5671,1300.0
5672,1750.0
5673,1250.0
5674,1100.0
5675,2250.0
5676,2450.0
5677,2750.0
5678,900.0
5679,3300.0
5680,2500.0
5681,2750.0
5682,1300.0
5683,4400.0
5684,2700.0
5685,900.0
5686,900.0
5687,1850.0
5688,-3000.0
5689,2300.0
5690,1950.0
5691,3300.0
5692,1800.0
5693,2300.0
5694,850.0
5695,2250.0
5696,1250.0
5697,1400.0
5698,1250.0
5699,1600.0
5700,1200.0
5701,4350.0
5702,3100.0
5703,4200.0
5704,1650.0
5705,3750.0
5706,1300.0
5707,1300.0
5708,1650.0
5709,1000.0
5710,2400.0
5711,300.0
5712,2100.0
5713,-2300.0
5714,-200.0
5715,4250.0
5716,1350.0
5717,900.0
5718,2200.0
5719,3250.0
5720,1650.0
5721,1450.0
5722,1150.0
5723,2050.0
5724,1600.0
5725,2500.0
5726,-4900.0
5727,1150.0
5728,4000.0
5729,2750.0
5730,1850.0
5731,1150.0
5732,2500.0
5733,2200.0
5734,1100.0
5735,-2600.0
5736,3150.0
5737,2500.0
5738,1350.0
5739,1900.0
5740,1650.0
5741,2450.0
5742,-3600.0
5743,2150.0
5744,3250.0
5745,1250.0
5746,2350.0
5747,4300.0
5748,1300.0
5749,2350.0
5750,7600.0
5751,3500.0
5752,1600.0
5753,2650.0
5754,1150.0
5755,1000.0
5756,1050.0
5757,2750.0
5758,2600.0
5759,1050.0
5760,2350.0
5761,1600.0
5762,2650.0
5763,2500.0
5764,4000.0
5765,1250.0
5766,1500.0
5767,1950.0
5768,3400.0
5769,2600.0
5770,2000.0
5771,1900.0
5772,2300.0
5773,1050.0
5774,3800.0
5775,1700.0
5776,900.0
5777,4700.0
5778,2400.0
5779,2200.0
5780,1250.0
5781,-2500.0
5782,2650.0
5783,1250.0
5784,1900.0
5785,2250.0
5786,4700.0
5787,-2400.0
5788,1850.0
5789,1100.0
5790,5200.0
5791,1750.0
5792,2750.0
5793,3000.0
5794,1950.0
5795,4300.0
5796,2350.0
5797,2400.0
5798,1650.0
5799,1900.0
5800,3950.0
5801,1400.0
5802,1300.0
5803,2950.0
5804,2450.0
5805,2950.0
5806,1950.0
5807,2050.0
5808,2600.0
5809,1850.0
5810,1800.0
5811,1150.0
5812,2800.0
5813,2150.0
5814,2550.0
5815,2500.0
5816,2200.0
5817,1500.0
5818,2000.0
5819,3000.0
5820,1350.0
5821,4450.0
5822,500.0
5823,2000.0
5824,2700.0
5825,1550.0
5826,1350.0
5827,2600.0
5828,900.0
5829,1000.0
5830,1250.0
5831,2900.0
5832,1450.0
5833,-4000.0
5834,-9200.0
5835,3650.0
5836,950.0
5837,1350.0
5838,2150.0
5839,2650.0
5840,2200.0
5841,3125.0
5842,3700.0
5843,4100.0
5844,2450.0
5845,1650.0
5846,950.0
5847,1700.0
5848,1300.0
5849,3200.0
5850,2300.0
5851,1550.0
5852,5750.0
5853,1300.0
5854,1250.0
5855,4150.0
5856,3600.0
5857,4750.0
5858,900.0
5859,2700.0
5860,2250.0
5861,1150.0
5862,2250.0
5863,900.0
5864,2900.0
5865,2200.0
5866,1350.0
5867,2300.0
5868,2600.0
5869,3150.0
5870,2400.0
5871,3400.0
5872,1850.0
5873,1250.0
5874,3900.0
5875,2250.0
5876,1000.0
5877,1900.0
5878,900.0
5879,3350.0
5880,1950.0
5881,1050.0
5882,1700.0
5883,1950.0
5884,4200.0
5885,2300.0
5886,1300.0
5887,1950.0
5888,1550.0
5889,2100.0
5890,2900.0
5891,2300.0
5892,3400.0
5893,2400.0
5894,1500.0
5895,3350.0
5896,2450.0
5897,3500.0
5898,2150.0
5899,1150.0
5900,3700.0
5901,1100.0
5902,1650.0
5903,2800.0
5904,2800.0
5905,2950.0
5906,2150.0
5907,2100.0
5908,1250.0
5909,2250.0
5910,1450.0
5911,3000.0
5912,900.0
5913,2500.0
5914,1750.0
5915,1350.0
5916,2100.0
5917,1500.0
5918,2900.0
5919,1200.0
5920,3050.0
5921,1400.0
5922,2650.0
5923,2300.0
5924,3300.0
5925,1450.0
5926,2500.0
5927,900.0
5928,2350.0
5929,1450.0
5930,1200.0
5931,1850.0
5932,1350.0
5933,4900.0
5934,2250.0
5935,2500.0
5936,1600.0
5937,1100.0
5938,5700.0
5939,1250.0
5940,1350.0
5941,1500.0
5942,3600.0
5943,1550.0
5944,2350.0
5945,3100.0
5946,2100.0
5947,1100.0
5948,-3300.0
5949,2900.0
5950,3400.0
5951,1050.0
5952,2900.0
5953,1250.0
5954,1250.0
5955,2700.0
5956,2650.0
5957,1450.0
5958,1800.0
5959,2500.0
5960,1850.0
5961,3050.0
5962,2800.0
5963,3500.0
5964,3350.0
5965,1300.0
5966,2250.0
5967,1800.0
5968,2300.0
5969,2000.0
5970,2150.0
5971,1000.0
5972,1900.0
5973,-3700.0
5974,2200.0
5975,3250.0
5976,2200.0
5977,1050.0
5978,3300.0
5979,1050.0
5980,1350.0
5981,3100.0
5982,2650.0
5983,1850.0
5984,1250.0
5985,2950.0
5986,1450.0
5987,3200.0
5988,1300.0
5989,1600.0
5990,2900.0
5991,3700.0
5992,4800.0
5993,3600.0
5994,3900.0
5995,2250.0
5996,-5100.0
5997,2700.0
5998,3000.0
5999,1100.0
6000,2400.0
6001,1050.0
6002,3150.0
6003,3900.0
6004,900.0
6005,1500.0
6006,2700.0
6007,2450.0
6008,1700.0
6009,900.0
6010,3300.0
6011,1450.0
6012,-3900.0
6013,2950.0
6014,2100.0
6015,-3700.0
6016,1400.0
6017,3350.0
6018,1750.0
6019,2400.0
6020,2250.0
6021,-2300.0
6022,4100.0
6023,1250.0
6024,1300.0
6025,1000.0
6026,2000.0
6027,1150.0
6028,2900.0
6029,2500.0
6030,900.0
6031,1900.0
6032,2350.0
6033,1050.0
6034,8200.0
6035,2400.0
6036,4800.0
6037,1400.0
6038,3000.0
6039,1100.0
6040,4100.0
6041,1350.0
6042,1200.0
6043,2700.0
6044,1500.0
6045,3800.0
6046,1600.0
6047,1825.0
6048,1100.0
6049,-2400.0
6050,-2400.0
6051,1500.0
6052,2050.0
6053,1850.0
6054,2900.0
6055,1150.0
6056,1450.0
6057,2000.0
6058,1350.0
6059,1200.0
6060,1500.0
6061,1900.0
6062,2050.0
6063,1600.0
6064,3600.0
6065,2300.0
6066,3200.0
6067,1350.0
6068,1400.0
6069,-2400.0
6070,2950.0
6071,1650.0
6072,2800.0
6073,2200.0
6074,700.0
6075,3100.0
6076,2100.0
6077,1000.0
6078,2400.0
6079,1100.0
6080,3700.0
6081,1300.0
6082,2750.0
6083,1600.0
6084,3400.0
6085,1550.0
6086,1700.0
6087,1350.0
6088,900.0
6089,1300.0
6090,2850.0
6091,-3900.0
6092,-3900.0
6093,2150.0
6094,4000.0
6095,1400.0
6096,1550.0
6097,2850.0
6098,1100.0
6099,800.0
6100,1050.0
6101,5500.0
6102,1350.0
6103,4000.0
6104,1400.0
6105,1900.0
6106,2750.0
6107,2150.0
6108,1300.0
6109,1200.0
6110,1800.0
6111,2150.0
6112,1450.0
6113,-8700.0
6114,2500.0
6115,1000.0
6116,3050.0
6117,1100.0
6118,2250.0
6119,3400.0
6120,3400.0
6121,2200.0
6122,3100.0
6123,3300.0
6124,1400.0
6125,2450.0
6126,1700.0
6127,2050.0
6128,1100.0
6129,1850.0
6130,900.0
6131,2800.0
6132,5900.0
6133,1200.0
6134,1350.0
6135,-4300.0
6136,1750.0
6137,900.0
6138,3150.0
6139,2350.0
6140,900.0
6141,1200.0
6142,3600.0
6143,3400.0
6144,3050.0
6145,1400.0
6146,2150.0
6147,1200.0
6148,1550.0
6149,3700.0
6150,1450.0
6151,3900.0
6152,3250.0
6153,1400.0
6154,2200.0
6155,1350.0
6156,1650.0
6157,1850.0
6158,5100.0
6159,900.0
6160,2300.0
6161,1100.0
6162,2200.0
6163,2150.0
6164,1750.0
6165,2800.0
6166,2200.0
6167,1850.0
6168,2350.0
6169,5400.0
6170,1550.0
6171,1600.0
6172,1550.0
6173,1100.0
6174,1250.0
6175,1450.0
6176,3550.0
6177,1050.0
6178,2500.0
6179,1250.0
6180,3300.0
6181,1800.0
6182,1200.0
6183,2300.0
6184,1200.0
6185,2000.0
6186,1700.0
6187,1950.0
6188,2550.0
6189,1650.0
6190,1000.0
6191,2300.0
6192,1500.0
6193,2150.0
6194,1200.0
6195,1100.0
6196,2400.0
6197,2350.0
6198,1200.0
6199,1800.0
6200,2050.0
6201,1050.0
6202,2100.0
6203,8200.0
6204,2750.0
6205,2750.0
6206,2900.0
6207,1350.0
6208,1500.0
6209,3100.0
6210,2100.0
6211,2000.0
6212,1200.0
6213,3700.0
6214,2200.0
6215,3150.0
6216,4400.0
6217,1750.0
6218,3500.0
6219,1000.0
6220,2400.0
6221,1650.0
6222,2600.0
6223,1100.0
6224,3200.0
6225,1750.0
6226,2600.0
6227,2600.0
6228,3050.0
6229,3500.0
6230,2350.0
6231,1350.0
6232,1550.0
6233,2000.0
6234,1650.0
6235,1850.0
6236,1900.0
6237,1450.0
6238,1500.0
6239,2850.0
6240,3000.0
6241,1450.0
6242,2550.0
6243,3000.0
6244,900.0
6245,3600.0
6246,1250.0
6247,-1025.0
6248,-4800.0
6249,1500.0
6250,1950.0
6251,2700.0
6252,1200.0
6253,2800.0
6254,1050.0
6255,2950.0
6256,1200.0
6257,3100.0
6258,1900.0
6259,1250.0
6260,4300.0
6261,2100.0
6262,1650.0
6263,2400.0
6264,2000.0
6265,1250.0
6266,3350.0
6267,2850.0
6268,-3800.0
6269,1550.0
6270,3100.0
6271,1700.0
6272,1150.0
6273,2350.0
6274,1200.0
6275,2400.0
6276,2700.0
6277,2800.0
6278,3000.0
6279,1300.0
6280,1350.0
6281,3600.0
6282,2450.0
6283,1150.0
6284,2100.0
6285,2500.0
6286,1900.0
6287,1000.0
6288,1650.0
6289,2150.0
6290,1550.0
6291,2750.0
6292,1000.0
6293,3050.0
6294,1050.0
6295,1100.0
6296,1600.0
6297,2450.0
6298,2000.0
6299,2400.0
6300,2950.0
6301,2550.0
6302,1650.0
6303,1850.0
6304,1150.0
6305,5500.0
6306,900.0
6307,2600.0
6308,1400.0
6309,3000.0
6310,1100.0
6311,400.0
6312,1400.0
6313,2200.0
6314,1400.0
6315,1100.0
6316,3700.0
6317,2600.0
6318,1850.0
6319,2450.0
6320,2050.0
6321,4000.0
6322,2700.0
6323,1200.0
6324,1500.0
6325,1950.0
6326,2350.0
6327,2650.0
6328,2650.0
6329,2550.0
6330,1700.0
6331,1800.0
6332,2250.0
6333,1550.0
6334,2300.0
6335,3900.0
6336,2200.0
6337,1800.0
6338,3900.0
6339,1150.0
6340,5400.0
6341,1250.0
6342,2300.0
6343,2600.0
6344,1600.0
6345,3100.0
6346,-3500.0
6347,1750.0
6348,2800.0
6349,1450.0
6350,3000.0
6351,2650.0
6352,700.0
6353,1300.0
6354,1300.0
6355,900.0
6356,1050.0
6357,5000.0
6358,1950.0
6359,950.0
6360,2450.0
6361,2600.0
6362,1300.0
6363,1500.0
6364,1050.0
6365,1050.0
6366,2450.0
6367,2250.0
6368,1200.0
6369,1600.0
6370,2250.0
6371,2150.0
6372,2350.0
6373,1750.0
6374,1200.0
6375,1050.0
6376,1150.0
6377,2300.0
6378,1200.0
6379,3300.0
6380,1000.0
6381,1650.0
6382,4400.0
6383,1050.0
6384,3800.0
6385,1600.0
6386,2900.0
6387,1100.0
6388,2300.0
6389,2150.0
6390,6100.0
6391,1250.0
6392,1350.0
6393,3200.0
6394,1850.0
6395,2000.0
6396,1100.0
6397,1400.0
6398,1050.0
6399,2650.0
6400,2600.0
6401,900.0
6402,1900.0
6403,1400.0
6404,6300.0
6405,1650.0
6406,1350.0
6407,3500.0
6408,1600.0
6409,2650.0
6410,1350.0
6411,2000.0
6412,2550.0
6413,1200.0
6414,2150.0
6415,1550.0
6416,2350.0
6417,3150.0
6418,2750.0
6419,3500.0
6420,3100.0
6421,2900.0
6422,3400.0
6423,1550.0
6424,1750.0
6425,1350.0
6426,1500.0
6427,-3800.0
6428,2150.0
6429,3100.0
6430,900.0
6431,1250.0
6432,2550.0
6433,2150.0
6434,1250.0
6435,1400.0
6436,3500.0
6437,3600.0
6438,3300.0
6439,1650.0
6440,1700.0
6441,1350.0
6442,2650.0
6443,1650.0
6444,2500.0
6445,1300.0
6446,2000.0
6447,2200.0
6448,1750.0
6449,3050.0
6450,-3900.0
6451,-3700.0
6452,-2100.0
6453,1300.0
6454,3150.0
6455,4300.0
6456,2250.0
6457,5600.0
6458,2500.0
6459,2250.0
6460,1150.0
6461,1000.0
6462,900.0
6463,1900.0
6464,2500.0
6465,1350.0
6466,1800.0
6467,3000.0
6468,1400.0
6469,1950.0
6470,-2900.0
6471,1800.0
6472,2700.0
6473,3200.0
6474,900.0
6475,2750.0
6476,3900.0
6477,2250.0
6478,-2700.0
6479,1950.0
6480,1600.0
6481,1300.0
6482,1200.0
6483,1100.0
6484,2600.0
6485,2050.0
6486,1250.0
6487,2150.0
6488,1450.0
6489,3400.0
6490,1100.0
6491,1300.0
6492,1200.0
6493,2450.0
6494,1150.0
6495,4000.0
6496,3000.0
6497,3550.0
6498,2650.0
6499,3150.0
6500,-3500.0
6501,950.0
6502,1900.0
6503,1550.0
6504,1900.0
6505,-4200.0
6506,3200.0
6507,3150.0
6508,1700.0
6509,1900.0
6510,3100.0
6511,3000.0
6512,2800.0
6513,3650.0
6514,1750.0
6515,2200.0
6516,7400.0
6517,3800.0
6518,2300.0
6519,3650.0
6520,3050.0
6521,1650.0
6522,1400.0
6523,4650.0
6524,2750.0
6525,1150.0
6526,2000.0
6527,1850.0
6528,2600.0
6529,4600.0
6530,1950.0
6531,1700.0
6532,2000.0
6533,3900.0
6534,1200.0
6535,2400.0
6536,2000.0
6537,1050.0
6538,1350.0
6539,2150.0
6540,1150.0
6541,1700.0
6542,800.0
6543,1000.0
6544,2000.0
6545,2500.0
6546,1500.0
6547,900.0
6548,650.0
6549,1550.0
6550,2600.0
6551,1100.0
6552,1850.0
6553,2650.0
6554,1050.0
6555,2800.0
6556,1850.0
6557,1100.0
6558,750.0
6559,2850.0
6560,1350.0
6561,3900.0
6562,-2400.0
6563,3200.0
6564,900.0
6565,4450.0
6566,1100.0
6567,1950.0
6568,1950.0
6569,2900.0
6570,5800.0
6571,2450.0
6572,1950.0
6573,1550.0
6574,1250.0
6575,2250.0
6576,1250.0
6577,2250.0
6578,3450.0
6579,2150.0
6580,1450.0
6581,14900.0
6582,1150.0
6583,4450.0
6584,275.0
6585,1800.0
6586,11400.0
6587,-2600.0
6588,1750.0
6589,2450.0
6590,1300.0
6591,3100.0
6592,1100.0
6593,1450.0
6594,2300.0
6595,4100.0
6596,1300.0
6597,1300.0
6598,2400.0
6599,4000.0
6600,1100.0
6601,-5400.0
6602,1450.0
6603,900.0
6604,2800.0
6605,3050.0
6606,5950.0
6607,3400.0
6608,2200.0
6609,1400.0
6610,1750.0
6611,1200.0
6612,3250.0
6613,2750.0
6614,1750.0
6615,2650.0
6616,2150.0
6617,2450.0
6618,1250.0
6619,2800.0
6620,3150.0
6621,1100.0
6622,1700.0
6623,2250.0
6624,2250.0
6625,3450.0
6626,1250.0
6627,1000.0
6628,2050.0
6629,3500.0
6630,1300.0
6631,1050.0
6632,3400.0
6633,1650.0
6634,1300.0
6635,1250.0
6636,1000.0
6637,1900.0
6638,-3900.0
6639,4650.0
6640,3350.0
6641,350.0
6642,6000.0
6643,3150.0
6644,-2500.0
6645,4700.0
6646,900.0
6647,1450.0
6648,2000.0
6649,3300.0
6650,1900.0
6651,1500.0
6652,2350.0
6653,1550.0
6654,1800.0
6655,1250.0
6656,2750.0
6657,1200.0
6658,2900.0
6659,2250.0
6660,2550.0
6661,2900.0
6662,2300.0
6663,3100.0
6664,2500.0
6665,4100.0
6666,3600.0
6667,2150.0
6668,1300.0
6669,1600.0
6670,1300.0
6671,1450.0
6672,2050.0
6673,1600.0
6674,3050.0
6675,1700.0
6676,3100.0
6677,-4900.0
6678,1300.0
6679,3900.0
6680,1050.0
6681,900.0
6682,1650.0
6683,2700.0
6684,4300.0
6685,2500.0
6686,2100.0
6687,2250.0
6688,900.0
6689,1300.0
6690,1350.0
6691,1150.0
6692,5250.0
6693,2350.0
6694,3900.0
6695,1650.0
6696,2500.0
6697,2350.0
6698,1050.0
6699,700.0
6700,2150.0
6701,2650.0
6702,-2700.0
6703,2150.0
6704,1850.0
6705,1100.0
6706,-2300.0
6707,2000.0
6708,1950.0
6709,1400.0
6710,-2800.0
6711,1100.0
6712,2650.0
6713,1550.0
6714,2350.0
6715,2700.0
6716,1800.0
6717,1200.0
6718,3400.0
6719,1850.0
6720,1300.0
6721,1050.0
6722,3200.0
6723,950.0
6724,2000.0
6725,2700.0
6726,2450.0
6727,2300.0
6728,5500.0
6729,1200.0
6730,950.0
6731,1050.0
6732,1050.0
6733,1800.0
6734,1350.0
6735,3750.0
6736,2400.0
6737,1650.0
6738,4500.0
6739,3000.0
6740,3800.0
6741,1300.0
6742,1250.0
6743,1600.0
6744,-2700.0
6745,2300.0
6746,2050.0
6747,900.0
6748,1500.0
6749,950.0
6750,2000.0
6751,2950.0
6752,3800.0
6753,1200.0
6754,2300.0
6755,3100.0
6756,-4700.0
6757,2400.0
6758,5900.0
6759,1450.0
6760,1550.0
6761,3450.0
6762,2000.0
6763,3100.0
6764,1350.0
6765,1500.0
6766,1950.0
6767,900.0
6768,1450.0
6769,2400.0
6770,900.0
6771,1100.0
6772,1750.0
6773,3200.0
6774,3050.0
6775,1050.0
6776,1150.0
6777,-2700.0
6778,5200.0
6779,2900.0
6780,3400.0
6781,1600.0
6782,1800.0
6783,1650.0
6784,2100.0
6785,2350.0
6786,2400.0
6787,5750.0
6788,1900.0
6789,1800.0
6790,1600.0
6791,5600.0
6792,-4200.0
6793,1400.0
6794,900.0
6795,4300.0
6796,1150.0
6797,1750.0
6798,2750.0
6799,1500.0
6800,2250.0
6801,3100.0
6802,2250.0
6803,1250.0
6804,2100.0
6805,900.0
6806,2300.0
6807,2400.0
6808,2150.0
6809,1400.0
6810,3700.0
6811,2900.0
6812,-4100.0
6813,2100.0
6814,2550.0
6815,1500.0
6816,1000.0
6817,2100.0
6818,3950.0
6819,900.0
6820,1350.0
6821,1000.0
6822,1500.0
6823,900.0
6824,2500.0
6825,-400.0
6826,1900.0
6827,800.0
6828,1100.0
6829,2450.0
6830,-2400.0
6831,3550.0
6832,2450.0
6833,3000.0
6834,2800.0
6835,3250.0
6836,1550.0
6837,1500.0
6838,2050.0
6839,1150.0
6840,1300.0
6841,1900.0
6842,150.0
6843,3100.0
6844,3200.0
6845,1200.0
6846,1450.0
6847,2000.0
6848,1100.0
6849,2550.0
6850,600.0
6851,2450.0
6852,3100.0
6853,2750.0
6854,2350.0
6855,1950.0
6856,2000.0
6857,1600.0
6858,1350.0
6859,375.0
6860,2700.0
6861,1900.0
6862,-2700.0
6863,2100.0
6864,3950.0
6865,1750.0
6866,1050.0
6867,1550.0
6868,1100.0
6869,1325.0
6870,1350.0
6871,1100.0
6872,2800.0
6873,4500.0
6874,2150.0
6875,4600.0
6876,1000.0
6877,2200.0
6878,4100.0
6879,1750.0
6880,3700.0
6881,1250.0
6882,1100.0
6883,2450.0
6884,1200.0
6885,2250.0
6886,-2400.0
6887,1100.0
6888,1750.0
6889,1450.0
6890,1800.0
6891,1450.0
6892,1050.0
6893,2050.0
6894,1050.0
6895,6000.0
6896,2450.0
6897,3300.0
6898,1200.0
6899,3000.0
6900,5300.0
6901,900.0
6902,3600.0
6903,1350.0
6904,1000.0
6905,1050.0
6906,4250.0
6907,1050.0
6908,2700.0
6909,2250.0
6910,1500.0
6911,1050.0
6912,1150.0
6913,3550.0
6914,1050.0
6915,2600.0
6916,1200.0
6917,1900.0
6918,6450.0
6919,2000.0
6920,1200.0
6921,2250.0
6922,1700.0
6923,1550.0
6924,1750.0
6925,1250.0
6926,1600.0
6927,4800.0
6928,2300.0
6929,1050.0
6930,1600.0
6931,1100.0
6932,1900.0
6933,3000.0
6934,1000.0
6935,-4500.0
6936,1550.0
6937,3600.0
6938,2100.0
6939,1200.0
6940,4400.0
6941,1100.0
6942,2100.0
6943,1100.0
6944,2650.0
6945,2150.0
6946,2850.0
6947,1800.0
6948,2600.0
6949,1900.0
6950,-3500.0
6951,1900.0
6952,2150.0
6953,2200.0
6954,2400.0
6955,2650.0
6956,3900.0
6957,2650.0
6958,2300.0
6959,1100.0
6960,2100.0
6961,1050.0
6962,1300.0
6963,4400.0
6964,1350.0
6965,2250.0
6966,-3200.0
6967,1600.0
6968,1650.0
6969,1950.0
6970,3000.0
6971,2250.0
6972,1500.0
6973,900.0
6974,3100.0
6975,1200.0
6976,1450.0
6977,2700.0
6978,1000.0
6979,4100.0
6980,1450.0
6981,4300.0
6982,3300.0
6983,1350.0
6984,3400.0
6985,2350.0
6986,3000.0
6987,2550.0
6988,2050.0
6989,2650.0
6990,2050.0
6991,1050.0
6992,2650.0
6993,1100.0
6994,1300.0
6995,1750.0
6996,1150.0
6997,1950.0
6998,1200.0
6999,-2600.0
7000,2450.0
7001,-3600.0
7002,1300.0
7003,1900.0
7004,2200.0
7005,3300.0
7006,1650.0
7007,1450.0
7008,3100.0
7009,900.0
7010,3550.0
7011,1000.0
7012,1850.0
7013,2000.0
7014,1200.0
7015,1250.0
7016,1850.0
7017,700.0
7018,900.0
7019,3000.0
7020,1200.0
7021,3050.0
7022,1150.0
7023,2250.0
7024,2350.0
7025,7000.0
7026,3050.0
7027,1850.0
7028,1900.0
7029,1100.0
7030,1400.0
7031,2550.0
7032,2650.0
7033,1250.0
7034,1550.0
7035,2800.0
7036,1900.0
7037,1400.0
7038,1750.0
7039,4400.0
7040,1250.0
7041,1250.0
7042,2100.0
7043,-5600.0
7044,1550.0
7045,1950.0
7046,3150.0
7047,2150.0
7048,1600.0
7049,2100.0
7050,4100.0
7051,1900.0
7052,2000.0
7053,2150.0
7054,1450.0
7055,3550.0
7056,2750.0
7057,1300.0
7058,1400.0
7059,2950.0
7060,2350.0
7061,1900.0
7062,1750.0
7063,1350.0
7064,1850.0
7065,4050.0
7066,1400.0
7067,2200.0
7068,1550.0
7069,550.0
7070,1050.0
7071,1800.0
7072,1100.0
7073,2450.0
7074,1800.0
7075,900.0
7076,-3800.0
7077,3150.0
7078,2900.0
7079,2750.0
7080,3200.0
7081,1100.0
7082,3600.0
7083,2350.0
7084,2200.0
7085,2150.0
7086,2750.0
7087,2100.0
7088,1200.0
7089,3700.0
7090,6100.0
7091,1050.0
7092,2150.0
7093,1200.0
7094,900.0
7095,4050.0
7096,2150.0
7097,5900.0
7098,3150.0
7099,2400.0
7100,3050.0
7101,2650.0
7102,3200.0
7103,2150.0
7104,1450.0
7105,3700.0
7106,2500.0
7107,2500.0
7108,2050.0
7109,2000.0
7110,1750.0
7111,3500.0
7112,2550.0
7113,2650.0
7114,1150.0
7115,1950.0
7116,1300.0
7117,1400.0
7118,1750.0
7119,1400.0
7120,900.0
7121,2450.0
7122,1300.0
7123,1350.0
7124,3900.0
7125,2650.0
7126,1000.0
7127,1850.0
7128,1950.0
7129,1750.0
7130,2200.0
7131,1150.0
7132,1000.0
7133,2700.0
7134,1850.0
7135,1600.0
7136,1250.0
7137,900.0
7138,1350.0
7139,4050.0
7140,2700.0
7141,1750.0
7142,1300.0
7143,-3100.0
7144,2500.0
7145,1950.0
7146,1400.0
7147,1200.0
7148,4100.0
7149,2900.0
7150,900.0
7151,1350.0
7152,1050.0
7153,2300.0
7154,1100.0
7155,2100.0
7156,2700.0
7157,1200.0
7158,2150.0
7159,4200.0
7160,2750.0
7161,800.0
7162,2200.0
7163,5100.0
7164,3300.0
7165,2650.0
7166,1200.0
7167,1150.0
7168,1350.0
7169,2200.0
7170,1250.0
7171,2150.0
7172,2300.0
7173,2200.0
7174,1100.0
7175,2800.0
7176,2100.0
7177,1200.0
7178,1800.0
7179,2600.0
7180,1150.0
7181,1850.0
7182,1000.0
7183,1550.0
7184,1200.0
7185,2500.0
7186,2200.0
7187,900.0
7188,1600.0
7189,1550.0
7190,1700.0
7191,2600.0
7192,2050.0
7193,2800.0
7194,2700.0
7195,1750.0
7196,1450.0
7197,2750.0
7198,1900.0
7199,-4100.0
7200,2750.0
7201,1550.0
7202,3800.0
7203,3600.0
7204,1650.0
7205,1800.0
7206,1850.0
7207,2300.0
7208,1200.0
7209,1500.0
7210,2250.0
7211,2500.0
7212,900.0
7213,1250.0
7214,2200.0
7215,1300.0
7216,2100.0
7217,1550.0
7218,4900.0
7219,2700.0
7220,1550.0
7221,-7300.0
7222,1100.0
7223,-2500.0
7224,2200.0
7225,2300.0
7226,3700.0
7227,1250.0
7228,2650.0
7229,950.0
7230,1400.0
7231,-2300.0
7232,1350.0
7233,4600.0
7234,1900.0
7235,1650.0
7236,3800.0
7237,2300.0
7238,1200.0
7239,1350.0
7240,2800.0
7241,1050.0
7242,2800.0
7243,1400.0
7244,1100.0
7245,2900.0
7246,2975.0
7247,2800.0
7248,1300.0
7249,1400.0
7250,1900.0
7251,2300.0
7252,1450.0
7253,1250.0
7254,1950.0
7255,2800.0
7256,1100.0
7257,2050.0
7258,1400.0
7259,3550.0
7260,1200.0
7261,-3900.0
7262,2650.0
7263,3450.0
7264,1200.0
7265,950.0
7266,1300.0
7267,1800.0
7268,1800.0
7269,1250.0
7270,2200.0
7271,2600.0
7272,1900.0
7273,1500.0
7274,1850.0
7275,900.0
7276,2450.0
7277,1700.0
7278,3800.0
7279,1550.0
7280,475.0
7281,1550.0
7282,3400.0
7283,1150.0
7284,1400.0
7285,1850.0
7286,1050.0
7287,1700.0
7288,3900.0
7289,2600.0
7290,3600.0
7291,2050.0
7292,3300.0
7293,900.0
7294,3350.0
7295,1700.0
7296,2300.0
7297,3700.0
7298,4750.0
7299,1300.0
7300,2500.0
7301,1500.0
7302,2200.0
7303,900.0
7304,4100.0
7305,900.0
7306,1350.0
7307,900.0
7308,900.0
7309,4100.0
7310,1250.0
7311,2200.0
7312,1250.0
7313,1400.0
7314,3500.0
7315,1100.0
7316,2050.0
7317,2750.0
7318,1500.0
7319,1500.0
7320,1700.0
7321,3800.0
7322,2600.0
7323,1200.0
7324,1050.0
7325,2400.0
7326,1450.0
7327,900.0
7328,2750.0
7329,1350.0
7330,2700.0
7331,900.0
7332,1700.0
7333,-3300.0
7334,1150.0
7335,2600.0
7336,1450.0
7337,2700.0
7338,3650.0
7339,2700.0
7340,1700.0
7341,1550.0
7342,1250.0
7343,1550.0
7344,1850.0
7345,3900.0
7346,2300.0
7347,1100.0
7348,1550.0
7349,1400.0
7350,3350.0
7351,900.0
7352,2200.0
7353,2100.0
7354,2450.0
7355,1450.0
7356,2750.0
7357,4600.0
7358,2900.0
7359,2800.0
7360,900.0
7361,1200.0
7362,1050.0
7363,3100.0
7364,3900.0
7365,2050.0
7366,1400.0
7367,-2500.0
7368,4100.0
7369,1650.0
7370,1200.0
7371,-2500.0
7372,3350.0
7373,5000.0
7374,1900.0
7375,1550.0
7376,3950.0
7377,1700.0
7378,2100.0
7379,1200.0
7380,1550.0
7381,950.0
7382,900.0
7383,2200.0
7384,2700.0
7385,4600.0
7386,1050.0
7387,1800.0
7388,4500.0
7389,3450.0
7390,2250.0
7391,3400.0
7392,2500.0
7393,3350.0
7394,2450.0
7395,2900.0
7396,1200.0
7397,2700.0
7398,1750.0
7399,2100.0
7400,1950.0
7401,2950.0
7402,2200.0
7403,1550.0
7404,3250.0
7405,1850.0
7406,1650.0
7407,1150.0
7408,2050.0
7409,1700.0
7410,1850.0
7411,2150.0
7412,1950.0
7413,2000.0
7414,3950.0
7415,1300.0
7416,4250.0
7417,2100.0
7418,2400.0
7419,2550.0
7420,1400.0
7421,2100.0
7422,2400.0
7423,2200.0
7424,1000.0
7425,1950.0
7426,2300.0
7427,1900.0
7428,2700.0
7429,900.0
7430,3050.0
7431,3400.0
7432,2250.0
7433,1100.0
7434,2200.0
7435,2550.0
7436,3300.0
7437,2200.0
7438,1100.0
7439,3450.0
7440,1800.0
7441,1100.0
7442,3100.0
7443,1350.0
7444,1600.0
7445,2100.0
7446,3850.0
7447,3050.0
7448,4650.0
7449,1000.0
7450,2550.0
7451,2650.0
7452,900.0
7453,3400.0
7454,1300.0
7455,1200.0
7456,6000.0
7457,2200.0
7458,1700.0
7459,1600.0
7460,6300.0
7461,1650.0
7462,1900.0
7463,1300.0
7464,900.0
7465,1350.0
7466,2450.0
7467,2900.0
7468,1150.0
7469,2250.0
7470,1450.0
7471,2750.0
7472,3100.0
7473,1950.0
7474,2800.0
7475,2350.0
7476,1150.0
7477,1400.0
7478,1900.0
7479,10200.0
7480,4500.0
7481,2300.0
7482,3800.0
7483,1450.0
7484,3800.0
7485,1050.0
7486,1350.0
7487,-4200.0
7488,1550.0
7489,1400.0
7490,2900.0
7491,1550.0
7492,1900.0
7493,1750.0
7494,1350.0
7495,1050.0
7496,1800.0
7497,2100.0
7498,-2500.0
7499,2250.0
7500,1050.0
7501,900.0
7502,3000.0
7503,1800.0
7504,3100.0
7505,1650.0
7506,-2400.0
7507,1050.0
7508,2000.0
7509,75.0
7510,900.0
7511,3800.0
7512,1150.0
7513,3400.0
7514,3700.0
7515,4600.0
7516,1050.0
7517,1050.0
7518,2100.0
7519,1700.0
7520,2800.0
7521,1950.0
7522,6800.0
7523,2350.0
7524,4350.0
7525,1200.0
7526,3050.0
7527,800.0
7528,2900.0
7529,2000.0
7530,1250.0
7531,3500.0
7532,2900.0
7533,2100.0
7534,2350.0
7535,4550.0
7536,1900.0
7537,3800.0
7538,2600.0
7539,2700.0
7540,5100.0
7541,3250.0
7542,3200.0
7543,2200.0
7544,1200.0
7545,1550.0
7546,900.0
7547,2900.0
7548,1500.0
7549,1500.0
7550,2550.0
7551,2000.0
7552,1650.0
7553,2550.0
7554,1550.0
7555,2600.0
7556,1050.0
7557,1000.0
7558,2350.0
7559,1500.0
7560,1050.0
7561,900.0
7562,2150.0
7563,1900.0
7564,3700.0
7565,2600.0
7566,1400.0
7567,5950.0
7568,2900.0
7569,2400.0
7570,1350.0
7571,1050.0
7572,1950.0
7573,1200.0
7574,1000.0
7575,1650.0
7576,-2400.0
7577,6000.0
7578,1200.0
7579,3400.0
7580,-4000.0
7581,1100.0
7582,1000.0
7583,1550.0
7584,900.0
7585,1300.0
7586,4100.0
7587,3550.0
7588,1950.0
7589,3500.0
7590,3500.0
7591,1100.0
7592,2350.0
7593,-2600.0
7594,2000.0
7595,8500.0
7596,3200.0
7597,3300.0
7598,1000.0
7599,4900.0
7600,1150.0
7601,1400.0
7602,2400.0
7603,2400.0
7604,1650.0
7605,4900.0
7606,1550.0
7607,3300.0
7608,1200.0
7609,900.0
7610,3500.0
7611,1600.0
7612,3000.0
7613,1300.0
7614,1300.0
7615,1850.0
7616,1350.0
7617,2350.0
7618,5200.0
7619,4250.0
7620,3500.0
7621,1900.0
7622,1300.0
7623,2250.0
7624,1600.0
7625,2300.0
7626,1450.0
7627,-5200.0
7628,2100.0
7629,1300.0
7630,3550.0
7631,1700.0
7632,900.0
7633,-300.0
7634,1850.0
7635,3700.0
7636,2750.0
7637,2500.0
7638,2150.0
7639,1400.0
7640,1250.0
7641,2550.0
7642,1000.0
7643,175.0
7644,2300.0
7645,1650.0
7646,1850.0
7647,425.0
7648,1950.0
7649,1700.0
7650,2800.0
7651,900.0
7652,1700.0
7653,1750.0
7654,2650.0
7655,2600.0
7656,2500.0
7657,2575.0
7658,2450.0
7659,1550.0
7660,2000.0
7661,2400.0
7662,4200.0
7663,1800.0
7664,1550.0
7665,1650.0
7666,2800.0
7667,2400.0
7668,1700.0
7669,2800.0
7670,2000.0
7671,1550.0
7672,1800.0
7673,1600.0
7674,5000.0
7675,2600.0
7676,2050.0
7677,2200.0
7678,2050.0
7679,2700.0
7680,1400.0
7681,1450.0
7682,1350.0
7683,2050.0
7684,-4100.0
7685,2100.0
7686,3500.0
7687,1700.0
7688,3050.0
7689,950.0
7690,3500.0
7691,1300.0
7692,2550.0
7693,2000.0
7694,1600.0
7695,3500.0
7696,2050.0
7697,2150.0
7698,2000.0
7699,1600.0
7700,1350.0
7701,1300.0
7702,1100.0
7703,2050.0
7704,2150.0
7705,2150.0
7706,1250.0
7707,-3900.0
7708,3100.0
7709,1300.0
7710,900.0
7711,2200.0
7712,1450.0
7713,1850.0
7714,1400.0
7715,1400.0
7716,1350.0
7717,1100.0
7718,2450.0
7719,1450.0
7720,1050.0
7721,3150.0
7722,1050.0
7723,2150.0
7724,2100.0
7725,1250.0
7726,2350.0
7727,1150.0
7728,3450.0
7729,1600.0
7730,1650.0
7731,1600.0
7732,3000.0
7733,1800.0
7734,1550.0
7735,3350.0
7736,2200.0
7737,1100.0
7738,1300.0
7739,1300.0
7740,900.0
7741,1400.0
7742,2100.0
7743,1250.0
7744,5700.0
7745,1700.0
7746,3000.0
7747,1650.0
7748,1350.0
7749,1950.0
7750,1650.0
7751,3850.0
7752,2950.0
7753,5350.0
7754,2200.0
7755,2250.0
7756,1200.0
7757,950.0
7758,2200.0
7759,2650.0
7760,2450.0
7761,2500.0
7762,750.0
7763,2150.0
7764,2400.0
7765,3300.0
7766,1450.0
7767,2350.0
7768,3450.0
7769,3600.0
7770,2400.0
7771,4300.0
7772,3600.0
7773,2650.0
7774,1150.0
7775,5100.0
7776,900.0
7777,1250.0
7778,1800.0
7779,1450.0
7780,1400.0
7781,1050.0
7782,1250.0
7783,2500.0
7784,950.0
7785,1850.0
7786,1550.0
7787,1950.0
7788,2000.0
7789,1350.0
7790,1550.0
7791,4150.0
7792,1200.0
7793,-6000.0
7794,1500.0
7795,1850.0
7796,5250.0
7797,-2500.0
7798,2850.0
7799,1100.0
7800,2400.0
7801,4000.0
7802,1850.0
7803,1200.0
7804,2450.0
7805,2350.0
7806,2500.0
7807,750.0
7808,1050.0
7809,3100.0
7810,1750.0
7811,2400.0
7812,2100.0
7813,2750.0
7814,1150.0
7815,2500.0
7816,3000.0
7817,1450.0
7818,2150.0
7819,1450.0
7820,1950.0
7821,1000.0
7822,1200.0
7823,-2400.0
7824,8100.0
7825,1750.0
7826,1700.0
7827,1950.0
7828,1800.0
7829,1400.0
7830,1550.0
7831,-5300.0
7832,4700.0
7833,-2100.0
7834,2500.0
7835,1200.0
7836,2650.0
7837,1350.0
7838,-3800.0
7839,950.0
7840,2350.0
7841,1200.0
7842,1250.0
7843,1800.0
7844,1450.0
7845,1100.0
7846,3750.0
7847,1550.0
7848,1200.0
7849,1950.0
7850,1950.0
7851,2700.0
7852,1550.0
7853,1300.0
7854,1450.0
7855,3700.0
7856,1850.0
7857,1750.0
7858,1300.0
7859,1500.0
7860,2200.0
7861,1800.0
7862,1350.0
7863,1300.0
7864,2800.0
7865,1000.0
7866,3850.0
7867,900.0
7868,4100.0
7869,1300.0
7870,2900.0
7871,2300.0
7872,2700.0
7873,2300.0
7874,1050.0
7875,1250.0
7876,2550.0
7877,2850.0
7878,2450.0
7879,3100.0
7880,2850.0
7881,1050.0
7882,2100.0
7883,2200.0
7884,1450.0
7885,1400.0
7886,1100.0
7887,3450.0
7888,4600.0
7889,1050.0
7890,2650.0
7891,1450.0
7892,1750.0
7893,2600.0
7894,3050.0
7895,1350.0
7896,1350.0
7897,1100.0
7898,1850.0
7899,900.0
7900,2000.0
7901,1600.0
7902,1850.0
7903,1250.0
7904,3300.0
7905,1250.0
7906,1050.0
7907,2650.0
7908,2150.0
7909,1100.0
7910,-5000.0
7911,2100.0
7912,1900.0
7913,2150.0
7914,900.0
7915,800.0
7916,2400.0
7917,3200.0
7918,1000.0
7919,-2400.0
7920,2450.0
7921,4150.0
7922,7100.0
7923,2000.0
7924,1650.0
7925,-4400.0
7926,1850.0
7927,1425.0
7928,2200.0
7929,1150.0
7930,3150.0
7931,1300.0
7932,1400.0
7933,900.0
7934,1050.0
7935,2650.0
7936,1200.0
7937,1450.0
7938,4000.0
7939,4000.0
7940,1450.0
7941,3550.0
7942,2200.0
7943,1350.0
7944,900.0
7945,1300.0
7946,1550.0
7947,1800.0
7948,1900.0
7949,2100.0
7950,2200.0
7951,1350.0
7952,2700.0
7953,2300.0
7954,2100.0
7955,1300.0
7956,1550.0
7957,1900.0
7958,1750.0
7959,550.0
7960,1400.0
7961,2600.0
7962,3150.0
7963,3000.0
7964,1800.0
7965,2000.0
7966,1200.0
7967,2600.0
7968,2050.0
7969,1350.0
7970,700.0
7971,2150.0
7972,2250.0
7973,1250.0
7974,1200.0
7975,1250.0
7976,2250.0
7977,1300.0
7978,1050.0
7979,2050.0
7980,1350.0
7981,2400.0
7982,1700.0
7983,2600.0
7984,2950.0
7985,1050.0
7986,800.0
7987,-4300.0
7988,3900.0
7989,4500.0
7990,2050.0
7991,3800.0
7992,1000.0
7993,1450.0
7994,1500.0
7995,4050.0
7996,3650.0
7997,1700.0
7998,3900.0
7999,2250.0
8000,2800.0
8001,900.0
8002,2200.0
8003,2150.0
8004,4100.0
8005,1500.0
8006,2050.0
8007,3500.0
8008,1450.0
8009,1900.0
8010,1250.0
8011,1650.0
8012,1850.0
8013,1850.0
8014,3600.0
8015,2250.0
8016,1150.0
8017,1850.0
8018,-3100.0
8019,2000.0
8020,2650.0
8021,2600.0
8022,1450.0
8023,1950.0
8024,2300.0
8025,1200.0
8026,-4000.0
8027,3650.0
8028,2700.0
8029,1050.0
8030,1350.0
8031,2050.0
8032,1800.0
8033,1650.0
8034,2050.0
8035,1900.0
8036,575.0
8037,1250.0
8038,3500.0
8039,2500.0
8040,1500.0
8041,-3400.0
8042,2300.0
8043,1550.0
8044,1900.0
8045,900.0
8046,3500.0
8047,4000.0
8048,3600.0
8049,1350.0
8050,1950.0
8051,3900.0
8052,3300.0
8053,4000.0
8054,1400.0
8055,1350.0
8056,-4000.0
8057,2700.0
8058,-2900.0
8059,1000.0
8060,4800.0
8061,1200.0
8062,4100.0
8063,1850.0
8064,1850.0
8065,2100.0
8066,1800.0
8067,1550.0
8068,2150.0
8069,1850.0
8070,1700.0
8071,1000.0
8072,900.0
8073,-2100.0
8074,2000.0
8075,1950.0
8076,3450.0
8077,3900.0
8078,1250.0
8079,1200.0
8080,2150.0
8081,3200.0
8082,2000.0
8083,1400.0
8084,1000.0
8085,2900.0
8086,2650.0
8087,3100.0
8088,1550.0
8089,2150.0
8090,1950.0
8091,3400.0
8092,2250.0
8093,6600.0
8094,1000.0
8095,3450.0
8096,2100.0
8097,2150.0
8098,-2500.0
8099,2000.0
8100,2300.0
8101,1450.0
8102,625.0
8103,3000.0
8104,850.0
8105,2550.0
8106,5000.0
8107,1900.0
8108,1400.0
8109,1300.0
8110,900.0
8111,2100.0
8112,2650.0
8113,2050.0
8114,1100.0
8115,1400.0
8116,2300.0
8117,750.0
8118,2400.0
8119,1200.0
8120,1950.0
8121,1200.0
8122,3100.0
8123,1150.0
8124,2200.0
8125,1100.0
8126,2000.0
8127,5100.0
8128,1250.0
8129,1200.0
8130,3000.0
8131,1100.0
8132,1500.0
8133,1300.0
8134,1300.0
8135,1800.0
8136,4000.0
8137,2800.0
8138,1750.0
8139,2550.0
8140,1300.0
8141,3500.0
8142,2100.0
8143,2200.0
8144,900.0
8145,900.0
8146,1450.0
8147,2250.0
8148,1000.0
8149,4150.0
8150,1150.0
8151,1900.0
8152,3800.0
8153,3400.0
8154,2100.0
8155,3700.0
8156,1000.0
8157,3250.0
8158,1200.0
8159,1200.0
8160,4100.0
8161,2600.0
8162,1050.0
8163,1300.0
8164,2600.0
8165,1150.0
8166,1350.0
8167,1350.0
8168,4900.0
8169,1850.0
8170,2400.0
8171,900.0
8172,1200.0
8173,2200.0
8174,1550.0
8175,1100.0
8176,1300.0
8177,1850.0
8178,1400.0
8179,1200.0
8180,1150.0
8181,1100.0
8182,2450.0
8183,2100.0
8184,2950.0
8185,1100.0
8186,-2700.0
8187,2300.0
8188,3300.0
8189,-2200.0
8190,1900.0
8191,2350.0
8192,1900.0
8193,1050.0
8194,2000.0
8195,1050.0
8196,900.0
8197,-3500.0
8198,1950.0
8199,1000.0
8200,1600.0
8201,1000.0
8202,2050.0
8203,1450.0
8204,800.0
8205,1700.0
8206,4600.0
8207,4450.0
8208,1000.0
8209,1100.0
8210,1250.0
8211,2900.0
8212,900.0
8213,1450.0
8214,3150.0
8215,1300.0
8216,1650.0
8217,2500.0
8218,1150.0
8219,900.0
8220,1250.0
8221,1200.0
8222,2350.0
8223,1100.0
8224,-2400.0
8225,-4400.0
8226,1250.0
8227,1300.0
8228,3200.0
8229,4400.0
8230,2900.0
8231,2050.0
8232,1350.0
8233,5200.0
8234,2150.0
8235,2200.0
8236,-3900.0
8237,5700.0
8238,1650.0
8239,-3900.0
8240,2250.0
8241,2100.0
8242,5600.0
8243,3700.0
8244,2750.0
8245,2100.0
8246,1350.0
8247,1150.0
8248,1550.0
8249,4000.0
8250,1800.0
8251,1250.0
8252,2100.0
8253,800.0
8254,1350.0
8255,1550.0
8256,3800.0
8257,2350.0
8258,2250.0
8259,1050.0
8260,1650.0
8261,5600.0
8262,2600.0
8263,3100.0
8264,2500.0
8265,3550.0
8266,3450.0
8267,2600.0
8268,1250.0
8269,1100.0
8270,1500.0
8271,2950.0
8272,2350.0
8273,1850.0
8274,3000.0
8275,2350.0
8276,3400.0
8277,2850.0
8278,2100.0
8279,1000.0
8280,3650.0
8281,1750.0
8282,1850.0
8283,2200.0
8284,2300.0
8285,2000.0
8286,3800.0
8287,1350.0
8288,2300.0
8289,2250.0
8290,-2300.0
8291,1900.0
8292,4150.0
8293,3100.0
8294,1700.0
8295,1850.0
8296,1250.0
8297,12400.0
8298,1750.0
8299,1800.0
8300,2200.0
8301,1650.0
8302,3400.0
8303,1850.0
8304,2100.0
8305,1650.0
8306,1450.0
8307,2050.0
8308,7300.0
8309,1050.0
8310,2300.0
8311,2650.0
8312,1500.0
8313,2000.0
8314,2150.0
8315,1900.0
8316,3300.0
8317,2500.0
8318,1050.0
8319,1400.0
8320,1500.0
8321,2500.0
8322,2250.0
8323,1150.0
8324,900.0
8325,1200.0
8326,900.0
8327,1000.0
8328,900.0
8329,3500.0
8330,2050.0
8331,2350.0
8332,1650.0
8333,1300.0
8334,1050.0
8335,900.0
8336,2500.0
8337,2100.0
8338,3050.0
8339,2000.0
8340,1950.0
8341,2300.0
8342,1400.0
8343,1600.0
8344,2400.0
8345,1450.0
8346,5100.0
8347,1550.0
8348,1350.0
8349,1950.0
8350,2600.0
8351,1800.0
8352,3700.0
8353,1550.0
8354,2750.0
8355,2750.0
8356,1200.0
8357,1100.0
8358,900.0
8359,1800.0
8360,1100.0
8361,2850.0
8362,1100.0
8363,2200.0
8364,3450.0
8365,3400.0
8366,1100.0
8367,3200.0
8368,1600.0
8369,1850.0
8370,1950.0
8371,1250.0
8372,2200.0
8373,-3800.0
8374,1350.0
8375,2800.0
8376,4100.0
8377,3250.0
8378,1100.0
8379,1800.0
8380,1850.0
8381,1400.0
8382,1100.0
8383,1950.0
8384,4000.0
8385,1150.0
8386,1150.0
8387,3700.0
8388,2050.0
8389,2200.0
8390,950.0
8391,1750.0
8392,2650.0
8393,1950.0
8394,1950.0
8395,1400.0
8396,2350.0
8397,1100.0
8398,1550.0
8399,1300.0
8400,1050.0
8401,1650.0
8402,3500.0
8403,2950.0
8404,1800.0
8405,1450.0
8406,2100.0
8407,-3400.0
8408,1850.0
8409,1050.0
8410,1650.0
8411,1350.0
8412,950.0
8413,1650.0
8414,900.0
8415,1350.0
8416,1050.0
8417,5600.0
8418,1000.0
8419,2750.0
8420,1100.0
8421,1800.0
8422,2300.0
8423,1950.0
8424,1400.0
8425,2100.0
8426,1050.0
8427,2300.0
8428,1050.0
8429,1300.0
8430,2000.0
8431,2100.0
8432,4000.0
8433,-4200.0
8434,3900.0
8435,3300.0
8436,1400.0
8437,900.0
8438,1950.0
8439,1700.0
8440,1400.0
8441,1400.0
8442,2400.0
8443,1600.0
8444,1150.0
8445,1650.0
8446,150.0
8447,2200.0
8448,900.0
8449,4800.0
8450,2800.0
8451,2400.0
8452,1100.0
8453,2600.0
8454,2400.0
8455,1700.0
8456,1050.0
8457,2900.0
8458,650.0
8459,-2500.0
8460,1850.0
8461,1450.0
8462,1500.0
8463,1100.0
8464,2300.0
8465,2000.0
8466,950.0
8467,1300.0
8468,1650.0
8469,1900.0
8470,900.0
8471,2000.0
8472,1050.0
8473,3500.0
8474,2450.0
8475,1200.0
8476,1300.0
8477,2700.0
8478,1950.0
8479,2600.0
8480,1300.0
8481,2500.0
8482,1850.0
8483,-5900.0
8484,2900.0
8485,1050.0
8486,1450.0
8487,2750.0
8488,1950.0
8489,1200.0
8490,3200.0
8491,2600.0
8492,3850.0
8493,1900.0
8494,1550.0
8495,1400.0
8496,2100.0
8497,2150.0
8498,1750.0
8499,1550.0
8500,4000.0
8501,1050.0
8502,1200.0
8503,1000.0
8504,2200.0
8505,2700.0
8506,3400.0
8507,3500.0
8508,1550.0
8509,1550.0
8510,1250.0
8511,900.0
8512,2450.0
8513,-4000.0
8514,3300.0
8515,2750.0
8516,1850.0
8517,1100.0
8518,2400.0
8519,1150.0
8520,1200.0
8521,4000.0
8522,3100.0
8523,1450.0
8524,5250.0
8525,950.0
8526,3900.0
8527,1600.0
8528,3550.0
8529,3500.0
8530,2650.0
8531,1150.0
8532,1050.0
8533,1200.0
8534,1800.0
8535,2800.0
8536,2350.0
8537,2550.0
8538,950.0
8539,1250.0
8540,1400.0
8541,1200.0
8542,1550.0
8543,2000.0
8544,2400.0
8545,1600.0
8546,1050.0
8547,1300.0
8548,1100.0
8549,2100.0
8550,1950.0
8551,1550.0
8552,2450.0
8553,3600.0
8554,1850.0
8555,2400.0
8556,3350.0
8557,850.0
8558,1450.0
8559,4750.0
8560,900.0
8561,3150.0
8562,950.0
8563,1600.0
8564,1450.0
8565,1100.0
8566,5450.0
8567,2250.0
8568,3200.0
8569,1450.0
8570,1000.0
8571,750.0
8572,1650.0
8573,3400.0
8574,3600.0
8575,-4200.0
8576,2950.0
8577,1250.0
8578,1600.0
8579,3250.0
8580,2800.0
8581,2050.0
8582,1550.0
8583,2400.0
8584,2950.0
8585,1000.0
8586,2000.0
8587,2950.0
8588,2100.0
8589,2850.0
8590,2050.0
8591,-4300.0
8592,2100.0
8593,1300.0
8594,1550.0
8595,-3400.0
8596,1200.0
8597,2250.0
8598,3150.0
8599,1550.0
8600,3400.0
8601,3400.0
8602,8500.0
8603,1050.0
8604,1300.0
8605,1200.0
8606,1000.0
8607,5600.0
8608,2950.0
8609,3000.0
8610,2750.0
8611,1200.0
8612,1200.0
8613,-2400.0
8614,1250.0
8615,1100.0
8616,2900.0
8617,2100.0
8618,3100.0
8619,1050.0
8620,1900.0
8621,1900.0
8622,2750.0
8623,1300.0
8624,1350.0
8625,950.0
8626,8250.0
8627,1200.0
8628,2450.0
8629,1800.0
8630,2350.0
8631,3800.0
8632,2500.0
8633,1950.0
8634,5450.0
8635,2950.0
8636,1650.0
8637,1200.0
8638,-3500.0
8639,1250.0
8640,1200.0
8641,900.0
8642,1750.0
8643,2100.0
8644,2600.0
8645,1700.0
8646,1600.0
8647,1950.0
8648,1200.0
8649,2800.0
8650,2300.0
8651,1250.0
8652,1200.0
8653,2250.0
8654,2150.0
8655,3250.0
8656,4200.0
8657,2200.0
8658,1100.0
8659,1700.0
8660,3150.0
8661,2600.0
8662,1400.0
8663,2900.0
8664,2350.0
8665,1300.0
8666,1200.0
8667,2000.0
8668,3550.0
8669,1150.0
8670,1000.0
8671,1550.0
8672,1950.0
8673,3700.0
8674,4050.0
8675,1800.0
8676,1650.0
8677,2600.0
8678,4850.0
8679,1700.0
8680,2050.0
8681,1850.0
8682,900.0
8683,2800.0
8684,1250.0
8685,1650.0
8686,2350.0
8687,1100.0
8688,2250.0
8689,1050.0
8690,3900.0
8691,2600.0
8692,1950.0
8693,1800.0
8694,900.0
8695,2200.0
8696,1500.0
8697,1150.0
8698,900.0
8699,900.0
8700,1550.0
8701,900.0
8702,2900.0
8703,1200.0
8704,1150.0
8705,1650.0
8706,2500.0
8707,2100.0
8708,1600.0
8709,900.0
8710,1200.0
8711,1350.0
8712,3800.0
8713,2050.0
8714,900.0
8715,2300.0
8716,2100.0
8717,4000.0
8718,2200.0
8719,1600.0
8720,2650.0
8721,3500.0
8722,1000.0
8723,2750.0
8724,3850.0
8725,2900.0
8726,2000.0
8727,2050.0
8728,3800.0
8729,1800.0
8730,1450.0
8731,900.0
8732,1200.0
8733,2150.0
8734,1800.0
8735,1600.0
8736,3300.0
8737,-3300.0
8738,-2200.0
8739,1000.0
8740,2400.0
8741,1250.0
8742,3400.0
8743,1150.0
8744,3850.0
8745,2150.0
8746,2050.0
8747,1450.0
8748,1900.0
8749,2450.0
8750,2400.0
8751,1200.0
8752,950.0
8753,2800.0
8754,1050.0
8755,1550.0
8756,1300.0
8757,1750.0
8758,2050.0
8759,4100.0
8760,2800.0
8761,2100.0
8762,1950.0
8763,1600.0
8764,1350.0
8765,-5800.0
8766,4050.0
8767,1500.0
8768,1900.0
8769,-5800.0
8770,2600.0
8771,2000.0
8772,1250.0
8773,2750.0
8774,2800.0
8775,2450.0
8776,1650.0
8777,1900.0
8778,2700.0
8779,3700.0
8780,3700.0
8781,3950.0
8782,1500.0
8783,3450.0
8784,1250.0
8785,1100.0
8786,2750.0
8787,2900.0
8788,-2600.0
8789,2650.0
8790,1100.0
8791,2150.0
8792,2400.0
8793,2250.0
8794,2450.0
8795,1550.0
8796,2050.0
8797,2500.0
8798,3000.0
8799,1150.0
8800,-2400.0
8801,1050.0
8802,1600.0
8803,2700.0
8804,1700.0
8805,1300.0
8806,1550.0
8807,1050.0
8808,4000.0
8809,2900.0
8810,1750.0
8811,1100.0
8812,3850.0
8813,2200.0
8814,1700.0
8815,1100.0
8816,2100.0
8817,2050.0
8818,1400.0
8819,2500.0
8820,1950.0
8821,1050.0
8822,3100.0
8823,1450.0
8824,1500.0
8825,-3500.0
8826,3700.0
8827,3700.0
8828,4300.0
8829,900.0
8830,3150.0
8831,2200.0
8832,3750.0
8833,4500.0
8834,2350.0
8835,1550.0
8836,1600.0
8837,1150.0
8838,3100.0
8839,3900.0
8840,1500.0
8841,1950.0
8842,1550.0
8843,1300.0
8844,3350.0
8845,1050.0
8846,3100.0
8847,2050.0
8848,2150.0
8849,1100.0
8850,3400.0
8851,1550.0
8852,1550.0
8853,2700.0
8854,3200.0
8855,-2400.0
8856,2850.0
8857,-2400.0
8858,1050.0
8859,1300.0
8860,1350.0
8861,3100.0
8862,1750.0
8863,2200.0
8864,1800.0
8865,4600.0
8866,1850.0
8867,1400.0
8868,1050.0
8869,2700.0
8870,2100.0
8871,1300.0
8872,1150.0
8873,1350.0
8874,2500.0
8875,1450.0
8876,2950.0
8877,1100.0
8878,1550.0
8879,2650.0
8880,2800.0
8881,3850.0
8882,4300.0
8883,1200.0
8884,1900.0
8885,1950.0
8886,1500.0
8887,1625.0
8888,1400.0
8889,2800.0
8890,900.0
8891,3400.0
8892,1650.0
8893,2250.0
8894,1200.0
8895,1150.0
8896,2650.0
8897,1700.0
8898,3300.0
8899,1250.0
8900,2950.0
8901,3850.0
8902,1900.0
8903,3600.0
8904,1050.0
8905,3850.0
8906,3250.0
8907,1350.0
8908,1000.0
8909,3800.0
8910,4350.0
8911,650.0
8912,1250.0
8913,3600.0
8914,2600.0
8915,1250.0
8916,1100.0
8917,-4500.0
8918,1900.0
8919,3700.0
8920,2350.0
8921,1950.0
8922,1400.0
8923,1550.0
8924,1950.0
8925,6200.0
8926,2300.0
8927,2950.0
8928,-3900.0
8929,1450.0
8930,2800.0
8931,1500.0
8932,2250.0
8933,3700.0
8934,2600.0
8935,2300.0
8936,1900.0
8937,950.0
8938,1150.0
8939,1250.0
8940,1050.0
8941,2300.0
8942,1500.0
8943,2500.0
8944,4300.0
8945,1550.0
8946,1500.0
8947,3400.0
8948,1900.0
8949,3650.0
8950,1825.0
8951,1150.0
8952,2050.0
8953,2100.0
8954,3200.0
8955,1000.0
8956,3100.0
8957,2400.0
8958,1200.0
8959,1600.0
8960,1300.0
8961,2200.0
8962,1500.0
8963,5250.0
8964,2150.0
8965,3600.0
8966,2000.0
8967,6600.0
8968,1350.0
8969,1200.0
8970,1450.0
8971,2150.0
8972,1650.0
8973,1050.0
8974,4500.0
8975,1900.0
8976,1300.0
8977,1100.0
8978,1300.0
8979,4000.0
8980,4500.0
8981,1100.0
8982,2700.0
8983,2050.0
8984,2150.0
8985,1050.0
8986,2700.0
8987,1050.0
8988,1500.0
8989,-4100.0
8990,4100.0
8991,1650.0
8992,800.0
8993,5100.0
8994,1050.0
8995,1700.0
8996,3200.0
8997,1950.0
8998,4100.0
8999,1750.0
9000,1050.0
9001,900.0
9002,1950.0
9003,1000.0
9004,1550.0
9005,1100.0
9006,1100.0
9007,3100.0
9008,1350.0
9009,900.0
9010,1150.0
9011,1100.0
9012,1250.0
9013,2900.0
9014,3800.0
9015,2200.0
9016,1800.0
9017,1450.0
9018,3150.0
9019,1900.0
9020,4700.0
9021,900.0
9022,900.0
9023,1650.0
9024,1850.0
9025,3000.0
9026,2100.0
9027,900.0
9028,2800.0
9029,3750.0
9030,900.0
9031,-2800.0
9032,4100.0
9033,1800.0
9034,2250.0
9035,1800.0
9036,4300.0
9037,-4100.0
9038,4600.0
9039,2700.0
9040,1400.0
9041,3500.0
9042,900.0
9043,1350.0
9044,750.0
9045,1050.0
9046,2550.0
9047,3500.0
9048,2400.0
9049,1950.0
9050,1750.0
9051,1400.0
9052,1900.0
9053,1350.0
9054,900.0
9055,700.0
9056,2400.0
9057,1350.0
9058,2250.0
9059,1800.0
9060,1450.0
9061,1900.0
9062,1350.0
9063,800.0
9064,1800.0
9065,1100.0
9066,1150.0
9067,2400.0
9068,1900.0
9069,4200.0
9070,1900.0
9071,1350.0
9072,1450.0
9073,-3900.0
9074,2900.0
9075,1100.0
9076,2500.0
9077,2100.0
9078,1850.0
9079,1100.0
9080,4750.0
9081,3050.0
9082,1350.0
9083,1100.0
9084,1900.0
9085,1600.0
9086,1900.0
9087,3550.0
9088,1750.0
9089,1800.0
9090,1650.0
9091,1200.0
9092,1450.0
9093,1950.0
9094,1150.0
9095,900.0
9096,2300.0
9097,1200.0
9098,900.0
9099,1800.0
9100,2550.0
9101,1900.0
9102,900.0
9103,3000.0
9104,3150.0
9105,1050.0
9106,2600.0
9107,3600.0
9108,2600.0
9109,1350.0
9110,1400.0
9111,1750.0
9112,3300.0
9113,4100.0
9114,1000.0
9115,1200.0
9116,2550.0
9117,2850.0
9118,900.0
9119,2950.0
9120,2850.0
9121,1650.0
9122,1050.0
9123,4900.0
9124,1550.0
9125,1150.0
9126,550.0
9127,8100.0
9128,1400.0
9129,900.0
9130,6000.0
9131,2150.0
9132,1600.0
9133,2100.0
9134,900.0
9135,5300.0
9136,3450.0
9137,1250.0
9138,1250.0
9139,1250.0
9140,1250.0
9141,1150.0
9142,3200.0
9143,-2400.0
9144,2000.0
9145,1500.0
9146,1150.0
9147,1850.0
9148,1350.0
9149,-2500.0
9150,-5800.0
9151,2500.0
9152,1950.0
9153,1300.0
9154,2400.0
9155,1950.0
9156,2900.0
9157,3900.0
9158,2100.0
9159,1050.0
9160,-3600.0
9161,1100.0
9162,1200.0
9163,2300.0
9164,2700.0
9165,1600.0
9166,3050.0
9167,500.0
9168,2700.0
9169,1550.0
9170,1500.0
9171,2150.0
9172,900.0
9173,1000.0
9174,2600.0
9175,1850.0
9176,1350.0
9177,1550.0
9178,2600.0
9179,1700.0
9180,1500.0
9181,2800.0
9182,5250.0
9183,1450.0
9184,-3800.0
9185,1600.0
9186,1350.0
9187,1400.0
9188,1650.0
9189,900.0
9190,2400.0
9191,2300.0
9192,1650.0
9193,1100.0
9194,1650.0
9195,3600.0
9196,1750.0
9197,3700.0
9198,4200.0
9199,2200.0
9200,1000.0
9201,2400.0
9202,4600.0
9203,1450.0
9204,1050.0
9205,1250.0
9206,3000.0
9207,1150.0
9208,2350.0
9209,1100.0
9210,2450.0
9211,1000.0
9212,1350.0
9213,1400.0
9214,1950.0
9215,3300.0
9216,2450.0
9217,1450.0
9218,1900.0
9219,2450.0
9220,1300.0
9221,1300.0
9222,1700.0
9223,1200.0
9224,1600.0
9225,1150.0
9226,2700.0
9227,1100.0
9228,1250.0
9229,1450.0
9230,1700.0
9231,3450.0
9232,1350.0
9233,1600.0
9234,900.0
9235,3500.0
9236,2300.0
9237,1800.0
9238,1400.0
9239,2700.0
9240,1450.0
9241,2100.0
9242,3200.0
9243,3100.0
9244,1300.0
9245,1350.0
9246,3900.0
9247,1250.0
9248,1200.0
9249,1700.0
9250,1350.0
9251,3700.0
9252,2900.0
9253,1350.0
9254,1600.0
9255,1850.0
9256,2800.0
9257,1800.0
9258,3200.0
9259,1500.0
9260,5200.0
9261,1500.0
9262,1000.0
9263,2600.0
9264,2700.0
9265,1200.0
9266,2250.0
9267,3700.0
9268,2000.0
9269,2650.0
9270,1200.0
9271,1500.0
9272,2150.0
9273,1850.0
9274,2550.0
9275,1900.0
9276,3400.0
9277,2600.0
9278,-2700.0
9279,3700.0
9280,2550.0
9281,2300.0
9282,3300.0
9283,2650.0
9284,3200.0
9285,2000.0
9286,900.0
9287,1200.0
9288,1250.0
9289,7700.0
9290,2700.0
9291,1800.0
9292,1300.0
9293,1450.0
9294,2300.0
9295,2150.0
9296,2350.0
9297,3550.0
9298,1250.0
9299,5800.0
9300,2500.0
9301,1550.0
9302,1000.0
9303,1050.0
9304,2200.0
9305,2300.0
9306,2600.0
9307,3100.0
9308,2650.0
9309,2400.0
9310,1700.0
9311,1100.0
9312,2600.0
9313,2950.0
9314,2550.0
9315,1100.0
9316,2500.0
9317,1550.0
9318,3100.0
9319,3900.0
9320,1500.0
9321,1950.0
9322,2250.0
9323,2650.0
9324,2750.0
9325,2550.0
9326,1200.0
9327,1850.0
9328,1350.0
9329,3400.0
9330,4800.0
9331,1450.0
9332,1050.0
9333,1450.0
9334,2350.0
9335,1950.0
9336,1200.0
9337,2900.0
9338,850.0
9339,1350.0
9340,1500.0
9341,2400.0
9342,1450.0
9343,1100.0
9344,3300.0
9345,1000.0
9346,2000.0
9347,1800.0
9348,1900.0
9349,1550.0
9350,1900.0
9351,1150.0
9352,3050.0
9353,2650.0
9354,2950.0
9355,3850.0
9356,1850.0
9357,2200.0
9358,1300.0
9359,1100.0
9360,1550.0
9361,2750.0
9362,900.0
9363,3200.0
9364,1100.0
9365,1850.0
9366,2650.0
9367,3550.0
9368,1750.0
9369,2150.0
9370,1700.0
9371,3800.0
9372,2450.0
9373,1700.0
9374,1100.0
9375,1350.0
9376,3850.0
9377,2050.0
9378,1450.0
9379,1250.0
9380,2400.0
9381,1400.0
9382,2850.0
9383,1100.0
9384,2100.0
9385,1750.0
9386,2500.0
9387,1050.0
9388,2900.0
9389,1100.0
9390,1750.0
9391,1000.0
9392,2050.0
9393,2150.0
9394,3250.0
9395,2600.0
9396,3150.0
9397,1100.0
9398,2150.0
9399,3500.0
9400,3150.0
9401,2750.0
9402,1350.0
9403,1350.0
9404,1800.0
9405,2100.0
9406,2600.0
9407,1200.0
9408,1300.0
9409,2350.0
9410,2800.0
9411,2250.0
9412,2600.0
9413,1150.0
9414,2050.0
9415,2650.0
9416,3600.0
9417,1850.0
9418,1450.0
9419,1300.0
9420,2100.0
9421,900.0
9422,1150.0
9423,1900.0
9424,2550.0
9425,1150.0
9426,2400.0
9427,2700.0
9428,2400.0
9429,1700.0
9430,3800.0
9431,3100.0
9432,1700.0
9433,3150.0
9434,3200.0
9435,2400.0
9436,1900.0
9437,3000.0
9438,1500.0
9439,1800.0
9440,1300.0
9441,2750.0
9442,2700.0
9443,1350.0
9444,1050.0
9445,2600.0
9446,1250.0
9447,3250.0
9448,1550.0
9449,1750.0
9450,4100.0
9451,900.0
9452,1850.0
9453,2100.0
9454,1350.0
9455,1200.0
9456,4150.0
9457,1500.0
9458,2950.0
9459,2250.0
9460,3050.0
9461,2550.0
9462,1100.0
9463,2150.0
9464,1850.0
9465,1550.0
9466,1450.0
9467,900.0
9468,4950.0
9469,2900.0
9470,2400.0
9471,2500.0
9472,3500.0
9473,1100.0
9474,2300.0
9475,4300.0
9476,1000.0
9477,1550.0
9478,1150.0
9479,1250.0
9480,1050.0
9481,1750.0
9482,-4600.0
9483,-2400.0
9484,900.0
9485,1900.0
9486,2900.0
9487,2750.0
9488,1650.0
9489,1750.0
9490,5900.0
9491,1400.0
9492,1300.0
9493,1350.0
9494,2300.0
9495,2600.0
9496,750.0
9497,1100.0
9498,3250.0
9499,2500.0
9500,1350.0
9501,3300.0
9502,2450.0
9503,1550.0
9504,5100.0
9505,1800.0
9506,1700.0
9507,1000.0
9508,2000.0
9509,1200.0
9510,1700.0
9511,1450.0
9512,2250.0
9513,-2600.0
9514,2700.0
9515,1150.0
9516,1300.0
9517,4150.0
9518,1150.0
9519,2650.0
9520,2300.0
9521,1050.0
9522,2600.0
9523,1150.0
9524,1350.0
9525,3250.0
9526,3700.0
9527,1250.0
9528,2000.0
9529,3150.0
9530,2300.0
9531,1600.0
9532,1300.0
9533,1450.0
9534,900.0
9535,1900.0
9536,3000.0
9537,1900.0
9538,1050.0
9539,2000.0
9540,1850.0
9541,2300.0
9542,2950.0
9543,2000.0
9544,1550.0
9545,1500.0
9546,2400.0
9547,1800.0
9548,1550.0
9549,1500.0
9550,2550.0
9551,1550.0
9552,1250.0
9553,1150.0
9554,1350.0
9555,1050.0
9556,1500.0
9557,2450.0
9558,1300.0
9559,1200.0
9560,1650.0
9561,3600.0
9562,2550.0
9563,4050.0
9564,4950.0
9565,-3800.0
9566,1400.0
9567,1950.0
9568,900.0
9569,1350.0
9570,3950.0
9571,900.0
9572,1250.0
9573,1750.0
9574,1200.0
9575,2450.0
9576,5600.0
9577,1700.0
9578,1200.0
9579,1050.0
9580,-2800.0
9581,3150.0
9582,4250.0
9583,3250.0
9584,2050.0
9585,1150.0
9586,2100.0
9587,4400.0
9588,1850.0
9589,2800.0
9590,1900.0
9591,2250.0
9592,1650.0
9593,2300.0
9594,2350.0
9595,1300.0
9596,2600.0
9597,3100.0
9598,1100.0
9599,1400.0
9600,1100.0
9601,4200.0
9602,3300.0
9603,1200.0
9604,3400.0
9605,2050.0
9606,900.0
9607,1050.0
9608,1250.0
9609,2500.0
9610,3000.0
9611,900.0
9612,900.0
9613,1200.0
9614,1750.0
9615,2300.0
9616,1550.0
9617,3000.0
9618,2050.0
9619,1800.0
9620,3300.0
9621,1300.0
9622,1700.0
9623,3400.0
9624,2400.0
9625,1100.0
9626,4200.0
9627,1450.0
9628,1250.0
9629,1100.0
9630,3200.0
9631,1050.0
9632,4600.0
9633,3000.0
9634,4900.0
9635,900.0
9636,3700.0
9637,4350.0
9638,4050.0
9639,5600.0
9640,900.0
9641,2700.0
9642,1250.0
9643,850.0
9644,1200.0
9645,1000.0
9646,2800.0
9647,1250.0
9648,4650.0
9649,1700.0
9650,2250.0
9651,2200.0
9652,1100.0
9653,4150.0
9654,3600.0
9655,3850.0
9656,2150.0
9657,1900.0
9658,900.0
9659,2350.0
9660,2650.0
9661,2750.0
9662,1700.0
9663,1500.0
9664,2100.0
9665,1050.0
9666,1100.0
9667,1150.0
9668,1700.0
9669,1600.0
