#{"t_start": 1788994993.7565532, "env_id": "None"}
r,l,t
-1.75,5,2.389796
-0.25,2,2.395561
-0.25,2,2.401505
-1.25,3,2.410289
-0.75,1,2.41293
-1.25,3,2.421287
-0.25,2,2.427058
-0.75,1,2.430171
0.75,1,2.433194
-0.75,1,2.436725
0.75,1,2.440774
-0.25,2,2.447067
0.25,3,2.455415
-0.25,2,2.461439
-0.75,1,2.464727
-0.25,2,2.470387
-0.75,4,2.481083
0.75,1,2.483945
-0.75,1,2.486664
-0.25,2,2.492079
0.25,3,2.500238
-0.75,1,2.503076
0.25,3,2.510951
-0.75,1,2.513819
-4.25,6,2.529812
1.75,6,2.546152
-0.75,1,2.549218
0.25,3,2.558081
-0.75,7,2.575243
-0.25,2,2.580331
-0.75,1,2.582944
-0.75,1,2.585569
0.25,3,2.593034
-0.25,2,2.598296
0.25,3,2.605636
-0.75,1,2.608363
-0.75,1,2.611027
-0.75,1,2.613775
3.25,6,2.629024
0.75,1,2.631864
-0.75,1,2.634707
0.25,3,2.642292
-0.75,1,2.644985
-0.75,1,2.647704
0.25,3,2.65586
-0.75,1,2.658714
-0.25,2,2.664788
0.75,4,2.675699
-0.75,1,2.678502
-0.75,1,2.681222
-0.25,2,2.686315
-0.25,2,2.691297
-0.25,2,2.696769
0.75,4,2.706697
0.75,4,2.716939
-0.25,2,2.722239
-0.75,1,2.724897
-0.75,1,2.727552
-1.75,2,2.733126
5.75,14,2.768557
-0.75,1,2.771363
-0.75,1,2.774792
-0.75,1,2.77773
1.25,5,2.791023
-0.75,1,2.793889
-0.75,1,2.797238
-0.75,1,2.800164
-0.75,1,2.802994
-1.25,3,2.810723
-0.25,2,2.81613
0.75,1,2.819045
-0.25,2,2.824822
-0.25,2,2.83085
-0.75,1,2.834803
-0.25,2,2.840667
0.75,4,2.850991
-0.75,1,2.853822
-0.25,2,2.860226
0.25,3,2.868405
-0.75,1,2.871087
-0.25,2,2.876078
0.75,1,2.878726
-0.25,2,2.88388
0.75,1,2.886721
0.75,1,2.889809
-1.75,2,2.895988
-0.75,1,2.898971
-0.25,2,2.904528
-0.25,2,2.909763
-0.75,1,2.912429
-1.25,1,2.915195
-0.75,1,2.918071
-0.75,1,2.920837
-0.75,1,2.923638
-0.25,2,2.928939
-0.75,1,2.931741
-0.25,2,2.936855
-0.25,2,2.942189
-0.75,1,2.945273
-0.75,1,2.948614
0.75,1,2.951525
-0.75,1,2.954306
-0.25,2,2.95969
-0.75,1,2.962602
0.75,1,2.965533
0.75,4,2.975712
-0.75,1,2.978413
0.75,4,2.988258
-1.75,2,2.993555
-2.75,3,3.00184
-0.75,1,3.005279
-0.75,1,3.008369
-0.25,2,3.014229
0.25,3,3.022199
-0.25,2,3.027501
0.75,1,3.030296
-1.75,2,3.035529
-0.75,1,3.03835
-0.25,2,3.043759
-0.75,1,3.046524
3.25,6,3.061329
-0.75,1,3.064184
-0.25,2,3.069287
-0.75,4,3.079531
-0.75,1,3.082335
-0.75,1,3.085052
-0.75,1,3.087897
0.75,4,3.098584
-0.25,2,3.103843
-0.75,1,3.106595
-0.25,2,3.111686
-0.25,2,3.11709
0.75,1,3.119977
-0.75,1,3.123163
-0.25,2,3.129297
-0.75,1,3.132454
-0.25,2,3.137651
-0.75,1,3.140454
2.25,4,3.150422
-0.75,1,3.153263
-0.25,2,3.158417
-0.25,2,3.163399
0.25,3,3.171144
-0.25,2,3.176407
-0.75,1,3.179214
1.75,6,3.193813
-0.25,2,3.198949
-0.25,2,3.204055
-0.75,1,3.206875
0.75,1,3.209711
-0.25,2,3.215069
-0.75,1,3.218006
-0.75,4,3.230053
-0.75,1,3.232901
1.75,3,3.240786
-0.25,2,3.246126
-0.75,1,3.248955
-0.75,1,3.251794
-0.75,1,3.254697
-0.75,1,3.257585
-0.25,2,3.26289
0.25,3,3.270429
0.75,4,3.280765
-0.75,1,3.283482
-2.25,4,3.29343
-0.75,1,3.296333
-0.75,1,3.299439
-0.75,1,3.30232
-0.75,1,3.304898
0.75,4,3.315127
0.75,1,3.31778
-0.75,1,3.320458
-0.75,1,3.323349
-0.25,2,3.328957
-0.75,1,3.332055
-0.25,2,3.338414
-0.75,1,3.341461
0.75,4,3.351538
-0.75,1,3.354295
0.75,1,3.357074
0.75,1,3.359813
-0.25,2,3.364921
-0.25,2,3.369976
-0.75,1,3.372582
0.25,3,3.38024
0.75,1,3.383074
0.75,4,3.393296
0.75,1,3.396017
-0.75,1,3.398825
-0.25,2,3.404011
-1.25,3,3.411575
-0.25,2,3.416737
0.25,3,3.424537
-0.25,2,3.429863
-0.25,2,3.435062
0.75,1,3.437776
-5.75,6,3.454113
0.75,1,3.457124
-0.25,2,3.462658
-0.25,2,3.471379
0.75,1,3.476208
-0.75,1,3.479005
0.75,1,3.481569
-0.75,1,3.484537
0.25,3,3.492963
-0.75,1,3.496219
0.25,3,3.505217
-1.25,3,3.513719
-0.25,2,3.519617
0.75,4,3.530857
0.75,1,3.533723
-0.25,2,3.53926
-0.75,1,3.542338
0.75,4,3.553698
-0.25,2,3.560084
0.75,1,3.563306
-0.25,2,3.569224
-0.75,1,3.572197
-0.25,2,3.577886
-0.75,1,3.580876
0.25,3,3.588783
-0.75,1,3.591435
-0.75,1,3.594367
0.75,1,3.597513
-1.75,2,3.603269
-1.75,2,3.60927
0.75,4,3.620136
0.25,3,3.628389
0.75,1,3.631172
-0.75,1,3.634092
0.75,4,3.644819
-0.25,2,3.650411
-0.25,2,3.655937
-1.25,1,3.658931
-0.25,2,3.664785
-0.25,2,3.671282
0.25,6,3.688414
1.75,6,3.703609
-0.75,1,3.706569
-0.25,2,3.711749
-0.25,2,3.717206
0.75,4,3.727264
0.75,1,3.729913
1.25,5,3.741766
-0.25,2,3.747279
1.25,5,3.760118
-0.75,1,3.762912
-0.25,2,3.768064
0.75,4,4.484679
1.25,5,4.508529
0.75,1,4.511598
-0.75,1,4.51458
-0.75,1,4.517465
-0.25,2,4.522508
-1.25,3,4.530231
0.75,1,4.532914
-0.75,1,4.535527
-0.75,1,4.538168
0.75,1,4.54098
0.75,1,4.543648
0.75,1,4.546953
-1.25,3,4.554684
3.75,7,4.574572
-0.25,2,4.580433
0.25,3,4.589502
-0.25,2,4.595243
-0.25,2,4.600413
-0.25,2,4.605462
-0.75,1,4.608412
-2.25,4,4.618043
-0.25,2,4.622913
-0.75,1,4.625476
0.75,3,4.633076
0.25,3,4.640728
0.75,7,4.658251
-0.25,2,4.663585
0.75,1,4.666529
-2.25,4,4.677459
0.75,4,4.68902
0.25,3,4.696278
-0.25,2,4.701346
-1.25,6,4.716449
0.25,3,4.724089
-0.25,2,4.729011
-0.25,2,4.734057
0.75,1,4.736854
-2.75,3,4.745293
1.25,5,4.759393
-0.25,2,4.764747
-0.25,2,4.769816
-0.75,1,4.772462
-0.25,2,4.777555
0.25,3,4.784932
-0.25,2,4.790178
0.75,4,4.8012
2.75,8,4.821273
2.25,7,4.841631
0.75,1,4.844564
-0.25,2,4.849711
0.25,3,4.857446
-0.75,1,4.860049
-0.25,2,4.865291
-0.25,2,4.870496
-0.75,1,4.873399
0.75,1,4.876044
0.75,1,4.878758
0.25,3,4.886884
0.75,4,4.897223
-6.25,8,4.918031
-0.75,1,4.920757
0.25,3,4.928229
0.75,1,4.930924
-0.25,2,4.936287
-0.25,2,4.941557
-0.25,2,4.946598
-0.25,2,4.951752
0.75,1,4.954506
-0.75,1,4.957206
-0.75,1,4.960024
-0.25,2,4.965514
-0.75,1,4.968413
0.25,3,4.977258
1.25,5,4.989701
-0.75,1,4.992486
-0.25,2,4.997799
0.75,1,5.000352
-0.25,2,5.005183
-0.25,2,5.010431
-3.25,5,5.023215
-0.75,1,5.026042
-3.25,5,5.03899
-0.25,2,5.044403
-0.75,1,5.047471
-0.75,1,5.050282
0.75,1,5.05306
0.75,1,5.055779
0.75,1,5.058507
0.25,3,5.066111
-1.25,3,5.074072
-0.75,1,5.077165
0.25,3,5.085032
1.25,5,5.098967
-0.25,2,5.104234
-0.25,2,5.109474
-0.75,1,5.112151
-2.25,4,5.12324
-0.25,2,5.129133
2.75,8,5.148954
0.25,3,5.156446
-0.75,1,5.159092
-0.75,1,5.161955
-0.75,1,5.164809
0.25,3,5.172788
-0.75,1,5.175739
1.25,5,5.188186
-0.25,2,5.193101
0.75,1,5.195635
-0.75,1,5.198228
-0.25,2,5.203506
-8.25,10,5.228257
1.25,5,5.242424
-0.75,1,5.245656
-0.75,1,5.248768
-0.25,2,5.254226
0.75,1,5.257187
1.75,6,5.272535
0.75,1,5.275415
-0.75,1,5.278386
-0.25,2,5.284111
-0.25,2,5.29018
-0.75,1,5.293218
-0.75,1,5.29612
-0.25,2,5.301467
0.25,3,5.309445
-0.25,2,5.314769
0.75,4,5.324849
-0.75,1,5.327712
-0.25,2,5.333208
0.75,1,5.336023
-0.75,1,5.339108
0.25,3,5.346991
-0.25,2,5.352652
-0.75,1,5.355691
-0.25,2,5.361397
-0.75,1,5.364331
-0.25,5,5.377171
0.25,3,5.385063
-0.75,1,5.387892
-0.25,2,5.393073
-0.75,1,5.395726
-0.25,2,5.401216
-0.25,2,5.406652
-0.75,1,5.409441
0.25,3,5.417128
-0.25,2,5.422704
0.25,3,5.430567
-0.75,1,5.433577
-0.75,1,5.43631
-0.75,1,5.439036
-1.25,1,5.442067
0.75,1,5.444913
1.75,6,5.460853
-0.25,2,5.46757
1.75,3,5.477367
1.75,3,5.486889
0.25,3,5.495801
-0.25,2,5.501667
-0.75,1,5.505267
-0.75,1,5.508132
0.75,1,5.510785
-0.75,10,5.535308
-0.25,2,5.540562
-0.75,1,5.543478
-1.75,2,5.548533
-1.75,2,5.553362
-1.75,2,5.558182
-0.75,4,5.567144
-1.25,3,5.575781
-0.25,2,5.581786
0.75,4,5.592442
-0.75,1,5.595514
-0.75,1,5.59884
-1.25,3,5.606601
-0.25,2,5.611753
-0.25,2,5.617158
-0.25,2,5.622351
-0.75,1,5.625101
-0.25,2,5.630184
-0.75,1,5.63309
0.75,1,5.635829
0.75,4,5.645803
0.25,3,5.653244
-0.25,2,5.65826
0.25,3,5.665426
-0.75,1,5.668249
0.25,3,5.676419
-0.75,1,5.679288
-0.75,1,5.682134
-0.25,2,5.688359
0.25,3,5.697356
-0.25,2,5.703362
-0.75,1,5.708481
0.25,3,5.718468
-0.75,1,5.721564
-0.25,2,5.726922
-2.25,4,5.737321
0.75,1,5.740044
5.25,10,5.765125
-0.25,2,5.770435
0.75,4,5.780743
-0.25,2,5.785748
-0.75,1,5.788674
-0.75,1,5.79138
0.75,1,5.794408
0.25,3,5.80251
-0.25,2,5.808371
-0.75,1,5.811256
-0.25,2,5.816715
-0.75,1,5.819317
-0.75,1,5.82222
-1.25,3,5.829987
0.75,1,5.83286
0.25,3,5.840569
-0.25,2,5.845908
-0.75,1,5.848726
0.25,3,5.856557
-0.75,1,5.859503
-2.25,4,6.161429
-0.25,2,6.166483
-0.25,2,6.171231
0.75,4,6.180784
0.75,1,6.183194
-0.75,1,6.185755
-0.75,1,6.188268
-2.25,4,6.197321
-0.25,2,6.202351
0.75,4,6.2122
0.75,1,6.214919
0.25,6,6.229092
0.25,3,6.236397
0.25,3,6.24455
1.25,5,6.258117
-1.25,6,6.272523
-0.25,2,6.2777
-0.25,2,6.282901
-0.75,1,6.285733
0.75,1,6.288432
-0.25,2,6.293475
-0.25,2,6.298569
-0.25,2,6.303771
-0.25,2,6.308681
-4.25,6,6.322604
-0.75,4,6.332192
5.25,13,6.36397
-1.25,3,6.371989
0.75,4,6.381927
-0.25,2,6.387132
1.25,5,6.398945
0.25,3,6.4059
1.25,8,6.424155
-0.25,2,6.428986
-0.25,2,6.433638
-0.75,1,6.436143
-0.25,2,6.440864
-0.25,2,6.445439
-1.25,1,6.447964
-0.75,1,6.450439
1.25,5,6.462259
0.75,1,6.464973
0.75,1,6.467914
4.75,8,6.489444
-1.25,3,6.497086
-0.25,2,6.502728
1.75,6,6.518858
-0.25,2,6.523999
1.75,3,6.531694
0.75,1,6.534426
0.75,1,6.537288
0.75,4,6.547035
0.75,1,6.549656
-1.25,3,6.557191
-0.25,2,6.562293
-0.25,2,6.567556
-0.25,2,6.572937
3.75,7,6.591594
1.75,3,6.599315
-0.75,1,6.602233
2.75,8,6.621953
0.75,1,6.624651
0.25,3,6.632045
0.25,3,6.639752
1.75,6,6.654207
-0.25,2,6.658953
-1.25,3,6.667662
-0.75,1,6.670551
-0.75,1,6.673607
-0.25,2,6.679174
0.75,4,6.689133
-0.25,2,6.694418
-1.75,5,6.707536
-0.25,2,6.712474
2.75,8,6.732064
-0.25,2,6.736745
-0.25,2,6.741595
0.75,1,6.744243
-0.25,2,6.749255
-0.25,2,6.75423
-0.75,1,6.757027
3.75,6,6.771589
0.75,1,6.774229
0.75,1,6.776967
1.25,5,6.789001
0.75,1,6.791398
3.25,9,6.8141
-0.75,1,6.816923
-0.75,1,6.819768
2.25,7,6.836441
0.75,1,6.839071
-0.25,2,6.843716
7.25,17,6.882585
-0.75,1,6.885382
-0.25,2,6.890522
-0.75,1,6.892982
0.25,3,6.900193
-0.25,2,6.904919
-0.25,2,6.909602
0.75,7,6.92734
-0.25,2,6.932476
1.25,5,6.944601
-0.75,1,6.947152
0.25,3,6.9544
2.25,7,6.970838
-0.75,1,6.973371
3.75,7,6.989417
0.25,3,6.996397
0.25,3,7.003229
0.25,3,7.011073
1.75,6,7.025743
-0.75,1,7.028435
-0.75,1,7.030974
-0.25,2,7.036829
0.25,3,7.046885
-0.25,2,7.052963
-0.75,1,7.055957
-0.75,1,7.059065
-0.25,2,7.064819
-0.75,1,7.068062
0.75,1,7.07127
0.75,1,7.074908
-0.75,1,7.078507
2.75,5,7.091556
0.25,9,7.115068
0.25,3,7.123502
-2.75,12,7.155138
0.25,3,7.162777
0.25,3,7.170421
-0.25,2,7.175457
0.75,1,7.178265
0.75,1,7.180897
0.75,4,7.190702
-0.75,1,7.193467
-0.75,1,7.196272
1.25,5,7.208841
1.25,5,7.220954
0.25,3,7.228159
-0.25,2,7.233187
-0.25,2,7.238038
-0.25,2,7.243016
-0.75,1,7.24556
0.25,3,7.253112
-0.25,2,7.259086
1.25,5,7.272283
1.75,3,7.280124
-0.75,10,7.304308
-2.75,3,7.312048
1.25,5,7.32478
-0.75,1,7.327688
-0.75,1,7.33059
1.25,5,7.342981
-0.25,5,7.355605
2.75,6,7.37174
-0.25,2,7.377218
-0.75,1,7.380014
1.75,6,7.395138
-0.25,2,7.400436
-0.25,2,7.405555
-0.75,1,7.408376
-0.25,2,7.413572
-0.75,1,7.416322
-0.25,2,7.421833
-0.75,1,7.424569
0.75,1,7.427265
-0.75,1,7.42997
1.25,5,7.442552
-1.25,1,7.445319
0.25,3,7.452574
-0.75,1,7.455181
0.75,1,7.772314
1.25,5,7.785814
1.25,5,7.800176
-0.25,2,7.806361
-0.25,2,7.813821
-2.25,4,7.826027
-3.25,5,7.840456
2.75,6,7.857728
-1.25,6,7.873671
-0.75,1,7.876487
-0.25,2,7.881577
0.75,1,7.884355
0.25,3,7.891933
-0.25,5,7.904179
0.75,1,7.90704
1.75,6,7.922777
0.75,1,7.925652
0.75,1,7.928648
-0.25,2,7.934739
1.25,5,7.947885
0.25,3,7.955481
-0.75,4,7.96516
-2.25,4,7.975274
0.25,3,7.983039
-2.75,3,7.990419
1.25,5,8.002701
-1.25,3,8.010524
-0.25,2,8.015656
-0.25,2,8.020888
1.75,6,8.036135
-0.25,2,8.041175
-0.25,2,8.046953
-0.75,1,8.050073
0.75,4,8.060175
0.75,1,8.062959
-0.75,1,8.065642
3.75,10,8.090878
2.75,8,8.111123
-0.25,2,8.116328
0.25,3,8.123907
0.25,3,8.131687
-2.25,4,8.142201
3.75,10,8.168724
-2.25,4,8.178691
-0.75,1,8.181429
-0.25,2,8.186666
0.75,4,8.19654
-1.25,1,8.199318
0.75,1,8.202016
-2.25,4,8.212521
0.25,3,8.219862
0.75,4,8.229455
-0.25,2,8.234681
0.75,4,8.24404
0.75,1,8.246644
-2.25,4,8.256773
-0.75,1,8.259705
-0.25,2,8.265434
1.75,4,8.275474
0.75,1,8.277977
5.75,10,8.302354
-0.25,2,8.307521
1.75,6,8.322248
0.75,7,8.340351
1.25,5,8.352665
0.75,1,8.35525
-0.25,2,8.360267
-4.25,9,8.383713
-0.25,2,8.38894
-0.75,1,8.391713
-0.25,2,8.396734
-0.25,2,8.401836
-0.75,1,8.404589
-4.25,6,8.419574
-0.75,1,8.42218
-0.75,10,8.446207
-0.75,1,8.448866
0.25,3,8.456096
0.75,1,8.458872
-0.75,1,8.46139
2.75,8,8.48149
-3.25,5,8.496684
0.75,4,8.509523
-0.25,5,8.524019
-3.75,10,8.551483
-0.25,2,8.556477
-0.75,1,8.559148
1.25,5,8.571592
-0.75,4,8.581592
-0.75,1,8.584359
-3.25,5,8.598788
-1.75,5,8.612692
2.75,8,8.634026
-3.25,5,8.646498
-0.75,4,8.656417
0.25,3,8.664246
-0.75,1,8.666876
-0.25,2,8.671986
3.25,6,8.687045
0.25,3,8.694637
-0.75,1,8.697582
2.25,7,8.715705
-0.25,5,8.727978
-0.75,1,8.730672
-0.75,1,8.733374
0.25,3,8.741047
-0.75,1,8.743709
-0.25,2,8.748833
0.75,4,8.75874
-5.25,7,8.775346
-0.25,2,8.780712
-0.25,2,8.785973
1.75,6,8.800775
-0.25,2,8.806681
0.25,3,8.814847
-0.25,2,8.820663
2.25,7,8.837833
0.75,1,8.840576
-0.25,5,8.85339
1.75,3,8.860894
0.75,1,8.863684
0.75,1,8.866468
2.75,5,8.878682
1.25,8,8.896522
0.75,1,8.899061
0.25,3,8.906122
0.25,3,8.913107
-0.25,2,8.918559
0.75,1,8.921825
0.75,1,8.924713
0.75,4,8.935316
0.75,4,8.945285
0.75,4,8.955583
0.75,4,8.96578
0.75,1,8.96836
1.75,3,8.976094
-0.75,1,8.978807
-0.25,2,8.983975
-0.25,2,8.98924
0.25,3,8.996948
-0.75,10,9.020196
0.25,3,9.02784
8.75,20,9.079422
-0.25,2,9.08516
-1.25,3,9.093231
-0.75,1,9.096035
-0.75,1,9.099051
5.25,16,9.431066
-0.25,2,9.436231
0.75,4,9.446381
-1.25,3,9.453612
1.25,5,9.465245
-0.75,1,9.467827
-0.75,4,9.478062
1.25,5,9.490523
0.25,3,9.498143
0.75,1,9.500754
0.25,3,9.508131
-0.25,2,9.513086
-0.75,1,9.515572
-0.25,2,9.520702
-0.75,1,9.523214
-3.25,11,9.553114
-0.75,1,9.556458
-0.75,1,9.559386
-0.75,1,9.562196
-0.75,4,9.572433
1.75,6,9.587716
1.25,5,9.600353
-0.75,1,9.603388
-0.25,2,9.608802
0.75,1,9.611655
-0.25,2,9.616891
-3.25,5,9.629265
-0.25,2,9.634568
-1.75,2,9.639772
-0.75,1,9.642529
-0.25,2,9.647887
-0.25,2,9.653311
-0.25,2,9.659271
2.75,8,9.6789
-0.75,1,9.681427
0.75,4,9.691113
2.25,7,9.7086
10.75,24,9.768228
3.25,9,9.790008
-0.25,2,9.795104
0.75,1,9.797932
0.75,1,9.800636
-1.25,3,9.808206
-0.25,2,9.813171
0.75,1,9.816113
0.25,3,9.823932
-1.25,3,9.832394
-0.75,1,9.83525
0.75,3,9.84256
2.25,7,9.859781
0.75,4,9.86984
-0.25,2,9.875035
0.75,1,9.877775
-0.25,2,9.88276
-0.25,2,9.887736
-1.25,3,9.895099
-0.25,2,9.900336
-0.75,1,9.902932
-0.75,1,9.90554
-0.75,1,9.90802
2.25,7,9.925159
3.75,10,9.950151
-0.75,1,9.953036
-0.25,2,9.958211
3.75,10,9.982647
-2.25,4,9.992661
0.25,6,10.006813
1.25,5,10.019055
0.75,4,10.028708
-0.75,1,10.031196
0.75,4,10.041357
0.75,1,10.043999
-1.25,3,10.051577
3.25,9,10.073242
1.25,5,10.086533
-0.25,2,10.091911
-0.75,1,10.094739
0.25,3,10.102204
2.75,8,10.121736
-0.25,2,10.126854
-2.25,4,10.136753
-0.75,1,10.139511
2.25,7,10.15836
-0.25,2,10.163507
-2.25,4,10.174924
-0.75,1,10.177744
1.75,6,10.191931
0.25,3,10.199701
0.25,3,10.207109
-0.75,1,10.209655
-0.75,1,10.21212
0.75,4,10.222086
0.75,1,10.224658
0.25,3,10.232059
1.75,12,10.260785
-1.25,3,10.268268
-0.75,1,10.27103
1.75,6,10.285337
0.25,9,10.307649
-0.25,2,10.312267
-0.25,2,10.316975
-0.25,2,10.322057
-0.25,2,10.327171
0.75,4,10.337185
-0.75,1,10.339762
-0.25,2,10.344918
-0.25,2,10.349643
-0.25,2,10.354265
-0.75,1,10.356977
-0.75,1,10.359438
-2.75,3,10.366389
-0.75,1,10.369184
-0.25,2,10.374117
1.75,6,10.388534
-10.75,11,10.41602
-0.75,1,10.418751
-0.75,1,10.421704
-0.25,2,10.426928
1.25,5,10.439761
-0.75,1,10.442349
1.75,6,10.457989
0.75,1,10.460811
-0.25,2,10.466163
-0.25,3,10.474543
2.75,8,10.494303
-0.25,3,10.502062
0.25,3,10.51028
-0.75,1,10.513796
-0.25,2,10.520402
-0.75,1,10.524073
0.75,1,10.52757
-0.25,5,10.540574
1.25,5,10.552843
1.75,3,10.560316
-0.25,2,10.565375
-0.75,1,10.567955
1.25,3,10.575552
-0.75,1,10.578259
-0.25,2,10.582781
0.75,4,10.592136
0.75,1,10.594999
0.75,4,10.604161
1.75,6,10.620061
-4.25,6,10.636341
-7.25,9,10.657919
-4.25,9,10.681642
3.25,9,11.082094
2.25,4,11.093179
0.25,3,11.100964
-9.25,11,11.128613
-0.75,1,11.131421
0.25,3,11.139144
1.25,5,11.151634
-0.25,2,11.156613
-0.25,2,11.161497
3.75,10,11.186762
-1.75,5,11.199317
-0.25,2,11.204562
-0.75,1,11.207433
4.25,8,11.226759
-0.25,2,11.231705
-0.25,2,11.236952
2.75,8,11.256771
-3.25,8,11.276484
-0.25,5,11.28904
-1.25,6,11.304227
0.25,3,11.311753
-2.25,4,11.322094
1.25,5,11.334678
-0.25,2,11.340162
-0.75,1,11.34278
0.25,3,11.350806
-0.75,1,11.35353
-0.25,2,11.358831
0.75,1,11.361665
0.25,3,11.369711
4.75,12,11.400473
-0.75,1,11.403343
-0.75,1,11.406708
3.75,10,11.431613
-0.75,1,11.434326
2.25,7,11.451439
-0.25,2,11.456399
-0.75,1,11.459128
0.75,4,11.46982
-0.75,1,11.472979
0.25,9,11.497018
-0.25,2,11.50365
0.75,4,11.515348
1.25,5,11.52924
-7.25,12,11.558919
0.75,1,11.561598
-2.25,4,11.571495
0.25,6,11.586515
0.75,4,11.59637
-0.75,1,11.599065
0.25,3,11.606809
0.75,4,11.617111
-0.75,1,11.619871
7.25,17,11.662167
-0.75,1,11.665051
-0.25,2,11.670263
-4.25,6,11.685599
-0.75,1,11.688267
-0.75,1,11.691028
-2.75,3,11.698797
0.25,3,11.706399
1.75,6,11.722329
-1.25,3,11.732174
3.25,12,11.763479
2.25,7,11.781088
-1.25,6,11.796306
0.75,4,11.8064
1.25,5,11.818707
3.25,9,11.841636
-0.25,2,11.847597
-1.25,3,11.855429
-0.25,2,11.860527
-0.75,1,11.863242
0.75,4,11.873656
-1.25,1,11.876442
2.25,7,11.893571
-0.75,1,11.896294
0.25,3,11.903878
-0.25,2,11.908965
-0.25,2,11.914036
-4.25,6,11.928334
-0.75,7,11.945862
-2.25,4,11.957272
-0.75,1,11.96051
-3.25,5,11.976802
1.25,8,12.000585
-0.75,1,12.004101
-0.25,2,12.01016
-0.25,2,12.015908
1.25,5,12.029611
0.25,3,12.037829
-5.75,15,12.081889
0.75,4,12.09339
3.25,9,12.118005
-0.75,1,12.120731
-1.25,3,12.128493
6.25,15,12.166653
-0.25,2,12.172033
-0.75,1,12.174801
0.25,3,12.183582
0.75,7,12.20436
2.25,7,12.222712
0.25,3,12.230912
-0.75,1,12.234303
-0.75,7,12.253944
1.75,3,12.262433
1.75,6,12.27964
-0.25,2,12.285655
-0.75,1,12.288924
0.75,4,12.299666
-0.75,1,12.302822
-0.75,1,12.306266
0.75,1,12.309495
0.75,4,12.320065
2.25,7,12.338648
0.25,3,12.346372
0.75,4,12.356954
-0.25,2,12.362185
-0.25,2,12.36726
3.25,6,12.383344
-0.75,1,12.386399
0.75,4,12.397019
-0.75,1,12.400247
-0.75,1,12.403152
-0.25,2,12.409077
-0.75,1,12.412799
-0.25,2,12.418363
-0.75,1,12.421328
-0.75,1,12.424253
-0.75,1,12.820303
-0.75,1,12.823204
1.25,5,12.835375
1.75,3,12.842789
0.75,1,12.845414
-0.75,1,12.848183
-0.75,1,12.850992
0.25,3,12.85887
-0.25,2,12.866165
0.75,1,12.868926
-0.75,1,12.871737
-0.75,1,12.874376
-0.75,1,12.877041
-0.25,2,12.882024
0.25,3,12.889333
2.75,8,12.909048
-4.25,6,12.92394
-0.75,1,12.926701
-0.75,1,12.929538
3.75,10,12.954422
1.25,5,12.968395
2.25,7,12.985844
-0.25,2,12.990976
0.75,1,12.993812
-0.75,1,12.996686
-0.25,2,13.001567
0.25,3,13.008861
-0.75,1,13.011724
0.25,3,13.019346
-0.75,1,13.021838
0.75,1,13.024567
4.75,12,13.054007
3.25,9,13.077264
-0.75,1,13.080172
0.25,3,13.087718
3.25,12,13.118381
1.75,6,13.133154
0.75,4,13.143062
1.25,5,13.155443
0.75,1,13.158218
1.25,5,13.170614
0.75,3,13.178401
1.25,8,13.199453
-0.75,1,13.20227
-0.75,1,13.204879
-1.25,3,13.212161
-1.25,3,13.2196
-0.25,2,13.224704
1.75,3,13.232103
2.25,7,13.249564
-0.25,2,13.254884
1.25,5,13.267192
0.75,1,13.269836
0.75,1,13.272469
1.25,5,13.28471
0.75,4,13.295197
-1.25,1,13.297976
6.25,15,13.334544
6.75,16,13.373336
-0.75,1,13.37613
-3.25,5,13.38958
-0.25,2,13.395396
-0.75,10,13.422002
0.75,1,13.424893
-0.25,2,13.430215
3.25,9,13.452089
3.75,13,13.483946
0.75,1,13.486826
-0.75,1,13.489495
1.75,6,13.504779
5.25,13,13.538616
1.25,5,13.551438
-0.25,2,13.556446
1.25,5,13.569715
-0.75,4,13.579515
-0.25,2,13.584549
-0.25,2,13.589459
-0.25,2,13.59438
0.25,3,13.601724
0.25,3,13.609121
-0.25,2,13.613987
1.75,3,13.621501
0.25,3,13.629214
-2.75,3,13.637576
3.25,9,13.660349
-0.75,1,13.663058
5.75,14,13.698454
3.25,9,13.721832
0.25,3,13.729681
-0.75,1,13.733927
-0.25,2,13.739459
0.75,1,13.742437
-0.75,1,13.745284
-0.25,2,13.750965
0.25,3,13.759232
-0.75,1,13.761854
-0.75,1,13.76467
0.75,1,13.767583
-0.25,2,13.772997
2.25,7,13.791541
-0.75,1,13.7944
-0.75,1,13.797607
0.75,4,13.809109
1.25,5,13.822301
-0.25,2,13.82756
-0.25,2,13.832744
0.75,1,13.835457
1.75,6,13.850865
0.75,4,13.862098
1.75,3,13.869829
-0.25,2,13.874832
-0.25,2,13.87993
0.25,3,13.888238
-0.75,1,13.891006
0.25,3,13.89877
2.25,7,13.915946
1.25,5,13.928995
-0.25,2,13.934109
-0.25,2,13.939355
2.25,7,13.956854
-0.25,2,13.962339
-2.25,4,13.973811
2.75,8,13.993988
1.25,5,14.006274
0.25,3,14.014012
1.25,11,14.040195
0.75,1,14.042921
4.25,17,14.086735
0.75,4,14.097876
-0.25,2,14.103261
-0.75,1,14.105998
1.75,3,14.113728
-2.75,3,14.121674
-0.75,1,14.124644
0.75,1,14.127485
3.75,7,14.462949
-1.25,3,14.470339
-1.25,3,14.478139
4.25,11,14.504673
1.25,5,14.516494
-0.25,2,14.521803
0.75,4,14.533131
5.25,13,14.566133
4.75,12,14.595173
6.75,16,14.633694
-0.25,2,14.638974
6.75,16,14.676871
-2.25,4,14.687355
0.75,4,14.697783
-0.25,2,14.704185
-2.25,4,14.715314
-0.25,2,14.721108
-0.25,2,14.726745
0.75,4,14.736844
-0.25,2,14.74216
0.75,1,14.744867
0.75,4,14.756073
0.25,9,14.77996
-0.75,4,14.790051
-0.25,2,14.795233
-0.75,1,14.797903
-1.25,3,14.805666
0.75,1,14.808415
1.25,5,14.821657
-7.25,9,14.845246
-0.25,2,14.850502
0.25,3,14.858073
-3.25,5,14.872234
-0.25,2,14.878201
-1.25,6,14.893534
2.25,7,14.910922
0.75,4,14.920792
0.75,1,14.923643
-0.75,1,14.926641
-0.25,5,14.939566
0.75,1,14.942543
0.75,1,14.945433
0.25,3,14.953583
2.25,10,14.984112
-0.25,2,14.989934
5.75,14,15.031546
-1.75,2,15.036785
-0.75,1,15.039501
0.75,1,15.04242
6.75,16,15.08441
-2.25,4,15.095015
-0.25,2,15.100402
-0.25,3,15.108296
1.25,5,15.120993
1.25,5,15.1336
-0.75,1,15.13646
-0.75,1,15.139243
-4.25,6,15.154096
0.75,1,15.15687
0.25,3,15.164298
-0.75,1,15.167111
0.75,1,15.169821
0.25,6,15.185045
-0.75,1,15.187834
-0.25,2,15.192993
3.25,6,15.207972
0.75,1,15.211437
-0.25,2,15.216991
-0.75,4,15.226945
5.25,13,15.25801
1.25,5,15.270145
0.25,3,15.277593
-0.75,1,15.280446
-0.25,3,15.287854
1.25,8,15.307773
0.75,1,15.310909
-0.75,1,15.314035
-0.75,1,15.317576
1.25,5,15.330751
-1.25,6,15.346004
1.25,5,15.358282
-0.25,2,15.363639
-3.25,5,15.376148
-0.25,2,15.381316
-0.75,1,15.384058
0.75,1,15.386706
-7.75,8,15.405442
-0.75,1,15.407969
1.25,5,15.420866
-1.25,3,15.429788
-0.25,2,15.435733
0.75,4,15.446864
1.25,5,15.459934
-0.25,2,15.465061
-0.25,2,15.470176
0.25,3,15.477806
0.25,3,15.485602
-0.75,1,15.488433
0.25,6,15.50353
-0.75,1,15.50637
3.25,9,15.528434
-0.25,2,15.533397
-1.25,6,15.550559
2.25,7,15.569932
0.75,1,15.572758
1.75,6,15.588365
-0.75,1,15.59111
2.75,8,15.610585
0.25,3,15.618016
0.75,1,15.62083
0.25,3,15.629593
-0.25,2,15.635014
1.75,6,15.649812
0.25,3,15.657162
-0.25,2,15.662188
-0.25,2,15.667435
0.25,3,15.674696
-0.25,2,15.679633
0.75,1,15.682182
-0.75,1,15.684726
-0.75,1,15.687499
-4.75,17,15.730282
-0.25,8,15.750681
0.75,1,15.753469
-0.25,2,15.758713
0.25,3,15.766926
2.25,10,16.112294
3.75,10,16.141399
1.25,5,16.154169
-0.75,1,16.157283
-1.75,8,16.178907
0.75,1,16.182132
-0.25,2,16.187812
0.75,1,16.190715
0.25,3,16.199408
4.25,11,16.232914
0.25,3,16.24159
0.75,1,16.244709
-0.25,2,16.250383
1.25,5,16.263278
0.75,1,16.266245
0.25,3,16.27543
-0.25,2,16.282053
-0.75,1,16.284902
-1.25,3,16.292526
-0.75,1,16.29558
2.75,6,16.311091
1.25,5,16.324287
-0.75,1,16.327228
0.25,3,16.334863
0.25,3,16.343204
1.25,5,16.355864
-0.75,1,16.358894
-0.75,1,16.361713
-3.25,5,16.374607
-4.25,6,16.389341
1.25,8,16.407841
-2.25,7,16.425464
3.75,10,16.451661
-0.25,2,16.456886
0.75,1,16.459716
2.25,7,16.477343
-0.75,4,16.48777
-0.25,2,16.493107
2.75,11,16.522961
0.75,4,16.534333
1.75,6,16.55049
15.75,34,16.635832
1.25,5,16.64813
2.75,6,16.662849
-0.75,1,16.66571
0.75,1,16.668505
-1.25,3,16.676541
0.75,3,16.684009
-0.25,2,16.689352
-0.25,2,16.694633
1.25,5,16.706365
-0.25,2,16.711253
0.75,1,16.713718
1.75,6,16.728506
0.75,7,16.746519
-0.75,1,16.749369
-0.25,2,16.755044
1.25,5,16.769329
0.75,1,16.77364
0.25,3,16.784051
0.25,6,16.802123
2.75,8,16.824798
0.25,3,16.834342
-0.75,1,16.838317
3.75,7,16.85964
0.25,6,16.874947
5.25,13,16.909523
1.25,5,16.9233
0.25,3,16.931686
0.75,4,16.942051
0.75,4,16.952348
7.25,17,16.993456
1.25,5,17.006744
-0.75,4,17.017529
0.25,12,17.048211
-0.75,1,17.051082
1.25,5,17.063883
-0.75,1,17.066666
-1.25,1,17.069443
9.25,21,17.133709
2.25,7,17.151717
0.75,4,17.162201
-0.75,1,17.16509
3.25,9,17.188039
0.25,3,17.195731
-1.25,1,17.198534
-3.25,5,17.212124
-0.25,3,17.219868
0.25,3,17.228003
2.25,4,17.240011
0.25,3,17.248173
-0.75,1,17.251007
-0.25,2,17.256548
-1.25,1,17.259357
-0.75,1,17.262175
3.75,7,17.280071
-0.75,1,17.282884
1.75,4,17.292725
-0.25,2,17.297887
-0.75,1,17.300922
0.75,1,17.303713
-0.75,1,17.306546
-0.75,1,17.309468
9.75,22,17.365087
-0.75,1,17.367969
-0.25,2,17.373365
1.25,5,17.3865
2.25,4,17.396957
-1.25,1,17.399869
-0.75,1,17.402748
0.75,4,17.413207
0.75,4,17.423601
-1.25,1,17.426679
-0.25,2,17.432878
-0.25,2,17.438688
-0.25,2,17.444828
-0.25,2,17.450831
0.25,3,17.45886
0.75,4,17.469647
12.75,28,17.85601
-0.25,2,17.861643
-0.75,1,17.864516
1.25,5,17.87671
12.75,28,17.947355
0.25,3,17.95638
0.75,4,17.966921
-0.25,2,17.972282
2.75,10,17.99749
0.75,1,18.000568
-0.75,1,18.003375
-0.25,2,18.009497
0.75,4,18.020584
-1.25,3,18.02835
1.75,3,18.036202
4.25,8,18.057257
-2.25,4,18.068763
0.25,3,18.077425
1.75,3,18.087362
-0.75,1,18.090063
-1.25,1,18.09284
-0.25,2,18.097863
0.75,4,18.108181
1.75,9,18.131637
-0.75,1,18.134156
3.75,7,18.151298
3.75,10,18.176137
-0.25,2,18.181439
-0.75,1,18.18399
2.75,8,18.206048
-0.25,2,18.211053
-0.25,2,18.215977
3.25,9,18.238194
-0.25,2,18.243263
-0.25,2,18.248564
-0.75,1,18.251379
1.25,8,18.270836
2.25,7,18.288049
-0.75,1,18.290727
1.75,9,18.31286
2.25,7,18.330135
-0.25,2,18.335522
-7.75,17,18.380693
0.75,4,18.390535
0.75,1,18.393235
0.75,4,18.403264
-0.25,2,18.408468
-2.75,18,18.452863
2.25,7,18.471328
-10.25,12,18.500993
1.75,6,18.516057
5.25,13,18.548983
0.75,4,18.559352
-0.25,8,18.581021
7.75,21,18.633688
-0.25,2,18.638951
1.25,5,18.651818
-7.25,9,18.677613
3.75,10,18.704098
0.75,4,18.714344
-3.25,5,18.72705
-0.75,1,18.729877
-2.25,4,18.741532
-2.75,3,18.752722
-0.25,2,18.758541
0.75,1,18.761481
-0.25,8,18.783139
1.75,6,18.807918
-0.25,2,18.813291
-0.25,2,18.81867
-0.75,1,18.821429
-0.75,1,18.824028
0.25,3,18.831729
-0.25,8,18.85166
-0.75,1,18.854402
3.75,16,18.894974
-0.25,2,18.900406
0.75,4,18.911409
3.75,16,18.951591
0.75,4,18.962058
0.75,10,18.986777
0.75,4,18.997243
-0.75,1,19.000116
0.25,3,19.008181
-0.75,1,19.011066
-0.75,1,19.014189
-7.25,15,19.055688
-1.25,3,19.063785
4.75,15,19.103369
3.75,10,19.130851
0.25,3,19.45625
2.25,7,19.475481
-1.25,3,19.483298
-0.25,2,19.488551
-0.75,1,19.491188
-0.75,1,19.493999
-0.75,1,19.496843
-0.75,1,19.499613
0.25,3,19.507419
0.25,3,19.51533
-1.25,3,19.522891
0.75,1,19.525607
0.75,1,19.528563
-0.75,1,19.531444
-0.75,1,19.534157
-0.25,2,19.539377
-1.25,3,19.547052
0.75,4,19.557567
-0.25,2,19.562985
-0.25,2,19.568033
-0.75,1,19.570915
-0.75,1,19.574045
-0.75,1,19.577145
-1.25,3,19.585056
-0.75,1,19.58803
1.75,9,19.611042
0.25,9,19.63373
0.25,3,19.641153
-0.75,1,19.643834
1.25,5,19.656431
0.25,3,19.664121
-0.75,1,19.666867
-2.75,3,19.674898
2.75,8,19.69635
-0.25,8,19.715865
0.25,9,19.738165
1.75,6,19.753567
-0.75,1,19.756479
2.25,7,19.774713
-0.25,2,19.780277
2.25,7,19.799208
-0.75,1,19.802092
-0.75,1,19.804724
-0.75,1,19.80729
-0.25,2,19.812318
5.25,13,19.842787
5.75,20,19.892203
1.75,6,19.907145
0.75,1,19.910101
1.75,6,19.926113
12.0,24,19.982845
0.75,4,19.992752
2.75,11,20.043047
2.25,7,20.069661
2.25,7,20.091847
-0.75,1,20.094341
-0.75,1,20.096985
1.75,3,20.104539
-0.25,2,20.110365
-4.25,6,20.129655
0.75,4,20.141307
0.75,4,20.151537
-0.25,2,20.15695
0.75,1,20.159962
-0.25,2,20.165213
-0.25,2,20.170595
-0.75,1,20.173435
-0.75,1,20.176266
1.75,6,20.191579
0.25,3,20.199394
0.75,4,20.209793
-0.25,2,20.214916
1.25,5,20.227608
-1.25,3,20.235512
3.25,9,20.25753
-8.75,9,20.279259
0.25,6,20.294735
-6.75,13,20.326756
-1.75,2,20.33201
-0.25,2,20.337128
-0.75,4,20.347328
-1.75,2,20.352659
3.25,9,20.375654
1.75,5,20.388791
2.75,8,20.408889
2.75,8,20.430551
0.25,3,20.439585
1.25,8,20.463774
-0.75,1,20.467345
0.75,1,20.4713
-0.25,2,20.479079
-0.75,1,20.482905
1.75,3,20.496993
-0.75,1,20.500314
0.75,1,20.503772
0.75,1,20.506828
0.75,1,20.509904
0.25,3,20.51899
7.75,24,20.582345
-0.75,1,20.586244
8.25,19,20.69205
5.75,14,20.737074
0.25,3,20.747546
-0.25,2,20.753815
1.75,6,20.769882
0.25,3,20.778154
2.25,7,20.798814
-0.25,2,20.805374
-7.75,14,20.842848
-0.25,2,20.848256
2.75,8,20.871225
-0.25,5,20.88436
-0.25,2,20.889869
-0.25,2,20.89561
-0.75,1,20.898677
-0.25,2,20.904716
-0.75,1,20.908381
6.25,11,21.260504
-1.75,2,21.265801
1.25,5,21.278384
-0.75,1,21.281282
-0.75,1,21.284059
0.25,3,21.29163
0.25,3,21.299252
2.25,4,21.308997
-0.75,1,21.311781
-1.75,2,21.316738
-1.25,6,21.331764
-0.75,1,21.334382
12.25,27,21.395567
-6.25,8,21.414273
0.25,3,21.421821
-0.75,1,21.424649
-0.25,2,21.42995
1.25,5,21.441422
4.75,12,21.468353
-1.25,1,21.471049
0.25,3,21.478169
0.75,7,21.494364
-0.25,2,21.499145
1.75,6,21.51432
2.75,8,21.535095
1.25,5,21.547563
-1.25,3,21.555186
-2.25,4,21.56622
0.75,1,21.568987
-0.75,1,21.571811
-0.25,2,21.577198
2.25,4,21.587271
-0.75,1,21.590157
-0.25,2,21.595223
1.25,5,21.607754
-0.75,1,21.610373
0.25,3,21.617574
-1.25,3,21.62443
0.25,3,21.631322
-0.25,2,21.635954
-0.25,2,21.64055
-0.75,1,21.643216
-0.25,2,21.647908
-0.25,2,21.652608
0.75,1,21.655079
-1.25,3,21.662335
-0.25,2,21.667184
-0.25,3,21.674262
3.25,6,21.687826
1.75,4,21.69711
3.25,6,21.710907
16.25,35,21.791064
0.75,4,21.800742
0.75,4,21.810123
-1.75,11,21.834572
-1.25,3,21.842798
-0.75,1,21.845493
2.75,8,21.864435
0.25,3,21.871307
0.75,1,21.873964
1.25,4,21.883864
0.25,3,21.891645
-0.25,2,21.896696
0.25,3,21.903692
0.75,1,21.906761
1.75,6,21.921671
1.75,6,21.93617
0.25,6,21.950135
0.25,3,21.956977
0.75,1,21.959489
9.25,21,22.008254
1.25,5,22.020046
5.75,14,22.056918
0.25,3,22.064407
3.75,7,22.082093
-2.25,4,22.09243
2.25,7,22.10917
0.75,1,22.111932
-0.25,2,22.117044
2.25,7,22.133385
-0.75,1,22.136047
1.75,3,22.143208
-0.25,2,22.148441
-0.25,2,22.153367
3.75,10,22.177014
-0.25,2,22.181819
2.25,7,22.198045
-0.25,2,22.202994
-1.25,6,22.217324
0.25,3,22.224711
1.25,5,22.237871
1.75,3,22.245194
2.25,7,22.261906
-0.25,2,22.26699
-0.75,1,22.269823
-0.25,5,22.281859
0.75,4,22.291471
-4.25,6,22.305663
15.25,33,22.384581
-0.75,1,22.387429
0.25,3,22.394975
2.25,4,22.404687
0.75,4,22.415554
-0.75,1,22.418595
-0.25,2,22.424178
-2.25,4,22.434603
0.25,3,22.441985
-0.25,2,22.447207
3.25,9,22.471282
-0.75,1,22.474171
-0.75,1,22.477043
0.75,1,22.480069
3.75,10,22.810561
0.75,4,22.820866
5.75,32,22.902426
-1.25,3,22.909642
2.25,4,22.919348
-4.25,6,22.934365
-0.75,1,22.937106
-0.75,1,22.939826
-1.75,11,22.966778
0.75,1,22.96927
4.25,14,23.006592
-0.25,2,23.011885
1.25,8,23.031339
0.75,1,23.034323
1.25,5,23.04725
-0.25,2,23.052427
8.25,19,23.098905
-0.25,2,23.104303
0.25,3,23.113017
-9.75,10,23.137743
0.75,4,23.147955
0.75,7,23.164975
-0.75,1,23.167788
1.25,5,23.180359
4.75,8,23.199933
8.75,20,23.247286
2.75,8,23.266813
-8.25,10,23.291637
1.75,3,23.299213
-0.25,8,23.319233
0.75,1,23.322081
0.75,1,23.324796
-1.75,17,23.364922
0.75,37,23.45271
0.75,1,23.455502
-0.25,5,23.467406
0.75,4,23.477794
4.25,7,23.495831
1.75,6,23.512599
0.75,1,23.515317
0.75,4,23.52537
-0.75,1,23.528053
1.75,6,23.541682
0.25,3,23.549088
19.0,38,23.636401
0.75,4,23.645999
-2.25,4,23.655113
0.75,4,23.664389
9.75,25,23.725694
11.5,29,23.795665
0.75,4,23.806501
-0.25,2,23.81169
-8.75,18,23.856061
-0.25,2,23.861278
0.75,1,23.864017
1.25,5,23.87636
3.25,15,23.911061
-1.25,1,23.91383
0.75,4,23.924482
-2.75,3,23.932448
0.75,4,23.942593
-0.25,2,23.948962
-2.25,4,23.961403
1.25,8,23.981708
1.25,11,24.009798
0.75,4,24.020198
13.5,27,24.393393
-0.75,1,24.39628
-0.75,4,24.406366
0.25,3,24.413543
0.25,3,24.420615
0.75,1,24.423391
-0.25,2,24.428958
10.25,23,24.486814
0.25,3,24.494168
4.25,11,24.520705
-0.75,1,24.523433
-0.75,4,24.532661
0.25,3,24.539461
2.75,11,24.565612
-13.25,15,24.599272
14.75,32,24.67477
-1.25,3,24.682413
0.75,1,24.685204
0.25,3,24.693071
-0.75,1,24.696211
3.25,9,24.722835
-0.75,1,24.72745
-0.25,2,24.733744
0.75,4,24.743889
4.25,11,24.77064
-0.25,2,24.775647
2.75,8,24.794492
-5.75,15,24.830104
-0.25,2,24.835247
-0.75,1,24.837865
-0.75,1,24.840938
1.25,5,24.854167
-0.25,2,24.859561
5.25,10,24.885067
0.25,3,24.892731
0.75,1,24.895363
-0.75,1,24.897992
-0.25,2,24.903003
14.25,31,24.980499
3.25,6,24.995541
-0.25,2,25.000803
1.25,8,25.020082
0.75,1,25.022561
0.75,1,25.025139
3.25,6,25.039357
0.75,4,25.050071
-0.25,2,25.05524
7.25,17,25.096534
-0.75,1,25.099256
1.75,3,25.10678
-0.25,2,25.112654
0.25,3,25.120163
-0.25,23,25.175038
-0.75,1,25.177824
0.25,3,25.185615
0.75,4,25.195571
0.75,1,25.198423
0.75,1,25.201565
2.25,4,25.211401
-0.25,2,25.216554
-0.75,1,25.21924
-0.25,2,25.224284
0.25,3,25.232009
-0.75,1,25.234887
-0.25,2,25.240035
-0.75,1,25.242691
3.75,7,25.259526
-1.25,3,25.266669
7.75,18,25.308287
3.75,10,25.332749
1.75,3,25.340178
-0.75,1,25.342649
9.75,22,25.395509
10.75,24,25.455842
1.75,6,25.471489
3.25,6,25.486593
1.75,3,25.494842
1.75,6,25.509665
-3.25,5,25.522082
1.75,6,25.536906
-0.75,4,25.54808
0.75,1,25.551524
1.75,3,25.560599
-0.75,1,25.56349
-0.25,2,25.568809
0.75,1,25.571658
0.25,3,25.579374
1.25,5,25.591803
0.75,1,25.594745
-0.75,1,25.597514
0.75,1,25.600203
3.75,10,25.626387
2.25,7,25.958892
-0.75,1,25.961701
10.25,23,26.017735
0.25,3,26.025028
-0.25,2,26.030083
2.25,7,26.046908
6.25,11,26.073847
16.75,35,26.160739
-0.25,2,26.165251
-0.25,2,26.170185
-0.25,2,26.17543
-7.25,9,26.198404
2.25,7,26.21586
-0.75,4,26.226138
5.25,13,26.257881
-0.25,2,26.262969
0.25,3,26.270358
2.25,7,26.287037
1.75,3,26.295045
1.25,5,26.306943
-0.25,3,26.31446
-0.25,2,26.319581
-0.25,2,26.324838
0.75,1,26.327615
-0.25,2,26.332434
-0.75,1,26.334868
-0.25,2,26.339355
2.25,7,26.355339
-0.75,1,26.357749
0.25,3,26.36511
-1.25,12,26.39481
2.75,8,26.414644
1.75,9,26.436363
3.25,6,26.45164
-0.25,2,26.456798
-0.75,1,26.459329
2.25,7,26.476732
-0.25,2,26.481698
0.25,3,26.488832
1.75,3,26.496225
-0.75,1,26.499025
1.25,5,26.511853
1.25,5,26.524605
-0.75,1,26.527392
0.75,4,26.537823
9.25,21,26.589635
-2.75,3,26.597134
-0.25,2,26.602123
-0.25,2,26.607098
0.25,9,26.629156
13.25,29,26.697531
3.25,6,26.712674
-0.75,1,26.715322
-0.75,1,26.718048
1.25,8,26.738507
0.75,1,26.741387
1.75,3,26.749105
1.75,6,26.763813
0.75,4,26.773795
-3.75,13,26.804315
-0.25,2,26.809161
-1.25,1,26.811677
-0.75,1,26.814054
0.25,3,26.82128
8.75,20,26.878902
1.25,5,26.890899
0.75,4,26.901129
-0.75,1,26.903865
0.75,4,26.913644
3.75,10,26.939541
0.75,1,26.942349
-0.25,2,26.947325
-0.75,1,26.950011
-0.75,1,26.952561
4.25,11,26.979486
-1.75,2,26.984592
-0.75,1,26.987381
9.25,21,27.039051
0.75,1,27.041831
0.25,3,27.049368
0.25,3,27.056752
-0.25,2,27.06204
0.75,1,27.064848
-0.25,2,27.070063
0.75,4,27.079969
1.25,5,27.092965
5.25,10,27.11797
-3.25,8,27.138286
0.25,3,27.145883
-1.25,12,27.175416
0.75,1,27.178699
0.75,4,27.189748
0.25,9,27.21304
-0.75,7,27.231532
-1.25,3,27.561407
-0.75,1,27.564233
1.75,6,27.578909
0.75,1,27.581436
-0.25,2,27.586879
-0.75,1,27.589769
2.25,7,27.607465
3.75,10,27.632158
0.75,1,27.634873
0.75,1,27.637244
7.25,17,27.676486
-0.25,2,27.681327
0.75,4,27.69118
0.75,4,27.701256
-0.25,2,27.706593
1.75,3,27.714512
2.75,8,27.733783
-1.25,1,27.736154
-0.75,1,27.738542
0.25,3,27.745523
3.25,9,27.767412
19.75,42,27.881174
-0.25,2,27.887987
0.75,1,27.892134
3.25,6,27.908952
3.25,9,27.931821
0.75,1,27.934633
24.5,49,28.065822
-0.75,1,28.068558
0.25,3,28.076052
3.75,7,28.095847
0.75,1,28.099199
1.25,5,28.11503
0.25,3,28.1236
-0.75,1,28.12655
-0.25,2,28.131438
0.25,3,28.138743
-0.25,2,28.143861
0.25,3,28.151132
-0.25,2,28.1562
-0.75,1,28.158697
1.75,6,28.173714
0.25,3,28.180945
-0.25,2,28.186094
-0.75,1,28.188812
-0.25,2,28.19383
-4.25,6,28.209081
3.25,6,28.224349
0.25,3,28.231891
1.25,8,28.251549
0.75,1,28.254
0.25,6,28.267668
0.75,1,28.270142
1.25,5,28.282042
-1.25,3,28.289523
0.25,3,28.297545
3.75,10,28.322239
-0.75,1,28.324921
2.25,7,28.342151
1.25,5,28.353866
3.25,6,28.368276
-0.25,2,28.373546
0.25,9,28.395412
-1.25,1,28.398181
0.75,1,28.400739
1.25,5,28.412286
0.75,1,28.414738
-2.75,3,28.421916
6.25,15,28.458057
10.75,24,28.519229
-5.25,7,28.536298
-0.25,3,28.543708
0.75,4,28.553737
1.75,6,28.568864
-0.25,2,28.573729
0.75,1,28.57619
-0.75,1,28.578739
0.75,1,28.581205
1.75,3,28.588576
-1.25,3,28.595729
0.75,1,28.598614
0.75,1,28.601779
0.25,3,28.610488
1.25,5,28.625473
-0.75,1,28.628561
1.25,5,28.642046
-0.25,2,28.647305
1.25,11,28.675748
0.75,4,28.686142
12.5,28,28.766921
1.25,5,28.784127
-1.25,6,28.801614
1.75,6,28.817609
-0.25,2,28.823496
-0.25,2,28.828815
-0.25,11,28.856839
0.75,1,28.859665
-0.75,1,28.863073
-0.25,2,28.868612
-0.75,1,28.871464
22.0,47,29.3012
-0.25,2,29.306262
0.75,4,29.316535
19.0,38,29.404991
3.25,6,29.418813
0.25,3,29.426455
-0.25,2,29.431239
0.75,1,29.433808
0.75,1,29.436605
1.25,5,29.448789
-4.75,11,29.474895
12.75,28,29.541873
0.75,10,29.565394
1.25,5,29.576987
-0.25,2,29.581991
1.75,6,29.596196
-3.75,4,29.605752
0.75,4,29.615511
-0.25,2,29.620838
3.75,10,29.644143
-1.25,3,29.65118
0.25,3,29.65853
-0.25,2,29.663388
-0.25,5,29.676028
-0.75,1,29.678847
0.75,1,29.681518
-1.25,3,29.688801
-0.75,1,29.691366
0.25,3,29.69864
1.25,5,29.71161
0.75,1,29.714597
2.75,8,29.735663
0.75,1,29.738756
0.75,3,29.747107
3.75,10,29.772062
9.75,22,29.8244
-0.25,5,29.835834
1.75,6,29.850987
0.25,3,29.858182
-0.25,2,29.863385
0.75,13,29.893666
0.75,1,29.89632
30.25,63,30.043447
6.75,16,30.083869
6.75,16,30.124549
-0.75,1,30.127294
-0.75,1,30.130084
-0.75,1,30.132861
-0.25,2,30.138212
1.75,6,30.153852
4.25,11,30.18115
-0.75,1,30.183944
-0.75,1,30.186931
0.75,7,30.204068
2.25,10,30.228816
1.25,5,30.241407
0.25,3,30.24899
-2.25,4,30.25919
-0.75,1,30.261811
0.75,4,30.271197
0.75,1,30.273998
14.75,32,30.352585
12.0,24,30.412471
-0.25,2,30.417682
0.75,1,30.420471
-0.25,2,30.425947
-0.25,2,30.431679
4.25,8,30.451925
-1.25,9,30.794312
2.25,10,30.81894
-1.75,8,30.838133
3.25,6,30.853151
3.75,7,30.870853
0.75,1,30.873582
-0.25,2,30.879076
0.75,1,30.881835
8.25,19,30.92625
0.75,4,30.935589
-1.25,1,30.938128
1.75,6,30.952512
3.25,9,30.973788
-2.25,4,30.983751
3.25,6,30.998415
12.75,28,31.06353
-0.25,2,31.068592
0.75,4,31.079858
0.75,4,31.091354
2.25,7,31.109524
1.75,6,31.125165
3.25,6,31.140237
0.75,1,31.143107
15.25,33,31.224149
0.75,1,31.226695
-2.25,10,31.251938
1.25,5,31.263441
3.25,9,31.283651
-11.25,13,31.314853
-0.75,1,31.317595
-0.25,2,31.322677
-1.25,3,31.330305
-0.25,2,31.335155
-0.75,1,31.33754
10.75,24,31.39403
-0.25,2,31.399113
0.75,1,31.401789
-11.75,18,31.442489
-2.75,3,31.449595
-0.75,1,31.452251
-0.25,2,31.45739
0.75,1,31.460038
-2.75,3,31.466908
0.75,1,31.469265
29.0,58,31.613806
-0.25,2,31.619033
-0.75,1,31.621553
-0.25,2,31.626803
0.25,3,31.635731
0.75,1,31.639785
-0.25,2,31.645536
14.75,41,31.74243
3.75,7,31.760149
1.75,6,31.774248
-0.25,2,31.779411
-0.25,2,31.784381
1.75,9,31.805525
0.75,1,31.808233
30.5,61,31.961266
0.75,1,31.964065
1.75,6,31.979733
0.75,4,31.990428
-0.25,2,31.996057
-0.75,1,31.999026
-1.25,12,32.029006
1.75,12,32.364118
0.75,4,32.374465
-0.25,2,32.379809
22.75,48,32.491455
1.75,6,32.505597
-0.25,2,32.510913
2.25,7,32.527556
9.25,21,32.577158
4.25,11,32.608085
21.5,43,32.709613
0.75,4,32.719355
9.25,21,32.771326
0.75,1,32.774156
0.75,1,32.77728
0.25,9,32.801836
-0.25,2,32.807218
2.25,7,32.824071
-0.25,2,32.829119
0.75,7,32.846185
-1.25,6,32.86088
-0.25,2,32.866207
-6.25,8,32.88557
-4.25,6,32.899911
-0.25,2,32.904616
-0.25,2,32.910537
0.75,10,32.936278
3.25,6,32.95117
1.75,6,32.966148
6.25,15,33.002017
-0.75,1,33.004785
-2.25,4,33.01492
1.25,5,33.026975
3.75,7,33.043332
0.75,1,33.046142
0.25,9,33.067685
13.25,23,33.126123
-0.25,2,33.131382
23.0,46,33.241256
-2.25,4,33.25125
0.75,1,33.253743
0.75,1,33.256504
0.75,1,33.259479
-0.25,2,33.264753
-2.25,4,33.274537
-0.75,1,33.277363
0.25,6,33.294129
0.75,4,33.304507
3.25,12,33.334237
1.25,5,33.346338
-0.75,1,33.348848
3.75,7,33.36651
1.25,5,33.378966
0.75,1,33.381725
-0.75,1,33.384358
-0.75,1,33.387136
1.75,6,33.400845
0.75,1,33.403708
0.75,1,33.406452
1.25,5,33.41903
-0.25,2,33.424686
-0.25,2,33.429904
-1.25,6,33.445025
1.25,5,33.457059
8.75,20,33.506464
13.25,32,33.588593
2.75,8,33.980506
0.75,1,33.984303
0.75,1,33.987843
1.75,6,34.003673
-0.25,2,34.008695
-0.75,1,34.011388
2.75,8,34.031722
20.25,43,34.139526
21.25,45,34.243881
2.25,7,34.260044
-0.25,2,34.265282
3.25,6,34.279938
-0.75,7,34.295989
-0.75,1,34.29872
-3.25,11,34.324319
-4.75,14,34.356914
-0.75,1,34.359503
-0.75,1,34.362187
0.75,1,34.364954
-0.75,1,34.367764
-0.25,2,34.372978
3.25,6,34.387435
-0.75,1,34.390137
0.75,1,34.39254
3.75,10,34.416023
12.5,25,34.472752
0.75,1,34.475396
-2.75,3,34.483284
4.75,9,34.504949
1.25,5,34.518767
0.75,1,34.522562
0.75,1,34.52632
-0.25,2,34.531876
15.0,30,34.60489
10.75,24,34.660921
1.75,12,34.690549
3.25,9,34.713157
-0.25,2,34.718555
-0.75,10,34.743439
-0.25,2,34.748591
0.75,1,34.751293
-2.25,10,34.775989
-0.25,2,34.78106
-1.25,3,34.788462
-0.75,1,34.791213
-0.25,2,34.796478
-0.25,2,34.801747
-0.75,1,34.804544
0.75,1,34.807506
11.5,23,34.863755
-5.25,10,34.887009
1.25,5,34.898539
0.75,4,34.907798
0.75,4,34.91718
-1.25,3,34.924745
-0.75,1,34.927405
-8.25,10,34.950759
0.25,3,34.958039
0.75,1,34.96054
4.75,9,34.982738
0.25,3,34.990404
0.25,3,34.998026
0.75,4,35.007878
12.5,25,35.069426
2.75,8,35.090804
28.5,69,35.579158
2.75,8,35.598402
1.75,3,35.606035
2.75,8,35.625244
2.75,8,35.643498
-3.25,5,35.656122
0.75,1,35.658781
-0.75,4,35.668806
-0.25,5,35.68206
1.75,6,35.697024
3.25,6,35.711542
-0.25,2,35.716638
2.75,8,35.736575
19.5,39,35.828462
0.75,4,35.837863
-3.25,5,35.849935
12.5,25,35.909593
2.25,7,35.926841
2.75,8,35.945958
0.75,1,35.948786
2.25,7,35.965847
-0.25,2,35.97099
1.75,6,35.986887
-0.25,2,35.992064
12.5,25,36.049987
3.25,9,36.070758
0.75,1,36.073329
-9.25,14,36.107678
1.25,5,36.121306
-0.25,2,36.127136
0.25,3,36.136075
-7.75,8,36.158202
0.75,1,36.161486
-0.25,2,36.167258
2.75,11,36.194038
6.25,15,36.229522
11.75,26,36.290694
0.75,1,36.293362
0.75,1,36.296061
-0.75,1,36.298851
1.75,6,36.313565
-0.75,2,36.318731
0.25,3,36.326378
-0.75,1,36.329198
3.25,9,36.350275
3.25,15,36.383534
-0.75,7,36.400719
11.25,25,36.463219
-0.75,1,36.465926
-0.75,1,36.468725
2.25,7,36.485883
-0.25,2,36.490722
1.25,5,36.502688
15.75,34,36.590082
-0.75,1,36.592722
1.75,5,36.605089
0.75,1,36.607874
1.75,6,36.622691
-0.25,2,36.627688
-3.75,16,36.664327
3.25,6,36.67809
-0.75,1,36.680508
3.75,10,36.702847
-4.25,6,36.717129
0.25,6,36.731871
18.25,39,37.134853
0.75,1,37.137918
-0.25,2,37.143446
14.0,28,37.208203
22.75,48,37.316337
8.0,28,37.379971
-0.75,1,37.382509
-1.25,3,37.390156
0.75,1,37.393409
-10.75,20,37.44228
0.75,4,37.451929
6.25,15,37.48777
21.5,46,37.592497
-0.75,1,37.595028
0.75,4,37.604685
3.75,7,37.622707
18.5,37,37.707484
0.75,1,37.709856
-5.75,6,37.723595
9.25,21,37.771513
-1.25,3,37.778544
0.25,3,37.78536
3.25,6,37.800007
1.75,3,37.807141
1.25,5,37.818853
-0.75,1,37.821316
0.75,4,37.830544
12.0,24,37.884212
-0.75,1,37.886763
1.75,6,37.901371
-0.25,2,37.906485
-0.25,2,37.911807
-0.75,1,37.914533
-0.25,5,37.926971
2.25,4,37.936894
3.25,6,37.950901
0.25,3,37.957888
-0.25,2,37.962754
-0.25,2,37.968422
0.25,3,37.976168
-0.25,2,37.981222
3.25,12,38.009616
-0.75,1,38.012262
0.25,9,38.033245
0.75,4,38.042798
4.75,12,38.071056
-0.75,1,38.073769
-0.75,10,38.111075
0.25,3,38.119647
6.75,16,38.158571
5.75,14,38.205562
-0.25,2,38.210827
0.75,1,38.213431
-0.25,2,38.218546
8.25,19,38.260939
0.75,4,38.2706
-1.75,2,38.275597
2.25,7,38.292792
-0.25,2,38.298275
1.25,5,38.310961
3.25,9,38.333263
-4.75,14,38.667616
2.25,4,38.67727
-0.25,2,38.682472
-0.75,1,38.685228
0.25,3,38.692598
-0.25,2,38.697506
0.75,1,38.699952
-0.75,4,38.709345
3.25,6,38.723769
-1.25,3,38.73086
1.75,6,38.745548
4.75,18,38.786584
5.25,13,38.818519
7.75,18,38.860761
-13.75,17,38.902414
15.75,34,38.980385
0.75,4,38.990351
19.75,42,39.088182
23.75,50,39.220236
-0.25,2,39.226069
1.75,3,39.234705
19.0,38,39.337496
-0.25,2,39.342446
0.75,1,39.34507
13.5,27,39.410563
6.75,16,39.448027
-3.75,13,39.478176
0.75,4,39.488314
3.25,6,39.502875
4.25,11,39.529685
0.75,1,39.532458
-0.75,7,39.55011
-1.25,3,39.557425
-0.75,1,39.560208
11.0,22,39.614282
6.75,16,39.653369
-9.25,11,39.678152
2.75,8,39.696307
5.25,10,39.718701
-0.25,2,39.723388
-2.75,3,39.730221
-0.75,1,39.732728
0.25,3,39.739997
6.75,16,39.779301
0.75,1,39.781927
0.75,1,39.784461
-0.25,2,39.789193
0.25,3,39.796538
-0.25,2,39.80195
1.75,6,39.818207
0.75,1,39.821132
3.25,6,39.836297
-1.25,3,39.843762
-2.25,7,39.861675
-0.25,2,39.866907
12.5,25,40.255511
-0.25,3,40.264555
4.75,12,40.301562
1.25,5,40.315546
0.25,3,40.323917
0.25,6,40.339298
0.25,3,40.34782
1.25,5,40.362195
-2.25,4,40.372721
0.75,1,40.375425
3.25,6,40.390698
0.75,1,40.39333
1.75,4,40.40583
1.25,5,40.42248
0.75,10,40.45646
-0.75,1,40.460639
-0.75,1,40.464022
-0.25,2,40.470567
2.75,8,40.49365
12.25,27,40.564533
18.0,36,40.652876
13.0,29,40.720392
1.25,8,40.739114
0.25,9,40.760347
1.75,3,40.767526
0.75,1,40.77012
-0.75,1,40.772964
-1.25,1,40.775664
-0.25,5,40.787948
16.0,32,40.865506
15.5,31,40.940837
9.75,22,40.990766
-0.25,2,40.995577
10.75,24,41.050303
0.25,3,41.058327
12.0,24,41.119
0.75,1,41.121824
0.75,1,41.124655
-1.25,6,41.139212
-2.25,4,41.14983
4.75,12,41.180095
-0.25,2,41.185366
3.25,9,41.20638
10.25,21,41.25905
-0.75,1,41.261647
0.75,7,41.279024
1.75,9,41.301515
0.75,1,41.304174
-0.25,2,41.309942
12.0,24,41.373823
1.75,6,41.389492
2.75,8,41.411944
5.25,13,41.448776
1.75,3,41.45946
3.75,10,41.492613
-1.25,12,41.532029
0.25,3,41.542502
36.0,72,42.039662
-0.75,1,42.042588
-0.25,2,42.047806
4.25,11,42.073437
10.0,38,42.169134
6.75,16,42.209495
17.5,35,42.292279
0.25,3,42.29999
-0.25,2,42.306036
-0.75,1,42.308939
2.75,8,42.330788
0.25,3,42.339657
-0.75,1,42.342685
-0.25,2,42.348274
-13.25,18,42.401963
0.75,1,42.40504
5.25,10,42.431978
0.75,1,42.434584
0.75,1,42.437295
2.25,7,42.454335
0.75,1,42.457315
31.5,63,42.611076
-0.75,1,42.613844
-0.25,5,42.626404
19.0,38,42.721728
7.25,17,42.764394
2.25,7,42.782017
1.25,5,42.795395
19.0,38,42.887076
5.75,14,42.922442
-0.75,1,42.925221
-0.25,2,42.930245
0.75,4,42.940102
0.75,7,42.957314
25.75,54,43.086436
-6.25,8,43.108603
17.5,38,43.587326
2.75,8,43.61001
3.25,6,43.626076
1.75,6,43.641422
19.5,39,43.735658
1.75,3,43.74255
2.75,8,43.761905
-1.25,1,43.765103
0.75,3,43.773301
-0.25,2,43.779581
11.0,22,43.83549
0.75,1,43.838386
1.25,5,43.851102
0.25,3,43.858454
-0.25,11,43.886636
-0.25,2,43.892111
2.25,7,43.909981
-5.75,6,43.926413
0.75,4,43.936679
4.25,11,43.965158
3.25,9,43.98766
-9.25,11,44.015821
13.25,29,44.083746
3.25,6,44.100157
-0.75,1,44.103614
-0.25,2,44.10945
-0.25,2,44.114918
12.0,24,44.172909
15.25,33,44.253786
3.25,12,44.281118
-0.75,1,44.283589
0.75,1,44.285979
-0.75,1,44.288465
1.75,6,44.302137
14.5,29,44.380221
7.25,17,44.421522
3.25,6,44.438422
2.75,8,44.458868
0.75,1,44.461686
1.25,5,44.474234
1.25,5,44.485601
-7.25,9,44.505874
26.5,53,44.628528
0.75,4,44.637779
0.25,3,44.644857
27.0,54,44.776984
0.75,1,44.779941
-0.25,2,44.785137
-0.25,2,44.790333
1.25,5,44.803223
0.75,1,44.806393
1.25,8,45.131271
14.0,34,45.21596
1.75,6,45.232443
-0.75,1,45.235317
-14.75,21,45.289831
1.75,3,45.297433
-0.75,1,45.300179
-2.75,3,45.308006
4.75,12,45.339612
-0.25,2,45.344904
3.75,7,45.36242
-0.25,2,45.368315
-0.25,2,45.373653
2.75,8,45.393353
-0.25,2,45.398546
0.75,1,45.401206
0.75,1,45.40377
0.25,3,45.411321
-0.75,1,45.414737
1.25,3,45.42822
-1.25,3,45.440969
0.75,1,45.44468
-5.75,12,45.489736
1.25,11,45.531017
0.25,3,45.540501
3.75,10,45.574425
3.25,6,45.593289
0.75,1,45.596294
1.25,5,45.608852
0.75,1,45.611653
6.75,16,45.649837
0.75,1,45.652311
7.75,18,45.696573
20.5,41,45.796412
-2.25,4,45.806074
8.0,16,45.842079
2.25,7,45.858381
-0.75,1,45.860913
-0.25,2,45.865632
-0.75,1,45.868862
-4.25,6,45.884417
-2.75,9,45.907015
0.75,1,45.909815
0.25,3,45.917547
26.5,53,46.048171
0.25,9,46.069716
17.5,35,46.157768
1.75,6,46.172676
-0.75,1,46.175521
0.25,3,46.182868
-0.25,2,46.188114
0.75,10,46.212566
12.75,28,46.283889
-0.75,1,46.286418
1.25,5,46.299374
-0.75,1,46.302148
0.75,4,46.3119
-9.25,17,46.351969
4.25,11,46.378973
0.75,1,46.381656
2.25,7,46.40061
0.75,3,46.408456
0.75,1,46.411334
-0.75,1,46.414011
3.25,9,46.435817
-0.75,1,46.438554
-0.75,1,46.441194
3.25,6,46.753241
0.75,1,46.75603
0.75,4,46.765884
19.25,41,46.866092
-0.75,1,46.868957
-0.25,8,46.888314
-0.75,1,46.891052
2.75,8,46.912174
1.25,5,46.925202
-11.75,21,46.976145
2.25,10,47.001199
-0.75,1,47.003946
2.75,8,47.025877
-3.25,8,47.045446
-0.25,2,47.050581
-0.75,1,47.053416
26.0,52,47.181616
10.25,23,47.24044
1.25,11,47.266579
-1.25,3,47.274008
-0.25,2,47.279023
-0.75,1,47.281693
-0.25,2,47.286507
6.75,16,47.32232
3.75,10,47.346114
-1.25,3,47.353405
0.75,4,47.36267
-0.25,2,47.367689
1.75,3,47.375548
3.25,9,47.398491
20.5,47,47.515077
-8.25,13,47.546054
-1.75,11,47.572893
1.75,6,47.588306
-0.75,1,47.59116
0.75,1,47.593718
-0.25,2,47.598636
5.25,10,47.622793
0.75,1,47.625473
4.25,8,47.644707
3.75,7,47.661672
22.5,45,47.767675
3.75,7,47.783876
3.25,9,47.806527
0.75,1,47.809436
0.75,1,47.812083
-1.25,3,47.819671
-0.75,1,47.822279
3.25,6,47.837057
0.75,4,47.847732
-1.25,3,47.855973
-0.75,1,47.85879
4.25,11,47.884848
1.25,5,47.896976
23.0,46,48.298012
7.75,18,48.339077
18.5,37,48.431887
12.0,24,48.494061
14.75,35,48.577222
23.0,46,48.687933
2.75,8,48.70875
0.75,10,48.732962
13.0,26,48.795277
16.75,39,48.893963
12.0,24,48.9583
-0.25,2,48.963746
2.75,8,48.983879
0.75,1,48.986661
0.75,1,48.98938
0.75,10,49.012736
-0.25,2,49.017503
2.75,8,49.040266
14.5,29,49.114993
0.75,1,49.117907
1.25,8,49.140017
21.25,48,49.258704
-4.25,9,49.280448
-4.25,15,49.315463
-0.75,1,49.318009
6.25,15,49.353281
3.75,13,49.38606
23.0,46,49.499742
1.75,6,49.515285
16.5,33,49.902047
1.75,6,49.916268
-1.25,21,49.970806
11.75,26,50.033873
12.0,24,50.098423
-0.25,2,50.103734
-0.25,2,50.109636
-6.25,8,50.130572
-0.75,1,50.13328
7.25,17,50.176455
-0.25,2,50.181777
0.75,1,50.184546
10.5,27,50.251554
0.25,3,50.25913
14.0,34,50.342412
2.75,8,50.361041
-0.75,1,50.363562
-0.25,2,50.368576
3.25,12,50.399359
-0.75,1,50.402017
-2.25,16,50.441266
21.5,43,50.548526
0.25,3,50.55535
-0.25,2,50.560052
4.25,11,50.58487
-2.75,9,50.606667
-20.25,22,50.657927
2.75,8,50.675869
2.75,8,50.693955
8.25,19,50.741076
-0.75,4,50.750224
5.25,13,50.779864
0.25,6,50.793332
-0.25,2,50.798182
1.75,3,50.805351
-2.75,3,50.813245
0.75,1,50.816526
-3.25,17,50.857701
0.75,1,50.860149
-9.75,19,50.905257
-19.75,29,50.973182
0.75,4,50.982642
17.5,35,51.067107
12.5,25,51.424047
3.25,9,51.446113
-4.75,20,51.494523
2.75,8,51.517242
29.5,59,51.663205
-1.25,3,51.670895
21.0,42,51.772444
18.0,36,51.862613
-2.25,4,51.872856
10.5,27,51.940969
-0.75,7,51.958752
1.25,11,51.985449
0.75,4,51.996853
-0.75,10,52.022928
3.25,6,52.037637
0.25,3,52.045293
10.0,20,52.098154
0.75,4,52.116586
0.75,1,52.120169
0.75,1,52.123993
0.75,1,52.127417
22.75,48,52.251077
10.75,24,52.308926
0.25,3,52.316405
-3.25,11,52.341678
3.25,9,52.362195
-0.25,2,52.366948
0.75,1,52.369433
3.75,10,52.392512
-0.75,1,52.395967
-0.25,2,52.401459
0.25,3,52.409174
-2.25,4,52.419424
-2.25,10,52.442857
-0.75,1,52.445396
-0.25,2,52.450391
16.5,33,52.529437
-0.25,2,52.53469
-0.25,2,52.540005
1.75,3,52.547511
20.75,44,52.660256
1.25,5,52.672155
-0.75,7,52.688675
-2.25,4,52.698703
3.25,9,53.056509
1.25,5,53.069062
13.0,26,53.133359
1.25,8,53.153141
0.75,1,53.155786
0.75,1,53.158378
13.5,27,53.224191
3.75,10,53.248198
20.0,40,53.34713
0.75,1,53.350081
0.75,1,53.352894
5.25,9,53.375398
-0.75,1,53.378375
5.25,10,53.40582
-0.75,1,53.409291
3.25,6,53.424842
-2.25,10,53.449173
-12.75,19,53.494854
-0.75,1,53.497793
0.75,1,53.500639
1.25,5,53.513194
-0.25,2,53.519144
14.0,28,53.588853
2.25,7,53.606079
0.75,1,53.608846
-0.75,1,53.611533
1.75,6,53.626498
0.75,1,53.629413
-1.75,11,53.65687
21.0,42,53.757693
-1.25,3,53.765269
-0.25,2,53.770634
13.5,48,53.886122
0.75,1,53.888652
-0.25,2,53.893974
13.0,26,53.965469
-0.75,1,53.968284
0.25,6,53.983641
7.75,18,54.028525
-0.75,1,54.03139
8.75,38,54.127415
-0.75,1,54.130108
-1.25,1,54.132797
1.75,3,54.140557
0.75,1,54.143337
0.75,1,54.146091
0.75,4,54.156112
-0.25,2,54.161244
0.75,1,54.164057
0.75,1,54.166844
-0.75,1,54.169418
-0.25,2,54.174652
26.0,52,54.345336
0.75,1,54.349891
2.75,5,54.363693
-0.25,2,54.369148
-0.25,2,54.670914
-0.25,2,54.676132
-0.25,2,54.681024
1.75,18,54.724887
-3.25,5,54.738053
1.75,6,54.752821
9.25,21,54.802695
0.25,3,54.80985
-0.25,2,54.814476
-0.25,2,54.819273
-0.25,2,54.823825
18.0,39,54.92156
0.25,3,54.928768
-4.25,9,54.951584
16.5,33,55.031014
-0.75,1,55.033705
-1.25,3,55.04136
12.5,25,55.101897
3.75,10,55.127835
-11.75,12,55.159158
-0.75,1,55.162068
0.75,1,55.165016
2.25,7,55.183457
1.75,6,55.204059
-0.25,2,55.209579
5.25,13,55.242937
-0.25,2,55.248317
0.25,6,55.263182
-10.75,14,55.299634
-0.75,1,55.303023
-0.25,2,55.308482
-0.25,5,55.321672
10.5,24,55.383062
0.75,1,55.385705
-0.25,2,55.390801
-0.75,1,55.393476
7.25,17,55.437158
-0.25,2,55.443046
-0.25,2,55.44835
-2.25,10,55.475592
0.75,4,55.490196
1.25,8,55.510001
-1.25,1,55.5128
-2.75,3,55.520453
5.75,14,55.555602
2.75,8,55.575158
-0.25,2,55.580642
0.75,4,55.591084
3.25,9,55.612864
-0.25,2,55.617835
-1.25,12,55.646579
1.25,5,55.65955
2.25,7,55.677033
-5.75,6,55.692727
-1.75,2,55.697697
0.75,1,55.700426
1.25,5,55.712569
0.75,3,55.720224
-2.25,4,55.730016
18.0,42,55.834138
0.75,7,55.853479
16.5,33,55.935879
13.5,27,56.325642
1.75,6,56.341226
0.75,1,56.344074
-9.25,17,56.387504
-0.25,2,56.392864
-1.25,9,56.415521
3.25,6,56.43281
12.0,24,56.491027
0.25,3,56.498342
-0.25,2,56.503836
-0.25,2,56.509415
21.0,42,56.620497
-0.75,4,56.631793
-1.25,6,56.647075
6.75,16,56.693514
-0.25,2,56.69897
0.75,4,56.709548
0.75,1,56.712461
-2.75,3,56.72073
3.25,6,56.73738
0.75,1,56.740211
27.0,54,56.88879
27.0,54,57.028845
3.75,7,57.047282
19.0,44,57.156171
-0.75,4,57.165948
2.75,8,57.185997
2.25,7,57.203288
1.75,3,57.211094
0.75,1,57.214405
-0.25,2,57.219869
21.0,42,57.324812
-3.25,11,57.351828
25.0,50,57.477852
-0.25,2,57.482911
0.75,7,57.500285
-0.75,1,57.503048
2.25,7,57.520265
-0.75,10,57.548234
-0.25,2,57.553738
1.75,3,57.561434
-0.25,2,57.567076
1.25,5,57.580666
19.0,38,58.010592
1.75,3,58.01826
-0.75,10,58.044227
3.75,7,58.06338
2.25,7,58.087385
-1.25,6,58.108474
2.75,8,58.131474
-2.25,4,58.142127
2.75,8,58.163398
-0.75,1,58.166448
-1.25,9,58.190305
0.75,1,58.193171
18.25,39,58.290401
0.75,1,58.293209
0.75,1,58.296067
-5.25,7,58.313258
0.75,4,58.323198
11.25,25,58.384861
11.75,32,58.468593
-0.75,1,58.471504
-2.25,4,58.481894
0.75,1,58.484761
-0.25,2,58.490076
-0.25,2,58.495677
9.25,21,58.551337
0.75,10,58.577991
19.0,38,58.677848
0.25,6,58.693457
2.25,7,58.713033
-1.25,3,58.722374
6.5,49,58.855886
1.25,11,58.884784
0.75,4,58.896234
-0.75,1,58.899034
18.0,36,58.994167
5.75,14,59.041388
0.75,1,59.045553
0.75,1,59.049567
-0.25,5,59.064745
3.75,7,59.084862
-0.75,1,59.087983
1.25,5,59.108981
0.75,1,59.112506
13.5,27,59.180339
-1.25,3,59.187889
17.5,35,59.271334
15.5,31,59.658157
2.75,8,59.68089
-2.25,4,59.692026
8.25,19,59.739332
3.25,6,59.754608
1.75,6,59.769702
3.25,6,59.785506
0.25,3,59.801302
3.25,6,59.817219
23.0,46,59.936147
-0.75,1,59.939023
16.5,33,60.021969
20.5,41,60.125105
15.5,31,60.204957
2.75,8,60.225594
0.25,3,60.233501
0.75,4,60.24386
12.5,25,60.307516
3.25,6,60.322962
13.25,29,60.399724
1.25,8,60.419473
-1.25,3,60.427192
0.75,1,60.430071
2.25,4,60.4409
8.25,19,60.511868
-0.75,1,60.514732
0.75,1,60.517347
0.75,1,60.520138
-0.75,1,60.52284
4.25,11,60.548404
0.75,1,60.551103
0.25,3,60.558701
6.75,12,60.589913
1.25,5,60.602268
0.25,3,60.60984
3.25,9,60.633687
8.75,20,60.686355
-0.25,2,60.691882
4.75,9,60.714181
1.25,5,60.725838
7.25,17,60.767196
-0.25,2,60.772484
0.25,3,60.78003
-3.25,5,60.79601
3.25,9,60.825102
-0.75,1,60.82776
6.25,15,60.869513
14.25,31,60.951048
-0.25,2,60.956196
-7.75,13,61.299234
12.5,25,61.361245
-0.25,11,61.387778
-2.25,4,61.397677
3.25,6,61.412201
0.75,7,61.429488
1.75,3,61.436301
-0.75,1,61.439032
7.25,17,61.481456
0.75,1,61.484138
-7.25,9,61.506586
-0.75,10,61.531846
3.25,9,61.553848
22.0,44,61.662386
17.0,34,61.743141
-0.25,2,61.748374
2.75,8,61.767814
26.5,59,61.924928
0.75,4,61.935491
-0.25,2,61.940793
-5.25,7,61.95828
0.75,1,61.96106
0.75,4,61.971116
1.75,3,61.97877
-0.25,2,61.984056
1.25,5,61.996709
3.25,6,62.011763
23.0,52,62.141706
-5.25,7,62.159972
3.25,9,62.182043
-4.75,11,62.207668
3.75,10,62.231299
9.25,21,62.279242
-1.25,3,62.286728
0.25,3,62.293744
3.75,10,62.317856
15.25,33,62.399079
-2.75,3,62.407032
14.0,34,62.500036
-0.75,1,62.502738
-6.25,8,62.521428
0.25,6,62.536152
4.25,7,62.553999
11.0,55,63.050968
0.75,10,63.075292
-0.25,2,63.080495
1.25,5,63.093121
11.0,22,63.148175
-0.25,2,63.154787
-1.25,6,63.173738
2.25,7,63.192197
-0.75,1,63.194874
1.75,9,63.217878
-3.25,5,63.23247
-9.25,11,63.260184
2.25,7,63.279705
-0.25,2,63.285932
0.75,1,63.289126
-0.25,2,63.296158
12.0,24,63.361552
2.25,7,63.379969
-2.25,4,63.390071
16.5,33,63.500267
0.25,3,63.513596
-1.75,2,63.522693
2.25,7,63.549984
5.25,13,63.599479
0.75,4,63.61052
0.25,3,63.618118
-8.25,10,63.645937
-4.75,8,63.665988
-0.75,1,63.668743
0.25,3,63.676587
0.75,1,63.67936
1.25,5,63.69173
2.25,7,63.708927
-0.75,1,63.711697
-13.25,15,63.747008
-0.75,1,63.749544
-0.75,1,63.752361
0.75,1,63.755266
-0.25,2,63.760647
-0.75,1,63.763293
-0.75,1,63.766188
3.25,6,63.781102
13.0,26,63.841143
-0.75,1,63.843804
0.75,7,63.859828
2.25,5,63.871224
-0.75,1,63.873923
3.75,9,63.89579
0.25,9,63.916576
3.25,6,63.930407
-0.25,2,63.935938
-0.25,2,63.941645
0.25,3,63.94982
15.5,31,64.023633
-0.25,2,64.028983
3.75,7,64.045847
-0.75,1,64.048528
-0.75,1,64.051045
-0.75,1,64.053348
-1.25,3,64.060709
0.25,9,64.081539
-8.25,10,64.107912
-0.75,1,64.110673
-1.25,12,64.139607
-0.25,2,64.144651
-0.75,1,64.147138
-0.25,5,64.158787
-0.25,2,64.163809
0.75,1,64.166272
-0.25,2,64.170961
-0.75,1,64.173727
0.25,9,64.1956
-0.75,1,64.198316
3.25,6,64.213096
-0.75,1,64.215767
0.75,1,64.218435
2.25,7,64.234633
3.25,6,64.248776
3.75,7,64.264555
17.5,35,64.634432
-0.75,1,64.63699
3.25,6,64.651901
3.25,6,64.666404
-0.25,2,64.671191
1.25,5,64.682968
4.25,11,64.707957
0.25,3,64.715286
1.25,5,64.727264
17.5,38,64.81693
2.75,8,64.835072
0.25,6,64.850101
-0.75,1,64.852902
-6.25,17,64.891824
8.25,19,64.935731
1.75,3,64.943013
0.25,3,64.95002
1.75,6,64.964709
-1.25,1,64.967988
0.25,3,64.978676
-1.25,1,64.981989
1.25,8,65.004823
2.25,10,65.030752
20.5,41,65.153885
1.75,6,65.173103
7.75,18,65.226191
2.75,11,65.253017
-0.25,5,65.265091
19.5,39,65.35721
3.25,6,65.372113
0.75,1,65.374676
-0.75,1,65.377224
0.75,1,65.379992
-0.75,1,65.382707
-1.25,1,65.38533
0.75,1,65.388022
-0.75,1,65.390639
1.75,3,65.398671
0.75,1,65.401422
-8.25,10,65.42475
0.75,1,65.427676
18.0,36,65.520887
0.75,1,65.523772
0.75,13,65.554277
-0.75,1,65.556933
0.25,9,65.577018
0.25,6,65.591002
0.25,9,65.611636
15.5,31,65.682194
1.75,3,65.689324
1.75,3,65.696459
-0.25,2,65.701224
0.25,3,65.708267
3.25,9,65.728596
0.25,3,65.735579
-2.75,3,65.742561
-1.25,3,65.749595
0.75,1,65.752105
10.5,42,66.161161
-0.25,2,66.166042
6.25,15,66.200799
0.75,1,66.203306
1.25,8,66.223019
-0.25,2,66.228094
12.25,27,66.291842
2.75,8,66.309846
12.0,24,66.364278
-0.75,1,66.366715
3.25,6,66.380381
0.25,3,66.387416
1.25,5,66.401616
0.75,10,66.42659
12.5,28,66.489804
0.25,3,66.497185
-0.75,1,66.499921
-0.25,2,66.505337
9.5,22,66.56238
-2.75,3,66.570079
-0.25,2,66.575406
3.75,7,66.592561
0.75,4,66.602033
0.25,3,66.612151
-0.25,2,66.618701
-0.75,1,66.621387
-0.75,1,66.624064
-0.75,1,66.626717
0.75,1,66.62944
1.75,6,66.643562
0.75,1,66.646252
10.25,23,66.701434
1.75,6,66.716043
-0.25,2,66.721157
1.75,6,66.73569
0.75,4,66.745355
-0.75,1,66.748073
0.75,1,66.750875
0.75,1,66.753574
-4.25,6,66.768339
1.25,5,66.781167
0.75,1,66.783972
3.25,6,66.798511
0.75,1,66.801341
-0.75,1,66.804099
0.75,1,66.806692
1.25,8,66.825469
-0.25,11,66.851138
0.75,1,66.854077
-1.25,3,66.862004
-0.25,2,66.867164
-0.75,1,66.869944
1.75,6,66.885273
3.25,6,66.900748
1.75,6,66.916082
0.75,10,66.940503
4.25,11,66.966151
7.25,17,67.005388
-0.25,2,67.010257
4.25,11,67.034892
19.5,42,67.136808
0.75,1,67.139456
0.75,4,67.14956
-0.25,2,67.154794
0.75,1,67.15766
-0.25,2,67.162676
-0.25,5,67.175004
0.75,1,67.177746
0.75,1,67.180355
1.25,5,67.193869
0.75,4,67.203616
-0.75,1,67.206396
-0.25,2,67.211888
2.25,10,67.236916
5.25,13,67.269292
-0.25,2,67.274719
-0.75,1,67.277416
12.0,24,67.334045
-0.75,1,67.336853
-5.75,6,67.351988
-0.75,4,67.363858
-0.25,2,67.369497
23.5,47,67.809291
0.25,3,67.816839
0.25,3,67.824472
1.75,6,67.840224
3.25,6,67.854899
2.25,7,67.87294
15.0,30,67.943466
-0.25,2,67.948463
0.75,4,67.958069
3.25,9,67.980292
-0.75,1,67.983095
2.75,8,68.002198
0.25,3,68.009223
1.75,4,68.018592
-0.25,2,68.023783
4.75,9,68.044843
-1.25,3,68.052202
-0.25,2,68.057251
-6.25,8,68.07643
17.5,35,68.173155
0.75,7,68.190983
-0.75,1,68.193758
1.75,9,68.215134
-1.25,3,68.222938
3.25,9,68.244291
3.25,9,68.264543
13.0,56,68.400355
17.0,34,68.478677
0.75,1,68.481394
0.75,1,68.484069
18.0,36,68.568022
0.75,1,68.570677
-0.75,1,68.573432
-2.25,4,68.583427
-0.75,1,68.586156
9.25,21,68.640512
1.25,8,68.664201
0.75,1,68.667321
4.75,8,68.688891
16.5,33,68.772605
-1.25,3,68.780198
0.75,4,68.790121
-0.75,1,68.792782
-0.25,2,68.797672
1.75,6,68.812574
3.25,6,68.826948
3.25,6,68.841158
2.25,7,68.857465
3.25,6,68.871839
-0.75,10,68.894911
-0.25,2,68.89961
1.75,6,68.913244
18.0,36,69.32753
2.25,4,69.338512
2.75,8,69.357613
-0.25,2,69.36292
0.25,3,69.371017
-0.25,5,69.38361
16.25,38,69.471586
0.75,1,69.474172
1.75,6,69.487866
-4.25,6,69.501458
0.25,9,69.521737
0.75,1,69.524229
-1.25,3,69.531708
9.5,22,69.58235
0.75,1,69.585045
-1.25,3,69.592943
15.5,31,69.664815
-0.75,1,69.66736
0.75,1,69.670133
1.25,5,69.681586
-0.75,4,69.6917
-0.25,2,69.696964
1.75,9,69.71795
2.75,8,69.736055
0.75,1,69.738687
-0.75,1,69.741297
4.75,9,69.761931
13.0,26,69.824987
-0.75,1,69.82777
0.75,1,69.830501
0.75,1,69.833269
2.25,7,69.850457
3.75,10,69.874978
0.75,1,69.878436
0.75,1,69.881309
-2.25,4,69.891248
5.0,28,69.956717
14.0,37,70.046263
-0.25,2,70.051242
0.75,1,70.054055
-0.25,2,70.059423
1.25,5,70.071837
0.75,1,70.074554
0.75,1,70.077252
0.75,1,70.08003
1.25,11,70.107384
-0.75,1,70.110234
21.0,42,70.211231
0.75,1,70.213713
0.75,1,70.216123
0.75,1,70.218753
3.75,7,70.236944
-8.75,12,70.270363
25.0,50,70.392764
0.75,1,70.395576
-2.75,3,70.403337
0.25,3,70.411079
-0.75,1,70.413605
-0.25,2,70.419929
-0.25,2,70.425282
4.75,9,70.447985
-0.75,1,70.45074
3.75,7,70.468886
-11.75,12,70.499818
1.25,5,70.512303
2.25,7,70.529665
-0.75,1,70.532444
-0.75,1,70.535212
12.5,25,70.887209
-0.25,2,70.892396
0.75,1,70.895219
-0.25,2,70.900268
2.25,7,70.917416
-0.25,2,70.922833
0.25,3,70.930779
-0.75,1,70.933347
1.75,6,70.947724
-5.25,7,70.963879
-1.25,3,70.971095
14.0,31,71.04211
-0.25,2,71.047095
8.75,20,71.09236
-0.75,1,71.094781
-0.25,2,71.099891
17.5,41,71.200604
-0.25,2,71.206744
-1.75,2,71.212306
0.75,4,71.222438
0.75,1,71.225287
3.75,7,71.242295
0.75,1,71.244812
0.75,1,71.247239
0.75,1,71.249841
10.0,20,71.297062
1.25,5,71.308427
-0.75,1,71.311177
0.75,3,71.318465
0.25,9,71.34118
2.25,7,71.359076
2.75,8,71.378642
-0.75,1,71.381282
0.75,1,71.383781
1.25,5,71.396119
-0.25,2,71.401748
-1.25,3,71.409082
-2.75,12,71.438209
-0.25,2,71.443472
0.75,1,71.445987
-0.25,2,71.45053
16.5,33,71.530352
-1.25,3,71.538557
1.75,6,71.555029
0.75,1,71.558079
-1.25,1,71.561031
3.25,6,71.57685
12.25,27,71.645704
0.75,1,71.648679
1.25,8,71.668369
12.0,24,71.730481
0.75,1,71.733192
5.25,13,71.764894
17.75,38,71.854571
0.25,3,71.861793
1.75,6,71.875644
2.75,8,71.894965
1.25,5,71.906767
0.75,1,71.909329
4.25,11,71.935025
12.75,28,71.999174
3.25,9,72.019437
1.75,6,72.033469
-2.25,4,72.043376
19.0,38,72.444448
0.75,4,72.454245
-0.25,2,72.459282
17.5,35,72.541837
0.25,3,72.549469
0.75,1,72.552105
0.75,1,72.554928
-0.25,2,72.560026
0.75,4,72.569716
-0.25,2,72.574253
-0.75,1,72.576605
1.75,6,72.590461
-0.75,4,72.60056
-1.25,12,72.629642
2.75,8,72.648003
19.5,39,72.7393
0.75,1,72.741775
2.25,7,72.758446
0.75,1,72.76124
-0.25,2,72.766352
-0.75,1,72.768962
-0.75,1,72.771779
0.75,1,72.774539
13.0,26,72.834312
3.25,9,72.856144
0.25,3,72.863091
-2.25,4,72.872198
-0.75,1,72.874821
0.75,1,72.877353
1.75,6,72.892527
-6.25,8,72.912498
-0.25,2,72.917666
0.75,1,72.920322
1.25,8,72.938672
0.75,1,72.941293
1.75,6,72.955434
13.25,29,73.020381
3.75,10,73.047602
13.25,29,73.116318
1.25,5,73.129379
-0.75,1,73.132508
-5.25,7,73.150957
3.75,10,73.175832
-1.25,3,73.18382
2.25,7,73.201378
-0.25,2,73.206816
0.75,1,73.209735
9.25,21,73.261482
13.5,27,73.328436
-0.75,1,73.331256
25.5,51,73.450537
0.25,6,73.465137
-0.75,1,73.467815
2.25,4,73.477556
-6.25,11,73.503757
-0.75,1,73.506143
0.75,10,73.529958
-0.75,1,73.532391
-0.25,2,73.537596
0.75,1,73.540215
1.75,6,73.557267
3.75,7,73.575883
1.25,5,73.589435
-0.25,2,73.596295
0.75,4,73.608887
-1.25,3,73.617683
-0.75,1,73.621018
-0.75,10,73.650182
-5.25,7,74.019099
-0.25,2,74.02437
-1.25,1,74.027023
3.25,9,74.048331
23.0,46,74.167389
8.25,19,74.212326
1.75,6,74.227097
0.75,4,74.237696
1.75,3,74.245399
2.25,7,74.262652
1.75,6,74.277086
0.25,9,74.297235
27.5,55,74.435224
-0.75,4,74.445915
2.25,7,74.464756
6.75,16,74.514701
0.25,9,74.552596
1.75,3,74.567416
1.25,8,74.596758
-0.25,2,74.603821
3.75,10,74.634184
0.25,3,74.643923
-0.25,2,74.651026
2.25,7,74.672008
6.75,16,74.712818
0.25,3,74.720363
1.75,6,74.735557
-0.75,1,74.738553
0.75,1,74.741438
2.25,10,74.76709
2.25,7,74.783986
0.25,6,74.79721
1.25,5,74.80944
-5.25,7,74.827043
13.0,26,74.892642
3.25,6,74.907141
17.5,38,75.001199
0.25,3,75.009213
0.75,7,75.026487
-1.25,3,75.034528
35.0,70,75.209216
19.0,38,75.300701
3.25,6,75.314794
26.5,53,75.744163
-6.25,8,75.763797
-0.25,2,75.76867
12.5,25,75.82782
-0.25,2,75.832821
-0.25,2,75.837426
-0.75,1,75.83995
-0.75,4,75.849286
0.75,1,75.851929
3.75,7,75.868865
20.5,50,75.990147
-0.75,1,75.993102
0.75,1,75.99651
3.75,7,76.01568
-0.25,2,76.02123
19.0,38,76.113771
-0.75,1,76.116395
3.25,6,76.131267
0.75,1,76.134166
5.75,14,76.168652
15.5,31,76.237118
-10.75,11,76.265328
-0.75,1,76.268037
1.25,8,76.287316
1.75,3,76.294197
-0.25,2,76.298818
1.75,6,76.31284
-0.75,1,76.315299
0.25,9,76.336039
16.5,33,76.417001
0.75,1,76.419454
3.75,7,76.435415
-0.75,1,76.43819
12.0,24,76.497954
3.25,6,76.514109
3.75,13,76.548738
0.25,3,76.557051
-6.25,11,76.585106
-6.25,11,76.613441
-2.25,4,76.623612
5.25,10,76.648785
-0.25,2,76.654116
3.25,6,76.668982
0.75,1,76.671716
-5.25,7,76.689223
14.5,29,76.760661
-13.25,21,76.814069
-0.25,2,76.81943
-0.75,1,76.822258
1.75,6,76.837456
1.75,9,76.859941
0.75,1,76.862537
-0.75,1,76.865351
3.75,10,76.890114
9.75,22,77.250266
0.75,1,77.252939
-1.75,2,77.258646
-0.25,2,77.264612
0.75,4,77.275147
-1.25,1,77.277802
21.75,55,77.412614
3.25,6,77.427614
-0.75,1,77.430252
0.75,1,77.432826
0.75,1,77.43545
2.25,7,77.452904
14.75,32,77.531416
7.25,17,77.57243
-1.75,5,77.584245
-0.75,1,77.587163
-0.25,2,77.592408
1.75,6,77.608228
-0.75,1,77.611034
-0.75,1,77.613806
2.75,11,77.640699
2.25,7,77.65708
-0.75,1,77.659879
-0.25,2,77.665541
0.75,1,77.668323
15.0,30,77.742471
0.75,1,77.745501
-0.25,2,77.751443
-0.25,2,77.756935
-1.75,2,77.762189
0.75,1,77.765003
-2.75,3,77.772771
-0.25,2,77.777837
0.75,1,77.780458
19.0,38,77.877044
2.75,8,77.8962
0.25,3,77.904472
-0.25,2,77.910074
-0.25,2,77.915505
0.75,4,77.926383
0.25,3,77.934919
0.25,3,77.942771
3.25,9,77.965682
-0.25,2,77.970953
-0.25,5,77.98305
-0.75,1,77.98582
-0.25,2,77.990853
-8.25,10,78.015236
0.75,1,78.017887
-0.75,1,78.020686
0.25,9,78.04413
2.75,8,78.064668
0.75,1,78.067202
4.25,8,78.087001
-0.75,1,78.089803
3.25,9,78.112878
-0.25,2,78.118086
0.75,1,78.12084
-0.25,5,78.133472
0.75,1,78.136247
11.25,25,78.200163
-0.75,1,78.202975
24.0,48,78.328024
-0.25,2,78.336972
-0.75,1,78.339815
-0.25,2,78.34546
-0.25,2,78.351047
-0.75,1,78.353841
0.25,3,78.361985
0.75,1,78.364574
0.75,1,78.367534
24.25,51,78.512952
-0.75,1,78.515795
9.0,18,78.847133
13.25,29,78.923069
3.75,7,78.943503
-0.25,2,78.94936
0.75,1,78.95242
8.25,19,78.998538
5.25,10,79.023343
0.75,4,79.034153
0.25,3,79.042775
-0.25,2,79.04854
-0.75,1,79.05123
-2.25,7,79.068068
15.5,31,79.144489
1.75,3,79.152211
12.0,24,79.210042
-0.75,1,79.212651
0.75,4,79.222483
-0.75,1,79.225246
1.75,3,79.233046
-0.75,1,79.235687
-0.25,2,79.241144
-0.25,2,79.245698
0.75,1,79.248142
0.75,1,79.250636
-0.25,2,79.255179
16.0,47,79.375044
-0.75,1,79.37822
0.75,1,79.381448
-0.25,2,79.388943
-0.75,1,79.392169
1.25,11,79.422894
3.75,7,79.440606
13.75,30,79.522352
2.75,10,79.547827
0.75,4,79.558042
1.25,8,79.576854
2.75,8,79.595879
3.25,6,79.610205
0.25,6,79.626318
6.75,10,79.650413
-0.25,2,79.655043
1.25,5,79.666663
-0.25,2,79.671318
-0.75,1,79.673735
0.25,3,79.680583
-0.25,5,79.692156
1.25,14,79.725346
-0.25,2,79.730919
-2.25,4,79.740601
-0.75,1,79.743124
-0.75,1,79.745715
3.75,7,79.762579
0.75,4,79.771744
0.75,1,79.774407
-0.25,2,79.77956
2.25,4,79.789352
-8.25,10,79.812526
3.25,9,79.833126
-0.25,2,79.839329
0.75,1,79.842364
3.25,6,79.859903
2.25,7,79.877558
3.75,7,79.896058
-0.75,1,79.898821
-2.25,4,79.909168
2.75,8,79.930144
0.25,9,79.953847
1.25,3,79.961688
-0.25,2,79.966889
15.0,36,80.058257
0.25,3,80.066085
5.0,10,80.090638
1.75,3,80.099142
-0.25,2,80.104993
1.25,14,80.43487
-0.75,1,80.437696
-0.75,1,80.440455
-0.25,2,80.445607
0.75,1,80.448309
0.75,4,80.458735
14.25,31,80.537503
19.0,38,80.631185
13.75,30,80.701726
0.75,1,80.704204
3.75,7,80.720686
-0.75,1,80.723197
13.0,26,80.786526
-0.25,2,80.79174
28.0,56,80.929429
2.75,11,80.955965
12.0,24,81.016931
9.75,49,81.138794
-0.75,1,81.141635
1.25,5,81.154778
0.75,1,81.157508
1.75,6,81.174376
1.75,12,81.207275
1.75,6,81.224553
0.25,3,81.233154
1.25,5,81.246841
0.25,9,81.268946
-0.25,2,81.274325
-2.75,3,81.282705
9.75,22,81.337798
-2.75,3,81.345356
1.75,3,81.3527
1.75,6,81.367278
12.5,25,81.428638
0.25,3,81.436493
-0.75,1,81.439235
2.25,7,81.456799
-0.75,1,81.459411
4.75,9,81.479813
0.75,1,81.482325
31.0,62,81.641392
3.75,7,81.659142
-0.25,2,81.664252
-0.25,2,81.669491
-8.25,10,81.694414
6.75,16,82.048731
-0.25,2,82.058564
0.75,1,82.062382
1.25,8,82.087309
-3.25,8,82.116383
-0.75,1,82.120049
4.75,9,82.147506
5.25,13,82.187904
0.25,3,82.195545
-0.75,1,82.198411
0.75,1,82.201202
1.25,5,82.213434
2.75,8,82.233185
1.25,8,82.256049
-0.25,2,82.26235
13.75,33,82.350026
-8.25,10,82.374988
-2.25,4,82.38472
19.5,66,82.542867
-0.75,10,82.566993
3.25,6,82.581957
12.5,25,82.641146
-0.25,2,82.646001
23.0,46,82.756728
3.25,9,82.778807
-0.25,5,82.791126
20.5,41,82.890424
2.25,7,82.907835
11.75,26,82.970917
0.75,1,82.973973
19.0,38,83.06426
1.75,3,83.072428
0.75,1,83.075276
1.75,6,83.091063
1.75,6,83.106145
-0.75,1,83.108939
0.75,1,83.111748
0.75,1,83.114458
-0.25,2,83.119546
-0.25,2,83.124609
-0.25,2,83.129875
5.75,14,83.164823
-2.75,3,83.172404
0.75,1,83.175324
2.25,7,83.194247
0.25,3,83.202031
17.0,34,83.286136
11.25,25,83.686227
-0.25,2,83.693505
0.25,3,83.704696
6.75,16,83.756312
1.75,6,83.773884
0.75,1,83.7767
0.75,1,83.77952
0.75,1,83.782463
0.75,1,83.785289
-0.25,2,83.790547
0.75,1,83.793174
14.0,28,83.864104
0.75,1,83.867111
0.25,3,83.874762
0.75,1,83.877321
-5.25,7,83.894648
0.75,1,83.897441
1.75,6,83.912811
0.25,3,83.921083
16.5,33,84.016534
-6.25,8,84.044014
1.75,6,84.064878
1.75,6,84.08501
-0.75,1,84.088309
-0.75,1,84.091974
12.0,24,84.156436
0.75,1,84.159354
0.75,1,84.162109
3.25,6,84.177548
-12.25,14,84.216183
4.75,9,84.240888
-0.25,2,84.246561
0.25,6,84.262238
-1.75,11,84.291393
-1.75,2,84.29648
1.75,6,84.311088
0.75,1,84.313787
19.5,39,84.409665
0.75,1,84.412479
-0.75,1,84.415202
0.25,3,84.423476
0.25,3,84.431116
-0.25,2,84.436219
-0.75,4,84.446128
1.25,5,84.458315
-0.75,1,84.461029
1.75,3,84.468374
-0.75,1,84.471071
0.75,1,84.473853
-0.75,1,84.476576
2.75,8,84.496058
-0.75,1,84.498605
0.75,1,84.50119
3.75,9,84.523293
23.5,47,84.647949
5.25,13,84.685536
1.25,8,84.707874
-0.75,1,84.710643
12.0,24,84.77652
0.25,3,84.784444
0.25,3,84.792137
1.25,5,84.804762
0.75,1,84.80766
0.75,10,84.8329
-0.25,2,84.838106
-0.75,1,84.841339
-0.25,2,84.84687
-0.75,1,84.849613
3.25,6,84.864986
-1.25,3,84.872941
-1.25,1,84.875723
0.25,3,84.883198
0.75,1,84.885994
5.75,14,84.91926
-0.25,2,84.924257
7.25,17,84.964616
-0.25,2,84.969933
0.75,1,84.972815
0.75,1,84.975703
-0.75,1,84.978588
15.5,31,85.434037
-0.25,2,85.43998
1.75,6,85.455257
1.75,3,85.462823
-1.25,1,85.465862
22.0,44,85.572393
0.75,1,85.574833
-1.25,3,85.581719
0.75,1,85.584403
10.0,41,85.686382
1.75,6,85.700652
26.5,68,85.866529
-13.25,15,85.904265
18.5,40,85.99894
0.25,3,86.008639
6.75,16,86.056745
20.0,40,86.175905
-0.75,1,86.178953
3.25,6,86.194219
-1.25,15,86.232924
2.25,7,86.253319
11.0,22,86.314673
-0.25,2,86.320477
-0.25,2,86.326455
4.25,8,86.351543
2.75,6,86.370573
10.75,24,86.436702
9.75,22,86.490062
2.75,8,86.507978
1.25,5,86.51928
-0.25,2,86.524013
-0.75,1,86.526517
2.25,4,86.536585
-0.25,2,86.541676
-0.25,2,86.546862
-0.75,1,86.549415
-0.25,2,86.554293
11.0,22,86.611214
0.75,4,86.622865
0.25,3,86.630602
-1.25,3,86.637908
-0.25,2,86.642832
-0.75,1,86.645523
0.75,4,86.655179
-8.75,9,86.676056
0.75,4,86.687837
18.0,36,87.099972
1.75,3,87.11019
0.75,1,87.114125
-0.25,2,87.120837
1.75,9,87.150938
-0.25,2,87.157657
-0.75,1,87.16108
-0.75,1,87.164334
-0.25,2,87.170906
1.75,6,87.192969
-0.25,2,87.199156
23.5,59,87.356797
0.75,1,87.359724
2.25,7,87.378442
-0.25,2,87.384146
12.75,28,87.457248
4.25,11,87.483872
-0.25,5,87.495988
-1.25,3,87.503233
-0.75,1,87.505835
0.75,13,87.538697
0.75,1,87.54148
1.25,5,87.554416
3.25,9,87.576312
-2.25,4,87.585892
0.75,1,87.588504
-0.25,2,87.593565
-0.75,1,87.596283
3.25,6,87.610345
-0.25,8,87.629146
0.75,1,87.631893
20.0,40,87.728224
3.25,9,87.7489
-1.25,3,87.756402
3.25,6,87.770932
0.25,6,87.78584
-0.75,1,87.788549
0.75,4,87.798294
0.75,1,87.800726
-0.75,7,87.81661
0.75,1,87.819177
18.0,36,87.905834
-1.75,11,87.931428
-0.75,1,87.934091
-0.75,1,87.936741
3.75,7,87.953763
-0.75,1,87.956588
12.0,24,88.013732
9.75,22,88.066813
3.25,6,88.081305
-0.25,2,88.086511
-0.25,2,88.091468
3.25,6,88.106704
0.75,1,88.10968
-11.25,13,88.14013
-7.25,9,88.161581
5.0,43,88.261602
0.25,3,88.268948
21.5,43,88.672385
-0.25,2,88.677467
-0.25,2,88.682369
-0.25,2,88.687206
-0.75,1,88.689871
12.75,28,88.755008
1.25,5,88.767356
20.0,40,88.860877
-1.25,3,88.868599
20.0,40,88.963507
16.5,33,89.044717
0.25,9,89.067792
0.75,1,89.070779
0.75,1,89.073852
-0.25,2,89.079673
12.5,25,89.146566
0.75,1,89.149444
0.25,3,89.157198
-0.25,2,89.162219
1.75,6,89.176662
-0.75,1,89.179318
-0.75,1,89.181976
3.25,6,89.195807
-0.75,1,89.19835
0.75,1,89.200794
-0.75,10,89.2251
0.25,6,89.240689
0.75,4,89.251318
0.25,6,89.266171
0.75,1,89.268849
2.25,7,89.284955
0.75,1,89.287556
-0.75,1,89.289946
10.5,24,89.345284
0.25,3,89.352798
23.25,49,89.469513
0.25,3,89.477076
1.25,5,89.489473
0.75,10,89.5129
3.25,9,89.535487
10.5,27,89.599266
0.25,3,89.606465
2.25,7,89.62344
-0.75,1,89.62623
-5.25,13,89.6576
3.25,12,89.686811
-0.75,1,89.6894
1.25,5,89.70191
0.75,1,89.704288
0.25,9,89.726043
23.75,50,89.841115
1.75,3,89.848572
14.0,28,90.217006
2.75,8,90.236872
1.25,5,90.249885
3.25,6,90.266529
4.5,24,90.330415
-0.75,1,90.333734
1.75,3,90.341529
12.5,28,90.413071
1.75,6,90.429239
0.25,3,90.43714
21.75,49,90.558522
0.25,6,90.572204
3.75,6,90.586217
1.75,3,90.593462
3.25,9,90.613726
1.25,5,90.625356
0.75,1,90.627943
0.75,1,90.63065
2.25,13,90.661954
2.25,7,90.677925
4.25,8,90.695875
2.75,8,90.713934
-0.75,1,90.716591
-0.25,2,90.721329
12.0,24,90.776139
0.75,1,90.77887
-0.25,2,90.784037
1.75,9,90.804376
19.5,42,90.902457
0.75,1,90.905264
0.75,1,90.908219
-0.75,1,90.911221
1.25,5,90.923985
3.25,6,90.938729
-0.75,1,90.941426
-0.75,1,90.94391
0.75,1,90.946368
1.75,6,90.96031
12.5,25,91.017107
-0.75,1,91.01964
0.75,1,91.022348
3.75,7,91.03924
0.75,1,91.041846
1.25,8,91.061027
-0.25,2,91.065751
3.75,7,91.081523
-2.25,10,91.105191
2.25,7,91.121122
-0.25,5,91.133367
-0.75,1,91.136225
-1.25,3,91.143328
-2.75,12,91.17305
3.75,10,91.195979
-7.25,9,91.216886
11.0,22,91.266484
1.75,3,91.273985
-0.25,2,91.279221
0.75,1,91.282062
-0.25,2,91.286917
-0.75,1,91.289342
1.25,5,91.300866
0.75,3,91.307854
0.75,1,91.310208
-0.25,2,91.314866
2.25,7,91.330633
0.25,6,91.34486
0.25,9,91.365944
2.75,8,91.387346
-1.25,3,91.39508
-0.75,1,91.397815
0.75,1,91.40049
0.75,1,91.404014
-2.25,10,91.744005
0.75,1,91.747017
2.75,8,91.766581
-0.25,2,91.771683
-1.25,3,91.779471
-6.25,8,91.799585
0.75,4,91.809255
0.75,1,91.811964
1.75,6,91.82607
-8.75,15,91.862474
1.25,5,91.875457
33.5,67,92.034965
-0.25,2,92.04008
-0.25,2,92.045381
1.75,3,92.053173
15.0,33,92.132993
-0.75,1,92.135889
5.25,10,92.161383
0.25,9,92.18377
-0.25,2,92.188653
0.75,1,92.191304
-0.75,1,92.193746
1.75,9,92.213856
20.0,46,92.315557
7.75,18,92.360363
21.5,43,92.4584
2.25,13,92.487477
2.25,7,92.502948
7.75,18,92.543346
5.25,13,92.573404
-0.25,2,92.578256
0.75,1,92.580822
3.25,6,92.594459
-2.75,3,92.601299
-4.25,6,92.61461
-0.25,2,92.619405
0.75,4,92.628514
3.25,9,92.649221
2.75,8,92.66835
-0.75,1,92.670783
-0.25,2,92.675408
-0.25,2,92.680597
-0.75,1,92.683392
1.75,6,92.697298
-1.25,3,92.704114
1.75,3,92.710952
-0.25,2,92.715597
2.25,7,92.731038
25.5,51,92.850133
15.5,31,92.921018
-0.25,2,92.926401
-0.25,2,92.931291
-0.25,2,92.936229
2.75,8,93.246352
-0.25,2,93.251803
1.75,9,93.274591
-0.25,2,93.280052
-0.75,10,93.308831
0.25,3,93.316939
13.0,41,93.415862
-0.25,2,93.420845
0.75,4,93.430428
0.75,1,93.433192
1.75,6,93.448397
-1.25,3,93.456231
-0.25,2,93.461464
-0.75,1,93.464538
2.25,7,93.482278
-0.75,1,93.484998
3.25,6,93.499002
-0.75,4,93.50838
-0.75,4,93.51781
0.75,1,93.520351
8.75,20,93.5671
-0.75,1,93.569707
-0.75,1,93.572259
1.25,5,93.585763
0.75,1,93.58857
-0.25,2,93.593642
3.25,9,93.615213
0.75,4,93.624937
2.75,8,93.643045
-4.25,9,93.66483
-0.75,1,93.667569
5.25,13,93.6978
1.75,3,93.704981
-0.75,4,93.714725
-1.25,3,93.722377
-0.75,1,93.725221
-0.25,2,93.730432
-0.25,2,93.735496
-0.25,2,93.740465
0.25,3,93.747799
23.5,50,93.866279
1.75,3,93.873823
-0.75,1,93.876576
15.0,30,93.950522
0.75,1,93.953291
0.75,4,93.963223
-1.75,2,93.968324
-0.75,1,93.971217
-1.25,3,93.978856
-1.25,1,93.98141
-1.25,9,94.00249
4.25,11,94.027929
-0.25,2,94.032907
-0.75,1,94.035745
-10.75,17,94.076711
-0.75,1,94.079151
-2.25,4,94.088207
1.25,5,94.099952
1.25,5,94.112542
-0.25,2,94.117649
2.75,8,94.137558
0.75,1,94.140595
0.25,3,94.148558
-0.25,2,94.153919
0.75,4,94.164517
0.75,1,94.167752
0.75,1,94.171119
0.75,1,94.174493
10.75,27,94.241458
-0.25,2,94.247727
-2.75,3,94.256691
-0.75,1,94.259853
16.5,33,94.343009
1.25,5,94.356096
3.25,6,94.372316
-0.75,7,94.390196
-2.25,4,94.400288
1.75,6,94.415091
-0.75,1,94.417676
-0.25,2,94.422912
3.25,6,94.437757
1.75,6,94.451838
0.75,1,94.454544
3.25,6,94.468211
2.75,8,94.49319
2.25,7,94.801718
-7.25,9,94.824546
-0.75,1,94.827297
24.0,48,94.94354
-0.25,2,94.94859
-2.75,3,94.956029
-0.25,2,94.96155
0.25,3,94.969284
-2.25,4,94.979161
3.25,6,94.993967
-0.25,2,94.998983
10.75,24,95.053822
0.75,1,95.056662
-0.75,1,95.059482
0.75,1,95.062256
3.25,6,95.076539
0.25,3,95.083947
-0.25,5,95.09621
0.25,3,95.10505
0.75,1,95.107955
-0.75,1,95.110427
-0.25,2,95.115512
-2.75,9,95.137174
-0.75,1,95.139815
-0.75,1,95.142539
0.75,1,95.145312
1.75,6,95.160136
-0.25,2,95.166416
23.0,46,95.279746
-0.75,1,95.282304
-0.25,2,95.287534
0.75,4,95.297852
-1.25,1,95.300752
1.75,3,95.30803
-2.25,4,95.318406
-1.25,3,95.32657
-7.25,9,95.34968
-1.75,8,95.369418
-0.25,2,95.374662
1.75,6,95.388882
-10.25,12,95.417324
-0.25,2,95.42273
-3.25,11,95.450251
3.25,6,95.466955
4.25,11,95.496236
1.75,6,95.51148
18.0,36,95.602686
5.25,13,95.63586
4.75,9,95.662265
0.75,1,95.66558
31.5,63,95.823349
0.75,1,95.82629
0.75,1,95.829341
-0.25,2,95.834825
-0.75,1,95.83769
-0.75,1,95.840747
-0.25,2,95.846836
-0.75,1,95.850309
0.75,4,95.860646
1.75,6,95.876213
-0.25,2,95.881578
-4.25,9,95.904027
0.75,1,95.906863
-0.25,2,95.912184
0.25,6,95.92711
3.25,6,95.941901
23.5,47,96.053843
-0.75,1,96.056518
-0.25,2,96.061769
-0.75,1,96.064489
4.25,11,96.395835
1.75,6,96.412468
-0.75,1,96.415242
1.75,9,96.437911
-0.25,2,96.443232
8.25,19,96.491241
10.75,24,96.555587
-0.75,1,96.558365
1.75,3,96.566099
2.75,8,96.58586
-0.75,1,96.588635
-0.25,3,96.596087
1.75,3,96.603752
-0.75,1,96.606545
-0.25,2,96.611592
14.5,29,96.68323
18.0,36,96.77213
-0.75,1,96.774979
-0.25,11,96.802182
0.75,4,96.811595
11.0,22,96.865092
-0.75,1,96.867739
0.75,1,96.870384
5.25,13,96.902576
0.75,4,96.912571
-0.25,2,96.917415
-3.25,5,96.930199
8.25,19,96.978504
3.25,6,96.993521
-0.75,1,96.996289
0.75,1,96.99912
0.75,1,97.001893
-0.75,1,97.004668
1.75,6,97.019891
4.25,11,97.047203
0.25,9,97.069298
-0.75,1,97.071979
0.25,3,97.079315
0.75,1,97.081829
1.75,6,97.09799
13.0,32,97.181146
21.0,42,97.281958
0.75,4,97.292146
-0.25,2,97.297518
8.75,20,97.348354
0.75,13,97.382189
-0.75,1,97.385018
-0.25,2,97.390122
-0.75,4,97.40002
25.0,50,97.521238
0.75,1,97.524136
0.75,4,97.536205
2.25,7,97.554846
4.25,11,97.5828
3.25,6,97.597209
0.75,4,97.606872
-0.75,1,97.609655
1.25,5,97.621863
-0.75,1,97.62467
0.25,3,97.632582
-0.75,1,97.635561
-0.75,1,97.638539
2.25,7,97.656857
1.75,6,97.671217
1.75,3,97.996245
3.75,10,98.025352
4.75,12,98.057681
0.75,1,98.06075
19.0,56,98.230514
9.25,21,98.290043
1.75,6,98.306585
-0.25,2,98.312032
-0.25,2,98.317166
-3.25,8,98.337195
15.0,30,98.407647
4.25,11,98.436954
-0.75,1,98.439815
25.5,51,98.56658
-0.25,2,98.571942
-0.75,1,98.574683
1.75,6,98.589708
20.5,41,98.693475
0.75,1,98.696358
2.25,7,98.714053
1.75,6,98.729733
19.5,39,98.827171
1.75,6,98.841561
0.75,4,98.851267
-0.75,1,98.85421
-0.25,2,98.859822
18.0,36,98.95145
0.25,3,98.959149
5.25,13,98.99376
1.75,6,99.008615
23.0,52,99.139572
2.75,8,99.15881
1.75,3,99.166247
19.5,39,99.264647
-0.75,1,99.267248
-0.25,2,99.272319
2.25,7,99.289227
-0.25,2,99.294237
-0.75,1,99.296773
0.75,4,99.306223
-0.25,2,99.31167
-0.75,1,99.314723
19.25,41,99.73111
26.5,53,99.889982
0.75,4,99.900306
0.75,4,99.910683
0.25,3,99.917875
18.5,37,100.007458
20.0,40,100.114838
-1.25,3,100.122401
17.0,34,100.210053
4.25,8,100.22955
-1.75,14,100.263975
-0.25,2,100.269089
0.75,1,100.271518
0.75,1,100.274055
-0.25,2,100.279516
5.25,10,100.303452
0.25,3,100.310463
13.0,26,100.370305
-0.25,2,100.375392
-0.25,2,100.380157
1.75,6,100.39343
0.75,1,100.39587
-0.25,2,100.400569
3.25,9,100.421185
0.75,1,100.423766
21.5,43,100.531569
-2.25,4,100.541797
-0.75,1,100.54451
1.75,6,100.561217
12.0,24,100.616437
18.25,39,100.704525
0.75,1,100.70696
16.5,66,100.863466
0.25,3,100.870717
0.75,1,100.873243
1.75,4,100.88323
5.25,9,100.90571
0.75,1,100.908225
2.25,7,101.237283
1.75,9,101.260255
1.25,5,101.273261
0.75,1,101.276056
-0.25,2,101.281637
-0.25,2,101.287161
-0.75,1,101.289943
15.0,30,101.369256
-0.25,2,101.3747
1.75,3,101.382402
0.75,1,101.385134
0.75,1,101.387962
9.25,21,101.442582
26.5,53,101.583413
1.75,6,101.59817
13.5,27,101.663108
3.25,9,101.687506
8.25,19,101.734723
0.75,1,101.73736
10.0,29,101.80872
-0.25,2,101.813989
7.25,17,101.853387
-0.25,2,101.858597
0.75,4,101.869086
2.25,7,101.88664
3.25,6,101.90239
-0.25,2,101.907366
-0.25,2,101.912513
26.0,58,102.059031
1.25,5,102.070792
12.0,24,102.130337
7.5,42,102.233021
1.25,5,102.24649
5.25,10,102.271361
-1.75,8,102.29206
13.0,26,102.357162
5.75,11,102.384526
0.75,1,102.387095
-0.25,2,102.392337
-0.25,2,102.397441
0.25,3,102.404485
31.5,63,102.874146
-2.25,4,102.885022
0.25,3,102.894097
13.0,26,102.965362
-0.25,3,102.973094
-0.25,2,102.97836
8.25,19,103.02684
2.75,8,103.046426
-0.25,2,103.051691
-0.25,2,103.057179
0.75,1,103.059839
-0.25,2,103.064944
-0.25,2,103.070253
-0.25,2,103.075609
0.75,4,103.085863
0.75,1,103.088603
2.25,7,103.10633
15.0,30,103.180746
2.75,8,103.200171
3.25,6,103.21499
-0.25,2,103.220133
2.75,11,103.248882
-0.75,1,103.251653
-2.25,4,103.261811
0.75,4,103.271675
27.0,57,103.405539
0.75,4,103.415337
2.25,7,103.431705
1.75,6,103.448183
4.75,9,103.472754
31.5,63,103.623899
0.25,3,103.63083
-0.75,1,103.633475
-0.25,2,103.638418
-0.75,1,103.641268
-4.25,6,103.656668
5.25,9,103.679303
2.25,7,103.697296
5.25,13,103.729836
20.0,40,103.830317
-0.25,2,103.835451
-1.25,1,103.838283
1.25,5,103.851326
2.25,4,103.863246
-0.75,1,103.866052
3.25,6,103.880975
0.25,3,103.888397
-3.25,5,103.900528
6.25,9,103.923172
-1.75,11,103.950098
0.25,3,103.957616
-9.25,11,103.984062
0.75,1,103.987014
3.25,6,104.002047
-0.75,1,104.0046
0.75,1,104.007481
-0.75,1,104.009934
3.75,10,104.036367
-0.75,1,104.039113
1.25,8,104.058826
-0.25,2,104.064386
1.75,6,104.07939
-1.25,3,104.088229
-0.75,1,104.091094
-0.25,2,104.096373
1.25,14,104.445069
2.75,8,104.46626
-0.25,2,104.472151
-0.25,2,104.47755
0.75,1,104.480555
0.75,1,104.483492
-0.75,7,104.502056
0.75,10,104.52739
-4.25,6,104.542893
19.5,45,104.656723
0.25,3,104.664756
-0.25,3,104.672686
24.75,55,104.810821
-3.25,5,104.825571
1.75,3,104.833599
0.25,12,104.863232
16.5,33,104.944494
-0.75,1,104.947184
-0.25,14,104.979923
-0.25,2,104.98459
-0.75,1,104.987247
-0.75,1,104.99004
4.75,9,105.016083
0.75,4,105.027179
0.75,1,105.032648
7.25,17,105.078261
-0.25,2,105.083353
-0.75,1,105.086223
-0.25,2,105.091437
19.0,38,105.186103
0.75,1,105.188673
0.75,1,105.191167
-0.25,2,105.196163
0.75,1,105.198906
17.0,37,105.291853
3.25,6,105.306061
-0.75,1,105.308894
2.75,8,105.329195
-0.25,2,105.334538
-1.25,12,105.367358
-1.25,3,105.375218
1.75,9,105.397186
0.75,1,105.400033
1.75,3,105.40715
14.0,28,105.47932
-8.25,10,105.506375
-7.25,9,105.529543
-1.25,3,105.537286
19.0,38,105.633568
11.0,22,105.686718
-0.25,2,105.691919
-1.25,3,105.700986
3.25,6,105.716233
2.75,8,105.736271
0.75,1,105.739068
-13.25,21,106.116992
-1.25,3,106.124836
0.75,1,106.127612
-0.75,1,106.130491
16.5,33,106.212672
1.25,11,106.242054
-0.25,2,106.247364
0.75,1,106.250165
3.75,10,106.278686
3.25,6,106.29424
13.5,27,106.360565
-0.75,1,106.36331
2.75,8,106.384829
-7.75,8,106.404639
1.25,5,106.417239
0.75,1,106.41983
0.25,3,106.427699
-0.25,2,106.433077
-0.25,2,106.437895
0.25,3,106.445459
1.75,6,106.460358
3.25,6,106.475359
-1.25,6,106.491323
1.75,6,106.50609
0.75,1,106.508747
-2.75,3,106.516561
0.75,3,106.524372
-0.75,1,106.527281
-0.75,1,106.530632
-6.25,8,106.551767
-0.25,2,106.557426
-2.75,3,106.56555
0.75,1,106.568356
-0.25,2,106.573673
-0.75,1,106.576478
8.5,32,106.655613
12.5,25,106.718043
1.75,3,106.725417
1.75,6,106.742383
-2.25,4,106.75202
0.75,4,106.763494
1.25,11,106.790967
1.75,9,106.813322
1.75,3,106.82204
0.25,3,106.829642
-0.25,2,106.834559
12.5,25,106.893741
0.75,4,106.902755
0.75,4,106.912585
13.5,30,106.986537
0.25,3,106.994037
3.75,7,107.011414
-0.75,1,107.014238
25.5,51,107.163959
51.0,102,107.761277
-0.75,1,107.764151
3.75,7,107.782469
-0.25,2,107.788058
1.75,6,107.802995
-0.25,2,107.808433
18.5,36,107.896525
0.75,13,107.926085
-0.25,2,107.931262
-1.75,11,107.959889
0.25,9,107.981635
-0.75,1,107.984415
7.25,17,108.022995
-0.75,1,108.026078
17.5,35,108.112181
5.75,17,108.151158
-0.75,1,108.153684
-2.25,4,108.164187
-0.25,2,108.170294
-0.25,2,108.175789
0.25,3,108.183476
3.75,10,108.207789
-2.25,7,108.224341
2.75,8,108.243251
1.25,5,108.254865
-0.25,2,108.259673
0.25,3,108.266647
1.75,9,108.28938
-0.75,1,108.292211
0.75,1,108.295066
5.25,22,108.347423
0.75,1,108.350173
-1.25,3,108.357558
15.5,31,108.434074
-0.75,1,108.43668
3.25,6,108.450584
-0.25,2,108.455854
-0.75,1,108.45836
0.75,1,108.460803
0.25,3,108.467553
10.75,23,108.522366
17.0,37,108.611214
3.25,6,108.627378
1.75,6,108.642235
0.75,1,108.645049
-0.75,1,108.648329
1.25,5,108.66235
3.75,7,108.679731
3.75,6,108.695284
3.25,6,108.710067
-0.75,1,108.712605
2.75,8,108.732264
11.5,23,108.789378
0.75,1,108.792225
-1.25,6,108.807361
-1.25,3,108.814388
-0.75,1,108.816953
18.5,43,108.923547
-0.25,2,108.928346
-0.75,1,108.931071
-1.25,3,108.938169
5.25,10,108.962927
17.5,35,109.375585
-0.25,2,109.380813
0.25,3,109.388785
1.25,5,109.402647
-0.75,1,109.40576
3.25,6,109.420951
-2.25,4,109.431239
-0.75,10,109.45722
3.25,9,109.480201
-1.25,3,109.48798
0.75,4,109.498037
-1.25,3,109.5061
24.0,48,109.628325
-0.75,1,109.63185
0.75,1,109.634984
6.75,16,109.675065
0.75,4,109.685233
3.25,6,109.699916
27.5,55,109.83343
-0.25,2,109.838742
0.75,1,109.841708
1.75,6,109.857793
12.0,24,109.919365
0.25,3,109.926841
0.75,4,109.936366
7.25,17,109.978222
13.5,27,110.044359
-0.75,1,110.047075
7.75,18,110.092532
-2.25,4,110.103224
0.25,9,110.140672
0.75,4,110.151561
-0.75,1,110.154349
2.25,7,110.172803
-0.25,8,110.193272
-1.25,1,110.196457
-4.25,6,110.211523
-0.75,1,110.214381
20.25,43,110.322387
8.75,20,110.371406
1.25,5,110.384161
-4.75,14,110.420001
-0.25,2,110.425029
-2.25,13,110.457752
-0.25,2,110.463185
3.25,6,110.480429
-0.25,2,110.486306
3.25,6,110.502999
0.25,9,110.527288
-0.25,2,110.532643
1.25,8,110.552277
-1.25,3,110.559452
12.5,25,110.622887
-0.25,2,110.628182
2.25,10,110.965486
-0.25,5,110.978834
0.75,1,110.981767
0.25,3,110.98972
-0.75,4,111.00025
1.25,5,111.013438
14.5,35,111.102913
-0.25,2,111.108527
-1.25,3,111.116222
-0.75,10,111.142048
0.75,1,111.145081
-0.25,2,111.150364
-0.75,1,111.153154
-1.25,9,111.175245
0.75,1,111.178149
-2.25,10,111.203508
-0.25,2,111.208899
0.75,1,111.211883
1.75,3,111.219757
-7.25,9,111.242542
1.75,6,111.257957
-0.75,1,111.260837
4.25,11,111.287399
2.25,4,111.297889
0.25,3,111.306226
3.25,6,111.321254
9.75,22,111.376249
-0.75,1,111.378834
28.0,77,111.572254
0.75,1,111.575123
0.75,1,111.577872
0.75,1,111.58056
-1.25,3,111.588016
1.75,3,111.595495
-0.25,2,111.600855
0.25,3,111.608514
2.25,7,111.624945
-5.25,7,111.641673
12.0,24,111.700848
-0.25,2,111.705734
19.0,38,111.798064
-0.25,2,111.803381
-0.25,3,111.81109
-0.25,2,111.815943
2.75,8,111.835192
1.75,3,111.842811
1.75,9,111.865381
7.0,38,111.955579
13.5,27,112.021821
3.25,6,112.035559
0.75,1,112.038303
-0.25,2,112.043542
1.75,3,112.051146
21.0,42,112.154041
10.25,23,112.209069
-0.25,2,112.214127
0.75,1,112.21693
1.75,3,112.553234
-8.75,12,112.583479
1.75,6,112.598391
0.75,1,112.600918
0.75,1,112.603562
3.75,10,112.628815
2.75,8,112.65077
0.75,1,112.654063
0.75,1,112.657011
0.75,1,112.65994
3.25,6,112.67574
1.75,6,112.691415
3.25,9,112.713613
18.0,36,112.804002
-0.75,1,112.806977
-0.75,1,112.809951
3.75,7,112.828121
-4.25,6,112.84422
-1.25,1,112.84729
0.75,4,112.85816
-8.25,10,112.886697
-0.25,2,112.892094
-0.75,1,112.895152
33.5,67,113.061501
-1.25,1,113.06436
10.5,42,113.174212
-5.25,7,113.190535
0.25,3,113.198958
0.75,4,113.209891
12.5,25,113.268523
1.75,6,113.283226
0.75,1,113.286175
18.0,36,113.373919
13.5,30,113.448649
-4.75,32,113.534341
1.75,6,113.550996
25.0,50,113.66742
30.0,60,113.809684
-4.25,6,113.82441
-5.25,7,114.15512
1.25,5,114.167694
-2.25,4,114.177762
10.75,24,114.235992
3.75,7,114.253467
-5.25,7,114.270689
1.25,14,114.306046
-7.75,11,114.334579
-0.25,5,114.347508
3.25,6,114.362738
-0.25,2,114.368361
25.0,50,114.529732
0.75,1,114.534506
3.75,7,114.560545
0.75,7,114.582858
-2.25,4,114.595978
-0.25,2,114.602668
-0.75,1,114.605978
15.5,31,114.684516
0.75,10,114.709088
1.75,3,114.717112
3.75,10,114.743226
9.75,22,114.798797
-0.25,2,114.804118
2.25,7,114.820692
0.75,4,114.830681
9.75,22,114.886402
-0.25,2,114.891999
-2.75,12,114.92175
19.5,39,115.016138
0.75,1,115.018875
-0.25,2,115.023965
2.25,7,115.040197
-0.75,1,115.042552
0.75,1,115.044942
3.25,9,115.068195
15.0,30,115.142062
-9.25,11,115.166895
16.5,39,115.262393
-0.75,1,115.265012
14.5,29,115.33249
-0.25,2,115.338473
-3.25,14,115.376732
-0.25,2,115.382699
11.0,22,115.436484
18.0,42,115.856953
-0.25,2,115.861922
1.25,5,115.874326
3.25,6,115.891366
0.25,9,115.915833
3.25,6,115.932124
1.75,6,115.949519
-0.75,1,115.952667
-0.75,1,115.955689
2.75,8,115.978423
20.5,41,116.089661
-3.25,5,116.103149
-0.25,2,116.110069
2.25,10,116.138232
0.25,3,116.146402
7.75,18,116.192273
13.5,27,116.258071
2.25,7,116.274318
-7.25,9,116.296607
-1.75,8,116.316319
-0.25,2,116.321029
11.75,26,116.390443
1.75,6,116.405118
-5.75,12,116.43564
14.25,31,116.513705
1.75,6,116.5299
7.75,27,116.603725
11.25,24,116.663958
-0.25,2,116.669047
-0.75,1,116.671889
1.75,6,116.687902
-0.75,1,116.690705
-0.25,2,116.69622
0.75,4,116.706587
0.25,6,116.722114
1.75,6,116.738046
3.25,6,116.753451
-0.25,2,116.758665
1.25,5,116.77115
-0.25,2,116.776
3.75,7,116.793871
0.75,1,116.796983
-0.75,1,116.800018
1.25,5,116.812818
27.5,55,116.966024
0.75,1,116.969298
18.0,36,117.076465
0.25,3,117.084098
4.25,8,117.104196
1.25,5,117.118115
1.75,6,117.133976
0.25,3,117.141855
1.25,5,117.472036
-0.75,1,117.474833
2.75,8,117.49572
0.25,3,117.503521
39.0,81,117.705372
0.25,3,117.71315
13.5,27,117.78196
2.75,8,117.803301
1.25,5,117.816369
0.25,9,117.839523
-0.25,3,117.847863
0.75,1,117.850917
12.5,25,117.91396
0.75,1,117.916766
13.5,27,117.984047
-1.25,6,117.999707
-0.75,1,118.002463
-0.75,1,118.005165
0.75,1,118.007895
0.75,4,118.018762
25.5,51,118.14655
-0.25,11,118.173811
0.75,1,118.176673
0.75,4,118.186383
0.75,10,118.211173
0.75,4,118.22085
0.25,3,118.228432
-5.25,7,118.245755
3.25,6,118.262361
-0.25,2,118.268557
-0.25,2,118.273875
0.75,1,118.276482
2.25,7,118.293989
-0.25,2,118.299058
-0.75,1,118.30168
2.25,7,118.318466
13.5,27,118.387412
1.25,5,118.400008
29.0,58,118.543936
-0.25,2,118.548959
3.25,6,118.563405
21.0,42,118.664127
0.75,1,118.666744
1.25,5,118.678969
19.0,38,119.088391
2.25,7,119.106728
-0.75,4,119.120268
-0.75,1,119.124857
-0.25,2,119.131745
-1.75,2,119.13711
0.75,1,119.139999
30.5,61,119.293235
3.25,6,119.307833
-0.25,2,119.312935
-0.25,2,119.318658
-0.75,1,119.321467
-8.25,10,119.346339
-0.75,1,119.349163
-0.25,2,119.354246
3.75,7,119.372145
-0.75,13,119.404811
1.75,6,119.420662
-0.75,1,119.423592
-0.25,2,119.429065
19.5,39,119.531263
-0.25,5,119.543994
10.5,24,119.603675
-0.25,2,119.608868
0.75,4,119.618895
2.75,8,119.637965
-0.75,1,119.64052
-2.75,3,119.648082
18.5,37,119.736589
-0.75,1,119.739299
2.75,8,119.757453
1.25,5,119.769264
0.75,1,119.771898
27.75,58,119.911678
1.75,6,119.926612
0.25,3,119.934036
2.75,11,119.959946
1.75,6,119.9748
2.25,7,119.991442
18.5,37,120.081339
-0.75,1,120.084205
3.25,9,120.107214
-0.25,2,120.112724
-0.25,2,120.118526
15.0,30,120.198459
-0.25,2,120.203556
0.25,3,120.21149
-0.25,2,120.21673
0.75,4,120.226512
-0.75,1,120.229409
2.25,7,120.246586
-1.25,3,120.253992
-0.75,1,120.25661
-0.75,1,120.259322
2.75,8,120.278864
1.25,5,120.291054
0.75,1,120.293739
15.5,31,120.689694
-0.25,2,120.695167
-0.25,2,120.700979
17.0,34,120.785509
-0.25,2,120.790758
0.75,1,120.793653
-0.25,2,120.798881
0.75,1,120.80154
-3.25,5,120.815211
-0.25,2,120.821307
3.25,6,120.835811
3.25,9,120.858148
6.25,33,120.942316
3.75,7,120.959841
2.75,11,120.987314
2.75,8,121.00792
-0.75,1,121.010658
3.25,6,121.026163
-1.25,3,121.034116
2.25,7,121.0537
0.25,3,121.061889
1.25,8,121.081761
-1.25,3,121.08951
-1.75,2,121.094911
17.5,35,121.199687
0.75,1,121.202556
-3.25,11,121.23038
-0.75,1,121.233063
1.25,8,121.252819
-1.25,1,121.255569
-0.25,2,121.260399
1.75,12,121.289057
1.75,6,121.303712
1.75,6,121.31813
16.5,33,121.398526
0.25,6,121.413507
10.5,27,121.481674
-0.75,1,121.484484
-1.25,3,121.492262
15.5,34,121.578039
2.75,8,121.59781
14.0,28,121.667638
3.75,7,121.684828
3.75,7,121.70196
16.5,33,121.782874
3.25,6,121.797714
3.25,9,121.820012
4.25,8,121.841172
-0.75,10,121.865353
-2.25,4,121.875599
-0.25,2,121.881032
1.75,6,121.895708
-2.25,4,121.905818
-5.25,7,121.923162
2.75,11,121.953039
-0.75,1,121.955889
-0.25,2,121.961091
-2.75,3,121.968523
-5.25,7,122.36005
1.25,5,122.372506
-5.25,13,122.405592
18.5,40,122.501903
-15.25,20,122.55274
0.75,1,122.555708
3.25,12,122.586451
-0.25,2,122.591712
-1.25,3,122.599502
-2.25,4,122.610683
1.75,6,122.62712
3.25,6,122.642899
0.75,1,122.645703
0.75,4,122.656185
12.5,25,122.719207
-0.25,2,122.725052
-0.25,2,122.730344
-1.25,3,122.738212
3.25,9,122.760864
2.75,8,122.781206
-0.75,1,122.784159
-0.25,2,122.789801
3.75,7,122.807595
20.5,41,122.909418
1.25,5,122.921498
0.75,7,122.937977
0.75,1,122.94082
16.5,33,123.025297
0.75,4,123.035633
1.75,6,123.050253
0.75,1,123.053023
0.25,3,123.061113
1.25,5,123.075218
11.0,22,123.12972
-0.25,2,123.13502
12.5,25,123.197166
-0.25,2,123.202307
2.25,7,123.22052
0.75,4,123.230691
0.75,1,123.233524
2.75,8,123.254201
3.75,7,123.271535
-1.25,3,123.279615
13.5,27,123.344008
43.0,92,123.567909
2.25,7,123.5857
0.75,4,123.595349
18.0,36,124.002381
14.5,29,124.078324
-0.75,1,124.081301
1.25,5,124.093952
14.0,28,124.165129
-0.25,2,124.17031
-0.25,5,124.183933
-0.75,1,124.187303
-0.25,2,124.192679
0.75,1,124.195518
2.25,4,124.205777
1.75,6,124.221025
8.25,19,124.268166
0.75,1,124.270838
0.75,1,124.273761
2.25,7,124.29104
-0.75,1,124.293902
-0.75,1,124.296727
-0.75,1,124.299564
0.75,1,124.302197
0.75,1,124.304935
19.0,38,124.399608
-0.75,1,124.402602
0.75,4,124.413836
1.75,3,124.421769
2.75,8,124.442057
2.25,7,124.461209
-0.75,1,124.464373
-0.25,2,124.470331
16.0,35,124.561773
-0.25,2,124.566999
-1.25,3,124.574486
-0.75,1,124.577475
6.25,15,124.614424
0.75,1,124.617321
-0.75,1,124.620367
-0.75,1,124.623257
7.25,17,124.664692
25.5,51,124.788164
14.0,31,124.864844
-2.25,4,124.87484
1.25,5,124.887085
-0.75,1,124.889828
-0.25,2,124.895083
19.5,39,124.996362
21.5,43,125.104467
-0.75,1,125.10741
-0.75,1,125.110655
0.25,3,125.118362
-0.75,1,125.121008
0.75,1,125.123569
-4.25,6,125.140327
7.75,18,125.184309
0.75,1,125.187098
1.25,4,125.198668
0.75,1,125.201671
3.25,6,125.216256
-0.75,1,125.219192
1.25,14,125.251082
-0.25,2,125.25578
2.75,8,125.600908
-0.25,2,125.606329
0.25,3,125.614585
0.75,1,125.61748
1.75,6,125.632653
0.25,3,125.640187
-2.25,4,125.650023
-0.25,2,125.6553
12.0,24,125.716718
-2.75,3,125.723764
3.75,10,125.748099
0.25,3,125.757454
-0.75,1,125.762324
1.75,6,125.779085
2.25,7,125.796725
0.75,1,125.799722
1.75,3,125.807223
1.75,6,125.822059
0.25,3,125.829841
4.25,11,125.859496
2.75,8,125.879937
2.75,8,125.900243
-0.75,1,125.903062
0.25,3,125.911068
-0.25,2,125.91638
3.25,6,125.931785
-0.25,2,125.937007
3.75,7,125.957577
2.25,7,125.977207
3.25,6,125.992358
1.25,8,126.012141
3.75,7,126.02999
0.75,4,126.042035
11.25,25,126.125654
1.75,6,126.140244
25.5,51,126.265828
-1.25,3,126.273951
1.75,6,126.290143
28.5,57,126.429126
21.5,43,126.535596
0.25,9,126.561103
28.0,56,126.697412
0.25,3,126.704895
-0.75,1,126.707682
-0.25,2,126.713002
-0.25,2,126.718182
-4.25,6,126.732612
0.25,3,126.740363
1.75,6,126.756135
-0.75,1,126.75881
-0.25,2,126.763931
9.75,19,126.810199
-0.75,1,126.812814
-0.25,2,126.817772
0.75,7,126.834968
1.75,3,126.842561
2.75,8,126.8625
-0.25,2,126.868407
-0.25,2,126.873817
0.75,1,126.876548
11.5,26,127.246061
0.25,3,127.253677
-0.75,1,127.256176
3.25,6,127.270594
-3.25,5,127.282294
-0.75,1,127.284822
25.5,51,127.403633
-0.75,1,127.406261
1.25,5,127.418649
23.0,42,127.522556
-0.75,1,127.525414
3.25,6,127.540552
-0.75,1,127.543465
12.75,28,127.613452
0.75,4,127.62333
2.25,7,127.641049
1.75,6,127.65568
-0.25,2,127.660975
-0.25,2,127.66628
12.0,24,127.725353
19.0,38,127.818108
0.25,3,127.825487
2.75,8,127.844528
0.75,1,127.847452
6.25,15,127.888469
5.75,7,127.906522
-0.75,1,127.90916
-1.25,1,127.911758
1.25,5,127.924228
0.75,1,127.926871
0.25,3,127.934273
1.75,6,127.949075
1.75,6,127.963999
0.25,12,127.994784
0.75,4,128.004691
-0.75,4,128.014921
1.75,6,128.029667
15.5,31,128.105754
3.25,6,128.121786
0.75,1,128.124644
-0.25,2,128.130061
-0.75,1,128.132832
2.25,10,128.157076
0.75,4,128.166308
-0.25,2,128.171109
-0.25,2,128.176243
-0.75,1,128.178875
0.25,3,128.186183
-0.25,2,128.191057
-0.25,5,128.202546
-0.75,1,128.205134
-0.75,1,128.207915
23.5,47,128.316026
-2.25,4,128.325677
13.0,26,128.387748
0.25,3,128.39543
-0.75,1,128.398328
19.5,39,128.795736
16.0,32,128.877686
3.25,9,128.902742
-0.25,2,128.908135
-0.25,2,128.913458
17.0,34,129.000799
13.5,27,129.066171
-1.25,3,129.072729
3.25,9,129.095791
14.0,28,129.171078
-0.25,2,129.176462
-2.25,4,129.187001
-0.25,2,129.192244
0.75,1,129.195216
-3.25,5,129.208061
-0.25,2,129.213564
13.0,26,129.278812
2.75,8,129.298425
4.25,8,129.318724
-1.25,6,129.335292
1.75,6,129.352509
0.25,3,129.360178
-0.75,1,129.362989
-0.25,2,129.368302
-0.25,2,129.37354
1.75,6,129.388467
0.75,4,129.398388
-5.25,7,129.415588
-0.25,5,129.428704
21.5,42,129.533417
-0.25,2,129.53838
-0.25,2,129.543427
-0.75,1,129.54614
19.25,41,129.648085
-0.25,2,129.65366
2.75,8,129.674574
7.75,18,129.720617
0.25,3,129.728344
0.75,1,129.731288
-0.25,2,129.736688
1.25,5,129.749492
-2.75,3,129.756641
13.5,27,129.827487
2.25,4,129.837353
0.75,1,129.840204
-1.75,11,129.867035
-0.75,1,129.869731
-1.25,3,129.877265
-3.25,5,129.89126
0.75,1,129.894411
-0.75,1,129.89722
2.75,8,129.918746
-2.25,7,129.937174
6.75,16,129.976908
1.25,8,129.996816
-0.25,2,130.003025
-0.75,1,130.005977
-0.75,1,130.008881
-0.25,2,130.014376
18.25,39,130.411695
-0.25,8,130.430794
1.75,6,130.447962
26.0,52,130.584553
1.25,5,130.597769
10.0,29,130.66944
-8.25,13,130.702597
13.5,27,130.773364
11.5,29,130.849012
2.25,7,130.867155
5.75,14,130.903178
23.0,46,131.020823
-0.25,2,131.025978
22.0,44,131.136806
3.25,6,131.153744
-2.75,3,131.161339
16.0,32,131.236678
-0.25,2,131.241707
4.25,8,131.260235
-0.25,2,131.264986
-4.25,6,131.279193
-0.25,2,131.283982
0.75,1,131.286422
18.0,36,131.402392
-0.25,2,131.408999
3.25,12,131.446055
1.25,8,131.473807
16.0,32,131.559481
0.75,4,131.573028
-0.25,2,131.579511
0.75,1,131.582551
0.75,7,131.600827
0.75,4,131.610735
-0.25,2,131.615449
0.25,3,131.62279
-2.75,3,131.631462
0.25,4,131.641092
-0.25,2,131.647318
-0.75,1,131.650605
-4.25,6,131.669762
0.75,7,131.691899
13.5,27,132.057044
-0.75,1,132.059577
0.75,4,132.069225
0.75,1,132.07178
5.25,9,132.092853
14.0,28,132.163997
0.75,1,132.166677
24.5,49,132.279561
4.75,9,132.30037
0.25,3,132.307335
-0.25,2,132.312232
1.75,9,132.333323
1.75,6,132.347608
0.25,3,132.355651
-0.75,1,132.358695
0.75,4,132.369028
19.5,39,132.457811
0.75,1,132.460773
1.75,6,132.477141
-0.25,2,132.482339
1.75,6,132.497327
0.75,10,132.52266
31.5,63,132.692379
17.0,37,132.794781
6.75,16,132.841519
-2.25,4,132.853226
-3.25,5,132.866168
3.25,6,132.881329
0.75,13,132.91314
28.0,56,133.053419
-6.25,8,133.07325
2.75,5,133.085634
24.5,49,133.207704
17.5,38,133.301614
-0.75,1,133.304263
0.75,1,133.306852
18.0,42,133.712435
-2.75,12,133.744055
3.25,6,133.759204
1.25,5,133.772333
24.0,48,133.89022
3.25,6,133.905496
2.25,7,133.923245
-4.25,9,133.944948
-0.25,2,133.950302
3.25,6,133.965307
0.25,9,133.987904
0.25,3,133.995435
2.75,8,134.015398
0.25,3,134.023249
-7.25,9,134.046402
4.75,9,134.067727
0.25,3,134.075982
14.5,29,134.151029
-0.25,2,134.156345
1.75,6,134.171852
-0.25,2,134.177958
-0.25,2,134.183903
27.0,54,134.321311
5.25,10,134.346514
0.75,1,134.349391
20.5,40,134.448583
0.25,3,134.456042
17.0,34,134.547075
0.25,3,134.555152
-0.25,2,134.560678
12.0,24,134.622
13.5,27,134.695033
14.5,38,134.803214
-1.25,6,134.818346
12.75,28,134.890321
12.0,24,135.291725
1.75,6,135.30856
1.75,3,135.316888
20.0,46,135.430089
0.75,10,135.455934
1.75,6,135.471295
18.0,36,135.560203
-0.25,2,135.56508
-0.25,2,135.569824
1.75,9,135.591986
10.0,47,135.707759
4.75,9,135.728306
4.25,11,135.752434
-1.25,3,135.759594
1.75,9,135.781955
-1.25,3,135.789373
-6.25,8,135.808865
-1.75,11,135.836029
2.75,6,135.85114
3.25,6,135.866029
-5.25,7,135.883543
27.5,55,136.02689
-1.25,3,136.037542
22.5,48,136.174141
-9.75,13,136.207659
13.5,39,136.304398
3.75,7,136.321338
2.25,6,136.335636
7.0,38,136.428035
1.75,3,136.435498
-0.75,10,136.460158
13.0,26,136.523937
24.0,48,136.979999
-0.25,2,136.985347
1.25,5,136.998171
1.5,27,137.065954
17.5,47,137.189361
0.75,1,137.192167
0.75,4,137.202107
1.25,5,137.214468
-2.25,4,137.225888
16.5,33,137.312258
16.5,33,137.396453
12.0,24,137.456407
12.0,27,137.528942
-0.25,5,137.542069
7.25,17,137.585988
1.75,6,137.602087
-0.25,2,137.607699
32.0,64,137.772172
21.0,45,137.886652
12.5,25,137.946339
-0.25,2,137.951792
-0.25,2,137.957656
1.25,5,137.970244
-5.25,7,137.987496
13.0,26,138.051972
12.5,25,138.110781
-0.25,2,138.115736
12.25,27,138.181689
2.25,4,138.192958
4.25,11,138.555322
-0.25,5,138.584169
40.5,81,138.818848
17.0,34,138.913363
-0.75,1,138.91641
2.75,17,138.956772
0.75,7,138.977363
19.25,41,139.081818
5.25,10,139.105101
0.75,4,139.114663
15.5,37,139.210474
14.5,47,139.334466
2.75,8,139.355747
-0.25,2,139.361329
13.0,26,139.430357
0.75,4,139.44244
3.75,7,139.460611
29.0,58,139.602879
17.0,28,139.672236
-0.25,2,139.677547
-0.75,7,139.695806
17.0,34,139.778781
12.5,25,139.837242
14.5,29,140.238798
28.5,57,140.383253
8.5,47,140.507674
0.75,1,140.510583
18.0,36,140.600879
20.5,41,140.701614
17.5,35,140.787544
10.5,27,140.857574
0.25,9,140.885984
1.75,12,140.915866
2.75,8,140.935303
0.25,3,140.943273
12.0,24,141.004886
20.0,40,141.104545
-1.75,11,141.131274
-12.25,14,141.167003
-1.25,3,141.174632
2.75,8,141.19511
6.75,16,141.236396
-1.75,8,141.25589
0.75,1,141.25864
-6.25,11,141.286442
3.25,9,141.308674
3.25,9,141.333259
-1.75,11,141.362131
4.25,8,141.38219
0.75,4,141.392324
12.5,28,141.463899
-5.75,15,141.502778
6.75,16,141.863061
0.75,1,141.865945
-7.75,11,141.894388
15.5,31,141.97805
13.0,26,142.048426
1.75,6,142.064091
13.0,47,142.184929
20.5,44,142.299233
13.0,26,142.371994
2.75,11,142.398518
18.5,43,142.507363
2.75,8,142.528066
20.0,40,142.629182
2.5,29,142.703269
27.0,54,142.83356
-8.25,10,142.856417
-11.25,13,142.890068
-3.25,8,142.910807
19.0,38,143.00117
27.0,54,143.132483
3.75,7,143.469822
1.25,5,143.482592
-13.25,15,143.518951
0.25,6,143.533649
14.5,29,143.610759
-2.75,9,143.632315
3.25,6,143.646456
8.5,17,143.687444
1.75,3,143.69489
-1.75,14,143.728275
14.5,29,143.79872
14.0,31,143.874957
-1.25,3,143.883497
18.0,36,143.97507
0.75,10,143.99978
20.0,40,144.098741
-0.75,13,144.132814
0.75,1,144.135711
9.5,40,144.236292
0.25,9,144.259293
1.25,5,144.27309
3.75,10,144.298332
16.5,54,144.431718
0.75,4,144.441867
13.0,29,144.516093
-2.75,12,144.547375
0.75,7,144.564603
2.75,8,144.586052
2.75,8,144.606166
1.75,3,144.614031
2.75,11,144.639702
9.0,27,144.705891
25.0,50,145.152079
1.75,6,145.167448
2.75,8,145.187309
3.25,9,145.220801
-0.25,2,145.226176
19.5,39,145.322608
-2.75,12,145.356089
-2.25,4,145.367188
-1.75,5,145.379818
-1.75,8,145.400211
-6.75,13,145.4319
15.0,42,145.541211
1.75,9,145.565935
0.75,1,145.568787
-1.25,3,145.577722
28.5,57,145.72178
1.75,12,145.755122
18.0,54,145.881351
0.25,6,145.897436
-1.75,11,145.927506
3.25,9,145.949827
7.75,18,145.995364
-1.25,6,146.011154
2.75,8,146.033015
0.75,1,146.035813
0.75,4,146.045704
-6.25,11,146.07264
-0.25,2,146.077523
0.25,12,146.105825
4.25,11,146.130779
12.25,27,146.214059
13.0,41,146.320403
4.25,11,146.350539
1.25,8,146.372825
21.5,43,146.898828
3.25,9,146.924125
17.5,35,147.029658
-5.25,7,147.050163
20.0,40,147.166923
27.5,55,147.331659
-4.25,6,147.352413
-8.25,10,147.37989
-2.75,3,147.387443
13.0,41,147.490193
11.0,22,147.565296
3.5,34,147.670923
1.75,9,147.69902
-7.75,14,147.745193
1.25,14,147.79043
3.75,10,147.820868
20.5,41,147.925381
0.75,13,147.957772
13.0,26,148.021607
0.75,4,148.033113
-1.75,11,148.066688
22.5,45,148.193208
28.25,59,148.698483
-0.25,2,148.704299
1.75,6,148.721349
1.75,6,148.737688
19.0,38,148.836202
-2.75,3,148.843409
12.0,24,148.901397
1.75,12,148.931384
15.5,31,149.005175
1.75,6,149.018832
-8.25,10,149.04654
-2.25,4,149.057295
-1.25,3,149.065222
21.0,38,149.158128
1.75,5,149.17096
6.75,11,149.19944
19.5,39,149.319146
2.25,7,149.339884
18.5,37,149.482852
-0.25,2,149.488948
-6.75,10,149.51636
12.0,24,149.578052
15.0,30,149.654488
13.5,27,149.727785
17.5,35,149.880605
2.75,8,149.918514
-1.25,3,149.926722
3.25,9,149.950242
7.0,44,150.062413
-7.75,14,150.423327
-0.25,11,150.450517
2.25,7,150.469926
0.25,9,150.500052
1.25,5,150.516451
0.25,3,150.525678
0.75,4,150.538833
4.25,11,150.571773
0.25,9,150.597211
7.25,32,150.686025
0.25,15,150.721731
1.75,9,150.750092
3.25,6,150.765282
11.5,26,150.836916
-1.25,9,150.863606
2.25,7,150.883132
22.0,44,151.011531
0.25,9,151.034867
-6.25,11,151.062998
-0.25,3,151.077066
-10.75,11,151.104975
2.25,7,151.12431
-8.75,9,151.149776
1.75,9,151.175155
33.0,61,151.335547
-0.75,10,151.363017
17.5,35,151.460983
11.0,31,151.540988
19.75,42,151.652071
-6.25,8,151.674599
4.75,12,151.709464
2.25,7,151.729222
2.75,8,151.753328
14.25,31,152.185869
12.5,25,152.247766
0.75,4,152.257587
16.5,33,152.338973
22.0,44,152.447176
-1.25,3,152.454737
1.25,5,152.468134
-2.75,3,152.476542
3.25,6,152.492364
9.0,24,152.554839
0.75,1,152.557912
1.75,6,152.574156
-1.25,3,152.582043
-1.25,6,152.599373
0.75,4,152.612416
4.75,7,152.64157
-7.25,9,152.677297
3.25,12,152.723799
10.25,23,152.826989
20.5,41,152.993548
17.5,35,153.138016
-0.25,11,153.188694
0.25,3,153.203267
14.0,28,153.328094
-3.25,5,153.350782
-2.75,3,153.368757
1.75,3,153.381799
-1.75,5,153.402798
3.25,9,153.438855
-4.25,6,153.467752
-0.75,7,153.493092
-0.75,1,153.497346
-7.25,9,153.535432
3.25,6,153.566229
4.25,14,153.603064
13.0,26,153.675539
1.25,11,153.705067
1.25,5,153.718542
18.5,37,153.819928
2.25,10,153.844867
14.0,37,154.293736
-3.25,5,154.306669
0.75,1,154.309541
1.25,5,154.322819
0.75,1,154.325518
4.75,9,154.349178
0.75,1,154.351859
-0.25,11,154.378586
-2.25,4,154.390726
1.75,6,154.407042
0.75,1,154.409959
-0.25,5,154.423174
12.0,24,154.48456
-1.25,6,154.498574
1.75,6,154.512535
-0.25,2,154.517607
1.25,5,154.529973
-1.25,3,154.537524
27.0,54,154.681923
3.25,6,154.69859
3.75,7,154.717858
14.0,28,154.790102
15.5,31,154.867747
18.0,36,154.960434
-0.75,1,154.96323
0.75,1,154.96613
-0.25,2,154.971733
-0.25,2,154.977015
-5.25,7,154.995016
2.75,8,155.01546
8.5,17,155.059472
24.0,45,155.181903
18.0,36,155.273402
1.75,3,155.281015
1.75,6,155.296333
-0.75,1,155.299238
15.5,31,155.376379
-6.25,8,155.39583
0.25,6,155.40964
0.75,1,155.412213
-0.25,2,155.417359
-8.75,9,155.4418
-0.75,1,155.444937
0.75,1,155.448017
13.5,27,155.516286
15.0,30,155.908165
3.25,9,155.931013
0.75,1,155.933841
1.75,6,155.948632
28.5,51,156.071205
-2.75,3,156.078156
-1.25,3,156.08527
0.75,4,156.094971
0.75,1,156.097838
3.25,9,156.121112
-1.25,3,156.128698
1.75,6,156.1438
0.75,1,156.146759
0.75,1,156.149714
11.0,25,156.212524
3.25,6,156.227733
3.25,6,156.243744
-0.25,2,156.248919
-2.25,4,156.258834
3.75,7,156.276224
-0.25,2,156.281086
0.25,3,156.288677
-0.75,1,156.291395
-1.25,6,156.305234
0.25,3,156.312666
18.0,39,156.402164
0.25,6,156.417065
18.0,36,156.504779
-0.75,4,156.514794
1.75,12,156.545419
-6.25,8,156.56922
0.25,3,156.577029
-0.25,2,156.582399
5.25,10,156.60679
26.5,53,156.732122
-0.75,1,156.735372
0.25,3,156.743387
21.5,43,156.85052
23.0,46,156.964784
1.75,6,156.980416
0.75,4,156.990534
2.25,7,157.00901
-2.25,4,157.019555
-1.25,1,157.022398
3.25,6,157.037189
14.0,31,157.111019
2.75,8,157.130334
19.5,39,157.530879
0.25,3,157.537636
0.75,1,157.54007
0.75,1,157.542444
-0.75,1,157.545169
-0.25,2,157.550188
0.25,3,157.558501
-0.25,2,157.56369
0.75,1,157.566403
1.75,6,157.581061
1.75,3,157.588536
-0.25,2,157.593633
14.5,29,157.661496
-0.25,5,157.673652
3.25,6,157.687271
-0.25,2,157.691928
0.75,1,157.694345
10.25,23,157.748685
-4.25,6,157.763586
-0.75,1,157.766043
0.75,1,157.768885
-0.25,2,157.774189
-2.75,3,157.783027
-0.75,1,157.785829
-0.75,1,157.788675
2.75,8,157.809086
-0.75,1,157.811734
1.25,5,157.824159
-0.25,2,157.829313
-1.25,3,157.836989
-0.25,2,157.842076
0.75,4,157.851646
5.25,10,157.874236
-8.25,10,157.896633
-0.25,2,157.902115
0.25,3,157.911075
31.0,62,158.057701
1.75,6,158.072194
-1.25,1,158.075035
0.75,1,158.077835
2.25,7,158.093927
-0.25,2,158.099013
-0.75,1,158.101795
0.75,1,158.104423
13.0,26,158.168067
-0.25,2,158.173035
-0.25,5,158.185459
2.25,4,158.195511
1.75,6,158.20939
0.25,3,158.216482
-0.25,2,158.221788
-1.25,3,158.229963
-5.25,7,158.249473
1.75,6,158.264314
-2.75,3,158.271834
3.25,9,158.294178
1.25,8,158.313537
-0.75,1,158.316514
-0.75,1,158.319377
-0.25,2,158.324461
-4.75,11,158.351962
2.75,8,158.371829
12.0,24,158.429102
-0.75,1,158.431902
-0.75,1,158.434646
1.25,5,158.44745
0.75,7,158.466157
16.5,33,158.548953
-2.25,10,158.574241
3.25,9,158.599655
5.25,10,158.624048
1.25,5,158.63643
19.5,39,159.035992
-0.75,1,159.038957
3.25,6,159.054014
-9.25,11,159.080993
1.75,6,159.095117
1.75,6,159.108465
0.25,3,159.115452
5.25,13,159.147795
-0.25,2,159.153035
-1.25,3,159.160696
0.25,3,159.168341
0.25,3,159.175895
-0.75,1,159.178571
1.25,5,159.191845
2.25,7,159.208977
-0.75,1,159.211518
21.5,43,159.312201
13.0,26,159.374954
0.75,1,159.377582
-1.25,3,159.385006
-1.25,3,159.39229
4.25,8,159.411551
2.75,8,159.43065
-1.25,3,159.438428
12.5,25,159.500635
-3.25,5,159.513084
2.25,7,159.530498
-3.25,5,159.543019
-9.25,11,159.569711
-0.75,1,159.572837
-0.25,5,159.586312
14.0,28,159.65974
30.0,69,159.832003
14.0,28,159.900186
14.0,28,159.967931
-0.25,2,159.97316
1.25,8,159.992683
-0.75,1,159.995503
-1.25,1,159.998362
1.75,6,160.013811
0.75,10,160.040155
17.0,37,160.133582
0.75,1,160.136473
1.75,6,160.152925
-0.75,1,160.156087
19.5,39,160.258244
-0.25,2,160.263391
-8.25,10,160.610556
12.5,25,160.671981
0.75,1,160.674602
-0.25,2,160.679407
0.75,4,160.688814
0.75,1,160.691287
4.75,9,160.714767
15.0,30,160.790687
3.75,7,160.809633
18.5,37,160.896972
0.25,3,160.903899
0.75,1,160.906317
-0.25,2,160.910856
4.75,9,160.932293
-0.25,2,160.938174
-0.75,1,160.941011
-0.25,2,160.946426
1.75,3,160.954066
0.75,1,160.956905
-2.75,12,160.98715
14.5,53,161.11582
0.25,3,161.12301
1.75,3,161.130055
-0.25,2,161.134865
3.75,10,161.161232
16.0,35,161.25019
-0.25,2,161.255561
-0.75,1,161.258446
0.25,3,161.266632
-0.25,2,161.271813
-6.25,8,161.290684
7.25,17,161.329477
0.75,4,161.338928
3.75,7,161.355467
3.25,6,161.369811
-1.25,3,161.37727
9.5,22,161.431967
3.25,6,161.446638
3.25,6,161.460922
-2.75,3,161.46816
8.75,20,161.518946
-0.25,2,161.52449
-0.25,2,161.530343
1.75,6,161.54659
10.25,23,161.605058
11.5,23,161.663871
8.25,19,161.711923
0.25,3,161.720134
-0.25,2,161.725469
1.25,5,161.738966
0.75,4,161.749604
-0.75,10,161.774499
-0.75,1,161.777401
0.75,1,161.78013
0.25,9,161.802565
0.75,4,161.8125
-0.25,2,161.817721
8.75,20,161.868848
20.5,50,162.310938
1.75,6,162.32613
-0.25,2,162.331303
-0.25,2,162.336545
1.75,6,162.351441
-0.75,1,162.354022
4.25,7,162.371278
3.25,6,162.387335
2.25,7,162.404855
-0.25,2,162.410318
20.5,41,162.506574
19.0,38,162.601511
1.25,5,162.615727
-0.75,1,162.618773
-0.25,2,162.624075
2.25,7,162.642168
-0.25,3,162.649715
-0.25,2,162.655094
4.25,11,162.682954
0.25,3,162.690662
35.0,82,162.894319
0.25,3,162.901338
-5.25,7,162.917899
2.75,8,162.938984
0.75,1,162.941845
3.75,6,162.957211
13.5,27,163.021243
-0.25,5,163.03349
-0.25,2,163.038757
0.75,1,163.041562
-0.75,1,163.044248
9.0,18,163.086905
17.0,34,163.17269
-0.25,2,163.178052
0.75,1,163.18074
-0.25,2,163.185929
-0.75,1,163.188639
15.5,31,163.267712
-1.25,1,163.270464
-1.25,3,163.278461
1.25,5,163.290888
2.75,8,163.310886
3.25,6,163.326188
16.5,33,163.409131
-0.25,2,163.414642
-0.25,2,163.420026
-0.25,2,163.425364
3.25,6,163.440484
-0.75,1,163.443318
-0.75,1,163.446212
1.75,3,163.453917
3.25,6,163.469201
2.75,8,163.785697
1.75,6,163.800373
-0.75,1,163.80316
18.0,36,163.890687
-1.25,3,163.89754
-0.75,1,163.900055
-0.75,1,163.902746
-8.25,10,163.92653
27.0,54,164.056609
-0.75,1,164.059482
0.75,1,164.062088
0.75,1,164.064559
-0.75,1,164.067237
0.75,1,164.069722
0.75,1,164.072302
0.75,1,164.074854
1.25,8,164.094286
0.25,3,164.101439
2.25,7,164.118839
5.25,13,164.149238
-0.75,1,164.152062
-0.25,2,164.157089
2.25,7,164.174583
22.5,45,164.280859
-0.75,1,164.283501
0.25,3,164.291083
-5.25,7,164.30723
3.75,7,164.323362
15.5,31,164.39267
18.0,36,164.479282
1.25,5,164.491914
-0.25,2,164.497236
-0.25,2,164.502474
-0.25,3,164.510063
8.75,20,164.55724
-5.25,7,164.573456
-0.75,1,164.575981
0.25,3,164.583738
-0.25,2,164.58891
33.25,69,164.758078
-2.75,3,164.7657
21.25,45,164.875708
1.25,8,164.894564
1.25,5,164.906592
-0.25,2,164.911879
1.25,5,164.924294
1.75,6,164.939807
3.25,6,164.955
-0.25,2,164.960973
1.75,3,164.968859
-0.75,1,164.971658
0.75,1,164.974505
19.5,39,165.384416
-0.75,4,165.394417
-0.25,11,165.422931
1.75,9,165.445935
0.75,1,165.448763
17.5,35,165.53759
-0.75,1,165.540397
0.25,3,165.54792
-0.25,2,165.552959
0.75,4,165.562682
0.75,1,165.565248
17.5,38,165.655186
2.75,8,165.674591
-0.75,1,165.677086
1.75,6,165.691312
15.5,31,165.776147
23.5,47,165.926176
-0.75,1,165.929061
1.75,6,165.943766
-0.25,2,165.949274
3.25,6,165.966457
-0.75,1,165.969192
3.75,10,165.99343
2.25,10,166.016736
3.25,9,166.038703
7.25,9,166.061616
0.75,7,166.078082
0.75,4,166.087606
-0.25,2,166.092732
31.5,72,166.270778
3.25,6,166.284911
-0.25,2,166.290129
27.5,55,166.420543
0.75,1,166.423297
-1.75,2,166.428382
12.5,25,166.486795
-0.75,1,166.489357
1.75,3,166.496286
2.75,8,166.5156
-0.25,2,166.521278
-5.25,7,166.541363
-1.25,3,166.550271
3.25,9,166.572566
0.75,4,166.58271
0.75,4,166.592798
15.5,31,166.98888
4.25,8,167.009894
12.0,24,167.068342
30.0,66,167.228179
-0.25,2,167.234313
4.75,12,167.263357
-0.75,1,167.266191
-0.75,1,167.268992
2.75,8,167.288806
-0.25,2,167.294281
15.5,31,167.372605
0.75,1,167.375329
9.0,39,167.469841
15.5,37,167.560273
-0.75,1,167.563128
-0.25,2,167.568188
16.5,33,167.648882
8.25,10,167.67335
14.5,29,167.742833
2.75,8,167.763859
-0.75,1,167.766682
-0.75,1,167.769531
-3.25,5,167.781816
-0.25,8,167.801505
6.75,16,167.840748
1.25,8,167.861797
4.75,7,167.878947
-0.75,1,167.881561
1.75,6,167.896485
1.75,3,167.903566
-2.25,4,167.913511
1.25,5,167.925576
-1.75,2,167.930714
1.25,5,167.942686
10.0,26,168.005296
7.25,17,168.046779
3.25,6,168.06167
0.25,3,168.069052
2.25,7,168.08669
-2.25,10,168.110711
0.25,6,168.125232
-1.25,3,168.132841
1.25,5,168.145826
3.75,10,168.172025
1.75,3,168.179549
1.25,5,168.193961
-0.75,1,168.197099
21.5,43,168.620454
1.75,6,168.634778
-0.25,2,168.639855
0.75,1,168.642277
2.75,8,168.662127
-0.75,1,168.664702
-9.25,11,168.691679
-4.25,9,168.713704
0.25,3,168.720976
-1.25,1,168.723656
27.0,54,168.857981
0.75,4,168.867617
-0.25,2,168.872734
0.75,3,168.880782
-0.75,1,168.883709
-1.25,3,168.891771
-0.25,2,168.896868
-0.75,1,168.899373
3.25,9,168.921046
27.0,54,169.05172
17.0,34,169.132013
36.5,73,169.312134
-0.25,2,169.317317
0.25,3,169.324757
1.75,9,169.347514
-0.25,5,169.359926
0.75,10,169.383594
31.0,62,169.531331
0.25,9,169.552993
-0.75,1,169.555807
15.5,31,169.631488
12.5,25,169.690203
8.25,19,169.734481
-0.75,7,169.752512
14.75,32,170.141858
-0.75,1,170.144637
0.25,3,170.152314
0.75,4,170.163274
24.5,49,170.281363
0.75,1,170.283915
10.5,24,170.342838
-0.25,2,170.348161
-0.25,11,170.375101
-0.75,1,170.377862
4.25,8,170.396668
0.75,4,170.405638
2.25,7,170.421646
21.5,43,170.534576
0.75,1,170.537479
-5.25,7,170.555435
2.75,8,170.576281
16.5,33,170.655773
13.0,26,170.715633
21.5,43,170.822655
3.75,10,170.848225
-5.25,7,170.866922
5.75,35,170.96011
14.0,28,171.032481
3.25,6,171.047074
3.75,10,171.071352
-0.25,2,171.076097
11.5,23,171.137695
-0.25,11,171.166171
-0.25,2,171.171502
0.25,3,171.17922
0.75,1,171.182427
-0.75,1,171.18532
3.25,6,171.200583
-0.25,2,171.206004
-3.25,5,171.218026
2.25,7,171.235116
-0.25,2,171.240698
-0.25,2,171.246162
17.0,34,171.330335
-0.75,4,171.340602
1.75,6,171.354718
-2.25,4,171.364657
2.75,8,171.707736
-0.75,1,171.710829
3.25,9,171.733232
25.5,51,171.863244
-1.25,9,171.885808
-0.25,5,171.898894
1.25,8,171.918841
-8.25,10,171.944082
3.75,7,171.962302
-2.25,4,171.972803
20.0,40,172.073446
0.75,1,172.076124
0.75,7,172.09364
-0.25,2,172.099072
19.0,38,172.196244
-7.25,9,172.217886
-6.25,8,172.238649
2.25,7,172.256691
0.75,4,172.266992
-0.75,1,172.269755
4.25,11,172.297812
17.0,34,172.381757
-0.75,1,172.384885
0.75,1,172.387712
0.75,7,172.406214
0.25,9,172.428723
5.25,10,172.454375
1.75,6,172.469788
17.5,35,172.557378
-4.25,9,172.581951
24.0,48,172.701126
-0.25,2,172.706109
0.25,3,172.713652
-0.25,2,172.71875
2.25,7,172.737872
0.75,4,172.748429
0.75,1,172.751314
-0.25,2,172.756926
-0.75,1,172.759754
-0.75,1,172.762608
-7.25,9,172.785322
-0.25,2,172.791196
-0.75,10,172.816564
26.0,52,172.944115
12.75,28,173.365703
0.75,1,173.369192
-0.25,2,173.374812
-1.25,3,173.382503
20.5,41,173.4798
-4.25,6,173.494849
1.75,3,173.501977
18.0,36,173.586175
0.75,1,173.589683
2.25,7,173.609361
12.0,24,173.666304
0.75,4,173.676185
-0.25,5,173.689336
-0.75,1,173.692327
-0.25,5,173.704854
2.25,7,173.72203
0.75,1,173.72465
-0.25,2,173.729823
5.0,10,173.754444
1.75,3,173.761784
3.25,6,173.776097
0.25,3,173.783798
5.75,14,173.818475
2.25,4,173.829539
21.5,43,173.936564
-0.75,1,173.939486
-0.25,2,173.944742
0.75,4,173.95505
13.5,27,174.019679
1.75,3,174.027214
1.25,5,174.039532
13.0,26,174.103372
-8.75,9,174.125265
2.25,13,174.160933
0.25,3,174.169405
-0.25,2,174.174926
-0.75,1,174.177783
-2.75,12,174.208859
12.0,24,174.271505
1.25,8,174.290154
-0.25,2,174.29499
-0.75,1,174.297721
3.25,9,174.318151
2.75,8,174.336943
-0.25,2,174.341801
2.75,8,174.361516
-0.75,1,174.364341
1.75,3,174.372058
-0.25,2,174.377288
3.25,6,174.391855
6.75,16,174.432129
-0.25,2,174.440305
17.0,34,174.52423
0.25,3,174.531061
0.75,1,174.533533
-0.75,1,174.535972
0.75,4,174.545587
0.75,1,174.548182
0.75,4,174.558098
-0.75,10,174.581358
0.75,1,174.584155
28.0,55,175.039072
1.75,6,175.054398
1.75,6,175.069457
12.0,24,175.128766
-0.25,2,175.134202
0.25,3,175.142413
-3.25,5,175.156214
10.0,20,175.20729
-0.25,2,175.21271
-0.25,2,175.217882
-0.25,2,175.223177
1.75,3,175.231741
19.0,41,175.340762
15.5,31,175.418207
1.25,5,175.43128
1.25,5,175.444643
21.0,42,175.556334
26.0,58,175.698477
16.0,32,175.777368
-0.25,2,175.782185
-0.75,4,175.791743
0.25,6,175.806665
2.75,8,175.827143
3.25,6,175.841922
3.75,10,175.866242
21.0,42,175.973837
4.25,11,176.00103
-0.75,1,176.003669
4.25,11,176.030863
3.75,7,176.05572
-0.25,2,176.060905
0.25,3,176.068376
3.25,9,176.090754
17.25,46,176.205096
19.5,39,176.621552
1.75,12,176.651364
17.5,35,176.743552
25.5,47,176.86048
-0.75,1,176.863329
0.75,1,176.865942
5.25,7,176.883396
19.5,39,176.980442
-0.25,2,176.985806
-0.75,1,176.988533
-0.25,2,176.993693
-1.25,9,177.016654
-5.75,6,177.03118
13.5,27,177.095389
1.25,5,177.107338
15.5,34,177.193521
15.5,31,177.271251
1.75,3,177.278774
26.5,53,177.407012
10.0,26,177.46965
2.75,8,177.489517
-0.25,2,177.494791
10.5,24,177.550917
12.0,27,177.615885
18.5,37,177.705366
23.0,46,177.821894
1.75,3,177.829681
1.25,5,178.140564
0.75,1,178.143407
2.25,7,178.161587
1.25,11,178.190489
-0.25,2,178.195747
0.25,6,178.21102
0.75,1,178.21393
-0.25,2,178.219065
25.5,75,178.399812
18.0,36,178.487512
13.0,26,178.55127
16.0,32,178.628764
13.0,26,178.69234
1.25,5,178.704635
-10.25,15,178.74149
-1.25,3,178.749998
-4.25,6,178.765829
2.75,11,178.793287
-0.25,2,178.798365
6.75,22,178.852702
0.75,4,178.863092
19.0,38,178.957857
2.25,7,178.976975
0.75,1,178.979784
0.25,6,178.995579
2.25,7,179.012819
-1.25,6,179.027597
-5.25,7,179.044384
0.25,9,179.066674
23.0,46,179.178566
0.25,6,179.193775
-0.25,2,179.199
19.0,38,179.293263
0.75,1,179.29611
13.0,26,179.359889
-0.25,2,179.36486
16.25,35,179.763394
-0.25,2,179.771584
-0.25,2,179.778926
-0.25,2,179.785535
14.5,29,179.8789
0.75,10,179.908238
-3.75,4,179.919719
3.25,9,179.942872
12.0,24,180.003342
36.5,67,180.175738
26.0,52,180.3039
-0.25,11,180.329164
31.5,63,180.48533
0.25,3,180.493058
5.75,14,180.531733
0.75,4,180.542253
-0.25,2,180.547553
-0.25,2,180.552657
1.75,6,180.567967
2.25,7,180.585449
-0.25,2,180.590785
20.5,41,180.688906
-7.25,9,180.70976
-0.75,1,180.712383
0.25,3,180.719479
20.5,71,180.901073
4.75,9,180.923263
17.0,34,181.007426
17.5,35,181.444467
11.0,22,181.500093
0.75,10,181.527572
1.75,9,181.552827
-2.75,3,181.561074
0.75,1,181.563917
-8.25,10,181.589289
4.25,11,181.617227
-0.75,1,181.62048
20.0,40,181.727207
0.25,6,181.743308
-0.75,1,181.746684
-0.75,1,181.750382
-0.25,2,181.756392
0.75,4,181.767279
20.0,40,181.860592
-0.75,10,181.886407
0.25,6,181.90095
-0.75,1,181.903769
1.75,6,181.918902
0.25,9,181.940173
-2.75,3,181.947824
-5.25,10,181.973779
2.75,8,181.994224
0.75,1,181.99692
3.25,9,182.018925
11.5,23,182.074731
19.0,38,182.16683
-0.75,1,182.169701
2.75,8,182.189433
-0.75,1,182.19211
4.25,8,182.212982
3.25,6,182.227603
3.25,12,182.258045
2.25,7,182.275233
8.25,19,182.319342
-2.25,4,182.328496
0.75,1,182.330976
12.0,24,182.386572
22.0,47,182.497165
-0.25,2,182.502133
0.75,4,182.511198
15.5,31,182.58972
17.5,35,182.966258
12.5,25,183.028111
0.25,3,183.035685
2.75,8,183.055935
1.75,6,183.071201
40.0,89,183.292206
-0.75,1,183.295063
11.5,23,183.348798
3.75,10,183.372423
18.0,36,183.459558
15.5,31,183.534408
1.75,6,183.549192
2.25,4,183.560282
3.25,9,183.58204
16.5,33,183.66193
-1.25,3,183.668991
0.25,3,183.675966
1.75,3,183.683474
-0.75,1,183.686119
-1.25,9,183.707976
-1.75,11,183.734392
-0.25,2,183.739872
-0.75,1,183.742673
0.75,1,183.745444
3.75,10,183.770041
-0.75,1,183.772886
-0.75,1,183.77573
-14.25,16,183.816093
3.25,6,183.831217
1.75,3,183.838417
-0.25,2,183.843131
1.75,9,183.86417
0.25,9,183.887122
1.75,6,183.902164
3.75,7,183.919164
31.5,75,184.106248
-1.25,12,184.135742
5.75,11,184.163322
2.25,7,184.180418
5.25,13,184.507815
14.0,28,184.57785
0.25,6,184.591602
-0.25,2,184.596741
14.0,34,184.682381
0.25,3,184.690197
3.25,6,184.705305
11.5,23,184.763638
0.75,1,184.766614
1.25,5,184.780162
-1.25,9,184.803181
1.75,3,184.811027
0.75,10,184.836008
5.25,9,184.858765
16.5,33,184.942982
-0.75,1,184.945758
-4.75,11,184.973531
16.25,35,185.061923
22.0,44,185.169437
3.25,6,185.184434
-0.25,2,185.189911
-5.25,7,185.207545
0.75,4,185.217928
-0.75,1,185.220757
-0.25,2,185.225612
0.25,6,185.241058
14.0,28,185.309102
20.5,41,185.410564
-7.25,9,185.432884
1.25,5,185.446739
19.0,38,185.545891
1.25,5,185.559272
0.75,1,185.56199
8.75,20,185.611615
13.5,27,185.673686
0.25,9,185.695498
3.25,6,185.710348
1.25,8,185.730438
-3.25,5,185.743523
-0.25,2,185.748762
3.25,6,185.76375
3.25,6,185.779497
15.0,30,186.150765
12.0,24,186.21254
-1.25,3,186.220823
-0.25,2,186.226506
15.5,40,186.327291
-2.25,4,186.337698
1.25,8,186.358645
4.25,11,186.387226
1.25,5,186.400944
-0.25,2,186.40622
-0.25,2,186.41161
-2.75,3,186.419678
1.75,3,186.427207
-0.75,1,186.430012
2.25,7,186.448118
29.0,58,186.600117
-0.25,2,186.605332
-7.25,9,186.627289
0.25,3,186.634591
1.75,5,186.646168
17.0,34,186.72922
0.75,1,186.73208
12.0,24,186.791518
0.25,3,186.799176
-0.25,3,186.80727
0.75,1,186.810008
18.0,36,186.894356
18.5,37,186.985114
3.25,6,186.999735
3.25,6,187.01499
-0.75,10,187.042073
-0.25,2,187.047416
-0.25,8,187.067203
12.5,25,187.127631
7.25,17,187.170789
-0.25,2,187.176048
-1.25,3,187.183772
15.0,30,187.258501
-10.75,11,187.285543
0.75,4,187.295381
1.75,3,187.302884
-0.75,1,187.305405
0.75,1,187.30805
-0.75,1,187.311037
1.25,14,187.345987
0.25,3,187.353323
-0.75,1,187.355853
3.25,9,187.66728
2.25,4,187.678362
-5.25,10,187.703702
0.75,10,187.728381
0.75,4,187.738923
7.25,17,187.780245
2.75,8,187.800104
4.75,9,187.821654
0.25,3,187.82872
0.75,10,187.852439
0.25,3,187.860022
3.25,6,187.875061
1.25,5,187.887032
2.25,7,187.904004
-0.25,5,187.917208
1.75,6,187.932429
-2.25,4,187.942813
-0.25,2,187.947967
-0.25,2,187.953041
-0.75,1,187.955928
-8.75,9,187.977928
3.25,6,187.993687
-0.25,2,187.999065
1.75,6,188.014518
0.75,1,188.017454
-0.25,2,188.02272
5.75,14,188.05961
1.25,5,188.072244
1.25,5,188.084897
3.25,6,188.100368
20.0,40,188.201398
1.75,6,188.217047
-0.25,2,188.222032
11.25,25,188.284433
0.75,1,188.287084
25.0,53,188.411909
-0.25,5,188.424191
-0.25,2,188.429168
16.5,45,188.538932
-0.25,2,188.544222
6.75,16,188.582506
25.75,54,188.714827
23.0,46,188.827928
-0.25,2,188.832969
2.75,8,188.852336
3.25,6,188.867507
-0.25,5,188.880178
0.75,7,188.897105
1.25,8,188.915872
0.75,1,188.918436
13.0,26,189.280293
0.25,3,189.287232
-0.25,2,189.29228
-0.25,2,189.297352
1.75,6,189.311148
0.75,1,189.313586
12.0,24,189.368266
0.75,10,189.397243
-0.25,2,189.402395
1.75,6,189.416476
-2.25,10,189.440036
2.75,8,189.458024
-1.25,3,189.464832
-2.25,4,189.474849
2.25,4,189.48483
-0.25,2,189.489725
1.25,5,189.501338
21.0,45,189.602281
7.25,17,189.645239
2.75,8,189.665141
32.5,65,189.826354
21.0,42,189.926292
4.75,9,189.947001
-0.25,2,189.952012
-0.25,2,189.957396
0.75,1,189.960233
-0.75,1,189.963051
-2.25,4,189.973036
-0.75,1,189.975876
-0.25,2,189.981264
12.0,24,190.039278
0.75,1,190.042119
0.75,1,190.044907
-0.75,1,190.047863
-2.25,4,190.058849
0.75,1,190.061788
20.5,41,190.160105
0.25,15,190.197266
0.75,1,190.200104
2.75,8,190.219952
0.25,3,190.228197
15.5,31,190.30171
-1.75,8,190.320114
-6.25,8,190.338681
0.75,1,190.341513
0.25,3,190.349112
10.75,24,190.407719
5.75,20,190.457124
0.75,1,190.774938
1.25,5,190.78746
-0.25,2,190.79231
-1.25,1,190.79485
-0.25,2,190.799597
-1.25,3,190.807251
11.0,22,190.863144
-5.75,12,190.892544
1.75,6,190.906633
5.0,37,190.99705
-9.25,11,191.022558
-0.75,1,191.025334
1.75,6,191.038744
0.25,6,191.05307
0.75,1,191.055761
-1.25,3,191.064647
24.0,48,191.178742
14.5,29,191.254073
-0.25,2,191.259768
2.75,8,191.281864
-1.25,1,191.284882
17.0,34,191.370562
2.25,4,191.38157
-1.25,3,191.390169
8.25,19,191.439101
12.0,24,191.49623
-8.25,10,191.523291
4.5,30,191.603142
-0.25,2,191.608988
12.0,24,191.66645
11.5,26,191.72818
0.75,4,191.739976
19.0,38,191.83279
-1.25,3,191.840742
-0.75,1,191.843534
19.5,39,191.939952
0.75,1,191.942608
-0.75,1,191.945258
0.75,1,191.947963
-0.25,2,191.953081
-0.75,10,191.978243
1.25,5,191.99074
-0.25,2,191.996078
15.0,30,192.391001
23.0,46,192.513046
30.5,61,192.666156
1.75,6,192.680557
-2.25,4,192.690418
0.25,3,192.698038
1.75,6,192.712972
0.75,1,192.715792
19.0,38,192.814029
11.0,22,192.869328
-0.25,2,192.874598
-0.25,2,192.879873
-0.25,2,192.884954
5.75,8,192.904793
-0.75,1,192.907306
7.75,18,192.953011
3.25,6,192.969783
0.25,6,192.985279
0.75,1,192.988207
-7.25,9,193.011045
-0.25,2,193.016178
2.25,4,193.026378
-0.75,1,193.029236
34.0,68,193.26645
-0.25,2,193.271683
22.0,53,193.398496
2.75,8,193.419611
-0.25,2,193.425281
2.25,7,193.442805
0.75,1,193.445694
0.25,3,193.454184
0.75,1,193.45703
-0.25,11,193.484574
-0.75,1,193.487294
-0.75,1,193.490065
3.25,6,193.504758
-0.75,1,193.507809
0.75,1,193.510848
-0.25,2,193.517129
0.25,9,193.541351
0.75,4,193.551106
-0.25,2,193.556065
6.75,16,193.594228
-0.75,1,193.596835
0.25,3,193.604348
0.25,6,193.620044
-0.75,1,193.622747
3.25,6,193.637769
4.25,8,193.657269
0.75,4,193.667027
-6.25,8,193.68592
2.75,8,193.705349
0.75,1,193.70818
-1.25,3,193.715518
28.0,62,194.190788
21.0,42,194.297753
-2.25,4,194.307928
3.75,10,194.332152
-0.25,2,194.337568
-1.75,5,194.349547
4.25,11,194.375549
-7.25,9,194.396809
0.25,9,194.419937
-0.25,2,194.425208
1.75,6,194.440949
13.5,27,194.505165
-0.25,2,194.511276
-0.25,2,194.517329
-0.25,2,194.522972
-0.25,2,194.528325
-0.25,2,194.533791
12.5,25,194.596912
-0.25,2,194.602445
-0.75,1,194.605266
1.25,5,194.617995
3.25,9,194.6409
-0.25,2,194.646117
14.0,28,194.716353
0.75,1,194.719304
16.0,32,194.803919
2.75,8,194.82355
1.25,5,194.835933
22.0,56,194.980234
2.75,8,195.000863
-8.25,10,195.026719
1.75,6,195.04461
2.25,13,195.07759
0.75,1,195.080463
-1.25,9,195.10298
-0.75,4,195.113322
-5.25,10,195.138641
16.0,32,195.223143
3.25,6,195.238884
-0.75,1,195.242015
25.0,50,195.68809
13.5,27,195.756908
-0.75,1,195.759796
-0.75,1,195.762517
0.25,3,195.771711
0.75,1,195.774833
24.0,51,195.90387
0.75,1,195.906662
12.5,25,195.969574
-2.75,3,195.977018
-0.25,2,195.982042
0.75,1,195.984863
3.25,6,196.001876
15.5,31,196.075378
-2.25,4,196.085552
10.5,39,196.178354
0.75,1,196.181324
15.25,33,196.272788
0.75,1,196.275685
4.25,11,196.30323
1.25,5,196.317801
2.75,8,196.341715
-0.75,1,196.344748
21.0,42,196.450675
-0.25,2,196.456032
0.75,1,196.458509
-0.25,2,196.463766
13.0,26,196.52648
2.25,7,196.545494
3.75,7,196.566402
19.5,45,196.674367
-0.25,2,196.679222
1.75,3,196.686691
1.25,5,196.698702
-0.25,2,196.703483
3.25,6,196.717921
2.75,8,196.738336
3.75,10,196.763993
1.75,5,196.777406
-0.25,2,196.78268
-1.75,2,196.787951
0.25,3,196.79516
20.0,40,196.891208
-0.75,1,196.893903
3.25,12,196.923449
1.75,3,196.930368
0.75,1,196.933099
0.25,6,196.947212
-1.25,3,196.954438
-0.25,2,196.95949
-0.25,2,196.964536
3.25,6,197.30145
21.0,42,197.403854
4.75,9,197.424927
-1.25,3,197.431997
0.75,1,197.434521
23.0,46,197.547656
0.75,1,197.550592
-0.75,1,197.553453
0.25,6,197.568393
-0.25,2,197.57335
-0.25,2,197.578403
-0.75,7,197.596866
1.75,6,197.612116
-7.25,9,197.633492
1.25,5,197.645498
3.25,6,197.659747
12.0,24,197.719405
2.75,8,197.740648
0.75,1,197.743435
-2.25,4,197.753838
0.75,1,197.756636
0.25,3,197.764669
0.75,1,197.767517
-0.25,2,197.773945
-6.25,8,197.794662
-0.75,1,197.79776
-0.25,5,197.81074
12.5,25,197.873389
1.25,8,197.893244
0.75,4,197.906014
-0.25,2,197.911369
-0.25,2,197.916636
-1.25,3,197.924597
2.75,8,197.945725
1.75,3,197.953481
-1.25,3,197.961542
-0.25,2,197.966679
-1.25,3,197.97406
0.75,1,197.976739
16.5,33,198.063516
-0.25,2,198.068924
-0.75,1,198.07178
0.75,1,198.07426
12.75,28,198.141483
0.75,7,198.159134
0.75,1,198.161855
-0.25,5,198.174152
15.5,31,198.25055
3.25,6,198.265588
18.0,36,198.355569
-2.25,4,198.366022
3.75,7,198.383786
-5.25,7,198.401249
3.75,10,198.424664
-1.25,3,198.431904
0.25,3,198.439441
-0.75,4,198.449788
3.25,12,198.48073
2.25,7,198.498393
1.25,5,198.510964
-2.25,4,198.520646
2.75,8,198.540511
-0.25,2,198.545933
1.25,5,198.559641
3.25,6,198.575298
3.75,10,198.910476
-0.25,2,198.915757
0.75,1,198.918515
1.25,5,198.930217
1.75,3,198.93803
34.5,69,199.104443
-0.25,2,199.109791
-0.75,1,199.112678
-0.75,1,199.115498
-0.75,1,199.118356
3.25,6,199.13561
-0.25,2,199.140746
-0.25,2,199.145861
1.75,6,199.161282
-0.25,2,199.166874
-0.25,2,199.172481
0.75,4,199.182592
0.75,1,199.185455
0.75,4,199.195593
20.5,41,199.296094
0.75,1,199.298897
-2.75,3,199.306547
9.75,22,199.358796
17.0,34,199.442668
-0.25,2,199.452154
0.25,3,199.460044
14.0,28,199.531026
-8.25,10,199.556257
12.0,24,199.619834
12.0,24,199.679996
1.75,3,199.687849
-0.25,2,199.693084
5.75,14,199.726847
0.75,1,199.729764
-0.25,2,199.737116
-6.25,11,199.800056
-1.25,6,199.832876
-0.75,1,199.838933
-1.25,3,199.851853
0.75,4,199.864103
-5.25,7,199.89499
11.5,23,199.953835
5.25,10,199.976887
-0.75,1,199.979686
0.25,6,199.995526
-0.75,1,199.998406
1.75,9,200.02025
-0.75,1,200.023158
22.25,47,200.140488
7.75,18,200.185403
-0.25,5,200.197356
0.25,3,200.204802
-0.75,1,200.207545
0.75,4,200.216854
0.75,4,200.226037
-0.25,2,200.231199
-0.75,1,200.234187
0.75,1,200.237216
30.5,61,200.713986
-0.75,1,200.716927
3.25,6,200.732182
1.75,6,200.748064
0.75,4,200.758198
23.0,46,200.868363
1.75,6,200.883682
12.0,24,200.944014
-0.75,1,200.946532
-0.25,3,200.954055
0.75,1,200.956956
-2.25,4,200.966441
0.75,1,200.969237
19.0,38,201.06613
1.75,6,201.081667
-4.25,6,201.096294
2.25,5,201.110292
-0.75,1,201.113116
2.25,4,201.124865
9.75,22,201.182828
6.25,15,201.221467
-3.25,5,201.234931
-0.25,2,201.240742
0.25,3,201.248912
3.25,6,201.264772
0.75,1,201.26755
-0.75,1,201.270541
1.75,6,201.286358
16.0,32,201.366055
-0.75,1,201.369051
0.75,1,201.371983
1.25,5,201.385319
20.5,41,201.487408
2.25,13,201.520925
3.25,9,201.545931
1.75,6,201.561683
0.75,1,201.564677
3.25,9,201.589812
3.25,6,201.609271
0.25,3,201.616871
-0.25,2,201.621855
12.0,24,201.678407
-0.75,1,201.680977
-0.75,1,201.683636
-0.75,1,201.686247
-0.25,2,201.691177
19.0,38,201.791544
0.75,1,201.794362
1.75,6,201.809471
2.25,7,201.826644
0.75,4,201.836974
2.75,8,201.856767
-0.75,1,201.859513
-0.75,7,201.876812
-3.25,5,202.219789
0.75,1,202.222675
-0.25,2,202.228249
-0.75,1,202.231039
-2.75,3,202.239875
-0.25,2,202.245034
3.25,6,202.260479
0.25,9,202.282511
30.5,61,202.428702
1.25,3,202.43631
-0.75,1,202.438799
2.25,7,202.456706
16.0,32,202.531611
-0.25,3,202.539821
1.25,5,202.552219
-0.25,2,202.557384
3.75,10,202.581902
-0.25,2,202.586982
-0.25,5,202.599325
0.25,6,202.616892
3.75,7,202.63552
-0.25,2,202.64097
0.75,1,202.643896
12.0,24,202.706772
-6.25,8,202.727283
21.5,43,202.83915
-1.25,3,202.846874
3.25,6,202.862973
1.75,6,202.877916
-0.75,1,202.880676
0.25,3,202.888369
36.0,72,203.068655
26.0,52,203.199426
21.5,43,203.30573
16.0,32,203.386304
-1.25,12,203.416239
-0.25,2,203.421656
17.5,38,203.857363
0.75,4,203.8677
1.75,4,203.878163
21.5,61,204.025951
3.25,9,204.048832
0.75,1,204.052016
13.25,29,204.122761
5.5,26,204.189131
-0.75,10,204.21418
-0.75,1,204.216717
4.25,11,204.244034
1.25,5,204.256946
1.25,5,204.269701
-0.75,1,204.272605
-1.25,3,204.280675
0.75,1,204.283365
1.25,5,204.297319
13.25,29,204.370616
3.75,10,204.40298
2.75,8,204.422528
-0.25,2,204.429196
0.75,1,204.43205
-0.75,1,204.434962
0.75,1,204.437759
4.75,9,204.459694
0.75,1,204.46259
-0.25,2,204.467684
1.75,3,204.475726
15.5,31,204.54883
0.75,4,204.558534
-2.75,3,204.565769
14.0,28,204.64345
2.25,7,204.660307
-0.25,2,204.665199
3.25,9,204.687495
15.0,30,204.770707
-1.25,3,204.778601
-5.25,7,204.7967
0.25,9,204.81943
31.0,68,204.984935
0.75,4,204.995347
3.75,13,205.025723
1.75,6,205.040233
-0.25,2,205.045191
-0.25,2,205.050231
16.0,32,205.126035
3.25,6,205.444647
3.75,7,205.462354
16.5,33,205.544821
17.0,34,205.629812
34.5,72,205.80521
0.75,1,205.807792
-0.75,1,205.810416
4.25,11,205.83805
3.25,6,205.852707
0.75,1,205.855426
2.25,7,205.871997
0.75,4,205.882091
18.5,37,205.970834
-10.25,12,206.000997
18.0,36,206.088087
1.75,3,206.095884
18.0,36,206.189983
-7.25,9,206.212364
1.25,5,206.225534
-0.25,2,206.231058
-0.75,1,206.234487
19.5,39,206.327272
0.25,3,206.334785
2.75,8,206.354367
-7.25,9,206.37745
1.75,3,206.385463
-2.25,7,206.403207
16.5,33,206.489635
0.25,3,206.4979
-0.25,2,206.503504
26.0,64,206.669777
0.75,1,206.672714
1.75,3,206.6801
3.25,6,206.693878
1.25,5,206.705566
0.75,1,206.708417
1.25,5,206.721851
0.75,1,207.096272
3.25,9,207.125683
1.75,6,207.142518
-0.75,1,207.145459
-0.75,1,207.14823
-0.25,2,207.154168
6.25,15,207.196174
0.75,4,207.206348
-0.25,2,207.211356
18.0,36,207.300636
0.25,3,207.307776
-1.25,3,207.315474
17.0,37,207.407292
0.75,1,207.410398
-1.25,3,207.418215
3.75,10,207.443268
3.75,7,207.460599
-0.25,2,207.465639
13.0,26,207.529854
-0.75,4,207.540294
12.5,31,207.615431
3.75,7,207.6336
12.0,24,207.690301
11.5,23,207.750066
-5.25,7,207.767837
1.75,3,207.775587
0.25,3,207.784015
19.5,39,207.881084
3.75,7,207.897915
-1.25,6,207.912853
22.0,43,208.018339
0.25,9,208.038811
4.75,9,208.060533
-0.75,1,208.06329
-1.25,3,208.070451
2.25,7,208.087386
23.0,46,208.200446
-0.25,2,208.205657
-0.75,1,208.208406
1.75,9,208.230817
-8.75,15,208.268237
-2.25,4,208.278107
15.5,31,208.349975
-0.25,2,208.354802
2.25,7,208.371908
-3.25,5,208.699074
35.0,70,208.8754
-0.25,2,208.880727
0.75,1,208.883503
17.5,41,208.984899
11.5,23,209.044044
3.25,9,209.066301
0.75,1,209.069067
-0.25,2,209.074194
1.25,8,209.094849
12.5,25,209.154911
-0.25,2,209.160155
0.25,9,209.183443
12.0,27,209.253028
12.25,27,209.328209
-0.75,1,209.331135
1.75,6,209.346731
3.75,7,209.365765
1.75,6,209.381549
-1.25,3,209.389147
16.5,33,209.471215
17.0,34,209.555263
-0.25,2,209.56046
-0.75,1,209.563136
17.0,34,209.645969
-0.25,5,209.658377
2.25,4,209.668072
-0.25,2,209.672839
33.0,66,209.833832
0.75,4,209.844102
21.0,42,209.945573
18.0,36,210.357199
1.75,9,210.37905
-14.25,16,210.418418
1.75,9,210.441798
16.0,32,210.533288
0.25,3,210.541524
0.75,1,210.544218
18.0,36,210.630982
-0.75,10,210.655616
-7.25,9,210.677692
1.25,8,210.697406
22.5,48,210.817441
6.25,54,210.948992
37.0,74,211.130112
-8.25,10,211.158746
0.25,9,211.192074
1.25,5,211.206707
-1.75,11,211.235974
-0.25,3,211.245347
0.75,1,211.24859
-2.25,4,211.25951
-0.25,2,211.264702
-3.25,11,211.291473
0.25,3,211.298802
21.0,42,211.403556
-2.25,4,211.413271
1.25,5,211.425698
0.75,4,211.435937
0.75,1,211.438869
22.5,48,211.561208
12.0,24,211.942911
-0.75,10,211.967031
1.75,3,211.974301
0.75,1,211.976949
-1.75,11,212.006317
1.75,3,212.013637
0.75,4,212.02377
1.75,6,212.038239
19.0,38,212.133923
1.25,5,212.146478
11.0,22,212.201671
13.5,51,212.325406
1.25,5,212.336951
-0.25,2,212.341712
27.0,54,212.477409
16.5,33,212.555202
13.5,27,212.623412
2.25,7,212.64133
10.25,23,212.697055
1.75,6,212.711522
-0.75,1,212.714452
19.5,39,212.810434
-0.25,5,212.822718
12.5,25,212.881082
24.5,49,212.999067
-0.75,7,213.017499
0.25,3,213.025511
6.75,16,213.066089
-0.25,2,213.071972
-0.25,2,213.076997
-0.25,2,213.082098
0.25,3,213.0897
3.25,6,213.104528
2.75,6,213.121207
2.25,7,213.13881
0.75,4,213.148886
14.0,28,213.544714
0.75,1,213.547383
1.25,3,213.555917
0.75,1,213.558947
2.75,8,213.579681
-0.25,2,213.584584
-0.75,1,213.587147
13.5,27,213.651381
-0.25,2,213.656365
1.25,8,213.675907
26.5,53,213.805198
0.25,3,213.813476
3.25,6,213.829542
-1.25,3,213.838804
-4.25,6,213.854689
4.75,9,213.878309
1.75,6,213.893253
7.5,36,213.979856
0.75,4,213.989653
20.5,41,214.094142
15.5,31,214.175037
-1.25,3,214.183641
1.25,5,214.196421
0.75,1,214.199214
0.75,1,214.202047
1.75,6,214.217494
-0.25,2,214.223087
0.25,9,214.247313
-2.25,4,214.257458
19.5,39,214.355486
3.75,7,214.373216
-0.25,2,214.378706
0.75,1,214.381875
0.75,1,214.38494
-1.25,3,214.393238
-1.25,6,214.408184
0.25,6,214.423196
-0.25,2,214.428555
0.75,10,214.453018
1.75,6,214.47069
-2.25,10,214.496457
4.25,11,214.52438
0.25,3,214.532147
-0.25,2,214.537398
1.75,6,214.552819
1.75,6,214.568734
1.75,3,214.576392
23.5,47,214.692476
4.25,11,214.720821
1.75,6,214.738478
-0.75,1,214.745054
-0.75,1,214.750999
0.25,6,214.773886
3.75,10,214.798949
2.75,8,214.818929
-0.25,2,214.823998
14.0,34,215.21909
0.75,1,215.221968
-5.25,7,215.240639
12.0,24,215.304928
1.75,3,215.313607
0.25,3,215.321378
-0.75,1,215.324404
1.75,6,215.339751
-0.25,2,215.345171
1.75,6,215.362383
3.25,6,215.377466
1.75,6,215.392342
1.75,6,215.406779
1.75,6,215.421488
2.25,7,215.43932
0.75,1,215.442074
8.25,19,215.489333
1.75,6,215.504827
-2.75,3,215.512827
-9.75,10,215.537219
-4.25,6,215.552262
-0.25,2,215.556974
0.25,9,215.577752
-1.75,8,215.597919
-6.25,8,215.617772
1.25,5,215.629748
-0.25,2,215.634731
0.75,1,215.637192
3.25,6,215.651342
13.75,30,215.722477
2.25,7,215.740065
-7.25,9,215.762021
0.75,1,215.764607
14.0,28,215.834702
0.75,1,215.837585
-1.25,3,215.845981
-3.75,10,215.874255
0.75,10,215.899299
1.75,6,215.914742
19.0,38,216.00445
24.5,49,216.126274
12.0,24,216.19447
-2.75,3,216.202966
-1.25,3,216.210981
0.75,4,216.220948
1.75,9,216.245096
0.25,9,216.271884
3.25,6,216.289979
-0.75,1,216.293334
20.0,40,216.390043
1.75,6,216.403976
-0.25,2,216.408655
15.5,31,216.775567
-0.75,1,216.77836
3.25,6,216.793811
0.25,3,216.801613
-0.25,2,216.806852
0.25,3,216.814173
1.25,5,216.825609
2.75,8,216.844405
-0.75,1,216.84711
0.75,1,216.849511
10.0,44,216.949704
2.25,4,216.958932
0.75,1,216.961426
1.25,5,216.973423
0.75,1,216.97588
0.25,3,216.983587
2.75,8,217.003504
0.75,1,217.006326
11.0,22,217.059212
0.25,3,217.066327
-0.25,2,217.071429
13.5,27,217.134149
0.75,4,217.143813
-1.75,5,217.155607
-0.25,5,217.168533
1.75,6,217.183854
0.75,1,217.186403
0.75,4,217.196182
-0.75,1,217.198863
-0.75,1,217.201338
2.75,8,217.220131
21.0,42,217.321677
38.5,77,217.505795
14.0,31,217.582976
3.25,6,217.59864
5.25,10,217.623101
0.75,4,217.633585
0.75,1,217.636743
1.25,5,217.649219
-8.25,10,217.674122
16.5,33,217.754597
12.0,24,217.814362
-4.75,11,217.840518
0.75,1,217.843191
-0.25,2,217.847806
1.75,6,217.861799
0.75,4,217.871659
27.0,54,218.31857
4.75,9,218.340983
-3.25,5,218.353099
0.75,1,218.355769
3.25,6,218.370148
0.75,10,218.393036
-0.25,2,218.398143
-1.75,8,218.417021
0.75,4,218.426931
11.5,29,218.49423
0.75,1,218.496999
26.0,52,218.621297
0.75,4,218.630901
12.0,24,218.687332
-0.25,2,218.69237
5.75,14,218.725382
0.75,1,218.728206
17.0,46,218.845198
16.5,33,218.937522
1.75,6,218.953959
-0.25,2,218.961429
-0.25,2,218.968146
-1.25,3,218.979351
-0.25,2,218.988872
0.75,1,218.99236
1.25,5,219.005599
1.75,6,219.021735
1.25,5,219.037315
2.75,8,219.065142
-0.75,10,219.097091
1.75,3,219.106989
0.25,3,219.11679
-0.25,2,219.123352
3.25,6,219.147596
-1.75,8,219.17588
4.25,7,219.197806
2.75,8,219.219336
2.25,4,219.229879
2.75,8,219.25273
17.5,35,219.356042
6.75,16,219.401908
-0.25,2,219.407555
-0.25,2,219.412514
13.5,27,219.48052
1.25,4,219.492168
1.75,6,219.509055
0.25,3,219.516957
1.75,3,219.524768
1.25,5,219.5372
-0.25,5,219.550007
3.25,12,219.579857
-0.75,1,219.582682
1.75,3,219.590462
-2.25,10,219.616716
2.75,8,219.638488
2.75,11,220.008406
0.25,6,220.024983
0.75,1,220.028908
-0.25,2,220.03458
-2.75,9,220.057207
3.25,6,220.076021
1.75,6,220.090966
-0.75,1,220.093754
17.0,34,220.191664
-0.75,1,220.194652
0.75,1,220.197309
-0.75,1,220.200079
-0.75,1,220.202845
0.75,1,220.206005
-0.25,2,220.21137
-0.75,1,220.214208
-0.75,1,220.217043
21.0,42,220.337451
2.25,7,220.354411
0.25,3,220.362112
13.0,26,220.431022
-0.25,2,220.436935
0.75,4,220.448998
0.75,1,220.451999
7.75,18,220.503488
15.5,37,220.60658
-0.75,1,220.60941
1.75,3,220.617452
-0.25,2,220.624064
0.75,1,220.627331
0.75,1,220.630542
-0.25,2,220.636369
15.5,31,220.712925
3.25,6,220.72889
2.75,8,220.750279
0.25,3,220.757936
3.25,6,220.773597
0.75,1,220.776534
-5.75,9,220.798837
-0.25,11,220.826268
1.75,3,220.834193
15.5,31,220.916932
25.0,50,221.044706
1.75,6,221.060133
1.75,9,221.092911
0.75,1,221.095699
-0.75,1,221.098478
-0.75,1,221.101261
-0.25,2,221.106718
2.25,4,221.117446
0.75,4,221.127387
0.25,3,221.135857
-0.25,2,221.141273
-4.25,6,221.15758
-0.25,2,221.165442
13.0,29,221.244752
-0.75,1,221.247634
1.75,3,221.255324
-0.25,2,221.260575
-9.25,11,221.288539
0.75,4,221.299091
0.75,1,221.301846
-8.75,15,221.340643
7.75,18,221.741414
-0.25,2,221.747112
0.75,1,221.75007
1.75,6,221.76733
2.75,8,221.788101
0.75,10,221.813152
1.75,6,221.828277
2.25,7,221.846277
1.75,9,221.870241
-0.25,2,221.875642
-0.75,1,221.878414
-1.25,9,221.900944
0.75,1,221.90369
-5.25,7,221.921332
-0.75,1,221.923983
0.25,3,221.931442
0.75,4,221.941595
7.25,17,221.988181
-1.25,12,222.021675
-1.25,3,222.030001
0.75,1,222.033122
3.75,7,222.050242
0.25,9,222.073565
-0.25,2,222.079556
3.25,6,222.094801
1.75,3,222.102529
-1.25,3,222.110203
0.75,1,222.112864
-0.25,2,222.118065
0.75,1,222.120931
14.0,28,222.189648
-0.25,2,222.195964
0.75,1,222.199141
5.25,13,222.235764
1.75,9,222.258782
0.75,1,222.261476
1.75,9,222.283196
1.25,8,222.30339
0.75,1,222.306406
1.75,3,222.314703
0.75,1,222.317476
28.0,56,222.454025
33.0,66,222.667997
-8.75,9,222.698379
20.5,41,222.811694
3.25,6,222.826929
3.25,6,222.843044
-2.25,4,222.855
21.5,43,222.962861
-0.25,8,222.985126
-0.75,1,222.98821
-0.75,1,222.991238
0.75,1,222.994213
8.25,19,223.042901
1.25,8,223.062192
-0.25,2,223.067699
6.75,16,223.107306
2.75,8,223.464044
0.75,4,223.474018
0.75,1,223.476766
10.0,38,223.574232
-1.25,1,223.57701
1.75,6,223.591714
13.5,27,223.658039
1.75,3,223.665524
8.25,19,223.711769
-3.25,5,223.724341
-0.25,2,223.729678
2.75,8,223.752181
-0.25,2,223.757424
0.75,4,223.768408
-0.25,2,223.774391
1.25,5,223.787456
1.75,3,223.795047
12.0,24,223.85368
-0.25,2,223.859285
1.75,6,223.876413
-0.25,2,223.881673
0.25,6,223.896472
13.0,26,223.961168
1.75,9,223.987083
0.25,9,224.019162
0.75,1,224.021946
16.5,33,224.106329
0.75,10,224.13153
3.25,9,224.154115
0.75,4,224.166919
8.25,19,224.216242
3.25,9,224.24285
-0.25,2,224.249085
17.5,35,224.341106
4.25,11,224.368751
18.0,36,224.461308
-0.75,1,224.464191
27.0,54,224.609388
0.25,3,224.617268
1.75,6,224.633281
23.5,47,224.756978
3.25,6,224.773866
3.25,6,225.161301
-0.25,2,225.168027
0.25,3,225.176658
14.5,29,225.266161
-1.75,2,225.271538
2.25,13,225.304636
-0.25,2,225.31023
1.25,8,225.334597
0.75,1,225.337561
-0.25,2,225.344316
28.5,57,225.512272
-2.25,4,225.528196
-15.75,22,225.603701
-0.75,1,225.606544
16.5,33,225.692511
0.75,1,225.695137
14.0,28,225.76886
-0.25,11,225.799311
-0.25,2,225.804928
15.0,30,225.882579
1.25,8,225.905698
3.25,6,225.923018
1.75,6,225.939785
1.25,5,225.95389
-0.75,1,225.95741
-1.25,12,225.992547
1.75,3,226.00221
-0.75,1,226.00561
0.75,1,226.008897
0.75,1,226.011911
-0.25,2,226.017956
13.5,27,226.089468
3.25,6,226.105216
-0.75,1,226.108166
-0.25,2,226.11387
-2.25,13,226.151827
-0.25,2,226.157784
8.0,34,226.255711
2.25,7,226.273821
2.75,8,226.29584
3.75,10,226.323278
3.25,6,226.340156
1.25,8,226.360833
-0.75,1,226.36348
3.25,6,226.379048
-0.25,2,226.384991
4.25,8,226.406141
11.5,23,226.467461
3.25,6,226.483097
-0.75,1,226.485978
8.0,16,226.526489
-10.75,17,226.581988
3.25,6,226.599267
1.25,5,226.997576
2.25,7,227.016817
2.75,8,227.036308
0.75,4,227.047584
13.5,27,227.114235
-0.25,2,227.119456
0.75,1,227.122169
-0.25,5,227.136482
-0.25,2,227.141828
3.25,9,227.167201
3.25,6,227.189876
25.5,51,227.327133
19.5,39,227.424728
-0.75,1,227.427498
-1.25,3,227.435416
0.75,1,227.438176
-0.75,1,227.441027
4.25,11,227.489207
13.0,26,227.564656
-4.75,8,227.585698
-0.75,1,227.588662
18.0,36,227.676311
-0.25,2,227.681872
19.5,39,227.782836
-0.75,1,227.786237
-0.75,1,227.789559
-0.75,1,227.792747
3.25,6,227.808365
4.25,11,227.837105
-0.75,1,227.839947
-0.25,2,227.845347
-0.75,1,227.847869
-4.25,6,227.863138
-0.75,1,227.866051
-0.25,2,227.87128
-0.75,1,227.874222
-0.75,1,227.877031
-0.25,2,227.882447
0.75,1,227.88543
0.75,1,227.888358
12.0,24,227.951467
7.75,18,228.004096
3.25,12,228.040838
-0.75,1,228.043929
-0.75,1,228.047197
0.25,3,228.05566
-8.75,9,228.080606
-0.25,2,228.086278
0.75,4,228.096956
0.75,1,228.099743
-0.25,2,228.104929
-3.25,5,228.119283
0.75,1,228.122727
-0.75,1,228.125842
-0.75,1,228.128914
-0.25,2,228.134597
23.0,46,228.255463
4.75,12,228.285073
1.75,6,228.300343
-0.75,1,228.303256
15.5,31,228.692351
2.25,7,228.711706
12.5,25,228.776288
-0.75,1,228.779464
-0.75,4,228.790549
-3.25,5,228.804574
0.75,1,228.807514
-0.25,2,228.812836
2.25,4,228.822819
-4.75,8,228.842924
-0.25,5,228.855561
0.75,1,228.858051
23.5,50,228.987612
-0.25,2,228.99609
-1.25,3,229.004446
0.75,1,229.007265
-0.25,2,229.012616
0.25,3,229.021954
0.75,1,229.025003
15.5,31,229.103133
19.5,39,229.204099
2.75,8,229.224224
3.25,9,229.249865
4.25,8,229.270298
-0.25,2,229.275304
7.75,18,229.320497
1.75,6,229.336411
5.75,14,229.376523
-0.75,1,229.379988
17.0,34,229.476541
3.25,6,229.493049
15.5,31,229.580007
28.5,57,229.742172
-0.25,2,229.748046
-5.75,6,229.76422
0.75,1,229.767273
-5.25,7,229.78631
-0.25,2,229.791975
-0.25,2,229.797291
-0.25,2,229.802806
-0.75,1,229.805892
3.75,10,229.834552
0.75,4,229.845761
17.5,35,229.94157
1.25,5,229.954754
35.0,70,230.549581
-0.25,2,230.55557
1.25,5,230.56857
0.75,1,230.571614
0.25,3,230.581028
0.75,1,230.585037
-0.25,8,230.607536
-0.25,2,230.613272
-0.25,8,230.634939
0.75,1,230.638002
-0.75,1,230.641114
1.75,6,230.657733
20.0,40,230.760803
0.75,1,230.763653
-0.75,1,230.766309
1.75,6,230.781285
-0.25,2,230.786475
0.75,1,230.789022
1.25,5,230.801289
0.25,3,230.808995
0.75,1,230.81175
14.0,28,230.878646
4.25,11,230.904787
14.0,31,230.975056
23.5,47,231.08744
1.75,6,231.101652
-1.25,3,231.109227
-3.25,5,231.121114
-9.25,11,231.149299
8.25,19,231.199551
0.75,4,231.209947
2.25,7,231.227416
16.0,32,231.310096
-6.25,8,231.330039
4.25,11,231.356961
-0.25,2,231.362325
-2.75,12,231.397445
15.0,30,231.470118
-1.25,3,231.477872
-0.75,7,231.495252
0.25,3,231.502658
-0.75,1,231.505368
3.25,6,231.520383
-0.75,1,231.523272
1.25,5,231.536397
25.0,50,231.661439
-1.25,1,231.664339
22.5,45,231.77824
-1.25,3,232.098459
0.25,3,232.106086
0.75,1,232.108774
-0.75,1,232.111485
-0.75,1,232.114295
2.25,7,232.13146
-0.75,1,232.134269
3.25,6,232.151399
-0.25,2,232.156755
1.25,5,232.169911
2.25,4,232.180234
16.0,35,232.267503
0.75,1,232.270469
1.75,6,232.286605
13.0,26,232.34901
-0.25,2,232.353992
1.75,6,232.368942
2.25,4,232.379615
5.25,13,232.411762
-6.25,11,232.437962
2.75,8,232.456389
3.25,6,232.470573
1.25,8,232.489903
0.75,1,232.492377
-1.25,3,232.499883
1.75,6,232.515459
3.75,7,232.532794
-0.25,2,232.537691
0.75,1,232.540501
12.0,24,232.598985
1.25,5,232.61258
0.75,1,232.615363
0.75,1,232.618131
-0.25,2,232.623181
3.25,6,232.637767
-2.25,4,232.647223
6.75,12,232.675301
-0.75,1,232.678457
-2.75,3,232.68603
-0.75,1,232.688816
-1.25,1,232.691656
4.75,9,232.71382
15.5,37,232.8056
12.0,24,232.866745
3.25,9,232.889753
17.5,38,232.98655
21.0,42,233.09025
0.75,10,233.115038
-9.25,11,233.142327
-0.75,1,233.145008
0.75,4,233.154738
1.75,6,233.171535
0.25,6,233.186585
0.25,3,233.194328
12.0,27,233.26107
-0.25,2,233.266211
0.75,1,233.269102
3.25,6,233.284407
-2.25,4,233.294692
21.5,43,233.714285
0.75,3,233.722225
3.25,6,233.73709
0.25,3,233.745267
0.25,9,233.767227
-0.25,2,233.77235
-0.75,1,233.775144
0.75,1,233.777911
-0.75,1,233.780738
-0.75,1,233.783311
35.5,77,233.9701
3.25,6,233.985061
21.0,42,234.083861
-1.75,5,234.096572
-0.25,2,234.101501
0.75,1,234.104049
-6.25,8,234.123879
-0.25,2,234.128855
0.25,9,234.150876
-0.25,2,234.156303
3.75,7,234.176521
3.75,7,234.195251
1.25,8,234.2149
4.25,11,234.242527
4.25,8,234.262686
-0.25,2,234.267858
1.25,5,234.280566
-0.75,4,234.290648
1.75,6,234.306562
2.25,7,234.32382
28.5,60,234.470335
-0.75,4,234.480315
1.75,6,234.495785
0.75,4,234.505947
0.75,1,234.508738
-0.75,1,234.51161
-0.75,1,234.514534
-0.25,2,234.519749
-0.75,1,234.522939
19.0,38,234.617568
-0.75,1,234.620927
0.75,1,234.62401
-3.25,5,234.636689
-0.75,1,234.639563
-1.25,1,234.64253
-0.75,1,234.645441
2.25,7,234.663028
18.0,36,234.750102
-0.25,5,234.763881
24.5,49,234.885296
3.25,6,234.89978
1.25,5,234.912206
0.75,7,234.928867
-3.25,5,234.94179
0.75,1,234.944767
1.25,3,234.952694
-4.25,9,235.294863
21.5,61,235.446433
16.5,33,235.528811
-0.75,1,235.531541
5.25,10,235.556233
0.75,1,235.559051
1.75,6,235.573362
4.25,8,235.592407
0.25,3,235.600109
0.25,9,235.622545
-0.75,1,235.625714
-0.25,2,235.630883
8.75,20,235.67952
0.25,3,235.686935
0.75,1,235.689807
-0.25,2,235.694904
-0.25,2,235.700132
36.5,82,235.969423
3.25,6,235.990349
1.25,5,236.003418
-0.25,2,236.00847
1.25,5,236.019553
0.75,4,236.029516
-0.25,2,236.034941
-0.75,1,236.03769
-0.75,1,236.040526
-0.25,2,236.045653
-0.25,2,236.050873
14.5,29,236.126498
1.75,6,236.142533
2.25,4,236.153275
0.75,1,236.156163
1.25,5,236.169591
-2.25,4,236.180182
1.25,5,236.194356
7.75,18,236.241576
1.75,6,236.257376
-0.25,2,236.262604
0.25,3,236.270522
0.25,3,236.278198
-0.25,2,236.283221
-0.75,1,236.285984
0.75,4,236.296977
-0.75,1,236.301004
14.0,28,236.368927
2.75,8,236.38816
19.5,39,236.481792
0.75,1,236.484426
10.25,26,236.552073
7.75,18,236.60021
1.75,9,236.621957
12.5,25,237.000928
-9.75,10,237.02779
8.75,20,237.077583
1.75,3,237.085313
0.75,1,237.088145
-9.75,10,237.113162
-0.25,2,237.118056
20.5,41,237.22068
-0.25,2,237.225848
10.0,26,237.289078
-6.75,13,237.322481
-0.25,2,237.327513
2.25,7,237.344357
0.75,1,237.34705
-0.75,1,237.349792
1.75,12,237.379471
12.0,24,237.438219
-0.75,1,237.441078
-2.25,4,237.451372
-2.25,10,237.475636
0.25,3,237.483306
-0.75,10,237.50745
5.75,9,237.531154
0.75,1,237.533927
0.75,1,237.536782
1.75,6,237.551372
-0.25,2,237.556671
-0.75,1,237.559469
-0.25,2,237.564404
22.5,45,237.672772
-0.75,1,237.675476
0.75,1,237.678344
-0.75,1,237.681231
23.0,46,237.803034
-9.25,11,237.830885
-0.75,1,237.833688
-2.25,4,237.843726
22.5,45,237.953173
-1.75,2,237.958512
0.75,1,237.961497
2.25,4,237.973149
0.75,4,237.984125
3.25,9,238.006224
12.5,25,238.066308
-0.75,1,238.069004
-0.25,2,238.074036
3.25,6,238.08883
3.75,10,238.114271
-0.25,2,238.119244
0.75,1,238.121856
-1.25,1,238.124267
20.5,41,238.223263
-2.25,4,238.233553
1.75,6,238.55189
0.75,1,238.554941
3.25,9,238.578076
4.75,8,238.596733
0.75,4,238.606004
1.75,4,238.615104
17.5,41,238.71151
0.75,1,238.71414
2.75,11,238.740884
1.75,6,238.756217
0.75,1,238.758914
3.25,6,238.773829
8.5,53,238.9024
6.25,9,238.925164
-0.75,1,238.927973
35.0,70,239.096689
-0.25,2,239.102497
14.5,29,239.175252
-0.25,2,239.180367
0.25,3,239.187801
-0.25,2,239.192505
-0.25,5,239.206186
11.0,22,239.263391
-0.75,1,239.266015
0.75,4,239.2762
19.0,38,239.369465
-0.75,1,239.372403
-0.25,2,239.377792
3.25,6,239.392575
3.25,6,239.407517
3.25,9,239.431984
-8.25,13,239.46534
0.75,1,239.46804
46.0,92,239.691988
-0.75,4,239.701653
6.75,10,239.724988
0.75,1,239.727907
0.25,9,239.75141
19.0,38,240.139011
-2.25,4,240.148462
-4.25,6,240.162479
-3.25,8,240.182801
0.25,9,240.206196
1.75,6,240.221054
-2.25,4,240.230846
-7.25,9,240.256126
3.25,6,240.27129
-0.25,8,240.289716
23.5,47,240.401968
-1.25,3,240.409301
-0.25,2,240.414506
-2.25,4,240.424572
28.75,60,240.580681
16.0,44,240.686217
-7.25,9,240.70745
0.25,3,240.714976
0.25,3,240.722098
12.0,51,240.846816
25.5,51,240.977813
2.25,7,240.995996
0.75,4,241.006679
3.25,6,241.023037
0.75,1,241.025874
24.5,52,241.158481
-0.25,2,241.163868
-2.75,9,241.187122
11.5,23,241.241884
4.25,11,241.269892
9.0,27,241.333677
-2.75,12,241.364739
-0.75,1,241.367343
-2.25,4,241.688583
-0.25,2,241.694539
0.75,1,241.697522
-2.75,3,241.705485
2.75,8,241.72508
2.75,8,241.745669
-0.25,2,241.751153
20.0,40,241.847781
-2.25,4,241.857401
-0.25,2,241.862345
-0.25,2,241.867483
0.75,1,241.870156
2.75,8,241.889297
3.25,6,241.904916
-0.25,2,241.911141
0.75,1,241.914389
0.75,1,241.917404
2.75,8,241.937853
-4.75,11,241.964998
0.25,6,241.980115
1.75,9,242.004083
3.25,6,242.020013
1.75,6,242.036705
-0.25,2,242.042227
2.25,4,242.052961
0.25,3,242.061062
0.75,1,242.063936
1.25,8,242.086224
3.25,6,242.103777
-1.75,8,242.126701
0.75,1,242.130037
1.75,6,242.149274
-0.25,2,242.154936
0.75,1,242.158123
-0.75,1,242.161549
3.25,6,242.184493
10.0,20,242.2463
0.75,1,242.249496
0.25,3,242.257769
-0.75,1,242.260685
3.25,9,242.283921
-3.25,5,242.297056
2.25,13,242.333431
0.75,1,242.336161
0.75,1,242.338953
2.75,8,242.359076
2.25,10,242.385057
12.5,25,242.446006
0.75,4,242.456136
0.75,1,242.458875
29.5,59,242.606876
1.75,6,242.62249
2.25,7,242.640661
-0.75,1,242.643673
12.0,24,242.704245
-1.75,11,242.731706
0.25,3,242.740156
0.75,4,242.750505
-6.25,8,242.770716
4.5,27,242.837104
0.75,1,242.839723
6.5,49,242.958851
0.25,3,242.96653
0.75,3,242.974249
-0.25,2,242.979645
-0.75,1,242.98242
3.25,6,242.997349
3.25,6,243.012832
-0.25,2,243.343943
3.25,9,243.365834
0.25,3,243.372957
0.75,1,243.375639
3.75,7,243.393164
1.75,6,243.40747
0.75,1,243.409988
-0.75,1,243.412852
20.0,40,243.50901
-0.75,1,243.511797
-0.75,1,243.514335
2.25,4,243.524053
-1.25,3,243.531595
-6.25,8,243.550316
0.75,4,243.559649
38.0,76,243.742366
0.75,1,243.745113
8.75,20,243.79342
-3.25,5,243.806119
-0.75,1,243.80883
1.75,6,243.823899
0.75,4,243.834051
-0.75,1,243.836544
8.75,20,243.883188
14.0,28,243.955507
32.0,64,244.109298
1.75,6,244.124199
-0.75,1,244.127056
-0.25,2,244.132514
1.75,6,244.149915
-4.25,6,244.165085
0.25,3,244.172885
0.75,1,244.175813
15.0,30,244.249112
2.25,7,244.265929
-0.25,2,244.270863
3.75,10,244.293602
1.25,5,244.305719
4.25,11,244.332412
26.5,53,244.454182
-0.75,1,244.45667
0.25,6,244.471692
15.0,30,244.542721
-5.25,10,244.565408
16.5,33,244.952104
-0.25,2,244.957549
-0.75,1,244.960427
-0.75,1,244.963014
0.75,1,244.965875
14.5,29,245.037305
14.0,28,245.107633
-1.25,3,245.115105
18.0,36,245.203509
17.0,34,245.286765
-0.75,1,245.289303
-0.75,1,245.291807
1.75,6,245.30609
0.75,4,245.315724
-0.25,2,245.32056
-0.75,1,245.323207
1.75,6,245.337835
1.75,6,245.352457
3.25,6,245.366437
-0.25,2,245.371262
0.75,1,245.373728
-1.25,3,245.380846
8.25,19,245.424937
-0.25,2,245.429784
-0.75,1,245.432446
13.5,27,245.504971
-0.25,2,245.510886
1.75,6,245.526197
-1.75,2,245.531518
14.0,31,245.607834
3.75,10,245.631773
0.75,1,245.634399
0.75,10,245.657912
3.25,6,245.671673
5.25,10,245.693697
-0.75,1,245.696374
-0.25,2,245.701318
5.25,10,245.72756
-0.75,1,245.730299
2.25,7,245.748802
3.75,10,245.774109
-6.25,8,245.792455
-0.75,1,245.79514
2.75,8,245.816184
-0.25,2,245.821537
3.75,7,245.838763
0.75,1,245.841559
-0.25,2,245.846645
11.0,22,245.898149
0.75,4,245.908017
0.75,1,245.910508
-0.75,1,245.913162
4.25,11,245.939887
-0.75,1,245.943066
2.75,8,245.964157
-0.25,2,245.969509
16.5,33,246.048418
0.75,1,246.051194
-3.25,8,246.071439
25.5,51,246.507304
19.0,38,246.603153
0.25,3,246.61109
0.75,4,246.622115
-1.75,5,246.634702
27.5,55,246.768401
12.0,24,246.826911
16.5,33,246.907813
-0.25,2,246.912556
-0.25,2,246.917368
0.75,1,246.920061
23.5,47,247.033511
3.25,6,247.048311
0.75,1,247.05087
7.75,18,247.095143
0.75,1,247.098153
-0.75,1,247.100978
0.25,3,247.10875
-0.25,2,247.113993
1.75,6,247.130002
-0.75,1,247.132918
0.75,4,247.143248
0.75,1,247.145903
0.75,1,247.148585
0.75,1,247.151289
2.75,8,247.172434
0.75,1,247.175075
0.75,1,247.177797
0.25,6,247.19324
0.75,1,247.195966
1.75,12,247.225681
3.25,6,247.248474
4.25,11,247.293832
-0.75,1,247.298514
-0.75,1,247.303101
-0.25,2,247.311462
-0.75,1,247.315904
15.0,30,247.412972
-0.25,2,247.418342
0.75,1,247.421119
1.75,6,247.436053
0.75,1,247.438955
6.75,16,247.479162
1.25,5,247.491599
1.25,5,247.503933
0.75,1,247.506504
-0.75,10,247.531736
-2.75,3,247.539318
-1.25,3,247.546703
-0.25,2,247.551968
13.5,27,247.619139
0.25,3,247.62703
-0.25,2,247.632385
16.0,32,247.709485
-0.25,2,247.714864
-1.25,1,247.717368
10.0,44,248.128206
-0.25,2,248.133384
2.25,5,248.145656
3.25,6,248.161162
3.25,9,248.184354
-0.25,5,248.197438
-0.75,1,248.200432
-0.25,2,248.206286
2.25,7,248.22391
1.25,5,248.237188
2.75,8,248.257295
-8.25,10,248.281587
0.75,4,248.291243
-1.25,3,248.298687
-0.25,2,248.303667
3.75,10,248.327033
0.75,1,248.32975
23.0,46,248.43999
-0.75,1,248.442409
1.75,6,248.456293
-0.25,2,248.460951
14.0,49,248.575861
0.75,1,248.578545
-1.25,9,248.600782
-0.75,1,248.603421
12.0,24,248.663254
3.25,6,248.678489
-0.25,2,248.683472
0.75,1,248.686146
13.5,27,248.753276
-0.75,10,248.77736
-0.25,2,248.782526
3.25,6,248.797223
0.75,1,248.800041
-0.25,2,248.805131
1.25,5,248.817527
4.75,12,248.848114
1.75,6,248.862863
-1.25,3,248.87066
13.5,27,248.935431
-0.25,2,248.940515
14.5,29,249.011679
1.75,6,249.027141
10.25,23,249.083999
0.25,3,249.091762
12.5,25,249.153677
3.75,10,249.179858
-0.75,1,249.183149
1.75,6,249.199308
-2.25,4,249.21019
2.25,7,249.227786
3.25,9,249.251226
-0.75,1,249.25403
33.5,67,249.711738
12.0,24,249.772667
12.0,24,249.832453
-0.25,2,249.837852
-0.25,2,249.843796
-0.25,11,249.8707
2.25,7,249.887777
0.75,1,249.890488
26.5,53,250.018374
21.5,43,250.120453
1.75,6,250.135251
0.75,1,250.138015
1.25,5,250.150286
4.25,8,250.170901
-0.25,11,250.198645
1.75,12,250.229046
19.0,38,250.323726
-0.25,2,250.32852
-1.25,1,250.331364
-0.75,1,250.334231
4.5,24,250.392399
1.75,6,250.406929
1.75,6,250.421804
13.5,30,250.499991
-0.75,1,250.502873
-0.25,2,250.507997
16.25,35,250.594058
15.5,31,250.669517
2.75,8,250.689105
-1.25,3,250.696327
-5.25,13,250.728741
-0.75,1,250.731709
3.25,6,250.747566
3.25,6,250.763709
0.75,1,250.766606
0.75,4,250.777008
16.0,35,250.862759
5.25,10,250.889236
-0.25,2,250.894586
1.75,6,250.909731
1.75,3,250.917444
21.0,42,251.317462
3.25,9,251.339695
0.25,12,251.367805
4.25,11,251.396615
23.5,47,251.514087
0.75,10,251.543614
-0.25,2,251.548988
3.25,6,251.564405
3.25,6,251.579989
12.0,24,251.637749
-0.25,5,251.650532
3.25,6,251.665663
10.25,26,251.729691
-1.25,9,251.754613
3.25,9,251.777361
3.25,9,251.79855
-0.25,2,251.803178
3.25,6,251.816551
1.25,5,251.828207
0.25,3,251.835203
-0.25,2,251.839929
-6.25,8,251.858601
15.5,31,251.935951
38.0,76,252.122208
-0.75,1,252.124904
0.75,1,252.127665
3.75,10,252.155019
1.75,6,252.171335
9.25,21,252.230555
-0.75,1,252.233615
15.0,30,252.310021
-2.75,3,252.317945
-0.75,1,252.321286
19.0,38,252.42187
2.75,8,252.4427
-0.25,2,252.448185
21.5,43,252.868793
-3.75,10,252.894898
0.75,1,252.897592
-2.25,4,252.907832
0.25,9,252.929121
1.75,9,252.950308
1.75,6,252.964954
0.75,1,252.967864
0.75,10,252.992422
-1.25,9,253.015818
0.75,1,253.018724
3.25,6,253.033847
-1.25,3,253.041478
21.5,43,253.144551
0.75,1,253.147511
1.25,5,253.160531
3.25,9,253.18366
1.25,8,253.204137
-0.25,2,253.209487
3.25,6,253.226
3.25,6,253.242992
0.75,1,253.245915
-0.75,7,253.263751
18.0,36,253.353069
-0.25,2,253.358224
28.5,60,253.504097
3.75,10,253.528384
5.25,10,253.554907
0.75,4,253.565478
21.0,42,253.66493
-0.25,2,253.670138
16.5,33,253.751233
1.75,6,253.76601
3.25,6,253.781945
3.25,6,253.796639
-0.75,10,253.820426
18.5,37,253.912977
0.75,4,253.923578
3.25,6,253.939005
-1.25,3,253.946943
4.25,8,253.967972
-1.75,11,253.996883
-3.25,5,254.010666
1.25,5,254.023896
-1.25,3,254.032215
-2.25,10,254.05809
-2.75,3,254.066216
2.25,7,254.084676
-2.25,10,254.111562
0.75,4,254.434318
18.5,37,254.527089
14.5,29,254.599587
16.5,33,254.674786
1.25,5,254.686048
28.0,56,254.822939
1.75,9,254.846234
16.5,36,254.933025
-0.25,2,254.938082
-0.25,2,254.943448
1.75,9,254.96525
-4.25,11,254.990919
-0.75,4,255.001579
-0.25,2,255.007147
1.25,5,255.019869
1.75,9,255.042131
1.75,6,255.058806
0.25,9,255.081261
21.5,43,255.186692
12.5,25,255.248983
2.25,7,255.265807
0.25,6,255.280224
3.25,9,255.302036
0.75,1,255.304588
1.75,9,255.327386
1.25,5,255.339577
0.75,1,255.342175
1.75,6,255.35676
17.5,35,255.436381
0.75,7,255.454697
0.25,3,255.464101
-0.75,1,255.467361
-0.25,2,255.473426
20.0,40,255.576174
1.75,5,255.589062
3.25,9,255.612403
29.5,59,256.084526
-7.25,9,256.105489
1.75,12,256.134737
3.75,7,256.152252
3.75,7,256.170529
0.75,4,256.181111
0.25,6,256.19756
6.5,37,256.294809
-2.25,4,256.3057
13.0,26,256.369334
1.25,5,256.382388
18.5,37,256.475417
2.25,7,256.493162
-0.75,1,256.495787
25.0,50,256.622898
-4.75,14,256.658695
-0.75,1,256.661539
-0.75,1,256.664151
0.75,1,256.666943
2.75,8,256.689119
11.5,23,256.7471
-3.25,5,256.760049
1.75,6,256.775236
23.0,46,256.88919
1.75,6,256.905295
-0.25,2,256.911023
1.75,3,256.919184
-0.75,1,256.921966
12.0,24,256.980433
27.5,55,257.118541
13.5,27,257.210531
3.25,6,257.248873
3.25,9,257.299531
1.75,6,257.317689
24.5,49,257.741514
1.75,6,257.756871
1.75,6,257.77251
1.25,5,257.785031
12.0,24,257.842391
-0.75,1,257.845217
-3.25,5,257.857588
1.75,6,257.871908
1.25,5,257.884862
0.75,1,257.887552
0.75,4,257.897747
0.75,4,257.909288
8.25,22,257.963698
13.5,27,258.026788
3.75,10,258.052436
3.25,6,258.06697
3.25,6,258.080997
-1.75,2,258.086251
-1.25,3,258.093722
20.0,43,258.200479
-0.25,2,258.206066
11.5,23,258.263218
0.75,4,258.273127
1.75,6,258.288705
0.25,3,258.296509
12.0,30,258.373493
15.5,31,258.4489
21.5,43,258.554725
1.75,9,258.577957
0.25,3,258.586305
14.0,28,258.652823
3.25,6,258.666699
3.25,9,258.687387
-0.25,2,258.692358
0.75,1,258.694934
2.75,8,258.716233
-0.75,1,258.719275
0.75,1,258.722005
0.75,1,258.72481
23.5,47,258.846722
0.75,3,258.854579
1.75,3,258.86223
0.75,1,258.864887
-0.75,1,258.867388
1.75,6,258.882255
1.25,5,258.895082
-0.25,2,258.900532
-0.25,2,258.905962
8.75,20,258.957913
18.0,36,259.3425
-0.75,1,259.345195
2.25,7,259.362202
6.25,15,259.400725
-0.25,2,259.405922
1.25,5,259.418394
-3.25,5,259.430297
-5.25,7,259.446592
-2.75,9,259.467089
0.75,1,259.46972
19.5,39,259.558875
-2.25,4,259.568052
1.75,6,259.581795
1.75,3,259.589268
-0.75,1,259.59188
-1.25,1,259.594485
12.0,24,259.65371
3.75,7,259.669991
-0.25,5,259.681555
0.75,1,259.683906
-1.25,3,259.690771
0.75,4,259.702165
3.75,6,259.718132
-0.75,1,259.72086
-0.75,4,259.731825
-3.25,5,259.74514
13.0,26,259.80573
3.25,6,259.819963
-2.25,4,259.830065
0.75,1,259.833183
15.25,32,259.907934
0.25,3,259.915056
0.75,1,259.917711
-0.25,2,259.922952
3.25,9,259.946468
-0.25,2,259.951725
3.75,7,259.969143
0.25,3,259.976801
0.75,1,259.979437
-0.25,2,259.985284
8.75,20,260.033372
12.0,24,260.09223
15.5,31,260.16729
-5.25,10,260.192592
-0.25,2,260.197599
-0.75,1,260.200147
-0.75,1,260.202641
2.25,7,260.219425
-0.25,2,260.224156
13.5,27,260.291889
-0.25,2,260.297321
-7.75,8,260.317121
0.75,1,260.319713
1.75,6,260.332955
3.25,9,260.355223
3.75,7,260.372251
0.25,3,260.380059
1.25,5,260.393722
3.25,6,260.409444
1.25,5,260.421934
-0.25,2,260.4269
0.75,1,260.429489
23.0,49,260.856023
-9.25,11,260.882909
2.25,7,260.898881
-6.25,8,260.917945
0.75,1,260.920371
-0.75,1,260.923246
8.75,20,260.973322
4.25,11,260.998582
3.25,12,261.02614
0.25,3,261.033693
1.75,6,261.047956
-0.75,1,261.050578
29.0,58,261.194067
12.0,24,261.253587
-0.25,2,261.258822
-0.75,7,261.275512
41.0,82,261.472412
16.5,33,261.551675
-0.25,2,261.557024
1.25,5,261.569997
-8.75,12,261.599831
1.25,5,261.613697
4.5,30,261.683886
-0.25,2,261.688656
-0.75,1,261.690974
0.75,1,261.693633
0.75,4,261.703084
-0.75,1,261.705602
-1.75,5,261.717085
0.75,1,261.719515
-1.25,12,261.750968
4.25,11,261.777426
1.25,5,261.790664
17.0,37,261.885612
0.75,1,261.888364
1.75,3,261.895823
-0.75,1,261.898412
0.75,1,261.901083
-0.75,10,261.923453
2.25,7,261.940996
10.75,24,262.001653
0.75,1,262.004474
2.75,8,262.023273
1.75,6,262.038192
-0.75,1,262.040807
18.0,39,262.443151
11.5,35,262.524808
-0.75,1,262.52729
-0.75,1,262.529761
0.75,1,262.532382
1.75,6,262.546102
1.25,5,262.557952
-0.75,1,262.560545
-0.25,2,262.565604
24.0,48,262.678661
1.75,6,262.692302
15.5,31,262.768196
-0.25,2,262.773512
-0.25,2,262.778922
0.25,3,262.786485
5.25,10,262.809833
-2.25,4,262.818586
-3.25,5,262.83156
2.75,8,262.851867
7.25,10,262.876405
-0.25,2,262.881441
-0.25,2,262.88631
-0.75,1,262.888755
-1.25,3,262.895453
0.25,9,262.915871
2.75,8,262.934334
-0.25,2,262.938999
1.75,6,262.953075
-3.25,5,262.966554
-0.25,2,262.971998
-0.25,2,262.977214
8.75,20,263.025344
-0.75,1,263.027837
13.0,26,263.094578
0.75,1,263.097561
-0.75,1,263.100442
3.25,6,263.116428
-0.75,4,263.127433
1.75,3,263.136262
4.75,9,263.162156
-0.75,1,263.165247
-0.25,2,263.171315
17.5,35,263.266221
0.75,1,263.269135
1.25,5,263.281857
0.25,3,263.289494
-0.75,1,263.29291
18.0,36,263.391659
0.75,4,263.405062
1.75,6,263.424142
0.75,4,263.43555
-2.75,3,263.443164
5.25,10,263.467551
6.75,16,263.507017
0.75,1,263.509966
4.75,9,263.534423
11.0,22,263.593787
-0.25,2,263.599863
-1.75,2,263.606166
0.25,3,263.615475
-0.75,1,263.618749
3.25,9,263.6457
-0.75,1,263.649604
0.75,1,263.653195
1.25,5,263.670152
-0.75,1,263.673702
0.75,1,263.677193
-0.25,2,263.683898
-0.25,2,263.69058
-0.75,1,263.694446
12.0,24,264.079064
3.25,9,264.10175
4.25,11,264.128612
-0.75,4,264.138603
0.75,4,264.148656
12.0,24,264.211866
-0.25,2,264.216781
-1.75,11,264.247164
-1.25,1,264.250097
-0.25,2,264.256133
9.5,22,264.318439
6.75,16,264.360101
-1.75,11,264.387449
20.0,40,264.486289
-0.25,2,264.491538
3.25,6,264.507505
0.75,1,264.510401
24.5,49,264.648115
0.25,3,264.657432
12.5,25,264.728614
1.75,3,264.736593
-0.75,1,264.740367
3.25,9,264.767011
38.5,77,264.970908
26.5,53,265.122013
-0.25,2,265.127084
21.0,42,265.237301
-0.75,1,265.240766
0.25,3,265.249458
-0.25,2,265.255588
2.75,8,265.276442
-0.25,2,265.282215
0.25,3,265.291819
-2.25,10,265.324174
-0.25,2,265.330438
-0.75,1,265.333583
2.75,8,265.356497
34.5,69,265.867375
-0.75,1,265.870295
-2.25,10,265.895972
-0.75,1,265.898567
0.75,1,265.901251
0.75,1,265.90401
0.75,10,265.929463
1.75,3,265.936649
0.25,3,265.943705
-1.25,1,265.946111
2.25,4,265.955459
-2.25,4,265.967143
2.25,10,265.99329
22.0,44,266.101689
2.25,7,266.118503
3.25,6,266.132638
0.75,1,266.13519
-0.25,2,266.140568
1.25,5,266.153023
2.75,8,266.174163
15.5,31,266.253357
10.75,24,266.311067
-4.25,6,266.326305
-0.25,11,266.35383
-0.25,2,266.358927
0.75,4,266.368805
3.75,10,266.393218
0.75,1,266.395911
5.25,7,266.413134
-0.25,2,266.418657
-0.25,2,266.424609
-0.25,2,266.430432
-1.25,6,266.445487
6.75,16,266.483564
0.75,1,266.486345
11.5,23,266.542256
-0.25,2,266.547821
-2.25,4,266.5599
11.25,25,266.623557
0.75,1,266.626213
-0.25,2,266.631299
3.75,7,266.649294
26.0,52,266.781935
3.75,7,266.799176
0.75,1,266.80187
0.75,1,266.804635
-0.25,2,266.809695
1.75,6,266.824773
0.75,1,266.827727
-1.75,8,266.84725
10.0,20,266.896376
0.75,1,266.899113
2.75,8,266.918944
0.25,3,266.925741
0.75,1,266.928601
22.5,45,267.351989
-0.75,1,267.354766
-0.25,2,267.360137
8.25,19,267.410762
-0.75,1,267.41377
-0.75,4,267.424472
-0.75,1,267.427843
-0.75,1,267.430965
-0.25,2,267.436434
5.25,13,267.468926
0.25,6,267.483172
-0.25,2,267.488027
3.25,6,267.501998
-0.25,2,267.506649
-0.25,2,267.511328
-0.75,1,267.513944
0.75,4,267.524381
-0.75,1,267.527329
1.75,6,267.541574
-0.75,1,267.544447
0.25,3,267.551865
-0.25,2,267.557972
27.5,55,267.687796
1.25,5,267.699372
-0.75,1,267.702103
20.0,40,267.804195
-0.75,1,267.806776
-1.25,3,267.814176
0.75,1,267.816854
2.75,8,267.836601
0.75,4,267.846357
2.25,10,267.870089
0.75,1,267.873215
20.5,41,267.974565
0.75,1,267.977476
0.75,1,267.98026
-0.75,1,267.983122
12.0,24,268.042418
0.75,1,268.044962
0.75,1,268.047646
1.75,3,268.054486
1.75,3,268.06147
-0.25,2,268.066334
-1.25,3,268.073261
18.5,37,268.162055
0.75,1,268.164737
0.75,1,268.167464
-0.25,2,268.173236
-0.25,2,268.178794
0.75,1,268.181921
-3.25,5,268.201262
0.75,1,268.205331
4.75,9,268.238441
-0.25,2,268.246868
29.0,58,268.422261
-0.75,1,268.424716
14.0,28,268.496483
3.75,7,268.512657
-0.25,2,268.517326
-0.25,2,268.522241
-0.25,2,268.527202
-0.75,1,268.529736
12.75,28,268.59752
0.75,1,268.600167
-0.75,1,268.602789
-0.25,2,268.607912
-0.25,2,268.61271
2.75,8,268.631413
-0.75,1,268.63429
0.75,1,268.637194
1.25,5,268.649719
2.75,8,268.966417
1.75,3,268.974274
21.5,43,269.079449
0.25,3,269.087307
20.0,40,269.187307
-0.25,2,269.192533
-0.75,1,269.195458
1.75,6,269.210383
11.5,23,269.266572
0.75,1,269.269478
0.25,3,269.277429
3.75,7,269.294601
0.75,4,269.303775
0.75,1,269.306338
0.25,3,269.313584
-0.75,1,269.316239
14.0,28,269.381068
11.0,22,269.432257
0.75,1,269.434876
23.0,46,269.542986
11.0,22,269.599327
-1.75,5,269.611745
0.75,1,269.614574
3.25,6,269.628466
-0.25,2,269.633432
-1.25,3,269.640602
-1.25,1,269.643275
1.75,6,269.657809
-2.75,3,269.664775
0.75,1,269.667347
-0.75,1,269.669984
14.0,37,269.758767
0.75,1,269.761386
-0.25,2,269.766133
8.0,16,269.806246
20.5,40,269.899178
-4.25,6,269.916377
1.25,5,269.928803
0.75,1,269.931312
25.5,51,270.052892
-0.25,2,270.057879
15.5,31,270.130113
6.75,16,270.170459
0.75,1,270.173431
22.75,48,270.599354
15.5,31,270.672009
0.25,3,270.679172
-0.75,1,270.681991
-6.25,8,270.703495
9.25,21,270.755264
1.75,6,270.770674
13.5,27,270.837781
0.25,3,270.84543
-0.25,2,270.850606
0.75,4,270.860522
0.75,1,270.863293
0.75,1,270.866092
14.0,28,270.935679
-0.75,1,270.938481
-4.75,14,270.97257
13.0,26,271.036742
-0.25,2,271.041959
-0.25,2,271.046876
-0.25,8,271.066017
-1.25,6,271.080319
0.75,1,271.082998
3.25,6,271.097689
-0.25,2,271.102882
-0.75,1,271.105657
0.75,1,271.108356
3.25,6,271.123532
0.75,4,271.133764
-0.75,1,271.136569
0.75,1,271.139896
-0.25,2,271.145647
19.0,38,271.239226
-1.25,3,271.246876
0.75,4,271.256573
15.5,31,271.329263
0.75,1,271.332083
-0.25,2,271.337214
4.25,7,271.353681
0.25,3,271.361301
1.25,5,271.374753
19.0,38,271.468815
10.5,21,271.520436
-0.25,11,271.549723
-2.25,4,271.561002
24.0,48,271.678385
-1.25,1,271.681187
17.5,35,271.769527
-8.25,10,272.100785
15.5,31,272.179752
4.75,9,272.203006
7.25,17,272.247662
16.5,36,272.33305
0.25,3,272.340703
-0.25,2,272.345657
3.25,6,272.360407
29.5,59,272.510929
-3.25,8,272.530888
1.75,9,272.553282
-1.25,3,272.560735
-0.75,10,272.586012
0.25,3,272.594914
3.75,10,272.620929
5.25,10,272.647025
1.25,5,272.659865
1.75,6,272.674786
2.25,7,272.691162
2.75,8,272.710432
2.25,5,272.724657
-1.25,9,272.747959
-3.25,5,272.760343
-3.25,5,272.772722
-0.75,1,272.775465
3.25,9,272.798349
-0.75,1,272.801047
-2.25,4,272.811954
0.25,3,272.820985
-0.25,2,272.826213
-7.75,8,272.845612
-0.25,2,272.851012
3.75,7,272.868027
23.0,46,272.980578
20.5,50,273.104121
0.25,3,273.111258
-0.25,2,273.116095
3.75,7,273.133532
0.75,1,273.136793
-0.25,2,273.142412
17.5,35,273.230117
-0.75,1,273.233132
7.0,35,273.32022
0.25,3,273.327425
13.0,26,273.688799
3.25,6,273.704266
1.75,5,273.718282
-0.75,1,273.721489
0.75,1,273.724313
-0.75,1,273.727281
0.25,9,273.751184
3.25,12,273.781689
12.0,24,273.842761
25.5,78,274.029678
-1.25,6,274.045637
0.75,1,274.048484
-0.75,1,274.051271
16.5,36,274.137488
28.5,57,274.278334
41.0,82,274.473328
6.5,37,274.562021
21.0,42,274.664755
-0.25,2,274.669852
3.25,6,274.684922
0.75,4,274.693953
3.25,6,274.709615
-0.75,1,274.713121
-1.25,6,274.728485
3.25,6,274.743912
-0.75,1,274.746879
0.75,1,274.749834
0.75,1,274.752531
19.0,38,274.846308
11.0,22,274.898908
0.25,3,274.906239
15.5,31,275.285277
30.5,61,275.438549
30.0,63,275.597722
1.75,6,275.61271
0.25,3,275.621547
0.25,3,275.629601
-0.75,1,275.632412
24.0,48,275.750398
-3.25,5,275.763266
-0.25,2,275.768714
-1.75,11,275.795945
4.25,11,275.821374
20.0,40,275.919185
12.5,25,275.983859
-0.25,2,275.989205
0.25,9,276.010601
3.25,6,276.024558
1.75,6,276.03841
-1.25,1,276.041138
22.5,45,276.145909
1.25,8,276.165255
-0.25,2,276.172006
0.75,4,276.183952
7.5,15,276.220956
0.25,6,276.237221
2.25,7,276.254817
14.5,29,276.323938
-0.25,2,276.328747
-0.75,1,276.331425
-0.75,1,276.333985
1.25,3,276.341074
1.75,6,276.354609
18.0,36,276.440277
-0.25,2,276.44528
14.5,29,276.83007
0.75,1,276.833181
20.5,41,276.932551
1.75,6,276.946455
7.75,18,276.992119
0.75,1,276.994834
23.0,46,277.106476
-6.25,8,277.125154
0.75,1,277.127916
-0.75,1,277.130548
0.75,3,277.138681
16.25,35,277.226654
3.25,6,277.24236
-0.75,1,277.245
15.5,31,277.319578
2.75,8,277.338916
0.75,4,277.348947
0.25,3,277.356488
-0.25,2,277.36194
3.25,6,277.377059
0.25,9,277.401311
-0.25,2,277.406653
15.0,30,277.476707
1.25,5,277.489681
-2.25,4,277.50033
1.75,3,277.508664
-0.75,1,277.511646
26.0,52,277.638018
-3.25,5,277.649707
16.5,33,277.726028
3.25,6,277.742739
-1.25,3,277.751314
4.25,11,277.778125
0.25,3,277.785362
19.0,38,277.874057
-0.25,2,277.878812
-0.75,4,277.88777
15.0,26,277.94731
-0.25,2,277.952255
-3.75,16,277.9949
0.75,10,278.019732
-0.25,3,278.026773
3.25,6,278.040338
12.0,24,278.410754
-1.25,9,278.435007
-2.25,13,278.468767
3.25,6,278.484228
-0.25,2,278.489508
11.5,23,278.548723
-0.25,2,278.554225
0.25,6,278.569237
2.25,7,278.587866
-0.25,2,278.593232
3.25,6,278.607997
35.5,83,278.811034
-0.75,1,278.813704
3.25,9,278.834871
-0.75,1,278.837434
-0.25,2,278.842529
16.5,33,278.924958
-7.25,9,278.946764
19.0,38,279.041491
4.75,11,279.067717
13.0,26,279.131352
-0.25,2,279.136732
15.0,36,279.230079
5.25,9,279.252311
4.75,12,279.281684
3.25,9,279.302894
18.5,37,279.391925
20.0,46,279.502209
3.25,6,279.516933
0.75,4,279.526771
3.25,6,279.541685
3.25,12,279.572276
-6.25,8,279.592232
4.25,7,279.609532
2.25,4,279.619456
17.0,34,280.013779
0.25,9,280.035964
1.25,5,280.048605
3.75,10,280.073152
-9.25,11,280.100129
0.75,1,280.10283
-2.25,4,280.113004
1.25,5,280.125415
26.0,52,280.253164
1.75,9,280.275977
-1.25,3,280.28393
-8.25,10,280.310607
24.0,48,280.426384
1.75,6,280.441743
12.0,24,280.503405
3.25,6,280.518833
9.5,22,280.573604
-9.25,11,280.600635
0.75,4,280.61024
13.0,26,280.671607
3.25,6,280.685791
0.25,12,280.713346
3.25,6,280.72722
4.75,9,280.750262
21.5,49,280.868024
6.5,22,280.921753
0.75,10,280.945103
6.75,16,280.98241
17.5,35,281.068466
0.75,7,281.085071
10.0,29,281.155102
-0.25,2,281.160429
3.75,10,281.186187
21.5,43,281.620124
8.25,11,281.647058
17.5,35,281.732047
3.25,9,281.763648
5.75,10,281.805613
17.0,40,281.932352
17.0,34,282.01635
-5.25,7,282.033784
-6.75,13,282.065077
-6.25,8,282.084243
16.5,33,282.1632
16.5,33,282.244973
14.0,28,282.313895
1.25,8,282.3342
-5.75,12,282.363562
4.25,10,282.389403
11.0,37,282.480402
2.75,8,282.500155
-0.75,7,282.516964
2.75,8,282.538288
-0.25,2,282.543853
2.75,8,282.566487
-2.75,3,282.574947
3.25,6,282.591733
-1.75,5,282.605512
2.25,7,282.622736
0.25,3,282.630055
7.25,17,282.671442
1.75,6,282.68632
1.25,8,282.706087
-1.75,8,282.725578
0.75,4,282.736102
10.0,29,282.808547
-0.25,11,282.835327
-7.25,9,283.159307
0.75,1,283.162348
1.25,5,283.175509
1.75,6,283.191674
2.25,7,283.210016
-0.25,2,283.215249
12.0,24,283.275047
-0.25,2,283.280302
-1.25,3,283.288236
-6.25,8,283.308524
0.75,4,283.318553
-1.75,2,283.324058
0.25,6,283.339082
-1.25,1,283.341886
3.25,6,283.35866
0.75,1,283.361508
0.75,1,283.364399
17.0,34,283.44889
27.5,55,283.584037
1.25,8,283.604011
-2.25,4,283.613758
-3.25,5,283.62593
0.75,4,283.635404
-0.25,2,283.640079
0.75,4,283.649859
-2.25,4,283.660372
12.5,25,283.721655
2.25,7,283.739142
1.75,3,283.746505
0.75,1,283.749136
-0.75,1,283.751735
20.0,40,283.848866
0.75,4,283.85914
-0.75,1,283.861665
13.5,27,283.926677
-0.25,2,283.931688
37.5,75,284.110669
-4.25,6,284.125792
12.5,25,284.188337
1.75,3,284.195671
-9.75,10,284.219507
0.75,1,284.222332
4.25,11,284.249502
0.75,3,284.25707
0.75,1,284.259993
21.5,43,284.362894
-1.25,3,284.37039
3.75,7,284.387259
3.75,7,284.403933
2.25,7,284.71345
-0.75,1,284.716272
0.75,1,284.718988
-0.75,1,284.72172
12.0,24,284.778926
10.0,20,284.828975
-1.75,8,284.848033
0.25,3,284.85528
8.75,20,284.903671
0.75,7,284.92147
-0.25,2,284.926752
1.75,3,284.934555
-0.25,2,284.939595
30.0,60,285.085539
0.75,1,285.088348
0.75,1,285.090973
0.75,1,285.093803
19.0,38,285.18783
-1.25,1,285.190506
-1.25,1,285.193163
-0.25,2,285.198366
-0.25,2,285.203408
1.75,6,285.217677
21.0,42,285.31643
-0.75,1,285.31906
4.25,11,285.344779
-0.25,5,285.357721
2.75,8,285.377206
1.25,5,285.388666
0.75,4,285.397679
21.5,43,285.502654
2.75,8,285.522991
12.5,25,285.583954
1.75,6,285.59899
0.75,1,285.601629
-1.25,3,285.609115
-0.25,3,285.616509
12.5,25,285.673829
21.5,43,285.779369
-9.25,11,285.807969
-1.25,3,285.815903
2.25,7,285.833194
0.75,1,285.835695
24.25,51,285.954204
9.0,30,286.340826
16.0,32,286.415774
13.0,26,286.478194
-5.25,7,286.497209
0.25,3,286.505139
-1.25,3,286.513039
12.5,25,286.579983
13.0,26,286.647137
3.25,9,286.670109
-0.75,1,286.67293
3.25,6,286.687813
-0.25,2,286.692735
-6.25,8,286.713364
-0.75,1,286.716275
1.25,5,286.729129
15.0,30,286.805216
-0.75,1,286.80801
0.25,9,286.829983
8.5,17,286.873809
-0.75,1,286.87666
1.75,6,286.891706
-0.25,2,286.896951
-0.25,2,286.902583
1.25,11,286.929564
0.75,1,286.932376
3.25,6,286.946283
22.0,40,287.045747
-0.25,2,287.050754
0.25,3,287.058201
11.0,22,287.111126
14.5,29,287.183715
-0.75,1,287.186537
21.5,43,287.292497
-0.75,1,287.295101
1.75,3,287.302356
-0.25,5,287.313984
-1.25,6,287.328828
2.75,8,287.348118
0.75,4,287.357429
0.75,1,287.359932
-1.25,1,287.362379
-5.75,6,287.377648
33.5,67,287.534784
-3.25,5,287.874996
2.25,7,287.891932
2.75,8,287.911464
-3.25,5,287.924219
0.75,4,287.934422
-0.75,1,287.93711
8.25,19,287.981466
6.75,13,288.013277
0.75,1,288.01625
-0.25,2,288.021494
0.75,1,288.024441
-0.25,2,288.029602
12.0,24,288.091376
0.25,3,288.099737
15.5,31,288.18525
0.75,4,288.196943
-0.75,1,288.200886
3.25,6,288.216194
0.75,1,288.219217
-0.25,2,288.224704
3.25,6,288.241117
1.75,6,288.257226
-0.75,1,288.260008
-0.25,2,288.265339
3.25,6,288.280602
3.75,10,288.304684
1.75,6,288.319385
-0.75,1,288.322088
0.75,1,288.324869
3.75,7,288.341841
0.25,3,288.349025
-0.25,5,288.360913
-0.25,2,288.365976
-0.75,1,288.36849
-4.25,6,288.383657
-0.75,1,288.386984
1.25,5,288.399984
1.75,6,288.41499
0.75,1,288.417865
22.0,44,288.522381
15.0,30,288.595128
1.75,3,288.602975
-0.25,5,288.61674
3.25,12,288.647033
-2.75,3,288.654865
-4.25,6,288.670285
0.75,4,288.680567
1.75,6,288.695926
-0.25,2,288.701396
0.75,1,288.704387
0.75,1,288.707755
0.25,3,288.715848
2.75,5,288.728614
-0.25,2,288.734309
-0.75,1,288.737312
0.75,1,288.740261
2.25,4,288.75045
-0.25,2,288.755461
0.75,10,288.77987
-0.25,5,288.793123
0.25,3,288.800612
0.75,4,288.810349
-1.75,2,288.815197
14.0,31,288.891891
20.0,40,288.993194
1.75,6,289.00699
0.25,3,289.01386
-5.25,7,289.029986
-0.75,1,289.032409
3.25,6,289.04603
16.0,32,289.126274
-6.25,8,289.145346
0.75,4,289.474084
0.75,1,289.476841
-0.75,1,289.479409
0.75,1,289.482173
0.75,1,289.484848
17.0,34,289.564245
-0.75,1,289.566914
17.5,35,289.652051
3.25,9,289.674489
0.75,10,289.69928
0.75,1,289.702093
4.75,9,289.725306
27.0,54,289.862002
-2.25,10,289.887383
0.75,1,289.890241
-4.25,9,289.912716
0.75,4,289.922765
-2.25,4,289.933069
0.25,3,289.940902
3.25,6,289.955822
-0.75,1,289.9586
0.75,10,289.984573
4.25,11,290.011199
0.75,7,290.028653
3.25,6,290.042904
4.25,11,290.069165
16.0,32,290.145786
1.75,3,290.152754
10.25,23,290.214984
1.25,5,290.228501
-0.75,1,290.23243
1.75,6,290.24865
1.25,5,290.261236
-0.75,1,290.264029
0.25,3,290.271668
1.75,6,290.288067
-2.75,3,290.295377
0.75,1,290.29804
-1.25,3,290.305373
-0.25,2,290.310289
0.75,1,290.31304
-0.75,4,290.324071
0.25,3,290.331856
1.75,6,290.347849
0.25,3,290.355045
-3.25,5,290.36722
-0.25,2,290.37218
-2.25,7,290.387635
9.25,21,290.441865
24.5,49,290.570017
-2.75,3,290.578263
21.5,43,290.685241
13.5,27,290.752566
3.25,6,291.08471
2.25,7,291.103308
26.0,52,291.231282
0.25,3,291.239865
-0.75,1,291.242675
15.5,31,291.321279
-0.75,1,291.32405
2.75,8,291.343978
-0.25,2,291.349384
0.75,4,291.359445
1.75,6,291.37503
24.5,49,291.497835
-0.75,1,291.500677
0.75,1,291.503755
-2.75,3,291.512338
34.0,68,291.680522
3.25,6,291.694602
-0.25,2,291.699477
16.5,33,291.781551
-0.25,2,291.786902
0.75,1,291.789686
-0.75,1,291.792427
0.75,1,291.79519
18.0,36,291.883499
2.25,7,291.900549
-0.25,2,291.905751
-0.25,2,291.911006
-1.75,11,291.938806
-5.75,6,291.953946
0.75,1,291.956884
-0.75,1,291.959905
-0.75,1,291.962706
0.25,3,291.970435
12.0,24,292.027702
8.25,19,292.071969
-1.25,1,292.074823
13.0,29,292.144559
3.25,6,292.159024
-0.75,1,292.161587
22.5,45,292.274122
0.75,4,292.284057
-0.25,2,292.288835
0.75,4,292.298326
3.75,7,292.315113
-0.25,2,292.320175
0.75,1,292.322702
-0.25,2,292.327427
10.5,27,292.710674
15.5,31,292.787608
20.0,40,292.886456
0.75,4,292.896534
37.0,74,293.08833
1.25,5,293.10218
-0.75,1,293.105
20.0,40,293.206218
2.25,7,293.223118
2.25,7,293.241673
1.75,6,293.256428
0.75,1,293.259228
0.75,1,293.261852
14.5,29,293.330868
-0.75,4,293.340393
-0.25,2,293.345336
-0.25,2,293.350155
1.75,3,293.357321
-0.25,2,293.362605
-0.25,2,293.367843
22.0,44,293.475436
2.25,7,293.491549
24.0,48,293.608286
3.25,6,293.62342
17.5,35,293.706267
1.75,6,293.720963
3.25,6,293.735572
1.25,8,293.755407
2.75,11,293.783672
16.0,32,293.859871
-2.25,4,293.871552
3.25,9,293.894523
0.25,6,293.909209
2.75,8,293.929798
3.25,6,294.319017
0.75,1,294.321426
15.25,33,294.401969
0.25,3,294.409421
-0.25,2,294.414697
12.0,24,294.476575
3.75,7,294.494506
-0.75,1,294.497197
1.75,6,294.510795
-0.75,1,294.513351
-0.25,2,294.518399
-0.25,2,294.523753
0.75,1,294.526446
-0.75,1,294.529552
-0.75,1,294.532521
0.75,4,294.543821
12.5,25,294.607261
-0.25,2,294.612971
-0.75,1,294.61578
0.75,4,294.626512
45.5,91,294.859493
-1.75,5,294.872364
0.75,1,294.875198
-1.25,3,294.882968
3.25,9,294.906746
0.75,1,294.909561
3.25,6,294.925776
-0.75,1,294.928484
-2.25,4,294.938982
0.75,1,294.941869
3.25,6,294.957286
5.25,10,294.981127
0.75,1,294.983835
3.75,7,295.002081
1.75,6,295.017049
0.25,6,295.031798
10.0,20,295.080921
12.5,25,295.14057
-3.25,8,295.158603
-4.25,6,295.172315
0.75,4,295.182673
-8.25,13,295.214334
-1.25,3,295.222732
15.5,31,295.295502
2.75,8,295.313878
6.25,15,295.348236
10.0,20,295.394686
-0.75,10,295.417713
23.0,46,295.536242
0.25,3,295.546008
30.0,66,296.150532
3.75,10,296.18439
14.0,28,296.303473
-5.25,7,296.328668
0.75,4,296.344273
-0.25,2,296.352561
25.5,51,296.544977
0.75,1,296.549101
3.25,9,296.579296
-0.75,1,296.583072
0.75,1,296.58687
-0.25,2,296.593265
3.75,7,296.61303
16.0,35,296.709073
3.25,6,296.72465
1.25,14,296.762809
17.5,38,296.858508
-0.25,2,296.863354
-0.75,1,296.865994
1.25,5,296.879322
-0.75,1,296.883774
3.25,9,296.91753
-0.25,2,296.924262
-0.25,8,296.949218
-0.75,1,296.952375
0.75,1,296.955694
-0.75,1,296.958695
24.0,48,297.085982
3.25,6,297.101335
1.75,6,297.11683
0.75,1,297.120046
3.25,12,297.151031
21.0,42,297.25153
18.0,36,297.336992
0.75,1,297.341334
0.75,1,297.344268
1.25,11,297.375776
1.75,6,297.392564
-0.75,1,297.396815
-0.75,1,297.400023
-0.75,1,297.403077
1.75,6,297.418831
-2.75,3,297.42634
0.75,1,297.429012
9.25,21,297.479309
3.25,6,297.493601
-4.25,6,297.50759
-0.25,2,297.884736
16.0,32,298.053377
-0.25,2,298.066231
11.0,22,298.191887
31.5,63,298.403324
1.75,9,298.429859
-9.25,11,298.458534
-2.75,3,298.46681
-7.25,9,298.490252
0.75,4,298.50079
0.75,1,298.503679
14.0,28,298.57392
3.25,6,298.589474
3.25,6,298.604716
12.0,24,298.665313
1.75,3,298.67397
0.25,3,298.68276
1.75,6,298.700111
0.75,1,298.703344
-0.75,1,298.706436
0.25,6,298.723572
21.5,43,298.866821
5.75,14,298.908746
3.25,6,298.923992
-0.25,2,298.929295
-5.25,7,298.947092
0.25,9,298.97069
5.25,10,298.999743
0.75,1,299.002911
3.75,6,299.018657
-0.25,2,299.024169
2.25,7,299.041898
2.25,10,299.06775
10.75,24,299.126888
11.0,22,299.188593
1.75,6,299.205528
0.75,1,299.208323
15.5,31,299.28547
-3.25,5,299.297364
3.25,6,299.312915
3.25,6,299.329281
0.75,4,299.340103
16.5,33,299.428215
-3.25,5,299.445704
-2.25,10,299.482209
15.5,31,300.008448
-0.25,2,300.014495
-0.25,2,300.024634
0.75,10,300.054031
30.5,61,300.215102
18.0,36,300.312767
-0.75,1,300.31586
-0.75,1,300.318807
0.75,4,300.329835
-0.25,2,300.335261
3.25,6,300.351459
-0.75,1,300.354171
1.75,6,300.370073
-2.75,9,300.393924
13.0,26,300.464182
0.75,4,300.476968
-0.25,5,300.490993
0.75,1,300.494196
-0.25,2,300.500004
-1.25,1,300.502914
12.5,28,300.573862
2.75,8,300.594286
9.0,18,300.640411
4.25,7,300.658396
-0.75,1,300.661257
-0.25,5,300.673903
14.5,29,300.746402
0.75,1,300.749017
1.75,6,300.763788
1.75,6,300.778736
2.25,4,300.788291
0.75,1,300.791096
19.0,38,300.884072
1.75,6,300.899045
18.0,36,300.988723
-0.25,2,300.993899
-1.75,8,301.013587
-0.75,1,301.01649
20.0,43,301.12272
0.75,4,301.132399
10.75,24,301.193944
3.25,6,301.209177
-5.25,7,301.226611
0.75,1,301.229443
15.5,31,301.682845
4.25,7,301.703519
0.75,1,301.706923
-0.75,1,301.710138
0.75,1,301.713066
-0.25,2,301.719045
4.25,8,301.741501
1.75,6,301.757787
0.75,7,301.776505
-3.25,5,301.79013
0.75,4,301.801049
1.25,5,301.814378
-0.75,1,301.817542
0.25,9,301.842668
1.25,5,301.856878
0.75,4,301.867185
21.5,43,301.998989
0.75,1,302.003451
-0.75,1,302.007159
16.5,33,302.113348
0.75,1,302.1165
-0.75,1,302.120337
-0.25,2,302.127202
-0.75,1,302.130399
2.25,7,302.156613
1.75,9,302.187537
-0.75,1,302.191691
4.25,8,302.219347
-0.25,2,302.225774
1.75,6,302.241776
5.25,10,302.267589
0.75,1,302.27045
18.0,36,302.364306
-0.25,2,302.370079
0.75,1,302.372792
-0.75,1,302.375798
1.75,5,302.390142
1.75,6,302.405531
-2.25,4,302.415722
3.75,7,302.433574
0.75,1,302.436557
-1.75,5,302.451162
-0.75,1,302.454047
-0.75,1,302.4568
4.5,30,302.532871
-2.75,3,302.540768
27.5,55,302.687204
1.25,5,302.700572
1.75,6,302.718009
-0.75,1,302.721421
1.75,6,302.739672
-1.25,3,302.747734
-2.25,4,302.75842
-0.25,2,302.763956
15.25,33,302.849766
17.5,38,302.946326
-1.75,2,302.952782
2.75,8,302.974232
0.75,1,302.976791
0.75,1,302.979447
16.5,33,303.384418
2.25,4,303.395405
0.75,1,303.398485
-0.75,1,303.402373
0.25,3,303.410884
1.75,6,303.425673
3.25,6,303.441163
18.0,36,303.544943
15.5,31,303.648411
4.75,9,303.676802
0.25,3,303.687157
-0.75,1,303.690455
-0.75,1,303.694147
1.25,5,303.711058
-3.25,5,303.728765
-1.75,2,303.740846
34.0,68,303.960961
1.75,3,303.970269
-0.75,1,303.973718
15.5,31,304.067023
0.75,1,304.070535
3.25,6,304.087902
-0.25,2,304.093484
17.5,35,304.193575
-0.75,1,304.197214
4.25,11,304.229997
0.75,1,304.233308
-1.25,3,304.241855
-1.75,11,304.275087
-0.75,1,304.278755
1.75,3,304.288144
1.75,6,304.307229
-1.25,3,304.316498
0.75,1,304.320258
1.25,5,304.335963
-0.25,2,304.342212
-0.75,1,304.345398
0.75,1,304.348929
16.5,42,304.489544
-0.75,4,304.504985
-0.75,1,304.509832
1.75,9,304.561895
-0.75,1,304.565674
-0.75,1,304.570232
0.25,3,304.580683
5.25,13,304.629479
2.25,7,304.651467
-0.75,1,304.655203
2.75,8,304.686211
0.75,7,304.722368
1.75,6,304.745577
-0.75,1,304.750375
-1.25,3,304.760468
-0.75,1,304.765396
-0.75,1,304.769442
3.25,6,304.790211
0.75,4,304.804735
1.75,6,304.828379
0.25,3,304.841172
-4.25,6,304.864865
23.5,47,305.005134
0.25,3,305.015049
-5.25,7,305.037308
27.5,55,305.587409
20.0,40,305.708409
15.5,31,305.810644
-0.25,2,305.817405
-1.75,8,305.843661
0.75,4,305.856416
-1.25,6,305.875399
0.75,1,305.878775
0.25,6,305.897935
0.75,1,305.901359
0.75,10,305.931108
1.75,6,305.949568
-0.25,2,305.955926
0.75,1,305.959822
-0.75,1,305.963748
0.75,4,305.97759
-0.75,4,305.989242
-3.25,5,306.003998
0.75,1,306.007271
0.75,1,306.010833
3.75,7,306.030345
-0.75,1,306.033688
2.25,7,306.052381
12.5,25,306.119925
-0.25,2,306.125616
4.25,7,306.144504
-0.25,2,306.150306
26.5,53,306.288608
1.75,6,306.304428
0.75,4,306.314148
1.75,6,306.328966
0.25,3,306.336738
0.75,4,306.346827
23.5,47,306.464802
15.75,34,306.558132
-5.25,7,306.578503
19.0,38,306.678936
1.75,6,306.693885
24.0,48,306.815635
-0.25,2,306.82055
-0.25,2,306.82544
-0.25,2,306.830692
0.75,4,306.840479
-0.75,1,306.843272
20.5,44,307.287235
0.25,6,307.301764
1.75,3,307.309305
19.0,38,307.403816
17.5,35,307.488728
0.75,1,307.491299
0.75,4,307.500491
7.75,18,307.5449
0.25,3,307.553013
29.5,59,307.697014
12.5,25,307.757237
0.25,6,307.771712
0.75,1,307.774683
0.75,4,307.785516
1.25,5,307.798377
0.75,1,307.801142
14.5,29,307.877959
16.5,33,307.959466
-0.25,2,307.964824
-0.25,2,307.970144
2.25,4,307.980948
-0.25,2,307.986077
3.25,6,308.000342
1.25,5,308.012295
3.25,6,308.028431
-0.75,1,308.031375
11.0,22,308.083145
-0.75,1,308.085904
16.5,36,308.175385
0.25,3,308.183412
14.0,28,308.259103
0.75,1,308.262043
18.5,36,308.349532
0.25,3,308.35826
3.25,9,308.382503
22.0,44,308.488452
-3.75,13,308.898495
-7.75,8,308.919239
2.75,11,308.946881
-0.25,2,308.952335
2.25,7,308.969947
14.0,28,309.038443
10.25,23,309.092982
15.5,31,309.171018
-4.25,6,309.187163
1.25,5,309.200994
3.25,9,309.22372
3.75,7,309.241825
1.75,6,309.25757
0.75,1,309.26039
13.5,27,309.328909
3.75,7,309.347124
12.0,24,309.41271
1.75,6,309.428534
5.25,10,309.454715
-1.25,3,309.462785
-0.75,1,309.465778
-1.25,3,309.473712
-1.25,6,309.489805
-0.25,2,309.495153
-9.25,11,309.522343
-0.75,1,309.524943
-0.25,2,309.53008
1.25,5,309.542251
-0.75,1,309.545186
1.75,6,309.561123
1.75,6,309.576102
18.5,37,309.667593
1.25,4,309.677616
-4.25,6,309.691862
1.75,6,309.706469
-0.25,2,309.711712
-0.75,1,309.714376
4.25,11,309.740261
1.25,5,309.751862
1.75,6,309.765546
2.25,7,309.782917
15.5,31,309.858412
15.5,37,309.950411
0.25,3,309.957341
1.25,8,309.975303
-2.25,4,309.984641
-0.25,2,309.989421
-4.25,6,310.003505
0.75,4,310.016442
15.0,30,310.08961
12.0,24,310.152558
4.25,11,310.504414
16.0,32,310.585852
0.75,1,310.588657
0.75,1,310.591714
-0.75,1,310.594487
1.75,6,310.609951
16.5,33,310.691568
1.75,9,310.714166
0.75,1,310.716968
2.75,8,310.736996
0.25,3,310.744735
2.75,8,310.765302
1.25,8,310.785079
0.75,1,310.788006
12.0,24,310.84809
8.0,40,310.953587
0.75,1,310.958226
-7.25,9,310.992824
1.75,6,311.011064
0.75,1,311.014991
-2.25,4,311.026277
-0.75,1,311.029122
0.75,1,311.033072
1.25,5,311.045027
-4.75,11,311.072515
2.75,8,311.093793
1.75,6,311.109276
0.25,3,311.116643
1.75,3,311.124163
-0.75,1,311.126674
12.0,24,311.187082
4.0,29,311.2638
-2.25,4,311.273933
-0.75,1,311.276756
21.5,49,311.398037
12.5,28,311.467915
25.0,50,311.609526
-6.25,17,311.65187
0.75,1,311.654702
22.0,44,311.762374
0.75,1,311.7652
2.75,8,311.784148
19.5,39,312.197392
3.25,6,312.213467
-0.75,1,312.216345
24.5,49,312.329561
1.25,5,312.341383
-0.25,2,312.346034
-0.75,1,312.348667
2.75,8,312.367101
-1.25,3,312.374411
4.25,11,312.400562
-0.25,2,312.405349
3.75,7,312.42176
0.75,1,312.424345
0.75,1,312.427058
3.75,7,312.444232
0.25,9,312.46682
3.25,6,312.481673
-0.75,1,312.484368
23.0,46,312.592986
27.0,54,312.724173
0.25,4,312.734722
25.5,75,312.913915
-0.75,7,312.931383
-1.25,3,312.938493
0.75,1,312.941331
1.75,6,312.955654
-0.25,2,312.9607
2.25,7,312.977098
3.25,9,312.998163
28.5,57,313.136608
-2.25,13,313.171849
-0.75,1,313.17497
0.75,1,313.178107
-0.25,2,313.183732
17.0,34,313.273042
-0.75,1,313.279325
0.75,4,313.29074
0.75,10,313.316713
12.0,24,313.37669
3.75,6,313.709643
-2.25,4,313.721678
-3.25,5,313.73575
13.5,27,313.810091
4.75,9,313.833634
-0.75,1,313.836515
-3.25,5,313.849899
0.75,1,313.852706
0.75,4,313.864506
2.25,7,313.887174
-0.25,11,313.927114
-0.25,5,313.950338
-8.25,10,313.980732
0.75,1,313.983478
3.25,6,314.00166
2.75,8,314.030341
-1.25,3,314.0397
5.25,9,314.065242
11.75,26,314.141678
0.75,1,314.14533
12.5,31,314.239126
25.5,51,314.38424
0.25,3,314.393298
2.75,8,314.416465
-0.25,5,314.430683
0.25,6,314.446772
19.5,39,314.548694
-0.75,1,314.551488
-0.25,2,314.557163
0.75,1,314.559978
-1.75,14,314.598137
-0.25,2,314.604323
-4.25,6,314.620526
0.25,3,314.628813
3.25,6,314.64455
0.75,1,314.64774
14.0,28,314.721219
-2.75,3,314.729003
3.75,7,314.747084
19.0,38,314.851134
-0.75,1,314.854633
2.75,8,314.877829
16.5,33,314.967567
18.5,37,315.06153
0.75,1,315.064414
24.0,48,315.552128
4.75,9,315.57536
-2.75,3,315.582884
3.25,6,315.598104
0.75,4,315.608541
0.25,6,315.623525
15.5,31,315.704661
30.5,61,315.882861
-0.75,1,315.886057
3.25,6,315.906766
1.75,6,315.925181
1.75,6,315.9429
-2.25,4,315.954391
36.5,73,316.154161
1.75,6,316.170607
-0.25,2,316.177112
2.75,8,316.198659
0.25,3,316.20661
0.75,4,316.216742
4.25,11,316.246391
2.25,7,316.265489
3.75,10,316.291446
0.25,3,316.299417
3.25,9,316.322986
1.25,5,316.33619
-0.25,2,316.341643
26.0,55,316.484124
1.75,9,316.507051
29.0,58,316.653267
-0.75,1,316.656162
0.25,3,316.663518
20.0,40,316.762355
-0.25,2,316.767514
32.5,65,317.247077
4.25,11,317.275111
0.75,1,317.277855
0.25,3,317.285779
3.25,6,317.300845
-0.75,1,317.303433
12.5,46,317.417016
-0.25,2,317.422561
-0.25,2,317.427716
-0.25,2,317.432903
-8.75,9,317.45599
8.5,17,317.500285
1.75,3,317.507975
1.75,9,317.529509
-2.75,3,317.537274
0.75,4,317.54689
1.75,6,317.561782
0.75,4,317.570779
-0.25,2,317.576226
-2.25,4,317.58681
0.25,9,317.609677
36.5,76,317.82409
10.0,20,317.879272
0.25,3,317.887849
11.5,26,317.958071
-0.75,1,317.960793
0.75,1,317.963424
0.75,1,317.966058
-0.75,1,317.968967
-8.25,10,317.996449
2.25,7,318.015116
-0.25,2,318.020482
0.75,1,318.023161
2.75,8,318.043674
3.25,6,318.058887
19.0,38,318.157016
0.75,13,318.19102
-2.25,7,318.209997
15.5,37,318.299506
27.5,58,318.447588
12.0,24,318.505175
-0.75,1,318.507966
27.0,54,318.924978
1.75,6,318.940516
-0.25,2,318.945795
0.75,1,318.948724
18.0,36,319.030638
0.75,4,319.039816
4.25,11,319.064442
2.25,13,319.093594
0.25,3,319.100361
4.25,10,319.123396
19.5,39,319.215567
-1.75,2,319.220726
19.5,39,319.309011
0.25,3,319.31629
26.5,65,319.474881
-4.25,6,319.489201
-4.75,11,319.51391
30.5,61,319.654364
15.0,30,319.722887
3.25,9,319.744836
13.0,26,319.806054
30.0,60,319.948769
31.5,72,320.416882
0.75,4,320.426767
2.75,8,320.447429
-1.75,11,320.47576
4.75,7,320.493325
-3.75,13,320.526268
30.0,60,320.668263
18.0,36,320.754432
3.25,6,320.768962
-0.25,8,320.787484
-0.25,2,320.792597
3.75,10,320.818014
1.75,6,320.833672
0.75,10,320.859374
-0.75,1,320.862299
2.75,8,320.881706
-0.75,1,320.884279
22.0,53,321.007384
15.5,31,321.080936
28.0,62,321.225701
4.25,11,321.251299
-0.75,1,321.253826
1.75,9,321.274074
-10.25,12,321.301178
4.25,11,321.327839
-1.25,3,321.335306
-1.25,15,321.369447
17.5,38,321.457496
8.75,20,321.502743
18.5,37,321.90669
-0.25,2,321.911648
4.25,8,321.931446
-0.75,1,321.934025
0.75,4,321.943212
-0.75,7,321.960483
3.25,6,321.975487
2.25,7,321.992612
4.75,8,322.012266
2.25,7,322.029283
-0.75,1,322.032102
0.75,4,322.042057
-0.25,2,322.047053
1.75,6,322.061365
1.75,6,322.075061
1.75,9,322.096257
4.25,8,322.115616
21.5,55,322.246516
2.25,4,322.255909
2.75,8,322.27456
-0.25,2,322.279264
27.5,61,322.433783
1.75,6,322.469744
-3.25,5,322.497787
0.75,1,322.503752
-0.25,2,322.515696
0.75,1,322.521983
0.25,3,322.535643
-0.75,1,322.538959
0.75,1,322.542587
15.5,31,322.629985
18.0,36,322.715408
11.0,22,322.770043
13.0,26,322.832016
21.0,42,322.930263
-0.25,2,322.934997
-0.25,5,322.946976
41.5,83,323.450263
-4.25,6,323.466782
1.75,6,323.482014
-1.75,5,323.494331
1.25,4,323.504353
0.25,3,323.511711
21.0,42,323.613213
1.25,8,323.632479
-0.25,2,323.637749
0.25,3,323.645374
16.5,36,323.730021
-0.25,2,323.735131
0.25,6,323.749722
1.75,6,323.76418
1.75,4,323.773584
0.75,1,323.776206
20.0,40,323.871013
-9.75,10,323.897059
0.25,6,323.911873
21.5,43,324.018648
3.25,9,324.042105
-5.25,7,324.060369
0.25,12,324.092574
0.75,4,324.104321
0.75,1,324.107426
10.5,24,324.170679
5.25,10,324.19665
3.25,9,324.22128
-1.25,6,324.237724
19.5,39,324.337419
23.5,50,324.471337
1.25,5,324.484125
0.75,3,324.491641
0.25,9,324.513434
1.25,8,324.532663
-0.25,2,324.53725
-2.25,4,324.546578
-0.25,2,324.552051
12.0,24,324.611003
-8.25,10,324.634402
16.0,38,324.725102
2.75,8,325.046039
-1.25,12,325.076888
24.0,48,325.192457
0.25,3,325.199496
-0.75,1,325.202281
15.5,31,325.276266
14.0,43,325.375709
3.25,9,325.39672
0.75,1,325.399341
0.75,1,325.401979
-0.75,1,325.404596
19.5,39,325.506283
0.75,1,325.509213
0.75,1,325.512203
-0.25,2,325.51766
1.75,3,325.525294
-4.25,12,325.555298
3.25,9,325.576817
24.5,52,325.693082
-1.25,3,325.700459
0.75,1,325.703421
26.5,53,325.825153
-0.75,1,325.828197
0.25,9,325.850926
-0.25,2,325.856157
23.75,50,325.972497
28.5,57,326.108531
0.25,3,326.115675
3.25,6,326.12972
-0.75,19,326.176686
-0.25,2,326.18157
-0.25,5,326.194745
13.0,26,326.559715
-10.75,11,326.587935
0.75,1,326.590832
-1.25,3,326.598947
0.75,4,326.609252
-0.25,2,326.614514
17.5,35,326.697136
13.5,27,326.763597
3.25,6,326.77849
-0.25,2,326.783687
11.5,29,326.850258
-0.75,1,326.852823
0.75,1,326.855257
0.75,1,326.857722
0.75,1,326.860441
0.75,4,326.870967
1.75,6,326.885775
-0.25,2,326.890834
30.0,60,327.028563
7.25,17,327.066444
3.25,6,327.081022
-1.25,3,327.088639
3.75,7,327.104886
1.25,5,327.116986
-0.25,2,327.122024
3.25,9,327.142563
-0.25,2,327.147544
7.5,15,327.183942
3.75,7,327.200189
25.5,51,327.31829
0.75,1,327.320995
22.75,48,327.436848
7.75,18,327.482532
13.5,27,327.549458
-0.75,1,327.551921
-0.75,7,327.568696
-0.75,1,327.571409
-5.75,6,327.585787
1.25,8,327.604577
2.25,7,327.621768
0.75,4,327.631176
1.25,5,327.642687
-0.75,1,327.645448
-0.25,2,327.650762
-0.25,2,327.656089
3.25,6,327.670794
1.25,5,327.683122
-0.75,1,327.685832
-1.25,9,327.707406
2.25,4,327.716966
-0.25,2,327.721714
5.25,10,327.744251
2.75,8,327.763815
2.75,8,328.070014
2.75,8,328.090552
-0.25,2,328.095876
-0.25,2,328.100933
2.25,7,328.117686
7.75,18,328.159917
0.75,1,328.162538
-1.25,6,328.176914
0.75,1,328.17923
-0.25,2,328.183835
-0.25,2,328.188465
1.25,5,328.200032
0.25,3,328.207287
1.25,5,328.218868
-0.25,2,328.223551
2.25,5,328.234969
-2.25,4,328.244738
-0.25,2,328.249969
0.75,10,328.278005
-0.75,1,328.281354
3.25,9,328.306377
-2.75,9,328.330964
-0.25,2,328.336498
0.75,4,328.346697
-2.25,4,328.35738
18.5,37,328.449139
-0.25,2,328.454521
-1.25,1,328.457161
-0.25,2,328.462653
45.5,91,328.679631
4.25,8,328.698541
3.25,9,328.720644
-2.25,4,328.730235
-0.25,5,328.742374
7.25,17,328.78431
-0.25,2,328.789292
-2.25,4,328.799346
-0.25,2,328.804087
-0.75,1,328.806655
0.75,1,328.809173
15.0,30,328.878345
0.25,3,328.886456
5.25,13,328.917936
4.75,12,328.945961
2.25,4,328.956207
-4.25,6,328.971034
14.5,29,329.039679
-0.25,2,329.045059
-0.75,1,329.047759
-0.75,1,329.050615
-0.25,2,329.056021
0.25,3,329.06379
12.5,25,329.126693
-0.25,2,329.131974
4.75,9,329.1538
10.75,24,329.211391
1.75,6,329.226308
-0.75,1,329.228909
32.5,65,329.681527
3.25,6,329.695765
-0.25,2,329.700563
-0.25,2,329.705334
2.25,7,329.721832
-1.75,5,329.733665
0.25,3,329.740758
-1.25,3,329.747846
20.0,40,329.84077
-0.25,2,329.845472
0.25,6,329.859344
-0.25,2,329.864137
-0.75,1,329.866745
2.25,7,329.884653
19.0,38,329.973712
3.25,6,329.988415
-8.25,10,330.011972
16.0,32,330.096887
33.5,67,330.249895
2.25,7,330.266297
-0.75,1,330.269044
0.75,4,330.279423
25.5,51,330.397959
0.75,1,330.400472
19.0,38,330.497582
1.75,9,330.521763
3.25,6,330.537763
1.25,5,330.550607
19.5,39,330.643287
0.75,1,330.64629
2.75,8,330.665876
-2.25,4,330.675987
0.75,1,330.678829
-2.25,4,330.689577
21.0,42,330.793667
0.75,1,330.796495
-2.25,4,330.806405
-0.25,2,330.811309
14.25,31,331.187549
-0.75,1,331.190173
3.75,7,331.206824
3.75,10,331.229439
15.5,31,331.305988
0.75,1,331.308693
9.75,22,331.359898
-1.25,3,331.366808
-0.75,10,331.389968
15.5,31,331.465111
0.75,1,331.467936
-0.75,1,331.470432
-0.75,1,331.473055
8.75,20,331.520415
-0.75,1,331.523422
-0.25,2,331.529301
0.75,1,331.532835
0.75,4,331.543973
-0.25,2,331.549499
25.5,51,331.675694
-0.25,2,331.68048
0.25,3,331.687506
-0.75,1,331.689979
0.75,1,331.692524
0.75,1,331.695255
1.75,3,331.703004
1.75,6,331.71747
1.25,5,331.728745
0.25,3,331.736076
-0.25,2,331.741009
-0.75,1,331.7437
13.0,26,331.804044
0.75,1,331.80648
17.75,38,331.897546
-0.75,1,331.90044
4.25,11,331.927772
0.75,4,331.938057
3.25,9,331.959185
3.25,6,331.97513
1.75,6,331.990882
16.5,33,332.073755
-0.25,2,332.079069
-1.25,1,332.081957
0.25,3,332.090125
0.75,1,332.092911
3.25,6,332.108458
2.25,7,332.127064
1.75,6,332.142886
-0.25,2,332.148458
-5.25,7,332.166479
-0.75,1,332.16935
17.0,34,332.252227
-1.25,3,332.259465
20.5,41,332.358454
-0.25,2,332.363568
0.75,1,332.366265
1.75,6,332.380328
-0.75,4,332.38954
7.75,18,332.737531
16.0,32,332.81656
0.75,4,332.827354
0.75,1,332.830039
2.75,8,332.850022
-0.75,1,332.85285
0.25,3,332.86045
13.5,27,332.924669
7.25,17,332.966225
-0.75,1,332.969224
0.75,4,332.97973
-1.25,3,332.987371
-0.75,1,332.990183
-0.75,1,332.993
-0.25,2,332.998309
-0.75,1,333.001201
0.75,1,333.003981
-0.75,1,333.006799
16.0,32,333.086018
3.25,6,333.102024
2.75,8,333.123053
8.25,19,333.172054
1.25,5,333.185004
5.75,14,333.219558
0.25,3,333.226988
-1.25,3,333.234937
7.75,18,333.278253
-0.25,3,333.286064
-0.75,1,333.288639
1.25,8,333.309405
-1.25,3,333.317099
-0.75,1,333.319861
14.0,28,333.385062
0.75,4,333.394117
1.25,5,333.405275
17.5,35,333.490784
3.25,6,333.505635
4.75,9,333.527004
36.0,72,333.713058
0.25,3,333.720573
20.5,41,333.819944
1.75,6,333.834539
1.75,3,333.842009
-0.25,2,333.84742
3.25,12,333.876804
3.75,10,333.902049
-0.75,1,333.90496
2.25,7,333.923819
3.75,7,333.943653
-0.75,1,333.946684
1.75,6,333.962069
0.75,1,333.964835
-0.75,1,333.967613
0.75,1,333.970376
-0.75,1,333.973139
1.75,6,333.988084
26.0,52,334.447053
0.25,9,334.472985
28.0,56,334.622037
-5.25,7,334.63969
-0.25,2,334.644941
10.5,42,334.745025
0.75,1,334.747787
-0.25,2,334.753108
-0.75,1,334.755883
27.0,54,334.890445
1.75,6,334.906877
0.75,1,334.909784
-1.25,3,334.917547
2.25,7,334.935046
0.75,1,334.937728
4.25,11,334.964566
-0.75,1,334.967407
-0.25,2,334.972731
-0.75,1,334.975602
-1.25,3,334.983774
3.25,9,335.007496
19.0,33,335.094639
2.25,7,335.111908
7.75,18,335.154136
12.0,24,335.2117
1.75,6,335.226815
3.25,9,335.249658
0.75,1,335.252424
2.75,8,335.272593
-5.25,7,335.289995
1.75,3,335.297917
-0.25,2,335.303211
12.0,24,335.363142
0.75,1,335.365952
-0.75,1,335.368681
1.25,5,335.380983
0.75,4,335.391035
1.75,6,335.406297
0.75,1,335.409215
-0.25,2,335.414533
2.25,7,335.43154
14.0,28,335.518236
21.5,42,335.623221
-1.75,5,335.635674
-0.25,2,336.034391
12.0,24,336.104682
2.75,8,336.128194
-0.25,2,336.135041
0.25,3,336.145009
-1.75,11,336.180667
1.75,6,336.198928
-2.25,4,336.209463
11.5,23,336.275514
-0.25,5,336.298439
22.5,45,336.425268
-0.75,1,336.428306
1.75,6,336.444323
-0.75,1,336.447342
-0.25,2,336.452718
-0.75,1,336.455514
1.75,6,336.472121
0.25,3,336.481376
0.75,4,336.492398
3.25,6,336.510854
3.25,9,336.540706
0.25,3,336.55309
4.25,8,336.578811
10.5,24,336.64686
3.75,10,336.674376
19.5,39,336.794728
3.25,9,336.825779
10.75,24,336.932572
0.25,9,336.967615
28.5,57,337.152837
14.0,31,337.249916
1.75,3,337.260218
0.25,3,337.270142
2.25,7,337.293412
-0.25,2,337.300072
1.75,6,337.3208
0.75,1,337.324468
-1.75,2,337.331501
-0.75,1,337.335654
1.25,5,337.351142
3.25,6,337.370307
-0.25,2,337.376933
13.5,30,337.465652
-0.75,1,337.469225
0.75,4,337.487151
1.75,6,337.504074
1.25,5,337.51973
-1.75,5,337.533881
13.5,27,337.606692
-1.25,1,337.609756
1.25,11,338.01602
2.25,7,338.035024
0.75,1,338.03775
0.75,1,338.040826
-0.25,2,338.046004
14.5,29,338.123863
-1.25,6,338.139167
-5.25,7,338.156658
-0.75,1,338.159784
-0.75,1,338.16266
1.75,3,338.170265
10.75,27,338.238953
0.75,4,338.249595
20.5,41,338.362461
-0.75,1,338.365096
0.25,3,338.372288
6.75,16,338.409499
3.25,6,338.42316
12.0,24,338.482605
-0.25,8,338.502829
0.25,3,338.510666
-1.25,3,338.518222
0.25,3,338.525131
0.75,1,338.527509
-0.75,1,338.52988
2.75,8,338.549713
14.5,29,338.621521
24.5,49,338.744799
0.25,3,338.751866
51.0,102,338.997272
1.25,8,339.01773
1.75,6,339.032958
-0.25,2,339.038297
20.5,41,339.141691
0.25,9,339.163764
12.0,24,339.222297
3.25,9,339.244065
3.25,6,339.259043
14.0,28,339.657829
-0.75,10,339.682879
-0.25,2,339.688203
-0.75,1,339.690806
19.5,39,339.787287
-0.25,3,339.794804
-0.25,2,339.799944
16.5,36,339.893106
25.0,50,340.033472
1.25,5,340.048566
-1.25,3,340.057889
7.5,15,340.116275
3.25,9,340.141712
-0.25,2,340.147408
3.25,6,340.164021
1.25,11,340.200551
12.5,25,340.268399
1.75,3,340.277489
2.25,7,340.300324
0.75,1,340.303884
-0.75,7,340.327864
-0.25,2,340.336753
4.25,11,340.378687
1.75,6,340.402645
-4.25,6,340.426937
1.25,5,340.448785
0.25,3,340.461423
17.25,37,340.613366
1.75,3,340.627931
-3.25,5,340.651343
1.25,5,340.674841
-2.25,4,340.693806
3.75,7,340.723117
3.25,6,340.749593
0.75,1,340.754916
-1.25,3,340.77056
0.25,3,340.784781
3.75,10,340.833943
17.0,43,341.040544
-0.25,5,341.065288
-3.25,5,341.088657
0.75,1,341.0936
1.75,6,341.122052
3.25,6,341.151222
-0.75,1,341.156641
2.25,7,341.191403
-0.25,2,341.201505
-0.75,1,341.207005
12.0,24,341.320741
-1.25,3,341.335738
-5.75,12,341.392699
1.75,9,341.436405
3.25,6,341.464972
-1.25,6,341.49125
0.25,3,341.50493
-0.75,7,342.225655
32.5,65,342.647648
3.75,6,342.68827
0.75,1,342.695836
-1.25,3,342.717864
0.75,1,342.725284
3.25,9,342.78528
0.25,3,342.806003
3.25,6,342.845563
-0.75,1,342.852381
14.0,28,343.026742
-0.75,1,343.032758
2.75,8,343.081106
1.25,5,343.113148
-0.25,2,343.126176
10.25,23,343.26864
0.75,1,343.275495
-0.75,4,343.300765
0.75,1,343.307217
13.5,27,343.480046
-2.25,7,343.524875
-0.25,3,343.544283
1.75,6,343.581743
-1.25,3,343.600733
1.25,5,343.633441
0.25,6,343.672062
24.5,49,343.989997
-2.75,3,344.010414
9.25,21,344.149719
1.75,6,344.186718
-0.75,1,344.192882
-4.25,6,344.229177
-0.75,1,344.235092
-0.25,2,344.247538
-0.25,2,344.260005
-0.25,2,344.272209
-0.75,1,344.278375
1.75,6,344.315307
16.5,33,344.51549
0.75,1,344.52221
0.25,6,344.56203
-2.75,3,344.580168
0.25,3,344.601347
1.75,6,344.645046
-0.75,1,344.652173
3.25,9,344.707439
-0.75,1,344.714077
-0.25,2,344.726717
-0.75,4,344.749461
0.25,3,344.766719
9.25,21,344.892105
9.0,33,345.085678
3.75,7,345.12651
2.25,7,345.168145
0.25,3,345.185911
-1.75,2,345.197666
-1.25,3,345.215661
2.25,7,345.256663
-0.25,5,345.286168
17.5,38,346.12518
-0.25,2,346.136579
0.75,1,346.142981
0.75,1,346.149102
27.0,54,346.409995
17.0,37,346.588503
1.25,8,346.627184
1.25,5,346.651213
12.0,24,346.770147
13.0,26,346.934873
13.0,26,347.088856
0.75,1,347.095067
-0.75,1,347.101014
12.0,24,347.234553
0.75,1,347.240427
0.75,1,347.246294
3.25,6,347.279476
-1.25,3,347.29687
-0.25,5,347.324981
-0.75,1,347.330795
3.25,9,347.379047
2.25,7,347.416748
39.0,81,347.859528
-0.25,2,347.871789
3.25,6,347.908286
2.25,7,347.950311
0.75,1,347.957266
1.25,5,347.986764
-0.25,2,347.999034
0.75,1,348.005398
6.75,16,348.100832
-0.75,10,348.161036
27.0,54,348.470456
-0.75,1,348.47653
21.0,42,348.712915
16.5,36,349.661242
1.5,27,349.79309
13.0,26,349.911523
1.25,5,349.936001
15.5,31,350.081891
0.25,3,350.095906
-0.25,2,350.104795
9.25,21,350.196318
37.0,74,350.543889
38.0,76,350.779299
20.0,40,350.891405
4.25,8,350.918907
2.75,8,350.946051
19.0,38,351.084061
1.25,8,351.109751
19.0,38,351.231125
1.75,6,351.251961
0.75,4,351.265265
-6.25,11,351.301563
14.5,29,351.39423
2.25,10,351.422388
2.75,11,351.452681
-0.75,1,351.455474
-0.25,2,351.461076
5.75,11,351.506725
1.75,6,351.530007
0.75,1,351.532903
-0.25,2,351.538195
1.25,5,351.550783
9.5,28,351.964731
3.25,6,351.981466
2.75,8,352.002654
28.0,56,352.154557
-6.25,8,352.176337
0.25,3,352.184016
26.0,52,352.312998
5.25,9,352.336265
0.75,1,352.339146
-0.25,5,352.353661
-1.25,3,352.361322
0.75,1,352.363972
2.75,8,352.384261
1.75,6,352.398948
5.25,7,352.417274
-2.25,4,352.430097
46.0,92,352.66717
2.75,8,352.686584
1.25,5,352.698985
15.5,31,352.776177
3.75,10,352.803154
11.0,22,352.858874
1.75,6,352.874206
15.5,34,352.971287
3.25,6,352.987075
24.0,48,353.120162
-9.25,14,353.156518
1.75,6,353.171444
3.25,6,353.186685
-4.25,9,353.209855
18.5,37,353.638571
10.25,23,353.697675
-0.25,5,353.710188
1.75,6,353.725682
16.0,32,353.808205
1.25,11,353.836463
3.25,6,353.851588
0.25,3,353.859237
20.0,40,353.969294
-0.75,4,353.979295
3.25,6,353.995601
18.5,37,354.142017
0.75,1,354.145266
20.5,41,354.267391
1.75,3,354.275839
0.25,6,354.292496
1.75,3,354.301665
3.25,6,354.318246
11.5,23,354.37609
13.0,26,354.443696
1.25,5,354.456199
13.5,27,354.528782
0.75,1,354.531586
-3.25,5,354.544843
0.75,1,354.54748
-4.25,6,354.562887
22.5,45,354.682914
1.25,5,354.697692
1.75,3,354.706156
-0.25,2,354.712152
-0.25,2,354.717652
-0.25,2,354.723808
1.75,3,354.731927
1.75,3,354.739785
-0.25,2,354.745636
1.75,6,354.761284
0.75,4,354.772023
-0.75,1,354.775075
-0.25,2,354.781996
0.25,3,354.791778
-2.25,4,354.804464
-4.25,6,354.821291
-0.25,2,354.826674
0.75,1,354.82953
-0.75,1,354.832529
19.5,39,354.937083
3.25,6,354.952738
12.0,24,355.323861
2.25,7,355.341578
-4.75,8,355.362554
-0.75,1,355.365415
0.75,4,355.376144
18.0,36,355.469472
1.25,8,355.494893
3.25,9,355.519969
12.5,34,355.607764
0.25,3,355.615341
15.5,31,355.695314
-5.75,15,355.734406
1.25,5,355.746997
30.0,60,355.899237
-1.25,3,355.907184
2.75,8,355.92797
1.75,6,355.943069
3.25,6,355.958784
1.75,6,355.973556
12.5,25,356.038186
-1.75,2,356.043525
0.75,1,356.046579
3.25,6,356.062358
5.25,10,356.087361
18.0,42,356.193772
-0.75,1,356.196684
-6.75,13,356.228532
0.25,3,356.236647
15.5,31,356.317597
2.75,8,356.338291
0.75,4,356.348749
17.0,34,356.437684
-0.75,4,356.44802
21.5,43,356.56395
1.75,6,356.581692
-0.75,1,356.585015
3.75,7,356.605109
0.75,1,356.608135
13.5,27,356.994601
25.5,51,357.122721
2.75,8,357.142556
14.5,29,357.21542
16.5,33,357.300715
-0.25,2,357.305793
0.75,1,357.30855
0.75,4,357.318406
-0.75,1,357.320948
22.0,44,357.428993
-2.75,3,357.436728
-0.75,1,357.439275
1.75,3,357.446881
13.5,27,357.515556
3.25,6,357.531008
0.75,1,357.533932
29.5,62,357.694266
0.25,3,357.701841
-0.25,2,357.707206
-0.25,2,357.712638
-0.25,2,357.719218
14.5,35,357.810437
-1.25,3,357.818718
1.75,6,357.833669
0.75,10,357.858057
4.25,7,357.875127
8.25,19,357.924422
2.75,8,357.945454
2.25,10,357.97511
1.75,3,357.983263
-0.75,1,357.986235
-2.75,3,357.995241
37.0,74,358.191475
20.0,40,358.643468
16.0,32,358.728748
22.5,45,358.843114
0.75,1,358.845989
3.75,10,358.870718
26.0,52,359.03944
-0.25,2,359.046383
1.75,9,359.076026
-0.75,1,359.07948
3.25,6,359.098027
-0.25,2,359.104746
0.75,1,359.108039
3.25,9,359.134851
-0.25,2,359.140444
17.0,32,359.222836
13.5,27,359.291684
3.25,6,359.307405
-3.25,5,359.320197
15.5,31,359.395317
0.75,4,359.405681
-0.25,2,359.410941
0.75,1,359.413635
18.5,46,359.533168
18.0,36,359.633835
0.75,3,359.642414
-0.25,8,359.663041
1.75,6,359.678585
-0.25,2,359.684774
-0.25,2,359.690227
4.25,8,359.712029
0.75,1,359.714995
0.75,1,359.718115
2.25,7,359.737303
0.75,1,359.740198
-0.25,2,359.745583
-9.25,11,359.773086
-0.75,4,359.783345
-1.25,3,359.791209
-1.25,1,359.794096
-1.25,3,359.801876
-0.25,2,359.807312
1.75,6,359.823496
26.5,56,359.968228
-1.25,3,359.975864
0.75,1,359.979245
17.0,34,360.386136
0.75,1,360.388945
1.25,5,360.401589
3.25,6,360.419732
5.25,13,360.454866
-0.75,1,360.458264
1.75,6,360.4759
-0.25,2,360.481862
2.25,7,360.503425
-0.25,2,360.509697
0.25,3,360.518583
23.5,47,360.642151
-2.25,4,360.652287
22.5,45,360.764677
0.25,9,360.786878
1.75,3,360.794498
8.5,29,360.870085
28.0,56,361.0282
-5.25,7,361.047861
3.25,6,361.06531
1.25,8,361.088673
0.75,1,361.091972
-4.25,6,361.108854
2.25,7,361.128152
0.75,4,361.139502
19.0,38,361.241284
-0.75,1,361.244406
21.0,42,361.361078
8.75,13,361.396496
0.75,1,361.399893
19.0,38,361.508358
2.75,8,361.532867
3.25,9,361.55931
0.25,3,361.568374
0.25,3,361.57798
29.0,58,362.066365
3.25,6,362.082537
1.75,6,362.098182
-9.75,10,362.123803
-0.75,1,362.126521
-0.75,1,362.129304
7.25,17,362.172835
25.0,50,362.294047
-0.25,2,362.299305
1.25,5,362.310886
-3.25,5,362.323642
5.25,10,362.346701
0.75,1,362.349329
-0.25,2,362.35436
3.25,6,362.367882
12.0,24,362.422921
0.25,3,362.430204
-0.25,2,362.434877
4.75,9,362.456088
0.75,1,362.45858
3.25,12,362.488162
21.0,42,362.594514
2.25,7,362.610264
2.25,13,362.640201
0.75,4,362.649845
1.75,6,362.667845
27.5,55,362.801267
0.25,3,362.808427
-1.25,12,362.837254
1.75,6,362.851135
2.75,8,362.87096
0.25,6,362.886406
17.5,35,362.985548
8.25,19,363.035405
13.5,27,363.100561
-2.25,7,363.118983
0.75,1,363.121825
-0.75,7,363.139377
-0.75,1,363.142263
13.0,26,363.207694
-0.75,10,363.236232
0.75,1,363.239425
0.25,6,363.257051
0.25,3,363.265992
-1.75,5,363.280664
3.25,6,363.296567
0.75,4,363.30768
2.75,8,363.328838
0.25,9,363.352226
3.25,6,363.691828
2.75,8,363.711478
0.75,1,363.714259
38.0,76,363.900364
-0.75,1,363.903158
9.5,40,364.001496
0.75,4,364.011576
-0.75,1,364.014459
-0.25,2,364.019505
-0.75,4,364.028712
13.0,26,364.097078
25.5,51,364.224307
-3.25,5,364.236876
3.75,7,364.254244
2.25,6,364.270573
-0.75,1,364.273954
18.0,36,364.367409
1.25,5,364.37986
12.0,24,364.447536
33.5,67,364.617951
3.25,6,364.632999
-0.75,1,364.635864
-2.25,4,364.645987
0.75,6,364.659593
-0.75,1,364.662248
30.5,61,364.819663
0.75,1,364.822584
-0.25,2,364.827694
-2.25,4,364.837966
-0.75,10,364.863606
-0.25,2,364.868827
4.25,11,364.896436
26.0,64,365.434677
2.75,8,365.456115
-0.75,1,365.459917
3.25,6,365.477351
17.5,35,365.567751
-6.25,8,365.58678
0.75,4,365.596105
35.5,71,365.766425
3.25,6,365.781795
-0.75,1,365.784407
17.0,34,365.866385
4.25,11,365.892542
1.75,6,365.912588
4.75,12,365.947357
-4.25,6,365.961602
0.25,6,365.975637
2.25,7,365.992812
-0.25,2,365.998341
25.0,50,366.12029
-0.25,2,366.126007
17.5,38,366.217793
1.75,6,366.23368
0.75,4,366.243797
0.25,6,366.258796
1.75,12,366.287122
-3.25,5,366.303418
0.75,4,366.316743
0.75,1,366.319944
-1.75,2,366.325197
2.75,10,366.349124
2.25,9,366.371598
1.75,6,366.38591
-0.75,1,366.388467
2.75,8,366.406203
-0.75,1,366.408753
0.75,7,366.424976
26.5,53,366.555814
2.25,7,366.574788
25.5,51,366.984953
2.25,7,367.00338
-0.75,1,367.006314
27.0,54,367.143855
0.75,4,367.155195
-1.25,3,367.163564
1.75,6,367.183762
27.0,54,367.344163
17.0,34,367.436773
1.25,5,367.450027
-1.25,3,367.457788
3.25,12,367.488291
0.25,3,367.49612
-0.25,11,367.535792
-0.25,5,367.548463
-0.75,10,367.574546
21.5,43,367.685816
19.0,47,367.798282
3.75,10,367.823515
1.75,12,367.8506
0.75,1,367.853155
4.25,11,367.880512
24.0,48,368.003741
-0.25,2,368.009351
23.5,47,368.134508
1.25,5,368.148408
-0.75,7,368.167857
3.0,24,368.232609
14.0,34,368.643723
-2.75,9,368.667054
19.5,39,368.792114
-0.75,1,368.795337
26.0,52,368.95418
1.25,3,368.965085
15.5,31,369.071121
16.5,39,369.189042
2.75,8,369.21095
3.25,6,369.227591
3.25,6,369.244449
2.25,7,369.263523
-1.75,5,369.277599
17.5,35,369.371219
9.5,19,369.421275
3.25,6,369.436796
1.25,5,369.44951
1.75,6,369.464784
14.0,31,369.547348
-8.25,16,369.588085
28.5,57,369.730279
-5.25,7,369.747341
-1.25,12,369.775156
13.5,27,369.847834
1.75,6,369.868511
-1.75,5,369.881046
0.75,1,369.883702
1.75,6,369.897724
2.25,7,369.915974
2.25,7,369.933695
-9.75,10,369.961774
3.25,9,369.988932
-5.25,10,370.020091
14.5,50,370.488046
-0.25,2,370.493978
23.0,46,370.608377
3.25,6,370.623273
3.25,6,370.63803
-0.25,2,370.643537
-5.25,7,370.660825
-0.75,1,370.663425
3.25,6,370.6781
-3.25,5,370.6903
-0.25,2,370.69524
1.75,6,370.71016
-0.25,2,370.715592
7.75,18,370.759281
3.25,6,370.773502
-0.25,2,370.778532
-9.25,11,370.805365
-0.75,1,370.80828
1.75,3,370.816008
14.0,28,370.888158
1.25,5,370.900759
12.0,24,370.962174
-0.25,2,370.967486
-0.75,1,370.970705
22.5,45,371.089385
-0.25,2,371.095066
0.25,6,371.111325
0.25,3,371.119388
-0.75,1,371.1229
-0.75,1,371.126101
3.25,6,371.142146
-12.75,13,371.178267
14.0,28,371.250897
18.5,36,371.349231
0.75,1,371.352541
0.25,3,371.360976
-0.75,1,371.364765
0.25,6,371.382367
-5.25,7,371.401236
-0.25,2,371.406816
0.75,10,371.433486
16.0,32,371.525093
-1.25,3,371.535164
15.5,31,371.627179
12.5,28,371.697806
1.75,6,371.7149
-2.25,4,371.728354
19.0,38,372.16006
-3.25,5,372.176559
2.75,8,372.199452
24.5,49,372.32686
21.5,43,372.438388
1.75,9,372.46154
-8.25,10,372.488439
0.75,4,372.499231
2.75,8,372.521694
0.75,1,372.524756
-2.25,4,372.535354
-0.25,2,372.540778
2.75,8,372.560981
0.75,1,372.563885
0.25,3,372.57222
-13.75,17,372.617356
-0.25,2,372.623019
-0.25,2,372.629062
1.75,9,372.654723
0.75,4,372.667483
0.75,1,372.670734
0.75,1,372.67378
1.75,3,372.688836
-0.25,2,372.698144
1.25,8,372.724847
-1.25,3,372.735257
16.5,36,372.867496
-0.25,2,372.874202
3.25,6,372.895068
-0.25,2,372.902157
2.75,8,372.930175
2.25,7,372.952747
13.0,26,373.029691
-0.25,5,373.045204
18.0,42,373.168515
2.25,7,373.189843
27.5,55,373.341894
30.0,60,373.523593
25.0,50,374.014762
-6.25,8,374.034909
-2.75,3,374.043328
-0.75,7,374.062925
1.75,4,374.074663
-7.75,8,374.096664
15.5,31,374.174338
20.0,43,374.307224
18.0,45,374.429775
19.0,38,374.544209
-1.25,3,374.561794
-8.75,15,374.608488
12.0,24,374.67491
-0.25,2,374.680438
0.75,1,374.683348
4.75,8,374.704341
-0.25,2,374.709565
10.0,20,374.76295
2.75,8,374.785289
0.25,3,374.794212
12.25,27,374.875431
0.25,9,374.90208
3.75,10,374.93122
25.0,42,375.04589
3.25,6,375.062165
10.5,24,375.128419
3.25,6,375.144539
13.0,56,375.296962
18.5,37,375.884935
-3.25,8,375.909234
-2.25,4,375.923513
0.75,10,375.956265
-10.25,12,376.021534
1.75,9,376.081067
3.25,6,376.118322
1.75,3,376.135058
1.75,6,376.159222
3.25,6,376.176593
3.25,9,376.203659
2.75,8,376.230058
3.25,6,376.250337
2.75,8,376.275556
-0.25,5,376.2895
-1.75,5,376.303834
1.25,5,376.31774
-7.25,9,376.341018
4.75,9,376.362878
3.25,6,376.378299
0.25,9,376.400326
23.0,46,376.543541
4.75,9,376.580033
5.5,41,376.717165
3.75,10,376.748804
-0.25,2,376.756285
1.25,5,376.771447
-0.25,2,376.777226
0.25,3,376.786883
-8.25,10,376.812779
0.75,1,376.815828
15.5,31,376.898097
-1.25,6,376.917133
-2.25,4,376.929393
13.0,26,377.00316
-11.25,13,377.041299
23.0,46,377.165809
3.25,6,377.181497
-0.25,2,377.186832
13.5,33,377.270278
0.25,3,377.278094
2.25,7,377.2959
-0.75,1,377.298586
1.75,6,377.313851
-0.25,2,377.319519
14.5,41,377.81107
-4.25,6,377.826417
-0.75,1,377.829402
2.25,7,377.847718
-0.75,1,377.850866
5.25,9,377.874758
22.5,45,378.005789
-5.25,10,378.03758
-0.75,1,378.041576
2.75,8,378.067019
1.75,6,378.085956
-7.25,9,378.113611
3.25,6,378.132766
2.75,8,378.155595
13.0,38,378.261954
-1.25,3,378.271006
0.75,10,378.299023
1.75,6,378.315857
-2.25,4,378.328027
1.25,5,378.343736
-0.25,5,378.358383
11.5,23,378.428267
-6.25,8,378.453679
12.5,28,378.536484
22.0,44,378.66148
2.25,4,378.673995
8.75,20,378.745314
0.75,1,378.748864
-1.75,8,378.773973
1.75,6,378.798431
-1.75,11,378.832472
3.75,9,378.861415
0.25,3,378.871033
-0.75,1,378.874201
20.0,40,378.983675
8.0,31,379.058647
19.5,39,379.153815
0.25,6,379.168188
0.75,1,379.170799
1.25,5,379.182055
1.75,6,379.196031
-3.25,8,379.216938
17.0,34,379.627991
20.0,46,379.74502
3.25,6,379.760356
16.5,33,379.843182
12.5,28,379.915519
0.75,4,379.92609
4.75,9,379.948155
2.25,13,379.981711
3.25,9,380.006203
-1.25,3,380.015466
-5.25,7,380.033337
1.25,5,380.0462
21.0,42,380.15579
3.25,9,380.178863
-0.25,2,380.184215
21.0,54,380.319294
1.75,6,380.334437
-0.25,2,380.33947
-0.25,2,380.345283
-0.25,2,380.350983
-0.75,1,380.35378
19.0,44,380.468093
13.5,30,380.548349
0.25,12,380.580059
2.25,13,380.61353
-1.75,5,380.626717
-0.75,1,380.629797
8.75,13,380.663049
17.5,35,380.750019
0.75,10,380.774045
12.0,24,380.836358
13.0,38,381.249579
2.25,7,381.268936
1.25,5,381.28124
14.0,34,381.364743
25.5,75,381.547591
-0.25,2,381.553255
-1.25,6,381.569436
1.75,9,381.593929
-2.25,4,381.604272
1.25,8,381.623392
17.0,34,381.707209
-0.75,1,381.710012
-1.25,3,381.71745
-0.75,10,381.742126
-0.25,2,381.747449
0.75,1,381.750505
-0.25,8,381.772318
0.75,1,381.775051
20.0,40,381.872503
20.0,40,381.987225
-4.75,8,382.021197
0.75,1,382.025595
-3.25,5,382.039565
-0.75,1,382.042403
-0.25,2,382.047587
0.75,1,382.050379
0.75,1,382.053149
-0.25,2,382.05839
3.75,10,382.083238
19.0,38,382.177169
13.0,26,382.243426
1.25,5,382.257793
5.0,43,382.371827
19.5,39,382.491634
0.75,1,382.494883
5.75,14,382.535605
-0.75,1,382.538717
15.0,30,382.951468
-0.25,2,382.957378
3.25,9,382.98124
3.25,6,382.998545
22.5,45,383.114783
1.75,3,383.122594
-1.25,3,383.130072
-6.25,11,383.16024
-3.25,5,383.173472
3.75,10,383.2002
0.75,1,383.202818
-1.25,9,383.225001
-0.25,2,383.230303
15.5,40,383.331102
4.25,11,383.358766
-0.75,1,383.361838
0.75,1,383.364731
1.75,6,383.380993
-0.25,2,383.386123
11.5,26,383.451677
15.0,30,383.529473
17.0,37,383.620827
-6.25,11,383.654711
2.25,10,383.680662
19.5,39,383.779706
16.5,33,383.862184
14.5,29,383.937642
-0.25,2,383.943845
13.0,29,384.017644
-0.25,5,384.031178
10.5,27,384.098493
3.25,9,384.12153
-4.25,6,384.136082
1.75,6,384.15122
17.0,34,384.591289
7.75,18,384.643697
9.0,33,384.726737
2.25,4,384.736743
-0.25,2,384.742122
-11.25,13,384.776559
1.75,9,384.798918
-0.75,1,384.801572
9.75,22,384.856962
26.0,52,384.99331
0.75,1,384.996397
18.0,36,385.097767
21.5,43,385.212886
3.75,7,385.231034
-0.25,2,385.23671
-0.25,2,385.242439
0.25,3,385.251061
0.25,3,385.260385
-4.25,9,385.287703
-0.75,1,385.290759
-0.25,2,385.296502
4.75,9,385.320018
18.0,39,385.41855
-0.75,10,385.444685
4.75,9,385.470682
0.25,3,385.481071
20.5,41,385.594433
3.75,10,385.619918
1.75,6,385.635062
-0.25,2,385.640019
27.0,54,385.772125
12.0,24,385.831635
20.5,41,386.260754
17.0,37,386.359813
0.75,1,386.362719
0.75,1,386.365725
-7.75,8,386.387237
12.5,31,386.471522
-0.25,2,386.476938
-0.75,1,386.479804
-4.75,8,386.501913
2.75,8,386.525144
-0.25,2,386.531866
1.75,6,386.5501
4.25,11,386.579433
18.5,43,386.686406
2.75,8,386.706151
2.75,8,386.72716
20.5,71,386.905236
3.25,9,386.928835
3.25,6,386.944673
3.25,9,386.967574
-1.25,3,386.97501
-17.25,19,387.021659
-1.25,12,387.052155
3.25,6,387.067577
0.75,1,387.070443
0.25,3,387.078274
2.75,8,387.098362
-7.25,9,387.120229
-0.25,2,387.124956
14.0,31,387.199128
-0.75,1,387.201794
13.5,27,387.266658
1.25,5,387.279498
2.25,7,387.29801
-2.75,3,387.305356
-0.75,1,387.308047
19.5,51,387.431736
2.25,7,387.448974
-0.25,2,387.453989
0.25,9,387.476155
1.75,9,387.498075
14.5,29,387.948082
-2.75,3,387.957947
-0.75,1,387.961838
4.25,11,387.999325
-0.25,2,388.005771
0.75,4,388.017785
21.5,43,388.152748
0.25,3,388.16218
18.0,36,388.267286
16.5,33,388.361001
-1.75,2,388.369148
2.25,7,388.39552
3.25,6,388.419982
17.5,38,388.543482
6.5,37,388.65632
0.25,3,388.664774
0.75,4,388.676117
-0.25,2,388.682367
0.75,1,388.6863
1.75,6,388.70496
0.75,1,388.708431
-2.25,4,388.722225
-0.25,2,388.72879
0.75,4,388.74323
0.75,1,388.747192
2.75,8,388.773169
2.25,7,388.794662
-0.75,1,388.79779
23.0,46,388.92352
-0.25,2,388.929059
-2.25,4,388.939363
0.75,1,388.942334
-0.75,1,388.945208
17.0,40,389.044632
-0.25,3,389.052702
2.75,8,389.073042
-0.25,2,389.078203
-0.75,1,389.080955
-0.75,10,389.106358
-0.25,2,389.111688
1.75,3,389.119462
-2.25,4,389.129947
5.25,9,389.152435
-0.75,1,389.155261
-0.75,10,389.182443
-0.25,5,389.195229
5.25,10,389.221506
-0.75,1,389.224537
-0.25,2,389.229976
1.75,6,389.245395
-0.75,1,389.24817
7.0,29,389.324845
-1.25,6,389.342307
-0.75,1,389.34546
14.5,41,389.831878
0.25,3,389.840433
-0.75,1,389.844153
0.25,3,389.853121
0.75,1,389.856338
-0.25,2,389.862048
3.25,6,389.878337
0.25,6,389.894908
17.0,37,390.000115
13.0,26,390.069797
0.25,3,390.078063
0.75,4,390.089174
11.25,25,390.155616
0.75,1,390.158512
0.25,3,390.166535
0.75,1,390.169457
-0.75,1,390.171974
-1.25,3,390.179389
-0.25,2,390.185135
13.5,27,390.255068
1.75,6,390.27082
-3.75,13,390.303509
-0.75,1,390.306484
1.25,4,390.318132
-0.25,8,390.339109
16.5,33,390.431913
-1.75,2,390.438193
0.25,3,390.447236
18.0,45,390.587194
3.75,7,390.606559
3.25,12,390.639602
7.25,17,390.687921
0.25,3,390.696837
-0.75,1,390.699907
23.0,46,390.833057
12.0,24,390.91101
-1.25,3,390.920049
15.25,32,391.01188
-0.25,2,391.017968
15.0,30,391.10399
20.0,40,391.229923
-0.25,2,391.236838
-1.25,9,391.26535
5.75,8,391.629936
-0.25,2,391.635661
1.25,5,391.649289
1.75,9,391.67397
-0.25,2,391.67999
0.25,6,391.696609
4.25,8,391.718116
-4.25,6,391.734086
-0.75,1,391.737296
0.75,1,391.740267
-0.75,1,391.743322
0.25,3,391.751882
0.75,1,391.75465
0.25,3,391.762999
32.5,65,391.938584
-0.75,1,391.941876
7.25,17,391.98854
20.5,41,392.090896
-6.25,8,392.112442
4.25,8,392.132465
24.0,48,392.253546
46.0,92,392.475984
-1.25,3,392.483765
0.75,3,392.491427
1.75,6,392.50539
2.75,8,392.524891
-0.25,2,392.529995
11.5,38,392.623784
1.25,5,392.635927
29.0,58,392.775962
1.75,9,392.799309
32.0,64,393.287738
28.5,57,393.428016
-11.75,18,393.474557
0.75,4,393.484989
33.5,73,393.670402
-0.75,1,393.673759
3.25,6,393.690437
31.5,63,393.852004
2.25,10,393.87705
0.25,6,393.891554
-1.25,3,393.898991
0.25,3,393.906899
1.75,6,393.923179
22.75,48,394.051508
-4.25,15,394.09153
-1.25,6,394.108244
2.75,8,394.128017
22.0,47,394.253292
14.5,29,394.321584
24.5,49,394.450135
0.75,1,394.453068
-0.25,2,394.458728
3.75,10,394.484893
-0.75,7,394.501855
19.0,38,394.935036
1.25,8,394.955587
12.5,25,395.030788
18.0,36,395.133325
17.5,35,395.23698
-0.25,2,395.242613
1.75,3,395.25257
-0.25,2,395.259284
0.75,1,395.263249
1.75,6,395.281994
-2.75,3,395.290007
3.25,6,395.305417
-7.25,9,395.328608
3.25,6,395.344684
-2.75,12,395.376535
-1.25,1,395.379165
3.25,6,395.393857
-0.75,1,395.396423
0.75,1,395.398949
-2.25,4,395.408778
4.75,12,395.438032
16.0,32,395.52144
-2.25,4,395.53368
-1.25,3,395.541647
0.25,3,395.549007
1.75,6,395.563857
-0.75,1,395.566482
16.5,33,395.648509
-6.25,8,395.668057
1.75,4,395.677878
1.25,5,395.690309
-0.25,2,395.69557
10.0,26,395.757079
-0.25,2,395.761833
19.0,38,395.882614
10.25,23,395.989162
-1.25,12,396.032218
-1.75,5,396.051678
-8.25,10,396.081342
26.5,53,396.28118
-0.25,2,396.289768
0.75,1,396.294115
1.25,8,396.32426
-7.75,14,396.374103
-2.75,3,396.384923
1.75,6,396.402498
23.0,61,397.107702
-2.75,3,397.120371
1.25,5,397.139312
12.0,30,397.23042
-2.75,3,397.241812
20.0,40,397.36525
-12.75,13,397.40904
21.0,42,397.580192
-0.25,5,397.599536
1.75,9,397.644722
2.75,8,397.679599
-5.75,15,397.73667
1.25,5,397.752804
-0.25,2,397.759139
5.25,10,397.788459
1.75,6,397.805248
0.25,3,397.816058
3.75,10,397.848151
12.5,25,397.925656
21.5,43,398.054103
1.25,8,398.081571
3.25,6,398.099878
-0.25,2,398.106841
1.25,5,398.125447
4.0,29,398.217799
0.25,3,398.226865
-0.75,1,398.230375
3.75,7,398.250701
-0.75,1,398.254087
-0.25,5,398.272038
0.75,1,398.276837
-0.75,1,398.280474
0.75,1,398.284857
2.25,10,398.323612
4.25,11,398.366964
0.75,1,398.371368
12.0,24,398.450715
1.75,6,398.471277
-0.75,10,398.503882
0.25,6,398.530228
25.5,51,399.181595
1.75,6,399.202313
28.0,56,399.374719
2.75,8,399.40364
-2.75,3,399.41241
-1.25,3,399.421338
1.75,3,399.430194
3.25,6,399.449271
11.5,23,399.521749
21.5,43,399.685178
0.25,6,399.710202
12.0,24,399.797533
21.5,42,399.955752
14.0,28,400.050119
3.25,6,400.069459
-0.25,2,400.076534
12.0,24,400.153499
5.5,26,400.232984
1.75,6,400.25589
3.25,6,400.277194
-0.75,1,400.281151
-2.25,4,400.296305
-0.75,1,400.300574
11.5,26,400.409151
-2.75,3,400.422892
3.75,7,400.454438
26.5,56,400.656873
18.0,42,400.795586
-0.75,10,400.827337
15.5,31,400.930381
-1.75,5,400.94906
15.0,26,401.521044
-0.75,1,401.524825
-2.25,4,401.540671
-0.75,1,401.544389
19.0,38,401.67832
-0.75,1,401.682098
11.0,22,401.753648
-0.25,2,401.760333
17.5,35,401.875256
12.0,24,401.970995
23.0,46,402.122399
0.75,1,402.126464
19.0,38,402.251302
3.75,7,402.275519
-0.25,5,402.293501
2.75,8,402.320887
0.75,1,402.324019
-0.25,2,402.330095
12.0,24,402.401105
1.25,5,402.418296
3.25,6,402.435689
-1.25,3,402.444297
-4.25,6,402.45908
4.25,11,402.487129
-0.25,2,402.493741
0.75,1,402.497583
-0.75,1,402.50141
3.25,12,402.539736
4.75,12,402.57744
-2.75,3,402.586464
2.75,11,402.616426
4.75,8,402.637193
-0.25,2,402.642802
2.75,8,402.662761
26.0,47,402.78566
-0.75,4,402.798055
-0.25,3,402.807534
0.5,28,402.88673
3.25,9,402.913898
3.25,6,402.931057
3.25,6,402.94629
-0.75,1,402.949358
18.0,36,403.527012
1.75,3,403.536551
3.25,6,403.552311
35.5,71,403.726735
1.75,6,403.741013
27.5,51,403.871768
2.75,11,403.901076
16.5,51,404.032723
3.25,9,404.055806
32.0,58,404.199162
0.75,10,404.224605
-0.75,1,404.227417
0.75,10,404.251908
1.75,6,404.2666
-0.25,5,404.278947
2.75,8,404.298246
3.25,6,404.312356
-5.25,7,404.330436
0.75,1,404.333269
-0.25,2,404.338635
-1.25,3,404.346147
3.25,6,404.360308
-0.25,2,404.365468
-3.25,14,404.398395
13.5,30,404.471188
3.25,6,404.486083
1.25,5,404.498256
4.75,9,404.519289
0.75,1,404.522464
3.25,6,404.538919
-0.25,2,404.544681
3.25,9,404.567258
-1.25,3,404.575148
3.25,6,404.59018
1.75,6,404.605105
3.25,6,404.619459
-0.25,2,404.624349
-10.25,12,404.653887
0.75,4,404.664149
10.5,21,404.716089
26.0,52,405.148409
0.75,1,405.15121
-0.25,2,405.156675
-0.25,2,405.161957
26.5,53,405.290781
11.5,23,405.348294
-7.25,9,405.371266
0.25,3,405.378801
21.0,42,405.482474
-2.25,4,405.492865
13.0,26,405.559254
20.0,46,405.672053
-5.25,7,405.690135
3.25,6,405.705034
6.25,15,405.7456
-6.25,8,405.7646
-6.25,11,405.79253
-0.25,8,405.81232
2.25,7,405.829598
2.75,8,405.850447
2.25,7,405.868049
-0.75,1,405.870667
0.75,1,405.873407
3.75,6,405.888746
-6.25,8,405.908644
16.5,33,405.993252
0.25,9,406.016431
15.0,30,406.089493
0.75,10,406.113638
3.75,6,406.127857
-5.25,10,406.154189
0.25,9,406.176834
-0.75,1,406.179435
-9.25,11,406.207048
2.25,4,406.217394
3.25,12,406.248376
-0.75,10,406.273196
15.5,31,406.345069
-0.25,5,406.357776
1.75,9,406.688478
3.25,6,406.704112
0.75,1,406.706886
-0.75,1,406.709731
12.0,24,406.766827
0.75,1,406.769549
0.25,3,406.777636
-0.25,2,406.783059
-1.75,5,406.795346
-0.25,2,406.800681
-1.25,3,406.808064
2.75,8,406.827419
-0.75,1,406.830093
-0.25,2,406.835385
3.25,6,406.850201
-0.25,2,406.85498
-0.25,2,406.85999
-0.75,1,406.862594
0.75,1,406.865056
1.25,5,406.876572
0.75,1,406.879107
-0.75,1,406.881764
1.25,5,406.893784
-0.75,7,406.911586
1.75,3,406.919449
2.25,4,406.929641
-0.25,2,406.935044
-0.75,1,406.937927
-0.75,1,406.940895
1.25,5,406.953847
-0.75,1,406.95645
-0.75,1,406.959078
20.0,40,407.056429
-0.75,1,407.059338
-0.25,2,407.064565
0.25,3,407.071865
0.75,4,407.081807
3.25,6,407.096605
16.5,33,407.18102
-2.25,4,407.193143
-0.75,1,407.1973
2.25,7,407.219341
-0.75,1,407.222785
-0.75,1,407.228324
-0.75,1,407.232155
1.75,3,407.24223
-0.75,1,407.247793
3.25,6,407.264708
12.0,24,407.324033
-0.25,2,407.329529
-0.25,2,407.334684
-0.25,2,407.339906
0.75,4,407.351007
-0.25,2,407.356896
0.75,1,407.359683
0.75,1,407.362843
2.75,6,407.378874
-0.75,1,407.381615
0.25,3,407.389876
1.25,5,407.403735
-2.75,3,407.41169
4.25,11,407.439229
12.5,25,407.505304
0.75,1,407.5082
3.25,6,407.523017
14.5,29,407.59899
-0.25,2,407.604493
1.25,5,407.617606
-0.75,1,407.620475
-0.75,1,407.623389
-5.25,7,407.641703
-0.75,1,407.644614
-1.25,3,407.652766
12.0,24,407.71356
-0.75,1,407.716193
-1.25,3,407.723586
-0.75,1,407.726423
-0.25,5,407.738302
5.75,7,407.754171
20.0,40,407.85446
-0.25,2,407.859268
-0.25,2,407.86419
0.75,4,407.873934
0.75,1,407.876702
-0.75,1,407.879432
-1.25,1,407.882044
0.75,1,407.884811
-2.25,4,407.894713
1.75,3,407.902725
0.25,3,407.910504
-0.25,2,407.916372
0.75,1,407.919115
-6.25,8,407.93912
3.25,9,407.96127
0.75,4,407.971761
0.25,3,407.979701
1.25,5,407.99228
0.75,1,407.995243
0.25,3,408.003113
1.25,5,408.35529
-3.25,5,408.370486
0.75,1,408.373698
32.0,64,408.544154
0.75,4,408.554892
0.25,3,408.56292
0.75,4,408.57271
27.0,54,408.713716
-0.75,1,408.716896
6.75,16,408.756513
1.75,6,408.771563
15.5,31,408.850993
-1.25,1,408.854138
0.75,1,408.857046
-0.25,2,408.862348
1.75,6,408.877786
-4.25,6,408.893481
-1.25,1,408.896469
-0.25,2,408.902616
-1.25,3,408.911036
2.75,8,408.933218
-1.25,3,408.941496
-0.75,1,408.945252
-0.75,1,408.948114
1.75,6,408.964281
13.5,27,409.032807
6.75,16,409.070328
0.75,1,409.072897
-0.75,1,409.075577
-1.75,2,409.08091
0.75,1,409.083437
-1.25,6,409.097921
-0.25,2,409.103634
-0.75,1,409.106861
19.5,39,409.203876
12.0,24,409.263421
-0.25,3,409.270846
1.25,5,409.283315
-3.25,5,409.296029
0.25,9,409.318014
-0.25,2,409.323911
0.75,1,409.328239
-0.75,1,409.331447
0.75,1,409.334978
0.75,4,409.345463
-0.75,1,409.348254
39.0,81,409.549213
-0.75,1,409.552546
0.75,1,409.555792
-0.25,2,409.561843
-0.25,2,409.568102
0.25,3,409.57821
0.75,1,409.58153
-0.25,2,409.587472
0.25,3,409.596289
5.25,10,409.627384
-1.25,1,409.630758
1.25,5,409.645072
0.75,1,409.648338
3.25,6,409.664243
0.25,6,409.681235
-0.75,1,409.684383
0.75,1,409.687543
-0.25,2,409.99635
13.5,27,410.066907
1.75,6,410.082359
-2.25,4,410.092511
3.25,6,410.108415
6.25,15,410.146774
16.0,35,410.232993
13.0,26,410.296479
4.25,7,410.312756
-0.25,2,410.317596
-0.75,1,410.320489
1.25,5,410.332791
1.75,6,410.348247
27.0,54,410.480918
0.75,1,410.483881
0.75,1,410.486675
1.75,6,410.502139
-0.75,1,410.505072
-0.75,1,410.507949
3.25,6,410.524498
3.25,6,410.539835
-3.25,5,410.553444
-0.25,2,410.558977
-0.25,2,410.564235
-0.25,2,410.569734
0.75,1,410.572888
24.5,49,410.692333
-0.75,1,410.69543
0.75,1,410.69906
13.5,27,410.765194
3.25,9,410.786747
-0.25,2,410.792037
6.75,16,410.832527
0.75,4,410.842703
-0.75,1,410.845443
18.5,37,410.938371
-0.75,1,410.941198
-0.75,1,410.944039
3.25,6,410.958676
2.25,7,410.976175
17.0,34,411.069847
3.25,6,411.090188
14.5,29,411.175379
0.25,3,411.183818
-0.25,2,411.189523
0.75,10,411.218656
1.75,6,411.236881
-0.25,2,411.244158
2.25,7,411.267483
20.5,41,411.709634
3.25,9,411.732968
14.5,29,411.798482
1.75,6,411.812238
0.25,6,411.826233
2.25,7,411.844688
-0.25,2,411.850302
3.75,7,411.867928
10.5,27,411.943318
-0.75,1,411.946316
8.75,20,412.000044
0.75,4,412.01042
3.25,6,412.026765
0.25,6,412.042487
-0.25,5,412.056115
3.25,6,412.072425
0.75,4,412.083351
2.25,7,412.102001
-0.25,2,412.108585
-0.75,1,412.114057
2.75,8,412.137497
-2.75,3,412.146316
0.25,9,412.170543
1.75,6,412.186234
0.75,4,412.196455
1.75,6,412.211418
-1.25,3,412.219255
-2.75,3,412.227067
5.25,13,412.260007
-0.25,2,412.265267
11.0,22,412.320234
-2.75,3,412.328157
0.25,6,412.343029
3.25,6,412.357413
0.75,1,412.360217
15.5,31,412.455157
1.75,3,412.465165
0.75,1,412.468102
14.0,28,412.541217
14.5,29,412.617938
0.75,4,412.628882
-0.75,1,412.631905
1.75,6,412.648453
-2.25,4,412.659117
14.0,28,412.738783
-3.25,5,412.752799
2.75,8,412.775975
3.25,6,412.791947
-1.25,3,412.799901
5.25,10,412.831724
-2.25,4,412.842792
0.75,1,412.84572
1.75,6,412.861076
2.25,7,412.878817
-0.25,2,412.884686
-0.75,1,412.887689
0.75,4,412.89879
2.75,8,412.922864
-0.75,1,412.925981
22.0,44,413.379996
-0.75,1,413.382877
-1.25,3,413.390331
0.25,6,413.406768
1.75,6,413.423787
0.75,4,413.435164
27.5,55,413.600148
0.75,1,413.603208
0.75,1,413.606435
0.25,3,413.61546
-0.25,2,413.621813
1.75,6,413.640171
-0.75,1,413.643716
20.0,40,413.755506
-0.75,1,413.758287
3.25,6,413.773194
-0.25,2,413.778267
0.75,1,413.780876
0.75,1,413.783556
0.75,1,413.786223
-0.75,1,413.789163
0.75,1,413.791906
15.0,30,413.87256
-0.25,2,413.878754
-0.75,1,413.881919
0.75,4,413.893205
-0.25,2,413.899208
18.0,36,414.003531
-0.25,2,414.009264
4.25,8,414.031673
0.75,1,414.035041
-0.75,1,414.038021
1.75,6,414.055824
3.25,6,414.072594
-0.25,2,414.078655
17.5,38,414.184641
-0.75,1,414.187931
0.25,6,414.205186
18.5,37,414.300244
0.25,3,414.308219
3.25,9,414.330233
2.25,7,414.347928
22.0,44,414.462288
10.5,24,414.556383
0.75,1,414.561076
-0.75,4,414.578544
-1.75,2,414.587443
8.75,20,414.668367
-0.25,2,414.675992
-0.75,1,414.679965
-4.25,6,414.698859
2.75,8,414.724581
4.75,9,414.749552
1.75,6,414.765725
13.0,26,414.830955
33.5,67,415.329855
18.0,36,415.430512
33.5,67,415.60815
-0.25,2,415.614481
3.25,9,415.638518
15.5,31,415.720149
17.5,38,415.830822
4.75,9,415.854883
29.0,58,416.007804
-0.25,2,416.013779
-0.25,2,416.0193
1.25,5,416.03191
1.75,12,416.06181
3.75,7,416.080464
-0.75,1,416.083025
-8.25,13,416.115451
3.25,6,416.129942
-0.75,1,416.132464
0.25,3,416.139737
4.25,8,416.15826
12.5,28,416.228022
0.75,1,416.23072
14.75,32,416.310719
-0.75,1,416.313306
1.75,6,416.329115
-0.75,1,416.332077
20.0,40,416.428977
-0.75,1,416.431752
3.25,6,416.447099
-1.75,5,416.459258
-0.75,1,416.462058
0.75,1,416.46468
-0.75,1,416.467396
-0.25,2,416.472212
0.25,6,416.48745
0.25,3,416.495941
16.5,33,416.917738
24.0,48,417.051519
-0.75,1,417.054577
13.0,26,417.124426
3.25,6,417.139826
0.75,1,417.142485
21.5,46,417.257584
16.5,33,417.338404
12.0,24,417.398905
38.5,77,417.596386
-0.25,2,417.601999
-0.25,2,417.607403
-3.25,8,417.628526
-0.25,2,417.634205
0.25,6,417.650341
-3.75,10,417.676312
0.25,6,417.691725
6.75,16,417.732976
-2.25,4,417.743195
-0.75,1,417.746067
-0.75,1,417.748817
3.25,6,417.763805
-0.25,2,417.768942
0.75,1,417.771655
-0.25,2,417.777002
-0.75,1,417.779875
15.25,33,417.859429
0.75,4,417.869822
-0.75,1,417.872579
0.25,6,417.887497
17.5,38,417.979945
-0.25,5,417.992421
-0.25,2,417.997632
-0.75,1,418.000488
0.25,3,418.008184
1.25,5,418.020901
-0.25,5,418.033288
-1.25,3,418.040659
0.75,1,418.043197
14.0,31,418.119227
-0.25,2,418.12438
19.0,38,418.612117
-0.75,1,418.615348
3.25,6,418.632868
8.75,20,418.686492
-0.25,8,418.707826
4.25,8,418.728781
-7.25,9,418.751357
0.75,1,418.754838
22.0,44,418.8637
21.0,42,418.969914
-2.75,3,418.978038
-0.25,5,418.990844
2.75,8,419.011242
16.0,32,419.089983
1.75,6,419.106187
-0.75,4,419.11615
-0.75,1,419.118946
14.0,28,419.185684
0.75,1,419.188534
-0.25,2,419.193928
2.75,8,419.214303
0.75,1,419.217377
0.75,4,419.228568
-4.25,6,419.243448
2.25,7,419.261384
-0.75,1,419.264393
3.25,6,419.279606
-0.25,2,419.28507
16.0,32,419.365462
3.25,6,419.380588
3.25,6,419.396074
-0.25,2,419.401468
3.25,9,419.424875
-0.75,1,419.427819
3.25,6,419.443395
1.75,9,419.466234
23.0,46,419.581518
-1.25,3,419.589337
17.0,34,419.674202
22.5,45,419.782312
-0.25,2,419.787737
3.75,7,419.805667
6.0,33,420.196904
-0.25,2,420.202975
0.75,1,420.206185
-7.25,12,420.24287
-0.25,2,420.248224
-0.75,1,420.251052
0.75,1,420.253754
1.75,6,420.26907
0.75,1,420.271728
-7.75,8,420.291709
3.25,9,420.314093
18.0,36,420.401959
1.25,5,420.414768
0.75,1,420.417651
-0.75,1,420.420545
0.75,4,420.430721
1.25,8,420.451611
-0.75,7,420.469913
1.75,6,420.48478
-0.75,1,420.487561
-3.25,5,420.500319
-4.25,6,420.515018
2.25,4,420.525044
14.0,34,420.612667
3.75,7,420.629312
0.75,4,420.639342
12.0,24,420.699275
0.25,3,420.706548
1.25,5,420.718549
0.25,9,420.739289
4.75,9,420.76145
1.25,5,420.774885
9.25,21,420.828902
-0.25,2,420.834341
16.5,33,420.919467
-0.75,1,420.922228
0.25,3,420.931039
-0.75,1,420.933883
30.5,61,421.089509
1.75,6,421.104753
3.25,6,421.11972
-0.75,1,421.122495
1.75,6,421.138469
-0.25,2,421.143647
0.75,1,421.146413
0.75,4,421.157337
0.75,1,421.160122
0.75,4,421.170053
11.5,26,421.234589
4.25,11,421.265839
-2.25,4,421.276646
-1.25,3,421.285327
18.0,36,421.37332
12.0,24,421.43188
23.0,46,421.842269
0.75,1,421.844979
-0.75,1,421.847593
4.75,7,421.864103
-0.25,2,421.869246
2.25,10,421.893703
-0.75,1,421.896676
0.75,1,421.899613
4.75,9,421.922401
0.75,1,421.925052
0.75,4,421.935028
31.5,63,422.087275
19.0,38,422.186757
-4.25,6,422.203001
-0.25,2,422.209262
1.75,6,422.225541
1.75,6,422.242465
13.5,27,422.312984
0.75,1,422.316103
8.5,32,422.399862
-0.25,2,422.405314
2.75,8,422.4245
12.0,24,422.482091
-0.25,2,422.487646
0.75,1,422.49034
0.25,15,422.527564
-5.25,7,422.545548
-0.25,2,422.550719
0.75,4,422.564748
-0.75,1,422.568111
16.5,33,422.649171
-0.25,2,422.654549
-0.25,2,422.659761
0.75,1,422.662586
5.25,13,422.695758
-0.75,1,422.699141
1.75,6,422.714584
0.75,4,422.724856
14.0,28,422.792075
0.75,1,422.794895
-2.25,4,422.80534
-0.25,2,422.810764
-0.75,1,422.813599
4.75,12,422.842446
0.75,1,422.845327
5.25,9,422.867358
-0.25,2,422.872316
5.75,14,422.906872
2.25,7,422.924844
1.75,6,422.939594
-0.75,1,422.942149
-0.25,2,422.946992
0.75,4,422.956546
-0.75,4,422.965534
3.75,7,422.982252
-0.75,1,422.984924
-0.25,2,422.989974
3.25,6,423.003639
2.75,8,423.021392
-0.25,2,423.026403
2.75,8,423.044307
-2.75,3,423.051449
1.75,6,423.382968
-0.25,2,423.388249
3.25,6,423.403083
-1.75,5,423.41571
27.0,54,423.542712
-1.75,11,423.570569
0.75,1,423.573232
2.25,4,423.583461
1.25,8,423.603071
2.25,7,423.619513
19.5,39,423.707315
-0.25,2,423.712212
-0.25,8,423.730743
-0.75,1,423.733253
1.25,8,423.751098
15.5,31,423.820929
-0.25,2,423.826163
23.5,47,423.935306
-0.75,1,423.937796
-0.25,2,423.94291
27.5,55,424.074203
4.25,11,424.10219
9.0,18,424.149982
1.75,6,424.16533
0.75,1,424.169425
12.0,24,424.232852
-2.75,3,424.241816
6.25,15,424.285293
0.75,4,424.296938
12.5,25,424.363999
-0.25,2,424.369069
1.75,6,424.384213
-0.75,1,424.387033
18.5,46,424.507436
12.0,24,424.56855
-1.25,3,424.576315
20.0,40,424.979346
2.75,8,424.998884
-0.75,1,425.001474
2.25,7,425.018183
0.75,4,425.028486
2.25,7,425.04684
-0.75,1,425.049729
12.0,24,425.113608
-0.75,1,425.116506
-0.25,2,425.122017
5.25,13,425.154577
-0.75,1,425.157001
0.75,1,425.159419
0.25,3,425.16751
-0.25,2,425.172904
0.75,4,425.184271
0.75,1,425.187071
2.25,7,425.204752
-0.75,1,425.207603
-0.25,2,425.212793
2.75,8,425.231495
7.25,26,425.302763
1.25,5,425.317375
3.25,6,425.333367
-0.75,1,425.336221
3.75,10,425.36202
0.25,3,425.370053
-0.75,4,425.380412
12.0,24,425.440591
3.25,6,425.455268
0.75,1,425.457847
0.75,7,425.476388
-0.25,2,425.481832
12.0,24,425.543139
1.75,6,425.558284
-0.75,1,425.561054
1.75,6,425.576712
5.75,14,425.611938
-0.25,2,425.617496
-0.25,2,425.622905
38.5,77,425.817204
4.75,9,425.841048
0.75,1,425.844043
2.25,7,425.862283
-0.25,2,425.867571
0.75,1,425.870681
-0.25,3,425.878415
0.25,3,425.886447
1.75,3,425.894727
0.75,1,425.8977
0.75,1,425.900893
-0.25,2,425.90648
12.5,28,425.979329
2.25,7,425.996941
-0.25,2,426.002238
2.75,8,426.021651
7.25,17,426.065091
-0.75,1,426.067981
-0.25,2,426.07327
2.75,8,426.093541
-0.25,2,426.098934
-0.75,1,426.101986
-0.75,1,426.104807
0.75,1,426.107598
0.25,3,426.115306
3.25,6,426.130388
-0.75,1,426.133223
0.75,4,426.143173
22.0,44,426.25019
-0.25,2,426.562828
1.75,3,426.570847
-0.25,2,426.576079
-0.25,2,426.58145
-3.25,5,426.595068
26.5,53,426.731199
-0.75,1,426.734482
0.75,4,426.744487
1.75,9,426.766613
0.75,1,426.769399
0.75,1,426.772017
-0.75,1,426.774554
0.75,4,426.784199
-0.75,1,426.787022
0.75,1,426.789795
-0.25,2,426.795113
0.75,10,426.820047
23.0,46,426.943399
-3.25,5,426.957886
20.0,40,427.064088
15.5,31,427.144399
-0.25,2,427.149663
-1.75,5,427.163226
-0.75,1,427.16627
-3.25,5,427.179564
-0.25,2,427.185033
-0.75,1,427.18799
7.75,18,427.243885
1.25,14,427.2906
-0.25,2,427.299101
-1.25,3,427.309806
12.5,25,427.391565
0.25,3,427.399758
1.25,5,427.412664
20.0,40,427.514049
3.25,6,427.531302
0.75,1,427.534261
2.75,8,427.55592
3.75,7,427.574189
2.75,8,427.595859
-0.25,2,427.601603
3.25,6,427.619171
-3.25,5,427.633026
9.75,19,427.681692
-4.25,9,427.703821
-0.75,1,427.706645
33.0,66,427.869228
1.75,9,427.89068
0.25,6,427.90426
-0.25,2,427.9092
3.75,7,427.926172
27.5,55,428.380981
0.25,3,428.388672
-0.75,1,428.391611
1.75,6,428.406781
-0.75,1,428.409442
0.75,1,428.411905
-0.25,2,428.417035
0.75,4,428.42672
27.0,54,428.560769
-4.25,9,428.582947
-0.75,1,428.585828
-2.25,4,428.596185
2.75,8,428.616282
-0.25,2,428.622779
22.0,44,428.734478
-0.25,2,428.73955
-0.25,2,428.744848
-0.75,1,428.748546
-0.25,2,428.754296
0.75,1,428.757141
3.75,7,428.775193
-1.25,3,428.78421
2.25,4,428.795236
0.75,1,428.798105
15.5,31,428.878695
0.75,4,428.889421
-0.75,1,428.892319
-0.75,1,428.89523
26.5,53,429.033723
16.5,36,429.12792
-0.75,4,429.138183
-0.75,1,429.140875
0.75,1,429.14352
0.75,4,429.154161
-0.25,2,429.160248
-0.75,1,429.163733
0.75,4,429.174411
-1.75,8,429.195986
-0.25,2,429.201416
-0.25,2,429.207052
8.25,19,429.25526
0.25,3,429.262934
0.75,4,429.273139
0.75,4,429.283028
0.75,1,429.285735
5.25,13,429.318727
0.75,1,429.321605
-0.25,5,429.334668
3.25,6,429.349317
-1.25,3,429.356662
2.25,7,429.374819
-0.25,2,429.379935
0.25,3,429.387717
27.0,54,429.516692
-0.25,2,429.521821
5.25,7,429.540615
6.75,16,429.876018
-0.75,1,429.878961
2.75,8,429.898855
-0.75,1,429.901756
0.75,1,429.904715
-0.25,2,429.910069
0.75,1,429.912853
-0.25,2,429.917575
-0.75,1,429.920214
-0.25,2,429.926044
3.75,10,429.952738
2.75,8,429.97291
1.75,6,429.988258
1.25,5,430.000926
-0.25,2,430.006018
2.75,8,430.025859
-0.75,1,430.02858
-0.25,2,430.033688
-0.25,2,430.039084
-0.25,2,430.044463
20.5,41,430.143898
-0.75,1,430.146703
-1.25,3,430.154637
-0.75,1,430.157345
-0.75,1,430.160023
4.75,8,430.180157
1.25,5,430.192708
12.0,24,430.252369
7.25,17,430.296403
0.75,1,430.299277
0.75,1,430.302359
22.0,44,430.416985
-0.25,2,430.422457
8.5,32,430.503789
3.75,7,430.523384
1.75,3,430.539
-1.25,3,430.54693
0.25,3,430.555354
-1.75,11,430.584288
-0.75,1,430.587107
0.75,1,430.590001
0.75,1,430.59284
-0.25,2,430.598143
-0.25,3,430.605989
16.5,36,430.695017
0.75,1,430.697792
-0.25,2,430.703025
6.25,15,430.741863
0.25,6,430.757293
8.5,17,430.799221
-0.25,2,430.804718
-2.75,3,430.812566
2.25,7,430.829862
-5.25,7,430.847863
0.75,1,430.850966
5.25,10,430.87693
0.75,1,430.879602
-0.25,2,430.884465
12.5,25,430.945513
-0.25,2,430.951025
0.25,3,430.958766
-0.75,1,430.961569
1.75,6,430.976842
1.75,6,430.992113
0.25,3,430.999753
3.25,6,431.014069
0.75,1,431.01683
-0.25,2,431.021989
-0.75,1,431.024804
19.5,39,431.11992
2.75,8,431.139904
-0.75,1,431.142841
17.0,34,431.536712
2.25,4,431.546489
0.25,3,431.554442
2.25,7,431.571387
-0.75,1,431.574113
28.0,56,431.705693
-0.25,3,431.713138
-6.25,14,431.746079
-2.25,4,431.755861
-0.25,2,431.760895
0.25,6,431.776509
13.5,27,431.838835
3.25,6,431.854242
0.25,3,431.861872
-0.25,2,431.866972
17.5,35,431.952374
-0.75,1,431.955009
1.25,5,431.967867
33.0,66,432.123748
0.75,1,432.126532
3.25,12,432.158384
-0.75,1,432.161792
0.25,3,432.170342
-0.25,2,432.176594
-0.25,2,432.182569
0.25,6,432.198565
13.0,26,432.26779
-0.75,1,432.271237
-5.25,7,432.291453
-0.75,1,432.294427
-0.75,1,432.297633
10.0,20,432.350827
0.75,4,432.361105
-1.25,1,432.364055
-0.25,2,432.369731
-0.25,5,432.382635
0.75,1,432.385517
0.75,1,432.388343
-0.25,2,432.393861
25.0,50,432.517922
0.25,9,432.541048
1.75,6,432.556228
4.25,11,432.582516
1.75,3,432.590504
-0.25,2,432.595984
10.5,27,432.664938
-0.75,1,432.667893
1.75,6,432.682707
-0.25,2,432.688184
-0.25,2,432.693384
20.5,41,433.102901
0.75,1,433.105706
-0.25,2,433.110894
3.25,6,433.126864
12.0,24,433.186935
1.75,3,433.195073
-1.25,1,433.197884
-0.25,2,433.20364
0.75,4,433.21445
-0.25,2,433.220722
1.75,6,433.236204
0.25,3,433.243932
0.75,4,433.253786
-2.25,4,433.263786
-0.25,2,433.269159
2.25,7,433.286337
-0.25,8,433.306942
14.5,29,433.378962
0.25,3,433.386401
-0.75,1,433.388961
3.25,6,433.404242
17.5,35,433.491016
2.75,8,433.510154
22.5,45,433.638655
0.75,1,433.641727
-2.25,4,433.651819
0.75,1,433.654442
15.5,31,433.733581
-0.75,1,433.736367
-0.75,1,433.739059
14.0,28,433.806093
2.25,4,433.815311
0.75,1,433.81779
-0.25,2,433.822582
3.25,9,433.843754
-4.25,6,433.857506
-0.75,7,433.873597
-1.25,3,433.881171
-2.25,4,433.8917
-0.75,1,433.894712
3.75,7,433.912398
15.0,30,433.988877
-12.25,14,434.024001
3.25,6,434.03864
0.75,1,434.041899
-0.25,5,434.054821
1.25,5,434.067405
-0.25,2,434.072673
-2.75,3,434.080209
3.25,6,434.095736
-3.25,5,434.10835
-0.75,1,434.111142
-0.75,1,434.114195
8.5,17,434.157532
0.75,1,434.160495
3.25,6,434.175771
0.75,4,434.185747
3.25,6,434.200869
-0.25,2,434.20597
0.75,1,434.208648
5.25,10,434.232893
-2.25,4,434.242676
-0.25,2,434.247326
-0.75,4,434.256551
6.75,16,434.292682
1.25,5,434.304362
2.75,8,434.324253
4.25,8,434.34419
0.75,1,434.34701
25.0,50,434.805102
-0.75,1,434.808783
-0.75,1,434.81252
-0.75,1,434.816199
2.75,8,434.841226
0.75,1,434.844861
3.25,9,434.872257
-0.75,1,434.875276
13.5,27,434.947709
-3.25,5,434.960933
-0.75,1,434.96382
0.75,1,434.966721
0.75,4,434.978328
0.75,4,434.988734
-0.75,1,434.991501
-2.75,3,434.999271
1.25,5,435.01236
-0.25,2,435.017662
-0.25,2,435.022708
15.5,31,435.100518
1.75,5,435.114013
45.0,90,435.337206
1.25,5,435.351877
-0.75,1,435.355039
20.5,41,435.472586
7.75,18,435.517252
2.25,7,435.536811
-0.75,1,435.539733
0.25,3,435.549099
-2.25,4,435.561141
0.75,1,435.564207
-0.75,1,435.567322
-8.75,9,435.591351
-0.25,2,435.596784
-0.25,2,435.602142
1.75,9,435.624745
0.25,3,435.632711
0.75,1,435.635492
-0.25,2,435.640992
2.25,7,435.659442
-0.75,1,435.66217
3.25,6,435.67755
1.75,6,435.693182
1.75,6,435.708429
1.75,6,435.723631
18.0,36,435.821229
15.5,31,435.899385
3.25,6,435.914596
3.25,6,435.930181
3.25,6,435.946268
0.75,1,435.949137
0.25,3,435.957314
-0.75,1,435.960128
0.75,1,435.963143
22.0,44,436.404971
-0.25,2,436.41031
-0.25,2,436.415464
0.75,4,436.42611
0.25,3,436.434322
13.5,27,436.50302
12.0,24,436.56933
12.5,25,436.642904
-0.25,2,436.648957
1.75,6,436.665588
-0.25,2,436.67173
2.25,7,436.692531
-0.75,1,436.695608
-0.25,2,436.701924
-0.25,2,436.708467
0.75,1,436.711794
-0.75,1,436.715022
-2.25,4,436.726946
-0.75,1,436.730067
-0.75,1,436.73314
1.75,6,436.749667
0.75,1,436.752684
-0.25,2,436.758354
0.75,10,436.784134
14.0,31,436.862803
4.75,9,436.885855
0.75,1,436.888916
0.75,1,436.89194
-2.25,4,436.90255
9.25,21,436.962551
12.5,25,437.024925
-1.25,1,437.02781
-0.25,2,437.035161
-5.25,7,437.052607
-0.75,1,437.055431
11.5,23,437.114597
17.0,37,437.208526
-0.25,2,437.213723
0.75,4,437.223929
-3.25,5,437.239969
-0.25,2,437.245213
22.0,47,437.366198
-0.75,1,437.369005
-0.75,1,437.371919
-0.75,1,437.374689
0.75,4,437.384821
10.25,23,437.445141
-2.25,4,437.455585
-0.75,1,437.458644
1.75,3,437.467247
0.75,1,437.470177
2.25,7,437.488875
12.5,25,437.556696
3.25,6,437.573032
-0.75,1,437.576134
3.25,6,437.591906
-0.75,1,437.595079
1.75,6,437.611853
2.25,7,437.640545
3.25,6,437.657761
0.75,1,437.663538
0.75,1,437.669318
0.75,1,437.673607
0.75,1,437.677046
0.75,4,437.690412
11.5,23,437.754364
3.25,9,438.097836
-0.75,1,438.100779
32.0,64,438.264546
1.25,5,438.277075
1.75,6,438.292057
0.75,1,438.294898
-5.25,7,438.312454
0.75,1,438.31527
1.75,6,438.330444
-0.25,2,438.335893
-0.25,5,438.349361
-0.75,1,438.352013
15.0,26,438.417297
-0.75,1,438.419862
5.25,10,438.44485
27.0,54,438.587954
-2.25,4,438.598039
21.5,46,438.729279
0.25,3,438.738458
-0.75,1,438.741521
-0.75,1,438.744951
0.75,1,438.74805
-0.75,1,438.751249
-0.25,2,438.757434
16.0,35,438.847018
-0.75,1,438.849925
-0.75,1,438.852762
1.25,8,438.872441
0.75,1,438.875637
0.75,1,438.878371
0.75,1,438.881002
-0.75,1,438.883865
24.5,49,439.012028
20.0,40,439.150955
0.75,1,439.155499
-0.25,2,439.164138
2.25,10,439.199758
0.75,1,439.203064
-0.25,2,439.209832
-0.25,2,439.218585
-0.75,1,439.222507
-0.75,1,439.226309
30.25,41,439.334495
1.25,5,439.347042
1.75,3,439.35508
2.25,7,439.373857
15.0,30,439.447905
-0.25,2,439.453634
-5.25,7,439.4718
22.0,44,439.891062
-0.75,1,439.893762
-0.75,1,439.896599
13.5,30,439.975803
15.5,31,440.053778
15.5,31,440.132323
0.25,3,440.140372
-0.25,2,440.146277
0.75,1,440.149029
-0.25,2,440.154524
1.75,6,440.170969
-2.25,4,440.181018
-0.25,5,440.193363
0.75,4,440.203507
-0.75,1,440.206316
2.25,7,440.224732
-0.75,1,440.227639
2.75,8,440.247984
2.75,11,440.275926
20.0,40,440.37489
3.75,10,440.400579
32.75,68,440.581596
0.75,1,440.584401
-0.75,1,440.587139
2.75,8,440.606903
0.25,3,440.615193
2.75,8,440.635789
-0.75,1,440.638553
0.75,7,440.655346
-0.75,1,440.658188
-0.75,1,440.660998
1.75,12,440.69055
14.5,29,440.767723
2.75,8,440.787533
-0.25,2,440.792826
19.0,38,440.889587
-0.25,2,440.894835
1.75,3,440.902695
20.0,40,441.006112
3.25,9,441.030682
-0.25,2,441.038684
-0.75,1,441.043017
3.25,6,441.063506
15.5,31,441.571674
21.5,43,441.683199
6.75,16,441.727957
-7.25,9,441.755442
1.25,5,441.769383
-0.25,5,441.781801
22.5,45,441.896063
-2.25,13,441.931605
-6.25,8,441.955856
-3.25,5,441.969377
-0.25,2,441.97516
13.5,27,442.043901
3.25,6,442.059589
0.75,1,442.062835
12.0,24,442.128134
-5.25,7,442.147744
3.75,7,442.170012
0.75,1,442.173544
2.25,7,442.195566
0.25,9,442.221916
0.75,1,442.225248
19.0,38,442.343484
4.25,11,442.38046
14.0,28,442.464124
-2.25,4,442.475965
4.25,7,442.498028
-0.75,1,442.50128
1.75,9,442.528759
-0.75,1,442.53215
3.25,6,442.551726
-0.75,1,442.555638
2.75,8,442.579826
0.75,4,442.592432
-0.25,2,442.599585
-0.25,2,442.605944
19.0,38,442.717723
2.25,4,442.728876
0.75,1,442.732444
24.5,49,442.860737
14.0,28,442.932494
0.75,1,442.935439
1.75,3,442.945054
-0.75,1,442.948554
0.75,1,442.95185
2.75,8,442.976192
0.75,1,442.978901
-0.25,2,442.984293
-0.25,2,442.989926
14.0,28,443.420578
-0.75,1,443.423681
6.75,16,443.464121
13.5,27,443.534988
-0.75,1,443.539588
16.5,33,443.643239
5.25,10,443.668498
-0.25,2,443.674591
0.25,3,443.682869
-0.75,4,443.695335
-5.25,7,443.717482
1.75,6,443.736574
3.25,6,443.756151
0.25,3,443.765712
0.75,1,443.76896
-0.75,1,443.772082
-0.75,1,443.775109
-0.25,2,443.780797
3.25,6,443.797714
14.0,28,443.873889
-0.25,2,443.879485
0.25,3,443.887193
0.75,1,443.889967
-0.25,2,443.895041
-0.25,2,443.900076
2.25,7,443.917049
-0.25,2,443.922254
-0.75,7,443.941056
0.75,1,443.943957
-0.75,1,443.946651
3.25,6,443.962918
3.25,9,443.986725
-0.25,2,443.992494
0.25,3,444.000795
0.25,6,444.016853
17.0,34,444.105402
-0.25,2,444.111276
24.5,49,444.232564
-0.75,1,444.235338
22.5,48,444.358421
29.5,59,444.512534
0.75,4,444.525053
-0.75,1,444.529322
0.75,4,444.542683
16.5,33,444.631153
0.75,1,444.63451
-0.75,1,444.638562
0.75,1,444.642096
0.75,1,444.645252
-0.75,1,444.648324
-0.75,1,444.651269
0.25,3,444.659434
-1.25,3,444.667899
0.75,1,444.670908
-0.75,1,444.674056
0.75,4,444.68525
-0.25,2,444.691423
12.0,24,445.055235
-1.25,3,445.06284
2.25,7,445.08204
24.0,48,445.204058
-0.25,2,445.209848
1.25,5,445.223575
-5.25,10,445.250981
10.5,24,445.316239
-0.75,1,445.319177
-2.75,3,445.327513
-1.75,2,445.333339
-0.75,4,445.344153
-0.25,2,445.349777
1.75,3,445.357977
-0.25,2,445.363769
-0.25,2,445.369659
0.75,4,445.38082
-1.25,3,445.39
-0.25,5,445.404676
0.75,1,445.407591
0.75,4,445.418386
0.75,7,445.438348
2.75,8,445.460248
-3.25,5,445.474133
4.75,9,445.498266
0.75,4,445.509012
-0.75,1,445.512222
-0.25,2,445.518321
0.75,1,445.521668
1.75,6,445.541024
-0.75,1,445.544161
2.75,8,445.568993
-0.75,1,445.572147
0.75,4,445.58372
-0.25,2,445.589682
-0.25,2,445.59532
3.25,6,445.611709
2.75,8,445.634385
26.0,58,445.801715
0.75,1,445.804637
-0.25,2,445.810553
0.25,6,445.827746
0.75,1,445.830747
4.75,9,445.855917
-0.75,1,445.858927
-0.75,1,445.862
-0.25,2,445.867713
14.0,31,445.954551
0.75,1,445.958027
0.75,4,445.969553
22.0,44,446.092239
1.25,5,446.105885
13.0,26,446.173724
7.25,17,446.216782
-1.25,3,446.224845
1.75,3,446.232965
0.75,1,446.23649
3.25,6,446.252425
-0.75,1,446.255305
12.0,24,446.318046
1.75,3,446.326083
1.75,6,446.34135
-0.25,2,446.346612
-6.25,8,446.366598
17.5,35,446.837572
-0.25,2,446.850426
0.75,1,446.856391
-0.25,2,446.867805
2.25,4,446.889434
19.0,38,447.034242
3.25,6,447.055458
19.0,38,447.172541
12.5,25,447.243918
0.25,6,447.260497
12.5,34,447.356987
1.25,4,447.367318
-3.25,5,447.381128
3.25,6,447.398701
-0.75,1,447.401756
1.25,5,447.416261
1.25,5,447.438189
6.75,16,447.488952
0.75,4,447.501632
-0.25,2,447.508239
-0.75,4,447.520874
-3.75,10,447.55176
-0.25,2,447.557896
-0.75,1,447.560759
-0.75,1,447.564083
2.75,8,447.587078
1.25,5,447.600859
-1.25,3,447.609163
0.25,3,447.617555
-0.75,1,447.621011
1.75,6,447.637865
1.25,5,447.651749
3.75,10,447.679954
0.75,1,447.68304
5.25,10,447.711199
5.75,14,447.745758
-0.25,2,447.75099
-2.75,3,447.758387
-0.25,2,447.763485
0.75,1,447.766284
0.75,4,447.776738
1.75,6,447.79239
1.75,6,447.809396
-1.25,3,447.817093
1.75,3,447.824931
1.25,5,447.837457
-0.25,2,447.842897
-0.75,1,447.845943
-4.25,6,447.861535
0.75,1,447.864317
0.75,1,447.867033
0.75,1,447.869858
-0.25,2,447.875061
0.25,3,447.88337
11.5,26,447.950053
-0.75,1,447.952985
-0.75,1,447.955829
23.0,46,448.070441
4.75,12,448.104413
29.5,59,448.261381
0.75,1,448.265011
0.75,10,448.297185
0.75,1,448.300964
0.75,1,448.304438
-7.75,8,448.329003
1.75,6,448.715343
1.75,6,448.732584
0.25,3,448.741853
0.75,13,448.776493
6.75,10,448.802197
-4.25,6,448.817425
-0.25,2,448.82257
-0.25,2,448.827696
3.25,6,448.84272
0.25,3,448.850511
17.5,35,448.936282
-2.75,3,448.944082
3.5,31,449.021877
2.25,4,449.032602
-0.75,1,449.035403
25.0,50,449.161405
0.25,3,449.168707
3.25,6,449.183421
1.75,6,449.19839
1.75,6,449.213373
18.5,37,449.30397
-0.25,2,449.309165
0.75,4,449.319252
-0.75,1,449.322025
-0.75,1,449.324595
3.25,9,449.347634
1.75,12,449.376921
0.75,4,449.387226
1.75,6,449.402398
29.0,58,449.545758
15.0,30,449.621676
-5.25,7,449.638926
1.75,6,449.653936
1.75,6,449.668702
-0.75,1,449.671474
3.25,6,449.686918
-1.25,3,449.695424
13.5,27,449.761294
-0.25,2,449.766649
0.75,4,449.777049
-0.75,7,449.795033
39.0,81,450.376962
0.75,7,450.394495
1.25,5,450.407263
-0.75,10,450.43161
1.75,6,450.44653
2.75,8,450.466849
-0.75,1,450.469696
3.25,6,450.484251
20.5,41,450.585938
1.75,6,450.60341
12.5,28,450.687053
-0.25,2,450.694268
8.75,20,450.764566
0.75,4,450.778725
14.0,28,450.895707
-0.25,2,450.904366
3.25,6,450.929273
11.0,55,451.097752
1.75,3,451.107876
14.5,29,451.194174
2.75,8,451.220373
11.5,29,451.313398
18.0,36,451.413972
-0.25,2,451.420241
1.75,6,451.438073
0.25,18,451.496066
0.75,1,451.500132
3.75,7,451.522832
-5.25,7,451.548917
-0.25,2,451.555552
-4.25,6,451.575083
-2.75,3,451.585056
4.25,11,451.628483
1.25,3,451.63978
3.25,6,451.661323
0.25,6,451.681898
21.5,43,451.837554
4.75,9,451.864115
6.75,16,451.912094
3.75,10,451.94048
2.75,8,451.960991
-0.25,5,452.285608
-2.25,4,452.296046
1.75,6,452.310313
-0.75,1,452.312955
22.0,44,452.421839
-0.25,8,452.441596
0.25,3,452.449228
0.75,10,452.476328
0.75,4,452.487478
27.5,55,452.652882
3.25,6,452.669093
5.25,10,452.693408
-0.25,2,452.700007
28.0,56,452.868124
-0.75,10,452.896196
-0.75,1,452.898887
21.0,42,453.003555
1.75,6,453.019257
0.25,3,453.027438
3.25,9,453.049233
12.5,25,453.109903
0.25,3,453.117391
-7.25,9,453.140793
0.25,6,453.156342
12.5,25,453.216982
-2.25,4,453.227676
0.75,4,453.23789
13.0,26,453.309877
-0.75,1,453.312763
2.25,4,453.322877
1.75,6,453.337726
-0.25,2,453.34305
-0.25,2,453.348257
24.5,49,453.474705
0.75,1,453.478055
13.5,27,453.544597
15.0,36,453.639948
3.25,6,454.013902
-0.75,1,454.0177
-2.25,4,454.029342
-0.75,1,454.03282
0.25,6,454.048855
-0.75,10,454.074306
1.75,9,454.097636
13.0,26,454.163805
-0.75,1,454.16697
12.0,51,454.307514
3.75,10,454.341319
24.5,55,454.486862
0.25,3,454.494236
-2.25,4,454.50383
24.0,48,454.640852
0.75,4,454.653012
1.75,3,454.662328
3.25,6,454.679598
3.75,10,454.709994
10.75,24,454.778394
0.25,3,454.786646
-0.25,2,454.79232
4.25,8,454.81497
1.75,6,454.831213
1.75,3,454.839638
0.25,3,454.847898
1.75,6,454.866654
3.25,6,454.887325
0.75,1,454.890954
5.5,41,455.014818
1.75,6,455.031203
-6.25,8,455.053701
-1.25,3,455.062029
9.0,42,455.167721
24.0,54,455.301252
2.25,7,455.318678
-0.25,5,455.330982
-2.25,4,455.341038
0.75,1,455.343613
1.75,9,455.367569
14.5,29,455.784263
26.0,55,455.951988
3.25,6,455.967215
-1.75,11,455.994382
1.75,6,456.009047
12.0,24,456.069798
0.75,1,456.072657
-0.25,2,456.078009
0.75,1,456.080756
2.25,10,456.108036
-1.25,6,456.126335
22.0,50,456.275428
0.75,1,456.278778
1.75,12,456.308583
0.75,10,456.333083
0.75,10,456.358022
3.25,9,456.381863
0.25,9,456.410011
13.0,26,456.486412
-1.25,6,456.503892
28.5,57,456.653294
10.5,30,456.738811
0.25,9,456.769847
-0.75,1,456.773319
1.75,6,456.791128
-1.25,3,456.800125
4.75,11,456.833361
1.75,6,456.850194
1.25,5,456.862653
-0.25,2,456.868016
-0.75,1,456.870832
0.75,1,456.873303
17.5,35,456.961703
-4.25,6,456.984493
8.0,34,457.073645
11.0,22,457.136504
24.5,49,457.642056
16.5,33,457.739871
-9.25,11,457.771665
2.25,7,457.792121
-11.25,13,457.827436
25.5,47,457.947649
2.75,8,457.971133
27.0,54,458.119247
13.5,27,458.188201
6.25,12,458.2212
2.25,13,458.255829
13.5,42,458.359068
18.0,36,458.449023
2.75,8,458.468467
-2.75,3,458.476055
21.0,42,458.581347
14.0,28,458.650847
14.5,29,458.726569
0.75,1,458.729696
20.0,40,458.836259
1.75,6,458.852208
11.5,23,459.205076
-1.25,3,459.212903
1.75,6,459.228224
13.0,26,459.297132
-0.75,1,459.300201
25.5,57,459.443023
3.75,10,459.467813
26.0,46,459.579925
17.0,30,459.681871
-4.25,15,459.740813
13.0,41,459.901599
2.25,7,459.935193
13.0,26,460.028698
2.25,7,460.050978
-3.25,5,460.068466
15.5,31,460.189879
16.0,32,460.297998
0.75,1,460.301363
-2.25,4,460.313443
1.75,6,460.333298
3.25,6,460.351716
-2.25,4,460.364214
1.25,5,460.37965
3.25,9,460.4071
-0.75,10,460.437683
-0.25,2,460.444207
17.0,34,460.547898
-0.75,1,460.550848
9.25,21,460.605682
-2.25,10,460.632946
2.25,7,460.652905
-0.25,2,460.658135
2.75,8,460.678339
15.5,31,460.757258
9.0,39,461.301928
0.25,3,461.31519
13.5,27,461.427085
1.75,6,461.449012
4.75,42,461.579551
-0.25,2,461.585946
0.25,9,461.61604
7.25,17,461.666599
-5.25,10,461.692711
0.75,1,461.695532
1.75,6,461.711973
2.25,7,461.730582
-5.25,7,461.749565
3.75,10,461.780412
1.75,6,461.798009
23.0,46,461.925498
0.25,6,461.948257
4.25,8,461.975887
-2.25,4,461.989064
3.25,9,462.016026
22.0,44,462.130586
-1.25,3,462.138188
-3.25,5,462.150975
3.25,6,462.166035
-0.75,1,462.168711
-0.25,2,462.173972
8.25,13,462.207536
-3.25,5,462.220399
16.0,32,462.301385
-0.75,1,462.30473
15.5,31,462.391701
0.75,1,462.394558
15.5,31,462.484675
-2.75,3,462.494892
-0.75,1,462.49809
26.0,52,462.639649
0.75,1,462.642684
15.5,34,463.049831
18.5,46,463.170154
2.25,28,463.244242
0.25,3,463.251972
-4.25,6,463.26757
-0.25,2,463.272927
-4.75,14,463.309163
-0.75,1,463.311975
-0.75,1,463.314831
-6.25,11,463.344605
-10.25,12,463.375045
14.0,28,463.446585
0.75,10,463.474196
-2.25,4,463.485072
1.75,6,463.50116
0.75,1,463.504825
0.25,6,463.522473
1.75,9,463.548213
-0.25,2,463.555158
-1.25,3,463.564897
-8.25,10,463.593791
4.25,8,463.615644
1.75,5,463.629574
-0.25,5,463.642772
-2.25,4,463.653528
13.0,26,463.722874
18.0,36,463.817189
1.75,6,463.832476
1.75,6,463.847345
17.5,35,463.933182
10.0,26,464.000719
-0.75,1,464.003596
-6.25,8,464.027836
13.0,26,464.092122
2.25,7,464.111804
-2.75,3,464.120302
5.25,10,464.1454
3.25,9,464.16824
10.0,20,464.217921
5.75,10,464.244853
12.0,60,464.726017
21.0,42,464.83339
12.5,25,464.898793
3.5,28,464.972652
1.75,6,464.988086
5.75,10,465.013433
10.0,29,465.0867
0.75,1,465.089715
26.0,52,465.2276
-9.25,11,465.255755
-1.75,5,465.270525
1.75,9,465.295179
-2.25,4,465.305995
46.0,92,465.539583
0.25,6,465.555741
-14.25,16,465.601571
3.75,10,465.627066
16.5,33,465.710114
7.25,17,465.752535
1.75,6,465.769193
17.5,35,465.946763
-0.25,2,465.955527
4.25,11,465.984879
3.25,6,466.000093
0.75,1,466.002792
30.0,60,466.525635
3.25,6,466.541586
-7.75,8,466.563541
3.25,9,466.590435
-0.75,1,466.593649
-1.25,3,466.601882
13.0,35,466.693344
18.5,37,466.788786
-2.25,4,466.799502
-2.25,10,466.824984
-0.75,1,466.827819
-0.75,1,466.830554
0.75,4,466.841545
31.0,62,467.003266
1.25,5,467.019118
3.25,6,467.036747
3.25,6,467.053474
27.5,55,467.230543
-0.25,2,467.237348
2.25,7,467.261507
1.25,5,467.279121
0.75,1,467.282843
2.75,8,467.308084
15.5,31,467.440021
0.25,12,467.485581
2.75,8,467.52158
1.75,6,467.54832
3.25,6,467.585229
2.25,7,467.626925
-0.75,1,467.632993
-5.25,7,467.660775
3.25,6,467.681657
0.75,10,467.7159
0.25,9,467.74454
16.5,33,467.856227
0.25,3,467.865194
-0.25,11,467.896455
3.25,9,467.919743
-1.25,3,467.928678
-0.75,1,467.931708
22.0,44,468.043831
1.75,6,468.375393
1.75,6,468.392225
-0.25,2,468.397764
1.75,6,468.412558
0.75,4,468.422936
13.0,26,468.512427
2.75,11,468.551525
13.0,26,468.647055
3.25,9,468.681335
4.25,11,468.722426
5.75,9,468.750813
0.75,4,468.763299
0.25,3,468.771836
1.75,3,468.779895
18.5,37,468.875441
0.25,3,468.88334
-1.25,3,468.891052
3.75,7,468.910173
1.25,5,468.92659
0.75,4,468.940283
1.75,6,468.959414
-0.25,2,468.967177
11.5,38,469.071019
7.25,17,469.125104
15.0,30,469.222258
-8.25,10,469.252604
-0.75,1,469.256665
20.5,41,469.360787
0.25,9,469.385312
15.0,30,469.465161
31.5,63,469.682731
1.75,6,469.698289
4.75,12,469.730709
2.75,8,469.751082
-5.25,10,469.776242
-5.25,7,469.793545
3.75,7,469.812148
18.0,36,470.23977
-4.25,6,470.256296
1.75,3,470.265063
30.0,60,470.415718
0.25,6,470.431863
-0.25,2,470.437071
6.75,16,470.478353
37.0,74,470.665743
1.75,6,470.679747
1.25,5,470.691849
-0.25,2,470.696468
30.0,60,470.845033
-0.25,2,470.850745
-0.25,2,470.856225
3.25,6,470.871999
1.75,3,470.879543
3.25,9,470.901864
-0.25,2,470.906977
4.25,8,470.926992
3.75,16,470.972489
1.75,6,470.991079
0.75,1,470.994563
28.0,56,471.150256
-2.75,6,471.167078
2.25,7,471.188241
16.5,33,471.278299
0.25,6,471.296525
1.75,6,471.312668
-0.75,1,471.315713
-1.75,5,471.329751
0.25,3,471.338105
1.75,6,471.353204
3.75,10,471.37861
-0.25,2,471.384388
-0.25,2,471.38988
2.25,7,471.409121
6.25,9,471.431196
-4.25,6,471.4459
0.75,3,471.454421
1.25,5,471.466909
1.75,6,471.481581
-6.25,8,471.50228
-3.25,5,471.515035
18.0,36,471.924937
-0.75,1,471.928137
0.75,4,471.940666
0.25,9,471.968735
-0.25,11,472.005873
0.25,3,472.019079
11.5,26,472.118888
-0.25,2,472.125419
3.25,6,472.1485
-1.75,5,472.167187
6.0,39,472.267782
-4.25,18,472.313804
-2.25,4,472.323645
11.5,29,472.390857
25.5,51,472.517947
3.25,6,472.533808
5.0,10,472.559189
-2.25,10,472.583919
2.25,7,472.602817
-1.75,8,472.623171
27.5,55,472.767662
3.25,6,472.782837
1.25,5,472.795155
1.25,5,472.807726
19.0,38,472.902884
2.25,7,472.920436
2.75,8,472.940655
4.25,8,472.963753
14.75,32,473.043487
23.5,47,473.166725
2.25,7,473.185345
3.25,6,473.201416
3.25,6,473.21644
3.75,10,473.24175
-1.25,3,473.249433
2.75,8,473.642789
1.75,6,473.660233
3.25,6,473.675661
-0.25,2,473.68072
2.25,10,473.707878
2.75,8,473.731043
1.25,5,473.748118
0.75,10,473.778222
10.5,27,473.852879
15.0,30,473.930797
1.75,6,473.946812
-4.25,6,473.966058
1.75,6,473.981993
3.5,34,474.072032
0.75,7,474.090062
4.0,56,474.231436
-0.25,14,474.265698
10.5,24,474.326781
1.75,9,474.348909
1.75,9,474.371181
3.25,6,474.386537
3.25,6,474.402358
13.5,27,474.471156
3.75,7,474.488384
-0.25,2,474.493576
3.25,6,474.508931
-8.25,10,474.533843
1.25,5,474.549858
-1.25,9,474.571875
-1.75,5,474.583906
1.75,9,474.606178
15.0,30,474.681452
1.25,5,474.693856
0.75,4,474.703681
12.0,24,474.766864
20.0,40,474.887339
30.0,60,475.352173
-8.25,10,475.377044
1.75,6,475.391747
-4.75,11,475.417376
0.25,3,475.425154
-7.25,9,475.449747
1.75,6,475.465947
1.75,6,475.481076
-0.25,5,475.493992
10.0,23,475.556307
-0.75,1,475.559517
-2.75,3,475.568285
-0.25,2,475.574421
-4.25,6,475.591599
19.5,39,475.695054
-2.25,4,475.70552
3.25,9,475.729555
-0.25,2,475.73479
27.5,55,475.883671
3.25,6,475.899904
-11.75,12,475.929906
4.25,11,475.959297
-7.25,9,475.981312
0.25,3,475.989076
-0.25,2,475.994361
-0.25,2,476.000207
18.5,37,476.094036
4.25,11,476.121877
14.5,29,476.191476
1.75,6,476.206291
1.75,6,476.220882
8.5,17,476.261469
4.25,8,476.280885
-0.75,1,476.283612
27.5,55,476.42159
1.75,6,476.438204
-1.25,6,476.453308
-0.25,2,476.459031
0.75,1,476.461787
-1.75,5,476.473975
-0.25,2,476.479046
4.75,9,476.502776
0.75,3,476.510566
12.0,27,476.580381
14.5,29,476.970723
3.75,10,477.003524
-2.75,3,477.013416
16.0,32,477.121749
10.5,30,477.232697
-0.25,8,477.26934
0.75,4,477.283447
-0.75,1,477.286966
1.75,6,477.306357
9.5,30,477.391417
1.25,14,477.429066
-8.75,9,477.455717
0.75,4,477.466457
-10.25,12,477.502331
5.75,7,477.535002
2.25,7,477.562481
0.25,12,477.609215
31.0,62,477.843665
4.25,8,477.871355
1.75,6,477.891505
0.75,1,477.895149
16.5,33,477.98976
26.0,61,478.16678
3.25,6,478.183936
1.75,6,478.203892
0.25,6,478.222676
-0.75,7,478.245836
2.75,8,478.27314
-0.25,11,478.307062
13.0,26,478.388221
7.75,18,478.439174
21.5,43,478.564519
1.75,6,478.581405
-7.25,9,478.919042
16.0,32,479.010675
0.25,3,479.019224
3.25,9,479.04279
15.5,31,479.129428
4.75,12,479.166828
-0.25,14,479.210993
0.75,1,479.21418
12.0,24,479.289681
24.0,57,479.447338
30.5,61,479.642428
3.25,12,479.702592
-5.25,7,479.7237
15.0,36,479.821387
3.25,6,479.835141
4.25,11,479.863173
1.75,9,479.885747
1.75,9,479.907403
-0.75,1,479.910341
36.0,72,480.086641
0.75,1,480.089248
2.75,14,480.122553
-0.25,5,480.135884
27.0,54,480.267214
3.25,9,480.29158
3.25,9,480.315577
-3.25,5,480.332425
1.75,6,480.735577
-0.25,2,480.741792
0.75,1,480.744843
-0.25,11,480.774616
0.25,9,480.805166
34.0,68,480.984679
-4.25,6,481.000395
3.75,7,481.018237
0.25,9,481.040992
4.75,12,481.073404
2.75,8,481.095321
32.0,61,481.268793
-0.75,1,481.27174
2.5,26,481.338741
-3.25,5,481.351713
-2.75,12,481.384221
-0.25,2,481.390352
10.5,21,481.44806
-8.75,12,481.480636
-0.75,1,481.483477
25.0,50,481.605776
0.75,4,481.615917
2.25,7,481.634238
-6.75,13,481.6667
-3.25,5,481.680062
-2.75,12,481.711338
1.75,6,481.728148
12.0,24,481.789474
-0.25,14,481.823702
-0.75,1,481.826395
0.75,1,481.829038
0.25,9,481.850536
-9.25,14,481.884028
15.5,31,481.958904
24.0,51,482.393475
0.75,4,482.403337
-8.25,10,482.428261
21.5,55,482.561415
1.75,6,482.576747
3.25,6,482.591813
2.25,7,482.613747
29.5,62,482.774068
2.75,8,482.794523
-4.25,6,482.809894
3.75,10,482.837733
23.0,46,482.959361
2.25,7,482.978089
19.0,38,483.074067
12.0,24,483.134181
17.5,35,483.226009
3.25,6,483.242902
1.25,5,483.256933
2.25,4,483.268859
3.25,6,483.285042
1.75,6,483.302937
3.25,9,483.330077
30.0,60,483.517255
-7.25,9,483.541529
3.25,9,483.566131
-5.25,7,483.583648
0.75,1,483.586457
3.75,7,483.60518
16.5,33,483.698671
-0.25,5,483.716664
13.5,27,484.12212
0.75,1,484.125232
-2.25,4,484.136142
3.25,9,484.160239
-0.25,2,484.165415
21.0,42,484.26607
0.75,1,484.2691
3.25,9,484.291747
-5.25,10,484.315078
-0.25,11,484.34373
0.75,4,484.353977
-0.75,1,484.356951
0.75,1,484.359987
0.75,1,484.362811
23.75,50,484.494278
23.0,42,484.595505
22.0,44,484.71572
0.25,3,484.725172
4.25,11,484.757079
-0.25,2,484.762724
7.25,17,484.809786
1.75,9,484.835476
-0.25,2,484.840886
-0.25,2,484.846766
-6.75,13,484.879278
13.0,26,484.941664
-0.25,2,484.9469
4.75,9,484.971088
-2.25,4,484.982347
0.25,3,484.989787
-1.75,11,485.016583
0.75,1,485.019329
0.75,1,485.02193
23.0,46,485.132797
-0.75,1,485.135638
-0.75,1,485.138308
2.25,7,485.155998
1.75,3,485.163378
-0.75,1,485.166016
1.25,4,485.176679
-0.75,1,485.179509
15.0,30,485.252238
15.0,30,485.329326
-0.25,2,485.335121
-5.25,7,485.353786
-8.25,10,485.380403
-0.25,2,485.38587
0.75,4,485.397321
-0.75,1,485.711765
0.25,3,485.719632
-0.25,2,485.72494
3.25,9,485.748595
-2.25,4,485.758865
-0.25,2,485.764239
0.75,1,485.767089
-0.25,2,485.772085
-0.25,2,485.777039
0.75,1,485.779734
3.75,7,485.797725
0.75,1,485.800443
3.25,6,485.815222
0.75,1,485.817952
-0.25,2,485.823068
-0.75,1,485.825796
-0.75,1,485.82857
-1.75,2,485.833787
2.75,8,485.853537
-0.25,2,485.858856
2.75,8,485.878533
-2.25,4,485.888354
-0.75,1,485.891189
0.75,1,485.893783
1.75,9,485.91573
19.0,38,486.008787
-0.25,2,486.013836
0.25,6,486.028191
17.0,34,486.107514
-0.75,1,486.110367
13.5,27,486.174688
3.25,6,486.190003
0.25,6,486.205433
3.25,6,486.221767
21.75,46,486.341672
1.25,8,486.364669
14.5,29,486.441249
-0.25,2,486.446541
1.75,6,486.461485
-0.75,1,486.464328
13.0,26,486.530457
-0.75,1,486.535002
-0.75,1,486.538303
6.25,15,486.576711
2.25,7,486.594031
0.75,1,486.596762
-0.75,1,486.599508
-2.75,3,486.607222
3.25,6,486.622099
-0.25,2,486.627224
-4.25,6,486.642514
0.75,1,486.645206
0.75,4,486.655379
-0.75,1,486.658491
20.0,40,486.764819
0.25,3,486.77258
7.25,17,486.813957
-0.75,1,486.816554
1.75,6,486.832717
-1.25,3,486.840404
1.75,3,486.848443
8.75,20,486.896105
1.25,5,486.909226
-0.75,1,486.911868
-0.75,1,486.914686
15.0,30,486.991243
1.75,6,487.007086
1.75,6,487.321095
3.25,6,487.336507
-0.75,1,487.339791
3.75,7,487.358095
-0.75,1,487.361047
0.75,1,487.363963
2.25,13,487.39792
0.75,1,487.4008
0.75,4,487.412206
0.75,4,487.422979
0.75,1,487.425816
-0.75,1,487.428653
0.75,1,487.431678
0.75,4,487.442636
-2.75,3,487.452026
14.5,29,487.532695
5.25,10,487.561725
-0.75,1,487.564738
0.75,1,487.567569
0.25,3,487.576553
11.5,26,487.650435
-2.25,4,487.661808
0.75,4,487.673214
2.75,8,487.695758
1.75,6,487.710747
21.5,43,487.817827
-4.25,6,487.832633
-0.25,2,487.838022
-3.25,8,487.857121
1.75,6,487.871922
0.75,4,487.882087
12.0,24,487.942874
1.25,5,487.960339
0.75,1,487.965051
1.25,5,487.981877
8.75,20,488.031701
-0.75,1,488.034803
0.75,1,488.037611
3.25,6,488.052809
3.25,6,488.069379
-0.75,1,488.072229
1.25,5,488.085314
1.25,5,488.098193
17.5,38,488.200856
0.75,4,488.212111
0.75,1,488.215196
0.75,1,488.218066
2.75,8,488.239832
2.25,7,488.258977
-0.25,2,488.264515
-0.75,1,488.267262
12.0,24,488.332107
-0.25,3,488.341526
0.75,1,488.344614
-4.25,6,488.36075
-0.25,2,488.366201
0.75,1,488.369357
1.75,6,488.384521
-4.25,6,488.400592
3.25,6,488.417813
3.25,9,488.442605
0.75,1,488.445678
0.75,1,488.448476
2.25,7,488.468879
1.25,5,488.481856
1.75,5,488.495228
0.75,1,488.498291
2.75,8,488.520616
0.75,1,488.524008
2.75,8,488.546559
0.75,4,488.563093
-0.75,1,488.567675
-0.75,1,488.572298
2.75,8,488.601154
-1.25,3,488.608794
1.25,5,488.62254
1.25,5,488.636089
-1.25,3,488.644205
2.25,7,488.663271
0.25,3,488.670943
20.0,40,489.094
7.75,18,489.141807
18.5,46,489.249926
0.75,4,489.259487
0.75,1,489.262104
1.75,6,489.276589
-0.75,7,489.293596
5.25,10,489.31855
0.25,3,489.325509
3.25,6,489.339749
-0.25,2,489.34442
4.25,8,489.362708
-2.25,4,489.372214
-0.25,2,489.377009
-0.75,1,489.379427
-0.75,1,489.38199
0.75,1,489.384499
-0.75,1,489.387005
1.75,9,489.407161
-0.25,2,489.411964
12.0,24,489.468289
2.75,8,489.486513
-0.25,2,489.49132
1.75,3,489.49831
1.75,6,489.512329
0.75,4,489.521692
3.25,9,489.543
-0.25,2,489.547415
26.5,56,489.684822
5.75,9,489.70697
-0.75,1,489.709769
0.25,3,489.717424
1.25,5,489.730327
5.25,10,489.753461
1.75,6,489.769058
0.75,4,489.779411
-0.75,1,489.782168
-1.75,11,489.809304
2.25,7,489.826796
12.0,24,489.884643
0.75,1,489.887516
-0.25,2,489.892804
3.25,9,489.914356
4.25,8,489.93316
-0.75,1,489.935642
4.75,9,489.96052
-0.25,2,489.966063
4.75,12,489.996359
0.75,1,489.999033
3.25,6,490.013334
0.25,3,490.020326
-1.25,3,490.027422
2.25,4,490.036523
-0.75,1,490.03903
4.25,11,490.06447
-0.25,11,490.090082
8.25,22,490.140223
0.75,1,490.143064
21.5,43,490.265062
0.25,3,490.273611
3.75,10,490.684846
-0.25,2,490.690215
20.0,40,490.791116
6.25,15,490.836934
-0.75,1,490.840116
-0.75,1,490.843794
15.5,31,490.941135
2.75,8,490.968044
0.75,1,490.971652
0.75,1,490.975367
18.0,36,491.087607
21.5,43,491.203103
1.25,8,491.225086
-2.25,4,491.235382
3.25,6,491.250923
14.0,28,491.325097
-0.75,1,491.32777
-0.75,1,491.330384
-0.25,2,491.33582
-0.75,1,491.338638
-0.25,2,491.344011
-0.75,1,491.346814
20.5,41,491.455512
2.75,8,491.477728
0.75,4,491.488347
0.25,3,491.496366
12.0,24,491.560011
-0.25,2,491.566055
-0.25,2,491.572062
0.75,1,491.574954
19.5,39,491.708605
-0.75,1,491.713153
0.75,1,491.717698
-0.75,1,491.722076
0.75,10,491.762106
1.75,6,491.786021
10.5,30,491.893013
0.25,9,491.924297
13.5,27,492.003267
-0.75,1,492.006283
0.75,1,492.009444
26.5,53,492.176327
28.0,56,492.629938
0.25,3,492.637864
0.25,3,492.645457
2.75,8,492.666081
-0.25,2,492.671812
21.25,45,492.778949
2.25,4,492.788906
-8.25,10,492.812742
0.75,4,492.822903
14.0,28,492.889174
4.25,11,492.916884
18.0,36,493.005527
19.5,39,493.09299
3.75,10,493.117232
2.75,8,493.138034
5.75,14,493.173556
-0.25,2,493.178877
0.75,1,493.181815
0.75,1,493.184645
13.0,26,493.249691
-0.25,2,493.254766
0.75,1,493.257693
2.25,7,493.275594
2.25,7,493.292175
3.75,7,493.309639
-0.75,1,493.312708
2.25,7,493.331122
26.5,53,493.464372
21.0,42,493.564863
18.5,37,493.652568
0.25,3,493.659976
1.25,5,493.672038
16.0,32,493.755519
2.25,7,493.773285
1.25,5,494.096898
18.0,36,494.184801
-7.75,8,494.20415
-0.25,2,494.209613
19.5,39,494.304052
1.25,5,494.316031
-0.75,1,494.31868
-0.25,2,494.323821
-0.75,1,494.326612
16.5,33,494.405638
16.5,33,494.487763
-0.75,1,494.490425
25.0,45,494.600912
3.25,6,494.616174
0.25,3,494.623743
21.5,43,494.725258
19.5,42,494.827446
-0.25,2,494.832714
-0.25,2,494.838083
0.25,4,494.848067
0.75,1,494.850955
22.25,47,494.968971
-1.25,3,494.977034
12.0,24,495.037198
1.75,3,495.044608
14.0,28,495.113378
-0.75,1,495.116244
0.25,3,495.123919
3.25,6,495.138947
1.25,5,495.151675
0.75,4,495.161904
2.75,5,495.174616
0.25,3,495.18214
3.25,6,495.197068
-0.25,2,495.202348
2.75,8,495.222186
-1.25,3,495.229642
3.25,6,495.244614
0.75,1,495.247446
0.75,4,495.257847
-0.25,2,495.262769
3.25,6,495.277134
-0.75,1,495.279944
16.5,33,495.67235
0.75,10,495.696966
0.25,9,495.71982
0.75,1,495.722703
1.75,6,495.73903
0.75,4,495.748616
1.75,3,495.755966
0.25,3,495.763495
-0.25,2,495.76851
19.5,39,495.866689
15.0,30,495.943057
4.75,9,495.966203
0.75,7,495.983962
1.75,6,495.999067
1.25,5,496.011874
-0.25,5,496.024866
-6.25,8,496.045227
26.5,53,496.170463
16.5,36,496.260414
-0.25,2,496.265535
0.25,3,496.273346
0.75,1,496.276121
-0.25,2,496.281197
0.75,1,496.284061
1.75,6,496.300144
1.75,6,496.315427
0.75,4,496.325534
1.25,5,496.338269
17.5,35,496.427448
-3.25,5,496.440799
0.25,3,496.44904
21.0,42,496.558807
12.0,24,496.620203
-0.25,11,496.647605
0.75,1,496.650334
-1.25,3,496.657806
3.25,9,496.680074
0.25,9,496.703149
-0.25,2,496.708052
3.25,9,496.730306
-0.25,8,496.750259
3.25,6,496.764817
-3.25,5,496.77737
-0.25,8,496.798352
1.75,6,496.813068
33.0,66,497.293521
0.75,1,497.296095
3.75,7,497.312719
-0.75,1,497.315322
1.25,5,497.327672
-0.25,2,497.333044
-0.25,2,497.338037
-1.25,3,497.344983
0.75,1,497.347646
0.75,1,497.350614
-5.25,7,497.369025
2.25,7,497.386546
-3.25,8,497.405976
16.5,33,497.487564
-0.75,1,497.490379
3.25,9,497.513118
20.5,41,497.614444
-0.25,5,497.626865
-2.25,4,497.637356
2.25,7,497.655584
-1.75,2,497.660614
-1.25,3,497.668726
-0.25,2,497.674022
0.75,4,497.684042
-0.75,1,497.686929
-5.25,7,497.704766
-0.25,2,497.709934
-0.25,2,497.715205
-0.75,1,497.717802
0.75,1,497.720416
4.25,11,497.747871
2.75,8,497.767304
19.0,38,497.859355
-0.75,1,497.862205
0.75,1,497.864767
0.25,3,497.872116
-0.75,1,497.874713
1.75,6,497.889388
0.25,3,497.896522
10.5,27,497.962636
-0.25,2,497.967569
-1.75,2,497.972666
-0.75,1,497.975592
1.75,3,497.983581
30.0,60,498.133072
-0.25,2,498.138506
12.0,24,498.198172
-1.25,3,498.205809
-0.25,2,498.211068
0.25,3,498.218864
-3.25,14,498.253605
1.25,11,498.281248
-0.25,2,498.286742
-0.75,1,498.289643
3.25,6,498.304771
-0.25,2,498.310077
0.25,3,498.317461
0.75,1,498.320065
1.75,6,498.334471
-0.25,2,498.33953
0.75,1,498.342069
3.25,9,498.363405
22.0,44,498.472366
-0.25,2,498.477326
-0.25,2,498.482237
-0.25,2,498.487566
19.5,39,498.906639
1.25,5,498.918859
0.75,1,498.921631
3.25,6,498.936601
22.0,44,499.044148
13.5,27,499.13061
3.75,10,499.161578
0.75,10,499.19124
-0.25,2,499.196616
0.25,3,499.204677
3.25,6,499.221915
19.0,41,499.329101
-0.75,1,499.331882
-1.25,3,499.339553
0.25,3,499.347511
2.25,7,499.365491
-0.25,5,499.379892
0.75,1,499.38297
0.75,1,499.385681
-0.25,2,499.391401
0.25,6,499.406915
-0.25,2,499.412286
2.75,8,499.432673
0.75,1,499.435735
-0.25,2,499.440855
5.25,9,499.463451
0.75,1,499.466672
1.75,6,499.481997
-0.25,2,499.487524
12.0,24,499.545693
-0.75,1,499.548712
-0.25,2,499.555153
0.25,6,499.577718
-7.25,9,499.604335
0.25,3,499.612917
-0.75,1,499.616241
-2.25,4,499.628076
1.25,5,499.643297
-0.25,2,499.650678
4.25,11,499.694922
0.75,4,499.718899
3.25,6,499.74253
8.25,16,499.791059
3.25,6,499.808661
0.75,4,499.821145
20.5,41,499.965569
1.75,6,499.989472
2.25,13,500.032225
-0.75,1,500.036054
0.75,1,500.039425
12.5,25,500.116143
10.5,24,500.17908
-0.75,1,500.181998
20.0,40,500.28773
13.0,26,500.358803
0.75,13,500.761562
-0.25,11,500.797573
2.25,7,500.815893
0.25,3,500.823797
0.75,1,500.826702
14.0,28,500.900744
5.25,10,500.927467
1.75,9,500.954047
3.75,7,500.974664
3.25,6,500.990533
-0.25,5,501.004289
2.25,10,501.03074
2.25,7,501.049662
22.0,44,501.171877
2.75,8,501.192917
-0.75,4,501.204113
-0.25,2,501.210298
-0.25,2,501.216866
2.75,8,501.241116
0.25,9,501.266664
1.75,6,501.284191
11.0,22,501.344761
-3.75,10,501.370092
1.25,5,501.382846
-0.75,1,501.385716
2.25,4,501.396438
-0.75,1,501.399272
27.5,55,501.549238
0.75,1,501.553787
2.75,8,501.581606
12.0,24,501.657851
3.25,6,501.673252
27.25,57,501.819337
-0.75,1,501.823431
-1.25,3,501.833305
5.75,14,501.868984
12.5,25,501.930454
2.75,8,501.951001
-4.75,11,501.981374
-1.25,3,501.989047
-0.25,2,501.995216
-0.75,1,501.998399
-0.25,2,502.0037
0.75,4,502.01383
0.75,1,502.016611
1.75,6,502.03159
0.75,4,502.041593
27.0,57,502.515611
-1.25,3,502.523304
2.75,8,502.544589
0.25,3,502.555054
1.75,3,502.56526
1.75,6,502.583543
3.25,9,502.606932
-1.25,3,502.614973
0.25,3,502.622601
-0.25,2,502.628069
-0.75,1,502.631164
-0.75,10,502.659028
0.25,3,502.667732
0.25,3,502.677131
1.25,5,502.692873
3.25,6,502.708526
-0.25,2,502.713996
-0.75,1,502.717139
-0.25,2,502.723278
-0.75,1,502.72735
0.75,1,502.731832
-3.75,13,502.776254
13.0,26,502.863307
-2.25,7,502.88469
0.75,1,502.887249
-0.25,2,502.893401
2.25,7,502.912201
3.25,6,502.927747
0.75,1,502.930829
3.25,6,502.95009
-2.75,3,502.958457
15.5,31,503.04301
12.0,24,503.11822
2.75,8,503.140555
0.75,1,503.143587
1.25,5,503.15739
3.25,6,503.173677
1.75,9,503.198613
0.75,1,503.20207
-0.25,2,503.208941
1.75,3,503.217755
-0.25,2,503.223519
-0.25,2,503.229006
0.75,4,503.239479
-0.25,2,503.244777
2.75,8,503.264769
-0.75,1,503.26738
-0.75,1,503.270191
1.25,5,503.284334
0.75,10,503.310805
-0.75,1,503.314165
26.0,52,503.4421
-1.25,3,503.451747
-0.75,1,503.454722
-0.75,1,503.457679
-0.75,1,503.460497
2.75,8,503.480998
-0.75,1,503.483835
-0.75,1,503.4868
-0.25,2,503.492018
-0.75,1,503.494902
0.75,1,503.497811
-0.75,1,503.500646
-0.75,1,503.503339
-0.75,1,503.506141
3.25,6,503.521491
-0.75,1,503.524485
0.25,3,503.532519
1.25,5,503.546479
1.75,6,503.56298
3.25,6,503.579396
0.75,4,503.589688
0.75,10,503.616222
1.25,5,503.630316
-0.25,5,503.645039
1.75,6,503.664246
-1.25,3,503.673605
0.75,1,503.677177
-1.25,3,503.6875
-0.25,2,503.694812
0.25,3,503.705798
-0.25,2,503.713042
0.75,1,503.716934
2.25,7,503.739267
1.75,6,503.757574
0.75,1,503.760844
0.25,3,503.769745
3.75,7,503.788956
3.25,6,503.804364
2.25,4,503.814605
30.5,61,504.311161
0.75,1,504.314184
0.75,1,504.316964
-0.25,2,504.322399
0.75,1,504.325362
3.25,9,504.348601
-0.75,1,504.351481
-0.75,1,504.354396
-0.25,2,504.359374
-0.75,1,504.36207
0.75,1,504.36494
4.75,12,504.393556
-0.25,2,504.398714
-0.25,2,504.403762
0.25,3,504.410694
0.25,4,504.420052
1.25,5,504.432404
0.25,3,504.441058
-0.25,2,504.446861
-0.75,1,504.452185
0.75,1,504.457398
0.75,1,504.461731
0.75,1,504.464767
-0.25,2,504.470342
17.5,35,504.565439
-0.75,1,504.568232
0.75,1,504.571006
-0.75,1,504.573759
1.75,3,504.5814
-0.75,1,504.584022
1.75,6,504.598802
-0.25,2,504.604019
24.5,49,504.726287
-0.75,1,504.729049
1.75,6,504.743716
14.0,28,504.822709
1.75,6,504.839024
0.75,4,504.850656
7.25,17,504.899374
3.25,6,504.917088
0.75,1,504.920421
1.75,6,504.940652
3.25,6,504.96575
13.5,27,505.043644
-0.25,2,505.049154
-0.75,1,505.05208
-1.25,3,505.060321
13.0,26,505.128125
-0.75,1,505.130829
-0.75,1,505.133837
-2.75,3,505.141814
0.25,3,505.149725
-0.25,2,505.155169
0.25,3,505.162898
0.25,3,505.170648
-1.25,3,505.178056
3.25,6,505.194083
21.0,42,505.304232
0.25,3,505.31295
21.5,43,505.427788
-0.25,5,505.442303
-0.25,2,505.44818
21.5,43,505.555903
-0.25,5,505.569024
3.25,6,505.584193
1.75,6,505.600401
-0.75,1,505.603672
15.75,34,506.054053
-0.25,2,506.060092
0.75,1,506.062966
2.25,7,506.081853
3.75,10,506.107865
0.75,1,506.110768
-0.25,2,506.116239
0.25,3,506.125917
0.75,1,506.129534
0.75,4,506.140234
2.25,7,506.158364
0.75,1,506.161085
1.25,5,506.173233
3.25,6,506.188857
7.25,17,506.23623
2.25,7,506.254558
0.75,1,506.257504
-2.25,4,506.2677
-3.25,5,506.280809
1.75,6,506.296406
1.75,6,506.312081
-0.25,2,506.317649
-0.75,1,506.320512
13.0,26,506.38174
-2.25,4,506.391331
0.75,4,506.400823
24.5,55,506.529397
-0.25,2,506.535307
-0.25,2,506.54117
-2.25,4,506.553075
-0.25,2,506.560221
12.0,24,506.638664
0.75,1,506.641784
-0.75,1,506.645145
0.75,1,506.648246
-0.25,2,506.654119
-0.75,1,506.657595
-3.25,5,506.671884
-0.75,1,506.674605
-2.75,3,506.682317
0.75,4,506.693541
0.75,1,506.696352
2.75,8,506.716469
-0.75,1,506.719081
1.25,5,506.731206
-0.25,2,506.735887
-2.25,4,506.746884
0.75,1,506.749867
19.0,38,506.85341
2.75,11,506.882082
-0.75,4,506.892547
0.75,4,506.902894
-0.25,2,506.908507
-0.25,5,506.921689
-0.25,2,506.92683
30.0,60,507.133043
-1.25,6,507.158111
11.0,22,507.23695
13.5,27,507.318981
0.25,3,507.328872
0.75,1,507.332568
1.25,5,507.348058
2.25,7,507.369755
-0.25,2,507.376709
5.25,10,507.40324
-0.25,2,507.40886
2.25,9,507.431848
4.75,8,507.827833
0.75,1,507.831601
10.25,23,507.899646
-0.25,2,507.905132
-0.75,4,507.916206
1.75,6,507.932341
-0.25,2,507.937399
0.75,1,507.940586
-0.25,2,507.947043
0.75,1,507.949809
-0.25,2,507.955264
0.75,4,507.965723
-0.25,2,507.970944
0.75,1,507.973685
-0.25,2,507.978756
15.5,31,508.065191
1.75,6,508.082731
15.5,31,508.175143
-0.75,1,508.178297
-0.75,1,508.181553
8.25,19,508.230811
1.75,6,508.249638
1.25,5,508.262525
3.25,6,508.277465
-0.25,2,508.282675
-0.25,3,508.290115
-0.75,4,508.300101
0.25,3,508.307658
3.25,9,508.329901
24.5,49,508.465777
-0.25,2,508.472063
23.5,47,508.592355
0.25,3,508.600945
0.25,3,508.609555
-0.25,2,508.615492
7.25,17,508.659706
4.75,9,508.690962
-0.75,1,508.694258
0.75,1,508.697855
1.25,5,508.714236
-0.75,1,508.718132
5.25,10,508.750111
0.25,3,508.760106
-1.25,3,508.769304
-0.75,1,508.772792
0.75,1,508.775896
-0.75,1,508.779083
-0.25,2,508.784754
21.75,46,508.916337
0.75,1,508.920041
-0.75,4,508.932363
13.5,27,509.009494
-0.75,1,509.012561
-1.25,3,509.021042
0.25,6,509.038059
-1.25,3,509.04649
-0.75,1,509.049467
1.25,5,509.063954
12.0,24,509.130257
1.75,6,509.145838
0.25,3,509.153841
0.25,3,509.161862
-0.75,1,509.164387
-0.25,2,509.16975
3.25,6,509.185843
1.25,4,509.196837
6.75,16,509.2415
0.25,3,509.58146
12.0,24,509.640994
13.0,26,509.704581
1.75,6,509.720016
-0.75,1,509.722901
11.0,22,509.786429
-0.25,5,509.800451
0.75,4,509.812063
3.25,6,509.827544
0.75,4,509.838412
16.5,33,509.92466
13.0,26,509.996031
0.25,3,510.004375
24.5,49,510.132799
3.25,6,510.147376
-3.25,11,510.174411
-0.25,2,510.180065
-0.25,11,510.208659
0.25,6,510.224362
-0.25,2,510.229574
1.75,6,510.243616
-2.25,13,510.27417
-0.25,2,510.279034
-2.75,3,510.286636
0.75,1,510.289635
-0.75,1,510.292474
-0.25,2,510.297548
1.25,5,510.309733
5.75,14,510.374303
-0.75,1,510.378527
-0.25,2,510.385964
23.0,46,510.562258
-2.75,3,510.576161
0.75,4,510.592785
-0.25,2,510.602058
-0.25,2,510.61152
-0.75,1,510.616699
-3.25,5,510.640182
1.25,5,510.660364
17.0,34,510.781679
14.5,29,510.876107
0.75,1,510.879572
0.75,1,510.883216
3.75,7,510.905232
-0.25,2,510.911986
0.75,1,510.915298
4.75,9,510.945044
1.75,6,510.971934
11.5,26,511.05979
-0.75,1,511.063042
-0.25,2,511.069754
3.25,6,511.087855
0.75,1,511.09123
3.25,6,511.110932
-0.25,2,511.11789
0.25,3,511.127969
12.0,24,511.623881
-0.25,2,511.629968
0.75,1,511.632979
-0.75,1,511.635872
1.25,5,511.649602
0.75,1,511.652464
0.25,6,511.668019
6.75,16,511.711075
-0.75,1,511.714149
-0.25,2,511.71977
15.5,31,511.802392
1.75,6,511.818428
3.25,9,511.841692
-0.75,1,511.844415
24.5,49,511.977002
27.0,54,512.122812
-0.75,1,512.126789
2.75,8,512.151169
-0.25,2,512.157254
0.25,3,512.167834
2.75,8,512.192105
-0.25,2,512.198069
1.75,6,512.215349
3.25,9,512.240732
29.0,58,512.397023
-1.75,2,512.403308
3.25,6,512.42021
2.25,7,512.43915
6.75,16,512.483389
-0.75,1,512.486566
1.75,6,512.503509
13.0,26,512.587428
0.75,1,512.590824
-0.25,2,512.596854
7.75,18,512.648065
0.75,1,512.651057
-1.25,3,512.659174
3.25,6,512.675104
3.25,6,512.690996
-1.25,3,512.698579
2.75,8,512.718222
-0.25,2,512.723841
3.75,7,512.741715
-0.75,1,512.744644
-0.25,2,512.750136
-0.25,2,512.755426
4.25,6,512.772047
3.25,9,512.794248
-0.75,1,512.797519
-2.25,4,512.809181
3.25,6,512.825435
1.25,5,512.838413
4.25,11,512.865374
3.25,6,512.880168
5.25,10,512.905748
-5.25,7,512.924032
-0.25,2,512.929742
3.25,6,512.945852
-3.25,5,512.960971
-0.25,2,512.967045
-0.25,2,512.97306
-0.25,2,512.979127
3.25,6,513.298017
2.75,8,513.317978
19.0,38,513.410789
3.75,10,513.434819
-0.75,1,513.437424
-0.25,2,513.442762
-0.25,2,513.447772
-0.25,2,513.452673
3.25,9,513.474747
3.25,6,513.489489
-0.75,1,513.492285
0.75,1,513.495037
0.75,1,513.497756
0.25,3,513.504673
-0.25,2,513.509937
1.25,8,513.52972
2.25,7,513.547845
0.75,1,513.551804
0.75,1,513.557203
18.5,37,513.665909
2.25,7,513.685962
-0.25,2,513.692273
0.75,1,513.695385
23.0,46,513.816318
-0.25,2,513.821723
0.75,1,513.824471
-0.75,1,513.827208
0.75,1,513.830196
-0.25,2,513.835472
2.75,8,513.85692
0.75,1,513.859722
0.75,1,513.86248
1.75,6,513.878112
3.25,6,513.893926
14.0,28,513.965912
-0.25,2,513.971595
0.25,6,513.987255
0.75,1,513.990039
-0.25,2,513.99552
-1.25,3,514.003317
-0.75,1,514.006349
-0.75,1,514.009056
0.75,1,514.011949
0.75,1,514.014892
0.75,10,514.042087
3.25,6,514.05795
0.75,1,514.060977
13.0,26,514.127678
1.25,5,514.139566
-0.25,2,514.14501
-1.25,3,514.153152
20.5,41,514.263306
16.5,33,514.344355
-2.25,4,514.355236
1.75,3,514.362973
-1.25,3,514.370995
-0.25,2,514.376173
0.25,9,514.398357
14.5,29,514.471143
-0.75,1,514.474348
-0.25,2,514.480614
-0.75,1,514.483877
0.75,4,514.501572
-0.25,2,514.50707
1.25,5,514.519613
-3.25,5,514.533525
12.0,24,514.599018
1.25,4,514.609934
0.75,4,514.620982
0.75,1,514.623865
0.75,1,514.627009
1.25,5,514.642117
0.25,3,514.650402
1.75,9,514.987068
-0.25,2,514.991987
0.25,12,515.021294
1.75,6,515.036225
-1.25,3,515.043197
23.5,50,515.164985
30.0,60,515.310101
1.25,3,515.31777
-0.25,2,515.322926
-0.25,2,515.32765
1.25,5,515.340197
0.75,1,515.342715
19.5,39,515.442543
-0.25,2,515.448117
13.0,26,515.511713
0.75,1,515.51447
0.75,1,515.517384
15.5,31,515.597886
-2.25,4,515.607793
0.25,3,515.615116
-0.75,1,515.617687
11.25,26,515.682049
1.75,9,515.704376
-1.25,3,515.712064
3.25,9,515.735054
1.75,6,515.749961
5.25,10,515.775408
0.75,1,515.778382
0.75,4,515.788945
13.0,26,515.852797
-0.25,2,515.858103
-0.25,2,515.863363
0.25,3,515.871339
-0.25,2,515.876876
0.25,6,515.892312
4.25,7,515.910313
19.5,39,516.014788
-0.25,2,516.020039
0.25,3,516.028259
0.75,1,516.0311
15.5,31,516.115536
0.75,7,516.134136
2.75,8,516.153707
0.75,4,516.16345
-0.75,10,516.187183
1.75,3,516.194537
0.75,1,516.197227
-0.25,2,516.202449
-2.25,4,516.212267
1.75,6,516.226925
1.75,9,516.249087
2.25,7,516.578166
1.25,5,516.590265
1.75,3,516.597398
-0.25,2,516.602363
1.75,6,516.616733
6.75,16,516.657061
-0.25,2,516.66245
-0.75,1,516.665247
1.75,3,516.672995
14.0,28,516.740171
1.75,6,516.756084
2.75,8,516.777936
1.25,5,516.79294
3.25,6,516.810099
33.0,66,516.972796
-0.75,1,516.975636
-0.25,5,516.988788
-1.25,3,516.996278
31.0,58,517.13905
-4.25,6,517.153774
17.5,35,517.241441
0.25,3,517.249408
8.25,19,517.29648
-2.75,3,517.303908
0.25,3,517.311445
0.25,3,517.319224
0.75,1,517.322616
-2.75,12,517.352196
-0.75,1,517.354858
-0.25,2,517.36032
-0.25,2,517.365729
8.25,19,517.414684
2.75,8,517.434294
0.75,1,517.437741
0.75,1,517.440537
1.75,6,517.455825
-0.25,2,517.46102
0.75,4,517.471035
27.5,55,517.609093
-0.25,2,517.614463
0.75,1,517.617215
-0.25,2,517.622468
1.25,5,517.635119
0.25,3,517.642882
0.75,1,517.645655
-0.25,2,517.651058
0.75,1,517.653607
14.5,29,517.723726
-1.25,3,517.73095
-0.25,2,517.736139
2.25,7,517.754867
-0.25,2,517.760807
1.75,3,517.768755
21.5,43,518.187658
18.5,37,518.277885
18.0,36,518.366083
4.25,11,518.39361
0.75,4,518.404014
27.5,61,518.556998
19.0,38,518.652233
18.5,37,518.744273
3.75,7,518.76174
14.5,29,518.832387
0.75,1,518.835284
0.75,1,518.838142
-0.25,2,518.843443
0.25,9,518.867088
1.75,6,518.881856
0.75,1,518.885004
3.75,10,518.909874
-2.25,4,518.920074
-2.25,4,518.930578
4.75,9,518.954486
0.25,3,518.962493
-0.75,1,518.965456
6.75,11,518.992847
0.75,4,519.003597
-0.75,1,519.006994
4.25,11,519.036048
3.25,6,519.051642
-0.75,1,519.05456
-0.75,1,519.057409
3.25,6,519.07255
0.75,1,519.075423
8.75,20,519.1281
13.5,27,519.195556
27.0,57,519.336358
19.5,39,519.430666
4.25,8,519.449747
7.75,18,519.814811
14.0,28,519.884798
3.25,9,519.907331
2.75,8,519.925513
15.0,30,520.026868
1.75,9,520.061768
1.75,6,520.08325
3.25,9,520.113754
1.75,6,520.133482
0.25,3,520.141697
3.25,9,520.164145
-2.75,3,520.171879
15.0,30,520.245133
11.0,22,520.299032
-0.75,1,520.301881
2.25,7,520.319539
3.25,6,520.334006
1.75,6,520.349207
1.25,5,520.362489
0.75,1,520.365397
-0.75,1,520.368203
-0.75,7,520.385127
3.25,9,520.406092
-0.25,2,520.411274
-0.25,7,520.427752
32.5,77,520.613815
5.25,10,520.638516
-0.25,2,520.643845
-1.25,3,520.651842
-0.75,1,520.654554
-2.75,3,520.662459
19.5,39,520.761754
-0.25,2,520.767241
3.25,6,520.782505
1.25,5,520.796342
-3.75,10,520.821874
-2.25,10,520.847724
0.75,4,520.85772
12.0,24,520.917308
28.5,57,521.061544
26.0,52,521.493835
26.0,52,521.632982
-0.25,2,521.6384
3.75,7,521.655981
20.5,41,521.75492
30.0,60,521.908022
5.25,10,521.934721
-6.25,8,521.955508
2.75,8,521.976719
1.75,6,521.992969
1.75,6,522.008005
18.0,36,522.097327
0.75,1,522.100017
3.25,6,522.115076
0.75,1,522.117866
3.75,7,522.13649
2.75,8,522.15687
1.75,9,522.179178
-0.75,1,522.18224
31.5,75,522.370813
0.25,3,522.378792
-0.75,1,522.381836
0.25,3,522.390045
-0.25,2,522.3961
1.75,3,522.404043
3.75,7,522.421363
-0.75,1,522.424216
-0.25,2,522.429739
12.0,24,522.490709
0.75,1,522.493603
-4.25,6,522.508342
0.25,6,522.523487
2.75,8,522.54385
1.75,6,522.560283
-0.25,2,522.565721
0.75,1,522.568433
-2.25,4,522.57878
1.75,12,522.609959
-0.75,1,522.612808
16.5,33,522.695421
12.5,25,523.075083
-0.75,1,523.077904
24.5,49,523.19268
3.25,6,523.20657
-1.25,3,523.213597
-0.75,1,523.216214
0.75,4,523.226948
0.25,3,523.234708
1.25,8,523.254825
-0.25,2,523.259937
0.75,1,523.262691
5.25,10,523.287363
3.25,6,523.302224
-0.75,1,523.304864
-1.25,3,523.312432
-0.25,2,523.317699
-0.25,2,523.323005
26.5,56,523.457333
-0.75,1,523.460192
0.25,3,523.468053
-0.75,1,523.470689
3.75,7,523.487752
-1.25,3,523.495317
0.75,1,523.498105
-0.75,1,523.500745
0.75,1,523.503543
-2.75,3,523.511271
7.25,17,523.552317
0.25,3,523.560212
12.0,24,523.617825
0.75,1,523.620664
25.0,45,523.728953
-0.25,2,523.734086
0.75,1,523.736857
39.5,79,523.935964
-0.75,1,523.939357
-2.25,10,523.969548
0.75,1,523.973033
-0.25,2,523.97965
2.25,7,523.998969
-0.75,1,524.002025
-0.25,2,524.007706
-0.75,1,524.010872
0.75,1,524.014472
-1.25,3,524.024682
-4.25,6,524.042389
-0.25,2,524.048786
0.25,3,524.058183
-0.75,1,524.061434
-1.25,3,524.069516
0.75,4,524.080235
2.75,8,524.101983
0.75,4,524.112918
16.5,33,524.196898
0.75,1,524.199789
-0.75,1,524.202752
-1.25,1,524.205543
1.75,6,524.220768
-0.75,1,524.22345
1.75,6,524.237702
45.0,90,524.765518
2.75,8,524.784755
30.5,61,524.929665
0.75,4,524.939707
14.0,28,525.010161
1.75,3,525.017817
1.75,6,525.032912
21.5,46,525.145803
-0.25,2,525.150982
0.75,1,525.153523
16.5,36,525.237884
1.25,5,525.249655
-0.75,1,525.252072
-0.25,2,525.256639
0.75,1,525.259139
0.25,3,525.266115
-0.25,2,525.271142
-0.75,1,525.273906
-0.25,2,525.279166
-0.75,4,525.28944
33.5,67,525.451441
-0.75,1,525.454576
10.5,21,525.509043
4.25,11,525.538141
-0.75,1,525.54101
-0.25,2,525.546651
3.25,6,525.562568
-0.75,1,525.565636
3.25,9,525.589396
0.75,4,525.599895
3.75,10,525.624177
0.25,3,525.631724
16.5,33,525.716255
-0.25,2,525.721827
1.25,5,525.734962
1.75,6,525.750062
29.25,61,526.20128
-0.25,5,526.212856
-0.25,2,526.217614
0.25,9,526.238977
10.5,24,526.298458
-0.75,1,526.301259
0.75,1,526.304063
13.0,26,526.363221
6.75,16,526.399546
19.0,44,526.500163
1.25,5,526.511518
2.25,4,526.521024
0.75,4,526.530397
0.75,1,526.532969
16.5,33,526.609347
-0.75,1,526.612079
0.75,3,526.619012
-1.25,3,526.626059
4.75,8,526.644314
-0.75,1,526.646775
-1.25,3,526.653792
4.25,11,526.679097
0.75,1,526.681598
-0.25,2,526.686309
0.75,1,526.688922
5.75,11,526.713654
-0.25,2,526.718519
2.75,8,526.736387
1.75,6,526.753102
2.25,4,526.763499
0.25,3,526.771318
2.25,7,526.788591
0.75,1,526.791216
14.0,28,526.856828
-1.25,3,526.864082
0.75,4,526.873533
0.75,4,526.882904
-0.25,2,526.88755
-0.25,2,526.892214
2.75,8,526.91095
16.0,32,526.990462
4.75,9,527.011018
-0.25,2,527.016286
-0.75,4,527.025945
0.75,1,527.028634
-0.25,2,527.033445
1.25,5,527.045931
1.25,5,527.062953
-0.75,1,527.066771
0.75,1,527.070659
0.75,1,527.073983
0.75,1,527.077461
2.75,8,527.098658
0.75,4,527.109409
-8.25,10,527.135228
-7.25,9,527.157691
15.5,31,527.236072
1.25,5,527.248246
1.25,5,527.260454
0.75,1,527.263376
18.0,36,527.349385
-0.25,2,527.354551
-2.75,3,527.361988
1.75,6,527.375733
0.75,1,527.378281
-1.25,3,527.385502
0.75,1,527.387993
13.5,27,527.751645
33.5,67,527.910141
-0.25,11,527.936427
-0.25,2,527.941391
-1.75,5,527.953404
21.5,43,528.053752
0.75,4,528.063157
1.75,6,528.079099
3.25,6,528.09385
0.75,1,528.096402
5.75,14,528.130583
14.0,28,528.196901
-0.25,2,528.202183
14.0,31,528.275815
-0.25,2,528.281691
-1.25,3,528.289347
0.75,1,528.292165
13.0,26,528.353377
1.25,5,528.365759
3.25,6,528.379344
-4.25,6,528.393537
0.75,1,528.396545
-0.25,2,528.402202
0.75,1,528.405002
27.5,58,528.537673
4.75,9,528.560684
1.75,6,528.576072
3.25,6,528.590727
3.25,6,528.604186
-0.75,1,528.606896
-1.25,3,528.614084
-0.25,2,528.61894
1.75,6,528.634673
1.25,5,528.648496
1.25,5,528.661103
-0.25,2,528.666307
1.25,5,528.679137
0.75,1,528.681861
3.75,7,528.699661
-1.25,12,528.730243
3.25,6,528.745173
2.75,8,528.765079
-0.75,1,528.767974
15.0,30,528.840983
2.25,7,528.858589
0.75,1,528.861405
-0.25,2,528.866825
-0.25,2,528.872097
-3.25,5,528.885121
-0.25,2,528.890426
15.5,31,528.963959
14.5,29,529.326092
12.5,25,529.384366
4.25,8,529.403089
0.75,4,529.413197
16.5,33,529.491259
1.25,5,529.504062
1.75,3,529.511377
0.25,3,529.518726
-0.75,1,529.521228
26.0,52,529.644604
1.25,5,529.656257
0.75,1,529.658667
-0.25,2,529.663375
6.75,16,529.701203
-0.75,1,529.703975
-5.25,7,529.721364
-1.25,6,529.734966
2.25,7,529.750725
1.75,9,529.771476
-0.25,2,529.776675
-0.25,2,529.781683
18.0,36,529.864771
3.75,7,529.881582
12.0,24,529.937064
-0.25,2,529.942157
0.75,1,529.944976
19.5,39,530.043733
-0.75,1,530.046176
-0.75,1,530.048785
12.0,24,530.110856
-2.25,4,530.121418
-0.25,2,530.127188
0.25,3,530.134505
15.5,31,530.210778
0.75,1,530.213586
25.5,51,530.340046
21.5,43,530.448124
0.25,6,530.46336
-0.25,2,530.468999
2.25,7,530.487422
-3.25,8,530.507476
0.75,1,530.860455
3.25,6,530.878575
2.25,7,530.899847
-0.75,1,530.903489
0.75,4,530.914242
28.5,57,531.087161
0.75,1,531.091182
-1.75,5,531.10729
18.0,36,531.202527
-0.25,2,531.208215
0.75,1,531.21103
21.5,43,531.322802
0.75,1,531.325594
0.75,1,531.328396
7.25,17,531.37781
22.5,45,531.492648
3.25,9,531.517749
2.25,7,531.536655
0.75,1,531.539795
6.25,15,531.582039
0.75,1,531.585927
0.75,1,531.589815
-3.25,8,531.617314
-0.25,2,531.623714
0.75,1,531.627664
0.75,1,531.631132
-0.75,1,531.634275
-0.25,2,531.640363
-0.25,2,531.646597
16.0,35,531.762089
1.75,6,531.781095
3.25,6,531.800273
-0.75,1,531.804412
-2.25,4,531.817468
16.5,33,531.907823
0.75,1,531.910512
-0.25,5,531.923535
35.5,71,532.111714
1.25,5,532.126711
-0.75,1,532.129808
14.5,29,532.208819
-0.75,1,532.211616
2.75,8,532.232795
8.25,19,532.282648
-0.75,1,532.285335
-0.25,2,532.290985
4.75,12,532.634667
-3.25,5,532.649919
0.25,6,532.666574
0.75,1,532.669474
3.25,9,532.694784
2.75,8,532.717025
3.25,6,532.733268
1.75,6,532.749391
3.25,6,532.7659
-0.25,11,532.796054
3.25,6,532.813321
0.75,1,532.816179
18.0,36,532.914407
-0.25,2,532.920674
0.75,4,532.932503
0.75,1,532.935895
-0.75,1,532.938794
-0.25,2,532.94442
-0.75,1,532.947561
21.5,43,533.065423
-0.25,2,533.071162
11.0,22,533.126053
0.75,1,533.128636
3.25,6,533.143449
-0.75,1,533.146151
-0.75,1,533.148784
3.75,7,533.165196
-2.75,3,533.172098
-0.25,2,533.176769
-4.25,6,533.190615
0.75,1,533.193457
23.5,47,533.302844
13.5,27,533.366867
-0.25,2,533.371824
2.25,5,533.3838
2.25,7,533.399969
2.75,6,533.413557
2.75,8,533.431323
0.25,3,533.438746
1.25,5,533.451349
2.25,7,533.467762
1.75,3,533.474757
0.75,1,533.477453
-0.25,2,533.48335
-0.75,1,533.486086
-0.25,2,533.491261
2.75,8,533.510079
19.0,38,533.59871
-0.75,1,533.601497
11.5,23,533.657802
7.75,18,533.700327
1.75,6,533.715677
0.75,13,533.747255
1.75,6,533.762197
0.75,1,533.7649
13.0,26,533.829282
0.25,3,533.836919
-0.25,2,533.842259
-0.25,2,533.847456
0.25,3,533.855165
0.75,1,533.857988
-1.75,8,533.878055
-0.25,2,533.883752
-0.75,1,533.886896
1.75,6,533.902309
3.25,6,534.232283
5.25,10,534.257229
0.75,1,534.260061
25.0,53,534.383569
1.25,5,534.395668
-0.75,1,534.398452
3.25,6,534.41329
3.25,6,534.4278
0.25,3,534.435169
16.5,33,534.51116
0.75,1,534.513813
0.75,4,534.523614
1.25,5,534.535637
0.75,4,534.545866
1.75,6,534.561334
0.75,1,534.564541
0.75,1,534.567517
-0.75,1,534.570294
1.25,5,534.5825
0.75,1,534.585326
-1.25,3,534.592542
-0.25,2,534.597568
-2.75,3,534.604876
1.75,3,534.611846
-2.25,4,534.621549
15.0,26,534.686536
-0.75,1,534.689521
10.5,24,534.747676
0.25,9,534.769513
0.75,1,534.772401
19.5,39,534.868469
1.75,9,534.89123
0.75,1,534.893919
1.75,6,534.909228
0.75,1,534.912322
-1.25,1,534.914959
2.25,7,534.93276
-0.25,2,534.937956
17.0,34,535.024881
-0.75,1,535.027604
33.5,67,535.199797
0.75,1,535.202801
3.75,7,535.220209
-0.75,1,535.222884
18.0,36,535.306186
3.25,6,535.321291
3.25,6,535.336294
1.25,5,535.349177
-0.75,1,535.351869
3.75,10,535.376846
0.75,1,535.37959
3.25,6,535.394461
2.75,8,535.413931
1.75,6,535.427992
3.25,9,535.448932
3.25,6,535.46331
3.25,12,535.789392
1.25,5,535.800712
16.5,33,535.88045
8.75,20,535.925523
0.75,7,535.941455
0.75,1,535.943971
1.25,8,535.962748
15.0,26,536.025088
2.75,8,536.043104
18.0,36,536.122808
20.0,40,536.217887
3.25,6,536.232353
0.25,9,536.255371
12.0,24,536.311067
-0.75,1,536.314198
0.75,1,536.317234
3.25,6,536.332398
4.75,9,536.354464
0.25,3,536.361556
-0.25,2,536.366555
-5.75,6,536.38032
-0.75,1,536.382975
2.25,10,536.406383
0.75,1,536.409038
1.25,5,536.420837
21.0,42,536.51527
-0.75,1,536.517806
17.0,34,536.598232
-0.75,7,536.615646
16.5,33,536.692925
0.75,1,536.695392
0.75,1,536.697891
3.25,6,536.711737
1.75,6,536.726122
-0.25,2,536.731296
11.5,23,536.78637
3.25,6,536.801475
0.75,1,536.804095
19.0,38,536.895759
-0.25,2,536.901109
-0.25,2,536.906436
5.25,10,536.931651
0.75,3,536.939584
-1.25,3,536.947081
9.0,18,536.99115
2.75,8,537.329476
-0.75,1,537.3323
-0.75,1,537.334891
1.25,5,537.34693
0.25,3,537.35458
0.75,1,537.357369
-1.25,1,537.360117
1.25,5,537.372286
-0.75,1,537.374851
-0.75,1,537.377276
34.0,71,537.536896
0.75,4,537.546386
-0.25,2,537.551377
-0.25,2,537.556067
0.75,4,537.566224
0.75,4,537.576484
2.75,8,537.596053
1.75,6,537.611787
13.0,26,537.673202
-0.75,1,537.675691
-0.25,2,537.680204
-0.75,1,537.682673
1.25,5,537.694142
1.75,6,537.708064
2.25,7,537.724279
2.75,8,537.742333
-0.75,1,537.745268
-0.75,1,537.747983
1.75,6,537.762875
0.75,1,537.765395
0.25,6,537.779277
1.25,3,537.786265
-0.25,2,537.791043
0.25,3,537.79804
8.25,19,537.842459
-0.75,1,537.845001
-0.75,1,537.847526
-2.25,4,537.857161
0.25,3,537.864203
-1.25,3,537.871163
5.75,14,537.904656
1.75,6,537.918522
0.75,1,537.921174
2.75,8,537.940472
15.5,31,538.012495
2.25,7,538.028429
0.75,1,538.030983
-1.25,3,538.037889
3.25,6,538.051631
-0.25,2,538.056311
6.25,15,538.091402
-1.25,3,538.099286
0.75,1,538.101919
0.25,3,538.109244
0.25,3,538.116755
-1.25,6,538.132088
-1.75,2,538.137218
-0.25,2,538.142287
0.75,4,538.152317
-0.75,1,538.154967
-0.25,2,538.159907
-0.25,2,538.164649
3.25,6,538.178327
-0.75,1,538.181021
-0.75,1,538.183536
-0.25,2,538.18819
-0.25,2,538.192939
-0.75,1,538.195466
-0.75,1,538.197991
0.75,1,538.200546
-0.25,2,538.205643
-0.25,2,538.210609
0.75,1,538.213348
-0.75,1,538.215852
0.75,1,538.218476
16.5,33,538.295
1.75,12,538.323254
-0.75,1,538.326054
0.75,1,538.328784
0.75,4,538.338682
0.25,3,538.345556
17.5,35,538.425381
-1.25,3,538.432342
-0.75,1,538.43496
-0.25,2,538.440066
-0.25,2,538.444855
0.75,4,538.453088
-0.75,1,538.455819
-0.25,2,538.460802
0.75,4,538.470409
0.75,4,538.48006
-2.25,4,538.490037
20.0,40,538.887277
1.75,6,538.901372
0.75,1,538.904212
-0.25,2,538.909257
-5.25,7,538.925723
0.75,1,538.928259
-2.25,4,538.938029
2.75,8,538.957116
17.5,35,539.042614
0.75,4,539.052145
0.75,1,539.054665
2.75,8,539.073517
11.25,24,539.128724
-0.75,1,539.131265
0.75,4,539.141154
0.75,4,539.150657
25.5,54,539.280215
-0.25,2,539.286075
12.0,24,539.342821
-0.25,2,539.347897
-1.75,5,539.359681
0.75,1,539.362634
6.25,15,539.39963
-2.25,4,539.409554
18.0,36,539.493087
1.75,6,539.506702
0.75,4,539.515885
-0.25,2,539.520615
23.0,46,539.640261
-0.75,1,539.643064
1.75,6,539.657184
2.75,8,539.676414
-0.25,5,539.687816
0.75,4,539.69709
-0.75,1,539.699563
-0.75,1,539.702263
1.25,5,539.715279
-0.75,1,539.718187
25.0,50,539.834476
0.75,1,539.837099
0.75,1,539.839717
1.75,3,539.846793
-0.25,2,539.851415
19.0,38,539.944176
3.25,6,539.957694
-0.25,2,539.962438
50.5,59,540.480848
1.75,6,540.497284
-0.25,2,540.502602
-0.75,1,540.505311
-0.25,2,540.510792
-2.25,4,540.520485
-0.25,2,540.525251
0.25,3,540.532769
-1.25,3,540.540464
12.0,24,540.59982
1.75,9,540.620253
7.75,13,540.65145
-0.25,2,540.65661
0.75,4,540.66783
-0.25,2,540.674729
-0.25,5,540.68915
1.75,6,540.705739
3.25,6,540.722705
-0.75,1,540.72575
-3.25,8,540.74718
-0.25,2,540.752918
18.25,39,540.854583
3.25,9,540.877898
0.75,1,540.880666
-0.75,1,540.883656
0.75,1,540.886464
-0.25,2,540.891567
-0.25,2,540.897242
0.75,4,540.90751
1.25,5,540.920112
3.25,6,540.935344
0.25,3,540.943173
-1.25,3,540.951711
-0.25,2,540.957237
2.25,7,540.980111
4.25,8,541.000767
3.75,10,541.026515
1.75,6,541.041612
0.25,3,541.049267
0.25,3,541.05712
0.75,10,541.082056
-6.25,8,541.101565
1.25,14,541.135332
0.25,6,541.149029
1.75,6,541.162938
2.25,7,541.179843
0.25,3,541.187727
26.5,53,541.315348
-3.25,5,541.327875
-0.75,1,541.330595
-1.25,1,541.333397
1.75,6,541.3484
9.0,27,541.414109
6.75,16,541.452378
-0.25,2,541.457319
-0.75,1,541.459806
15.0,30,541.529331
-0.25,2,541.534451
-0.25,2,541.539371
-0.75,1,541.541874
0.25,3,541.549006
-0.75,1,541.551577
-1.25,3,541.558997
2.75,11,541.586713
2.25,4,541.598033
-0.75,1,541.600885
0.25,3,541.608059
3.25,6,541.623515
1.25,5,541.638068
-1.25,3,541.646806
-0.25,2,541.653145
12.0,24,541.721598
0.75,1,541.724916
23.5,47,542.187695
24.0,48,542.310882
-0.75,1,542.313844
3.75,7,542.331913
0.75,1,542.334604
1.25,5,542.348004
3.75,10,542.372611
21.0,42,542.475333
-0.25,2,542.480341
-0.25,2,542.48531
1.75,6,542.499238
17.5,35,542.584122
4.25,7,542.601313
1.75,6,542.615267
3.25,6,542.629874
-2.75,3,542.63764
3.75,10,542.662367
3.25,6,542.67639
1.75,6,542.691952
14.5,29,542.761562
0.75,1,542.764472
2.25,7,542.781314
-0.25,2,542.786343
3.25,6,542.800799
0.25,3,542.807912
0.25,3,542.815182
6.25,15,542.851333
12.0,24,542.911208
13.5,27,542.983453
-2.25,10,543.00942
27.0,57,543.154999
-0.25,2,543.160281
3.25,9,543.183234
4.75,12,543.215104
3.25,6,543.230732
21.5,43,543.339493
3.25,6,543.354804
-3.75,10,543.705878
-3.25,5,543.718753
3.25,9,543.741807
24.75,52,543.867126
8.25,19,543.912568
14.0,28,543.98387
23.0,46,544.097439
3.75,7,544.11347
-0.25,2,544.119541
0.75,1,544.122781
-0.75,1,544.125786
-0.25,2,544.131898
1.25,8,544.153801
1.75,6,544.169245
22.0,47,544.290898
1.75,6,544.308869
15.0,30,544.39007
-0.25,2,544.395581
-1.25,3,544.403492
2.75,11,544.431961
0.25,3,544.439451
3.25,6,544.455017
3.25,6,544.470553
-8.75,9,544.493992
0.75,1,544.496778
-2.25,4,544.507371
12.0,24,544.569857
-2.75,3,544.577664
2.25,7,544.595876
-2.75,3,544.603634
20.5,41,544.707875
2.25,4,544.718323
-1.25,3,544.726404
3.25,9,544.75134
-0.25,2,544.757371
22.0,44,544.894244
4.25,8,544.918888
15.5,31,545.011199
-0.25,2,545.016803
3.75,10,545.044576
-0.25,2,545.050368
0.25,3,545.476801
-0.75,1,545.480283
27.5,51,545.625753
-0.25,2,545.63182
-0.75,1,545.634942
12.0,24,545.702971
8.25,19,545.753037
12.5,25,545.820153
-0.25,2,545.826005
-0.75,1,545.829152
4.25,8,545.851042
39.0,96,546.126092
3.25,6,546.142394
26.0,52,546.279917
0.75,1,546.283651
-0.25,2,546.29315
-0.25,2,546.299291
0.75,1,546.302361
27.5,55,546.467917
0.75,1,546.472327
-0.25,2,546.478014
12.0,24,546.542984
1.25,5,546.557689
19.0,38,546.669065
0.75,1,546.671944
-3.25,5,546.686778
0.75,1,546.689677
11.0,22,546.745846
0.25,3,546.753929
6.75,16,546.795249
3.75,7,546.816485
-0.75,1,546.820101
3.75,10,546.849524
-0.75,1,546.852077
-0.25,2,546.857055
0.25,9,546.880017
3.25,6,546.900026
18.0,36,547.424448
0.75,1,547.427852
3.25,6,547.444464
0.75,1,547.447717
-0.75,1,547.450531
0.75,1,547.453937
-2.25,4,547.464797
-4.25,6,547.482191
20.5,41,547.595678
1.25,5,547.61012
-0.75,1,547.613515
-0.25,2,547.620567
-8.25,10,547.648184
2.25,7,547.667429
0.75,10,547.696597
0.75,1,547.699546
-3.25,5,547.713286
0.75,10,547.740823
3.75,7,547.760044
1.75,3,547.77499
17.5,35,547.886079
-6.25,8,547.925268
3.25,6,547.945413
2.25,7,547.970811
-0.25,2,547.981118
3.25,6,548.005787
-3.75,10,548.04137
25.5,51,548.222102
-0.75,1,548.225969
0.25,3,548.23624
28.5,57,548.408115
29.0,67,548.619596
18.0,36,548.745812
1.75,6,548.769447
41.5,83,549.55695
9.25,21,549.644878
3.0,24,549.774598
3.75,10,549.820555
3.75,7,549.842688
-0.25,2,549.849567
3.25,6,549.868816
-1.25,3,549.878945
13.0,29,549.991399
0.25,3,550.002538
2.75,8,550.030681
-0.25,2,550.038308
-0.25,2,550.045877
0.25,3,550.056546
4.0,41,550.202527
-0.75,1,550.206084
-0.25,2,550.212295
0.75,1,550.216008
-1.25,3,550.225005
15.0,26,550.305708
1.75,9,550.333056
23.0,46,550.48397
3.25,6,550.504215
-2.25,4,550.516182
0.25,3,550.524739
0.75,1,550.527837
3.25,6,550.54433
0.25,3,550.552959
9.25,21,550.64226
23.0,46,550.78949
14.5,29,550.878136
-0.75,1,550.881304
16.5,33,550.976208
-0.75,1,550.979323
1.25,5,550.994356
25.0,53,551.147443
4.25,9,551.175805
15.5,31,551.676852
1.75,6,551.692742
22.0,44,551.805285
3.25,6,551.820742
1.25,8,551.841206
25.0,62,552.009993
-0.75,1,552.013878
17.0,34,552.122909
1.25,5,552.140165
-5.25,7,552.164421
-0.25,2,552.171806
0.25,3,552.186208
3.25,6,552.208649
23.5,47,552.3424
0.75,7,552.360078
18.0,39,552.45936
0.25,6,552.474342
-1.25,6,552.489717
-0.75,7,552.508067
-0.25,2,552.513443
16.0,32,552.590869
-0.75,1,552.593557
0.25,3,552.601181
3.25,6,552.616469
-0.75,10,552.643115
0.25,3,552.652453
0.75,1,552.656115
0.25,9,552.686724
1.25,5,552.702729
19.0,38,552.831588
21.5,43,552.960782
21.5,43,553.105949
-5.25,7,553.1296
0.75,4,553.142595
15.5,31,553.651398
1.75,6,553.672562
-0.25,2,553.679926
3.75,6,553.700209
0.75,4,553.71381
-0.25,2,553.721118
11.5,23,553.785552
-1.25,3,553.794473
-0.25,2,553.800454
1.75,6,553.817206
2.75,5,553.831332
3.75,7,553.852057
1.75,3,553.860938
7.25,17,553.907048
0.25,3,553.915681
36.0,72,554.15626
0.75,4,554.171732
1.75,4,554.185144
3.25,12,554.237974
-2.25,4,554.252401
14.0,28,554.364769
3.75,7,554.388107
1.75,6,554.414593
0.75,1,554.420559
-0.25,5,554.440469
-0.25,2,554.448504
-0.75,1,554.452588
20.0,40,554.591242
2.25,4,554.603019
10.0,20,554.667291
3.25,6,554.685903
16.5,36,554.80347
0.25,6,554.827414
0.75,10,554.869449
12.0,27,554.969349
-0.25,2,554.976861
2.25,7,555.021326
-0.75,1,555.026603
15.0,30,555.135505
12.0,24,555.26958
3.75,7,555.309952
-0.75,1,555.3146
3.25,9,555.344847
0.75,4,555.360021
-0.25,11,555.403237
0.75,4,555.418767
0.25,3,555.835333
0.75,1,555.838976
28.5,57,556.041613
14.0,31,556.141884
0.75,1,556.144786
24.0,51,556.297168
3.25,6,556.316147
-0.75,1,556.319643
12.5,25,556.387999
-0.75,1,556.390918
18.5,37,556.500205
0.75,1,556.502883
-0.75,1,556.506224
19.5,39,556.612114
-0.25,2,556.617538
14.5,29,556.695425
17.0,34,556.80093
1.75,6,556.819317
-0.25,2,556.826776
3.25,6,556.84803
15.5,31,556.933208
1.75,6,556.951018
0.25,3,556.960743
4.25,8,556.987033
-0.75,1,556.990989
3.75,7,557.011364
2.75,8,557.032611
12.5,25,557.098567
7.75,13,557.131256
-4.25,6,557.146894
11.5,23,557.205073
0.75,1,557.207901
0.75,4,557.218033
1.75,3,557.225392
-0.25,2,557.230318
1.75,6,557.245485
-0.25,2,557.250481
1.75,6,557.265764
-0.25,5,557.278026
0.75,4,557.287595
-0.75,1,557.290173
1.75,6,557.305811
13.0,35,557.700574
-2.25,7,557.732346
3.25,6,557.750341
19.0,47,557.879648
-4.25,6,557.896778
3.25,6,557.917066
15.5,31,558.004756
-1.25,3,558.013115
1.75,6,558.029266
0.75,4,558.039989
3.75,10,558.065525
-2.25,4,558.075767
1.25,8,558.096743
-0.25,2,558.102633
-0.25,2,558.108827
0.25,6,558.125352
3.25,9,558.151006
1.75,6,558.167544
21.5,43,558.283338
3.25,6,558.300734
-0.25,2,558.311269
1.25,8,558.345301
-4.25,6,558.36499
-2.75,9,558.398341
0.25,3,558.408866
0.75,4,558.422414
0.75,10,558.460944
5.25,13,558.500189
20.0,46,558.632088
-0.25,2,558.63864
0.25,6,558.655165
2.25,7,558.67688
-6.25,8,558.698126
12.0,24,558.760268
0.75,1,558.763058
1.25,4,558.77345
2.75,8,558.793931
1.75,9,558.817881
21.5,43,558.925969
3.75,7,558.946489
-2.25,4,558.959774
1.75,6,558.979616
1.25,8,559.003661
-0.25,2,559.009534
6.75,16,559.05298
7.25,17,559.098758
0.25,12,559.44851
-0.25,2,559.453793
3.25,9,559.477711
-4.25,6,559.493046
1.25,8,559.512757
0.25,9,559.535137
-0.75,1,559.537891
1.25,8,559.55745
1.75,3,559.568226
-0.25,2,559.579801
-0.75,1,559.584883
18.0,36,559.69486
2.75,8,559.717044
6.5,40,559.819577
12.5,25,559.877464
25.5,47,559.987052
0.25,6,560.004267
0.75,4,560.019576
7.25,17,560.067576
0.75,1,560.070808
8.25,19,560.133334
3.25,9,560.157683
14.0,28,560.232442
0.75,4,560.243688
-2.75,3,560.251791
2.25,7,560.269335
-0.75,4,560.279379
-1.25,3,560.287057
0.25,3,560.295044
2.75,8,560.314882
21.5,43,560.416155
0.25,3,560.423167
3.75,7,560.440006
-1.25,3,560.448248
6.25,9,560.471942
-9.25,11,560.500562
-0.75,4,560.511206
-0.25,2,560.5164
3.25,6,560.532286
3.25,6,560.54783
1.25,8,560.568595
13.5,33,560.649512
0.25,3,560.657233
4.75,9,560.680102
3.25,9,560.701495
12.5,25,561.091402
-2.75,3,561.099975
15.5,31,561.183421
-1.25,6,561.200709
20.5,41,561.307096
4.25,8,561.328224
2.75,8,561.352792
19.0,38,561.465974
1.75,6,561.482079
7.75,11,561.509092
-6.25,8,561.527994
-0.75,1,561.530465
1.75,3,561.537712
1.25,8,561.556801
36.5,76,561.767058
12.0,24,561.827169
15.5,31,561.905856
17.0,34,561.986898
1.75,6,562.000792
-2.25,4,562.010035
3.75,9,562.031586
-0.25,2,562.036822
0.25,3,562.043997
-0.75,1,562.046461
-2.25,4,562.055676
15.5,32,562.133862
1.25,5,562.148754
2.75,8,562.172364
-3.25,5,562.18711
-2.75,3,562.195546
13.5,30,562.279048
2.75,8,562.299176
1.75,6,562.314587
19.5,39,562.408205
0.75,1,562.410843
2.25,7,562.427492
-0.25,2,562.74906
-0.75,1,562.751945
0.75,1,562.75475
1.75,3,562.762047
-0.75,1,562.764701
0.75,1,562.767331
-0.25,2,562.772283
-1.25,3,562.779485
7.75,18,562.82324
0.25,4,562.833443
8.5,29,562.917421
20.0,40,563.048832
-0.25,2,563.055914
1.75,6,563.073459
1.75,3,563.081722
0.75,4,563.092196
0.75,1,563.095268
19.0,38,563.196863
2.75,8,563.219035
-0.75,1,563.222283
10.0,20,563.289022
2.25,7,563.309634
2.75,5,563.323908
1.75,6,563.339428
0.75,1,563.342275
0.75,1,563.345164
1.75,6,563.36141
-0.75,10,563.386816
3.25,6,563.401781
-0.25,2,563.406912
2.75,8,563.427743
19.0,38,563.532099
0.25,9,563.555599
2.25,7,563.575421
-0.25,2,563.583057
1.25,8,563.606644
1.75,3,563.615007
-3.25,5,563.628591
-2.25,4,563.639681
15.0,30,563.722516
11.0,22,563.782005
0.75,1,563.784905
28.25,59,563.95251
0.75,1,563.957209
-3.25,8,563.991287
4.25,7,564.020056
3.25,6,564.043723
2.75,8,564.074972
-2.75,3,564.086224
-2.25,4,564.100327
4.25,8,564.129509
-0.25,2,564.137986
-0.75,1,564.141649
21.5,43,564.731611
-4.25,6,564.751759
-0.75,1,564.755217
-0.25,5,564.768708
1.25,5,564.782348
28.5,57,564.925216
-0.75,1,564.928
13.5,27,564.99664
0.75,4,565.009775
-0.75,1,565.012872
-0.25,2,565.0188
-0.75,1,565.022124
20.5,41,565.143365
0.25,3,565.152941
0.25,3,565.162383
-0.75,1,565.165826
13.5,27,565.251531
-2.25,4,565.26854
-0.75,1,565.273918
3.75,7,565.2992
-0.25,2,565.309122
-0.75,1,565.312985
0.25,3,565.32438
8.75,20,565.392956
-5.25,7,565.416809
-0.75,1,565.420245
0.75,1,565.42406
3.75,7,565.446186
3.25,6,565.46844
-0.75,1,565.471436
3.75,7,565.491998
2.75,8,565.513558
19.0,38,565.619874
18.0,51,565.753739
-0.75,1,565.756541
-2.25,4,565.766732
27.0,54,565.901055
0.75,1,565.903987
2.75,8,565.923926
3.25,9,565.947234
-0.25,2,565.952591
-0.25,2,565.957902
-0.25,2,565.963182
-0.25,14,565.999391
1.75,6,566.015213
-0.75,1,566.018206
0.75,1,566.021051
4.75,12,566.051796
-0.75,1,566.054554
0.75,1,566.057466
1.25,5,566.070927
0.25,3,566.078563
3.75,6,566.093722
-7.25,9,566.117837
4.75,9,566.141242
-0.25,2,566.146611
3.25,6,566.481364
-0.25,2,566.487542
0.75,1,566.490706
-0.25,2,566.497239
-2.25,4,566.508842
1.75,6,566.525701
15.0,33,566.625978
28.5,63,566.798122
1.75,6,566.819179
-0.25,2,566.825645
14.5,29,566.932746
-0.25,2,566.938788
-0.75,1,566.942239
23.0,46,567.118561
0.75,4,567.133378
1.75,6,567.153945
0.75,1,567.157897
12.0,30,567.25285
0.75,1,567.256503
-0.75,1,567.259635
3.25,9,567.285729
15.5,31,567.374584
0.75,1,567.378067
-0.75,1,567.381455
-0.25,2,567.38807
20.0,40,567.496521
-0.25,2,567.501649
-0.25,2,567.507533
-0.75,1,567.510425
-0.75,1,567.513269
-0.75,1,567.516259
-5.75,6,567.533858
19.0,38,567.634202
15.0,30,567.715873
2.25,10,567.742637
0.75,1,567.745542
0.75,1,567.748867
10.75,24,567.812662
-1.25,3,567.820968
-2.25,4,567.832108
-0.25,2,567.837798
-4.25,6,567.853137
-0.25,2,567.858827
2.75,8,567.880278
21.5,43,568.422635
-0.25,2,568.429794
3.25,6,568.449478
-0.75,1,568.453087
4.25,10,568.483018
15.5,31,568.573873
-0.25,11,568.606256
0.75,1,568.609486
0.75,1,568.613136
-0.25,2,568.619467
16.5,33,568.719329
8.75,14,568.764915
2.75,8,568.789931
-0.25,5,568.80537
0.75,1,568.808669
-0.25,8,568.83418
0.25,6,568.853225
1.75,6,568.871794
-2.75,3,568.886688
-0.75,1,568.890891
0.25,3,568.900502
3.25,6,568.919346
0.75,1,568.923062
3.75,10,568.954358
0.25,3,568.9639
-0.75,1,568.967202
-0.75,1,568.973599
13.0,26,569.058742
12.5,25,569.12436
-9.25,11,569.152882
0.75,1,569.155652
0.75,1,569.158795
0.75,1,569.161399
2.25,7,569.179187
-0.75,1,569.181993
-0.75,1,569.185183
-1.75,5,569.199158
0.25,3,569.207288
-0.25,3,569.21576
4.75,9,569.240793
-0.25,2,569.248485
2.25,4,569.261864
20.0,40,569.375251
3.75,7,569.395374
-0.75,1,569.3984
32.0,79,569.616555
-1.75,5,569.629736
0.25,3,569.63799
1.75,6,569.652966
-2.25,4,569.663376
-3.25,5,569.676416
3.25,6,569.69205
0.75,1,569.694731
0.75,1,569.69769
18.0,36,569.789326
0.75,1,569.792132
27.0,54,570.245303
-5.25,7,570.263731
2.25,7,570.282179
1.25,5,570.295567
22.0,44,570.410149
9.75,22,570.469231
-1.25,3,570.477807
14.0,28,570.552539
14.0,28,570.626348
21.5,43,570.742544
0.25,3,570.750395
1.75,12,570.782591
1.75,3,570.790393
-0.25,2,570.796051
0.25,3,570.803747
1.75,6,570.81897
-9.75,13,570.852898
-0.75,1,570.856033
-0.75,1,570.858962
-0.75,1,570.86184
23.5,47,570.981089
-0.75,1,570.983895
0.75,1,570.986582
-0.25,11,571.015429
-2.25,4,571.025943
-0.75,1,571.028833
3.25,9,571.052886
-0.25,2,571.058265
0.75,1,571.060995
16.5,33,571.145608
1.75,3,571.154041
-0.75,1,571.157001
6.75,12,571.187318
3.25,6,571.203923
-0.25,2,571.20931
0.25,3,571.21696
3.25,6,571.233166
3.25,6,571.250098
-0.25,2,571.256837
0.75,10,571.290081
36.5,67,571.501523
16.5,33,571.587853
1.75,6,571.603265
2.25,4,571.93556
17.0,34,572.025213
2.25,4,572.035993
0.75,1,572.038742
2.75,8,572.060925
0.25,6,572.078216
3.25,6,572.097079
0.75,1,572.10105
-0.75,1,572.104997
1.75,6,572.124397
-0.75,1,572.128163
1.75,6,572.146715
-1.25,3,572.156431
3.75,7,572.177264
0.75,1,572.180587
-0.75,1,572.183733
2.75,8,572.205861
3.25,6,572.225019
0.75,1,572.228258
0.75,1,572.231705
0.25,6,572.248264
3.75,7,572.267053
0.75,4,572.277596
1.25,4,572.288903
5.75,8,572.310168
0.75,1,572.313243
1.25,8,572.334079
0.75,13,572.369105
-0.75,1,572.371958
-1.25,3,572.38001
-1.75,8,572.401158
0.75,4,572.41212
0.75,1,572.415265
0.75,1,572.418575
10.0,41,572.524054
-0.75,1,572.526824
-0.75,1,572.529896
-0.25,2,572.535561
-3.25,11,572.56716
3.25,6,572.586756
2.75,8,572.610264
2.25,7,572.629372
1.75,9,572.658289
-1.25,3,572.669941
0.25,3,572.67913
17.5,35,572.773968
3.75,7,572.793612
-0.25,2,572.799581
0.75,1,572.802464
8.25,19,572.852221
1.75,9,572.87595
1.75,6,572.892331
0.75,1,572.895423
27.5,55,573.052419
-0.25,2,573.058713
-0.75,1,573.0624
0.75,1,573.065685
21.0,42,573.203316
3.25,6,573.224302
-1.75,11,573.26196
3.25,6,573.280639
13.5,27,573.358321
0.75,1,573.361909
-0.25,8,573.387357
13.0,26,573.877723
1.75,6,573.897379
0.75,1,573.901983
38.5,77,574.149868
17.5,35,574.249135
1.75,6,574.265419
13.0,26,574.338985
3.25,6,574.355553
3.25,6,574.37186
-0.25,2,574.377228
-0.75,1,574.380427
2.75,8,574.40225
4.25,11,574.430805
18.5,37,574.524952
16.0,35,574.614216
18.0,36,574.707322
6.75,16,574.746705
38.0,76,574.967849
0.75,1,574.971256
-0.25,2,574.977926
0.75,1,574.981705
9.75,19,575.038533
-0.75,1,575.041712
3.75,7,575.059924
-0.25,2,575.065369
0.75,1,575.068439
0.75,1,575.071222
2.25,4,575.081792
-0.75,1,575.084598
1.25,5,575.097605
-5.25,10,575.123578
2.75,8,575.144816
0.75,4,575.156757
24.0,54,575.701601
39.5,79,575.947566
1.25,5,575.961507
0.25,3,575.970312
25.5,51,576.095551
1.25,5,576.107735
27.5,55,576.249976
3.25,6,576.26623
-2.25,4,576.27709
-0.25,2,576.282581
12.0,24,576.343379
12.5,25,576.401198
0.75,1,576.403925
-0.75,1,576.406521
1.25,5,576.419188
9.25,21,576.46722
-1.25,6,576.481764
8.25,19,576.526373
-3.25,5,576.537931
10.0,20,576.58692
14.5,29,576.66032
4.25,8,576.68096
0.25,3,576.688473
0.75,1,576.691578
1.25,8,576.712123
0.75,1,576.714888
-2.75,3,576.722846
-0.75,1,576.726038
0.75,10,576.754394
-5.25,7,576.776227
1.75,6,576.797477
1.75,6,576.819706
-0.75,1,576.823127
3.75,7,576.853121
-0.25,2,576.864783
3.75,10,576.913882
-0.25,5,576.933025
1.75,12,576.976455
12.0,24,577.046151
3.25,9,577.071549
1.75,6,577.089005
9.25,21,577.535222
15.0,36,577.645959
-9.25,11,577.67482
15.5,31,577.763343
0.75,1,577.766867
0.75,1,577.769863
13.0,26,577.845859
-0.75,1,577.849399
15.0,30,577.936348
-0.25,8,577.957646
27.5,55,578.120438
16.0,32,578.21879
0.75,1,578.221568
2.25,4,578.232882
27.0,54,578.370979
5.25,10,578.408995
27.5,55,578.604347
6.25,12,578.63488
1.25,5,578.648206
0.75,1,578.651053
-0.25,2,578.656824
-0.25,2,578.662784
3.75,10,578.688728
12.0,24,578.751243
-2.25,7,578.768487
-3.25,5,578.781274
-1.75,11,578.808566
20.0,40,578.905737
0.75,1,578.90874
1.75,6,578.927374
3.25,12,579.316104
-8.25,10,579.342292
0.75,10,579.371377
13.0,26,579.450784
0.75,1,579.454043
0.25,3,579.463985
-0.25,2,579.470561
5.25,10,579.496944
13.0,26,579.569517
3.25,9,579.597811
8.75,20,579.668029
3.25,6,579.689782
3.25,6,579.710659
0.75,1,579.71442
7.5,15,579.767562
5.25,10,579.805993
3.25,9,579.833737
-3.25,5,579.847527
1.25,5,579.860458
-1.25,3,579.868808
-0.25,2,579.874251
1.75,9,579.897325
-3.25,5,579.910741
18.0,36,580.020429
1.75,6,580.037087
-0.75,1,580.040319
-0.25,2,580.046222
-0.25,2,580.052011
3.25,9,580.079333
-6.25,8,580.103536
-1.25,3,580.113045
4.75,8,580.135776
-0.25,2,580.141602
-2.25,10,580.166998
0.75,1,580.16994
-7.25,9,580.193239
-5.75,15,580.23146
16.5,33,580.323844
19.0,38,580.429188
13.5,27,580.511458
1.25,14,580.547047
0.75,1,580.549906
16.5,33,580.636133
-0.75,1,580.639051
-1.25,3,580.647743
13.5,27,580.733039
-0.25,2,580.739925
16.0,44,581.225544
1.75,6,581.249991
-0.75,1,581.253212
1.25,5,581.266925
-8.75,9,581.290844
3.75,7,581.314946
0.75,4,581.326589
0.25,3,581.334687
12.0,24,581.394212
-0.75,1,581.396877
12.0,24,581.46196
21.5,43,581.568776
18.5,37,581.668772
-0.75,1,581.671737
2.75,8,581.694853
-0.75,1,581.698201
-4.25,6,581.716314
0.75,1,581.719366
2.75,8,581.743934
0.25,3,581.753272
13.0,26,581.823536
3.25,6,581.841655
0.75,1,581.844889
30.5,61,582.037765
2.25,7,582.058772
23.0,46,582.219108
0.75,4,582.231311
-0.75,1,582.234646
-5.25,7,582.257233
14.0,28,582.347351
0.75,1,582.350852
13.5,27,582.438517
4.25,8,582.462682
13.0,26,582.54552
-0.25,2,582.552036
-10.25,12,582.593583
4.25,11,582.628971
0.75,1,582.632512
17.0,34,583.248318
-0.25,2,583.256066
1.75,3,583.267411
3.25,6,583.288564
13.5,27,583.379559
-0.75,1,583.383241
0.75,1,583.387183
0.75,4,583.400296
3.75,7,583.423422
0.25,3,583.434089
-0.25,2,583.441833
26.5,53,583.599574
0.75,4,583.610777
3.25,6,583.628915
3.25,6,583.645018
14.5,29,583.722847
-2.75,3,583.730706
22.5,45,583.853382
0.75,4,583.8685
1.75,6,583.891516
2.25,4,583.906926
3.25,6,583.926668
-2.75,3,583.937469
0.25,3,583.94851
20.5,41,584.073089
2.75,8,584.094582
2.25,7,584.112476
1.75,6,584.12693
0.75,1,584.129736
2.25,7,584.14778
-0.75,1,584.1508
-0.75,1,584.153831
0.75,4,584.165556
-0.25,2,584.171341
-0.25,2,584.17733
-0.75,1,584.180178
2.75,8,584.205171
-0.25,2,584.215198
4.75,9,584.243102
-0.75,1,584.246796
15.0,30,584.338768
16.5,33,584.426443
1.75,6,584.442734
3.25,6,584.459212
0.25,3,584.467474
0.75,1,584.470477
0.75,4,584.481515
3.25,6,584.49794
-0.75,1,584.500914
13.5,27,584.580752
0.75,1,584.584334
-0.25,2,584.591447
1.25,5,584.606478
0.25,3,584.614748
1.75,6,584.630929
-0.25,2,584.636532
-6.25,8,584.660539
19.0,38,585.080812
-0.25,2,585.086074
-0.25,2,585.091173
-0.25,2,585.096279
14.0,31,585.189443
3.25,6,585.206936
-0.25,2,585.21311
-0.25,2,585.219332
0.25,3,585.228034
0.75,1,585.231439
1.25,3,585.239666
0.25,6,585.255213
-2.25,4,585.267155
-0.25,2,585.273027
1.25,5,585.286808
3.25,9,585.310561
0.75,4,585.321767
-3.25,14,585.358463
15.5,31,585.456851
2.75,8,585.479789
3.25,6,585.497705
-0.75,1,585.500776
-0.25,2,585.506573
0.75,1,585.509505
1.25,5,585.526286
-0.25,2,585.533077
1.25,5,585.557047
0.25,3,585.575369
1.75,6,585.598429
0.25,6,585.622734
0.75,1,585.626768
31.5,63,585.850896
1.75,6,585.871805
29.0,58,586.057418
-0.25,2,586.064209
-0.25,2,586.070718
3.75,7,586.092047
12.5,25,586.167606
0.25,3,586.177218
3.25,9,586.208127
-0.75,1,586.211392
17.5,35,586.324328
20.0,40,586.471282
2.75,8,586.503148
-0.25,2,586.510108
-4.25,6,586.530675
11.0,22,586.621438
-0.75,1,586.62534
15.5,31,586.73592
-3.25,5,586.752446
1.25,5,586.768231
1.75,6,587.280319
-1.25,3,587.289998
0.25,3,587.299371
3.25,6,587.317052
-2.25,4,587.33004
14.0,43,587.479882
15.5,31,587.599037
-0.25,2,587.605816
-0.25,2,587.613969
-1.25,3,587.625682
1.25,5,587.643075
1.25,5,587.659236
0.75,1,587.663441
1.75,6,587.683045
-0.25,2,587.689829
2.25,7,587.711732
-0.25,2,587.718295
28.0,56,587.887478
-0.25,2,587.893801
-0.25,2,587.899501
12.0,24,587.964433
12.5,25,588.036341
-0.25,2,588.042208
17.5,38,588.159409
3.25,9,588.183989
-0.75,1,588.187076
1.75,6,588.202822
2.25,7,588.223169
4.25,11,588.252319
0.75,1,588.255559
3.75,7,588.273719
10.25,23,588.332993
26.5,56,588.47659
14.0,31,588.556269
-0.25,2,588.561829
0.75,1,588.564577
-0.25,2,588.57004
1.25,5,588.584668
-0.25,2,588.593411
-1.25,3,588.60239
1.25,5,588.616059
27.5,61,589.116384
1.75,9,589.150862
20.5,41,589.263857
-0.25,2,589.269119
2.25,4,589.279453
3.25,6,589.294845
-2.25,4,589.304972
1.75,6,589.32052
1.25,5,589.333037
25.5,51,589.462452
37.0,74,589.654221
0.25,3,589.661768
13.0,26,589.727002
21.5,43,589.833171
27.0,48,589.949504
0.25,3,589.957518
0.75,4,589.967627
-0.75,1,589.97052
0.25,9,589.995207
2.75,8,590.015207
4.75,9,590.037262
-0.75,1,590.039989
0.75,1,590.042842
25.0,50,590.163111
-0.25,2,590.168531
19.5,39,590.262596
-0.25,2,590.267587
15.5,31,590.341294
1.75,6,590.3564
-1.25,3,590.364385
0.75,1,590.367059
19.5,39,590.768485
-2.25,4,590.778917
1.75,6,590.794016
-0.75,1,590.796655
-0.25,2,590.801755
2.25,7,590.81994
3.75,7,590.837142
3.25,6,590.852029
-0.25,11,590.877147
3.25,6,590.891317
22.0,44,590.997366
-0.25,2,591.00279
0.75,1,591.005637
-0.75,1,591.008468
-0.75,1,591.01116
8.75,20,591.061806
-1.25,3,591.06956
0.75,1,591.072336
-0.75,1,591.075026
0.75,4,591.085562
21.0,42,591.188728
4.75,9,591.210377
1.75,6,591.224775
4.75,12,591.254837
6.75,16,591.295559
-3.25,5,591.308354
-0.25,2,591.313983
0.75,1,591.316745
-7.25,12,591.346283
1.75,6,591.361732
13.0,26,591.425861
3.75,7,591.443332
20.5,41,591.540221
18.0,36,591.629483
4.25,8,591.648964
0.75,4,591.658599
20.0,40,591.753109
-0.75,1,591.755737
3.25,6,591.769677
-0.25,2,591.774487
3.25,6,591.788406
15.5,31,591.861418
24.5,49,592.343545
4.25,6,592.35892
-2.75,12,592.388906
1.25,5,592.400859
-0.75,7,592.417142
3.75,10,592.441416
-0.25,5,592.45275
17.0,34,592.540015
-0.25,2,592.545273
2.75,8,592.56519
1.75,12,592.597613
2.75,8,592.617409
3.75,7,592.63481
0.75,10,592.659407
1.75,6,592.673789
-0.25,5,592.686137
-2.25,4,592.696586
9.25,21,592.748394
3.75,7,592.764598
-0.75,4,592.775274
5.25,10,592.800345
-0.75,1,592.803316
-5.75,6,592.819215
-1.25,3,592.827104
-0.75,10,592.852418
1.75,9,592.874902
3.25,6,592.89001
9.5,25,592.952982
0.25,3,592.960924
3.25,6,592.977602
1.75,9,593.002608
13.5,27,593.069484
26.0,52,593.19827
17.5,38,593.289433
6.25,12,593.319317
-0.75,1,593.322283
0.25,6,593.337038
0.25,6,593.35135
12.0,24,593.409162
38.5,83,593.919907
-0.75,1,593.922761
2.25,7,593.940228
2.75,8,593.960752
1.75,3,593.968216
0.75,7,593.98577
0.75,10,594.014143
0.25,3,594.02249
0.75,1,594.025494
-0.25,2,594.031141
1.75,6,594.047967
-0.75,1,594.051244
1.25,5,594.065857
1.75,6,594.081465
17.5,38,594.178842
-0.25,11,594.206709
10.25,23,594.26653
-0.25,2,594.272361
-0.75,4,594.283135
32.5,65,594.449028
27.0,50,594.590837
29.0,58,594.744283
8.5,17,594.786597
4.75,9,594.808104
-0.75,1,594.810753
-0.25,2,594.815982
13.0,26,594.883268
0.25,6,594.899274
0.75,1,594.902244
0.75,1,594.905302
-0.75,1,594.908339
29.5,80,595.110612
15.5,27,595.176973
2.25,7,595.195081
-0.75,1,595.19786
0.75,1,595.200381
0.75,1,595.203013
3.25,9,595.225318
-8.75,9,595.247387
-8.25,10,595.595306
0.75,1,595.598467
3.25,6,595.613791
-0.75,10,595.64087
-0.25,2,595.646353
-0.25,2,595.651885
0.25,6,595.670492
3.25,6,595.68654
-0.25,2,595.692672
13.5,27,595.760358
1.25,8,595.780346
11.5,23,595.834854
19.5,39,595.929565
-0.75,10,595.954546
3.25,6,595.96978
0.75,1,595.972496
41.0,82,596.183615
1.75,3,596.191844
0.75,1,596.19478
8.75,20,596.247529
14.0,28,596.320395
-0.25,2,596.326515
5.25,13,596.361027
-0.25,5,596.373829
0.75,1,596.376519
-5.25,7,596.393429
23.0,46,596.522266
0.75,1,596.525552
1.25,5,596.539213
-0.25,2,596.545883
-1.75,8,596.568405
12.0,24,596.636364
13.0,29,596.711065
13.0,29,596.865698
24.0,69,597.394515
-0.25,2,597.401168
19.0,38,597.534159
3.25,9,597.558331
-6.25,8,597.578781
0.75,1,597.58145
-3.25,5,597.594324
17.5,38,597.692025
0.75,4,597.701812
1.75,6,597.717708
0.25,3,597.726893
2.75,5,597.741012
-0.75,1,597.743983
0.75,4,597.755115
0.25,3,597.763699
-0.75,1,597.766923
0.75,1,597.769715
1.75,6,597.790338
0.75,1,597.795293
-2.25,4,597.811787
0.25,9,597.849079
1.75,6,597.873987
-3.25,5,597.893861
-2.25,4,597.909766
-3.25,5,597.938987
15.5,34,598.041403
1.75,6,598.057821
-1.25,12,598.095816
0.75,4,598.109879
20.5,41,598.218482
-2.75,3,598.226571
2.75,8,598.247326
1.25,5,598.260439
12.0,24,598.319953
0.25,3,598.328161
1.75,3,598.336041
-0.25,2,598.341393
2.25,7,598.3578
1.75,6,598.373398
0.75,1,598.376285
0.25,9,598.398939
-1.25,3,598.406671
27.0,54,598.54506
-7.25,9,598.567747
0.75,1,598.57058
-4.25,9,598.598083
37.0,74,598.80808
0.75,1,598.811036
19.5,39,599.23744
0.75,1,599.240537
3.25,6,599.256393
-0.25,2,599.262655
15.5,31,599.338952
24.0,48,599.462574
15.5,31,599.541678
-1.25,3,599.549186
-0.75,4,599.559364
1.75,9,599.582607
-2.25,4,599.591796
12.5,25,599.653263
1.75,9,599.676228
3.25,12,599.707329
-1.25,3,599.716073
0.25,15,599.757001
-8.25,10,599.784497
0.25,3,599.793012
-0.75,1,599.796217
-0.75,1,599.799138
0.75,4,599.810284
-0.25,2,599.816886
1.75,6,599.833579
3.25,6,599.849814
-0.25,2,599.855527
-0.25,2,599.861432
0.25,6,599.877399
46.0,92,600.114066
24.5,49,600.236686
0.75,1,600.240353
-0.25,2,600.248527
1.75,3,600.257339
14.0,28,600.32611
-0.25,2,600.331436
6.25,9,600.353831
-0.25,2,600.359297
-1.25,3,600.366611
0.75,1,600.369022
15.0,30,600.443058
15.5,31,600.816902
19.5,39,600.910931
0.75,1,600.913843
12.5,25,600.973476
16.5,33,601.058892
46.0,92,601.312891
-2.75,9,601.338227
0.25,3,601.346812
3.75,7,601.366584
4.25,11,601.397566
3.25,6,601.414669
13.0,26,601.48433
21.0,42,601.591703
-0.25,2,601.597069
-2.25,4,601.607579
3.25,6,601.622851
12.0,24,601.683803
11.0,22,601.736085
-0.25,2,601.741497
0.25,9,601.764056
-9.25,11,601.791211
-7.25,9,601.814086
0.25,9,601.836541
10.5,24,601.894566
-0.25,2,601.900591
1.25,4,601.910611
-1.25,3,601.918005
19.0,38,602.011184
16.5,33,602.395479
-0.75,1,602.398007
-0.75,1,602.400801
-0.75,1,602.403607
0.75,1,602.406591
-0.75,1,602.409233
-0.25,2,602.414654
-0.75,1,602.417505
0.25,3,602.425146
0.75,1,602.42769
0.25,3,602.435118
3.25,6,602.451448
3.25,9,602.474127
-0.25,2,602.47905
-0.75,1,602.481852
13.5,27,602.544354
-0.75,1,602.547095
-0.25,2,602.55211
3.75,7,602.569215
-0.25,2,602.574818
0.75,1,602.578061
25.0,50,602.698715
20.0,40,602.797586
0.25,9,602.819866
1.25,4,602.830031
-0.25,2,602.835276
0.75,1,602.837934
-1.25,1,602.84058
18.0,39,602.93958
-1.75,11,602.966214
22.5,45,603.08094
-0.75,1,603.084126
5.75,14,603.120877
2.25,7,603.139573
-0.25,3,603.147318
-0.75,1,603.149847
-0.75,1,603.152694
0.75,1,603.155495
0.75,1,603.158498
0.75,1,603.161329
-0.25,2,603.166577
3.25,6,603.182496
-0.75,1,603.185287
-0.75,1,603.188069
-4.25,6,603.203158
-0.25,2,603.208554
-0.25,2,603.213961
0.75,1,603.216808
17.0,34,603.29846
0.75,4,603.309128
3.25,6,603.323936
-0.25,2,603.329032
16.0,32,603.408214
0.25,3,603.415862
-0.25,2,603.420843
0.75,1,603.423693
-0.25,2,603.428991
2.75,8,603.448974
-2.75,9,603.471041
0.75,1,603.473675
0.75,1,603.476372
0.75,1,603.479202
-2.25,4,603.489977
18.0,36,603.575186
1.75,3,603.584574
3.75,7,603.601788
0.25,3,603.609088
-0.75,4,603.618804
-0.75,1,603.621361
0.75,1,603.624021
-0.25,2,603.628871
2.25,7,603.645861
0.75,1,603.648493
0.75,1,603.651176
-0.75,1,603.653904
-0.75,1,603.656546
-0.25,2,603.960802
-0.75,1,603.963565
13.0,26,604.027379
-0.25,2,604.032821
-0.25,2,604.038022
-0.75,1,604.040669
1.75,9,604.062894
-0.75,1,604.065373
2.25,7,604.081615
-0.75,1,604.08446
2.25,7,604.101308
20.0,40,604.199701
2.75,8,604.220364
1.75,6,604.236203
-0.75,1,604.239025
-0.25,2,604.244227
3.75,7,604.261561
12.0,24,604.32057
12.0,24,604.379895
-0.75,1,604.382682
1.75,9,604.404452
-1.25,3,604.412073
3.25,9,604.434468
-0.25,2,604.439716
10.5,21,604.491749
0.75,1,604.494411
0.75,1,604.497183
0.75,1,604.499929
-0.25,2,604.505012
38.5,77,604.69403
23.0,46,604.81155
1.75,3,604.819596
-0.75,1,604.822646
2.25,7,604.840848
0.25,3,604.848968
11.0,22,604.905956
15.0,33,604.989789
13.5,27,605.058012
1.75,3,605.065992
3.25,6,605.081567
-0.75,1,605.084575
-0.25,2,605.090109
0.25,3,605.098268
0.25,3,605.105691
2.75,8,605.126
2.75,8,605.150954
-3.25,5,605.164069
0.25,6,605.179461
-1.25,3,605.187005
1.25,5,605.19983
-0.25,2,605.204854
1.25,5,605.217315
0.25,3,605.225224
1.75,6,605.240087
-0.75,1,605.242802
3.25,12,605.614097
1.75,6,605.632738
2.25,4,605.643595
3.25,6,605.659973
1.75,6,605.675602
3.25,6,605.692209
-1.25,3,605.701132
-5.75,12,605.734777
37.5,75,605.942615
6.25,15,605.98192
-0.25,2,605.987472
18.5,37,606.097409
-0.25,2,606.107928
2.25,4,606.122491
-0.75,1,606.125287
-0.75,1,606.128183
2.75,6,606.144206
-2.25,4,606.154992
22.0,44,606.26741
2.75,5,606.27981
2.25,4,606.289887
-0.75,4,606.298565
3.75,7,606.315457
16.5,33,606.400319
19.5,39,606.495154
1.25,5,606.508182
1.75,6,606.523443
-0.25,2,606.528643
3.25,9,606.55122
30.5,61,606.69778
-11.75,12,606.752243
1.75,3,606.7617
3.25,6,606.778059
0.75,1,606.781041
22.0,44,606.886593
17.0,34,607.31322
0.25,6,607.329373
-3.25,5,607.343447
-0.25,8,607.364643
-0.25,2,607.370641
-0.25,2,607.375724
5.75,11,607.403563
0.25,6,607.418614
0.25,9,607.441895
-2.75,9,607.464717
1.75,9,607.486338
12.0,24,607.544956
15.5,31,607.621415
0.75,1,607.624028
0.75,1,607.626689
1.75,9,607.647767
-0.75,1,607.650217
1.25,5,607.661726
3.75,7,607.678757
-2.25,7,607.696172
-0.25,2,607.701197
12.0,24,607.760905
1.75,3,607.768334
-1.25,6,607.784208
-1.25,3,607.795735
18.0,36,607.906117
1.75,6,607.923011
1.75,6,607.939904
-0.25,2,607.946359
15.0,30,608.026225
3.0,30,608.102416
0.75,1,608.105425
0.75,1,608.108455
1.75,3,608.117395
1.75,3,608.125256
-0.75,1,608.128107
0.75,4,608.138395
0.75,1,608.141149
20.5,41,608.244647
0.75,1,608.247504
15.5,31,608.324529
-0.25,2,608.329781
2.25,7,608.346993
-0.75,1,608.349602
-0.25,2,608.354831
-0.75,1,608.35754
-0.75,1,608.360519
0.75,1,608.363137
1.75,6,608.378327
-0.25,2,608.383638
-1.75,2,608.388881
0.75,1,608.391742
-0.25,2,608.397406
-0.75,1,608.400252
8.25,19,608.447505
3.75,7,608.465201
-2.25,4,608.475411
12.5,25,608.535304
2.25,4,608.54486
-0.75,1,608.547706
2.75,8,608.566806
-1.25,3,608.573956
4.25,11,608.602387
-0.75,1,608.605071
-6.25,8,608.972606
-0.75,1,608.977634
19.0,38,609.105057
1.25,5,609.118218
0.75,1,609.121062
0.75,4,609.131068
29.0,58,609.271242
0.75,1,609.274162
19.0,38,609.370096
2.75,8,609.392376
-0.25,2,609.400352
17.0,34,609.486217
-1.25,3,609.49441
14.0,31,609.584074
13.5,27,609.654357
-0.75,1,609.657322
2.25,7,609.675927
-0.75,1,609.678719
-0.75,1,609.681552
-0.75,1,609.684575
0.25,9,609.708473
1.75,6,609.724877
1.25,8,609.746549
-4.25,6,609.762444
0.75,1,609.765342
1.75,9,609.790091
16.5,33,609.888668
-0.25,2,609.894248
3.25,6,609.914474
18.0,36,610.015008
23.0,46,610.130422
-5.75,6,610.144318
-1.75,11,610.168804
0.25,6,610.183532
3.25,9,610.206259
-0.25,2,610.211496
13.5,27,610.27384
-0.75,1,610.276778
-0.25,2,610.28218
18.0,36,610.654414
2.75,8,610.673008
0.75,4,610.682086
-2.75,3,610.68913
1.75,6,610.702698
0.75,1,610.705275
26.0,52,610.832904
-1.75,2,610.838199
4.75,12,610.86878
25.5,51,611.000856
0.75,1,611.003753
0.25,3,611.011366
-2.25,4,611.021269
-1.25,3,611.028211
11.0,22,611.081448
20.5,41,611.18458
-0.75,1,611.187424
-0.25,2,611.1931
-0.25,2,611.198281
1.25,5,611.211231
2.25,7,611.228962
-0.25,2,611.234052
1.25,5,611.245973
-1.25,1,611.248439
1.75,3,611.255332
0.75,1,611.25773
-0.75,1,611.260343
0.75,1,611.263045
6.75,16,611.299828
13.5,27,611.366641
-0.75,1,611.369469
-0.25,2,611.374762
3.25,9,611.396221
0.75,1,611.398995
-0.25,2,611.404515
-0.25,2,611.410415
3.25,9,611.432287
-0.75,1,611.434968
0.75,4,611.445777
0.75,4,611.4562
1.75,6,611.471637
4.75,9,611.493781
-0.75,1,611.496281
22.5,45,611.606702
0.75,1,611.609273
0.75,4,611.619437
1.75,6,611.638268
1.25,5,611.65476
-0.75,10,611.682651
4.25,11,611.712297
3.75,7,611.730819
2.25,7,611.749328
15.5,31,611.82451
1.75,6,611.838603
-0.75,7,611.855493
-0.25,2,611.861355
6.25,9,611.883568
32.5,65,612.356376
0.75,4,612.365997
12.5,25,612.427723
-0.25,5,612.441001
3.25,9,612.463841
24.0,48,612.580574
11.5,23,612.638433
-0.75,1,612.641356
9.0,42,612.742856
11.0,22,612.79664
-2.75,3,612.80444
-0.25,2,612.809944
0.75,10,612.83434
-0.25,2,612.839818
-0.75,1,612.842764
-0.75,1,612.845261
20.5,44,612.952154
4.25,10,612.977432
32.5,65,613.14159
-1.25,3,613.149309
-0.75,1,613.152184
-1.25,1,613.154991
-0.75,1,613.157914
25.0,50,613.27819
3.25,9,613.300612
0.75,4,613.311074
17.5,35,613.395429
19.5,39,613.783669
-0.75,1,613.786661
-0.75,1,613.789411
2.25,7,613.806715
0.75,1,613.80929
19.5,45,613.914985
-0.25,2,613.920126
12.5,25,613.977225
-0.25,2,613.983093
13.5,27,614.047781
-0.25,2,614.053108
3.25,6,614.067664
-0.25,2,614.073475
0.75,1,614.076921
2.75,8,614.098332
3.25,9,614.120981
0.25,3,614.12891
15.5,31,614.203931
23.5,43,614.306068
13.5,27,614.373742
45.5,91,614.592462
4.25,8,614.612335
22.0,44,614.718216
2.25,7,614.735502
-0.75,1,614.738253
17.0,40,614.835548
-0.25,2,614.840949
-1.75,5,614.853785
-1.75,5,614.865965
-4.75,14,614.902761
29.0,58,615.358851
0.25,9,615.381408
-1.75,8,615.400691
-1.25,3,615.408267
-1.25,3,615.415679
1.75,6,615.430319
1.75,6,615.445288
-0.25,2,615.45065
0.25,9,615.473095
-2.25,4,615.482904
1.75,6,615.497263
15.0,30,615.569844
0.75,1,615.572815
36.5,73,615.748705
3.75,10,615.773342
1.75,6,615.787658
-4.25,6,615.803006
20.0,40,615.898227
3.75,7,615.914581
0.75,1,615.917327
25.0,50,616.034198
3.25,6,616.048895
19.0,38,616.14322
14.0,28,616.212512
21.5,37,616.306182
1.75,6,616.321698
-2.25,10,616.347746
1.75,6,616.362741
-0.25,2,616.368289
0.25,3,616.376109
-3.75,10,616.400454
-0.25,2,616.405765
18.0,42,616.507248
3.25,6,616.52249
16.0,35,616.915133
-0.25,2,616.920001
-0.25,2,616.924958
-0.75,1,616.927551
0.75,1,616.930389
0.75,4,616.940381
19.5,39,617.035226
-0.25,2,617.041028
0.25,9,617.062696
-0.25,2,617.067982
1.75,3,617.0753
-0.75,1,617.077923
-3.25,5,617.090313
0.75,1,617.093089
1.25,5,617.1064
-0.25,2,617.111914
1.25,5,617.125302
-0.75,1,617.12826
25.0,50,617.245998
-0.25,2,617.251518
8.25,19,617.297531
-0.75,4,617.307114
0.75,4,617.316409
12.0,24,617.37353
3.25,6,617.387295
2.25,7,617.40353
0.75,1,617.406438
22.0,44,617.51042
4.25,8,617.530095
0.75,1,617.532851
0.25,6,617.54718
1.25,8,617.565307
-0.25,2,617.571028
-0.75,1,617.574513
-0.25,2,617.580591
13.5,27,617.645262
13.5,30,617.720807
2.25,7,617.738644
-0.25,2,617.743673
19.5,39,617.846673
-3.25,5,617.859749
0.25,3,617.86824
-0.25,2,617.874096
0.25,3,617.882219
-0.25,2,617.887794
0.75,4,617.89821
13.0,26,617.964012
-0.75,1,617.96684
1.75,6,617.982441
-0.25,2,617.987913
19.5,39,618.085891
5.75,10,618.110229
2.75,8,618.130672
1.25,5,618.143333
-0.25,2,618.149332
-0.75,1,618.152103
-0.25,2,618.157372
3.25,6,618.475591
-0.25,2,618.481046
19.0,38,618.572107
12.5,25,618.634798
0.25,6,618.650309
2.75,8,618.669797
-0.25,2,618.675019
5.25,10,618.699263
3.75,7,618.716616
17.0,32,618.791809
0.25,3,618.79997
2.25,4,618.810245
1.75,6,618.825366
1.75,4,618.835063
0.25,6,618.849286
26.0,52,618.974699
-0.25,2,618.980021
-0.25,2,618.985499
-3.25,8,619.006043
27.5,55,619.138817
-0.25,2,619.144171
2.75,5,619.156511
1.75,9,619.177444
13.5,27,619.239699
-0.75,4,619.250165
-0.75,1,619.25306
-0.75,1,619.255941
0.25,6,619.271334
-2.75,3,619.279523
3.25,6,619.295004
15.5,31,619.375325
0.75,1,619.378101
-0.75,1,619.380952
13.5,27,619.451228
-0.75,1,619.454148
0.75,1,619.457328
36.0,72,619.643848
2.25,4,619.653965
0.75,13,619.684539
0.75,1,619.687013
1.25,5,619.699027
-0.25,2,619.704588
1.75,6,619.720477
-3.25,5,619.733396
0.75,1,619.736212
-2.25,4,620.060697
-0.25,2,620.065719
1.75,6,620.082864
1.75,6,620.098486
0.75,1,620.101304
2.75,8,620.12065
14.0,28,620.189975
-0.25,2,620.195161
-1.25,3,620.203047
0.75,1,620.205728
-5.25,7,620.222818
0.75,1,620.225429
1.75,5,620.237558
0.75,4,620.247742
-5.25,7,620.264857
-0.75,1,620.267347
-0.75,1,620.269997
0.25,6,620.284088
17.5,35,620.367578
1.75,9,620.39019
3.25,6,620.404855
19.0,38,620.495079
0.25,3,620.50278
12.5,25,620.561058
5.25,10,620.587601
4.25,8,620.607242
0.75,1,620.609869
18.0,36,620.692117
6.75,16,620.730803
0.75,4,620.740582
1.25,5,620.751803
1.25,8,620.769644
-0.25,2,620.774502
3.25,9,620.795493
-1.75,2,620.800854
0.75,1,620.803917
29.5,59,620.94707
-5.25,7,620.964658
-0.25,2,620.970216
11.0,25,621.034092
12.0,24,621.092952
-8.25,10,621.118266
28.0,56,621.250136
3.25,6,621.265134
0.25,6,621.279179
3.25,9,621.606139
26.0,52,621.727817
14.0,31,621.797683
5.25,9,621.820138
3.25,9,621.842285
-0.75,1,621.84508
17.5,35,621.929774
2.75,8,621.952672
4.75,9,621.977066
2.25,7,621.997909
-3.25,5,622.010597
0.75,1,622.013479
2.25,4,622.023165
-0.75,1,622.025977
3.75,6,622.04057
15.5,31,622.114979
1.75,9,622.135699
20.5,41,622.233061
0.75,1,622.235736
4.25,8,622.254735
1.25,5,622.26689
1.75,3,622.273874
0.75,1,622.276395
3.25,6,622.290385
2.25,7,622.307204
-0.25,2,622.312407
21.0,42,622.411239
3.25,6,622.425286
0.75,1,622.427842
0.75,1,622.43032
-0.25,5,622.441608
1.75,6,622.455846
-0.25,2,622.461293
0.25,3,622.469093
-3.25,5,622.481563
0.25,3,622.489496
0.75,1,622.492489
3.75,7,622.509834
-0.75,1,622.512723
-0.25,2,622.517959
3.25,9,622.53977
-0.25,5,622.551535
0.75,1,622.554424
-0.25,2,622.55975
2.25,4,622.570032
-0.75,1,622.572722
12.5,28,622.644236
11.25,25,622.705173
-0.25,2,622.710612
17.5,35,622.794521
0.25,3,622.801946
1.25,3,622.809473
-2.25,4,622.81957
0.75,1,622.822353
-0.25,2,622.827559
-0.25,8,622.847871
-0.25,2,623.160121
0.75,4,623.170254
-0.75,1,623.173025
0.75,4,623.182596
28.5,60,623.323476
-0.25,2,623.328613
-0.75,1,623.331266
3.25,6,623.34555
2.25,7,623.363035
1.75,6,623.377422
0.75,1,623.380061
0.75,3,623.387461
1.25,5,623.400024
-2.25,4,623.410043
-0.25,5,623.422596
4.75,9,623.444274
-0.25,2,623.44899
3.75,7,623.466245
0.75,4,623.476187
-0.75,4,623.485739
3.75,7,623.503514
0.75,1,623.506436
0.75,1,623.509242
3.25,9,623.530734
6.75,16,623.567445
2.25,7,623.585371
1.25,5,623.597973
28.0,56,623.729821
1.75,6,623.744751
8.75,20,623.792106
1.75,6,623.806864
1.75,6,623.822322
2.75,8,623.842411
-0.25,2,623.848084
3.25,6,623.86273
1.75,9,623.885199
-0.75,1,623.887923
18.5,37,623.976764
4.25,8,623.997369
-0.25,2,624.002438
1.75,9,624.024471
-0.25,2,624.029291
21.0,42,624.131314
-0.25,2,624.136571
0.75,1,624.139436
0.75,1,624.142226
1.75,3,624.150076
-0.75,1,624.152937
3.75,10,624.178846
14.0,28,624.247164
-0.75,4,624.257291
3.75,10,624.281936
-0.25,2,624.287103
0.25,9,624.310738
2.75,8,624.331045
3.25,6,624.345932
0.75,4,624.355711
13.5,27,624.746492
1.75,3,624.755056
3.25,6,624.770129
0.75,1,624.772903
13.5,27,624.839744
20.5,41,624.94023
-2.75,9,624.961373
3.25,6,624.975801
1.75,6,624.991131
0.75,1,624.993691
1.25,5,625.00708
-0.25,2,625.012365
1.25,5,625.024791
9.75,22,625.079331
2.25,7,625.096635
-0.25,2,625.101825
3.75,10,625.12591
2.25,7,625.143306
1.25,5,625.155761
24.0,48,625.269009
-0.25,2,625.273983
-0.25,2,625.27916
-0.75,1,625.281949
41.0,82,625.481939
4.25,11,625.508103
-0.75,1,625.510913
1.75,3,625.51841
-0.75,7,625.535731
0.75,1,625.538352
-0.25,2,625.5433
3.25,6,625.557605
7.25,17,625.599405
0.75,1,625.602338
-0.75,1,625.605122
1.25,5,625.61764
-0.75,1,625.620263
0.75,1,625.623147
1.75,6,625.638558
1.75,6,625.653408
12.5,25,625.71564
-1.25,12,625.745054
-1.75,5,625.7581
10.5,24,625.81729
-0.75,1,625.820205
2.75,8,625.840029
2.75,8,625.861213
-0.75,1,625.864129
-0.75,1,625.86723
1.25,11,625.901118
19.0,38,626.031243
0.75,1,626.035331
-5.25,7,626.381581
9.75,22,626.435324
-7.25,9,626.457569
3.25,6,626.471925
13.5,27,626.535544
13.0,26,626.59621
9.25,21,626.649407
-0.75,1,626.652216
-0.75,1,626.654742
0.75,1,626.657449
3.75,7,626.67467
-0.25,2,626.679909
0.25,3,626.687287
17.0,34,626.770564
3.25,6,626.785843
3.75,7,626.802854
3.25,6,626.817691
12.0,24,626.876868
-0.25,2,626.882101
-0.25,2,626.887492
22.0,44,626.995644
2.25,7,627.013103
16.5,33,627.093541
1.75,9,627.117744
-1.75,5,627.132048
24.0,48,627.254397
0.75,1,627.257207
11.5,23,627.314699
-4.75,14,627.350871
0.75,1,627.353788
28.0,56,627.493546
13.5,27,627.561103
-1.25,3,627.568796
0.75,4,627.579082
-1.25,6,627.595231
-6.25,8,627.615862
0.75,1,627.618839
-0.25,2,627.624439
-2.25,4,627.634874
2.25,7,627.946644
0.25,3,627.954375
0.75,1,627.957167
1.75,6,627.972791
-0.25,2,627.977973
8.75,20,628.027745
0.25,3,628.035638
1.25,5,628.048306
-0.75,1,628.0509
-0.25,2,628.05595
12.0,24,628.114548
26.5,56,628.246282
0.75,1,628.248859
0.75,1,628.251518
0.75,4,628.261386
-0.75,1,628.264032
21.0,42,628.360542
1.75,6,628.375024
-0.75,1,628.377763
0.75,1,628.380413
12.0,24,628.43757
0.75,4,628.447851
-0.75,4,628.457531
0.75,1,628.459921
0.75,1,628.462653
0.75,1,628.465366
0.75,4,628.475437
-0.75,1,628.478275
-0.75,1,628.48085
18.5,37,628.569294
-0.75,1,628.571841
0.75,1,628.574569
-0.25,2,628.579601
1.75,6,628.595427
-0.75,1,628.598345
50.5,59,628.737202
12.5,25,628.794919
-0.25,2,628.799593
1.75,6,628.813423
3.25,6,628.826909
13.0,26,628.886494
0.75,1,628.889718
-0.25,2,628.895492
6.75,10,628.920275
0.75,1,628.922988
8.25,19,628.967355
-0.25,2,628.972193
0.25,3,628.97952
10.0,20,629.029089
0.75,1,629.031892
-0.25,2,629.037229
1.25,5,629.04921
27.0,54,629.460439
3.25,12,629.487648
13.5,27,629.548361
16.5,33,629.626369
-1.25,3,629.633276
24.0,48,629.749921
-0.25,2,629.754493
1.75,6,629.769947
19.5,39,629.860397
-0.75,1,629.863151
14.0,28,629.929382
-1.25,6,629.943932
-0.25,2,629.948649
-1.25,3,629.955558
1.75,6,629.969311
20.5,41,630.063347
13.0,26,630.122255
-0.25,2,630.127262
-0.75,1,630.12993
17.5,35,630.208912
11.5,23,630.260299
1.25,8,630.279897
3.25,6,630.293729
0.75,1,630.296391
3.25,6,630.310304
2.75,8,630.328122
0.75,1,630.330663
-0.75,1,630.33315
1.75,6,630.347178
-0.25,2,630.352571
-0.75,1,630.355257
-5.25,7,630.372412
-1.25,3,630.379744
0.75,1,630.382316
-0.75,1,630.384848
29.5,59,630.519024
6.75,16,630.555336
0.75,1,630.557944
0.25,3,630.564955
-0.75,1,630.567754
13.5,27,630.634728
-1.25,3,630.641888
0.25,3,630.952322
-0.25,2,630.957103
1.75,9,630.977861
24.0,48,631.095609
2.75,11,631.12186
-0.75,1,631.124526
12.5,25,631.183898
3.25,9,631.206141
0.75,1,631.208838
13.0,26,631.268835
5.75,14,631.301641
20.5,41,631.397104
1.75,6,631.41057
3.25,6,631.424034
1.25,8,631.441965
3.25,6,631.45698
0.75,1,631.459492
-0.25,2,631.464408
-0.75,1,631.466987
-0.75,7,631.48275
2.25,4,631.491813
2.25,7,631.507602
-0.25,2,631.512985
2.75,8,631.533192
0.75,1,631.535742
0.75,1,631.538174
25.0,50,631.655474
0.25,3,631.662491
-0.75,1,631.664987
6.25,15,631.70016
-2.25,4,631.71044
11.5,26,631.7689
2.25,7,631.784578
1.75,9,631.807411
26.5,53,631.931445
8.25,19,631.975529
-0.25,2,631.981015
-0.25,2,631.986634
0.75,1,631.98963
21.5,43,632.089274
-0.25,2,632.09431
3.25,6,632.109535
3.25,9,632.133124
32.5,65,632.586611
-0.25,2,632.59207
-0.75,7,632.609486
0.75,1,632.612036
0.25,3,632.619175
0.75,1,632.621726
-5.25,7,632.638866
1.25,5,632.650854
-0.25,2,632.655535
1.25,8,632.673918
-5.25,7,632.690781
2.75,8,632.709971
3.25,6,632.724493
-0.25,2,632.729211
0.75,1,632.731693
6.0,33,632.808438
0.25,3,632.816089
-0.25,5,632.827956
-0.75,1,632.830538
2.75,8,632.849771
2.25,4,632.860614
-2.25,4,632.870075
2.25,7,632.886602
-0.75,1,632.889458
1.75,6,632.905321
-2.75,3,632.914025
1.75,6,632.927971
1.75,6,632.942426
-0.25,2,632.947053
3.25,6,632.961163
3.75,7,632.977656
3.75,7,632.995425
-0.25,2,633.000478
14.0,28,633.065567
-0.25,2,633.070465
28.0,56,633.198251
-0.75,4,633.207407
-0.75,1,633.209895
3.75,7,633.225826
13.0,26,633.284891
-0.25,2,633.289716
21.0,45,633.39787
-0.75,1,633.400579
-0.25,2,633.405615
41.5,83,633.599551
18.0,36,633.983007
-0.75,1,633.986211
1.75,6,634.001403
-0.25,17,634.040892
-0.25,2,634.045658
0.75,1,634.048238
21.0,42,634.144574
0.75,1,634.14748
0.75,10,634.170648
-0.75,10,634.19375
0.25,3,634.200834
0.25,9,634.222405
1.75,9,634.24369
18.5,37,634.327291
-0.25,2,634.332273
19.0,38,634.420377
-0.25,2,634.425159
3.75,10,634.447832
0.25,3,634.454682
-0.75,1,634.457219
0.25,3,634.464398
28.5,57,634.600112
1.75,5,634.611808
0.75,10,634.634828
12.0,24,634.690087
-3.25,5,634.701572
-0.25,5,634.714419
1.75,6,634.729602
0.75,1,634.732314
24.0,48,634.850634
-0.75,1,634.85314
-0.75,1,634.855898
-0.75,1,634.858674
20.0,40,634.955464
1.75,6,634.969177
4.25,11,634.995615
0.25,3,635.002885
1.25,5,635.014853
-0.75,1,635.017334
14.5,29,635.084862
19.0,38,635.175167
0.75,4,635.486016
12.5,25,635.545342
3.25,6,635.558763
1.75,6,635.573055
-0.25,2,635.578203
1.75,6,635.595138
-0.25,2,635.600259
14.0,28,635.668712
28.0,62,635.811003
-1.25,3,635.819076
1.25,5,635.831083
38.0,76,636.009937
18.0,36,636.09332
-2.25,4,636.102542
2.25,4,636.112367
9.75,22,636.166648
6.75,11,636.193813
36.5,73,636.358531
3.25,6,636.372155
17.5,35,636.453931
0.75,4,636.463428
-0.75,1,636.46597
-0.25,2,636.470654
-4.25,6,636.484382
17.5,41,636.578773
1.25,5,636.592577
-0.75,1,636.595153
1.25,5,636.60755
-0.25,2,636.61265
-1.25,3,636.622023
-0.25,2,636.62769
1.75,6,636.642355
3.25,9,636.665231
-0.25,2,636.670442
-0.25,2,636.675448
23.0,49,637.096779
25.0,50,637.219337
1.75,4,637.230224
1.25,5,637.242589
1.75,9,637.263819
15.5,31,637.341202
-0.25,2,637.346224
0.25,9,637.368971
29.5,59,637.51481
0.25,3,637.522362
3.25,6,637.536794
27.5,58,637.676739
-0.25,2,637.682197
17.5,35,637.771287
-1.25,3,637.778468
0.75,1,637.78118
-0.75,1,637.784001
0.75,1,637.786613
1.75,6,637.801174
0.75,1,637.803718
16.0,32,637.883196
0.25,3,637.890711
17.5,35,637.976709
-0.25,2,637.981648
26.0,52,638.103206
15.5,40,638.194771
1.25,5,638.206298
-1.25,3,638.213218
-1.25,12,638.239806
-0.25,2,638.549366
-1.25,3,638.557165
2.25,7,638.574713
1.75,6,638.59194
2.75,8,638.611853
2.75,8,638.632578
3.75,7,638.650386
24.0,48,638.762384
2.25,7,638.778946
3.25,6,638.793233
13.5,27,638.855952
-1.25,3,638.863762
1.75,6,638.877837
6.75,16,638.915478
-0.75,1,638.918256
-0.25,11,638.945431
5.75,8,638.9637
3.75,10,638.987112
1.25,5,638.99975
0.25,6,639.01524
0.75,1,639.018025
0.75,1,639.020668
4.25,8,639.039888
1.75,6,639.053578
13.5,33,639.12834
0.25,9,639.150076
23.5,47,639.258147
25.5,51,639.378312
-0.25,2,639.3833
15.0,30,639.45498
0.75,1,639.457758
0.75,4,639.466752
2.75,8,639.484534
-6.25,8,639.502571
-0.25,2,639.507471
4.25,8,639.525362
2.75,11,639.550858
1.75,9,639.571311
-2.25,4,639.580887
8.25,19,639.628174
3.75,10,639.652998
-1.25,12,639.681119
-0.75,1,639.683824
2.25,10,639.707743
28.5,57,640.15379
2.75,8,640.172886
-0.75,1,640.175337
2.75,8,640.196167
-3.75,10,640.220103
2.25,7,640.236128
-9.75,10,640.259926
0.75,4,640.269829
-0.25,2,640.274319
1.75,6,640.287836
13.25,32,640.364039
0.75,1,640.366898
2.75,8,640.385571
17.5,35,640.469065
-1.75,5,640.480392
5.25,10,640.502601
0.75,4,640.511668
1.75,6,640.525349
-0.25,2,640.530849
-0.25,3,640.539392
-0.25,2,640.544484
-0.25,2,640.549901
-2.25,13,640.579769
-0.25,2,640.586502
30.0,60,640.729376
23.5,50,640.846359
3.25,6,640.861455
2.25,7,640.878896
-1.25,3,640.88677
1.25,5,640.89888
2.25,7,640.914838
0.75,1,640.917567
-0.25,2,640.922516
3.25,6,640.936879
0.75,4,640.947376
1.25,8,640.966269
3.25,6,640.982092
-0.75,1,640.986039
26.0,61,641.137934
8.75,20,641.183566
0.75,4,641.192882
-0.75,1,641.195615
3.25,6,641.210675
0.75,1,641.213332
2.25,7,641.230811
19.5,39,641.633568
27.0,54,641.764673
1.75,6,641.780248
26.5,53,641.903958
2.25,4,641.913471
-0.25,2,641.918502
0.75,1,641.920962
2.25,5,641.932614
-0.75,1,641.935272
-1.25,3,641.942339
2.75,7,641.959084
2.75,8,641.977466
13.5,30,642.049555
10.5,24,642.10438
17.5,35,642.18219
1.75,6,642.196036
4.75,9,642.217421
19.5,39,642.308389
-0.75,1,642.310936
3.75,7,642.329181
17.5,35,642.410286
-5.25,7,642.426589
21.0,38,642.514204
25.5,51,642.650797
2.75,8,642.670995
-2.25,4,642.681554
0.25,3,642.689113
0.75,10,642.713679
2.75,8,642.734264
-0.75,1,642.736969
18.5,37,642.823403
0.75,4,642.832716
0.75,1,642.835166
-0.75,1,642.839164
1.25,3,643.15949
1.75,9,643.181909
-0.75,1,643.184708
0.25,3,643.192487
2.25,13,643.225665
-0.25,2,643.23116
-6.25,8,643.251559
3.25,9,643.274111
15.0,26,643.33746
-0.75,1,643.340406
-0.75,1,643.343353
-0.25,2,643.349059
18.5,58,643.487369
4.25,11,643.512154
3.75,10,643.535122
-0.25,2,643.54101
-0.25,2,643.545985
3.25,9,643.566639
2.25,7,643.583249
-0.25,5,643.596021
-7.75,14,643.6296
-0.25,2,643.634721
-0.25,2,643.639567
0.25,3,643.646178
4.75,9,643.666542
2.25,7,643.68216
3.25,6,643.695937
16.5,33,643.774956
6.75,11,643.801733
11.5,23,643.859854
0.75,1,643.862212
17.5,35,643.950972
1.75,6,643.965752
-1.25,9,643.989568
0.75,1,643.992564
12.5,25,644.05255
-0.75,7,644.068251
2.75,8,644.086587
0.75,1,644.089272
8.25,19,644.133859
0.75,4,644.143726
-0.25,2,644.148678
-1.25,3,644.156306
3.75,7,644.172314
0.75,1,644.17486
19.5,39,644.266227
23.0,46,644.380024
21.5,43,644.919251
0.75,1,644.922222
12.0,24,644.98673
11.0,22,645.059675
4.75,12,645.093274
0.75,1,645.09612
-0.25,2,645.101908
1.75,6,645.117435
3.25,6,645.133965
18.0,39,645.232287
-1.75,5,645.249981
3.25,6,645.265837
8.25,19,645.310759
4.25,8,645.328925
3.25,6,645.342836
18.5,37,645.433141
-5.25,7,645.449874
-0.75,1,645.453351
1.75,9,645.476884
39.5,79,645.674454
21.5,43,645.789862
-3.25,5,645.802965
0.75,1,645.805909
12.5,25,645.869326
23.0,46,645.980544
2.75,8,646.003284
-1.25,6,646.018468
0.75,4,646.028708
21.0,54,646.474799
13.0,32,646.556714
-0.75,1,646.559771
0.75,1,646.562577
3.75,7,646.580246
1.75,6,646.59888
0.25,3,646.607489
-1.75,5,646.621376
2.75,8,646.642178
-0.75,1,646.645192
-0.25,2,646.650796
-1.25,9,646.674975
1.75,3,646.683061
0.25,3,646.691119
2.25,7,646.709433
-4.25,6,646.72532
-0.75,1,646.728147
1.75,6,646.744068
5.75,10,646.770062
1.75,6,646.78836
1.75,6,646.803891
3.25,9,646.826745
0.25,12,646.855697
-0.25,2,646.860813
2.25,7,646.877824
3.25,6,646.8928
-0.25,2,646.897969
3.25,6,646.913105
0.75,1,646.915778
16.5,33,646.997084
1.25,5,647.010182
20.0,40,647.106817
1.25,8,647.125937
2.75,8,647.147471
31.0,62,647.298029
-0.25,2,647.30314
4.25,11,647.328859
1.75,6,647.342781
-7.25,12,647.371413
0.75,1,647.374036
2.25,7,647.391726
3.25,6,647.406346
3.25,6,647.421146
3.75,7,647.437736
25.5,45,647.546954
14.0,34,647.632434
24.5,49,648.068057
-0.75,10,648.092657
-0.75,1,648.09552
0.75,4,648.105955
-1.25,6,648.121738
7.0,35,648.21034
3.25,6,648.225932
0.75,1,648.228929
14.0,64,648.393303
0.75,1,648.396156
-1.25,3,648.403979
1.25,5,648.416341
5.25,10,648.441679
-0.75,1,648.444952
-0.75,10,648.473346
-0.75,1,648.476265
0.25,3,648.485269
0.75,1,648.488754
0.75,10,648.520355
-2.25,4,648.531802
-4.25,6,648.547366
1.25,5,648.559959
3.25,6,648.575062
16.0,32,648.658121
-0.25,2,648.663282
-0.25,2,648.668367
14.0,37,648.757691
3.25,6,648.772302
-1.25,6,648.787149
-2.25,4,648.797102
1.75,6,648.81228
-0.25,3,648.820145
0.25,3,648.827778
1.75,4,648.837689
6.75,16,648.876683
-7.25,9,648.898147
1.25,5,648.910376
17.5,35,648.994453
-0.25,2,649.000409
0.75,1,649.003466
1.75,6,649.019231
38.0,76,649.205008
17.5,35,649.292364
0.25,6,649.309231
3.75,10,649.339268
0.75,1,649.342565
-0.75,1,649.345816
0.25,3,649.35476
19.0,38,649.778504
1.75,6,649.792023
-0.75,1,649.794859
18.0,36,649.886643
14.0,28,649.957245
-0.25,2,649.962427
3.75,10,649.988539
-0.25,2,649.994405
-1.75,5,650.008789
2.75,8,650.031715
-2.75,3,650.039347
1.75,6,650.054688
0.75,1,650.057546
2.25,7,650.074764
12.0,24,650.131454
-1.75,5,650.143739
-1.25,3,650.151059
0.25,6,650.165828
-0.75,4,650.1762
-0.25,2,650.181538
0.75,7,650.199083
0.25,6,650.214797
1.75,6,650.230358
3.25,6,650.245979
-0.75,1,650.248671
28.5,52,650.372482
-0.75,7,650.388943
3.25,6,650.404501
0.25,9,650.426714
1.75,6,650.440293
-2.25,4,650.449969
-4.25,6,650.464326
-1.25,3,650.47127
11.0,22,650.523516
0.75,1,650.526469
0.25,6,650.541444
0.25,3,650.548898
0.75,1,650.551677
-0.25,2,650.556852
17.5,35,650.642551
-0.25,5,650.654461
1.5,27,650.718257
19.5,39,650.809254
-1.25,3,650.816242
2.75,8,650.834476
-0.75,10,650.858691
14.5,29,650.925677
-0.75,1,650.928327
-5.25,7,650.945704
19.0,38,651.359128
1.75,9,651.381592
8.25,19,651.430099
20.0,40,651.53371
-0.75,10,651.559585
-0.25,2,651.565207
-4.25,6,651.580898
0.75,1,651.583921
-2.25,4,651.595222
2.25,7,651.613696
1.75,6,651.629678
-0.25,2,651.635099
0.25,3,651.64266
-1.75,5,651.654857
12.0,33,651.733538
-5.25,7,651.750554
0.75,4,651.760163
1.75,6,651.773943
4.25,11,651.80196
3.25,6,651.816397
3.75,7,651.832843
2.75,8,651.852658
20.0,40,651.947695
-0.75,1,651.950551
-0.75,1,651.953341
49.5,99,652.201063
-0.75,1,652.203859
22.5,54,652.334179
0.75,1,652.336746
4.25,11,652.363168
15.0,30,652.435714
-0.25,2,652.441059
13.5,27,652.505716
-5.25,7,652.52212
27.5,58,652.980598
13.0,26,653.046451
-1.75,11,653.075447
0.75,1,653.078246
18.0,36,653.168495
3.75,7,653.186464
0.75,1,653.189491
1.75,6,653.205015
0.25,9,653.227279
3.25,6,653.241687
-1.25,3,653.248783
-0.75,1,653.251574
22.0,44,653.353489
3.75,7,653.370152
-1.25,3,653.377488
0.25,3,653.384672
39.0,81,653.576586
2.75,8,653.596852
4.25,8,653.616755
-1.25,3,653.624441
-5.25,7,653.642293
3.75,10,653.668057
2.25,7,653.684479
0.25,3,653.692095
0.75,4,653.702406
12.5,25,653.774163
3.25,6,653.790119
1.75,6,653.817262
3.25,9,653.846743
11.0,22,653.901014
1.25,5,653.913468
2.25,7,653.931874
-6.25,8,653.952265
16.5,33,654.035673
-0.75,1,654.038492
7.75,18,654.083307
0.25,3,654.090262
3.25,6,654.103981
4.25,11,654.13064
22.0,44,654.536879
3.25,6,654.550987
1.75,12,654.580754
-0.25,2,654.58647
0.75,1,654.589764
1.75,6,654.605379
0.75,1,654.608293
14.0,28,654.677878
0.75,1,654.6804
1.75,3,654.687748
0.75,1,654.69067
5.75,14,654.72392
-0.75,1,654.726537
1.75,6,654.74193
18.5,37,654.828924
-0.75,1,654.831465
3.25,6,654.845696
-0.25,2,654.85054
-0.75,1,654.853115
-2.25,4,654.862525
1.75,6,654.877598
-2.25,4,654.887592
11.5,23,654.940773
-4.25,6,654.955197
0.75,4,654.964914
-0.75,1,654.967605
0.75,4,654.977146
0.25,9,654.999235
0.75,4,655.008928
2.25,7,655.025405
3.25,6,655.039801
-2.25,4,655.049093
1.25,5,655.061757
0.25,3,655.069284
3.25,6,655.084162
-0.75,1,655.086996
-0.75,1,655.090042
-0.75,1,655.092929
0.75,4,655.102873
12.0,24,655.159029
23.5,47,655.272345
1.25,5,655.285697
0.75,1,655.288797
0.75,4,655.299171
32.5,65,655.453401
-0.25,2,655.458053
-0.25,2,655.463498
18.0,36,655.546588
1.75,6,655.560319
-0.25,5,655.572082
24.5,49,655.991052
3.75,7,656.008918
-1.25,6,656.023569
0.25,6,656.040029
0.75,10,656.066179
0.75,1,656.068969
7.75,11,656.097988
-2.25,4,656.108461
1.25,5,656.121444
0.25,3,656.12925
-0.25,2,656.134803
-0.75,1,656.137491
-0.25,2,656.142769
3.75,7,656.160118
18.0,36,656.247164
2.75,8,656.267932
1.75,6,656.283017
-0.75,1,656.285844
13.5,27,656.353653
-0.25,2,656.359011
0.75,1,656.361835
1.75,6,656.376829
-8.75,9,656.399159
20.5,41,656.501122
22.5,45,656.609693
2.25,7,656.626712
2.25,7,656.643528
18.0,36,656.730374
3.75,10,656.757539
0.25,3,656.765297
-0.25,2,656.770488
15.5,31,656.845692
28.0,51,656.966784
-0.25,2,656.971686
1.25,5,656.98347
38.5,77,657.169391
12.75,28,657.527122
15.5,31,657.601678
-0.75,1,657.604501
2.25,7,657.622138
-0.75,4,657.632269
0.75,1,657.635084
2.25,4,657.645179
0.25,3,657.652846
0.25,9,657.674462
-0.75,7,657.691673
0.75,1,657.694434
-0.25,2,657.699722
3.25,6,657.714446
-0.25,5,657.726004
0.75,1,657.728873
0.75,1,657.731602
0.25,3,657.739279
0.25,3,657.74704
-0.75,1,657.749802
1.75,6,657.76453
0.75,1,657.767229
-0.25,2,657.772634
0.75,1,657.775523
-1.25,6,657.791066
0.75,1,657.793829
14.5,29,657.865664
-0.25,2,657.871062
0.25,3,657.87891
0.25,9,657.901767
1.75,3,657.909552
1.75,6,657.924594
1.75,6,657.939848
6.75,16,657.977646
-3.25,5,657.989877
-0.75,1,657.992771
-0.25,5,658.005482
-0.25,2,658.01052
1.25,5,658.022776
-1.25,3,658.029984
11.5,23,658.083551
-2.25,4,658.093106
4.75,8,658.111731
-0.75,1,658.114447
15.5,31,658.186635
-0.25,2,658.191465
0.75,1,658.193945
2.25,7,658.209768
-1.25,3,658.2172
3.25,6,658.230838
-0.75,1,658.233301
-0.25,2,658.238505
1.75,6,658.253171
-0.25,5,658.264894
2.75,8,658.283093
3.75,7,658.2993
0.75,1,658.302011
25.5,54,658.428705
0.75,1,658.431307
-0.25,2,658.436207
-2.25,4,658.446639
17.0,34,658.525041
0.25,3,658.53223
13.0,26,658.594069
3.25,6,658.608642
-0.25,2,658.613709
0.25,3,658.621075
-3.25,5,658.633419
-0.75,1,658.63624
0.75,1,658.638972
3.75,7,658.656185
-0.25,2,658.661017
-0.25,2,658.666228
2.75,8,658.686037
-3.25,5,658.698071
24.0,44,659.109715
0.75,1,659.112568
3.25,6,659.126505
1.75,6,659.141208
-4.25,6,659.155348
-0.75,1,659.158178
0.75,1,659.160911
3.25,6,659.175889
14.5,29,659.244149
12.0,24,659.302555
18.5,37,659.391277
-0.25,2,659.396482
-0.75,1,659.403015
-0.75,1,659.405746
2.75,8,659.425663
20.5,41,659.524364
1.75,6,659.539677
-1.25,3,659.547196
0.75,1,659.549788
-2.75,3,659.557037
0.75,1,659.559742
-0.25,2,659.564422
-0.75,1,659.566982
-1.75,8,659.586258
5.75,7,659.605143
3.25,6,659.620192
-0.75,1,659.623091
-0.25,2,659.628286
4.75,9,659.650245
0.25,3,659.657437
10.0,20,659.703117
0.75,4,659.712528
2.75,8,659.731185
0.75,1,659.73396
1.25,5,659.745544
1.75,6,659.759571
3.25,9,659.780508
-3.25,5,659.792389
2.75,8,659.810446
16.0,32,659.883363
1.25,5,659.894851
-0.25,2,659.899861
6.75,16,659.938422
5.25,13,659.970788
12.0,24,660.030262
3.25,6,660.04523
0.75,1,660.048043
-0.25,2,660.053253
0.75,4,660.062839
0.25,3,660.070441
0.25,6,660.084533
-0.25,2,660.089802
0.75,1,660.092528
0.75,4,660.103281
1.25,8,660.12319
4.75,9,660.144001
0.25,6,660.158057
-0.75,1,660.160741
15.5,31,660.232874
-0.75,1,660.235616
-0.25,2,660.240614
3.75,10,660.263519
0.75,1,660.266296
0.75,1,660.268982
-0.75,1,660.271706
-0.25,2,660.276385
3.25,6,660.289909
3.25,6,660.304277
3.75,7,660.64909
4.25,8,660.668772
3.25,6,660.682598
-0.25,2,660.687733
0.75,1,660.690551
-0.75,1,660.693321
0.75,4,660.703492
11.5,44,660.813198
3.25,6,660.82868
0.25,3,660.836472
-0.75,1,660.839602
14.0,28,660.910042
-0.25,2,660.915653
3.75,7,660.932931
0.25,3,660.940964
1.25,5,660.953732
2.25,4,660.964142
-2.25,4,660.975229
1.25,5,660.988018
2.25,4,660.998505
-0.75,1,661.001378
-0.25,2,661.00686
0.25,3,661.015038
0.75,1,661.018043
0.75,1,661.020855
1.25,5,661.033322
0.75,7,661.050696
0.75,1,661.053516
-8.25,10,661.077707
-2.75,3,661.085142
-0.25,2,661.090296
-0.75,1,661.09295
0.75,1,661.095538
-0.25,5,661.108565
3.25,6,661.123188
3.75,10,661.147698
14.0,28,661.213115
0.25,3,661.219853
0.25,3,661.2272
-0.75,1,661.229713
-0.25,2,661.234557
2.25,7,661.250769
-1.25,3,661.257892
3.25,6,661.271732
0.75,1,661.274589
-0.75,4,661.284197
-0.25,5,661.295591
-0.25,2,661.300596
3.75,7,661.316884
-0.25,2,661.322051
22.0,47,661.431424
-8.75,9,661.452484
5.25,13,661.484005
0.25,6,661.499467
1.75,6,661.514055
-0.75,1,661.517019
15.0,30,661.586458
1.75,9,661.609727
19.5,39,661.701674
-0.25,2,661.706759
-0.75,1,661.709494
0.75,1,661.712192
-1.25,3,661.719744
-4.25,9,661.740782
-4.25,6,661.754855
-5.25,7,661.771478
0.75,4,661.780895
-8.25,10,661.804249
0.25,3,661.81127
-0.75,1,661.813938
1.75,6,661.827552
15.5,31,662.22261
-0.25,2,662.227885
0.75,4,662.238179
-0.25,2,662.2432
-2.25,4,662.252799
17.5,35,662.335124
2.25,7,662.35309
15.0,33,662.435722
7.75,18,662.480154
24.25,51,662.605716
1.25,5,662.61878
-6.25,13,662.64978
0.75,4,662.659144
-0.75,4,662.668764
0.75,1,662.671283
2.25,7,662.687445
-0.25,2,662.692168
-5.25,7,662.708828
-0.25,2,662.713676
-0.75,1,662.716312
1.25,5,662.728254
1.75,9,662.749294
3.75,7,662.765583
0.75,1,662.76813
0.75,1,662.770677
1.75,6,662.785203
0.25,3,662.792397
-0.75,1,662.795222
0.75,1,662.797945
-0.25,2,662.803023
0.25,3,662.809959
-7.25,9,662.830658
-2.25,4,662.840176
-0.25,2,662.845138
-0.25,2,662.850012
2.25,7,662.867036
0.75,4,662.877
3.25,6,662.891419
6.75,10,662.917263
19.5,39,663.019557
-0.75,1,663.022574
-0.75,1,663.025353
-2.25,4,663.036506
-0.25,2,663.04225
20.0,40,663.141439
0.75,4,663.151844
-0.75,1,663.154589
0.25,3,663.161885
0.25,3,663.169256
12.5,25,663.228248
11.0,22,663.280013
-4.25,6,663.294707
-1.75,2,663.299491
-0.75,1,663.301943
36.5,73,663.848559
3.25,6,663.864518
19.5,39,663.961822
19.5,39,664.063788
16.5,33,664.157418
-0.25,2,664.163108
-1.75,2,664.168177
21.5,43,664.275154
6.75,16,664.316915
4.25,11,664.344265
0.25,6,664.361096
-0.75,1,664.363959
1.25,5,664.377801
19.5,39,664.483451
0.75,4,664.4946
2.75,8,664.514177
2.75,8,664.534063
-0.25,2,664.539316
0.25,3,664.546719
14.5,29,664.615472
0.75,10,664.639469
-1.25,3,664.64693
21.5,43,664.758319
-0.75,1,664.761647
-0.25,2,664.767361
0.75,1,664.770131
-0.25,2,664.775862
2.25,4,664.787445
0.25,3,664.796072
0.75,4,664.807267
13.0,26,664.870078
-2.75,3,664.877423
0.75,1,664.880043
0.75,1,664.882874
7.25,10,664.907316
-3.25,5,664.918931
-0.75,1,664.921505
24.0,48,665.04179
-0.25,2,665.047767
23.0,52,665.514067
33.5,67,665.68338
20.5,41,665.784018
4.25,8,665.803007
2.75,8,665.822307
-0.25,2,665.827309
17.5,35,665.908654
2.75,8,665.927332
2.25,7,665.94366
12.0,30,666.013258
0.75,1,666.015834
2.25,13,666.045646
-1.75,2,666.050477
-0.75,1,666.053537
15.5,31,666.132063
-0.75,1,666.134903
0.75,1,666.138016
-0.25,2,666.143588
3.25,6,666.159239
2.25,7,666.177703
2.75,8,666.198656
-1.25,3,666.206538
4.25,11,666.234846
1.25,5,666.247904
0.75,1,666.251031
-2.25,4,666.261689
0.75,1,666.264714
0.75,1,666.267588
-0.75,1,666.27054
1.75,6,666.286278
20.0,40,666.383926
0.75,1,666.38727
-0.25,2,666.39519
16.5,33,666.480027
3.25,9,666.502508
-7.25,9,666.52352
13.0,26,666.582526
3.25,6,666.598446
1.75,6,666.613827
1.25,8,666.63311
2.75,8,666.6524
0.75,1,666.655149
1.75,6,666.669526
0.75,1,666.672001
14.5,29,667.061381
-0.75,1,667.064602
0.75,1,667.067679
-0.75,1,667.070514
0.75,1,667.07346
3.25,6,667.088886
0.75,1,667.091363
1.75,6,667.107174
-0.75,7,667.12556
1.75,6,667.14134
23.0,46,667.247579
13.5,27,667.314282
-0.25,2,667.319703
-0.75,1,667.322591
0.75,1,667.325378
25.5,51,667.451565
-0.25,2,667.457526
2.25,4,667.468411
0.75,1,667.471504
-0.25,2,667.476828
0.25,6,667.492237
12.0,24,667.552458
-0.75,1,667.555061
0.75,1,667.5578
18.5,37,667.651471
-0.25,2,667.65688
0.75,1,667.659679
-1.25,6,667.674407
1.25,5,667.686976
2.75,8,667.706576
0.75,1,667.709863
0.75,1,667.712723
-2.25,7,667.729935
0.75,1,667.73267
1.25,5,667.745106
26.0,52,667.869098
-0.75,1,667.871943
1.25,5,667.884372
0.75,10,667.909823
-0.25,2,667.915026
-0.25,2,667.920363
21.0,42,668.035634
14.0,28,668.120954
19.0,38,668.240187
7.75,18,668.291981
-0.75,1,668.2953
12.5,25,668.361927
0.75,1,668.365222
-0.25,2,668.371521
37.0,74,668.898606
1.75,6,668.914605
-0.75,1,668.917646
16.0,32,669.001343
1.25,5,669.014875
1.75,3,669.024486
0.75,1,669.027423
0.75,4,669.037936
-0.25,2,669.043043
0.75,1,669.045748
2.75,5,669.058718
1.75,3,669.066528
-0.25,2,669.071743
3.25,6,669.086971
3.75,7,669.105703
-0.25,2,669.112438
2.25,7,669.136088
0.75,1,669.14032
-0.25,2,669.147011
-0.25,2,669.154019
17.5,35,669.255379
0.75,1,669.258351
21.5,43,669.375459
1.75,6,669.392817
0.25,3,669.40159
4.25,8,669.424205
8.25,19,669.475698
1.75,6,669.492344
-0.75,1,669.495549
-0.25,2,669.500952
0.25,3,669.509472
-0.75,1,669.512289
-0.25,2,669.517699
2.75,5,669.53101
-0.75,1,669.533773
20.5,41,669.635775
-0.75,1,669.638575
0.75,1,669.641555
1.75,9,669.663059
0.25,3,669.670409
-0.75,1,669.673052
-0.75,1,669.675673
-0.75,1,669.678305
10.0,20,669.72665
-0.75,1,669.729488
17.0,34,669.805367
1.75,6,669.819049
3.25,6,669.832926
-0.75,1,669.835953
-0.75,1,669.838737
-0.75,1,669.841657
18.5,37,669.937968
20.5,41,670.037287
2.25,4,670.04736
0.25,3,670.055257
5.25,10,670.399408
1.75,6,670.414426
0.25,3,670.422202
14.0,28,670.489299
1.75,6,670.503202
-0.25,2,670.507903
1.75,6,670.521545
12.5,25,670.577949
5.25,10,670.604248
-0.75,1,670.607128
-0.25,2,670.612527
-0.75,1,670.615503
-2.25,7,670.632951
-0.75,1,670.636003
0.25,6,670.651735
-0.25,5,670.664716
18.0,36,670.753208
3.25,6,670.77006
-0.75,1,670.773354
-0.25,2,670.779126
0.75,1,670.782131
0.25,3,670.789891
-1.25,3,670.797979
3.25,9,670.823348
0.75,1,670.826299
-1.25,3,670.835007
16.0,32,670.919358
1.75,6,670.934848
-0.75,1,670.937763
0.75,4,670.947736
-0.25,2,670.952606
19.5,39,671.045244
0.75,1,671.047953
1.75,6,671.062612
17.0,37,671.15174
2.25,7,671.167782
8.25,19,671.212452
26.5,53,671.332863
1.25,5,671.345213
4.25,11,671.372195
0.75,4,671.381528
2.75,8,671.400831
2.75,6,671.415114
2.75,8,671.433742
1.25,5,671.445235
-3.25,8,671.464386
0.75,4,671.473593
15.5,31,671.544508
16.5,33,671.621551
14.0,28,671.998518
3.25,6,672.013602
1.75,6,672.02853
-1.25,8,672.048128
0.75,1,672.050792
3.25,6,672.065138
0.75,1,672.067557
-0.75,1,672.070142
3.25,9,672.092075
17.5,35,672.17299
0.75,4,672.182693
-2.25,4,672.19192
0.75,1,672.194373
-0.75,1,672.19679
0.75,1,672.199037
-0.75,1,672.201511
2.75,8,672.220562
2.25,7,672.237573
-0.25,2,672.242538
1.25,5,672.254495
6.75,16,672.293642
4.25,11,672.322913
0.75,4,672.333562
3.25,6,672.349087
2.25,7,672.367072
3.25,6,672.381547
3.25,9,672.403732
10.25,23,672.459489
0.25,3,672.467112
-5.25,7,672.483959
-0.25,2,672.48886
1.25,5,672.501166
-0.75,1,672.503839
-0.25,2,672.508527
-0.75,1,672.511111
-1.25,3,672.518384
25.0,50,672.640249
1.75,6,672.655781
-5.25,7,672.673643
-1.25,3,672.680591
-3.25,5,672.692543
-0.75,1,672.695241
15.5,27,672.757285
12.25,27,672.817686
0.25,3,672.824802
1.75,11,672.851698
0.25,6,672.86598
0.75,1,672.86855
-0.25,2,672.873184
-0.75,4,672.882365
3.25,6,672.897384
1.75,6,672.912307
0.25,3,672.919544
-0.25,11,672.947063
1.75,6,672.961496
13.5,27,673.028732
4.75,9,673.049043
7.75,18,673.089389
-0.75,1,673.092518
4.25,8,673.113408
0.25,6,673.129687
2.75,8,673.150998
13.5,27,673.522649
19.5,39,673.625362
-0.75,1,673.628019
4.25,8,673.647175
26.5,53,673.768657
0.25,3,673.775709
1.25,5,673.787335
11.0,22,673.837539
15.5,31,673.918982
5.25,9,673.942936
-0.25,2,673.948385
0.75,7,673.966716
3.25,6,673.982194
0.75,1,673.985012
1.25,5,673.998676
0.75,1,674.001606
-2.25,4,674.012205
-0.25,5,674.025339
23.0,46,674.133368
0.75,1,674.136242
1.75,3,674.144101
0.75,1,674.146938
22.0,44,674.252308
3.75,7,674.268526
20.0,40,674.360381
-0.25,2,674.365189
21.5,43,674.468859
5.75,7,674.486517
-0.75,1,674.489367
13.0,26,674.553764
13.0,26,674.622424
1.25,5,674.636193
-2.25,4,674.647343
0.75,10,674.675198
-0.25,2,674.680746
-2.25,4,674.692175
0.25,3,674.701513
1.75,6,674.721353
-2.25,4,674.732713
24.0,48,675.171139
0.75,1,675.174131
0.75,1,675.17699
3.25,6,675.191931
0.75,4,675.202299
0.75,1,675.205191
0.25,3,675.212534
-0.75,1,675.215336
3.25,6,675.230875
4.75,9,675.252237
3.25,6,675.266407
-4.25,6,675.280442
20.5,41,675.374701
-0.75,1,675.377636
19.0,38,675.470031
1.75,3,675.477908
12.5,25,675.540449
-0.25,11,675.56805
0.25,3,675.575866
3.25,6,675.591318
1.75,6,675.607271
0.25,6,675.622952
3.25,9,675.646258
19.0,38,675.740796
2.75,8,675.759945
2.75,8,675.779049
1.75,6,675.794138
13.5,27,675.86894
-7.25,9,675.892106
24.0,48,676.009412
-0.25,2,676.014368
-0.25,3,676.022113
0.75,1,676.024651
-2.25,4,676.034455
3.25,6,676.049531
4.75,12,676.07773
-0.75,1,676.080452
0.25,3,676.087677
0.75,4,676.097122
1.75,3,676.104362
16.5,33,676.182456
0.25,3,676.189686
-0.25,2,676.195348
1.75,6,676.211147
-1.25,6,676.227273
-0.25,2,676.232873
20.0,40,676.340428
3.25,6,676.354568
0.75,1,676.357164
1.25,5,676.680695
-0.25,2,676.685829
-0.75,1,676.688793
-2.25,4,676.699873
-0.75,1,676.702648
-0.25,2,676.708027
0.75,1,676.710911
2.75,8,676.731288
-0.75,1,676.734046
0.75,1,676.736677
3.25,6,676.751716
0.75,4,676.76091
24.5,49,676.879053
-0.25,2,676.885642
0.75,4,676.895098
12.0,24,676.95058
0.25,3,676.958229
-0.25,2,676.963703
-0.25,2,676.968828
38.5,77,677.163497
0.25,3,677.171356
1.75,3,677.179278
0.75,1,677.182111
-2.25,4,677.193156
-0.25,2,677.198615
1.25,5,677.211437
2.75,8,677.232097
39.5,79,677.45706
25.0,50,677.60522
1.75,6,677.622119
46.5,93,677.877508
-0.25,2,677.883142
19.0,38,677.982066
0.75,1,677.98519
13.0,26,678.380743
-0.75,1,678.383584
-0.25,5,678.396421
-0.25,2,678.401833
17.0,34,678.486985
-0.75,1,678.489908
0.75,1,678.492761
3.25,9,678.515558
0.75,1,678.518177
7.75,18,678.562073
-0.25,2,678.567178
3.75,7,678.584197
20.0,46,678.69354
0.75,1,678.696321
-0.25,2,678.701287
30.5,61,678.851054
1.25,5,678.863504
0.75,1,678.866318
3.25,6,678.881747
-0.25,2,678.887085
1.75,6,678.902073
0.25,3,678.909949
-1.25,3,678.917736
8.25,19,678.965686
0.75,4,678.975515
9.75,19,679.022189
0.75,4,679.032001
-0.75,1,679.034735
0.75,1,679.037655
1.75,6,679.052973
-0.25,2,679.058061
1.25,5,679.07031
3.25,9,679.091156
-0.75,1,679.09368
12.0,24,679.152901
-0.25,2,679.158024
1.75,6,679.173151
0.75,4,679.18329
22.0,44,679.287616
-0.25,2,679.292698
-0.25,2,679.297576
0.75,4,679.307278
-1.25,6,679.32116
2.75,8,679.341029
1.25,11,679.367342
-0.25,2,679.372577
3.25,6,679.386845
0.75,4,679.396636
1.75,6,679.4123
3.75,7,679.429495
1.75,6,679.444219
2.75,8,679.464003
-0.75,1,679.466818
-0.75,1,679.469611
-2.25,4,679.47967
0.25,3,679.487786
3.25,6,679.503112
0.75,1,679.505882
20.5,41,679.602642
20.0,40,679.991387
-0.25,5,680.004207
-1.25,3,680.012367
5.25,8,680.032234
2.25,7,680.049109
-0.75,4,680.058746
0.75,1,680.061487
1.25,5,680.074209
3.25,9,680.096606
21.0,45,680.204546
0.75,1,680.207061
-0.25,5,680.219169
21.0,42,680.31868
-0.25,2,680.323858
5.25,7,680.341365
-2.25,4,680.35131
1.75,6,680.366493
-0.75,1,680.369335
0.75,4,680.380094
-0.25,2,680.385334
2.75,8,680.405244
-0.25,5,680.41817
0.75,4,680.428405
1.75,6,680.443479
-0.75,1,680.446302
6.75,16,680.486264
-0.25,8,680.507112
-0.75,1,680.509951
12.0,24,680.568734
0.75,1,680.571364
-0.25,2,680.576184
1.75,3,680.583576
-0.25,2,680.588588
1.75,6,680.603666
20.0,40,680.697587
0.75,1,680.700285
3.25,6,680.715987
13.5,33,680.798892
12.0,24,680.856278
18.75,34,680.936858
-0.75,1,680.939726
16.0,32,681.019662
-0.25,2,681.025191
-0.25,2,681.030244
3.25,6,681.044887
-0.25,2,681.049959
3.25,6,681.064005
-6.25,8,681.082437
1.75,9,681.103436
0.75,1,681.105947
2.25,7,681.122082
0.25,6,681.136501
1.75,6,681.151352
15.5,31,681.545489
-0.75,1,681.550181
3.75,7,681.576227
-3.25,5,681.592452
0.25,3,681.603315
-0.75,1,681.607262
-0.25,2,681.615663
2.75,8,681.641981
-0.25,2,681.64889
2.75,8,681.675089
0.25,3,681.683033
5.25,13,681.714903
1.25,5,681.727559
0.75,4,681.73743
-0.25,2,681.742458
-0.75,1,681.745017
3.25,6,681.760335
11.0,22,681.811611
2.75,8,681.831358
23.0,46,681.937844
1.75,9,681.959587
7.25,17,682.003181
-2.25,4,682.013739
3.25,9,682.036374
3.25,9,682.057838
39.5,79,682.269238
0.75,1,682.272019
-0.75,1,682.274733
-1.25,3,682.282923
3.25,9,682.306305
1.75,9,682.330086
-0.25,8,682.351613
1.75,3,682.3601
-0.25,2,682.365375
1.75,6,682.381344
-0.75,4,682.391656
16.5,36,682.486804
-0.25,2,682.492297
0.75,1,682.495078
2.25,7,682.513738
16.75,36,682.602568
-0.75,1,682.605088
-1.25,3,682.612276
-0.25,2,682.616974
33.0,66,682.770685
-0.25,2,682.7756
1.25,5,682.787339
-0.75,1,682.790049
-0.75,1,682.792484
24.5,49,683.20135
-0.75,1,683.204018
3.25,9,683.225243
2.75,6,683.239321
1.75,6,683.253201
0.75,1,683.25569
0.25,3,683.262743
12.0,24,683.320868
1.75,3,683.32788
30.0,60,683.465526
16.5,33,683.556902
-0.25,2,683.563486
0.25,3,683.572534
1.75,6,683.589831
0.75,4,683.605355
4.25,8,683.631115
26.0,52,683.767416
4.75,9,683.791374
17.5,35,683.878485
0.25,6,683.892967
1.75,6,683.907418
21.5,43,684.010543
0.75,1,684.013061
0.75,1,684.015615
0.25,3,684.023076
3.25,6,684.038139
0.25,3,684.04566
-1.25,3,684.05316
2.25,7,684.070306
0.75,1,684.072824
0.75,1,684.075558
15.5,31,684.151474
3.25,6,684.165863
-1.75,5,684.178176
7.25,17,684.220347
16.5,33,684.29838
17.5,35,684.691132
0.75,1,684.694139
22.0,50,684.846754
36.5,73,685.087924
16.5,33,685.177996
3.25,6,685.196381
10.75,24,685.257364
3.75,13,685.291733
-0.25,2,685.29748
0.25,3,685.305799
0.25,6,685.328869
-0.25,2,685.335486
0.75,1,685.339188
7.75,18,685.395417
25.75,54,685.540417
-1.25,3,685.550736
-1.25,3,685.562132
18.0,36,685.669657
-0.25,2,685.674991
14.0,28,685.745018
0.75,1,685.747827
1.75,6,685.763309
1.25,5,685.77674
-5.25,7,685.796357
-0.25,2,685.802501
3.75,10,685.834801
0.75,1,685.83868
25.5,51,686.048295
3.75,7,686.068364
-0.75,4,686.081426
-1.25,3,686.092448
17.0,34,686.189824
-0.75,1,686.192917
1.25,5,686.206557
0.25,3,686.214783
-0.75,1,686.21794
17.5,35,686.707066
1.75,6,686.723273
-2.25,4,686.734115
25.5,51,686.87664
23.0,46,687.007046
0.25,3,687.015842
27.0,57,687.176779
2.75,8,687.199262
1.25,5,687.213351
0.75,1,687.217281
-2.25,4,687.229155
0.75,1,687.232196
2.75,8,687.267144
0.25,3,687.279277
-0.25,2,687.290258
21.5,43,687.437955
1.75,6,687.455831
22.5,45,687.58211
19.0,38,687.690749
-0.25,5,687.705436
1.75,6,687.722674
19.0,41,687.840861
3.25,6,687.857637
2.75,8,687.879636
25.0,50,688.008317
-0.25,2,688.016551
-3.25,5,688.033011
11.25,25,688.108047
26.0,52,688.56607
-0.25,2,688.572286
-3.25,5,688.58708
4.75,8,688.608728
-0.75,1,688.611356
-7.25,9,688.633255
8.25,19,688.678823
19.0,38,688.766256
0.75,1,688.768981
-0.25,2,688.774243
3.25,6,688.788962
1.75,6,688.804388
15.0,30,688.878005
2.25,6,688.891708
2.25,7,688.90831
4.5,24,688.965815
2.75,8,688.986572
4.25,7,689.007214
3.25,6,689.024225
-1.25,3,689.032791
-2.25,4,689.045279
0.75,4,689.05659
-0.75,1,689.059837
3.75,10,689.08657
-5.25,13,689.1202
-0.25,2,689.12536
3.25,6,689.140517
1.75,6,689.155708
20.0,40,689.264515
2.75,11,689.304442
2.75,8,689.327424
24.0,48,689.444087
-2.75,3,689.451807
2.25,10,689.477413
3.25,9,689.500322
-1.25,3,689.508362
15.5,31,689.591943
19.25,41,689.698129
8.75,20,689.746764
3.75,7,689.763971
-0.75,1,689.766582
0.75,1,690.079147
17.5,35,690.178039
1.25,5,690.193686
-0.75,1,690.197243
-0.75,1,690.200815
0.75,1,690.203957
-0.25,2,690.210379
0.75,1,690.213743
0.75,1,690.21682
-2.25,4,690.229343
11.0,22,690.286771
0.75,1,690.289699
-1.75,2,690.296018
2.25,7,690.314005
4.25,11,690.340394
-0.25,2,690.345537
0.75,1,690.348251
0.25,3,690.35572
0.75,4,690.365958
-0.25,2,690.371102
0.25,3,690.378276
0.75,1,690.391135
0.75,4,690.40168
23.0,46,690.511537
-0.75,1,690.514065
14.0,43,690.631383
16.5,33,690.712758
-0.75,1,690.715517
3.25,6,690.729078
-0.25,2,690.73449
0.75,1,690.737289
-0.25,2,690.742411
0.75,4,690.752151
-0.75,1,690.754963
1.25,5,690.767046
2.25,7,690.783568
2.25,7,690.802488
15.0,30,690.88256
30.5,61,691.036918
-0.25,2,691.042041
-0.25,2,691.047017
-0.25,2,691.052036
-0.75,1,691.054697
36.0,72,691.237597
0.75,1,691.241054
-0.25,2,691.247254
2.75,8,691.268945
-0.25,2,691.274431
3.25,6,691.29046
-0.75,1,691.293375
-0.75,1,691.296974
-0.25,5,691.311544
-2.25,4,691.322243
0.75,1,691.32494
0.25,6,691.340588
-0.25,2,691.345642
-0.75,1,691.348955
-0.25,2,691.354402
-0.25,2,691.359285
10.25,23,691.413583
15.5,31,691.797188
1.25,3,691.80554
-0.25,3,691.813593
-0.75,1,691.81646
12.5,25,691.880581
0.75,1,691.883273
1.75,9,691.904778
5.25,10,691.928095
2.75,4,691.937845
0.75,4,691.948468
4.25,8,691.968449
0.75,4,691.978205
-0.75,1,691.980749
0.75,4,691.991193
1.75,6,692.00843
19.0,38,692.098254
20.5,41,692.195665
27.5,55,692.326883
15.5,31,692.409252
-4.25,6,692.425104
0.75,1,692.427946
0.75,4,692.438673
-0.25,2,692.444527
-0.75,1,692.447454
-1.25,3,692.455973
3.25,6,692.472208
3.75,7,692.490586
4.25,11,692.519901
-1.25,3,692.527973
2.25,7,692.545907
5.25,10,692.570941
-0.25,2,692.57641
-0.25,2,692.581865
17.5,35,692.680885
0.75,1,692.6848
0.75,10,692.715444
0.75,1,692.718504
-0.25,2,692.726175
2.75,8,692.75279
-0.75,1,692.756047
6.75,16,692.805854
1.75,6,692.824062
-0.25,2,692.830213
-0.25,2,692.836514
-0.25,2,692.843255
2.25,7,692.865841
-0.25,2,692.872165
-0.75,1,692.875598
1.75,6,692.894721
2.75,8,692.918296
-0.75,1,692.92141
3.25,9,692.955494
0.25,3,692.965343
2.75,8,692.992655
-0.25,2,693.002121
18.0,36,693.107445
17.5,35,693.608656
-2.75,3,693.617337
5.25,10,693.643416
1.25,8,693.663502
-0.75,1,693.666559
-0.25,2,693.672167
-0.25,2,693.677755
3.75,10,693.704946
0.25,6,693.720644
-0.25,2,693.725811
23.5,53,693.851128
55.5,111,694.129308
17.5,38,694.227236
0.25,3,694.236655
0.25,3,694.245876
3.75,7,694.266993
0.75,1,694.270023
1.75,6,694.286217
30.5,61,694.467092
15.5,31,694.551098
0.25,3,694.559533
-0.75,1,694.562464
25.5,51,694.695059
16.5,33,694.774287
0.75,4,694.783756
18.5,37,695.262795
-2.25,4,695.274086
4.75,8,695.296868
-0.25,2,695.302196
3.25,6,695.318604
0.75,1,695.321345
12.0,24,695.383793
2.75,8,695.40367
18.0,42,695.509599
2.25,7,695.530595
3.75,6,695.545702
12.5,25,695.608497
-3.25,5,695.621314
4.75,7,695.638868
3.25,6,695.653716
27.5,55,695.788638
0.25,3,695.796403
14.5,29,695.869677
16.0,32,695.9632
1.75,6,695.978861
21.0,42,696.095145
-0.25,2,696.100756
27.0,54,696.243698
-0.25,2,696.249495
-1.25,3,696.257477
2.75,8,696.279455
0.75,1,696.282847
0.75,1,696.285851
14.0,28,696.361999
3.25,6,696.378366
-1.25,9,696.402443
0.25,3,696.410751
1.75,6,696.429701
1.75,6,696.44677
15.5,31,696.533584
3.25,12,696.565849
20.0,40,697.020479
-2.25,4,697.030771
-0.25,5,697.043782
0.75,1,697.046877
-0.25,2,697.052612
3.25,9,697.07488
-0.25,2,697.079973
15.5,31,697.158259
2.75,8,697.182972
-0.75,1,697.186035
18.5,37,697.279468
5.25,10,697.305866
31.5,63,697.466317
18.5,37,697.559579
3.25,6,697.575661
0.75,1,697.578744
3.25,6,697.594735
2.25,7,697.616444
-1.25,3,697.624392
-0.25,2,697.63043
32.5,65,697.795708
23.5,47,697.916021
-2.25,4,697.926762
3.25,6,697.94247
5.25,9,697.9657
-0.25,2,697.971206
17.5,35,698.060423
-5.25,7,698.077611
-2.25,4,698.087927
-5.25,7,698.107178
-0.25,2,698.112774
-3.25,8,698.134243
-2.25,4,698.145056
0.25,3,698.153657
3.25,6,698.170916
20.0,40,698.275546
0.75,1,698.598763
27.5,55,698.753563
0.25,3,698.761841
0.75,1,698.764844
27.0,54,698.914364
3.25,6,698.92956
-0.75,1,698.932428
25.0,50,699.059503
-0.25,2,699.064729
2.25,7,699.082207
-0.75,1,699.085164
1.25,5,699.098041
9.5,22,699.154407
0.75,4,699.164419
-6.25,8,699.185863
-0.75,1,699.189091
12.5,25,699.253652
3.25,9,699.277397
0.75,1,699.280072
0.75,1,699.282757
0.75,1,699.285635
-1.25,6,699.301834
0.25,3,699.309892
0.75,1,699.312787
0.25,3,699.320392
0.75,4,699.330265
1.25,5,699.342508
0.75,1,699.345076
3.25,9,699.367385
-0.75,1,699.37
-0.75,1,699.372506
21.0,42,699.481374
7.75,18,699.535576
0.75,1,699.54085
3.25,6,699.55871
7.75,12,699.590447
-2.75,3,699.600486
3.25,6,699.61871
-2.75,3,699.628364
2.25,7,699.648125
6.25,9,699.671108
0.75,1,699.674176
-3.25,5,699.68746
-0.25,2,699.692847
-0.25,2,699.698158
-1.25,3,699.70604
1.75,6,699.722114
-1.25,3,699.730109
0.75,1,699.733063
0.75,1,699.735973
-0.75,1,699.738858
0.75,1,699.741604
0.25,9,699.765048
-1.75,8,699.785783
-0.25,2,699.791906
0.75,1,699.794782
17.5,35,699.882021
10.5,24,699.942982
0.75,1,699.945991
0.75,1,699.949282
-0.75,1,699.952348
1.25,5,699.965176
20.0,40,700.376541
1.75,6,700.391696
2.25,7,700.409712
1.75,6,700.42439
0.75,1,700.427293
5.75,8,700.447883
2.25,7,700.46606
15.0,30,700.540794
-0.75,7,700.559206
0.75,1,700.562154
0.75,1,700.564867
-0.25,2,700.570161
17.5,35,700.660245
23.5,47,700.780554
-0.25,2,700.785985
27.0,54,700.923714
-0.75,1,700.926543
-0.25,2,700.932059
-0.75,1,700.934964
12.0,24,700.999643
2.25,7,701.019161
14.5,29,701.09148
0.75,1,701.094363
8.75,20,701.143054
0.75,1,701.146027
1.75,6,701.161896
-0.25,2,701.168069
-0.75,1,701.171166
-0.75,1,701.174081
3.25,6,701.189766
-0.75,1,701.192749
-0.75,4,701.204245
2.25,7,701.222426
-2.75,3,701.230523
1.25,8,701.251973
4.25,8,701.272537
-0.25,2,701.277961
-0.25,2,701.284075
23.5,47,701.405545
-6.25,8,701.427094
-2.25,4,701.437895
-0.75,1,701.440652
2.75,8,701.460147
0.75,1,701.463101
3.25,6,701.479422
20.0,40,701.580335
0.75,1,701.583175
1.75,5,701.596178
-0.75,1,701.904871
11.5,23,701.966768
1.75,3,701.974779
0.75,1,701.97761
1.75,6,701.993749
1.75,6,702.009501
1.75,6,702.025564
0.75,1,702.028474
-0.75,1,702.031469
2.25,7,702.049198
-0.75,1,702.052082
0.75,1,702.055075
1.75,12,702.08581
1.75,6,702.100782
0.75,1,702.103561
-0.75,10,702.128378
0.75,1,702.131201
0.25,9,702.155313
0.75,1,702.158864
-0.25,2,702.164345
20.5,41,702.268198
0.75,1,702.271081
8.0,16,702.311654
41.0,82,702.531148
7.75,18,702.576457
1.25,5,702.589405
-0.25,2,702.595032
3.25,6,702.610677
23.5,47,702.72836
0.75,1,702.731283
0.75,1,702.734052
2.25,7,702.752341
-0.25,2,702.757442
5.75,9,702.780806
3.25,9,702.805009
1.75,6,702.820332
20.5,41,702.927398
23.5,53,703.069217
1.25,5,703.082601
1.25,5,703.097997
12.0,24,703.163677
0.25,3,703.171723
-0.25,2,703.177659
-0.75,1,703.180752
15.0,30,703.578337
-0.25,5,703.591424
1.75,9,703.616099
13.0,26,703.685217
2.25,7,703.703455
-0.75,1,703.706138
0.75,4,703.716475
-0.25,2,703.721654
-2.75,3,703.729414
-0.25,2,703.734574
2.25,13,703.768467
2.25,4,703.778831
3.25,6,703.793534
-0.75,1,703.79607
12.0,24,703.857239
1.25,5,703.870344
0.75,1,703.873015
-0.25,2,703.878178
2.25,4,703.888747
3.25,6,703.904348
-2.75,9,703.925925
3.25,6,703.940976
0.75,1,703.943447
12.0,24,704.004307
-0.25,2,704.009709
-0.75,1,704.012456
0.75,1,704.015313
12.0,24,704.081506
-0.75,1,704.08441
3.25,9,704.107088
-0.25,2,704.112639
16.5,36,704.204582
3.25,6,704.219847
1.75,6,704.235803
-0.75,1,704.238878
1.25,8,704.259801
0.75,4,704.270389
-0.25,2,704.276073
3.25,6,704.292961
-0.25,2,704.298292
3.25,9,704.320936
2.25,10,704.347615
1.25,8,704.368032
-0.75,1,704.370905
-0.75,1,704.373722
15.5,31,704.453277
0.75,4,704.463497
0.25,3,704.471359
-0.25,2,704.47674
37.0,74,704.675554
1.25,5,704.68943
4.75,9,704.711721
0.75,1,704.714804
-0.25,2,704.720213
-2.25,4,704.731139
-0.75,1,704.734368
0.25,3,704.742952
3.25,6,704.759665
14.0,28,704.828498
0.75,1,704.831285
21.0,42,705.263833
-0.25,2,705.269182
20.0,40,705.369491
-0.25,2,705.375309
-4.75,11,705.402656
-0.25,2,705.408213
0.75,10,705.432861
3.25,6,705.447533
-0.75,1,705.450414
3.75,10,705.475077
3.75,7,705.492646
2.25,4,705.503013
0.75,1,705.505574
1.75,6,705.52016
0.75,1,705.522832
17.0,34,705.608449
0.75,1,705.611193
-0.75,1,705.613926
3.25,6,705.628541
12.5,25,705.690057
0.25,3,705.697757
16.5,33,705.778811
-0.25,2,705.78437
2.25,13,705.816153
0.75,1,705.819033
13.0,26,705.883586
1.75,3,705.891875
-0.75,1,705.894828
1.75,6,705.909499
24.5,49,706.031646
16.0,38,706.127432
3.25,6,706.142437
12.0,24,706.204943
0.75,1,706.208258
15.0,30,706.284536
0.75,1,706.287445
-0.75,1,706.290699
0.75,1,706.293555
15.0,30,706.370505
3.75,7,706.388419
2.25,7,706.406313
-2.25,4,706.417575
12.0,24,706.481908
-2.25,4,706.492707
5.25,10,706.517661
37.5,75,707.012861
28.0,56,707.152294
0.75,4,707.162612
0.25,6,707.179536
-0.25,2,707.184798
2.25,7,707.201544
-0.75,1,707.204274
0.75,1,707.20702
0.75,1,707.209951
14.0,28,707.277289
17.5,41,707.376315
-0.25,2,707.381499
-0.75,1,707.384181
3.75,7,707.400396
-1.25,6,707.414312
-0.75,1,707.41699
-0.25,2,707.42198
-0.25,2,707.426773
-1.25,3,707.435045
-2.25,4,707.445473
6.75,16,707.482171
-1.25,3,707.48961
-0.25,2,707.495215
25.5,51,707.622986
0.75,4,707.633029
12.5,25,707.694559
0.75,1,707.697417
0.75,1,707.700066
19.0,38,707.794523
2.75,8,707.815183
3.25,9,707.83848
-0.25,2,707.844361
14.5,29,707.917908
3.25,6,707.933011
20.0,40,708.035404
0.25,3,708.042744
0.75,10,708.067886
24.0,48,708.509469
2.75,8,708.528983
3.25,6,708.544101
-0.25,2,708.549253
0.75,1,708.551907
-1.25,3,708.559536
3.25,6,708.574353
0.75,1,708.576916
-0.25,2,708.581843
17.0,37,708.673614
-1.25,3,708.682199
1.75,6,708.697397
-5.25,12,708.727348
9.0,18,708.771654
24.5,49,708.893147
-2.75,3,708.900789
-2.75,9,708.923249
0.25,3,708.930599
-0.25,8,708.950319
5.25,10,708.975092
-0.25,2,708.980191
-0.75,1,708.982915
-5.25,7,709.000204
15.5,37,709.09266
19.5,39,709.185972
0.75,1,709.188429
0.75,10,709.212611
0.75,1,709.215257
-0.25,2,709.220452
2.75,8,709.240207
2.75,8,709.261414
-0.75,1,709.264561
15.5,40,709.362951
26.5,53,709.497522
-0.25,2,709.503223
5.25,10,709.528953
24.5,52,709.66133
-2.75,3,709.669532
1.75,6,709.684489
4.75,9,709.706739
4.25,8,710.053549
13.0,26,710.127278
-0.75,1,710.130154
3.25,6,710.145809
3.75,7,710.163741
0.75,1,710.166965
3.75,7,710.18822
1.75,6,710.204057
3.75,13,710.236302
13.0,26,710.300911
0.75,1,710.303887
-0.25,11,710.331986
-7.25,9,710.353845
4.25,7,710.373365
24.5,49,710.491694
-0.75,1,710.494328
0.25,3,710.501788
1.25,5,710.513045
12.0,24,710.573094
1.75,3,710.580694
-1.25,1,710.583485
-2.75,3,710.591482
3.75,7,710.610247
-0.75,1,710.613041
-5.25,7,710.632016
3.25,6,710.647468
0.75,1,710.650354
0.25,6,710.665433
-0.75,1,710.66817
3.25,6,710.682391
21.5,49,710.803287
3.25,6,710.817835
1.75,6,710.832392
-2.75,12,710.863681
0.75,1,710.866555
1.75,6,710.881697
0.75,1,710.884231
-2.75,3,710.891261
2.25,4,710.900708
1.75,3,710.907542
2.25,4,710.918858
17.5,38,711.009119
10.0,20,711.058486
24.0,48,711.181259
18.0,36,711.283441
-2.25,4,711.294421
25.0,50,711.734924
14.0,28,711.803141
24.5,49,711.917948
13.0,26,711.980614
-1.25,3,711.989407
1.75,6,712.004859
4.25,6,712.020252
0.75,1,712.023081
3.25,6,712.038578
0.75,1,712.041171
30.5,61,712.190129
12.0,24,712.250071
0.75,1,712.252845
17.5,35,712.33904
28.0,59,712.485244
21.0,42,712.611385
-0.75,1,712.614893
2.25,4,712.628052
0.75,1,712.631722
-0.75,1,712.635685
1.25,5,712.654112
-0.25,2,712.660484
0.75,1,712.663723
-0.25,2,712.669896
3.25,6,712.691023
-0.25,2,712.698215
35.0,70,712.88307
-0.25,2,712.88857
26.5,53,713.338534
0.25,3,713.345977
2.25,7,713.363288
1.75,3,713.371291
1.25,5,713.384229
1.75,6,713.399547
0.75,1,713.402431
20.5,41,713.501662
-1.75,2,713.506597
0.75,1,713.509454
-5.25,7,713.526505
-5.25,7,713.543601
-0.25,2,713.548697
-0.25,2,713.553945
0.75,1,713.556474
-1.25,3,713.564613
0.75,1,713.567727
-0.25,2,713.573638
1.25,5,713.586373
-3.25,8,713.607663
3.75,7,713.624725
1.75,9,713.647847
-0.25,2,713.653338
-2.25,4,713.663712
6.75,16,713.70299
7.75,18,713.747144
-0.25,5,713.75979
0.75,1,713.762428
18.0,36,713.848701
0.75,1,713.851503
-0.75,1,713.854593
-0.75,1,713.857424
0.75,10,713.881932
-0.75,1,713.884812
-0.25,2,713.88986
-0.25,2,713.895427
-6.25,8,713.916187
-1.25,3,713.92421
1.75,6,713.939408
0.25,9,713.961519
-0.25,2,713.96622
2.25,7,713.982416
3.25,6,713.998226
24.0,48,714.115486
-0.75,1,714.11824
1.75,9,714.140738
2.25,4,714.151433
-1.25,3,714.15924
5.25,10,714.185077
-0.25,2,714.190212
14.0,28,714.258778
-2.25,4,714.268797
4.75,9,714.290282
-1.25,6,714.306496
-3.25,14,714.343186
9.25,21,714.397979
3.25,6,714.413578
3.25,9,714.436528
5.0,31,714.516523
3.25,6,714.532822
2.25,7,714.551535
-0.75,1,714.554387
-0.75,1,714.557292
14.0,31,714.95154
1.75,6,714.967376
5.25,10,714.99311
2.25,4,715.004241
1.75,9,715.026591
-1.25,3,715.035411
-0.25,2,715.041021
3.75,7,715.059292
2.75,6,715.075923
3.25,6,715.091156
17.5,35,715.180268
2.25,7,715.198217
15.0,30,715.273499
-0.75,1,715.27622
27.5,55,715.411654
24.0,48,715.532249
19.5,39,715.630477
3.25,6,715.644813
1.75,6,715.660237
12.0,30,715.733564
-0.75,4,715.743451
2.25,7,715.760377
3.25,6,715.774968
16.5,33,715.854228
8.75,13,715.885141
-6.75,10,715.907977
-1.25,9,715.930307
13.5,27,716.003151
-0.75,1,716.005987
-0.75,1,716.008906
1.25,11,716.036322
11.5,26,716.100085
0.25,9,716.122153
17.5,35,716.521707
-2.75,6,716.536716
3.25,6,716.552266
-5.25,7,716.569365
25.5,51,716.695951
2.75,8,716.715188
1.25,5,716.726922
1.25,5,716.74104
0.75,1,716.743873
1.75,3,716.751764
0.75,1,716.754858
3.25,9,716.777637
18.0,36,716.866502
-0.75,1,716.869375
-6.25,8,716.889167
28.5,57,717.030432
1.25,5,717.042707
0.75,4,717.052711
-7.25,9,717.075481
25.5,43,717.180114
-0.75,1,717.183024
0.25,3,717.190826
-4.25,6,717.205776
-0.25,5,717.218094
0.75,1,717.220866
-4.25,9,717.243843
-1.25,9,717.266425
3.75,7,717.284822
3.25,6,717.300173
0.75,4,717.310108
0.25,3,717.318013
-4.25,6,717.333076
0.75,1,717.335729
-0.25,5,717.348058
2.25,7,717.365677
4.25,11,717.393538
-0.25,2,717.399067
23.0,52,717.527479
-0.75,1,717.530453
0.25,3,717.538335
0.75,1,717.541472
0.25,9,717.563046
-2.25,4,717.57367
1.75,6,717.589648
3.75,7,717.608336
3.25,6,717.623582
-2.75,3,717.63144
-0.75,1,717.634263
2.75,8,717.654279
20.5,47,717.773784
-2.25,7,718.105916
1.25,5,718.118868
8.75,29,718.188761
-0.25,2,718.193777
-0.75,1,718.196391
27.5,55,718.325704
-0.75,1,718.328325
1.75,6,718.342271
-1.25,3,718.349392
3.25,6,718.364094
2.25,4,718.374082
-1.75,11,718.399048
-1.25,1,718.401484
0.75,1,718.404541
3.25,6,718.418986
-0.75,1,718.42151
8.75,20,718.468715
1.75,12,718.496397
0.75,1,718.499037
21.5,43,718.604017
0.75,1,718.606972
2.25,7,718.624697
0.75,1,718.627249
2.25,7,718.644225
9.75,22,718.699168
-1.25,3,718.706593
-2.25,4,718.716539
-0.25,2,718.721527
3.75,7,718.738698
15.0,30,718.812669
-2.75,3,718.820464
-0.75,1,718.82311
1.75,6,718.838278
-2.75,12,718.867502
9.5,28,718.937459
13.5,27,719.004958
21.0,42,719.107831
0.75,1,719.110616
2.75,8,719.12996
1.75,6,719.145424
18.0,36,719.234746
12.0,24,719.294403
55.5,111,719.874089
-0.75,1,719.876734
0.75,1,719.87966
0.75,1,719.882744
1.75,12,719.914049
-3.25,5,719.927229
0.75,4,719.937093
12.0,24,719.996264
3.25,6,720.01175
-0.25,2,720.016918
3.25,6,720.032031
1.75,6,720.047124
0.75,1,720.04969
12.0,24,720.110678
-0.75,4,720.120585
-3.25,5,720.132735
2.75,8,720.152149
1.75,12,720.182564
1.75,9,720.205065
-1.25,3,720.212866
-0.75,1,720.215656
0.25,3,720.223526
-1.25,12,720.253798
3.25,9,720.275828
0.75,1,720.278642
4.75,12,720.30799
1.75,6,720.322603
15.0,30,720.398344
10.5,24,720.456718
12.0,24,720.514837
0.75,10,720.540243
-2.75,3,720.548303
0.25,3,720.556409
5.25,10,720.581237
5.25,10,720.608594
-1.75,8,720.628102
0.75,1,720.630834
0.25,3,720.63905
13.0,26,720.700969
5.25,10,720.72516
23.5,47,720.835173
0.75,1,720.838018
16.5,36,720.92795
3.75,7,721.256445
0.25,9,721.279449
4.25,7,721.299494
3.25,6,721.314674
-0.75,1,721.317294
-0.25,2,721.322366
3.25,6,721.336701
1.75,3,721.344057
0.25,9,721.366363
2.75,5,721.378821
1.75,9,721.399403
1.75,3,721.40633
2.75,11,721.430785
0.25,3,721.439181
3.75,7,721.456064
0.75,1,721.458871
5.25,10,721.482183
1.25,5,721.494663
-4.25,6,721.509273
1.75,9,721.532955
28.0,56,721.677804
12.0,24,721.737816
3.25,6,721.753054
-2.75,3,721.760535
0.75,4,721.770383
14.0,31,721.846704
-0.25,2,721.851985
0.75,1,721.854586
-0.75,1,721.857321
0.75,1,721.859996
0.75,1,721.862764
-0.75,1,721.865492
0.25,3,721.87319
-1.25,3,721.880588
-0.25,5,721.893074
1.75,6,721.908203
0.75,1,721.910794
-1.25,3,721.918237
11.0,22,721.972642
-1.25,3,721.980869
-1.75,11,722.008514
-0.25,2,722.013697
4.75,9,722.035604
23.5,47,722.146216
6.75,16,722.18471
13.0,26,722.244275
15.0,30,722.316227
0.75,1,722.319054
0.25,3,722.326681
19.0,38,722.416282
0.75,1,722.419031
22.5,45,722.821437
15.5,31,722.89601
0.75,1,722.89887
3.75,7,722.916036
-0.25,2,722.921137
13.0,26,722.983516
5.75,14,723.018708
0.75,1,723.02131
12.0,24,723.079559
19.5,39,723.173663
-0.75,1,723.176584
0.75,1,723.179092
1.75,6,723.194032
0.75,1,723.196713
1.25,8,723.216664
-0.75,1,723.219437
3.25,6,723.23424
0.75,1,723.237036
23.5,42,723.338441
11.0,22,723.392557
2.25,7,723.40979
12.0,24,723.46809
0.75,4,723.47802
18.5,37,723.564949
0.75,1,723.567459
3.25,6,723.581859
-1.75,5,723.594396
-2.75,3,723.60204
1.75,3,723.609605
0.75,1,723.612427
-0.75,1,723.61504
19.5,39,723.713058
4.75,9,723.734833
-7.25,9,723.756652
-0.25,2,723.761816
17.5,35,723.845514
0.75,1,723.848306
1.75,6,723.862743
2.75,8,723.881615
-0.75,1,723.884145
-0.75,1,723.886862
-0.25,2,723.892217
3.25,6,723.906797
-0.75,4,723.916678
-0.75,1,723.919691
21.0,42,724.022643
-0.75,1,724.02535
-0.25,2,724.030743
7.75,11,724.353542
5.25,8,724.373276
13.0,26,724.437129
4.75,9,724.459159
12.0,24,724.517518
-0.75,7,724.534076
0.75,1,724.536872
-0.75,1,724.539742
0.75,1,724.542336
0.75,1,724.54502
0.75,4,724.554636
4.75,9,724.57751
-0.25,2,724.582642
3.75,10,724.607284
1.75,6,724.622348
2.75,8,724.642479
4.25,8,724.662075
1.75,6,724.67696
-2.25,4,724.688114
-0.75,1,724.690935
0.75,1,724.693729
-0.25,2,724.698998
-0.75,1,724.701982
-0.75,1,724.70458
-0.25,2,724.710096
2.25,4,724.720438
-0.75,1,724.723369
20.0,40,724.81574
27.0,54,724.943922
0.75,1,724.946763
0.25,3,724.954284
3.75,10,724.979178
3.25,6,724.994202
1.25,5,725.00707
2.25,7,725.024225
-4.25,6,725.039941
-0.25,2,725.045245
-0.25,2,725.050369
25.0,50,725.174224
17.5,35,725.260334
1.75,3,725.26782
-0.25,2,725.273307
1.25,8,725.294304
17.0,34,725.375693
2.25,4,725.385614
1.75,3,725.393371
7.75,18,725.4368
1.75,3,725.444221
0.75,1,725.446583
1.75,3,725.453527
3.25,6,725.467911
36.5,73,725.970988
1.75,6,725.986035
19.5,39,726.081334
18.5,37,726.170288
-0.25,2,726.17524
-0.25,2,726.179968
2.25,7,726.196996
5.25,10,726.220662
4.25,8,726.240969
2.25,4,726.250952
3.25,9,726.273809
12.25,27,726.336872
-0.25,2,726.342087
-0.25,2,726.347597
10.5,27,726.411874
21.0,42,726.511943
1.75,6,726.52688
-0.25,2,726.53209
3.75,7,726.550174
12.0,24,726.608423
0.75,1,726.611083
-0.25,2,726.616159
-0.75,1,726.618819
3.25,9,726.641121
1.25,8,726.660676
17.5,35,726.750174
2.75,8,726.769675
3.25,6,726.784882
-0.75,1,726.787636
4.25,11,726.81466
15.0,30,726.886029
-0.25,2,726.890839
-0.75,1,726.893304
1.75,6,726.907832
-0.25,2,726.913139
3.25,9,726.935467
3.25,6,726.950397
1.75,6,726.964741
20.0,40,727.063218
14.5,29,727.131657
3.75,7,727.148679
18.0,36,727.547443
2.75,8,727.568005
-0.75,1,727.570923
13.5,27,727.637038
-0.75,1,727.639742
-0.25,2,727.645308
-0.25,2,727.650742
-1.25,6,727.665572
25.0,50,727.78555
3.25,6,727.80017
0.75,1,727.802769
-1.25,3,727.809683
-0.75,1,727.81219
18.0,36,727.898286
15.0,30,727.967656
7.75,18,728.014299
-0.25,5,728.026495
0.75,1,728.029328
24.0,48,728.144058
0.25,3,728.151922
0.75,1,728.154554
16.0,32,728.230791
0.75,1,728.233542
14.0,34,728.315825
-0.25,2,728.321001
2.25,7,728.338043
13.0,29,728.406653
3.25,6,728.421949
-3.25,5,728.434563
7.75,18,728.478607
0.75,1,728.481409
0.75,4,728.491272
5.25,10,728.516185
20.0,40,728.611674
1.75,6,728.626249
11.5,23,728.682019
14.0,28,729.064047
-0.25,2,729.069244
4.25,8,729.089425
1.75,3,729.097426
12.0,24,729.15714
13.0,26,729.220455
0.75,1,729.222956
-3.25,11,729.250645
3.25,6,729.265236
-1.25,9,729.28767
12.0,24,729.346371
-1.25,3,729.353719
6.75,16,729.3927
-0.25,2,729.397548
0.75,1,729.400439
-1.25,3,729.408135
26.5,53,729.536939
13.0,26,729.595242
-0.75,1,729.597763
2.75,8,729.618965
3.25,6,729.633329
25.0,59,729.771899
3.75,7,729.789879
-0.75,7,729.807166
2.25,7,729.82435
-0.25,2,729.829572
34.5,72,730.006762
21.5,43,730.112614
32.0,64,730.270164
0.25,3,730.277848
-1.25,9,730.618557
16.0,35,730.706547
17.0,37,730.798012
0.25,3,730.805739
3.25,6,730.82083
-2.25,10,730.84635
-0.25,5,730.858711
12.0,24,730.915822
1.25,5,730.928191
-4.25,6,730.94383
3.25,6,730.959293
-0.25,8,730.979015
20.5,50,731.1071
-2.25,4,731.117517
17.0,40,731.216005
-1.25,3,731.223554
-5.75,6,731.23812
-8.25,10,731.263994
19.0,38,731.359948
0.75,4,731.370155
-9.25,11,731.398106
-6.25,8,731.417468
-0.75,1,731.419982
26.5,56,731.557155
0.25,3,731.564507
-1.25,3,731.571729
-1.25,3,731.579373
-0.25,2,731.584561
-0.75,10,731.610492
2.25,7,731.627788
16.5,33,731.708968
-4.25,6,731.725489
-4.25,6,731.741249
-0.75,7,731.759802
30.0,60,732.31994
20.0,40,732.423052
-0.25,2,732.428506
0.75,1,732.431478
1.25,14,732.468312
2.75,8,732.488583
32.5,65,732.649015
3.25,6,732.663007
4.75,9,732.683545
-0.25,2,732.688262
-0.75,10,732.712596
0.25,9,732.734272
-3.25,5,732.746394
0.75,1,732.749073
0.75,1,732.751687
0.75,1,732.754468
14.5,29,732.825058
21.0,42,732.929765
-0.25,2,732.934894
2.25,13,732.967154
17.5,35,733.055076
-0.75,1,733.057889
0.25,3,733.06569
0.25,6,733.081558
-3.25,5,733.094532
1.25,8,733.115043
0.75,13,733.147227
1.75,3,733.154192
24.5,49,733.275779
6.75,9,733.297377
14.5,35,733.382611
3.25,6,733.397207
1.75,6,733.412357
2.25,13,733.444758
15.5,31,733.516194
-0.75,1,733.519244
0.75,1,733.522145
0.25,3,733.530132
14.0,31,733.924443
0.75,1,733.927719
3.75,10,733.953528
0.75,4,733.964432
-2.25,4,733.974908
0.75,4,733.98548
-0.75,1,733.988456
20.0,40,734.094322
30.5,61,734.246939
1.75,6,734.261017
-0.75,1,734.263739
29.5,62,734.417071
0.75,4,734.427069
-1.25,3,734.434381
6.25,15,734.471273
0.75,1,734.473959
0.75,1,734.476935
6.75,16,734.516256
5.75,9,734.538751
2.75,8,734.559272
4.25,11,734.587047
3.75,10,734.612482
22.75,48,734.734053
-0.75,1,734.736857
-0.75,1,734.739635
-0.75,1,734.742284
0.25,3,734.749746
0.75,1,734.752586
0.75,4,734.763185
4.5,24,734.823346
0.75,1,734.826157
15.5,31,734.903343
-0.25,2,734.908704
0.75,1,734.911527
-0.75,1,734.914113
30.5,61,735.070092
-0.75,1,735.072884
0.25,3,735.080907
-0.75,1,735.083727
2.75,8,735.103947
4.75,9,735.125962
1.25,5,735.138209
0.75,1,735.140762
16.0,32,735.522437
18.0,36,735.612867
-0.25,2,735.618372
1.75,6,735.633722
1.75,6,735.648992
3.25,9,735.67239
4.25,8,735.692466
0.75,4,735.702919
-0.75,1,735.705881
3.25,6,735.721195
3.25,9,735.743727
0.75,1,735.746655
-0.25,2,735.751814
1.75,6,735.766456
3.25,6,735.780821
-0.25,2,735.785752
-0.25,2,735.79084
4.75,12,735.819712
-0.75,1,735.822457
4.25,11,735.849285
9.0,18,735.89198
0.75,1,735.894473
0.75,1,735.896983
10.5,24,735.954689
15.5,31,736.028926
1.25,5,736.041747
16.5,33,736.1235
0.25,3,736.130476
-0.75,1,736.133047
8.25,19,736.177396
1.75,6,736.193614
-0.75,1,736.196084
0.75,4,736.206069
15.5,31,736.280335
0.75,1,736.283035
10.25,20,736.332249
-0.25,2,736.337318
-6.25,8,736.35699
0.25,3,736.364192
-0.25,3,736.371385
1.75,6,736.386353
20.5,41,736.482458
-2.75,3,736.490036
3.25,6,736.503797
0.75,4,736.513463
-0.75,1,736.516125
1.75,6,736.530041
1.75,6,736.543706
0.75,1,736.546573
-0.75,1,736.549452
14.0,28,736.617399
-0.25,2,736.622689
0.75,1,736.625145
1.75,6,736.639338
6.25,12,736.667127
-2.75,3,736.674175
-0.25,2,736.678963
14.5,38,737.073518
-1.25,3,737.081468
-1.25,12,737.113073
3.25,6,737.128126
-3.25,5,737.141163
19.5,39,737.237633
4.25,11,737.265157
26.0,52,737.392958
3.25,6,737.408464
0.75,1,737.411271
15.0,26,737.473221
15.5,31,737.548844
17.5,35,737.63423
18.0,36,737.721202
19.5,39,737.814151
2.75,8,737.832908
-0.75,7,737.850368
-0.25,2,737.855351
-0.75,1,737.857971
21.0,45,737.968836
0.75,1,737.971835
-1.25,9,737.994723
-0.25,2,738.000118
19.0,38,738.091745
0.75,1,738.094736
0.75,1,738.097659
0.75,1,738.100634
2.25,7,738.117848
2.75,8,738.137544
1.75,6,738.15246
3.25,9,738.173759
0.75,4,738.1837
-0.25,2,738.189033
0.25,3,738.19659
3.75,9,738.217725
-0.25,2,738.223084
-0.25,2,738.228195
0.75,4,738.238028
11.0,22,738.57184
2.75,8,738.59143
-2.25,4,738.601214
3.75,10,738.62621
0.75,1,738.629101
17.5,38,738.724047
3.25,6,738.739505
25.5,51,738.865875
-0.25,2,738.87192
26.0,52,738.99564
-2.25,4,739.006005
-0.75,1,739.009172
13.0,26,739.074008
0.75,1,739.076735
0.75,1,739.079315
29.5,59,739.217498
17.5,38,739.30544
0.25,3,739.313173
1.75,9,739.334388
11.5,23,739.390166
0.75,1,739.39306
6.25,9,739.415473
0.75,1,739.418035
-0.75,1,739.420575
8.75,20,739.467898
-0.75,1,739.471253
-0.75,1,739.474018
28.0,56,739.607093
-0.75,1,739.610051
-0.25,2,739.615583
-0.25,2,739.621284
0.75,1,739.624102
3.25,6,739.639276
2.75,8,739.659364
-0.25,8,739.679481
-0.75,1,739.682314
-1.25,3,739.689905
2.75,8,739.709343
26.0,52,740.124171
1.75,9,740.147228
-0.75,1,740.149852
3.25,6,740.164566
1.25,5,740.176886
7.25,17,740.217974
2.75,8,740.237166
-0.25,2,740.242486
1.75,6,740.257538
17.5,35,740.341056
-0.25,2,740.346385
-0.75,1,740.349135
11.0,25,740.410655
2.75,8,740.431058
-0.25,2,740.436368
3.25,6,740.451254
3.25,6,740.466784
2.75,8,740.487072
24.5,49,740.605159
-0.75,1,740.60812
15.5,31,740.68252
16.0,32,740.759714
18.0,36,740.844034
1.75,6,740.85765
-1.25,6,740.871936
-0.75,1,740.874707
19.5,39,740.971858
1.75,6,740.986053
0.75,1,740.988504
-0.75,1,740.991121
0.75,1,740.99396
3.25,6,741.00942
7.25,17,741.051541
-0.25,2,741.056979
3.25,12,741.086706
9.75,22,741.138716
1.25,8,741.158292
22.5,45,741.261898
3.75,7,741.278325
0.75,4,741.287907
12.0,24,741.344208
4.75,9,741.683051
-0.75,1,741.685711
-6.25,8,741.707558
0.25,6,741.722782
-0.25,2,741.727973
-5.25,7,741.744571
-1.75,2,741.749401
5.25,10,741.772089
17.0,34,741.853223
0.25,3,741.860906
-0.25,2,741.866386
0.75,1,741.869284
-0.25,2,741.875305
1.75,6,741.891426
3.25,9,741.915455
-2.25,4,741.926262
0.75,1,741.929219
7.25,17,741.973716
-1.25,3,741.982076
-0.75,1,741.985094
1.25,5,741.998934
1.25,5,742.013777
1.75,3,742.022095
-0.25,2,742.028217
23.0,46,742.142559
3.75,7,742.163129
3.25,9,742.185644
-2.75,3,742.193316
1.75,6,742.207844
-0.25,5,742.219639
4.75,9,742.240492
1.75,3,742.247609
2.75,8,742.267201
24.5,49,742.383278
3.25,9,742.405389
2.25,7,742.422241
0.25,3,742.429206
-0.25,2,742.433992
1.75,3,742.440898
9.75,22,742.491972
18.0,39,742.581991
0.75,1,742.584733
3.25,6,742.598984
1.75,6,742.615039
20.5,40,742.721171
2.25,7,742.739126
0.75,4,742.749404
-0.75,1,742.75225
13.0,26,742.814481
16.5,33,742.895993
0.75,1,742.898918
38.0,76,743.389396
4.25,8,743.409238
2.75,8,743.428932
1.75,6,743.443383
1.25,5,743.457071
27.5,55,743.591539
9.5,22,743.649875
-0.75,4,743.660611
-1.25,6,743.676072
1.75,6,743.69116
19.0,38,743.780662
27.0,69,743.940497
-4.75,11,743.967062
4.25,11,743.993443
3.75,7,744.011207
0.75,1,744.014079
-0.75,1,744.017015
-0.75,1,744.019824
-3.25,5,744.032873
0.75,1,744.036046
-0.25,2,744.041397
16.0,38,744.131674
11.5,23,744.185991
-0.25,2,744.190861
-0.25,2,744.196018
1.75,6,744.210324
-0.75,1,744.212935
0.75,1,744.21533
-0.25,2,744.220037
4.25,8,744.241644
5.25,10,744.265352
-0.25,2,744.270338
25.0,50,744.385852
17.5,35,744.467391
-0.25,2,744.472534
0.75,1,744.475173
30.5,61,744.920522
0.75,1,744.923353
0.75,1,744.926038
-4.25,6,744.941329
2.25,10,744.966783
-0.25,2,744.971977
1.25,14,745.008959
0.75,1,745.012002
3.25,6,745.028006
0.75,1,745.030894
0.75,1,745.03348
2.75,8,745.05312
-0.25,2,745.058442
3.25,6,745.073554
12.0,24,745.132982
-0.25,2,745.138204
3.75,7,745.156581
4.75,12,745.185888
1.75,6,745.201294
-0.75,1,745.204435
0.75,1,745.207456
1.75,6,745.222047
0.75,1,745.22488
1.75,9,745.24719
2.75,8,745.266343
0.25,6,745.280375
18.0,39,745.372256
-0.75,1,745.375114
0.75,4,745.384978
-0.25,5,745.396896
9.25,21,745.44792
18.0,36,745.533542
3.25,6,745.548213
20.0,40,745.647823
-7.25,9,745.670062
7.75,18,745.713392
17.0,34,745.795166
25.0,45,745.899949
-0.75,7,745.917463
14.5,29,745.985332
1.25,8,746.004822
-1.25,3,746.013485
0.25,6,746.343221
-0.75,1,746.346108
3.25,6,746.362431
14.5,29,746.436534
23.5,50,746.556058
0.75,1,746.559048
2.75,8,746.579716
0.75,1,746.582483
0.25,6,746.597845
1.25,8,746.620453
-0.75,1,746.623321
21.5,43,746.733998
0.75,1,746.736961
-3.75,10,746.764507
-0.25,5,746.77799
1.75,6,746.793894
0.75,1,746.796893
3.25,6,746.8128
1.25,5,746.825808
17.0,28,746.896004
-0.75,1,746.898875
0.25,9,746.921515
3.25,6,746.936788
15.0,30,747.011661
-0.75,1,747.014606
3.75,7,747.032569
-0.25,2,747.040187
3.25,6,747.056361
3.75,7,747.074639
-0.75,1,747.077661
-0.25,2,747.083475
-3.25,5,747.097004
1.25,5,747.109883
0.25,3,747.117655
1.75,3,747.125891
0.75,10,747.151611
0.75,1,747.154445
7.75,18,747.198636
-1.25,3,747.206104
15.5,31,747.278295
-2.75,3,747.285652
3.75,7,747.302281
12.0,24,747.358245
-0.75,1,747.360882
1.75,6,747.375124
-0.25,2,747.37982
13.5,27,747.448054
12.0,30,747.517264
20.0,46,747.936406
-0.25,2,747.941683
1.25,8,747.961492
2.75,8,747.982052
2.25,7,747.999354
3.75,7,748.017596
3.25,9,748.04096
-0.75,1,748.043825
-0.75,1,748.046683
-0.75,1,748.049446
16.0,32,748.126149
-2.25,10,748.151458
-0.75,1,748.154424
0.75,1,748.157228
1.25,11,748.185015
1.75,3,748.192295
3.75,10,748.216412
-1.25,3,748.223606
-2.75,3,748.231
12.5,25,748.289551
15.0,30,748.363934
-0.25,2,748.369233
-0.25,2,748.374828
19.5,39,748.466154
4.25,8,748.485258
21.0,42,748.581727
-0.75,1,748.584414
25.5,54,748.71891
0.75,1,748.721685
-0.75,1,748.724748
23.0,46,748.842201
1.25,5,748.855201
6.25,11,748.881583
20.5,41,748.976951
-2.75,3,748.983811
12.0,33,749.062275
3.25,6,749.077863
-0.25,2,749.083262
0.75,1,749.086115
5.25,10,749.109528
0.25,6,749.123216
4.25,8,749.142109
6.75,10,749.168336
-0.25,2,749.173721
-0.25,2,749.179554
2.75,5,749.488707
1.75,6,749.502479
-0.25,3,749.509368
19.5,39,749.598354
0.25,3,749.6061
14.0,28,749.670099
-0.75,1,749.672842
20.0,40,749.766986
-3.25,5,749.778842
0.25,3,749.786386
3.25,6,749.800198
-0.75,1,749.803278
-0.75,1,749.806251
0.75,1,749.809094
0.75,1,749.811945
0.75,4,749.822391
4.75,9,749.844016
0.25,6,749.857994
18.0,36,749.94014
2.25,7,749.956671
-1.25,3,749.963669
3.25,6,749.977611
-0.75,1,749.980293
-1.25,3,749.988104
23.0,46,750.09752
-0.25,2,750.102268
-0.75,1,750.104678
17.0,37,750.188375
18.0,36,750.273616
14.0,34,750.352925
0.25,3,750.360376
0.75,1,750.36301
0.75,1,750.365586
1.75,6,750.38002
1.75,6,750.394165
-0.25,2,750.398788
23.0,46,750.519233
1.75,3,750.531873
-0.25,2,750.540564
-3.25,5,750.560894
3.75,10,750.599664
3.75,7,750.625972
1.25,8,750.652092
-1.75,8,750.674485
-0.25,2,750.680277
18.0,36,751.054071
8.75,20,751.101207
-4.25,6,751.11647
-0.75,1,751.119418
0.75,1,751.122243
10.5,24,751.180176
1.75,9,751.202256
-0.25,2,751.207422
-8.75,12,751.236077
0.75,1,751.238557
23.0,46,751.347462
36.5,73,751.527189
-1.75,2,751.532455
0.75,1,751.535235
26.0,52,751.660419
-0.75,1,751.663379
16.5,33,751.740538
-0.25,2,751.745508
20.0,40,751.838142
1.25,5,751.850014
-5.25,7,751.866411
1.75,3,751.873522
-4.25,6,751.887423
-5.25,7,751.903314
1.75,6,751.916956
3.25,6,751.931315
0.75,1,751.93404
1.75,6,751.94806
3.25,6,751.962674
0.25,9,751.984008
0.75,1,751.987058
21.5,43,752.092211
25.5,54,752.230769
-0.25,2,752.236399
5.25,10,752.261123
-2.75,3,752.268396
3.25,6,752.565062
-0.25,2,752.569674
3.75,7,752.586925
0.25,6,752.602482
0.25,3,752.610695
-4.25,6,752.626079
29.0,58,752.769124
19.0,41,752.867281
13.0,26,752.930635
10.0,26,752.999896
0.75,1,753.002845
0.75,1,753.006166
0.75,1,753.009461
-0.25,2,753.014733
2.25,4,753.025067
12.0,24,753.086596
0.75,1,753.089507
-0.25,2,753.094598
2.25,7,753.112082
-0.75,4,753.122323
1.75,6,753.136437
-1.75,5,753.149646
1.25,5,753.163093
12.0,24,753.220572
13.0,26,753.282163
-0.25,2,753.287081
-0.25,2,753.292055
20.0,40,753.386797
0.25,3,753.394404
-0.75,1,753.397149
5.75,8,753.415568
3.25,6,753.429585
0.75,1,753.432216
-0.25,8,753.451482
4.75,9,753.472889
1.75,3,753.480191
1.75,6,753.495326
26.5,53,753.621701
-0.25,2,753.627282
-0.75,1,753.63019
0.75,4,753.640446
1.25,5,753.652308
18.0,36,753.73634
12.5,28,753.802479
25.0,50,754.231387
-2.75,3,754.239664
1.75,9,754.261106
16.5,33,754.339923
1.25,5,754.352521
-0.75,1,754.355161
-0.25,2,754.360055
3.25,6,754.373965
0.25,3,754.38121
-0.25,2,754.386734
-5.25,7,754.403973
1.75,4,754.414094
0.25,6,754.428939
4.75,9,754.450745
13.0,26,754.513289
-0.75,1,754.516183
2.75,8,754.535434
3.75,7,754.552779
36.5,67,754.712663
13.5,27,754.776212
19.0,41,754.872
11.0,28,754.938548
1.25,5,754.9501
1.25,5,754.963121
0.75,1,754.965986
0.25,3,754.973709
-0.75,1,754.976488
2.75,8,754.995608
2.25,4,755.006379
0.25,3,755.014688
0.75,1,755.017558
-0.25,2,755.023085
0.75,4,755.033034
-0.25,2,755.038571
3.75,7,755.055941
0.75,1,755.058669
0.75,1,755.061574
-0.25,2,755.066554
-1.25,3,755.073712
4.25,8,755.093389
1.75,6,755.108544
-2.75,3,755.116184
3.75,10,755.140518
-4.25,6,755.15566
0.75,1,755.158549
18.0,42,755.259747
-1.25,3,755.2672
0.75,1,755.270072
3.25,6,755.284952
-0.25,2,755.290435
-0.75,7,755.30766
1.25,8,755.327322
17.5,35,755.716574
9.75,22,755.770072
1.75,6,755.785362
1.75,6,755.800259
5.25,9,755.820852
2.75,8,755.838897
-0.25,5,755.850645
3.25,9,755.87108
0.75,1,755.87375
-1.25,3,755.880553
15.0,30,755.950862
1.75,6,755.966817
-0.75,1,755.96958
-6.25,8,755.989957
-3.25,5,756.002761
3.25,6,756.019922
12.75,28,756.091494
2.75,8,756.11173
4.25,11,756.138195
31.5,63,756.298921
-2.25,4,756.308488
-0.25,2,756.313529
2.75,8,756.332953
19.0,38,756.421521
31.5,63,756.570124
0.75,1,756.572528
-0.25,2,756.578151
6.75,16,756.617282
16.0,32,756.692326
0.25,6,756.707407
0.75,1,756.710304
3.25,6,756.725184
19.5,39,756.817079
0.75,6,756.831027
18.0,36,757.228454
0.75,1,757.231385
10.0,20,757.283793
3.25,9,757.30612
8.25,22,757.360468
-0.25,5,757.373793
-6.25,8,757.393255
-0.75,1,757.395994
36.0,72,757.568144
-3.25,5,757.580836
0.75,1,757.58378
24.5,52,757.713295
14.5,29,757.784314
9.25,21,757.836342
-0.75,1,757.839212
15.5,31,757.914839
-1.25,3,757.922262
1.75,3,757.92913
0.75,1,757.931502
1.75,6,757.945817
1.25,5,757.957499
2.25,4,757.967266
25.5,51,758.086111
12.0,24,758.143517
-1.25,3,758.151328
18.0,36,758.237818
-0.25,2,758.242986
2.25,7,758.261035
0.25,3,758.268998
-0.25,2,758.274336
-0.25,2,758.279359
-0.75,1,758.282307
-0.25,2,758.288686
15.0,30,758.361753
18.0,36,758.448659
21.5,43,758.852667
-0.75,1,758.855468
3.25,6,758.870099
0.75,4,758.88041
18.0,36,758.964398
0.75,1,758.967213
5.25,10,758.990855
11.5,23,759.047522
2.25,7,759.064422
2.25,7,759.08033
-0.25,2,759.085427
0.75,1,759.088009
0.75,4,759.097638
-0.75,1,759.100466
-0.75,1,759.103168
1.75,6,759.118368
16.0,32,759.198636
0.25,3,759.206634
0.75,1,759.209327
21.5,43,759.316264
3.25,6,759.331459
5.25,9,759.354493
-0.25,2,759.359817
26.5,53,759.485507
1.75,6,759.500662
-0.75,1,759.503488
-0.25,2,759.509228
26.0,52,759.674046
3.25,6,759.6903
-0.75,1,759.693189
-0.75,4,759.704178
0.75,4,759.715321
-0.75,1,759.718215
0.75,1,759.721024
25.0,50,759.856743
19.5,39,759.970363
14.5,29,760.056608
6.75,16,760.099895
-0.25,2,760.105594
-0.75,1,760.108511
-0.75,1,760.111455
3.25,6,760.459078
-0.75,1,760.462025
-0.25,2,760.467502
3.25,6,760.483979
2.25,7,760.503364
0.75,4,760.514479
-0.25,2,760.519802
0.75,10,760.545494
4.25,8,760.566181
-2.25,4,760.576454
4.75,9,760.59984
2.75,8,760.623723
1.25,5,760.637673
-3.75,4,760.649139
13.5,27,760.721139
-6.25,8,760.740304
18.0,36,760.8222
0.75,1,760.824911
1.75,6,760.839891
0.75,1,760.842632
-1.25,3,760.850318
3.75,7,760.868036
0.75,1,760.871083
-0.25,2,760.876755
-0.25,2,760.882388
0.75,1,760.885336
2.25,7,760.903769
13.5,27,760.975977
2.75,8,761.000376
12.5,25,761.066805
0.75,1,761.069641
5.25,10,761.095895
3.25,6,761.111052
1.75,6,761.126313
3.25,9,761.149224
25.5,51,761.270331
-0.25,2,761.275601
19.5,39,761.375841
2.75,8,761.396255
2.75,8,761.416376
-0.75,1,761.419066
0.75,1,761.421855
-0.75,1,761.424302
17.5,35,761.506402
3.25,9,761.528035
3.75,10,761.551913
1.75,6,761.565777
3.25,6,761.579582
17.0,34,761.663965
3.25,9,761.685685
3.25,6,761.699548
21.5,46,762.102095
17.5,35,762.184653
0.75,1,762.187098
-0.25,2,762.192325
-0.25,2,762.197485
-0.75,1,762.200114
2.75,8,762.218875
-2.25,4,762.228088
0.75,1,762.23064
16.5,33,762.312888
3.25,6,762.328118
1.75,6,762.343815
4.75,9,762.367405
-0.25,2,762.373101
-0.75,1,762.375801
-0.25,2,762.381262
17.5,35,762.46866
-0.75,7,762.48717
0.25,3,762.495064
24.0,48,762.616193
-0.25,2,762.62164
1.75,9,762.644759
0.75,1,762.647777
-0.25,2,762.653073
-2.25,10,762.678187
-4.25,6,762.693164
0.75,1,762.696408
-0.75,1,762.699302
-0.25,2,762.704806
18.0,39,762.803415
19.0,38,762.902522
31.0,62,763.052187
3.25,6,763.067276
-8.75,9,763.090382
21.5,43,763.200236
27.0,54,763.623188
1.75,6,763.638123
15.0,30,763.711263
33.0,66,763.876806
16.5,33,763.955858
2.75,8,763.976781
15.0,30,764.056811
0.25,3,764.065342
24.0,48,764.181638
29.0,58,764.329264
-2.25,4,764.34014
0.75,1,764.343237
1.75,6,764.359236
0.75,1,764.362368
-4.25,6,764.378306
2.75,8,764.39921
0.75,4,764.409845
3.25,6,764.425059
0.75,1,764.427712
-0.25,2,764.432974
-0.25,2,764.438236
3.25,9,764.460393
3.25,9,764.483869
0.75,1,764.486682
2.25,4,764.497532
13.5,27,764.566177
0.75,4,764.57618
3.25,6,764.591388
-0.25,5,764.603553
-0.25,2,764.609006
0.75,10,764.63447
1.75,3,764.641766
-1.25,3,764.649236
46.0,92,764.866358
31.5,63,765.315311
-0.25,2,765.320376
-0.75,1,765.32313
20.5,41,765.42233
14.0,28,765.485184
3.25,6,765.498702
0.75,1,765.501167
-0.25,2,765.505704
-0.75,1,765.508074
0.75,4,765.518027
1.25,8,765.536313
2.25,7,765.555064
4.25,11,765.584022
2.25,5,765.597472
-0.75,1,765.600574
13.0,44,765.718465
20.0,40,765.831861
1.25,8,765.855955
0.75,4,765.866856
5.75,11,765.896748
2.25,7,765.91619
0.75,1,765.919461
-0.25,2,765.925256
12.0,24,765.987686
15.0,30,766.064526
-0.75,1,766.067076
0.75,1,766.069616
-0.25,2,766.074474
0.75,1,766.077203
1.75,6,766.091983
0.75,4,766.101781
1.75,6,766.116164
1.75,6,766.129884
0.25,3,766.136759
-0.25,2,766.141523
17.5,35,766.221431
17.5,35,766.301578
1.75,6,766.316324
0.75,1,766.318882
-3.75,4,766.328828
5.25,8,766.349801
0.25,3,766.358191
0.75,1,766.36152
1.75,6,766.379119
0.75,1,766.382984
-2.25,7,766.404276
1.75,3,766.413808
12.5,25,766.480318
29.0,58,766.966299
13.0,26,767.031396
-2.25,4,767.041186
-0.75,1,767.043992
-1.25,3,767.05201
15.0,36,767.143566
25.0,50,767.266079
0.25,6,767.279747
-0.25,5,767.291411
-3.25,5,767.30311
-0.25,5,767.314845
2.75,8,767.335477
18.5,37,767.424684
3.75,7,767.441694
-3.25,5,767.454216
3.25,8,767.47372
-0.25,2,767.47888
6.75,16,767.518236
-2.75,3,767.526089
13.25,29,767.596531
13.0,29,767.667267
-0.25,2,767.672328
-0.25,2,767.67767
17.5,35,767.760289
-1.75,5,767.772917
3.25,9,767.793519
12.5,25,767.85391
0.25,9,767.880895
4.25,11,767.905999
-0.25,2,767.910705
22.0,47,768.020793
0.75,1,768.023323
11.0,22,768.074648
-1.25,3,768.481582
2.25,4,768.493688
3.25,9,768.515765
-0.75,1,768.518392
6.75,10,768.54322
0.75,4,768.553377
3.25,6,768.568297
13.0,26,768.632315
3.75,10,768.656744
-1.25,3,768.664361
-0.25,2,768.669701
2.25,7,768.686636
1.75,9,768.707928
-0.75,1,768.710756
11.0,28,768.796148
0.75,1,768.800011
0.75,1,768.803415
-5.25,7,768.826016
4.75,9,768.857759
5.25,10,768.892006
-0.25,2,768.898075
22.0,47,769.037771
5.25,13,769.072825
-0.75,1,769.075714
0.25,3,769.084083
1.75,6,769.100301
-0.75,1,769.103235
1.25,5,769.116676
-0.75,1,769.119529
4.75,7,769.137275
-0.75,1,769.139985
12.0,24,769.205594
25.0,53,769.348834
0.25,9,769.373315
24.0,48,769.503704
-0.75,4,769.514054
-0.25,2,769.519531
13.5,27,769.589744
4.25,11,769.636295
-0.25,2,769.647496
1.75,9,769.676746
24.5,49,769.817727
-0.75,7,769.838228
0.25,3,769.846986
-0.25,3,769.856227
21.0,42,770.298656
3.75,10,770.322583
-0.75,1,770.325184
31.0,62,770.475808
27.0,54,770.607937
-3.25,5,770.624145
49.5,99,770.886909
4.25,7,770.905804
-0.25,2,770.911688
3.25,6,770.927726
0.25,3,770.936548
5.25,8,770.958632
-0.25,5,770.972684
0.75,10,770.999291
3.25,6,771.01677
-0.25,2,771.022573
2.75,11,771.05275
1.75,6,771.069916
3.25,6,771.086332
2.25,7,771.105361
0.25,3,771.113441
4.0,29,771.186404
6.75,16,771.224699
13.5,33,771.307148
0.75,4,771.316915
2.75,8,771.336993
2.25,4,771.346751
26.5,53,771.477504
0.75,1,771.48013
12.0,24,771.535861
1.75,6,771.550298
15.5,31,771.951993
-3.25,5,771.965824
5.25,10,771.990692
10.0,23,772.046765
-4.25,6,772.061451
-0.25,2,772.067252
-0.25,2,772.072536
4.25,11,772.098603
1.75,6,772.114535
0.75,4,772.124921
3.25,6,772.139191
-0.25,2,772.144001
-0.25,2,772.148596
10.5,30,772.219726
2.75,8,772.238922
0.25,3,772.246421
7.75,13,772.275988
-3.25,5,772.288532
21.5,61,772.438166
-1.75,2,772.443966
11.0,28,772.514224
-0.25,2,772.519268
-3.75,10,772.543396
-0.25,2,772.548639
-0.25,2,772.553923
-2.25,10,772.578713
5.25,10,772.604519
-1.25,3,772.61366
13.5,27,772.6827
1.75,6,772.698686
3.75,7,772.717031
-2.25,4,772.727514
1.75,6,772.743953
-0.25,2,772.750014
0.75,4,772.760913
2.75,8,772.781961
0.25,9,772.805726
0.75,1,772.80844
0.75,1,772.811761
1.75,6,772.830874
-0.25,2,772.837478
-0.25,2,772.844065
-2.25,4,772.857964
1.75,6,772.877817
1.25,5,772.898568
3.25,6,772.915288
19.5,39,773.028615
-2.75,3,773.037519
-0.75,7,773.056557
-0.25,2,773.062505
40.0,89,773.664993
18.5,37,773.75995
1.75,6,773.775597
7.75,18,773.820656
15.0,30,773.893082
0.75,1,773.895685
1.75,6,773.909343
28.0,56,774.04922
0.75,1,774.052073
2.75,8,774.073324
-0.25,2,774.078899
2.75,8,774.099791
-5.25,7,774.118376
-1.25,3,774.126573
-0.25,2,774.13223
-1.25,6,774.147575
3.25,6,774.162202
-0.75,1,774.164816
0.75,10,774.1886
13.0,35,774.26613
-1.25,3,774.273226
3.25,6,774.287754
2.75,8,774.306969
5.25,9,774.330898
22.0,44,774.447496
0.75,7,774.465877
3.75,10,774.491976
-0.75,1,774.494889
19.5,39,774.589435
3.25,6,774.60442
1.75,6,774.620053
1.75,3,774.628162
1.75,6,774.643496
3.25,6,774.658257
0.75,1,774.66106
9.5,28,774.730316
31.5,63,775.182878
26.0,52,775.301723
-9.75,10,775.324452
23.0,52,775.45078
0.75,1,775.453534
2.75,8,775.473389
1.25,8,775.493127
-2.25,4,775.502789
1.25,5,775.514107
2.25,7,775.530132
3.75,10,775.55377
-2.25,4,775.563805
0.75,1,775.566538
-4.25,6,775.581167
1.75,6,775.595054
21.5,39,775.692726
-12.75,13,775.72469
2.75,8,775.74478
1.75,6,775.759479
3.25,6,775.77502
4.25,8,775.795065
3.25,6,775.809653
1.75,3,775.817288
8.0,28,775.885606
27.0,54,776.035083
15.0,30,776.11682
-0.25,2,776.122859
20.5,41,776.235105
3.25,6,776.251188
0.25,6,776.268327
-0.25,5,776.28214
0.75,13,776.317042
-0.25,2,776.322337
1.75,9,776.345366
3.25,6,776.360474
15.0,33,776.439641
2.75,8,776.742838
12.0,24,776.799293
2.25,7,776.81517
1.75,3,776.822338
0.75,1,776.824806
12.0,24,776.880276
3.25,6,776.895199
3.25,6,776.910138
13.5,27,776.975255
1.75,6,776.990064
0.25,3,776.99749
-1.25,6,777.011705
-0.75,7,777.029218
8.25,19,777.074561
6.25,15,777.109613
46.5,93,777.323904
-0.75,1,777.326483
0.25,3,777.333467
16.5,36,777.418249
31.5,63,777.559237
-1.25,3,777.567211
0.75,1,777.56991
-0.75,7,777.587049
0.75,1,777.58985
3.75,7,777.607478
-0.75,1,777.610933
1.25,5,777.624537
2.25,7,777.641732
1.25,11,777.669324
18.5,37,777.764438
3.75,7,777.781391
-0.25,2,777.786817
21.5,43,777.889764
-0.75,1,777.892461
8.25,12,777.927503
27.5,55,778.339525
4.25,11,778.365349
17.0,34,778.44435
-3.25,5,778.456561
-0.75,1,778.459406
1.75,6,778.474218
0.75,4,778.483827
3.25,9,778.50488
21.5,43,778.602911
-0.75,1,778.605513
1.75,6,778.620355
37.0,74,778.793279
-1.25,3,778.800635
3.25,6,778.814995
7.75,18,778.8568
-0.25,8,778.875198
-0.25,2,778.880217
2.25,6,778.894367
-0.25,2,778.899702
5.25,10,778.923639
0.75,1,778.926349
-0.25,2,778.931442
-7.25,9,778.953313
0.75,1,778.956115
1.25,5,778.968365
24.5,49,779.081482
0.75,1,779.084781
3.25,6,779.100677
1.75,6,779.115582
0.25,3,779.123577
15.0,30,779.196952
3.75,7,779.214857
0.75,1,779.217615
0.75,1,779.220382
28.0,56,779.355004
0.75,4,779.364934
-0.25,2,779.369999
-1.75,11,779.39579
1.75,6,779.410351
-0.75,7,779.428415
-0.25,2,779.433839
4.75,9,779.455791
-1.25,6,779.770186
-0.25,2,779.774975
3.25,9,779.795876
15.0,30,779.86524
-0.25,2,779.870039
-0.25,2,779.874797
0.75,1,779.878053
0.25,3,779.887599
1.25,8,779.908211
0.25,6,779.923977
-8.25,10,779.948561
0.75,1,779.951306
0.25,6,779.966168
-0.75,1,779.968976
-1.25,3,779.976683
1.25,5,779.989016
-0.75,1,779.991531
4.75,9,780.012839
26.0,52,780.136499
-0.25,2,780.141408
2.25,7,780.159237
12.0,24,780.217505
-0.25,2,780.222537
1.75,6,780.237072
22.0,44,780.34165
0.75,4,780.350745
0.75,1,780.353519
-0.25,2,780.359186
18.0,36,780.44495
-0.25,2,780.450481
15.0,30,780.522148
3.25,9,780.543703
3.75,7,780.560144
3.25,9,780.582067
0.75,1,780.58458
-0.75,1,780.587306
15.5,31,780.662256
-1.25,6,780.677214
-0.75,1,780.680035
-0.25,2,780.685446
-3.25,5,780.698195
0.75,10,780.722631
0.75,1,780.725538
-0.25,2,780.730924
2.75,8,780.751195
13.0,26,780.81416
4.75,9,780.835428
0.75,1,780.838149
-3.25,5,780.849707
2.25,7,780.86765
0.75,1,780.870278
0.75,1,780.873193
12.5,52,781.000721
0.75,1,781.003556
0.75,1,781.006158
0.75,1,781.008728
1.75,6,781.339587
1.75,9,781.362118
-0.25,2,781.367524
26.5,62,781.521832
3.75,7,781.540654
1.75,9,781.563175
1.75,6,781.57821
0.25,3,781.585877
1.75,9,781.608054
-0.25,2,781.613946
22.0,44,781.723073
2.75,8,781.743188
25.5,51,781.868862
0.75,1,781.871671
0.75,1,781.874546
1.75,6,781.889419
1.75,6,781.904407
3.75,7,781.921736
15.5,31,781.998559
-0.75,10,782.02446
2.25,7,782.042228
21.5,43,782.148507
15.5,27,782.215674
0.75,1,782.21859
1.75,6,782.233796
0.75,1,782.236633
-0.25,2,782.241867
31.5,63,782.399274
14.0,28,782.469203
-0.75,1,782.472007
18.5,37,782.565807
-0.75,10,782.590663
-0.25,2,782.596005
34.0,68,783.061968
3.25,6,783.076759
0.75,1,783.079448
0.75,4,783.089129
5.25,9,783.111276
19.0,41,783.21171
13.5,27,783.277268
15.0,30,783.351314
4.5,24,783.410133
3.25,6,783.425016
-0.25,2,783.430093
3.75,10,783.454293
3.75,10,783.47867
1.75,6,783.493611
-1.25,3,783.501396
0.75,4,783.511678
24.5,49,783.632142
0.75,1,783.635025
-0.25,2,783.640203
-0.75,1,783.642741
2.25,7,783.659929
-0.25,2,783.664906
0.25,6,783.679648
1.75,6,783.694771
3.75,7,783.7127
12.0,33,783.79269
3.75,7,783.809651
-0.25,2,783.814833
3.25,6,783.829426
2.25,7,783.846672
3.75,7,783.863902
-0.25,2,783.868791
22.5,45,783.979393
25.5,51,784.105695
3.25,6,784.121513
20.0,40,784.533001
2.25,7,784.549187
3.75,7,784.56523
23.5,62,784.709576
0.75,1,784.712399
13.5,27,784.776704
18.5,37,784.862125
0.75,1,784.864961
4.25,11,784.89123
18.5,33,784.971014
-1.25,3,784.978922
14.0,34,785.064975
0.25,3,785.072607
-4.25,6,785.088514
1.25,8,785.108837
-0.25,5,785.12155
-0.25,2,785.126671
3.25,6,785.140538
5.75,8,785.159249
3.25,6,785.17329
-7.25,9,785.194026
-0.25,2,785.198825
-5.25,7,785.216029
15.0,30,785.284576
24.0,48,785.397265
1.75,3,785.404388
1.25,5,785.415786
2.75,8,785.438418
3.25,6,785.451641
0.75,1,785.454353
1.25,5,785.467265
0.75,1,785.470087
-0.25,2,785.475426
0.75,1,785.47842
-0.25,2,785.48377
24.5,49,785.60482
0.75,1,785.607546
0.25,9,785.637574
-3.25,5,785.650581
1.75,9,785.674283
0.75,4,785.685211
3.75,7,785.703259
0.75,1,785.706279
-0.75,1,785.709059
3.75,10,786.041828
20.0,40,786.132388
0.75,1,786.134862
2.75,6,786.148276
-0.75,1,786.15078
-0.25,2,786.15561
-2.75,3,786.162446
4.75,8,786.180662
-0.75,1,786.183453
-0.25,5,786.196177
-0.75,1,786.198997
1.25,5,786.211448
-3.25,5,786.223898
-1.25,3,786.230952
-0.25,2,786.235712
0.75,1,786.238312
-0.75,1,786.240795
3.25,9,786.260635
22.0,44,786.359723
0.25,3,786.366941
2.75,8,786.385454
-0.25,2,786.390526
3.25,6,786.404599
19.0,38,786.492078
6.75,10,786.515117
-0.25,2,786.519898
6.75,16,786.55546
-0.25,2,786.560275
-0.75,1,786.562761
3.25,9,786.582747
-0.75,1,786.585208
1.75,3,786.592306
-6.25,8,786.610394
12.0,24,786.666528
-1.75,2,786.671212
-0.75,1,786.67369
0.75,10,786.696
1.75,6,786.709384
49.5,99,787.007193
0.75,4,787.018055
4.25,8,787.036354
0.75,1,787.038681
-0.75,1,787.041163
3.25,6,787.055251
15.5,31,787.126996
25.0,50,787.245357
-0.75,1,787.247877
-3.25,5,787.259976
3.25,9,787.280813
-5.25,7,787.583338
0.75,4,787.592422
-0.75,1,787.594874
0.75,7,787.613893
21.5,43,787.709656
-0.75,1,787.712091
-0.25,2,787.716522
2.25,7,787.732994
0.75,1,787.735636
-0.75,1,787.73818
1.25,5,787.750645
-0.75,1,787.753132
14.25,31,787.823243
0.75,1,787.825795
3.25,6,787.839656
3.25,6,787.853983
-0.25,2,787.858748
0.75,1,787.861423
-0.75,1,787.864131
1.75,6,787.880019
-0.25,2,787.884692
0.75,1,787.887153
0.25,3,787.894857
2.75,8,787.914821
25.0,50,788.036138
2.75,8,788.055016
0.75,1,788.057814
-0.75,1,788.06039
-0.75,1,788.062863
0.75,1,788.065602
2.75,8,788.084722
11.0,22,788.138218
1.25,5,788.150156
2.25,7,788.16666
16.0,35,788.247599
0.75,1,788.250498
-0.25,2,788.255489
0.75,4,788.264961
9.5,40,788.355121
0.75,1,788.357635
-0.25,2,788.36221
2.25,7,788.37835
-0.75,4,788.387344
0.75,1,788.38992
3.25,6,788.404702
2.25,7,788.421539
-0.75,1,788.423959
0.25,3,788.430992
-0.25,2,788.436021
0.25,3,788.443026
-0.75,1,788.445516
0.75,4,788.454805
0.75,1,788.457399
0.75,1,788.459906
1.25,5,788.471503
-0.75,1,788.474192
15.5,31,788.543765
-0.75,1,788.546272
-1.25,3,788.553115
-0.75,1,788.555609
12.5,25,788.614264
-0.25,2,788.620103
-0.25,2,788.625679
1.75,6,788.64056
-5.25,7,788.657773
-0.25,2,788.662899
4.75,9,788.684431
1.75,6,788.698824
23.5,47,789.118109
6.75,16,789.157496
-0.75,1,789.160184
0.75,4,789.170079
-0.25,2,789.174822
3.75,7,789.190908
36.5,73,789.357131
-0.25,5,789.370393
14.5,29,789.439199
13.0,26,789.502037
0.75,1,789.504754
-1.25,9,789.526178
0.75,4,789.535579
0.75,1,789.538091
3.25,6,789.551783
0.75,1,789.554384
0.25,3,789.561484
2.75,8,789.580025
-0.25,2,789.584862
-0.25,2,789.589785
-0.75,1,789.59252
16.5,33,789.671394
1.25,5,789.683752
1.75,6,789.697834
13.0,26,789.759058
0.25,6,789.7728
1.75,9,789.7944
-0.25,2,789.799888
0.75,1,789.802586
0.75,4,789.812259
-0.25,2,789.817368
19.0,38,789.908423
0.25,3,789.915755
19.0,38,790.002727
0.75,1,790.005236
0.25,6,790.020697
2.25,10,790.044354
3.25,6,790.058731
15.5,31,790.130703
32.0,64,790.292997
0.75,1,790.295571
-0.75,10,790.320699
1.25,5,790.639846
-0.75,1,790.643062
4.25,9,790.666087
2.75,8,790.686128
3.25,6,790.700635
6.25,15,790.736405
2.25,4,790.746017
-0.75,1,790.748877
0.25,3,790.756709
3.25,9,790.777278
1.75,6,790.790977
-0.25,2,790.796224
-0.75,1,790.798915
-3.25,8,790.81795
-0.25,2,790.822984
0.75,1,790.825444
16.5,36,790.909057
13.0,26,790.970087
-0.75,1,790.972689
-0.25,2,790.97782
4.75,9,790.99928
0.75,1,791.002088
0.75,10,791.027639
-0.75,1,791.030474
-0.75,1,791.03318
23.0,46,791.140933
16.5,33,791.218593
1.75,6,791.233047
0.75,1,791.235734
3.75,7,791.253226
-0.75,1,791.255908
5.25,9,791.279255
-1.75,5,791.291403
-4.25,6,791.30549
0.75,1,791.308049
2.25,4,791.318153
1.75,6,791.332886
2.25,7,791.350008
3.25,6,791.363759
5.25,10,791.386709
14.0,28,791.451248
3.75,7,791.467571
-0.75,1,791.470188
-1.25,3,791.477556
4.25,8,791.495742
0.75,1,791.498297
-0.75,1,791.500876
5.25,10,791.524897
3.25,6,791.538891
6.75,16,791.576805
16.0,35,791.661124
-0.75,1,791.663911
2.25,7,791.679862
0.75,4,791.689944
-0.25,2,791.695767
-0.75,1,791.698682
16.5,33,791.778116
0.75,1,791.781124
-1.25,6,791.79635
16.5,33,792.175328
-0.25,2,792.179987
-0.75,1,792.182492
-0.25,2,792.187066
0.75,1,792.189431
2.75,8,792.20759
4.25,10,792.230798
5.25,10,792.25482
-0.75,1,792.257516
-0.25,2,792.262432
-1.25,3,792.270017
17.0,32,792.342944
2.25,4,792.352127
-0.75,1,792.354603
2.25,9,792.374861
0.75,1,792.377319
-0.75,7,792.393008
36.5,67,792.541873
-0.25,2,792.546761
33.0,66,792.698935
18.0,36,792.780825
-0.25,2,792.785657
-0.25,2,792.790497
0.25,3,792.797902
0.25,3,792.80491
27.0,54,792.927017
3.75,10,792.951314
-0.25,2,792.956608
2.75,8,792.982219
17.0,34,793.072468
3.25,6,793.087225
-0.75,1,793.089901
2.25,6,793.104498
12.0,24,793.161014
-0.25,2,793.165792
1.25,5,793.177131
5.25,10,793.199437
-0.25,2,793.204472
0.25,9,793.226132
3.75,10,793.250277
3.25,9,793.27239
15.5,31,793.347046
-0.25,5,793.358932
3.25,9,793.696747
2.25,7,793.713655
0.75,1,793.716284
-0.25,2,793.721564
-0.25,2,793.726848
2.75,8,793.746709
16.0,32,793.82339
0.75,1,793.826037
13.5,27,793.887826
-2.75,3,793.894883
-1.25,6,793.909403
18.5,37,793.995987
2.25,7,794.012286
-0.75,1,794.015337
15.5,31,794.091156
0.25,3,794.098547
-0.25,2,794.103475
-0.25,2,794.108413
17.0,34,794.192141
17.5,41,794.2899
20.5,41,794.381826
19.5,39,794.473472
16.5,36,794.560795
0.75,4,794.570237
2.25,7,794.586708
15.0,33,794.664222
1.25,5,794.676177
14.5,29,794.743946
13.5,27,794.807467
-1.25,3,794.815037
0.25,3,794.822534
-0.25,2,794.828077
3.25,6,794.8429
0.75,1,794.845719
-0.25,2,794.851001
0.75,1,794.854417
3.75,7,794.874557
-0.25,2,794.880682
0.25,3,794.888579
0.25,3,794.89679
2.25,4,795.240828
1.75,6,795.255936
0.75,4,795.265971
-0.75,1,795.268773
-0.75,1,795.271507
12.0,24,795.329382
0.75,1,795.332035
3.25,6,795.346651
-3.25,5,795.359064
-10.75,11,795.385776
2.75,8,795.404985
0.75,1,795.40803
1.25,14,795.444394
-2.25,4,795.454225
3.25,6,795.468928
-1.25,3,795.476371
-2.25,4,795.486402
14.0,28,795.554981
18.0,36,795.641691
3.75,10,795.66795
3.75,7,795.68905
3.75,7,795.709511
19.5,39,795.801715
3.75,7,795.81834
-2.25,4,795.827877
0.25,6,795.842637
-4.25,6,795.857454
17.5,35,795.939459
1.25,8,795.960223
2.75,8,795.980579
-0.25,2,795.98566
-9.25,11,796.011701
3.75,10,796.039179
3.25,6,796.055787
-2.25,4,796.066117
0.75,1,796.068866
0.75,1,796.071727
-0.25,2,796.077289
5.25,10,796.102063
0.75,1,796.104706
1.75,6,796.11864
12.0,24,796.175529
-0.25,2,796.180476
25.0,50,796.300726
-2.25,4,796.310911
3.75,10,796.334484
1.75,3,796.342052
19.5,39,796.434695
1.25,4,796.444218
12.0,24,796.810239
-2.25,7,796.827571
4.25,8,796.846594
23.0,46,796.95347
0.75,1,796.956213
0.25,3,796.96365
-0.75,7,796.980798
15.5,31,797.056937
2.25,5,797.069331
-2.25,4,797.08034
-0.25,2,797.085759
0.75,1,797.088513
2.25,7,797.105701
13.5,27,797.168442
-0.25,2,797.173721
-1.25,3,797.181475
1.75,6,797.196991
1.75,3,797.204668
3.25,9,797.227213
9.0,18,797.274151
31.5,63,797.42275
-0.25,3,797.430641
2.25,7,797.44907
-3.25,5,797.461725
-0.25,2,797.466894
14.0,31,797.542795
-7.75,8,797.563169
0.75,1,797.565901
19.5,39,797.662445
-0.25,2,797.667659
1.75,3,797.674572
14.0,28,797.739438
23.5,47,797.850423
2.25,7,797.867135
-0.75,1,797.86983
3.75,7,797.886673
3.25,6,797.90193
-0.75,1,797.904893
-0.25,2,797.910178
4.25,11,797.936952
2.25,4,797.947439
-2.25,4,797.957545
1.75,6,797.973256
19.0,38,798.386398
-0.25,2,798.39181
3.25,6,798.406718
1.75,6,798.421139
0.75,1,798.423645
13.5,27,798.485545
15.0,30,798.554888
0.75,1,798.557589
-0.25,2,798.562739
0.75,1,798.565338
-0.75,1,798.56808
0.75,1,798.570847
3.25,6,798.585731
5.25,10,798.608634
-0.25,2,798.613269
0.75,1,798.616235
17.5,41,798.710935
12.5,31,798.782335
19.0,38,798.868427
16.5,39,798.991366
-0.75,1,798.995557
0.25,9,799.032107
-0.25,8,799.055797
0.75,1,799.060499
24.5,49,799.180168
-0.25,2,799.184904
2.25,13,799.215889
24.0,48,799.330909
4.25,11,799.356416
-2.25,4,799.365793
19.0,38,799.453943
23.0,46,799.559588
6.75,16,799.597729
2.75,8,799.617776
0.75,1,799.620699
-0.25,2,799.625993
-0.75,1,799.628738
0.75,4,799.950994
5.25,10,799.975277
1.75,6,799.990287
2.25,7,800.007383
0.75,1,800.010182
-3.75,4,800.020397
2.75,6,800.034657
18.0,36,800.121209
-0.75,1,800.123972
-0.75,1,800.126447
3.25,9,800.148174
2.75,8,800.167896
2.25,10,800.192065
18.0,36,800.279043
-2.25,4,800.289064
24.0,48,800.401241
-0.25,5,800.412843
3.25,9,800.433107
-5.25,7,800.448995
-1.75,5,800.460954
-0.75,1,800.463715
-2.25,4,800.473908
30.5,61,800.617284
21.5,42,800.717789
-0.75,1,800.720538
-6.25,8,800.740153
-0.75,1,800.742821
-0.75,4,800.752698
-5.25,7,800.769536
12.0,24,800.823933
-0.25,2,800.829298
3.75,7,800.847321
0.75,4,800.85761
3.25,6,800.872205
10.5,21,800.922606
-0.75,10,800.947217
17.0,34,801.027564
-0.25,11,801.054423
2.25,7,801.071857
-0.25,5,801.084134
1.75,3,801.09179
3.25,6,801.106436
1.75,6,801.121308
-0.75,7,801.137987
16.0,32,801.522451
-1.25,3,801.529303
1.75,6,801.543078
0.75,7,801.558767
27.0,54,801.68645
0.75,1,801.689078
19.0,38,801.776094
11.5,23,801.828363
-5.75,6,801.842998
27.5,58,801.975506
1.75,6,801.988856
0.75,1,801.991345
-0.25,2,801.996008
19.0,44,802.098221
3.25,6,802.112784
1.75,12,802.140008
25.5,51,802.261122
0.25,3,802.269443
0.25,6,802.284162
12.0,24,802.339864
0.75,1,802.34251
5.25,10,802.367062
-2.25,4,802.376967
0.75,4,802.386074
2.25,4,802.395519
-0.25,8,802.414947
16.5,33,802.490435
3.75,10,802.514679
1.75,6,802.529237
-1.25,3,802.536551
-6.25,8,802.555174
2.75,8,802.573389
-0.25,2,802.578795
1.25,5,802.591819
21.0,48,803.021894
-0.25,2,803.027367
-1.75,8,803.047308
0.75,1,803.050033
6.75,16,803.088035
0.75,3,803.096236
16.5,33,803.176771
20.0,40,803.272259
3.25,9,803.295078
-0.75,1,803.297875
0.75,1,803.300744
21.0,42,803.406472
0.75,4,803.416551
17.5,35,803.497883
-0.25,2,803.502735
2.25,4,803.512405
5.25,10,803.535228
-0.75,1,803.537803
3.25,6,803.551578
2.25,7,803.567455
14.0,28,803.63444
-1.25,3,803.642354
3.25,6,803.656881
19.5,34,803.738121
27.0,54,803.864737
-0.25,2,803.870281
19.0,38,803.961849
5.25,10,803.986768
18.0,36,804.074665
16.0,32,804.151648
4.25,11,804.179439
1.75,6,804.194071
-7.75,8,804.213449
0.75,1,804.216097
-0.75,1,804.218549
1.75,6,804.232501
0.75,1,804.548638
2.25,7,804.566434
0.75,1,804.569107
-0.75,4,804.579
1.25,5,804.590898
1.25,5,804.602547
16.0,41,804.703864
-0.75,1,804.706692
-0.25,2,804.712356
-0.25,2,804.717742
2.25,7,804.734755
23.5,50,804.849424
4.25,11,804.875857
3.75,10,804.90224
-2.25,4,804.912385
1.25,5,804.924585
28.0,56,805.055388
19.0,38,805.145894
1.25,5,805.157984
7.75,18,805.199294
16.5,33,805.276666
14.0,28,805.341143
-0.75,1,805.343921
1.75,6,805.358368
12.5,25,805.419442
22.0,44,805.524136
-5.75,12,805.55233
4.75,9,805.572857
-0.25,2,805.577808
24.5,49,805.690986
0.75,13,805.721455
0.75,1,805.724287
-8.75,9,805.746138
-0.25,2,805.751369
0.75,1,805.754106
0.25,9,806.087117
24.0,48,806.205553
0.75,1,806.208348
3.25,6,806.228004
-0.25,2,806.233283
0.25,3,806.240804
21.0,38,806.329446
18.5,46,806.443225
3.25,6,806.46224
17.5,38,806.554414
17.5,35,806.639942
33.5,67,806.798136
-0.75,1,806.800858
25.0,50,806.919463
1.75,6,806.933183
1.25,8,806.953087
-0.25,2,806.958394
1.75,6,806.974123
3.25,9,806.996526
21.5,43,807.098167
-2.75,3,807.105356
-6.25,8,807.124501
3.25,9,807.146539
-0.25,2,807.151634
2.25,4,807.161768
0.75,1,807.164387
-3.25,5,807.176487
-0.25,2,807.181296
15.0,30,807.251742
0.75,1,807.254282
0.25,3,807.26126
9.25,21,807.309288
3.75,10,807.629392
21.5,43,807.734558
15.5,31,807.807893
-0.25,2,807.812743
-0.25,2,807.81779
-6.25,8,807.837516
-2.25,4,807.847542
-0.25,11,807.874356
-0.75,1,807.877222
-0.25,2,807.882601
2.25,4,807.893128
13.0,26,807.9547
10.0,20,808.002368
-5.75,9,808.023221
12.5,25,808.083019
0.25,9,808.1053
-0.25,11,808.132274
-0.25,2,808.13733
0.75,1,808.140113
3.25,6,808.154672
23.0,52,808.273983
3.25,6,808.28798
16.5,33,808.368257
0.25,6,808.383962
-2.25,4,808.39464
-0.75,1,808.397559
35.5,71,808.567796
-0.75,1,808.571053
-6.25,8,808.591738
27.5,55,808.722548
0.75,1,808.725113
3.75,7,808.741724
0.75,1,808.744257
3.25,6,808.757799
-0.75,1,808.760381
6.75,10,808.784253
0.75,1,808.786677
3.75,10,808.810049
7.75,18,809.147493
23.0,46,809.254032
0.25,3,809.260944
2.75,8,809.279843
5.75,14,809.31361
0.75,1,809.316337
-0.25,2,809.321403
-1.25,3,809.328809
15.0,30,809.39943
0.25,3,809.406892
1.75,3,809.414383
5.75,14,809.446208
1.75,6,809.459775
0.75,1,809.462216
-0.75,1,809.464763
26.0,52,809.584587
-0.25,2,809.589666
0.75,1,809.592364
-1.25,3,809.600054
8.75,20,809.648608
5.25,13,809.679914
3.25,6,809.693907
0.75,1,809.696401
21.5,43,809.796748
0.75,1,809.799545
-0.75,1,809.802335
0.75,4,809.812716
3.25,6,809.827539
2.25,7,809.844208
15.5,31,809.917258
25.5,51,810.041002
20.5,41,810.141599
5.25,10,810.165943
-0.75,1,810.168474
18.0,39,810.258988
3.25,6,810.272595
5.25,10,810.295256
25.5,51,810.709513
1.25,5,810.722183
0.75,1,810.724932
-0.75,1,810.727752
12.5,25,810.786826
0.75,1,810.789778
-0.25,2,810.795023
0.75,10,810.819124
-0.25,2,810.823839
-5.25,7,810.840593
1.25,5,810.852521
0.75,1,810.85566
5.25,10,810.880832
-1.75,5,810.89346
0.75,1,810.896198
2.75,8,810.915642
17.5,35,810.998164
0.75,1,811.000741
3.25,6,811.014916
-0.75,1,811.017936
3.25,6,811.033157
-0.75,1,811.035769
8.25,19,811.081724
1.25,11,811.107634
1.25,5,811.120232
-0.25,2,811.125555
3.75,10,811.149868
-1.25,6,811.164736
-0.75,7,811.182773
8.75,11,811.208239
1.25,8,811.226565
2.25,7,811.242997
-0.25,2,811.248213
3.25,9,811.269503
2.75,8,811.287583
15.0,30,811.354809
3.75,7,811.372429
0.75,4,811.382698
3.75,7,811.399547
0.75,1,811.402403
-3.75,4,811.412574
18.0,36,811.494903
18.0,42,811.591288
3.25,6,811.605482
-0.25,2,811.610021
-0.25,2,811.614755
3.25,6,811.630159
15.5,31,811.703117
1.25,5,811.714615
0.75,1,811.717291
2.75,8,811.735837
3.25,9,811.757816
12.0,24,811.812446
-0.25,2,811.817061
1.75,3,811.82394
0.75,1,811.82636
4.25,8,811.844673
1.75,6,811.858441
2.25,7,812.157725
-1.25,3,812.16551
1.75,6,812.18048
-0.75,1,812.183117
2.25,7,812.200731
1.75,6,812.21597
0.25,3,812.223384
-0.75,1,812.226198
18.5,37,812.312662
2.75,8,812.331281
1.75,6,812.345389
1.75,3,812.352402
-0.75,1,812.355177
-0.75,1,812.358147
-0.75,1,812.360803
0.75,1,812.363601
-0.25,2,812.368862
27.0,54,812.494247
0.25,3,812.501363
-0.75,1,812.50388
22.0,44,812.604561
22.5,45,812.709571
4.25,11,812.733938
3.25,6,812.747398
-0.25,2,812.752191
1.25,5,812.763382
0.75,4,812.772613
2.25,7,812.788311
-0.75,1,812.790983
0.25,3,812.797874
-0.75,1,812.800398
-0.25,2,812.805779
-0.75,4,812.816154
12.0,24,812.872786
-0.25,2,812.877475
-0.25,2,812.882437
1.25,5,812.894547
0.75,1,812.896973
1.25,5,812.908062
-1.25,3,812.915352
-0.25,2,812.920462
22.0,44,813.022062
13.5,27,813.087332
0.25,3,813.094704
15.5,31,813.16936
-0.75,1,813.172181
0.25,3,813.179907
3.25,6,813.195187
-0.75,1,813.198014
-0.25,2,813.203137
27.0,54,813.331033
0.25,3,813.338319
-0.25,2,813.343115
13.5,27,813.722644
-0.75,1,813.725571
2.25,7,813.74317
0.75,1,813.745874
21.0,42,813.852203
21.0,42,813.956888
2.25,7,813.974401
-0.25,2,813.979399
0.75,1,813.982749
19.5,39,814.081256
-0.25,2,814.086711
1.75,6,814.102259
24.5,49,814.222787
-3.25,5,814.235557
28.5,57,814.381162
0.75,1,814.384007
0.75,1,814.386944
1.75,6,814.402745
0.75,4,814.413156
0.75,1,814.415954
17.5,35,814.52516
0.75,1,814.531497
15.0,30,814.636788
0.75,4,814.648891
1.75,3,814.658278
2.25,4,814.670802
13.0,26,814.73825
-0.25,5,814.75105
-1.25,3,814.758649
4.25,8,814.778336
2.25,7,814.795166
-0.25,2,814.800206
0.75,1,814.802865
11.5,23,814.857895
2.75,8,814.876237
-0.75,1,814.878823
21.5,43,814.983889
0.75,3,814.991346
0.75,1,814.994161
-0.25,5,815.006279
0.75,4,815.336298
3.25,6,815.351671
0.25,3,815.359687
2.25,7,815.377927
-2.25,7,815.396315
-2.25,4,815.406954
5.75,9,815.42972
0.75,4,815.440221
0.75,1,815.443095
0.25,3,815.450973
0.75,4,815.461349
1.75,3,815.4693
17.5,35,815.553314
-0.25,2,815.558721
-0.75,1,815.561375
-0.75,1,815.564206
-0.75,1,815.566803
4.25,11,815.593936
15.5,31,815.670348
0.25,9,815.692463
1.25,5,815.704427
0.75,1,815.707147
-5.25,7,815.723656
-0.75,1,815.726353
-6.25,8,815.746157
0.75,1,815.748924
0.75,4,815.758545
23.0,46,815.870188
-0.75,7,815.886359
17.0,40,815.983566
-0.25,2,815.988752
0.75,4,815.998467
4.25,11,816.025095
0.75,1,816.027961
0.25,3,816.035297
16.5,33,816.116841
2.75,8,816.135934
2.25,4,816.146184
0.25,6,816.1603
0.75,1,816.163306
2.75,8,816.183676
1.75,6,816.198754
0.75,4,816.208751
1.75,6,816.222978
0.75,1,816.225804
3.25,6,816.240481
1.25,5,816.252784
0.75,4,816.262272
1.75,6,816.276141
-0.25,2,816.280934
6.25,9,816.301031
1.25,5,816.312978
1.75,6,816.326851
-0.75,1,816.329412
1.25,5,816.341433
2.75,8,816.359827
-1.25,3,816.367291
4.75,9,816.388154
0.75,4,816.398924
1.75,6,816.413762
3.75,7,816.430972
-1.25,3,816.438894
3.25,6,816.454117
0.25,3,816.461321
-0.25,2,816.46672
-0.75,1,816.469575
3.25,6,816.484508
4.75,8,816.503666
10.0,20,816.550777
5.25,10,816.574278
1.75,9,816.895873
1.25,5,816.909193
4.25,8,816.929095
19.0,38,817.021065
2.25,7,817.038946
2.75,8,817.059078
0.25,9,817.081338
3.25,6,817.096845
-0.25,2,817.10218
-0.25,2,817.107435
-2.25,4,817.117975
24.0,48,817.233915
0.25,6,817.248443
-0.25,2,817.253737
-0.25,2,817.259248
-0.25,2,817.264503
-0.75,1,817.267182
0.25,3,817.274315
-1.25,3,817.281185
13.0,26,817.34119
-0.75,1,817.344044
0.75,4,817.353219
3.75,7,817.369811
0.75,1,817.372419
-0.75,1,817.375011
-0.25,2,817.3798
0.25,3,817.387147
-0.25,2,817.392086
0.75,1,817.394682
-0.75,1,817.397438
21.5,43,817.501318
-3.25,5,817.514102
-0.75,1,817.516994
-0.25,5,817.52979
8.25,10,817.554544
2.75,8,817.57322
-0.25,2,817.578129
4.25,8,817.597405
-2.75,3,817.605049
0.75,1,817.607905
-0.75,1,817.61074
1.75,9,817.634225
13.25,30,817.707786
6.75,9,817.730721
-0.75,1,817.733256
0.75,1,817.735733
1.25,5,817.748156
-0.25,2,817.753335
32.0,64,817.901544
-0.25,2,817.906451
1.75,6,817.920571
1.75,6,817.934507
15.5,31,818.00943
0.75,1,818.012207
0.25,3,818.020021
3.75,7,818.037673
1.25,5,818.048585
-0.75,1,818.051249
-1.25,3,818.058802
-0.25,2,818.064167
-0.25,2,818.06944
3.25,6,818.084408
0.75,1,818.087138
-5.25,7,818.104523
-0.25,2,818.109435
-0.25,2,818.114641
1.25,5,818.127878
3.25,9,818.453453
0.25,3,818.461648
-0.25,2,818.468385
-0.75,1,818.471456
1.25,5,818.48505
0.75,1,818.487844
-0.25,2,818.493056
51.0,102,818.762395
2.25,7,818.779006
3.75,7,818.796196
-0.25,2,818.801158
-0.25,2,818.805945
3.75,7,818.821906
-1.25,3,818.828846
14.0,28,818.895163
-5.25,7,818.912813
1.75,9,818.933234
0.25,3,818.940318
15.5,34,819.022984
3.25,6,819.038057
35.75,74,819.210984
3.25,6,819.225331
-0.25,2,819.23028
-0.25,2,819.235091
1.25,5,819.246789
1.25,5,819.258204
0.25,3,819.265155
4.75,12,819.294913
-0.75,1,819.297706
3.25,6,819.311278
0.75,10,819.333909
0.75,1,819.336387
0.75,10,819.360146
-0.25,2,819.364841
0.75,1,819.367363
3.75,7,819.383424
0.75,1,819.385883
0.75,1,819.388364
0.75,1,819.390779
-0.75,1,819.393228
1.75,6,819.406953
-0.25,2,819.411659
3.25,6,819.425486
-0.25,2,819.430383
-1.25,6,819.444925
1.75,3,819.451859
1.25,5,819.464481
3.75,7,819.481413
3.75,10,819.504231
-0.25,2,819.509186
-0.25,2,819.514055
0.75,1,819.516566
0.75,4,819.526334
-0.25,2,819.530876
16.5,33,819.60828
6.75,16,819.648257
1.75,3,819.655404
25.0,50,820.077482
39.25,81,820.269084
0.75,4,820.278683
-0.25,2,820.283538
-0.25,2,820.288729
18.5,36,820.372158
0.25,3,820.379551
-0.75,1,820.382309
7.25,10,820.406274
3.25,9,820.427385
3.25,9,820.447603
2.25,7,820.464153
0.75,1,820.466862
9.5,22,820.517118
-0.25,2,820.521811
2.25,7,820.537452
15.5,31,820.611371
0.75,1,820.614064
-0.25,2,820.619454
-3.25,5,820.63221
1.75,6,820.647284
11.0,22,820.702164
0.75,1,820.704881
-0.25,2,820.709885
1.75,5,820.722135
-0.25,2,820.727473
0.25,3,820.735226
15.5,31,820.805963
-0.25,2,820.810614
-0.75,1,820.813162
0.75,1,820.815569
-0.25,2,820.820225
-1.25,3,820.827363
0.75,1,820.83006
-0.25,2,820.835102
0.75,1,820.837737
-0.25,2,820.84275
21.0,45,820.946367
0.75,4,820.956327
-0.25,2,820.961145
0.75,1,820.963903
1.75,6,820.979015
-0.25,2,820.984169
28.0,56,821.117161
-0.75,1,821.120129
20.0,40,821.510521
-0.25,2,821.515444
0.25,3,821.522722
-0.25,5,821.535118
0.25,6,821.549272
-1.25,3,821.556411
2.25,7,821.572365
-2.75,3,821.580036
3.75,7,821.597724
15.5,31,821.673131
30.0,60,821.816746
-0.75,4,821.826444
-0.75,1,821.829385
13.5,27,821.894359
0.75,1,821.897192
11.25,25,821.955061
-0.25,2,821.962579
0.25,3,821.970324
0.75,1,821.972963
0.75,1,821.975682
0.75,4,821.985455
39.0,81,822.18081
0.75,1,822.183496
0.75,4,822.193277
18.5,37,822.27905
2.25,4,822.288317
0.75,1,822.290831
-1.25,3,822.297746
2.25,7,822.313751
0.75,1,822.316459
-0.25,2,822.321333
-0.25,2,822.32605
-0.25,2,822.330747
2.75,8,822.348883
3.75,10,822.372695
4.75,9,822.393874
18.0,36,822.475489
-1.25,6,822.490721
-0.25,2,822.495695
13.5,27,822.560604
22.0,47,822.674649
3.75,7,822.691004
0.25,3,822.698639
5.25,10,822.722023
-1.25,3,822.729009
2.25,6,823.042244
20.0,40,823.138584
-0.75,1,823.14115
20.5,41,823.235024
4.25,8,823.253998
-0.75,10,823.277653
3.25,9,823.300354
-5.25,7,823.317566
0.75,1,823.32032
-6.25,8,823.339521
0.75,1,823.341988
2.25,7,823.359468
6.75,16,823.398164
-3.25,5,823.409882
-2.25,4,823.420084
-0.25,2,823.425513
5.75,7,823.4428
1.25,5,823.45465
-0.75,1,823.457194
15.5,31,823.527648
1.75,6,823.541425
2.75,8,823.560184
-1.25,6,823.574859
-0.25,2,823.579571
3.25,6,823.593158
1.75,9,823.615453
-1.25,3,823.62485
9.75,22,823.681299
0.25,6,823.696849
0.75,1,823.699854
1.25,5,823.713529
0.75,4,823.724092
-1.25,3,823.731682
15.0,30,823.804513
9.5,22,823.853989
0.25,3,823.860973
0.75,1,823.863393
29.5,59,823.999503
-0.75,1,824.002234
3.75,7,824.018913
2.75,11,824.046579
1.75,6,824.061026
-0.25,2,824.065709
-0.25,2,824.070451
1.75,6,824.084037
-0.25,2,824.088774
8.25,19,824.131278
-0.75,1,824.133967
-0.25,2,824.138822
-0.25,2,824.143593
9.25,21,824.192255
21.0,42,824.576258
0.75,4,824.585486
-0.25,2,824.590143
-0.75,1,824.592637
1.25,5,824.604397
26.0,52,824.736182
-0.25,2,824.741955
0.25,3,824.749586
1.25,5,824.762137
0.75,1,824.764982
2.25,7,824.782741
19.0,38,824.87361
-0.25,2,824.878916
3.25,6,824.893921
-0.25,2,824.899143
-1.25,3,824.907001
1.75,6,824.922836
0.75,1,824.925793
20.0,40,825.025109
19.0,38,825.117173
0.75,1,825.119978
-0.25,2,825.125075
3.25,6,825.139615
3.25,6,825.154584
0.75,4,825.165585
-0.25,2,825.173937
7.75,18,825.224401
-1.25,3,825.233297
0.75,1,825.236484
-0.75,1,825.239634
-0.25,2,825.245036
1.25,3,825.254154
-0.25,3,825.262981
-0.75,1,825.26633
0.25,3,825.274909
0.75,1,825.278359
0.25,3,825.286899
18.0,36,825.385783
0.75,1,825.388723
0.25,3,825.397891
-0.75,1,825.401057
2.25,7,825.421576
2.25,4,825.431866
-0.25,2,825.437217
-0.75,1,825.440261
16.5,33,825.533302
1.25,5,825.547792
-0.25,2,825.553604
-0.25,2,825.559067
0.25,3,825.567335
22.75,47,825.698496
-1.25,3,825.707777
-0.75,1,825.710748
13.0,26,825.781786
38.5,77,826.320126
1.25,5,826.333705
0.25,6,826.350848
2.75,8,826.373968
27.5,55,826.51933
3.25,6,826.535517
3.75,7,826.555973
3.25,9,826.580711
3.25,6,826.597045
-0.25,2,826.603129
-0.75,1,826.606306
0.75,1,826.60916
0.75,1,826.612283
0.25,3,826.622583
4.25,8,826.646985
0.75,4,826.658935
-0.75,1,826.661969
5.25,10,826.691644
-0.75,1,826.694795
-0.25,2,826.70089
-0.75,1,826.704264
16.0,32,826.796861
-0.75,1,826.800138
0.75,1,826.803457
2.75,8,826.827105
13.0,26,826.900303
-0.75,1,826.903252
-0.25,2,826.909462
-0.75,1,826.912738
3.75,7,826.931035
-0.75,1,826.933976
-0.25,2,826.93939
13.5,27,827.006269
-0.75,4,827.016151
-1.25,3,827.024927
4.75,9,827.04785
15.5,31,827.12617
20.0,40,827.229579
0.75,4,827.240016
0.75,1,827.242983
21.5,43,827.360859
0.75,1,827.363925
-1.75,2,827.36948
23.5,47,827.498032
20.5,41,827.611519
3.75,7,828.000847
-0.25,2,828.005766
6.75,16,828.04602
-0.25,2,828.051391
0.25,3,828.063197
0.25,3,828.07084
-0.25,2,828.076268
-0.25,2,828.081512
0.75,1,828.084007
-5.25,7,828.100984
3.25,9,828.123096
1.75,3,828.130786
0.75,1,828.133653
3.25,6,828.148883
-0.25,2,828.154048
-0.75,1,828.156692
3.25,6,828.171516
13.0,26,828.234776
7.75,11,828.261359
-0.75,4,828.271676
0.75,1,828.274585
-0.25,2,828.280046
0.75,1,828.282862
-2.75,3,828.290552
-3.25,5,828.303585
17.5,38,828.398717
-1.25,3,828.406641
2.25,7,828.42378
-0.25,2,828.429017
18.5,37,828.525435
1.75,6,828.540812
-0.25,2,828.546071
14.0,31,828.624284
3.75,7,828.641856
-2.75,3,828.64958
3.25,6,828.664574
-0.25,2,828.669665
3.25,6,828.684707
1.75,9,828.711539
14.5,29,828.793922
2.25,7,828.812193
1.75,6,828.827213
2.75,11,828.85591
12.0,24,828.920709
3.25,6,828.935584
-0.75,4,828.945763
-0.75,1,828.948493
-1.25,3,828.956381
13.5,27,829.028042
-2.25,7,829.048198
-1.25,3,829.057467
0.75,1,829.060407
-0.75,1,829.06352
1.75,6,829.080062
0.75,1,829.082864
0.25,6,829.099214
0.25,6,829.116399
0.75,1,829.119595
1.75,6,829.136919
-2.75,3,829.144999
-0.75,1,829.148306
16.5,33,829.24067
0.75,1,829.243685
0.75,4,829.255666
1.75,6,829.272554
3.25,9,829.297521
0.75,1,829.30042
1.75,9,829.325795
-0.25,2,829.331854
0.25,3,829.34023
5.25,10,829.730418
-1.25,3,829.739057
13.0,26,829.814266
22.0,44,829.937959
20.0,40,830.051342
3.75,10,830.078824
1.75,6,830.096958
1.75,3,830.106912
16.5,33,830.202338
-0.75,1,830.205596
2.75,8,830.229164
5.25,10,830.256945
9.25,21,830.31509
-0.75,1,830.317997
0.75,1,830.320741
-1.25,3,830.329799
21.5,43,830.445763
7.75,18,830.491652
-4.25,6,830.507842
2.25,7,830.526737
-0.25,2,830.532133
3.25,6,830.547136
12.5,25,830.607576
2.75,8,830.628672
-0.25,2,830.633927
1.75,6,830.649096
-0.75,1,830.651914
-2.75,3,830.659358
2.25,10,830.684584
3.25,9,830.70735
0.75,1,830.70992
1.25,5,830.722442
-0.75,1,830.725122
-0.75,1,830.72798
1.75,3,830.735592
1.75,6,830.750671
-0.25,2,830.755744
1.75,6,830.770526
-0.25,2,830.776161
3.25,6,830.792782
12.0,24,830.856793
-0.75,1,830.859807
-1.25,3,830.868895
-0.25,2,830.874732
8.25,19,830.922398
0.25,3,830.931124
-6.25,8,830.951063
2.75,8,830.971478
0.75,4,830.98144
0.75,1,830.984019
-0.75,4,830.994052
22.0,44,831.446846
-0.25,2,831.452055
0.75,3,831.459749
-0.25,2,831.464811
3.25,6,831.48049
16.0,32,831.56367
0.75,4,831.575078
3.25,6,831.591851
2.75,8,831.614797
1.75,6,831.632926
2.75,8,831.653135
3.25,6,831.66844
-2.25,4,831.678948
-0.25,2,831.683907
0.75,4,831.693662
1.75,6,831.708835
0.75,4,831.719026
-0.25,2,831.724404
2.75,8,831.744808
-0.25,2,831.750325
3.75,10,831.776199
0.25,3,831.784174
-0.25,2,831.789759
0.75,1,831.792406
-0.75,1,831.795311
1.75,6,831.811998
-0.25,2,831.818308
25.5,51,831.946681
3.25,9,831.970137
1.75,6,831.985034
1.75,9,832.007249
-0.25,2,832.012648
1.75,6,832.028047
0.25,6,832.043191
19.0,38,832.137055
21.5,38,832.230375
-0.25,2,832.235673
-0.25,2,832.240825
0.75,4,832.250679
2.75,8,832.27038
-1.75,2,832.275664
-0.75,1,832.278476
0.75,1,832.281095
0.75,1,832.283681
1.25,8,832.303407
-2.25,4,832.313521
-0.25,2,832.318843
0.75,1,832.321433
-0.25,5,832.333955
-0.25,2,832.338929
-4.25,6,832.353818
2.25,7,832.371385
0.75,1,832.374007
-0.75,1,832.376577
-0.75,1,832.379129
0.75,1,832.381778
2.25,7,832.399283
3.25,6,832.414409
-0.25,2,832.419354
4.75,9,832.441951
-0.25,2,832.446887
0.25,6,832.46248
20.5,41,832.56653
-0.75,1,832.569304
3.25,6,832.583856
16.0,32,832.663903
0.25,3,832.671463
1.75,3,832.678913
-0.25,2,832.68416
0.25,3,832.692138
0.75,1,832.695014
1.25,5,832.707413
0.75,1,832.710258
5.75,14,833.063777
-0.75,1,833.066691
0.75,4,833.084175
0.25,3,833.092217
0.75,1,833.09509
13.0,26,833.161132
0.75,1,833.163916
1.75,6,833.179435
-1.25,3,833.18713
3.25,6,833.202034
3.75,7,833.220174
2.25,7,833.237892
15.5,31,833.345532
3.25,9,833.386988
-0.75,1,833.393899
-0.25,5,833.42091
-2.25,4,833.443392
19.0,38,833.549314
3.75,7,833.567905
1.75,6,833.584414
-0.25,2,833.589677
-0.75,1,833.592563
-0.25,2,833.597862
-3.25,5,833.610848
3.25,9,833.637561
0.75,4,833.648538
3.75,10,833.674962
3.25,6,833.690588
0.25,3,833.698614
-0.25,2,833.704121
-0.75,1,833.707085
-0.25,2,833.712641
-1.25,3,833.720311
0.75,1,833.723049
-0.25,5,833.735434
12.0,33,833.825268
-1.25,3,833.835348
1.75,3,833.845992
6.75,16,833.897313
19.0,38,833.994667
1.75,6,834.009408
0.75,1,834.012244
3.75,7,834.030942
15.5,31,834.109833
-2.75,3,834.117314
2.25,4,834.127651
1.75,3,834.135717
0.75,1,834.138455
16.0,35,834.228765
-0.25,2,834.234433
0.25,6,834.249358
0.25,9,834.272328
3.75,7,834.290313
-0.75,7,834.30859
0.25,3,834.316495
1.25,5,834.329758
0.25,3,834.337202
-3.25,5,834.350509
-1.25,3,834.358329
-0.25,3,834.365934
1.75,6,834.381315
1.25,5,834.394159
0.75,1,834.39696
45.0,93,834.977634
13.0,26,835.050999
3.25,8,835.071928
15.5,31,835.152589
1.75,6,835.167739
23.0,46,835.285609
-0.75,4,835.296518
2.25,7,835.315239
3.25,6,835.332848
-6.25,14,835.369333
0.75,1,835.372221
0.75,1,835.375193
2.25,7,835.393742
-0.25,2,835.399313
-0.25,2,835.404704
17.5,35,835.49372
-0.75,1,835.496515
0.25,3,835.504183
0.75,1,835.506896
2.75,8,835.526428
-0.25,2,835.531826
16.5,33,835.613146
-0.25,2,835.618397
-2.75,3,835.62706
1.75,6,835.642448
-0.25,2,835.647789
1.25,11,835.675005
-0.25,5,835.68751
1.75,6,835.702316
1.75,6,835.716836
-1.25,3,835.724517
0.75,1,835.728934
1.25,5,835.74151
0.75,4,835.756133
24.5,49,835.88227
23.0,46,835.998116
0.75,10,836.023234
-0.25,2,836.028634
6.75,16,836.068935
-0.75,1,836.071492
0.75,1,836.074158
-2.25,4,836.084241
7.25,17,836.126403
-0.25,2,836.131473
3.75,7,836.149757
13.0,26,836.528377
-0.25,2,836.53335
3.25,6,836.548643
45.0,90,836.779756
0.75,4,836.789967
-0.25,2,836.795232
5.25,10,836.82045
-0.25,2,836.825715
0.75,1,836.8286
-0.75,1,836.831416
2.25,7,836.849011
3.25,9,836.871718
0.25,3,836.879452
18.5,33,836.960166
20.5,44,837.067516
3.25,6,837.082491
24.5,49,837.204222
-0.25,2,837.20925
2.25,4,837.219126
-0.25,2,837.224268
0.25,6,837.238779
1.75,6,837.253599
-2.25,4,837.263361
0.75,4,837.273308
3.25,6,837.28805
-7.25,9,837.310333
12.0,24,837.369
21.5,43,837.473635
9.75,22,837.527771
-0.75,1,837.530302
10.0,20,837.57879
-0.75,7,837.59606
-0.25,2,837.601124
4.75,10,837.626421
-0.75,1,837.629199
0.75,1,837.632066
4.25,7,837.649745
15.5,31,837.725027
3.25,6,837.740058
-2.25,4,838.062641
-0.75,4,838.073293
-1.25,3,838.081195
-0.25,2,838.086305
15.5,27,838.158546
3.25,6,838.174008
15.0,30,838.24981
0.25,6,838.26489
12.0,24,838.326612
-0.75,1,838.329546
1.75,6,838.345195
-0.25,2,838.351076
3.75,10,838.375885
-2.75,3,838.384109
0.75,1,838.38704
4.25,11,838.415735
3.25,6,838.431898
1.25,5,838.444999
0.75,4,838.455598
0.75,1,838.458477
-2.75,3,838.466398
3.25,6,838.481591
-0.25,2,838.487023
-0.25,5,838.500052
13.5,27,838.569021
0.75,1,838.571767
8.75,20,838.624821
0.75,4,838.636799
1.75,6,838.652701
20.5,41,838.756667
5.25,10,838.782082
5.75,11,838.813253
0.75,1,838.816242
-1.75,2,838.821644
15.0,33,838.910901
13.5,27,838.981121
-0.75,1,838.984044
3.25,6,838.999408
-0.75,1,839.002349
0.75,1,839.005541
0.75,4,839.015425
0.75,1,839.018181
1.25,8,839.038862
16.0,38,839.137746
4.25,7,839.155094
-0.25,2,839.160485
1.25,8,839.180432
-3.25,5,839.19331
-0.25,2,839.198406
-0.75,1,839.201087
17.0,34,839.285573
-0.25,2,839.290693
22.5,48,839.734057
3.75,7,839.751379
1.75,6,839.766522
13.0,26,839.830374
41.0,82,840.0309
0.75,1,840.033862
0.75,1,840.036608
-3.25,8,840.056954
16.5,36,840.146194
0.75,1,840.14899
10.5,24,840.20964
0.75,1,840.212545
0.25,3,840.22059
26.5,53,840.352383
-1.25,3,840.360589
5.25,10,840.385245
22.0,44,840.493069
0.75,1,840.495832
3.25,9,840.517674
20.0,40,840.616585
32.0,85,840.823394
4.25,11,840.852704
0.25,3,840.860543
3.75,9,840.882592
3.25,6,840.897421
-1.25,3,840.904948
2.25,7,840.922104
0.75,10,840.947083
35.5,71,841.434686
23.0,46,841.545641
38.0,76,841.732633
3.25,12,841.762405
17.5,35,841.847122
3.25,6,841.862244
0.75,1,841.865167
-3.25,5,841.878602
38.5,77,842.067832
0.25,6,842.082131
4.75,9,842.103415
-7.25,9,842.125389
-2.25,10,842.149672
23.0,46,842.258912
0.25,6,842.273509
20.5,41,842.373121
-0.25,2,842.378324
13.0,26,842.441386
15.5,31,842.51643
2.25,7,842.534126
0.75,4,842.862686
0.75,1,842.865638
0.75,4,842.876019
0.75,1,842.878785
-1.25,3,842.887161
8.0,28,842.956876
-0.25,2,842.961977
-0.25,2,842.967044
1.75,6,842.982195
-0.75,1,842.98517
-0.75,1,842.987745
-1.25,15,843.025461
-1.25,9,843.048671
1.25,5,843.061697
1.75,6,843.076774
-2.25,4,843.087062
0.75,1,843.089982
25.0,50,843.211839
-0.75,1,843.214693
1.25,5,843.226429
0.25,3,843.23437
1.25,5,843.246911
-0.75,1,843.249816
2.75,8,843.269714
3.25,6,843.28508
-1.25,3,843.292832
27.5,55,843.432904
1.75,3,843.440971
2.75,8,843.461662
2.25,4,843.471738
0.75,1,843.474427
20.5,41,843.575193
1.75,6,843.589838
0.75,1,843.592602
1.75,6,843.609132
1.75,9,843.632217
-0.75,1,843.635031
-0.25,2,843.640458
3.25,9,843.663082
1.75,6,843.677543
17.5,41,843.776846
1.25,5,843.789499
-2.75,3,843.797506
1.75,6,843.814412
-0.75,1,843.817394
18.0,36,843.906363
27.0,54,844.040393
0.75,1,844.04333
4.25,8,844.064572
2.25,7,844.083879
17.0,34,844.493802
1.75,9,844.516996
-4.25,6,844.532583
3.75,10,844.559205
13.0,26,844.629896
2.75,8,844.652866
20.0,46,844.773002
-0.25,2,844.778207
1.25,5,844.790703
-0.25,2,844.795952
12.0,24,844.857093
-4.25,6,844.872332
21.5,42,844.984497
0.75,1,844.987492
0.75,1,844.990387
3.25,6,845.006613
4.25,8,845.038003
-0.25,2,845.05175
2.75,8,845.07812
21.0,42,845.192516
15.5,31,845.279761
0.75,10,845.304514
20.0,40,845.408213
0.75,1,845.411151
-0.75,1,845.413813
7.25,11,845.440721
5.25,10,845.465916
1.25,5,845.478287
24.0,44,845.585747
3.75,7,845.60254
1.75,6,845.618088
18.0,36,845.706141
2.25,7,845.723451
16.0,32,845.800887
0.75,4,845.810929
-0.25,2,845.816125
13.5,27,846.192183
2.75,8,846.211749
-0.75,1,846.214355
20.5,41,846.314279
13.5,27,846.378631
-0.25,2,846.383864
0.25,9,846.406079
-0.25,2,846.411138
-0.25,2,846.416409
3.75,10,846.441555
0.75,1,846.444201
2.25,9,846.465717
3.25,9,846.487761
3.25,9,846.509556
1.75,6,846.524429
10.75,24,846.580938
3.25,6,846.595944
22.5,45,846.728648
0.75,1,846.731766
16.0,32,846.813807
15.5,31,846.892538
0.75,1,846.895338
12.0,24,846.957153
5.25,10,846.982274
-0.25,2,846.987346
-0.25,2,846.992446
2.75,8,847.012505
-0.75,1,847.015488
0.75,4,847.026667
16.5,33,847.110159
17.5,35,847.199494
-5.25,7,847.217669
-5.25,7,847.235609
16.5,33,847.318367
0.75,10,847.343372
0.75,4,847.353849
12.5,25,847.416155
17.5,35,847.831113
30.5,61,847.98386
3.25,6,847.998605
-2.25,4,848.008996
0.25,3,848.017308
-0.75,1,848.020097
1.75,6,848.036264
1.75,6,848.051481
0.75,1,848.054182
14.0,34,848.138639
15.0,26,848.203475
2.25,4,848.213599
-0.75,1,848.216286
-0.25,2,848.221754
2.75,5,848.234693
4.25,8,848.255085
3.25,6,848.27117
13.0,26,848.33903
-2.25,4,848.349858
3.25,6,848.365191
-0.75,1,848.368249
0.25,3,848.376551
-2.25,4,848.386596
3.75,10,848.415365
-0.75,1,848.418306
1.75,6,848.434593
2.25,7,848.453489
1.25,5,848.46691
-0.25,2,848.472279
-0.25,2,848.477496
3.75,10,848.502315
-0.75,1,848.504942
2.75,8,848.525256
0.25,9,848.547733
2.75,8,848.567927
-0.25,8,848.587722
27.0,48,848.71181
-2.25,7,848.728974
1.75,6,848.743804
0.75,4,848.753812
0.75,4,848.763462
2.25,7,848.781805
-0.75,1,848.784518
1.75,5,848.796638
-0.25,2,848.801805
23.5,47,848.916826
13.5,27,848.983543
0.75,1,848.986372
1.25,5,848.998432
0.75,4,849.008461
1.75,3,849.015996
-0.75,1,849.018783
-0.25,2,849.023862
-1.25,12,849.053907
0.75,1,849.056911
-2.25,4,849.374128
1.25,5,849.388371
-0.25,2,849.394212
-2.25,7,849.41413
-0.75,4,849.425128
4.25,8,849.446663
1.75,9,849.46995
3.75,9,849.493233
-4.25,6,849.508452
33.5,67,849.690536
0.75,1,849.69379
0.25,3,849.702708
-5.75,6,849.71973
6.75,16,849.763774
-0.75,4,849.77559
-0.25,2,849.781259
1.75,3,849.790653
15.5,31,849.876729
1.25,5,849.890337
2.75,8,849.912433
0.25,6,849.929699
0.75,4,849.941871
2.75,8,849.963665
3.25,6,849.98098
3.75,10,850.00993
-0.25,2,850.016231
0.75,1,850.019673
4.25,7,850.040818
9.75,22,850.102382
18.0,36,850.209074
-0.25,2,850.215583
0.25,3,850.225114
0.25,3,850.234936
1.75,6,850.25324
-1.25,15,850.295342
-0.25,2,850.301303
13.5,27,850.375453
2.75,8,850.397325
-0.75,1,850.400017
0.75,10,850.426471
-0.25,2,850.433189
-7.25,9,850.460034
2.25,13,850.497714
-1.75,11,850.526751
26.0,52,850.674132
2.75,8,850.696133
12.0,24,850.755952
1.75,6,850.770844
2.75,8,850.790803
12.0,24,851.179466
21.0,38,851.272905
1.75,6,851.288848
2.75,8,851.308967
17.75,35,851.401799
12.0,24,851.468323
-0.25,2,851.474351
0.75,4,851.485477
12.5,25,851.554363
-5.25,7,851.573597
-0.25,2,851.579164
7.75,18,851.63178
1.75,6,851.649597
3.75,7,851.668861
0.75,10,851.695901
1.75,6,851.711932
1.75,6,851.72814
3.75,10,851.755812
-0.75,1,851.759005
-0.25,2,851.764759
0.25,9,851.790404
14.75,32,851.878707
-0.25,2,851.884709
29.5,59,852.095038
3.25,9,852.119556
6.25,9,852.141917
-0.75,1,852.144538
-0.75,10,852.171281
1.25,5,852.186355
15.5,31,852.27249
-0.25,2,852.278384
-0.75,4,852.289913
1.75,6,852.306881
-0.25,5,852.321983
-0.75,1,852.325039
-2.25,4,852.336567
13.0,26,852.408403
-0.25,5,852.42257
1.75,3,852.431752
3.25,6,852.449106
-0.25,2,852.455193
1.75,5,852.469378
18.5,37,852.574989
1.75,6,852.938445
1.75,6,852.957285
-0.75,1,852.961001
0.75,1,852.964309
-0.75,1,852.967693
-0.25,5,852.98296
1.75,6,853.000517
-0.75,1,853.003711
3.75,7,853.02314
-0.75,4,853.036161
-0.75,4,853.047711
0.25,3,853.05683
0.25,3,853.06539
3.75,7,853.086854
-0.25,2,853.093131
8.75,20,853.148812
-0.25,2,853.15447
2.75,8,853.176915
0.75,1,853.17998
-1.25,3,853.1884
1.25,5,853.202393
-0.25,2,853.20811
0.25,9,853.233217
0.25,3,853.241917
25.5,51,853.371844
12.0,24,853.431769
17.0,34,853.51603
-3.25,5,853.529025
2.25,7,853.546488
0.75,10,853.570829
3.25,6,853.586053
16.5,33,853.668568
-0.25,2,853.673992
0.75,4,853.684315
-0.75,1,853.687192
-0.25,2,853.692563
1.75,3,853.700574
3.25,9,853.724187
-9.25,11,853.752291
-1.25,3,853.759881
2.25,7,853.777705
-0.75,1,853.780512
1.75,3,853.788249
0.75,1,853.791103
1.75,6,853.806242
23.5,47,853.921603
3.25,9,853.944688
-0.25,2,853.949784
-3.25,5,853.962339
0.75,1,853.965141
1.25,5,853.977877
12.0,24,854.03828
-0.25,5,854.052006
0.75,1,854.054891
-2.75,3,854.063231
12.0,24,854.12245
1.75,6,854.137509
16.5,33,854.22352
0.75,1,854.226784
-0.75,1,854.230155
0.25,6,854.247084
12.0,24,854.603086
3.25,6,854.618244
6.25,15,854.655756
0.75,1,854.658519
3.25,9,854.681052
0.75,1,854.683842
5.25,10,854.709023
18.0,36,854.798561
-0.75,1,854.801451
31.0,62,854.953141
0.75,1,854.956387
12.0,24,855.016374
0.75,1,855.019147
1.75,6,855.035037
12.0,24,855.102546
4.25,11,855.131213
1.75,6,855.146118
0.75,1,855.148995
21.5,43,855.262905
3.25,6,855.279255
-0.75,1,855.28242
-0.25,2,855.287997
1.25,5,855.302118
-0.25,2,855.307588
1.25,5,855.323528
-0.25,2,855.329773
-1.25,3,855.339222
-0.75,1,855.342581
4.75,8,855.367034
0.25,3,855.376512
3.25,9,855.403944
0.75,1,855.407199
10.5,24,855.471047
0.25,3,855.479369
35.5,71,855.664291
-0.75,1,855.667022
3.25,9,855.690576
1.25,5,855.703372
0.75,1,855.706188
-0.25,2,855.711836
4.75,9,855.734663
18.0,36,855.828186
1.75,6,855.84346
1.75,3,855.851126
-0.75,1,855.853811
0.75,1,855.856521
1.75,6,855.872322
3.75,7,855.891953
0.75,1,855.894814
0.75,1,855.897662
0.25,3,856.219457
0.25,3,856.226851
6.75,16,856.266263
4.75,12,856.296314
3.25,6,856.311372
13.5,27,856.379049
1.75,3,856.386823
0.75,1,856.389526
20.5,41,856.497056
-0.25,2,856.50238
-0.25,2,856.507491
1.75,6,856.522523
-0.25,2,856.528154
-0.75,1,856.531058
18.0,36,856.627093
0.25,3,856.635088
-1.25,3,856.642474
14.0,28,856.71173
12.0,24,856.770768
3.25,6,856.785956
7.75,18,856.829804
-0.25,2,856.83495
2.25,7,856.852306
0.75,1,856.854947
12.0,24,856.912559
2.75,8,856.932709
-5.25,7,856.950292
5.75,11,856.977999
-0.25,2,856.983198
-0.25,2,856.988498
12.0,24,857.04999
4.75,9,857.071837
3.75,6,857.086691
-0.25,2,857.092113
-0.25,2,857.09728
-5.25,7,857.114739
-4.25,6,857.130112
-0.75,1,857.132956
-0.25,2,857.139483
2.25,7,857.157788
4.25,11,857.185535
1.25,5,857.199425
3.25,6,857.215264
3.25,9,857.238363
-2.25,4,857.248961
1.25,5,857.26126
12.0,24,857.319559
1.25,5,857.332058
-3.25,5,857.344713
13.5,27,857.413595
0.75,1,857.416431
-0.75,1,857.419211
20.0,40,857.868836
3.25,9,857.892493
12.0,24,857.952171
0.75,1,857.95503
1.75,6,857.970018
-0.25,2,857.975931
-0.75,1,857.978809
-0.75,1,857.98166
0.25,3,857.989516
21.5,43,858.098223
3.25,6,858.113412
0.25,3,858.120759
-2.75,3,858.12847
-0.75,1,858.131464
1.75,9,858.153864
-0.25,2,858.159178
0.75,1,858.161859
-0.75,1,858.164479
2.25,7,858.182134
-0.75,1,858.184882
-0.25,2,858.189951
16.0,32,858.271296
21.0,42,858.375199
0.75,1,858.378078
-0.75,1,858.380852
28.5,60,858.53272
18.5,37,858.625026
-0.75,1,858.628768
0.75,1,858.631723
0.75,1,858.634707
5.25,10,858.6608
12.0,24,858.723804
2.75,8,858.744423
0.75,1,858.747381
-0.75,1,858.750241
12.5,25,858.814773
-0.25,2,858.820136
0.75,1,858.823081
0.75,1,858.825837
0.75,1,858.828561
1.25,5,858.841469
1.75,6,858.857061
-0.25,2,858.862394
1.75,6,858.877737
-1.25,3,858.886188
0.75,1,858.888967
0.75,1,858.891832
-0.75,1,858.894696
-0.25,2,858.899846
18.0,36,858.989255
-0.25,2,858.994549
3.25,6,859.009891
1.75,6,859.024778
26.0,52,859.155606
19.5,39,859.588035
-0.25,2,859.593768
9.75,22,859.653913
-0.25,2,859.659288
27.0,54,859.796179
-0.75,1,859.799069
-0.25,2,859.804314
0.75,1,859.806935
1.75,6,859.823182
-3.25,5,859.836874
-0.25,2,859.842304
2.75,8,859.86626
-0.75,1,859.868999
-0.75,1,859.871707
20.5,41,859.974932
31.5,63,860.131892
42.5,85,860.348314
3.75,7,860.366863
0.75,1,860.369667
-0.25,2,860.37534
0.75,1,860.378143
24.0,42,860.482396
20.0,40,860.579772
6.75,16,860.618361
21.5,43,860.724574
6.25,15,860.761465
3.75,7,860.778497
15.5,31,861.180106
-2.25,4,861.190108
-0.25,2,861.195386
13.0,26,861.258822
-0.75,1,861.261545
3.25,9,861.283839
-0.75,1,861.286466
3.75,7,861.30388
-0.25,2,861.309136
1.25,8,861.329497
0.75,1,861.332175
0.25,9,861.354141
1.75,3,861.361645
-0.25,5,861.374029
5.25,13,861.405862
1.75,6,861.420714
1.75,6,861.435701
0.75,1,861.438495
-0.75,1,861.441134
-5.25,7,861.458355
1.75,3,861.465981
-0.25,5,861.478186
17.0,34,861.560038
2.75,8,861.579685
3.25,6,861.5943
0.25,6,861.609082
0.75,1,861.611859
21.5,43,861.717125
3.25,12,861.746258
1.75,6,861.761141
3.25,6,861.775674
0.75,1,861.778457
3.25,9,861.800545
-0.25,2,861.805736
0.75,10,861.829327
-0.25,2,861.834658
24.0,48,861.954293
18.0,36,862.047522
0.75,1,862.050336
1.25,5,862.063199
0.75,4,862.073115
12.0,24,862.134322
4.25,11,862.163206
5.75,9,862.187782
-0.75,1,862.190892
0.25,6,862.21042
20.0,40,862.316507
3.25,6,862.331548
6.75,16,862.374715
1.75,9,862.396835
5.25,9,862.740639
2.75,8,862.761026
0.75,4,862.771222
0.75,1,862.773968
-1.75,11,862.801208
-2.25,4,862.811203
-2.25,4,862.821474
0.75,1,862.824134
0.75,1,862.826827
15.5,34,862.913703
24.5,49,863.050969
2.75,8,863.071012
5.75,10,863.097832
-1.25,9,863.121088
9.75,22,863.178594
17.5,35,863.275577
3.25,9,863.300833
-0.25,2,863.306558
11.5,26,863.375858
-4.25,6,863.390896
2.25,7,863.40872
4.75,9,863.432041
1.75,9,863.45609
-1.25,3,863.46483
4.25,8,863.486052
14.0,28,863.55965
6.75,10,863.586257
27.0,60,863.744422
20.0,40,863.843882
-1.25,6,863.85902
3.25,6,863.874854
-4.25,6,863.891279
12.0,24,863.953709
3.25,6,863.96935
4.25,11,863.997728
20.5,41,864.428658
-1.25,3,864.437402
-0.75,1,864.441424
-0.75,1,864.444497
11.0,22,864.498747
0.25,3,864.506306
2.25,6,864.52133
-2.25,4,864.53141
3.25,6,864.546073
-0.75,1,864.548862
-0.25,2,864.554657
1.75,6,864.56955
-0.75,1,864.572591
0.25,3,864.580584
25.0,50,864.702521
27.5,55,864.835504
3.25,6,864.850186
-2.75,3,864.857485
4.75,8,864.877226
0.25,9,864.899263
3.25,6,864.914383
3.25,6,864.929061
0.25,6,864.944406
1.75,6,864.959291
1.75,6,864.974342
1.75,6,864.989198
-1.25,6,865.004314
-0.25,2,865.009427
-3.25,5,865.021648
-1.25,3,865.029353
16.0,35,865.117505
0.75,4,865.127803
2.25,10,865.152307
3.25,6,865.167263
20.5,41,865.270934
-0.75,1,865.273904
0.75,1,865.276701
5.25,10,865.301887
2.75,8,865.322833
-0.75,1,865.325694
1.25,5,865.338376
1.75,3,865.346446
12.0,24,865.406557
-1.25,3,865.414328
-0.25,2,865.419549
19.0,38,865.516844
1.75,6,865.531784
39.0,81,866.040868
24.0,48,866.222133
3.75,7,866.252927
5.75,14,866.313848
-2.25,4,866.332086
1.75,6,866.358579
3.75,10,866.402386
0.75,1,866.407131
0.75,1,866.411362
-0.25,5,866.425943
-0.75,1,866.428981
0.75,1,866.431786
-0.25,2,866.437142
-0.75,1,866.439862
1.75,6,866.455121
-1.25,3,866.462572
0.75,1,866.465261
-0.75,1,866.468044
0.75,1,866.470734
0.25,3,866.47826
0.75,1,866.480934
-0.25,2,866.486089
3.25,6,866.501306
0.75,1,866.504118
-1.25,3,866.512064
-0.75,1,866.514831
3.25,9,866.537148
-2.25,10,866.562045
0.75,1,866.564809
-0.25,2,866.570064
1.75,6,866.585374
-0.25,2,866.590729
-0.75,1,866.593416
6.75,16,866.634452
0.75,1,866.637683
-0.25,5,866.651555
0.75,1,866.654556
-0.25,2,866.660087
-0.25,2,866.665579
3.25,9,866.687753
15.0,30,866.761989
14.0,31,866.838387
36.0,72,867.016336
-0.75,1,867.019272
6.75,10,867.046403
1.75,6,867.061513
17.5,35,867.147697
11.0,22,867.203268
4.75,9,867.226398
1.25,3,867.234251
3.25,6,867.249871
1.75,3,867.257903
15.5,31,867.334276
2.25,7,867.351358
2.75,8,867.372183
-2.25,4,867.382489
0.75,1,867.38526
-0.25,2,867.391184
3.25,6,867.406347
1.75,3,867.413837
-0.75,1,867.416571
12.0,24,867.768237
0.75,1,867.771055
0.75,4,867.781015
3.75,7,867.797901
-0.25,2,867.802904
-3.25,10,867.826996
-0.75,1,867.829831
0.25,3,867.837485
19.0,38,867.930004
2.25,7,867.946934
2.25,7,867.963853
0.75,1,867.966601
-1.25,3,867.974258
0.75,1,867.977058
26.0,52,868.190011
5.25,10,868.215248
1.25,8,868.235967
0.75,10,868.261145
0.75,4,868.27122
7.25,17,868.313318
4.25,11,868.340552
17.0,34,868.425104
2.25,7,868.443114
-2.75,9,868.465875
0.25,3,868.474215
-0.75,1,868.477024
-1.25,6,868.491852
26.5,56,868.631662
20.0,40,868.730371
16.0,32,868.808602
21.5,43,868.911377
1.75,3,868.919299
-0.25,3,868.926915
0.75,10,868.952383
14.5,32,869.030359
-0.75,1,869.0335
22.0,44,869.463847
-0.25,2,869.469087
0.75,1,869.471872
22.0,44,869.583914
3.25,6,869.59963
3.25,6,869.61804
0.25,3,869.626788
11.0,22,869.683896
18.5,37,869.773955
1.25,5,869.786681
0.75,10,869.81058
4.25,8,869.830437
3.75,7,869.848454
19.5,39,869.946976
12.0,24,870.007695
1.25,5,870.020582
4.25,8,870.042466
3.25,6,870.058155
-0.75,1,870.060984
21.0,42,870.163212
0.75,1,870.16587
-2.25,4,870.176016
-1.25,3,870.183872
-0.25,5,870.195991
27.0,54,870.332504
0.75,1,870.335594
0.25,3,870.343768
2.25,4,870.354358
0.25,3,870.362487
-0.25,2,870.368037
-0.25,2,870.373489
-0.75,1,870.376552
-0.25,2,870.382705
15.5,31,870.462167
1.75,3,870.470409
0.75,1,870.473425
-1.75,2,870.478893
34.5,72,870.668313
1.75,6,870.683857
-0.25,2,870.689341
0.25,6,870.704806
24.5,49,871.161541
3.75,7,871.180498
0.25,3,871.188332
29.0,58,871.336452
13.5,27,871.408601
0.75,10,871.434029
3.25,6,871.450439
3.25,9,871.476798
0.25,3,871.4938
5.75,10,871.553915
4.75,9,871.60626
18.5,36,871.826304
-1.25,3,871.845301
20.5,41,872.108597
-0.25,2,872.121733
3.25,9,872.179534
2.75,8,872.231683
2.25,6,872.271815
3.25,6,872.311152
1.75,6,872.351949
-2.25,4,872.378561
-0.75,1,872.386955
-0.75,1,872.393986
-0.75,10,872.460472
20.0,43,872.746016
2.25,7,872.791287
0.75,1,872.798163
0.25,9,872.857153
3.25,6,872.896309
4.25,11,872.967399
2.25,10,873.032053
-1.25,3,873.052251
1.25,5,873.084748
14.0,28,873.261586
0.75,4,873.286789
12.5,28,873.46667
0.75,4,873.491882
1.25,5,873.523598
-2.25,4,873.549869
-0.75,7,873.595278
2.75,8,873.648486
-1.25,3,873.668925
3.75,7,874.251589
0.25,6,874.289634
3.25,9,874.346
0.25,9,874.402454
19.0,38,874.634426
-2.25,4,874.648294
-1.25,3,874.657754
20.0,40,874.781086
1.75,6,874.800886
0.25,3,874.810122
1.25,8,874.833868
0.25,6,874.851892
14.0,28,874.936605
14.5,38,875.054251
-0.75,1,875.057672
1.25,5,875.072867
15.5,31,875.170254
0.75,1,875.173666
1.75,3,875.183414
1.75,6,875.202909
1.75,6,875.222355
-1.75,8,875.267738
-2.25,10,875.329564
-5.25,7,875.37275
1.25,5,875.405841
1.25,8,875.456945
3.25,6,875.494597
4.25,11,875.552125
-0.25,2,875.55853
3.25,9,875.584125
0.75,1,875.587457
4.75,8,875.611128
-0.75,1,875.614409
1.25,5,875.629046
1.75,6,875.64785
0.75,1,875.651186
16.0,32,875.741468
3.25,9,875.76828
3.25,6,875.787018
2.25,4,875.798975
-3.25,5,875.813767
1.25,5,875.828667
18.0,36,875.935047
0.75,1,875.938419
6.25,10,875.967843
18.5,43,876.095549
4.75,9,876.122876
5.75,7,876.144078
-2.25,4,876.510733
1.25,5,876.524858
17.0,37,876.630595
14.5,29,876.715113
6.25,9,876.740513
2.75,10,876.768742
0.75,10,876.79774
-0.25,2,876.803756
1.25,5,876.818846
-2.25,4,876.83024
3.25,6,876.847277
11.0,25,876.917313
2.75,8,876.941086
-0.25,2,876.947105
-6.25,8,876.971547
11.5,44,877.098471
3.25,6,877.115473
23.0,46,877.247967
0.75,1,877.251272
0.75,1,877.254524
-0.25,2,877.260814
23.5,47,877.393495
0.25,6,877.411399
-1.25,3,877.420162
1.25,5,877.434449
0.75,4,877.445613
3.25,6,877.463673
0.75,1,877.466939
3.25,6,877.484119
2.25,6,877.501963
-2.25,4,877.513532
-0.25,5,877.527601
3.25,6,877.545048
0.25,3,877.553492
2.75,11,877.584245
0.25,9,877.610679
1.25,5,877.624927
27.5,55,877.778398
24.0,54,877.926252
19.0,38,878.370365
3.25,6,878.387167
19.5,39,878.49755
15.0,30,878.578832
0.25,3,878.587049
-0.25,5,878.599884
3.75,7,878.618249
12.0,24,878.681498
-0.75,1,878.684208
1.75,6,878.699253
22.5,45,878.816576
2.75,8,878.838402
1.25,5,878.851335
19.25,41,878.964746
13.75,30,879.049364
0.25,3,879.059148
-5.25,10,879.088051
1.75,6,879.105216
25.5,51,879.238975
1.25,5,879.251914
1.75,6,879.26719
0.75,1,879.270046
1.75,3,879.277594
3.25,6,879.292595
-0.25,2,879.298403
-0.25,2,879.304131
0.25,3,879.311953
-0.75,1,879.315011
-0.25,5,879.327461
-0.25,8,879.347681
1.75,6,879.363033
27.75,58,879.509207
2.75,8,879.530019
15.0,30,879.60306
16.0,32,880.016048
15.0,33,880.11082
2.75,8,880.134093
-5.25,7,880.154964
13.5,27,880.235556
-0.25,2,880.242047
1.75,3,880.250939
2.75,8,880.273366
3.25,6,880.291913
3.25,6,880.310667
38.0,76,880.532598
4.25,8,880.556631
0.75,4,880.568752
33.0,66,880.762635
0.75,4,880.775729
20.0,52,880.938001
-5.25,7,880.960128
0.25,3,880.969729
3.25,6,880.988077
13.0,26,881.070104
-2.25,4,881.081564
-0.75,4,881.092032
14.0,28,881.166682
0.75,4,881.177696
-2.25,10,881.203463
3.75,7,881.221642
13.0,26,881.288999
17.0,40,881.388283
2.75,11,881.416492
-0.25,2,881.42197
-0.75,1,881.424803
18.5,37,881.814997
-1.25,3,881.822884
25.5,78,882.017363
3.25,6,882.032654
17.5,38,882.124818
0.75,1,882.127711
3.75,7,882.14508
1.75,6,882.160124
15.5,37,882.251781
2.75,8,882.271299
13.0,26,882.334877
3.75,7,882.352355
1.25,8,882.373019
5.75,11,882.400084
-0.25,8,882.42014
14.5,32,882.499779
9.0,27,882.571867
-0.75,1,882.574921
1.75,6,882.59191
0.75,4,882.602767
1.75,6,882.619284
-0.25,2,882.624518
0.25,3,882.635294
1.75,6,882.652686
-0.25,2,882.658791
-2.25,4,882.670089
2.75,8,882.693915
3.25,6,882.71214
1.75,6,882.729797
-1.25,3,882.738417
-0.25,2,882.744166
19.0,38,882.843945
-0.25,2,882.849374
19.0,38,882.944017
16.5,33,883.031047
2.75,8,883.052758
19.5,39,883.446363
-1.75,5,883.459135
-8.25,10,883.483881
-0.25,2,883.489572
3.25,6,883.507152
12.0,24,883.575516
25.0,50,883.720207
2.75,8,883.742797
19.0,38,883.873256
-0.75,1,883.878983
-2.25,4,883.898724
-1.25,3,883.913476
6.0,33,884.059997
1.75,6,884.087338
4.75,9,884.132377
1.25,5,884.155642
13.5,27,884.282026
-3.25,8,884.319602
0.75,1,884.325044
15.5,31,884.472158
1.25,5,884.497174
-0.75,1,884.502591
3.25,6,884.531352
30.0,60,884.829416
1.75,6,884.858185
-4.25,6,884.887438
-0.75,1,884.892977
-3.25,5,884.917081
-2.25,4,884.936336
0.75,4,884.956259
3.25,6,884.985227
1.25,8,885.022781
11.0,31,885.17564
-0.25,2,885.186492
13.0,26,885.319784
-8.75,15,885.392639
-5.25,10,885.440429
-5.25,7,885.474663
17.5,38,886.280832
0.75,1,886.286435
-0.25,2,886.296686
3.25,9,886.34216
0.75,7,886.378742
-1.25,3,886.393765
1.75,6,886.423437
-2.25,10,886.470078
25.5,51,886.724771
6.25,9,886.770276
0.75,1,886.776027
12.0,24,886.898356
1.25,5,886.923753
0.75,1,886.929336
-0.75,1,886.934845
14.0,28,887.071247
13.0,26,887.193882
0.75,1,887.199487
7.25,10,887.247002
-1.75,2,887.256996
1.75,6,887.286389
4.75,9,887.329015
4.25,11,887.379778
26.5,62,887.663416
2.75,8,887.698843
3.25,6,887.728078
-0.25,2,887.737734
22.0,44,887.941872
12.5,25,888.054456
1.75,6,888.081456
13.0,26,888.19774
28.5,63,888.495923
0.75,1,888.501355
3.25,6,888.530581
-1.25,3,888.545699
1.75,6,888.575521
-0.75,4,889.125656
1.75,6,889.152537
16.0,44,889.353065
4.75,9,889.394358
0.75,1,889.399922
-0.25,8,889.434059
3.75,6,889.461179
12.0,24,889.573308
-7.25,9,889.615893
13.0,26,889.748298
-0.25,2,889.758042
3.25,6,889.786422
-0.25,2,889.796258
20.0,40,889.976225
21.5,43,890.168562
5.25,10,890.215701
-0.25,11,890.265258
2.25,4,890.283739
1.25,5,890.306753
25.5,51,890.538264
23.5,53,890.777889
5.25,10,890.823087
13.5,27,890.949145
-5.25,7,890.980482
-1.25,6,891.006407
0.25,3,891.020075
-0.75,1,891.025434
11.0,22,891.124918
-7.25,12,891.174415
13.5,27,891.292343
-1.25,3,891.307701
-0.25,11,891.362698
0.75,1,891.368579
3.25,6,891.398521
12.0,24,892.017693
1.75,6,892.045751
12.0,24,892.154143
14.0,28,892.275811
-0.75,1,892.280969
0.75,1,892.286353
1.75,6,892.314106
3.75,7,892.346087
2.75,8,892.383122
-0.75,1,892.388479
-6.25,8,892.424747
4.25,8,892.461133
8.5,17,892.538719
0.75,1,892.543959
2.25,10,892.589227
36.0,72,892.92212
26.0,55,893.178673
23.0,46,893.385552
-0.25,2,893.394572
1.25,8,893.428998
3.25,9,893.468794
0.75,1,893.473811
20.0,40,893.651686
3.25,6,893.680114
1.25,5,893.703592
22.0,44,893.898301
16.0,35,894.057032
3.25,6,894.087557
0.75,1,894.093296
0.75,1,894.099022
-4.25,9,894.143457
18.5,37,894.820536
18.5,46,895.032089
-0.25,5,895.056052
3.75,10,895.102234
23.5,47,895.31723
-2.25,7,895.350136
5.25,10,895.399205
1.75,6,895.427478
22.5,45,895.628757
-1.25,3,895.644444
-2.25,4,895.664481
13.0,26,895.784081
1.75,6,895.81275
-5.75,12,895.868369
2.25,4,895.886538
8.75,13,895.945613
-1.25,3,895.958555
-0.25,2,895.967492
-0.25,2,895.975981
0.75,7,896.002511
0.25,9,896.037083
26.0,52,896.249165
0.25,9,896.287639
-2.75,3,896.300056
0.25,9,896.335968
3.25,12,896.383165
2.25,7,896.411828
3.25,6,896.436209
26.5,53,896.678816
-3.25,5,896.699527
-0.75,1,896.704171
1.75,6,896.727668
3.75,7,896.75492
-0.75,1,896.759331
-5.25,7,896.787958
20.5,41,896.95181
2.75,8,896.984428
1.75,6,897.009282
3.75,7,897.037942
3.25,6,897.657389
-1.75,5,897.688646
-0.25,2,897.701165
3.25,12,897.772599
12.0,24,897.903661
-1.25,3,897.923059
3.25,6,897.953315
0.75,1,897.95906
0.75,1,897.964543
-0.75,4,897.985941
17.5,35,898.155224
-2.25,7,898.190157
12.5,25,898.305752
32.0,64,898.642052
2.75,8,898.68236
1.25,5,898.70795
3.25,6,898.738406
21.0,38,898.922568
19.0,41,899.114902
16.0,32,899.259347
0.25,9,899.30351
2.25,7,899.335936
4.75,9,899.377259
15.5,34,899.513713
24.5,52,899.719127
0.75,1,899.724307
0.75,1,899.72946
-5.75,6,899.756851
2.25,7,899.788983
1.25,5,899.813373
-8.75,9,899.855207
1.25,14,899.92218
0.75,1,899.928106
-2.25,7,899.961927
3.25,9,900.018347
3.75,7,900.055952
-0.25,2,900.067038
27.0,54,900.871356
0.75,1,900.876728
3.75,7,900.908264
-0.75,1,900.913366
3.25,6,900.942602
3.25,6,900.970876
19.0,38,901.142881
-0.75,1,901.14811
-0.25,2,901.158064
-0.25,2,901.168169
0.75,1,901.173483
19.5,39,901.359496
-0.25,2,901.36995
1.75,6,901.400061
-0.25,2,901.410588
-0.25,2,901.420493
2.25,7,901.454095
3.75,10,901.500505
3.75,10,901.547883
28.0,56,901.814068
1.75,9,901.856583
3.25,9,901.898405
-0.25,2,901.908665
13.0,26,902.028566
18.75,39,902.217707
0.75,1,902.223539
12.5,25,902.342304
29.0,58,902.618431
0.75,1,902.624169
27.5,58,902.89572
-0.75,1,902.901083
1.75,9,902.942616
29.0,58,903.732418
3.25,6,903.761041
17.5,35,903.924601
24.5,49,904.148453
-0.25,2,904.15898
3.75,10,904.207659
1.75,3,904.222481
17.0,34,904.391316
0.75,1,904.397181
5.25,10,904.446977
9.75,22,904.557565
16.0,32,904.710052
3.25,6,904.750664
2.25,7,904.785713
2.75,8,904.825302
12.0,24,904.939996
1.25,3,904.955671
-0.25,5,904.980368
22.0,44,905.195725
1.75,9,905.241487
17.5,35,905.407721
-0.25,2,905.417774
0.75,1,905.423114
12.0,24,905.540033
-0.25,2,905.550299
3.25,6,905.581029
3.25,6,905.611643
23.5,50,905.852759
3.75,7,905.887386
1.75,6,905.917446
0.25,3,905.93373
2.25,4,905.955118
3.25,6,905.9854
0.75,1,905.991341
28.5,57,907.256305
-0.25,5,907.280696
-2.75,3,907.295589
4.75,9,907.338044
-1.25,6,907.375974
21.5,43,907.580371
-8.75,9,907.624392
12.0,24,907.740312
2.25,7,907.773807
1.75,9,907.81615
1.75,6,907.843425
3.75,7,907.875798
0.75,1,907.881002
12.5,25,908.011329
4.25,11,908.078364
0.75,1,908.086266
1.75,6,908.121779
1.75,6,908.155817
18.0,36,908.32983
0.75,1,908.33564
0.75,1,908.341737
-0.25,2,908.352643
0.75,1,908.357925
33.5,67,908.688962
2.75,11,908.744795
-1.25,3,908.760569
-3.25,5,908.785298
-0.25,2,908.796356
3.25,6,908.827263
12.0,24,908.944293
1.75,9,908.989108
2.75,8,909.027915
0.75,1,909.033693
3.25,6,909.062678
24.5,49,909.295751
-0.25,2,909.306325
0.25,6,909.336089
14.0,37,909.50503
1.75,6,909.533074
1.75,6,909.563104
18.0,36,910.310515
-0.75,1,910.316372
0.25,3,910.332864
0.75,1,910.338501
1.25,5,910.365348
-0.75,1,910.373238
0.75,1,910.378884
0.25,3,910.397005
0.25,3,910.416082
0.75,1,910.422452
0.75,4,910.449305
0.75,1,910.454962
-0.75,1,910.460697
0.75,1,910.466792
5.75,14,910.534991
-2.25,4,910.556036
-0.75,1,910.561741
0.75,1,910.567448
22.0,44,910.748454
0.75,1,910.754379
-0.25,2,910.764904
-0.75,1,910.770339
-0.75,1,910.77586
-0.25,2,910.786721
2.25,7,910.824184
1.75,6,910.856849
0.75,4,910.878948
0.75,1,910.885185
0.75,1,910.8913
0.75,1,910.898041
-0.75,1,910.904146
-0.75,1,910.910542
1.25,5,910.937005
0.75,1,910.943238
-0.75,1,910.94922
2.25,7,910.985281
0.75,1,910.990321
-0.25,2,911.000936
0.25,3,911.016448
0.75,1,911.023266
1.75,6,911.052678
1.75,6,911.082712
0.25,3,911.099407
3.25,6,911.132832
-0.25,2,911.144112
0.75,1,911.150177
5.25,10,911.201656
0.75,1,911.207547
0.75,1,911.213388
21.5,43,911.433552
20.5,41,911.643417
0.75,1,911.649328
16.5,36,911.837158
-0.75,1,911.843245
1.75,6,911.874822
-0.25,2,911.885583
-0.25,2,911.896163
-0.25,3,911.912292
3.25,6,911.942374
-0.75,1,911.947952
-0.25,2,911.957942
0.75,1,911.963213
0.75,4,911.983256
0.25,3,911.99924
0.75,1,912.004796
-0.75,1,912.010556
-0.75,1,912.016559
-0.25,2,912.027612
2.25,7,912.064259
0.25,3,912.079779
0.75,4,912.100943
0.75,1,912.106829
1.25,5,912.132114
0.75,1,912.13767
1.25,5,912.162952
-0.25,2,912.173149
-0.25,2,912.182739
0.75,1,912.188788
-0.25,2,912.19996
2.25,7,912.236089
0.75,1,912.241802
-0.25,2,912.252748
2.75,8,912.294499
2.25,7,912.331177
0.75,1,912.33693
-0.75,1,912.34282
-0.25,2,912.353646
-0.75,1,912.359225
0.75,1,912.365118
-0.75,1,912.370681
3.25,6,912.401704
-2.25,4,912.42247
-0.25,2,912.433438
-0.75,1,912.439487
1.75,6,912.470943
0.75,1,912.476983
-2.25,4,912.49792
0.75,1,912.503878
0.75,1,912.51019
1.75,6,912.540955
-0.75,1,912.546806
-1.25,3,912.56192
0.75,1,912.567572
0.25,3,912.583255
2.75,8,912.621333
3.75,7,912.664593
-0.75,1,912.670134
12.0,24,912.789315
3.25,9,913.38641
-0.75,1,913.394389
0.25,3,913.412733
18.25,39,913.656822
2.25,7,913.699767
0.75,1,913.706248
-0.25,2,913.718572
8.25,19,913.832924
-0.75,1,913.839522
1.75,3,913.858973
-0.25,2,913.872103
-1.25,6,913.909067
0.75,4,913.934278
-0.75,1,913.94139
-0.25,2,913.954367
0.75,1,913.961459
-0.75,1,913.969127
-2.25,4,913.995464
-0.75,1,914.002058
1.25,5,914.032261
4.25,8,914.080884
-0.75,1,914.087979
19.0,38,914.321225
4.25,8,914.371184
0.75,1,914.378301
3.25,9,914.435782
3.25,6,914.473178
-1.25,6,914.509171
17.5,35,914.724287
-0.75,1,914.7306
2.75,8,914.781255
-0.25,2,914.794335
-0.75,1,914.800969
-0.25,2,914.814251
-0.25,2,914.82609
-0.75,1,914.832062
-0.25,2,914.843956
4.25,8,914.891484
-0.75,1,914.897477
-2.25,4,914.921021
24.5,49,915.220192
20.5,41,915.473111
16.5,33,915.670587
5.25,10,915.73049
13.0,26,915.887823
3.25,6,915.923661
-0.75,1,915.9302
-0.25,2,915.941931
1.75,3,915.959777
-0.75,1,915.966053
3.75,7,916.008262
-2.25,4,916.031602
12.0,24,916.179425
3.25,6,916.216577
-0.25,2,916.228926
19.0,38,916.45325
-0.75,1,916.459422
5.25,10,916.519583
0.75,4,917.311742
6.75,16,917.411286
-0.25,2,917.423965
0.25,3,917.442646
1.75,6,917.478668
-0.75,1,917.485481
1.25,5,917.520036
-1.25,3,917.538969
-0.75,1,917.545862
-0.75,1,917.552293
2.75,8,917.60181
-0.25,2,917.614451
0.25,3,917.633384
0.75,4,917.657993
4.75,9,917.710654
-2.25,4,917.734806
2.25,7,917.776303
1.25,11,917.842948
2.25,7,917.885354
0.75,4,917.90946
16.5,33,918.113086
0.75,1,918.119433
1.75,6,918.155274
-0.25,2,918.167525
-2.25,4,918.19151
-2.25,4,918.216045
1.75,6,918.252918
2.25,7,918.2937
3.25,9,918.347583
1.75,6,918.384852
24.5,49,918.674456
0.75,1,918.681373
-2.25,4,918.70542
1.75,6,918.739917
0.75,1,918.746089
-0.25,2,918.758441
19.5,39,918.993903
0.75,1,919.001106
1.25,5,919.031882
-0.25,2,919.045189
7.25,17,919.145724
19.0,38,919.375426
12.0,24,919.518242
25.0,50,919.823659
1.25,5,919.85445
5.25,10,919.913693
-0.25,2,919.927089
3.25,6,919.963423
-0.25,2,919.976925
0.25,3,919.99699
-1.75,2,920.010041
13.5,27,920.172433
5.75,14,920.257495
-3.25,5,920.288869
5.75,14,920.372037
-0.25,2,920.384024
-0.25,2,920.396715
18.5,37,921.344339
-0.75,1,921.350871
14.0,28,921.521034
7.75,18,921.630206
3.25,6,921.6664
16.5,33,921.86568
0.75,1,921.872269
13.5,27,922.036957
-0.75,1,922.04355
-2.25,4,922.068033
1.75,6,922.104125
2.25,4,922.128928
3.25,6,922.164026
0.75,4,922.187516
-0.75,1,922.194304
-0.75,7,922.236742
-0.25,2,922.249927
0.75,1,922.256757
-0.25,2,922.269559
0.75,1,922.276978
0.25,3,922.296153
-0.25,2,922.309446
-1.25,3,922.329477
-0.75,4,922.354182
-0.25,2,922.367264
0.75,4,922.391919
1.75,9,922.444395
-2.75,3,922.465918
0.75,1,922.473926
1.75,6,922.510289
0.75,4,922.535482
0.25,6,922.571916
13.0,26,922.730133
3.25,6,922.766285
-2.25,4,922.792435
-1.75,2,922.80452
4.25,6,922.841292
0.75,4,922.865756
4.75,9,922.922121
0.75,4,922.945094
-0.75,1,922.951728
-1.25,3,922.971168
2.25,7,923.013475
23.0,42,923.270219
0.75,1,923.277503
0.75,1,923.284979
4.75,7,923.329035
-0.75,1,923.336226
1.25,4,923.362116
17.5,35,923.579408
1.25,5,923.609398
-0.25,2,923.621798
-8.75,9,923.674703
-0.25,2,923.686807
1.75,6,923.722975
1.25,8,923.771453
19.0,38,924.004521
27.0,54,925.074329
2.25,7,925.120685
-0.25,2,925.134479
0.75,4,925.161335
2.25,7,925.205229
3.25,6,925.240981
3.75,7,925.282883
-0.25,2,925.294863
-0.75,1,925.301392
-0.25,2,925.313899
0.25,3,925.332396
-0.75,1,925.338728
14.75,32,925.535471
0.75,1,925.542504
-0.25,2,925.555586
-0.75,1,925.562644
-0.25,2,925.575172
4.75,12,925.647736
3.25,6,925.68385
0.25,3,925.70289
0.25,3,925.722233
-0.75,1,925.728844
-0.75,1,925.735436
0.75,1,925.742452
2.25,7,925.785362
0.25,3,925.8024
4.25,8,925.851392
6.75,16,925.94784
0.75,4,925.97215
1.75,6,926.009844
-0.25,2,926.021773
5.25,7,926.064781
0.75,1,926.071488
-0.25,2,926.084227
35.0,70,926.50181
-0.25,2,926.514334
19.0,38,926.745169
14.0,28,926.912239
0.75,1,926.918797
5.75,14,927.003273
-0.75,1,927.010068
-0.75,1,927.016516
2.25,7,927.058599
39.5,79,927.535032
-0.75,1,927.541219
0.25,3,927.558168
1.25,5,927.586899
3.25,6,927.621595
-0.25,2,927.633495
-0.75,1,927.639788
2.75,8,927.686208
-0.75,1,927.692369
1.75,6,927.726757
1.75,6,927.763466
14.0,31,927.953286
19.5,39,928.95302
0.75,1,928.960505
-0.75,1,928.967946
-2.25,4,928.994774
2.25,7,929.041498
-0.75,1,929.04864
31.5,63,929.436015
-0.25,2,929.44816
3.25,6,929.484821
34.5,69,929.898587
13.5,27,930.065451
3.25,6,930.101984
0.75,1,930.108244
-0.75,1,930.11526
1.25,5,930.146332
-1.25,3,930.164586
0.25,3,930.183127
-0.75,1,930.18913
0.75,1,930.195108
0.75,4,930.219389
3.25,6,930.255409
-0.75,1,930.261798
-0.75,1,930.26846
3.25,6,930.303558
9.0,18,930.411377
-0.75,1,930.417987
4.75,8,930.466709
-0.75,1,930.472807
1.75,3,930.491238
19.5,39,930.72507
1.75,3,930.743402
18.0,36,930.961209
0.75,1,930.968204
-0.75,1,930.975101
-0.25,5,931.005845
2.75,8,931.055305
0.25,3,931.073912
1.25,5,931.104247
0.75,10,931.164473
-0.75,1,931.171055
-0.75,1,931.177783
0.75,1,931.184688
0.75,1,931.191294
2.25,4,931.215687
-0.25,5,931.246447
12.5,25,931.40152
24.0,48,931.692416
0.25,3,931.710665
0.75,1,931.717236
3.25,6,931.753118
-0.75,1,931.759903
-0.25,2,931.772689
3.75,7,931.813791
2.75,8,931.86079
-0.75,1,931.86755
1.75,6,931.903281
3.25,6,931.941035
1.75,6,931.978355
-1.25,3,931.996363
0.25,3,932.802108
1.75,9,932.859352
0.75,4,932.886437
1.25,5,932.919562
-0.75,1,932.926596
16.5,33,933.137119
3.25,9,933.19382
0.75,4,933.219042
2.75,8,933.267488
0.25,3,933.286458
0.25,3,933.305794
1.75,3,933.324728
-0.25,2,933.337001
0.75,1,933.3435
1.25,8,933.391301
-0.75,1,933.397511
3.75,7,933.43991
-0.25,2,933.452072
-0.25,3,933.471215
0.75,1,933.477548
0.75,4,933.502612
-0.75,1,933.509497
-4.25,6,933.544158
-0.75,1,933.550451
0.25,3,933.569879
-0.75,1,933.576175
1.75,6,933.612085
3.25,9,933.666356
2.25,4,933.690966
0.25,3,933.7095
-0.25,2,933.721502
-3.25,8,933.76929
-2.25,4,933.792863
-0.75,1,933.79925
0.25,6,933.834862
-0.75,1,933.841424
0.75,1,933.847692
1.75,6,933.881916
-0.25,2,933.893549
-0.25,2,933.905445
3.25,6,933.940754
3.25,9,933.993776
1.75,6,934.029562
3.75,10,934.089517
-0.75,1,934.096679
-0.75,1,934.10306
4.75,12,934.176383
0.75,1,934.183275
0.75,1,934.190397
12.25,27,934.353411
1.75,6,934.388468
3.25,9,934.442449
0.75,1,934.449099
-0.25,2,934.460983
3.25,6,934.495851
0.75,1,934.501967
-0.75,1,934.508248
0.75,1,934.514554
-0.25,2,934.526249
3.25,6,934.562301
-0.25,2,934.575022
3.25,6,934.61087
2.25,7,934.653229
-0.75,1,934.659656
0.75,1,934.666125
21.5,43,934.935297
2.25,7,934.977963
0.75,4,935.00246
5.25,10,935.062877
0.75,1,935.069918
-0.25,2,935.082163
0.25,6,935.117974
1.75,6,935.153277
-0.75,1,935.159572
-0.25,2,935.171404
0.75,1,935.177973
-0.75,1,935.184555
1.75,6,935.220584
7.25,10,935.279078
-0.25,2,935.291258
3.25,6,935.327148
1.75,6,935.362962
12.0,24,935.505658
3.75,7,935.546232
0.75,1,935.552448
-0.25,2,935.564838
-0.25,2,935.57688
-0.25,2,935.589343
2.75,8,935.636781
2.25,7,935.67866
3.75,7,935.721757
2.75,8,935.771116
-0.75,1,935.777688
13.0,44,936.759018
0.75,4,936.784032
0.75,1,936.79092
-7.25,9,936.846309
-0.25,2,936.859313
-0.75,1,936.866792
0.25,3,936.885557
1.75,6,936.921506
-1.25,6,936.95708
22.0,44,937.230229
-0.25,2,937.242199
1.25,5,937.271655
7.25,17,937.373882
1.75,6,937.409478
2.25,7,937.450616
15.5,34,937.655982
3.25,6,937.69384
0.75,1,937.700761
-3.75,10,937.760218
3.25,9,937.815111
-0.25,2,937.828903
0.75,1,937.835916
0.75,1,937.842901
0.25,6,937.879373
-0.75,1,937.88619
0.75,1,937.892954
1.75,6,937.929025
-0.25,2,937.94168
3.25,6,937.978576
0.75,1,937.985941
0.75,1,937.993335
0.75,4,938.022262
0.75,1,938.029281
1.75,6,938.063907
0.75,1,938.070705
1.75,6,938.106701
12.0,24,938.250101
2.25,4,938.273946
-0.25,2,938.285211
0.75,1,938.29161
-4.25,6,938.325573
-0.75,1,938.331768
31.5,63,938.706753
0.25,3,938.725407
-0.25,2,938.738157
0.25,3,938.754716
0.25,9,938.798503
28.5,57,939.070848
25.5,51,939.308094
-0.25,2,939.317614
2.75,8,939.355444
3.25,6,939.383011
0.75,4,939.401514
1.75,6,939.430171
0.25,3,939.444447
3.75,10,939.488349
-0.25,2,939.49772
1.25,5,939.519846
-0.25,2,940.302025
0.75,10,940.377167
0.25,3,940.396905
0.75,1,940.40588
3.25,6,940.444104
3.25,6,940.498015
0.75,1,940.50727
1.75,3,940.542664
0.25,6,940.606463
0.75,1,940.619556
4.25,11,940.69271
0.75,1,940.699101
-3.25,5,940.729048
0.75,1,940.735732
-0.25,2,940.748597
0.75,4,940.772511
2.75,8,940.821597
14.0,31,941.00942
4.75,9,941.064292
10.5,27,941.224944
3.25,6,941.261832
-0.75,1,941.26859
3.25,6,941.303089
-0.25,2,941.314796
1.25,5,941.344398
1.25,4,941.368748
0.75,1,941.37487
2.25,7,941.416244
0.75,1,941.422365
1.75,6,941.456141
0.75,1,941.462326
-0.75,1,941.468419
-0.25,2,941.480385
1.25,5,941.509686
1.75,9,941.563116
16.5,33,941.769601
-0.25,2,941.781288
7.75,18,941.887911
-0.75,1,941.894449
-0.75,1,941.901204
-8.25,10,941.961186
28.5,57,942.299675
3.75,7,942.342998
0.75,1,942.349473
0.75,1,942.355922
-0.75,1,942.362375
0.75,1,942.377218
5.75,11,942.446149
0.25,3,942.46529
0.75,4,942.489877
3.25,6,942.526031
-0.75,1,942.532146
-0.25,2,942.54437
-0.25,2,942.556972
1.75,3,942.575523
0.75,4,942.599485
0.75,1,942.606209
-1.25,3,942.625879
-0.25,2,942.637818
20.5,40,942.874471
5.25,10,942.934447
0.25,3,942.952796
2.25,7,942.993504
36.0,72,943.422096
3.25,6,943.459028
3.25,6,944.27648
-0.75,1,944.281982
-0.25,2,944.290739
19.5,45,944.499954
2.75,8,944.538173
-8.25,10,944.584013
2.25,7,944.617095
20.0,40,944.801646
-2.25,4,944.820358
3.25,9,944.862472
0.75,4,944.881755
15.5,37,945.043652
1.75,6,945.072677
24.0,48,945.293986
2.25,7,945.328783
-1.25,3,945.343712
-0.75,1,945.348416
-0.25,2,945.35815
-0.75,1,945.363523
13.5,27,945.487067
16.5,33,945.637806
3.25,6,945.664479
-0.75,1,945.669349
3.75,7,945.69943
-1.25,6,945.725571
0.75,1,945.730333
3.25,6,945.757388
10.5,24,945.865383
2.25,7,945.896413
6.25,9,945.939392
2.25,4,945.958196
0.75,1,945.963542
-0.25,2,945.973216
0.75,1,945.9789
1.25,5,946.002646
0.25,3,946.017699
2.25,4,946.038034
3.25,6,946.067354
30.0,60,946.346225
31.0,58,946.615712
1.75,3,946.630465
-2.25,4,947.252
0.75,1,947.259492
0.25,6,947.30252
-0.75,1,947.30969
-0.75,1,947.318467
-0.75,1,947.324598
2.75,8,947.366804
-2.25,7,947.402482
15.0,30,947.562118
0.25,9,947.616314
24.0,48,947.853716
3.25,6,947.882988
1.75,6,947.911238
0.75,1,947.916451
3.25,6,947.945468
0.75,1,947.951742
-0.75,1,947.957128
-2.25,4,947.976861
23.5,50,948.21885
-0.25,2,948.22879
0.75,1,948.233774
6.25,9,948.279089
-0.75,1,948.285711
2.75,6,948.314298
0.75,1,948.319951
2.75,8,948.359083
0.75,1,948.364785
3.25,9,948.408223
0.75,4,948.42747
0.25,3,948.442143
16.0,32,948.59015
3.25,11,948.641262
2.25,7,948.674943
21.5,39,948.852526
3.25,6,948.880766
-0.25,2,948.890839
-0.25,2,948.901012
0.75,4,948.921315
3.75,10,948.967634
17.0,34,949.161314
-0.75,1,949.172033
5.75,14,949.255049
18.0,36,949.415957
0.75,1,949.421521
18.5,37,949.596118
7.25,11,949.648407
3.75,7,949.682681
-1.25,3,949.697094
-0.25,2,949.706953
7.75,18,949.792002
8.75,20,950.65267
18.0,36,950.86573
3.75,10,950.925911
0.75,1,950.932951
0.75,4,950.956389
1.75,6,950.993685
0.75,1,951.000855
1.75,6,951.037673
3.25,6,951.076569
0.75,1,951.08417
1.25,5,951.115842
2.25,7,951.159939
0.75,1,951.166459
0.75,1,951.173182
-4.25,6,951.210735
3.25,6,951.246967
2.25,4,951.271233
15.5,31,951.457894
-0.75,1,951.465081
1.75,6,951.50123
-0.25,2,951.51395
1.75,9,951.567881
2.25,7,951.609918
3.75,10,951.669223
2.75,8,951.717227
3.25,6,951.753383
2.25,7,951.795229
23.0,46,952.076506
-0.25,2,952.089221
-0.25,8,952.137413
24.5,49,952.431181
3.25,12,952.507216
-3.25,5,952.538498
-0.25,2,952.551674
1.75,6,952.589902
15.0,36,952.806194
5.75,10,952.868733
-0.25,2,952.8814
-0.25,2,952.894087
-2.25,4,952.919257
0.75,1,952.925938
36.0,65,953.321131
-1.25,3,953.33872
-0.25,2,953.350566
0.75,1,953.357507
21.0,38,953.586809
1.75,6,953.622402
-1.25,3,953.640862
1.75,6,954.415146
2.25,7,954.457944
-0.25,2,954.470216
1.75,3,954.487922
3.25,6,954.523866
-3.25,11,954.588259
30.0,60,954.949875
3.25,6,954.986898
9.75,22,955.119327
-0.25,2,955.132747
4.75,12,955.20327
1.75,9,955.25861
-0.25,2,955.270725
-0.75,1,955.277131
-0.25,2,955.289323
0.75,1,955.295751
-0.75,1,955.301845
18.5,37,955.522091
3.25,6,955.558161
-0.75,1,955.564988
18.5,37,955.783091
3.25,6,955.817946
3.25,9,955.870179
4.75,9,955.923889
3.25,6,955.960246
17.75,38,956.189985
0.25,3,956.20893
11.5,26,956.364889
15.0,26,956.521802
27.5,51,956.834507
19.0,38,957.070834
1.75,6,957.10835
-0.25,5,957.137968
2.75,8,957.186849
0.75,13,957.263996
1.25,5,957.292928
-0.25,2,957.304745
-0.25,2,957.317387
20.5,41,958.328941
0.75,1,958.336509
-0.25,5,958.368937
1.25,5,958.399932
0.75,4,958.424389
27.5,55,958.752751
3.25,6,958.790365
0.75,1,958.797032
1.75,6,958.8373
-0.75,1,958.843551
16.5,33,959.044463
-0.25,2,959.056777
18.5,37,959.277132
0.75,10,959.339938
-0.25,2,959.352537
19.0,38,959.578705
0.75,7,959.621938
1.75,15,959.715103
-0.25,2,959.727808
25.5,51,960.033218
0.75,1,960.03977
0.75,1,960.046381
-0.25,2,960.059555
14.0,28,960.228194
1.25,5,960.258349
2.25,7,960.301008
0.75,1,960.308013
0.75,4,960.332842
-0.25,2,960.345473
0.25,3,960.363919
16.5,33,960.564322
12.0,24,960.709984
24.0,51,961.025865
0.75,1,961.032898
24.5,49,961.326676
5.75,8,962.104155
22.5,45,962.379552
-0.25,2,962.39239
17.5,35,962.598058
30.0,60,962.953853
1.25,5,962.98402
0.75,1,962.990309
-0.75,1,962.997147
0.75,4,963.02147
17.0,34,963.224363
-0.75,1,963.231284
-0.25,2,963.244059
-1.25,6,963.280912
-0.75,1,963.287846
1.25,5,963.31907
3.25,6,963.354199
3.25,9,963.408183
1.75,6,963.444862
17.5,35,963.651016
21.0,42,963.920977
-0.75,1,963.927884
3.25,6,963.963841
-0.25,2,963.977893
-0.25,2,963.991068
-0.75,1,963.998128
-0.25,2,964.011246
-0.25,2,964.024307
-6.25,8,964.07398
-5.75,9,964.128994
20.0,40,964.365197
-1.25,3,964.383387
-0.75,1,964.390181
15.5,31,964.580446
0.75,1,964.587319
0.75,1,964.594673
0.75,1,964.601643
0.75,1,964.608449
3.75,7,964.651539
0.75,1,964.658393
0.25,4,964.681945
6.75,16,964.776241
1.75,6,964.812339
3.75,7,964.853375
-1.75,5,964.884577
17.0,34,965.095273
-2.25,4,965.119732
0.25,6,965.158556
3.25,6,965.195492
5.25,13,965.959867
1.75,3,965.975154
5.25,13,966.034095
1.75,6,966.067753
-9.25,11,966.118185
10.0,23,966.219187
-4.25,6,966.246107
-1.25,6,966.275371
0.25,3,966.2906
-0.75,1,966.296037
-1.25,3,966.31081
-4.25,6,966.338665
1.75,3,966.353349
22.0,44,966.555536
10.5,27,966.679593
2.75,8,966.717242
2.75,11,966.770802
-0.75,1,966.776365
16.0,32,966.927812
33.5,67,967.241225
0.75,1,967.246519
16.5,33,967.395444
3.75,7,967.428586
21.5,43,967.627732
0.75,1,967.633334
3.25,6,967.66222
16.0,32,967.809858
0.75,7,967.840644
1.75,3,967.854281
27.0,57,968.126749
1.25,5,968.150811
1.25,5,968.174248
1.75,6,968.202175
0.75,4,968.221757
1.75,6,968.250035
13.0,26,968.871511
-1.75,5,968.89465
-0.75,1,968.899872
2.75,8,968.936567
21.0,42,969.129462
-1.25,3,969.144177
0.25,9,969.187528
5.25,10,969.234735
-0.75,1,969.240037
0.75,10,969.284998
0.75,4,969.30364
-0.25,2,969.313488
13.0,41,969.497803
0.75,1,969.503116
33.5,67,969.810454
-0.75,1,969.815774
1.75,6,969.843906
-2.25,7,969.877313
1.25,5,969.900138
1.75,6,969.926601
2.25,4,969.945327
0.75,1,969.950419
0.75,4,969.970603
-1.25,3,969.985259
17.5,35,970.146786
-0.25,2,970.156913
-0.25,2,970.166984
-8.75,9,970.210542
-0.25,2,970.220271
-0.25,2,970.230267
-2.25,4,970.248973
1.25,3,970.263545
9.25,21,970.363814
-0.25,2,970.374099
3.25,6,970.402482
-4.25,6,970.430565
3.25,6,970.458568
-0.75,1,970.464068
3.25,9,970.506098
-2.75,3,970.520715
1.75,6,970.549444
1.25,8,970.586915
-0.25,5,970.610698
4.75,8,970.647943
-0.25,2,970.658007
4.25,11,970.708917
3.75,10,970.757123
14.0,28,970.884403
2.25,7,970.91771
1.75,6,970.945609
-0.25,2,970.956064
26.5,53,971.737169
1.25,5,971.761521
-0.25,2,971.772845
30.5,61,972.061427
1.25,5,972.084634
0.75,1,972.091166
0.75,1,972.096812
3.25,6,972.125316
-0.75,1,972.130121
3.75,10,972.172547
0.25,6,972.199962
0.75,1,972.205179
2.25,4,972.223443
1.25,5,972.245665
1.75,6,972.274126
-0.25,2,972.284006
0.75,4,972.30287
-0.25,2,972.313294
-0.75,1,972.318817
1.75,3,972.334286
20.5,41,972.523533
-0.25,2,972.533736
21.0,42,972.739195
2.75,8,972.774234
2.25,7,972.805593
1.25,5,972.82776
3.75,7,972.861087
-0.75,1,972.866239
2.25,7,972.900269
-0.25,2,972.910257
25.0,50,973.141658
2.75,8,973.180235
1.25,5,973.20356
1.25,5,973.226683
-0.75,1,973.232717
-0.75,1,973.238313
0.25,3,973.252798
2.25,7,973.286095
0.75,1,973.291498
6.75,10,973.337485
0.75,1,973.343028
-0.75,1,973.348174
-0.25,2,973.357675
0.75,1,973.362978
0.25,3,973.378078
32.5,65,973.691327
5.25,10,973.739605
1.25,5,973.764116
-0.25,5,973.789313
1.75,6,973.818159
27.5,55,974.074193
1.75,6,974.104717
23.5,47,975.06959
0.75,1,975.0752
0.75,1,975.080631
23.0,46,975.285861
27.0,54,975.545435
-0.25,2,975.555432
-0.75,7,975.588068
-0.75,1,975.593647
0.75,4,975.612492
0.25,3,975.627057
-0.25,2,975.637265
2.75,8,975.673954
-0.25,2,975.683811
0.75,1,975.689013
13.0,26,975.810935
-0.75,1,975.816236
12.0,30,975.954189
-0.25,2,975.964549
20.0,40,976.154094
3.25,6,976.182507
12.0,24,976.297482
0.25,3,976.31231
-2.25,4,976.331676
-0.75,1,976.336829
4.25,8,976.37429
0.75,4,976.394081
4.25,11,976.44433
1.75,6,976.470785
0.75,1,976.476285
1.25,5,976.500302
4.25,8,976.538444
1.25,5,976.56418
1.25,5,976.587103
7.25,17,976.666954
-0.25,2,976.677264
-0.25,2,976.686756
3.25,6,976.72442
22.0,44,976.928034
2.75,8,976.965488
2.25,6,976.994053
0.75,4,977.013779
-0.75,1,977.01923
-0.25,2,977.029301
0.25,3,977.043976
-5.25,7,977.077805
3.75,10,977.125948
-0.25,2,977.134374
1.25,5,977.158908
0.75,1,977.164185
0.75,1,977.16938
3.25,6,977.199137
-0.25,2,977.209182
0.75,1,977.214312
-0.75,1,977.219524
6.25,15,977.29125
-0.75,4,977.310896
-1.75,5,977.922637
2.75,8,977.958851
0.75,1,977.963762
-0.75,1,977.968782
-0.75,1,977.973789
-1.25,3,977.987251
0.75,1,977.99227
-0.25,2,978.001707
-2.25,4,978.020044
-0.25,2,978.029004
14.0,34,978.17912
-5.25,10,978.22261
1.25,5,978.244673
0.75,1,978.250269
0.75,1,978.255546
0.75,1,978.260754
2.25,10,978.307574
-0.75,1,978.313083
17.0,34,978.471699
15.5,31,978.619668
0.25,3,978.634402
3.75,7,978.668142
0.75,1,978.673932
0.75,1,978.679584
14.0,28,978.812958
-2.25,4,978.833356
-1.75,2,978.844175
0.75,1,978.849774
0.75,1,978.855308
33.5,67,979.194993
0.25,6,979.221359
0.75,4,979.240046
-0.25,2,979.249435
-1.25,3,979.267308
1.25,5,979.291616
1.25,5,979.316521
-0.75,1,979.321186
-0.75,1,979.327031
-2.75,3,979.342063
-0.75,1,979.346986
-0.25,2,979.356101
0.75,1,979.360213
2.25,7,979.38267
2.25,7,979.404005
14.0,31,979.533852
1.25,5,979.557958
4.75,8,979.596472
-0.75,1,979.601754
0.75,1,979.60696
14.0,28,979.730998
1.75,6,979.757271
-7.25,9,979.799328
0.25,3,979.814584
24.5,49,980.04226
11.5,23,980.14842
12.0,24,980.254242
1.75,6,980.281301
0.75,1,980.849374
3.25,9,980.907273
19.0,41,981.113758
0.75,1,981.119103
13.5,39,981.299594
-0.25,2,981.309694
13.0,26,981.428593
16.5,33,981.580583
-0.75,1,981.585672
12.5,25,981.699657
5.25,10,981.745881
18.5,37,981.913985
0.75,1,981.919122
-2.75,3,981.932899
17.5,35,982.09234
1.75,3,982.10653
-0.25,8,982.143301
20.0,40,982.327424
-3.25,5,982.350491
-0.75,1,982.355423
-2.25,4,982.373685
1.75,6,982.401118
-0.75,1,982.406271
3.25,6,982.432691
10.5,24,982.541486
18.5,36,982.700962
2.75,8,982.734269
3.25,6,982.761841
3.25,6,982.790073
2.75,8,982.835951
15.0,30,983.027987
1.75,3,983.047546
2.75,8,983.097836
-0.75,1,983.104561
0.25,6,983.142284
-0.25,2,983.15545
-0.75,1,983.162479
2.25,5,983.193085
0.75,1,983.199579
1.75,6,983.236438
-0.25,5,983.267512
-5.25,7,983.311241
21.0,45,984.21147
-0.75,1,984.216781
-0.25,2,984.226588
1.75,6,984.25542
-0.75,1,984.260474
1.75,6,984.288083
0.75,1,984.293679
0.25,3,984.308212
3.25,6,984.335366
1.75,6,984.363321
2.25,4,984.381454
-0.25,2,984.391574
-0.25,2,984.401691
-0.25,11,984.452217
0.75,1,984.457311
1.75,6,984.484486
-0.75,1,984.489521
24.5,49,984.707015
-1.25,3,984.720714
1.75,6,984.747881
2.25,7,984.780384
-0.75,1,984.785592
5.75,7,984.818682
1.75,6,984.84793
-0.75,1,984.853165
1.75,6,984.881342
20.5,41,985.079447
-3.25,5,985.10348
10.75,21,985.201482
1.75,6,985.229997
21.5,43,985.441329
0.75,1,985.446683
-1.25,3,985.461672
-0.75,1,985.467449
3.25,6,985.500312
-2.25,4,985.521001
0.75,1,985.526786
-2.25,4,985.546159
17.0,34,985.713471
19.0,38,985.896071
0.75,4,985.91447
-0.75,1,985.920078
-0.75,1,985.925351
0.75,4,985.944582
0.75,4,985.964376
12.0,24,986.085075
5.25,10,986.137557
-0.25,2,986.148467
-0.75,1,986.157966
0.75,1,986.164134
24.5,49,986.419936
2.25,7,986.45842
0.75,1,986.464609
13.0,26,987.205595
-0.25,2,987.218925
17.5,35,987.412918
-0.25,2,987.423765
5.25,10,987.479836
13.5,27,987.626363
7.75,18,987.720382
0.75,1,987.725831
1.25,5,987.753855
-0.25,2,987.767438
0.25,3,987.784188
0.75,1,987.79023
1.75,6,987.824131
2.75,8,987.870563
26.0,52,988.11918
4.75,9,988.162335
0.75,1,988.167878
3.25,6,988.196792
5.25,7,988.228077
-0.25,2,988.237827
0.75,1,988.242906
0.75,1,988.248099
21.5,43,988.455859
2.75,8,988.494744
2.75,5,988.51937
-0.25,2,988.529322
18.0,36,988.709999
-0.25,8,988.748838
1.75,6,988.785384
0.75,1,988.790935
9.25,21,988.893252
2.25,10,988.944197
-0.75,1,988.950012
23.5,47,989.187385
20.5,41,989.391895
-1.25,12,989.455743
0.75,1,989.461317
3.25,6,989.491544
3.25,6,989.52321
12.0,24,989.636971
3.75,7,989.67394
0.75,4,989.694584
0.75,1,989.700198
-0.25,2,989.710949
16.0,32,990.560679
7.75,18,990.683842
-4.25,6,990.725007
0.75,1,990.7322
7.75,18,990.86025
28.5,57,991.232299
5.25,10,991.30213
0.75,1,991.309168
19.0,38,991.558801
2.25,4,991.58483
10.5,30,991.775471
20.0,40,992.032945
0.25,9,992.089638
0.75,1,992.097068
1.75,6,992.13709
0.25,3,992.156994
0.75,4,992.18378
3.25,6,992.22475
12.5,25,992.385968
1.75,6,992.42332
-1.75,8,992.474967
0.75,1,992.481749
0.75,1,992.488999
-0.25,2,992.502248
3.25,6,992.540363
27.0,54,992.883031
-2.75,3,992.903134
3.75,10,992.967685
-0.25,2,992.981496
0.75,1,992.989166
3.25,9,993.043175
4.25,8,993.096906
12.0,24,993.245951
17.0,34,993.468889
-2.25,4,993.495285
-1.25,9,993.55148
-4.25,6,993.590464
0.25,6,993.628989
3.25,6,993.667212
1.75,6,993.706544
-0.75,1,993.713717
13.5,27,994.775857
3.25,6,994.818399
1.75,6,994.858121
-0.25,2,994.872074
-0.75,1,994.879946
7.0,29,995.064421
0.75,1,995.0712
3.75,7,995.11537
2.75,8,995.164615
-0.25,5,995.19467
-1.25,3,995.21341
1.75,6,995.24999
-0.75,1,995.256393
1.75,6,995.29101
3.75,7,995.33324
0.75,1,995.339772
8.75,20,995.454879
3.25,9,995.509349
0.75,4,995.531268
1.75,6,995.561924
1.75,6,995.593092
-1.25,3,995.610379
0.75,1,995.616708
25.5,54,995.904212
1.25,5,995.931737
16.5,33,996.108229
0.75,4,996.128681
0.75,1,996.134442
-0.25,2,996.14673
-0.75,1,996.152812
0.75,1,996.158893
-2.25,10,996.218253
3.25,6,996.25181
1.75,6,996.284715
9.75,22,996.391992
15.5,31,996.534859
18.5,37,996.691657
1.75,6,996.710039
-0.25,2,996.716001
1.25,5,996.731308
0.75,1,996.734517
3.25,9,996.760576
-0.25,2,996.766115
0.25,3,996.774822
4.75,9,996.798917
32.0,64,997.005271
-1.25,3,997.014278
3.25,9,997.045564
0.25,3,997.055061
-0.75,1,997.05849
1.25,5,997.076442
20.5,41,997.645195
3.25,6,997.662147
1.25,5,997.677151
18.0,36,997.778389
20.5,41,997.895477
-1.25,3,997.904767
2.75,8,997.927704
3.75,10,997.955915
-0.25,2,997.96235
0.75,1,997.965882
-2.25,4,997.977588
1.75,3,997.987003
-5.75,6,998.005054
45.0,90,998.257589
-5.75,6,998.27403
21.0,42,998.404437
-1.25,3,998.413649
0.25,3,998.424014
4.25,11,998.460136
-0.75,1,998.463671
-1.25,3,998.473185
3.25,6,998.49128
-0.25,2,998.497475
2.75,8,998.522501
2.25,7,998.543817
-1.75,5,998.561806
0.75,1,998.566343
1.75,6,998.593517
-0.25,2,998.602292
27.0,54,998.773124
11.5,26,998.863577
20.5,41,999.008875
2.75,10,999.044563
-0.25,2,999.052059
17.5,35,999.177222
-0.25,2,999.723194
-0.75,1,999.727485
0.75,1,999.731881
1.75,6,999.754597
-0.75,1,999.758418
3.25,9,999.78939
3.25,6,999.810453
1.75,6,999.840306
14.0,28,999.940603
-0.25,2,999.948012
4.25,11,999.989305
0.75,1,999.992984
-0.75,1,999.997103
1.75,6,1000.018634
-0.75,1,1000.022332
17.5,35,1000.175935
0.25,6,1000.20728
0.75,1,1000.211375
1.75,6,1000.234354
-1.75,8,1000.279707
1.25,5,1000.298822
1.75,6,1000.320823
0.75,10,1000.35901
21.5,43,1000.532528
-1.25,3,1000.544498
0.75,1,1000.54876
-0.75,1,1000.552645
-0.25,2,1000.561091
14.0,28,1000.667553
0.25,3,1000.678192
2.25,7,1000.700484
-1.25,3,1000.71051
3.25,6,1000.737675
-0.75,1,1000.744076
3.25,6,1000.775676
-0.75,1,1000.779237
22.0,44,1000.913033
6.25,15,1000.96425
0.25,3,1000.974501
11.0,22,1001.045722
0.75,1,1001.049888
1.25,5,1001.067019
-0.25,2,1001.073279
-0.25,2,1001.079902
0.75,1,1001.083272
22.5,45,1001.236003
3.75,7,1001.260137
13.5,27,1001.343
19.5,39,1001.464368
2.25,7,1001.48499
16.5,33,1002.037133
1.75,9,1002.069667
7.25,17,1002.130306
1.75,6,1002.151275
-0.75,1,1002.15476
2.25,7,1002.178193
-0.25,2,1002.185262
1.75,3,1002.194418
-2.75,3,1002.204419
14.0,28,1002.292742
16.5,33,1002.398711
0.75,1,1002.402457
17.5,35,1002.568005
3.25,6,1002.592395
17.0,37,1002.715048
-2.25,4,1002.728983
0.25,6,1002.753469
-0.25,2,1002.760525
1.25,5,1002.776946
0.75,4,1002.789767
0.75,1,1002.793528
3.25,9,1002.822003
-0.75,1,1002.825605
19.0,38,1002.951747
23.0,52,1003.133422
-0.25,2,1003.139241
32.5,65,1003.334987
1.75,9,1003.363908
0.75,1,1003.367123
13.0,26,1003.441861
17.0,37,1003.548044
2.75,8,1003.573387
11.5,23,1003.648875
1.25,5,1003.670325
16.5,29,1004.231064
3.25,6,1004.250309
21.5,43,1004.376768
0.75,1,1004.380999
0.75,1,1004.384331
0.25,3,1004.393706
-2.25,4,1004.405352
39.5,79,1004.638377
0.75,1,1004.641454
-0.75,1,1004.644578
1.75,6,1004.662059
21.5,43,1004.852242
20.5,44,1005.048282
28.5,57,1005.226616
-0.25,2,1005.233456
24.5,52,1005.403955
0.75,1,1005.407219
-4.25,6,1005.423764
5.25,10,1005.450894
3.75,10,1005.477013
2.25,7,1005.494956
-0.75,1,1005.497848
1.75,3,1005.506086
-2.25,4,1005.517916
1.75,6,1005.536763
1.75,6,1005.559813
3.25,6,1005.577089
0.25,6,1005.59429
-0.25,2,1005.600021
-0.25,2,1005.60589
0.75,1,1005.609146
17.0,49,1005.756733
0.75,1,1005.759558
-4.25,6,1005.775938
26.0,52,1006.278399
3.25,6,1006.29547
-1.25,6,1006.311902
2.75,8,1006.333723
3.25,6,1006.3499
1.25,5,1006.363803
3.25,9,1006.388845
0.75,1,1006.39213
1.75,6,1006.409565
8.0,28,1006.49929
1.75,6,1006.519089
-0.75,7,1006.557228
0.25,6,1006.581922
-0.25,2,1006.588241
15.0,33,1006.6971
0.75,1,1006.70046
-1.25,3,1006.710093
-0.75,1,1006.713611
-3.75,10,1006.744401
2.75,8,1006.768485
0.75,1,1006.771948
24.0,48,1006.916691
37.0,74,1007.132269
3.25,6,1007.147392
3.25,6,1007.162358
11.5,38,1007.260117
0.75,4,1007.270448
2.25,4,1007.280977
-0.75,1,1007.283855
-0.75,1,1007.28706
0.75,1,1007.289969
20.0,46,1007.411112
1.25,11,1007.442612
3.25,9,1007.467954
-0.25,2,1007.473859
2.25,7,1007.494454
1.75,6,1007.511191
-0.75,1,1007.514382
19.0,38,1007.625274
1.25,5,1007.639888
-0.75,1,1007.64312
3.25,9,1007.670488
3.25,6,1007.689896
14.5,29,1008.222322
-4.75,11,1008.279815
12.5,25,1008.352377
6.75,16,1008.399337
13.5,27,1008.475855
12.5,25,1008.548275
22.5,54,1008.761988
3.25,6,1008.784121
-1.25,3,1008.796094
21.5,43,1009.030819
14.5,29,1009.214731
28.5,60,1009.583057
26.0,52,1009.909743
0.75,1,1009.915904
-4.25,6,1009.950256
18.0,39,1010.172348
2.25,7,1010.213038
-0.75,1,1010.219697
3.25,6,1010.255325
21.5,43,1010.48609
13.0,26,1010.59174
2.25,7,1010.613283
1.75,3,1010.62366
12.0,24,1011.259069
3.75,7,1011.305581
-1.25,3,1011.325148
-2.25,4,1011.349208
3.25,9,1011.405763
10.5,24,1011.555586
-1.25,3,1011.573085
12.0,27,1011.739933
20.0,46,1012.029846
18.0,36,1012.264642
1.25,5,1012.293682
-0.25,2,1012.307063
1.75,6,1012.344854
12.5,31,1012.535971
4.75,11,1012.610399
3.25,6,1012.650819
0.75,1,1012.657754
-0.75,1,1012.665023
3.25,6,1012.703766
-1.75,2,1012.716655
11.5,32,1012.883961
3.25,6,1012.905299
19.0,44,1013.087607
-3.25,8,1013.136735
16.5,39,1013.386603
-0.25,2,1013.400361
-0.25,2,1013.413532
14.0,28,1013.59267
1.75,3,1013.611698
26.5,53,1013.957177
3.25,9,1014.015235
-0.25,2,1014.028659
1.75,9,1014.086265
-2.25,4,1014.112021
1.25,8,1014.16639
2.25,7,1014.211342
-0.75,1,1014.218224
2.75,11,1014.289209
3.25,6,1015.003208
16.5,33,1015.13896
2.25,7,1015.160727
3.75,7,1015.181201
-3.25,5,1015.196434
0.75,4,1015.209355
0.75,1,1015.213033
0.75,4,1015.225976
-3.75,10,1015.25605
5.25,13,1015.293608
28.5,57,1015.464512
12.0,24,1015.538568
-2.25,4,1015.551182
-2.25,10,1015.583295
14.0,28,1015.672084
19.5,39,1015.803394
3.25,9,1015.836169
3.25,6,1015.857661
0.75,1,1015.861268
27.5,55,1016.052352
-1.25,3,1016.061917
-1.25,3,1016.073701
11.0,28,1016.179285
28.0,56,1016.39104
2.75,8,1016.420736
1.75,9,1016.453398
18.5,37,1016.572914
2.25,10,1016.608354
19.0,38,1017.246477
-1.25,9,1017.278037
1.25,5,1017.293939
2.75,8,1017.31956
4.75,9,1017.348355
11.0,22,1017.417108
12.5,25,1017.495114
24.5,49,1017.643504
1.75,6,1017.661855
-7.25,9,1017.693053
2.25,7,1017.714081
1.25,5,1017.741407
-0.75,1,1017.747986
1.25,8,1017.791793
0.25,9,1017.844279
5.75,11,1017.909969
-1.25,3,1017.927958
3.75,7,1017.967369
12.0,24,1018.109459
3.75,10,1018.166754
-11.25,13,1018.248492
25.0,50,1018.552058
25.0,59,1018.919153
12.5,52,1019.243921
3.25,9,1019.30291
0.75,1,1019.309684
-4.25,6,1019.348426
3.25,12,1019.428079
-13.75,14,1019.509171
3.25,6,1019.543499
3.25,6,1019.577088
-4.25,6,1019.609009
19.0,38,1019.824156
16.0,32,1020.621087
18.0,36,1020.842316
-0.25,5,1020.872872
2.75,8,1020.921774
-0.25,2,1020.933765
-7.25,9,1020.990859
0.75,1,1020.997546
1.75,6,1021.023468
21.5,43,1021.167212
-0.75,1,1021.171216
-0.25,2,1021.178122
-1.25,9,1021.207784
-0.75,1,1021.211802
3.75,10,1021.246616
-0.25,2,1021.254476
-1.25,3,1021.265186
3.25,6,1021.28497
2.25,7,1021.308472
0.75,1,1021.311997
20.0,40,1021.438252
3.25,6,1021.458526
0.75,1,1021.462486
14.5,29,1021.553469
16.0,32,1021.643972
4.25,8,1021.665704
0.75,1,1021.669032
-1.25,3,1021.678144
3.75,6,1021.697976
24.5,49,1021.83383
-0.75,4,1021.844874
1.75,6,1021.862087
-0.75,1,1021.865312
0.75,1,1021.868179
-0.25,2,1021.874059
0.75,1,1021.87691
-0.75,1,1021.879896
15.0,30,1021.961684
0.75,1,1021.964889
-0.75,1,1021.967925
3.75,10,1021.994522
20.0,40,1022.100018
5.25,10,1022.12594
0.25,9,1022.149188
-8.25,10,1022.175334
5.25,10,1022.200245
-2.75,3,1022.208807
2.25,7,1022.226761
20.5,41,1022.670191
-6.25,8,1022.691811
1.75,3,1022.699549
23.5,47,1022.821339
0.25,9,1022.844436
-1.25,3,1022.85227
23.5,47,1022.978331
26.5,53,1023.11815
0.75,1,1023.121297
-2.25,4,1023.132597
50.5,59,1023.294095
0.75,1,1023.29708
20.5,41,1023.411164
3.25,6,1023.428004
1.75,6,1023.444544
0.75,1,1023.447425
-6.25,8,1023.469581
4.0,35,1023.572661
2.25,7,1023.592347
3.25,6,1023.609753
3.25,6,1023.62708
-0.75,10,1023.653201
1.75,6,1023.66866
16.5,33,1023.752578
1.25,8,1023.774669
4.25,11,1023.803097
1.75,6,1023.819103
22.75,51,1023.957551
2.25,7,1023.976881
12.0,24,1024.56069
3.25,6,1024.577909
0.75,4,1024.589742
-0.25,2,1024.596821
-0.25,2,1024.606174
0.75,1,1024.611434
3.75,7,1024.642446
0.75,1,1024.64752
-2.75,3,1024.661303
-6.25,8,1024.697757
0.75,1,1024.702761
-0.25,2,1024.712512
0.75,10,1024.754434
-0.25,2,1024.763384
0.75,1,1024.768148
-0.25,2,1024.776999
1.75,3,1024.788289
-0.75,1,1024.791848
-0.75,1,1024.795278
0.25,3,1024.806103
0.75,1,1024.81056
-0.75,1,1024.815268
-0.75,1,1024.819928
-0.25,2,1024.828785
26.0,52,1024.98442
-0.75,7,1025.005742
-1.25,3,1025.014723
15.0,30,1025.102795
0.75,3,1025.11183
-0.75,1,1025.115425
16.0,32,1025.210402
0.25,9,1025.237691
0.75,1,1025.241189
-0.25,2,1025.247813
5.25,10,1025.278701
5.25,10,1025.309062
0.75,1,1025.31255
3.25,6,1025.3302
-0.75,1,1025.333496
20.0,40,1025.451122
0.25,6,1025.469703
-0.25,2,1025.475568
-0.25,2,1025.481556
0.75,1,1025.484578
13.5,27,1025.556645
1.75,6,1025.576302
21.5,43,1025.693092
-0.75,1,1025.695789
-1.75,8,1025.717319
-0.75,1,1025.720479
19.0,38,1025.821856
0.75,4,1025.832468
3.25,6,1025.851635
-0.75,1,1025.854718
1.75,6,1025.871424
-0.25,2,1025.878128
-0.75,1,1025.88151
-1.25,3,1025.89037
-0.25,2,1025.895948
0.75,1,1025.89906
-0.75,1,1025.902053
7.75,18,1025.948413
13.5,27,1026.021889
-0.75,1,1026.024832
-0.75,1,1026.027451
0.75,1,1026.030212
30.0,60,1026.559045
2.75,8,1026.581456
17.5,35,1026.670024
21.5,43,1026.788762
-0.75,1,1026.791909
0.75,4,1026.802406
-0.25,2,1026.807882
-0.25,2,1026.813773
-0.25,2,1026.819235
-0.25,2,1026.825438
0.75,1,1026.828988
0.25,3,1026.83799
-0.25,2,1026.843327
18.0,36,1026.938041
1.75,6,1026.954608
18.0,36,1027.05018
-0.75,1,1027.053271
-0.75,1,1027.056319
1.25,5,1027.069986
18.5,40,1027.180471
-0.75,1,1027.183472
0.75,1,1027.187648
0.75,1,1027.190706
-2.25,4,1027.201464
0.75,1,1027.204634
1.75,3,1027.213307
20.0,40,1027.330733
-0.25,3,1027.344271
0.75,1,1027.347579
-0.75,1,1027.350582
-0.75,1,1027.353797
27.0,54,1027.500282
0.75,1,1027.503586
0.75,1,1027.506832
3.25,12,1027.540686
9.75,22,1027.599194
-0.75,1,1027.602118
13.5,27,1027.675766
-0.75,1,1027.679039
1.25,5,1027.693821
0.25,3,1027.702574
16.5,33,1027.796754
-4.25,6,1027.819094
-0.75,1,1027.824429
-0.75,1,1027.828823
0.75,1,1027.832216
13.0,26,1028.391488
-0.75,1,1028.395273
-0.75,1,1028.399035
-0.25,2,1028.405957
28.0,59,1028.594365
14.0,28,1028.691576
12.5,25,1028.833876
2.75,8,1028.886364
0.75,1,1028.892992
17.5,35,1029.099044
4.75,7,1029.142814
2.25,4,1029.167667
3.25,6,1029.205859
0.25,9,1029.259754
-3.25,5,1029.290251
-0.25,2,1029.302491
-0.25,2,1029.314945
0.75,1,1029.321826
1.75,6,1029.357675
5.0,10,1029.415688
1.75,6,1029.452613
3.25,6,1029.489078
1.75,6,1029.525197
3.75,10,1029.588335
4.5,30,1029.774896
-4.25,6,1029.812804
-0.25,2,1029.825916
-0.25,2,1029.839091
-0.75,1,1029.846272
3.75,7,1029.889493
12.0,24,1030.037639
0.75,1,1030.044447
0.75,1,1030.051051
-0.25,2,1030.063682
-0.75,1,1030.070489
6.25,9,1030.128099
0.75,1,1030.134881
-0.75,1,1030.141982
-0.25,2,1030.155004
-3.75,4,1030.180226
1.25,5,1030.21065
2.25,7,1030.251693
5.25,10,1030.312783
-2.75,3,1030.331669
3.25,6,1030.367055
3.25,6,1030.400831
0.75,1,1030.407068
-0.25,2,1030.419391
16.5,33,1030.626344
-0.25,2,1030.638486
1.75,6,1030.672727
1.75,3,1030.691881
-0.25,2,1030.704772
16.5,39,1030.939924
3.75,7,1030.983371
-0.25,2,1030.996209
-0.25,2,1031.010475
14.0,28,1031.645226
-0.25,2,1031.658344
-0.25,2,1031.671592
-0.75,1,1031.678517
-3.25,5,1031.710126
5.25,8,1031.761997
0.75,1,1031.76897
-1.25,3,1031.788213
3.25,6,1031.826304
0.75,1,1031.833101
-0.75,1,1031.839386
4.25,11,1031.90653
12.0,24,1032.052427
-1.25,6,1032.091199
-0.25,2,1032.103316
-3.75,4,1032.127747
1.75,6,1032.1656
-0.75,1,1032.172614
0.25,9,1032.229316
0.25,3,1032.249365
-0.25,2,1032.262141
13.5,27,1032.428814
-0.25,2,1032.44089
0.25,3,1032.461699
21.5,43,1032.707235
16.5,33,1032.907876
0.75,10,1032.969908
0.75,4,1032.996115
7.25,10,1033.058898
2.25,7,1033.103462
0.75,1,1033.112422
1.75,3,1033.130713
3.75,7,1033.17428
-3.75,10,1033.232118
-0.75,1,1033.238903
26.0,52,1033.532939
30.0,60,1033.88853
-4.75,11,1033.954298
-1.25,3,1033.972345
-1.25,6,1034.006688
1.25,5,1034.036108
1.75,5,1034.070576
17.5,35,1034.275992
1.75,3,1034.293544
-0.25,2,1034.305645
2.25,7,1034.346484
0.75,1,1034.353469
-0.75,1,1034.357945
11.5,23,1034.439129
1.75,9,1034.468192
12.0,24,1034.54253
-0.75,1,1035.266335
11.0,22,1035.398905
-0.25,2,1035.411011
1.25,5,1035.440678
-0.25,2,1035.452948
-1.25,1,1035.459454
1.75,6,1035.496152
-0.75,1,1035.502393
4.25,8,1035.550338
5.25,10,1035.608523
15.5,31,1035.792162
-0.75,1,1035.798348
-0.75,1,1035.805061
-0.25,2,1035.817676
5.25,10,1035.876832
14.0,28,1036.037061
12.0,24,1036.179635
0.25,6,1036.217462
3.25,6,1036.250864
0.75,1,1036.256509
4.25,8,1036.297018
3.75,7,1036.333915
-0.75,1,1036.340257
-0.75,1,1036.346764
1.75,3,1036.36338
-0.75,1,1036.368966
0.25,3,1036.385869
0.75,1,1036.39235
3.25,9,1036.444438
2.25,7,1036.485307
0.75,1,1036.490904
1.75,9,1036.540803
-0.25,5,1036.569407
-0.25,2,1036.580307
-0.75,1,1036.586246
0.75,1,1036.592506
18.0,36,1036.799229
-0.75,1,1036.805461
17.5,35,1037.019068
-0.25,2,1037.031247
-0.75,1,1037.038017
-0.75,1,1037.04481
0.75,1,1037.051257
3.25,6,1037.087598
9.75,22,1037.217955
29.5,59,1037.576464
-0.75,1,1037.583792
-0.25,2,1037.59585
1.75,6,1037.625853
17.0,34,1037.764943
1.25,5,1037.780042
0.75,1,1037.783193
16.5,30,1037.871171
-0.25,2,1037.877414
-1.25,1,1037.880742
-0.25,2,1037.886823
0.75,1,1037.89029
16.5,33,1037.989085
-0.75,1,1037.9925
5.25,7,1038.408746
-0.75,1,1038.412706
13.0,26,1038.559083
-0.25,2,1038.57155
0.75,1,1038.577168
1.75,6,1038.61019
-7.25,9,1038.638968
-0.25,2,1038.647111
0.75,4,1038.66393
20.5,41,1038.804535
22.0,44,1038.950832
0.75,7,1038.973066
-1.25,6,1038.992554
0.75,1,1038.996503
-0.75,1,1039.000061
-0.75,1,1039.003576
-0.75,1,1039.007185
1.75,6,1039.02621
0.75,1,1039.030031
32.0,64,1039.236987
-0.75,7,1039.258482
-0.75,1,1039.26188
-0.75,1,1039.265422
-0.75,1,1039.269247
-0.75,1,1039.272654
1.75,6,1039.293559
2.25,7,1039.315217
12.0,24,1039.389358
3.75,7,1039.410242
20.5,41,1039.535143
2.75,8,1039.558116
0.75,1,1039.56121
4.75,9,1039.586947
32.0,64,1039.774644
-0.75,1,1039.778162
-1.25,3,1039.787341
0.75,1,1039.79055
-6.25,8,1039.813986
-0.75,1,1039.817207
-0.75,1,1039.820195
0.25,9,1039.848479
1.75,6,1039.866319
3.25,6,1039.883972
-0.75,1,1039.887203
7.25,17,1039.936731
4.75,9,1039.963276
-0.75,1,1039.966566
3.25,6,1039.984067
0.75,1,1039.987905
-0.75,1,1039.991273
3.25,6,1040.009723
-8.25,10,1040.04004
-0.25,2,1040.046432
3.25,6,1040.064779
0.75,1,1040.068425
1.75,6,1040.088276
-0.75,1,1040.091512
7.25,17,1040.584951
-0.75,1,1040.588379
8.75,13,1040.631005
0.75,1,1040.634399
-0.75,1,1040.637911
1.75,6,1040.656934
1.25,8,1040.681753
0.75,1,1040.685745
3.25,6,1040.709112
-0.25,2,1040.718798
-0.25,8,1040.754223
3.25,9,1040.795054
1.75,6,1040.821292
0.75,1,1040.826043
-0.25,2,1040.835294
0.75,1,1040.840206
5.25,9,1040.879215
3.75,7,1040.912351
1.75,9,1040.969799
14.5,29,1041.102272
18.5,37,1041.213471
29.5,59,1041.374717
-0.25,2,1041.380428
-0.25,2,1041.386178
21.5,43,1041.506143
-0.25,2,1041.511838
15.0,30,1041.597666
18.0,36,1041.705867
0.75,7,1041.727783
6.25,9,1041.755321
-0.25,2,1041.761754
3.75,7,1041.78399
0.75,1,1041.787106
-2.25,7,1041.807733
-0.75,1,1041.810866
5.25,10,1041.839774
0.75,1,1041.842855
1.25,5,1041.857548
19.0,38,1041.965017
0.25,6,1041.98271
3.25,6,1041.999472
-0.75,1,1042.003355
27.5,55,1042.166267
1.75,6,1042.185408
-0.75,1,1042.188669
0.75,1,1042.192131
15.0,30,1042.707131
0.75,1,1042.710631
1.25,5,1042.727334
0.75,4,1042.740389
-2.25,4,1042.752709
3.25,9,1042.782552
1.75,12,1042.819485
1.75,6,1042.838773
-2.75,3,1042.848511
-2.25,4,1042.861194
-0.25,2,1042.867747
4.25,7,1042.889526
2.25,4,1042.901944
3.25,6,1042.921164
0.75,4,1042.933841
3.25,6,1042.952292
24.5,49,1043.106075
0.75,4,1043.118605
-0.75,1,1043.122052
0.75,10,1043.155409
13.0,26,1043.262587
-0.75,1,1043.266049
-0.25,2,1043.274016
3.25,6,1043.292215
0.75,10,1043.322386
17.0,29,1043.41201
15.5,31,1043.515159
0.25,3,1043.525728
20.5,41,1043.656511
0.75,4,1043.667613
-2.75,3,1043.675886
-2.75,3,1043.686151
22.0,47,1043.856387
0.75,1,1043.861887
1.75,9,1043.90588
7.75,18,1043.990405
-0.25,2,1044.001042
0.25,3,1044.016143
-1.25,3,1044.031714
21.0,42,1044.239113
0.25,3,1044.254893
15.0,30,1044.406515
0.75,4,1044.434445
0.75,4,1044.458324
3.25,6,1044.495178
0.75,4,1044.521655
0.25,3,1044.540008
1.75,3,1044.558527
0.75,1,1045.187976
-0.25,5,1045.21892
1.25,8,1045.265388
-3.25,5,1045.291043
1.25,8,1045.329182
0.75,1,1045.334718
1.25,5,1045.360799
5.25,13,1045.426924
13.0,26,1045.554155
25.5,51,1045.79761
0.75,1,1045.8032
0.75,1,1045.808533
0.75,1,1045.813845
1.75,12,1045.872003
1.75,6,1045.90389
-0.75,1,1045.910184
-0.25,2,1045.921821
4.25,11,1045.974063
-0.75,4,1045.996715
0.75,1,1046.003166
22.0,44,1046.236317
-0.25,2,1046.247121
3.75,7,1046.282474
3.75,10,1046.334071
-4.25,6,1046.364384
-0.75,1,1046.369911
2.25,7,1046.406255
0.75,1,1046.41243
-0.75,1,1046.418515
0.75,1,1046.424338
0.25,4,1046.445377
6.25,15,1046.522861
25.0,50,1046.77146
3.75,7,1046.805703
1.75,6,1046.835773
1.75,6,1046.865675
1.75,6,1046.895915
10.25,23,1047.004782
2.25,7,1047.039336
1.25,5,1047.06437
6.75,16,1047.141399
2.25,7,1047.175245
-0.75,1,1047.181164
12.0,30,1047.325867
3.75,10,1047.375826
0.75,1,1047.381379
-0.25,2,1047.391972
1.75,6,1047.422299
-0.25,2,1047.432731
-0.75,1,1047.438444
-0.25,2,1047.449243
15.0,30,1047.595322
-0.75,1,1047.601304
26.5,53,1048.448505
1.25,5,1048.474715
-0.75,4,1048.49581
15.5,31,1048.659168
0.75,1,1048.665161
-0.25,2,1048.676494
-0.75,1,1048.682546
-0.25,2,1048.692961
8.75,20,1048.801146
18.0,36,1048.981257
0.75,1,1048.98711
0.75,1,1048.993394
18.0,36,1049.169322
0.25,3,1049.185292
0.75,1,1049.191118
1.75,6,1049.221191
0.75,1,1049.227171
-0.25,8,1049.267133
0.75,4,1049.287073
-0.75,1,1049.292663
-0.75,1,1049.298348
16.5,33,1049.456456
12.0,24,1049.572076
3.75,10,1049.620194
19.0,38,1049.813854
0.75,4,1049.835433
9.25,16,1049.911737
-0.75,1,1049.916641
-2.75,9,1049.956559
0.25,9,1049.99887
-0.25,2,1050.010775
5.25,10,1050.061728
-0.75,1,1050.067152
-0.25,2,1050.077206
12.0,24,1050.195676
1.25,5,1050.222126
0.25,3,1050.239884
12.0,24,1050.363875
16.0,32,1050.530782
-2.75,3,1050.546087
3.75,7,1050.581137
0.75,1,1050.586604
2.75,8,1050.626853
21.5,43,1050.847798
1.75,3,1050.863693
0.75,1,1050.868929
3.25,6,1050.897802
3.25,6,1050.92651
6.25,15,1051.540007
1.75,6,1051.569844
0.75,1,1051.576304
-0.75,1,1051.582678
-0.75,1,1051.588346
0.75,1,1051.594848
15.0,33,1051.766263
34.5,72,1052.221889
2.25,4,1052.242277
2.75,8,1052.293562
0.25,3,1052.313727
16.5,33,1052.530944
27.0,54,1052.825431
0.75,1,1052.831068
1.25,5,1052.857748
0.75,10,1052.917068
23.5,47,1053.147553
12.0,24,1053.259724
-6.25,8,1053.294287
0.25,9,1053.334754
-0.75,1,1053.339938
3.25,6,1053.367534
2.25,4,1053.386968
-0.25,2,1053.397416
-0.75,1,1053.403139
-0.75,1,1053.408908
-0.25,2,1053.419451
0.75,1,1053.424983
0.75,1,1053.430577
13.0,26,1053.561212
17.5,35,1053.748492
3.25,9,1053.794965
20.5,41,1054.023971
15.0,30,1054.235883
2.25,4,1054.26483
0.75,1,1054.274348
2.75,8,1054.329277
-0.25,2,1054.343342
16.0,32,1055.082697
0.75,1,1055.088399
-0.75,1,1055.094109
1.75,6,1055.125124
26.5,53,1055.384188
0.75,1,1055.390254
15.0,27,1055.518121
2.75,8,1055.555826
-1.25,3,1055.570372
-0.25,2,1055.580171
3.25,6,1055.608509
18.0,36,1055.775882
0.75,1,1055.78169
16.5,33,1055.941051
6.25,16,1056.024064
-0.75,1,1056.030102
3.75,7,1056.066023
-0.25,2,1056.076612
-2.75,3,1056.092539
0.75,7,1056.127793
-1.25,3,1056.143139
14.0,28,1056.278859
-0.25,2,1056.288438
-1.75,2,1056.298331
21.0,42,1056.501049
0.75,1,1056.506916
23.0,46,1056.743204
0.75,1,1056.749052
3.25,9,1056.798328
20.0,40,1057.004133
-0.25,2,1057.015121
-4.25,6,1057.044499
12.0,24,1057.163055
15.5,31,1057.305116
