#{"t_start": 1788539731.8812993, "env_id": "None"}
r,l,t
125.0,5,2.387188
-25.0,2,2.392318
-25.0,2,2.397386
-125.0,3,2.404625
75.0,1,2.40729
75.0,3,2.415257
-25.0,2,2.421111
-75.0,1,2.424093
-75.0,1,2.42707
-75.0,1,2.430004
-75.0,1,2.432981
-25.0,2,2.438724
-125.0,3,2.447084
-25.0,2,2.452703
-75.0,1,2.455749
-25.0,2,2.461243
75.0,4,2.471563
-75.0,1,2.474405
75.0,1,2.477399
-25.0,2,2.483008
25.0,3,2.490593
-75.0,1,2.493397
25.0,3,2.50326
-75.0,1,2.506785
-425.0,6,2.523541
175.0,6,2.541788
75.0,1,2.545154
25.0,3,2.554868
225.0,7,2.574542
-25.0,2,2.579895
75.0,1,2.582707
-75.0,1,2.585519
75.0,3,2.593042
-25.0,2,2.597937
75.0,3,2.605273
75.0,1,2.608048
-75.0,1,2.610662
-75.0,1,2.613284
375.0,6,2.627766
-75.0,1,2.630715
-75.0,1,2.633703
25.0,3,2.64198
-75.0,1,2.645142
-75.0,1,2.648122
75.0,3,2.656996
-75.0,1,2.66045
-25.0,2,2.666247
75.0,4,2.677094
-75.0,1,2.679857
-125.0,1,2.682484
-25.0,2,2.687455
-25.0,2,2.692684
-25.0,2,2.697896
-225.0,4,2.707608
75.0,4,2.717527
-25.0,2,2.722845
-75.0,1,2.725813
-75.0,1,2.728606
-25.0,2,2.734166
575.0,14,2.772708
-125.0,1,2.776042
75.0,1,2.77906
-75.0,1,2.781978
125.0,5,2.794442
75.0,1,2.797236
-75.0,1,2.800094
75.0,1,2.803062
-75.0,1,2.805937
25.0,3,2.814232
-25.0,2,2.81926
-75.0,1,2.821816
-25.0,2,2.827249
-25.0,2,2.832246
-125.0,1,2.835118
-25.0,2,2.841299
75.0,4,2.852606
-75.0,1,2.855597
-25.0,2,2.861691
25.0,3,2.87
-75.0,1,2.873251
-25.0,2,2.87885
75.0,1,2.881694
-25.0,2,2.887105
-75.0,1,2.88994
75.0,1,2.893124
-25.0,2,2.899346
-125.0,1,2.902069
-25.0,2,2.907507
-25.0,2,2.913075
-75.0,1,2.915797
-125.0,1,2.918428
75.0,1,2.921215
-75.0,1,2.924136
75.0,1,2.9272
-25.0,2,2.932178
-75.0,1,2.934871
-25.0,2,2.940123
-25.0,2,2.945832
-125.0,1,2.949053
-75.0,1,2.952002
-75.0,1,2.954965
-75.0,1,2.95797
-25.0,2,2.963783
-75.0,1,2.966836
-75.0,1,2.969941
-25.0,2,2.97526
-25.0,2,2.980795
-75.0,1,2.983587
75.0,4,2.993809
-25.0,2,2.999063
75.0,3,3.006693
75.0,1,3.009293
-75.0,1,3.011978
-25.0,2,3.016896
25.0,3,3.024194
-25.0,2,3.029264
-75.0,1,3.034167
-25.0,2,3.040756
-75.0,1,3.046664
-25.0,2,3.053591
-75.0,1,3.05682
175.0,6,3.07331
-75.0,1,3.076838
-25.0,2,3.092512
75.0,4,3.120256
-75.0,1,3.126642
-75.0,1,3.133383
-75.0,1,3.140435
225.0,4,3.164539
-25.0,2,3.176249
-75.0,1,3.182511
-25.0,2,3.193925
-25.0,2,3.205598
75.0,1,3.212298
-75.0,1,3.217392
-25.0,2,3.225257
-75.0,1,3.229845
-25.0,2,3.236867
75.0,1,3.240615
75.0,4,3.253876
-125.0,1,3.257867
-25.0,2,3.266072
-25.0,2,3.273577
25.0,3,3.283719
-25.0,2,3.289491
-75.0,1,3.292847
175.0,6,3.308596
-25.0,2,3.313793
-25.0,2,3.318834
-75.0,1,3.321605
-75.0,1,3.325017
-25.0,2,3.330574
-75.0,1,3.333458
75.0,4,3.344887
75.0,1,3.34812
25.0,3,3.356663
-25.0,2,3.362674
-75.0,1,3.365684
-75.0,1,3.368554
-75.0,1,3.371528
-125.0,1,3.375656
-25.0,2,3.382074
125.0,3,3.389804
75.0,4,3.399516
-75.0,1,3.402109
75.0,4,3.412067
-75.0,1,3.415209
-75.0,1,3.418227
-75.0,1,3.420936
-75.0,1,3.423615
75.0,4,3.43319
-75.0,1,3.435718
-75.0,1,3.43833
-75.0,1,3.441033
-25.0,2,3.446869
-75.0,1,3.449967
-25.0,2,3.455836
-75.0,1,3.459506
75.0,4,3.470031
-75.0,1,3.47302
-75.0,1,3.475974
-75.0,1,3.478977
-25.0,2,3.484413
-25.0,2,3.48952
75.0,1,3.492332
-75.0,1,3.495066
-25.0,2,3.499839
75.0,1,3.502473
75.0,4,3.51209
-125.0,1,3.514762
-75.0,1,3.517455
-25.0,2,3.522294
25.0,3,3.529448
-25.0,2,3.535244
25.0,3,3.54271
-25.0,2,3.54788
-25.0,2,3.553564
-75.0,1,3.556423
-125.0,6,3.572128
-75.0,1,3.575403
-25.0,2,3.581505
-25.0,2,3.587084
75.0,1,3.589998
-75.0,1,3.592888
-125.0,1,3.5958
-75.0,1,3.598542
-125.0,3,3.605711
-75.0,1,3.608718
25.0,3,3.61594
75.0,3,3.623095
-25.0,2,3.628299
75.0,4,3.637662
-75.0,1,3.640405
-25.0,2,3.645368
-75.0,1,3.6479
-375.0,4,3.658096
-25.0,2,3.66361
-125.0,1,3.666568
-25.0,2,3.672043
-125.0,1,3.674963
-25.0,2,3.680307
-75.0,1,3.683219
25.0,3,3.691475
-75.0,1,3.694221
-75.0,1,3.697062
-75.0,1,3.699814
-25.0,2,3.705028
-25.0,2,3.71015
75.0,4,3.719577
-125.0,3,3.727054
-75.0,1,3.729728
-75.0,1,3.732335
75.0,4,3.741832
-25.0,2,3.746704
-25.0,2,3.751749
-75.0,1,3.754536
-25.0,2,3.760091
-25.0,2,3.765528
175.0,6,3.780975
175.0,6,3.796383
-75.0,1,3.799222
-25.0,2,3.804439
-25.0,2,3.809262
75.0,4,3.81855
-75.0,1,3.821095
125.0,5,3.832074
-25.0,2,3.83668
125.0,5,3.847529
-75.0,1,3.849882
-25.0,2,3.854807
75.0,4,4.545276
225.0,5,4.557823
-75.0,1,4.560882
-75.0,1,4.563813
75.0,1,4.566602
-25.0,2,4.571688
25.0,3,4.581214
-75.0,1,4.584466
-75.0,1,4.588532
-75.0,1,4.592001
75.0,1,4.595709
-25.0,2,4.602365
25.0,3,4.612631
225.0,7,4.635723
-25.0,2,4.642149
25.0,3,4.652651
-25.0,2,4.659235
-25.0,2,4.665021
25.0,3,4.672906
75.0,4,4.682869
-25.0,2,4.688099
-75.0,1,4.691201
125.0,3,4.698947
75.0,3,4.707133
-225.0,7,4.726617
-25.0,2,4.732534
-75.0,1,4.735884
-225.0,4,4.747643
75.0,4,4.758484
25.0,3,4.7662
-25.0,2,4.771363
25.0,6,4.789642
25.0,3,4.80023
-25.0,2,4.806436
-25.0,2,4.813271
-75.0,1,4.816458
125.0,3,4.825182
125.0,5,4.838843
-25.0,2,4.844932
-25.0,2,4.850496
-75.0,1,4.853405
-25.0,2,4.859178
25.0,3,4.866758
-25.0,2,4.871994
-375.0,4,4.882142
275.0,8,4.901725
-75.0,7,4.920198
-125.0,3,4.928848
25.0,3,4.937237
-75.0,1,4.940382
-25.0,2,4.946405
25.0,3,4.954726
-75.0,1,4.957901
-75.0,1,4.961204
25.0,3,4.969128
75.0,4,4.980607
275.0,8,5.001183
75.0,1,5.003829
-125.0,3,5.012161
-75.0,1,5.015301
-25.0,2,5.020993
-25.0,2,5.027222
-25.0,2,5.033065
-25.0,2,5.038731
-75.0,1,5.042028
-75.0,1,5.045533
-75.0,1,5.048764
-25.0,2,5.054562
-75.0,1,5.057757
25.0,3,5.066302
125.0,5,5.079417
-75.0,1,5.082216
-25.0,2,5.087595
-75.0,1,5.090744
-25.0,2,5.096159
-25.0,2,5.101302
125.0,5,5.113734
-75.0,1,5.116495
225.0,7,5.136049
-75.0,1,5.139188
-75.0,1,5.142277
-75.0,1,5.145401
-75.0,1,5.148402
75.0,1,5.151604
25.0,3,5.15995
25.0,3,5.168151
-75.0,1,5.170957
-275.0,3,5.179133
125.0,5,5.192785
-25.0,2,5.199644
-25.0,2,5.206064
-75.0,1,5.210012
75.0,4,5.221328
-25.0,2,5.227848
-625.0,8,5.251926
75.0,3,5.264777
-75.0,1,5.268486
-75.0,1,5.271766
-75.0,1,5.275123
25.0,3,5.285356
75.0,1,5.288237
125.0,5,5.302026
-25.0,2,5.307984
75.0,1,5.311567
-125.0,1,5.314803
-25.0,2,5.320172
625.0,10,5.348454
425.0,6,5.365517
-75.0,1,5.368492
-25.0,2,5.374423
-125.0,1,5.378359
175.0,6,5.396794
-75.0,1,5.399721
-75.0,1,5.40244
-25.0,2,5.407604
-25.0,2,5.413105
-75.0,1,5.416278
-75.0,1,5.419111
-25.0,2,5.425354
25.0,3,5.433746
-25.0,2,5.439719
225.0,4,5.452148
-75.0,1,5.455275
-25.0,2,5.461512
-75.0,1,5.464521
175.0,6,5.48211
-75.0,1,5.486027
-25.0,2,5.494141
-75.0,1,5.497708
125.0,5,5.513604
-125.0,3,5.521201
-75.0,1,5.52419
-25.0,2,5.529507
75.0,1,5.532346
-25.0,2,5.538343
-25.0,2,5.543865
175.0,4,5.553458
-25.0,2,5.559412
75.0,3,5.567628
-75.0,1,5.570867
-75.0,1,5.574182
-75.0,1,5.577471
75.0,1,5.5806
-525.0,7,5.600066
-25.0,2,5.605485
25.0,3,5.613479
25.0,3,5.620838
25.0,3,5.628474
-25.0,2,5.634042
-75.0,1,5.636788
75.0,1,5.639927
75.0,1,5.642707
375.0,10,5.670777
-25.0,2,5.678156
-75.0,1,5.682655
-25.0,2,5.689526
-25.0,2,5.696391
-25.0,2,5.702778
75.0,4,5.716257
75.0,3,5.724334
-25.0,2,5.729497
225.0,4,5.739303
-75.0,1,5.742465
-75.0,1,5.745273
25.0,3,5.754617
-25.0,2,5.760944
-25.0,2,5.765956
-25.0,2,5.770901
-75.0,1,5.774304
-25.0,2,5.780071
-75.0,1,5.783146
-75.0,1,5.786148
75.0,4,5.797925
25.0,3,5.807039
-25.0,2,5.813572
25.0,3,5.821444
-125.0,1,5.824658
25.0,3,5.832393
-75.0,1,5.835012
-75.0,1,5.837586
-25.0,2,5.842704
-125.0,3,5.849921
-25.0,2,5.854795
-75.0,1,5.857828
25.0,3,5.86533
-75.0,1,5.8679
-25.0,2,5.872811
75.0,4,5.883225
-125.0,1,5.886177
575.0,10,5.913309
-25.0,2,5.919029
75.0,4,5.93179
-25.0,2,5.937723
-125.0,1,5.941021
-25.0,2,5.94657
25.0,3,5.954277
-25.0,2,5.960041
-75.0,1,5.963
-25.0,2,5.968098
-125.0,1,5.970867
-75.0,1,5.974312
-25.0,3,5.981696
-75.0,1,5.98573
25.0,3,5.993419
-25.0,2,5.998979
-75.0,1,6.001727
-125.0,3,6.010527
75.0,1,6.013722
-75.0,4,6.392674
-25.0,2,6.40152
175.0,6,6.418391
-75.0,1,6.421234
-75.0,1,6.424075
-75.0,1,6.426835
75.0,4,6.444558
-25.0,2,6.451044
75.0,4,6.462539
225.0,7,6.480866
25.0,3,6.489506
25.0,3,6.498406
125.0,5,6.510889
-25.0,8,6.530143
-25.0,2,6.535122
-75.0,1,6.537701
75.0,1,6.540564
75.0,4,6.550849
-25.0,2,6.55633
-25.0,2,6.562087
-575.0,6,6.58032
75.0,4,6.591465
-75.0,13,6.625242
-125.0,3,6.632867
-225.0,4,6.642715
225.0,7,6.659939
275.0,11,6.689787
-325.0,5,6.703774
-25.0,2,6.709309
-25.0,2,6.714341
-75.0,1,6.717064
-75.0,1,6.719771
175.0,6,6.735049
325.0,9,6.7604
-125.0,3,6.770978
-25.0,2,6.781817
-425.0,6,6.798859
-25.0,2,6.804814
75.0,4,6.816681
75.0,1,6.819541
225.0,5,6.833569
75.0,3,6.841059
225.0,4,6.851426
-25.0,2,6.856492
425.0,11,6.890687
275.0,8,6.923012
-225.0,4,6.941765
-275.0,3,6.957002
-275.0,6,6.983832
125.0,5,7.004702
-75.0,1,7.009243
-75.0,1,7.014574
-25.0,8,7.042609
-325.0,5,7.058702
-25.0,2,7.066779
-825.0,10,7.095852
-25.0,2,7.100894
-75.0,1,7.103688
-25.0,2,7.108627
-25.0,2,7.1135
-75.0,1,7.116136
-425.0,6,7.131389
-75.0,1,7.134261
375.0,6,7.149218
-75.0,1,7.152206
375.0,10,7.17905
275.0,8,7.201291
-75.0,1,7.204278
-25.0,2,7.209599
1325.0,18,7.256008
25.0,3,7.265701
75.0,5,7.281073
-25.0,2,7.287109
225.0,7,7.306759
-25.0,2,7.314034
125.0,5,7.327743
75.0,1,7.331012
25.0,3,7.338482
225.0,7,7.355057
-75.0,1,7.357722
225.0,7,7.376022
25.0,3,7.384609
25.0,3,7.393086
25.0,3,7.401659
175.0,6,7.419585
-75.0,1,7.422879
75.0,1,7.426175
475.0,7,7.445818
-75.0,1,7.449077
25.0,3,7.457151
75.0,1,7.46063
-75.0,1,7.464321
-25.0,2,7.470562
125.0,5,7.486018
375.0,9,7.512248
175.0,3,7.520503
475.0,12,7.553298
25.0,3,7.56211
-125.0,3,7.570777
-25.0,2,7.577267
75.0,1,7.580791
-75.0,1,7.584182
-225.0,4,7.596955
-125.0,1,7.60128
-75.0,1,7.604895
125.0,5,7.621097
125.0,5,7.636086
25.0,3,7.644052
-25.0,2,7.649086
-25.0,2,7.654444
25.0,3,7.66284
25.0,3,7.670658
475.0,7,7.688597
25.0,3,7.696072
375.0,10,7.720516
25.0,3,7.729501
125.0,5,7.744938
-125.0,12,7.7853
425.0,6,7.80544
-25.0,2,7.812004
-75.0,1,7.815286
175.0,6,7.830699
-25.0,2,7.835886
-125.0,3,7.843312
-25.0,2,7.848526
-75.0,1,7.851291
25.0,3,7.858585
-75.0,1,7.861375
-75.0,1,7.864172
-325.0,5,7.877869
-75.0,1,7.88075
25.0,3,7.88946
-75.0,1,7.892688
-125.0,1,8.189455
775.0,10,8.220017
-25.0,2,8.225703
-25.0,2,8.232202
375.0,15,8.27644
-525.0,7,8.295174
-25.0,2,8.300195
-75.0,1,8.302848
25.0,3,8.311151
275.0,5,8.323284
-125.0,1,8.326103
-525.0,7,8.34247
-125.0,1,8.345109
375.0,7,8.362057
-275.0,3,8.369733
75.0,4,8.379988
225.0,7,8.397938
25.0,3,8.405372
675.0,10,8.431773
-175.0,8,8.452892
75.0,4,8.463501
-75.0,1,8.466249
75.0,4,8.47778
-1075.0,20,8.530966
-25.0,2,8.536425
25.0,3,8.544132
-125.0,3,8.551743
175.0,4,8.561996
375.0,10,8.586187
75.0,4,8.595873
75.0,1,8.598691
-25.0,2,8.603693
75.0,4,8.612866
-125.0,1,8.615556
75.0,1,8.618289
75.0,4,8.628202
-125.0,3,8.638032
175.0,6,8.65257
75.0,4,8.662466
-75.0,1,8.665145
75.0,4,8.675573
-75.0,1,8.678936
725.0,17,8.723324
-25.0,2,8.728745
175.0,6,8.743729
475.0,12,8.77729
-75.0,1,8.781107
-25.0,2,8.787496
675.0,9,8.814666
-25.0,2,8.820674
-75.0,1,8.82345
-25.0,2,8.828684
-25.0,2,8.833976
-75.0,1,8.836764
175.0,6,8.851533
-75.0,1,8.854455
-275.0,11,8.881198
25.0,3,8.888495
-75.0,1,8.89117
-125.0,1,8.893715
650.0,13,8.92168
75.0,4,8.930553
275.0,5,8.941877
475.0,12,8.967454
-425.0,6,8.980446
125.0,4,8.98968
-75.0,1,8.992231
125.0,5,9.00374
125.0,5,9.015557
-75.0,13,9.044257
275.0,7,9.059278
-75.0,1,9.061785
-25.0,2,9.066283
-725.0,9,9.085581
-75.0,1,9.087981
475.0,12,9.113652
-75.0,1,9.116222
-75.0,1,9.118686
75.0,4,9.128577
750.0,12,9.155897
-125.0,3,9.164036
-25.0,2,9.16919
275.0,8,9.18895
25.0,3,9.196439
-25.0,2,9.202047
225.0,7,9.221461
325.0,9,9.24379
-75.0,1,9.24647
175.0,6,9.2611
275.0,8,9.281146
75.0,4,9.29071
25.0,3,9.298184
75.0,3,9.305661
125.0,5,9.319232
75.0,4,9.328681
75.0,4,9.338222
-225.0,4,9.347493
-75.0,1,9.34989
-125.0,3,9.356879
-75.0,1,9.359382
-25.0,2,9.364273
625.0,15,9.398967
25.0,3,9.4058
875.0,20,9.455923
-25.0,2,9.461604
25.0,3,9.46903
-25.0,2,9.474199
675.0,16,9.826439
-25.0,2,9.83259
75.0,4,9.843747
-275.0,21,9.897101
175.0,6,9.911906
75.0,4,9.922009
425.0,11,9.948294
-25.0,2,9.953417
125.0,5,9.967248
175.0,6,9.985994
125.0,5,10.000344
-225.0,4,10.010401
225.0,7,10.026783
-25.0,2,10.031742
-25.0,2,10.036753
75.0,1,10.039437
-25.0,2,10.044455
75.0,4,10.053557
275.0,8,10.070942
125.0,5,10.082099
375.0,7,10.097735
-1300.0,16,10.135771
275.0,8,10.154997
475.0,12,10.184384
-75.0,1,10.187482
-125.0,3,10.195466
175.0,6,10.211203
-125.0,3,10.218786
-75.0,1,10.221466
75.0,3,10.22901
525.0,14,10.262606
-25.0,2,10.268561
125.0,5,10.282249
-25.0,2,10.287448
-125.0,1,10.290197
325.0,9,10.312311
-975.0,10,10.34155
25.0,3,10.351072
375.0,10,10.379127
75.0,10,10.4032
125.0,5,10.415572
175.0,4,10.426092
75.0,1,10.428871
-225.0,4,10.439029
75.0,1,10.441861
25.0,3,10.449438
575.0,14,10.482996
25.0,3,10.490543
-125.0,3,10.497973
275.0,8,10.519318
25.0,6,10.534504
-75.0,1,10.537251
225.0,7,10.55384
-425.0,6,10.567866
225.0,7,10.584072
25.0,3,10.591906
25.0,3,10.600067
-75.0,1,10.602745
-325.0,5,10.614838
750.0,15,10.648374
-75.0,1,10.650952
75.0,4,10.660753
175.0,6,10.675637
325.0,9,10.701196
-25.0,2,10.70731
-25.0,2,10.716214
-25.0,2,10.723036
-25.0,2,10.729406
75.0,4,10.74159
175.0,3,10.758858
75.0,4,10.789457
175.0,6,10.829696
-25.0,2,10.842301
775.0,18,10.916823
-75.0,1,10.92048
-25.0,2,10.92698
225.0,5,10.944119
375.0,8,10.973168
-25.0,2,10.979082
25.0,3,10.98706
275.0,8,11.006696
225.0,7,11.02372
25.0,3,11.031501
-125.0,1,11.034362
125.0,5,11.046587
275.0,8,11.066017
-25.0,2,11.071544
-75.0,1,11.074582
75.0,4,11.087579
-375.0,7,11.108464
-375.0,4,11.120137
625.0,21,11.174132
900.0,16,11.547277
925.0,21,11.614447
275.0,8,11.639625
675.0,22,11.706407
-825.0,10,11.732323
-175.0,23,11.791902
175.0,6,11.806894
-125.0,3,11.815005
-725.0,9,11.83886
225.0,7,11.858137
-25.0,2,11.864166
175.0,4,11.875535
-1125.0,13,11.908623
-75.0,1,11.911845
375.0,10,11.941536
75.0,1,11.945631
-225.0,7,11.968965
25.0,3,11.98
75.0,4,11.995971
-75.0,1,11.9994
725.0,11,12.026955
75.0,4,12.036855
125.0,5,12.049087
475.0,12,12.076365
-325.0,5,12.088309
175.0,6,12.104113
175.0,4,12.11871
75.0,4,12.132125
125.0,5,12.148269
725.0,20,12.197576
175.0,6,12.212644
750.0,18,12.256825
875.0,11,12.284786
-325.0,17,12.331482
125.0,5,12.344438
325.0,9,12.36894
-25.0,2,12.374777
125.0,5,12.389647
125.0,5,12.40332
675.0,9,12.426649
25.0,3,12.434011
-25.0,2,12.439084
-25.0,8,12.457874
225.0,7,12.474203
125.0,5,12.486334
-325.0,5,12.498313
275.0,8,12.517561
25.0,3,12.524826
1150.0,23,12.581172
-25.0,2,12.586984
75.0,4,12.598047
-1150.0,28,12.677551
-25.0,2,12.683505
-75.0,1,12.68646
-125.0,3,12.694827
-525.0,7,12.712932
225.0,7,12.730229
25.0,3,12.737666
425.0,11,12.767079
575.0,14,12.803537
-75.0,1,12.806474
225.0,5,12.820286
225.0,7,12.837192
25.0,3,12.844904
75.0,4,12.854652
-375.0,10,12.879822
-25.0,5,12.892256
-75.0,1,12.895056
-75.0,1,12.897675
-25.0,2,12.902651
-75.0,1,12.905317
-25.0,2,12.911255
75.0,1,12.914122
-75.0,1,12.916954
-25.0,2,13.210868
125.0,5,13.224345
25.0,3,13.233734
625.0,12,13.262834
-25.0,2,13.268379
75.0,3,13.276369
575.0,14,13.31721
525.0,12,13.346494
800.0,13,13.377128
25.0,3,13.38464
275.0,6,13.399011
25.0,3,13.406333
1075.0,14,13.440811
375.0,10,13.465308
25.0,3,13.472747
-1175.0,12,13.500134
375.0,10,13.524188
125.0,5,13.535657
-75.0,1,13.538744
750.0,15,13.576313
250.0,20,13.628737
625.0,15,13.667102
175.0,4,13.6779
-75.0,1,13.681258
875.0,15,13.720876
675.0,16,13.758212
-75.0,1,13.760963
-1025.0,18,13.80505
425.0,11,13.830048
-875.0,15,13.862546
175.0,6,13.879387
875.0,13,13.913794
125.0,5,13.926441
-25.0,2,13.931494
275.0,5,13.943242
-225.0,10,13.966043
175.0,6,13.981188
-1825.0,20,14.028735
-125.0,1,14.031653
300.0,21,14.088151
-325.0,5,14.100666
-75.0,1,14.103368
25.0,3,14.111243
-75.0,1,14.114274
175.0,6,14.128901
175.0,4,14.138623
275.0,8,14.15762
-75.0,1,14.160376
325.0,9,14.182858
-625.0,11,14.210757
75.0,4,14.221407
-925.0,14,14.257828
225.0,7,14.276122
125.0,5,14.288783
425.0,11,14.319044
-625.0,14,14.358426
-25.0,5,14.372244
25.0,3,14.382494
-475.0,11,14.413753
1000.0,20,14.471195
-25.0,2,14.476901
-25.0,2,14.48296
-75.0,1,14.486152
575.0,8,14.507504
-250.0,19,14.895028
850.0,17,14.944483
475.0,12,14.97588
-150.0,24,15.038635
75.0,4,15.049352
700.0,17,15.092783
425.0,11,15.121064
-425.0,6,15.136583
275.0,8,15.157027
75.0,1,15.159749
75.0,4,15.170417
475.0,13,15.204233
-25.0,2,15.209574
-75.0,1,15.213184
-125.0,3,15.221897
-75.0,1,15.224862
125.0,5,15.237962
425.0,11,15.26725
-1000.0,19,15.317207
175.0,4,15.32763
75.0,4,15.338176
-25.0,2,15.343578
275.0,5,15.356618
625.0,15,15.395971
-25.0,2,15.401583
1175.0,16,15.447949
-1625.0,18,15.495379
75.0,4,15.506455
-25.0,2,15.512308
-125.0,3,15.520325
125.0,5,15.533382
125.0,5,15.547299
-75.0,1,15.550402
525.0,11,15.57968
-25.0,2,15.585144
225.0,7,15.60389
575.0,8,15.623578
25.0,3,15.63164
500.0,16,15.674172
75.0,1,15.676959
275.0,5,15.689482
725.0,17,15.73516
175.0,6,15.751059
-775.0,11,15.779475
-25.0,2,15.784648
175.0,5,15.797718
-25.0,2,15.80279
375.0,16,15.842518
325.0,9,15.86373
125.0,5,15.875736
75.0,4,15.885113
25.0,3,15.892398
25.0,3,15.899827
-75.0,1,15.902673
225.0,6,15.91827
475.0,18,15.966523
-225.0,7,15.987092
-75.0,1,15.990328
75.0,7,16.008864
425.0,11,16.036588
-75.0,1,16.039601
475.0,11,16.067769
25.0,3,16.075947
-25.0,2,16.081584
325.0,9,16.104986
-2075.0,27,16.172462
-25.0,2,16.177984
-1125.0,13,16.646289
375.0,10,16.671698
125.0,5,16.684605
-75.0,1,16.687434
325.0,9,16.710847
175.0,6,16.726118
425.0,11,16.753124
525.0,11,16.780356
275.0,6,16.795815
-775.0,17,16.839553
175.0,6,16.855459
125.0,5,16.868635
-25.0,2,16.874139
150.0,12,16.904568
-1175.0,24,16.970555
375.0,10,16.996852
175.0,6,17.012277
425.0,11,17.040142
75.0,4,17.050672
175.0,6,17.065682
-400.0,22,17.121475
475.0,12,17.151839
-1425.0,16,17.190385
25.0,3,17.198327
-25.0,2,17.204724
1175.0,26,17.2721
1500.0,18,17.318288
125.0,5,17.331557
750.0,21,17.385889
-1525.0,17,17.431176
75.0,4,17.443085
-2125.0,26,17.518578
75.0,4,17.530107
525.0,13,17.564764
125.0,5,17.581829
1050.0,21,17.637007
-25.0,2,17.64245
850.0,17,17.684851
225.0,7,17.70465
-425.0,6,17.722082
-375.0,13,17.758823
-75.0,1,17.762074
-25.0,2,17.767694
-75.0,1,17.770553
-325.0,8,17.792039
-75.0,1,17.794904
175.0,6,17.810301
25.0,3,17.817858
1025.0,23,17.877353
-75.0,1,17.880299
525.0,13,17.916435
275.0,8,17.938169
25.0,3,17.94685
175.0,6,17.963581
-125.0,3,17.971848
75.0,4,17.982646
1000.0,20,18.351319
275.0,8,18.370959
75.0,3,18.378779
1200.0,27,18.451454
375.0,6,18.466764
25.0,3,18.4745
225.0,4,18.484554
425.0,14,18.518918
175.0,6,18.534005
375.0,6,18.549063
325.0,12,18.578925
75.0,3,18.586776
25.0,3,18.594818
75.0,1,18.597626
-675.0,7,18.61504
750.0,15,18.653389
-25.0,2,18.658932
75.0,10,18.683787
-25.0,2,18.688955
-725.0,9,18.711114
625.0,15,18.748835
-25.0,2,18.754197
275.0,17,18.796757
-1000.0,25,18.862779
625.0,15,18.900235
75.0,4,18.910622
600.0,12,18.940115
625.0,15,18.980562
625.0,12,19.010366
1200.0,18,19.054722
-125.0,1,19.057439
75.0,4,19.068003
275.0,8,19.087335
325.0,21,19.139977
-25.0,2,19.145528
75.0,24,19.203806
525.0,10,19.230627
1075.0,24,19.291367
75.0,4,19.301434
-75.0,1,19.304131
-350.0,17,19.348925
325.0,12,19.381043
-25.0,2,19.38693
1375.0,20,19.44002
175.0,4,19.453072
-1225.0,14,19.492717
125.0,5,19.506193
675.0,16,19.547487
775.0,18,19.594271
375.0,10,19.62096
375.0,10,19.979137
125.0,5,19.992992
-25.0,2,19.998623
-25.0,2,20.004092
175.0,6,20.019462
-425.0,6,20.034775
175.0,6,20.049621
-725.0,9,20.071009
-25.0,2,20.07622
600.0,12,20.107019
-825.0,10,20.131894
75.0,4,20.142254
125.0,5,20.154099
75.0,3,20.161901
475.0,12,20.191479
575.0,8,20.211928
-275.0,9,20.235323
475.0,14,20.27145
-25.0,2,20.276973
475.0,7,20.294438
-25.0,2,20.29946
675.0,16,20.340756
575.0,20,20.391452
-275.0,6,20.406455
-700.0,16,20.451189
375.0,19,20.498536
-925.0,11,20.52608
625.0,15,20.562795
75.0,4,20.572025
400.0,14,20.607066
75.0,4,20.617613
175.0,6,20.633584
75.0,1,20.636503
-425.0,6,20.651538
25.0,3,20.659027
-2125.0,23,20.714526
750.0,15,20.749924
1350.0,27,20.820207
775.0,10,20.845631
800.0,16,20.886355
625.0,15,20.923018
175.0,6,20.938119
75.0,1,20.940728
-1000.0,25,21.003393
25.0,3,21.011893
-625.0,20,21.063379
650.0,13,21.096681
-75.0,1,21.100084
425.0,14,21.136844
325.0,9,21.159966
1425.0,31,21.240293
125.0,5,21.253759
575.0,14,21.627412
175.0,6,21.643175
75.0,4,21.653671
-525.0,7,21.67116
25.0,3,21.679053
700.0,23,21.738305
725.0,23,21.800204
-25.0,2,21.805766
125.0,5,21.819614
-725.0,12,21.849429
-375.0,4,21.860117
625.0,15,21.898081
275.0,8,21.920043
375.0,8,21.941971
75.0,4,21.95225
-475.0,17,21.994874
175.0,6,22.010499
25.0,3,22.018511
-525.0,7,22.037611
425.0,11,22.064968
1250.0,31,22.142618
1500.0,19,22.187596
-75.0,1,22.190228
525.0,22,22.249806
-75.0,1,22.252707
450.0,18,22.312668
25.0,3,22.321594
25.0,3,22.329645
825.0,13,22.363336
325.0,6,22.37908
25.0,3,22.388533
-75.0,1,22.39155
1350.0,27,22.482069
1125.0,13,22.522036
25.0,3,22.531876
425.0,11,22.56285
1375.0,23,22.623802
-25.0,2,22.629588
375.0,10,22.6564
-1375.0,20,22.71115
275.0,8,22.733474
375.0,10,22.760975
125.0,5,22.774458
375.0,10,22.801615
1200.0,20,22.856174
525.0,13,22.891123
75.0,1,22.894377
25.0,3,22.902653
-275.0,9,22.927353
1250.0,17,22.972679
75.0,4,22.983239
475.0,12,23.329045
1350.0,20,23.380958
675.0,16,23.423882
-1275.0,13,23.461397
-200.0,26,23.53057
950.0,17,23.575233
700.0,14,23.609302
-825.0,10,23.635427
650.0,13,23.672035
75.0,4,23.682539
275.0,8,23.703924
675.0,13,23.738266
575.0,20,23.790201
-175.0,8,23.811208
-1675.0,23,23.870531
1100.0,22,23.926186
200.0,25,23.985965
225.0,7,24.003302
-75.0,1,24.006367
325.0,9,24.028818
225.0,7,24.047364
375.0,6,24.063454
125.0,5,24.076246
225.0,7,24.093851
850.0,17,24.137461
1800.0,48,24.263989
1900.0,38,24.365933
150.0,12,24.399618
1050.0,20,24.457422
600.0,15,24.498823
225.0,4,24.509732
75.0,1,24.5129
425.0,11,24.543005
-25.0,2,24.548763
-325.0,23,24.609423
1600.0,19,24.974343
1075.0,20,25.022492
-125.0,3,25.029568
950.0,17,25.073364
675.0,9,25.097765
25.0,3,25.106073
1450.0,18,25.155398
-75.0,1,25.158354
-300.0,17,25.20325
550.0,20,25.255962
700.0,17,25.300086
75.0,4,25.311221
425.0,17,25.352665
25.0,3,25.360737
1125.0,25,25.427055
200.0,25,25.49302
1950.0,39,25.593956
-525.0,10,25.619139
725.0,17,25.663154
1400.0,28,25.729858
-25.0,2,25.735327
800.0,22,25.787313
675.0,10,25.812061
-75.0,1,25.814986
225.0,7,25.832046
325.0,9,25.853361
950.0,19,25.899431
975.0,18,25.942776
375.0,10,25.967371
75.0,4,25.977842
975.0,22,26.032465
1750.0,23,26.090631
-75.0,1,26.093882
950.0,19,26.143686
-25.0,2,26.148969
-125.0,15,26.18566
75.0,4,26.195505
475.0,12,26.226719
375.0,13,26.257197
275.0,8,26.681499
1000.0,20,26.744125
25.0,3,26.751985
-125.0,3,26.759944
875.0,20,26.81251
550.0,29,26.883897
175.0,6,26.898928
75.0,4,26.909246
1450.0,29,26.979178
175.0,6,26.994183
125.0,5,27.00699
625.0,15,27.045571
-175.0,11,27.073614
675.0,10,27.09962
25.0,3,27.108213
475.0,12,27.140191
750.0,15,27.179132
425.0,11,27.208071
225.0,16,27.249603
-825.0,10,27.274192
-2425.0,26,27.340445
-525.0,7,27.357945
950.0,19,27.405336
825.0,19,27.459654
-175.0,8,27.481324
500.0,16,27.5281
175.0,6,27.544516
850.0,17,27.591335
25.0,3,27.599486
1125.0,25,27.662242
75.0,4,27.672836
-325.0,5,27.68614
475.0,10,27.712623
-1325.0,18,27.761775
975.0,22,27.820704
225.0,7,27.839999
475.0,9,27.864597
1025.0,26,27.934384
750.0,21,27.987506
125.0,5,28.002008
-475.0,11,28.362977
925.0,17,28.408526
425.0,11,28.442605
650.0,13,28.480946
125.0,5,28.494361
-25.0,2,28.500089
75.0,4,28.510544
975.0,22,28.568067
325.0,9,28.591095
725.0,17,28.633373
-975.0,25,28.700121
775.0,18,28.744072
75.0,1,28.747139
550.0,17,28.787935
1000.0,23,28.844243
675.0,13,28.876252
-225.0,7,28.892679
-75.0,1,28.895269
125.0,5,28.909095
1475.0,26,28.975228
125.0,5,28.98815
1025.0,23,29.043752
275.0,8,29.06484
275.0,5,29.077643
675.0,16,29.116651
-675.0,19,29.165671
950.0,16,29.208073
-200.0,20,29.258684
900.0,18,29.307435
1150.0,29,29.389201
-75.0,1,29.392543
325.0,9,29.418995
675.0,9,29.448248
1025.0,23,29.510135
2500.0,26,29.578661
75.0,7,29.597112
975.0,12,29.626869
-25.0,2,29.632301
625.0,18,29.677849
1550.0,19,30.041531
1050.0,21,30.095679
350.0,25,30.159542
125.0,5,30.173339
-75.0,1,30.176274
1150.0,23,30.237542
225.0,6,30.252666
475.0,9,30.276633
1000.0,20,30.326662
800.0,15,30.364339
-225.0,4,30.375537
950.0,17,30.420322
0.0,18,30.469958
800.0,16,30.50913
1200.0,24,30.566059
-1250.0,20,30.615122
1325.0,20,30.663545
925.0,11,30.691859
25.0,3,30.698987
975.0,15,30.734725
450.0,12,30.762777
1350.0,27,30.827363
1125.0,25,30.888226
-350.0,17,30.929559
-425.0,15,30.968463
-375.0,5,30.983101
-925.0,17,31.025302
850.0,17,31.066497
225.0,7,31.083608
475.0,12,31.113389
550.0,20,31.162575
525.0,13,31.196902
825.0,19,31.246794
225.0,7,31.263531
550.0,17,31.640547
125.0,5,31.653506
-650.0,17,31.693933
-125.0,1,31.696579
550.0,17,31.743039
900.0,18,31.785366
75.0,1,31.787942
800.0,16,31.826739
75.0,4,31.836836
275.0,17,31.878612
-1925.0,21,31.929668
450.0,24,31.990159
-250.0,31,32.064175
-325.0,5,32.07638
25.0,3,32.084327
175.0,16,32.123308
950.0,19,32.168958
475.0,12,32.200272
800.0,15,32.240793
425.0,9,32.262524
950.0,19,32.312509
-2750.0,38,32.406994
-875.0,18,32.458403
775.0,18,32.506468
-650.0,23,32.57143
350.0,16,32.616151
75.0,10,32.642779
425.0,7,32.661381
25.0,6,32.676875
-25.0,2,32.682438
-700.0,25,32.747406
1850.0,43,32.857819
-50.0,33,32.940926
775.0,10,33.277223
300.0,21,33.332588
850.0,17,33.373638
525.0,16,33.416182
-3275.0,36,33.511128
-775.0,11,33.538101
400.0,14,33.572541
225.0,7,33.589299
500.0,13,33.622308
950.0,19,33.671399
625.0,15,33.707164
875.0,20,33.757686
-25.0,2,33.763184
-525.0,7,33.780582
975.0,22,33.833547
725.0,20,33.883371
975.0,22,33.941281
650.0,13,33.976702
1400.0,28,34.047347
-625.0,8,34.067712
1025.0,21,34.122564
1400.0,25,34.186966
475.0,15,34.236337
425.0,11,34.267288
-450.0,21,34.32626
775.0,18,34.374934
225.0,7,34.394563
375.0,10,34.422874
125.0,5,34.437193
150.0,39,34.542838
525.0,13,34.574562
775.0,18,34.940285
325.0,9,34.964043
650.0,28,35.03281
625.0,15,35.069821
-1650.0,33,35.15393
125.0,5,35.167203
-75.0,7,35.18715
225.0,7,35.20617
1300.0,15,35.245599
750.0,18,35.292243
1200.0,24,35.353355
350.0,16,35.395149
700.0,23,35.457315
-1275.0,13,35.491338
-125.0,1,35.494242
-25.0,2,35.499647
750.0,21,35.554102
-600.0,21,35.607553
475.0,12,35.638408
800.0,19,35.688171
-25.0,2,35.693556
900.0,18,35.740536
1250.0,25,35.805933
-950.0,20,35.858731
475.0,12,35.890815
175.0,4,35.90206
75.0,4,35.912958
-125.0,3,35.921329
575.0,14,35.95785
225.0,16,35.999736
600.0,12,36.030995
1500.0,39,36.132748
1450.0,26,36.201799
1200.0,24,36.59212
775.0,16,36.634277
275.0,8,36.654952
575.0,8,36.676602
-825.0,10,36.711053
425.0,11,36.739129
175.0,6,36.755226
-825.0,10,36.781031
1000.0,20,36.831973
-625.0,8,36.85283
-925.0,20,36.905245
-800.0,23,36.967444
550.0,17,37.01265
475.0,10,37.038978
-1050.0,21,37.096329
-250.0,31,37.179187
-825.0,10,37.206192
-325.0,5,37.220196
975.0,22,37.280139
475.0,15,37.319997
600.0,12,37.353194
375.0,10,37.380593
75.0,4,37.39207
25.0,3,37.400491
175.0,6,37.417694
-25.0,2,37.424422
25.0,3,37.433424
-125.0,1,37.436774
1300.0,26,37.513666
200.0,19,37.603426
-925.0,11,37.632442
-275.0,9,37.656339
-25.0,2,37.661765
1075.0,24,37.723231
25.0,15,37.760529
375.0,13,37.793886
900.0,18,37.838213
1400.0,28,37.908141
1300.0,26,37.972852
-825.0,13,38.336841
-75.0,1,38.339983
-750.0,24,38.403819
1000.0,20,38.460609
1500.0,19,38.511008
675.0,16,38.5518
1000.0,20,38.603108
-600.0,18,38.647759
1750.0,21,38.699026
525.0,13,38.7325
900.0,18,38.777041
1325.0,29,38.847522
900.0,18,38.891303
50.0,19,38.94101
475.0,12,38.978844
1075.0,27,39.054269
-2325.0,25,39.127297
-950.0,20,39.179163
425.0,11,39.208761
225.0,10,39.236833
-675.0,13,39.272197
700.0,24,39.339137
425.0,11,39.366309
1050.0,21,39.420187
-25.0,2,39.426418
-975.0,19,39.482327
575.0,14,39.517202
1300.0,16,39.558776
275.0,8,39.57986
700.0,20,39.629662
-725.0,9,39.653209
2225.0,31,40.060632
900.0,18,40.10717
1175.0,15,40.145701
525.0,13,40.178229
850.0,17,40.222468
-750.0,24,40.284636
-75.0,1,40.287875
1250.0,25,40.360181
-25.0,2,40.365625
900.0,18,40.409954
1300.0,26,40.482494
-25.0,2,40.487957
1200.0,13,40.522622
-1800.0,24,40.585685
525.0,13,40.619934
125.0,5,40.635656
175.0,6,40.655343
1300.0,26,40.726398
800.0,16,40.769342
-125.0,36,40.867067
1125.0,17,40.908575
-675.0,25,40.976383
-25.0,3,40.984576
1650.0,33,41.065719
-425.0,6,41.081012
425.0,11,41.108205
-900.0,18,41.152145
-25.0,2,41.157504
850.0,17,41.199834
775.0,10,41.22831
700.0,14,41.264077
-775.0,56,41.796706
-325.0,5,41.810085
-125.0,3,41.818565
175.0,6,41.834367
475.0,12,41.863196
1300.0,26,41.929466
125.0,5,41.943063
1600.0,19,41.989736
-1325.0,15,42.028692
-75.0,1,42.031599
850.0,23,42.090545
800.0,15,42.131793
1200.0,24,42.201325
-25.0,11,42.23616
-575.0,9,42.260147
-225.0,28,42.336164
-250.0,17,42.381978
-1225.0,14,42.422146
75.0,1,42.425033
800.0,16,42.466892
-900.0,15,42.50903
525.0,13,42.546462
1325.0,18,42.594773
25.0,3,42.602731
-700.0,25,42.665199
1375.0,23,42.720489
800.0,16,42.762005
675.0,16,42.833345
-75.0,1,42.837163
650.0,13,42.885444
1100.0,22,42.958415
1000.0,23,43.017179
475.0,12,43.0467
975.0,13,43.078166
1300.0,26,43.471961
275.0,8,43.492138
1100.0,22,43.547301
75.0,4,43.558109
1000.0,20,43.607398
-425.0,6,43.622831
975.0,15,43.657884
-750.0,21,43.708156
-650.0,20,43.758598
525.0,13,43.792344
-200.0,35,43.890986
125.0,5,43.904841
325.0,15,43.945968
1150.0,29,44.021245
1400.0,34,44.110847
1150.0,23,44.167667
-1525.0,17,44.21072
1750.0,26,44.27582
1300.0,15,44.313258
-1725.0,19,44.362286
-1100.0,14,44.401038
650.0,22,44.457979
1100.0,15,44.494407
525.0,13,44.526561
-375.0,7,44.54445
850.0,17,44.585123
100.0,23,44.640445
775.0,21,44.692847
900.0,18,44.734732
75.0,4,44.744667
1100.0,22,45.125952
375.0,10,45.152938
1050.0,21,45.205287
-1100.0,23,45.265962
950.0,19,45.316077
350.0,31,45.393862
-25.0,2,45.398997
900.0,18,45.450819
75.0,5,45.464803
375.0,10,45.49107
1750.0,35,45.583528
500.0,19,45.633296
175.0,6,45.649221
225.0,7,45.667893
1000.0,20,45.719726
-700.0,22,45.776502
-275.0,19,45.824822
-1175.0,21,45.881142
1100.0,22,45.939431
-450.0,18,45.984772
575.0,20,46.037035
550.0,17,46.079671
-1000.0,13,46.114165
875.0,20,46.167401
800.0,16,46.206695
1075.0,14,46.244992
1000.0,20,46.298235
1050.0,12,46.333135
1300.0,32,46.42824
900.0,18,46.814291
950.0,19,46.865726
-425.0,6,46.881936
-775.0,32,46.967989
1075.0,15,47.006719
925.0,21,47.068437
-25.0,8,47.088675
700.0,29,47.16509
75.0,1,47.168144
525.0,13,47.202391
475.0,12,47.24208
-850.0,16,47.285716
-25.0,5,47.299453
500.0,19,47.353713
525.0,14,47.393237
675.0,16,47.437105
600.0,12,47.474288
1125.0,25,47.546979
225.0,7,47.569206
650.0,13,47.611842
500.0,19,47.662233
-75.0,1,47.665604
1200.0,18,47.715505
2100.0,31,47.79615
-1000.0,13,47.829523
1000.0,17,47.871684
275.0,8,47.89134
-25.0,2,47.896509
800.0,16,47.939867
125.0,5,47.953691
-775.0,17,47.9973
-275.0,6,48.013665
-475.0,5,48.028308
800.0,21,48.082633
225.0,7,48.099971
900.0,18,48.14806
125.0,5,48.162204
275.0,8,48.51595
75.0,4,48.526852
-650.0,17,48.570922
-1000.0,13,48.605765
425.0,11,48.634885
-425.0,9,48.659703
1200.0,42,48.77145
625.0,12,48.813546
-825.0,10,48.842703
1475.0,32,48.92664
925.0,15,48.965011
1350.0,17,49.008361
325.0,12,49.039988
925.0,21,49.092885
575.0,14,49.126272
1150.0,19,49.175071
1450.0,32,49.255687
625.0,15,49.294942
1750.0,35,49.385548
2050.0,28,49.456649
-1200.0,21,49.513881
-1900.0,28,49.582347
925.0,21,49.635133
675.0,16,49.674074
1250.0,25,49.745851
1250.0,17,49.792958
1150.0,15,49.833323
1000.0,20,50.209071
1800.0,36,50.303031
-3400.0,40,50.408133
775.0,27,50.477645
950.0,19,50.532103
1300.0,16,50.578429
550.0,17,50.633986
-25.0,2,50.639757
1650.0,33,50.73598
425.0,11,50.767024
-1200.0,18,50.816671
-975.0,13,50.852055
1300.0,26,50.923165
375.0,10,50.955046
700.0,23,51.021644
2050.0,39,51.126023
1550.0,31,51.20783
675.0,13,51.244236
950.0,19,51.299168
925.0,21,51.357781
1600.0,32,51.444212
-1500.0,18,51.489735
75.0,3,51.499166
-500.0,23,51.560281
1100.0,22,51.914207
1225.0,27,51.982221
-775.0,26,52.047925
1250.0,25,52.112801
475.0,12,52.146803
725.0,17,52.196147
900.0,18,52.247151
625.0,24,52.316826
1350.0,27,52.388999
225.0,7,52.408319
-25.0,2,52.413924
600.0,24,52.478115
125.0,5,52.491135
325.0,9,52.516169
175.0,6,52.532493
800.0,22,52.595794
900.0,18,52.650375
75.0,4,52.661125
1450.0,32,52.743208
1100.0,22,52.802368
475.0,12,52.83513
800.0,16,52.880742
675.0,16,52.925761
-2200.0,40,53.038989
-2425.0,26,53.10947
75.0,4,53.120678
2350.0,47,53.260534
950.0,19,53.651852
-600.0,18,53.697159
-4300.0,46,53.825469
-1350.0,24,53.889581
-1500.0,18,53.937139
1250.0,25,54.005159
1350.0,27,54.087175
-1100.0,23,54.153934
100.0,35,54.247724
1500.0,19,54.300434
-1000.0,13,54.335696
825.0,19,54.38474
25.0,3,54.393345
-2825.0,30,54.473931
650.0,13,54.507973
125.0,5,54.521315
-2225.0,24,54.585215
650.0,13,54.619699
475.0,12,54.651661
-25.0,17,54.693955
425.0,14,54.736447
1500.0,30,54.831437
1100.0,15,54.874251
0.0,33,54.964591
325.0,9,54.987841
975.0,12,55.020686
650.0,22,55.423053
-4100.0,47,55.549843
2200.0,28,55.6261
1200.0,30,55.706761
125.0,5,55.720413
400.0,20,55.771425
-125.0,1,55.774655
1200.0,24,55.838262
750.0,12,55.871561
225.0,7,55.891499
1500.0,18,55.942338
825.0,19,55.995337
-75.0,1,55.999027
850.0,17,56.043586
550.0,14,56.082792
-600.0,30,56.160409
-325.0,5,56.172236
500.0,22,56.229369
1200.0,20,56.28052
-100.0,28,56.357721
-100.0,20,56.414096
-425.0,12,56.450023
-100.0,22,56.50725
-1425.0,16,56.549168
75.0,1,56.551974
-75.0,1,56.55497
475.0,12,56.586152
-75.0,1,56.589332
1300.0,14,56.626971
1250.0,25,56.691887
-1000.0,16,56.732372
1250.0,25,57.124124
750.0,18,57.170745
750.0,18,57.217349
75.0,4,57.229487
275.0,7,57.2482
1700.0,21,57.303034
550.0,26,57.374067
-475.0,26,57.445771
-1100.0,23,57.510546
2800.0,46,57.63618
225.0,4,57.647707
475.0,21,57.702236
1200.0,24,57.774813
175.0,6,57.791239
950.0,19,57.839661
-2425.0,26,57.909578
500.0,29,57.981843
625.0,15,58.02055
900.0,18,58.065197
125.0,5,58.077366
575.0,14,58.114837
475.0,12,58.146018
-625.0,8,58.167549
700.0,20,58.220863
450.0,15,58.260956
475.0,12,58.295077
800.0,16,58.34151
1000.0,23,58.401891
1250.0,31,58.827921
-625.0,11,58.858632
1100.0,22,58.917648
800.0,16,58.959363
1400.0,28,59.034967
500.0,13,59.069927
1900.0,24,59.147713
-725.0,9,59.17556
175.0,6,59.194745
-75.0,16,59.242469
1100.0,22,59.298135
-1400.0,23,59.35778
1550.0,19,59.405766
1150.0,29,59.479987
-550.0,19,59.531988
1250.0,25,59.602762
1000.0,20,59.660177
600.0,24,59.7287
625.0,18,59.775194
-350.0,23,59.831819
1050.0,30,59.911727
-25.0,2,59.917392
1250.0,37,60.004561
-3000.0,33,60.087192
375.0,7,60.106653
325.0,7,60.125447
125.0,5,60.139225
-100.0,34,60.546393
950.0,16,60.591089
1300.0,16,60.638436
2050.0,28,60.715125
-1000.0,16,60.756429
800.0,22,60.813865
325.0,9,60.838589
-25.0,2,60.844388
425.0,11,60.876729
-1425.0,25,60.944818
550.0,17,60.99553
700.0,14,61.031261
75.0,1,61.034154
1125.0,31,61.11132
1150.0,28,61.183963
-1800.0,24,61.245255
650.0,22,61.30126
600.0,12,61.334701
-900.0,15,61.376638
275.0,8,61.39985
750.0,12,61.434601
1200.0,27,61.50627
-1000.0,13,61.54135
-1175.0,18,61.587703
625.0,15,61.627454
1200.0,14,61.666606
975.0,22,61.72705
1850.0,37,61.819994
-200.0,14,61.856027
800.0,16,62.213929
1300.0,19,62.264207
1200.0,30,62.34369
-25.0,2,62.349509
950.0,19,62.400474
950.0,19,62.449097
600.0,18,62.524522
700.0,20,62.578207
700.0,14,62.614144
800.0,16,62.656283
675.0,16,62.7005
1200.0,24,62.767157
800.0,19,62.817157
-75.0,19,62.86576
1500.0,18,62.915178
-300.0,17,62.959564
625.0,14,62.99433
275.0,8,63.015212
-425.0,27,63.086349
75.0,1,63.089108
-1375.0,14,63.125353
1450.0,32,63.241849
-1200.0,27,63.333698
775.0,10,63.366013
275.0,17,63.410597
-25.0,19,63.461687
-825.0,16,63.502609
-650.0,17,63.54795
575.0,14,63.601442
1150.0,19,64.015982
-475.0,11,64.046458
900.0,18,64.09815
700.0,26,64.177016
1100.0,17,64.231501
500.0,19,64.296595
775.0,18,64.360378
150.0,24,64.451534
1000.0,20,64.520784
550.0,17,64.576393
-25.0,2,64.584028
-1350.0,24,64.661266
1350.0,27,64.744894
900.0,18,64.802596
75.0,4,64.816464
1600.0,32,64.906281
-1000.0,19,64.958045
725.0,14,64.994326
2200.0,44,65.12132
-1025.0,15,65.167242
925.0,21,65.236646
425.0,6,65.255015
600.0,21,65.324803
-525.0,22,65.390128
500.0,19,65.447313
-200.0,26,65.528456
-75.0,1,65.532282
1100.0,22,66.056671
1200.0,22,66.115935
-950.0,23,66.178983
1000.0,20,66.241853
1050.0,21,66.32225
850.0,19,66.389108
800.0,21,66.502653
1900.0,24,66.597816
1450.0,25,66.684939
-400.0,22,66.759418
775.0,21,66.830174
525.0,13,66.877971
75.0,4,66.893889
900.0,18,66.952837
-1350.0,18,67.018554
475.0,18,67.099942
-75.0,1,67.103269
700.0,14,67.147267
900.0,18,67.204541
950.0,16,67.256424
750.0,21,67.318087
325.0,9,67.343988
-25.0,2,67.349581
450.0,15,67.388715
1050.0,30,67.466298
-200.0,20,67.531438
700.0,17,67.585515
1025.0,23,67.650498
975.0,28,67.724826
-1300.0,16,68.128677
1450.0,29,68.21573
1450.0,32,68.321857
400.0,20,68.397864
900.0,27,68.502381
500.0,19,68.567743
800.0,16,68.621459
675.0,16,68.677223
-650.0,20,68.740332
1050.0,21,68.808381
1000.0,20,68.883993
1450.0,18,68.936981
-100.0,20,69.017579
125.0,5,69.035692
1600.0,19,69.098585
1000.0,20,69.160992
-600.0,21,69.235848
-1100.0,47,69.395284
1200.0,19,69.458225
-550.0,19,69.518207
600.0,15,69.569745
-2200.0,40,69.704691
1100.0,22,69.78225
750.0,24,70.320831
-375.0,16,70.401943
800.0,22,70.491948
675.0,16,70.550105
1600.0,18,70.620984
700.0,17,70.688223
-1025.0,12,70.734491
1550.0,31,70.8394
1000.0,20,70.904494
525.0,13,70.947268
275.0,7,70.967358
1200.0,24,71.039572
-850.0,16,71.097417
1525.0,42,71.334646
-2300.0,26,71.424194
675.0,16,71.483005
1000.0,20,71.560476
525.0,13,71.599121
1850.0,43,71.727885
1200.0,24,71.799636
-2525.0,27,71.872588
225.0,7,71.895128
1000.0,20,71.962502
25.0,3,71.972847
1200.0,33,72.080546
700.0,14,72.131033
-1125.0,13,72.580477
800.0,16,72.632933
-25.0,2,72.638865
475.0,12,72.672703
-300.0,17,72.718744
1100.0,22,72.778484
450.0,18,72.828991
-525.0,10,72.85514
-1750.0,49,72.992245
1350.0,17,73.045003
950.0,16,73.088409
1050.0,21,73.146052
375.0,10,73.172013
250.0,26,73.250439
150.0,12,73.286469
1000.0,32,73.386941
2200.0,44,73.507292
900.0,18,73.558254
1200.0,17,73.609829
225.0,7,73.6294
-3400.0,40,73.734533
75.0,4,73.747169
1500.0,39,73.855403
-1000.0,16,73.902242
-100.0,34,74.005023
900.0,30,74.478889
800.0,22,74.549605
875.0,20,74.621999
-200.0,14,74.669574
1050.0,21,74.738813
1600.0,18,74.826886
1200.0,24,74.930831
-1100.0,17,74.992836
650.0,13,75.054188
1800.0,27,75.170561
800.0,16,75.260265
25.0,3,75.276278
950.0,19,75.349171
850.0,19,75.412322
-50.0,33,75.521189
1650.0,33,75.628486
475.0,9,75.653639
-650.0,17,75.703096
1300.0,26,75.77563
1150.0,23,75.842818
1100.0,34,75.941465
900.0,24,76.010201
1300.0,26,76.085986
800.0,16,76.132429
750.0,12,76.166426
1150.0,13,76.587008
750.0,15,76.629223
750.0,27,76.704991
1050.0,21,76.759375
1225.0,27,76.837844
-650.0,35,76.940686
425.0,11,76.975977
175.0,6,76.995552
550.0,17,77.054443
850.0,17,77.104376
-25.0,2,77.110728
-75.0,1,77.114082
1400.0,34,77.211449
950.0,19,77.283677
1000.0,29,77.367329
375.0,10,77.395665
-750.0,24,77.46549
125.0,17,77.517667
1150.0,29,77.616991
775.0,18,77.667504
1350.0,20,77.726472
1425.0,18,77.778597
-1525.0,17,77.831805
1650.0,33,77.930838
-1800.0,48,78.075126
1250.0,25,78.522441
-1100.0,23,78.604123
1950.0,42,78.728014
800.0,22,78.789667
-250.0,31,78.873362
2200.0,44,78.993467
525.0,22,79.053638
1250.0,25,79.125905
-75.0,1,79.129255
1050.0,21,79.185393
275.0,8,79.209258
900.0,18,79.264229
625.0,21,79.326583
-1500.0,24,79.3964
-3125.0,33,79.487398
1650.0,42,79.643996
1000.0,17,79.708445
700.0,14,79.748068
600.0,21,79.807904
850.0,26,79.881618
-700.0,16,79.923855
950.0,19,79.975711
700.0,17,80.385345
875.0,20,80.451533
750.0,27,80.528989
825.0,19,80.587938
1000.0,29,80.674684
-850.0,19,80.725254
400.0,23,80.790846
1200.0,30,80.874859
-1850.0,26,80.944219
-1275.0,25,81.019056
1125.0,25,81.104347
-150.0,24,81.177267
1900.0,20,81.235647
2100.0,60,81.412543
50.0,13,81.456492
600.0,18,81.5134
-1100.0,47,81.673797
2200.0,44,81.824868
2050.0,41,82.372572
1100.0,22,82.454876
900.0,24,82.543106
-1500.0,30,82.658153
1850.0,37,82.776476
575.0,19,82.850803
2150.0,33,83.019364
675.0,16,83.074458
-125.0,21,83.130701
1450.0,29,83.20695
900.0,30,83.308313
1300.0,26,83.379955
750.0,21,83.441625
350.0,25,83.509648
1750.0,28,83.593569
1650.0,25,83.671108
2200.0,30,83.767347
1250.0,25,83.847561
-1700.0,35,83.961655
1375.0,18,84.024101
350.0,31,84.542112
100.0,23,84.612619
800.0,16,84.656135
-625.0,17,84.704959
1000.0,20,84.758276
1650.0,19,84.812459
325.0,9,84.839493
950.0,25,84.908451
850.0,17,84.952708
-100.0,25,85.020296
1000.0,23,85.082337
1100.0,36,85.266681
1400.0,23,85.374052
25.0,3,85.390546
850.0,17,85.464223
2650.0,42,85.597248
-150.0,21,85.724651
1350.0,27,85.925185
900.0,18,86.026982
750.0,15,86.096294
1250.0,25,86.185286
-1100.0,47,86.409788
-725.0,12,86.457403
800.0,22,87.01376
1050.0,19,87.092993
225.0,7,87.117281
-425.0,9,87.146463
1200.0,24,87.226465
525.0,13,87.270119
750.0,27,87.364541
1550.0,31,87.551892
-475.0,11,87.623451
750.0,15,87.700298
2050.0,41,87.863976
-1450.0,25,87.973624
750.0,24,88.064665
475.0,12,88.116194
1650.0,33,88.239446
325.0,9,88.269445
950.0,19,88.334934
-1800.0,48,88.494784
425.0,11,88.530997
-100.0,22,88.608107
650.0,29,88.72371
-125.0,3,88.733965
800.0,22,88.815386
225.0,7,88.839023
1100.0,15,88.888402
-450.0,30,89.503203
300.0,15,89.565423
650.0,13,89.617382
1450.0,26,89.71836
1100.0,22,89.802685
1250.0,25,89.887285
175.0,6,89.906627
700.0,14,89.959847
950.0,19,90.032226
1150.0,23,90.120358
600.0,15,90.168615
900.0,18,90.2252
850.0,17,90.28263
900.0,18,90.341441
850.0,17,90.411427
0.0,24,90.500181
475.0,12,90.541557
100.0,29,90.644421
-25.0,2,90.652049
1250.0,31,90.760989
675.0,13,90.804037
1250.0,17,90.860663
250.0,17,90.921351
975.0,14,90.972056
850.0,17,91.031888
-450.0,33,91.154017
-25.0,2,91.161947
1100.0,37,91.2974
2050.0,37,91.935256
100.0,17,92.017568
325.0,9,92.048838
-825.0,10,92.083247
1900.0,38,92.209968
525.0,13,92.254578
950.0,19,92.318461
-850.0,16,92.371945
1200.0,24,92.452652
1350.0,27,92.540652
1000.0,20,92.61121
1000.0,20,92.677269
550.0,31,92.775872
750.0,21,92.841208
750.0,36,92.951497
-600.0,30,93.044619
525.0,13,93.080707
-450.0,18,93.135313
1700.0,23,93.221608
-1925.0,21,93.32608
1100.0,22,93.411479
1100.0,18,93.478012
900.0,16,93.531546
550.0,20,93.600157
525.0,13,94.126334
125.0,5,94.1437
-1200.0,24,94.24128
1050.0,21,94.329345
2050.0,28,94.459264
-2400.0,27,94.551096
1100.0,34,94.661703
1350.0,27,94.771006
1800.0,23,94.855106
800.0,16,94.906798
1950.0,45,95.067959
1150.0,29,95.166259
1000.0,20,95.246343
600.0,15,95.332712
850.0,17,95.397198
1100.0,22,95.507775
525.0,13,95.555849
1000.0,20,95.633595
675.0,16,95.693696
800.0,16,95.757689
750.0,21,95.849269
-125.0,1,95.853305
1825.0,34,95.988504
1650.0,39,96.710794
900.0,30,96.83725
-25.0,2,96.843879
850.0,17,96.92209
1750.0,35,97.045825
-750.0,24,97.128274
650.0,28,97.264437
1650.0,31,97.427251
500.0,29,97.549001
225.0,7,97.576451
-100.0,22,97.662042
-850.0,16,97.709594
900.0,24,97.784093
50.0,19,97.841236
-1600.0,22,97.917531
750.0,15,97.974343
825.0,19,98.035717
450.0,12,98.075223
750.0,17,98.134433
425.0,11,98.179966
-750.0,24,98.265941
-1000.0,19,98.342176
1000.0,20,98.415988
-225.0,15,98.477395
2150.0,30,98.582466
1650.0,21,99.043675
750.0,21,99.113473
2150.0,33,99.202177
1100.0,22,99.26484
-625.0,8,99.287981
700.0,17,99.338037
800.0,22,99.404088
775.0,11,99.43743
700.0,20,99.499311
950.0,19,99.574492
525.0,13,99.624978
-150.0,18,99.691141
-1800.0,48,99.853981
575.0,17,99.96607
1850.0,37,100.201488
2300.0,26,100.334036
850.0,17,100.395183
1000.0,18,100.452443
525.0,25,100.529562
-25.0,2,100.535775
1350.0,24,100.609399
1950.0,42,100.723799
1400.0,17,100.773731
1000.0,20,100.842027
-1000.0,13,101.353323
800.0,16,101.425741
-350.0,17,101.505263
175.0,6,101.52834
700.0,14,101.584905
950.0,19,101.654806
1250.0,25,101.736813
750.0,12,101.77077
2350.0,47,101.903269
1200.0,24,101.967747
-4000.0,46,102.099157
1250.0,25,102.164789
925.0,16,102.211145
1100.0,22,102.273058
1500.0,20,102.322751
1025.0,23,102.390377
250.0,26,102.495888
800.0,22,102.563672
1450.0,29,102.654976
425.0,14,102.700059
1700.0,21,102.773178
1100.0,22,102.837401
700.0,14,102.873651
-550.0,19,102.924799
1000.0,20,103.377249
750.0,15,103.440638
700.0,26,103.532039
1050.0,21,103.600013
-1400.0,23,103.671253
2250.0,43,103.805421
125.0,5,103.821341
-2100.0,30,103.902404
1300.0,26,103.979247
950.0,19,104.032767
500.0,16,104.080123
1850.0,37,104.189153
475.0,12,104.223165
800.0,19,104.277998
1350.0,27,104.363826
1800.0,48,104.495557
-250.0,19,104.550133
450.0,18,104.601177
750.0,21,104.656967
1950.0,39,104.769892
-50.0,29,104.874635
1000.0,26,105.361439
800.0,16,105.408927
700.0,14,105.451653
800.0,16,105.502893
-50.0,29,105.601601
1550.0,31,105.687963
700.0,14,105.726126
-4300.0,46,105.850846
675.0,25,105.922538
-650.0,47,106.054127
-1250.0,20,106.111089
1800.0,36,106.205887
950.0,19,106.256713
-500.0,20,106.309157
-100.0,34,106.410632
-2650.0,31,106.505554
-1500.0,30,106.601577
1450.0,26,106.669323
1425.0,31,106.75612
1350.0,27,107.219254
1000.0,20,107.277286
-2300.0,26,107.347556
350.0,19,107.395523
300.0,18,107.440866
1350.0,17,107.48633
1175.0,14,107.528398
-1200.0,27,107.613904
-250.0,17,107.659724
600.0,15,107.699077
700.0,14,107.735345
-2400.0,33,107.814707
50.0,19,107.862129
-800.0,23,107.92338
1250.0,25,107.990242
900.0,18,108.03749
1425.0,20,108.088559
-25.0,14,108.125838
2300.0,24,108.186016
1400.0,19,108.233594
225.0,7,108.250998
2250.0,43,108.360871
700.0,14,108.395502
1150.0,26,108.467
1050.0,21,108.871899
1700.0,34,108.964269
1100.0,22,109.021776
1200.0,19,109.070396
-1050.0,24,109.14869
125.0,5,109.16241
1500.0,30,109.266125
1800.0,25,109.355975
-150.0,21,109.422517
-4300.0,46,109.546575
-1800.0,48,109.66979
1500.0,17,109.719075
1550.0,19,109.771413
625.0,24,109.836555
900.0,30,109.911795
1650.0,26,109.977651
0.0,24,110.04155
1200.0,24,110.102686
1350.0,27,110.167958
-3000.0,33,110.260227
1600.0,28,110.672947
500.0,19,110.720977
-900.0,15,110.759675
625.0,15,110.800588
1000.0,23,110.863982
1650.0,33,110.94715
2200.0,31,111.02608
-250.0,19,111.073236
-1800.0,39,111.173329
550.0,29,111.247447
175.0,6,111.26302
700.0,14,111.298948
1650.0,33,111.387903
1550.0,31,111.47672
1750.0,35,111.580502
350.0,16,111.629373
975.0,22,111.691498
1300.0,15,111.730187
950.0,25,111.792516
-1925.0,21,111.850704
900.0,18,111.900361
1300.0,26,111.967583
650.0,13,112.365998
2300.0,46,112.508674
750.0,18,112.56614
950.0,17,112.611354
-50.0,29,112.689638
1175.0,26,112.757072
1075.0,22,112.814815
-650.0,20,112.868276
1150.0,23,112.92821
25.0,3,112.93627
950.0,19,112.983639
1050.0,21,113.049781
2300.0,26,113.122092
1250.0,17,113.16618
1350.0,27,113.238941
-4000.0,43,113.35818
1100.0,37,113.463369
-1500.0,18,113.513728
1650.0,33,113.609112
800.0,16,113.652541
-2500.0,28,113.729181
175.0,7,113.747695
1000.0,29,114.16234
750.0,15,114.199728
-525.0,7,114.218438
550.0,31,114.307941
700.0,17,114.355
525.0,13,114.389383
450.0,15,114.4311
-350.0,23,114.490198
700.0,24,114.552394
-1100.0,47,114.67512
1050.0,20,114.728111
375.0,10,114.7574
-1050.0,30,114.831577
-3400.0,40,114.938773
1450.0,25,114.999751
1350.0,27,115.066922
1000.0,20,115.121861
400.0,14,115.156684
-600.0,18,115.20929
-325.0,11,115.24067
1200.0,24,115.332348
1250.0,31,115.470562
1150.0,23,115.532732
1200.0,20,115.913577
525.0,13,115.946404
-75.0,1,115.949624
-300.0,21,116.007847
1750.0,21,116.062698
1850.0,43,116.173507
-2500.0,28,116.245636
-550.0,34,116.330555
2650.0,62,116.500433
1800.0,36,116.59233
1100.0,22,116.648953
-1900.0,28,116.721024
550.0,29,116.793
600.0,18,116.838795
375.0,10,116.86355
1300.0,20,116.913867
175.0,6,116.929223
1250.0,25,116.994629
850.0,17,117.038785
1500.0,30,117.115358
-4100.0,47,117.58154
1650.0,23,117.639884
1550.0,31,117.71629
-100.0,25,117.780902
2450.0,30,117.858534
1150.0,17,117.900373
750.0,15,117.937978
1100.0,22,117.990777
1350.0,19,118.038135
1600.0,19,118.086646
1300.0,19,118.135726
-200.0,14,118.170373
700.0,14,118.203397
0.0,24,118.263405
1050.0,20,118.316807
150.0,15,118.354843
1450.0,16,118.396796
950.0,19,118.447069
-2225.0,24,118.506308
700.0,29,118.575822
1250.0,25,118.644295
600.0,12,118.673308
850.0,20,118.725986
650.0,15,118.763278
850.0,17,118.813207
1900.0,24,119.200574
600.0,12,119.239029
750.0,21,119.305144
450.0,27,119.384481
1100.0,22,119.447383
750.0,21,119.503341
450.0,18,119.54587
-875.0,21,119.601594
750.0,15,119.642716
1150.0,23,119.70193
-50.0,29,119.77475
825.0,18,119.829888
500.0,13,119.867875
850.0,17,119.911342
-1000.0,16,119.952073
1800.0,25,120.019187
275.0,8,120.042005
1100.0,22,120.100971
1100.0,34,120.197571
-1150.0,28,120.273615
1000.0,20,120.329546
-1400.0,20,120.381531
1150.0,29,120.462051
1950.0,39,120.567085
600.0,21,120.964903
1100.0,17,121.008002
150.0,39,121.107536
925.0,13,121.142671
900.0,18,121.188854
-100.0,22,121.244729
1650.0,25,121.308753
825.0,19,121.360805
1200.0,20,121.42596
-200.0,14,121.468809
1100.0,22,121.525016
1900.0,28,121.596642
1525.0,33,121.686823
2200.0,30,121.80177
1350.0,27,121.930169
3000.0,51,122.067415
750.0,18,122.114435
850.0,20,122.169771
2500.0,26,122.254563
2975.0,35,122.354116
1100.0,22,122.418311
-600.0,39,122.897329
-1150.0,22,122.961755
1150.0,17,123.008704
75.0,4,123.019239
950.0,19,123.066563
1000.0,20,123.116441
800.0,16,123.155946
800.0,21,123.214028
1275.0,17,123.261966
400.0,20,123.31802
1150.0,29,123.394999
800.0,16,123.438972
625.0,15,123.49093
-3600.0,39,123.590752
850.0,17,123.638256
1200.0,28,123.712325
75.0,9,123.736381
1150.0,23,123.800051
1000.0,20,123.850748
1250.0,28,123.91841
750.0,21,123.971767
750.0,27,124.041444
-3250.0,37,124.139731
1950.0,39,124.584436
175.0,6,124.60001
-75.0,1,124.60305
-600.0,21,124.658622
900.0,18,124.705052
1150.0,29,124.785642
1450.0,32,124.86729
950.0,19,124.915608
-1100.0,14,124.950836
1350.0,20,125.007063
800.0,21,125.060377
-325.0,5,125.073329
-750.0,18,125.120605
-1700.0,23,125.177147
1450.0,29,125.253573
1775.0,24,125.316147
-600.0,18,125.360468
700.0,20,125.413511
-1000.0,13,125.449711
-3125.0,33,125.538746
1800.0,36,125.630792
-400.0,37,125.727201
850.0,14,125.763659
900.0,45,126.288516
1450.0,29,126.39634
0.0,15,126.442996
500.0,22,126.504308
1400.0,28,126.577969
700.0,14,126.612984
-1100.0,23,126.67096
650.0,19,126.719851
-600.0,18,126.768149
900.0,18,126.813946
800.0,16,126.853603
1350.0,27,126.934378
900.0,18,126.983595
-400.0,22,127.04337
1050.0,15,127.079504
-200.0,26,127.145105
1450.0,29,127.219011
550.0,14,127.256129
850.0,17,127.298139
950.0,19,127.354435
-2650.0,31,127.440573
900.0,18,127.488626
-100.0,34,127.593217
-1175.0,24,127.657089
-25.0,2,127.662825
2250.0,43,128.097672
1100.0,22,128.157626
-2300.0,26,128.223675
-1825.0,20,128.276687
1100.0,22,128.334192
1650.0,33,128.415323
1100.0,23,128.478526
800.0,13,128.512581
1000.0,20,128.568312
1550.0,31,128.660515
800.0,19,128.71716
1150.0,26,128.789599
1150.0,23,128.849531
625.0,15,128.886642
1100.0,22,128.940861
1425.0,31,129.018071
1050.0,24,129.080638
950.0,19,129.130892
750.0,21,129.185044
-1300.0,37,129.292414
1200.0,22,129.357931
-850.0,16,129.722147
1000.0,20,129.775085
25.0,3,129.782783
1600.0,35,129.87058
950.0,19,129.918099
1200.0,20,129.966724
650.0,13,129.998851
1550.0,31,130.084478
900.0,18,130.136405
1200.0,48,130.262746
2300.0,46,130.39424
-1425.0,19,130.447108
600.0,21,130.502957
1300.0,20,130.555747
350.0,22,130.616154
1300.0,14,130.653019
1150.0,13,130.687335
800.0,25,130.753995
350.0,13,130.789683
-1100.0,17,130.836219
300.0,21,130.894286
0.0,18,130.954115
600.0,12,130.992526
1350.0,33,131.437304
1000.0,23,131.501117
-1900.0,28,131.57245
1000.0,20,131.626776
1400.0,25,131.689145
-1200.0,21,131.743552
950.0,22,131.800602
1750.0,23,131.858615
1000.0,20,131.905231
-2800.0,31,131.97982
1500.0,19,132.028549
-700.0,25,132.091508
1600.0,19,132.138678
2775.0,31,132.213383
1450.0,29,132.291127
1000.0,29,132.368149
800.0,15,132.416749
-4300.0,46,132.545224
1350.0,20,132.60031
100.0,17,132.645367
100.0,35,132.727048
150.0,30,133.113088
1250.0,25,133.18079
500.0,19,133.238655
-400.0,22,133.320952
-1400.0,17,133.369112
-1700.0,23,133.428707
800.0,15,133.470982
1550.0,24,133.533095
900.0,18,133.577309
-650.0,17,133.628985
975.0,17,133.676586
950.0,19,133.757477
950.0,22,133.84464
950.0,22,133.919168
1050.0,19,133.97932
1100.0,18,134.03482
-1100.0,17,134.082665
1150.0,17,134.128031
850.0,23,134.187032
1450.0,25,134.252337
-50.0,14,134.294367
1000.0,20,134.353701
1350.0,21,134.416552
-4000.0,43,134.553877
1600.0,18,134.939811
850.0,17,134.985867
1450.0,29,135.06195
150.0,30,135.14096
-500.0,23,135.203143
-1100.0,32,135.291221
25.0,3,135.301381
1100.0,36,135.418477
1100.0,22,135.484049
1100.0,22,135.539731
150.0,24,135.598704
700.0,29,135.684696
-200.0,23,135.744449
1100.0,22,135.806287
-925.0,20,135.867689
850.0,23,135.927733
25.0,3,135.936137
-2400.0,33,136.024942
1400.0,21,136.081314
2125.0,45,136.198724
800.0,19,136.248109
750.0,18,136.295741
-1500.0,30,136.758044
1700.0,33,136.840652
1650.0,33,136.923404
1400.0,21,136.977318
75.0,3,136.984823
950.0,19,137.030711
450.0,24,137.09549
675.0,16,137.1356
-650.0,14,137.171823
850.0,17,137.215762
1950.0,39,137.335384
-650.0,26,137.419411
2300.0,24,137.484664
300.0,15,137.535422
500.0,19,137.599195
650.0,13,137.635764
-1800.0,27,137.716013
1050.0,21,137.7727
-1700.0,20,137.830784
1300.0,26,137.9128
700.0,14,137.95175
850.0,17,137.996458
1050.0,21,138.050596
-1800.0,24,138.116675
750.0,15,138.617368
1500.0,30,138.697546
800.0,13,138.735774
1000.0,20,138.790791
1450.0,29,138.866758
-5500.0,64,139.064776
1150.0,17,139.122187
450.0,27,139.195748
-2600.0,29,139.26679
-500.0,17,139.30954
1150.0,23,139.379088
1700.0,22,139.452029
-650.0,17,139.502453
-850.0,16,139.559324
800.0,16,139.604736
900.0,18,139.653677
-1050.0,33,139.746009
700.0,14,139.785219
900.0,30,139.866496
1250.0,28,139.948455
800.0,15,139.989738
2350.0,47,140.469959
250.0,22,140.532686
2150.0,33,140.625235
750.0,15,140.665678
-1650.0,33,140.754145
-1100.0,14,140.790149
950.0,19,140.843538
-2000.0,23,140.90874
800.0,19,140.960802
1600.0,19,141.011705
1350.0,27,141.078814
1100.0,22,141.137512
1300.0,26,141.21046
-700.0,19,141.260001
850.0,17,141.305723
1250.0,25,141.380148
-900.0,57,141.539647
-950.0,23,141.600211
750.0,15,141.639655
800.0,16,141.681484
1050.0,21,141.742163
-75.0,1,141.746029
1000.0,17,141.794929
1550.0,22,142.164321
1300.0,18,142.20835
1300.0,26,142.278587
-875.0,33,142.37301
300.0,15,142.415601
750.0,17,142.472676
675.0,16,142.519171
550.0,29,142.639227
600.0,12,142.690979
350.0,16,142.755867
325.0,9,142.78265
2700.0,39,142.885641
1100.0,22,142.943497
1550.0,19,142.994828
-1100.0,23,143.055942
-1200.0,18,143.107154
3150.0,63,143.271718
1050.0,21,143.32851
450.0,18,143.376175
375.0,16,143.416749
1300.0,26,143.482082
500.0,19,143.529542
1250.0,34,143.950018
1000.0,20,144.001695
-400.0,22,144.058458
950.0,19,144.104821
550.0,20,144.154433
1250.0,14,144.186677
1100.0,22,144.236965
1400.0,28,144.310967
-525.0,16,144.350927
-50.0,53,144.488434
-100.0,22,144.557104
0.0,24,144.624167
950.0,19,144.674049
-1000.0,13,144.709072
950.0,19,144.758768
1000.0,20,144.81241
950.0,22,144.873237
1150.0,28,144.963693
1000.0,32,145.047826
550.0,14,145.083683
2350.0,36,145.168653
950.0,22,145.220159
1550.0,34,145.610976
1400.0,23,145.669243
1600.0,32,145.743677
950.0,19,145.789883
-450.0,33,145.872754
1000.0,20,145.922194
-1650.0,42,146.022159
1250.0,25,146.085298
1850.0,43,146.195857
1550.0,31,146.277188
-350.0,23,146.343592
700.0,17,146.390094
1750.0,21,146.449497
125.0,5,146.463572
950.0,19,146.512304
1950.0,45,146.627609
3100.0,34,146.710781
-700.0,25,146.772329
-1050.0,24,146.831584
950.0,28,147.21085
125.0,5,147.22357
-2800.0,31,147.302794
950.0,16,147.344776
650.0,13,147.38036
-1000.0,19,147.429115
1150.0,23,147.490682
950.0,19,147.543448
-50.0,17,147.590139
1900.0,20,147.641161
550.0,14,147.677904
775.0,18,147.724232
-400.0,37,147.818418
1750.0,24,147.882281
1300.0,15,147.920766
-1000.0,16,147.960484
1200.0,20,148.011248
1000.0,20,148.058005
1150.0,19,148.103818
-25.0,2,148.109309
700.0,20,148.167195
800.0,15,148.208584
225.0,16,148.250552
1050.0,21,148.316876
1550.0,24,148.388299
550.0,29,148.462191
-1650.0,42,148.902777
475.0,12,148.932728
750.0,21,148.982526
-100.0,28,149.049088
-700.0,34,149.130428
1350.0,20,149.178565
2400.0,27,149.242175
1300.0,26,149.312314
-400.0,37,149.419031
1150.0,23,149.480844
2200.0,44,149.597572
1250.0,14,149.637109
-350.0,26,149.706126
800.0,15,149.746872
-1200.0,18,149.794389
1150.0,28,149.862276
1000.0,32,149.949669
-1000.0,16,149.99014
850.0,17,150.037936
1650.0,33,150.133552
1150.0,23,150.195704
650.0,13,150.572195
1050.0,21,150.636231
-1300.0,16,150.676675
500.0,22,150.733418
900.0,18,150.776957
850.0,17,150.816072
1750.0,23,150.871433
700.0,20,150.923071
900.0,18,150.970228
1550.0,29,151.082772
900.0,18,151.145964
-1800.0,21,151.213321
-700.0,22,151.269107
2300.0,24,151.331335
-1000.0,16,151.373622
750.0,27,151.448553
1150.0,23,151.504761
1800.0,36,151.59176
-325.0,5,151.604512
900.0,18,151.649893
-750.0,18,151.694464
1650.0,33,151.78577
1900.0,30,151.864543
325.0,9,151.889803
2300.0,46,152.33354
-2300.0,26,152.398092
450.0,21,152.454664
600.0,42,152.562658
1650.0,22,152.627223
900.0,18,152.674233
-1050.0,24,152.740873
1200.0,24,152.810863
650.0,13,152.849518
850.0,17,152.900864
800.0,15,152.94528
1100.0,22,153.012181
1200.0,18,153.06083
1350.0,19,153.10877
800.0,22,153.162591
550.0,17,153.210344
-1100.0,32,153.295127
800.0,16,153.343892
1650.0,25,153.418412
950.0,25,153.486219
500.0,25,153.553371
850.0,23,153.622001
100.0,23,154.076267
1850.0,37,154.178593
800.0,22,154.234372
900.0,18,154.27654
-1350.0,18,154.332433
-1925.0,21,154.415541
650.0,13,154.45602
2050.0,36,154.563768
1900.0,24,154.636071
1850.0,82,154.862413
850.0,17,154.939765
1150.0,23,155.029279
1150.0,23,155.102249
-1100.0,23,155.165205
-1100.0,20,155.219249
800.0,25,155.287172
-75.0,1,155.290296
650.0,13,155.333501
800.0,16,155.380147
1050.0,19,155.432734
-150.0,21,155.487392
-1850.0,26,155.555986
1900.0,20,155.912057
-700.0,34,156.005834
1050.0,30,156.0841
-100.0,28,156.154023
950.0,19,156.202066
-1050.0,18,156.250167
25.0,3,156.258212
-350.0,17,156.303188
-1350.0,30,156.382024
-75.0,1,156.38504
3100.0,34,156.47566
-525.0,7,156.493053
1450.0,41,156.593951
1350.0,27,156.6605
850.0,17,156.700428
-1800.0,48,156.821566
1050.0,21,156.875018
-1000.0,25,156.937656
1200.0,24,157.005501
575.0,14,157.052311
1050.0,21,157.114842
-3250.0,37,157.208874
0.0,15,157.565756
450.0,12,157.596727
950.0,19,157.647065
350.0,16,157.688375
950.0,19,157.737629
600.0,42,157.85019
350.0,25,157.923165
1800.0,36,158.031219
1650.0,23,158.097646
-1350.0,30,158.217249
1150.0,29,158.294563
150.0,30,158.374943
900.0,30,158.458109
1750.0,23,158.516806
950.0,19,158.566293
800.0,16,158.608149
175.0,4,158.618941
-1425.0,16,158.65956
1800.0,25,158.72436
1650.0,33,158.806604
1000.0,20,158.856287
1550.0,31,158.935767
575.0,11,159.260277
-600.0,18,159.304711
1250.0,25,159.370511
1100.0,22,159.427382
700.0,14,159.464505
1000.0,23,159.523757
1000.0,18,159.57047
400.0,20,159.62251
1400.0,34,159.712689
700.0,14,159.752866
1000.0,26,159.820246
900.0,21,159.881412
1600.0,32,159.978623
-500.0,23,160.040514
-550.0,34,160.135961
-200.0,20,160.190215
950.0,19,160.241484
700.0,14,160.281162
-1525.0,23,160.35112
1600.0,27,160.437049
1350.0,23,160.528806
-1675.0,23,160.6162
1150.0,19,160.676247
-1825.0,20,161.078793
1500.0,30,161.161191
1300.0,26,161.230383
-100.0,25,161.300869
1150.0,17,161.349852
-450.0,33,161.443606
-950.0,23,161.504291
-600.0,18,161.549884
100.0,23,161.610473
1350.0,21,161.665691
950.0,19,161.714257
950.0,19,161.763358
2300.0,46,161.880536
-500.0,23,161.939827
-50.0,14,161.976119
1050.0,15,162.013627
-1100.0,23,162.075054
1250.0,14,162.11358
-700.0,25,162.182245
1050.0,21,162.233778
900.0,18,162.280363
900.0,18,162.337938
700.0,14,162.384466
-1000.0,16,162.433376
-650.0,47,162.871478
-600.0,18,162.918231
1350.0,27,162.989569
1000.0,20,163.040757
500.0,43,163.154788
-1650.0,42,163.26193
2100.0,60,163.414588
900.0,18,163.463143
900.0,18,163.508653
900.0,18,163.558499
1600.0,35,163.653505
-625.0,20,163.708031
1250.0,25,163.770308
-3100.0,34,163.856237
1325.0,23,163.918067
1275.0,15,163.958092
-1100.0,23,164.021281
2050.0,41,164.4826
750.0,15,164.522231
1000.0,20,164.574962
750.0,15,164.614298
900.0,18,164.664488
1550.0,19,164.713845
1800.0,27,164.78306
375.0,10,164.808628
1800.0,25,164.87093
-1475.0,27,164.936843
2050.0,28,165.008894
100.0,17,165.050492
300.0,42,165.160048
-1250.0,35,165.252067
550.0,26,165.319668
1850.0,37,165.417381
-600.0,30,165.494436
850.0,17,165.537415
1150.0,15,165.573769
1000.0,23,165.647961
1100.0,17,165.694585
-200.0,14,165.731493
800.0,16,165.772855
1350.0,27,166.148891
475.0,12,166.184257
1000.0,20,166.236873
900.0,18,166.284345
300.0,21,166.341214
1500.0,21,166.398772
1350.0,27,166.491762
1150.0,23,166.551553
1500.0,19,166.603721
800.0,16,166.646548
1100.0,22,166.704076
950.0,19,166.752744
1000.0,23,166.809814
-1150.0,22,166.867036
1550.0,31,166.945976
1450.0,18,166.99147
900.0,18,167.038507
1550.0,31,167.11865
1300.0,14,167.151992
900.0,18,167.20126
900.0,18,167.246114
-150.0,21,167.295856
-250.0,16,167.338393
150.0,39,167.435475
950.0,19,167.809029
50.0,19,167.860366
-925.0,14,167.897565
-800.0,23,167.958002
725.0,29,168.0303
1100.0,22,168.112561
900.0,18,168.173149
1250.0,25,168.252377
1300.0,26,168.320349
1200.0,24,168.381838
-700.0,25,168.450982
800.0,16,168.496282
1225.0,19,168.547095
-450.0,24,168.607286
1300.0,19,168.657431
-650.0,20,168.709526
700.0,17,168.75283
900.0,45,168.866248
1850.0,33,168.951237
875.0,21,169.004879
875.0,20,169.05296
1350.0,27,169.121766
1200.0,18,169.508965
-75.0,1,169.511992
1000.0,20,169.563998
-500.0,35,169.666666
2800.0,46,169.794739
1350.0,27,169.865769
-1100.0,32,169.953207
800.0,16,170.000605
700.0,14,170.042753
1800.0,36,170.153604
1850.0,37,170.256777
1750.0,22,170.316222
-600.0,18,170.369169
-600.0,33,170.463042
700.0,14,170.500284
1150.0,23,170.563992
-50.0,26,170.638249
125.0,5,170.65322
950.0,16,170.700691
1550.0,19,170.754046
-1000.0,13,170.791256
1150.0,29,170.871545
750.0,21,170.930487
650.0,13,171.345649
1650.0,42,171.496311
300.0,21,171.571371
600.0,21,171.637658
1400.0,28,171.729755
150.0,39,171.887321
1100.0,22,171.955839
1250.0,24,172.022782
800.0,16,172.067491
-50.0,29,172.149246
2450.0,30,172.231348
400.0,32,172.318001
1600.0,38,172.427497
-1500.0,18,172.481003
1800.0,36,172.575879
1350.0,15,172.618045
1150.0,32,172.712632
950.0,19,172.763527
1650.0,42,172.874178
2250.0,43,173.379005
1450.0,29,173.480073
-1725.0,19,173.53772
1400.0,23,173.594764
950.0,19,173.644731
1350.0,27,173.71452
225.0,7,173.73252
-750.0,24,173.794583
650.0,13,173.827049
-900.0,18,173.872324
800.0,22,173.932631
-350.0,29,174.008748
-2100.0,57,174.170434
900.0,18,174.218159
1050.0,21,174.277629
1500.0,19,174.332245
1500.0,30,174.415034
1250.0,25,174.511612
1250.0,37,174.644641
1250.0,25,174.712176
100.0,53,175.164544
1650.0,33,175.249089
2300.0,46,175.380521
675.0,25,175.455847
-75.0,1,175.459033
600.0,12,175.500432
800.0,28,175.575362
1300.0,14,175.614886
900.0,18,175.663927
1775.0,38,175.765795
950.0,22,175.827887
250.0,20,175.881379
950.0,19,175.943542
1100.0,22,176.022416
1200.0,42,176.178798
1200.0,28,176.245611
75.0,4,176.256124
700.0,14,176.292207
1150.0,22,176.35516
400.0,20,176.410644
1150.0,29,176.493282
1800.0,36,176.915029
1000.0,16,176.962538
1500.0,18,177.009251
-200.0,17,177.053782
1050.0,24,177.115282
1300.0,15,177.153256
950.0,16,177.197188
1100.0,22,177.254436
-900.0,36,177.35635
725.0,17,177.402943
600.0,15,177.449358
800.0,19,177.505973
1500.0,30,177.599029
950.0,19,177.649351
2050.0,30,177.724715
-600.0,18,177.771475
650.0,13,177.803996
-1100.0,14,177.838979
-2900.0,32,177.915989
600.0,21,177.970125
1150.0,23,178.028547
850.0,17,178.075137
1300.0,20,178.12821
850.0,17,178.171679
-1350.0,24,178.598355
650.0,22,178.659457
1450.0,32,178.743877
2000.0,40,178.849587
1000.0,20,178.900889
-150.0,18,178.946381
1400.0,16,178.987018
1300.0,26,179.052498
1200.0,28,179.124494
600.0,15,179.161446
1250.0,34,179.246158
1800.0,48,179.366374
-100.0,22,179.426245
900.0,18,179.472422
950.0,19,179.520113
-900.0,30,179.596225
1150.0,23,179.656995
1350.0,27,179.730247
1000.0,20,179.782986
700.0,20,179.835191
700.0,20,179.884512
1150.0,13,180.224971
950.0,16,180.262876
1200.0,18,180.307533
1000.0,26,180.373386
2050.0,37,180.470814
2000.0,40,180.584691
-200.0,14,180.617901
1450.0,32,180.694857
1250.0,25,180.757508
1000.0,20,180.809098
1550.0,29,180.883517
-1100.0,47,181.000754
1000.0,20,181.04989
1300.0,14,181.086
2150.0,43,181.19628
300.0,15,181.235386
1000.0,20,181.287059
-550.0,31,181.37414
950.0,19,181.432284
700.0,26,181.501904
1150.0,23,181.867086
650.0,19,181.913515
1750.0,26,181.982572
300.0,21,182.033297
1150.0,22,182.08511
-500.0,35,182.1754
1000.0,20,182.223298
1150.0,29,182.295871
-4200.0,48,182.41852
-700.0,19,182.469794
-400.0,37,182.576751
1600.0,19,182.62642
1400.0,19,182.674093
1400.0,28,182.741583
950.0,19,182.79013
-600.0,30,182.8683
325.0,6,182.884145
-1000.0,16,182.925942
-1600.0,19,182.975113
1150.0,18,183.021837
-1500.0,18,183.06775
575.0,14,183.102568
950.0,19,183.151538
950.0,19,183.545129
-1350.0,18,183.591656
850.0,32,183.672152
1150.0,23,183.729096
750.0,15,183.765217
-600.0,18,183.810204
-1000.0,34,183.894296
650.0,13,183.924711
450.0,27,183.99052
800.0,15,184.027537
750.0,27,184.094796
1050.0,21,184.148591
1300.0,19,184.194645
-550.0,31,184.270702
1350.0,27,184.344846
2100.0,60,184.509196
1150.0,23,184.572141
1250.0,31,184.651655
1400.0,28,184.722376
-2400.0,33,185.198805
1650.0,33,185.309005
900.0,18,185.360634
650.0,28,185.437297
1500.0,20,185.501398
1150.0,22,185.630976
650.0,19,185.710615
0.0,24,185.787506
1650.0,22,185.855063
-1000.0,34,185.949588
-5200.0,58,186.10784
1400.0,19,186.181816
1600.0,28,186.267219
750.0,24,186.352269
1000.0,26,186.448956
-450.0,15,186.498212
1250.0,25,186.573185
-1000.0,19,186.629003
1750.0,21,186.688467
-800.0,23,186.754108
950.0,19,186.804922
1650.0,33,187.244748
750.0,15,187.284075
1100.0,22,187.344379
1300.0,15,187.387957
600.0,12,187.425445
600.0,15,187.471873
-750.0,24,187.554622
750.0,15,187.609422
500.0,19,187.664603
-300.0,21,187.726455
1650.0,33,187.82183
-550.0,19,187.875696
1700.0,21,187.93454
1450.0,21,187.996159
1000.0,16,188.04197
1650.0,33,188.146219
375.0,9,188.17548
-350.0,23,188.239444
2050.0,39,188.35261
1450.0,29,188.436694
550.0,47,188.601386
350.0,22,188.674595
950.0,19,188.727878
-950.0,20,189.12756
1300.0,26,189.198485
1700.0,34,189.287296
1450.0,41,189.399377
1500.0,19,189.45131
1050.0,21,189.506997
-1400.0,23,189.568746
150.0,21,189.627623
350.0,16,189.667668
2800.0,46,189.789683
1350.0,27,189.86112
500.0,13,189.895198
-3000.0,36,189.989124
225.0,7,190.007498
-1450.0,22,190.065624
1100.0,22,190.121749
-600.0,21,190.175787
1000.0,18,190.220196
-1800.0,39,190.319145
-300.0,15,190.359055
750.0,17,190.404812
1000.0,20,190.783137
1300.0,16,190.825332
-400.0,22,190.88245
850.0,17,190.928759
950.0,19,190.979324
1150.0,23,191.039753
300.0,15,191.076963
150.0,39,191.178592
-600.0,18,191.223514
600.0,42,191.330205
400.0,17,191.380411
900.0,15,191.427584
500.0,25,191.50071
1350.0,20,191.553838
1000.0,20,191.606553
950.0,16,191.64993
-50.0,29,191.724078
900.0,18,191.769205
1400.0,24,191.830361
500.0,25,191.892684
1350.0,19,191.941043
1350.0,27,192.012467
1000.0,23,192.074755
1000.0,20,192.493046
1450.0,32,192.619708
-1100.0,20,192.678042
600.0,18,192.726174
1400.0,28,192.797961
1000.0,18,192.846681
875.0,17,192.890891
1400.0,18,192.93743
1050.0,21,192.990142
950.0,19,193.038047
700.0,14,193.074861
2000.0,40,193.185422
-1750.0,49,193.318661
1700.0,21,193.375945
1350.0,23,193.435449
1950.0,39,193.536131
1000.0,20,193.59028
950.0,19,193.639942
-350.0,26,193.705927
2050.0,39,193.814487
500.0,19,193.86374
1350.0,27,194.360126
2500.0,53,194.536613
1100.0,22,194.602306
-4300.0,46,194.740693
900.0,18,194.800071
950.0,19,194.860464
1600.0,38,194.976691
-1300.0,37,195.089661
1250.0,25,195.167273
150.0,15,195.215435
750.0,21,195.27847
-1500.0,18,195.342591
2050.0,28,195.440809
225.0,4,195.455248
50.0,25,195.540218
300.0,15,195.585448
-1100.0,14,195.631532
1550.0,22,195.697733
650.0,13,195.735979
900.0,18,195.792551
450.0,18,195.847824
225.0,7,195.87025
1300.0,26,196.309692
750.0,21,196.398632
2800.0,40,196.549424
400.0,20,196.610403
750.0,12,196.648087
-450.0,30,196.741001
1050.0,21,196.805554
2200.0,44,196.943297
500.0,19,197.001513
1500.0,17,197.053024
500.0,19,197.117225
1000.0,29,197.211194
1500.0,30,197.29968
1350.0,27,197.407131
350.0,16,197.49765
1650.0,33,197.615586
750.0,24,197.698857
2800.0,40,197.832525
1400.0,28,197.932354
0.0,15,197.978509
1200.0,24,198.441756
1100.0,15,198.510247
1250.0,17,198.5699
1050.0,21,198.642742
850.0,17,198.708555
-1100.0,47,198.899493
600.0,24,199.012744
-200.0,14,199.069266
-200.0,26,199.186902
1400.0,34,199.316022
1000.0,20,199.393457
2200.0,31,199.506405
750.0,15,199.558358
700.0,14,199.612502
1900.0,24,199.703331
1500.0,30,199.832595
-150.0,30,199.946379
-700.0,25,200.042884
1100.0,22,200.149313
-50.0,33,200.269964
150.0,24,200.374409
500.0,19,200.441945
750.0,15,201.004164
1050.0,21,201.072311
800.0,22,201.139131
-1000.0,22,201.198749
250.0,17,201.244624
2050.0,39,201.379832
1750.0,22,201.480481
800.0,16,201.529495
1250.0,15,201.572844
-600.0,30,201.665216
1000.0,20,201.724453
1400.0,34,201.818554
1000.0,26,201.897375
-50.0,17,201.950459
-125.0,1,201.953853
1350.0,27,202.036179
900.0,18,202.08834
-2400.0,33,202.204254
2250.0,43,202.339689
900.0,24,202.41527
950.0,19,202.46658
950.0,25,202.539221
2000.0,40,203.078351
450.0,18,203.141493
1400.0,28,203.24365
800.0,19,203.303606
250.0,17,203.357772
900.0,18,203.418281
1750.0,26,203.56739
500.0,13,203.648468
1650.0,33,203.870143
1500.0,30,204.074028
1500.0,19,204.195319
-250.0,28,204.28917
-50.0,26,204.375888
500.0,16,204.423427
1000.0,23,204.491343
50.0,19,204.544929
-1100.0,20,204.601365
1500.0,18,204.651656
1850.0,37,204.763459
-1650.0,33,204.861886
1100.0,23,204.933805
-1000.0,13,204.973173
1000.0,20,205.421247
950.0,16,205.468007
-1050.0,36,205.567735
700.0,24,205.638706
-800.0,23,205.714544
-1500.0,18,205.767819
1150.0,23,205.831222
1350.0,20,205.892792
1250.0,25,205.981372
-100.0,25,206.060799
1375.0,36,206.203084
1650.0,26,206.291905
1300.0,14,206.354771
1250.0,31,206.495301
1700.0,23,206.565945
600.0,15,206.609277
-1600.0,22,206.693971
1800.0,23,206.765098
300.0,18,206.830154
900.0,18,206.888179
750.0,15,206.94173
800.0,16,206.995057
-750.0,24,207.083869
150.0,12,207.613325
750.0,21,207.697287
700.0,14,207.734263
2300.0,24,207.80414
1100.0,24,207.87016
1625.0,35,207.964979
850.0,17,208.015096
1200.0,30,208.099135
-600.0,24,208.171882
750.0,18,208.231502
375.0,10,208.257985
1350.0,27,208.337695
1650.0,33,208.439906
750.0,15,208.485807
1950.0,42,208.61539
1200.0,18,208.668778
850.0,26,208.741858
1150.0,23,208.818252
-1600.0,19,208.870388
-1425.0,16,208.916646
950.0,19,208.973672
900.0,18,209.036782
-950.0,20,209.102984
750.0,27,209.588356
-1150.0,34,209.68467
1250.0,37,209.791965
850.0,20,209.846862
-500.0,35,209.947278
1500.0,25,210.027732
1500.0,30,210.118442
-400.0,22,210.184763
600.0,12,210.223279
1000.0,23,210.28747
-700.0,19,210.350499
2050.0,41,210.474414
-150.0,19,210.537258
-200.0,26,210.611896
1150.0,23,210.681197
-2750.0,38,210.797208
500.0,19,210.852456
400.0,17,210.906756
2500.0,53,211.063532
1150.0,13,211.488697
-1000.0,19,211.552022
175.0,6,211.571168
1500.0,19,211.62447
1350.0,24,211.697016
1150.0,23,211.76255
2000.0,43,211.897138
650.0,25,211.987571
2500.0,53,212.190816
1750.0,26,212.277839
75.0,4,212.28979
100.0,53,212.455076
1250.0,25,212.528066
-250.0,31,212.629509
1175.0,15,212.67456
900.0,18,212.721269
-250.0,28,212.799613
1100.0,23,212.878459
-250.0,37,212.993253
2300.0,46,213.49813
150.0,30,213.577238
900.0,18,213.624982
1100.0,22,213.681251
2900.0,46,213.806296
1450.0,18,213.855555
-600.0,21,213.912265
1250.0,17,213.959044
600.0,12,213.995815
-1150.0,34,214.095503
1050.0,30,214.181051
1450.0,32,214.267502
1150.0,23,214.32746
1950.0,30,214.415751
-650.0,23,214.485096
1200.0,24,214.574461
1000.0,17,214.636969
1000.0,19,214.704165
1300.0,14,214.757152
800.0,16,214.813484
950.0,19,214.873113
625.0,12,214.913105
950.0,19,215.012633
-125.0,1,215.016099
-925.0,11,215.431118
1800.0,36,215.544412
1250.0,28,215.626813
600.0,15,215.677665
1000.0,32,215.774428
1250.0,37,215.89281
1000.0,23,215.964688
1000.0,20,216.016894
2000.0,40,216.133904
-1100.0,23,216.203385
750.0,15,216.246542
-1100.0,32,216.334702
-3000.0,36,216.454253
-1050.0,21,216.5216
1250.0,17,216.594156
-1000.0,22,216.703751
-1425.0,16,216.786264
550.0,14,216.855721
1800.0,25,216.951271
1000.0,26,217.039128
1250.0,17,217.115886
-200.0,14,217.564221
-650.0,20,217.635743
1200.0,24,217.70818
2350.0,47,217.85598
850.0,26,217.93863
3150.0,63,218.147606
-650.0,20,218.211992
1300.0,14,218.257679
-275.0,18,218.32759
1200.0,19,218.389403
650.0,13,218.428123
1250.0,28,218.51981
1650.0,39,218.653873
1550.0,31,218.750239
1600.0,28,218.846123
1350.0,16,218.898365
1050.0,30,218.999326
-3400.0,40,219.151171
1050.0,14,219.213576
1600.0,31,219.73439
1000.0,16,219.789741
1050.0,21,219.857316
950.0,19,219.913565
700.0,17,219.965501
2100.0,60,220.155713
-1050.0,21,220.221362
1000.0,20,220.28114
-50.0,33,220.399654
2650.0,37,220.542795
1150.0,23,220.633784
1500.0,18,220.698315
-600.0,39,220.828311
650.0,13,220.874296
1650.0,33,220.983489
750.0,15,221.031792
-900.0,15,221.082635
1650.0,24,221.160489
800.0,16,221.212195
650.0,13,221.257633
-1100.0,14,221.322067
800.0,19,221.407459
-150.0,18,222.021486
800.0,25,222.17112
100.0,17,222.272085
1000.0,20,222.392658
-650.0,20,222.512058
1300.0,26,222.668056
1350.0,36,222.878563
1300.0,26,223.029662
600.0,42,223.279528
-1125.0,13,223.37727
-500.0,23,223.543473
-1300.0,16,223.634226
800.0,16,223.735949
1100.0,28,223.929928
-1100.0,17,224.046328
-1950.0,30,224.237347
150.0,24,224.393064
450.0,24,224.541854
1100.0,17,224.654867
-1750.0,25,224.824968
-250.0,16,224.9301
600.0,12,225.006683
550.0,26,225.164264
2300.0,46,225.993467
950.0,19,226.073338
900.0,18,226.167094
1800.0,25,226.293315
-4200.0,48,226.597705
-1000.0,13,226.642144
1650.0,33,226.770175
-550.0,34,226.898445
900.0,18,226.962286
550.0,20,227.033793
-1350.0,30,227.143778
-2600.0,35,227.27768
1100.0,22,227.383512
1800.0,36,227.520439
2200.0,31,227.628863
600.0,12,227.674854
-1100.0,14,227.729369
-925.0,11,227.801656
1850.0,33,227.983428
900.0,18,228.082583
650.0,19,229.210612
900.0,18,229.340815
1050.0,21,229.503814
1250.0,25,229.735706
900.0,18,229.880992
-175.0,8,229.938996
900.0,18,230.06671
-400.0,16,230.188194
350.0,22,230.356317
1250.0,31,230.62885
-1350.0,39,231.057861
1250.0,25,231.210926
2050.0,41,231.469267
950.0,19,231.58895
650.0,28,231.782206
1500.0,39,232.022493
1175.0,32,232.184425
1900.0,28,232.317316
-650.0,20,232.412506
1200.0,22,232.522193
1000.0,29,233.300107
1150.0,17,233.376396
750.0,15,233.496616
1750.0,22,233.616753
1350.0,15,233.691252
-1900.0,46,233.998129
1650.0,33,234.183665
-700.0,22,234.310107
1000.0,20,234.404202
150.0,30,234.527356
750.0,15,234.590441
650.0,19,234.673745
750.0,15,234.770731
1200.0,24,234.93108
1300.0,32,235.093844
900.0,18,235.179073
-675.0,31,235.33
1600.0,32,235.52536
1050.0,20,235.617769
700.0,14,235.692146
-1150.0,34,235.847201
-625.0,8,235.881298
1050.0,20,235.965728
-1250.0,35,236.821634
800.0,25,236.975939
-850.0,13,237.061749
1500.0,17,237.162291
1150.0,23,237.296017
-400.0,22,237.455405
1550.0,24,237.621539
-25.0,14,237.715597
600.0,21,237.894863
-3100.0,34,238.161295
-1850.0,26,238.304196
650.0,19,238.407952
-400.0,37,238.595737
1250.0,25,238.713423
1100.0,28,238.854692
900.0,18,238.944567
1000.0,32,239.145664
550.0,26,239.315556
250.0,26,239.54952
950.0,16,239.659502
600.0,24,239.804223
1250.0,24,240.700944
-50.0,53,241.081831
-400.0,22,241.225373
2150.0,43,241.574851
450.0,18,241.701939
650.0,15,241.783538
-2400.0,27,241.914833
1000.0,29,242.183147
1450.0,50,242.536893
500.0,13,242.627808
2450.0,30,242.833653
2200.0,23,242.991502
150.0,12,243.076371
1250.0,25,243.250444
1750.0,23,243.414012
2450.0,30,243.664072
950.0,19,243.768683
1000.0,20,243.851351
-125.0,1,243.856022
850.0,17,243.931022
2250.0,43,244.861979
-1600.0,19,244.994209
1050.0,12,245.082441
900.0,30,245.249302
950.0,19,245.354097
400.0,32,245.516224
2300.0,24,245.680292
800.0,22,245.796
400.0,32,245.978701
-1150.0,28,246.136117
950.0,19,246.252132
150.0,24,246.445951
750.0,18,246.598552
-1650.0,21,246.782685
2900.0,46,247.062558
2100.0,48,247.351379
800.0,19,247.447869
-1750.0,25,247.581683
1300.0,20,247.683291
400.0,38,247.854653
2050.0,41,248.889549
600.0,15,249.016227
-700.0,25,249.180733
1100.0,22,249.355598
1000.0,20,249.499424
1100.0,34,249.742552
300.0,15,249.858348
-100.0,25,250.055499
-2950.0,37,250.220802
300.0,42,250.409479
-50.0,33,250.545243
950.0,16,250.606291
475.0,24,250.719947
-300.0,15,250.784132
1400.0,28,250.951217
600.0,21,251.108806
50.0,19,251.25808
-50.0,29,251.495088
1100.0,22,251.785501
1350.0,27,252.050787
350.0,22,253.015487
1050.0,21,253.106968
-1050.0,36,253.250113
800.0,16,253.324574
-100.0,20,253.413929
-900.0,15,253.472959
-400.0,37,253.650326
500.0,25,253.767634
750.0,18,253.883671
900.0,18,253.987582
-1000.0,22,254.116867
550.0,29,254.254282
750.0,12,254.314579
850.0,17,254.401121
1400.0,28,254.61348
1200.0,33,254.858679
950.0,25,255.039697
950.0,22,255.196575
750.0,15,255.330049
-2300.0,26,255.546966
1650.0,22,255.645554
800.0,15,255.787011
1750.0,23,256.758631
1550.0,31,256.910099
900.0,18,257.008301
1450.0,32,257.272741
1250.0,28,257.508747
700.0,14,257.637468
1400.0,28,257.886988
1100.0,34,258.165644
1100.0,36,258.452964
1250.0,25,258.654227
575.0,14,258.764459
1250.0,17,258.898029
1400.0,34,259.208607
-2300.0,26,259.407641
1600.0,38,259.695502
-900.0,36,259.956269
-4300.0,46,260.296255
1950.0,30,260.50485
1450.0,29,261.680989
500.0,22,261.858539
700.0,14,262.028226
950.0,19,262.201251
-2925.0,31,262.448174
1250.0,25,262.64799
400.0,20,262.815583
1650.0,23,262.942785
800.0,25,263.055489
950.0,19,263.150236
950.0,19,263.243888
500.0,13,263.298994
1650.0,23,263.403381
750.0,24,263.552077
850.0,17,263.65932
1225.0,16,263.830902
-425.0,6,263.881691
1100.0,37,264.173955
1250.0,25,264.417604
1000.0,29,264.621102
1850.0,33,264.795012
-1150.0,22,264.932005
1800.0,36,265.141507
-1400.0,20,266.237283
-2100.0,30,266.452109
-1800.0,39,266.721374
-1600.0,19,266.88657
800.0,16,267.062123
1050.0,14,267.153365
800.0,22,267.257351
1000.0,20,267.396793
1500.0,25,267.540586
750.0,15,267.649123
550.0,20,267.806337
50.0,25,267.987779
50.0,19,268.142578
1750.0,35,268.35974
1200.0,20,268.495709
1200.0,42,268.766294
-1100.0,32,268.949877
1050.0,12,269.001151
950.0,16,269.137324
1600.0,31,269.288707
-875.0,15,269.396002
-350.0,29,269.607621
1250.0,25,270.713184
-1800.0,27,270.917779
800.0,19,271.086183
-200.0,26,271.288614
1050.0,21,271.461568
-1350.0,18,271.660981
600.0,24,271.866651
800.0,22,271.999197
1950.0,30,272.162954
850.0,17,272.27949
-1000.0,13,272.384401
-350.0,17,272.502707
1550.0,29,272.669058
-1350.0,39,272.836779
750.0,15,272.895739
1000.0,20,272.988377
800.0,16,273.068479
1000.0,19,273.163938
750.0,27,273.298358
925.0,11,273.361004
2200.0,44,273.652024
-550.0,31,273.87647
1350.0,17,275.052819
1000.0,20,275.20533
1200.0,33,275.446671
1300.0,26,275.633272
1500.0,17,275.803758
750.0,24,276.084417
1050.0,21,276.230754
750.0,18,276.313327
650.0,13,276.382748
1100.0,37,276.574136
2050.0,28,276.701741
-1000.0,34,276.877169
3000.0,51,277.202898
700.0,17,277.310835
1350.0,19,277.457226
900.0,18,277.609128
900.0,18,277.776959
1800.0,36,278.043339
1300.0,19,278.168457
250.0,17,278.302806
-150.0,19,278.44997
1000.0,20,279.360358
1250.0,17,279.499947
800.0,22,279.6439
1200.0,24,279.800413
700.0,23,279.947206
900.0,18,280.058795
1050.0,21,280.199954
800.0,16,280.271479
-100.0,22,280.393099
650.0,19,280.51335
1700.0,22,280.631425
1250.0,24,280.752303
1100.0,28,280.933678
950.0,19,281.037004
300.0,15,281.104183
1300.0,26,281.215636
450.0,18,281.305508
800.0,16,281.38011
1600.0,32,281.538303
-150.0,19,281.621488
400.0,32,281.790452
1100.0,22,281.988111
-350.0,17,282.092145
1200.0,24,282.297053
1450.0,29,283.808372
500.0,13,283.953884
900.0,18,284.169111
600.0,12,284.31651
1900.0,24,284.541138
1650.0,23,284.706027
-350.0,23,284.852242
-1400.0,17,284.965934
850.0,17,285.13901
1350.0,27,285.344982
950.0,16,285.460744
-1100.0,20,285.597688
800.0,15,285.708997
150.0,24,285.83913
1750.0,21,285.951077
1650.0,42,286.156105
1150.0,29,286.303872
1100.0,22,286.40343
150.0,24,286.524775
1000.0,20,286.622342
1200.0,20,286.716002
1100.0,22,286.797275
850.0,17,286.874454
1100.0,28,286.977906
-50.0,33,287.831073
975.0,22,287.969252
400.0,17,288.034379
650.0,29,288.180023
-700.0,19,288.263789
1100.0,22,288.346386
1000.0,26,288.460626
150.0,30,288.5914
1050.0,21,288.706004
650.0,13,288.77057
-2100.0,30,289.026841
-825.0,10,289.079401
-1800.0,24,289.183923
1450.0,29,289.325682
-400.0,25,289.439033
1400.0,28,289.590642
1250.0,25,289.705016
800.0,22,289.797868
1100.0,22,289.892098
-1350.0,39,290.052532
1300.0,35,290.926156
1550.0,31,291.131561
800.0,16,291.24386
-600.0,33,291.471639
1650.0,25,291.628523
625.0,15,291.726311
-1950.0,30,291.924389
1750.0,35,292.152524
400.0,38,292.384093
750.0,12,292.455992
-900.0,30,292.599486
975.0,25,292.714815
1000.0,20,292.865077
1600.0,35,293.082759
1800.0,36,293.253322
1650.0,27,293.354399
-700.0,19,293.435936
900.0,18,293.506067
1300.0,21,293.594701
1350.0,27,293.726393
925.0,27,294.558716
3000.0,51,295.024459
-1400.0,23,295.213185
1650.0,33,295.447135
-50.0,26,295.626366
3650.0,48,295.975703
1100.0,22,296.255672
1250.0,26,296.41248
1250.0,25,296.565383
2000.0,43,296.745619
1500.0,39,296.945393
1200.0,24,297.066751
700.0,17,297.158137
2450.0,55,297.431216
-700.0,22,297.544714
-700.0,34,297.714249
1250.0,31,298.628085
-600.0,21,298.785397
1250.0,25,298.978363
-1200.0,18,299.098083
1650.0,23,299.237008
1050.0,21,299.363715
500.0,13,299.412044
-1000.0,34,299.535643
1000.0,23,299.647199
450.0,18,299.7577
1150.0,23,299.921794
750.0,15,300.023956
150.0,21,300.189554
950.0,19,300.335104
1900.0,20,300.511119
2200.0,30,300.813297
-2100.0,57,301.270058
1000.0,29,301.447371
-1500.0,21,301.534037
-4200.0,48,301.853501
1450.0,29,302.9607
600.0,42,303.332014
1150.0,23,303.536419
1000.0,17,303.680966
950.0,19,303.848473
-250.0,19,304.008054
800.0,16,304.166948
-600.0,18,304.291648
600.0,24,304.393108
275.0,8,304.422417
800.0,22,304.53858
-150.0,30,304.713929
1000.0,20,304.781104
1650.0,19,304.857842
800.0,16,304.927128
-600.0,30,305.0462
750.0,17,305.110292
1350.0,19,305.182796
1675.0,22,305.260091
-1300.0,16,305.318611
350.0,13,305.361664
1150.0,23,305.440251
850.0,17,305.50318
100.0,35,305.62777
700.0,23,306.341216
550.0,47,306.694592
-25.0,2,306.70661
1250.0,25,306.865154
-650.0,47,307.115654
1000.0,20,307.200105
1000.0,20,307.29551
2050.0,28,307.44397
1000.0,29,307.644609
150.0,12,307.72589
-100.0,34,307.97364
-600.0,18,308.089256
500.0,16,308.161748
-1100.0,23,308.284873
1150.0,28,308.440385
650.0,13,308.517428
1000.0,19,308.636748
1000.0,20,308.75597
-700.0,19,308.875874
-1800.0,27,309.031313
1150.0,23,309.178778
2050.0,28,309.351258
1650.0,33,310.211953
750.0,21,310.309398
700.0,29,310.420927
1300.0,20,310.494001
-875.0,24,310.578436
-500.0,17,310.633271
1050.0,21,310.700561
1400.0,25,310.785038
1300.0,22,310.871165
3100.0,34,310.988094
-1150.0,28,311.105873
1000.0,23,311.230825
850.0,17,311.286474
1100.0,23,311.41921
1050.0,21,311.535625
-450.0,21,311.660523
550.0,47,311.954895
650.0,13,312.05586
2050.0,30,312.205466
700.0,17,312.267445
-150.0,25,312.348939
-1200.0,18,313.165289
400.0,32,313.2772
450.0,12,313.317468
1500.0,19,313.395163
1150.0,15,313.457654
1600.0,38,313.59534
750.0,18,313.688003
-1350.0,39,313.896822
1600.0,19,313.980321
-350.0,17,314.043823
650.0,16,314.113247
1000.0,23,314.207489
300.0,15,314.258998
700.0,14,314.303148
-1050.0,21,314.369683
500.0,22,314.444892
-75.0,1,314.450488
1100.0,22,314.537067
1100.0,22,314.626827
-3600.0,39,314.770498
1150.0,19,314.847157
1150.0,44,315.008547
800.0,16,315.061122
1300.0,14,315.939043
-1000.0,46,316.171285
800.0,22,316.3058
550.0,26,316.438208
1100.0,28,316.582646
250.0,17,316.668582
650.0,19,316.754367
-1500.0,18,316.837574
750.0,15,316.904594
-750.0,18,317.016992
1350.0,27,317.197842
1000.0,20,317.277611
3000.0,51,317.522589
1000.0,19,317.623133
-4200.0,48,317.852875
-1900.0,46,318.08135
700.0,14,318.147681
-1350.0,18,318.223811
500.0,13,318.272724
1050.0,21,318.370994
-900.0,12,318.435378
1950.0,39,319.112935
1350.0,27,319.227694
1350.0,27,319.35131
2450.0,30,319.484825
1750.0,28,319.593113
-150.0,24,319.690673
1250.0,28,319.815404
1150.0,23,319.912425
850.0,17,319.985202
1600.0,35,320.126148
600.0,12,320.162414
1750.0,23,320.235687
400.0,30,320.346782
2000.0,43,320.531774
1500.0,26,320.650334
-1100.0,23,320.764143
1350.0,27,320.897366
-450.0,15,320.987379
150.0,30,321.176942
1000.0,20,321.934014
850.0,26,322.068791
400.0,17,322.162324
600.0,12,322.215566
1650.0,33,322.333163
-100.0,34,322.447498
150.0,33,322.560349
1600.0,32,322.729432
1650.0,22,322.849341
750.0,15,322.916388
1750.0,26,323.057328
525.0,13,323.115803
950.0,19,323.226766
-550.0,31,323.392114
-1000.0,16,323.449281
1650.0,26,323.534676
-100.0,28,323.632658
1300.0,32,323.732792
2050.0,28,323.833012
1200.0,24,323.912071
650.0,13,323.957045
1100.0,15,324.005434
450.0,18,324.804709
1050.0,19,324.937082
1000.0,32,325.088741
900.0,18,325.169194
700.0,20,325.286005
500.0,22,325.385212
1300.0,21,325.450761
1600.0,41,325.611727
-1525.0,17,325.69556
450.0,18,325.785152
950.0,19,325.873115
1550.0,22,325.965956
1700.0,33,326.113273
1300.0,26,326.225788
-1600.0,22,326.319532
1250.0,37,326.463029
550.0,17,326.532191
750.0,36,326.686472
1050.0,21,326.764576
1000.0,18,326.839666
-500.0,35,327.031847
950.0,19,327.713546
1800.0,25,327.852626
1750.0,26,327.964752
900.0,18,328.053685
-1800.0,27,328.193972
650.0,28,328.366291
-650.0,47,328.593671
-4000.0,46,328.812753
750.0,15,328.896418
1300.0,26,329.033443
1250.0,14,329.127355
1350.0,16,329.232357
1100.0,17,329.352387
1400.0,18,329.441172
1550.0,22,329.580662
800.0,13,329.673723
1000.0,20,329.84499
1650.0,33,330.102554
-550.0,19,330.226335
1550.0,31,330.448598
1600.0,35,330.708656
-650.0,47,331.817844
1950.0,42,331.958536
-700.0,19,332.023338
900.0,18,332.09903
750.0,24,332.312069
50.0,19,332.400737
1650.0,33,332.603077
1350.0,27,332.722448
1200.0,33,332.857347
1000.0,20,332.955539
1550.0,22,333.068206
2100.0,31,333.27933
1300.0,14,333.343633
-1750.0,25,333.522955
650.0,13,333.61678
-850.0,16,333.730474
1150.0,23,333.899699
550.0,17,333.999172
1650.0,25,334.098313
-1350.0,21,334.206052
800.0,16,334.274063
1050.0,21,335.170525
600.0,24,335.34617
1200.0,24,335.528425
250.0,26,335.690759
-500.0,17,335.79558
700.0,29,335.976619
550.0,47,336.265303
900.0,27,336.398222
1650.0,33,336.549528
1000.0,20,336.639468
100.0,53,336.861093
-1500.0,18,336.941339
1250.0,26,337.056906
1150.0,26,337.15877
-1050.0,21,337.251762
0.0,24,337.358356
900.0,18,337.439114
1650.0,21,337.530865
1600.0,26,337.647484
1300.0,18,337.72709
-1000.0,25,338.708129
1650.0,27,338.860592
-2300.0,26,338.968693
1000.0,18,339.048259
1150.0,19,339.129138
1750.0,23,339.24183
850.0,17,339.317788
1050.0,21,339.433487
-1100.0,14,339.524204
850.0,17,339.639355
1000.0,20,339.791608
-500.0,23,339.936352
600.0,21,340.057667
1600.0,41,340.31387
1350.0,27,340.486408
1650.0,33,340.608596
400.0,20,340.693333
-650.0,14,340.775028
-3000.0,33,340.902652
750.0,15,341.023083
-650.0,20,341.125292
-1200.0,24,341.300509
-200.0,20,341.438886
-250.0,16,342.380196
1300.0,26,342.533686
900.0,18,342.608559
-1100.0,47,342.79132
-1600.0,22,342.867656
800.0,22,342.953624
1650.0,22,343.063882
1300.0,29,343.214589
-4300.0,46,343.401978
1100.0,22,343.500556
0.0,15,343.59343
-1400.0,17,343.71702
2200.0,44,343.936717
-4200.0,48,344.210253
950.0,19,344.288985
1650.0,33,344.447477
1350.0,33,344.658498
1350.0,24,344.754769
750.0,21,345.630446
-750.0,24,345.748739
950.0,19,345.843728
550.0,29,345.995353
-400.0,22,346.142268
1450.0,29,346.342432
800.0,16,346.483666
1650.0,33,346.702613
950.0,19,346.816594
950.0,19,346.938849
1400.0,21,347.084609
1250.0,25,347.244926
800.0,22,347.356587
-150.0,66,347.614393
1100.0,28,347.776394
-125.0,1,347.783765
650.0,15,347.881379
-1100.0,32,348.148005
1600.0,26,348.348657
1000.0,20,348.521446
900.0,18,348.630989
400.0,30,349.733081
-850.0,16,349.812929
-1000.0,22,349.92223
-50.0,29,350.072288
550.0,17,350.154448
750.0,18,350.25344
1400.0,25,350.374459
1600.0,26,350.509015
100.0,35,350.720242
175.0,6,350.749733
-1050.0,24,350.877173
25.0,3,350.898941
-375.0,13,350.976125
1650.0,33,351.202193
950.0,19,351.348582
900.0,30,351.684399
-1000.0,19,351.833004
750.0,21,352.019699
475.0,10,352.056299
1500.0,21,352.125551
175.0,6,352.147096
1000.0,20,352.217298
-650.0,20,352.283866
600.0,24,352.426535
1250.0,25,352.614738
800.0,19,352.711803
2150.0,30,353.852776
-1200.0,21,353.987949
1450.0,29,354.141719
1300.0,22,354.279462
-1950.0,30,354.449625
1300.0,16,354.549141
1650.0,33,355.028688
-1800.0,27,355.23594
1900.0,28,355.390246
150.0,24,355.508526
650.0,13,355.55658
200.0,31,355.65918
1250.0,14,355.706675
900.0,15,355.758856
1150.0,29,355.872845
850.0,23,355.96626
-700.0,19,356.036544
2200.0,31,356.135471
750.0,21,356.20084
1350.0,27,356.295849
2100.0,60,356.966156
1300.0,29,357.05977
800.0,16,357.111324
1150.0,23,357.184469
1450.0,29,357.277999
850.0,17,357.331362
-100.0,22,357.400881
500.0,29,357.509549
-650.0,26,357.608068
900.0,18,357.672381
1100.0,25,357.756489
900.0,45,357.906959
1500.0,19,357.969113
1550.0,19,358.034039
0.0,33,358.143704
1500.0,25,358.227685
850.0,17,358.281365
1000.0,18,358.339412
1900.0,20,358.404598
950.0,28,358.501361
-4000.0,46,359.069438
1950.0,45,359.219485
800.0,16,359.271407
950.0,16,359.321059
250.0,20,359.382331
-4300.0,46,359.567003
900.0,18,359.655424
-625.0,8,359.695769
1000.0,20,359.775813
1000.0,20,359.847978
800.0,22,359.920221
1550.0,22,359.992988
350.0,16,360.043588
2350.0,31,360.146944
-50.0,29,360.241281
1200.0,16,360.29155
1150.0,29,360.38579
700.0,23,360.460124
2050.0,28,360.555536
1650.0,26,360.636554
400.0,23,360.710788
-4200.0,48,361.376822
-125.0,3,361.397003
-200.0,26,361.486447
-2100.0,57,361.688744
950.0,19,361.749781
1175.0,26,361.83706
-1800.0,27,361.925535
1000.0,29,362.016511
2500.0,26,362.099055
1150.0,18,362.155091
600.0,12,362.192742
750.0,18,362.249637
-1500.0,21,362.320168
750.0,12,362.359431
1150.0,23,362.43833
1700.0,34,362.552067
1650.0,42,362.699464
-550.0,19,362.761777
1300.0,14,362.816202
1000.0,20,362.88544
800.0,16,362.939072
1450.0,25,363.419775
1450.0,18,363.483474
-525.0,10,363.5157
-450.0,24,363.591215
-350.0,29,363.679596
900.0,18,363.737653
1000.0,23,363.814435
-850.0,16,363.867716
1500.0,21,363.938243
1550.0,31,364.038202
1000.0,26,364.115356
1350.0,23,364.206154
750.0,15,364.270608
1000.0,20,364.365345
0.0,33,364.503418
-50.0,29,364.613099
900.0,18,364.70005
800.0,16,364.762996
50.0,43,364.966992
1350.0,33,365.110827
900.0,16,365.190864
-2300.0,26,365.298429
1250.0,17,365.36089
700.0,14,366.283165
1000.0,26,366.42248
700.0,14,366.494096
1100.0,22,366.639636
1150.0,17,366.739967
-1000.0,13,366.797952
1050.0,19,366.892561
950.0,16,367.007391
-1100.0,23,367.102439
1650.0,20,367.172591
1050.0,19,367.225746
950.0,19,367.286026
850.0,17,367.345603
1650.0,33,367.452927
1800.0,48,367.5848
650.0,19,367.634139
1450.0,29,367.708079
1450.0,26,367.779125
-2650.0,31,367.861146
1350.0,24,367.922315
700.0,14,367.970026
850.0,23,368.036155
-2300.0,26,368.117868
1600.0,18,368.619275
1200.0,27,368.701488
1150.0,26,368.781247
1250.0,25,368.847511
1650.0,33,368.94652
1400.0,28,369.036903
-2600.0,35,369.12905
1950.0,42,369.236467
975.0,14,369.276739
1350.0,27,369.346562
400.0,14,369.385933
800.0,16,369.434308
650.0,13,369.470843
1300.0,14,369.512429
350.0,22,369.579199
950.0,19,369.636048
1450.0,21,369.694138
1250.0,26,369.772226
700.0,14,369.810156
850.0,20,369.868642
700.0,14,369.907361
1350.0,21,369.966792
1350.0,27,370.471544
1000.0,20,370.534191
825.0,19,370.59359
-550.0,16,370.640038
750.0,15,370.681014
250.0,17,370.727318
1450.0,29,370.803784
-1750.0,25,370.870111
600.0,15,370.91526
1450.0,21,370.980472
3150.0,63,371.20772
-1350.0,30,371.323105
-750.0,24,371.39234
950.0,19,371.44504
-450.0,33,371.546631
400.0,17,371.642342
-1750.0,49,371.904208
-250.0,19,372.00828
1000.0,18,372.076808
750.0,15,372.129064
75.0,4,372.144671
-4300.0,46,373.181029
1000.0,23,373.264446
1100.0,22,373.363445
2400.0,27,373.455496
625.0,21,373.524004
200.0,34,373.662305
1250.0,25,373.750633
1800.0,27,373.86544
-2750.0,38,374.004198
925.0,21,374.090569
1000.0,20,374.176552
1600.0,19,374.261528
1000.0,20,374.318301
1000.0,29,374.402142
-1425.0,19,374.455532
1350.0,27,374.527603
500.0,16,374.573217
-550.0,19,374.624807
1000.0,23,374.690801
-600.0,39,374.803545
800.0,16,374.856899
750.0,18,374.912497
-1100.0,23,375.352679
400.0,32,375.443113
1450.0,29,375.524963
1950.0,45,375.64869
300.0,15,375.691145
1100.0,24,375.761141
1500.0,19,375.814471
800.0,13,375.85414
1400.0,28,375.930975
250.0,50,376.075154
400.0,23,376.144217
-650.0,20,376.196419
950.0,19,376.253847
1950.0,30,376.348385
100.0,35,376.448926
2200.0,30,376.534379
-100.0,28,376.608535
1150.0,23,376.670172
-25.0,2,376.675804
-400.0,22,376.734082
1000.0,20,377.15768
1200.0,24,377.228121
1500.0,25,377.298026
-100.0,34,377.397107
-550.0,34,377.496869
800.0,16,377.538837
1650.0,24,377.613112
1250.0,25,377.687227
1250.0,25,377.757309
1100.0,22,377.826469
350.0,13,377.869481
300.0,15,377.916404
750.0,15,377.990242
950.0,19,378.05584
1200.0,33,378.161624
700.0,23,378.230378
400.0,38,378.345971
1500.0,30,378.43126
1400.0,22,378.50093
-850.0,16,378.543471
450.0,24,378.615672
225.0,7,378.64344
-600.0,21,379.33886
1450.0,29,379.538066
350.0,16,379.623945
-1500.0,18,379.695877
750.0,15,379.756561
1900.0,24,379.862356
1000.0,29,380.008993
3800.0,49,380.279707
1250.0,25,380.388582
2000.0,43,380.548762
1100.0,22,380.628397
-550.0,19,380.707143
100.0,29,380.814351
-4000.0,46,381.034377
400.0,20,381.106848
950.0,22,381.213828
550.0,17,381.274752
1300.0,16,381.358644
500.0,19,381.468584
900.0,21,381.569223
1300.0,20,381.65147
800.0,19,382.208259
950.0,19,382.2758
-500.0,23,382.368028
1300.0,18,382.431378
-750.0,24,382.509353
-150.0,27,382.609009
1000.0,26,382.694104
1250.0,25,382.779877
1900.0,24,382.866612
1350.0,27,382.977509
850.0,17,383.046492
2000.0,40,383.210657
1400.0,17,383.315306
1150.0,23,383.464148
1150.0,29,383.634537
950.0,19,383.728314
-450.0,33,383.848268
400.0,38,384.009724
600.0,15,384.068389
900.0,18,384.124344
800.0,22,384.195164
1000.0,29,384.783405
-400.0,22,384.846598
1200.0,20,384.901157
900.0,18,384.955491
950.0,19,385.017799
850.0,17,385.070519
-150.0,19,385.123979
1150.0,23,385.196611
1050.0,15,385.246289
1400.0,28,385.355789
1450.0,29,385.457228
-100.0,20,385.541826
600.0,12,385.582658
800.0,16,385.636252
-1000.0,46,385.805901
1800.0,25,385.888298
1400.0,24,385.979573
1200.0,19,386.045378
550.0,17,386.102625
1100.0,22,386.175425
900.0,24,386.266013
-1500.0,18,386.326088
-250.0,31,386.433236
950.0,16,386.936849
1650.0,20,386.999548
-2100.0,60,387.15935
1000.0,20,387.213762
1800.0,25,387.283008
-1600.0,22,387.341888
-2100.0,60,387.517185
-1100.0,14,387.557291
-1600.0,19,387.624955
-2600.0,32,387.726986
850.0,17,387.781456
1500.0,25,387.90015
600.0,18,387.980026
-200.0,20,388.076159
450.0,15,388.125155
-1000.0,16,388.180062
1100.0,22,388.248125
1300.0,26,388.327239
950.0,16,388.376587
1300.0,16,388.428638
-150.0,18,388.485423
-1000.0,13,388.530635
1600.0,35,388.963511
1300.0,26,389.034396
950.0,19,389.083608
1300.0,26,389.151548
-1000.0,13,389.186495
1150.0,23,389.254515
-1050.0,21,389.321365
1025.0,23,389.389536
-1000.0,46,389.538225
1000.0,20,389.595276
750.0,15,389.638735
900.0,18,389.68765
1400.0,34,389.78156
-500.0,26,389.849877
-1100.0,32,389.936249
850.0,26,390.020192
350.0,22,390.082023
1550.0,31,390.171854
1450.0,32,390.269663
1100.0,22,390.331094
800.0,22,390.831442
1300.0,18,390.883401
800.0,16,390.934335
2100.0,60,391.153472
-1000.0,16,391.218798
1450.0,29,391.296844
1800.0,25,391.372892
1850.0,82,391.610692
-100.0,34,391.712429
2000.0,40,391.827299
850.0,17,391.887024
900.0,18,391.94304
1400.0,22,392.010196
1250.0,28,392.105638
1000.0,20,392.170658
1000.0,20,392.255671
800.0,28,392.360388
-50.0,17,392.421479
1150.0,23,392.987894
900.0,18,393.055189
1150.0,23,393.129736
950.0,19,393.191082
1300.0,35,393.311968
-1750.0,49,393.473291
600.0,18,393.532706
-1600.0,19,393.597224
2000.0,40,393.723741
1000.0,20,393.786708
250.0,50,393.965179
1100.0,22,394.045053
1650.0,25,394.153052
-1000.0,22,394.230243
-400.0,22,394.321581
2700.0,39,394.547262
900.0,18,394.61158
650.0,15,394.662609
700.0,14,394.710135
-625.0,11,394.741194
1000.0,23,394.813182
1650.0,21,395.285933
1000.0,20,395.340384
1300.0,15,395.389185
1200.0,42,395.51388
750.0,24,395.577022
250.0,17,395.625425
1150.0,23,395.692108
1200.0,28,395.775718
400.0,20,395.83237
-750.0,24,395.899698
1250.0,37,396.002425
600.0,12,396.036594
700.0,20,396.089953
1450.0,18,396.137221
1350.0,27,396.211332
750.0,15,396.251809
1200.0,30,396.332526
-600.0,30,396.424793
1100.0,22,396.485215
950.0,19,396.538519
-100.0,28,396.615058
900.0,18,396.665127
750.0,15,397.103929
100.0,23,397.169742
-4100.0,47,397.301989
550.0,31,397.383426
650.0,13,397.422872
-850.0,16,397.468187
900.0,18,397.519267
600.0,21,397.581774
-1900.0,46,397.705034
2200.0,28,397.781874
800.0,16,397.822898
1450.0,32,397.918946
100.0,53,398.094902
1400.0,23,398.158558
1300.0,15,398.205626
1650.0,22,398.270739
600.0,21,398.327996
550.0,17,398.380243
650.0,13,398.421015
700.0,17,398.470691
-4300.0,46,398.995551
1100.0,22,399.060517
-950.0,23,399.123268
-25.0,20,399.179341
1350.0,27,399.255202
1000.0,20,399.310494
1650.0,31,399.397799
1250.0,28,399.476105
450.0,15,399.519696
175.0,6,399.536922
1000.0,20,399.597743
950.0,17,399.649976
900.0,18,399.709803
-4100.0,47,399.840617
900.0,27,399.91133
1250.0,28,399.994292
700.0,26,400.066108
1150.0,23,400.138645
3100.0,34,400.250987
900.0,18,400.303979
1900.0,24,400.372181
1000.0,20,400.429273
-600.0,24,400.935036
1600.0,19,400.995845
1300.0,21,401.055244
1400.0,28,401.143644
-3000.0,36,401.272447
450.0,27,401.364761
-50.0,26,401.472197
-200.0,35,401.626539
650.0,16,401.697838
900.0,18,401.7827
800.0,16,401.861301
-4000.0,46,402.088375
700.0,20,402.162268
1350.0,27,402.260143
1200.0,20,402.334682
1300.0,26,402.437682
-150.0,39,402.59752
-50.0,41,402.736001
100.0,23,402.822582
1350.0,27,403.411256
1000.0,20,403.47738
375.0,10,403.512929
1350.0,27,403.601318
800.0,19,403.678085
800.0,16,403.72909
-700.0,25,403.804475
2300.0,24,403.877946
1150.0,23,403.948453
1100.0,22,404.020179
750.0,21,404.087287
1650.0,22,404.154414
1350.0,36,404.265309
1650.0,21,404.334267
-250.0,16,404.392823
-650.0,35,404.514451
975.0,19,404.578014
1000.0,17,404.632404
1100.0,22,404.702434
300.0,15,404.754645
950.0,17,404.810707
-200.0,14,404.865174
1000.0,20,404.933349
1550.0,34,405.616164
1550.0,31,405.728625
700.0,26,405.809904
1050.0,21,405.878412
-350.0,26,405.960133
1500.0,30,406.063399
900.0,18,406.123949
-100.0,22,406.201594
950.0,19,406.265459
1250.0,25,406.356653
950.0,16,406.422323
2000.0,43,406.637494
875.0,20,406.723083
900.0,18,406.793887
1800.0,31,406.942118
1300.0,26,407.059752
900.0,24,407.149377
950.0,19,407.219344
-1100.0,14,407.26655
750.0,24,407.350875
1800.0,36,407.474106
400.0,20,407.54429
1300.0,32,408.094176
-700.0,19,408.167048
-2400.0,27,408.256995
850.0,26,408.351873
1100.0,28,408.446521
1800.0,23,408.534809
-2600.0,32,408.651175
700.0,17,408.725376
1450.0,41,408.880216
-550.0,16,408.938314
750.0,27,409.052877
-1500.0,21,409.133093
2000.0,40,409.27689
1200.0,17,409.337889
750.0,18,409.451417
1400.0,16,409.514153
2450.0,30,409.625919
1650.0,33,409.745693
800.0,16,409.808501
1150.0,18,409.885556
1050.0,21,410.465171
600.0,21,410.564198
1150.0,23,410.676189
800.0,25,410.761045
850.0,17,410.816553
300.0,21,410.894374
800.0,19,410.969902
950.0,19,411.044687
1100.0,22,411.125746
750.0,21,411.200392
900.0,27,411.300684
550.0,20,411.368343
350.0,22,411.435166
1950.0,39,411.572271
-650.0,20,411.638051
1100.0,22,411.713476
800.0,16,411.763126
-900.0,30,411.871903
800.0,16,411.931802
1300.0,14,411.977065
2250.0,43,412.122828
900.0,18,412.193692
1750.0,21,412.264781
-100.0,28,412.726852
1100.0,22,412.795369
1150.0,18,412.850068
1000.0,20,412.91636
950.0,25,412.995794
1000.0,20,413.065825
1800.0,36,413.17751
950.0,19,413.243307
-500.0,20,413.310126
900.0,18,413.367772
1700.0,33,413.472939
950.0,19,413.537525
-1450.0,22,413.611223
2700.0,54,413.804052
-150.0,19,413.885633
1750.0,35,414.025451
-400.0,22,414.100417
-550.0,19,414.161102
1300.0,14,414.21004
2350.0,31,414.315284
1800.0,36,414.853903
1600.0,27,415.023983
1250.0,31,415.208972
-800.0,23,415.277303
-1800.0,39,415.39593
800.0,22,415.46337
50.0,19,415.536141
-50.0,29,415.625028
700.0,14,415.667613
1000.0,29,415.754742
1350.0,27,415.832956
900.0,18,415.881661
1600.0,41,416.001069
600.0,21,416.06353
550.0,29,416.146727
2100.0,31,416.254625
850.0,17,416.305503
-350.0,29,416.387143
-1500.0,21,416.443227
400.0,30,416.530436
-1050.0,30,417.56205
2650.0,42,417.863982
-200.0,26,418.055691
100.0,23,418.232234
-700.0,19,418.376988
1200.0,27,418.584236
950.0,22,418.7623
750.0,15,418.891786
950.0,22,419.077093
950.0,19,419.236669
500.0,16,419.371523
1000.0,20,419.543306
1100.0,22,419.727815
850.0,23,419.91579
-1200.0,21,420.09429
600.0,12,420.195124
150.0,24,420.390166
-100.0,25,420.594278
1400.0,18,420.742202
100.0,53,421.133055
550.0,20,421.290032
2350.0,36,422.450551
1000.0,17,422.538669
750.0,15,422.620311
450.0,27,422.750676
650.0,13,422.817317
600.0,12,422.876194
400.0,38,423.068539
-450.0,15,423.144867
250.0,50,423.443328
150.0,12,423.511297
-200.0,14,423.598412
2500.0,26,423.741754
-2950.0,37,423.951864
700.0,14,424.033301
400.0,14,424.116313
950.0,19,424.223797
1050.0,12,424.290739
1050.0,21,424.408007
850.0,18,424.511467
1950.0,45,424.774347
-1100.0,14,424.856959
100.0,23,424.985612
1050.0,21,425.114734
1050.0,24,425.943415
-1700.0,20,426.051243
650.0,13,426.121578
1100.0,22,426.242066
900.0,18,426.339967
700.0,14,426.412426
1400.0,28,426.57104
1700.0,23,426.701803
1100.0,22,426.817661
400.0,20,426.921441
-150.0,42,427.141117
-150.0,39,427.340473
250.0,20,427.446133
750.0,18,427.543107
250.0,17,427.636478
1150.0,23,427.761501
700.0,17,427.851091
1200.0,17,427.943288
1100.0,17,428.038171
1650.0,31,428.204627
75.0,5,428.232361
750.0,21,428.344841
1450.0,50,428.615505
-4100.0,47,429.651595
800.0,16,429.771798
1550.0,31,429.98182
1500.0,30,430.171532
-1950.0,30,430.36044
450.0,24,430.526242
1100.0,22,430.697193
1000.0,20,430.862264
900.0,30,431.085369
-800.0,23,431.256896
850.0,17,431.361643
1650.0,33,431.582573
1550.0,34,431.802606
1150.0,23,431.952287
750.0,15,432.050379
-25.0,2,432.061051
800.0,16,432.155444
1150.0,23,432.299664
550.0,14,432.394219
1000.0,20,432.545949
550.0,17,432.673455
950.0,19,432.801765
1300.0,26,433.781833
800.0,16,433.881717
-150.0,21,433.985986
-50.0,26,434.15912
900.0,18,434.258438
750.0,15,434.343341
800.0,16,434.427895
1550.0,24,434.546605
1450.0,29,434.772151
1350.0,27,435.012613
-3250.0,37,435.362188
1000.0,20,435.548477
250.0,17,435.690137
1850.0,43,436.097287
2500.0,26,436.347286
-250.0,37,436.69952
475.0,7,436.765694
850.0,17,436.920664
-1000.0,13,437.043959
1550.0,31,437.289748
900.0,30,437.550318
1100.0,22,437.699436
1350.0,33,439.19922
2900.0,46,439.579109
-300.0,17,439.728707
-3100.0,34,440.036822
1100.0,31,440.255095
750.0,27,440.443365
850.0,17,440.557708
1800.0,36,440.803406
900.0,18,440.931971
950.0,19,441.059755
1150.0,23,441.213469
-50.0,29,441.403238
950.0,19,441.519459
1100.0,22,441.656733
-550.0,19,441.777738
-200.0,26,441.943779
600.0,12,442.016147
1000.0,23,442.165447
1350.0,19,442.290694
1400.0,24,442.446441
500.0,19,442.568958
600.0,24,443.522603
900.0,45,443.812795
1350.0,16,443.912255
550.0,47,444.20042
900.0,18,444.315847
-1100.0,14,444.404447
-1100.0,23,444.580758
-100.0,20,444.717906
1150.0,23,444.898286
1100.0,22,445.069557
-650.0,20,445.226145
1500.0,21,445.373624
100.0,23,445.554116
250.0,20,445.700619
1250.0,25,445.877437
-150.0,18,445.999029
1150.0,23,446.162348
750.0,24,446.336442
-150.0,30,446.457221
1300.0,20,446.548868
-450.0,24,446.683479
-850.0,16,446.771977
2050.0,39,447.911409
800.0,16,448.029156
1300.0,18,448.165099
1150.0,23,448.336205
400.0,23,448.503804
-600.0,30,448.727047
-1050.0,33,448.881868
-800.0,23,448.991296
-2300.0,26,449.143376
950.0,19,449.296981
1000.0,17,449.433033
1250.0,25,449.647736
800.0,16,449.791358
150.0,39,450.140884
-50.0,53,450.565123
1500.0,30,450.834291
1100.0,22,451.012118
1000.0,29,451.284975
1500.0,30,451.557392
500.0,16,453.087939
1450.0,29,453.298545
1450.0,16,453.400359
-450.0,21,453.505121
-550.0,19,453.595403
1900.0,24,453.690338
-1000.0,25,453.788558
800.0,15,453.886851
400.0,20,454.024504
1100.0,22,454.115101
-1300.0,37,454.304476
350.0,22,454.409792
800.0,28,454.522213
1550.0,31,454.698548
450.0,18,454.814095
2150.0,30,455.001796
1150.0,13,455.086442
1350.0,27,455.25821
600.0,24,455.412162
650.0,13,455.505295
450.0,18,455.628717
-650.0,23,455.770957
-450.0,15,455.880364
-400.0,16,456.710191
750.0,27,456.835344
-2650.0,31,456.971122
1250.0,25,457.078114
800.0,16,457.149616
550.0,29,457.288898
675.0,16,457.36058
1950.0,42,457.553821
1850.0,82,457.908126
275.0,8,457.948025
800.0,16,458.038895
1150.0,13,458.108854
-1350.0,30,458.24558
350.0,22,458.346226
-650.0,23,458.464438
-450.0,21,458.585152
1350.0,27,458.746171
-900.0,30,458.902197
-650.0,17,458.996966
125.0,5,459.022711
500.0,13,459.095142
1300.0,14,459.173204
950.0,28,460.295302
1050.0,21,460.464852
600.0,12,460.573111
1650.0,33,460.768772
100.0,17,460.846529
-1050.0,30,460.974233
1550.0,24,461.091457
-1500.0,18,461.177016
1350.0,27,461.299547
950.0,19,461.375212
2500.0,26,461.503938
1250.0,25,461.619726
650.0,13,461.690586
600.0,12,461.749002
550.0,29,461.862524
1650.0,31,462.007493
850.0,17,462.092648
700.0,14,462.159482
1250.0,37,462.352037
700.0,14,462.418708
1250.0,25,462.548294
-2000.0,23,462.65711
1150.0,29,463.764291
2575.0,38,464.020437
-200.0,23,464.155128
-700.0,22,464.282993
800.0,16,464.40868
-650.0,14,464.524489
850.0,17,464.655444
900.0,18,464.753794
150.0,24,464.925976
750.0,21,465.099501
875.0,13,465.203207
-1500.0,18,465.347837
1200.0,20,465.521316
1200.0,19,465.684626
150.0,30,465.910683
150.0,45,466.248773
-4200.0,48,466.599813
-1100.0,23,466.760196
1500.0,26,466.960889
-600.0,18,467.103518
550.0,29,467.321686
900.0,15,467.441745
1050.0,21,468.617082
1250.0,25,468.733995
1150.0,26,468.92803
750.0,27,469.147653
-1750.0,49,469.555648
1200.0,22,469.725059
-150.0,66,470.236214
900.0,30,470.46735
2000.0,40,470.789899
1350.0,27,471.004051
1250.0,37,471.366358
1350.0,27,471.534528
1150.0,23,471.631775
350.0,13,471.694514
1150.0,23,471.809407
1300.0,32,472.010171
-150.0,21,472.172675
1250.0,25,473.162727
950.0,19,473.265718
75.0,4,473.283874
1350.0,16,473.376103
1000.0,32,473.556494
1100.0,25,473.680465
-700.0,19,473.785179
1050.0,21,473.897828
1850.0,37,474.139288
1350.0,33,474.390561
750.0,21,474.555626
1050.0,21,474.723094
-600.0,33,474.990813
750.0,18,475.136563
-150.0,24,475.329847
1350.0,27,475.547475
1400.0,17,475.681377
-1000.0,16,475.809196
1250.0,25,476.008639
1700.0,34,476.290107
750.0,15,476.412174
-650.0,26,476.618766
2050.0,28,477.923095
850.0,23,478.118298
1300.0,29,478.363277
1100.0,22,478.551463
1400.0,22,478.737423
1000.0,20,478.886545
850.0,23,479.02302
-950.0,23,479.156662
-5200.0,82,479.735423
-1600.0,19,479.873463
650.0,13,479.969155
550.0,47,480.333389
850.0,17,480.452169
-1350.0,24,480.625804
550.0,17,480.752065
750.0,15,480.86519
-1100.0,20,480.994545
1300.0,22,481.088294
950.0,19,481.183844
1350.0,24,481.274533
1300.0,22,482.097937
800.0,15,482.183418
-100.0,34,482.334298
-1200.0,24,482.434235
1850.0,37,482.682332
900.0,30,482.891067
1000.0,29,483.068628
900.0,30,483.260164
1350.0,27,483.393071
1400.0,19,483.462982
1200.0,42,483.625741
-650.0,20,483.70059
1250.0,28,483.800365
1000.0,20,483.890004
950.0,16,483.998324
1250.0,14,484.074942
1250.0,28,484.224477
1350.0,24,484.334413
-1500.0,21,484.434486
1000.0,20,484.527294
-600.0,30,485.347529
900.0,18,485.416003
1450.0,29,485.532945
-700.0,22,485.632987
-400.0,22,485.732991
150.0,21,485.838633
1300.0,14,485.90505
1100.0,22,486.002861
500.0,19,486.078593
1500.0,30,486.236685
-1700.0,35,486.38798
900.0,18,486.465117
450.0,18,486.550518
1200.0,24,486.65888
750.0,21,486.757313
1150.0,23,486.870053
-50.0,33,487.039209
1100.0,22,487.191975
-25.0,2,487.201201
1950.0,45,487.466153
-1000.0,13,487.526337
800.0,22,487.663208
600.0,12,487.726072
1250.0,25,488.515234
1750.0,35,488.647278
-1600.0,22,488.736838
850.0,26,488.855577
1700.0,34,489.019296
1500.0,18,489.109441
1000.0,20,489.209809
750.0,15,489.27656
700.0,20,489.366016
1000.0,20,489.45303
-2950.0,37,489.60346
-1050.0,51,489.81423
1400.0,28,489.939029
-800.0,23,490.041396
-125.0,21,490.152941
350.0,13,490.208543
-200.0,26,490.315376
950.0,22,490.438522
450.0,24,490.524931
1300.0,26,490.627853
2150.0,33,491.483456
1300.0,16,491.590895
850.0,17,491.684384
1300.0,26,491.819749
1350.0,17,491.892995
1100.0,22,492.056741
500.0,16,492.125659
1200.0,24,492.213379
250.0,26,492.321727
700.0,17,492.406777
1400.0,22,492.499096
1250.0,25,492.606376
1450.0,29,492.755548
1350.0,27,492.936823
2000.0,40,493.257656
1500.0,30,493.415795
50.0,19,493.498149
-1700.0,23,493.618894
2050.0,37,493.828275
1950.0,39,494.035525
800.0,16,494.105587
-400.0,37,495.057084
1500.0,20,495.15006
1150.0,23,495.258224
-650.0,47,495.498104
1650.0,33,495.685736
500.0,19,495.787569
1450.0,29,495.956706
-900.0,30,496.103591
-450.0,30,496.228619
-50.0,26,496.334098
-750.0,24,496.431074
850.0,17,496.499492
1400.0,28,496.606361
700.0,26,496.726853
800.0,16,496.798789
-750.0,24,496.912486
-2300.0,26,497.039522
750.0,21,497.13539
1600.0,18,497.220984
-1800.0,21,497.308569
550.0,26,498.144279
2050.0,41,498.376395
1500.0,19,498.499588
1350.0,36,498.652637
-1400.0,20,498.740073
700.0,14,498.798959
-1500.0,33,498.94693
2000.0,40,499.175395
1650.0,33,499.343059
-1050.0,21,499.437126
1600.0,32,499.555897
-1200.0,24,499.653333
1050.0,21,499.795454
350.0,16,499.889342
1050.0,21,499.993784
-550.0,31,500.108558
-200.0,20,500.227242
1550.0,31,500.435453
750.0,21,500.576122
-1900.0,46,501.717566
1000.0,18,501.83767
-100.0,25,501.996245
1100.0,22,502.159366
-150.0,21,502.322976
700.0,20,502.473504
-2200.0,40,502.728195
-3000.0,33,502.939431
950.0,19,503.074484
1650.0,23,503.213212
1300.0,26,503.397381
850.0,17,503.50362
-1700.0,35,503.700884
950.0,19,503.863588
1350.0,20,503.987269
600.0,12,504.0747
1050.0,14,504.166831
100.0,35,504.394281
1350.0,15,504.500813
900.0,18,504.602585
1300.0,19,504.693229
-700.0,25,504.826819
-250.0,19,504.944738
1150.0,23,505.828364
1650.0,33,505.96554
2000.0,28,506.07999
-1450.0,22,506.17948
1500.0,26,506.301267
-4300.0,46,506.53114
800.0,15,506.594603
1000.0,19,506.712598
450.0,24,506.902202
1050.0,21,507.004251
1150.0,28,507.116396
950.0,19,507.232863
600.0,21,507.385549
350.0,16,507.464191
1800.0,48,507.662202
-1050.0,51,507.897158
1250.0,28,508.04888
750.0,15,508.10605
1600.0,32,508.92951
800.0,21,509.022959
1200.0,24,509.115653
1300.0,26,509.220477
-350.0,17,509.31122
850.0,17,509.425791
-450.0,21,509.573066
-1350.0,24,509.72693
1100.0,22,509.878258
350.0,22,510.027184
1350.0,17,510.153103
-550.0,16,510.262268
900.0,18,510.339892
-4300.0,46,510.605998
1550.0,29,510.758814
1200.0,24,510.889482
-600.0,30,511.057901
900.0,30,511.213619
75.0,4,511.232622
-1700.0,26,511.355068
650.0,16,511.479825
750.0,17,511.559639
-50.0,29,511.671427
750.0,21,512.476673
950.0,19,512.567148
950.0,22,512.640141
-600.0,18,512.727861
1100.0,28,512.863269
200.0,25,512.987244
-1950.0,30,513.10786
-3600.0,39,513.323445
275.0,8,513.380729
2800.0,46,513.637974
1750.0,24,513.774624
900.0,18,513.871878
1200.0,33,514.060141
2050.0,37,514.375281
-1050.0,30,514.514762
-1950.0,63,514.755573
-2600.0,35,514.942192
500.0,19,515.035872
1000.0,26,515.87745
350.0,22,515.984158
750.0,21,516.096112
1100.0,31,516.248639
1050.0,21,516.377842
-1600.0,22,516.52214
1450.0,21,516.6687
-625.0,8,516.73296
-1600.0,22,516.846398
1050.0,21,516.974575
1600.0,18,517.056973
2350.0,36,517.217142
1050.0,21,517.323784
1000.0,20,517.457255
700.0,14,517.518645
225.0,7,517.572995
3100.0,34,517.771063
-1900.0,28,517.919446
725.0,38,518.181124
-1050.0,18,518.334056
750.0,21,518.443209
1200.0,24,518.535672
750.0,27,518.663873
750.0,21,519.622224
1850.0,82,520.004473
-100.0,34,520.145426
2250.0,43,520.308997
-700.0,25,520.41043
1000.0,20,520.491158
-1900.0,28,520.591892
150.0,24,520.681858
-100.0,28,520.794107
1100.0,22,520.909119
1300.0,16,520.991899
-600.0,18,521.081791
1600.0,38,521.233985
950.0,19,521.300726
500.0,19,521.379394
750.0,21,521.46629
500.0,25,521.572005
2150.0,43,522.494246
1800.0,25,522.60572
600.0,21,522.688768
600.0,21,522.768706
-650.0,17,522.834786
400.0,38,522.979306
750.0,18,523.050655
-1100.0,14,523.106855
800.0,25,523.201823
1250.0,25,523.298313
450.0,24,523.39517
1700.0,22,523.485941
2300.0,46,523.675538
1400.0,25,523.768367
-1000.0,19,523.84609
1400.0,34,523.992084
-250.0,17,524.058116
1300.0,16,524.129566
1300.0,26,524.237056
900.0,18,524.319367
-1950.0,63,525.48769
750.0,27,525.689264
950.0,16,525.801792
900.0,18,525.947472
800.0,16,526.075434
1250.0,31,526.323387
700.0,20,526.482042
-2100.0,57,527.041959
1700.0,23,527.234465
1350.0,27,527.477225
1000.0,20,527.641374
550.0,17,527.779007
1300.0,18,527.921955
1450.0,26,528.126859
1050.0,21,528.293589
950.0,22,528.469875
750.0,15,528.585585
1300.0,22,528.760077
525.0,13,528.859928
800.0,25,529.05311
2150.0,30,529.286996
1650.0,23,529.473246
700.0,14,530.239525
800.0,16,530.306644
1000.0,20,530.379632
900.0,18,530.457543
2050.0,39,530.647205
900.0,18,530.745677
750.0,21,530.828653
850.0,17,530.886501
750.0,21,530.975924
150.0,21,531.070358
-1100.0,20,531.141077
1400.0,21,531.250371
1150.0,23,531.363855
1200.0,14,531.418469
650.0,13,531.468595
1200.0,20,531.546793
-4050.0,45,531.749414
1100.0,22,531.881922
1050.0,21,531.961133
2200.0,31,532.077737
-2600.0,35,532.231693
950.0,19,532.328826
150.0,12,532.392385
-2950.0,37,533.199093
1150.0,29,533.286682
125.0,6,533.305236
1150.0,23,533.37521
-1200.0,21,533.443674
700.0,14,533.486527
700.0,14,533.528136
1100.0,22,533.590167
1500.0,21,533.656652
400.0,38,533.775973
750.0,15,533.820413
-2600.0,32,533.92485
950.0,19,533.977399
1350.0,27,534.058331
800.0,16,534.110712
2400.0,27,534.189678
950.0,19,534.249301
1300.0,26,534.341655
900.0,18,534.401093
1675.0,45,534.534299
700.0,17,534.588378
1300.0,29,534.673275
1150.0,23,535.183772
-50.0,17,535.239002
750.0,15,535.286177
1300.0,26,535.366027
1350.0,16,535.414275
1250.0,25,535.492465
1150.0,17,535.544226
-850.0,16,535.596018
1250.0,25,535.669811
-4000.0,46,535.815206
800.0,16,535.868674
950.0,19,535.939276
-1200.0,24,536.00801
900.0,18,536.060027
-200.0,23,536.137072
900.0,18,536.201988
1300.0,26,536.271352
1000.0,20,536.330112
750.0,15,536.375113
-1650.0,42,536.499817
-3000.0,33,536.648706
1300.0,14,536.707028
550.0,20,536.774431
750.0,15,536.816051
850.0,17,537.2563
-2200.0,40,537.382863
250.0,26,537.465776
-1000.0,16,537.513005
900.0,18,537.57514
1400.0,22,537.64508
1750.0,28,537.727434
900.0,18,537.784943
1200.0,28,537.865705
1300.0,26,537.941996
-50.0,33,538.045631
900.0,18,538.105669
1550.0,24,538.194255
500.0,25,538.300839
-75.0,1,538.30549
1300.0,14,538.354585
950.0,19,538.426257
750.0,21,538.520486
1200.0,24,538.611948
900.0,18,538.681555
1000.0,20,538.767291
800.0,16,538.820992
1650.0,20,538.889994
1250.0,25,539.494498
-1100.0,14,539.582495
-2500.0,28,539.721453
1300.0,19,539.813251
-200.0,14,539.871339
1100.0,22,539.971084
550.0,17,540.036475
500.0,19,540.126692
1900.0,24,540.224163
2650.0,62,540.470066
2050.0,37,540.633349
1000.0,18,540.697017
50.0,19,540.759151
1200.0,24,540.832874
650.0,19,540.894394
2050.0,47,541.051166
1650.0,33,541.156299
-3000.0,33,541.255965
-1150.0,28,541.342211
1350.0,27,541.437762
950.0,19,541.831335
950.0,19,541.891006
-250.0,37,542.003383
-600.0,30,542.102717
1800.0,36,542.214018
-1050.0,18,542.265215
1350.0,24,542.33572
1400.0,23,542.405821
-1100.0,14,542.459661
950.0,19,542.521285
-150.0,18,542.578403
-250.0,19,542.633924
1050.0,21,542.697244
950.0,16,542.746716
-750.0,24,542.820854
1450.0,32,542.925872
1200.0,24,543.004473
1800.0,31,543.095199
200.0,25,543.165417
1250.0,25,543.237825
1700.0,22,543.302791
900.0,18,543.356108
1300.0,22,543.763001
-1100.0,14,543.803423
1000.0,20,543.868984
-950.0,23,543.940903
1150.0,19,544.000509
-200.0,14,544.041937
950.0,19,544.096305
1700.0,34,544.190535
-500.0,23,544.250692
-550.0,31,544.336433
1000.0,20,544.39184
700.0,14,544.433236
1400.0,25,544.508553
1350.0,27,544.59035
950.0,16,544.637576
1800.0,36,544.740426
100.0,17,544.789178
1650.0,33,544.890428
1200.0,14,544.932508
-1700.0,35,545.040971
250.0,26,545.124262
2450.0,30,545.217277
-1400.0,17,545.997169
1450.0,29,546.190382
1350.0,27,546.337501
-50.0,17,546.405335
1900.0,30,546.549139
750.0,15,546.703845
1300.0,20,546.848253
850.0,17,546.987067
1100.0,22,547.107941
0.0,24,547.216776
-400.0,22,547.326193
950.0,19,547.405561
-2900.0,32,547.55835
-850.0,16,547.619182
1100.0,22,547.755598
-50.0,53,548.115302
1300.0,14,548.207241
1150.0,19,548.328276
150.0,24,548.422174
1400.0,28,548.506874
1350.0,27,548.585359
-600.0,18,548.63613
1600.0,41,549.293778
1700.0,22,549.35542
1400.0,28,549.437027
700.0,20,549.496005
1100.0,22,549.563533
1650.0,31,549.698308
1250.0,14,549.76049
800.0,16,549.802693
1200.0,20,549.862081
-1400.0,23,549.925499
-75.0,1,549.928798
1150.0,23,549.998643
-850.0,16,550.054617
1250.0,25,550.146759
950.0,19,550.210272
400.0,20,550.280392
-2400.0,33,550.38369
550.0,17,550.435619
1350.0,27,550.521033
-1050.0,24,550.59619
550.0,17,550.657014
2100.0,60,551.19398
1400.0,23,551.262748
-2650.0,31,551.354753
750.0,27,551.439789
-3250.0,37,551.555166
1550.0,31,551.655312
1000.0,18,551.707815
650.0,19,551.758384
1950.0,39,551.864089
950.0,19,551.916135
-1000.0,16,551.961601
1250.0,28,552.036456
2200.0,31,552.121048
1650.0,19,552.171931
1550.0,31,552.254655
500.0,13,552.298994
-1650.0,42,552.414716
1350.0,27,552.487258
2150.0,30,552.566402
1650.0,33,552.983886
1950.0,39,553.089307
1100.0,22,553.16082
1100.0,22,553.240005
1000.0,20,553.332236
1450.0,32,553.457383
1000.0,29,553.586127
-550.0,19,553.660808
700.0,14,553.716799
1250.0,17,553.803683
550.0,20,553.884614
1150.0,15,553.941535
350.0,16,554.026009
400.0,32,554.245511
800.0,19,554.33921
700.0,26,554.455482
-1800.0,39,554.701644
-1100.0,14,554.767104
-1000.0,25,554.899802
-3000.0,33,555.034679
850.0,19,555.112414
750.0,27,555.22011
1050.0,19,555.842483
1950.0,39,555.942824
950.0,19,555.994605
1000.0,20,556.04451
900.0,18,556.095628
825.0,25,556.164655
950.0,22,556.225742
900.0,18,556.275166
-1000.0,25,556.353199
1200.0,13,556.398834
750.0,21,556.468349
-1000.0,19,556.531415
2050.0,41,556.66477
1000.0,20,556.727187
500.0,25,556.797273
700.0,14,556.835883
1250.0,26,556.903379
400.0,23,556.964432
-600.0,21,557.019324
750.0,21,557.074237
-250.0,28,557.145428
550.0,17,557.191679
650.0,22,557.250012
250.0,26,557.643216
800.0,16,557.684695
1650.0,33,557.789699
850.0,17,557.855634
1350.0,17,557.914816
1150.0,13,557.957017
1950.0,42,558.094952
1750.0,22,558.15951
1350.0,27,558.237878
525.0,16,558.284121
700.0,14,558.323145
1300.0,19,558.379117
-50.0,17,558.429248
-50.0,17,558.476119
1400.0,19,558.525194
1900.0,30,558.601351
1100.0,24,558.666457
1850.0,37,558.76962
-650.0,47,558.889589
600.0,21,558.944809
600.0,42,559.37681
1900.0,24,559.447654
-2075.0,24,559.512667
-400.0,22,559.570902
400.0,32,559.655756
900.0,18,559.703494
2050.0,30,559.785278
-1800.0,39,559.89101
950.0,19,559.947711
1150.0,19,560.012239
-850.0,13,560.064783
1800.0,36,560.19306
1050.0,21,560.294758
1850.0,37,560.524543
25.0,3,560.537075
1150.0,23,560.618404
150.0,45,560.830557
1000.0,20,560.916738
1250.0,17,560.979569
1200.0,24,561.071084
1450.0,29,561.191119
1050.0,21,562.118492
350.0,16,562.223186
-1400.0,17,562.35733
900.0,18,562.436832
800.0,15,562.517741
1100.0,22,562.593641
-2500.0,28,562.709281
350.0,16,562.778536
1550.0,22,562.851933
600.0,18,562.904764
800.0,16,562.95007
1900.0,24,563.019643
1000.0,20,563.088099
1000.0,29,563.192681
1000.0,20,563.277489
-1300.0,37,563.519671
100.0,17,563.575937
600.0,15,563.619836
1250.0,17,563.665608
2350.0,47,563.817235
-1800.0,48,563.972249
-200.0,20,564.028426
-650.0,47,564.497178
-600.0,18,564.550055
1200.0,20,564.606847
-750.0,24,564.679413
1200.0,24,564.758157
850.0,17,564.814592
1500.0,30,564.912634
1200.0,17,564.961494
1050.0,21,565.021688
400.0,32,565.123293
1000.0,29,565.203538
750.0,21,565.266122
800.0,16,565.308817
325.0,27,565.38366
1450.0,29,565.458272
-3100.0,34,565.549026
1250.0,25,565.614674
-5200.0,58,565.758483
-200.0,20,565.812756
1100.0,22,565.873959
1100.0,22,566.270965
3000.0,51,566.423669
-700.0,16,566.471949
2300.0,24,566.542557
1600.0,32,566.638162
-3600.0,39,566.742963
-950.0,20,566.793768
-1000.0,16,566.834571
650.0,13,566.868261
850.0,17,566.91445
800.0,16,566.955567
-3000.0,33,567.038052
1200.0,30,567.121281
800.0,16,567.163115
1050.0,21,567.217663
-750.0,18,567.264375
1400.0,28,567.334333
-500.0,17,567.394674
1650.0,33,567.563081
1850.0,37,567.729825
800.0,25,568.464467
1150.0,23,568.552002
750.0,24,568.670111
-900.0,15,568.725212
-2650.0,31,568.860782
-350.0,17,568.945759
-375.0,37,569.079247
1300.0,26,569.178814
-350.0,23,569.269807
650.0,19,569.335167
1050.0,19,569.405096
-100.0,28,569.524554
-750.0,24,569.605146
1450.0,29,569.712646
1200.0,20,569.800368
1600.0,26,569.896335
1350.0,27,570.010665
900.0,18,570.068744
900.0,18,570.123845
-150.0,18,570.171005
1750.0,28,570.245511
1750.0,24,570.30589
1400.0,18,570.673688
-1900.0,46,570.799602
350.0,19,570.851527
-450.0,18,570.901217
-900.0,30,570.983492
-600.0,30,571.064059
2300.0,46,571.182205
800.0,13,571.216169
750.0,27,571.28708
1600.0,19,571.335553
700.0,17,571.381696
-1100.0,14,571.417669
1650.0,31,571.499135
950.0,25,571.564135
1300.0,16,571.61497
850.0,26,571.693641
1650.0,33,571.798812
-1800.0,39,571.927751
-300.0,17,571.9785
700.0,26,572.05873
750.0,27,572.621197
-1700.0,26,572.719042
1300.0,26,572.804725
600.0,12,572.844825
850.0,17,572.904363
1250.0,25,572.994339
500.0,25,573.08028
1100.0,18,573.175202
1250.0,31,573.321844
-1050.0,21,573.406278
850.0,17,573.461854
1100.0,22,573.546867
1200.0,24,573.638292
1100.0,22,573.71087
1550.0,34,573.832738
1400.0,28,573.943359
1000.0,23,574.01857
275.0,5,574.034638
1200.0,24,574.113535
850.0,17,574.178555
800.0,19,574.248434
2050.0,41,574.417721
1350.0,27,574.981043
-1100.0,23,575.104356
600.0,21,575.215279
1100.0,28,575.364012
900.0,18,575.450016
700.0,14,575.525555
1600.0,32,575.702614
800.0,16,575.76643
1450.0,29,575.88673
950.0,25,575.983335
1450.0,29,576.077567
850.0,26,576.177105
575.0,8,576.205802
1100.0,22,576.274786
-1500.0,33,576.40886
-1000.0,25,576.527006
-1400.0,23,576.618089
300.0,18,576.713928
-1350.0,30,576.855365
950.0,16,576.915666
1250.0,25,577.000339
1300.0,21,577.078029
850.0,19,577.148526
800.0,15,577.684678
100.0,17,577.74473
1300.0,14,577.793117
250.0,17,577.851505
1650.0,33,577.953983
1250.0,25,578.030857
-1150.0,28,578.119434
900.0,18,578.173686
-100.0,25,578.249141
50.0,19,578.307763
800.0,22,578.374043
975.0,13,578.414196
-1225.0,14,578.454305
400.0,23,578.521769
-200.0,23,578.591645
-600.0,18,578.645215
1550.0,31,578.743609
-200.0,20,578.811829
600.0,42,578.933485
1400.0,28,579.008357
1500.0,39,579.118349
-750.0,24,579.201434
900.0,18,579.634333
650.0,13,579.67015
-1000.0,25,579.736508
1550.0,31,579.822199
1250.0,25,579.888479
-4000.0,43,579.999604
-2100.0,60,580.174334
900.0,18,580.224517
1150.0,23,580.288801
650.0,13,580.325287
-900.0,36,580.441071
1300.0,14,580.487938
1200.0,24,580.554361
150.0,12,580.591144
2800.0,40,580.699776
150.0,12,580.732978
1250.0,37,580.83405
400.0,38,580.94369
400.0,20,580.995873
100.0,23,581.379398
2200.0,28,581.467432
1300.0,16,581.517483
600.0,15,581.56287
-650.0,20,581.628776
500.0,29,581.707012
-2100.0,57,581.862727
1750.0,26,581.929176
650.0,29,582.006225
950.0,25,582.072649
1300.0,26,582.141631
-700.0,16,582.185229
1100.0,22,582.243979
-1350.0,24,582.312968
1400.0,28,582.390126
-1100.0,14,582.428708
1650.0,25,582.49656
1000.0,20,582.550687
1600.0,27,582.623498
150.0,30,582.701972
1250.0,25,582.767642
800.0,16,583.129525
-2100.0,30,583.206933
1250.0,15,583.244447
1450.0,16,583.285403
-900.0,57,583.429761
1550.0,31,583.514241
-1750.0,49,583.646274
1500.0,30,583.723445
950.0,19,583.773785
1000.0,20,583.860679
1700.0,21,583.927027
1575.0,21,583.985958
650.0,19,584.036428
-950.0,23,584.095786
2100.0,31,584.188771
1650.0,27,584.258756
950.0,19,584.309258
-550.0,31,584.392614
1800.0,23,584.451746
1150.0,29,584.852238
1000.0,20,584.904898
475.0,15,584.944302
1600.0,32,585.027203
1000.0,32,585.110862
400.0,38,585.208359
1200.0,18,585.255284
950.0,16,585.298296
1300.0,26,585.36413
-1000.0,25,585.430146
1400.0,16,585.472671
1450.0,16,585.520989
750.0,18,585.568379
-1350.0,24,585.63046
1200.0,42,585.734808
1100.0,18,585.781684
1100.0,22,585.838797
1450.0,50,585.9699
900.0,18,586.014844
850.0,14,586.050377
1300.0,26,586.119105
1100.0,22,586.49951
1250.0,37,586.600277
750.0,24,586.663725
1600.0,28,586.738519
1000.0,20,586.791902
1500.0,17,586.837392
-350.0,29,586.914981
1050.0,21,586.974686
950.0,16,587.043333
1050.0,21,587.127873
900.0,16,587.180921
1150.0,23,587.242986
1000.0,20,587.297583
1400.0,28,587.371611
1200.0,27,587.445717
650.0,13,587.48083
1650.0,19,587.534546
100.0,29,587.618239
950.0,19,587.674931
1250.0,31,587.767777
850.0,17,587.816219
1150.0,32,587.906385
1650.0,33,588.373862
150.0,24,588.443543
1000.0,20,588.49914
-2800.0,31,588.587748
1000.0,20,588.641058
650.0,25,588.70467
1600.0,19,588.756654
-1100.0,23,588.817113
1100.0,22,588.874577
1200.0,24,588.936947
1000.0,20,588.988861
1650.0,20,589.043216
900.0,18,589.091312
950.0,19,589.138934
1100.0,28,589.21485
1100.0,22,589.275162
1300.0,21,589.33005
950.0,19,589.388067
750.0,15,589.429958
-1050.0,18,589.476829
1500.0,30,589.562121
-50.0,29,589.651369
1150.0,32,589.746577
2650.0,42,590.206317
750.0,15,590.245646
350.0,13,590.280729
1300.0,14,590.317403
900.0,18,590.36721
1650.0,25,590.438631
1200.0,14,590.477444
2700.0,39,590.587974
800.0,16,590.630571
750.0,24,590.694278
950.0,19,590.744551
1800.0,48,590.872262
1450.0,29,590.949676
-75.0,1,590.952692
-150.0,21,591.008465
1700.0,34,591.096576
350.0,22,591.15413
1750.0,35,591.248188
-150.0,27,591.32339
-150.0,24,591.38979
1650.0,33,591.480631
750.0,21,591.874932
950.0,19,591.93017
-650.0,14,591.967975
1350.0,27,592.035606
1400.0,22,592.092386
150.0,39,592.195982
700.0,29,592.271472
800.0,16,592.319801
850.0,17,592.366943
1050.0,21,592.424494
550.0,17,592.470816
1300.0,18,592.521227
500.0,19,592.573626
2150.0,30,592.656601
1350.0,16,592.698874
900.0,18,592.745436
800.0,16,592.788728
-650.0,17,592.835014
200.0,25,592.900393
500.0,19,592.950947
500.0,13,592.987288
1000.0,16,593.031682
950.0,19,593.083626
2050.0,47,593.57732
950.0,19,593.630827
-850.0,19,593.68207
-4000.0,43,593.798999
850.0,17,593.848787
1150.0,23,593.910496
-350.0,17,593.962665
600.0,15,594.007659
1650.0,33,594.107675
-4200.0,48,594.230101
950.0,19,594.280617
1150.0,29,594.36367
1050.0,20,594.422758
1550.0,31,594.504679
1300.0,20,594.555803
2100.0,48,594.692507
-200.0,23,594.756737
1200.0,14,594.79606
-400.0,25,594.864135
-100.0,28,594.942117
1350.0,27,595.374253
1200.0,24,595.439371
2200.0,31,595.523138
1600.0,30,595.606621
-450.0,15,595.64658
1050.0,21,595.699827
950.0,16,595.740543
1000.0,20,595.797192
-2300.0,26,595.865498
-2100.0,57,596.027718
-750.0,24,596.090371
850.0,17,596.137895
1000.0,20,596.191401
950.0,19,596.240873
1450.0,29,596.318634
200.0,34,596.42111
1000.0,20,596.474118
800.0,16,596.519436
-1350.0,18,596.568457
1000.0,32,596.666757
1200.0,20,596.727683
-775.0,17,597.115943
-2100.0,30,597.193846
750.0,15,597.233454
1100.0,15,597.273332
750.0,21,597.327814
150.0,15,597.367725
1050.0,21,597.424763
750.0,21,597.479687
-1350.0,30,597.557149
1450.0,29,597.634398
3150.0,63,597.800133
650.0,22,597.857977
650.0,19,597.912342
750.0,15,597.953193
1750.0,35,598.046923
1250.0,25,598.112372
1200.0,30,598.192977
1600.0,27,598.266286
700.0,14,598.312255
-350.0,17,598.371442
700.0,14,598.442187
2900.0,46,599.683486
-200.0,26,599.836227
300.0,21,599.953263
-700.0,19,600.06695
1050.0,21,600.216215
-250.0,31,600.397275
900.0,18,600.497401
1550.0,22,600.619683
1000.0,20,600.738225
1100.0,22,600.867272
950.0,19,600.974838
600.0,12,601.043886
2050.0,37,601.256008
450.0,24,601.376577
650.0,22,601.523616
150.0,33,601.70566
500.0,19,601.808345
1100.0,22,601.923197
1650.0,27,602.06433
750.0,15,602.142546
1250.0,25,602.274401
550.0,31,602.420083
-850.0,16,603.26127
1100.0,22,603.462567
800.0,15,603.590019
450.0,18,603.71462
650.0,13,603.789151
300.0,15,603.875
1050.0,21,603.999208
1750.0,35,604.203024
500.0,13,604.284125
1550.0,31,604.478662
1650.0,33,604.698766
1650.0,22,604.834508
-50.0,33,605.036313
950.0,19,605.155202
1500.0,19,605.274629
-150.0,42,605.538022
1400.0,18,605.647493
1450.0,29,605.819702
1850.0,33,606.016582
1150.0,23,606.154338
1850.0,82,607.460554
800.0,16,607.556428
750.0,15,607.648965
500.0,29,607.831743
900.0,18,607.945287
1200.0,16,608.047984
1350.0,27,608.219896
200.0,34,608.434101
1000.0,16,608.536335
1500.0,18,608.651052
1650.0,23,608.792265
-1750.0,25,608.938427
-1200.0,27,609.099797
1100.0,22,609.229107
-900.0,57,609.629163
550.0,14,609.718587
800.0,19,609.840398
-1100.0,32,610.049419
700.0,17,610.146703
-450.0,33,610.333934
1600.0,35,611.19331
750.0,15,611.273572
950.0,16,611.357808
1350.0,27,611.503002
600.0,21,611.616003
800.0,16,611.701636
0.0,33,611.875555
1250.0,25,612.00832
1150.0,32,612.175981
-50.0,26,612.301649
-2300.0,26,612.435939
-1400.0,23,612.604814
1050.0,21,612.762647
1250.0,25,612.949945
1400.0,22,613.109623
1650.0,31,613.34282
800.0,16,613.452733
1050.0,21,613.59899
950.0,19,613.730113
-1200.0,24,613.896185
1750.0,23,614.064632
1100.0,37,614.317597
700.0,14,615.039291
1200.0,30,615.168747
350.0,16,615.23667
-1100.0,14,615.300496
900.0,18,615.381091
1000.0,20,615.472026
850.0,17,615.58013
1500.0,19,615.726302
1050.0,21,615.889065
700.0,29,616.121539
-1000.0,16,616.247323
-2100.0,60,616.735562
1600.0,35,617.008489
2500.0,53,617.444649
950.0,19,617.590787
550.0,17,617.720656
1400.0,17,617.855895
50.0,25,618.051059
-1025.0,15,618.15998
1000.0,20,618.306082
700.0,14,618.406939
-1950.0,63,619.715336
650.0,16,619.783817
950.0,22,619.958189
900.0,18,620.11039
-500.0,26,620.352456
900.0,45,620.725677
150.0,39,621.043363
900.0,24,621.23951
1500.0,30,621.51002
1450.0,29,621.756654
-150.0,27,621.979347
1550.0,31,622.307729
1650.0,22,622.494619
700.0,14,622.612587
1500.0,25,622.822094
1000.0,20,622.991345
1250.0,28,623.230386
700.0,14,623.350584
-600.0,18,623.43669
700.0,14,623.520055
1700.0,34,624.582615
1500.0,30,624.839823
1050.0,12,624.944376
900.0,18,625.097787
1050.0,21,625.269038
-500.0,17,625.412815
1300.0,14,625.527611
-2000.0,23,625.717637
900.0,18,625.866275
1950.0,39,626.188573
1050.0,21,626.320609
2200.0,30,626.476745
1400.0,28,626.649174
950.0,16,626.752306
1900.0,24,626.899794
1250.0,28,627.012533
800.0,16,627.078999
1000.0,18,627.148535
-1300.0,16,627.218229
0.0,24,627.309375
1400.0,28,627.428396
-1350.0,21,627.533636
1250.0,25,627.666149
1000.0,29,628.793707
1300.0,21,628.959597
-350.0,23,629.135801
900.0,24,629.320935
250.0,20,629.469153
-100.0,22,629.597782
1950.0,45,629.926508
200.0,31,630.172865
950.0,28,630.4386
-900.0,57,630.859184
1400.0,23,631.028694
50.0,19,631.176052
700.0,14,631.270425
1400.0,28,631.390677
1200.0,20,631.528003
2050.0,47,631.893719
-500.0,23,632.09411
150.0,30,632.345586
1950.0,42,633.721737
1300.0,32,633.990544
900.0,15,634.105464
1100.0,22,634.300955
-1700.0,35,634.584171
850.0,23,634.777004
1750.0,23,634.969829
550.0,31,635.235169
800.0,25,635.465844
1650.0,19,635.625409
150.0,24,635.83051
-1400.0,20,636.011366
950.0,19,636.211945
400.0,14,636.37119
800.0,16,636.514891
1000.0,16,636.660609
1300.0,16,636.81519
650.0,29,637.08527
150.0,39,637.459713
1650.0,33,637.766197
2050.0,28,638.024242
1250.0,37,639.136018
1050.0,21,639.270133
650.0,13,639.360864
-700.0,25,639.542679
2650.0,42,639.855864
1200.0,13,639.953174
300.0,21,640.118733
-100.0,25,640.335721
750.0,15,640.456452
1450.0,32,640.694434
1150.0,23,640.874281
850.0,23,641.067068
1400.0,25,641.272936
1100.0,22,641.448736
650.0,13,641.550596
-700.0,19,641.698971
200.0,31,641.971403
1550.0,34,642.214788
900.0,30,642.379111
1450.0,32,642.575905
1450.0,41,643.62156
-650.0,17,643.757938
-1650.0,42,644.072847
-750.0,18,644.22523
700.0,14,644.339412
-1250.0,35,644.640314
1950.0,39,644.986031
750.0,21,645.168149
1350.0,27,645.408154
-100.0,25,645.629227
850.0,17,645.78472
700.0,26,646.020977
950.0,19,646.195002
1400.0,17,646.344521
2100.0,48,646.725342
800.0,16,646.896466
350.0,19,647.069112
400.0,20,647.23033
700.0,14,647.340509
-250.0,17,647.474286
-1500.0,21,647.639611
500.0,19,648.710188
-1350.0,21,648.842041
-2300.0,26,649.012397
1650.0,25,649.170071
1250.0,25,649.324049
1650.0,23,649.469413
150.0,24,649.620761
-5200.0,58,649.982647
450.0,24,650.133579
-1300.0,16,650.235096
800.0,16,650.356543
800.0,16,650.456502
1400.0,28,650.636857
-1850.0,26,650.794364
1800.0,36,651.01943
1000.0,20,651.139043
950.0,19,651.258232
2650.0,62,651.638072
700.0,14,651.722756
500.0,25,651.879855
650.0,13,652.965718
150.0,15,653.061624
650.0,13,653.146214
1000.0,20,653.273618
2700.0,39,653.523755
325.0,24,653.689792
-900.0,15,653.808892
-650.0,47,654.13932
2800.0,40,654.358657
1000.0,20,654.444488
-700.0,19,654.53973
800.0,16,654.633482
1650.0,23,654.737339
700.0,14,654.807052
750.0,21,654.909262
1500.0,30,655.099165
1850.0,37,655.301049
1400.0,34,655.497717
1200.0,22,655.607552
750.0,15,655.669516
2000.0,40,655.82741
1400.0,25,656.616166
700.0,14,656.673415
900.0,18,656.755995
1300.0,32,656.884729
1100.0,22,656.977957
1200.0,24,657.085592
1100.0,28,657.221684
-150.0,19,657.327805
1000.0,23,657.453782
1750.0,24,657.54002
1550.0,31,657.695388
1250.0,31,657.917854
800.0,19,658.049185
1150.0,23,658.185774
650.0,28,658.347749
100.0,29,658.531307
700.0,14,658.60764
-1500.0,21,658.685939
-425.0,24,658.780643
800.0,16,658.847635
-300.0,21,658.949762
1300.0,26,659.099356
1350.0,16,660.032568
-1350.0,30,660.204052
1250.0,25,660.297496
75.0,4,660.310794
1300.0,26,660.448708
950.0,19,660.540051
950.0,19,660.648921
1950.0,39,660.854168
1950.0,39,661.093103
900.0,18,661.228628
1250.0,37,661.502969
1050.0,24,661.645746
-1350.0,30,661.853002
750.0,24,662.00409
500.0,43,662.223393
1100.0,22,662.329779
800.0,16,662.413126
1450.0,25,662.530262
750.0,21,662.636637
-3250.0,37,662.82703
1300.0,26,663.909212
200.0,25,664.059824
2000.0,28,664.217936
1250.0,25,664.352854
550.0,26,664.510348
600.0,12,664.587428
1300.0,20,664.675323
1150.0,29,664.812831
950.0,16,664.885837
1250.0,24,664.996978
900.0,18,665.078741
1200.0,27,665.209561
1450.0,29,665.323823
-2800.0,31,665.443124
750.0,21,665.522302
1150.0,29,665.629504
1050.0,15,665.684079
2000.0,40,665.833522
-1100.0,32,665.954098
1400.0,34,666.092906
2150.0,43,666.903819
1550.0,31,667.038104
1450.0,29,667.161362
1000.0,20,667.227513
800.0,21,667.293127
-100.0,28,667.414409
900.0,18,667.496168
-1600.0,19,667.590207
-1325.0,15,667.651836
1750.0,23,667.757976
1100.0,25,667.879502
-1500.0,18,667.950517
650.0,29,668.086339
650.0,15,668.170729
1450.0,29,668.335315
1200.0,24,668.480798
1600.0,19,668.55303
-225.0,4,668.567834
1550.0,19,668.649284
1300.0,16,668.72731
825.0,19,668.819015
-750.0,24,668.911763
1600.0,32,669.596629
75.0,4,669.608641
450.0,24,669.702116
1100.0,22,669.836133
1050.0,21,669.97055
1150.0,28,670.115995
900.0,18,670.207518
1050.0,21,670.353237
2050.0,37,670.630685
1600.0,32,670.829627
750.0,15,670.915051
1050.0,21,671.006458
-1050.0,21,671.166965
950.0,19,671.256195
900.0,30,671.380562
800.0,19,671.476804
800.0,16,671.589808
1850.0,82,672.053941
1600.0,19,672.136338
1150.0,23,672.239643
100.0,53,673.146793
150.0,15,673.224449
850.0,17,673.306689
950.0,22,673.411127
-250.0,28,673.552598
1000.0,20,673.6385
800.0,16,673.71316
-4000.0,46,673.965191
800.0,21,674.093659
1450.0,29,674.258043
1900.0,24,674.401957
2400.0,27,674.565965
1900.0,38,674.71165
1650.0,25,674.799942
1100.0,22,674.888761
800.0,16,674.95622
-800.0,23,675.060691
2200.0,28,675.174904
1000.0,20,675.257979
-350.0,17,675.325792
1800.0,36,675.473255
-100.0,28,676.257073
1200.0,27,676.378278
3000.0,51,676.598042
950.0,19,676.674785
1350.0,24,676.771755
1650.0,23,676.851512
2650.0,37,676.977796
-250.0,31,677.147952
1400.0,34,677.289144
1750.0,28,677.415599
1250.0,25,677.519334
1100.0,22,677.641328
-1050.0,33,677.812824
1000.0,20,677.909336
500.0,19,678.027558
1000.0,20,678.119066
1400.0,28,678.237168
1600.0,19,678.312507
475.0,15,678.372015
1000.0,20,679.12817
1400.0,28,679.282979
1100.0,22,679.377743
800.0,16,679.448851
-550.0,31,679.59315
1200.0,24,679.700106
1250.0,28,679.836389
1550.0,31,679.975519
1500.0,25,680.078001
400.0,17,680.155139
800.0,22,680.241077
600.0,21,680.329436
1900.0,38,680.48807
950.0,19,680.573965
1450.0,29,680.705465
900.0,18,680.777305
150.0,24,680.874715
950.0,19,680.957748
1450.0,26,681.068791
950.0,19,681.175451
900.0,18,681.271412
-2900.0,32,681.461606
350.0,13,682.274421
0.0,18,682.365344
-700.0,34,682.564585
250.0,50,682.77044
1300.0,21,682.841674
2300.0,46,683.034736
1550.0,34,683.203199
1750.0,21,683.306181
900.0,18,683.371207
1200.0,16,683.426406
-600.0,21,683.516044
750.0,15,683.574456
-100.0,25,683.681668
1000.0,18,683.750997
-850.0,13,683.802428
1000.0,26,683.922194
1100.0,22,684.0529
850.0,17,684.150173
1800.0,48,684.483472
850.0,17,684.585891
800.0,22,685.359751
1350.0,17,685.437351
-50.0,14,685.490961
1450.0,16,685.558903
900.0,18,685.626867
1900.0,24,685.712481
800.0,15,685.772498
1050.0,21,685.859596
-300.0,15,685.944168
2200.0,44,686.193475
750.0,18,686.265751
-100.0,28,686.389128
-1350.0,30,686.571807
1350.0,27,686.745663
-1300.0,37,686.923035
2200.0,44,687.118243
-950.0,23,687.241166
-1500.0,18,687.335331
975.0,20,687.440746
750.0,18,687.51111
-950.0,23,687.605437
2800.0,40,688.45542
900.0,18,688.544056
-700.0,19,688.629318
-50.0,29,688.786468
1350.0,33,688.953566
1300.0,26,689.080935
800.0,16,689.143749
550.0,17,689.205576
1150.0,23,689.301612
1800.0,36,689.439269
950.0,19,689.52116
1050.0,21,689.600294
1450.0,41,689.756393
650.0,13,689.808051
700.0,14,689.86681
1600.0,35,690.04482
800.0,19,690.143985
1100.0,22,690.249768
1000.0,19,690.327301
-150.0,24,690.462091
2300.0,46,690.772164
600.0,15,690.867558
2150.0,33,691.68849
1100.0,22,691.771823
1250.0,25,691.86979
-550.0,19,691.939852
-500.0,23,692.026439
-450.0,24,692.122714
1100.0,22,692.265933
450.0,15,692.337806
1150.0,23,692.438822
1200.0,24,692.541878
1100.0,22,692.642713
1200.0,22,692.75968
1000.0,20,692.8658
2200.0,44,693.047245
550.0,17,693.11386
750.0,15,693.16981
1750.0,23,693.369955
1200.0,24,693.624554
1300.0,26,693.795977
-100.0,28,693.945507
-950.0,20,694.087129
1050.0,21,694.211437
-100.0,28,695.016556
750.0,21,695.130524
1450.0,41,695.357229
1150.0,29,695.52697
1650.0,33,695.709549
550.0,20,695.820858
950.0,19,695.93067
1600.0,38,696.144208
2275.0,29,696.308843
1100.0,24,696.461318
800.0,16,696.585503
1800.0,23,696.666467
1750.0,24,696.751841
50.0,13,696.832022
1150.0,23,696.916626
550.0,17,696.973593
-150.0,66,697.232295
1100.0,22,697.34046
-50.0,17,697.418903
2500.0,26,698.157462
1550.0,31,698.318765
1850.0,33,698.451282
1750.0,24,698.576229
100.0,17,698.653236
2250.0,43,698.807172
-2200.0,40,698.968501
700.0,17,699.024334
800.0,16,699.106165
2050.0,30,699.215088
-1100.0,20,699.304609
400.0,38,699.449802
1000.0,20,699.544306
-2425.0,26,699.639386
300.0,15,699.685719
-500.0,17,699.731268
-750.0,24,699.803478
1200.0,19,699.858601
450.0,18,699.911777
800.0,16,699.961852
750.0,15,700.006531
1000.0,16,700.05744
1600.0,18,700.551079
1450.0,16,700.601536
850.0,17,700.649979
1850.0,33,700.756818
1800.0,27,700.845943
2000.0,40,700.980518
900.0,30,701.084597
750.0,15,701.14244
700.0,14,701.189461
750.0,21,701.254545
1150.0,23,701.323638
1100.0,22,701.390118
-1050.0,30,701.477653
550.0,47,701.677528
700.0,20,701.751437
350.0,13,701.811848
900.0,18,701.883558
1250.0,28,702.004321
950.0,19,702.090698
550.0,17,702.166986
900.0,18,702.258779
950.0,19,702.363379
-400.0,22,702.865192
750.0,18,702.929591
350.0,13,702.983028
1050.0,21,703.063799
1300.0,26,703.163798
1150.0,15,703.226794
1300.0,26,703.30423
2650.0,42,703.44629
1450.0,32,703.579829
950.0,19,703.639608
1200.0,30,703.733076
950.0,17,703.783854
650.0,13,703.824062
1000.0,16,703.873254
950.0,19,703.926495
-150.0,21,703.989383
550.0,14,704.03846
650.0,19,704.097966
-50.0,17,704.146641
850.0,17,704.197106
750.0,15,704.274573
-950.0,20,704.340703
150.0,30,704.42433
1250.0,25,704.500975
1650.0,33,705.393234
450.0,21,705.496457
-2600.0,35,705.649997
1400.0,28,705.835442
1450.0,21,705.948469
-1000.0,22,706.157199
2300.0,46,706.361901
1400.0,17,706.429086
400.0,20,706.514387
-1000.0,13,706.575147
400.0,14,706.620375
650.0,13,706.661751
-1000.0,34,706.825203
1300.0,20,706.898387
-200.0,20,706.993192
950.0,22,707.102557
150.0,33,707.276674
-3000.0,33,707.407524
750.0,18,707.467746
-1800.0,21,707.537611
2700.0,39,707.649307
300.0,18,708.076783
1750.0,35,708.171702
850.0,19,708.221324
1600.0,35,708.312518
-1375.0,17,708.359099
700.0,17,708.4054
1050.0,21,708.465729
200.0,31,708.561232
1150.0,23,708.639443
550.0,47,708.778189
900.0,18,708.832366
1550.0,31,708.921895
750.0,27,708.994589
400.0,30,709.078593
1050.0,21,709.138704
1400.0,31,709.226954
2400.0,27,709.299947
1250.0,25,709.365651
-4300.0,46,709.503509
1650.0,33,709.93124
1650.0,19,709.979606
700.0,23,710.03766
1475.0,18,710.083501
1975.0,26,710.151309
1650.0,33,710.243025
1100.0,22,710.299979
1000.0,20,710.352072
-1000.0,19,710.402177
1200.0,24,710.465302
850.0,17,710.515375
-1650.0,21,710.570853
900.0,30,710.64903
1600.0,27,710.736325
1300.0,26,710.810898
800.0,16,710.85281
-400.0,22,710.909368
2300.0,46,711.029832
900.0,18,711.076339
800.0,16,711.117188
400.0,23,711.174941
1000.0,23,712.117719
1350.0,27,712.289406
-850.0,19,712.361676
900.0,18,712.42264
1650.0,33,712.536175
-500.0,17,712.612498
1250.0,25,712.71118
-250.0,31,712.857105
-1000.0,16,712.919352
-1600.0,19,712.998745
1350.0,27,713.201386
1300.0,26,713.308192
650.0,13,713.351402
1350.0,27,713.44738
850.0,17,713.502038
750.0,27,713.621228
750.0,15,713.676225
1050.0,21,713.744814
900.0,18,713.805011
1800.0,27,713.891669
-650.0,35,714.002304
-600.0,21,714.061781
1650.0,33,714.48784
1350.0,27,714.574504
1850.0,43,714.69931
950.0,22,714.759636
800.0,28,714.834569
800.0,19,714.885235
1300.0,35,714.979039
550.0,29,715.058432
1100.0,22,715.117007
850.0,17,715.162948
800.0,13,715.201032
350.0,13,715.239643
-550.0,19,715.294976
1450.0,29,715.37007
100.0,17,715.414868
200.0,31,715.497113
-500.0,17,715.543117
-150.0,42,715.656263
1000.0,18,715.704395
800.0,22,715.763896
150.0,45,716.233386
1000.0,29,716.316434
700.0,14,716.360679
800.0,16,716.410333
1600.0,41,716.519479
100.0,35,716.619864
50.0,19,716.677158
-200.0,20,716.730179
1100.0,22,716.788681
450.0,18,716.841387
-50.0,17,716.890675
800.0,16,716.941451
150.0,30,717.02127
850.0,18,717.067702
-900.0,30,717.155921
500.0,19,717.209899
100.0,17,717.252522
-200.0,26,717.319416
1000.0,20,717.37575
2200.0,23,717.436696
950.0,19,717.488194
600.0,24,717.554872
950.0,19,717.666807
1350.0,17,718.285628
1100.0,22,718.367169
1250.0,25,718.479346
-4100.0,47,718.700707
950.0,19,718.789205
850.0,20,718.874257
750.0,24,718.976503
1250.0,25,719.062356
150.0,39,719.20705
-850.0,16,719.262764
1225.0,27,719.381068
1100.0,25,719.481121
-600.0,30,719.59673
-900.0,15,719.657445
250.0,26,719.76459
500.0,22,719.83548
-150.0,30,719.927617
1700.0,34,720.061197
-3100.0,34,720.178813
1600.0,27,720.292717
-250.0,17,720.91193
800.0,16,720.954378
2050.0,30,721.036587
-550.0,19,721.097516
800.0,16,721.1582
1400.0,34,721.25445
350.0,25,721.321189
950.0,22,721.390949
-1000.0,16,721.43441
-800.0,23,721.501456
0.0,24,721.566665
-200.0,26,721.644757
1100.0,22,721.719079
650.0,29,721.816024
1400.0,34,721.988482
350.0,22,722.049034
-2200.0,40,722.157847
575.0,14,722.204543
-100.0,25,722.272556
-950.0,23,722.335461
-2300.0,26,722.425389
1650.0,42,722.931821
1100.0,23,723.00134
650.0,25,723.074601
800.0,16,723.11803
900.0,18,723.163276
750.0,15,723.202028
1300.0,19,723.251621
1000.0,20,723.301327
1650.0,33,723.383167
-600.0,18,723.428587
750.0,24,723.491312
1200.0,33,723.578182
1300.0,26,723.645245
1150.0,23,723.71704
1100.0,22,723.77525
1950.0,39,723.880341
950.0,19,723.932654
1000.0,20,723.984586
350.0,19,724.038171
1650.0,33,724.137493
450.0,18,724.18878
1850.0,43,724.64752
2200.0,44,724.76385
1900.0,24,724.828609
1150.0,17,724.873767
-1650.0,42,724.984307
1450.0,29,725.061303
1650.0,33,725.148793
400.0,17,725.198292
-150.0,42,725.317178
1600.0,32,725.401992
950.0,22,725.461091
1050.0,21,725.5157
3100.0,34,725.608381
-50.0,26,725.676202
950.0,19,725.727167
800.0,13,725.763347
-100.0,28,725.841683
1250.0,31,725.92526
-1800.0,48,726.400651
-1350.0,30,726.480112
250.0,17,726.524035
850.0,17,726.570698
450.0,18,726.641364
550.0,17,726.694158
1300.0,19,726.75176
1350.0,27,726.828104
1900.0,24,726.904303
600.0,42,727.055669
1250.0,25,727.151734
750.0,15,727.222821
2100.0,31,727.337672
400.0,23,727.410484
100.0,29,727.5086
1700.0,33,727.622855
1250.0,17,727.685241
-150.0,30,727.795061
2150.0,30,727.903193
1400.0,28,728.067558
3800.0,49,728.665166
400.0,23,728.737146
500.0,25,728.808676
-4000.0,46,728.932361
1900.0,28,729.008193
1100.0,28,729.08219
1350.0,27,729.162681
1650.0,33,729.253246
950.0,19,729.305798
-50.0,33,729.394764
1100.0,22,729.467696
350.0,18,729.520212
750.0,15,729.573321
1500.0,20,729.631066
900.0,30,729.717625
75.0,4,729.72812
900.0,21,729.781631
-1450.0,22,729.838031
-250.0,17,729.883345
150.0,39,730.33269
1050.0,21,730.387001
1150.0,29,730.468443
1900.0,20,730.524285
-2750.0,38,730.630487
1500.0,21,730.695243
1450.0,41,730.814672
850.0,17,730.866276
850.0,23,730.929426
-600.0,18,730.983691
2450.0,30,731.065696
600.0,18,731.113119
1250.0,25,731.182018
950.0,19,731.234177
650.0,13,731.27069
600.0,12,731.303586
900.0,18,731.353291
2200.0,31,731.436175
-450.0,21,731.496493
1650.0,27,731.577947
950.0,19,731.629879
150.0,15,731.669668
1900.0,24,731.733949
1550.0,31,732.26932
-150.0,24,732.335585
800.0,21,732.390795
400.0,20,732.442515
-250.0,31,732.534753
750.0,15,732.576479
1300.0,26,732.649336
1000.0,16,732.698588
550.0,17,732.750857
750.0,15,732.790742
1900.0,24,732.853845
1900.0,24,732.91867
50.0,19,732.971153
1450.0,26,733.044848
500.0,13,733.079978
350.0,13,733.11501
500.0,22,733.171457
1650.0,25,733.234877
-150.0,27,733.307678
1050.0,21,733.363377
1100.0,22,733.41966
500.0,19,733.471505
700.0,29,733.548857
-1100.0,14,733.585123
-1200.0,18,733.980477
700.0,14,734.016685
750.0,12,734.055285
2100.0,60,734.243962
-3100.0,34,734.345466
1300.0,19,734.398426
475.0,12,734.434836
950.0,19,734.496743
1650.0,25,734.563473
1450.0,29,734.663879
475.0,27,734.75063
700.0,14,734.79353
800.0,16,734.844679
-1350.0,18,734.90312
1100.0,34,735.024059
1450.0,29,735.110979
450.0,12,735.142686
350.0,13,735.177857
-100.0,22,735.236665
950.0,19,735.292528
1300.0,29,735.368976
-50.0,17,735.412276
1400.0,28,735.491372
1050.0,21,735.960329
800.0,16,736.018031
1650.0,25,736.102525
1550.0,31,736.213259
750.0,27,736.293294
650.0,13,736.334547
1400.0,18,736.393312
-3000.0,33,736.50104
650.0,13,736.548937
-850.0,16,736.601744
950.0,19,736.672397
3650.0,48,736.82216
1500.0,30,736.913809
1000.0,18,736.994408
1300.0,14,737.042736
900.0,18,737.107278
-700.0,25,737.209923
-1000.0,25,737.306302
-3250.0,37,737.419442
750.0,30,737.51817
-1050.0,18,737.578501
-1350.0,30,738.03957
500.0,19,738.091604
950.0,19,738.144765
1150.0,23,738.208058
1100.0,22,738.267064
950.0,19,738.318802
750.0,21,738.380683
1800.0,31,738.463994
1100.0,22,738.524731
850.0,17,738.571882
-50.0,29,738.651279
1650.0,33,738.740533
750.0,18,738.793921
1550.0,22,738.85627
1000.0,26,738.929341
-1050.0,30,739.017419
1250.0,24,739.085838
-1100.0,14,739.124023
550.0,31,739.209681
1850.0,33,739.310902
1400.0,28,739.408879
1200.0,24,739.812951
900.0,18,739.874412
600.0,12,739.909429
2500.0,53,740.055274
700.0,14,740.100255
1000.0,20,740.15982
1100.0,22,740.217347
1150.0,29,740.306418
800.0,16,740.352994
-1900.0,28,740.439126
950.0,22,740.507474
1650.0,31,740.60501
1350.0,17,740.656256
550.0,47,740.793963
900.0,18,740.853386
1350.0,20,740.92215
-150.0,21,740.984079
850.0,17,741.038275
1650.0,22,741.127228
750.0,21,741.18942
1450.0,29,741.279087
-1000.0,46,741.827971
-2600.0,35,741.930785
950.0,19,741.988897
1350.0,27,742.088828
900.0,18,742.199384
-350.0,17,742.307489
-850.0,16,742.393298
1300.0,26,742.497256
150.0,39,742.635438
800.0,19,742.706312
750.0,21,742.773576
1250.0,24,742.85806
1300.0,20,742.929277
1350.0,17,742.981774
1050.0,21,743.051995
900.0,18,743.099732
-2600.0,29,743.177954
1500.0,19,743.246114
950.0,19,743.324797
2200.0,44,743.50172
850.0,17,743.570818
1050.0,21,743.648468
850.0,17,744.15239
650.0,16,744.212571
-1100.0,32,744.310391
1700.0,34,744.405079
2200.0,44,744.537301
-3400.0,40,744.67569
-1000.0,13,744.721344
1650.0,23,744.797512
1000.0,20,744.864724
1200.0,24,744.947848
1050.0,21,745.018835
3800.0,49,745.22298
-2750.0,38,745.343306
1150.0,19,745.406273
650.0,22,745.482923
-450.0,33,745.594402
2150.0,30,745.704771
-1500.0,33,745.8058
150.0,24,746.279452
950.0,16,746.324958
1950.0,39,746.434727
-150.0,18,746.493582
1050.0,21,746.557934
-1000.0,46,746.714485
-100.0,25,746.799841
1350.0,27,746.892041
800.0,22,746.960726
-350.0,26,747.036733
-300.0,17,747.082061
1850.0,37,747.177299
1200.0,24,747.242017
-1850.0,26,747.310629
25.0,3,747.318831
1250.0,25,747.390715
-2200.0,40,747.497105
1300.0,32,747.5821
500.0,13,747.618134
1350.0,27,747.69407
1150.0,29,748.131978
3000.0,51,748.282645
1500.0,19,748.330602
-1450.0,22,748.398735
-150.0,30,748.494292
1150.0,23,748.564426
-2950.0,37,748.681637
350.0,16,748.727068
850.0,17,748.772619
1600.0,32,748.862593
950.0,19,748.931715
500.0,22,749.006148
-850.0,13,749.051575
-250.0,37,749.165833
650.0,13,749.203408
-600.0,30,749.291253
-550.0,31,749.37228
-600.0,30,749.447375
-2050.0,28,749.522623
200.0,31,749.941128
-350.0,26,750.015347
250.0,26,750.084315
-100.0,34,750.173208
1050.0,21,750.229167
1625.0,35,750.322316
1100.0,22,750.379786
1200.0,20,750.432743
-2050.0,28,750.505885
-450.0,15,750.545295
1150.0,19,750.596395
-600.0,21,750.674811
-700.0,19,750.732232
750.0,36,750.825126
800.0,19,750.873537
1250.0,25,750.938701
350.0,16,750.980059
1500.0,17,751.025157
-1500.0,24,751.086022
750.0,21,751.140348
1800.0,25,751.208797
1350.0,20,751.268857
-700.0,25,751.69643
1950.0,39,751.798711
750.0,36,751.890409
-2300.0,26,751.961548
1450.0,29,752.051579
1250.0,25,752.117429
-250.0,19,752.171075
1350.0,27,752.246691
-1300.0,16,752.298344
500.0,19,752.401613
1000.0,20,752.486933
500.0,13,752.526506
750.0,15,752.569781
1150.0,23,752.645032
2000.0,40,752.763882
-1100.0,23,752.826323
400.0,30,752.905184
1150.0,23,752.964678
1250.0,34,753.054224
750.0,21,753.108894
1600.0,30,753.184798
900.0,18,753.545584
-375.0,7,753.562905
950.0,16,753.604508
1500.0,19,753.656094
1250.0,25,753.72206
-50.0,29,753.800032
900.0,18,753.84734
1750.0,35,753.939074
1100.0,22,753.994231
700.0,20,754.048323
-1000.0,13,754.084731
-2600.0,35,754.178698
700.0,17,754.224548
1500.0,30,754.303441
1350.0,17,754.348207
50.0,13,754.382025
600.0,21,754.438129
1600.0,27,754.511533
1850.0,82,754.735881
650.0,22,754.797613
1600.0,27,754.875861
1850.0,82,755.538296
1500.0,30,755.640152
1200.0,27,755.729498
0.0,33,755.815136
650.0,29,755.898404
1250.0,31,755.99229
1850.0,82,756.240741
900.0,18,756.293622
1300.0,15,756.339356
700.0,14,756.388023
750.0,24,756.453788
750.0,18,756.5016
-1350.0,18,756.549403
900.0,18,756.597101
-100.0,22,756.653752
1250.0,25,756.729563
1300.0,14,756.772537
1450.0,32,757.223883
1300.0,21,757.292762
1150.0,17,757.346199
-800.0,23,757.42502
-1500.0,21,757.508753
800.0,21,757.603456
1800.0,36,757.727722
900.0,18,757.78326
1900.0,24,757.866209
1050.0,30,757.943261
750.0,15,757.9821
-300.0,15,758.032557
850.0,17,758.083329
350.0,13,758.119971
2400.0,27,758.19258
1200.0,16,758.235982
1450.0,29,758.321435
1000.0,20,758.383662
950.0,19,758.436011
550.0,29,758.515128
-800.0,23,758.579693
800.0,22,758.6759
650.0,13,758.723664
650.0,19,758.785948
950.0,17,759.227958
1250.0,25,759.300997
1500.0,30,759.383665
-800.0,23,759.44352
1750.0,21,759.500482
800.0,16,759.547832
650.0,15,759.588828
-150.0,30,759.672359
1000.0,29,759.750124
1100.0,36,759.84299
1550.0,31,759.924574
1200.0,24,759.98741
800.0,22,760.045405
1600.0,32,760.129214
1250.0,25,760.198391
350.0,16,760.243772
150.0,12,760.277702
400.0,20,760.337559
50.0,19,760.394727
-150.0,21,760.45874
1250.0,34,760.560471
-150.0,24,761.047752
500.0,13,761.0862
700.0,14,761.131296
400.0,14,761.189771
350.0,22,761.262833
1450.0,29,761.341767
1200.0,16,761.383894
1100.0,22,761.440032
650.0,19,761.4887
950.0,19,761.541736
1450.0,18,761.588469
1150.0,23,761.649171
950.0,25,761.714086
1350.0,27,761.785287
1950.0,45,761.899729
800.0,15,761.941441
-900.0,15,761.981877
500.0,19,762.031758
700.0,14,762.066928
-600.0,18,762.119566
1250.0,25,762.187027
650.0,13,762.224769
1450.0,16,762.271683
-150.0,21,762.336935
-1350.0,39,762.438522
800.0,16,762.806678
700.0,14,762.843799
1200.0,20,762.898672
-750.0,18,762.948504
450.0,21,763.003257
-400.0,37,763.099344
650.0,13,763.132393
-1650.0,33,763.217865
800.0,16,763.263867
1450.0,29,763.340545
950.0,19,763.391146
-250.0,28,763.464277
-100.0,22,763.527228
650.0,29,763.601374
-2200.0,40,763.707525
600.0,21,763.768826
750.0,15,763.816953
-100.0,20,763.879376
1500.0,30,763.960397
2650.0,37,764.06183
900.0,18,764.111788
400.0,17,764.161231
1350.0,17,764.54514
900.0,18,764.600662
-150.0,42,764.773473
575.0,14,764.825491
-2600.0,32,764.926289
850.0,17,764.977496
1450.0,29,765.054212
1150.0,28,765.128413
700.0,14,765.165415
1600.0,27,765.237665
700.0,14,765.274931
1850.0,33,765.365817
2000.0,28,765.437308
1300.0,16,765.47948
1100.0,22,765.541362
650.0,19,765.594545
1200.0,24,765.659643
1500.0,20,765.714852
1550.0,19,765.767078
1400.0,22,765.824967
1100.0,37,765.922007
-2200.0,40,766.355209
1650.0,22,766.419998
900.0,18,766.496258
750.0,15,766.550556
1150.0,29,766.657541
900.0,18,766.748885
1350.0,27,766.828421
-1000.0,25,766.89652
1350.0,27,766.971659
1050.0,21,767.027388
750.0,18,767.075459
3800.0,49,767.222041
1100.0,22,767.287968
1200.0,24,767.360796
-600.0,18,767.411516
-1100.0,20,767.466447
1050.0,30,767.551076
1000.0,23,767.613261
-50.0,26,767.684332
-1600.0,19,767.737007
1500.0,30,767.817184
1200.0,22,768.19
950.0,19,768.236813
750.0,12,768.271386
1700.0,23,768.337428
900.0,18,768.387097
-100.0,28,768.459761
-250.0,19,768.510048
-900.0,15,768.555451
1050.0,21,768.61558
1050.0,24,768.684803
1650.0,33,768.778976
-1500.0,18,768.828575
950.0,19,768.882072
1100.0,22,768.942015
2250.0,43,769.064721
-200.0,26,769.143931
1300.0,20,769.205728
1350.0,27,769.284596
1150.0,23,769.348832
850.0,17,769.39467
950.0,19,769.450575
800.0,16,769.497476
-400.0,22,769.570101
-550.0,16,769.632351
850.0,17,770.05929
650.0,13,770.095742
1050.0,21,770.155869
650.0,13,770.193453
1750.0,23,770.264981
750.0,18,770.322098
-1450.0,25,770.402975
1050.0,21,770.478063
-1650.0,33,770.587605
650.0,19,770.645074
2150.0,43,770.755667
-1200.0,27,770.839459
1900.0,24,770.915647
900.0,27,771.00265
900.0,18,771.064056
-50.0,17,771.124551
150.0,30,771.218928
-650.0,23,771.280997
500.0,22,771.343414
-1100.0,17,771.389411
1000.0,23,771.44807
900.0,24,771.513005
1400.0,23,771.920064
1550.0,31,771.999696
1700.0,23,772.057653
1700.0,21,772.111016
1850.0,33,772.200253
750.0,21,772.255209
650.0,13,772.288137
1350.0,27,772.357604
-2100.0,30,772.435143
1800.0,25,772.498938
-750.0,18,772.547413
700.0,20,772.597679
1100.0,23,772.659701
1200.0,20,772.710972
900.0,18,772.758476
-400.0,22,772.813965
800.0,16,772.858023
2000.0,40,772.960108
1000.0,19,773.009095
-650.0,20,773.068441
1650.0,31,773.167551
700.0,14,773.206404
1050.0,21,773.271561
950.0,19,773.68578
900.0,18,773.73067
250.0,20,773.78445
1000.0,20,773.835387
950.0,19,773.89006
850.0,17,773.935773
-1350.0,18,773.9847
950.0,19,774.044565
1250.0,31,774.128217
2200.0,44,774.247886
1150.0,23,774.313728
650.0,19,774.400239
1100.0,17,774.452599
1000.0,29,774.538373
-1600.0,19,774.596054
-700.0,25,774.676843
350.0,19,774.733382
750.0,15,774.776387
1650.0,22,774.849236
450.0,15,774.911151
1250.0,25,774.995682
-300.0,21,775.059403
950.0,19,775.119934
150.0,15,775.165986
-5200.0,82,775.807492
1350.0,16,775.859887
1650.0,39,775.978849
1300.0,19,776.034661
-1050.0,33,776.129278
900.0,18,776.188362
850.0,17,776.235502
-225.0,4,776.247018
1000.0,20,776.301174
700.0,26,776.369699
-1050.0,24,776.439331
800.0,16,776.486511
600.0,15,776.530318
0.0,15,776.586375
650.0,13,776.632934
-350.0,23,776.707083
1550.0,31,776.817028
900.0,24,776.899645
1350.0,27,777.002258
-2400.0,27,777.098003
800.0,19,777.177641
1400.0,25,777.616626
2100.0,60,777.800128
1250.0,28,777.882249
1050.0,19,777.939713
400.0,17,777.997273
-350.0,17,778.080461
800.0,16,778.153204
-1100.0,47,778.315859
700.0,17,778.372415
1150.0,23,778.459479
1550.0,31,778.574469
1450.0,32,778.67052
1300.0,22,778.731034
600.0,12,778.761095
1450.0,29,778.845134
1300.0,20,778.901628
950.0,19,778.955788
1650.0,31,779.043877
-2100.0,60,779.526205
1100.0,37,779.624448
-150.0,21,779.680074
650.0,13,779.715529
1250.0,31,779.798987
900.0,30,779.877602
500.0,19,779.932694
-250.0,31,780.01533
1100.0,31,780.108513
1350.0,27,780.183182
1050.0,21,780.240289
1100.0,22,780.29839
-1500.0,18,780.346539
2200.0,44,780.479257
250.0,50,780.621558
800.0,13,780.659461
500.0,22,780.720343
-1050.0,36,780.834106
1500.0,19,780.888011
600.0,12,780.920765
1250.0,37,781.363569
800.0,22,781.420458
1000.0,20,781.474769
3150.0,63,781.648026
1050.0,15,781.688858
1400.0,16,781.736785
-1600.0,19,781.795145
750.0,17,781.839363
1350.0,21,781.897214
700.0,14,781.935565
800.0,22,781.99748
1050.0,21,782.054971
1150.0,23,782.122676
950.0,19,782.177784
950.0,19,782.236044
600.0,24,782.311085
-1050.0,33,782.413633
-250.0,28,782.504449
2200.0,23,782.585606
1200.0,24,782.662559
-400.0,16,782.707963
1350.0,24,782.784095
1850.0,82,783.453331
550.0,17,783.501108
750.0,15,783.544589
2200.0,30,783.625676
1000.0,20,783.678358
-100.0,22,783.73779
1550.0,31,783.816385
-1450.0,25,783.878813
1350.0,27,783.952776
-1100.0,32,784.036004
900.0,18,784.082943
1050.0,19,784.131472
750.0,24,784.203612
900.0,18,784.251068
1100.0,28,784.324059
-750.0,21,784.379513
800.0,16,784.422143
350.0,13,784.457781
-4300.0,46,784.585542
1050.0,21,784.991754
-500.0,23,785.052939
850.0,17,785.102157
1200.0,27,785.180522
-650.0,35,785.269515
1300.0,26,785.337285
1300.0,26,785.410974
1600.0,28,785.491116
650.0,13,785.528116
1200.0,22,785.600705
1250.0,28,785.675175
700.0,24,785.740652
750.0,18,785.786631
800.0,25,785.851538
2800.0,46,785.972466
1400.0,18,786.021024
1100.0,22,786.0852
1400.0,34,786.187949
1100.0,34,786.280992
1050.0,30,786.367683
1250.0,17,786.774027
100.0,23,786.836486
1500.0,19,786.88607
1850.0,37,786.996303
450.0,15,787.034081
1500.0,18,787.079749
1100.0,22,787.138506
1350.0,17,787.186044
1550.0,19,787.233526
-1000.0,25,787.297866
-1125.0,55,787.43794
1350.0,24,787.498042
400.0,14,787.534667
1250.0,15,787.57338
800.0,16,787.615966
-600.0,18,787.664272
850.0,17,787.709339
-150.0,21,787.769119
1050.0,30,787.853396
1300.0,14,787.891624
-1200.0,27,787.988532
1100.0,37,788.126655
1750.0,28,788.570243
1450.0,29,788.649804
2900.0,46,788.788876
1650.0,23,788.855055
1100.0,23,788.938578
600.0,15,788.983566
-1400.0,20,789.03861
700.0,26,789.124293
550.0,17,789.180517
1450.0,41,789.330771
650.0,22,789.402339
1650.0,26,789.475099
1050.0,21,789.53783
1150.0,23,789.601415
-450.0,18,789.651849
-900.0,15,789.692772
750.0,15,789.735022
750.0,18,789.784627
500.0,13,789.8197
-3250.0,37,789.928417
800.0,15,789.971277
1500.0,30,790.056695
1100.0,22,790.466441
950.0,19,790.519555
-2650.0,31,790.608037
-5200.0,58,790.770349
-1700.0,35,790.867765
900.0,18,790.916821
1800.0,36,791.017408
950.0,22,791.085042
2900.0,46,791.212563
-850.0,16,791.255164
1100.0,36,791.356768
1000.0,20,791.414229
2350.0,31,791.499175
800.0,16,791.544025
-1100.0,32,791.627515
1650.0,33,791.717408
800.0,25,791.787012
500.0,29,792.263526
500.0,22,792.325598
800.0,16,792.37043
1300.0,14,792.409265
800.0,16,792.453937
700.0,17,792.500942
-2750.0,38,792.606157
900.0,18,792.654806
750.0,24,792.717717
650.0,19,792.765581
1400.0,18,792.816205
950.0,16,792.862721
1750.0,26,792.930151
-2300.0,26,792.995874
900.0,18,793.042636
-600.0,18,793.089491
1150.0,23,793.150902
1650.0,33,793.237571
-1050.0,33,793.319167
1000.0,23,793.376638
1550.0,34,793.462462
450.0,21,793.513231
300.0,15,793.550263
1350.0,27,793.932989
800.0,22,793.991694
1750.0,22,794.048121
650.0,13,794.082467
1650.0,20,794.138972
1000.0,32,794.216206
500.0,16,794.259021
-1000.0,34,794.356742
750.0,21,794.415034
2150.0,27,794.486598
1900.0,24,794.552249
-1175.0,12,794.588031
1650.0,26,794.658008
-700.0,19,794.710002
-250.0,16,794.755238
-1800.0,39,794.859834
850.0,17,794.906178
-1700.0,26,794.97499
850.0,17,795.018357
400.0,38,795.118571
1900.0,24,795.183142
700.0,14,795.220439
-1150.0,28,795.611526
350.0,16,795.65452
1900.0,38,795.755537
-1400.0,20,795.808291
-700.0,22,795.866942
900.0,18,795.915699
2700.0,54,796.058146
1900.0,38,796.158629
500.0,16,796.20231
1050.0,21,796.259753
950.0,19,796.311714
1100.0,22,796.372116
-400.0,16,796.41548
1500.0,30,796.495553
850.0,17,796.541584
1900.0,24,796.60649
-1000.0,19,796.658781
-1850.0,26,796.728164
2150.0,43,796.841021
1350.0,27,796.912832
-700.0,25,796.981498
2900.0,46,797.413355
1250.0,25,797.477754
1000.0,23,797.53707
-1050.0,36,797.629948
750.0,15,797.670246
1900.0,28,797.740798
1050.0,21,797.796945
1400.0,34,797.887784
1550.0,19,797.940505
1650.0,26,798.012301
1350.0,27,798.087753
800.0,16,798.130566
1000.0,19,798.181953
750.0,36,798.27738
-350.0,17,798.322601
-550.0,19,798.373133
1400.0,24,798.434804
-50.0,41,798.543665
-400.0,22,798.603843
1100.0,22,798.990073
1000.0,20,799.04246
150.0,30,799.119045
1100.0,28,799.191056
900.0,18,799.23973
1200.0,18,799.286725
1000.0,23,799.342436
1300.0,26,799.410385
950.0,28,799.484862
750.0,18,799.532865
550.0,26,799.603143
800.0,19,799.658608
350.0,16,799.707309
950.0,22,799.774699
-600.0,21,799.835905
900.0,24,799.90544
-450.0,24,799.980238
700.0,20,800.033512
1150.0,26,800.104311
1200.0,24,800.184412
-1150.0,28,800.292356
850.0,19,800.354376
50.0,19,800.405015
-400.0,16,800.766703
-100.0,28,800.837326
0.0,15,800.876401
500.0,19,800.925786
850.0,17,800.969554
800.0,16,801.010307
700.0,14,801.047081
1650.0,42,801.154882
700.0,14,801.192225
500.0,16,801.235673
800.0,16,801.280401
900.0,18,801.328372
950.0,19,801.378414
1200.0,20,801.431839
-150.0,66,801.601812
300.0,21,801.657991
400.0,14,801.693224
-2600.0,32,801.775807
700.0,17,801.81875
1750.0,22,801.875081
-850.0,16,801.917015
950.0,19,801.966193
-500.0,35,802.056047
550.0,17,802.413306
-100.0,25,802.478379
750.0,21,802.532738
700.0,14,802.571436
-1050.0,36,802.672218
-2100.0,57,802.824936
1150.0,23,802.88706
900.0,45,803.012745
1250.0,25,803.079379
2150.0,30,803.158743
-1500.0,18,803.205628
1400.0,28,803.279335
-200.0,35,803.370342
600.0,21,803.424247
100.0,29,803.503576
1300.0,16,803.547171
1600.0,31,803.641727
1100.0,22,803.740552
900.0,18,803.817747
1450.0,29,804.24667
850.0,17,804.289463
1250.0,31,804.37163
-1750.0,25,804.438956
1450.0,29,804.515216
750.0,27,804.588094
1000.0,29,804.672019
-550.0,19,804.723278
-2300.0,26,804.793634
1950.0,45,804.916945
950.0,16,804.959047
1925.0,32,805.04116
2150.0,33,805.123786
150.0,24,805.185646
1700.0,33,805.268245
750.0,21,805.321334
550.0,17,805.364996
-950.0,23,805.421516
1400.0,34,805.507924
850.0,23,805.893532
-450.0,30,805.969951
1250.0,25,806.032452
2150.0,27,806.09743
1100.0,22,806.157071
1100.0,15,806.197287
1850.0,43,806.312784
1600.0,19,806.365376
-1350.0,30,806.441499
150.0,24,806.501209
400.0,14,806.535546
1250.0,25,806.599411
350.0,16,806.64031
1450.0,29,806.719475
-1050.0,51,806.848169
600.0,15,806.885953
1350.0,20,806.936374
650.0,19,806.984981
1000.0,20,807.037589
850.0,17,807.083327
2100.0,48,807.550691
800.0,19,807.608426
1650.0,22,807.673164
650.0,19,807.723155
-650.0,47,807.852443
1200.0,24,807.916604
350.0,16,807.959731
1400.0,24,808.024531
-250.0,17,808.068838
1250.0,14,808.103483
750.0,15,808.14066
850.0,20,808.199101
1450.0,41,808.31104
2350.0,36,808.408198
500.0,25,808.475502
-450.0,18,808.521743
700.0,14,808.558655
1850.0,43,808.667474
1200.0,24,808.729568
1250.0,25,808.793458
950.0,17,808.836714
500.0,25,808.902059
-4300.0,46,809.346679
1050.0,21,809.410118
1300.0,26,809.482095
850.0,18,809.529484
800.0,16,809.574031
1450.0,32,809.659517
1100.0,22,809.72261
1200.0,17,809.769027
1200.0,48,809.951828
800.0,16,810.003544
-150.0,21,810.05614
1250.0,15,810.094969
1750.0,24,810.151852
900.0,18,810.199533
1600.0,19,810.24959
650.0,19,810.296484
1000.0,29,810.368986
-600.0,18,810.41793
900.0,18,810.462471
1450.0,32,810.5442
950.0,19,810.592282
900.0,21,810.977697
-400.0,37,811.074199
850.0,17,811.120927
-1100.0,14,811.158089
1650.0,33,811.247019
1000.0,20,811.302845
400.0,20,811.353449
600.0,42,811.4643
-1000.0,13,811.498454
750.0,24,811.561134
1200.0,24,811.622239
1200.0,24,811.686154
900.0,18,811.732826
1050.0,21,811.787659
1350.0,27,811.857372
1200.0,16,811.900022
2200.0,44,812.01333
1000.0,26,812.081762
750.0,21,812.137002
1600.0,18,812.185537
950.0,19,812.234782
0.0,18,812.284322
850.0,17,812.655897
1800.0,23,812.718084
-250.0,28,812.794448
950.0,19,812.845718
1000.0,20,812.900086
1100.0,34,812.991421
1150.0,23,813.05245
1050.0,21,813.108313
900.0,18,813.155309
1300.0,14,813.192615
1300.0,14,813.229651
1550.0,24,813.292427
1750.0,21,813.346704
600.0,15,813.387188
950.0,16,813.427289
250.0,20,813.480864
1150.0,28,813.554892
-5500.0,64,813.723787
1650.0,33,813.813337
1450.0,18,813.860318
750.0,27,813.931501
750.0,36,814.348728
1500.0,30,814.429596
400.0,20,814.484209
500.0,19,814.534765
1000.0,18,814.585487
1400.0,19,814.63616
550.0,17,814.683931
1350.0,23,814.743928
1900.0,24,814.811442
1100.0,22,814.871277
-1100.0,14,814.908949
1450.0,29,814.984991
950.0,19,815.035191
475.0,12,815.067596
1050.0,21,815.124021
-100.0,25,815.189312
-950.0,20,815.241874
1300.0,19,815.292164
-1350.0,30,815.369127
2150.0,43,815.491808
2500.0,53,815.634654
1050.0,21,815.69359
1150.0,23,816.068292
400.0,32,816.15184
-50.0,41,816.260197
950.0,19,816.311563
1100.0,22,816.370322
2500.0,53,816.509381
-1500.0,21,816.566148
850.0,17,816.612145
950.0,19,816.663229
1450.0,29,816.738993
1350.0,21,816.795408
1150.0,23,816.857329
800.0,28,816.931538
750.0,27,817.003606
950.0,19,817.05334
-1800.0,21,817.10896
300.0,21,817.165235
1350.0,20,817.21677
150.0,24,817.279275
-1100.0,20,817.332581
1150.0,26,817.732948
2350.0,31,817.815097
1300.0,14,817.852496
1100.0,15,817.891602
1000.0,20,817.944455
1200.0,24,818.009412
-600.0,18,818.059206
1100.0,22,818.115612
150.0,15,818.152494
1750.0,24,818.213035
1250.0,25,818.274069
1450.0,18,818.321592
1050.0,12,818.352599
800.0,16,818.392255
1050.0,21,818.442679
-650.0,26,818.508608
950.0,19,818.561248
-150.0,19,818.609866
-250.0,16,818.65258
-1100.0,23,818.712376
800.0,16,818.753621
1225.0,27,818.822411
1100.0,32,818.902592
350.0,13,818.936816
1650.0,22,818.990872
-750.0,24,819.366817
850.0,17,819.409612
-700.0,19,819.458857
650.0,13,819.493076
1800.0,25,819.557238
800.0,19,819.606804
1000.0,23,819.668318
750.0,21,819.724315
1050.0,19,819.775198
1550.0,31,819.859072
700.0,24,819.923045
800.0,16,819.964751
1300.0,14,820.002293
75.0,4,820.015613
1450.0,29,820.092859
-700.0,25,820.156366
-950.0,23,820.215523
1450.0,29,820.292536
-2300.0,26,820.358883
2200.0,28,820.431652
1450.0,29,820.510025
1100.0,22,820.579815
700.0,17,820.628953
1700.0,22,820.688394
-1700.0,23,821.079124
400.0,32,821.166608
300.0,21,821.218594
1000.0,20,821.266824
1850.0,37,821.360652
-2300.0,26,821.428538
1400.0,28,821.505359
500.0,19,821.55512
-1800.0,39,821.664357
1450.0,16,821.708347
1000.0,29,821.784949
-1100.0,23,821.850316
1150.0,23,821.910625
1300.0,22,821.971855
-3100.0,34,822.072493
2000.0,28,822.155069
-550.0,19,822.206091
875.0,16,822.24998
800.0,22,822.310235
-950.0,20,822.363308
1200.0,33,822.779261
1200.0,20,822.830259
1900.0,24,822.893126
1500.0,30,822.968845
-600.0,21,823.026044
-150.0,18,823.073102
1300.0,26,823.141408
400.0,23,823.206794
1550.0,31,823.28814
-900.0,30,823.36416
-900.0,15,823.403976
-2650.0,31,823.484571
-600.0,21,823.538041
1550.0,22,823.596772
800.0,13,823.632538
900.0,18,823.680899
1150.0,17,823.725648
2050.0,47,823.844068
950.0,19,823.894011
250.0,17,823.939855
1250.0,28,824.016653
1100.0,22,824.076962
1400.0,28,824.477628
-1250.0,35,824.57074
2350.0,47,824.698133
1300.0,14,824.733757
3650.0,48,824.858923
1150.0,19,824.91112
850.0,17,824.955722
1350.0,27,825.028147
1650.0,23,825.098726
1000.0,20,825.150607
850.0,23,825.21345
800.0,19,825.26695
900.0,18,825.31656
-900.0,12,825.349561
450.0,15,825.38913
700.0,14,825.426581
-4000.0,46,825.548702
950.0,19,825.604875
2050.0,30,825.70246
1300.0,16,825.746594
-1800.0,48,826.274259
650.0,19,826.323893
1250.0,25,826.38984
1850.0,37,826.483227
1300.0,14,826.520941
750.0,27,826.591351
850.0,17,826.641818
-2300.0,26,826.710157
-1500.0,21,826.766594
1150.0,19,826.816177
450.0,21,826.871423
1450.0,25,826.937419
-4100.0,47,827.060113
-1100.0,20,827.11323
1150.0,23,827.173508
-800.0,23,827.235635
1600.0,18,827.285488
-150.0,27,827.357973
700.0,23,827.420167
-700.0,19,827.471347
700.0,14,827.50947
-200.0,20,827.56445
1300.0,18,827.928024
-650.0,35,828.020482
250.0,26,828.091491
350.0,16,828.133212
1200.0,42,828.240693
1200.0,20,828.29589
1400.0,24,828.358251
1550.0,19,828.4067
-1450.0,22,828.467149
-200.0,20,828.528524
1200.0,24,828.608365
-250.0,28,828.678568
550.0,17,828.724516
50.0,25,828.789938
400.0,17,828.836475
1300.0,16,828.878789
550.0,20,828.932201
150.0,30,829.014221
1200.0,24,829.078774
850.0,17,829.12557
700.0,14,829.162148
2050.0,30,829.24172
1300.0,26,829.625461
-2100.0,57,829.772745
1450.0,41,829.877068
1050.0,21,829.929839
1000.0,20,830.001181
900.0,18,830.046937
950.0,16,830.087387
1300.0,16,830.128413
-350.0,23,830.187163
1600.0,27,830.254171
-100.0,20,830.310237
1100.0,22,830.366982
1450.0,16,830.408186
750.0,18,830.455651
950.0,19,830.506367
900.0,18,830.555202
1100.0,22,830.617965
1100.0,28,830.696126
1200.0,24,830.759307
1300.0,20,830.813041
550.0,17,830.85821
-1500.0,33,830.942352
800.0,16,831.290084
900.0,45,831.412499
1300.0,16,831.454965
1150.0,28,831.527983
800.0,15,831.567458
-1000.0,13,831.601444
-600.0,18,831.648987
850.0,17,831.693527
950.0,19,831.743649
-1100.0,20,831.798996
1050.0,21,831.858608
1050.0,21,831.914369
-150.0,21,831.968379
1550.0,31,832.048333
-1050.0,18,832.095133
1400.0,22,832.152812
-50.0,14,832.191167
700.0,14,832.229558
-1000.0,46,832.354108
1100.0,28,832.427372
-200.0,20,832.479054
1000.0,18,832.526582
-2800.0,31,832.607596
-1100.0,23,832.993043
-700.0,19,833.042777
1300.0,26,833.110053
700.0,14,833.146801
800.0,16,833.187218
850.0,17,833.228776
650.0,22,833.284825
-1350.0,39,833.383186
1200.0,20,833.434585
1200.0,48,833.560589
-100.0,34,833.651396
-150.0,25,833.72095
700.0,20,833.774128
1450.0,29,833.85233
-1600.0,22,833.912154
-150.0,24,833.974183
750.0,18,834.023234
1750.0,28,834.097575
800.0,19,834.146451
-700.0,19,834.197158
-600.0,18,834.244367
1150.0,18,834.293246
-1100.0,14,834.661016
2200.0,23,834.72833
1600.0,19,834.775805
700.0,20,834.828323
1050.0,12,834.859215
-500.0,35,834.952188
800.0,19,835.004645
0.0,15,835.045845
950.0,19,835.095439
1650.0,33,835.177766
150.0,39,835.276896
-700.0,25,835.343817
1550.0,34,835.438578
1650.0,19,835.489428
1100.0,22,835.548854
1100.0,22,835.606615
450.0,18,835.654814
1650.0,39,835.757836
750.0,15,835.796778
950.0,16,835.840414
400.0,23,835.900635
2100.0,48,836.345656
1700.0,34,836.436491
-1500.0,24,836.499556
-1100.0,14,836.536942
1650.0,42,836.644367
1500.0,30,836.72354
1000.0,20,836.775205
950.0,19,836.823621
1850.0,43,836.944515
-200.0,20,836.999448
-700.0,22,837.059785
1300.0,29,837.139746
1000.0,20,837.193827
1300.0,26,837.263419
1000.0,18,837.312046
-2750.0,38,837.412728
-50.0,26,837.48275
1450.0,32,837.566694
950.0,19,837.618486
500.0,25,838.022742
1300.0,19,838.07278
450.0,15,838.112767
1300.0,32,838.196811
1300.0,26,838.265079
-900.0,15,838.305959
1500.0,30,838.383253
1750.0,35,838.476706
800.0,16,838.521157
1600.0,35,838.617157
-4100.0,47,838.746292
-100.0,34,838.834204
1650.0,23,838.893028
950.0,17,838.940905
2650.0,42,839.146021
-400.0,37,839.241759
1100.0,22,839.297624
1450.0,32,839.377407
-150.0,39,839.793133
450.0,18,839.837954
-650.0,23,839.893193
1650.0,31,839.975311
850.0,19,840.022879
2050.0,28,840.098439
1650.0,33,840.184113
900.0,18,840.232711
1650.0,33,840.319775
1400.0,28,840.394541
250.0,20,840.447697
-1350.0,18,840.495389
900.0,18,840.541141
1950.0,42,840.648077
450.0,18,840.695117
1450.0,25,840.758986
1850.0,43,840.867547
1000.0,29,840.942605
900.0,18,840.988298
1000.0,20,841.040834
2700.0,54,841.479232
350.0,16,841.520798
1050.0,21,841.576488
1800.0,25,841.640881
-600.0,18,841.689066
750.0,17,841.732128
-250.0,17,841.774845
1000.0,20,841.82593
-250.0,31,841.906977
950.0,19,841.957412
1000.0,20,842.009931
-600.0,33,842.096078
1800.0,36,842.188361
-1200.0,27,842.255836
-950.0,20,842.306073
1200.0,18,842.350787
850.0,17,842.392577
1400.0,28,842.461845
700.0,14,842.498672
-100.0,34,842.586283
1700.0,33,842.678626
2050.0,28,843.079544
-1500.0,18,843.125607
1400.0,19,843.17607
1700.0,34,843.26705
-1200.0,27,843.339529
1250.0,28,843.412624
1450.0,16,843.457185
450.0,18,843.506778
900.0,18,843.568175
1100.0,25,843.637786
800.0,16,843.691775
950.0,19,843.757348
1050.0,21,843.832783
1150.0,13,843.874519
850.0,17,843.933148
-2300.0,26,844.029068
-1100.0,23,844.097509
1000.0,20,844.157023
1050.0,21,844.222535
500.0,19,844.274481
1050.0,21,844.343443
1100.0,22,844.417544
100.0,23,844.487033
1300.0,18,844.534009
1250.0,24,844.974369
1200.0,24,845.076879
1550.0,19,845.15979
1100.0,22,845.221378
1800.0,27,845.295608
1250.0,25,845.361939
750.0,15,845.402419
850.0,17,845.448271
700.0,17,845.494007
1650.0,33,845.587184
1000.0,26,845.658802
1250.0,25,845.730499
-50.0,53,845.870201
900.0,18,845.915445
1050.0,15,845.956357
-400.0,16,845.99726
250.0,26,846.062823
900.0,24,846.123812
250.0,17,846.16512
750.0,21,846.216352
875.0,15,846.256599
850.0,20,846.306308
1450.0,29,846.375556
2100.0,31,846.77296
750.0,15,846.811069
-1650.0,33,846.900059
350.0,16,846.940077
1550.0,31,847.028723
950.0,28,847.12047
1650.0,33,847.212273
-650.0,17,847.258231
-1400.0,23,847.31873
300.0,21,847.371321
450.0,18,847.414872
1100.0,34,847.501377
1700.0,22,847.559931
1600.0,19,847.609628
1200.0,19,847.660929
1150.0,15,847.705093
-700.0,25,847.774157
-150.0,18,847.821289
-1000.0,16,847.865219
900.0,18,847.917923
850.0,17,847.960808
50.0,19,848.012106
450.0,27,848.081981
1850.0,43,848.513108
-1350.0,30,848.58923
1200.0,14,848.627824
1600.0,32,848.713588
900.0,18,848.763247
1400.0,25,848.828623
950.0,19,848.877671
1100.0,22,848.934367
700.0,20,848.984965
400.0,14,849.024266
650.0,13,849.057446
1100.0,22,849.111637
600.0,12,849.143501
-100.0,34,849.239954
550.0,17,849.288299
1250.0,17,849.336089
500.0,25,849.402375
500.0,22,849.458103
1450.0,29,849.535139
850.0,17,849.581098
750.0,15,849.621663
-150.0,19,849.677794
700.0,20,849.73234
1350.0,27,850.11823
2650.0,42,850.228299
1500.0,19,850.283089
-4300.0,46,850.409309
-1100.0,14,850.446628
0.0,24,850.514619
1300.0,29,850.59681
2300.0,46,850.732204
1250.0,31,850.810462
1000.0,18,850.853875
1200.0,30,850.931311
750.0,21,850.988403
1050.0,21,851.044299
800.0,19,851.095279
1100.0,28,851.173957
150.0,30,851.256625
1000.0,20,851.31146
850.0,17,851.356581
-900.0,12,851.388102
-500.0,26,851.452423
2050.0,36,851.875635
1150.0,13,851.910535
1500.0,30,851.992016
1350.0,15,852.033095
-350.0,29,852.111312
950.0,25,852.178572
1000.0,20,852.238337
700.0,17,852.286904
1800.0,36,852.374924
-1000.0,13,852.406675
1300.0,26,852.47114
225.0,7,852.488379
1000.0,19,852.533727
-1350.0,30,852.609018
-850.0,16,852.647357
1650.0,26,852.719054
850.0,17,852.778072
1500.0,25,852.871627
1250.0,37,852.996366
700.0,14,853.03411
-1100.0,23,853.091696
1350.0,17,853.136277
1200.0,20,853.186761
1450.0,32,853.612484
1350.0,17,853.660938
1000.0,20,853.718824
-2400.0,27,853.794259
1450.0,29,853.871633
450.0,24,853.935562
1850.0,82,854.148737
350.0,19,854.200332
-1500.0,18,854.251477
2150.0,27,854.323198
1250.0,25,854.385302
1000.0,20,854.435688
600.0,12,854.46799
900.0,18,854.516198
250.0,17,854.561929
2800.0,46,854.688327
1250.0,25,854.756559
1500.0,25,854.819841
1100.0,22,854.874106
750.0,21,855.225663
2800.0,46,855.35693
300.0,18,855.407155
1100.0,34,855.503805
-50.0,26,855.572823
-50.0,17,855.618299
1350.0,27,855.690736
300.0,15,855.73177
950.0,17,855.778739
750.0,15,855.816195
850.0,17,855.856376
1150.0,23,855.911371
1100.0,25,855.968959
950.0,22,856.024482
600.0,21,856.080364
1650.0,23,856.139735
-1100.0,47,856.254816
1200.0,22,856.319262
1000.0,20,856.369528
-1000.0,13,856.402113
1800.0,48,856.531833
2200.0,44,856.993332
1100.0,22,857.049493
1650.0,26,857.118225
1000.0,20,857.171164
400.0,20,857.221744
1900.0,20,857.275543
550.0,14,857.310033
1200.0,24,857.372237
-50.0,17,857.413717
1050.0,21,857.466944
900.0,18,857.513686
850.0,17,857.557468
950.0,16,857.596748
1050.0,21,857.651048
-1500.0,21,857.705904
750.0,24,857.764562
1350.0,27,857.831786
1100.0,36,857.914325
-150.0,66,858.087137
1350.0,20,858.141122
1150.0,23,858.201507
-3400.0,40,858.634994
1550.0,34,858.735256
550.0,29,858.813871
650.0,13,858.853146
1750.0,35,858.95827
2800.0,46,859.083304
-550.0,19,859.135515
950.0,19,859.186692
-1150.0,22,859.241307
1100.0,22,859.306221
-150.0,42,859.421369
700.0,26,859.494356
750.0,15,859.537403
800.0,16,859.584049
2150.0,30,859.666974
1650.0,27,859.741607
1100.0,32,859.815946
800.0,15,859.851685
-1700.0,20,859.897386
1600.0,19,860.328686
650.0,13,860.362937
-650.0,47,860.491544
900.0,18,860.542951
750.0,15,860.589432
-1050.0,51,860.736631
-1400.0,17,860.781433
950.0,19,860.831845
1150.0,23,860.890222
2150.0,27,860.960395
1300.0,16,861.001243
3650.0,48,861.126605
-1050.0,30,861.205095
-1950.0,30,861.284043
1650.0,22,861.342264
-200.0,26,861.419009
975.0,16,861.462455
150.0,12,861.498719
275.0,8,861.52002
1800.0,36,861.615641
750.0,18,861.666769
-4050.0,45,862.111592
1300.0,26,862.17768
1650.0,19,862.224881
-1000.0,13,862.259787
-650.0,26,862.32589
-700.0,25,862.387682
400.0,20,862.439012
2000.0,40,862.537164
800.0,16,862.578473
850.0,23,862.635513
1200.0,20,862.686668
800.0,16,862.726658
850.0,17,862.77069
1000.0,20,862.823111
1150.0,23,862.881746
100.0,35,862.967942
1250.0,25,863.033889
1000.0,29,863.106403
1250.0,24,863.165898
50.0,25,863.226506
-1000.0,13,863.258956
600.0,21,863.30946
900.0,18,863.661538
-150.0,30,863.740019
850.0,17,863.783717
2450.0,30,863.860075
750.0,18,863.903782
1850.0,37,863.991839
1250.0,25,864.052253
3000.0,51,864.179515
-1600.0,19,864.224765
600.0,12,864.254177
-1800.0,24,864.315511
1250.0,31,864.395681
1000.0,23,864.455786
1100.0,22,864.525529
500.0,16,864.576227
1350.0,27,864.661214
1300.0,22,864.724427
-1150.0,34,864.826968
1350.0,16,864.868013
550.0,17,864.909982
1450.0,29,864.981642
750.0,21,865.359772
1200.0,27,865.44156
1600.0,19,865.492178
1300.0,21,865.553149
-5200.0,58,865.707204
3150.0,63,865.867978
-550.0,19,865.9142
1750.0,23,865.973992
750.0,27,866.038853
-650.0,26,866.103015
1450.0,29,866.182225
300.0,18,866.243979
1400.0,24,866.327407
-100.0,22,866.408419
2450.0,30,866.539723
-350.0,17,866.595692
-1800.0,21,866.650383
300.0,21,866.707146
-900.0,18,866.755973
1600.0,26,867.203594
1550.0,31,867.292814
650.0,19,867.353623
2900.0,46,867.522747
800.0,28,867.604819
1250.0,25,867.680357
1150.0,18,867.730345
575.0,14,867.772124
-150.0,30,867.855143
900.0,18,867.906718
1075.0,24,867.971559
3150.0,63,868.145275
1000.0,29,868.283067
225.0,19,868.333744
1800.0,27,868.41011
-1200.0,24,868.481739
-200.0,20,868.536355
500.0,19,868.589004
1100.0,22,868.65356
-1050.0,21,869.100337
1350.0,27,869.181436
1250.0,15,869.223622
-550.0,19,869.283745
1250.0,25,869.35751
1100.0,22,869.419757
-5200.0,82,869.638679
1300.0,26,869.710131
900.0,18,869.757704
1250.0,15,869.797987
-600.0,18,869.849582
900.0,18,869.897552
700.0,24,869.960997
2150.0,33,870.050901
2200.0,44,870.169492
1050.0,21,870.226973
1250.0,14,870.265261
-500.0,17,870.311659
1450.0,29,870.390132
1000.0,20,870.446831
650.0,28,870.869075
-250.0,16,870.910735
350.0,16,870.955397
2050.0,37,871.06137
650.0,13,871.103952
650.0,19,871.155723
1800.0,36,871.251825
-400.0,22,871.318022
1450.0,25,871.391366
2200.0,44,871.505301
750.0,21,871.560429
900.0,30,871.646889
1000.0,20,871.708676
800.0,16,871.752675
1500.0,25,871.8178
125.0,35,871.906578
1200.0,24,871.966842
450.0,12,871.998486
1850.0,43,872.118089
-1000.0,16,872.167667
-1650.0,33,872.26657
2100.0,31,872.744621
750.0,15,872.785641
1300.0,20,872.839138
-350.0,29,872.918979
550.0,17,872.965024
800.0,13,873.001447
-1050.0,21,873.055599
450.0,24,873.117176
300.0,18,873.16245
-1900.0,28,873.243339
1250.0,25,873.322843
1000.0,16,873.367452
1100.0,22,873.426126
-450.0,33,873.513925
-600.0,18,873.559618
350.0,22,873.616972
150.0,12,873.648817
1950.0,39,873.755205
850.0,17,873.79893
500.0,13,873.83669
1500.0,19,873.888526
350.0,19,873.939957
1300.0,20,873.994352
-1050.0,21,874.051114
-1100.0,14,874.402575
150.0,12,874.4352
950.0,19,874.484506
-800.0,23,874.544126
1400.0,28,874.627693
1450.0,29,874.723468
1650.0,22,874.799471
100.0,17,874.855892
-1200.0,27,874.9405
100.0,23,875.012602
1000.0,20,875.070977
1000.0,20,875.126384
-50.0,33,875.238159
1250.0,14,875.284522
950.0,19,875.345631
-50.0,41,875.467422
1750.0,24,875.531773
800.0,16,875.575567
-150.0,25,875.643341
-1000.0,13,875.684602
1100.0,28,875.762107
1350.0,27,875.838471
150.0,33,876.312748
1000.0,20,876.367711
900.0,18,876.428171
750.0,18,876.486277
-250.0,19,876.549002
1000.0,20,876.627806
600.0,24,876.709362
600.0,42,876.841387
1750.0,35,876.9398
750.0,15,876.979595
1100.0,17,877.021823
1300.0,26,877.090803
1450.0,32,877.177526
-150.0,66,877.350318
500.0,13,877.385408
1350.0,21,877.44834
950.0,19,877.500137
700.0,24,877.569883
525.0,13,877.606553
-700.0,19,877.65924
1400.0,25,877.726372
650.0,13,877.760848
650.0,13,878.13153
-600.0,18,878.178029
1250.0,28,878.254636
1100.0,25,878.317995
-900.0,15,878.35844
-150.0,19,878.407548
1100.0,22,878.464578
950.0,19,878.513563
2150.0,33,878.599346
1450.0,16,878.641003
-1450.0,22,878.697656
900.0,18,878.743297
1350.0,27,878.812473
1450.0,26,878.877828
1450.0,32,878.963719
-1050.0,51,879.093548
750.0,15,879.135028
-2750.0,38,879.235854
850.0,17,879.280385
-550.0,19,879.330149
1150.0,19,879.381356
1050.0,21,879.440087
650.0,19,879.821172
1450.0,29,879.898924
1450.0,25,879.964019
900.0,18,880.00911
-150.0,30,880.081806
800.0,19,880.130148
700.0,14,880.169375
1350.0,24,880.229302
-200.0,20,880.279108
300.0,21,880.333481
1550.0,31,880.414321
-2100.0,57,880.574517
-1500.0,18,880.623991
250.0,20,880.675673
600.0,15,880.718363
-1000.0,16,880.760873
1650.0,22,880.826529
-700.0,25,880.895835
850.0,14,880.952412
-50.0,29,881.064007
1350.0,27,881.152218
950.0,19,881.206824
600.0,18,881.575423
-200.0,14,881.612081
950.0,16,881.652731
950.0,19,881.702395
600.0,24,881.761944
150.0,30,881.842585
800.0,16,881.88503
650.0,22,881.949986
-50.0,29,882.038949
1500.0,39,882.154576
800.0,19,882.217359
1200.0,24,882.30428
-2600.0,32,882.39113
1000.0,16,882.431253
750.0,21,882.488598
-2100.0,60,882.647217
1350.0,27,882.72968
1900.0,38,882.838363
800.0,16,882.89103
1200.0,16,882.942616
-250.0,37,883.421486
1650.0,22,883.488014
2100.0,48,883.626576
1600.0,18,883.692215
1200.0,20,883.748932
1000.0,20,883.803184
1000.0,32,883.886555
1550.0,31,883.968142
1000.0,20,884.020205
325.0,6,884.037633
-150.0,18,884.084695
1200.0,20,884.142184
-50.0,33,884.24659
850.0,17,884.303131
1100.0,34,884.40745
800.0,16,884.467337
1400.0,28,884.554334
700.0,20,884.609742
500.0,22,884.670582
1000.0,17,884.718399
1450.0,29,884.793257
1100.0,22,885.189611
1100.0,22,885.251806
650.0,13,885.287363
750.0,18,885.339463
1350.0,27,885.422182
-1100.0,17,885.490203
1250.0,28,885.584415
300.0,15,885.62822
1250.0,24,885.721082
850.0,17,885.774785
1300.0,26,885.845272
1150.0,23,885.912498
850.0,17,885.95963
700.0,14,885.999208
700.0,17,886.046448
675.0,10,886.075374
1150.0,28,886.152548
2300.0,24,886.220506
1150.0,23,886.282121
1100.0,18,886.330062
-1000.0,25,886.396937
1300.0,32,886.480785
1450.0,25,886.547204
625.0,15,886.589409
700.0,14,886.628077
1100.0,22,887.000371
1350.0,16,887.043851
1100.0,22,887.103614
950.0,19,887.155696
-150.0,30,887.237783
800.0,25,887.306694
350.0,25,887.375105
-150.0,24,887.442115
750.0,27,887.522322
-250.0,31,887.614108
1300.0,21,887.671983
-150.0,25,887.739728
-2300.0,26,887.81501
450.0,15,887.861116
550.0,17,887.91425
1150.0,23,887.980677
1200.0,30,888.062983
-1000.0,19,888.114877
900.0,18,888.163439
2700.0,39,888.267299
750.0,15,888.307288
150.0,30,888.385845
1050.0,21,888.772161
-1050.0,51,888.904825
1750.0,26,888.972539
-1000.0,25,889.040529
1850.0,33,889.124611
1700.0,33,889.207222
-1350.0,18,889.252466
-200.0,26,889.317725
1150.0,13,889.351225
1150.0,26,889.416595
-1450.0,22,889.471905
1950.0,39,889.574154
1250.0,25,889.648305
-1000.0,22,889.709312
1100.0,22,889.768273
650.0,13,889.803368
800.0,15,889.842649
2300.0,24,889.905534
750.0,21,889.959391
900.0,18,890.019996
350.0,16,890.064678
2500.0,53,890.540241
950.0,16,890.583613
1300.0,35,890.675572
650.0,29,890.771256
1150.0,23,890.838284
0.0,18,890.885594
1400.0,31,890.971919
-2200.0,40,891.077889
-400.0,22,891.136512
450.0,18,891.18141
1000.0,20,891.233315
-1450.0,22,891.291732
750.0,15,891.331484
650.0,13,891.36706
1000.0,23,891.428728
350.0,25,891.495756
600.0,42,891.667468
3000.0,51,891.833812
-1300.0,37,892.487673
700.0,14,892.546573
1950.0,42,892.715245
-1200.0,24,892.787618
1550.0,31,892.904038
800.0,19,893.005374
700.0,17,893.07001
1150.0,23,893.139652
1900.0,24,893.206618
-400.0,25,893.28261
1450.0,41,893.418234
-2650.0,31,893.504127
-2300.0,26,893.576367
1600.0,18,893.627992
-1800.0,48,893.780034
-600.0,18,893.831848
1500.0,20,893.884793
1000.0,19,893.935306
1350.0,15,893.976147
400.0,38,894.071859
1450.0,26,894.507154
1600.0,27,894.578707
1400.0,19,894.62897
1100.0,22,894.689211
1650.0,25,894.776523
1150.0,23,894.862939
600.0,42,894.981656
1300.0,26,895.046017
-700.0,25,895.110898
1450.0,29,895.185439
-750.0,24,895.247823
1400.0,23,895.309963
2300.0,24,895.373545
-1000.0,19,895.430023
-300.0,15,895.476124
1000.0,16,895.522524
2250.0,43,895.693615
1350.0,15,895.796397
-100.0,34,895.923788
1000.0,20,895.973212
650.0,13,896.007079
750.0,24,896.411738
-900.0,15,896.45357
100.0,17,896.496099
400.0,38,896.610396
-1450.0,25,896.70159
950.0,19,896.753511
-500.0,23,896.824527
450.0,18,896.890535
1300.0,26,896.971565
500.0,19,897.022788
900.0,18,897.069892
1250.0,25,897.135497
1000.0,20,897.188671
-550.0,19,897.242134
-100.0,25,897.312827
950.0,19,897.368244
1450.0,29,897.443527
-450.0,30,897.521899
-1650.0,42,897.66338
800.0,16,897.718293
1300.0,26,897.80142
1250.0,25,897.910218
1100.0,22,898.341672
1900.0,28,898.425076
500.0,19,898.485293
150.0,39,898.603898
1475.0,23,898.706711
1800.0,36,898.854222
850.0,26,898.926949
-600.0,18,898.997807
600.0,21,899.100102
1450.0,41,899.302116
1150.0,29,899.428112
1250.0,25,899.556644
-700.0,25,899.664783
1850.0,82,899.950991
2525.0,37,900.051584
700.0,14,900.091022
-600.0,21,900.143356
900.0,18,900.512624
1100.0,22,900.584569
850.0,17,900.637809
-150.0,25,900.705957
850.0,19,900.757901
1400.0,25,900.823562
1300.0,26,900.894482
1000.0,20,900.945672
1750.0,23,901.010277
-650.0,23,901.073149
1200.0,24,901.137927
2050.0,39,901.244266
700.0,14,901.281788
600.0,24,901.346015
-5500.0,64,901.519516
1200.0,24,901.585371
1250.0,25,901.663069
1050.0,21,901.722639
1250.0,37,901.819462
900.0,18,901.865243
1400.0,16,901.907508
1250.0,25,902.286846
950.0,19,902.334651
1450.0,41,902.439578
1550.0,29,902.513961
1000.0,20,902.566941
950.0,19,902.621441
400.0,20,902.676567
-1200.0,18,902.740661
900.0,18,902.793828
350.0,22,902.853703
1050.0,21,902.915844
700.0,26,902.985846
50.0,25,903.055765
2200.0,44,903.180097
350.0,19,903.231803
850.0,17,903.277394
-1150.0,22,903.342232
125.0,5,903.361663
1250.0,24,903.434363
-3000.0,33,903.524884
1000.0,23,903.594088
1650.0,25,904.009696
1350.0,27,904.082064
550.0,20,904.142843
1550.0,31,904.235924
500.0,22,904.309559
1150.0,23,904.385276
1100.0,23,904.485161
800.0,16,904.558839
1100.0,22,904.645606
1400.0,23,904.718683
-2800.0,31,904.814078
1450.0,29,904.933967
500.0,19,904.990985
1650.0,33,905.082797
900.0,18,905.12893
-2800.0,31,905.20753
800.0,19,905.260861
-600.0,18,905.312009
1650.0,33,905.401425
-450.0,33,905.491943
425.0,11,905.52032
800.0,21,905.574946
400.0,20,905.996363
2050.0,41,906.144889
1000.0,23,906.2178
325.0,12,906.254246
100.0,29,906.347813
250.0,20,906.409634
800.0,16,906.460526
600.0,24,906.537005
2400.0,27,906.623582
-1350.0,30,906.730365
750.0,21,906.790415
1050.0,21,906.851734
150.0,15,906.891781
400.0,14,906.929724
2200.0,44,907.041746
1100.0,22,907.096851
150.0,39,907.195978
800.0,16,907.23342
-850.0,16,907.2721
1750.0,22,907.33005
2200.0,28,907.39933
1100.0,22,907.833217
1100.0,22,907.894271
-900.0,57,908.047372
1250.0,14,908.086568
-1050.0,21,908.143779
750.0,15,908.184996
50.0,25,908.252563
2100.0,48,908.384965
750.0,15,908.421494
650.0,29,908.498974
150.0,15,908.538248
800.0,16,908.582604
-250.0,19,908.63703
-1000.0,22,908.694862
950.0,16,908.740418
850.0,17,908.785434
-550.0,19,908.83481
-450.0,18,908.883588
1650.0,22,908.940495
-850.0,16,908.984946
350.0,19,909.034995
1450.0,16,909.076054
2350.0,36,909.167623
-550.0,31,909.585518
-1400.0,23,909.652302
-150.0,42,909.77345
-2750.0,38,909.87913
450.0,18,909.93254
1800.0,25,910.001588
-1000.0,34,910.094511
1000.0,20,910.150499
1850.0,37,910.246905
1200.0,28,910.326106
850.0,26,910.401018
1650.0,42,910.510421
1100.0,18,910.559032
400.0,38,910.659319
1200.0,24,910.726175
-400.0,37,910.823923
1350.0,27,910.910352
300.0,21,911.293553
1300.0,26,911.364247
600.0,18,911.412306
-550.0,19,911.466065
450.0,18,911.515834
500.0,19,911.568858
950.0,16,911.614943
1000.0,20,911.670232
1100.0,32,911.759091
1800.0,36,911.849459
200.0,31,911.927336
2500.0,53,912.054898
1850.0,43,912.20304
1100.0,31,912.294341
1000.0,20,912.359374
-600.0,30,912.4428
650.0,28,912.519766
1450.0,29,912.598114
1000.0,20,912.651571
1100.0,36,913.086891
-1350.0,18,913.132607
1400.0,28,913.206491
-600.0,30,913.284886
1400.0,25,913.353224
1150.0,23,913.416119
2650.0,37,913.51251
1150.0,13,913.545041
1100.0,22,913.602683
1200.0,18,913.651776
1600.0,26,913.723238
-750.0,24,913.78768
900.0,18,913.834034
1200.0,18,913.880019
-500.0,23,913.942845
850.0,17,913.986309
550.0,17,914.031314
-150.0,66,914.200338
1200.0,24,914.261186
750.0,15,914.302496
1300.0,26,914.368511
300.0,21,914.748902
1900.0,24,914.821733
1350.0,27,914.894568
1000.0,29,914.978157
900.0,18,915.029766
600.0,21,915.088768
800.0,22,915.148268
1350.0,21,915.201182
1200.0,48,915.317795
1650.0,39,915.432233
1100.0,18,915.483322
550.0,17,915.529698
-250.0,31,915.61424
600.0,24,915.67561
700.0,14,915.711013
700.0,23,915.77208
-1850.0,26,915.842976
950.0,16,915.884485
700.0,26,915.947149
1100.0,28,916.021904
950.0,22,916.078177
500.0,19,916.478782
1100.0,22,916.538943
600.0,42,916.648868
1300.0,18,916.696837
1600.0,19,916.747315
1950.0,39,916.848008
-4050.0,45,916.956731
50.0,19,917.010695
750.0,21,917.063992
800.0,16,917.102406
750.0,21,917.152691
2300.0,26,917.222114
1100.0,22,917.276932
1350.0,27,917.350115
1450.0,25,917.419106
750.0,21,917.47752
900.0,18,917.525719
1300.0,26,917.594053
-1000.0,22,917.65102
900.0,27,917.721249
1100.0,22,918.101767
1200.0,24,918.164557
950.0,16,918.207639
1650.0,22,918.268001
750.0,15,918.308589
-1500.0,18,918.36086
250.0,17,918.416017
1100.0,22,918.480374
1500.0,19,918.527684
1250.0,14,918.56487
250.0,26,918.631007
-1350.0,18,918.675177
1150.0,23,918.731524
650.0,13,918.765153
-200.0,20,918.81311
1350.0,16,918.852702
1100.0,18,918.898419
1350.0,17,918.939299
1000.0,20,918.98816
750.0,21,919.044561
750.0,18,919.089512
900.0,27,919.155631
700.0,14,919.190784
1500.0,39,919.288782
1300.0,26,919.354266
1650.0,33,919.767136
600.0,15,919.807151
1300.0,19,919.858638
1400.0,17,919.903967
1400.0,17,919.948005
3650.0,48,920.074151
1250.0,25,920.138635
750.0,36,920.235234
-1050.0,18,920.284138
1300.0,26,920.350258
-50.0,29,920.424746
-3175.0,38,920.53375
950.0,19,920.589808
1100.0,25,920.663782
1100.0,28,920.737366
850.0,26,920.803638
-850.0,19,920.854564
850.0,17,920.900211
900.0,18,920.949217
1450.0,32,921.038478
-1000.0,22,921.098385
-600.0,18,921.482584
1250.0,28,921.562559
750.0,18,921.623021
-800.0,23,921.694163
750.0,21,921.761214
1100.0,22,921.825229
1950.0,45,921.949301
700.0,14,921.986965
-450.0,24,922.052278
900.0,18,922.100063
900.0,18,922.14766
850.0,26,922.217286
650.0,16,922.262132
450.0,18,922.317222
300.0,21,922.375005
1150.0,23,922.439571
1250.0,24,922.50727
1200.0,13,922.5518
1800.0,36,922.648167
1250.0,24,922.712166
-1100.0,14,922.7514
1300.0,16,922.791553
1950.0,45,922.904119
1500.0,30,923.306718
150.0,39,923.407989
650.0,13,923.440833
1700.0,34,923.531382
1250.0,28,923.610878
100.0,17,923.656609
1250.0,25,923.724477
1200.0,20,923.783001
-650.0,14,923.824626
-600.0,24,923.889835
1300.0,26,923.967868
2400.0,27,924.038338
2000.0,28,924.132882
675.0,11,924.163018
900.0,18,924.235753
1350.0,27,924.407014
1750.0,26,924.549928
850.0,20,924.63381
900.0,18,924.685125
1400.0,28,924.760852
1350.0,20,924.816507
-950.0,23,925.374088
900.0,18,925.43948
1000.0,20,925.509563
-600.0,21,925.636169
-2100.0,57,925.86049
1450.0,32,925.966414
-1350.0,30,926.069585
250.0,17,926.124089
1250.0,25,926.210656
-350.0,17,926.2787
750.0,21,926.358376
250.0,50,926.562285
100.0,53,926.791755
1600.0,35,926.920147
650.0,13,926.968466
1300.0,26,927.066461
1600.0,38,927.25328
750.0,21,927.319447
2050.0,37,927.951045
-650.0,23,928.041179
1300.0,26,928.194474
1100.0,22,928.319523
-1600.0,19,928.404271
-1050.0,24,928.49275
1300.0,29,928.659685
1600.0,19,928.740703
500.0,19,928.798753
-150.0,21,928.865185
550.0,26,928.951455
-1800.0,48,929.11028
900.0,18,929.185094
1100.0,22,929.25746
-50.0,29,929.339451
1450.0,21,929.402584
1050.0,21,929.468261
100.0,53,929.628289
1650.0,24,929.694572
250.0,22,929.759072
1100.0,22,930.256074
-1650.0,42,930.378242
950.0,19,930.435682
1600.0,27,930.511758
1100.0,22,930.584856
-1350.0,30,930.672195
500.0,22,930.741079
300.0,18,930.796369
650.0,13,930.832002
950.0,16,930.880066
1350.0,33,930.973295
600.0,42,931.126027
-850.0,16,931.182179
1100.0,22,931.255307
800.0,15,931.304154
1000.0,20,931.373161
-1500.0,21,931.446816
900.0,18,931.510044
250.0,26,931.599396
2400.0,27,931.706535
1400.0,17,931.766523
-100.0,28,932.866126
1150.0,23,933.237163
850.0,17,933.725107
750.0,17,933.816788
1050.0,21,933.947447
-900.0,15,934.056463
1050.0,21,934.211027
1000.0,29,934.409131
1050.0,21,934.559009
1050.0,21,934.749738
600.0,12,934.824415
800.0,16,934.933374
1200.0,24,935.092866
1550.0,19,935.242797
700.0,17,935.375699
650.0,16,935.480854
1250.0,28,935.647845
-1000.0,13,935.704733
25.0,15,935.779123
1250.0,25,935.926797
-1350.0,18,936.045588
550.0,17,936.136739
1000.0,32,936.381134
700.0,20,936.583533
400.0,38,936.895505
1450.0,21,937.659276
-200.0,26,937.811084
-5200.0,82,938.171567
950.0,19,938.250953
1150.0,23,938.360986
400.0,32,938.562231
1000.0,32,938.718494
-150.0,30,938.929464
950.0,25,939.099225
850.0,32,939.309515
1000.0,20,939.421587
750.0,21,939.516857
1450.0,29,939.654108
-1800.0,39,939.88013
1050.0,21,939.984078
-750.0,24,940.114317
350.0,16,940.204
925.0,21,940.317177
-1950.0,63,941.442204
550.0,17,941.569256
-3000.0,33,941.719159
900.0,30,941.880199
200.0,34,942.091887
300.0,21,942.222404
1000.0,20,942.31239
250.0,26,942.441715
700.0,17,942.51972
200.0,31,942.651608
-200.0,14,942.71938
-50.0,14,942.778816
-600.0,30,942.917631
-550.0,19,943.003597
375.0,7,943.038875
1200.0,24,943.155625
-650.0,14,943.265705
1650.0,33,943.444051
-600.0,27,943.572422
1000.0,20,943.669365
1000.0,20,943.761322
400.0,30,944.584072
450.0,24,944.700893
950.0,25,944.826752
2050.0,30,945.045501
-700.0,19,945.136469
1450.0,41,945.312805
1150.0,29,945.434995
400.0,32,945.532756
-1100.0,23,945.605522
900.0,18,945.674623
-2400.0,33,945.792029
950.0,19,945.865716
150.0,21,945.95377
-400.0,16,946.020136
750.0,18,946.087428
1250.0,25,946.204215
-1800.0,39,946.345601
900.0,18,946.411105
1700.0,33,946.519766
2300.0,46,946.967494
1100.0,22,947.028013
1050.0,21,947.093744
450.0,18,947.15201
75.0,4,947.166339
2150.0,43,947.313553
500.0,43,947.485347
1250.0,28,947.577155
-650.0,20,947.642696
1350.0,15,947.689812
-1850.0,26,947.775243
750.0,15,947.82148
1500.0,20,947.881338
1000.0,20,947.945093
650.0,29,948.041506
1400.0,31,948.169686
1650.0,33,948.272005
-50.0,26,948.348269
-600.0,21,948.417979
650.0,19,948.475803
450.0,15,948.529506
800.0,22,948.600373
1450.0,29,949.055604
-250.0,17,949.107607
800.0,16,949.155215
300.0,21,949.220273
800.0,21,949.285278
1750.0,23,949.357019
-1400.0,23,949.428032
1350.0,21,949.490112
1250.0,25,949.56458
1450.0,41,949.680355
1100.0,22,949.747989
650.0,13,949.787729
650.0,13,949.829579
750.0,27,949.915467
500.0,19,949.975845
650.0,28,950.058046
1650.0,33,950.163336
550.0,47,950.309491
1300.0,26,950.384031
2150.0,33,950.479892
1100.0,22,950.909013
1150.0,23,950.978231
-650.0,14,951.02164
0.0,15,951.068279
850.0,17,951.123698
-1100.0,17,951.175801
1100.0,37,951.284268
1650.0,39,951.413246
-1050.0,18,951.471171
400.0,20,951.537419
1000.0,20,951.605612
700.0,20,951.686073
1050.0,21,951.750101
-700.0,19,951.810379
1200.0,18,951.860449
1400.0,28,951.946798
1800.0,36,952.057491
1350.0,24,952.132007
1900.0,24,952.207616
1250.0,31,952.309868
1200.0,28,952.385333
850.0,17,952.431179
1500.0,19,952.482033
1250.0,25,952.872158
-200.0,35,952.955198
-700.0,25,953.016267
1400.0,19,953.062334
1200.0,33,953.146583
1250.0,25,953.210037
-400.0,22,953.263717
1650.0,33,953.345325
-1150.0,28,953.416091
1050.0,21,953.470486
1200.0,24,953.532308
1150.0,23,953.591423
-1500.0,30,953.669632
-200.0,26,953.737259
550.0,17,953.781226
750.0,21,953.835643
1375.0,16,953.87755
-1000.0,13,953.910492
-2050.0,28,953.98297
-1350.0,18,954.026631
1950.0,30,954.10003
850.0,17,954.464979
350.0,13,954.498634
-350.0,26,954.564402
300.0,18,954.611185
850.0,17,954.654823
450.0,27,954.71988
1200.0,24,954.776659
750.0,15,954.813078
1450.0,29,954.885065
-1000.0,13,954.916535
600.0,12,954.95286
2000.0,40,955.134045
1000.0,20,955.203234
800.0,28,955.27994
950.0,16,955.320539
600.0,12,955.348622
1900.0,24,955.404761
350.0,22,955.464154
1250.0,25,955.532093
900.0,18,955.578122
675.0,16,955.621413
1050.0,12,955.654823
-350.0,23,955.724402
-200.0,14,955.759026
550.0,29,955.829049
1300.0,26,956.206379
1250.0,25,956.266304
1400.0,19,956.311543
1200.0,42,956.411726
550.0,29,956.485876
250.0,26,956.553771
900.0,18,956.603095
1450.0,29,956.678287
-1500.0,33,956.761213
-200.0,17,956.802188
-200.0,26,956.865747
-650.0,17,956.906213
350.0,16,956.950841
1450.0,29,957.021123
750.0,15,957.058838
-350.0,17,957.103905
-650.0,35,957.196679
-200.0,17,957.242002
600.0,21,957.295345
1350.0,27,957.361766
900.0,18,957.405371
2100.0,31,957.80439
900.0,30,957.874529
300.0,21,957.928376
1200.0,13,957.974701
1350.0,27,958.052277
850.0,17,958.103084
1000.0,20,958.158562
1650.0,33,958.24628
-2900.0,32,958.333555
1300.0,26,958.402709
-2900.0,32,958.48825
1050.0,21,958.548328
25.0,6,958.565538
1300.0,26,958.637255
800.0,22,958.701962
850.0,17,958.758502
800.0,16,958.803054
800.0,16,958.846294
1500.0,19,958.897954
1350.0,27,958.968409
1050.0,21,959.024786
900.0,18,959.070231
500.0,25,959.142145
1350.0,23,959.536702
1750.0,21,959.594676
350.0,16,959.640135
1400.0,34,959.735144
-750.0,21,959.794074
1650.0,33,959.885009
-1500.0,24,959.950841
1450.0,16,960.009433
1400.0,23,960.073302
-50.0,41,960.183122
1000.0,20,960.236847
-4000.0,46,960.360623
-750.0,24,960.424505
1150.0,13,960.460165
1850.0,37,960.564089
750.0,21,960.634631
1550.0,24,960.700085
1100.0,22,960.760137
1250.0,25,960.827857
-450.0,24,960.890833
650.0,13,960.92782
850.0,17,961.383374
800.0,15,961.432051
1650.0,33,961.548428
1250.0,25,961.659841
-150.0,30,961.765294
650.0,13,961.809802
2050.0,41,961.942227
200.0,25,962.033418
150.0,30,962.130234
1300.0,26,962.20856
1200.0,28,962.289485
350.0,22,962.354002
1350.0,27,962.432652
150.0,24,962.502252
1250.0,37,962.603173
2050.0,30,962.695432
800.0,22,962.772668
-200.0,14,962.849007
925.0,30,962.966306
1300.0,26,963.0581
600.0,12,963.49624
850.0,17,963.566943
1050.0,21,963.641043
1250.0,25,963.717154
1750.0,28,963.823373
800.0,16,963.901397
550.0,20,964.036392
-450.0,18,964.148639
800.0,19,964.247289
900.0,18,964.315259
-700.0,19,964.372003
-2050.0,28,964.463196
1250.0,25,964.554517
500.0,25,964.652148
1650.0,33,964.761428
800.0,16,964.813362
1400.0,23,964.884514
800.0,16,964.932137
1000.0,18,965.008626
950.0,19,965.081227
950.0,22,965.141887
800.0,16,965.189034
1150.0,18,965.245686
1100.0,22,965.309628
450.0,15,965.359205
-400.0,37,965.975574
1000.0,32,966.098723
1600.0,41,966.233356
1000.0,19,966.296839
2500.0,53,966.476031
750.0,21,966.58081
900.0,18,966.692439
2300.0,26,966.861818
800.0,16,966.928977
1100.0,22,967.012713
800.0,16,967.08545
1000.0,20,967.184037
1250.0,28,967.332688
1400.0,28,967.488051
-800.0,23,967.604744
1300.0,26,967.721599
250.0,20,967.789609
1650.0,42,967.967062
1300.0,26,968.110154
1350.0,27,968.973024
-850.0,16,969.054245
-3000.0,36,969.221884
-5500.0,64,969.540003
-1200.0,21,969.64445
750.0,18,969.730197
450.0,15,969.823632
-50.0,29,970.039963
-500.0,23,970.190879
1050.0,21,970.327565
1350.0,19,970.423133
-150.0,25,970.546427
-25.0,2,970.557298
-150.0,24,970.68378
-150.0,27,970.88786
900.0,18,971.01002
-350.0,29,971.199524
1500.0,19,971.31454
-2600.0,32,971.519637
1100.0,22,971.680322
600.0,12,971.771832
1850.0,37,972.772078
-1200.0,27,972.962195
350.0,18,973.0536
1100.0,22,973.159804
-1500.0,18,973.238043
900.0,18,973.315757
1700.0,33,973.475738
350.0,16,973.553159
1950.0,42,973.736432
-1900.0,46,973.940721
1200.0,24,974.036299
1150.0,28,974.159965
1550.0,31,974.289726
-250.0,31,974.448223
850.0,17,974.522779
1000.0,20,974.619824
950.0,19,974.708378
800.0,16,974.785302
900.0,18,974.869647
1750.0,28,975.019413
-1050.0,21,975.943546
750.0,18,976.156434
2050.0,28,976.423769
1400.0,16,976.589636
-1100.0,14,976.736743
500.0,19,977.040492
2150.0,30,977.372255
-3100.0,34,977.722296
1350.0,27,978.002586
900.0,18,978.131821
-150.0,30,978.455894
500.0,16,978.613336
2350.0,36,978.922729
1200.0,33,979.074893
950.0,19,979.162425
300.0,21,979.268868
750.0,15,979.348727
-450.0,33,979.640349
1200.0,24,979.771263
-3250.0,37,980.0401
2150.0,33,980.244249
300.0,15,980.903034
1850.0,37,981.057726
850.0,26,981.164237
1100.0,22,981.24475
750.0,21,981.337835
50.0,25,981.454143
150.0,39,981.633124
3000.0,51,981.839201
1000.0,23,981.957166
-1300.0,16,982.040375
150.0,45,982.26415
1850.0,33,982.423754
-550.0,16,982.485236
750.0,18,982.566629
-2900.0,32,982.694886
-1800.0,39,982.866049
-600.0,18,982.955366
-700.0,19,983.035508
-600.0,30,983.755401
750.0,15,983.816542
650.0,13,983.863481
75.0,3,983.873642
1500.0,26,983.977956
-250.0,16,984.050564
-1100.0,20,984.141343
1300.0,16,984.220469
-600.0,18,984.299284
800.0,16,984.368341
-2100.0,57,984.630164
1400.0,28,984.754646
1950.0,39,984.901977
800.0,19,984.967922
800.0,25,985.079724
1150.0,15,985.147557
2050.0,30,985.28259
1200.0,20,985.368179
1400.0,28,985.488814
1500.0,26,985.595446
1400.0,23,985.701234
-2600.0,29,985.834481
1200.0,28,986.521962
900.0,18,986.57806
700.0,17,986.627687
1100.0,22,986.705393
800.0,16,986.756651
1250.0,17,986.804705
950.0,16,986.853361
950.0,19,986.909048
1250.0,25,986.989168
1200.0,20,987.049166
700.0,14,987.098041
2700.0,54,987.261701
-900.0,15,987.327086
-1600.0,19,987.3967
1500.0,19,987.464503
-3250.0,37,987.58843
1350.0,27,987.699473
1000.0,20,987.760406
1150.0,23,987.827642
500.0,13,987.86893
1200.0,24,987.955045
-1050.0,21,988.015105
750.0,24,988.076629
1050.0,12,988.108672
700.0,20,988.619001
-1000.0,16,988.684806
1000.0,20,988.757127
400.0,20,988.849046
1650.0,33,988.99327
800.0,28,989.081378
1050.0,21,989.142262
900.0,18,989.196719
1000.0,20,989.256389
1150.0,23,989.331287
1300.0,19,989.388062
1650.0,33,989.481821
1050.0,21,989.542127
750.0,21,989.612053
950.0,19,989.670568
1600.0,38,989.770144
1050.0,30,989.852388
1150.0,28,989.92518
950.0,19,989.972353
600.0,12,990.008211
250.0,17,990.052113
-150.0,25,990.12313
1250.0,25,990.187521
1300.0,14,990.595186
500.0,13,990.638397
1700.0,34,990.735498
-650.0,23,990.795247
950.0,19,990.845477
1650.0,33,990.926824
1000.0,20,990.980007
1300.0,21,991.047637
-550.0,16,991.089895
1450.0,29,991.164199
-450.0,15,991.199535
-1600.0,19,991.249259
1000.0,20,991.306096
1000.0,26,991.387585
-2300.0,26,991.491118
1200.0,24,991.59631
-100.0,25,991.689429
1000.0,20,991.747031
-1700.0,23,991.807135
-700.0,25,991.869801
1600.0,31,991.950565
1100.0,22,992.006445
1150.0,23,992.41089
2800.0,40,992.540438
950.0,19,992.593342
1100.0,22,992.656425
1525.0,45,992.776213
1400.0,24,992.837091
1300.0,26,992.908665
700.0,14,992.945898
1050.0,21,993.002491
1650.0,22,993.059985
250.0,22,993.116801
1100.0,15,993.154861
-1050.0,51,993.281897
1600.0,31,993.360223
750.0,15,993.397136
-3100.0,34,993.478558
-50.0,17,993.521898
2450.0,55,993.671611
2150.0,33,993.799766
-100.0,25,994.216336
2100.0,31,994.302444
1150.0,29,994.397402
-1650.0,42,994.505307
1800.0,48,994.64711
950.0,19,994.707203
-2400.0,27,994.77717
-450.0,30,994.856551
100.0,23,994.924888
1150.0,23,994.982169
1600.0,18,995.026578
-150.0,21,995.081967
-850.0,16,995.124681
-1000.0,19,995.184694
350.0,16,995.228048
1450.0,41,995.336865
950.0,19,995.387258
1900.0,28,995.467458
-1350.0,21,995.529668
800.0,16,995.570188
400.0,30,995.987921
1650.0,26,996.054273
-350.0,29,996.136181
900.0,18,996.185604
1000.0,19,996.234537
1550.0,19,996.286417
1600.0,32,996.369867
1300.0,26,996.437004
650.0,29,996.510318
200.0,34,996.608896
1400.0,31,996.69219
900.0,18,996.740386
900.0,18,996.789867
1150.0,23,996.851027
-1900.0,28,996.921188
1350.0,27,996.990094
-200.0,14,997.025801
-1700.0,35,997.113246
-950.0,23,997.172375
1450.0,29,997.24858
-1350.0,39,997.700755
50.0,13,997.734668
1100.0,22,997.797192
1100.0,22,997.85801
1100.0,22,997.918893
-1100.0,14,997.96175
800.0,16,998.0024
1200.0,20,998.052352
850.0,17,998.09551
1650.0,26,998.169062
450.0,24,998.250614
1700.0,22,998.364058
1850.0,37,998.531688
1600.0,19,998.616873
1350.0,17,998.665619
-1000.0,25,998.733529
-1750.0,25,998.800078
600.0,12,998.83285
950.0,19,998.881953
-1000.0,19,998.936233
850.0,20,998.991256
500.0,19,999.045142
1600.0,28,999.120631
100.0,23,999.588144
1150.0,23,999.650041
2200.0,44,999.769837
-200.0,17,999.820479
650.0,25,999.895598
750.0,18,999.946479
950.0,19,999.997653
1400.0,34,1000.089817
1650.0,25,1000.162621
1100.0,22,1000.221751
800.0,16,1000.2695
1300.0,26,1000.338059
750.0,27,1000.406809
1650.0,33,1000.502085
450.0,18,1000.557049
-1000.0,25,1000.629101
-250.0,31,1000.721228
-650.0,17,1000.771241
1500.0,17,1000.818796
500.0,16,1000.864262
1150.0,23,1000.932393
1050.0,21,1000.9921
1450.0,29,1001.437663
-2300.0,26,1001.51459
1050.0,21,1001.572483
3100.0,34,1001.666763
1300.0,15,1001.717291
1250.0,31,1001.811609
1000.0,20,1001.877763
-2950.0,37,1002.066614
850.0,14,1002.12168
1400.0,19,1002.202114
1400.0,28,1002.310421
1250.0,31,1002.446129
1400.0,28,1002.555617
-4000.0,43,1002.701842
1200.0,24,1002.778893
950.0,19,1002.844257
1500.0,21,1002.910624
950.0,16,1002.962209
2000.0,43,1003.16124
1850.0,43,1003.661091
1150.0,23,1003.722989
650.0,28,1003.796895
1500.0,17,1003.840906
800.0,15,1003.879764
700.0,17,1003.926309
350.0,13,1003.959651
950.0,28,1004.029893
-100.0,34,1004.114402
600.0,24,1004.181147
-900.0,15,1004.228414
700.0,14,1004.273077
600.0,21,1004.338479
-850.0,16,1004.387984
700.0,17,1004.441963
1150.0,23,1004.505002
150.0,12,1004.538765
600.0,24,1004.604796
750.0,15,1004.658414
1000.0,16,1004.720783
-550.0,19,1004.78281
750.0,27,1004.867731
400.0,38,1005.023476
500.0,19,1005.088334
-1000.0,25,1005.714381
850.0,26,1005.796996
75.0,4,1005.807576
1600.0,35,1005.907448
-650.0,35,1006.006786
850.0,23,1006.067413
-400.0,22,1006.124839
1700.0,33,1006.224055
1400.0,16,1006.275351
1350.0,27,1006.351489
950.0,19,1006.406924
1200.0,24,1006.498488
200.0,19,1006.57357
1250.0,25,1006.672597
1400.0,23,1006.748878
900.0,18,1006.800265
900.0,18,1006.850754
1300.0,26,1006.920787
700.0,23,1007.000378
300.0,15,1007.077364
-250.0,28,1007.188144
-500.0,17,1007.250859
1250.0,31,1007.717036
-1350.0,18,1007.770176
800.0,16,1007.811191
1200.0,24,1007.891514
2050.0,28,1007.97203
-3000.0,33,1008.064611
-200.0,23,1008.132166
1250.0,25,1008.20024
1600.0,32,1008.288367
-375.0,25,1008.359365
-300.0,21,1008.413384
400.0,20,1008.466313
1600.0,31,1008.552706
900.0,45,1008.695227
-2100.0,30,1008.773535
-600.0,39,1008.878804
-2300.0,26,1008.948589
350.0,16,1008.991694
1250.0,25,1009.059193
750.0,27,1009.136589
-1900.0,46,1009.596407
1300.0,19,1009.647
100.0,17,1009.696322
1350.0,27,1009.772653
-350.0,29,1009.851011
1150.0,29,1009.937619
-1050.0,51,1010.09427
700.0,20,1010.180252
-200.0,35,1010.305956
1150.0,23,1010.371901
1300.0,26,1010.435613
850.0,17,1010.482253
2650.0,37,1010.58444
500.0,43,1010.721259
1600.0,35,1010.830847
1000.0,20,1010.895303
350.0,16,1010.943995
-450.0,24,1011.012882
850.0,17,1011.427637
1100.0,22,1011.486226
750.0,15,1011.526983
-700.0,25,1011.595882
1600.0,18,1011.648507
-1100.0,32,1011.737871
-1100.0,23,1011.805946
100.0,29,1011.887169
-1800.0,21,1011.946798
1050.0,21,1012.004126
-1100.0,23,1012.071512
850.0,26,1012.139791
900.0,18,1012.189988
-1000.0,13,1012.227389
1100.0,34,1012.321728
850.0,23,1012.385761
1650.0,33,1012.473833
750.0,15,1012.514447
1450.0,29,1012.592747
1350.0,27,1012.667767
1450.0,29,1012.749807
1300.0,35,1013.285418
-100.0,25,1013.409615
1600.0,26,1013.524726
350.0,22,1013.593407
600.0,42,1013.705658
950.0,17,1013.750546
400.0,23,1013.814677
-150.0,30,1013.900048
1050.0,21,1013.955924
1200.0,48,1014.082651
-2500.0,28,1014.159565
-350.0,17,1014.204532
300.0,21,1014.264633
750.0,18,1014.31323
-1900.0,46,1014.445807
-650.0,23,1014.505669
2200.0,30,1014.589293
1000.0,20,1014.644228
1450.0,16,1014.688173
-350.0,29,1015.183683
-5200.0,58,1015.339751
1400.0,28,1015.418625
750.0,15,1015.461252
800.0,16,1015.507201
950.0,19,1015.55882
600.0,15,1015.604434
1150.0,28,1015.687239
1050.0,21,1015.754154
1350.0,33,1015.847052
-1850.0,26,1015.924773
550.0,47,1016.074145
1050.0,21,1016.14448
1250.0,25,1016.215843
-1500.0,21,1016.278495
1900.0,24,1016.351032
900.0,18,1016.405345
-900.0,15,1016.448955
1150.0,23,1016.512011
1350.0,17,1016.55636
800.0,16,1016.598601
1300.0,20,1016.650804
1300.0,26,1017.088464
900.0,18,1017.136777
800.0,19,1017.18756
-1800.0,39,1017.294315
1500.0,30,1017.373515
-150.0,30,1017.449739
1200.0,48,1017.615592
950.0,25,1017.718733
950.0,19,1017.769439
-1100.0,14,1017.808879
1650.0,33,1017.897313
1650.0,25,1017.963679
950.0,19,1018.016874
1200.0,18,1018.064318
150.0,21,1018.120842
1250.0,25,1018.188499
-2600.0,32,1018.27465
1000.0,17,1018.321929
1800.0,36,1018.419004
1850.0,82,1018.964231
800.0,16,1019.00476
-1000.0,19,1019.054347
1000.0,20,1019.110004
1150.0,23,1019.167097
1250.0,25,1019.23432
1550.0,34,1019.32054
1600.0,41,1019.43462
950.0,19,1019.497199
-200.0,20,1019.564859
700.0,14,1019.617005
-1000.0,13,1019.662901
2300.0,26,1019.762902
-2400.0,27,1019.836249
950.0,19,1019.894088
750.0,17,1019.939415
800.0,25,1020.00297
1050.0,21,1020.057696
750.0,21,1020.120523
-1650.0,42,1020.232886
800.0,16,1020.811102
-600.0,18,1020.857221
-550.0,19,1020.908811
1900.0,24,1020.971413
1900.0,24,1021.03733
2050.0,41,1021.152897
1150.0,23,1021.211017
-150.0,42,1021.325758
1000.0,20,1021.381988
450.0,12,1021.415439
-1600.0,22,1021.477724
-1500.0,18,1021.528193
950.0,19,1021.581868
500.0,16,1021.624891
-4200.0,48,1021.752254
-150.0,21,1021.810183
2450.0,55,1021.956117
400.0,20,1022.010166
-400.0,37,1022.110454
1250.0,14,1022.148221
1350.0,24,1022.531113
1400.0,28,1022.609206
1000.0,20,1022.668617
1000.0,20,1022.735812
1350.0,27,1022.812715
750.0,15,1022.852959
1250.0,25,1022.916901
750.0,15,1022.957297
-650.0,17,1023.005817
1650.0,21,1023.062035
1350.0,27,1023.14539
1000.0,20,1023.200748
-900.0,15,1023.241951
800.0,22,1023.30489
1200.0,19,1023.354782
450.0,18,1023.399595
-600.0,18,1023.445262
800.0,16,1023.490105
1350.0,27,1023.568526
900.0,18,1023.622738
1400.0,19,1023.682313
1200.0,24,1023.747403
900.0,18,1023.806673
1250.0,25,1023.900433
1100.0,22,1023.973147
1875.0,46,1024.486543
750.0,18,1024.534702
400.0,32,1024.616776
750.0,21,1024.676378
600.0,12,1024.708181
1250.0,17,1024.759144
1500.0,25,1024.857254
1150.0,22,1024.946868
-2500.0,28,1025.050841
850.0,17,1025.115932
-75.0,1,1025.119117
-50.0,17,1025.163108
1250.0,31,1025.250641
1100.0,22,1025.311301
-900.0,15,1025.353199
825.0,19,1025.405027
1800.0,31,1025.497445
-150.0,30,1025.584229
700.0,17,1025.628482
2450.0,30,1025.710431
1450.0,18,1025.757233
800.0,16,1025.802596
950.0,19,1025.869554
1650.0,33,1026.304169
150.0,24,1026.378069
1200.0,42,1026.546076
3150.0,63,1026.84469
1250.0,31,1026.940545
-150.0,24,1027.016463
1075.0,24,1027.08533
1400.0,22,1027.146789
2200.0,44,1027.26887
900.0,18,1027.323138
1350.0,27,1027.404019
-1900.0,46,1027.5312
550.0,26,1027.610663
900.0,18,1027.666347
600.0,18,1027.719085
-350.0,17,1027.764128
1100.0,34,1027.855878
600.0,12,1027.889146
1250.0,25,1028.329325
1100.0,23,1028.402583
1050.0,12,1028.444029
400.0,23,1028.519747
1500.0,19,1028.578861
1450.0,29,1028.667994
1250.0,25,1028.752443
350.0,13,1028.798765
50.0,13,1028.840137
-3250.0,37,1028.948674
-50.0,41,1029.065429
800.0,16,1029.114934
-250.0,37,1029.215352
800.0,16,1029.258466
550.0,26,1029.327391
-200.0,14,1029.405987
1050.0,21,1029.51048
1250.0,25,1029.584573
350.0,16,1029.628218
-150.0,19,1029.682985
-250.0,28,1029.787475
2200.0,30,1029.890323
1200.0,30,1030.440677
1300.0,32,1030.54289
600.0,12,1030.587247
600.0,12,1030.629675
-650.0,23,1030.732446
1000.0,23,1030.874189
900.0,24,1031.019595
1100.0,15,1031.080389
1350.0,20,1031.139064
950.0,19,1031.192018
1800.0,31,1031.297339
1250.0,25,1031.370296
600.0,18,1031.418938
500.0,22,1031.485599
-700.0,25,1031.553727
625.0,15,1031.594611
-1000.0,19,1031.647355
1100.0,32,1031.734701
350.0,22,1031.796121
-400.0,37,1031.939291
800.0,16,1031.997442
750.0,15,1032.043395
1550.0,19,1032.105225
950.0,19,1032.511644
1400.0,28,1032.613636
1150.0,23,1032.707627
1200.0,16,1032.765819
1150.0,22,1032.842332
1400.0,25,1032.921067
400.0,14,1032.95823
-1800.0,27,1033.049056
800.0,22,1033.156804
-1950.0,30,1033.285634
800.0,16,1033.344049
1350.0,27,1033.413474
0.0,18,1033.46222
750.0,18,1033.514425
2700.0,39,1033.619846
1150.0,23,1033.687809
2700.0,54,1033.835865
150.0,15,1033.874895
1000.0,20,1033.938462
-1200.0,24,1034.005535
1200.0,14,1034.043762
950.0,16,1034.086745
500.0,16,1034.486249
1300.0,14,1034.524692
1100.0,17,1034.569623
25.0,3,1034.578038
500.0,19,1034.634379
1200.0,14,1034.674255
1200.0,24,1034.744717
375.0,10,1034.773983
1800.0,27,1034.856607
1600.0,41,1034.968808
-50.0,17,1035.014272
800.0,15,1035.0567
1250.0,25,1035.124012
-1000.0,22,1035.187268
1200.0,28,1035.267838
1200.0,48,1035.400728
900.0,18,1035.448586
1050.0,21,1035.507113
900.0,18,1035.554877
-1000.0,25,1035.620837
-400.0,16,1035.66306
-500.0,26,1035.732583
750.0,18,1035.781333
1950.0,30,1035.871637
-2400.0,33,1036.308967
1350.0,27,1036.380079
3100.0,34,1036.470872
1250.0,25,1036.537701
1450.0,41,1036.646312
600.0,21,1036.699804
-1350.0,39,1036.798419
400.0,20,1036.850003
1600.0,26,1036.921951
250.0,26,1036.999056
1150.0,13,1037.03749
-400.0,22,1037.09897
1000.0,16,1037.144253
1000.0,20,1037.19739
1050.0,19,1037.246369
750.0,21,1037.307124
650.0,15,1037.350559
800.0,22,1037.40966
1000.0,20,1037.458748
-1100.0,23,1037.516103
750.0,18,1037.55967
-450.0,33,1038.055032
3800.0,49,1038.225938
-1450.0,22,1038.304778
-200.0,14,1038.342504
600.0,21,1038.401675
350.0,16,1038.44389
-2100.0,30,1038.524057
900.0,18,1038.568862
1650.0,33,1038.660976
1400.0,28,1038.743346
1450.0,29,1038.816401
800.0,19,1038.862957
250.0,50,1038.992564
500.0,13,1039.027575
950.0,17,1039.071923
1100.0,22,1039.152308
800.0,22,1039.232096
950.0,19,1039.296213
800.0,25,1039.365702
1200.0,24,1039.42629
-200.0,26,1039.48956
250.0,22,1039.908801
600.0,21,1039.996719
50.0,13,1040.051139
1750.0,21,1040.127593
-5500.0,64,1040.306781
1000.0,16,1040.351781
1750.0,23,1040.415184
950.0,19,1040.464781
950.0,19,1040.515306
-1000.0,13,1040.548964
300.0,21,1040.604458
400.0,20,1040.658307
750.0,15,1040.699074
1350.0,27,1040.767458
2400.0,27,1040.836275
100.0,17,1040.87869
-650.0,23,1040.938664
2300.0,26,1041.003323
1400.0,24,1041.06228
1250.0,25,1041.12467
-1050.0,33,1041.20833
1100.0,22,1041.264468
1000.0,20,1041.627445
900.0,18,1041.675571
950.0,19,1041.726811
850.0,17,1041.771754
950.0,19,1041.821445
1000.0,20,1041.870396
-1000.0,16,1041.911553
2050.0,28,1041.984928
1400.0,28,1042.055592
900.0,30,1042.133531
500.0,19,1042.181713
100.0,29,1042.257418
1300.0,14,1042.292516
50.0,43,1042.39996
1750.0,26,1042.468208
950.0,22,1042.524305
1650.0,33,1042.61053
-700.0,19,1042.660641
700.0,26,1042.734735
475.0,11,1042.766979
2150.0,33,1042.850168
1000.0,32,1043.396628
600.0,21,1043.464561
1550.0,34,1043.654739
-650.0,23,1043.824113
1100.0,28,1043.968692
-1100.0,32,1044.112674
-5200.0,82,1044.441622
1450.0,29,1044.540515
1600.0,28,1044.618584
1450.0,29,1044.6962
-2050.0,28,1044.772945
1675.0,42,1044.878258
900.0,18,1044.92909
-2100.0,60,1045.085758
1650.0,42,1045.198801
650.0,28,1045.786806
1450.0,29,1045.941035
1700.0,22,1046.067247
900.0,30,1046.181367
950.0,19,1046.259521
500.0,19,1046.339384
-650.0,14,1046.39486
2450.0,55,1046.623434
700.0,17,1046.725089
-1150.0,22,1046.849033
2250.0,43,1047.058572
700.0,20,1047.147983
1100.0,22,1047.247518
1100.0,22,1047.327289
750.0,21,1047.421675
2150.0,30,1047.54964
1450.0,50,1047.773886
450.0,24,1047.87403
550.0,20,1047.954949
-750.0,18,1048.029514
1000.0,20,1048.64405
900.0,16,1048.736837
1600.0,19,1048.842503
950.0,19,1048.951449
500.0,19,1049.059951
450.0,18,1049.15943
1350.0,15,1049.235379
1100.0,22,1049.351024
700.0,23,1049.479211
50.0,43,1049.705298
1200.0,14,1049.772507
1300.0,26,1049.864229
-950.0,23,1049.954221
1150.0,29,1050.067849
900.0,45,1050.254391
650.0,29,1050.378221
1200.0,24,1050.473182
-1000.0,16,1050.538517
1100.0,22,1050.671608
450.0,18,1050.772462
1350.0,27,1050.903818
1100.0,28,1051.515884
-450.0,15,1051.562366
1550.0,22,1051.626027
-450.0,18,1051.681631
1150.0,23,1051.770451
1000.0,20,1051.828884
1250.0,28,1051.908692
-1000.0,25,1051.977926
-1600.0,19,1052.031344
-1100.0,32,1052.120657
1150.0,29,1052.200399
1650.0,25,1052.269392
1300.0,29,1052.34952
1150.0,19,1052.402601
850.0,23,1052.466559
1750.0,21,1052.524722
-1100.0,23,1052.590833
1150.0,23,1052.659561
1300.0,26,1052.732831
-950.0,23,1052.797123
2300.0,26,1052.872695
1600.0,32,1052.967705
850.0,14,1053.339361
700.0,23,1053.39853
900.0,18,1053.443345
1650.0,22,1053.50141
-1800.0,27,1053.56865
-1650.0,21,1053.625407
2000.0,28,1053.708405
1100.0,22,1053.764752
1350.0,16,1053.803693
550.0,17,1053.848807
700.0,14,1053.884372
300.0,18,1053.932889
600.0,21,1053.986577
850.0,18,1054.032142
1650.0,27,1054.101665
-600.0,18,1054.156024
300.0,18,1054.207559
500.0,13,1054.243288
1200.0,14,1054.281648
-350.0,29,1054.362743
900.0,18,1054.412052
-900.0,15,1054.45225
1350.0,27,1054.52328
2650.0,37,1054.623052
-600.0,18,1054.674044
1250.0,31,1055.163872
-50.0,41,1055.26873
400.0,20,1055.321111
-150.0,30,1055.400671
-900.0,15,1055.437904
800.0,22,1055.495724
1350.0,17,1055.541766
650.0,29,1055.620363
-2400.0,33,1055.709647
-1750.0,25,1055.779965
-1200.0,21,1055.836226
900.0,18,1055.883082
1250.0,37,1055.978942
950.0,25,1056.043106
950.0,19,1056.108958
1050.0,21,1056.173931
1200.0,24,1056.242407
1000.0,20,1056.29989
850.0,17,1056.347631
-1000.0,16,1056.394931
250.0,22,1056.461264
1200.0,22,1056.85513
1200.0,24,1056.923637
1250.0,25,1056.991466
1150.0,23,1057.058009
50.0,19,1057.113019
1550.0,31,1057.202455
300.0,21,1057.261865
-50.0,29,1057.342447
1650.0,42,1057.46113
-4200.0,48,1057.615347
50.0,43,1057.740458
1300.0,18,1057.79383
-1100.0,14,1057.83818
-500.0,17,1057.884804
1050.0,21,1057.949708
-1150.0,22,1058.013932
1650.0,25,1058.08117
-550.0,19,1058.132084
1250.0,25,1058.199221
-100.0,28,1058.272727
-2300.0,26,1058.680359
950.0,19,1058.731045
1000.0,20,1058.784572
950.0,19,1058.836537
1150.0,18,1058.88722
-2100.0,30,1058.973045
-650.0,20,1059.027764
1250.0,31,1059.111203
900.0,18,1059.157354
300.0,18,1059.207298
-1950.0,63,1059.37229
-1250.0,35,1059.46518
1000.0,23,1059.527964
-900.0,57,1059.681426
850.0,26,1059.753087
950.0,19,1059.802882
600.0,12,1059.834607
900.0,18,1059.88263
2700.0,54,1060.03667
1150.0,23,1060.43077
800.0,22,1060.488207
550.0,26,1060.555698
1100.0,15,1060.598464
1600.0,28,1060.675245
1050.0,21,1060.73524
1850.0,33,1060.823899
1700.0,23,1060.892385
300.0,15,1060.938664
2250.0,43,1061.063846
600.0,42,1061.173163
1050.0,12,1061.204488
650.0,19,1061.254986
850.0,17,1061.300591
1200.0,20,1061.352475
2800.0,46,1061.478287
800.0,22,1061.543252
1050.0,21,1061.601568
-4000.0,43,1061.722113
1650.0,19,1061.778238
1250.0,37,1062.27086
250.0,20,1062.331377
1300.0,19,1062.393275
1000.0,17,1062.446497
900.0,18,1062.492246
-1350.0,24,1062.554806
-600.0,18,1062.60607
1100.0,17,1062.659344
1100.0,31,1062.765824
1200.0,20,1062.817233
-100.0,25,1062.882336
1150.0,23,1062.943351
-750.0,21,1063.011042
1600.0,19,1063.066167
1000.0,23,1063.127227
425.0,17,1063.171556
2650.0,42,1063.292748
-2950.0,37,1063.406599
1800.0,23,1063.463752
1200.0,18,1063.510626
1300.0,19,1063.566594
1050.0,12,1063.601769
750.0,15,1063.978498
950.0,19,1064.035671
650.0,13,1064.07119
1550.0,22,1064.13969
1000.0,17,1064.189178
1000.0,20,1064.252855
-200.0,35,1064.347499
1650.0,31,1064.438371
750.0,24,1064.526065
-650.0,35,1064.62404
750.0,21,1064.687343
550.0,17,1064.734711
-550.0,19,1064.79657
600.0,24,1064.871155
0.0,33,1064.965806
1100.0,18,1065.023315
-1450.0,25,1065.102812
750.0,15,1065.146591
1350.0,27,1065.221934
1600.0,35,1065.316637
1100.0,37,1065.412628
650.0,13,1065.444307
900.0,30,1065.910826
1200.0,24,1065.986631
-2750.0,38,1066.098783
1100.0,18,1066.147511
1100.0,22,1066.212247
150.0,30,1066.301079
1250.0,25,1066.364641
-200.0,17,1066.408739
1250.0,25,1066.477338
-950.0,23,1066.541209
1050.0,21,1066.597214
-400.0,22,1066.654063
500.0,13,1066.689085
225.0,16,1066.733325
1100.0,28,1066.808024
-850.0,16,1066.852053
1900.0,30,1066.9324
-2100.0,30,1067.008969
-650.0,35,1067.094832
650.0,25,1067.158386
1250.0,25,1067.220638
550.0,17,1067.585943
-1500.0,30,1067.666505
1750.0,21,1067.720325
1400.0,23,1067.783695
-1450.0,22,1067.852485
500.0,22,1067.918058
-1100.0,17,1067.973805
250.0,20,1068.027785
-2900.0,32,1068.110304
1000.0,20,1068.160734
1250.0,25,1068.22212
1450.0,29,1068.293449
750.0,18,1068.340759
1300.0,18,1068.390354
1400.0,18,1068.44256
-1500.0,18,1068.501633
-900.0,15,1068.543403
-150.0,30,1068.630362
-900.0,15,1068.682487
900.0,18,1068.747164
-1200.0,21,1068.809987
-350.0,17,1068.858098
1250.0,34,1068.960905
-1800.0,48,1069.455345
1300.0,26,1069.531422
1400.0,23,1069.594052
1050.0,21,1069.653347
1000.0,20,1069.7077
800.0,19,1069.766127
1100.0,24,1069.837133
600.0,18,1069.88651
2650.0,37,1069.979878
1100.0,36,1070.075799
750.0,27,1070.149502
2300.0,24,1070.212872
1550.0,31,1070.296025
-600.0,39,1070.395705
-200.0,23,1070.455612
1100.0,34,1070.558152
1250.0,25,1070.640793
-400.0,25,1070.724475
800.0,19,1070.775856
950.0,19,1071.152749
900.0,18,1071.204312
1400.0,17,1071.249518
900.0,18,1071.300826
650.0,22,1071.36245
700.0,14,1071.407458
650.0,13,1071.444501
1850.0,33,1071.537086
1250.0,24,1071.602645
1200.0,24,1071.67107
50.0,19,1071.725343
750.0,21,1071.788674
300.0,21,1071.853395
700.0,17,1071.900232
-400.0,22,1071.958787
1100.0,32,1072.042784
500.0,13,1072.07478
-1200.0,27,1072.144416
1000.0,20,1072.198949
450.0,12,1072.230447
700.0,26,1072.297077
1000.0,16,1072.342614
2150.0,33,1072.443017
1450.0,29,1072.52512
-1000.0,34,1072.998889
1750.0,23,1073.063934
-50.0,17,1073.106294
1450.0,26,1073.173724
800.0,16,1073.21249
1350.0,20,1073.263523
-1450.0,25,1073.332668
800.0,25,1073.39721
1150.0,23,1073.460974
1000.0,20,1073.516168
1150.0,28,1073.590966
850.0,32,1073.683213
2700.0,54,1073.852377
1000.0,20,1073.905119
850.0,17,1073.953896
-1100.0,47,1074.098962
1600.0,32,1074.199667
300.0,15,1074.24853
750.0,21,1074.315989
1400.0,34,1074.463713
2350.0,36,1074.922623
300.0,42,1075.029697
1550.0,19,1075.082623
650.0,28,1075.166281
1650.0,33,1075.273625
1800.0,48,1075.471456
900.0,15,1075.516127
1050.0,21,1075.584937
1000.0,20,1075.646846
1300.0,19,1075.702416
1100.0,22,1075.770944
-1800.0,48,1075.900629
-1050.0,21,1075.956527
-2050.0,28,1076.051007
-200.0,26,1076.134541
1100.0,22,1076.21173
450.0,18,1076.276746
700.0,17,1076.332431
900.0,18,1076.385338
1250.0,37,1076.871515
750.0,15,1076.909588
750.0,30,1076.990496
1000.0,20,1077.044861
800.0,16,1077.085866
450.0,18,1077.133726
1650.0,33,1077.224879
450.0,18,1077.277841
1200.0,24,1077.351077
550.0,17,1077.40847
1450.0,29,1077.497087
500.0,43,1077.6268
950.0,19,1077.684014
1900.0,24,1077.757196
1250.0,25,1077.823341
450.0,18,1077.873158
1250.0,25,1077.938069
-100.0,22,1077.998832
1000.0,32,1078.095593
1600.0,26,1078.177605
-500.0,35,1078.635434
50.0,43,1078.753894
1250.0,14,1078.794757
1050.0,21,1078.847857
1100.0,22,1078.906068
1900.0,24,1078.971568
-950.0,23,1079.036349
900.0,18,1079.086638
900.0,18,1079.137831
3650.0,48,1079.288479
600.0,24,1079.353341
1100.0,32,1079.441272
600.0,12,1079.473423
1000.0,16,1079.516188
1950.0,42,1079.630033
900.0,18,1079.688251
-600.0,18,1079.747248
1250.0,25,1079.818664
850.0,14,1079.857539
450.0,24,1079.934865
-500.0,20,1079.98976
-950.0,20,1080.045238
1150.0,29,1080.482488
950.0,22,1080.553584
450.0,12,1080.584271
-1500.0,18,1080.634492
750.0,21,1080.690487
-2600.0,35,1080.790626
700.0,23,1080.853405
-1100.0,14,1080.890567
-125.0,1,1080.893466
750.0,12,1080.924522
1050.0,21,1080.979704
-450.0,21,1081.032161
1150.0,23,1081.094019
-350.0,17,1081.138733
850.0,18,1081.183506
1300.0,19,1081.231396
1050.0,21,1081.283455
1050.0,19,1081.329362
1100.0,15,1081.365529
-550.0,19,1081.411837
1650.0,22,1081.469143
850.0,17,1081.512326
400.0,20,1081.564158
750.0,21,1081.618379
400.0,20,1081.669413
1750.0,24,1081.740784
-225.0,4,1081.752131
3100.0,34,1082.157986
1000.0,20,1082.210526
-550.0,19,1082.26034
1550.0,31,1082.341468
1000.0,17,1082.386707
-4050.0,45,1082.505579
2900.0,46,1082.626803
600.0,18,1082.682092
1000.0,20,1082.742404
800.0,19,1082.793899
1000.0,20,1082.847173
500.0,13,1082.877138
1650.0,26,1082.942401
-550.0,19,1082.991068
600.0,24,1083.052983
900.0,18,1083.1003
1200.0,20,1083.154013
-3000.0,36,1083.249599
-1100.0,14,1083.286952
1150.0,23,1083.347745
-1100.0,47,1083.46737
-650.0,20,1083.910556
-600.0,39,1084.07431
-150.0,30,1084.160034
-700.0,22,1084.21957
800.0,16,1084.261447
1550.0,31,1084.339846
1250.0,25,1084.404618
1150.0,23,1084.466034
750.0,15,1084.50469
50.0,19,1084.569554
-1000.0,16,1084.611288
1000.0,20,1084.665008
1350.0,33,1084.752302
1150.0,23,1084.813068
250.0,26,1084.886934
1650.0,19,1084.937263
125.0,5,1084.950504
750.0,24,1085.011512
1650.0,33,1085.104366
-150.0,24,1085.167749
-200.0,26,1085.237953
750.0,15,1085.278979
800.0,25,1085.680221
-2600.0,32,1085.774644
1650.0,33,1085.863977
-1100.0,17,1085.912923
1350.0,27,1085.98137
300.0,15,1086.020452
1400.0,34,1086.108443
1100.0,22,1086.167778
-2300.0,26,1086.235208
1050.0,20,1086.295519
-1000.0,34,1086.38474
-600.0,18,1086.435166
1050.0,15,1086.473677
800.0,22,1086.53681
2650.0,37,1086.638884
-2200.0,40,1086.747407
1450.0,50,1086.884127
1000.0,29,1086.96529
-50.0,26,1087.386148
1200.0,30,1087.467492
-3100.0,34,1087.557887
400.0,30,1087.636152
1650.0,24,1087.696556
800.0,21,1087.753794
-150.0,21,1087.812976
800.0,16,1087.860099
1700.0,21,1087.91952
350.0,16,1087.960903
650.0,13,1087.992481
700.0,14,1088.028499
1800.0,25,1088.099241
-50.0,26,1088.176127
150.0,30,1088.255429
-900.0,30,1088.332997
50.0,25,1088.399631
-2600.0,29,1088.476435
800.0,16,1088.51731
-1000.0,19,1088.563818
50.0,25,1088.62783
300.0,15,1088.66526
1400.0,28,1088.738012
-150.0,25,1089.135666
1900.0,30,1089.225798
800.0,16,1089.267223
1100.0,23,1089.326182
575.0,14,1089.364321
800.0,16,1089.405998
150.0,21,1089.470374
1650.0,33,1089.557657
900.0,18,1089.608877
200.0,19,1089.659232
850.0,17,1089.703936
1100.0,22,1089.766658
1400.0,23,1089.829012
1500.0,30,1089.909147
400.0,38,1090.015824
-1700.0,35,1090.109859
-1000.0,13,1090.144339
-650.0,23,1090.202538
1100.0,34,1090.290666
250.0,17,1090.335254
-450.0,18,1090.38237
1400.0,31,1090.780514
1900.0,38,1090.880311
-200.0,17,1090.9241
1050.0,21,1090.981007
1350.0,23,1091.046621
-900.0,12,1091.082007
700.0,14,1091.122031
350.0,13,1091.15808
1150.0,28,1091.235071
1050.0,21,1091.295237
-50.0,53,1091.440256
1250.0,17,1091.489588
650.0,13,1091.53313
1800.0,36,1091.642293
1000.0,20,1091.697281
150.0,12,1091.736807
550.0,17,1091.79048
-1100.0,32,1091.878348
1350.0,27,1091.949433
1650.0,21,1092.003008
1450.0,29,1092.089757
1150.0,23,1092.152229
1300.0,26,1092.600099
-1100.0,20,1092.653428
-1400.0,17,1092.707685
1350.0,27,1092.79872
550.0,47,1092.92524
-2900.0,32,1093.013424
1000.0,23,1093.076138
1200.0,42,1093.197318
1000.0,20,1093.247997
-650.0,17,1093.291826
-250.0,19,1093.343279
2150.0,43,1093.457527
1600.0,27,1093.528304
1350.0,19,1093.580432
-250.0,28,1093.657264
-900.0,15,1093.696793
2200.0,23,1093.758756
100.0,35,1093.846667
1250.0,17,1093.889198
1100.0,22,1093.942444
200.0,34,1094.354347
1650.0,33,1094.439316
750.0,15,1094.47667
1000.0,20,1094.528411
1200.0,19,1094.576669
-4200.0,48,1094.702174
900.0,18,1094.750885
-700.0,25,1094.813129
1000.0,26,1094.881668
2450.0,30,1094.958719
1150.0,18,1095.006777
1150.0,13,1095.041733
1600.0,26,1095.109856
3650.0,48,1095.239576
-1800.0,24,1095.301846
-1000.0,13,1095.33764
1950.0,39,1095.442728
-1050.0,21,1095.497526
-1650.0,33,1095.578159
700.0,14,1095.6155
800.0,19,1095.991778
1350.0,23,1096.051353
1150.0,29,1096.125206
1000.0,20,1096.177119
850.0,17,1096.220313
-200.0,26,1096.2917
-50.0,29,1096.367675
700.0,23,1096.423781
700.0,14,1096.459089
350.0,31,1096.536721
1100.0,22,1096.594012
1400.0,25,1096.656483
400.0,20,1096.709798
600.0,12,1096.743883
1150.0,32,1096.82829
1000.0,20,1096.88112
1000.0,20,1096.931642
1950.0,42,1097.041322
1500.0,21,1097.094621
1000.0,26,1097.162595
1150.0,23,1097.223001
750.0,21,1097.278308
1050.0,19,1097.644283
-50.0,26,1097.710741
750.0,15,1097.753675
650.0,19,1097.802804
800.0,16,1097.842736
1800.0,25,1097.907615
1200.0,19,1097.957695
1100.0,25,1098.023046
900.0,24,1098.088454
1950.0,39,1098.189466
1200.0,30,1098.26526
-3250.0,37,1098.366387
950.0,22,1098.437207
850.0,17,1098.483994
900.0,18,1098.537847
1150.0,29,1098.624688
600.0,15,1098.666315
-1150.0,22,1098.728829
1350.0,19,1098.78018
1850.0,37,1098.879403
400.0,38,1098.981863
1000.0,20,1099.378804
950.0,19,1099.430972
2650.0,62,1099.602096
1950.0,42,1099.734742
1000.0,20,1099.802463
1900.0,24,1099.872304
150.0,15,1099.915838
-900.0,12,1099.955222
2300.0,26,1100.030583
1200.0,20,1100.088075
-1100.0,32,1100.176725
-900.0,57,1100.422811
800.0,16,1100.494273
1000.0,26,1100.577471
-1350.0,30,1100.656563
750.0,27,1100.730163
1200.0,27,1100.805791
1600.0,38,1100.910815
1000.0,32,1101.347433
800.0,19,1101.399589
-1000.0,22,1101.459314
350.0,31,1101.543063
-1100.0,14,1101.578107
750.0,15,1101.619017
900.0,18,1101.66688
-100.0,22,1101.724305
850.0,17,1101.769449
-4100.0,47,1101.892397
700.0,14,1101.930226
1000.0,20,1101.98518
0.0,24,1102.049372
-1000.0,13,1102.084522
650.0,19,1102.134814
-450.0,30,1102.212273
-1800.0,39,1102.312365
1800.0,25,1102.395255
1350.0,27,1102.48516
900.0,18,1102.545621
1000.0,20,1102.613951
-50.0,29,1102.693119
2300.0,46,1103.146423
950.0,19,1103.194219
1200.0,24,1103.254079
600.0,15,1103.291151
1300.0,20,1103.342183
1750.0,35,1103.456812
1700.0,21,1103.521851
-450.0,33,1103.627978
400.0,20,1103.719095
1050.0,21,1103.810584
1150.0,23,1103.889392
1050.0,15,1103.937748
850.0,17,1103.985209
1650.0,33,1104.139294
950.0,19,1104.214779
550.0,29,1104.292211
1000.0,20,1104.347103
500.0,19,1104.397044
1050.0,21,1104.453808
1400.0,28,1104.530376
1250.0,15,1104.570374
1700.0,33,1105.011089
-1600.0,19,1105.05937
900.0,18,1105.104413
150.0,30,1105.181557
1300.0,29,1105.252517
900.0,18,1105.298736
650.0,13,1105.335505
-1600.0,19,1105.384807
1450.0,21,1105.441043
1150.0,26,1105.511763
1200.0,20,1105.563131
1000.0,19,1105.611186
500.0,16,1105.65471
-1000.0,19,1105.704512
950.0,19,1105.763732
1650.0,22,1105.821945
750.0,12,1105.852415
900.0,21,1105.907266
1250.0,25,1105.97416
950.0,17,1106.018472
1050.0,21,1106.079624
1650.0,39,1106.183681
1650.0,33,1106.269071
1400.0,23,1106.326121
-1050.0,30,1106.714526
-900.0,30,1106.795998
1050.0,30,1106.872301
950.0,19,1106.919975
-1800.0,39,1107.017137
1250.0,25,1107.079119
-1350.0,18,1107.124965
900.0,18,1107.173357
-650.0,20,1107.223404
-1500.0,30,1107.298193
1200.0,20,1107.347353
650.0,29,1107.419312
2050.0,28,1107.488936
2050.0,28,1107.564169
-50.0,53,1107.704681
1400.0,28,1107.780061
700.0,14,1107.816833
1850.0,37,1107.91164
850.0,17,1107.953638
1300.0,26,1108.37226
750.0,18,1108.422562
-950.0,20,1108.470717
950.0,19,1108.517651
750.0,21,1108.571199
1150.0,23,1108.630219
200.0,31,1108.713373
950.0,19,1108.77267
1250.0,37,1108.866573
350.0,16,1108.908576
750.0,15,1108.948982
2050.0,47,1109.064747
950.0,16,1109.10854
750.0,15,1109.149605
2300.0,46,1109.285313
750.0,24,1109.348033
600.0,15,1109.391014
700.0,24,1109.453229
-1900.0,28,1109.524856
850.0,20,1109.577924
1000.0,20,1109.62832
1900.0,24,1110.007925
100.0,17,1110.051103
1200.0,13,1110.083663
1250.0,25,1110.148784
-150.0,30,1110.236656
1600.0,35,1110.324173
-150.0,18,1110.368398
1200.0,24,1110.426717
550.0,17,1110.469408
-1650.0,42,1110.576586
700.0,14,1110.614328
3650.0,48,1110.740724
500.0,13,1110.775905
1250.0,37,1110.87508
-550.0,34,1110.966326
100.0,23,1111.028256
-100.0,22,1111.085079
1100.0,22,1111.142844
-4200.0,48,1111.263487
-250.0,37,1111.670645
-550.0,19,1111.721159
-1050.0,18,1111.768667
550.0,31,1111.848649
700.0,14,1111.88415
-1500.0,18,1111.933229
750.0,21,1111.986998
300.0,21,1112.038
1200.0,20,1112.089384
2000.0,43,1112.206713
-250.0,31,1112.28698
1650.0,33,1112.374855
1000.0,20,1112.428138
-650.0,23,1112.488354
950.0,16,1112.530994
850.0,23,1112.589509
1050.0,21,1112.642098
1950.0,39,1112.78137
-600.0,27,1112.873743
1450.0,29,1112.959256
-1100.0,17,1113.004464
1400.0,18,1113.366514
1150.0,23,1113.422366
2350.0,31,1113.501159
700.0,14,1113.536069
-700.0,25,1113.604457
-50.0,53,1113.740698
-300.0,17,1113.784311
2200.0,23,1113.843303
-300.0,21,1113.89403
700.0,17,1113.93838
800.0,22,1113.99627
1000.0,20,1114.049224
50.0,19,1114.09986
850.0,17,1114.144514
1100.0,22,1114.204185
300.0,15,1114.242114
300.0,21,1114.297126
250.0,20,1114.348307
850.0,17,1114.39033
1000.0,23,1114.448722
650.0,16,1114.48944
1000.0,26,1114.556312
1300.0,26,1114.623022
-1350.0,21,1115.003994
950.0,16,1115.045718
600.0,24,1115.104995
700.0,14,1115.140331
-1100.0,23,1115.198186
800.0,13,1115.23021
1550.0,22,1115.285572
-250.0,16,1115.325113
1400.0,28,1115.395706
-650.0,35,1115.481519
-700.0,25,1115.546672
700.0,17,1115.592064
2100.0,60,1115.756973
1450.0,29,1115.832779
700.0,17,1115.877455
1300.0,26,1115.947642
1300.0,26,1116.016417
950.0,19,1116.063968
1200.0,24,1116.123717
1600.0,38,1116.219447
1300.0,26,1116.284702
-1000.0,34,1116.682924
3650.0,48,1116.805435
950.0,25,1116.868127
50.0,43,1116.976588
1800.0,36,1117.064014
1150.0,18,1117.109103
1200.0,24,1117.17303
600.0,24,1117.237591
450.0,15,1117.278209
1100.0,22,1117.335768
650.0,13,1117.375743
-250.0,16,1117.423102
-550.0,16,1117.463859
-150.0,30,1117.540305
-1225.0,14,1117.576695
-150.0,18,1117.623975
-50.0,29,1117.70183
-100.0,28,1117.775183
1250.0,25,1117.835764
1350.0,17,1117.881128
950.0,16,1117.922183
1100.0,22,1118.287055
1250.0,28,1118.356169
1200.0,20,1118.403584
1150.0,23,1118.458763
750.0,36,1118.545137
2150.0,43,1118.652346
900.0,18,1118.701257
2200.0,44,1118.823636
850.0,17,1118.868203
450.0,24,1118.930022
-250.0,19,1118.97961
750.0,17,1119.024068
175.0,12,1119.054006
1150.0,23,1119.110723
-650.0,47,1119.227635
1850.0,37,1119.324282
1600.0,32,1119.402648
200.0,34,1119.486955
150.0,30,1119.893545
900.0,18,1119.939357
-600.0,18,1119.987159
-500.0,26,1120.052103
150.0,33,1120.13511
1150.0,32,1120.215852
700.0,26,1120.282677
750.0,15,1120.32164
2500.0,26,1120.389453
1350.0,27,1120.459564
1400.0,19,1120.509362
-450.0,30,1120.588954
850.0,17,1120.634085
1800.0,36,1120.726903
1600.0,35,1120.816579
500.0,19,1120.868636
650.0,19,1120.916858
-600.0,21,1120.970871
850.0,17,1121.026862
300.0,42,1121.174249
650.0,13,1121.221543
1000.0,16,1121.264557
850.0,17,1121.624123
1250.0,37,1121.719136
850.0,23,1121.781135
-1000.0,13,1121.813927
1400.0,34,1121.895622
1950.0,39,1121.99355
-950.0,20,1122.043983
900.0,16,1122.086234
1300.0,26,1122.154418
950.0,19,1122.203572
1200.0,17,1122.250051
650.0,13,1122.291634
300.0,21,1122.360212
1450.0,32,1122.465209
1600.0,18,1122.51202
900.0,18,1122.558073
600.0,42,1122.66688
1000.0,20,1122.724878
900.0,18,1122.780667
1250.0,37,1122.877885
-850.0,16,1122.920484
1550.0,31,1123.347172
-600.0,18,1123.394643
1150.0,17,1123.438729
300.0,15,1123.476824
1100.0,22,1123.532507
1200.0,30,1123.608624
700.0,14,1123.643639
1250.0,25,1123.705653
850.0,17,1123.75033
-1500.0,18,1123.798676
1350.0,17,1123.844756
-1100.0,20,1123.897622
1750.0,35,1123.989594
1150.0,23,1124.050478
-1650.0,21,1124.107437
1200.0,20,1124.16051
-700.0,25,1124.227722
-1400.0,20,1124.279397
2700.0,39,1124.383621
1750.0,35,1124.473353
1250.0,25,1124.5399
2000.0,40,1124.642859
850.0,17,1125.016059
1300.0,14,1125.052246
500.0,29,1125.12799
700.0,14,1125.165798
1300.0,26,1125.232715
750.0,21,1125.285291
1050.0,30,1125.368549
-2050.0,28,1125.440166
1250.0,25,1125.505165
-500.0,17,1125.553988
-200.0,14,1125.594043
1250.0,25,1125.661065
1100.0,25,1125.730443
400.0,14,1125.770468
500.0,16,1125.817539
1100.0,24,1125.881098
950.0,19,1125.931868
-200.0,26,1125.995035
300.0,18,1126.040017
800.0,16,1126.081498
950.0,19,1126.126994
350.0,13,1126.159006
1000.0,20,1126.215991
-1500.0,33,1126.30151
900.0,18,1126.655544
1050.0,21,1126.711794
-50.0,29,1126.796151
1150.0,19,1126.85164
1600.0,32,1126.949344
400.0,38,1127.053625
-600.0,18,1127.107609
2300.0,24,1127.196151
25.0,3,1127.210212
1450.0,29,1127.332727
1000.0,17,1127.407999
-800.0,23,1127.485416
-1100.0,47,1127.6248
850.0,32,1127.734343
700.0,20,1127.806287
1450.0,32,1127.891104
750.0,15,1127.933337
1200.0,27,1128.004775
600.0,12,1128.036626
1200.0,24,1128.103243
-1750.0,25,1128.17072
900.0,24,1128.579357
1450.0,29,1128.673371
1100.0,22,1128.738441
-1800.0,48,1128.877028
1200.0,24,1128.944547
950.0,19,1128.994532
850.0,14,1129.03227
850.0,19,1129.082551
-1200.0,21,1129.141462
1450.0,50,1129.271678
750.0,21,1129.32543
1650.0,33,1129.413075
-1950.0,30,1129.488577
-1650.0,21,1129.543052
650.0,19,1129.593429
800.0,16,1129.634274
-900.0,15,1129.674853
750.0,21,1129.730386
600.0,18,1129.777443
-1350.0,39,1129.878283
100.0,17,1129.926386
1550.0,22,1130.307337
-600.0,18,1130.353286
1350.0,27,1130.427292
-650.0,17,1130.470662
750.0,18,1130.517419
2000.0,40,1130.621205
1950.0,39,1130.725008
-1700.0,23,1130.787475
1650.0,22,1130.844098
1000.0,16,1130.885921
1200.0,24,1130.94608
1200.0,24,1131.007858
1700.0,34,1131.099972
350.0,18,1131.147962
-1100.0,23,1131.208148
550.0,17,1131.251097
700.0,14,1131.288349
1550.0,31,1131.368754
-1100.0,14,1131.405181
1000.0,16,1131.447537
-1350.0,21,1131.503061
1750.0,23,1131.573046
-800.0,23,1131.633345
-1300.0,37,1132.047115
550.0,17,1132.091762
1150.0,23,1132.155804
1000.0,18,1132.203409
1250.0,28,1132.278834
-250.0,37,1132.379937
1400.0,28,1132.454417
700.0,14,1132.490554
600.0,24,1132.556217
800.0,16,1132.598848
-700.0,34,1132.686345
1450.0,32,1132.771707
1000.0,29,1132.852101
-300.0,17,1132.896181
-450.0,18,1132.943783
800.0,16,1132.98485
1500.0,26,1133.051136
350.0,16,1133.09075
1400.0,17,1133.135476
700.0,14,1133.170136
-1500.0,33,1133.253842
200.0,31,1133.643636
1000.0,19,1133.698939
1000.0,23,1133.758887
1050.0,30,1133.837087
2000.0,40,1133.942575
1100.0,22,1134.000466
1800.0,25,1134.06359
1750.0,35,1134.158803
550.0,17,1134.201714
-950.0,23,1134.265065
600.0,42,1134.374836
-650.0,35,1134.469046
1000.0,20,1134.528152
-800.0,23,1134.592122
-1100.0,14,1134.628159
1050.0,21,1134.681765
1450.0,32,1134.764273
800.0,16,1134.804453
-1100.0,14,1134.841342
950.0,19,1134.890597
1600.0,26,1134.964555
300.0,21,1135.358981
1000.0,20,1135.41273
-700.0,22,1135.47384
1100.0,22,1135.53649
1300.0,26,1135.610994
1500.0,19,1135.667595
800.0,16,1135.710989
1000.0,20,1135.767805
-1650.0,42,1135.893118
700.0,17,1135.940345
150.0,30,1136.047788
950.0,19,1136.112719
-1750.0,25,1136.201603
500.0,25,1136.268287
850.0,20,1136.324652
1650.0,31,1136.411114
1250.0,24,1136.474889
-600.0,18,1136.527557
-25.0,2,1136.53389
525.0,13,1136.567459
750.0,27,1136.640698
900.0,18,1136.690504
800.0,13,1136.72657
1100.0,22,1136.784025
-1800.0,39,1137.26407
1800.0,36,1137.365715
550.0,20,1137.419529
2150.0,30,1137.499411
-1000.0,16,1137.54578
750.0,27,1137.616093
600.0,15,1137.65753
-450.0,18,1137.707577
550.0,14,1137.746483
-950.0,23,1137.805307
1200.0,24,1137.87049
1900.0,20,1137.925657
1150.0,17,1137.974131
1250.0,25,1138.040409
-900.0,18,1138.086475
250.0,26,1138.153038
1950.0,39,1138.255345
-2300.0,26,1138.323672
550.0,14,1138.363069
-650.0,20,1138.413952
950.0,17,1138.458462
-1100.0,14,1138.498122
550.0,47,1138.955842
-950.0,23,1139.019233
750.0,18,1139.06755
-100.0,28,1139.145671
1200.0,19,1139.195977
950.0,19,1139.246733
1000.0,18,1139.292719
1000.0,20,1139.342992
750.0,21,1139.393192
-1350.0,24,1139.4551
1500.0,30,1139.528321
1050.0,21,1139.580892
-350.0,23,1139.647834
1650.0,21,1139.701934
1250.0,14,1139.741889
650.0,13,1139.779095
900.0,21,1139.841552
1100.0,32,1139.934064
850.0,20,1139.987865
1300.0,26,1140.057517
1100.0,28,1140.139809
1300.0,16,1140.1853
1000.0,26,1140.260738
900.0,18,1140.713283
2000.0,40,1140.835589
750.0,15,1140.877896
850.0,17,1140.930215
850.0,26,1141.010442
550.0,31,1141.102045
900.0,24,1141.168115
1950.0,39,1141.278683
1600.0,18,1141.335621
650.0,13,1141.371321
1050.0,21,1141.437146
350.0,16,1141.503354
1150.0,23,1141.603412
900.0,30,1141.70986
1650.0,23,1141.773738
1200.0,13,1141.810961
950.0,19,1141.876092
-1000.0,13,1141.920929
1550.0,31,1142.015977
875.0,20,1142.074958
-300.0,15,1142.116111
2450.0,30,1142.199365
800.0,16,1142.248256
2050.0,41,1142.763959
-3250.0,37,1142.887539
950.0,16,1142.934859
-4100.0,47,1143.061288
-1500.0,21,1143.11918
1100.0,36,1143.219743
1000.0,26,1143.287025
1250.0,34,1143.371905
2100.0,60,1143.539549
550.0,47,1143.684405
100.0,29,1143.765249
800.0,16,1143.807783
100.0,17,1143.85579
1400.0,16,1143.904546
50.0,19,1143.954261
350.0,18,1144.002302
50.0,19,1144.052835
575.0,8,1144.074574
650.0,13,1144.435491
850.0,17,1144.47985
1200.0,20,1144.534209
900.0,18,1144.584561
1250.0,28,1144.661165
450.0,18,1144.708719
-1500.0,30,1144.788043
750.0,15,1144.825811
-650.0,17,1144.867816
-1000.0,16,1144.907821
1600.0,30,1144.983663
750.0,18,1145.03978
900.0,18,1145.099858
600.0,24,1145.170076
1500.0,30,1145.248798
-750.0,24,1145.311569
1100.0,25,1145.374172
-1750.0,49,1145.495808
-850.0,16,1145.537204
-550.0,31,1145.619415
150.0,12,1145.650674
2650.0,62,1146.196261
1250.0,28,1146.272372
750.0,15,1146.312779
1100.0,24,1146.379332
500.0,29,1146.458369
1650.0,42,1146.574854
950.0,19,1146.630736
950.0,22,1146.690952
900.0,27,1146.77728
1100.0,28,1146.857406
1050.0,21,1146.917954
300.0,18,1146.965901
150.0,21,1147.021695
1300.0,26,1147.086274
1000.0,20,1147.149884
900.0,18,1147.196524
650.0,19,1147.25124
-2100.0,30,1147.345322
900.0,21,1147.402897
1150.0,15,1147.446043
1250.0,25,1147.520221
1350.0,17,1147.565883
1000.0,20,1147.939635
1000.0,29,1148.015841
1350.0,23,1148.074934
950.0,19,1148.124898
-100.0,28,1148.199
-900.0,57,1148.341822
1150.0,19,1148.393053
-900.0,15,1148.432355
250.0,22,1148.488612
1200.0,20,1148.538666
650.0,28,1148.609296
1500.0,18,1148.654363
700.0,20,1148.703619
1250.0,25,1148.766585
-4050.0,45,1148.878372
1400.0,22,1148.933455
-25.0,2,1148.939805
-2400.0,27,1149.01317
1000.0,18,1149.059199
1700.0,23,1149.123485
450.0,15,1149.164522
1100.0,22,1149.224844
250.0,26,1149.6273
1200.0,20,1149.688633
550.0,20,1149.746639
600.0,18,1149.797879
1200.0,42,1149.917257
900.0,16,1149.959848
-150.0,25,1150.026376
-1600.0,19,1150.078562
950.0,19,1150.130759
1050.0,20,1150.187583
800.0,19,1150.242595
1200.0,18,1150.291523
1550.0,31,1150.37512
-1100.0,23,1150.438873
-650.0,35,1150.593142
1400.0,28,1150.686467
1300.0,26,1150.755929
550.0,17,1150.798656
950.0,19,1150.850948
350.0,13,1150.884473
-500.0,35,1150.97695
-500.0,17,1151.020349
850.0,17,1151.06479
1250.0,25,1151.470388
1350.0,27,1151.536468
800.0,19,1151.58579
1650.0,33,1151.685159
2250.0,43,1151.805155
1150.0,15,1151.849291
950.0,19,1151.903697
750.0,15,1151.945608
450.0,21,1152.000788
700.0,14,1152.038146
1100.0,22,1152.098838
800.0,21,1152.16021
-600.0,18,1152.208376
1600.0,35,1152.305301
1200.0,30,1152.388305
-2000.0,23,1152.456671
1200.0,24,1152.520241
3000.0,51,1152.649846
450.0,15,1152.691787
-1350.0,21,1152.758203
1150.0,17,1152.812815
600.0,21,1153.224665
1250.0,28,1153.301316
1150.0,32,1153.389223
-150.0,21,1153.448141
1750.0,23,1153.518111
200.0,19,1153.571661
1300.0,26,1153.640764
1350.0,27,1153.709105
400.0,38,1153.813788
1500.0,19,1153.866863
1200.0,24,1153.932094
800.0,19,1153.983951
-700.0,25,1154.053805
-150.0,30,1154.16534
650.0,22,1154.225716
-200.0,20,1154.285209
1000.0,17,1154.331803
800.0,16,1154.377857
-200.0,26,1154.455808
550.0,26,1154.532648
1350.0,17,1154.576852
-900.0,12,1154.610224
1300.0,14,1155.029594
1150.0,23,1155.118277
425.0,17,1155.168178
1450.0,32,1155.265681
-1150.0,22,1155.331886
-1000.0,19,1155.379894
1450.0,29,1155.457554
1900.0,38,1155.558381
950.0,19,1155.612813
-700.0,34,1155.70675
-250.0,28,1155.781287
-2100.0,30,1155.86448
100.0,17,1155.912511
-1750.0,49,1156.041058
700.0,14,1156.076944
-375.0,16,1156.117851
900.0,16,1156.15936
-50.0,41,1156.267129
800.0,22,1156.334873
1150.0,28,1156.414017
1100.0,28,1156.84327
1150.0,23,1156.909891
900.0,18,1156.959352
300.0,15,1157.004608
1000.0,29,1157.088751
1600.0,28,1157.171394
-400.0,22,1157.230651
1250.0,14,1157.268452
2300.0,46,1157.394921
400.0,17,1157.441682
700.0,14,1157.479187
1000.0,20,1157.535504
-650.0,23,1157.601063
950.0,19,1157.659375
1550.0,19,1157.711724
1600.0,19,1157.784525
1100.0,24,1157.855577
1350.0,27,1157.933883
1350.0,36,1158.033953
950.0,19,1158.092025
1200.0,17,1158.146843
550.0,26,1158.225856
350.0,16,1158.270343
1100.0,22,1158.684282
1650.0,42,1158.802412
1250.0,25,1158.871637
750.0,15,1158.912887
1900.0,24,1158.976489
1350.0,27,1159.049125
-2400.0,33,1159.136598
900.0,18,1159.184814
1100.0,25,1159.252526
450.0,18,1159.299262
1150.0,23,1159.360846
-150.0,27,1159.432318
2200.0,44,1159.546675
1350.0,27,1159.619145
1250.0,25,1159.686393
1450.0,29,1159.769357
550.0,17,1159.819087
1150.0,26,1159.890343
1250.0,37,1159.989786
-750.0,24,1160.371821
950.0,16,1160.415968
1300.0,15,1160.456324
-100.0,22,1160.513067
1600.0,30,1160.587269
700.0,14,1160.624558
-50.0,53,1160.766053
1400.0,28,1160.841129
-600.0,18,1160.889336
-350.0,29,1160.967019
2150.0,43,1161.0798
650.0,13,1161.113965
-650.0,35,1161.206119
800.0,16,1161.248351
900.0,18,1161.295488
1650.0,33,1161.383396
1050.0,15,1161.427122
1250.0,25,1161.496444
2200.0,44,1161.614215
1050.0,15,1161.654691
-1250.0,35,1162.105288
800.0,16,1162.156976
-1500.0,21,1162.220513
-1700.0,23,1162.286251
-750.0,21,1162.343691
-700.0,25,1162.417821
1900.0,28,1162.50079
1050.0,12,1162.532434
900.0,16,1162.573074
1250.0,28,1162.654437
550.0,29,1162.739366
900.0,30,1162.860374
1500.0,30,1162.996169
950.0,19,1163.069529
2900.0,46,1163.201934
-1050.0,21,1163.261537
1000.0,26,1163.333587
850.0,17,1163.380664
900.0,45,1163.506016
950.0,19,1163.558974
-2650.0,31,1164.00458
1300.0,15,1164.042556
-1350.0,21,1164.102812
1300.0,15,1164.144387
-100.0,22,1164.202039
700.0,14,1164.242033
1450.0,29,1164.319017
-1800.0,48,1164.463545
900.0,15,1164.507683
-150.0,19,1164.559335
-750.0,18,1164.608664
1350.0,33,1164.696278
1650.0,39,1164.805941
1600.0,28,1164.883781
1300.0,18,1164.943351
1600.0,31,1165.037469
2500.0,53,1165.190078
1150.0,23,1165.254312
1200.0,22,1165.313435
350.0,18,1165.361379
-950.0,23,1165.422544
-550.0,19,1165.821245
1100.0,22,1165.879395
1000.0,19,1165.928062
900.0,18,1165.976457
-3600.0,39,1166.079226
-25.0,2,1166.08507
650.0,15,1166.126092
1550.0,31,1166.210773
650.0,13,1166.249283
750.0,18,1166.299303
1350.0,27,1166.369841
-600.0,18,1166.414645
1200.0,22,1166.471063
1200.0,24,1166.531294
500.0,29,1166.612352
-150.0,30,1166.691897
1300.0,21,1166.74543
850.0,32,1166.835656
-100.0,22,1166.895761
1950.0,39,1167.007378
-1650.0,33,1167.102992
1150.0,23,1167.501887
-600.0,18,1167.547633
1600.0,41,1167.661004
750.0,17,1167.708375
750.0,15,1167.746263
1500.0,26,1167.816469
750.0,21,1167.874513
1050.0,21,1167.928803
400.0,23,1167.990969
450.0,18,1168.039082
-1600.0,19,1168.09407
2650.0,62,1168.277417
650.0,22,1168.338974
-700.0,22,1168.400289
600.0,12,1168.43354
2250.0,43,1168.54721
1800.0,23,1168.613798
150.0,45,1168.738437
1400.0,28,1168.815778
850.0,20,1168.868531
1000.0,20,1169.259435
700.0,14,1169.296308
1250.0,28,1169.368101
-1800.0,48,1169.491064
1250.0,25,1169.564238
1000.0,20,1169.625386
-2650.0,31,1169.715565
1800.0,36,1169.814539
500.0,25,1169.88888
1200.0,24,1169.959297
350.0,22,1170.021458
2450.0,30,1170.101289
-1150.0,22,1170.160601
1650.0,33,1170.251519
950.0,22,1170.316959
-650.0,23,1170.379556
-1350.0,21,1170.435273
1050.0,21,1170.491961
-200.0,26,1170.56205
1250.0,37,1170.987372
850.0,26,1171.061686
150.0,30,1171.142369
-2600.0,29,1171.224327
1150.0,23,1171.311134
400.0,17,1171.37561
650.0,13,1171.423105
1650.0,23,1171.503269
-400.0,22,1171.570082
1250.0,25,1171.636707
1850.0,82,1171.858787
725.0,17,1171.910687
800.0,16,1171.952273
-2100.0,60,1172.128106
700.0,14,1172.167242
-50.0,53,1172.310594
950.0,22,1172.370293
1000.0,20,1172.423782
1450.0,29,1172.862276
-1100.0,32,1172.948676
350.0,16,1172.988699
-500.0,35,1173.09169
-700.0,34,1173.185239
900.0,16,1173.228154
-300.0,17,1173.271716
-1800.0,39,1173.38173
800.0,22,1173.440279
-850.0,16,1173.485753
2800.0,40,1173.601609
200.0,25,1173.670449
1450.0,25,1173.736138
350.0,19,1173.78771
-900.0,15,1173.828731
1950.0,42,1173.941092
150.0,12,1173.972999
-750.0,24,1174.034863
-600.0,18,1174.082614
150.0,12,1174.11855
1000.0,19,1174.169635
-3400.0,40,1174.731565
1450.0,29,1174.808509
-500.0,26,1174.876737
2300.0,46,1174.993671
-550.0,34,1175.086535
1400.0,28,1175.164164
800.0,15,1175.20228
-700.0,16,1175.240414
-150.0,21,1175.296603
1100.0,31,1175.372849
1200.0,20,1175.42162
800.0,16,1175.463332
-100.0,25,1175.528536
1050.0,21,1175.583946
500.0,29,1175.662091
500.0,43,1175.776254
950.0,19,1175.832973
700.0,17,1175.884347
950.0,19,1175.936441
900.0,18,1175.985146
2800.0,40,1176.417155
-1150.0,22,1176.474216
950.0,19,1176.522976
1100.0,17,1176.569447
650.0,25,1176.640483
1100.0,22,1176.705395
1100.0,24,1176.773561
550.0,17,1176.819292
1200.0,24,1176.887049
-400.0,22,1176.945426
650.0,13,1176.978711
2500.0,53,1177.119591
2050.0,30,1177.211043
1700.0,21,1177.27034
650.0,13,1177.304883
2450.0,30,1177.389722
150.0,15,1177.43639
1500.0,19,1177.488272
750.0,21,1177.552657
1000.0,32,1177.660117
-350.0,17,1177.716254
1200.0,18,1177.772305
1000.0,23,1178.166318
950.0,19,1178.225078
1150.0,29,1178.303233
-150.0,24,1178.36828
2400.0,27,1178.436552
-650.0,23,1178.499014
500.0,22,1178.559125
2300.0,46,1178.686106
350.0,13,1178.721697
2000.0,43,1178.836511
-1100.0,20,1178.892362
550.0,17,1178.944297
-550.0,34,1179.088583
900.0,15,1179.145112
2800.0,46,1179.273399
1100.0,22,1179.349514
750.0,15,1179.393868
1600.0,31,1179.476359
950.0,19,1179.529473
1300.0,26,1179.597156
2000.0,40,1180.071134
-650.0,14,1180.112505
-600.0,18,1180.169107
1100.0,22,1180.228415
-700.0,25,1180.296238
950.0,19,1180.343737
900.0,18,1180.387254
-2950.0,37,1180.472363
850.0,17,1180.516844
1050.0,14,1180.555165
1050.0,30,1180.647887
2200.0,23,1180.719611
800.0,16,1180.764409
850.0,23,1180.841422
700.0,14,1180.89285
-1100.0,14,1180.972191
1750.0,24,1181.06957
200.0,19,1181.145226
-1200.0,27,1181.249367
2300.0,24,1181.374197
1150.0,26,1181.466973
800.0,21,1181.536462
750.0,15,1181.588484
750.0,27,1181.694946
950.0,28,1182.244015
800.0,16,1182.307795
2300.0,26,1182.420465
1250.0,25,1182.548363
1650.0,33,1182.716298
1450.0,32,1182.872791
-1350.0,18,1182.953416
-1000.0,34,1183.153198
800.0,16,1183.250991
1150.0,15,1183.353872
650.0,13,1183.442443
1100.0,22,1183.595744
525.0,10,1183.649947
250.0,17,1183.739597
700.0,20,1183.835346
650.0,13,1183.893693
450.0,15,1183.956528
-300.0,15,1184.021711
1500.0,26,1184.132268
1500.0,30,1184.25635
950.0,19,1184.331017
1450.0,29,1184.440782
2050.0,36,1184.563124
-700.0,16,1185.112236
-500.0,20,1185.196868
-650.0,14,1185.255951
1200.0,18,1185.302957
1200.0,16,1185.353302
-1100.0,47,1185.484739
1900.0,24,1185.548482
1750.0,21,1185.606489
1200.0,14,1185.651856
-100.0,20,1185.712498
-400.0,37,1185.823346
700.0,14,1185.859351
900.0,18,1185.909148
600.0,15,1185.947643
750.0,15,1185.987857
600.0,12,1186.025767
-350.0,26,1186.102235
1000.0,20,1186.157728
1350.0,20,1186.210924
1800.0,36,1186.30458
1500.0,19,1186.354233
950.0,19,1186.402494
-1350.0,30,1186.481038
-1200.0,24,1186.562633
1100.0,32,1186.961636
200.0,34,1187.056841
1000.0,20,1187.110729
700.0,14,1187.151197
1300.0,16,1187.19529
1950.0,45,1187.317363
1500.0,30,1187.398562
1000.0,20,1187.456214
1650.0,33,1187.546406
1650.0,33,1187.635181
1500.0,19,1187.687254
800.0,16,1187.731102
1400.0,16,1187.778295
1200.0,14,1187.817147
700.0,14,1187.85945
-2400.0,27,1187.934896
-1000.0,13,1187.971878
1900.0,30,1188.05156
1950.0,42,1188.16373
950.0,28,1188.241595
750.0,15,1188.285333
975.0,43,1188.755157
-200.0,17,1188.802381
750.0,24,1188.876815
700.0,14,1188.918081
1100.0,22,1188.974554
-200.0,20,1189.026363
900.0,21,1189.081373
800.0,16,1189.121422
900.0,18,1189.174193
950.0,17,1189.230683
250.0,22,1189.297331
1650.0,31,1189.382131
-600.0,30,1189.46426
500.0,19,1189.515853
-4200.0,48,1189.657397
1200.0,20,1189.716152
1600.0,18,1189.764638
1400.0,31,1189.843936
50.0,25,1189.910365
2450.0,55,1190.061641
1100.0,23,1190.470884
1950.0,39,1190.585761
1600.0,35,1190.685208
2500.0,26,1190.756054
700.0,14,1190.792062
1950.0,39,1190.895399
-1800.0,39,1190.999857
1600.0,31,1191.083321
-650.0,20,1191.148932
1300.0,14,1191.189421
950.0,19,1191.247878
750.0,21,1191.309227
-500.0,23,1191.377483
750.0,24,1191.440509
750.0,21,1191.493861
1600.0,32,1191.576626
1050.0,21,1191.630249
1300.0,14,1191.665896
1300.0,21,1191.723366
600.0,12,1191.755391
650.0,19,1191.804325
1200.0,24,1192.197419
-100.0,22,1192.254814
475.0,12,1192.285602
950.0,19,1192.33467
950.0,19,1192.387048
-250.0,37,1192.494381
950.0,19,1192.561328
-1200.0,21,1192.628956
2250.0,43,1192.81323
1550.0,31,1192.941734
350.0,16,1192.998487
-900.0,15,1193.053928
1100.0,15,1193.118184
1000.0,17,1193.20206
1350.0,23,1193.295588
600.0,12,1193.340281
950.0,19,1193.430066
1400.0,28,1193.611265
2450.0,55,1193.966787
900.0,18,1194.056801
1550.0,19,1194.146851
1300.0,26,1194.259373
-50.0,26,1194.87108
350.0,22,1194.959052
600.0,15,1195.022849
750.0,15,1195.078192
-600.0,21,1195.154637
800.0,16,1195.211718
1250.0,31,1195.323408
1600.0,32,1195.434632
-1250.0,20,1195.499549
1250.0,25,1195.587892
-500.0,26,1195.680123
700.0,26,1195.764108
700.0,14,1195.808451
1600.0,35,1195.923855
1100.0,22,1195.997862
950.0,16,1196.052903
-500.0,35,1196.16808
550.0,29,1196.267005
700.0,14,1196.31176
950.0,19,1196.364403
1400.0,23,1196.426509
700.0,14,1196.466937
300.0,21,1196.528112
-200.0,20,1197.004565
2050.0,28,1197.101066
900.0,18,1197.162674
-100.0,22,1197.23529
-1600.0,19,1197.29877
1650.0,31,1197.404196
2650.0,42,1197.536792
1050.0,19,1197.598189
900.0,18,1197.654382
1250.0,25,1197.731497
1650.0,25,1197.818638
-1450.0,25,1197.906594
1250.0,17,1197.959639
900.0,18,1198.013286
-1150.0,28,1198.104495
-1250.0,35,1198.198615
600.0,15,1198.236134
650.0,13,1198.268679
1800.0,25,1198.330594
850.0,17,1198.37389
1050.0,21,1198.426109
200.0,34,1198.517
500.0,43,1198.970616
-1000.0,46,1199.095613
525.0,9,1199.120135
650.0,13,1199.155894
800.0,16,1199.203804
950.0,19,1199.25963
1600.0,35,1199.370491
750.0,15,1199.413725
800.0,16,1199.458203
450.0,27,1199.533751
1600.0,32,1199.620026
850.0,17,1199.665815
850.0,17,1199.710667
1950.0,30,1199.790426
-1050.0,36,1199.884723
2800.0,46,1200.009648
-250.0,17,1200.056839
850.0,20,1200.112743
1050.0,30,1200.194662
2200.0,28,1200.271019
850.0,17,1200.673743
2200.0,44,1200.801332
1450.0,29,1200.882001
1650.0,33,1200.96774
350.0,13,1201.001822
-600.0,18,1201.051558
650.0,22,1201.113218
1900.0,30,1201.196328
950.0,19,1201.246296
850.0,26,1201.368896
-150.0,42,1201.541487
1400.0,28,1201.623877
50.0,13,1201.657017
-1800.0,27,1201.72839
550.0,17,1201.773474
1150.0,28,1201.847098
1950.0,39,1201.950017
-600.0,18,1201.997052
-1200.0,21,1202.053222
75.0,4,1202.06387
800.0,19,1202.116086
-925.0,20,1202.503362
-4300.0,46,1202.648966
900.0,18,1202.699035
950.0,22,1202.757856
1100.0,22,1202.819778
950.0,22,1202.881134
750.0,18,1202.930285
1200.0,27,1203.000606
-5500.0,64,1203.173284
-700.0,25,1203.237232
-1000.0,22,1203.294282
1000.0,16,1203.33666
2050.0,28,1203.412215
1150.0,23,1203.476577
900.0,18,1203.524479
750.0,21,1203.578714
950.0,16,1203.626874
-500.0,35,1203.72057
1100.0,37,1203.816453
-100.0,20,1203.871789
2700.0,54,1204.352697
750.0,15,1204.395295
1200.0,17,1204.440328
900.0,18,1204.486872
800.0,16,1204.528622
1450.0,29,1204.598047
1550.0,31,1204.679524
700.0,20,1204.735594
-2650.0,31,1204.819227
-350.0,23,1204.878622
1300.0,19,1204.926061
-1100.0,20,1204.978822
800.0,16,1205.019792
1250.0,26,1205.091341
-50.0,26,1205.187069
850.0,32,1205.271625
1250.0,17,1205.315196
-950.0,20,1205.365712
850.0,20,1205.416691
950.0,19,1205.465366
1550.0,29,1205.540031
1000.0,20,1205.924844
-2200.0,40,1206.032018
1150.0,23,1206.096265
-1900.0,46,1206.221731
-1000.0,16,1206.262717
750.0,18,1206.31034
950.0,19,1206.363727
-1050.0,21,1206.419233
-1400.0,20,1206.471411
-100.0,28,1206.543953
150.0,39,1206.651433
1600.0,41,1206.767269
1650.0,42,1206.877713
1050.0,15,1206.921071
750.0,27,1206.99008
-1250.0,20,1207.049019
1950.0,45,1207.243597
1300.0,14,1207.308656
1800.0,31,1207.451947
500.0,43,1208.302749
1200.0,24,1208.405791
1100.0,22,1208.497025
700.0,14,1208.553773
900.0,18,1208.633264
-550.0,19,1208.715356
1100.0,22,1208.805782
900.0,18,1208.873318
1000.0,23,1208.947964
400.0,20,1209.015219
950.0,19,1209.075468
-550.0,31,1209.182717
650.0,13,1209.232822
300.0,15,1209.293071
1000.0,20,1209.366815
-50.0,26,1209.459194
2000.0,43,1209.600629
900.0,18,1209.671177
2350.0,31,1209.784647
-1150.0,34,1209.90321
800.0,16,1209.956939
800.0,16,1210.012492
850.0,23,1210.536114
-600.0,39,1210.65708
750.0,21,1210.724286
950.0,19,1210.790699
750.0,15,1210.842721
-400.0,37,1210.960377
750.0,18,1211.013165
700.0,14,1211.055023
800.0,16,1211.102134
1650.0,25,1211.190361
1100.0,28,1211.283653
-1950.0,30,1211.386029
-450.0,21,1211.458699
2800.0,40,1211.582644
-1400.0,17,1211.639157
-4100.0,47,1211.791388
1400.0,31,1211.898163
600.0,12,1211.947081
1400.0,28,1212.045436
-450.0,33,1212.157906
1150.0,29,1212.768235
-1950.0,63,1212.993789
-700.0,34,1213.096162
1850.0,82,1213.357703
650.0,13,1213.394413
800.0,19,1213.449933
1150.0,23,1213.517147
800.0,22,1213.583682
50.0,25,1213.667112
1050.0,12,1213.711309
1050.0,21,1213.786889
1200.0,20,1213.862882
-650.0,17,1213.926363
450.0,18,1213.989863
700.0,14,1214.036506
1000.0,26,1214.123707
1150.0,26,1214.21309
950.0,19,1214.274078
1200.0,18,1214.328098
-400.0,37,1214.87601
900.0,18,1214.952396
1200.0,24,1215.089817
750.0,15,1215.14867
1600.0,26,1215.233244
1550.0,34,1215.331281
-550.0,34,1215.439697
1100.0,22,1215.506378
900.0,18,1215.554558
1350.0,27,1215.638718
1250.0,28,1215.728834
750.0,15,1215.777384
1225.0,27,1215.877349
650.0,13,1215.923468
1300.0,26,1216.011722
1300.0,16,1216.065635
800.0,16,1216.126903
550.0,17,1216.190543
250.0,17,1216.25078
1450.0,50,1216.426633
-1000.0,19,1216.486459
175.0,9,1216.517084
800.0,19,1216.578021
-700.0,16,1217.044545
-200.0,26,1217.134013
-600.0,18,1217.20724
-1200.0,21,1217.282377
-1500.0,30,1217.388386
1650.0,27,1217.473192
1000.0,20,1217.540214
-1500.0,18,1217.595484
1100.0,25,1217.678139
1350.0,19,1217.741054
1900.0,38,1217.872371
650.0,16,1217.918286
1250.0,25,1217.995212
1450.0,29,1218.096516
-1500.0,21,1218.167522
-1100.0,17,1218.225031
350.0,25,1218.304789
1250.0,31,1218.401399
900.0,18,1218.457329
350.0,16,1218.503406
1750.0,24,1218.576637
1150.0,32,1218.683377
1000.0,20,1219.292761
750.0,15,1219.348747
700.0,17,1219.41298
1500.0,19,1219.484698
750.0,24,1219.569247
-600.0,18,1219.632272
1200.0,18,1219.688479
850.0,17,1219.743239
1250.0,25,1219.826334
750.0,17,1219.879366
-250.0,19,1219.942222
1400.0,17,1219.993998
800.0,25,1220.162349
-650.0,35,1220.341789
1250.0,17,1220.402716
1300.0,26,1220.489158
1100.0,22,1220.556244
1000.0,23,1220.629426
1800.0,36,1220.750553
-350.0,29,1220.854895
1150.0,23,1220.941967
1000.0,26,1221.040434
650.0,13,1221.085176
-50.0,14,1221.132432
2250.0,43,1221.741964
950.0,19,1221.80525
1050.0,14,1221.854681
1250.0,25,1221.942238
1300.0,16,1221.997003
250.0,20,1222.062081
750.0,15,1222.110275
1200.0,28,1222.197763
-650.0,47,1222.350271
1300.0,19,1222.419607
1250.0,25,1222.503252
1200.0,22,1222.575186
250.0,17,1222.63316
1400.0,25,1222.726383
3000.0,51,1222.88089
750.0,15,1222.929725
900.0,18,1222.985484
1450.0,29,1223.071367
-900.0,18,1223.125248
1350.0,20,1223.181694
1200.0,24,1223.257944
-450.0,24,1223.704877
1300.0,26,1223.786848
700.0,17,1223.839607
2200.0,23,1223.90142
1350.0,27,1223.982644
650.0,13,1224.019614
900.0,18,1224.073937
1200.0,18,1224.130043
1000.0,26,1224.209085
2000.0,43,1224.340521
1100.0,22,1224.408703
1050.0,21,1224.477937
800.0,22,1224.540316
-400.0,37,1224.643229
950.0,22,1224.701063
1700.0,22,1224.756475
700.0,14,1224.792471
900.0,16,1224.831893
-1250.0,20,1224.882462
1300.0,26,1224.948184
1300.0,26,1225.012774
-1100.0,20,1225.06474
800.0,21,1225.449956
400.0,20,1225.50843
950.0,16,1225.556722
900.0,18,1225.607201
650.0,25,1225.673716
1250.0,34,1225.761165
2000.0,40,1225.868901
-400.0,16,1225.911723
1350.0,27,1225.981481
500.0,13,1226.015657
1200.0,42,1226.124844
1350.0,27,1226.194844
1200.0,13,1226.229792
-200.0,14,1226.266587
1600.0,31,1226.344659
950.0,19,1226.391275
150.0,33,1226.482055
1050.0,21,1226.535054
-850.0,16,1226.574695
1200.0,24,1226.641028
-2100.0,30,1226.723017
1300.0,20,1226.791495
1150.0,26,1227.306078
400.0,30,1227.393362
-1100.0,14,1227.433948
-50.0,17,1227.4822
850.0,17,1227.532802
-50.0,41,1227.646766
950.0,19,1227.706682
-1600.0,19,1227.760103
800.0,16,1227.804994
900.0,30,1227.889614
-1300.0,16,1227.932809
1100.0,22,1227.988362
100.0,17,1228.030577
1300.0,26,1228.100695
1100.0,28,1228.190063
1600.0,26,1228.270676
-650.0,47,1228.397527
-1100.0,17,1228.445008
550.0,20,1228.49776
-3000.0,33,1228.589077
-550.0,19,1228.645049
-100.0,28,1229.070609
-5200.0,58,1229.227858
1550.0,31,1229.310804
-150.0,30,1229.387442
950.0,17,1229.431267
1600.0,35,1229.538481
550.0,29,1229.629234
900.0,18,1229.679812
750.0,18,1229.728109
-600.0,30,1229.807836
900.0,18,1229.858625
900.0,18,1229.908803
750.0,27,1229.984149
-2300.0,26,1230.054574
-2400.0,27,1230.128837
1150.0,19,1230.18965
1500.0,19,1230.259059
950.0,19,1230.309695
1200.0,24,1230.380924
950.0,25,1230.454691
1900.0,30,1230.897062
250.0,50,1231.034754
1600.0,28,1231.129888
-200.0,26,1231.206291
600.0,21,1231.264253
750.0,36,1231.378488
1100.0,22,1231.446572
1850.0,82,1231.714292
1000.0,23,1231.78446
1050.0,21,1231.837704
1250.0,17,1231.882937
1000.0,20,1231.939056
1550.0,29,1232.019312
450.0,18,1232.067035
600.0,15,1232.109906
1450.0,29,1232.187726
1350.0,36,1232.284347
-1000.0,13,1232.317955
1350.0,17,1232.699763
950.0,19,1232.756833
1100.0,17,1232.809397
2300.0,46,1232.945815
-2900.0,32,1233.026871
1200.0,24,1233.105432
-1000.0,25,1233.177882
1600.0,32,1233.273839
800.0,19,1233.330161
-3500.0,53,1233.474871
-1350.0,39,1233.625799
1100.0,22,1233.702962
1300.0,26,1233.774032
900.0,18,1233.82133
900.0,18,1233.871489
750.0,27,1233.960697
900.0,30,1234.053894
50.0,43,1234.197651
350.0,16,1234.587058
700.0,14,1234.633143
1200.0,42,1234.748789
-300.0,21,1234.808277
550.0,47,1234.931951
1350.0,27,1235.017427
-4000.0,43,1235.125685
1450.0,29,1235.19919
1000.0,29,1235.277047
1100.0,22,1235.337035
100.0,17,1235.382924
1050.0,21,1235.436748
950.0,19,1235.486457
150.0,33,1235.56869
1750.0,28,1235.644561
900.0,18,1235.692273
2150.0,27,1235.764217
1550.0,31,1235.846387
1350.0,27,1235.924287
-100.0,22,1236.328815
1050.0,21,1236.382177
1250.0,25,1236.446275
-150.0,21,1236.499752
-1200.0,18,1236.546758
-400.0,16,1236.588885
-1000.0,46,1236.707075
600.0,15,1236.750133
1100.0,22,1236.81127
350.0,13,1236.850437
700.0,14,1236.888721
2200.0,44,1237.015712
1700.0,21,1237.072419
900.0,18,1237.120126
1300.0,26,1237.196302
1700.0,21,1237.262249
1650.0,33,1237.359533
1300.0,26,1237.433573
1050.0,21,1237.49075
1650.0,23,1237.556121
1600.0,19,1237.612482
-400.0,22,1237.673958
1200.0,24,1238.101382
1550.0,31,1238.185873
350.0,13,1238.219368
-600.0,27,1238.294564
1550.0,22,1238.354491
-550.0,19,1238.402634
-1350.0,30,1238.481887
900.0,18,1238.527836
-400.0,22,1238.593948
1350.0,23,1238.65535
1200.0,28,1238.728582
950.0,16,1238.774399
-1100.0,23,1238.836076
1200.0,27,1238.923101
1300.0,32,1239.006141
-1150.0,28,1239.080737
850.0,17,1239.127208
1300.0,14,1239.166986
450.0,18,1239.224811
950.0,19,1239.276772
-750.0,18,1239.334903
100.0,23,1239.399203
-700.0,19,1239.448963
-200.0,23,1239.844166
800.0,19,1239.89646
2050.0,28,1239.973857
-150.0,30,1240.053934
1000.0,20,1240.107362
150.0,39,1240.213044
-700.0,22,1240.274462
750.0,15,1240.314082
600.0,12,1240.350242
-4100.0,47,1240.475463
2300.0,46,1240.594405
1600.0,19,1240.645756
-650.0,26,1240.714416
1050.0,12,1240.745364
-2750.0,38,1240.853462
1400.0,16,1240.897832
1200.0,20,1240.950963
825.0,25,1241.018397
1650.0,33,1241.102256
950.0,19,1241.148637
950.0,25,1241.594546
250.0,20,1241.665109
1550.0,31,1241.750183
-950.0,23,1241.816077
450.0,27,1241.88912
800.0,16,1241.932284
1250.0,28,1242.008415
450.0,12,1242.041208
-1200.0,21,1242.102454
1000.0,20,1242.158885
1600.0,30,1242.247006
700.0,14,1242.28781
1000.0,17,1242.334708
-900.0,15,1242.375491
-1150.0,34,1242.469789
800.0,25,1242.557829
1500.0,25,1242.643971
1250.0,17,1242.690958
1450.0,41,1242.814329
550.0,14,1242.85403
1650.0,39,1242.960854
850.0,17,1243.010718
-3250.0,37,1243.50262
-350.0,17,1243.545121
-900.0,15,1243.583493
100.0,35,1243.682632
1350.0,20,1243.743826
1350.0,17,1243.78909
1750.0,35,1243.882122
800.0,16,1243.924222
1700.0,23,1243.992133
900.0,18,1244.040756
-1100.0,32,1244.123419
700.0,17,1244.169195
1550.0,31,1244.261702
2650.0,42,1244.374065
1600.0,30,1244.454005
1250.0,25,1244.521873
-150.0,39,1244.624862
1900.0,28,1244.713054
1350.0,19,1244.76456
-2100.0,57,1245.228277
1000.0,23,1245.292184
1100.0,22,1245.359266
900.0,18,1245.413851
1250.0,25,1245.479527
650.0,13,1245.518064
1300.0,15,1245.558687
600.0,24,1245.636603
-350.0,17,1245.680794
1200.0,20,1245.733321
1600.0,18,1245.780231
1100.0,22,1245.836727
1100.0,22,1245.894556
1000.0,20,1245.950302
-1600.0,22,1246.012361
850.0,17,1246.059654
700.0,20,1246.111935
400.0,30,1246.199873
-50.0,17,1246.247097
600.0,42,1246.366032
1200.0,19,1246.414835
950.0,19,1246.463047
825.0,19,1246.510256
750.0,15,1246.547279
1350.0,16,1246.591184
1050.0,21,1246.984049
650.0,19,1247.033536
1050.0,21,1247.090174
450.0,18,1247.13795
1450.0,16,1247.179239
-100.0,20,1247.237069
1100.0,22,1247.30623
900.0,18,1247.353861
250.0,17,1247.407962
150.0,24,1247.504404
500.0,29,1247.610683
1750.0,26,1247.693509
750.0,15,1247.735398
1050.0,21,1247.79338
1150.0,23,1247.854186
2700.0,39,1247.969828
-1300.0,16,1248.012406
1900.0,20,1248.06563
1100.0,22,1248.123948
-1200.0,27,1248.199232
400.0,30,1248.278484
1200.0,16,1248.321356
1600.0,32,1248.403644
-1000.0,16,1248.801444
800.0,16,1248.843601
-1050.0,30,1248.932373
1950.0,45,1249.07742
1950.0,42,1249.220016
-150.0,24,1249.287329
800.0,16,1249.33049
1000.0,20,1249.385067
-1500.0,18,1249.437026
-2050.0,28,1249.518179
150.0,45,1249.642678
-600.0,18,1249.696718
750.0,24,1249.765347
450.0,18,1249.835348
950.0,22,1249.903665
1150.0,23,1249.965109
900.0,18,1250.012112
-250.0,28,1250.086313
1250.0,37,1250.186824
-1000.0,16,1250.233646
500.0,19,1250.611299
950.0,19,1250.658487
950.0,16,1250.701348
550.0,17,1250.745823
950.0,19,1250.796188
-450.0,33,1250.880184
1100.0,28,1250.95662
1400.0,31,1251.037587
-100.0,22,1251.092641
350.0,16,1251.142033
1550.0,22,1251.206805
1150.0,23,1251.282657
1550.0,31,1251.375721
700.0,14,1251.433513
-700.0,22,1251.498104
-650.0,26,1251.580225
1050.0,21,1251.636223
-450.0,18,1251.683514
2100.0,60,1251.853121
900.0,18,1251.901414
-1950.0,63,1252.379818
550.0,14,1252.42923
1100.0,22,1252.490319
900.0,18,1252.53888
2650.0,37,1252.635028
900.0,18,1252.687987
-1000.0,46,1252.815221
1600.0,38,1252.918575
850.0,17,1252.969869
1650.0,23,1253.076487
800.0,16,1253.145181
-4200.0,48,1253.319476
1300.0,26,1253.406089
1550.0,31,1253.497152
500.0,16,1253.550678
2200.0,31,1253.638745
600.0,15,1253.682468
850.0,20,1253.743434
1250.0,31,1253.827593
1200.0,24,1253.890177
-600.0,18,1254.280399
-50.0,17,1254.336234
750.0,15,1254.384336
1800.0,36,1254.484113
950.0,19,1254.56085
1750.0,21,1254.61754
750.0,18,1254.679874
-1050.0,21,1254.740053
2700.0,39,1254.848841
1650.0,23,1254.910856
1250.0,25,1254.977353
-50.0,33,1255.065085
1350.0,27,1255.161359
-150.0,18,1255.233693
-700.0,25,1255.328776
1300.0,26,1255.41863
1150.0,28,1255.513246
1350.0,27,1255.604488
1600.0,32,1255.694954
950.0,19,1255.751007
900.0,18,1255.802118
-250.0,16,1256.296243
1150.0,23,1256.372494
-1100.0,14,1256.425209
-3000.0,33,1256.552166
700.0,20,1256.622197
-450.0,18,1256.668667
1650.0,42,1256.785527
1300.0,22,1256.847241
700.0,14,1256.886482
1250.0,25,1256.975289
800.0,25,1257.052442
1000.0,20,1257.115305
-100.0,20,1257.175294
150.0,33,1257.265139
1000.0,23,1257.335575
-5200.0,82,1257.595878
900.0,18,1257.647155
-1000.0,16,1257.691022
1000.0,29,1257.764237
450.0,21,1257.821633
1200.0,16,1258.203045
1200.0,30,1258.297332
-1900.0,46,1258.426409
1000.0,20,1258.482273
1150.0,23,1258.543183
900.0,18,1258.596348
900.0,24,1258.668168
950.0,19,1258.727583
550.0,14,1258.797661
1550.0,31,1258.921119
800.0,19,1258.988065
1600.0,32,1259.076439
750.0,21,1259.131873
1350.0,27,1259.205136
1000.0,23,1259.267042
-2400.0,27,1259.338383
600.0,12,1259.369565
1200.0,24,1259.432451
1150.0,23,1259.506729
1250.0,17,1259.556099
650.0,15,1259.596604
1050.0,21,1259.653287
800.0,15,1259.693434
750.0,21,1260.074594
850.0,17,1260.117096
750.0,18,1260.165344
-600.0,24,1260.235587
350.0,22,1260.303809
1300.0,26,1260.386405
-3500.0,53,1260.53213
1150.0,13,1260.567476
1350.0,36,1260.668164
600.0,24,1260.74908
1850.0,82,1260.973367
850.0,17,1261.023345
2050.0,28,1261.108693
1650.0,23,1261.178149
2400.0,27,1261.254163
1100.0,22,1261.321682
1300.0,32,1261.414883
150.0,24,1261.481201
0.0,15,1261.858054
1350.0,24,1261.935932
-50.0,26,1262.002986
-4300.0,46,1262.130482
1450.0,29,1262.221798
1050.0,21,1262.282848
750.0,17,1262.339438
250.0,17,1262.386311
-150.0,24,1262.448489
1000.0,32,1262.538226
-500.0,20,1262.593091
-1900.0,46,1262.717225
1550.0,24,1262.78293
1650.0,33,1262.869222
800.0,16,1262.911896
700.0,17,1262.959796
-1500.0,33,1263.051457
2050.0,41,1263.165705
-600.0,21,1263.225248
-600.0,39,1263.666463
400.0,17,1263.71021
900.0,18,1263.75573
-350.0,29,1263.842661
400.0,30,1263.938546
600.0,24,1264.020926
1950.0,42,1264.163104
2200.0,44,1264.325856
1600.0,32,1264.417777
850.0,17,1264.473266
800.0,25,1264.547998
1250.0,25,1264.654049
250.0,26,1264.747839
-450.0,15,1264.817111
-1100.0,14,1264.87827
1250.0,28,1264.989086
1000.0,20,1265.061822
600.0,24,1265.146752
50.0,43,1265.294901
550.0,17,1265.677188
1300.0,22,1265.735233
1750.0,35,1265.830489
1150.0,23,1265.894528
1500.0,18,1265.943644
450.0,24,1266.007351
2650.0,42,1266.131475
600.0,21,1266.196482
800.0,16,1266.244649
800.0,16,1266.298385
150.0,30,1266.397322
-650.0,17,1266.451152
-700.0,25,1266.526037
1050.0,30,1266.611069
1350.0,21,1266.678254
-1000.0,13,1266.717832
1350.0,27,1266.792615
1100.0,28,1266.867652
500.0,19,1266.917998
1350.0,19,1266.969496
900.0,30,1267.053654
-750.0,24,1267.126156
1000.0,20,1267.632894
1000.0,23,1267.699397
-1300.0,16,1267.740743
-1650.0,21,1267.802739
1500.0,19,1267.853983
1100.0,34,1267.951516
-1350.0,18,1268.004804
-2750.0,38,1268.113025
1000.0,23,1268.176389
800.0,16,1268.219776
900.0,18,1268.269809
1150.0,23,1268.332477
650.0,13,1268.368186
1950.0,42,1268.474455
1150.0,26,1268.547385
2450.0,55,1268.708814
-400.0,22,1268.77611
1400.0,28,1268.857955
1050.0,21,1268.914384
1050.0,21,1268.974165
1600.0,32,1269.451576
-850.0,13,1269.48987
1000.0,29,1269.570096
750.0,12,1269.606776
-1750.0,25,1269.676082
1600.0,18,1269.72534
1400.0,23,1269.795092
1200.0,17,1269.843993
900.0,18,1269.895983
1650.0,24,1269.961632
-150.0,30,1270.044199
350.0,22,1270.106453
0.0,24,1270.184658
2500.0,53,1270.38022
-2400.0,27,1270.501077
-1850.0,26,1270.588689
1150.0,28,1270.700899
850.0,26,1270.78671
900.0,18,1270.849034
500.0,29,1270.956405
1400.0,17,1271.010367
650.0,25,1271.101833
1750.0,22,1271.697481
1250.0,15,1271.764579
1200.0,19,1271.83263
700.0,17,1271.891354
1400.0,25,1271.978572
1450.0,29,1272.057445
1300.0,16,1272.101103
-1600.0,22,1272.161888
-700.0,25,1272.239382
1750.0,23,1272.30336
1300.0,16,1272.346404
700.0,24,1272.409883
-1600.0,19,1272.4599
1150.0,23,1272.519818
1000.0,29,1272.59223
850.0,17,1272.637234
-600.0,30,1272.71905
1300.0,26,1272.806398
950.0,22,1272.871327
1700.0,34,1272.970396
1050.0,12,1273.000416
1600.0,32,1273.083173
1450.0,21,1273.536323
1600.0,32,1273.66794
-800.0,23,1273.730115
-400.0,22,1273.791497
50.0,19,1273.848366
1850.0,43,1273.975031
-100.0,25,1274.041246
350.0,19,1274.094037
950.0,19,1274.148485
1400.0,23,1274.210121
1200.0,19,1274.267445
800.0,16,1274.317166
-450.0,15,1274.362791
1750.0,23,1274.424393
1300.0,26,1274.492058
800.0,16,1274.535086
1450.0,29,1274.610682
450.0,15,1274.65204
800.0,16,1274.69752
-1000.0,34,1274.793705
1100.0,22,1274.853026
2500.0,26,1274.926984
1750.0,26,1275.004382
1250.0,25,1275.61219
1250.0,25,1275.699985
1650.0,33,1275.788373
100.0,23,1275.862573
1300.0,29,1275.942622
700.0,14,1275.980223
-1000.0,34,1276.069595
1150.0,15,1276.115072
1800.0,25,1276.186397
-350.0,29,1276.268235
1250.0,25,1276.333303
-400.0,22,1276.392267
-250.0,17,1276.44012
-1950.0,30,1276.516025
-2600.0,32,1276.59745
750.0,21,1276.656898
1100.0,22,1276.719373
-3000.0,36,1276.829383
1000.0,20,1276.89835
2100.0,60,1277.550983
1550.0,31,1277.643291
700.0,14,1277.690216
900.0,18,1277.737989
750.0,15,1277.777777
350.0,16,1277.827601
2200.0,44,1277.984082
650.0,13,1278.023761
150.0,30,1278.116544
1200.0,13,1278.159225
-1000.0,13,1278.204286
-650.0,23,1278.269203
1650.0,33,1278.357667
1150.0,23,1278.423521
350.0,31,1278.510953
1100.0,22,1278.575104
550.0,26,1278.651064
1500.0,30,1278.735933
-800.0,23,1278.810289
500.0,19,1278.865241
1100.0,22,1278.930977
1350.0,27,1279.019068
-600.0,21,1279.590232
-1200.0,27,1279.66967
1250.0,25,1279.745227
1050.0,14,1279.785547
900.0,18,1279.835355
1150.0,29,1279.923828
-250.0,19,1279.977102
1450.0,16,1280.021836
1200.0,24,1280.08974
1100.0,37,1280.202702
-100.0,22,1280.264621
-150.0,66,1280.464263
1900.0,24,1280.529755
0.0,24,1280.588537
850.0,17,1280.634994
-2750.0,38,1280.748551
650.0,13,1280.788404
1700.0,23,1280.84856
450.0,12,1280.876971
1500.0,18,1280.919616
850.0,17,1280.960122
-1350.0,30,1281.345365
1000.0,29,1281.412204
900.0,24,1281.470019
850.0,17,1281.513142
950.0,25,1281.590305
1950.0,42,1281.706151
850.0,17,1281.75399
950.0,19,1281.804383
1100.0,22,1281.862383
600.0,15,1281.903245
-850.0,16,1281.946453
800.0,19,1281.994391
1350.0,27,1282.059878
1150.0,23,1282.114366
800.0,16,1282.153615
450.0,24,1282.210645
2150.0,33,1282.306309
-600.0,21,1282.368786
1250.0,25,1282.429324
-1000.0,25,1282.487795
-1100.0,47,1282.608749
1000.0,20,1282.980006
1550.0,19,1283.03103
-1500.0,30,1283.11039
2200.0,44,1283.235075
1000.0,18,1283.288651
-450.0,33,1283.389049
650.0,19,1283.435824
800.0,16,1283.474714
600.0,15,1283.510711
900.0,18,1283.556535
600.0,15,1283.596699
750.0,15,1283.636721
2200.0,31,1283.71635
1400.0,18,1283.761923
1150.0,23,1283.819342
-250.0,16,1283.857822
650.0,28,1283.926584
3150.0,63,1284.088865
1450.0,29,1284.167496
950.0,16,1284.20835
1300.0,26,1284.274671
1950.0,45,1284.712869
1550.0,31,1284.790475
2000.0,28,1284.871318
-1000.0,16,1284.915426
-1300.0,16,1284.956162
0.0,15,1284.992335
-1000.0,34,1285.081474
500.0,19,1285.130837
750.0,18,1285.181141
700.0,14,1285.214694
-1800.0,24,1285.27472
550.0,47,1285.404452
200.0,31,1285.482333
750.0,15,1285.522394
950.0,19,1285.581396
500.0,13,1285.615002
-650.0,20,1285.667078
800.0,22,1285.721944
1150.0,23,1285.787014
2300.0,26,1285.864028
800.0,22,1285.92615
550.0,17,1285.96935
-1100.0,14,1286.342905
0.0,15,1286.386543
800.0,16,1286.421257
1000.0,20,1286.458508
1300.0,26,1286.504636
-50.0,41,1286.580035
1000.0,29,1286.64153
-600.0,18,1286.674628
900.0,18,1286.706602
1000.0,26,1286.759396
600.0,12,1286.782823
50.0,19,1286.822503
950.0,28,1286.878446
1650.0,31,1286.940963
500.0,43,1287.033772
1150.0,29,1287.095485
775.0,10,1287.114147
1000.0,26,1287.160302
-2950.0,37,1287.243356
1450.0,29,1287.3079
750.0,15,1287.342618
-300.0,17,1287.638462
-1400.0,17,1287.671405
800.0,19,1287.711269
1600.0,32,1287.775407
950.0,19,1287.812454
-250.0,28,1287.871041
800.0,16,1287.90681
-550.0,16,1287.939169
-850.0,16,1287.972017
1600.0,28,1288.02751
800.0,16,1288.066436
750.0,17,1288.100579
1200.0,24,1288.154184
1100.0,28,1288.230329
650.0,15,1288.275675
550.0,17,1288.324196
-1050.0,30,1288.3871
2050.0,28,1288.452897
700.0,23,1288.499142
1350.0,23,1288.545431
1100.0,22,1288.586716
1000.0,20,1288.62613
1000.0,18,1288.670758
-2500.0,28,1288.728064
250.0,26,1289.079825
1950.0,39,1289.153147
1600.0,32,1289.243109
600.0,15,1289.279795
750.0,24,1289.340893
850.0,26,1289.407201
1050.0,21,1289.458028
-50.0,26,1289.518239
750.0,21,1289.581572
-3250.0,37,1289.675111
-100.0,20,1289.721088
1150.0,23,1289.778519
750.0,18,1289.824742
-1350.0,18,1289.870058
-150.0,30,1289.942008
950.0,16,1289.978128
1000.0,20,1290.024288
-2050.0,28,1290.086229
1050.0,30,1290.182276
750.0,24,1290.259166
600.0,12,1290.290102
900.0,18,1290.6401
1100.0,22,1290.687635
1200.0,20,1290.730666
-4100.0,47,1290.834697
850.0,17,1290.87298
1200.0,33,1290.951247
150.0,33,1291.023799
1100.0,22,1291.071582
750.0,15,1291.109143
1350.0,27,1291.176181
1050.0,21,1291.228766
1300.0,26,1291.295595
500.0,25,1291.354545
-1100.0,14,1291.387386
250.0,50,1291.506427
750.0,21,1291.557999
900.0,18,1291.600736
900.0,18,1291.644742
1200.0,24,1291.701743
750.0,15,1291.737779
-2100.0,57,1292.15116
-4100.0,47,1292.263766
400.0,23,1292.318026
1150.0,23,1292.372599
1400.0,18,1292.42027
900.0,27,1292.492404
1200.0,20,1292.543367
1000.0,23,1292.603385
1950.0,42,1292.744365
-1350.0,18,1292.792131
950.0,25,1292.857425
750.0,21,1292.911498
800.0,22,1292.973001
350.0,22,1293.029491
1500.0,17,1293.09387
1100.0,22,1293.176642
1950.0,39,1293.315136
1150.0,23,1293.374622
1650.0,25,1293.44703
1100.0,28,1293.527179
750.0,21,1293.9071
1400.0,23,1293.953423
1250.0,14,1293.987162
0.0,18,1294.025218
900.0,24,1294.068141
1200.0,33,1294.125564
1100.0,22,1294.164028
1100.0,22,1294.204803
800.0,16,1294.237146
850.0,17,1294.279676
-150.0,30,1294.367844
1250.0,31,1294.459831
850.0,14,1294.494622
950.0,19,1294.549633
0.0,24,1294.647746
900.0,18,1294.698393
650.0,16,1294.729554
1000.0,20,1294.767646
650.0,13,1294.796314
-550.0,19,1294.839004
2800.0,46,1294.922206
1500.0,26,1294.969792
1700.0,21,1295.010225
1150.0,23,1295.373824
300.0,18,1295.419836
1150.0,19,1295.469555
450.0,15,1295.511599
900.0,18,1295.551727
1050.0,21,1295.599534
-150.0,18,1295.63969
-1000.0,19,1295.675192
700.0,24,1295.720391
1150.0,13,1295.743632
350.0,16,1295.772441
1300.0,26,1295.831011
750.0,15,1295.863658
-600.0,21,1295.901666
1300.0,26,1295.9562
-3600.0,39,1296.044703
1100.0,22,1296.120703
800.0,19,1296.175256
1500.0,39,1296.285479
1600.0,41,1296.397499
1400.0,28,1296.467074
1350.0,27,1296.523597
-900.0,18,1296.562736
1000.0,26,1296.891688
-1000.0,13,1296.921884
1200.0,24,1296.971965
500.0,16,1297.002108
450.0,15,1297.034387
1300.0,26,1297.096924
-2400.0,27,1297.16202
1350.0,24,1297.221592
600.0,15,1297.258288
650.0,15,1297.297501
1350.0,27,1297.364607
600.0,24,1297.422512
1300.0,14,1297.457115
-350.0,29,1297.526209
2050.0,37,1297.610222
1200.0,13,1297.638368
500.0,16,1297.67024
900.0,18,1297.709239
-5500.0,64,1297.831743
650.0,19,1297.871814
1050.0,30,1297.952003
750.0,17,1297.993586
