#{"t_start": 1788542983.2141814, "env_id": "None"}
r,l,t
1.25,5,2.570438
-0.25,2,2.576442
-0.25,2,2.583142
-1.25,3,2.593605
0.75,1,2.596428
0.75,3,2.604129
-0.25,2,2.609594
-0.75,1,2.612456
-0.75,1,2.615111
-0.75,1,2.617644
-0.75,1,2.623022
-0.25,2,2.633728
-1.25,3,2.643346
-0.25,2,2.649342
-0.75,1,2.652667
-0.25,2,2.659795
0.75,4,2.672704
-0.75,1,2.675965
0.75,1,2.679493
-0.25,2,2.68556
0.25,3,2.698751
-0.75,1,2.701868
0.25,3,2.711234
-0.75,1,2.71425
-4.25,6,2.73028
1.75,6,2.744753
0.75,1,2.748574
0.25,3,2.757491
2.25,7,2.776459
-0.25,2,2.781861
0.75,1,2.784551
-0.75,1,2.78781
0.75,3,2.795812
-0.25,2,2.800676
0.75,3,2.80855
0.75,1,2.81166
-0.75,1,2.814699
-0.75,1,2.817437
3.75,6,2.832521
-0.75,1,2.835066
-0.75,1,2.838131
0.25,3,2.846162
-0.75,1,2.848886
-0.75,1,2.851737
0.75,3,2.859873
-0.75,1,2.862781
-0.25,2,2.868045
0.75,4,2.878742
-0.75,1,2.881678
-1.25,1,2.884566
-0.25,2,2.890387
-0.25,2,2.89597
-0.25,2,2.901106
-2.25,4,2.911299
0.75,4,2.920825
-0.25,2,2.926049
-0.75,1,2.929176
-0.75,1,2.932179
-0.25,2,2.937675
5.75,14,2.98356
-1.25,1,2.986925
0.75,1,2.989898
-0.75,1,2.992931
1.25,5,3.006517
0.75,1,3.00935
-0.75,1,3.012122
0.75,1,3.014726
-0.75,1,3.017474
0.25,3,3.025
-0.25,2,3.030164
-0.75,1,3.033013
-0.25,2,3.038292
-0.25,2,3.04336
-1.25,1,3.045965
-0.25,2,3.050838
0.75,4,3.06048
-0.75,1,3.063174
-0.25,2,3.0686
0.25,3,3.077178
-0.75,1,3.08026
-0.25,2,3.085842
0.75,1,3.089001
-0.25,2,3.095273
-0.75,1,3.098393
0.75,1,3.101406
-0.25,2,3.107534
-1.25,1,3.110568
-0.25,2,3.116
-0.25,2,3.121278
-0.75,1,3.123919
-1.25,1,3.126652
0.75,1,3.129305
-0.75,1,3.131881
0.75,1,3.134496
-0.25,2,3.14013
-0.75,1,3.142885
-0.25,2,3.147963
-0.25,2,3.155154
-1.25,1,3.160124
-0.75,1,3.164747
-0.75,1,3.167668
-0.75,1,3.170593
-0.25,2,3.176198
-0.75,1,3.179349
-0.75,1,3.182261
-0.25,2,3.187845
-0.25,2,3.193815
-0.75,1,3.197224
0.75,4,3.20813
-0.25,2,3.21357
0.75,3,3.221331
0.75,1,3.224248
-0.75,1,3.226972
-0.25,2,3.231953
0.25,3,3.239169
-0.25,2,3.243911
-0.75,1,3.246425
-0.25,2,3.251134
-0.75,1,3.253995
-0.25,2,3.259051
-0.75,1,3.261614
1.75,6,3.275629
-0.75,1,3.278481
-0.25,2,3.283843
0.75,4,3.294011
-0.75,1,3.296937
-0.75,1,3.299808
-0.75,1,3.302796
2.25,4,3.314018
-0.25,2,3.319313
-0.75,1,3.325209
-0.25,2,3.332067
-0.25,2,3.337548
0.75,1,3.34048
-0.75,1,3.343086
-0.25,2,3.347799
-0.75,1,3.350281
-0.25,2,3.355498
0.75,1,3.358146
0.75,4,3.367487
-1.25,1,3.370434
-0.25,2,3.375403
-0.25,2,3.381088
0.25,3,3.389577
-0.25,2,3.39539
-0.75,1,3.39825
1.75,6,3.413914
-0.25,2,3.419586
-0.25,2,3.42512
-0.75,1,3.428212
-0.75,1,3.430964
-0.25,2,3.436143
-0.75,1,3.43946
0.75,4,3.450069
0.75,1,3.452687
0.25,3,3.461526
-0.25,2,3.466405
-0.75,1,3.469378
-0.75,1,3.472106
-0.75,1,3.474763
-1.25,1,3.477292
-0.25,2,3.482137
1.25,3,3.490946
0.75,4,3.504057
-0.75,1,3.507478
0.75,4,3.5187
-0.75,1,3.522006
-0.75,1,3.525129
-0.75,1,3.527997
-0.75,1,3.530636
0.75,4,3.540851
-0.75,1,3.543401
-0.75,1,3.545908
-0.75,1,3.548393
-0.25,2,3.553308
-0.75,1,3.555979
-0.25,2,3.560923
-0.75,1,3.563728
0.75,4,3.574369
-0.75,1,3.576984
-0.75,1,3.579681
-0.75,1,3.582556
-0.25,2,3.590434
-0.25,2,3.596412
0.75,1,3.599335
-0.75,1,3.602218
-0.25,2,3.608023
0.75,1,3.610889
0.75,4,3.621339
-1.25,1,3.624307
-0.75,1,3.62734
-0.25,2,3.632586
0.25,3,3.640182
-0.25,2,3.645059
0.25,3,3.652307
-0.25,2,3.657352
-0.25,2,3.663953
-0.75,1,3.666605
-1.25,6,3.680526
-0.75,1,3.683009
-0.25,2,3.688067
-0.25,2,3.693258
0.75,1,3.695848
-0.75,1,3.698761
-1.25,1,3.701572
-0.75,1,3.704674
-1.25,3,3.713187
-0.75,1,3.716174
0.25,3,3.724754
0.75,3,3.734468
-0.25,2,3.740729
0.75,4,3.751946
-0.75,1,3.755268
-0.25,2,3.760103
-0.75,1,3.762611
-3.75,4,3.772013
-0.25,2,3.777013
-1.25,1,3.779988
-0.25,2,3.784913
-1.25,1,3.788106
-0.25,2,3.793252
-0.75,1,3.796214
0.25,3,3.804131
-0.75,1,3.809753
-0.75,1,3.815085
-0.75,1,3.818215
-0.25,2,3.82407
-0.25,2,3.829485
0.75,4,3.840348
-1.25,3,3.848299
-0.75,1,3.851064
-0.75,1,3.854511
0.75,4,3.863988
-0.25,2,3.868692
-0.25,2,3.873823
-0.75,1,3.876594
-0.25,2,3.881434
-0.25,2,3.887222
1.75,6,3.911911
1.75,6,3.930732
-0.75,1,3.933759
-0.25,2,3.939723
-0.25,2,3.946236
0.75,4,3.957075
-0.75,1,3.96111
1.25,5,3.97666
-0.25,2,3.981923
1.25,5,3.995672
-0.75,1,3.99831
-0.25,2,4.003285
0.75,4,4.724761
2.25,5,4.738779
-0.75,1,4.741855
-0.75,1,4.744764
0.75,1,4.747642
-0.25,2,4.752766
0.25,3,4.759869
-0.75,1,4.762559
-0.75,1,4.765166
-0.75,1,4.767635
0.75,1,4.770259
-0.25,2,4.775258
0.25,3,4.7832
2.25,7,4.801807
-0.25,2,4.808991
0.25,3,4.818183
-0.25,2,4.82423
-0.25,2,4.83058
0.25,3,4.839385
0.75,4,4.849547
-0.25,2,4.854676
-0.75,1,4.857363
1.25,3,4.86463
0.75,3,4.87243
-2.25,7,4.889197
-0.25,2,4.894208
-0.75,1,4.897104
-2.25,4,4.90819
0.75,4,4.919052
0.25,3,4.928332
-0.25,2,4.935374
0.25,6,4.952089
0.25,3,4.959652
-0.25,2,4.965208
-0.25,2,4.970241
-0.75,1,4.972953
1.25,3,4.980361
1.25,5,4.99306
-0.25,2,4.998074
-0.25,2,5.004744
-0.75,1,5.008165
-0.25,2,5.014353
0.25,3,5.023196
-0.25,2,5.02943
-3.75,4,5.04145
2.75,8,5.06178
-0.75,7,5.078524
-1.25,3,5.085974
0.25,3,5.094279
-0.75,1,5.097508
-0.25,2,5.10282
0.25,3,5.110884
-0.75,1,5.113857
-0.75,1,5.116868
0.25,3,5.125901
0.75,4,5.137913
2.75,8,5.160639
0.75,1,5.163804
-1.25,3,5.172265
-0.75,1,5.175464
-0.25,2,5.181307
-0.25,2,5.186914
-0.25,2,5.192119
-0.25,2,5.196924
-0.75,1,5.199757
-0.75,1,5.202799
-0.75,1,5.205565
-0.25,2,5.210415
-0.75,1,5.212903
0.25,3,5.220281
1.25,5,5.233986
-0.75,1,5.237212
-0.25,2,5.243394
-0.75,1,5.246357
-0.25,2,5.252083
-0.25,2,5.258594
1.25,5,5.273398
-0.75,1,5.276498
1.25,5,5.289271
-0.25,2,5.294443
-0.75,1,5.297139
-0.75,1,5.299651
-0.75,1,5.302626
0.75,1,5.306134
-0.75,1,5.309627
0.25,3,5.318074
0.25,3,5.327454
0.75,1,5.330627
0.25,3,5.340656
2.75,5,5.356237
-0.25,2,5.362503
-0.25,2,5.368587
-0.75,1,5.372202
0.75,4,5.383457
-0.25,2,5.390198
5.75,8,5.413069
0.25,3,5.421137
-0.75,1,5.424139
-0.75,1,5.427015
-0.75,1,5.429767
-1.25,3,5.437686
-0.75,1,5.440469
1.25,5,5.453211
-0.25,2,5.459732
-1.25,1,5.462731
-0.75,1,5.465633
-0.25,2,5.47147
6.25,10,5.500403
1.75,6,5.516521
-0.75,1,5.519501
-0.25,2,5.525073
-0.75,1,5.528078
1.75,6,5.54345
-0.75,1,5.546288
-0.75,1,5.548932
-0.25,2,5.554454
-0.25,2,5.56036
-0.75,1,5.563888
-0.75,1,5.567286
-0.25,2,5.573675
0.25,3,5.582855
-0.25,2,5.591622
0.75,4,5.602401
0.75,1,5.605488
-0.25,2,5.611316
-0.75,1,5.614601
-0.75,1,5.617558
0.25,3,5.62601
-0.25,2,5.631754
-0.75,1,5.634933
-0.25,2,5.640534
-0.75,1,5.643423
1.25,5,5.655819
-1.25,3,5.663926
-0.75,1,5.666725
-0.25,2,5.672454
-1.25,1,5.675354
-0.25,2,5.680917
-0.25,2,5.687406
-0.75,1,5.690967
0.25,3,5.702262
-0.25,2,5.712328
-1.25,3,5.721721
0.75,1,5.725127
-0.75,1,5.728615
-0.75,1,5.731714
-0.75,1,5.734697
-0.75,1,5.738218
1.75,6,5.752984
-0.25,2,5.758059
-1.25,3,5.765327
-1.25,3,5.772755
0.25,3,5.780341
-0.25,2,5.785294
-0.75,1,5.788439
-0.75,1,5.791289
-0.75,1,5.794147
7.75,10,5.820366
-0.25,2,5.826608
-1.25,1,5.830009
-0.25,2,5.83627
-0.25,2,5.846303
-0.25,2,5.85207
0.75,4,5.862675
0.25,3,5.869972
-0.25,2,5.874895
1.75,4,5.884346
-0.75,1,5.887145
-0.75,1,5.889783
1.75,3,5.896841
-0.25,2,5.901647
-0.25,2,5.906991
-0.25,2,5.912559
-0.75,1,5.915423
-0.25,2,5.921271
-0.75,1,5.924317
-1.25,1,5.927758
0.75,4,5.940158
0.25,3,5.94885
-0.25,2,5.954405
0.25,3,5.961936
0.75,1,5.964576
0.25,3,5.971849
-0.75,1,5.974482
-0.75,1,5.977016
-0.25,2,5.981782
0.25,3,5.989188
-0.25,2,5.993981
-1.25,1,5.996499
0.75,3,6.003844
-0.75,1,6.006539
-0.25,2,6.011411
0.75,4,6.021584
-1.25,1,6.024565
3.75,10,6.052444
-0.25,2,6.057973
0.75,4,6.071277
-0.25,2,6.076982
-0.75,1,6.080694
-1.25,1,6.083441
-0.75,1,6.086199
-0.25,3,6.094275
-0.25,2,6.09953
-0.75,1,6.102263
-0.25,2,6.110581
-0.75,1,6.11358
0.75,1,6.116383
-1.25,3,6.125013
0.75,1,6.128233
0.25,3,6.13682
-0.25,2,6.14254
-0.75,1,6.145525
0.25,3,6.153836
-0.75,1,6.157135
0.75,4,6.489163
-0.25,2,6.494688
-0.25,2,6.499867
0.75,4,6.510417
-0.75,1,6.513298
-0.75,1,6.516215
-0.75,1,6.519078
0.75,4,6.528873
-0.25,2,6.534814
0.75,4,6.555397
0.75,1,6.558854
1.75,6,6.578899
1.75,3,6.588737
0.25,3,6.597465
-3.25,5,6.612583
1.75,6,6.62939
-0.25,2,6.634676
-0.25,2,6.640322
0.75,1,6.64291
-0.75,1,6.645543
-0.25,2,6.650212
-0.25,2,6.655316
-0.25,2,6.661357
-0.25,2,6.666993
1.75,6,6.682897
0.75,4,6.69396
5.25,13,6.727411
0.25,3,6.734755
-3.75,4,6.744732
-0.25,2,6.74952
-3.25,5,6.761171
-1.25,3,6.768825
2.75,8,6.790084
-0.25,2,6.795747
1.25,3,6.804478
-0.25,2,6.810553
-0.25,2,6.816416
-0.75,1,6.819413
-0.75,1,6.822432
1.75,6,6.836791
0.75,1,6.839718
-0.25,8,6.859009
-1.25,3,6.866047
-0.25,2,6.871327
1.75,6,6.886946
-0.25,2,6.892468
-2.25,4,6.903271
0.75,1,6.906405
-0.75,4,6.916759
0.75,1,6.919908
0.25,3,6.928267
-0.25,2,6.93352
-0.25,2,6.939043
-0.25,2,6.944136
2.25,7,6.960078
-1.25,3,6.967139
-0.75,1,6.970156
5.75,8,6.991756
-0.75,1,6.994861
0.25,3,7.003191
0.25,3,7.011597
0.25,6,7.027192
1.25,5,7.039277
-1.25,1,7.041937
-0.75,1,7.044556
1.75,6,7.058778
-0.25,2,7.063651
1.25,5,7.076838
-0.25,2,7.08301
1.25,8,7.107666
-0.25,2,7.113746
-0.25,2,7.119761
-0.75,1,7.123002
-0.25,2,7.129066
-0.25,2,7.134528
-0.75,1,7.137858
1.75,6,7.151684
-0.75,1,7.154532
1.75,6,7.168916
-0.75,1,7.172061
-9.75,10,7.196938
5.75,8,7.218557
-0.75,1,7.22195
-0.25,2,7.227798
-15.25,17,7.269505
-0.75,1,7.272392
-0.25,2,7.277313
-0.75,1,7.279854
-0.25,3,7.287305
-0.25,2,7.29286
-0.25,2,7.298309
2.25,7,7.321686
-0.25,2,7.328887
1.25,5,7.344127
0.75,1,7.347302
0.25,3,7.355344
-0.75,7,7.372519
-1.25,1,7.375543
2.25,7,7.394273
0.25,3,7.403447
0.25,3,7.412065
0.25,3,7.419942
1.75,6,7.436364
-0.75,1,7.439501
-0.75,1,7.442446
1.25,5,7.455927
-0.25,2,7.462749
-0.75,1,7.465933
0.25,3,7.474871
-0.75,1,7.477773
-0.75,1,7.480529
0.75,1,7.483149
-1.25,1,7.485868
1.25,5,7.500225
3.25,9,7.523511
0.25,3,7.531287
6.25,12,7.565523
-1.25,3,7.574856
0.25,3,7.58254
-0.25,2,7.587671
-0.75,1,7.590324
-0.75,1,7.5932
0.75,4,7.602715
0.75,1,7.605675
-0.75,1,7.608547
1.25,5,7.621468
1.25,5,7.636091
0.75,3,7.646521
-0.25,2,7.653167
-0.25,2,7.660437
-0.25,2,7.667347
-1.25,1,7.671116
-1.25,3,7.680714
-0.25,2,7.687533
1.25,5,7.703097
0.25,3,7.712505
-2.25,10,7.744421
0.75,3,7.753351
-3.25,5,7.766925
-1.25,1,7.770355
-0.75,1,7.773461
-1.75,5,7.787408
0.75,5,7.801258
1.75,6,7.817739
-0.25,2,7.823966
-0.75,1,7.827513
0.25,6,7.844987
-0.25,2,7.851284
-0.25,2,7.857724
-0.75,1,7.861121
-0.25,2,7.86744
-0.75,1,7.871144
-0.25,2,7.878739
0.75,1,7.882231
-1.25,1,7.885876
-0.75,1,7.889609
1.25,5,7.906463
0.75,1,7.909953
0.25,3,7.919828
-0.75,1,7.92344
-1.25,1,8.248374
-3.25,5,8.263024
1.25,5,8.276334
-0.25,2,8.284136
-0.25,2,8.290568
3.25,9,8.318227
-0.75,1,8.322266
1.25,5,8.338123
1.75,6,8.353085
-0.75,1,8.355994
-0.25,2,8.361467
-0.75,1,8.364468
0.25,3,8.373425
-0.25,3,8.381299
-0.25,2,8.38726
-1.25,1,8.390498
0.25,3,8.397929
-0.75,1,8.400583
-0.25,2,8.406419
0.75,1,8.409191
-0.75,1,8.412002
-0.25,2,8.416965
1.25,5,8.429558
-0.25,2,8.434606
-0.75,1,8.437761
0.25,4,8.44748
1.75,4,8.457386
0.25,3,8.466129
0.25,3,8.473957
2.75,5,8.486903
0.25,3,8.494356
-0.25,2,8.499215
-0.25,2,8.504384
1.25,5,8.516995
-0.75,1,8.520089
-0.25,2,8.526204
-0.25,2,8.53213
-0.75,1,8.535107
0.75,4,8.545717
-0.75,1,8.548288
0.75,1,8.550911
0.25,6,8.565557
0.75,4,8.577721
2.75,8,8.600158
-0.25,2,8.60637
0.25,3,8.614997
0.75,3,8.624471
-2.25,4,8.635006
-2.25,10,8.660015
0.75,4,8.670487
-0.75,1,8.673154
-0.25,2,8.678321
0.75,4,8.6888
-0.75,1,8.691547
-0.75,1,8.694319
0.75,4,8.704661
0.25,3,8.71233
0.75,4,8.722796
-0.25,2,8.72812
1.75,4,8.738913
-0.75,1,8.742176
0.75,4,8.754371
-0.75,1,8.757693
-0.25,2,8.763615
0.75,4,8.77437
0.75,1,8.77714
3.75,10,8.802416
-0.25,2,8.80814
1.75,6,8.823292
2.25,7,8.841599
1.25,5,8.855245
-1.25,1,8.858066
-0.25,2,8.863472
3.25,9,8.885148
-0.25,2,8.890657
-0.75,1,8.893269
-0.25,2,8.898141
-0.25,2,8.9035
-0.75,1,8.906367
1.75,6,8.921824
-0.75,1,8.925368
3.75,10,8.953534
-0.75,1,8.95641
0.25,3,8.963495
-0.75,1,8.966234
0.75,1,8.969072
2.75,8,8.989319
1.25,5,9.001628
-0.75,1,9.004846
-1.25,3,9.012453
2.75,5,9.02526
1.25,5,9.037889
-0.25,2,9.042889
0.25,3,9.049939
-0.25,2,9.055167
0.75,1,9.057907
1.25,5,9.07072
0.75,4,9.081913
-0.75,1,9.084744
-3.25,5,9.096879
1.25,5,9.109121
-6.25,8,9.128511
0.25,3,9.136
-0.25,2,9.141384
-1.25,1,9.14414
0.25,3,9.15143
0.25,3,9.159345
-0.75,1,9.162158
-0.25,2,9.166922
3.25,9,9.189606
0.75,1,9.192413
2.25,7,9.209626
1.25,5,9.222147
-0.75,1,9.224904
-0.75,1,9.227545
0.75,3,9.234797
0.75,1,9.237957
-0.25,2,9.243262
-3.75,4,9.253245
2.25,7,9.271154
-0.25,2,9.27637
-0.25,2,9.281357
-4.25,6,9.296944
-0.75,1,9.299722
-0.75,1,9.302808
0.25,3,9.311197
-0.25,2,9.316087
-5.25,7,9.333466
-0.75,1,9.336645
1.25,5,9.348316
0.25,3,9.355691
-0.75,1,9.358331
0.75,1,9.360937
1.25,5,9.373116
2.75,8,9.39586
-0.75,1,9.398938
0.25,3,9.407646
0.25,3,9.414938
-0.25,2,9.42027
-0.75,1,9.423091
-0.75,1,9.425941
-2.25,4,9.436199
0.75,4,9.446749
1.75,3,9.454391
-0.75,1,9.457761
-0.25,2,9.464396
-0.75,1,9.467484
-0.75,1,9.4706
-0.75,1,9.473881
0.25,3,9.481634
-1.25,1,9.484394
-0.25,2,9.490132
-0.25,2,9.495346
0.25,3,9.502815
3.75,10,9.535547
0.25,3,9.544073
7.5,15,9.582845
-0.25,2,9.588381
0.25,3,9.596579
-0.25,2,9.601554
-1.25,3,9.609658
-0.75,1,9.612721
-0.75,1,9.615472
-2.75,6,9.93142
-0.75,10,9.974797
-0.25,2,9.981552
1.75,4,9.992167
2.75,8,10.010789
-0.75,1,10.013408
-0.75,1,10.015983
-1.25,3,10.02336
1.25,5,10.035404
0.25,3,10.043796
0.75,1,10.04659
-3.25,5,10.059131
-0.75,1,10.062195
0.25,3,10.070359
10.75,11,10.099774
0.75,1,10.102638
-0.75,1,10.106697
1.25,5,10.123838
-4.25,6,10.139647
-3.25,5,10.156448
-0.75,1,10.162123
-0.25,2,10.168133
-0.75,1,10.171539
3.25,7,10.190571
-0.25,2,10.196826
-0.25,2,10.202807
-0.75,1,10.205877
-0.25,2,10.211728
-0.25,2,10.217103
-0.25,2,10.222298
2.75,8,10.242309
-0.75,1,10.245124
0.75,4,10.255386
2.25,7,10.272627
5.75,17,10.321361
4.75,7,10.342688
1.75,9,10.368668
-0.25,2,10.375201
-0.75,1,10.378571
-0.75,1,10.382198
0.25,3,10.39191
1.75,6,10.408334
0.75,3,10.416729
-0.75,1,10.419713
-1.25,3,10.42809
1.25,11,10.457963
0.25,3,10.466747
-0.25,2,10.472247
-0.25,2,10.477314
0.25,3,10.484988
-0.25,2,10.492226
-0.75,1,10.495553
-0.25,2,10.501535
2.25,7,10.521463
-3.75,10,10.548327
-1.25,1,10.550953
-0.25,2,10.555948
-8.25,10,10.579628
-8.25,10,10.60302
1.25,5,10.615721
0.75,4,10.628136
-0.75,1,10.631556
0.75,4,10.644424
-0.75,1,10.64739
0.75,3,10.655323
6.75,14,10.688232
-0.25,2,10.693347
-0.75,1,10.695944
0.25,3,10.70347
-3.25,8,10.724423
-0.25,2,10.729537
0.75,4,10.739198
-0.75,1,10.741926
2.25,7,10.758048
1.75,6,10.772834
0.75,1,10.775971
0.25,6,10.790595
1.25,3,10.797706
0.25,3,10.805343
-0.75,1,10.807948
-0.75,1,10.810624
2.25,4,10.819921
-1.25,1,10.822607
0.25,3,10.829643
5.25,12,10.859336
2.25,4,10.870848
1.75,6,10.889753
5.75,9,10.916795
-0.25,2,10.923711
-0.25,2,10.930551
-0.25,2,10.937449
-0.25,2,10.943866
-2.25,4,10.957211
0.25,3,10.966112
-0.25,2,10.972816
-0.25,2,10.978796
-0.25,2,10.985003
0.75,4,10.99748
-0.25,2,11.003588
3.75,6,11.020185
4.75,12,11.053493
-0.75,1,11.056349
-0.25,2,11.062093
-0.25,2,11.067811
0.25,3,11.076611
-0.75,1,11.079713
-2.25,7,11.099674
-0.25,2,11.106335
0.25,3,11.115142
2.75,8,11.137552
0.25,3,11.146849
0.75,3,11.15624
-0.75,1,11.15957
-0.25,2,11.165424
0.75,1,11.168507
-1.25,1,11.171701
-0.75,1,11.174822
-2.25,4,11.186361
1.25,5,11.200154
0.25,3,11.209284
-0.25,2,11.215638
-0.75,1,11.218931
1.75,4,11.231349
-0.25,2,11.237401
0.25,3,11.246549
-0.75,1,11.249632
-0.75,1,11.252981
0.75,4,11.263514
-4.25,6,11.278246
1.75,6,11.293564
3.25,9,11.316518
3.25,9,11.338518
-1.25,9,11.720314
0.75,4,11.733824
0.25,3,11.744268
-5.75,12,11.781767
0.25,3,11.791523
1.25,5,11.807939
-0.25,2,11.814386
-7.25,12,11.851596
4.75,7,11.87344
-0.75,1,11.876885
2.75,8,11.902017
-0.25,2,11.908762
-0.25,2,11.915065
2.75,8,11.940557
2.75,8,11.965248
1.25,5,11.981585
-4.25,6,12.000337
0.25,3,12.009564
-2.25,4,12.021694
1.25,5,12.035797
-0.25,2,12.042219
-1.25,1,12.045475
0.25,3,12.054408
0.75,1,12.057858
-0.25,2,12.063932
0.75,4,12.074647
4.75,12,12.107442
-0.75,1,12.110636
-1.25,1,12.113676
2.75,8,12.136558
-0.25,2,12.14254
-1.25,1,12.145469
2.25,7,12.164022
-0.25,2,12.169587
-0.75,1,12.172435
-2.25,4,12.182575
-0.75,1,12.185318
4.25,11,12.215536
-3.75,4,12.225736
1.25,5,12.237898
4.75,12,12.27317
1.25,5,12.288511
2.75,6,12.31049
-2.25,4,12.327637
-0.75,1,12.331969
0.75,3,12.345391
1.25,5,12.3652
5.0,16,12.414935
0.75,1,12.418288
-1.25,1,12.423092
-0.25,2,12.429628
1.75,6,12.447622
-0.75,1,12.450754
2.25,4,12.464141
-0.25,3,12.473105
-11.75,21,12.535134
2.25,7,12.559511
1.75,6,12.578011
0.75,4,12.590139
1.25,5,12.605628
3.25,9,12.631112
-0.25,2,12.637272
0.25,3,12.646097
-0.25,2,12.652276
-0.75,1,12.655967
0.75,4,12.669529
-0.75,1,12.673354
-0.25,8,12.709997
0.25,3,12.721994
-0.25,2,12.728151
-0.25,2,12.73388
1.75,6,12.755882
2.25,7,12.789564
0.75,4,12.81123
0.75,1,12.817351
-0.25,5,12.845935
-6.25,8,12.885075
-0.75,1,12.889637
-0.25,2,12.896476
3.25,7,12.918883
0.25,3,12.929163
6.25,15,12.975166
0.75,4,12.989374
5.25,10,13.024925
-0.25,3,13.035198
-8.75,15,13.080642
-0.25,2,13.088263
-0.75,1,13.092796
0.25,3,13.102222
-2.25,7,13.126107
-2.25,7,13.149817
0.25,3,13.159318
-0.75,1,13.162515
2.25,7,13.183412
0.25,3,13.192874
2.75,8,13.216138
-0.25,5,13.231236
-0.75,1,13.23443
0.75,1,13.239411
1.25,5,13.256367
2.25,7,13.277551
0.25,3,13.286564
0.25,4,13.298961
3.75,10,13.332512
-0.75,1,13.336244
-2.25,4,13.348452
-0.75,1,13.3517
0.75,1,13.355263
-0.25,2,13.361438
-0.75,1,13.364991
-0.25,2,13.373759
-0.75,1,13.380319
-0.75,1,13.386652
-0.25,2,13.941247
1.25,5,13.970433
-1.25,3,13.988607
0.75,1,13.994657
-0.75,1,14.00073
0.75,4,14.024843
-0.75,1,14.031544
-0.75,1,14.038389
-0.75,1,14.044886
-0.25,2,14.057862
-0.75,1,14.064148
-0.25,2,14.076063
0.25,3,14.093848
2.75,8,14.138729
1.75,6,14.172156
0.75,4,14.19466
-0.25,2,14.20657
-4.25,6,14.241302
1.25,5,14.270494
3.25,9,14.322383
-0.75,1,14.328794
-1.25,1,14.335357
-0.25,2,14.347941
0.75,3,14.365001
-0.75,1,14.371626
0.25,3,14.389102
-0.75,1,14.395285
6.75,13,14.468356
7.75,10,14.524956
0.25,3,14.542697
0.75,3,14.560421
3.25,9,14.615268
-2.75,6,14.654438
-2.25,4,14.681448
1.25,5,14.713956
-0.75,1,14.72087
1.25,5,14.753941
8.75,11,14.824379
0.75,1,14.831191
-0.75,1,14.838268
4.25,8,14.886893
2.25,10,14.948651
0.25,3,14.967849
0.75,4,14.989295
-0.75,1,14.99527
1.75,6,15.032128
0.75,4,15.05478
-0.75,1,15.061049
9.25,15,15.148013
5.25,7,15.177708
3.25,9,15.216148
-0.75,1,15.221501
2.25,7,15.253879
-3.75,10,15.299861
-1.25,1,15.305563
-0.25,2,15.315543
3.25,9,15.359157
5.25,13,15.421571
-0.25,2,15.430459
0.25,6,15.455763
1.25,5,15.477114
2.75,8,15.51259
2.75,5,15.52977
-0.25,2,15.536985
-3.25,5,15.554348
-0.25,2,15.561321
-0.25,2,15.572006
-0.25,2,15.581976
0.75,4,15.602644
0.25,3,15.619884
0.25,3,15.633648
-0.25,2,15.641406
1.75,6,15.66338
1.25,5,15.681881
-5.25,7,15.709995
-0.75,1,15.715949
-12.25,14,15.765927
3.25,9,15.801953
0.25,3,15.819213
0.75,1,15.826525
-0.25,2,15.833886
-0.75,1,15.838512
-1.25,1,15.842406
-0.25,2,15.849675
0.75,3,15.860303
-0.75,1,15.864012
-0.75,1,15.867457
1.25,3,15.877291
5.75,8,15.904122
-0.75,1,15.90785
0.75,4,15.922519
1.25,5,15.942054
-0.25,2,15.950006
-0.75,7,15.973773
-0.25,2,15.980974
-2.25,4,15.996348
0.25,3,16.009731
-0.25,2,16.018452
1.25,5,16.041248
-0.75,1,16.045766
0.25,3,16.060692
-4.25,6,16.085314
0.75,1,16.089533
1.25,5,16.108647
-0.25,2,16.116717
3.25,9,16.148686
-0.25,2,16.156588
1.75,4,16.170901
2.75,8,16.199154
1.25,5,16.219486
-0.75,1,16.223912
-0.25,2,16.23162
-3.75,4,16.246508
2.25,7,16.270595
0.75,1,16.274474
-0.25,2,16.28109
2.75,8,16.30594
0.25,3,16.315798
-0.25,2,16.322379
-0.25,2,16.328793
0.25,3,16.339627
-1.25,1,16.343438
-0.25,2,16.350861
-0.75,1,16.354868
-4.25,6,16.375623
-0.75,1,16.379218
-0.75,1,16.382818
2.25,7,16.920129
0.25,3,16.93344
0.25,3,16.944757
0.75,1,16.94884
-0.75,10,16.986183
1.25,5,17.005547
-0.25,2,17.012855
0.75,4,17.027485
2.75,8,17.055566
-3.25,5,17.073684
5.25,12,17.113971
6.75,16,17.168229
-0.25,2,17.179814
5.75,14,17.261921
4.75,12,17.315816
4.25,6,17.335934
-1.25,6,17.356595
-0.25,2,17.363748
-0.75,1,17.36747
0.75,4,17.381391
3.25,9,17.409306
0.75,4,17.42383
-0.25,2,17.430752
-1.25,1,17.434383
0.25,3,17.444989
-0.75,1,17.448794
1.25,5,17.472152
8.75,11,17.538866
0.25,3,17.558517
2.25,7,17.6034
8.75,13,17.682458
0.75,4,17.708241
-0.75,1,17.714757
0.75,1,17.721467
1.25,5,17.751291
0.75,4,17.775049
-0.75,1,17.78155
-0.75,1,17.78809
5.25,9,17.848072
-0.25,2,17.861663
2.25,16,17.958074
-0.75,1,17.964903
-10.75,17,18.03952
0.25,4,18.059958
-0.25,2,18.071323
0.25,3,18.087634
1.25,5,18.117343
-0.75,1,18.123972
-1.25,3,18.142725
-0.75,1,18.149125
-0.75,1,18.15558
4.25,11,18.21751
0.75,1,18.224355
-0.75,1,18.230644
3.25,6,18.264231
-0.75,1,18.270821
4.25,8,18.316754
-0.75,1,18.320624
-0.25,2,18.327935
0.75,4,18.342677
-0.25,2,18.349859
-0.25,11,18.388476
1.25,5,18.405549
0.25,3,18.415856
4.75,12,18.459986
-0.25,2,18.468076
-1.25,1,18.472872
1.25,5,18.489134
4.25,11,18.524321
-0.25,2,18.532172
1.25,5,18.55038
-0.25,2,18.557949
-0.25,2,18.56534
6.25,14,18.621666
3.25,9,18.651819
0.75,3,18.665061
-0.25,2,18.677591
0.75,4,18.699834
0.25,3,18.717107
1.75,3,18.732117
-1.25,1,18.738461
1.75,6,18.775414
0.75,1,18.781996
3.25,9,18.834529
-0.25,2,18.846518
1.75,6,18.880465
4.75,7,18.921756
-0.75,1,18.927122
0.25,6,18.959216
-0.75,1,18.966178
2.75,8,19.000391
0.25,3,19.010541
-0.75,1,19.014274
0.25,3,19.023661
-0.25,2,19.031862
1.75,6,19.052135
0.25,3,19.064496
-0.25,2,19.07119
1.25,5,19.08928
0.75,4,19.104745
-0.75,1,19.10851
4.25,17,19.162387
4.75,8,19.186779
-0.75,1,19.190947
-0.25,2,19.199588
0.25,3,19.210754
3.75,10,19.807657
3.25,8,19.86137
-0.25,2,19.876354
1.25,5,19.913287
-0.75,1,19.919857
4.75,9,19.962359
1.75,6,19.983871
4.25,11,20.01866
-1.25,3,20.029779
-4.75,8,20.056012
0.75,4,20.068388
-0.25,2,20.074815
1.25,17,20.133564
0.25,3,20.143835
0.25,3,20.153735
1.25,5,20.172413
0.75,1,20.180068
-0.75,1,20.187053
1.25,5,20.21588
1.75,6,20.252626
11.25,25,20.335933
3.75,10,20.368295
0.75,4,20.382745
-0.25,2,20.390645
4.25,11,20.427345
0.75,4,20.44219
2.25,6,20.465366
1.25,5,20.485138
7.25,17,20.54553
4.75,12,20.585724
1.25,5,20.603474
1.75,6,20.627365
0.75,1,20.631305
0.75,1,20.63512
-1.25,3,20.647007
0.25,3,20.657791
-0.25,2,20.667609
-2.75,9,20.700686
-0.75,1,20.705347
11.75,16,20.766844
1.25,5,20.786274
0.75,4,20.800223
3.25,9,20.836981
1.25,5,20.856875
-9.25,11,20.891746
2.25,6,20.91123
-11.25,13,20.955552
2.75,8,20.981219
0.75,4,20.994913
2.25,4,21.009459
8.75,17,21.065298
1.25,5,21.081794
0.75,4,21.09511
-6.75,13,21.13877
2.25,5,21.153843
-0.75,1,21.157176
-0.75,1,21.16024
0.75,4,21.172887
10.75,17,21.232709
2.25,7,21.253867
0.75,4,21.267743
-0.75,1,21.271703
3.25,9,21.29831
-1.25,3,21.307469
1.75,6,21.328207
-11.25,13,21.366529
-0.75,1,21.370074
-0.25,2,21.376761
-0.75,1,21.380709
-3.25,8,21.419539
-0.75,1,21.423292
0.75,4,21.435682
-0.25,2,21.442719
-0.75,1,21.445874
-0.75,1,21.449049
-0.75,1,21.452151
-1.25,1,21.455786
5.75,14,21.52496
-1.75,8,21.572954
-1.25,1,21.579333
-5.25,7,21.620519
1.75,6,21.64281
2.75,8,21.675123
0.25,3,21.684247
-0.25,2,21.690569
1.75,4,21.704123
0.25,3,21.719434
1.75,4,21.74118
8.0,19,22.170176
1.75,4,22.183385
1.25,5,22.198368
0.25,3,22.208526
2.75,5,22.223872
-0.25,2,22.231158
2.25,19,22.297532
2.25,7,22.322323
0.25,3,22.332122
0.25,3,22.342237
-0.75,1,22.345784
8.75,14,22.39247
1.75,6,22.412288
3.75,6,22.432391
-0.25,8,22.458127
0.75,4,22.470626
-1.25,3,22.480475
0.25,3,22.489927
-0.75,1,22.493215
-5.25,7,22.519098
6.75,10,22.573958
4.75,7,22.615339
3.75,10,22.680152
-0.75,1,22.687415
-0.75,1,22.696214
3.25,9,22.750426
6.25,15,22.809086
-0.25,2,22.815823
-0.75,1,22.81992
-0.75,8,22.852646
-1.75,8,22.87979
2.75,8,22.90995
3.75,10,22.945334
9.0,18,23.006146
0.25,3,23.017693
-0.75,1,23.021693
3.75,4,23.034635
12.5,25,23.118274
-0.25,2,23.125688
4.75,12,23.168638
-5.75,9,23.199291
7.75,10,23.235672
0.75,4,23.250064
2.75,8,23.27842
-10.0,13,23.320198
-0.25,2,23.32784
1.75,6,23.348878
-0.25,2,23.356317
-12.25,14,23.403235
0.25,3,23.413663
3.75,7,23.437738
-0.25,2,23.444407
-0.25,2,23.450575
-3.75,5,23.469248
-0.75,1,23.473895
2.25,7,23.497934
-0.25,2,23.505388
7.25,15,23.551386
0.75,4,23.565653
0.75,1,23.570633
-2.25,4,23.585323
3.25,9,23.615418
-3.75,16,23.668504
-0.25,2,23.675265
0.75,4,23.688985
5.75,10,23.720688
0.25,6,23.738679
0.75,4,23.749939
0.75,10,23.78081
0.75,4,23.793306
1.75,4,23.805941
-1.25,1,23.809409
0.75,4,23.821899
4.75,12,23.861624
6.25,18,23.947825
-6.75,10,23.986247
-6.75,10,24.498521
1.25,5,24.515768
-0.25,2,24.522691
-0.25,2,24.529515
1.75,6,24.550717
1.25,5,24.571601
-0.75,1,24.578504
-0.75,1,24.584684
-3.25,5,24.606726
0.75,4,24.620579
1.25,5,24.637545
-0.25,2,24.644709
0.25,3,24.658861
-0.75,1,24.665685
-16.25,18,24.772473
0.25,3,24.79021
-0.75,1,24.795799
1.25,5,24.825583
0.25,3,24.842863
0.75,1,24.849253
4.25,11,24.904405
2.75,8,24.931877
3.25,9,24.972895
1.75,6,24.996058
-0.75,1,24.999313
2.25,7,25.033364
-0.25,2,25.043947
2.25,7,25.075121
-0.25,2,25.082471
-0.75,1,25.086315
-0.25,2,25.093095
5.25,13,25.135327
-7.75,20,25.198684
1.75,6,25.217165
4.75,7,25.239599
6.25,12,25.278892
6.75,16,25.332111
-0.25,11,25.366755
2.25,7,25.393133
-6.25,8,25.420143
-1.25,1,25.424099
0.75,3,25.433817
1.75,12,25.470481
2.25,4,25.483971
-0.25,2,25.491637
1.25,5,25.518204
-0.75,1,25.525755
-0.75,1,25.529798
1.75,6,25.54946
0.25,3,25.559697
7.75,18,25.614348
2.25,5,25.630789
6.25,15,25.685468
-11.25,13,25.732695
-0.25,2,25.739359
-0.25,2,25.746177
1.75,6,25.766514
5.75,14,25.809734
2.75,8,25.836206
2.75,8,25.8603
0.25,3,25.869118
3.25,9,25.898556
0.75,3,25.908242
0.75,1,25.911631
1.25,5,25.92818
-0.75,1,25.932989
-2.25,4,25.94733
10.0,20,26.008424
-1.25,3,26.017386
-0.75,1,26.020893
-10.75,20,26.077292
2.25,13,26.111765
-0.75,1,26.114989
-9.25,11,26.146569
0.25,3,26.157507
-5.25,7,26.177498
-0.25,2,26.183344
5.75,14,26.224649
4.75,15,26.265999
-0.25,2,26.272089
1.25,5,26.286247
-0.75,1,26.289568
3.75,13,26.708432
1.75,6,26.72664
0.75,4,26.737957
0.25,3,26.747491
1.75,4,26.759717
-0.75,1,26.763152
-0.25,2,26.769987
-4.25,6,26.788612
-0.75,1,26.792084
9.75,12,26.827328
2.75,8,26.851518
0.75,4,26.863772
0.25,3,26.872421
2.75,8,26.89629
0.75,4,26.909611
-0.25,2,26.915769
-0.25,5,26.931146
2.25,7,26.95272
1.25,5,26.969849
0.75,4,26.981804
10.25,14,27.023166
-0.75,1,27.026536
2.25,7,27.049194
0.75,1,27.053422
4.75,7,27.074845
-0.75,1,27.078249
0.75,4,27.090853
-0.25,2,27.097114
0.25,3,27.106629
1.75,6,27.12565
1.25,5,27.140374
-0.75,1,27.143777
-1.25,3,27.15248
0.25,3,27.162508
0.25,3,27.172067
-0.25,2,27.178625
-0.25,2,27.184349
1.25,3,27.193253
-0.25,2,27.199045
0.75,4,27.210646
1.25,5,27.22719
-4.25,6,27.244423
2.75,8,27.266524
1.75,4,27.279017
5.25,13,27.315794
-0.75,1,27.319321
0.75,1,27.322993
0.75,3,27.3344
2.75,8,27.364568
3.75,6,27.38563
-0.75,1,27.390023
2.75,8,27.4173
-4.75,11,27.457988
0.25,3,27.468916
-0.75,1,27.472987
2.75,8,27.500175
-0.25,2,27.508225
-1.25,1,27.51248
0.25,3,27.523911
0.75,3,27.534015
-0.25,2,27.540905
-0.25,2,27.548221
0.25,3,27.558992
-0.75,1,27.562821
2.75,8,27.592629
0.75,4,27.606667
0.25,3,27.616763
0.25,3,27.627213
0.25,3,27.637538
-0.75,1,27.641921
0.75,4,27.657874
-0.25,2,27.665486
-0.25,2,27.674412
2.75,5,27.693472
-0.25,2,27.701052
1.25,5,27.719225
-1.25,1,27.723958
-0.75,1,27.728297
-2.25,4,27.742527
-4.25,6,27.762643
-2.75,6,27.785797
-0.25,2,27.793712
0.25,3,27.805444
-0.25,2,27.813314
3.25,9,27.845397
3.75,7,27.866263
0.75,1,27.869733
-0.25,2,27.875579
2.75,8,27.899711
2.75,5,27.915746
-0.25,2,27.922603
0.75,10,27.952563
-0.25,2,27.958943
1.75,6,27.976775
-1.25,1,27.979966
-6.25,8,28.003325
0.75,1,28.007143
-0.25,2,28.013858
-0.25,5,28.030411
0.25,3,28.039783
4.75,7,28.061588
0.25,3,28.070859
2.75,5,28.08529
1.75,4,28.09609
1.75,6,28.114004
2.25,7,28.136306
0.25,3,28.145669
3.75,10,28.173433
-0.25,2,28.179579
-0.75,1,28.182392
3.75,10,28.210624
-0.75,1,28.21402
0.25,3,28.224077
0.75,4,28.236839
0.75,4,28.249141
-0.75,1,28.252301
-0.25,2,28.258667
-6.75,7,28.280071
-0.75,1,28.283491
-0.75,1,28.287045
2.25,4,28.299139
1.75,6,28.318998
-2.75,12,28.727177
0.75,4,28.740527
-2.75,3,28.749476
10.25,29,28.833698
0.75,4,28.849864
3.25,9,28.874402
0.75,1,28.877603
5.25,13,28.91233
11.25,14,28.957786
-0.25,2,28.963177
-6.25,8,28.984788
1.75,6,29.003476
-0.25,2,29.0104
8.25,19,29.063573
-0.25,2,29.069196
3.75,10,29.096539
2.25,7,29.117049
2.75,8,29.142012
1.25,5,29.157704
0.25,3,29.166396
1.25,5,29.182442
-0.25,2,29.188437
5.75,14,29.226934
-3.75,4,29.240133
2.75,8,29.272022
0.25,6,29.288224
0.75,4,29.303089
4.75,12,29.350199
-0.75,1,29.354712
9.5,19,29.410284
0.25,3,29.419942
5.0,19,29.486639
2.75,8,29.515555
1.25,5,29.533736
-0.75,1,29.53781
0.75,1,29.541586
1.75,4,29.556391
-2.25,4,29.571009
2.25,7,29.594227
1.75,6,29.612653
1.25,5,29.628561
-0.75,1,29.632112
-4.25,6,29.657366
0.25,3,29.667527
8.0,16,29.717458
1.75,5,29.73313
-0.75,1,29.736733
6.75,9,29.762384
3.75,10,29.790301
-0.75,1,29.793803
2.75,8,29.819847
-8.25,10,29.851493
-9.25,14,29.891191
-0.75,1,29.894162
6.75,16,29.946697
-7.25,15,29.990983
-0.75,1,29.994133
0.75,1,29.997123
0.25,3,30.006133
-0.25,2,30.0118
-8.5,16,30.0612
-0.25,2,30.067707
5.0,19,30.125019
-0.75,1,30.128745
-0.75,1,30.132354
4.25,11,30.167014
-0.25,2,30.17448
4.75,12,30.214429
4.25,11,30.248271
5.0,19,30.706726
1.25,5,30.723586
2.75,5,30.740874
0.75,3,30.74951
-2.25,4,30.759948
-0.75,1,30.76291
-0.25,2,30.768385
-0.25,2,30.774272
-0.75,1,30.77734
0.25,3,30.786
0.25,3,30.795361
-2.75,6,30.815875
0.75,1,30.819999
-0.75,1,30.823939
4.25,11,30.85609
-0.75,1,30.859543
0.25,3,30.867388
4.75,12,30.901048
0.75,4,30.912494
-2.75,3,30.920647
-9.25,11,30.956153
8.5,17,31.002435
-2.75,3,31.011173
-2.75,9,31.035362
2.75,8,31.058126
-1.25,3,31.065946
-0.25,2,31.071559
0.25,3,31.079576
-0.25,2,31.084948
-0.75,1,31.088132
2.25,7,31.106861
3.25,9,31.130358
-1.25,1,31.133178
-0.25,2,31.139357
0.75,4,31.149458
3.25,9,31.173701
-0.25,2,31.180053
-0.25,2,31.18578
-5.25,7,31.205333
-0.75,1,31.208365
1.25,5,31.222262
5.25,13,31.258349
-1.25,1,31.261846
1.75,5,31.277973
4.75,12,31.315794
0.75,4,31.33463
-0.25,2,31.341643
-0.75,1,31.345203
-0.25,2,31.351543
3.75,6,31.37105
4.75,12,31.404685
2.25,4,31.416445
0.75,4,31.428524
-0.75,1,31.43156
-0.25,2,31.438676
-4.75,8,31.466518
2.75,8,31.490349
-0.75,1,31.494018
4.25,11,31.528243
-0.25,2,31.534704
5.75,14,31.582113
0.25,3,31.592228
-0.75,1,31.59585
2.25,7,31.617291
-0.75,1,31.620763
-6.25,8,31.650007
1.75,4,31.660595
5.75,11,31.692594
-0.75,1,31.696724
0.25,3,31.705693
-2.25,4,31.716417
2.75,8,31.738499
-0.75,1,31.741592
1.25,5,31.756223
-0.75,1,31.759353
0.25,3,31.768013
-0.75,1,31.771593
15.25,27,31.8461
7.75,10,31.874541
1.75,3,31.882808
-0.75,1,31.885715
0.75,4,31.896953
1.75,6,31.91339
2.75,8,31.93563
-0.75,1,31.940412
0.25,3,31.950556
7.75,18,31.997428
1.75,6,32.013234
-0.75,1,32.016227
1.25,5,32.030359
3.75,10,32.055842
1.25,5,32.06847
-3.25,5,32.081146
2.25,6,32.102733
-0.25,2,32.10831
-0.25,2,32.113687
-0.25,2,32.119138
-0.25,2,32.124779
-5.25,7,32.143862
-3.25,5,32.157162
-0.75,1,32.160091
4.75,12,32.189872
2.75,8,32.582402
3.25,9,32.609229
10.25,14,32.649113
-1.25,3,32.659024
-0.25,2,32.66591
1.75,6,32.685987
0.75,1,32.689808
3.75,10,32.722596
-0.75,1,32.726357
-10.25,12,32.76248
6.5,13,32.799288
0.25,3,32.808182
1.25,5,32.822568
-0.25,2,32.828651
0.75,4,32.84028
-0.25,2,32.846621
-4.25,9,32.871729
2.25,7,32.889728
1.75,4,32.899662
0.75,4,32.910818
-4.25,6,32.9274
0.75,3,32.935622
1.25,5,32.949896
-0.75,1,32.953379
-3.25,8,32.974298
3.25,6,32.98989
1.25,5,33.004314
2.75,5,33.018154
-0.75,1,33.021721
5.25,9,33.047116
-0.75,1,33.050053
1.75,3,33.058933
2.25,7,33.078981
2.75,5,33.092764
-0.75,1,33.095729
-5.25,7,33.115274
3.25,9,33.140109
4.75,9,33.164073
2.25,7,33.190562
-0.25,2,33.195962
-4.25,6,33.212732
-0.75,1,33.215772
-3.25,5,33.23008
-4.75,5,33.24395
-0.75,1,33.247141
0.75,4,33.258423
7.0,14,33.295358
-0.25,2,33.300824
1.25,5,33.315777
-2.25,7,33.336161
5.25,13,33.370638
4.25,11,33.397908
2.25,7,33.4157
2.25,7,33.43496
-0.75,1,33.438154
1.75,6,33.455318
-0.75,1,33.458366
0.25,3,33.467308
-1.75,5,33.481505
9.75,14,33.520345
-8.75,15,33.559319
0.75,4,33.573148
-0.75,1,33.576359
2.75,8,33.598965
1.25,5,33.613578
-5.25,7,33.631849
2.75,5,33.645173
0.75,4,33.655726
1.25,5,33.669813
3.75,10,33.697589
1.25,5,33.71116
5.25,13,33.745958
-12.75,19,33.794793
-0.75,1,33.797827
-0.25,2,33.803283
0.75,4,33.815172
0.25,3,33.824246
1.25,5,33.838314
0.75,4,33.848612
-0.25,5,33.861795
1.25,5,33.874608
5.25,13,33.909714
0.25,3,33.91821
-0.75,1,33.921568
8.75,11,33.953099
-3.25,5,33.966927
3.25,9,33.991502
-1.75,11,34.376092
3.25,9,34.40281
0.25,3,34.4119
2.75,5,34.428199
3.75,10,34.455235
-0.75,1,34.458134
-0.75,1,34.46122
-0.25,2,34.466628
-1.75,5,34.48037
-0.25,2,34.485873
-3.25,5,34.517908
0.25,3,34.533551
-0.25,2,34.540156
0.75,4,34.550883
-2.25,4,34.56354
-0.25,2,34.570523
5.25,11,34.601753
0.75,4,34.616504
-0.75,1,34.620046
4.75,9,34.650367
11.25,15,34.692133
-0.25,2,34.697866
-10.25,12,34.730258
-0.25,2,34.73661
1.75,6,34.754014
1.25,5,34.767014
0.25,3,34.775551
-6.25,8,34.795944
2.25,4,34.80642
0.25,3,34.813792
0.75,1,34.816597
2.75,8,34.836815
-3.25,3,34.84535
-2.25,4,34.856641
1.25,5,34.87033
0.25,3,34.879069
-1.25,6,34.896348
-0.25,2,34.902486
4.75,9,34.928159
3.75,10,34.955149
-1.25,3,34.963408
-0.75,7,34.982658
-0.75,1,34.985663
2.75,5,34.99994
0.25,3,35.00872
0.25,3,35.017092
-1.25,3,35.02609
2.75,8,35.04764
4.75,9,35.071645
-0.25,2,35.077459
-1.25,1,35.0806
-0.25,2,35.085809
3.25,9,35.109833
1.25,5,35.123237
-0.75,1,35.126318
2.75,8,35.148316
2.75,8,35.16992
1.25,5,35.183152
1.75,6,35.19945
-0.75,1,35.202265
0.75,4,35.213655
1.25,5,35.227074
-0.75,1,35.230176
2.75,7,35.249001
1.25,5,35.262457
-1.25,6,35.277597
-3.25,5,35.290588
-3.25,5,35.303018
2.75,8,35.324241
0.75,1,35.327191
0.75,3,35.335271
0.75,4,35.346358
-0.75,1,35.34932
-8.25,10,35.377371
-3.75,7,35.395665
0.75,4,35.406716
0.75,4,35.417022
-5.25,16,35.458665
0.25,3,35.4662
0.75,4,35.476648
0.75,4,35.487015
-0.25,2,35.492749
0.25,3,35.500613
-3.25,5,35.51473
0.75,4,35.525354
-0.75,1,35.528368
2.75,8,35.548907
-3.25,5,35.561697
-0.75,1,35.56447
7.25,17,35.610211
11.25,28,35.682945
1.25,5,35.697073
-1.25,6,35.712875
2.25,4,35.723284
-0.25,2,35.728955
-0.25,2,35.734485
-0.25,2,35.740116
8.75,12,35.77438
-0.75,1,35.777451
-0.25,2,35.783061
-0.75,1,35.786498
-5.25,7,35.806695
-0.75,1,36.121831
-0.25,2,36.12795
2.25,7,36.146789
-9.5,23,36.206686
3.25,9,36.230101
0.75,4,36.240983
9.25,17,36.286814
-0.75,1,36.289803
2.75,5,36.302947
7.25,13,36.341426
-6.25,8,36.365022
0.25,3,36.374392
0.25,3,36.382905
1.75,6,36.39923
9.0,18,36.447093
-13.5,18,36.494536
0.25,3,36.502951
6.25,15,36.547831
-0.25,2,36.55452
1.75,6,36.577363
2.25,4,36.590394
0.75,4,36.603165
-0.25,2,36.609397
6.75,16,36.656613
1.75,6,36.674065
-0.75,1,36.677429
-0.75,1,36.680682
0.75,4,36.693318
0.25,3,36.701551
-0.75,1,36.70487
-0.25,2,36.710567
4.75,12,36.749117
-0.75,1,36.752605
-0.75,13,36.792248
0.75,4,36.803729
1.25,8,36.826745
3.75,10,36.854783
-0.25,2,36.860451
-1.25,9,36.884519
-0.75,1,36.88765
-0.25,2,36.89336
11.75,15,36.932377
-0.25,12,36.967824
-0.75,1,36.970922
2.75,5,36.984685
1.25,5,36.997842
-0.75,1,37.000691
-5.25,7,37.019374
-0.25,2,37.025315
0.75,1,37.028408
0.25,3,37.036724
-0.75,1,37.04002
1.25,5,37.054408
1.25,5,37.067609
-2.25,7,37.086447
-0.75,1,37.089557
0.75,4,37.100787
1.75,4,37.112249
3.25,12,37.146765
0.75,1,37.149684
0.25,3,37.15831
2.25,7,37.178145
3.25,9,37.20398
-0.75,1,37.207167
0.75,4,37.217294
2.25,4,37.228586
1.25,5,37.241979
-3.25,5,37.255052
0.25,3,37.263461
10.0,20,37.31776
0.75,4,37.329791
0.25,3,37.339538
1.25,5,37.353182
-2.25,4,37.364012
-0.75,1,37.366747
-0.25,2,37.372578
8.0,16,37.417979
4.75,12,37.45018
-0.25,2,37.456114
-4.25,6,37.472695
-0.25,2,37.478185
-3.25,5,37.496646
1.75,6,37.517204
-0.25,2,37.523333
1.25,5,37.537323
0.25,3,37.545763
-0.25,2,37.551348
-12.25,17,37.994896
13.5,17,38.056607
-1.25,1,38.059862
10.5,21,38.114732
-0.25,2,38.119996
-2.75,6,38.135566
-1.25,3,38.143734
0.75,4,38.1543
0.75,4,38.164966
2.25,7,38.182594
3.25,7,38.200371
-0.25,2,38.205843
-15.25,17,38.250209
9.25,21,38.30659
1.75,6,38.326127
-0.25,2,38.332277
-0.25,2,38.338447
2.25,7,38.35699
4.75,12,38.389348
-0.75,1,38.39243
-0.25,2,38.398097
10.5,21,38.456849
-1.25,1,38.459782
1.75,6,38.475923
1.75,3,38.484692
1.75,6,38.504777
6.75,10,38.532851
8.0,16,38.578388
1.75,6,38.595673
-0.75,1,38.598714
-0.75,1,38.601806
-1.25,7,38.623158
3.25,9,38.648654
2.25,7,38.668001
-3.75,7,38.68811
-0.75,1,38.691318
-0.25,2,38.697188
4.25,23,38.761289
-0.25,2,38.768276
4.75,12,38.803084
8.0,16,38.845301
7.5,12,38.87852
5.25,8,38.899588
7.5,15,38.942341
0.25,3,38.950703
-0.75,1,38.954005
-0.75,1,38.957297
-1.25,3,38.965619
0.25,3,38.974215
2.75,8,38.994916
2.25,7,39.013666
0.25,3,39.022042
2.75,8,39.044365
6.75,13,39.07872
-0.25,2,39.084109
0.25,3,39.093238
-3.75,4,39.104581
1.75,6,39.121721
-0.25,2,39.12763
0.75,4,39.138708
2.25,7,39.157536
2.25,7,39.177579
-0.25,2,39.183365
0.75,4,39.19432
0.75,1,39.197277
-0.25,2,39.202651
7.75,18,39.251604
2.25,7,39.270316
0.75,1,39.2735
-0.25,2,39.279224
5.25,19,39.336705
0.75,10,39.364096
-0.25,2,39.369905
0.75,1,39.373166
10.75,24,39.764707
0.75,4,39.775299
2.75,8,39.796216
0.25,3,39.804528
-0.75,1,39.808064
8.5,23,39.871459
-2.25,7,39.890534
-3.25,5,39.903293
0.25,3,39.910997
2.25,6,39.926234
-0.25,2,39.93184
6.0,21,39.985352
2.25,7,40.003606
-4.75,11,40.032722
0.75,4,40.043712
2.75,8,40.06414
3.25,9,40.08697
5.75,26,40.151427
4.25,11,40.18187
-0.25,2,40.187371
1.25,8,40.208341
-0.25,2,40.213873
7.75,18,40.261895
-0.25,2,40.267381
-5.25,7,40.285816
2.75,8,40.30685
-1.75,8,40.329491
3.75,6,40.346682
0.75,4,40.357412
0.5,13,40.391584
0.25,3,40.399308
-4.25,6,40.415558
2.25,7,40.435376
2.75,8,40.462439
-0.75,1,40.465405
3.25,9,40.493193
-15.25,17,40.543109
10.25,23,40.605659
2.25,21,40.660821
-0.25,2,40.667675
1.75,6,40.683776
0.75,19,40.733672
5.25,13,40.76614
-0.75,1,40.769179
3.75,10,40.796777
7.5,21,40.860493
3.25,9,40.884283
0.25,3,40.892419
3.75,6,40.908392
3.25,7,40.927106
3.75,10,40.955047
-1.75,5,40.967897
15.5,19,41.017915
-0.25,2,41.023943
1.0,23,41.085522
2.75,8,41.109084
-1.75,8,41.458491
3.75,10,41.484503
-1.25,1,41.487405
2.75,8,41.509935
9.5,25,41.579655
8.5,17,41.625614
-0.75,1,41.628704
2.25,7,41.648112
1.75,4,41.659152
0.25,3,41.668005
-0.75,1,41.671543
7.25,17,41.713842
3.75,6,41.730477
-0.75,1,41.733296
1.75,6,41.750063
2.25,7,41.769766
7.5,15,41.808731
-0.75,1,41.81153
-1.25,3,41.820161
-1.75,8,41.841914
6.25,15,41.879866
4.75,10,41.907939
0.75,4,41.919594
-7.25,12,41.95631
6.75,16,42.00051
10.75,24,42.064291
-0.75,1,42.067194
-0.75,1,42.070322
-0.25,2,42.076115
4.75,12,42.110146
15.25,33,42.205337
-1.25,3,42.214596
1.75,6,42.232111
9.25,21,42.29037
0.75,4,42.303473
-0.75,1,42.307049
3.75,10,42.337263
3.75,10,42.367712
1.75,6,42.384644
-0.25,2,42.391533
1.75,13,42.427672
0.75,1,42.430632
0.25,3,42.439052
7.25,20,42.495987
2.75,5,42.510009
0.75,1,42.513117
0.25,3,42.521629
0.25,3,42.530579
-0.75,1,42.534071
-0.75,1,42.537469
-0.25,2,42.543989
-0.75,1,42.547241
5.25,13,42.582568
5.25,13,42.616451
0.25,3,42.625447
0.75,4,42.636332
3.25,9,42.660347
8.5,17,42.709247
9.0,18,42.757185
-0.25,2,42.76296
-0.75,1,42.765945
2.75,8,42.787635
-0.75,1,42.790658
-3.75,10,42.81619
0.75,4,42.828015
3.75,10,42.855953
0.75,3,42.864722
2.5,17,43.234186
8.75,13,43.273717
2.75,8,43.29676
-6.25,8,43.319978
1.75,6,43.339055
0.75,4,43.349661
1.25,5,43.362784
1.75,6,43.37875
-0.25,2,43.384253
-2.25,4,43.395993
3.75,10,43.424233
7.25,17,43.467924
4.25,11,43.499881
-10.25,15,43.541577
1.25,5,43.55639
6.75,16,43.603553
1.25,5,43.616158
7.25,17,43.669184
8.75,10,43.698136
-0.25,2,43.704379
6.75,25,43.778392
-13.25,18,43.829185
1.25,5,43.848431
1.75,6,43.867599
0.75,3,43.880911
-3.25,5,43.896878
1.25,5,43.920369
3.75,9,43.950785
5.75,9,43.977638
0.25,3,43.985896
-0.75,1,43.989745
0.25,3,43.997516
-7.25,12,44.036556
3.25,9,44.060955
-0.25,2,44.066467
-9.25,11,44.097832
0.75,4,44.108785
0.25,3,44.116823
3.75,6,44.133116
-0.75,1,44.136445
-0.75,1,44.139659
0.25,3,44.148599
-0.75,1,44.152091
-0.25,2,44.157545
5.75,14,44.194159
8.75,20,44.249951
6.5,13,44.286587
2.25,7,44.309336
3.25,9,44.342421
-0.25,2,44.348575
8.25,19,44.402505
2.75,5,44.416764
0.75,3,44.425511
0.75,4,44.436523
-0.25,2,44.442544
1.75,6,44.459341
-0.75,1,44.462869
1.25,5,44.477556
2.25,7,44.501247
6.5,28,44.583971
6.25,13,44.620235
-0.25,21,44.681339
2.75,8,44.703909
0.25,3,44.712664
-0.75,1,45.038239
2.25,7,45.060541
-3.75,4,45.071562
-0.75,1,45.074843
-0.75,1,45.077862
1.25,26,45.147708
4.5,12,45.178704
8.25,15,45.217779
1.75,6,45.23353
0.25,9,45.256449
-5.25,10,45.283679
8.25,19,45.342397
-0.75,1,45.345691
-1.25,1,45.348604
-0.75,1,45.351696
1.25,5,45.365559
-1.25,1,45.368797
11.0,22,45.432909
-1.25,3,45.441643
0.75,4,45.452123
3.25,15,45.493362
11.75,19,45.544412
7.0,20,45.601198
2.75,8,45.625095
0.75,4,45.637142
1.25,5,45.65232
5.25,13,45.689735
4.25,11,45.719263
0.75,4,45.730863
4.25,8,45.75316
0.75,4,45.764925
-0.25,2,45.771574
0.75,4,45.783259
7.25,17,45.829963
2.25,4,45.841638
0.25,3,45.851082
0.75,3,45.859912
3.75,10,45.892436
-5.25,7,45.912718
-0.25,2,45.918742
0.25,3,45.927619
-0.75,1,45.930845
7.0,14,45.969328
0.25,3,45.977914
3.75,10,46.006298
-0.25,2,46.012399
-0.25,2,46.018238
0.25,3,46.027368
1.75,3,46.035846
5.25,13,46.0735
0.25,3,46.082721
0.75,4,46.095836
-0.25,2,46.102415
4.75,12,46.136569
-0.75,10,46.181731
0.25,3,46.190216
-0.75,1,46.193103
-0.75,1,46.196126
17.0,21,46.252242
-0.75,1,46.255209
7.0,14,46.29361
-3.25,5,46.306603
5.75,14,46.349357
1.75,6,46.366645
1.75,6,46.383456
4.75,12,46.415636
2.25,4,46.427462
-0.25,2,46.433421
3.25,9,46.457551
-3.25,5,46.470882
3.25,9,46.494713
5.75,14,46.863229
1.75,6,46.881168
4.25,11,46.91193
1.75,15,46.952682
0.75,4,46.965154
5.75,14,47.005691
0.25,3,47.014903
0.75,4,47.027627
1.75,6,47.044626
-0.75,1,47.047649
8.75,20,47.099908
1.75,6,47.118216
4.25,11,47.149586
0.75,4,47.161006
7.0,14,47.211232
0.75,4,47.22415
-3.25,5,47.241419
0.75,4,47.255229
4.25,11,47.286059
-3.25,5,47.299391
5.75,17,47.351671
5.25,13,47.38663
-12.5,20,47.445369
0.25,3,47.453326
4.75,12,47.486957
-1.25,3,47.497014
-9.25,11,47.530307
0.75,1,47.533484
-3.25,5,47.548387
1.75,6,47.567014
8.75,20,47.620339
13.5,27,47.694288
-0.25,2,47.701103
-5.25,7,47.71868
1.75,18,47.767259
-3.75,4,47.779388
-0.25,2,47.785398
13.25,15,47.830901
-15.25,17,47.890614
-1.25,1,47.894078
2.25,7,47.916461
0.25,3,47.925812
0.75,1,47.929645
0.5,19,47.985191
-13.25,15,48.026139
0.75,4,48.037209
1.25,5,48.050666
3.75,6,48.067205
0.75,1,48.070678
16.75,19,48.121675
3.75,7,48.140867
0.25,3,48.148636
8.25,17,48.195303
4.25,11,48.226733
6.75,19,48.278586
4.75,12,48.64275
-0.25,2,48.648206
6.75,16,48.694988
6.25,10,48.721865
-3.25,5,48.735659
0.25,3,48.743778
1.75,6,48.75945
0.25,3,48.768592
1.25,5,48.782749
-0.25,2,48.788419
-0.25,2,48.793948
-1.25,1,48.796887
12.75,16,48.841465
2.75,8,48.862545
-0.25,2,48.867985
-0.75,1,48.87091
-0.75,1,48.874177
-0.25,2,48.879935
2.75,8,48.901149
-0.25,2,48.906892
7.75,14,48.945114
0.75,7,48.965368
-0.25,2,48.970969
-0.75,1,48.973784
-0.75,1,48.97681
1.25,5,48.99028
15.25,20,49.044599
-1.25,6,49.061587
0.75,4,49.072118
9.25,21,49.132075
0.25,3,49.141303
5.75,14,49.179019
3.25,9,49.202761
0.75,4,49.213563
0.25,3,49.221916
2.25,16,49.264987
0.75,4,49.275753
-1.25,1,49.278671
1.25,5,49.292323
-1.25,3,49.300544
9.0,18,49.351973
1.25,5,49.364744
-0.75,1,49.367445
2.75,8,49.38924
0.75,4,49.400478
0.25,3,49.409518
0.75,1,49.412467
2.75,8,49.433634
-0.25,2,49.439615
1.25,5,49.453359
5.25,13,49.487274
3.75,13,49.522238
-0.75,1,49.525115
0.25,3,49.533674
-0.75,1,49.536638
0.75,3,49.545476
3.75,10,49.574066
0.75,1,49.577155
4.75,12,49.609769
-7.25,9,49.636824
0.75,4,49.649249
2.25,7,49.669003
-1.25,3,49.678453
-0.25,2,49.688436
-0.25,2,49.696244
7.5,15,49.736376
-13.25,15,49.779661
-1.25,1,49.78265
-0.75,1,49.785802
2.25,7,49.805538
4.25,11,49.835883
-0.25,2,49.841825
1.75,4,49.853403
0.75,1,49.856897
7.25,16,49.898943
3.25,9,49.923102
-4.25,6,49.939662
0.75,1,49.942737
-0.25,2,49.948694
1.25,5,49.962094
-0.75,1,49.964787
-0.75,1,49.967618
0.25,3,49.976392
-1.25,3,49.984755
1.25,5,49.998578
1.25,5,50.015703
6.25,15,50.060877
7.25,13,50.467319
1.75,6,50.483529
-0.75,1,50.486516
-7.25,15,50.531651
2.75,5,50.545306
-0.75,1,50.548275
-2.25,4,50.559802
-4.25,6,50.577183
0.75,1,50.580376
8.25,19,50.635453
6.25,15,50.687144
-21.75,25,50.761591
0.25,3,50.772357
2.75,8,50.797696
0.25,3,50.807525
7.25,11,50.840456
0.75,4,50.852201
0.25,3,50.861655
8.5,17,50.910999
0.75,4,50.921611
-12.25,14,50.961381
-0.25,2,50.967279
-0.75,1,50.970641
1.25,5,50.98351
3.75,6,50.999618
0.75,3,51.008045
-0.75,1,51.011061
1.25,5,51.024387
10.25,12,51.058236
-0.25,2,51.063407
-0.25,2,51.068639
-6.75,7,51.088825
2.25,7,51.107281
0.25,3,51.115599
2.25,6,51.131985
1.5,15,51.171793
14.5,16,51.217691
5.25,13,51.252501
0.75,1,51.255465
-0.25,2,51.260514
4.25,11,51.288138
6.0,12,51.319936
7.25,20,51.374678
0.75,4,51.384789
4.75,12,51.415057
1.25,5,51.427838
0.25,3,51.435444
0.25,4,51.445975
4.5,27,51.515695
4.25,11,51.548684
3.75,10,51.58317
2.75,8,51.607266
-4.25,6,51.624747
-0.25,2,51.631086
2.25,7,51.649428
0.25,3,51.657694
0.25,4,51.668346
5.0,13,51.703383
8.5,17,51.748581
0.75,1,51.75122
7.75,12,51.782254
0.75,4,51.794109
0.75,4,51.805791
0.25,3,51.813889
-9.75,16,51.856677
1.75,6,51.872566
-0.75,1,51.87561
5.25,13,52.247179
-0.75,1,52.249999
3.75,10,52.277834
-0.75,1,52.280988
3.25,6,52.297467
1.75,5,52.311392
-0.25,2,52.317569
0.75,4,52.330285
2.75,5,52.344315
0.25,3,52.353297
-0.75,1,52.356518
-0.25,2,52.362299
5.75,14,52.399015
-1.25,1,52.401757
0.75,4,52.413738
-0.25,2,52.419102
6.75,16,52.461684
13.25,20,52.515936
-0.75,1,52.519126
-0.75,1,52.522177
4.75,7,52.540703
2.25,4,52.551487
0.75,4,52.564093
-1.25,3,52.574128
-4.25,6,52.591847
-1.25,1,52.595106
-0.75,1,52.598259
0.25,3,52.606741
3.25,9,52.631122
3.75,10,52.658204
5.25,12,52.693106
5.75,8,52.716611
-4.25,6,52.733441
0.75,4,52.745072
-0.75,1,52.748099
7.25,17,52.792533
-0.25,2,52.798158
3.75,10,52.824865
3.25,7,52.842848
-0.25,2,52.848424
-0.25,2,52.85422
2.25,7,52.873462
1.75,6,52.889607
5.25,9,52.913489
-0.75,7,52.932269
-8.25,10,52.958844
1.25,5,52.971587
0.75,4,52.982674
3.25,9,53.006814
-6.25,8,53.027617
0.75,4,53.038254
-0.25,2,53.04347
-0.75,1,53.046367
1.75,6,53.062261
-0.25,2,53.067645
2.25,6,53.083479
0.75,4,53.09434
-0.25,2,53.099837
-2.25,4,53.11274
-15.25,17,53.15869
-0.75,1,53.161703
0.25,3,53.169906
-5.25,16,53.211239
0.25,3,53.218741
-0.25,2,53.224174
0.75,1,53.227112
-0.75,1,53.230219
-2.25,4,53.241427
-0.25,2,53.247263
0.25,3,53.255736
2.25,7,53.275045
-0.25,2,53.280447
-0.75,1,53.283349
1.75,6,53.299057
1.25,5,53.312215
-0.25,2,53.318686
1.25,5,53.334271
0.25,3,53.343522
2.75,8,53.366924
2.25,7,53.385095
-0.25,2,53.391078
2.25,7,53.409499
-0.75,1,53.412596
8.25,13,53.446308
0.25,3,53.453856
0.25,3,53.461458
2.75,5,53.474384
8.5,17,53.521787
3.25,9,53.547143
-5.25,7,53.565794
0.75,4,53.577859
0.25,3,53.586814
0.75,1,53.5899
-0.75,1,53.592809
-0.75,1,53.595558
1.25,5,53.608873
-3.25,5,53.622784
0.75,1,53.626368
2.75,8,54.003355
1.75,6,54.018363
5.25,11,54.049423
8.0,13,54.088624
0.75,4,54.099844
13.25,29,54.176419
0.25,3,54.184965
4.75,12,54.21829
0.25,3,54.227351
7.75,18,54.274609
0.25,3,54.282727
-0.25,2,54.288864
1.25,5,54.302749
-0.75,1,54.306015
0.25,3,54.314607
-1.25,3,54.324317
10.25,21,54.380985
0.25,3,54.389213
5.25,13,54.423294
4.75,12,54.456715
3.25,9,54.480218
-0.75,1,54.483024
-0.25,2,54.488615
0.75,4,54.499617
-0.75,1,54.502527
0.75,4,54.513657
1.75,6,54.529006
12.25,27,54.601579
-0.75,1,54.605006
-0.75,1,54.607962
-0.75,1,54.611869
-2.25,10,54.638919
0.75,3,54.647283
2.25,4,54.658195
7.25,17,54.703997
0.75,4,54.714723
-0.75,1,54.71756
3.25,9,54.741423
-0.25,2,54.746586
-0.75,1,54.74963
1.25,5,54.763111
-0.75,1,54.765857
-1.25,3,54.774748
1.75,6,54.791387
-0.75,1,54.79416
-2.25,7,54.813233
8.25,16,54.858481
-0.75,1,54.861383
-0.75,1,54.864311
-8.25,10,54.897043
-1.25,1,54.90025
-0.25,2,54.906067
-1.25,1,54.909453
13.75,17,54.956348
14.5,29,55.032758
-3.75,4,55.043503
-0.25,2,55.049063
-0.25,2,55.05452
7.75,11,55.08237
1.75,6,55.099554
-0.25,2,55.106189
0.25,3,55.115145
-0.75,1,55.118399
-0.25,2,55.12558
0.75,4,55.1385
-0.25,2,55.144526
0.75,1,55.147703
-0.75,1,55.150421
4.75,7,55.16998
-0.25,2,55.175989
-8.75,15,55.214711
-0.75,1,55.217544
1.25,5,55.231413
1.25,5,55.246424
0.25,3,55.255234
6.75,14,55.294882
-0.25,2,55.300282
1.75,3,55.309616
3.75,6,55.329084
1.25,5,55.344908
0.75,3,55.353097
-4.25,6,55.370457
1.75,6,55.387401
0.75,3,55.395881
-6.25,8,55.759067
1.75,4,55.770964
-0.75,1,55.774099
3.25,9,55.797225
0.25,3,55.80591
-0.25,2,55.811392
0.75,4,55.822836
-0.75,1,55.826015
-1.25,1,55.829088
2.75,8,55.850089
1.75,6,55.867104
1.75,6,55.884526
-0.75,1,55.888383
0.25,3,55.898202
1.25,5,55.91205
-11.0,23,55.97923
-0.25,2,55.985359
-0.25,2,55.991422
-6.25,8,56.013189
4.25,8,56.035444
-0.75,1,56.038907
-0.25,2,56.045013
0.25,3,56.053416
-0.25,2,56.059158
0.25,3,56.067489
-0.25,2,56.073176
4.25,8,56.094516
11.25,14,56.131961
3.25,9,56.155959
0.25,9,56.179596
3.75,10,56.206043
-3.25,5,56.219068
-0.25,2,56.224524
2.25,7,56.243789
-1.25,3,56.251325
5.75,8,56.271513
1.75,6,56.287074
1.75,3,56.300777
-0.75,1,56.303832
-0.25,2,56.30943
0.25,3,56.317826
-3.25,5,56.332411
1.25,5,56.346329
1.25,5,56.360496
2.75,8,56.381802
1.75,6,56.397338
-4.25,6,56.412919
5.25,13,56.445479
6.75,16,56.485843
8.0,13,56.52165
1.25,5,56.535259
5.25,13,56.572788
-5.25,7,56.595038
-1.25,1,56.598135
1.75,24,56.661696
-2.25,4,56.674083
-1.75,8,56.697958
11.5,23,56.769456
-1.25,1,56.773282
-7.75,17,56.821799
-0.25,2,56.828407
0.25,3,56.836988
4.75,12,56.870309
-0.25,2,56.876522
-0.25,2,56.881895
3.75,10,56.909686
7.25,17,56.956133
-0.75,1,56.959103
0.75,4,56.969217
-0.75,1,56.9724
7.75,10,56.998369
0.25,3,57.006858
0.75,1,57.010065
-1.25,3,57.018406
2.75,8,57.041304
-2.25,4,57.051642
-0.75,1,57.055003
1.75,4,57.065891
-0.75,1,57.068739
11.0,22,57.127917
9.75,22,57.530842
-7.0,19,57.58244
5.25,13,57.620238
12.5,25,57.6878
-3.25,5,57.700835
-12.25,14,57.740129
7.5,15,57.78009
4.75,12,57.813653
2.25,7,57.834137
-0.75,1,57.837377
1.75,5,57.850652
8.75,14,57.888907
6.75,10,57.918881
-0.75,1,57.922307
0.75,1,57.925484
2.75,8,57.947575
8.25,15,57.989126
-0.25,2,57.994965
5.5,29,58.07447
6.0,12,58.106872
0.75,1,58.109862
1.25,5,58.124235
4.75,7,58.143724
3.75,10,58.16975
6.75,9,58.192961
1.75,9,58.21775
-0.25,2,58.223643
4.25,11,58.253578
5.25,13,58.289127
0.75,1,58.291945
-3.25,23,58.360355
-0.25,2,58.36764
-1.25,6,58.388317
0.75,1,58.392349
3.75,10,58.426655
-6.75,13,58.473416
1.75,6,58.496624
0.25,3,58.508727
12.5,14,58.555879
7.75,18,58.617225
0.25,3,58.628718
2.25,7,58.652575
11.25,25,58.741829
-0.25,2,58.747818
-0.25,2,58.753613
4.25,11,58.782756
-4.25,6,58.798291
5.25,13,58.832461
3.75,10,58.860493
1.25,5,58.874468
-0.25,2,58.880154
-0.25,2,58.885437
3.25,12,58.916943
0.25,3,58.926685
4.75,12,58.958508
0.75,3,58.967006
9.75,17,59.013737
13.75,30,59.439222
0.75,4,59.453342
-0.25,2,59.460404
0.75,4,59.47463
-10.25,12,59.5157
5.25,13,59.55677
-0.75,1,59.560199
-0.75,1,59.563493
-0.25,2,59.571133
3.25,9,59.604453
11.25,14,59.658181
0.75,4,59.672985
2.25,7,59.698429
7.25,17,59.746874
31.0,34,59.83856
-0.25,8,59.860713
-6.25,8,59.882548
7.25,26,59.954582
-0.25,2,59.960478
-26.25,28,60.034818
-1.25,1,60.038522
3.25,9,60.06311
-0.25,5,60.076722
-0.75,1,60.079636
0.75,4,60.090665
-0.75,1,60.093857
19.0,20,60.150386
-0.25,2,60.157332
0.75,4,60.170738
-4.25,6,60.189228
2.75,7,60.209225
1.75,4,60.220698
-5.25,7,60.241706
10.75,20,60.296657
10.0,20,60.361312
6.25,15,60.403276
-18.25,20,60.457132
1.25,5,60.471098
4.25,7,60.490172
-0.75,1,60.493325
2.25,7,60.513704
10.75,17,60.559791
5.5,29,60.6385
-10.25,12,60.670787
0.75,4,60.682651
3.75,16,60.725958
0.75,4,60.736829
-12.25,26,60.806076
9.75,15,61.190546
12.75,17,61.237293
1.75,6,61.252119
-14.25,19,61.304383
11.5,23,61.368464
1.25,5,61.382575
-0.25,2,61.388729
0.75,1,61.391896
3.75,6,61.409129
0.75,1,61.41205
8.75,25,61.480516
2.75,8,61.502608
-0.25,2,61.508474
5.25,13,61.545748
2.75,8,61.569378
-0.25,2,61.576655
0.25,3,61.586231
10.5,21,61.650167
-1.25,3,61.658839
-0.75,1,61.661916
-0.25,2,61.667471
-0.75,1,61.672371
5.75,10,61.69855
-0.75,1,61.701452
0.75,4,61.712502
2.25,7,61.731394
0.75,4,61.743381
-3.25,5,61.76166
-0.25,2,61.766638
23.0,24,61.832589
0.75,1,61.83575
-0.25,2,61.844195
2.25,7,61.862966
0.25,3,61.871703
-4.25,6,61.887654
0.25,3,61.895458
-7.5,18,61.999147
-0.75,1,62.005821
1.25,5,62.034149
0.25,3,62.051365
10.25,23,62.127528
-1.25,3,62.136402
0.75,4,62.147492
-4.75,8,62.169474
2.75,5,62.182714
-0.75,1,62.185386
-2.25,4,62.196358
2.25,7,62.216735
6.5,13,62.254228
0.75,4,62.265197
8.0,15,62.314362
2.75,8,62.339098
-0.25,2,62.344321
-0.25,2,62.349647
-0.75,1,62.352527
-0.75,1,62.3555
2.25,7,62.373337
1.75,6,62.389896
0.75,4,62.400679
1.75,6,62.415893
2.25,4,62.426366
2.25,7,62.44547
6.25,12,62.478719
-0.75,1,62.481909
2.25,7,62.501511
-0.75,1,62.505173
-0.25,2,62.510931
0.75,1,62.513901
6.5,13,62.548279
7.25,12,62.582545
15.75,20,62.638347
-0.25,2,62.643864
-0.75,1,62.646674
2.75,8,62.668358
0.75,4,62.681432
0.25,3,62.690497
0.75,1,62.693672
0.25,3,62.701793
-0.75,1,62.705
1.75,6,62.721661
4.75,12,63.172184
6.25,13,63.222175
0.75,4,63.244751
0.75,1,63.248082
15.75,18,63.318886
-12.75,16,63.374193
2.75,8,63.401002
1.25,5,63.415429
2.75,8,63.437412
2.25,4,63.44961
-0.75,1,63.452559
2.25,4,63.463269
0.75,1,63.466318
0.25,3,63.474482
25.75,28,63.555362
-8.25,10,63.582129
-2.75,3,63.590477
2.75,8,63.612073
8.5,17,63.661442
6.75,19,63.715266
2.25,7,63.733814
-0.75,1,63.736826
-0.75,1,63.739847
11.25,25,63.807109
3.75,10,63.833881
0.75,1,63.836998
2.25,7,63.856081
2.25,4,63.86597
4.75,12,63.899465
-0.25,2,63.905244
3.25,9,63.929888
-4.75,8,63.954352
-0.25,2,63.96132
1.25,5,63.977939
9.25,11,64.014736
-2.25,4,64.028647
-0.25,2,64.035584
0.25,3,64.046428
4.25,11,64.081344
-0.75,1,64.084834
4.75,12,64.124011
-0.25,2,64.130996
10.75,14,64.17729
-6.25,8,64.202771
10.75,13,64.24753
0.25,3,64.258058
-0.75,1,64.261624
8.75,20,64.325727
0.25,3,64.335907
-0.25,2,64.343528
3.25,9,64.372607
8.25,19,64.440005
0.25,3,64.448568
5.25,16,64.491194
-0.75,1,64.494423
0.75,1,64.497513
3.75,10,64.526856
-0.25,2,64.53306
-0.75,1,64.535931
1.75,6,64.5515
0.25,3,64.559442
-0.25,2,64.564842
-1.25,3,64.573529
0.25,6,64.590539
-0.75,1,64.593627
7.0,14,64.63097
-0.25,2,64.63671
-0.75,1,64.639832
9.25,19,64.689884
1.25,5,64.703725
11.5,19,65.09815
-10.25,12,65.131953
0.75,4,65.143588
-0.25,2,65.149748
1.75,6,65.169013
-0.25,2,65.175373
-1.25,3,65.18386
-8.25,10,65.21099
0.25,3,65.218763
0.75,4,65.230491
-0.25,2,65.236115
8.25,19,65.288813
0.25,3,65.297687
23.0,46,65.4357
0.25,3,65.44455
-2.25,4,65.455464
10.5,15,65.496615
0.75,1,65.49987
8.75,11,65.530324
3.25,12,65.567604
10.5,21,65.627067
-0.75,1,65.630055
2.75,8,65.651688
7.0,14,65.689715
-2.25,7,65.708513
10.25,23,65.772425
0.75,7,65.790142
-0.25,2,65.795258
1.25,5,65.808928
0.75,4,65.819064
-8.25,10,65.846534
0.75,4,65.857136
-0.25,2,65.862414
1.75,6,65.878219
3.75,10,65.904804
-0.25,2,65.910593
-0.25,8,65.933898
3.75,10,65.963657
-24.25,26,66.02956
13.25,23,66.087084
11.75,14,66.125986
-4.25,6,66.142802
1.75,6,66.161961
2.75,8,66.183193
1.75,6,66.199497
7.5,15,66.238609
0.75,4,66.248616
6.75,9,66.271121
-0.25,3,66.27865
2.75,8,66.299006
-0.25,2,66.304936
0.25,3,66.313737
14.75,19,66.373297
0.25,3,66.38163
5.75,38,66.825327
4.25,11,66.853355
2.25,7,66.870722
-0.75,1,66.87357
-8.25,28,66.946971
1.25,5,66.961348
9.75,14,66.999645
1.75,6,67.017077
-0.25,2,67.025048
-3.25,5,67.039737
-0.75,1,67.043008
13.5,27,67.119378
0.25,3,67.128722
5.75,14,67.171162
1.25,5,67.186622
-0.75,1,67.190321
-0.25,3,67.199248
0.25,3,67.211156
-0.75,1,67.21577
0.75,3,67.224686
0.75,4,67.23546
-0.25,2,67.241451
-0.75,1,67.244514
1.25,5,67.259493
-4.25,6,67.27927
0.75,4,67.291756
10.25,12,67.337294
9.0,18,67.388975
4.25,11,67.418401
0.75,3,67.428146
4.75,12,67.461423
0.25,3,67.47024
-0.75,1,67.473305
-5.75,12,67.506829
-0.75,1,67.510105
0.75,4,67.521166
-3.75,4,67.532243
-0.25,2,67.538098
-0.25,2,67.544332
0.75,4,67.555503
11.0,22,67.616847
3.75,10,67.644213
0.25,3,67.652471
13.0,26,67.731179
6.75,16,67.777782
-2.25,4,67.789061
-0.75,1,67.792094
5.25,7,67.812564
-7.75,11,67.842963
-0.75,1,67.846564
-0.75,1,67.84948
0.75,4,67.862391
-4.75,11,67.892941
0.75,4,67.905619
20.75,33,67.998539
-0.75,1,68.001446
13.5,27,68.076699
-0.75,1,68.079992
0.75,4,68.091657
8.75,20,68.148356
-0.75,1,68.151864
15.75,24,68.216955
-0.75,1,68.220202
-0.75,1,68.223487
1.25,5,68.237205
-0.25,2,68.243242
-0.75,1,68.246426
-0.25,2,68.251962
11.75,15,68.629246
-0.25,2,68.634763
-0.25,2,68.640807
2.25,7,68.659511
11.5,23,68.720854
-3.75,22,68.780955
2.75,8,68.802274
7.25,14,68.83979
11.25,13,68.876221
-2.25,4,68.886912
11.25,25,68.951836
-0.75,1,68.955008
1.25,5,68.968673
-0.25,2,68.974527
-3.75,4,68.985562
0.25,3,68.994104
0.75,4,69.005136
4.25,11,69.034945
-0.75,1,69.038362
5.25,13,69.071928
-0.25,2,69.077573
-2.25,4,69.088363
13.75,16,69.128289
3.75,10,69.155694
1.75,6,69.171159
-0.25,2,69.176543
0.75,4,69.187896
4.75,7,69.207117
4.75,12,69.240665
-0.75,1,69.243506
-0.25,2,69.24886
0.25,3,69.257081
5.75,14,69.294406
-2.25,4,69.305493
3.75,11,69.342227
0.75,4,69.353445
9.75,22,69.413447
0.25,3,69.421959
1.25,5,69.435368
6.5,13,69.470314
2.75,5,69.483169
3.25,9,69.508527
0.25,3,69.516781
-4.25,6,69.533947
0.75,4,69.545335
-0.25,2,69.551249
4.75,7,69.57049
1.75,6,69.587216
12.5,25,69.651656
0.75,1,69.654953
2.75,8,69.677263
-2.25,4,69.687484
3.75,10,69.7134
2.25,7,69.731647
-0.75,1,69.734581
-0.75,1,69.73754
6.0,12,69.770622
-0.75,1,69.773814
2.75,5,69.787421
9.0,18,69.834822
2.25,7,69.853348
1.75,6,69.870277
1.25,5,69.884589
0.75,4,69.895626
1.25,5,69.90893
-2.25,4,69.919988
-0.25,2,69.925705
1.75,6,69.941348
7.0,14,69.977982
-0.75,1,69.980825
4.0,20,70.372333
-0.75,1,70.37538
-0.75,1,70.378593
10.0,16,70.420525
15.0,18,70.478017
-4.75,14,70.521172
2.25,7,70.540566
4.75,7,70.561298
-0.25,2,70.56677
0.25,3,70.575346
-1.25,6,70.591806
12.5,25,70.658524
6.0,15,70.705696
-0.25,2,70.711129
12.25,27,70.78554
6.75,16,70.827958
-0.75,1,70.830599
-6.25,14,70.867605
0.75,4,70.878106
-1.25,3,70.886232
-5.25,7,70.905148
-0.75,1,70.908245
1.75,6,70.923872
5.75,14,70.96287
8.25,13,71.000739
0.25,3,71.008874
-2.25,4,71.018723
-0.25,2,71.024608
3.25,9,71.050053
0.75,4,71.060637
2.75,8,71.080887
-1.25,3,71.08932
14.0,16,71.130316
-0.25,2,71.135884
2.25,5,71.149148
2.75,8,71.168802
-1.25,3,71.17743
0.75,4,71.189218
0.75,4,71.199949
9.0,18,71.247783
2.75,8,71.268702
-0.75,1,71.27186
-0.75,1,71.274764
1.25,5,71.287292
3.25,9,71.310381
0.75,4,71.322097
2.25,7,71.344039
-1.25,1,71.347618
0.25,4,71.359253
3.25,8,71.380076
0.25,3,71.387628
9.75,18,71.433976
-0.25,2,71.439426
-3.25,5,71.451799
-0.75,1,71.455023
3.25,9,71.479736
-0.25,2,71.485344
1.25,5,71.499141
-6.25,8,71.522671
3.25,9,71.547161
7.75,10,71.573532
3.25,9,71.598315
0.75,4,71.609944
4.75,12,71.642098
-6.25,8,71.662403
2.25,7,71.681414
-0.25,8,71.701895
1.75,6,71.71723
-0.25,2,71.723008
12.25,21,72.12346
0.75,4,72.135211
1.25,5,72.15046
0.25,3,72.159259
0.75,4,72.170561
1.25,5,72.185901
-4.25,6,72.204102
-5.25,7,72.224566
0.75,1,72.228062
-0.25,2,72.234337
10.25,14,72.273349
6.75,16,72.317693
3.25,9,72.347815
0.75,4,72.360157
13.0,22,72.422776
-3.25,5,72.436611
-9.25,11,72.467354
1.25,5,72.480296
-10.25,12,72.514416
4.0,32,72.603681
0.25,3,72.612846
9.5,19,72.669211
-1.75,5,72.684227
0.25,18,72.734162
11.5,23,72.796901
2.75,8,72.820435
-1.25,6,72.838732
6.75,13,72.872103
0.25,3,72.881043
4.5,27,72.958581
3.75,6,72.975394
-0.75,1,72.978185
3.25,9,73.002435
2.75,7,73.022253
-13.25,18,73.071404
13.5,27,73.146112
0.75,4,73.158498
0.25,3,73.166467
7.75,21,73.225125
1.75,6,73.241829
-19.25,21,73.298426
-0.75,1,73.301394
9.0,18,73.352521
-1.25,3,73.365303
3.75,6,73.386474
3.25,9,73.413132
-0.25,2,73.418665
0.25,3,73.429492
12.75,17,73.476539
0.25,9,73.503524
-0.25,2,73.510467
10.75,15,73.551364
6.25,11,73.910861
5.25,22,73.97048
-0.75,1,73.97437
-7.25,12,74.011423
9.75,22,74.073299
-0.25,2,74.079251
14.75,18,74.129358
-0.75,4,74.141075
1.75,6,74.156906
-0.75,1,74.159658
1.75,6,74.177128
3.75,10,74.206299
0.75,3,74.21421
-0.75,1,74.217139
-0.75,1,74.220179
-1.75,11,74.249511
7.5,15,74.287047
-0.25,2,74.292823
3.25,6,74.31032
0.75,4,74.322054
-1.25,3,74.332551
8.75,13,74.368604
9.25,13,74.405283
10.0,16,74.447323
8.75,20,74.500746
3.25,8,74.524907
-3.75,4,74.535947
-1.25,1,74.539246
0.75,4,74.550089
2.25,7,74.568649
-3.75,7,74.589786
1.75,6,74.607317
-0.25,2,74.613017
-0.75,1,74.616211
2.75,8,74.639045
-0.75,7,74.657941
1.75,4,74.669367
4.75,12,74.702883
-0.75,1,74.706208
-0.25,2,74.711877
3.5,16,74.755828
17.75,28,74.832746
8.75,20,74.887462
2.25,7,74.906927
-0.25,2,74.912609
0.25,3,74.921118
-0.25,2,74.926828
0.25,3,74.935045
-0.75,7,74.955048
7.75,16,74.999958
-0.75,1,75.003061
-2.75,9,75.027294
7.5,17,75.07218
10.0,20,75.127193
5.75,8,75.148636
-5.25,10,75.176907
0.25,3,75.185064
4.25,11,75.215769
-0.75,1,75.218939
1.75,6,75.236117
1.25,8,75.25752
-4.25,12,75.289692
-0.75,1,75.292923
3.25,9,75.654171
4.75,9,75.679535
-0.25,8,75.702169
-0.25,2,75.708666
2.75,8,75.731865
0.75,3,75.740638
1.25,5,75.755454
9.0,18,75.80637
2.75,7,75.825381
0.75,19,75.876399
8.75,11,75.905325
2.75,8,75.926123
6.75,19,75.978207
10.0,20,76.036184
7.25,17,76.08288
-1.25,3,76.091262
0.25,3,76.099422
-0.75,1,76.102383
2.25,5,76.11677
-0.25,2,76.122993
-0.25,2,76.128888
10.5,21,76.184903
3.25,9,76.221228
0.75,4,76.233154
2.75,7,76.251606
-0.25,5,76.266165
-0.75,1,76.268985
5.75,14,76.307969
0.25,3,76.316792
-0.25,2,76.323509
4.75,12,76.368769
-2.25,4,76.382731
3.75,8,76.404503
3.75,10,76.432698
1.25,5,76.446338
-0.75,1,76.449131
5.25,13,76.482876
0.75,1,76.485534
1.75,6,76.500598
0.25,3,76.509202
9.25,21,76.566615
0.75,1,76.569527
-0.75,1,76.572839
0.75,1,76.575838
9.25,18,76.62881
-1.25,3,76.638187
8.75,11,76.669427
3.75,13,76.707645
3.25,6,76.725107
2.25,7,76.743938
-11.0,14,76.779561
-0.25,2,76.784911
6.5,13,76.826081
-0.25,2,76.833449
-0.75,1,76.837293
9.25,27,76.92035
1.75,6,76.939282
1.25,5,76.954663
0.25,3,76.963982
1.25,5,76.979432
3.75,7,77.000019
-7.75,11,77.030366
10.5,21,77.084262
1.75,6,77.101246
1.75,6,77.117755
15.0,17,77.53281
0.25,3,77.541204
-0.25,2,77.546565
15.0,30,77.625007
-0.25,2,77.630599
0.75,1,77.633374
1.25,5,77.647666
7.25,20,77.701851
0.25,3,77.710882
10.75,24,77.773588
3.75,10,77.798986
12.0,24,77.862494
-0.25,2,77.868087
9.75,14,77.90432
5.75,14,77.943744
-0.25,2,77.949396
-3.25,5,77.962484
-0.75,7,77.981142
-0.25,2,77.986885
1.25,5,77.999994
14.75,32,78.083107
3.75,10,78.109091
7.75,12,78.141553
5.75,14,78.177821
7.0,14,78.214622
15.25,19,78.26476
-0.25,2,78.270367
2.25,7,78.289782
-7.25,15,78.332397
7.75,18,78.380637
2.75,3,78.388794
-4.25,6,78.404229
2.25,7,78.421977
-0.75,1,78.425012
10.5,21,78.480926
1.75,6,78.496499
1.25,5,78.51
0.25,3,78.517927
2.75,6,78.533366
11.75,15,78.570706
0.75,4,78.58163
-0.25,2,78.587546
-0.75,1,78.590595
-0.25,2,78.596077
4.75,12,78.627139
0.75,4,78.637172
0.75,1,78.640626
-0.25,2,78.646312
5.25,13,78.681158
3.75,10,78.706814
-0.25,2,78.712225
-0.75,1,78.714918
0.25,3,78.723341
6.75,16,78.763192
0.25,3,78.771312
3.75,10,78.799198
-1.25,3,78.80802
-0.25,2,78.813694
3.25,9,78.835755
4.25,11,79.192018
5.75,14,79.231378
0.75,4,79.242773
-0.75,1,79.245928
-0.75,1,79.24894
0.75,4,79.2606
3.75,6,79.276903
1.75,3,79.284736
0.75,4,79.295716
3.75,10,79.324168
4.75,15,79.36463
-3.75,4,79.375812
-1.25,3,79.383859
15.0,18,79.430153
-0.75,1,79.433006
0.75,1,79.435864
3.75,8,79.45719
-10.0,13,79.491273
1.25,5,79.505048
9.5,16,79.548663
-1.25,3,79.557432
1.25,3,79.566685
-0.25,2,79.572226
-7.25,9,79.595877
0.75,4,79.606893
-0.75,1,79.609993
0.25,3,79.618397
0.25,3,79.626886
1.25,5,79.640789
8.75,13,79.675415
13.0,14,79.713412
5.25,19,79.765146
13.25,18,79.810754
0.25,3,79.818493
-13.25,18,79.866942
-0.25,2,79.872784
-1.25,12,79.906211
9.0,18,79.953551
1.75,6,79.969422
5.75,14,80.006279
-0.75,1,80.009389
-0.25,2,80.014833
-0.75,1,80.017641
7.0,14,80.054786
18.75,21,80.111433
1.25,5,80.124803
-0.75,1,80.128051
3.75,10,80.155535
2.25,7,80.173641
0.75,1,80.176617
-0.25,2,80.181688
7.25,17,80.22508
-0.75,1,80.228218
5.75,14,80.26626
2.75,8,80.288149
-0.75,1,80.291411
0.25,3,80.299776
3.25,9,80.324235
8.25,19,80.376364
-16.0,19,80.425329
-5.25,7,80.443433
3.25,9,80.467691
6.25,15,80.507439
-0.75,7,80.527355
1.75,6,80.543959
-5.25,7,80.883709
-2.25,7,80.902415
5.25,13,80.93848
0.25,3,80.947567
15.0,25,81.014585
1.25,5,81.030349
-0.25,2,81.036199
2.75,8,81.056854
2.25,7,81.075536
-8.25,10,81.100664
20.5,41,81.208969
2.75,5,81.222118
-0.25,2,81.227379
-0.75,1,81.230404
-1.25,3,81.238856
0.25,3,81.247252
1.25,5,81.260546
-0.75,1,81.263387
0.75,3,81.27143
-0.75,1,81.274398
0.25,3,81.281948
15.0,19,81.331358
8.25,16,81.374002
11.5,23,81.434135
3.75,10,81.462633
7.25,23,81.527165
-0.75,1,81.530561
5.25,14,81.567774
0.25,3,81.575782
-0.25,2,81.58134
-0.25,2,81.586845
-0.75,1,81.590049
31.75,39,81.695578
1.25,5,81.709302
-0.75,1,81.712484
3.75,8,81.733829
0.75,1,81.736915
5.25,13,81.771891
9.25,21,81.827133
0.75,4,81.837915
7.75,18,81.88446
18.75,34,81.978914
-1.25,1,81.982022
2.25,4,81.992934
10.25,15,82.034158
0.75,4,82.045325
0.75,1,82.048371
-0.25,2,82.053805
-0.25,2,82.059704
-0.25,2,82.065282
16.75,27,82.134893
-7.75,17,82.181015
6.75,16,82.225344
-0.25,2,82.231097
0.75,5,82.245751
13.0,14,82.635423
1.75,6,82.653402
-0.75,1,82.657186
-0.75,1,82.660537
-0.25,2,82.666338
3.75,7,82.687518
-0.25,2,82.693977
-0.25,2,82.699596
12.5,28,82.77642
-0.75,1,82.779276
-0.25,2,82.784565
9.75,28,82.860277
-0.75,1,82.863855
-0.25,2,82.870278
4.75,9,82.896528
-11.0,23,82.958509
0.25,3,82.966286
4.75,15,83.008221
-0.25,2,83.013859
0.25,3,83.022373
2.25,6,83.037995
0.25,3,83.046124
-1.25,3,83.054212
-0.25,2,83.05986
14.75,23,83.12232
-0.75,1,83.125738
0.25,3,83.134015
0.75,1,83.137231
0.75,1,83.140404
9.75,22,83.197824
1.25,5,83.211003
-0.75,1,83.213909
1.75,6,83.229865
-2.75,15,83.271116
13.0,14,83.306865
-3.75,4,83.317087
9.75,17,83.364154
0.75,4,83.375061
0.75,4,83.385993
-0.75,1,83.389226
1.75,6,83.405329
6.25,11,83.434131
11.75,15,83.472818
2.75,8,83.492861
0.75,1,83.49585
10.5,14,83.534057
9.25,21,83.588323
3.25,7,83.607863
-0.25,2,83.613612
-0.25,2,83.618881
-0.75,1,83.62211
5.75,14,83.658128
0.75,1,83.661107
7.75,18,83.709134
1.75,4,83.720983
7.25,17,83.765077
1.25,5,83.778008
8.25,12,83.81054
-0.25,2,83.815893
6.5,13,83.850567
0.75,4,83.860873
2.75,8,83.880834
-0.75,1,83.88357
3.75,6,83.900352
0.75,4,83.911747
1.25,5,83.926164
-2.25,4,83.937908
5.75,11,83.969826
1.25,5,83.983509
-0.75,1,83.98647
-0.25,2,83.992358
4.75,12,84.413006
0.25,6,84.429499
13.0,26,84.500783
5.25,16,84.547224
0.25,3,84.556048
2.75,8,84.57862
-0.25,2,84.583749
-0.75,1,84.587095
-1.25,3,84.595121
3.25,9,84.618127
7.25,23,84.679076
-0.25,2,84.685364
0.75,1,84.688896
1.5,24,84.751864
3.25,6,84.769452
4.75,9,84.793774
-0.75,1,84.79678
-5.25,13,84.832067
-0.75,1,84.835013
3.75,10,84.86108
14.25,31,84.940212
3.75,10,84.965825
3.75,10,84.991408
2.25,6,85.006888
0.75,1,85.009873
-0.25,2,85.015173
2.25,7,85.032902
-0.25,2,85.038528
7.25,17,85.083061
3.25,18,85.132325
-6.25,8,85.154294
-0.75,1,85.157481
4.25,11,85.187048
-0.75,1,85.190335
17.75,25,85.253575
-0.75,1,85.256526
-2.25,4,85.266924
-3.25,5,85.280159
-0.75,1,85.283149
2.25,7,85.30199
-0.75,1,85.306854
4.75,12,85.34849
-0.75,1,85.351485
9.75,22,85.413409
-0.25,2,85.419179
-1.25,3,85.427685
-0.75,1,85.43081
2.25,4,85.442691
-1.25,6,85.457671
5.75,14,85.492634
-1.25,3,85.500873
5.75,14,85.539316
15.25,33,85.626773
0.75,4,85.63765
6.5,28,85.713512
3.75,10,85.73964
10.25,20,86.18409
10.25,13,86.218659
-2.75,15,86.259523
10.25,21,86.316671
-0.25,2,86.323463
11.5,17,86.370832
1.75,6,86.387712
3.75,6,86.40395
4.75,7,86.42312
0.75,1,86.425941
1.25,5,86.439001
-5.25,7,86.457942
10.0,20,86.510195
9.25,21,86.56826
7.5,15,86.608549
6.25,12,86.641429
5.75,14,86.677741
1.25,5,86.691807
0.75,4,86.7023
6.25,15,86.742326
-0.25,2,86.747756
-0.25,2,86.752874
0.25,3,86.761769
5.25,13,86.798091
-2.25,4,86.809714
0.75,1,86.812754
4.25,10,86.841223
0.25,3,86.85005
1.25,5,86.864144
-0.25,2,86.86997
12.25,14,86.906839
5.75,14,86.94504
-0.25,2,86.950423
10.25,16,86.994022
0.25,15,87.034594
3.25,18,87.083584
-5.25,7,87.102386
-2.75,3,87.110528
-0.75,1,87.113403
-14.75,18,87.163752
1.25,5,87.177505
1.75,6,87.193779
5.75,14,87.232616
1.75,6,87.248658
3.25,18,87.295508
0.25,3,87.304322
9.5,16,87.353552
-0.75,1,87.357079
-0.25,2,87.362619
12.25,27,87.435102
-5.75,12,87.467928
-0.75,1,87.470931
2.25,16,87.515305
0.25,3,87.52484
-14.25,16,87.567615
-3.75,4,87.910784
0.25,3,87.919473
1.25,5,87.934344
16.75,19,87.987292
16.75,19,88.035856
-0.25,2,88.041773
12.5,25,88.106692
-0.25,2,88.111807
-0.25,2,88.11692
-0.75,1,88.119933
7.75,18,88.165941
4.75,7,88.184416
3.25,9,88.207365
8.25,17,88.253791
0.75,1,88.25698
8.75,11,88.286664
-0.75,1,88.289718
-0.75,1,88.292681
4.25,11,88.320565
23.0,24,88.385312
0.25,3,88.394384
3.25,9,88.419678
0.25,6,88.436521
-0.75,1,88.439728
5.75,14,88.476427
-0.75,1,88.479242
-1.25,3,88.487433
29.0,46,88.614652
6.25,21,88.670784
2.25,7,88.69022
-0.75,7,88.710053
-0.75,1,88.713204
-0.75,1,88.716182
-0.25,2,88.722125
0.25,3,88.731255
-4.25,12,88.763954
3.25,9,88.78877
-0.75,1,88.79188
-2.25,10,88.818756
0.25,3,88.827918
-1.0,25,88.894724
-0.25,2,88.90009
11.25,28,88.978456
-8.25,14,89.017375
9.5,16,89.061543
0.25,15,89.103521
-0.75,1,89.106577
1.25,5,89.120937
-0.75,1,89.124287
0.25,3,89.132445
0.75,1,89.135479
-0.75,1,89.139132
13.5,27,89.215169
8.25,16,89.259155
3.75,10,89.289154
-3.25,5,89.30319
6.25,15,89.704266
-0.25,2,89.710225
0.75,1,89.713302
-0.25,2,89.718539
-0.25,2,89.724602
0.75,4,89.735305
9.0,18,89.784406
-0.75,1,89.787457
2.25,7,89.805458
2.75,5,89.81779
0.75,4,89.828289
9.25,21,89.88835
8.75,20,89.9469
9.25,21,90.004449
-0.75,1,90.007507
1.75,6,90.023916
-7.25,9,90.048023
2.75,5,90.061268
4.75,8,90.084538
14.25,19,90.136445
3.75,10,90.163763
0.25,3,90.172311
12.25,27,90.246252
-0.75,1,90.249434
0.75,4,90.260826
1.75,6,90.276852
0.75,1,90.279733
8.75,13,90.314521
12.5,25,90.390817
10.25,21,90.452375
4.75,7,90.473068
5.75,14,90.511119
-2.25,4,90.524659
0.75,4,90.537089
-0.25,5,90.551845
0.75,1,90.555408
17.75,29,90.632733
14.5,29,90.71527
-0.75,1,90.718307
7.0,14,90.755809
0.75,4,90.766517
-12.25,14,90.806046
12.5,25,90.872257
0.75,1,90.875397
7.75,10,90.901294
7.25,17,90.946146
6.75,16,90.992023
7.25,17,91.040668
-0.25,2,91.046961
7.75,10,91.076928
6.75,16,91.471475
-0.75,1,91.47493
17.75,24,91.542015
-3.25,5,91.557587
-0.25,2,91.564023
3.25,9,91.593574
0.75,4,91.607396
17.25,33,91.703824
-13.25,15,91.743421
-0.75,1,91.746752
1.75,3,91.757266
0.75,1,91.760603
-0.25,2,91.766553
-3.25,5,91.779896
8.0,16,91.821172
10.5,14,91.859111
4.75,12,91.892082
0.75,4,91.903756
1.25,5,91.91753
-0.25,2,91.923622
2.25,7,91.94432
0.25,3,91.952774
0.75,1,91.956069
7.25,17,92.006977
8.25,15,92.046589
-1.25,3,92.054389
-0.75,1,92.057155
4.75,7,92.07554
2.25,4,92.088863
11.25,24,92.153099
-0.25,2,92.160194
2.25,16,92.203202
1.75,6,92.218955
-5.25,7,92.237748
3.75,10,92.264476
-1.75,17,92.309938
2.75,8,92.333562
-0.75,4,92.346085
-0.75,1,92.349281
8.0,22,92.407936
7.25,17,92.452655
1.25,5,92.466354
0.75,1,92.469193
-0.75,7,92.496701
0.75,4,92.508184
-12.25,14,92.547044
0.25,3,92.555532
4.25,11,92.586511
4.25,11,92.615815
0.25,3,92.624481
-0.75,7,92.645255
12.0,14,92.684114
2.75,8,92.707331
-12.25,14,92.747394
11.25,15,92.789381
0.75,4,92.800113
4.25,11,92.83145
1.75,6,92.850292
13.75,17,93.230489
2.25,7,93.249077
-0.75,1,93.252006
2.25,7,93.272223
0.75,4,93.283503
-0.75,1,93.286461
14.75,19,93.342111
5.75,14,93.378448
14.75,23,93.438632
0.25,3,93.447077
6.75,9,93.470438
-0.75,1,93.473685
9.0,18,93.523559
0.25,3,93.53278
0.25,3,93.541508
-0.75,1,93.544645
3.75,8,93.565919
-0.75,1,93.568687
-0.75,1,93.572286
3.75,10,93.599632
12.0,24,93.665074
-0.75,1,93.668049
0.25,3,93.67791
-0.75,1,93.681619
0.75,4,93.692546
0.75,4,93.703189
0.25,3,93.711787
1.75,4,93.722811
10.25,22,93.781626
-0.25,2,93.787189
-0.75,1,93.790437
0.75,4,93.801482
1.25,5,93.814816
-0.75,1,93.817728
3.75,10,93.844524
0.25,3,93.852193
0.75,3,93.861709
-0.75,1,93.864994
3.25,9,93.889443
-1.75,8,93.909583
4.25,11,93.940411
10.25,23,94.002155
-0.25,2,94.008284
2.75,8,94.029349
6.0,12,94.059909
13.75,18,94.110384
-1.25,1,94.113436
-1.25,3,94.122129
-3.25,5,94.135419
-0.25,2,94.141838
13.5,27,94.217484
3.75,7,94.237622
-10.25,12,94.270878
2.75,5,94.284117
-0.75,1,94.287169
15.75,20,94.348147
-0.25,2,94.35405
-0.75,1,94.3577
2.25,7,94.383102
7.25,17,94.427396
0.75,4,94.43827
5.75,10,94.465487
5.75,14,94.507809
2.25,7,94.53142
0.75,4,94.543136
0.75,5,94.557894
18.5,37,94.997134
0.25,3,95.005944
-0.25,2,95.012851
-7.25,9,95.038288
7.25,17,95.082217
-0.75,1,95.085197
8.25,22,95.144644
0.25,3,95.153095
-0.75,1,95.156554
0.75,1,95.159703
-3.25,5,95.173972
0.75,1,95.177105
0.25,3,95.186313
-4.25,6,95.203519
14.0,28,95.288776
-0.25,2,95.294606
0.25,3,95.302937
2.75,8,95.326895
-12.25,14,95.368111
-0.25,2,95.378478
1.25,5,95.394224
8.0,16,95.439938
-0.75,1,95.443155
2.75,5,95.456975
-0.75,1,95.459988
-1.25,3,95.468334
0.75,4,95.479686
-0.75,1,95.482729
2.75,5,95.495995
2.25,7,95.51915
0.25,3,95.533537
-0.75,1,95.536581
6.25,18,95.590759
-0.75,1,95.594464
-0.25,3,95.602879
-1.25,3,95.611901
-0.75,1,95.614891
4.25,8,95.637636
6.25,15,95.676418
0.75,4,95.687591
13.75,21,95.742705
-0.75,1,95.745816
-0.25,2,95.751322
-0.75,1,95.754398
20.25,32,95.845222
-0.75,1,95.848592
1.75,4,95.859788
8.25,19,95.909797
11.75,29,95.98564
5.75,17,96.032664
3.25,9,96.057189
0.25,3,96.065185
0.75,4,96.075716
0.75,1,96.078616
0.75,1,96.081581
6.25,15,96.121208
2.25,4,96.132518
9.25,21,96.194958
-0.25,2,96.200623
3.75,6,96.217464
1.25,5,96.231531
0.25,3,96.240979
0.25,3,96.250657
0.25,3,96.259592
1.25,5,96.27398
-0.25,2,96.280187
0.25,3,96.289194
4.25,11,96.319221
0.75,4,96.33422
19.0,20,96.394434
-0.25,2,96.400263
-1.25,3,96.408906
-0.25,2,96.41488
-13.25,18,96.808409
-1.25,3,96.816855
2.25,7,96.836055
-1.75,5,96.849767
11.5,23,96.911445
10.0,17,96.95682
1.25,5,96.971115
-0.75,1,96.974478
3.75,10,97.000785
-1.25,6,97.01665
0.75,4,97.02754
12.5,25,97.096246
-0.25,2,97.101592
0.25,3,97.11001
6.75,16,97.153611
15.25,19,97.202995
5.75,14,97.245139
0.75,19,97.296761
6.25,14,97.334599
-0.25,2,97.340543
7.25,11,97.370267
0.75,1,97.373683
3.5,13,97.407052
0.25,3,97.414562
5.25,13,97.447856
3.25,9,97.47055
1.75,6,97.485773
1.25,5,97.498815
0.75,1,97.501499
0.75,4,97.512583
1.25,5,97.528188
0.25,3,97.536993
2.25,7,97.556967
0.75,3,97.565899
-0.25,2,97.572335
1.5,12,97.606445
0.75,1,97.609453
-0.75,1,97.612596
-0.75,1,97.61573
-1.25,3,97.624171
-0.25,7,97.645285
6.5,13,97.680765
10.0,19,97.731545
2.25,7,97.750523
-1.25,3,97.758883
0.75,1,97.761853
11.5,23,97.822294
1.75,4,97.833823
2.25,7,97.853625
3.25,15,97.894178
-0.75,1,97.897319
4.75,9,97.920726
-2.25,4,97.931477
0.25,3,97.939997
1.25,5,97.954217
6.75,16,97.999223
7.25,14,98.043306
29.75,34,98.141107
1.25,5,98.154894
10.0,23,98.565178
7.25,17,98.615735
0.75,4,98.627236
2.25,7,98.650334
-1.25,3,98.658555
0.25,3,98.666996
3.25,9,98.694577
0.25,3,98.702958
2.75,8,98.72498
5.25,14,98.762802
-3.25,5,98.777357
0.75,4,98.78885
2.25,4,98.799817
11.75,15,98.838968
11.5,15,98.877678
1.25,5,98.891355
1.75,6,98.909363
-11.25,13,98.94456
5.75,9,98.970956
-4.75,11,99.001173
5.25,10,99.027932
1.25,5,99.041551
2.25,7,99.060952
7.0,14,99.097881
-0.25,2,99.103823
-0.25,2,99.109501
0.75,19,99.159236
-0.25,2,99.164902
0.25,3,99.173287
-1.25,3,99.182122
3.75,6,99.198083
-0.25,2,99.203717
3.25,9,99.227254
0.75,3,99.23499
0.25,6,99.250587
5.75,20,99.307696
0.25,3,99.31613
0.25,3,99.326822
-0.75,1,99.330352
0.25,3,99.33938
-2.25,4,99.350506
3.25,9,99.375056
0.75,1,99.378131
-0.75,1,99.381178
-0.25,2,99.386566
15.25,24,99.449092
7.25,16,99.490332
-0.25,2,99.496084
-2.75,3,99.50435
-0.75,1,99.507535
-4.75,8,99.552957
-0.25,2,99.562226
-0.75,1,99.565334
0.75,1,99.568681
0.25,3,99.579983
1.25,5,99.594632
1.75,6,99.610745
7.75,10,99.636484
9.25,14,99.678984
-0.75,1,99.682349
3.25,9,99.706654
-0.75,1,99.709771
-0.75,1,99.713238
0.25,3,99.722135
6.0,12,99.754782
5.75,8,99.78026
1.25,9,99.806814
11.25,28,99.881639
0.75,3,99.890241
-1.25,3,99.898912
3.75,10,99.927979
-6.75,13,99.966614
9.25,21,100.364929
4.25,11,100.397852
0.25,3,100.40693
4.0,17,100.451631
6.0,12,100.481816
0.75,4,100.491642
-0.75,1,100.49435
8.25,16,100.536641
0.75,4,100.547664
13.25,18,100.59952
1.25,5,100.615086
4.25,11,100.648774
13.5,27,100.729127
4.75,12,100.759705
-9.25,11,100.789228
-3.25,5,100.802868
0.25,3,100.812072
-0.75,1,100.81531
2.75,8,100.837002
5.75,8,100.85828
0.25,3,100.866137
3.25,9,100.891361
2.25,4,100.90273
0.25,3,100.910953
7.25,15,100.950419
-0.25,2,100.956668
2.75,8,100.979594
5.75,20,101.032938
2.25,7,101.051397
7.75,13,101.085442
6.25,15,101.126491
0.75,1,101.129582
4.75,12,101.162004
5.25,13,101.197253
-0.25,2,101.202325
10.75,23,101.269638
13.0,26,101.34117
-4.25,9,101.366133
3.25,9,101.394292
1.75,6,101.41261
9.75,22,101.471955
-0.25,2,101.477894
-0.25,2,101.483603
-0.75,1,101.486846
2.75,8,101.509344
18.0,25,101.578796
12.25,21,101.637517
0.75,4,101.649165
-2.25,4,101.66005
6.5,28,101.739152
0.25,3,101.747969
-5.25,10,101.774838
4.25,11,102.141191
13.0,26,102.213836
10.25,12,102.245981
13.5,16,102.288985
8.75,15,102.334871
12.25,17,102.385293
10.25,14,102.423918
8.0,13,102.459831
-0.25,2,102.4655
1.25,5,102.479489
-1.25,3,102.487748
2.75,8,102.509182
6.25,18,102.558183
10.25,23,102.619095
-0.25,2,102.626643
-7.0,19,102.679966
2.75,8,102.701674
-0.25,2,102.707129
0.75,1,102.709929
-0.25,2,102.715556
1.25,5,102.728812
9.75,19,102.777656
10.0,20,102.833331
0.75,3,102.841696
6.75,9,102.865695
1.75,4,102.8775
0.25,3,102.885972
6.5,13,102.923129
-0.25,2,102.929121
11.5,23,102.996094
2.25,7,103.016722
9.25,13,103.051974
-2.25,4,103.064153
1.25,5,103.077272
-0.25,2,103.082941
-0.75,1,103.085855
0.25,3,103.094299
-1.25,9,103.119425
-0.75,1,103.122603
1.75,6,103.138964
0.25,3,103.147886
1.25,5,103.162879
-0.75,1,103.165907
0.25,3,103.175075
-15.75,22,103.236727
-9.25,11,103.26785
4.75,13,103.307288
1.75,6,103.326438
-0.75,1,103.329836
-0.25,2,103.336499
-0.25,2,103.3425
16.5,21,103.404808
5.75,8,103.427485
-0.25,2,103.432998
0.75,10,103.460757
1.75,5,103.475367
-9.25,11,103.50563
1.25,3,103.514323
0.25,3,103.523484
-0.25,2,103.529694
-0.25,2,103.535406
1.25,5,103.549687
-0.25,2,103.555828
-0.25,2,103.561704
10.0,20,103.99209
2.75,8,104.013177
0.75,13,104.047928
14.75,41,104.165736
0.75,4,104.178657
-0.25,2,104.18487
2.25,7,104.204313
-2.25,4,104.214669
0.75,1,104.217571
7.5,15,104.257429
0.75,4,104.268071
0.75,1,104.270983
-3.25,5,104.285323
-4.25,15,104.330784
0.75,4,104.346345
0.25,3,104.354919
0.75,1,104.358238
-1.25,6,104.375279
5.75,14,104.413889
10.25,12,104.444852
0.75,4,104.455565
-0.25,2,104.461068
5.25,13,104.495942
0.0,15,104.538795
-2.25,4,104.549799
1.25,5,104.563966
-0.25,2,104.569299
3.25,9,104.59475
0.75,4,104.605824
1.25,5,104.620363
8.75,17,104.664877
0.25,3,104.674272
-0.75,1,104.677548
5.25,13,104.713836
4.25,11,104.745553
-8.25,10,104.776409
14.5,29,104.856434
-0.25,2,104.861641
-0.75,1,104.864675
2.25,7,104.884429
3.25,9,104.908976
11.25,18,104.960831
1.75,6,104.978912
-0.75,1,104.982334
-0.25,2,104.98886
1.75,6,105.007891
13.0,14,105.046835
3.25,9,105.072604
-0.25,2,105.07872
2.75,5,105.093352
1.75,6,105.10996
1.25,5,105.125754
2.25,8,105.149957
-0.75,1,105.153221
2.25,4,105.16548
-8.25,10,105.194181
0.25,3,105.202371
2.25,7,105.222472
-0.25,2,105.228128
1.75,4,105.238776
8.75,23,105.297525
5.75,14,105.336389
-2.25,4,105.347887
0.25,3,105.356702
-3.25,14,105.746396
5.25,13,105.780424
4.75,12,105.81251
4.25,11,105.841592
-0.25,2,105.846923
3.25,9,105.872501
2.25,5,105.885628
9.75,13,105.919002
5.25,13,105.953856
10.0,20,106.010127
-0.75,1,106.013149
1.75,3,106.0216
-0.25,2,106.027375
-0.75,1,106.030357
18.25,26,106.09946
-0.25,5,106.113264
-0.75,1,106.116124
10.25,19,106.165871
-2.25,4,106.177362
-1.25,1,106.180409
0.25,3,106.189181
0.75,1,106.192346
-1.25,1,106.19543
8.25,16,106.240355
-0.75,1,106.243408
8.75,20,106.301396
2.75,5,106.316178
3.75,7,106.338017
9.75,22,106.400851
-0.25,2,106.406369
-0.25,2,106.412178
-0.75,1,106.415079
9.75,16,106.457772
0.75,4,106.468958
5.75,14,106.508054
2.25,7,106.5283
8.0,16,106.570009
11.5,23,106.639871
6.25,15,106.684992
6.25,15,106.733317
-0.75,1,106.736327
-0.25,21,106.793443
-5.25,7,106.812716
5.25,13,106.848644
-0.25,2,106.854857
-3.75,10,106.88616
0.75,3,106.894799
11.75,14,106.931153
-0.25,2,106.93696
-0.75,1,106.940211
-0.75,1,106.943182
8.25,17,106.988341
19.0,20,107.039984
3.75,13,107.073378
-0.75,1,107.076251
10.75,24,107.146351
-0.25,2,107.151974
6.25,12,107.513018
3.25,9,107.535806
-0.25,2,107.541273
5.25,13,107.574589
-22.75,23,107.638255
4.25,11,107.667239
-0.25,2,107.675646
0.75,4,107.68924
0.75,3,107.698409
-3.75,4,107.711146
16.75,20,107.768423
1.25,5,107.78252
2.25,6,107.798855
8.75,20,107.855567
0.75,4,107.866151
-1.25,1,107.869234
12.25,20,107.926186
-1.25,3,107.934439
-2.25,4,107.945449
-2.25,4,107.957105
-5.25,7,107.976697
-4.25,6,107.992641
3.75,10,108.021559
0.25,3,108.030708
-2.25,4,108.041913
0.25,3,108.050548
25.0,26,108.125406
11.5,18,108.175283
1.25,5,108.190448
1.25,5,108.204402
-7.25,9,108.228639
-1.25,1,108.231643
11.5,23,108.293458
-0.75,1,108.296477
4.25,11,108.3295
-0.25,2,108.33607
13.0,14,108.389144
4.25,11,108.419827
8.0,16,108.466927
2.25,4,108.47949
-1.25,1,108.482826
-1.25,6,108.501065
-1.25,3,108.509835
1.25,5,108.525154
-0.25,2,108.5315
9.25,18,108.581357
-0.75,1,108.584398
11.75,17,108.63036
1.75,6,108.647633
1.75,6,108.663734
-0.25,2,108.669339
7.5,15,108.714262
6.75,16,108.75958
-2.25,31,108.83999
-0.25,2,108.845526
4.75,12,108.878079
4.25,11,108.91021
-14.25,16,109.384135
2.75,8,109.407511
-1.25,1,109.41067
-0.25,2,109.416305
8.75,12,109.447988
4.75,12,109.477813
-0.75,1,109.480588
0.75,4,109.490992
0.75,4,109.502052
1.75,4,109.513232
-3.25,5,109.528054
6.75,14,109.566161
2.75,5,109.580858
-4.25,6,109.59725
11.75,15,109.636209
4.75,10,109.664139
4.75,12,109.696967
1.25,5,109.709816
1.25,5,109.72247
-0.75,1,109.725332
7.25,14,109.762842
1.25,5,109.776574
7.25,17,109.822467
0.75,1,109.825301
-0.25,2,109.830703
1.25,5,109.843906
0.75,4,109.853832
-5.25,7,109.872447
13.25,15,109.910552
0.75,4,109.920693
0.75,4,109.931365
12.5,25,109.998467
-0.75,1,110.001229
8.75,20,110.055585
-0.75,1,110.058487
3.25,12,110.089678
15.25,20,110.141453
9.25,21,110.198323
-0.25,2,110.203968
-0.75,1,110.207147
-0.75,1,110.210209
13.0,14,110.24886
4.25,11,110.278541
-0.75,1,110.281549
1.75,5,110.295433
4.75,13,110.332295
7.0,14,110.368738
2.75,8,110.389508
7.0,14,110.434886
-0.25,2,110.440815
1.25,5,110.454574
0.25,3,110.463476
0.25,3,110.47316
-1.25,3,110.481886
-0.75,1,110.484696
-0.75,1,110.487773
14.5,29,110.570603
-1.75,8,110.594873
-0.25,2,110.600676
8.75,12,110.637426
5.25,13,110.670857
-0.75,1,110.674314
0.25,3,110.683533
-0.75,1,110.686677
0.75,1,110.689627
3.25,9,110.713541
0.75,4,110.725435
1.75,3,110.733882
3.25,7,110.753821
7.5,15,111.152354
0.75,4,111.163439
0.75,1,111.166286
-0.75,1,111.169151
1.25,5,111.182732
14.75,19,111.235664
5.25,13,111.26969
-0.75,1,111.272913
6.75,16,111.318711
9.25,12,111.355719
0.75,1,111.358887
0.25,3,111.368326
1.75,6,111.384287
5.75,8,111.405741
1.75,6,111.421118
1.75,6,111.438972
-2.25,7,111.459283
11.25,25,111.525477
2.75,8,111.552815
-0.75,1,111.556777
6.75,16,111.599082
0.75,1,111.602047
8.0,16,111.648141
-0.25,2,111.653952
-1.75,5,111.668214
2.25,7,111.687804
-0.25,2,111.69314
2.75,8,111.712557
0.75,4,111.723162
2.25,7,111.742539
13.75,19,111.794602
3.75,7,111.813791
0.25,3,111.822317
1.75,6,111.83897
-3.25,11,111.868525
-2.75,6,111.884685
0.75,4,111.89582
12.25,23,111.957501
8.75,23,112.021359
0.25,3,112.030924
-0.25,2,112.036565
2.25,7,112.057021
15.0,18,112.104513
-0.75,1,112.107525
4.25,11,112.136077
-0.25,2,112.141463
15.75,20,112.192132
-1.25,3,112.200233
0.75,1,112.203322
-0.25,2,112.208973
5.75,8,112.229052
-0.25,2,112.234248
0.75,4,112.245023
1.25,5,112.258569
1.75,6,112.273821
-0.75,1,112.276834
-0.25,2,112.282118
4.75,12,112.312116
7.75,18,112.359667
2.25,7,112.378229
-0.25,2,112.383695
-0.25,2,112.389596
9.25,15,112.430525
-0.75,1,112.437365
-0.25,2,112.442979
3.75,10,112.468685
-4.25,6,112.484655
0.75,4,112.495843
-0.25,2,112.501241
-5.25,7,112.521662
1.25,5,112.536276
15.25,19,112.935686
-0.75,1,112.939135
2.75,6,112.95624
-0.75,1,112.959405
7.25,17,113.006392
-0.75,1,113.009488
-1.25,3,113.018055
-0.25,2,113.023935
0.75,4,113.034624
1.25,17,113.082536
6.25,18,113.130212
2.25,13,113.167222
7.75,10,113.19821
-0.25,2,113.203875
5.25,16,113.246098
3.25,8,113.266814
0.25,3,113.275246
-0.25,2,113.281004
1.75,15,113.322564
1.75,5,113.338289
2.25,4,113.350666
2.25,4,113.362878
-0.75,1,113.366323
-0.75,1,113.369291
6.25,10,113.396868
0.25,3,113.405374
-0.75,1,113.408609
0.75,5,113.422442
5.75,8,113.44447
1.25,5,113.457125
0.75,4,113.467887
0.75,4,113.478967
-0.25,2,113.484754
-0.25,2,113.491091
-0.75,1,113.49418
-0.25,2,113.500003
-0.25,2,113.50585
0.25,3,113.513933
-0.25,2,113.52
4.75,9,113.546682
4.75,12,113.581514
1.25,5,113.594784
-0.25,2,113.600383
3.75,8,113.622239
1.25,5,113.635221
7.25,11,113.664483
3.75,10,113.693871
-0.75,1,113.697297
4.75,7,113.717392
1.75,6,113.734024
8.0,16,113.78067
-0.25,2,113.786341
0.75,3,113.794662
1.25,4,113.806158
-1.25,1,113.809298
5.5,17,113.856205
8.25,19,113.908683
-0.75,1,113.912171
-2.25,4,113.924042
1.25,5,113.938129
4.25,8,113.959828
11.75,15,114.001138
-1.25,3,114.009346
0.75,4,114.020622
3.75,6,114.036247
-0.75,1,114.039294
-6.25,8,114.060232
0.75,1,114.063154
-9.25,11,114.092019
-0.25,2,114.097598
6.25,15,114.142816
15.75,20,114.199081
-0.75,1,114.202022
-3.25,5,114.216429
2.25,7,114.234807
-5.25,10,114.260324
1.75,6,114.27623
0.25,3,114.283854
5.25,10,114.309478
9.75,12,114.76928
2.25,4,114.78098
-3.25,5,114.796203
2.75,8,114.823476
4.75,12,114.860903
7.25,17,114.905338
9.25,21,114.959755
-1.25,3,114.968743
-0.25,2,114.975163
-0.25,2,114.981421
6.75,16,115.024284
-0.75,1,115.027485
-0.75,1,115.031041
-0.75,1,115.03423
2.25,7,115.05594
-0.25,2,115.062104
-1.25,3,115.07108
5.75,14,115.110958
4.25,8,115.131777
5.25,19,115.182003
15.5,31,115.26186
1.75,6,115.278341
11.0,22,115.344255
2.25,7,115.364596
-0.25,3,115.374114
5.75,14,115.414106
1.75,6,115.431202
0.75,1,115.43409
2.25,7,115.452639
18.0,25,115.519082
0.75,1,115.522949
-0.25,2,115.529518
0.75,5,115.544702
2.75,8,115.567694
-0.75,1,115.570942
7.25,11,115.605746
7.25,20,115.663775
3.75,10,115.69143
6.75,16,115.731415
-0.25,2,115.737401
1.25,8,115.758895
5.25,13,115.79375
6.25,15,115.834385
2.25,7,115.855539
-0.25,2,115.861697
-0.75,1,115.864846
-2.25,7,115.885418
1.75,6,115.902434
0.75,1,115.905739
-0.75,1,115.909144
3.25,9,115.9331
2.75,8,115.953279
8.75,20,116.008155
4.75,9,116.032069
-0.75,1,116.034986
-0.75,1,116.038116
18.75,19,116.085799
4.75,12,116.118706
1.25,5,116.132099
3.75,10,116.157472
0.75,1,116.160523
0.25,3,116.168861
0.25,3,116.502952
-0.75,1,116.506235
10.75,13,116.542828
-1.25,3,116.551052
-0.25,2,116.556733
-0.75,1,116.559918
11.5,23,116.620521
1.25,3,116.629313
-1.75,11,116.661427
1.25,5,116.675367
-1.25,3,116.685416
6.0,12,116.720417
-0.75,1,116.723823
5.75,8,116.745831
13.5,27,116.815492
-0.75,1,116.818392
5.25,13,116.853776
3.75,10,116.880119
8.75,20,116.932332
6.75,16,116.975052
1.75,6,116.990718
5.75,14,117.026996
7.5,15,117.067894
-2.25,19,117.118477
-0.25,2,117.12436
3.25,6,117.140699
6.5,13,117.1756
-0.25,2,117.181422
0.75,4,117.192859
2.75,8,117.216654
-0.25,2,117.223717
7.75,10,117.250525
4.75,12,117.283757
12.25,30,117.374354
-9.25,11,117.40412
9.75,17,117.452546
13.0,15,117.490335
10.75,13,117.531313
-0.75,1,117.534953
-0.25,2,117.541197
6.5,13,117.57521
3.25,9,117.600254
0.75,1,117.603454
3.75,10,117.631378
-1.25,3,117.640002
-0.75,1,117.643349
8.75,20,117.705056
-0.25,2,117.713519
6.25,13,117.748385
12.5,28,117.82655
0.25,3,117.834879
1.75,6,117.851921
7.25,17,117.901236
9.5,17,118.303238
9.0,18,118.354416
-0.25,2,118.360731
2.75,17,118.405806
2.25,7,118.423313
0.25,15,118.460903
3.25,9,118.486544
31.0,34,118.579755
7.25,17,118.624757
11.75,14,118.664685
2.75,8,118.687812
-5.25,7,118.708719
16.0,19,118.759483
0.25,3,118.768143
3.25,9,118.794527
-5.25,7,118.81354
0.75,22,118.876396
2.75,5,118.891807
-0.25,2,118.898059
0.75,4,118.912735
-0.25,2,118.918999
-0.75,1,118.923044
-0.25,5,118.938682
-0.75,1,118.942716
13.5,27,119.027823
7.25,13,119.065725
1.75,6,119.082855
0.75,1,119.085967
-1.75,5,119.099196
5.25,13,119.135796
5.25,13,119.174266
2.25,7,119.195393
9.75,22,119.256257
8.25,19,119.308538
2.75,11,119.343713
-0.25,2,119.349211
0.75,1,119.352164
23.0,24,119.417232
0.75,4,119.428086
5.75,14,119.464153
1.25,5,119.47804
14.25,20,119.533222
0.25,3,119.541969
15.25,21,119.601068
-6.25,11,119.631216
0.75,1,119.63401
6.25,15,119.674373
2.25,6,119.691112
5.75,14,120.069846
4.75,12,120.104192
6.25,13,120.140114
-5.75,6,120.157863
6.25,15,120.198464
4.75,12,120.231634
-0.75,1,120.234471
1.25,5,120.247754
3.25,9,120.271914
-2.75,12,120.306097
2.75,8,120.329664
1.75,6,120.348086
-0.25,2,120.354126
4.25,11,120.384526
0.25,3,120.39307
9.5,16,120.437244
4.75,12,120.472363
1.25,5,120.487447
6.25,15,120.527441
1.75,6,120.545074
10.75,24,120.614434
-0.25,2,120.620502
-0.25,2,120.627832
-11.0,14,120.670761
3.75,13,120.711558
0.75,4,120.723667
0.25,3,120.732077
4.25,11,120.762285
-2.25,4,120.773473
-3.25,5,120.790978
4.75,21,120.851585
2.25,7,120.869828
8.75,11,120.900231
0.75,1,120.903288
-0.25,2,120.909604
0.75,1,120.912875
-8.25,13,120.949409
8.75,17,120.996762
-1.25,6,121.01322
10.25,14,121.052807
10.25,16,121.099801
0.25,3,121.109095
6.75,9,121.134712
18.25,20,121.1902
-0.75,1,121.193261
8.0,16,121.238912
6.25,14,121.278003
7.75,18,121.326191
-0.25,2,121.333065
7.25,17,121.380016
1.75,6,121.397346
-0.75,1,121.400479
-1.75,8,121.42241
0.75,4,121.433551
4.75,12,121.466445
11.0,22,121.857452
2.75,14,121.895489
2.25,7,121.913683
-0.75,1,121.916678
5.75,14,121.951837
5.25,13,121.988715
-0.25,2,121.994664
5.75,14,122.032651
4.25,11,122.061602
3.25,9,122.08707
8.0,16,122.132833
13.0,14,122.170586
9.75,20,122.227697
5.25,13,122.263763
9.75,12,122.296137
2.25,7,122.317614
2.25,7,122.34476
4.25,11,122.374857
1.75,6,122.39102
-0.75,1,122.394075
6.75,16,122.438077
5.25,13,122.474828
9.5,19,122.528177
-6.25,8,122.549598
9.0,18,122.596856
4.75,11,122.627481
3.25,9,122.650842
0.25,3,122.659835
5.25,13,122.697525
1.75,10,122.724393
0.75,4,122.735672
-2.25,4,122.747783
-5.25,7,122.767059
13.0,14,122.802867
13.75,16,122.845587
-0.75,1,122.848453
5.25,10,122.876628
-0.25,2,122.882402
-0.75,7,122.902563
-0.25,2,122.908703
0.75,4,122.920184
1.75,6,122.936753
-0.75,1,122.940274
5.25,13,122.980101
-1.25,3,122.98896
13.5,27,123.074389
0.75,4,123.088402
14.25,31,123.1807
0.75,1,123.183408
0.75,4,123.194288
8.75,11,123.222572
5.75,14,123.258805
1.25,5,123.27265
-10.25,15,123.633751
1.75,4,123.644047
0.75,1,123.646677
13.25,18,123.692996
-7.25,9,123.717606
-2.25,19,123.767916
0.75,1,123.770774
3.75,13,123.803911
-0.25,2,123.809494
0.25,3,123.817344
-0.25,2,123.822838
9.5,19,123.871824
-0.75,1,123.874783
7.75,18,123.922355
-0.75,1,123.925523
0.25,9,123.948449
-4.25,9,123.973446
6.0,12,124.009656
7.25,17,124.056969
-0.25,2,124.062854
0.75,3,124.071764
-3.25,5,124.085905
1.25,5,124.099381
21.25,34,124.189294
6.75,13,124.224873
-0.75,1,124.22828
-1.75,17,124.288431
1.25,5,124.302685
6.0,12,124.34023
-0.75,1,124.34331
2.25,4,124.354352
0.75,4,124.368788
1.5,12,124.403349
-1.25,3,124.412791
25.0,26,124.480392
1.75,3,124.48884
2.25,7,124.506799
4.0,14,124.544797
-0.25,2,124.550497
2.75,5,124.565222
-0.25,2,124.570986
-0.25,2,124.577411
0.75,4,124.58948
0.75,1,124.592706
0.25,18,124.646474
6.25,15,124.694278
10.5,24,124.758937
-1.25,3,124.767368
2.75,8,124.792379
-0.75,1,124.795877
1.25,5,124.809644
7.0,14,124.850209
5.25,13,124.886082
10.75,13,124.919446
1.75,6,124.934974
0.75,1,124.938099
-0.75,1,124.941295
0.75,1,124.944466
-0.25,2,124.950408
1.25,5,124.9642
-0.75,1,124.96699
-0.25,2,124.973202
1.75,6,124.990527
8.25,12,125.024205
8.75,15,125.445652
12.25,19,125.501945
-0.25,2,125.508055
1.25,5,125.523298
-0.75,1,125.527222
0.75,1,125.530972
1.25,5,125.546347
2.75,8,125.569899
-0.25,2,125.576229
-1.25,3,125.585117
2.25,7,125.60422
-0.75,1,125.607421
3.25,9,125.633749
0.25,3,125.642071
-0.25,2,125.647594
8.5,17,125.695231
6.25,15,125.734667
4.25,8,125.762411
0.75,4,125.776154
7.5,15,125.817154
3.75,4,125.828597
1.25,5,125.842515
1.75,6,125.859437
1.75,6,125.875465
-0.75,1,125.878487
4.25,11,125.90874
0.75,4,125.921392
2.75,8,125.943217
5.25,13,125.978293
1.25,5,125.992591
0.25,3,126.002366
0.75,4,126.015284
-0.25,2,126.021294
-0.75,1,126.024941
3.75,6,126.04261
1.25,5,126.057188
3.75,10,126.085066
-2.25,4,126.095924
0.25,3,126.104112
1.25,5,126.117422
0.25,3,126.125578
25.0,26,126.197796
0.75,1,126.200767
5.75,8,126.222407
-0.25,2,126.228124
-1.25,3,126.23654
0.25,3,126.244841
-0.75,1,126.247887
8.25,19,126.299613
-0.75,1,126.302457
24.25,40,126.414762
-0.75,1,126.417929
-0.25,2,126.423662
2.75,8,126.448269
1.25,5,126.462223
8.5,17,126.507061
0.25,3,126.51597
1.25,5,126.530467
0.25,3,126.540742
-0.75,1,126.544088
-0.25,2,126.549796
2.25,7,126.568375
6.25,15,126.607653
-0.25,2,126.612978
-4.25,6,126.629861
6.0,12,126.662746
2.25,7,126.681503
13.5,19,126.729446
14.0,24,126.791845
3.75,10,126.819924
-0.25,14,126.858445
-7.25,15,127.254201
13.5,16,127.299223
-0.75,1,127.302221
6.75,16,127.351269
-5.25,7,127.371011
-0.25,2,127.377373
3.75,8,127.399336
6.75,16,127.442586
-0.75,1,127.44586
-1.25,3,127.454707
11.75,17,127.50318
1.75,15,127.54871
1.75,6,127.56719
12.5,25,127.637616
-2.75,9,127.665126
7.25,17,127.717554
4.75,12,127.753018
-11.75,12,127.787389
0.75,4,127.798631
-6.25,8,127.820669
-2.75,9,127.850568
15.75,32,127.936429
8.0,16,127.980208
5.75,9,128.004323
5.25,13,128.038633
1.25,20,128.093405
6.75,13,128.129125
-0.25,2,128.134633
0.75,1,128.137657
-1.25,3,128.145809
2.75,8,128.167813
4.75,11,128.198021
8.75,20,128.253296
8.0,16,128.298085
7.25,29,128.389275
9.25,21,128.444649
4.25,11,128.472934
-0.75,1,128.47586
-0.25,2,128.48142
-0.25,2,128.486856
1.25,11,128.516516
8.75,20,128.574301
14.5,16,128.616419
-4.25,6,128.632702
-0.75,1,128.635549
2.25,6,128.653895
-0.75,1,128.657041
-1.25,1,128.659859
0.75,1,128.662612
7.25,17,129.069916
0.75,1,129.073803
0.25,3,129.082689
-0.75,1,129.085503
-0.25,2,129.091481
-2.25,7,129.109717
4.25,6,129.125244
0.75,3,129.133328
-0.75,1,129.135954
-0.75,1,129.139448
6.5,13,129.173607
-1.25,3,129.181893
4.25,8,129.203915
-7.25,12,129.236092
-0.75,1,129.239237
2.25,7,129.257442
0.75,1,129.260413
0.75,4,129.271492
-0.25,2,129.277275
-0.75,1,129.280329
3.25,9,129.305963
2.25,7,129.325736
-1.25,3,129.334495
2.75,8,129.356883
1.25,5,129.371053
4.25,7,129.390486
-0.75,1,129.393887
6.25,18,129.445545
0.25,3,129.454583
0.75,1,129.457771
-0.75,1,129.461137
-0.75,1,129.464332
-5.75,9,129.490387
6.75,16,129.540018
1.25,5,129.552923
13.0,14,129.58934
4.75,12,129.62377
-0.75,1,129.627092
6.0,12,129.660106
3.25,9,129.685499
1.75,6,129.702232
0.75,1,129.705491
8.25,11,129.734272
-2.25,4,129.745878
7.25,17,129.79215
0.75,4,129.802955
25.0,26,129.873538
4.75,12,129.907829
2.25,7,129.926906
4.25,11,129.957725
4.25,11,129.987309
13.25,18,130.036199
1.75,6,130.052542
7.0,14,130.093512
-0.25,2,130.098823
-0.25,2,130.105192
1.75,6,130.120584
0.75,1,130.123671
-0.75,1,130.126704
9.75,21,130.18359
0.75,4,130.194918
-4.25,6,130.212361
5.25,13,130.248646
-2.25,4,130.260328
8.5,17,130.306123
2.25,7,130.325835
-3.25,5,130.341323
-0.25,2,130.347853
10.5,14,130.38624
-6.25,8,130.407351
9.75,18,130.782825
-0.25,2,130.788728
1.25,5,130.802038
-4.25,12,130.834751
-0.25,2,130.841095
-0.25,2,130.846919
6.75,12,130.8813
-0.75,1,130.884387
4.25,11,130.916998
-0.25,2,130.923155
5.75,14,130.961433
6.25,15,131.001923
3.25,9,131.026768
2.75,8,131.04856
-13.25,18,131.097805
9.25,19,131.151753
0.75,1,131.154754
0.25,3,131.163768
-0.75,1,131.166811
5.25,13,131.204167
7.25,17,131.253885
0.25,3,131.262424
4.75,12,131.29478
0.25,3,131.302727
0.75,4,131.313751
3.75,16,131.360587
1.25,8,131.38215
0.75,4,131.393408
2.75,8,131.413538
1.25,5,131.427177
-0.25,2,131.432831
1.25,5,131.447114
2.25,7,131.466082
-2.25,4,131.477278
7.25,17,131.521555
-0.75,1,131.524537
-0.75,1,131.527969
7.25,17,131.577763
0.25,3,131.587271
0.75,4,131.60079
-0.75,1,131.604254
-0.25,2,131.611425
2.25,7,131.633005
4.75,7,131.653272
-2.25,7,131.673412
8.75,20,131.729273
-0.75,1,131.732698
2.25,7,131.751484
0.75,1,131.754663
14.75,19,131.806662
0.75,4,131.817472
2.25,7,131.835702
1.25,5,131.850125
8.75,14,131.886502
0.75,4,131.899946
-0.25,2,131.907077
-1.25,3,131.91675
2.25,16,131.961274
0.75,1,131.964203
4.75,12,131.996882
0.25,3,132.005431
8.5,17,132.051417
-1.25,3,132.06033
0.25,3,132.068614
-0.75,1,132.072345
-6.25,8,132.095177
10.25,19,132.149398
-0.75,1,132.15238
10.25,20,132.205812
10.25,19,132.597389
2.75,5,132.611136
0.75,1,132.614229
0.75,1,132.617166
0.25,3,132.626651
2.75,8,132.648913
-0.75,1,132.651553
-0.75,1,132.654687
-0.75,1,132.657889
10.75,15,132.69856
0.75,1,132.701589
-0.25,2,132.707279
2.75,8,132.7287
2.75,8,132.750555
9.5,16,132.793181
12.5,14,132.830246
2.25,7,132.848682
8.25,16,132.891739
-3.25,5,132.906335
-0.75,1,132.909772
-0.25,2,132.916854
6.75,16,132.96031
0.75,4,132.971433
-1.25,3,132.979834
1.75,3,132.987981
4.25,14,133.028693
13.0,14,133.066737
-0.25,2,133.072531
-0.25,2,133.077938
-0.25,2,133.083098
-0.75,1,133.086015
0.75,4,133.096959
0.75,4,133.107753
-0.25,2,133.113576
5.25,10,133.141531
6.75,16,133.186148
-0.25,6,133.202736
-0.25,2,133.208557
0.75,7,133.226328
0.25,3,133.233769
-1.25,3,133.241997
-0.25,2,133.2475
0.75,4,133.258196
0.75,4,133.268669
0.25,3,133.277217
0.75,4,133.28784
2.25,7,133.306895
-0.75,1,133.310159
15.0,18,133.365284
1.75,6,133.382972
4.25,11,133.414632
-0.75,1,133.417648
0.25,3,133.426584
-0.25,2,133.432309
-1.25,3,133.441133
2.25,7,133.459913
0.75,1,133.462858
1.25,5,133.475847
0.25,3,133.484321
-2.75,12,133.517766
0.75,4,133.530599
3.25,6,133.549405
1.75,6,133.566759
5.75,8,133.588582
2.75,5,133.60159
3.25,9,133.626252
13.0,26,133.722889
5.75,8,133.769871
-0.25,2,133.7821
-0.25,2,133.79522
-0.25,2,133.805935
-3.75,4,133.825893
0.25,3,133.836107
-0.25,2,133.845305
-0.75,1,133.851639
2.25,7,133.882622
-0.25,2,133.888781
-0.75,1,133.891793
-0.25,2,133.897376
0.75,4,133.90853
-8.25,10,133.935209
12.25,23,133.999152
0.25,3,134.008578
-0.75,1,134.012147
-1.25,3,134.020998
9.75,12,134.055926
0.25,3,134.064396
3.25,9,134.408806
11.25,25,134.475012
0.25,3,134.483401
-0.25,2,134.489372
2.75,8,134.510978
-0.75,4,134.521764
-0.25,2,134.528312
-0.75,1,134.53206
0.25,3,134.541836
3.75,10,134.569619
-0.25,2,134.576236
4.25,11,134.609255
1.25,8,134.630698
-2.25,4,134.641978
-0.25,2,134.647526
13.25,15,134.690334
0.75,1,134.693848
2.25,7,134.714749
20.5,41,134.832377
0.75,3,134.841215
7.25,14,134.880768
0.75,4,134.892428
7.0,14,134.931227
-4.25,6,134.954993
-0.75,1,134.958469
-0.75,1,134.961589
-0.75,1,134.964474
-0.75,1,134.96746
-0.25,2,134.973346
4.75,12,135.005042
0.75,1,135.00807
1.25,5,135.021884
0.75,1,135.025262
0.75,1,135.028708
0.75,4,135.040214
3.75,10,135.067496
0.75,1,135.070584
-1.25,1,135.073623
1.25,5,135.086366
6.75,16,135.128694
0.25,3,135.137219
7.75,18,135.19892
2.25,7,135.21788
-0.25,2,135.223431
-0.75,1,135.226541
9.25,11,135.256655
8.75,20,135.309047
8.5,17,135.355661
-0.75,1,135.358676
-0.25,2,135.36461
8.25,12,135.398338
6.0,12,135.430929
10.5,14,135.469001
10.75,21,135.527115
11.75,14,135.566022
5.25,13,135.601363
9.25,14,135.639963
2.75,5,135.654096
-0.75,1,135.657478
6.25,15,135.699093
-0.75,1,135.702053
6.75,9,135.725255
-0.75,1,135.728469
6.75,12,135.761565
0.75,1,135.7645
8.0,15,135.807975
8.75,19,136.23016
0.75,1,136.232934
3.25,9,136.259368
-1.75,4,136.27063
1.25,5,136.286061
0.75,4,136.297897
-0.25,2,136.30401
0.75,4,136.315362
-2.25,4,136.32844
-0.75,1,136.331984
0.75,4,136.344463
5.75,14,136.383317
6.25,14,136.423142
2.25,7,136.442159
2.25,7,136.461687
-0.25,2,136.467575
1.25,5,136.482209
-0.25,2,136.488499
-0.25,2,136.494426
1.25,5,136.509547
-1.25,6,136.527517
7.75,10,136.556374
-1.25,3,136.564681
6.75,16,136.607991
0.75,1,136.611119
5.75,12,136.64377
12.0,24,136.71611
-0.25,5,136.732841
0.25,3,136.743316
-0.25,2,136.749805
-2.25,7,136.771054
2.75,8,136.793533
4.75,11,136.828598
0.75,4,136.842455
-0.25,2,136.849481
1.75,6,136.868377
3.25,12,136.904226
0.75,4,136.916672
-0.75,1,136.91997
1.75,6,136.937689
0.75,1,136.941135
0.75,1,136.944487
1.25,5,136.958993
13.75,20,137.019379
0.75,5,137.032856
4.25,11,137.064925
8.75,20,137.134482
1.25,5,137.149411
0.75,1,137.152625
-0.25,2,137.158714
-0.75,1,137.161711
-0.75,1,137.164757
-0.25,5,137.178153
0.75,4,137.189665
0.75,4,137.201194
1.25,5,137.216064
-0.75,1,137.218948
1.75,3,137.228239
-0.25,2,137.233512
0.75,1,137.236233
-0.25,2,137.242334
7.25,17,137.289015
16.0,18,137.342596
20.75,33,137.433662
1.25,5,137.447164
0.75,4,137.458685
3.75,10,137.485349
0.75,4,137.49649
22.75,25,137.572501
0.75,1,137.575583
-0.25,11,137.604439
-0.75,1,137.607752
-0.75,1,137.610729
4.75,12,137.644526
0.75,1,137.647446
1.75,6,137.663951
-0.25,2,137.669442
0.25,3,137.678404
2.25,7,137.703115
-11.25,13,138.066388
-0.25,2,138.072153
-0.25,2,138.077647
6.25,18,138.13045
-0.75,1,138.133828
1.75,6,138.153213
9.25,11,138.183548
-0.75,1,138.186319
10.25,20,138.246226
1.25,5,138.260106
2.25,4,138.271227
7.25,11,138.301649
-0.75,1,138.304912
7.25,17,138.355958
18.0,25,138.423481
-0.75,1,138.426934
-0.75,1,138.4304
2.25,4,138.442829
0.75,4,138.454472
-0.75,1,138.458067
-5.25,7,138.478019
0.25,3,138.485946
-0.75,1,138.489476
2.25,7,138.507611
2.75,5,138.520566
23.0,46,138.64164
3.25,9,138.665931
-0.25,2,138.672014
12.75,28,138.748638
-2.25,11,138.778702
10.75,14,138.817884
3.25,9,138.843361
4.75,12,138.876896
-1.25,3,138.885014
3.75,10,138.912678
3.25,6,138.92797
9.0,18,138.976402
-0.25,2,138.982132
6.25,15,139.021299
5.75,14,139.061481
0.75,1,139.064854
10.25,12,139.100204
0.25,3,139.108411
0.75,4,139.119426
2.25,4,139.130243
9.75,14,139.168607
12.25,24,139.237849
2.75,8,139.262685
5.25,16,139.306046
4.25,11,139.336937
10.25,19,139.390807
0.75,4,139.402117
5.75,14,139.4394
2.75,5,139.452467
-0.25,2,139.45821
0.25,3,139.466353
4.75,12,139.833945
5.25,13,139.874159
5.75,14,139.914299
5.75,12,139.948936
-0.25,2,139.954837
0.25,3,139.96428
2.75,8,139.987126
-0.75,1,139.99067
6.25,12,140.02585
0.75,1,140.029286
12.25,20,140.083314
-0.25,2,140.088876
12.0,14,140.127762
3.75,10,140.1541
7.75,11,140.184653
-0.25,2,140.190567
6.75,16,140.232875
7.25,17,140.277784
0.25,3,140.285453
-0.75,1,140.288386
3.25,9,140.31149
1.5,12,140.344361
-0.75,1,140.347202
-0.25,2,140.352675
0.25,3,140.360617
0.75,4,140.370647
-0.25,2,140.376315
7.0,14,140.415497
2.75,8,140.437782
0.25,3,140.446562
0.75,4,140.457685
-0.75,1,140.460932
3.75,10,140.486837
0.75,1,140.490012
5.25,13,140.524014
1.25,5,140.538154
3.75,10,140.564603
18.75,23,140.628386
-0.75,1,140.631401
13.0,26,140.702177
0.75,4,140.713733
-0.25,2,140.71944
1.75,6,140.736333
-0.25,2,140.74241
2.25,7,140.761262
0.75,4,140.772679
7.5,15,140.812725
-0.75,1,140.815702
12.25,16,140.861601
12.5,25,140.933923
6.25,11,140.965525
-0.75,1,140.968475
0.25,3,140.977149
0.75,4,140.988985
0.75,4,141.001898
0.25,3,141.010901
-2.25,4,141.022591
9.0,18,141.073323
1.75,6,141.09029
4.25,11,141.121372
0.75,4,141.132683
4.75,12,141.166306
4.25,11,141.196876
-3.25,5,141.211985
-0.25,2,141.218357
13.0,14,141.610281
1.75,6,141.628688
7.5,15,141.675974
5.75,14,141.718981
4.75,12,141.751656
0.25,3,141.760991
-3.25,5,141.775581
0.75,4,141.787423
9.25,15,141.829999
14.75,25,141.901702
0.25,3,141.911076
2.25,5,141.926097
4.25,11,141.957231
-4.25,10,141.989562
3.75,10,142.020122
9.75,15,142.063959
3.75,13,142.098176
3.25,9,142.124158
13.0,14,142.16661
0.75,4,142.177896
-0.75,1,142.18087
-0.25,2,142.186286
4.75,12,142.217771
6.75,16,142.261168
-0.25,2,142.2668
13.75,17,142.310673
1.75,6,142.327133
-1.25,3,142.336581
0.75,1,142.339704
8.75,13,142.374491
-3.75,13,142.406816
1.75,6,142.422749
-0.25,2,142.428507
3.25,9,142.453564
3.75,7,142.472467
0.75,1,142.475706
13.25,25,142.5426
-0.75,1,142.545316
-0.25,2,142.550402
12.0,24,142.614236
-0.25,2,142.619784
1.75,6,142.635236
-0.25,2,142.640927
-7.25,9,142.663957
0.25,3,142.672413
7.75,18,142.720007
5.75,14,142.757151
3.75,10,142.782938
-0.25,2,142.788325
1.75,3,142.796443
-0.75,1,142.799452
1.25,5,142.812889
6.25,12,142.843388
6.25,10,142.86887
-6.25,8,142.889615
7.75,18,142.938129
0.75,1,142.941347
0.75,4,142.951723
2.75,8,142.973464
6.75,13,143.00716
0.25,3,143.015431
2.75,8,143.359241
6.25,15,143.402598
10.75,19,143.459346
0.75,4,143.472602
1.75,6,143.490675
5.75,8,143.513975
1.75,6,143.530165
5.25,10,143.562202
-3.25,5,143.576274
1.75,6,143.592463
-7.25,9,143.616932
4.25,11,143.646172
-4.25,12,143.676837
1.25,5,143.690503
0.25,3,143.699124
0.75,4,143.710086
-2.25,4,143.720174
3.25,9,143.743454
4.25,11,143.772601
9.75,19,143.823795
5.75,14,143.862167
6.25,12,143.893678
-0.75,1,143.896708
1.75,6,143.913343
3.25,9,143.936892
12.0,14,143.977533
-0.75,1,143.980719
-1.75,8,144.003704
2.75,5,144.022425
-8.25,10,144.061892
2.25,7,144.083141
10.75,24,144.150457
2.25,7,144.174042
9.75,14,144.212671
0.25,3,144.223326
7.75,12,144.259177
2.25,7,144.278935
8.75,20,144.337621
-0.25,2,144.344088
1.75,3,144.35305
9.5,19,144.407333
-2.25,4,144.4195
0.25,3,144.428463
2.25,7,144.448365
3.75,10,144.477445
13.0,14,144.513774
11.5,19,144.564519
1.75,6,144.580398
-0.75,1,144.583319
0.75,4,144.594719
1.75,6,144.610453
9.25,21,144.66813
6.75,9,144.692204
0.75,4,144.702597
-0.25,2,144.708497
7.75,18,144.756929
0.25,3,144.765891
10.25,12,145.150102
0.75,4,145.161169
7.25,13,145.200577
-0.75,1,145.203692
-0.25,2,145.209918
3.25,9,145.238418
-0.75,1,145.242148
8.75,20,145.302943
1.75,6,145.319933
-2.25,4,145.333366
-6.25,8,145.358686
7.25,11,145.397995
9.25,21,145.454109
-5.25,7,145.472633
-0.75,1,145.475598
10.75,21,145.53397
9.75,17,145.584052
-2.25,4,145.595848
4.75,15,145.639559
-2.25,4,145.651393
2.25,7,145.670662
3.75,8,145.694956
4.25,11,145.726671
10.25,23,145.786219
4.75,12,145.818233
0.75,4,145.829295
10.75,21,145.884669
15.25,20,145.938507
14.75,18,145.984981
4.25,11,146.015665
0.25,3,146.024452
0.75,1,146.027381
13.5,27,146.099913
16.25,22,146.165134
0.25,3,146.175056
3.25,9,146.200885
7.25,17,146.24576
-0.25,2,146.251228
7.75,18,146.298754
9.75,22,146.363748
0.25,3,146.373459
-0.25,2,146.379703
4.75,12,146.415481
8.75,12,146.453134
2.25,7,146.474403
5.75,9,146.499542
-3.25,5,146.514595
1.25,5,146.529201
8.0,19,146.584569
2.25,7,146.604499
-0.75,1,146.973276
-3.25,5,146.988685
-0.25,2,146.994473
-0.25,2,147.000129
9.25,17,147.048645
1.75,18,147.09689
6.75,14,147.132737
2.25,7,147.151968
2.25,7,147.171558
3.25,9,147.195145
6.25,15,147.235145
8.25,19,147.285676
5.75,17,147.334154
1.75,6,147.350695
-2.25,7,147.372796
12.0,13,147.410257
0.25,3,147.418112
-1.25,6,147.434956
-0.75,1,147.438285
3.75,10,147.465883
-0.25,2,147.471436
7.0,14,147.507546
4.75,13,147.543152
-0.75,16,147.585449
-2.75,9,147.610502
-0.75,1,147.613256
0.75,4,147.624081
2.25,6,147.639508
0.75,4,147.64985
3.75,7,147.668252
8.0,16,147.711349
6.25,15,147.751403
4.75,12,147.783129
13.5,17,147.829047
-1.25,1,147.832084
8.25,19,147.881111
10.75,13,147.915596
3.75,10,147.943048
1.75,18,147.992125
4.25,11,148.020982
5.75,11,148.049984
-0.75,10,148.078327
-1.75,11,148.107098
10.25,14,148.142282
15.25,25,148.209069
-0.75,1,148.212123
0.25,3,148.220324
-0.75,1,148.223444
0.25,3,148.231273
4.25,14,148.266795
16.25,21,148.325801
0.75,1,148.328796
-0.25,2,148.334902
0.75,4,148.346185
6.75,16,148.782574
0.25,3,148.791464
-0.75,1,148.794525
2.75,8,148.817375
7.25,16,148.864259
-2.25,4,148.875791
0.25,3,148.884072
10.5,21,148.939581
18.5,37,149.043653
13.5,27,149.115539
0.75,4,149.127157
2.25,4,149.138222
5.25,13,149.17177
10.25,15,149.213548
12.0,24,149.278842
5.75,14,149.316226
-0.75,1,149.319179
-0.25,11,149.357084
-1.25,3,149.365856
3.75,10,149.394122
6.75,9,149.419391
8.25,19,149.473091
-6.25,8,149.494654
0.75,1,149.49773
4.25,7,149.516957
0.25,3,149.526548
4.25,11,149.561217
5.75,9,149.587287
0.25,3,149.59589
-0.75,1,149.599107
-0.25,2,149.604821
-1.25,3,149.613151
4.25,8,149.635461
-0.25,2,149.641207
9.25,13,149.674917
0.75,4,149.684525
6.25,15,149.72724
-3.75,10,149.75504
-0.75,1,149.765982
0.75,4,149.776845
-0.25,2,149.782293
-7.75,14,149.818605
5.25,13,149.855434
4.25,11,149.883098
1.75,6,149.898366
8.75,13,149.931698
6.75,16,149.971887
1.75,6,149.987294
2.75,8,150.008814
-0.75,1,150.01182
5.25,13,150.050513
0.75,1,150.054348
6.25,15,150.098127
0.75,1,150.101076
10.75,24,150.169207
0.75,1,150.172583
-6.25,14,150.562767
1.25,5,150.576359
3.75,10,150.603335
17.25,28,150.677161
-0.75,7,150.695104
23.0,24,150.759593
-0.25,2,150.764964
0.75,1,150.767869
0.25,6,150.784127
0.75,1,150.787326
6.5,13,150.83228
1.25,5,150.845823
8.0,16,150.889721
-2.25,4,150.901675
0.25,3,150.911422
1.25,5,150.92766
8.25,19,150.984057
-4.25,6,151.002218
2.75,8,151.027775
-0.75,1,151.031398
-0.75,1,151.034641
0.25,3,151.04506
2.75,8,151.066543
-0.25,2,151.072362
2.25,16,151.116474
-1.25,3,151.125234
-1.25,3,151.134794
0.25,3,151.144709
-0.75,4,151.157216
8.75,20,151.210813
-2.25,7,151.231257
-0.75,1,151.234269
5.75,12,151.26913
1.25,5,151.284446
1.25,5,151.298557
5.75,14,151.343443
6.75,12,151.376486
2.75,5,151.391186
6.25,15,151.431695
-0.75,1,151.434643
0.25,3,151.443384
1.25,5,151.4572
15.25,26,151.533828
14.25,20,151.590017
11.75,16,151.631281
-2.75,6,151.646722
2.75,8,151.667253
-7.75,14,151.720712
2.75,8,151.740984
-2.25,7,151.758543
23.0,46,151.889417
4.25,8,151.911377
3.75,22,151.975985
16.0,19,152.405172
5.75,11,152.441876
-10.25,12,152.475667
-0.25,2,152.480733
-0.25,2,152.486073
11.25,15,152.527599
2.25,7,152.546956
1.75,6,152.562686
-0.75,1,152.565608
0.25,3,152.57436
0.75,1,152.577809
3.75,16,152.619101
-0.25,2,152.62482
1.75,6,152.640986
1.75,6,152.656149
8.5,17,152.700873
5.75,14,152.736518
2.25,4,152.747261
6.25,11,152.777826
5.75,14,152.81813
-5.75,15,152.863119
1.75,6,152.882805
2.75,8,152.905648
10.25,23,152.979631
4.75,12,153.017139
11.25,28,153.091922
2.75,8,153.113339
-0.75,1,153.11629
10.25,13,153.151233
12.0,24,153.224436
8.5,17,153.269369
7.75,15,153.322262
-0.75,1,153.328185
13.5,27,153.445395
-0.25,2,153.453384
-0.25,2,153.461365
1.25,5,153.482412
6.25,15,153.547621
-0.25,2,153.555139
10.75,24,153.676748
1.25,5,153.705799
0.25,3,153.718713
-0.25,2,153.725875
6.25,15,153.770664
-0.75,1,153.774385
11.25,12,153.816809
-0.75,1,153.820693
0.75,1,153.824517
-3.25,5,153.840378
-6.75,13,153.880466
-1.25,12,153.919709
0.75,1,153.923188
6.75,13,153.961231
12.5,25,154.383345
1.25,5,154.397825
0.25,3,154.405849
9.75,12,154.435509
-0.75,1,154.438619
13.0,14,154.476313
2.25,7,154.493936
-0.75,1,154.496737
-0.75,1,154.499627
-0.25,2,154.505204
3.75,10,154.531699
-0.25,2,154.537487
3.25,9,154.561278
0.75,4,154.573498
2.25,5,154.588626
-6.25,8,154.611331
0.75,19,154.661084
-0.75,1,154.664335
0.75,1,154.667829
0.25,3,154.676697
-0.25,2,154.682605
-3.75,4,154.695694
14.0,28,154.769055
5.75,14,154.81522
-3.75,10,154.841703
0.25,3,154.849476
6.5,13,154.882995
-1.25,6,154.898924
0.25,3,154.907439
12.5,25,154.973293
-1.25,3,154.982706
-0.25,2,154.988744
1.25,5,155.001709
11.5,23,155.065084
2.25,7,155.083876
-0.75,1,155.086815
13.0,14,155.122833
12.0,24,155.185934
-0.25,2,155.191979
28.0,40,155.298689
-1.25,3,155.306822
-1.25,3,155.315201
0.75,4,155.326736
-0.75,1,155.329921
3.25,9,155.354506
-1.25,1,155.357839
10.75,14,155.399383
3.25,9,155.423605
-0.75,1,155.4268
8.25,14,155.464789
-1.25,3,155.47362
4.25,11,155.502434
2.25,14,155.541589
-0.75,1,155.546418
6.75,16,155.590965
-0.75,1,155.594279
2.25,7,155.615001
-0.25,2,155.620992
8.75,20,155.676208
-1.25,3,155.684536
-0.25,2,155.691725
0.75,4,155.702602
9.25,16,155.747663
10.25,20,156.146273
-0.75,1,156.149308
8.0,16,156.190576
0.75,1,156.193495
5.75,8,156.214531
14.5,16,156.257365
0.75,1,156.260427
4.75,12,156.293572
1.75,3,156.301781
1.25,5,156.315584
3.25,9,156.343479
1.25,5,156.359394
15.25,20,156.414551
10.75,13,156.44857
0.75,4,156.459468
-6.25,8,156.47966
10.25,12,156.512118
10.75,12,156.544726
0.25,3,156.552888
0.75,1,156.556019
7.75,10,156.583109
-0.25,2,156.589455
0.25,3,156.597576
4.25,14,156.634152
0.25,3,156.643141
0.75,4,156.65425
-0.75,1,156.657654
1.25,6,156.67497
9.5,16,156.722453
13.0,26,156.792058
0.75,1,156.795209
11.75,14,156.834239
13.25,16,156.878099
4.25,11,156.907927
-1.25,3,156.916297
-2.75,9,156.94157
6.25,11,156.970583
4.75,12,157.001636
-0.75,1,157.004542
2.25,7,157.022311
8.5,14,157.057616
0.75,4,157.067838
7.75,18,157.11612
-0.25,2,157.121794
2.25,7,157.14243
5.75,10,157.168902
0.25,3,157.177197
15.0,17,157.224023
-0.25,2,157.23029
5.75,14,157.270401
5.25,10,157.298222
10.5,21,157.357017
9.0,16,157.404058
8.75,20,157.457481
2.25,7,157.477353
0.75,4,157.488708
5.75,11,157.517953
6.5,13,157.940756
14.75,18,158.037915
-0.25,2,158.046161
0.25,3,158.056957
1.75,6,158.077464
8.5,17,158.124943
4.25,11,158.156993
-0.75,1,158.160078
-0.25,2,158.166262
4.25,11,158.194763
-0.25,2,158.199827
0.25,3,158.208446
9.25,21,158.261793
16.0,19,158.313332
3.75,7,158.335249
2.75,8,158.359065
0.25,3,158.367095
0.75,4,158.378229
16.5,20,158.42952
9.0,18,158.478738
0.25,3,158.486625
-0.25,2,158.492432
2.75,8,158.515096
0.25,4,158.526485
6.25,15,158.56919
3.75,10,158.598607
-0.75,1,158.601644
-0.75,1,158.604951
-0.75,1,158.608684
6.25,15,158.649736
12.25,16,158.69095
7.5,15,158.73468
3.5,13,158.775351
13.0,14,158.813745
2.75,8,158.834737
0.75,4,158.84694
9.25,11,158.878433
4.75,7,158.900156
8.0,16,158.947344
-0.25,2,158.953414
-0.75,1,158.95702
-0.25,2,158.964362
14.5,29,159.054477
4.75,12,159.096621
4.25,14,159.137552
1.25,5,159.151673
-3.75,7,159.17224
0.25,3,159.181909
0.25,6,159.20168
-0.25,2,159.208374
5.75,14,159.25536
2.25,7,159.281749
7.25,17,159.350222
-0.25,2,159.35647
3.25,9,159.389755
9.25,15,159.443928
-0.75,1,159.447503
-0.75,1,159.450592
8.0,16,159.867469
4.25,11,159.9012
10.5,21,159.960487
2.25,13,159.99767
9.25,13,160.037841
-0.75,1,160.041399
18.75,27,160.116723
10.75,13,160.152617
9.0,18,160.203224
8.0,16,160.248566
-2.75,3,160.257535
-0.75,1,160.260988
1.75,15,160.304269
-0.75,1,160.307599
7.25,13,160.351125
-0.25,2,160.357601
7.25,17,160.410174
3.75,10,160.441518
-5.75,15,160.491898
0.75,1,160.495399
4.25,11,160.527089
9.25,21,160.592284
-0.25,2,160.597662
6.75,13,160.633304
-0.25,2,160.639991
0.75,1,160.643419
5.75,14,160.683818
3.75,10,160.713813
8.25,18,160.763468
1.75,6,160.780912
9.25,15,160.826613
9.25,18,160.880221
-0.75,1,160.883106
12.0,14,160.925251
-11.75,12,160.961067
-0.75,1,160.964668
2.75,8,160.989552
3.25,9,161.017474
2.75,7,161.038441
5.25,9,161.064866
0.25,6,161.082084
10.5,21,161.147015
6.25,12,161.183401
-0.75,1,161.18654
-5.25,7,161.206717
0.75,1,161.209914
0.75,4,161.22178
8.5,17,161.275504
3.25,9,161.303442
6.75,16,161.356067
-0.75,1,161.359429
4.75,12,161.785488
0.75,4,161.79864
8.0,16,161.862638
0.75,1,161.866024
0.75,4,161.879672
-0.25,2,161.886822
-5.25,7,161.912925
-0.25,2,161.921834
4.75,12,161.962379
7.25,10,161.991249
2.75,8,162.012677
-1.25,12,162.048054
3.75,10,162.07786
-0.75,1,162.081235
0.75,1,162.084538
-0.75,1,162.087877
5.75,14,162.128483
1.25,5,162.141982
0.75,4,162.152977
1.75,6,162.17031
1.25,5,162.185317
2.75,8,162.210107
-0.25,2,162.21627
6.75,11,162.248286
7.0,14,162.289211
2.25,4,162.300953
-0.75,1,162.304226
29.0,46,162.435884
-0.75,10,162.462135
-0.25,2,162.467742
-1.25,3,162.47693
0.25,3,162.486506
-0.75,1,162.490391
-0.25,2,162.496646
4.75,9,162.525688
0.75,4,162.538099
1.25,5,162.555785
0.75,4,162.567859
0.75,4,162.580677
11.75,22,162.642422
3.25,6,162.658562
2.25,16,162.707949
8.25,16,162.750187
3.25,9,162.775798
-0.25,2,162.781693
-0.25,2,162.787645
7.5,15,162.830404
12.5,25,162.89744
5.25,8,162.919523
-0.75,1,162.923131
7.75,18,162.980554
3.75,6,162.99857
-0.25,2,163.004716
6.5,13,163.043343
5.75,11,163.079582
8.75,20,163.151258
-0.25,2,163.160769
-0.25,2,163.169965
1.75,6,163.205882
-0.25,2,163.217997
10.75,13,163.279133
-0.25,2,163.28994
6.75,16,163.367511
10.25,12,163.405352
-0.25,2,163.411921
6.75,9,163.815654
1.25,5,163.831238
18.5,33,163.920974
9.25,21,163.979344
0.75,1,163.982335
8.0,16,164.023663
3.25,9,164.048759
0.75,23,164.113218
4.75,12,164.149225
12.0,16,164.189399
13.5,27,164.259601
5.25,13,164.293117
10.75,14,164.337194
15.0,18,164.398281
14.25,21,164.453404
0.25,3,164.461967
0.75,1,164.465069
8.75,20,164.521872
0.75,1,164.525345
2.75,8,164.556704
3.75,13,164.604463
5.75,14,164.651679
-0.25,2,164.658747
-1.25,3,164.669118
5.75,17,164.723248
7.5,15,164.766688
7.25,14,164.809629
13.5,27,164.88852
0.75,4,164.900698
5.25,13,164.935569
-7.75,20,164.994116
1.75,6,165.011213
8.75,17,165.058526
-0.25,2,165.064657
-1.25,3,165.073058
1.25,5,165.086913
4.25,11,165.118666
0.25,3,165.129081
9.75,16,165.178944
0.75,4,165.190188
-0.75,1,165.193481
2.25,7,165.213123
0.25,3,165.221729
-0.25,2,165.227386
17.5,23,165.628351
-0.75,16,165.671431
7.0,14,165.708848
3.75,10,165.736455
-2.75,6,165.752501
-2.25,4,165.763602
1.25,5,165.777923
2.75,8,165.798917
4.25,11,165.827001
11.75,15,165.865625
4.75,12,165.897164
-0.75,1,165.900217
-5.25,10,165.928495
0.75,1,165.931518
6.25,12,165.964284
-0.75,1,165.967293
1.25,5,165.981546
2.25,7,166.001575
10.75,13,166.03577
-0.75,1,166.039604
-2.25,4,166.050207
2.75,8,166.072707
3.75,10,166.09984
-0.25,2,166.105362
3.75,13,166.139393
-0.75,1,166.142461
0.25,3,166.151394
-1.25,3,166.16068
-4.75,11,166.190761
-0.25,2,166.196384
0.25,3,166.204088
2.25,7,166.222455
7.25,17,166.266451
-0.25,2,166.272437
4.25,11,166.301881
12.25,16,166.347757
4.75,12,166.378796
5.25,9,166.401639
0.75,4,166.412323
3.25,9,166.436258
7.0,14,166.473732
-0.25,2,166.479404
2.25,7,166.499299
0.25,3,166.507576
1.25,5,166.521139
10.5,12,166.555178
1.75,6,166.570942
4.75,12,166.604413
-0.75,1,166.607786
13.0,14,166.644362
-0.25,2,166.650321
4.25,11,166.683914
-0.25,2,166.690844
5.25,13,166.725625
17.75,24,166.789456
6.25,15,166.831877
7.75,15,166.887773
15.75,20,166.955897
8.25,22,167.016943
6.25,15,167.405103
-0.75,1,167.410837
-0.25,2,167.417359
0.75,4,167.429345
3.75,10,167.459356
0.75,1,167.462702
1.75,6,167.481016
5.25,10,167.508941
6.75,11,167.538714
0.75,1,167.542737
3.25,9,167.570253
-0.25,2,167.577106
2.75,5,167.593253
-0.25,2,167.600098
7.75,18,167.651737
-0.25,2,167.657617
0.75,1,167.66146
9.25,16,167.710842
0.75,1,167.714074
2.25,7,167.733505
8.75,20,167.786834
-0.25,2,167.793369
8.25,16,167.836005
-2.25,4,167.848139
-0.25,2,167.853434
-0.25,2,167.859504
5.25,19,167.910179
0.75,3,167.918227
1.75,6,167.935941
-0.75,1,167.939342
-0.75,1,167.942359
17.5,23,168.005155
8.75,10,168.03352
1.75,6,168.05073
13.75,16,168.096472
6.25,15,168.138448
-0.25,2,168.145113
4.75,12,168.177536
0.25,3,168.185907
2.25,7,168.210112
9.25,11,168.241168
9.75,12,168.27625
1.75,3,168.284747
-1.75,11,168.314977
-0.25,2,168.320364
12.75,15,168.371685
1.75,12,168.403196
-0.75,1,168.406605
0.75,4,168.417169
1.75,6,168.432857
7.75,10,168.461492
12.0,13,168.497239
-0.75,10,168.526069
2.25,7,168.549652
0.25,3,168.561205
6.75,16,168.605769
1.25,5,168.620041
2.25,4,168.631674
10.25,20,168.686461
1.75,6,168.705863
6.5,13,168.743536
-3.25,5,168.757276
9.75,19,168.809013
5.25,16,168.854192
2.75,8,169.215657
14.25,28,169.292092
-0.25,8,169.313404
-1.75,5,169.326648
0.75,1,169.329598
-0.75,10,169.358635
3.75,10,169.388521
0.25,3,169.397771
0.75,4,169.409784
0.25,3,169.4188
2.25,7,169.437436
0.75,4,169.450104
5.75,14,169.49574
2.25,13,169.533757
0.75,4,169.546103
10.75,13,169.588519
8.25,19,169.658023
5.25,13,169.71698
2.25,7,169.745175
0.75,4,169.759293
3.75,10,169.798374
1.75,7,169.825311
-9.75,13,169.869269
2.25,16,169.923522
-6.25,8,169.947844
-1.25,3,169.959632
13.25,21,170.029373
12.5,25,170.130822
11.25,15,170.19864
5.25,13,170.264867
0.75,1,170.270318
-0.25,2,170.278486
-0.25,2,170.28477
8.0,16,170.343687
3.75,10,170.387659
4.75,12,170.437325
-3.75,10,170.483268
-0.25,2,170.496786
0.75,4,170.523153
6.25,15,170.598433
-0.25,2,170.606625
3.25,9,170.646705
0.25,6,170.677967
6.5,13,170.730388
0.75,1,170.735326
0.75,4,170.750347
0.25,3,170.761907
16.75,21,170.832201
-1.25,3,170.841559
-4.25,9,170.870276
0.25,3,170.879665
28.0,40,170.997346
-0.75,1,171.000491
0.25,3,171.010547
8.0,16,171.057079
9.75,12,171.390153
2.25,7,171.408354
5.25,13,171.44318
-0.75,1,171.446313
5.25,13,171.479205
4.25,11,171.50704
12.0,22,171.572596
2.25,7,171.595438
7.75,12,171.633287
0.75,4,171.645127
4.25,11,171.675428
4.75,12,171.705748
0.25,3,171.713239
5.25,13,171.746595
8.75,20,171.796441
-0.25,2,171.80188
4.75,7,171.818755
-0.25,2,171.823815
-0.25,2,171.828829
5.25,13,171.860762
0.75,4,171.870666
2.75,11,171.89724
4.25,11,171.924537
0.75,1,171.927603
0.25,6,171.942558
5.75,14,171.976904
-10.75,14,172.011922
-2.25,4,172.022172
5.25,13,172.0535
1.25,8,172.073801
13.0,26,172.13711
8.75,11,172.164808
-0.25,2,172.169857
0.75,4,172.180073
2.25,7,172.197224
6.75,16,172.240903
1.25,5,172.253791
-0.75,1,172.256468
-0.75,1,172.25929
9.25,21,172.309782
5.75,14,172.347928
-0.25,2,172.353392
0.75,4,172.363308
0.75,1,172.366114
2.25,7,172.38393
12.75,28,172.454674
0.25,3,172.462679
3.75,10,172.488506
3.75,6,172.503571
1.75,6,172.519897
-1.25,3,172.527855
-0.75,1,172.530814
-0.75,1,172.53382
11.25,13,172.567694
0.75,4,172.57893
-0.75,1,172.582024
-0.75,1,172.585222
7.75,12,172.617175
0.25,3,172.6255
7.25,14,172.661616
7.25,17,173.019477
1.75,6,173.035188
5.75,11,173.062788
2.75,8,173.082152
0.75,1,173.084967
0.25,3,173.092909
-0.25,2,173.097646
9.25,15,173.133673
7.25,17,173.17275
-0.75,1,173.17567
4.75,12,173.205521
11.25,25,173.265651
-0.25,2,173.271307
1.75,6,173.286325
1.25,5,173.299102
2.75,9,173.321657
2.25,7,173.342341
9.0,18,173.386303
0.75,1,173.389221
0.75,1,173.39193
0.75,4,173.402349
0.25,3,173.410257
-8.25,10,173.43388
-0.25,2,173.439271
0.75,4,173.449649
3.75,10,173.474444
5.25,13,173.507679
6.75,10,173.532089
0.75,1,173.534695
8.75,11,173.563961
10.25,13,173.599275
2.25,7,173.617127
0.75,4,173.626853
16.0,32,173.705105
10.75,24,173.766374
0.75,4,173.777536
1.75,6,173.793209
10.5,21,173.844451
2.25,12,173.873123
0.25,3,173.881179
0.25,3,173.888803
10.75,20,173.936952
0.25,3,173.944871
7.5,15,173.983406
4.75,12,174.013607
0.75,4,174.024802
0.25,3,174.033592
0.75,4,174.045202
1.75,6,174.061725
1.25,5,174.075198
0.75,1,174.078312
16.0,19,174.125279
6.75,16,174.164299
-0.25,2,174.170117
-1.25,3,174.178415
3.75,10,174.204663
1.25,8,174.226279
1.75,3,174.234182
2.25,7,174.252439
1.25,5,174.266261
0.75,4,174.276503
1.75,6,174.292457
0.75,4,174.30282
7.75,11,174.716842
24.0,27,174.802352
2.25,7,174.822892
10.25,15,174.86489
1.75,6,174.882054
3.75,10,174.912226
0.25,6,174.930222
16.75,20,174.984661
5.25,13,175.019218
1.25,5,175.033334
4.75,12,175.065207
0.25,3,175.073319
5.75,11,175.101787
17.25,28,175.174371
-0.75,1,175.177282
0.75,3,175.184646
4.75,7,175.203769
26.5,37,175.296149
-0.75,1,175.299048
3.25,9,175.322597
17.5,28,175.402838
-0.75,1,175.406897
8.75,20,175.461616
0.75,1,175.465153
3.75,10,175.492198
-0.75,1,175.495284
2.75,8,175.517272
7.25,17,175.561989
16.0,19,175.615181
4.75,12,175.645887
-0.75,1,175.648859
-0.75,1,175.652157
7.25,17,175.703914
5.25,13,175.742633
0.75,1,175.746179
3.75,10,175.773925
0.75,4,175.785211
0.25,3,175.793748
15.75,20,175.847768
4.75,12,175.880232
-0.75,1,175.883234
2.25,7,175.902926
6.25,15,175.945018
5.25,13,175.980396
1.75,6,175.996309
6.25,15,176.034239
0.75,1,176.036962
-0.25,2,176.043121
11.75,23,176.451141
-0.75,1,176.454281
5.75,14,176.492076
-10.25,12,176.523017
3.5,13,176.558709
-3.75,13,176.59514
-0.25,2,176.600667
3.25,9,176.625486
6.75,11,176.653864
3.25,9,176.682226
2.75,5,176.698505
6.75,9,176.727555
7.25,17,176.781087
9.75,14,176.818075
-1.25,3,176.8269
4.75,12,176.860684
0.75,4,176.872597
0.75,4,176.884851
-2.25,4,176.896332
1.25,5,176.911111
0.75,4,176.92212
1.75,6,176.938421
0.25,3,176.948166
5.75,14,176.986265
2.25,7,177.007831
13.5,17,177.054756
-4.75,5,177.067992
12.75,15,177.109478
-0.75,1,177.112635
16.25,21,177.170746
8.0,15,177.210931
-0.25,2,177.216676
1.25,5,177.230658
-0.75,1,177.233704
0.75,4,177.246409
-0.75,1,177.249736
-0.25,2,177.255809
5.25,13,177.291339
-2.25,4,177.302861
1.75,6,177.319122
0.75,1,177.322857
-0.25,2,177.329779
15.25,31,177.416531
2.25,7,177.435416
0.75,1,177.438772
28.0,40,177.55232
6.75,16,177.60017
-1.25,3,177.609127
0.75,4,177.620348
1.25,5,177.634407
2.25,7,177.653342
2.75,8,177.675261
-0.75,1,177.678321
1.75,6,177.696249
4.25,11,177.727819
4.25,11,177.759243
5.25,13,177.794017
0.75,1,177.797014
2.75,8,177.819304
0.75,4,177.830554
-0.75,1,177.833553
2.75,8,177.855534
-0.75,1,177.858538
5.75,13,177.893441
-0.75,1,178.22856
4.75,12,178.261683
-0.25,2,178.267044
15.75,24,178.336765
-0.75,1,178.341348
0.75,4,178.353151
-1.25,3,178.361563
-7.25,9,178.384319
-3.25,5,178.397644
8.25,19,178.449155
0.25,3,178.45729
4.25,11,178.486217
-0.75,1,178.489563
2.75,8,178.511222
12.0,22,178.571878
6.75,16,178.614128
-0.75,1,178.616883
1.25,8,178.643091
-0.75,1,178.646375
0.75,4,178.65817
12.0,24,178.7251
3.75,10,178.752899
0.25,3,178.761237
0.25,6,178.777265
0.25,3,178.785468
0.75,4,178.796656
4.75,12,178.829715
0.25,15,178.869814
2.25,7,178.889735
0.25,3,178.898161
1.75,15,178.938889
0.75,4,178.950557
3.75,10,178.978495
22.25,28,179.055958
6.25,17,179.100649
4.25,11,179.137247
15.25,20,179.196981
-0.25,2,179.20281
-2.75,9,179.229692
3.25,9,179.255147
-0.75,1,179.258588
0.75,1,179.261728
4.25,11,179.293498
-4.75,5,179.307392
25.0,26,179.37947
-0.75,1,179.382462
1.75,6,179.39889
1.75,6,179.417795
2.75,8,179.442396
14.25,29,179.523182
3.25,9,179.547546
0.75,4,179.559563
4.25,11,179.591804
18.25,28,180.014429
-1.25,3,180.022918
-0.25,2,180.028474
8.75,20,180.081476
-3.25,5,180.09476
1.75,6,180.110257
1.25,5,180.123842
-10.25,15,180.164073
-1.25,1,180.166965
-0.25,2,180.17275
8.0,16,180.215963
0.75,4,180.227255
7.25,13,180.262809
14.25,17,180.307843
12.75,15,180.349486
-0.75,1,180.352402
18.5,33,180.450641
12.75,19,180.504357
10.25,14,180.543053
-0.25,2,180.549432
0.75,4,180.562428
3.75,10,180.593835
3.75,16,180.638976
5.25,13,180.675753
4.25,11,180.707635
-3.25,5,180.721998
-0.75,1,180.725472
0.25,3,180.734924
0.75,4,180.747442
9.0,18,180.796352
2.25,10,180.823562
8.25,19,180.878403
3.25,9,180.903247
4.75,12,180.938801
-0.25,2,180.944628
1.75,3,180.953323
-0.75,1,180.956728
5.25,10,180.9854
5.25,13,181.021998
13.0,26,181.094509
4.75,8,181.116459
3.25,9,181.140588
18.75,29,181.218676
8.75,20,181.269986
9.5,19,181.32158
1.75,6,181.338609
9.5,17,181.383652
4.75,12,181.416069
10.0,16,181.809939
-0.25,2,181.815532
-0.25,2,181.821251
-0.25,2,181.827482
-0.75,1,181.830689
-4.25,12,181.864149
8.5,17,181.912065
3.25,9,181.939
0.25,6,181.95692
8.25,22,182.018711
3.25,9,182.044936
7.75,18,182.097364
-1.75,8,182.11929
-0.75,1,182.122569
-0.75,1,182.125867
8.75,12,182.159174
0.25,6,182.177691
23.0,46,182.302373
11.75,15,182.352257
-0.75,1,182.358942
0.75,1,182.364497
1.75,6,182.381134
2.75,8,182.401979
4.75,12,182.432704
10.25,17,182.477206
0.75,1,182.48017
7.25,14,182.515436
3.25,9,182.538129
-8.25,10,182.566255
3.75,13,182.600361
-2.25,4,182.612443
16.25,20,182.667963
-1.25,12,182.703366
-0.75,1,182.707115
8.5,19,182.760559
2.25,7,182.782657
-8.25,10,182.811108
-0.75,1,182.814422
10.5,21,182.875961
9.75,19,182.926529
11.5,23,182.990814
1.25,8,183.01357
4.25,11,183.045146
0.25,3,183.053136
-0.75,7,183.072137
-4.75,15,183.11224
5.75,14,183.149305
-0.25,2,183.155213
24.0,27,183.571388
0.75,4,183.582358
0.75,1,183.585203
-0.25,2,183.59128
14.75,18,183.637471
0.75,4,183.648854
16.0,18,183.702803
9.75,12,183.736786
-0.75,1,183.741874
2.25,7,183.7641
3.75,10,183.792864
1.75,3,183.802016
9.25,21,183.863198
8.5,17,183.910707
0.75,1,183.913691
0.75,4,183.924245
8.25,14,183.964228
13.0,26,184.036187
0.25,3,184.045017
-0.75,1,184.04809
23.0,46,184.170935
0.75,4,184.18242
4.25,11,184.211435
0.75,1,184.214447
0.75,4,184.226458
13.5,27,184.303504
0.25,3,184.312154
0.75,4,184.323221
4.25,11,184.353226
-0.25,2,184.359153
6.25,15,184.400733
-0.75,1,184.403582
-4.25,6,184.420206
0.75,1,184.423577
13.5,27,184.507526
0.75,4,184.519616
1.75,6,184.538088
0.25,3,184.546981
0.75,4,184.563516
3.25,9,184.590322
4.25,11,184.627421
0.25,3,184.637207
3.75,10,184.667952
10.75,15,184.715588
0.75,1,184.719061
-5.25,7,184.741807
-0.75,1,184.745203
2.25,7,184.76604
-0.75,1,184.768979
0.25,3,184.778439
2.75,8,184.799522
1.25,8,184.823747
-0.75,1,184.826984
0.75,4,184.837739
5.25,13,184.872712
8.5,17,184.916701
6.75,13,184.953256
5.25,10,184.985399
-2.25,4,185.00157
0.75,4,185.012284
0.25,3,185.020168
5.75,14,185.423715
1.25,5,185.437496
-0.75,1,185.441041
7.25,15,185.482206
0.25,3,185.491868
-0.75,7,185.512486
2.25,7,185.532552
0.25,3,185.540723
1.25,5,185.555978
8.75,20,185.609254
8.75,20,185.663862
0.75,4,185.674885
0.75,1,185.678015
3.25,9,185.705324
5.75,11,185.734929
-0.25,2,185.740301
0.75,4,185.750865
-0.75,1,185.754175
7.75,13,185.796244
1.75,18,185.848502
-0.75,1,185.852024
0.25,3,185.860912
-1.25,3,185.869713
0.75,4,185.88096
22.0,23,185.944522
9.5,19,185.993965
0.75,4,186.004382
0.25,3,186.014503
9.75,12,186.046005
0.25,3,186.054344
2.25,7,186.071631
-0.25,2,186.077546
9.5,19,186.128324
5.75,14,186.166455
3.75,13,186.201214
1.25,5,186.21666
4.25,11,186.246898
-0.25,2,186.252443
-0.25,2,186.258359
0.25,3,186.266604
2.25,7,186.285657
-5.25,7,186.304535
0.75,13,186.34347
0.75,4,186.354861
-0.75,1,186.35819
-0.75,1,186.361491
0.75,1,186.364539
13.75,25,186.428415
-5.75,13,186.463243
2.25,7,186.482322
-0.25,2,186.48769
-0.75,1,186.490874
8.0,16,186.535883
0.75,4,186.547922
1.25,5,186.562426
7.25,20,186.614206
0.75,4,186.624843
0.75,1,186.627764
0.75,4,186.638066
2.25,7,186.656578
2.25,7,186.674158
-0.75,1,186.676859
12.75,28,186.750898
1.75,3,186.759604
1.25,5,186.773489
-0.75,1,186.776483
-5.25,19,186.825279
0.75,1,187.159277
-17.25,19,187.208492
4.25,11,187.238274
8.75,18,187.284238
7.25,17,187.327876
0.25,3,187.337149
4.25,11,187.367671
-0.75,1,187.370476
1.75,6,187.386737
0.75,4,187.39733
5.25,13,187.431561
-0.75,1,187.434525
4.75,12,187.464582
9.75,19,187.516074
6.25,15,187.559228
3.25,9,187.583754
-0.75,1,187.586531
0.75,4,187.600834
-0.75,1,187.604435
1.25,5,187.61811
0.75,4,187.629411
1.75,6,187.646369
-2.75,6,187.663133
-0.75,1,187.666112
-0.75,1,187.66902
15.75,20,187.720967
11.5,17,187.767129
-0.25,2,187.773171
14.5,29,187.856829
14.25,31,187.967854
4.75,12,188.012252
-0.75,1,188.017236
5.25,13,188.069965
1.75,6,188.090468
4.25,11,188.132689
31.0,34,188.225635
-0.25,2,188.231218
0.25,3,188.239724
8.0,13,188.276804
0.75,4,188.287896
2.75,8,188.309817
8.75,17,188.358796
-0.25,2,188.364418
2.25,7,188.382372
6.25,15,188.421341
1.75,6,188.436908
6.25,15,188.476274
13.0,19,188.52893
5.75,14,188.569015
16.25,21,188.627468
0.75,1,188.630385
5.25,13,189.014099
0.75,4,189.025439
11.75,15,189.06807
1.75,21,189.124114
1.25,5,189.136878
5.75,13,189.17185
4.75,7,189.191247
-0.25,2,189.197715
4.25,7,189.218165
1.25,5,189.23254
28.75,33,189.323548
0.75,1,189.327165
1.75,3,189.336312
1.75,3,189.34587
12.25,17,189.391229
5.75,14,189.429976
13.5,27,189.502972
4.25,11,189.533307
5.75,14,189.575812
-3.25,9,189.600358
8.25,19,189.650619
-2.75,3,189.65881
7.5,15,189.698272
11.25,15,189.739573
6.25,15,189.781041
-0.25,2,189.786811
5.25,16,189.831188
-0.75,1,189.834166
-2.25,11,189.865066
2.75,8,189.886258
8.25,19,189.936697
-0.25,2,189.942837
19.0,20,189.999974
0.75,1,190.003022
0.75,4,190.016136
1.75,18,190.067528
2.25,7,190.086481
-0.75,1,190.089865
2.75,5,190.103781
11.75,14,190.144125
4.25,11,190.1763
3.75,10,190.203899
-0.75,1,190.207438
3.75,10,190.235154
6.0,12,190.269205
5.25,13,190.307253
-0.75,1,190.310729
-1.25,3,190.319176
-0.25,2,190.325762
7.75,18,190.378821
0.75,1,190.381775
14.75,18,190.779405
0.25,3,190.787455
0.75,4,190.798883
2.25,7,190.817578
0.75,1,190.821131
-0.75,1,190.824443
7.5,15,190.863643
3.25,9,190.888798
10.75,14,190.927731
9.25,12,190.959855
7.5,15,191.004667
5.75,8,191.027385
16.25,21,191.085365
-1.25,3,191.093116
7.25,17,191.135786
-0.75,1,191.138808
1.75,6,191.154587
1.25,5,191.167688
13.25,21,191.220981
-4.75,11,191.249501
3.75,10,191.275573
4.25,11,191.308926
1.25,5,191.326751
-0.75,1,191.330872
-0.25,2,191.338439
-2.25,4,191.351965
2.25,7,191.371879
-0.25,2,191.377613
3.25,9,191.402193
0.75,1,191.405418
9.75,15,191.447132
6.0,12,191.479422
-0.25,2,191.484788
11.75,18,191.53433
6.25,15,191.578764
0.25,3,191.588154
-0.25,2,191.594168
0.25,3,191.602723
-0.75,4,191.615071
-4.25,6,191.633339
1.75,6,191.653542
-0.25,5,191.669023
0.75,4,191.682459
1.25,5,191.698756
7.75,18,191.756077
2.25,7,191.778304
-0.75,10,191.808621
8.75,20,191.869269
1.75,6,191.887141
5.75,14,191.929863
9.25,13,191.965815
0.25,3,191.97424
4.25,11,192.003062
-0.25,2,192.008841
10.25,13,192.041899
-2.25,4,192.052888
6.5,13,192.085247
-0.75,1,192.088304
2.25,7,192.106399
35.25,48,192.619465
2.25,7,192.639675
7.25,15,192.682023
9.75,12,192.716293
4.75,12,192.748632
0.75,1,192.751384
-0.25,2,192.757459
0.75,1,192.760603
5.75,14,192.800646
-1.75,8,192.824288
-1.25,3,192.832856
2.75,8,192.854983
2.25,7,192.874745
4.25,11,192.903677
5.25,13,192.94179
5.25,13,192.980069
2.75,14,193.020141
15.25,28,193.095608
4.25,11,193.124599
-0.75,1,193.127496
-2.25,4,193.138763
0.25,3,193.147053
1.75,6,193.163942
13.25,20,193.223288
1.25,5,193.241394
-0.25,2,193.248861
12.5,24,193.321208
0.75,1,193.326174
7.75,11,193.367384
6.75,16,193.41395
11.25,25,193.493344
-0.75,1,193.496733
5.25,13,193.538692
6.0,12,193.579428
-0.75,1,193.582563
0.25,3,193.592497
-0.25,2,193.598729
0.75,4,193.610447
0.75,4,193.623807
5.25,13,193.669133
0.75,1,193.672885
0.75,4,193.686486
-0.75,1,193.690357
9.25,11,193.729359
-0.75,1,193.733646
4.75,12,193.786453
10.25,16,193.882676
1.25,17,193.95294
-0.25,2,193.961518
0.75,3,193.97388
-0.75,1,193.980811
-0.25,2,193.988849
-0.25,2,193.996713
-0.75,1,194.000678
6.75,16,194.067176
13.5,27,194.181968
4.25,11,194.219558
-7.25,12,194.264634
-0.25,2,194.271882
0.25,3,194.282049
3.25,6,194.783236
1.75,6,194.81132
2.75,8,194.850207
11.25,24,194.980078
8.75,14,195.038338
5.75,8,195.063946
1.75,6,195.084678
0.25,3,195.094716
-3.25,5,195.109284
11.25,14,195.147558
0.25,3,195.156255
-0.75,1,195.159419
2.25,7,195.180486
2.75,8,195.206021
-0.25,2,195.218432
0.75,4,195.236774
6.75,13,195.279207
2.25,7,195.298371
4.25,11,195.328412
0.75,1,195.331796
-4.25,6,195.351257
14.75,22,195.416686
10.0,20,195.470248
6.25,15,195.511346
-0.25,2,195.517078
36.25,48,195.647747
0.75,1,195.650762
4.25,7,195.669159
3.25,18,195.71801
0.75,1,195.720872
5.25,8,195.744265
-8.25,10,195.773138
5.75,14,195.808892
3.25,7,195.827522
-0.75,1,195.830748
-4.75,5,195.844409
7.75,18,195.890659
2.25,4,195.90097
0.25,3,195.909005
8.75,20,195.961807
1.75,6,195.977394
-3.25,5,195.991138
-0.25,2,195.997049
18.5,37,196.100019
3.75,10,196.125643
-0.75,7,196.143868
6.25,15,196.18365
2.25,7,196.201821
-0.25,2,196.208051
1.25,5,196.221743
0.75,4,196.233123
1.25,5,196.246516
0.25,3,196.253999
15.25,24,196.316318
5.75,8,196.703726
0.25,3,196.712936
0.25,3,196.720942
6.75,16,196.762735
-0.75,1,196.765353
1.25,5,196.779039
5.25,13,196.81593
4.75,12,196.856503
6.25,15,196.900615
0.75,4,196.912084
-5.25,7,196.932015
0.75,1,196.935172
6.5,13,196.972244
-0.25,2,196.978112
0.75,1,196.981319
0.75,4,196.993272
-0.75,1,196.996584
4.75,12,197.029149
-4.75,8,197.04983
-1.25,3,197.05838
2.25,4,197.069338
1.25,5,197.083455
-0.75,1,197.086375
1.25,5,197.102446
8.75,16,197.1479
1.25,5,197.162438
2.25,4,197.173747
11.5,19,197.224811
-0.25,2,197.230661
0.75,1,197.23366
8.25,19,197.285672
4.75,15,197.327438
-0.75,1,197.330805
-0.25,11,197.364857
13.25,16,197.411286
-0.75,1,197.414581
0.25,3,197.42329
18.0,25,197.489747
10.75,17,197.533156
-13.75,14,197.571795
-0.75,1,197.575273
7.75,18,197.624926
-13.25,15,197.664996
9.75,22,197.725071
2.75,8,197.746729
1.75,3,197.755357
4.75,12,197.788525
0.75,1,197.7918
2.25,4,197.802483
3.75,10,197.829199
-0.75,1,197.83234
4.25,11,197.863978
0.25,3,197.872367
9.25,15,197.912712
2.75,8,197.93465
-1.75,12,197.965536
7.25,17,198.008272
0.75,1,198.011287
1.25,5,198.025392
11.75,24,198.090592
6.25,15,198.469219
-9.75,13,198.508503
6.25,12,198.544712
15.0,19,198.59852
12.5,25,198.66731
-0.75,1,198.670366
4.75,12,198.710348
2.25,7,198.730715
1.25,5,198.744563
1.75,6,198.760505
-0.25,2,198.765823
-0.25,2,198.771249
0.25,3,198.780379
0.25,3,198.789158
13.5,17,198.838091
-2.25,4,198.849624
2.75,8,198.872024
6.75,11,198.902508
0.75,1,198.905622
2.75,8,198.927555
10.75,19,198.980821
0.75,1,198.984555
1.25,5,199.001023
1.25,5,199.016739
-5.75,24,199.090313
1.75,3,199.099416
8.25,19,199.152215
0.75,1,199.156637
1.25,5,199.172995
7.75,10,199.201539
-0.25,2,199.207286
1.25,5,199.221019
1.25,5,199.235272
-0.75,4,199.246601
-0.75,1,199.249547
-0.25,2,199.25544
3.75,10,199.283928
13.0,14,199.321434
0.25,3,199.331722
7.25,12,199.367443
4.25,7,199.38688
-0.75,4,199.398434
1.75,3,199.407522
0.75,4,199.418435
-0.25,2,199.424432
6.75,16,199.468812
9.75,12,199.501235
-0.75,1,199.504412
-0.75,1,199.507752
0.25,3,199.515788
8.5,17,199.563637
-0.25,2,199.569518
24.0,27,199.648016
9.75,14,199.686317
8.75,20,199.753475
6.25,15,199.793018
-0.75,1,199.795983
-0.25,2,199.801437
0.75,1,199.804619
8.0,22,199.86409
0.75,4,199.875944
-0.25,2,199.881556
9.5,17,200.28786
1.75,6,200.305381
-0.75,1,200.308848
-1.75,8,200.333171
15.25,19,200.385664
-0.75,1,200.388859
1.75,6,200.405151
0.75,1,200.408073
-1.75,8,200.429724
8.25,12,200.464185
3.75,10,200.491359
12.0,24,200.564245
2.25,7,200.584678
0.75,4,200.595886
5.75,14,200.635398
-3.75,4,200.646644
0.75,1,200.649618
-0.75,13,200.68835
1.75,6,200.705266
0.25,3,200.713855
3.25,18,200.762615
-0.75,1,200.765634
0.75,4,200.776701
2.25,7,200.796058
1.75,6,200.812634
8.25,16,200.857397
1.75,6,200.873149
10.25,15,200.912804
2.75,8,200.933402
-0.75,1,200.936224
2.25,7,200.95645
11.75,15,200.997155
2.75,8,201.018577
-0.75,1,201.021831
1.25,5,201.035331
-0.25,2,201.041303
8.75,13,201.077562
-7.25,9,201.101273
1.25,14,201.13781
7.0,14,201.174571
-0.75,1,201.177647
-0.25,2,201.183547
6.5,13,201.217727
13.25,16,201.260052
0.25,3,201.267833
-3.25,5,201.281227
2.25,7,201.299521
2.75,8,201.321268
9.75,18,201.374333
0.75,1,201.378247
-0.25,2,201.385662
-4.25,6,201.404012
6.5,13,201.440861
0.75,1,201.443922
5.25,13,201.47899
5.75,14,201.516063
9.5,19,201.569875
1.75,3,201.579704
1.75,6,201.595963
3.25,16,201.63793
2.25,7,201.658093
0.75,4,201.670431
-0.75,1,201.673571
3.75,8,201.695686
0.25,3,201.704961
25.25,37,202.129332
9.0,18,202.176513
2.75,8,202.198328
9.25,11,202.229483
4.25,11,202.260417
0.75,4,202.271755
8.0,16,202.318288
-5.25,7,202.344346
6.25,15,202.391758
-0.25,2,202.398015
11.5,28,202.476874
2.75,8,202.498643
10.75,19,202.553926
1.25,5,202.572616
6.75,16,202.618957
12.75,16,202.664353
2.75,5,202.677537
3.75,10,202.710677
5.25,13,202.746638
4.75,12,202.777349
9.75,12,202.808165
-1.25,1,202.811275
10.25,17,202.858129
3.75,10,202.886178
3.75,13,202.923692
12.25,16,202.964649
6.25,15,203.004782
4.75,12,203.036571
6.25,15,203.079177
0.75,4,203.089936
5.75,14,203.127923
0.75,4,203.13959
13.5,27,203.220394
-0.25,2,203.226478
-0.25,2,203.232529
35.75,47,203.36206
-0.25,2,203.367753
1.25,5,203.382241
-8.25,10,203.408906
-1.25,3,203.417225
-0.25,2,203.423118
4.75,15,203.461695
1.25,8,203.81209
-16.0,19,203.862852
-0.75,1,203.86595
12.0,22,203.924154
5.75,14,203.961463
7.5,12,203.995851
10.75,13,204.029467
5.25,13,204.066095
3.75,16,204.112398
0.75,4,204.124219
-1.25,3,204.133288
2.75,8,204.155779
10.5,24,204.222341
5.25,13,204.258914
-0.25,2,204.264742
1.25,5,204.280217
9.25,21,204.363001
15.75,32,204.451212
-1.75,17,204.496162
0.25,3,204.50465
0.75,4,204.515233
6.75,16,204.560437
1.75,6,204.578571
5.25,13,204.616211
3.25,9,204.640641
-1.75,8,204.663019
-7.75,14,204.707609
2.75,8,204.732571
3.75,10,204.759692
0.25,3,204.767648
5.25,13,204.801921
13.25,17,204.856562
-0.25,2,204.862405
-0.25,2,204.867904
1.75,6,204.884426
-0.25,2,204.890192
-0.75,1,204.893291
14.75,32,204.97675
-3.25,5,204.990687
15.25,19,205.045217
2.75,17,205.093668
0.75,4,205.104716
-1.75,11,205.134952
-0.75,1,205.138224
-6.25,8,205.160269
0.75,4,205.170676
-0.75,1,205.173674
5.25,13,205.206452
0.75,4,205.21724
9.75,17,205.641832
0.25,3,205.65113
7.75,10,205.678179
15.75,21,205.737681
3.25,9,205.761412
1.25,5,205.776326
3.25,9,205.800218
5.25,13,205.833723
0.75,1,205.836659
16.75,25,205.905501
0.75,1,205.908634
-0.25,2,205.914163
0.25,3,205.922436
-1.25,1,205.925467
9.0,18,205.98218
-1.25,3,205.990984
5.25,13,206.029627
0.75,4,206.041302
-0.25,2,206.047213
-0.75,1,206.050097
1.25,5,206.065444
1.25,5,206.080104
3.25,9,206.105504
0.25,3,206.11475
4.25,11,206.144571
-0.75,1,206.147547
7.75,18,206.198465
9.5,19,206.249235
-0.25,2,206.254754
-0.25,2,206.260771
0.25,3,206.269095
7.75,18,206.325223
-0.75,1,206.328704
0.75,4,206.342059
-0.75,1,206.345549
9.25,16,206.386958
-3.75,4,206.39924
0.75,1,206.402133
-6.25,8,206.423448
3.75,10,206.449718
-0.25,2,206.454824
10.75,13,206.48901
2.25,7,206.507774
9.75,22,206.571476
-3.75,13,206.608929
1.25,5,206.622316
-2.25,7,206.643952
2.25,16,206.690651
0.75,3,206.699906
-0.75,1,206.703056
8.75,13,206.739485
0.75,1,206.742803
-0.75,1,206.746011
0.25,3,206.754808
0.75,1,206.758287
0.25,3,206.767137
1.75,6,206.785431
-2.25,4,206.797131
0.25,3,206.805134
-0.25,2,206.81114
2.75,8,206.832084
6.5,13,206.865871
-2.75,6,206.881747
-0.75,1,206.884585
-0.75,1,206.88742
9.25,21,206.945256
0.75,1,206.948114
2.75,8,206.969675
-0.75,1,206.972958
0.25,3,206.981754
-0.25,2,206.987185
8.25,17,207.034914
0.25,3,207.043561
0.25,6,207.059302
3.25,9,207.457325
0.75,1,207.460895
-0.25,2,207.467233
-0.75,1,207.470331
-0.75,1,207.473649
0.25,3,207.482753
10.75,20,207.539591
2.25,7,207.558303
0.25,3,207.566803
0.25,3,207.574665
2.25,7,207.594884
0.75,4,207.606293
-0.25,2,207.61247
1.75,15,207.666579
-0.75,1,207.670218
5.25,13,207.746292
7.25,17,207.800608
2.25,7,207.822803
0.75,4,207.835913
-0.75,1,207.839523
12.75,28,207.923191
10.25,23,207.992079
-0.25,2,207.998328
8.25,19,208.050565
-12.25,14,208.087917
-0.75,1,208.090867
1.75,6,208.106448
8.0,13,208.142269
-0.25,2,208.147784
0.75,1,208.150718
-0.25,2,208.156283
1.75,6,208.172125
-0.25,2,208.178142
0.75,4,208.189658
2.25,7,208.209062
5.75,14,208.246448
1.25,5,208.259937
14.0,16,208.302757
0.75,1,208.305806
6.25,14,208.348744
7.25,11,208.376287
4.25,11,208.407521
1.75,6,208.423155
8.25,19,208.471961
-0.75,1,208.47491
2.75,8,208.495075
4.75,12,208.527948
-0.75,1,208.530911
-2.25,4,208.54199
-0.75,1,208.545024
22.0,23,208.608132
12.0,24,208.671737
-6.75,13,208.707135
5.75,11,208.735008
0.75,1,208.737957
1.75,6,208.752884
7.5,15,208.791594
-0.75,1,208.794309
6.75,16,208.836677
3.25,9,208.860158
4.25,11,208.887275
-1.25,3,208.895689
7.25,17,209.362006
-0.25,2,209.368511
6.75,16,209.4132
8.75,18,209.465222
4.75,12,209.500384
-0.25,2,209.506456
1.75,6,209.523338
-0.25,2,209.52964
8.0,16,209.578527
2.25,7,209.598598
0.75,1,209.601826
0.25,3,209.611019
0.25,3,209.619803
-0.25,2,209.625974
3.25,12,209.661216
0.75,1,209.664783
7.25,17,209.721911
3.75,4,209.734417
10.75,20,209.802101
6.5,13,209.845148
9.25,19,209.905423
-0.25,2,209.912076
1.25,9,209.936382
-0.25,2,209.943782
-0.25,2,209.950646
17.75,28,210.025211
10.75,14,210.06264
4.75,12,210.09572
5.75,14,210.132565
3.75,10,210.159002
-0.25,2,210.16466
4.75,7,210.18353
5.75,11,210.211936
15.0,19,210.260094
18.5,37,210.366745
1.25,5,210.380675
15.0,18,210.431606
-0.75,1,210.434518
2.75,5,210.448921
11.75,14,210.484807
0.75,4,210.496695
0.75,1,210.4997
8.25,16,210.541087
-0.75,1,210.544252
5.75,8,210.566933
0.75,4,210.577538
-1.25,6,210.593359
-0.75,1,210.597847
-0.75,1,210.601385
-0.75,1,210.604868
4.75,7,210.623869
-0.25,2,210.629089
0.75,4,210.640396
16.25,28,210.723213
-0.25,2,210.730254
29.0,46,211.219429
12.25,17,211.267354
0.75,4,211.278876
4.75,12,211.313266
-0.75,1,211.316458
0.75,1,211.319475
-0.75,1,211.322859
0.75,10,211.355901
4.75,15,211.399277
7.75,11,211.429458
-0.75,1,211.432579
0.25,3,211.441147
-0.25,8,211.464239
-10.75,14,211.503502
7.5,15,211.544857
4.25,11,211.57831
-0.75,1,211.582285
-0.25,2,211.588383
9.75,12,211.624422
11.25,25,211.705756
3.25,9,211.732405
5.75,14,211.774772
0.75,1,211.778602
0.75,1,211.782243
-0.75,1,211.785395
5.75,14,211.827686
14.25,31,211.913211
4.75,15,211.953254
29.0,46,212.080845
-0.25,2,212.08641
8.25,12,212.119407
2.25,7,212.138165
21.75,30,212.225224
1.75,6,212.242744
6.75,13,212.280814
4.75,12,212.31257
-0.25,2,212.317895
0.25,22,212.377768
0.25,3,212.385457
0.75,4,212.396399
13.0,14,212.43336
-0.75,1,212.436128
2.25,7,212.45657
0.75,1,212.459857
9.0,18,212.509443
5.75,14,212.548604
2.75,8,212.57213
10.75,14,212.61095
4.75,9,212.637073
14.75,23,213.035079
-4.25,6,213.051192
3.25,9,213.077141
1.75,3,213.085663
2.25,7,213.104232
-0.75,1,213.107566
-2.25,4,213.118944
-0.75,1,213.122096
-1.25,1,213.125217
-1.75,8,213.146467
4.75,12,213.178519
13.5,27,213.250743
0.75,4,213.261343
14.75,19,213.310119
6.5,13,213.34937
1.75,5,213.364637
-0.75,1,213.367859
1.25,5,213.382113
6.75,13,213.416393
-0.75,1,213.419349
0.75,3,213.427134
16.25,21,213.479873
-3.25,5,213.492719
11.25,18,213.537867
-0.25,2,213.543535
0.25,6,213.558728
-0.75,1,213.562868
3.25,9,213.590461
-19.75,23,213.654219
0.75,4,213.666493
-0.75,1,213.669395
16.75,22,213.730291
3.75,10,213.756594
-1.75,8,213.777734
2.25,7,213.797427
0.25,3,213.805468
1.75,3,213.814443
-0.25,2,213.819869
1.25,5,213.833714
6.75,16,213.878048
4.25,11,213.908954
-0.75,7,213.928219
0.75,4,213.938971
3.25,9,213.964279
0.25,3,213.973192
0.25,3,213.981906
0.75,4,213.99377
1.75,6,214.010731
14.75,18,214.060204
-0.75,1,214.063285
0.75,1,214.066197
6.25,15,214.106949
0.75,4,214.120752
-7.25,9,214.149355
29.0,46,214.290071
-0.25,2,214.296495
1.75,6,214.314646
-0.25,2,214.321153
0.75,4,214.334503
10.25,13,214.373621
-0.75,1,214.376729
8.75,17,214.772351
7.75,10,214.801278
10.75,17,214.851088
-0.25,2,214.857258
5.25,13,214.896211
2.75,7,214.916466
4.75,12,214.949822
1.25,5,214.964084
-4.75,8,214.98799
12.75,24,215.055536
-2.75,3,215.063721
2.25,4,215.075427
0.75,4,215.087152
-0.25,2,215.09325
-0.75,1,215.096185
0.75,4,215.106816
6.25,15,215.147306
8.25,13,215.182178
-0.75,1,215.185097
-0.25,2,215.19074
3.75,10,215.218629
-0.75,1,215.222187
5.25,16,215.266092
-0.25,2,215.271795
-0.25,2,215.27771
4.75,15,215.316987
0.25,6,215.333765
-0.75,1,215.336742
-1.25,3,215.346415
6.75,16,215.395836
-0.75,1,215.398859
6.25,15,215.43819
-0.75,1,215.440992
2.25,6,215.456472
0.75,1,215.459396
-0.75,1,215.46228
-0.25,2,215.467706
0.25,3,215.47586
1.75,6,215.492293
6.25,15,215.530671
5.75,14,215.567569
3.25,9,215.59147
0.25,3,215.599524
1.75,6,215.617059
-0.25,2,215.625592
-0.25,2,215.632844
-0.75,1,215.635868
1.25,5,215.650836
6.25,11,215.683404
0.75,1,215.686587
-0.25,2,215.69328
1.75,6,215.710958
0.75,1,215.714266
0.25,3,215.722633
16.25,22,215.785472
-0.75,1,215.788437
0.75,4,215.801511
-0.75,1,215.804955
2.25,7,215.834615
1.75,6,215.862936
7.25,17,215.920624
4.25,11,215.950151
0.75,1,215.953093
0.75,1,215.956643
2.75,8,215.977443
0.25,6,215.994071
6.75,16,216.037249
14.75,19,216.088362
-0.25,2,216.094422
0.25,3,216.103135
-0.75,1,216.106746
3.75,10,216.134208
-0.25,2,216.140458
10.75,14,216.178987
-0.25,2,216.184616
7.25,17,216.232221
0.25,3,216.242536
4.25,11,216.636105
8.5,17,216.684234
12.75,25,216.768729
-5.75,12,216.809006
-0.25,2,216.817689
1.25,17,216.866261
0.75,4,216.877289
-0.25,2,216.883039
-11.25,13,216.9243
-0.75,1,216.927947
9.5,16,216.978377
15.25,24,217.0523
6.75,9,217.07789
5.75,14,217.115676
6.25,14,217.151306
-0.25,2,217.156461
-0.25,2,217.162115
-8.25,10,217.186571
-0.75,1,217.18935
-0.75,1,217.19227
-6.75,10,217.217369
1.25,5,217.230749
19.75,26,217.298976
3.75,10,217.326868
7.25,10,217.355595
-0.25,2,217.365609
16.0,19,217.418478
0.75,1,217.421731
0.75,1,217.425306
-0.75,1,217.428734
6.75,16,217.477056
2.25,7,217.497728
1.75,6,217.514189
-0.25,2,217.519681
4.75,15,217.561448
0.25,3,217.571713
-0.75,1,217.575318
6.75,16,217.621998
-0.25,2,217.629436
-0.75,1,217.632397
3.25,12,217.663112
10.25,12,217.692779
-0.75,1,217.695798
0.75,4,217.707514
6.25,15,217.747066
-1.25,3,217.755136
7.75,17,217.802613
0.75,8,217.825107
-1.25,1,217.828256
1.25,5,217.841314
2.25,7,217.860413
6.25,27,217.931292
20.25,32,218.017379
-0.75,1,218.020223
-4.25,12,218.055985
7.0,14,218.41896
-0.75,1,218.42226
-0.75,1,218.425303
9.25,21,218.48176
1.75,6,218.499665
1.75,3,218.508555
0.75,1,218.511451
0.25,3,218.519197
0.75,4,218.529763
7.75,13,218.563951
-0.75,1,218.56712
1.25,5,218.581061
7.75,18,218.630022
8.25,12,218.662274
-0.25,2,218.667727
0.25,3,218.676068
0.25,3,218.684226
9.75,12,218.717505
-0.25,2,218.723096
2.25,7,218.743675
14.25,18,218.792885
-0.75,1,218.795824
2.25,7,218.815991
-0.75,1,218.818874
-0.75,1,218.822308
-0.75,1,218.825687
0.25,3,218.834753
5.25,16,218.876672
-2.25,4,218.887112
8.5,17,218.931392
-0.25,2,218.936852
-0.75,1,218.940103
3.75,10,218.967757
0.75,4,218.978645
3.25,9,219.003178
0.75,1,219.006559
3.75,13,219.042292
0.25,3,219.049695
-0.75,1,219.052462
6.25,15,219.092214
1.75,6,219.107522
-0.75,1,219.110444
12.0,16,219.151165
2.75,8,219.172124
-0.75,1,219.175334
-0.75,1,219.178451
14.25,17,219.223267
-0.25,2,219.229824
0.75,1,219.233092
8.5,17,219.281221
9.75,12,219.312556
-0.75,1,219.315487
-0.75,1,219.318399
3.75,10,219.346457
-0.25,2,219.352406
1.25,5,219.365712
1.75,6,219.381322
-0.75,1,219.384204
13.0,14,219.420138
13.0,14,219.455287
9.25,14,219.492712
14.75,18,219.540597
6.75,13,219.575125
-1.25,1,219.577988
-0.25,2,219.584271
6.25,20,219.635621
0.75,1,219.63846
-0.75,1,219.641497
0.75,3,219.649357
5.75,20,219.70207
8.75,20,219.755781
-0.25,2,219.761724
-0.75,1,219.765103
-0.75,1,219.768087
-0.75,1,219.771193
10.75,15,220.146406
0.75,4,220.157895
0.75,4,220.169305
9.75,12,220.20155
-0.25,2,220.207648
0.75,1,220.21068
1.75,6,220.227221
7.25,17,220.272276
4.25,11,220.302066
8.25,19,220.355524
1.25,5,220.369551
-0.75,7,220.388773
8.25,12,220.420394
-0.75,1,220.42359
6.25,15,220.473439
-0.75,1,220.476413
7.75,18,220.526597
7.75,18,220.580169
0.75,4,220.593106
-1.75,5,220.607617
2.25,7,220.627887
1.75,6,220.644053
-0.75,1,220.64709
-11.75,15,220.689056
1.75,6,220.705994
3.25,9,220.731423
14.5,29,220.808219
6.75,10,220.83516
-0.75,1,220.838373
-0.75,1,220.842016
0.25,9,220.868866
-0.75,1,220.872326
0.75,1,220.875381
0.25,3,220.883915
7.75,11,220.914246
5.25,13,220.951448
-0.25,2,220.957679
4.25,11,220.988407
21.75,30,221.071428
13.0,14,221.110701
7.25,10,221.138721
0.25,3,221.147404
1.75,6,221.164224
2.75,5,221.178112
-0.75,1,221.181153
0.75,1,221.184085
0.75,4,221.195499
-0.75,1,221.19839
10.75,13,221.232673
10.5,12,221.265412
-0.25,2,221.271552
10.5,21,221.33069
0.75,1,221.333909
1.75,6,221.352469
3.75,8,221.374989
-6.25,11,221.404703
0.25,3,221.413222
0.25,3,221.421614
1.25,5,221.435771
4.75,22,221.493081
5.25,10,221.519782
7.75,10,221.915482
-2.75,9,221.941855
0.25,3,221.95084
-8.25,10,221.980558
6.5,13,222.023197
18.0,25,222.094197
1.75,9,222.118237
3.75,10,222.145164
-0.25,2,222.150776
8.25,17,222.197365
4.75,12,222.231564
4.25,6,222.248247
5.25,13,222.283674
8.75,11,222.313112
0.25,3,222.322451
-0.75,1,222.327856
-0.75,7,222.352803
0.75,1,222.356533
7.75,18,222.40386
-0.25,2,222.409693
18.75,24,222.470527
6.25,15,222.507722
0.25,3,222.515691
-0.75,1,222.518362
9.75,12,222.553062
-2.25,4,222.564962
-0.25,2,222.571297
-0.75,1,222.574957
0.75,4,222.588248
2.25,7,222.60845
-1.25,3,222.617618
3.75,10,222.645427
-0.75,1,222.64835
-0.75,1,222.651304
14.5,16,222.6964
2.75,8,222.7198
0.75,1,222.723317
1.25,5,222.736754
10.25,19,222.791377
0.75,1,222.794752
0.75,3,222.803459
-1.25,3,222.812293
1.75,6,222.82901
0.25,3,222.837211
-3.75,10,222.864553
4.25,11,222.894629
-0.25,2,222.900316
15.25,19,222.951422
1.25,5,222.964529
1.25,5,222.978704
0.75,1,222.981858
6.75,16,223.048229
-0.25,2,223.054107
0.25,3,223.062766
-0.25,2,223.068381
-0.25,2,223.075064
0.75,1,223.078232
2.25,4,223.090754
1.75,6,223.109219
8.0,13,223.142715
-0.25,2,223.147739
0.75,3,223.155716
2.25,7,223.178336
1.25,5,223.193766
3.25,15,223.240118
-0.75,1,223.243257
8.25,19,223.29269
6.75,16,223.335461
-0.75,1,223.338221
-0.75,1,223.341142
13.0,14,223.381412
34.25,46,223.886049
11.5,19,223.934828
6.25,15,223.973825
2.25,7,223.999797
13.25,19,224.061643
-0.75,1,224.064909
1.25,5,224.079252
1.25,5,224.093013
2.25,7,224.113705
-4.25,6,224.132606
3.25,9,224.158663
0.75,4,224.169407
-0.75,1,224.172503
0.25,3,224.181162
17.75,27,224.254408
10.25,13,224.289846
6.75,16,224.338801
1.25,5,224.355188
-0.25,2,224.362612
-0.75,1,224.36629
13.0,14,224.406042
5.75,14,224.443769
-0.25,2,224.449047
-2.25,4,224.460184
-5.25,7,224.479656
11.5,19,224.533759
-1.75,8,224.557199
2.25,4,224.569737
0.75,1,224.573906
-2.25,4,224.585649
7.25,17,224.634415
-0.25,2,224.64031
14.25,17,224.688723
-6.75,13,224.727114
2.25,7,224.746135
-4.25,6,224.763619
7.0,14,224.800024
-0.75,1,224.803055
5.75,9,224.830196
0.75,1,224.833483
-3.25,5,224.849759
0.75,1,224.853167
-0.25,2,224.860003
7.75,14,224.901421
14.0,24,224.968703
13.25,17,225.013357
-0.75,1,225.016256
-1.75,8,225.038808
2.25,7,225.05776
1.75,3,225.065595
0.75,4,225.076384
0.75,4,225.08696
4.75,12,225.119451
11.25,15,225.158927
1.25,5,225.173111
-0.75,1,225.1765
-0.75,1,225.179619
3.75,10,225.206523
4.25,11,225.608581
0.25,3,225.616898
1.25,5,225.631939
0.75,1,225.635014
0.25,9,225.65943
9.25,21,225.718338
2.25,7,225.740757
3.75,10,225.782815
9.5,16,225.838467
10.75,14,225.877663
0.75,1,225.880544
7.25,12,225.914912
-0.25,2,225.92151
-0.75,1,225.925084
12.75,15,225.967346
-0.25,2,225.973751
6.25,15,226.015013
-0.75,1,226.017857
3.25,9,226.04381
3.25,15,226.092626
1.75,6,226.109285
9.75,16,226.153294
8.25,13,226.189977
0.75,1,226.193411
4.75,12,226.227252
-0.75,1,226.230566
9.75,12,226.266118
-0.25,2,226.272324
8.75,13,226.306565
0.75,1,226.309499
-2.25,4,226.319452
6.25,15,226.369296
0.25,3,226.378044
0.75,1,226.381169
2.75,8,226.405381
8.25,19,226.465524
-0.25,2,226.472262
-0.75,1,226.475862
-0.75,1,226.479455
10.25,17,226.525951
-0.25,2,226.531773
7.0,14,226.569502
-0.25,2,226.575069
-0.75,1,226.578068
0.75,1,226.580843
-0.75,1,226.58378
0.75,1,226.587079
0.75,4,226.598198
-2.25,4,226.609294
-0.25,2,226.615098
7.0,14,226.651428
-0.25,2,226.657386
3.25,9,226.680099
0.75,4,226.691131
-1.25,3,226.699383
9.75,18,226.749276
-0.75,1,226.752158
2.25,4,226.763712
5.25,14,226.800304
0.25,3,226.808524
0.25,3,226.816639
-0.75,1,226.819705
-0.75,1,226.822765
-0.75,1,226.825789
15.25,26,226.896493
3.75,13,226.931552
0.75,1,226.93446
-0.75,1,226.937354
4.25,12,226.969858
0.75,1,226.97321
20.25,22,227.035501
0.75,3,227.044357
-0.75,1,227.04727
10.5,12,227.426147
-0.75,1,227.429212
-0.75,1,227.432113
-0.75,1,227.435346
1.75,6,227.451529
5.25,13,227.485581
0.75,4,227.498404
-0.25,2,227.504299
7.25,11,227.533969
13.75,16,227.580049
1.25,5,227.599703
7.25,17,227.648529
1.25,5,227.66233
-0.75,1,227.665411
4.25,11,227.694596
5.75,11,227.723428
-3.25,5,227.736583
-0.75,1,227.739413
-0.75,1,227.74228
-0.75,1,227.745341
-1.25,3,227.75315
1.75,6,227.76968
8.75,20,227.821816
-0.75,1,227.824863
0.25,3,227.833345
-0.75,1,227.836148
0.75,1,227.839304
-1.25,3,227.847919
-0.75,1,227.850692
1.75,6,227.868693
-0.25,2,227.874624
-0.25,2,227.880685
0.75,1,227.883636
-0.75,1,227.886616
11.25,25,227.961487
-0.75,1,227.964589
-0.75,4,227.974742
-0.25,2,227.979909
-0.25,2,227.985312
0.75,4,227.996588
5.75,14,228.03315
-4.25,9,228.057342
-0.75,1,228.060196
-0.75,1,228.063125
3.75,10,228.092223
-0.25,2,228.097454
0.75,1,228.100266
0.25,6,228.116337
12.75,18,228.163413
6.25,15,228.204917
4.75,7,228.224423
0.75,1,228.227712
0.75,4,228.24004
-0.75,1,228.243305
0.75,1,228.246334
1.75,6,228.263186
-0.75,1,228.26625
-0.25,2,228.272113
-0.25,2,228.27837
-0.25,2,228.284243
-0.75,1,228.287184
-0.75,1,228.290198
-0.75,1,228.29321
0.25,3,228.3008
1.25,5,228.313689
0.75,1,228.316469
5.75,14,228.352607
5.75,11,228.383476
0.25,3,228.392259
9.25,17,228.436651
-0.75,1,228.439987
0.25,3,228.448247
1.25,5,228.461618
-0.75,1,228.464469
-0.25,2,228.469853
-0.25,2,228.475213
8.25,19,228.5257
18.0,25,228.593234
-0.25,2,228.598447
0.75,4,228.608403
-0.25,2,228.613506
-0.75,1,228.616047
-0.75,1,228.618793
2.75,8,228.64037
1.25,5,228.65404
-0.25,2,228.660316
0.25,3,228.66842
0.75,1,228.671482
-0.75,1,228.674533
8.25,13,228.709455
4.75,12,228.740621
2.25,7,228.758904
0.75,4,228.769524
2.25,4,228.780639
7.75,17,229.186226
6.75,9,229.212794
-0.25,2,229.219138
9.75,13,229.254524
-0.75,1,229.257735
0.75,1,229.260963
-0.75,1,229.264166
14.5,16,229.307408
1.75,6,229.327743
9.0,18,229.382484
-0.75,1,229.385269
6.25,15,229.426118
-0.75,1,229.429024
-0.75,1,229.431971
2.25,4,229.443201
2.25,7,229.463177
-2.25,4,229.47404
-0.25,2,229.48012
-0.25,2,229.48602
-0.25,2,229.493848
0.75,4,229.505833
1.25,5,229.520216
0.25,3,229.529464
0.75,4,229.541281
-0.25,2,229.546901
10.25,22,229.605644
-0.75,1,229.608602
5.75,8,229.628911
5.25,13,229.661752
10.75,15,229.699578
9.25,21,229.760569
7.5,15,229.801594
-0.25,2,229.807453
0.25,3,229.815251
-0.75,1,229.818152
-0.75,1,229.821484
-0.75,1,229.824667
1.25,5,229.838957
-0.75,1,229.842436
8.25,13,229.875814
0.25,3,229.883458
-1.25,3,229.892187
-0.25,2,229.9012
3.25,9,229.930422
-0.25,2,229.936266
6.75,11,229.965139
1.75,6,229.981637
-0.75,1,229.984388
-1.25,1,229.987286
4.75,12,230.023157
0.75,1,230.028173
0.25,3,230.043353
3.75,10,230.092618
-0.75,1,230.097683
-0.75,1,230.102812
0.75,1,230.108449
-0.75,1,230.113456
0.75,1,230.118299
0.25,3,230.131862
-1.25,3,230.145171
6.75,9,230.182
14.75,19,230.267528
5.25,8,230.292942
-0.25,2,230.298366
3.25,12,230.331133
-0.25,2,230.336985
-0.25,2,230.342967
9.0,18,230.392009
-0.75,1,230.395182
3.75,10,230.422414
-0.25,2,230.428277
-0.75,1,230.431353
0.75,1,230.434317
12.0,14,230.473567
4.75,12,230.514092
1.75,6,230.532523
-0.25,2,230.538836
6.25,15,230.584292
7.25,17,230.639007
6.25,15,230.68966
0.25,3,230.699116
2.75,8,230.725668
1.25,5,230.739106
6.0,12,231.122277
0.25,3,231.130197
0.75,4,231.140274
8.75,12,231.169873
-0.25,8,231.190008
1.75,6,231.205165
-0.75,1,231.207978
8.5,17,231.25229
3.75,10,231.278664
-4.75,15,231.315864
-0.25,2,231.320804
3.75,10,231.351472
13.25,18,231.400472
10.25,12,231.432303
0.75,1,231.435233
-0.25,2,231.441077
-0.75,1,231.444146
-0.25,2,231.450055
19.75,42,231.557781
6.25,15,231.601509
-0.75,1,231.604544
1.75,6,231.622856
3.75,16,231.665221
1.25,5,231.678897
0.25,6,231.695884
3.25,15,231.73666
0.75,4,231.749966
0.25,3,231.758466
1.25,5,231.772421
-2.25,4,231.783741
-0.25,2,231.78936
7.25,12,231.822465
11.5,13,231.857602
0.75,4,231.868993
11.25,13,231.907843
-7.75,23,231.969676
-0.25,2,231.975579
2.25,7,231.994428
-0.75,1,231.997611
0.25,3,232.005974
-4.25,6,232.022499
-0.75,1,232.025823
4.25,11,232.05562
-0.75,1,232.059005
0.75,1,232.062275
-0.25,2,232.068321
7.75,11,232.099189
-0.25,2,232.105209
15.75,20,232.157694
6.75,16,232.202878
3.75,10,232.229775
-3.75,4,232.241507
-0.25,2,232.247728
-0.75,1,232.251015
-0.25,2,232.257121
11.25,15,232.297073
-0.75,1,232.300066
0.75,1,232.30296
12.25,27,232.391375
-2.25,4,232.402132
0.75,1,232.405044
-0.75,1,232.408336
-0.25,2,232.413723
10.75,13,232.450649
-0.75,1,232.453624
0.25,3,232.462978
1.25,5,232.476929
-0.25,2,232.482694
-0.75,1,232.485655
26.75,46,232.972402
8.25,19,233.023666
14.25,19,233.077163
0.25,3,233.085442
2.25,7,233.105772
19.25,31,233.191766
-3.25,5,233.204365
4.25,11,233.232425
3.75,10,233.259822
-1.75,11,233.289701
-0.75,1,233.292796
1.75,6,233.310981
9.5,17,233.36429
1.75,6,233.382929
3.25,9,233.407754
1.75,6,233.424705
6.75,19,233.482689
8.25,16,233.533757
-0.75,1,233.536841
13.25,19,233.596483
0.75,1,233.599615
12.0,22,233.661695
1.75,6,233.682884
-1.25,3,233.691612
-0.75,1,233.694823
-0.75,1,233.697939
3.25,9,233.723574
12.25,20,233.777414
1.25,5,233.791159
0.75,1,233.794338
19.0,20,233.849529
3.25,9,233.875081
-0.25,2,233.881281
-0.25,2,233.887053
-0.25,2,233.893285
-0.25,2,233.898813
-0.25,2,233.904565
2.75,5,233.919593
0.75,4,233.931484
0.75,4,233.943241
4.75,12,233.976018
2.25,7,233.995507
7.25,10,234.022098
0.75,1,234.02515
10.25,16,234.068266
1.25,5,234.082154
0.75,1,234.085233
2.75,5,234.09897
-0.25,2,234.104805
6.5,13,234.141846
0.75,4,234.152315
-0.25,2,234.157961
-1.25,3,234.165745
-0.75,1,234.168685
-0.25,2,234.174452
-0.75,1,234.177278
-0.25,2,234.182703
0.75,4,234.193617
2.75,8,234.213977
5.25,13,234.24826
10.25,13,234.28459
7.75,11,234.314322
-2.75,6,234.331698
10.75,11,234.719367
-0.25,2,234.725348
1.75,4,234.736719
-0.75,1,234.741195
-0.25,2,234.747218
1.75,6,234.763527
3.25,9,234.7881
0.75,1,234.791432
-1.25,3,234.799579
-0.75,1,234.802313
-0.75,1,234.805403
11.75,14,234.843088
10.75,14,234.884237
33.75,45,235.014209
0.75,1,235.017326
0.75,1,235.020369
10.25,12,235.053793
-5.25,13,235.091344
9.75,16,235.134012
-0.25,2,235.140237
5.75,14,235.176902
-0.25,2,235.182738
0.25,3,235.191127
0.75,1,235.194222
5.75,14,235.230491
14.75,18,235.280636
-0.25,2,235.286246
0.75,1,235.289715
-4.25,6,235.306493
0.75,4,235.317737
8.25,13,235.356793
6.75,10,235.382481
-0.75,1,235.385457
7.75,14,235.424278
0.25,3,235.432489
6.25,15,235.470589
1.25,5,235.484409
2.75,8,235.505985
0.25,3,235.514551
1.75,6,235.531872
1.25,5,235.546355
-0.75,1,235.549331
0.75,4,235.561375
-0.25,2,235.567225
-0.75,1,235.570485
-0.25,2,235.577385
0.25,3,235.587055
0.25,3,235.597661
20.25,24,235.662954
7.25,14,235.701233
5.25,13,235.739005
9.25,21,235.797723
14.75,23,235.858948
-0.25,2,235.864764
3.25,9,235.891126
0.75,1,235.89435
-0.25,2,235.900227
4.25,11,235.929477
-0.75,1,235.932417
0.25,9,235.955771
6.25,15,235.998016
10.25,19,236.052735
-4.25,6,236.068785
10.25,12,236.100624
3.25,7,236.119263
14.5,29,236.543432
-0.25,2,236.549002
3.25,12,236.580479
14.75,19,236.631344
5.75,9,236.654954
0.75,1,236.658431
5.25,13,236.692955
-4.25,9,236.71821
6.75,11,236.74714
-0.25,2,236.752183
-1.25,3,236.760373
5.75,14,236.799254
1.25,11,236.829672
5.75,13,236.863747
0.25,3,236.871727
22.25,28,236.945633
-3.75,10,236.971473
-1.25,3,236.979402
2.75,8,237.000959
0.75,4,237.012246
7.75,12,237.044444
-0.75,1,237.047827
-0.75,1,237.051016
18.75,34,237.155694
-0.75,1,237.158797
9.75,22,237.218867
3.75,10,237.245926
6.75,16,237.289921
0.75,4,237.300868
-0.25,2,237.306712
7.75,18,237.362313
8.25,19,237.420954
-0.75,1,237.424526
-0.75,1,237.427938
10.25,14,237.472447
-1.25,6,237.488927
0.75,1,237.491958
0.25,6,237.508386
4.25,11,237.539065
-0.75,1,237.542483
9.75,22,237.601767
10.25,13,237.637725
-1.25,3,237.646334
4.75,12,237.678992
4.25,11,237.710259
4.25,11,237.740147
0.25,3,237.749513
4.25,11,237.77886
4.75,7,237.798162
-0.75,1,237.801053
1.75,6,237.817834
-0.25,12,237.850313
7.75,10,237.875774
0.75,4,237.885889
0.25,3,238.241307
12.5,14,238.281178
2.25,4,238.294312
14.5,29,238.381262
-0.25,2,238.387211
0.75,1,238.390715
2.25,4,238.401326
-3.75,4,238.412313
12.25,23,238.476151
4.75,12,238.50956
3.75,10,238.535999
-0.75,1,238.539419
-0.25,2,238.546289
7.25,13,238.582425
-0.75,1,238.58564
0.25,3,238.595161
-0.25,2,238.601074
0.75,4,238.612481
4.25,11,238.644063
15.75,20,238.698485
0.75,4,238.710671
9.25,21,238.76828
0.75,7,238.78608
-0.75,1,238.789478
-4.25,6,238.805626
0.75,1,238.808599
10.25,12,238.840259
7.5,15,238.884364
9.75,16,238.929451
5.75,11,238.95918
1.25,5,238.973606
8.0,13,239.009203
-0.25,2,239.014913
-0.25,2,239.020555
0.75,1,239.023698
0.75,1,239.027141
8.25,19,239.080938
11.75,13,239.119498
7.25,17,239.165123
0.75,1,239.168097
1.75,3,239.176708
-1.25,12,239.208248
1.5,12,239.238365
-0.25,2,239.243833
-0.75,1,239.247132
-0.75,1,239.249989
10.25,12,239.281065
1.25,5,239.295227
9.75,16,239.340368
-0.75,1,239.343327
0.75,1,239.346286
1.5,12,239.377698
6.25,15,239.419167
-3.75,10,239.44541
2.25,7,239.464689
-0.25,2,239.470389
12.75,17,239.514662
2.25,7,239.533252
-1.25,3,239.541455
3.75,10,239.568242
2.25,7,239.589887
-0.75,1,239.593346
-7.25,13,239.629713
12.5,14,239.979598
-0.25,2,239.984965
0.75,1,239.988175
0.25,3,239.996811
-0.25,2,240.002473
6.25,10,240.028558
0.75,1,240.031357
4.25,17,240.07611
0.25,3,240.084214
-0.75,1,240.086996
1.75,6,240.102137
6.75,16,240.143482
1.25,5,240.15626
-0.75,1,240.159291
4.25,11,240.188739
0.25,3,240.197404
2.25,7,240.215581
3.25,9,240.240341
-0.75,1,240.243804
7.25,12,240.277783
4.75,12,240.312914
12.25,30,240.3989
0.75,1,240.401867
1.25,5,240.415092
5.75,8,240.436374
-0.25,2,240.442619
2.25,5,240.456303
2.75,8,240.477787
0.75,1,240.480714
2.75,8,240.50123
-0.75,1,240.504219
2.25,7,240.522194
1.75,3,240.529856
8.25,22,240.590467
0.25,3,240.599151
-0.75,1,240.601969
-0.25,12,240.632665
-0.75,1,240.635676
9.5,19,240.689578
11.75,16,240.738129
12.75,15,240.782898
-0.75,1,240.785877
-0.25,2,240.792369
6.75,16,240.835554
0.25,3,240.844589
1.75,6,240.863477
0.75,1,240.867078
1.25,5,240.884203
0.75,1,240.88757
-0.75,1,240.891357
0.75,1,240.894753
6.75,12,240.930314
0.25,3,240.939103
-0.75,1,240.942275
-0.75,1,240.945374
7.25,13,240.980699
3.75,10,241.009957
-0.25,2,241.016206
1.75,6,241.033265
1.75,6,241.049956
6.75,13,241.083152
-0.25,2,241.088912
-0.25,2,241.094162
4.25,11,241.121988
0.75,1,241.125247
-0.25,2,241.131047
2.75,8,241.152167
6.0,15,241.190749
0.75,4,241.201595
12.25,16,241.248596
-2.25,4,241.259813
3.25,6,241.275854
0.75,1,241.278681
4.25,11,241.306628
2.25,7,241.325675
0.25,3,241.333816
-1.25,3,241.343722
7.75,15,241.38339
-0.25,2,241.388747
-0.25,2,241.394216
-0.25,2,241.75131
1.25,5,241.765314
2.75,8,241.788263
-0.75,1,241.791811
-0.25,2,241.799118
-0.75,1,241.802319
2.75,8,241.823483
-0.25,2,241.829514
-0.75,1,241.832494
2.75,8,241.854379
0.75,1,241.85767
6.75,16,241.900369
0.75,4,241.911566
8.0,16,241.953137
12.0,16,241.994374
0.75,1,241.997585
11.25,14,242.035067
0.25,3,242.043927
13.75,16,242.087349
7.25,13,242.122473
0.75,4,242.133626
-0.75,1,242.136464
-0.25,2,242.142284
-0.25,2,242.148195
1.25,5,242.162122
-0.75,10,242.187358
7.25,13,242.219914
-9.25,18,242.266785
6.25,15,242.305706
-2.25,4,242.316336
8.0,16,242.364657
0.25,3,242.373338
-0.75,1,242.376203
-0.75,1,242.379148
4.75,11,242.408273
6.25,15,242.448432
5.75,14,242.484992
8.25,19,242.536179
6.5,13,242.572168
1.25,5,242.592939
4.25,11,242.622798
-0.25,2,242.628999
1.75,6,242.64643
5.75,11,242.678896
10.75,23,242.75692
6.25,15,242.799323
7.75,18,242.864213
2.25,7,242.886572
-0.25,2,242.893476
7.0,14,242.939353
-0.75,1,242.943194
1.75,4,242.955437
-0.25,7,242.976171
23.0,24,243.045348
1.75,6,243.062306
-0.75,1,243.066368
-1.25,3,243.077424
4.75,12,243.114142
-1.25,1,243.117426
12.5,25,243.190654
-0.25,2,243.197774
8.75,20,243.654424
12.25,16,243.707981
-0.25,2,243.715263
0.75,4,243.728774
-1.25,3,243.7377
-0.75,1,243.741005
0.25,3,243.750526
-0.25,2,243.756419
5.75,14,243.796248
-0.75,1,243.799419
2.25,6,243.817921
7.25,12,243.852285
0.75,1,243.85521
0.25,3,243.864672
-0.75,1,243.867753
0.75,4,243.880113
-0.75,1,243.88326
-3.25,8,243.905665
3.75,10,243.934327
10.75,13,243.97394
-0.75,1,243.978063
2.25,7,244.000589
3.25,9,244.027996
0.75,1,244.031486
17.5,26,244.108677
-1.25,12,244.145094
2.75,8,244.169242
5.75,13,244.20679
-0.25,2,244.213552
0.75,1,244.216776
11.5,13,244.254518
2.25,7,244.274712
-0.25,2,244.281274
5.75,14,244.329095
0.25,3,244.342015
2.25,4,244.35652
3.25,9,244.385138
6.5,13,244.437509
4.75,8,244.463883
23.0,24,244.539227
2.75,8,244.563296
5.75,14,244.607378
-3.75,4,244.625707
-0.75,1,244.629404
9.5,16,244.688781
-0.75,1,244.692793
-0.75,1,244.69708
3.75,10,244.736521
-2.25,7,244.762076
-0.75,1,244.765599
1.25,5,244.782219
2.25,4,244.795964
1.75,6,244.815344
-0.25,2,244.82161
-0.75,1,244.825117
7.5,15,244.870202
-0.75,1,244.873555
0.75,4,244.885779
4.25,11,244.919017
-1.75,5,244.943404
12.25,18,245.005554
0.75,1,245.009223
-0.75,1,245.012606
10.25,23,245.082282
-3.25,8,245.108554
4.25,11,245.142569
0.75,4,245.155003
1.75,6,245.178664
2.75,8,245.202012
8.75,11,245.234812
-3.25,5,245.250859
3.25,21,245.773992
0.75,1,245.779613
-1.25,3,245.792322
14.25,17,245.843828
5.25,13,245.882748
-0.75,1,245.885742
11.75,16,245.929528
-0.75,1,245.93285
11.25,13,245.97108
-0.75,1,245.974299
12.25,24,246.037572
9.75,17,246.084773
10.75,15,246.128259
-0.25,2,246.133484
2.75,5,246.146795
5.25,13,246.182248
0.75,1,246.185408
-0.25,2,246.191399
-2.25,4,246.203222
-0.75,1,246.20657
-3.75,10,246.235871
9.75,17,246.282157
23.0,24,246.346043
-0.75,1,246.349442
2.25,4,246.36111
0.25,4,246.371673
0.25,3,246.380051
11.25,13,246.415479
0.75,1,246.418723
-0.75,1,246.421773
5.25,13,246.456157
1.75,6,246.47187
0.75,4,246.482612
0.25,3,246.491417
-0.75,1,246.49473
-0.25,2,246.502054
0.75,4,246.516495
-3.25,5,246.539592
3.25,9,246.576174
1.75,6,246.60068
0.75,4,246.615005
1.25,5,246.632116
2.25,7,246.65595
1.25,5,246.675816
-0.75,1,246.679613
-0.75,1,246.683601
0.25,3,246.693975
7.75,18,246.752637
-4.75,8,246.777213
-0.25,2,246.783302
8.0,16,246.834747
0.25,3,246.843993
12.5,25,246.910531
-0.75,1,246.914257
5.75,8,246.935658
1.75,3,246.944889
-0.75,1,246.947862
18.0,25,247.02159
2.75,8,247.042879
-0.25,2,247.048952
0.75,1,247.051924
-0.75,1,247.055182
-1.75,5,247.069841
-0.75,1,247.072939
7.75,18,247.129597
-0.75,1,247.132994
0.75,1,247.13608
34.25,46,247.713678
2.25,7,247.733899
-1.75,8,247.756045
4.25,11,247.78616
7.75,18,247.840909
4.75,12,247.880879
2.25,17,247.940976
9.25,17,247.986657
14.0,25,248.054996
0.25,3,248.06336
3.75,10,248.089178
17.5,23,248.149291
0.75,1,248.152452
0.75,4,248.164372
4.75,10,248.192411
1.75,6,248.209592
0.25,3,248.218237
0.75,1,248.221622
1.75,6,248.239136
7.75,18,248.289363
0.25,3,248.2982
0.75,1,248.301193
4.75,12,248.334806
14.0,16,248.384766
3.75,10,248.412734
5.25,13,248.454145
-0.25,8,248.476696
5.75,12,248.506792
-0.25,2,248.512776
-0.75,1,248.515748
0.25,3,248.524525
-0.25,2,248.530798
1.75,6,248.547357
-0.25,2,248.552924
10.5,21,248.615347
0.75,1,248.618161
-0.25,2,248.623901
0.25,3,248.631793
4.75,12,248.666079
-0.75,1,248.669144
-1.25,3,248.677789
0.25,3,248.686309
12.5,24,248.751975
-1.25,3,248.760654
0.25,3,248.769133
-0.75,1,248.772296
0.25,3,248.780777
1.75,6,248.796908
-0.75,1,248.800064
-0.75,1,248.803005
-0.75,1,248.806283
-0.75,1,248.809302
-0.75,1,248.812605
-0.75,1,248.815547
11.75,21,248.869566
0.75,1,248.872762
1.75,6,248.889139
-0.75,1,248.892177
2.75,8,248.914567
1.25,5,248.928444
0.75,1,248.931358
3.75,13,248.967722
-1.25,6,248.985359
-0.75,1,248.988515
0.75,1,248.991942
3.25,9,249.015961
7.25,13,249.049074
-0.25,2,249.054719
-0.75,1,249.057985
3.25,9,249.083339
-0.75,1,249.08644
1.75,3,249.094747
0.25,3,249.102905
1.25,5,249.116851
0.25,3,249.1258
24.0,27,249.561245
0.75,1,249.564883
5.25,13,249.6052
-0.75,1,249.60874
0.75,1,249.612155
-0.25,2,249.618503
0.75,4,249.630738
3.75,10,249.659817
5.25,13,249.696465
4.75,12,249.728955
-0.75,1,249.731972
15.75,21,249.787019
12.75,15,249.827605
0.75,4,249.838142
-0.75,1,249.840929
0.75,1,249.84428
11.25,14,249.883116
-0.75,1,249.886067
7.5,15,249.926388
0.75,4,249.93678
0.25,3,249.946005
7.5,15,249.986402
-0.75,1,249.989465
0.75,1,249.992527
-0.75,1,249.995469
-0.75,1,249.998387
-0.75,1,250.001368
9.5,16,250.044218
-0.75,1,250.047508
-2.25,4,250.058643
0.75,7,250.078717
12.25,16,250.122535
-0.75,1,250.125884
-0.25,2,250.131731
14.5,16,250.17375
23.5,36,250.266017
0.75,1,250.268655
0.25,6,250.283835
0.25,3,250.292992
0.75,1,250.295785
0.25,3,250.303851
18.0,25,250.37062
-0.75,1,250.373495
0.25,3,250.380991
-0.25,2,250.386269
1.25,3,250.394995
3.25,9,250.418599
6.25,15,250.457673
-0.75,1,250.46057
-0.75,1,250.463248
6.75,16,250.50683
0.75,1,250.509684
5.75,14,250.545613
-0.75,1,250.548779
13.0,26,250.619932
-0.25,2,250.625133
0.75,1,250.628019
0.25,3,250.636222
0.75,4,250.647077
4.75,9,250.670587
2.75,8,250.692154
-1.25,3,250.700811
-0.75,1,250.705286
1.75,6,250.726502
-0.75,1,250.729563
-0.75,1,250.732569
7.75,18,250.782509
1.25,5,250.796726
3.75,10,250.823752
0.75,1,250.826877
0.25,3,250.835058
-0.75,1,250.838311
8.75,16,250.883283
-0.75,4,250.894365
6.75,16,251.277259
3.75,10,251.303454
4.25,11,251.332068
1.75,6,251.348106
8.75,20,251.405128
0.75,3,251.413262
7.75,18,251.461261
0.25,3,251.469967
7.75,12,251.504144
-0.25,2,251.51046
1.25,5,251.523971
8.75,14,251.576176
-0.25,2,251.584562
-0.25,2,251.593
2.25,13,251.636762
0.75,1,251.640647
0.75,4,251.653337
3.25,9,251.684767
13.0,26,251.757735
1.25,5,251.772434
2.75,6,251.789548
5.75,14,251.827956
4.75,21,251.886168
-0.75,1,251.889268
1.25,5,251.903607
4.25,17,251.949287
8.75,14,251.992485
0.25,3,252.00077
-0.25,2,252.00687
-0.25,2,252.013467
0.25,3,252.02156
-0.75,1,252.024935
0.25,3,252.033189
1.75,6,252.049591
-0.25,2,252.055124
0.75,1,252.058363
9.5,16,252.105553
1.75,6,252.123589
-0.25,2,252.130188
5.25,16,252.176425
-0.75,1,252.179549
-0.75,1,252.182615
-0.25,2,252.189393
8.75,12,252.244214
13.25,16,252.304579
0.25,3,252.319971
0.75,1,252.325394
-3.25,5,252.347286
11.75,14,252.414572
-0.75,1,252.419309
-0.75,1,252.4248
20.75,24,252.54384
11.0,22,252.614173
-0.75,1,252.617521
0.75,3,252.62658
5.25,13,252.678277
1.75,6,252.699612
0.25,3,252.710783
-0.25,2,252.717818
1.25,5,252.735971
5.75,14,252.780262
-0.75,1,252.783663
6.75,13,252.821063
10.25,12,252.854657
-0.75,1,252.858191
-3.25,5,252.872301
2.25,7,252.891164
-0.25,2,252.89711
11.75,15,253.278985
12.5,14,253.314331
-0.25,2,253.319997
-2.75,6,253.339335
1.75,6,253.357803
5.25,13,253.393441
0.75,1,253.396452
5.75,8,253.417653
9.75,18,253.463719
9.75,12,253.494833
-0.75,1,253.49775
2.25,7,253.515459
-0.25,2,253.520301
0.75,4,253.531204
7.0,14,253.570196
4.75,12,253.60844
0.25,3,253.616442
0.25,3,253.624659
-0.75,1,253.627844
13.0,19,253.679837
14.0,17,253.730507
14.0,17,253.776538
36.5,48,253.913604
1.25,5,253.928413
4.75,12,253.962229
-0.75,1,253.965188
5.75,14,254.003267
-1.25,3,254.013277
0.75,1,254.016386
5.25,13,254.050883
5.25,13,254.085286
3.75,16,254.132414
6.75,13,254.168378
-5.75,15,254.208584
5.25,13,254.247326
7.75,18,254.301247
11.75,29,254.385634
1.25,5,254.40052
-0.75,1,254.403408
-0.75,1,254.407057
-0.75,1,254.410251
-0.75,1,254.413268
2.75,14,254.450127
-0.75,1,254.453054
-0.75,1,254.456474
1.75,6,254.472333
-2.25,4,254.483212
7.75,18,254.52898
4.25,11,254.558785
2.75,8,254.582489
1.75,6,254.600485
0.75,1,254.603723
-0.25,2,254.610353
2.25,7,254.63145
11.25,24,255.057513
12.0,13,255.092943
-0.75,1,255.095932
10.25,22,255.153702
-0.25,2,255.160178
10.25,13,255.194179
-0.25,2,255.199481
-0.75,1,255.202252
3.25,6,255.218093
6.5,13,255.252338
-0.25,2,255.257759
10.75,21,255.312988
0.25,3,255.320911
9.25,21,255.377836
12.0,20,255.431392
-4.25,6,255.447279
0.75,1,255.450174
-0.75,1,255.453224
24.0,27,255.53823
12.75,16,255.58527
10.25,18,255.634321
5.75,14,255.67398
4.75,12,255.708489
17.5,26,255.783985
-0.75,1,255.787041
2.75,8,255.809942
0.75,4,255.821828
10.75,17,255.870834
0.75,1,255.874253
5.75,14,255.911084
0.75,4,255.921839
-1.75,8,255.943281
0.75,1,255.946713
-0.75,1,255.949998
-0.75,1,255.952828
0.25,3,255.960787
-0.25,2,255.966192
1.25,5,255.978917
1.75,6,255.993929
-0.25,2,255.999614
0.75,1,256.002512
4.75,15,256.04107
6.5,13,256.07575
5.25,13,256.109675
6.75,16,256.14909
5.75,11,256.178355
-0.75,1,256.181515
0.25,3,256.190502
11.25,25,256.255568
7.25,17,256.301106
0.75,1,256.303809
-1.25,3,256.311929
3.25,9,256.337532
16.0,19,256.390451
-0.25,2,256.396192
-0.25,2,256.40179
5.25,16,256.4452
-0.75,1,256.448169
-0.25,2,256.453776
-0.75,1,256.457148
-0.25,2,256.805717
8.25,11,256.840683
0.25,3,256.851645
0.75,1,256.855063
8.75,11,256.886682
-0.75,1,256.890585
4.25,11,256.920952
-0.25,2,256.926921
5.75,14,256.969422
-0.25,2,256.97612
7.75,18,257.02726
0.75,1,257.030283
-0.25,2,257.036217
-1.25,3,257.045184
3.75,10,257.072217
6.75,13,257.106476
1.75,6,257.123384
-3.75,7,257.141282
-1.75,8,257.164833
1.25,5,257.179116
9.75,12,257.212135
1.75,6,257.228396
-9.25,14,257.266268
9.0,18,257.315403
0.75,13,257.351862
24.0,27,257.42487
8.75,11,257.454299
1.25,5,257.467673
-0.25,2,257.473353
6.25,15,257.512579
7.5,17,257.556745
-0.75,1,257.55969
0.75,1,257.562779
2.75,8,257.585192
-0.25,2,257.591651
7.25,17,257.641312
-0.75,1,257.644369
4.75,12,257.676378
2.25,7,257.694775
12.0,24,257.760869
15.5,19,257.815517
-0.75,1,257.818474
1.75,6,257.836067
-0.75,1,257.83945
-3.25,5,257.852626
-2.25,4,257.865809
9.25,21,257.924516
-0.75,4,257.935602
8.25,13,257.975756
1.75,6,257.993981
3.25,9,258.018251
0.25,3,258.027326
9.25,13,258.063781
-2.75,12,258.09519
6.25,12,258.127125
4.75,12,258.161659
3.25,9,258.18771
3.75,10,258.218337
0.25,3,258.226817
-9.25,11,258.574999
9.25,21,258.630828
0.25,3,258.639353
4.75,12,258.670886
1.25,5,258.684755
0.75,4,258.695209
-0.75,1,258.698008
6.75,16,258.747277
-0.75,7,258.767644
0.75,1,258.770549
-0.75,1,258.773997
-1.25,3,258.782468
0.25,3,258.790911
0.75,1,258.79407
-0.25,2,258.799834
-0.25,2,258.805215
-0.25,2,258.811165
-0.75,1,258.815476
-0.25,2,258.820898
0.25,3,258.829718
4.75,12,258.86179
-0.25,2,258.867297
-1.25,3,258.875515
-5.25,10,258.901893
0.25,3,258.910624
9.25,17,258.955909
5.75,14,258.998102
-6.25,8,259.023867
3.75,10,259.05215
0.75,1,259.055925
1.25,5,259.070883
1.25,5,259.086226
2.25,5,259.102743
-0.25,2,259.109995
-0.75,1,259.113454
-0.75,1,259.117063
0.75,1,259.120706
-0.75,7,259.142583
-0.25,2,259.150119
5.25,13,259.190258
1.75,9,259.218616
6.25,15,259.264166
0.75,1,259.267647
8.25,19,259.321208
4.25,14,259.361387
2.25,4,259.373392
-0.25,2,259.379304
12.5,25,259.445665
-0.75,1,259.448636
-0.75,1,259.451397
6.25,14,259.488467
23.0,46,259.612045
3.75,10,259.644355
5.75,14,259.682531
-2.75,6,259.698233
-0.75,1,259.701055
5.25,13,259.73849
14.75,29,259.812226
1.25,5,259.824905
-0.25,2,259.830053
11.75,14,259.86621
0.75,1,259.869014
7.5,15,259.911261
1.75,4,259.922364
5.25,13,259.956786
-0.25,2,259.96232
-0.75,1,259.965207
2.25,7,259.992568
1.25,5,260.006576
0.75,1,260.011376
1.25,5,260.368608
0.25,3,260.377892
3.75,10,260.404595
6.25,15,260.442755
1.75,4,260.452757
5.25,13,260.487518
2.25,7,260.50715
2.25,7,260.52653
13.75,18,260.575494
2.25,4,260.588522
5.25,7,260.619337
-0.25,2,260.63271
-2.25,4,260.658769
9.75,22,260.777893
6.5,13,260.834727
6.5,13,260.871118
3.25,21,260.928742
2.25,7,260.947861
0.75,1,260.950827
4.25,11,260.981892
-0.25,2,260.98766
0.25,3,260.996445
8.75,11,261.028143
3.75,10,261.055712
3.25,9,261.079497
-3.75,10,261.106429
0.25,3,261.115023
4.75,12,261.149227
1.75,3,261.157318
0.25,18,261.204158
-0.75,1,261.207684
0.25,3,261.215764
-0.25,2,261.221139
-0.25,2,261.227046
3.25,9,261.250977
10.5,21,261.30911
-0.75,1,261.312207
8.75,14,261.35083
2.25,7,261.370385
2.75,8,261.392725
13.5,24,261.453444
19.0,24,261.517178
-0.25,2,261.52251
3.75,8,261.543761
2.25,7,261.562211
12.25,16,261.607015
1.75,6,261.62184
-0.75,1,261.624928
-3.25,5,261.639184
11.75,17,261.684705
7.75,18,261.736078
6.75,16,261.781739
-3.75,10,261.808634
4.75,12,261.840492
-1.75,8,261.86397
6.75,16,262.214446
4.75,12,262.245468
1.25,5,262.25874
-2.25,4,262.269934
-0.25,2,262.275553
1.75,12,262.306452
-0.75,1,262.309308
13.75,16,262.35286
-6.25,8,262.373868
0.25,3,262.382194
-1.75,5,262.396775
19.5,30,262.476709
3.25,9,262.500359
0.75,4,262.511222
-1.25,3,262.519103
0.75,1,262.52208
3.75,10,262.549113
-0.25,2,262.555011
1.75,6,262.571154
7.5,15,262.612278
1.25,5,262.625693
0.75,1,262.628689
4.75,12,262.660794
10.25,14,262.698492
7.75,18,262.747314
-0.25,2,262.752799
6.75,10,262.780954
6.0,12,262.815171
16.25,21,262.869685
0.75,13,262.902384
-0.75,1,262.905444
-0.75,1,262.908501
3.75,10,262.934634
10.5,12,262.967202
0.75,1,262.970073
-0.25,2,262.975902
-0.75,1,262.978845
0.75,4,262.989206
1.25,5,263.002135
10.25,14,263.0383
0.75,1,263.041239
0.25,3,263.048909
-3.75,4,263.059329
0.25,3,263.067162
1.25,5,263.079977
0.75,1,263.082795
0.75,4,263.092883
3.25,6,263.108045
-4.75,8,263.128266
-0.25,2,263.133444
3.25,9,263.156342
-0.75,1,263.159545
-0.75,1,263.162533
-3.25,5,263.175868
-0.25,8,263.196527
-0.75,1,263.199503
-0.25,2,263.204942
1.75,6,263.219803
7.75,10,263.247054
0.25,3,263.255126
-3.75,4,263.26529
12.0,13,263.29764
-0.75,1,263.300678
8.5,17,263.344984
6.25,15,263.385659
1.75,6,263.401168
-4.25,6,263.417446
1.25,5,263.430955
-9.25,11,263.460355
6.75,16,263.50334
0.25,6,263.51996
2.75,8,263.54178
3.25,9,263.935305
4.25,11,263.966535
2.75,5,263.980702
4.75,12,264.014266
15.0,19,264.065341
4.75,12,264.097453
-0.75,1,264.100183
6.25,15,264.139283
0.75,7,264.158072
4.75,12,264.191463
16.25,21,264.249312
0.25,12,264.281522
-0.75,1,264.284418
3.25,9,264.309082
-0.75,1,264.312254
-0.75,1,264.315288
14.5,16,264.364095
5.25,8,264.386205
-0.75,4,264.397653
2.25,7,264.417347
1.75,3,264.426327
-1.75,8,264.448625
11.5,13,264.484103
-0.75,1,264.487198
3.25,9,264.512041
8.25,10,264.541073
1.75,6,264.557143
-0.25,2,264.563411
-0.25,2,264.568894
1.25,5,264.582513
6.25,15,264.62064
8.75,13,264.663023
4.75,12,264.706071
5.25,13,264.756636
0.75,1,264.760927
2.75,8,264.784641
13.25,29,264.878944
-0.25,2,264.884997
-0.75,1,264.888765
-0.25,2,264.89578
-1.25,1,264.898752
0.75,13,264.937428
0.75,4,264.948582
5.25,13,264.981392
6.75,16,265.022524
1.25,5,265.03525
3.25,9,265.060662
0.75,1,265.063608
6.75,16,265.103669
6.75,16,265.147583
2.25,7,265.16621
1.75,6,265.183149
4.75,12,265.225285
12.5,25,265.312573
14.75,25,265.395345
5.75,14,265.84491
6.25,12,265.876118
2.75,5,265.889351
-0.75,1,265.892285
9.0,18,265.939336
0.75,1,265.942327
-0.75,1,265.945288
0.75,4,265.95573
-0.25,2,265.961007
7.25,17,266.003057
8.0,16,266.043061
9.75,17,266.089394
8.0,16,266.132115
-0.75,1,266.135015
4.25,11,266.165548
8.25,22,266.224409
8.0,16,266.26615
11.5,18,266.321162
8.75,20,266.375512
0.25,3,266.383461
0.75,1,266.386205
0.25,3,266.394103
11.25,25,266.456804
10.0,19,266.504358
-0.75,1,266.507215
1.25,5,266.51932
2.25,7,266.536288
23.0,26,266.602786
0.25,3,266.610941
-0.25,2,266.616392
-0.75,1,266.619516
-0.75,1,266.622367
3.25,6,266.638415
-0.75,1,266.641381
-3.75,7,266.660175
3.75,10,266.688157
1.25,5,266.701114
7.25,17,266.743265
1.25,5,266.755784
6.25,15,266.793642
-0.75,1,266.796577
0.75,1,266.799285
-0.25,2,266.804376
-0.25,2,266.809665
-0.75,1,266.812543
-0.75,1,266.815367
0.75,1,266.818222
-0.75,1,266.821095
-0.25,2,266.826401
13.5,19,266.871968
1.25,18,266.916226
-0.25,2,266.921365
-0.25,2,266.926668
0.25,3,266.934534
9.0,18,266.98082
0.25,18,267.023275
11.75,15,267.059174
0.75,1,267.062091
-0.75,1,267.064751
0.75,4,267.075005
18.5,37,267.488693
-0.25,2,267.494311
0.75,1,267.497207
11.0,22,267.555758
-0.25,2,267.561113
-0.75,1,267.563981
5.75,13,267.598056
-1.25,3,267.605686
15.25,36,267.695328
0.75,1,267.698193
2.75,8,267.71964
1.75,11,267.747889
2.75,8,267.769495
-0.75,1,267.772534
8.5,17,267.816397
0.75,4,267.827189
0.75,4,267.838137
5.75,14,267.873594
0.25,3,267.881889
17.5,28,267.955725
-0.25,2,267.961213
6.25,12,267.991941
16.75,23,268.050815
12.25,15,268.090669
-0.25,2,268.096104
-0.75,1,268.09895
11.75,14,268.133675
0.75,1,268.136352
0.75,4,268.146944
1.25,5,268.158774
-0.25,2,268.164022
0.25,9,268.185324
22.25,36,268.268962
9.75,19,268.313881
1.25,5,268.328749
-0.25,17,268.371827
4.25,11,268.399496
0.75,1,268.402233
12.0,24,268.461492
0.75,1,268.464283
1.75,4,268.474609
1.75,6,268.490458
2.25,7,268.508593
-0.25,2,268.514043
-0.25,2,268.519298
5.25,19,268.565639
0.25,3,268.573642
7.25,17,268.617226
17.75,29,268.692062
1.25,5,268.704698
-0.25,2,268.71027
-0.75,7,268.728983
18.5,33,269.127182
-9.25,11,269.154524
1.75,6,269.168872
-3.25,5,269.180423
-0.75,1,269.183018
0.75,4,269.193115
-2.25,4,269.203379
3.75,10,269.22734
5.75,14,269.261759
6.5,13,269.293801
10.75,13,269.327075
8.75,16,269.370358
2.25,4,269.381523
-0.25,2,269.38687
11.25,15,269.425844
-1.25,3,269.433704
-0.75,1,269.436589
0.75,1,269.439505
10.25,23,269.505908
9.75,22,269.567752
-0.75,1,269.570954
0.75,4,269.581654
8.75,12,269.612249
-0.75,1,269.615064
12.0,20,269.67126
-0.25,2,269.676833
5.25,10,269.702674
12.25,22,269.757911
0.75,1,269.760859
3.75,8,269.781085
0.25,3,269.789153
2.25,7,269.807124
-0.75,1,269.80978
8.0,16,269.848928
6.25,10,269.873209
9.5,16,269.913172
9.5,19,269.961321
-0.25,2,269.967347
7.75,14,270.006742
-0.25,2,270.012787
17.25,37,270.12998
-11.25,13,270.168327
0.75,1,270.171603
11.75,15,270.216009
0.75,1,270.219268
1.25,5,270.234098
2.75,8,270.258903
-0.75,1,270.262386
0.75,4,270.274483
-0.25,2,270.280617
-3.25,5,270.295151
4.25,11,270.32718
10.5,12,270.370387
0.75,4,270.380901
0.75,1,270.383604
-0.75,1,270.386561
-3.25,8,270.40914
-0.75,1,270.412324
3.75,10,270.437707
1.75,6,270.45207
1.25,5,270.464442
1.75,6,270.479014
0.75,4,270.794638
6.75,12,270.824575
5.75,14,270.857639
5.25,13,270.89371
2.75,14,270.936383
3.25,9,270.965881
8.25,19,271.016336
-0.25,2,271.022148
11.5,28,271.094422
2.25,7,271.113343
2.75,8,271.134281
4.25,11,271.162763
7.25,12,271.191042
8.25,19,271.236263
13.0,14,271.269246
1.75,6,271.283079
0.75,4,271.292829
1.25,5,271.30566
-0.25,2,271.31116
0.25,3,271.3192
1.25,5,271.33226
5.75,9,271.35629
-9.75,10,271.381808
8.25,19,271.427817
0.25,3,271.435098
-0.25,2,271.440405
-0.75,1,271.442987
0.75,7,271.46042
-14.25,16,271.498441
4.75,12,271.526423
-0.25,2,271.531305
0.75,4,271.541309
-4.25,6,271.556507
2.25,13,271.594337
14.25,30,271.672923
1.25,5,271.685932
1.75,6,271.700759
20.75,32,271.778656
1.75,6,271.792982
8.25,19,271.838377
5.25,13,271.870097
14.0,24,271.925225
1.75,6,271.938958
7.0,14,271.973059
10.5,21,272.024571
14.25,20,272.072932
-0.75,1,272.075653
2.75,6,272.381576
0.75,1,272.38438
12.25,26,272.448662
7.5,15,272.485908
0.75,1,272.488443
-0.25,2,272.49346
-0.25,2,272.502714
13.25,19,272.548388
-0.25,2,272.553349
12.25,16,272.593097
5.25,13,272.626066
-4.25,6,272.64005
0.25,3,272.647952
-0.75,1,272.650941
0.75,1,272.65376
-10.75,14,272.688582
5.25,13,272.721843
3.75,10,272.745426
16.0,18,272.78633
1.25,5,272.797831
-0.25,2,272.802733
-0.75,1,272.80539
0.75,13,272.837883
-1.75,5,272.850338
8.25,19,272.90088
-1.25,1,272.903676
-11.25,13,272.940018
6.25,15,272.98272
-1.25,22,273.039582
12.25,20,273.088498
-0.75,1,273.091081
9.0,18,273.135581
10.0,19,273.18044
14.25,19,273.225785
16.0,32,273.301459
2.25,7,273.319531
-0.25,5,273.332869
-0.75,1,273.33586
-0.75,1,273.338847
-0.75,1,273.341689
5.75,14,273.384603
4.75,12,273.414738
0.75,1,273.417699
4.75,12,273.44825
-2.25,4,273.459044
-1.75,5,273.471871
0.75,1,273.47471
14.5,29,273.549408
-1.25,3,273.557192
-4.25,6,273.572464
0.75,4,273.582979
5.25,13,273.624393
4.25,11,273.653166
-11.0,14,274.02878
3.25,9,274.050018
5.75,14,274.086302
3.25,9,274.110874
14.25,24,274.172904
-0.25,2,274.178106
5.75,8,274.197948
-0.75,1,274.200754
16.0,19,274.247995
9.75,12,274.278984
0.75,1,274.281831
0.25,3,274.28951
6.0,12,274.319275
9.5,19,274.368417
-0.25,5,274.380654
1.75,6,274.395581
-0.75,1,274.398297
-0.25,2,274.403168
5.75,11,274.428957
5.75,14,274.462404
2.25,7,274.47952
0.75,4,274.4888
1.25,5,274.50194
-0.75,1,274.504828
1.75,6,274.520521
1.25,5,274.5332
5.25,8,274.551238
-0.25,2,274.556299
3.75,10,274.580536
3.25,9,274.603865
2.25,19,274.656523
2.75,8,274.678515
0.75,4,274.688716
-2.25,7,274.706077
-0.25,11,274.735714
2.25,4,274.74815
15.0,17,274.7925
-0.25,2,274.798146
1.25,5,274.811495
0.25,3,274.819834
14.5,29,274.894722
-0.25,2,274.899934
7.25,17,274.942111
31.0,34,275.028298
13.0,15,275.06561
5.75,11,275.091831
7.25,17,275.133513
-0.75,1,275.136254
8.5,14,275.170139
10.25,14,275.203527
1.25,5,275.215495
6.25,15,275.250792
-0.25,2,275.255969
-0.25,2,275.261251
-0.25,2,275.266014
9.5,19,275.311466
13.25,20,275.667927
5.75,11,275.696361
10.75,24,275.758271
-0.75,1,275.761161
11.5,23,275.819447
-0.25,2,275.825302
15.0,17,275.869544
8.75,13,275.902376
1.75,6,275.91702
3.5,13,275.949522
4.75,12,275.978562
-0.75,1,275.981605
-0.25,2,275.986914
-0.25,5,275.999112
7.0,14,276.03325
0.25,3,276.040444
-0.25,2,276.045632
2.75,8,276.065864
1.75,6,276.08136
1.5,12,276.109982
-0.25,2,276.114972
-0.75,1,276.117643
10.0,16,276.157278
-6.25,8,276.176696
5.75,14,276.209615
-0.75,1,276.212168
-0.25,2,276.217398
-2.25,7,276.234204
2.25,7,276.251425
1.25,5,276.263331
3.25,9,276.285474
-3.25,5,276.297056
-0.25,2,276.302508
-2.25,7,276.319837
4.25,10,276.346699
14.0,16,276.387801
9.25,21,276.438642
6.75,16,276.476863
4.25,11,276.504125
6.75,13,276.537354
5.25,13,276.569399
9.75,17,276.61225
9.0,18,276.657969
4.25,11,276.68652
-0.75,1,276.689488
0.75,4,276.69934
0.75,4,276.71058
-0.75,1,276.713542
-0.75,1,276.716459
0.25,3,276.724442
-0.75,4,276.734973
3.25,9,276.762151
1.25,5,276.775198
18.75,27,276.842472
0.75,1,276.845217
-0.75,1,276.848274
7.25,17,276.891475
6.75,16,277.25121
0.25,3,277.259216
3.25,6,277.274778
3.25,15,277.313493
11.25,24,277.379716
-6.75,16,277.420838
0.75,1,277.42368
0.75,1,277.42667
0.75,1,277.429635
3.5,16,277.471147
1.25,5,277.484265
2.25,19,277.531161
0.75,1,277.53399
13.0,19,277.579395
0.75,4,277.590719
10.75,24,277.649819
-7.25,24,277.707992
6.75,16,277.751265
-2.25,4,277.762236
5.75,14,277.797379
0.25,3,277.804681
11.5,23,277.861163
0.25,3,277.868795
8.5,17,277.911053
26.5,37,277.999285
9.75,22,278.052573
4.25,14,278.086862
0.75,4,278.097113
0.75,13,278.129352
-2.25,4,278.13896
2.25,7,278.15632
5.25,13,278.186857
0.75,4,278.19634
2.75,5,278.208016
16.0,18,278.249708
-0.75,1,278.252339
-1.25,3,278.259135
-0.25,2,278.26384
-1.25,3,278.270919
0.25,3,278.277973
-1.25,3,278.284899
0.25,3,278.292554
7.75,18,278.339396
-0.25,2,278.344906
10.25,23,278.403023
0.25,3,278.410868
5.75,14,278.445087
5.25,13,278.475837
14.5,29,278.859092
10.75,24,278.921307
6.25,15,278.959729
-0.25,2,278.965372
1.75,6,278.980907
10.25,17,279.025571
-2.25,10,279.051513
-0.25,2,279.057107
7.25,15,279.093539
0.75,1,279.096426
-0.25,2,279.102002
8.75,20,279.153826
0.75,4,279.164476
0.75,1,279.167388
1.25,5,279.179796
-3.75,4,279.189148
-0.25,2,279.193941
0.75,1,279.196539
0.75,1,279.199361
22.0,30,279.273457
5.25,13,279.303437
14.5,16,279.345357
-7.75,23,279.401132
0.75,1,279.404123
9.75,22,279.456372
7.5,15,279.491145
3.75,10,279.51458
3.25,9,279.535126
2.25,7,279.551941
-0.25,7,279.569753
4.75,12,279.600585
1.75,6,279.616058
0.75,1,279.618952
-0.75,1,279.621842
0.25,3,279.629376
7.75,18,279.671917
-2.25,7,279.6895
5.75,8,279.710358
9.0,18,279.758162
-6.25,8,279.778611
6.25,15,279.817299
13.5,17,279.860102
5.25,13,279.892818
7.75,12,279.922932
-0.75,1,279.925925
7.25,17,279.966344
4.25,14,279.998881
-0.75,1,280.00145
-0.75,1,280.005076
0.25,3,280.013012
1.75,6,280.028501
-0.75,1,280.031359
4.75,12,280.062398
-1.25,3,280.07005
-0.25,2,280.075002
12.25,19,280.439565
2.75,8,280.46154
8.25,13,280.494898
6.25,12,280.526409
8.25,19,280.575049
-2.25,4,280.586623
7.75,15,280.628545
-0.25,2,280.634204
0.75,1,280.637304
3.25,9,280.659878
-0.25,2,280.665505
5.25,13,280.699553
-0.25,2,280.705072
3.25,9,280.730245
13.75,33,280.8158
14.25,31,280.894678
9.5,19,280.941656
-0.25,2,280.947407
7.0,14,280.981887
-3.25,5,280.993929
23.0,26,281.055904
0.75,1,281.058487
1.25,5,281.071303
6.25,14,281.104519
1.75,6,281.118684
-0.25,2,281.123968
5.25,10,281.147844
-5.25,7,281.163734
-0.25,2,281.169264
-1.75,5,281.182857
-4.25,9,281.203767
19.0,24,281.259707
16.75,22,281.311814
-0.75,1,281.314617
6.25,15,281.355747
0.25,3,281.363895
-0.75,1,281.366601
0.25,3,281.374021
-0.75,1,281.376869
0.75,1,281.379683
4.25,11,281.406067
-0.75,1,281.408835
0.75,1,281.411609
1.25,8,281.43184
-0.75,1,281.434476
1.25,17,281.475841
-0.25,2,281.481308
11.25,14,281.515158
9.25,18,281.558604
14.0,28,281.63051
1.25,5,281.643351
-0.75,1,281.646245
-0.75,1,281.649101
4.75,12,281.678857
10.75,24,282.137378
7.5,15,282.176156
-0.75,1,282.179815
16.5,21,282.234071
3.75,10,282.259878
4.75,12,282.290207
0.75,1,282.293376
-0.75,1,282.296412
8.75,15,282.334644
3.75,13,282.376442
1.75,6,282.39197
8.0,16,282.433179
12.25,27,282.498749
9.0,18,282.543933
-0.25,3,282.551363
5.25,13,282.585178
3.25,9,282.610427
3.75,10,282.634855
6.75,16,282.673873
-0.75,1,282.676885
3.75,10,282.701689
4.75,12,282.731967
-0.75,1,282.734771
6.0,12,282.765542
10.25,15,282.801708
17.75,21,282.853595
8.75,19,282.899469
-0.25,2,282.904538
1.75,6,282.919123
1.25,5,282.931345
-0.25,2,282.936658
12.75,25,282.996658
-0.75,1,282.999625
0.75,1,283.002664
-0.75,1,283.006214
-0.75,1,283.009408
4.25,11,283.03697
3.75,10,283.061713
21.75,27,283.127242
13.25,18,283.17019
3.75,10,283.194865
1.75,6,283.210429
-0.75,1,283.213256
5.25,13,283.245505
-4.25,6,283.260259
8.25,19,283.3048
11.75,26,283.368946
-0.25,2,283.374517
8.25,19,283.732925
9.75,16,283.774193
2.25,7,283.792198
6.75,16,283.832861
0.75,4,283.843754
0.75,1,283.846672
3.25,18,283.891952
-0.75,1,283.894882
-0.75,1,283.897782
-4.75,11,283.92505
-3.75,7,283.944243
6.0,12,283.973399
12.5,25,284.033182
0.25,3,284.040384
10.5,12,284.069238
-5.25,7,284.085696
15.0,19,284.13281
14.5,29,284.208564
12.5,25,284.26829
3.5,13,284.298399
0.5,13,284.330145
0.75,1,284.333277
-0.75,4,284.344462
8.0,16,284.383873
0.75,1,284.386523
5.75,14,284.419717
3.25,9,284.441066
0.75,1,284.443956
1.25,5,284.456321
-0.25,2,284.461221
0.75,13,284.492658
5.75,6,284.507738
-0.75,1,284.51062
-0.25,2,284.515827
0.25,3,284.523391
3.75,16,284.562342
-0.25,2,284.567863
6.0,12,284.599131
-1.25,3,284.60797
4.25,14,284.642606
-0.75,1,284.645367
7.25,10,284.669756
11.25,18,284.71506
3.25,9,284.737276
3.25,9,284.759102
8.25,19,284.807596
0.25,3,284.815093
-0.75,1,284.818058
3.25,12,284.849552
4.75,12,284.880545
1.75,3,284.888093
-0.25,2,284.893308
1.25,5,284.905662
-1.25,3,284.913321
8.0,16,284.954149
7.5,15,285.304915
12.75,16,285.348475
0.75,4,285.361452
2.25,7,285.380645
11.5,23,285.441365
12.0,16,285.483331
11.5,22,285.540137
8.25,19,285.584955
4.0,14,285.624266
-4.25,6,285.639575
6.25,21,285.695478
0.75,1,285.6983
2.25,7,285.717589
1.75,6,285.73222
-3.25,5,285.745176
6.25,18,285.795975
18.75,19,285.847411
9.75,22,285.904936
1.75,6,285.921088
-1.25,3,285.93046
7.25,17,285.973284
-1.25,6,285.989898
12.0,14,286.027205
9.5,16,286.067127
5.0,16,286.105223
13.0,14,286.13755
9.75,17,286.17681
2.25,7,286.194516
1.25,11,286.222772
12.0,14,286.256848
1.25,5,286.269155
-0.75,1,286.271828
15.75,25,286.333133
17.75,35,286.42245
-4.25,12,286.452117
8.0,15,286.489043
4.75,12,286.51727
-1.75,8,286.537351
5.25,17,286.578375
3.75,22,286.953356
9.0,18,287.000235
10.5,21,287.053653
3.75,10,287.078426
-2.25,7,287.094815
2.25,4,287.104442
-10.75,17,287.145634
6.25,18,287.189883
19.5,30,287.263398
-4.25,6,287.277834
3.25,9,287.298961
31.0,34,287.381933
2.75,8,287.401803
0.75,1,287.404452
-0.25,11,287.431665
-3.25,5,287.444846
1.25,17,287.487017
16.0,26,287.548075
1.25,5,287.559478
11.5,13,287.592633
-0.75,7,287.609573
10.0,16,287.647475
0.25,3,287.654843
10.5,19,287.700306
2.75,14,287.734429
0.25,3,287.742107
-0.25,2,287.74761
4.75,12,287.776845
-0.75,1,287.779524
5.25,13,287.810427
0.75,1,287.812871
38.0,49,287.930722
-0.75,1,287.933455
-4.75,11,287.960976
-0.75,1,287.963858
0.75,13,287.99541
-0.25,2,288.000643
-0.75,1,288.003202
-0.25,2,288.008763
8.75,20,288.056583
0.75,4,288.066846
5.75,11,288.093131
2.25,7,288.109017
5.0,13,288.139314
9.5,17,288.179485
11.0,22,288.547678
1.25,5,288.560988
1.75,6,288.576575
-0.25,2,288.582117
12.0,24,288.642608
-4.25,6,288.656526
0.25,3,288.664178
-0.25,2,288.669868
-1.75,11,288.697284
14.75,18,288.742328
0.75,1,288.74527
6.75,12,288.776525
17.5,23,288.832039
-0.75,1,288.834611
5.25,13,288.867212
-10.0,13,288.900041
-0.75,1,288.902939
0.25,3,288.910575
7.5,15,288.951365
0.25,3,288.959244
24.0,27,289.025677
0.75,4,289.035903
1.25,5,289.048141
23.0,26,289.113213
14.0,24,289.169883
12.5,25,289.234619
-0.25,2,289.24148
11.0,22,289.308087
5.25,13,289.343885
9.0,18,289.390087
4.25,11,289.416583
8.5,17,289.456075
9.5,19,289.501437
2.25,7,289.517845
-2.25,4,289.527211
9.75,12,289.555058
14.0,28,289.624158
9.0,30,289.696573
3.75,10,289.721536
-0.75,7,289.73886
13.0,14,289.781328
0.75,1,289.784214
17.5,26,290.165188
4.25,11,290.192405
9.75,22,290.246243
-0.75,1,290.249141
1.75,6,290.265263
6.25,14,290.300242
21.5,33,290.386648
0.75,4,290.396748
-2.75,6,290.411381
6.25,18,290.455495
-0.75,1,290.458145
8.25,19,290.504267
1.25,5,290.516697
6.25,12,290.546123
0.75,4,290.556171
7.25,13,290.588124
-0.75,1,290.591657
-0.75,1,290.594906
7.25,17,290.638054
1.75,6,290.652893
-2.25,4,290.662772
-0.75,1,290.665579
0.75,1,290.668561
7.75,18,290.714533
17.0,22,290.769065
0.25,3,290.776477
-0.25,2,290.781462
1.75,3,290.789064
-1.25,3,290.796489
-0.75,1,290.799375
5.75,11,290.828012
-7.25,9,290.851535
11.25,23,290.909102
7.75,18,290.952847
2.25,7,290.969854
11.0,22,291.025285
2.25,7,291.042506
16.25,22,291.096986
-0.25,2,291.102955
-0.75,1,291.105768
-0.25,2,291.111072
-1.25,3,291.118934
10.0,20,291.171845
9.0,16,291.212723
16.0,19,291.261427
-0.25,2,291.266572
3.25,9,291.28964
2.25,7,291.307377
11.25,13,291.340809
2.75,8,291.362572
-0.75,1,291.365276
-2.25,4,291.3754
12.0,14,291.757373
0.75,4,291.768044
0.75,1,291.770962
4.25,11,291.799559
-7.75,14,291.836281
1.75,3,291.844807
-0.25,2,291.850126
0.75,4,291.861386
-0.75,1,291.8643
0.25,3,291.872367
5.75,14,291.910146
5.75,14,291.94577
-5.75,15,291.981005
10.25,14,292.017693
-5.25,13,292.049001
0.25,3,292.057207
0.25,3,292.064489
1.25,8,292.084335
-0.25,2,292.089809
-0.25,2,292.095212
6.75,13,292.129447
-0.25,2,292.134965
12.25,19,292.181696
0.25,3,292.1895
11.5,19,292.239429
-0.75,1,292.242413
17.5,21,292.295434
1.75,9,292.315946
5.25,13,292.350379
-0.75,1,292.353316
-10.25,12,292.386048
23.0,26,292.452179
-0.25,2,292.457852
3.75,7,292.475505
1.25,5,292.489111
9.0,18,292.534153
13.75,19,292.58276
0.75,1,292.585629
0.75,1,292.58897
20.0,28,292.673835
0.75,4,292.684242
4.75,7,292.702002
2.25,13,292.735189
7.0,14,292.768972
-2.25,7,292.786445
3.75,10,292.81207
5.75,15,292.857872
8.25,13,292.889854
-1.25,3,292.89754
0.75,1,292.900464
5.75,11,292.926985
12.0,14,292.960784
5.25,13,292.993358
0.75,4,293.003474
-11.25,13,293.037256
7.75,18,293.405625
26.5,37,293.501603
-0.25,2,293.507133
-0.25,2,293.512636
-2.75,3,293.520817
0.25,3,293.528473
-0.25,2,293.533653
0.75,1,293.536932
3.75,10,293.562215
13.5,17,293.605174
-0.75,1,293.607936
-0.25,2,293.61272
-0.25,2,293.617755
0.75,4,293.627795
4.75,12,293.655807
-1.25,3,293.662929
0.25,3,293.669843
4.75,12,293.69935
1.75,6,293.715304
12.0,24,293.777011
2.25,7,293.794722
6.25,15,293.830213
-5.25,10,293.854399
3.25,9,293.876194
12.0,22,293.92662
-0.75,1,293.92935
8.75,20,293.977836
2.25,7,293.994408
2.75,8,294.015723
-0.25,2,294.02084
-0.25,2,294.026625
-0.25,2,294.031657
3.25,9,294.054662
0.75,1,294.057744
-0.25,2,294.063252
9.75,14,294.099948
-3.25,5,294.112439
-0.25,2,294.117346
10.5,21,294.166668
0.75,1,294.16921
10.25,15,294.203586
-0.75,1,294.20621
0.75,4,294.21577
-0.75,1,294.218292
0.75,1,294.220751
0.25,3,294.22811
-0.75,1,294.23066
1.75,6,294.245093
11.5,18,294.290629
0.75,1,294.293527
-3.25,5,294.305886
6.25,15,294.344761
9.0,18,294.389052
-0.25,2,294.393892
-0.25,2,294.399494
-0.75,1,294.402344
4.75,12,294.431339
0.75,1,294.433969
0.25,3,294.441521
0.25,3,294.448358
3.75,10,294.471375
0.75,4,294.480607
22.25,47,294.591594
-0.75,1,294.595194
0.25,3,294.60307
3.75,10,294.62744
7.75,11,294.65322
-0.25,2,294.658883
7.25,17,295.022097
7.25,17,295.065447
8.75,11,295.092295
0.75,4,295.101837
4.75,10,295.125135
2.25,16,295.161536
10.5,12,295.188628
0.75,4,295.198543
8.5,17,295.237398
6.25,11,295.262172
26.25,45,295.372121
8.0,22,295.425836
0.75,4,295.435879
0.75,1,295.43889
15.25,19,295.48358
0.75,1,295.48626
-0.25,2,295.490899
8.75,13,295.522138
8.75,17,295.562243
3.75,10,295.586067
-0.25,2,295.591363
2.75,5,295.605536
7.25,12,295.634482
8.75,20,295.681004
6.25,11,295.705721
-1.0,25,295.766889
4.25,11,295.793826
2.25,7,295.810896
16.0,19,295.857809
0.75,4,295.868006
0.25,3,295.875492
14.75,21,295.923073
-0.75,1,295.925849
18.0,23,295.979333
8.75,14,296.011864
1.25,5,296.024734
10.5,12,296.054393
0.75,4,296.064561
8.25,19,296.110233
0.25,3,296.117461
11.75,17,296.157357
0.25,4,296.167409
-0.25,2,296.172328
-0.25,2,296.177154
2.25,7,296.193507
5.75,11,296.514801
-3.25,5,296.527199
4.25,11,296.553062
1.25,5,296.565137
-7.25,9,296.585343
0.75,4,296.596449
-0.75,1,296.599759
2.75,8,296.619928
0.75,1,296.622662
7.5,15,296.6588
-0.25,2,296.664415
3.75,13,296.697464
2.75,8,296.719438
6.5,13,296.753746
-0.75,1,296.756766
-0.75,1,296.759762
0.75,1,296.762588
11.0,18,296.808784
6.75,16,296.846676
-0.75,1,296.849492
0.75,4,296.859165
-2.25,10,296.883303
12.5,25,296.948131
0.75,1,296.950964
1.25,5,296.962886
-2.75,9,296.983415
5.0,13,297.014648
0.75,1,297.017806
1.25,5,297.030744
-0.75,1,297.033624
11.25,17,297.080245
-2.25,4,297.092021
-0.25,2,297.097184
4.25,11,297.123046
10.75,24,297.17842
-0.25,2,297.183268
-0.25,2,297.188095
15.25,19,297.232581
14.0,23,297.287724
-0.25,2,297.292848
-0.25,2,297.297803
0.75,4,297.307238
2.25,7,297.324857
-8.25,10,297.350614
-0.75,1,297.353498
4.25,11,297.381554
11.25,25,297.441203
5.25,13,297.472987
13.0,18,297.515297
10.75,14,297.549122
-15.0,18,297.591121
0.75,1,297.59507
-0.75,1,297.59855
-1.25,3,297.607294
5.75,14,297.641304
-4.25,9,297.662768
2.25,4,297.672286
10.75,33,297.751458
5.75,14,298.112653
13.0,26,298.174173
9.75,17,298.213667
2.75,8,298.232521
4.25,11,298.258428
7.75,15,298.294163
-0.25,2,298.299061
-0.25,2,298.304065
26.5,37,298.397633
7.25,10,298.421719
5.75,20,298.474311
23.0,24,298.530695
-0.25,2,298.53547
0.75,1,298.538703
0.75,4,298.548748
5.75,14,298.582254
12.5,25,298.646337
-10.75,14,298.678966
2.25,10,298.701988
1.25,5,298.715635
9.0,18,298.762495
14.0,17,298.804767
2.25,7,298.822509
5.75,14,298.855815
7.0,14,298.889685
6.5,13,298.919978
18.5,33,298.997654
12.5,24,299.055063
4.75,12,299.086099
5.25,13,299.11996
4.25,17,299.161809
-0.75,1,299.164471
0.25,3,299.171621
-0.75,1,299.174326
-1.25,3,299.182166
3.25,9,299.204141
-0.25,2,299.209155
4.75,12,299.236995
4.5,12,299.265656
0.75,1,299.268211
2.75,6,299.282596
14.25,15,299.318774
1.75,6,299.334556
2.75,8,299.667076
16.25,23,299.726119
-0.25,2,299.731248
12.75,25,299.790172
5.25,13,299.822079
13.5,20,299.868337
0.75,1,299.870993
0.75,4,299.880684
0.75,4,299.890481
3.25,9,299.911817
8.25,24,299.968091
-0.75,1,299.970807
0.25,3,299.978194
-0.25,2,299.982817
-0.25,2,299.988307
-0.25,2,299.99386
4.75,12,300.025149
3.75,13,300.058231
-0.75,1,300.060966
-0.75,1,300.063982
23.5,36,300.15289
11.25,22,300.205069
12.25,15,300.24052
0.75,1,300.243017
3.75,10,300.267141
0.25,3,300.274911
2.75,5,300.287747
4.75,12,300.316207
-0.25,2,300.321816
13.0,19,300.370019
11.0,22,300.422369
6.75,16,300.463485
-0.25,2,300.468878
-0.25,2,300.474259
-1.75,17,300.517065
11.0,22,300.572618
5.75,11,300.601772
5.75,11,300.630052
-0.75,1,300.63289
9.25,21,300.684913
7.5,15,300.723357
4.75,15,300.75996
5.75,14,300.796152
0.25,3,300.804125
1.75,6,300.820326
3.25,9,300.843227
4.5,18,300.88716
1.25,5,300.899646
0.25,3,300.907541
-0.75,1,300.910317
14.75,29,301.301081
0.25,3,301.309129
9.75,13,301.343758
1.75,6,301.35937
0.75,4,301.370383
6.75,16,301.408576
-0.25,8,301.427436
-0.75,1,301.429885
11.25,19,301.474966
-0.75,1,301.477605
0.75,1,301.480441
12.5,14,301.514791
2.25,7,301.531378
11.0,22,301.584616
19.0,24,301.646465
-7.25,9,301.669372
9.0,18,301.714866
9.0,18,301.760417
35.25,48,301.879899
7.25,17,301.923933
9.75,32,302.000709
6.0,12,302.031375
7.25,13,302.064293
2.25,7,302.081732
3.25,9,302.104749
2.75,5,302.117229
5.75,14,302.152174
8.5,14,302.188725
-0.25,2,302.193933
-0.25,2,302.199206
0.25,3,302.207075
1.75,6,302.221768
0.75,4,302.23177
4.5,12,302.261281
-15.0,18,302.307719
-0.25,2,302.313312
-0.75,1,302.316587
4.25,11,302.35007
0.75,1,302.35324
9.5,16,302.394497
7.5,12,302.424122
0.75,4,302.434279
-0.25,2,302.439485
9.25,21,302.490605
-1.75,8,302.510906
7.25,18,302.869423
9.25,14,302.903848
4.25,11,302.931605
10.5,19,302.977334
7.75,11,303.003104
-0.25,2,303.008401
13.25,18,303.053524
2.25,7,303.070836
-2.25,4,303.08143
1.75,6,303.096478
4.0,20,303.145121
13.75,19,303.194232
-4.25,6,303.210612
31.0,34,303.290907
-0.75,1,303.293924
-0.75,1,303.296795
10.25,23,303.35444
10.0,17,303.398556
0.75,1,303.401546
29.0,46,303.509865
5.25,13,303.543164
2.75,8,303.562387
4.75,15,303.601621
8.25,19,303.650472
2.75,8,303.669448
15.25,26,303.732897
-0.75,1,303.735896
0.25,3,303.7436
-0.25,2,303.748627
9.75,12,303.777282
0.75,1,303.780038
0.75,1,303.782594
7.75,18,303.826579
0.75,1,303.829466
-7.75,14,303.863734
0.75,1,303.866579
-7.25,9,303.888798
-0.25,2,303.894195
0.75,4,303.904177
1.75,6,303.918763
0.25,3,303.926469
7.25,17,303.96647
7.5,15,304.00186
5.25,13,304.033497
-5.25,7,304.050144
0.25,3,304.057681
1.75,6,304.07247
2.25,7,304.089511
0.25,3,304.097387
15.25,19,304.489099
3.25,9,304.511817
-0.25,2,304.517112
-0.75,1,304.519947
-0.75,1,304.522946
0.75,1,304.525822
7.5,15,304.564214
-0.75,1,304.567117
0.75,1,304.569888
-0.75,1,304.572596
1.75,3,304.580693
5.25,13,304.617548
3.75,13,304.650498
6.75,19,304.694668
11.0,22,304.750428
0.75,1,304.753209
4.75,11,304.779875
-0.75,1,304.782861
-2.25,7,304.799732
10.5,15,304.836116
4.75,12,304.865879
26.5,37,304.961789
-0.75,1,304.964674
-0.25,2,304.969944
2.75,17,305.01991
-0.25,2,305.026787
0.25,3,305.040196
0.75,1,305.045204
3.25,7,305.077385
12.75,19,305.15113
3.75,15,305.197288
-0.25,2,305.204829
-0.25,2,305.21218
15.75,21,305.263702
-1.25,9,305.285368
6.5,13,305.315228
0.25,3,305.323294
18.0,25,305.389314
-0.25,2,305.395107
5.25,13,305.429607
0.75,4,305.439855
-0.75,1,305.442561
-0.25,2,305.44799
-0.25,2,305.454135
-1.25,6,305.470206
-0.75,1,305.473148
1.75,6,305.48934
10.25,23,305.545841
0.25,19,305.593915
9.75,14,305.631341
-0.75,1,305.634244
-0.25,2,305.639693
0.75,4,305.649748
8.0,16,305.689353
6.25,12,305.720123
1.25,5,305.733481
9.0,18,305.778815
3.25,9,305.802507
1.25,5,305.816181
-0.75,1,305.819392
6.25,10,306.186379
0.25,3,306.194951
-0.75,1,306.197881
-0.75,1,306.200735
-0.25,2,306.206361
-0.75,1,306.209493
0.75,4,306.220182
1.25,5,306.233546
-3.25,11,306.26104
1.25,5,306.273645
0.25,3,306.28134
-5.75,12,306.311636
6.75,16,306.364787
-0.25,2,306.370826
-1.25,3,306.379215
7.0,14,306.418286
1.25,5,306.433129
2.25,12,306.467409
8.75,20,306.517651
6.25,15,306.554286
10.25,15,306.588736
0.25,3,306.601899
-0.75,1,306.605757
-0.25,2,306.611294
0.75,1,306.614155
1.25,5,306.62736
0.75,4,306.637789
-0.25,2,306.643291
-0.25,2,306.648237
0.75,4,306.658062
5.75,14,306.693483
5.75,14,306.729063
0.75,1,306.732024
-0.25,2,306.73765
0.75,4,306.747797
-0.75,1,306.750282
-0.25,2,306.755084
3.25,9,306.776277
-2.75,9,306.797724
-0.75,1,306.800304
-0.75,4,306.809606
0.75,4,306.81896
10.25,23,306.872922
7.25,12,306.901515
13.5,19,306.946625
-0.75,1,306.94968
-2.25,7,306.966953
22.0,23,307.019572
3.75,10,307.044669
4.25,6,307.059962
0.25,3,307.067842
-0.75,1,307.070847
7.25,17,307.115074
7.5,15,307.153913
-0.25,2,307.158945
9.25,16,307.19663
0.75,1,307.199224
-0.25,2,307.203892
-0.75,1,307.206386
1.25,5,307.218866
24.5,30,307.289099
2.75,8,307.308089
11.5,13,307.340294
5.75,8,307.360729
36.5,48,307.476701
0.75,1,307.780587
-2.25,4,307.790919
10.25,23,307.84806
0.75,1,307.850938
0.75,1,307.854161
-0.75,1,307.857177
-0.25,2,307.862566
0.75,4,307.872567
5.75,14,307.905964
10.0,20,307.953504
1.25,5,307.966066
-2.25,4,307.975564
0.75,1,307.978172
0.25,3,307.985557
0.75,4,307.995476
0.25,3,308.003037
8.75,20,308.050908
0.75,5,308.063634
-0.25,2,308.069074
6.0,12,308.097872
4.75,12,308.127581
-0.75,1,308.13043
4.75,12,308.159994
5.75,11,308.186948
0.75,4,308.196679
0.75,4,308.206594
6.25,15,308.243049
0.25,3,308.250637
10.5,19,308.296957
-0.75,1,308.299642
4.75,12,308.328756
-0.75,1,308.331611
8.0,16,308.374748
13.75,22,308.427503
8.25,14,308.462014
0.75,4,308.472399
0.75,4,308.482427
-0.75,1,308.485251
3.25,9,308.507992
-0.25,2,308.513474
6.25,15,308.549823
-0.75,1,308.552783
6.25,15,308.589039
5.75,14,308.629301
-0.25,2,308.634588
-3.25,5,308.648561
13.5,19,308.695796
4.75,12,308.726887
-0.75,1,308.729885
0.25,3,308.737863
5.75,14,308.772053
-2.75,3,308.779501
5.75,11,308.80526
0.25,3,308.812786
14.75,18,308.855293
-1.25,9,308.877437
-9.0,12,308.906183
23.0,26,308.970172
10.25,19,309.018486
-0.75,1,309.021314
0.75,1,309.024158
8.0,16,309.36395
1.75,9,309.386407
0.25,3,309.394398
0.25,9,309.417251
3.75,10,309.44268
10.25,20,309.491045
4.75,15,309.528544
-0.75,1,309.531406
-0.75,1,309.534213
1.25,5,309.546818
0.75,1,309.549776
7.5,15,309.588485
-0.75,1,309.591068
-0.75,1,309.593876
-0.25,2,309.598822
0.75,1,309.603724
7.0,14,309.645108
-0.25,2,309.651742
-0.75,1,309.654771
0.75,1,309.657753
2.75,8,309.679581
-10.75,14,309.715761
-0.75,1,309.719115
18.0,25,309.780778
-0.25,2,309.785887
3.75,10,309.81126
3.75,10,309.83747
-0.25,2,309.843018
23.0,46,309.95683
4.25,11,309.983455
12.0,24,310.050011
4.25,14,310.085247
13.0,20,310.135533
0.75,4,310.145484
17.0,21,310.197887
0.75,1,310.20065
-0.25,2,310.206246
10.5,21,310.266983
0.75,4,310.278191
4.25,8,310.299674
8.5,17,310.34532
0.25,3,310.353997
4.25,11,310.38337
-0.75,1,310.386287
-0.75,1,310.389342
5.75,14,310.424427
7.25,17,310.465461
14.0,28,310.532558
7.75,10,310.556538
12.25,26,310.625391
-1.25,3,310.633953
0.75,4,310.64493
-0.75,1,310.64792
-0.75,1,310.651005
9.0,18,311.008701
3.75,10,311.032115
0.75,1,311.035064
10.75,16,311.075754
5.75,14,311.109894
9.25,17,311.150949
10.0,19,311.194644
-0.75,1,311.197339
-0.25,5,311.209816
-0.25,2,311.21504
11.75,15,311.257535
7.5,12,311.288125
7.75,15,311.326915
-0.75,1,311.329879
7.25,15,311.37023
10.5,21,311.420361
-0.25,2,311.426445
13.75,30,311.498337
9.25,16,311.53829
-3.25,5,311.550527
0.75,4,311.560457
-0.25,2,311.565715
9.5,19,311.611996
-0.75,1,311.614842
12.5,25,311.679823
-1.75,5,311.692458
4.25,11,311.719515
-6.5,20,311.769139
-2.25,4,311.779368
-0.75,1,311.78212
-0.25,2,311.787001
15.25,20,311.835544
20.5,28,311.900202
1.25,5,311.913057
5.25,13,311.942964
7.0,14,311.976821
1.25,5,311.988832
8.5,17,312.029115
13.0,26,312.089311
1.75,6,312.104443
-2.75,9,312.12596
8.25,19,312.174094
0.25,3,312.182575
0.25,3,312.190609
9.75,19,312.239353
6.25,15,312.614255
2.75,8,312.634888
0.75,13,312.666505
4.75,12,312.695473
8.25,16,312.73651
3.75,7,312.75407
1.75,6,312.768285
23.0,46,312.880468
4.75,12,312.909202
-0.75,1,312.911704
4.25,6,312.925302
-2.25,4,312.935903
2.25,7,312.953423
-0.25,2,312.95838
17.25,23,313.014379
0.25,3,313.022177
12.0,13,313.052454
6.25,15,313.088774
0.75,1,313.091779
1.75,6,313.106381
-2.75,12,313.134857
1.75,6,313.150213
5.25,10,313.17475
0.75,1,313.177394
7.0,14,313.210483
36.5,48,313.32071
2.75,8,313.341549
-1.75,8,313.361595
-5.25,7,313.378862
0.25,3,313.38586
-0.75,1,313.388636
8.75,20,313.435347
0.75,1,313.438024
0.75,1,313.440677
-3.25,5,313.453585
0.25,3,313.461247
6.75,12,313.489772
4.25,11,313.514724
-10.25,12,313.541473
4.75,18,313.58169
-2.25,7,313.598926
10.75,20,313.650397
4.25,11,313.678838
-0.25,2,313.68441
5.25,13,313.717506
4.25,11,313.74599
0.75,1,313.74875
9.5,16,313.788396
0.25,3,313.796273
10.5,21,314.144889
6.75,16,314.183954
-0.25,2,314.188999
-0.75,1,314.191632
-0.25,5,314.204305
14.0,18,314.248769
-0.25,2,314.253721
8.75,11,314.28016
1.75,6,314.297297
3.25,12,314.326206
-0.25,2,314.331673
-0.75,1,314.334769
22.0,23,314.391392
-2.75,12,314.41987
0.25,3,314.427604
0.75,4,314.436907
2.25,7,314.453285
0.75,1,314.455796
8.5,17,314.496873
1.25,5,314.508577
5.75,11,314.534509
0.25,3,314.542253
0.25,3,314.549846
8.5,17,314.588712
3.75,10,314.61324
0.75,4,314.623383
-0.75,1,314.626241
0.25,3,314.634517
-3.25,5,314.647568
7.75,15,314.685672
-0.75,1,314.688186
2.25,7,314.704598
-1.25,3,314.71174
8.0,13,314.742869
15.5,22,314.793105
-6.25,11,314.818076
3.75,10,314.841316
-0.25,2,314.846453
-11.25,13,314.878954
-0.25,2,314.884098
2.25,7,314.902754
0.75,4,314.913373
0.75,4,314.923331
4.25,11,314.950003
10.75,24,315.007051
2.25,7,315.026354
0.75,4,315.036805
9.25,21,315.09296
-0.25,2,315.098207
-0.75,1,315.10084
36.5,48,315.229604
-0.75,1,315.232656
-1.25,3,315.241313
-0.75,1,315.244202
4.25,11,315.274148
2.75,8,315.297181
-0.25,2,315.304264
-0.25,2,315.310537
11.0,22,315.375482
6.5,13,315.408859
-0.25,2,315.414257
-1.25,3,315.422268
0.75,1,315.425282
0.75,1,315.428247
1.25,5,315.751933
-2.25,4,315.768526
3.75,10,315.795928
0.75,4,315.806866
-1.25,1,315.810052
6.25,12,315.842093
1.75,6,315.857599
0.25,3,315.865731
12.0,20,315.918962
0.75,4,315.929357
4.25,11,315.957145
11.25,25,316.019516
9.0,18,316.065014
0.25,3,316.07269
1.75,6,316.08725
0.25,3,316.094854
0.75,4,316.104666
8.25,15,316.143095
-0.75,1,316.146008
11.5,23,316.201609
-0.75,1,316.204373
-0.25,2,316.209375
-0.25,2,316.214414
-0.25,2,316.219599
1.25,5,316.231619
7.25,17,316.272746
-1.75,5,316.286354
-0.25,2,316.291568
8.25,16,316.3336
4.75,12,316.363472
0.75,1,316.366314
-0.25,2,316.371723
25.0,26,316.437286
10.25,23,316.499247
11.75,17,316.547973
0.75,1,316.550982
-0.75,1,316.554019
-0.75,1,316.557246
6.75,13,316.591523
-0.25,2,316.596848
-0.75,1,316.599685
-2.25,4,316.611316
8.5,17,316.655666
5.75,14,316.691372
6.5,13,316.724147
11.75,13,316.755099
8.5,17,316.79617
11.75,26,316.867651
0.25,3,316.876213
-2.25,4,316.886826
14.0,34,316.976593
6.25,15,317.014619
2.25,4,317.026041
9.0,16,317.067823
0.75,3,317.075927
5.75,14,317.42829
9.75,15,317.466043
6.5,13,317.497293
0.75,19,317.544686
10.75,24,317.606807
16.0,18,317.655294
2.25,7,317.674812
-3.75,4,317.685269
3.75,10,317.711139
6.25,15,317.751163
10.25,23,317.809001
-0.25,2,317.814178
4.75,12,317.8442
-0.25,2,317.849647
11.5,17,317.891949
3.75,13,317.925814
1.25,5,317.938662
11.25,25,318.000331
7.0,14,318.03409
0.75,4,318.043424
2.75,8,318.063766
-9.25,11,318.09147
4.75,7,318.108675
-2.25,4,318.118353
-0.25,2,318.123439
3.25,9,318.147296
-0.25,2,318.15273
0.25,3,318.160831
0.75,10,318.185669
1.75,3,318.193211
16.25,20,318.241
2.75,8,318.259775
12.5,25,318.319412
-0.25,2,318.324753
5.25,13,318.358603
13.0,14,318.394833
0.25,22,318.451441
1.75,6,318.467219
-0.75,1,318.470268
5.75,11,318.499011
-0.25,2,318.504501
2.25,4,318.515241
4.25,11,318.544273
-0.25,2,318.54972
-1.25,3,318.557834
-0.75,1,318.560663
1.75,6,318.576283
-0.75,1,318.579345
0.25,3,318.587454
-0.25,2,318.593016
7.25,17,318.637993
-0.25,2,318.643563
-0.25,2,318.649086
8.0,16,318.692169
2.75,8,319.030516
3.5,13,319.063069
4.25,11,319.090712
0.75,1,319.093548
-0.75,1,319.096255
-0.75,1,319.098996
-0.75,1,319.101823
7.25,16,319.141043
5.75,14,319.173575
-0.25,2,319.178778
2.75,5,319.192084
23.0,24,319.254411
4.25,11,319.281993
7.25,17,319.325379
7.75,15,319.365941
0.25,6,319.382578
0.75,1,319.385177
-3.25,11,319.413794
7.75,18,319.458612
13.75,27,319.524386
3.25,9,319.546433
5.75,11,319.574143
6.0,12,319.603401
2.75,8,319.623683
0.25,6,319.639538
0.75,4,319.64993
6.75,16,319.693241
-0.25,2,319.698814
5.25,13,319.732304
12.0,24,319.792956
5.75,14,319.825687
8.5,14,319.857623
8.5,19,319.903969
1.75,3,319.911457
-0.25,11,319.937546
5.25,9,319.960684
5.25,13,319.991886
0.75,1,319.994648
-1.25,3,320.002267
-0.75,1,320.005055
8.0,16,320.045886
-11.25,13,320.08019
5.75,11,320.108622
0.75,4,320.119087
-1.25,3,320.12755
1.75,6,320.143354
1.75,6,320.158657
1.75,3,320.166643
13.5,27,320.236137
-0.75,4,320.246657
-0.25,2,320.251943
-0.75,1,320.254867
0.25,3,320.263116
0.75,1,320.265868
14.25,20,320.623893
7.75,14,320.659628
-0.75,1,320.66227
12.0,24,320.72427
-0.75,1,320.727154
3.5,18,320.772257
-5.75,9,320.796063
5.5,17,320.838469
7.0,14,320.870991
5.25,13,320.904445
0.75,1,320.907297
10.0,16,320.947687
-4.25,6,320.963599
17.5,23,321.018262
-11.75,18,321.063699
-0.25,2,321.068685
4.25,11,321.096189
2.25,7,321.113885
10.0,18,321.159839
8.75,23,321.218364
0.75,1,321.221553
2.25,7,321.239304
7.0,14,321.273236
8.75,20,321.327299
1.75,6,321.343731
-9.25,11,321.372402
0.25,3,321.380357
1.25,5,321.393398
2.25,4,321.405296
-0.25,8,321.42613
5.25,13,321.459823
10.75,20,321.507951
-0.25,2,321.513049
14.0,17,321.554486
0.25,3,321.562523
-14.25,16,321.602943
7.25,17,321.648903
10.0,19,321.697473
2.75,8,321.720745
-0.25,2,321.72995
-0.75,1,321.73422
-0.25,2,321.73975
18.0,25,321.804194
-0.25,2,321.809768
-0.25,2,321.815336
0.75,1,321.818193
-5.75,9,321.840208
-5.25,7,321.858113
3.75,10,321.88452
-2.75,9,321.907782
-0.25,2,321.913285
0.75,4,321.923457
0.75,4,321.933928
2.75,8,322.25646
-1.25,3,322.264179
-0.75,1,322.266797
6.75,10,322.292705
0.75,1,322.295689
3.75,10,322.319226
0.75,1,322.322097
-0.75,1,322.325235
2.25,7,322.34442
8.25,12,322.37637
0.75,4,322.386788
1.75,6,322.401898
0.75,1,322.404992
-0.75,1,322.407939
-0.75,1,322.410635
1.25,5,322.425062
0.25,3,322.433134
1.75,12,322.463641
0.75,4,322.473696
9.25,16,322.512776
12.5,24,322.570893
0.75,1,322.573644
1.75,6,322.589503
2.75,8,322.610556
6.75,19,322.658604
0.75,4,322.669064
8.0,13,322.700766
3.75,10,322.727019
-0.75,1,322.729954
-0.75,1,322.73282
4.25,11,322.76064
17.25,24,322.816233
-1.25,3,322.823602
6.75,19,322.868057
3.75,10,322.892137
0.75,7,322.908413
2.75,11,322.932844
0.75,1,322.935606
0.75,4,322.945045
19.0,20,322.996864
11.5,17,323.037483
10.75,24,323.096882
-0.25,2,323.10252
-1.25,3,323.11051
-0.75,1,323.113306
-1.25,3,323.1215
5.25,10,323.14725
-0.75,1,323.150292
9.5,17,323.193942
0.75,1,323.19695
-0.75,1,323.199862
-7.25,9,323.223301
-0.75,1,323.226148
1.75,6,323.241416
12.0,19,323.29005
7.25,17,323.336301
-0.75,1,323.339221
0.75,4,323.349674
5.75,14,323.387054
-0.25,2,323.392501
0.25,3,323.399833
7.25,17,323.444216
-1.25,9,323.467082
8.75,13,323.499742
12.5,14,323.534062
6.5,13,323.879339
5.75,17,323.919686
-0.25,2,323.924974
1.75,6,323.939589
-0.25,2,323.945189
-0.75,1,323.947996
13.0,16,323.987457
-0.75,1,323.990239
4.75,12,324.018882
10.25,14,324.052093
-0.25,2,324.057675
2.25,7,324.075004
4.25,8,324.09508
7.75,11,324.121878
-0.25,2,324.127359
-0.25,2,324.134495
16.0,18,324.182531
6.5,13,324.213883
10.5,21,324.264209
0.75,4,324.274037
1.25,5,324.285482
4.75,12,324.314976
16.5,23,324.372817
12.0,13,324.404952
-0.25,2,324.410414
0.75,1,324.413141
1.25,5,324.426758
13.5,27,324.494549
-0.75,1,324.49726
23.25,30,324.57666
8.0,16,324.624981
13.25,29,324.700328
0.75,1,324.703276
9.5,16,324.745123
0.75,1,324.748319
-0.25,2,324.754123
-1.25,1,324.757262
1.75,6,324.7765
-1.25,3,324.785191
1.25,5,324.798844
-0.25,2,324.804692
-0.25,2,324.810439
6.25,15,324.850203
0.25,3,324.858624
14.0,16,324.901973
-0.25,2,324.907809
0.75,1,324.910645
5.25,13,324.945251
11.75,14,324.982182
6.5,13,325.013593
2.75,8,325.032331
-0.75,1,325.034898
9.0,18,325.077672
-0.75,1,325.080278
1.75,6,325.094216
-0.25,2,325.099529
7.5,15,325.134751
0.25,6,325.149421
-0.25,5,325.478944
14.25,23,325.537239
4.75,12,325.567236
-0.25,2,325.572661
-0.75,1,325.575463
-0.25,2,325.580903
-0.25,2,325.588614
11.0,25,325.654343
1.75,3,325.662849
-0.75,1,325.665757
0.75,1,325.668804
-0.25,11,325.696257
0.75,1,325.698884
-0.75,1,325.701932
-0.75,1,325.705205
0.75,4,325.715899
4.25,18,325.765881
5.75,14,325.808252
-0.75,1,325.811387
6.25,15,325.848883
4.25,11,325.876145
8.25,25,325.935003
0.25,3,325.942626
0.75,1,325.945481
-0.75,1,325.948324
13.0,26,326.012233
8.25,19,326.064021
0.25,3,326.072266
6.25,12,326.102642
0.75,1,326.105581
5.75,17,326.15061
8.25,11,326.179062
4.75,12,326.210144
12.25,17,326.26291
6.75,16,326.309523
1.75,6,326.327961
13.5,23,326.393359
9.5,19,326.447625
4.25,11,326.481376
0.75,1,326.484624
8.75,16,326.53221
0.75,1,326.536535
2.25,7,326.557461
9.75,18,326.606357
0.75,1,326.612734
15.0,18,326.6572
6.75,16,326.696323
-0.75,1,326.699101
0.75,1,326.701854
9.25,15,326.739821
-0.75,1,326.742764
0.75,1,326.745489
10.0,18,326.79442
17.0,23,326.854486
0.75,4,327.166365
7.25,17,327.210194
-2.25,7,327.227762
3.25,7,327.245303
3.75,10,327.271267
0.25,3,327.278989
-3.75,13,327.31089
7.25,12,327.340755
6.25,10,327.366991
0.75,1,327.370017
6.25,15,327.408075
10.5,20,327.458752
3.75,13,327.49013
7.75,12,327.519921
7.25,17,327.561098
0.75,1,327.564202
-0.25,2,327.56911
2.25,7,327.586311
2.25,7,327.603205
-0.75,1,327.605853
3.75,10,327.632088
3.5,13,327.668956
-0.25,2,327.675074
-0.25,2,327.681308
8.5,17,327.727942
2.75,8,327.75012
8.25,19,327.806979
3.25,9,327.8317
5.25,13,327.867002
5.75,12,327.897526
8.25,11,327.922535
-0.25,2,327.927849
5.75,14,327.962521
4.5,21,328.01641
2.75,8,328.037573
11.0,22,328.095199
3.75,15,328.134006
-0.75,1,328.136903
6.25,12,328.167656
10.25,29,328.241567
0.75,1,328.244342
1.75,6,328.259234
22.75,39,328.358877
-0.25,2,328.364873
0.75,1,328.369595
11.5,17,328.413679
3.25,9,328.437291
1.25,5,328.4494
5.75,14,328.874177
-0.25,2,328.879961
-0.25,2,328.885309
2.0,19,328.933134
0.75,4,328.944432
-0.75,1,328.94727
-0.75,1,328.950183
15.0,19,328.996486
9.75,22,329.052349
2.75,11,329.0804
-0.75,7,329.097758
-0.25,2,329.103186
5.25,22,329.162476
2.25,4,329.175862
0.25,3,329.185056
3.25,9,329.216215
-1.75,17,329.26851
1.75,6,329.288236
9.75,12,329.326141
-0.25,2,329.333394
13.0,14,329.378073
6.25,15,329.422438
0.75,1,329.425921
-0.75,1,329.42933
-10.25,12,329.472585
-0.25,5,329.486583
-0.75,1,329.48982
4.75,12,329.524521
9.5,19,329.580929
-0.25,2,329.5871
-0.75,1,329.591021
0.75,1,329.594438
-0.25,2,329.601017
-7.25,12,329.638472
1.75,6,329.656599
-7.5,21,329.716587
9.0,16,329.761323
-8.75,12,329.79668
6.75,13,329.835255
11.5,28,329.916535
6.75,13,329.955114
3.25,9,329.981326
2.75,8,330.002663
3.75,13,330.037301
5.75,23,330.095239
6.75,12,330.124781
-0.75,1,330.127654
12.5,14,330.165191
23.0,46,330.293334
4.0,17,330.668555
4.75,12,330.701941
-0.25,2,330.707691
-0.25,2,330.713203
9.5,19,330.763444
13.25,17,330.806293
16.0,19,330.856599
4.75,12,330.893944
3.25,9,330.919133
0.75,4,330.931113
7.25,17,330.982493
10.25,16,331.032253
7.25,14,331.075002
0.75,1,331.078492
11.0,22,331.140545
-0.75,1,331.144309
7.25,17,331.193863
4.75,12,331.22873
-0.75,1,331.23167
-0.75,1,331.234553
-2.25,4,331.246011
0.25,3,331.253865
2.25,7,331.2731
3.25,12,331.305115
2.75,8,331.327505
0.25,3,331.336257
-0.75,1,331.339561
1.75,6,331.355745
12.5,25,331.424468
0.25,3,331.433642
0.25,3,331.442278
1.25,5,331.456229
8.75,20,331.510041
2.25,4,331.520972
6.75,13,331.557579
13.0,15,331.599073
4.75,15,331.647359
6.25,12,331.683533
7.0,14,331.722312
0.25,3,331.731147
5.25,13,331.767231
0.75,1,331.770221
-5.25,22,331.829485
9.75,22,331.889259
1.25,5,331.903054
0.75,1,331.906473
-0.75,1,331.909672
2.25,7,331.9288
4.25,11,331.957667
10.5,15,332.000601
9.25,21,332.055958
-0.25,2,332.061515
10.5,15,332.435374
-0.25,2,332.440945
1.25,5,332.454231
-6.25,8,332.478099
-0.25,2,332.484007
2.25,7,332.502864
-0.25,2,332.508821
19.0,28,332.585429
10.5,12,332.62191
9.0,16,332.663122
-0.75,1,332.665812
-0.25,2,332.671757
-0.75,1,332.674797
0.25,3,332.682578
9.5,19,332.73391
29.0,46,332.860774
0.25,3,332.868959
1.25,5,332.883409
8.5,17,332.928838
-7.75,14,332.9655
0.25,3,332.974665
0.75,1,332.9781
13.0,15,333.017351
0.75,1,333.020264
13.0,15,333.060366
-0.25,8,333.080516
7.0,14,333.118861
7.25,17,333.165463
1.25,5,333.18039
9.0,15,333.222435
-0.25,2,333.229164
-0.25,2,333.235605
-0.25,2,333.242481
-0.25,2,333.248348
8.25,15,333.289548
9.25,13,333.325536
16.0,31,333.413878
-0.75,1,333.416801
-0.25,2,333.42245
12.0,22,333.485232
0.75,1,333.488366
0.75,1,333.491636
-2.25,4,333.501942
0.75,4,333.513076
5.25,12,333.545568
9.0,18,333.592995
0.75,1,333.596099
2.25,4,333.606806
0.75,4,333.619431
0.25,3,333.628315
6.5,13,333.664575
6.25,12,333.697071
0.25,3,333.705393
-4.25,9,333.73139
12.0,22,333.794482
12.0,24,334.196682
4.25,6,334.214533
0.75,1,334.217784
7.75,13,334.261274
-0.75,1,334.26419
-0.75,1,334.267065
-0.25,2,334.272553
0.75,1,334.275491
-0.75,1,334.278497
1.75,3,334.286427
7.75,18,334.332278
8.25,15,334.372822
5.75,14,334.407917
8.25,15,334.446117
-0.75,1,334.448824
-0.25,2,334.453808
-1.25,3,334.461823
0.75,1,334.464793
0.75,1,334.467886
0.75,1,334.470722
0.25,3,334.479485
0.75,1,334.482558
6.0,12,334.512634
0.25,3,334.520983
18.0,23,334.582147
-1.25,9,334.606579
0.75,4,334.618725
-0.25,2,334.624397
1.25,5,334.637729
4.25,11,334.668509
-0.75,1,334.671455
2.75,8,334.692643
-0.75,1,334.695635
0.25,3,334.703321
0.75,1,334.706526
4.75,12,334.738205
-0.25,2,334.744346
-0.75,1,334.747437
-3.25,8,334.76959
22.25,28,334.845018
0.75,1,334.84809
-0.75,1,334.857885
0.75,4,334.868698
0.75,1,334.871628
-0.25,2,334.877501
-0.75,1,334.880552
0.75,1,334.883507
5.25,13,334.918941
-0.25,2,334.925828
-0.75,1,334.929483
-0.25,2,334.935571
0.25,3,334.944515
-0.75,1,334.947446
3.75,10,334.973775
12.25,17,335.020788
-0.25,2,335.026791
0.75,4,335.037607
0.75,1,335.041098
-0.75,1,335.044282
-0.75,1,335.047476
0.75,1,335.050764
7.0,14,335.090126
-0.75,1,335.093078
5.25,16,335.135829
-0.75,1,335.138874
-0.75,1,335.141881
0.75,4,335.152991
-1.25,9,335.178751
-0.75,1,335.182104
0.75,1,335.185053
5.75,9,335.211084
-0.75,1,335.213964
-0.25,2,335.219207
-0.75,1,335.222609
-0.75,1,335.226749
2.75,8,335.248569
-0.75,1,335.251568
0.75,3,335.260366
0.75,4,335.271009
0.75,1,335.274392
4.25,11,335.301682
1.5,12,335.333916
-0.25,2,335.339943
-1.25,3,335.348231
0.75,1,335.351154
-0.75,1,335.354158
-0.25,2,335.360321
-0.75,1,335.364699
-0.25,2,335.371875
-0.75,1,335.375842
0.75,1,335.379775
4.75,12,335.415433
8.75,13,335.452432
-0.25,2,335.458561
-0.75,1,335.461679
7.25,17,335.507483
7.25,13,335.54108
0.75,4,335.552496
-3.75,22,335.613003
-0.75,1,335.959884
-1.25,1,335.963467
3.75,10,335.991876
9.5,19,336.044401
-0.75,1,336.047401
3.75,10,336.074644
0.75,4,336.085299
28.0,40,336.214514
-3.25,5,336.227986
-0.25,2,336.233049
9.75,17,336.277859
1.25,5,336.291669
0.75,4,336.301712
7.75,20,336.353746
1.25,5,336.368207
-0.25,2,336.374946
-0.75,1,336.378352
6.5,13,336.413285
-0.75,1,336.416329
-0.25,2,336.421396
17.0,21,336.475483
0.25,3,336.484101
24.5,30,336.569812
0.75,1,336.573229
15.0,19,336.625533
-0.75,1,336.62865
-0.75,1,336.631631
1.25,5,336.645494
-0.75,1,336.648522
0.75,4,336.659427
-0.25,2,336.664829
-0.75,1,336.667789
-0.25,2,336.673591
24.0,27,336.749854
-0.75,1,336.75268
-0.75,1,336.75586
21.75,46,336.874629
3.5,13,336.911202
3.75,10,336.941975
-1.25,3,336.949901
6.25,15,336.987856
0.75,1,336.991469
9.0,15,337.031804
-0.25,2,337.037665
8.25,19,337.087675
0.25,3,337.096974
6.75,16,337.140542
7.75,18,337.188245
5.25,13,337.222188
10.25,14,337.261442
0.75,1,337.26484
0.75,1,337.267839
7.75,18,337.314205
-0.25,2,337.319825
-0.75,1,337.323138
0.75,4,337.334298
-0.75,1,337.337236
-0.75,1,337.340436
10.5,14,337.697084
-0.75,1,337.699908
22.0,23,337.763723
8.0,16,337.805876
-0.75,1,337.809457
0.25,3,337.819005
-1.25,3,337.829064
15.75,23,337.893016
1.25,5,337.907205
0.75,1,337.910531
23.0,24,337.975824
-0.75,1,337.979405
6.25,14,338.018551
1.25,5,338.033236
-2.25,4,338.045288
0.75,4,338.057534
-0.25,2,338.06421
23.0,26,338.134992
3.25,9,338.160119
-0.25,2,338.165848
4.25,11,338.195895
-2.75,6,338.212403
0.75,4,338.223457
0.75,4,338.234641
8.75,12,338.267489
6.5,13,338.303576
3.25,9,338.331134
2.75,5,338.345093
1.25,5,338.358888
0.25,3,338.368193
2.25,7,338.387619
-0.25,2,338.393681
2.25,4,338.404991
8.75,16,338.448461
5.75,14,338.485336
9.5,19,338.537859
-0.25,2,338.54407
9.75,17,338.589252
-0.75,1,338.592681
0.75,1,338.596433
0.75,1,338.599871
1.25,6,338.619623
0.25,3,338.628894
0.75,1,338.632153
15.25,19,338.681998
17.5,21,338.738184
12.0,14,338.777494
-0.25,2,338.782941
0.75,1,338.785883
7.0,14,338.822803
9.0,18,338.878226
0.25,3,338.886637
7.5,15,338.927734
3.25,9,338.951275
0.75,1,338.954522
2.25,7,338.973645
11.75,19,339.026704
4.75,12,339.058311
3.75,6,339.07425
-0.75,1,339.077408
-0.75,1,339.08051
0.75,1,339.083452
0.75,1,339.086479
-0.75,1,339.089414
1.25,5,339.102524
7.0,14,339.471493
13.0,16,339.516417
-0.25,2,339.521633
-0.75,1,339.524693
-0.75,1,339.527501
5.25,13,339.560353
4.75,12,339.591118
11.25,14,339.627244
-0.25,2,339.632306
12.25,15,339.67012
12.0,14,339.70789
0.75,4,339.719632
0.75,1,339.724007
-2.25,4,339.736483
10.25,15,339.779235
5.75,11,339.808221
-0.75,1,339.811136
1.75,6,339.82688
-0.25,2,339.832674
-0.75,1,339.835535
-0.75,1,339.838666
1.75,6,339.855043
-0.75,1,339.858538
-7.25,12,339.894755
5.25,16,339.936409
3.25,9,339.961579
9.0,18,340.011122
6.75,14,340.052613
-0.75,1,340.056046
1.75,6,340.07622
-0.75,1,340.079756
-1.25,6,340.097813
0.75,1,340.100662
6.25,11,340.131391
16.0,18,340.179784
-0.25,2,340.18539
3.25,6,340.201185
-0.75,1,340.204151
0.25,3,340.213045
-0.25,2,340.218403
6.25,12,340.25356
25.0,26,340.326419
0.25,3,340.335567
-0.75,1,340.339154
-0.75,1,340.343102
12.25,26,340.415915
0.75,1,340.418828
13.0,14,340.456898
9.5,19,340.507563
-0.25,2,340.513109
-5.25,7,340.531048
5.75,11,340.5609
6.25,15,340.602984
0.25,3,340.611624
6.25,15,340.653108
13.0,14,340.688989
2.25,6,340.70455
0.75,4,340.714602
1.25,5,340.727255
-0.25,2,340.732502
-0.25,2,340.738085
2.25,7,340.756843
1.25,5,340.769351
5.25,13,340.805287
-0.25,2,340.810902
1.25,5,340.82458
-1.25,6,340.841484
8.75,18,341.199252
-0.75,1,341.202443
0.75,4,341.213308
-0.25,2,341.218798
2.25,4,341.230045
8.75,17,341.275425
1.25,5,341.288901
-0.25,2,341.29481
1.75,6,341.311279
-0.25,2,341.316562
-0.75,1,341.319423
-0.75,1,341.323014
9.75,12,341.356714
13.0,26,341.424454
4.75,12,341.454847
1.75,3,341.462693
-0.25,2,341.467632
5.25,13,341.503189
-0.25,2,341.509247
-0.75,1,341.512426
0.25,3,341.520399
4.75,12,341.552098
-0.25,2,341.557829
-0.25,2,341.563629
0.75,1,341.566717
0.75,1,341.569575
3.75,10,341.59781
2.25,7,341.619434
6.75,16,341.671143
6.25,12,341.709575
-0.25,2,341.716219
-0.75,1,341.719343
3.25,9,341.747429
8.25,19,341.800046
6.25,10,341.827223
4.75,12,341.859988
0.75,4,341.870689
-7.25,12,341.902411
16.75,23,341.963131
6.25,15,342.002351
-0.25,2,342.007922
0.75,1,342.010881
-0.75,1,342.013763
12.75,17,342.060361
10.5,19,342.110139
-0.25,2,342.115336
9.75,22,342.171551
4.75,9,342.194074
0.75,1,342.19697
10.75,16,342.23718
-0.75,1,342.240206
-0.75,1,342.243275
0.75,4,342.254409
-0.25,2,342.260052
2.75,8,342.280751
16.75,25,342.349267
8.5,17,342.395343
5.25,13,342.429323
-0.25,2,342.434786
9.75,22,342.494283
-0.75,1,342.497108
19.0,24,342.562313
5.25,13,342.918141
1.25,5,342.931432
-0.75,1,342.934131
0.25,3,342.942884
4.75,12,342.972665
-0.25,2,342.978171
0.75,1,342.980853
-0.25,2,342.985801
4.25,11,343.015404
-0.75,1,343.018544
19.5,30,343.102717
0.75,1,343.10592
9.75,14,343.150718
0.75,8,343.173391
0.75,4,343.185299
0.75,4,343.196226
3.75,6,343.212057
-0.25,2,343.217415
0.75,4,343.228414
0.25,3,343.236105
10.25,23,343.298555
0.75,4,343.30933
-0.25,2,343.314935
-0.75,1,343.317816
14.25,23,343.379308
0.25,3,343.387354
0.75,4,343.398968
-0.75,1,343.401996
10.25,23,343.465727
-0.25,2,343.471372
0.75,1,343.474961
5.5,17,343.521571
-1.25,5,343.536383
-0.75,1,343.539734
-10.25,12,343.572674
1.75,3,343.58094
9.5,19,343.632224
0.75,4,343.643631
0.75,1,343.646711
0.75,1,343.649724
7.25,17,343.695199
7.25,14,343.731611
9.75,22,343.78707
0.25,3,343.795393
-0.75,1,343.798142
2.25,7,343.816491
0.75,1,343.819152
-0.25,2,343.824887
-0.25,2,343.830138
9.25,11,343.858817
17.25,24,343.9213
-0.75,1,343.924188
-0.75,1,343.927299
-0.75,1,343.930168
8.25,16,343.973391
-0.75,1,343.9763
3.75,13,344.010083
1.75,4,344.020462
-0.25,2,344.026757
6.25,15,344.067131
12.0,17,344.110126
1.75,6,344.125685
-0.75,1,344.128478
1.75,6,344.144166
3.75,10,344.168955
1.25,5,344.183233
0.75,1,344.186455
-1.25,3,344.196079
13.0,19,344.248674
0.75,1,344.251645
-0.25,2,344.257681
4.75,13,344.62733
1.75,9,344.654724
-0.25,2,344.660811
12.5,17,344.704663
0.25,3,344.713173
1.25,5,344.728938
-0.75,1,344.73185
15.5,29,344.808737
10.0,20,344.861082
0.25,3,344.870203
3.25,9,344.900716
-0.25,2,344.907238
-2.25,4,344.919234
0.25,3,344.927557
5.25,13,344.96605
-0.75,1,344.96924
0.75,4,344.983474
-0.75,1,344.986841
0.75,4,344.99933
4.75,12,345.03628
3.75,10,345.064116
9.25,15,345.102863
4.25,11,345.134439
-6.25,8,345.159879
-0.75,1,345.163462
-0.25,2,345.169656
1.75,6,345.186665
8.25,19,345.237315
1.25,5,345.252887
0.75,4,345.265405
7.0,14,345.302608
6.75,16,345.349646
-2.25,4,345.361927
3.75,10,345.389536
1.25,5,345.402929
-0.25,2,345.409167
4.25,11,345.438848
-0.75,1,345.441851
0.75,1,345.445007
-0.25,2,345.450501
-0.75,1,345.453401
0.75,4,345.463737
1.75,18,345.509572
5.25,13,345.543471
6.25,15,345.58145
10.75,13,345.616729
-2.25,4,345.62845
0.25,3,345.637199
5.25,13,345.67331
-0.75,1,345.6761
0.75,1,345.679049
0.25,3,345.686621
9.5,19,345.737516
7.5,15,345.777558
0.75,1,345.780177
-0.75,1,345.782776
0.25,3,345.791013
-0.75,1,345.793984
3.75,8,345.816411
6.75,22,345.876471
0.75,1,345.879409
0.75,1,345.882577
4.25,11,345.911583
-0.25,2,345.916957
0.75,1,345.919597
1.25,5,345.933044
1.75,6,345.950382
0.25,3,345.958998
0.75,1,345.962078
-0.75,1,345.965418
-1.25,3,345.973738
-3.25,5,345.986313
0.75,1,345.989263
4.75,12,346.019826
3.75,10,346.396468
0.25,3,346.404448
-0.25,2,346.410417
-0.75,10,346.438512
10.5,12,346.470621
0.25,3,346.478457
12.0,20,346.529986
1.25,5,346.543004
0.75,1,346.545915
0.25,3,346.55354
-0.75,1,346.556282
-0.25,2,346.561598
0.25,3,346.570324
10.25,11,346.599769
0.75,1,346.602805
1.25,5,346.618093
12.0,24,346.68045
7.5,15,346.718338
9.25,15,346.761951
15.5,34,346.850337
-3.25,5,346.863773
5.25,13,346.899087
1.25,5,346.914433
-0.25,2,346.920774
8.75,23,346.984914
7.5,15,347.028128
-0.75,1,347.030995
1.25,5,347.044663
4.25,11,347.074654
13.0,16,347.116858
8.0,16,347.159414
9.25,12,347.193056
1.25,5,347.209189
-0.25,2,347.215639
-2.25,7,347.236667
-0.75,1,347.240011
1.75,6,347.259603
-0.75,1,347.263176
1.25,8,347.286938
-0.75,1,347.290158
-0.75,1,347.293619
0.75,1,347.296967
-0.75,1,347.30042
2.75,8,347.324681
-5.25,7,347.345539
-0.75,1,347.348872
13.5,19,347.406708
0.75,4,347.418957
2.75,8,347.443192
0.75,4,347.454197
2.25,7,347.47507
-0.75,1,347.478394
-0.25,2,347.484614
0.25,3,347.493707
-0.25,2,347.500021
-0.25,2,347.505729
-3.75,4,347.517423
16.25,24,347.586731
1.25,5,347.602332
3.25,9,347.630115
7.5,15,347.672526
-0.25,2,347.678731
11.25,14,347.727074
1.25,14,347.765047
0.75,4,347.776479
8.75,14,347.820417
2.25,7,347.84125
8.25,19,348.217538
6.25,14,348.253002
0.75,4,348.263577
8.75,11,348.294329
6.25,15,348.334845
0.75,1,348.337729
11.25,17,348.385761
0.25,3,348.394477
0.75,4,348.405
2.75,8,348.426285
0.75,4,348.436968
4.25,11,348.466917
-0.25,2,348.472733
-0.75,1,348.475774
-0.75,1,348.478731
-3.25,11,348.50625
22.5,43,348.62482
4.75,12,348.659585
10.5,14,348.69981
-0.75,1,348.702924
13.0,16,348.751204
0.25,3,348.759655
-0.75,1,348.762792
3.25,7,348.784464
-0.75,1,348.787513
11.75,19,348.84097
12.5,25,348.906772
12.0,22,348.963344
1.75,6,348.980233
-0.75,1,348.983518
28.25,50,349.121888
7.5,15,349.161911
9.0,18,349.21017
-0.75,1,349.213269
-0.75,1,349.216444
13.5,20,349.270945
-0.25,2,349.277321
-1.25,3,349.285394
-0.75,1,349.288416
-0.25,2,349.294112
22.0,23,349.363935
8.25,19,349.413485
6.5,13,349.447838
6.75,16,349.490767
-0.75,1,349.493854
2.25,4,349.504776
11.75,29,350.019755
-0.75,1,350.025186
2.25,7,350.063194
0.75,4,350.082447
0.75,1,350.08642
1.25,5,350.10475
11.25,13,350.162138
4.25,11,350.198231
9.0,16,350.243371
0.75,1,350.246397
6.75,16,350.300846
5.75,14,350.350361
-6.25,8,350.378976
3.75,15,350.430195
-0.25,14,350.475102
7.25,14,350.522878
3.25,9,350.552438
10.25,20,350.617829
0.75,1,350.621458
7.75,12,350.660915
0.25,6,350.680474
4.75,12,350.719134
-0.75,1,350.723183
0.75,1,350.727315
-0.75,1,350.731336
12.0,13,350.771879
-1.25,3,350.781658
16.0,31,350.872824
9.5,19,350.929454
8.25,16,350.974346
10.5,21,351.033935
-3.75,10,351.063143
12.0,24,351.131765
-0.25,2,351.137552
11.75,20,351.195408
-0.25,2,351.201623
4.0,30,351.282717
0.75,1,351.285637
-4.25,12,351.320586
4.25,11,351.357537
-1.75,5,351.372736
9.5,19,351.432952
-0.25,2,351.439192
8.0,16,351.484643
-0.75,1,351.487475
-1.25,3,351.496566
3.75,10,351.524316
-0.25,2,351.530649
0.75,4,351.542405
-0.75,1,351.545541
12.75,22,351.606859
0.25,3,351.616592
-0.75,1,351.620022
1.75,6,352.019751
-1.25,3,352.03007
-0.75,1,352.033445
0.25,3,352.042945
0.75,1,352.046657
4.25,11,352.083102
-0.25,2,352.088506
6.25,15,352.138214
4.25,14,352.18231
0.25,3,352.191094
6.75,16,352.24645
3.75,13,352.295125
3.75,10,352.334088
9.0,18,352.389587
4.25,11,352.422924
7.75,18,352.47858
0.75,1,352.482062
0.75,1,352.485299
11.5,19,352.54565
15.0,19,352.607915
4.25,11,352.640944
-0.75,1,352.644438
-0.25,2,352.650644
19.0,30,352.73505
1.25,5,352.749702
11.75,22,352.810807
-1.75,17,352.853878
-0.75,1,352.856899
10.75,21,352.915143
-0.75,1,352.918734
0.75,1,352.921726
1.25,5,352.936447
0.75,4,352.948597
11.25,17,352.99649
-0.75,1,352.999555
5.75,12,353.038612
0.75,1,353.041987
6.0,15,353.085893
-0.25,2,353.09424
5.25,16,353.143335
-0.25,2,353.15115
13.5,17,353.209829
4.25,11,353.24401
11.0,17,353.296045
23.0,46,353.436869
-4.25,6,353.454537
1.25,5,353.469752
-5.25,10,353.498344
1.25,5,353.512535
6.75,19,353.576701
0.75,1,353.580825
-11.25,13,354.004075
2.25,7,354.024023
-0.25,2,354.030596
5.75,14,354.072119
0.25,3,354.081478
7.5,27,354.164234
2.75,8,354.188531
-4.25,6,354.206321
-2.25,7,354.229338
7.0,14,354.27755
-4.75,5,354.293508
3.25,6,354.31124
-0.75,1,354.314628
-0.25,2,354.321504
-0.25,2,354.328597
7.75,18,354.385444
0.75,4,354.397805
7.25,17,354.449791
3.25,9,354.483619
0.75,4,354.496832
0.25,3,354.506139
8.25,16,354.554453
15.75,27,354.637283
6.75,16,354.679401
16.75,20,354.745752
-0.75,1,354.749286
4.75,12,354.789633
2.25,7,354.814983
9.25,21,354.883187
3.25,9,354.913807
-0.25,2,354.921529
-11.25,13,354.964836
2.25,4,354.979875
-0.25,2,354.987438
0.25,3,354.997938
2.25,7,355.021047
3.5,13,355.063143
7.0,14,355.10681
1.75,6,355.124763
17.0,21,355.184012
7.25,17,355.228673
0.75,4,355.239385
17.0,21,355.295311
-0.25,2,355.300686
-0.25,2,355.306664
1.25,5,355.320006
16.5,23,355.383635
14.25,18,355.431352
-0.25,2,355.437645
12.0,24,355.505452
3.75,10,355.533633
3.5,13,355.907044
0.75,1,355.910541
13.25,20,355.964669
-4.75,17,356.011448
-0.75,1,356.014511
-0.25,2,356.020222
1.25,5,356.035261
12.25,23,356.108855
7.25,15,356.151543
9.5,16,356.19662
-0.25,2,356.202392
5.75,14,356.241231
5.75,14,356.280389
-0.75,1,356.283522
3.25,9,356.309202
13.0,14,356.350049
0.75,1,356.353411
2.25,7,356.374763
0.75,1,356.378162
1.75,15,356.416397
-0.75,1,356.419469
0.75,4,356.43129
2.75,11,356.461313
20.5,28,356.536916
-0.75,1,356.540363
-0.75,1,356.543503
1.25,8,356.564892
-1.25,3,356.573317
7.5,15,356.617064
2.75,8,356.639467
0.75,1,356.642747
2.75,8,356.663274
1.75,4,356.674269
-4.25,6,356.689421
10.5,12,356.721299
-0.25,2,356.728454
8.75,11,356.759557
10.75,20,356.814633
-0.75,1,356.817614
12.25,27,356.888196
-0.25,2,356.894448
0.25,3,356.90324
1.25,5,356.918019
7.25,17,356.961998
-8.25,10,356.989188
0.75,1,356.992254
4.25,11,357.020636
8.75,23,357.091477
4.5,12,357.125687
-6.25,11,357.156761
10.0,20,357.216199
12.75,26,357.291305
7.0,14,357.688537
10.0,17,357.73506
-0.25,2,357.740682
-0.25,2,357.746173
-0.25,2,357.751394
17.75,21,357.810276
9.75,14,357.849655
0.75,10,357.877218
3.75,7,357.900114
-0.75,1,357.903668
7.25,17,357.954343
-0.25,2,357.961145
-0.25,2,357.966871
-7.25,9,357.990289
2.75,8,358.013344
13.5,20,358.073595
9.25,11,358.105702
-0.25,2,358.11202
2.75,8,358.134793
13.75,19,358.189175
3.75,10,358.216969
4.25,11,358.245671
3.25,12,358.276715
3.75,10,358.302436
16.25,24,358.366501
14.25,23,358.425743
0.75,4,358.436627
-2.25,4,358.447043
10.75,14,358.483023
14.25,17,358.530668
-0.25,2,358.536277
-0.75,1,358.539456
4.75,12,358.570448
4.25,11,358.60309
0.25,3,358.612331
4.25,11,358.649589
13.0,15,358.695788
4.75,12,358.729908
-1.75,8,358.75394
6.75,15,358.796493
16.0,18,358.844577
-0.75,1,358.84762
6.25,15,358.88478
1.75,6,358.90052
-0.75,1,358.903466
8.5,17,358.947996
-0.25,2,358.953415
0.25,25,359.01907
-0.25,2,359.024541
-1.75,5,359.039125
8.75,15,359.104703
9.5,19,359.543217
4.25,11,359.576544
-0.25,2,359.582833
13.5,16,359.629233
2.25,7,359.650515
-0.25,2,359.656733
5.25,13,359.692772
1.75,6,359.710052
14.5,16,359.757087
-2.25,14,359.796831
7.75,18,359.853014
2.75,8,359.873776
4.25,11,359.901603
0.75,1,359.904429
0.25,22,359.966391
16.25,26,360.035942
7.5,15,360.078451
9.25,21,360.139388
3.25,9,360.166472
18.75,19,360.218796
0.75,1,360.22243
19.0,20,360.274441
0.25,3,360.282617
0.75,1,360.285547
-4.75,15,360.326401
12.0,16,360.36994
-0.75,1,360.373375
-0.75,1,360.376329
4.75,12,360.406625
-0.25,2,360.412121
0.25,3,360.420198
5.75,11,360.449174
0.25,3,360.456706
5.25,13,360.489375
-0.75,1,360.492243
-10.25,12,360.526562
-0.75,1,360.52955
0.25,6,360.545762
-0.25,2,360.550807
-0.25,2,360.556053
0.75,1,360.559001
9.5,22,360.619274
3.25,9,360.644051
9.0,18,360.690717
-0.75,1,360.693942
0.75,1,360.696977
-8.25,10,360.723185
0.75,4,360.734297
4.75,12,360.770144
2.25,4,360.780988
-0.75,1,360.783962
-0.75,1,360.786657
0.75,1,360.789526
6.75,13,360.823219
0.75,4,360.833707
-3.25,11,360.862531
0.75,1,360.865564
15.5,22,360.925178
-0.75,1,360.928013
0.25,3,361.287771
7.0,14,361.33258
-0.25,2,361.33942
0.75,1,361.343225
-0.75,1,361.346371
1.75,6,361.363379
0.25,3,361.372472
9.0,18,361.426595
0.75,1,361.42971
2.75,11,361.461849
1.25,5,361.475016
1.25,5,361.488433
25.25,37,361.593164
9.0,18,361.644732
-0.25,2,361.650574
9.25,21,361.709482
-0.25,2,361.715437
14.25,21,361.77607
1.25,5,361.789418
-1.25,3,361.797734
0.75,4,361.809426
8.75,20,361.8676
0.25,3,361.876444
17.25,24,361.947942
-0.75,1,361.950959
2.75,8,361.972006
6.25,15,362.010988
5.25,13,362.048471
-0.25,2,362.054077
0.75,1,362.057662
7.5,15,362.097403
-0.25,2,362.103343
1.75,6,362.11951
17.5,21,362.175057
-0.25,2,362.180644
-0.75,1,362.18369
18.75,19,362.234056
10.25,13,362.26781
0.25,3,362.276445
-7.25,13,362.313325
4.75,12,362.34857
-0.75,10,362.378568
-0.25,2,362.384698
0.75,4,362.395688
4.25,16,362.439529
0.75,4,362.45043
0.75,4,362.461137
5.75,14,362.496134
1.25,5,362.508367
0.25,3,362.515836
1.75,6,362.532194
-0.25,2,362.537821
0.75,1,362.540939
4.25,11,362.568526
2.75,5,362.581972
1.25,5,362.595431
10.75,20,362.658466
3.75,10,362.685923
8.75,20,363.145094
-0.75,1,363.148163
-0.75,1,363.151117
1.75,4,363.162342
1.25,5,363.175739
-0.25,2,363.181235
3.75,10,363.207303
0.25,3,363.21499
0.75,4,363.225959
-0.25,2,363.231384
1.75,3,363.23948
12.0,16,363.280474
4.75,12,363.31412
0.75,1,363.317048
8.25,19,363.366377
0.25,3,363.376092
5.75,14,363.413495
-0.75,1,363.416451
9.5,19,363.469045
-1.25,1,363.472385
3.25,9,363.50365
2.25,7,363.521492
0.25,3,363.529784
1.75,6,363.547147
3.75,10,363.576126
-0.75,1,363.579249
0.75,1,363.582186
6.0,12,363.619457
0.25,3,363.629672
-0.75,1,363.632972
12.5,17,363.67935
-0.75,1,363.682426
1.25,5,363.696953
8.75,13,363.735008
-0.75,1,363.738469
-0.25,2,363.744449
0.25,3,363.753331
-4.25,6,363.768562
-2.25,10,363.795577
7.25,17,363.842972
0.75,1,363.845954
11.5,13,363.88157
6.25,15,363.925428
0.75,4,363.936211
0.75,1,363.939123
4.25,11,363.968672
12.25,14,364.005494
16.5,23,364.07097
24.0,27,364.145725
8.25,19,364.197716
1.75,6,364.21611
-0.25,2,364.221999
1.75,12,364.257154
8.25,16,364.300645
-0.75,1,364.303538
0.75,1,364.306273
11.25,25,364.375596
-0.75,1,364.37896
6.25,14,364.415337
0.75,4,364.426144
-0.75,1,364.429011
-0.75,1,364.432019
0.75,1,364.43548
0.75,1,364.438498
-0.25,2,364.444402
-0.75,1,364.44746
3.25,9,364.470431
-0.75,1,364.47338
-1.25,3,364.481922
19.25,41,364.924495
0.75,1,364.927672
0.75,1,364.931381
6.75,13,364.96577
0.25,3,364.973618
-5.75,27,365.047392
-2.75,13,365.081072
2.75,8,365.101995
3.25,9,365.126579
-0.75,1,365.129616
9.25,21,365.18488
-0.25,2,365.190374
-0.75,1,365.193452
12.5,25,365.25834
-0.75,1,365.261643
1.25,5,365.275476
-0.25,2,365.280716
8.25,22,365.338872
1.25,5,365.353227
-0.75,1,365.356076
-0.25,2,365.361612
0.25,3,365.369063
13.0,22,365.425294
-0.75,1,365.428119
4.25,11,365.45736
15.0,18,365.502469
-0.75,1,365.505452
0.75,3,365.514015
1.25,5,365.527703
8.0,16,365.56823
2.25,7,365.586344
-0.75,1,365.589314
-0.75,4,365.601579
-0.25,2,365.607883
0.75,4,365.619137
9.25,15,365.662088
-1.25,3,365.669976
5.75,14,365.706636
3.75,16,365.748798
-0.25,2,365.754283
13.5,19,365.803294
1.75,6,365.82012
-7.75,14,365.858207
-0.75,1,365.861275
1.25,5,365.874461
0.75,1,365.877476
-1.25,3,365.885705
11.75,15,365.924602
0.75,1,365.927681
-0.25,2,365.93824
0.75,1,365.941927
-0.75,1,365.945677
-0.75,1,365.949157
-0.75,1,365.952455
-0.75,1,365.955809
6.5,13,365.992687
-0.25,2,365.998046
2.25,7,366.017855
-0.75,1,366.020742
-0.75,1,366.024195
0.75,4,366.035167
3.75,10,366.065707
-0.25,2,366.071908
-0.75,1,366.075699
-3.25,5,366.091469
5.25,10,366.121362
7.5,12,366.15614
-0.75,1,366.159199
16.0,18,366.209014
9.25,16,366.249796
10.25,16,366.642744
7.25,17,366.691981
11.25,16,366.737075
-5.75,9,366.762741
-2.75,9,366.789477
-0.75,1,366.793095
-0.75,1,366.796377
0.75,1,366.799923
0.75,1,366.80294
-0.25,2,366.809767
0.25,3,366.817646
-0.25,2,366.823489
3.25,19,366.889546
14.0,17,366.944385
1.75,6,366.963263
17.5,22,367.019726
10.25,13,367.054819
12.0,19,367.109089
1.25,5,367.123572
1.25,5,367.138813
3.25,9,367.16632
13.0,16,367.212696
-0.25,5,367.227857
-1.25,3,367.236612
17.5,23,367.296638
10.75,14,367.333348
4.25,6,367.349085
0.75,1,367.351737
-0.75,1,367.354541
0.25,3,367.362927
-0.75,1,367.366082
-4.25,9,367.390513
1.25,5,367.403542
0.25,6,367.420218
-0.25,2,367.426275
10.5,12,367.458041
-0.25,2,367.464278
9.25,13,367.498326
-0.25,2,367.503639
1.25,5,367.517882
0.75,1,367.520722
0.5,19,367.574162
-0.75,1,367.577155
1.75,6,367.592939
0.75,4,367.603871
1.75,6,367.620925
3.25,9,367.646759
8.75,15,367.68932
1.75,6,367.705736
-0.25,2,367.711875
-0.75,1,367.715207
-0.75,1,367.718293
8.0,16,367.766545
2.25,7,367.78609
1.25,5,367.800705
8.0,16,367.844595
2.75,8,367.868265
11.0,22,367.926275
25.0,26,367.994594
16.25,26,368.061343
0.25,3,368.069363
-0.25,2,368.074982
1.75,6,368.469129
4.75,12,368.50316
0.25,3,368.512208
-0.75,1,368.516018
4.75,12,368.549543
9.75,14,368.587522
14.25,20,368.64566
5.75,11,368.677811
1.25,5,368.692249
-3.25,5,368.706262
-2.25,11,368.73851
0.75,1,368.741753
0.75,1,368.744858
6.25,15,368.787431
-0.75,1,368.790867
0.75,1,368.794082
3.25,9,368.819068
1.25,5,368.833451
5.75,14,368.872382
3.25,9,368.898072
5.25,13,368.935655
-0.75,1,368.938362
-1.25,3,368.947189
0.25,3,368.956066
6.5,13,368.997547
-0.25,2,369.003274
12.0,13,369.038341
-3.25,5,369.051995
0.75,1,369.054967
-0.75,1,369.058347
-0.75,1,369.06154
-5.75,15,369.102323
0.75,4,369.116132
0.25,3,369.125073
-0.75,1,369.128322
-2.75,6,369.145156
-0.75,1,369.148491
2.25,7,369.168518
-0.75,1,369.171512
0.25,3,369.180575
0.75,1,369.183647
12.5,25,369.256841
2.75,7,369.275461
-0.75,1,369.278238
-0.75,1,369.281303
0.75,4,369.292266
14.5,16,369.3377
12.0,24,369.39965
2.25,7,369.419117
6.75,13,369.451972
0.75,1,369.45494
16.75,22,369.513855
-0.75,1,369.516849
8.5,17,369.565808
0.75,1,369.568988
3.75,10,369.596496
1.75,4,369.60636
0.25,3,369.614122
15.0,18,369.659421
0.25,3,369.669357
-0.25,2,369.675134
0.75,13,369.711309
0.25,3,369.719195
-0.75,1,369.722153
2.75,8,369.744784
7.25,20,369.79611
2.75,8,369.819521
-0.75,1,369.822556
4.75,12,369.854953
6.75,13,369.890168
-0.25,2,370.242825
5.25,16,370.286206
13.5,27,370.364018
6.25,15,370.406934
8.0,16,370.448705
-3.25,5,370.462043
-0.25,2,370.467632
0.75,1,370.470532
12.5,25,370.539347
0.75,1,370.542608
-0.25,2,370.548047
0.75,4,370.558961
13.75,18,370.60668
-0.25,2,370.612625
-0.25,2,370.618428
7.25,15,370.659323
0.75,1,370.662679
0.25,3,370.673246
6.25,15,370.720357
0.25,3,370.731113
5.75,14,370.771532
0.75,4,370.782617
-0.25,2,370.787985
15.25,20,370.842975
10.25,13,370.877722
0.25,3,370.885746
-2.75,9,370.910894
-0.25,2,370.917089
5.25,13,370.953808
-0.75,1,370.957121
8.25,16,371.000838
2.75,8,371.022913
-0.75,1,371.026252
5.25,13,371.066606
20.0,28,371.192799
-1.25,3,371.204323
0.75,1,371.208955
2.75,11,371.247849
6.75,13,371.291103
-1.75,5,371.305172
1.25,5,371.320115
0.25,3,371.329483
0.75,1,371.332599
0.75,4,371.344188
2.25,7,371.363193
0.25,3,371.371122
9.5,19,371.421005
-0.25,2,371.427104
-1.75,8,371.449617
-0.75,1,371.452463
-0.25,2,371.45815
23.0,26,371.526276
1.25,5,371.539216
2.75,8,371.564858
-1.25,3,371.57583
0.25,3,371.586514
0.75,4,371.600607
1.25,5,371.616472
1.75,6,371.636842
-1.75,5,371.65282
5.25,10,371.684015
2.75,5,371.698292
0.75,4,371.709654
-0.75,1,371.712518
-0.75,1,371.715709
1.25,17,372.099752
3.25,9,372.12411
-0.75,1,372.126991
14.75,29,372.200866
-0.75,1,372.203776
9.75,14,372.240554
-0.75,1,372.243633
-0.75,1,372.246638
14.5,29,372.326773
-0.75,1,372.329717
2.25,4,372.341255
0.75,1,372.34443
5.75,17,372.389189
8.75,20,372.44217
0.75,4,372.452543
-0.25,2,372.457942
1.75,6,372.474705
-5.25,7,372.493871
-0.25,2,372.500321
10.75,20,372.554045
2.25,7,372.573528
5.75,16,372.617914
-0.25,2,372.624461
-0.75,1,372.627923
0.25,3,372.636382
5.5,17,372.679784
-0.25,2,372.685475
15.25,20,372.737498
3.75,10,372.762823
0.25,3,372.770996
11.0,22,372.827607
3.75,10,372.852975
10.0,18,372.900719
-1.25,3,372.908947
0.75,1,372.912089
-0.25,2,372.917872
0.25,3,372.926141
2.25,7,372.943726
1.25,5,372.956141
-0.75,1,372.959308
5.25,13,372.99283
4.25,11,373.024907
2.75,14,373.064282
0.75,1,373.067401
-2.25,14,373.104779
11.5,23,373.168408
-0.75,1,373.171468
-0.75,4,373.182899
-0.75,1,373.186066
7.75,15,373.227848
10.0,20,373.282385
-0.25,2,373.287767
-0.25,2,373.294186
1.25,14,373.333166
6.0,12,373.376851
2.75,8,373.402469
0.25,3,373.411855
12.0,20,373.471884
0.75,1,373.475567
5.75,14,373.878432
9.75,19,373.934138
2.75,8,373.956395
1.75,6,373.97289
7.5,15,374.014235
13.5,27,374.087195
0.25,3,374.096453
0.75,4,374.108394
-0.75,1,374.111482
-0.25,2,374.117621
2.25,7,374.137511
2.25,7,374.15638
5.75,14,374.193549
5.25,13,374.230912
7.25,17,374.27701
5.75,14,374.316429
-0.25,2,374.3222
0.75,1,374.326012
-2.25,4,374.339595
1.75,6,374.358422
11.75,16,374.404645
0.75,4,374.41595
9.25,17,374.460564
2.25,7,374.479144
5.75,11,374.508902
-0.75,4,374.518997
-0.25,2,374.524825
2.25,7,374.543861
2.75,8,374.56512
-0.25,2,374.570682
15.0,17,374.614825
8.75,20,374.668222
0.25,3,374.676128
5.25,13,374.709917
10.25,15,374.751413
6.75,13,374.785869
0.75,4,374.796238
9.75,17,374.840345
12.5,14,374.878445
-1.25,12,374.908427
-0.75,1,374.911442
4.75,12,374.942868
9.75,22,374.998502
1.25,5,375.011526
5.75,14,375.046385
8.5,17,375.089886
-4.25,12,375.122634
2.75,8,375.145434
8.5,14,375.183819
9.5,19,375.233345
-0.75,1,375.236306
6.25,15,375.613348
6.5,16,375.657047
1.25,5,375.670864
3.75,10,375.698372
2.25,4,375.711451
28.0,46,375.843293
12.75,24,375.910793
17.0,21,375.968701
1.25,5,375.987374
-0.75,13,376.023362
6.75,12,376.058518
2.75,8,376.083751
-0.75,1,376.087107
10.5,21,376.149924
-0.75,10,376.176654
0.75,4,376.187003
0.25,13,376.220551
11.5,13,376.256241
-1.25,3,376.264977
0.25,3,376.27317
4.75,12,376.305072
-3.25,5,376.318803
6.25,15,376.35813
0.75,1,376.361217
1.75,6,376.379711
3.25,12,376.413016
3.25,9,376.440705
8.75,20,376.498483
-0.75,1,376.501346
7.25,17,376.544016
0.75,4,376.553927
3.25,9,376.578639
0.75,1,376.581863
5.25,13,376.621009
-0.25,8,376.643338
1.75,6,376.660121
-0.75,1,376.663254
0.75,1,376.666873
4.75,9,376.695454
1.75,6,376.714771
0.25,3,376.723705
13.5,27,376.806902
-0.25,2,376.813496
13.0,14,376.860519
0.25,18,376.909266
14.25,27,376.98055
12.0,13,377.016983
5.75,14,377.376864
9.0,18,377.426514
0.75,1,377.429659
4.25,11,377.459065
0.75,4,377.469221
6.25,14,377.505525
19.0,24,377.566071
2.75,8,377.587081
0.75,14,377.624463
19.25,25,377.686917
-0.75,1,377.689803
-0.25,2,377.695628
-1.25,3,377.703454
-0.25,2,377.709063
-3.0,17,377.75553
4.25,11,377.784101
-0.25,2,377.789629
12.0,22,377.849678
8.0,16,377.89244
0.75,1,377.895483
-0.75,1,377.898425
-6.75,16,377.940358
8.0,16,377.983361
2.75,8,378.004596
10.0,20,378.058341
23.0,24,378.121975
15.0,20,378.174833
6.75,16,378.217676
1.75,6,378.233154
0.25,3,378.241167
6.5,13,378.274735
-7.25,9,378.299448
-0.25,2,378.304909
-0.75,1,378.308256
14.0,18,378.355371
8.25,16,378.39899
22.5,43,378.511348
-1.75,5,378.524784
3.25,6,378.540267
-0.75,1,378.543616
9.5,19,378.594786
0.75,4,378.606128
0.75,1,378.609485
3.25,28,378.688101
0.75,4,378.700229
-0.75,1,378.703328
-0.25,2,378.709271
11.75,15,379.061663
5.0,19,379.111691
2.75,14,379.150464
0.75,4,379.161845
-0.75,1,379.165059
10.5,21,379.219267
1.75,3,379.227378
-0.75,1,379.230226
13.0,19,379.278351
11.75,14,379.314436
5.75,14,379.351665
-0.75,1,379.354588
2.75,8,379.37658
10.5,12,379.412239
11.25,14,379.448428
-6.25,8,379.469092
5.25,19,379.517422
-0.75,1,379.520334
3.75,10,379.546664
10.5,20,379.597805
9.5,19,379.647168
4.75,15,379.686784
0.75,1,379.689786
7.5,15,379.72898
6.5,13,379.763414
-10.0,13,379.797059
4.75,12,379.827147
13.0,22,379.881561
7.75,11,379.909303
-0.75,1,379.912273
7.75,13,379.944983
8.5,17,379.98927
10.0,20,380.038888
12.0,17,380.083584
1.25,5,380.096781
1.75,6,380.112477
4.75,12,380.143224
0.75,4,380.153417
0.75,1,380.156488
10.25,23,380.216107
1.25,5,380.229638
31.0,34,380.319424
-0.75,1,380.322625
1.75,6,380.340702
-0.25,2,380.347569
0.25,3,380.356019
0.75,1,380.359357
2.75,8,380.385624
9.75,14,380.821529
-8.25,13,380.858562
4.25,11,380.89113
6.25,15,380.936311
-0.75,1,380.939441
-0.25,2,380.945573
-2.75,13,380.982415
-0.75,1,380.985604
16.5,23,381.046293
12.5,25,381.119737
-0.25,2,381.125782
2.25,7,381.144581
13.25,29,381.221727
-0.75,1,381.22488
6.0,12,381.264304
1.75,6,381.281317
3.25,9,381.305374
0.25,3,381.313555
-0.75,1,381.316639
-2.25,22,381.374203
-0.75,4,381.385231
15.0,18,381.43292
-4.75,11,381.461203
7.0,14,381.49877
-10.25,12,381.530702
0.75,1,381.533687
1.75,18,381.583689
6.75,16,381.626127
4.25,11,381.656765
7.25,14,381.692754
10.0,20,381.743648
-11.25,13,381.775822
0.25,3,381.783988
-0.75,1,381.786896
1.25,5,381.800277
3.75,10,381.829413
12.75,17,381.873309
2.25,10,381.89872
0.75,1,381.901483
2.25,7,381.920605
1.75,21,381.974293
8.25,19,382.024669
0.25,3,382.033676
8.5,17,382.082161
9.25,13,382.118812
13.5,16,382.164413
7.75,18,382.545781
12.25,15,382.588366
0.75,1,382.591756
3.25,9,382.616019
8.25,19,382.670155
1.25,5,382.683735
-3.25,5,382.697218
3.25,9,382.719783
-0.75,1,382.722834
0.75,4,382.734799
-0.25,2,382.740581
-0.75,1,382.74405
6.75,10,382.770576
22.5,43,382.883307
-0.25,2,382.888543
-0.25,2,382.894771
-0.75,1,382.898099
1.25,5,382.911647
3.75,13,382.946423
0.75,4,382.957822
1.75,6,382.973516
-1.25,3,382.982024
0.25,4,382.993468
4.25,11,383.023021
12.75,16,383.06991
0.75,4,383.081174
9.25,15,383.135733
4.75,12,383.171243
29.0,46,383.30411
7.75,18,383.357124
3.75,10,383.387527
-0.25,2,383.393705
-0.75,1,383.397115
3.25,9,383.423049
0.75,1,383.428321
-0.75,1,383.433688
0.25,3,383.444365
5.75,14,383.485895
-2.25,4,383.497127
14.5,29,383.578277
-0.25,2,383.584341
4.25,11,383.614954
10.75,13,383.653854
-0.25,2,383.659804
10.75,13,383.694411
4.75,12,383.726318
3.75,10,383.755403
0.25,3,383.764125
-0.25,2,383.769603
5.25,13,383.805297
0.75,1,383.80869
-0.25,2,383.814541
-0.75,1,383.817785
12.25,19,383.869199
-1.25,3,383.877523
0.25,3,383.886199
-0.25,2,383.892482
1.25,5,383.90786
-0.75,1,383.911056
-0.75,1,383.914219
-0.25,2,383.919917
11.0,17,383.970284
8.25,19,384.355095
0.75,4,384.366876
1.75,6,384.385491
2.75,8,384.4106
-5.25,14,384.448624
-0.25,2,384.453751
-0.25,2,384.459502
0.25,3,384.468502
0.25,3,384.477079
-0.75,1,384.480088
6.75,16,384.521333
-0.25,2,384.527805
0.25,3,384.535886
2.25,7,384.554139
0.75,4,384.564399
-5.25,7,384.582774
0.25,3,384.591097
0.25,3,384.598641
-0.75,1,384.601473
23.25,30,384.677364
1.25,5,384.690757
13.5,27,384.761167
6.75,16,384.804096
-1.25,3,384.812491
7.25,17,384.857344
13.5,19,384.907564
-4.25,6,384.923593
0.25,3,384.93189
7.75,18,384.978174
0.75,1,384.981158
0.75,1,384.984047
0.75,1,384.987125
7.25,17,385.036897
0.75,1,385.040136
9.0,16,385.082194
3.25,9,385.107043
1.25,5,385.121857
-0.25,8,385.144723
-0.75,1,385.148074
6.25,12,385.180773
5.25,13,385.21572
0.25,3,385.223777
0.75,1,385.226875
4.75,12,385.259562
-0.75,1,385.263121
15.5,29,385.342758
0.75,4,385.353753
3.75,10,385.382286
0.75,1,385.385426
3.75,10,385.414324
0.75,4,385.425948
0.75,1,385.429045
5.75,15,385.469149
1.75,6,385.485182
1.75,6,385.502329
0.75,1,385.505368
-0.75,1,385.508942
-0.25,2,385.514862
-0.75,1,385.517866
0.75,4,385.529152
-0.75,1,385.532332
-0.75,1,385.535302
-0.75,1,385.538306
17.75,25,385.605306
1.25,5,385.619349
-4.25,6,385.637191
2.25,7,385.657101
1.75,4,385.669703
-0.75,1,385.673075
0.75,4,385.685332
0.75,1,385.689245
-0.25,2,385.695714
10.0,19,386.118965
-1.25,1,386.122017
0.75,1,386.125683
0.75,1,386.129261
-0.75,1,386.132584
9.75,17,386.178438
-4.25,6,386.195186
3.25,6,386.211415
5.25,13,386.24493
12.0,16,386.288365
-1.25,3,386.297117
0.25,3,386.304868
7.5,15,386.347018
-0.25,2,386.352489
-0.75,1,386.355565
12.25,27,386.431691
7.5,15,386.471336
0.75,1,386.474842
1.75,6,386.490351
3.75,10,386.518015
-0.75,1,386.520911
4.75,12,386.551963
1.75,6,386.568499
5.75,14,386.604091
2.75,8,386.627489
2.75,8,386.649327
15.25,20,386.702199
10.75,24,386.766426
-0.25,2,386.771912
7.0,14,386.809975
18.75,19,386.863734
-0.75,1,386.86678
-0.25,2,386.871982
3.75,10,386.900259
-0.25,2,386.906372
6.75,16,386.955293
20.75,28,387.036664
0.75,1,387.039672
1.25,5,387.055567
1.25,5,387.069707
-0.75,1,387.072668
15.75,21,387.134305
3.75,5,387.148324
2.75,8,387.169715
12.5,25,387.242465
-6.25,8,387.26408
8.5,17,387.310848
1.75,6,387.32918
3.25,9,387.353409
13.5,27,387.433578
14.5,26,387.508013
0.25,3,387.516265
-0.75,1,387.519162
-0.75,1,387.521882
0.25,3,387.5302
-2.75,9,387.919871
3.75,10,387.947905
2.25,7,387.967398
-2.25,4,387.979635
5.75,14,388.018439
-0.75,1,388.021407
-0.25,2,388.028047
4.25,11,388.062856
6.75,16,388.109124
1.75,6,388.126568
-0.25,2,388.132659
3.75,10,388.161388
0.25,3,388.170318
2.75,8,388.194806
6.75,16,388.240124
-0.75,1,388.24341
8.5,17,388.297604
-0.75,1,388.300802
-1.25,3,388.309535
0.75,4,388.320815
-0.75,1,388.324143
-3.25,8,388.350725
-0.25,2,388.356593
1.25,5,388.371632
1.25,9,388.400752
13.0,26,388.471541
0.75,4,388.482762
0.25,3,388.491159
0.75,4,388.502786
0.75,1,388.505922
0.25,3,388.515006
0.75,1,388.517991
12.0,13,388.554211
1.25,5,388.568341
-0.75,1,388.571349
-0.25,2,388.577099
0.75,1,388.579877
-0.25,2,388.585513
0.75,1,388.588407
14.5,26,388.658341
20.5,30,388.743671
0.75,1,388.746933
0.75,1,388.750344
9.25,13,388.789903
1.25,5,388.803423
-0.75,1,388.806795
0.75,1,388.809793
6.0,12,388.841502
-0.25,2,388.847249
-0.25,2,388.852767
3.75,10,388.88077
-0.75,1,388.883695
-0.25,2,388.889438
-0.75,1,388.892935
10.25,23,388.9577
10.25,16,389.001724
6.75,16,389.047722
1.25,9,389.073247
13.25,21,389.133192
-0.75,1,389.136399
13.25,29,389.218128
2.25,7,389.238787
0.75,4,389.249699
-0.75,1,389.25262
-0.25,2,389.258281
10.5,21,389.313236
6.75,13,389.351305
13.5,20,389.746184
7.75,14,389.783329
11.75,19,389.836531
2.25,7,389.856432
6.0,12,389.889345
-0.25,2,389.895592
0.25,3,389.904063
1.75,6,389.920185
0.75,1,389.922976
5.25,13,389.962251
14.25,17,390.010111
0.75,4,390.021508
-2.25,7,390.041564
-1.25,3,390.0504
6.25,15,390.092366
-4.25,6,390.109501
0.75,4,390.120489
3.75,10,390.146692
1.25,5,390.161223
-0.75,1,390.164331
3.75,10,390.192348
9.5,16,390.237
-0.75,1,390.240543
3.25,9,390.266113
6.25,13,390.301226
-5.75,13,390.338178
10.75,24,390.406113
0.25,3,390.41474
-0.75,1,390.417892
6.25,15,390.462202
3.25,9,390.490596
1.25,5,390.506957
0.75,1,390.510163
7.25,17,390.562232
4.25,11,390.597335
10.5,19,390.655461
0.75,1,390.658835
13.25,18,390.710043
16.75,22,390.772529
5.75,14,390.815668
0.75,4,390.826859
-1.25,6,390.845821
6.25,15,390.889056
8.0,16,390.934883
-0.25,2,390.941383
0.75,1,390.944643
9.25,21,391.000257
0.25,3,391.008213
0.25,3,391.016299
2.25,7,391.034887
0.25,3,391.043396
2.75,8,391.064521
-0.75,1,391.06763
-3.75,7,391.087538
2.75,8,391.11181
-0.25,2,391.117141
1.25,5,391.131317
1.75,6,391.149561
3.25,15,391.522204
6.75,19,391.577135
2.25,7,391.599126
-4.75,11,391.631778
11.0,22,391.696768
1.75,6,391.715256
-5.75,12,391.752385
-0.25,2,391.758812
1.75,6,391.777625
-0.75,1,391.781011
8.25,19,391.83692
0.75,4,391.848809
5.75,14,391.887795
-0.25,2,391.89385
-0.75,1,391.897184
8.25,19,391.954196
-4.75,11,391.98823
12.5,25,392.060914
-0.75,1,392.063614
-0.75,1,392.066609
9.25,14,392.105532
2.75,8,392.130439
6.25,15,392.169054
8.5,17,392.219593
15.75,20,392.279633
14.0,23,392.348206
6.75,13,392.388839
1.75,6,392.408364
6.25,12,392.443645
-4.25,6,392.460985
2.75,8,392.483182
11.5,15,392.524238
-0.25,2,392.530089
0.75,1,392.533337
5.75,14,392.570536
1.25,5,392.584153
-0.75,1,392.587065
2.75,20,392.644748
4.25,14,392.683273
25.0,26,392.764024
6.25,15,392.803832
-2.25,4,392.814925
-0.75,1,392.817637
1.75,6,392.833683
4.75,15,392.876081
-0.75,1,392.879179
0.25,6,392.89522
-5.25,13,392.930388
22.0,30,393.381523
15.0,17,393.431738
0.75,4,393.44393
-1.25,3,393.452218
16.5,24,393.51984
5.25,13,393.556484
-0.75,1,393.559912
-0.75,1,393.563451
3.25,9,393.593806
2.25,7,393.614171
-0.25,2,393.619934
-0.75,1,393.623262
0.75,1,393.628045
-0.75,1,393.630925
3.75,10,393.65859
-8.25,10,393.687723
0.75,4,393.700081
7.0,14,393.739559
-0.25,2,393.745692
2.25,4,393.756288
11.5,17,393.800957
13.5,27,393.872938
-5.75,12,393.903858
-0.75,1,393.906879
14.25,26,393.975828
5.25,13,394.011075
1.75,6,394.02867
12.25,16,394.072921
1.25,5,394.086403
3.25,12,394.119194
-0.75,1,394.122877
-0.25,2,394.129615
-0.25,2,394.135424
-0.25,2,394.141519
-0.25,2,394.147234
3.75,10,394.174429
2.25,13,394.209165
-0.75,1,394.212113
-0.25,2,394.217515
0.75,4,394.229443
-1.25,3,394.237609
10.75,16,394.280729
1.25,5,394.293986
4.25,11,394.321477
-0.25,2,394.32778
0.75,1,394.33071
-0.75,1,394.333654
1.75,6,394.349259
5.25,13,394.38498
13.5,19,394.435157
-0.25,2,394.440662
3.25,24,394.504777
7.0,14,394.543289
4.25,11,394.57172
6.25,15,394.61262
9.75,16,394.656921
-3.25,5,394.671014
4.75,21,394.730906
-3.75,7,394.751114
6.75,12,395.221843
0.75,1,395.225366
0.75,1,395.229122
0.25,3,395.238193
11.5,28,395.315767
2.75,5,395.330504
13.0,20,395.391347
-4.75,20,395.448698
0.75,1,395.451593
3.25,9,395.477596
0.75,4,395.489151
22.0,23,395.549971
4.75,12,395.580789
6.5,13,395.615522
8.0,16,395.658428
11.75,14,395.696321
4.75,15,395.736384
-0.25,2,395.741995
7.0,14,395.780924
1.75,6,395.79702
5.25,14,395.833556
0.75,1,395.836469
16.75,27,395.912452
0.25,3,395.920752
-0.25,2,395.927413
-0.75,1,395.930878
5.75,14,395.974199
6.5,13,396.013376
0.75,1,396.016913
9.5,19,396.067929
0.75,4,396.079005
15.25,24,396.143267
0.25,3,396.151448
4.75,15,396.191002
-0.25,2,396.196356
3.75,10,396.222743
-0.75,1,396.225739
0.25,3,396.23307
7.75,13,396.265714
0.75,4,396.276177
-0.75,1,396.278965
-0.25,2,396.284246
0.75,1,396.287067
-0.25,2,396.292714
9.0,18,396.342658
1.25,5,396.35669
2.75,8,396.380909
12.75,24,396.45061
13.0,14,396.489018
17.0,21,396.550709
0.75,1,396.554234
4.25,11,396.586346
-2.75,9,396.61198
3.25,6,396.629408
3.75,10,396.989718
2.75,8,397.01454
1.25,14,397.054984
-3.25,8,397.078894
-0.75,1,397.082265
1.75,6,397.099625
18.25,24,397.167258
4.25,11,397.199423
-1.75,17,397.248598
0.25,3,397.257614
1.75,6,397.273817
-0.25,2,397.279816
8.25,19,397.331244
-0.75,1,397.33451
0.75,1,397.337829
-6.0,21,397.395516
2.75,8,397.417008
-0.25,2,397.422334
0.75,4,397.433816
1.75,6,397.448822
4.25,11,397.477353
-0.75,1,397.480572
8.25,17,397.525267
4.75,12,397.558214
0.25,3,397.567011
-0.25,2,397.573074
-0.75,1,397.576365
-0.75,1,397.579542
6.25,15,397.620095
8.25,16,397.666773
7.25,15,397.707059
10.5,14,397.746275
6.25,15,397.788817
0.25,3,397.797783
11.75,17,397.8466
2.25,7,397.867244
1.25,5,397.881113
17.0,21,397.936734
3.75,10,397.963542
-0.25,2,397.968849
6.25,12,398.001716
0.75,1,398.004452
12.0,22,398.067185
-1.25,3,398.074925
-0.75,1,398.077831
6.25,15,398.115739
1.25,5,398.12906
-1.25,6,398.145911
-4.75,17,398.190894
9.5,16,398.234973
-0.75,1,398.237756
1.75,6,398.252967
0.25,6,398.268703
6.25,15,398.306307
-2.25,4,398.317247
-0.75,1,398.320213
3.75,10,398.348863
-1.25,3,398.357294
0.75,1,398.360732
-10.75,14,398.713284
-0.25,2,398.718944
-0.75,1,398.721651
-2.25,4,398.733292
3.75,10,398.759613
23.5,31,398.844363
12.25,18,398.894648
-0.75,1,398.897706
6.25,12,398.929082
3.75,10,398.956225
2.25,7,398.975744
15.25,22,399.03356
16.0,19,399.086374
0.75,4,399.097386
-0.75,1,399.100544
0.25,3,399.109944
2.25,7,399.130059
1.75,6,399.146122
-0.25,2,399.152128
0.75,1,399.155066
5.75,11,399.186186
19.0,24,399.251594
0.25,3,399.261333
2.75,8,399.282482
4.25,11,399.312114
0.75,1,399.315465
-0.75,1,399.319112
7.25,17,399.36852
6.5,13,399.404461
3.75,10,399.432647
6.5,13,399.468873
1.75,6,399.486112
-0.75,1,399.489111
2.75,8,399.512758
-3.75,7,399.532969
-0.25,2,399.538518
5.25,16,399.584824
11.0,22,399.648227
-3.25,5,399.661531
-0.75,1,399.664675
8.5,14,399.701456
-10.25,12,399.734728
2.75,8,399.755909
0.75,1,399.759127
0.75,1,399.76211
9.75,14,399.799566
-0.75,1,399.802518
5.25,13,399.835997
14.75,19,399.88394
-6.75,13,399.917667
5.25,13,399.956221
0.25,3,399.965392
-0.75,1,399.968506
-0.75,1,399.971553
-0.75,1,399.974934
11.5,15,400.016477
9.75,18,400.06839
7.25,17,400.113714
16.0,19,400.504552
9.75,14,400.540505
-0.75,1,400.543411
0.75,4,400.554104
1.25,5,400.567398
7.75,12,400.59836
10.5,15,400.63952
-0.25,2,400.645435
7.75,15,400.684911
4.75,8,400.706473
5.75,14,400.746718
-0.25,2,400.752546
2.75,8,400.773682
8.25,19,400.827228
7.0,14,400.86435
1.75,6,400.879717
4.75,12,400.912071
2.25,7,400.930902
-0.75,1,400.933982
13.5,27,401.009825
3.25,9,401.035551
-3.25,11,401.0662
0.25,3,401.076044
-0.25,2,401.082414
16.0,19,401.133759
2.25,7,401.15274
12.25,24,401.218268
0.75,1,401.221131
-0.25,2,401.227773
1.25,5,401.24257
4.25,11,401.273364
-9.25,11,401.303947
1.25,5,401.318375
-2.25,10,401.349707
15.0,19,401.402157
5.75,14,401.439703
3.25,9,401.464074
9.0,16,401.507722
0.75,4,401.518188
6.25,15,401.556229
-0.25,2,401.56197
-0.75,1,401.56484
-2.25,4,401.57584
10.0,19,401.627372
-0.75,1,401.630457
-0.25,2,401.63609
-7.25,9,401.65986
7.75,21,401.712909
10.0,20,401.766043
-0.75,1,401.769075
-10.25,12,401.802504
8.5,17,401.852503
-3.25,5,401.867091
-0.25,2,402.198871
0.75,4,402.210313
8.25,19,402.265193
1.25,5,402.278998
2.75,8,402.300469
0.75,1,402.303358
0.75,4,402.315154
0.75,4,402.327484
0.75,4,402.337855
1.75,6,402.354504
9.5,19,402.412842
0.25,3,402.421425
4.75,12,402.456859
5.75,14,402.496959
17.5,23,402.570689
11.0,22,402.632728
7.25,14,402.669916
-0.25,2,402.676005
-4.25,9,402.702077
9.75,18,402.751813
-5.25,10,402.780112
3.25,9,402.808892
7.25,15,402.849887
1.25,5,402.863574
-0.75,1,402.8666
-0.75,1,402.869602
4.25,11,402.898194
5.75,11,402.928593
0.75,1,402.931751
14.75,19,402.983513
-0.75,1,402.98639
1.75,6,403.003315
-0.75,1,403.006678
2.25,7,403.028313
4.75,15,403.076017
-4.75,17,403.131556
0.25,6,403.149565
5.25,16,403.192995
-7.75,14,403.228669
-0.25,2,403.234276
0.75,1,403.23708
13.0,15,403.27848
3.25,9,403.303535
1.75,15,403.346684
10.25,12,403.379184
0.25,3,403.387509
17.0,22,403.447677
-0.75,1,403.4505
6.25,15,403.49175
9.75,22,403.554042
-0.75,1,403.55698
-0.75,1,403.560246
4.25,11,403.590499
5.25,13,403.627407
24.5,30,404.039639
-0.75,1,404.042689
-0.25,2,404.047724
-0.25,2,404.053293
3.75,10,404.079941
6.75,15,404.119793
-0.75,1,404.123048
9.0,18,404.168941
0.75,1,404.171877
1.25,5,404.18451
-0.25,2,404.189898
-7.75,14,404.227122
2.25,7,404.245167
4.75,12,404.278824
-3.25,5,404.295458
-0.75,1,404.298812
6.75,16,404.348093
-0.75,1,404.35141
10.5,21,404.410347
-0.75,1,404.413644
0.75,4,404.425039
-0.75,1,404.428435
0.75,1,404.431768
-1.75,8,404.452967
6.75,19,404.502395
-0.25,2,404.508389
-0.75,1,404.511535
5.25,16,404.554802
1.75,3,404.563848
9.25,21,404.623945
5.75,14,404.662709
8.25,16,404.704937
-0.75,1,404.708315
13.5,27,404.788489
7.25,17,404.837517
1.75,6,404.855554
12.0,14,404.893083
1.75,6,404.909451
0.75,1,404.912417
-5.75,6,404.928489
-7.25,9,404.952963
-0.25,2,404.959272
0.25,3,404.96784
-1.25,3,404.976441
0.25,3,404.984771
-0.75,1,404.987462
8.25,19,405.039064
13.25,32,405.126502
9.5,16,405.166727
0.75,4,405.177434
-1.25,6,405.194581
1.75,6,405.2112
22.0,23,405.273102
0.75,4,405.284702
2.75,8,405.30689
3.25,9,405.332399
9.25,13,405.364913
0.75,1,405.367878
9.5,17,405.745412
4.25,11,405.774634
-0.25,2,405.78019
-0.75,1,405.783123
-3.25,5,405.796439
12.0,16,405.839619
7.75,15,405.879714
4.75,12,405.912305
-0.75,1,405.915638
-0.75,1,405.918636
9.75,14,405.956537
1.25,5,405.969979
-0.75,1,405.973149
1.25,5,405.987129
8.0,13,406.022239
0.75,4,406.034448
9.25,15,406.083863
-0.75,1,406.087038
10.25,20,406.142283
-3.75,4,406.155921
8.75,10,406.188858
-0.75,1,406.192364
9.5,19,406.243178
8.25,19,406.294773
6.25,15,406.338702
10.25,19,406.390262
1.25,5,406.403511
14.0,21,406.459135
2.25,7,406.479199
2.25,4,406.490214
-0.75,1,406.493279
0.75,1,406.496214
7.75,14,406.53111
7.75,18,406.577538
4.75,12,406.613391
-1.25,3,406.622302
0.25,3,406.631624
-0.25,2,406.637919
9.25,21,406.694754
-0.75,1,406.698127
1.25,5,406.712954
0.25,3,406.721405
-0.75,1,406.72469
12.25,21,406.786692
8.0,16,406.829851
2.25,6,406.848192
12.5,25,406.91718
0.75,1,406.920614
10.5,21,406.980096
-0.75,1,406.983129
33.75,43,407.109156
7.75,18,407.156984
2.75,7,407.522278
9.5,19,407.576679
4.25,11,407.611383
4.25,11,407.643754
-0.25,2,407.649887
11.25,13,407.683297
-1.75,8,407.70385
6.75,16,407.745708
-0.75,1,407.748812
1.25,5,407.762806
-0.25,2,407.76834
1.75,6,407.784115
2.75,8,407.806282
-0.25,2,407.812178
3.75,10,407.838642
31.0,34,407.925148
-0.25,2,407.930902
13.0,14,407.971846
5.75,14,408.01062
3.75,10,408.036668
2.5,17,408.082641
0.75,4,408.094015
1.75,6,408.110815
-0.25,2,408.116837
7.25,10,408.144329
1.25,5,408.157806
-0.75,1,408.160968
1.25,5,408.175062
1.75,6,408.19155
22.0,28,408.266304
2.75,8,408.286331
-0.75,1,408.289198
5.75,14,408.329364
4.75,13,408.364881
2.25,7,408.384068
-0.75,1,408.386855
10.5,21,408.440634
5.25,16,408.481822
-0.75,1,408.484666
1.75,3,408.492821
2.75,8,408.513451
2.75,8,408.534917
-0.25,2,408.540617
-0.25,2,408.546897
0.25,3,408.555521
5.25,13,408.595294
0.75,1,408.598583
-0.75,1,408.602871
11.75,18,408.656172
-0.25,2,408.66199
-0.25,2,408.667698
-2.25,4,408.680496
17.0,21,408.738536
-0.25,2,408.744487
-0.75,1,408.747354
-0.75,1,408.750258
10.5,21,408.803647
22.0,23,408.86166
-0.75,1,408.86456
9.5,19,409.250399
1.5,12,409.284696
1.75,6,409.301484
-0.75,1,409.304512
2.25,4,409.315668
16.5,20,409.371918
-0.75,1,409.376431
-3.25,5,409.393112
13.25,18,409.443401
4.25,11,409.471895
1.75,6,409.488374
-0.25,2,409.494357
-0.75,1,409.497396
0.75,1,409.500402
3.75,10,409.529222
2.75,8,409.553378
11.75,15,409.596337
12.75,25,409.677133
-1.25,3,409.686185
1.25,11,409.717267
-0.25,2,409.723263
2.75,8,409.748788
-0.25,2,409.75529
1.25,5,409.770263
0.25,6,409.787829
4.75,12,409.820999
8.5,17,409.873362
-0.25,2,409.880221
1.75,6,409.897259
4.75,12,409.929751
12.25,17,409.978144
6.25,15,410.02089
0.25,9,410.048867
0.25,6,410.065618
0.25,3,410.073799
-0.25,2,410.079956
4.75,12,410.116931
5.25,16,410.164062
7.5,15,410.204129
4.75,12,410.233873
8.75,16,410.274773
23.0,26,410.34357
-0.25,2,410.349673
5.25,13,410.387553
-1.75,5,410.403642
14.0,28,410.478145
7.25,17,410.520772
10.75,14,410.555461
0.75,4,410.565579
13.75,17,410.609264
8.25,19,410.659827
0.75,1,410.662702
12.0,16,411.05985
1.25,5,411.073769
2.25,7,411.093735
0.75,16,411.145119
13.0,14,411.183628
-0.75,1,411.186551
11.75,19,411.234729
-0.75,1,411.23788
0.75,1,411.241217
0.25,3,411.25028
3.25,9,411.275722
-1.25,3,411.283136
5.75,14,411.318213
8.75,23,411.381943
0.75,1,411.385455
8.25,19,411.446379
4.25,11,411.476891
10.5,21,411.537581
-4.25,6,411.557894
2.75,8,411.583704
2.75,8,411.619405
-0.75,1,411.625754
2.75,5,411.643143
0.75,1,411.646625
8.5,17,411.694545
2.25,7,411.71304
20.5,41,411.819349
0.75,1,411.822275
0.25,3,411.830833
0.25,3,411.838638
16.5,23,411.90423
2.25,7,411.922536
5.25,13,411.955929
5.25,10,411.983655
-0.25,2,411.989125
13.0,16,412.031003
5.75,14,412.070997
12.0,24,412.136205
10.25,14,412.176949
0.75,1,412.180081
19.0,24,412.24638
1.25,5,412.259962
10.5,21,412.31669
9.0,18,412.368756
7.25,17,412.439448
-0.75,1,412.444639
5.25,13,412.500003
10.75,24,412.947477
8.75,12,412.980336
0.75,1,412.983235
1.25,5,412.997465
1.75,6,413.014355
12.0,24,413.080667
-1.25,3,413.089076
0.75,1,413.092233
9.0,18,413.140911
-0.25,2,413.147299
1.75,3,413.155537
16.5,23,413.219002
6.25,15,413.260617
8.0,16,413.305503
-0.75,1,413.308802
-0.25,2,413.314964
0.75,1,413.318158
-0.75,1,413.321309
1.75,6,413.34039
4.25,11,413.370547
0.75,1,413.37387
0.25,3,413.382244
1.75,6,413.398575
0.75,1,413.401474
-0.25,2,413.407012
-0.25,2,413.412506
-1.25,6,413.428202
-0.25,2,413.433685
-0.75,1,413.436536
-0.25,2,413.442482
0.75,1,413.445892
-17.25,19,413.496698
1.25,5,413.510272
8.25,22,413.567322
6.25,15,413.60927
7.5,15,413.647661
0.75,1,413.650586
1.25,5,413.663518
12.75,28,413.738229
12.0,20,413.789267
5.25,13,413.823292
0.25,3,413.831314
1.75,12,413.862467
7.25,17,413.908421
1.25,5,413.921515
8.75,13,413.957365
5.75,14,413.997374
25.0,26,414.067232
0.75,4,414.078691
1.25,5,414.092788
10.25,12,414.12518
9.5,16,414.167352
-0.75,1,414.170508
11.0,22,414.229067
-0.75,1,414.231923
9.5,22,414.288291
10.25,13,414.722298
0.75,1,414.726042
1.25,5,414.742656
8.5,17,414.792105
7.25,17,414.840212
-0.25,2,414.846247
-0.25,2,414.851807
1.75,6,414.86785
1.25,5,414.881638
-0.25,2,414.887254
-0.75,1,414.890491
13.75,18,414.938481
-0.75,1,414.941819
11.25,25,415.008452
13.0,14,415.045303
-0.75,1,415.04823
10.25,13,415.084736
2.75,8,415.108236
4.25,14,415.146556
0.25,3,415.15561
8.75,20,415.211253
20.5,41,415.316572
6.5,13,415.350703
-0.75,1,415.353434
-4.25,6,415.369349
-0.75,1,415.372294
-1.25,3,415.380843
-0.75,1,415.384459
7.25,20,415.435794
4.25,11,415.463546
-0.25,11,415.494011
4.75,12,415.525176
-0.75,1,415.52822
2.75,17,415.572122
0.75,1,415.575307
2.25,7,415.594512
-0.75,1,415.597542
0.25,6,415.615618
0.75,4,415.627225
-0.75,1,415.631136
4.25,11,415.663562
0.75,1,415.666779
5.25,13,415.702751
13.75,19,415.756926
0.75,1,415.760487
19.0,20,415.816227
-0.25,2,415.821308
-0.75,1,415.824378
-7.75,14,415.861393
-5.25,10,415.887172
3.25,9,415.914086
20.5,30,415.994142
1.5,12,416.026888
5.75,14,416.065883
9.5,19,416.477144
-3.75,13,416.514302
4.25,11,416.544086
8.5,17,416.587508
2.75,8,416.60962
-7.25,9,416.634743
0.75,4,416.646405
6.25,12,416.68651
0.75,1,416.690327
0.75,1,416.694297
-0.75,1,416.697739
13.0,26,416.800951
-0.25,2,416.806808
1.25,5,416.82267
0.75,19,416.887339
16.5,25,416.958497
-0.25,2,416.964871
1.25,5,416.979183
-0.25,2,416.984875
7.5,12,417.016901
-0.25,2,417.022437
9.5,19,417.073696
3.75,13,417.110821
-0.25,2,417.116447
1.75,6,417.132205
12.75,21,417.190507
8.75,11,417.2211
-3.25,5,417.23544
0.25,3,417.244379
-1.25,3,417.252706
3.25,12,417.284736
0.75,1,417.287445
15.0,19,417.339446
0.75,4,417.351276
3.75,10,417.377526
-0.25,2,417.383523
-0.75,1,417.386593
-0.75,7,417.404684
2.75,8,417.426942
0.75,1,417.429847
0.25,6,417.446095
0.75,1,417.44895
-0.75,1,417.451785
4.25,11,417.480782
-0.75,1,417.483721
0.75,1,417.486398
-0.25,2,417.491775
-0.25,2,417.497139
-0.75,1,417.500139
7.75,15,417.547229
-0.75,1,417.550365
-0.75,1,417.553158
4.75,12,417.585093
8.0,16,417.626212
12.5,25,417.694971
6.75,16,417.737698
8.75,15,417.777382
6.75,16,417.819247
-0.25,2,417.824995
1.75,6,417.841359
7.5,15,417.879166
-0.75,1,417.881932
4.75,12,417.92187
-0.75,1,417.928664
0.75,1,417.93339
14.5,29,418.331732
9.75,18,418.381666
7.25,15,418.423123
14.0,21,418.479019
10.5,14,418.516597
14.5,32,418.60151
0.75,4,418.612594
1.25,5,418.625916
4.25,11,418.655518
0.75,7,418.674446
-0.25,2,418.680343
0.75,4,418.691088
6.25,12,418.722992
2.75,8,418.746212
0.75,1,418.749159
7.25,17,418.796585
13.5,27,418.875667
-0.75,1,418.879007
0.25,3,418.887992
-0.75,1,418.89126
4.75,12,418.932868
0.75,1,418.935864
-0.75,1,418.938998
4.75,12,418.974748
0.75,4,418.98751
6.25,12,419.020934
1.75,6,419.036522
0.75,1,419.039171
1.25,17,419.082724
3.75,10,419.108471
6.25,15,419.147231
-0.75,1,419.150141
-0.75,1,419.15295
8.25,19,419.202047
0.75,1,419.204926
0.75,1,419.208428
-2.25,4,419.218747
-2.25,4,419.229453
9.75,22,419.286976
-4.25,10,419.312602
6.75,12,419.344575
-0.25,2,419.35041
-0.75,1,419.3534
17.5,21,419.417962
0.75,4,419.430255
12.0,24,419.505001
0.25,3,419.513622
11.25,25,419.588695
-0.75,10,419.620355
-0.75,1,419.623245
18.0,25,419.693141
4.25,11,420.045898
1.75,12,420.076714
0.75,1,420.079643
-0.25,2,420.084585
-0.75,1,420.087134
6.5,13,420.120479
6.25,15,420.159575
0.75,1,420.162493
-0.75,1,420.165376
1.25,5,420.178546
-1.25,3,420.186778
-0.25,2,420.192683
-0.75,1,420.195554
6.25,15,420.235641
2.75,8,420.256449
18.0,25,420.350767
-0.25,2,420.358735
0.75,1,420.362018
0.75,4,420.376919
1.75,6,420.397687
5.25,13,420.433847
7.25,14,420.472288
1.25,5,420.487198
4.75,12,420.521255
2.25,7,420.5403
0.25,6,420.557857
0.75,4,420.56981
0.75,1,420.57334
7.75,15,420.612816
12.5,14,420.649514
7.75,18,420.697001
-0.25,2,420.70222
4.25,11,420.730282
3.25,9,420.754198
-0.75,1,420.757147
5.75,14,420.792468
18.0,27,420.859709
14.0,18,420.904986
12.25,27,420.974113
0.75,4,420.984486
-0.75,1,420.987325
6.25,15,421.025599
7.5,15,421.063443
-0.75,1,421.066148
8.5,17,421.10832
0.25,3,421.116125
0.75,1,421.11911
0.75,4,421.129283
-0.25,2,421.13438
8.5,17,421.177331
0.75,4,421.187443
12.0,24,421.247829
11.25,13,421.280084
13.75,30,421.356483
2.25,4,421.366808
0.25,3,421.374255
10.75,24,421.731426
7.5,15,421.769399
7.25,17,421.810378
-0.25,2,421.815619
13.0,14,421.849988
8.5,17,421.89163
-0.75,1,421.89445
-0.25,2,421.899925
13.5,20,421.949713
-0.75,1,421.95259
-0.75,1,421.955648
0.75,1,421.958639
3.25,9,421.982493
16.0,28,422.054617
9.5,19,422.10214
9.25,21,422.154365
-0.25,2,422.15976
17.5,28,422.227441
2.25,7,422.245497
3.75,10,422.27165
2.25,7,422.28929
3.75,10,422.315879
0.25,3,422.325528
8.75,16,422.369319
2.75,8,422.390471
5.75,14,422.424753
0.75,1,422.427423
-0.75,1,422.430138
0.75,1,422.432649
6.0,12,422.461892
1.25,5,422.474277
-0.25,2,422.479741
0.25,3,422.487317
5.75,14,422.520541
0.75,1,422.523275
4.25,11,422.552409
-0.75,1,422.555284
-0.25,2,422.560696
5.75,14,422.59547
-0.25,2,422.600801
0.25,3,422.609405
5.25,13,422.642087
-0.25,2,422.647343
0.25,3,422.655061
14.75,18,422.699332
-0.75,1,422.702084
12.25,17,422.744964
1.75,6,422.760403
9.75,12,422.790066
4.75,12,422.817533
13.0,21,422.866167
2.25,7,422.88249
-6.25,8,422.902277
2.75,14,422.93491
7.0,14,422.96885
3.25,9,423.290945
1.25,5,423.302945
3.25,9,423.325985
8.0,13,423.360301
0.75,10,423.3863
1.75,6,423.402423
9.0,27,423.469903
-0.75,1,423.472796
16.0,18,423.518739
7.5,21,423.573953
6.0,12,423.605235
11.75,24,423.66855
15.0,19,423.715335
7.5,15,423.753075
-4.75,11,423.781308
-0.25,2,423.786693
5.25,16,423.828182
0.75,1,423.830906
7.0,14,423.864403
8.25,19,423.911628
6.25,15,423.946825
4.25,11,423.97426
0.75,1,423.976812
-0.25,2,423.982527
0.75,4,423.992756
0.25,3,424.000691
-1.25,6,424.016087
8.75,22,424.069264
2.25,5,424.081624
-0.75,1,424.084548
-0.75,1,424.087126
-0.75,1,424.089983
-3.25,5,424.102505
5.25,13,424.134139
1.25,5,424.147014
17.75,27,424.214354
6.75,16,424.254791
0.25,3,424.263419
-1.25,12,424.297117
1.25,20,424.35178
3.5,16,424.391376
17.0,33,424.475693
0.75,1,424.47888
-1.25,3,424.486885
-0.75,1,424.489791
0.75,4,424.500018
-10.25,12,424.531332
13.5,16,424.570712
1.25,5,424.930473
10.5,14,424.970124
0.75,1,424.973324
17.25,27,425.046791
-0.75,1,425.049802
1.25,5,425.063264
11.75,16,425.107533
-4.25,6,425.126139
2.25,7,425.14585
-0.75,1,425.148812
8.0,19,425.202254
0.25,3,425.212587
0.25,3,425.221971
8.25,16,425.267857
-0.25,2,425.273928
-0.25,2,425.280464
-0.25,2,425.287352
0.25,3,425.296636
3.75,10,425.325529
-0.25,2,425.331972
6.5,13,425.368073
0.25,3,425.379078
-0.75,1,425.383143
-0.75,1,425.386897
-6.75,13,425.428593
13.0,26,425.512006
14.5,18,425.566642
-1.25,3,425.575759
10.75,14,425.617063
12.0,22,425.677398
-0.25,2,425.682502
14.5,25,425.754112
6.25,14,425.789714
-0.25,2,425.795168
5.75,20,425.846404
4.0,20,425.897444
6.5,13,425.930732
18.0,25,425.994784
-2.75,6,426.011001
0.75,1,426.013953
10.5,21,426.068298
6.0,12,426.100645
1.75,6,426.116507
15.0,19,426.164638
3.75,10,426.190374
9.5,19,426.239046
-0.25,2,426.244635
7.25,29,426.318159
2.25,7,426.338206
3.75,10,426.689981
36.5,48,426.816284
3.25,9,426.839583
5.25,10,426.865167
7.75,18,426.911898
-0.25,2,426.917282
2.75,8,426.937515
7.75,18,426.981424
4.75,27,427.05531
-5.75,9,427.07748
0.75,1,427.080521
6.25,15,427.120139
0.25,3,427.128187
-5.25,10,427.153188
9.5,19,427.199427
4.25,11,427.225469
2.25,7,427.243471
14.75,28,427.315677
4.25,11,427.344435
15.5,31,427.431788
8.25,11,427.460877
6.25,18,427.507432
12.0,24,427.562317
0.75,4,427.572481
0.75,1,427.575425
6.25,12,427.606821
0.75,1,427.609659
2.25,7,427.628139
7.25,19,427.678133
-0.75,1,427.681045
2.25,7,427.699313
7.75,11,427.733793
5.25,13,427.777427
-2.25,4,427.790839
-1.25,3,427.805792
-4.25,6,427.825319
-0.75,1,427.828358
19.25,28,427.909232
2.25,13,427.943593
4.75,12,427.978507
4.25,11,428.011419
15.5,19,428.440775
-0.75,1,428.444928
3.25,9,428.470279
1.25,5,428.484567
-0.25,2,428.49016
2.75,8,428.513593
17.5,21,428.569476
-0.75,1,428.572429
3.25,12,428.607259
6.75,16,428.652112
0.25,3,428.661194
0.25,3,428.670684
9.25,21,428.728543
17.0,21,428.792197
8.0,16,428.838262
0.75,4,428.85042
5.25,13,428.885114
11.5,19,428.936141
0.75,1,428.939251
4.75,12,428.971408
6.75,16,429.01516
5.75,11,429.04485
-8.75,12,429.078749
5.75,11,429.111869
-0.25,2,429.118355
-0.75,1,429.121374
13.25,18,429.167854
2.75,8,429.190229
-0.25,2,429.196023
2.25,7,429.214988
-0.75,1,429.217894
4.75,12,429.2534
16.0,19,429.303587
2.25,4,429.315307
11.75,14,429.355446
4.25,11,429.391508
-0.75,1,429.3947
7.5,17,429.439043
-2.25,13,429.472687
4.25,11,429.50328
6.75,16,429.54702
0.75,1,429.549945
17.5,23,429.627052
0.75,1,429.630459
-0.75,1,429.63522
13.5,17,429.68912
2.25,7,429.709161
7.25,14,429.748407
11.0,22,429.812375
21.5,27,430.207199
-0.75,1,430.210342
-0.25,2,430.215739
1.75,6,430.231622
9.0,18,430.278748
4.75,12,430.308918
-0.75,1,430.311831
-1.0,25,430.374664
5.25,13,430.407309
-2.5,16,430.446795
-0.25,2,430.452076
16.5,21,430.504876
6.5,13,430.538482
8.0,22,430.597265
8.25,16,430.637291
2.25,7,430.655427
0.75,1,430.658276
11.0,22,430.718988
13.5,27,430.784964
6.75,16,430.825121
0.25,3,430.833103
1.25,5,430.846669
-0.25,2,430.851979
-0.75,1,430.85499
1.25,5,430.867509
-6.25,8,430.887638
10.75,24,430.945829
-0.75,1,430.948774
14.25,25,431.007462
0.25,3,431.015519
-0.75,1,431.018337
0.75,4,431.029104
8.75,23,431.083959
-6.25,8,431.103859
0.25,3,431.111758
-3.25,8,431.130388
6.0,12,431.160966
2.75,8,431.180901
1.25,5,431.192942
0.25,3,431.200473
15.25,22,431.255804
0.75,1,431.258974
-0.25,2,431.264474
2.75,8,431.284714
-1.25,3,431.292412
12.5,25,431.35797
-1.75,8,431.378492
-0.75,1,431.381352
-2.75,12,431.4126
1.25,5,431.425929
-0.25,2,431.431586
1.25,5,431.444507
-1.25,3,431.452406
-2.25,4,431.463098
2.75,8,431.483122
0.75,4,431.493646
10.75,21,431.869018
7.0,14,431.904127
12.75,18,431.948673
4.25,11,431.976163
0.75,1,431.978976
0.75,4,431.988387
2.75,8,432.006953
23.0,46,432.118567
7.0,14,432.152802
12.5,25,432.213539
-0.25,2,432.218577
4.75,12,432.247868
-0.75,7,432.265464
1.75,3,432.273646
1.25,5,432.286387
-5.5,16,432.32607
9.75,28,432.397886
3.25,9,432.420525
3.75,10,432.445108
-1.25,3,432.452233
8.0,16,432.493113
-4.25,9,432.514588
2.25,20,432.561851
1.75,3,432.568914
3.5,13,432.600771
0.75,1,432.604016
11.75,15,432.644479
0.25,3,432.652465
7.0,14,432.686038
4.0,20,432.734158
10.5,21,432.786707
0.75,1,432.789677
4.75,12,432.81885
8.5,17,432.857698
-0.25,2,432.862508
0.25,3,432.870653
-0.25,2,432.876014
-1.25,3,432.883724
1.75,3,432.891261
4.75,12,432.920773
5.25,13,432.952441
1.75,11,432.979267
-0.25,2,432.983968
3.75,10,433.010399
0.25,3,433.018518
13.0,14,433.053649
8.0,16,433.092077
6.75,16,433.446992
3.25,9,433.46951
0.75,1,433.472136
-0.25,2,433.47763
4.25,11,433.504855
26.5,42,433.604356
13.0,16,433.645945
6.75,16,433.68479
-1.25,3,433.692905
4.5,12,433.723493
8.0,16,433.765006
-2.25,4,433.77516
-1.75,5,433.787266
-0.75,1,433.790406
7.0,14,433.825373
-0.75,1,433.828224
23.75,35,433.909005
0.75,4,433.918685
-13.5,24,433.977473
2.75,8,433.996418
5.25,16,434.03319
-0.75,1,434.036129
-0.25,2,434.041698
5.75,15,434.093355
7.0,14,434.139418
20.75,28,434.232369
9.0,18,434.288417
18.5,37,434.379704
3.25,15,434.418772
13.5,16,434.458929
0.25,3,434.466515
0.75,4,434.476381
5.25,13,434.506824
0.25,21,434.559057
-2.25,4,434.56979
-11.75,12,434.598921
1.75,3,434.606122
6.75,16,434.64862
1.25,5,434.662207
-0.25,2,434.66784
0.75,1,434.670851
14.5,16,434.712506
8.5,17,435.065409
0.75,1,435.068499
4.75,12,435.096981
0.75,1,435.099894
-0.75,1,435.102781
14.5,26,435.163524
10.25,23,435.219228
13.5,27,435.286871
11.75,16,435.327206
1.25,5,435.34393
4.25,11,435.371847
-0.75,1,435.374771
12.0,20,435.42517
-0.25,2,435.430482
13.0,16,435.471314
9.25,18,435.514557
0.75,4,435.524588
9.0,18,435.568095
-0.25,2,435.572962
9.0,18,435.617119
-0.75,1,435.619901
0.75,1,435.622659
10.25,23,435.681754
9.5,19,435.725759
-0.25,2,435.730698
21.0,31,435.809943
-2.25,4,435.819653
7.75,18,435.866907
-0.25,2,435.872212
-0.25,2,435.87745
8.5,17,435.91811
-0.75,1,435.920815
6.25,10,435.944598
-0.75,1,435.947404
0.75,7,435.96426
4.75,12,435.992649
8.75,13,436.023743
-0.75,1,436.02659
2.25,6,436.040802
9.5,16,436.080398
-0.75,1,436.083257
9.0,18,436.124633
13.0,26,436.184368
11.25,25,436.2432
0.25,3,436.250847
2.25,13,436.284981
5.75,14,436.625303
-0.25,2,436.630917
-3.25,5,436.6448
12.5,25,436.709525
-0.75,1,436.71248
-4.75,11,436.740558
11.5,23,436.799251
17.0,21,436.858654
10.5,12,436.890279
0.25,3,436.898493
1.25,5,436.911081
0.25,3,436.918866
8.5,19,436.968238
0.75,1,436.971182
0.75,1,436.974171
4.75,12,437.004609
9.5,19,437.051665
1.75,3,437.060286
16.5,25,437.121194
11.0,22,437.174673
1.75,6,437.189705
17.75,35,437.275331
8.0,19,437.325278
8.5,17,437.368695
-0.75,1,437.371658
2.25,7,437.389489
5.25,13,437.421841
6.25,15,437.458341
6.25,15,437.494749
-8.5,13,437.524973
-0.75,1,437.52777
0.25,3,437.535569
7.5,12,437.565231
1.25,5,437.578005
-0.75,1,437.580786
11.0,22,437.634209
24.0,27,437.703661
0.25,6,437.719371
6.25,15,437.757162
22.25,26,437.823066
9.0,18,437.869481
-2.25,4,437.880586
6.25,14,437.917073
12.25,30,438.303166
-1.25,3,438.311093
0.75,1,438.31391
0.75,1,438.316967
11.75,14,438.353641
7.75,11,438.38171
-0.75,1,438.384662
0.25,3,438.392941
11.0,18,438.437073
6.75,16,438.473395
13.0,14,438.506473
-0.25,2,438.511364
2.25,17,438.552091
-0.75,1,438.554634
12.5,25,438.613917
0.75,4,438.62327
11.5,22,438.676952
-14.0,20,438.730241
-0.25,2,438.735824
-0.75,1,438.739462
10.0,20,438.789444
-0.25,2,438.794949
-0.25,2,438.799878
0.25,3,438.808341
12.0,24,438.866212
-0.75,1,438.868821
0.75,4,438.879657
0.75,1,438.882647
1.25,5,438.896457
-16.0,19,438.945739
4.25,11,438.973276
0.75,1,438.976158
4.25,11,439.003384
17.0,21,439.057314
0.75,4,439.067928
1.25,5,439.081229
-0.75,1,439.084149
-1.25,3,439.091996
14.0,16,439.131357
3.75,10,439.155259
1.25,5,439.167625
4.75,12,439.195412
1.75,6,439.210087
5.25,13,439.240928
-0.75,1,439.243538
2.75,5,439.255851
8.0,16,439.293688
-0.25,2,439.298866
-3.25,5,439.311498
6.25,15,439.3518
12.5,25,439.417623
6.75,16,439.45961
-0.75,1,439.462926
-10.75,14,439.499687
0.25,3,439.508304
-2.25,4,439.518903
-0.75,1,439.829367
-0.75,1,439.832566
-0.75,1,439.835585
7.5,15,439.872449
-0.75,1,439.87526
7.75,18,439.921538
-0.75,1,439.92414
1.25,5,439.936783
5.25,9,439.958901
-0.75,1,439.961571
-0.75,1,439.964471
6.75,16,440.002797
16.5,19,440.049355
0.75,1,440.052198
3.75,10,440.077039
-2.25,4,440.087563
10.0,29,440.15891
-0.75,1,440.161653
0.75,4,440.171934
-0.25,2,440.176878
7.5,15,440.213461
6.75,10,440.238646
3.75,10,440.263438
1.75,3,440.27127
1.25,5,440.283645
0.25,3,440.291137
0.25,3,440.29857
1.75,6,440.313401
-1.25,3,440.320974
-0.25,2,440.326502
-0.75,1,440.329492
-0.75,1,440.332508
0.25,3,440.340705
11.75,14,440.375308
-0.25,2,440.38073
0.25,3,440.388622
0.75,1,440.391801
1.25,5,440.404292
9.5,16,440.443579
-0.25,2,440.448877
-0.75,1,440.45184
10.75,14,440.485528
0.75,1,440.488229
-0.75,1,440.491124
-0.25,2,440.4967
5.25,13,440.52848
13.5,27,440.595205
3.25,9,440.618785
0.75,1,440.621641
0.75,4,440.631837
-0.25,2,440.637354
5.25,13,440.671445
-0.75,1,440.674488
0.25,3,440.68261
9.75,22,440.739456
9.0,18,440.786117
-0.25,2,440.791737
-0.25,2,440.797229
3.75,10,440.822958
5.75,11,440.851477
11.25,13,440.884676
1.75,6,440.899445
-0.25,2,440.904974
-0.75,1,440.907945
-0.75,1,440.910924
-0.25,2,440.916338
19.0,24,440.985106
0.75,1,440.987964
-0.25,2,440.993555
16.75,27,441.063481
0.25,3,441.071878
10.5,19,441.121099
-0.75,1,441.12419
-0.75,1,441.127109
-0.75,1,441.130011
9.75,22,441.481099
10.75,13,441.512197
31.0,34,441.595945
6.75,16,441.638021
-0.75,1,441.641147
-0.25,2,441.64674
7.25,10,441.671307
0.75,1,441.674113
5.25,9,441.696443
23.0,26,441.764468
-0.25,2,441.769943
3.75,10,441.793474
3.75,9,441.81619
-0.75,1,441.819159
0.75,1,441.82199
9.5,19,441.873913
-0.75,1,441.876841
0.75,1,441.879932
0.75,4,441.893728
1.75,4,441.906007
11.25,25,441.969207
0.75,4,441.979721
-2.25,4,441.989829
-0.75,1,441.992482
-0.75,1,441.99511
2.75,5,442.007792
27.25,45,442.117716
-0.75,1,442.120349
3.75,16,442.159759
12.75,16,442.199925
4.25,11,442.226624
-0.75,1,442.229444
-0.75,1,442.232183
0.75,4,442.242351
1.75,4,442.252108
-0.75,1,442.254742
0.25,3,442.262811
0.25,6,442.277655
3.75,13,442.307795
4.25,11,442.337978
-2.25,4,442.348966
0.25,3,442.356798
11.25,23,442.41453
-0.25,2,442.419771
3.75,10,442.44572
5.25,16,442.483447
2.25,7,442.502992
-0.75,1,442.505952
-0.75,1,442.50915
-0.75,1,442.512137
4.75,12,442.54344
3.25,7,442.56187
-0.25,2,442.567317
2.25,7,442.585985
1.75,25,442.651725
2.25,7,442.670049
6.25,15,442.706506
-4.25,16,443.06232
13.75,20,443.112962
-0.25,2,443.11795
-1.25,3,443.125116
7.0,14,443.160365
11.0,22,443.213644
10.25,22,443.264655
-0.25,2,443.269933
9.75,22,443.326131
-1.25,3,443.334802
0.75,1,443.338094
2.75,7,443.356998
0.75,1,443.359984
5.25,13,443.39338
14.0,21,443.444778
0.75,1,443.44759
-0.25,2,443.453092
0.75,1,443.456074
5.75,14,443.489404
3.25,15,443.527128
15.5,29,443.600373
0.25,3,443.608436
1.25,5,443.620702
9.25,14,443.657964
-1.25,3,443.666342
6.0,12,443.69671
0.75,1,443.699397
11.75,13,443.732972
0.75,1,443.735803
9.25,11,443.767828
0.75,1,443.771352
0.75,4,443.782716
-0.75,1,443.785744
13.25,16,443.828739
12.0,16,443.869984
0.75,1,443.872655
0.75,1,443.875466
-1.25,3,443.883658
3.75,10,443.908146
-0.75,1,443.911166
14.75,19,443.958511
-0.75,1,443.961443
0.75,3,443.969527
7.5,15,444.008366
0.75,4,444.018352
-0.25,2,444.023193
2.25,4,444.032752
0.75,4,444.042736
3.25,9,444.067374
0.75,4,444.07843
8.75,19,444.128693
5.75,8,444.150668
7.0,14,444.187957
-0.75,1,444.190982
-0.75,1,444.193913
-1.25,3,444.202283
-0.25,2,444.207646
-0.75,1,444.210662
1.75,6,444.226634
4.25,11,444.254447
-0.75,1,444.257253
0.25,3,444.265422
0.75,4,444.276134
-0.25,2,444.281327
-0.25,2,444.286801
13.25,32,444.369627
-0.75,1,444.372629
6.25,18,444.731447
11.0,28,444.804447
-0.25,2,444.810012
2.75,8,444.830278
3.75,10,444.85566
-2.25,4,444.867137
0.75,1,444.869845
0.75,1,444.872921
9.75,14,444.908446
4.25,11,444.935138
0.25,18,444.979185
-0.25,2,444.984906
-1.25,3,444.992988
0.75,1,444.995756
9.0,18,445.04207
12.0,18,445.085779
3.25,9,445.107618
-0.25,2,445.11327
-1.75,8,445.134422
-0.75,1,445.137401
7.5,15,445.173625
-0.25,2,445.178735
13.0,15,445.214788
3.75,10,445.237808
9.25,21,445.287953
-1.75,8,445.307802
24.0,27,445.376907
0.25,3,445.385157
0.25,3,445.394228
1.75,4,445.404879
-0.25,2,445.410541
3.75,10,445.436501
2.75,8,445.456045
10.5,12,445.483815
0.25,3,445.4916
0.75,1,445.494394
6.75,16,445.53165
12.0,13,445.564235
1.75,4,445.573804
1.75,6,445.588571
8.25,19,445.638439
-0.25,2,445.644425
2.25,7,445.663216
13.5,17,445.708241
7.25,17,445.753778
14.25,31,445.836256
0.25,3,445.844499
-0.25,2,445.850099
2.25,7,445.86826
10.25,23,445.927667
-0.75,7,445.945207
-0.25,2,445.950592
12.75,15,445.986472
-0.75,1,445.989249
0.75,1,446.293652
-0.75,1,446.296615
1.75,6,446.311609
1.25,5,446.324998
2.75,8,446.346076
3.25,9,446.370466
7.5,21,446.42568
5.75,11,446.453694
0.75,1,446.456723
0.75,23,446.514477
8.75,17,446.556694
1.25,5,446.570213
0.75,4,446.580688
1.75,3,446.587849
6.25,15,446.627153
2.25,4,446.637948
-2.25,4,446.648675
15.0,18,446.693208
10.0,20,446.745923
9.75,14,446.780149
0.25,3,446.787372
-0.75,1,446.789926
-2.25,4,446.799952
0.25,3,446.806773
4.75,12,446.835181
0.75,1,446.838047
3.25,9,446.859717
11.75,26,446.924953
10.25,20,446.972623
5.75,14,447.004554
0.75,1,447.007207
0.75,1,447.009945
3.75,10,447.036507
8.5,17,447.080722
-4.25,9,447.102707
8.0,16,447.141254
-1.25,3,447.149633
9.5,19,447.198518
12.0,17,447.242622
3.25,9,447.266329
0.25,3,447.274297
5.0,16,447.315785
-0.25,2,447.321638
1.75,6,447.338798
2.25,7,447.358019
5.25,13,447.392735
-0.25,2,447.398312
1.25,5,447.41207
3.75,10,447.438584
-0.25,2,447.444209
18.0,25,447.505224
10.5,21,447.55582
-2.25,4,447.566317
-2.25,4,447.578018
17.5,23,447.95064
6.25,8,447.97128
0.25,3,447.979271
0.75,4,447.989713
-1.25,1,447.992484
-1.25,3,448.000101
-0.75,1,448.002891
4.75,13,448.033232
7.25,15,448.072125
3.75,13,448.10447
1.25,5,448.116395
0.25,3,448.123784
0.75,1,448.126544
-2.25,4,448.136622
-0.75,1,448.139595
1.75,6,448.155016
-1.25,1,448.157919
12.0,18,448.202173
0.25,22,448.256141
2.25,7,448.273369
8.75,17,448.313865
-1.25,3,448.321367
6.25,15,448.361922
10.75,21,448.415675
-0.25,2,448.42111
3.25,9,448.444264
16.5,23,448.501287
1.25,5,448.514373
0.75,1,448.51711
3.75,13,448.547399
-0.75,1,448.550223
0.75,4,448.560509
2.25,4,448.570083
-0.25,2,448.576265
15.0,19,448.62272
-0.75,1,448.625535
13.5,20,448.673534
-0.75,1,448.676023
-0.75,1,448.678939
-0.75,1,448.682268
7.5,21,448.735835
16.25,30,448.815424
5.25,19,448.865796
-0.75,1,448.868695
11.75,20,448.919913
3.75,10,448.946431
-1.25,6,448.962557
19.25,30,449.036978
4.25,11,449.06522
-0.25,2,449.070472
6.25,14,449.104349
-3.75,10,449.128881
7.5,15,449.166255
-6.25,8,449.185913
5.25,13,449.516525
2.25,5,449.529305
5.25,16,449.566895
-0.25,2,449.572777
8.25,11,449.600718
9.5,19,449.646418
-0.25,2,449.65221
-0.25,2,449.657658
-3.25,5,449.669976
-0.25,8,449.688915
-0.75,1,449.691425
11.75,26,449.758526
18.75,19,449.804226
21.5,43,449.909923
3.75,10,449.932829
5.75,14,449.970299
1.75,3,449.978059
8.0,16,450.015136
-0.25,2,450.020099
0.75,1,450.022848
0.75,4,450.032953
3.75,10,450.055907
0.75,1,450.058687
0.75,1,450.061414
7.5,15,450.099673
10.25,13,450.132107
0.75,1,450.134891
8.75,12,450.164921
15.5,22,450.21764
6.75,17,450.258764
2.25,7,450.276956
-0.75,1,450.27986
21.75,35,450.370725
6.75,12,450.403495
0.25,3,450.412346
-0.75,1,450.415312
-0.75,1,450.418323
2.75,8,450.439703
-0.25,2,450.445439
2.75,8,450.466522
2.25,4,450.477149
4.75,12,450.507117
0.75,1,450.509875
-9.25,11,450.536733
-0.25,2,450.542243
1.25,5,450.554012
12.75,17,450.596653
-0.25,2,450.60219
-0.25,2,450.60773
1.25,5,450.620857
-3.25,5,450.633556
2.25,7,450.652195
-2.25,4,450.662995
1.75,3,450.671135
12.0,22,450.72306
-0.25,2,450.728537
0.75,1,450.731332
4.25,11,450.76132
-2.25,4,450.77209
5.25,13,451.114421
-0.25,2,451.119496
-0.75,1,451.122414
-0.25,2,451.127751
0.75,1,451.130599
-0.25,2,451.135951
-3.25,5,451.148546
4.75,12,451.177369
-6.25,8,451.196364
4.75,15,451.231606
31.0,34,451.309753
15.5,31,451.389242
11.75,26,451.455635
2.75,8,451.475719
0.75,1,451.478729
0.75,13,451.510905
-10.25,12,451.539399
-0.75,1,451.542397
0.25,3,451.550581
0.75,1,451.553515
0.25,6,451.570088
10.25,22,451.629422
10.75,24,451.690152
13.5,20,451.742506
12.5,25,451.806516
-0.75,1,451.809357
2.75,8,451.832242
5.25,13,451.865755
7.25,14,451.90115
10.0,20,451.95226
13.75,19,452.001217
-0.75,1,452.004279
4.75,14,452.040431
7.25,17,452.084414
-0.25,2,452.089807
14.5,26,452.153811
3.25,9,452.175991
3.25,6,452.190677
-0.25,2,452.195689
-0.25,2,452.200641
5.25,13,452.233048
-0.25,2,452.238448
-2.25,4,452.24847
3.75,6,452.263189
4.25,11,452.289543
-0.25,5,452.301006
11.5,17,452.343058
0.75,1,452.345773
2.25,7,452.364078
0.75,1,452.366935
-0.25,2,452.372277
0.75,1,452.375191
4.75,12,452.716446
13.0,16,452.756235
0.75,4,452.766701
3.25,9,452.789259
0.75,1,452.792233
11.75,26,452.856886
-0.75,1,452.859597
3.75,10,452.885419
2.25,7,452.902658
1.25,5,452.915145
-0.75,1,452.917824
-0.75,1,452.92047
1.75,4,452.931294
-0.25,2,452.936875
12.75,15,452.973829
4.75,12,453.004268
2.75,8,453.023717
-0.25,2,453.028759
4.25,8,453.048512
3.75,4,453.058441
-3.25,5,453.070856
7.25,17,453.112813
0.25,3,453.120584
0.75,4,453.13158
16.5,24,453.191691
4.25,11,453.218688
8.75,20,453.266348
0.75,1,453.268986
-0.25,2,453.274014
-0.75,1,453.276728
2.25,7,453.293526
-0.25,2,453.298795
11.5,17,453.340161
1.75,6,453.354537
7.25,17,453.39893
3.0,18,453.445438
-0.75,1,453.448149
2.25,7,453.466124
9.5,19,453.514406
-0.75,1,453.517373
-0.75,1,453.520299
2.25,7,453.538252
1.75,6,453.553513
7.75,18,453.60367
-0.25,2,453.610914
-0.75,1,453.614528
1.75,6,453.635444
0.25,3,453.647595
-0.25,2,453.655298
-16.0,19,453.720737
6.25,12,453.761843
-6.25,11,453.800936
8.0,16,453.859786
1.25,5,453.878371
14.25,19,453.953372
-0.75,1,453.957018
0.25,3,453.968771
-2.25,7,453.995169
10.25,23,454.064516
0.75,7,454.084423
-0.75,1,454.087971
-7.75,14,454.126776
0.25,3,454.137453
9.75,14,454.489692
8.75,16,454.528446
7.25,12,454.557093
-0.25,2,454.562141
15.0,19,454.609376
-0.75,1,454.612208
-3.75,4,454.622064
-0.25,2,454.627646
-0.25,2,454.633315
0.75,1,454.636478
9.25,15,454.675137
9.0,18,454.720377
9.75,14,454.755885
-0.75,1,454.758702
-0.75,1,454.761347
-0.75,1,454.764163
0.75,1,454.767175
6.25,15,454.804208
-2.25,4,454.814741
3.75,10,454.840404
-3.25,8,454.860987
3.25,6,454.876627
1.25,5,454.889414
4.75,12,454.917311
-1.25,9,454.938278
7.25,17,454.979831
1.75,6,454.995044
1.75,21,455.045614
-0.25,2,455.050501
-0.75,1,455.053123
12.25,27,455.123249
4.75,7,455.141405
1.75,3,455.149795
0.75,1,455.152809
-0.25,2,455.158399
7.25,17,455.206265
0.75,4,455.217069
3.25,9,455.240973
13.5,24,455.303021
-0.75,1,455.30623
0.75,4,455.317078
6.25,15,455.357167
13.25,18,455.403236
-0.75,1,455.406119
0.75,1,455.408994
0.75,1,455.41185
-0.75,1,455.414873
0.75,4,455.425241
0.75,1,455.428124
23.0,46,455.536926
1.75,6,455.550644
-4.75,8,455.571883
4.75,12,455.602308
17.0,21,455.654642
4.75,12,455.684232
0.75,1,455.686969
1.25,5,455.699635
2.25,7,455.717679
-1.25,13,455.750707
1.75,6,456.084439
-0.25,2,456.091653
3.25,9,456.122608
20.25,32,456.255598
-0.75,1,456.260839
-0.25,2,456.267006
7.5,12,456.298278
0.75,1,456.301174
-0.75,1,456.303985
0.25,3,456.311852
0.75,1,456.314383
0.25,3,456.32281
-0.75,1,456.32606
1.75,6,456.342654
-0.75,1,456.34562
-0.75,1,456.348597
5.25,13,456.382062
-0.75,1,456.384966
6.0,12,456.415712
-0.75,1,456.418592
4.75,12,456.448127
14.0,21,456.503707
-5.25,7,456.522941
13.0,21,456.576899
23.0,46,456.697777
10.25,13,456.734524
-0.75,1,456.73788
5.75,14,456.77811
-0.75,1,456.781185
14.5,25,456.847093
-0.75,1,456.85023
-4.75,15,456.890904
-0.75,1,456.893835
6.25,12,456.924892
-0.25,2,456.930409
-0.25,2,456.936004
11.25,25,456.999805
-0.25,2,457.005165
4.75,12,457.03532
2.25,7,457.052627
-0.75,1,457.055261
-1.25,3,457.07026
14.25,18,457.114219
0.75,1,457.116914
0.25,3,457.124591
-0.75,1,457.127251
13.5,17,457.179286
1.75,6,457.194862
1.75,6,457.2112
0.75,1,457.214092
7.75,12,457.24421
-0.75,1,457.247201
3.75,10,457.274013
2.75,8,457.292397
7.5,15,457.328063
13.5,20,457.377673
5.75,14,457.415064
6.25,15,457.451433
3.75,10,457.47667
0.25,3,457.798196
-0.25,2,457.804052
-0.75,1,457.807158
0.75,1,457.810108
-0.75,1,457.813284
-0.75,1,457.816139
-2.25,4,457.826829
3.25,15,457.866587
23.0,26,457.931367
0.75,1,457.934139
6.25,15,457.96917
0.75,1,457.97202
4.75,12,458.003795
0.25,3,458.011613
8.0,15,458.048793
1.75,6,458.063805
4.75,12,458.092865
5.25,13,458.122428
9.5,19,458.166712
-0.25,2,458.17226
8.25,19,458.221681
-0.25,2,458.227179
16.5,19,458.274248
-0.75,1,458.277176
14.5,29,458.352411
13.5,16,458.395324
13.0,14,458.432754
8.5,14,458.469654
8.75,20,458.520465
-0.75,1,458.523438
-0.75,1,458.526498
0.75,4,458.537007
5.75,14,458.570961
0.75,1,458.573764
0.75,4,458.584379
13.5,17,458.630954
0.25,3,458.639461
-0.75,1,458.642365
-0.75,1,458.645657
0.75,1,458.648806
-0.25,2,458.655564
-0.25,2,458.661129
-1.75,8,458.681301
-2.75,6,458.697195
-0.75,1,458.70016
1.25,5,458.713294
-0.25,5,458.72671
1.25,5,458.738821
7.5,21,458.791443
2.25,10,458.817594
0.75,1,458.820618
8.0,16,458.859584
7.5,15,458.897199
-0.75,1,458.900255
-0.75,1,458.903221
0.75,1,458.906403
-0.25,2,458.911949
-0.25,2,458.917461
0.75,1,458.920346
9.0,18,458.965121
1.75,3,458.973244
-1.75,8,458.993839
-4.25,6,459.009971
0.75,4,459.020227
8.5,17,459.064137
0.75,1,459.067091
10.0,20,459.424394
-0.75,1,459.427089
6.75,16,459.466656
-0.75,1,459.469561
7.75,18,459.515018
-0.25,2,459.520515
2.25,7,459.537199
-5.25,7,459.554085
7.75,18,459.597406
1.75,6,459.616786
-1.25,3,459.62504
0.25,9,459.648609
2.25,7,459.667313
11.0,22,459.721406
13.0,16,459.7636
10.25,12,459.794635
16.0,18,459.839933
3.75,13,459.87387
-0.25,2,459.879279
0.75,4,459.889824
-8.25,10,459.91591
19.0,20,459.970111
-0.75,1,459.973266
3.25,9,459.997314
13.0,16,460.039168
2.75,8,460.060867
-0.75,1,460.063729
-2.75,6,460.079523
-0.25,2,460.085157
-0.75,1,460.087944
1.25,5,460.101419
-3.75,17,460.142691
0.75,1,460.145391
20.5,41,460.243587
10.0,20,460.296466
8.25,16,460.338139
2.75,8,460.35884
8.0,13,460.393235
8.5,17,460.436014
4.75,11,460.462443
0.75,1,460.465253
1.25,5,460.477662
-0.25,2,460.48274
1.25,5,460.496154
1.5,12,460.525316
0.25,3,460.533876
7.75,11,460.561755
0.25,3,460.569456
7.25,15,460.606824
0.75,1,460.610072
1.25,8,460.630905
4.75,12,460.661894
8.0,13,460.693928
-0.25,2,460.699496
19.0,24,461.065693
0.75,1,461.06866
-0.25,2,461.074009
6.75,16,461.114689
0.25,3,461.121936
-4.75,15,461.159234
-0.75,1,461.161866
-2.25,4,461.171878
-0.75,1,461.174592
-0.25,2,461.179647
0.75,1,461.182498
1.25,5,461.194618
3.25,9,461.214945
0.75,4,461.224382
10.5,14,461.258951
16.25,26,461.324268
0.25,6,461.340662
0.75,1,461.343557
1.75,6,461.357859
3.25,9,461.381222
-0.25,2,461.38697
1.25,5,461.401898
-0.25,2,461.40757
0.75,10,461.433039
-0.75,1,461.435856
-0.75,1,461.438769
2.25,7,461.456431
6.75,16,461.497428
0.75,1,461.500295
1.25,5,461.513954
0.75,1,461.517042
0.25,3,461.527808
-0.25,2,461.534303
-0.75,1,461.537244
1.75,6,461.553382
-0.75,1,461.556415
-8.25,13,461.590501
0.75,1,461.593354
2.75,8,461.614333
0.75,1,461.617219
1.75,6,461.632938
10.5,21,461.686504
-0.25,2,461.692308
12.0,16,461.733049
0.75,1,461.735938
-1.75,8,461.757361
0.75,4,461.768509
-0.25,2,461.774179
-0.75,1,461.777007
-0.75,1,461.779967
3.25,9,461.802378
-0.75,1,461.805207
6.75,16,461.84517
6.25,15,461.880433
-0.75,1,461.883363
12.75,28,461.951118
1.25,5,461.965224
7.75,18,462.012982
5.75,11,462.042371
6.25,12,462.074585
11.0,17,462.11553
38.0,49,462.228791
5.75,14,462.26651
-0.25,2,462.272356
-2.25,7,462.293168
2.75,8,462.313311
7.5,21,462.684062
-0.25,2,462.690633
1.75,6,462.710335
8.75,13,462.750237
9.75,12,462.782841
17.5,22,462.844051
-3.25,5,462.857524
5.75,14,462.896854
0.25,3,462.906175
0.75,4,462.917902
-0.25,2,462.923559
-0.75,1,462.926543
2.75,8,462.946445
-0.75,1,462.949171
-0.25,2,462.954619
8.75,16,462.996814
-0.25,2,463.003362
-0.25,2,463.009384
4.25,11,463.039508
10.75,13,463.075152
7.5,15,463.120069
-0.75,1,463.123356
0.75,1,463.126555
0.25,3,463.134981
0.75,4,463.145978
-0.75,1,463.148997
-0.25,2,463.154919
-0.25,9,463.179238
18.0,25,463.245532
0.75,1,463.248569
18.0,31,463.337107
0.75,1,463.340136
-2.75,3,463.348106
7.25,10,463.374456
10.0,20,463.428796
7.0,14,463.463695
0.75,1,463.466262
3.75,10,463.491374
0.75,4,463.502465
-0.75,1,463.505387
2.75,8,463.526151
-6.25,8,463.545757
4.25,11,463.57207
5.75,11,463.599255
-0.25,2,463.604298
9.5,19,463.651361
0.25,3,463.659646
-0.75,1,463.662472
-0.25,2,463.667841
22.0,23,463.725444
-0.75,1,463.72851
-1.25,3,463.736252
7.25,17,463.781727
-0.75,1,463.784563
0.75,1,463.787652
10.5,19,463.83641
4.75,12,463.86716
4.5,12,463.895416
3.75,10,463.92002
-0.25,2,463.925256
10.0,19,463.970855
3.75,10,463.996066
6.75,19,464.353878
-0.75,1,464.35686
3.25,9,464.380123
3.25,9,464.403734
-0.75,1,464.406454
-0.75,1,464.409629
-0.75,1,464.412491
23.0,26,464.474317
10.25,13,464.506167
-0.25,2,464.511437
-5.25,10,464.537699
-0.75,1,464.540674
-9.25,20,464.592263
5.0,13,464.626722
3.75,10,464.654871
13.5,23,464.715561
7.75,18,464.765299
-0.75,1,464.768413
10.5,12,464.801094
9.75,14,464.836319
5.75,14,464.87156
-0.25,2,464.876755
3.75,10,464.901648
1.25,5,464.914465
9.25,21,464.966057
6.25,11,464.992585
-0.75,1,464.99552
0.75,1,464.998405
-0.25,2,465.004555
4.25,11,465.03249
10.75,18,465.079047
1.75,6,465.094314
2.25,13,465.124957
1.25,5,465.136716
0.75,1,465.13947
-0.75,1,465.142291
28.0,46,465.251329
-1.75,5,465.264877
2.25,7,465.282945
0.75,4,465.293114
1.25,5,465.305214
0.25,6,465.321299
7.5,15,465.360472
-0.75,1,465.363393
-0.75,1,465.366254
0.75,1,465.369074
0.75,1,465.371852
-0.25,2,465.377233
0.75,1,465.380203
-0.25,2,465.385358
3.25,9,465.40792
-0.75,1,465.41082
0.25,3,465.418555
-0.25,2,465.423625
3.75,10,465.44798
0.75,1,465.450579
1.25,5,465.46259
3.75,10,465.485632
-0.25,2,465.490479
0.25,4,465.500377
0.75,7,465.517847
20.5,28,465.583884
1.75,6,465.597644
0.25,3,465.604748
6.75,16,465.956573
9.75,12,465.985222
0.75,1,465.987747
2.75,8,466.007328
15.5,19,466.054897
9.5,19,466.10064
-0.25,2,466.106196
-3.75,7,466.124003
15.0,19,466.171948
0.75,1,466.174842
0.25,3,466.182727
-3.75,7,466.201153
-0.75,1,466.20399
6.0,12,466.234003
-0.25,2,466.239538
4.75,12,466.269776
-0.75,1,466.272721
4.25,20,466.323558
12.0,22,466.38309
3.75,10,466.410656
4.75,15,466.447984
5.75,14,466.480228
2.75,8,466.499726
-14.75,15,466.534741
7.0,14,466.568478
1.25,5,466.5809
11.75,16,466.621553
-0.75,1,466.624525
22.5,43,466.731927
-0.75,1,466.734439
3.25,12,466.764466
0.75,1,466.767247
8.75,17,466.809933
0.75,1,466.81288
0.25,3,466.820571
-0.25,2,466.825637
10.5,21,466.874711
2.75,5,466.886223
-0.75,1,466.888692
1.25,5,466.900795
10.5,20,466.948366
-0.25,2,466.953267
0.75,1,466.956115
-0.75,1,466.958676
-0.75,1,466.961519
0.25,18,467.006273
17.5,21,467.061462
2.25,4,467.071721
-0.25,2,467.07674
1.25,5,467.089151
1.75,3,467.096677
12.0,20,467.144112
-0.25,2,467.149194
6.0,12,467.177654
1.25,5,467.189283
13.0,22,467.551938
0.75,1,467.554567
9.25,21,467.605751
-0.25,2,467.611499
21.75,35,467.695608
-0.25,2,467.700732
10.5,20,467.751251
8.25,19,467.800863
0.75,1,467.80379
-0.75,1,467.806825
0.75,4,467.817652
0.75,1,467.820566
-0.25,2,467.826097
4.75,12,467.85738
-0.75,1,467.860401
1.75,6,467.875994
-0.75,1,467.878786
9.75,16,467.919977
-0.75,1,467.922912
5.25,13,467.954877
3.25,15,467.992133
11.5,17,468.034734
0.25,3,468.042443
8.75,10,468.068707
11.25,14,468.105978
1.25,17,468.147753
1.25,5,468.160918
-0.75,1,468.163508
1.25,5,468.17587
-0.75,1,468.178474
1.25,5,468.191327
11.25,13,468.221785
3.25,9,468.243111
0.75,4,468.252381
16.0,18,468.296232
5.25,13,468.327768
-1.75,17,468.370879
36.5,48,468.503627
0.75,4,468.515559
14.0,24,468.576792
5.25,13,468.609261
0.25,3,468.61727
6.75,13,468.650758
-0.25,2,468.656486
-0.25,2,468.66166
1.5,12,468.691273
0.75,1,468.69424
0.75,4,468.704637
0.75,4,468.715064
-0.75,1,468.717834
-0.75,1,468.720651
8.5,17,468.765957
12.25,16,468.807125
-0.75,1,468.80994
-0.75,4,468.81998
-0.75,1,468.822723
9.75,14,469.172181
-0.25,2,469.177362
-0.75,1,469.180292
0.25,3,469.188565
-3.25,8,469.208557
2.25,16,469.248467
9.75,22,469.301623
12.5,25,469.367208
3.75,16,469.410789
13.0,15,469.450366
0.75,1,469.453286
3.25,12,469.484557
0.75,4,469.495096
8.0,16,469.536702
3.25,9,469.561913
5.75,14,469.599059
4.25,17,469.643273
2.25,7,469.661466
2.25,7,469.679295
0.25,6,469.694291
-0.75,1,469.69693
0.75,4,469.706946
19.0,30,469.780318
-8.25,20,469.828481
0.75,1,469.83117
3.75,10,469.856496
0.75,4,469.86735
5.0,16,469.90924
-0.25,2,469.914765
6.25,19,469.960899
-0.75,1,469.963615
16.0,18,470.009435
-0.75,1,470.012419
4.25,11,470.039221
-0.75,1,470.041912
3.5,13,470.076226
1.25,5,470.089194
-0.25,2,470.094986
4.25,17,470.139656
-0.75,1,470.142516
5.0,16,470.180791
7.75,14,470.213743
7.75,18,470.25573
0.75,1,470.258209
1.25,5,470.269767
-0.75,1,470.272391
2.25,7,470.288469
1.25,5,470.300906
-0.75,1,470.30363
-0.25,2,470.308645
-0.75,1,470.311177
2.25,7,470.328432
0.75,4,470.338727
-0.25,2,470.343814
-2.75,6,470.358309
7.75,18,470.404084
13.0,16,470.735392
1.75,6,470.752117
3.75,10,470.777131
-0.75,1,470.780107
0.75,1,470.782772
0.75,1,470.785625
6.25,15,470.824957
0.75,4,470.834814
9.75,17,470.877264
6.25,12,470.905776
3.75,16,470.944576
16.75,34,471.029627
2.25,7,471.048014
2.25,7,471.067708
-0.75,1,471.070733
1.25,5,471.084614
7.75,11,471.114754
0.75,4,471.125599
0.75,1,471.128443
2.25,7,471.146469
-1.25,3,471.154438
0.25,3,471.162488
12.5,25,471.223925
16.0,18,471.266486
-0.25,2,471.271397
-0.25,2,471.276426
0.25,3,471.284179
-1.25,6,471.299749
-0.25,2,471.305216
11.5,13,471.33791
3.25,9,471.359632
-0.75,1,471.362342
0.75,4,471.373227
-0.75,1,471.37602
12.0,13,471.408476
8.25,19,471.455699
4.25,8,471.475023
11.5,28,471.544109
-0.25,2,471.549243
-0.25,2,471.554464
15.0,18,471.596083
-0.75,1,471.59889
-0.25,5,471.613996
1.25,3,471.622583
9.5,19,471.671862
13.0,16,471.709232
3.75,10,471.732437
2.25,6,471.747739
-12.25,14,471.782507
15.75,20,471.828921
-6.25,11,471.854855
8.5,14,471.887401
1.75,15,471.921589
-0.75,1,471.924258
0.75,1,471.926853
-0.75,1,471.929636
-0.75,1,471.93243
0.25,3,471.939635
0.25,3,471.946608
-0.25,2,471.951826
0.75,1,471.954486
-0.75,1,471.957245
-0.25,2,471.962347
3.75,16,471.998614
8.5,17,472.334439
-0.75,1,472.337414
10.75,14,472.373531
2.75,8,472.394825
1.75,6,472.411256
-0.25,2,472.416178
18.75,19,472.463116
0.25,3,472.471258
1.25,5,472.483861
4.75,12,472.516259
5.75,14,472.552518
-0.75,1,472.555432
5.25,13,472.588098
0.25,3,472.596064
0.75,1,472.598942
6.75,13,472.634
-0.25,8,472.656346
8.25,12,472.687973
-0.75,1,472.691103
2.25,7,472.709255
4.25,11,472.736331
14.0,24,472.796515
-0.25,2,472.801271
2.75,7,472.825051
0.75,26,472.887988
4.25,8,472.908517
8.0,16,472.949139
-0.25,2,472.954098
7.5,15,472.990903
13.0,22,473.045219
2.25,4,473.055807
10.5,21,473.108461
16.0,27,473.17572
-0.75,1,473.178421
5.25,13,473.208579
1.75,12,473.236082
-2.25,4,473.246527
16.5,22,473.297697
13.75,25,473.359343
2.25,7,473.376408
-0.25,2,473.381363
-1.75,5,473.394414
-0.75,1,473.397722
-4.25,6,473.414071
-0.75,1,473.416949
4.75,12,473.44709
1.75,6,473.462076
3.75,16,473.502745
-2.75,12,473.534587
-0.25,2,473.540299
0.25,3,473.548669
1.25,5,473.562537
1.75,6,473.578318
8.0,16,473.930661
-0.75,1,473.933669
6.75,13,473.965493
2.25,4,473.975126
-0.25,2,473.979896
5.25,13,474.011997
0.75,1,474.014877
14.0,28,474.086613
4.25,8,474.106858
10.5,21,474.163744
13.75,21,474.218601
3.25,21,474.274136
-0.75,1,474.276895
12.25,25,474.341576
7.25,12,474.375062
9.5,16,474.430668
16.0,18,474.474764
-0.25,2,474.47978
-3.25,5,474.49234
-0.25,2,474.497478
1.75,6,474.513548
15.0,19,474.567385
5.25,13,474.602057
0.75,1,474.604875
-7.25,9,474.628888
9.5,16,474.670681
16.75,21,474.720782
4.75,12,474.752534
9.25,14,474.787523
1.75,6,474.802145
-0.75,1,474.805151
-0.75,1,474.807899
10.25,19,474.855565
10.75,12,474.884674
4.25,11,474.912081
-0.75,1,474.915013
-1.25,3,474.923011
9.5,19,474.968426
8.5,17,475.008097
-0.25,2,475.013581
2.75,8,475.032757
4.75,12,475.061455
9.0,18,475.105657
3.25,9,475.127803
13.0,26,475.191967
1.75,6,475.207169
5.75,14,475.55256
2.25,7,475.569637
12.0,16,475.613079
-5.25,7,475.631098
3.25,9,475.655887
11.75,13,475.689618
6.25,15,475.728107
-0.25,2,475.733762
-3.25,17,475.778627
8.75,20,475.83128
-9.75,13,475.866268
8.5,17,475.912093
6.0,12,475.943373
9.0,18,475.986283
-1.75,8,476.005655
-2.25,4,476.015796
-0.75,1,476.01852
-0.75,1,476.021285
-0.75,1,476.024165
20.5,41,476.123349
-3.25,5,476.135888
1.25,5,476.14808
0.75,4,476.159132
0.75,4,476.170153
19.0,24,476.228501
7.75,18,476.271142
-0.75,1,476.274185
10.0,20,476.32326
10.5,24,476.385077
-0.75,1,476.387911
-0.25,2,476.394076
0.75,4,476.404764
-4.75,11,476.432043
-0.25,2,476.437561
4.75,14,476.472021
5.25,13,476.501904
1.75,6,476.516764
0.75,1,476.519507
8.0,16,476.558167
2.25,7,476.574235
6.75,15,476.612472
-2.25,4,476.622606
10.5,21,476.675136
6.5,13,476.708004
-0.25,2,476.713284
3.25,9,476.735491
-4.75,11,476.766555
15.5,24,476.825285
8.75,20,477.256643
4.25,11,477.286043
0.75,1,477.288826
18.0,25,477.351278
14.5,29,477.427391
-8.75,12,477.458581
9.5,19,477.507416
-0.75,1,477.51023
-5.25,10,477.536533
20.5,37,477.629274
-0.75,1,477.632248
0.75,4,477.642525
1.75,6,477.657682
0.25,6,477.672934
3.75,13,477.704616
7.25,17,477.746536
1.25,5,477.759372
7.75,18,477.802813
0.75,1,477.805452
-0.75,1,477.80832
-0.25,2,477.813578
-2.25,4,477.823961
-0.25,2,477.829408
-0.75,1,477.832188
0.25,3,477.8397
13.0,16,477.878744
2.25,7,477.896505
15.5,22,477.952238
6.75,16,477.990715
9.5,19,478.035952
13.0,16,478.074369
-6.5,20,478.122829
-0.75,1,478.125772
1.25,5,478.138093
2.75,8,478.157324
0.25,3,478.164542
-5.25,7,478.181607
-0.25,2,478.186453
4.75,12,478.217124
-0.25,2,478.222122
-0.75,1,478.225015
-6.25,8,478.245125
4.75,12,478.273747
3.75,10,478.299623
3.25,9,478.322109
5.75,14,478.357781
-3.25,5,478.369974
0.25,3,478.377489
9.5,22,478.433746
1.25,5,478.446183
3.75,10,478.469836
-0.25,2,478.47466
1.75,6,478.489825
1.25,5,478.82714
3.75,10,478.851168
-0.75,1,478.85418
0.75,1,478.857195
4.25,14,478.893608
19.0,20,478.951743
1.75,3,478.959767
2.75,8,478.980842
0.75,4,478.991608
1.25,5,479.004318
3.75,10,479.030837
0.75,4,479.041682
8.75,13,479.075949
-0.25,2,479.081582
-0.75,1,479.084539
-0.75,1,479.087504
7.75,11,479.115857
7.75,18,479.161019
0.25,3,479.168987
9.75,22,479.223518
10.25,23,479.282517
9.5,19,479.329508
0.75,1,479.332429
8.5,17,479.374636
-2.75,9,479.396851
3.75,10,479.421462
7.25,17,479.462561
-0.75,1,479.46532
0.25,3,479.473412
5.75,14,479.507894
1.25,17,479.549491
9.75,22,479.605821
-0.75,1,479.608668
0.25,3,479.616978
-0.25,2,479.622756
5.25,13,479.65558
8.75,20,479.706902
-0.25,2,479.711737
-0.25,2,479.716582
1.75,6,479.731219
0.25,3,479.738269
-0.75,1,479.740829
9.5,19,479.788457
0.75,4,479.79865
5.25,13,479.829707
-5.75,15,479.865885
5.75,14,479.90001
5.25,13,479.931667
12.5,24,479.986794
2.75,8,480.005832
4.75,12,480.033771
0.25,6,480.048097
-0.75,1,480.050733
-1.25,3,480.058757
10.0,17,480.100337
-0.25,2,480.105567
0.75,4,480.401198
0.75,4,480.411649
14.5,29,480.480925
-7.25,9,480.503565
0.0,18,480.5484
-3.75,10,480.574289
9.0,18,480.621789
-0.25,2,480.627433
8.5,17,480.691707
15.5,19,480.753474
-1.25,3,480.763082
9.75,22,480.819204
15.75,23,480.876591
7.5,15,480.913268
14.5,16,480.95487
0.75,4,480.965269
4.75,12,480.995504
17.5,28,481.06385
-2.25,4,481.074297
0.25,3,481.081717
4.75,11,481.108337
3.75,10,481.132742
9.0,18,481.175749
1.75,6,481.189684
9.25,15,481.224614
-0.75,1,481.227271
10.25,20,481.278229
-5.5,19,481.324354
3.25,9,481.348141
-0.25,2,481.353643
6.0,12,481.384923
13.5,27,481.45194
-0.25,2,481.457286
-0.75,1,481.459812
-0.25,2,481.464841
0.75,1,481.467482
0.75,1,481.470067
3.75,7,481.487488
3.75,10,481.512316
-0.75,1,481.515484
-0.75,1,481.518419
0.25,3,481.525935
9.0,18,481.568269
-2.25,4,481.57742
6.5,13,481.609604
5.75,14,481.645648
11.75,19,481.694085
-0.25,2,481.69993
9.0,18,482.051722
15.5,29,482.125684
0.25,3,482.133674
-0.75,1,482.136477
0.0,15,482.173538
7.25,17,482.216716
-6.5,20,482.265682
-0.25,2,482.271056
-0.75,1,482.273929
0.25,3,482.282253
7.0,14,482.317984
9.25,21,482.371384
4.25,11,482.400177
6.25,15,482.437402
0.75,1,482.440187
0.75,4,482.450501
6.5,13,482.482524
0.25,3,482.489624
0.75,4,482.499658
15.5,22,482.551408
8.0,16,482.589831
0.75,1,482.592446
14.0,24,482.653857
8.0,16,482.697232
-0.75,1,482.700344
-0.25,2,482.705859
13.0,19,482.75387
9.5,17,482.795916
-0.25,2,482.801292
0.75,1,482.803913
16.5,33,482.883252
6.5,13,482.915111
-0.25,5,482.927945
-0.25,2,482.934361
0.75,4,482.945563
6.75,17,482.987475
-0.25,2,482.992799
14.0,25,483.053642
10.5,21,483.104014
14.75,31,483.179904
0.75,1,483.182679
-0.75,1,483.185396
10.5,21,483.236078
3.25,9,483.258321
15.0,19,483.624445
0.25,3,483.633972
0.75,1,483.637771
8.25,19,483.69215
9.5,19,483.747874
-1.25,3,483.756701
13.5,27,483.828533
9.5,22,483.886176
4.25,14,483.924309
12.0,22,483.981302
0.75,1,483.98428
6.75,12,484.013706
1.25,5,484.027166
0.75,1,484.030102
13.0,26,484.094412
13.5,27,484.160865
4.75,12,484.191216
-1.75,5,484.203797
1.25,8,484.22444
5.75,11,484.251609
9.5,17,484.293524
0.75,1,484.296207
16.0,31,484.375146
14.0,25,484.43856
11.25,25,484.498899
23.0,26,484.561991
8.0,16,484.598209
-7.25,12,484.62848
-10.25,15,484.669768
-5.25,7,484.687675
9.0,18,484.731412
0.75,1,484.734243
1.75,9,484.757387
0.75,1,484.760316
-1.25,3,484.768087
0.75,4,484.778141
-5.5,16,484.815938
3.75,7,484.832312
16.0,19,484.879322
4.0,20,485.231726
10.0,18,485.278408
-1.25,3,485.28661
9.75,22,485.345284
0.75,1,485.34831
0.75,1,485.351298
13.0,15,485.389886
11.25,13,485.425452
1.75,6,485.441018
-0.25,2,485.446519
5.25,13,485.479337
-0.25,2,485.484517
-0.75,1,485.48731
-1.25,3,485.494549
1.75,3,485.501919
16.5,22,485.554316
-3.25,8,485.573364
8.5,17,485.613519
1.75,18,485.659334
-0.25,2,485.665106
12.75,19,485.713235
4.75,12,485.742981
5.75,14,485.778876
4.25,11,485.806178
2.75,8,485.825866
9.5,16,485.866643
2.25,4,485.877321
2.75,8,485.896434
-1.25,9,485.918854
0.75,4,485.928699
10.5,19,485.976567
-1.75,8,485.998193
2.25,7,486.015937
12.0,24,486.077064
0.75,4,486.087739
9.5,19,486.133476
-0.75,1,486.136315
7.5,15,486.174134
-0.25,2,486.179736
-2.25,4,486.190325
7.25,17,486.229988
-0.25,2,486.235118
2.75,8,486.254736
1.75,6,486.269374
5.25,13,486.30102
14.75,25,486.363981
0.25,3,486.371756
12.0,24,486.436148
4.25,11,486.464338
0.25,3,486.472942
8.25,19,486.520616
-0.75,1,486.523504
8.25,19,486.893645
-0.25,2,486.899404
0.25,3,486.907632
1.75,6,486.923896
3.75,13,486.95871
-0.25,2,486.964208
-2.25,4,486.975053
13.0,14,487.0119
0.75,1,487.014884
14.0,24,487.077934
12.5,25,487.140409
-0.75,1,487.143327
0.75,4,487.154193
6.75,16,487.195951
-0.75,1,487.198898
-0.75,1,487.201988
-8.25,10,487.23015
7.75,11,487.258535
10.0,17,487.30214
-0.25,2,487.307444
4.25,11,487.336739
12.75,28,487.407902
0.25,6,487.423139
0.25,3,487.43044
-0.75,1,487.433212
-1.25,3,487.441246
-0.75,1,487.444048
10.25,14,487.479324
13.0,18,487.522195
1.25,5,487.533576
16.5,23,487.586547
22.0,23,487.639141
-0.75,1,487.641985
0.75,4,487.652443
6.75,10,487.677909
4.25,11,487.704799
7.5,15,487.743776
-0.25,2,487.750179
10.5,21,487.802297
-0.75,1,487.804936
5.25,13,487.835353
8.5,17,487.87658
-0.75,1,487.879724
0.75,1,487.882773
36.5,48,487.994572
22.0,23,488.048625
7.75,18,488.090244
-0.75,1,488.092788
6.5,13,488.123111
14.25,23,488.485831
-0.25,2,488.491391
4.25,14,488.525481
0.75,4,488.53612
20.5,30,488.609084
9.25,21,488.660298
12.5,25,488.724313
-0.75,1,488.727256
-0.75,1,488.730194
-1.25,3,488.739641
8.75,20,488.792217
6.25,15,488.830356
-0.75,1,488.833138
13.0,19,488.879374
2.25,7,488.895571
9.5,16,488.933868
1.75,6,488.948898
6.75,16,488.988572
-2.25,4,488.999284
10.75,13,489.031288
-0.25,2,489.036746
-0.75,1,489.039659
-0.75,1,489.042366
-3.75,4,489.052108
0.75,4,489.062127
5.5,17,489.103772
16.25,21,489.152775
2.25,7,489.16897
-0.75,1,489.171576
2.75,8,489.191065
5.75,11,489.219366
16.0,18,489.264473
10.75,21,489.314764
2.25,4,489.324701
6.5,13,489.357436
0.75,1,489.360303
0.75,1,489.363115
28.0,40,489.466767
0.25,3,489.474845
-1.25,3,489.483766
0.25,3,489.491746
7.0,14,489.525889
-0.25,2,489.531409
5.25,13,489.563317
-5.25,7,489.580301
11.5,23,489.634463
-0.25,2,489.639724
10.75,16,489.679208
12.5,25,490.059441
0.25,3,490.068089
-0.25,2,490.073615
-0.25,2,490.079269
0.75,1,490.082331
-8.25,13,490.117771
-0.75,1,490.120978
-4.25,6,490.13724
2.75,11,490.166401
7.25,17,490.207545
2.25,4,490.217863
-0.75,1,490.220805
-0.75,1,490.223506
8.0,16,490.263975
14.5,32,490.343781
1.75,6,490.359826
-0.25,2,490.365446
-0.75,19,490.415828
-0.25,11,490.446252
0.75,1,490.449272
1.25,5,490.462258
10.0,20,490.507829
-0.75,7,490.523989
-0.75,1,490.526659
17.0,21,490.576382
0.75,4,490.586172
-0.75,1,490.588737
-0.25,2,490.59395
12.5,14,490.626709
1.25,5,490.638239
7.25,14,490.674342
7.0,14,490.709098
8.75,20,490.759535
-0.75,1,490.762551
2.25,7,490.780845
-0.75,1,490.783767
7.25,19,490.829401
2.25,7,490.847484
10.75,19,490.895763
9.75,22,490.945735
8.5,17,490.989959
6.25,15,491.029911
5.25,13,491.065543
-2.25,4,491.076847
14.5,29,491.155652
10.25,12,491.188337
0.25,3,491.196813
1.75,6,491.213432
0.75,1,491.216542
-2.25,4,491.228074
-1.25,6,491.244543
5.25,13,491.279712
10.5,21,491.338702
19.0,30,491.754473
-0.75,1,491.757565
10.75,13,491.792533
6.75,16,491.833898
5.25,13,491.867843
0.75,4,491.878241
9.75,14,491.913293
3.25,9,491.934319
12.0,24,491.991921
2.75,8,492.010822
0.75,1,492.013709
-0.75,1,492.016444
4.75,8,492.035717
2.25,4,492.045482
0.75,4,492.055439
5.75,14,492.089412
10.75,16,492.12852
9.0,18,492.171075
0.75,4,492.180576
0.25,3,492.188096
13.0,19,492.233561
0.75,1,492.236261
-0.25,2,492.241515
11.5,19,492.286538
0.25,3,492.29388
0.75,1,492.296489
0.25,3,492.303729
3.25,9,492.326202
-0.75,1,492.329135
-0.75,1,492.332255
9.5,19,492.380723
-4.75,11,492.40837
-0.75,1,492.4112
0.75,4,492.421448
5.25,13,492.45264
-0.25,2,492.458094
0.25,3,492.466069
10.5,21,492.517132
0.75,1,492.519977
0.75,4,492.529756
1.25,5,492.542302
6.5,13,492.573344
5.25,13,492.604598
2.25,7,492.622864
4.75,12,492.653041
6.25,12,492.684751
-0.75,1,492.687622
3.75,10,492.713016
-0.25,2,492.718287
0.75,1,492.721205
-0.25,5,492.73404
0.25,3,492.741769
6.25,15,492.779254
4.75,12,492.808703
13.5,24,492.866908
0.75,1,492.86998
0.75,1,492.873317
-0.25,2,492.879339
-2.25,7,492.898131
3.25,7,492.915687
0.75,1,492.918446
1.25,5,492.931007
6.75,16,493.280651
1.75,6,493.296448
-0.25,2,493.302055
0.75,4,493.312688
0.75,4,493.323713
-0.75,10,493.351645
-0.25,2,493.357295
11.5,23,493.415728
0.75,1,493.418516
16.0,18,493.464907
0.75,1,493.468068
0.25,3,493.476007
9.75,14,493.511719
-3.25,5,493.523608
0.75,1,493.526563
-1.25,3,493.534064
-0.75,1,493.536778
0.75,1,493.539655
4.25,11,493.566566
-0.75,1,493.569322
-0.75,1,493.571913
-0.75,1,493.574654
-0.25,2,493.57988
0.25,3,493.587782
0.75,1,493.590587
8.5,17,493.629643
0.75,1,493.632135
6.25,13,493.663925
-0.25,2,493.669277
0.75,1,493.672292
-0.75,1,493.675157
-3.75,4,493.685478
8.0,16,493.723461
0.25,3,493.730843
1.75,6,493.745263
-0.25,2,493.751264
13.5,17,493.79415
0.75,1,493.797083
0.75,4,493.807191
0.75,1,493.809838
0.25,3,493.817827
0.75,1,493.820832
10.25,20,493.869274
0.25,3,493.877115
1.25,5,493.888567
6.25,15,493.927393
-0.25,14,493.96039
17.25,34,494.045765
12.25,16,494.089287
4.25,16,494.128674
5.25,13,494.160872
13.0,26,494.227263
0.75,1,494.230073
-0.75,1,494.233002
6.0,12,494.263824
0.75,4,494.273857
7.0,14,494.308658
3.25,9,494.331421
1.25,5,494.344123
10.0,17,494.385807
-0.25,2,494.391127
16.5,23,494.448473
12.25,27,494.516367
1.75,6,494.532211
0.75,1,494.535052
6.75,16,494.892861
-0.25,2,494.898239
1.25,5,494.911023
0.25,3,494.918778
0.75,1,494.921688
3.25,6,494.937288
9.5,19,494.985816
0.75,4,494.995838
6.0,12,495.025068
4.75,12,495.056219
-0.25,2,495.061641
8.0,16,495.108268
-0.25,2,495.114229
12.0,16,495.157468
3.75,10,495.184446
-0.25,2,495.189977
14.75,29,495.264802
8.5,17,495.305773
2.25,7,495.322538
5.25,13,495.35473
2.25,5,495.367004
4.5,12,495.395584
2.25,7,495.417041
0.75,1,495.420352
3.25,9,495.442595
4.75,12,495.472163
-0.75,1,495.474878
-2.75,9,495.498463
1.75,6,495.514399
-0.25,2,495.519918
6.75,9,495.542462
3.25,6,495.558408
0.25,3,495.566274
-0.25,2,495.571974
8.25,13,495.602781
5.75,14,495.6356
-0.75,1,495.638861
-0.25,2,495.644381
-0.75,1,495.647338
15.0,19,495.698968
4.75,12,495.727958
1.25,5,495.740445
0.75,1,495.743211
1.25,5,495.756545
14.0,17,495.798436
2.25,4,495.808911
1.75,6,495.824059
-0.75,1,495.826905
4.25,14,495.86079
16.0,19,495.90684
-0.75,1,495.909569
0.75,4,495.91919
7.0,14,495.953121
2.25,7,495.970094
0.75,4,495.979759
6.25,15,496.018515
5.75,11,496.045523
5.75,14,496.08035
1.75,6,496.095233
2.75,8,496.114838
0.25,3,496.12219
-0.25,2,496.12729
-0.75,1,496.130112
0.75,1,496.133051
-0.75,1,496.13586
3.25,6,496.150907
5.25,13,496.183022
0.25,6,496.513333
3.25,9,496.537661
-0.25,2,496.543282
2.75,20,496.594587
0.75,4,496.604947
-0.75,1,496.607644
19.25,39,496.704538
7.25,15,496.744281
10.75,24,496.809452
6.25,16,496.855622
10.5,21,496.90913
-7.25,9,496.933013
-0.25,11,496.960965
7.25,14,496.995858
-0.25,2,497.001395
12.5,25,497.065437
-4.25,6,497.080282
8.25,15,497.11663
6.75,16,497.15683
-6.25,8,497.177239
12.5,25,497.237641
8.0,16,497.279192
2.25,7,497.296883
8.0,16,497.336445
13.0,26,497.400914
11.25,19,497.449691
-0.75,1,497.452248
7.75,18,497.496434
8.5,17,497.539784
7.5,15,497.579792
0.75,4,497.590006
0.75,1,497.592897
-0.75,1,497.595641
-4.25,6,497.610154
9.5,17,497.651046
1.25,5,497.663289
15.5,19,497.709463
-0.75,1,497.712076
1.25,5,497.724684
10.5,24,497.784349
6.0,12,498.119626
3.75,10,498.145762
-0.25,2,498.151118
11.75,14,498.18604
-0.25,2,498.191481
-0.25,5,498.203599
5.75,20,498.252135
7.5,15,498.288616
2.25,7,498.305251
-0.75,1,498.30805
0.25,3,498.316063
0.75,7,498.334564
-0.75,1,498.337503
-0.25,11,498.364596
0.75,1,498.367372
2.25,7,498.385432
-0.75,1,498.388286
-0.75,1,498.391179
-2.25,4,498.402292
6.75,13,498.433996
17.5,26,498.497015
0.75,1,498.499635
10.0,20,498.549927
-0.25,2,498.555429
5.25,13,498.587827
-0.25,2,498.592736
5.25,13,498.624675
16.0,27,498.691833
1.25,5,498.70398
-0.75,1,498.706752
1.75,6,498.722165
2.25,7,498.738953
4.25,11,498.767667
0.25,3,498.775708
10.25,17,498.816334
2.25,4,498.826127
8.5,17,498.866329
-3.25,5,498.879754
-0.75,1,498.882621
-0.75,1,498.885492
-0.75,1,498.888453
9.25,17,498.929007
8.5,17,498.96868
2.25,7,498.986012
5.75,14,499.020128
4.25,8,499.039994
-0.25,2,499.045181
9.0,18,499.090465
2.25,7,499.10714
12.0,18,499.149809
-0.25,5,499.161906
0.75,1,499.164559
10.75,19,499.209861
4.75,9,499.231318
0.75,1,499.233952
11.75,16,499.274897
13.5,17,499.319164
1.75,6,499.33512
-1.25,3,499.342872
-0.75,1,499.345837
-0.75,1,499.34855
-4.25,9,499.370108
-0.75,1,499.37273
23.5,36,499.775085
-0.75,1,499.777814
4.25,11,499.805385
8.5,17,499.844815
0.75,1,499.847702
-0.75,1,499.850636
9.75,17,499.892216
6.75,16,499.930938
13.0,14,499.965951
-0.25,2,499.971278
-2.25,7,499.988062
-0.25,2,499.993252
8.5,17,500.03393
0.25,3,500.042157
16.5,19,500.090345
1.25,5,500.10245
-0.75,1,500.105383
6.75,13,500.137284
13.0,32,500.216776
-0.75,1,500.21962
11.0,22,500.2722
13.0,14,500.309151
-0.25,2,500.314585
2.75,8,500.336393
-0.25,2,500.341506
4.75,12,500.37145
-0.25,2,500.37663
-3.75,10,500.401857
7.5,18,500.446626
-7.25,9,500.468782
-0.75,1,500.47162
1.25,5,500.48461
0.75,4,500.494399
20.5,28,500.56232
-0.25,2,500.567524
7.75,18,500.612167
5.75,20,500.661527
6.25,15,500.699996
-0.25,2,500.704958
4.0,14,500.739096
7.0,14,500.775502
3.75,10,500.800625
-0.25,2,500.805987
1.75,6,500.821004
0.75,1,500.823644
5.25,13,500.855093
6.0,12,500.887633
12.5,25,500.95049
-5.25,13,501.310876
13.0,26,501.378066
9.25,13,501.411822
-0.75,1,501.414571
0.75,1,501.418317
11.75,25,501.486443
8.5,17,501.558717
2.25,4,501.58316
1.75,6,501.617432
11.0,22,501.711257
6.75,13,501.747179
9.5,16,501.787601
20.5,30,501.861875
16.0,18,501.9075
9.25,21,501.960919
5.25,13,501.992399
12.0,14,502.02549
2.25,7,502.042875
31.0,34,502.126648
6.75,11,502.153702
6.75,12,502.182893
0.75,1,502.185385
-0.25,2,502.191018
2.75,8,502.210354
10.75,14,502.243246
3.25,9,502.26546
0.75,1,502.268234
9.0,18,502.31273
-0.75,1,502.315325
14.0,28,502.386327
1.25,5,502.399581
3.75,10,502.424727
14.0,24,502.483814
-1.25,3,502.491692
0.75,1,502.494647
14.0,25,502.556331
5.75,14,502.589292
1.25,5,502.602333
0.75,4,502.613268
-0.75,1,502.6162
-0.75,1,502.619096
0.75,7,502.638228
3.75,16,502.678833
0.75,1,502.681825
3.25,9,503.008894
12.5,25,503.070292
10.75,21,503.122753
0.75,1,503.125518
-0.25,2,503.130629
0.75,4,503.140282
0.75,4,503.15034
3.25,12,503.179282
7.0,14,503.213715
10.5,21,503.264121
0.75,4,503.274734
-0.75,1,503.277521
-0.75,1,503.280454
6.75,13,503.313301
-0.75,1,503.316044
22.0,28,503.385811
-0.75,1,503.388733
-0.25,2,503.394204
0.75,1,503.396954
2.75,8,503.416893
0.75,1,503.419596
15.5,31,503.503204
-0.25,2,503.508675
-0.75,1,503.511628
-2.25,4,503.521432
0.25,3,503.528748
12.0,13,503.561048
3.75,10,503.585068
9.25,15,503.620308
26.5,37,503.712854
3.25,9,503.734794
5.75,11,503.762591
-0.25,2,503.768061
16.5,21,503.819752
-0.25,8,503.838423
-0.75,1,503.841089
-0.25,2,503.845987
5.75,23,503.902214
-0.25,2,503.90698
-0.75,1,503.909644
2.25,7,503.925723
-0.25,2,503.930736
4.25,10,503.954096
3.75,10,503.979159
0.75,4,503.989393
0.75,1,503.992179
5.75,13,504.024386
13.5,17,504.064609
-0.75,1,504.067405
8.75,20,504.114925
13.75,16,504.15189
-0.75,1,504.154501
-0.75,1,504.157218
0.25,3,504.165618
0.75,1,504.16845
-0.75,1,504.171256
10.75,13,504.203954
15.75,27,504.602216
0.25,3,504.610291
-0.75,1,504.613264
5.75,11,504.639909
8.75,17,504.682085
-0.25,2,504.687396
2.75,8,504.706583
8.5,17,504.74591
4.75,12,504.776722
2.75,8,504.795765
9.5,17,504.835105
-0.75,1,504.837787
-0.75,1,504.840469
12.5,25,504.900834
13.0,19,504.947653
1.75,3,504.955474
0.75,4,504.965511
1.25,5,504.97795
8.5,19,505.024285
1.75,6,505.03843
1.25,17,505.078781
-0.75,10,505.102919
0.25,3,505.110276
-0.25,2,505.115226
-0.75,1,505.117806
11.5,19,505.161721
15.0,19,505.211439
-3.25,5,505.231073
5.25,13,505.263509
7.0,14,505.298523
4.25,11,505.325917
0.75,4,505.336905
0.75,1,505.339767
8.75,13,505.372461
9.25,12,505.402715
0.25,3,505.410457
-0.25,2,505.416156
12.0,22,505.469875
-2.25,4,505.479962
4.75,9,505.502111
10.5,15,505.539315
4.75,12,505.568859
-0.25,2,505.574093
9.0,18,505.616988
-0.25,2,505.621997
25.0,26,505.684155
-6.75,13,505.715527
0.75,1,505.718109
14.75,18,505.764124
19.75,26,505.826315
6.5,15,506.147966
6.75,16,506.185063
-7.25,12,506.21404
1.75,3,506.222569
13.5,27,506.287439
-4.25,12,506.315218
7.75,11,506.343706
-3.25,5,506.356385
0.25,3,506.364612
-0.75,1,506.367388
6.25,12,506.396687
2.25,7,506.415076
24.5,30,506.48474
-0.75,1,506.487423
-0.75,1,506.490093
0.75,4,506.499532
18.5,37,506.585207
23.0,24,506.642116
0.75,4,506.651578
12.5,14,506.685869
10.25,23,506.740486
-0.75,1,506.743014
12.0,22,506.795682
0.75,1,506.798249
-0.25,2,506.803359
-16.0,19,506.848205
-0.25,2,506.853121
11.5,15,506.887805
1.25,5,506.89949
4.25,11,506.926181
3.25,9,506.948684
-5.25,7,506.96649
-11.75,18,507.008702
2.25,7,507.025148
17.5,23,507.080165
6.75,16,507.118009
2.25,7,507.134159
-8.25,16,507.170518
0.25,3,507.177747
0.75,4,507.187818
10.5,21,507.238508
17.5,26,507.299436
6.75,15,507.336725
8.0,16,507.676704
0.75,4,507.687106
2.25,7,507.704008
6.75,16,507.743225
-0.25,2,507.748245
8.5,17,507.790894
7.75,18,507.832913
-1.25,6,507.8465
-2.25,14,507.878635
-1.25,3,507.885877
22.0,23,507.937834
8.25,15,507.972177
-0.75,1,507.974739
15.0,17,508.014157
10.75,14,508.048012
7.0,14,508.080534
0.25,3,508.087561
0.25,6,508.10166
16.25,26,508.16181
0.75,4,508.171043
0.25,3,508.178056
-0.75,1,508.180581
9.25,11,508.206206
0.75,1,508.208704
-0.75,1,508.211278
0.75,1,508.213825
6.25,12,508.245102
-0.75,1,508.248285
1.75,5,508.26141
-0.25,2,508.266833
-0.75,1,508.269411
0.75,1,508.27229
-0.75,1,508.275138
-0.75,1,508.27815
1.25,5,508.290462
-0.25,2,508.295859
-1.25,3,508.303076
8.5,17,508.344252
14.5,16,508.383148
7.0,14,508.417432
1.25,5,508.429449
0.75,1,508.431952
1.75,3,508.439163
0.75,4,508.448784
4.75,12,508.476573
8.25,12,508.507065
4.25,11,508.532898
4.25,14,508.565228
10.75,20,508.611526
-0.75,1,508.614131
12.75,15,508.648247
10.75,15,508.684469
6.25,15,508.719706
5.75,14,508.753218
-0.25,2,508.758742
-2.25,4,508.768956
3.75,10,508.79196
0.25,3,508.799015
0.75,4,508.808422
1.75,3,508.815702
-0.75,1,508.818288
-0.75,1,508.821059
9.25,13,508.851803
4.75,12,508.880679
13.75,19,509.225455
0.75,4,509.235711
9.5,19,509.283834
10.25,12,509.312901
0.75,1,509.315822
0.75,1,509.31855
-0.25,2,509.324082
15.0,19,509.372086
-3.25,11,509.398939
3.75,10,509.424987
2.25,4,509.435104
9.0,18,509.479479
0.75,1,509.482264
-0.75,1,509.485208
6.0,12,509.514939
-0.75,1,509.517783
1.25,5,509.530125
7.0,14,509.564652
-0.75,1,509.56758
2.25,4,509.578632
-0.75,7,509.596458
0.75,4,509.606719
8.25,16,509.645577
7.0,14,509.679665
0.75,1,509.68259
0.25,3,509.690442
7.25,14,509.725348
-0.75,1,509.727917
4.75,12,509.758163
0.75,1,509.760918
-0.25,5,509.773285
4.25,11,509.800685
3.25,9,509.82277
-0.75,1,509.825255
-0.25,2,509.829855
-0.25,2,509.835516
1.75,3,509.843429
0.25,3,509.85123
-0.75,1,509.854198
1.25,5,509.866973
4.75,12,509.896774
6.75,16,509.937475
-0.75,1,509.940354
7.75,15,509.977436
-0.75,1,509.980246
0.75,4,509.990095
-0.75,1,509.992854
0.75,4,510.002666
-0.25,2,510.00794
-0.25,2,510.012946
4.75,12,510.041986
-0.75,1,510.044657
-0.75,1,510.047524
-3.25,8,510.068137
3.75,10,510.093185
12.5,25,510.152578
0.75,1,510.155261
12.0,16,510.193575
-0.75,1,510.196217
0.75,1,510.198677
0.75,1,510.201456
11.5,22,510.256077
-0.75,7,510.273736
5.75,20,510.321748
2.75,8,510.343615
2.75,5,510.356212
-0.25,2,510.36144
-0.75,1,510.364157
-0.25,2,510.369154
-0.75,1,510.371889
-0.75,1,510.374733
6.25,15,510.414839
-0.25,2,510.420215
-0.75,1,510.423105
-5.25,7,510.440322
-0.75,1,510.443182
7.25,10,510.467023
1.75,6,510.78755
5.75,14,510.823795
-0.75,1,510.826459
23.0,24,510.885948
12.0,22,510.940559
-0.75,1,510.943336
5.25,13,510.974083
4.75,12,511.002344
7.25,17,511.044712
-0.25,2,511.050078
3.25,9,511.072567
-0.75,1,511.075289
-0.75,1,511.078173
10.25,23,511.138314
-0.25,2,511.143778
4.25,11,511.169855
2.75,8,511.188087
0.75,1,511.190867
5.25,13,511.224001
-0.25,2,511.229731
4.75,12,511.261292
8.75,20,511.311342
0.75,4,511.321751
-0.25,2,511.327968
-0.25,2,511.333887
-0.75,1,511.337132
6.0,12,511.367936
-0.75,1,511.370882
17.75,34,511.458077
10.75,13,511.491117
1.75,6,511.507281
-0.75,1,511.510265
0.75,4,511.520609
0.75,1,511.52378
7.75,15,511.561139
38.0,49,511.683437
22.25,31,511.761749
14.0,23,511.819261
2.25,7,511.837136
-0.75,1,511.840072
2.25,4,511.850712
11.0,17,511.89087
4.25,15,511.925232
-0.25,2,511.930416
8.0,16,511.971176
0.75,4,511.981699
0.75,1,511.984374
10.75,17,512.028055
-3.75,7,512.046383
5.75,14,512.404122
4.75,12,512.435057
-0.75,1,512.437904
20.5,30,512.510927
0.75,1,512.513816
-7.25,9,512.535616
-0.25,2,512.54068
6.25,15,512.57693
4.75,12,512.606305
0.75,1,512.609098
0.75,4,512.619428
3.25,13,512.649475
-0.75,1,512.652109
5.25,13,512.684246
10.5,19,512.729606
-0.75,1,512.732456
-0.75,1,512.73535
0.75,1,512.738016
22.0,23,512.795491
0.75,1,512.798726
12.5,14,512.833656
6.75,13,512.865525
-0.75,1,512.869214
14.0,21,512.91905
11.75,19,512.963888
-0.75,1,512.966478
0.75,1,512.968948
10.0,20,513.016267
-0.25,2,513.021137
9.5,19,513.065096
2.25,7,513.081514
-0.25,2,513.08662
-1.25,3,513.094694
0.75,1,513.097641
0.75,1,513.10029
-0.25,2,513.105649
0.75,1,513.108761
-3.25,5,513.121839
1.75,6,513.136887
10.25,16,513.175574
6.5,13,513.207782
0.25,3,513.215481
16.5,23,513.272382
13.0,22,513.328334
-0.25,2,513.334615
0.75,1,513.338045
0.75,1,513.341439
0.25,3,513.350798
2.75,8,513.371147
3.25,9,513.393809
-1.25,3,513.401517
-0.75,1,513.404511
7.5,15,513.441257
0.25,3,513.4483
6.25,15,513.483767
-0.75,1,513.486358
7.5,15,513.523953
1.25,5,513.535617
1.75,6,513.550281
-1.25,6,513.564403
9.75,12,513.592205
-2.25,7,513.608383
8.5,17,513.65246
-0.75,1,513.655325
0.75,4,513.97711
0.25,3,513.98448
-0.25,2,513.989663
-3.75,10,514.01311
0.25,3,514.020386
-0.75,1,514.022983
19.5,30,514.092808
24.5,30,514.165745
-0.75,1,514.168746
-0.75,1,514.171666
3.25,9,514.193158
0.75,1,514.19592
-0.25,2,514.200626
0.25,3,514.207643
0.75,4,514.217925
0.25,3,514.225233
-0.75,1,514.228064
12.5,24,514.285408
0.25,6,514.299467
-7.75,14,514.334491
-0.25,2,514.340159
8.25,15,514.377983
2.25,4,514.388785
0.25,3,514.396348
0.0,33,514.476091
0.75,1,514.47896
5.75,14,514.513283
0.75,4,514.52396
-0.75,1,514.526969
10.0,20,514.575713
5.25,13,514.606725
-0.25,2,514.611905
-0.25,2,514.616913
-0.25,2,514.622875
-1.25,3,514.630704
9.0,18,514.675072
-0.25,2,514.680612
-0.75,1,514.683529
-0.75,1,514.686399
-4.25,16,514.725531
6.75,11,514.752297
1.25,5,514.76694
5.25,13,514.799451
11.5,17,514.841481
23.5,31,514.919844
4.25,11,514.947097
-0.25,2,514.952517
2.75,8,514.972968
-0.75,1,514.97589
-0.25,2,514.981148
-3.75,4,514.991809
1.25,5,515.004369
-0.75,4,515.01493
1.75,3,515.022656
0.75,1,515.02567
-0.75,1,515.028499
17.0,23,515.083087
2.75,8,515.102253
0.25,3,515.109932
15.0,19,515.157452
0.25,3,515.165545
7.5,15,515.204651
-0.75,1,515.207687
18.75,27,515.599286
-3.75,10,515.623956
2.75,8,515.644446
11.75,26,515.709228
-0.25,2,515.71418
-0.75,1,515.716908
13.0,22,515.769658
0.75,1,515.772896
0.25,3,515.781123
0.75,1,515.783962
10.75,15,515.819927
3.75,10,515.843814
-3.25,8,515.861952
8.5,17,515.902414
22.25,36,515.988023
0.75,1,515.990981
-0.75,1,515.993752
-0.75,1,515.996586
25.0,26,516.061302
1.25,5,516.073766
0.75,4,516.08327
0.75,4,516.093242
0.75,1,516.095879
10.5,12,516.124013
6.75,16,516.164852
-0.25,2,516.170465
15.25,20,516.219019
7.0,14,516.251952
-0.25,2,516.256795
1.75,6,516.271444
-3.25,11,516.298957
-0.75,1,516.301676
-0.75,1,516.304529
5.75,23,516.363596
0.75,4,516.374336
14.5,18,516.420294
-0.75,1,516.423191
2.25,7,516.440382
2.25,7,516.45682
3.75,10,516.480281
0.75,1,516.482924
-1.25,3,516.490091
16.5,21,516.541999
7.25,14,516.576407
17.25,29,516.646571
-0.25,5,516.660043
0.75,1,516.663148
-0.25,2,516.668507
0.25,3,516.677099
0.75,1,516.679947
0.75,1,516.682953
14.0,23,516.739369
9.0,15,516.778952
10.25,22,517.150615
5.75,14,517.185686
-0.25,2,517.191102
16.5,33,517.268761
-1.25,3,517.275872
1.25,5,517.287565
5.75,17,517.329045
0.75,4,517.341241
0.75,1,517.344141
-3.25,11,517.373634
4.75,12,517.403407
1.25,5,517.416786
-0.25,2,517.421818
0.25,3,517.42927
0.75,1,517.432022
10.0,20,517.4786
0.75,4,517.489339
-0.75,1,517.492267
3.25,9,517.514651
0.25,3,517.522478
8.5,17,517.563634
4.75,12,517.591602
0.75,4,517.600988
4.25,7,517.618382
6.75,11,517.645663
-0.25,2,517.65115
-0.75,1,517.654275
1.25,5,517.667109
1.75,6,517.682941
1.25,5,517.695663
17.5,26,517.757747
-0.25,2,517.763065
4.25,17,517.804362
3.25,9,517.825987
3.75,10,517.849041
0.75,1,517.851716
0.25,3,517.859996
6.75,16,517.899722
3.75,10,517.924439
1.75,3,517.931938
-0.75,1,517.934762
7.25,11,517.961716
7.75,16,518.00165
0.75,1,518.004327
6.25,10,518.029382
-0.75,1,518.032198
5.25,13,518.064417
0.75,1,518.067198
-1.25,3,518.074705
1.75,6,518.088318
0.75,1,518.091464
4.75,12,518.119454
9.75,22,518.172417
0.25,3,518.180456
-0.25,11,518.208227
-0.25,2,518.213757
-0.75,1,518.216654
-0.75,1,518.219433
-1.25,3,518.227681
10.0,20,518.278169
0.75,7,518.295594
-0.25,2,518.300954
1.75,6,518.316672
10.25,15,518.358836
0.75,1,518.362731
-4.25,6,518.382104
-1.25,3,518.390521
-0.75,1,518.393473
2.25,7,518.412149
-0.25,2,518.417887
-0.75,1,518.420692
16.0,19,518.7868
-0.75,1,518.789852
0.75,5,518.802207
-0.25,2,518.807412
2.75,8,518.825692
-0.75,1,518.82854
0.75,1,518.831356
-0.25,2,518.836492
-0.75,1,518.839183
-0.25,2,518.844317
-0.25,2,518.849285
18.75,30,518.921994
12.0,14,518.955108
0.25,6,518.96916
8.0,16,519.008835
10.5,21,519.059558
-2.75,9,519.08061
19.5,30,519.150989
-0.75,1,519.153791
-0.25,2,519.158946
-0.75,1,519.161582
11.5,19,519.206998
-0.25,2,519.212783
3.75,19,519.261525
-0.25,2,519.266924
2.25,19,519.314955
-0.75,1,519.317895
1.75,6,519.335993
0.75,1,519.338971
0.75,4,519.349582
0.75,1,519.352379
-0.25,2,519.357612
-0.75,1,519.360401
1.75,6,519.375752
-0.25,2,519.380628
0.75,4,519.390971
0.25,3,519.398508
10.25,23,519.458412
-3.25,8,519.478503
4.75,12,519.507797
1.25,17,519.550346
0.75,4,519.560319
1.25,5,519.573042
-0.25,2,519.577752
0.75,1,519.580246
1.75,6,519.595467
-0.75,1,519.598254
0.75,1,519.600791
9.5,19,519.646484
9.25,21,519.698808
3.75,10,519.722495
-0.75,1,519.725215
13.5,27,519.792442
5.75,14,519.825954
7.75,14,519.860498
11.0,22,519.915653
6.25,15,519.954232
7.75,13,519.987177
-0.75,1,519.989968
-0.75,1,519.992826
0.25,3,520.000597
12.75,17,520.351591
5.25,16,520.391232
8.0,16,520.432337
1.25,5,520.445255
9.5,16,520.484635
-0.25,2,520.490201
-1.25,3,520.498361
3.25,6,520.513601
1.25,5,520.526198
-0.75,1,520.528922
-2.25,7,520.546092
-0.75,1,520.548666
21.5,27,520.612504
4.25,11,520.639852
12.75,18,520.684599
3.75,10,520.710352
-0.75,1,520.712942
-0.25,2,520.718126
0.25,3,520.725768
8.5,17,520.767097
8.5,17,520.808756
0.75,1,520.811435
-0.75,1,520.813879
-1.25,3,520.820814
-0.25,2,520.825637
-0.25,2,520.83099
10.0,19,520.875448
13.0,26,520.938981
10.75,15,520.975536
4.75,12,521.006191
0.75,1,521.009091
-0.75,1,521.011932
12.0,24,521.073674
-0.75,1,521.076576
13.5,17,521.11565
-0.75,1,521.118293
1.25,5,521.131103
-0.25,2,521.136572
1.75,6,521.151535
-0.75,1,521.154299
11.0,22,521.209042
1.75,6,521.224216
15.5,22,521.280205
7.0,24,521.343599
-0.75,1,521.346768
20.0,28,521.416476
-0.25,2,521.422242
13.0,14,521.457154
9.5,17,521.50157
0.75,1,521.504579
-0.25,2,521.510099
0.75,1,521.512939
0.25,3,521.521077
-0.75,1,521.524132
2.25,7,521.542325
10.0,20,521.594585
7.5,21,521.963512
-0.75,10,521.988553
0.75,1,521.991588
-0.25,2,521.997101
1.25,5,522.009655
29.0,46,522.123002
16.5,24,522.184365
8.0,16,522.222676
3.25,6,522.237158
6.5,13,522.267638
-2.25,4,522.278482
0.75,1,522.281351
4.75,12,522.311208
-0.75,1,522.3139
5.25,13,522.348501
-0.25,2,522.354049
9.0,18,522.399263
13.0,16,522.440497
34.25,44,522.553468
-0.75,1,522.556515
0.75,1,522.559559
-0.75,1,522.562536
-0.75,1,522.565531
0.75,4,522.577486
-0.25,2,522.582642
12.5,17,522.627202
17.5,22,522.683236
19.0,30,522.757984
12.5,24,522.819609
0.75,4,522.83011
14.25,15,522.868933
-0.75,1,522.871566
-0.75,1,522.874468
5.75,11,522.902842
0.75,4,522.913107
0.25,3,522.920562
9.75,22,522.97687
-0.75,1,522.979904
0.25,3,522.988068
-0.25,2,522.993334
10.75,13,523.027071
14.5,29,523.101762
3.25,12,523.133903
-0.25,2,523.139549
0.75,1,523.142603
-0.25,2,523.148234
-4.25,16,523.19032
-0.75,1,523.193295
0.25,10,523.2196
9.5,16,523.57484
7.25,17,523.621231
14.0,34,523.706371
4.25,11,523.733657
5.25,13,523.765613
9.0,18,523.809106
4.75,12,523.837525
2.75,8,523.85672
2.25,7,523.873828
8.0,16,523.912371
14.0,16,523.950611
-0.75,1,523.953503
5.25,13,523.985617
8.5,14,524.02005
3.25,7,524.037383
8.25,15,524.07331
2.25,7,524.090257
-2.25,4,524.099967
11.0,22,524.151304
1.25,5,524.164295
-0.75,1,524.167108
13.0,15,524.203158
-0.25,2,524.208313
12.5,14,524.242099
-0.75,1,524.244959
9.75,19,524.29194
12.75,28,524.361499
-0.75,1,524.364488
1.75,3,524.372313
10.5,19,524.42084
-0.75,1,524.423677
11.5,23,524.480532
-0.75,1,524.483696
2.75,8,524.505899
12.0,13,524.540725
7.75,18,524.584712
0.75,4,524.59516
1.75,6,524.610937
3.25,6,524.631667
8.75,10,524.657356
8.0,19,524.706857
-0.25,2,524.712391
3.25,15,524.751194
21.5,33,524.837469
1.75,3,524.845899
0.75,1,525.156906
-0.75,1,525.159984
2.25,7,525.177792
3.25,9,525.199945
-0.75,1,525.202844
10.5,12,525.234172
-0.25,2,525.239522
6.5,13,525.271601
3.75,10,525.295944
3.25,9,525.317786
5.25,13,525.351116
-2.75,3,525.358865
10.25,17,525.401193
16.5,21,525.452891
5.25,13,525.484505
0.75,1,525.487725
-0.75,1,525.490875
11.0,24,525.550484
-0.25,2,525.555527
12.25,25,525.62377
-1.25,3,525.631759
-0.25,2,525.637276
0.75,4,525.647308
-0.25,2,525.65239
-0.25,2,525.658175
5.75,11,525.687475
-0.25,2,525.693118
4.75,12,525.725081
13.5,16,525.780681
-0.75,1,525.78458
-0.75,1,525.787829
1.25,5,525.800876
4.75,12,525.830888
-0.75,1,525.833833
4.75,12,525.862451
2.75,8,525.88127
-0.25,2,525.886205
-0.75,1,525.888735
-0.75,1,525.891425
16.0,18,525.934314
4.25,11,525.959545
2.25,7,525.975685
3.75,7,525.991836
-0.75,1,525.994406
6.25,15,526.029986
-0.25,2,526.034997
15.5,19,526.078682
0.75,1,526.081287
0.75,4,526.090951
0.75,4,526.100301
14.0,21,526.147934
3.25,18,526.191973
4.75,12,526.2222
8.75,13,526.253253
11.5,28,526.322893
0.75,4,526.333679
4.25,11,526.362266
0.75,4,526.372777
9.0,15,526.412095
7.0,14,526.44748
-0.75,1,526.766634
0.75,1,526.7699
-0.25,2,526.775362
-0.75,1,526.778085
11.25,14,526.813617
18.0,25,526.872185
0.25,3,526.879413
6.25,12,526.907641
6.75,16,526.947696
3.25,15,527.039571
14.0,28,527.158658
1.5,12,527.191713
17.5,22,527.246277
10.25,23,527.300822
5.75,11,527.330889
1.75,6,527.347733
12.5,25,527.412313
-0.75,1,527.415193
2.75,8,527.434998
2.25,4,527.445137
5.75,14,527.482275
14.0,24,527.544357
15.0,21,527.596633
3.25,6,527.612818
-0.75,1,527.616201
4.25,11,527.644643
13.25,26,527.709726
-1.75,11,527.73818
3.0,18,527.783285
-0.25,2,527.78862
16.5,26,527.851654
7.75,18,527.898476
-4.75,15,527.936888
9.5,19,527.985512
14.5,29,528.060622
-17.25,19,528.109724
0.75,1,528.112291
-0.25,2,528.118306
5.25,13,528.151091
-1.25,3,528.158448
4.25,11,528.492502
0.75,1,528.495332
18.0,23,528.553547
-0.25,2,528.559141
2.25,4,528.569198
0.75,1,528.571962
4.75,15,528.607002
-0.75,1,528.609598
0.75,4,528.620882
13.25,28,528.69017
0.75,1,528.693107
-0.25,2,528.698302
24.0,27,528.76573
-0.75,1,528.7685
-0.75,1,528.771351
11.0,32,528.847272
3.75,13,528.877366
2.75,14,528.909725
19.0,20,528.959038
-3.75,7,528.976261
1.25,11,529.00243
-0.75,1,529.005078
0.75,1,529.008109
0.75,1,529.010909
-0.75,1,529.013767
0.75,4,529.023846
0.75,1,529.026343
-0.75,1,529.028856
9.75,18,529.073849
10.5,19,529.119359
-0.25,2,529.124339
5.75,14,529.157495
4.25,11,529.183115
0.25,3,529.190447
6.25,15,529.225924
-0.75,13,529.256574
8.0,16,529.294223
5.25,13,529.325716
8.25,19,529.373588
0.75,1,529.376394
0.25,3,529.384162
8.0,16,529.425206
12.0,18,529.472284
-0.75,1,529.475346
1.75,6,529.491658
-7.25,9,529.515503
14.0,28,529.588222
0.25,3,529.59621
7.75,10,529.622794
12.5,14,529.660216
8.25,22,529.717464
8.75,20,530.084853
3.75,13,530.116721
4.75,12,530.150917
6.0,15,530.194321
16.5,20,530.240662
5.75,11,530.26719
4.75,12,530.295432
0.25,3,530.302516
-0.75,1,530.30535
-0.25,2,530.310193
4.75,18,530.355396
-0.75,1,530.358277
4.25,14,530.392291
10.5,14,530.428835
1.25,5,530.442288
12.0,14,530.476024
-0.25,2,530.481084
22.0,23,530.537001
16.0,18,530.583386
-6.25,8,530.603199
-3.0,17,530.646199
0.25,3,530.653888
-0.25,2,530.658986
4.75,11,530.686396
4.75,12,530.715725
11.5,19,530.763487
-0.75,1,530.766224
8.25,19,530.812409
0.75,1,530.815187
-0.75,1,530.817864
8.25,19,530.863716
7.0,14,530.897564
7.75,11,530.924067
0.75,1,530.926563
1.25,5,530.938888
4.25,11,530.965435
0.25,3,530.972426
8.0,19,531.020893
14.25,23,531.080154
-0.25,2,531.086298
-0.25,2,531.091929
1.25,5,531.106189
9.0,18,531.153545
4.75,12,531.184378
0.75,1,531.187253
1.75,6,531.202551
4.75,12,531.233137
4.25,11,531.261214
0.25,3,531.268988
6.75,16,531.309815
6.25,15,531.347766
1.5,15,531.705404
5.25,13,531.737718
9.5,19,531.787295
6.0,12,531.815781
4.75,12,531.844791
-0.75,1,531.847634
6.75,16,531.884703
3.75,10,531.907835
14.5,32,531.981872
-0.75,1,531.985778
-0.75,1,531.988689
-0.75,1,531.991385
1.25,5,532.003752
0.25,3,532.011797
-0.25,2,532.017402
6.25,13,532.049412
1.25,5,532.061427
0.25,3,532.070059
-0.75,1,532.072941
22.0,31,532.147729
17.75,21,532.202328
9.0,18,532.244272
10.0,20,532.292832
14.0,21,532.344494
-0.75,1,532.347468
9.25,21,532.397337
2.75,14,532.43349
3.0,18,532.478794
-2.25,4,532.489276
8.0,16,532.529305
0.75,4,532.539123
0.75,1,532.542214
0.25,3,532.550244
-0.75,1,532.553081
14.25,20,532.604142
10.25,16,532.645825
25.0,26,532.711725
3.25,9,532.734127
-1.25,3,532.742255
-0.75,1,532.745021
2.75,5,532.759738
-0.25,2,532.765858
10.5,21,532.819499
15.5,29,532.888142
-0.25,2,532.893298
9.25,15,532.930322
0.75,1,532.932827
-0.75,1,532.935645
0.25,3,532.943143
10.25,19,533.302023
1.75,3,533.309728
8.5,17,533.355553
9.25,21,533.406803
10.5,21,533.461334
1.75,6,533.47773
-0.25,2,533.483258
-1.75,17,533.527232
16.5,19,533.576705
7.5,15,533.614166
-0.25,2,533.620458
10.0,19,533.665988
-2.25,7,533.684418
0.25,18,533.728299
8.75,17,533.772237
2.75,8,533.792655
28.0,40,533.892645
-0.75,1,533.895516
-0.75,1,533.89842
19.5,30,533.967699
25.0,26,534.033125
2.75,8,534.053941
8.75,23,534.109162
-0.25,2,534.114212
-0.25,2,534.119422
3.75,10,534.144577
12.5,25,534.210796
14.0,28,534.28529
2.25,4,534.296084
9.75,17,534.341911
1.75,6,534.358469
13.5,20,534.412054
-0.25,2,534.417692
2.75,14,534.452497
0.75,1,534.455148
0.75,1,534.458145
0.75,4,534.469179
-0.75,1,534.472093
9.25,21,534.52497
6.25,15,534.563348
-0.25,2,534.888808
6.5,13,534.923507
11.25,25,534.984921
21.5,43,535.095948
6.5,13,535.128212
9.25,17,535.170906
1.75,6,535.185949
-5.75,12,535.21597
-0.25,2,535.221289
4.75,8,535.24123
5.75,10,535.265371
17.0,23,535.320114
3.75,10,535.346949
9.25,21,535.398885
2.75,8,535.419758
10.5,21,535.471173
6.25,15,535.508911
2.75,8,535.528899
-4.25,6,535.543485
38.0,49,535.662774
10.5,12,535.693478
-0.25,2,535.699022
0.75,1,535.701756
-0.75,1,535.704282
0.25,3,535.711508
-3.0,17,535.754154
10.5,21,535.80887
6.75,13,535.841935
-3.25,5,535.854656
7.25,17,535.898767
-3.25,8,535.91954
1.75,6,535.935167
-2.25,7,535.953127
14.0,25,536.016012
6.5,13,536.048008
0.75,1,536.050813
-0.75,1,536.0537
6.0,12,536.084649
-12.25,17,536.126159
2.75,8,536.146204
7.5,15,536.493226
7.5,15,536.531512
8.0,16,536.571766
3.75,10,536.595943
0.75,1,536.598524
9.5,16,536.637586
0.75,4,536.647738
7.5,15,536.697771
-0.25,2,536.703723
5.25,13,536.740941
8.0,16,536.783556
23.5,31,536.86027
11.75,14,536.893902
-4.25,6,536.908015
12.5,34,536.99038
2.25,7,537.007393
5.75,14,537.041113
-2.25,4,537.051044
3.75,10,537.075911
-0.75,1,537.078642
6.75,13,537.111643
7.75,18,537.153234
6.25,11,537.180887
-0.25,2,537.18628
14.5,29,537.259817
-0.75,1,537.262642
3.25,15,537.299838
1.75,9,537.320023
0.75,4,537.331085
-0.75,1,537.33452
13.0,20,537.386652
-0.25,2,537.392239
-0.25,2,537.397662
4.25,11,537.427172
-3.25,5,537.440636
-0.25,2,537.445932
9.25,21,537.501215
14.5,18,537.549472
2.25,7,537.567635
3.25,9,537.591258
16.5,22,537.649861
14.75,32,537.735291
9.0,18,537.780083
6.25,15,538.128692
5.25,16,538.166746
-0.75,1,538.169553
-0.75,1,538.172453
20.5,30,538.248118
4.75,12,538.276976
-0.25,2,538.281992
6.75,13,538.313305
1.25,5,538.326358
-0.25,8,538.347368
3.25,15,538.383491
0.75,1,538.386112
1.25,5,538.398361
12.0,24,538.45557
0.75,1,538.457997
21.5,27,538.521967
9.25,14,538.556775
9.5,19,538.604876
0.25,3,538.611852
2.75,8,538.633845
13.25,20,538.68393
7.5,15,538.719923
6.5,13,538.749727
1.25,5,538.764674
0.75,1,538.769805
3.25,15,538.806648
5.25,13,538.837837
-1.25,1,538.840303
13.5,17,538.880293
0.75,1,538.882908
0.25,3,538.890437
5.25,13,538.923434
23.5,36,539.013011
8.5,17,539.057348
9.25,21,539.11141
9.75,22,539.16646
-0.75,1,539.169366
9.5,16,539.209717
16.5,25,539.272935
2.75,5,539.285395
11.5,13,539.317681
-1.75,14,539.354578
7.25,14,539.705161
1.25,5,539.718519
17.0,22,539.772079
-4.75,14,539.807489
6.75,12,539.836576
-16.25,18,539.88116
0.75,1,539.883839
11.0,24,539.940538
2.25,7,539.956723
9.5,16,539.993499
3.75,10,540.017077
6.5,15,540.052351
14.0,18,540.097789
9.25,21,540.146532
1.75,3,540.154134
7.25,14,540.187895
5.75,14,540.220756
-0.25,2,540.225677
3.75,10,540.249023
0.75,1,540.251986
1.75,6,540.267315
6.75,13,540.299067
0.75,1,540.301789
8.75,17,540.346046
1.25,5,540.358355
6.25,15,540.393521
-0.25,2,540.398453
3.0,21,540.449302
-0.25,2,540.454126
-0.75,1,540.456653
8.5,26,540.517868
-0.75,1,540.520723
6.0,12,540.551887
-5.25,10,540.578205
-0.75,1,540.581195
11.0,18,540.628507
0.75,1,540.631608
9.5,17,540.675003
5.25,13,540.709311
7.0,14,540.746484
-9.75,13,540.780422
-0.25,2,540.785776
15.0,19,540.832747
7.25,17,540.875773
17.0,22,540.930238
-0.75,1,540.932924
2.75,8,540.951555
1.25,5,540.963775
9.5,19,541.327754
9.75,12,541.374855
0.75,1,541.381339
1.25,5,541.411234
1.25,5,541.441341
8.0,16,541.519542
0.75,4,541.534972
-0.75,1,541.539975
18.0,23,541.618785
-0.75,1,541.621912
5.75,14,541.658514
2.25,6,541.674379
10.75,11,541.702414
1.75,4,541.712479
0.25,3,541.719751
11.5,22,541.776054
-0.75,1,541.778962
-0.75,1,541.781889
6.5,13,541.814546
4.25,15,541.851843
2.25,7,541.868684
5.25,13,541.900156
29.0,46,542.008125
-0.25,2,542.013385
5.25,13,542.046825
-0.75,1,542.049691
-0.25,2,542.055284
14.5,18,542.099839
1.75,3,542.107519
7.0,14,542.139899
31.0,34,542.220936
2.75,8,542.241991
4.75,12,542.273854
14.0,25,542.341748
-0.75,1,542.344778
-0.25,2,542.350283
13.75,22,542.408386
3.75,10,542.434677
0.25,3,542.442837
0.75,5,542.45614
5.25,19,542.504933
5.25,10,542.530632
17.5,22,542.584615
-0.25,2,542.589997
6.5,13,542.623479
-3.25,5,542.636118
5.25,13,542.668618
2.75,8,542.689647
19.0,20,543.03132
1.25,5,543.045207
1.25,5,543.057713
-0.25,2,543.06242
0.75,1,543.064907
6.25,15,543.103483
4.25,11,543.129533
12.0,14,543.162351
10.5,15,543.197396
-0.25,2,543.202333
5.75,14,543.235457
-0.25,2,543.240839
-1.75,17,543.283208
-0.75,1,543.28676
-0.25,2,543.292991
0.75,1,543.29605
2.25,7,543.314895
-2.75,31,543.392779
-1.25,3,543.400137
0.75,1,543.40294
-0.75,1,543.4058
13.5,27,543.473907
0.75,1,543.476795
7.5,15,543.515411
4.25,11,543.543198
4.75,12,543.571897
0.25,3,543.580247
-3.25,5,543.59325
2.25,13,543.626209
-0.75,1,543.629196
2.25,4,543.639956
-0.75,1,543.642648
-0.25,2,543.648916
0.75,1,543.65234
9.25,21,543.709681
16.0,18,543.755321
10.25,14,543.791475
3.75,10,543.817898
-0.25,2,543.823641
-0.25,2,543.829252
9.75,22,543.8862
-1.25,3,543.894523
5.25,19,543.944402
-0.25,2,543.950161
8.0,16,543.991945
-0.75,1,543.994799
-2.25,4,544.005403
-0.25,2,544.01096
9.25,21,544.064438
14.0,22,544.120088
-0.25,2,544.125533
5.25,13,544.15777
13.5,27,544.219901
-0.25,2,544.225159
12.5,25,544.284064
-0.25,2,544.604936
0.25,3,544.613093
0.25,3,544.62146
-0.75,1,544.624497
3.25,9,544.647224
-0.25,5,544.66136
0.75,1,544.664252
11.5,23,544.721913
23.0,46,544.840622
-0.75,1,544.843763
0.25,3,544.851726
7.75,15,544.888569
-0.75,1,544.891167
-2.25,4,544.902205
6.25,12,544.932483
6.75,13,544.96427
8.75,20,545.014532
1.25,5,545.027605
0.75,5,545.040082
-0.25,2,545.045767
1.25,5,545.05787
6.75,13,545.090123
12.75,17,545.130983
2.25,4,545.140513
-0.25,2,545.145984
-0.75,1,545.149122
5.25,13,545.180756
16.25,24,545.235795
-3.75,13,545.26767
1.75,6,545.28208
7.25,14,545.317388
1.75,6,545.334197
-1.25,10,545.360918
11.25,17,545.404308
6.75,16,545.445501
-3.25,5,545.45844
1.75,6,545.473741
0.75,1,545.476744
-1.25,3,545.484276
36.5,48,545.609949
9.75,14,545.647679
9.25,21,545.701859
-0.25,2,545.707271
16.5,26,545.775663
-0.75,1,545.778532
-0.75,1,545.781439
4.75,12,545.810604
10.5,21,545.86212
8.25,16,545.900391
9.75,12,546.232092
-0.75,1,546.234771
14.0,24,546.290887
2.25,7,546.307888
0.75,1,546.310674
1.75,12,546.341897
1.75,6,546.360065
1.75,3,546.368447
4.25,11,546.39535
7.75,12,546.425099
5.75,20,546.476693
9.75,12,546.506197
11.75,14,546.538831
-0.75,1,546.541654
7.0,14,546.574361
2.25,6,546.589023
8.25,19,546.637146
-0.75,7,546.654672
11.0,22,546.712536
3.75,10,546.737301
4.0,20,546.786907
-2.25,19,546.832018
0.25,3,546.839371
4.25,11,546.866079
0.75,4,546.875857
1.75,3,546.883357
13.5,27,546.948477
8.75,20,546.998497
0.25,3,547.006752
14.0,28,547.077771
-0.75,19,547.127047
-0.75,1,547.130021
9.5,16,547.168622
-0.25,2,547.173922
-11.75,12,547.203151
-0.25,2,547.208464
1.25,20,547.255787
1.75,18,547.299829
0.25,3,547.307554
-0.25,2,547.312493
9.25,21,547.366623
13.5,27,547.43524
-0.75,1,547.438259
-0.25,2,547.44443
-14.25,16,547.792453
11.5,29,547.86686
-4.25,12,547.897436
23.0,46,548.007078
2.25,7,548.024354
-0.75,1,548.029484
19.5,30,548.104864
12.75,16,548.144915
-0.75,1,548.147765
-8.25,10,548.173286
9.75,12,548.202503
0.75,4,548.212632
1.25,5,548.224898
1.75,6,548.239528
28.0,40,548.337178
10.5,21,548.390424
0.25,3,548.398338
-0.75,1,548.401024
-0.25,2,548.406808
-2.25,4,548.417684
0.75,1,548.420647
0.25,3,548.428165
7.75,18,548.471231
-0.75,1,548.474104
4.25,11,548.502921
6.25,15,548.541536
-2.25,7,548.55944
22.0,31,548.63847
-0.25,2,548.64388
1.75,6,548.659451
14.0,24,548.725068
-0.75,1,548.727972
0.75,4,548.745252
12.0,14,548.780404
11.0,22,548.837324
0.75,1,548.840264
2.25,7,548.858265
2.25,7,548.875739
5.0,16,548.917016
18.75,19,548.96526
-0.25,2,548.97024
3.75,10,548.993952
12.0,20,549.042304
2.75,8,549.062363
0.75,1,549.065188
2.25,7,549.083446
4.75,12,549.416724
5.25,13,549.44975
3.25,9,549.471832
13.0,16,549.513511
6.75,13,549.546718
-4.75,11,549.575095
7.0,14,549.61007
-0.25,2,549.615436
3.75,13,549.647307
0.25,3,549.655377
0.25,3,549.663519
0.75,4,549.673805
-0.25,2,549.679534
1.25,18,549.725179
0.75,1,549.728217
2.75,8,549.74869
15.0,17,549.791099
3.25,9,549.814172
0.75,1,549.817187
2.0,19,549.865215
-0.25,2,549.870389
5.75,14,549.906545
2.75,8,549.926271
12.0,18,549.971351
-0.25,2,549.97678
-1.25,3,549.984291
2.25,7,550.00074
0.25,3,550.007555
0.75,4,550.017735
7.75,18,550.063825
0.75,4,550.07506
-2.75,9,550.0987
-0.25,2,550.104272
3.25,12,550.135345
1.25,18,550.182093
-2.25,22,550.239979
0.75,1,550.242944
-0.75,1,550.245739
5.75,14,550.282736
10.75,14,550.319839
0.25,3,550.328495
-0.25,2,550.33423
-3.25,5,550.347704
0.75,1,550.350455
4.25,10,550.375381
9.25,12,550.404831
0.75,4,550.416119
12.25,16,550.457698
3.25,15,550.494235
5.75,11,550.521064
8.75,14,550.556931
9.5,22,550.612517
6.75,16,550.65185
0.75,1,550.654788
4.25,11,550.680401
1.25,5,550.693652
5.25,16,551.036446
6.25,15,551.07371
14.25,31,551.148656
5.75,20,551.197546
4.75,12,551.228064
6.75,16,551.268468
-3.25,5,551.28133
-0.75,1,551.284481
-1.25,3,551.292643
3.25,9,551.315567
0.75,1,551.318506
7.0,14,551.355871
14.0,28,551.426056
18.0,31,551.503756
1.75,6,551.520307
-0.25,2,551.525778
20.5,30,551.599473
-0.75,19,551.650763
-3.25,5,551.666673
-1.25,3,551.674721
-0.75,1,551.677655
7.25,12,551.717339
1.75,10,551.749452
6.0,12,551.786648
25.0,26,551.854749
6.75,13,551.888426
0.75,4,551.899333
0.75,4,551.910491
7.5,15,551.95112
0.75,1,551.953772
13.0,15,551.989901
7.25,17,552.032635
-0.75,1,552.03543
-1.25,3,552.043619
-6.25,24,552.103776
3.75,10,552.127225
13.5,20,552.177202
1.25,5,552.189708
-0.75,1,552.192359
0.75,4,552.202489
6.75,12,552.231519
-3.0,17,552.272308
1.25,5,552.285452
-0.25,2,552.291043
8.75,14,552.777528
5.25,13,552.818833
-0.75,1,552.822305
9.75,12,552.858396
11.5,23,552.920711
0.75,4,552.930933
-0.75,1,552.933696
4.75,12,552.961876
7.25,14,552.996918
3.75,10,553.022635
0.75,1,553.025719
-0.25,2,553.031272
1.25,5,553.045517
4.25,11,553.074109
-0.75,1,553.077008
14.0,21,553.12769
1.25,5,553.139504
-0.25,2,553.14454
-0.75,1,553.147355
19.0,24,553.204468
-0.75,1,553.207552
-3.25,5,553.220515
0.75,1,553.223613
-0.75,1,553.226385
-0.25,2,553.231515
0.25,3,553.239365
0.25,3,553.24679
2.25,7,553.263277
14.5,16,553.302428
2.75,8,553.322835
17.5,22,553.376839
-0.25,2,553.381752
-0.25,2,553.386775
10.25,21,553.439159
-0.75,1,553.442217
-0.75,1,553.445058
19.0,20,553.497247
2.25,7,553.515352
0.75,1,553.518417
2.25,7,553.536926
0.75,4,553.547739
-4.75,15,553.586616
1.75,6,553.60208
2.25,7,553.620433
10.0,18,553.667954
12.5,24,553.731762
0.75,1,553.734709
11.75,15,553.775077
9.75,12,553.809288
-8.25,10,553.834646
6.75,13,553.865448
28.0,46,553.973105
0.75,4,553.982826
-0.75,1,553.985391
13.0,26,554.052473
0.75,1,554.05542
0.75,1,554.05824
17.75,20,554.416684
4.25,11,554.44631
0.75,1,554.449171
-0.75,1,554.452045
7.25,17,554.494861
-0.25,2,554.499804
0.25,6,554.515062
8.75,20,554.566085
11.75,13,554.598119
5.25,13,554.631906
-0.75,1,554.6348
1.25,5,554.648226
-0.75,1,554.651224
-0.75,1,554.654083
-0.75,1,554.656865
-0.25,2,554.662452
0.75,1,554.665342
5.75,11,554.694881
0.75,4,554.705631
-0.75,1,554.709015
-0.25,2,554.714443
-1.25,3,554.722654
12.25,20,554.77402
0.75,1,554.776876
-0.75,1,554.779717
10.75,13,554.813046
14.25,18,554.858465
-0.25,2,554.864021
0.75,1,554.866889
-1.25,3,554.874918
4.25,11,554.901611
1.75,3,554.90907
-3.25,5,554.922184
13.5,24,554.981364
0.25,3,554.989046
0.75,1,554.991722
-0.75,1,554.994319
-1.25,3,555.002536
0.75,1,555.00555
-2.75,6,555.021635
-0.75,1,555.024575
-0.75,1,555.027596
0.75,1,555.030515
5.75,14,555.066704
6.25,12,555.098134
5.25,16,555.139794
0.75,4,555.150522
19.0,20,555.201133
3.25,9,555.224521
-0.25,5,555.237824
4.75,7,555.256195
0.25,3,555.264388
4.75,12,555.29599
0.25,3,555.303854
3.25,9,555.326502
-0.75,7,555.344123
7.75,18,555.38667
3.75,10,555.41129
1.75,3,555.41972
8.25,11,555.446716
-0.75,1,555.449433
8.25,19,555.495843
10.25,20,555.546499
4.25,11,555.576601
1.25,5,555.588989
10.75,22,555.642659
0.75,1,555.645457
-0.75,1,555.648335
8.0,16,555.687254
5.75,11,556.008094
-3.25,5,556.020181
2.75,8,556.040808
15.5,29,556.10769
3.25,9,556.127935
1.25,5,556.13925
5.25,13,556.169746
-0.75,1,556.17282
0.25,3,556.18061
-0.25,2,556.186191
3.75,10,556.211179
0.75,1,556.213969
3.75,10,556.240718
4.25,11,556.272832
3.75,10,556.302094
-0.75,1,556.305599
0.75,4,556.318308
-0.75,1,556.321864
0.75,1,556.32588
-2.25,4,556.33892
0.75,4,556.350861
-4.25,6,556.366306
12.25,17,556.406126
2.25,7,556.424962
-0.25,2,556.430427
0.75,1,556.433429
0.75,1,556.436196
0.75,1,556.438803
9.25,21,556.487469
-0.75,1,556.49009
0.75,1,556.492724
9.0,18,556.537104
-2.25,7,556.554476
6.25,15,556.591149
-0.25,2,556.596474
-0.25,2,556.601717
0.75,7,556.620054
0.75,4,556.630961
-0.75,1,556.633946
1.25,5,556.647307
15.75,20,556.700473
-0.75,1,556.703428
-0.75,1,556.706502
-4.25,6,556.7232
0.75,1,556.726159
20.5,41,556.840967
-4.25,6,556.857937
-0.75,1,556.861162
3.75,10,556.886153
-0.75,1,556.88916
-0.75,1,556.891972
1.25,5,556.905598
-0.75,1,556.908767
1.75,6,556.925129
-0.25,2,556.930635
5.25,13,556.965929
-0.75,1,556.968629
8.25,12,556.999075
5.75,14,557.032235
4.75,12,557.062188
0.75,1,557.064926
-0.75,1,557.067676
-0.25,2,557.073452
-0.25,2,557.078845
9.25,11,557.105202
-0.75,1,557.108141
-3.25,8,557.126856
0.25,3,557.133739
5.25,13,557.163461
0.25,3,557.170797
-0.25,2,557.175716
-0.75,1,557.178449
13.5,27,557.23985
-2.25,4,557.249229
6.75,15,557.282948
-0.75,1,557.285619
6.5,13,557.617218
-0.25,2,557.624546
5.25,13,557.657104
6.75,13,557.688741
-0.75,1,557.692166
-0.75,1,557.695312
0.75,1,557.698265
1.75,6,557.714241
-0.25,2,557.719545
0.75,1,557.722503
7.25,14,557.757294
14.75,32,557.839511
-0.75,1,557.842424
7.0,14,557.876482
1.25,5,557.889164
7.25,14,557.923342
-0.75,1,557.926203
-1.25,3,557.933944
-2.25,4,557.944006
4.25,11,557.96955
6.25,15,558.006194
23.5,36,558.093501
-0.75,1,558.096314
-0.75,1,558.099321
-0.75,1,558.102136
6.0,12,558.132848
0.75,1,558.135804
-0.25,2,558.14179
0.25,3,558.150166
2.25,7,558.168302
8.75,20,558.219631
0.25,3,558.227897
0.75,4,558.23838
8.25,19,558.287632
-0.25,2,558.292983
0.75,4,558.304378
-0.25,2,558.310061
-0.25,2,558.315524
0.25,3,558.323944
-0.75,1,558.327367
0.25,3,558.336285
2.75,8,558.357135
0.75,1,558.359873
0.75,4,558.370348
-0.25,2,558.375628
-0.25,2,558.380923
5.75,11,558.406932
-4.25,9,558.428827
0.75,1,558.431518
1.25,5,558.44453
-0.25,2,558.449969
-0.25,2,558.455388
-3.25,14,558.489721
14.0,16,558.527678
-0.25,2,558.533132
3.75,4,558.543367
13.25,20,558.59361
25.0,26,558.656375
-8.75,12,558.686548
0.75,1,558.689628
5.75,14,558.725759
1.25,5,558.740383
3.75,10,558.766223
0.75,4,558.776654
9.75,17,558.81834
18.75,40,559.214131
-0.75,1,559.216983
-0.75,1,559.220066
3.25,9,559.242295
-0.75,1,559.245097
-0.75,1,559.247694
2.25,4,559.256822
4.75,12,559.28695
10.25,14,559.322322
2.25,7,559.34109
-0.25,2,559.346352
-0.75,1,559.349412
-0.75,1,559.352196
0.25,3,559.360271
1.25,5,559.372368
0.75,1,559.375021
-0.75,1,559.377859
0.25,3,559.385897
-0.25,2,559.391326
5.25,13,559.423504
5.75,14,559.456403
1.75,6,559.471087
7.25,17,559.513808
11.25,15,559.551048
-0.25,2,559.556496
-0.25,2,559.561945
5.25,9,559.584734
2.75,8,559.604501
-0.75,1,559.607339
-0.25,2,559.613008
2.25,4,559.623528
13.0,26,559.688658
19.0,24,559.75266
0.75,1,559.755681
1.25,5,559.769319
14.25,23,559.829142
-0.25,2,559.834839
-0.75,1,559.837838
4.25,11,559.866286
-0.25,2,559.871608
-0.25,2,559.877124
2.75,8,559.898113
-0.75,1,559.901117
2.25,4,559.911822
13.5,27,559.978324
0.75,1,559.980928
3.25,9,560.002663
0.75,1,560.005452
4.25,11,560.031106
0.25,3,560.038412
3.75,7,560.055196
1.75,3,560.062218
2.25,4,560.073014
0.75,4,560.083416
-0.75,1,560.086411
1.75,6,560.101222
-0.75,1,560.103729
5.25,13,560.134977
1.25,5,560.148841
-0.25,2,560.154612
-0.25,2,560.160419
-0.75,1,560.163382
-1.25,1,560.166212
2.25,7,560.183016
4.25,6,560.197676
-0.75,1,560.200492
1.75,6,560.216203
-0.75,1,560.219024
-0.25,2,560.22432
-0.75,1,560.227185
16.25,22,560.278406
-0.75,1,560.281151
-0.75,1,560.284205
2.75,8,560.304093
6.0,12,560.337482
7.75,18,560.383301
7.5,15,560.420492
4.75,12,560.449242
20.75,24,560.832115
7.5,15,560.869169
-0.75,1,560.8721
-0.25,2,560.877385
-0.25,2,560.882952
-0.75,1,560.88578
5.75,20,560.93577
10.0,20,560.983873
6.25,15,561.020525
0.75,1,561.023605
4.25,11,561.051653
3.25,9,561.074819
12.75,24,561.136518
-0.75,1,561.139234
5.75,14,561.175763
9.75,19,561.223685
-0.25,2,561.229394
1.25,5,561.243065
-0.75,1,561.246106
5.25,13,561.280237
3.75,10,561.306792
0.25,3,561.315114
4.75,12,561.349587
6.75,16,561.391683
0.75,1,561.394688
-0.25,2,561.40033
0.75,1,561.403404
-0.75,1,561.406368
0.75,4,561.418369
-0.25,2,561.42431
1.25,5,561.438099
0.75,1,561.441061
0.25,3,561.448958
0.25,3,561.456949
1.25,5,561.469347
7.25,17,561.511024
11.25,17,561.553193
-0.75,1,561.55613
0.25,3,561.564051
0.25,3,561.57191
-0.75,1,561.574923
-0.25,11,561.601786
-0.75,1,561.60464
4.75,12,561.636065
9.75,13,561.669727
2.75,8,561.689416
3.75,6,561.705314
2.75,8,561.724147
-0.75,1,561.72669
5.75,8,561.747687
-0.75,1,561.750567
-0.75,1,561.753464
-1.25,3,561.7613
-0.75,1,561.764491
-0.75,1,561.76753
-0.75,1,561.77041
0.75,4,561.781326
10.75,14,561.816977
11.0,17,561.860677
10.75,20,561.908733
-0.25,2,561.914463
0.75,1,561.919691
6.25,14,561.96407
0.75,4,561.974085
2.25,7,561.992809
-4.25,16,562.033121
-0.75,1,562.036006
-0.75,1,562.038882
0.75,1,562.041936
20.5,28,562.112512
0.25,3,562.120121
12.5,25,562.534532
4.25,10,562.559848
3.25,9,562.581974
-0.25,2,562.586884
-0.75,1,562.589936
-0.25,2,562.595209
1.75,3,562.602998
12.25,16,562.643537
16.5,21,562.693426
3.25,9,562.718438
10.25,13,562.750997
-0.25,2,562.756305
8.75,11,562.786162
-1.25,10,562.812684
-1.25,3,562.820704
13.0,14,562.857094
3.25,9,562.880514
-0.75,1,562.883524
-3.25,5,562.896511
-0.25,2,562.902301
1.25,5,562.915499
0.25,3,562.923567
2.25,7,562.941927
0.75,1,562.944951
-0.75,1,562.947803
2.75,8,562.977297
9.25,17,563.05768
-0.25,2,563.066623
6.75,16,563.133374
-0.75,1,563.136767
2.75,5,563.158794
-2.25,7,563.182956
-1.75,5,563.195999
-0.25,2,563.201899
-0.75,1,563.204738
14.25,18,563.247879
-0.25,2,563.252826
9.0,16,563.290592
1.75,6,563.305161
3.25,9,563.327955
12.5,24,563.390336
-2.25,4,563.399398
5.75,14,563.433346
8.75,20,563.479452
4.25,11,563.504574
1.25,5,563.517241
0.75,4,563.526678
-0.25,2,563.53144
-0.75,1,563.533866
16.0,18,563.57663
-0.25,2,563.581394
9.25,17,563.62517
-0.25,2,563.630459
0.75,4,563.641346
6.25,12,563.670084
-0.75,1,563.672737
-0.25,2,563.677924
3.75,10,563.701646
19.0,30,563.773086
14.25,17,563.816921
1.25,5,563.831362
2.25,7,563.85032
10.25,14,564.191592
-0.25,2,564.197517
-0.25,2,564.202887
23.5,36,564.290732
0.75,4,564.299962
0.25,3,564.307473
5.75,14,564.342395
8.25,12,564.372448
0.75,1,564.375099
-3.25,5,564.387292
-0.25,2,564.392324
1.75,6,564.407231
0.75,4,564.417413
-0.25,2,564.422746
-0.75,1,564.425617
0.75,4,564.436198
-0.25,2,564.4417
-0.25,2,564.447241
-0.75,1,564.450101
0.25,3,564.457846
-0.75,1,564.460731
0.75,1,564.463727
14.5,29,564.53666
1.25,5,564.549825
3.75,10,564.576378
4.75,12,564.608848
7.75,17,564.652663
5.25,13,564.688733
-0.25,2,564.694291
3.25,12,564.725636
-0.75,1,564.728393
0.75,4,564.7386
14.0,24,564.796878
-0.25,2,564.802021
-0.25,2,564.80732
9.25,17,564.849081
-0.25,2,564.854217
-0.75,1,564.857125
3.75,10,564.883805
-0.25,2,564.889134
4.25,11,564.917009
12.75,16,564.958149
1.75,6,564.975134
-0.75,1,564.978222
-0.25,2,564.984244
-0.25,2,564.990047
29.0,46,565.117409
-3.25,5,565.132096
-1.25,3,565.140815
-1.25,3,565.149624
-0.25,2,565.156069
4.75,12,565.190539
19.0,30,565.271825
-0.25,2,565.277289
-0.75,1,565.280002
8.75,15,565.318946
5.25,13,565.356459
1.25,5,565.369705
0.75,1,565.372551
-0.25,2,565.377614
0.25,3,565.385064
-1.25,3,565.39243
-0.25,2,565.397451
4.25,11,565.42491
1.75,6,565.43974
-2.25,4,565.449432
16.0,26,565.509995
2.25,7,565.838646
7.25,17,565.879612
-0.75,1,565.88239
-0.75,1,565.885175
5.75,14,565.919186
11.5,13,565.950042
0.75,1,565.952552
-0.25,2,565.957683
-0.75,1,565.960536
6.75,16,565.998483
0.25,3,566.006262
4.75,12,566.035344
-0.75,1,566.03833
0.25,3,566.046352
-7.75,11,566.074353
2.25,7,566.093041
4.75,12,566.12386
-0.75,1,566.126772
-0.25,5,566.139799
-0.25,2,566.14488
6.75,18,566.19
7.25,17,566.235179
2.75,8,566.255538
-0.25,2,566.260588
13.25,18,566.304291
0.75,4,566.315041
4.25,11,566.343683
6.75,9,566.366117
-0.75,1,566.368925
0.75,1,566.372048
15.0,19,566.420447
11.0,22,566.474119
-0.25,2,566.479226
12.0,20,566.527765
1.75,6,566.542602
0.75,7,566.560191
1.75,3,566.568001
10.25,19,566.611772
-0.25,2,566.616708
-0.25,2,566.622349
14.25,17,566.663618
-0.25,2,566.668507
-1.25,3,566.676116
-8.25,10,566.701333
7.0,14,566.734765
4.75,12,566.763747
12.25,27,566.830441
0.75,1,566.833061
0.75,1,566.835976
-0.75,1,566.838799
0.25,3,566.846338
10.5,14,566.879504
15.25,20,566.928805
-1.75,8,566.948271
4.25,11,566.973474
-0.75,1,566.976089
-1.25,3,566.983658
-11.75,12,567.011812
0.75,1,567.014729
4.25,11,567.041659
-5.25,7,567.058455
7.25,17,567.392454
-0.75,1,567.395501
10.25,23,567.453227
6.75,16,567.492273
5.75,14,567.527135
14.0,25,567.593366
1.25,5,567.605783
2.75,5,567.618255
5.25,13,567.652011
3.25,9,567.675197
2.75,8,567.69814
8.75,14,567.739248
13.75,30,567.816682
9.75,14,567.852796
-0.75,1,567.855926
-0.25,2,567.861257
0.25,3,567.869786
-0.75,1,567.872779
0.75,4,567.883214
0.75,1,567.885931
15.0,17,567.92989
2.25,7,567.948271
4.75,9,567.970783
23.0,26,568.03332
3.75,10,568.058856
5.25,13,568.09275
0.25,3,568.100894
11.25,25,568.16609
1.25,5,568.178231
3.25,9,568.198995
5.25,10,568.224375
0.75,1,568.227287
-0.25,2,568.233233
0.75,1,568.236171
-0.25,2,568.24174
-0.25,2,568.2472
-0.25,2,568.252446
0.75,1,568.255345
-0.75,1,568.258243
0.75,1,568.261001
3.25,9,568.282632
2.25,7,568.300396
0.25,3,568.308222
0.25,3,568.315857
0.75,1,568.318773
10.75,14,568.354727
-0.75,1,568.357524
5.25,9,568.380562
15.75,21,568.432731
12.0,24,568.488892
0.75,1,568.491828
7.5,15,568.528655
0.75,1,568.531521
1.75,6,568.546831
-0.25,5,568.559562
7.75,18,568.604775
-1.25,3,568.612742
8.75,20,568.660345
8.25,16,569.023593
-0.25,2,569.02889
-0.75,1,569.031738
0.25,3,569.039806
-0.25,2,569.045007
-4.75,15,569.08625
8.25,12,569.11609
4.25,11,569.144619
9.0,18,569.191256
6.25,15,569.229552
0.25,14,569.265936
4.75,12,569.297195
2.25,7,569.315396
2.25,10,569.342812
7.25,17,569.386308
0.25,3,569.394688
0.25,3,569.40244
8.75,23,569.458449
-5.75,9,569.481303
-2.25,4,569.492347
10.25,16,569.532775
1.75,6,569.547816
-0.75,1,569.5507
2.25,7,569.568454
-0.75,1,569.571364
1.5,12,569.60073
-0.75,1,569.603855
16.0,19,569.652079
2.75,8,569.671907
-0.25,2,569.677297
-0.75,1,569.68016
-0.75,1,569.682929
3.75,10,569.709835
1.75,6,569.724704
-0.25,2,569.729977
24.0,27,569.79858
3.75,10,569.82392
10.25,16,569.864127
0.25,3,569.872654
0.25,3,569.880342
8.75,20,569.92998
14.5,26,569.993883
-0.25,2,569.99906
12.5,25,570.059641
0.25,3,570.068122
4.25,8,570.089124
7.25,17,570.131315
-7.25,9,570.153585
6.25,15,570.188442
-0.75,7,570.205215
0.75,1,570.207803
-0.75,1,570.210678
16.0,19,570.253875
16.5,23,570.308852
5.75,14,570.662695
-2.25,4,570.673107
3.75,10,570.697834
-1.25,3,570.706675
2.25,7,570.725237
2.75,8,570.745999
0.75,4,570.756438
6.5,13,570.794654
0.25,3,570.802732
4.25,11,570.831884
5.25,13,570.866607
9.0,18,570.913854
-0.25,2,570.919568
14.5,16,570.96269
6.75,16,571.003967
2.25,7,571.021567
-0.75,1,571.024463
16.25,21,571.078541
4.25,11,571.108466
4.75,12,571.137934
3.75,10,571.16312
11.5,23,571.220659
6.0,12,571.248342
9.75,12,571.277375
10.0,16,571.318134
3.25,9,571.341585
2.25,7,571.35946
-0.75,1,571.362289
1.25,5,571.375638
5.75,14,571.410441
-0.25,2,571.416467
-0.25,2,571.421948
-0.75,1,571.425062
-0.25,2,571.430524
-0.75,1,571.433382
2.75,14,571.467907
-0.25,2,571.473014
5.75,14,571.506256
8.75,17,571.549174
-0.75,1,571.552438
14.75,21,571.611612
0.75,4,571.623544
15.0,19,571.672079
-0.75,1,571.675105
11.5,18,571.721661
0.25,3,571.729435
-0.25,2,571.735022
0.75,1,571.737957
7.75,11,571.76547
0.75,4,571.777328
-0.25,2,571.782725
7.0,14,571.81734
-0.75,1,571.820214
-0.25,2,571.825677
22.0,23,571.883098
-0.25,2,571.888118
2.25,7,571.904776
-0.75,1,571.907593
-2.25,7,571.925493
-0.25,2,571.930989
0.25,3,571.938527
-0.25,2,571.943769
0.75,4,571.953388
4.75,12,572.301943
1.25,5,572.314987
3.75,10,572.342583
16.0,19,572.391517
0.75,1,572.394481
8.25,16,572.437778
1.25,5,572.45142
5.25,13,572.485601
4.75,12,572.518912
-0.75,1,572.522068
-0.25,2,572.527922
8.25,19,572.577118
16.0,26,572.644174
-0.25,2,572.649531
-7.25,9,572.672434
-0.25,2,572.677417
2.25,7,572.694446
9.75,22,572.752272
5.25,12,572.782961
5.75,8,572.803179
12.0,22,572.856114
3.25,9,572.878756
-0.25,2,572.884403
-1.0,25,572.944255
8.75,14,572.978328
0.75,1,572.980896
10.25,12,573.013802
2.25,7,573.032293
9.5,19,573.080327
8.75,14,573.115513
-2.25,4,573.125734
-0.75,1,573.128429
0.25,3,573.135987
1.25,5,573.148421
1.25,8,573.168061
6.75,16,573.205812
-0.25,2,573.211215
-0.25,2,573.216013
15.5,31,573.28866
7.25,12,573.318188
3.25,9,573.34305
1.25,8,573.364385
0.25,3,573.372095
4.25,11,573.398745
-0.25,2,573.403862
-2.25,4,573.413741
-0.25,2,573.419706
2.25,7,573.438977
15.75,37,573.5292
3.75,10,573.554813
3.25,9,573.903174
-1.25,3,573.911474
9.25,12,573.942809
18.0,23,574.004538
-0.75,1,574.007563
7.0,17,574.052494
10.75,23,574.124287
0.25,3,574.132808
-0.25,2,574.138314
-0.75,1,574.141298
-1.25,3,574.149447
1.75,6,574.165237
0.25,3,574.173288
7.25,17,574.218085
-0.75,1,574.221081
10.5,24,574.281749
14.75,32,574.362683
-0.75,1,574.365586
5.25,13,574.397649
-0.75,1,574.400571
12.25,20,574.451689
2.75,8,574.47159
-0.75,1,574.474418
10.5,21,574.523099
8.75,13,574.55645
14.25,17,574.600236
9.75,13,574.631594
0.75,1,574.634406
0.75,4,574.64469
7.75,18,574.690079
2.25,7,574.708574
9.5,19,574.755554
5.25,13,574.787561
-8.25,10,574.813515
6.25,15,574.852401
7.25,17,574.894115
5.25,13,574.926246
9.0,18,574.971809
0.75,4,574.981507
0.75,1,574.9842
9.0,18,575.030571
4.25,11,575.058582
-0.75,1,575.061545
3.75,10,575.088115
8.75,12,575.116823
3.25,9,575.139586
0.75,1,575.142425
-0.75,1,575.145487
-0.75,1,575.148504
1.75,6,575.164655
-0.25,2,575.170306
6.25,18,575.215523
14.0,16,575.567949
-5.75,12,575.60018
2.25,7,575.61858
-0.75,1,575.621415
-0.75,1,575.624639
9.5,19,575.673376
4.75,12,575.704615
5.25,13,575.736963
-0.75,1,575.739844
0.25,3,575.747765
-0.25,2,575.752981
0.25,3,575.760556
11.0,17,575.80224
18.0,27,575.869061
0.75,4,575.879603
1.25,5,575.892017
0.25,3,575.899885
0.25,3,575.907167
-0.25,2,575.912399
-0.75,1,575.915387
-0.75,1,575.918346
-0.75,1,575.921269
1.25,17,575.963435
-0.75,1,575.966244
1.25,5,575.979071
1.75,6,575.99458
23.0,26,576.059844
9.0,18,576.105815
1.75,12,576.136863
26.5,37,576.22851
-0.25,2,576.233585
10.5,21,576.283709
-1.75,5,576.296923
0.75,1,576.299815
-0.75,1,576.302733
12.0,16,576.343586
-0.75,1,576.346468
6.75,16,576.38754
-0.75,1,576.390336
1.25,5,576.403543
-4.25,6,576.420003
14.0,17,576.462107
12.0,14,576.494669
12.0,22,576.547303
4.25,11,576.575605
-0.75,1,576.578463
1.75,6,576.59344
0.75,1,576.596285
-3.75,13,576.629437
14.5,26,576.697719
5.25,13,576.736313
-0.25,2,576.741674
11.0,28,576.81293
1.75,3,576.821087
9.0,18,577.186316
22.5,43,577.295774
0.75,4,577.305754
6.75,13,577.339863
5.75,14,577.374415
10.0,20,577.422666
12.0,14,577.457258
0.75,1,577.460185
1.75,6,577.475084
18.0,31,577.549139
0.25,6,577.564175
6.5,13,577.596636
13.0,16,577.63704
-0.75,1,577.639689
7.75,21,577.689478
29.0,46,577.805148
13.5,17,577.843974
17.0,21,577.900068
-7.75,11,577.92501
4.75,12,577.953774
3.75,10,577.979624
3.25,9,578.001664
3.25,21,578.054949
14.0,19,578.103669
12.75,28,578.170249
1.25,8,578.189869
-4.25,6,578.204376
5.25,13,578.238151
5.25,13,578.271472
5.25,13,578.302943
-0.25,2,578.308077
5.75,14,578.344201
0.75,4,578.35457
2.25,7,578.372348
1.25,5,578.384942
0.25,3,578.393695
2.25,7,578.411673
-2.25,4,578.422529
7.25,17,578.792659
-0.25,2,578.798299
-0.25,2,578.803809
-0.75,1,578.806848
3.75,10,578.832911
2.75,8,578.854424
-3.75,4,578.865006
9.25,13,578.897708
11.75,16,578.937472
19.0,30,579.013935
1.25,5,579.026089
-0.75,1,579.028756
6.25,15,579.066531
0.75,1,579.069686
-0.75,1,579.073146
12.75,21,579.127591
-0.25,2,579.137427
-0.25,2,579.142533
16.75,23,579.195872
0.75,1,579.198792
11.0,17,579.241513
1.25,5,579.254098
-0.25,2,579.25933
-0.25,2,579.264434
1.75,6,579.280593
3.75,6,579.296608
-0.25,2,579.302148
11.75,15,579.341933
1.75,3,579.350076
0.75,1,579.352907
-0.25,2,579.358468
4.25,11,579.384935
-0.75,1,579.387778
-0.25,2,579.392752
0.75,4,579.402686
0.75,4,579.412143
7.25,12,579.442604
-0.75,1,579.445601
-0.75,1,579.448737
-0.75,1,579.451622
0.25,3,579.459443
8.25,11,579.486637
-0.75,1,579.489126
4.75,12,579.518749
-0.75,1,579.521823
0.25,3,579.530232
-0.75,1,579.533081
-0.25,2,579.538402
0.75,1,579.541293
-0.75,1,579.544335
13.75,19,579.591018
5.75,11,579.617265
0.75,4,579.628682
7.25,17,579.670435
12.75,15,579.707326
0.75,4,579.717427
0.25,3,579.725168
3.75,10,579.74913
12.5,25,579.81615
-0.75,1,579.819051
0.75,4,579.830316
0.75,1,579.833245
2.75,5,579.846815
-0.25,2,579.852298
16.25,22,579.905844
3.25,9,579.929013
10.75,13,579.96098
-0.75,1,579.964083
2.75,8,579.985425
22.75,27,580.052611
6.5,13,580.406796
-0.75,1,580.409588
-0.75,1,580.412649
0.75,1,580.416584
-0.25,2,580.422287
14.0,24,580.483338
1.25,5,580.496151
2.25,19,580.541944
-4.25,6,580.556764
0.25,3,580.564802
-0.75,1,580.567455
-0.75,1,580.570309
0.75,1,580.573277
-0.75,1,580.576324
-0.75,1,580.579294
-0.75,1,580.58211
0.75,1,580.584996
0.75,4,580.595901
0.75,1,580.599094
8.25,17,580.642833
10.25,14,580.678366
2.25,7,580.696873
-3.25,11,580.726124
3.25,6,580.741827
-1.25,3,580.749808
0.25,3,580.758191
3.75,10,580.783809
3.75,10,580.808785
0.75,1,580.811584
-0.25,2,580.816704
6.75,19,580.866089
-0.75,1,580.86905
7.25,17,580.914109
15.0,18,580.962586
0.75,1,580.96564
2.25,7,580.983727
-0.25,2,580.989014
0.25,3,580.9972
-0.25,2,581.002969
4.25,11,581.030125
-0.75,1,581.032805
-0.75,1,581.03574
14.25,18,581.080719
5.25,13,581.113788
4.75,12,581.143988
-3.25,5,581.157598
2.25,4,581.167952
31.75,39,581.260788
1.25,5,581.273383
-0.25,2,581.27896
-7.25,9,581.302312
0.75,4,581.31302
0.25,3,581.320767
0.75,1,581.32405
1.25,5,581.338003
3.75,10,581.363179
9.5,19,581.409913
-5.25,7,581.427515
5.75,8,581.446888
11.25,17,581.488022
-0.25,2,581.49324
6.25,12,581.523098
8.5,14,581.557264
0.75,1,581.560218
4.75,9,581.583278
15.5,22,581.638295
4.75,15,581.67629
0.75,4,581.686007
0.25,3,581.69421
2.75,8,582.028166
1.75,6,582.04289
0.75,1,582.04594
9.75,12,582.075252
4.75,12,582.105555
-0.25,2,582.110605
-0.75,1,582.113339
4.25,11,582.140692
-2.25,4,582.1508
8.25,19,582.197901
2.25,7,582.213871
1.75,6,582.227539
3.25,9,582.248891
16.5,22,582.300872
4.25,11,582.328962
0.75,1,582.331811
7.25,17,582.375734
-0.25,2,582.380987
0.75,4,582.39122
6.25,12,582.420941
-0.75,1,582.423847
-0.75,1,582.42683
-0.25,2,582.432228
1.25,5,582.445292
0.75,1,582.448214
14.25,17,582.487888
-0.75,1,582.490551
-0.75,1,582.493323
-0.25,2,582.498859
-0.25,2,582.504162
0.25,3,582.512202
-0.25,2,582.517688
4.75,12,582.547068
6.25,12,582.576704
-0.75,1,582.579749
9.0,18,582.626321
4.75,8,582.645872
-0.75,1,582.648497
-0.75,1,582.65134
1.75,6,582.666852
0.25,3,582.674202
7.75,10,582.699563
0.75,4,582.710329
-2.75,12,582.739511
0.75,4,582.749294
11.5,19,582.79638
4.25,11,582.822727
14.0,16,582.861375
6.5,13,582.893489
10.0,20,582.940859
-0.75,1,582.94355
1.75,6,582.957953
0.75,1,582.960732
-1.25,3,582.968938
-0.25,2,582.974412
-0.25,2,582.979949
1.75,6,582.996147
4.25,11,583.022798
5.25,10,583.050588
3.75,10,583.075882
4.25,11,583.102201
9.75,22,583.154405
-1.25,6,583.16957
1.75,4,583.179494
5.75,14,583.212597
12.0,19,583.257481
0.25,3,583.265448
-0.25,2,583.270787
1.75,3,583.278673
0.75,4,583.603078
5.25,13,583.636799
-0.25,2,583.642541
8.75,13,583.675551
2.75,8,583.695443
-9.25,14,583.731398
-2.25,14,583.766777
6.0,12,583.798344
-2.25,4,583.8088
-0.25,2,583.813954
10.0,18,583.856233
3.25,9,583.877021
0.75,4,583.887337
0.75,1,583.890163
-1.25,3,583.898093
14.75,21,583.953021
4.25,11,583.982532
0.75,1,583.98559
3.75,10,584.012332
5.75,14,584.048761
10.0,20,584.096819
-0.75,1,584.099473
0.75,4,584.109903
-0.75,1,584.112609
-0.25,2,584.117614
0.75,1,584.120457
17.5,24,584.179957
1.25,5,584.19316
6.75,16,584.232294
0.75,1,584.235142
9.25,15,584.272967
0.75,1,584.275585
0.25,3,584.283185
0.25,3,584.29105
12.0,20,584.341538
13.0,14,584.375291
1.75,6,584.390236
8.75,20,584.438791
-0.75,1,584.441521
13.25,22,584.494137
4.75,12,584.523915
7.5,15,584.559822
17.0,34,584.65232
4.75,17,584.716555
7.75,19,584.77081
0.25,12,584.80786
-0.75,1,584.811095
9.25,13,584.848048
0.25,3,584.856299
8.75,17,584.902099
1.75,6,584.919137
12.0,13,585.284133
6.75,12,585.314415
-1.25,3,585.322359
0.75,1,585.327148
3.25,9,585.352406
2.25,7,585.373205
0.25,3,585.382182
8.75,20,585.435638
6.25,15,585.475738
7.25,14,585.513282
5.25,13,585.550301
5.75,14,585.590865
-1.25,3,585.600322
-0.75,1,585.603211
9.0,18,585.658282
20.5,41,585.78827
-0.25,5,585.804584
8.25,18,585.860911
13.0,19,585.916804
3.75,10,585.947968
0.75,1,585.951563
20.5,28,586.032382
1.75,6,586.048748
-1.25,1,586.052257
16.75,22,586.113914
1.75,6,586.132764
-0.25,2,586.138345
-0.75,1,586.142137
3.25,9,586.16673
10.75,24,586.243717
9.5,19,586.301407
-5.75,9,586.331279
7.5,15,586.376392
9.0,18,586.431451
0.75,1,586.434704
-0.25,2,586.441255
16.5,19,586.503319
16.25,28,586.589384
11.75,17,586.642721
2.75,8,586.670372
-0.75,1,586.673695
4.75,12,586.711963
1.25,11,586.745385
16.5,19,587.154536
10.5,21,587.22982
6.75,16,587.292624
-1.25,3,587.309055
2.25,4,587.351347
7.75,18,587.435849
4.25,11,587.476203
-0.25,2,587.483517
-0.25,2,587.490142
0.75,1,587.493861
1.75,6,587.514539
4.25,10,587.545372
9.0,18,587.60977
15.0,19,587.668393
7.5,12,587.710743
6.25,10,587.750666
3.25,9,587.790831
5.25,12,587.846645
-0.75,1,587.850685
-10.25,12,587.894768
0.75,1,587.898527
0.75,1,587.902397
11.75,26,588.03949
2.75,8,588.085833
6.0,12,588.139113
4.75,12,588.175535
12.75,24,588.24604
-3.5,17,588.29491
3.75,10,588.324718
3.75,10,588.355876
10.25,23,588.424703
0.25,3,588.433939
-0.75,1,588.436863
7.25,13,588.47861
-0.5,17,588.533406
10.5,21,588.605262
-0.75,1,588.611787
-0.75,1,588.617669
7.75,14,588.675458
15.75,23,588.740291
4.75,12,588.779085
0.75,1,588.78247
14.25,18,588.834305
-6.25,11,588.866499
-8.25,20,588.926327
2.25,7,588.94849
0.25,3,588.956901
-0.75,1,588.960731
8.5,17,589.395339
0.75,1,589.398723
9.75,22,589.466751
1.25,5,589.482038
2.25,7,589.503938
1.75,6,589.522643
10.5,21,589.584896
5.5,17,589.634183
0.75,1,589.637488
18.0,27,589.718199
21.5,33,589.824624
5.0,16,589.869962
-8.75,18,589.925921
3.75,10,589.955673
11.5,28,590.035193
8.0,16,590.082278
4.25,11,590.112808
7.5,15,590.157667
8.75,20,590.230141
-0.75,1,590.233183
5.75,14,590.271299
1.25,5,590.285934
10.25,23,590.349748
13.75,30,590.430991
-0.75,1,590.434415
9.75,22,590.493356
-0.25,2,590.499281
1.75,6,590.515252
-3.75,17,590.562311
4.75,12,590.595958
-0.25,2,590.602066
4.25,11,590.634082
4.75,12,590.665228
28.0,46,590.801586
3.75,10,590.833473
1.75,6,590.852531
0.75,1,590.856285
1.75,6,590.875513
3.75,10,591.296802
13.0,16,591.343994
5.0,19,591.400269
0.75,1,591.403353
-1.25,3,591.411881
-0.75,1,591.415258
10.5,14,591.458065
2.75,8,591.481941
-9.75,13,591.518317
15.0,21,591.586375
0.75,1,591.589462
0.75,1,591.59431
0.75,4,591.606578
2.25,7,591.6299
0.75,1,591.633467
1.75,6,591.650527
0.75,4,591.663602
3.25,9,591.688287
4.75,12,591.722347
10.5,12,591.757856
1.25,5,591.773265
2.75,8,591.795985
0.25,3,591.804243
-0.75,1,591.807075
10.5,12,591.841409
4.25,11,591.869608
-3.25,5,591.883202
6.75,16,591.927322
11.5,17,591.976275
-4.75,27,592.050155
-1.25,3,592.058393
0.25,3,592.067328
3.75,10,592.09507
7.0,14,592.134677
7.75,18,592.182487
-6.25,14,592.222147
9.5,19,592.273762
1.25,17,592.319447
3.25,9,592.342942
11.25,25,592.408402
0.75,1,592.411713
3.75,10,592.44077
13.0,20,592.493155
-0.75,1,592.496271
7.75,18,592.547749
2.75,8,592.570704
2.75,14,592.611775
9.0,15,592.657
-0.75,1,592.660466
14.25,26,592.737486
9.75,14,593.121493
12.0,24,593.187592
11.75,14,593.22825
9.0,16,593.270583
-11.25,13,593.303547
0.75,1,593.306531
6.25,15,593.347204
7.25,17,593.390251
7.0,14,593.427363
-5.75,12,593.458922
0.75,1,593.461649
0.75,1,593.464512
4.75,19,593.514594
-0.75,1,593.517494
12.5,25,593.58152
1.25,5,593.59458
22.0,23,593.656607
-0.25,2,593.662558
-0.25,2,593.667912
-0.75,4,593.678517
21.5,30,593.757915
9.75,22,593.815299
0.75,4,593.826425
23.5,31,593.913628
-0.25,2,593.919014
3.75,10,593.944748
13.25,19,593.991897
0.25,3,594.000335
5.75,14,594.042975
4.75,12,594.07959
1.75,10,594.109595
24.5,30,594.199865
16.0,18,594.258664
-4.25,6,594.275255
3.75,10,594.304601
4.75,12,594.343654
6.75,13,594.382257
-3.25,5,594.39618
0.75,4,594.408097
-3.25,8,594.433852
-6.75,13,594.473256
-1.75,5,594.488234
4.75,12,594.521284
-0.75,1,594.524598
-0.25,2,594.902783
-0.25,2,594.908898
-0.75,1,594.913068
-0.75,1,594.916492
13.0,14,594.954106
0.75,1,594.956933
22.0,31,595.040087
11.75,13,595.079908
7.75,18,595.13031
2.25,7,595.151707
-0.75,1,595.154841
0.75,1,595.157959
4.25,7,595.177407
9.5,16,595.227086
0.75,1,595.230533
0.25,3,595.23951
-0.75,1,595.242933
0.75,4,595.254995
11.25,15,595.296347
9.25,11,595.328313
-0.75,1,595.334493
3.75,7,595.35986
4.75,11,595.393968
-0.25,2,595.399966
1.75,6,595.418658
15.5,31,595.505496
1.25,8,595.528229
8.25,15,595.573409
4.25,8,595.59522
-0.75,1,595.59838
0.75,1,595.601551
10.25,21,595.663193
6.25,9,595.687513
-0.75,1,595.690312
5.75,17,595.773202
0.25,3,595.792172
2.75,17,595.890504
0.25,3,595.901444
5.25,13,595.961495
-0.25,2,595.96731
-1.25,3,595.976394
-7.75,14,596.014247
1.75,6,596.033122
5.25,10,596.061344
14.0,28,596.138349
7.75,17,596.185489
-0.75,1,596.188665
-3.75,4,596.200966
5.25,13,596.237986
28.0,40,596.35937
5.0,16,596.411129
3.75,13,596.453689
-4.25,6,596.47141
2.25,7,596.491578
7.25,17,596.895173
3.25,9,596.921298
18.5,37,597.018773
-0.75,1,597.021632
0.75,1,597.024578
7.25,13,597.061376
3.25,9,597.084469
14.75,30,597.162929
7.25,17,597.209609
-0.75,1,597.213023
4.25,11,597.24627
1.25,5,597.260743
-2.25,4,597.27138
1.75,6,597.287072
-6.25,11,597.316946
-0.25,2,597.322299
-0.75,1,597.325542
12.25,16,597.369453
16.0,27,597.439335
0.75,4,597.45095
6.5,13,597.486049
-0.25,2,597.491416
3.75,10,597.519217
-0.75,1,597.522142
7.0,14,597.558986
9.0,16,597.601043
7.5,15,597.640665
-0.25,2,597.646546
1.25,5,597.659883
-2.75,3,597.668179
0.75,1,597.671303
10.0,20,597.727225
13.0,14,597.76925
-2.25,4,597.781107
8.0,16,597.826404
-0.75,1,597.829692
2.25,7,597.850056
13.0,32,597.937943
2.25,7,597.957812
0.75,4,597.969443
2.25,4,597.981251
-0.25,2,597.987667
7.5,21,598.046059
-0.25,2,598.052161
2.75,8,598.073965
9.75,22,598.134105
4.25,11,598.163019
0.75,1,598.166162
-0.75,1,598.169107
-0.75,1,598.171985
-0.75,1,598.174865
-0.75,1,598.177969
5.25,19,598.231367
8.0,16,598.275345
13.0,26,598.680965
8.0,16,598.722847
3.75,10,598.749377
0.25,3,598.757304
-0.75,1,598.760236
0.75,1,598.763166
0.25,3,598.77073
-1.25,3,598.77878
9.75,22,598.83604
11.0,22,598.893109
0.75,1,598.896177
3.75,10,598.922613
2.75,5,598.935696
-1.25,9,598.959318
10.5,19,599.007918
8.75,13,599.041675
3.75,10,599.069815
19.0,20,599.126511
-0.75,1,599.129492
4.25,14,599.165881
13.0,14,599.201613
-0.25,2,599.206885
-12.5,20,599.264679
1.75,6,599.28212
9.0,27,599.361839
-0.75,1,599.365112
0.75,1,599.368596
8.5,17,599.416126
6.25,15,599.45798
0.75,1,599.461203
16.0,26,599.534848
-0.75,1,599.537705
1.25,5,599.551552
0.75,1,599.554475
-0.25,2,599.560287
-0.25,2,599.565927
-11.25,13,599.60081
0.75,1,599.603587
12.5,14,599.643893
3.25,9,599.667017
1.25,5,599.68065
-0.25,2,599.686083
0.25,3,599.694766
0.75,1,599.697927
3.75,13,599.735993
3.25,8,599.758664
-0.75,1,599.762148
0.75,1,599.765275
2.25,7,599.786161
0.75,1,599.789448
17.75,21,599.853197
-3.75,4,599.865864
0.75,4,599.878389
8.0,19,599.936265
1.75,6,599.954272
-1.25,3,599.963135
10.0,20,600.021111
6.25,15,600.408114
-4.25,6,600.425502
7.75,10,600.452785
10.75,24,600.518201
-0.75,1,600.521125
-1.25,3,600.529454
13.5,17,600.572685
5.75,14,600.608623
-0.75,1,600.611404
3.25,9,600.635491
-0.75,1,600.638284
2.75,8,600.659623
-1.25,3,600.667947
16.0,18,600.715297
1.75,6,600.73112
19.0,24,600.793453
7.5,15,600.832218
-2.25,4,600.843147
11.25,25,600.906488
0.75,1,600.909698
-0.25,2,600.915105
7.5,15,600.953993
-0.25,2,600.959785
9.0,18,601.006391
0.75,1,601.010204
-0.75,1,601.01325
14.0,23,601.075377
12.25,27,601.147576
8.5,17,601.196136
0.25,6,601.213795
3.75,10,601.240611
5.25,19,601.292239
9.25,21,601.353021
-0.75,1,601.355855
-0.75,1,601.358994
2.25,6,601.376613
-0.25,2,601.383224
6.5,13,601.420942
1.75,6,601.438834
2.75,8,601.462737
2.75,5,601.476475
1.75,6,601.493567
5.75,14,601.536862
-0.75,1,601.540074
10.5,12,601.575525
-0.75,1,601.579009
-0.25,2,601.585392
-0.25,2,601.591446
-0.25,2,601.597877
1.25,5,601.611584
12.5,25,601.686557
4.25,11,601.72021
6.25,12,601.755619
0.75,4,601.766631
-0.75,16,602.173952
-2.25,4,602.184807
16.5,33,602.278115
1.75,6,602.295355
14.5,16,602.339063
0.25,3,602.347544
7.25,17,602.392395
6.75,16,602.438541
5.25,13,602.475355
7.5,15,602.516008
4.25,11,602.547262
1.75,6,602.566048
2.25,7,602.588742
0.75,4,602.600418
3.75,13,602.639786
0.75,1,602.643751
-0.25,2,602.650901
0.75,1,602.654286
0.25,6,602.673328
-0.75,1,602.676884
1.25,5,602.692632
-0.75,1,602.696416
10.0,18,602.746996
12.5,25,602.81997
2.25,7,602.839268
-0.75,1,602.842453
7.25,17,602.887221
-2.25,4,602.897876
-9.75,13,602.931464
10.75,14,602.967966
-0.25,2,602.973477
10.75,15,603.012708
23.0,24,603.076202
5.75,11,603.106679
6.25,15,603.145569
17.5,21,603.202325
4.25,9,603.226351
8.0,16,603.267804
0.75,1,603.270719
2.25,7,603.288647
-1.25,6,603.304531
12.5,25,603.371382
14.0,22,603.433016
11.25,25,603.504312
-2.75,9,603.529009
-0.25,2,603.53473
17.0,23,603.925258
-0.75,1,603.928392
-0.25,2,603.934099
-0.25,2,603.939603
10.0,20,603.991484
-0.25,2,603.996943
-3.25,11,604.02564
-0.75,1,604.02867
1.25,5,604.042113
9.75,17,604.086899
-2.25,4,604.097448
-0.25,2,604.102916
3.75,10,604.129129
-0.75,1,604.132207
0.25,3,604.140112
0.75,4,604.151479
1.25,5,604.165491
6.5,13,604.200366
9.5,19,604.255343
8.25,16,604.301283
0.75,1,604.304481
14.0,28,604.380644
-0.25,2,604.386533
2.25,7,604.403927
0.75,4,604.414782
8.25,19,604.465066
-0.25,2,604.470328
0.75,19,604.519484
-0.75,1,604.522434
-0.75,1,604.525373
-0.25,2,604.531455
-0.75,1,604.534258
14.0,22,604.592082
0.25,3,604.601044
-0.75,1,604.603934
0.75,4,604.615215
11.25,25,604.686012
0.75,4,604.697144
6.75,12,604.729611
7.75,18,604.781583
-0.25,2,604.787292
3.75,10,604.815468
20.5,41,604.921933
-0.25,2,604.928546
9.0,18,604.975378
0.75,4,604.986467
2.25,13,605.02126
2.75,8,605.043119
7.75,18,605.090455
7.0,14,605.128198
6.25,15,605.167768
0.75,1,605.170622
1.75,6,605.186357
2.25,7,605.204723
5.75,11,605.233423
0.75,1,605.236529
22.0,23,605.617812
7.25,14,605.658919
-0.75,1,605.661835
8.0,16,605.702389
13.75,19,605.755159
-0.75,1,605.758647
-0.25,2,605.765016
0.75,1,605.768199
0.75,4,605.779928
6.75,13,605.817743
-5.25,7,605.837139
-0.25,2,605.844222
9.5,19,605.897516
2.25,7,605.918158
0.75,1,605.921067
6.5,13,605.955827
0.75,1,605.958675
0.75,1,605.961817
2.75,8,605.982863
-0.25,8,606.003422
5.25,10,606.032766
0.75,1,606.035874
9.5,16,606.083998
10.25,23,606.145894
8.5,17,606.191278
15.5,22,606.258242
9.0,18,606.308131
8.5,17,606.358566
13.0,14,606.396755
-0.75,1,606.400126
2.25,19,606.456888
1.75,6,606.475758
-0.75,1,606.479057
-1.25,3,606.488083
6.5,13,606.522984
5.75,14,606.560801
0.75,1,606.563684
8.75,17,606.608747
25.0,26,606.677292
0.75,1,606.680394
7.0,14,606.717317
10.5,12,606.750233
2.25,7,606.770008
6.75,9,606.794308
-0.25,2,606.800303
8.25,19,606.85055
-0.25,2,606.855887
1.75,3,606.864452
1.25,5,606.877749
10.25,12,606.909163
9.5,19,606.959582
-0.75,1,606.962588
4.75,12,606.994651
17.5,23,607.410053
-0.25,2,607.416096
1.25,5,607.431784
5.75,14,607.472997
-0.75,1,607.476685
23.0,46,607.603307
8.0,15,607.643408
16.5,26,607.711996
0.75,1,607.714999
-0.25,2,607.720615
8.0,16,607.76106
7.25,14,607.798395
-0.25,2,607.803788
1.75,12,607.836851
5.75,11,607.867011
1.75,6,607.882514
14.0,34,607.972048
5.75,14,608.008382
14.5,29,608.084692
-0.25,2,608.090124
1.75,6,608.106991
0.75,4,608.118805
0.25,3,608.127519
2.75,8,608.148801
0.25,3,608.156421
0.25,3,608.164865
13.5,27,608.237607
-0.75,1,608.240507
0.75,1,608.243816
-0.75,1,608.247007
5.75,14,608.284643
7.75,18,608.332488
7.25,17,608.376244
0.75,1,608.37909
5.25,13,608.41447
-0.75,1,608.417234
10.0,16,608.4594
6.25,15,608.500132
5.75,11,608.529279
-0.25,2,608.5347
-1.25,12,608.566954
-0.25,2,608.57228
1.75,6,608.588495
2.75,8,608.611017
15.0,18,608.660107
8.5,17,608.705718
-0.75,1,608.708922
15.25,23,608.776551
4.75,12,609.149073
-5.25,13,609.185019
8.0,16,609.226374
22.0,28,609.298114
21.5,30,609.377321
-0.75,1,609.380362
2.25,7,609.398665
4.75,12,609.431489
0.75,1,609.434568
4.25,20,609.49131
1.25,5,609.507383
-0.25,2,609.514157
1.75,6,609.530434
-0.75,1,609.533212
8.25,16,609.574169
6.75,13,609.609469
1.75,6,609.626126
21.5,27,609.695951
-0.25,2,609.70117
-0.75,1,609.703963
4.75,15,609.74712
1.25,5,609.760715
0.25,3,609.769311
15.0,19,609.822325
10.5,21,609.879731
6.5,13,609.912826
0.75,1,609.916165
16.5,23,609.979192
-0.75,1,609.982351
6.25,15,610.022041
-9.25,14,610.058923
2.25,4,610.070912
17.0,23,610.135202
1.25,5,610.148602
-0.75,1,610.151472
12.5,25,610.215876
7.75,18,610.261906
12.5,25,610.326789
14.75,19,610.375251
0.75,4,610.385618
-0.75,1,610.388581
0.75,1,610.391675
3.25,9,610.414937
3.75,8,610.438011
0.75,1,610.441372
0.75,1,610.444708
4.75,21,610.836491
1.75,6,610.852792
8.25,19,610.903539
0.75,1,610.906527
11.0,22,610.967128
7.25,14,611.00473
-1.25,3,611.013547
-0.25,2,611.019529
-0.25,2,611.025381
5.25,14,611.063896
-0.25,2,611.069262
-0.25,2,611.074758
9.25,14,611.112102
5.75,14,611.150988
9.5,19,611.201633
1.25,5,611.215533
3.75,10,611.242708
-3.25,5,611.256668
6.25,15,611.301575
-0.25,2,611.307516
7.0,14,611.349991
-0.75,1,611.353128
-0.75,1,611.355994
8.0,21,611.41416
5.75,14,611.453903
7.75,15,611.495878
-0.25,2,611.501649
-0.25,2,611.507475
15.5,19,611.564147
10.0,20,611.64264
-0.75,1,611.649237
8.75,17,611.734209
10.5,21,611.820533
14.5,26,611.91739
1.75,3,611.927865
16.5,19,611.977582
12.0,20,612.042366
8.0,19,612.104597
24.0,27,612.223073
0.75,4,612.241287
-0.75,1,612.246409
0.75,1,612.250315
0.75,1,612.254171
-0.25,2,612.262311
-0.75,1,612.265719
5.75,14,612.322191
9.25,11,612.369511
6.25,18,612.438761
15.25,20,612.499167
1.25,5,612.842288
-1.25,3,612.850649
-1.25,6,612.867651
14.0,24,612.931433
0.75,7,612.949777
6.25,15,612.988558
0.25,3,612.997432
-0.25,2,613.003847
4.25,11,613.033969
14.5,18,613.080658
1.5,12,613.111717
6.75,16,613.151355
-0.75,1,613.154309
0.75,1,613.157408
8.5,17,613.200777
10.5,19,613.248905
-0.25,2,613.25473
23.0,46,613.381087
4.25,11,613.408989
-0.25,2,613.414877
5.25,22,613.476338
6.75,16,613.520777
4.25,14,613.558337
7.0,14,613.596541
9.5,19,613.648317
16.5,19,613.699556
9.5,19,613.749968
3.75,15,613.791883
9.25,21,613.844051
-8.25,13,613.874891
7.75,18,613.921533
-2.25,4,613.931726
-1.25,3,613.939205
3.25,9,613.963179
10.5,21,614.015616
17.5,23,614.074343
14.5,41,614.178955
7.75,18,614.544753
0.75,1,614.547889
-0.25,2,614.553197
13.5,27,614.623237
-0.75,1,614.626393
12.25,23,614.69265
-3.5,17,614.738522
-0.75,1,614.741604
1.25,5,614.754516
-0.75,1,614.757345
-0.75,1,614.760083
0.75,1,614.762965
0.75,4,614.774718
4.25,11,614.803123
-9.75,10,614.826972
4.75,8,614.846154
11.5,28,614.912896
-2.25,4,614.922652
3.25,9,614.945076
-2.25,4,614.954931
5.75,14,614.988722
1.25,5,615.001377
0.75,1,615.004022
0.25,3,615.012109
1.75,6,615.027392
-3.25,5,615.040566
-0.25,2,615.045878
-0.75,1,615.048648
10.0,19,615.094607
15.25,20,615.143136
3.75,10,615.167056
-0.75,1,615.16995
14.75,21,615.219277
6.25,15,615.254216
8.75,17,615.29405
-0.75,1,615.296943
8.75,20,615.345762
-0.75,1,615.348601
8.5,17,615.390354
1.25,5,615.402824
1.75,12,615.432637
5.25,13,615.464762
9.5,19,615.510807
-0.25,2,615.516132
5.25,16,615.558489
9.0,18,615.605208
-0.75,1,615.608138
16.0,18,615.652615
-0.75,1,615.655415
14.75,35,615.740128
0.75,1,615.74262
-0.75,1,615.745313
1.75,12,615.775678
0.75,1,615.778868
-0.75,1,615.781811
-0.75,1,615.784796
2.75,8,616.128659
-0.75,1,616.132551
-0.75,1,616.136048
-0.75,1,616.139341
6.25,15,616.182024
-0.25,2,616.187698
-0.25,2,616.193524
1.25,5,616.207197
22.5,43,616.326326
14.5,25,616.389421
-0.25,2,616.395412
7.0,14,616.431848
8.5,17,616.476652
0.75,1,616.479516
17.5,26,616.54727
-0.75,1,616.550692
9.5,19,616.598084
-5.25,7,616.615108
-3.25,5,616.627959
17.25,23,616.685403
-3.25,5,616.698419
14.5,29,616.780646
7.0,14,616.819541
6.5,13,616.855929
2.25,7,616.874052
9.0,18,616.919223
0.75,1,616.92196
9.5,19,616.969193
-0.75,1,616.972328
2.25,7,616.990752
0.25,3,616.998792
-0.75,1,617.001761
-2.25,4,617.012186
0.75,1,617.014891
-0.75,1,617.017477
-0.75,1,617.020345
-2.25,4,617.030899
4.25,6,617.046986
-0.75,1,617.04989
0.75,1,617.052778
1.25,5,617.065783
2.75,8,617.085912
0.25,3,617.093625
-2.75,3,617.101013
6.5,13,617.133328
-2.75,3,617.140821
-4.25,6,617.155607
-0.75,1,617.158397
0.75,1,617.161066
0.75,1,617.163623
0.75,1,617.166351
-0.75,1,617.169444
10.5,21,617.224443
10.5,21,617.277896
1.75,6,617.29316
14.75,35,617.381938
5.75,14,617.416877
7.75,18,617.463056
9.5,19,617.836589
4.75,15,617.874133
-8.75,12,617.903058
-0.25,2,617.908095
11.75,14,617.942641
11.0,18,617.986754
2.25,7,618.004394
2.75,8,618.024287
-2.25,10,618.049222
8.25,16,618.089147
2.25,7,618.106302
11.5,17,618.147771
8.5,17,618.188982
6.5,13,618.219679
-0.75,1,618.222556
-0.75,1,618.225234
-0.25,2,618.230298
1.25,5,618.24212
2.75,8,618.26026
-8.25,13,618.291657
10.0,20,618.340951
0.25,3,618.349197
7.0,17,618.390991
6.75,16,618.433644
-0.25,2,618.438951
8.75,14,618.474647
9.0,24,618.534015
0.25,3,618.541885
4.75,12,618.572475
16.0,18,618.619428
-0.25,2,618.624956
-0.75,1,618.627724
7.5,15,618.66648
14.0,28,618.736943
-0.75,1,618.74027
9.5,19,618.790357
-3.75,7,618.808422
-0.75,1,618.811408
10.5,21,618.862201
1.25,5,618.874865
-0.75,1,618.877637
-0.25,2,618.883018
-0.25,2,618.888278
0.75,1,618.891209
3.25,9,618.913734
0.25,3,618.921511
6.75,19,618.966875
1.75,6,618.981713
10.25,17,619.023425
0.75,4,619.033902
16.0,26,619.404789
16.0,32,619.485136
0.75,1,619.487998
10.5,15,619.525443
11.75,15,619.564569
10.5,19,619.613546
9.5,19,619.659821
-6.25,8,619.679676
11.75,26,619.744619
11.0,22,619.799845
-0.25,2,619.804905
7.25,11,619.832772
-2.25,22,619.886765
11.5,23,619.939811
7.25,17,619.980492
11.25,19,620.024803
8.5,17,620.064671
3.75,10,620.088796
12.0,14,620.123796
0.75,4,620.134096
0.75,1,620.1369
6.25,15,620.172361
4.25,11,620.197941
6.25,15,620.233178
9.0,18,620.27718
3.75,10,620.301296
0.25,6,620.316304
9.5,19,620.365082
7.0,14,620.399899
9.25,21,620.45098
14.0,28,620.516566
1.25,5,620.529366
7.5,27,620.599382
3.25,15,620.960221
0.75,1,620.963104
7.75,13,620.996289
10.0,18,621.038887
-0.75,1,621.041718
-0.75,1,621.044329
10.25,14,621.077751
-0.75,1,621.080557
12.5,25,621.141747
12.25,19,621.187485
12.0,24,621.243657
4.25,11,621.269495
-0.25,2,621.27475
0.75,1,621.277481
1.75,6,621.293617
5.75,14,621.329206
-4.25,6,621.344967
-0.25,2,621.351082
8.25,24,621.410229
-0.25,2,621.415215
-0.75,1,621.41784
8.75,13,621.451186
3.75,6,621.465245
3.75,10,621.488292
2.25,4,621.498262
14.5,29,621.568317
-0.75,1,621.571371
14.0,28,621.647882
1.75,6,621.663892
-0.25,2,621.66958
7.25,12,621.703325
1.75,6,621.719296
-0.75,1,621.722737
0.25,3,621.731877
0.75,4,621.74288
0.75,1,621.745832
8.0,19,621.794526
-0.75,1,621.797193
-0.75,1,621.800347
18.0,25,621.861381
1.75,6,621.875899
6.25,15,621.91518
0.75,4,621.925711
-0.75,1,621.928647
0.75,1,621.931332
6.75,16,621.972667
5.25,13,622.004981
-0.25,2,622.010082
8.75,20,622.069227
9.5,16,622.116416
-0.25,2,622.122196
1.75,6,622.13787
7.25,17,622.181845
-0.25,2,622.187721
5.25,10,622.212589
-0.25,2,622.21798
1.25,5,622.230278
-0.75,1,622.232929
4.25,11,622.258544
-0.25,2,622.263573
-0.75,1,622.26632
0.25,3,622.587922
-0.25,2,622.593533
36.5,48,622.712908
17.5,24,622.775372
-0.25,2,622.78175
0.25,3,622.790065
12.0,16,622.834893
3.25,9,622.858489
7.5,15,622.895388
9.75,22,622.946794
2.25,7,622.964941
6.25,15,623.002099
6.5,13,623.034938
7.5,15,623.071989
0.75,1,623.074971
11.0,25,623.139696
3.25,9,623.162228
15.0,21,623.210989
0.75,1,623.213653
14.0,21,623.262639
0.75,1,623.265607
3.75,10,623.28948
0.75,1,623.29232
16.5,24,623.354093
10.75,15,623.391815
0.75,4,623.402452
-4.25,6,623.416877
-7.25,22,623.472351
-0.25,2,623.477537
-0.75,1,623.480234
16.0,28,623.547321
10.75,15,623.584403
-0.25,2,623.589765
26.5,37,623.681043
1.75,3,623.688766
4.75,12,623.723618
0.25,3,623.732916
27.25,45,623.846537
15.0,21,624.21013
15.5,19,624.254924
0.75,4,624.265139
1.75,6,624.280064
0.75,1,624.282627
-0.75,1,624.28511
7.0,20,624.333672
0.75,4,624.344279
-1.75,5,624.357898
-3.75,4,624.368092
-2.75,15,624.405261
12.5,25,624.46599
0.75,1,624.468676
0.25,3,624.475754
-6.75,23,624.530446
15.5,19,624.57683
1.25,5,624.589843
-0.25,2,624.595343
-0.75,1,624.598003
-0.25,2,624.603
-0.25,2,624.608553
-1.75,8,624.629224
-0.75,1,624.632605
-0.75,1,624.635669
8.25,12,624.668981
0.75,4,624.679282
0.25,3,624.687472
3.75,16,624.728203
-5.25,13,624.760782
9.25,21,624.812765
-11.75,15,624.849071
-0.25,2,624.854586
1.75,6,624.869754
13.0,19,624.917046
-3.75,10,624.940257
-0.25,2,624.945374
-2.25,7,624.962293
-0.25,2,624.967057
12.5,25,625.02862
-0.25,2,625.033545
14.25,26,625.09841
-0.25,2,625.104199
-1.75,8,625.124439
1.25,5,625.137476
6.75,16,625.174737
12.5,34,625.254761
21.25,29,625.324404
6.75,10,625.351519
14.75,21,625.403255
13.0,15,625.441529
-0.25,2,625.446441
23.5,36,625.854733
25.0,26,625.919791
4.75,12,625.950823
0.25,3,625.958573
-0.75,1,625.961494
0.25,3,625.969499
2.75,7,625.986263
5.75,14,626.019004
3.25,9,626.040076
-0.75,20,626.08865
4.25,16,626.126383
23.5,36,626.211078
-0.75,1,626.213871
6.75,12,626.242269
-1.25,3,626.249516
-0.25,2,626.255488
8.25,12,626.285355
1.25,5,626.297147
14.5,29,626.370162
-0.75,1,626.373155
-0.75,1,626.376073
-0.25,2,626.381522
17.5,23,626.439234
0.25,3,626.446412
23.5,36,626.529281
15.5,24,626.587216
-0.75,1,626.589976
13.5,19,626.637174
16.0,31,626.72038
17.25,31,626.809097
-0.25,2,626.814553
0.25,3,626.822201
-0.75,1,626.825604
9.25,19,626.873725
11.75,14,626.911677
-0.75,1,626.914559
0.75,1,626.917497
0.25,3,626.925775
-0.25,2,626.931259
1.75,6,626.946646
-0.75,1,626.94959
-0.75,1,626.952389
-0.75,1,626.955303
16.0,31,627.034774
-0.25,2,627.040407
18.0,25,627.420402
5.0,13,627.455674
1.75,6,627.471336
-0.25,2,627.476864
-0.75,7,627.494868
0.75,1,627.497979
0.75,4,627.508819
-3.25,5,627.521799
1.25,5,627.53561
9.25,20,627.585508
-0.25,5,627.598316
13.5,17,627.640883
-1.25,3,627.648771
-0.25,2,627.654239
2.25,7,627.672426
0.75,1,627.675394
12.5,25,627.742378
-0.75,1,627.745448
-0.75,1,627.74838
7.5,15,627.790982
8.5,17,627.836557
-0.75,1,627.839211
-0.25,2,627.844338
0.75,1,627.847217
6.75,16,627.887396
0.75,4,627.897829
6.75,16,627.936812
7.5,12,627.966258
6.5,13,627.998391
11.0,17,628.040306
1.25,5,628.053311
8.75,17,628.096087
11.0,22,628.150998
-0.25,2,628.156459
0.75,16,628.195743
-0.25,2,628.200883
11.0,22,628.25541
2.25,7,628.272802
3.75,10,628.296824
-0.75,1,628.299577
14.5,26,628.366339
-0.25,2,628.371448
5.75,14,628.406814
-0.75,1,628.409543
-2.25,4,628.419956
5.75,17,628.462206
-0.75,1,628.465018
-4.25,6,628.480418
17.5,23,628.537287
-3.75,16,628.575989
3.25,9,628.599896
7.75,15,628.640081
4.25,11,628.66827
6.0,12,629.012541
-10.75,20,629.061507
0.25,3,629.070638
6.0,12,629.104239
1.75,6,629.119751
7.0,20,629.170228
-4.25,6,629.186008
0.25,3,629.193793
11.75,26,629.255466
-0.75,1,629.258287
9.0,18,629.301146
5.75,14,629.336166
-0.75,1,629.339359
-0.25,2,629.345004
8.25,19,629.391266
0.75,4,629.401252
9.5,19,629.447048
0.75,4,629.456176
-2.25,4,629.465338
0.75,4,629.475331
11.5,15,629.511711
-5.25,7,629.529759
-2.25,4,629.53992
8.25,19,629.584062
8.25,19,629.632134
-0.75,1,629.635146
2.25,7,629.653669
-8.25,16,629.692923
4.75,12,629.725395
1.25,5,629.739911
1.25,5,629.753068
-0.25,2,629.758496
3.25,9,629.782193
-0.75,1,629.785109
-2.25,4,629.795764
12.5,25,629.858409
-0.75,1,629.861444
13.0,21,629.913379
0.75,1,629.916256
8.0,16,629.953788
14.0,28,630.024234
-0.25,2,630.029575
-0.75,1,630.032687
1.25,5,630.045705
6.75,16,630.084408
4.25,11,630.111659
0.25,3,630.119318
10.75,16,630.156753
-6.5,23,630.213638
7.5,15,630.25285
10.0,20,630.61159
0.25,3,630.619445
0.75,1,630.622174
-0.75,1,630.625253
0.75,1,630.628136
17.75,21,630.679095
12.0,22,630.73364
13.5,16,630.775017
0.75,1,630.778337
10.5,20,630.830183
-0.25,2,630.835367
15.5,31,630.909238
-0.25,2,630.914479
7.75,12,630.942317
3.75,10,630.965403
-0.75,1,630.968887
-1.25,3,630.977157
10.0,20,631.024698
9.75,34,631.106319
2.25,7,631.123413
-0.25,2,631.128263
8.75,20,631.177377
21.5,27,631.240317
9.5,17,631.279954
11.75,26,631.342705
28.0,40,631.443147
-0.25,2,631.448491
0.75,1,631.451075
0.75,1,631.4536
1.75,6,631.468623
0.75,1,631.471347
-0.25,2,631.476411
0.25,3,631.4839
0.75,1,631.486623
-0.25,2,631.491632
20.5,30,631.561162
0.25,3,631.568312
6.75,40,631.665074
9.0,18,631.707211
-0.75,1,631.710005
6.75,13,631.742255
9.75,14,631.781828
3.75,13,631.815923
8.25,16,632.169297
-1.25,1,632.171761
2.75,8,632.190479
1.75,6,632.20601
-0.75,1,632.209114
-0.25,2,632.214481
2.25,7,632.231435
-0.25,2,632.236389
2.25,7,632.252657
2.75,8,632.271825
10.75,14,632.304739
-0.75,1,632.307302
0.75,1,632.309856
5.25,13,632.341833
0.75,4,632.352017
8.75,14,632.387019
-5.25,13,632.418568
14.5,21,632.470173
6.25,12,632.498408
1.75,6,632.513136
16.75,27,632.576023
-0.75,1,632.578811
12.0,22,632.63279
-0.25,2,632.638096
-0.25,2,632.643239
0.25,9,632.665051
9.0,18,632.707971
0.25,3,632.715472
9.0,18,632.761434
1.75,3,632.769498
5.25,16,632.808982
0.75,3,632.816505
0.75,4,632.827061
0.25,3,632.834986
7.0,20,632.885132
6.25,14,632.921701
-0.25,2,632.927139
0.75,1,632.930019
-0.75,1,632.932775
0.75,4,632.942385
-0.75,1,632.945154
-0.25,2,632.950233
16.5,26,633.01454
7.25,17,633.057983
0.75,4,633.0687
4.75,12,633.100262
14.0,24,633.159069
0.75,4,633.168865
0.25,3,633.176446
8.0,13,633.206521
-3.25,5,633.219436
18.0,23,633.276424
-0.75,1,633.279262
5.75,14,633.314409
13.0,26,633.383269
4.25,11,633.411855
4.75,12,633.745382
-0.75,1,633.748191
0.25,3,633.756125
-0.25,2,633.761465
11.0,22,633.820469
5.75,14,633.856048
8.5,17,633.899129
0.25,3,633.906754
-0.25,2,633.912129
-0.25,2,633.917482
-1.25,3,633.925365
5.25,13,633.956305
0.25,3,633.963937
-0.75,1,633.966499
5.75,14,633.999045
0.75,1,634.001855
6.0,24,634.057647
9.5,19,634.10471
4.75,12,634.134412
-0.75,1,634.137169
8.0,16,634.178185
3.25,9,634.199641
-3.25,5,634.211524
6.75,16,634.24907
0.25,3,634.256447
-0.25,2,634.261282
-0.75,1,634.263955
-0.75,1,634.266587
13.0,20,634.313229
9.25,21,634.365651
2.75,8,634.385616
-0.25,2,634.390604
-0.25,2,634.396166
8.5,17,634.438741
4.25,11,634.465596
-0.75,1,634.468113
5.25,13,634.500356
1.25,5,634.512505
-0.75,4,634.522825
4.25,11,634.549819
-0.25,2,634.554931
-0.75,1,634.557736
14.0,28,634.623719
10.75,20,634.673783
-0.75,1,634.676462
8.75,10,634.701762
23.5,36,634.791818
-0.75,1,634.794681
-2.25,7,634.813715
-0.25,2,634.819238
3.25,9,634.844458
0.75,1,634.847538
6.75,16,634.891572
11.5,23,634.951463
-0.75,1,634.954414
-1.25,3,634.96249
1.25,9,634.986293
11.0,22,635.360764
7.75,18,635.407667
1.25,5,635.42058
3.25,9,635.444387
-0.75,1,635.447284
5.75,14,635.481275
0.75,1,635.483933
23.5,31,635.55844
9.0,18,635.600108
0.75,1,635.603123
2.25,7,635.621669
3.75,10,635.646619
3.25,9,635.67033
-0.25,2,635.675725
12.0,18,635.720471
1.75,6,635.737213
-0.75,1,635.740057
-0.75,1,635.742879
4.25,11,635.769892
0.75,1,635.772655
8.25,16,635.813765
-2.75,6,635.829852
-7.75,14,635.866415
-0.75,1,635.869356
10.75,12,635.899811
8.0,22,635.953903
9.5,19,635.998428
0.25,3,636.005851
1.75,6,636.020488
2.75,8,636.040757
-0.25,2,636.045814
17.5,24,636.106526
15.0,26,636.169938
-2.25,4,636.180624
-5.75,12,636.210065
13.25,21,636.259325
-0.25,2,636.264298
0.25,6,636.2789
-0.75,1,636.281743
-0.75,1,636.284673
1.25,5,636.297414
4.25,11,636.325881
1.25,5,636.339498
1.75,6,636.354547
8.75,13,636.386778
10.0,20,636.437856
-10.75,23,636.49672
-0.25,2,636.502347
-0.75,1,636.50519
-1.25,6,636.520687
2.75,8,636.541313
-0.25,2,636.546795
11.5,22,636.603323
-0.25,2,636.608486
-1.25,3,636.616497
23.0,24,636.994093
13.0,14,637.029139
3.25,9,637.052188
2.25,4,637.063201
5.25,13,637.097185
-2.25,4,637.10754
3.25,9,637.129812
14.0,28,637.197238
5.75,14,637.229415
0.25,3,637.236475
-0.25,17,637.2776
9.0,18,637.321777
1.25,5,637.336053
-0.75,1,637.338972
7.25,16,637.380477
-0.25,2,637.385875
1.75,3,637.393795
0.75,16,637.433658
2.75,8,637.45305
-0.75,1,637.455878
-2.25,4,637.466012
5.75,14,637.501166
0.75,1,637.504367
-0.25,2,637.509856
2.75,8,637.531418
4.25,11,637.559013
0.75,1,637.561887
13.25,24,637.620582
-0.25,2,637.626614
3.25,9,637.64931
-9.25,11,637.676457
-0.25,2,637.681915
0.75,4,637.692752
0.25,3,637.70075
-0.75,1,637.703626
6.75,19,637.751509
4.25,11,637.781431
-0.75,1,637.784941
-0.25,2,637.790569
6.0,12,637.821441
15.75,24,637.88449
-0.25,2,637.889785
0.75,1,637.892798
9.0,18,637.938227
5.25,10,637.96355
10.5,21,638.015209
-1.25,3,638.023275
7.0,14,638.05921
9.0,18,638.106953
7.25,11,638.135895
-3.75,7,638.154494
9.75,19,638.203454
-0.25,2,638.208963
-1.25,3,638.216936
0.25,3,638.225079
1.25,5,638.238189
-0.75,1,638.241189
8.0,16,638.602396
4.75,15,638.642137
4.75,12,638.672894
-0.25,2,638.678317
-0.75,1,638.681199
2.75,8,638.700811
0.75,1,638.703782
1.25,5,638.716782
-0.75,1,638.719733
-0.75,1,638.722555
1.75,6,638.739874
0.75,1,638.742626
11.0,22,638.798613
3.75,10,638.82389
16.5,33,638.908084
1.25,5,638.920511
11.5,23,638.981664
0.75,4,638.992126
0.75,4,639.002324
5.0,29,639.073478
3.25,9,639.09557
3.25,9,639.118798
10.75,12,639.151232
2.5,17,639.193734
0.75,1,639.196627
6.75,16,639.236874
7.75,12,639.266006
-0.75,1,639.268663
-6.75,13,639.30143
3.75,10,639.32656
-0.25,2,639.331939
18.75,29,639.403629
0.25,3,639.411656
0.25,3,639.419899
13.0,16,639.460787
0.75,1,639.463479
-1.25,3,639.470948
-0.75,1,639.473787
14.5,29,639.543913
3.75,10,639.567178
23.0,24,639.635467
2.25,7,639.66237
-7.25,12,639.702961
3.25,9,639.734815
19.0,20,639.799775
0.75,1,639.803651
-0.75,4,639.81997
-0.75,1,639.823663
19.0,24,639.891003
-0.25,2,639.896474
1.25,5,639.909761
-0.75,1,639.912862
11.25,23,640.281063
0.75,1,640.284078
1.75,4,640.294254
1.75,6,640.308667
1.75,3,640.315853
-0.75,1,640.318585
-3.25,5,640.332539
6.5,13,640.366748
0.75,4,640.37711
3.25,9,640.398667
1.25,5,640.411736
6.0,12,640.442345
7.5,15,640.479914
-7.25,9,640.500874
16.0,19,640.545881
26.5,37,640.636298
16.5,22,640.689898
0.25,3,640.698263
10.0,17,640.742452
6.25,15,640.780786
0.75,4,640.791821
-0.75,1,640.79489
-0.75,1,640.797868
-0.75,1,640.800662
0.75,1,640.803348
0.75,1,640.80631
8.75,20,640.852729
7.0,14,640.885807
6.75,16,640.925921
0.75,1,640.928873
3.25,9,640.950882
-0.75,1,640.953461
2.75,8,640.97336
6.75,16,641.012637
-0.25,2,641.017832
-0.75,1,641.020702
8.5,17,641.060669
-2.25,4,641.071344
-0.25,2,641.076455
19.0,20,641.125443
-0.75,1,641.128263
6.75,15,641.162199
11.25,21,641.210705
-0.75,1,641.213186
-0.25,2,641.218219
13.0,20,641.26361
0.75,1,641.266602
0.75,1,641.269563
-2.25,4,641.279891
9.25,21,641.334727
1.25,5,641.348155
3.75,6,641.364073
-0.25,2,641.369699
0.75,4,641.380467
-3.25,5,641.393732
1.75,3,641.401667
19.0,24,641.463642
-0.25,2,641.46913
12.5,14,641.503465
-0.75,1,641.506311
3.25,9,641.843312
1.25,5,641.854875
2.25,4,641.864428
-0.25,2,641.869566
9.25,21,641.923316
21.75,35,642.013429
-0.75,1,642.016313
17.5,23,642.071115
-0.25,2,642.076524
-0.75,1,642.079477
-0.25,2,642.084986
4.75,12,642.115448
2.75,8,642.135191
2.0,19,642.181147
0.75,1,642.184291
-0.25,2,642.189667
6.5,13,642.221946
5.75,11,642.247022
1.25,5,642.259106
12.0,22,642.310601
12.0,24,642.373097
12.0,14,642.410118
8.0,16,642.451242
-6.25,14,642.484896
-0.75,1,642.487978
-0.75,1,642.490876
1.75,6,642.505918
-0.75,1,642.508935
12.25,25,642.570102
2.25,7,642.587556
-0.25,2,642.592521
-7.25,9,642.614235
4.75,12,642.646228
3.75,10,642.67064
2.25,4,642.680443
11.0,22,642.734355
2.25,4,642.745424
7.25,14,642.779137
0.75,1,642.78224
-0.25,2,642.787786
-0.75,1,642.790396
-0.25,2,642.795878
1.75,6,642.810526
0.75,1,642.813488
3.25,9,642.837361
2.75,8,642.857473
14.0,22,642.91297
-2.25,7,642.93119
-9.75,13,642.964801
-0.75,1,642.967671
-0.25,2,642.97277
15.0,19,643.022289
2.25,7,643.041692
6.5,13,643.075858
13.5,27,643.457504
-0.75,1,643.460372
15.0,21,643.509471
-2.75,3,643.516462
-0.75,1,643.519338
15.0,18,643.561486
-0.25,2,643.566618
-0.25,2,643.571699
3.75,7,643.588954
-0.75,1,643.591807
12.0,19,643.639609
10.0,20,643.690504
0.75,1,643.693414
-0.75,1,643.696359
22.0,30,643.77043
12.0,20,643.819502
0.25,3,643.827659
-0.25,2,643.832838
-3.25,5,643.846155
2.25,13,643.876785
5.25,13,643.907742
11.0,17,643.950186
2.75,6,643.966615
0.75,1,643.969515
12.5,14,644.003496
-2.0,17,644.045936
-4.75,11,644.072676
-0.25,2,644.077787
0.25,3,644.085192
-0.25,2,644.090831
0.75,1,644.093858
12.5,25,644.15343
1.75,6,644.167985
0.75,1,644.170618
-0.25,2,644.17546
14.5,25,644.23437
6.75,16,644.271919
1.25,5,644.283897
-0.75,1,644.286602
0.75,4,644.296814
0.75,1,644.299519
0.75,3,644.307431
3.75,6,644.32174
-0.75,1,644.324665
16.5,24,644.384946
2.25,7,644.403084
-0.75,1,644.406004
-8.25,10,644.431995
-0.75,1,644.434898
-5.25,7,644.453188
2.25,4,644.463642
-0.75,1,644.466628
-0.75,1,644.469404
7.25,14,644.505131
3.75,10,644.530569
-0.75,1,644.533643
2.25,7,644.55179
3.25,9,644.574525
0.25,3,644.58234
9.5,19,644.632052
7.75,18,644.676632
6.0,12,644.706108
0.75,1,645.028256
3.25,9,645.055949
12.0,17,645.099181
17.0,21,645.149634
0.75,4,645.160299
-0.25,2,645.165651
-0.75,1,645.168533
-0.25,2,645.173836
14.5,21,645.223548
6.5,13,645.257016
-0.25,2,645.262246
9.0,18,645.308069
2.25,7,645.326169
1.75,6,645.342575
7.25,17,645.385366
12.0,20,645.434458
9.75,14,645.468835
-0.75,1,645.47175
-0.25,2,645.476803
8.5,17,645.519917
7.25,14,645.554068
-0.25,2,645.559191
-0.25,2,645.564359
-0.75,1,645.567009
0.25,3,645.574594
5.75,11,645.600209
-0.75,1,645.603218
2.25,4,645.613644
10.0,20,645.664119
12.0,13,645.694977
1.25,5,645.708505
4.25,11,645.737577
-0.75,1,645.740534
13.5,17,645.78318
-0.25,2,645.78835
12.0,17,645.830739
10.25,23,645.885956
0.25,3,645.893114
0.25,3,645.900765
10.75,24,645.959942
0.75,1,645.963006
1.75,6,645.979021
14.0,25,646.04416
28.0,46,646.163796
18.5,37,646.254872
-0.75,1,646.25753
0.25,6,646.272563
5.75,11,646.29942
6.25,15,646.643852
0.25,6,646.658912
5.25,13,646.690697
6.75,12,646.719864
1.25,5,646.733338
4.75,12,646.763825
18.0,25,646.826442
3.75,10,646.851201
-0.75,1,646.854156
-0.75,1,646.863413
-2.25,4,646.87339
0.75,5,646.885605
0.75,1,646.888508
-0.75,1,646.891142
3.25,9,646.915316
19.0,24,646.973832
-2.25,10,646.998528
2.25,7,647.016003
1.25,5,647.028511
4.75,12,647.057153
0.25,3,647.06465
-0.75,1,647.067713
-0.75,1,647.070761
5.25,16,647.110906
11.0,22,647.162592
-0.25,2,647.167977
0.75,1,647.17069
0.75,1,647.173588
9.75,14,647.206704
-0.75,1,647.209404
1.25,5,647.221766
3.25,18,647.263456
-0.75,1,647.265954
12.25,16,647.304962
0.25,3,647.312544
0.75,1,647.315665
5.75,14,647.351622
12.0,16,647.39045
0.25,3,647.397938
0.75,4,647.407846
0.25,3,647.415118
-0.25,2,647.42039
5.25,13,647.452724
-2.25,4,647.462662
3.75,10,647.487626
0.25,3,647.495723
5.75,14,647.531901
4.75,12,647.562985
3.25,12,647.594143
7.75,18,647.641446
0.75,1,647.644343
0.75,1,647.647427
6.0,12,647.678471
-0.75,1,647.681499
-0.75,1,647.684484
0.25,3,647.692686
5.75,14,647.729162
-0.25,2,647.735258
16.5,23,647.793783
19.0,20,647.842302
-2.25,4,647.852549
0.25,3,647.859689
-0.75,1,647.862394
14.0,19,647.907712
2.25,7,648.226396
13.0,15,648.262337
-0.75,1,648.264933
-1.25,3,648.273537
0.75,1,648.276399
-0.75,1,648.279157
15.75,27,648.346625
2.75,8,648.366763
16.0,28,648.434406
19.5,30,648.504854
0.25,3,648.511973
0.25,3,648.51936
-0.75,1,648.52181
-0.75,1,648.524276
-0.25,2,648.529458
-0.75,1,648.53201
1.75,6,648.546484
0.75,1,648.549336
-0.25,2,648.554372
16.75,22,648.607054
-0.75,1,648.609612
11.25,14,648.643984
4.25,15,648.679303
-0.75,1,648.682137
-0.25,2,648.687253
5.25,13,648.717272
20.5,41,648.81952
5.75,14,648.85446
0.75,4,648.86485
9.5,19,648.908841
-0.75,1,648.911353
-0.75,1,648.91393
-1.25,3,648.921799
10.5,21,648.970417
14.75,23,649.026406
5.75,8,649.047759
13.0,26,649.116485
38.0,49,649.242154
-0.25,2,649.247708
0.75,1,649.250556
-0.25,2,649.256278
0.25,3,649.264205
-4.25,6,649.279732
15.5,19,649.326147
0.75,1,649.328901
14.0,21,649.380314
2.75,8,649.399799
0.75,4,649.409845
6.0,12,649.440553
2.75,8,649.460217
0.75,1,649.463295
9.25,11,649.79274
4.25,11,649.819653
14.75,18,649.86221
-16.25,18,649.902535
0.75,4,649.91217
1.75,6,649.926459
0.75,1,649.929551
-0.75,1,649.932515
6.0,12,649.962526
11.25,16,650.000968
-1.75,17,650.040604
11.5,23,650.10231
0.25,3,650.110818
-2.25,4,650.121009
3.75,10,650.153072
-2.0,14,650.190956
-0.25,2,650.197339
12.0,24,650.268682
5.25,10,650.294628
2.25,7,650.311753
-4.75,11,650.341495
11.25,14,650.375585
-2.25,4,650.384924
1.25,5,650.396924
-0.75,1,650.399758
0.75,1,650.402348
-8.75,12,650.431349
10.0,20,650.4786
15.25,22,650.530933
2.25,7,650.547597
-0.75,1,650.550151
6.25,15,650.586795
-7.25,15,650.629126
1.25,5,650.646716
-12.25,14,650.683485
1.75,3,650.691512
17.0,21,650.746715
2.75,8,650.769441
-0.25,2,650.775067
6.75,10,650.809736
0.25,3,650.819431
-0.75,1,650.823616
10.0,20,650.880103
0.75,1,650.883359
8.0,16,650.923632
0.25,3,650.93137
-0.75,1,650.934141
-0.75,7,650.951333
0.75,4,650.961665
1.25,5,650.975117
-0.25,2,650.98062
-0.75,1,650.983722
-0.25,2,650.988843
12.5,17,651.032984
-12.25,14,651.068862
-0.75,1,651.071533
16.5,24,651.454404
0.25,3,651.462768
1.75,6,651.478131
9.0,15,651.516792
1.75,6,651.532273
12.25,15,651.570815
-0.25,2,651.57673
3.75,10,651.605463
0.75,4,651.617341
-0.75,1,651.620468
4.75,12,651.653056
8.0,21,651.705215
18.0,25,651.766687
10.5,12,651.798461
0.75,4,651.809182
-3.25,8,651.830157
-0.25,2,651.83513
4.75,12,651.862791
16.5,23,651.921916
8.25,16,651.962346
-0.25,2,651.968402
2.25,7,651.986042
4.25,11,652.013338
-0.25,2,652.018404
11.5,23,652.077709
0.75,1,652.080657
-0.25,2,652.086873
12.0,24,652.148376
2.75,8,652.169278
-2.75,6,652.18501
1.25,5,652.197969
-0.75,1,652.200938
5.75,14,652.236636
1.75,6,652.252569
-0.75,1,652.255534
5.25,13,652.289099
-0.75,1,652.292074
0.75,1,652.294981
23.0,26,652.36288
-0.25,2,652.368543
-0.25,2,652.374382
2.75,8,652.394948
11.75,19,652.444741
13.5,16,652.484668
0.25,3,652.49274
11.25,19,652.538056
1.25,5,652.550461
0.75,1,652.553093
0.25,3,652.560451
16.5,22,652.613079
-0.75,1,652.615954
6.0,12,652.649015
1.75,6,652.664579
9.75,16,652.704528
0.25,3,652.712744
6.75,16,652.754367
0.75,1,652.757304
0.25,3,653.072867
0.75,1,653.075612
3.25,9,653.099329
12.0,20,653.151412
-0.25,2,653.157006
7.25,14,653.193764
14.0,19,653.245721
-0.75,1,653.248851
0.75,1,653.2517
0.25,3,653.259632
12.25,15,653.298575
2.75,8,653.319312
11.75,26,653.388291
7.0,14,653.425344
-0.25,2,653.431023
0.75,1,653.434191
-5.25,10,653.45966
-0.75,1,653.462803
0.75,1,653.465677
-1.25,3,653.47392
-0.25,2,653.47927
7.5,15,653.516587
10.5,21,653.568454
-0.75,1,653.571274
0.25,3,653.579463
3.75,13,653.612261
10.5,21,653.667953
14.75,18,653.71263
-10.25,15,653.751349
-0.25,5,653.76483
4.25,7,653.783673
16.0,19,653.83392
-0.25,2,653.839556
12.0,14,653.875681
0.75,4,653.886464
0.25,3,653.894641
17.0,21,653.949612
4.25,11,653.978349
-0.75,1,653.981405
-0.25,2,653.987007
0.75,1,653.989999
13.5,16,654.032834
11.25,15,654.070862
0.75,4,654.080953
6.25,15,654.12105
-0.75,1,654.123931
1.75,3,654.132066
-0.75,1,654.135236
8.0,19,654.185267
6.5,13,654.217849
0.25,3,654.22549
0.75,4,654.235948
4.25,11,654.264222
0.75,4,654.275925
0.75,1,654.278856
9.5,17,654.320722
-0.75,1,654.323764
1.25,5,654.337556
11.75,15,654.376646
16.0,18,654.730339
7.75,18,654.776176
-0.75,1,654.779227
-6.75,13,654.812298
3.75,10,654.837211
-0.75,1,654.84019
9.0,18,654.887424
6.75,9,654.910318
5.0,13,654.941627
-0.25,2,654.947208
-0.75,1,654.950083
0.25,3,654.95797
2.75,5,654.970924
6.25,12,654.999801
6.75,16,655.041535
-0.75,1,655.044469
-0.25,2,655.049703
0.75,1,655.052595
-0.75,1,655.05552
-0.25,2,655.060962
15.5,22,655.116313
-5.25,10,655.1426
6.25,12,655.172882
0.25,3,655.181098
0.75,1,655.184038
7.5,15,655.227469
-0.25,2,655.232751
14.75,35,655.315314
-0.25,2,655.32021
25.0,26,655.386463
10.25,18,655.432437
-3.0,17,655.476505
-2.25,4,655.486971
-0.75,1,655.490012
-4.25,9,655.513149
2.75,8,655.533647
-0.75,1,655.536561
4.25,8,655.557526
-0.25,2,655.563044
9.25,11,655.591226
13.5,27,655.660452
7.5,21,655.710193
0.25,3,655.717595
2.25,7,655.735766
9.75,17,655.778463
0.75,1,655.781624
2.75,8,655.802094
-3.25,5,655.815605
0.75,1,655.818635
0.25,3,655.826395
12.5,25,655.901391
-0.25,2,655.906493
3.75,10,655.930427
-0.75,1,655.933135
22.75,27,655.998185
0.75,4,656.008601
0.75,1,656.011324
14.0,25,656.407335
10.5,21,656.457662
0.75,13,656.488913
6.25,12,656.517891
10.25,12,656.548452
-0.25,2,656.553803
-0.75,1,656.556634
-0.75,1,656.559386
28.0,46,656.67517
3.25,9,656.700674
18.0,31,656.786423
-0.75,1,656.789428
12.25,24,656.850724
1.75,6,656.866641
-0.75,1,656.869659
6.25,15,656.906858
1.75,6,656.921739
0.25,3,656.928817
13.0,21,656.980413
0.75,1,656.983409
12.5,25,657.048933
-0.25,2,657.05446
2.75,8,657.075583
-0.25,2,657.08125
11.5,17,657.127404
16.75,36,657.221605
-0.75,4,657.232366
0.75,4,657.242411
16.0,18,657.288718
-0.75,1,657.291846
23.0,26,657.359202
-0.75,1,657.362189
-0.75,1,657.364898
16.0,18,657.409295
0.25,3,657.416814
1.25,5,657.428704
3.25,9,657.452045
7.75,12,657.481324
4.75,12,657.508497
15.5,31,657.585319
-0.25,2,657.59063
-0.25,2,657.595841
-0.25,2,657.600998
0.75,4,657.610934
1.25,5,657.623909
-0.25,2,657.629965
-0.75,7,657.64858
-0.25,2,657.654461
-0.75,1,657.65746
8.25,10,657.99341
2.25,7,658.01322
13.25,22,658.067074
6.25,15,658.105091
9.75,22,658.158237
-0.25,2,658.163464
14.0,28,658.233111
3.75,13,658.26614
0.25,3,658.27436
2.25,7,658.291883
0.75,1,658.294784
9.0,18,658.342087
1.75,6,658.357689
14.25,17,658.398054
0.25,6,658.412609
9.75,12,658.442523
-1.25,3,658.450203
-0.75,1,658.453142
-0.75,1,658.45595
0.25,3,658.464042
12.0,17,658.505689
5.75,14,658.541369
3.25,9,658.565065
2.75,8,658.58486
-0.25,2,658.590358
9.0,18,658.637992
17.5,26,658.703868
0.75,4,658.714634
-0.25,2,658.719921
13.0,14,658.756396
5.25,13,658.791284
10.5,21,658.845604
13.0,16,658.885955
0.75,1,658.889013
-0.25,2,658.894209
-0.25,2,658.899425
4.75,15,658.937279
7.75,11,658.963944
-0.75,1,658.966469
2.75,8,658.986164
-0.75,7,659.004209
-0.75,1,659.00702
12.0,24,659.065583
1.75,6,659.081115
0.75,1,659.083744
0.25,3,659.091867
2.75,5,659.104903
1.5,12,659.134398
13.0,15,659.169311
-0.75,1,659.172193
8.5,19,659.218701
0.75,1,659.221464
26.5,42,659.684874
0.75,4,659.706115
3.75,10,659.739374
2.25,17,659.797241
13.0,14,659.832968
3.75,10,659.857404
0.75,1,659.860176
10.75,22,659.911725
-0.75,1,659.914445
2.75,8,659.933864
-0.75,1,659.936501
6.0,12,659.965725
-0.25,2,659.971201
-0.75,1,659.974045
-4.25,6,659.988569
-0.25,2,659.99405
-0.75,1,659.996711
-0.75,1,659.999433
-0.75,1,660.002294
-0.75,1,660.005176
-0.25,2,660.010608
-0.75,1,660.013506
6.75,16,660.052881
11.5,13,660.084469
14.75,18,660.127101
0.75,1,660.129733
15.5,22,660.180592
1.25,5,660.192748
-3.25,5,660.205489
-0.75,1,660.208552
4.25,17,660.250952
10.75,20,660.298408
2.75,17,660.342895
1.75,3,660.351245
0.75,1,660.354108
0.75,1,660.357594
-0.25,2,660.363728
3.75,13,660.398282
3.75,10,660.422064
5.25,13,660.454704
1.25,5,660.466581
-0.75,1,660.469232
6.75,16,660.50936
18.0,27,660.572476
-0.75,1,660.575255
2.75,8,660.594438
2.25,7,660.612171
-0.75,1,660.615076
-0.75,1,660.618215
0.75,1,660.62116
2.25,7,660.639295
36.5,48,660.753274
0.25,3,660.760763
6.75,13,660.793057
5.25,7,660.81092
13.5,27,660.876359
-0.75,1,660.87909
6.25,15,660.920635
9.75,22,661.276996
0.75,1,661.279822
2.75,8,661.299159
14.25,19,661.349819
9.0,18,661.393462
7.25,14,661.427265
0.25,19,661.475875
8.0,16,661.514896
0.25,3,661.52193
4.75,12,661.55094
-0.25,2,661.556165
10.25,17,661.596042
1.5,12,661.625571
11.5,19,661.673656
-0.25,2,661.678334
0.75,1,661.680746
-0.75,1,661.683476
5.25,13,661.715672
3.25,9,661.738073
6.5,13,661.772366
10.5,21,661.829839
12.5,14,661.867102
-0.25,2,661.872658
3.75,13,661.907424
7.0,14,661.943713
7.75,18,661.989573
0.75,1,661.992182
9.0,18,662.035265
3.25,6,662.05002
16.5,24,662.111415
3.25,10,662.135918
4.25,11,662.162508
-0.25,2,662.167554
36.5,48,662.283079
-0.25,2,662.288406
0.75,1,662.291237
18.25,27,662.364015
-0.25,2,662.369454
0.75,1,662.372331
-0.25,2,662.3776
-2.75,9,662.401315
4.75,7,662.419411
0.75,1,662.422366
0.25,6,662.437742
7.25,12,662.466131
-0.75,1,662.468591
3.75,10,662.492985
0.75,1,662.495536
-2.25,7,662.511615
-0.25,2,662.516822
8.75,20,662.867265
23.5,36,662.953362
2.25,7,662.970466
0.25,3,662.977948
0.75,1,662.980954
2.25,7,663.001659
-0.75,1,663.004816
-0.25,2,663.010232
-0.75,1,663.013165
-1.25,1,663.015932
7.5,15,663.052779
-0.75,1,663.055458
5.75,8,663.074582
10.75,11,663.101309
-0.25,2,663.106949
6.25,15,663.144872
9.5,19,663.189736
2.25,13,663.220624
3.75,10,663.243317
2.75,8,663.264196
0.75,4,663.274932
-0.75,1,663.278022
3.75,10,663.303801
0.75,4,663.314638
0.75,1,663.31756
0.25,3,663.325677
0.75,4,663.33752
3.75,13,663.372612
5.25,13,663.405674
9.25,21,663.45999
4.75,12,663.490988
3.75,10,663.516252
-0.25,2,663.521696
3.75,10,663.5482
14.5,18,663.5919
2.25,7,663.609587
-0.25,2,663.614532
1.75,6,663.630745
1.25,5,663.64456
-0.75,1,663.647368
0.75,1,663.650296
0.25,3,663.658205
0.25,3,663.665602
-1.25,3,663.673743
7.25,13,663.704519
4.75,12,663.731966
5.75,14,663.766929
0.75,3,663.774134
9.25,16,663.813807
-0.75,1,663.816487
-1.25,3,663.824173
4.75,12,663.853467
-0.25,2,663.858636
0.25,3,663.866681
16.0,18,663.91237
0.25,6,663.927524
-0.75,1,663.930326
-0.25,2,663.936137
12.5,14,663.969528
-0.75,1,663.972384
6.75,13,664.003837
9.25,18,664.04845
1.75,6,664.063586
12.5,14,664.09897
4.75,12,664.454797
3.25,9,664.476144
14.25,20,664.523641
0.75,4,664.533636
16.5,25,664.592728
11.75,14,664.627339
7.75,18,664.674417
2.75,8,664.69568
29.0,46,664.817442
-0.25,2,664.823021
-0.25,2,664.828509
-0.75,1,664.83147
1.75,6,664.849022
-0.75,1,664.852117
-2.25,4,664.862862
-0.75,1,664.865761
6.75,13,664.89939
10.75,24,664.960915
5.75,20,665.009128
-0.75,1,665.012085
-0.25,2,665.017725
0.75,1,665.020715
24.0,27,665.090456
9.5,19,665.136988
-0.25,5,665.148451
-0.25,2,665.154075
-3.25,5,665.167067
-2.75,6,665.181949
-0.25,2,665.186954
0.25,3,665.194183
-0.75,1,665.19696
3.0,18,665.237961
4.25,12,665.266441
-0.75,1,665.268922
10.75,13,665.299699
4.75,12,665.329629
-2.25,4,665.340284
7.5,15,665.376897
3.75,10,665.401608
1.25,5,665.413634
3.75,10,665.439504
17.5,22,665.496373
0.75,1,665.499184
21.5,27,665.562962
2.25,7,665.579602
13.0,21,665.629515
2.25,7,665.647588
-0.75,1,665.650346
0.75,1,665.65323
7.25,17,665.695388
-0.25,5,665.707716
3.75,10,666.052933
-0.75,1,666.055846
10.75,13,666.086667
-0.75,1,666.089482
15.25,21,666.142279
-0.25,2,666.147198
1.75,3,666.154675
9.25,11,666.181978
1.25,5,666.193817
-0.75,1,666.196419
2.25,7,666.212247
-0.25,2,666.217519
0.75,1,666.220678
6.25,15,666.257856
0.75,1,666.260557
4.75,12,666.289758
-0.75,1,666.292472
1.75,6,666.307755
8.5,17,666.349591
-0.25,2,666.355228
3.75,16,666.3958
-0.75,10,666.421555
-2.25,7,666.440367
10.5,21,666.494758
0.25,3,666.502794
0.75,1,666.505685
9.0,18,666.551129
-0.75,1,666.554062
5.25,13,666.588091
1.75,6,666.604003
0.75,1,666.60707
0.25,3,666.615168
7.5,15,666.655374
15.5,34,666.737319
7.75,18,666.782483
5.25,10,666.810211
6.5,13,666.84499
17.25,24,666.90499
0.25,3,666.912407
-0.75,1,666.915264
14.5,29,666.986111
21.5,33,667.06755
5.25,13,667.101274
0.75,1,667.104231
-12.75,16,667.143658
14.0,22,667.195656
4.75,12,667.224663
0.75,1,667.227487
11.0,22,667.279338
0.75,1,667.282282
11.25,17,667.324322
8.75,20,667.681666
5.75,11,667.707823
0.25,3,667.715809
12.5,25,667.778231
10.0,20,667.830355
-0.25,2,667.836133
9.0,15,667.875271
7.25,17,667.919151
3.75,10,667.945307
2.25,7,667.963976
7.25,14,668.000348
12.5,17,668.043969
19.0,30,668.121454
-0.75,1,668.12448
6.75,16,668.166538
-3.25,5,668.179986
1.25,5,668.192776
13.5,27,668.257785
0.75,4,668.267688
10.5,21,668.316246
19.75,26,668.386344
0.25,3,668.394693
0.75,4,668.405483
-3.25,5,668.418958
9.5,19,668.469197
22.0,28,668.536899
0.75,1,668.539848
6.25,14,668.57368
0.75,1,668.576495
1.75,6,668.590538
2.25,16,668.632645
4.75,12,668.662484
4.75,15,668.698494
8.75,19,668.742013
11.25,22,668.799187
5.75,18,668.844406
8.25,15,668.883996
-4.75,11,668.913219
-0.75,1,668.916189
0.25,3,668.924005
8.0,16,669.267635
11.5,15,669.303302
3.75,10,669.32958
7.75,15,669.369769
7.25,17,669.412019
-1.75,5,669.424399
2.25,7,669.444168
-0.75,1,669.447257
-0.75,1,669.450305
20.5,28,669.524385
2.75,8,669.545877
-0.25,2,669.551437
13.5,17,669.5962
-0.75,1,669.59931
9.5,19,669.649565
1.75,6,669.665563
12.0,16,669.707322
-0.75,1,669.711981
3.75,10,669.738988
10.75,15,669.776643
-4.75,11,669.80546
-0.25,2,669.811018
-1.25,3,669.818901
13.0,14,669.853484
9.5,16,669.894471
-6.25,8,669.915764
1.75,6,669.929705
-0.75,1,669.932332
-0.25,2,669.937595
4.25,14,669.970379
12.0,14,670.00474
10.25,15,670.039897
-0.25,2,670.044768
1.25,5,670.056333
0.75,4,670.065876
-0.75,1,670.06839
20.5,37,670.156809
-0.75,1,670.159465
7.5,15,670.195544
-2.25,4,670.20517
0.75,1,670.207912
-3.25,5,670.220088
0.75,4,670.229532
10.75,24,670.289724
0.75,1,670.292456
5.75,14,670.326982
8.0,15,670.364282
-0.75,1,670.366908
7.75,18,670.411515
10.5,12,670.441092
0.75,4,670.451134
4.75,12,670.479287
0.75,4,670.48911
-0.75,1,670.492457
2.25,7,670.513641
-5.25,7,670.534081
2.75,8,670.852448
17.5,21,670.906934
3.75,10,670.932389
8.5,17,670.972502
5.25,10,670.995561
-0.75,1,670.998047
4.25,14,671.033394
17.5,21,671.083933
-6.75,13,671.117416
0.75,1,671.120116
-0.25,2,671.125723
9.5,22,671.183022
0.75,4,671.193517
6.0,12,671.223223
-0.75,1,671.226197
8.25,15,671.264672
0.75,1,671.267725
9.5,19,671.315291
10.5,20,671.365378
5.75,14,671.401711
-0.75,1,671.404361
3.75,16,671.443639
5.75,11,671.469367
6.0,15,671.507107
1.75,6,671.523741
6.25,15,671.561705
0.75,1,671.565057
-9.25,14,671.599674
7.25,17,671.643827
-0.75,1,671.646941
3.75,10,671.673218
-1.25,3,671.68102
4.25,11,671.707752
-0.75,1,671.710773
0.75,4,671.72112
11.25,37,671.813418
6.0,24,671.870769
7.75,18,671.918761
-0.75,1,671.9217
8.5,17,671.964656
6.5,13,671.99489
-0.25,2,672.000771
10.25,14,672.036806
15.5,19,672.08927
-0.75,1,672.09175
7.25,17,672.437245
-0.25,2,672.442818
2.25,7,672.460651
12.75,25,672.522675
6.25,14,672.556324
0.75,1,672.558976
5.75,11,672.588687
-0.25,2,672.594608
2.25,7,672.614053
-4.75,17,672.660991
-0.25,2,672.66685
6.75,16,672.709177
12.0,18,672.757288
1.25,14,672.795236
4.75,12,672.82721
2.25,4,672.837739
1.25,5,672.851291
4.75,18,672.89629
13.0,15,672.936678
10.75,11,672.965833
12.5,25,673.0248
-0.25,2,673.030361
14.0,23,673.087677
17.5,26,673.150573
0.25,3,673.158603
-3.25,5,673.172856
-0.75,1,673.175564
13.0,26,673.241162
0.75,10,673.265466
3.75,10,673.290555
2.25,7,673.307557
0.25,3,673.315178
-0.75,1,673.317957
3.75,10,673.345314
-0.75,1,673.348372
1.75,6,673.363457
4.75,12,673.394371
-0.25,2,673.399948
5.25,13,673.433994
-0.25,2,673.439743
20.5,39,673.537589
0.75,1,673.540338
0.25,3,673.547678
-1.25,3,673.554787
-0.25,5,673.566564
23.0,24,673.625404
0.75,4,673.634984
8.25,13,673.667293
1.25,5,673.679706
1.75,6,673.69417
5.75,14,673.728014
-0.25,2,673.732854
14.0,24,674.100679
5.25,13,674.131947
13.0,21,674.183539
-0.25,2,674.189143
-0.25,2,674.194656
0.75,1,674.197618
16.5,23,674.257689
7.0,14,674.293407
27.0,39,674.395552
13.5,20,674.44972
-0.75,1,674.452457
0.75,1,674.455613
-0.75,1,674.458508
2.75,8,674.478766
4.25,11,674.505908
0.75,4,674.516598
18.25,29,674.590378
1.25,5,674.60369
-0.75,1,674.606583
0.25,3,674.614657
-11.25,13,674.647316
1.75,12,674.679678
-4.25,10,674.705446
6.75,16,674.744563
23.0,26,674.811323
-0.25,2,674.816692
2.25,7,674.834128
0.75,4,674.843777
2.25,7,674.862458
6.75,13,674.896172
7.25,17,674.938676
1.25,5,674.951771
10.5,24,675.013295
4.75,7,675.031364
15.0,19,675.078046
-2.25,7,675.096069
-0.25,2,675.101434
-0.25,2,675.106495
2.75,8,675.126388
1.25,5,675.138673
5.75,11,675.165064
2.25,7,675.182408
-0.25,2,675.187577
19.0,24,675.24651
6.25,12,675.276405
0.75,1,675.279164
-1.75,14,675.314165
8.75,20,675.683722
9.5,17,675.725889
-0.75,1,675.728767
-0.25,2,675.733553
9.0,18,675.780306
11.25,17,675.824713
4.0,20,675.875294
5.25,13,675.908998
0.75,1,675.912062
0.75,1,675.914976
12.0,13,675.948431
9.25,14,675.985321
0.75,4,675.995623
0.75,1,675.999361
-0.75,1,676.002445
3.75,10,676.028929
4.0,20,676.079811
15.5,34,676.163221
8.25,19,676.210733
9.5,19,676.257136
6.75,13,676.288003
2.75,8,676.307762
11.5,23,676.366896
8.5,17,676.409466
1.25,5,676.422714
7.5,18,676.46979
3.75,13,676.500316
3.75,16,676.53982
21.5,30,676.609502
-0.75,1,676.612531
5.25,13,676.645748
4.75,7,676.664557
-0.25,2,676.670147
-0.25,2,676.676145
-1.25,3,676.68438
4.25,11,676.71156
-0.75,1,676.714548
9.5,19,676.762714
8.0,16,676.804398
-0.75,1,676.807614
-1.75,11,676.843987
29.0,46,676.987442
13.5,27,677.390358
0.25,3,677.398504
14.0,28,677.474235
4.5,12,677.50645
0.75,4,677.517157
0.75,1,677.52017
0.75,1,677.52299
4.25,11,677.55134
-0.75,1,677.554241
2.25,7,677.57263
-0.75,1,677.575686
-3.25,5,677.589091
0.25,3,677.597593
-0.75,1,677.60059
9.5,16,677.641809
0.75,4,677.653012
1.75,6,677.668763
9.5,19,677.71926
11.0,22,677.776533
8.0,16,677.81831
6.75,16,677.859469
23.0,46,677.983238
6.25,12,678.016167
15.5,22,678.074195
5.25,16,678.11928
17.5,28,678.189273
6.25,15,678.225736
9.25,21,678.279185
6.25,15,678.317224
4.75,15,678.357416
-15.25,17,678.400602
3.75,10,678.425349
1.75,18,678.473605
10.5,15,678.512589
-0.75,1,678.515526
-1.25,3,678.523937
0.25,3,678.531793
-0.75,1,678.534816
11.0,22,678.591166
0.75,1,678.594141
14.5,29,678.668841
-0.75,1,678.671469
-0.25,2,679.00974
-0.75,1,679.01285
13.5,20,679.070601
-0.25,2,679.076158
10.75,24,679.1393
13.5,27,679.211377
6.75,16,679.25414
4.25,11,679.283671
-0.75,1,679.28688
0.25,3,679.295321
0.25,6,679.311731
0.75,1,679.314604
5.75,14,679.352662
0.75,1,679.355675
3.25,9,679.377606
0.75,1,679.380451
2.75,8,679.400209
3.75,10,679.424913
-0.75,1,679.427561
9.5,19,679.475168
8.75,21,679.524314
-1.25,3,679.53254
0.75,4,679.543143
-0.25,2,679.548576
8.0,16,679.588885
9.75,12,679.616409
11.0,32,679.693955
1.75,6,679.709984
-0.75,1,679.713156
1.25,5,679.726988
-0.25,2,679.732506
-8.25,13,679.765696
5.25,13,679.800996
13.5,16,679.842235
14.0,19,679.894964
1.75,6,679.912809
5.25,11,679.948908
13.5,20,680.001817
-10.25,12,680.031792
0.75,4,680.042917
12.5,25,680.113177
-0.75,1,680.116194
9.25,15,680.155062
-0.75,1,680.157925
5.75,14,680.193878
15.5,31,680.270802
0.75,1,680.27379
-0.75,1,680.276751
13.5,27,680.347126
3.5,16,680.79089
16.5,33,680.875794
0.75,4,680.886301
4.25,11,680.914915
8.25,15,680.953848
-0.25,2,680.959716
26.5,37,681.051955
0.75,4,681.062344
4.25,16,681.104126
1.25,5,681.117708
-0.25,2,681.123049
-0.25,2,681.128407
1.75,6,681.143477
8.0,16,681.18514
4.75,12,681.214581
14.5,26,681.278393
9.75,22,681.332203
5.75,14,681.367061
10.5,21,681.421549
-3.25,5,681.433812
25.25,42,681.53808
16.5,33,681.620511
18.0,27,681.683281
8.75,20,681.730171
-9.75,13,681.765295
-3.25,5,681.777636
3.75,10,681.802681
-0.25,2,681.807863
16.5,24,681.864299
12.75,28,681.929995
24.0,27,681.995299
-0.75,1,681.997761
11.25,18,682.350345
0.25,3,682.35864
9.0,18,682.404917
6.0,12,682.436437
0.75,1,682.439706
1.25,5,682.453202
1.25,17,682.497119
0.75,1,682.500146
18.75,31,682.579212
10.0,20,682.628765
0.75,4,682.63958
2.25,7,682.656666
23.5,31,682.731614
-3.25,5,682.746489
11.5,23,682.805755
6.5,13,682.837616
-3.75,4,682.847545
4.75,12,682.875928
-14.25,16,682.919111
7.25,17,682.967971
13.0,20,683.017209
15.5,29,683.086787
6.75,16,683.128042
10.25,12,683.158575
5.25,13,683.189276
0.75,1,683.191908
0.75,4,683.201679
7.5,21,683.251625
-8.25,10,683.274589
0.75,1,683.2772
5.75,14,683.309555
0.75,1,683.312465
7.5,15,683.350853
1.75,4,683.361175
-12.25,17,683.402122
6.75,22,683.456081
8.25,16,683.49496
5.25,13,683.527851
-0.25,2,683.533077
-2.25,32,683.611498
-0.75,1,683.614111
2.25,7,683.941688
-0.75,1,683.944698
22.0,31,684.028869
5.25,13,684.063074
-0.25,2,684.068632
3.25,9,684.093055
0.25,3,684.101319
20.5,37,684.195684
-0.25,2,684.200765
-1.75,11,684.226841
7.75,18,684.270358
9.5,16,684.308995
0.75,1,684.311564
3.0,21,684.365831
9.25,21,684.415993
4.25,14,684.45082
-0.25,2,684.45612
9.0,18,684.50166
4.75,12,684.531492
2.75,8,684.550741
-0.75,1,684.553536
0.75,1,684.556376
6.25,15,684.593402
9.75,16,684.633937
14.5,29,684.703602
-6.25,8,684.721775
14.0,28,684.793362
13.5,20,684.842642
0.75,1,684.845419
1.25,5,684.858497
18.75,36,684.944699
6.75,13,684.976362
3.25,9,684.998701
0.75,1,685.001572
0.25,3,685.009715
4.75,12,685.038602
-4.75,17,685.078894
13.25,17,685.119555
-0.75,1,685.122368
-0.75,1,685.125495
8.25,16,685.165908
6.75,16,685.203281
-0.25,2,685.208073
0.75,1,685.517406
1.75,6,685.533457
6.25,15,685.572466
-0.25,2,685.577993
-3.25,5,685.591626
6.25,15,685.630476
10.75,21,685.687645
14.0,21,685.740111
10.5,12,685.774144
10.25,15,685.818753
11.0,22,685.871927
0.75,4,685.881481
-0.75,1,685.884079
-0.25,2,685.889227
-5.75,12,685.917572
0.75,1,685.920096
16.5,19,685.966457
6.25,11,685.993538
6.5,13,686.024828
1.25,14,686.058511
-0.25,2,686.063551
11.75,15,686.099623
-0.75,1,686.102457
-0.25,2,686.107949
0.75,4,686.118002
8.25,14,686.154058
9.0,18,686.198868
-3.75,13,686.230971
1.75,6,686.245474
1.25,18,686.289097
10.5,12,686.317192
0.75,1,686.319855
-0.75,1,686.322885
8.25,16,686.363971
4.25,9,686.385985
-0.75,1,686.388852
5.25,13,686.41896
13.0,26,686.482389
1.75,6,686.496945
8.0,16,686.535635
-5.25,7,686.553784
4.25,11,686.580637
23.0,24,686.636485
0.75,4,686.646821
17.5,23,686.703124
1.25,5,686.714709
6.25,12,686.743499
-0.25,5,686.756609
4.25,11,686.783009
5.25,13,687.126414
6.75,16,687.1699
-2.25,4,687.18069
3.25,9,687.205446
12.0,19,687.254477
4.75,12,687.285842
2.75,8,687.305527
7.0,14,687.342333
10.5,21,687.396556
3.75,10,687.42119
6.75,16,687.462836
-13.25,15,687.500865
0.75,4,687.511492
2.75,8,687.530733
9.25,21,687.582551
4.75,12,687.61224
0.75,1,687.615393
0.75,1,687.61861
7.5,15,687.655515
8.25,15,687.693669
23.5,31,687.772246
13.0,26,687.841098
1.75,3,687.84956
-2.25,4,687.86029
0.75,1,687.86299
0.75,4,687.873262
-0.25,2,687.878492
-4.75,15,687.914357
-4.25,6,687.930267
6.5,13,687.962684
11.5,23,688.018552
0.75,1,688.021298
-0.75,1,688.024205
-0.75,1,688.027005
16.0,18,688.069367
16.25,20,688.119131
13.75,30,688.193326
8.25,14,688.229864
10.25,15,688.267312
20.5,41,688.37235
0.75,1,688.375525
-0.75,1,688.378489
10.0,20,688.763124
3.75,10,688.789933
20.5,28,688.86396
0.75,4,688.874097
0.75,1,688.877024
1.25,5,688.889445
0.25,3,688.896869
-2.25,11,688.922937
0.75,1,688.925883
0.25,3,688.933944
9.25,13,688.965435
-0.25,2,688.97068
0.75,4,688.980844
-0.75,1,688.98364
-0.75,1,688.986393
0.25,3,688.994058
-0.75,1,688.996918
3.75,10,689.021845
6.5,13,689.052984
-1.25,5,689.065593
3.25,6,689.081771
0.75,1,689.084487
13.75,18,689.127105
-0.75,1,689.129877
-0.75,1,689.132695
12.0,17,689.175428
-0.75,1,689.178435
2.75,14,689.213225
4.75,15,689.250733
-0.75,1,689.253495
5.25,13,689.284039
8.75,23,689.341529
-0.75,1,689.344387
0.25,3,689.352597
13.5,27,689.418899
-0.75,1,689.421979
1.25,5,689.435828
2.75,5,689.4495
7.25,17,689.494889
-0.75,1,689.497833
2.75,8,689.518923
0.75,1,689.521981
-0.25,2,689.52777
0.25,6,689.543811
-10.75,14,689.579049
0.25,3,689.586222
-0.75,1,689.588703
-0.25,2,689.593924
3.75,10,689.619749
0.25,3,689.627502
13.0,14,689.660002
0.75,1,689.662853
1.75,6,689.677652
0.25,3,689.685301
6.25,15,689.720211
-1.25,3,689.728003
-0.75,1,689.730954
-0.75,1,689.73371
6.75,13,689.767106
7.75,18,689.813308
-2.25,4,689.823448
-0.75,1,689.826623
7.25,17,689.870703
6.25,9,689.899853
5.5,17,689.943128
-3.25,5,689.956344
0.75,4,689.966513
13.25,19,690.013426
0.75,1,690.015996
-1.25,6,690.032869
6.75,16,690.415837
20.0,28,690.489153
0.25,3,690.497294
18.0,23,690.557789
7.25,17,690.600858
2.25,16,690.643337
-0.75,1,690.646263
4.75,12,690.67812
-0.25,2,690.683449
1.75,6,690.69919
8.75,14,690.735443
4.25,11,690.763927
19.5,30,690.841433
1.25,5,690.855704
10.25,15,690.899233
-0.75,1,690.902413
6.75,13,690.936159
-0.75,1,690.93925
-0.75,1,690.942338
-0.75,1,690.945334
10.5,21,691.002243
-0.25,5,691.01633
-0.25,2,691.022506
-0.25,2,691.028895
-0.25,2,691.035505
-0.25,2,691.041483
-1.75,5,691.055478
12.75,17,691.101845
9.75,22,691.161455
1.75,6,691.178945
1.75,3,691.187167
6.25,15,691.226953
-0.75,1,691.229849
7.5,15,691.269541
0.75,1,691.272543
9.75,22,691.339404
4.75,12,691.371999
-0.75,1,691.3753
-0.75,1,691.378229
13.0,16,691.419635
0.25,3,691.428264
-0.25,2,691.433875
-0.75,1,691.437418
12.0,16,691.48091
0.75,1,691.48383
0.25,3,691.491963
0.25,3,691.500473
1.25,5,691.513842
-0.75,1,691.516816
-0.75,1,691.519733
10.75,24,691.588226
12.75,19,691.643855
0.75,1,691.646762
-2.25,4,691.657722
8.75,13,691.690607
1.75,6,691.705682
-0.25,2,691.711099
3.75,10,691.735806
-0.25,2,691.74131
7.0,14,692.094591
2.25,7,692.113226
-0.75,1,692.116129
-0.25,2,692.121485
0.25,3,692.129479
-0.75,1,692.132481
8.25,19,692.179394
13.0,16,692.220668
-0.75,1,692.223393
0.75,1,692.2262
28.0,46,692.344998
19.0,20,692.392931
-0.75,1,692.395544
0.25,3,692.402757
6.25,12,692.430959
4.25,11,692.459293
0.25,3,692.467191
2.75,8,692.485716
0.75,4,692.495067
17.5,23,692.548844
-0.75,1,692.551666
-2.25,4,692.56198
1.75,6,692.576963
8.75,20,692.622017
-0.25,5,692.633854
-0.25,2,692.638762
2.25,7,692.655067
2.25,7,692.671886
-0.75,1,692.674523
26.5,37,692.762699
4.75,12,692.794352
14.75,22,692.849588
-0.75,1,692.852373
7.25,17,692.895701
6.75,12,692.925495
9.0,18,692.968448
2.25,6,692.983525
0.25,3,692.990707
8.0,16,693.029634
15.75,20,693.080323
4.25,14,693.115386
0.75,4,693.125832
4.25,11,693.152915
9.25,12,693.183122
4.25,11,693.210394
13.0,19,693.256771
0.75,4,693.267911
16.5,22,693.324578
3.75,10,693.348815
6.25,15,693.708186
12.5,25,693.767964
-0.25,2,693.773349
0.25,3,693.780893
-0.75,1,693.783464
3.25,7,693.803232
13.0,14,693.838254
13.25,27,693.904607
1.75,6,693.919359
-0.75,1,693.922081
0.75,1,693.924889
18.75,24,693.985345
0.25,3,693.993021
6.25,15,694.029999
0.75,4,694.039865
0.25,3,694.047067
-0.75,1,694.050389
8.5,17,694.09469
-0.75,1,694.097348
-0.25,2,694.102632
-0.25,2,694.108046
7.25,14,694.142921
-0.25,2,694.14838
8.25,19,694.19497
9.25,21,694.245505
2.75,5,694.258044
-0.25,2,694.263281
0.75,1,694.266197
19.0,20,694.319758
4.75,12,694.348927
-0.75,1,694.351674
-3.5,17,694.392855
11.5,19,694.441904
-0.25,2,694.447431
0.75,1,694.45022
-0.75,1,694.453011
14.5,21,694.505003
4.25,11,694.532275
-0.75,1,694.535187
10.75,16,694.575092
-0.75,1,694.577825
-0.25,2,694.583165
-2.75,18,694.628782
11.25,13,694.662245
7.0,14,694.69671
1.25,5,694.70883
6.5,13,694.74001
0.75,1,694.742646
3.75,13,694.77683
13.5,19,694.826855
3.25,15,694.862519
-0.75,1,694.86551
4.75,12,694.894229
-2.25,4,694.90431
0.25,3,694.912675
10.0,17,694.955708
-0.25,2,694.961363
2.75,8,695.296137
9.75,17,695.340317
3.75,13,695.371543
7.5,15,695.407873
-0.25,2,695.413161
3.25,16,695.454832
4.75,12,695.484556
0.75,1,695.487389
14.0,23,695.541572
17.0,23,695.599652
3.25,9,695.620724
0.75,1,695.623628
0.75,1,695.626546
16.75,25,695.688403
1.25,5,695.700409
-0.75,1,695.703274
8.5,17,695.743754
1.75,6,695.759387
2.75,8,695.780349
8.75,20,695.830634
11.0,17,695.873215
0.25,3,695.880997
0.75,1,695.883765
-0.25,2,695.889079
2.75,6,695.903284
9.5,16,695.946255
15.0,19,695.993006
2.25,7,696.010839
1.75,6,696.025971
9.5,19,696.07493
3.25,9,696.09823
13.0,14,696.131426
-0.75,1,696.134259
5.75,14,696.169024
0.25,3,696.177023
5.75,17,696.218734
6.25,12,696.247955
0.75,1,696.251234
15.0,17,696.296131
0.75,1,696.29914
0.75,4,696.310155
5.75,14,696.346846
0.75,1,696.349543
2.75,8,696.375485
-0.25,2,696.380405
-0.75,1,696.3833
8.0,16,696.42198
8.75,13,696.456189
1.25,5,696.468859
-0.25,2,696.47344
0.75,1,696.476394
4.75,12,696.506222
0.75,1,696.508942
2.75,8,696.529384
4.75,12,696.559888
5.25,13,696.911958
-0.75,1,696.91487
0.75,4,696.924458
9.25,12,696.953565
4.75,12,696.98221
4.75,12,697.010548
31.0,34,697.094091
3.25,9,697.116304
-6.0,21,697.167696
-0.25,2,697.173167
14.75,31,697.246826
-0.75,10,697.272137
6.25,15,697.310086
0.75,1,697.312904
-1.75,8,697.33421
8.25,16,697.375624
0.25,3,697.383131
2.75,8,697.403308
1.75,6,697.419223
4.25,11,697.448069
-0.25,2,697.453684
-0.75,1,697.456681
4.25,11,697.48439
3.25,9,697.505265
0.75,4,697.515245
0.25,9,697.536559
3.75,10,697.561429
0.25,3,697.569146
-0.25,2,697.574736
1.75,6,697.590283
8.25,19,697.636535
14.0,17,697.678505
3.75,10,697.702796
-0.75,1,697.70543
1.75,6,697.719988
-2.75,9,697.740706
0.75,4,697.750502
0.75,1,697.753017
0.75,4,697.764113
7.75,11,697.7911
0.75,1,697.794023
0.25,3,697.801961
0.75,4,697.81257
1.75,6,697.827901
2.75,8,697.84763
-0.75,7,697.865313
10.5,19,697.910072
1.25,5,697.922851
-0.25,2,697.927654
-0.25,2,697.933337
0.75,3,697.94092
-0.25,2,697.946046
19.0,24,698.00307
0.75,4,698.012516
1.75,6,698.026496
1.75,6,698.039896
13.0,26,698.107411
-0.75,6,698.123385
16.5,19,698.491805
-0.75,1,698.494859
0.25,3,698.502911
15.75,23,698.56232
2.25,7,698.57966
-2.25,4,698.589683
8.0,19,698.64059
-0.75,1,698.643634
-0.25,2,698.649068
7.25,14,698.685265
11.25,25,698.746152
4.25,11,698.774083
1.75,6,698.78873
2.25,7,698.806621
0.75,1,698.809381
5.75,9,698.832211
13.5,16,698.872788
0.75,1,698.875824
-5.75,12,698.904619
7.25,17,698.945132
9.0,18,698.987765
5.75,13,699.017877
13.0,26,699.080854
9.5,17,699.126421
1.75,6,699.14125
-2.75,9,699.164349
3.75,10,699.189233
1.25,5,699.201986
-2.25,4,699.211961
1.75,6,699.228235
0.75,1,699.23114
20.5,41,699.336134
-0.75,1,699.339148
0.75,4,699.348786
-0.75,1,699.352121
9.25,21,699.40632
1.25,5,699.418637
-0.75,1,699.421255
-0.75,1,699.424296
0.25,3,699.432437
14.0,23,699.488391
0.75,1,699.491364
7.75,18,699.53478
5.25,8,699.554574
7.25,17,699.599556
6.25,15,699.63666
2.25,7,699.654748
6.0,12,699.685734
6.5,13,699.719461
10.5,21,699.773367
2.25,7,700.101258
0.75,4,700.111944
1.25,5,700.124635
-0.75,1,700.127317
0.75,23,700.185635
7.75,18,700.228482
-0.75,1,700.231159
0.25,3,700.238595
23.5,31,700.315862
0.75,1,700.318798
-0.75,1,700.32147
-3.75,7,700.339792
13.5,24,700.401959
2.75,8,700.422215
-4.25,9,700.444931
12.0,20,700.493201
-0.75,1,700.49572
25.0,26,700.556791
8.75,23,700.612241
0.75,1,700.615221
5.25,22,700.671191
9.75,22,700.725223
-0.75,1,700.728215
5.25,13,700.759077
-0.75,1,700.76234
10.75,13,700.794773
8.75,12,700.825102
3.25,9,700.847785
7.75,17,700.889808
1.75,6,700.904877
0.75,4,700.91483
4.75,12,700.944861
6.75,16,700.984635
3.75,10,701.009154
11.75,26,701.074588
0.25,3,701.082495
0.75,1,701.085224
6.75,16,701.130208
0.25,3,701.138114
-0.75,1,701.140905
0.25,3,701.148861
-0.75,1,701.151579
10.0,20,701.200238
13.25,20,701.246068
-0.75,1,701.248951
0.75,1,701.251799
0.75,1,701.25479
-0.75,1,701.2578
8.5,17,701.302807
0.75,4,701.313309
0.75,1,701.316248
1.25,5,701.329694
4.75,12,701.360744
-9.25,14,701.715225
7.75,18,701.759419
6.75,16,701.801247
0.75,1,701.804184
-0.75,1,701.807113
12.0,14,701.843293
9.0,15,701.881239
1.25,5,701.893683
3.25,9,701.917051
0.25,3,701.92514
-0.75,1,701.927916
-0.75,1,701.930804
-1.25,3,701.938684
0.75,1,701.941528
0.75,1,701.94435
-0.75,1,701.947146
14.5,16,701.985909
13.75,17,702.027052
10.0,20,702.074337
1.75,6,702.088281
-0.75,10,702.115487
0.25,3,702.123814
6.75,16,702.164088
6.25,15,702.199278
0.25,3,702.207751
12.5,25,702.268312
2.75,8,702.289863
0.75,4,702.301381
-0.75,1,702.304335
0.75,4,702.315129
-0.75,1,702.317962
7.5,21,702.369679
8.0,16,702.408617
1.25,5,702.422047
0.75,1,702.42525
5.75,14,702.462065
3.25,9,702.484345
6.0,12,702.512185
1.25,5,702.523435
-0.75,1,702.526165
-0.25,2,702.531487
14.0,28,702.59799
-0.75,1,702.600808
1.25,5,702.613237
0.75,1,702.615912
-0.25,2,702.620884
13.0,18,702.665147
0.25,3,702.673089
4.25,11,702.700102
4.25,11,702.726609
5.75,14,702.759417
15.5,31,702.83756
-0.75,1,702.840531
0.75,1,702.843468
9.25,21,702.898408
-0.75,1,702.90142
15.0,19,702.950981
-0.75,1,702.953993
-2.25,4,702.964714
0.75,1,702.967682
16.0,26,703.362898
19.0,28,703.432804
-0.75,1,703.436119
-0.25,5,703.450104
7.0,14,703.48618
0.75,1,703.488994
0.75,1,703.491882
-0.75,1,703.494579
-5.75,12,703.522309
-0.75,1,703.524895
-0.25,2,703.530127
-0.25,2,703.535408
9.25,21,703.589477
5.25,16,703.627823
0.75,1,703.631167
0.75,1,703.634835
16.5,25,703.699901
2.75,8,703.720442
0.75,4,703.731461
0.75,4,703.741729
2.25,7,703.758807
-0.25,2,703.765188
-1.25,3,703.773443
0.75,4,703.784438
-0.75,10,703.810588
-0.75,1,703.813576
3.75,10,703.839207
-2.25,25,703.900435
7.5,15,703.938938
0.25,19,703.986439
8.25,19,704.033555
11.25,16,704.072844
3.25,9,704.096844
-6.75,7,704.114585
5.25,13,704.149694
-1.25,3,704.157832
18.0,25,704.220379
10.75,22,704.276664
0.25,3,704.285144
0.75,1,704.288307
0.75,1,704.291595
-0.75,1,704.29493
8.25,15,704.333425
0.75,1,704.336149
-9.25,14,704.37041
14.0,25,704.434771
0.75,1,704.437891
4.75,9,704.463022
5.75,11,704.491801
-0.25,2,704.497379
0.75,1,704.50038
7.75,14,704.537368
1.25,5,704.550847
-0.25,2,704.556369
-3.25,5,704.569746
-0.25,2,704.575234
1.75,6,704.591159
9.0,18,704.95536
16.0,19,705.004502
0.25,3,705.012536
1.25,5,705.025912
-1.25,3,705.033788
-3.5,29,705.105841
-4.75,17,705.150341
17.5,21,705.202147
11.75,25,705.263577
5.75,14,705.301953
1.75,6,705.319356
2.25,8,705.340108
16.0,18,705.383596
-0.25,2,705.388694
-0.25,2,705.394203
0.25,6,705.40934
14.5,16,705.450054
3.75,10,705.476418
4.75,12,705.507759
8.0,13,705.541232
0.75,1,705.544168
-0.25,2,705.549487
-0.25,2,705.554416
9.5,17,705.596426
31.0,34,705.678815
-0.75,1,705.681657
-0.75,1,705.684472
-0.75,1,705.687235
0.25,3,705.695096
6.25,15,705.731272
7.5,21,705.78201
18.0,25,705.843895
8.75,20,705.890436
3.25,9,705.910886
14.0,22,705.961494
9.5,19,706.011982
6.75,17,706.056136
8.0,16,706.098324
0.25,3,706.1063
4.75,12,706.138746
0.75,1,706.141783
-0.25,2,706.1476
2.25,7,706.166314
0.75,4,706.176894
-0.25,2,706.182411
0.25,3,706.190195
-0.25,2,706.195632
1.75,6,706.210854
2.25,4,706.221431
12.5,25,706.674656
-0.25,2,706.680235
-5.25,7,706.69849
17.0,22,706.752141
8.25,19,706.802054
-4.75,8,706.823072
-0.75,1,706.826234
1.25,5,706.838996
13.5,21,706.889557
8.5,17,706.932911
0.25,18,706.974957
13.0,32,707.054696
7.75,18,707.101316
6.25,15,707.13929
1.25,5,707.15246
8.25,14,707.188546
31.0,34,707.274091
1.75,6,707.289307
5.75,11,707.318451
-0.75,1,707.321585
0.75,1,707.32461
1.25,5,707.33762
-0.75,1,707.340689
8.25,16,707.379009
0.75,1,707.381745
-0.25,2,707.386889
-0.25,2,707.392306
-0.75,1,707.395159
8.75,13,707.427261
6.75,16,707.467182
-0.25,2,707.472089
12.0,14,707.50612
-0.75,1,707.509151
6.25,15,707.546812
8.0,16,707.583232
13.0,18,707.626466
4.25,17,707.671613
5.75,11,707.699831
-0.75,1,707.702615
-5.25,25,707.764668
6.25,15,707.804377
0.25,3,707.812457
-0.25,2,707.81783
1.25,5,707.830421
11.25,25,707.892535
14.5,29,708.276434
-0.75,1,708.279429
0.75,1,708.282558
5.75,11,708.311277
5.25,13,708.342965
9.5,19,708.389102
4.25,11,708.416566
11.75,26,708.482378
1.25,5,708.494611
4.25,11,708.520965
-4.25,9,708.544869
2.75,8,708.565603
-11.75,21,708.613988
10.0,20,708.667338
4.75,12,708.696659
12.5,25,708.758805
16.0,28,708.832103
0.75,1,708.835079
-4.25,28,708.900439
6.25,15,708.937879
12.5,25,708.99788
-0.25,2,709.003266
4.75,12,709.032279
0.25,3,709.039733
14.5,16,709.077987
18.0,27,709.141565
0.25,3,709.148626
6.25,15,709.186977
12.0,24,709.249966
3.5,16,709.291418
12.75,17,709.33721
3.75,16,709.378484
0.25,3,709.386257
16.75,22,709.442728
11.25,20,709.490557
3.25,12,709.84359
-0.25,2,709.848751
8.0,16,709.888087
4.75,12,709.917148
13.25,22,709.970842
9.5,22,710.024094
7.25,17,710.064764
-0.25,2,710.070091
0.75,4,710.080304
0.75,4,710.089945
0.25,6,710.10531
16.0,30,710.177988
17.5,26,710.241656
0.75,1,710.244443
-0.25,2,710.249775
-12.25,14,710.284411
0.5,13,710.317685
1.25,5,710.329976
16.25,30,710.403077
2.25,7,710.420182
11.5,29,710.489597
2.25,29,710.556529
16.5,19,710.602442
16.0,18,710.646487
6.25,15,710.682451
6.75,13,710.714807
0.0,33,710.801308
11.5,22,710.858347
4.75,14,710.894445
13.5,20,710.946387
9.5,22,711.002203
-0.75,1,711.00504
-0.75,1,711.007977
5.25,13,711.039754
10.5,12,711.068977
24.5,30,711.465986
2.25,7,711.484159
1.25,5,711.496617
0.75,1,711.499279
-0.25,2,711.50393
-1.25,3,711.511614
7.25,17,711.553945
9.0,16,711.593932
9.25,21,711.6475
-1.25,6,711.662498
8.5,17,711.705087
4.25,11,711.733144
1.75,6,711.749157
0.75,1,711.752017
0.25,3,711.760082
9.5,16,711.803689
10.5,24,711.864317
5.5,17,711.905352
13.25,16,711.946049
0.75,1,711.94914
-0.75,1,711.952094
1.75,6,711.967387
0.25,3,711.974659
14.0,25,712.03606
7.25,17,712.076935
6.25,15,712.115162
-4.25,9,712.138797
9.0,18,712.18342
-0.25,2,712.188968
7.75,18,712.234615
2.25,7,712.251264
7.25,14,712.288559
8.75,20,712.342058
0.75,4,712.352783
19.25,25,712.418488
8.75,19,712.46942
12.5,25,712.534892
6.75,12,712.565715
6.25,15,712.608531
-2.75,3,712.615928
0.75,10,712.642379
5.25,10,712.668023
-0.25,2,712.673237
2.25,7,712.692195
5.25,13,712.725398
16.25,24,713.099653
11.5,19,713.146192
0.75,4,713.156472
-1.25,3,713.164651
11.25,25,713.225312
5.75,16,713.267437
-6.75,7,713.286369
17.5,26,713.353437
5.75,11,713.380073
10.5,21,713.434876
3.75,10,713.461428
1.75,6,713.477438
6.75,22,713.529157
-0.25,2,713.534509
9.5,16,713.574438
14.0,16,713.615272
7.25,17,713.66337
-0.75,1,713.666487
-5.75,18,713.712764
5.75,8,713.731421
-0.75,1,713.734066
1.75,6,713.7501
11.0,17,713.792956
3.75,16,713.834334
1.25,5,713.847093
-8.25,13,713.880945
9.5,22,713.933856
-2.25,4,713.944866
14.5,25,714.007384
-1.75,8,714.028766
1.75,12,714.057996
9.75,21,714.112782
4.25,11,714.139457
-3.25,5,714.151683
0.75,1,714.154318
0.75,1,714.157082
6.25,15,714.195112
-4.75,11,714.223834
5.25,13,714.256011
16.0,19,714.30323
3.75,10,714.329823
5.75,15,714.710908
7.25,15,714.747109
8.25,19,714.793073
11.5,17,714.835284
15.0,19,714.880256
0.75,4,714.890228
-0.25,2,714.895902
8.0,16,714.935497
5.75,13,714.966464
13.5,19,715.012215
3.75,9,715.035328
-14.75,15,715.07157
12.5,14,715.107941
1.25,5,715.120834
-10.25,18,715.166494
-0.75,1,715.16923
-0.75,1,715.171878
18.5,37,715.261996
-0.25,2,715.267183
12.0,27,715.335649
1.25,5,715.348542
0.75,1,715.351137
3.25,9,715.372073
-3.75,10,715.394397
-0.25,2,715.400053
5.75,14,715.436483
-2.25,7,715.457349
-0.25,2,715.463068
0.75,1,715.465997
7.75,18,715.512164
9.0,18,715.556948
11.25,19,715.606096
16.0,19,715.66083
0.75,1,715.663856
13.0,26,715.730066
-14.75,18,715.776236
6.25,15,715.814433
3.5,18,715.860228
8.5,17,715.902134
1.75,6,715.916752
12.5,25,715.975706
7.75,18,716.332046
-0.25,2,716.337206
-0.25,2,716.342798
-0.75,1,716.34563
-0.75,1,716.348706
0.75,5,716.361423
12.0,22,716.417977
1.75,6,716.43311
11.0,22,716.48954
10.5,21,716.543901
14.25,23,716.599804
-0.75,1,716.602474
1.25,5,716.615124
-3.75,4,716.62593
0.75,1,716.628581
5.25,13,716.663476
3.75,10,716.689141
-0.25,2,716.694628
-0.25,2,716.699856
0.75,4,716.709898
-0.25,2,716.714853
-0.25,2,716.71981
16.5,24,716.780016
-0.25,2,716.785511
0.75,1,716.788227
0.75,5,716.801271
0.75,1,716.804121
0.75,1,716.806978
3.75,10,716.832264
-0.75,1,716.835169
0.75,1,716.838022
0.75,1,716.84093
8.75,12,716.871264
0.75,1,716.874153
5.75,17,716.91468
13.25,18,716.955643
12.0,20,717.005161
-0.25,2,717.010739
-0.25,2,717.01641
10.25,20,717.067992
13.0,26,717.135224
-0.75,1,717.137856
15.75,20,717.19073
-0.25,2,717.196262
-0.75,1,717.199317
3.75,6,717.215362
3.75,10,717.241394
16.5,26,717.308848
-0.75,1,717.31169
-0.25,2,717.317093
6.5,13,717.349611
17.0,23,717.408164
-0.75,1,717.412974
20.5,41,717.51784
-0.75,1,717.52082
-0.25,2,717.526387
0.25,3,717.5345
17.75,29,717.917222
-0.75,1,717.919856
1.75,6,717.934506
-0.75,1,717.93732
2.75,5,717.949467
4.25,11,717.975485
10.75,11,718.002675
12.25,27,718.064244
14.0,18,718.109944
8.0,16,718.148968
10.25,12,718.178557
3.25,9,718.199834
-0.75,1,718.20251
7.5,15,718.239113
10.0,20,718.287657
-0.75,1,718.290692
2.25,7,718.309442
6.75,16,718.350703
0.75,1,718.353575
1.25,5,718.365704
-4.75,11,718.394428
7.0,14,718.429249
3.25,9,718.454951
-3.25,8,718.476207
12.75,28,718.543192
2.75,8,718.563899
-0.75,1,718.566982
-0.25,2,718.572498
0.75,4,718.582717
-0.75,4,718.593145
0.75,4,718.603359
-0.75,1,718.606261
3.75,10,718.632321
0.75,1,718.636051
2.75,8,718.657668
-5.5,19,718.707696
9.5,16,718.748782
-0.25,2,718.754181
-6.75,16,718.797991
-0.75,1,718.801527
9.5,19,718.850548
-0.75,1,718.853448
-0.75,1,718.856223
9.5,19,718.902894
1.75,6,718.917541
-0.75,1,718.92011
1.25,5,718.933131
0.75,4,718.943509
23.0,24,719.000194
2.25,7,719.017299
0.75,4,719.027186
0.75,1,719.02993
-0.25,2,719.035053
15.0,19,719.079833
-0.75,1,719.082606
12.0,18,719.127988
4.25,8,719.145993
3.75,13,719.177759
0.75,1,719.180584
8.5,17,719.543361
4.25,11,719.571985
4.75,12,719.602666
0.75,1,719.605352
7.25,17,719.648094
16.0,18,719.691792
0.25,3,719.699914
-0.75,1,719.703362
-0.75,1,719.706615
13.5,21,719.759217
5.25,10,719.78412
1.25,5,719.7968
0.75,1,719.802006
-0.25,3,719.813234
0.75,1,719.816159
4.25,11,719.844294
4.25,11,719.872076
-2.25,4,719.882204
-0.25,2,719.88753
-0.75,1,719.890392
11.75,17,719.931112
-0.75,1,719.933776
0.25,3,719.941834
5.25,10,719.96666
0.75,1,719.969398
4.25,11,719.997242
0.25,3,720.004829
5.25,19,720.050516
-0.25,2,720.055296
1.75,6,720.069322
2.25,4,720.079018
8.75,20,720.12816
3.25,9,720.151653
0.75,1,720.154801
0.75,1,720.157804
7.75,18,720.204041
8.75,13,720.237152
0.75,1,720.240119
-0.75,1,720.243193
-0.75,1,720.246188
19.0,24,720.30794
-3.25,14,720.343913
14.75,31,720.421869
4.25,11,720.44948
8.5,17,720.493416
1.75,6,720.508623
13.5,24,720.565611
0.25,3,720.573098
6.25,12,720.602378
13.25,29,720.673421
5.25,19,720.718449
6.0,12,720.75022
2.25,7,720.768047
14.5,32,721.153446
0.75,1,721.156257
-0.25,2,721.161589
-0.75,1,721.164667
-0.75,1,721.167583
1.25,5,721.180237
-3.25,5,721.192728
2.75,8,721.211931
0.75,1,721.214514
-0.75,1,721.217192
0.25,3,721.225493
4.25,11,721.252875
-0.25,2,721.258206
9.5,19,721.309714
9.75,22,721.365398
10.75,21,721.414866
15.0,18,721.461565
0.25,3,721.469491
-0.75,1,721.47226
9.5,19,721.518669
7.25,17,721.55844
10.0,29,721.626475
1.75,6,721.642843
7.0,20,721.691718
13.0,22,721.747048
-0.25,2,721.752461
1.25,5,721.765451
0.5,13,721.801203
8.5,17,721.844048
6.25,15,721.882768
-3.25,5,721.895887
-3.75,4,721.906343
4.75,12,721.937188
3.25,9,721.959792
9.5,19,722.008834
-0.25,2,722.014163
14.0,28,722.082158
7.5,15,722.119488
-0.25,2,722.124755
1.25,5,722.137379
-0.25,2,722.142613
3.25,9,722.164467
0.25,3,722.171827
7.0,14,722.205124
4.75,15,722.24175
2.75,5,722.254385
4.75,12,722.283371
9.0,18,722.328537
2.25,7,722.346583
4.75,12,722.376508
-3.25,5,722.388643
-2.75,24,722.744497
8.0,19,722.798257
9.5,19,722.846596
15.5,19,722.89236
5.0,29,722.962366
-0.25,2,722.967594
14.0,28,723.035864
16.5,22,723.089638
11.25,25,723.150661
-10.25,12,723.179924
-0.75,1,723.182602
13.75,17,723.2237
4.75,12,723.253456
-3.25,5,723.266072
-0.75,1,723.268933
6.5,13,723.3009
-11.25,19,723.350345
9.25,14,723.385774
6.5,19,723.43393
-3.75,10,723.461227
24.5,30,723.538295
1.75,6,723.554225
8.0,13,723.585925
9.75,13,723.620127
-2.25,7,723.63811
8.0,16,723.677732
12.5,14,723.711093
0.75,1,723.713713
-0.75,7,723.730342
9.75,22,723.786232
23.0,46,723.902947
7.0,14,723.938389
10.0,16,724.288503
-0.25,2,724.294928
0.75,1,724.297847
-4.75,17,724.340606
2.75,8,724.363629
0.25,3,724.372012
2.25,7,724.389404
0.75,1,724.392236
-0.75,1,724.395087
19.0,30,724.47141
-0.75,1,724.474359
13.0,26,724.538673
10.5,20,724.586092
8.75,20,724.637434
2.25,7,724.660542
-0.25,2,724.665391
11.25,25,724.724325
7.75,14,724.75771
-0.25,2,724.762566
9.0,18,724.817916
0.25,3,724.825661
10.0,29,724.893489
6.75,9,724.917222
7.25,23,724.974508
0.75,1,724.977399
-0.75,1,724.980213
9.5,16,725.01928
0.75,4,725.030021
-3.75,10,725.056454
6.25,15,725.094544
6.75,16,725.134667
3.75,10,725.161764
-0.25,2,725.167542
-2.75,3,725.17559
-0.75,1,725.178401
4.25,11,725.205451
-2.75,3,725.212656
0.75,1,725.215225
-0.25,2,725.220445
-0.25,2,725.2259
8.25,13,725.258304
16.75,32,725.343378
6.75,16,725.383504
0.25,3,725.392016
0.75,1,725.395058
5.5,17,725.437969
-0.75,1,725.440898
6.25,12,725.471854
0.25,3,725.479382
6.75,13,725.511906
-0.75,1,725.514661
-2.25,4,725.525214
-0.75,1,725.528107
8.25,13,725.562204
14.0,28,725.943946
-8.25,10,725.970129
13.5,27,726.036138
-1.25,9,726.05877
3.75,10,726.082671
0.25,3,726.090184
2.25,4,726.101178
2.25,7,726.119951
2.25,7,726.13882
7.0,14,726.173048
11.75,16,726.20983
3.75,10,726.233647
1.25,5,726.245882
-0.75,1,726.248436
3.25,9,726.270402
-1.25,6,726.286629
6.75,10,726.313649
12.0,16,726.355505
0.75,4,726.36614
2.25,4,726.375986
0.25,3,726.384258
9.25,11,726.411665
5.75,14,726.446761
0.25,3,726.454882
0.25,3,726.462196
0.75,1,726.465292
4.75,12,726.496629
5.25,13,726.531013
14.25,19,726.580986
-0.25,2,726.586471
4.75,12,726.6177
-3.75,4,726.628365
-0.25,2,726.633854
23.0,24,726.698154
0.25,3,726.706552
16.5,33,726.792638
0.75,1,726.795416
7.0,14,726.833842
5.75,20,726.884213
0.75,1,726.887111
18.5,37,726.977425
26.25,39,727.073944
1.75,6,727.088519
-4.25,6,727.103954
20.5,41,727.205756
-0.25,2,727.210788
13.75,25,727.588357
14.75,21,727.640502
-0.75,1,727.643532
11.75,26,727.708593
2.25,4,727.718712
0.25,3,727.726224
9.5,17,727.767432
-0.25,2,727.77264
-3.25,5,727.788651
5.25,13,727.849683
2.25,4,727.868535
5.75,14,727.938963
1.25,5,727.954389
1.75,6,727.976094
-0.75,1,727.979727
-2.25,4,727.99295
-1.0,20,728.046114
10.25,16,728.08615
-0.75,1,728.089231
0.75,1,728.092205
7.0,14,728.127867
6.75,16,728.169807
0.75,1,728.173177
23.0,24,728.236346
6.75,16,728.278918
18.0,23,728.341922
-4.25,9,728.368882
2.75,8,728.389823
-0.25,2,728.395422
4.75,12,728.426776
21.5,27,728.4928
0.25,3,728.499985
0.75,1,728.502568
-1.25,9,728.523093
6.25,15,728.55732
0.25,3,728.56464
0.75,1,728.567353
0.75,1,728.570693
3.25,9,728.592978
0.25,3,728.600438
4.75,15,728.635517
6.25,15,728.670936
-1.25,3,728.678064
-0.75,1,728.680635
0.75,1,728.683172
-1.25,3,728.690317
0.25,3,728.698373
13.0,14,728.732273
6.75,16,728.769352
-0.25,2,728.774991
4.75,12,728.80618
8.25,11,728.835906
-1.25,3,728.843853
0.75,1,728.846795
-3.25,5,728.860278
14.0,16,728.901244
8.0,19,729.236523
12.5,25,729.299688
5.25,13,729.33595
-0.75,1,729.338704
5.5,20,729.387388
-0.75,1,729.390013
6.25,15,729.424605
0.75,4,729.434601
17.0,33,729.512348
9.0,18,729.55756
5.75,14,729.592734
10.25,26,729.654412
-5.25,7,729.671244
-0.75,1,729.673885
4.25,11,729.699594
2.75,8,729.720299
13.0,26,729.786713
2.25,7,729.80537
-0.75,1,729.808468
-0.75,1,729.811395
16.5,22,729.86889
0.75,4,729.879992
5.75,14,729.916172
-0.25,2,729.921813
25.0,26,729.98816
-0.25,2,729.993744
-1.25,3,730.001257
6.75,16,730.041755
1.75,3,730.049639
1.25,5,730.063716
11.0,22,730.118208
-1.75,5,730.130698
-0.75,1,730.133276
7.25,17,730.173038
0.25,3,730.180186
0.75,4,730.189547
8.25,19,730.233811
3.75,10,730.257021
12.0,22,730.313121
0.75,4,730.323236
6.75,13,730.355051
4.75,12,730.384479
-0.75,1,730.387403
1.25,5,730.400235
0.75,1,730.40286
0.75,13,730.433769
-0.75,1,730.436658
5.25,13,730.469901
12.5,25,730.826555
16.5,26,730.891575
-0.75,1,730.894505
0.75,1,730.897423
18.75,30,730.973256
2.75,8,730.992311
2.75,8,731.0111
-0.75,1,731.013953
0.75,1,731.016794
21.5,30,731.092122
0.75,4,731.102564
9.25,18,731.146935
4.75,12,731.176448
14.5,29,731.245592
-0.25,2,731.250442
0.75,1,731.253184
38.0,49,731.380222
-0.75,1,731.383338
12.25,27,731.452949
0.75,1,731.455804
6.75,13,731.488616
17.0,33,731.576843
1.75,6,731.594168
0.75,1,731.597451
7.0,14,731.637084
11.75,16,731.681307
0.25,3,731.689085
0.25,3,731.69683
4.25,11,731.723975
-1.25,3,731.731838
0.25,3,731.739497
5.75,11,731.766727
-0.25,2,731.77168
-1.25,3,731.779691
3.75,16,731.820714
0.75,4,731.831201
6.75,16,731.870463
4.75,12,731.900756
1.75,6,731.916497
8.5,17,731.957119
0.75,4,731.96764
8.25,16,732.005904
3.75,10,732.030512
2.25,7,732.047163
9.0,15,732.393495
0.25,3,732.40127
-0.75,1,732.404014
3.25,9,732.427182
11.5,19,732.478992
9.5,19,732.525347
17.0,22,732.576931
2.25,5,732.589294
14.25,17,732.630058
4.25,14,732.666007
10.5,21,732.718476
10.75,11,732.744881
16.5,20,732.799675
2.25,7,732.817512
-1.25,3,732.825868
-0.25,2,732.831148
1.25,5,732.845001
19.5,30,732.920633
-0.25,2,732.926924
6.0,24,732.98753
3.75,10,733.012992
-5.5,19,733.062685
6.25,15,733.101323
-5.25,13,733.134089
16.0,19,733.181807
0.25,3,733.189389
0.75,1,733.19225
7.0,14,733.225779
14.0,16,733.264565
15.0,21,733.318649
-2.25,4,733.328907
0.75,1,733.331849
0.25,3,733.339584
13.5,24,733.399406
10.0,20,733.45456
-0.75,1,733.457549
23.0,26,733.520093
8.75,20,733.570428
0.25,3,733.577928
-2.0,14,733.614437
5.25,13,733.648818
-0.75,1,733.651759
9.25,21,734.028225
7.5,27,734.096208
-0.25,2,734.101688
7.25,17,734.143513
17.5,22,734.194449
0.75,4,734.204613
-0.75,1,734.207501
6.5,13,734.239697
4.75,12,734.270227
11.5,15,734.309584
-0.25,2,734.314883
7.25,11,734.34251
10.5,19,734.38944
11.5,19,734.436109
14.5,18,734.48384
-2.25,7,734.501827
-0.25,2,734.50717
1.75,6,734.522576
-0.75,1,734.525574
5.75,14,734.562534
11.75,13,734.597447
2.75,8,734.619203
-0.25,2,734.624964
-0.75,1,734.627982
1.75,6,734.644274
10.75,14,734.681415
9.25,21,734.737297
18.0,25,734.803261
0.25,3,734.812233
-0.25,2,734.817921
-0.25,2,734.823513
0.25,3,734.831214
-0.75,1,734.834163
2.75,5,734.847594
16.5,23,734.907771
-0.75,1,734.910839
-0.25,2,734.916265
1.75,3,734.923978
17.0,33,735.010927
-0.25,2,735.016351
-0.25,2,735.021536
2.75,8,735.040931
11.75,20,735.091643
3.25,9,735.115213
0.75,4,735.125948
-0.75,1,735.129043
-1.25,3,735.136849
10.0,20,735.186831
5.25,14,735.220941
6.5,13,735.251761
-0.25,2,735.256984
3.75,10,735.281543
4.25,11,735.310817
7.0,14,735.659338
0.0,33,735.741341
-1.25,3,735.748771
7.0,14,735.782598
-1.25,3,735.790468
-10.25,12,735.821595
6.0,12,735.851085
0.75,4,735.861961
3.25,9,735.883869
3.75,10,735.908519
-2.25,7,735.925606
10.75,24,735.984683
-1.25,3,735.992491
-0.75,1,735.995407
-0.25,2,736.000652
1.75,6,736.019485
19.75,26,736.082201
-0.75,1,736.085081
6.25,12,736.117311
8.75,11,736.146605
-9.25,14,736.183515
11.25,15,736.223978
0.25,3,736.232229
6.0,12,736.264001
7.0,14,736.302421
11.0,22,736.360428
14.0,21,736.414296
0.75,1,736.417329
-0.25,2,736.42268
-0.75,1,736.425556
8.25,19,736.476393
11.5,23,736.532201
3.25,9,736.553525
4.25,11,736.579518
-0.75,1,736.582056
-6.0,18,736.625943
2.25,4,736.636593
0.75,1,736.639482
3.25,9,736.661944
0.75,1,736.66483
0.25,3,736.673277
-0.75,1,736.676371
-0.25,2,736.682116
-0.25,2,736.687802
-1.25,3,736.696221
0.75,4,736.707829
3.75,10,736.734628
1.25,5,736.748123
-0.75,1,736.750962
3.75,13,736.785511
-4.25,12,736.818759
12.5,24,736.885877
-0.75,1,736.888922
0.75,1,736.891841
0.75,1,736.895044
0.75,1,736.897872
0.75,1,736.901093
14.0,24,737.266391
12.5,25,737.328174
3.75,10,737.35099
0.25,3,737.35843
0.25,3,737.366848
-1.25,3,737.374771
7.0,17,737.41676
-6.75,16,737.45796
-0.75,4,737.468434
7.5,12,737.496982
-0.75,1,737.499534
0.75,1,737.502327
1.25,5,737.515285
5.25,13,737.546964
0.25,3,737.554236
0.75,1,737.556864
4.25,8,737.57589
3.75,10,737.599459
11.5,29,737.671848
13.25,25,737.736405
17.5,26,737.806808
-0.25,2,737.812435
4.25,11,737.841542
16.5,22,737.898277
-2.25,4,737.908963
0.75,1,737.911789
-0.75,1,737.914846
-0.25,2,737.920391
-8.75,12,737.951122
1.75,6,737.96588
-0.25,2,737.971419
7.25,19,738.021203
0.25,3,738.029068
-0.75,1,738.031916
5.75,14,738.065613
-0.25,2,738.070453
3.75,16,738.106582
2.25,7,738.124226
7.75,18,738.167103
2.75,5,738.179988
3.25,9,738.203444
2.25,7,738.219975
4.25,11,738.246785
-0.25,2,738.251512
6.25,14,738.287854
2.25,7,738.306753
11.25,25,738.368542
-0.75,1,738.371518
-0.75,1,738.374364
0.25,3,738.38221
-0.75,1,738.38511
-0.75,1,738.387923
4.25,8,738.407752
0.75,7,738.425105
12.0,22,738.479076
0.75,1,738.481872
0.75,1,738.484622
-0.75,1,738.487902
19.0,30,738.865669
12.5,24,738.931655
11.25,14,738.96545
14.25,31,739.045823
0.25,3,739.053924
6.75,16,739.092819
1.75,3,739.099756
4.75,12,739.128179
0.75,4,739.138005
-0.25,2,739.142927
-0.25,2,739.14767
-1.75,8,739.167428
2.25,7,739.18383
5.25,13,739.213245
1.75,6,739.227831
1.25,5,739.240252
1.75,18,739.286173
-0.75,1,739.289189
0.75,4,739.300648
20.5,28,739.371696
0.75,1,739.374604
0.75,1,739.37762
5.75,14,739.414315
-0.75,1,739.417284
-0.75,1,739.420223
-0.25,2,739.425829
-0.75,1,739.428838
0.75,1,739.432193
-0.25,2,739.437424
0.75,4,739.450986
-0.75,13,739.484802
2.25,7,739.50169
2.75,6,739.516417
8.25,19,739.56139
8.25,19,739.605578
3.25,9,739.626762
-0.25,2,739.632238
2.25,7,739.649008
-5.25,7,739.666214
-0.75,1,739.669077
4.75,12,739.698849
-3.75,4,739.708779
8.75,17,739.750524
-3.75,13,739.785527
8.75,23,739.84288
1.75,6,739.85837
5.75,14,739.895639
10.25,15,739.933649
7.5,15,739.970436
2.25,7,739.986372
-0.25,2,739.991439
8.5,17,740.032785
13.5,20,740.082604
3.75,13,740.114006
8.0,13,740.452577
6.25,15,740.489281
4.75,12,740.518267
2.75,8,740.538488
-0.75,1,740.541199
-1.75,11,740.569627
16.0,27,740.635256
7.75,11,740.662786
7.0,14,740.697833
8.25,19,740.744376
0.75,1,740.747141
-0.75,1,740.749954
12.5,17,740.793404
3.75,13,740.827402
7.5,15,740.866291
2.25,7,740.884299
1.25,5,740.897334
10.5,12,740.928592
9.0,18,740.975471
13.5,19,741.024574
-0.25,2,741.030178
6.5,13,741.064966
10.5,19,741.11096
0.75,1,741.113678
5.25,10,741.139559
1.25,5,741.152445
0.25,9,741.174784
0.75,4,741.184057
15.5,22,741.235715
0.75,1,741.238578
11.0,17,741.279501
10.75,14,741.316475
-0.75,1,741.319214
-0.25,2,741.324719
-0.75,1,741.327487
7.75,18,741.370168
4.25,11,741.400545
16.5,20,741.449877
0.25,3,741.457171
2.75,8,741.47662
-0.25,2,741.481617
6.0,12,741.50961
11.75,14,741.546048
2.25,19,741.594153
9.25,15,741.631465
0.75,3,741.638792
4.0,20,741.689801
-0.75,1,741.692717
8.0,16,741.732873
7.5,15,742.091311
-0.25,2,742.097306
0.75,4,742.108276
1.25,5,742.121656
-2.25,4,742.132439
-10.0,13,742.166399
-9.75,16,742.205225
9.0,18,742.250891
-2.75,9,742.273885
-0.75,1,742.276913
7.75,18,742.325697
-5.75,12,742.355699
6.75,16,742.398082
7.25,14,742.435121
-0.25,2,742.440567
0.75,1,742.443762
0.75,1,742.447111
4.75,21,742.502739
1.5,12,742.534788
5.25,13,742.569343
7.5,21,742.625105
3.75,10,742.651653
-0.25,2,742.657284
3.75,10,742.688882
9.25,14,742.723504
7.25,17,742.765046
6.75,13,742.797828
1.75,6,742.81394
8.0,16,742.853122
0.75,13,742.884387
1.75,3,742.89135
0.25,3,742.898294
4.25,6,742.912819
14.0,28,742.980924
4.75,12,743.00894
1.75,6,743.023731
0.75,1,743.026384
-0.25,2,743.031643
-14.5,25,743.096932
-0.25,2,743.102473
-0.75,1,743.105347
5.25,13,743.137544
0.75,4,743.14742
10.5,21,743.197278
1.75,6,743.21106
1.25,5,743.224338
-0.25,2,743.230047
7.0,14,743.264406
4.75,12,743.296316
0.75,7,743.314481
7.25,17,743.355229
13.25,21,743.717114
0.75,1,743.720118
11.0,18,743.766866
0.25,15,743.808363
-8.25,10,743.834825
1.75,6,743.849936
6.25,15,743.888342
-0.75,1,743.89111
0.75,1,743.8939
12.0,24,743.953866
1.25,5,743.967419
-0.75,1,743.970448
-0.75,1,743.97347
8.0,16,744.015227
2.25,16,744.0585
1.75,6,744.074916
-0.75,1,744.077925
12.5,28,744.153549
9.5,17,744.198182
0.25,3,744.206396
7.25,12,744.238776
-0.25,2,744.244288
1.25,5,744.257283
12.0,16,744.298533
-0.75,1,744.301503
5.75,14,744.33713
8.5,14,744.37169
5.75,14,744.406609
-3.25,5,744.419319
0.25,3,744.427454
4.75,16,744.467253
8.25,31,744.543468
8.5,17,744.585953
-3.25,5,744.598577
5.75,14,744.633942
-0.25,2,744.639677
0.75,1,744.642593
-0.75,1,744.645559
0.25,3,744.653105
-8.25,10,744.677506
-0.75,1,744.680492
8.5,17,744.722205
5.75,14,744.757213
0.75,4,744.768996
-7.25,12,744.80317
4.75,12,744.835195
15.5,22,744.88936
-0.25,2,744.894981
10.5,24,744.953466
6.0,12,744.983926
-1.25,3,744.991167
-0.75,1,744.994133
-0.75,1,745.319643
0.75,1,745.322703
-0.25,2,745.328403
1.25,5,745.341092
-0.75,1,745.343976
24.0,27,745.409521
0.75,1,745.412488
-0.25,2,745.417952
6.5,13,745.453079
13.0,16,745.492697
15.0,26,745.560678
0.75,4,745.571415
1.75,6,745.587172
3.25,9,745.609943
3.25,9,745.634112
17.75,41,745.740948
2.75,8,745.761621
20.5,30,745.837578
-0.75,1,745.840193
1.25,5,745.852929
-7.75,14,745.886616
1.25,5,745.899927
12.0,22,745.953293
19.5,30,746.023352
2.75,8,746.04399
-0.75,1,746.046781
4.25,11,746.07576
20.0,28,746.147152
-0.25,2,746.152537
11.5,19,746.199166
8.0,16,746.238775
5.75,14,746.271336
6.25,15,746.311288
-0.75,1,746.314332
0.75,4,746.324622
12.25,22,746.377506
11.25,14,746.413598
11.5,19,746.4619
0.75,1,746.464899
8.25,18,746.508238
-0.25,2,746.513142
5.75,14,746.54587
-0.75,1,746.548508
17.0,21,746.597777
1.75,6,746.910876
-0.25,2,746.916088
12.0,20,746.964603
-0.75,1,746.967172
3.75,10,746.990241
0.75,1,746.993058
-0.25,2,746.9986
22.0,30,747.067697
9.0,18,747.114268
-0.25,2,747.120154
9.5,16,747.162592
-0.25,2,747.168192
0.25,3,747.176283
13.5,17,747.219743
-6.25,8,747.241076
19.5,30,747.319393
-0.25,2,747.32496
0.75,4,747.335423
3.5,16,747.375686
-2.25,4,747.385776
2.75,8,747.405684
0.75,1,747.408595
3.25,9,747.430909
18.75,27,747.497391
11.0,22,747.548234
6.25,15,747.58501
7.25,17,747.624201
3.75,10,747.647823
1.25,5,747.660126
9.5,19,747.70788
-3.25,5,747.719816
0.75,4,747.729714
0.75,1,747.732384
15.0,26,747.795375
-0.25,2,747.800586
7.75,15,747.838706
2.25,7,747.855586
-0.25,2,747.86063
-0.25,2,747.865598
-3.25,5,747.878761
0.75,1,747.881405
4.25,11,747.906397
16.5,19,747.950884
12.0,14,747.983724
13.0,16,748.02182
1.75,6,748.036535
15.0,18,748.078605
23.0,24,748.135121
0.25,3,748.142121
5.0,13,748.474223
9.0,18,748.517114
7.75,13,748.548139
-2.25,7,748.564362
16.5,33,748.645374
6.5,13,748.679122
4.25,11,748.708078
-0.25,2,748.7141
2.25,7,748.732773
15.0,17,748.776542
0.75,1,748.779532
-0.25,2,748.785848
-0.75,1,748.788971
11.0,22,748.84645
4.75,12,748.877662
9.5,19,748.923701
5.25,13,748.955489
-0.25,5,748.968577
-0.75,1,748.97155
5.75,14,749.006139
3.75,7,749.02381
7.75,18,749.069352
3.75,8,749.094321
8.0,16,749.134868
3.75,10,749.158897
12.0,18,749.204097
-0.25,2,749.209521
5.75,14,749.243674
10.25,18,749.286408
0.25,3,749.294215
3.25,9,749.31675
6.5,13,749.348876
-0.75,1,749.351958
0.0,18,749.396071
1.75,6,749.410844
14.0,25,749.473722
-2.75,9,749.495593
5.25,13,749.525866
3.75,10,749.550277
-0.75,1,749.553316
-1.25,6,749.568814
7.0,14,749.60232
0.75,4,749.612699
-10.25,12,749.644057
0.75,1,749.647046
8.75,20,749.69663
14.25,19,750.055395
0.75,1,750.058651
0.75,1,750.061558
-0.75,1,750.064468
-0.25,2,750.069637
12.0,22,750.125319
8.25,19,750.172521
-0.25,2,750.178133
-0.75,1,750.181117
0.75,4,750.19227
3.75,10,750.219504
0.0,18,750.265478
-0.75,1,750.268499
-0.75,1,750.271458
10.5,12,750.303727
6.25,15,750.343754
-0.75,1,750.346597
-0.75,1,750.349519
0.25,3,750.357791
2.75,8,750.378649
10.25,13,750.412628
13.0,21,750.466829
-0.75,1,750.469697
-1.25,3,750.477417
-0.75,1,750.480277
-0.75,1,750.483387
1.25,5,750.496581
1.5,12,750.524629
-4.25,9,750.547884
0.75,1,750.55064
5.75,14,750.584569
14.0,19,750.633799
-0.25,2,750.63936
0.75,1,750.642293
0.75,16,750.68163
-0.25,2,750.686984
-0.75,1,750.689757
-0.25,2,750.694721
-1.25,3,750.702254
0.25,3,750.710372
9.75,22,750.765849
-0.25,2,750.771068
-1.75,8,750.790494
1.25,5,750.803626
7.75,15,750.842475
10.25,20,750.891356
4.75,12,750.921058
19.75,32,750.998893
2.25,7,751.016647
5.75,8,751.035447
0.25,3,751.042963
0.25,3,751.051853
-0.25,2,751.05777
3.75,10,751.083097
-3.25,5,751.095884
-0.25,2,751.101959
0.75,1,751.105124
0.75,1,751.108174
-3.25,5,751.121414
6.25,15,751.157189
11.5,17,751.199081
-0.75,1,751.202087
0.25,3,751.210169
5.25,19,751.259253
-0.75,1,751.262086
0.75,1,751.264872
0.75,1,751.267843
-2.25,4,751.277601
5.25,14,751.314677
14.0,21,751.674812
-1.25,3,751.682712
-0.25,2,751.687928
3.25,9,751.711068
3.75,10,751.737701
-0.25,2,751.742942
-0.75,1,751.745976
-0.75,1,751.748781
1.25,17,751.793723
3.75,10,751.820962
5.25,10,751.846941
14.25,17,751.890544
-0.25,2,751.896216
12.75,15,751.935478
4.75,12,751.966602
9.0,18,752.011631
0.75,1,752.014581
0.25,3,752.021812
0.75,1,752.024451
2.75,8,752.046488
1.75,6,752.061158
0.75,1,752.06408
0.75,1,752.066851
9.5,19,752.115356
1.25,5,752.128543
2.75,8,752.148634
1.75,3,752.156368
4.75,12,752.184289
-0.75,1,752.187124
10.75,24,752.247884
5.75,10,752.274229
-0.75,1,752.27714
13.0,26,752.344076
16.25,24,752.400145
0.75,4,752.411247
-0.75,1,752.414151
5.25,10,752.43906
-0.75,1,752.442658
1.25,5,752.456383
0.25,3,752.464468
16.5,19,752.512041
6.0,12,752.541322
5.75,8,752.562061
0.25,3,752.569896
23.0,26,752.631942
-0.75,1,752.634631
11.75,14,752.669389
3.75,10,752.695407
5.75,8,752.716332
-0.25,2,752.721714
-0.25,2,752.727179
2.75,8,752.747409
0.75,4,752.757271
-0.75,1,752.760185
0.75,1,752.76309
-1.25,6,752.778868
-0.75,1,752.781839
1.75,6,752.797836
-0.75,1,752.80081
8.75,17,752.845834
3.25,9,752.869321
1.25,5,752.882042
9.0,18,752.92558
0.75,4,752.935555
-0.75,1,752.938426
-0.25,2,752.943471
-0.25,2,752.948191
-0.25,2,752.953725
3.25,15,753.297211
0.25,3,753.305771
5.75,12,753.338155
11.25,18,753.384266
-0.25,2,753.389647
27.75,46,753.527734
16.0,30,753.606828
0.75,1,753.609599
9.0,18,753.654297
-0.25,2,753.659965
0.75,4,753.67096
7.0,14,753.706235
3.25,9,753.7278
8.25,14,753.770465
-0.25,2,753.775586
7.0,14,753.81337
19.5,30,753.888286
0.25,3,753.895858
-0.75,1,753.898917
0.25,3,753.907478
0.75,1,753.911048
-0.75,1,753.914201
14.0,22,753.989939
16.0,31,754.109945
-0.25,2,754.118816
-0.25,2,754.127563
-1.25,6,754.153959
1.25,5,754.174804
0.75,1,754.179222
0.75,1,754.182611
14.25,34,754.312397
10.25,17,754.372038
-0.25,2,754.379336
4.75,12,754.41419
5.25,13,754.45365
10.5,12,754.487525
13.25,26,754.559091
-0.75,1,754.562176
3.75,10,754.588354
0.75,4,754.599261
0.25,3,754.607358
6.25,15,754.645136
3.25,9,754.6674
0.25,3,754.675282
-0.75,1,754.678169
-0.75,1,754.681183
0.75,4,754.691712
19.0,24,754.750225
-0.25,2,754.75575
3.75,10,754.780776
0.75,1,754.78366
0.75,4,754.794444
17.5,26,755.173493
11.75,14,755.208863
4.25,11,755.236103
7.25,17,755.280512
10.75,24,755.345384
-0.25,2,755.350996
-0.25,2,755.356269
11.25,12,755.387286
2.25,6,755.402212
0.75,1,755.405301
0.75,4,755.416466
0.75,1,755.419364
-0.25,2,755.42453
-11.75,15,755.464074
0.25,3,755.472059
-0.75,1,755.474926
-0.75,1,755.477925
14.0,19,755.525333
0.25,3,755.533256
0.75,1,755.536078
4.75,12,755.567642
11.0,22,755.621335
8.75,16,755.672182
10.75,13,755.742453
1.75,10,755.798542
2.75,14,755.846207
0.75,1,755.849678
17.0,33,755.935398
-0.75,1,755.938243
0.75,1,755.941042
-2.25,7,755.958355
-3.25,5,755.970901
-0.75,1,755.973655
-0.25,2,755.978948
18.0,25,756.040947
2.25,4,756.050961
9.75,12,756.079747
0.25,3,756.087204
15.0,17,756.129805
1.25,5,756.143083
0.75,1,756.145948
5.25,13,756.178132
-0.75,1,756.180814
-0.25,2,756.185835
-0.75,7,756.202294
0.75,1,756.204983
0.75,1,756.207884
0.75,1,756.210733
23.0,24,756.269153
8.0,16,756.311169
0.75,1,756.313983
-0.75,1,756.316603
-0.75,1,756.319492
1.25,5,756.333198
0.25,3,756.341089
12.0,24,756.401004
-0.25,2,756.406059
19.0,20,756.455369
1.25,5,756.468075
5.75,17,756.82225
0.75,4,756.833139
-0.75,1,756.836193
-0.75,1,756.839197
6.25,12,756.870765
-0.25,2,756.876371
3.75,10,756.902308
4.25,11,756.930882
4.0,14,756.96784
0.75,1,756.970491
1.75,6,756.986375
-0.75,1,756.989182
9.0,18,757.034173
3.75,10,757.059336
10.0,20,757.109291
1.75,6,757.124823
-0.25,2,757.130418
8.0,16,757.169199
0.75,1,757.171773
4.25,11,757.197307
6.5,13,757.226953
6.5,13,757.258492
5.25,14,757.294788
-0.75,7,757.313478
0.75,1,757.316483
-0.25,2,757.321656
8.75,20,757.371692
5.25,13,757.400814
6.25,14,757.433266
0.75,1,757.435853
3.75,10,757.460958
5.25,10,757.485171
1.25,5,757.497416
-0.75,1,757.500044
19.0,24,757.560569
-0.75,1,757.563361
-0.75,7,757.580656
14.0,18,757.62269
2.25,13,757.654663
0.75,1,757.657533
0.75,1,757.660429
8.75,10,757.685119
10.0,20,757.733155
10.0,20,757.78236
10.5,19,757.830515
-7.25,12,757.860793
-0.75,1,757.863894
1.75,6,757.879613
2.75,8,757.89977
-3.25,8,757.91968
10.0,20,757.966081
2.25,7,757.982395
-0.25,2,757.987242
-2.75,3,757.994542
7.25,17,758.036069
4.25,11,758.061775
15.0,17,758.420888
-0.75,1,758.424526
-0.75,1,758.428503
8.75,15,758.469191
-0.25,2,758.474753
23.5,31,758.553112
-2.75,9,758.575859
-0.75,1,758.578772
-0.75,1,758.581616
12.25,15,758.62006
-0.25,2,758.625605
-1.25,3,758.636288
5.75,14,758.671628
14.5,32,758.749828
9.5,17,758.792513
-0.75,1,758.795465
-0.25,2,758.801224
-0.25,2,758.806913
9.75,13,758.838789
0.75,1,758.841705
2.25,7,758.859307
12.5,25,758.921887
8.5,17,758.964267
-0.75,1,758.966916
-3.25,5,758.980187
6.25,15,759.019396
6.5,13,759.05204
4.25,11,759.077785
7.75,18,759.121576
5.75,14,759.156136
12.0,17,759.198457
2.75,14,759.232899
-0.25,2,759.238271
0.75,4,759.248648
0.75,1,759.251403
1.25,5,759.264434
-0.25,2,759.270072
9.25,21,759.323638
-0.25,2,759.329363
5.75,8,759.350094
1.75,6,759.365993
-8.25,16,759.407011
6.25,15,759.443555
2.75,5,759.457751
13.0,26,759.52263
18.0,31,759.601224
-0.75,1,759.604105
-1.75,23,759.663156
0.75,1,759.666832
-0.75,1,759.669858
-0.75,1,759.672784
20.5,41,760.09716
-0.25,2,760.102595
3.75,7,760.120588
-0.75,1,760.123521
-0.25,2,760.129135
3.25,9,760.152755
-2.25,4,760.163124
0.75,4,760.173235
9.25,18,760.21985
-0.25,2,760.225578
9.25,13,760.258289
4.25,11,760.287396
-0.75,1,760.290442
13.75,21,760.344879
-9.25,11,760.374862
10.5,21,760.427054
4.5,12,760.45872
-1.25,3,760.466835
3.75,13,760.499563
-1.25,3,760.508156
0.75,4,760.51875
-0.75,1,760.521726
7.75,15,760.5605
0.25,3,760.568705
7.25,14,760.603734
-3.25,8,760.623247
1.75,6,760.637111
3.75,10,760.662125
-0.25,2,760.667277
26.5,37,760.755938
6.5,13,760.788711
-0.75,1,760.792271
0.75,1,760.795289
10.25,23,760.855243
0.75,4,760.865474
4.25,14,760.899198
3.25,9,760.92152
5.75,14,760.955876
-0.25,2,760.961148
-2.25,4,760.971734
1.25,5,760.984514
13.75,27,761.050981
12.25,15,761.087003
0.75,1,761.08964
7.0,14,761.126755
5.75,14,761.162475
-0.75,1,761.165307
0.75,4,761.176002
4.25,11,761.204251
11.5,23,761.26184
10.5,21,761.316449
6.75,16,761.689794
5.75,14,761.72439
2.75,5,761.737857
-2.25,4,761.748412
-0.25,2,761.754291
0.25,3,761.762388
-0.25,2,761.767859
-0.25,5,761.779781
5.25,13,761.815601
-0.75,1,761.818497
8.25,19,761.865043
1.75,6,761.879666
9.0,16,761.917286
-0.25,2,761.92274
5.25,7,761.940243
-0.75,1,761.943174
-0.75,1,761.945831
-0.25,2,761.951145
-3.25,5,761.96361
-0.75,1,761.96629
1.25,5,761.978291
0.25,3,761.985705
0.75,1,761.988439
1.75,6,762.002331
-0.75,1,762.005499
6.25,15,762.042126
13.5,17,762.081337
0.75,1,762.083912
1.5,12,762.113315
9.5,19,762.158436
22.0,31,762.230975
-0.75,1,762.233916
2.75,8,762.253479
-1.25,3,762.26141
8.25,19,762.310292
19.0,24,762.368764
10.0,20,762.421619
-0.75,1,762.424463
0.75,1,762.427361
5.25,13,762.460752
8.25,19,762.508493
7.0,14,762.542666
7.5,15,762.579283
9.0,18,762.624671
9.25,17,762.670245
0.75,1,762.673325
4.25,11,762.702168
3.25,9,762.724265
10.75,13,762.755604
13.5,15,762.791606
-0.25,2,762.797062
0.75,4,762.807211
-0.25,2,762.812538
10.5,19,762.858183
-9.75,13,762.888562
0.75,1,762.891155
2.75,5,762.903639
9.5,16,763.267541
3.75,10,763.300398
4.5,18,763.345505
-0.25,2,763.350707
-0.75,1,763.353493
-0.75,1,763.356126
10.0,20,763.402682
0.25,3,763.411056
8.0,16,763.455588
12.0,22,763.509573
4.75,12,763.538017
-2.25,4,763.547374
-0.25,2,763.553149
-5.25,10,763.577984
12.0,22,763.631703
1.25,5,763.645823
0.75,1,763.648936
6.25,15,763.687452
15.0,19,763.735863
0.75,1,763.738699
-0.25,2,763.743674
4.25,11,763.770896
-0.25,2,763.775701
0.75,1,763.778381
-0.25,2,763.783694
4.25,11,763.81312
0.75,4,763.823485
13.0,26,763.886549
0.75,4,763.896652
11.0,22,763.950886
14.5,29,764.021812
7.75,18,764.064334
-0.75,1,764.067164
-0.25,2,764.072646
11.25,13,764.1039
-0.75,1,764.107043
9.25,15,764.145771
6.25,15,764.181199
5.0,13,764.214584
1.75,3,764.22195
4.25,11,764.248915
24.0,27,764.316105
7.75,13,764.349102
6.75,16,764.392759
4.5,12,764.421785
6.75,16,764.463761
19.0,24,764.523875
5.75,11,764.552331
0.75,4,764.88394
0.25,6,764.898745
-0.25,2,764.903709
-0.25,2,764.908629
-0.75,1,764.911437
-0.75,1,764.91427
-1.25,3,764.922039
7.0,14,764.95715
13.5,19,765.00397
14.0,24,765.061867
-11.75,15,765.099863
1.25,5,765.113839
0.75,1,765.116621
3.25,6,765.131891
13.0,26,765.196001
1.75,6,765.21124
4.25,12,765.240341
-0.75,1,765.243063
-0.25,2,765.248553
8.5,17,765.288758
-3.25,5,765.302313
0.75,1,765.304972
13.5,27,765.369473
7.5,15,765.403164
-0.25,2,765.407887
4.25,11,765.434165
0.75,1,765.436985
-0.25,2,765.442754
9.75,13,765.480127
6.0,12,765.510167
-0.25,2,765.515629
6.25,15,765.552711
-0.75,1,765.555665
0.25,3,765.563667
-6.25,8,765.58285
0.75,4,765.5921
4.25,11,765.617952
-0.75,1,765.620663
20.5,36,765.716708
0.25,3,765.724965
3.25,15,765.763792
7.5,27,765.830852
-0.75,1,765.833946
9.5,16,765.872402
-4.25,6,765.887019
10.25,20,765.934922
0.25,3,765.942581
-0.75,1,765.945223
-0.75,1,765.947866
14.0,21,765.997722
-0.75,1,766.000584
2.25,7,766.018042
1.75,6,766.031955
9.75,19,766.075994
0.75,1,766.079705
4.75,12,766.109231
4.75,12,766.141064
7.75,18,766.506567
5.25,13,766.542435
18.0,25,766.60939
3.75,16,766.6529
-15.25,17,766.69762
9.25,18,766.74261
-0.75,1,766.745506
3.25,9,766.769222
15.5,31,766.84984
1.25,5,766.862811
1.25,5,766.875638
15.5,22,766.926095
0.25,3,766.934514
17.0,21,766.98624
11.0,22,767.039197
6.5,13,767.072434
14.0,28,767.142373
-0.25,2,767.147689
2.25,7,767.16534
6.5,13,767.197259
5.25,13,767.231772
8.5,17,767.27287
10.5,12,767.303519
6.75,19,767.351692
5.25,13,767.384231
9.0,18,767.426556
-0.75,1,767.42953
21.0,31,767.510302
0.75,1,767.51335
4.75,12,767.544168
-0.25,2,767.549716
-0.75,1,767.552624
0.75,4,767.563187
1.75,6,767.579658
3.75,10,767.605666
-4.25,17,767.648354
-0.75,1,767.651284
14.0,21,767.70582
7.5,15,767.74519
7.75,13,767.779513
10.0,20,768.136915
2.75,8,768.155922
-4.25,6,768.170506
0.75,1,768.173213
17.0,22,768.227339
-0.25,2,768.232623
3.75,10,768.256487
3.75,10,768.280354
-1.25,3,768.289273
2.75,8,768.311376
10.0,16,768.351577
0.75,7,768.368445
-0.75,1,768.371115
2.25,7,768.388081
2.75,14,768.420132
1.25,5,768.431975
17.5,28,768.500431
-11.75,12,768.531074
5.25,13,768.564284
36.5,48,768.679348
-1.25,6,768.693358
9.0,18,768.735653
6.75,16,768.774322
16.0,19,768.821371
4.75,7,768.83884
-7.75,14,768.872816
6.5,19,768.915356
13.5,27,768.976816
30.0,51,769.094938
-0.75,1,769.097778
0.75,1,769.100335
0.75,1,769.102779
4.25,11,769.131041
5.0,13,769.162244
0.75,1,769.164963
-0.25,2,769.170134
-2.25,4,769.179373
26.5,37,769.271629
14.5,25,769.657888
-2.25,10,769.684804
-0.25,2,769.690218
3.25,6,769.705675
13.0,26,769.770418
3.75,10,769.794914
0.75,4,769.805304
3.25,9,769.8278
1.75,6,769.842921
0.75,1,769.845755
3.25,9,769.868272
1.75,3,769.876293
12.0,17,769.915947
3.75,13,769.948231
8.5,17,769.988183
1.25,5,770.000768
13.25,28,770.069542
7.75,15,770.10605
10.75,21,770.157316
-0.75,1,770.159935
-3.25,8,770.180285
-0.25,2,770.185507
4.75,12,770.214995
12.0,13,770.246775
-0.25,2,770.251997
7.25,17,770.292695
-0.75,1,770.295434
2.25,7,770.312365
6.25,15,770.349338
14.0,25,770.410121
-0.75,1,770.412755
11.75,14,770.449016
3.75,7,770.466954
15.25,20,770.516327
2.75,11,770.542734
-0.25,2,770.547949
6.25,15,770.586129
1.25,5,770.598613
1.25,5,770.611591
0.75,1,770.614302
-0.75,1,770.617193
17.5,23,770.674648
7.0,14,770.708217
9.25,13,770.740224
12.0,24,770.79941
-1.25,3,770.808179
9.0,18,770.855231
0.75,4,770.865869
-0.75,1,770.868715
-0.75,1,770.871731
1.75,6,770.889881
6.75,16,770.93137
2.25,7,771.257246
7.75,14,771.2937
15.0,19,771.343051
-0.25,2,771.348404
13.25,27,771.415502
-8.25,13,771.446784
8.5,17,771.489754
14.5,26,771.556854
0.25,3,771.569865
-0.25,2,771.578295
3.25,9,771.605322
5.25,13,771.647302
5.75,14,771.683906
15.75,23,771.73927
0.75,1,771.742216
-0.25,2,771.748124
5.25,13,771.781286
-0.75,1,771.784109
-0.75,1,771.786892
-0.75,1,771.789584
3.25,12,771.824777
0.75,1,771.827616
0.25,12,771.857717
0.75,4,771.868156
3.25,9,771.889964
4.25,11,771.91715
0.75,4,771.926691
-5.75,12,771.955562
3.25,9,771.97721
0.75,1,771.979834
-0.75,1,771.982622
-0.75,1,771.985301
0.75,4,771.995513
2.25,7,772.013895
-0.75,1,772.016845
2.25,7,772.034372
0.75,1,772.037161
-0.75,1,772.039895
0.25,6,772.054598
-4.75,11,772.081825
10.75,24,772.141672
2.75,8,772.162146
6.25,13,772.192691
6.75,16,772.231671
12.75,24,772.288164
12.0,14,772.323111
18.0,23,772.380847
-0.25,2,772.386654
-1.25,6,772.402874
17.0,21,772.458115
-0.75,1,772.461518
8.5,17,772.505882
-12.25,14,772.541711
0.75,1,772.544751
15.0,21,772.907376
-0.25,2,772.912815
-0.75,1,772.915397
-0.25,2,772.920552
12.0,19,772.965443
7.75,18,773.012373
-2.25,4,773.023183
-0.25,2,773.028119
-0.75,1,773.031105
19.0,24,773.08888
1.75,6,773.103825
6.5,13,773.136349
-0.75,1,773.139364
-1.25,3,773.147346
1.25,3,773.154843
1.25,5,773.167813
19.0,24,773.226742
0.75,1,773.229763
-0.25,14,773.263333
4.75,12,773.293596
14.25,28,773.36385
10.25,15,773.399966
9.5,19,773.445652
-0.75,1,773.448657
-0.25,2,773.457321
-0.25,2,773.4632
0.25,3,773.471132
0.75,4,773.481217
-0.75,1,773.484074
-0.25,2,773.489528
0.75,1,773.49233
11.0,22,773.545203
0.75,4,773.555667
0.75,4,773.565894
0.75,1,773.56873
-5.25,13,773.601659
4.25,11,773.62883
1.75,3,773.636818
11.5,13,773.669207
14.75,18,773.712501
-0.75,1,773.715199
5.25,13,773.74854
7.75,15,773.788199
7.0,14,773.823579
-0.25,2,773.828506
-0.25,2,773.833525
8.0,16,773.872769
11.75,16,773.910356
17.0,21,773.960847
16.75,22,774.017178
-1.25,3,774.0253
0.75,1,774.028108
-1.75,5,774.041083
5.25,13,774.075093
-0.75,1,774.077874
0.75,1,774.080877
-1.25,3,774.088977
-0.75,1,774.092174
1.75,6,774.107841
-2.25,4,774.118501
8.25,19,774.487739
0.75,1,774.490357
3.75,10,774.516532
0.25,3,774.524684
8.75,20,774.573987
0.25,3,774.581668
4.75,12,774.612504
5.25,13,774.649066
0.25,3,774.65659
-6.25,8,774.67737
1.75,6,774.692361
0.75,4,774.702514
0.25,3,774.710488
1.75,6,774.725984
4.75,12,774.755384
12.0,16,774.794474
2.75,8,774.816936
-1.75,8,774.837991
10.75,14,774.872782
1.75,6,774.888311
11.0,17,774.92929
0.75,4,774.939127
9.5,17,774.980767
3.75,10,775.004768
-3.25,5,775.016515
0.75,4,775.026252
-0.75,1,775.028835
0.75,1,775.031595
0.25,3,775.039349
-0.75,1,775.041951
-0.75,1,775.044691
0.75,4,775.05394
12.25,22,775.105854
0.25,3,775.113947
5.75,11,775.141746
18.0,23,775.196096
-0.25,2,775.201067
0.25,3,775.209646
0.25,3,775.217464
14.5,16,775.255681
6.75,11,775.2845
-0.25,2,775.290246
-0.75,1,775.293373
0.75,1,775.296456
-1.25,3,775.304504
5.75,14,775.342631
0.75,3,775.350765
-0.25,2,775.355862
0.25,3,775.363794
-0.75,1,775.366703
0.75,1,775.369672
-0.75,1,775.372594
-0.75,1,775.375348
-0.75,1,775.378229
-0.75,1,775.381105
-1.25,3,775.389323
-0.25,2,775.394597
-0.25,2,775.400016
2.25,7,775.416788
4.75,15,775.460964
0.75,1,775.464101
10.0,20,775.514762
4.75,12,775.547159
-0.75,1,775.550359
0.75,1,775.553501
13.5,27,775.624274
1.75,6,775.641057
5.25,13,775.676158
-4.25,6,775.692701
3.75,13,775.726674
0.25,3,775.734646
0.75,1,775.737645
-0.25,2,775.743383
1.25,5,775.756843
1.75,6,775.772975
0.25,3,775.781412
6.25,15,776.124834
5.75,14,776.160822
-0.75,1,776.163325
0.75,4,776.173883
5.25,13,776.207583
-0.25,2,776.213633
-0.25,5,776.226274
1.25,5,776.238657
3.75,10,776.261791
2.75,8,776.281666
-0.75,1,776.284719
-0.25,2,776.29055
-0.75,1,776.293712
7.25,10,776.320081
-0.75,1,776.323
0.25,3,776.330642
9.5,19,776.374263
0.75,1,776.377288
4.25,11,776.405416
1.25,5,776.416979
19.0,20,776.46773
-0.25,2,776.473231
-1.25,6,776.488482
0.75,1,776.491013
-0.25,2,776.496114
-0.25,2,776.501303
0.25,3,776.50901
-0.25,2,776.514134
-0.75,1,776.516942
-1.25,1,776.519788
4.75,8,776.539468
7.0,14,776.57169
1.75,6,776.587022
0.25,3,776.594703
-0.25,2,776.599878
6.25,15,776.6366
9.25,21,776.694561
0.75,1,776.698105
-0.25,2,776.704385
-0.25,8,776.728542
12.5,14,776.766604
3.75,10,776.797953
12.75,19,776.859309
2.75,5,776.874465
3.25,9,776.900738
-0.75,1,776.90431
0.75,1,776.907789
-0.75,1,776.911182
1.25,5,776.924702
0.75,4,776.937312
-0.75,1,776.94041
-1.25,3,776.948455
2.25,7,776.967247
6.5,13,776.999657
-1.25,3,777.007122
0.75,1,777.010076
0.25,3,777.017941
-0.75,7,777.035233
15.25,22,777.090405
10.5,21,777.145568
-4.25,16,777.188137
0.25,3,777.196695
-0.75,1,777.199913
0.25,3,777.208235
8.75,23,777.269878
3.25,9,777.295056
3.25,8,777.317152
4.25,11,777.34721
7.75,18,777.39414
-0.75,1,777.396931
14.75,23,777.458146
-0.25,2,777.773261
-0.75,1,777.776192
-0.75,1,777.779118
-0.75,1,777.781988
0.25,3,777.790377
0.25,3,777.799003
0.75,4,777.810466
10.75,19,777.858422
4.75,12,777.885957
0.75,1,777.88866
5.75,14,777.922598
3.25,9,777.943947
1.75,6,777.957711
0.75,4,777.967498
6.5,13,778.000635
0.25,3,778.007739
6.25,15,778.044076
0.25,3,778.05125
22.75,27,778.115514
0.25,3,778.123589
-1.25,3,778.13182
16.0,19,778.178646
3.75,10,778.202975
-0.75,1,778.205977
0.75,4,778.217306
14.75,31,778.292436
14.0,28,778.360673
9.25,11,778.387862
0.75,4,778.397512
0.75,1,778.400494
9.25,11,778.429079
16.0,19,778.476648
11.75,14,778.510586
1.25,5,778.52201
-0.75,1,778.524736
5.25,16,778.562918
-0.75,1,778.56586
2.75,8,778.586079
0.75,4,778.595768
0.75,1,778.598594
0.25,3,778.606567
0.75,1,778.6094
-0.25,2,778.61473
1.75,7,778.631822
3.25,9,778.655898
1.25,14,778.697329
-0.75,1,778.700271
0.25,3,778.708271
9.25,15,778.748354
-0.75,1,778.751373
11.75,26,778.821049
3.25,9,778.845087
0.25,3,778.8538
-0.25,2,778.859637
0.75,3,778.867966
19.0,30,778.948831
2.75,8,778.969209
3.25,6,778.98388
16.0,31,779.060629
5.75,11,779.39924
4.25,11,779.42783
0.25,3,779.436341
6.75,12,779.468229
3.75,10,779.493226
1.75,6,779.507941
7.25,13,779.539831
17.5,23,779.599463
19.0,24,779.66349
-0.25,2,779.669611
18.0,25,779.737993
2.25,4,779.749504
1.75,6,779.765691
0.75,7,779.783815
0.75,1,779.787017
-0.75,1,779.791248
12.25,23,779.856732
10.0,16,779.900336
-2.25,4,779.911328
7.75,18,779.958652
0.75,1,779.961983
-0.75,1,779.965276
1.75,6,779.98213
19.5,30,780.059503
0.25,3,780.067508
6.5,13,780.103319
4.75,12,780.134524
-0.25,2,780.14022
1.75,3,780.148086
-0.75,1,780.151013
15.5,29,780.224477
1.75,6,780.238938
0.25,3,780.245888
8.0,16,780.288162
-0.25,2,780.294
-0.25,2,780.299613
-0.75,1,780.302821
4.75,12,780.33538
0.75,4,780.34607
-0.75,1,780.348982
-0.75,1,780.352084
-0.25,2,780.357748
13.5,17,780.403638
10.25,23,780.466128
1.25,20,780.520336
-0.75,1,780.52367
12.5,25,780.589589
13.75,26,780.661644
-0.75,1,780.664692
4.75,12,780.698151
24.5,30,781.199241
-0.25,2,781.208159
4.25,11,781.245661
1.75,3,781.253883
0.75,1,781.256866
-7.75,14,781.293536
6.25,15,781.333452
0.25,6,781.34958
2.75,5,781.362626
4.25,11,781.390136
1.75,6,781.406564
0.75,1,781.409515
-1.25,3,781.417397
0.25,3,781.425287
7.0,14,781.45987
7.5,15,781.495742
1.75,6,781.50964
-0.25,2,781.514623
6.25,15,781.551112
-0.75,1,781.554131
0.75,1,781.556942
0.75,4,781.566912
4.25,11,781.5964
0.25,3,781.604527
3.75,10,781.63008
0.75,4,781.640681
7.25,17,781.684316
10.75,14,781.719914
-2.75,15,781.760444
7.75,18,781.811095
-1.25,3,781.818913
5.75,14,781.854393
12.5,25,781.931395
4.25,11,781.961276
-0.75,1,781.964324
-0.25,2,781.969495
-0.75,1,781.972723
0.75,1,781.976131
3.25,9,782.001893
6.5,13,782.038934
-0.75,1,782.041997
6.25,15,782.082048
16.0,19,782.132853
5.25,16,782.176127
0.75,1,782.179175
-0.75,1,782.18207
13.75,30,782.260864
11.0,22,782.319206
0.75,4,782.329477
3.25,9,782.351635
0.75,1,782.354243
5.25,13,782.38579
-2.75,3,782.393388
-0.75,1,782.396237
-0.25,2,782.401917
-0.75,1,782.404707
9.25,15,782.441521
8.25,13,782.474281
4.75,12,782.504292
-0.25,2,782.509139
11.5,23,782.889478
-1.25,3,782.896917
-0.25,2,782.901988
0.25,3,782.90999
4.75,15,782.946317
9.5,19,782.993875
-1.25,6,783.00891
4.75,12,783.038117
-0.75,1,783.041001
4.75,12,783.071738
1.25,5,783.084772
-0.25,2,783.089985
13.5,27,783.157203
14.25,18,783.201543
0.25,3,783.209995
11.0,22,783.266146
0.75,1,783.269217
11.25,25,783.33181
-0.75,1,783.334598
5.25,13,783.365567
0.25,3,783.372711
11.5,19,783.41699
9.5,16,783.45335
23.0,26,783.517697
7.25,12,783.544981
-0.75,1,783.547743
9.5,19,783.592954
-0.75,1,783.596287
-0.25,2,783.601894
-0.75,1,783.604768
-0.25,2,783.610123
6.25,15,783.648345
2.25,7,783.666392
11.25,19,783.714725
0.25,3,783.722911
-2.75,12,783.753887
5.75,14,783.790044
13.75,18,783.836361
-0.75,1,783.839311
-2.75,9,783.86255
0.75,1,783.86536
9.5,19,783.920119
5.25,13,783.952991
8.0,16,783.99284
1.75,6,784.007062
7.25,15,784.042527
4.75,12,784.071365
1.75,6,784.085377
7.25,13,784.115439
14.5,29,784.486813
4.25,11,784.514084
3.75,10,784.53669
0.25,9,784.559654
0.75,4,784.570046
0.75,4,784.580395
6.75,16,784.617161
-0.75,1,784.619658
-0.25,2,784.625169
13.5,24,784.684097
-1.25,3,784.690964
2.75,8,784.710443
-0.75,1,784.713109
0.75,1,784.71595
2.75,5,784.728656
5.25,13,784.761829
9.5,19,784.8124
-0.75,1,784.815387
17.0,23,784.870055
7.25,17,784.909602
7.25,17,784.953637
9.25,21,785.007166
2.25,7,785.024333
8.5,17,785.065298
0.75,1,785.067877
-0.25,2,785.073048
-4.25,9,785.096151
17.5,22,785.155738
22.0,28,785.221534
0.75,4,785.232846
-0.75,1,785.235851
-0.75,1,785.238709
-0.75,1,785.241468
-0.75,1,785.244391
2.75,8,785.265073
-0.75,1,785.268057
2.25,4,785.278444
2.25,7,785.298733
8.75,20,785.351002
9.75,12,785.381879
5.75,17,785.424173
19.5,42,785.528893
-0.25,2,785.533861
5.75,14,785.568532
3.75,13,785.600177
10.25,13,785.631018
6.25,15,785.669379
9.25,21,786.039737
3.75,10,786.064663
7.5,21,786.118988
-2.25,4,786.129736
-5.75,12,786.160008
-5.25,7,786.177997
5.25,13,786.211382
6.25,14,786.247742
8.25,12,786.276281
4.75,12,786.308593
16.5,33,786.389164
8.25,14,786.423772
14.0,21,786.476166
5.25,13,786.509855
4.75,12,786.537732
0.25,3,786.545582
19.0,24,786.604212
-0.25,2,786.609214
2.25,7,786.626393
-3.75,10,786.653219
1.75,6,786.668725
4.25,11,786.69741
-0.25,2,786.702466
-0.25,2,786.707704
9.5,22,786.763633
9.75,22,786.823596
-0.25,2,786.8293
0.25,3,786.837682
10.5,21,786.890956
11.25,16,786.932309
12.75,16,786.971691
14.5,16,787.014709
5.75,11,787.041501
1.25,5,787.054844
0.75,4,787.06492
16.5,25,787.123426
-6.25,8,787.142843
10.5,21,787.195121
16.0,28,787.270001
17.5,23,787.334891
4.75,15,787.6983
-0.25,14,787.735788
15.25,22,787.793423
-0.25,2,787.798751
3.75,10,787.830314
7.75,11,787.860886
0.25,3,787.869163
11.0,22,787.928408
3.75,10,787.954496
19.5,42,788.061591
-3.25,5,788.074577
0.75,4,788.086607
0.75,1,788.089526
0.75,1,788.0924
20.5,36,788.181126
1.25,8,788.201914
0.75,13,788.235529
-0.75,1,788.238634
14.0,28,788.307196
-14.25,16,788.348111
-0.75,1,788.351046
2.75,8,788.37294
2.75,8,788.393867
3.75,10,788.419673
14.0,21,788.473975
-0.75,1,788.476978
0.25,3,788.485225
12.75,28,788.557674
0.25,3,788.565632
19.0,24,788.627401
0.75,1,788.630394
5.75,14,788.665927
7.0,14,788.701745
0.75,1,788.70469
17.75,21,788.758432
4.75,12,788.789664
15.5,19,788.83808
-0.75,1,788.840997
11.25,18,788.886083
8.0,16,788.922895
-0.25,2,788.927833
6.75,13,788.959978
10.0,20,789.319761
11.75,20,789.369974
-2.25,4,789.38025
27.0,39,789.479403
-4.75,11,789.507167
3.75,10,789.532367
-3.25,8,789.551799
12.0,24,789.610309
11.0,32,789.686395
10.25,23,789.742008
0.75,4,789.751776
-0.75,1,789.754695
10.5,24,789.815267
-0.75,1,789.818077
-0.75,1,789.820953
0.75,4,789.831634
2.25,7,789.850485
1.25,5,789.863971
0.75,1,789.866976
2.25,7,789.884766
8.5,17,789.92675
11.5,23,789.983693
2.25,7,790.001976
10.75,24,790.063742
-0.25,2,790.069144
-0.25,2,790.074502
9.0,18,790.121086
4.25,11,790.150594
8.0,16,790.192008
0.75,1,790.195087
13.0,14,790.231899
13.0,16,790.27186
2.25,7,790.289385
6.25,15,790.326326
-0.25,2,790.332115
6.0,12,790.362144
1.75,6,790.376931
6.25,18,790.422213
11.75,26,790.486595
4.75,12,790.517051
0.25,3,790.524685
6.75,16,790.564094
0.75,1,790.566998
22.25,36,790.948371
-7.25,18,790.993841
11.25,25,791.056773
-1.25,3,791.064951
12.0,14,791.100785
13.75,18,791.146487
9.25,17,791.187443
-12.25,26,791.250409
10.0,23,791.305624
5.25,13,791.336988
-1.75,17,791.379498
0.25,3,791.387793
-2.25,4,791.397901
14.75,20,791.446003
3.75,13,791.478595
0.75,4,791.488413
-7.25,9,791.50945
-5.25,10,791.533272
-0.75,1,791.536092
-1.25,3,791.543584
-2.25,4,791.553681
13.5,15,791.590504
0.75,4,791.600344
1.25,5,791.612684
1.75,3,791.620267
14.5,41,791.727053
9.25,18,791.775561
10.5,21,791.832147
6.25,15,791.868332
1.25,5,791.88107
11.5,23,791.939836
-0.75,1,791.942537
8.5,17,791.982675
-0.25,2,791.987955
4.75,8,792.006422
-17.25,19,792.054852
9.0,18,792.099231
1.75,3,792.106697
-15.25,20,792.466931
20.5,41,792.569431
8.75,14,792.60312
8.25,19,792.648203
-0.75,1,792.650964
14.5,29,792.721583
5.75,14,792.757019
0.75,1,792.76001
5.75,14,792.797395
4.75,12,792.83023
0.25,3,792.838284
-0.25,2,792.843663
6.0,12,792.875079
-2.25,4,792.886765
3.25,9,792.912492
-3.25,5,792.925522
0.75,1,792.928646
8.25,16,792.968399
13.75,18,793.01186
5.75,14,793.04672
9.5,19,793.096905
1.25,5,793.110162
7.75,18,793.156548
-0.25,2,793.161979
15.75,27,793.231425
13.0,16,793.272433
1.75,6,793.288405
-0.25,2,793.294342
15.0,18,793.342104
15.5,34,793.428275
1.25,5,793.440841
6.75,13,793.474277
-0.25,2,793.479869
22.0,28,793.54849
9.75,14,793.582947
1.75,6,793.597979
5.75,11,793.62368
8.0,19,793.671233
8.75,21,793.722533
3.25,9,793.744456
3.75,10,794.079906
0.75,1,794.082978
-0.75,1,794.085964
12.0,20,794.135257
-0.75,1,794.138052
-0.25,2,794.143376
11.75,15,794.179785
4.75,12,794.209222
-0.75,1,794.212192
-0.75,1,794.215003
12.75,28,794.283214
-0.25,2,794.288646
-0.75,1,794.291541
9.25,12,794.322243
19.0,24,794.383459
0.75,4,794.393881
0.75,1,794.396504
20.5,37,794.487221
7.5,15,794.525891
10.0,18,794.569037
9.75,12,794.597506
0.25,3,794.604836
-1.75,8,794.623778
2.75,7,794.642397
27.0,39,794.745166
3.25,9,794.769131
-0.75,1,794.77316
0.25,3,794.78198
0.25,3,794.790287
11.0,22,794.848848
20.5,30,794.925572
-9.75,16,794.969284
3.75,10,794.994689
4.25,11,795.020828
11.5,23,795.076354
7.25,17,795.118786
-0.75,1,795.121701
9.25,15,795.160162
15.0,19,795.205815
3.25,9,795.227463
-0.75,1,795.230191
1.25,5,795.242615
7.75,18,795.28577
0.75,4,795.296014
4.25,11,795.322412
-1.25,3,795.330268
0.75,1,795.333451
6.5,13,795.666692
-0.75,1,795.669527
17.0,23,795.724704
8.75,20,795.77292
-0.25,2,795.777887
5.75,11,795.80448
0.75,1,795.807241
19.0,30,795.882696
-4.25,9,795.903522
0.75,1,795.906188
0.75,1,795.908908
-0.25,2,795.91447
8.0,16,795.954587
7.75,18,795.999068
3.75,7,796.015543
4.25,11,796.042371
-0.75,1,796.045276
8.75,14,796.079743
2.25,7,796.097095
2.25,6,796.11251
0.75,1,796.115574
3.75,16,796.154618
12.5,17,796.199144
0.75,4,796.209815
8.25,16,796.25128
0.25,6,796.266737
8.75,20,796.318536
9.5,19,796.368227
-0.75,1,796.371282
-0.75,1,796.374007
15.0,19,796.423439
2.25,7,796.440762
13.25,16,796.480594
6.75,16,796.52051
-0.75,1,796.523151
0.75,4,796.53274
10.5,24,796.587996
2.75,8,796.606959
-0.75,1,796.609577
0.75,4,796.619622
0.75,1,796.622413
7.25,14,796.656327
2.25,7,796.675133
4.25,11,796.703141
0.75,4,796.71406
11.75,14,796.747596
2.75,8,796.766268
-0.75,1,796.769041
-1.25,3,796.776866
0.75,4,796.785966
2.75,8,796.8086
13.0,18,796.859267
2.75,5,796.873482
5.0,16,796.919638
5.25,13,796.954042
-0.75,1,796.956816
-0.25,2,797.278564
0.75,1,797.281647
-5.25,16,797.321117
9.5,19,797.369442
2.75,23,797.423378
1.75,6,797.437759
-0.25,2,797.443418
-0.25,2,797.448767
4.75,12,797.479329
5.25,13,797.512681
0.25,3,797.520217
24.5,30,797.593009
0.75,1,797.595582
1.25,5,797.607922
2.25,7,797.625475
7.5,18,797.669938
-3.75,13,797.701506
8.25,15,797.738238
6.75,16,797.779507
5.25,13,797.814744
1.75,6,797.830683
0.75,1,797.833734
0.75,1,797.836649
0.75,1,797.839723
13.5,27,797.909262
-0.75,1,797.912271
4.25,11,797.940569
4.25,11,797.969616
8.25,13,798.004162
-0.25,2,798.009912
-0.75,1,798.013108
2.75,8,798.034221
12.0,18,798.078789
1.75,6,798.093807
-0.75,1,798.096665
8.0,16,798.135123
-0.25,2,798.140093
5.75,14,798.17408
-0.75,1,798.177118
7.75,14,798.210877
-0.75,1,798.213543
1.25,5,798.226818
22.0,23,798.285641
4.75,15,798.325362
-0.75,1,798.328202
1.25,5,798.341956
1.75,6,798.357756
1.25,5,798.370391
4.75,7,798.388072
-0.75,1,798.390979
-0.75,1,798.393733
0.25,3,798.401363
0.75,4,798.411092
2.25,4,798.420589
0.75,1,798.423087
1.25,5,798.434778
-8.25,10,798.4579
4.25,11,798.485407
11.0,22,798.538356
9.5,17,798.888147
12.25,15,798.924415
-6.75,16,798.961617
0.75,1,798.964239
8.0,21,799.018437
1.25,5,799.031005
-0.75,1,799.033627
0.75,4,799.043213
12.0,20,799.090645
-0.25,2,799.095886
-4.25,6,799.11074
-2.25,4,799.120678
-9.75,13,799.151758
0.25,3,799.158956
9.75,22,799.210984
2.25,7,799.227643
-4.75,14,799.261496
12.75,27,799.328233
8.25,16,799.369906
-0.25,2,799.375455
13.0,16,799.416936
-0.75,1,799.419865
16.5,22,799.476543
9.75,16,799.517753
5.25,13,799.55241
11.0,22,799.609297
10.75,24,799.669085
13.75,21,799.723073
9.75,12,799.752905
1.25,5,799.765528
6.25,15,799.801876
-2.75,21,799.854938
19.0,28,799.921351
0.25,3,799.928637
-0.25,2,799.93369
-3.25,5,799.946444
7.25,17,799.988156
2.75,14,800.024476
0.75,1,800.027645
2.75,8,800.048232
-0.25,2,800.053532
1.25,5,800.066609
8.25,12,800.09727
3.25,9,800.120115
8.0,16,800.476709
-0.75,1,800.479472
5.25,13,800.510761
-0.75,1,800.513335
5.25,13,800.544338
3.25,9,800.566498
-0.75,1,800.569691
13.0,16,800.611373
-0.25,2,800.6166
-0.75,1,800.619412
5.25,23,800.674561
0.25,3,800.682553
14.5,29,800.752273
-0.75,16,800.794428
5.75,14,800.834768
3.75,10,800.85983
4.75,7,800.876966
10.75,24,800.936517
-0.25,2,800.94181
9.5,19,800.989633
3.25,9,801.013246
3.75,10,801.039259
0.75,1,801.041981
0.75,4,801.053522
6.75,14,801.090494
-0.25,2,801.09585
5.25,13,801.128658
-0.75,1,801.131564
7.25,12,801.16221
-0.75,1,801.165158
-1.25,3,801.173227
9.25,15,801.210789
8.5,17,801.249842
2.25,13,801.280673
4.25,11,801.306277
-1.25,3,801.314091
-0.25,2,801.31958
0.75,1,801.322754
-0.75,1,801.325462
3.75,7,801.346374
0.75,1,801.349391
3.25,6,801.365461
12.25,24,801.424681
11.75,20,801.473209
4.25,11,801.501245
-0.75,1,801.504307
23.0,26,801.567398
-0.75,1,801.570289
8.25,18,801.615189
0.75,1,801.617868
4.75,12,801.646574
6.25,15,801.68148
-0.75,1,801.68408
-1.25,3,801.691691
-3.25,8,801.711378
4.75,12,801.738925
9.75,12,802.072808
-0.75,1,802.075716
7.0,14,802.116802
23.5,31,802.193
-0.75,1,802.195952
6.75,16,802.237589
-0.25,2,802.243213
10.0,20,802.293297
0.75,1,802.296045
13.0,18,802.340413
-3.25,8,802.360624
4.25,11,802.389497
-0.75,1,802.392128
0.75,1,802.394863
10.25,15,802.431271
0.25,3,802.439116
22.0,23,802.497468
7.0,14,802.53432
-0.75,1,802.537302
0.25,3,802.545692
0.25,3,802.553806
1.75,6,802.570108
-4.25,9,802.593617
14.0,23,802.654371
1.75,6,802.670206
6.5,13,802.703508
-0.75,1,802.706522
0.75,4,802.717426
9.5,16,802.75925
5.75,14,802.795214
1.75,9,802.818662
-2.25,4,802.829511
0.75,1,802.832483
9.5,19,802.878835
-0.25,2,802.884249
3.75,10,802.909942
3.25,9,802.930977
7.25,17,802.972255
0.75,1,802.975014
2.75,5,802.988134
7.0,17,803.029732
-0.25,2,803.035095
-0.75,1,803.037863
-11.25,16,803.075328
-0.75,1,803.07851
-1.25,6,803.094809
-0.75,1,803.097646
4.25,12,803.128965
4.75,12,803.158638
4.25,11,803.184997
6.75,12,803.212999
10.0,18,803.259042
2.25,7,803.276215
0.75,1,803.279338
4.75,12,803.308125
1.25,5,803.320365
2.25,7,803.338636
6.75,13,803.684581
-0.75,1,803.687524
0.75,1,803.690441
-2.25,4,803.701287
3.25,9,803.724049
0.25,3,803.73221
0.75,4,803.742971
3.25,9,803.765728
13.25,15,803.803973
1.25,5,803.817098
-6.25,12,803.848747
3.25,7,803.866456
-1.25,3,803.874295
2.25,7,803.892477
-0.25,2,803.897734
1.25,5,803.910845
3.75,9,803.933522
3.75,13,803.963505
0.75,4,803.973706
-0.75,1,803.976505
-0.25,5,803.988965
1.75,6,804.003815
6.75,16,804.048164
2.75,8,804.069077
-0.25,2,804.074661
-0.25,2,804.080264
2.25,7,804.09929
9.0,18,804.147861
-0.75,1,804.150904
11.0,17,804.195258
13.0,14,804.232804
7.25,14,804.269008
-0.25,2,804.275001
1.75,15,804.341147
-0.75,1,804.346532
0.75,1,804.35151
5.0,19,804.438689
4.75,7,804.460389
3.25,9,804.48862
-0.25,2,804.49472
5.75,11,804.525255
0.25,3,804.534599
0.75,4,804.549725
-1.25,3,804.557667
-0.25,2,804.562889
9.25,21,804.614929
11.0,22,804.66878
-1.25,6,804.682717
0.75,1,804.685466
-9.25,11,804.712379
6.75,13,804.745395
1.25,5,804.758353
9.0,18,804.80237
3.25,9,804.827042
17.25,21,804.880322
0.75,1,804.883438
11.5,18,804.927859
-7.25,15,804.9656
1.25,8,804.985443
3.75,10,805.01001
6.25,20,805.065673
1.25,5,805.078506
-0.75,1,805.391874
-0.25,2,805.397514
0.75,1,805.400408
10.5,21,805.451599
2.25,7,805.471836
-0.75,1,805.474797
-0.25,2,805.4803
4.75,12,805.509481
-0.75,1,805.512299
-0.75,1,805.515125
0.75,4,805.525338
0.75,4,805.537931
0.75,1,805.540859
13.5,21,805.589231
-0.75,1,805.591906
-0.25,2,805.597076
-0.75,1,805.599808
-0.25,2,805.604825
-2.25,4,805.614708
13.5,20,805.665239
-0.25,2,805.670463
0.25,3,805.678824
-0.75,1,805.681936
4.75,12,805.711988
12.5,25,805.774679
5.25,13,805.808313
5.25,13,805.844321
-3.75,7,805.862898
6.75,16,805.903599
-0.75,1,805.906648
14.0,23,805.962173
1.25,5,805.974524
2.75,23,806.027933
13.0,16,806.065495
12.5,34,806.150673
2.75,8,806.17048
3.75,10,806.194494
7.75,12,806.223851
0.75,8,806.243312
-2.25,4,806.25346
13.0,22,806.307183
0.75,1,806.310156
-3.25,5,806.322698
3.75,10,806.350216
10.0,20,806.400696
0.25,19,806.445765
7.75,18,806.491945
12.5,25,806.553356
13.0,14,806.588218
-1.25,3,806.595933
14.0,23,806.652738
10.75,24,807.018423
15.0,21,807.06785
0.75,4,807.078081
-0.75,1,807.080893
8.5,17,807.124064
0.75,4,807.135756
10.5,12,807.166654
0.75,1,807.169556
6.75,13,807.203304
-6.25,14,807.239685
1.75,6,807.25602
-1.25,9,807.279412
4.25,11,807.307665
-0.75,1,807.310516
4.75,12,807.342735
-0.25,2,807.348682
5.25,13,807.384192
-0.75,1,807.387215
1.75,3,807.395303
-0.25,2,807.400848
-0.25,2,807.406433
0.75,1,807.409135
15.5,34,807.496412
2.75,6,807.511741
13.0,26,807.575822
12.0,18,807.619814
-0.25,2,807.625536
3.75,10,807.651473
0.75,1,807.654388
10.5,24,807.713292
-0.25,2,807.718453
-0.25,2,807.723958
4.5,12,807.75389
0.75,4,807.764405
1.25,5,807.776437
1.25,5,807.790151
-0.25,2,807.795591
-0.25,2,807.801061
3.75,13,807.836693
6.25,19,807.883747
-0.25,2,807.889495
0.75,1,807.892466
0.75,1,807.895308
6.75,13,807.927931
8.25,19,807.971681
14.5,18,808.014879
3.75,10,808.04111
17.5,26,808.103064
0.75,1,808.105789
9.25,12,808.136095
3.75,10,808.162343
3.5,31,808.237553
0.75,4,808.246746
3.25,12,808.595874
0.75,4,808.605951
8.0,16,808.648151
-0.25,2,808.653569
8.0,16,808.69208
7.75,18,808.734679
-0.25,2,808.74007
-0.75,7,808.756901
-0.25,2,808.762448
1.25,5,808.775685
-0.75,1,808.778605
5.0,16,808.821004
8.25,15,808.859592
0.75,1,808.862564
8.0,16,808.904713
8.5,19,808.952846
0.75,1,808.955831
3.25,6,808.971365
-0.75,1,808.97435
-0.75,1,808.977205
-0.25,8,808.998158
13.0,14,809.034618
4.75,15,809.073255
5.25,13,809.105895
-0.75,1,809.10878
7.25,14,809.145307
-0.75,1,809.148094
-0.75,1,809.151007
0.25,3,809.158933
0.75,4,809.16941
-4.75,8,809.190985
5.75,14,809.225777
-6.25,11,809.252788
-0.25,2,809.257695
8.25,16,809.297236
23.25,38,809.391236
2.25,7,809.408494
-1.25,9,809.430478
0.75,1,809.433431
-0.75,1,809.436332
10.5,14,809.472617
0.25,3,809.480815
3.25,9,809.502888
0.25,3,809.509858
1.25,5,809.522977
14.0,28,809.592178
0.75,1,809.595353
-0.25,2,809.600767
2.25,7,809.618609
2.25,7,809.635502
10.5,21,809.687507
6.5,13,809.719932
8.0,19,809.765616
16.5,33,809.844304
-0.75,1,809.847054
0.75,1,809.849886
13.5,27,810.219655
-0.25,2,810.22489
0.75,1,810.227664
3.25,9,810.251443
0.75,4,810.261839
-0.25,2,810.267282
3.25,15,810.303933
4.75,12,810.333614
-0.25,2,810.339417
4.75,12,810.370652
8.0,16,810.412503
4.75,12,810.444277
10.0,29,810.519302
6.75,10,810.545456
11.25,15,810.584974
14.0,25,810.649213
1.75,12,810.680639
-0.25,2,810.686091
7.25,11,810.713933
8.5,17,810.755487
2.25,5,810.767612
5.25,19,810.812996
4.25,14,810.850633
-8.5,13,810.882859
1.75,6,810.89784
0.75,4,810.908658
3.25,9,810.931075
-0.25,2,810.936493
2.75,8,810.95591
0.75,1,810.958727
-0.25,2,810.963614
12.0,13,810.996623
15.0,19,811.042061
2.75,8,811.060987
10.5,21,811.111046
11.75,20,811.161894
0.75,1,811.164818
13.5,24,811.225973
4.0,20,811.27705
5.25,10,811.301768
-0.25,2,811.306781
-0.25,2,811.311919
-0.25,2,811.317371
1.25,11,811.346772
0.25,3,811.355121
15.0,19,811.402532
0.25,3,811.410338
-0.75,1,811.413314
28.0,46,811.867966
9.5,19,811.915271
-0.75,1,811.918319
22.0,23,811.979349
12.0,20,812.032405
5.25,7,812.052167
19.0,30,812.132462
0.75,4,812.142997
2.25,7,812.160475
6.25,15,812.197746
-0.25,2,812.203069
18.0,23,812.261455
6.75,11,812.287575
1.25,5,812.30043
0.75,1,812.303405
3.75,10,812.327714
8.75,17,812.374154
-0.25,2,812.379686
-0.25,2,812.385133
8.25,19,812.430734
13.0,19,812.480563
11.5,23,812.535498
6.25,12,812.56477
-5.25,13,812.59607
3.5,22,812.64885
0.75,4,812.65861
0.75,4,812.668237
-0.25,2,812.673875
0.75,4,812.683747
20.5,30,812.756811
19.5,30,812.833132
0.75,1,812.835932
-0.25,2,812.841402
11.75,26,812.903655
6.75,16,812.943111
0.25,3,812.950637
3.75,10,812.975573
-0.75,1,812.978202
-3.25,5,812.990223
-0.75,1,812.993187
-0.25,2,812.998535
-0.75,1,813.001434
12.0,20,813.049052
1.75,3,813.056427
5.25,13,813.086685
14.0,28,813.468136
-0.75,1,813.471133
-0.25,2,813.476843
6.5,13,813.510283
3.75,10,813.535946
0.25,3,813.543876
0.75,1,813.546772
-0.75,1,813.549613
11.0,22,813.606203
0.75,4,813.616812
16.5,19,813.665949
2.25,7,813.683318
0.75,1,813.686167
4.75,9,813.708513
-0.25,2,813.713877
-3.25,8,813.73224
10.0,20,813.777307
0.25,3,813.784866
-9.25,14,813.818298
1.75,12,813.848504
4.75,12,813.876007
-3.25,5,813.887608
12.0,18,813.928089
0.25,3,813.935627
6.75,14,813.968686
0.75,1,813.971295
0.25,3,813.978886
5.25,19,814.021235
13.0,19,814.065633
5.0,19,814.109579
11.5,23,814.163551
31.0,34,814.242357
1.75,6,814.256799
16.0,18,814.298445
11.5,23,814.354846
3.75,10,814.378382
9.5,22,814.429625
0.75,1,814.432391
5.75,14,814.468739
9.5,16,814.507697
9.0,18,814.55301
-4.75,11,814.579462
0.25,3,814.586813
3.75,10,814.609458
0.25,3,814.617291
0.75,1,814.620164
2.25,4,814.630597
0.75,1,814.633525
7.25,14,814.984828
5.75,14,815.0193
4.75,12,815.05071
0.75,1,815.053557
9.25,15,815.091687
0.75,4,815.102296
-0.25,2,815.1077
1.25,5,815.121117
11.5,23,815.178211
-0.75,1,815.1808
22.0,28,815.248493
4.25,11,815.278408
-0.75,1,815.282305
6.0,12,815.312307
3.25,9,815.335851
7.5,15,815.373158
6.75,10,815.398314
7.75,11,815.426157
-0.25,2,815.431623
0.75,4,815.442361
9.75,13,815.474993
0.75,4,815.48491
14.5,29,815.553924
-0.25,2,815.558977
-9.25,11,815.586827
1.75,6,815.601387
-7.25,18,815.644908
4.75,12,815.673793
-1.25,3,815.681285
8.5,17,815.722652
0.75,1,815.725317
0.75,1,815.727963
-3.25,5,815.740886
4.75,12,815.769821
5.75,14,815.803471
-2.25,4,815.813407
-0.25,2,815.819867
6.25,15,815.857664
-0.75,1,815.860576
12.0,24,815.918301
16.5,33,815.996794
4.75,12,816.024631
4.25,11,816.05235
3.25,9,816.074064
12.0,17,816.113483
7.25,14,816.147265
1.75,6,816.161901
-0.25,2,816.166769
4.25,11,816.19313
2.75,8,816.212627
9.5,19,816.570916
1.25,5,816.584218
-0.25,2,816.589737
-2.25,8,816.609952
8.0,28,816.682564
16.5,23,816.761307
3.25,9,816.785254
9.0,18,816.832839
-0.25,2,816.83836
6.25,15,816.875697
6.25,15,816.911979
2.25,7,816.929246
1.25,5,816.941163
3.25,9,816.964376
-2.25,4,816.9738
0.75,1,816.976807
16.5,27,817.043663
-0.75,1,817.046575
6.75,16,817.087979
0.75,1,817.090904
14.5,26,817.155123
7.5,12,817.184811
0.75,1,817.187436
2.25,7,817.205487
-2.25,4,817.2159
3.75,10,817.241955
0.25,3,817.249857
1.75,6,817.265721
6.75,16,817.304801
10.75,14,817.349211
-1.25,3,817.357194
3.75,10,817.381632
13.0,32,817.461877
7.75,18,817.50781
12.0,24,817.564857
7.5,21,817.614738
10.75,24,817.674468
5.25,10,817.697428
0.25,3,817.70522
6.5,13,817.736147
3.5,16,817.774816
9.75,22,817.827542
0.75,1,817.830511
7.25,13,818.168642
-0.25,2,818.174438
0.75,4,818.185375
13.0,15,818.225338
10.25,13,818.260502
3.0,21,818.31506
1.25,5,818.328607
2.25,7,818.348433
0.25,18,818.395008
0.75,1,818.39796
6.0,21,818.450197
13.0,26,818.528198
2.75,8,818.549881
-0.25,2,818.555415
-0.75,1,818.558256
-4.25,9,818.580616
0.25,3,818.588199
10.0,17,818.628665
5.75,14,818.663761
0.75,1,818.666672
6.25,15,818.702302
-5.75,12,818.731902
8.0,16,818.769733
0.25,3,818.777658
-0.75,1,818.780907
-0.75,1,818.783966
5.25,13,818.816233
8.25,19,818.868536
0.75,4,818.879695
13.0,14,818.914453
-2.25,4,818.925147
-2.25,4,818.936196
-0.75,1,818.939098
0.75,4,818.949708
14.25,30,819.027016
4.75,12,819.055554
15.5,31,819.136837
1.25,5,819.14904
0.25,3,819.157212
7.75,18,819.201929
21.5,27,819.270955
9.5,19,819.316237
-2.75,6,819.332293
-0.75,1,819.335308
-0.25,2,819.34111
9.0,30,819.416173
0.75,1,819.4187
-0.25,2,819.423958
13.0,26,819.805887
0.25,3,819.81444
-0.75,1,819.818149
-1.25,3,819.826771
-3.25,11,819.855866
0.25,3,819.863801
19.0,24,819.922646
6.0,12,819.952952
4.5,12,819.983135
2.25,7,820.000315
0.25,3,820.007934
5.5,20,820.058652
0.25,3,820.066506
0.75,1,820.069327
-0.75,1,820.072335
9.0,18,820.115412
-2.25,4,820.126079
-2.25,4,820.137141
10.5,21,820.188143
-2.25,4,820.198661
-1.75,5,820.211809
-0.75,1,820.214681
15.0,19,820.261114
-2.25,4,820.271166
0.25,3,820.278955
0.25,3,820.286334
1.25,14,820.318567
14.5,16,820.361328
2.25,7,820.379422
5.75,14,820.413609
0.75,4,820.423485
-2.25,4,820.433957
-0.75,1,820.436824
10.25,29,820.511078
1.75,6,820.526225
0.75,10,820.550542
1.25,5,820.562762
0.25,3,820.570803
0.75,1,820.573901
14.5,21,820.626535
0.75,1,820.629345
5.25,13,820.662797
2.25,18,820.70591
10.75,24,820.766992
10.75,24,820.83049
-0.25,2,820.835915
0.75,1,820.838609
-0.75,1,820.841475
4.75,12,820.87125
0.0,33,820.952157
13.0,26,821.014505
0.75,4,821.024013
0.75,1,821.027269
8.5,17,821.071092
2.75,5,821.083656
1.75,6,821.408316
5.75,14,821.44498
-2.25,10,821.47146
13.0,26,821.53537
-3.25,11,821.562171
8.0,19,821.609565
1.25,5,821.62227
1.75,6,821.637475
0.25,3,821.646264
5.25,13,821.680066
14.0,17,821.721984
6.75,19,821.769559
4.75,15,821.806972
2.25,7,821.825792
2.25,7,821.844113
9.0,18,821.889826
8.25,19,821.934305
5.75,6,821.948451
-3.75,4,821.958237
18.0,23,822.014809
14.75,31,822.090593
-4.75,11,822.117661
0.75,1,822.120535
-0.25,2,822.125455
7.75,18,822.172376
0.75,1,822.175361
1.5,12,822.20557
-3.25,5,822.218125
8.75,20,822.268073
2.25,7,822.285121
12.25,17,822.32489
12.5,25,822.388952
-0.25,2,822.394532
-0.25,2,822.400633
0.75,1,822.40354
0.75,1,822.406514
0.75,1,822.409517
-4.25,6,822.424751
5.25,19,822.476842
0.25,3,822.486669
0.25,3,822.496151
0.75,1,822.49967
4.25,11,822.532495
29.0,46,822.669323
0.75,1,822.673004
11.75,18,822.765375
1.75,6,823.099505
-0.75,1,823.102456
0.75,4,823.113052
1.75,3,823.120957
0.75,4,823.131976
8.75,12,823.162284
13.5,16,823.203709
8.0,16,823.241518
-0.25,2,823.247117
-0.75,1,823.250135
6.75,16,823.289401
0.75,1,823.292269
3.75,13,823.323114
-1.75,8,823.344045
0.75,1,823.347045
16.25,31,823.42295
0.75,1,823.426125
5.25,13,823.459487
9.5,19,823.509409
2.75,8,823.528868
2.75,8,823.551139
0.25,3,823.559789
-2.0,14,823.5958
2.25,7,823.61249
-1.25,3,823.620569
13.5,19,823.669278
13.0,26,823.730745
0.75,1,823.733588
0.25,3,823.74145
1.75,6,823.7572
23.5,36,823.846234
-0.25,2,823.85129
19.0,28,823.920252
7.75,18,823.96325
4.25,11,823.991688
-0.75,1,823.99436
12.0,19,824.040645
2.75,8,824.059796
-0.25,2,824.064763
-0.75,7,824.082263
10.0,20,824.128804
-0.25,2,824.134805
5.5,17,824.175589
0.75,1,824.178515
11.0,18,824.220378
12.5,24,824.278111
3.75,10,824.302995
8.5,17,824.346816
4.25,11,824.674631
3.5,16,824.716881
7.25,17,824.762378
1.25,5,824.774741
13.0,19,824.822727
9.5,16,824.862491
19.0,20,824.910343
-8.25,28,824.977716
3.75,10,825.001485
-0.75,1,825.004468
3.75,10,825.029507
6.75,16,825.069767
0.75,4,825.079962
-2.75,6,825.094696
3.25,9,825.115994
-0.25,2,825.121145
-0.75,1,825.123734
-0.75,1,825.126642
5.0,25,825.186501
5.75,14,825.218996
16.75,36,825.306292
-0.25,2,825.311285
6.25,15,825.348346
-5.75,9,825.371201
6.5,13,825.403351
14.0,24,825.463785
10.0,20,825.514295
6.5,15,825.550395
0.25,3,825.557892
6.0,12,825.587383
-0.25,2,825.59259
2.25,4,825.603833
-5.25,7,825.621569
10.25,12,825.653528
14.5,26,825.718298
3.75,10,825.745732
-0.25,2,825.751755
13.0,21,825.809107
-2.75,3,825.816943
1.25,5,825.830628
8.0,16,825.868995
14.0,28,825.9402
-1.25,3,825.94823
-0.25,2,826.266516
-0.25,2,826.272346
-0.25,2,826.277748
-2.25,4,826.288351
5.25,14,826.322603
-19.75,23,826.38156
6.5,13,826.414295
1.75,3,826.421578
0.25,3,826.428876
0.75,4,826.438002
-1.25,3,826.445543
11.0,22,826.504568
-0.75,1,826.507418
-0.75,1,826.51026
0.75,4,826.520775
0.75,1,826.523531
4.75,12,826.552736
-3.75,13,826.583785
1.75,6,826.598009
-0.25,2,826.60344
9.0,18,826.65008
4.75,12,826.683969
1.25,5,826.69669
12.5,25,826.757017
0.25,3,826.765105
11.0,24,826.825577
6.0,12,826.85627
14.75,21,826.908267
0.75,1,826.910871
0.75,1,826.913738
0.75,4,826.924241
0.25,3,826.932234
11.5,23,826.986817
-0.75,1,826.989698
13.75,25,827.050696
4.75,12,827.080054
1.75,6,827.095013
0.75,1,827.097955
8.75,20,827.149176
-0.25,2,827.154245
0.25,3,827.161665
4.75,12,827.189881
-0.25,2,827.195012
-0.25,2,827.199992
25.0,26,827.267351
8.5,17,827.308606
2.25,7,827.325928
-0.25,2,827.331686
-0.75,7,827.350487
-0.75,1,827.353195
-0.75,1,827.35599
-0.75,16,827.394912
3.75,10,827.418158
-0.25,5,827.429462
-0.25,2,827.434543
-0.75,1,827.437426
-0.75,1,827.440382
0.75,4,827.450837
-1.25,3,827.45893
0.75,4,827.471746
8.0,19,827.532305
-0.75,1,827.535222
4.25,14,827.885532
7.75,15,827.922248
0.25,15,827.957945
-0.25,2,827.963318
0.75,4,827.97372
3.25,12,828.001688
0.75,1,828.004487
6.25,15,828.041829
5.75,14,828.075232
1.25,5,828.087646
-0.25,2,828.092723
7.5,15,828.12832
5.25,13,828.160134
1.25,11,828.185434
4.75,12,828.214332
-0.25,2,828.2198
4.75,12,828.248428
-0.25,2,828.254065
0.75,1,828.25701
-0.75,1,828.25993
-0.75,1,828.262736
6.0,12,828.294442
7.25,17,828.336902
5.75,14,828.372397
-2.25,19,828.419289
8.75,14,828.452672
9.75,12,828.483723
-0.75,1,828.486612
0.75,1,828.489555
0.75,1,828.492512
-0.25,2,828.498214
-1.25,3,828.506304
13.25,20,828.559735
-0.75,1,828.562695
7.5,15,828.599903
1.25,5,828.612911
-0.25,2,828.618428
6.25,18,828.664535
3.25,9,828.688539
0.75,1,828.691328
27.75,46,828.802562
-0.75,1,828.805336
-0.75,1,828.808319
5.75,14,828.843916
0.75,4,828.853575
0.25,3,828.860815
6.0,12,828.891761
2.75,14,828.92649
-0.75,1,828.929384
0.75,1,828.932184
0.25,3,828.940076
-0.75,1,828.942871
-2.25,7,828.960093
3.25,9,828.981045
-0.25,2,828.986043
4.75,12,829.013667
14.75,19,829.078089
6.75,12,829.117788
0.25,3,829.12869
0.75,3,829.140065
0.75,1,829.144995
0.75,4,829.160065
25.0,26,829.573932
0.75,1,829.576836
12.25,17,829.61794
9.75,22,829.671635
-0.25,2,829.676889
1.75,6,829.69214
0.75,1,829.694784
9.75,19,829.741614
11.75,15,829.781191
-0.75,1,829.78409
12.5,25,829.847885
0.75,1,829.850567
1.25,5,829.862878
-0.25,2,829.868273
0.75,1,829.871094
-0.25,2,829.876459
0.25,3,829.884339
1.25,17,829.924732
-0.75,1,829.927701
-0.25,2,829.932943
-0.25,2,829.938618
1.5,15,829.97349
-0.25,2,829.97844
15.25,32,830.052609
-0.75,1,830.055189
2.25,13,830.084751
0.75,1,830.087237
7.25,16,830.123819
-0.25,2,830.128983
-1.25,3,830.137588
-0.75,1,830.140552
9.25,21,830.189647
22.0,28,830.25462
-0.75,1,830.257322
7.75,18,830.298077
-0.25,2,830.303073
12.5,25,830.365886
5.25,13,830.397047
18.0,31,830.472124
-0.75,10,830.496646
0.75,1,830.499478
-0.75,1,830.502287
0.75,1,830.505157
0.75,4,830.515522
-0.75,1,830.518537
-0.75,1,830.521252
-2.75,3,830.529358
13.0,16,830.571773
-5.75,6,830.586142
-0.75,1,830.58878
9.75,16,830.626068
-0.25,2,830.631624
0.25,3,830.639864
-0.75,1,830.643003
0.75,1,830.646213
0.75,1,830.649652
1.75,3,830.659361
2.75,8,830.682858
-0.25,2,830.689137
0.75,1,830.691984
1.75,6,830.709205
15.25,25,830.781358
0.75,1,830.784287
-0.75,1,830.787354
-0.25,2,830.793102
5.75,9,830.816945
1.75,3,830.825802
5.25,13,831.178546
-0.25,2,831.184021
-2.75,6,831.198737
-4.25,9,831.219507
-2.25,4,831.229472
4.25,11,831.25813
3.75,10,831.282382
2.75,8,831.302793
-0.75,1,831.305767
-1.25,3,831.31728
3.75,10,831.343428
-0.75,1,831.346478
-0.25,2,831.351634
0.25,3,831.359443
11.5,22,831.412902
11.25,14,831.44535
4.25,11,831.473182
-0.25,2,831.478614
-0.75,1,831.481491
-0.25,2,831.487071
4.25,11,831.514397
13.5,27,831.580837
1.25,5,831.593234
6.25,12,831.621311
1.75,6,831.637264
-1.25,3,831.645792
11.5,15,831.684218
-0.75,1,831.68715
-2.25,4,831.697287
5.25,13,831.72747
0.75,1,831.729957
1.5,12,831.759087
7.0,14,831.794189
0.75,1,831.796867
0.75,1,831.79957
0.75,4,831.810528
-0.75,1,831.813535
0.25,3,831.821706
-0.25,2,831.827362
-4.25,6,831.843076
-3.25,5,831.855482
0.75,1,831.85819
-0.75,1,831.861166
0.75,1,831.864016
29.0,46,831.974789
-0.75,1,831.977328
0.75,1,831.97989
0.75,1,831.982521
3.25,9,832.004478
-0.25,5,832.016761
3.75,10,832.042076
7.25,14,832.078467
1.75,6,832.093334
-0.75,1,832.096108
-4.25,6,832.111856
1.75,6,832.126676
2.75,8,832.147402
-2.0,17,832.187822
-0.25,2,832.192343
6.75,16,832.231477
9.0,18,832.277948
-0.75,1,832.280763
-3.25,18,832.327255
0.75,1,832.330401
5.25,8,832.35261
0.25,6,832.368437
13.0,16,832.410265
9.75,12,832.440998
13.0,14,832.780501
4.25,11,832.807541
1.25,5,832.820372
-0.25,2,832.826474
-0.75,1,832.829369
-0.75,1,832.832258
0.25,3,832.839826
0.75,4,832.849884
13.5,27,832.91579
11.0,17,832.955112
-0.75,1,832.95781
4.25,11,832.983874
1.25,5,832.995499
-0.75,1,832.998105
11.75,14,833.03137
0.75,1,833.034188
9.0,18,833.080458
0.75,1,833.083521
8.0,16,833.123523
0.75,1,833.126457
-0.75,1,833.12934
1.75,6,833.144345
20.75,35,833.226173
-0.25,2,833.231063
14.5,41,833.328655
0.75,1,833.331792
13.0,16,833.371898
0.75,1,833.374591
4.75,12,833.405386
4.75,12,833.433054
0.75,1,833.435766
0.75,1,833.438679
14.0,25,833.499467
9.75,19,833.546506
3.75,10,833.571987
-0.75,1,833.575009
3.25,9,833.59923
8.25,19,833.645275
-0.75,1,833.648204
2.75,8,833.669662
1.75,6,833.684806
0.75,4,833.695232
7.75,16,833.733634
0.75,4,833.74319
-0.25,2,833.748509
6.25,15,833.785649
0.75,1,833.788502
16.5,25,833.853333
9.5,19,833.90173
2.25,16,833.942622
5.25,13,833.97636
4.75,9,833.999425
0.75,4,834.009798
-0.75,1,834.012766
2.75,8,834.331779
0.25,3,834.339342
1.75,6,834.354611
2.75,8,834.374018
12.0,24,834.432343
6.75,16,834.47386
6.25,15,834.510621
-0.75,1,834.513515
3.25,9,834.535481
0.75,1,834.538263
-0.75,1,834.541327
5.25,13,834.573778
7.5,15,834.61297
14.75,29,834.684888
0.25,3,834.692274
0.25,3,834.699776
10.0,20,834.747288
12.0,24,834.80721
0.75,1,834.810153
7.5,15,834.853434
9.25,21,834.90633
0.25,3,834.913434
0.75,4,834.923327
17.0,21,834.972889
-1.25,6,834.987784
16.0,30,835.057185
0.75,1,835.059794
24.0,27,835.123634
-0.25,2,835.129438
1.75,3,835.137473
13.0,14,835.170885
3.25,9,835.19226
0.75,1,835.194915
4.75,12,835.222777
9.5,19,835.266263
1.75,18,835.307147
2.25,7,835.323566
1.75,3,835.331653
-0.25,2,835.337232
16.5,23,835.396185
5.25,13,835.427854
1.75,6,835.443102
3.75,10,835.469498
3.25,9,835.492686
0.25,3,835.500808
-0.25,2,835.506229
1.25,5,835.519346
11.0,17,835.559674
5.25,13,835.911202
19.75,32,835.989428
19.0,24,836.046524
2.25,7,836.062237
1.25,5,836.076201
8.25,15,836.114249
8.25,16,836.153589
4.25,11,836.181447
10.25,19,836.226014
-0.25,2,836.230973
-0.75,1,836.233686
7.5,15,836.268659
1.25,5,836.279998
-0.75,1,836.282491
0.25,3,836.290625
0.75,1,836.293426
3.75,10,836.317482
7.75,18,836.362536
11.5,23,836.418211
-2.25,4,836.427915
38.0,49,836.546213
7.25,17,836.586087
-0.75,1,836.589099
13.25,27,836.657708
-6.75,25,836.718705
-0.75,1,836.72128
10.75,24,836.780607
5.75,8,836.800051
5.75,14,836.836895
0.75,4,836.847269
-0.75,1,836.849861
3.25,9,836.87272
-8.25,10,836.898623
0.75,1,836.90157
8.25,16,836.942818
7.25,17,836.987168
14.25,18,837.033747
-0.75,1,837.036596
1.25,5,837.049898
2.25,7,837.068343
3.25,9,837.09184
9.75,22,837.147985
14.5,18,837.504835
-0.75,1,837.507495
-0.75,7,837.524067
8.75,20,837.573735
23.0,26,837.637845
5.25,16,837.678857
-0.75,1,837.681854
3.75,10,837.706875
6.25,15,837.743281
10.25,21,837.796245
5.25,10,837.823048
13.0,16,837.865128
0.25,3,837.872863
-0.75,1,837.875638
16.25,26,837.939462
5.75,11,837.965964
13.0,20,838.015224
-0.75,1,838.018086
5.5,17,838.061805
16.25,24,838.122219
3.75,10,838.148244
13.0,26,838.213741
-1.25,3,838.221238
0.75,1,838.22402
5.25,13,838.256741
-0.25,2,838.262718
11.0,17,838.30414
0.75,1,838.306857
11.5,15,838.345191
-0.75,1,838.348175
6.75,10,838.373687
0.75,1,838.376665
22.0,30,838.45541
-4.75,8,838.480767
11.75,14,838.5225
0.25,3,838.531755
10.5,21,838.591831
0.25,3,838.600011
10.25,22,838.666584
6.75,12,838.698303
15.0,26,838.764886
8.0,16,838.803997
7.75,18,839.155226
10.75,14,839.188245
38.0,49,839.310649
8.25,16,839.351247
14.5,29,839.419279
10.5,21,839.469988
1.25,5,839.483102
1.75,6,839.497592
0.25,3,839.504791
9.5,19,839.55153
12.5,15,839.588684
4.25,8,839.608448
0.25,3,839.616497
24.0,27,839.68628
7.5,15,839.724465
-4.75,20,839.775447
-3.25,5,839.78844
16.5,26,839.853455
7.5,21,839.904973
0.75,1,839.907828
12.5,28,839.975757
16.5,20,840.027731
-0.25,2,840.034543
0.75,1,840.039682
5.25,12,840.072968
0.75,4,840.083798
0.75,4,840.094903
-0.25,2,840.1004
9.0,18,840.146643
2.75,8,840.167406
-6.25,8,840.18801
6.0,24,840.249385
38.0,49,840.372967
18.5,37,840.780819
7.25,14,840.818652
4.25,11,840.851383
6.75,16,840.892045
1.25,5,840.904454
19.0,24,840.962679
4.25,11,840.990736
4.25,11,841.017819
9.25,21,841.071236
-0.25,2,841.076386
-0.75,1,841.079321
0.75,1,841.082161
6.5,13,841.113904
-0.25,2,841.119298
11.5,26,841.183201
5.0,13,841.216254
10.0,20,841.264723
-1.25,3,841.272513
3.75,10,841.298284
-0.75,1,841.3012
3.75,10,841.328347
1.75,6,841.344467
3.25,9,841.367083
2.25,4,841.377458
-0.75,1,841.380106
22.0,30,841.457511
0.75,1,841.460537
8.25,19,841.510685
-0.75,1,841.513485
3.75,10,841.53915
3.75,10,841.564616
1.25,5,841.578053
-0.25,2,841.583441
-0.75,1,841.585941
0.75,1,841.588932
9.75,12,841.618622
10.0,20,841.672163
-0.25,2,841.677979
0.25,3,841.686242
2.75,8,841.708016
28.0,46,841.833809
-4.25,6,841.849773
8.5,17,841.893154
15.25,20,841.942668
11.75,26,842.004695
-0.25,2,842.00975
-0.75,1,842.012387
-0.75,1,842.015408
13.0,26,842.395183
12.0,18,842.438993
9.25,24,842.496361
-0.75,1,842.49889
11.0,22,842.552264
-2.25,4,842.561529
4.25,12,842.592165
-4.25,6,842.607457
-0.75,1,842.61021
11.0,22,842.664955
14.0,34,842.746613
1.25,5,842.75976
-4.25,6,842.774344
5.75,11,842.801282
8.5,17,842.845434
5.5,17,842.888476
-0.25,2,842.893893
4.5,12,842.923245
6.0,12,842.952209
-0.25,2,842.957149
-2.25,4,842.966742
24.5,30,843.036851
-0.25,2,843.042063
1.5,12,843.074294
-0.25,2,843.079443
11.0,22,843.136472
2.25,7,843.154205
13.75,30,843.230444
0.25,3,843.238537
0.25,3,843.24641
16.5,22,843.303959
16.5,22,843.360536
5.25,13,843.394273
-2.75,9,843.417617
-0.25,2,843.423081
0.75,1,843.426002
4.75,12,843.456829
1.25,5,843.470535
0.75,1,843.473496
1.25,8,843.493501
10.0,20,843.541351
-0.75,1,843.543917
8.25,19,843.589019
17.5,22,843.964406
11.0,22,844.017977
-16.0,19,844.065449
3.75,10,844.09007
10.25,13,844.121557
7.0,26,844.186431
12.5,15,844.222809
8.25,19,844.270667
0.75,4,844.28133
24.0,27,844.35125
9.0,18,844.397511
0.25,3,844.405261
1.75,6,844.421327
-0.25,2,844.426934
9.25,27,844.498019
4.75,12,844.528496
8.0,16,844.570302
2.25,7,844.588533
24.0,27,844.658723
3.75,10,844.685052
0.25,6,844.700009
-0.25,2,844.705283
-0.25,2,844.710925
8.75,20,844.766416
2.75,8,844.788207
9.25,13,844.825474
12.0,19,844.88178
8.0,19,844.932916
-1.25,3,844.94125
5.75,14,844.982067
1.75,6,844.998353
-3.25,5,845.013075
2.25,7,845.033463
-0.25,2,845.040244
-0.25,2,845.046335
0.25,3,845.055253
2.75,17,845.105114
-0.75,1,845.108224
3.25,15,845.151742
-0.75,1,845.155009
0.25,3,845.163859
4.25,11,845.19421
-0.75,1,845.197156
6.75,16,845.242008
9.25,24,845.31489
5.25,13,845.675902
-7.25,9,845.699445
-1.25,6,845.714446
-3.75,4,845.725061
12.5,25,845.791846
0.75,4,845.802655
-11.25,13,845.838056
10.5,12,845.868202
3.0,15,845.90565
8.25,16,845.948199
-0.75,1,845.951142
10.0,20,845.999212
0.75,4,846.00987
-0.25,7,846.02669
1.25,5,846.039539
0.75,4,846.049611
1.25,5,846.062348
13.5,27,846.131024
12.5,25,846.193693
11.0,22,846.24939
11.5,22,846.304384
10.25,16,846.346377
6.75,16,846.386954
14.0,28,846.456704
-5.25,7,846.475356
4.75,12,846.503849
-0.75,1,846.506736
12.0,19,846.556701
8.0,16,846.598845
-0.25,2,846.604472
7.5,15,846.642954
-3.75,4,846.654271
-3.5,29,846.727941
5.75,14,846.763961
14.0,23,846.854806
-0.25,2,846.864533
-0.75,1,846.86964
-0.25,2,846.878771
9.5,19,846.956185
6.0,12,846.995956
11.5,18,847.045827
0.75,4,847.39422
-16.25,18,847.44181
2.75,8,847.462822
10.75,21,847.517432
7.75,18,847.565377
0.75,1,847.568306
7.25,14,847.604249
0.25,3,847.612753
0.75,1,847.615794
0.75,4,847.627134
0.75,4,847.637564
9.75,22,847.693414
10.5,20,847.743941
6.75,13,847.776007
-1.25,3,847.783485
2.25,10,847.808168
5.25,13,847.842699
5.75,17,847.884277
-0.25,2,847.889476
4.75,12,847.922151
0.75,4,847.93443
-0.75,7,847.951436
1.25,5,847.963585
6.25,12,847.992241
16.0,19,848.038801
-0.25,2,848.044438
-1.25,3,848.053081
3.25,6,848.06813
8.25,16,848.107302
0.25,3,848.114778
0.75,1,848.117429
-0.25,2,848.122704
-0.75,1,848.1256
0.75,1,848.128458
5.25,13,848.160533
10.25,13,848.193065
-0.75,1,848.195909
1.25,5,848.209284
-4.75,11,848.238063
7.0,14,848.275902
4.25,11,848.306056
12.5,14,848.342291
20.5,39,848.443879
3.75,10,848.470439
5.75,14,848.506446
-3.25,8,848.525889
-1.25,3,848.533525
8.75,20,848.579358
-0.75,1,848.582139
15.5,22,848.635647
13.0,19,848.683591
2.25,7,849.018484
20.5,41,849.116086
16.5,33,849.195556
8.75,20,849.242256
4.75,15,849.28201
5.25,13,849.3138
0.0,33,849.39021
0.75,4,849.399665
4.75,12,849.427403
-0.75,1,849.430007
9.5,19,849.478292
0.25,3,849.485866
15.25,20,849.535581
-0.25,2,849.540569
0.75,4,849.551156
-0.75,19,849.597464
14.5,26,849.662371
17.5,28,849.730014
-0.75,1,849.733042
-6.25,14,849.767446
12.5,14,849.80378
6.25,9,849.827713
11.0,22,849.887099
9.5,19,849.939121
0.75,1,849.942544
-0.25,2,849.949299
9.5,16,849.993422
8.0,16,850.035241
-0.25,2,850.040978
7.0,14,850.076192
0.25,3,850.084566
-0.75,1,850.087434
-1.25,3,850.095335
11.0,22,850.150403
2.75,5,850.162751
-0.25,2,850.168253
-0.75,1,850.171095
0.25,3,850.179019
-0.75,1,850.181818
4.25,23,850.239814
10.5,12,850.271483
9.25,15,850.624148
23.0,24,850.682889
6.75,12,850.715491
5.75,14,850.749266
-0.75,1,850.751971
9.5,19,850.79726
-0.75,7,850.814764
5.75,14,850.852733
0.25,3,850.860738
3.25,9,850.883525
0.75,4,850.894345
-0.75,1,850.897003
-0.25,2,850.902323
-0.75,1,850.90491
-0.75,1,850.907741
-0.25,2,850.913143
9.0,18,850.957761
0.75,1,850.96075
0.25,3,850.968934
7.5,15,851.004621
6.75,16,851.044532
7.25,17,851.087889
13.5,21,851.141688
0.75,4,851.150991
-0.25,2,851.156264
6.75,11,851.184138
-0.75,1,851.186768
-0.75,1,851.18959
13.5,20,851.23982
28.0,46,851.35482
0.25,3,851.363422
-0.75,1,851.366258
8.75,20,851.422292
11.0,22,851.480655
13.5,20,851.534393
-1.25,3,851.543231
9.0,18,851.601687
-10.75,14,851.643892
-4.25,9,851.668588
0.25,3,851.676599
2.75,5,851.6899
0.75,1,851.692856
6.0,12,851.724274
-0.25,2,851.729599
0.25,3,851.737998
8.0,19,851.786243
-0.75,1,851.789317
-0.75,1,851.792227
-2.0,17,851.836374
9.25,21,851.891684
1.75,6,851.907419
8.5,17,851.952121
0.75,1,852.312977
-0.75,1,852.319932
0.75,1,852.329765
-1.25,3,852.348962
0.25,8,852.398161
13.0,14,852.483616
9.5,22,852.578441
-0.25,2,852.584218
0.75,1,852.587337
4.75,12,852.620623
-0.75,1,852.62431
7.25,14,852.670956
-0.75,1,852.674109
5.75,14,852.712716
6.75,16,852.754201
0.75,1,852.75725
-7.25,9,852.780804
0.75,4,852.791577
-0.25,2,852.797081
0.75,4,852.807834
0.75,4,852.818867
-0.25,2,852.824779
2.75,14,852.862671
22.0,31,852.950822
11.0,22,853.005708
9.0,18,853.056758
4.25,11,853.085704
6.25,18,853.132661
12.25,15,853.172558
23.5,36,853.267018
12.5,25,853.335059
0.75,1,853.338138
-0.25,2,853.34395
-0.75,1,853.347016
7.25,17,853.3923
5.75,14,853.429749
0.75,4,853.440945
6.25,12,853.472583
0.25,3,853.480849
9.5,19,853.527123
4.75,12,853.559987
-0.25,2,853.56665
6.75,13,853.601516
9.0,18,853.64713
-0.75,1,853.650282
4.25,14,853.683783
0.75,1,853.686462
7.0,14,853.720413
13.5,27,853.785063
-0.25,2,853.790505
11.75,19,854.155073
-0.75,1,854.157843
-0.75,1,854.160349
0.75,1,854.163134
0.75,1,854.16598
-6.75,13,854.196687
5.75,14,854.233345
14.0,28,854.307062
-0.25,2,854.312407
4.25,11,854.337878
0.75,1,854.340897
1.25,5,854.353355
0.25,3,854.361175
2.75,3,854.368429
5.75,14,854.402506
-0.25,2,854.407865
4.75,12,854.436658
0.75,1,854.43944
0.75,1,854.442111
3.25,9,854.463946
-0.25,2,854.469302
0.75,1,854.472608
3.25,9,854.496362
14.0,23,854.553476
12.0,18,854.596006
1.75,6,854.609887
-5.5,16,854.651281
0.25,3,854.658991
0.75,4,854.669936
13.0,22,854.722965
1.25,5,854.736157
18.0,27,854.80556
14.75,19,854.857112
1.25,5,854.871061
2.25,5,854.884826
4.75,12,854.917158
19.0,20,854.971152
12.0,19,855.020008
0.75,1,855.02292
6.25,15,855.063733
-0.75,1,855.066446
-0.25,2,855.072262
19.0,20,855.12236
10.0,23,855.178808
0.75,1,855.181679
2.75,8,855.199768
1.75,6,855.21471
11.25,25,855.277461
4.75,12,855.306668
0.0,15,855.34338
19.0,20,855.391948
-0.75,1,855.394759
-0.75,1,855.397507
5.0,13,855.735534
12.0,22,855.792239
12.5,26,855.86252
0.75,1,855.865523
5.75,14,855.900859
5.0,13,855.934513
0.25,3,855.94312
-19.25,21,855.996956
2.25,7,856.015112
9.0,18,856.061681
0.75,1,856.064599
0.75,1,856.067714
8.25,19,856.115854
-0.25,2,856.121315
9.5,17,856.162874
-0.25,2,856.16786
-0.25,2,856.173201
-1.75,8,856.193625
12.0,24,856.253274
3.25,9,856.276244
-0.75,1,856.279275
12.25,16,856.322014
5.75,14,856.359793
-0.75,1,856.362748
5.25,13,856.396978
-0.75,1,856.399771
0.75,1,856.402684
1.25,5,856.415808
-0.25,2,856.421079
12.25,27,856.491182
-0.75,1,856.49411
0.75,1,856.497151
-1.25,3,856.505166
-1.25,3,856.513148
1.75,6,856.529298
-0.75,1,856.532195
6.25,18,856.578111
8.0,16,856.620163
-0.25,2,856.625774
10.0,16,856.666352
8.75,13,856.701757
-0.75,1,856.704718
6.25,15,856.743629
5.75,14,856.778799
-0.25,2,856.78393
13.0,14,856.822991
11.0,22,856.887019
0.75,1,856.890448
9.5,17,856.939664
3.25,9,856.970561
1.75,6,856.986753
-3.25,5,856.999892
6.5,13,857.032961
8.25,12,857.065357
7.25,14,857.419356
-0.75,1,857.422329
5.25,13,857.455154
0.75,4,857.465067
0.25,3,857.473538
0.75,4,857.483785
9.0,16,857.523093
-4.75,11,857.549418
14.5,29,857.622908
2.25,7,857.640398
8.0,15,857.678442
0.75,4,857.689134
5.75,13,857.720408
11.0,22,857.77256
-0.75,1,857.775625
17.0,33,857.856969
-0.75,1,857.8597
0.75,1,857.862402
10.0,20,857.913646
3.75,10,857.940301
8.25,19,857.990876
-0.25,2,857.998321
0.75,3,858.007648
0.75,4,858.018185
-2.25,4,858.029258
13.0,14,858.065368
1.75,6,858.081858
1.25,5,858.095556
-0.75,1,858.0987
-0.75,1,858.102003
-0.75,1,858.10485
9.0,18,858.151344
3.25,9,858.175003
23.5,31,858.251496
0.75,1,858.254329
0.25,3,858.26249
6.75,13,858.295504
-0.75,1,858.298472
-1.25,3,858.306257
0.75,1,858.308939
2.25,7,858.328276
2.75,8,858.348663
10.5,14,858.384579
6.5,13,858.417957
3.25,9,858.439493
5.75,14,858.47278
13.75,16,858.51134
4.75,12,858.539642
-0.75,1,858.542146
0.75,1,858.545011
9.0,18,858.592113
0.75,1,858.595011
0.75,1,858.597846
2.75,8,858.617791
-0.75,1,858.620353
0.75,4,858.631246
15.25,19,858.678421
-0.75,1,858.681283
-6.75,13,859.028792
3.25,9,859.052196
12.0,14,859.088083
-0.75,1,859.091291
5.75,11,859.121284
1.25,5,859.135759
-0.75,1,859.138889
-1.75,8,859.185406
-0.75,1,859.191617
0.25,3,859.208454
0.75,1,859.21382
14.5,29,859.323822
0.75,1,859.327422
1.25,5,859.344779
0.25,3,859.355591
1.25,5,859.373368
-0.75,1,859.376727
9.5,19,859.426366
0.75,4,859.436508
9.75,22,859.497009
-0.75,1,859.50055
12.0,16,859.548966
19.5,30,859.627124
-0.25,2,859.632513
-0.25,2,859.638211
13.0,14,859.675986
-0.75,1,859.679678
-0.25,2,859.68563
9.25,20,859.742985
10.5,12,859.77446
0.75,1,859.777485
5.25,13,859.812268
0.75,1,859.815554
5.75,14,859.854074
10.5,21,859.908826
13.5,27,859.979459
20.5,41,860.09383
28.0,46,860.208765
-0.25,2,860.214236
7.25,11,860.241101
4.25,8,860.264372
-1.25,3,860.272398
1.25,5,860.284763
3.5,13,860.317133
31.0,34,860.398693
4.25,8,860.41787
0.75,1,860.420611
4.25,8,860.43947
17.0,33,860.839024
0.75,1,860.842203
-0.75,1,860.845092
-0.25,2,860.850646
1.25,5,860.865501
-3.0,17,860.908326
6.25,15,860.945433
0.75,1,860.948195
2.25,7,860.966795
0.25,3,860.974674
8.5,17,861.017495
13.5,27,861.083621
5.75,28,861.154438
0.25,3,861.162664
0.75,1,861.165637
12.0,24,861.22364
-0.75,1,861.226565
-4.25,28,861.299562
11.25,19,861.352257
0.75,1,861.355657
8.5,14,861.39294
-0.75,1,861.396117
2.25,7,861.415466
-0.25,2,861.421358
4.25,14,861.458128
1.25,5,861.470869
6.25,15,861.509787
12.0,16,861.548118
-1.25,3,861.555884
0.75,4,861.566548
2.75,8,861.587832
8.0,21,861.640701
31.0,34,861.719768
1.75,6,861.735879
0.75,4,861.745953
-4.25,12,861.773506
-0.25,2,861.778961
-0.75,1,861.781739
17.5,26,861.844586
1.25,5,861.857724
3.25,9,861.880394
-0.25,2,861.88577
0.75,1,861.888392
4.75,12,861.919939
2.25,8,861.939644
-0.25,2,861.945409
13.0,16,861.988868
0.75,1,861.99175
-1.75,8,862.011678
-0.25,2,862.016783
-0.25,2,862.022105
0.25,3,862.029888
-0.25,2,862.035406
4.75,8,862.061809
-1.25,3,862.070946
0.75,1,862.07412
-0.75,1,862.077193
1.75,6,862.094417
13.5,27,862.496352
5.25,13,862.530255
-0.25,2,862.535633
-0.25,2,862.54099
2.25,7,862.558862
0.25,3,862.566692
-0.25,2,862.571687
0.75,1,862.574286
-5.75,15,862.613343
0.75,1,862.616221
10.75,21,862.668691
-0.75,1,862.67167
6.0,12,862.700962
-0.75,1,862.703925
0.25,3,862.711521
2.25,7,862.728577
-0.75,1,862.731187
1.25,5,862.744649
17.0,23,862.802194
5.25,13,862.838789
0.25,3,862.847116
10.0,20,862.901886
10.5,24,862.968323
15.5,24,863.030943
9.75,12,863.063874
1.75,15,863.107754
5.25,13,863.15323
3.25,5,863.166296
14.5,18,863.216215
-12.25,14,863.251499
9.5,16,863.292483
0.75,4,863.302483
-0.75,1,863.305411
-8.25,16,863.343534
-13.5,18,863.38751
13.5,27,863.449148
0.25,3,863.456356
0.75,4,863.465658
-5.25,16,863.504432
0.75,1,863.507002
13.5,27,863.570362
0.75,1,863.573065
9.0,18,863.615334
-0.75,1,863.617894
0.25,3,863.62507
-0.25,2,863.630579
3.25,9,863.65426
8.75,17,863.696469
5.75,14,863.730781
10.0,29,864.120068
0.75,4,864.130136
8.25,10,864.157015
0.75,1,864.159894
0.75,1,864.162814
-0.75,1,864.165504
17.0,23,864.22252
0.75,1,864.225513
0.75,1,864.228556
5.25,13,864.264016
3.25,9,864.286275
-0.75,1,864.289186
6.25,15,864.327222
0.75,1,864.330126
0.75,1,864.33308
4.25,11,864.359872
0.75,1,864.362785
17.5,26,864.428522
5.25,19,864.478225
6.25,15,864.517567
13.5,17,864.56098
12.25,16,864.602346
16.0,18,864.648014
5.75,14,864.682303
0.75,4,864.692646
6.25,12,864.720328
6.0,12,864.750094
-0.75,1,864.753117
10.0,20,864.799411
-0.75,1,864.802127
6.25,15,864.840601
-0.75,1,864.84351
-0.25,2,864.849445
9.5,19,864.900755
0.75,1,864.90359
-0.25,2,864.908885
3.75,8,864.929206
-0.75,1,864.932019
-0.25,2,864.936998
3.25,9,864.958427
-1.25,3,864.96701
4.75,12,864.998256
1.25,5,865.009856
1.25,5,865.023249
2.25,7,865.041176
1.25,5,865.053752
-0.25,2,865.05941
-0.75,1,865.06251
0.75,1,865.065498
-0.25,2,865.071452
5.25,12,865.103133
-3.25,5,865.11587
-0.25,2,865.121732
8.25,19,865.170445
-0.75,1,865.173746
-0.75,1,865.177227
7.25,17,865.221007
2.75,8,865.241225
4.25,11,865.270509
8.75,15,865.30704
-0.25,2,865.31205
11.25,25,865.680247
-0.75,1,865.68331
12.75,24,865.743427
1.75,6,865.758685
-0.75,1,865.761511
3.25,9,865.784422
8.0,13,865.815182
16.5,23,865.873337
7.25,14,865.907348
-0.75,1,865.910292
6.5,13,865.943934
0.25,3,865.952631
7.5,15,865.991413
9.5,19,866.041263
0.25,3,866.049745
0.75,1,866.052894
6.5,13,866.086449
0.25,3,866.09472
3.25,6,866.110376
0.25,3,866.118793
-0.75,1,866.121959
7.0,14,866.158576
-3.25,5,866.171817
0.75,1,866.174856
0.75,1,866.177972
1.25,5,866.190867
-0.75,1,866.193832
1.75,6,866.209567
-0.75,1,866.212665
2.25,7,866.23181
3.75,6,866.24806
3.25,6,866.265045
-0.75,4,866.27534
0.25,3,866.283329
3.75,10,866.308354
0.75,1,866.311235
0.75,1,866.313823
0.25,3,866.321354
12.5,25,866.381232
1.25,5,866.393567
8.75,14,866.42806
-0.25,2,866.433323
4.25,11,866.460709
10.0,20,866.513261
1.25,5,866.525738
18.0,25,866.586971
18.0,27,866.652368
5.25,13,866.684483
1.75,3,866.692576
12.5,25,866.755813
8.0,16,866.795407
0.75,4,866.806159
-0.75,1,866.809077
10.0,19,866.857704
-4.25,16,866.897897
2.25,7,866.915917
-2.25,7,866.932686
18.75,19,866.977422
0.25,3,867.287829
10.75,14,867.322329
11.5,29,867.395112
-0.25,2,867.400373
5.25,13,867.432169
-4.25,6,867.447357
0.75,1,867.449989
-7.75,14,867.484426
2.25,7,867.50286
17.0,23,867.561399
-0.75,1,867.564352
-0.75,1,867.567328
2.75,8,867.588354
10.25,23,867.649063
-1.75,8,867.670097
6.5,13,867.703734
-0.75,1,867.706658
4.25,11,867.735386
13.0,26,867.802124
1.75,6,867.816501
-0.25,2,867.821484
-0.25,2,867.826878
2.75,8,867.847982
8.75,10,867.874224
10.25,23,867.929166
-1.0,25,867.987436
6.25,18,868.03172
0.75,4,868.041936
0.75,1,868.044815
0.75,4,868.055248
-3.25,5,868.067153
7.25,14,868.101318
8.0,16,868.139418
-0.25,5,868.152861
5.75,14,868.188663
21.5,30,868.262847
8.0,16,868.303363
-4.25,6,868.318996
6.25,15,868.358158
9.5,19,868.40459
16.0,19,868.451792
12.5,24,868.509323
4.75,12,868.537406
0.25,3,868.544471
0.75,1,868.547125
24.5,30,868.915141
-0.25,2,868.920795
4.25,11,868.948225
4.75,12,868.976978
-1.25,3,868.984645
-0.25,2,868.989644
-0.75,1,868.992295
7.5,15,869.027246
3.75,10,869.050961
-0.75,1,869.053582
19.0,20,869.10194
-0.25,2,869.107412
7.25,13,869.140689
-0.75,1,869.144234
8.25,19,869.193786
-0.75,1,869.196609
-0.25,2,869.202074
-0.75,4,869.212856
0.75,4,869.223369
0.75,1,869.226368
24.0,27,869.297314
9.25,21,869.351341
-4.25,6,869.367056
7.75,10,869.392162
4.75,12,869.421314
4.75,12,869.450306
0.75,1,869.453132
3.25,9,869.475345
0.75,1,869.478344
4.25,11,869.508517
7.5,15,869.545921
14.0,17,869.586788
0.75,1,869.589455
-0.25,2,869.594917
3.25,9,869.617518
0.25,3,869.624744
-0.25,2,869.630208
0.75,1,869.632941
1.25,5,869.64655
0.75,1,869.649385
2.75,8,869.669235
0.25,3,869.67737
1.25,5,869.689639
0.75,4,869.699615
-0.25,2,869.704643
4.75,11,869.731663
-0.25,2,869.737163
-0.25,2,869.742518
6.75,16,869.781647
-0.75,1,869.784544
-0.25,2,869.789915
0.75,4,869.800175
-0.75,1,869.802885
0.75,1,869.80567
-0.75,1,869.808281
-0.25,2,869.813506
1.25,5,869.826617
1.25,5,869.839932
-3.75,4,869.851229
5.25,13,869.882837
1.75,6,869.89737
-0.25,2,869.902473
13.0,14,869.93754
1.25,5,869.950131
9.25,21,870.002083
-0.25,2,870.006836
0.75,4,870.016559
-0.75,1,870.019109
17.0,23,870.073726
0.75,1,870.076737
8.25,19,870.12338
0.75,4,870.133647
0.75,1,870.136539
-0.75,1,870.139639
-0.75,1,870.142545
7.75,12,870.47314
2.25,7,870.491234
6.5,13,870.523434
9.25,14,870.556797
10.75,13,870.586444
15.75,22,870.638945
0.25,3,870.646814
2.25,7,870.664865
-11.75,12,870.695752
15.5,24,870.75658
-0.75,1,870.759416
4.25,7,870.777944
1.75,6,870.793917
3.75,13,870.828246
-1.75,5,870.842083
15.5,19,870.891298
-0.75,1,870.894226
-0.25,2,870.89975
2.75,8,870.920011
0.75,1,870.922834
0.75,4,870.932748
-2.25,4,870.942772
0.75,4,870.953495
-2.25,4,870.963917
1.25,5,870.976857
0.25,3,870.98435
2.25,8,871.00459
-3.75,4,871.015475
0.75,4,871.026009
5.25,13,871.058719
9.25,21,871.109341
0.75,1,871.11235
31.0,34,871.198072
4.25,17,871.239526
0.25,3,871.24766
-0.25,2,871.253831
0.25,3,871.262485
18.0,23,871.31847
-0.25,2,871.323569
5.75,14,871.359128
6.5,13,871.390258
1.75,6,871.405445
2.25,7,871.422903
-0.25,2,871.427829
-0.25,2,871.433084
0.75,1,871.436225
4.75,12,871.465774
-0.25,2,871.470798
11.5,22,871.5267
9.5,16,871.564091
-3.25,5,871.576346
0.75,1,871.579226
-0.75,1,871.582138
0.75,1,871.585052
0.25,3,871.593154
8.75,20,871.639136
-0.25,2,871.644079
17.0,21,871.69386
-3.75,10,871.71831
12.0,20,872.061281
11.25,25,872.120092
13.0,22,872.175308
-0.75,1,872.177969
10.25,23,872.238226
18.75,19,872.28898
-9.75,13,872.322593
0.25,3,872.330557
6.75,12,872.360934
-0.75,1,872.363869
-0.25,2,872.370064
-0.75,1,872.373171
-1.25,3,872.381303
-0.25,2,872.386855
15.5,19,872.436411
-0.75,1,872.439419
-0.75,1,872.442299
13.0,16,872.484263
5.75,9,872.507014
-0.25,2,872.512314
0.75,1,872.515133
7.75,18,872.558326
-0.25,2,872.563252
-0.75,1,872.566175
-0.75,1,872.568996
-0.75,1,872.571556
-0.25,2,872.576773
7.25,17,872.61761
9.25,16,872.655505
-2.25,4,872.665009
7.25,11,872.690975
3.75,10,872.716377
4.75,15,872.752622
7.5,15,872.789579
1.75,25,872.857486
0.75,1,872.860542
-0.75,1,872.863409
8.75,13,872.896431
4.25,11,872.922765
10.5,19,872.967895
0.25,3,872.975449
-0.75,1,872.97796
9.25,21,873.027587
1.75,18,873.070807
9.0,18,873.117936
-0.75,1,873.121405
8.0,16,873.161368
-1.25,3,873.16881
-0.75,1,873.171473
-0.25,2,873.176997
0.75,1,873.179793
11.0,22,873.23592
-0.75,1,873.239045
1.25,9,873.263813
0.75,1,873.266778
1.75,6,873.281867
-0.25,2,873.287489
0.75,1,873.290357
-2.25,7,873.309531
2.25,7,873.643433
2.25,7,873.661047
6.75,12,873.691141
0.75,1,873.694205
0.75,1,873.697272
0.75,1,873.700282
0.25,3,873.708829
9.25,21,873.760404
10.5,12,873.790783
0.25,3,873.797936
-0.25,2,873.80337
8.5,17,873.849135
-0.25,2,873.854756
-0.75,1,873.857799
10.75,21,873.91227
-0.25,2,873.917783
2.75,8,873.938512
0.75,1,873.94153
-0.25,2,873.947276
0.75,4,873.95799
3.75,4,873.968831
0.75,1,873.971871
1.75,6,873.987319
-0.25,2,873.992954
9.75,13,874.026433
0.25,3,874.034639
7.25,13,874.068106
-0.75,1,874.071104
3.25,9,874.094443
1.25,5,874.107372
5.75,14,874.14243
0.75,1,874.145326
-0.75,1,874.148624
1.25,5,874.161141
-0.75,1,874.163925
6.25,15,874.201706
8.0,16,874.242419
-0.75,1,874.245164
4.25,11,874.274887
11.75,16,874.315785
0.75,1,874.318665
22.75,27,874.384367
0.75,1,874.387078
-0.25,2,874.392705
2.25,5,874.405376
11.75,14,874.440004
0.75,1,874.442693
19.5,30,874.518356
0.25,3,874.526155
10.75,14,874.560823
2.75,8,874.581824
1.25,5,874.594836
7.75,18,874.63995
-0.25,2,874.645078
-0.75,1,874.647811
0.25,3,874.655919
0.75,4,874.666544
11.0,22,874.721098
0.75,1,874.723906
10.75,13,874.757345
11.5,18,874.80262
-0.75,1,874.805528
0.75,1,874.808132
4.25,11,874.835658
1.25,5,874.849077
0.75,1,874.851994
0.75,4,874.862665
11.0,22,874.917017
5.25,13,875.265776
8.25,10,875.291625
-0.25,2,875.296616
3.25,9,875.318785
1.75,3,875.326084
0.75,11,875.355707
-2.25,4,875.366385
16.0,18,875.410897
7.25,17,875.455428
12.0,17,875.501023
-0.25,2,875.506377
7.25,14,875.541868
11.25,14,875.578005
1.25,5,875.591138
-0.25,2,875.596778
-0.25,2,875.602167
-0.75,1,875.604954
-0.25,2,875.610458
0.75,1,875.613299
14.0,21,875.6669
0.25,3,875.674911
12.25,17,875.716521
29.0,46,875.83011
5.75,17,875.872877
9.0,18,875.915791
7.75,27,875.978982
1.75,6,875.993448
-0.75,1,875.996045
2.75,8,876.016389
16.0,18,876.061154
0.75,4,876.071672
0.75,1,876.074376
5.75,14,876.10883
-1.25,3,876.116444
10.75,15,876.155484
-2.25,4,876.166219
0.25,3,876.173997
-0.75,1,876.176913
-0.25,2,876.182283
0.25,3,876.190474
18.75,27,876.262656
0.75,1,876.265521
-4.75,5,876.27902
0.75,1,876.28204
10.0,16,876.322332
0.25,3,876.33605
0.75,1,876.340591
-0.25,2,876.349868
-0.75,1,876.354965
-0.25,2,876.364525
16.0,26,876.47135
6.25,15,876.523313
-1.25,15,876.565944
10.25,23,876.621503
1.75,6,876.940159
14.0,16,876.98107
5.25,10,877.005217
0.75,1,877.008009
11.75,15,877.045177
-2.25,4,877.055789
16.5,22,877.112127
9.5,16,877.154281
-1.25,3,877.162199
-0.75,1,877.165242
18.0,27,877.234325
0.25,3,877.24231
16.5,24,877.307993
6.25,15,877.346268
-0.75,1,877.349233
-0.75,1,877.352182
-0.75,1,877.355208
6.25,15,877.39334
6.25,15,877.429607
2.75,14,877.465078
-4.25,6,877.481508
1.75,6,877.496482
-1.25,3,877.504455
4.75,12,877.535311
-0.75,1,877.538255
4.25,11,877.566622
-0.25,2,877.571997
7.25,12,877.602394
0.75,4,877.613058
-0.75,1,877.615924
13.0,16,877.656792
0.75,4,877.66694
10.75,14,877.700946
0.75,1,877.70367
9.0,18,877.745962
3.0,18,877.790641
16.0,18,877.83611
-0.75,1,877.839016
4.75,7,877.85825
-2.75,9,877.882266
-0.75,1,877.885156
2.75,8,877.906151
-0.75,1,877.908916
6.25,14,877.944063
10.0,18,877.987273
11.75,26,878.061193
5.75,14,878.096592
-0.75,1,878.099448
16.0,19,878.148264
0.25,3,878.156368
1.25,5,878.169347
0.75,1,878.172226
6.5,13,878.205441
-0.25,2,878.210669
0.75,1,878.213369
-0.75,10,878.237618
10.5,21,878.603228
1.75,6,878.617733
0.75,1,878.620378
15.5,22,878.676866
-0.25,2,878.682501
15.75,20,878.733733
6.25,15,878.772975
-1.25,21,878.827327
6.5,13,878.8623
1.75,6,878.877765
-0.25,2,878.883272
9.25,12,878.914725
4.75,8,878.935047
4.75,12,878.964985
-0.25,2,878.970407
-0.25,6,878.985419
3.75,10,879.009619
4.75,12,879.037793
-0.75,1,879.040504
8.25,16,879.07825
4.0,20,879.126083
-0.25,2,879.131443
-0.25,2,879.136826
-0.25,2,879.141836
11.25,14,879.178141
7.75,18,879.221066
-0.25,5,879.233521
10.5,21,879.285942
4.25,11,879.313809
4.25,11,879.34136
3.75,10,879.366786
-3.25,5,879.379662
0.25,6,879.394486
-0.25,2,879.399366
-5.25,16,879.439193
-4.75,11,879.467103
11.25,25,879.529423
12.75,20,879.577868
12.5,14,879.611999
16.0,18,879.656801
1.75,6,879.671664
8.0,16,879.709368
1.25,5,879.721146
16.0,31,879.792985
1.75,6,879.807836
6.25,15,880.160023
8.5,17,880.20673
-0.75,1,880.209491
-0.75,1,880.212336
0.75,1,880.215401
-0.75,1,880.218416
0.75,1,880.221648
13.0,16,880.264246
-0.75,1,880.267188
1.25,5,880.280197
4.75,12,880.311501
1.25,5,880.324659
9.75,19,880.37392
1.75,6,880.389699
-0.25,2,880.395217
0.75,1,880.398214
2.75,8,880.418618
0.25,3,880.42662
0.25,3,880.4347
4.75,12,880.466473
7.75,12,880.499327
-0.75,1,880.50242
3.25,15,880.540855
-0.75,1,880.543864
11.5,19,880.58998
7.25,17,880.631577
-0.75,1,880.634367
0.25,3,880.642129
4.25,11,880.67035
2.75,8,880.691872
9.5,19,880.740496
-0.25,2,880.745639
9.5,19,880.790959
8.0,16,880.830573
10.5,21,880.884446
-0.75,1,880.887305
3.75,9,880.909646
7.75,18,880.956352
4.25,11,880.986358
2.75,8,881.00554
1.75,6,881.019945
4.75,12,881.049117
0.75,1,881.05197
16.0,30,881.122724
0.75,1,881.125709
-0.75,1,881.128645
4.25,12,881.161126
9.0,18,881.205428
5.75,9,881.228441
-0.75,1,881.231274
16.5,26,881.295978
2.75,14,881.330342
-0.75,1,881.333105
-0.75,1,881.335953
0.75,4,881.346064
0.75,1,881.349002
1.75,4,881.35996
5.75,13,881.395464
3.75,10,881.420713
2.75,8,881.441061
15.0,17,881.799547
0.25,3,881.807976
0.75,1,881.811083
-0.25,2,881.816463
-0.75,1,881.819328
8.25,19,881.868157
1.25,5,881.881554
2.75,8,881.902178
-0.75,1,881.905143
9.5,19,881.953971
15.0,19,882.003437
9.75,22,882.06084
4.75,18,882.107412
2.25,7,882.125959
3.25,9,882.149052
7.75,14,882.183812
-0.25,2,882.188637
8.5,17,882.230638
-0.25,2,882.236219
9.75,14,882.272015
-0.75,1,882.274714
12.5,24,882.334565
3.75,10,882.358642
0.75,1,882.36133
2.75,8,882.382492
0.75,1,882.385652
-0.75,1,882.388678
-0.75,1,882.391523
-0.75,1,882.394302
-0.75,1,882.397162
38.0,49,882.519901
0.75,1,882.522833
25.0,26,882.586056
0.25,3,882.594111
2.75,8,882.614482
5.25,13,882.645962
-0.25,2,882.651684
3.75,16,882.692833
-6.0,18,882.736567
0.25,3,882.744093
-0.25,2,882.7493
-0.75,1,882.752092
3.25,6,882.767587
-0.25,2,882.772846
1.25,5,882.785838
2.25,7,882.803329
15.0,20,882.85637
5.75,14,882.891455
-0.75,1,882.894284
-0.75,1,882.897144
-0.75,1,882.900109
8.0,16,882.940151
1.75,6,882.955997
0.75,4,882.966567
-0.75,1,882.969486
2.75,8,882.990345
-0.75,1,882.993138
-0.25,2,882.998446
-1.25,3,883.006551
5.25,9,883.031147
17.5,26,883.411786
-0.75,1,883.41475
1.75,6,883.430481
6.75,12,883.4614
-0.75,1,883.464252
6.25,18,883.51164
13.0,16,883.553941
14.0,19,883.602324
8.25,19,883.651205
-1.25,3,883.659393
-3.25,5,883.67231
0.75,13,883.705344
13.0,26,883.768441
10.75,19,883.813722
0.75,1,883.816512
3.75,10,883.84319
0.75,4,883.853817
-1.25,3,883.865439
12.5,17,883.910564
6.25,15,883.947019
-1.25,1,883.950082
9.25,21,884.000183
8.5,17,884.038739
-0.75,1,884.041603
11.0,22,884.09639
19.0,30,884.172309
-0.75,1,884.174937
3.25,9,884.197222
2.75,8,884.217355
2.25,17,884.260887
10.5,21,884.315664
-0.25,2,884.320904
1.75,6,884.335797
5.75,14,884.368608
9.5,19,884.414579
5.75,11,884.441846
20.5,30,884.511849
-0.25,2,884.516495
-0.25,2,884.521673
-0.25,12,884.551111
0.75,1,884.554075
16.0,18,884.598206
22.0,28,884.665172
-4.25,12,885.007276
10.25,12,885.037664
-0.75,1,885.040472
0.75,1,885.043253
5.75,14,885.079636
0.75,4,885.089956
-0.75,1,885.092834
0.75,1,885.095735
4.75,12,885.12619
9.5,19,885.175254
4.75,9,885.198549
13.0,26,885.265768
-0.75,1,885.268843
4.25,11,885.29707
-0.75,1,885.29998
14.5,29,885.370636
17.5,22,885.421822
-0.25,2,885.427195
-0.25,2,885.432666
-0.75,1,885.435688
0.25,3,885.443843
0.75,4,885.45452
16.25,20,885.504095
1.75,6,885.518926
16.25,21,885.571128
9.25,21,885.621984
3.25,13,885.65367
4.75,12,885.684303
6.25,15,885.721176
13.75,22,885.776218
22.0,28,885.85543
-0.75,1,885.8583
15.75,23,885.914302
0.25,3,885.922205
1.25,5,885.934845
4.75,12,885.964826
-0.75,1,885.967587
-0.25,2,885.973152
0.75,4,885.983334
0.25,3,885.99083
8.75,20,886.038924
-0.75,1,886.04178
0.75,1,886.044634
17.75,38,886.138731
-8.25,10,886.165389
-0.25,2,886.170791
1.75,3,886.178963
0.75,1,886.18191
7.5,15,886.218634
2.25,7,886.235577
14.0,19,886.282451
2.25,4,886.292433
5.75,14,886.646334
-0.25,2,886.652846
3.25,7,886.671681
9.75,22,886.728116
0.75,11,886.7572
5.75,14,886.792823
15.0,19,886.842973
15.5,29,886.913355
10.75,18,886.958014
3.25,9,886.97968
5.75,14,887.01272
0.75,4,887.022728
-0.25,2,887.027922
9.75,18,887.0719
4.75,12,887.100815
-0.25,2,887.105755
8.75,20,887.153842
0.25,3,887.16223
0.75,1,887.165114
8.25,16,887.203763
1.75,6,887.218484
17.75,24,887.277996
2.25,7,887.295669
13.75,16,887.336146
11.5,13,887.370636
5.25,13,887.402462
5.25,13,887.432581
6.25,15,887.468722
13.0,22,887.526586
-0.75,1,887.529438
8.25,19,887.57531
10.75,24,887.636218
10.75,14,887.671861
12.0,24,887.731324
-4.25,9,887.75358
17.5,22,887.807009
6.75,12,887.837086
6.25,15,887.877794
-2.25,7,888.198548
10.5,12,888.23021
-0.25,2,888.236284
1.75,6,888.252778
0.25,3,888.262928
14.5,29,888.336929
21.0,31,888.41573
0.75,1,888.418712
4.25,14,888.453911
6.25,15,888.492718
4.25,11,888.520399
-1.25,3,888.528157
-0.75,1,888.531062
1.25,5,888.543501
11.0,22,888.596805
11.0,18,888.641702
8.0,13,888.674896
10.75,14,888.709178
1.25,5,888.72139
-0.75,1,888.723857
8.5,17,888.764821
-0.25,2,888.769872
0.75,1,888.772493
0.75,1,888.775244
0.75,4,888.784447
-6.25,8,888.804363
0.75,4,888.814095
38.0,49,888.933842
0.25,3,888.941739
-10.75,14,888.978019
14.0,24,889.037724
-0.25,2,889.043134
6.25,15,889.08085
11.5,19,889.126804
6.75,16,889.1657
-0.25,2,889.170881
0.75,1,889.173744
2.75,8,889.193616
12.0,24,889.253745
3.75,10,889.279663
13.0,16,889.319413
5.0,13,889.350504
5.25,13,889.383356
2.75,8,889.402925
7.25,17,889.443428
12.0,14,889.477012
-0.75,1,889.790905
-0.25,2,889.796775
0.75,1,889.799763
4.75,12,889.831777
16.5,22,889.88936
1.25,5,889.902441
-0.75,1,889.90521
8.0,16,889.945488
0.75,1,889.94842
4.25,11,889.978216
10.0,20,890.026968
1.25,5,890.039625
-0.25,2,890.04463
0.25,3,890.052672
-4.25,9,890.075672
-0.75,1,890.078437
-0.75,1,890.081155
0.75,4,890.091506
-0.75,1,890.094227
0.75,1,890.096969
1.75,3,890.104951
4.25,14,890.140125
1.75,6,890.154881
0.75,1,890.157513
12.0,14,890.191496
-0.75,1,890.194175
0.25,3,890.202086
8.75,17,890.24405
5.25,13,890.276988
13.5,27,890.344483
8.25,13,890.376761
0.25,3,890.384453
-0.25,2,890.38958
1.75,6,890.405008
7.25,14,890.437537
-0.75,1,890.44022
12.75,25,890.50179
0.75,1,890.504801
-0.75,1,890.507439
0.75,4,890.517097
-0.75,1,890.520094
6.25,15,890.558796
0.25,3,890.566512
0.25,3,890.573947
-0.75,1,890.576755
13.5,20,890.625098
7.25,17,890.667896
-10.25,12,890.696446
1.75,6,890.710785
-0.25,2,890.716173
9.75,12,890.745835
38.0,49,890.871719
8.0,22,890.926635
0.75,1,890.929297
8.5,17,890.970973
2.25,8,890.990912
7.75,18,891.034122
-0.75,1,891.037125
1.25,5,891.050105
0.75,1,891.053167
22.75,27,891.433246
8.75,12,891.464646
2.25,7,891.483828
-0.25,2,891.489536
2.75,8,891.510696
7.5,18,891.563781
6.75,16,891.608706
7.5,15,891.649454
-0.25,2,891.656017
3.75,16,891.69752
2.25,4,891.708538
4.25,11,891.736295
8.75,20,891.782979
1.25,5,891.794813
-5.25,10,891.81914
1.25,5,891.83217
11.75,23,891.891581
2.25,4,891.902326
10.0,17,891.943424
-0.25,2,891.948838
4.75,12,891.976369
9.5,19,892.020095
0.75,1,892.022759
23.0,26,892.08499
-0.75,1,892.087939
6.5,15,892.125998
-0.25,2,892.131448
16.5,20,892.184001
-0.75,1,892.18698
1.25,5,892.199556
-0.25,5,892.211754
15.25,32,892.295346
-0.25,2,892.300739
-0.25,8,892.322075
-0.75,1,892.325214
1.25,5,892.337104
4.75,12,892.366508
15.0,19,892.4119
-0.75,1,892.414604
-1.75,14,892.448373
10.75,21,892.499569
0.25,3,892.507237
-0.75,1,892.510058
-0.75,1,892.512982
-2.75,3,892.520761
12.5,24,892.582152
11.0,22,892.634438
0.75,1,892.637301
8.75,20,892.686974
15.0,17,893.040222
-0.25,2,893.045863
3.25,9,893.069952
1.25,5,893.083339
1.25,5,893.096825
-0.25,2,893.102519
0.25,3,893.110634
0.25,3,893.118476
-1.25,3,893.126023
2.25,7,893.143739
0.25,3,893.151565
0.25,3,893.159948
10.5,21,893.216981
1.25,5,893.229826
-0.25,2,893.235338
14.0,28,893.307472
-4.0,16,893.3485
7.5,27,893.41565
7.25,14,893.450997
4.25,11,893.477997
17.75,24,893.536179
0.75,1,893.539097
1.5,12,893.572919
0.25,3,893.580842
-1.75,8,893.600691
0.25,3,893.608187
2.25,7,893.625191
14.0,16,893.666497
-0.25,5,893.679344
-1.25,3,893.686823
-1.25,3,893.694664
-0.25,2,893.700613
7.25,17,893.744612
0.25,3,893.752481
8.0,16,893.791752
6.75,17,893.833435
12.0,18,893.887311
-0.25,2,893.893223
0.75,1,893.896134
0.25,3,893.904342
16.5,22,893.962133
-0.25,2,893.967489
15.25,22,894.024987
6.25,15,894.063793
6.25,12,894.093414
-3.75,10,894.118186
4.75,12,894.147727
-4.25,6,894.164195
8.5,17,894.206562
10.75,15,894.244878
-0.25,2,894.250611
0.75,1,894.253932
-0.25,2,894.259619
0.75,4,894.270338
11.25,18,894.323497
10.5,21,894.699174
-8.25,16,894.741311
-0.25,2,894.746793
12.25,24,894.807809
0.75,4,894.818872
5.25,13,894.854242
7.75,13,894.889402
0.75,4,894.900218
9.0,18,894.947078
12.0,24,895.006636
1.75,6,895.02304
7.75,18,895.06965
5.75,14,895.10705
4.75,12,895.137676
-0.75,1,895.140706
11.5,23,895.199926
-0.75,1,895.202649
9.75,22,895.260765
7.0,14,895.29585
-0.25,2,895.300948
12.5,14,895.340515
9.75,22,895.405939
14.0,28,895.480982
-0.25,2,895.487468
9.5,19,895.538749
-0.25,2,895.544203
10.5,21,895.596323
4.75,12,895.627513
0.75,4,895.638615
13.5,27,895.710735
0.75,4,895.721169
4.75,12,895.751236
6.0,12,895.781567
4.25,11,895.808237
-0.25,2,895.813484
1.75,3,895.821576
14.0,28,895.892308
6.25,12,895.922356
-0.25,2,895.928011
10.5,12,895.956986
13.75,30,896.351875
1.25,5,896.364691
-1.25,3,896.372105
-0.25,2,896.377365
-0.25,2,896.382893
8.75,23,896.440428
20.5,41,896.540554
10.75,12,896.570019
-1.25,3,896.577776
9.0,18,896.621621
6.5,13,896.662365
10.5,21,896.722569
-4.25,6,896.740225
0.25,10,896.766003
-0.75,1,896.768995
0.75,1,896.772086
5.75,11,896.802304
-0.75,1,896.805309
22.5,43,896.916322
0.25,3,896.924413
11.5,23,896.982467
12.0,24,897.045013
-0.25,2,897.050622
1.25,5,897.065148
6.75,16,897.10666
5.0,13,897.141055
6.25,15,897.180881
17.25,31,897.262316
14.5,16,897.301836
-0.75,1,897.304996
1.75,6,897.321655
-0.75,1,897.324593
-0.75,1,897.3273
12.0,24,897.385746
7.0,17,897.426385
12.25,24,897.484686
-1.25,3,897.492831
0.75,4,897.503429
-0.25,2,897.509135
9.25,21,897.561341
0.75,4,897.572261
-4.25,6,897.58746
-0.75,1,897.590412
-6.0,21,897.942851
1.25,5,897.955847
1.75,4,897.966115
8.25,19,898.011512
15.0,19,898.057378
6.0,15,898.0939
2.25,7,898.109965
0.25,3,898.11697
-2.75,9,898.139238
0.75,1,898.142145
-0.75,1,898.144832
0.75,1,898.147627
7.25,14,898.182217
1.25,5,898.195604
6.25,15,898.23199
10.5,21,898.286682
2.75,8,898.306008
4.75,12,898.335798
0.75,4,898.345801
3.75,10,898.370226
12.0,20,898.419466
-0.75,1,898.422346
8.25,16,898.460713
-0.75,1,898.463499
13.25,29,898.53461
4.5,12,898.564771
3.25,9,898.587538
1.75,6,898.600909
-0.25,2,898.606458
0.75,1,898.60934
0.25,3,898.617714
-10.25,12,898.649077
4.75,12,898.680762
0.75,1,898.683734
0.25,3,898.691684
0.75,1,898.694913
12.0,19,898.739126
17.5,22,898.791041
-0.25,2,898.796909
5.75,11,898.826513
-0.75,1,898.829569
18.0,23,898.88934
1.75,6,898.903445
-0.75,1,898.906275
-0.75,1,898.908897
3.75,10,898.933573
0.75,1,898.936496
7.0,14,898.974226
0.75,1,898.976933
12.0,20,899.024266
-0.25,2,899.028982
1.75,6,899.044658
0.75,4,899.055102
0.75,1,899.057952
9.25,11,899.084351
0.75,1,899.087146
-1.25,3,899.094705
3.5,16,899.134564
-0.25,2,899.140116
5.75,14,899.175885
11.0,28,899.554533
1.25,5,899.567821
-0.25,2,899.57347
-0.75,1,899.576328
3.25,9,899.598264
-5.25,7,899.616703
17.0,21,899.670485
-0.25,2,899.676281
5.25,13,899.709044
7.75,18,899.751856
-0.75,1,899.754639
-0.75,1,899.757335
21.5,27,899.826817
3.75,6,899.842591
-2.75,9,899.866844
10.0,17,899.909427
-0.25,2,899.914548
-2.25,4,899.924196
3.75,22,899.979012
2.75,8,899.999376
2.25,7,900.017722
-2.25,7,900.034306
10.5,21,900.084833
-3.75,16,900.121218
0.5,13,900.152445
9.0,18,900.194896
-0.25,2,900.199894
0.75,4,900.209388
16.5,23,900.269161
7.75,18,900.314289
0.25,3,900.322097
15.0,19,900.369783
0.25,3,900.377819
12.0,19,900.42707
18.0,25,900.488821
0.75,4,900.499354
10.0,18,900.542524
2.75,8,900.56175
4.75,21,900.610145
2.25,7,900.628217
4.25,14,900.663747
2.25,7,900.681183
4.25,11,900.709795
0.75,1,900.712654
4.25,11,900.741363
-0.25,2,900.747011
0.25,3,900.755113
8.5,17,900.798319
3.75,10,901.134298
-6.75,16,901.174066
7.0,14,901.2116
19.0,20,901.260899
4.25,11,901.288659
5.25,14,901.322721
0.25,3,901.330363
14.0,28,901.398618
4.25,17,901.440931
-0.75,1,901.443639
-0.25,2,901.449309
9.5,16,901.490091
31.0,34,901.572283
4.25,11,901.599088
0.75,1,901.602004
-0.75,16,901.641921
7.25,14,901.700391
1.75,6,901.726378
5.75,14,901.781715
8.5,17,901.836827
9.75,22,901.898607
-0.75,1,901.901714
-0.75,1,901.904577
11.75,17,901.945283
-0.75,1,901.948151
-0.25,2,901.953815
13.0,26,902.01929
14.5,29,902.09139
0.75,1,902.094017
10.0,20,902.145579
13.0,19,902.191115
5.25,13,902.224475
2.75,8,902.24654
0.25,3,902.255408
12.0,14,902.291337
6.25,15,902.327735
4.25,11,902.356254
-0.75,1,902.359224
0.75,1,902.362252
1.75,6,902.377395
13.0,15,902.416851
5.25,13,902.452381
4.75,12,902.804365
-0.25,2,902.809513
-0.75,1,902.812203
-0.25,2,902.817419
1.75,3,902.825105
1.25,5,902.838416
10.25,12,902.869445
8.25,19,902.918385
-0.25,5,902.93142
0.25,3,902.939064
2.25,7,902.957781
12.5,25,903.023478
0.25,3,903.031675
0.25,3,903.039737
-0.75,1,903.042512
0.75,4,903.052814
-0.75,1,903.055809
-0.75,1,903.058854
-3.75,7,903.077374
15.5,31,903.153466
5.75,14,903.18651
2.25,4,903.196211
11.25,18,903.240677
13.5,27,903.306447
8.5,17,903.34623
5.75,14,903.380005
-9.25,11,903.407748
9.5,19,903.453855
-0.25,2,903.459286
3.25,9,903.481887
8.25,18,903.527257
-0.25,2,903.532256
-0.75,1,903.534896
0.25,3,903.542683
3.25,9,903.565349
-0.75,1,903.568138
7.75,15,903.6056
13.5,17,903.64864
0.75,1,903.651504
0.75,1,903.654911
3.25,9,903.678367
1.75,6,903.69421
9.75,22,903.751143
2.25,7,903.768855
-0.75,1,903.771888
5.25,13,903.804041
0.75,1,903.806909
-0.25,2,903.812096
-0.75,1,903.814887
4.75,12,903.846592
9.75,22,903.902443
12.0,16,903.941435
13.5,27,904.01084
-1.25,6,904.026856
-0.25,2,904.032308
-6.75,25,904.399885
-0.75,1,904.403077
5.75,8,904.423926
-0.75,1,904.426691
-0.75,1,904.429595
-0.75,1,904.432622
-0.25,2,904.438072
0.75,4,904.448362
-0.25,5,904.461291
3.25,9,904.484806
8.5,17,904.526817
-0.25,2,904.531767
2.75,20,904.581648
19.0,24,904.637804
-5.25,7,904.655781
-0.75,1,904.659136
-0.75,1,904.661997
-0.75,1,904.664852
-0.25,2,904.670305
5.25,10,904.694301
-0.25,2,904.698941
17.25,33,904.782612
2.25,7,904.799961
0.75,1,904.802603
10.0,20,904.853683
-0.75,1,904.857104
0.75,4,904.867223
-0.25,2,904.872404
-0.75,1,904.875095
8.25,16,904.914709
0.25,3,904.922583
0.75,1,904.925236
1.5,12,904.954672
-0.75,1,904.958519
2.75,5,904.971456
0.75,1,904.97436
-0.25,2,904.979751
0.75,4,904.9895
6.75,13,905.020612
0.25,25,905.081113
-1.25,3,905.089159
0.75,1,905.091857
3.25,15,905.127967
-6.25,11,905.15379
-0.25,2,905.159023
0.25,3,905.166597
3.25,12,905.19534
9.25,15,905.232276
2.25,29,905.300413
0.75,1,905.302942
0.75,1,905.305903
9.5,19,905.35317
4.25,11,905.382433
0.25,3,905.390198
-0.25,2,905.395533
2.25,4,905.405539
0.75,1,905.408333
-0.75,1,905.41107
-0.75,1,905.414192
2.25,7,905.431973
0.75,4,905.442658
0.75,1,905.445237
0.75,4,905.456845
-0.75,1,905.459851
9.5,19,905.508444
8.0,15,905.544886
0.25,3,905.552817
14.5,29,905.625347
10.5,21,905.679009
11.0,28,906.067713
9.75,17,906.108001
5.25,13,906.140325
5.75,14,906.173582
-0.75,1,906.176402
-0.75,1,906.17929
18.0,25,906.238775
-0.25,2,906.24439
0.25,3,906.252814
0.25,3,906.26107
7.5,15,906.29784
11.75,29,906.368723
6.25,15,906.405604
11.5,15,906.440599
9.25,21,906.493142
-0.75,1,906.49601
7.25,13,906.527201
1.75,6,906.54118
15.0,19,906.586066
-0.25,2,906.590798
-0.25,2,906.595496
6.25,15,906.630022
7.25,12,906.658791
-0.75,1,906.661838
-0.75,1,906.664656
-0.25,2,906.669683
-7.25,15,906.706438
-4.75,11,906.74535
13.0,26,906.811818
10.5,21,906.865683
0.25,3,906.874105
4.75,15,906.912291
3.75,10,906.940161
-0.25,2,906.945868
2.25,7,906.963816
0.75,1,906.966719
3.25,7,906.985009
0.75,1,906.987749
5.25,13,907.020939
9.0,16,907.059636
-1.75,14,907.09338
-0.75,1,907.095948
0.75,1,907.098587
-3.25,5,907.111412
0.25,3,907.119272
0.75,4,907.128919
12.5,17,907.170949
11.25,25,907.232009
0.25,6,907.246238
9.25,21,907.586024
-0.25,2,907.591458
-2.75,6,907.60522
2.25,10,907.628622
0.25,3,907.635928
9.5,16,907.675917
3.25,9,907.696962
0.75,1,907.69959
6.5,13,907.732799
9.25,21,907.783357
0.25,3,907.790755
-0.75,1,907.79349
-7.75,14,907.827518
12.5,24,907.88733
2.75,17,907.926775
-0.75,1,907.929461
0.25,3,907.93678
18.75,19,907.983159
-0.75,1,907.98608
1.75,3,907.99438
10.0,16,908.031514
8.0,13,908.06273
12.5,25,908.121644
2.75,8,908.140609
10.25,23,908.194614
-0.75,1,908.197499
8.5,17,908.237827
0.25,3,908.245315
0.75,4,908.254751
0.75,4,908.264787
0.75,4,908.274904
-1.75,17,908.315107
-0.25,2,908.319789
10.0,20,908.36898
4.25,11,908.394879
-0.25,2,908.399715
14.0,25,908.459592
-12.75,19,908.505647
0.25,3,908.512872
0.25,9,908.535686
3.75,10,908.559337
6.75,12,908.587097
0.75,1,908.589606
9.5,19,908.633935
15.0,19,908.679673
8.25,19,908.729641
0.75,1,908.732837
16.5,23,908.792275
-9.75,10,909.121326
-0.75,1,909.124404
2.25,7,909.142302
36.5,48,909.257525
-2.25,4,909.267451
6.75,16,909.306603
6.75,16,909.343623
-6.25,8,909.36231
23.0,24,909.419842
3.25,6,909.434005
11.5,18,909.476395
0.25,9,909.501467
-0.25,2,909.50674
-0.25,2,909.512221
7.0,14,909.546323
0.25,3,909.55381
13.0,14,909.587454
5.25,7,909.60353
5.75,11,909.628896
0.25,3,909.636021
0.75,1,909.638593
0.25,3,909.645641
23.0,24,909.70134
1.25,5,909.713199
1.75,4,909.723595
3.25,9,909.74701
2.75,8,909.766884
2.25,4,909.777615
-0.75,1,909.78074
1.25,5,909.793514
-0.75,1,909.796415
11.0,22,909.851935
-2.25,10,909.878583
5.25,13,909.909889
6.75,16,909.948123
-0.75,1,909.950776
-0.75,1,909.953479
0.75,1,909.956237
5.25,13,909.989369
-0.75,1,909.992424
-0.25,2,909.997996
0.75,1,910.000819
-7.75,14,910.034918
-0.25,2,910.039874
-1.25,3,910.046891
4.75,12,910.074622
0.75,1,910.07736
-0.25,2,910.082608
0.75,1,910.085193
12.0,22,910.138854
0.75,1,910.14165
11.25,15,910.177649
12.0,14,910.210162
2.25,7,910.228645
0.75,4,910.239228
0.75,1,910.242298
0.75,4,910.252908
-0.25,2,910.258571
0.75,4,910.269341
4.75,12,910.301116
-0.75,1,910.304132
6.75,16,910.345594
-0.25,2,910.351012
5.25,13,910.688953
2.25,7,910.707537
0.75,1,910.71063
0.25,3,910.719007
0.75,1,910.722541
-0.75,1,910.72572
6.25,15,910.763656
-0.75,1,910.766641
-0.75,1,910.76939
3.25,9,910.790859
-0.75,1,910.793511
-0.75,1,910.796365
0.75,1,910.799229
0.75,4,910.809682
4.75,12,910.839961
-0.75,1,910.843017
6.75,16,910.883882
1.75,6,910.899276
10.25,19,910.944098
1.75,6,910.957843
-0.75,1,910.960558
9.75,22,911.01522
7.25,13,911.046164
-0.75,1,911.04896
-0.25,2,911.054553
0.25,3,911.062436
0.75,23,911.118661
1.25,5,911.1305
12.5,25,911.18774
-6.25,8,911.206457
0.75,1,911.209048
-1.25,3,911.216906
1.25,5,911.228492
0.75,1,911.231139
14.5,18,911.274747
4.75,12,911.30283
-0.75,1,911.305375
-0.75,1,911.308191
9.0,18,911.349943
11.75,16,911.387393
6.25,15,911.421601
6.0,12,911.448579
-0.75,1,911.451175
13.0,19,911.497769
-0.75,1,911.500628
-0.25,2,911.506323
0.25,3,911.514611
8.25,19,911.561687
7.0,14,911.594483
11.5,18,911.637223
-0.75,1,911.64243
0.0,33,911.723786
24.5,30,911.80069
1.75,6,911.816167
1.75,6,911.831712
-0.75,1,911.835079
11.25,15,911.882408
0.75,4,911.893445
1.25,5,911.906685
1.25,5,911.919845
14.75,18,912.277279
3.75,10,912.301615
0.25,3,912.308973
0.75,1,912.311844
-0.25,2,912.316981
-0.25,2,912.322604
9.5,19,912.371168
3.25,9,912.393818
18.5,37,912.482366
-0.75,1,912.485417
0.75,4,912.495798
4.75,12,912.525508
10.75,18,912.569301
0.75,4,912.579775
13.75,18,912.622732
10.75,17,912.663406
13.5,27,912.727117
8.25,16,912.7672
-0.75,1,912.770121
4.25,11,912.804001
-0.75,1,912.806737
5.75,14,912.841391
-0.25,2,912.846967
0.75,1,912.849855
0.75,1,912.852726
0.75,1,912.855646
-0.25,2,912.863765
9.0,18,912.909305
-10.25,12,912.938001
7.0,14,912.971625
0.75,4,912.981246
-0.75,1,912.984163
6.75,13,913.016754
5.75,14,913.052342
0.25,3,913.059992
0.75,4,913.069654
18.75,40,913.167525
6.25,15,913.203801
3.75,6,913.219265
-0.75,1,913.22214
3.75,10,913.247695
1.25,5,913.260715
-2.25,4,913.270907
5.75,14,913.305727
23.0,46,913.420621
7.25,12,913.452064
11.25,25,913.517828
-0.25,11,913.546578
0.75,4,913.87815
16.5,26,913.945359
10.0,17,913.986458
6.75,16,914.028173
0.75,4,914.038618
-0.25,2,914.044081
-0.75,1,914.047144
-2.25,7,914.065957
-0.75,1,914.068971
6.25,15,914.108219
-0.75,1,914.111151
9.75,19,914.159465
0.25,6,914.1753
-0.25,2,914.180822
13.5,27,914.24868
9.25,21,914.302323
0.75,1,914.305295
-0.75,1,914.30845
13.0,14,914.345113
2.75,8,914.365102
1.25,5,914.378366
4.25,14,914.412969
0.25,3,914.421324
7.25,13,914.454964
-0.75,1,914.457952
10.75,15,914.4962
8.75,20,914.548145
-0.25,2,914.553544
24.5,30,914.631552
0.75,4,914.641929
0.25,3,914.65016
4.75,12,914.681153
1.75,6,914.697316
-0.75,1,914.700261
13.25,17,914.744937
6.25,15,914.783524
7.75,13,914.817433
-0.75,1,914.820284
-1.25,3,914.828465
0.75,1,914.83147
0.75,4,914.843952
5.25,19,914.892683
3.75,10,914.919562
-0.75,1,914.922923
-0.25,2,914.928555
18.0,25,914.995178
-0.75,1,914.998238
2.25,4,915.00948
0.75,4,915.020441
8.25,19,915.071257
-0.25,2,915.077237
10.75,14,915.115115
15.5,19,915.166899
0.75,4,915.177357
16.0,18,915.536977
1.25,5,915.550419
6.25,10,915.574871
-0.75,1,915.577674
-1.25,3,915.585729
0.75,1,915.588566
1.75,6,915.604108
0.75,4,915.613777
1.75,6,915.628217
0.75,1,915.630996
10.25,23,915.686321
7.75,18,915.731375
0.75,1,915.734321
3.25,9,915.756907
8.75,20,915.806241
10.75,14,915.843437
-1.0,20,915.89356
4.75,12,915.924592
15.5,31,916.001296
4.75,12,916.031913
-0.25,2,916.037456
-0.25,2,916.042986
0.75,1,916.045981
3.75,10,916.070591
6.25,15,916.106932
5.75,14,916.142534
10.25,14,916.178105
3.25,9,916.199987
9.75,12,916.229436
7.25,17,916.269099
0.75,1,916.272081
5.75,14,916.306987
11.0,22,916.359169
0.75,1,916.362131
0.75,1,916.365123
0.75,4,916.375655
-0.25,2,916.381307
5.75,14,916.416364
4.75,12,916.44617
14.75,29,916.521147
0.75,1,916.52434
11.0,24,916.586705
14.0,21,916.640234
3.75,10,916.666389
1.75,6,916.681921
1.25,5,916.695271
-0.75,1,916.698112
-0.75,1,916.700941
-0.25,2,916.706483
-0.75,1,916.709216
-0.75,1,916.712002
2.75,8,916.733473
1.75,6,916.748899
-0.75,1,916.751858
6.75,13,916.783732
0.75,4,916.793742
0.75,1,916.797057
-1.25,12,917.149317
-0.25,2,917.154742
-0.75,1,917.157629
-0.25,2,917.162743
3.25,9,917.186208
14.0,16,917.227783
0.25,3,917.235606
-0.75,1,917.238646
0.75,4,917.248992
2.25,4,917.259688
6.25,18,917.305108
10.25,18,917.348109
9.25,18,917.390694
-0.25,2,917.395823
0.75,1,917.398609
19.0,30,917.469064
9.0,16,917.510475
13.5,20,917.561525
1.75,6,917.577582
-0.75,7,917.595195
5.25,13,917.627606
5.75,11,917.653471
2.75,8,917.673803
4.75,12,917.70383
0.25,3,917.711117
0.75,1,917.713985
8.5,17,917.758163
0.75,1,917.761229
-0.75,1,917.764132
5.75,14,917.797619
0.75,4,917.807529
2.75,8,917.827332
16.5,21,917.880054
-1.25,3,917.887435
5.25,13,917.920699
6.75,19,917.966557
-3.25,11,917.994697
-0.75,1,917.997419
-0.75,1,917.999961
-0.75,1,918.002779
5.25,13,918.036176
4.75,12,918.068361
23.0,24,918.130372
4.0,14,918.166285
-0.75,1,918.169293
3.25,9,918.192708
-0.25,2,918.198886
-10.25,15,918.238441
-0.25,2,918.244191
-0.75,1,918.247295
4.25,11,918.276605
0.75,1,918.279691
4.25,11,918.308105
-0.75,1,918.311074
4.25,11,918.338672
24.0,27,918.40809
-0.25,2,918.413547
-0.75,1,918.416308
2.75,8,918.436782
3.75,10,918.776954
0.25,3,918.784348
0.25,3,918.791829
0.25,3,918.799434
-0.75,1,918.802014
-4.75,14,918.836432
13.0,14,918.871674
1.75,6,918.886927
8.25,15,918.923063
2.25,7,918.939342
-1.25,3,918.946582
-0.25,2,918.951785
2.75,20,919.001766
10.0,18,919.046002
10.0,20,919.101304
13.5,20,919.151891
4.25,14,919.187426
-0.75,1,919.190178
0.25,3,919.19821
-7.75,14,919.235384
1.25,5,919.248157
8.0,16,919.288791
4.75,15,919.326657
0.25,3,919.334305
0.75,1,919.337182
17.5,26,919.399109
0.75,1,919.401904
0.75,7,919.418636
0.25,3,919.426193
-4.25,6,919.440363
0.75,1,919.443071
9.75,12,919.473016
1.25,5,919.48673
2.25,7,919.505167
3.75,10,919.530499
6.25,15,919.567376
-5.25,7,919.584955
3.75,10,919.610759
3.25,9,919.634591
1.25,8,919.656807
-0.25,2,919.662403
12.0,20,919.712814
-0.75,1,919.716023
4.75,12,919.748051
-0.25,2,919.753654
3.5,13,919.787152
21.5,33,919.879856
14.0,28,919.949069
11.75,26,920.014405
11.5,13,920.046616
-0.25,2,920.051966
-1.75,8,920.393497
6.75,17,920.435346
5.75,11,920.462469
1.25,5,920.475825
1.25,5,920.491216
-8.25,10,920.519396
6.75,16,920.565109
4.25,11,920.598312
4.25,11,920.628625
7.25,17,920.671851
0.25,3,920.68387
0.75,1,920.686931
11.0,22,920.742611
0.75,4,920.752773
-0.25,2,920.758097
0.75,1,920.760778
-1.25,3,920.76811
0.75,4,920.778008
12.75,17,920.818171
6.25,15,920.85621
-0.25,2,920.862232
14.25,18,920.907156
-0.25,2,920.912244
7.0,14,920.948251
14.25,18,920.992211
-0.25,2,920.997411
-0.25,2,921.002895
1.75,6,921.018147
13.0,26,921.081908
5.75,11,921.108593
1.75,6,921.123229
0.75,1,921.126065
8.5,17,921.167705
-0.25,2,921.172747
5.25,13,921.20449
3.75,7,921.222531
6.25,15,921.260744
0.75,1,921.26373
0.25,3,921.271925
-0.25,2,921.2774
0.75,1,921.280141
1.75,6,921.295599
-0.75,1,921.298574
0.75,4,921.309188
13.25,29,921.382537
8.5,17,921.425327
0.75,4,921.435811
5.75,14,921.471884
6.25,15,921.510086
1.25,5,921.522918
0.25,3,921.530828
9.5,16,921.569988
-0.75,1,921.57297
9.5,19,921.619493
2.25,7,921.636355
2.25,7,921.652324
0.75,1,921.654935
0.75,1,921.657588
3.75,10,921.681312
-0.25,2,921.686194
8.25,19,922.056649
-12.75,16,922.095585
2.25,7,922.113084
2.75,8,922.132603
-0.75,1,922.135022
20.75,35,922.219898
-2.25,4,922.230089
14.25,18,922.273399
7.0,14,922.307948
12.0,18,922.351405
15.25,20,922.400625
11.25,16,922.437742
-0.25,2,922.442709
-0.75,1,922.44537
6.75,16,922.484411
-0.25,2,922.490019
38.0,49,922.609793
5.75,14,922.644147
-1.25,3,922.651714
-12.25,14,922.684855
-0.75,1,922.68741
-0.75,1,922.690075
-2.5,17,922.732
0.75,4,922.74163
5.75,11,922.769759
9.25,15,922.808186
8.75,13,922.843179
6.25,15,922.882205
3.25,9,922.90535
2.75,8,922.9264
-1.25,3,922.934629
5.75,14,922.970687
13.75,30,923.049545
16.0,19,923.098495
-1.25,3,923.106388
-2.25,4,923.117268
8.25,19,923.163961
-0.25,2,923.169004
8.5,17,923.208762
3.75,10,923.233648
6.25,12,923.261719
11.5,13,923.601614
2.75,5,923.614665
-0.75,1,923.617624
2.25,6,923.632483
0.75,4,923.642363
12.25,15,923.680102
24.0,27,923.745686
2.75,8,923.765429
2.25,7,923.782794
-2.25,4,923.792538
11.75,24,923.852479
7.25,14,923.887257
-0.75,1,923.890086
0.75,1,923.893085
10.5,19,923.940098
0.75,1,923.943353
0.75,1,923.94616
2.25,7,923.964159
13.5,27,924.0279
0.75,1,924.030657
13.75,18,924.077297
5.25,13,924.110082
-0.25,2,924.115547
0.75,1,924.118348
1.25,5,924.130558
0.75,1,924.133235
3.75,8,924.154151
7.25,17,924.196915
0.75,1,924.199828
1.75,3,924.207416
12.0,22,924.26216
14.75,21,924.311697
-1.25,3,924.319828
0.25,3,924.328085
4.25,11,924.356512
-0.75,1,924.359505
2.75,5,924.372392
14.75,18,924.418214
-0.75,1,924.421231
2.75,14,924.458288
0.75,1,924.46119
-0.25,11,924.490676
-1.25,3,924.499185
-0.75,1,924.5023
3.75,19,924.55129
-0.75,1,924.554146
-0.75,1,924.557118
-0.75,1,924.559911
7.75,18,924.606429
5.75,14,924.641622
0.25,3,924.649606
0.25,3,924.656898
1.25,5,924.669076
2.75,8,924.688681
4.75,12,924.722347
-2.25,4,924.734722
-15.0,18,924.780871
10.5,21,924.833567
0.75,1,924.836338
0.75,4,924.847408
19.0,20,925.319514
0.25,3,925.327849
2.25,7,925.351641
-0.25,2,925.357213
6.25,15,925.395738
0.25,3,925.403786
0.75,1,925.406564
0.25,3,925.414197
-0.25,2,925.419298
2.25,7,925.435748
-0.25,2,925.440399
-0.75,1,925.443004
5.75,11,925.470475
8.0,16,925.510232
-0.75,1,925.512866
5.75,11,925.53883
1.75,6,925.552771
2.25,7,925.568958
7.25,11,925.595681
3.75,10,925.621091
11.75,14,925.656724
0.75,4,925.667958
9.0,18,925.710692
0.75,1,925.713534
-0.75,1,925.716326
0.25,3,925.724539
7.25,11,925.753111
-0.25,2,925.758224
4.75,12,925.79028
8.75,15,925.827378
7.0,14,925.862886
0.75,4,925.874296
14.5,29,925.943378
7.25,17,925.983226
0.25,3,925.990716
8.75,15,926.029485
-0.75,1,926.032813
-0.75,1,926.036306
2.25,4,926.046974
-2.75,6,926.062886
17.5,23,926.123649
-0.75,1,926.126771
10.5,15,926.166637
16.75,34,926.256471
8.25,11,926.284681
20.0,28,926.353931
16.5,23,926.409519
6.75,12,926.437958
13.25,19,926.482418
0.75,4,926.493474
0.75,4,926.503633
8.5,19,926.551298
10.25,15,926.587822
1.25,5,926.600399
-1.25,3,926.607401
10.75,11,926.94718
11.25,25,927.012778
13.0,14,927.047773
6.75,13,927.07988
0.75,4,927.089582
-1.25,1,927.09239
2.75,8,927.113907
0.25,3,927.122355
5.25,17,927.166306
2.75,8,927.186126
-0.25,2,927.190922
2.75,8,927.211975
0.75,1,927.214831
-9.75,13,927.24527
2.75,14,927.280891
-0.75,1,927.283921
1.25,5,927.296653
-0.25,2,927.301995
8.5,17,927.345099
0.25,3,927.353012
6.25,15,927.389
1.25,11,927.414974
1.75,6,927.429958
1.25,5,927.44199
-3.25,5,927.454344
1.25,5,927.467671
4.75,9,927.490243
-0.75,1,927.493215
11.25,25,927.555188
3.25,9,927.57777
-0.25,2,927.583125
0.25,6,927.598851
14.0,24,927.661459
16.75,22,927.719008
-1.25,3,927.728401
3.75,10,927.755012
1.75,6,927.770857
3.25,9,927.794269
20.5,30,927.871172
15.0,18,927.920436
0.75,4,927.931451
1.25,5,927.944743
2.75,8,927.964153
6.75,13,927.99439
14.5,26,928.059233
-0.75,10,928.083484
7.25,17,928.125602
6.75,16,928.167696
7.75,18,928.213997
-0.75,1,928.216839
-0.25,2,928.222165
7.25,17,928.576668
3.75,10,928.600439
-0.75,1,928.603281
16.5,19,928.650512
2.75,8,928.670107
9.75,12,928.700835
5.75,11,928.728861
2.25,7,928.747204
2.75,8,928.766592
-3.25,8,928.785677
14.25,18,928.82601
0.75,4,928.835925
1.25,5,928.848997
4.25,11,928.878207
-1.25,3,928.886189
1.25,5,928.899045
-1.25,3,928.906826
2.25,7,928.923841
0.75,4,928.934232
3.75,10,928.957044
8.75,19,928.999584
0.25,6,929.013795
4.25,11,929.04083
1.25,5,929.053617
11.25,14,929.08739
-0.75,10,929.112566
0.75,4,929.123287
0.75,4,929.134096
0.75,1,929.137129
-0.75,1,929.140096
6.0,12,929.173242
2.25,8,929.193877
6.0,12,929.224389
11.0,22,929.28041
4.75,12,929.312672
0.25,3,929.320951
13.0,14,929.358227
0.75,4,929.368642
18.0,23,929.426881
0.75,1,929.429762
0.25,3,929.437196
8.0,16,929.47591
6.75,14,929.511951
-0.25,2,929.517206
9.5,16,929.557622
0.25,3,929.565633
0.75,1,929.568603
-1.25,3,929.576712
19.25,25,929.636042
6.75,14,929.671788
5.25,13,929.702368
0.25,3,929.710354
-0.25,2,929.715683
1.75,16,929.756471
-3.75,4,929.766318
0.75,1,929.769089
3.75,16,929.80806
-1.75,5,929.820373
-11.25,13,930.167631
-0.25,2,930.173143
0.75,1,930.175915
-0.25,2,930.181144
2.25,4,930.191247
0.75,1,930.194179
1.75,9,930.216606
4.75,12,930.246398
-0.25,2,930.251684
0.75,1,930.254643
0.25,3,930.262045
-0.75,7,930.279131
10.5,21,930.330094
0.75,4,930.340223
-0.75,1,930.342826
-0.25,2,930.347811
12.5,25,930.408924
13.0,15,930.445789
3.25,9,930.468004
8.25,16,930.508991
5.25,13,930.539545
2.75,8,930.559088
13.5,27,930.621795
2.25,7,930.638235
11.0,22,930.693386
11.5,19,930.744355
-2.75,9,930.767921
7.25,14,930.804451
-0.25,2,930.810105
10.25,12,930.841777
0.75,4,930.852504
0.75,1,930.855457
16.75,27,930.925981
0.75,4,930.936112
-0.25,2,930.941689
6.25,12,930.971773
-0.25,2,930.977111
7.75,11,931.004956
9.75,22,931.057636
3.75,10,931.081872
0.25,3,931.089595
-0.25,2,931.094826
8.75,20,931.14506
-3.25,5,931.157642
-0.75,1,931.160652
-0.75,1,931.163563
8.25,13,931.197843
2.25,7,931.215577
2.25,13,931.247068
-3.25,5,931.258901
0.25,3,931.265845
1.75,6,931.279725
3.75,10,931.304045
4.75,12,931.333388
12.0,22,931.386543
-0.75,1,931.389047
-0.75,1,931.391496
10.25,12,931.729873
5.25,13,931.764957
12.75,15,931.801609
4.25,11,931.827531
0.75,1,931.830184
4.75,12,931.860358
7.75,18,931.904816
0.75,1,931.907734
11.25,15,931.944419
2.75,5,931.956369
0.75,4,931.966184
2.75,8,931.984857
14.0,28,932.051969
2.25,7,932.068346
9.75,16,932.105696
13.25,21,932.157252
4.75,12,932.187868
-0.25,2,932.19337
1.25,5,932.206676
-6.75,10,932.231929
11.75,26,932.294723
0.75,1,932.297576
-0.75,1,932.300486
16.5,23,932.35854
0.75,1,932.361598
9.0,18,932.407401
23.0,24,932.468913
7.75,15,932.507763
7.75,18,932.555011
10.5,21,932.604961
5.75,14,932.638125
-6.25,11,932.664014
5.75,14,932.697586
22.0,30,932.772636
1.75,6,932.787906
-0.25,2,932.793455
4.75,12,932.822903
0.25,3,932.83001
-0.25,2,932.834739
17.5,21,932.889147
4.75,12,932.920155
0.75,1,932.923085
1.75,6,932.93792
0.75,1,932.940605
2.25,7,932.957814
0.75,4,932.968416
6.75,13,933.299932
13.5,20,933.35046
5.25,13,933.383145
2.25,4,933.393013
-8.75,12,933.424567
5.75,17,933.466559
8.75,20,933.517295
-0.25,2,933.522514
-0.25,2,933.527753
9.75,19,933.573928
7.25,17,933.615308
13.5,17,933.654843
4.75,12,933.683009
-0.75,1,933.685549
0.25,3,933.692549
6.5,13,933.723518
0.75,4,933.734559
5.75,14,933.769849
2.25,7,933.787873
3.75,19,933.832784
5.75,14,933.871604
0.75,1,933.874495
4.25,11,933.903358
3.75,10,933.929486
2.25,7,933.947817
10.5,21,934.002677
-0.75,1,934.005839
7.75,18,934.052587
10.5,14,934.089134
-0.75,1,934.092225
11.75,22,934.148983
-0.75,1,934.151898
3.25,9,934.175021
18.0,31,934.252932
-0.25,2,934.258594
-0.25,2,934.264167
-1.25,3,934.272049
-1.75,11,934.299842
3.25,9,934.32144
8.0,16,934.360781
-1.25,6,934.377345
-7.25,12,934.408226
13.0,22,934.464098
-0.75,7,934.483561
-2.25,4,934.494852
5.75,14,934.530342
-1.75,5,934.544092
1.75,6,934.559546
0.75,4,934.569743
-2.75,9,934.593404
8.0,16,934.959583
-0.75,1,934.962677
7.75,12,934.994228
3.25,9,935.017229
-0.25,2,935.022511
0.75,1,935.025304
-0.75,1,935.028469
0.75,1,935.031374
-0.75,1,935.034302
9.75,14,935.068286
-0.75,1,935.071011
-0.75,1,935.07376
0.75,1,935.076524
4.25,11,935.10258
11.5,18,935.146453
-0.25,2,935.15193
-0.25,2,935.157287
0.25,3,935.164798
2.25,7,935.182471
-0.75,1,935.185334
2.25,7,935.201979
0.25,3,935.209176
4.75,12,935.237337
0.25,3,935.245001
4.25,11,935.278262
7.5,15,935.315106
0.25,6,935.329696
-0.25,2,935.334551
5.75,14,935.370904
8.75,20,935.417994
9.0,18,935.46292
-0.25,2,935.469172
7.0,14,935.507252
0.75,1,935.510322
-0.25,2,935.516078
8.75,11,935.54302
0.25,3,935.551326
6.75,16,935.591903
7.5,15,935.628521
-0.75,1,935.631202
9.75,22,935.690793
8.0,13,935.729435
-5.75,15,935.76865
-0.75,1,935.771467
0.75,1,935.774269
-0.75,1,935.777253
3.75,16,935.81713
14.75,25,935.882003
-0.75,1,935.884917
11.25,25,935.948925
11.25,15,935.98655
4.25,11,936.012095
0.25,3,936.01911
16.0,32,936.095921
-0.25,2,936.100664
3.25,9,936.123675
1.25,5,936.136435
-5.25,7,936.155469
-0.75,1,936.158515
5.25,13,936.193735
11.0,22,936.557299
0.75,4,936.567424
10.5,12,936.596329
3.75,10,936.619853
3.25,9,936.642597
10.5,12,936.674228
3.25,9,936.699045
13.75,23,936.763803
0.75,1,936.766815
-0.25,2,936.772485
-0.25,2,936.777983
-0.75,1,936.78087
-0.25,2,936.786323
5.25,13,936.817777
20.75,28,936.888216
0.75,1,936.890996
4.25,11,936.919133
2.75,8,936.938126
6.25,15,936.975978
0.25,3,936.983368
1.25,5,936.994925
-0.75,1,936.997419
3.25,9,937.019771
5.75,14,937.05557
0.75,1,937.058298
2.25,7,937.076246
-0.75,1,937.079275
0.25,3,937.087363
4.75,12,937.117907
1.25,8,937.138823
0.75,4,937.149746
11.0,18,937.196818
0.25,3,937.205301
5.75,14,937.24099
8.75,16,937.282355
0.75,1,937.28514
-0.25,2,937.29096
-0.75,1,937.294085
2.25,7,937.312306
-0.25,2,937.317745
-0.75,1,937.320549
9.5,19,937.365748
-0.25,5,937.377904
0.75,1,937.380512
-0.25,2,937.386012
2.25,13,937.417506
7.75,13,937.449477
1.75,6,937.466053
1.25,5,937.478595
-2.75,3,937.48614
-0.75,1,937.489426
5.75,9,937.513403
-0.75,1,937.516398
-0.25,2,937.521529
-0.25,2,937.526865
-0.75,1,937.529926
-1.25,3,937.537811
2.75,7,937.555043
4.25,11,937.583677
5.25,13,937.616282
0.25,3,937.623764
7.75,18,937.668108
-1.25,3,937.67564
19.0,20,937.727228
7.0,14,937.762235
0.25,3,937.769752
4.25,11,937.796808
3.75,10,937.820487
-0.75,1,937.82337
-0.75,1,937.826076
-5.25,7,937.844159
-0.75,1,938.140894
0.75,4,938.151927
-0.25,2,938.157319
0.75,1,938.160252
-0.75,1,938.16323
1.25,5,938.176335
6.75,16,938.217696
2.75,8,938.237459
15.5,29,938.305686
0.25,3,938.313738
0.75,4,938.323549
-0.75,1,938.326556
3.75,10,938.35106
4.25,12,938.381092
-0.75,1,938.384053
0.75,1,938.386752
-0.25,5,938.399438
6.25,15,938.434577
0.25,3,938.441491
5.75,11,938.468843
8.5,17,938.519123
3.75,10,938.545423
17.0,23,938.600548
1.25,5,938.613046
14.0,21,938.667865
8.0,16,938.709286
0.75,1,938.712226
1.75,6,938.728905
5.75,11,938.758294
-0.25,2,938.763926
8.75,13,938.797471
4.75,12,938.827918
23.0,26,938.898881
0.75,4,938.909345
15.75,23,938.96597
-0.75,1,938.968723
3.75,16,939.008108
0.75,1,939.010841
9.5,19,939.055844
6.25,15,939.091549
1.25,5,939.103453
-0.25,2,939.108231
-0.25,2,939.113353
18.0,23,939.172979
5.75,14,939.210251
11.5,17,939.252809
3.25,9,939.275535
-0.25,2,939.280875
8.25,22,939.335673
2.25,7,939.353709
-0.25,2,939.359131
22.75,27,939.426682
7.0,14,939.770457
9.25,20,939.820492
-0.25,2,939.825531
-0.25,2,939.830401
16.25,20,939.882719
2.75,5,939.895193
15.0,26,939.955267
-0.25,2,939.960526
-0.25,2,939.965825
5.75,14,939.999105
2.25,4,940.009373
18.0,25,940.068938
-0.25,2,940.074059
2.75,8,940.093682
-0.25,2,940.098856
7.25,14,940.132139
1.75,3,940.138997
4.75,12,940.167491
-1.25,3,940.175908
-2.25,4,940.18566
9.25,21,940.238847
12.0,22,940.295212
0.75,4,940.305858
3.25,9,940.33029
-0.75,1,940.333342
14.0,18,940.381407
6.25,14,940.417496
3.5,16,940.456952
0.75,4,940.46814
5.75,23,940.52512
-0.25,2,940.530059
6.0,12,940.561615
15.0,17,940.605227
6.25,15,940.640737
1.25,5,940.653118
1.75,6,940.6702
1.75,6,940.685019
-1.25,3,940.69259
17.5,22,940.749752
6.25,15,940.78894
-5.25,10,940.813854
-0.75,1,940.816476
-0.25,2,940.821771
0.75,4,940.831653
-0.25,2,940.83661
15.0,17,940.880792
9.25,21,940.930846
11.0,25,940.988623
0.75,4,940.997871
-0.25,2,941.002803
-2.25,4,941.01282
12.0,22,941.378487
14.0,28,941.449279
22.0,28,941.521309
3.25,9,941.543767
-1.25,3,941.55179
3.75,10,941.576779
-1.25,3,941.584517
5.25,13,941.617193
9.0,18,941.661544
-0.25,2,941.666549
-0.25,2,941.672157
-0.25,2,941.677517
0.75,4,941.687882
16.5,24,941.749432
4.75,12,941.779314
-0.25,2,941.784794
-0.75,1,941.787646
-5.75,9,941.81083
-0.25,2,941.817184
7.75,18,941.86449
7.25,17,941.909487
0.25,3,941.917866
13.5,27,941.98678
0.25,3,941.994645
12.5,25,942.059248
0.75,4,942.069477
4.75,12,942.100044
-0.75,1,942.102999
0.75,1,942.105672
1.75,6,942.120451
0.75,1,942.123434
7.5,15,942.163244
10.25,23,942.22069
36.5,48,942.338393
11.5,17,942.380574
-0.75,1,942.383485
3.75,10,942.410438
7.25,17,942.451877
0.75,4,942.461627
12.0,24,942.520619
13.0,16,942.56059
13.75,30,942.632704
2.75,8,942.964475
-0.75,1,942.967467
-0.75,1,942.970465
36.75,49,943.09655
8.5,19,943.141732
2.75,8,943.161509
1.25,5,943.174208
1.25,5,943.186499
1.75,15,943.221937
-0.25,2,943.226638
9.25,15,943.264305
0.75,1,943.267014
0.75,4,943.27767
9.5,17,943.320292
8.75,14,943.354208
0.75,1,943.357193
-0.75,1,943.359972
0.25,9,943.383589
-0.25,2,943.389157
6.5,13,943.423898
0.75,1,943.426847
-0.25,2,943.432378
9.25,21,943.485202
-1.25,6,943.500935
6.75,16,943.542434
15.0,18,943.590498
1.25,5,943.603821
-0.75,1,943.606513
-0.25,2,943.611746
5.25,13,943.645702
4.75,12,943.674965
7.25,17,943.714514
2.75,14,943.750921
17.25,21,943.801746
0.75,1,943.804429
0.75,1,943.807222
0.75,1,943.809786
4.25,14,943.844216
-0.75,1,943.84708
0.25,3,943.854451
4.75,12,943.88465
8.25,19,943.929705
2.75,8,943.949133
12.75,25,944.006618
16.0,18,944.047962
-0.25,2,944.053199
0.75,4,944.062342
0.75,1,944.064926
8.25,19,944.110793
6.75,16,944.147443
9.25,14,944.180167
19.0,20,944.534079
0.25,3,944.541416
-0.25,2,944.546472
-0.75,1,944.549196
-0.75,1,944.552087
8.0,16,944.591432
6.75,12,944.621023
2.25,7,944.638513
0.25,3,944.646196
1.25,5,944.65887
2.25,7,944.677512
-0.75,1,944.680367
0.75,4,944.690362
4.25,11,944.7184
1.25,5,944.732915
6.5,13,944.765483
13.25,17,944.807532
-1.25,3,944.815139
-0.75,1,944.817744
2.75,8,944.83779
-0.25,2,944.843793
-0.75,1,944.846834
0.25,3,944.854307
0.75,1,944.857129
-1.25,3,944.865174
-4.25,6,944.881944
3.75,10,944.906668
0.25,3,944.914704
-0.75,1,944.917734
0.75,4,944.928331
6.75,16,944.969709
9.25,21,945.023926
7.25,10,945.049613
4.75,12,945.079991
3.25,18,945.126657
-0.25,2,945.132551
1.75,6,945.14837
0.75,1,945.151201
-4.75,11,945.179812
-0.75,1,945.18268
-0.75,1,945.185337
-4.75,14,945.221664
6.25,10,945.245691
11.25,15,945.284294
-0.75,1,945.287214
0.75,4,945.297639
-0.75,1,945.30049
5.25,13,945.332059
0.25,3,945.340309
4.75,12,945.370553
-0.25,2,945.375507
0.75,4,945.385509
11.75,15,945.424318
2.25,10,945.449719
1.75,6,945.465798
2.75,8,945.490858
0.25,3,945.498649
-0.25,2,945.503843
0.75,4,945.514491
2.75,8,945.534328
12.75,17,945.576023
1.75,6,945.590716
-0.75,1,945.593392
-5.75,12,945.625116
2.0,19,945.672898
3.75,10,945.696949
-0.25,2,945.701638
9.75,14,945.736259
-0.25,2,945.74156
13.75,17,945.785765
3.25,6,945.800716
-1.25,3,945.808862
-0.25,2,945.813874
-1.25,3,945.821456
-1.25,3,945.829129
17.25,21,946.197889
-2.25,4,946.207569
8.5,17,946.249986
13.5,16,946.288237
0.75,1,946.290808
-0.75,1,946.293658
8.25,19,946.339518
8.5,17,946.381935
0.75,1,946.384594
0.25,18,946.43067
9.5,17,946.475428
3.25,9,946.49973
0.75,1,946.502879
-4.25,15,946.543978
5.75,13,946.580135
1.75,3,946.588487
3.25,9,946.612088
0.75,1,946.615225
0.75,1,946.618317
-0.25,2,946.623971
1.75,6,946.640838
17.0,23,946.703806
11.5,22,946.76392
-0.75,1,946.766948
0.75,1,946.770965
0.75,1,946.77432
2.75,8,946.79607
0.25,3,946.803828
5.75,11,946.832152
9.5,19,946.879689
13.25,20,946.929214
0.75,4,946.940021
5.75,14,946.975535
0.25,3,946.983612
-5.75,15,947.020368
2.25,7,947.03768
4.25,8,947.05899
-1.25,3,947.066813
-0.75,1,947.069502
-0.25,2,947.075022
3.75,13,947.1067
16.0,18,947.151694
-0.75,1,947.154467
0.25,3,947.16169
10.75,21,947.215282
-0.75,1,947.218059
-1.25,3,947.225683
7.75,10,947.24978
4.75,12,947.278863
-2.25,4,947.28941
0.75,4,947.300447
-0.75,1,947.303323
-1.25,3,947.31148
0.25,3,947.319427
-3.0,17,947.362113
8.75,11,947.38968
0.75,1,947.392572
17.5,23,947.447638
-0.25,2,947.453521
15.25,19,947.83362
0.75,1,947.837895
12.5,25,947.963476
-0.25,2,947.97362
-0.25,2,947.980868
-0.25,2,947.986902
2.25,7,948.007092
0.25,6,948.024353
7.75,14,948.064121
0.25,3,948.072432
0.75,1,948.075505
6.75,13,948.111839
0.25,3,948.120603
1.75,6,948.137885
-0.75,1,948.141144
0.25,3,948.149896
-0.25,2,948.15577
3.25,18,948.206795
-0.75,1,948.209874
10.0,19,948.26367
-0.75,1,948.266726
2.75,8,948.28991
1.75,6,948.306837
-0.75,1,948.309798
-0.75,1,948.313368
-0.75,1,948.316465
1.25,5,948.330436
-0.75,1,948.333489
0.75,1,948.33657
0.75,4,948.348023
-0.75,1,948.350996
-1.25,3,948.359548
-12.25,17,948.40963
-0.25,2,948.416264
-0.25,2,948.421945
1.25,5,948.436769
2.75,8,948.459347
0.75,1,948.463549
-1.25,6,948.481365
2.25,6,948.500801
1.75,6,948.517077
17.75,26,948.586602
0.25,3,948.594462
16.0,19,948.642946
-1.25,3,948.650654
-0.25,2,948.656089
2.75,8,948.6783
9.25,21,948.732329
5.75,14,948.767338
-0.75,1,948.770134
1.25,5,948.783123
0.25,3,948.791019
3.25,9,948.813704
4.25,11,948.842761
2.75,8,948.863424
-0.75,1,948.866379
-0.75,1,948.869497
0.75,1,948.872756
8.25,13,948.90508
14.0,28,948.971386
0.75,1,948.974086
0.75,1,948.976875
-0.25,2,948.982665
-2.25,4,948.993121
10.5,15,949.029431
8.25,25,949.092045
-0.75,1,949.09467
3.75,10,949.11844
6.75,16,949.157323
5.75,10,949.182633
-0.75,1,949.18547
-0.75,1,949.188361
0.25,3,949.195919
0.25,14,949.228837
-0.25,2,949.234151
-0.25,2,949.62625
-4.75,8,949.646919
-3.25,5,949.661708
12.25,22,949.720059
7.0,14,949.758511
10.25,12,949.788249
0.75,1,949.791141
2.25,7,949.809478
0.75,1,949.812448
17.0,22,949.869938
9.25,15,949.909521
0.75,4,949.92037
9.5,19,949.970536
2.75,8,949.991469
-9.75,13,950.025377
0.25,3,950.033682
15.5,19,950.083976
-0.75,1,950.086952
2.25,7,950.105482
9.75,22,950.160738
10.75,24,950.221336
0.75,1,950.224197
13.0,14,950.258096
-0.75,1,950.260768
-0.25,2,950.266109
0.75,4,950.276338
9.0,15,950.312835
-0.75,1,950.315757
8.0,16,950.356381
0.75,4,950.366456
10.75,15,950.403664
14.5,16,950.443473
5.25,13,950.47577
11.25,16,950.516435
-0.75,1,950.51934
9.75,13,950.551101
15.75,23,950.607467
0.75,1,950.610407
3.25,9,950.635385
-0.75,1,950.638398
6.75,16,950.679451
2.25,7,950.698223
3.25,9,950.722118
-0.25,2,950.728116
0.25,3,950.736366
0.75,1,950.73924
15.25,17,950.783332
0.75,1,950.786456
3.75,16,950.827156
1.75,15,950.866767
0.75,1,950.869645
-0.25,2,950.876146
6.75,16,950.916808
7.25,17,951.262487
-2.75,13,951.293804
2.25,4,951.304382
12.5,25,951.366374
-0.25,2,951.371831
0.75,4,951.382896
8.5,17,951.42699
-0.75,1,951.429965
15.0,18,951.477123
-0.25,2,951.482532
-2.75,6,951.499511
13.25,29,951.576431
4.25,11,951.605457
4.25,11,951.633737
12.75,17,951.677513
1.75,6,951.693555
0.25,3,951.701475
6.25,15,951.741083
6.5,13,951.773355
0.75,1,951.776007
-0.25,2,951.78153
4.25,11,951.808148
2.75,8,951.8276
-0.25,2,951.832872
-0.75,1,951.835885
-0.25,2,951.841208
7.0,14,951.878149
4.75,12,951.909456
0.75,4,951.919642
6.25,12,951.94864
-0.75,1,951.951473
-0.25,2,951.956735
-0.75,1,951.959623
0.75,1,951.962359
0.75,1,951.965333
2.25,7,951.982496
-0.25,2,951.987908
16.25,20,952.037095
0.25,3,952.044671
5.75,14,952.079985
-0.25,2,952.085747
-0.25,2,952.09127
0.75,4,952.1016
15.75,32,952.18079
11.25,19,952.226002
-0.25,2,952.231758
5.75,14,952.265707
0.75,1,952.268487
-0.75,1,952.271095
23.0,24,952.329131
8.75,13,952.361405
5.75,14,952.396731
0.25,3,952.405449
-0.25,2,952.411108
5.75,17,952.452719
-0.75,1,952.455573
0.75,1,952.458421
6.25,15,952.495517
0.25,3,952.503618
4.75,12,952.534795
-0.75,1,952.537871
23.5,31,952.929735
5.75,14,952.966359
8.75,20,953.018443
-0.75,1,953.021479
4.25,11,953.05033
0.75,1,953.05332
3.75,10,953.080132
16.5,23,953.141442
0.75,4,953.152413
0.75,1,953.155375
0.75,4,953.172324
-0.75,1,953.175241
1.75,6,953.192117
0.75,1,953.19518
1.25,5,953.209054
11.75,26,953.273174
-4.25,6,953.287868
2.75,7,953.305328
0.25,3,953.31378
16.5,19,953.360402
3.25,9,953.382921
2.25,7,953.401346
0.75,1,953.404181
6.25,15,953.447826
2.75,20,953.497856
-0.75,1,953.500761
13.5,27,953.567161
11.0,22,953.628825
12.0,17,953.672752
3.25,9,953.69531
5.25,16,953.73809
18.0,27,953.804554
5.25,13,953.83597
0.75,4,953.846886
4.25,11,953.875895
6.75,16,953.916861
7.25,17,953.957294
0.75,1,953.960013
1.5,12,953.989879
5.0,16,954.027602
1.25,17,954.066133
0.75,1,954.069123
7.25,17,954.110275
-7.25,9,954.132684
2.25,7,954.150342
0.75,1,954.153039
-0.75,1,954.155585
0.75,1,954.15836
-0.25,2,954.163623
6.75,16,954.509692
2.75,8,954.530689
-2.0,14,954.567671
10.5,12,954.603662
-0.75,1,954.606706
0.75,1,954.609625
-1.25,3,954.617918
0.75,1,954.620923
1.75,6,954.635617
0.25,3,954.643466
1.25,5,954.655966
20.5,28,954.729881
0.25,3,954.73825
2.25,4,954.749106
5.25,16,954.793482
0.75,1,954.796351
7.75,18,954.841558
-0.75,4,954.853216
14.0,21,954.907803
0.25,3,954.915424
10.0,20,954.962765
0.75,4,954.972374
1.75,15,955.007332
5.75,8,955.025673
0.75,4,955.034739
12.25,16,955.074648
9.0,18,955.11741
-1.25,3,955.125328
2.25,7,955.141691
3.75,10,955.166182
4.75,12,955.195642
3.25,9,955.217527
0.75,1,955.22033
20.0,28,955.283688
0.75,1,955.286281
-4.25,9,955.309317
11.75,26,955.37157
8.75,20,955.419071
-0.25,2,955.424256
0.75,4,955.435184
1.25,5,955.447884
7.25,17,955.491302
-0.75,1,955.494534
2.25,7,955.512595
3.25,9,955.534991
4.25,11,955.560993
0.25,3,955.568306
5.75,14,955.605013
2.25,7,955.623064
5.75,8,955.641696
5.25,13,955.674614
0.75,1,955.67753
11.0,22,955.732759
-1.75,5,955.745049
-0.25,2,955.750461
-0.75,1,955.753293
-0.75,1,955.756172
-0.25,2,955.761647
0.25,3,955.769388
2.75,8,956.107667
-0.25,2,956.11387
2.25,7,956.132572
2.75,8,956.15383
1.25,5,956.167109
-3.0,17,956.211263
3.75,10,956.237344
2.25,7,956.255959
-0.75,1,956.258835
6.75,16,956.299989
1.25,5,956.312714
0.25,3,956.320917
-0.75,7,956.338775
-0.75,1,956.341776
11.5,17,956.386497
1.25,5,956.399434
0.75,1,956.402248
13.0,18,956.446742
6.75,17,956.486485
5.25,13,956.518465
-0.75,1,956.521122
-0.75,1,956.523964
-1.25,3,956.531409
3.25,12,956.559423
18.0,23,956.61793
6.5,13,956.652108
13.75,28,956.722383
17.0,22,956.778343
4.75,18,956.822762
0.25,3,956.829772
-1.25,3,956.837086
-1.25,3,956.845091
14.5,26,956.911844
1.25,5,956.9245
-1.25,3,956.931715
-0.75,1,956.934369
0.25,3,956.941725
-0.25,2,956.946747
-0.75,1,956.949463
-0.75,1,956.952381
-0.25,2,956.957403
1.75,6,956.971424
-0.25,2,956.977785
-0.25,2,956.983432
5.25,13,957.015528
0.75,1,957.018221
0.75,4,957.028774
0.75,1,957.031533
-0.75,1,957.03429
0.75,4,957.044083
0.75,4,957.053825
1.25,5,957.065578
-3.25,5,957.077709
-0.75,1,957.080249
0.75,4,957.089655
-0.25,2,957.094978
0.25,3,957.10265
5.25,16,957.144614
1.75,6,957.159775
1.25,5,957.172117
0.75,1,957.174655
1.25,5,957.187646
29.0,46,957.295915
1.75,6,957.310117
0.25,3,957.317965
1.75,6,957.333628
-1.25,6,957.348096
9.5,19,957.730988
4.25,14,957.766986
1.75,6,957.782734
0.75,4,957.794396
-0.25,2,957.800064
-0.75,1,957.803
-0.75,1,957.805931
-0.25,2,957.811627
9.0,18,957.857634
6.25,11,957.886597
2.75,8,957.907223
-1.25,3,957.914896
10.5,21,957.964974
0.75,1,957.967726
17.5,23,958.020079
8.75,20,958.068498
1.75,6,958.082384
7.5,12,958.113509
6.75,13,958.145441
2.75,8,958.164951
0.25,3,958.172419
5.25,13,958.201733
-0.25,2,958.207115
16.0,26,958.267044
9.25,21,958.316509
8.25,19,958.365411
-3.0,17,958.406996
7.25,14,958.440291
4.25,11,958.46601
-1.25,3,958.473549
1.25,5,958.487646
6.25,15,958.527069
-0.75,1,958.530228
15.0,18,958.572764
0.75,1,958.57555
-0.75,1,958.578394
14.0,25,958.647491
1.75,6,958.663297
16.5,33,958.747601
0.75,4,958.757989
7.75,18,958.805121
2.25,13,958.83923
2.75,8,958.860327
6.5,13,958.894338
0.75,4,958.905473
13.25,16,958.944442
8.5,17,958.985404
-0.25,2,958.990324
8.25,13,959.346593
4.25,14,959.382504
-2.75,6,959.398498
-0.75,1,959.401595
4.75,15,959.439837
14.0,18,959.484116
-0.75,1,959.48758
8.5,17,959.533766
12.5,25,959.596186
0.75,1,959.598921
7.25,10,959.62469
12.0,13,959.658937
1.75,6,959.674991
13.0,16,959.714656
6.5,13,959.747804
3.25,9,959.769765
5.25,13,959.803023
5.75,9,959.825749
0.75,1,959.828694
3.75,10,959.855018
-0.25,2,959.860397
14.5,29,959.932906
0.75,4,959.94264
-0.25,2,959.947462
-2.0,14,959.98188
9.5,19,960.028953
-0.75,1,960.031835
1.25,5,960.044631
20.5,28,960.110458
3.75,10,960.135228
0.25,3,960.142603
7.0,17,960.183851
4.25,11,960.209852
-0.25,2,960.214905
14.0,28,960.279857
16.0,18,960.322314
-1.25,3,960.329763
1.75,6,960.344282
6.25,15,960.382224
0.75,1,960.385055
19.0,24,960.444313
-8.25,13,960.476058
5.25,13,960.507832
2.25,7,960.525041
7.0,14,960.557858
3.25,9,960.579021
0.25,3,960.586134
6.75,16,960.958108
12.75,17,961.006044
13.0,15,961.043809
4.75,12,961.073653
0.75,4,961.084273
0.75,1,961.087124
5.75,14,961.121965
0.75,4,961.131851
17.25,24,961.189896
8.5,17,961.229975
-0.75,1,961.232475
0.75,1,961.234941
1.75,12,961.262471
16.5,25,961.321737
0.75,4,961.331849
-0.75,1,961.334873
-0.75,1,961.337641
0.25,3,961.344875
1.25,5,961.357261
9.5,16,961.397557
3.25,19,961.443475
0.75,1,961.446118
0.25,3,961.453829
0.75,1,961.456806
14.5,41,961.553914
-2.75,19,961.600593
0.75,4,961.610492
7.0,14,961.645443
19.5,30,961.719141
9.5,19,961.766365
-0.75,1,961.769097
2.75,8,961.78915
0.75,4,961.799091
0.25,3,961.806626
13.0,14,961.847091
-0.25,2,961.852868
-10.25,12,961.885762
1.25,5,961.898836
13.5,20,961.94836
0.75,1,961.951051
20.5,41,962.052585
11.0,25,962.114478
-0.75,1,962.117297
-7.25,12,962.14883
7.75,21,962.19958
24.0,27,962.584009
1.25,5,962.597143
0.75,1,962.599779
1.25,5,962.612247
16.0,18,962.65559
-0.25,2,962.660939
0.75,4,962.671221
12.5,25,962.732915
-0.75,1,962.735846
4.25,11,962.761996
5.25,13,962.793186
0.75,1,962.796486
-5.25,7,962.817166
11.5,19,962.875287
5.75,8,962.898494
5.75,14,962.933824
9.25,13,962.966693
6.25,15,963.004072
-1.25,6,963.019446
12.5,25,963.080677
6.0,12,963.110144
9.5,19,963.15871
-0.25,2,963.163817
-1.25,3,963.172077
-0.75,1,963.174945
5.25,13,963.206566
-0.75,1,963.209426
3.25,15,963.244004
6.75,16,963.279827
9.5,19,963.324154
-0.25,2,963.328874
6.0,24,963.38778
11.0,22,963.441211
-0.75,1,963.443796
7.25,15,963.480198
0.75,4,963.48975
0.75,4,963.501531
0.75,1,963.504171
-0.75,1,963.507233
0.25,3,963.514983
10.25,23,963.568707
-0.75,1,963.5713
6.75,16,963.608722
11.75,14,963.641639
-0.25,2,963.646445
4.75,12,963.678046
5.25,13,963.711887
0.75,4,963.722416
7.25,17,963.763912
1.75,6,963.778664
0.75,4,963.787878
14.5,29,964.176553
-0.75,1,964.179701
-0.25,2,964.185171
11.75,19,964.235429
6.75,16,964.276238
10.75,24,964.337727
9.0,16,964.378203
15.0,18,964.423655
0.75,4,964.434485
1.25,5,964.447316
6.75,16,964.486157
-0.25,2,964.491347
4.75,12,964.525139
-0.75,1,964.528291
-0.75,1,964.530913
-3.25,5,964.543274
1.75,18,964.585591
10.0,20,964.632125
3.75,10,964.655568
2.75,8,964.676471
7.25,17,964.717917
0.75,4,964.72993
12.0,19,964.776364
6.25,15,964.813076
-0.75,1,964.815657
9.25,21,964.869435
0.25,3,964.878007
4.25,11,964.906252
-0.25,2,964.911774
-0.75,13,964.943484
-5.25,7,964.960082
0.75,4,964.970236
10.5,21,965.020853
18.0,25,965.084783
15.0,19,965.131889
8.5,17,965.173265
12.25,27,965.23892
1.75,6,965.25324
8.75,20,965.298992
9.75,12,965.329687
0.75,1,965.332653
-1.25,3,965.34031
1.25,5,965.352905
-1.25,3,965.360852
4.75,12,965.390236
13.25,29,965.782938
2.25,7,965.801772
14.0,18,965.846379
9.0,18,965.898955
0.75,4,965.910488
0.75,4,965.920813
1.25,5,965.934249
10.75,13,965.96765
2.5,17,966.011629
6.25,15,966.051181
0.75,4,966.061106
8.75,20,966.110811
-0.25,2,966.115961
6.75,16,966.155536
4.25,11,966.183303
0.75,1,966.186198
-3.75,16,966.224741
8.25,22,966.278515
11.75,26,966.337617
0.75,1,966.340488
-0.75,1,966.343097
13.5,16,966.384257
10.0,29,966.455154
0.75,4,966.464938
0.75,1,966.467812
-1.75,8,966.486724
0.75,1,966.489598
7.5,15,966.527554
4.75,15,966.565086
7.75,18,966.610462
8.0,16,966.658118
2.75,14,966.6959
0.75,1,966.698889
9.5,19,966.74836
21.75,30,966.821482
0.25,3,966.82953
0.75,4,966.840115
7.25,17,966.884249
1.75,6,966.899672
4.0,14,966.936739
10.0,20,966.98828
0.75,4,966.998954
-1.25,3,967.007191
0.75,5,967.332191
0.75,1,967.335367
2.75,5,967.348192
2.25,13,967.379982
10.25,23,967.438199
7.25,14,967.472858
1.75,6,967.487471
-0.25,2,967.492633
-0.25,2,967.498657
7.0,14,967.534972
-6.0,18,967.578754
8.25,16,967.616381
5.25,13,967.64702
13.0,14,967.682129
0.75,4,967.692297
9.25,21,967.744235
13.0,15,967.779856
16.0,27,967.844531
7.75,18,967.891635
10.75,11,967.919619
1.25,5,967.934823
8.0,16,967.977851
9.75,12,968.005212
5.75,17,968.045895
4.25,11,968.071347
-15.75,22,968.124797
5.75,20,968.173516
1.75,6,968.188683
-1.25,3,968.196829
0.75,4,968.207735
11.5,23,968.262439
14.25,23,968.31646
7.5,17,968.35772
0.75,1,968.360739
18.5,37,968.452945
-0.75,1,968.455797
4.25,11,968.481874
0.75,4,968.492724
9.0,18,968.540912
-2.25,10,968.566823
0.75,1,968.569692
8.75,20,968.931884
21.5,27,968.998733
3.75,10,969.022231
-5.25,7,969.038839
22.0,28,969.10415
7.25,13,969.136253
9.75,23,969.194289
15.0,18,969.23748
-1.25,3,969.245219
10.75,13,969.276838
10.75,24,969.333187
9.5,19,969.376589
-0.75,1,969.379217
2.25,5,969.391804
12.75,31,969.468398
1.75,6,969.48309
0.25,3,969.490687
11.5,17,969.538932
6.75,25,969.599488
7.0,20,969.646542
12.25,27,969.713251
3.75,13,969.746523
-7.75,14,969.780545
-6.0,18,969.826049
0.75,4,969.836625
-7.75,14,969.871625
9.0,18,969.916499
9.0,18,969.96345
10.75,21,970.019218
0.75,4,970.029781
-0.25,2,970.034926
7.25,11,970.061912
4.75,12,970.093155
1.0,17,970.137194
-0.75,1,970.140273
0.75,1,970.1433
1.25,5,970.156643
-5.75,12,970.506295
5.75,14,970.541121
3.25,9,970.563593
1.75,6,970.578993
7.25,17,970.62152
6.0,12,970.650602
0.75,1,970.653106
0.25,3,970.660214
15.5,19,970.706851
3.25,9,970.730753
5.5,17,970.771998
-2.75,6,970.786838
1.75,6,970.80134
15.0,30,970.874587
-0.75,1,970.877524
1.75,3,970.885962
-0.25,2,970.891211
8.5,17,970.933392
-0.75,1,970.936335
0.75,4,970.946852
-0.75,1,970.949816
3.25,9,970.972976
9.5,19,971.022555
1.5,12,971.051851
-10.75,17,971.092621
6.0,12,971.121876
0.75,1,971.12489
-0.75,1,971.127766
-0.25,2,971.133147
-0.75,1,971.136111
-0.75,1,971.138994
21.5,43,971.244145
14.0,21,971.297508
5.25,10,971.322459
18.25,42,971.423648
-13.75,20,971.474442
3.75,10,971.500473
5.25,19,971.549148
-5.25,10,971.577163
4.75,24,971.651801
10.5,14,971.689224
9.25,14,971.72686
2.25,7,971.746312
19.25,26,972.127921
1.75,6,972.143458
3.75,10,972.168325
-0.75,1,972.171257
-0.25,2,972.176548
5.75,11,972.203226
15.0,21,972.254894
14.0,23,972.309561
5.75,11,972.336386
0.25,3,972.344349
26.5,42,972.449759
4.75,12,972.480544
-0.75,1,972.483275
3.75,10,972.508048
0.75,1,972.510679
5.25,10,972.534706
-4.25,6,972.549369
-0.75,1,972.552258
-0.25,2,972.557644
7.75,11,972.585648
-0.25,2,972.59068
5.75,11,972.617424
16.0,18,972.661869
1.75,6,972.677217
9.5,19,972.7274
14.0,24,972.786754
2.25,7,972.804781
12.5,14,972.839364
-0.25,2,972.844436
0.75,4,972.854605
11.0,22,972.907462
-0.75,1,972.910381
5.75,11,972.936923
16.75,25,972.996929
8.75,11,973.030982
-7.25,12,973.062136
-16.0,19,973.109652
-0.25,2,973.114971
-0.75,1,973.117838
3.75,9,973.140528
-0.25,2,973.145879
-7.75,14,973.180166
-1.25,3,973.187927
-0.75,1,973.190895
13.75,30,973.2679
-0.75,1,973.270938
-6.25,8,973.292199
12.0,20,973.344269
-6.75,13,973.378345
-0.75,1,973.381296
-0.25,2,973.386956
-0.25,2,973.394334
-1.25,3,973.4049
-0.75,1,973.407853
4.75,12,973.755003
9.75,14,973.790876
0.75,1,973.793856
-0.25,2,973.799003
11.25,18,973.842976
0.75,4,973.8535
2.25,4,973.863246
0.25,3,973.870573
-0.25,2,973.876141
12.0,14,973.911282
0.25,3,973.919499
18.0,25,973.982094
-1.25,3,973.989706
0.25,3,973.997206
-0.75,1,973.999969
-0.25,2,974.005455
11.0,22,974.064696
8.0,16,974.102459
0.75,1,974.105133
5.75,14,974.138726
-0.75,1,974.141662
6.0,12,974.172308
7.25,17,974.211991
11.25,14,974.245557
-0.25,2,974.250803
9.5,19,974.2951
14.0,28,974.362461
0.75,1,974.365255
0.75,1,974.368128
3.25,7,974.384762
10.0,20,974.441777
4.25,11,974.477927
8.75,10,974.511942
3.75,10,974.544857
7.5,15,974.59537
-0.25,2,974.601715
-0.25,2,974.608796
-6.25,11,974.644426
-0.75,1,974.648083
-0.75,1,974.651271
14.5,29,974.726002
4.75,12,974.757802
2.75,11,974.785889
10.0,20,974.834198
-0.25,2,974.83952
0.75,1,974.842404
14.0,18,974.889755
-9.0,12,974.92188
4.25,11,974.950207
-0.25,2,974.956059
7.0,14,974.994442
0.75,4,975.005006
13.25,19,975.055687
4.75,11,975.084225
0.75,1,975.087157
-0.75,1,975.090155
-3.25,5,975.397148
0.75,4,975.406794
-0.25,2,975.411941
5.25,13,975.442387
0.75,4,975.451829
-0.75,1,975.454603
-0.25,2,975.459463
-0.25,2,975.464245
4.75,12,975.493088
6.5,13,975.525966
0.75,1,975.528907
4.75,12,975.558777
1.25,5,975.571221
10.25,23,975.624605
-0.25,2,975.630578
-0.25,2,975.63642
2.75,8,975.656284
4.25,11,975.681425
14.25,31,975.75607
13.0,14,975.790841
-1.25,6,975.805668
17.5,26,975.873653
0.75,1,975.876665
0.25,3,975.885409
8.0,16,975.924515
14.5,18,975.969634
8.25,19,976.016252
13.0,14,976.054206
-0.25,2,976.060139
3.75,16,976.104283
-0.25,2,976.109428
16.0,18,976.153512
12.25,24,976.21222
0.75,4,976.222204
4.25,11,976.248724
-1.75,8,976.267722
-0.75,1,976.270321
-0.25,2,976.275719
2.75,30,976.347502
-0.75,1,976.350131
9.75,15,976.387061
8.0,15,976.425185
-0.25,2,976.430635
0.75,4,976.44056
1.75,6,976.455554
19.5,39,976.563251
0.75,1,976.566145
3.25,9,976.589725
9.25,21,976.644406
5.5,17,977.021467
-0.75,1,977.024346
6.0,12,977.054125
-0.25,24,977.115058
-0.75,1,977.117808
-1.25,3,977.125741
18.0,27,977.191013
-0.75,1,977.193914
-0.75,1,977.196788
10.5,21,977.246896
-0.75,1,977.249615
-0.25,2,977.255187
-0.25,2,977.260531
5.75,26,977.324886
7.25,17,977.367235
-0.25,2,977.372699
1.75,6,977.386952
13.5,17,977.428484
-2.25,4,977.438198
-0.25,2,977.443448
6.25,12,977.472866
9.75,22,977.526964
9.5,22,977.580877
10.25,23,977.639876
-0.25,2,977.645505
4.75,7,977.662733
17.75,24,977.721283
0.25,3,977.73004
13.0,26,977.795047
-0.25,2,977.8007
7.75,18,977.844696
10.75,24,977.908112
5.75,14,977.942645
-0.75,1,977.945462
5.75,14,977.979305
0.75,1,977.982143
7.25,14,978.017924
10.0,18,978.063839
9.5,19,978.115607
0.75,1,978.118558
-0.75,1,978.121475
9.5,16,978.161815
5.25,13,978.200321
11.0,17,978.243907
7.25,14,978.279244
5.75,15,978.62701
-0.25,2,978.632473
3.75,13,978.666086
7.75,18,978.712957
6.75,13,978.749083
-0.75,1,978.752152
0.75,4,978.762367
-0.75,1,978.765313
0.75,4,978.776127
-0.75,1,978.778965
0.75,1,978.781766
0.75,4,978.792612
-0.25,2,978.798094
3.25,15,978.834223
0.75,1,978.837361
7.25,11,978.865942
3.75,10,978.89202
0.25,3,978.8998
7.25,13,978.934403
8.0,16,978.974264
5.75,11,979.002656
-0.75,1,979.005517
1.25,5,979.018463
-0.75,1,979.021498
6.25,18,979.067875
2.75,8,979.088586
16.5,22,979.144173
9.0,18,979.18686
9.5,17,979.229325
13.0,26,979.294663
11.0,22,979.34874
19.75,32,979.426668
-0.25,2,979.432131
0.75,1,979.435053
16.5,22,979.488586
0.75,1,979.491384
-0.75,1,979.49402
4.25,11,979.523
5.5,17,979.56646
9.5,19,979.612661
1.25,5,979.626183
24.5,30,979.704802
3.75,10,979.732293
4.75,15,979.772144
9.0,18,979.818465
6.25,15,979.857656
6.5,13,979.893116
4.25,11,979.922255
3.75,10,980.261718
0.75,1,980.264585
5.25,19,980.31224
5.25,13,980.344651
0.75,4,980.355247
16.5,23,980.410461
11.0,22,980.462414
0.75,1,980.465244
11.75,24,980.524101
9.0,18,980.571509
12.0,20,980.618487
0.75,1,980.621298
5.75,11,980.647938
0.25,3,980.655849
8.75,20,980.701696
8.0,19,980.750659
9.25,17,980.793495
-0.75,1,980.796351
6.75,16,980.836855
-9.25,11,980.86484
9.75,22,980.921664
5.25,13,980.955809
3.25,15,980.991254
22.0,28,981.06034
-0.75,1,981.063173
6.25,15,981.103718
-0.25,2,981.109138
0.75,1,981.11216
-2.25,4,981.122414
17.5,26,981.188629
-0.75,7,981.206675
3.25,9,981.229529
1.25,5,981.242503
10.0,20,981.293606
12.0,13,981.326696
14.5,29,981.40095
14.0,34,981.48712
-0.75,1,981.490077
5.75,14,981.842103
5.25,13,981.876794
0.75,4,981.889067
19.0,28,981.956993
21.5,33,982.038477
13.0,16,982.079743
9.0,18,982.124709
11.5,23,982.18307
16.5,23,982.239331
-0.25,2,982.244522
0.75,1,982.247374
10.0,20,982.295776
-0.75,1,982.298837
11.75,24,982.357413
9.5,19,982.407175
-0.75,1,982.41024
-0.75,1,982.413265
-4.75,17,982.461208
7.25,17,982.507345
9.5,19,982.554455
1.25,5,982.566609
0.75,1,982.569397
0.75,1,982.572316
10.0,23,982.629253
6.0,12,982.658492
-0.75,1,982.661258
-1.75,5,982.673328
0.75,4,982.683217
0.75,4,982.692568
5.75,14,982.72861
3.75,10,982.753381
-0.25,2,982.758826
1.75,6,982.774332
9.75,19,982.823655
1.25,5,982.836635
18.25,39,982.9402
6.75,22,982.998502
4.25,11,983.028175
8.5,17,983.071419
-0.25,2,983.077268
0.75,1,983.080242
0.75,4,983.091098
12.25,16,983.131753
11.75,26,983.527985
1.0,17,983.570292
9.0,18,983.614752
1.25,17,983.65486
0.25,3,983.663111
7.0,14,983.697167
-7.25,12,983.72749
-4.75,14,983.764272
3.75,10,983.790102
-0.75,1,983.792905
0.75,4,983.803304
8.0,16,983.842259
5.25,13,983.875926
16.0,26,983.938816
0.75,1,983.941651
16.0,19,983.987323
9.5,19,984.032895
14.5,32,984.113509
11.5,23,984.170452
-0.25,2,984.175879
9.25,21,984.231124
31.0,34,984.320958
26.5,42,984.431676
38.0,49,984.561504
5.75,14,984.596374
10.0,20,984.642912
-0.25,2,984.648074
12.0,24,984.705946
4.75,12,984.736558
1.75,6,984.751993
4.25,11,985.08723
9.25,21,985.143481
-7.25,9,985.166927
0.75,1,985.170179
-4.25,6,985.187644
15.0,19,985.237662
5.75,14,985.27343
13.0,19,985.319376
-0.25,2,985.324665
0.75,1,985.327381
-0.75,1,985.330205
-0.75,1,985.333011
-0.25,2,985.338625
3.25,9,985.364002
0.25,3,985.372909
5.25,13,985.406908
-3.25,5,985.419084
-1.25,3,985.426938
-0.25,2,985.432494
5.25,16,985.47501
28.0,40,985.568212
13.0,26,985.629873
-0.25,2,985.63474
0.75,1,985.637403
6.75,16,985.67458
0.75,4,985.683704
1.75,12,985.711435
-0.75,1,985.714086
8.0,16,985.751922
1.25,5,985.765295
0.75,1,985.767733
9.75,14,985.793974
3.75,10,985.811661
5.25,13,985.834535
16.0,31,985.897582
1.75,6,985.909085
2.25,7,985.921938
2.75,17,985.950633
13.5,27,985.997378
3.25,9,986.011916
9.0,18,986.047662
-0.25,2,986.051411
7.0,14,986.076872
1.25,5,986.085631
0.75,1,986.087493
19.0,28,986.140944
-0.25,2,986.145576
10.75,24,986.192626
-3.5,17,986.434443
-0.25,2,986.438193
7.25,14,986.462942
0.75,1,986.464951
11.25,20,986.498908
6.25,15,986.524753
1.75,6,986.534488
12.5,14,986.557137
0.75,1,986.559218
7.25,17,986.588354
0.75,1,986.590213
0.25,3,986.59534
0.75,1,986.597323
3.25,9,986.612734
-0.25,2,986.616206
0.25,3,986.621789
1.75,6,986.634352
-0.25,2,986.639013
-2.25,4,986.647554
0.25,3,986.653453
-0.75,1,986.655468
1.75,6,986.666308
0.75,1,986.66839
8.5,17,986.696502
-2.25,4,986.70321
23.5,31,986.757962
0.75,4,986.764732
-0.75,1,986.766666
9.25,14,986.789718
-6.75,13,986.810472
-0.75,1,986.812307
11.75,18,986.844147
-0.75,1,986.846205
0.75,4,986.854383
8.75,20,986.892704
6.25,11,986.914963
-1.25,1,986.917118
0.25,3,986.922735
0.25,3,986.9284
16.0,19,986.95928
1.75,6,986.969368
-0.25,2,986.973131
13.0,19,987.006515
11.0,22,987.04199
-0.75,1,987.043952
-0.75,1,987.045872
0.75,1,987.047842
1.75,6,987.058418
14.0,18,987.089261
0.75,1,987.091367
-0.25,2,987.094938
31.0,34,987.152333
0.75,1,987.15444
0.25,3,987.160058
0.75,1,987.16207
12.0,22,987.19989
5.75,14,987.222321
-0.25,2,987.226756
5.75,14,987.251434
-0.75,1,987.253431
0.75,1,987.255383
-0.25,2,987.259462
-0.25,2,987.263584
2.75,8,987.278405
1.75,4,987.285327
1.25,5,987.293735
-0.75,1,987.295694
4.25,11,987.313958
3.25,9,987.547391
9.25,21,987.587836
0.75,1,987.590271
0.75,1,987.59248
10.75,24,987.632982
13.0,14,987.655716
0.75,4,987.662926
11.75,21,987.699072
-0.75,1,987.701365
0.25,3,987.708462
12.0,18,987.745752
9.0,18,987.774981
0.75,1,987.77701
0.75,1,987.779124
-0.75,1,987.781063
5.0,29,987.829213
14.5,21,987.878769
-0.75,1,987.880879
1.75,6,987.892997
9.5,19,987.925919
4.25,11,987.943601
5.75,14,987.96722
0.75,4,987.974099
-0.75,1,987.975982
0.75,1,987.977823
1.25,5,987.986546
0.25,3,987.991674
4.75,12,988.013405
-0.75,1,988.015392
24.25,36,988.074955
-0.75,1,988.076982
0.75,4,988.084211
7.0,14,988.107311
-1.25,1,988.109345
0.75,1,988.111335
-0.25,2,988.114988
0.75,1,988.116896
-0.25,2,988.120387
0.75,1,988.122391
5.75,14,988.147433
13.5,27,988.19977
1.25,5,988.208642
-0.75,1,988.210702
2.25,4,988.217493
14.5,29,988.264179
-0.75,1,988.266223
10.0,20,988.301953
-0.25,2,988.305496
7.0,14,988.331438
-0.75,1,988.33361
-0.75,1,988.33566
-0.25,2,988.33951
4.75,12,988.35935
-0.25,2,988.362986
7.0,14,988.385409
1.75,6,988.395681
0.75,1,988.397662
13.0,15,988.423765
0.25,3,988.429095
0.75,4,988.436831
0.25,3,988.444267
-0.75,1,988.446922
12.0,16,988.700183
8.25,19,988.73346
1.25,5,988.743133
13.5,16,988.76953
-1.25,3,988.774513
0.25,3,988.779757
-0.75,1,988.781638
5.0,16,988.807337
13.0,14,988.832119
11.25,18,988.866442
1.25,5,988.874975
7.5,15,988.902543
0.75,4,988.909568
0.75,1,988.911571
8.75,20,988.944518
-0.75,1,988.946404
-0.25,2,988.949804
-0.75,1,988.951684
-0.25,2,988.95515
2.25,13,988.976338
6.25,15,989.0006
9.0,15,989.024624
6.5,13,989.045965
0.75,1,989.047884
-0.75,1,989.049949
-0.25,2,989.053649
4.25,11,989.072172
0.25,3,989.077428
9.0,18,989.110045
7.0,14,989.133583
0.75,1,989.135488
13.5,16,989.16168
6.5,13,989.18318
5.75,14,989.207243
-0.75,1,989.209326
8.25,19,989.239452
18.5,37,989.301855
0.25,3,989.307863
13.75,20,989.343238
-0.75,1,989.345324
-0.75,1,989.347389
2.75,14,989.373421
-0.25,2,989.377432
-0.75,1,989.379489
1.25,5,989.388578
0.75,1,989.39073
0.75,4,989.397727
1.25,5,989.406409
2.25,7,989.417813
-0.25,2,989.421291
-0.75,1,989.423221
10.25,17,989.451421
0.75,4,989.458411
-0.75,1,989.460416
3.75,10,989.477067
4.25,11,989.495444
2.75,8,989.511339
12.5,15,989.535285
-0.75,1,989.537198
-0.75,1,989.539091
0.75,1,989.540916
-1.75,17,989.784177
-0.75,1,989.786081
1.75,6,989.796174
0.75,1,989.798124
-0.75,1,989.800081
8.5,17,989.828221
-2.25,4,989.835614
0.75,1,989.837703
15.5,31,989.89415
11.5,29,989.942684
10.0,20,989.976731
0.25,3,989.982014
4.75,15,990.007755
-1.0,20,990.041691
9.0,18,990.071193
-0.25,2,990.074762
9.5,19,990.10669
-4.75,15,990.132163
-0.75,1,990.134315
0.75,1,990.136295
19.0,24,990.176087
12.0,17,990.211229
-2.75,6,990.221962
-0.75,1,990.223881
-2.75,3,990.229155
16.0,18,990.258487
-11.25,19,990.289499
9.75,12,990.311116
0.75,1,990.313262
6.25,15,990.339827
-5.75,15,990.364662
15.5,19,990.396286
0.25,3,990.401723
-1.25,3,990.407182
7.25,17,990.434916
1.75,6,990.444994
-5.25,10,990.461503
0.25,3,990.466878
11.0,22,990.506694
0.75,1,990.508936
0.0,33,990.564832
1.25,5,990.573256
23.5,36,990.631717
0.75,1,990.633636
3.75,10,990.651539
16.5,19,990.901713
-0.25,2,990.905525
0.75,4,990.912819
-0.25,2,990.916676
13.0,14,990.939756
-0.25,2,990.943234
2.25,7,990.95458
0.75,1,990.956554
-0.75,1,990.958467
19.75,26,990.999885
0.25,3,991.004842
0.75,1,991.006712
0.75,1,991.008621
0.25,3,991.013922
-0.25,2,991.017753
5.25,13,991.039347
10.5,21,991.074157
0.25,3,991.079351
-2.25,4,991.086234
-0.75,1,991.088183
7.5,15,991.113436
11.25,25,991.156071
7.75,18,991.194506
-0.75,1,991.197164
14.0,21,991.238279
0.75,1,991.240219
-0.25,2,991.244021
0.25,3,991.249519
-0.75,1,991.251514
-0.25,2,991.255226
6.25,15,991.280303
-0.25,2,991.284055
0.75,1,991.286001
0.75,1,991.287974
12.5,25,991.332567
12.5,25,991.375632
8.5,14,991.399071
0.75,1,991.401124
17.0,23,991.438309
0.75,1,991.440476
-0.75,1,991.44265
2.25,7,991.454455
-0.75,1,991.456394
-0.75,1,991.458406
-0.25,2,991.462142
8.25,10,991.478288
11.5,28,991.525587
0.25,3,991.531079
-0.25,2,991.534674
0.75,1,991.536726
6.25,9,991.552252
-0.25,2,991.555951
-0.75,1,991.557875
11.75,16,991.584522
0.25,3,991.589768
1.25,5,991.598548
0.75,3,991.60428
1.75,6,991.614509
-4.25,9,991.629961
0.75,1,991.632055
-0.75,1,991.634087
13.0,26,991.676902
-0.75,1,991.678884
0.75,1,991.680896
2.25,7,991.692647
17.5,28,991.743665
