episode,reward
0,1.25
1,-0.25
2,-0.25
3,0.25
4,-1.25
5,0.25
6,-0.25
7,-0.75
8,-0.75
9,-1.25
10,-0.75
11,-0.25
12,0.25
13,-0.25
14,-0.75
15,-0.25
16,0.75
17,-1.25
18,-0.75
19,-0.25
20,0.75
21,-0.75
22,0.75
23,-0.75
24,3.75
25,-4.25
26,-0.75
27,0.25
28,4.75
29,-0.25
30,-0.75
31,-0.75
32,0.25
33,-0.25
34,0.75
35,-0.75
36,-1.25
37,-0.75
38,3.75
39,-0.75
40,-0.75
41,0.25
42,-0.75
43,-0.75
44,0.75
45,-0.75
46,-0.25
47,1.75
48,-0.75
49,-0.75
50,-0.25
51,-0.25
52,-0.25
53,1.75
54,1.75
55,-0.25
56,-0.75
57,-0.75
58,-0.25
59,5.75
60,-0.75
61,-0.75
62,-1.25
63,1.25
64,-0.75
65,-0.75
66,-1.25
67,-0.75
68,0.25
69,-0.25
70,-0.75
71,-0.25
72,-0.25
73,-1.25
74,-0.25
75,0.75
76,-1.25
77,-0.25
78,0.25
79,-0.75
80,-0.25
81,-0.75
82,-0.25
83,-0.75
84,-1.25
85,-0.25
86,-0.75
87,-0.25
88,-0.25
89,-1.25
90,-0.75
91,-0.75
92,-0.75
93,-0.75
94,-0.25
95,-0.75
96,-0.25
97,-0.25
98,-0.75
99,-0.75
100,-0.75
101,-0.75
102,-0.25
103,-0.75
104,-1.25
105,0.75
106,-0.75
107,0.75
108,-0.25
109,0.25
110,-1.25
111,-0.75
112,-0.25
113,0.25
114,-0.25
115,-0.75
116,-0.25
117,-0.75
118,-0.25
119,-0.75
120,1.75
121,-0.75
122,-0.25
123,0.75
124,-0.75
125,-1.25
126,-0.75
127,0.75
128,-0.25
129,-0.75
130,-0.25
131,-0.25
132,-1.25
133,-1.25
134,-0.25
135,-0.75
136,-0.25
137,-0.75
138,0.75
139,-0.75
140,-0.25
141,-0.25
142,0.25
143,-0.25
144,-0.75
145,1.75
146,-0.25
147,-0.25
148,-0.75
149,-0.75
150,-0.25
151,-0.75
152,0.75
153,-0.75
154,0.25
155,-0.25
156,-0.75
157,-0.75
158,-0.75
159,-0.75
160,-0.25
161,0.75
162,0.75
163,-0.75
164,0.75
165,-0.75
166,-0.75
167,-0.75
168,-0.75
169,0.75
170,-0.75
171,-0.75
172,-0.75
173,-0.25
174,-0.75
175,-0.25
176,-0.75
177,0.75
178,-0.75
179,-1.25
180,-1.25
181,-0.25
182,-0.25
183,-1.25
184,-0.75
185,-0.25
186,-1.25
187,0.75
188,-0.75
189,-0.75
190,-0.25
191,0.25
192,-0.25
193,0.25
194,-0.25
195,-0.25
196,-0.75
197,1.75
198,-0.75
199,-0.25
200,-0.25
201,-1.25
202,-0.75
203,-0.75
204,-0.75
205,0.25
206,-0.75
207,0.25
208,0.25
209,-0.25
210,-2.25
211,-0.75
212,-0.25
213,-0.75
214,0.75
215,-0.25
216,-0.75
217,-0.25
218,-0.75
219,-0.25
220,-0.75
221,0.75
222,-0.75
223,-0.75
224,-0.75
225,-0.25
226,-0.25
227,0.75
228,0.75
229,-0.75
230,-0.75
231,0.75
232,-0.25
233,-0.25
234,-0.75
235,-0.25
236,-0.25
237,1.75
238,1.75
239,-0.75
240,-0.25
241,-0.25
242,0.75
243,-1.25
244,1.25
245,-0.25
246,1.25
247,-0.75
248,-0.25
249,0.75
250,1.25
251,0.75
252,-1.25
253,-0.75
254,-0.25
255,0.25
256,-0.75
257,-0.75
258,-0.75
259,-0.75
260,-0.25
261,0.75
262,4.75
263,-0.25
264,0.25
265,-0.25
266,-0.25
267,0.25
268,0.75
269,-0.25
270,-0.75
271,0.75
272,-1.25
273,2.25
274,-0.25
275,-0.75
276,0.75
277,1.75
278,0.25
279,-0.25
280,1.75
281,0.25
282,-0.25
283,-0.25
284,-0.75
285,0.25
286,1.25
287,-0.25
288,-0.25
289,-1.25
290,-0.25
291,0.25
292,-0.25
293,0.75
294,2.75
295,2.25
296,0.25
297,0.25
298,-0.75
299,-0.25
300,-1.25
301,-0.75
302,-0.75
303,0.25
304,0.75
305,2.75
306,-0.75
307,0.25
308,-0.75
309,-0.25
310,-0.25
311,-0.25
312,-0.25
313,-0.75
314,-0.75
315,-0.75
316,-0.25
317,-0.75
318,0.75
319,2.75
320,-0.75
321,-0.25
322,-0.75
323,-0.25
324,-0.25
325,1.25
326,-0.75
327,1.25
328,-0.25
329,-0.75
330,-0.75
331,-1.25
332,-0.75
333,-1.25
334,0.25
335,0.25
336,-0.75
337,0.25
338,1.25
339,-0.25
340,-0.25
341,-0.75
342,0.75
343,-0.25
344,5.75
345,0.25
346,-0.75
347,-0.75
348,-0.75
349,0.25
350,-0.75
351,1.25
352,-0.25
353,-1.25
354,-0.75
355,-0.25
356,3.75
357,1.75
358,0.75
359,-0.25
360,-0.75
361,1.75
362,-0.75
363,-0.75
364,-0.25
365,-0.25
366,-1.25
367,-1.25
368,-0.25
369,0.75
370,-0.25
371,1.75
372,-0.75
373,-0.25
374,-0.75
375,0.75
376,-0.25
377,-0.75
378,-0.25
379,-0.75
380,-3.25
381,0.75
382,-0.75
383,-0.25
384,-0.75
385,-0.25
386,-0.25
387,-0.75
388,0.25
389,-0.25
390,0.25
391,-1.25
392,-0.75
393,-0.75
394,-0.75
395,-0.75
396,1.75
397,-0.25
398,0.25
399,0.75
400,0.75
401,-0.25
402,-0.75
403,-0.75
404,-0.75
405,3.75
406,-0.25
407,-0.75
408,-0.25
409,-0.25
410,-0.25
411,0.75
412,0.25
413,-0.25
414,0.75
415,-0.75
416,-0.75
417,0.25
418,-0.25
419,-0.25
420,-0.25
421,-0.75
422,-0.25
423,-0.75
424,-0.75
425,0.75
426,0.25
427,-0.25
428,0.25
429,-0.75
430,0.25
431,-0.75
432,-0.75
433,-0.25
434,0.75
435,-0.25
436,-0.75
437,0.25
438,-0.75
439,-0.25
440,0.75
441,-0.75
442,3.75
443,-0.25
444,0.75
445,-0.25
446,-0.75
447,-0.75
448,-0.75
449,0.25
450,-0.25
451,-0.75
452,-0.25
453,-0.75
454,-1.25
455,0.25
456,0.75
457,0.25
458,-0.25
459,-0.75
460,0.25
461,-0.75
462,0.75
463,-0.25
464,-0.25
465,0.75
466,-1.25
467,-0.75
468,-1.25
469,0.75
470,-0.25
471,0.75
472,2.25
473,0.25
474,0.25
475,1.25
476,2.75
477,-0.25
478,-1.25
479,-1.25
480,0.75
481,-0.25
482,-0.25
483,1.75
484,0.75
485,5.25
486,0.25
487,0.75
488,2.25
489,0.75
490,2.75
491,-0.25
492,0.75
493,-0.25
494,-0.25
495,-0.75
496,-0.75
497,1.75
498,-7.25
499,0.25
500,-0.25
501,1.75
502,-0.25
503,0.75
504,-0.75
505,1.25
506,0.25
507,0.75
508,-0.25
509,-9.25
510,2.75
511,0.75
512,0.75
513,3.75
514,1.25
515,-0.75
516,-0.75
517,5.75
518,1.25
519,-0.25
520,3.75
521,-0.25
522,-0.75
523,-0.25
524,-0.25
525,-1.25
526,1.75
527,-0.75
528,1.75
529,-1.25
530,7.75
531,5.75
532,-0.75
533,-0.25
534,15.75
535,0.25
536,0.25
537,-0.25
538,-0.25
539,4.75
540,-0.25
541,1.25
542,-0.75
543,0.25
544,2.25
545,-0.75
546,4.75
547,0.25
548,0.25
549,-1.25
550,1.75
551,-0.75
552,-0.75
553,2.75
554,-0.25
555,-0.75
556,0.25
557,-0.75
558,-0.75
559,-0.75
560,-0.75
561,1.25
562,3.25
563,0.25
564,4.75
565,0.25
566,0.25
567,-0.25
568,-0.75
569,-0.75
570,0.75
571,-0.75
572,-0.75
573,1.25
574,1.25
575,0.75
576,-0.25
577,-0.25
578,0.25
579,0.25
580,2.25
581,0.25
582,3.75
583,0.25
584,1.25
585,-0.75
586,-0.75
587,1.25
588,1.25
589,1.75
590,-0.25
591,-0.75
592,1.75
593,-0.25
594,0.25
595,-0.25
596,-0.75
597,0.25
598,-0.75
599,-0.75
600,1.25
601,-0.75
602,0.25
603,-0.75
604,-0.75
605,4.75
606,-0.25
607,6.25
608,2.25
609,-0.25
610,-0.75
611,0.25
612,1.25
613,-1.25
614,4.75
615,-0.75
616,2.25
617,0.25
618,1.75
619,2.25
620,0.25
621,3.75
622,2.75
623,0.75
624,-0.75
625,0.75
626,17.75
627,-0.25
628,0.25
629,0.75
630,0.75
631,-8.25
632,0.75
633,-0.75
634,-0.25
635,0.75
636,-0.75
637,-0.75
638,0.75
639,0.25
640,1.75
641,0.75
642,0.75
643,0.75
644,-0.75
645,7.25
646,-0.25
647,1.75
648,4.75
649,0.75
650,-0.25
651,3.25
652,-0.25
653,-0.75
654,-0.25
655,-0.25
656,-0.75
657,1.75
658,-0.75
659,8.75
660,0.25
661,-0.75
662,-1.25
663,7.25
664,1.25
665,-10.25
666,1.75
667,0.75
668,-1.25
669,1.25
670,1.25
671,5.25
672,2.25
673,-0.75
674,-0.25
675,3.25
676,-1.25
677,4.75
678,-0.75
679,-0.75
680,1.75
681,12.75
682,-0.25
683,2.75
684,0.25
685,-0.25
686,2.25
687,3.25
688,-1.25
689,1.75
690,2.75
691,1.75
692,0.25
693,-0.25
694,-0.75
695,1.25
696,1.75
697,0.75
698,0.75
699,-0.75
700,0.75
701,-0.75
702,-0.25
703,6.25
704,0.25
705,8.75
706,-0.25
707,0.25
708,-0.25
709,6.75
710,-0.25
711,0.75
712,-19.25
713,1.75
714,0.75
715,4.25
716,-0.25
717,8.75
718,1.25
719,0.75
720,2.25
721,-0.25
722,-0.25
723,-0.75
724,-0.25
725,0.75
726,2.75
727,2.75
728,2.25
729,21.75
730,4.75
731,-0.75
732,4.75
733,-0.75
734,0.25
735,6.75
736,1.25
737,-0.25
738,-0.75
739,3.25
740,3.75
741,0.75
742,3.75
743,3.75
744,1.25
745,0.75
746,-1.25
747,0.75
748,-0.75
749,0.25
750,5.75
751,0.25
752,0.25
753,2.75
754,1.75
755,-0.75
756,2.25
757,1.75
758,2.25
759,0.25
760,0.25
761,-0.75
762,2.75
763,8.75
764,1.75
765,3.25
766,-0.25
767,-0.25
768,-0.25
769,-0.25
770,0.75
771,0.25
772,0.75
773,1.75
774,-0.25
775,8.25
776,-0.25
777,1.25
778,2.75
779,-0.25
780,0.25
781,-6.25
782,2.25
783,0.75
784,1.25
785,2.75
786,-0.25
787,1.25
788,2.25
789,0.75
790,9.25
791,10.0
792,7.25
793,2.75
794,14.75
795,10.25
796,1.75
797,0.75
798,3.25
799,4.75
800,-0.25
801,7.25
802,0.75
803,3.75
804,-0.75
805,2.25
806,0.25
807,0.75
808,4.75
809,0.75
810,1.25
811,4.75
812,2.75
813,3.75
814,0.75
815,1.25
816,8.75
817,1.75
818,13.25
819,9.75
820,3.25
821,-0.25
822,1.25
823,1.25
824,0.75
825,2.75
826,0.25
827,-0.25
828,6.25
829,1.25
830,1.25
831,2.75
832,0.25
833,11.25
834,1.75
835,13.75
836,-0.75
837,0.25
838,2.25
839,2.25
840,0.25
841,4.25
842,5.75
843,-0.75
844,1.25
845,4.75
846,0.25
847,1.75
848,3.75
849,1.25
850,-0.75
851,-0.75
852,-0.25
853,-0.75
854,-0.25
855,0.75
856,-0.75
857,-0.25
858,2.75
859,4.75
860,-0.25
861,0.25
862,1.25
863,9.75
864,6.75
865,1.75
866,0.25
867,5.75
868,3.75
869,6.25
870,3.75
871,2.75
872,14.0
873,14.75
874,0.75
875,-0.75
876,6.25
877,7.25
878,7.75
879,8.75
880,9.25
881,5.25
882,1.25
883,-0.25
884,1.25
885,3.75
886,1.75
887,9.25
888,11.75
889,-0.75
890,0.25
891,2.25
892,0.75
893,3.25
894,3.25
895,4.25
896,0.75
897,5.75
898,2.25
899,2.75
900,8.75
901,8.25
902,0.25
903,4.25
904,21.75
905,-0.75
906,5.75
907,22.75
908,12.75
909,12.75
910,1.75
911,-7.25
912,0.75
913,5.25
914,-0.25
915,-1.25
916,0.75
917,1.25
918,4.25
919,10.25
920,0.75
921,-0.25
922,8.75
923,-0.25
924,6.75
925,7.75
926,1.75
927,0.25
928,1.25
929,2.75
930,4.75
931,3.25
932,2.75
933,0.25
934,7.25
935,1.25
936,10.25
937,4.25
938,2.25
939,-0.25
940,6.75
941,5.75
942,-2.25
943,0.25
944,0.25
945,26.25
946,-0.75
947,2.25
948,4.25
949,-0.75
950,5.75
951,-0.25
952,3.25
953,13.25
954,5.25
955,-8.25
956,12.75
957,25.75
958,15.75
959,-0.25
960,23.0
961,10.25
962,14.75
963,0.75
964,1.75
965,14.5
966,7.5
967,1.75
968,1.25
969,12.25
970,10.25
971,14.0
972,8.25
973,7.5
974,16.0
975,9.0
976,2.75
977,10.75
978,1.75
979,5.25
980,-0.75
981,-0.25
982,-0.75
983,2.75
984,2.25
985,0.25
986,10.0
987,0.25
988,-0.75
989,9.25
990,0.25
991,3.25
992,1.75
993,12.75
994,11.5
995,-11.25
996,2.25
997,5.75
998,9.75
999,4.75
1000,-1.25
1001,0.25
1002,-0.75
1003,10.75
1004,9.25
1005,6.25
1006,-0.25
1007,43.0
1008,-12.25
1009,12.5
1010,3.75
1011,18.5
1012,5.25
1013,2.75
1014,10.25
1015,10.75
1016,14.0
1017,1.75
1018,0.75
1019,10.5
1020,4.25
1021,17.75
1022,9.25
1023,7.75
1024,3.75
1025,3.75
1026,1.25
1027,7.75
1028,1.75
1029,1.75
1030,3.25
1031,-0.25
1032,9.0
1033,0.75
1034,6.75
1035,10.25
1036,3.25
1037,10.0
1038,9.25
1039,17.75
1040,3.75
1041,16.25
1042,4.25
1043,10.5
1044,13.75
1045,2.25
1046,14.75
1047,21.0
1048,3.75
1049,14.25
1050,3.75
1051,13.25
1052,31.75
1053,5.75
1054,-7.25
1055,11.0
1056,3.25
1057,2.75
1058,17.0
1059,0.75
1060,13.5
1061,9.25
1062,14.75
1063,0.75
1064,14.25
1065,10.5
1066,6.75
1067,2.25
1068,27.0
1069,2.75
1070,9.75
1071,16.5
1072,1.25
1073,3.25
1074,12.5
1075,9.0
1076,3.25
1077,10.25
1078,-0.25
1079,27.75
1080,2.75
1081,11.0
1082,18.75
1083,6.75
1084,9.25
1085,4.75
1086,16.75
1087,5.25
1088,21.0
1089,20.0
1090,-0.25
1091,2.75
1092,19.25
1093,21.0
1094,16.75
1095,3.25
1096,5.25
1097,4.75
1098,20.0
1099,22.0
1100,12.5
1101,14.0
1102,15.75
1103,8.75
1104,11.5
1105,26.5
1106,7.25
1107,9.75
1108,27.0
1109,0.75
1110,7.25
1111,12.0
1112,23.0
1113,16.5
1114,6.75
1115,18.0
1116,9.25
1117,32.5
1118,10.25
1119,20.0
1120,16.5
1121,5.75
1122,41.0
1123,4.25
1124,10.25
1125,0.25
1126,26.25
1127,16.0
1128,14.0
1129,0.75
1130,4.25
1131,10.0
1132,14.25
1133,13.75
1134,9.0
1135,7.75
1136,15.5
1137,5.75
1138,9.5
1139,13.0
1140,46.75
1141,13.5
1142,17.75
1143,9.0
1144,7.25
1145,47.0
1146,7.75
1147,-16.25
1148,12.0
1149,0.75
1150,3.25
1151,35.0
1152,2.25
1153,17.0
1154,9.0
1155,8.75
1156,2.25
1157,1.75
1158,11.75
1159,12.75
1160,5.25
1161,14.0
1162,33.0
1163,18.0
1164,46.75
1165,19.5
1166,17.75
1167,8.75
1168,12.5
1169,24.0
1170,12.25
1171,31.0
1172,10.5
1173,20.0
1174,11.0
1175,7.75
1176,4.25
1177,18.0
1178,15.5
1179,6.25
1180,14.75
1181,10.0
1182,-0.25
1183,34.0
1184,26.5
1185,19.5
1186,11.0
1187,34.0
1188,10.5
1189,44.0
1190,39.0
1191,12.25
1192,30.5
1193,18.0
1194,18.5
1195,18.5
1196,-25.0
1197,11.0
1198,24.0
1199,10.5
1200,19.5
1201,8.0
1202,7.25
1203,9.0
1204,-16.25
1205,23.0
1206,18.5
1207,5.25
1208,13.25
1209,10.5
1210,-0.75
1211,11.25
1212,11.5
1213,27.5
1214,15.0
1215,11.0
1216,-0.25
1217,4.25
1218,18.25
1219,22.5
1220,14.5
1221,11.5
1222,43.0
1223,22.0
1224,21.5
1225,17.75
1226,29.5
1227,6.75
1228,9.0
1229,22.5
1230,10.25
1231,33.0
1232,28.5
1233,25.0
1234,2.25
1235,7.75
1236,18.0
1237,19.75
1238,14.5
1239,6.25
1240,10.5
1241,12.5
1242,9.25
1243,11.0
1244,6.25
1245,8.75
1246,10.5
1247,10.0
1248,16.5
1249,12.0
1250,29.5
1251,25.0
1252,27.5
1253,9.0
1254,12.5
1255,11.25
1256,14.5
1257,13.5
1258,9.0
1259,14.5
1260,7.25
1261,26.0
1262,23.5
1263,14.5
1264,12.25
1265,13.5
1266,12.0
1267,11.75
1268,28.0
1269,39.0
1270,25.5
1271,17.0
1272,30.75
1273,21.0
1274,0.75
1275,24.0
1276,-39.0
1277,25.0
1278,-0.25
1279,33.0
1280,4.75
1281,31.0
1282,14.0
1283,9.0
1284,11.5
1285,19.5
1286,1.75
1287,0.25
1288,1.75
1289,20.5
1290,-0.25
1291,9.0
1292,25.0
1293,21.5
1294,-0.75
1295,13.0
1296,24.5
1297,10.0
1298,10.5
1299,8.75
1300,43.0
1301,12.0
1302,16.0
1303,12.5
1304,11.0
1305,19.5
1306,17.25
1307,38.0
1308,11.75
1309,26.5
1310,-0.25
1311,17.5
1312,24.5
1313,20.0
1314,25.0
1315,23.0
1316,47.0
1317,-0.75
1318,19.0
1319,12.5
1320,10.0
1321,13.0
1322,12.5
1323,55.0
1324,14.5
1325,14.0
1326,1.75
1327,19.5
1328,-38.0
1329,38.0
1330,20.0
1331,51.0
1332,13.0
1333,19.0
1334,15.5
1335,9.5
1336,21.5
1337,5.25
1338,13.5
1339,10.0
1340,11.25
1341,17.0
1342,-38.0
1343,5.5
1344,17.5
1345,3.75
1346,2.25
1347,29.5
1348,21.0
1349,56.0
1350,0.25
1351,21.0
1352,7.75
1353,10.25
1354,4.75
1355,30.0
1356,12.5
1357,30.5
1358,30.0
1359,19.5
1360,11.0
1361,19.0
1362,21.0
1363,11.5
1364,25.0
1365,33.0
1366,16.5
1367,13.5
1368,15.5
1369,23.5
1370,11.5
1371,26.0
1372,4.5
1373,23.5
1374,27.5
1375,32.0
1376,25.5
1377,24.75
1378,11.5
1379,20.0
1380,19.0
1381,21.5
1382,16.0
1383,14.5
1384,38.0
1385,12.5
1386,17.0
1387,12.0
1388,19.0
1389,26.5
1390,20.5
1391,15.5
1392,12.75
1393,17.5
1394,34.0
1395,12.0
1396,12.0
1397,26.5
1398,39.0
1399,9.0
1400,13.0
1401,-25.0
1402,26.0
1403,31.0
1404,28.5
1405,14.0
1406,12.5
1407,12.0
1408,-6.25
1409,14.5
1410,27.5
1411,0.25
1412,16.5
1413,21.0
1414,21.5
1415,14.0
1416,17.0
1417,31.5
1418,15.5
1419,17.75
1420,17.5
1421,12.5
1422,12.5
1423,16.5
1424,38.75
1425,9.0
1426,19.5
1427,19.5
1428,21.5
1429,23.5
1430,36.0
1431,15.0
1432,18.0
1433,17.0
1434,15.0
1435,19.0
1436,28.5
1437,36.0
1438,16.5
1439,-42.0
1440,29.0
1441,18.5
1442,22.0
1443,26.0
1444,18.5
1445,23.0
1446,15.0
1447,12.0
1448,18.5
1449,30.0
1450,44.0
1451,5.75
1452,35.0
1453,12.0
1454,24.0
1455,12.0
1456,17.5
1457,17.25
1458,14.75
1459,33.0
1460,16.5
1461,34.0
1462,23.5
1463,10.0
1464,21.0
1465,18.0
1466,11.0
1467,34.0
1468,14.5
1469,6.25
1470,30.5
1471,11.5
1472,15.0
1473,21.0
1474,20.0
1475,-39.0
1476,13.0
1477,15.5
1478,28.5
1479,15.5
1480,-6.25
1481,11.0
1482,30.0
1483,19.0
1484,13.5
1485,9.0
1486,24.0
1487,10.5
1488,15.0
1489,20.0
1490,13.0
1491,11.0
1492,19.5
1493,12.0
1494,10.5
1495,16.75
1496,20.5
1497,34.0
1498,12.5
1499,45.0
1500,13.5
1501,-28.0
1502,24.0
1503,31.0
1504,4.75
1505,12.0
1506,26.0
1507,1.75
1508,18.0
1509,46.0
1510,9.0
1511,9.0
1512,14.5
1513,31.5
1514,16.5
1515,14.5
1516,12.0
1517,26.5
1518,10.5
1519,8.25
1520,10.0
1521,35.0
1522,18.0
1523,24.0
1524,14.5
1525,12.0
1526,48.0
1527,23.0
1528,13.0
1529,12.5
1530,29.5
1531,27.0
1532,8.75
1533,32.0
1534,29.0
1535,13.5
1536,17.0
1537,36.0
1538,11.0
1539,-0.75
1540,21.0
1541,22.0
1542,37.0
1543,19.0
1544,34.5
1545,16.5
1546,22.0
1547,-25.0
1548,103.0
1549,53.0
1550,19.5
1551,20.0
1552,12.0
1553,9.5
1554,10.5
1555,12.5
1556,33.5
1557,43.0
1558,19.5
1559,1.25
1560,13.0
1561,38.0
1562,31.0
1563,18.5
1564,-26.0
1565,24.5
1566,14.5
1567,46.0
1568,16.0
1569,12.5
1570,13.0
1571,24.5
1572,28.5
1573,37.0
1574,16.0
1575,8.25
1576,22.0
1577,14.5
1578,22.5
1579,10.0
1580,12.0
1581,21.5
1582,-8.75
1583,-36.0
1584,12.5
1585,41.0
1586,13.0
1587,13.5
1588,21.5
1589,10.5
1590,12.0
1591,23.0
1592,17.5
1593,16.5
1594,26.0
1595,22.0
1596,13.0
1597,27.5
1598,12.5
1599,19.5
1600,27.0
1601,33.5
1602,10.5
1603,0.75
1604,17.5
1605,24.0
1606,29.5
1607,17.5
1608,21.5
1609,11.0
1610,27.0
1611,25.5
1612,15.0
1613,-27.0
1614,12.0
1615,14.5
1616,12.5
1617,14.0
1618,26.0
1619,14.5
1620,56.0
1621,25.0
1622,26.5
1623,15.0
1624,10.5
1625,15.0
1626,10.0
1627,15.5
1628,51.0
1629,22.0
1630,25.5
1631,23.0
1632,22.0
1633,13.0
1634,10.5
1635,20.5
1636,22.0
1637,10.5
1638,10.5
1639,24.0
1640,10.5
1641,28.5
1642,26.0
1643,5.75
1644,14.5
1645,6.0
1646,35.75
1647,22.0
1648,21.5
1649,14.0
1650,35.5
1651,17.0
1652,12.0
1653,13.0
1654,32.5
1655,17.5
1656,18.0
1657,20.0
1658,36.0
1659,13.0
1660,38.0
1661,22.5
1662,23.0
1663,20.5
1664,10.5
1665,12.25
1666,44.5
1667,17.0
1668,13.5
1669,20.0
1670,31.5
1671,17.0
1672,12.5
1673,-30.0
1674,-34.0
1675,16.5
1676,15.0
1677,20.5
1678,9.0
1679,33.5
1680,27.0
1681,3.5
1682,26.0
1683,11.5
1684,11.0
1685,39.0
1686,11.0
1687,13.0
1688,11.5
1689,20.0
1690,29.0
1691,11.0
1692,15.5
1693,13.0
1694,35.0
1695,41.5
1696,10.5
1697,13.5
1698,26.5
1699,11.5
1700,13.0
1701,22.5
1702,35.5
1703,21.0
1704,37.0
1705,41.0
1706,26.0
1707,22.5
1708,12.0
1709,37.0
1710,31.0
1711,9.0
1712,27.0
1713,11.5
1714,28.5
1715,15.0
1716,28.75
1717,30.0
1718,14.5
1719,11.5
1720,11.0
1721,8.0
1722,10.5
1723,53.25
1724,34.0
1725,32.0
1726,37.5
1727,6.5
1728,24.0
1729,26.0
1730,1.25
1731,27.0
1732,18.5
1733,37.0
1734,30.0
1735,15.0
1736,23.0
1737,11.0
1738,27.0
1739,46.5
1740,24.0
1741,53.0
1742,16.0
1743,37.0
1744,24.0
1745,27.0
1746,15.0
1747,42.0
1748,17.0
1749,40.0
1750,21.0
1751,26.5
1752,18.5
1753,15.5
1754,19.5
1755,9.0
1756,10.5
1757,33.0
1758,19.5
1759,10.0
1760,20.5
1761,30.0
1762,19.5
1763,12.0
1764,26.0
1765,29.0
1766,11.0
1767,9.0
1768,13.0
1769,2.0
1770,39.0
1771,12.0
1772,20.5
1773,18.5
1774,15.0
1775,12.0
1776,21.5
1777,12.0
1778,27.0
1779,10.5
1780,19.5
1781,20.0
1782,16.5
1783,40.5
1784,27.0
1785,12.0
1786,27.5
1787,21.0
1788,12.0
1789,4.25
1790,15.5
1791,13.0
1792,38.0
1793,28.5
1794,6.0
1795,20.0
1796,9.0
1797,11.5
1798,16.5
1799,13.25
1800,48.0
1801,14.0
1802,30.0
1803,22.5
1804,15.0
1805,56.5
1806,35.0
1807,33.5
1808,29.5
1809,21.0
1810,56.0
1811,12.5
1812,24.5
1813,14.0
1814,12.5
1815,20.25
1816,12.5
1817,31.5
1818,-27.0
1819,20.5
1820,13.5
1821,21.0
1822,15.0
1823,11.5
1824,12.0
1825,10.5
1826,9.0
1827,13.5
1828,21.0
1829,23.5
1830,11.0
1831,42.0
1832,17.0
1833,21.5
1834,10.5
1835,15.0
1836,13.5
1837,15.0
1838,12.0
1839,12.0
1840,38.0
1841,19.5
1842,29.0
1843,10.5
1844,17.5
1845,-40.0
1846,18.0
1847,11.0
1848,30.5
1849,17.5
1850,16.0
1851,23.5
1852,10.0
1853,10.0
1854,13.5
1855,22.0
1856,7.5
1857,24.0
1858,26.0
1859,9.0
1860,19.0
1861,15.0
1862,18.5
1863,1.75
1864,26.0
1865,15.25
1866,18.0
1867,18.0
1868,-28.0
1869,6.5
1870,12.5
1871,29.5
1872,30.5
1873,21.5
1874,15.5
1875,16.0
1876,14.5
1877,24.0
1878,22.0
1879,15.0
1880,16.0
1881,62.75
1882,25.5
1883,13.0
1884,33.0
1885,13.5
1886,9.0
1887,13.5
1888,21.0
1889,20.0
1890,23.0
1891,21.0
1892,10.5
1893,35.5
1894,12.0
1895,46.5
1896,15.5
1897,12.5
1898,9.0
1899,9.5
1900,12.5
1901,14.5
1902,21.0
1903,12.75
1904,12.0
1905,-25.0
1906,4.5
1907,10.5
1908,21.0
1909,9.0
1910,12.0
1911,42.0
1912,18.0
1913,12.5
1914,27.0
1915,12.5
1916,21.0
1917,23.5
1918,42.0
1919,13.5
1920,14.0
1921,9.0
1922,30.0
1923,36.0
1924,22.0
1925,10.5
1926,14.5
1927,9.0
1928,12.0
1929,16.5
1930,19.5
1931,10.5
1932,20.0
1933,1.25
1934,23.5
1935,19.5
1936,27.0
1937,20.5
1938,15.5
1939,10.5
1940,22.0
1941,13.5
1942,12.0
1943,42.5
1944,1.25
1945,25.0
1946,42.0
1947,12.5
1948,11.0
1949,13.5
1950,32.5
1951,17.0
1952,10.0
1953,17.5
1954,22.5
1955,2.25
1956,28.0
1957,17.5
1958,13.5
1959,17.0
1960,14.5
1961,23.5
1962,28.5
1963,25.5
1964,20.5
1965,10.5
1966,20.0
1967,10.5
1968,28.5
1969,13.0
1970,13.5
1971,18.5
1972,9.0
1973,16.0
1974,27.5
1975,28.5
1976,9.0
1977,9.0
1978,22.0
1979,26.5
1980,16.0
1981,14.0
1982,44.0
1983,24.0
1984,8.0
1985,28.0
1986,12.5
1987,16.5
1988,34.5
1989,11.0
1990,26.0
1991,18.0
1992,16.25
1993,22.0
1994,14.5
1995,32.0
1996,28.0
1997,10.5
1998,11.5
1999,49.0
2000,32.0
2001,1.25
2002,51.5
2003,25.75
2004,26.0
2005,2.25
2006,31.5
2007,16.5
2008,11.0
2009,24.5
2010,14.5
2011,39.0
2012,14.5
2013,27.5
2014,33.5
2015,9.0
2016,12.0
2017,19.0
2018,22.0
2019,12.0
2020,34.0
2021,35.5
2022,28.5
2023,39.0
2024,17.5
2025,15.0
2026,24.0
2027,24.0
2028,11.0
2029,15.5
2030,24.0
2031,22.5
2032,-50.0
2033,14.0
2034,16.0
2035,20.5
2036,23.0
2037,26.0
2038,9.0
2039,24.5
2040,23.5
2041,9.0
2042,19.5
2043,0.25
2044,20.5
2045,30.0
2046,41.0
2047,18.0
2048,0.75
2049,14.0
2050,11.0
2051,22.0
2052,18.5
2053,12.0
2054,33.0
2055,11.5
2056,19.5
2057,31.0
2058,9.0
2059,13.5
2060,10.0
2061,23.5
2062,25.0
2063,23.0
2064,12.0
2065,20.0
2066,25.0
2067,15.5
2068,60.0
2069,9.0
2070,10.0
2071,31.0
2072,36.0
2073,25.5
2074,17.0
2075,22.0
2076,25.5
2077,37.5
2078,-21.0
2079,33.5
2080,19.0
2081,4.25
2082,10.0
2083,22.5
2084,31.0
2085,14.5
2086,9.5
2087,13.5
2088,21.0
2089,16.5
2090,15.5
2091,29.0
2092,17.0
2093,15.5
2094,15.5
2095,22.0
2096,15.5
2097,23.0
2098,9.25
2099,15.0
2100,29.0
2101,35.0
2102,28.0
2103,16.5
2104,21.0
2105,19.5
2106,20.5
2107,12.0
2108,11.0
2109,17.0
2110,9.0
2111,19.0
2112,13.0
2113,15.5
2114,22.0
2115,26.5
2116,9.0
2117,23.5
2118,25.5
2119,39.0
2120,28.0
2121,22.5
2122,22.5
2123,17.0
2124,19.5
2125,16.0
2126,15.5
2127,16.5
2128,14.0
2129,9.0
2130,12.0
2131,10.0
2132,45.0
2133,41.5
2134,20.0
2135,26.0
2136,39.5
2137,21.5
2138,20.0
2139,18.5
2140,13.5
2141,25.0
2142,14.0
2143,25.0
2144,28.0
2145,22.0
2146,17.0
2147,14.0
2148,67.0
2149,14.5
2150,33.0
2151,28.0
2152,28.0
2153,23.5
2154,-21.0
2155,9.0
2156,23.25
2157,21.5
2158,5.25
2159,9.0
2160,12.0
2161,10.5
2162,24.5
2163,29.0
2164,23.0
2165,24.5
2166,13.0
2167,12.5
2168,11.0
2169,28.0
2170,13.0
2171,22.5
2172,10.0
2173,22.0
2174,19.0
2175,25.0
2176,28.5
2177,27.0
2178,20.75
2179,18.0
2180,24.5
2181,25.5
2182,42.0
2183,21.0
2184,14.0
2185,38.5
2186,33.5
2187,13.5
2188,13.0
2189,9.5
2190,28.0
2191,25.0
2192,16.5
2193,10.5
2194,14.0
2195,22.0
2196,20.0
2197,22.5
2198,26.0
2199,11.0
2200,11.0
2201,23.0
2202,10.5
2203,24.0
2204,24.5
2205,-35.0
2206,-23.0
2207,28.5
2208,11.5
2209,10.5
2210,31.5
2211,16.0
2212,17.0
2213,16.5
2214,-43.0
2215,18.0
2216,22.0
2217,17.0
2218,11.0
2219,15.5
2220,9.0
2221,27.0
2222,21.5
2223,24.5
2224,18.0
2225,38.0
2226,-47.0
2227,13.5
2228,23.5
2229,9.0
2230,15.0
2231,40.0
2232,10.5
2233,12.5
2234,17.0
2235,12.0
2236,14.5
2237,19.0
2238,9.0
2239,22.5
2240,21.5
2241,22.5
2242,35.0
2243,21.5
2244,27.0
2245,31.5
2246,17.5
2247,11.5
2248,19.5
2249,24.0
2250,18.5
2251,20.5
2252,10.5
2253,46.0
2254,15.5
2255,22.0
2256,26.0
2257,17.5
2258,13.0
2259,12.5
2260,-45.0
2261,34.0
2262,10.0
2263,20.0
2264,18.5
2265,13.0
2266,26.0
2267,28.5
2268,21.5
2269,16.5
2270,49.0
2271,10.5
2272,30.0
2273,14.5
2274,25.5
2275,39.0
2276,12.0
2277,15.0
2278,8.0
2279,-29.0
2280,31.5
2281,24.5
2282,26.0
2283,30.0
2284,19.0
2285,20.0
2286,13.5
2287,48.5
2288,31.5
2289,29.5
2290,18.5
2291,13.5
2292,9.0
2293,11.5
2294,31.0
2295,10.5
2296,41.0
2297,-24.0
2298,11.0
2299,10.0
2300,22.0
2301,10.5
2302,25.0
2303,-34.0
2304,30.5
2305,25.0
2306,18.5
2307,35.5
2308,20.5
2309,16.5
2310,20.0
2311,22.5
2312,11.5
2313,17.0
2314,16.5
2315,13.5
2316,21.5
2317,49.0
2318,26.5
2319,9.0
2320,40.0
2321,20.0
2322,11.5
2323,9.0
2324,27.0
2325,48.0
2326,20.25
2327,11.0
2328,17.0
2329,24.5
2330,25.0
2331,46.0
2332,18.0
2333,48.0
2334,25.5
2335,10.5
2336,9.0
2337,57.0
2338,26.5
2339,11.0
2340,17.5
2341,7.5
2342,12.5
2343,18.5
2344,16.0
2345,12.0
2346,13.5
2347,12.0
2348,21.0
2349,39.0
2350,14.0
2351,10.5
2352,27.0
2353,22.0
2354,24.5
2355,15.5
2356,25.0
2357,25.5
2358,10.5
2359,14.5
2360,30.0
2361,33.0
2362,15.0
2363,24.5
2364,17.0
2365,28.0
2366,15.5
2367,19.5
2368,55.5
2369,15.5
2370,22.0
2371,48.0
2372,21.25
2373,22.0
2374,22.5
2375,38.0
2376,28.0
2377,23.0
2378,16.0
2379,14.0
2380,18.5
2381,15.5
2382,9.0
2383,39.0
2384,12.0
2385,25.0
2386,13.5
2387,29.0
2388,24.5
2389,13.0
2390,17.5
2391,11.0
2392,26.0
2393,11.0
2394,20.5
2395,24.0
2396,9.0
2397,20.5
2398,19.0
2399,19.5
2400,25.0
2401,10.5
2402,25.0
2403,26.5
2404,24.0
2405,10.5
2406,8.5
2407,24.0
2408,16.5
2409,29.5
2410,15.0
2411,10.5
2412,15.5
2413,7.5
2414,12.5
2415,17.0
2416,22.0
2417,15.0
2418,12.0
2419,42.0
2420,9.5
2421,20.0
2422,-40.0
2423,-24.0
2424,11.0
2425,21.0
2426,33.0
2427,14.0
2428,22.0
2429,-38.0
2430,33.0
2431,24.0
2432,-25.0
2433,29.0
2434,10.5
2435,45.0
2436,28.0
2437,11.0
2438,38.5
2439,-23.0
2440,27.0
2441,11.0
2442,10.0
2443,28.5
2444,9.0
2445,11.0
2446,20.5
2447,41.0
2448,19.0
2449,35.5
2450,23.5
2451,12.5
2452,-27.0
2453,35.5
2454,34.0
2455,42.0
2456,13.0
2457,12.0
2458,17.0
2459,31.0
2460,95.0
2461,23.0
2462,21.0
2463,13.5
2464,17.0
2465,12.0
2466,22.5
2467,18.5
2468,23.0
2469,25.0
2470,10.5
2471,10.0
2472,15.5
2473,22.0
2474,16.5
2475,-22.0
2476,15.5
2477,36.0
2478,9.0
2479,29.0
2480,10.0
2481,11.0
2482,16.5
2483,17.0
2484,38.0
2485,12.5
2486,31.5
2487,24.0
2488,-25.0
2489,14.0
2490,31.0
2491,23.0
2492,10.5
2493,10.0
2494,47.0
2495,20.5
2496,29.0
2497,20.5
2498,12.0
2499,22.5
2500,34.0
2501,18.0
2502,24.5
2503,34.0
2504,22.5
2505,18.5
2506,11.0
2507,63.5
2508,16.75
2509,12.5
2510,14.0
2511,11.5
2512,21.0
2513,40.0
2514,16.5
2515,11.0
2516,20.0
2517,13.0
2518,12.0
2519,12.5
2520,28.0
2521,14.5
2522,27.5
2523,14.5
2524,18.0
2525,28.5
2526,19.0
2527,36.0
2528,27.5
2529,19.5
2530,28.0
2531,21.0
2532,19.5
2533,3.0
2534,14.5
2535,9.0
2536,46.0
2537,13.5
2538,14.5
2539,20.0
2540,21.0
2541,10.5
2542,9.0
2543,13.0
2544,14.5
2545,43.25
2546,18.5
2547,12.0
2548,24.0
2549,0.75
2550,32.5
2551,48.0
2552,39.0
2553,24.5
2554,24.0
2555,12.0
2556,14.0
2557,21.5
2558,27.0
2559,28.5
2560,36.0
2561,23.0
2562,15.5
2563,35.5
2564,12.5
2565,15.5
2566,10.5
2567,24.0
2568,3.75
2569,33.0
2570,14.5
2571,24.5
2572,41.5
2573,10.5
2574,43.0
2575,20.0
2576,-42.0
2577,16.5
2578,26.0
2579,-49.0
2580,41.5
2581,35.5
2582,29.0
2583,14.5
2584,14.5
2585,36.0
2586,44.0
2587,22.0
2588,17.0
2589,14.0
2590,23.5
2591,9.0
2592,13.75
2593,14.5
2594,29.0
2595,10.5
2596,17.5
2597,13.0
2598,24.0
2599,30.5
2600,18.0
2601,-27.0
2602,16.0
2603,40.5
2604,18.5
2605,39.5
2606,38.0
2607,29.0
2608,14.5
2609,38.0
2610,19.0
2611,21.0
2612,22.5
2613,41.0
2614,21.0
2615,29.5
2616,74.0
2617,14.5
2618,9.0
2619,9.5
2620,31.0
2621,33.0
2622,13.5
2623,23.5
2624,10.0
2625,20.0
2626,17.5
2627,18.5
2628,15.0
2629,12.0
2630,23.5
2631,-24.0
2632,27.0
2633,34.75
2634,18.0
2635,30.0
2636,9.0
2637,23.5
2638,13.0
2639,29.5
2640,31.0
2641,19.5
2642,17.5
2643,28.0
2644,12.0
2645,12.0
2646,30.0
2647,27.5
2648,16.5
2649,29.0
2650,25.0
2651,4.25
2652,26.5
2653,21.0
2654,10.5
2655,13.0
2656,16.5
2657,9.0
2658,33.0
2659,14.0
2660,22.0
2661,32.5
2662,14.0
2663,20.5
2664,18.75
2665,21.0
2666,37.5
2667,15.0
2668,18.5
2669,10.0
2670,12.0
2671,12.5
2672,13.0
2673,17.5
2674,17.5
2675,14.0
2676,15.5
2677,32.0
2678,-0.75
2679,28.0
2680,25.0
2681,43.5
2682,14.5
2683,23.0
2684,31.0
2685,10.5
2686,20.5
2687,26.5
2688,34.0
2689,26.0
2690,19.0
2691,15.5
2692,15.5
2693,27.0
2694,11.0
2695,18.0
2696,15.5
2697,18.5
2698,12.5
2699,35.0
2700,25.0
2701,17.0
2702,12.0
2703,13.5
2704,57.0
2705,12.0
2706,16.5
2707,37.0
2708,41.5
2709,31.0
2710,25.5
2711,46.0
2712,10.0
2713,22.0
2714,12.0
2715,13.5
2716,7.0
2717,15.0
2718,33.0
2719,-25.0
2720,35.0
2721,16.0
2722,55.0
2723,17.0
2724,68.0
2725,24.0
2726,18.0
2727,9.5
2728,11.0
2729,9.0
2730,13.5
2731,-42.0
2732,16.5
2733,19.0
2734,28.5
2735,11.0
2736,21.0
2737,20.0
2738,37.5
2739,17.5
2740,10.0
2741,21.0
2742,12.0
2743,27.5
2744,20.5
2745,24.5
2746,18.5
2747,33.0
2748,-24.0
2749,10.5
2750,21.5
2751,37.5
2752,13.0
2753,18.0
2754,23.5
2755,24.0
2756,28.5
2757,24.5
2758,24.5
2759,17.5
2760,13.5
2761,12.0
2762,40.0
2763,21.5
2764,38.5
2765,9.0
2766,-40.0
2767,25.0
2768,20.0
2769,12.0
2770,10.5
2771,17.0
2772,20.5
2773,12.0
2774,10.5
2775,26.5
2776,16.0
2777,42.0
2778,22.0
2779,13.5
2780,5.5
2781,9.0
2782,16.5
2783,13.5
2784,27.0
2785,28.5
2786,34.0
2787,16.0
2788,53.0
2789,13.5
2790,24.5
2791,12.5
2792,14.0
2793,12.0
2794,25.0
2795,28.0
2796,23.0
2797,23.5
2798,17.5
2799,28.5
2800,15.0
2801,12.0
2802,16.5
2803,28.0
2804,28.0
2805,19.0
2806,31.0
2807,11.0
2808,11.0
2809,16.5
2810,11.0
2811,17.0
2812,36.0
2813,12.0
2814,20.5
2815,53.0
2816,-23.0
2817,8.0
2818,24.5
2819,31.5
2820,20.5
2821,34.0
2822,11.0
2823,9.0
2824,9.5
2825,22.0
2826,11.0
2827,-22.0
2828,9.5
2829,23.5
2830,10.0
2831,14.0
2832,23.0
2833,19.5
2834,12.5
2835,15.5
2836,17.5
2837,25.5
2838,14.5
2839,22.0
2840,26.0
2841,9.0
2842,7.75
2843,19.0
2844,34.5
2845,22.0
2846,10.5
2847,12.0
2848,20.5
2849,15.0
2850,19.5
2851,10.5
2852,17.5
2853,24.5
2854,-36.0
2855,17.5
2856,20.5
2857,15.5
2858,75.0
2859,13.5
2860,12.5
2861,24.0
2862,17.0
2863,20.0
2864,16.0
2865,26.0
2866,11.0
2867,24.0
2868,23.0
2869,41.0
2870,34.0
2871,11.5
2872,18.5
2873,20.0
2874,24.0
2875,16.5
2876,38.0
2877,44.0
2878,59.0
2879,12.0
2880,68.0
2881,30.0
2882,16.0
2883,12.0
2884,25.5
2885,11.0
2886,17.5
2887,32.0
2888,16.5
2889,18.0
2890,18.0
2891,90.0
2892,11.0
2893,31.0
2894,33.5
2895,22.5
2896,18.0
2897,22.0
2898,17.0
2899,21.5
2900,15.5
2901,33.0
2902,13.5
2903,22.0
2904,11.0
2905,13.0
2906,28.0
2907,11.0
2908,12.0
2909,23.5
2910,12.5
2911,24.5
2912,56.0
2913,-21.0
2914,9.0
2915,38.5
2916,18.0
2917,14.0
2918,51.0
2919,23.5
2920,9.0
2921,41.0
2922,26.5
2923,0.75
2924,16.0
2925,36.0
2926,18.5
2927,22.0
2928,12.0
2929,25.0
2930,22.5
2931,-37.0
2932,-22.0
2933,18.5
2934,45.0
2935,23.0
2936,22.5
2937,26.0
2938,16.0
2939,15.5
2940,13.0
2941,12.0
2942,44.0
2943,28.0
2944,20.5
2945,63.0
2946,25.0
2947,19.0
2948,10.5
2949,11.0
2950,19.5
2951,10.5
2952,40.0
2953,26.5
2954,10.5
2955,18.0
2956,17.0
2957,21.5
2958,16.0
2959,12.5
2960,13.0
2961,21.5
2962,12.0
2963,11.0
2964,46.0
2965,25.5
2966,36.5
2967,8.0
2968,52.0
2969,29.0
2970,18.0
2971,18.0
2972,13.0
2973,13.0
2974,11.0
2975,9.0
2976,17.5
2977,20.0
2978,28.5
2979,17.0
2980,15.5
2981,60.0
2982,40.0
2983,19.0
2984,38.0
2985,42.0
2986,12.5
2987,23.5
2988,10.5
2989,22.0
2990,38.0
2991,-1.25
2992,42.0
2993,45.0
2994,18.0
2995,20.0
2996,21.0
2997,9.0
2998,19.5
2999,27.0
3000,22.5
3001,36.0
3002,-42.0
3003,13.5
3004,22.0
3005,22.0
3006,11.0
3007,11.5
3008,18.5
3009,14.0
3010,-40.0
3011,14.0
3012,12.0
3013,19.0
3014,35.0
3015,27.0
3016,38.0
3017,11.0
3018,25.5
3019,12.5
3020,22.0
3021,11.5
3022,13.0
3023,25.0
3024,21.0
3025,31.0
3026,27.5
3027,32.5
3028,18.5
3029,33.0
3030,33.0
3031,15.5
3032,24.5
3033,28.0
3034,38.0
3035,24.5
3036,16.0
3037,12.0
3038,24.5
3039,27.0
3040,52.0
3041,18.0
3042,16.0
3043,30.0
3044,10.5
3045,20.5
3046,14.0
3047,24.0
3048,20.0
3049,18.0
3050,14.0
3051,10.0
3052,13.5
3053,16.0
3054,10.5
3055,16.5
3056,17.0
3057,12.5
3058,18.5
3059,50.0
3060,13.5
3061,13.5
3062,31.0
3063,17.5
3064,24.0
3065,18.0
3066,44.0
3067,12.5
3068,17.0
3069,9.0
3070,24.5
3071,9.0
3072,13.5
3073,15.0
3074,16.5
3075,46.5
3076,25.5
3077,42.5
3078,13.0
3079,9.0
3080,14.0
3081,25.0
3082,15.0
3083,13.0
3084,26.5
3085,29.0
3086,59.0
3087,11.5
3088,31.0
3089,8.0
3090,10.0
3091,7.0
3092,20.5
3093,39.5
3094,32.0
3095,13.5
3096,29.0
3097,18.5
3098,10.0
3099,30.5
3100,46.0
3101,29.5
3102,20.0
3103,36.0
3104,15.5
3105,11.5
3106,16.0
3107,29.0
3108,23.0
3109,24.0
3110,15.0
3111,17.5
3112,13.5
3113,34.0
3114,34.5
3115,22.0
3116,9.0
3117,28.0
3118,18.0
3119,10.0
3120,-36.0
3121,29.0
3122,11.0
3123,-39.0
3124,9.0
3125,-24.0
3126,34.0
3127,10.5
3128,11.0
3129,9.0
3130,12.75
3131,15.0
3132,17.5
3133,24.5
3134,22.0
3135,26.0
3136,22.0
3137,17.5
3138,15.0
3139,15.0
3140,13.5
3141,26.0
3142,12.5
3143,-25.0
3144,26.0
3145,20.5
3146,14.0
3147,22.5
3148,13.5
3149,23.5
3150,54.0
3151,14.5
3152,14.0
3153,10.5
3154,31.0
3155,27.0
3156,17.5
3157,18.0
3158,40.0
3159,-25.0
3160,12.0
3161,12.0
3162,10.0
3163,25.0
3164,25.0
3165,25.0
3166,20.0
3167,18.5
3168,26.5
3169,54.0
3170,24.5
3171,9.0
3172,23.5
3173,14.0
3174,40.0
3175,18.5
3176,12.0
3177,24.0
3178,29.0
3179,10.0
3180,15.0
3181,40.0
3182,27.0
3183,17.0
3184,14.0
3185,22.5
3186,12.5
3187,60.0
3188,11.0
3189,20.0
3190,20.0
3191,25.0
3192,19.5
3193,19.5
3194,16.5
3195,31.0
3196,-24.0
3197,21.5
3198,30.0
3199,18.5
3200,13.0
3201,14.5
3202,21.5
3203,11.0
3204,33.5
3205,23.5
3206,37.5
3207,6.5
3208,26.5
3209,21.0
3210,38.0
3211,17.0
3212,9.75
3213,14.5
3214,27.5
3215,11.5
3216,16.0
3217,1.75
3218,72.0
3219,10.5
3220,-12.25
3221,26.5
3222,19.5
3223,14.5
3224,34.5
3225,44.5
3226,31.5
3227,23.5
3228,12.0
3229,18.5
3230,17.0
3231,14.5
3232,11.0
3233,10.5
3234,14.5
3235,21.0
3236,27.0
3237,23.5
3238,29.0
3239,-1.5
3240,32.0
3241,19.0
3242,9.0
3243,11.0
3244,18.5
3245,12.5
3246,16.5
3247,31.0
3248,15.0
3249,10.5
3250,9.75
3251,9.0
3252,15.0
3253,21.0
3254,35.0
3255,17.0
3256,20.5
3257,12.0
3258,20.0
3259,40.0
3260,15.0
3261,26.0
3262,11.0
3263,18.0
3264,11.5
3265,15.0
3266,33.5
3267,28.0
3268,14.5
3269,9.5
3270,21.5
3271,-26.0
3272,30.0
3273,12.5
3274,30.5
3275,32.0
3276,22.0
3277,20.0
3278,14.0
3279,16.0
3280,11.0
3281,-36.0
3282,24.0
3283,22.0
3284,27.5
3285,17.0
3286,24.0
3287,50.0
3288,10.5
3289,21.0
3290,13.0
3291,34.5
3292,9.0
3293,12.0
3294,16.0
3295,22.5
3296,-41.0
3297,21.0
3298,-25.0
3299,29.0
3300,22.5
3301,28.0
3302,20.5
3303,10.0
3304,9.0
3305,13.5
3306,24.5
3307,30.0
3308,24.0
3309,11.0
3310,8.0
3311,10.5
3312,-40.25
3313,35.0
3314,60.0
3315,57.0
3316,9.0
3317,34.0
3318,30.5
3319,26.0
3320,-22.0
3321,12.5
3322,16.0
3323,11.0
3324,35.5
3325,-34.0
3326,13.0
3327,16.0
3328,10.0
3329,10.5
3330,22.5
3331,27.0
3332,12.0
3333,14.0
3334,18.5
3335,41.5
3336,7.5
3337,9.5
3338,9.0
3339,14.0
3340,20.0
3341,22.0
3342,9.0
3343,18.0
3344,9.0
3345,61.0
3346,9.5
3347,11.5
3348,33.0
3349,19.5
3350,41.0
3351,6.5
3352,12.25
3353,29.5
3354,15.0
3355,102.0
3356,28.0
3357,34.0
3358,38.0
3359,22.5
3360,5.0
3361,23.0
3362,15.5
3363,10.0
3364,10.5
3365,10.0
3366,-46.0
3367,20.5
3368,1.75
3369,17.0
3370,18.0
3371,7.25
3372,19.0
3373,23.0
3374,11.0
3375,22.75
3376,10.5
3377,9.0
3378,10.5
3379,7.5
3380,20.0
3381,15.0
3382,26.25
3383,35.0
3384,23.75
3385,22.5
3386,17.5
3387,22.0
3388,2.75
3389,12.5
3390,3.75
3391,27.0
3392,23.0
3393,19.5
3394,22.5
3395,16.5
3396,35.0
3397,6.25
3398,10.25
3399,22.0
3400,27.5
3401,10.0
3402,13.5
3403,23.0
3404,14.0
3405,14.0
3406,18.0
3407,22.5
3408,10.5
3409,15.0
3410,9.0
3411,10.5
3412,8.0
3413,45.0
3414,25.0
3415,3.25
3416,37.5
3417,9.0
3418,12.5
3419,11.0
3420,22.0
3421,15.5
3422,19.0
3423,10.0
3424,17.0
3425,8.25
3426,12.0
3427,17.0
3428,14.0
3429,11.0
3430,13.5
3431,28.0
3432,12.0
3433,32.0
3434,13.5
3435,41.0
3436,22.75
3437,30.0
3438,27.0
3439,34.5
3440,14.5
3441,13.5
3442,-39.0
3443,7.75
3444,9.0
3445,14.0
3446,9.0
3447,48.75
3448,16.5
3449,12.5
3450,36.5
3451,20.0
3452,22.0
3453,15.5
3454,18.5
3455,12.5
3456,14.0
3457,3.75
3458,23.0
3459,16.5
3460,32.0
3461,39.5
3462,8.0
3463,17.5
3464,24.5
3465,20.0
3466,-25.0
3467,23.5
3468,0.75
3469,13.0
3470,11.5
3471,9.0
3472,18.5
3473,23.5
3474,19.5
3475,21.5
3476,31.5
3477,13.5
3478,19.0
3479,25.5
3480,14.5
3481,26.5
3482,23.5
3483,15.5
3484,10.5
3485,12.5
3486,32.0
3487,-25.0
3488,19.5
3489,27.0
3490,14.25
3491,11.0
3492,24.0
3493,9.0
3494,1.25
3495,10.5
3496,10.0
3497,10.0
3498,14.0
3499,0.5
3500,29.5
3501,52.0
3502,34.0
3503,28.0
3504,11.0
3505,24.0
3506,9.0
3507,21.5
3508,26.0
3509,-24.0
3510,9.5
3511,10.0
3512,17.5
3513,32.5
3514,11.0
3515,32.0
3516,11.5
3517,22.5
3518,14.5
3519,22.0
3520,29.0
3521,16.5
3522,21.0
3523,16.0
3524,12.0
3525,-41.0
3526,9.25
3527,24.5
3528,13.5
3529,13.5
3530,13.5
3531,16.5
3532,18.5
3533,10.5
3534,35.0
3535,30.5
3536,9.0
3537,18.0
3538,13.0
3539,19.0
3540,4.25
3541,10.5
3542,-22.0
3543,14.5
3544,20.0
3545,28.75
3546,23.5
3547,18.5
3548,19.5
3549,22.0
3550,16.0
3551,30.5
3552,9.0
3553,13.5
3554,12.0
3555,13.5
3556,31.0
3557,14.0
3558,27.75
3559,5.25
3560,9.5
3561,16.25
3562,15.25
3563,27.5
3564,9.0
3565,10.0
3566,15.5
3567,35.5
3568,-19.25
3569,25.0
3570,23.5
3571,17.0
3572,9.0
3573,41.0
3574,22.5
3575,0.25
3576,18.5
3577,20.0
3578,16.0
3579,24.0
3580,20.75
3581,2.25
3582,17.0
3583,26.75
3584,12.5
3585,12.5
3586,30.0
3587,31.0
3588,12.0
3589,34.0
3590,36.0
3591,40.0
3592,9.0
3593,10.5
3594,1.25
3595,48.0
3596,10.5
3597,17.5
3598,21.5
3599,9.5
3600,21.0
3601,18.5
3602,11.0
3603,27.0
3604,20.0
3605,24.5
3606,33.5
3607,14.0
3608,9.0
3609,15.75
3610,13.5
3611,7.25
3612,38.5
3613,16.75
3614,13.5
3615,16.0
3616,17.0
3617,45.0
3618,9.5
3619,19.75
3620,3.75
3621,12.0
3622,23.0
3623,7.25
3624,13.0
3625,49.0
3626,67.75
3627,9.75
3628,3.25
3629,18.0
3630,12.5
3631,12.0
3632,53.0
3633,31.0
3634,42.0
3635,19.0
3636,25.75
3637,11.0
3638,11.75
3639,19.75
3640,13.5
3641,24.5
3642,12.0
3643,18.25
3644,11.5
3645,10.75
3646,1.75
3647,8.25
3648,57.75
3649,15.5
3650,2.25
3651,12.75
3652,5.25
3653,15.0
3654,13.0
3655,11.25
3656,13.0
3657,11.0
3658,1.75
3659,19.0
3660,-61.0
3661,29.0
3662,23.5
3663,24.5
3664,16.5
3665,22.0
3666,16.5
3667,14.0
3668,9.0
3669,12.5
3670,6.75
3671,13.0
3672,-35.0
3673,23.0
3674,18.0
3675,6.25
3676,26.75
3677,13.0
3678,11.75
3679,11.25
3680,42.0
3681,29.0
3682,0.25
3683,2.25
3684,11.5
3685,14.0
3686,9.75
3687,12.0
3688,31.0
3689,18.5
3690,26.5
3691,35.0
3692,1.25
3693,16.5
3694,9.0
3695,-0.75
3696,16.5
3697,13.25
3698,21.75
3699,10.25
3700,18.25
3701,9.5
3702,4.75
3703,12.0
3704,32.0
3705,10.5
3706,25.0
3707,19.5
3708,15.0
3709,8.25
3710,11.0
3711,29.0
3712,12.75
3713,13.0
3714,23.5
3715,28.5
3716,24.5
3717,40.0
3718,15.5
3719,18.5
3720,21.5
3721,11.5
3722,17.0
3723,39.5
3724,9.0
3725,11.0
3726,6.25
3727,17.0
3728,18.5
3729,14.5
3730,22.5
3731,32.5
3732,6.75
3733,17.5
3734,22.25
3735,10.25
3736,10.0
3737,26.0
3738,32.5
3739,40.0
3740,-25.0
3741,20.0
3742,46.0
3743,36.5
3744,19.5
3745,4.75
3746,19.0
3747,32.0
3748,9.0
3749,13.5
3750,26.5
3751,15.5
3752,9.0
3753,9.0
3754,10.5
3755,2.75
3756,27.0
3757,16.5
3758,33.5
3759,12.0
3760,6.75
3761,11.0
3762,11.0
3763,27.0
3764,12.25
3765,8.25
3766,16.5
3767,11.0
3768,40.5
3769,22.0
3770,15.0
3771,26.0
3772,17.5
3773,10.0
3774,10.5
3775,25.0
3776,24.0
3777,-0.75
3778,22.5
3779,9.25
3780,10.5
3781,14.0
3782,16.5
3783,-0.25
3784,16.5
3785,12.5
3786,14.5
3787,48.0
3788,10.5
3789,9.0
3790,10.5
3791,22.5
3792,-79.25
3793,44.5
3794,20.0
3795,21.5
3796,14.0
3797,14.5
3798,13.0
3799,23.0
3800,49.5
3801,9.0
3802,9.0
3803,11.0
3804,26.0
3805,15.5
3806,16.5
3807,37.0
3808,21.0
3809,10.5
3810,16.5
3811,18.5
3812,10.25
3813,7.75
3814,31.5
3815,9.0
3816,33.0
3817,20.0
3818,12.5
3819,13.0
3820,8.25
3821,22.0
3822,12.25
3823,19.5
3824,38.0
3825,2.75
3826,26.5
3827,21.5
3828,5.75
3829,13.0
3830,11.0
3831,9.0
3832,13.0
3833,14.0
3834,25.0
3835,28.0
3836,12.5
3837,12.0
3838,17.0
3839,28.0
3840,23.0
3841,22.0
3842,22.0
3843,13.0
3844,47.5
3845,46.5
3846,19.0
3847,26.5
3848,18.0
3849,16.0
3850,-0.75
3851,18.0
3852,3.75
3853,12.25
3854,-0.75
3855,37.0
3856,0.75
3857,5.75
3858,23.0
3859,16.5
3860,25.5
3861,11.0
3862,17.75
3863,10.5
3864,23.5
3865,16.5
3866,10.0
3867,13.0
3868,28.0
3869,11.0
3870,9.0
3871,10.0
3872,22.5
3873,8.25
3874,26.5
3875,22.0
3876,33.5
3877,11.0
3878,2.25
3879,9.75
3880,24.0
3881,21.5
3882,8.75
3883,22.5
3884,10.0
3885,12.0
3886,28.5
3887,11.5
3888,9.0
3889,43.0
3890,-40.0
3891,21.5
3892,50.0
3893,37.0
3894,15.75
3895,20.5
3896,12.0
3897,21.5
3898,10.0
3899,28.75
3900,31.0
3901,29.5
3902,3.75
3903,20.5
3904,18.5
3905,44.0
3906,19.5
3907,-40.0
3908,26.5
3909,28.0
3910,21.5
3911,12.0
3912,12.5
3913,17.5
3914,25.5
3915,47.0
3916,9.0
3917,12.5
3918,17.5
3919,9.0
3920,13.5
3921,5.25
3922,39.5
3923,12.5
3924,16.5
3925,19.0
3926,21.25
3927,11.0
3928,14.0
3929,18.0
3930,26.5
3931,15.5
3932,15.5
3933,13.5
3934,11.5
3935,20.5
3936,17.5
3937,9.0
3938,10.0
3939,22.0
3940,24.5
3941,33.0
3942,14.0
3943,20.0
3944,15.0
3945,13.75
3946,19.5
3947,25.5
3948,13.0
3949,22.5
3950,17.0
3951,9.0
3952,17.5
3953,13.5
3954,22.0
3955,43.0
3956,12.5
3957,15.0
3958,11.0
3959,6.25
3960,12.5
3961,22.5
3962,12.0
3963,13.5
3964,36.0
3965,2.25
3966,24.5
3967,18.0
3968,20.5
3969,22.5
3970,16.0
3971,23.0
3972,31.5
3973,27.0
3974,15.5
3975,2.75
3976,11.0
3977,13.0
3978,13.0
3979,17.0
3980,28.5
3981,12.0
3982,11.0
3983,31.0
3984,14.0
3985,10.0
3986,20.0
3987,20.5
3988,40.0
3989,11.0
3990,23.0
3991,27.0
3992,34.0
3993,28.0
3994,32.0
3995,18.5
3996,11.0
3997,8.5
3998,36.0
3999,16.75
4000,23.0
4001,24.5
4002,12.0
4003,20.0
4004,14.5
4005,13.5
4006,17.0
4007,26.5
4008,26.0
4009,33.5
4010,13.5
4011,15.0
4012,31.5
4013,23.5
4014,27.5
4015,10.0
4016,5.0
4017,11.0
4018,18.5
4019,13.0
4020,34.5
4021,12.0
4022,40.0
4023,15.0
4024,30.0
4025,13.0
4026,12.0
4027,9.0
4028,15.5
4029,14.5
4030,24.0
4031,9.0
4032,41.0
4033,9.0
4034,9.5
4035,19.5
4036,17.0
4037,19.0
4038,28.5
4039,41.5
4040,24.0
4041,27.5
4042,17.0
4043,23.5
4044,9.0
4045,13.5
4046,22.0
4047,16.0
4048,12.0
4049,15.0
4050,26.0
4051,19.0
4052,26.5
4053,12.0
4054,12.0
4055,10.5
4056,15.0
4057,15.0
4058,31.5
4059,28.5
4060,14.0
4061,30.0
4062,13.5
4063,30.5
4064,23.0
4065,12.25
4066,35.0
4067,24.5
4068,40.0
4069,24.5
4070,20.5
4071,38.0
4072,27.0
4073,11.0
4074,12.0
4075,11.5
4076,74.0
4077,20.5
4078,19.5
4079,42.0
4080,20.5
4081,27.5
4082,37.0
4083,10.5
4084,28.0
4085,30.0
4086,18.5
4087,18.0
4088,11.5
4089,24.0
4090,35.5
4091,22.5
4092,19.5
4093,24.0
4094,17.0
4095,14.5
4096,14.5
4097,21.0
4098,10.5
4099,18.0
4100,13.0
4101,18.5
4102,3.75
4103,41.0
4104,18.0
4105,22.0
4106,17.5
4107,31.0
4108,28.0
4109,11.0
4110,20.0
4111,1.0
4112,15.0
4113,23.0
4114,16.0
4115,32.5
4116,13.0
4117,11.0
4118,12.0
4119,12.0
4120,4.75
4121,21.5
4122,-24.0
4123,11.0
4124,14.0
4125,13.0
4126,9.0
4127,-50.0
4128,21.0
4129,12.0
4130,14.0
4131,37.0
4132,20.0
4133,10.75
4134,36.0
4135,23.0
4136,10.0
4137,26.5
4138,11.0
4139,13.0
4140,20.0
4141,15.75
4142,13.0
4143,9.0
4144,11.0
4145,21.5
4146,13.5
4147,25.0
4148,38.0
4149,36.0
4150,31.0
4151,20.0
4152,21.5
4153,29.0
4154,27.0
4155,23.0
4156,19.5
4157,26.5
4158,19.5
4159,27.0
4160,10.0
4161,26.5
4162,13.0
4163,19.5
4164,27.0
4165,12.5
4166,24.0
4167,8.25
4168,16.5
4169,33.0
4170,29.0
4171,28.5
4172,30.5
4173,22.5
4174,22.0
4175,21.5
4176,11.5
4177,20.5
4178,-28.0
4179,14.0
4180,11.0
4181,27.0
4182,12.0
4183,9.0
4184,23.5
4185,37.0
4186,11.0
4187,28.5
4188,16.5
4189,21.75
4190,33.5
4191,31.0
4192,14.0
4193,24.5
4194,17.5
4195,8.5
4196,16.0
4197,11.0
4198,21.5
4199,16.0
4200,32.5
4201,20.0
4202,10.5
4203,15.5
4204,19.5
4205,17.0
4206,14.0
4207,37.0
4208,9.0
4209,12.0
4210,13.0
4211,10.5
4212,16.5
4213,13.0
4214,17.0
4215,10.0
4216,52.0
4217,13.0
4218,14.5
4219,12.0
4220,29.0
4221,48.5
4222,4.0
4223,12.0
4224,18.5
4225,10.5
4226,35.0
4227,10.5
4228,9.0
4229,38.0
4230,13.0
4231,34.5
4232,28.0
4233,-21.0
4234,26.5
4235,17.5
4236,-30.0
4237,6.0
4238,28.0
4239,13.5
4240,17.5
4241,13.0
4242,37.0
4243,18.0
4244,29.0
4245,29.0
4246,77.0
4247,19.5
4248,1.75
4249,9.0
4250,20.0
4251,27.5
4252,13.5
4253,35.0
4254,12.0
4255,13.0
4256,38.0
4257,12.5
4258,16.0
4259,13.5
4260,22.5
4261,70.0
4262,16.0
4263,20.0
4264,11.5
4265,23.0
4266,9.0
4267,16.0
4268,9.0
4269,6.5
4270,-31.0
4271,-39.0
4272,44.0
4273,20.0
4274,9.0
4275,17.0
4276,47.0
4277,28.5
4278,11.0
4279,38.5
4280,51.0
4281,13.0
4282,31.5
4283,24.5
4284,28.0
4285,21.5
4286,23.5
4287,20.0
4288,34.5
4289,17.0
4290,28.0
4291,21.0
4292,35.5
4293,26.5
4294,24.0
4295,12.5
4296,-61.0
4297,14.5
4298,16.0
4299,26.5
4300,15.5
4301,1.0
4302,37.0
4303,42.0
4304,20.5
4305,14.0
4306,16.5
4307,14.5
4308,11.0
4309,20.0
4310,30.0
4311,25.0
4312,50.0
4313,11.0
4314,34.5
4315,31.0
4316,14.0
4317,30.5
4318,35.5
4319,13.0
4320,10.5
4321,34.0
4322,15.0
4323,22.0
4324,12.0
4325,10.0
4326,32.5
4327,13.0
4328,40.5
4329,35.5
4330,24.5
4331,9.0
4332,13.5
4333,28.0
4334,15.5
4335,21.5
4336,42.5
4337,11.0
4338,10.0
4339,22.5
4340,15.0
4341,44.5
4342,12.0
4343,28.0
4344,31.5
4345,20.5
4346,12.5
4347,29.5
4348,38.0
4349,19.0
4350,9.0
4351,21.5
4352,10.5
4353,10.0
4354,26.5
4355,-32.0
4356,14.0
4357,20.0
4358,13.0
4359,18.5
4360,16.5
4361,16.5
4362,38.0
4363,9.5
4364,21.0
4365,24.5
4366,23.0
4367,13.0
4368,56.0
4369,22.0
4370,12.5
4371,22.5
4372,9.0
4373,19.5
4374,36.0
4375,27.5
4376,26.0
4377,28.5
4378,9.0
4379,19.0
4380,32.5
4381,43.0
4382,14.0
4383,13.0
4384,31.5
4385,61.0
4386,16.5
4387,53.5
4388,18.5
4389,16.5
4390,14.0
4391,13.5
4392,9.5
4393,22.5
4394,50.5
4395,20.5
4396,12.5
4397,-21.0
4398,17.0
4399,17.5
4400,9.0
4401,11.0
4402,37.5
4403,10.5
4404,10.5
4405,11.5
4406,10.5
4407,15.5
4408,24.5
4409,37.0
4410,31.0
4411,20.0
4412,27.5
4413,13.5
4414,18.0
4415,11.0
4416,19.0
4417,7.5
4418,33.0
4419,-38.0
4420,38.0
4421,40.5
4422,21.0
4423,40.0
4424,11.5
4425,-22.0
4426,57.0
4427,25.5
4428,17.0
4429,42.5
4430,47.5
4431,-44.0
4432,9.0
4433,12.0
4434,11.5
4435,21.5
4436,15.5
4437,30.5
4438,13.5
4439,12.5
4440,27.0
4441,13.5
4442,13.0
4443,22.0
4444,30.0
4445,15.0
4446,11.0
4447,16.5
4448,35.0
4449,13.0
4450,41.0
4451,51.0
4452,19.5
4453,16.0
4454,30.0
4455,19.0
4456,20.5
4457,11.0
4458,21.5
4459,-42.0
4460,13.0
4461,-43.0
4462,16.0
4463,19.0
4464,12.0
4465,39.0
4466,21.5
4467,19.5
4468,21.5
4469,13.0
4470,37.0
4471,23.0
4472,31.0
4473,13.5
4474,8.0
4475,9.0
4476,14.0
4477,27.5
4478,15.0
4479,18.5
4480,13.5
4481,18.0
4482,22.0
4483,27.5
4484,14.0
4485,39.5
4486,22.0
4487,16.0
4488,15.5
4489,25.5
4490,12.0
4491,14.0
4492,17.0
4493,30.5
4494,24.5
4495,18.0
4496,24.5
4497,-24.0
4498,24.5
4499,38.0
4500,22.5
4501,16.5
4502,41.0
4503,44.5
4504,32.5
4505,25.0
4506,48.0
4507,16.0
4508,21.5
4509,27.5
4510,9.0
4511,21.0
4512,28.0
4513,34.0
4514,9.0
4515,16.0
4516,47.0
4517,30.0
4518,24.5
4519,19.0
4520,25.5
4521,37.5
4522,15.0
4523,18.5
4524,9.0
4525,22.0
4526,23.0
4527,14.0
4528,29.0
4529,11.0
4530,-28.0
4531,37.0
4532,21.5
4533,18.5
4534,13.0
4535,52.0
4536,31.5
4537,41.0
4538,20.0
4539,9.0
4540,25.5
4541,12.5
4542,56.0
4543,32.5
4544,30.5
4545,-36.0
4546,11.0
4547,26.5
4548,32.0
4549,16.5
4550,18.0
4551,14.0
4552,-24.0
4553,13.0
4554,13.5
4555,3.75
4556,12.5
4557,23.0
4558,15.0
4559,26.5
4560,27.5
4561,35.0
4562,30.0
4563,17.5
4564,14.5
4565,-43.0
4566,27.0
4567,22.0
4568,12.5
4569,35.0
4570,17.5
4571,25.0
4572,29.0
4573,41.5
4574,31.0
4575,15.25
4576,18.0
4577,36.0
4578,14.0
4579,-0.25
4580,33.0
4581,27.0
4582,22.5
4583,25.0
4584,41.0
4585,45.0
4586,11.0
4587,14.0
4588,19.5
4589,10.0
4590,12.0
4591,9.0
4592,19.0
4593,42.0
4594,-40.0
4595,12.5
4596,32.5
4597,18.0
4598,9.0
4599,19.0
4600,17.5
4601,7.5
4602,18.0
4603,23.0
4604,13.0
4605,14.0
4606,-24.0
4607,17.0
4608,23.0
4609,12.0
4610,12.5
4611,33.0
4612,9.25
4613,-44.0
4614,10.0
4615,28.0
4616,13.0
4617,18.75
4618,25.75
4619,35.0
4620,11.25
4621,21.0
4622,29.0
4623,20.0
4624,10.0
4625,20.5
4626,29.0
4627,13.0
4628,12.0
4629,34.0
4630,8.0
4631,23.0
4632,21.5
4633,13.5
4634,-25.0
4635,26.5
4636,37.0
4637,27.5
4638,12.0
4639,22.5
4640,31.0
4641,23.0
4642,21.0
4643,56.0
4644,29.5
4645,42.0
4646,19.5
4647,26.0
4648,20.0
4649,30.0
4650,24.5
4651,18.5
4652,24.5
4653,10.0
4654,21.0
4655,16.0
4656,19.0
4657,22.0
4658,17.0
4659,12.0
4660,14.25
4661,21.5
4662,29.5
4663,17.0
4664,12.0
4665,23.5
4666,19.5
4667,8.0
4668,43.0
4669,29.0
4670,34.0
4671,19.0
4672,20.0
4673,-56.0
4674,18.5
4675,25.5
4676,11.5
4677,19.0
4678,38.5
4679,30.5
4680,52.0
4681,24.0
4682,28.0
4683,30.5
4684,23.0
4685,13.0
4686,20.5
4687,40.5
4688,14.5
4689,33.5
4690,-24.0
4691,22.5
4692,26.0
4693,10.5
4694,10.5
4695,28.0
4696,-0.75
4697,9.0
4698,14.5
4699,-45.0
4700,12.0
4701,20.0
4702,9.0
4703,12.0
4704,57.0
4705,13.0
4706,19.5
4707,20.5
4708,13.0
4709,17.0
4710,10.5
4711,23.5
4712,28.5
4713,17.0
4714,23.0
4715,-21.0
4716,14.5
4717,10.5
4718,12.5
4719,22.0
4720,24.0
4721,29.0
4722,12.0
4723,31.0
4724,29.5
4725,12.5
4726,10.5
4727,10.0
4728,12.5
4729,17.0
4730,13.0
4731,21.5
4732,-41.0
4733,15.5
4734,26.0
4735,10.0
4736,12.0
4737,24.5
4738,20.0
4739,15.5
4740,10.5
4741,19.5
4742,13.5
4743,23.5
4744,15.5
4745,12.5
4746,30.0
4747,49.0
4748,13.0
4749,24.0
4750,43.5
4751,21.5
4752,29.0
4753,21.0
4754,21.5
4755,30.0
4756,29.5
4757,19.5
4758,38.0
4759,8.0
4760,46.5
4761,13.0
4762,20.0
4763,53.0
4764,17.0
4765,17.0
4766,21.0
4767,15.0
4768,8.0
4769,16.0
4770,12.5
4771,20.0
4772,15.5
4773,24.5
4774,44.0
4775,15.0
4776,29.0
4777,13.0
4778,13.5
4779,13.5
4780,14.0
4781,-47.0
4782,15.5
4783,19.5
4784,13.5
4785,30.0
4786,27.0
4787,39.0
4788,28.5
4789,18.5
4790,28.0
4791,34.5
4792,23.0
4793,23.5
4794,16.0
4795,10.0
4796,8.25
4797,12.75
4798,-9.25
4799,29.0
4800,24.5
4801,9.0
4802,14.25
4803,26.0
4804,27.0
4805,5.75
4806,15.0
4807,10.0
4808,22.5
4809,15.5
4810,10.0
4811,3.25
4812,11.75
4813,-0.75
4814,27.0
4815,12.0
4816,30.5
4817,24.5
4818,26.0
4819,22.0
4820,10.5
4821,9.0
4822,10.5
4823,23.5
4824,13.5
4825,38.0
4826,14.0
4827,25.0
4828,24.0
4829,36.0
4830,11.0
4831,28.5
4832,23.75
4833,12.0
4834,21.5
4835,23.0
4836,5.25
4837,10.5
4838,22.5
4839,13.0
4840,44.0
4841,11.5
4842,26.0
4843,12.0
4844,22.5
4845,13.5
4846,9.0
4847,19.0
4848,14.0
4849,15.0
4850,13.0
4851,12.0
4852,11.5
4853,18.5
4854,-21.0
4855,10.5
4856,15.0
4857,9.0
4858,31.0
4859,23.0
4860,16.5
4861,13.0
4862,11.5
4863,42.0
4864,22.5
4865,25.0
4866,26.5
4867,2.75
4868,13.0
4869,27.0
4870,15.5
4871,23.0
4872,31.5
4873,16.0
4874,24.0
4875,1.75
4876,11.0
4877,10.5
4878,10.5
4879,14.5
4880,2.25
4881,26.0
4882,11.0
4883,9.0
4884,18.5
4885,9.0
4886,38.0
4887,17.5
4888,23.0
4889,22.0
4890,24.5
4891,39.0
4892,3.75
4893,17.5
4894,10.5
4895,9.0
4896,14.0
4897,27.0
4898,6.75
4899,12.5
4900,13.0
4901,11.0
4902,13.0
4903,9.0
4904,46.0
4905,22.5
4906,20.5
4907,51.0
4908,14.0
4909,20.5
4910,33.0
4911,8.0
4912,10.5
4913,12.5
4914,26.0
4915,-25.0
4916,21.0
4917,10.5
4918,41.0
4919,56.0
4920,11.0
4921,31.0
4922,20.5
4923,20.5
4924,26.5
4925,14.5
4926,22.5
4927,10.5
4928,18.5
4929,17.5
4930,16.5
4931,28.5
4932,19.5
4933,22.0
4934,27.0
4935,11.5
4936,30.0
4937,21.0
4938,34.0
4939,7.0
4940,18.5
4941,20.5
4942,12.0
4943,26.5
4944,23.0
4945,28.75
4946,18.0
4947,6.75
4948,23.0
4949,12.0
4950,27.0
4951,12.5
4952,19.0
4953,13.0
4954,-25.0
4955,12.5
4956,22.5
4957,2.25
4958,8.25
4959,29.0
4960,17.5
4961,10.5
4962,38.0
4963,-26.25
4964,17.5
4965,23.5
4966,11.0
4967,2.25
4968,21.0
4969,21.0
4970,21.5
4971,17.5
4972,15.5
4973,13.5
4974,49.0
4975,29.0
4976,15.0
4977,25.0
4978,10.5
4979,17.5
4980,42.5
4981,9.5
4982,79.5
4983,25.0
4984,29.0
4985,10.0
4986,18.75
4987,26.0
4988,16.5
4989,21.25
4990,11.5
4991,23.5
4992,27.75
4993,16.5
4994,11.0
4995,9.0
4996,6.75
4997,44.0
4998,13.5
4999,1.25
5000,23.0
5001,1.75
5002,14.5
5003,10.5
5004,20.0
5005,-26.0
5006,-26.0
5007,29.0
5008,14.0
5009,11.5
5010,27.5
5011,28.0
5012,11.75
5013,10.0
5014,16.5
5015,10.5
5016,35.5
5017,9.25
5018,14.75
5019,31.5
5020,22.0
5021,15.0
5022,28.0
5023,22.0
5024,21.0
5025,17.0
5026,21.5
5027,40.0
5028,26.0
5029,12.0
5030,8.0
5031,-40.0
5032,12.0
5033,9.0
5034,33.0
5035,11.0
5036,13.0
5037,40.5
5038,13.5
5039,13.0
5040,15.25
5041,13.5
5042,23.5
5043,11.0
5044,28.0
5045,9.5
5046,15.5
5047,15.5
5048,18.5
5049,19.0
5050,12.0
5051,-46.0
5052,-39.0
5053,27.0
5054,18.0
5055,26.0
5056,27.0
5057,34.0
5058,25.0
5059,20.5
5060,14.0
5061,11.5
5062,18.5
5063,30.5
5064,-23.0
5065,-40.0
5066,12.0
5067,13.5
5068,12.0
5069,29.0
5070,20.0
5071,22.0
5072,11.0
5073,26.0
5074,27.0
5075,9.5
5076,17.0
5077,-21.0
5078,16.5
5079,51.0
5080,10.0
5081,23.0
5082,22.0
5083,4.75
5084,7.75
5085,10.0
5086,40.5
5087,44.0
5088,10.5
5089,17.5
5090,36.0
5091,10.5
5092,31.5
5093,21.5
5094,11.5
5095,-27.0
5096,13.0
5097,27.5
5098,22.0
5099,12.5
5100,9.0
5101,14.5
5102,18.0
5103,24.0
5104,18.0
5105,9.0
5106,17.5
5107,14.25
5108,32.5
5109,37.0
5110,21.0
5111,22.5
5112,9.5
5113,39.0
5114,21.0
5115,10.5
5116,37.0
5117,23.0
5118,-25.0
5119,48.0
5120,18.5
5121,28.0
5122,12.5
5123,17.5
5124,33.5
5125,27.0
5126,31.0
5127,22.0
5128,35.5
5129,12.0
5130,10.25
5131,25.0
5132,10.0
5133,20.0
5134,20.0
5135,14.0
5136,44.0
5137,16.5
5138,-43.0
5139,23.0
5140,12.0
5141,10.0
5142,10.5
5143,-93.0
5144,41.0
5145,16.5
5146,28.0
5147,23.5
5148,24.5
5149,31.0
5150,41.0
5151,12.0
5152,14.5
5153,12.5
5154,27.5
5155,41.0
5156,9.0
5157,35.0
5158,14.0
5159,12.0
5160,16.5
5161,12.0
5162,15.5
5163,46.5
5164,19.5
5165,16.5
5166,50.0
5167,20.0
5168,17.5
5169,11.5
5170,26.5
5171,21.0
5172,26.5
5173,12.5
5174,21.0
5175,23.0
5176,32.5
5177,19.5
5178,24.5
5179,9.5
5180,15.0
5181,34.0
5182,14.5
5183,39.0
5184,42.5
5185,-27.0
5186,14.0
5187,41.0
5188,18.5
5189,9.0
5190,9.5
5191,23.5
5192,33.0
5193,12.75
5194,9.0
5195,30.0
5196,40.0
5197,-43.25
5198,16.5
5199,24.0
5200,49.0
5201,56.0
5202,30.5
5203,12.5
5204,37.0
5205,18.5
5206,11.5
5207,19.5
5208,10.0
5209,18.5
5210,17.5
5211,11.5
5212,22.0
5213,6.25
5214,26.5
5215,23.0
5216,10.25
5217,29.5
5218,30.5
5219,13.0
5220,30.0
5221,9.0
5222,25.5
5223,23.5
5224,38.0
5225,35.5
5226,25.5
5227,18.0
5228,32.0
5229,14.0
5230,45.0
5231,11.0
5232,31.5
5233,21.5
5234,14.5
5235,12.0
5236,23.5
5237,30.5
5238,59.0
5239,9.0
5240,19.0
5241,15.5
5242,21.5
5243,21.0
5244,19.0
5245,-21.0
5246,36.0
5247,9.0
5248,24.0
5249,9.0
5250,29.5
5251,23.0
5252,15.0
5253,10.25
5254,-23.0
5255,12.25
5256,13.0
5257,13.5
5258,3.75
5259,12.5
5260,10.5
5261,11.0
5262,16.0
5263,14.75
5264,12.0
5265,10.25
5266,21.5
5267,29.0
5268,16.5
5269,20.0
5270,13.5
5271,26.0
5272,19.5
5273,13.25
5274,9.75
5275,6.25
5276,14.5
5277,13.0
5278,18.0
5279,23.0
5280,14.0
5281,8.5
5282,-22.0
5283,9.75
5284,13.5
5285,3.75
5286,15.5
5287,9.0
5288,10.5
5289,22.0
5290,9.75
5291,20.5
5292,10.5
5293,13.0
5294,15.0
5295,21.5
5296,31.0
5297,9.25
5298,10.5
5299,24.0
5300,5.75
5301,15.0
5302,12.0
5303,19.5
5304,23.5
5305,17.0
5306,23.75
5307,6.75
5308,17.75
5309,41.0
5310,15.5
5311,12.0
5312,23.5
5313,9.0
5314,23.0
5315,31.5
5316,21.5
5317,21.5
5318,11.5
5319,18.0
5320,-28.25
5321,15.5
5322,12.0
5323,1.25
5324,16.5
5325,18.5
5326,12.5
5327,8.25
5328,12.0
5329,14.5
5330,10.5
5331,-35.0
5332,14.0
5333,13.5
5334,4.75
5335,12.5
5336,18.0
5337,24.0
5338,24.0
5339,13.0
5340,16.5
5341,56.0
5342,12.5
5343,14.0
5344,27.0
5345,24.0
5346,23.0
5347,15.75
5348,32.25
5349,37.0
5350,15.5
5351,11.5
5352,9.0
5353,24.5
5354,26.5
5355,-24.0
5356,58.0
5357,19.25
5358,12.0
5359,16.0
5360,26.0
5361,0.75
5362,-25.0
5363,12.0
5364,32.0
5365,12.0
5366,27.5
5367,10.25
5368,11.5
5369,34.5
5370,65.0
5371,17.0
5372,16.0
5373,23.5
5374,17.5
5375,-24.0
5376,18.5
5377,16.0
5378,25.0
5379,16.0
5380,38.0
5381,36.0
5382,33.0
5383,22.5
5384,12.0
5385,11.0
5386,25.0
5387,57.0
5388,33.0
5389,20.5
5390,44.0
5391,12.0
5392,29.0
5393,13.0
5394,15.0
5395,11.75
5396,10.5
5397,28.0
5398,21.0
5399,26.0
5400,22.5
5401,13.5
5402,34.0
5403,14.0
5404,8.75
5405,24.0
5406,12.5
5407,42.5
5408,13.5
5409,10.5
5410,18.5
5411,3.75
5412,11.0
5413,9.0
5414,15.5
5415,27.5
5416,48.0
5417,21.0
5418,27.5
5419,39.0
5420,29.0
5421,-13.25
5422,28.0
5423,-12.25
5424,5.25
5425,23.0
5426,23.5
5427,11.0
5428,13.5
5429,22.5
5430,43.0
5431,12.5
5432,10.0
5433,42.0
5434,15.5
5435,22.5
5436,9.0
5437,22.0
5438,4.75
5439,17.5
5440,8.75
5441,9.0
5442,9.0
5443,19.0
5444,15.0
5445,14.5
5446,11.0
5447,31.0
5448,29.0
5449,36.5
5450,-0.25
5451,15.0
5452,6.25
5453,16.5
5454,14.5
5455,3.25
5456,11.75
5457,6.25
5458,11.0
5459,12.0
5460,8.25
5461,2.25
5462,40.75
5463,31.0
5464,15.5
5465,-27.0
5466,21.0
5467,7.5
5468,16.5
5469,33.0
5470,9.0
5471,12.0
5472,16.0
5473,18.5
5474,22.0
5475,11.0
5476,-55.0
5477,16.5
5478,11.5
5479,26.0
5480,10.5
5481,13.0
5482,13.0
5483,15.5
5484,15.5
5485,13.0
5486,26.5
5487,21.0
5488,-0.75
5489,30.0
5490,11.0
5491,19.0
5492,19.0
5493,11.5
5494,14.5
5495,41.5
5496,-44.0
5497,40.5
5498,39.0
5499,8.0
5500,10.0
5501,14.5
5502,10.5
5503,16.5
5504,34.5
5505,25.5
5506,14.0
5507,14.0
5508,25.0
5509,29.5
5510,12.5
5511,-35.0
5512,21.5
5513,-0.75
5514,10.0
5515,22.0
5516,17.0
5517,17.0
5518,18.0
5519,26.5
5520,-25.25
5521,10.5
5522,11.0
5523,12.5
5524,15.0
5525,16.0
5526,16.25
5527,13.5
5528,30.0
5529,15.5
5530,14.5
5531,15.5
5532,6.25
5533,21.0
5534,9.5
5535,12.5
5536,16.0
5537,22.0
5538,10.5
5539,9.0
5540,34.5
5541,21.5
5542,11.0
5543,25.0
5544,12.5
5545,18.5
5546,25.5
5547,45.0
5548,44.0
5549,20.0
5550,21.0
5551,19.75
5552,-73.0
5553,18.5
5554,17.0
5555,29.0
5556,16.0
5557,15.25
5558,10.0
5559,45.0
5560,11.0
5561,25.0
5562,10.5
5563,30.5
5564,2.75
5565,30.0
5566,35.0
5567,20.0
5568,12.0
5569,12.5
5570,16.5
5571,9.0
5572,23.5
5573,33.5
5574,25.0
5575,21.5
5576,34.0
5577,11.0
5578,16.5
5579,32.5
5580,20.5
5581,37.0
5582,22.0
5583,34.0
5584,14.5
5585,10.5
5586,16.5
5587,37.0
5588,9.0
5589,16.0
5590,39.0
5591,12.0
5592,28.0
5593,12.5
5594,20.0
5595,13.5
5596,42.0
5597,16.5
5598,13.0
5599,11.0
5600,10.25
5601,13.5
5602,-3.25
5603,19.5
5604,14.0
5605,30.25
5606,22.5
5607,18.5
5608,28.5
5609,17.75
5610,14.0
5611,12.75
5612,31.0
5613,45.0
5614,25.0
5615,32.5
5616,11.0
5617,18.75
5618,9.25
5619,-0.25
5620,24.0
5621,-45.0
5622,14.0
5623,60.0
5624,2.75
5625,35.0
5626,7.5
5627,26.0
5628,10.5
5629,-0.25
5630,9.0
5631,20.5
5632,8.0
5633,13.75
5634,-0.25
5635,23.5
5636,2.75
5637,14.75
5638,8.75
5639,22.25
5640,11.0
5641,26.25
5642,9.75
5643,6.75
5644,12.75
5645,42.0
5646,13.0
5647,23.5
5648,24.75
5649,33.0
5650,10.0
5651,30.0
5652,10.5
5653,19.0
5654,16.25
5655,2.75
5656,6.25
5657,0.75
5658,6.75
5659,6.25
5660,4.25
5661,2.75
5662,7.25
5663,26.5
5664,20.0
5665,9.0
5666,14.5
5667,7.75
5668,17.5
5669,8.75
5670,33.0
5671,0.25
5672,17.5
5673,12.5
5674,2.25
5675,3.75
5676,24.5
5677,27.5
5678,9.0
5679,3.25
5680,3.75
5681,3.75
5682,13.0
5683,28.75
5684,27.0
5685,9.0
5686,9.0
5687,18.5
5688,-30.0
5689,11.75
5690,19.5
5691,9.75
5692,2.25
5693,23.0
5694,1.25
5695,22.5
5696,12.5
5697,14.0
5698,12.5
5699,16.0
5700,12.0
5701,43.5
5702,31.0
5703,42.0
5704,16.5
5705,37.5
5706,7.75
5707,13.0
5708,16.5
5709,1.75
5710,24.0
5711,3.0
5712,21.0
5713,-23.0
5714,-2.0
5715,10.75
5716,13.5
5717,9.0
5718,22.0
5719,32.5
5720,2.75
5721,14.5
5722,11.5
5723,2.25
5724,16.0
5725,25.0
5726,-49.0
5727,11.5
5728,40.0
5729,27.5
5730,18.5
5731,11.5
5732,25.0
5733,22.0
5734,11.0
5735,-26.0
5736,31.5
5737,25.0
5738,13.5
5739,19.0
5740,16.5
5741,22.25
5742,-36.0
5743,21.5
5744,32.5
5745,12.5
5746,23.5
5747,13.25
5748,13.0
5749,23.5
5750,5.75
5751,35.0
5752,16.0
5753,26.5
5754,11.5
5755,10.0
5756,10.5
5757,27.5
5758,26.0
5759,10.5
5760,23.5
5761,16.0
5762,26.5
5763,25.0
5764,40.0
5765,12.5
5766,15.0
5767,19.5
5768,34.0
5769,11.75
5770,20.0
5771,19.0
5772,23.0
5773,7.75
5774,38.0
5775,17.0
5776,9.0
5777,47.0
5778,24.0
5779,22.0
5780,12.5
5781,-25.0
5782,26.5
5783,12.5
5784,19.0
5785,19.25
5786,47.0
5787,-24.0
5788,18.5
5789,11.0
5790,50.75
5791,17.5
5792,27.5
5793,30.0
5794,19.5
5795,43.0
5796,23.5
5797,24.0
5798,16.5
5799,19.0
5800,39.5
5801,14.0
5802,13.0
5803,29.5
5804,24.5
5805,29.5
5806,19.5
5807,20.5
5808,26.0
5809,18.5
5810,14.25
5811,-0.25
5812,1.75
5813,1.75
5814,0.25
5815,4.75
5816,1.25
5817,6.75
5818,0.25
5819,-0.75
5820,0.25
5821,3.75
5822,5.0
5823,-0.25
5824,11.25
5825,0.25
5826,0.25
5827,5.25
5828,3.75
5829,-0.75
5830,-0.75
5831,2.75
5832,-0.25
5833,-7.25
5834,0.75
5835,1.75
5836,1.75
5837,-0.75
5838,0.25
5839,5.25
5840,0.75
5841,2.75
5842,4.75
5843,1.25
5844,0.75
5845,5.75
5846,6.25
5847,0.25
5848,0.75
5849,4.25
5850,-0.25
5851,3.75
5852,-0.75
5853,-0.75
5854,0.25
5855,0.25
5856,14.75
5857,1.25
5858,-3.25
5859,10.75
5860,8.75
5861,3.75
5862,4.75
5863,2.25
5864,-0.75
5865,-1.25
5866,2.25
5867,4.25
5868,3.75
5869,-0.25
5870,3.75
5871,2.75
5872,0.75
5873,-0.25
5874,0.75
5875,4.25
5876,-0.75
5877,2.75
5878,0.75
5879,1.75
5880,-0.25
5881,-0.25
5882,1.25
5883,1.75
5884,12.75
5885,-0.25
5886,2.75
5887,0.25
5888,-0.75
5889,17.75
5890,1.25
5891,-0.75
5892,-0.75
5893,-0.75
5894,0.75
5895,0.75
5896,-0.75
5897,-0.25
5898,-0.75
5899,-0.75
5900,-0.75
5901,1.25
5902,-0.75
5903,-0.25
5904,4.25
5905,-0.75
5906,-0.75
5907,-0.75
5908,0.25
5909,-0.75
5910,-0.75
5911,2.75
5912,0.25
5913,-0.25
5914,0.25
5915,0.25
5916,-0.75
5917,-0.75
5918,-0.75
5919,0.25
5920,-0.75
5921,-0.25
5922,-0.25
5923,-0.75
5924,-0.25
5925,-0.25
5926,-0.25
5927,-0.25
5928,-0.25
5929,-0.25
5930,0.25
5931,-0.75
5932,-0.25
5933,-0.25
5934,0.75
5935,-0.75
5936,1.25
5937,-0.75
5938,-0.25
5939,-0.75
5940,-0.75
5941,1.75
5942,-0.75
5943,-1.25
5944,-0.75
5945,1.25
5946,-0.75
5947,-0.75
5948,0.75
5949,3.75
5950,-0.75
5951,-0.25
5952,-0.75
5953,-0.75
5954,-0.25
5955,-0.75
5956,0.25
5957,-0.75
5958,-0.75
5959,-1.25
5960,-0.25
5961,-0.25
5962,0.75
5963,-0.25
5964,0.25
5965,-0.75
5966,0.25
5967,-0.75
5968,-0.25
5969,-0.75
5970,0.25
5971,0.25
5972,-0.75
5973,0.75
5974,-0.75
5975,0.25
5976,-0.75
5977,-0.25
5978,-0.25
5979,-0.75
5980,-0.75
5981,-0.75
5982,-0.75
5983,1.75
5984,-0.25
5985,0.25
5986,3.25
5987,0.75
5988,-0.25
5989,-0.25
5990,-0.75
5991,-1.25
5992,1.75
5993,1.25
5994,-1.25
5995,-0.25
5996,0.75
5997,0.75
5998,-1.25
5999,2.75
6000,0.25
6001,-0.25
6002,0.75
6003,5.25
6004,-0.25
6005,1.25
6006,-0.25
6007,1.25
6008,-0.25
6009,-0.25
6010,0.75
6011,3.25
6012,0.75
6013,-0.75
6014,0.25
6015,0.75
6016,-0.75
6017,-0.75
6018,0.25
6019,-0.25
6020,-0.25
6021,0.75
6022,-0.25
6023,0.75
6024,-0.25
6025,-0.25
6026,-0.25
6027,0.25
6028,-0.75
6029,0.75
6030,0.75
6031,0.25
6032,-0.25
6033,-0.75
6034,0.75
6035,-0.75
6036,-0.25
6037,-0.75
6038,6.75
6039,-0.75
6040,0.75
6041,0.75
6042,-0.75
6043,-0.75
6044,-0.25
6045,-0.25
6046,-0.75
6047,-0.75
6048,-0.25
6049,0.75
6050,0.75
6051,-0.75
6052,-0.75
6053,-0.75
6054,-0.75
6055,-0.75
6056,-0.25
6057,2.75
6058,0.25
6059,1.25
6060,-0.25
6061,0.25
6062,-0.75
6063,-0.25
6064,-0.25
6065,-0.75
6066,-1.25
6067,0.75
6068,0.75
6069,0.75
6070,-0.75
6071,-0.75
6072,1.75
6073,-0.75
6074,-0.75
6075,1.75
6076,-0.75
6077,-0.75
6078,-0.25
6079,-0.75
6080,0.25
6081,-0.75
6082,-0.75
6083,-0.25
6084,-0.75
6085,-0.75
6086,-0.75
6087,-0.75
6088,-0.75
6089,-0.75
6090,-0.25
6091,0.75
6092,0.75
6093,0.25
6094,-0.75
6095,-0.25
6096,-0.75
6097,-0.75
6098,-0.75
6099,-0.75
6100,-0.75
6101,-1.25
6102,-0.25
6103,5.75
6104,-0.25
6105,-0.75
6106,0.75
6107,-0.75
6108,-0.75
6109,-0.25
6110,-0.75
6111,-0.25
6112,-0.75
6113,0.75
6114,-1.25
6115,-0.25
6116,-0.75
6117,1.25
6118,0.25
6119,-0.25
6120,-1.25
6121,-1.25
6122,-0.75
6123,-0.25
6124,-0.25
6125,-0.75
6126,-0.75
6127,-0.75
6128,-0.25
6129,-0.75
6130,-0.75
6131,0.25
6132,5.75
6133,-0.75
6134,-0.75
6135,0.75
6136,-0.75
6137,-0.75
6138,0.75
6139,0.75
6140,-0.25
6141,1.25
6142,-1.25
6143,1.25
6144,-0.25
6145,-0.25
6146,0.25
6147,-0.75
6148,-0.25
6149,-1.25
6150,0.75
6151,-0.25
6152,0.75
6153,-0.25
6154,1.75
6155,-0.75
6156,0.25
6157,-0.25
6158,1.75
6159,-0.25
6160,-0.25
6161,-0.25
6162,-0.75
6163,-0.25
6164,-0.25
6165,-0.75
6166,-0.75
6167,1.25
6168,-0.75
6169,-1.25
6170,-0.25
6171,-0.75
6172,0.75
6173,-0.75
6174,-0.25
6175,-0.75
6176,-0.75
6177,-0.75
6178,-0.25
6179,0.75
6180,1.75
6181,-0.25
6182,0.25
6183,1.25
6184,-0.75
6185,-1.25
6186,-0.75
6187,1.75
6188,-0.75
6189,-0.75
6190,-0.75
6191,2.75
6192,-0.25
6193,-0.25
6194,-0.25
6195,-0.75
6196,0.25
6197,0.75
6198,-0.75
6199,-0.75
6200,-0.75
6201,0.25
6202,-0.25
6203,-1.25
6204,-0.75
6205,0.25
6206,3.75
6207,0.25
6208,2.75
6209,-0.25
6210,-0.25
6211,-0.75
6212,1.25
6213,-0.75
6214,1.75
6215,0.75
6216,1.75
6217,-0.75
6218,-0.75
6219,-0.25
6220,-0.75
6221,-0.75
6222,0.75
6223,0.75
6224,-1.25
6225,-0.25
6226,0.25
6227,-0.75
6228,-0.75
6229,2.75
6230,-0.75
6231,-0.75
6232,-0.25
6233,-0.75
6234,-0.25
6235,-0.25
6236,-1.25
6237,-0.75
6238,-0.25
6239,-0.75
6240,1.25
6241,-0.75
6242,-0.25
6243,-0.75
6244,0.25
6245,-0.25
6246,-0.75
6247,-0.25
6248,0.75
6249,-0.25
6250,-0.75
6251,0.25
6252,-0.75
6253,7.75
6254,-0.75
6255,0.25
6256,0.75
6257,-0.25
6258,-0.25
6259,-0.25
6260,2.75
6261,-0.25
6262,-0.75
6263,2.75
6264,0.75
6265,-0.75
6266,2.25
6267,-0.75
6268,-0.25
6269,-0.75
6270,0.25
6271,-0.75
6272,-0.25
6273,-0.75
6274,-0.75
6275,-0.75
6276,-0.25
6277,-0.75
6278,-1.25
6279,-0.75
6280,0.25
6281,-0.25
6282,-0.25
6283,-0.75
6284,-0.75
6285,-0.75
6286,-0.25
6287,-0.75
6288,-0.75
6289,0.25
6290,-0.75
6291,0.25
6292,0.25
6293,-0.25
6294,-0.75
6295,-0.75
6296,-0.25
6297,-0.25
6298,0.25
6299,0.75
6300,1.25
6301,-0.75
6302,-0.25
6303,0.25
6304,-0.75
6305,-1.25
6306,2.75
6307,2.25
6308,-0.25
6309,0.25
6310,1.75
6311,0.75
6312,-0.75
6313,0.75
6314,-0.25
6315,1.75
6316,1.75
6317,-0.75
6318,1.25
6319,1.75
6320,-0.75
6321,0.25
6322,0.75
6323,1.25
6324,-0.25
6325,0.25
6326,-0.75
6327,-0.25
6328,-0.75
6329,0.25
6330,-0.75
6331,-0.75
6332,-0.75
6333,-0.25
6334,-0.25
6335,3.75
6336,-1.25
6337,0.75
6338,-1.25
6339,-0.25
6340,-1.25
6341,-0.25
6342,-0.75
6343,-0.25
6344,-0.25
6345,0.75
6346,-1.25
6347,0.25
6348,-0.75
6349,1.75
6350,6.75
6351,-0.75
6352,2.25
6353,0.25
6354,-0.75
6355,-0.75
6356,-0.25
6357,2.75
6358,-1.25
6359,-0.25
6360,-0.25
6361,0.25
6362,-0.75
6363,-0.25
6364,2.25
6365,-0.75
6366,-0.25
6367,0.25
6368,0.75
6369,-0.25
6370,-0.75
6371,1.75
6372,0.25
6373,2.25
6374,-0.25
6375,0.25
6376,0.25
6377,-0.75
6378,-0.75
6379,-0.75
6380,0.75
6381,-0.75
6382,2.75
6383,0.25
6384,6.75
6385,1.75
6386,-0.25
6387,-0.75
6388,0.75
6389,-0.75
6390,6.75
6391,2.75
6392,2.75
6393,0.75
6394,0.75
6395,2.25
6396,-0.75
6397,0.25
6398,-0.25
6399,2.25
6400,2.75
6401,-0.75
6402,-0.75
6403,0.75
6404,-0.25
6405,-0.75
6406,1.25
6407,-1.25
6408,-0.25
6409,-0.75
6410,-0.75
6411,1.25
6412,1.25
6413,3.25
6414,2.25
6415,3.75
6416,-0.75
6417,1.75
6418,-1.25
6419,9.75
6420,0.25
6421,-0.25
6422,1.75
6423,-0.75
6424,1.75
6425,-0.75
6426,-0.75
6427,0.75
6428,-0.25
6429,-0.25
6430,-0.75
6431,-0.75
6432,0.25
6433,2.25
6434,-0.75
6435,1.25
6436,10.75
6437,-1.25
6438,-0.25
6439,-0.75
6440,-0.25
6441,0.25
6442,2.25
6443,0.25
6444,1.75
6445,-0.25
6446,-0.75
6447,0.25
6448,-0.25
6449,-1.25
6450,-0.25
6451,0.75
6452,0.75
6453,-0.75
6454,1.75
6455,-0.75
6456,-0.75
6457,1.75
6458,0.25
6459,0.25
6460,0.75
6461,2.25
6462,-0.25
6463,3.25
6464,-0.25
6465,-0.25
6466,-0.75
6467,-0.25
6468,-0.25
6469,0.75
6470,0.75
6471,-0.75
6472,-1.25
6473,0.25
6474,0.75
6475,-0.25
6476,-1.25
6477,-0.75
6478,0.75
6479,-0.75
6480,-0.75
6481,-0.25
6482,0.25
6483,1.25
6484,-0.25
6485,0.75
6486,0.25
6487,0.25
6488,-0.25
6489,9.75
6490,-0.75
6491,-0.75
6492,-0.75
6493,-0.25
6494,-0.25
6495,0.25
6496,-0.25
6497,1.75
6498,2.75
6499,-1.25
6500,-2.25
6501,0.75
6502,-0.75
6503,-0.25
6504,0.25
6505,-0.25
6506,-0.75
6507,0.75
6508,-0.25
6509,3.25
6510,0.25
6511,-0.75
6512,-1.25
6513,-0.75
6514,-0.25
6515,-0.25
6516,-0.25
6517,27.75
6518,4.25
6519,1.25
6520,3.75
6521,0.75
6522,1.25
6523,-0.25
6524,2.75
6525,0.75
6526,-0.75
6527,-0.75
6528,-1.25
6529,-1.25
6530,-0.75
6531,0.25
6532,0.75
6533,-0.25
6534,0.75
6535,0.75
6536,-0.75
6537,1.75
6538,-0.75
6539,-0.25
6540,1.75
6541,3.25
6542,0.25
6543,-0.75
6544,0.75
6545,-0.25
6546,-0.75
6547,-0.75
6548,-0.25
6549,0.75
6550,0.25
6551,0.25
6552,-0.75
6553,-0.25
6554,0.25
6555,5.75
6556,-0.75
6557,-0.25
6558,-0.75
6559,-0.25
6560,-1.25
6561,-0.25
6562,0.75
6563,6.25
6564,0.25
6565,0.75
6566,2.75
6567,0.25
6568,2.25
6569,-1.25
6570,8.75
6571,-0.75
6572,0.25
6573,0.25
6574,0.25
6575,-0.25
6576,0.25
6577,1.75
6578,-0.25
6579,-0.25
6580,0.25
6581,9.75
6582,0.25
6583,-0.25
6584,0.75
6585,0.75
6586,6.75
6587,0.75
6588,0.25
6589,-1.25
6590,0.25
6591,2.75
6592,1.75
6593,-0.25
6594,1.75
6595,0.75
6596,-0.75
6597,0.25
6598,-0.75
6599,-0.25
6600,-0.75
6601,0.75
6602,0.75
6603,-0.25
6604,2.25
6605,-0.25
6606,-0.25
6607,1.75
6608,0.75
6609,3.25
6610,0.25
6611,0.25
6612,0.25
6613,-0.25
6614,0.25
6615,-0.75
6616,2.25
6617,3.25
6618,-0.75
6619,-0.75
6620,0.25
6621,-0.25
6622,1.75
6623,-0.25
6624,1.75
6625,-0.25
6626,-0.75
6627,-0.25
6628,-0.25
6629,7.75
6630,-0.75
6631,0.25
6632,-0.25
6633,3.25
6634,0.25
6635,-0.75
6636,0.75
6637,0.75
6638,-0.25
6639,-0.75
6640,1.75
6641,1.25
6642,1.75
6643,0.25
6644,-0.25
6645,4.75
6646,5.25
6647,1.75
6648,0.25
6649,8.75
6650,1.25
6651,0.25
6652,0.25
6653,0.75
6654,-0.25
6655,0.25
6656,0.75
6657,0.25
6658,2.75
6659,0.25
6660,4.25
6661,0.25
6662,3.75
6663,1.75
6664,2.25
6665,2.75
6666,0.75
6667,-0.25
6668,-0.75
6669,2.25
6670,-0.75
6671,-0.75
6672,0.75
6673,-0.75
6674,-0.75
6675,1.25
6676,-0.25
6677,-0.25
6678,0.75
6679,-0.75
6680,1.25
6681,-0.25
6682,-0.75
6683,-0.25
6684,2.25
6685,-0.25
6686,3.25
6687,0.25
6688,1.25
6689,-0.75
6690,-1.25
6691,0.75
6692,1.25
6693,0.25
6694,5.75
6695,2.25
6696,-1.25
6697,0.75
6698,4.25
6699,-0.25
6700,0.25
6701,0.75
6702,0.75
6703,-0.25
6704,6.25
6705,0.25
6706,-0.25
6707,0.25
6708,0.25
6709,5.75
6710,0.75
6711,-0.75
6712,1.25
6713,-1.25
6714,-0.25
6715,13.75
6716,-0.25
6717,-0.25
6718,4.75
6719,-0.25
6720,-0.75
6721,-0.75
6722,4.75
6723,-0.25
6724,5.75
6725,1.25
6726,1.75
6727,0.25
6728,16.75
6729,0.75
6730,0.25
6731,-0.75
6732,1.25
6733,4.75
6734,0.25
6735,-0.75
6736,-0.25
6737,0.75
6738,1.75
6739,1.75
6740,3.75
6741,-0.75
6742,-0.25
6743,-0.25
6744,0.75
6745,5.25
6746,-0.25
6747,-0.75
6748,-0.75
6749,0.25
6750,0.25
6751,3.25
6752,1.25
6753,-0.75
6754,3.25
6755,5.75
6756,0.75
6757,-0.75
6758,18.75
6759,1.75
6760,7.75
6761,-0.75
6762,4.25
6763,0.25
6764,-0.75
6765,1.75
6766,2.75
6767,0.25
6768,-0.75
6769,3.25
6770,-0.25
6771,1.75
6772,-0.25
6773,1.75
6774,0.75
6775,0.75
6776,7.25
6777,-1.25
6778,1.75
6779,6.25
6780,3.75
6781,2.25
6782,0.25
6783,1.25
6784,14.75
6785,0.75
6786,1.25
6787,1.75
6788,1.25
6789,-0.25
6790,-0.25
6791,-1.25
6792,0.75
6793,0.75
6794,-0.25
6795,4.75
6796,0.75
6797,-0.75
6798,2.25
6799,-0.25
6800,1.75
6801,4.75
6802,-0.25
6803,-0.75
6804,-0.75
6805,-0.25
6806,-0.75
6807,0.75
6808,-0.75
6809,1.75
6810,2.75
6811,13.75
6812,-0.25
6813,0.25
6814,-0.25
6815,-0.25
6816,-0.75
6817,-0.25
6818,2.25
6819,0.25
6820,-0.25
6821,2.75
6822,-0.75
6823,-0.25
6824,1.25
6825,3.75
6826,-0.75
6827,1.25
6828,0.75
6829,-0.75
6830,-0.25
6831,-0.75
6832,-0.75
6833,-0.25
6834,11.75
6835,5.25
6836,-0.25
6837,2.25
6838,0.75
6839,0.75
6840,2.25
6841,1.75
6842,-0.25
6843,9.75
6844,4.75
6845,-0.25
6846,-0.75
6847,-0.75
6848,2.25
6849,5.75
6850,-0.25
6851,-0.75
6852,3.75
6853,-0.75
6854,0.25
6855,-0.75
6856,7.75
6857,-0.75
6858,2.25
6859,1.25
6860,2.75
6861,0.75
6862,0.75
6863,-0.25
6864,2.25
6865,-0.75
6866,-0.75
6867,0.75
6868,1.25
6869,6.25
6870,0.75
6871,-0.25
6872,0.25
6873,17.75
6874,0.75
6875,-1.25
6876,-0.25
6877,1.75
6878,2.75
6879,0.25
6880,-0.25
6881,4.25
6882,5.25
6883,3.75
6884,-0.75
6885,-0.75
6886,0.75
6887,-0.75
6888,7.75
6889,-0.75
6890,0.75
6891,0.25
6892,1.25
6893,1.75
6894,0.75
6895,6.75
6896,1.75
6897,0.25
6898,1.75
6899,13.75
6900,2.75
6901,-0.25
6902,1.75
6903,3.75
6904,-0.25
6905,3.75
6906,-0.25
6907,2.25
6908,2.75
6909,2.25
6910,3.25
6911,2.25
6912,3.75
6913,11.25
6914,0.75
6915,7.75
6916,0.75
6917,0.75
6918,-0.75
6919,2.75
6920,-0.75
6921,10.75
6922,-0.75
6923,2.25
6924,3.25
6925,0.25
6926,-0.25
6927,12.75
6928,-0.25
6929,1.25
6930,0.75
6931,1.25
6932,8.25
6933,4.75
6934,0.75
6935,0.75
6936,0.25
6937,3.25
6938,0.75
6939,0.75
6940,1.75
6941,0.75
6942,-0.25
6943,0.25
6944,-0.25
6945,0.25
6946,4.75
6947,0.25
6948,0.25
6949,1.25
6950,-0.25
6951,-0.75
6952,10.75
6953,-0.75
6954,-0.25
6955,10.25
6956,18.75
6957,0.25
6958,0.25
6959,4.75
6960,8.75
6961,-0.25
6962,5.75
6963,9.75
6964,2.75
6965,9.75
6966,-1.25
6967,1.25
6968,6.75
6969,3.25
6970,0.75
6971,8.25
6972,6.75
6973,4.75
6974,2.75
6975,7.75
6976,-0.75
6977,-0.25
6978,-0.75
6979,3.75
6980,-0.75
6981,1.75
6982,3.75
6983,5.75
6984,3.75
6985,7.75
6986,2.75
6987,0.75
6988,0.75
6989,0.75
6990,0.75
6991,1.25
6992,0.75
6993,3.75
6994,2.75
6995,0.25
6996,-0.75
6997,-0.75
6998,0.75
6999,-0.25
7000,1.75
7001,-0.25
7002,3.75
7003,2.75
7004,4.25
7005,5.25
7006,7.25
7007,7.75
7008,-0.75
7009,-0.25
7010,-0.25
7011,10.0
7012,8.25
7013,-0.25
7014,4.75
7015,-0.25
7016,-0.75
7017,2.75
7018,-0.75
7019,5.25
7020,0.75
7021,5.75
7022,-0.25
7023,-0.25
7024,2.25
7025,1.75
7026,3.75
7027,1.75
7028,8.25
7029,1.25
7030,1.25
7031,9.75
7032,3.25
7033,1.75
7034,0.25
7035,1.25
7036,-0.75
7037,0.75
7038,0.25
7039,-1.25
7040,2.25
7041,-0.75
7042,4.25
7043,-15.25
7044,4.25
7045,-0.25
7046,2.25
7047,2.75
7048,1.25
7049,6.25
7050,41.0
7051,5.25
7052,0.25
7053,1.75
7054,-0.25
7055,15.75
7056,4.25
7057,1.75
7058,-0.25
7059,2.25
7060,3.75
7061,-1.25
7062,1.75
7063,1.75
7064,-0.25
7065,1.75
7066,6.75
7067,1.25
7068,-0.75
7069,0.25
7070,-0.25
7071,-0.75
7072,0.75
7073,-0.75
7074,4.75
7075,9.0
7076,-2.25
7077,2.75
7078,20.25
7079,2.75
7080,7.75
7081,0.75
7082,36.0
7083,1.75
7084,3.75
7085,4.75
7086,-0.25
7087,2.25
7088,2.25
7089,8.75
7090,-0.25
7091,3.75
7092,-0.25
7093,2.75
7094,6.25
7095,0.75
7096,-0.75
7097,8.25
7098,9.25
7099,24.0
7100,1.25
7101,2.75
7102,32.0
7103,-0.75
7104,0.25
7105,22.75
7106,-0.25
7107,1.75
7108,-0.25
7109,11.75
7110,4.25
7111,9.25
7112,2.25
7113,7.75
7114,1.75
7115,7.25
7116,13.0
7117,5.75
7118,3.75
7119,0.25
7120,0.75
7121,5.25
7122,0.25
7123,0.75
7124,6.25
7125,0.25
7126,2.75
7127,1.25
7128,4.75
7129,-0.75
7130,22.0
7131,-0.75
7132,10.0
7133,4.75
7134,11.75
7135,16.0
7136,3.25
7137,-0.25
7138,0.75
7139,6.75
7140,-1.25
7141,7.25
7142,10.75
7143,-7.25
7144,19.75
7145,4.25
7146,14.0
7147,5.25
7148,10.75
7149,2.75
7150,0.75
7151,4.25
7152,8.25
7153,4.75
7154,7.75
7155,6.75
7156,4.25
7157,-0.75
7158,10.75
7159,42.0
7160,13.25
7161,1.25
7162,7.25
7163,51.0
7164,3.75
7165,1.75
7166,-0.75
7167,-0.75
7168,1.25
7169,8.75
7170,1.25
7171,3.25
7172,5.25
7173,2.75
7174,1.25
7175,5.25
7176,5.75
7177,2.75
7178,7.75
7179,-0.75
7180,1.75
7181,-0.25
7182,3.25
7183,5.75
7184,2.75
7185,10.75
7186,19.75
7187,3.75
7188,10.75
7189,11.25
7190,9.75
7191,2.25
7192,0.75
7193,3.75
7194,0.75
7195,8.25
7196,-0.25
7197,-0.75
7198,8.75
7199,-4.25
7200,1.25
7201,6.25
7202,38.0
7203,16.75
7204,10.75
7205,3.25
7206,2.75
7207,16.75
7208,4.75
7209,0.25
7210,0.25
7211,1.75
7212,7.75
7213,1.75
7214,4.25
7215,9.75
7216,-0.25
7217,4.25
7218,7.25
7219,4.25
7220,-0.25
7221,-3.25
7222,11.0
7223,-3.25
7224,22.0
7225,23.0
7226,20.25
7227,1.25
7228,11.75
7229,7.25
7230,9.25
7231,-0.25
7232,9.25
7233,46.0
7234,2.25
7235,0.75
7236,6.75
7237,14.75
7238,5.25
7239,6.25
7240,28.0
7241,1.25
7242,28.0
7243,1.75
7244,6.25
7245,6.75
7246,23.75
7247,3.25
7248,6.75
7249,11.25
7250,11.25
7251,-0.75
7252,2.25
7253,0.75
7254,4.25
7255,-0.25
7256,-0.25
7257,6.25
7258,1.25
7259,2.25
7260,12.0
7261,-0.25
7262,12.25
7263,0.75
7264,6.25
7265,2.75
7266,2.75
7267,9.25
7268,6.75
7269,12.5
7270,-0.25
7271,12.75
7272,14.25
7273,3.75
7274,14.25
7275,9.0
7276,0.75
7277,-0.25
7278,5.75
7279,12.75
7280,0.25
7281,3.75
7282,25.75
7283,11.5
7284,7.25
7285,4.25
7286,5.75
7287,3.25
7288,39.0
7289,4.25
7290,36.0
7291,0.75
7292,3.25
7293,9.0
7294,24.75
7295,6.75
7296,13.75
7297,37.0
7298,13.75
7299,6.75
7300,-0.25
7301,0.25
7302,17.75
7303,4.25
7304,5.75
7305,7.25
7306,12.25
7307,-0.75
7308,2.75
7309,32.75
7310,5.75
7311,6.25
7312,6.25
7313,1.25
7314,35.0
7315,7.75
7316,17.25
7317,18.25
7318,9.25
7319,12.25
7320,17.0
7321,9.75
7322,17.75
7323,3.75
7324,4.75
7325,14.25
7326,13.25
7327,9.0
7328,9.25
7329,3.25
7330,27.0
7331,1.25
7332,11.75
7333,-1.25
7334,7.75
7335,-0.75
7336,11.25
7337,13.25
7338,26.25
7339,27.0
7340,13.75
7341,10.25
7342,3.25
7343,15.5
7344,11.25
7345,-0.25
7346,3.25
7347,5.75
7348,-0.75
7349,2.75
7350,1.75
7351,9.0
7352,1.75
7353,13.75
7354,7.25
7355,9.25
7356,5.75
7357,37.25
7358,21.25
7359,28.0
7360,9.0
7361,12.0
7362,7.75
7363,31.0
7364,39.0
7365,20.5
7366,7.25
7367,0.75
7368,41.0
7369,16.5
7370,12.0
7371,-1.25
7372,20.25
7373,31.25
7374,4.25
7375,9.25
7376,20.25
7377,-0.75
7378,21.0
7379,0.25
7380,7.25
7381,3.25
7382,1.25
7383,10.25
7384,0.75
7385,46.0
7386,4.75
7387,12.25
7388,11.25
7389,25.75
7390,7.75
7391,34.0
7392,6.25
7393,29.75
7394,24.5
7395,29.0
7396,12.0
7397,27.0
7398,17.5
7399,8.75
7400,14.25
7401,29.5
7402,22.0
7403,9.75
7404,8.25
7405,-0.25
7406,11.75
7407,7.25
7408,20.5
7409,17.0
7410,18.5
7411,21.5
7412,14.25
7413,17.75
7414,29.75
7415,5.75
7416,42.5
7417,4.75
7418,3.25
7419,18.25
7420,14.0
7421,7.75
7422,4.75
7423,12.75
7424,10.0
7425,19.5
7426,18.25
7427,9.25
7428,3.75
7429,6.75
7430,1.25
7431,34.0
7432,14.25
7433,5.75
7434,22.0
7435,14.75
7436,33.0
7437,18.25
7438,11.0
7439,17.75
7440,13.25
7441,9.75
7442,2.75
7443,13.5
7444,0.25
7445,7.25
7446,38.5
7447,19.25
7448,33.75
7449,10.0
7450,1.75
7451,-0.25
7452,4.25
7453,34.0
7454,13.0
7455,1.25
7456,11.75
7457,22.0
7458,17.0
7459,16.0
7460,63.0
7461,16.5
7462,19.0
7463,13.0
7464,9.0
7465,13.5
7466,24.5
7467,29.0
7468,3.75
7469,10.25
7470,1.25
7471,19.25
7472,31.0
7473,19.5
7474,21.75
7475,23.5
7476,1.75
7477,14.0
7478,13.75
7479,55.75
7480,11.75
7481,16.75
7482,38.0
7483,8.75
7484,0.75
7485,4.25
7486,2.25
7487,-6.25
7488,15.5
7489,14.0
7490,29.0
7491,15.5
7492,19.0
7493,17.5
7494,13.5
7495,10.5
7496,18.0
7497,21.0
7498,-25.0
7499,22.5
7500,10.5
7501,9.0
7502,8.25
7503,7.75
7504,31.0
7505,16.5
7506,-11.25
7507,10.5
7508,15.75
7509,10.25
7510,9.0
7511,38.0
7512,5.75
7513,34.0
7514,37.0
7515,28.75
7516,10.5
7517,10.5
7518,21.0
7519,1.75
7520,1.75
7521,19.5
7522,47.75
7523,23.5
7524,33.25
7525,12.0
7526,30.5
7527,-0.75
7528,29.0
7529,4.75
7530,7.25
7531,35.0
7532,29.0
7533,21.0
7534,23.5
7535,25.25
7536,19.0
7537,38.0
7538,26.0
7539,27.0
7540,51.0
7541,32.5
7542,15.75
7543,17.75
7544,12.0
7545,15.5
7546,6.25
7547,29.0
7548,15.0
7549,15.0
7550,5.75
7551,3.25
7552,5.75
7553,25.5
7554,15.5
7555,16.75
7556,10.5
7557,1.25
7558,15.75
7559,15.0
7560,10.5
7561,3.25
7562,21.5
7563,11.75
7564,37.0
7565,26.0
7566,14.0
7567,37.75
7568,16.75
7569,24.0
7570,10.25
7571,10.5
7572,8.25
7573,12.0
7574,10.0
7575,5.25
7576,-7.25
7577,29.75
7578,12.0
7579,28.25
7580,-14.25
7581,8.75
7582,10.0
7583,15.5
7584,3.75
7585,13.0
7586,6.75
7587,35.5
7588,19.5
7589,35.0
7590,35.0
7591,11.0
7592,23.5
7593,-3.25
7594,20.0
7595,85.0
7596,19.25
7597,25.25
7598,8.25
7599,49.0
7600,11.5
7601,14.0
7602,24.0
7603,0.25
7604,16.5
7605,49.0
7606,15.5
7607,33.0
7608,12.0
7609,9.0
7610,35.0
7611,9.75
7612,18.25
7613,13.0
7614,13.0
7615,18.5
7616,13.5
7617,23.5
7618,52.0
7619,28.25
7620,35.0
7621,19.0
7622,7.75
7623,6.25
7624,16.0
7625,19.75
7626,14.5
7627,-33.25
7628,21.0
7629,13.0
7630,35.5
7631,6.75
7632,9.0
7633,-3.0
7634,18.5
7635,37.0
7636,17.75
7637,8.75
7638,21.5
7639,14.0
7640,12.5
7641,25.5
7642,7.25
7643,26.25
7644,23.0
7645,14.75
7646,9.25
7647,11.75
7648,19.5
7649,17.0
7650,11.75
7651,9.0
7652,0.75
7653,17.5
7654,26.5
7655,26.0
7656,3.75
7657,26.75
7658,24.5
7659,15.5
7660,20.0
7661,24.0
7662,42.0
7663,18.0
7664,13.25
7665,16.5
7666,28.0
7667,12.75
7668,17.0
7669,28.0
7670,20.0
7671,15.5
7672,18.0
7673,16.0
7674,50.0
7675,26.0
7676,20.5
7677,5.75
7678,12.75
7679,27.0
7680,4.25
7681,14.5
7682,13.5
7683,15.75
7684,0.75
7685,21.0
7686,35.0
7687,17.0
7688,30.5
7689,3.25
7690,35.0
7691,13.0
7692,15.25
7693,20.0
7694,16.0
7695,35.0
7696,8.25
7697,12.75
7698,20.0
7699,16.0
7700,13.5
7701,13.0
7702,11.0
7703,20.5
7704,21.5
7705,21.5
7706,2.25
7707,-0.25
7708,0.25
7709,13.0
7710,9.0
7711,22.0
7712,14.5
7713,18.5
7714,14.0
7715,14.0
7716,13.5
7717,11.0
7718,21.25
7719,14.5
7720,10.5
7721,31.5
7722,10.5
7723,21.5
7724,21.0
7725,12.5
7726,23.5
7727,4.75
7728,34.5
7729,16.0
7730,6.75
7731,16.0
7732,30.0
7733,18.0
7734,15.5
7735,33.5
7736,22.0
7737,11.0
7738,13.0
7739,13.0
7740,9.0
7741,14.0
7742,21.0
7743,12.5
7744,57.0
7745,17.0
7746,30.0
7747,16.5
7748,13.5
7749,19.5
7750,16.5
7751,6.75
7752,29.5
7753,53.5
7754,22.0
7755,22.5
7756,12.0
7757,9.5
7758,22.0
7759,26.5
7760,24.5
7761,25.0
7762,7.5
7763,21.5
7764,24.0
7765,33.0
7766,14.5
7767,23.5
7768,34.5
7769,36.0
7770,24.0
7771,43.0
7772,36.0
7773,26.5
7774,11.5
7775,51.0
7776,9.0
7777,12.5
7778,18.0
7779,14.5
7780,14.0
7781,10.5
7782,12.5
7783,25.0
7784,9.5
7785,18.5
7786,7.75
7787,19.5
7788,20.0
7789,13.5
7790,7.75
7791,41.5
7792,12.0
7793,-15.25
7794,10.25
7795,18.5
7796,52.5
7797,-2.25
7798,24.25
7799,11.0
7800,19.75
7801,40.0
7802,18.5
7803,12.0
7804,18.75
7805,15.75
7806,25.0
7807,2.75
7808,10.5
7809,7.75
7810,17.5
7811,24.0
7812,21.0
7813,27.5
7814,11.5
7815,25.0
7816,30.0
7817,14.5
7818,10.25
7819,14.5
7820,19.5
7821,4.25
7822,12.0
7823,0.75
7824,81.0
7825,17.5
7826,17.0
7827,14.75
7828,18.0
7829,14.0
7830,15.5
7831,-0.25
7832,47.0
7833,-17.25
7834,25.0
7835,12.0
7836,26.5
7837,13.5
7838,-7.25
7839,9.5
7840,23.5
7841,12.0
7842,12.5
7843,0.75
7844,14.5
7845,11.0
7846,29.75
7847,15.5
7848,12.0
7849,15.75
7850,19.5
7851,12.75
7852,15.5
7853,13.0
7854,2.75
7855,37.0
7856,18.5
7857,17.5
7858,13.0
7859,15.0
7860,22.0
7861,18.0
7862,13.5
7863,13.0
7864,28.0
7865,5.25
7866,38.5
7867,9.0
7868,34.75
7869,13.0
7870,29.0
7871,23.0
7872,27.0
7873,23.0
7874,10.5
7875,12.5
7876,25.5
7877,8.25
7878,24.5
7879,31.0
7880,26.75
7881,10.5
7882,21.0
7883,22.0
7884,14.5
7885,9.25
7886,11.0
7887,22.75
7888,26.25
7889,10.5
7890,26.5
7891,14.5
7892,17.5
7893,26.0
7894,30.5
7895,2.25
7896,13.5
7897,11.0
7898,16.25
7899,9.0
7900,20.0
7901,16.0
7902,0.75
7903,12.5
7904,33.0
7905,12.5
7906,10.5
7907,2.25
7908,21.5
7909,11.0
7910,-50.0
7911,21.0
7912,19.0
7913,21.5
7914,9.0
7915,8.0
7916,24.0
7917,0.25
7918,10.0
7919,-5.25
7920,9.25
7921,41.5
7922,43.75
7923,20.0
7924,16.5
7925,-44.0
7926,18.5
7927,29.5
7928,22.0
7929,11.5
7930,31.5
7931,13.0
7932,14.0
7933,9.0
7934,10.5
7935,26.5
7936,12.0
7937,14.5
7938,22.75
7939,40.0
7940,0.25
7941,28.25
7942,-0.25
7943,7.75
7944,9.0
7945,13.0
7946,11.75
7947,18.0
7948,17.25
7949,16.25
7950,5.25
7951,7.75
7952,1.75
7953,9.75
7954,21.0
7955,1.25
7956,7.25
7957,16.25
7958,0.75
7959,5.5
7960,12.25
7961,19.75
7962,31.5
7963,30.0
7964,7.25
7965,20.0
7966,12.0
7967,26.0
7968,16.75
7969,13.5
7970,7.0
7971,21.5
7972,3.25
7973,10.25
7974,1.75
7975,2.75
7976,7.25
7977,13.0
7978,4.25
7979,7.75
7980,13.5
7981,18.25
7982,3.25
7983,26.0
7984,16.75
7985,4.25
7986,4.75
7987,-9.25
7988,39.0
7989,39.75
7990,9.75
7991,38.0
7992,6.75
7993,14.5
7994,15.0
7995,40.5
7996,36.5
7997,17.0
7998,39.0
7999,12.25
8000,24.25
8001,9.0
8002,2.75
8003,21.5
8004,41.0
8005,15.0
8006,20.5
8007,35.0
8008,13.25
8009,19.0
8010,12.5
8011,12.75
8012,18.5
8013,9.25
8014,36.0
8015,22.5
8016,10.25
8017,18.5
8018,0.75
8019,12.25
8020,21.25
8021,26.0
8022,14.5
8023,19.5
8024,20.25
8025,12.0
8026,0.75
8027,36.5
8028,11.75
8029,4.75
8030,1.25
8031,11.75
8032,16.25
8033,13.25
8034,12.25
8035,19.0
8036,7.75
8037,8.75
8038,35.0
8039,21.25
8040,8.25
8041,0.75
8042,10.75
8043,1.75
8044,6.25
8045,9.0
8046,5.25
8047,40.0
8048,36.0
8049,13.5
8050,14.25
8051,39.0
8052,33.0
8053,40.0
8054,6.75
8055,3.25
8056,0.75
8057,22.75
8058,0.75
8059,10.0
8060,48.0
8061,12.0
8062,41.0
8063,18.5
8064,12.25
8065,21.0
8066,3.25
8067,15.5
8068,21.5
8069,18.5
8070,15.25
8071,8.25
8072,9.0
8073,-3.25
8074,20.0
8075,19.5
8076,8.25
8077,39.0
8078,3.25
8079,12.0
8080,11.25
8081,32.0
8082,20.0
8083,14.0
8084,10.0
8085,24.75
8086,6.25
8087,31.0
8088,15.5
8089,17.25
8090,19.5
8091,34.0
8092,13.75
8093,66.0
8094,1.75
8095,25.75
8096,21.0
8097,21.5
8098,0.75
8099,20.0
8100,23.0
8101,14.5
8102,14.0
8103,30.0
8104,8.5
8105,22.75
8106,50.0
8107,13.25
8108,9.75
8109,13.0
8110,9.0
8111,15.25
8112,26.5
8113,20.5
8114,11.0
8115,14.0
8116,23.0
8117,7.5
8118,24.0
8119,12.0
8120,19.5
8121,8.75
8122,10.75
8123,11.5
8124,22.0
8125,6.25
8126,15.25
8127,48.25
8128,7.25
8129,12.0
8130,30.0
8131,11.0
8132,15.0
8133,13.0
8134,13.0
8135,18.0
8136,21.75
8137,25.75
8138,17.5
8139,10.75
8140,13.0
8141,35.0
8142,21.0
8143,18.25
8144,9.0
8145,9.0
8146,14.5
8147,22.5
8148,10.0
8149,31.25
8150,11.5
8151,19.0
8152,38.0
8153,34.0
8154,21.0
8155,35.25
8156,10.0
8157,12.75
8158,8.75
8159,4.75
8160,41.0
8161,26.0
8162,4.75
8163,13.0
8164,26.0
8165,11.5
8166,13.5
8167,13.5
8168,49.0
8169,18.5
8170,24.0
8171,9.0
8172,12.0
8173,22.0
8174,15.5
8175,11.0
8176,13.0
8177,18.5
8178,14.0
8179,12.0
8180,11.5
8181,11.0
8182,24.5
8183,16.75
8184,29.5
8185,11.0
8186,0.75
8187,23.0
8188,33.0
8189,0.75
8190,19.0
8191,23.5
8192,19.0
8193,10.5
8194,20.0
8195,10.5
8196,9.0
8197,0.75
8198,15.25
8199,10.0
8200,16.0
8201,8.25
8202,20.5
8203,14.5
8204,8.0
8205,0.25
8206,46.0
8207,44.5
8208,10.0
8209,11.0
8210,12.5
8211,29.0
8212,9.0
8213,14.5
8214,31.5
8215,13.0
8216,16.5
8217,25.0
8218,11.5
8219,9.0
8220,12.5
8221,12.0
8222,23.5
8223,11.0
8224,0.75
8225,-7.25
8226,12.5
8227,13.0
8228,32.0
8229,44.0
8230,29.0
8231,20.5
8232,10.75
8233,52.0
8234,21.5
8235,9.25
8236,0.75
8237,57.0
8238,16.5
8239,0.75
8240,22.5
8241,0.75
8242,56.0
8243,37.0
8244,27.5
8245,21.0
8246,13.5
8247,11.5
8248,13.25
8249,40.0
8250,9.75
8251,12.5
8252,12.75
8253,8.0
8254,10.25
8255,10.25
8256,23.75
8257,23.5
8258,2.25
8259,7.75
8260,16.5
8261,56.0
8262,9.75
8263,31.0
8264,21.25
8265,22.75
8266,3.25
8267,26.0
8268,8.25
8269,11.0
8270,2.75
8271,26.25
8272,23.5
8273,18.5
8274,30.0
8275,23.5
8276,34.0
8277,28.5
8278,21.0
8279,1.75
8280,29.25
8281,17.5
8282,13.25
8283,9.75
8284,19.25
8285,20.0
8286,38.0
8287,8.75
8288,23.0
8289,22.5
8290,0.75
8291,19.0
8292,41.5
8293,31.0
8294,13.25
8295,18.5
8296,12.5
8297,124.0
8298,4.25
8299,18.0
8300,22.0
8301,16.5
8302,34.0
8303,7.75
8304,21.0
8305,16.5
8306,14.5
8307,20.5
8308,4.75
8309,10.5
8310,0.25
8311,26.5
8312,15.0
8313,20.0
8314,21.5
8315,19.0
8316,33.0
8317,25.0
8318,10.5
8319,14.0
8320,15.0
8321,1.75
8322,6.25
8323,6.75
8324,9.0
8325,12.0
8326,9.0
8327,10.0
8328,9.0
8329,35.0
8330,20.5
8331,23.5
8332,16.5
8333,13.0
8334,10.5
8335,7.25
8336,12.25
8337,6.75
8338,30.5
8339,6.75
8340,19.5
8341,23.0
8342,14.0
8343,16.0
8344,18.75
8345,14.5
8346,51.0
8347,15.5
8348,13.5
8349,6.75
8350,26.0
8351,18.0
8352,37.0
8353,15.5
8354,16.75
8355,11.25
8356,12.0
8357,11.0
8358,9.0
8359,18.0
8360,11.0
8361,28.5
8362,11.0
8363,22.0
8364,34.5
8365,34.0
8366,11.0
8367,30.75
8368,16.0
8369,18.5
8370,19.5
8371,12.5
8372,22.0
8373,-1.25
8374,13.5
8375,28.0
8376,7.75
8377,32.5
8378,11.0
8379,18.0
8380,18.5
8381,14.0
8382,11.0
8383,19.5
8384,40.0
8385,11.5
8386,11.5
8387,37.0
8388,20.5
8389,22.0
8390,9.5
8391,17.5
8392,26.5
8393,19.5
8394,10.75
8395,0.75
8396,0.75
8397,2.25
8398,15.5
8399,-0.75
8400,2.25
8401,5.25
8402,2.25
8403,8.75
8404,10.75
8405,-0.25
8406,-0.25
8407,-0.25
8408,3.25
8409,0.75
8410,2.25
8411,1.25
8412,0.75
8413,0.25
8414,4.25
8415,5.75
8416,2.75
8417,7.75
8418,2.25
8419,-0.75
8420,-0.25
8421,0.75
8422,3.25
8423,1.75
8424,6.25
8425,0.25
8426,0.25
8427,0.25
8428,-0.25
8429,4.75
8430,2.25
8431,2.25
8432,34.75
8433,0.75
8434,-0.75
8435,6.75
8436,1.25
8437,-0.25
8438,1.25
8439,1.75
8440,2.75
8441,6.25
8442,6.25
8443,0.25
8444,6.25
8445,7.75
8446,-0.25
8447,8.25
8448,4.25
8449,5.75
8450,10.75
8451,6.25
8452,0.75
8453,26.0
8454,1.75
8455,0.25
8456,1.75
8457,-0.25
8458,3.25
8459,0.75
8460,2.25
8461,2.25
8462,0.25
8463,8.25
8464,2.25
8465,6.75
8466,1.25
8467,-0.75
8468,0.25
8469,2.25
8470,0.25
8471,11.75
8472,-0.75
8473,30.75
8474,2.75
8475,5.25
8476,1.25
8477,1.75
8478,5.75
8479,0.75
8480,3.25
8481,-0.25
8482,0.25
8483,0.75
8484,0.25
8485,2.75
8486,-0.25
8487,7.25
8488,1.25
8489,0.25
8490,5.75
8491,3.75
8492,3.25
8493,3.75
8494,2.25
8495,0.25
8496,4.75
8497,8.75
8498,2.25
8499,2.25
8500,27.75
8501,0.75
8502,0.25
8503,-0.25
8504,0.25
8505,11.75
8506,34.0
8507,3.75
8508,4.75
8509,-0.25
8510,4.25
8511,0.75
8512,-0.75
8513,0.75
8514,33.0
8515,1.25
8516,1.75
8517,0.25
8518,9.25
8519,3.25
8520,3.25
8521,7.25
8522,8.25
8523,0.75
8524,5.75
8525,1.75
8526,32.75
8527,2.75
8528,3.25
8529,31.75
8530,5.25
8531,3.75
8532,4.75
8533,1.75
8534,5.75
8535,1.75
8536,-0.25
8537,2.25
8538,0.25
8539,3.25
8540,0.25
8541,-0.75
8542,3.75
8543,0.75
8544,7.75
8545,4.75
8546,0.75
8547,3.25
8548,1.25
8549,6.25
8550,1.75
8551,-0.75
8552,4.25
8553,5.75
8554,11.75
8555,-0.75
8556,7.75
8557,-0.25
8558,0.75
8559,-0.75
8560,0.75
8561,0.75
8562,5.75
8563,0.25
8564,-0.75
8565,5.25
8566,7.75
8567,8.75
8568,1.75
8569,2.25
8570,7.75
8571,3.25
8572,0.75
8573,34.0
8574,14.75
8575,0.75
8576,10.25
8577,4.25
8578,-0.25
8579,1.75
8580,-0.75
8581,13.25
8582,4.75
8583,4.25
8584,10.25
8585,0.25
8586,1.75
8587,9.25
8588,-0.75
8589,1.75
8590,-0.75
8591,0.75
8592,0.75
8593,0.25
8594,1.25
8595,0.75
8596,3.75
8597,8.25
8598,3.25
8599,-0.25
8600,34.0
8601,24.75
8602,77.75
8603,4.25
8604,6.25
8605,6.25
8606,4.25
8607,37.75
8608,8.75
8609,30.0
8610,-0.75
8611,2.25
8612,5.75
8613,0.75
8614,2.25
8615,4.75
8616,29.0
8617,4.75
8618,31.0
8619,-0.75
8620,7.25
8621,8.75
8622,8.25
8623,2.75
8624,2.75
8625,1.25
8626,49.25
8627,1.25
8628,6.75
8629,-0.75
8630,0.25
8631,-0.75
8632,7.75
8633,0.75
8634,10.25
8635,6.25
8636,1.25
8637,-0.25
8638,0.75
8639,0.75
8640,3.75
8641,0.75
8642,1.25
8643,5.75
8644,17.75
8645,9.25
8646,-0.75
8647,6.75
8648,-0.75
8649,6.75
8650,0.25
8651,1.25
8652,1.75
8653,7.75
8654,3.25
8655,12.25
8656,8.25
8657,4.75
8658,6.75
8659,7.75
8660,2.75
8661,20.75
8662,5.25
8663,9.25
8664,6.25
8665,7.75
8666,1.75
8667,7.25
8668,1.25
8669,8.25
8670,3.75
8671,8.25
8672,4.75
8673,37.0
8674,27.75
8675,6.75
8676,0.75
8677,-0.25
8678,4.25
8679,-0.75
8680,5.25
8681,18.5
8682,1.25
8683,28.0
8684,9.25
8685,12.25
8686,10.25
8687,1.25
8688,3.75
8689,-0.75
8690,39.0
8691,26.0
8692,1.75
8693,8.25
8694,4.25
8695,3.25
8696,4.25
8697,2.75
8698,-0.25
8699,-0.25
8700,4.25
8701,2.25
8702,29.0
8703,10.25
8704,-0.25
8705,7.75
8706,9.75
8707,2.25
8708,5.75
8709,6.25
8710,10.75
8711,6.75
8712,38.0
8713,6.75
8714,4.75
8715,10.75
8716,7.25
8717,-0.25
8718,15.25
8719,10.25
8720,8.75
8721,12.75
8722,2.25
8723,-0.25
8724,23.75
8725,2.75
8726,20.0
8727,-0.75
8728,3.75
8729,1.25
8730,5.75
8731,2.75
8732,8.75
8733,3.75
8734,0.25
8735,11.75
8736,26.25
8737,0.75
8738,-2.25
8739,-0.25
8740,21.25
8741,9.25
8742,34.0
8743,9.25
8744,8.75
8745,21.5
8746,6.75
8747,-0.25
8748,1.75
8749,4.25
8750,5.75
8751,5.25
8752,3.25
8753,0.25
8754,1.25
8755,2.75
8756,6.25
8757,17.5
8758,6.75
8759,41.0
8760,6.25
8761,7.75
8762,10.75
8763,0.25
8764,10.25
8765,0.75
8766,13.75
8767,6.25
8768,0.75
8769,0.75
8770,10.25
8771,8.75
8772,3.25
8773,6.25
8774,28.0
8775,0.75
8776,2.25
8777,11.25
8778,1.25
8779,37.0
8780,9.75
8781,7.75
8782,11.75
8783,6.75
8784,-0.75
8785,1.75
8786,19.25
8787,29.0
8788,0.75
8789,11.75
8790,11.0
8791,6.75
8792,9.75
8793,2.25
8794,5.75
8795,4.75
8796,10.75
8797,22.75
8798,7.75
8799,4.75
8800,0.75
8801,10.5
8802,7.75
8803,16.75
8804,4.25
8805,4.75
8806,4.75
8807,10.5
8808,3.75
8809,29.0
8810,17.5
8811,9.75
8812,29.75
8813,5.25
8814,14.25
8815,3.75
8816,11.75
8817,9.25
8818,9.25
8819,20.75
8820,18.25
8821,5.75
8822,31.0
8823,14.5
8824,2.75
8825,0.75
8826,1.25
8827,37.0
8828,43.0
8829,9.0
8830,6.75
8831,19.75
8832,15.25
8833,45.0
8834,13.75
8835,8.75
8836,5.25
8837,5.75
8838,27.25
8839,25.75
8840,1.75
8841,13.25
8842,0.75
8843,6.75
8844,12.75
8845,8.75
8846,9.75
8847,2.75
8848,17.25
8849,5.75
8850,34.0
8851,11.25
8852,8.25
8853,27.0
8854,32.0
8855,-0.25
8856,28.5
8857,0.75
8858,9.25
8859,6.75
8860,7.75
8861,16.25
8862,15.25
8863,17.75
8864,7.25
8865,12.25
8866,18.5
8867,3.25
8868,0.75
8869,11.75
8870,10.75
8871,3.25
8872,11.5
8873,13.5
8874,14.25
8875,14.5
8876,12.25
8877,3.25
8878,7.25
8879,26.5
8880,25.25
8881,3.75
8882,43.0
8883,5.75
8884,1.25
8885,10.25
8886,15.0
8887,2.25
8888,10.25
8889,28.0
8890,-0.25
8891,34.0
8892,2.25
8893,16.75
8894,12.0
8895,8.25
8896,20.75
8897,17.0
8898,9.25
8899,12.5
8900,29.5
8901,33.25
8902,9.25
8903,36.0
8904,2.75
8905,38.5
8906,12.75
8907,12.25
8908,10.0
8909,38.0
8910,42.25
8911,6.5
8912,9.25
8913,36.0
8914,26.0
8915,12.5
8916,5.25
8917,-9.25
8918,17.75
8919,37.0
8920,5.25
8921,11.25
8922,2.75
8923,14.25
8924,19.5
8925,56.25
8926,8.75
8927,15.25
8928,-0.25
8929,3.25
8930,15.25
8931,13.75
8932,11.75
8933,37.0
8934,8.75
8935,6.25
8936,11.75
8937,6.75
8938,11.5
8939,10.75
8940,10.5
8941,23.0
8942,12.75
8943,5.75
8944,29.25
8945,15.5
8946,8.25
8947,34.0
8948,8.75
8949,5.25
8950,9.75
8951,11.5
8952,8.25
8953,12.75
8954,32.0
8955,10.0
8956,31.0
8957,24.0
8958,12.0
8959,16.0
8960,11.25
8961,7.75
8962,10.75
8963,10.75
8964,16.25
8965,36.0
8966,17.75
8967,66.0
8968,9.75
8969,12.0
8970,11.25
8971,6.25
8972,16.5
8973,4.25
8974,28.75
8975,19.0
8976,10.75
8977,11.0
8978,5.75
8979,40.0
8980,45.0
8981,11.0
8982,11.75
8983,15.25
8984,14.75
8985,4.75
8986,27.0
8987,10.5
8988,11.25
8989,0.75
8990,34.75
8991,6.75
8992,8.0
8993,51.0
8994,10.5
8995,11.75
8996,32.0
8997,2.75
8998,41.0
8999,17.5
9000,10.5
9001,9.0
9002,19.5
9003,10.0
9004,15.5
9005,8.75
9006,6.75
9007,31.0
9008,8.75
9009,9.0
9010,11.5
9011,11.0
9012,12.5
9013,29.0
9014,38.0
9015,5.75
9016,18.0
9017,14.5
9018,4.25
9019,19.0
9020,47.0
9021,9.0
9022,6.75
9023,16.5
9024,13.25
9025,30.0
9026,21.0
9027,9.0
9028,28.0
9029,3.75
9030,9.0
9031,0.75
9032,41.0
9033,18.0
9034,21.25
9035,18.0
9036,22.75
9037,0.75
9038,46.0
9039,7.25
9040,14.0
9041,35.0
9042,9.0
9043,13.5
9044,6.75
9045,10.5
9046,0.25
9047,35.0
9048,24.0
9049,19.5
9050,17.5
9051,7.25
9052,19.0
9053,13.5
9054,9.0
9055,7.0
9056,21.25
9057,13.5
9058,22.5
9059,14.25
9060,14.5
9061,19.0
9062,13.5
9063,3.75
9064,12.75
9065,11.0
9066,7.75
9067,24.0
9068,19.0
9069,42.0
9070,15.75
9071,12.25
9072,14.5
9073,-8.25
9074,29.0
9075,11.0
9076,25.0
9077,21.0
9078,18.5
9079,11.0
9080,47.5
9081,30.5
9082,10.25
9083,1.25
9084,19.0
9085,6.25
9086,19.0
9087,25.75
9088,13.75
9089,18.0
9090,16.5
9091,12.0
9092,14.5
9093,19.5
9094,11.5
9095,9.0
9096,23.0
9097,12.0
9098,9.0
9099,18.0
9100,4.25
9101,19.0
9102,9.0
9103,30.0
9104,12.25
9105,5.75
9106,26.0
9107,36.0
9108,26.0
9109,13.5
9110,14.0
9111,17.5
9112,33.0
9113,41.0
9114,10.0
9115,12.0
9116,25.5
9117,28.5
9118,9.0
9119,29.5
9120,26.75
9121,16.5
9122,10.5
9123,49.0
9124,15.5
9125,11.5
9126,5.5
9127,81.0
9128,14.0
9129,9.0
9130,60.0
9131,21.5
9132,16.0
9133,21.0
9134,4.25
9135,53.0
9136,34.5
9137,12.5
9138,12.5
9139,12.5
9140,5.75
9141,11.5
9142,32.0
9143,-16.25
9144,2.75
9145,15.0
9146,11.5
9147,18.5
9148,10.75
9149,0.75
9150,-10.25
9151,25.0
9152,16.75
9153,9.25
9154,22.75
9155,18.25
9156,29.0
9157,39.0
9158,21.0
9159,10.5
9160,-4.25
9161,9.75
9162,5.75
9163,23.0
9164,27.0
9165,10.75
9166,7.25
9167,5.0
9168,27.0
9169,15.5
9170,15.0
9171,17.25
9172,9.0
9173,2.25
9174,26.0
9175,11.75
9176,13.5
9177,10.75
9178,26.0
9179,17.0
9180,11.25
9181,15.25
9182,22.25
9183,8.75
9184,0.75
9185,2.75
9186,13.5
9187,1.75
9188,11.75
9189,4.25
9190,4.75
9191,20.25
9192,16.5
9193,8.75
9194,16.5
9195,36.0
9196,12.25
9197,30.75
9198,21.75
9199,9.75
9200,6.75
9201,-0.25
9202,46.0
9203,9.25
9204,6.25
9205,12.5
9206,30.0
9207,11.5
9208,5.25
9209,3.25
9210,24.5
9211,10.0
9212,8.25
9213,11.75
9214,19.5
9215,33.0
9216,17.25
9217,14.5
9218,7.25
9219,16.75
9220,13.0
9221,13.0
9222,17.0
9223,12.0
9224,10.25
9225,6.25
9226,25.75
9227,11.0
9228,12.5
9229,14.5
9230,17.0
9231,17.25
9232,13.5
9233,16.0
9234,7.25
9235,33.25
9236,23.0
9237,10.25
9238,6.75
9239,14.75
9240,14.5
9241,15.25
9242,32.0
9243,31.0
9244,9.25
9245,13.5
9246,39.0
9247,12.5
9248,12.0
9249,17.0
9250,7.25
9251,14.25
9252,29.0
9253,12.25
9254,6.25
9255,10.75
9256,20.25
9257,7.25
9258,32.0
9259,13.75
9260,52.0
9261,15.0
9262,10.0
9263,26.0
9264,24.75
9265,-0.75
9266,22.5
9267,37.0
9268,20.0
9269,20.25
9270,12.0
9271,15.0
9272,19.75
9273,10.25
9274,25.5
9275,19.0
9276,34.0
9277,11.75
9278,0.75
9279,29.75
9280,25.5
9281,2.75
9282,15.25
9283,23.25
9284,32.0
9285,10.75
9286,9.0
9287,12.0
9288,12.5
9289,77.0
9290,27.0
9291,18.0
9292,13.0
9293,10.25
9294,23.0
9295,16.75
9296,15.75
9297,33.75
9298,6.25
9299,58.0
9300,25.0
9301,11.25
9302,4.25
9303,10.5
9304,22.0
9305,23.0
9306,26.0
9307,31.0
9308,26.5
9309,24.0
9310,17.0
9311,7.25
9312,26.0
9313,24.25
9314,19.25
9315,5.25
9316,22.75
9317,15.5
9318,31.0
9319,39.0
9320,11.25
9321,19.5
9322,14.75
9323,26.5
9324,27.5
9325,20.75
9326,12.0
9327,18.5
9328,6.75
9329,34.0
9330,40.25
9331,10.25
9332,8.25
9333,9.25
9334,23.5
9335,19.5
9336,4.25
9337,29.0
9338,8.5
9339,13.5
9340,10.25
9341,24.0
9342,14.5
9343,11.0
9344,33.0
9345,10.0
9346,20.0
9347,14.75
9348,9.75
9349,10.25
9350,19.0
9351,11.5
9352,30.5
9353,26.5
9354,12.75
9355,38.5
9356,18.5
9357,22.0
9358,13.0
9359,11.0
9360,15.5
9361,21.75
9362,9.0
9363,32.0
9364,11.0
9365,2.75
9366,26.5
9367,35.5
9368,17.5
9369,16.25
9370,17.0
9371,38.0
9372,24.5
9373,17.0
9374,11.0
9375,13.5
9376,38.5
9377,20.5
9378,14.5
9379,12.5
9380,20.25
9381,14.0
9382,28.5
9383,11.0
9384,21.0
9385,17.5
9386,25.0
9387,10.5
9388,29.0
9389,11.0
9390,0.25
9391,10.0
9392,20.5
9393,21.5
9394,7.25
9395,26.0
9396,31.5
9397,11.0
9398,21.5
9399,35.0
9400,31.5
9401,27.5
9402,13.5
9403,13.5
9404,18.0
9405,21.0
9406,26.0
9407,9.75
9408,13.0
9409,15.75
9410,26.25
9411,10.75
9412,26.0
9413,11.5
9414,10.25
9415,26.5
9416,36.0
9417,18.5
9418,14.5
9419,13.0
9420,21.0
9421,7.25
9422,11.5
9423,19.0
9424,25.5
9425,5.25
9426,15.75
9427,5.75
9428,20.25
9429,17.0
9430,38.0
9431,31.0
9432,10.75
9433,11.25
9434,11.75
9435,16.25
9436,4.25
9437,26.25
9438,15.0
9439,18.0
9440,7.75
9441,20.25
9442,27.0
9443,13.5
9444,7.25
9445,18.25
9446,7.25
9447,32.5
9448,15.5
9449,17.5
9450,41.0
9451,9.0
9452,18.5
9453,21.0
9454,10.25
9455,12.0
9456,41.5
9457,15.0
9458,15.25
9459,16.75
9460,27.75
9461,17.75
9462,11.0
9463,14.25
9464,18.5
9465,15.5
9466,14.5
9467,9.0
9468,32.25
9469,29.0
9470,24.0
9471,23.25
9472,35.0
9473,11.0
9474,23.0
9475,43.0
9476,10.0
9477,15.5
9478,11.5
9479,12.5
9480,10.5
9481,8.75
9482,-18.25
9483,-12.25
9484,9.0
9485,19.0
9486,29.0
9487,5.25
9488,4.75
9489,8.75
9490,59.0
9491,14.0
9492,13.0
9493,5.25
9494,9.25
9495,24.75
9496,7.5
9497,0.25
9498,24.25
9499,25.0
9500,13.5
9501,33.0
9502,21.75
9503,12.25
9504,51.0
9505,18.0
9506,17.0
9507,4.25
9508,8.75
9509,12.0
9510,12.25
9511,8.25
9512,19.25
9513,0.75
9514,22.75
9515,3.75
9516,13.0
9517,41.5
9518,11.5
9519,15.25
9520,23.0
9521,3.75
9522,26.0
9523,3.25
9524,9.25
9525,20.75
9526,37.0
9527,3.75
9528,12.25
9529,27.25
9530,17.25
9531,16.0
9532,13.0
9533,14.5
9534,9.0
9535,17.25
9536,30.0
9537,3.25
9538,0.75
9539,13.75
9540,0.25
9541,14.25
9542,29.5
9543,20.0
9544,4.25
9545,0.25
9546,24.0
9547,10.25
9548,10.25
9549,15.0
9550,25.5
9551,15.5
9552,12.5
9553,11.5
9554,13.5
9555,10.5
9556,12.75
9557,13.25
9558,13.0
9559,12.0
9560,10.75
9561,36.0
9562,25.5
9563,40.5
9564,33.75
9565,-0.25
9566,14.0
9567,19.5
9568,9.0
9569,13.5
9570,27.25
9571,9.0
9572,12.5
9573,17.5
9574,12.0
9575,16.75
9576,56.0
9577,17.0
9578,12.0
9579,3.75
9580,0.75
9581,31.5
9582,31.75
9583,32.5
9584,15.25
9585,6.25
9586,10.25
9587,44.0
9588,18.5
9589,20.75
9590,12.75
9591,22.5
9592,16.5
9593,21.75
9594,10.75
9595,13.0
9596,8.75
9597,31.0
9598,4.75
9599,14.0
9600,2.75
9601,38.75
9602,33.0
9603,6.75
9604,12.25
9605,9.25
9606,9.0
9607,10.5
9608,12.5
9609,10.75
9610,30.0
9611,9.0
9612,2.75
9613,0.75
9614,14.25
9615,23.0
9616,14.25
9617,30.0
9618,14.25
9619,18.0
9620,33.0
9621,10.75
9622,17.0
9623,34.0
9624,24.0
9625,11.0
9626,42.0
9627,14.5
9628,12.5
9629,11.0
9630,32.0
9631,10.5
9632,46.0
9633,30.0
9634,45.25
9635,9.0
9636,37.0
9637,38.75
9638,40.5
9639,45.75
9640,9.0
9641,27.0
9642,10.25
9643,0.75
9644,12.0
9645,4.25
9646,28.0
9647,6.25
9648,46.5
9649,8.75
9650,22.5
9651,12.25
9652,11.0
9653,41.5
9654,36.0
9655,33.25
9656,11.25
9657,19.0
9658,9.0
9659,23.5
9660,26.5
9661,13.25
9662,17.0
9663,9.75
9664,21.0
9665,5.75
9666,8.25
9667,11.5
9668,9.75
9669,16.0
9670,9.25
9671,23.0
9672,11.75
9673,42.0
9674,11.5
9675,32.0
9676,25.75
9677,13.5
9678,19.25
9679,18.0
9680,10.0
9681,14.0
9682,36.0
9683,27.0
9684,27.5
9685,12.5
9686,43.0
9687,24.0
9688,24.5
9689,22.25
9690,17.0
9691,15.0
9692,11.0
9693,20.0
9694,2.25
9695,17.25
9696,28.0
9697,12.0
9698,26.25
9699,42.0
9700,25.5
9701,11.75
9702,19.75
9703,47.0
9704,5.25
9705,10.5
9706,9.25
9707,16.75
9708,13.75
9709,16.0
9710,41.0
9711,19.5
9712,11.5
9713,9.0
9714,7.25
9715,12.75
9716,19.0
9717,-0.25
9718,15.0
9719,27.5
9720,16.5
9721,9.0
9722,27.0
9723,17.75
9724,34.5
9725,9.0
9726,13.75
9727,10.0
9728,17.75
9729,14.5
9730,14.5
9731,23.5
9732,17.0
9733,12.0
9734,13.75
9735,15.0
9736,16.5
9737,8.25
9738,34.0
9739,9.0
9740,28.0
9741,22.0
9742,25.0
9743,3.25
9744,19.5
9745,11.5
9746,14.5
9747,11.5
9748,5.25
9749,24.75
9750,15.75
9751,20.5
9752,5.25
9753,26.0
9754,10.5
9755,-7.25
9756,28.75
9757,12.0
9758,2.25
9759,23.5
9760,13.0
9761,39.5
9762,4.25
9763,45.0
9764,12.5
9765,11.5
9766,20.75
9767,18.0
9768,13.0
9769,18.0
9770,29.5
9771,6.25
9772,21.75
9773,15.25
9774,22.25
9775,11.5
9776,27.0
9777,13.5
9778,14.0
9779,21.25
9780,27.0
9781,30.0
9782,13.75
9783,11.0
9784,12.75
9785,66.0
9786,12.0
9787,7.25
9788,10.75
9789,12.0
9790,50.0
9791,22.0
9792,13.0
9793,27.5
9794,14.0
9795,11.0
9796,33.0
9797,28.0
9798,43.0
9799,14.5
9800,36.0
9801,8.25
9802,34.0
9803,14.0
9804,36.5
9805,27.0
9806,12.0
9807,15.0
9808,11.5
9809,19.0
9810,14.75
9811,24.0
9812,17.25
9813,34.0
9814,21.0
9815,19.5
9816,12.5
9817,12.75
9818,-9.25
9819,43.0
9820,10.75
9821,19.5
9822,24.0
9823,15.5
9824,9.0
9825,35.5
9826,15.0
9827,12.0
9828,11.5
9829,39.0
9830,19.5
9831,14.0
9832,11.5
9833,11.5
9834,10.5
9835,14.0
9836,10.5
9837,14.75
9838,34.0
9839,10.0
9840,16.0
9841,9.0
9842,10.25
9843,10.5
9844,22.0
9845,27.75
9846,28.5
9847,42.0
9848,37.0
9849,31.5
9850,19.25
9851,10.5
9852,37.0
9853,25.0
9854,22.5
9855,13.75
9856,50.0
9857,12.5
9858,35.0
9859,11.0
9860,30.0
9861,31.0
9862,13.0
9863,35.0
9864,7.25
9865,5.25
9866,8.0
9867,0.75
9868,13.75
9869,23.0
9870,1.25
9871,11.0
9872,23.0
9873,12.75
9874,27.75
9875,9.0
9876,20.0
9877,18.25
9878,30.0
9879,24.5
9880,36.0
9881,7.75
9882,13.5
9883,21.75
9884,31.5
9885,56.0
9886,18.5
9887,-8.25
9888,43.0
9889,13.5
9890,12.0
9891,10.5
9892,13.5
9893,18.5
9894,46.0
9895,9.5
9896,17.75
9897,10.5
9898,4.75
9899,23.5
9900,11.75
9901,5.25
9902,11.75
9903,2.25
9904,10.75
9905,14.25
9906,10.75
9907,12.75
9908,16.25
9909,9.0
9910,5.75
9911,9.0
9912,23.0
9913,20.25
9914,4.75
9915,13.75
9916,10.5
9917,35.0
9918,13.0
9919,22.75
9920,1.75
9921,10.25
9922,24.0
9923,2.75
9924,7.75
9925,19.0
9926,9.0
9927,12.0
9928,0.75
9929,18.5
9930,19.75
9931,27.0
9932,21.5
9933,8.25
9934,2.75
9935,2.75
9936,0.75
9937,22.75
9938,6.25
9939,11.25
9940,12.0
9941,12.25
9942,18.0
9943,18.5
9944,15.0
9945,16.25
9946,30.25
9947,38.0
9948,28.5
9949,29.0
9950,0.75
9951,22.0
9952,21.0
9953,26.0
9954,14.25
9955,27.5
9956,10.25
9957,16.5
9958,33.0
9959,12.0
9960,36.25
9961,14.5
9962,34.0
9963,16.5
9964,35.0
9965,12.5
9966,-4.25
9967,41.0
9968,9.0
9969,7.75
9970,10.5
9971,11.5
9972,10.0
9973,57.5
9974,35.5
9975,12.5
9976,10.5
9977,13.5
9978,30.0
9979,11.75
9980,12.75
9981,7.25
9982,15.25
9983,27.0
9984,22.0
9985,22.0
9986,9.0
9987,16.0
9988,15.5
9989,15.75
9990,1.75
9991,28.25
9992,4.75
9993,24.5
9994,12.0
9995,19.25
9996,10.0
9997,22.25
9998,12.5
9999,12.5
10000,13.25
10001,14.0
10002,19.0
10003,17.5
10004,14.25
10005,21.5
10006,72.0
10007,21.0
10008,8.75
10009,28.25
10010,0.75
10011,20.5
10012,7.75
10013,59.25
10014,18.5
10015,26.5
10016,35.0
10017,14.0
10018,5.75
10019,11.0
10020,12.0
10021,18.75
10022,41.0
10023,12.25
10024,11.5
10025,35.0
10026,14.5
10027,1.25
10028,13.0
10029,18.0
10030,1.75
10031,20.5
10032,18.5
10033,12.0
10034,31.0
10035,19.0
10036,14.75
10037,10.0
10038,12.5
10039,14.0
10040,31.5
10041,36.0
10042,14.5
10043,24.0
10044,30.0
10045,34.0
10046,46.0
10047,18.5
10048,10.5
10049,28.75
10050,16.5
10051,12.75
10052,21.25
10053,58.0
10054,21.0
10055,12.0
10056,26.0
10057,29.5
10058,22.5
10059,11.0
10060,21.0
10061,26.0
10062,20.0
10063,46.5
10064,54.0
10065,25.0
10066,17.25
10067,27.5
10068,14.0
10069,25.0
10070,23.0
10071,27.5
10072,27.5
10073,-0.25
10074,10.0
10075,19.0
10076,3.75
10077,11.0
10078,7.25
10079,44.0
10080,29.5
10081,13.0
10082,9.75
10083,2.25
10084,15.5
10085,10.0
10086,28.0
10087,15.5
10088,14.5
10089,21.5
10090,25.0
10091,19.5
10092,14.0
10093,9.0
10094,20.75
10095,15.5
10096,31.0
10097,19.0
10098,12.0
10099,23.0
10100,21.5
10101,10.5
10102,10.0
10103,32.5
10104,12.5
10105,20.0
10106,43.5
10107,22.0
10108,24.5
10109,48.0
10110,22.0
10111,21.5
10112,-0.75
10113,51.0
10114,20.0
10115,6.25
10116,27.0
10117,11.5
10118,1.25
10119,9.0
10120,27.5
10121,19.5
10122,23.5
10123,28.5
10124,28.25
10125,0.75
10126,9.0
10127,14.0
10128,0.75
10129,22.0
10130,15.5
10131,19.5
10132,13.0
10133,10.5
10134,19.5
10135,30.5
10136,12.5
10137,17.5
10138,16.5
10139,42.0
10140,29.0
10141,18.75
10142,15.0
10143,19.0
10144,10.5
10145,12.0
10146,14.5
10147,10.0
10148,63.0
10149,17.5
10150,11.25
10151,110.0
10152,41.0
10153,29.5
10154,11.0
10155,15.0
10156,14.5
10157,40.0
10158,17.25
10159,25.0
10160,11.0
10161,11.0
10162,11.0
10163,43.0
10164,22.5
10165,20.0
10166,14.0
10167,22.5
10168,25.25
10169,0.75
10170,32.0
10171,8.75
10172,23.0
10173,15.0
10174,18.5
10175,8.0
10176,37.5
10177,36.0
10178,31.0
10179,24.0
10180,20.75
10181,10.5
10182,9.0
10183,29.0
10184,32.0
10185,24.5
10186,25.0
10187,11.0
10188,11.0
10189,18.0
10190,30.5
10191,11.5
10192,30.5
10193,13.0
10194,47.0
10195,12.0
10196,26.5
10197,9.0
10198,26.5
10199,5.75
10200,27.5
10201,22.0
10202,19.5
10203,10.5
10204,13.5
10205,57.0
10206,22.25
10207,-4.25
10208,29.5
10209,30.0
10210,5.75
10211,25.5
10212,12.0
10213,28.5
10214,29.0
10215,21.0
10216,16.5
10217,36.0
10218,14.75
10219,16.25
10220,24.5
10221,14.5
10222,24.5
10223,28.0
10224,32.0
10225,20.0
10226,25.0
10227,21.75
10228,13.0
10229,0.75
10230,27.0
10231,20.5
10232,28.0
10233,13.0
10234,44.0
10235,13.5
10236,11.0
10237,26.0
10238,14.5
10239,28.0
10240,11.0
10241,26.0
10242,12.0
10243,28.75
10244,38.5
10245,37.0
10246,23.5
10247,17.25
10248,20.5
10249,12.0
10250,16.5
10251,49.0
10252,16.5
10253,38.0
10254,10.5
10255,28.5
10256,22.5
10257,39.5
10258,11.0
10259,10.0
10260,11.0
10261,12.5
10262,37.0
10263,10.0
10264,19.5
10265,10.25
10266,13.5
10267,13.5
10268,18.25
10269,13.5
10270,28.0
10271,17.5
10272,27.5
10273,13.0
10274,29.5
10275,36.0
10276,14.5
10277,23.5
10278,22.5
10279,31.0
10280,25.5
10281,22.5
10282,10.5
10283,11.0
10284,29.0
10285,14.0
10286,18.5
10287,10.0
10288,9.0
10289,13.5
10290,46.0
10291,17.0
10292,11.5
10293,5.75
10294,14.0
10295,9.5
10296,12.25
10297,6.75
10298,8.25
10299,14.25
10300,35.0
10301,15.5
10302,24.5
10303,-0.25
10304,12.0
10305,15.0
10306,29.0
10307,19.25
10308,19.75
10309,16.5
10310,10.25
10311,21.0
10312,15.0
10313,15.25
10314,11.75
10315,15.25
10316,47.0
10317,15.25
10318,6.25
10319,23.75
10320,20.25
10321,21.0
10322,10.5
10323,10.0
10324,19.0
10325,0.75
10326,37.0
10327,14.25
10328,32.5
10329,0.75
10330,14.0
10331,8.75
10332,19.0
10333,38.0
10334,51.5
10335,16.25
10336,17.5
10337,23.5
10338,7.75
10339,12.0
10340,21.0
10341,43.0
10342,10.5
10343,24.75
10344,22.5
10345,9.0
10346,12.0
10347,22.0
10348,23.0
10349,18.5
10350,8.75
10351,42.0
10352,30.75
10353,13.5
10354,39.25
10355,12.0
10356,18.5
10357,6.5
10358,11.5
10359,6.75
10360,9.0
10361,13.5
10362,18.5
10363,20.75
10364,39.0
10365,3.75
10366,24.5
10367,0.75
10368,13.0
10369,24.0
10370,23.25
10371,3.25
10372,42.0
10373,5.0
10374,14.0
10375,19.0
10376,8.75
10377,6.75
10378,1.25
10379,6.25
10380,16.75
10381,16.0
10382,19.0
10383,12.75
10384,15.25
10385,20.75
10386,20.5
10387,9.75
10388,18.25
10389,13.0
10390,35.0
10391,21.5
10392,7.75
10393,38.0
10394,22.0
10395,10.0
10396,13.0
10397,12.0
10398,24.75
10399,14.0
10400,11.75
10401,47.5
10402,9.0
10403,28.0
10404,16.5
10405,37.0
10406,1.25
10407,2.75
10408,17.5
10409,26.0
10410,11.0
10411,13.25
10412,21.75
10413,5.75
10414,34.0
10415,8.75
10416,27.25
10417,13.0
10418,14.5
10419,13.0
10420,12.5
10421,13.5
10422,14.5
10423,38.0
10424,19.0
10425,0.75
10426,12.0
10427,12.75
10428,21.5
10429,36.0
10430,11.5
10431,10.75
10432,21.5
10433,10.5
10434,14.0
10435,41.0
10436,14.0
10437,27.5
10438,15.5
10439,0.75
10440,12.5
10441,13.0
10442,20.0
10443,34.0
10444,23.25
10445,14.0
10446,31.5
10447,19.0
10448,22.0
10449,4.75
10450,14.25
10451,19.5
10452,12.0
10453,11.0
10454,37.5
10455,30.5
10456,24.0
10457,24.5
10458,19.0
10459,27.5
10460,27.5
10461,15.0
10462,14.5
10463,25.75
10464,11.0
10465,22.0
10466,40.0
10467,41.0
10468,38.0
10469,9.0
10470,13.75
10471,17.0
10472,10.5
10473,16.5
10474,19.0
10475,11.75
10476,37.0
10477,5.75
10478,14.5
10479,16.75
10480,47.0
10481,20.0
10482,16.5
10483,14.0
10484,35.0
10485,13.25
10486,13.5
10487,4.75
10488,18.0
10489,12.0
10490,9.75
10491,16.0
10492,22.0
10493,11.25
10494,8.25
10495,62.0
10496,20.5
10497,11.25
10498,14.5
10499,18.5
10500,5.75
10501,37.0
10502,-1.25
10503,0.75
10504,6.75
10505,11.5
10506,13.5
10507,28.0
10508,18.5
10509,41.5
10510,4.75
10511,11.25
10512,17.5
10513,11.5
10514,21.5
10515,12.0
10516,4.0
10517,11.5
10518,14.75
10519,16.0
10520,22.0
10521,15.5
10522,41.0
10523,16.5
10524,12.5
10525,9.75
10526,36.0
10527,21.75
10528,24.5
10529,4.75
10530,20.0
10531,29.0
10532,13.25
10533,11.0
10534,21.0
10535,29.0
10536,26.25
10537,38.0
10538,13.0
10539,12.0
10540,15.0
10541,25.25
10542,0.25
10543,20.5
10544,58.0
10545,11.25
10546,33.0
10547,41.0
10548,21.0
10549,14.5
10550,26.0
10551,10.0
10552,9.0
10553,18.25
10554,10.25
10555,52.0
10556,12.0
10557,2.25
10558,12.25
10559,22.5
10560,4.75
10561,14.75
10562,0.75
10563,30.0
10564,11.75
10565,9.0
10566,16.0
10567,12.25
10568,19.5
10569,18.0
10570,0.25
10571,16.0
10572,10.0
10573,7.25
10574,12.75
10575,20.75
10576,24.25
10577,22.0
10578,21.0
10579,15.0
10580,10.25
10581,25.75
10582,8.25
10583,16.25
10584,22.5
10585,38.0
10586,12.0
10587,32.5
10588,35.0
10589,17.75
10590,4.75
10591,45.0
10592,12.0
10593,18.0
10594,14.0
10595,5.25
10596,7.75
10597,12.0
10598,23.25
10599,21.0
10600,15.0
10601,10.25
10602,12.25
10603,23.0
10604,24.5
10605,15.5
10606,27.0
10607,23.5
10608,4.25
10609,11.75
10610,13.5
10611,21.5
10612,14.75
10613,67.0
10614,20.5
10615,21.75
10616,1.75
10617,19.75
10618,18.0
10619,14.75
10620,6.25
10621,16.0
10622,13.5
10623,19.5
10624,15.5
10625,13.5
10626,20.5
10627,19.25
10628,12.25
10629,17.5
10630,18.5
10631,25.0
10632,12.25
10633,13.0
10634,13.25
10635,20.5
10636,-1.25
10637,12.0
10638,13.5
10639,13.5
10640,10.5
10641,11.25
10642,30.0
10643,15.5
10644,46.5
10645,17.5
10646,15.5
10647,13.0
10648,38.5
10649,24.5
10650,15.0
10651,11.75
10652,22.0
10653,21.0
10654,26.5
10655,15.0
10656,12.75
10657,5.25
10658,19.75
10659,15.5
10660,-0.25
10661,14.5
10662,22.5
10663,12.0
10664,27.5
10665,32.5
10666,25.5
10667,21.0
10668,11.5
10669,13.5
10670,41.0
10671,19.5
10672,24.0
10673,9.0
10674,13.75
10675,15.0
10676,22.5
10677,10.0
10678,18.75
10679,7.5
10680,17.75
10681,19.5
10682,33.0
10683,22.5
10684,12.0
10685,29.0
10686,25.0
10687,20.0
10688,7.25
10689,47.0
10690,7.75
10691,11.5
10692,12.25
10693,27.0
10694,13.0
10695,22.0
10696,22.0
10697,43.0
10698,14.0
10699,16.0
10700,10.0
10701,14.25
10702,31.5
10703,24.5
10704,7.5
10705,23.5
10706,11.5
10707,17.75
10708,19.5
10709,3.75
10710,17.5
10711,18.0
10712,20.0
10713,20.25
10714,44.0
10715,9.75
10716,22.0
10717,6.75
10718,7.25
10719,14.25
10720,28.5
10721,16.0
10722,14.0
10723,31.0
10724,13.5
10725,21.75
10726,8.75
10727,16.0
10728,23.0
10729,0.75
10730,24.0
10731,25.25
10732,12.0
10733,17.0
10734,1.25
10735,26.5
10736,0.75
10737,6.75
10738,5.0
10739,21.25
10740,21.25
10741,13.5
10742,23.5
10743,10.5
10744,17.5
10745,5.75
10746,9.0
10747,11.75
10748,9.5
10749,38.0
10750,30.5
10751,11.0
10752,12.75
10753,40.75
10754,32.5
10755,21.0
10756,34.0
10757,-1.25
10758,38.0
10759,14.5
10760,29.5
10761,10.0
10762,21.0
10763,10.5
10764,26.0
10765,32.0
10766,17.5
10767,14.5
10768,35.25
10769,3.25
10770,32.25
10771,37.0
10772,11.75
10773,10.25
10774,9.25
10775,10.75
10776,42.0
10777,9.0
10778,44.0
10779,20.25
10780,1.75
10781,6.25
10782,1.75
10783,3.75
10784,17.25
10785,30.0
10786,-0.25
10787,15.75
10788,10.5
10789,16.5
10790,13.0
10791,15.75
10792,4.75
10793,12.0
10794,14.0
10795,37.0
10796,27.5
10797,17.5
10798,11.0
10799,31.25
10800,17.75
10801,9.25
10802,27.0
10803,13.0
10804,18.25
10805,26.75
10806,8.25
10807,-4.25
10808,10.5
10809,34.0
10810,29.25
10811,15.5
10812,17.25
10813,5.25
10814,9.25
10815,25.0
10816,7.75
10817,7.25
10818,7.75
10819,3.75
10820,18.0
10821,11.75
10822,9.0
10823,15.25
10824,10.75
10825,13.5
10826,35.0
10827,-0.25
10828,17.5
10829,1.5
10830,15.0
10831,59.0
10832,7.5
10833,7.25
10834,30.25
10835,12.5
10836,38.0
10837,38.0
10838,12.0
10839,19.25
10840,11.0
10841,20.25
10842,21.0
10843,13.0
10844,27.0
10845,35.0
10846,11.0
10847,11.0
10848,17.0
10849,25.5
10850,22.25
10851,7.75
10852,12.0
10853,10.0
10854,11.0
10855,12.0
10856,6.75
10857,7.25
10858,23.5
10859,19.0
10860,10.75
10861,24.0
10862,10.25
10863,14.25
10864,10.5
10865,37.5
10866,5.75
10867,11.5
10868,52.0
10869,11.5
10870,21.5
10871,11.75
10872,14.0
10873,10.75
10874,2.25
10875,11.0
10876,-0.25
10877,12.5
10878,38.0
10879,22.0
10880,20.0
10881,14.75
10882,13.0
10883,16.5
10884,32.5
10885,6.25
10886,35.0
10887,10.5
10888,0.75
10889,15.0
10890,11.0
10891,10.25
10892,26.0
10893,38.0
10894,8.25
10895,14.0
10896,39.25
10897,5.75
10898,20.5
10899,16.0
10900,12.5
10901,12.0
10902,27.0
10903,16.5
10904,15.5
10905,11.0
10906,35.0
10907,13.5
10908,17.75
10909,20.75
10910,22.5
10911,11.0
10912,0.75
10913,14.5
10914,25.5
10915,13.5
10916,10.0
10917,19.5
10918,17.0
10919,13.5
10920,31.0
10921,16.5
10922,17.0
10923,21.5
10924,13.5
10925,9.0
10926,17.0
10927,22.5
10928,31.5
10929,12.25
10930,30.0
10931,39.0
10932,12.0
10933,27.0
10934,25.0
10935,7.25
10936,18.75
10937,11.5
10938,10.5
10939,12.0
10940,32.0
10941,34.0
10942,31.0
10943,32.0
10944,13.25
10945,32.0
10946,34.25
10947,10.5
10948,28.0
10949,26.5
10950,25.0
10951,10.25
10952,15.0
10953,13.0
10954,40.0
10955,25.0
10956,13.0
10957,16.0
10958,14.75
10959,13.0
10960,22.0
10961,0.75
10962,24.0
10963,23.0
10964,10.5
10965,21.0
10966,10.75
10967,20.0
10968,68.0
10969,10.75
10970,31.0
10971,16.75
10972,16.5
10973,22.0
10974,10.0
10975,12.5
10976,46.0
10977,13.0
10978,18.5
10979,21.0
10980,25.0
10981,15.5
10982,61.0
10983,32.0
10984,28.5
10985,10.25
10986,11.0
10987,4.75
10988,12.0
10989,4.75
10990,15.25
10991,3.75
10992,-14.25
10993,22.5
10994,-30.25
10995,17.25
10996,18.25
10997,21.5
10998,12.5
10999,18.0
11000,35.0
11001,12.25
11002,18.0
11003,11.0
11004,11.0
11005,16.0
11006,21.0
11007,12.5
11008,9.0
11009,29.0
11010,14.25
11011,22.0
11012,38.5
11013,22.0
11014,5.75
11015,12.0
11016,52.5
11017,12.5
11018,13.5
11019,28.0
11020,-36.25
11021,13.5
11022,11.0
11023,14.0
11024,68.0
11025,21.5
11026,11.5
11027,11.25
11028,15.5
11029,43.0
11030,29.0
11031,11.0
11032,13.0
11033,17.5
11034,11.5
11035,26.5
11036,13.0
11037,42.0
11038,29.0
11039,37.0
11040,15.25
11041,19.0
11042,12.25
11043,43.0
11044,24.5
11045,-0.25
11046,12.5
11047,20.5
11048,12.0
11049,28.0
11050,9.0
11051,21.0
11052,14.25
11053,11.5
11054,17.5
11055,27.5
11056,8.25
11057,18.5
11058,8.25
11059,30.5
11060,16.0
11061,18.0
11062,10.5
11063,35.5
11064,13.5
11065,34.0
11066,17.5
11067,6.25
11068,13.5
11069,24.0
11070,14.5
11071,5.0
11072,13.5
11073,27.0
11074,10.5
11075,12.5
11076,32.0
11077,12.5
11078,12.75
11079,11.0
11080,53.0
11081,14.5
11082,27.0
11083,12.5
11084,38.5
11085,12.5
11086,26.5
11087,16.0
11088,18.5
11089,28.0
11090,20.0
11091,10.5
11092,23.5
11093,13.0
11094,20.0
11095,30.75
11096,16.5
11097,19.5
11098,9.0
11099,9.0
11100,13.5
11101,20.5
11102,49.5
11103,13.5
11104,1.75
11105,13.25
11106,10.0
11107,15.5
11108,19.25
11109,13.5
11110,11.0
11111,10.5
11112,11.0
11113,30.0
11114,12.0
11115,35.0
11116,11.5
11117,27.25
11118,33.5
11119,9.0
11120,27.5
11121,7.25
11122,17.5
11123,12.0
11124,12.5
11125,0.75
11126,11.5
11127,29.0
11128,30.0
11129,9.0
11130,18.0
11131,19.5
11132,29.5
11133,10.0
11134,15.0
11135,25.0
11136,36.0
11137,33.0
11138,28.0
11139,16.0
11140,11.75
11141,20.5
11142,25.5
11143,0.75
11144,12.25
11145,12.5
11146,-0.25
11147,23.5
11148,18.25
11149,33.5
11150,11.25
11151,23.25
11152,1.75
11153,40.0
11154,13.0
11155,44.25
11156,60.0
11157,7.75
11158,11.5
11159,5.0
11160,17.0
11161,15.25
11162,9.0
11163,21.5
11164,7.25
11165,20.5
11166,38.0
11167,14.75
11168,22.25
11169,13.0
11170,7.25
11171,16.25
11172,24.25
11173,27.0
11174,11.5
11175,38.0
11176,31.0
11177,15.5
11178,12.0
11179,13.0
11180,12.5
11181,0.75
11182,4.25
11183,0.25
11184,24.75
11185,11.0
