#{"t_start": 1788536881.910652, "env_id": "None"}
r,l,t
-25.0,5,2.529256
25.0,2,2.534291
-25.0,2,2.53932
-125.0,3,2.547138
75.0,1,2.54997
25.0,3,2.557477
25.0,2,2.562712
75.0,1,2.565512
-75.0,1,2.568311
-75.0,1,2.57121
75.0,1,2.574055
-25.0,2,2.579206
25.0,3,2.586373
-25.0,2,2.59122
-75.0,1,2.593773
-25.0,2,2.59832
125.0,4,2.607362
-75.0,1,2.609783
-75.0,1,2.612083
-25.0,2,2.616444
175.0,3,2.622932
-75.0,1,2.625236
-125.0,3,2.63148
-75.0,1,2.633895
225.0,6,2.64712
175.0,6,2.662021
-75.0,1,2.664945
25.0,3,2.673287
475.0,7,2.689894
-25.0,2,2.69455
75.0,1,2.696914
-75.0,1,2.69925
-125.0,3,2.705838
-25.0,2,2.710196
25.0,3,2.716592
-75.0,1,2.719501
-75.0,1,2.722175
75.0,1,2.72471
175.0,6,2.737417
-75.0,1,2.739781
-125.0,1,2.742459
50.0,1,2.745152
-25.0,2,2.750264
-75.0,1,2.752888
-75.0,1,2.755489
100.0,2,2.76047
-75.0,1,2.763266
-75.0,1,2.766079
-25.0,2,2.771437
75.0,4,2.781152
-75.0,1,2.783787
75.0,1,2.786475
-25.0,2,2.791311
-25.0,2,2.795969
-25.0,2,2.800537
225.0,4,2.808982
-125.0,6,2.821271
-75.0,1,2.823661
75.0,1,2.825992
-25.0,2,2.830271
400.0,8,2.847462
25.0,6,2.861668
75.0,1,2.864337
-75.0,1,2.867102
-75.0,1,2.869922
-25.0,5,2.881967
-75.0,1,2.884789
-75.0,1,2.887471
75.0,1,2.89014
-75.0,1,2.892633
175.0,3,2.899428
125.0,2,2.904546
75.0,1,2.907117
-175.0,2,2.91179
-25.0,2,2.9165
-75.0,1,2.918966
-175.0,2,2.923639
75.0,4,2.932609
-75.0,1,2.93494
-25.0,2,2.939403
25.0,3,2.946958
-75.0,1,2.949787
-25.0,2,2.955081
-75.0,1,2.957849
-25.0,2,2.963127
-75.0,1,2.966004
-75.0,1,2.968833
-25.0,2,2.974508
-75.0,1,2.977598
125.0,2,2.983708
-25.0,2,2.989385
-125.0,1,2.992126
75.0,1,2.994717
-75.0,1,2.997241
-75.0,1,2.999776
-75.0,1,3.002245
-175.0,2,3.00695
-75.0,1,3.009391
-25.0,2,3.014146
-25.0,2,3.018793
-125.0,1,3.02124
-75.0,1,3.023821
-75.0,1,3.026386
-75.0,1,3.029052
50.0,1,3.031764
75.0,1,3.034622
-75.0,1,3.037262
75.0,1,3.040195
75.0,4,3.049838
75.0,1,3.052739
50.0,1,3.05553
-275.0,3,3.063126
125.0,2,3.068349
25.0,3,3.076362
75.0,1,3.079271
-75.0,1,3.082178
-25.0,2,3.087189
25.0,3,3.094384
-25.0,2,3.099059
-75.0,1,3.101517
125.0,2,3.106118
-75.0,1,3.108585
-175.0,2,3.113132
-75.0,1,3.115575
175.0,6,3.128663
75.0,1,3.131205
-25.0,2,3.135798
125.0,4,3.144803
-125.0,1,3.14732
-75.0,1,3.150112
-75.0,1,3.152966
225.0,4,3.163108
-25.0,2,3.168378
-75.0,1,3.171141
-25.0,2,3.176386
-25.0,2,3.181652
-75.0,1,3.184392
-75.0,1,3.187226
-25.0,2,3.192419
-75.0,1,3.195251
-25.0,2,3.200126
-75.0,1,3.202567
75.0,4,3.211109
75.0,1,3.213424
-25.0,2,3.218052
-25.0,2,3.222694
25.0,3,3.229154
125.0,2,3.233705
-75.0,1,3.236111
175.0,6,3.248864
25.0,2,3.253873
-25.0,2,3.259098
-125.0,1,3.261763
-75.0,1,3.264475
-25.0,2,3.269484
-75.0,1,3.272166
175.0,4,3.282369
-75.0,1,3.285286
25.0,3,3.292685
-175.0,2,3.297813
-75.0,1,3.300329
75.0,1,3.302821
75.0,1,3.305376
-75.0,1,3.307891
-25.0,2,3.312592
75.0,3,3.319441
225.0,4,3.328542
-75.0,1,3.331234
225.0,4,3.340636
-75.0,1,3.343215
-75.0,1,3.345802
-75.0,1,3.348304
-75.0,1,3.351137
-375.0,4,3.361724
-75.0,1,3.364493
75.0,1,3.367305
-75.0,1,3.370074
-25.0,2,3.375356
-125.0,1,3.378256
-25.0,2,3.383528
75.0,1,3.386291
75.0,4,3.395885
-75.0,1,3.398427
75.0,1,3.400943
-75.0,1,3.403358
-25.0,2,3.408004
125.0,2,3.412811
-75.0,1,3.415372
25.0,3,3.422175
-75.0,1,3.42457
-225.0,4,3.433436
-75.0,1,3.435972
-75.0,1,3.438377
-175.0,2,3.443048
25.0,3,3.449583
-25.0,2,3.4548
-125.0,3,3.462472
-25.0,2,3.467763
125.0,2,3.47292
-75.0,1,3.475901
-425.0,6,3.491653
-75.0,1,3.494231
-25.0,2,3.499119
125.0,2,3.503807
75.0,1,3.50633
-75.0,1,3.508766
-75.0,1,3.511262
-75.0,1,3.513717
25.0,3,3.520534
-75.0,1,3.522998
25.0,3,3.529651
50.0,1,3.532202
-25.0,2,3.536877
-25.0,2,3.54162
-75.0,4,3.550502
-75.0,1,3.55313
-25.0,2,3.558273
-75.0,1,3.561004
75.0,4,3.570537
-25.0,2,3.575367
-125.0,1,3.578131
50.0,1,3.580909
-75.0,1,3.583796
-75.0,1,3.586575
125.0,2,3.5914
-75.0,1,3.594008
25.0,3,3.600842
-75.0,1,3.60318
-75.0,1,3.605543
-75.0,1,3.607898
-175.0,2,3.612092
-25.0,2,3.616329
-225.0,4,3.624496
25.0,3,3.63084
75.0,1,3.63314
-75.0,1,3.635469
-75.0,4,3.643694
-25.0,2,3.648094
-25.0,2,3.652978
75.0,1,3.655612
-175.0,2,3.661484
-25.0,2,3.666871
175.0,6,3.682636
-575.0,6,3.69703
-75.0,1,3.699575
-25.0,2,3.704644
-25.0,2,3.709568
75.0,4,3.71868
-75.0,1,3.721488
50.0,1,3.724146
-375.0,4,3.732944
-25.0,2,3.737584
125.0,5,3.748924
75.0,1,3.751646
-25.0,2,3.756813
-75.0,4,4.436099
125.0,5,4.44773
-125.0,1,4.45034
-75.0,1,4.452936
-75.0,1,4.455442
-25.0,2,4.460048
25.0,3,4.466853
-75.0,1,4.46977
-75.0,1,4.4726
-75.0,1,4.475398
-75.0,1,4.478282
-25.0,2,4.483611
25.0,3,4.491831
200.0,4,4.502047
25.0,3,4.509419
-25.0,2,4.514615
25.0,3,4.521798
-75.0,2,4.526492
25.0,2,4.53123
-125.0,3,4.538121
-75.0,4,4.547244
-25.0,2,4.552065
-75.0,1,4.554738
25.0,3,4.561641
50.0,1,4.564027
-25.0,2,4.568398
-225.0,7,4.586304
-25.0,2,4.591732
-75.0,1,4.594594
-225.0,4,4.604873
75.0,4,4.614537
25.0,3,4.621657
-25.0,2,4.626227
175.0,6,4.63868
25.0,3,4.644988
-175.0,2,4.649374
-25.0,2,4.653916
-75.0,1,4.65621
100.0,2,4.660752
-75.0,1,4.663392
-325.0,5,4.67564
-25.0,2,4.681051
-25.0,2,4.686444
-75.0,1,4.689258
-25.0,2,4.694553
-125.0,3,4.70233
-25.0,2,4.70769
75.0,4,4.717245
100.0,2,4.722463
25.0,6,4.735801
-75.0,7,4.751278
25.0,3,4.757783
-125.0,3,4.764147
-75.0,1,4.76652
50.0,1,4.768895
-75.0,1,4.771498
-125.0,3,4.778956
-75.0,1,4.781593
-75.0,1,4.784465
-125.0,3,4.791947
-75.0,4,4.801954
50.0,1,4.804879
-375.0,7,4.820137
-75.0,1,4.822503
175.0,3,4.828909
75.0,1,4.831251
-25.0,2,4.835628
-25.0,2,4.839874
-25.0,2,4.84419
-25.0,2,4.848502
-75.0,1,4.851885
-75.0,1,4.854748
75.0,1,4.8573
-175.0,2,4.862307
75.0,1,4.864876
25.0,3,4.871769
-25.0,5,4.883577
75.0,1,4.88649
-25.0,2,4.89197
75.0,1,4.895012
-175.0,2,4.900534
25.0,2,4.90642
125.0,5,4.918343
75.0,1,4.921084
300.0,6,4.935112
-75.0,1,4.937845
-75.0,1,4.940835
-75.0,1,4.943482
-75.0,1,4.946046
-75.0,1,4.94857
-75.0,1,4.951066
50.0,1,4.953506
-25.0,2,4.958236
25.0,3,4.965018
-75.0,1,4.967546
25.0,3,4.974529
125.0,5,4.989008
-25.0,2,4.994386
-25.0,2,4.999628
-75.0,1,5.002479
150.0,3,5.010213
-125.0,1,5.012925
-25.0,2,5.018212
325.0,8,5.036333
50.0,1,5.038721
-25.0,2,5.0432
-75.0,1,5.045654
-75.0,1,5.048211
-75.0,1,5.050707
25.0,3,5.057215
-75.0,1,5.059664
150.0,3,5.066621
125.0,2,5.071141
-25.0,2,5.076575
-75.0,1,5.079722
-125.0,1,5.082754
-25.0,2,5.088198
75.0,10,5.112337
175.0,6,5.125407
-75.0,1,5.127979
-25.0,2,5.132473
-75.0,1,5.134867
-275.0,6,5.148081
-75.0,1,5.150604
-75.0,1,5.15293
25.0,2,5.157293
125.0,2,5.161678
-75.0,1,5.164106
-75.0,1,5.166524
-25.0,2,5.170877
-275.0,3,5.177788
-25.0,2,5.182937
75.0,4,5.193117
-75.0,1,5.196112
-25.0,2,5.201523
75.0,1,5.204568
-225.0,4,5.217063
50.0,1,5.220115
-75.0,1,5.223186
75.0,1,5.226048
-25.0,2,5.232628
-75.0,1,5.235627
225.0,5,5.248794
25.0,3,5.256604
-75.0,1,5.259414
125.0,2,5.264999
75.0,1,5.268156
-25.0,2,5.273572
-25.0,2,5.279423
-75.0,1,5.282761
25.0,3,5.290924
-25.0,2,5.296391
25.0,3,5.304602
-75.0,1,5.307539
75.0,1,5.310918
75.0,1,5.314009
-75.0,1,5.31707
-75.0,1,5.319946
-125.0,6,5.334806
-25.0,2,5.339844
75.0,3,5.347167
25.0,3,5.354265
25.0,3,5.361864
-25.0,2,5.366508
-75.0,1,5.369108
-125.0,1,5.371692
-75.0,1,5.374131
375.0,10,5.396801
-25.0,2,5.402422
-75.0,1,5.405224
-25.0,2,5.41101
-25.0,2,5.416784
-25.0,2,5.423168
125.0,4,5.433135
-75.0,3,5.440219
-25.0,2,5.445093
100.0,2,5.44981
-75.0,2,5.454254
-75.0,1,5.456658
-75.0,1,5.458951
25.0,3,5.465394
-25.0,2,5.469949
-25.0,2,5.474315
-25.0,2,5.478825
-75.0,1,5.481109
-25.0,2,5.485832
-75.0,1,5.489531
75.0,1,5.492734
-225.0,4,5.503284
-125.0,3,5.511369
50.0,1,5.514242
75.0,1,5.517035
-125.0,3,5.525487
75.0,1,5.528244
25.0,3,5.535782
-75.0,1,5.538253
-75.0,1,5.540817
-25.0,2,5.545673
75.0,3,5.552373
-175.0,2,5.556732
-75.0,1,5.559195
25.0,3,5.565737
-75.0,1,5.568068
-25.0,2,5.572644
-25.0,4,5.581295
-75.0,1,5.583741
-275.0,10,5.607192
-25.0,2,5.612369
-225.0,4,5.621984
25.0,2,5.626574
-75.0,1,5.629275
-25.0,2,5.633771
25.0,3,5.640224
-75.0,2,5.64477
-75.0,1,5.647078
-175.0,2,5.651517
-75.0,1,5.653972
-75.0,1,5.656359
25.0,3,5.663008
-75.0,1,5.665348
25.0,3,5.671823
125.0,2,5.676349
-75.0,1,5.678974
25.0,3,5.686538
-75.0,1,5.689402
75.0,4,5.979855
-175.0,2,5.985414
-25.0,2,5.990982
100.0,2,5.9964
-25.0,2,6.001894
75.0,1,6.004753
-75.0,1,6.007457
-75.0,1,6.010245
175.0,4,6.019651
-175.0,2,6.024714
-75.0,4,6.033126
-75.0,1,6.035529
175.0,6,6.048782
-125.0,3,6.055611
25.0,3,6.062415
275.0,5,6.074008
-275.0,6,6.090166
-75.0,2,6.095431
-25.0,2,6.100594
75.0,1,6.103383
-75.0,1,6.106029
-75.0,2,6.111128
-25.0,2,6.115848
-175.0,2,6.120485
-25.0,2,6.125125
175.0,6,6.137993
175.0,4,6.147468
225.0,13,6.174773
25.0,3,6.18198
75.0,4,6.191804
-25.0,2,6.197412
125.0,5,6.210032
25.0,3,6.216752
200.0,4,6.225417
-75.0,4,6.233747
-25.0,2,6.238053
25.0,3,6.244458
125.0,2,6.248849
125.0,2,6.25325
-75.0,1,6.255609
-75.0,1,6.257928
-425.0,6,6.270682
-75.0,1,6.273317
50.0,1,6.275987
-75.0,7,6.294167
-125.0,3,6.302513
-25.0,2,6.307891
325.0,6,6.323002
-25.0,2,6.328053
225.0,4,6.339033
-75.0,1,6.342061
75.0,4,6.352286
-75.0,1,6.355025
25.0,3,6.364919
-25.0,2,6.37017
-75.0,2,6.375239
-175.0,2,6.380626
225.0,7,6.398942
25.0,3,6.407034
-75.0,1,6.410065
50.0,1,6.412981
225.0,7,6.430093
75.0,4,6.43923
25.0,3,6.446007
175.0,6,6.460329
125.0,5,6.472092
-75.0,1,6.474508
-75.0,1,6.47687
-425.0,6,6.492282
-25.0,2,6.49827
175.0,5,6.511577
-25.0,2,6.517032
-375.0,10,6.53977
-25.0,2,6.544602
-75.0,1,6.547045
-25.0,2,6.551764
25.0,2,6.55617
-75.0,1,6.558652
175.0,6,6.571205
-75.0,1,6.573636
275.0,6,6.58723
-75.0,1,6.590073
50.0,1,6.592946
575.0,9,6.614365
425.0,8,6.631514
-75.0,1,6.633835
-25.0,2,6.638156
450.0,9,6.657028
-325.0,8,6.67419
-75.0,1,6.677073
-25.0,2,6.682195
-75.0,1,6.684875
-125.0,3,6.692518
-25.0,2,6.698056
-25.0,2,6.703032
225.0,7,6.720333
-25.0,2,6.725413
75.0,5,6.736937
-125.0,1,6.739388
25.0,3,6.746608
100.0,2,6.751419
275.0,5,6.762553
-75.0,1,6.764991
-75.0,7,6.781373
25.0,3,6.788589
25.0,3,6.796477
25.0,3,6.804531
175.0,6,6.821814
-75.0,1,6.825737
-75.0,1,6.829304
-25.0,5,6.842805
-25.0,2,6.848533
-75.0,1,6.851393
25.0,3,6.859444
-75.0,1,6.862412
75.0,1,6.865338
-75.0,1,6.868194
75.0,1,6.871163
-25.0,5,6.884057
-575.0,9,6.906693
50.0,1,6.909629
-25.0,2,6.914928
-725.0,12,6.943016
25.0,3,6.950154
25.0,3,6.958139
-25.0,2,6.962955
75.0,1,6.9656
-75.0,1,6.968711
75.0,4,6.97838
-75.0,1,6.980996
-75.0,1,6.983792
-325.0,5,6.996007
-25.0,5,7.007395
75.0,3,7.014192
-175.0,2,7.01935
-25.0,2,7.024215
25.0,3,7.031207
100.0,2,7.035808
-75.0,1,7.038399
-25.0,2,7.043072
125.0,5,7.055932
25.0,3,7.063061
575.0,10,7.08862
175.0,3,7.097183
-25.0,5,7.10955
-75.0,1,7.112149
-75.0,1,7.114843
150.0,3,7.12239
-25.0,2,7.127486
-325.0,5,7.139318
175.0,6,7.153128
-175.0,2,7.158207
-75.0,1,7.161022
175.0,6,7.175663
-25.0,2,7.180847
-25.0,2,7.185829
-75.0,1,7.188447
-75.0,2,7.193304
-75.0,1,7.19596
-25.0,2,7.201158
75.0,1,7.203866
-75.0,1,7.206413
-75.0,1,7.209046
150.0,3,7.215972
-25.0,2,7.220831
-75.0,1,7.223297
-125.0,3,7.229963
-75.0,1,7.23248
-75.0,1,7.541718
175.0,5,7.553696
-225.0,7,7.569461
-25.0,2,7.574261
75.0,15,7.608063
225.0,7,7.624307
-25.0,2,7.629285
75.0,1,7.631863
25.0,3,7.638832
100.0,2,7.643168
-125.0,3,7.65009
-75.0,1,7.6527
400.0,7,7.668358
-75.0,1,7.670701
25.0,7,7.685091
-175.0,3,7.691785
-75.0,4,7.700569
-525.0,7,7.715531
-125.0,3,7.723809
525.0,10,7.74532
350.0,7,7.759983
75.0,1,7.762415
-75.0,4,7.771683
75.0,1,7.774512
125.0,4,7.784743
-25.0,2,7.790253
625.0,18,7.830028
125.0,2,7.834771
-125.0,3,7.841655
25.0,3,7.848125
-225.0,4,7.856714
150.0,3,7.863198
-75.0,7,7.878883
-325.0,5,7.889669
-175.0,2,7.894428
75.0,4,7.903312
-125.0,1,7.905769
75.0,1,7.908272
75.0,4,7.917861
-125.0,3,7.924594
-125.0,6,7.93722
-375.0,4,7.946337
-75.0,1,7.94886
75.0,4,7.95825
-75.0,1,7.960913
100.0,2,7.965608
275.0,15,8.000733
-25.0,2,8.005572
25.0,6,8.019571
-725.0,12,8.045757
-75.0,1,8.048404
-25.0,2,8.053412
-125.0,9,8.073421
-175.0,2,8.078982
75.0,1,8.081795
-25.0,2,8.086644
-225.0,2,8.091679
125.0,8,8.110897
625.0,11,8.135436
25.0,3,8.142457
-75.0,1,8.145081
75.0,1,8.147646
-925.0,17,8.185468
-25.0,5,8.197381
200.0,4,8.206924
475.0,8,8.225603
225.0,6,8.239364
100.0,2,8.244152
50.0,1,8.246769
-75.0,1,8.249398
75.0,1,8.251978
125.0,5,8.263645
225.0,5,8.275349
50.0,1,8.278053
150.0,3,8.285377
75.0,4,8.294772
125.0,5,8.306393
75.0,4,8.315595
-275.0,3,8.323002
-125.0,1,8.325651
-25.0,2,8.330895
-425.0,9,8.351839
-75.0,1,8.354639
300.0,9,8.375613
25.0,3,8.382852
-75.0,1,8.385527
-75.0,1,8.388115
50.0,1,8.390845
-275.0,3,8.397928
75.0,13,8.428173
-25.0,2,8.433359
-25.0,2,8.438337
125.0,8,8.456541
25.0,3,8.463886
-25.0,2,8.468832
-150.0,3,8.47582
75.0,4,8.484536
175.0,9,8.505401
-75.0,1,8.50797
200.0,3,8.515925
25.0,3,8.523239
475.0,8,8.541183
75.0,4,8.550436
25.0,3,8.557595
125.0,2,8.562511
-75.0,1,8.565155
125.0,5,8.576152
75.0,4,8.585031
75.0,4,8.593835
100.0,2,8.598697
-25.0,2,8.603352
-75.0,1,8.605779
25.0,3,8.612303
75.0,1,8.614659
-25.0,2,8.619206
100.0,2,8.623637
-100.0,10,8.644329
-125.0,3,8.651076
50.0,1,8.653735
-25.0,2,8.658435
-425.0,20,8.701051
-25.0,2,8.70585
-25.0,3,8.712848
-25.0,2,8.717519
925.0,16,9.09882
125.0,2,9.104227
-25.0,4,9.114872
600.0,12,9.143638
25.0,9,9.164348
25.0,6,9.178645
125.0,4,9.188095
400.0,8,9.207397
25.0,3,9.214949
-25.0,2,9.21999
-175.0,11,9.246112
125.0,5,9.257859
-75.0,4,9.267086
225.0,7,9.282447
-25.0,2,9.287052
-175.0,2,9.291909
-75.0,1,9.294525
-25.0,2,9.299318
75.0,4,9.308372
-175.0,8,9.326342
125.0,5,9.3382
75.0,7,9.354302
875.0,24,9.409547
475.0,12,9.437074
-75.0,1,9.439674
100.0,2,9.444507
150.0,6,9.458452
75.0,4,9.467891
-75.0,1,9.470486
25.0,3,9.477585
-975.0,16,9.514633
125.0,5,9.526274
-25.0,2,9.53107
-75.0,1,9.533666
175.0,9,9.55409
300.0,5,9.565571
150.0,3,9.572158
125.0,2,9.576901
75.0,3,9.583907
250.0,5,9.594624
-475.0,5,9.605973
225.0,10,9.628734
-25.0,5,9.639498
150.0,3,9.646146
-75.0,1,9.648629
-75.0,1,9.651188
100.0,2,9.656059
-25.0,2,9.661002
-125.0,1,9.663671
-125.0,3,9.670837
575.0,14,9.702017
25.0,3,9.710047
25.0,3,9.718406
-25.0,8,9.737623
100.0,2,9.742523
75.0,4,9.751829
-75.0,1,9.754511
325.0,7,9.770801
-275.0,6,9.785276
225.0,7,9.801307
25.0,3,9.808247
25.0,3,9.815478
-75.0,1,9.818115
-25.0,5,9.829661
300.0,6,9.842958
375.0,14,9.873364
125.0,6,9.886652
575.0,9,9.90686
-25.0,2,9.911826
-25.0,2,9.917016
25.0,2,9.922444
-25.0,2,9.92762
75.0,4,9.938107
25.0,3,9.946626
75.0,4,9.957643
175.0,6,9.97419
-25.0,2,9.979878
-425.0,18,10.030063
-75.0,1,10.033126
-25.0,2,10.038815
50.0,1,10.042021
75.0,4,10.053155
50.0,1,10.056196
50.0,4,10.067583
25.0,3,10.076362
25.0,2,10.082553
225.0,3,10.090774
125.0,8,10.11289
-225.0,7,10.131065
75.0,4,10.140292
125.0,5,10.151872
200.0,4,10.161365
175.0,4,10.170836
125.0,2,10.175403
200.0,4,10.18428
-75.0,1,10.186702
75.0,7,10.202034
75.0,4,10.211998
500.0,16,10.247909
125.0,5,10.259191
800.0,19,10.606155
300.0,12,10.631142
-125.0,6,10.643611
-475.0,8,10.661294
50.0,1,10.663952
600.0,18,10.70608
0.0,3,10.713145
225.0,10,10.740901
450.0,17,10.779667
75.0,6,10.792737
175.0,6,10.805789
25.0,3,10.812481
75.0,9,10.831602
225.0,7,10.846954
-175.0,2,10.851635
800.0,16,10.885422
-75.0,1,10.888025
-75.0,1,10.890501
-75.0,10,10.917305
-75.0,1,10.919915
75.0,7,10.935229
25.0,3,10.942029
-25.0,4,10.952198
75.0,1,10.954914
525.0,11,10.982283
75.0,4,10.992152
125.0,5,11.003518
375.0,12,11.029644
225.0,5,11.041418
150.0,3,11.048335
-75.0,7,11.063615
75.0,4,11.072614
125.0,5,11.085166
700.0,17,11.122589
25.0,3,11.130441
175.0,6,11.145967
250.0,8,11.163932
725.0,21,11.210872
250.0,5,11.222207
575.0,17,11.259796
-275.0,9,11.279868
-25.0,2,11.284899
125.0,5,11.296684
50.0,1,11.299291
-75.0,4,11.308652
50.0,7,11.325289
-175.0,2,11.330973
25.0,3,11.339216
-175.0,2,11.344899
-25.0,8,11.36485
75.0,7,11.38062
175.0,5,11.392336
-25.0,5,11.404033
100.0,2,11.408773
175.0,6,11.422144
75.0,3,11.429129
50.0,1,11.431648
475.0,24,11.484393
225.0,4,11.498369
1075.0,30,11.563545
75.0,1,11.566043
225.0,3,11.57288
300.0,6,11.585639
-75.0,1,11.588002
225.0,7,11.602644
-125.0,3,11.609387
-175.0,11,11.633412
275.0,14,11.666943
-75.0,1,11.669483
125.0,5,11.680776
250.0,5,11.692156
-175.0,2,11.696938
-175.0,3,11.703847
75.0,4,11.712985
75.0,10,11.736699
125.0,5,11.747929
-75.0,1,11.750425
-75.0,1,11.753119
-25.0,2,11.757834
-75.0,1,11.76035
25.0,2,11.765062
-75.0,1,11.767576
-75.0,1,11.770172
-25.0,2,12.050657
-225.0,8,12.069617
25.0,12,12.097204
-25.0,2,12.10208
25.0,3,12.109396
150.0,3,12.116972
100.0,2,12.121697
50.0,4,12.130212
175.0,5,12.141335
25.0,12,12.167367
675.0,16,12.203035
25.0,6,12.217796
-125.0,3,12.225599
625.0,14,12.258264
625.0,10,12.279863
475.0,15,12.31196
100.0,2,12.316853
-25.0,8,12.337684
125.0,5,12.350772
-1150.0,31,12.425248
800.0,16,12.46641
75.0,4,12.477298
-225.0,4,12.488006
-75.0,1,12.491451
350.0,7,12.509517
-1475.0,24,12.573759
-75.0,1,12.576415
250.0,17,12.618461
-125.0,1,12.62171
425.0,11,12.651437
400.0,16,12.69449
125.0,5,12.707785
225.0,13,12.74355
-175.0,5,12.757251
-25.0,2,12.762808
50.0,1,12.765769
-75.0,4,12.77722
675.0,10,12.803298
125.0,6,12.819502
1075.0,21,12.874105
100.0,2,12.879064
-1575.0,24,12.937514
-75.0,1,12.940251
50.0,1,12.943029
25.0,2,12.948088
225.0,7,12.965553
150.0,3,12.973382
-75.0,1,12.976038
-575.0,9,12.999448
325.0,9,13.020886
525.0,11,13.047447
275.0,4,13.058496
275.0,14,13.096996
-225.0,7,13.114776
200.0,4,13.12486
-75.0,1,13.127819
-725.0,11,13.155077
-75.0,19,13.207831
100.0,2,13.213263
150.0,6,13.228607
-275.0,6,13.244059
525.0,24,13.301912
-125.0,1,13.304599
-425.0,8,13.324423
2425.0,48,13.763502
1425.0,28,13.831958
525.0,28,13.89792
175.0,6,13.9124
625.0,13,13.943677
-825.0,13,13.974706
-25.0,2,13.979909
-75.0,1,13.98291
75.0,4,14.000001
50.0,4,14.010377
-75.0,1,14.013402
100.0,5,14.025922
325.0,6,14.041082
50.0,25,14.102901
-25.0,2,14.107991
125.0,2,14.11302
125.0,20,14.155861
-25.0,2,14.160417
175.0,16,14.199936
475.0,18,14.241004
150.0,3,14.248719
25.0,3,14.256206
25.0,3,14.263896
-175.0,5,14.276029
125.0,5,14.287724
150.0,3,14.294547
325.0,9,14.314281
125.0,17,14.35734
25.0,3,14.366116
450.0,15,14.404186
125.0,2,14.409655
-175.0,5,14.422896
-325.0,17,14.46705
175.0,6,14.482523
100.0,7,14.501354
75.0,4,14.511798
100.0,2,14.517351
-175.0,5,14.531108
-25.0,2,14.536987
275.0,16,14.580187
325.0,14,14.615911
225.0,4,14.626077
100.0,2,14.631064
75.0,1,14.633812
25.0,3,14.641201
1625.0,32,14.719352
325.0,8,14.73953
400.0,8,14.760026
25.0,3,14.768036
-75.0,1,14.770946
825.0,14,14.80452
-25.0,2,14.809464
300.0,6,14.823972
25.0,3,14.831442
150.0,3,14.838974
725.0,26,14.903424
75.0,13,15.247809
50.0,1,15.250794
175.0,9,15.273771
100.0,2,15.279392
100.0,2,15.284454
225.0,11,15.310043
200.0,4,15.319828
300.0,19,15.370527
-475.0,5,15.383251
825.0,23,15.437226
25.0,6,15.451347
-25.0,5,15.464736
-25.0,2,15.470069
350.0,7,15.486592
1675.0,39,15.588534
475.0,17,15.627991
75.0,4,15.637471
175.0,6,15.651265
500.0,10,15.674943
-1575.0,40,15.776636
125.0,5,15.78915
1100.0,23,15.84347
25.0,3,15.850883
750.0,12,15.879
100.0,2,15.884256
175.0,9,15.905427
200.0,10,15.927996
400.0,8,15.949204
250.0,5,15.962272
350.0,16,16.003439
25.0,3,16.011705
-475.0,26,16.078474
1900.0,40,16.182173
275.0,5,16.195334
975.0,24,16.255536
-125.0,6,16.270675
625.0,13,16.304307
-75.0,1,16.307003
-25.0,2,16.312412
-75.0,1,16.315536
-275.0,8,16.340287
100.0,5,16.356047
25.0,2,16.363106
-125.0,3,16.373148
50.0,1,16.377036
75.0,22,16.4415
-75.0,1,16.444587
900.0,18,16.495082
-125.0,3,16.503233
50.0,1,16.506336
-25.0,2,16.512702
325.0,9,16.536742
-75.0,4,16.546929
75.0,28,16.910145
-325.0,3,16.917875
1375.0,33,16.999525
-125.0,3,17.007604
75.0,4,17.017456
-175.0,14,17.051667
-125.0,6,17.066818
175.0,6,17.083072
350.0,7,17.100484
-325.0,5,17.114251
-125.0,3,17.122012
25.0,3,17.129752
-75.0,1,17.132402
225.0,7,17.150066
425.0,17,17.194387
200.0,4,17.205082
100.0,2,17.210632
475.0,15,17.24696
625.0,15,17.284645
-25.0,2,17.289845
450.0,9,17.312165
200.0,19,17.359771
150.0,3,17.368522
725.0,26,17.437112
175.0,31,17.525701
-150.0,26,17.589847
325.0,9,17.611761
275.0,8,17.631889
1025.0,23,17.68818
650.0,15,17.725271
325.0,9,17.748771
1050.0,20,17.800355
275.0,14,17.836205
75.0,4,17.846865
350.0,7,17.865334
1025.0,23,17.924144
-25.0,2,17.929713
1550.0,33,18.010767
125.0,5,18.023745
925.0,21,18.076265
50.0,1,18.079265
1025.0,17,18.12005
50.0,1,18.122862
150.0,3,18.130278
-425.0,6,18.14542
175.0,10,18.501075
125.0,5,18.513909
-25.0,2,18.51901
-25.0,2,18.523955
25.0,6,18.539118
575.0,6,18.554743
275.0,6,18.569849
150.0,6,18.584144
75.0,3,18.591408
175.0,2,18.596441
925.0,22,18.646401
-75.0,4,18.655674
-175.0,5,18.667182
25.0,3,18.674276
575.0,20,18.727101
-275.0,9,18.752798
575.0,14,18.791588
600.0,12,18.826617
450.0,9,18.851778
25.0,6,18.868357
250.0,5,18.882949
375.0,15,18.925847
375.0,6,18.943215
50.0,13,18.979656
300.0,6,18.997472
825.0,16,19.038995
275.0,11,19.067702
550.0,11,19.096653
875.0,26,19.159136
100.0,5,19.172788
-75.0,1,19.175774
-75.0,1,19.178701
1325.0,32,19.256928
400.0,8,19.276538
-650.0,20,19.327832
1175.0,24,19.39262
1000.0,17,19.436888
425.0,14,19.473128
-575.0,6,19.488626
-75.0,1,19.491251
300.0,24,19.553887
225.0,4,19.564301
300.0,9,19.58611
200.0,4,19.596318
125.0,7,19.612833
600.0,11,19.638675
175.0,3,19.646337
50.0,1,19.649218
-375.0,13,19.682006
400.0,8,19.701082
-75.0,1,19.703664
50.0,1,19.706314
300.0,9,19.7285
150.0,3,19.73599
150.0,3,19.743444
625.0,15,19.778476
125.0,5,19.790916
-1725.0,31,20.14823
25.0,3,20.155904
300.0,9,20.178045
350.0,10,20.203171
350.0,7,20.220234
975.0,22,20.275535
975.0,17,20.319319
125.0,4,20.329459
625.0,15,20.366937
825.0,16,20.406116
175.0,21,20.455178
-275.0,6,20.469581
75.0,3,20.477631
150.0,3,20.48537
-75.0,4,20.496489
100.0,2,20.502785
150.0,6,20.517965
0.0,27,20.581775
175.0,27,20.644262
100.0,2,20.649683
275.0,20,20.697303
100.0,11,20.723996
775.0,14,20.758898
525.0,13,20.790327
-425.0,9,20.813312
300.0,5,20.826548
175.0,36,20.915609
25.0,3,20.923295
425.0,11,20.949417
300.0,6,20.965729
-400.0,13,20.999972
-375.0,4,21.01064
-175.0,2,21.015938
-425.0,30,21.089994
125.0,8,21.109911
525.0,15,21.143809
425.0,10,21.169775
250.0,8,21.190198
0.0,9,21.213404
-1375.0,17,21.257852
25.0,3,21.266263
250.0,5,21.280517
-75.0,4,21.291421
700.0,14,21.331479
225.0,7,21.351405
150.0,3,21.359571
175.0,9,21.666614
1050.0,13,21.699205
1025.0,23,21.753855
50.0,4,21.763815
-425.0,9,21.786121
500.0,10,21.810457
1750.0,35,21.892495
200.0,13,21.922236
-1475.0,26,21.984109
-475.0,8,22.007328
1350.0,19,22.051649
-50.0,7,22.070413
-225.0,7,22.089012
275.0,8,22.109071
-1050.0,33,22.191301
1925.0,45,22.306422
50.0,1,22.309211
425.0,8,22.329018
450.0,11,22.355927
-175.0,2,22.361468
125.0,5,22.373535
250.0,5,22.386762
125.0,2,22.392007
550.0,8,22.414155
-250.0,21,22.471859
450.0,12,22.506634
1800.0,83,22.714614
350.0,7,22.731841
-400.0,10,22.756302
150.0,3,22.763727
100.0,8,22.782372
-25.0,2,22.787338
75.0,1,22.789882
200.0,10,22.813212
-125.0,1,22.815986
150.0,3,22.823061
500.0,18,22.86418
125.0,4,22.87344
3625.0,68,23.3324
25.0,3,23.340296
650.0,16,23.38128
-125.0,3,23.388743
325.0,58,23.529851
100.0,2,23.534977
100.0,2,23.540057
-150.0,12,23.569042
-75.0,1,23.571549
5025.0,102,23.814621
-275.0,17,23.854761
2425.0,63,24.006207
-675.0,16,24.046048
300.0,5,24.058773
500.0,22,24.116328
200.0,4,24.126593
675.0,16,24.171717
75.0,4,24.182348
200.0,25,24.247024
50.0,1,24.25009
-175.0,20,24.300127
200.0,4,24.309458
150.0,6,24.326011
725.0,11,24.353945
100.0,2,24.359369
575.0,17,24.40102
325.0,12,24.429393
575.0,13,24.460807
-175.0,8,24.788893
150.0,3,24.796291
475.0,20,24.844765
-125.0,3,24.852085
350.0,18,24.894279
-25.0,2,24.899779
300.0,23,24.954259
-275.0,12,24.98334
1000.0,19,25.028796
200.0,16,25.068628
250.0,5,25.081703
-1350.0,18,25.152324
-75.0,1,25.158885
150.0,3,25.176967
250.0,5,25.20533
25.0,3,25.222468
225.0,10,25.272581
-2025.0,41,25.387953
800.0,10,25.413295
275.0,6,25.428745
150.0,3,25.436859
650.0,30,25.513734
-125.0,3,25.52141
2475.0,45,25.632738
1300.0,35,25.721509
350.0,7,25.739623
100.0,2,25.745144
100.0,17,25.788731
-175.0,14,25.82427
75.0,4,25.834991
-175.0,5,25.847686
725.0,10,25.873882
2775.0,47,25.998225
-125.0,9,26.019989
550.0,11,26.04542
300.0,6,26.060611
175.0,9,26.086596
500.0,10,26.111729
50.0,1,26.114334
925.0,15,26.149472
425.0,11,26.481635
550.0,14,26.516645
-125.0,3,26.523958
425.0,11,26.549594
50.0,10,26.573254
-25.0,8,26.593263
-25.0,2,26.606046
450.0,11,26.632416
325.0,15,26.666347
-225.0,9,26.687722
150.0,3,26.695295
800.0,10,26.718515
50.0,1,26.721125
975.0,28,26.786266
1025.0,18,26.828253
975.0,54,26.957372
275.0,7,26.973851
150.0,3,26.981542
75.0,3,26.989659
425.0,26,27.055632
550.0,14,27.092024
-475.0,14,27.127978
325.0,13,27.159232
4375.0,128,27.488227
1000.0,32,27.584949
650.0,13,27.616599
75.0,32,27.698368
725.0,20,27.750629
500.0,9,28.062093
50.0,22,28.115967
-250.0,49,28.233
450.0,9,28.254766
275.0,11,28.282948
-125.0,9,28.305077
50.0,7,28.323546
-850.0,19,28.371091
225.0,13,28.402924
2100.0,75,28.57864
150.0,6,28.593438
200.0,4,28.603899
-425.0,30,28.675218
-25.0,11,28.702137
700.0,23,28.757318
250.0,8,28.7758
150.0,3,28.78312
2175.0,48,28.899206
2200.0,31,28.980695
-75.0,1,28.98358
-500.0,14,29.018946
125.0,8,29.03945
1075.0,24,29.102662
150.0,3,29.110359
150.0,19,29.155889
1425.0,71,29.634017
200.0,4,29.643778
100.0,2,29.648991
250.0,5,29.660509
300.0,4,29.67031
25.0,3,29.678379
600.0,11,29.704655
200.0,4,29.714111
-275.0,21,29.764304
250.0,35,29.845211
-25.0,2,29.850395
50.0,7,29.867543
500.0,13,29.898344
75.0,1,29.901161
2050.0,48,30.019091
-125.0,15,30.056284
875.0,16,30.095413
975.0,31,30.172026
-125.0,24,30.228418
700.0,32,30.304996
275.0,43,30.41209
100.0,2,30.417476
425.0,16,30.458176
300.0,9,30.481528
-100.0,7,30.500746
600.0,15,30.542361
300.0,6,30.558049
475.0,12,30.588372
75.0,7,30.606276
-125.0,6,30.621463
-25.0,2,30.626642
400.0,8,30.646262
1300.0,52,30.770848
950.0,22,30.823713
650.0,12,30.852643
500.0,10,31.185176
50.0,7,31.201518
25.0,54,31.332765
-525.0,36,31.430908
100.0,2,31.436105
750.0,27,31.500829
-125.0,3,31.508603
750.0,15,31.545935
725.0,32,31.620533
400.0,8,31.639831
550.0,9,31.661328
25.0,3,31.668476
-25.0,2,31.673288
400.0,5,31.685184
-25.0,2,31.690366
-100.0,21,31.741324
75.0,1,31.744076
1225.0,20,31.791206
750.0,15,31.828026
1375.0,56,31.961437
-150.0,12,31.993945
325.0,9,32.019449
950.0,18,32.070443
125.0,22,32.132367
125.0,11,32.167056
1225.0,39,32.276514
1025.0,74,32.479576
-1025.0,18,32.843848
325.0,9,32.868535
50.0,10,32.896846
1200.0,31,32.974101
175.0,2,32.979265
200.0,4,32.989602
-450.0,35,33.07605
25.0,6,33.09401
625.0,7,33.11125
500.0,13,33.142601
-300.0,9,33.165026
0.0,6,33.179384
-1300.0,53,33.310228
100.0,26,33.378402
50.0,1,33.381352
-225.0,4,33.39431
350.0,13,33.429155
550.0,11,33.456798
450.0,26,33.523293
75.0,4,33.53378
-1775.0,21,33.585382
600.0,21,33.636336
750.0,23,33.692829
750.0,15,33.732838
-1275.0,16,33.77882
-225.0,4,33.790001
-275.0,4,33.80594
50.0,1,33.809831
-25.0,2,33.819829
150.0,3,33.828734
-575.0,11,33.858459
6275.0,133,34.515891
50.0,1,34.518532
225.0,7,34.537164
275.0,8,34.557727
50.0,1,34.560656
425.0,9,34.592049
200.0,4,34.603113
825.0,13,34.635183
225.0,10,34.661196
250.0,4,34.671693
150.0,3,34.67954
1375.0,41,34.786772
1325.0,50,34.915921
-475.0,67,35.171666
200.0,4,35.192377
150.0,3,35.208867
175.0,15,35.263218
-425.0,15,35.302648
150.0,3,35.31062
50.0,4,35.321151
325.0,19,35.376587
75.0,3,35.386799
125.0,8,35.413657
3475.0,60,35.580494
-425.0,9,35.604736
1875.0,41,35.713425
625.0,13,35.747361
-200.0,24,35.807101
200.0,4,35.818198
200.0,4,35.828376
100.0,5,35.841351
750.0,23,35.897335
1075.0,26,36.263545
250.0,11,36.292343
-50.0,35,36.3887
50.0,1,36.391936
1050.0,21,36.448888
275.0,11,36.478579
650.0,19,36.525526
100.0,2,36.531073
50.0,29,36.60281
50.0,1,36.605675
675.0,21,36.658662
300.0,6,36.674989
400.0,8,36.694785
100.0,2,36.700036
-450.0,15,36.738531
150.0,3,36.746389
50.0,1,36.749352
100.0,2,36.754431
525.0,10,36.778426
2300.0,67,36.942471
625.0,9,36.964935
725.0,25,37.026505
-1050.0,27,37.105157
225.0,4,37.116529
200.0,4,37.127961
25.0,6,37.14363
-675.0,13,37.178987
2875.0,58,37.325355
400.0,16,37.366578
50.0,1,37.369747
-175.0,2,37.375509
1750.0,47,37.501177
100.0,2,37.507773
525.0,18,37.557543
600.0,18,37.910494
1300.0,37,38.00148
50.0,7,38.019337
50.0,1,38.022116
-75.0,1,38.025228
200.0,4,38.035841
-125.0,9,38.058843
750.0,13,38.097067
850.0,28,38.169406
950.0,22,38.225953
275.0,6,38.244148
200.0,10,38.271286
-1150.0,31,38.347346
125.0,5,38.360073
400.0,17,38.402704
950.0,17,38.444341
300.0,9,38.468959
275.0,7,38.486035
-325.0,5,38.497918
1400.0,40,38.602607
1050.0,20,38.651973
925.0,24,38.713671
475.0,17,38.758274
50.0,1,38.761308
925.0,24,38.823589
100.0,2,38.829048
75.0,1,38.831881
2425.0,39,38.933115
425.0,11,38.963131
1425.0,20,39.016499
-1025.0,27,39.085957
100.0,2,39.091992
1350.0,39,39.191028
250.0,26,39.578987
275.0,8,39.598852
25.0,3,39.606403
175.0,6,39.621757
250.0,5,39.634211
75.0,7,39.651241
250.0,26,39.713776
-325.0,5,39.727971
1225.0,35,39.817573
1600.0,40,39.918205
1375.0,33,40.005422
325.0,9,40.028908
200.0,4,40.03927
100.0,28,40.110035
1225.0,27,40.176936
500.0,13,40.208436
425.0,32,40.293164
-1625.0,18,40.340613
-125.0,3,40.349012
1050.0,21,40.404287
250.0,11,40.433059
300.0,6,40.449884
200.0,4,40.460734
25.0,6,40.477231
1925.0,33,40.570256
2025.0,70,40.755924
375.0,13,40.789404
4375.0,101,41.388429
850.0,17,41.436457
300.0,6,41.453473
100.0,2,41.459741
-325.0,29,41.544484
200.0,4,41.555712
2025.0,51,41.686932
100.0,5,41.700299
200.0,22,41.758139
-2800.0,118,42.069821
100.0,2,42.075685
-75.0,16,42.11855
200.0,4,42.129649
1700.0,37,42.233133
-775.0,23,42.294277
-225.0,7,42.314123
-50.0,11,42.344811
50.0,1,42.347771
800.0,12,42.380219
1450.0,23,42.4493
50.0,1,42.452649
225.0,13,42.492614
875.0,22,42.558071
1200.0,24,42.969951
275.0,8,42.99192
50.0,1,42.997576
0.0,12,43.031503
1175.0,83,43.32948
1275.0,23,43.421923
50.0,1,43.424878
25.0,9,43.448655
250.0,5,43.463255
-1050.0,18,43.514411
800.0,25,43.581235
350.0,7,43.599807
125.0,5,43.613709
50.0,1,43.616746
175.0,6,43.633027
550.0,10,43.659313
1075.0,51,43.799923
-125.0,21,43.857828
150.0,3,43.866413
900.0,25,43.935057
1475.0,32,44.0216
150.0,42,44.133033
400.0,8,44.154922
50.0,1,44.157958
-2500.0,75,44.360968
200.0,13,44.397292
1425.0,48,44.825471
150.0,3,44.833732
1100.0,31,44.912306
500.0,10,44.937207
-275.0,3,44.945601
-1925.0,21,45.000801
-175.0,8,45.020639
100.0,2,45.026001
100.0,2,45.031302
100.0,5,45.044825
200.0,4,45.055486
100.0,2,45.062211
300.0,6,45.079863
-375.0,9,45.102301
400.0,8,45.122338
175.0,5,45.135051
475.0,12,45.166773
150.0,6,45.182318
50.0,27,45.262145
300.0,6,45.280951
300.0,15,45.330418
75.0,16,45.37611
150.0,3,45.384824
250.0,11,45.414147
100.0,2,45.419613
425.0,21,45.47781
100.0,2,45.483552
125.0,5,45.497487
2750.0,52,45.649819
925.0,68,45.852938
-25.0,2,45.858429
-200.0,14,45.893736
150.0,3,45.901976
375.0,21,45.958064
50.0,1,45.961044
175.0,5,45.973862
225.0,5,45.986823
175.0,28,46.062049
-1525.0,23,46.118159
175.0,12,46.491813
1425.0,41,46.592
50.0,1,46.594933
250.0,5,46.607281
25.0,3,46.614907
50.0,1,46.617544
50.0,1,46.620901
100.0,5,46.633711
50.0,1,46.636808
2675.0,46,46.749365
400.0,8,46.769148
50.0,1,46.772054
550.0,14,46.806301
200.0,4,46.816987
50.0,1,46.819773
-325.0,14,46.856897
100.0,2,46.862671
225.0,13,46.899199
1175.0,29,46.973418
500.0,28,47.04958
475.0,7,47.067903
1400.0,37,47.170026
150.0,3,47.178687
500.0,13,47.216845
250.0,86,47.470699
50.0,1,47.474984
1000.0,43,47.599492
350.0,6,47.616696
100.0,22,47.678609
1400.0,28,47.770109
-150.0,6,47.788065
800.0,16,47.833001
150.0,3,47.841894
2225.0,131,48.574276
500.0,13,48.612936
50.0,20,48.665431
-725.0,21,48.718844
200.0,16,48.762292
1625.0,59,48.920352
-225.0,36,49.01446
2325.0,106,49.315307
200.0,17,49.364289
600.0,18,49.416338
-325.0,5,49.429459
-850.0,32,49.514305
1250.0,28,49.588178
300.0,5,49.600895
1450.0,26,49.997082
375.0,34,50.083167
350.0,7,50.102054
600.0,12,50.1364
225.0,7,50.154715
550.0,23,50.213371
625.0,14,50.250096
300.0,12,50.280688
-175.0,5,50.294457
750.0,18,50.340096
400.0,29,50.425978
300.0,5,50.439866
200.0,4,50.450828
-425.0,22,50.505212
1775.0,29,50.580777
200.0,4,50.592667
525.0,11,50.621735
2125.0,44,50.73438
-450.0,9,50.759418
2175.0,57,50.901691
500.0,25,50.963286
225.0,7,50.980517
500.0,13,51.013604
600.0,12,51.043156
350.0,13,51.076397
1275.0,28,51.145197
200.0,3,51.153408
75.0,1,51.156196
100.0,2,51.161366
1600.0,72,51.683273
100.0,9,51.705669
150.0,3,51.713405
2200.0,39,51.809776
1400.0,40,51.915437
500.0,17,51.959057
600.0,12,51.990485
6450.0,119,52.306661
1025.0,20,52.361263
25.0,3,52.369606
250.0,5,52.383145
300.0,6,52.399089
400.0,11,52.432302
150.0,3,52.443136
125.0,5,52.459279
975.0,18,52.515005
550.0,17,52.563106
200.0,4,52.573239
25.0,3,52.581263
800.0,15,52.623042
75.0,10,52.648843
-375.0,31,52.729112
550.0,17,52.774355
1250.0,29,52.848568
150.0,6,52.864759
600.0,15,52.916909
-325.0,20,53.010816
300.0,6,53.036836
-50.0,8,53.062361
150.0,3,53.074957
650.0,58,53.627751
1800.0,42,53.769614
400.0,8,53.796612
150.0,3,53.806613
100.0,43,53.93254
-675.0,37,54.094913
550.0,20,54.172176
125.0,17,54.225305
-75.0,1,54.228531
700.0,38,54.330051
100.0,5,54.343126
350.0,10,54.371783
-375.0,13,54.405212
1900.0,48,54.542397
300.0,9,54.570226
150.0,6,54.588815
300.0,6,54.605241
0.0,15,54.646043
775.0,18,54.698827
-350.0,10,54.729214
1675.0,29,54.812737
-75.0,1,54.815981
475.0,12,54.848613
-75.0,1,54.851671
50.0,4,54.861439
100.0,5,54.873579
200.0,10,54.900243
2775.0,108,55.510172
550.0,54,55.642941
150.0,3,55.650455
-150.0,33,55.732553
150.0,3,55.740659
850.0,41,55.845257
-100.0,25,55.911171
-3925.0,83,56.137324
400.0,7,56.158302
775.0,60,56.33035
-1075.0,14,56.369801
325.0,12,56.408225
600.0,21,56.464171
2075.0,34,56.551986
-275.0,81,57.09543
250.0,23,57.15381
-850.0,58,57.30358
550.0,11,57.330835
-475.0,26,57.400969
675.0,16,57.448068
800.0,39,57.56015
800.0,19,57.613571
250.0,5,57.628242
50.0,40,57.746036
800.0,57,57.901107
1075.0,94,58.166544
1225.0,84,58.38347
-475.0,5,58.396592
50.0,1,58.399554
550.0,34,58.808848
150.0,12,58.839589
1750.0,45,58.951437
-1475.0,49,59.081682
-25.0,2,59.087877
50.0,1,59.090781
-150.0,22,59.145975
475.0,13,59.178136
1975.0,32,59.259963
750.0,27,59.330707
-225.0,4,59.342335
150.0,3,59.35091
2300.0,60,59.511291
100.0,5,59.525322
0.0,48,59.652731
1200.0,31,59.741751
1475.0,32,59.827024
1750.0,53,59.967213
400.0,14,60.00331
450.0,13,60.036645
400.0,11,60.065499
175.0,78,60.631213
50.0,40,60.762605
1450.0,27,60.830254
200.0,7,60.848033
150.0,3,60.855396
1525.0,45,60.969774
100.0,2,60.97501
300.0,12,61.005985
50.0,7,61.022895
-225.0,41,61.124214
625.0,49,61.247682
400.0,11,61.277267
-1175.0,24,61.342259
450.0,12,61.375227
-125.0,3,61.391046
2200.0,69,61.57103
100.0,5,61.58511
475.0,12,61.615445
825.0,19,61.666148
250.0,32,61.74792
100.0,11,61.775269
75.0,4,61.785294
50.0,1,61.78811
-75.0,29,62.173032
50.0,62,62.328347
-950.0,14,62.364638
50.0,1,62.36738
3425.0,84,62.600018
100.0,26,62.710003
400.0,8,62.736628
450.0,9,62.765636
600.0,63,62.929518
575.0,91,63.162545
50.0,1,63.165598
725.0,20,63.216871
25.0,6,63.232447
250.0,5,63.245235
2125.0,38,63.347055
-1575.0,46,63.474273
500.0,34,64.04025
-250.0,30,64.139994
500.0,16,64.198398
950.0,26,64.271415
-300.0,24,64.340391
950.0,19,64.390315
-100.0,1,64.3945
2250.0,32,64.535544
-100.0,16,64.60437
450.0,14,64.667963
375.0,28,64.788037
525.0,13,64.844422
550.0,14,64.903903
-300.0,9,64.9405
150.0,3,64.949961
1200.0,29,65.07778
25.0,3,65.092468
-75.0,1,65.09986
2350.0,49,65.370359
350.0,7,65.416106
150.0,3,65.434657
675.0,19,65.546914
400.0,23,65.660427
2875.0,84,66.068698
1125.0,28,66.248042
400.0,7,66.290006
1675.0,168,67.69914
-550.0,31,67.82411
300.0,15,67.887854
150.0,3,67.900381
650.0,13,67.953145
2825.0,42,68.166352
-2850.0,144,68.797842
50.0,1,68.803833
4100.0,105,69.824445
1625.0,50,70.054414
750.0,13,70.123459
1350.0,19,70.203734
325.0,15,70.267658
550.0,10,70.315499
150.0,3,70.32614
400.0,13,70.387533
650.0,27,70.497822
775.0,18,70.577579
550.0,14,70.633914
-50.0,20,70.710377
400.0,8,70.751213
2500.0,50,70.975937
550.0,11,71.035261
650.0,10,71.078254
775.0,11,71.122437
150.0,3,71.131984
400.0,11,71.177475
-525.0,19,71.247387
50.0,10,71.299001
450.0,14,71.356891
200.0,4,71.374493
-500.0,11,71.442097
-100.0,25,71.565587
925.0,30,71.696034
-525.0,7,71.741999
400.0,7,71.77359
150.0,6,71.796887
100.0,2,71.805695
150.0,3,71.816108
275.0,5,71.859149
300.0,54,72.083527
-25.0,36,72.826785
2550.0,59,73.066525
1100.0,24,73.167521
200.0,4,73.185128
400.0,9,73.235076
750.0,54,73.457678
1975.0,30,73.579302
0.0,6,73.608084
400.0,104,74.081238
50.0,1,74.088292
500.0,16,74.148809
-775.0,29,74.273212
300.0,20,74.355368
850.0,17,74.427879
50.0,1,74.432043
550.0,11,74.485978
1025.0,156,75.844379
200.0,4,75.860366
-400.0,10,75.904958
1350.0,56,76.151305
150.0,16,76.22185
200.0,16,76.303299
50.0,1,76.310487
-1000.0,36,76.519918
-1225.0,14,76.582447
250.0,22,76.676853
850.0,15,76.744643
600.0,12,76.793842
-50.0,14,76.84838
1200.0,45,77.051095
-325.0,5,77.072267
1500.0,39,77.238618
150.0,3,77.252511
-1650.0,33,77.377763
2200.0,120,78.535939
150.0,3,78.548499
1900.0,40,78.713388
200.0,22,78.80531
925.0,21,78.897868
700.0,18,78.974442
200.0,10,79.015763
50.0,4,79.033439
-250.0,10,79.085327
75.0,4,79.099449
550.0,20,79.183184
-675.0,22,79.280865
-75.0,1,79.286339
50.0,1,79.291728
1250.0,23,79.388397
100.0,2,79.399948
1300.0,30,79.537733
175.0,36,79.694463
-50.0,17,79.77727
175.0,24,79.877048
2175.0,47,80.09482
-850.0,16,80.166139
1250.0,31,80.309624
275.0,8,80.351327
11600.0,290,82.219347
1525.0,26,82.328735
100.0,5,82.345614
300.0,12,82.401455
300.0,6,82.431784
-425.0,6,82.460083
200.0,4,82.476579
550.0,10,82.516577
450.0,30,82.648167
50.0,1,82.652873
400.0,17,82.733054
550.0,20,82.82435
50.0,7,82.855635
1250.0,60,83.115235
100.0,4,83.132316
650.0,37,83.291008
0.0,3,83.307919
400.0,8,83.344616
200.0,4,83.36448
4250.0,108,84.435198
775.0,21,84.526525
3750.0,92,84.915379
0.0,30,85.04433
200.0,7,85.074697
150.0,3,85.087698
-1025.0,20,85.166356
0.0,15,85.231071
100.0,2,85.238194
200.0,4,85.256411
-225.0,4,85.270339
1150.0,38,85.455106
350.0,16,85.526616
250.0,5,85.551259
500.0,15,85.622124
-1100.0,26,85.741624
250.0,8,85.804635
900.0,39,86.059019
-250.0,93,86.464546
350.0,7,86.491348
150.0,3,86.504514
350.0,92,87.565737
150.0,11,87.6138
500.0,22,87.708329
200.0,4,87.730998
725.0,20,87.850412
525.0,49,88.076705
400.0,14,88.135792
75.0,7,88.163828
6200.0,191,89.142845
300.0,9,89.204156
1000.0,20,89.295685
850.0,55,89.50893
525.0,17,89.581194
400.0,8,90.187691
-750.0,21,90.288781
-400.0,10,90.330882
1400.0,44,90.551099
850.0,14,90.62237
150.0,3,90.63536
400.0,8,90.672365
1625.0,27,90.781777
-1900.0,88,91.1567
-200.0,42,91.346669
100.0,2,91.354105
1700.0,39,91.526407
-150.0,27,91.636711
-100.0,27,91.750873
200.0,4,91.769987
50.0,22,91.86633
350.0,7,91.889486
200.0,4,91.910576
850.0,14,91.97501
-200.0,29,92.100937
50.0,1,92.107071
1150.0,35,92.255905
-100.0,7,92.287765
250.0,5,92.310924
125.0,23,92.40155
1450.0,24,93.225143
150.0,3,93.24015
150.0,9,93.274601
725.0,12,93.324193
375.0,9,93.372871
100.0,2,93.384184
2400.0,43,93.590108
-50.0,46,93.789697
475.0,15,93.847542
1200.0,26,93.973633
600.0,12,94.015788
550.0,11,94.066449
150.0,9,94.105792
1800.0,83,94.467439
100.0,2,94.475721
-375.0,16,94.541715
450.0,9,94.579931
500.0,39,94.764319
400.0,11,94.808278
450.0,9,94.856576
225.0,10,94.905255
-300.0,15,94.979833
3600.0,83,95.346816
-500.0,11,95.398208
200.0,4,95.415072
1000.0,38,96.24979
1500.0,33,96.39783
500.0,9,96.437459
550.0,9,96.475132
225.0,33,96.643024
550.0,32,96.766102
150.0,3,96.783085
2400.0,67,97.116306
-2150.0,35,97.26235
2075.0,40,97.448613
2625.0,31,97.596503
50.0,1,97.603598
200.0,39,97.766364
75.0,4,97.782786
3050.0,104,98.26963
-250.0,25,98.376574
-150.0,8,98.40916
100.0,14,99.009903
425.0,49,99.212221
50.0,4,99.226721
25.0,6,99.250201
2625.0,51,99.500798
4750.0,115,100.04891
250.0,22,100.146415
350.0,76,100.512949
100.0,2,100.521351
900.0,36,100.666298
225.0,6,100.692387
150.0,3,100.713115
1400.0,40,100.880182
-225.0,19,100.958224
250.0,5,100.986957
900.0,20,101.090224
2925.0,69,102.057905
50.0,1,102.063009
50.0,1,102.068463
100.0,2,102.075928
550.0,17,102.145766
300.0,9,102.192172
5300.0,156,102.929746
1100.0,22,103.013109
-300.0,23,103.120754
400.0,8,103.187502
950.0,22,103.29637
400.0,8,103.332242
-100.0,1,103.337689
2200.0,77,103.672138
575.0,14,103.729982
250.0,5,103.75296
500.0,16,103.821628
625.0,15,103.883878
850.0,11,103.933172
-100.0,19,104.016589
150.0,3,104.028918
200.0,7,104.05349
1000.0,17,104.129499
325.0,15,104.19165
500.0,25,104.305061
450.0,24,105.079023
375.0,22,105.167657
-1800.0,45,105.351927
1350.0,187,106.14761
3350.0,75,106.467632
1150.0,40,106.632238
600.0,12,106.679211
450.0,9,106.738697
2175.0,58,107.02948
100.0,5,107.053449
5850.0,176,108.66027
50.0,1,108.667338
-125.0,3,108.687049
1250.0,37,108.966384
250.0,5,109.003917
650.0,13,109.071574
-1400.0,50,109.272418
50.0,1,109.276885
725.0,29,109.396017
350.0,7,109.423737
250.0,93,109.835409
250.0,5,109.858576
775.0,18,109.930647
-75.0,2,109.938285
-3300.0,92,110.308645
350.0,28,111.0082
450.0,12,111.053689
625.0,23,111.159595
350.0,36,111.322061
-350.0,17,111.384378
0.0,12,111.433066
200.0,4,111.455793
-1300.0,86,111.799163
800.0,19,111.913074
350.0,10,111.963118
-200.0,14,112.018571
150.0,3,112.031641
-2850.0,78,112.403796
100.0,2,112.412575
350.0,7,112.443254
-25.0,5,112.466368
50.0,62,112.747593
675.0,29,112.855861
100.0,2,112.869414
-950.0,37,113.021686
150.0,3,113.032751
2850.0,76,113.916457
100.0,2,113.927533
350.0,52,114.143991
50.0,1,114.14913
1550.0,20,114.232961
825.0,36,114.383611
200.0,4,114.39788
450.0,9,114.455024
-200.0,5,114.472999
2250.0,54,114.720133
0.0,24,114.823374
50.0,1,114.828552
-200.0,88,115.199072
1600.0,132,115.781548
4200.0,107,116.991918
1200.0,47,117.189697
900.0,89,117.603023
3450.0,86,117.978327
300.0,18,118.061678
26525.0,559,121.388187
825.0,14,121.450391
1025.0,50,121.694976
150.0,3,121.70888
50.0,1,121.714764
1400.0,31,121.856531
4800.0,119,123.03023
0.0,20,123.14576
-100.0,21,123.24241
-525.0,13,123.298755
-50.0,23,123.386985
-50.0,15,123.442494
2250.0,58,123.698248
3400.0,102,124.150854
-75.0,32,124.284165
150.0,9,124.328052
200.0,25,124.434292
350.0,7,124.466696
-50.0,23,124.564782
-3450.0,129,125.708905
100.0,17,125.806459
50.0,30,125.983797
75.0,1,125.990652
4100.0,78,126.337404
350.0,18,126.413236
500.0,28,126.562346
250.0,5,126.586518
400.0,9,126.620727
400.0,8,126.661117
1575.0,34,126.900643
1000.0,32,127.046923
-550.0,10,127.091447
1100.0,21,127.192583
1400.0,45,127.392875
-375.0,43,127.667732
300.0,21,127.843662
100.0,2,127.857327
-950.0,40,128.095115
-600.0,36,128.298241
350.0,51,129.132088
100.0,2,129.141948
200.0,10,129.181606
1050.0,24,129.303149
450.0,9,129.341972
1150.0,26,129.45348
50.0,23,129.547634
100.0,2,129.558779
150.0,3,129.573086
200.0,13,129.646245
-250.0,18,129.76596
500.0,18,129.850406
150.0,3,129.860535
800.0,19,129.935045
-1050.0,37,130.149042
2100.0,46,130.370958
3400.0,64,130.652515
-150.0,24,130.754177
2800.0,46,130.955922
1050.0,30,131.1122
300.0,6,131.132958
300.0,6,131.160655
2025.0,35,131.303134
-600.0,21,132.034244
150.0,12,132.090667
675.0,18,132.168166
-1000.0,42,132.359137
675.0,19,132.44897
1600.0,28,132.630518
2500.0,50,132.836266
200.0,25,132.945389
1250.0,35,133.093504
-75.0,1,133.098335
400.0,14,133.157121
200.0,10,133.204217
500.0,8,133.233524
150.0,38,133.447688
1650.0,37,133.69961
-75.0,78,134.180079
650.0,16,134.250921
1000.0,20,134.335652
2500.0,48,134.581608
1075.0,28,135.330611
100.0,2,135.343959
600.0,12,135.403331
250.0,22,135.507981
15375.0,342,137.216702
-100.0,16,137.295678
-200.0,74,137.612202
250.0,5,137.635845
1500.0,68,138.658995
-550.0,7,138.687316
450.0,12,138.733516
-350.0,29,138.881282
-600.0,51,139.127499
3050.0,95,139.532773
-150.0,9,139.576629
100.0,2,139.586749
300.0,9,139.627038
1300.0,44,139.837109
800.0,16,139.922109
-650.0,29,140.047716
5600.0,139,140.618277
3050.0,90,141.729229
600.0,12,141.77655
200.0,7,141.800958
600.0,12,141.871493
400.0,7,141.900971
950.0,25,142.017883
450.0,9,142.059078
125.0,2,142.069168
300.0,30,142.198129
2025.0,55,142.416876
150.0,27,142.539662
100.0,2,142.549057
1650.0,33,142.700633
-1225.0,17,142.773001
550.0,32,142.912513
-600.0,31,143.062669
450.0,9,143.125106
250.0,80,143.541002
550.0,14,143.592576
300.0,9,143.636289
450.0,9,143.676051
500.0,9,143.71633
1350.0,89,144.742936
-1100.0,17,144.807293
10125.0,184,145.663417
17925.0,404,148.170241
3325.0,80,148.53544
4750.0,142,149.189628
1050.0,39,149.358904
1450.0,18,149.440941
550.0,20,149.526072
150.0,3,149.540715
1400.0,66,150.450258
-125.0,6,150.473516
-75.0,1,150.47839
850.0,17,150.557753
-450.0,24,150.648705
1550.0,38,150.811903
2000.0,79,151.268035
200.0,4,151.290847
400.0,8,151.326235
0.0,3,151.338519
1250.0,42,151.506277
650.0,36,151.651584
700.0,14,151.710534
-175.0,8,151.749294
3375.0,84,152.101042
-1000.0,58,152.343432
50.0,1,152.347633
1800.0,53,152.580886
-50.0,17,153.329075
3500.0,83,153.710838
2100.0,45,153.97744
550.0,20,154.06093
900.0,21,154.152198
-50.0,35,154.307633
700.0,66,154.584768
50.0,1,154.590529
300.0,6,154.61807
750.0,45,154.827328
1100.0,24,154.937914
6100.0,123,155.519174
725.0,30,155.635375
-75.0,2,155.643477
200.0,4,156.228059
250.0,22,156.325813
50.0,95,156.763712
600.0,12,156.816869
-50.0,11,156.861435
100.0,26,156.962439
800.0,16,157.035038
50.0,1,157.043603
150.0,3,157.063005
-200.0,13,157.108518
-150.0,18,157.188825
350.0,6,157.211426
-400.0,13,157.26244
300.0,6,157.292516
2200.0,111,157.830285
300.0,6,157.863822
1775.0,26,157.977672
6175.0,162,159.46753
900.0,18,159.545151
1950.0,95,160.056343
100.0,2,160.069445
1950.0,36,160.251048
1800.0,35,160.40565
1925.0,63,160.699722
4650.0,116,161.219914
-1050.0,50,161.446847
4950.0,128,162.777648
1500.0,44,162.991107
2500.0,97,163.443631
50.0,4,163.463608
0.0,9,163.517663
150.0,3,163.530373
200.0,4,163.551691
1550.0,36,163.72602
200.0,4,163.74738
-100.0,22,163.850699
-175.0,19,163.934806
1450.0,166,164.723828
200.0,4,164.746163
400.0,8,164.789261
3150.0,57,165.68544
450.0,12,165.737219
600.0,14,165.798732
650.0,11,165.843186
-1300.0,80,166.208472
200.0,4,166.22699
150.0,6,166.253485
250.0,7,166.2846
600.0,12,166.339087
-100.0,4,166.355245
625.0,33,166.503466
1100.0,28,166.62067
-200.0,23,166.730382
50.0,4,166.746625
350.0,22,166.840582
-200.0,20,166.937442
450.0,15,167.010331
3050.0,218,168.639039
1050.0,52,168.85998
50.0,1,168.865423
50.0,1,168.86979
250.0,5,168.889247
0.0,15,168.954682
50.0,4,168.985027
625.0,24,169.094074
950.0,19,169.178201
400.0,23,169.263101
-650.0,17,169.33655
50.0,1,169.341126
3950.0,91,169.780239
250.0,75,170.093313
3500.0,90,170.510917
225.0,7,170.5443
150.0,3,170.558608
1800.0,40,170.738044
-50.0,8,170.764661
450.0,43,171.545158
1350.0,28,171.683587
-1375.0,35,171.824338
1950.0,51,172.10703
-25.0,8,172.14288
-450.0,39,172.314646
250.0,5,172.342225
1200.0,92,172.749954
-50.0,66,173.065849
350.0,19,173.149065
350.0,7,173.181745
400.0,8,173.221709
2300.0,42,173.423417
300.0,6,173.457293
50.0,1,173.463149
-150.0,33,173.664776
-200.0,41,174.497595
200.0,4,174.515724
-100.0,55,174.7568
1300.0,26,174.872571
150.0,63,175.133766
200.0,4,175.157187
1500.0,39,175.327683
1900.0,76,175.668059
-350.0,14,175.729677
3200.0,87,176.117956
100.0,11,176.162681
350.0,16,176.225938
-1750.0,94,176.665594
250.0,5,176.689128
500.0,86,177.677167
450.0,12,177.723965
850.0,16,177.792205
4650.0,131,178.343269
0.0,21,178.428335
1200.0,180,179.2029
50.0,1,179.206187
50.0,1,179.210239
450.0,21,179.29647
-125.0,21,179.392502
-750.0,60,180.248998
500.0,13,180.309535
400.0,23,180.429854
-100.0,7,180.467637
1600.0,32,180.620139
-1050.0,21,180.72012
-325.0,8,180.750222
1950.0,30,180.893033
550.0,11,180.942469
-325.0,25,181.049484
1050.0,33,181.19793
600.0,133,181.883082
200.0,4,181.897321
150.0,3,181.913546
1050.0,21,182.007916
2200.0,37,182.187774
5050.0,163,183.47696
100.0,2,183.488965
50.0,1,183.494979
50.0,1,183.499704
2925.0,81,183.846372
1900.0,34,184.019036
100.0,2,184.03104
600.0,12,184.110727
600.0,12,184.163697
800.0,22,184.252242
200.0,4,184.274404
800.0,13,184.363182
250.0,5,184.387785
250.0,14,184.474687
26475.0,574,187.652817
500.0,10,187.718374
1000.0,13,187.799944
200.0,4,187.822051
100.0,11,187.874267
500.0,13,187.941916
150.0,15,188.008002
450.0,15,188.086896
3100.0,96,189.133823
75.0,3,189.145253
-950.0,67,189.431602
100.0,2,189.439
350.0,16,189.511554
100.0,23,189.60738
400.0,17,189.670099
150.0,29,189.785582
100.0,5,189.807609
1275.0,31,189.939454
8625.0,153,190.647264
1700.0,43,190.834011
125.0,8,190.876839
50.0,1,190.886868
250.0,14,190.969759
-50.0,20,191.067265
900.0,18,191.139738
150.0,3,191.149949
1150.0,27,191.262975
150.0,3,191.275407
200.0,4,191.298857
1100.0,25,192.008201
150.0,9,192.045841
50.0,1,192.051396
-1350.0,86,192.420429
100.0,8,192.448731
100.0,5,192.463954
1250.0,32,192.600323
600.0,12,192.646609
1050.0,23,192.743677
1950.0,56,192.987389
750.0,15,193.054834
750.0,15,193.121848
8050.0,155,193.768732
350.0,6,193.80091
450.0,12,193.856887
350.0,18,193.93084
350.0,34,194.076342
2850.0,72,195.048695
150.0,6,195.073639
50.0,1,195.077704
350.0,16,195.140528
750.0,13,195.199925
300.0,6,195.228003
300.0,15,195.292346
2350.0,59,195.536283
2150.0,103,196.036028
250.0,5,196.060899
1750.0,65,196.356125
200.0,55,196.620924
50.0,1,196.625654
500.0,22,196.712435
150.0,6,196.733441
200.0,4,196.7527
-150.0,6,196.780839
-200.0,22,196.875835
-250.0,27,197.003325
75.0,1,197.007134
350.0,22,197.824967
650.0,25,197.933707
1650.0,42,198.125133
-150.0,9,198.163908
150.0,6,198.186942
700.0,21,198.280598
750.0,27,198.385957
100.0,2,198.394898
900.0,21,198.508326
200.0,4,198.526273
100.0,14,198.586924
300.0,8,198.621155
3550.0,96,199.111712
400.0,8,199.152503
2100.0,34,199.330167
-150.0,33,199.491117
600.0,12,199.548381
1350.0,89,199.946093
5350.0,170,201.31725
100.0,2,201.326376
150.0,3,201.338217
25.0,3,201.348536
-950.0,65,201.625045
300.0,6,201.656452
650.0,30,201.813257
100.0,2,201.821961
100.0,5,201.845345
600.0,15,201.932769
200.0,4,201.956398
1000.0,23,202.059753
350.0,7,202.113268
250.0,5,202.139438
4225.0,125,202.777932
650.0,45,202.971228
2900.0,44,203.158283
1000.0,29,204.001469
-350.0,17,204.065709
550.0,11,204.11245
200.0,22,204.206696
700.0,23,204.304616
1900.0,38,204.467313
250.0,8,204.500412
-75.0,10,204.537189
800.0,22,204.62914
475.0,26,204.749431
200.0,10,204.790488
100.0,2,204.798513
0.0,9,204.841188
575.0,20,204.931771
1600.0,31,205.069793
350.0,7,205.095966
-1150.0,16,205.170446
-200.0,11,205.21132
900.0,44,205.396471
1100.0,19,205.479617
-150.0,30,205.601836
350.0,7,205.638693
50.0,1,205.643471
1850.0,39,205.853177
250.0,11,205.93047
1000.0,38,206.109331
200.0,7,206.140207
450.0,30,206.902417
2150.0,43,207.10386
-50.0,26,207.211252
100.0,38,207.378897
-450.0,138,208.028624
3850.0,120,208.535816
-375.0,7,208.569032
-75.0,16,208.632676
3750.0,88,209.006898
2125.0,32,209.769694
1400.0,110,210.243813
0.0,18,210.336581
150.0,3,210.360132
200.0,10,210.418259
500.0,10,210.463166
200.0,4,210.482205
2450.0,35,210.649139
650.0,18,210.72625
250.0,17,210.805463
1350.0,23,210.911285
1350.0,36,211.077303
300.0,27,211.191568
4150.0,80,211.557373
325.0,9,211.591181
1600.0,30,211.736993
750.0,23,211.833683
200.0,4,211.84977
1200.0,50,212.822576
-25.0,5,212.845705
250.0,5,212.864601
2050.0,53,213.080534
2100.0,47,213.291988
1650.0,32,213.444088
31500.0,722,217.426141
275.0,8,217.465368
400.0,8,217.498705
3025.0,74,217.819327
0.0,12,217.867897
1100.0,101,219.089035
3375.0,90,219.49114
-200.0,5,219.50817
550.0,35,219.667153
250.0,8,219.702653
75.0,4,219.717442
100.0,8,219.754208
750.0,15,219.819151
50.0,13,219.888831
150.0,3,219.900223
1600.0,32,220.043123
1250.0,60,220.301838
250.0,5,220.322414
50.0,1,220.327201
400.0,8,220.365102
300.0,6,220.392315
900.0,21,220.480209
550.0,14,220.530281
1600.0,48,220.713341
100.0,2,220.724091
400.0,11,220.780078
2700.0,90,221.904341
550.0,11,221.981373
-25.0,8,222.014799
350.0,10,222.055223
-400.0,17,222.123884
350.0,7,222.151815
600.0,12,222.206647
1600.0,39,222.416759
-800.0,33,222.572845
-50.0,5,222.600374
5400.0,141,223.238606
700.0,21,223.322179
100.0,2,223.333023
150.0,3,223.349038
350.0,7,223.379115
-800.0,33,223.526703
800.0,19,223.604836
150.0,3,223.61842
300.0,6,223.641046
200.0,7,223.674081
900.0,18,223.746201
2950.0,70,224.047149
800.0,16,224.114577
150.0,20,224.83926
150.0,3,224.852017
400.0,8,224.879085
-425.0,27,224.994386
0.0,21,225.081267
2075.0,31,225.218762
-300.0,122,225.728405
150.0,3,225.738047
200.0,10,225.78306
200.0,27,225.894107
-975.0,13,225.941841
4700.0,126,226.493021
250.0,5,226.515035
550.0,8,226.551849
-225.0,40,226.708627
300.0,9,226.749305
375.0,11,226.799607
-750.0,39,226.969276
375.0,7,227.714967
1150.0,32,227.852024
200.0,10,227.889992
150.0,21,228.012916
750.0,24,228.128007
550.0,11,228.175891
250.0,17,228.243434
350.0,7,228.268271
-50.0,11,228.317709
1100.0,20,228.412494
5050.0,109,228.897486
400.0,11,228.946419
1275.0,131,229.530611
100.0,2,229.539545
1500.0,99,229.994065
2150.0,48,230.814092
200.0,10,230.852403
-1350.0,48,231.057084
1700.0,37,231.212989
2300.0,80,231.576396
-1000.0,16,231.638649
650.0,33,231.79397
50.0,1,231.798217
700.0,38,231.996451
50.0,1,232.002284
1850.0,28,232.114674
300.0,15,232.194809
300.0,6,232.221365
-300.0,12,232.270862
-400.0,34,232.405317
1600.0,50,232.61419
150.0,3,232.628153
1250.0,25,232.730387
-500.0,17,232.805008
50.0,1,232.808702
-450.0,12,233.448749
600.0,21,233.537718
-2275.0,69,233.896161
1200.0,42,234.088346
3150.0,72,234.461424
1000.0,35,234.605155
-250.0,7,234.637694
150.0,3,234.648797
600.0,15,234.711602
850.0,34,234.881641
3150.0,163,235.584867
450.0,21,235.67431
-500.0,14,235.733795
5850.0,179,237.016865
550.0,31,237.138408
500.0,10,237.187191
500.0,10,237.236525
200.0,4,237.255932
-350.0,15,237.324943
-100.0,7,237.357261
100.0,2,237.365098
2750.0,63,237.651103
900.0,32,237.852754
300.0,6,237.885434
1800.0,48,238.097813
25.0,26,238.209582
3000.0,89,238.604956
150.0,3,238.627702
100.0,5,239.237103
250.0,29,239.380051
0.0,33,239.516431
300.0,6,239.542674
2800.0,49,239.742951
1050.0,21,239.872154
500.0,10,239.91079
900.0,48,240.146015
325.0,9,240.177616
450.0,85,240.560872
150.0,12,240.607989
4800.0,131,241.167892
50.0,1,241.173901
100.0,2,241.186934
-650.0,43,241.382586
50.0,7,241.411046
400.0,17,241.477356
250.0,5,241.495508
300.0,6,242.075945
250.0,20,242.202497
4650.0,89,242.600451
1450.0,33,242.748058
350.0,18,242.823085
650.0,16,242.892794
-50.0,14,242.957042
2400.0,63,243.248181
-1500.0,51,243.464519
50.0,1,243.4704
-800.0,53,243.718468
500.0,10,243.757845
2750.0,211,245.32201
150.0,3,245.334853
250.0,15,245.417499
2050.0,141,246.213084
500.0,13,246.270138
0.0,69,246.589807
250.0,7,246.62345
0.0,3,246.63513
1150.0,26,246.740911
-800.0,26,246.920167
800.0,15,246.984001
700.0,26,247.134159
50.0,1,247.140246
700.0,34,247.303449
800.0,25,247.41626
2000.0,67,248.421432
500.0,13,248.472951
450.0,15,248.542925
850.0,20,248.624017
500.0,10,248.667293
150.0,6,248.691886
100.0,17,248.768158
-1050.0,18,248.858579
5700.0,143,249.495372
3925.0,134,250.100253
50.0,1,250.105424
14500.0,360,252.422428
550.0,19,252.508724
250.0,32,252.651251
150.0,3,252.663843
1800.0,42,252.843532
2350.0,95,253.249213
350.0,13,253.30624
900.0,17,253.382917
350.0,7,253.417553
-1400.0,50,254.265101
200.0,7,254.296996
250.0,4,254.315063
-100.0,25,254.412771
-350.0,14,254.488879
3550.0,68,254.779646
-550.0,13,254.827889
400.0,20,254.917379
250.0,8,254.947305
700.0,14,255.01328
100.0,2,255.022215
150.0,3,255.03239
1100.0,55,255.277055
1400.0,40,255.438634
200.0,13,255.48325
50.0,1,255.489142
200.0,10,255.53048
200.0,7,255.55866
-100.0,7,255.597405
500.0,10,255.654334
50.0,1,255.659542
-100.0,19,255.747251
450.0,15,255.80493
4100.0,115,256.275505
650.0,19,256.349528
150.0,22,257.064997
1300.0,32,257.218258
50.0,19,257.298575
50.0,43,257.485176
750.0,15,257.548464
200.0,7,257.593618
-100.0,27,257.717828
-1000.0,54,257.974218
950.0,172,258.79496
250.0,5,258.814701
4550.0,147,259.989625
550.0,17,260.063305
-500.0,38,260.234482
3800.0,194,261.086291
2250.0,53,261.323235
-1200.0,21,261.427615
50.0,1,261.439738
500.0,10,261.48486
1300.0,29,261.613449
-50.0,35,261.750914
900.0,44,261.96566
950.0,34,262.107409
350.0,12,262.709924
400.0,11,262.762541
-300.0,39,262.931478
100.0,2,262.943121
100.0,5,262.960621
50.0,1,262.964923
3900.0,74,263.296885
750.0,27,263.409379
2100.0,47,263.631146
500.0,10,263.674314
1100.0,49,263.888217
3050.0,84,264.276755
-1950.0,90,264.71395
850.0,41,264.884504
1400.0,30,265.63484
500.0,13,265.691754
350.0,7,265.720504
350.0,6,265.746111
400.0,16,265.805345
100.0,2,265.814297
200.0,4,265.832532
2350.0,51,266.060489
-200.0,8,266.11592
400.0,8,266.14959
600.0,15,266.213
200.0,13,266.272104
100.0,2,266.28097
-1450.0,46,266.48009
400.0,23,266.574178
950.0,30,266.69458
100.0,2,266.706056
200.0,75,267.038777
-150.0,28,267.156242
-350.0,24,267.248663
600.0,29,267.397597
250.0,8,267.427732
2150.0,60,267.713491
-100.0,16,267.807888
2200.0,52,268.689182
5500.0,148,269.344884
200.0,4,269.362077
-850.0,19,269.448691
50.0,1,269.453706
50.0,1,269.458292
650.0,19,269.545987
250.0,14,269.627397
650.0,13,269.696505
300.0,9,269.762005
1100.0,91,270.168612
475.0,14,270.230204
1250.0,101,270.651432
-3550.0,97,271.723303
350.0,9,271.763278
700.0,14,271.828199
650.0,48,272.030126
-150.0,9,272.06705
1650.0,31,272.198692
900.0,18,272.273835
750.0,15,272.33537
100.0,5,272.352517
1250.0,25,272.452062
500.0,25,272.568042
50.0,7,272.594222
450.0,9,272.633452
-50.0,16,272.704984
100.0,11,272.750486
3050.0,65,273.122621
750.0,20,273.19819
300.0,27,273.318304
100.0,5,273.338099
-2350.0,50,273.570311
4100.0,202,275.333967
19000.0,443,278.072766
-100.0,7,278.106073
600.0,50,278.353307
100.0,2,278.369977
700.0,35,278.604628
-50.0,20,278.689824
100.0,2,278.698491
350.0,25,278.812778
300.0,6,278.841159
50.0,10,278.884759
150.0,3,278.902686
400.0,8,278.941471
-2650.0,65,279.220754
-75.0,1,279.225971
650.0,16,279.298653
1450.0,32,279.501931
5950.0,178,281.215918
400.0,14,281.273793
300.0,12,281.318014
50.0,1,281.322084
1200.0,44,281.51751
-50.0,17,281.590647
550.0,53,281.839361
100.0,17,281.925487
-100.0,7,281.96229
350.0,13,282.015073
250.0,86,282.42164
50.0,1,282.426857
1400.0,67,282.72141
500.0,18,282.803663
250.0,4,282.818406
1350.0,27,282.934044
-300.0,30,283.06105
13825.0,335,285.123214
150.0,3,285.137822
1200.0,48,285.355852
900.0,28,285.486092
200.0,34,285.63183
400.0,20,285.741876
1300.0,42,285.961771
0.0,54,286.185789
1200.0,33,287.032373
50.0,1,287.042105
-3525.0,112,287.531946
1350.0,45,287.734115
150.0,3,287.750711
100.0,2,287.759214
25.0,3,287.771056
-450.0,12,287.8255
350.0,28,287.957857
200.0,4,287.977941
-25.0,2,287.986403
450.0,14,288.058901
400.0,11,288.112942
100.0,2,288.120931
0.0,3,288.133995
200.0,4,288.15342
400.0,7,288.190711
550.0,23,288.3189
-50.0,14,288.379308
-1450.0,93,288.900764
150.0,5,288.922915
1650.0,37,289.080172
150.0,3,289.091184
25.0,3,289.102591
50.0,1,289.106521
-1400.0,50,289.336938
-1300.0,54,290.260004
100.0,2,290.270806
550.0,11,290.327831
-400.0,57,290.58012
450.0,15,290.652269
150.0,3,290.66725
950.0,19,290.746989
1150.0,23,290.847375
1650.0,40,291.021351
300.0,6,291.045842
100.0,7,291.08129
300.0,6,291.107128
200.0,9,291.147618
-300.0,51,291.380782
1550.0,34,291.546859
0.0,14,291.638011
50.0,10,291.683791
850.0,17,291.751202
200.0,4,291.768979
1350.0,44,291.95236
550.0,17,292.024676
7425.0,121,293.277331
150.0,6,293.305432
300.0,9,293.345835
2200.0,48,293.560691
-1150.0,80,293.940913
1900.0,43,294.170354
700.0,14,294.226326
725.0,17,294.303675
200.0,7,294.334035
-200.0,20,294.427966
700.0,12,294.493912
450.0,18,294.58612
200.0,7,294.620157
450.0,24,294.737077
100.0,2,294.744578
1325.0,34,294.885532
150.0,3,294.898276
100.0,5,294.919805
-50.0,40,295.086693
1250.0,47,295.286651
450.0,9,295.321064
700.0,28,295.440765
-50.0,15,296.101291
350.0,7,296.139077
-50.0,17,296.229255
-150.0,24,296.355848
19625.0,434,298.250443
-625.0,20,298.32731
250.0,5,298.914742
-275.0,6,298.935512
1800.0,92,299.32908
300.0,9,299.365297
350.0,7,299.425156
100.0,2,299.439477
200.0,4,299.460346
350.0,7,299.489604
500.0,10,299.539547
250.0,29,299.662008
250.0,5,299.683917
400.0,8,299.720108
100.0,2,299.732769
3250.0,74,300.04871
550.0,11,300.094208
8725.0,153,300.763893
750.0,36,300.922063
450.0,9,300.959127
750.0,17,301.031054
200.0,4,301.050167
350.0,10,301.097678
700.0,10,301.139019
650.0,13,302.058723
1000.0,37,302.289358
700.0,17,302.378106
150.0,9,302.417808
100.0,5,302.441522
700.0,28,302.553403
300.0,6,302.583102
4150.0,107,303.090775
300.0,16,303.167352
75.0,4,303.183875
300.0,12,303.230175
50.0,40,303.409468
2400.0,211,304.435247
450.0,9,304.476893
150.0,9,305.185827
1700.0,36,305.369614
1500.0,41,305.542743
1150.0,41,305.740076
200.0,7,305.774255
100.0,2,305.788018
1800.0,108,306.326038
100.0,2,306.336739
-1250.0,46,306.552484
500.0,18,306.631796
250.0,126,307.190656
1150.0,53,307.417119
800.0,14,307.502228
1000.0,22,308.324293
3100.0,105,308.806751
200.0,4,308.826767
1750.0,57,309.062812
150.0,3,309.078153
550.0,11,309.116226
-250.0,7,309.149294
-2225.0,34,309.30173
300.0,6,309.326436
3350.0,102,309.800225
200.0,40,309.972908
200.0,4,309.990148
300.0,11,310.033395
1150.0,14,310.093374
100.0,2,310.102852
500.0,17,310.177632
350.0,6,310.201315
250.0,8,310.2404
50.0,1,310.246768
3700.0,198,311.793999
2500.0,71,312.105669
250.0,14,312.2101
200.0,19,312.316053
100.0,2,312.324015
-1050.0,60,312.611689
650.0,31,312.787739
400.0,8,312.831049
1750.0,39,312.987769
150.0,24,313.096114
1725.0,62,313.373645
1250.0,26,313.485051
250.0,20,313.572924
3650.0,66,314.631184
250.0,8,314.662525
100.0,2,314.671579
1025.0,38,314.833005
500.0,10,314.88276
550.0,23,314.98509
150.0,6,315.007708
1350.0,44,315.20712
2250.0,83,315.597691
3475.0,144,316.407819
150.0,15,316.47244
750.0,17,316.550982
200.0,4,316.572223
450.0,9,316.609229
800.0,42,316.794389
200.0,4,316.810453
100.0,2,316.822633
0.0,27,317.575335
50.0,10,317.617299
750.0,18,317.690239
5150.0,111,318.163621
600.0,12,318.220706
-450.0,47,318.466614
1250.0,43,318.717175
300.0,12,318.792813
50.0,10,318.8552
200.0,4,318.877611
-1650.0,80,319.230798
25.0,6,319.255236
250.0,5,319.271238
2600.0,42,319.451836
1350.0,34,319.588609
1175.0,27,319.697448
-50.0,8,319.734615
900.0,34,320.61649
1950.0,75,320.935094
450.0,18,321.056911
250.0,5,321.081195
2125.0,53,321.305621
2350.0,51,321.530192
150.0,6,321.558829
500.0,22,321.650949
950.0,31,321.789061
1200.0,27,321.9086
5000.0,147,322.601888
350.0,22,322.695589
-250.0,12,322.749237
650.0,16,322.814251
1450.0,35,323.60658
2800.0,103,324.097463
-300.0,12,324.150925
-1050.0,131,324.733478
1000.0,20,324.816375
350.0,6,324.840552
500.0,19,324.922995
200.0,4,324.93835
900.0,48,325.145869
750.0,14,325.198814
550.0,18,325.290996
3250.0,80,325.625352
1600.0,97,326.783889
200.0,4,326.80339
1100.0,30,326.936918
200.0,4,326.950246
-3450.0,99,327.521359
-1400.0,67,327.854786
450.0,28,327.978308
2950.0,88,328.441978
1350.0,27,328.562715
300.0,21,328.657973
1550.0,43,328.839318
100.0,2,328.85063
600.0,21,328.936905
600.0,65,329.890775
800.0,126,330.423789
-200.0,14,330.478421
300.0,57,330.706157
500.0,61,330.983429
200.0,7,331.014078
400.0,10,331.056742
1150.0,50,331.268188
-200.0,14,331.327544
1000.0,35,331.480425
600.0,12,331.529745
600.0,21,331.614798
50.0,1,331.620232
600.0,15,331.684529
50.0,1,331.688025
250.0,8,331.726134
300.0,6,331.770084
1100.0,27,332.528247
450.0,11,332.577379
150.0,3,332.593751
200.0,4,332.614252
1450.0,45,332.864173
-600.0,12,332.936634
350.0,7,332.967111
100.0,2,332.97494
1150.0,23,333.070805
26150.0,629,336.550411
200.0,22,336.647402
50.0,1,336.651145
325.0,8,336.688381
1650.0,196,337.525785
150.0,3,337.540883
150.0,18,337.617339
-850.0,13,337.676057
-700.0,28,338.41759
200.0,7,338.450634
0.0,3,338.46759
100.0,5,338.502652
2675.0,69,338.817997
150.0,6,338.841493
150.0,48,339.111433
1100.0,25,339.223445
4175.0,145,339.822778
175.0,6,339.850918
150.0,3,339.862016
950.0,22,339.951421
900.0,19,340.038737
350.0,7,340.067173
1100.0,34,340.211621
300.0,9,340.255049
2450.0,70,340.574858
150.0,18,340.652532
-1100.0,26,341.465179
500.0,10,341.5275
-100.0,4,341.544111
2900.0,61,341.815615
100.0,8,341.846632
1600.0,49,342.064943
300.0,6,342.091681
350.0,7,342.126772
650.0,51,342.347259
-800.0,14,342.413783
1000.0,42,342.60646
-1100.0,52,342.838062
150.0,3,342.852125
-300.0,18,342.926531
800.0,28,343.047373
1650.0,51,343.261419
400.0,8,343.295765
1275.0,49,343.492069
450.0,11,343.541028
1450.0,35,344.265908
1600.0,28,344.39228
-200.0,11,344.440156
-150.0,100,344.86921
350.0,31,345.001685
-1600.0,78,345.333726
550.0,11,345.384261
450.0,9,345.419818
850.0,17,345.517173
1100.0,22,345.657776
-2400.0,78,346.139323
-1350.0,48,346.35691
150.0,3,346.373263
850.0,20,346.454938
1550.0,32,346.593253
0.0,9,346.633468
150.0,12,347.224005
450.0,15,347.291732
50.0,4,347.311338
350.0,10,347.3541
5600.0,142,347.956483
200.0,37,348.111619
200.0,18,348.179811
250.0,20,348.260505
900.0,27,348.375957
700.0,12,348.424897
-150.0,30,348.550949
250.0,14,348.613111
-300.0,69,348.905885
200.0,21,348.996341
100.0,2,349.007279
1200.0,40,349.192276
4850.0,117,350.452114
-250.0,16,350.559979
2450.0,205,351.54786
400.0,17,351.625323
100.0,2,351.634104
-100.0,7,351.658989
150.0,45,351.86924
100.0,2,351.87876
1150.0,32,352.033448
850.0,35,352.206724
3800.0,78,353.225169
900.0,26,353.362254
300.0,5,353.381193
450.0,9,353.413669
250.0,5,353.436627
1000.0,20,353.553653
400.0,8,353.604452
400.0,8,353.675229
400.0,52,353.987613
300.0,6,354.009783
1950.0,195,354.965502
2300.0,53,355.196659
2100.0,78,355.533831
3550.0,64,356.487617
-225.0,34,356.619379
2750.0,45,356.810784
1100.0,105,357.26113
550.0,14,357.322464
1300.0,43,357.532586
14550.0,361,360.099428
1025.0,18,360.181387
-200.0,29,360.308943
1950.0,43,360.504485
1250.0,28,360.625001
-800.0,41,360.812163
950.0,21,360.926219
375.0,8,360.980711
1150.0,29,361.131541
4200.0,229,362.800971
150.0,6,362.832428
150.0,3,362.846893
200.0,12,362.907828
4300.0,83,363.273137
1050.0,26,363.389913
500.0,8,363.428622
800.0,27,363.544642
650.0,16,363.610285
200.0,7,363.638359
1250.0,26,363.738175
3100.0,94,364.148033
4150.0,111,364.75008
4850.0,137,365.970665
3200.0,79,366.295094
3150.0,78,366.610814
5150.0,150,367.265694
-50.0,23,367.379968
3700.0,109,368.44241
2550.0,41,368.615242
250.0,5,368.636423
200.0,3,368.647008
600.0,30,368.770742
2950.0,55,369.049856
1775.0,56,369.283728
1000.0,83,369.647393
50.0,1,369.651545
150.0,17,369.719059
50.0,1,369.724452
650.0,13,369.770799
100.0,2,369.779582
2000.0,50,370.034363
1150.0,59,370.321155
700.0,23,370.419248
1050.0,32,370.558351
-600.0,98,371.559878
300.0,15,371.62813
1650.0,83,371.990015
250.0,26,372.101578
600.0,12,372.151627
-650.0,17,372.222043
100.0,2,372.232116
200.0,7,372.257148
-50.0,29,372.37902
300.0,6,372.404292
2450.0,62,372.655154
50.0,1,372.660622
200.0,27,372.775397
50.0,9,372.812877
-700.0,28,372.9238
450.0,9,372.960665
200.0,24,373.063936
3300.0,75,373.380764
500.0,30,374.259484
1700.0,52,374.494018
950.0,19,374.573902
400.0,26,374.675703
325.0,9,374.713271
700.0,24,374.806372
100.0,2,374.816433
500.0,28,374.942932
300.0,6,374.965378
1150.0,43,375.153258
250.0,33,375.290505
200.0,4,375.325373
350.0,16,375.384406
6200.0,125,375.900032
250.0,14,375.958002
1800.0,32,376.095337
1250.0,79,377.033403
-350.0,94,377.41296
550.0,11,377.456933
3850.0,97,377.863331
1200.0,24,377.96208
50.0,1,377.968019
50.0,1,377.972787
-50.0,19,378.052606
100.0,2,378.059136
100.0,2,378.068907
50.0,1,378.074782
400.0,14,378.136624
400.0,29,378.255499
250.0,5,378.278859
275.0,17,378.376594
-2050.0,97,378.840358
3300.0,91,379.811738
2050.0,62,380.079034
150.0,6,380.118839
-600.0,18,380.19497
200.0,7,380.223889
400.0,14,380.286594
1100.0,34,380.429098
2200.0,82,380.769966
-50.0,5,380.794308
750.0,27,380.904303
4900.0,190,381.672641
0.0,30,381.801978
400.0,35,382.580257
150.0,3,382.594761
200.0,7,382.629242
500.0,29,382.82002
-200.0,8,382.858392
100.0,2,382.871589
4850.0,125,383.434496
500.0,31,383.559883
2000.0,111,384.09929
900.0,22,384.217916
350.0,7,384.245974
650.0,40,384.432838
300.0,15,384.508722
650.0,55,384.78576
150.0,3,384.799773
-750.0,83,385.841524
50.0,1,385.846768
350.0,7,385.877809
350.0,10,385.91794
1500.0,46,386.131926
-1100.0,59,386.393268
150.0,3,386.407185
2150.0,53,386.66532
450.0,9,386.698733
750.0,15,386.759302
450.0,14,386.819629
275.0,8,386.856013
0.0,18,386.937454
150.0,3,386.948052
4750.0,124,387.577109
350.0,33,387.720283
350.0,7,387.749128
700.0,14,387.805142
550.0,23,387.89572
100.0,2,387.903542
700.0,62,388.779727
1150.0,59,389.120537
1100.0,31,389.327995
250.0,5,389.352587
250.0,5,389.369878
2575.0,54,389.652729
2900.0,93,390.084432
350.0,7,390.116309
-1200.0,18,390.190409
350.0,10,390.234054
-150.0,6,390.259356
550.0,20,390.34574
150.0,3,390.356022
100.0,2,390.362412
1000.0,57,390.63711
400.0,8,390.684139
50.0,1,390.687529
550.0,23,390.795068
300.0,15,390.865806
1350.0,26,391.014465
400.0,77,391.906098
-950.0,50,392.114187
300.0,5,392.134333
400.0,8,392.162288
3450.0,89,392.54325
50.0,142,393.120994
650.0,13,393.179728
2550.0,51,393.450486
37900.0,841,398.468125
650.0,24,398.572189
-550.0,54,398.80308
-900.0,21,398.927213
150.0,11,398.981873
100.0,23,399.073398
100.0,5,399.0906
850.0,20,399.174176
8200.0,196,400.823858
250.0,5,400.846627
50.0,1,400.851295
50.0,1,400.856688
950.0,31,400.987492
750.0,17,401.060314
550.0,11,401.103428
100.0,2,401.115158
2850.0,76,401.43836
100.0,2,401.446777
600.0,15,401.504043
300.0,8,401.541595
-500.0,14,401.603822
1050.0,45,401.783047
200.0,73,402.172684
-300.0,83,402.525885
2250.0,34,402.664251
200.0,4,402.682925
-250.0,21,402.770239
750.0,15,403.491534
1250.0,34,403.730427
200.0,4,403.756421
150.0,9,403.811308
200.0,13,403.8773
1650.0,202,404.721511
2150.0,206,405.67569
350.0,7,405.704487
450.0,15,405.764653
1400.0,31,406.538216
150.0,33,406.68021
50.0,1,406.685505
50.0,13,406.735301
250.0,17,406.807339
-1150.0,67,407.084196
300.0,24,407.193305
-250.0,34,407.341534
-600.0,54,407.583345
300.0,6,407.610921
350.0,13,407.671766
100.0,5,407.692518
400.0,13,407.744296
450.0,9,407.780105
150.0,3,407.790823
4125.0,68,408.131364
150.0,3,408.144361
150.0,3,408.164821
1100.0,116,408.729204
600.0,12,409.414061
150.0,3,409.427995
150.0,24,409.542326
100.0,2,409.562324
300.0,6,409.607384
150.0,3,409.630851
-400.0,36,409.88218
300.0,6,409.913729
250.0,5,409.941381
450.0,66,410.213503
300.0,9,410.253592
200.0,12,410.3081
25.0,29,410.437714
1950.0,51,410.659609
750.0,15,410.721318
1150.0,88,411.166552
175.0,18,411.24748
300.0,9,411.289027
425.0,18,411.364289
250.0,5,411.387722
150.0,3,411.403166
100.0,2,411.413682
400.0,11,411.465957
50.0,10,411.510056
100.0,2,411.521554
550.0,11,411.56709
1350.0,35,411.734143
300.0,82,412.683712
400.0,11,412.736308
350.0,10,412.781995
1900.0,43,412.966335
50.0,1,412.970274
3550.0,74,413.302577
150.0,51,413.536086
300.0,6,413.559878
200.0,4,413.584842
1550.0,25,413.754229
450.0,15,413.857994
500.0,10,413.902718
600.0,33,414.048701
300.0,24,414.216477
-50.0,20,414.309213
250.0,8,414.34578
300.0,15,414.409719
1550.0,94,414.836157
-450.0,25,415.529228
-350.0,107,416.132882
1750.0,40,416.386344
850.0,173,417.178963
400.0,8,417.213847
100.0,5,417.238251
450.0,18,417.325798
1150.0,25,417.450541
350.0,13,417.51285
200.0,4,417.527011
150.0,29,417.665945
200.0,7,417.688697
-2950.0,106,418.878745
150.0,3,418.903983
5675.0,156,419.595441
550.0,23,419.694852
1150.0,44,419.958417
600.0,7,419.987485
-2300.0,116,420.606996
700.0,35,420.755199
2700.0,54,420.984347
650.0,11,421.03388
150.0,6,421.060358
450.0,9,421.092645
450.0,15,421.173904
22950.0,568,425.187442
1300.0,25,425.308758
450.0,12,425.358343
600.0,15,425.4235
250.0,8,425.456662
7850.0,234,426.535576
7150.0,220,428.032901
200.0,22,428.129802
2600.0,59,428.372745
2700.0,235,429.388084
250.0,8,429.424206
-1100.0,46,429.734383
50.0,7,429.770847
400.0,23,429.882904
100.0,26,429.995195
50.0,1,429.999371
400.0,21,430.127308
2950.0,94,431.173292
600.0,39,431.349401
3550.0,65,431.631218
600.0,12,431.689274
250.0,8,431.723956
700.0,12,431.771248
1275.0,25,431.885768
100.0,2,431.893263
-2600.0,70,432.217326
0.0,9,432.261139
2850.0,54,432.507832
-150.0,6,432.538898
250.0,5,432.562585
150.0,21,432.642751
900.0,24,432.745389
150.0,3,432.757865
-100.0,7,432.791138
400.0,8,432.841951
-400.0,10,432.888775
4300.0,231,434.553942
550.0,11,434.604363
1050.0,13,434.654199
3600.0,105,435.129375
600.0,15,435.196737
0.0,9,435.242156
550.0,35,435.376582
500.0,41,435.537169
300.0,36,435.716513
200.0,4,435.732994
1450.0,23,435.886793
1150.0,47,436.607638
0.0,6,436.636336
150.0,42,436.801398
-1175.0,38,436.956596
200.0,4,436.978235
550.0,17,437.039008
300.0,6,437.067614
200.0,4,437.081432
-450.0,9,437.116664
100.0,2,437.128428
200.0,4,437.146323
850.0,60,437.417075
1175.0,39,437.586463
-200.0,38,437.741616
-175.0,69,438.09471
2350.0,63,438.390331
150.0,3,438.405503
250.0,23,438.502439
-400.0,16,438.57236
350.0,40,438.785995
100.0,2,438.797211
350.0,28,439.560785
300.0,11,439.610816
-50.0,62,439.862946
-800.0,17,439.93281
450.0,9,439.970324
2350.0,54,440.209683
550.0,14,440.271715
350.0,7,440.295892
3100.0,91,440.684473
0.0,3,440.711543
-3150.0,39,440.877272
-250.0,49,441.096833
-3000.0,80,441.447918
5350.0,104,442.429751
500.0,13,442.482187
250.0,5,442.498921
700.0,21,442.589247
200.0,27,442.69488
-1000.0,35,442.840609
400.0,11,442.885169
350.0,16,442.958289
600.0,9,442.998972
350.0,34,443.142737
-200.0,8,443.176291
300.0,9,443.213949
350.0,7,443.244457
700.0,88,443.742671
1550.0,48,443.973876
-100.0,19,444.077505
850.0,20,444.189219
1000.0,167,445.495313
13750.0,345,447.010896
2100.0,39,447.169343
1050.0,27,447.27844
650.0,25,447.408472
250.0,5,447.431208
2100.0,110,448.611193
19200.0,512,451.438009
150.0,3,451.451047
-50.0,14,451.500803
350.0,15,451.568691
550.0,13,451.611317
1300.0,21,451.700009
100.0,5,451.722835
650.0,62,451.984277
100.0,2,451.993471
2600.0,62,452.309071
300.0,6,452.332154
50.0,1,452.336146
5600.0,113,452.81777
1600.0,71,453.13625
1300.0,29,453.865647
800.0,15,453.938999
0.0,9,453.972213
50.0,1,453.976498
800.0,19,454.056099
50.0,1,454.062973
-950.0,17,454.135418
50.0,1,454.139706
800.0,40,454.315983
1400.0,158,454.969941
1650.0,51,455.201391
150.0,6,455.227387
-1300.0,83,455.569422
0.0,3,455.580327
100.0,2,455.587448
450.0,9,455.627233
350.0,12,455.672195
350.0,31,455.795662
-50.0,17,455.871501
250.0,10,455.907455
550.0,16,455.972258
-650.0,71,456.867529
1200.0,94,457.26685
1600.0,34,457.406015
800.0,16,457.468821
500.0,10,457.513789
450.0,19,457.591986
4750.0,215,458.583078
-750.0,15,458.678191
6150.0,188,460.039057
250.0,28,460.148015
150.0,3,460.163833
2900.0,62,460.427593
300.0,6,460.468028
900.0,12,460.523705
700.0,23,460.6285
-1000.0,58,460.921094
250.0,11,460.996338
-100.0,13,461.088376
700.0,56,461.408003
350.0,7,461.442238
100.0,2,461.450741
600.0,12,461.506272
950.0,20,461.59458
550.0,14,461.657214
1700.0,31,461.786412
400.0,32,462.60779
2850.0,93,463.064528
350.0,28,463.184218
150.0,3,463.197833
-1500.0,101,463.611215
-1150.0,25,463.714003
5050.0,154,464.350382
1100.0,40,464.531529
50.0,1,464.535235
2100.0,36,464.695188
650.0,19,465.383962
900.0,18,465.458454
1650.0,45,465.643613
150.0,3,465.658689
50.0,1,465.662852
200.0,4,465.679134
350.0,8,465.711314
250.0,68,466.003763
750.0,17,466.075281
200.0,10,466.118092
-150.0,45,466.321771
550.0,12,466.394623
800.0,45,466.593926
900.0,23,466.691309
3750.0,110,467.156173
250.0,23,467.245676
2250.0,102,468.281756
350.0,5,468.304814
1000.0,18,468.382831
400.0,18,468.46109
2200.0,75,468.779845
1950.0,47,469.040346
500.0,7,469.07293
3950.0,125,469.611301
150.0,3,469.623612
400.0,11,469.670609
200.0,10,469.714554
450.0,12,469.758838
250.0,5,469.780645
4900.0,106,470.249983
300.0,15,470.347169
350.0,10,470.406871
200.0,4,470.433318
700.0,26,471.221953
550.0,11,471.274947
450.0,12,471.318231
4500.0,99,471.751024
650.0,13,471.814481
800.0,16,471.877488
350.0,7,471.911381
350.0,16,471.977064
375.0,10,472.016551
3600.0,212,473.07819
1550.0,31,473.210251
1250.0,25,473.306707
3350.0,87,474.342013
50.0,1,474.345897
5200.0,150,474.98258
-1100.0,62,475.278807
200.0,4,475.30137
750.0,33,475.440078
150.0,32,475.575485
250.0,32,475.713963
450.0,12,475.771115
650.0,52,475.986058
350.0,33,476.122929
250.0,8,476.152702
750.0,15,476.21842
450.0,33,476.972
900.0,18,477.052189
5100.0,134,477.63876
50.0,1,477.64253
8350.0,199,478.534865
450.0,15,478.606233
1450.0,30,478.726502
500.0,22,478.819259
400.0,8,478.854244
-1400.0,71,479.165934
1550.0,47,479.976139
-200.0,19,480.090749
1150.0,23,480.214786
200.0,4,480.232158
18450.0,462,482.935897
1450.0,29,483.073922
200.0,4,483.094061
-350.0,11,483.146246
0.0,6,483.171503
-1300.0,86,483.559128
850.0,17,483.631832
2250.0,40,483.814798
300.0,17,483.894957
29500.0,689,487.777219
500.0,10,487.822074
200.0,3,487.835322
-50.0,11,487.888732
2450.0,115,488.987453
-400.0,22,489.08329
-400.0,117,489.619093
7700.0,231,490.715515
-100.0,16,490.78484
300.0,6,490.840303
200.0,13,490.903912
200.0,10,490.95158
2800.0,57,491.917217
550.0,11,491.963894
50.0,1,491.970069
150.0,6,492.001982
1000.0,24,492.104315
350.0,7,492.137158
750.0,21,492.226034
50.0,1,492.230825
-250.0,60,492.490706
7100.0,219,493.467574
600.0,12,493.526543
1550.0,49,493.829006
200.0,4,493.851103
4200.0,66,494.155965
2850.0,54,495.071386
2850.0,84,495.452412
550.0,22,495.585726
650.0,16,495.662092
1350.0,160,496.453176
-150.0,18,496.560884
1100.0,22,496.673448
600.0,11,496.720949
200.0,4,496.735679
300.0,12,496.78832
250.0,16,496.858012
200.0,4,496.871636
-1000.0,22,496.964257
150.0,15,497.026923
400.0,11,497.068447
300.0,18,497.140473
2100.0,65,498.061308
-1300.0,65,498.537185
900.0,18,498.629991
150.0,6,498.653915
1100.0,26,498.764843
100.0,2,498.775614
50.0,1,498.780118
16500.0,392,501.267777
6050.0,122,501.827644
1050.0,21,501.911142
2200.0,51,502.129194
350.0,7,502.158865
1000.0,19,502.236401
-1250.0,81,502.590786
34650.0,767,508.07874
-200.0,11,508.135481
950.0,14,508.199975
-100.0,13,508.260169
3250.0,91,508.643346
400.0,11,508.700215
12600.0,323,510.848409
4000.0,201,511.787057
650.0,51,512.057458
4450.0,118,512.585604
-900.0,54,512.836775
250.0,5,512.855782
150.0,6,512.880642
150.0,3,512.894594
150.0,18,512.968861
-50.0,92,514.267833
450.0,9,514.312255
2550.0,59,514.570093
-300.0,12,514.623969
400.0,20,514.705029
25450.0,617,518.332106
250.0,5,518.353134
-350.0,38,518.518674
700.0,139,519.137841
200.0,4,519.159988
150.0,3,519.176182
300.0,6,519.208195
200.0,4,519.230726
550.0,11,519.287035
600.0,78,520.707087
-800.0,53,520.938599
600.0,15,521.007176
50.0,7,521.036758
1650.0,143,521.734173
500.0,17,521.792254
5300.0,138,522.1841
550.0,23,522.239473
750.0,23,522.297723
50.0,24,522.366435
350.0,27,522.439679
-300.0,57,523.131494
0.0,3,523.139955
2000.0,58,523.294423
550.0,11,523.324398
500.0,16,523.365015
4050.0,104,523.626038
50.0,1,523.62902
1450.0,47,523.751949
2900.0,94,524.000954
1300.0,27,524.068343
-150.0,12,524.098267
200.0,31,524.176389
200.0,4,524.187885
1275.0,32,524.283919
-950.0,40,524.731143
100.0,2,524.736337
-1300.0,103,524.994061
2400.0,41,525.095098
450.0,9,525.118004
50.0,28,525.187917
250.0,8,525.207636
550.0,20,525.259384
500.0,22,525.325263
50.0,1,525.328795
350.0,7,525.351386
-2050.0,61,525.524271
2000.0,43,525.63717
250.0,5,525.651262
-300.0,38,525.749326
750.0,33,525.835603
4950.0,134,526.486767
350.0,13,526.518632
2250.0,105,526.787804
100.0,2,526.793433
150.0,3,526.801347
800.0,37,526.895731
150.0,3,526.904136
2300.0,52,527.042317
300.0,6,527.058765
-150.0,3,527.067025
-250.0,133,527.413764
100.0,2,527.419107
-900.0,41,527.526663
5800.0,76,528.113032
50.0,1,528.116935
350.0,25,528.18786
-3100.0,121,528.553906
2300.0,40,528.658987
100.0,5,528.672825
700.0,17,528.717793
650.0,13,528.750325
150.0,39,528.8592
350.0,7,528.877949
4200.0,206,529.492576
1000.0,29,530.240723
0.0,15,530.285872
350.0,7,530.303663
450.0,9,530.326575
250.0,29,530.400053
-1050.0,47,530.539887
100.0,2,530.549333
-250.0,34,530.69512
100.0,2,530.702448
50.0,10,530.739427
550.0,23,530.809182
150.0,3,530.816918
-50.0,14,530.851765
250.0,10,530.87779
1000.0,117,531.174323
100.0,21,531.227665
1000.0,14,531.26294
100.0,2,531.268733
500.0,16,531.31067
1350.0,148,532.027814
-400.0,10,532.052528
-3400.0,90,532.278541
150.0,111,532.5768
350.0,9,532.602002
200.0,13,532.634285
19450.0,452,534.213419
1550.0,47,534.34875
550.0,16,534.39191
-1300.0,87,534.637201
-150.0,24,534.698832
200.0,4,534.710796
4250.0,59,534.873778
200.0,4,534.884931
550.0,11,534.917397
0.0,26,534.986486
50.0,1,534.989548
100.0,16,535.033497
700.0,17,535.08025
100.0,5,535.094934
7250.0,177,535.976156
-250.0,7,535.995614
5350.0,142,536.393999
50.0,1,536.397511
1100.0,19,536.450159
1200.0,42,536.56529
-675.0,10,536.596833
100.0,5,536.613406
150.0,33,536.70459
150.0,3,536.715594
200.0,4,536.738986
200.0,6,536.759397
-2050.0,94,537.342656
-1450.0,19,537.390165
3600.0,87,537.639309
-1550.0,112,537.952455
4000.0,134,538.31795
250.0,5,538.33171
450.0,26,538.408631
2750.0,79,538.639203
300.0,9,538.663745
3650.0,103,539.273737
250.0,5,539.299445
-1700.0,38,539.410954
1200.0,29,539.513037
1900.0,36,539.657044
150.0,87,539.967908
-700.0,13,540.015507
1650.0,189,540.797581
750.0,35,541.520823
100.0,2,541.528496
6350.0,162,542.202055
450.0,7,542.229141
500.0,33,542.365165
2250.0,40,542.515303
0.0,6,542.540804
600.0,10,542.57983
800.0,16,542.634314
550.0,11,542.674257
200.0,6,542.696494
350.0,19,542.773098
2700.0,101,543.199785
1200.0,21,543.289259
-950.0,43,543.473753
450.0,30,544.140713
3150.0,52,544.385057
600.0,71,544.666628
450.0,32,544.794021
500.0,9,544.825393
0.0,6,544.849367
500.0,10,544.885849
2000.0,33,545.022034
150.0,3,545.031932
1400.0,40,545.188881
550.0,10,545.242344
3000.0,77,545.549953
150.0,3,545.567263
600.0,17,545.632061
2100.0,44,545.842052
4450.0,129,546.892438
4750.0,138,547.472076
150.0,6,547.499914
350.0,7,547.535424
50.0,16,547.599664
100.0,2,547.606795
3450.0,62,547.854808
800.0,19,547.919056
100.0,2,547.928631
50.0,1,547.932339
150.0,3,547.942005
150.0,3,547.954772
300.0,6,547.986989
950.0,36,548.122526
150.0,15,548.183708
200.0,4,548.206152
150.0,26,548.303338
5450.0,106,548.707706
100.0,5,548.72502
1550.0,144,549.913334
-1650.0,96,550.353803
300.0,6,550.388968
50.0,1,550.395646
250.0,5,550.420229
500.0,10,550.463414
600.0,18,550.5401
-2250.0,36,550.684335
750.0,21,550.757584
400.0,26,550.860152
150.0,9,550.898188
-50.0,17,550.956162
1000.0,61,551.195852
250.0,4,551.218965
300.0,9,551.257927
750.0,33,551.378029
-2350.0,97,552.299031
-1150.0,65,552.574896
550.0,136,553.137172
4250.0,111,553.56443
150.0,3,553.575474
150.0,9,553.60922
1100.0,34,553.746008
300.0,15,553.796289
800.0,132,554.860519
150.0,3,554.873911
2200.0,50,555.068475
1350.0,24,555.167412
-1100.0,17,555.238808
100.0,2,555.248409
350.0,7,555.287493
-1850.0,185,556.053966
50.0,1,556.059001
-700.0,111,556.493096
50.0,1,556.498192
350.0,7,556.524611
250.0,14,556.573728
100.0,13,556.621284
350.0,10,556.678234
8425.0,179,557.950948
250.0,5,557.983638
300.0,6,558.008081
250.0,8,558.035596
1000.0,26,558.137789
100.0,2,558.144527
500.0,22,558.240707
3775.0,90,558.594919
50.0,4,558.617152
200.0,125,559.117616
300.0,6,559.138547
50.0,1,559.144122
400.0,17,559.216948
-1450.0,49,559.972798
1750.0,47,560.145793
800.0,40,560.293638
950.0,40,560.461195
600.0,21,560.544972
500.0,22,560.637932
950.0,19,560.706139
1650.0,28,560.829243
4250.0,120,561.30213
300.0,6,561.325231
300.0,21,561.403031
0.0,3,561.416149
-550.0,10,561.482453
3150.0,89,561.874338
250.0,8,561.908275
-600.0,12,561.947747
4700.0,150,563.126496
650.0,12,563.173061
650.0,14,563.240403
19350.0,506,565.804387
1200.0,47,566.000027
1900.0,123,566.526297
1300.0,25,566.628246
400.0,6,566.656036
600.0,12,566.701064
5650.0,151,567.850083
1250.0,31,567.975606
400.0,8,568.009189
500.0,19,568.075522
1150.0,26,568.188643
250.0,5,568.206621
2550.0,60,568.441774
1050.0,33,568.57703
350.0,7,568.605185
100.0,2,568.612221
3400.0,77,568.931932
300.0,12,568.982146
4450.0,136,569.539744
1750.0,35,569.680664
-50.0,23,569.760746
150.0,9,569.803789
600.0,10,569.841194
350.0,7,569.869725
-150.0,15,570.4938
2300.0,209,571.365408
-650.0,14,571.433338
450.0,15,571.509642
200.0,30,571.630916
100.0,2,571.637375
3900.0,62,571.885956
300.0,14,571.950441
100.0,2,571.958934
750.0,18,572.058985
1050.0,39,572.216879
200.0,138,573.293496
200.0,4,573.310321
650.0,13,573.386973
1450.0,23,573.491631
100.0,2,573.500179
750.0,15,573.5631
400.0,11,573.601435
350.0,31,573.729914
900.0,18,573.797666
3650.0,85,574.128932
100.0,2,574.140329
100.0,2,574.152267
500.0,10,574.191869
-450.0,15,574.246163
100.0,2,574.254836
-1550.0,66,574.513895
1150.0,23,574.5973
350.0,7,574.635018
450.0,21,574.720309
-150.0,92,575.103266
100.0,2,575.112705
50.0,1,575.116748
550.0,11,575.160104
1100.0,31,575.867748
100.0,2,575.876745
1000.0,35,576.016261
450.0,9,576.052751
100.0,5,576.072406
1850.0,58,576.301993
2900.0,70,576.581715
400.0,7,576.620746
3550.0,82,576.965098
4200.0,116,577.429014
2700.0,61,577.667043
150.0,3,577.678585
600.0,12,577.723301
3150.0,66,578.559942
1250.0,34,578.700648
950.0,19,578.772357
0.0,6,578.793651
100.0,8,578.822227
1950.0,47,579.024469
200.0,4,579.040607
-150.0,18,579.121011
50.0,1,579.126261
500.0,28,579.230908
500.0,42,579.403114
400.0,8,579.437023
-250.0,101,579.832205
700.0,14,579.881243
250.0,11,579.919794
0.0,36,580.072787
1050.0,36,580.223863
250.0,8,580.253978
1300.0,24,580.341898
650.0,16,580.409516
500.0,9,580.44495
950.0,23,581.059816
300.0,32,581.186675
3150.0,73,581.479519
150.0,3,581.492465
300.0,24,581.595245
-150.0,12,581.642528
2100.0,57,581.864394
1900.0,30,581.979261
550.0,14,582.046855
1750.0,41,582.219266
-600.0,106,582.626915
300.0,6,582.64824
-400.0,40,582.804395
800.0,16,582.86118
450.0,21,582.973525
350.0,6,582.996475
1850.0,49,583.770364
1650.0,130,584.294687
50.0,7,584.325813
300.0,6,584.352129
15600.0,375,586.48611
350.0,13,586.542213
200.0,4,586.556411
1900.0,38,586.712847
350.0,7,586.738387
300.0,6,586.769468
150.0,3,586.779889
450.0,30,586.899177
3850.0,70,587.176915
-50.0,19,587.251304
2050.0,59,587.495546
950.0,19,587.567884
-950.0,26,587.680605
450.0,12,587.722397
50.0,16,587.780113
-400.0,136,588.338541
50.0,1,588.342176
150.0,3,588.352429
-200.0,26,588.982879
50.0,4,588.999959
600.0,24,589.090349
400.0,7,589.11688
8175.0,190,589.925502
300.0,17,589.983489
100.0,2,589.994179
-100.0,7,590.023321
3000.0,53,590.258965
50.0,1,590.265212
-250.0,37,590.405873
50.0,1,590.412498
100.0,2,590.422706
2800.0,156,591.087182
1650.0,32,591.771622
-750.0,51,591.969129
600.0,18,592.048784
50.0,37,592.210428
4850.0,141,592.807141
100.0,2,592.814122
50.0,4,592.830852
200.0,4,592.84563
450.0,18,592.924909
100.0,2,592.932448
3050.0,76,593.236635
350.0,13,593.285823
900.0,14,593.340088
800.0,46,593.527006
1950.0,37,593.684426
2750.0,73,594.511903
1100.0,25,594.632127
900.0,42,594.801691
150.0,3,594.812612
4350.0,107,595.25545
2800.0,225,596.137432
100.0,2,596.144802
650.0,16,596.206592
450.0,31,596.333824
200.0,22,596.937109
-150.0,41,597.099353
10500.0,269,598.162581
2100.0,57,598.383808
550.0,14,598.4387
150.0,3,598.451337
0.0,30,598.616058
200.0,52,598.803244
750.0,44,599.469943
4300.0,141,600.041061
-400.0,31,600.153179
650.0,31,600.277367
500.0,19,600.346958
3200.0,67,600.602168
150.0,6,600.62197
3500.0,56,600.845873
550.0,14,600.911944
2850.0,93,601.271939
50.0,4,601.284406
1700.0,55,602.196623
700.0,14,602.248972
400.0,11,602.306726
1700.0,53,602.528863
50.0,1,602.53348
2400.0,60,602.795453
-450.0,12,602.842474
1450.0,29,602.954254
-450.0,95,603.334464
-1325.0,44,603.520821
400.0,6,603.543427
100.0,11,603.583593
4350.0,60,603.826289
1700.0,65,604.107956
350.0,16,604.180184
250.0,5,604.200352
4500.0,86,605.117666
250.0,16,605.189056
31250.0,718,608.6158
350.0,15,608.692333
-275.0,6,608.722027
50.0,1,608.725478
150.0,3,608.738774
200.0,4,608.750993
200.0,13,608.804379
4500.0,136,609.366313
1000.0,40,610.105552
250.0,5,610.125491
-450.0,33,610.269703
0.0,3,610.280011
650.0,84,610.609739
600.0,11,610.663309
-250.0,60,610.914816
1450.0,46,611.105916
650.0,37,611.245159
-150.0,18,611.323375
-200.0,77,611.635966
1200.0,42,611.808207
4850.0,141,612.877471
300.0,9,612.918041
50.0,1,612.924033
3175.0,95,613.296293
100.0,2,613.303519
500.0,10,613.339018
4650.0,96,613.732828
300.0,21,613.807788
1000.0,47,613.997347
34850.0,771,618.342882
550.0,10,618.380219
850.0,38,618.567508
-650.0,11,618.609637
-1350.0,33,618.738335
350.0,7,618.773042
-100.0,16,618.83625
3300.0,70,619.108596
1950.0,100,619.562766
3750.0,60,619.811682
100.0,5,619.830512
0.0,21,619.93301
300.0,6,619.958974
300.0,6,619.986775
350.0,7,620.013632
7550.0,183,621.349356
200.0,4,621.365873
1950.0,63,621.624458
3050.0,95,622.026805
-250.0,10,622.068119
-150.0,75,622.384927
2450.0,52,622.624698
850.0,36,622.782603
550.0,17,622.847495
200.0,4,622.861345
200.0,4,622.87692
200.0,4,622.890907
450.0,9,622.938402
2300.0,87,623.849118
-900.0,34,623.983917
5725.0,121,624.485524
1050.0,39,624.646436
-300.0,33,624.784306
300.0,6,624.807915
-200.0,14,624.866481
-400.0,10,624.907133
100.0,5,624.922627
350.0,7,624.952165
300.0,6,624.980944
250.0,5,625.007002
-750.0,112,625.476299
300.0,6,625.499801
600.0,23,625.583721
50.0,7,626.19148
2600.0,61,626.444392
150.0,3,626.45779
4800.0,148,627.03606
100.0,2,627.045932
100.0,5,627.062699
-150.0,12,627.134964
100.0,59,627.393028
1800.0,45,627.574001
4450.0,124,628.083199
50.0,1,628.088875
-150.0,54,628.859246
-300.0,24,628.960521
-450.0,27,629.05644
50.0,1,629.062202
850.0,23,629.174166
1050.0,33,629.296034
200.0,4,629.312716
1050.0,21,629.401716
26150.0,629,632.466035
-600.0,42,632.625144
35950.0,813,636.958805
1250.0,79,637.286983
150.0,3,637.301747
200.0,27,637.416491
850.0,16,637.4938
950.0,20,637.586989
600.0,16,637.65191
100.0,2,637.658943
2300.0,63,637.928042
5850.0,176,638.649004
2800.0,59,639.445118
1200.0,26,639.561294
2300.0,54,639.767722
3900.0,76,640.091777
-50.0,14,640.147667
100.0,2,640.15459
-400.0,13,640.210722
100.0,2,640.222381
150.0,3,640.239125
50.0,1,640.243371
2300.0,77,640.54284
100.0,2,640.552417
5050.0,112,640.98588
200.0,7,641.012184
3200.0,54,641.222352
1200.0,190,642.587826
800.0,31,642.700074
250.0,5,642.727211
1000.0,21,642.811379
750.0,21,642.902658
650.0,31,643.055466
500.0,19,643.13153
150.0,3,643.142118
4400.0,117,643.60989
2800.0,106,644.02112
1000.0,35,644.70584
2500.0,47,644.901729
5100.0,116,645.354348
100.0,2,645.362279
350.0,6,645.384497
300.0,6,645.411477
400.0,20,645.489612
0.0,9,645.523478
750.0,24,645.624138
200.0,19,645.702044
350.0,10,645.739602
2500.0,40,645.899092
-700.0,19,645.967635
-300.0,33,646.118984
750.0,45,646.291281
-50.0,17,646.356899
100.0,2,646.364283
-1150.0,19,646.430742
-1500.0,21,646.517493
350.0,22,646.604889
350.0,7,647.219334
550.0,11,647.273636
-150.0,42,647.452135
300.0,9,647.486716
-2600.0,63,647.741442
1800.0,27,647.843139
850.0,26,647.962709
650.0,34,648.087914
-100.0,10,648.136834
4000.0,105,648.579669
900.0,27,648.695723
900.0,18,648.78367
3800.0,119,649.247809
900.0,36,649.985951
300.0,18,650.066085
150.0,3,650.077176
700.0,16,650.136692
200.0,4,650.154933
550.0,11,650.199198
-100.0,67,650.458348
250.0,7,650.482989
350.0,7,650.508819
25100.0,610,653.72295
1100.0,25,653.845267
-900.0,66,654.176733
2500.0,63,654.507202
750.0,36,654.652032
-2700.0,108,655.679244
50.0,1,655.68331
1100.0,22,655.799478
1950.0,37,655.951205
400.0,20,656.037775
450.0,12,656.08484
550.0,20,656.158324
2900.0,93,656.556444
0.0,6,656.581155
1350.0,39,656.733471
1400.0,28,656.874455
350.0,7,656.90205
400.0,8,656.932808
350.0,55,657.155911
350.0,31,657.282596
20950.0,544,660.459065
500.0,22,660.592917
6250.0,226,662.448304
1500.0,26,662.562607
100.0,5,662.592008
100.0,2,662.607512
900.0,27,662.796037
250.0,14,662.88939
700.0,18,662.994251
-200.0,95,663.599001
2400.0,41,663.818292
100.0,2,663.827881
-600.0,69,664.138124
300.0,9,664.17802
5350.0,190,665.729055
-350.0,68,666.071122
50.0,1,666.076041
-500.0,29,666.202506
2050.0,38,666.38638
0.0,6,666.412174
450.0,15,666.475508
50.0,1,666.480289
1350.0,48,666.697436
550.0,16,666.764516
400.0,34,666.914924
1000.0,117,668.204879
450.0,51,668.440054
-500.0,65,668.747181
400.0,8,668.785487
700.0,14,668.84319
-400.0,40,669.028854
1850.0,122,669.585177
350.0,10,669.630936
200.0,4,669.649822
-100.0,16,669.720054
300.0,12,669.779188
100.0,2,669.790436
-150.0,12,669.839363
-950.0,26,669.954022
2000.0,31,670.097097
650.0,28,670.215817
900.0,15,670.281425
100.0,2,670.289796
-2700.0,72,671.297278
100.0,2,671.305068
200.0,4,671.329282
250.0,5,671.368499
300.0,6,671.411138
1450.0,92,671.95313
-250.0,27,672.139816
1400.0,51,672.416152
100.0,2,672.428062
750.0,24,672.54917
-50.0,14,672.616443
2500.0,43,672.885002
2450.0,46,673.10899
50.0,1,673.11344
200.0,4,673.131088
1200.0,24,673.249705
500.0,10,673.308131
1300.0,30,673.462206
450.0,9,673.501276
1100.0,17,673.57645
900.0,23,673.678827
-1200.0,63,674.644276
150.0,3,674.656675
250.0,16,674.727036
350.0,7,674.758433
-500.0,26,674.879255
450.0,10,674.925861
300.0,39,675.094303
1450.0,35,675.263541
700.0,23,675.373458
1750.0,52,675.628942
-950.0,17,675.7196
450.0,9,675.789728
50.0,1,675.797449
200.0,4,675.82386
3100.0,77,676.231362
250.0,5,676.256885
-450.0,35,676.425323
100.0,2,676.433628
-300.0,33,676.587108
350.0,25,676.723901
250.0,5,676.744862
1650.0,50,676.986809
1900.0,38,677.840338
250.0,23,677.955002
700.0,31,678.095487
1350.0,23,678.249499
-400.0,55,678.5036
250.0,5,678.531685
300.0,6,678.561649
100.0,2,678.571023
150.0,3,678.590739
500.0,19,678.718174
-1500.0,92,679.135886
28550.0,674,683.095039
50.0,18,683.183196
200.0,3,683.205487
150.0,3,683.232516
200.0,27,683.421417
-450.0,12,684.252485
100.0,2,684.265513
1050.0,48,684.581845
1350.0,30,684.773343
-400.0,13,684.858476
100.0,2,684.871476
250.0,32,685.041384
450.0,9,685.088797
1450.0,74,685.528531
150.0,3,685.55348
350.0,10,685.623043
100.0,2,685.631639
650.0,12,685.711427
2650.0,74,686.073345
50.0,1,686.078948
1150.0,25,686.19607
200.0,73,686.528819
1850.0,65,686.82535
500.0,13,686.886767
-50.0,8,686.926055
350.0,13,687.816851
1050.0,25,687.992553
550.0,26,688.143944
4100.0,136,688.919989
-1300.0,57,689.182674
700.0,17,689.288197
1950.0,100,689.897583
100.0,2,689.907652
50.0,1,689.912426
600.0,10,689.955769
1700.0,98,690.401982
350.0,13,690.461029
250.0,5,690.483992
-450.0,81,691.574691
-450.0,30,691.728586
250.0,5,691.75177
2550.0,68,692.053888
700.0,23,692.168462
1300.0,35,692.41043
850.0,16,692.49746
350.0,58,692.757651
18600.0,427,695.537171
400.0,11,695.608202
250.0,5,695.643933
250.0,20,695.759645
50.0,4,695.779762
50.0,1,695.78527
900.0,18,695.891346
2450.0,61,696.323483
2100.0,52,696.589346
150.0,6,696.623106
650.0,22,696.759996
500.0,19,696.853865
-200.0,26,696.979172
550.0,11,697.034066
3850.0,90,698.189157
-750.0,54,698.479656
50.0,1,698.486781
150.0,3,698.509215
-150.0,18,698.635288
400.0,14,698.725185
250.0,23,698.841921
6400.0,156,699.61097
400.0,8,699.648147
1750.0,172,700.623266
650.0,34,701.434824
800.0,16,701.540836
-875.0,42,701.816699
950.0,17,701.932234
100.0,2,701.949134
-50.0,5,701.984083
150.0,3,702.01028
500.0,61,702.413424
200.0,7,702.444579
1500.0,58,702.711787
300.0,6,702.740628
450.0,11,702.78878
400.0,8,702.827103
100.0,14,702.892909
2050.0,54,703.17847
900.0,19,703.265723
850.0,25,703.397818
100.0,2,703.410483
300.0,5,703.43417
850.0,17,703.530758
150.0,3,703.553797
3650.0,66,703.947581
1250.0,43,704.152342
1150.0,23,704.882468
100.0,2,704.896849
-50.0,17,705.009193
6950.0,129,705.649875
550.0,32,705.795913
3300.0,84,706.171203
50.0,1,706.176364
1800.0,31,706.323333
5450.0,140,706.982973
200.0,7,707.015091
350.0,7,707.049723
650.0,16,707.135755
2850.0,57,708.077993
-100.0,20,708.177081
350.0,25,708.287367
200.0,4,708.30688
-2900.0,155,709.057053
1050.0,48,709.286244
4050.0,112,709.888114
-300.0,51,710.185688
-200.0,14,710.259504
550.0,11,710.302296
500.0,16,710.392729
200.0,4,710.423906
5150.0,146,711.892631
700.0,26,712.018889
-1700.0,60,712.413085
700.0,14,712.511852
1150.0,32,712.718932
250.0,5,712.754633
2500.0,64,713.073502
200.0,4,713.093028
-100.0,4,713.113074
50.0,1,713.119121
3450.0,71,713.473927
4350.0,120,714.698279
1200.0,20,714.802725
100.0,5,714.83604
200.0,4,714.854123
1550.0,30,715.015983
950.0,172,715.752004
-750.0,18,715.833968
1050.0,51,716.050055
0.0,21,716.128757
-1650.0,96,716.521109
100.0,2,716.53371
500.0,10,716.574456
-100.0,10,716.610642
5200.0,169,718.007278
450.0,15,718.067973
1550.0,35,718.214479
600.0,18,718.302941
650.0,59,718.562873
950.0,22,718.671487
150.0,3,718.683903
300.0,27,718.795154
-1150.0,91,719.171428
5175.0,127,719.760797
300.0,18,720.385893
-800.0,35,720.512969
500.0,31,720.639256
0.0,3,720.650156
600.0,15,720.705575
-1200.0,30,720.832361
350.0,11,720.879049
1200.0,33,721.059155
-100.0,37,721.21928
200.0,13,721.30122
450.0,18,721.389017
150.0,3,721.406982
100.0,2,721.417849
2450.0,70,721.763244
1550.0,49,721.998293
400.0,22,722.085273
150.0,3,722.102305
50.0,1,722.108634
500.0,13,722.156945
250.0,8,722.194568
4900.0,94,722.67513
250.0,5,722.699396
2600.0,65,723.630043
600.0,42,723.830177
800.0,49,724.065866
250.0,5,724.09013
3950.0,111,724.549973
700.0,14,724.610634
200.0,13,724.663171
50.0,1,724.66775
900.0,20,724.756996
600.0,121,725.261814
15850.0,385,727.618456
4900.0,106,728.063648
350.0,17,728.127033
250.0,5,728.14458
100.0,2,728.15376
-75.0,1,728.157668
150.0,23,728.254321
1300.0,164,729.505752
1300.0,26,729.607941
-350.0,38,729.779147
19450.0,502,732.550227
50.0,13,732.601801
1350.0,97,733.018693
900.0,48,733.253248
100.0,2,733.260783
39200.0,857,738.174841
-350.0,59,738.430572
100.0,2,738.440601
800.0,45,738.629097
1000.0,28,738.741435
100.0,8,738.772703
150.0,3,738.782279
1550.0,94,739.16047
4650.0,89,739.533712
300.0,6,739.558633
450.0,84,740.548833
250.0,5,740.585372
600.0,34,740.753186
1300.0,38,740.933579
50.0,1,740.944114
100.0,13,740.997124
-250.0,13,741.04803
100.0,8,741.079075
250.0,11,741.134183
2950.0,75,741.42877
-2000.0,79,741.759306
0.0,15,741.818755
550.0,11,741.871146
500.0,10,741.908991
1650.0,26,742.012813
200.0,4,742.032241
0.0,27,742.160512
2050.0,72,742.460801
200.0,25,743.164124
1850.0,49,743.370765
50.0,1,743.374817
4300.0,139,744.045583
500.0,22,744.151968
1050.0,27,744.312646
500.0,31,744.437324
-1050.0,63,744.735197
400.0,7,744.777823
1400.0,29,744.903661
700.0,15,744.961814
5550.0,182,746.379652
300.0,6,746.40606
850.0,17,746.487667
4950.0,113,747.000786
-350.0,50,747.205479
0.0,9,747.236705
1100.0,34,747.366343
150.0,3,747.378009
-1100.0,121,747.865251
-100.0,16,747.940974
250.0,23,748.043228
1850.0,67,749.154438
650.0,11,749.20601
-800.0,53,749.476276
50.0,16,749.557581
50.0,1,749.563709
3500.0,79,750.043411
2300.0,49,750.350234
100.0,2,750.360181
1350.0,27,750.529944
15625.0,378,753.408155
-200.0,14,753.468363
100.0,2,753.481969
1100.0,108,754.031822
150.0,3,754.04577
2400.0,93,754.480706
250.0,5,754.510275
1400.0,37,754.702837
1100.0,20,754.825777
-500.0,145,756.388253
4550.0,118,756.967198
2200.0,50,757.20197
250.0,8,757.24222
250.0,8,757.285129
1100.0,31,757.435993
700.0,13,757.505156
2200.0,88,757.946324
-300.0,23,758.063932
150.0,3,758.077999
300.0,12,758.13344
3850.0,111,758.681198
150.0,21,759.567488
50.0,1,759.574249
200.0,7,759.607019
8000.0,154,760.421912
100.0,14,760.487586
450.0,15,760.59371
150.0,6,760.645804
33100.0,746,765.832239
1100.0,31,766.015645
150.0,6,766.053324
400.0,17,766.144042
300.0,12,766.225617
3700.0,134,767.563892
550.0,23,767.662715
3100.0,83,768.153667
-1425.0,34,768.313481
750.0,9,768.361415
100.0,14,768.43077
2050.0,46,768.64901
250.0,5,768.66855
200.0,4,768.689497
300.0,6,768.718578
50.0,1,768.724701
450.0,12,768.780525
-600.0,12,768.832224
1400.0,27,768.960682
-1350.0,48,769.177471
2650.0,66,770.188268
-850.0,16,770.286881
400.0,17,770.379437
-50.0,29,770.556667
250.0,8,770.599389
1300.0,35,770.82764
2250.0,57,771.230278
550.0,14,771.32469
-300.0,15,771.430038
750.0,24,771.587944
1200.0,27,771.78159
350.0,79,772.354021
-300.0,21,772.505309
50.0,1,772.514197
-200.0,20,772.659131
450.0,18,772.779544
50.0,1,772.78416
350.0,22,772.901827
1500.0,27,773.076959
100.0,5,773.10221
-50.0,12,773.157402
1950.0,82,774.255233
50.0,139,774.994827
-300.0,6,775.025772
1400.0,35,775.194892
1750.0,36,775.368539
750.0,64,775.694198
1250.0,43,775.921288
50.0,58,776.218872
4500.0,119,777.526884
-1750.0,37,777.710166
200.0,11,777.768342
5550.0,107,778.402526
950.0,17,778.484103
-550.0,19,778.590629
900.0,81,778.999247
100.0,5,779.023428
250.0,8,779.066391
300.0,6,779.096895
100.0,10,779.150178
800.0,20,779.246879
1950.0,78,779.620765
250.0,35,779.808572
450.0,12,779.876765
800.0,15,779.940589
50.0,16,780.019726
100.0,23,780.134076
100.0,2,780.75312
-100.0,25,780.882081
300.0,6,780.911382
5400.0,104,781.413306
-1700.0,44,781.622113
400.0,8,781.657866
100.0,2,781.666733
450.0,18,781.753088
-1700.0,44,781.957103
150.0,3,781.973025
650.0,37,782.140164
550.0,14,782.202677
500.0,7,782.230966
350.0,7,782.262086
1950.0,47,782.477671
550.0,13,782.538988
-900.0,47,782.755213
-150.0,12,782.813443
150.0,3,782.828189
50.0,4,782.846346
1450.0,34,783.00865
350.0,7,783.044514
250.0,16,783.124954
-1100.0,112,784.629852
350.0,7,784.66627
700.0,9,784.7286
100.0,2,784.748785
500.0,13,784.811036
1900.0,40,785.006552
3600.0,75,785.355082
2950.0,70,785.663039
750.0,15,785.771189
450.0,12,785.845751
700.0,59,786.201955
625.0,10,786.250117
50.0,1,786.255634
-1300.0,105,787.669166
-350.0,44,787.975403
350.0,7,788.026437
1450.0,32,788.229446
400.0,8,788.263257
100.0,29,788.396465
650.0,13,788.469233
-1150.0,26,788.65364
100.0,5,788.685214
450.0,9,788.739716
500.0,22,788.853535
-300.0,11,788.902079
100.0,2,788.912089
150.0,3,788.926378
400.0,26,789.081022
-350.0,16,789.152138
-50.0,17,789.232764
3150.0,92,789.71178
-650.0,8,789.750606
150.0,12,789.799149
750.0,56,790.112655
-200.0,22,790.256909
600.0,12,790.336372
100.0,2,790.3477
30025.0,702,795.663716
300.0,24,795.775351
250.0,4,795.797156
500.0,11,795.858698
2000.0,61,796.143723
100.0,2,796.152783
-2750.0,107,796.701446
0.0,43,796.962902
-1350.0,20,797.059614
100.0,2,797.069326
1650.0,33,797.218377
1350.0,35,797.413928
1750.0,56,798.553677
550.0,11,798.600677
150.0,21,798.696014
2150.0,36,798.860729
850.0,17,798.941656
350.0,7,798.974811
400.0,29,799.111671
200.0,4,799.127427
800.0,31,799.280089
350.0,6,799.308882
450.0,24,799.420323
550.0,11,799.488496
150.0,3,799.501686
600.0,12,799.55465
100.0,2,799.565312
0.0,9,799.611034
1150.0,41,799.839823
800.0,16,799.926984
150.0,3,799.940788
350.0,37,800.14624
650.0,37,800.423631
50.0,1,800.437486
250.0,5,800.469938
1300.0,47,800.745331
50.0,1,800.750986
1000.0,20,800.854012
-500.0,22,800.983989
5250.0,143,802.46243
-250.0,19,802.551678
300.0,5,802.574485
750.0,15,802.645191
400.0,11,802.698627
1350.0,36,802.877211
1450.0,33,803.037155
50.0,1,803.04236
350.0,10,803.092386
2100.0,73,803.443061
850.0,26,803.567669
250.0,5,803.58807
950.0,33,803.757333
600.0,47,804.1027
350.0,7,804.167356
50.0,22,804.338404
1000.0,180,806.365643
3100.0,109,807.054695
750.0,26,807.187644
50.0,10,807.235751
-100.0,7,807.268599
-3250.0,43,807.47771
50.0,4,807.496855
1500.0,92,807.956148
500.0,15,808.029995
3700.0,101,809.410848
450.0,21,809.514825
50.0,1,809.519849
3900.0,76,809.939461
200.0,4,809.958095
100.0,2,809.967422
250.0,7,810.008166
300.0,6,810.043078
400.0,7,810.074954
1900.0,69,810.575134
200.0,19,810.715534
-50.0,17,810.831932
250.0,29,811.042301
250.0,8,811.102809
800.0,10,811.169728
150.0,9,811.234737
-250.0,10,811.29887
850.0,38,811.495548
-350.0,35,811.662037
1850.0,57,811.925047
600.0,24,812.074187
150.0,6,812.136238
50.0,1,812.145335
800.0,14,812.231769
650.0,12,812.950413
500.0,16,813.015984
1400.0,50,813.23947
250.0,5,813.274003
-50.0,29,813.437075
1400.0,41,813.684432
-2000.0,55,814.028734
700.0,26,814.173608
300.0,6,814.202573
100.0,8,814.238512
2350.0,81,814.585574
8200.0,196,816.065753
250.0,17,816.135028
1950.0,39,816.294966
50.0,1,816.298532
1100.0,49,816.550338
400.0,35,816.785439
250.0,5,816.812048
950.0,19,816.890676
900.0,163,817.576388
4900.0,147,818.200325
1250.0,24,818.316271
-50.0,32,819.015806
1000.0,27,819.12559
400.0,35,819.275975
750.0,18,819.344757
7850.0,234,820.314523
200.0,4,820.332157
2750.0,155,820.990182
500.0,16,821.684629
650.0,21,821.7763
1400.0,55,822.032271
-100.0,4,822.058323
-250.0,22,822.18773
150.0,3,822.198389
1700.0,37,822.348713
300.0,6,822.374587
100.0,2,822.383805
1450.0,43,822.607434
400.0,34,822.751386
2450.0,66,823.060009
50.0,1,823.064588
450.0,24,823.161765
500.0,40,823.323156
250.0,4,823.348182
550.0,32,823.476546
450.0,9,823.522164
150.0,27,823.638854
700.0,40,823.818642
450.0,117,824.897657
700.0,140,825.581091
150.0,3,825.59348
300.0,36,825.749974
19050.0,509,828.793772
300.0,6,828.815624
1100.0,34,828.955307
800.0,25,829.062704
1250.0,24,829.16578
300.0,6,829.191828
100.0,2,829.200082
900.0,18,829.281851
-300.0,36,829.447915
-50.0,14,829.507113
400.0,11,829.548858
50.0,7,829.579114
2350.0,60,829.848882
100.0,8,829.880679
-1450.0,53,830.810439
400.0,8,830.846824
300.0,6,830.874166
-150.0,89,831.256361
200.0,36,831.402845
-1850.0,112,831.878588
1700.0,34,832.011613
-250.0,13,832.072182
200.0,4,832.090151
100.0,22,832.214932
35700.0,780,836.884733
800.0,15,836.949278
800.0,17,837.024353
300.0,6,837.05064
-300.0,75,837.388692
5100.0,145,838.066154
250.0,5,838.090266
-2850.0,156,839.356395
1350.0,27,839.474278
0.0,3,839.485863
-750.0,44,839.692431
550.0,55,839.945854
2050.0,35,840.102931
150.0,3,840.115697
1250.0,34,840.249308
150.0,9,840.289113
150.0,3,840.302286
150.0,3,840.31335
400.0,17,840.388285
250.0,5,840.409269
300.0,8,840.453703
1300.0,35,840.626344
300.0,6,840.653687
1650.0,139,841.338986
2650.0,57,842.240175
3150.0,72,842.656336
2200.0,39,842.821286
100.0,23,842.92255
200.0,16,842.997176
-50.0,8,843.035251
450.0,9,843.075029
50.0,1,843.080935
1300.0,86,843.463154
50.0,1,843.46772
3800.0,99,843.889726
250.0,5,843.913416
350.0,7,843.943869
50.0,4,843.962097
7050.0,173,845.325491
50.0,1,845.329696
450.0,24,845.450387
1425.0,26,845.569014
-250.0,34,845.714506
950.0,169,846.51993
100.0,23,846.627385
400.0,8,846.658438
1800.0,38,846.820908
250.0,5,846.841069
1050.0,35,846.984414
-50.0,5,847.02185
200.0,7,847.054082
150.0,3,847.064587
-250.0,28,847.176058
2100.0,128,848.28772
150.0,3,848.297809
650.0,148,848.901096
-200.0,47,849.120066
50.0,10,849.166277
150.0,3,849.178487
-200.0,65,849.451813
300.0,6,849.473498
300.0,5,849.499147
100.0,2,849.50784
350.0,6,849.534884
2950.0,119,850.074192
2000.0,40,850.245957
1150.0,62,851.096391
3150.0,88,851.465774
1850.0,76,851.811624
2550.0,63,852.078853
150.0,3,852.091614
200.0,49,852.334739
150.0,6,852.361418
350.0,10,852.406014
650.0,13,852.464735
500.0,10,852.509935
150.0,12,852.562103
100.0,2,852.570728
350.0,7,852.605769
50.0,1,852.61226
-500.0,52,852.835819
750.0,18,852.905936
400.0,52,853.766434
1550.0,34,853.936005
4400.0,85,854.3343
1100.0,34,854.54466
-1000.0,19,854.620935
1050.0,19,854.701394
450.0,9,854.735575
1150.0,23,854.8587
450.0,15,854.924088
2600.0,49,855.15452
150.0,25,855.28862
-750.0,84,855.685426
550.0,16,855.755422
1650.0,91,856.737867
3950.0,103,857.215537
1350.0,90,857.599172
1950.0,78,857.926845
2250.0,87,858.334223
2850.0,69,858.617401
1100.0,25,858.753531
1750.0,39,859.003353
300.0,6,859.037364
150.0,12,859.089371
900.0,24,859.749009
-1400.0,32,859.882319
300.0,8,859.918621
3850.0,97,860.362264
1150.0,49,860.590455
-400.0,25,860.703087
300.0,9,860.737443
550.0,20,860.822016
100.0,14,860.881006
100.0,11,860.929061
800.0,22,861.028176
650.0,25,861.141683
750.0,56,861.373989
100.0,26,861.490385
0.0,15,861.558094
450.0,11,861.608515
700.0,17,861.680309
600.0,22,861.76532
250.0,5,861.789666
-1250.0,81,862.77405
300.0,18,862.846611
50.0,1,862.852595
200.0,13,862.914293
200.0,4,862.932794
400.0,11,862.978162
250.0,5,863.001114
1200.0,87,863.373097
550.0,11,863.420301
750.0,16,863.486953
250.0,5,863.509635
1850.0,128,864.125312
-150.0,18,864.202395
1900.0,35,864.345894
50.0,1,864.349515
-600.0,12,864.400584
0.0,3,864.41189
23650.0,581,867.624133
250.0,5,867.644427
-200.0,14,868.276144
2550.0,41,868.46803
0.0,60,868.725676
6050.0,207,869.65223
-400.0,16,869.724426
300.0,9,869.771955
1050.0,24,869.920916
200.0,13,870.005431
-100.0,6,870.03255
-1200.0,69,870.366483
150.0,3,870.379047
0.0,18,870.466285
550.0,14,870.537952
-50.0,20,870.628615
3350.0,64,871.670416
900.0,30,871.837967
7650.0,230,873.022588
1800.0,34,873.170832
2050.0,57,873.41553
150.0,3,873.432199
1000.0,40,873.601767
800.0,28,873.716579
450.0,12,873.792038
3150.0,48,874.772956
900.0,38,874.942115
2800.0,46,875.167018
2200.0,77,875.580519
800.0,61,875.915554
750.0,48,876.21774
2300.0,51,876.499631
1650.0,30,876.633103
5100.0,182,878.284071
200.0,4,878.3205
350.0,12,878.376336
150.0,3,878.39376
350.0,7,878.43352
2100.0,39,878.609962
50.0,1,878.615764
200.0,25,878.732873
-450.0,27,878.870423
-1450.0,37,879.071591
2450.0,51,879.314925
100.0,2,879.323129
150.0,6,879.347599
200.0,4,879.362996
500.0,19,879.452713
800.0,21,879.546679
-200.0,20,879.639177
550.0,10,879.684968
300.0,21,879.802649
100.0,2,879.813841
1700.0,39,880.017299
600.0,21,880.103886
800.0,21,880.221907
300.0,27,880.335413
200.0,13,880.389121
100.0,4,880.407583
350.0,52,881.402097
700.0,35,881.578695
50.0,58,881.85793
400.0,29,881.984956
-1800.0,90,882.4107
400.0,25,882.518318
600.0,15,882.590734
1650.0,26,882.702448
-1300.0,37,882.865159
400.0,8,882.895224
1200.0,27,883.040391
150.0,6,883.072827
-800.0,20,883.175216
250.0,35,883.361759
-50.0,5,883.404611
300.0,6,883.437964
200.0,4,883.459794
-750.0,15,883.577189
700.0,14,883.671196
50.0,1,883.678143
950.0,34,883.89743
0.0,15,884.723119
150.0,24,884.851838
2500.0,58,885.102633
-750.0,24,885.217008
900.0,17,885.297734
-850.0,55,885.58296
1450.0,23,885.709123
1250.0,28,885.893197
900.0,24,886.017498
1500.0,30,886.143748
150.0,3,886.158254
750.0,64,886.42831
2100.0,42,886.683683
150.0,36,886.93854
400.0,13,887.012785
150.0,3,887.02251
-250.0,10,887.059748
150.0,15,887.128148
750.0,30,887.256357
100.0,29,888.049405
0.0,3,888.061044
300.0,72,888.380534
100.0,2,888.391108
350.0,10,888.443643
250.0,8,888.485828
300.0,82,888.860695
2100.0,65,889.146483
150.0,3,889.162258
850.0,23,889.261128
250.0,5,889.280749
-750.0,69,889.604915
150.0,3,889.618153
1350.0,41,889.801244
-150.0,62,890.066506
2800.0,92,891.288639
400.0,20,891.412937
28200.0,668,895.106056
775.0,16,895.170999
500.0,10,895.209042
150.0,6,895.241363
-950.0,29,895.413508
50.0,1,895.419187
1400.0,28,895.619921
100.0,5,895.652643
550.0,19,895.772367
600.0,12,895.86508
-150.0,30,896.083508
-200.0,32,896.303123
550.0,14,896.404155
2500.0,43,896.685961
300.0,6,896.716791
400.0,8,896.7519
1550.0,47,897.608058
1050.0,21,897.696935
400.0,11,897.741885
250.0,17,897.81327
100.0,2,897.821076
3200.0,79,898.164833
300.0,6,898.196052
2650.0,74,898.510884
1100.0,20,898.605896
1400.0,25,898.726757
15500.0,374,901.211517
10850.0,276,902.620371
200.0,16,902.697314
200.0,4,902.717912
900.0,18,902.807355
650.0,25,902.94126
350.0,13,903.001611
3600.0,92,904.046571
5150.0,171,904.809888
100.0,20,904.893939
100.0,140,905.546463
500.0,13,905.611721
300.0,21,905.704852
600.0,51,905.956619
1250.0,39,906.939575
37300.0,829,911.15671
400.0,14,911.220453
-500.0,49,911.424982
750.0,12,911.475323
550.0,32,911.602574
450.0,12,911.654063
250.0,5,911.673061
300.0,59,912.641339
-400.0,61,912.897822
150.0,3,912.917843
800.0,37,913.111242
300.0,6,913.142124
550.0,56,913.404881
650.0,22,913.502721
4750.0,162,914.237689
100.0,2,914.247135
150.0,3,914.262637
1700.0,46,914.437133
450.0,9,914.478445
600.0,29,914.596246
-650.0,36,914.76053
550.0,11,914.808195
-950.0,71,915.695257
2850.0,57,915.937832
200.0,4,915.956825
500.0,10,916.003497
5450.0,183,916.794198
250.0,5,916.831745
-700.0,19,916.929254
2350.0,52,917.156879
50.0,4,917.179932
-650.0,14,917.25071
700.0,16,917.334966
350.0,28,917.461042
200.0,4,917.480658
250.0,7,917.513243
100.0,2,917.522585
1300.0,62,918.46229
900.0,27,918.575687
150.0,18,918.651681
150.0,45,918.86005
1500.0,28,918.989845
1500.0,68,919.312928
-450.0,45,919.482458
50.0,1,919.486917
-650.0,105,919.985071
1950.0,47,920.180736
-650.0,32,920.342196
-100.0,7,920.36892
450.0,143,921.561672
300.0,6,921.586774
-250.0,34,921.732183
-100.0,20,921.814799
50.0,1,921.822182
700.0,29,921.963177
500.0,16,922.036213
50.0,1,922.042629
950.0,37,922.22191
850.0,20,922.35225
1850.0,37,922.504149
1700.0,43,922.683531
100.0,2,922.691048
-250.0,34,922.835398
50.0,4,922.853357
2000.0,48,923.192197
1000.0,29,923.351786
1650.0,145,924.620661
1650.0,33,924.776245
550.0,11,924.831448
1100.0,34,925.007599
450.0,15,925.074489
450.0,27,925.18539
250.0,11,925.241531
-1150.0,46,925.442216
-400.0,31,925.584474
700.0,35,925.747478
2650.0,54,926.002419
400.0,11,926.05734
4750.0,129,926.628034
700.0,14,926.685135
0.0,3,926.698331
200.0,4,926.714629
100.0,2,926.72477
-950.0,86,927.689413
26950.0,643,931.099837
150.0,3,931.112156
-1700.0,73,931.443085
4200.0,131,932.144824
-200.0,47,932.342467
-900.0,125,933.569707
1400.0,27,933.674747
850.0,21,933.759238
-1250.0,26,933.859246
550.0,32,933.989965
-1100.0,32,934.128076
250.0,5,934.149757
1000.0,20,934.23612
450.0,9,934.282725
-2200.0,59,934.534701
-300.0,9,934.573613
-300.0,33,934.74473
400.0,7,934.771623
7250.0,252,936.514475
1900.0,53,936.729504
750.0,47,936.999098
500.0,19,937.108646
100.0,2,937.122821
150.0,9,937.171854
200.0,4,937.193763
1000.0,35,937.348548
-450.0,36,937.523506
1150.0,29,937.653347
1100.0,36,937.81761
400.0,8,937.864128
325.0,46,938.068665
-600.0,15,938.13315
750.0,21,938.218448
350.0,10,938.260676
250.0,17,938.333529
1900.0,34,939.106554
20600.0,537,942.193882
2850.0,226,943.306586
150.0,6,943.327066
1850.0,39,943.489438
650.0,37,943.644175
4200.0,203,945.195878
50.0,1,945.200457
50.0,1,945.204824
1650.0,40,945.37923
100.0,2,945.386238
850.0,20,945.474944
900.0,41,945.650462
150.0,3,945.674521
1750.0,36,945.847398
-800.0,67,946.120274
-200.0,26,946.227222
50.0,13,946.276572
9050.0,254,948.082546
650.0,28,948.198863
0.0,3,948.209319
1200.0,29,948.332602
300.0,6,948.362526
1650.0,51,948.596884
900.0,27,948.717143
50.0,1,948.721651
2450.0,64,948.985303
-1150.0,31,949.120448
50.0,1,949.124089
450.0,15,949.182295
250.0,8,949.220385
-250.0,10,949.263161
1100.0,14,949.327604
150.0,3,949.339703
600.0,12,949.394086
1250.0,188,950.821491
200.0,4,950.845931
19550.0,519,953.970272
100.0,47,954.188311
250.0,14,954.254413
500.0,13,954.317706
100.0,2,954.32518
-850.0,73,954.624503
550.0,14,954.684945
2800.0,53,954.917132
300.0,9,954.95803
50.0,7,954.991845
2600.0,112,955.492
-1200.0,74,955.795778
1300.0,38,955.957597
1600.0,38,956.728655
50.0,1,956.735312
2200.0,37,956.889512
2400.0,85,957.240751
300.0,9,957.285189
250.0,93,957.674661
400.0,9,957.716957
1050.0,24,957.811717
-1000.0,135,958.426871
750.0,33,958.57903
150.0,3,958.592599
500.0,34,958.750888
600.0,33,958.884631
450.0,15,958.943254
2800.0,92,960.001495
500.0,10,960.049906
300.0,6,960.071873
1700.0,38,960.271296
2650.0,59,960.579934
100.0,20,960.667153
700.0,26,960.778627
100.0,44,960.96909
450.0,9,961.010508
0.0,12,961.064184
450.0,9,961.112197
3950.0,111,961.607111
50.0,1,961.612279
250.0,5,961.63176
3150.0,59,961.870569
100.0,8,961.900663
100.0,5,962.46173
1200.0,34,962.627347
3550.0,74,962.929414
150.0,15,962.987111
1750.0,50,963.236082
200.0,4,963.262113
-50.0,58,963.511408
400.0,11,963.546829
250.0,8,963.581224
-1250.0,55,963.798816
1750.0,30,963.926477
1400.0,81,964.270968
300.0,9,964.307127
-1100.0,112,965.369454
150.0,3,965.385036
400.0,7,965.414031
500.0,9,965.46702
100.0,23,965.573316
750.0,21,965.654424
-1450.0,93,966.041669
1550.0,100,966.525443
-400.0,16,966.592178
-1300.0,105,967.038632
750.0,18,967.116925
250.0,5,967.136902
-2150.0,59,967.395685
300.0,19,967.479869
1000.0,40,968.317373
100.0,2,968.326613
0.0,21,968.42594
450.0,18,968.526399
300.0,6,968.553062
100.0,2,968.562998
200.0,4,968.589686
50.0,1,968.596311
3350.0,76,968.900193
5250.0,148,969.529465
300.0,9,969.592953
2700.0,55,969.883725
200.0,4,969.901424
250.0,5,969.920398
2750.0,52,970.120755
5600.0,139,971.297692
2250.0,61,971.583952
1300.0,112,972.096821
300.0,6,972.123588
300.0,9,972.159213
50.0,10,972.200263
3950.0,102,972.677461
50.0,4,972.693837
5650.0,151,974.007803
200.0,4,974.023148
100.0,5,974.042027
100.0,2,974.052413
950.0,21,974.16255
-750.0,21,974.257933
1900.0,123,974.828352
50.0,1,974.833393
900.0,27,974.950204
3300.0,74,975.254132
1950.0,30,975.382969
400.0,8,975.419023
350.0,13,975.475537
1000.0,38,975.632382
500.0,13,975.693746
800.0,31,975.842862
0.0,18,975.939063
850.0,41,976.1161
750.0,127,977.234281
50.0,7,977.262495
750.0,72,977.585525
100.0,2,977.594216
500.0,29,977.731083
150.0,3,977.744305
200.0,9,977.813871
100.0,2,977.825078
450.0,27,977.929509
1500.0,34,978.125272
150.0,3,978.145387
-400.0,16,978.216699
1250.0,94,978.603368
150.0,3,978.61499
1100.0,31,978.735158
2000.0,40,978.900185
300.0,12,978.945091
700.0,9,978.981848
900.0,24,979.134248
350.0,13,979.895045
2150.0,48,980.149957
300.0,6,980.182975
2600.0,56,980.440539
450.0,11,980.485969
-150.0,30,980.649494
3950.0,222,981.601507
550.0,11,981.642441
2400.0,34,981.783966
1350.0,30,981.909446
400.0,11,981.954134
31800.0,726,986.66269
800.0,19,986.744875
950.0,102,987.225919
250.0,5,987.248109
450.0,15,987.318929
1000.0,23,987.424571
300.0,6,987.450712
250.0,29,987.57749
150.0,3,987.597126
800.0,22,987.694114
250.0,19,987.774297
1150.0,50,987.981225
1000.0,28,988.107425
100.0,5,988.131493
550.0,18,988.877819
400.0,8,988.908073
100.0,2,988.919523
5850.0,179,989.70237
-150.0,9,989.74005
30950.0,714,993.82114
1400.0,40,994.003846
100.0,5,994.025114
500.0,10,994.085013
450.0,9,994.139874
350.0,7,994.198356
300.0,12,994.284953
600.0,28,995.281859
1450.0,47,995.601198
200.0,7,995.650721
2300.0,41,995.934374
100.0,14,996.03999
200.0,7,996.096694
450.0,24,996.256328
300.0,23,996.432085
4650.0,145,997.358298
250.0,5,997.37935
1250.0,30,997.519979
600.0,17,997.601975
50.0,1,997.606942
1350.0,45,997.796417
150.0,3,997.809685
250.0,5,997.834533
200.0,4,997.849291
450.0,30,997.983277
1200.0,75,998.860176
5350.0,109,999.411283
850.0,37,999.592094
750.0,13,999.647585
950.0,28,999.778124
350.0,29,999.904581
4050.0,124,1000.506392
300.0,6,1000.532008
-450.0,23,1000.626752
1150.0,23,1000.733445
400.0,8,1000.768932
350.0,13,1000.854532
350.0,9,1000.895705
4700.0,192,1002.468282
350.0,7,1002.502861
100.0,4,1002.52298
650.0,11,1002.569472
100.0,2,1002.576782
300.0,84,1002.982
600.0,12,1003.032849
950.0,40,1003.203056
4650.0,152,1003.84499
4100.0,76,1004.169364
1250.0,28,1004.948662
100.0,2,1004.959476
450.0,21,1005.051418
2100.0,64,1005.328884
550.0,14,1005.383257
150.0,17,1005.450683
100.0,2,1005.45937
4050.0,116,1005.966285
800.0,25,1006.075198
250.0,5,1006.096045
600.0,12,1006.154919
1550.0,50,1006.417921
1250.0,23,1006.555888
1850.0,174,1007.925236
50.0,1,1007.929281
1800.0,98,1008.339372
1350.0,137,1008.94225
1000.0,35,1009.152407
16450.0,391,1011.794726
2550.0,207,1012.959066
50.0,1,1012.968379
1175.0,50,1013.313664
850.0,18,1013.44927
200.0,10,1013.504297
-800.0,47,1014.465093
1750.0,41,1014.657791
750.0,45,1014.871869
20250.0,530,1018.336689
150.0,3,1018.354655
-750.0,38,1018.530547
550.0,37,1018.699397
27500.0,654,1022.285427
-1050.0,24,1022.39259
50.0,1,1022.396299
-250.0,13,1022.453401
50.0,1,1022.458193
1850.0,23,1022.597302
350.0,10,1022.648312
350.0,52,1022.924507
550.0,37,1023.087729
550.0,14,1023.15013
-150.0,12,1023.895296
100.0,2,1023.906809
100.0,15,1023.974394
0.0,9,1024.014294
-450.0,18,1024.104697
2350.0,73,1024.500968
400.0,10,1024.546298
1000.0,47,1024.757958
550.0,11,1024.798512
2450.0,115,1025.334996
-500.0,41,1025.530973
350.0,7,1025.563409
150.0,6,1025.595655
400.0,23,1025.715926
400.0,52,1025.998924
150.0,3,1026.012469
300.0,6,1026.040176
1500.0,42,1026.230797
100.0,10,1026.276814
-100.0,24,1027.052062
-3500.0,88,1027.44768
750.0,16,1027.517077
100.0,17,1027.588336
250.0,5,1027.610729
350.0,9,1027.653454
450.0,12,1027.712063
5850.0,112,1028.213523
-1250.0,59,1028.472802
-150.0,12,1028.532938
300.0,6,1028.561268
0.0,70,1028.859799
200.0,16,1028.935248
5000.0,147,1030.248922
800.0,25,1030.355761
-850.0,141,1030.981088
150.0,3,1030.996986
1150.0,23,1031.096932
50.0,7,1031.131547
-350.0,68,1031.433455
0.0,3,1031.443886
2250.0,47,1031.718207
600.0,24,1031.829829
350.0,7,1031.86552
200.0,4,1031.8838
2750.0,105,1032.996778
300.0,90,1033.387597
1650.0,32,1033.549337
500.0,16,1033.615141
250.0,5,1033.639451
100.0,2,1033.648616
-250.0,31,1033.773338
450.0,16,1033.846086
100.0,2,1033.854353
3750.0,98,1034.268221
5800.0,181,1035.086029
-400.0,16,1035.156237
3550.0,85,1036.162231
1300.0,35,1036.323221
500.0,13,1036.376266
800.0,37,1036.538211
50.0,1,1036.542302
-50.0,11,1036.589644
6450.0,221,1037.569921
1800.0,38,1037.725019
31550.0,723,1042.219946
100.0,56,1042.471765
2150.0,103,1042.995133
0.0,15,1043.066095
600.0,10,1043.111065
-1750.0,117,1043.636616
650.0,31,1043.797738
800.0,16,1043.86972
2050.0,59,1044.793151
-100.0,1,1044.797396
250.0,5,1044.82261
200.0,4,1044.857409
300.0,6,1044.904634
-900.0,40,1045.091285
500.0,10,1045.135777
350.0,10,1045.195707
3850.0,73,1045.539249
200.0,4,1045.555256
750.0,18,1045.631553
300.0,47,1045.836684
450.0,7,1045.870297
450.0,27,1046.006888
-1350.0,48,1046.221318
900.0,17,1046.335012
1650.0,53,1046.604604
700.0,14,1046.665076
300.0,9,1046.703395
550.0,18,1046.78645
500.0,13,1046.849984
50.0,1,1046.854673
-800.0,17,1046.937505
250.0,11,1046.979344
1250.0,25,1047.126769
300.0,6,1047.154346
-1650.0,23,1047.972823
7200.0,134,1048.667307
150.0,3,1048.677766
2450.0,46,1048.869969
400.0,17,1048.947537
4650.0,92,1049.34721
450.0,9,1049.387913
50.0,1,1049.393579
-150.0,36,1049.57218
2250.0,71,1049.938038
400.0,8,1049.975149
200.0,4,1049.990498
150.0,18,1050.07025
600.0,11,1050.116203
3750.0,110,1051.273102
350.0,10,1051.31437
800.0,11,1051.359437
350.0,13,1051.418378
16700.0,395,1053.333532
1750.0,47,1054.240469
6200.0,228,1055.260069
1150.0,35,1055.411346
300.0,45,1055.646688
450.0,9,1055.68894
4700.0,132,1056.221361
800.0,16,1056.289391
700.0,17,1056.379907
100.0,5,1056.997164
-100.0,4,1057.013889
100.0,5,1057.035382
5200.0,147,1057.64244
150.0,12,1057.691312
1350.0,50,1057.91102
-800.0,17,1057.981069
-1150.0,31,1058.114014
2050.0,46,1058.307467
1750.0,45,1058.525632
-50.0,20,1058.612324
-1150.0,19,1058.69929
37550.0,834,1063.702526
2200.0,48,1063.910887
4600.0,131,1064.550002
2400.0,65,1064.858882
100.0,2,1064.870085
0.0,6,1064.896489
2600.0,45,1065.108771
350.0,28,1065.82101
4250.0,114,1066.306753
-300.0,125,1066.854666
950.0,28,1066.985111
350.0,6,1067.013464
5050.0,139,1067.66017
50.0,10,1067.729365
500.0,9,1067.771089
350.0,10,1067.815027
-50.0,25,1067.92186
150.0,3,1067.936668
900.0,20,1068.028352
400.0,11,1068.673192
150.0,3,1068.686803
4700.0,141,1069.291881
400.0,11,1069.335663
250.0,17,1069.413183
2400.0,185,1070.226111
1450.0,31,1070.357802
-100.0,24,1070.467329
6300.0,127,1071.733947
2200.0,65,1072.029533
600.0,21,1072.116967
650.0,15,1072.185399
200.0,4,1072.200132
2150.0,52,1072.440446
1400.0,73,1072.766584
1350.0,44,1072.963316
650.0,13,1073.018273
8150.0,157,1073.740926
4300.0,79,1074.903884
-575.0,75,1075.222739
550.0,11,1075.271328
200.0,7,1075.304827
-350.0,17,1075.374192
0.0,3,1075.389713
0.0,9,1075.428363
-250.0,22,1075.523196
350.0,46,1075.717016
150.0,3,1075.730306
650.0,25,1075.840077
1050.0,26,1075.961644
250.0,5,1076.005407
2800.0,42,1076.186411
250.0,5,1076.204051
450.0,18,1076.28065
1100.0,26,1076.391683
-2700.0,73,1076.702251
-25.0,2,1076.715777
32350.0,732,1081.253725
2100.0,52,1081.497214
50.0,1,1081.501261
350.0,7,1081.52948
300.0,6,1081.559985
-300.0,20,1081.644745
1150.0,35,1081.808236
250.0,8,1081.854881
50.0,1,1081.85903
700.0,26,1081.970702
200.0,13,1082.031192
3550.0,105,1082.51747
1900.0,41,1082.710451
150.0,3,1082.727193
2050.0,45,1083.707047
550.0,11,1083.759763
500.0,25,1083.86925
-1000.0,85,1084.345059
550.0,11,1084.387279
0.0,138,1085.017825
1300.0,164,1085.726722
100.0,11,1085.773261
700.0,14,1085.830772
3150.0,98,1086.926446
200.0,4,1086.94172
-500.0,14,1087.003093
3100.0,87,1087.380456
-100.0,4,1087.401233
-3100.0,121,1087.973263
-850.0,19,1088.059051
1650.0,80,1088.412429
4400.0,108,1088.889474
600.0,13,1089.596636
-250.0,12,1089.642659
900.0,18,1089.717136
100.0,11,1089.760873
-250.0,76,1090.108507
450.0,9,1090.148489
850.0,17,1090.22649
150.0,3,1090.240928
900.0,30,1090.371972
400.0,14,1090.430936
550.0,14,1090.490937
1250.0,39,1090.668756
1450.0,57,1090.917479
900.0,35,1091.074723
100.0,2,1091.08198
700.0,14,1091.146816
200.0,6,1091.172891
-350.0,31,1091.299881
100.0,2,1091.311318
250.0,5,1091.340679
1600.0,37,1091.510523
50.0,1,1091.5148
250.0,5,1091.538374
50.0,1,1091.544163
33550.0,754,1096.387503
-700.0,37,1096.566776
200.0,4,1096.585545
3800.0,119,1097.094225
450.0,12,1097.148006
350.0,10,1097.190258
450.0,9,1097.224287
400.0,8,1097.28107
-950.0,23,1097.433168
50.0,1,1097.439883
1050.0,42,1097.609494
150.0,3,1097.621936
50.0,1,1097.62589
200.0,4,1097.640018
-200.0,14,1097.724145
450.0,9,1097.760767
-800.0,74,1098.776618
100.0,8,1098.811925
400.0,17,1098.892901
600.0,18,1098.971389
500.0,13,1099.027043
100.0,2,1099.035932
20100.0,485,1101.835785
100.0,5,1101.852701
4200.0,107,1102.360201
150.0,3,1102.373223
250.0,17,1102.447943
550.0,14,1102.49691
350.0,7,1102.527595
200.0,10,1102.568936
1750.0,39,1102.732723
5300.0,151,1103.458337
-200.0,13,1103.513042
150.0,3,1103.525156
-1150.0,19,1103.610957
2150.0,58,1103.856093
1350.0,54,1104.741817
400.0,11,1104.803388
600.0,21,1104.905961
100.0,2,1104.912687
50.0,1,1104.916922
50.0,1,1104.921598
600.0,9,1104.955014
2950.0,71,1105.27135
200.0,6,1105.294996
250.0,5,1105.313042
-800.0,106,1105.784256
2150.0,56,1106.000583
1150.0,102,1106.455101
700.0,32,1106.595851
200.0,3,1106.611981
3150.0,172,1108.008206
700.0,26,1108.115055
-1100.0,23,1108.221994
50.0,16,1108.292007
500.0,9,1108.326837
2400.0,73,1108.664224
18000.0,414,1111.131913
4800.0,154,1111.824192
1250.0,135,1112.431134
50.0,1,1112.435549
-1500.0,101,1113.509752
2650.0,82,1113.881812
-2500.0,73,1114.194432
50.0,1,1114.200744
300.0,9,1114.237123
-150.0,46,1114.420131
350.0,6,1114.444031
750.0,15,1114.522476
600.0,12,1114.574076
350.0,7,1114.618512
150.0,3,1114.635037
50.0,1,1114.64076
1150.0,41,1114.807479
350.0,7,1114.836615
3300.0,169,1116.242387
4750.0,130,1116.806883
1100.0,36,1116.969856
1000.0,41,1117.150759
1600.0,39,1117.311379
50.0,1,1117.317742
3050.0,75,1117.65802
50.0,10,1117.715987
100.0,5,1117.743751
750.0,21,1117.839947
1350.0,36,1117.999155
400.0,13,1118.054829
2850.0,104,1119.128095
900.0,20,1119.22308
1850.0,36,1119.399726
-3250.0,133,1119.973144
500.0,19,1120.053332
1300.0,26,1120.163656
150.0,3,1120.173971
100.0,5,1120.204516
100.0,29,1120.333307
1900.0,48,1120.53082
950.0,36,1120.673189
1550.0,29,1120.809553
200.0,11,1120.855511
1750.0,93,1121.266126
150.0,3,1122.047124
500.0,63,1122.365529
700.0,17,1122.431055
150.0,3,1122.447249
450.0,7,1122.479253
4600.0,91,1122.967453
32150.0,730,1127.188659
3600.0,80,1127.694973
-500.0,145,1129.027422
0.0,3,1129.040489
1200.0,40,1129.22801
3000.0,95,1129.759346
19050.0,444,1132.527222
1350.0,51,1132.750126
50.0,4,1132.769227
0.0,3,1132.785008
500.0,10,1132.830926
300.0,6,1132.857643
-100.0,13,1132.919039
1800.0,38,1133.142354
50.0,1,1133.148704
150.0,3,1133.172436
100.0,2,1133.18707
100.0,2,1133.201331
50.0,49,1133.464794
350.0,20,1133.590153
1300.0,26,1133.783521
600.0,15,1133.899317
200.0,4,1133.928082
6600.0,239,1135.86755
600.0,27,1136.007588
500.0,70,1136.312747
550.0,31,1136.458633
350.0,7,1136.487049
500.0,16,1136.575621
-300.0,42,1136.830268
-300.0,75,1137.246596
150.0,3,1137.264089
-1000.0,42,1137.489415
-750.0,107,1138.740587
400.0,14,1138.806398
1650.0,145,1139.433273
2950.0,199,1140.354085
-1300.0,83,1140.788077
-850.0,16,1141.64143
1150.0,25,1141.792747
150.0,15,1141.860496
250.0,23,1141.982501
250.0,5,1142.004877
5550.0,154,1142.767306
4500.0,133,1143.368173
1350.0,44,1143.561509
2750.0,62,1143.838042
650.0,13,1143.89231
-1450.0,99,1144.922014
0.0,18,1145.000006
-1350.0,45,1145.190351
200.0,7,1145.216658
2650.0,46,1145.414986
600.0,15,1145.471613
150.0,35,1145.692962
150.0,18,1145.76789
2150.0,27,1145.888035
2850.0,74,1146.202947
4900.0,153,1146.875249
50.0,13,1147.53301
-1000.0,82,1147.905471
100.0,8,1147.939436
3950.0,111,1148.504411
50.0,7,1148.540273
300.0,9,1148.575489
200.0,4,1148.591923
500.0,10,1148.632907
100.0,2,1148.643994
750.0,33,1148.783789
0.0,6,1148.811364
22950.0,568,1151.934692
200.0,4,1151.954228
1500.0,39,1152.167865
50.0,1,1152.172751
150.0,3,1152.182758
50.0,1,1152.18681
500.0,18,1152.264863
400.0,8,1152.306946
4000.0,162,1153.737468
3200.0,98,1154.382355
1600.0,66,1154.694873
-300.0,15,1154.783185
250.0,5,1154.806519
150.0,3,1154.818224
750.0,24,1154.951696
750.0,15,1155.02094
150.0,3,1155.033537
50.0,1,1155.038672
100.0,2,1155.046365
-900.0,18,1155.118016
100.0,16,1155.186218
-1050.0,63,1155.458974
850.0,17,1155.541125
1600.0,24,1155.640011
1400.0,97,1156.758008
3850.0,126,1157.307519
0.0,6,1157.330038
3450.0,99,1157.75572
400.0,87,1158.1417
3300.0,101,1158.589823
4150.0,92,1159.581369
800.0,33,1159.743385
1150.0,44,1159.930359
450.0,9,1159.971862
50.0,1,1159.976435
-200.0,11,1160.022084
300.0,6,1160.049094
450.0,9,1160.09216
300.0,75,1160.46215
2300.0,67,1160.754019
-150.0,48,1160.97274
350.0,7,1161.002644
1750.0,33,1161.193475
300.0,6,1161.21838
50.0,1,1161.22197
1850.0,83,1161.628278
1350.0,31,1161.75635
200.0,4,1161.777478
0.0,3,1161.788453
400.0,16,1161.854009
-1450.0,25,1162.571238
19500.0,500,1165.339984
650.0,12,1165.39182
700.0,28,1165.506519
300.0,9,1165.543971
650.0,12,1165.598701
3400.0,208,1166.671483
50.0,4,1166.688818
300.0,6,1166.718408
-1450.0,111,1167.225397
2850.0,78,1167.562303
200.0,3,1167.57452
750.0,18,1167.657298
-150.0,6,1167.679182
400.0,8,1167.714934
250.0,23,1168.460346
4400.0,85,1168.859812
550.0,23,1168.965124
50.0,1,1168.971893
150.0,21,1169.076318
1300.0,49,1169.306155
-50.0,5,1169.329695
-350.0,121,1169.843798
250.0,8,1169.879406
1200.0,36,1170.037017
3600.0,106,1170.510019
2950.0,62,1171.492315
-2500.0,73,1171.844744
250.0,74,1172.260865
-400.0,16,1172.347909
3200.0,79,1172.682731
-1450.0,34,1172.828893
200.0,10,1172.87353
950.0,15,1172.930027
350.0,13,1172.991995
250.0,5,1173.012117
-100.0,19,1173.092191
1700.0,55,1173.32495
4650.0,89,1173.75774
550.0,65,1174.689915
2750.0,70,1174.978781
650.0,33,1175.115943
150.0,26,1175.247044
-2150.0,62,1175.521906
900.0,25,1175.631866
800.0,172,1176.505087
2250.0,49,1176.756876
1400.0,34,1177.673232
200.0,3,1177.688637
800.0,123,1178.228153
-50.0,59,1178.49481
0.0,6,1178.516214
-300.0,3,1178.534982
100.0,2,1178.547962
-450.0,23,1178.646721
-1600.0,31,1178.778631
550.0,22,1178.889105
650.0,9,1178.929877
0.0,51,1179.183359
300.0,6,1179.206777
100.0,5,1179.230103
7150.0,175,1180.603491
350.0,7,1180.641098
4200.0,93,1180.945902
1100.0,37,1181.039448
400.0,7,1181.057644
6050.0,186,1181.60906
-700.0,64,1181.803952
3050.0,82,1182.019343
400.0,14,1182.384872
700.0,17,1182.430584
150.0,6,1182.445774
150.0,9,1182.469681
0.0,6,1182.485329
650.0,25,1182.552324
600.0,12,1182.583512
400.0,11,1182.612144
1150.0,28,1182.685222
3450.0,78,1182.88945
-200.0,32,1182.975858
400.0,16,1183.016218
550.0,13,1183.051761
-2800.0,78,1183.260867
100.0,2,1183.266107
150.0,6,1183.282044
400.0,11,1183.311284
250.0,5,1183.324767
5400.0,191,1184.156578
1650.0,31,1184.256844
500.0,10,1184.285034
250.0,5,1184.300157
350.0,25,1184.365758
2500.0,71,1184.547358
50.0,13,1184.580945
-400.0,58,1184.728467
1500.0,26,1184.793391
1450.0,41,1184.897193
2250.0,83,1185.108087
600.0,12,1185.138778
550.0,53,1185.277274
36250.0,789,1188.145855
500.0,10,1188.18619
1050.0,84,1188.462779
3000.0,77,1188.66159
150.0,3,1188.671276
1250.0,32,1188.765009
19200.0,512,1190.498044
250.0,12,1190.533276
450.0,9,1190.560218
50.0,1,1190.563416
-1300.0,61,1191.072989
550.0,40,1191.177977
100.0,2,1191.183324
22900.0,567,1192.933285
-350.0,17,1192.985754
-1050.0,15,1193.022237
600.0,133,1193.355736
300.0,26,1193.421654
850.0,17,1193.474164
-550.0,13,1193.507769
6650.0,166,1193.930642
500.0,28,1194.321019
150.0,3,1194.328476
300.0,39,1194.424628
50.0,132,1194.755103
600.0,12,1194.784417
300.0,8,1194.805471
1200.0,24,1194.863966
400.0,8,1194.884933
-200.0,10,1194.909791
0.0,6,1194.924354
350.0,19,1194.97374
850.0,17,1195.015623
-50.0,20,1195.064692
500.0,10,1195.09055
250.0,11,1195.118083
500.0,13,1195.149585
1100.0,104,1195.411274
2200.0,181,1196.161816
200.0,4,1196.171947
450.0,9,1196.195016
150.0,15,1196.246531
350.0,13,1196.279376
200.0,3,1196.286986
750.0,18,1196.333859
50.0,1,1196.336773
-250.0,7,1196.355064
2700.0,44,1196.464593
150.0,3,1196.47279
-1200.0,64,1196.63653
-300.0,9,1196.659546
2200.0,37,1196.758785
1050.0,44,1196.878909
-250.0,9,1196.901304
300.0,14,1196.936746
300.0,6,1196.951237
8250.0,159,1197.697885
-200.0,23,1197.776076
400.0,20,1197.830867
350.0,10,1197.855877
400.0,35,1197.948367
400.0,10,1197.973648
1450.0,95,1198.228331
250.0,8,1198.248755
1700.0,75,1198.437156
700.0,22,1198.491717
200.0,4,1198.502823
1700.0,37,1198.596243
7100.0,170,1199.352752
900.0,17,1199.394382
200.0,3,1199.402001
800.0,21,1199.456427
2150.0,33,1199.542354
-600.0,12,1199.572942
300.0,29,1199.647873
850.0,17,1199.690739
1150.0,25,1199.75709
-100.0,37,1199.851963
-800.0,53,1199.983403
2550.0,111,1200.268923
200.0,13,1200.300143
250.0,8,1200.320339
250.0,5,1200.332834
3500.0,113,1200.957386
1400.0,34,1201.045811
1950.0,56,1201.187547
50.0,1,1201.190614
1950.0,41,1201.293449
1050.0,21,1201.344247
800.0,19,1201.390909
4800.0,191,1201.863035
1300.0,78,1202.061598
2200.0,115,1202.669677
4300.0,115,1202.964499
250.0,5,1202.977926
1000.0,38,1203.069969
50.0,1,1203.073133
450.0,9,1203.09638
600.0,21,1203.15071
650.0,15,1203.188916
1250.0,28,1203.259715
250.0,26,1203.324833
-100.0,16,1203.365988
-200.0,13,1203.399504
950.0,27,1203.467837
0.0,3,1203.476065
100.0,5,1203.48899
-100.0,7,1203.507365
600.0,12,1203.537844
1050.0,33,1203.624959
250.0,5,1203.638201
700.0,62,1204.129923
1850.0,39,1204.230027
300.0,8,1204.251028
100.0,2,1204.256658
150.0,3,1204.265512
-100.0,22,1204.323835
1450.0,47,1204.441149
-1100.0,20,1204.493345
-2050.0,67,1204.663408
600.0,18,1204.709452
50.0,19,1204.760513
-1050.0,44,1204.87408
100.0,2,1204.87947
6850.0,127,1205.198231
100.0,2,1205.203907
1650.0,149,1205.910921
200.0,16,1205.949434
-100.0,28,1206.017729
8100.0,176,1206.44167
250.0,5,1206.45401
0.0,9,1206.47573
150.0,3,1206.483678
-1200.0,69,1206.655043
550.0,14,1206.689209
-250.0,39,1206.796215
1350.0,69,1206.975216
27500.0,654,1209.308369
6650.0,240,1209.895404
5650.0,196,1210.721375
50.0,1,1210.724077
200.0,4,1210.734762
1300.0,55,1210.878722
2450.0,64,1211.04539
-600.0,71,1211.225366
2400.0,34,1211.313008
250.0,8,1211.334832
-2700.0,82,1211.549175
1950.0,82,1211.770242
600.0,12,1211.801024
-350.0,11,1211.829254
-1250.0,20,1211.881769
10050.0,264,1212.850718
-450.0,30,1212.930807
100.0,2,1212.93713
150.0,12,1212.968757
100.0,8,1212.989298
-1850.0,89,1213.209416
200.0,4,1213.219961
-1950.0,66,1213.38911
2100.0,52,1213.520239
-400.0,25,1213.893355
700.0,14,1213.928194
300.0,45,1214.042617
-100.0,6,1214.059622
37300.0,829,1216.444844
2850.0,56,1216.590319
5200.0,112,1217.191885
-1000.0,132,1217.528538
200.0,4,1217.538792
-200.0,23,1217.596058
-250.0,22,1217.650516
2400.0,61,1217.914668
-150.0,20,1217.967376
-650.0,11,1217.997247
5200.0,100,1218.253962
1800.0,35,1218.343673
10600.0,271,1219.374045
75.0,3,1219.381327
500.0,13,1219.414137
1050.0,30,1219.495955
0.0,60,1219.707495
75.0,1,1219.710508
1150.0,32,1219.797978
-2450.0,65,1219.969416
13425.0,305,1221.047384
1900.0,64,1221.221768
850.0,17,1221.265302
50.0,22,1221.324308
-250.0,7,1221.342996
950.0,23,1221.405318
500.0,10,1221.43053
4700.0,132,1221.767074
4750.0,124,1222.393446
850.0,17,1222.434989
1700.0,51,1222.559798
-650.0,115,1222.854142
550.0,17,1222.898295
700.0,14,1222.933341
150.0,3,1222.941474
800.0,17,1222.983008
1050.0,106,1223.253761
300.0,114,1223.887186
600.0,15,1223.929481
50.0,1,1223.932436
-2700.0,153,1224.332007
50.0,1,1224.335209
450.0,18,1224.381372
650.0,13,1224.413749
-2900.0,143,1224.778929
250.0,5,1224.792174
-1100.0,43,1224.903273
100.0,23,1224.961267
300.0,6,1224.97762
-400.0,136,1225.649328
450.0,11,1225.678655
1150.0,35,1225.772073
250.0,5,1225.785176
200.0,4,1225.795051
300.0,9,1225.820265
900.0,21,1225.872416
1050.0,21,1225.923864
750.0,35,1226.009862
500.0,10,1226.036949
1250.0,26,1226.102341
-1600.0,49,1226.228249
2900.0,55,1226.376444
300.0,6,1226.392328
350.0,10,1226.420457
1600.0,79,1226.62468
-250.0,7,1226.643358
150.0,17,1226.6868
1750.0,38,1227.106875
100.0,5,1227.121151
200.0,4,1227.132717
-400.0,67,1227.305934
450.0,12,1227.336308
900.0,18,1227.382322
5000.0,189,1227.880213
0.0,3,1227.887849
150.0,6,1227.902823
850.0,17,1227.945323
350.0,7,1227.963589
36100.0,786,1230.603587
50.0,1,1230.606877
0.0,9,1230.631412
900.0,42,1230.739641
-1050.0,27,1230.811821
-50.0,23,1230.871527
400.0,10,1230.896381
150.0,3,1230.904376
50.0,1,1230.907029
1100.0,22,1230.963104
50.0,1,1230.966288
450.0,12,1230.996726
1650.0,26,1231.061838
700.0,37,1231.157127
500.0,25,1231.222239
400.0,20,1231.273407
2950.0,60,1231.429428
850.0,12,1231.460335
250.0,8,1231.481191
200.0,4,1231.492114
600.0,12,1231.523766
350.0,36,1231.613322
37800.0,839,1234.422251
-1200.0,21,1234.476573
400.0,8,1234.497774
650.0,16,1234.538392
300.0,6,1234.554429
400.0,6,1234.570449
150.0,9,1234.593758
-850.0,87,1234.821952
500.0,13,1234.854824
-300.0,129,1235.501043
700.0,28,1235.573204
-450.0,12,1235.60352
100.0,5,1235.615746
-700.0,52,1235.747743
400.0,8,1235.76804
200.0,4,1235.778364
600.0,33,1235.860735
450.0,12,1235.889621
800.0,24,1235.951651
2050.0,35,1236.0394
-100.0,7,1236.0566
250.0,14,1236.090468
1050.0,23,1236.148067
1200.0,33,1236.233138
400.0,8,1236.25505
650.0,11,1236.284302
750.0,15,1236.323534
-450.0,14,1236.359801
300.0,6,1236.375263
200.0,22,1236.432099
1250.0,60,1236.887462
5000.0,138,1237.308202
3050.0,74,1237.491285
100.0,2,1237.496712
1100.0,22,1237.551085
1050.0,84,1237.756052
850.0,62,1237.920011
-1250.0,32,1238.003151
100.0,2,1238.009237
900.0,31,1238.096608
200.0,7,1238.115602
6200.0,210,1238.974867
300.0,9,1238.996811
550.0,55,1239.133173
-100.0,37,1239.226459
100.0,2,1239.231834
-1100.0,43,1239.342286
-400.0,28,1239.414365
50.0,1,1239.417041
50.0,1,1239.420037
1700.0,52,1239.555385
150.0,27,1239.624181
250.0,17,1239.667749
50.0,1,1239.67067
-100.0,81,1240.169487
600.0,71,1240.344485
-1500.0,24,1240.403006
150.0,15,1240.439462
15950.0,384,1241.401238
3750.0,109,1241.993804
550.0,11,1242.020851
33500.0,753,1244.257789
2200.0,69,1244.435776
550.0,14,1244.471965
200.0,13,1244.505315
850.0,33,1244.587512
200.0,4,1244.597754
-400.0,13,1244.631743
200.0,4,1244.642973
50.0,1,1244.645833
1300.0,38,1245.042882
1300.0,32,1245.121209
700.0,26,1245.183987
1150.0,29,1245.25701
2150.0,40,1245.355324
450.0,14,1245.391379
1850.0,45,1245.500201
200.0,9,1245.522242
2350.0,52,1245.647213
1100.0,22,1245.702441
150.0,3,1245.710717
0.0,3,1245.718399
400.0,26,1245.785492
-100.0,30,1245.866514
150.0,33,1245.961502
4650.0,128,1246.621463
-100.0,16,1246.6622
700.0,34,1246.746789
0.0,3,1246.754835
300.0,6,1246.769808
200.0,4,1246.780914
-1450.0,66,1246.948131
250.0,5,1246.960938
100.0,26,1247.02806
300.0,21,1247.080888
-900.0,59,1247.230033
350.0,7,1247.248348
400.0,7,1247.268293
-3350.0,128,1247.593386
3300.0,80,1247.793673
250.0,5,1247.806033
-1600.0,37,1248.213981
250.0,8,1248.233944
4500.0,113,1248.508752
1650.0,51,1248.631401
4350.0,60,1248.776574
0.0,6,1248.791935
100.0,2,1248.797423
-150.0,6,1248.811953
2300.0,69,1248.981942
100.0,2,1248.987454
1950.0,47,1249.104691
1000.0,38,1249.203697
-850.0,16,1249.24518
500.0,9,1249.269302
450.0,33,1249.349435
50.0,13,1249.382082
-1450.0,114,1249.97053
-150.0,96,1250.209253
50.0,1,1250.211902
2100.0,36,1250.301207
2850.0,60,1250.446758
50.0,1,1250.450086
450.0,27,1250.515032
850.0,23,1250.575577
300.0,76,1250.777126
1300.0,30,1250.858645
150.0,3,1250.867278
300.0,27,1250.942005
17000.0,398,1252.273809
-250.0,123,1252.636209
150.0,3,1252.645805
-200.0,29,1252.730831
100.0,2,1252.736496
50.0,4,1252.746614
-100.0,33,1253.144435
900.0,45,1253.26121
250.0,5,1253.2742
450.0,13,1253.306462
150.0,48,1253.42795
-750.0,112,1253.849539
1400.0,38,1253.985864
875.0,23,1254.050385
2700.0,68,1254.25038
-200.0,40,1254.362056
4750.0,142,1255.077808
2000.0,48,1255.212047
350.0,14,1255.252549
-3350.0,110,1255.554644
800.0,21,1255.607947
300.0,15,1255.646831
400.0,17,1255.692467
450.0,15,1255.733091
300.0,9,1255.756488
1300.0,40,1255.8598
1100.0,21,1255.914121
600.0,12,1255.945577
-100.0,10,1255.976098
400.0,8,1256.000435
300.0,6,1256.018976
100.0,2,1256.026131
-1650.0,33,1256.117187
150.0,3,1256.125742
550.0,20,1256.177432
-1300.0,22,1256.234486
400.0,8,1256.257996
250.0,17,1256.303818
150.0,3,1256.311886
250.0,11,1256.669819
300.0,9,1256.692533
-500.0,85,1256.905232
-200.0,74,1257.091711
700.0,25,1257.15733
250.0,5,1257.171495
1450.0,47,1257.302264
1300.0,41,1257.417662
1550.0,32,1257.521236
550.0,10,1257.554658
-1850.0,89,1257.828662
1500.0,57,1257.987543
1050.0,42,1258.476723
300.0,6,1258.494866
1200.0,19,1258.546224
1900.0,44,1258.665427
2750.0,51,1258.801148
2350.0,95,1259.056074
150.0,3,1259.065498
250.0,5,1259.079156
-100.0,34,1259.165365
100.0,2,1259.170759
500.0,13,1259.203153
700.0,22,1259.263624
450.0,9,1259.288003
450.0,12,1259.327834
-750.0,21,1259.401856
200.0,7,1259.424622
400.0,26,1259.52022
-400.0,28,1259.605382
5350.0,227,1260.619848
32650.0,737,1263.161001
1000.0,174,1264.086718
100.0,2,1264.093181
1650.0,38,1264.215272
1700.0,78,1264.443381
400.0,8,1264.464264
200.0,4,1264.475781
32950.0,743,1267.042022
1250.0,191,1267.859987
3125.0,115,1268.15906
350.0,7,1268.177283
400.0,23,1268.237033
150.0,3,1268.244862
-550.0,10,1268.271286
650.0,13,1268.303773
500.0,10,1268.330105
-500.0,17,1268.372837
2600.0,49,1268.493133
1000.0,23,1268.563343
50.0,4,1268.575457
200.0,4,1268.589461
550.0,11,1268.627176
18200.0,417,1270.056108
150.0,3,1270.06401
-500.0,13,1270.097534
600.0,15,1270.137031
500.0,11,1270.165146
-3150.0,48,1270.293032
800.0,58,1270.442964
-2250.0,49,1270.571615
150.0,9,1270.594915
-1950.0,110,1271.326772
100.0,11,1271.364945
350.0,89,1271.593315
3500.0,95,1271.846429
350.0,13,1271.882551
800.0,16,1271.926754
2100.0,63,1272.109611
-550.0,52,1272.289537
1050.0,24,1272.368152
550.0,20,1272.434634
200.0,67,1272.649762
-1500.0,36,1273.194834
1000.0,21,1273.257925
100.0,2,1273.264287
50.0,1,1273.267304
50.0,1,1273.270931
200.0,4,1273.28113
300.0,6,1273.298647
700.0,14,1273.334319
700.0,55,1273.475249
-150.0,12,1273.507837
-700.0,37,1273.605748
1800.0,39,1273.709681
1650.0,170,1274.168965
350.0,10,1274.194739
-100.0,7,1274.212941
950.0,28,1274.28574
1100.0,19,1274.332403
250.0,5,1274.345647
800.0,25,1274.410521
4400.0,121,1275.185621
1050.0,13,1275.235227
400.0,8,1275.278254
450.0,17,1275.35199
-1050.0,48,1275.514601
550.0,10,1275.540828
1750.0,26,1275.611611
1750.0,44,1275.73484
-1600.0,52,1275.888581
1850.0,53,1276.0358
3850.0,97,1276.32332
200.0,10,1276.348392
450.0,13,1276.381617
700.0,77,1276.91977
-175.0,66,1277.082797
450.0,11,1277.111225
600.0,17,1277.157483
-50.0,11,1277.185747
2950.0,52,1277.319648
850.0,20,1277.370943
750.0,16,1277.41113
-200.0,26,1277.476911
900.0,15,1277.517882
-300.0,9,1277.542003
4300.0,115,1277.837274
-100.0,7,1277.855528
50.0,1,1277.858657
100.0,2,1277.863987
300.0,27,1277.934011
100.0,2,1277.939457
800.0,16,1277.978899
950.0,19,1278.02638
300.0,6,1278.041015
-50.0,104,1278.607155
800.0,25,1278.668739
350.0,22,1278.723291
550.0,11,1278.750782
-50.0,5,1278.763348
150.0,6,1278.778385
900.0,30,1278.861617
400.0,49,1278.983719
1350.0,27,1279.051951
350.0,27,1279.117481
900.0,42,1279.227626
200.0,7,1279.24614
850.0,17,1279.29411
150.0,24,1279.355613
1350.0,151,1280.048247
-500.0,145,1280.403541
1650.0,41,1280.504034
-1000.0,22,1280.561337
350.0,37,1280.650136
700.0,20,1280.700176
2000.0,80,1280.910091
500.0,10,1280.935745
650.0,19,1280.984888
3800.0,85,1281.198162
500.0,13,1281.232165
200.0,4,1281.242467
1400.0,55,1281.686589
200.0,10,1281.712582
300.0,36,1281.803069
-250.0,19,1281.850097
350.0,28,1281.923836
950.0,22,1281.977523
150.0,3,1281.985818
400.0,8,1282.008357
750.0,47,1282.137019
4200.0,127,1282.482691
150.0,3,1282.491471
1000.0,26,1282.559829
400.0,13,1282.594308
50.0,4,1282.605261
1800.0,35,1282.699064
100.0,2,1282.705037
250.0,5,1282.719585
200.0,34,1282.852059
700.0,16,1282.909115
200.0,4,1282.923866
150.0,15,1282.96866
1550.0,41,1283.405126
2150.0,59,1283.56234
600.0,12,1283.592137
1200.0,42,1283.698198
1000.0,23,1283.760641
50.0,4,1283.770817
400.0,8,1283.790979
1150.0,21,1283.844535
-200.0,48,1283.968531
750.0,21,1284.021792
100.0,2,1284.027456
1150.0,39,1284.133176
250.0,5,1284.146187
50.0,1,1284.149065
3450.0,71,1284.336731
1950.0,29,1284.407735
300.0,6,1284.422637
36450.0,819,1287.158744
200.0,4,1287.169091
200.0,10,1287.194214
50.0,1,1287.197322
300.0,6,1287.212818
50.0,4,1287.224057
2750.0,63,1287.392586
50.0,1,1287.395484
2100.0,69,1287.570022
200.0,4,1287.579841
6800.0,243,1288.497216
150.0,3,1288.504994
1200.0,33,1288.58637
100.0,2,1288.591539
-1400.0,64,1288.752462
400.0,8,1288.773721
450.0,18,1288.820949
650.0,11,1288.850239
200.0,4,1288.86155
100.0,2,1288.867213
900.0,18,1288.916542
2800.0,80,1289.207152
400.0,14,1289.24416
800.0,14,1289.284105
250.0,8,1289.307532
2700.0,97,1289.621952
300.0,6,1289.645818
200.0,7,1289.670219
150.0,3,1289.679794
350.0,22,1289.74888
1100.0,25,1290.159231
100.0,2,1290.165589
850.0,26,1290.236891
-1100.0,62,1290.403132
-850.0,108,1290.694026
4900.0,147,1291.074517
900.0,12,1291.105289
-400.0,109,1291.387087
250.0,8,1291.409858
3200.0,67,1291.98979
400.0,5,1292.003325
-600.0,33,1292.089613
750.0,37,1292.185438
600.0,27,1292.255718
100.0,2,1292.261032
-500.0,23,1292.320236
100.0,2,1292.325695
150.0,3,1292.334058
1750.0,37,1292.430279
650.0,13,1292.467284
100.0,2,1292.472839
200.0,4,1292.4834
400.0,8,1292.504919
-1150.0,19,1292.553541
50.0,1,1292.556415
50.0,1,1292.559288
250.0,5,1292.573129
300.0,6,1292.588903
200.0,4,1292.598988
50.0,1,1292.602153
-50.0,20,1292.652239
1550.0,24,1292.709496
600.0,27,1292.778021
200.0,4,1292.788137
1000.0,32,1292.866119
50.0,1,1292.869059
2150.0,51,1293.000793
300.0,15,1293.040007
500.0,10,1293.064947
-100.0,7,1293.083189
800.0,14,1293.11977
100.0,2,1293.127328
400.0,8,1293.15134
-100.0,13,1293.188818
400.0,19,1293.557466
200.0,4,1293.567878
750.0,15,1293.60661
100.0,2,1293.611998
1200.0,36,1293.699058
100.0,5,1293.712884
-100.0,16,1293.754001
600.0,12,1293.783154
50.0,7,1293.800434
1150.0,48,1293.920715
-250.0,10,1293.945286
250.0,71,1294.13619
-200.0,8,1294.158199
300.0,6,1294.174487
500.0,13,1294.215452
450.0,56,1294.364087
1450.0,36,1294.456825
100.0,2,1294.462528
150.0,3,1294.470893
800.0,22,1294.527278
450.0,30,1294.60018
650.0,16,1294.640207
2700.0,114,1295.24666
50.0,1,1295.249437
2200.0,49,1295.374304
50.0,1,1295.377254
4100.0,110,1295.669133
50.0,1,1295.673223
1550.0,150,1296.076072
1200.0,42,1296.186518
-400.0,10,1296.215862
150.0,3,1296.224789
2950.0,56,1296.373678
3000.0,79,1296.878272
200.0,9,1296.900627
200.0,4,1296.91106
1500.0,36,1297.04013
600.0,42,1297.198346
350.0,7,1297.21831
350.0,13,1297.253863
100.0,2,1297.259501
150.0,3,1297.267107
500.0,10,1297.298697
900.0,48,1297.432404
400.0,7,1297.451363
4250.0,128,1297.792748
-800.0,80,1298.004694
1550.0,33,1298.093363
3700.0,79,1298.614135
100.0,2,1298.619374
350.0,8,1298.639162
1650.0,68,1298.810068
18950.0,442,1300.27265
2950.0,75,1300.458441
1000.0,14,1300.492529
100.0,2,1300.497534
600.0,17,1300.539068
-1100.0,62,1300.691235
-50.0,17,1300.735443
350.0,26,1300.80233
-100.0,13,1300.836121
950.0,39,1300.936903
500.0,10,1300.961591
2900.0,79,1301.156204
200.0,4,1301.165862
200.0,4,1301.176223
850.0,40,1301.283628
1900.0,46,1301.411917
950.0,19,1301.467007
300.0,72,1301.974627
-200.0,157,1302.37727
-250.0,7,1302.395934
1100.0,55,1302.543836
-500.0,38,1302.640467
350.0,7,1302.657692
600.0,12,1302.687111
-850.0,19,1302.734231
2100.0,48,1302.854025
2250.0,56,1302.998812
300.0,6,1303.015749
20100.0,494,1304.676259
550.0,11,1304.70519
150.0,9,1304.728636
2100.0,49,1304.858993
150.0,3,1304.867825
100.0,2,1304.874009
1700.0,61,1305.394506
-1500.0,21,1305.452313
650.0,43,1305.565133
750.0,17,1305.610032
400.0,25,1305.678392
400.0,29,1305.756829
2800.0,52,1305.894451
850.0,20,1305.945914
150.0,9,1305.969342
800.0,19,1306.01555
1300.0,32,1306.104155
850.0,16,1306.150081
600.0,36,1306.248162
-500.0,11,1306.278129
350.0,43,1306.384868
700.0,24,1306.447684
1400.0,46,1306.572628
50.0,1,1306.575484
2800.0,59,1307.11109
300.0,6,1307.130154
1100.0,31,1307.210238
250.0,5,1307.22393
50.0,1,1307.227004
150.0,3,1307.235541
300.0,6,1307.25225
-200.0,8,1307.275932
500.0,16,1307.316753
1200.0,27,1307.387838
-400.0,34,1307.486193
50.0,1,1307.489146
200.0,4,1307.500688
-50.0,32,1307.58737
5500.0,163,1308.001935
5450.0,110,1308.292709
950.0,16,1308.332697
150.0,3,1308.340762
200.0,4,1308.673479
200.0,4,1308.683605
200.0,4,1308.694127
700.0,14,1308.73027
50.0,1,1308.733109
200.0,4,1308.743344
4850.0,129,1309.0657
50.0,1,1309.068839
100.0,2,1309.074372
450.0,33,1309.16009
100.0,2,1309.165703
600.0,11,1309.195965
-100.0,7,1309.215883
500.0,10,1309.248179
550.0,8,1309.270873
200.0,3,1309.279382
1350.0,90,1309.508775
150.0,6,1309.523983
150.0,3,1309.532002
-1950.0,57,1309.6739
3350.0,99,1309.921797
-50.0,8,1309.941973
19150.0,473,1311.531938
-250.0,64,1312.036237
1050.0,32,1312.116225
-350.0,56,1312.255611
24100.0,590,1314.178977
6050.0,189,1314.680853
700.0,14,1314.717207
50.0,1,1314.720369
100.0,2,1314.7259
-100.0,25,1314.790796
150.0,12,1314.822092
4950.0,134,1315.514697
2350.0,52,1315.666209
-150.0,16,1315.709278
50.0,1,1315.712389
400.0,14,1315.752006
400.0,11,1315.782152
650.0,19,1315.833639
18150.0,416,1317.413891
1050.0,29,1317.493634
3550.0,186,1318.000269
17650.0,410,1319.393744
50.0,1,1319.396722
1250.0,76,1319.589694
8000.0,154,1319.977769
550.0,11,1320.005417
700.0,20,1320.061172
-3100.0,81,1320.578706
100.0,2,1320.584452
11050.0,280,1321.317594
6350.0,155,1321.713041
550.0,176,1322.467921
450.0,9,1322.490804
0.0,57,1322.636485
450.0,9,1322.659725
-50.0,8,1322.680502
150.0,3,1322.688528
200.0,4,1322.700315
600.0,24,1322.762416
50.0,1,1322.765406
350.0,10,1322.790433
1750.0,44,1322.90642
50.0,1,1322.909276
-200.0,11,1322.939441
850.0,17,1322.984899
600.0,15,1323.025716
-250.0,64,1323.201392
2100.0,32,1323.278602
-300.0,9,1323.303076
-250.0,85,1323.516123
950.0,27,1323.901502
200.0,16,1323.942656
300.0,6,1323.958344
-1050.0,24,1324.017911
4550.0,95,1324.268133
4850.0,129,1324.59724
-1200.0,105,1324.859293
150.0,3,1324.867313
700.0,26,1324.933434
250.0,5,1324.947814
150.0,3,1324.956893
50.0,1,1324.960177
-850.0,16,1325.007529
500.0,13,1325.051512
400.0,11,1325.097084
100.0,2,1325.103828
300.0,6,1325.123144
1300.0,27,1325.247192
50.0,1,1325.25138
-950.0,65,1325.816766
50.0,1,1325.82018
1550.0,27,1325.890449
1550.0,47,1326.014584
1550.0,31,1326.09718
300.0,12,1326.131242
-2250.0,96,1326.397684
2800.0,52,1326.531291
300.0,6,1326.547039
300.0,6,1326.562238
400.0,11,1326.589224
0.0,9,1326.612519
2150.0,85,1326.830577
500.0,10,1326.856252
3000.0,89,1327.397658
700.0,14,1327.431827
650.0,16,1327.471851
200.0,4,1327.482182
-650.0,17,1327.522813
1800.0,64,1327.684663
3150.0,113,1327.9775
4550.0,95,1328.235787
1250.0,87,1328.457483
50.0,1,1328.460421
300.0,9,1328.482971
250.0,8,1328.504506
3150.0,48,1328.624842
150.0,3,1328.944767
650.0,13,1328.978446
300.0,75,1329.169989
1600.0,38,1329.269081
-350.0,11,1329.299095
150.0,3,1329.307923
250.0,8,1329.32872
1800.0,39,1329.429725
650.0,12,1329.462347
500.0,10,1329.487719
4700.0,129,1329.814515
50.0,1,1329.817757
450.0,9,1329.84118
550.0,32,1329.923179
900.0,33,1330.006245
2000.0,137,1330.663154
950.0,26,1330.728314
100.0,2,1330.733805
0.0,18,1330.778749
200.0,4,1330.78843
-1200.0,21,1330.845901
450.0,18,1330.893737
1850.0,53,1331.034867
1150.0,29,1331.109801
500.0,52,1331.236675
50.0,10,1331.261571
400.0,26,1331.33076
950.0,19,1331.377195
-200.0,11,1331.40492
-200.0,14,1331.439168
350.0,5,1331.452179
100.0,2,1331.457181
300.0,6,1331.471879
-1000.0,123,1331.778277
150.0,6,1331.793059
200.0,3,1331.800839
200.0,4,1331.811632
850.0,21,1331.863961
-100.0,127,1332.498014
-350.0,44,1332.609731
-600.0,21,1332.662719
200.0,4,1332.673467
450.0,18,1332.719334
850.0,19,1332.766598
17200.0,401,1334.098325
-500.0,23,1334.158702
550.0,25,1334.222831
2900.0,48,1334.344723
4200.0,83,1334.551111
650.0,19,1334.600915
25900.0,626,1336.566578
750.0,15,1336.611448
950.0,25,1336.680149
150.0,12,1336.710227
-650.0,83,1337.258947
-1100.0,75,1337.50022
450.0,9,1337.538439
400.0,23,1337.622537
30700.0,711,1339.93347
1100.0,34,1340.026839
1600.0,40,1340.143744
4000.0,112,1340.765739
150.0,20,1340.819188
750.0,18,1340.86549
500.0,25,1340.933135
850.0,23,1340.997833
450.0,9,1341.023819
250.0,11,1341.053305
0.0,6,1341.069843
150.0,3,1341.078294
250.0,5,1341.092721
5500.0,157,1341.508148
600.0,18,1341.554755
400.0,8,1341.57611
750.0,66,1341.743721
2050.0,32,1341.827669
900.0,70,1342.007314
35400.0,802,1344.800785
3050.0,230,1345.751333
250.0,5,1345.76477
750.0,155,1346.19173
11250.0,284,1346.966122
550.0,9,1346.99044
300.0,9,1347.017327
-650.0,14,1347.057339
250.0,5,1347.073619
250.0,5,1347.087336
50.0,1,1347.090509
100.0,2,1347.096005
-550.0,13,1347.132483
750.0,15,1347.526901
-900.0,66,1347.699276
50.0,1,1347.702151
300.0,6,1347.718009
600.0,15,1347.763325
4950.0,66,1347.979259
1150.0,29,1348.058785
350.0,7,1348.077666
100.0,5,1348.090821
100.0,5,1348.104099
900.0,27,1348.173712
800.0,18,1348.220045
150.0,3,1348.227914
100.0,5,1348.241224
1450.0,28,1348.313673
2550.0,188,1348.823666
50.0,1,1348.826578
550.0,20,1348.878692
-700.0,111,1349.504845
-700.0,13,1349.540032
250.0,5,1349.553351
50.0,1,1349.556385
50.0,7,1349.575767
950.0,37,1349.674106
200.0,10,1349.701378
4100.0,113,1350.006533
150.0,3,1350.014593
600.0,20,1350.065537
1950.0,25,1350.133742
1000.0,20,1350.18663
0.0,21,1350.238214
4350.0,127,1350.560221
300.0,6,1350.576796
1650.0,37,1351.020313
-350.0,131,1351.37904
1150.0,162,1351.812013
200.0,21,1351.876479
350.0,18,1351.924469
1600.0,25,1351.990252
-50.0,20,1352.040187
1350.0,49,1352.161108
100.0,14,1352.197727
250.0,5,1352.211584
400.0,18,1352.257588
0.0,42,1352.684543
550.0,14,1352.722291
1500.0,34,1352.812319
500.0,10,1352.839191
350.0,16,1352.891284
50.0,1,1352.894351
1500.0,96,1353.143731
300.0,18,1353.189329
250.0,5,1353.201853
50.0,1,1353.20468
700.0,171,1353.620361
2200.0,52,1353.745592
2550.0,59,1353.894865
200.0,4,1353.907252
950.0,13,1354.329288
100.0,5,1354.347988
1000.0,23,1354.447436
1600.0,67,1354.656657
-2200.0,175,1355.246017
300.0,27,1355.315838
-3500.0,85,1355.52617
100.0,2,1355.531318
400.0,38,1355.625951
300.0,15,1355.662821
2050.0,30,1355.740131
1450.0,31,1355.818268
1850.0,45,1356.28065
50.0,1,1356.283452
50.0,1,1356.286478
150.0,96,1356.54697
300.0,15,1356.589882
3300.0,62,1356.782915
450.0,12,1356.818975
400.0,23,1356.886948
2750.0,59,1357.082786
400.0,8,1357.109986
1500.0,30,1357.210401
700.0,17,1357.254265
350.0,7,1357.272289
700.0,55,1357.428212
200.0,4,1357.440444
0.0,21,1357.494899
900.0,21,1357.547488
1700.0,52,1358.015752
0.0,36,1358.11336
-250.0,4,1358.125547
1050.0,24,1358.190636
1650.0,59,1358.343404
650.0,13,1358.37644
-100.0,15,1358.4148
50.0,25,1358.480323
2250.0,201,1359.008006
700.0,17,1359.052076
3250.0,79,1359.261658
950.0,41,1359.713219
850.0,85,1359.947644
-50.0,68,1360.148764
3600.0,85,1360.424913
-1200.0,53,1360.564982
250.0,5,1360.577634
5050.0,160,1360.97897
450.0,18,1361.024201
1250.0,135,1361.7173
50.0,1,1361.720803
3500.0,120,1362.039882
-50.0,10,1362.064332
300.0,30,1362.138651
450.0,9,1362.160824
-50.0,14,1362.195429
250.0,5,1362.2077
250.0,35,1362.300868
2000.0,59,1362.451801
1500.0,26,1362.515962
100.0,11,1362.545884
100.0,2,1362.551873
-50.0,14,1362.591047
-1150.0,77,1363.167096
200.0,4,1363.178037
150.0,18,1363.22544
-3250.0,93,1363.462486
3200.0,73,1363.643977
300.0,9,1363.666288
-100.0,50,1363.787513
750.0,18,1363.835696
-750.0,65,1363.995733
2000.0,47,1364.113465
550.0,20,1364.164415
500.0,16,1364.20472
50.0,1,1364.207571
2750.0,68,1364.394547
150.0,6,1364.410398
150.0,9,1364.433293
150.0,6,1364.449081
50.0,1,1364.7758
200.0,37,1364.874244
350.0,16,1364.915202
300.0,6,1364.930163
-100.0,24,1364.989272
850.0,11,1365.015754
400.0,7,1365.032933
800.0,88,1365.253445
50.0,4,1365.263177
1050.0,38,1365.35608
300.0,6,1365.37057
5100.0,151,1365.752523
900.0,19,1365.800908
50.0,13,1365.835232
200.0,4,1365.845534
800.0,19,1365.893118
350.0,25,1365.955613
100.0,5,1365.968251
100.0,2,1365.973672
550.0,65,1366.501842
100.0,5,1366.515726
50.0,1,1366.519145
-3250.0,40,1366.620377
150.0,3,1366.629165
750.0,18,1366.676342
400.0,11,1366.707783
300.0,9,1366.741514
-200.0,8,1366.768212
2600.0,69,1366.94159
50.0,1,1366.944394
50.0,1,1366.947251
350.0,7,1366.964891
-300.0,155,1367.363315
1650.0,41,1367.466361
-750.0,50,1367.599361
5300.0,156,1368.360097
1250.0,163,1368.782119
50.0,23,1368.840457
200.0,4,1368.850567
400.0,8,1368.871309
-450.0,116,1369.162511
350.0,7,1369.180592
450.0,33,1369.265181
150.0,3,1369.273219
1900.0,30,1369.349323
750.0,21,1369.407121
8250.0,165,1370.172954
-100.0,10,1370.199071
200.0,21,1370.250992
-100.0,27,1370.320731
1400.0,30,1370.401993
500.0,10,1370.428596
500.0,43,1370.543682
500.0,13,1370.592905
1000.0,57,1370.758713
100.0,2,1370.764205
700.0,34,1370.852389
850.0,17,1370.897789
250.0,4,1370.911458
6200.0,210,1371.871977
600.0,54,1372.017489
3750.0,95,1372.256165
950.0,28,1372.325308
400.0,11,1372.352498
-950.0,16,1372.391578
24600.0,600,1374.220073
750.0,15,1374.261528
2350.0,50,1374.393054
2900.0,93,1374.995159
300.0,21,1375.047523
1450.0,35,1375.135927
3250.0,108,1375.471069
850.0,26,1375.540963
1400.0,28,1375.61204
250.0,5,1375.625019
-100.0,16,1375.665295
100.0,2,1375.6707
200.0,4,1375.680657
50.0,1,1375.68324
2550.0,91,1375.919199
400.0,8,1375.94118
-400.0,10,1375.969175
1950.0,41,1376.081431
100.0,2,1376.087098
200.0,4,1376.098515
27050.0,645,1378.690744
300.0,6,1378.706985
-1800.0,83,1378.931596
19450.0,452,1380.462861
450.0,12,1380.4971
600.0,12,1380.529384
50.0,1,1380.532197
100.0,2,1380.538812
200.0,4,1380.549489
750.0,47,1380.673814
3200.0,170,1381.12291
150.0,20,1381.1748
350.0,32,1381.256913
0.0,9,1381.279897
1250.0,17,1381.326776
-250.0,10,1381.353311
100.0,2,1381.358828
150.0,24,1381.420029
650.0,12,1381.449904
350.0,7,1381.46973
1550.0,48,1381.93661
50.0,1,1381.940104
250.0,5,1381.953075
-250.0,10,1381.979428
1700.0,96,1382.242317
250.0,5,1382.256203
300.0,9,1382.279174
1550.0,31,1382.359127
400.0,14,1382.395486
-550.0,57,1382.538053
-1550.0,88,1382.761653
-50.0,11,1382.790685
1350.0,44,1382.906862
400.0,11,1382.937991
50.0,4,1382.948745
1550.0,54,1383.125241
1050.0,23,1383.18694
750.0,15,1383.225865
300.0,9,1383.5918
175.0,9,1383.618215
250.0,23,1383.678617
100.0,2,1383.683829
100.0,5,1383.698878
0.0,3,1383.708134
250.0,27,1383.780982
-250.0,49,1383.913613
950.0,24,1383.977314
700.0,14,1384.01371
550.0,10,1384.041705
100.0,2,1384.04705
-1000.0,72,1384.23839
50.0,4,1384.249132
1200.0,28,1384.322196
150.0,60,1384.484857
100.0,2,1384.490552
300.0,6,1384.506376
500.0,22,1384.562182
250.0,5,1384.575327
50.0,1,1384.578348
5100.0,98,1384.836802
200.0,9,1384.86147
600.0,12,1384.891372
650.0,19,1384.944963
900.0,19,1385.320785
1450.0,101,1385.579426
450.0,29,1385.653298
-450.0,21,1385.706685
1250.0,31,1385.787772
1400.0,37,1385.882679
-100.0,4,1385.893529
1150.0,19,1385.950829
700.0,17,1385.994976
150.0,3,1386.002837
1900.0,64,1386.166831
100.0,28,1386.242267
100.0,5,1386.254982
50.0,1,1386.257977
1050.0,107,1386.528888
4300.0,129,1387.202524
0.0,9,1387.224279
1650.0,37,1387.316614
2200.0,38,1387.412122
1500.0,22,1387.466731
250.0,5,1387.479586
1950.0,35,1387.564831
200.0,6,1387.57977
-3050.0,83,1387.786762
250.0,4,1387.797281
950.0,169,1388.252592
250.0,14,1388.620285
-50.0,13,1388.655211
-2150.0,68,1388.832004
850.0,17,1388.875812
700.0,14,1388.912962
1250.0,37,1389.012615
1450.0,26,1389.079288
-1650.0,24,1389.137809
1850.0,76,1389.325149
-250.0,16,1389.364715
900.0,36,1389.456753
600.0,12,1389.486343
650.0,13,1389.524373
50.0,1,1389.527678
3850.0,101,1389.779416
150.0,3,1389.787191
-1200.0,107,1390.365601
50.0,1,1390.369099
50.0,10,1390.395943
50.0,4,1390.407183
-200.0,14,1390.441887
100.0,23,1390.509421
150.0,3,1390.517704
650.0,55,1390.657004
50.0,1,1390.659767
300.0,5,1390.673034
300.0,25,1390.735507
-1800.0,53,1390.871285
350.0,13,1390.90469
750.0,13,1390.937436
1150.0,133,1391.27798
3750.0,87,1391.497148
-950.0,17,1391.921408
950.0,34,1392.011809
1500.0,33,1392.098617
1100.0,34,1392.191345
800.0,35,1392.278347
400.0,8,1392.298088
50.0,1,1392.300844
500.0,22,1392.356192
1150.0,50,1392.476737
600.0,38,1392.567329
300.0,36,1392.710571
-250.0,37,1392.814174
100.0,2,1392.819862
-1050.0,67,1393.005929
350.0,55,1393.152947
200.0,4,1393.164479
-650.0,58,1393.658706
400.0,120,1394.060771
3150.0,78,1394.269351
1000.0,23,1394.331042
400.0,17,1394.37664
1550.0,62,1394.536743
150.0,6,1394.551506
1150.0,25,1394.613979
3600.0,86,1394.830102
450.0,14,1394.867683
-2050.0,28,1394.95385
250.0,5,1394.96685
250.0,10,1394.995897
950.0,30,1395.082607
50.0,1,1395.085975
150.0,11,1395.452162
100.0,2,1395.459258
-50.0,14,1395.506224
100.0,8,1395.53674
850.0,26,1395.645966
650.0,13,1395.694448
250.0,5,1395.709045
2900.0,62,1395.884893
1350.0,31,1395.980903
1300.0,23,1396.049361
150.0,3,1396.058649
150.0,3,1396.067408
-700.0,49,1396.213324
250.0,7,1396.238291
1650.0,105,1396.56475
550.0,29,1396.664439
800.0,19,1396.734197
2400.0,211,1397.865292
200.0,7,1397.892924
200.0,73,1398.137179
2850.0,76,1398.388918
-150.0,15,1398.431636
250.0,5,1398.446572
400.0,8,1398.469609
150.0,18,1398.522443
0.0,26,1398.607459
400.0,17,1398.662283
850.0,37,1398.789402
150.0,3,1398.798524
1400.0,31,1398.893402
50.0,22,1398.963339
450.0,9,1398.988545
400.0,8,1399.014689
250.0,8,1399.042793
7100.0,216,1400.02925
4550.0,201,1400.591636
900.0,18,1400.639637
1850.0,53,1400.789402
150.0,3,1400.798966
-3300.0,83,1401.416705
1100.0,43,1401.530283
2350.0,107,1401.840198
50.0,4,1401.852735
2150.0,38,1401.957977
300.0,5,1401.973992
250.0,9,1402.000179
-200.0,65,1402.186757
4100.0,105,1402.445606
850.0,13,1402.477689
1050.0,21,1402.530591
2850.0,78,1402.739004
100.0,14,1403.097465
1900.0,38,1403.193013
2850.0,69,1403.373379
-700.0,19,1403.426315
2150.0,64,1403.608893
200.0,4,1403.61948
600.0,23,1403.678087
300.0,6,1403.693942
700.0,17,1403.738817
1250.0,87,1403.955383
50.0,1,1403.958191
-1150.0,46,1404.083755
200.0,10,1404.11127
1150.0,105,1404.388912
200.0,31,1404.77737
0.0,18,1404.826485
900.0,30,1404.904765
400.0,28,1404.981064
1500.0,31,1405.066196
650.0,13,1405.09986
250.0,5,1405.113265
550.0,19,1405.161921
0.0,9,1405.184503
6700.0,162,1405.592826
1050.0,33,1405.673816
-1600.0,31,1405.756699
-1250.0,17,1405.799401
300.0,12,1405.83058
450.0,18,1405.876537
500.0,10,1405.9033
100.0,60,1406.410851
6100.0,175,1406.862652
250.0,11,1406.889619
900.0,16,1406.929788
250.0,5,1406.943484
-1450.0,34,1407.027397
1500.0,199,1407.52121
700.0,49,1407.67384
100.0,2,1407.679831
400.0,10,1407.711824
450.0,7,1407.733282
200.0,7,1408.0815
-1600.0,34,1408.171217
850.0,29,1408.24473
50.0,1,1408.247433
50.0,1,1408.250512
650.0,15,1408.287624
800.0,46,1408.406236
-750.0,104,1408.672085
1100.0,31,1408.753259
800.0,16,1408.79302
600.0,33,1408.883255
-50.0,17,1408.93681
6400.0,214,1409.903925
4850.0,96,1410.16063
250.0,23,1410.219792
50.0,31,1410.314602
650.0,15,1410.404524
-300.0,3,1410.422146
-250.0,10,1410.462739
1400.0,28,1410.547692
1250.0,21,1410.604328
200.0,13,1410.636707
1450.0,50,1410.763851
300.0,6,1410.779302
-200.0,17,1410.821842
100.0,11,1410.852489
1350.0,41,1410.969911
300.0,12,1411.004395
250.0,8,1411.029574
300.0,15,1411.071154
150.0,23,1411.134305
500.0,10,1411.162986
6850.0,165,1411.99565
-650.0,35,1412.099993
3800.0,216,1412.766762
1350.0,80,1413.11517
1550.0,168,1414.144165
2100.0,110,1414.453553
550.0,11,1414.48564
10700.0,273,1415.198026
400.0,14,1415.583425
700.0,121,1415.987932
4450.0,94,1416.235199
0.0,9,1416.258041
700.0,15,1416.296728
200.0,4,1416.307356
1300.0,61,1416.51003
100.0,5,1416.527694
200.0,13,1416.56905
350.0,10,1416.605702
38200.0,846,1419.681985
550.0,53,1419.816193
50.0,4,1419.827167
5950.0,158,1420.233264
3550.0,91,1420.469434
150.0,12,1420.500229
1800.0,44,1420.945167
400.0,8,1420.966404
100.0,2,1420.971776
750.0,36,1421.063826
1600.0,31,1421.142897
900.0,22,1421.19846
1400.0,31,1421.275776
1000.0,22,1421.346672
300.0,6,1421.364157
2150.0,114,1421.673082
6800.0,134,1422.080749
400.0,8,1422.101917
250.0,8,1422.122802
200.0,4,1422.133388
400.0,6,1422.150029
400.0,17,1422.195347
-150.0,36,1422.308779
-600.0,30,1422.734692
1150.0,37,1422.835249
50.0,4,1422.846059
450.0,20,1422.904675
1350.0,39,1423.01673
3350.0,69,1423.205484
28650.0,676,1425.257488
50.0,1,1425.260139
1100.0,23,1425.316539
2050.0,60,1425.465806
4000.0,115,1426.067657
-600.0,24,1426.127534
200.0,67,1426.293551
1300.0,35,1426.414089
700.0,55,1426.576808
-100.0,12,1426.606136
350.0,12,1426.636218
150.0,6,1426.651345
4700.0,117,1426.948174
350.0,128,1427.306171
50.0,1,1427.309023
850.0,38,1427.712141
250.0,14,1427.750822
2500.0,87,1428.006787
150.0,6,1428.027355
7700.0,186,1428.522977
600.0,24,1428.583807
-200.0,8,1428.605049
11100.0,301,1429.708577
300.0,6,1429.723681
250.0,35,1429.81301
750.0,24,1429.87693
1950.0,56,1430.037149
100.0,14,1430.075105
-950.0,58,1430.228055
2050.0,41,1430.338678
450.0,20,1430.396237
2800.0,77,1430.613013
950.0,36,1430.715349
2200.0,61,1431.195199
50.0,4,1431.206001
50.0,1,1431.208784
50.0,1,1431.211385
-900.0,44,1431.33523
150.0,9,1431.361267
1000.0,26,1431.4281
0.0,60,1431.588151
900.0,17,1431.632726
50.0,1,1431.635651
1350.0,27,1431.707083
100.0,2,1431.712506
850.0,25,1431.778621
3800.0,108,1432.055958
-350.0,20,1432.109788
0.0,23,1432.169941
400.0,29,1432.243727
-1300.0,61,1432.411115
250.0,5,1432.424684
-500.0,21,1432.797649
250.0,5,1432.811307
1950.0,95,1433.057322
850.0,29,1433.130003
-300.0,83,1433.333139
300.0,6,1433.350043
50.0,1,1433.353065
300.0,6,1433.368348
0.0,18,1433.411856
-50.0,22,1433.468198
500.0,16,1433.508639
-1000.0,31,1433.585405
3600.0,115,1433.88127
3500.0,92,1434.435324
5200.0,157,1434.844088
700.0,14,1434.880868
100.0,2,1434.886616
400.0,26,1434.952966
1800.0,38,1435.046883
2700.0,42,1435.148254
-500.0,44,1435.25483
150.0,3,1435.262717
-2750.0,152,1435.643785
-250.0,30,1436.054229
350.0,10,1436.081339
5950.0,113,1436.375055
4900.0,130,1436.694191
200.0,4,1436.704494
100.0,2,1436.710051
200.0,4,1436.721091
2100.0,54,1436.877393
900.0,16,1436.920451
1500.0,30,1437.007772
250.0,8,1437.03047
2600.0,56,1437.181685
1100.0,27,1437.257268
2850.0,67,1437.752294
200.0,4,1437.762766
2750.0,121,1438.077391
4700.0,129,1438.421625
700.0,35,1438.50926
300.0,6,1438.525836
350.0,9,1438.548717
200.0,7,1438.567868
1650.0,28,1438.642593
2200.0,34,1438.732842
-450.0,66,1438.917372
-400.0,7,1438.937985
300.0,5,1438.951864
1250.0,34,1439.401126
50.0,1,1439.404504
150.0,6,1439.420974
2050.0,31,1439.504251
450.0,21,1439.560412
750.0,127,1439.900947
1350.0,35,1439.997952
100.0,16,1440.04881
800.0,34,1440.167953
150.0,3,1440.183263
350.0,10,1440.219536
-400.0,22,1440.290198
1400.0,90,1440.528735
200.0,112,1440.94568
3300.0,78,1441.623726
1150.0,26,1441.709883
50.0,25,1441.794423
100.0,5,1441.811798
650.0,20,1441.879793
250.0,14,1441.933133
300.0,5,1441.952616
-350.0,32,1442.056315
100.0,22,1442.122025
3900.0,113,1442.423424
2600.0,59,1442.598284
-50.0,5,1442.613609
850.0,20,1442.674708
100.0,17,1442.72642
150.0,3,1442.734398
1550.0,29,1442.825331
-650.0,102,1443.54459
19350.0,453,1445.222628
-100.0,43,1445.395375
300.0,9,1445.432451
-100.0,16,1445.493217
1050.0,21,1445.564962
100.0,14,1445.613868
2150.0,46,1445.768807
50.0,1,1445.774582
750.0,12,1445.822478
200.0,4,1445.836156
250.0,8,1445.864699
3200.0,67,1446.083171
900.0,15,1446.144248
400.0,7,1446.171273
1300.0,29,1446.293331
400.0,8,1446.322
850.0,20,1446.390699
1000.0,25,1446.47706
400.0,20,1446.535731
550.0,31,1446.66518
7350.0,179,1447.702008
500.0,16,1447.755738
100.0,2,1447.76158
100.0,2,1447.768229
150.0,3,1447.779831
750.0,23,1447.872059
1800.0,57,1448.093983
150.0,3,1448.107391
1500.0,68,1448.370277
-850.0,19,1448.448431
1600.0,58,1448.734341
50.0,16,1448.817612
200.0,4,1448.831766
150.0,3,1448.841695
1200.0,41,1449.014653
200.0,4,1449.042272
3350.0,70,1449.313941
250.0,14,1449.359384
50.0,1,1449.362605
50.0,1,1449.365736
-1150.0,19,1449.418533
2400.0,92,1449.989051
2050.0,74,1450.187243
250.0,8,1450.211804
1800.0,124,1450.54627
550.0,68,1450.720205
50.0,10,1450.746576
50.0,19,1450.797051
750.0,24,1450.860071
1450.0,29,1450.939788
2500.0,51,1451.07313
350.0,10,1451.102137
9750.0,261,1452.161329
300.0,18,1452.208595
1350.0,33,1452.304869
200.0,7,1452.324965
700.0,32,1452.414052
50.0,1,1452.417641
500.0,30,1452.501028
4350.0,110,1452.853324
1050.0,29,1452.939891
850.0,17,1452.985461
3800.0,96,1453.66464
950.0,16,1453.713319
100.0,2,1453.719311
17100.0,399,1455.176865
300.0,4,1455.189419
650.0,19,1455.243103
4600.0,127,1455.581797
250.0,5,1455.595708
2500.0,44,1455.720531
-50.0,8,1455.746016
200.0,22,1455.806212
1150.0,147,1456.194465
150.0,3,1456.20481
2000.0,33,1456.293751
5400.0,152,1457.049873
250.0,5,1457.06339
450.0,30,1457.149792
100.0,5,1457.164399
3700.0,77,1457.371783
0.0,6,1457.389409
1400.0,34,1457.482959
1500.0,71,1457.681708
450.0,33,1457.770485
800.0,21,1457.829298
100.0,2,1457.836169
100.0,2,1457.842519
1900.0,37,1457.981953
0.0,14,1458.02817
50.0,1,1458.031187
400.0,8,1458.054239
900.0,25,1458.124651
-300.0,66,1458.315195
400.0,8,1458.337041
3400.0,72,1458.868104
650.0,34,1458.956789
300.0,6,1458.972515
0.0,3,1458.980676
1200.0,38,1459.077911
200.0,10,1459.104983
-500.0,18,1459.156838
0.0,15,1459.199232
1250.0,34,1459.297198
300.0,29,1459.374795
350.0,18,1459.423076
3800.0,116,1459.759948
400.0,9,1459.787203
150.0,3,1459.796848
2050.0,141,1460.505008
0.0,18,1460.559803
450.0,9,1460.588321
50.0,1,1460.591856
200.0,4,1460.603755
100.0,2,1460.610339
1950.0,39,1460.721481
1550.0,78,1460.991253
100.0,2,1460.996695
27150.0,647,1463.23632
300.0,6,1463.252597
-450.0,33,1463.338046
1450.0,35,1463.431692
200.0,4,1463.44318
0.0,20,1463.497036
100.0,5,1463.511453
1600.0,25,1463.580455
50.0,1,1463.583846
800.0,24,1463.650413
2350.0,210,1464.547383
2600.0,49,1464.672408
-50.0,19,1464.721653
100.0,2,1464.727087
4200.0,104,1464.988414
550.0,11,1465.017914
150.0,3,1465.026484
4700.0,90,1465.276851
-1350.0,98,1465.855151
1500.0,26,1465.928397
350.0,7,1465.947798
5000.0,119,1466.281213
300.0,6,1466.299627
250.0,7,1466.322311
150.0,5,1466.337723
800.0,37,1466.4505
-950.0,23,1466.519394
-300.0,9,1466.550312
50.0,1,1466.553813
-200.0,32,1466.638171
100.0,2,1466.643677
750.0,67,1466.835917
300.0,18,1466.885332
3300.0,70,1467.080301
-1250.0,41,1467.182606
50.0,1,1467.185733
1050.0,154,1467.903979
550.0,9,1467.927189
0.0,9,1467.950586
-3350.0,113,1468.243837
1100.0,36,1468.340211
-600.0,57,1468.490599
100.0,2,1468.49615
3300.0,81,1468.710949
300.0,6,1468.726859
150.0,3,1468.734966
550.0,20,1468.804361
300.0,27,1468.891039
19250.0,507,1470.926962
100.0,5,1470.939996
1500.0,28,1471.416486
300.0,6,1471.438485
-2900.0,119,1471.787744
-900.0,41,1471.926441
200.0,4,1471.940045
100.0,2,1471.946827
150.0,3,1471.956722
19250.0,448,1473.829818
950.0,22,1473.912102
3900.0,121,1474.260629
50.0,1,1474.267399
700.0,20,1474.379048
100.0,5,1474.405227
650.0,59,1474.618447
550.0,11,1474.661159
400.0,23,1474.750434
300.0,6,1474.791453
3900.0,98,1475.149316
