episode,reward
0,1.25
1,-0.25
2,-0.25
3,-1.25
4,0.75
5,0.25
6,-0.25
7,-0.75
8,-0.75
9,-0.75
10,-0.75
11,-0.25
12,0.25
13,-0.25
14,-0.75
15,-0.25
16,2.25
17,-0.75
18,-0.75
19,-0.25
20,0.25
21,-0.75
22,0.25
23,-0.75
24,-2.75
25,1.75
26,0.75
27,0.25
28,2.25
29,-0.25
30,0.75
31,-0.75
32,0.25
33,-0.25
34,0.75
35,0.75
36,-0.75
37,-0.75
38,1.75
39,-0.75
40,-0.75
41,0.25
42,-0.75
43,0.75
44,1.25
45,-1.25
46,-0.25
47,0.75
48,-0.75
49,-0.75
50,-0.25
51,-0.25
52,-0.25
53,0.75
54,0.75
55,-0.25
56,-0.75
57,-0.75
58,-0.25
59,5.75
60,-0.75
61,0.75
62,-0.75
63,1.25
64,0.75
65,-0.75
66,-0.75
67,-0.75
68,0.25
69,-0.25
70,0.75
71,-0.25
72,-0.25
73,-1.25
74,-0.25
75,0.75
76,-0.75
77,-0.25
78,0.25
79,-0.75
80,-0.25
81,-0.75
82,-0.25
83,0.75
84,0.75
85,-0.25
86,-0.75
87,-0.25
88,-0.25
89,0.75
90,-0.75
91,-0.75
92,-0.75
93,0.75
94,-0.25
95,0.75
96,-0.25
97,-0.25
98,-0.75
99,-0.75
100,0.75
101,-0.75
102,-0.25
103,-0.75
104,0.75
105,-0.25
106,-0.25
107,0.75
108,-3.75
109,-0.25
110,0.25
111,0.75
112,0.75
113,-0.25
114,0.25
115,-0.25
116,-0.75
117,-0.25
118,-0.75
119,-0.25
120,-0.75
121,0.25
122,0.75
123,-0.25
124,0.75
125,-0.75
126,-0.75
127,0.75
128,-2.25
129,-0.25
130,-0.75
131,-0.25
132,-0.25
133,0.75
134,0.75
135,-0.25
136,-0.75
137,-0.25
138,-0.75
139,-2.25
140,-0.75
141,-0.25
142,-0.25
143,0.25
144,-0.25
145,-0.75
146,1.75
147,-0.25
148,-0.25
149,-0.75
150,-0.75
151,-0.25
152,-0.75
153,0.75
154,-0.75
155,-1.25
156,-0.25
157,0.75
158,-0.75
159,-0.75
160,-1.25
161,-0.25
162,0.25
163,0.75
164,-0.75
165,2.75
166,-0.75
167,-0.75
168,-0.75
169,-0.75
170,1.75
171,-0.75
172,-0.75
173,-0.75
174,-0.25
175,-0.75
176,-0.25
177,-0.75
178,0.75
179,0.75
180,0.75
181,-0.75
182,-0.25
183,-0.25
184,0.75
185,-0.75
186,-0.25
187,0.75
188,0.75
189,-1.25
190,-0.75
191,-0.25
192,-0.25
193,-0.25
194,-1.25
195,-0.25
196,-0.25
197,-0.75
198,1.75
199,-0.75
200,-0.25
201,-0.25
202,0.75
203,0.75
204,0.75
205,-0.75
206,0.25
207,-1.25
208,0.75
209,0.25
210,-0.25
211,0.75
212,-0.75
213,-0.25
214,-0.75
215,0.75
216,-0.25
217,-0.75
218,-0.25
219,-0.75
220,-0.25
221,0.75
222,0.25
223,-0.75
224,-0.75
225,-0.75
226,-0.25
227,-0.25
228,0.75
229,-1.25
230,-0.75
231,0.75
232,1.75
233,-0.25
234,-0.25
235,0.75
236,-0.25
237,-0.25
238,0.25
239,1.75
240,-0.75
241,-0.25
242,-0.25
243,0.75
244,0.75
245,1.25
246,-0.25
247,-0.25
248,-0.75
249,-0.25
250,0.75
251,1.25
252,-0.75
253,-0.75
254,-0.75
255,-0.25
256,0.25
257,-0.75
258,-0.75
259,0.75
260,0.75
261,-0.25
262,-1.25
263,2.25
264,-0.25
265,0.25
266,-0.25
267,-0.25
268,-0.25
269,-0.75
270,0.75
271,-0.25
272,-0.75
273,0.25
274,1.75
275,2.25
276,-0.25
277,-0.75
278,-3.75
279,0.75
280,0.25
281,-0.25
282,1.75
283,0.25
284,-0.25
285,-0.25
286,-0.75
287,0.25
288,-3.25
289,-0.25
290,-0.25
291,0.75
292,-0.25
293,-1.25
294,-0.25
295,0.75
296,2.75
297,-5.25
298,-0.75
299,-0.25
300,-0.75
301,-0.25
302,0.75
303,-0.25
304,-0.25
305,-0.75
306,-0.75
307,0.75
308,-1.25
309,0.75
310,2.75
311,-0.75
312,0.25
313,0.75
314,-0.25
315,-0.25
316,-0.25
317,-0.25
318,-1.25
319,-0.75
320,0.75
321,-0.25
322,0.75
323,0.25
324,-4.75
325,-0.75
326,-0.25
327,-0.75
328,-0.25
329,-0.25
330,1.25
331,-0.75
332,-3.25
333,-0.25
334,-0.75
335,-0.75
336,-0.75
337,-0.75
338,-0.75
339,-0.25
340,0.75
341,0.25
342,-0.75
343,0.25
344,1.25
345,-0.25
346,-0.25
347,-0.75
348,0.75
349,-0.25
350,2.75
351,0.25
352,0.75
353,-0.75
354,-1.25
355,-1.25
356,-0.75
357,2.75
358,-0.25
359,-0.75
360,-0.75
361,-0.25
362,5.75
363,-3.25
364,-0.75
365,0.75
366,-0.25
367,-0.75
368,1.75
369,-0.75
370,-0.75
371,-0.25
372,-0.25
373,0.75
374,-0.75
375,-0.25
376,0.25
377,-0.75
378,-0.75
379,0.75
380,-0.75
381,-0.25
382,-0.75
383,0.75
384,0.25
385,-0.25
386,-1.25
387,-0.25
388,-1.25
389,1.25
390,0.25
391,-0.75
392,-0.25
393,0.75
394,-0.25
395,-0.25
396,-0.75
397,-1.25
398,-0.25
399,-1.25
400,0.75
401,0.75
402,0.75
403,-0.75
404,-0.75
405,1.75
406,-0.25
407,0.25
408,0.25
409,-0.25
410,-0.25
411,-0.75
412,-0.75
413,-0.75
414,3.75
415,-0.25
416,-1.25
417,-0.25
418,-0.25
419,-0.25
420,-0.75
421,0.25
422,0.25
423,-0.25
424,0.75
425,-0.75
426,-0.75
427,-1.25
428,-0.25
429,-0.25
430,-0.25
431,-0.75
432,-0.25
433,0.75
434,-0.75
435,-2.25
436,0.25
437,-0.25
438,0.25
439,-0.75
440,-1.25
441,-0.75
442,-0.75
443,-0.25
444,0.25
445,-0.25
446,-0.75
447,-2.75
448,-0.75
449,-0.25
450,2.25
451,-0.75
452,3.75
453,-0.25
454,-2.25
455,-0.25
456,0.75
457,-0.75
458,-0.75
459,0.75
460,-0.25
461,-0.75
462,-0.25
463,0.75
464,-0.75
465,1.25
466,-0.75
467,-0.25
468,-0.25
469,-0.75
470,0.25
471,0.75
472,0.75
473,-0.25
474,-0.25
475,-2.25
476,-0.75
477,-0.75
478,-0.75
479,0.75
480,-0.25
481,-2.25
482,0.75
483,-4.25
484,0.25
485,-1.25
486,1.25
487,1.75
488,-0.25
489,-0.25
490,-0.75
491,-0.75
492,-0.25
493,-0.25
494,-0.25
495,-0.25
496,1.75
497,-2.25
498,4.75
499,0.25
500,0.25
501,0.75
502,-0.25
503,1.25
504,-1.25
505,-3.25
506,-0.25
507,-0.25
508,-0.75
509,-0.25
510,-0.25
511,0.75
512,-0.75
513,1.75
514,0.75
515,3.25
516,0.25
517,-0.25
518,1.75
519,-0.25
520,0.25
521,-0.75
522,-1.25
523,0.75
524,-0.75
525,-1.25
526,0.75
527,-0.25
528,2.25
529,0.25
530,-0.75
531,2.75
532,0.25
533,0.25
534,1.75
535,1.25
536,0.75
537,-0.75
538,-0.25
539,2.25
540,1.25
541,-0.25
542,3.75
543,-0.25
544,0.75
545,-0.25
546,-0.25
547,-0.75
548,-4.25
549,-0.75
550,-4.25
551,-0.75
552,3.75
553,2.75
554,0.75
555,-0.25
556,7.25
557,-1.25
558,-0.25
559,0.75
560,0.25
561,-0.25
562,-0.25
563,3.25
564,-0.25
565,0.25
566,-0.25
567,-0.75
568,0.25
569,2.25
570,-0.75
571,-2.25
572,0.25
573,0.75
574,0.25
575,-2.75
576,-0.75
577,-0.75
578,-0.25
579,0.25
580,-0.25
581,0.75
582,0.25
583,-1.25
584,-0.75
585,-0.75
586,-1.25
587,1.25
588,3.25
589,-1.25
590,2.75
591,0.75
592,0.25
593,0.25
594,-0.25
595,-0.75
596,-0.75
597,-2.25
598,-0.75
599,0.75
600,-0.25
601,1.25
602,0.25
603,-0.25
604,-0.25
605,0.25
606,0.25
607,-0.25
608,1.25
609,0.25
610,-8.25
611,0.25
612,-3.25
613,-0.75
614,-0.75
615,-3.25
616,1.25
617,-4.25
618,-0.25
619,-0.75
620,1.75
621,-0.25
622,-0.25
623,-0.75
624,-0.25
625,0.75
626,-0.25
627,-0.75
628,-0.75
629,-0.75
630,1.25
631,-0.75
632,0.25
633,-0.75
634,0.75
635,-0.25
636,0.25
637,1.25
638,-0.25
639,-0.25
640,3.25
641,-0.75
642,-0.25
643,1.75
644,2.25
645,-0.25
646,-0.75
647,0.25
648,-0.25
649,0.25
650,-0.75
651,0.25
652,0.25
653,0.75
654,0.75
655,-0.25
656,0.25
657,-0.25
658,0.25
659,-2.25
660,-2.25
661,0.25
662,0.25
663,3.75
664,-0.25
665,-0.25
666,1.75
667,-0.25
668,-0.25
669,-0.75
670,2.25
671,0.75
672,-0.75
673,7.5
674,-0.25
675,-0.75
676,-0.25
677,-1.25
678,0.25
679,-0.25
680,-0.25
681,3.75
682,2.25
683,-0.75
684,-0.25
685,0.75
686,-0.75
687,0.75
688,0.75
689,0.25
690,-3.75
691,-0.25
692,0.75
693,-0.75
694,0.75
695,-1.25
696,-0.25
697,1.25
698,6.75
699,-0.25
700,1.75
701,-2.25
702,1.25
703,0.75
704,-0.25
705,3.25
706,-0.25
707,-0.75
708,-0.25
709,-0.25
710,-0.75
711,1.75
712,-0.75
713,4.25
714,0.25
715,0.75
716,0.75
717,0.75
718,2.25
719,-7.25
720,1.25
721,4.75
722,-0.75
723,1.25
724,0.75
725,-0.75
726,1.25
727,1.25
728,2.75
729,-1.25
730,-0.25
731,0.75
732,0.25
733,-0.75
734,-0.25
735,3.25
736,-0.75
737,2.25
738,1.25
739,-1.25
740,-0.75
741,-0.25
742,-0.75
743,-0.75
744,-0.25
745,0.75
746,-5.25
747,-0.25
748,-0.25
749,2.75
750,0.25
751,-0.25
752,2.25
753,-0.75
754,1.75
755,0.25
756,-0.75
757,-0.75
758,1.25
759,2.75
760,-0.75
761,-1.25
762,0.25
763,-0.25
764,-0.75
765,0.75
766,-2.25
767,0.75
768,0.75
769,0.75
770,-0.75
771,-0.75
772,-0.25
773,0.75
774,-0.25
775,-0.25
776,5.25
777,0.25
778,10.25
779,-1.25
780,-0.25
781,0.25
782,-0.25
783,9.5
784,-1.25
785,-0.25
786,0.75
787,2.75
788,0.75
789,6.75
790,1.75
791,-0.75
792,0.25
793,-0.75
794,3.75
795,-0.75
796,-0.75
797,-3.25
798,-4.25
799,1.25
800,1.75
801,3.75
802,-0.25
803,-0.25
804,-0.75
805,-0.25
806,-0.25
807,-0.25
808,-4.75
809,0.75
810,0.25
811,3.75
812,12.25
813,4.75
814,0.75
815,0.25
816,1.75
817,0.75
818,-0.75
819,-1.25
820,7.25
821,-0.25
822,1.25
823,-0.25
824,-0.75
825,3.25
826,2.25
827,-0.75
828,-0.25
829,3.75
830,-0.75
831,-3.25
832,0.75
833,-0.75
834,0.75
835,0.75
836,0.25
837,5.75
838,0.25
839,0.25
840,-3.25
841,-0.25
842,0.75
843,-0.75
844,3.75
845,2.75
846,-0.75
847,3.75
848,-2.75
849,0.25
850,-0.75
851,1.25
852,-0.75
853,6.25
854,-2.25
855,1.75
856,0.25
857,-0.25
858,-0.25
859,-0.25
860,-0.25
861,0.75
862,0.25
863,-0.25
864,-0.25
865,-0.25
866,-0.75
867,-0.25
868,7.75
869,-0.75
870,-0.25
871,1.25
872,2.75
873,-0.25
874,0.25
875,2.75
876,0.25
877,0.25
878,-0.75
879,-0.25
880,-0.75
881,0.75
882,1.25
883,4.25
884,-0.25
885,-0.75
886,1.75
887,2.25
888,0.75
889,2.25
890,-3.25
891,0.75
892,6.75
893,0.75
894,0.75
895,5.75
896,0.25
897,1.25
898,8.75
899,-3.25
900,3.75
901,-0.25
902,0.75
903,1.25
904,-6.25
905,-0.25
906,-1.25
907,3.25
908,1.75
909,3.75
910,-0.25
911,1.25
912,-0.25
913,0.75
914,5.25
915,0.75
916,-3.25
917,-0.25
918,-0.75
919,2.25
920,-0.25
921,-0.75
922,0.75
923,-0.75
924,5.75
925,-0.75
926,-1.25
927,2.75
928,-2.75
929,-4.75
930,1.75
931,-2.25
932,-1.25
933,0.25
934,1.25
935,-2.25
936,0.25
937,-4.25
938,-0.75
939,13.5
940,2.75
941,1.25
942,-0.25
943,5.75
944,2.25
945,3.25
946,-0.25
947,1.25
948,-0.75
949,0.75
950,-1.25
951,-2.25
952,0.75
953,0.25
954,-0.25
955,2.75
956,2.25
957,0.75
958,-0.75
959,-3.25
960,2.75
961,0.25
962,11.25
963,-2.25
964,3.75
965,-1.75
966,-0.75
967,0.25
968,3.25
969,2.25
970,-1.25
971,-1.75
972,5.25
973,-0.75
974,0.75
975,1.25
976,2.25
977,0.25
978,0.75
979,-3.75
980,1.25
981,-0.75
982,-0.75
983,-0.25
984,0.75
985,-0.25
986,0.75
987,-0.75
988,-0.25
989,1.25
990,0.25
991,-0.75
992,-9.25
993,-0.25
994,0.25
995,2.75
996,1.75
997,6.25
998,1.25
999,4.75
1000,-0.25
1001,0.25
1002,-0.75
1003,0.25
1004,5.75
1005,6.25
1006,-1.25
1007,3.25
1008,2.25
1009,-3.25
1010,-0.75
1011,-1.75
1012,0.75
1013,6.75
1014,-5.25
1015,0.75
1016,-0.75
1017,-13.25
1018,-0.75
1019,3.25
1020,-0.75
1021,10.25
1022,-0.25
1023,3.25
1024,9.75
1025,5.25
1026,-3.25
1027,-0.25
1028,1.25
1029,0.75
1030,-0.25
1031,1.25
1032,1.75
1033,8.0
1034,-2.25
1035,0.75
1036,10.25
1037,5.25
1038,0.75
1039,0.25
1040,-0.75
1041,-0.25
1042,-1.25
1043,-0.75
1044,-0.75
1045,0.25
1046,-1.75
1047,-0.75
1048,2.25
1049,1.25
1050,4.25
1051,0.75
1052,0.25
1053,-0.25
1054,3.25
1055,4.75
1056,1.25
1057,-0.25
1058,-4.25
1059,-0.25
1060,0.75
1061,-2.25
1062,0.25
1063,4.25
1064,3.75
1065,-0.25
1066,0.75
1067,-0.25
1068,-0.75
1069,3.75
1070,-2.25
1071,0.25
1072,9.25
1073,7.25
1074,12.5
1075,0.25
1076,-0.25
1077,6.0
1078,-7.25
1079,1.75
1080,2.25
1081,-0.25
1082,0.75
1083,-2.25
1084,3.75
1085,0.75
1086,-0.25
1087,-1.25
1088,0.25
1089,-0.75
1090,1.25
1091,4.25
1092,-1.25
1093,-0.5
1094,1.75
1095,0.75
1096,-0.25
1097,1.25
1098,2.25
1099,4.25
1100,-0.25
1101,7.0
1102,-0.25
1103,-1.25
1104,4.25
1105,0.25
1106,-0.25
1107,0.25
1108,-3.25
1109,1.25
1110,-0.75
1111,-9.25
1112,-0.25
1113,2.25
1114,3.25
1115,0.25
1116,1.75
1117,-0.25
1118,-10.75
1119,1.25
1120,12.25
1121,1.75
1122,4.25
1123,-0.25
1124,1.25
1125,-0.25
1126,-0.25
1127,5.75
1128,-2.75
1129,1.25
1130,0.75
1131,-0.75
1132,-0.25
1133,-1.25
1134,-0.75
1135,1.75
1136,0.75
1137,3.25
1138,6.25
1139,-0.75
1140,2.25
1141,4.25
1142,-0.75
1143,-3.25
1144,-5.75
1145,0.25
1146,-0.25
1147,3.25
1148,13.25
1149,3.25
1150,-0.25
1151,5.25
1152,3.75
1153,1.75
1154,-4.25
1155,-0.25
1156,0.75
1157,-9.25
1158,4.25
1159,1.75
1160,7.25
1161,0.25
1162,0.25
1163,1.25
1164,-0.75
1165,-0.75
1166,7.0
1167,9.75
1168,-6.25
1169,-0.25
1170,-1.25
1171,-0.75
1172,-0.25
1173,4.25
1174,0.75
1175,1.75
1176,3.75
1177,4.75
1178,1.75
1179,4.25
1180,1.75
1181,-0.25
1182,9.5
1183,3.75
1184,7.75
1185,1.25
1186,8.25
1187,-2.0
1188,-0.75
1189,0.75
1190,-2.25
1191,4.25
1192,4.25
1193,0.75
1194,5.25
1195,-0.75
1196,1.75
1197,0.75
1198,6.5
1199,-1.25
1200,6.25
1201,4.75
1202,-2.75
1203,-2.25
1204,-0.75
1205,-0.25
1206,-0.75
1207,2.75
1208,-0.75
1209,2.25
1210,-0.25
1211,0.25
1212,-0.75
1213,10.5
1214,-0.75
1215,-0.75
1216,-5.25
1217,3.25
1218,-1.25
1219,1.75
1220,0.25
1221,-2.25
1222,0.75
1223,-16.0
1224,-0.25
1225,0.75
1226,12.5
1227,0.75
1228,2.25
1229,-1.25
1230,2.75
1231,-0.75
1232,0.75
1233,-9.25
1234,1.75
1235,1.75
1236,4.75
1237,-1.25
1238,-1.25
1239,-0.75
1240,2.25
1241,-11.5
1242,-0.75
1243,-0.25
1244,4.75
1245,0.75
1246,-0.75
1247,0.75
1248,3.25
1249,1.25
1250,-0.25
1251,-16.75
1252,11.0
1253,-8.75
1254,-0.75
1255,-2.25
1256,13.25
1257,-0.25
1258,-2.25
1259,6.5
1260,-0.75
1261,-0.25
1262,-13.25
1263,2.75
1264,7.25
1265,2.25
1266,3.25
1267,2.25
1268,-0.25
1269,7.75
1270,0.75
1271,-0.75
1272,5.25
1273,-5.25
1274,-0.25
1275,-0.25
1276,-2.75
1277,0.75
1278,6.25
1279,0.75
1280,-0.75
1281,6.75
1282,7.75
1283,3.75
1284,3.75
1285,2.75
1286,-0.75
1287,-1.25
1288,-0.25
1289,0.25
1290,-0.75
1291,-0.75
1292,0.75
1293,1.75
1294,-2.75
1295,0.75
1296,1.75
1297,0.75
1298,-0.25
1299,-1.25
1300,-0.75
1301,0.75
1302,-12.25
1303,0.25
1304,-0.75
1305,-0.75
1306,0.75
1307,-0.75
1308,-0.25
1309,4.75
1310,2.75
1311,0.75
1312,-0.25
1313,0.25
1314,1.75
1315,0.75
1316,-0.75
1317,1.75
1318,-0.25
1319,2.25
1320,-0.25
1321,-0.75
1322,-0.25
1323,0.25
1324,3.75
1325,8.75
1326,1.75
1327,0.75
1328,-1.25
1329,9.5
1330,-1.25
1331,-9.25
1332,-5.25
1333,2.75
1334,-0.75
1335,-1.25
1336,-0.25
1337,6.75
1338,-0.25
1339,2.25
1340,-0.75
1341,1.75
1342,0.25
1343,-2.25
1344,8.0
1345,0.75
1346,-0.25
1347,0.25
1348,7.75
1349,-1.75
1350,-0.75
1351,-0.25
1352,-0.25
1353,-0.75
1354,0.25
1355,-0.25
1356,5.75
1357,2.75
1358,-1.75
1359,0.75
1360,-0.25
1361,3.25
1362,-0.75
1363,-0.25
1364,-0.75
1365,1.25
1366,-1.25
1367,0.75
1368,-0.75
1369,0.75
1370,4.25
1371,-0.25
1372,1.75
1373,5.75
1374,2.75
1375,-1.25
1376,-0.75
1377,1.25
1378,3.25
1379,-3.75
1380,-3.75
1381,-0.25
1382,5.25
1383,-0.25
1384,-0.25
1385,0.25
1386,0.75
1387,5.25
1388,1.75
1389,-0.75
1390,0.75
1391,2.25
1392,0.75
1393,-0.25
1394,3.75
1395,8.5
1396,4.25
1397,-10.25
1398,-0.25
1399,0.75
1400,-0.75
1401,-1.25
1402,-10.25
1403,0.75
1404,-1.25
1405,8.25
1406,2.75
1407,3.25
1408,0.75
1409,7.5
1410,-0.25
1411,-0.75
1412,-0.25
1413,-1.25
1414,0.75
1415,-0.25
1416,-2.25
1417,1.75
1418,-0.25
1419,-1.25
1420,5.25
1421,0.75
1422,-2.25
1423,1.25
1424,0.25
1425,-0.25
1426,0.25
1427,-0.75
1428,0.75
1429,7.75
1430,-4.75
1431,4.25
1432,-1.25
1433,-0.75
1434,2.75
1435,4.25
1436,-0.25
1437,-1.25
1438,5.25
1439,-1.25
1440,0.75
1441,-0.25
1442,-0.75
1443,0.75
1444,8.25
1445,-0.75
1446,0.75
1447,0.75
1448,0.25
1449,-0.75
1450,0.25
1451,-0.25
1452,1.75
1453,0.75
1454,-0.75
1455,0.75
1456,0.75
1457,0.75
1458,-0.75
1459,-1.25
1460,-0.25
1461,7.25
1462,-0.25
1463,6.75
1464,-0.25
1465,7.75
1466,-1.25
1467,-0.25
1468,-1.25
1469,0.25
1470,-0.25
1471,-0.25
1472,0.25
1473,0.75
1474,-0.75
1475,0.25
1476,1.75
1477,9.75
1478,0.75
1479,-0.25
1480,2.75
1481,-0.75
1482,-1.25
1483,5.75
1484,-0.25
1485,6.0
1486,2.25
1487,4.75
1488,12.0
1489,4.75
1490,0.25
1491,5.75
1492,0.75
1493,-0.75
1494,-1.25
1495,10.25
1496,-0.25
1497,-0.25
1498,-0.25
1499,-0.25
1500,3.75
1501,0.75
1502,6.25
1503,-0.25
1504,5.0
1505,-0.75
1506,0.75
1507,2.25
1508,6.0
1509,-0.75
1510,-0.25
1511,0.25
1512,6.25
1513,-2.25
1514,-0.25
1515,3.75
1516,1.25
1517,4.75
1518,-20.25
1519,0.25
1520,-0.75
1521,-5.75
1522,1.25
1523,3.25
1524,-0.75
1525,3.25
1526,2.25
1527,1.75
1528,1.25
1529,-0.75
1530,1.75
1531,0.25
1532,0.25
1533,10.0
1534,0.25
1535,9.75
1536,6.25
1537,-1.25
1538,9.75
1539,9.0
1540,9.5
1541,-0.75
1542,6.75
1543,0.75
1544,-2.25
1545,0.75
1546,-0.25
1547,6.25
1548,4.25
1549,9.0
1550,5.75
1551,2.25
1552,-0.75
1553,-0.25
1554,-1.25
1555,9.25
1556,-0.75
1557,-0.75
1558,0.75
1559,4.25
1560,0.25
1561,-0.25
1562,0.25
1563,-0.25
1564,-0.25
1565,2.25
1566,-3.75
1567,9.0
1568,-0.75
1569,0.75
1570,1.25
1571,-0.75
1572,3.25
1573,-0.75
1574,0.25
1575,10.75
1576,-0.75
1577,0.75
1578,6.25
1579,8.25
1580,7.25
1581,10.25
1582,-2.25
1583,0.75
1584,2.75
1585,-0.75
1586,8.5
1587,9.25
1588,-0.75
1589,0.75
1590,1.75
1591,7.75
1592,-0.75
1593,2.25
1594,-0.75
1595,2.25
1596,-0.75
1597,-5.25
1598,-0.75
1599,1.25
1600,2.25
1601,3.75
1602,-17.75
1603,3.75
1604,-1.25
1605,-0.75
1606,-13.25
1607,-2.25
1608,-0.25
1609,8.5
1610,-0.75
1611,1.75
1612,-0.75
1613,-4.75
1614,0.25
1615,6.75
1616,0.75
1617,-0.75
1618,0.25
1619,0.25
1620,0.75
1621,0.25
1622,-0.75
1623,0.75
1624,0.75
1625,-5.75
1626,-4.75
1627,0.75
1628,-7.25
1629,4.25
1630,-0.25
1631,-0.25
1632,7.25
1633,-1.25
1634,-3.25
1635,0.25
1636,3.25
1637,3.25
1638,-0.25
1639,-0.25
1640,10.25
1641,3.25
1642,0.25
1643,-0.25
1644,-0.25
1645,5.75
1646,8.75
1647,0.25
1648,0.75
1649,1.25
1650,6.75
1651,1.25
1652,-1.25
1653,-0.75
1654,1.75
1655,-0.75
1656,0.75
1657,-0.75
1658,0.75
1659,-0.75
1660,0.25
1661,4.75
1662,8.25
1663,-0.25
1664,2.25
1665,0.25
1666,1.25
1667,2.75
1668,1.25
1669,1.75
1670,0.75
1671,-0.75
1672,7.25
1673,0.25
1674,-3.25
1675,-3.25
1676,-0.25
1677,-8.5
1678,0.25
1679,2.75
1680,10.5
1681,-0.25
1682,2.75
1683,0.75
1684,-0.25
1685,-3.25
1686,5.75
1687,4.25
1688,1.25
1689,-0.25
1690,-0.75
1691,-0.25
1692,-0.25
1693,0.25
1694,2.25
1695,1.25
1696,0.75
1697,1.25
1698,-0.25
1699,3.75
1700,-0.75
1701,6.5
1702,-0.25
1703,0.25
1704,10.75
1705,-0.25
1706,-0.25
1707,-0.25
1708,-0.25
1709,-1.25
1710,-0.25
1711,-0.25
1712,-1.25
1713,-0.25
1714,-0.25
1715,-0.75
1716,0.75
1717,3.25
1718,0.25
1719,-0.75
1720,6.75
1721,1.75
1722,-1.25
1723,4.25
1724,3.25
1725,0.25
1726,1.25
1727,-8.25
1728,0.75
1729,10.75
1730,-0.25
1731,2.25
1732,8.75
1733,0.25
1734,-0.75
1735,-0.75
1736,3.25
1737,-3.25
1738,-0.25
1739,3.0
1740,0.75
1741,7.25
1742,0.75
1743,17.75
1744,0.75
1745,-4.25
1746,-0.25
1747,6.75
1748,1.75
1749,-5.25
1750,-0.75
1751,2.25
1752,0.75
1753,0.25
1754,-1.25
1755,0.25
1756,1.25
1757,-1.25
1758,3.25
1759,0.25
1760,-0.25
1761,10.25
1762,-6.25
1763,-0.25
1764,0.75
1765,-0.25
1766,1.75
1767,0.75
1768,4.25
1769,-17.25
1770,8.25
1771,7.75
1772,0.75
1773,15.0
1774,-0.25
1775,0.75
1776,-1.25
1777,1.25
1778,0.75
1779,3.25
1780,8.0
1781,2.25
1782,22.5
1783,-0.25
1784,4.75
1785,-0.25
1786,5.75
1787,0.75
1788,-11.25
1789,3.5
1790,0.75
1791,-0.75
1792,12.0
1793,3.25
1794,0.75
1795,8.5
1796,0.75
1797,4.25
1798,3.25
1799,17.25
1800,-0.25
1801,-0.25
1802,-0.25
1803,0.25
1804,11.5
1805,11.25
1806,10.0
1807,6.5
1808,10.0
1809,0.75
1810,-5.25
1811,-0.75
1812,0.75
1813,-7.25
1814,-0.75
1815,-0.25
1816,7.75
1817,-1.25
1818,-9.25
1819,5.75
1820,8.75
1821,-3.25
1822,4.5
1823,-1.25
1824,4.75
1825,-0.75
1826,8.75
1827,0.75
1828,-0.75
1829,0.25
1830,-3.75
1831,0.25
1832,-0.25
1833,3.75
1834,-7.25
1835,6.25
1836,0.25
1837,3.25
1838,-1.25
1839,-11.0
1840,0.75
1841,6.25
1842,-0.25
1843,6.75
1844,0.75
1845,-2.75
1846,-1.25
1847,-0.25
1848,7.25
1849,5.25
1850,1.25
1851,2.75
1852,-0.75
1853,8.0
1854,5.75
1855,1.25
1856,-0.75
1857,-0.25
1858,4.75
1859,7.25
1860,2.25
1861,3.25
1862,-1.25
1863,7.25
1864,3.25
1865,-0.25
1866,12.0
1867,0.75
1868,3.25
1869,0.25
1870,6.75
1871,0.75
1872,9.0
1873,-0.75
1874,3.75
1875,-1.25
1876,-0.25
1877,-0.75
1878,5.25
1879,-3.25
1880,4.25
1881,-3.25
1882,13.75
1883,6.25
1884,-0.25
1885,-0.25
1886,1.75
1887,6.5
1888,10.75
1889,-0.25
1890,2.25
1891,-1.25
1892,-0.25
1893,-0.25
1894,3.25
1895,-1.25
1896,-2.25
1897,-0.25
1898,-0.25
1899,-0.25
1900,0.75
1901,8.75
1902,-0.25
1903,-0.25
1904,-0.75
1905,-0.25
1906,-0.25
1907,8.75
1908,3.75
1909,-1.25
1910,-0.25
1911,3.25
1912,7.75
1913,-2.25
1914,1.25
1915,-1.25
1916,0.25
1917,9.0
1918,0.75
1919,5.25
1920,2.25
1921,1.75
1922,-0.25
1923,12.75
1924,1.25
1925,3.75
1926,6.0
1927,8.5
1928,4.75
1929,1.25
1930,8.75
1931,-0.25
1932,-5.25
1933,-1.75
1934,8.75
1935,7.75
1936,1.75
1937,-2.0
1938,0.75
1939,0.75
1940,11.75
1941,7.75
1942,-0.75
1943,13.5
1944,0.25
1945,5.5
1946,-0.75
1947,2.75
1948,6.75
1949,6.75
1950,-0.75
1951,-0.25
1952,3.75
1953,1.0
1954,-1.25
1955,0.25
1956,-16.75
1957,0.75
1958,-0.75
1959,1.75
1960,1.25
1961,0.75
1962,-0.25
1963,-3.25
1964,-1.5
1965,1.75
1966,-0.25
1967,12.0
1968,2.25
1969,7.25
1970,-1.25
1971,-0.75
1972,-0.75
1973,-0.25
1974,-2.25
1975,6.75
1976,-1.25
1977,8.0
1978,-8.25
1979,-11.25
1980,0.75
1981,0.75
1982,9.75
1983,-5.25
1984,2.25
1985,-5.25
1986,4.75
1987,3.25
1988,0.75
1989,8.25
1990,8.25
1991,4.25
1992,-7.25
1993,-1.25
1994,1.25
1995,-0.75
1996,0.75
1997,-0.25
1998,-0.75
1999,0.75
2000,-7.25
2001,12.5
2002,5.25
2003,0.75
2004,-7.75
2005,9.75
2006,11.0
2007,9.0
2008,6.25
2009,-0.75
2010,-0.75
2011,-0.25
2012,0.75
2013,-0.75
2014,-0.25
2015,5.75
2016,0.75
2017,7.5
2018,0.75
2019,-0.75
2020,9.5
2021,-1.25
2022,-1.25
2023,-16.0
2024,17.5
2025,-0.25
2026,-0.25
2027,-0.75
2028,7.25
2029,5.25
2030,-1.25
2031,-3.25
2032,4.75
2033,3.75
2034,-3.25
2035,1.75
2036,0.75
2037,1.25
2038,1.25
2039,1.25
2040,0.75
2041,9.25
2042,0.75
2043,0.75
2044,3.25
2045,-0.75
2046,9.75
2047,9.25
2048,1.25
2049,-1.25
2050,13.75
2051,1.25
2052,-0.75
2053,0.75
2054,0.75
2055,-0.25
2056,7.25
2057,3.75
2058,0.25
2059,-1.25
2060,-0.75
2061,-0.75
2062,5.25
2063,0.75
2064,-0.25
2065,-0.75
2066,0.75
2067,-0.25
2068,-0.25
2069,0.75
2070,3.75
2071,2.25
2072,-1.25
2073,-0.75
2074,0.75
2075,-0.25
2076,-0.25
2077,0.75
2078,2.25
2079,8.5
2080,2.25
2081,0.25
2082,0.25
2083,1.75
2084,0.75
2085,-0.75
2086,0.25
2087,0.75
2088,-0.25
2089,7.75
2090,-0.75
2091,8.25
2092,8.75
2093,5.25
2094,-0.25
2095,-11.25
2096,2.75
2097,-3.25
2098,0.25
2099,0.25
2100,-0.25
2101,1.75
2102,-1.25
2103,2.25
2104,-0.75
2105,-0.25
2106,0.75
2107,6.5
2108,-0.25
2109,1.25
2110,0.75
2111,-0.75
2112,-0.25
2113,4.25
2114,1.25
2115,5.75
2116,2.25
2117,-0.25
2118,5.25
2119,0.75
2120,-0.75
2121,-0.75
2122,6.5
2123,7.5
2124,4.75
2125,0.25
2126,4.75
2127,-0.75
2128,9.75
2129,-0.25
2130,-12.5
2131,0.75
2132,-5.75
2133,2.25
2134,9.25
2135,3.25
2136,-2.25
2137,22.5
2138,-0.75
2139,-0.25
2140,-0.25
2141,-0.25
2142,-0.25
2143,8.75
2144,-0.75
2145,-4.25
2146,4.75
2147,-0.25
2148,-0.25
2149,9.75
2150,1.25
2151,-2.25
2152,-2.75
2153,-1.25
2154,7.25
2155,-0.25
2156,0.25
2157,6.0
2158,6.75
2159,-0.25
2160,-0.25
2161,-0.25
2162,-1.25
2163,0.25
2164,-0.25
2165,4.25
2166,2.25
2167,-12.25
2168,-0.75
2169,0.75
2170,6.25
2171,-0.75
2172,-2.25
2173,0.75
2174,-0.25
2175,-2.25
2176,3.25
2177,-3.75
2178,1.75
2179,0.75
2180,-5.25
2181,10.0
2182,0.75
2183,-1.25
2184,6.75
2185,-5.25
2186,-3.25
2187,0.25
2188,0.75
2189,-0.25
2190,-0.75
2191,-4.25
2192,0.75
2193,5.25
2194,-3.25
2195,-0.25
2196,-0.25
2197,-1.25
2198,-0.25
2199,3.25
2200,-1.25
2201,5.75
2202,-0.75
2203,2.75
2204,0.25
2205,-0.25
2206,5.25
2207,4.25
2208,2.25
2209,6.5
2210,-9.25
2211,-0.25
2212,-0.25
2213,11.75
2214,7.25
2215,-0.75
2216,0.25
2217,-1.25
2218,8.75
2219,7.75
2220,-0.75
2221,0.25
2222,2.75
2223,1.75
2224,-1.25
2225,9.0
2226,-0.25
2227,1.25
2228,-0.25
2229,2.25
2230,-0.75
2231,5.75
2232,0.75
2233,10.5
2234,-5.25
2235,-0.25
2236,-0.75
2237,0.25
2238,-1.25
2239,-0.25
2240,-0.75
2241,0.75
2242,7.25
2243,4.75
2244,-1.25
2245,0.75
2246,-0.25
2247,4.75
2248,4.75
2249,5.75
2250,-0.25
2251,-7.25
2252,-0.75
2253,0.25
2254,4.5
2255,-0.75
2256,-6.0
2257,-0.25
2258,3.75
2259,0.75
2260,1.75
2261,-1.25
2262,7.0
2263,0.75
2264,1.75
2265,7.5
2266,7.5
2267,0.25
2268,1.25
2269,-1.25
2270,-2.25
2271,-0.25
2272,-10.25
2273,-0.75
2274,13.25
2275,0.75
2276,-0.25
2277,-1.25
2278,-0.25
2279,-0.75
2280,-0.25
2281,-0.25
2282,10.25
2283,0.25
2284,-0.75
2285,-3.25
2286,-0.75
2287,-0.25
2288,-0.75
2289,0.75
2290,1.25
2291,12.0
2292,13.5
2293,0.75
2294,0.75
2295,1.25
2296,11.5
2297,2.25
2298,-0.25
2299,0.25
2300,7.25
2301,3.75
2302,0.75
2303,-0.25
2304,1.75
2305,8.0
2306,6.75
2307,0.75
2308,5.75
2309,-0.75
2310,0.25
2311,7.75
2312,-27.0
2313,1.25
2314,0.75
2315,11.5
2316,2.75
2317,0.75
2318,-0.25
2319,1.75
2320,5.25
2321,5.25
2322,8.25
2323,1.25
2324,-0.75
2325,5.25
2326,5.25
2327,4.75
2328,3.75
2329,7.25
2330,0.75
2331,-1.25
2332,10.75
2333,1.75
2334,0.75
2335,-0.75
2336,-8.75
2337,0.75
2338,5.75
2339,8.75
2340,11.0
2341,0.25
2342,5.75
2343,0.75
2344,3.5
2345,-0.25
2346,0.25
2347,6.0
2348,-0.75
2349,4.75
2350,-0.75
2351,-10.75
2352,-0.25
2353,-0.25
2354,8.25
2355,-0.75
2356,-13.5
2357,7.75
2358,9.75
2359,-1.75
2360,5.75
2361,1.25
2362,-0.25
2363,5.5
2364,-0.75
2365,3.25
2366,0.75
2367,-0.75
2368,4.75
2369,10.75
2370,2.25
2371,0.75
2372,7.75
2373,4.25
2374,2.75
2375,0.75
2376,8.75
2377,6.25
2378,-0.75
2379,-13.0
2380,-0.25
2381,4.25
2382,-0.75
2383,-0.5
2384,2.25
2385,-1.25
2386,0.25
2387,-1.75
2388,-3.25
2389,4.75
2390,1.75
2391,10.75
2392,6.75
2393,-0.75
2394,-3.75
2395,-0.25
2396,-11.25
2397,-3.75
2398,2.75
2399,6.75
2400,2.75
2401,0.25
2402,-5.75
2403,-0.75
2404,5.25
2405,7.75
2406,-13.5
2407,-3.25
2408,0.75
2409,-16.75
2410,-0.25
2411,-0.25
2412,2.25
2413,-0.25
2414,6.25
2415,-2.75
2416,7.75
2417,0.25
2418,-11.75
2419,1.75
2420,2.25
2421,-0.25
2422,1.75
2423,-11.0
2424,-0.25
2425,-1.25
2426,3.75
2427,2.75
2428,-0.25
2429,0.25
2430,1.25
2431,16.25
2432,0.75
2433,7.25
2434,-0.75
2435,1.75
2436,-3.25
2437,-3.75
2438,2.25
2439,0.75
2440,12.25
2441,8.25
2442,-9.25
2443,-0.25
2444,0.25
2445,-0.25
2446,6.25
2447,5.25
2448,-0.75
2449,0.75
2450,1.75
2451,-0.75
2452,1.25
2453,0.25
2454,-1.75
2455,6.75
2456,-0.25
2457,0.75
2458,-0.75
2459,-0.75
2460,7.75
2461,0.75
2462,8.75
2463,0.75
2464,0.25
2465,0.75
2466,1.25
2467,3.25
2468,-1.25
2469,-0.25
2470,-0.25
2471,1.25
2472,0.75
2473,0.75
2474,11.75
2475,1.75
2476,0.75
2477,-0.75
2478,10.25
2479,5.25
2480,0.25
2481,-0.25
2482,3.75
2483,-0.25
2484,3.25
2485,-0.75
2486,-3.25
2487,-0.75
2488,7.25
2489,0.25
2490,5.25
2491,0.75
2492,-0.75
2493,3.75
2494,1.75
2495,0.75
2496,2.75
2497,-0.25
2498,7.0
2499,0.75
2500,8.75
2501,2.75
2502,0.75
2503,6.25
2504,-0.25
2505,-0.25
2506,-1.25
2507,6.25
2508,0.25
2509,-0.25
2510,-5.75
2511,-0.75
2512,-0.25
2513,-0.25
2514,-0.75
2515,0.75
2516,-2.25
2517,11.5
2518,1.25
2519,0.75
2520,0.75
2521,0.25
2522,0.75
2523,-0.25
2524,0.75
2525,1.75
2526,-0.25
2527,-0.75
2528,2.75
2529,0.75
2530,-0.75
2531,2.75
2532,-0.25
2533,-0.25
2534,7.75
2535,-2.25
2536,-0.75
2537,0.25
2538,1.25
2539,0.75
2540,-29.25
2541,-0.25
2542,0.75
2543,-1.25
2544,5.25
2545,3.75
2546,-12.25
2547,-3.25
2548,-2.25
2549,3.25
2550,-0.25
2551,5.25
2552,-0.25
2553,4.75
2554,-0.25
2555,0.25
2556,0.75
2557,6.75
2558,1.75
2559,-6.25
2560,1.75
2561,-10.75
2562,-0.25
2563,-0.25
2564,2.75
2565,10.75
2566,5.25
2567,-0.75
2568,4.5
2569,-0.25
2570,6.5
2571,-0.25
2572,2.75
2573,-0.25
2574,-0.75
2575,0.25
2576,-0.75
2577,0.25
2578,0.75
2579,8.5
2580,7.5
2581,-0.75
2582,0.25
2583,-0.75
2584,2.75
2585,-0.25
2586,-0.25
2587,-0.25
2588,-0.25
2589,3.0
2590,3.75
2591,-6.75
2592,-1.25
2593,-0.75
2594,4.25
2595,1.25
2596,10.0
2597,-0.25
2598,3.25
2599,8.75
2600,-0.25
2601,-0.75
2602,-0.25
2603,-2.25
2604,-0.75
2605,-0.25
2606,2.75
2607,-1.25
2608,11.5
2609,-17.75
2610,-0.25
2611,-0.75
2612,8.25
2613,-0.75
2614,12.75
2615,1.25
2616,0.75
2617,1.25
2618,-0.75
2619,-0.75
2620,1.25
2621,-0.25
2622,-0.25
2623,7.75
2624,-0.25
2625,0.75
2626,0.75
2627,6.75
2628,-0.25
2629,1.25
2630,-0.75
2631,1.25
2632,0.25
2633,0.75
2634,8.75
2635,-11.25
2636,-0.25
2637,0.25
2638,2.25
2639,-0.25
2640,-1.75
2641,3.25
2642,-0.25
2643,-0.75
2644,-0.25
2645,0.75
2646,5.25
2647,5.75
2648,-0.25
2649,-2.25
2650,-0.25
2651,-0.75
2652,-1.25
2653,-1.25
2654,-1.25
2655,4.25
2656,9.5
2657,0.75
2658,0.25
2659,5.25
2660,12.75
2661,-0.75
2662,3.25
2663,-0.75
2664,-0.75
2665,1.75
2666,-10.25
2667,-0.25
2668,0.25
2669,-0.25
2670,-0.25
2671,4.25
2672,-16.25
2673,-0.75
2674,6.25
2675,-0.25
2676,-0.25
2677,-5.75
2678,0.25
2679,-7.25
2680,0.25
2681,0.25
2682,6.75
2683,-0.25
2684,-0.25
2685,6.5
2686,-0.25
2687,-0.75
2688,5.75
2689,-0.75
2690,1.25
2691,-0.75
2692,-0.75
2693,-0.25
2694,-0.25
2695,4.75
2696,2.75
2697,-0.25
2698,3.25
2699,5.75
2700,-0.25
2701,-0.25
2702,-0.75
2703,1.25
2704,-0.75
2705,-0.75
2706,-0.25
2707,-1.75
2708,8.5
2709,-0.25
2710,-0.25
2711,6.0
2712,-0.25
2713,0.75
2714,0.75
2715,-0.75
2716,0.75
2717,-0.25
2718,2.75
2719,6.75
2720,0.75
2721,-0.75
2722,6.5
2723,6.75
2724,-3.25
2725,-0.75
2726,-0.25
2727,-0.75
2728,1.25
2729,-0.75
2730,-0.75
2731,0.75
2732,-0.25
2733,-0.75
2734,7.25
2735,-0.25
2736,-2.25
2737,1.75
2738,-3.75
2739,0.75
2740,4.25
2741,5.75
2742,-0.25
2743,-0.75
2744,4.25
2745,1.25
2746,-0.75
2747,-1.25
2748,-0.25
2749,-0.25
2750,-0.25
2751,8.0
2752,-0.75
2753,-0.75
2754,-0.75
2755,-0.75
2756,-0.75
2757,0.25
2758,-0.75
2759,-0.25
2760,10.0
2761,12.75
2762,-0.75
2763,4.25
2764,0.75
2765,-0.25
2766,-0.75
2767,0.75
2768,0.75
2769,-0.75
2770,-0.75
2771,6.75
2772,-1.25
2773,-0.25
2774,-0.25
2775,5.75
2776,-0.25
2777,0.25
2778,0.75
2779,0.75
2780,-0.25
2781,-0.75
2782,0.75
2783,1.25
2784,8.5
2785,8.25
2786,7.5
2787,0.25
2788,7.75
2789,3.25
2790,-0.75
2791,2.75
2792,-7.25
2793,0.75
2794,5.25
2795,-0.25
2796,-0.25
2797,3.25
2798,1.25
2799,6.75
2800,0.75
2801,10.0
2802,0.75
2803,0.75
2804,3.75
2805,-1.25
2806,0.75
2807,-0.25
2808,-0.25
2809,5.75
2810,0.25
2811,8.25
2812,-0.25
2813,2.25
2814,1.75
2815,2.25
2816,0.75
2817,-0.75
2818,11.5
2819,-0.75
2820,-1.25
2821,0.75
2822,-0.25
2823,0.75
2824,8.25
2825,-0.25
2826,-0.75
2827,-1.25
2828,0.75
2829,0.25
2830,-0.75
2831,-0.25
2832,-14.75
2833,6.25
2834,-0.25
2835,0.75
2836,-1.25
2837,-16.75
2838,-0.25
2839,-0.75
2840,-0.75
2841,-0.75
2842,-0.75
2843,0.75
2844,-2.25
2845,-0.25
2846,-0.75
2847,-0.25
2848,-0.25
2849,-0.75
2850,3.75
2851,0.75
2852,-0.25
2853,8.25
2854,-0.75
2855,-0.25
2856,1.25
2857,0.75
2858,-0.25
2859,-0.75
2860,8.5
2861,-0.25
2862,3.25
2863,-1.25
2864,5.75
2865,2.75
2866,-1.25
2867,-0.75
2868,0.75
2869,0.25
2870,0.75
2871,-1.75
2872,0.75
2873,-1.25
2874,4.25
2875,-3.25
2876,7.0
2877,-0.25
2878,0.75
2879,2.75
2880,3.25
2881,-0.75
2882,-0.25
2883,6.75
2884,-0.25
2885,1.75
2886,-0.75
2887,-0.25
2888,-8.25
2889,0.75
2890,-0.75
2891,0.75
2892,-0.75
2893,-0.25
2894,-0.75
2895,-0.25
2896,-0.25
2897,-0.25
2898,-6.0
2899,2.25
2900,-0.75
2901,2.75
2902,-0.75
2903,-1.25
2904,-0.75
2905,0.75
2906,0.25
2907,-0.75
2908,-0.75
2909,-0.25
2910,9.75
2911,8.25
2912,-0.25
2913,-0.75
2914,2.25
2915,0.25
2916,0.75
2917,-0.75
2918,4.25
2919,-4.0
2920,-0.25
2921,-0.75
2922,5.75
2923,-0.25
2924,-0.25
2925,0.75
2926,0.75
2927,-1.25
2928,6.75
2929,-13.0
2930,5.25
2931,-2.25
2932,-0.25
2933,5.75
2934,-0.75
2935,-0.25
2936,3.75
2937,-0.75
2938,-0.75
2939,5.75
2940,0.75
2941,0.75
2942,0.75
2943,2.75
2944,1.25
2945,0.75
2946,0.75
2947,-0.25
2948,8.25
2949,-2.25
2950,4.25
2951,10.25
2952,-0.25
2953,0.75
2954,6.75
2955,0.75
2956,-0.75
2957,0.75
2958,3.75
2959,-0.25
2960,-0.75
2961,1.75
2962,0.75
2963,-0.25
2964,6.25
2965,-1.25
2966,10.0
2967,-0.75
2968,0.75
2969,7.25
2970,7.75
2971,0.25
2972,-0.25
2973,0.75
2974,8.75
2975,0.25
2976,-0.25
2977,-0.25
2978,-0.25
2979,9.5
2980,0.25
2981,0.25
2982,2.75
2983,13.25
2984,0.75
2985,-0.75
2986,0.75
2987,0.25
2988,-0.75
2989,0.25
2990,-1.25
2991,-0.75
2992,8.5
2993,0.75
2994,-0.75
2995,-0.25
2996,4.5
2997,3.75
2998,3.25
2999,0.75
3000,-0.25
3001,1.25
3002,-0.25
3003,-0.25
3004,4.25
3005,-0.25
3006,-2.25
3007,-0.25
3008,0.75
3009,-0.25
3010,0.25
3011,-1.75
3012,2.25
3013,1.25
3014,-0.25
3015,-0.25
3016,1.25
3017,1.75
3018,2.75
3019,-0.25
3020,-0.75
3021,-0.25
3022,-8.25
3023,-0.25
3024,-0.25
3025,-0.25
3026,6.25
3027,-0.75
3028,-0.75
3029,-0.25
3030,-0.75
3031,-0.25
3032,10.25
3033,2.75
3034,11.25
3035,-0.25
3036,4.75
3037,5.75
3038,2.75
3039,1.25
3040,-0.75
3041,0.25
3042,0.75
3043,3.25
3044,3.25
3045,0.25
3046,0.25
3047,-0.75
3048,2.25
3049,-0.75
3050,-0.75
3051,9.25
3052,-0.25
3053,5.75
3054,3.75
3055,0.75
3056,6.5
3057,12.25
3058,2.25
3059,0.75
3060,-0.25
3061,10.0
3062,11.5
3063,11.5
3064,8.5
3065,6.75
3066,-1.25
3067,-0.25
3068,1.75
3069,6.75
3070,0.75
3071,-0.25
3072,6.75
3073,7.25
3074,0.75
3075,-0.25
3076,0.25
3077,-6.0
3078,4.75
3079,4.75
3080,-0.25
3081,0.75
3082,17.0
3083,-18.25
3084,0.75
3085,-0.75
3086,13.0
3087,-0.75
3088,-0.25
3089,8.25
3090,12.0
3091,-0.75
3092,6.25
3093,-10.25
3094,-0.75
3095,0.75
3096,5.75
3097,2.75
3098,7.25
3099,-0.75
3100,-0.25
3101,-3.25
3102,-0.25
3103,0.75
3104,-0.75
3105,0.25
3106,-0.25
3107,-0.25
3108,-0.75
3109,-0.25
3110,-0.75
3111,-0.25
3112,4.75
3113,-0.25
3114,-0.25
3115,-0.25
3116,-3.25
3117,7.5
3118,18.75
3119,0.25
3120,-0.25
3121,-0.25
3122,-2.75
3123,7.75
3124,7.75
3125,-1.25
3126,0.75
3127,7.75
3128,1.75
3129,-0.25
3130,0.75
3131,0.75
3132,0.75
3133,7.0
3134,-2.25
3135,-0.75
3136,-0.25
3137,-0.25
3138,8.75
3139,-10.25
3140,0.75
3141,1.25
3142,1.75
3143,2.25
3144,-3.75
3145,-6.25
3146,7.5
3147,10.25
3148,2.75
3149,5.75
3150,-2.75
3151,0.25
3152,-23.0
3153,-2.75
3154,4.75
3155,-0.75
3156,-0.25
3157,0.75
3158,4.75
3159,-0.25
3160,9.0
3161,-1.25
3162,8.0
3163,7.75
3164,-0.75
3165,0.75
3166,0.25
3167,4.75
3168,14.75
3169,-0.25
3170,-1.25
3171,2.75
3172,3.25
3173,6.25
3174,-2.25
3175,-2.25
3176,-0.25
3177,-0.25
3178,-0.25
3179,11.25
3180,-0.75
3181,6.5
3182,-0.75
3183,7.5
3184,-1.25
3185,-0.25
3186,11.75
3187,4.75
3188,12.5
3189,-19.25
3190,14.0
3191,-8.0
3192,10.75
3193,0.25
3194,-0.25
3195,6.25
3196,-0.25
3197,2.25
3198,0.75
3199,-5.75
3200,-0.75
3201,4.75
3202,0.25
3203,0.75
3204,-0.25
3205,3.25
3206,-0.25
3207,-0.25
3208,2.75
3209,11.75
3210,-2.75
3211,-0.25
3212,2.75
3213,-0.75
3214,-0.25
3215,0.75
3216,13.75
3217,-0.75
3218,0.75
3219,1.25
3220,4.75
3221,1.75
3222,2.25
3223,-0.75
3224,0.25
3225,0.25
3226,-1.25
3227,-0.25
3228,-0.25
3229,0.75
3230,-0.25
3231,0.75
3232,1.75
3233,2.25
3234,2.75
3235,3.25
3236,1.25
3237,-4.75
3238,-0.25
3239,2.25
3240,-2.25
3241,0.75
3242,-0.25
3243,-5.75
3244,2.25
3245,5.75
3246,-0.25
3247,13.75
3248,1.25
3249,2.25
3250,7.75
3251,-0.75
3252,-0.25
3253,-0.25
3254,-0.75
3255,3.25
3256,10.0
3257,-0.25
3258,-0.75
3259,-5.25
3260,6.25
3261,6.75
3262,-0.75
3263,-0.75
3264,3.25
3265,-12.75
3266,9.0
3267,0.25
3268,8.75
3269,0.75
3270,11.75
3271,-13.5
3272,-0.75
3273,-0.25
3274,0.75
3275,8.25
3276,-1.25
3277,-0.25
3278,-3.25
3279,8.25
3280,1.75
3281,-0.25
3282,-1.25
3283,2.25
3284,0.25
3285,0.75
3286,-1.25
3287,3.5
3288,4.75
3289,7.25
3290,-0.25
3291,-0.75
3292,-0.75
3293,0.75
3294,3.75
3295,-5.5
3296,-0.25
3297,0.25
3298,0.25
3299,6.5
3300,9.0
3301,1.25
3302,2.25
3303,-4.25
3304,9.0
3305,-0.75
3306,0.25
3307,-0.25
3308,13.75
3309,-0.25
3310,-2.75
3311,-0.25
3312,-0.75
3313,-0.75
3314,4.75
3315,8.5
3316,-0.25
3317,10.75
3318,-0.75
3319,7.5
3320,-0.25
3321,5.75
3322,1.0
3323,-1.25
3324,11.0
3325,0.25
3326,5.25
3327,0.75
3328,-0.5
3329,-0.25
3330,-0.75
3331,-19.25
3332,-0.25
3333,3.75
3334,2.75
3335,-0.25
3336,4.25
3337,0.25
3338,8.0
3339,0.75
3340,0.75
3341,-0.75
3342,8.0
3343,7.75
3344,-0.75
3345,-0.75
3346,9.75
3347,9.5
3348,9.5
3349,-2.0
3350,-8.25
3351,0.75
3352,-1.25
3353,7.0
3354,0.75
3355,0.25
3356,-19.25
3357,-1.25
3358,16.25
3359,7.25
3360,-0.25
3361,0.75
3362,3.75
3363,0.75
3364,5.25
3365,0.75
3366,0.75
3367,0.75
3368,3.75
3369,9.0
3370,1.75
3371,-0.25
3372,-1.25
3373,3.25
3374,-0.25
3375,-0.75
3376,-0.75
3377,6.5
3378,-0.25
3379,6.0
3380,-0.25
3381,14.25
3382,-0.75
3383,-0.75
3384,0.75
3385,-0.25
3386,1.75
3387,2.75
3388,0.75
3389,1.25
3390,-1.25
3391,3.75
3392,-3.25
3393,4.75
3394,-2.25
3395,0.75
3396,-0.25
3397,-0.75
3398,8.25
3399,6.75
3400,-0.25
3401,-0.25
3402,-0.75
3403,0.75
3404,-0.25
3405,14.75
3406,-11.75
3407,5.75
3408,1.25
3409,15.5
3410,2.75
3411,-0.75
3412,-1.25
3413,12.5
3414,3.25
3415,9.5
3416,5.75
3417,-0.75
3418,12.75
3419,5.75
3420,0.25
3421,0.25
3422,-3.25
3423,11.5
3424,7.5
3425,-0.75
3426,5.25
3427,-0.75
3428,-3.25
3429,4.5
3430,0.25
3431,-0.75
3432,-1.25
3433,-10.75
3434,2.75
3435,-0.75
3436,1.25
3437,4.25
3438,-3.75
3439,-0.25
3440,-0.25
3441,6.0
3442,-2.5
3443,-0.25
3444,-0.25
3445,4.75
3446,-0.25
3447,1.25
3448,-2.25
3449,-1.25
3450,8.75
3451,7.25
3452,0.25
3453,0.75
3454,5.75
3455,4.75
3456,-5.25
3457,3.75
3458,-0.25
3459,5.25
3460,-0.25
3461,0.25
3462,3.75
3463,-0.25
3464,0.25
3465,-2.25
3466,12.0
3467,2.75
3468,0.75
3469,6.75
3470,-0.75
3471,-1.0
3472,5.25
3473,0.25
3474,2.75
3475,6.25
3476,0.25
3477,6.25
3478,0.75
3479,0.75
3480,-0.25
3481,4.25
3482,-1.25
3483,-0.25
3484,-0.75
3485,-10.25
3486,6.25
3487,-0.25
3488,-0.25
3489,-3.75
3490,0.75
3491,2.0
3492,-0.25
3493,4.75
3494,0.25
3495,-2.25
3496,3.5
3497,2.0
3498,2.75
3499,3.25
3500,9.25
3501,19.5
3502,0.75
3503,-0.75
3504,10.0
3505,-1.25
3506,6.25
3507,10.0
3508,-0.75
3509,9.25
3510,-0.75
3511,-0.75
3512,9.5
3513,7.25
3514,-1.25
3515,3.75
3516,18.5
3517,-0.75
3518,2.5
3519,0.25
3520,-15.25
3521,0.25
3522,7.75
3523,13.25
3524,-0.75
3525,-1.25
3526,-0.25
3527,10.0
3528,18.5
3529,11.0
3530,9.0
3531,8.25
3532,10.5
3533,-1.25
3534,9.0
3535,1.75
3536,13.5
3537,7.0
3538,14.25
3539,3.75
3540,10.5
3541,7.75
3542,-7.25
3543,-9.25
3544,1.75
3545,7.75
3546,13.75
3547,-0.25
3548,-6.0
3549,-2.25
3550,0.25
3551,2.75
3552,15.5
3553,0.75
3554,0.75
3555,12.5
3556,-0.25
3557,3.0
3558,11.5
3559,-1.25
3560,10.75
3561,18.5
3562,12.5
3563,-3.25
3564,-2.0
3565,-2.25
3566,-0.75
3567,6.25
3568,-0.25
3569,-1.25
3570,0.75
3571,8.25
3572,4.75
3573,7.75
3574,4.5
3575,1.75
3576,6.0
3577,-1.75
3578,-1.75
3579,4.75
3580,1.75
3581,-1.25
3582,0.75
3583,-0.25
3584,5.0
3585,3.75
3586,-0.75
3587,2.75
3588,8.0
3589,-0.75
3590,12.0
3591,3.25
3592,-0.25
3593,7.25
3594,-0.75
3595,-3.25
3596,-0.75
3597,-2.0
3598,-9.25
3599,9.5
3600,5.25
3601,8.75
3602,9.25
3603,0.75
3604,-1.25
3605,-5.25
3606,-0.75
3607,-1.25
3608,5.75
3609,1.25
3610,0.75
3611,9.5
3612,0.25
3613,6.75
3614,8.0
3615,8.25
3616,-0.25
3617,25.0
3618,4.75
3619,0.25
3620,0.75
3621,4.25
3622,2.0
3623,16.25
3624,-0.25
3625,0.75
3626,-0.25
3627,-0.25
3628,12.0
3629,2.75
3630,-0.75
3631,8.75
3632,3.75
3633,-0.25
3634,-0.25
3635,-1.25
3636,-3.75
3637,-0.25
3638,8.5
3639,0.25
3640,0.25
3641,0.25
3642,0.25
3643,-1.75
3644,0.25
3645,-16.75
3646,-3.75
3647,-0.75
3648,-1.75
3649,2.75
3650,5.25
3651,11.5
3652,-10.25
3653,0.75
3654,-0.25
3655,6.5
3656,3.25
3657,-0.75
3658,-0.25
3659,-0.25
3660,1.75
3661,-0.25
3662,-0.25
3663,-0.75
3664,1.25
3665,0.25
3666,-0.25
3667,11.75
3668,9.5
3669,-0.25
3670,12.5
3671,7.5
3672,3.5
3673,5.25
3674,5.25
3675,9.0
3676,1.25
3677,-0.25
3678,0.25
3679,4.5
3680,0.25
3681,7.0
3682,-1.25
3683,0.75
3684,-0.75
3685,9.5
3686,12.25
3687,-1.0
3688,-0.75
3689,11.5
3690,-0.25
3691,-7.25
3692,6.5
3693,4.25
3694,3.25
3695,2.75
3696,-0.25
3697,9.5
3698,-0.25
3699,-0.25
3700,6.25
3701,-0.25
3702,5.25
3703,0.25
3704,-3.75
3705,0.25
3706,-0.25
3707,9.75
3708,0.75
3709,2.75
3710,6.0
3711,-0.25
3712,1.75
3713,0.25
3714,8.25
3715,-9.25
3716,-0.25
3717,-0.25
3718,-0.25
3719,0.75
3720,-2.25
3721,6.5
3722,-8.25
3723,0.75
3724,10.0
3725,0.75
3726,11.5
3727,13.75
3728,9.75
3729,-3.25
3730,0.25
3731,2.75
3732,-0.25
3733,-0.75
3734,-9.75
3735,6.75
3736,2.75
3737,-10.25
3738,-0.75
3739,1.25
3740,-0.25
3741,-0.25
3742,-1.25
3743,0.75
3744,0.75
3745,-7.25
3746,9.25
3747,0.75
3748,0.25
3749,9.75
3750,4.5
3751,2.75
3752,-0.25
3753,0.75
3754,-18.75
3755,12.0
3756,0.25
3757,8.0
3758,8.0
3759,3.75
3760,12.0
3761,-1.75
3762,-0.25
3763,10.0
3764,9.5
3765,-0.25
3766,-0.25
3767,-2.25
3768,8.25
3769,-0.75
3770,-0.25
3771,-0.25
3772,2.75
3773,9.75
3774,7.5
3775,7.75
3776,0.75
3777,-16.5
3778,0.75
3779,2.25
3780,-16.5
3781,7.0
3782,6.75
3783,6.75
3784,0.75
3785,-0.25
3786,-20.0
3787,2.25
3788,0.75
3789,-0.25
3790,9.25
3791,-12.25
3792,-0.75
3793,0.25
3794,-1.25
3795,0.75
3796,-0.25
3797,0.75
3798,-11.25
3799,8.25
3800,-0.25
3801,3.25
3802,7.25
3803,2.25
3804,9.75
3805,5.0
3806,3.5
3807,11.5
3808,-3.25
3809,9.75
3810,10.5
3811,10.0
3812,5.75
3813,28.0
3814,8.75
3815,11.5
3816,-21.25
3817,2.25
3818,-5.25
3819,-0.25
3820,8.5
3821,13.25
3822,8.0
3823,6.5
3824,-14.0
3825,-1.25
3826,11.75
3827,0.75
3828,-0.75
3829,10.0
3830,-0.75
3831,16.5
3832,7.75
3833,0.75
3834,8.75
3835,-0.25
3836,-23.0
3837,-3.25
3838,-8.5
3839,0.25
3840,9.0
3841,-1.25
3842,-2.25
3843,-9.0
3844,-0.75
3845,-0.25
3846,-0.25
3847,0.25
3848,4.75
3849,1.25
3850,6.5
3851,3.75
3852,7.25
3853,5.75
3854,6.5
3855,-0.25
3856,-6.25
3857,9.0
3858,0.25
3859,-5.25
3860,0.75
3861,6.25
3862,-0.75
3863,10.75
3864,1.25
3865,0.75
3866,2.25
3867,12.25
3868,1.75
3869,6.5
3870,4.25
3871,3.5
3872,5.75
3873,3.25
3874,0.75
3875,9.0
3876,-0.75
3877,-0.25
3878,8.25
3879,0.75
3880,0.75
3881,0.75
3882,-1.25
3883,-2.5
3884,9.25
3885,0.25
3886,8.75
3887,0.75
3888,7.25
3889,-0.25
3890,8.5
3891,-0.75
3892,5.25
3893,-0.25
3894,0.75
3895,1.25
3896,-0.75
3897,0.75
3898,-0.25
3899,-0.75
3900,0.75
3901,-8.75
3902,-0.75
3903,3.75
3904,-0.25
3905,-0.25
3906,0.75
3907,-1.25
3908,-0.25
3909,-0.75
3910,-0.25
3911,2.75
3912,2.25
3913,3.75
3914,-2.75
3915,1.75
3916,-0.25
3917,4.25
3918,-0.75
3919,-0.75
3920,-1.25
3921,0.75
3922,0.75
3923,-9.5
3924,9.25
3925,1.25
3926,-0.25
3927,6.25
3928,-0.25
3929,0.25
3930,2.25
3931,10.5
3932,2.75
3933,5.75
3934,-1.25
3935,4.25
3936,4.25
3937,-1.25
3938,0.75
3939,-4.25
3940,0.75
3941,-0.25
3942,1.75
3943,2.25
3944,23.0
3945,0.25
3946,8.75
3947,1.75
3948,2.25
3949,12.0
3950,7.75
3951,7.25
3952,0.25
3953,-0.75
3954,-19.0
3955,0.75
3956,0.25
3957,6.5
3958,4.25
3959,0.75
3960,-0.25
3961,-0.75
3962,-0.25
3963,-0.75
3964,0.25
3965,2.75
3966,-0.25
3967,-0.25
3968,5.75
3969,1.25
3970,4.25
3971,2.75
3972,0.75
3973,0.25
3974,7.5
3975,-2.25
3976,11.0
3977,-0.25
3978,-6.25
3979,4.25
3980,1.75
3981,-3.75
3982,2.25
3983,0.75
3984,8.0
3985,1.25
3986,-0.25
3987,-2.75
3988,-1.25
3989,-0.25
3990,0.25
3991,0.25
3992,3.75
3993,16.5
3994,10.5
3995,-0.25
3996,8.0
3997,0.75
3998,-0.25
3999,-3.25
4000,1.25
4001,0.75
4002,-0.25
4003,9.75
4004,7.25
4005,-0.75
4006,3.75
4007,1.75
4008,10.25
4009,14.0
4010,-0.25
4011,-0.75
4012,-1.25
4013,6.75
4014,2.75
4015,4.25
4016,-0.75
4017,9.0
4018,11.75
4019,-0.75
4020,7.0
4021,-0.25
4022,-0.25
4023,8.75
4024,1.75
4025,6.25
4026,-0.25
4027,-0.75
4028,-5.25
4029,0.25
4030,-0.25
4031,16.25
4032,-0.25
4033,4.75
4034,-2.75
4035,7.0
4036,2.75
4037,-0.25
4038,12.5
4039,0.75
4040,0.75
4041,0.25
4042,-0.75
4043,2.75
4044,6.5
4045,-0.25
4046,1.25
4047,-0.25
4048,0.75
4049,-1.25
4050,6.25
4051,8.25
4052,-3.25
4053,16.75
4054,11.75
4055,6.25
4056,8.5
4057,-0.25
4058,-1.25
4059,-19.0
4060,8.0
4061,7.0
4062,-0.75
4063,0.75
4064,8.75
4065,7.5
4066,2.25
4067,-0.75
4068,3.75
4069,-3.25
4070,4.25
4071,0.75
4072,-0.25
4073,0.75
4074,0.25
4075,8.75
4076,6.25
4077,8.25
4078,3.25
4079,-0.25
4080,-1.25
4081,-0.75
4082,-0.25
4083,9.0
4084,-1.25
4085,0.25
4086,-0.75
4087,0.75
4088,-3.25
4089,0.25
4090,0.25
4091,-0.25
4092,0.25
4093,4.25
4094,0.75
4095,1.75
4096,1.75
4097,5.75
4098,-0.25
4099,-10.25
4100,8.25
4101,-0.75
4102,8.75
4103,4.25
4104,12.5
4105,7.25
4106,0.75
4107,-11.25
4108,7.0
4109,8.25
4110,0.25
4111,7.25
4112,0.25
4113,0.75
4114,9.5
4115,6.25
4116,9.0
4117,0.75
4118,-2.25
4119,-1.25
4120,4.25
4121,-0.25
4122,-0.25
4123,-0.75
4124,12.0
4125,2.25
4126,4.25
4127,11.75
4128,8.0
4129,0.75
4130,0.75
4131,0.75
4132,-0.75
4133,5.75
4134,5.75
4135,-0.25
4136,0.75
4137,2.25
4138,8.5
4139,6.25
4140,6.75
4141,-0.75
4142,10.0
4143,5.75
4144,13.0
4145,7.0
4146,-0.75
4147,0.25
4148,-0.75
4149,1.75
4150,6.75
4151,1.75
4152,-0.25
4153,-0.25
4154,0.75
4155,8.0
4156,0.25
4157,4.5
4158,1.75
4159,6.75
4160,1.75
4161,-0.25
4162,-0.25
4163,2.75
4164,8.25
4165,2.25
4166,9.25
4167,5.25
4168,-0.75
4169,0.25
4170,-0.25
4171,12.5
4172,-4.25
4173,0.75
4174,-0.75
4175,9.25
4176,11.25
4177,3.25
4178,2.25
4179,0.75
4180,-13.0
4181,1.75
4182,11.75
4183,4.75
4184,0.25
4185,-0.25
4186,-4.25
4187,1.25
4188,0.75
4189,0.25
4190,2.75
4191,6.25
4192,-0.75
4193,12.5
4194,-0.75
4195,-6.25
4196,-0.25
4197,-5.25
4198,-0.25
4199,-0.25
4200,0.25
4201,4.0
4202,11.25
4203,0.75
4204,7.75
4205,2.75
4206,6.0
4207,3.25
4208,-2.75
4209,18.25
4210,5.25
4211,-1.25
4212,-0.25
4213,8.0
4214,1.25
4215,-3.75
4216,7.25
4217,1.75
4218,0.25
4219,3.25
4220,12.0
4221,-2.0
4222,1.25
4223,1.25
4224,11.25
4225,7.25
4226,8.25
4227,2.0
4228,3.25
4229,16.5
4230,11.0
4231,3.75
4232,8.0
4233,0.75
4234,3.75
4235,16.5
4236,4.75
4237,3.75
4238,6.75
4239,10.0
4240,1.25
4241,-6.25
4242,-14.75
4243,10.5
4244,24.75
4245,7.0
4246,-0.25
4247,1.25
4248,0.25
4249,-1.25
4250,-1.0
4251,4.25
4252,9.0
4253,1.75
4254,9.5
4255,-0.25
4256,10.75
4257,-0.25
4258,0.75
4259,4.75
4260,0.75
4261,-0.25
4262,1.75
4263,12.5
4264,-5.25
4265,0.75
4266,-0.75
4267,4.75
4268,13.25
4269,10.0
4270,-0.25
4271,-5.25
4272,0.75
4273,7.25
4274,10.0
4275,-9.25
4276,15.0
4277,-16.25
4278,4.5
4279,-1.25
4280,6.25
4281,-0.75
4282,6.75
4283,11.75
4284,7.75
4285,0.25
4286,7.25
4287,-0.75
4288,-1.5
4289,10.0
4290,12.25
4291,-0.25
4292,10.5
4293,-0.25
4294,5.25
4295,-1.75
4296,7.25
4297,0.25
4298,0.75
4299,12.5
4300,13.25
4301,1.25
4302,-0.75
4303,9.5
4304,0.25
4305,7.5
4306,3.75
4307,-14.25
4308,6.5
4309,10.25
4310,-4.25
4311,-0.75
4312,-0.25
4313,17.5
4314,6.0
4315,5.25
4316,-1.25
4317,0.25
4318,6.0
4319,-0.25
4320,-0.75
4321,5.75
4322,-0.25
4323,-4.75
4324,1.75
4325,-0.5
4326,-18.25
4327,-0.25
4328,9.5
4329,-0.25
4330,6.75
4331,-9.25
4332,-0.25
4333,-19.25
4334,8.0
4335,9.5
4336,7.25
4337,11.0
4338,-0.25
4339,-0.25
4340,-1.25
4341,-5.25
4342,0.75
4343,-1.25
4344,-1.25
4345,13.5
4346,13.5
4347,0.25
4348,5.0
4349,16.75
4350,-0.25
4351,0.25
4352,1.75
4353,6.5
4354,-1.25
4355,-0.25
4356,-3.25
4357,1.75
4358,-0.25
4359,0.75
4360,17.0
4361,-1.25
4362,-0.25
4363,0.25
4364,0.75
4365,15.75
4366,6.0
4367,4.25
4368,-0.25
4369,12.25
4370,-0.75
4371,9.75
4372,0.75
4373,7.5
4374,9.75
4375,-10.75
4376,-2.0
4377,1.75
4378,6.0
4379,-0.75
4380,-1.25
4381,13.5
4382,-3.75
4383,9.25
4384,7.5
4385,6.75
4386,-0.75
4387,9.5
4388,-10.75
4389,3.75
4390,1.75
4391,-0.25
4392,2.75
4393,2.75
4394,-3.0
4395,7.0
4396,3.25
4397,1.75
4398,7.25
4399,0.75
4400,1.75
4401,5.75
4402,-1.75
4403,2.75
4404,-3.25
4405,0.75
4406,-0.25
4407,0.25
4408,-5.75
4409,-0.25
4410,-0.75
4411,3.5
4412,3.75
4413,-0.25
4414,11.25
4415,3.25
4416,4.5
4417,-0.75
4418,-0.75
4419,11.75
4420,5.75
4421,-1.25
4422,-0.75
4423,-2.5
4424,4.75
4425,6.25
4426,-0.25
4427,-0.25
4428,-0.25
4429,6.75
4430,1.25
4431,6.25
4432,-1.25
4433,6.5
4434,-2.25
4435,3.25
4436,-3.25
4437,-0.75
4438,1.75
4439,8.25
4440,21.0
4441,-12.75
4442,7.5
4443,0.25
4444,2.75
4445,-0.25
4446,7.75
4447,1.25
4448,-0.25
4449,-0.25
4450,0.75
4451,-1.25
4452,0.25
4453,6.5
4454,-2.25
4455,2.75
4456,1.25
4457,0.75
4458,13.0
4459,0.75
4460,0.25
4461,1.25
4462,-0.25
4463,-0.25
4464,5.25
4465,0.25
4466,-16.25
4467,6.25
4468,-0.75
4469,-0.25
4470,-0.25
4471,-0.75
4472,1.25
4473,7.0
4474,-1.25
4475,-6.25
4476,1.75
4477,1.25
4478,-0.25
4479,-0.75
4480,1.25
4481,7.25
4482,0.25
4483,0.75
4484,1.75
4485,8.25
4486,-0.25
4487,-0.25
4488,7.0
4489,-6.5
4490,10.0
4491,-14.25
4492,-1.25
4493,-2.25
4494,6.75
4495,-3.25
4496,8.75
4497,-0.25
4498,-6.25
4499,7.5
4500,-8.25
4501,0.25
4502,-0.25
4503,-0.25
4504,9.25
4505,0.25
4506,-0.25
4507,3.5
4508,-0.25
4509,-1.25
4510,-0.25
4511,24.75
4512,11.0
4513,4.5
4514,8.5
4515,-5.25
4516,15.75
4517,9.5
4518,-0.25
4519,-0.75
4520,-0.25
4521,-0.25
4522,-0.75
4523,0.25
4524,5.5
4525,-2.25
4526,15.5
4527,11.25
4528,0.75
4529,-0.75
4530,11.25
4531,11.25
4532,3.75
4533,2.75
4534,-0.25
4535,-7.25
4536,8.0
4537,-7.5
4538,0.75
4539,-0.25
4540,-0.75
4541,-13.25
4542,0.25
4543,-0.25
4544,-0.75
4545,0.25
4546,0.25
4547,-3.25
4548,1.75
4549,-0.25
4550,-0.75
4551,12.5
4552,-0.75
4553,-4.25
4554,0.25
4555,-0.25
4556,1.75
4557,-1.25
4558,-5.25
4559,-0.75
4560,1.25
4561,2.75
4562,4.25
4563,10.0
4564,-0.75
4565,1.25
4566,2.25
4567,-0.75
4568,0.75
4569,-5.75
4570,-0.25
4571,9.25
4572,-22.75
4573,2.25
4574,-0.25
4575,-0.25
4576,7.75
4577,2.75
4578,0.25
4579,10.25
4580,6.25
4581,-1.25
4582,5.25
4583,-0.75
4584,-1.25
4585,9.25
4586,-0.75
4587,2.25
4588,-0.25
4589,0.75
4590,8.0
4591,3.75
4592,17.5
4593,5.25
4594,0.75
4595,-0.25
4596,-0.25
4597,9.0
4598,-0.25
4599,-0.75
4600,-1.25
4601,0.25
4602,12.75
4603,1.25
4604,-1.25
4605,0.75
4606,10.0
4607,0.75
4608,4.75
4609,-9.25
4610,12.25
4611,3.25
4612,1.0
4613,16.25
4614,-1.25
4615,14.0
4616,-0.25
4617,-0.25
4618,-0.75
4619,-0.25
4620,-3.75
4621,-1.25
4622,-1.25
4623,10.5
4624,-6.5
4625,13.5
4626,11.25
4627,5.75
4628,-2.25
4629,15.75
4630,0.75
4631,-11.75
4632,0.75
4633,5.75
4634,6.75
4635,-0.25
4636,0.75
4637,1.25
4638,4.75
4639,-0.25
4640,-2.25
4641,5.75
4642,0.25
4643,11.5
4644,-18.25
4645,-0.25
4646,0.75
4647,3.25
4648,-0.25
4649,2.75
4650,0.75
4651,-0.25
4652,-0.25
4653,-1.75
4654,4.25
4655,9.0
4656,3.75
4657,0.75
4658,8.75
4659,-0.25
4660,-0.25
4661,2.25
4662,11.0
4663,2.25
4664,7.75
4665,-17.75
4666,2.75
4667,6.5
4668,7.25
4669,-0.25
4670,8.0
4671,-1.25
4672,-1.25
4673,-0.25
4674,0.75
4675,4.75
4676,-0.25
4677,8.5
4678,-13.0
4679,3.75
4680,8.0
4681,6.75
4682,-3.5
4683,0.25
4684,-0.75
4685,7.0
4686,-0.25
4687,0.75
4688,3.75
4689,-0.75
4690,-0.25
4691,0.75
4692,-0.25
4693,0.25
4694,-0.75
4695,11.5
4696,16.5
4697,2.75
4698,-0.75
4699,0.75
4700,-0.25
4701,4.25
4702,-0.25
4703,4.75
4704,-0.25
4705,1.75
4706,0.75
4707,5.25
4708,-0.75
4709,9.5
4710,10.75
4711,0.75
4712,0.25
4713,7.25
4714,8.0
4715,0.25
4716,1.25
4717,0.75
4718,0.75
4719,5.25
4720,-0.75
4721,0.75
4722,-0.75
4723,-1.25
4724,-0.25
4725,0.25
4726,8.0
4727,-0.75
4728,-0.25
4729,-1.25
4730,1.75
4731,0.75
4732,-0.25
4733,-0.25
4734,2.75
4735,-5.25
4736,10.5
4737,0.75
4738,-0.75
4739,9.75
4740,-7.75
4741,-0.75
4742,-0.75
4743,0.25
4744,-0.25
4745,9.75
4746,1.75
4747,-1.25
4748,-0.75
4749,1.25
4750,5.75
4751,8.25
4752,4.25
4753,4.75
4754,-1.25
4755,4.75
4756,-0.25
4757,10.0
4758,-1.25
4759,0.75
4760,0.25
4761,-0.5
4762,15.25
4763,-0.75
4764,0.75
4765,10.0
4766,-0.75
4767,4.25
4768,6.5
4769,9.75
4770,0.75
4771,-2.25
4772,-20.0
4773,0.25
4774,-0.75
4775,9.75
4776,-0.25
4777,0.75
4778,2.75
4779,8.75
4780,4.25
4781,8.5
4782,9.25
4783,8.75
4784,0.75
4785,0.25
4786,0.75
4787,0.25
4788,5.75
4789,-2.75
4790,14.75
4791,-0.75
4792,-0.25
4793,0.75
4794,6.25
4795,17.0
4796,0.25
4797,0.75
4798,0.75
4799,-0.25
4800,0.75
4801,4.75
4802,0.25
4803,-1.25
4804,-0.75
4805,0.75
4806,-4.25
4807,0.25
4808,16.0
4809,3.75
4810,0.75
4811,-0.75
4812,0.75
4813,-2.25
4814,0.75
4815,-10.25
4816,6.25
4817,8.75
4818,1.75
4819,-3.25
4820,-0.75
4821,-0.25
4822,1.75
4823,-0.25
4824,13.0
4825,-0.75
4826,-23.0
4827,1.75
4828,12.5
4829,-0.25
4830,1.25
4831,3.25
4832,9.75
4833,-0.75
4834,-3.25
4835,2.25
4836,3.75
4837,11.5
4838,-0.25
4839,-0.25
4840,-1.25
4841,0.75
4842,5.25
4843,5.25
4844,5.25
4845,0.75
4846,-0.75
4847,3.25
4848,7.25
4849,6.25
4850,-0.75
4851,10.0
4852,2.75
4853,1.25
4854,-0.75
4855,-0.75
4856,7.25
4857,6.0
4858,4.25
4859,6.75
4860,12.5
4861,11.75
4862,5.75
4863,-12.5
4864,-1.25
4865,-1.25
4866,0.75
4867,-4.75
4868,-0.25
4869,-3.5
4870,0.25
4871,-0.25
4872,2.25
4873,3.5
4874,0.75
4875,-0.75
4876,9.5
4877,17.5
4878,-0.75
4879,6.25
4880,7.25
4881,0.75
4882,8.5
4883,8.0
4884,11.0
4885,5.75
4886,-0.75
4887,-0.25
4888,-1.25
4889,6.5
4890,14.25
4891,0.25
4892,9.5
4893,14.5
4894,6.5
4895,0.25
4896,-1.25
4897,14.5
4898,6.25
4899,-10.25
4900,7.5
4901,0.75
4902,-0.25
4903,6.25
4904,15.0
4905,-2.0
4906,16.5
4907,0.75
4908,2.75
4909,8.25
4910,0.75
4911,6.25
4912,8.0
4913,-0.75
4914,-11.25
4915,5.75
4916,15.5
4917,-1.75
4918,0.75
4919,20.25
4920,0.75
4921,-0.25
4922,0.75
4923,-0.25
4924,-0.25
4925,10.0
4926,14.0
4927,1.0
4928,7.25
4929,-0.25
4930,12.0
4931,6.5
4932,-0.75
4933,5.75
4934,9.0
4935,-9.25
4936,-0.75
4937,-0.75
4938,-0.75
4939,9.25
4940,6.75
4941,0.75
4942,1.25
4943,-0.75
4944,7.5
4945,0.75
4946,-0.25
4947,-6.25
4948,0.75
4949,-0.25
4950,-4.25
4951,-0.75
4952,0.25
4953,4.75
4954,-0.75
4955,2.25
4956,9.75
4957,-3.75
4958,-0.25
4959,-5.25
4960,6.0
4961,-0.75
4962,0.75
4963,-0.75
4964,-0.75
4965,11.75
4966,0.75
4967,0.25
4968,1.25
4969,-0.25
4970,7.75
4971,-0.25
4972,8.25
4973,-0.75
4974,9.25
4975,6.5
4976,0.75
4977,8.75
4978,10.5
4979,0.75
4980,-0.75
4981,0.75
4982,12.25
4983,0.75
4984,14.0
4985,10.5
4986,5.75
4987,-0.25
4988,-1.25
4989,0.25
4990,8.5
4991,27.0
4992,-0.75
4993,-8.25
4994,-3.75
4995,-0.25
4996,-0.75
4997,0.75
4998,-3.75
4999,8.5
5000,0.25
5001,7.25
5002,6.75
5003,5.75
5004,2.75
5005,8.25
5006,-0.75
5007,-1.25
5008,0.25
5009,17.0
5010,12.0
5011,6.25
5012,-4.75
5013,-1.25
5014,4.25
5015,0.75
5016,14.0
5017,-1.25
5018,-3.75
5019,-6.25
5020,-2.25
5021,3.25
5022,7.5
5023,-2.75
5024,8.25
5025,5.5
5026,0.75
5027,6.75
5028,4.25
5029,0.75
5030,10.25
5031,14.5
5032,0.25
5033,12.5
5034,13.5
5035,-1.25
5036,0.25
5037,4.75
5038,-6.25
5039,-1.25
5040,1.25
5041,10.0
5042,1.75
5043,17.5
5044,-0.25
5045,-0.75
5046,-0.75
5047,0.25
5048,17.25
5049,-0.75
5050,11.0
5051,10.0
5052,2.25
5053,7.0
5054,13.5
5055,-0.75
5056,0.25
5057,10.75
5058,2.25
5059,16.5
5060,8.75
5061,9.0
5062,-0.25
5063,-6.25
5064,9.5
5065,-0.25
5066,12.75
5067,15.5
5068,-0.75
5069,-1.25
5070,-0.25
5071,-1.25
5072,9.25
5073,1.75
5074,0.75
5075,8.75
5076,1.25
5077,9.75
5078,-0.25
5079,-23.25
5080,6.25
5081,-0.75
5082,6.75
5083,17.5
5084,-2.25
5085,12.25
5086,-1.25
5087,0.25
5088,10.5
5089,10.25
5090,8.5
5091,4.75
5092,8.0
5093,-0.25
5094,-1.25
5095,10.0
5096,12.0
5097,13.5
5098,0.75
5099,11.5
5100,1.75
5101,-5.75
5102,1.75
5103,1.75
5104,4.75
5105,11.0
5106,-0.25
5107,-0.75
5108,10.0
5109,1.75
5110,16.25
5111,-5.25
5112,0.75
5113,8.0
5114,7.5
5115,8.0
5116,7.0
5117,0.75
5118,6.0
5119,12.0
5120,-0.25
5121,10.25
5122,12.0
5123,2.5
5124,14.0
5125,-0.75
5126,0.75
5127,-0.75
5128,5.5
5129,9.0
5130,8.25
5131,4.25
5132,2.0
5133,-0.75
5134,-0.75
5135,2.75
5136,-9.25
5137,-1.25
5138,8.0
5139,0.75
5140,10.25
5141,4.75
5142,-0.75
5143,1.25
5144,19.5
5145,1.25
5146,9.5
5147,-16.25
5148,7.0
5149,-11.75
5150,16.5
5151,9.0
5152,-3.25
5153,-18.0
5154,2.75
5155,0.25
5156,1.25
5157,2.25
5158,10.5
5159,1.25
5160,0.75
5161,3.75
5162,-3.25
5163,9.25
5164,-0.25
5165,16.75
5166,0.25
5167,2.75
5168,0.75
5169,9.5
5170,3.5
5171,10.0
5172,0.25
5173,-0.75
5174,3.0
5175,6.0
5176,3.75
5177,0.25
5178,5.25
5179,11.5
5180,0.75
5181,25.5
5182,10.0
5183,8.5
5184,-2.75
5185,6.5
5186,6.0
5187,-6.25
5188,1.75
5189,3.25
5190,0.25
5191,-0.25
5192,14.5
5193,-3.75
5194,7.0
5195,7.0
5196,0.25
5197,10.5
5198,10.5
5199,9.0
5200,-15.25
5201,-14.0
5202,2.25
5203,10.5
5204,16.0
5205,-7.25
5206,-0.25
5207,0.25
5208,9.0
5209,7.0
5210,15.0
5211,12.5
5212,-0.75
5213,10.0
5214,-9.25
5215,-2.25
5216,1.0
5217,4.5
5218,1.75
5219,-0.75
5220,6.25
5221,-0.75
5222,13.0
5223,0.75
5224,8.25
5225,5.75
5226,-6.25
5227,-0.25
5228,8.0
5229,0.25
5230,-5.25
5231,-18.0
5232,-9.0
5233,6.25
5234,10.0
5235,-20.25
5236,0.75
5237,8.5
5238,12.5
5239,-0.25
5240,11.5
5241,-10.5
5242,8.25
5243,-0.25
5244,1.25
5245,0.25
5246,-0.25
5247,-2.75
5248,-0.75
5249,5.25
5250,0.5
5251,1.75
5252,-1.25
5253,0.75
5254,2.75
5255,8.0
5256,14.0
5257,-3.75
5258,-1.5
5259,-10.5
5260,0.75
5261,4.75
5262,0.75
5263,14.5
5264,0.25
5265,6.5
5266,-1.75
5267,-2.5
5268,7.75
5269,15.0
5270,18.5
5271,15.25
5272,-0.75
5273,1.0
5274,-16.25
5275,-0.75
5276,0.75
5277,8.5
5278,7.25
5279,5.25
5280,2.25
5281,1.75
5282,-4.25
5283,0.25
5284,-0.75
5285,-1.25
5286,-1.25
5287,4.25
5288,-6.75
5289,5.25
5290,14.0
5291,0.75
5292,-0.25
5293,18.25
5294,8.0
5295,-2.25
5296,1.25
5297,7.0
5298,14.5
5299,1.75
5300,11.5
5301,-4.25
5302,-20.0
5303,3.75
5304,-1.25
5305,-0.25
5306,11.75
5307,-3.25
5308,11.5
5309,3.0
5310,2.75
5311,-0.75
5312,-0.25
5313,8.0
5314,5.25
5315,1.75
5316,0.25
5317,2.75
5318,-0.25
5319,0.75
5320,-5.25
5321,0.25
5322,-1.25
5323,0.25
5324,-0.75
5325,10.75
5326,8.0
5327,-1.25
5328,-2.25
5329,-0.25
5330,-1.25
5331,0.75
5332,0.75
5333,-0.25
5334,21.5
5335,11.0
5336,0.25
5337,-1.25
5338,16.0
5339,-0.75
5340,4.5
5341,-0.25
5342,-0.75
5343,6.25
5344,-1.25
5345,12.25
5346,-0.25
5347,-0.25
5348,-0.25
5349,-0.25
5350,-2.25
5351,-0.25
5352,1.25
5353,-1.75
5354,8.5
5355,1.75
5356,-0.25
5357,-0.75
5358,-0.25
5359,9.5
5360,-1.25
5361,3.25
5362,8.75
5363,5.75
5364,0.75
5365,6.25
5366,8.0
5367,6.5
5368,-0.25
5369,16.5
5370,8.5
5371,-0.25
5372,-0.25
5373,-0.25
5374,1.25
5375,10.75
5376,-2.25
5377,0.25
5378,-0.25
5379,10.5
5380,3.75
5381,-0.75
5382,-3.75
5383,0.75
5384,0.25
5385,-0.75
5386,13.5
5387,0.75
5388,14.5
5389,5.75
5390,6.5
5391,6.0
5392,2.75
5393,-2.75
5394,-4.25
5395,7.0
5396,-5.75
5397,-0.5
5398,-0.25
5399,-11.25
5400,-1.25
5401,4.75
5402,-23.0
5403,-0.75
5404,6.25
5405,-5.25
5406,8.5
5407,9.0
5408,0.75
5409,-0.25
5410,7.0
5411,-4.25
5412,13.5
5413,12.0
5414,0.75
5415,-0.25
5416,12.25
5417,4.75
5418,-0.25
5419,1.25
5420,9.25
5421,0.75
5422,11.0
5423,4.25
5424,5.75
5425,1.25
5426,-4.75
5427,11.0
5428,-0.25
5429,-1.25
5430,-0.75
5431,-2.75
5432,2.75
5433,13.5
5434,0.25
5435,2.75
5436,0.25
5437,10.25
5438,1.75
5439,-3.25
5440,1.75
5441,7.0
5442,0.25
5443,5.25
5444,-1.25
5445,-1.25
5446,10.5
5447,-0.25
5448,-0.25
5449,11.5
5450,0.75
5451,-0.75
5452,-1.25
5453,-3.25
5454,-6.0
5455,8.25
5456,8.0
5457,8.75
5458,-2.25
5459,8.5
5460,-11.25
5461,9.75
5462,-0.75
5463,-0.25
5464,0.25
5465,-0.25
5466,10.0
5467,0.25
5468,-11.0
5469,1.25
5470,0.75
5471,-0.75
5472,-2.25
5473,13.0
5474,-16.5
5475,1.25
5476,-1.25
5477,8.5
5478,12.5
5479,0.75
5480,-1.25
5481,9.25
5482,4.5
5483,1.75
5484,0.75
5485,6.25
5486,-0.75
5487,-2.25
5488,-0.25
5489,2.75
5490,10.25
5491,2.25
5492,-0.25
5493,1.25
5494,-0.75
5495,-0.75
5496,0.75
5497,-3.75
5498,-1.25
5499,10.5
5500,-0.75
5501,-0.75
5502,1.25
5503,5.75
5504,-0.75
5505,0.75
5506,10.0
5507,0.75
5508,9.25
5509,-0.25
5510,-0.25
5511,0.75
5512,0.75
5513,5.25
5514,0.25
5515,-0.25
5516,1.25
5517,-0.25
5518,-0.25
5519,6.75
5520,0.75
5521,-5.25
5522,3.75
5523,-0.75
5524,-0.25
5525,-3.25
5526,-0.25
5527,8.75
5528,-14.25
5529,11.5
5530,6.75
5531,-0.75
5532,-0.75
5533,10.0
5534,-1.25
5535,-0.25
5536,14.0
5537,-0.25
5538,-0.25
5539,1.25
5540,2.75
5541,12.5
5542,-6.25
5543,2.75
5544,-1.25
5545,-1.25
5546,3.75
5547,4.25
5548,0.25
5549,0.25
5550,0.75
5551,0.75
5552,-0.75
5553,4.75
5554,-0.75
5555,3.25
5556,6.25
5557,0.25
5558,8.75
5559,0.75
5560,7.25
5561,4.25
5562,11.25
5563,-0.25
5564,12.25
5565,8.25
5566,-0.75
5567,0.25
5568,-0.25
5569,7.75
5570,0.75
5571,2.25
5572,12.25
5573,0.75
5574,10.25
5575,1.75
5576,1.25
5577,-0.75
5578,-0.75
5579,5.0
5580,-0.75
5581,11.5
5582,-0.25
5583,16.5
5584,-2.25
5585,6.75
5586,0.25
5587,-1.25
5588,-0.75
5589,6.75
5590,7.0
5591,10.25
5592,8.75
5593,-0.25
5594,-1.25
5595,-3.75
5596,1.75
5597,6.75
5598,1.75
5599,0.25
5600,-9.25
5601,0.75
5602,-11.25
5603,6.75
5604,0.75
5605,4.75
5606,6.25
5607,11.5
5608,-1.75
5609,0.25
5610,-0.75
5611,-0.25
5612,-12.25
5613,0.25
5614,13.0
5615,7.25
5616,-1.25
5617,-0.25
5618,4.25
5619,6.0
5620,5.75
5621,0.75
5622,3.5
5623,4.25
5624,1.0
5625,0.75
5626,-4.75
5627,2.75
5628,-3.25
5629,3.75
5630,2.0
5631,0.25
5632,20.75
5633,7.5
5634,5.75
5635,6.0
5636,0.25
5637,10.75
5638,9.5
5639,10.5
5640,6.25
5641,-2.25
5642,-1.25
5643,-8.75
5644,2.25
5645,4.25
5646,-0.25
5647,-7.75
5648,-2.75
5649,1.25
5650,0.75
5651,0.25
5652,-16.5
5653,0.75
5654,-1.25
5655,-0.75
5656,0.75
5657,9.0
5658,1.25
5659,2.25
5660,13.0
5661,-1.25
5662,-12.25
5663,0.25
5664,-0.25
5665,0.5
5666,7.25
5667,-2.25
5668,0.25
5669,7.25
5670,-4.25
5671,5.25
5672,-0.75
5673,-0.25
5674,0.75
5675,0.75
5676,-0.75
5677,-0.75
5678,10.25
5679,2.25
5680,0.75
5681,18.75
5682,0.75
5683,-0.25
5684,-5.25
5685,1.25
5686,1.75
5687,1.75
5688,-0.25
5689,1.25
5690,1.75
5691,3.5
5692,0.75
5693,-1.25
5694,-0.25
5695,5.25
5696,16.5
5697,2.25
5698,7.75
5699,3.25
5700,5.25
5701,-0.75
5702,4.25
5703,2.25
5704,-0.25
5705,2.25
5706,-16.25
5707,12.0
5708,3.25
5709,-0.25
5710,-0.75
5711,1.25
5712,0.75
5713,2.25
5714,-2.25
5715,7.25
5716,1.25
5717,-0.25
5718,7.75
5719,-0.25
5720,-0.75
5721,-0.25
5722,5.75
5723,9.5
5724,-0.75
5725,5.75
5726,1.25
5727,12.25
5728,-0.25
5729,0.75
5730,1.25
5731,-0.25
5732,-2.25
5733,-14.0
5734,-0.25
5735,0.75
5736,-6.25
5737,0.75
5738,-0.25
5739,12.5
5740,-2.25
5741,-0.25
5742,-0.75
5743,0.75
5744,3.25
5745,0.25
5746,0.75
5747,-0.75
5748,0.25
5749,9.0
5750,-0.25
5751,-1.25
5752,-0.75
5753,0.75
5754,4.25
5755,0.75
5756,-0.25
5757,6.75
5758,0.75
5759,0.75
5760,10.75
5761,8.25
5762,3.25
5763,7.75
5764,2.25
5765,0.25
5766,0.75
5767,4.75
5768,-0.75
5769,0.25
5770,-0.25
5771,-0.75
5772,12.75
5773,6.0
5774,1.25
5775,-0.25
5776,0.25
5777,6.25
5778,4.25
5779,-0.25
5780,-0.75
5781,10.0
5782,-0.75
5783,-0.25
5784,0.75
5785,1.75
5786,4.25
5787,9.25
5788,-0.25
5789,-0.75
5790,4.5
5791,-0.25
5792,2.25
5793,0.75
5794,-0.75
5795,-0.25
5796,-0.75
5797,7.0
5798,0.75
5799,7.75
5800,-0.25
5801,7.5
5802,14.25
5803,4.25
5804,4.75
5805,0.5
5806,6.75
5807,-3.75
5808,1.25
5809,1.75
5810,-1.25
5811,6.75
5812,0.75
5813,-0.75
5814,-1.75
5815,7.5
5816,-0.75
5817,-0.25
5818,6.75
5819,5.75
5820,-0.25
5821,12.5
5822,6.75
5823,0.5
5824,-0.75
5825,0.25
5826,6.25
5827,0.75
5828,9.0
5829,0.75
5830,-0.25
5831,0.25
5832,7.25
5833,0.75
5834,-0.75
5835,1.25
5836,-0.75
5837,-0.75
5838,0.25
5839,-0.75
5840,-0.25
5841,3.25
5842,-0.75
5843,12.75
5844,1.75
5845,2.25
5846,-0.75
5847,0.75
5848,9.0
5849,0.25
5850,1.25
5851,7.25
5852,-0.75
5853,6.25
5854,-16.75
5855,0.75
5856,1.25
5857,2.25
5858,8.0
5859,-3.5
5860,5.25
5861,-4.25
5862,14.0
5863,-1.75
5864,-0.25
5865,-1.25
5866,-0.25
5867,3.5
5868,-0.25
5869,-0.25
5870,-0.75
5871,0.75
5872,-0.25
5873,12.0
5874,6.5
5875,8.25
5876,0.75
5877,0.75
5878,-0.75
5879,3.25
5880,9.25
5881,13.0
5882,2.25
5883,-1.25
5884,0.75
5885,-6.0
5886,-0.25
5887,0.75
5888,7.0
5889,-0.25
5890,-0.25
5891,-1.0
5892,6.75
5893,4.75
5894,-0.25
5895,-0.25
5896,4.75
5897,-0.25
5898,0.25
5899,-1.25
5900,-0.25
5901,8.25
5902,9.25
5903,0.75
5904,-0.75
5905,-2.25
5906,2.75
5907,7.0
5908,0.75
5909,-2.25
5910,0.75
5911,-11.75
5912,-0.75
5913,4.25
5914,9.75
5915,7.75
5916,8.0
5917,0.25
5918,-8.0
5919,-0.25
5920,10.0
5921,-11.25
5922,-7.75
5923,-1.25
5924,8.5
5925,9.75
5926,18.0
5927,-1.25
5928,2.25
5929,0.75
5930,6.75
5931,-1.25
5932,-0.75
5933,-3.25
5934,1.25
5935,-0.75
5936,-18.5
5937,-0.25
5938,0.75
5939,-2.25
5940,-0.75
5941,12.0
5942,2.75
5943,2.75
5944,-0.75
5945,9.5
5946,1.25
5947,-0.25
5948,0.25
5949,-0.75
5950,-0.25
5951,-0.25
5952,1.75
5953,-16.0
5954,3.75
5955,-2.25
5956,-7.25
5957,2.25
5958,0.5
5959,2.75
5960,8.75
5961,-0.75
5962,1.75
5963,-0.75
5964,7.25
5965,13.0
5966,-12.5
5967,3.75
5968,11.25
5969,0.75
5970,-0.75
5971,-6.25
5972,-0.25
5973,2.25
5974,0.75
5975,0.25
5976,0.75
5977,4.25
5978,13.25
5979,4.25
5980,-1.25
5981,-0.25
5982,-0.25
5983,3.25
5984,1.75
5985,-1.25
5986,3.75
5987,-0.25
5988,-0.25
5989,-0.25
5990,2.25
5991,-0.25
5992,-0.25
5993,-1.25
5994,5.25
5995,3.25
5996,-0.75
5997,-0.25
5998,0.25
5999,11.75
6000,7.75
6001,3.75
6002,0.25
6003,-14.0
6004,-0.25
6005,-0.25
6006,0.75
6007,-0.75
6008,4.75
6009,-0.25
6010,0.25
6011,0.75
6012,0.75
6013,10.75
6014,1.25
6015,-0.25
6016,-1.25
6017,6.5
6018,0.75
6019,-2.25
6020,-0.75
6021,0.75
6022,0.25
6023,-1.25
6024,1.25
6025,-0.25
6026,8.75
6027,-0.25
6028,-0.25
6029,-0.25
6030,4.75
6031,-0.75
6032,0.25
6033,-0.25
6034,-0.75
6035,9.25
6036,0.25
6037,6.25
6038,5.25
6039,6.25
6040,9.25
6041,-0.5
6042,-0.75
6043,-0.25
6044,4.25
6045,-0.75
6046,2.25
6047,-0.75
6048,9.25
6049,2.25
6050,0.75
6051,4.25
6052,2.25
6053,0.75
6054,2.75
6055,-0.25
6056,7.25
6057,2.75
6058,0.25
6059,-6.25
6060,-0.25
6061,-0.25
6062,7.75
6063,0.75
6064,-0.25
6065,-0.75
6066,8.25
6067,-0.25
6068,0.75
6069,0.75
6070,9.25
6071,6.25
6072,7.5
6073,0.75
6074,6.75
6075,-0.75
6076,6.25
6077,7.75
6078,14.0
6079,-2.25
6080,0.75
6081,9.0
6082,-0.75
6083,-0.25
6084,-2.25
6085,-2.25
6086,6.75
6087,2.75
6088,-0.25
6089,-0.25
6090,-1.25
6091,-1.75
6092,4.75
6093,0.25
6094,-0.25
6095,0.25
6096,-0.75
6097,2.75
6098,5.25
6099,0.75
6100,0.75
6101,0.25
6102,0.75
6103,11.75
6104,-17.75
6105,0.75
6106,3.75
6107,1.25
6108,-0.75
6109,-0.25
6110,0.25
6111,-11.25
6112,-0.25
6113,0.25
6114,0.25
6115,2.75
6116,-1.25
6117,-0.25
6118,-0.75
6119,-9.25
6120,-2.75
6121,0.25
6122,2.25
6123,0.25
6124,6.5
6125,0.75
6126,-0.25
6127,0.25
6128,7.25
6129,-2.25
6130,2.25
6131,5.5
6132,-2.75
6133,0.75
6134,-0.75
6135,3.75
6136,0.75
6137,0.75
6138,-0.25
6139,5.75
6140,13.25
6141,15.5
6142,11.5
6143,0.75
6144,6.75
6145,5.25
6146,8.75
6147,10.0
6148,5.75
6149,-0.25
6150,1.25
6151,-1.25
6152,-2.75
6153,-0.25
6154,11.25
6155,8.75
6156,2.25
6157,0.75
6158,4.75
6159,4.25
6160,4.75
6161,-1.25
6162,4.25
6163,6.5
6164,-0.75
6165,12.5
6166,0.25
6167,-2.0
6168,-0.75
6169,1.25
6170,2.75
6171,5.75
6172,0.25
6173,-2.25
6174,0.75
6175,-0.75
6176,1.75
6177,0.25
6178,4.0
6179,0.25
6180,-0.75
6181,2.75
6182,1.75
6183,1.75
6184,3.25
6185,-7.25
6186,0.25
6187,0.25
6188,13.0
6189,4.75
6190,1.75
6191,8.75
6192,-2.25
6193,8.75
6194,3.75
6195,8.5
6196,10.5
6197,-17.75
6198,13.75
6199,4.75
6200,-0.25
6201,2.25
6202,6.0
6203,2.75
6204,1.25
6205,0.75
6206,5.5
6207,2.25
6208,-0.25
6209,-2.0
6210,3.25
6211,-0.25
6212,1.75
6213,-5.75
6214,-1.25
6215,5.25
6216,-2.25
6217,5.75
6218,3.75
6219,0.75
6220,-1.25
6221,5.75
6222,0.25
6223,-0.25
6224,8.5
6225,-0.25
6226,0.75
6227,-0.75
6228,-0.25
6229,1.75
6230,9.5
6231,0.25
6232,0.25
6233,-18.5
6234,-2.25
6235,0.75
6236,-0.25
6237,0.25
6238,-0.25
6239,-0.75
6240,6.75
6241,3.25
6242,-0.75
6243,2.25
6244,2.75
6245,-0.25
6246,-5.25
6247,-0.75
6248,-2.25
6249,-0.75
6250,0.25
6251,3.75
6252,-0.25
6253,-2.25
6254,-1.25
6255,4.25
6256,6.0
6257,4.75
6258,-0.75
6259,-0.25
6260,0.75
6261,5.75
6262,-1.25
6263,-0.25
6264,-0.75
6265,8.0
6266,0.75
6267,10.75
6268,-3.25
6269,-0.25
6270,4.0
6271,-0.25
6272,0.25
6273,-5.25
6274,-2.25
6275,-19.75
6276,-1.25
6277,-1.25
6278,12.5
6279,10.0
6280,6.25
6281,-0.25
6282,-0.25
6283,5.25
6284,0.25
6285,0.75
6286,9.75
6287,-1.25
6288,-0.25
6289,3.25
6290,-0.25
6291,-1.25
6292,6.75
6293,-0.25
6294,8.25
6295,-0.25
6296,-12.25
6297,-0.25
6298,1.25
6299,3.75
6300,-10.25
6301,11.5
6302,3.25
6303,-5.25
6304,8.75
6305,0.75
6306,2.25
6307,-4.25
6308,2.25
6309,8.0
6310,1.25
6311,-0.25
6312,6.75
6313,0.75
6314,1.25
6315,-0.25
6316,-0.25
6317,0.25
6318,-0.75
6319,-8.75
6320,0.25
6321,-0.75
6322,-0.75
6323,-0.25
6324,0.75
6325,0.75
6326,8.25
6327,0.25
6328,10.25
6329,11.5
6330,1.25
6331,9.5
6332,10.5
6333,4.75
6334,-0.75
6335,10.0
6336,0.75
6337,5.75
6338,1.75
6339,-1.25
6340,-13.25
6341,-0.75
6342,0.75
6343,0.25
6344,6.25
6345,-1.25
6346,-0.25
6347,-1.25
6348,0.75
6349,2.5
6350,5.75
6351,5.25
6352,11.5
6353,-0.75
6354,2.75
6355,-0.75
6356,-0.75
6357,-0.75
6358,3.75
6359,-0.25
6360,-0.75
6361,-0.25
6362,0.25
6363,3.75
6364,-6.0
6365,0.75
6366,-16.75
6367,4.75
6368,5.75
6369,0.75
6370,-0.75
6371,3.25
6372,0.75
6373,7.25
6374,10.0
6375,4.75
6376,8.0
6377,1.25
6378,-2.75
6379,-1.25
6380,5.75
6381,2.25
6382,-0.75
6383,-19.25
6384,-0.25
6385,0.75
6386,-0.25
6387,-13.75
6388,12.75
6389,-0.25
6390,2.75
6391,0.75
6392,-0.75
6393,-0.75
6394,-0.25
6395,-0.75
6396,1.25
6397,-0.25
6398,7.25
6399,-0.25
6400,0.75
6401,0.75
6402,-0.25
6403,0.25
6404,9.0
6405,2.75
6406,3.25
6407,-0.75
6408,9.5
6409,0.25
6410,5.0
6411,-0.25
6412,6.75
6413,8.25
6414,-0.25
6415,-0.25
6416,3.75
6417,-0.75
6418,-0.75
6419,1.25
6420,-0.25
6421,3.25
6422,3.75
6423,-0.25
6424,-0.25
6425,0.75
6426,0.75
6427,4.75
6428,0.75
6429,7.25
6430,-0.75
6431,-0.25
6432,13.5
6433,0.75
6434,14.25
6435,-0.25
6436,1.75
6437,3.25
6438,4.75
6439,-2.75
6440,0.25
6441,-4.25
6442,0.25
6443,-0.25
6444,7.75
6445,1.75
6446,-4.25
6447,-7.75
6448,1.75
6449,3.25
6450,-0.75
6451,2.25
6452,0.75
6453,-0.25
6454,-0.25
6455,4.75
6456,4.75
6457,0.25
6458,3.25
6459,-2.25
6460,9.25
6461,0.75
6462,-0.75
6463,2.75
6464,2.75
6465,-1.25
6466,0.75
6467,-3.25
6468,3.25
6469,-0.75
6470,8.25
6471,-0.75
6472,6.25
6473,-0.25
6474,-0.75
6475,-0.75
6476,5.75
6477,-1.25
6478,-0.25
6479,-12.25
6480,-2.75
6481,9.25
6482,1.25
6483,-5.25
6484,1.75
6485,0.25
6486,4.25
6487,-5.25
6488,2.25
6489,13.5
6490,-1.75
6491,-0.25
6492,7.25
6493,0.25
6494,11.25
6495,15.5
6496,-2.25
6497,-1.25
6498,2.75
6499,-1.25
6500,8.25
6501,-0.25
6502,3.25
6503,0.75
6504,6.5
6505,-0.25
6506,-0.75
6507,10.75
6508,-0.25
6509,4.75
6510,-0.25
6511,-19.25
6512,0.75
6513,6.25
6514,8.25
6515,-0.25
6516,-0.25
6517,4.75
6518,3.75
6519,0.25
6520,9.0
6521,8.75
6522,2.75
6523,-1.25
6524,-0.25
6525,11.5
6526,12.75
6527,-0.75
6528,0.75
6529,12.5
6530,0.75
6531,-0.75
6532,4.75
6533,0.75
6534,0.75
6535,-3.75
6536,1.25
6537,-9.75
6538,5.75
6539,9.75
6540,0.75
6541,-2.25
6542,4.25
6543,3.75
6544,4.75
6545,-3.75
6546,-1.25
6547,-3.5
6548,6.25
6549,6.75
6550,-0.75
6551,0.75
6552,-0.25
6553,0.75
6554,-0.25
6555,1.25
6556,1.25
6557,0.25
6558,-1.25
6559,9.25
6560,2.0
6561,7.0
6562,6.75
6563,6.75
6564,6.25
6565,0.25
6566,-0.75
6567,-0.25
6568,8.0
6569,1.25
6570,5.25
6571,-0.25
6572,3.25
6573,-13.75
6574,-0.75
6575,2.25
6576,-6.25
6577,-0.25
6578,3.75
6579,-0.25
6580,0.5
6581,0.75
6582,9.0
6583,0.75
6584,3.75
6585,-0.25
6586,6.25
6587,-0.25
6588,-0.25
6589,-0.25
6590,-11.25
6591,-1.25
6592,7.0
6593,10.75
6594,-0.25
6595,-0.75
6596,-0.75
6597,5.75
6598,7.0
6599,-17.25
6600,0.75
6601,10.5
6602,9.0
6603,4.25
6604,7.25
6605,-0.25
6606,-1.25
6607,3.75
6608,-2.25
6609,3.75
6610,-0.25
6611,7.75
6612,-0.75
6613,-0.75
6614,12.75
6615,6.25
6616,4.5
6617,-16.0
6618,-1.25
6619,4.25
6620,13.0
6621,-0.75
6622,7.75
6623,-0.25
6624,1.75
6625,6.25
6626,1.0
6627,-1.25
6628,-1.25
6629,10.25
6630,0.75
6631,-1.25
6632,12.25
6633,-0.25
6634,-0.25
6635,7.75
6636,-0.75
6637,13.25
6638,0.75
6639,-4.25
6640,14.75
6641,2.75
6642,0.75
6643,11.0
6644,-0.25
6645,-0.75
6646,1.75
6647,9.25
6648,6.75
6649,0.75
6650,2.75
6651,5.25
6652,5.75
6653,7.0
6654,9.75
6655,0.25
6656,-1.25
6657,-0.25
6658,-1.25
6659,-0.75
6660,6.25
6661,-5.75
6662,0.75
6663,-0.25
6664,3.5
6665,3.75
6666,1.75
6667,6.75
6668,0.75
6669,7.5
6670,18.5
6671,0.25
6672,-0.75
6673,12.5
6674,-7.75
6675,-0.75
6676,-0.25
6677,12.25
6678,6.75
6679,6.25
6680,0.25
6681,6.75
6682,1.25
6683,12.75
6684,-0.25
6685,7.0
6686,-0.25
6687,1.75
6688,0.75
6689,-0.25
6690,12.5
6691,5.25
6692,20.0
6693,-1.25
6694,7.75
6695,-0.75
6696,-0.75
6697,-0.75
6698,1.25
6699,-0.5
6700,-0.25
6701,10.5
6702,9.5
6703,2.75
6704,-0.75
6705,12.5
6706,3.75
6707,1.25
6708,3.75
6709,-25.25
6710,-9.0
6711,0.25
6712,2.75
6713,4.25
6714,-0.75
6715,1.75
6716,-0.25
6717,-0.25
6718,6.75
6719,-4.25
6720,0.25
6721,5.25
6722,6.5
6723,1.25
6724,1.25
6725,-0.25
6726,-0.25
6727,6.0
6728,4.75
6729,7.25
6730,30.25
6731,0.75
6732,5.0
6733,8.0
6734,4.25
6735,7.0
6736,3.25
6737,0.75
6738,-0.25
6739,5.25
6740,12.5
6741,3.75
6742,9.75
6743,12.5
6744,-0.25
6745,9.0
6746,10.25
6747,10.0
6748,2.25
6749,-7.75
6750,10.0
6751,-2.75
6752,5.25
6753,-9.25
6754,9.5
6755,-0.75
6756,1.75
6757,0.75
6758,-5.0
6759,-9.5
6760,7.75
6761,-3.5
6762,-0.25
6763,10.5
6764,13.0
6765,8.0
6766,-11.25
6767,-0.25
6768,0.75
6769,2.75
6770,-5.5
6771,-0.75
6772,0.75
6773,2.25
6774,-1.25
6775,-2.25
6776,16.0
6777,-6.25
6778,8.25
6779,13.25
6780,11.75
6781,4.25
6782,13.75
6783,0.25
6784,-20.25
6785,-3.25
6786,-0.75
6787,0.75
6788,0.25
6789,6.25
6790,6.0
6791,5.75
6792,-0.25
6793,10.5
6794,14.5
6795,13.0
6796,5.25
6797,-7.25
6798,-4.25
6799,0.25
6800,-0.25
6801,7.5
6802,11.75
6803,-2.25
6804,5.75
6805,4.75
6806,-0.75
6807,3.25
6808,13.5
6809,-5.75
6810,0.75
6811,9.0
6812,7.75
6813,-3.25
6814,0.75
6815,2.25
6816,7.75
6817,-5.25
6818,0.75
6819,5.75
6820,12.0
6821,1.25
6822,-0.25
6823,7.75
6824,0.25
6825,5.25
6826,-0.75
6827,4.25
6828,-0.25
6829,-4.25
6830,9.75
6831,4.75
6832,0.25
6833,9.0
6834,6.0
6835,14.25
6836,2.75
6837,5.25
6838,6.0
6839,-16.5
6840,-0.75
6841,-10.25
6842,13.0
6843,8.0
6844,13.25
6845,-0.25
6846,5.75
6847,-1.25
6848,3.0
6849,6.25
6850,-2.75
6851,-10.0
6852,2.5
6853,8.0
6854,2.25
6855,-8.25
6856,2.25
6857,-0.25
6858,4.75
6859,1.75
6860,10.25
6861,-6.25
6862,12.0
6863,2.75
6864,10.75
6865,-1.25
6866,4.75
6867,2.25
6868,-0.25
6869,19.0
6870,26.75
6871,-5.5
6872,-1.25
6873,9.25
6874,5.25
6875,0.75
6876,21.5
6877,0.75
6878,0.75
6879,-0.75
6880,-1.25
6881,2.25
6882,-2.5
6883,10.0
6884,14.0
6885,9.5
6886,-0.75
6887,2.25
6888,15.0
6889,10.25
6890,0.5
6891,-9.25
6892,13.5
6893,-0.75
6894,17.0
6895,8.75
6896,3.25
6897,0.75
6898,-5.25
6899,-1.25
6900,0.75
6901,-7.25
6902,9.0
6903,-2.25
6904,-5.25
6905,6.75
6906,0.25
6907,7.5
6908,-12.25
6909,0.25
6910,11.5
6911,17.0
6912,-0.75
6913,11.5
6914,-7.25
6915,-0.75
6916,1.75
6917,1.25
6918,7.75
6919,-11.75
6920,2.75
6921,1.75
6922,4.5
6923,-5.5
6924,0.25
6925,4.75
6926,-0.75
6927,-1.25
6928,8.5
6929,2.75
6930,10.5
6931,0.75
6932,11.0
6933,9.0
6934,16.0
6935,4.5
6936,-1.25
6937,-10.5
6938,-11.25
6939,-6.25
6940,6.75
6941,-0.25
6942,7.75
6943,4.25
6944,0.75
6945,-11.0
6946,0.75
6947,25.0
6948,-0.25
6949,-11.0
6950,4.75
6951,9.0
6952,4.75
6953,-11.0
6954,0.25
6955,11.25
6956,10.0
6957,-1.25
6958,5.25
6959,-0.25
6960,9.5
6961,2.75
6962,16.0
6963,6.5
6964,7.0
6965,5.25
6966,0.75
6967,-0.25
6968,8.0
6969,-2.25
6970,-7.25
6971,-3.25
6972,-1.25
6973,-0.75
6974,2.25
6975,-2.25
6976,-1.25
6977,-1.75
6978,11.5
6979,2.75
6980,11.5
6981,-0.25
6982,-2.25
6983,4.75
6984,0.75
6985,0.75
6986,8.5
6987,7.5
6988,0.75
6989,1.25
6990,4.75
6991,9.75
6992,-0.25
6993,2.25
6994,-1.25
6995,5.75
6996,5.75
6997,-3.25
6998,-0.75
6999,-0.25
7000,9.5
7001,-0.75
7002,-1.25
7003,-0.75
7004,5.0
7005,11.5
7006,0.25
7007,-0.75
7008,-0.75
7009,-12.5
7010,-0.25
7011,11.0
7012,-2.25
7013,14.5
7014,2.25
7015,0.25
7016,12.0
7017,-8.0
7018,8.75
7019,2.75
7020,-0.25
7021,-8.5
7022,11.25
7023,8.5
7024,-2.25
7025,11.0
7026,-1.25
7027,-0.75
7028,5.5
7029,-0.25
7030,12.0
7031,3.0
7032,1.75
7033,1.75
7034,5.0
7035,18.0
7036,11.0
7037,-9.5
7038,19.0
7039,8.25
7040,8.75
7041,6.25
7042,7.5
7043,4.75
7044,10.5
7045,1.25
7046,1.25
7047,0.75
7048,-1.25
7049,-6.5
7050,0.25
7051,9.0
7052,-5.5
7053,9.5
7054,-4.25
7055,9.5
7056,-5.25
7057,8.25
7058,1.25
7059,-13.0
7060,14.0
7061,7.25
7062,-2.25
7063,12.75
7064,11.25
7065,-1.75
7066,3.75
7067,11.25
7068,8.5
7069,6.5
7070,13.0
7071,0.75
7072,-0.25
7073,-0.25
7074,6.5
7075,4.25
7076,0.75
7077,11.0
7078,-0.75
7079,10.25
7080,-1.75
7081,7.25
7082,0.75
7083,-0.25
7084,3.5
7085,2.25
7086,11.0
7087,-0.25
7088,9.5
7089,10.0
7090,-13.0
7091,-6.5
7092,6.5
7093,5.25
7094,-2.25
7095,-4.25
7096,12.5
7097,13.5
7098,-28.5
7099,1.75
7100,-1.25
7101,0.75
7102,9.0
7103,-12.5
7104,-11.25
7105,7.75
7106,-14.25
7107,-2.25
7108,2.75
7109,1.25
7110,16.5
7111,-2.25
7112,1.75
7113,1.75
7114,9.0
7115,17.0
7116,10.5
7117,-0.25
7118,7.75
7119,9.5
7120,-0.25
7121,-0.25
7122,12.25
7123,6.25
7124,16.5
7125,0.25
7126,-0.75
7127,10.75
7128,3.75
7129,0.75
7130,0.25
7131,0.75
7132,-1.25
7133,0.75
7134,13.5
7135,4.25
7136,8.0
7137,8.75
7138,-0.75
7139,1.5
7140,9.75
7141,0.75
7142,0.75
7143,2.25
7144,0.25
7145,1.5
7146,-0.75
7147,5.5
7148,12.5
7149,-0.25
7150,5.0
7151,-4.25
7152,-0.25
7153,-2.75
7154,6.5
7155,-0.75
7156,7.0
7157,-0.75
7158,3.25
7159,8.75
7160,4.25
7161,-0.25
7162,-0.25
7163,0.75
7164,-0.25
7165,0.75
7166,-1.25
7167,-8.75
7168,12.25
7169,-0.75
7170,-0.75
7171,-0.25
7172,0.25
7173,0.75
7174,6.5
7175,0.75
7176,0.75
7177,0.75
7178,0.75
7179,3.75
7180,5.5
7181,-1.25
7182,7.75
7183,0.75
7184,-0.75
7185,2.75
7186,7.0
7187,-0.25
7188,-0.25
7189,-0.75
7190,5.75
7191,-6.5
7192,4.25
7193,7.25
7194,-1.25
7195,2.25
7196,0.75
7197,0.25
7198,-0.75
7199,1.25
7200,0.25
7201,-6.75
7202,-0.75
7203,17.75
7204,-0.25
7205,-3.0
7206,-0.25
7207,-0.75
7208,2.25
7209,7.75
7210,0.25
7211,9.5
7212,6.75
7213,7.75
7214,0.25
7215,-0.25
7216,0.75
7217,-6.75
7218,1.25
7219,0.25
7220,7.5
7221,-0.25
7222,2.25
7223,15.0
7224,-2.25
7225,-2.25
7226,13.5
7227,1.75
7228,8.0
7229,7.75
7230,-14.25
7231,8.0
7232,10.25
7233,-2.25
7234,0.75
7235,4.75
7236,-0.25
7237,-0.25
7238,0.25
7239,-0.25
7240,4.0
7241,9.5
7242,-0.75
7243,-0.75
7244,7.0
7245,12.5
7246,-2.25
7247,11.5
7248,2.75
7249,-0.25
7250,8.75
7251,-1.25
7252,-0.25
7253,7.25
7254,1.0
7255,-3.25
7256,-2.75
7257,0.25
7258,12.5
7259,12.25
7260,1.75
7261,0.75
7262,1.25
7263,-0.25
7264,1.75
7265,-2.0
7266,7.25
7267,-0.25
7268,1.25
7269,0.75
7270,-5.25
7271,12.5
7272,8.5
7273,5.25
7274,13.75
7275,3.0
7276,-1.25
7277,-0.25
7278,16.0
7279,7.75
7280,2.25
7281,1.75
7282,8.0
7283,13.5
7284,3.75
7285,6.25
7286,7.75
7287,21.0
7288,-0.25
7289,6.75
7290,10.0
7291,-0.25
7292,8.5
7293,9.5
7294,-0.25
7295,16.0
7296,-0.75
7297,4.25
7298,7.5
7299,-0.25
7300,4.0
7301,-13.75
7302,-2.25
7303,6.75
7304,5.75
7305,13.5
7306,-0.25
7307,-1.25
7308,4.0
7309,6.75
7310,4.75
7311,19.0
7312,2.25
7313,16.5
7314,0.75
7315,1.75
7316,9.25
7317,0.75
7318,0.75
7319,3.75
7320,10.5
7321,16.0
7322,-0.25
7323,5.75
7324,-1.25
7325,-0.75
7326,-3.25
7327,7.25
7328,-3.25
7329,10.0
7330,-0.25
7331,10.5
7332,14.75
7333,-1.25
7334,9.75
7335,9.5
7336,3.75
7337,9.0
7338,12.5
7339,-3.75
7340,0.75
7341,6.0
7342,4.75
7343,15.5
7344,0.25
7345,6.75
7346,10.5
7347,0.75
7348,0.25
7349,-3.75
7350,-17.25
7351,0.25
7352,2.5
7353,-0.25
7354,-0.25
7355,-0.75
7356,13.0
7357,-0.75
7358,-0.25
7359,12.5
7360,9.75
7361,6.5
7362,6.75
7363,-0.25
7364,-0.75
7365,-0.25
7366,7.25
7367,-0.25
7368,15.0
7369,18.5
7370,-0.25
7371,-1.25
7372,-4.25
7373,-0.75
7374,7.0
7375,0.25
7376,9.75
7377,-0.25
7378,9.5
7379,6.0
7380,-0.75
7381,8.75
7382,-0.25
7383,-2.25
7384,3.75
7385,14.0
7386,9.0
7387,-9.25
7388,7.25
7389,6.0
7390,5.0
7391,11.0
7392,9.5
7393,-6.25
7394,1.0
7395,8.25
7396,-10.75
7397,4.25
7398,12.5
7399,11.25
7400,0.75
7401,8.5
7402,9.0
7403,-11.25
7404,6.5
7405,-7.25
7406,9.75
7407,18.25
7408,-0.25
7409,10.5
7410,8.0
7411,9.5
7412,12.5
7413,-7.75
7414,-10.5
7415,10.5
7416,2.25
7417,-1.25
7418,2.25
7419,4.25
7420,5.5
7421,5.75
7422,4.75
7423,10.5
7424,-2.75
7425,0.75
7426,-1.25
7427,7.25
7428,1.75
7429,6.0
7430,-0.25
7431,-5.0
7432,-2.25
7433,14.5
7434,-14.0
7435,15.5
7436,11.75
7437,2.25
7438,-4.25
7439,9.0
7440,6.0
7441,-22.25
7442,-3.5
7443,-0.25
7444,-0.25
7445,-15.5
7446,0.5
7447,14.0
7448,-4.0
7449,-2.75
7450,9.75
7451,-0.25
7452,9.0
7453,-6.5
7454,3.0
7455,5.5
7456,5.75
7457,-9.0
7458,11.75
7459,8.75
7460,-1.25
7461,4.75
7462,0.75
7463,-0.25
7464,8.5
7465,-1.25
7466,-0.25
7467,10.5
7468,12.0
7469,9.75
7470,14.5
7471,0.75
7472,8.5
7473,3.25
7474,7.75
7475,-0.25
7476,-0.25
7477,-7.25
7478,-10.25
7479,5.75
7480,6.0
7481,-1.25
7482,0.5
7483,15.0
7484,-11.5
7485,-9.75
7486,13.25
7487,-13.0
7488,16.5
7489,10.0
7490,12.0
7491,7.5
7492,2.75
7493,-2.25
7494,4.75
7495,-0.25
7496,0.75
7497,7.25
7498,11.75
7499,1.75
7500,-0.25
7501,0.75
7502,-4.25
7503,10.5
7504,7.25
7505,3.25
7506,13.75
7507,4.25
7508,-0.75
7509,0.75
7510,0.25
7511,12.0
7512,-12.5
7513,-0.25
7514,0.25
7515,0.25
7516,10.25
7517,-0.75
7518,-0.75
7519,4.75
7520,9.75
7521,-0.25
7522,2.0
7523,10.25
7524,0.25
7525,-0.25
7526,8.0
7527,-0.75
7528,-2.25
7529,2.25
7530,-0.25
7531,-5.5
7532,-3.75
7533,7.0
7534,1.25
7535,-1.25
7536,1.25
7537,-0.25
7538,16.25
7539,0.25
7540,-0.25
7541,-1.25
7542,-0.75
7543,-0.75
7544,-0.75
7545,-0.75
7546,-0.25
7547,2.75
7548,9.75
7549,0.75
7550,0.75
7551,12.25
7552,3.75
7553,0.75
7554,0.5
7555,10.75
7556,-1.25
7557,-0.75
7558,13.75
7559,-0.75
7560,12.5
7561,-1.25
7562,13.25
7563,0.75
7564,-0.25
7565,1.25
7566,-1.0
7567,0.75
7568,0.25
7569,9.5
7570,7.25
7571,0.75
7572,6.5
7573,0.25
7574,8.75
7575,5.25
7576,0.25
7577,-0.25
7578,-0.25
7579,0.25
7580,12.5
7581,-0.75
7582,-0.75
7583,8.0
7584,10.0
7585,22.5
7586,-16.25
7587,3.75
7588,9.5
7589,-6.75
7590,5.5
7591,-13.0
7592,0.75
7593,2.25
7594,-2.25
7595,6.0
7596,-2.75
7597,-2.25
7598,8.75
7599,0.25
7600,3.75
7601,9.25
7602,-2.25
7603,1.75
7604,6.75
7605,10.25
7606,0.75
7607,11.25
7608,-0.25
7609,2.75
7610,1.25
7611,7.0
7612,3.0
7613,4.5
7614,4.25
7615,-1.25
7616,-5.5
7617,-0.75
7618,-0.75
7619,-6.25
7620,-0.75
7621,8.5
7622,8.25
7623,10.5
7624,-7.5
7625,9.25
7626,-0.75
7627,5.75
7628,-4.25
7629,7.5
7630,0.75
7631,-0.25
7632,-0.75
7633,8.25
7634,10.5
7635,-0.75
7636,6.75
7637,2.75
7638,-0.25
7639,-0.75
7640,0.75
7641,6.5
7642,-6.25
7643,8.5
7644,-0.75
7645,7.25
7646,-0.25
7647,12.0
7648,8.0
7649,-1.25
7650,2.25
7651,0.75
7652,16.5
7653,-0.25
7654,13.0
7655,11.0
7656,-2.25
7657,-0.25
7658,2.0
7659,6.0
7660,10.0
7661,9.5
7662,1.75
7663,-0.25
7664,-0.25
7665,6.5
7666,-3.5
7667,-6.5
7668,7.75
7669,14.5
7670,-0.75
7671,4.75
7672,-0.75
7673,2.75
7674,-11.25
7675,6.75
7676,-1.0
7677,-13.25
7678,-0.25
7679,7.5
7680,7.5
7681,-0.75
7682,-0.75
7683,6.25
7684,7.75
7685,6.5
7686,11.0
7687,1.75
7688,-2.25
7689,-6.25
7690,2.5
7691,2.75
7692,-0.25
7693,0.75
7694,10.25
7695,1.25
7696,0.75
7697,0.25
7698,17.5
7699,0.75
7700,-15.75
7701,11.0
7702,0.75
7703,-0.75
7704,-0.25
7705,-0.75
7706,8.25
7707,-0.25
7708,5.25
7709,5.25
7710,0.75
7711,-0.25
7712,1.75
7713,0.75
7714,8.0
7715,0.25
7716,-0.75
7717,7.25
7718,14.0
7719,7.0
7720,6.75
7721,-0.75
7722,11.75
7723,6.75
7724,0.75
7725,-0.75
7726,8.25
7727,-0.25
7728,1.75
7729,-0.25
7730,-0.25
7731,7.25
7732,-0.75
7733,17.5
7734,9.0
7735,-0.25
7736,13.25
7737,9.0
7738,-0.25
7739,8.25
7740,5.25
7741,-0.25
7742,0.75
7743,-0.25
7744,10.0
7745,12.0
7746,-1.5
7747,11.0
7748,4.5
7749,-0.25
7750,-6.25
7751,9.5
7752,1.75
7753,12.5
7754,11.5
7755,-0.25
7756,12.5
7757,11.0
7758,-0.25
7759,-3.25
7760,7.5
7761,0.25
7762,16.0
7763,0.75
7764,0.75
7765,3.5
7766,11.75
7767,7.75
7768,-0.75
7769,-1.25
7770,-0.75
7771,16.5
7772,-1.25
7773,1.75
7774,8.0
7775,4.25
7776,-3.25
7777,0.75
7778,6.5
7779,-0.25
7780,7.0
7781,1.75
7782,-2.25
7783,-0.25
7784,-0.25
7785,-1.25
7786,-0.75
7787,4.75
7788,1.25
7789,0.25
7790,10.5
7791,9.0
7792,-9.5
7793,-3.25
7794,-15.5
7795,5.0
7796,-0.75
7797,10.0
7798,9.0
7799,14.0
7800,12.5
7801,4.25
7802,10.5
7803,19.0
7804,0.75
7805,6.5
7806,13.5
7807,2.25
7808,12.25
7809,-2.25
7810,-6.5
7811,0.25
7812,10.5
7813,9.0
7814,-0.25
7815,8.5
7816,8.25
7817,8.0
7818,-6.25
7819,0.75
7820,7.0
7821,5.75
7822,-0.75
7823,7.25
7824,4.25
7825,-0.25
7826,-0.75
7827,0.25
7828,1.75
7829,4.25
7830,4.25
7831,-0.25
7832,1.75
7833,0.75
7834,-0.75
7835,-0.25
7836,-7.0
7837,-0.25
7838,9.5
7839,2.75
7840,-0.25
7841,0.75
7842,6.25
7843,10.5
7844,8.25
7845,2.25
7846,-0.25
7847,8.0
7848,-0.25
7849,-0.25
7850,-0.25
7851,4.5
7852,1.25
7853,0.25
7854,4.0
7855,-1.25
7856,6.75
7857,1.75
7858,6.25
7859,4.5
7860,-0.25
7861,2.25
7862,0.75
7863,0.75
7864,13.5
7865,-17.25
7866,-0.25
7867,12.5
7868,-0.75
7869,0.25
7870,5.75
7871,-1.25
7872,6.75
7873,8.0
7874,-0.25
7875,8.5
7876,-0.75
7877,0.75
7878,2.75
7879,3.75
7880,6.0
7881,11.25
7882,-0.25
7883,4.25
7884,0.75
7885,0.25
7886,9.75
7887,3.0
7888,-0.75
7889,14.75
7890,-0.75
7891,-1.25
7892,-1.25
7893,-0.75
7894,10.25
7895,12.75
7896,2.75
7897,9.0
7898,0.75
7899,-7.75
7900,6.5
7901,-2.75
7902,-0.75
7903,-1.0
7904,6.0
7905,0.75
7906,3.75
7907,10.0
7908,9.75
7909,7.5
7910,8.0
7911,-19.0
7912,8.5
7913,2.75
7914,7.0
7915,-0.25
7916,10.5
7917,2.75
7918,9.5
7919,0.25
7920,-0.75
7921,-4.25
7922,-13.75
7923,10.75
7924,10.25
7925,0.25
7926,2.75
7927,-2.25
7928,0.75
7929,7.5
7930,-0.25
7931,10.0
7932,9.75
7933,-0.75
7934,0.25
7935,16.5
7936,5.75
7937,9.0
7938,9.5
7939,7.25
7940,-5.25
7941,-0.75
7942,1.75
7943,8.0
7944,-0.25
7945,17.25
7946,3.25
7947,-5.25
7948,1.25
7949,8.75
7950,-0.25
7951,1.75
7952,-0.75
7953,8.75
7954,1.75
7955,2.75
7956,-0.25
7957,5.25
7958,-0.75
7959,0.25
7960,-0.25
7961,5.75
7962,-0.75
7963,9.75
7964,2.75
7965,2.75
7966,-0.25
7967,0.75
7968,10.0
7969,-0.25
7970,-1.25
7971,11.5
7972,11.0
7973,4.25
7974,10.0
7975,-0.25
7976,-2.75
7977,3.75
7978,-5.75
7979,0.75
7980,-0.75
7981,-0.75
7982,0.75
7983,-0.25
7984,0.75
7985,8.0
7986,8.75
7987,18.5
7988,10.75
7989,-0.75
7990,-0.25
7991,8.25
7992,-0.25
7993,7.5
7994,8.5
7995,1.75
7996,-1.25
7997,6.75
7998,14.5
7999,9.25
8000,6.25
8001,-0.25
8002,8.25
8003,1.75
8004,-0.75
8005,1.25
8006,6.5
8007,-10.5
8008,3.75
8009,-0.25
8010,4.25
8011,7.25
8012,-1.25
8013,-25.25
8014,0.75
8015,9.0
8016,-0.25
8017,1.75
8018,0.75
8019,0.75
8020,5.75
8021,1.75
8022,-1.25
8023,7.75
8024,7.25
8025,-0.75
8026,-0.25
8027,8.25
8028,-2.75
8029,8.0
8030,-0.25
8031,2.75
8032,4.25
8033,-0.25
8034,9.0
8035,0.25
8036,-0.25
8037,6.75
8038,8.0
8039,0.25
8040,0.75
8041,6.0
8042,9.0
8043,7.75
8044,-0.75
8045,0.75
8046,-0.25
8047,-0.25
8048,2.75
8049,-6.0
8050,-0.25
8051,-12.75
8052,9.75
8053,-0.75
8054,-3.5
8055,-2.25
8056,3.5
8057,6.25
8058,-0.75
8059,0.25
8060,3.25
8061,-2.25
8062,0.25
8063,-10.0
8064,4.25
8065,10.75
8066,-0.25
8067,1.75
8068,6.75
8069,-1.25
8070,12.5
8071,-0.75
8072,-0.75
8073,6.75
8074,1.75
8075,8.5
8076,2.75
8077,3.25
8078,0.25
8079,-1.75
8080,0.75
8081,0.25
8082,-0.75
8083,3.5
8084,4.25
8085,0.75
8086,2.75
8087,2.75
8088,0.75
8089,-12.5
8090,1.25
8091,-0.75
8092,6.75
8093,-0.25
8094,9.5
8095,0.75
8096,8.25
8097,3.25
8098,0.75
8099,-0.25
8100,15.25
8101,0.25
8102,0.75
8103,2.25
8104,6.25
8105,8.0
8106,-0.75
8107,8.5
8108,-2.25
8109,14.0
8110,-0.25
8111,3.25
8112,7.75
8113,5.75
8114,-2.25
8115,0.25
8116,-0.25
8117,4.25
8118,-1.25
8119,1.25
8120,-4.25
8121,-0.25
8122,-0.75
8123,-0.75
8124,5.0
8125,2.75
8126,5.75
8127,-0.25
8128,0.25
8129,1.25
8130,3.25
8131,12.0
8132,8.5
8133,0.75
8134,2.75
8135,8.0
8136,6.75
8137,4.5
8138,-0.25
8139,13.0
8140,0.25
8141,-0.25
8142,9.25
8143,2.25
8144,3.5
8145,-8.5
8146,-1.25
8147,12.0
8148,3.25
8149,-1.25
8150,-11.5
8151,2.25
8152,17.5
8153,2.75
8154,6.75
8155,-0.25
8156,9.5
8157,-2.25
8158,-1.75
8159,11.25
8160,1.75
8161,5.25
8162,0.25
8163,0.75
8164,0.75
8165,7.75
8166,10.25
8167,13.5
8168,-3.0
8169,-4.75
8170,0.75
8171,10.5
8172,-13.75
8173,10.5
8174,21.0
8175,11.5
8176,9.5
8177,12.75
8178,6.75
8179,15.25
8180,5.0
8181,8.25
8182,16.5
8183,-0.25
8184,-0.25
8185,11.5
8186,-12.25
8187,8.0
8188,25.75
8189,5.25
8190,-0.75
8191,-0.25
8192,-0.25
8193,8.5
8194,-12.25
8195,4.75
8196,2.25
8197,2.75
8198,3.5
8199,0.25
8200,11.0
8201,4.5
8202,0.75
8203,2.25
8204,-1.25
8205,1.5
8206,-6.5
8207,8.25
8208,8.0
8209,6.25
8210,-0.25
8211,6.25
8212,-0.75
8213,-0.25
8214,5.25
8215,7.0
8216,19.75
8217,4.25
8218,-0.25
8219,-5.75
8220,6.75
8221,12.0
8222,0.75
8223,14.0
8224,1.75
8225,-0.25
8226,7.5
8227,0.25
8228,10.75
8229,6.75
8230,6.5
8231,5.75
8232,0.25
8233,-0.25
8234,-1.75
8235,0.25
8236,-0.75
8237,1.75
8238,18.75
8239,-9.0
8240,1.75
8241,9.0
8242,8.0
8243,-5.25
8244,-0.25
8245,8.5
8246,-2.25
8247,1.75
8248,-0.25
8249,4.25
8250,12.0
8251,3.75
8252,3.25
8253,-2.5
8254,4.75
8255,5.75
8256,4.5
8257,-4.75
8258,10.0
8259,6.25
8260,11.0
8261,8.5
8262,-2.0
8263,-10.5
8264,8.75
8265,11.0
8266,6.75
8267,-13.0
8268,1.75
8269,0.25
8270,-0.25
8271,11.0
8272,8.25
8273,13.5
8274,10.5
8275,-10.75
8276,4.25
8277,-9.0
8278,18.0
8279,0.75
8280,11.5
8281,4.75
8282,6.75
8283,-11.25
8284,-0.25
8285,10.0
8286,18.0
8287,5.25
8288,10.5
8289,9.0
8290,9.5
8291,0.75
8292,14.0
8293,12.0
8294,8.0
8295,9.5
8296,1.0
8297,14.0
8298,-1.25
8299,-3.25
8300,-9.0
8301,0.75
8302,8.25
8303,15.0
8304,10.0
8305,0.75
8306,3.25
8307,0.75
8308,-12.5
8309,11.5
8310,12.5
8311,8.75
8312,-14.0
8313,-0.75
8314,3.75
8315,9.5
8316,12.0
8317,12.5
8318,-1.25
8319,1.0
8320,0.75
8321,3.25
8322,-4.25
8323,-0.75
8324,6.25
8325,-0.75
8326,12.25
8327,4.25
8328,10.0
8329,-4.25
8330,10.5
8331,-0.25
8332,0.25
8333,15.5
8334,10.0
8335,-0.25
8336,9.25
8337,9.25
8338,-9.75
8339,-21.0
8340,3.75
8341,-0.75
8342,5.75
8343,6.25
8344,7.75
8345,3.75
8346,0.75
8347,4.5
8348,7.75
8349,5.25
8350,9.5
8351,-0.25
8352,0.75
8353,1.25
8354,0.75
8355,0.75
8356,5.0
8357,-16.0
8358,12.0
8359,-2.25
8360,2.75
8361,2.75
8362,0.25
8363,11.5
8364,8.5
8365,6.75
8366,8.25
8367,-0.25
8368,5.75
8369,1.25
8370,-1.25
8371,-0.75
8372,6.5
8373,11.75
8374,1.75
8375,10.0
8376,3.75
8377,7.25
8378,1.75
8379,12.0
8380,-0.75
8381,8.0
8382,-13.5
8383,-0.75
8384,-4.25
8385,-11.0
8386,12.25
8387,7.25
8388,-0.75
8389,0.25
8390,10.5
8391,-2.25
8392,-1.25
8393,15.5
8394,-0.75
8395,6.75
8396,-1.25
8397,8.75
8398,1.25
8399,10.75
8400,9.5
8401,-0.25
8402,2.75
8403,6.25
8404,-1.75
8405,10.75
8406,10.25
8407,-20.25
8408,11.25
8409,-0.25
8410,0.25
8411,8.0
8412,2.5
8413,0.25
8414,1.25
8415,9.25
8416,2.25
8417,5.25
8418,0.75
8419,1.75
8420,4.0
8421,8.25
8422,10.75
8423,5.25
8424,-8.25
8425,6.75
8426,2.75
8427,6.5
8428,-0.25
8429,8.5
8430,2.25
8431,2.25
8432,3.75
8433,4.25
8434,0.75
8435,-2.25
8436,-0.25
8437,-2.25
8438,1.75
8439,29.75
8440,12.0
8441,11.25
8442,1.25
8443,16.5
8444,2.25
8445,-0.75
8446,4.75
8447,0.25
8448,6.0
8449,-10.5
8450,0.25
8451,1.25
8452,3.5
8453,2.75
8454,5.25
8455,2.75
8456,-3.75
8457,-3.5
8458,-2.25
8459,-0.25
8460,16.5
8461,-0.25
8462,-2.0
8463,9.25
8464,12.0
8465,4.75
8466,7.75
8467,1.25
8468,8.5
8469,11.5
8470,11.5
8471,7.75
8472,9.0
8473,13.5
8474,1.25
8475,-0.25
8476,-0.25
8477,0.25
8478,-0.75
8479,-0.25
8480,0.75
8481,-0.25
8482,-0.75
8483,14.0
8484,10.0
8485,0.75
8486,5.25
8487,0.25
8488,-0.25
8489,-0.25
8490,12.5
8491,12.5
8492,-8.75
8493,0.75
8494,-1.25
8495,9.75
8496,0.75
8497,4.75
8498,5.25
8499,2.75
8500,-0.25
8501,2.25
8502,-0.75
8503,1.25
8504,7.75
8505,3.75
8506,-4.0
8507,11.5
8508,8.75
8509,11.0
8510,-0.25
8511,9.75
8512,-4.25
8513,13.5
8514,4.5
8515,3.75
8516,0.25
8517,-5.25
8518,-0.75
8519,8.5
8520,2.25
8521,-8.5
8522,22.5
8523,2.25
8524,14.0
8525,2.75
8526,-13.0
8527,-1.5
8528,1.25
8529,4.75
8530,2.25
8531,6.25
8532,13.5
8533,-9.0
8534,7.75
8535,-6.0
8536,8.25
8537,-4.75
8538,-1.25
8539,7.25
8540,-2.5
8541,0.75
8542,4.5
8543,-31.0
8544,11.5
8545,3.25
8546,8.5
8547,0.25
8548,14.0
8549,2.5
8550,6.5
8551,-4.25
8552,13.5
8553,-3.25
8554,7.25
8555,-2.5
8556,10.0
8557,0.75
8558,3.5
8559,-7.5
8560,-0.75
8561,17.0
8562,-3.25
8563,-5.25
8564,0.75
8565,12.0
8566,-2.0
8567,8.75
8568,9.5
8569,7.75
8570,5.0
8571,0.75
8572,3.25
8573,-0.75
8574,0.75
8575,3.0
8576,0.25
8577,-5.25
8578,19.5
8579,-0.25
8580,0.25
8581,11.0
8582,-2.5
8583,-1.75
8584,6.5
8585,8.75
8586,-2.25
8587,20.75
8588,-4.75
8589,0.75
8590,-14.0
8591,1.75
8592,5.75
8593,7.75
8594,3.75
8595,-1.25
8596,-6.5
8597,0.25
8598,-5.25
8599,-0.75
8600,-13.75
8601,4.5
8602,-5.25
8603,3.25
8604,7.25
8605,0.75
8606,6.5
8607,2.75
8608,6.25
8609,19.0
8610,16.5
8611,8.5
8612,0.75
8613,0.75
8614,10.25
8615,6.25
8616,0.25
8617,-0.25
8618,13.25
8619,7.25
8620,11.25
8621,0.75
8622,-1.25
8623,-8.75
8624,-7.25
8625,5.75
8626,7.25
8627,0.75
8628,-11.5
8629,9.75
8630,-1.25
8631,6.25
8632,-2.25
8633,-0.25
8634,5.25
8635,9.0
8636,3.25
8637,2.25
8638,3.0
8639,10.75
8640,0.75
8641,-0.25
8642,3.75
8643,-0.75
8644,2.25
8645,-2.25
8646,12.0
8647,4.25
8648,-0.75
8649,8.5
8650,2.25
8651,-0.75
8652,-0.25
8653,1.75
8654,2.25
8655,-0.75
8656,11.75
8657,1.75
8658,0.75
8659,7.25
8660,0.75
8661,7.75
8662,4.75
8663,4.25
8664,-0.25
8665,8.75
8666,-0.75
8667,15.5
8668,-14.25
8669,-0.75
8670,-6.75
8671,-0.75
8672,1.75
8673,3.75
8674,0.75
8675,3.25
8676,0.75
8677,9.25
8678,6.5
8679,-0.25
8680,0.25
8681,0.75
8682,10.0
8683,12.75
8684,3.25
8685,10.5
8686,11.0
8687,-0.25
8688,-0.75
8689,7.75
8690,-0.25
8691,0.25
8692,-0.75
8693,0.75
8694,3.25
8695,0.25
8696,7.0
8697,-2.25
8698,-3.25
8699,-10.75
8700,-3.25
8701,-0.25
8702,7.75
8703,0.25
8704,-0.75
8705,0.25
8706,-0.25
8707,-1.25
8708,0.25
8709,-0.25
8710,-0.25
8711,-0.75
8712,-0.25
8713,-10.25
8714,0.75
8715,-0.25
8716,0.25
8717,1.25
8718,0.75
8719,4.25
8720,-0.25
8721,0.75
8722,1.75
8723,-2.25
8724,6.5
8725,-0.25
8726,8.75
8727,-4.75
8728,-1.25
8729,0.75
8730,-0.25
8731,6.25
8732,0.25
8733,5.75
8734,-1.25
8735,-0.25
8736,0.75
8737,10.0
8738,0.75
8739,-0.75
8740,12.5
8741,7.75
8742,6.25
8743,6.75
8744,2.25
8745,7.0
8746,2.75
8747,1.75
8748,-1.25
8749,0.25
8750,-1.25
8751,13.25
8752,-2.25
8753,5.75
8754,6.75
8755,6.5
8756,10.0
8757,8.25
8758,1.75
8759,7.75
8760,-0.25
8761,14.25
8762,0.75
8763,0.75
8764,-2.25
8765,-0.75
8766,1.75
8767,4.5
8768,-0.75
8769,-0.75
8770,10.5
8771,-0.75
8772,9.5
8773,9.25
8774,2.75
8775,9.5
8776,6.0
8777,18.5
8778,4.25
8779,6.5
8780,-0.75
8781,3.5
8782,-0.75
8783,-0.75
8784,-0.75
8785,-2.0
8786,3.25
8787,-11.25
8788,14.5
8789,-0.25
8790,-0.25
8791,-1.25
8792,0.5
8793,0.25
8794,-0.25
8795,12.5
8796,7.25
8797,0.25
8798,-3.25
8799,-0.25
8800,1.75
8801,-0.25
8802,6.0
8803,2.25
8804,-27.0
8805,15.5
8806,6.0
8807,0.75
8808,9.5
8809,0.75
8810,1.25
8811,0.75
8812,0.25
8813,-0.75
8814,6.25
8815,8.5
8816,2.75
8817,6.75
8818,12.5
8819,-0.25
8820,0.75
8821,2.25
8822,6.75
8823,3.75
8824,4.75
8825,-3.25
8826,-2.75
8827,5.25
8828,8.5
8829,4.5
8830,-0.75
8831,11.5
8832,-7.75
8833,11.0
8834,-2.25
8835,12.75
8836,-29.25
8837,5.25
8838,1.75
8839,-0.25
8840,-5.25
8841,-11.25
8842,4.75
8843,11.75
8844,-0.75
8845,0.25
8846,10.0
8847,2.25
8848,0.75
8849,1.75
8850,1.75
8851,-0.25
8852,-1.25
8853,8.0
8854,10.5
8855,2.25
8856,4.75
8857,-0.25
8858,10.25
8859,-6.25
8860,0.25
8861,-1.25
8862,12.25
8863,3.75
8864,0.75
8865,0.75
8866,1.25
8867,-0.25
8868,-5.25
8869,-3.75
8870,-0.75
8871,-0.25
8872,-16.25
8873,-1.25
8874,7.5
8875,-0.75
8876,-1.25
8877,14.5
8878,13.75
8879,4.5
8880,-2.25
8881,8.25
8882,-0.25
8883,4.25
8884,-0.75
8885,-1.75
8886,-0.25
8887,6.75
8888,-8.25
8889,11.5
8890,0.25
8891,-8.75
8892,9.25
8893,-0.25
8894,-0.25
8895,9.75
8896,-10.25
8897,-0.25
8898,2.25
8899,11.0
8900,-2.25
8901,-3.25
8902,-0.25
8903,0.75
8904,-1.25
8905,-13.0
8906,-0.25
8907,-0.75
8908,1.75
8909,7.25
8910,0.25
8911,-0.25
8912,3.75
8913,0.5
8914,0.25
8915,-0.25
8916,-1.25
8917,9.75
8918,5.75
8919,0.75
8920,9.25
8921,6.75
8922,-11.25
8923,0.75
8924,-0.25
8925,6.75
8926,-1.25
8927,-1.25
8928,4.5
8929,6.25
8930,-0.75
8931,-0.75
8932,-19.0
8933,6.0
8934,-0.25
8935,0.75
8936,0.75
8937,0.75
8938,0.25
8939,5.75
8940,12.5
8941,-0.25
8942,8.0
8943,-0.75
8944,2.25
8945,0.25
8946,19.0
8947,4.25
8948,-0.75
8949,-1.25
8950,6.75
8951,0.75
8952,-0.25
8953,0.25
8954,-0.25
8955,-0.75
8956,6.25
8957,9.75
8958,11.0
8959,-1.25
8960,4.75
8961,-0.25
8962,0.25
8963,9.0
8964,-0.25
8965,-0.25
8966,-0.75
8967,-0.25
8968,2.25
8969,-0.75
8970,6.75
8971,-0.25
8972,10.75
8973,-0.75
8974,16.5
8975,5.75
8976,-0.25
8977,0.75
8978,-0.25
8979,0.25
8980,-3.25
8981,9.5
8982,-0.75
8983,-1.25
8984,-1.25
8985,0.75
8986,-0.25
8987,5.75
8988,9.75
8989,2.25
8990,15.5
8991,-0.25
8992,-1.25
8993,-0.75
8994,6.0
8995,0.25
8996,-1.25
8997,-0.25
8998,2.75
8999,-0.75
9000,5.5
9001,9.75
9002,-0.25
9003,-2.5
9004,-0.25
9005,-0.75
9006,15.75
9007,-0.25
9008,3.75
9009,0.75
9010,0.75
9011,1.25
9012,-2.25
9013,0.75
9014,-0.25
9015,0.75
9016,3.25
9017,10.25
9018,-1.25
9019,12.0
9020,6.0
9021,0.75
9022,-0.25
9023,-1.25
9024,4.75
9025,-10.5
9026,-0.25
9027,-0.25
9028,8.5
9029,6.5
9030,0.25
9031,-9.0
9032,9.0
9033,14.0
9034,7.75
9035,13.0
9036,11.5
9037,-0.25
9038,-0.25
9039,-0.25
9040,4.5
9041,0.75
9042,-4.75
9043,0.75
9044,0.25
9045,9.5
9046,-0.75
9047,-0.25
9048,-14.0
9049,0.25
9050,10.75
9051,-0.75
9052,14.0
9053,-2.25
9054,-0.25
9055,-8.0
9056,2.25
9057,2.25
9058,0.75
9059,-0.75
9060,-0.75
9061,-0.75
9062,0.75
9063,20.5
9064,12.0
9065,0.75
9066,-0.75
9067,1.75
9068,4.75
9069,13.5
9070,13.5
9071,10.0
9072,11.0
9073,7.25
9074,-3.25
9075,2.75
9076,16.0
9077,3.75
9078,-2.25
9079,0.75
9080,-0.75
9081,10.25
9082,11.25
9083,-0.25
9084,-0.75
9085,1.75
9086,9.5
9087,2.75
9088,5.25
9089,-1.25
9090,6.25
9091,1.75
9092,6.5
9093,-0.75
9094,15.0
9095,-0.25
9096,1.25
9097,10.0
9098,-0.75
9099,-0.25
9100,-0.25
9101,7.75
9102,-1.25
9103,4.25
9104,3.75
9105,13.0
9106,0.75
9107,0.75
9108,1.25
9109,0.75
9110,-0.75
9111,-2.25
9112,-0.75
9113,6.75
9114,-0.25
9115,5.25
9116,12.75
9117,6.0
9118,0.75
9119,-0.25
9120,7.0
9121,-0.25
9122,0.75
9123,10.5
9124,-6.75
9125,-5.25
9126,-0.75
9127,-0.25
9128,8.0
9129,2.25
9130,14.25
9131,-0.25
9132,-0.25
9133,-0.25
9134,0.75
9135,7.25
9136,-0.75
9137,-6.75
9138,3.5
9139,-1.75
9140,-0.25
9141,9.75
9142,8.0
9143,6.5
9144,-17.75
9145,14.25
9146,-1.25
9147,-0.25
9148,0.25
9149,3.75
9150,-0.75
9151,-0.75
9152,0.75
9153,0.75
9154,1.75
9155,10.5
9156,-1.75
9157,-0.25
9158,12.25
9159,14.25
9160,3.75
9161,2.5
9162,0.75
9163,-0.25
9164,1.25
9165,-0.25
9166,-1.25
9167,-0.25
9168,0.25
9169,-0.25
9170,-3.25
9171,-0.75
9172,5.25
9173,-6.5
9174,0.75
9175,2.25
9176,17.5
9177,11.0
9178,18.5
9179,8.5
9180,6.0
9181,13.5
9182,0.75
9183,0.25
9184,-0.25
9185,12.25
9186,-0.25
9187,16.5
9188,3.75
9189,0.75
9190,-0.75
9191,-0.25
9192,9.25
9193,14.0
9194,4.75
9195,13.0
9196,2.25
9197,-5.25
9198,16.75
9199,18.0
9200,-0.75
9201,1.25
9202,12.5
9203,8.0
9204,11.0
9205,4.75
9206,2.75
9207,12.5
9208,0.75
9209,-7.5
9210,11.25
9211,-9.25
9212,0.75
9213,-2.5
9214,7.0
9215,-10.5
9216,-12.5
9217,2.75
9218,15.5
9219,-1.25
9220,-0.75
9221,-0.75
9222,7.5
9223,4.25
9224,11.0
9225,-0.25
9226,6.75
9227,-0.75
9228,19.0
9229,0.75
9230,-6.0
9231,-8.75
9232,6.5
9233,7.0
9234,2.0
9235,3.25
9236,-2.25
9237,11.0
9238,11.0
9239,7.0
9240,7.5
9241,-1.25
9242,10.5
9243,5.75
9244,5.0
9245,-14.25
9246,2.75
9247,1.25
9248,4.0
9249,11.5
9250,11.5
9251,-5.5
9252,-0.75
9253,4.75
9254,10.5
9255,0.75
9256,2.0
9257,6.5
9258,6.5
9259,-0.25
9260,-17.5
9261,1.75
9262,13.75
9263,9.75
9264,0.25
9265,10.25
9266,0.25
9267,7.25
9268,2.0
9269,8.5
9270,-0.75
9271,0.75
9272,4.75
9273,16.0
9274,0.75
9275,-1.75
9276,10.75
9277,3.25
9278,2.25
9279,-0.25
9280,-0.25
9281,3.5
9282,0.75
9283,3.75
9284,9.75
9285,15.5
9286,11.0
9287,12.5
9288,1.75
9289,-1.25
9290,-0.75
9291,0.75
9292,2.25
9293,-0.25
9294,9.25
9295,4.75
9296,-8.5
9297,0.75
9298,3.25
9299,-0.75
9300,3.5
9301,-0.25
9302,2.25
9303,6.5
9304,0.25
9305,8.5
9306,-6.75
9307,-1.25
9308,0.25
9309,-1.0
9310,-0.25
9311,10.5
9312,1.25
9313,-0.75
9314,13.0
9315,5.25
9316,2.5
9317,-0.25
9318,2.75
9319,7.75
9320,0.75
9321,-0.75
9322,18.25
9323,8.0
9324,4.75
9325,2.75
9326,2.75
9327,8.75
9328,3.25
9329,1.25
9330,15.5
9331,13.5
9332,-1.25
9333,-0.25
9334,-3.0
9335,4.25
9336,-6.5
9337,-1.25
9338,1.75
9339,0.75
9340,31.5
9341,7.0
9342,10.5
9343,3.25
9344,-0.25
9345,9.5
9346,-3.75
9347,-11.5
9348,5.25
9349,0.75
9350,1.75
9351,12.5
9352,-9.25
9353,12.0
9354,25.0
9355,7.0
9356,-0.25
9357,0.75
9358,12.0
9359,-1.25
9360,7.5
9361,0.75
9362,3.75
9363,8.0
9364,2.25
9365,-0.25
9366,6.25
9367,0.25
9368,-0.75
9369,0.75
9370,10.0
9371,1.75
9372,6.0
9373,16.5
9374,2.25
9375,-0.75
9376,4.25
9377,-0.25
9378,0.25
9379,7.0
9380,15.0
9381,-1.25
9382,8.25
9383,-0.25
9384,-2.25
9385,12.5
9386,0.75
9387,1.75
9388,10.25
9389,2.75
9390,1.25
9391,-0.75
9392,-8.5
9393,5.75
9394,10.25
9395,-0.25
9396,0.75
9397,9.5
9398,-0.75
9399,0.75
9400,-31.0
9401,-0.75
9402,-0.75
9403,-0.25
9404,-1.25
9405,8.0
9406,-6.25
9407,0.75
9408,-0.25
9409,7.25
9410,0.75
9411,-12.75
9412,-1.75
9413,4.25
9414,-1.25
9415,4.25
9416,-1.25
9417,4.75
9418,11.0
9419,3.0
9420,-0.25
9421,-1.25
9422,0.25
9423,-0.25
9424,8.0
9425,0.5
9426,11.0
9427,7.75
9428,7.25
9429,1.25
9430,0.75
9431,8.0
9432,-1.25
9433,7.5
9434,7.25
9435,10.75
9436,7.5
9437,4.0
9438,3.0
9439,0.5
9440,-4.25
9441,4.25
9442,8.0
9443,-2.25
9444,-5.25
9445,7.25
9446,-1.25
9447,0.75
9448,9.5
9449,8.75
9450,0.25
9451,-15.25
9452,-2.25
9453,-0.25
9454,-0.25
9455,2.75
9456,12.5
9457,-0.25
9458,-0.25
9459,-6.25
9460,5.25
9461,7.75
9462,-1.25
9463,4.75
9464,-1.25
9465,8.25
9466,4.25
9467,-0.75
9468,1.25
9469,-0.75
9470,0.75
9471,0.75
9472,3.0
9473,-0.75
9474,2.75
9475,1.25
9476,6.25
9477,-4.25
9478,15.25
9479,0.75
9480,-1.25
9481,0.25
9482,0.25
9483,1.75
9484,-9.25
9485,-0.25
9486,-0.75
9487,8.75
9488,0.75
9489,9.5
9490,15.0
9491,4.25
9492,2.75
9493,21.75
9494,6.5
9495,11.5
9496,6.0
9497,-0.25
9498,-0.25
9499,13.0
9500,-0.75
9501,-23.0
9502,5.5
9503,8.5
9504,0.75
9505,-0.25
9506,6.5
9507,11.75
9508,-11.25
9509,-0.75
9510,2.25
9511,0.75
9512,9.0
9513,-1.25
9514,11.0
9515,5.75
9516,1.25
9517,0.75
9518,7.25
9519,2.5
9520,-4.75
9521,-2.25
9522,4.0
9523,10.0
9524,-0.75
9525,2.75
9526,-0.25
9527,0.25
9528,12.5
9529,9.5
9530,-0.75
9531,1.75
9532,9.0
9533,-0.25
9534,-4.25
9535,0.75
9536,-0.25
9537,-0.75
9538,8.0
9539,-0.75
9540,0.25
9541,11.0
9542,-0.75
9543,12.75
9544,0.75
9545,9.0
9546,13.75
9547,11.0
9548,0.25
9549,0.75
9550,0.75
9551,10.5
9552,14.5
9553,7.5
9554,0.75
9555,2.75
9556,3.5
9557,-0.75
9558,-0.25
9559,1.25
9560,-6.0
9561,-1.25
9562,1.75
9563,-1.25
9564,-0.75
9565,9.0
9566,6.25
9567,-0.25
9568,3.25
9569,-0.75
9570,-0.75
9571,-0.25
9572,11.75
9573,13.0
9574,-0.75
9575,0.75
9576,-0.75
9577,6.25
9578,8.25
9579,-0.25
9580,4.75
9581,9.25
9582,-6.0
9583,11.75
9584,-0.25
9585,-2.25
9586,9.5
9587,-0.25
9588,5.75
9589,6.75
9590,1.25
9591,13.0
9592,-1.25
9593,15.25
9594,3.25
9595,9.0
9596,-0.25
9597,-0.25
9598,5.75
9599,-0.25
9600,11.0
9601,0.75
9602,5.25
9603,2.25
9604,1.75
9605,10.0
9606,-2.0
9607,0.5
9608,3.0
9609,-9.25
9610,-0.25
9611,0.75
9612,-0.75
9613,6.75
9614,14.5
9615,-1.25
9616,0.75
9617,-4.5
9618,15.0
9619,2.75
9620,6.5
9621,4.25
9622,3.25
9623,0.25
9624,6.75
9625,13.5
9626,0.75
9627,-2.75
9628,-0.5
9629,13.5
9630,10.25
9631,13.5
9632,-0.75
9633,0.75
9634,0.25
9635,10.0
9636,5.75
9637,-1.25
9638,-0.75
9639,-11.0
9640,-0.25
9641,10.0
9642,8.75
9643,-0.25
9644,-6.5
9645,-4.25
9646,8.5
9647,12.5
9648,-2.75
9649,-13.5
9650,0.75
9651,6.75
9652,22.0
9653,2.25
9654,6.5
9655,16.0
9656,10.5
9657,20.75
9658,8.5
9659,12.25
9660,17.25
9661,-19.0
9662,9.25
9663,-0.25
9664,5.75
9665,-0.25
9666,3.0
9667,0.25
9668,6.25
9669,1.5
9670,0.25
9671,-15.25
9672,-0.75
9673,11.0
9674,0.75
9675,9.75
9676,-4.0
9677,5.25
9678,14.25
9679,11.5
9680,13.5
9681,13.5
9682,0.75
9683,-2.75
9684,3.25
9685,5.0
9686,0.25
9687,16.5
9688,-4.25
9689,0.75
9690,11.0
9691,4.5
9692,6.75
9693,5.25
9694,9.0
9695,-0.25
9696,13.5
9697,3.75
9698,-0.75
9699,0.25
9700,1.25
9701,0.75
9702,-0.25
9703,-9.25
9704,11.0
9705,3.25
9706,1.25
9707,11.75
9708,4.75
9709,2.25
9710,13.0
9711,8.25
9712,-1.25
9713,0.75
9714,0.25
9715,0.75
9716,-0.75
9717,1.75
9718,0.75
9719,0.75
9720,7.25
9721,-0.75
9722,-4.25
9723,0.25
9724,-0.75
9725,0.25
9726,0.25
9727,2.25
9728,-0.25
9729,-0.25
9730,4.75
9731,14.0
9732,-4.25
9733,6.75
9734,10.5
9735,-0.75
9736,-0.25
9737,3.75
9738,8.75
9739,-3.75
9740,1.75
9741,-1.25
9742,-0.25
9743,-5.25
9744,7.25
9745,0.75
9746,1.75
9747,-0.25
9748,2.25
9749,-5.75
9750,5.75
9751,-0.25
9752,-2.0
9753,-1.25
9754,-2.25
9755,1.25
9756,0.75
9757,0.75
9758,0.75
9759,-0.25
9760,-1.75
9761,3.25
9762,1.25
9763,-2.25
9764,-0.75
9765,0.25
9766,0.75
9767,0.25
9768,8.25
9769,1.25
9770,10.25
9771,0.75
9772,2.75
9773,9.5
9774,5.75
9775,-0.25
9776,-0.25
9777,4.75
9778,4.25
9779,3.25
9780,1.25
9781,3.25
9782,-0.75
9783,-0.75
9784,-1.25
9785,1.25
9786,2.75
9787,0.75
9788,-3.75
9789,-1.25
9790,5.25
9791,-2.75
9792,7.5
9793,-0.25
9794,11.0
9795,0.75
9796,-12.25
9797,0.75
9798,1.75
9799,-8.25
9800,-0.25
9801,-0.75
9802,-0.75
9803,-3.25
9804,1.25
9805,12.0
9806,0.25
9807,-7.5
9808,0.75
9809,-3.5
9810,-0.25
9811,1.25
9812,3.75
9813,6.75
9814,7.0
9815,7.25
9816,-0.25
9817,9.5
9818,-4.75
9819,10.75
9820,-12.75
9821,-4.25
9822,0.75
9823,2.75
9824,4.75
9825,-1.25
9826,1.25
9827,-0.75
9828,9.0
9829,-0.25
9830,0.75
9831,-0.25
9832,-1.25
9833,-0.75
9834,3.75
9835,2.25
9836,-0.25
9837,2.25
9838,10.25
9839,6.75
9840,-1.25
9841,2.25
9842,-4.25
9843,15.5
9844,0.75
9845,-0.25
9846,1.25
9847,-1.25
9848,-0.75
9849,8.75
9850,2.25
9851,0.25
9852,1.25
9853,-0.25
9854,5.75
9855,-0.75
9856,1.75
9857,5.5
9858,0.25
9859,0.75
9860,0.25
9861,-0.75
9862,-0.25
9863,-0.25
9864,-1.25
9865,-0.75
9866,6.25
9867,1.75
9868,-9.25
9869,-0.75
9870,-0.25
9871,0.75
9872,-4.75
9873,2.75
9874,-0.75
9875,-0.75
9876,0.75
9877,0.25
9878,-0.25
9879,0.25
9880,-0.25
9881,6.25
9882,0.25
9883,5.25
9884,-0.25
9885,-0.25
9886,-10.5
9887,-4.25
9888,0.25
9889,-0.25
9890,0.75
9891,-0.75
9892,0.75
9893,-2.25
9894,4.75
9895,-0.75
9896,-0.25
9897,-0.75
9898,5.25
9899,0.25
9900,10.75
9901,0.25
9902,0.75
9903,-0.25
9904,-0.25
9905,5.75
9906,-0.75
9907,-2.0
9908,-0.25
9909,2.75
9910,-0.25
9911,-0.75
9912,0.25
9913,3.75
9914,1.25
9915,6.25
9916,2.25
9917,2.25
9918,2.75
9919,0.25
9920,-0.25
9921,-7.25
9922,1.25
9923,-16.25
9924,6.25
9925,1.25
9926,0.75
9927,-0.75
9928,-0.25
9929,1.75
9930,0.25
9931,-0.25
9932,1.75
9933,-1.25
9934,0.25
9935,3.25
9936,1.75
9937,12.0
9938,0.75
9939,7.75
9940,-0.25
9941,-6.25
9942,-14.25
9943,-0.75
9944,10.75
9945,-0.25
9946,1.75
9947,4.75
9948,1.25
9949,3.25
9950,-1.25
9951,-8.25
9952,1.75
9953,14.5
9954,-0.75
9955,-2.25
9956,6.5
9957,6.75
9958,4.5
9959,-2.75
9960,0.75
9961,1.75
9962,-0.25
9963,-0.75
9964,2.25
9965,0.75
9966,0.25
9967,8.75
9968,-0.25
9969,2.25
9970,0.25
9971,-0.75
9972,0.75
9973,5.25
9974,0.75
9975,3.75
9976,5.75
9977,0.25
9978,0.25
9979,-0.75
9980,-0.25
9981,-0.25
9982,-0.25
9983,1.75
9984,0.75
9985,-0.25
9986,-0.25
9987,-10.0
9988,-19.25
9989,-0.25
9990,2.75
9991,-0.25
9992,-0.25
9993,1.75
9994,-0.25
9995,-1.25
9996,-0.25
9997,-0.25
9998,8.0
9999,3.75
10000,1.25
10001,-6.25
10002,0.75
10003,0.75
10004,-0.25
10005,7.75
10006,-11.25
10007,0.75
10008,-0.25
10009,4.25
10010,0.75
10011,0.25
10012,-9.25
10013,-2.25
10014,-2.25
10015,0.25
10016,-0.75
10017,1.75
10018,-0.25
10019,3.75
10020,0.75
10021,0.75
10022,0.5
10023,0.75
10024,-5.25
10025,-0.25
10026,-0.75
10027,7.5
10028,0.75
10029,-0.25
10030,2.25
10031,0.25
10032,0.25
10033,-7.25
10034,-0.25
10035,-0.25
10036,6.25
10037,0.75
10038,2.25
10039,-0.75
10040,-0.25
10041,-0.25
10042,6.75
10043,0.25
10044,-0.25
10045,-0.25
10046,-2.25
10047,-7.25
10048,-0.25
10049,-1.25
10050,1.75
10051,-1.25
10052,4.75
10053,4.25
10054,-0.75
10055,-2.25
10056,1.25
10057,8.5
10058,0.75
10059,1.25
10060,2.75
10061,8.25
10062,-0.25
10063,-0.75
10064,8.75
10065,2.25
10066,-1.25
10067,2.75
10068,-1.25
10069,-0.25
10070,-0.75
10071,-0.25
10072,1.75
10073,-0.75
10074,2.25
10075,-0.75
10076,-0.75
10077,-0.25
10078,-7.75
10079,0.75
10080,2.75
10081,-12.25
10082,0.75
10083,1.75
10084,3.25
10085,3.75
10086,0.75
10087,-0.75
10088,0.25
10089,-0.25
10090,-0.25
10091,-0.25
10092,-0.25
10093,2.25
10094,2.25
10095,-1.25
10096,-0.25
10097,-13.25
10098,0.75
10099,-0.25
10100,0.75
10101,0.75
10102,-0.75
10103,2.75
10104,9.75
10105,-0.75
10106,2.25
10107,0.75
10108,-0.75
10109,0.25
10110,0.25
10111,0.75
10112,0.25
10113,0.25
10114,-0.25
10115,-0.75
10116,0.75
10117,0.25
10118,1.25
10119,8.25
10120,-0.75
10121,3.25
10122,-0.25
10123,0.75
10124,-1.25
10125,3.75
10126,5.25
10127,0.75
10128,6.25
10129,-0.75
10130,9.5
10131,2.25
10132,-2.75
10133,-0.75
10134,-0.75
10135,0.25
10136,-0.75
10137,-0.75
10138,-2.25
10139,7.25
10140,-0.75
10141,0.75
10142,6.5
10143,-0.75
10144,3.25
10145,4.25
10146,-1.25
10147,-0.75
10148,0.25
10149,-1.25
10150,-0.75
10151,-0.75
10152,3.75
10153,0.75
10154,3.25
10155,-0.25
10156,-0.25
10157,-0.75
10158,0.75
10159,5.25
10160,1.25
10161,4.75
10162,0.25
10163,2.25
10164,7.75
10165,-0.75
10166,2.25
10167,-1.25
10168,-0.75
10169,-0.25
10170,1.75
10171,-0.75
10172,-1.25
10173,6.25
10174,4.75
10175,-0.25
10176,1.25
10177,-0.25
10178,-0.25
10179,-0.25
10180,-0.75
10181,1.75
10182,0.25
10183,-0.25
10184,0.75
10185,0.25
10186,0.75
10187,1.75
10188,-0.75
10189,0.75
10190,-0.25
10191,-3.25
10192,3.75
10193,4.75
10194,-0.25
10195,0.25
10196,0.75
10197,3.75
10198,-1.25
10199,-0.25
10200,0.75
10201,3.75
10202,0.75
10203,0.75
10204,-0.25
10205,-0.25
10206,-0.75
10207,-0.25
10208,0.75
10209,-0.25
10210,-1.25
10211,-0.25
10212,-0.25
10213,1.75
10214,2.75
10215,0.75
10216,-1.25
10217,-1.25
10218,3.25
10219,-0.25
10220,-0.75
10221,-1.25
10222,-0.25
10223,-1.25
10224,-4.75
10225,3.75
10226,0.75
10227,0.75
10228,2.75
10229,1.25
10230,2.25
10231,-0.75
10232,-0.75
10233,-0.75
10234,2.75
10235,-0.25
10236,5.25
10237,3.25
10238,-0.25
10239,-4.25
10240,-1.75
10241,0.75
10242,-1.25
10243,0.25
10244,4.75
10245,3.75
10246,-0.75
10247,0.75
10248,-1.25
10249,-0.25
10250,-0.75
10251,-0.25
10252,0.25
10253,2.25
10254,3.25
10255,5.25
10256,-0.25
10257,1.25
10258,9.25
10259,-3.25
10260,0.25
10261,0.75
10262,-0.25
10263,1.25
10264,-0.25
10265,-0.25
10266,0.75
10267,-0.75
10268,0.75
10269,-0.75
10270,0.75
10271,1.25
10272,1.25
10273,-0.75
10274,-0.25
10275,8.75
10276,0.75
10277,2.75
10278,9.25
10279,0.75
10280,0.25
10281,-0.75
10282,5.75
10283,-2.25
10284,0.75
10285,3.25
10286,0.25
10287,0.25
10288,3.75
10289,-2.25
10290,-3.75
10291,0.75
10292,0.25
10293,1.25
10294,0.25
10295,-4.25
10296,0.25
10297,-0.75
10298,4.75
10299,-0.75
10300,0.25
10301,-2.25
10302,5.75
10303,-3.75
10304,2.75
10305,0.25
10306,-1.75
10307,-1.25
10308,4.25
10309,-8.25
10310,0.75
10311,6.75
10312,3.75
10313,0.75
10314,2.75
10315,-2.25
10316,-0.25
10317,-3.25
10318,0.25
10319,2.25
10320,-2.25
10321,-0.25
10322,-3.75
10323,-0.25
10324,-0.25
10325,1.25
10326,4.75
10327,-1.25
10328,0.5
10329,4.75
10330,-1.25
10331,4.5
10332,-10.75
10333,0.25
10334,11.25
10335,-1.25
10336,-0.25
10337,0.75
10338,3.5
10339,0.75
10340,2.75
10341,3.75
10342,-0.75
10343,0.75
10344,0.25
10345,8.25
10346,-1.25
10347,-0.75
10348,1.75
10349,2.25
10350,-0.25
10351,-0.25
10352,-0.25
10353,2.25
10354,3.25
10355,3.25
10356,-1.25
10357,0.25
10358,0.75
10359,-6.25
10360,5.5
10361,-1.25
10362,0.75
10363,-0.25
10364,0.75
10365,1.25
10366,-2.25
10367,0.75
10368,-0.75
10369,1.25
10370,0.75
10371,2.75
10372,-0.25
10373,1.25
10374,4.75
10375,-1.75
10376,-1.25
10377,-0.75
10378,0.75
10379,3.25
10380,-0.75
10381,-3.25
10382,-0.25
10383,-1.75
10384,2.25
10385,1.25
10386,3.75
10387,0.75
10388,-0.75
10389,-19.75
10390,-0.75
10391,-0.25
10392,5.25
10393,3.25
10394,1.75
10395,2.25
10396,0.75
10397,1.75
10398,0.75
10399,-1.25
10400,0.75
10401,3.25
10402,0.75
10403,9.75
10404,-1.25
10405,0.75
10406,-0.25
10407,-11.25
10408,-0.75
10409,4.25
10410,2.25
10411,11.0
10412,0.75
10413,0.25
10414,1.25
10415,-0.75
10416,0.25
10417,0.25
10418,3.25
10419,0.75
10420,-0.25
10421,0.25
10422,-0.75
10423,1.25
10424,0.25
10425,2.25
10426,0.75
10427,-0.75
10428,2.75
10429,-0.25
10430,0.25
10431,0.75
10432,-0.75
10433,-0.25
10434,-0.25
10435,-15.5
10436,-0.75
10437,-0.25
10438,5.75
10439,1.25
10440,-13.25
10441,4.25
10442,1.75
10443,-1.25
10444,-0.75
10445,0.25
10446,3.75
10447,-2.25
10448,0.25
10449,-1.75
10450,0.75
10451,-0.75
10452,-0.75
10453,1.75
10454,8.75
10455,-0.75
10456,-0.75
10457,7.75
10458,10.5
10459,-0.75
10460,-0.25
10461,0.75
10462,0.75
10463,-0.25
10464,-0.25
10465,-0.25
10466,0.25
10467,-0.25
10468,-0.75
10469,-0.25
10470,-1.25
10471,0.75
10472,12.5
10473,-0.75
10474,-0.75
10475,1.25
10476,1.25
10477,-0.75
10478,1.75
10479,-0.75
10480,-0.25
10481,1.75
10482,-0.25
10483,-0.25
10484,2.75
10485,12.5
10486,-0.25
10487,0.25
10488,-0.75
10489,5.75
10490,2.25
10491,-3.25
10492,0.25
10493,-3.25
10494,-0.75
10495,1.75
10496,5.25
10497,-1.75
10498,-0.25
10499,-0.25
10500,5.75
10501,-0.25
10502,0.75
10503,8.25
10504,1.75
10505,-0.75
10506,2.75
10507,-0.25
10508,-0.25
10509,0.25
10510,-0.25
10511,-0.75
10512,0.75
10513,-0.25
10514,0.25
10515,-0.25
10516,-0.75
10517,0.75
10518,0.75
10519,3.75
10520,0.75
10521,-0.75
10522,-1.25
10523,-0.25
10524,0.75
10525,0.25
10526,0.75
10527,1.75
10528,0.25
10529,-0.25
10530,-0.75
10531,-0.25
10532,-0.25
10533,11.0
10534,12.0
10535,0.75
10536,1.75
10537,1.25
10538,5.25
10539,0.25
10540,0.75
10541,0.75
10542,0.75
10543,-1.25
10544,-0.75
10545,-0.75
10546,-0.25
10547,0.25
10548,-15.75
10549,6.0
10550,0.75
10551,0.75
10552,-0.75
10553,7.75
10554,-0.25
10555,-1.25
10556,0.75
10557,0.75
10558,-0.75
10559,-11.25
10560,-0.75
10561,-3.75
10562,0.25
10563,3.25
10564,2.25
10565,0.75
10566,4.25
10567,-0.25
10568,0.25
10569,0.75
10570,-0.75
10571,-0.25
10572,4.25
10573,0.75
10574,8.25
10575,-0.25
10576,0.75
10577,1.5
10578,-0.75
10579,-0.25
10580,3.25
10581,-1.75
10582,-0.25
10583,1.75
10584,-6.25
10585,6.0
10586,4.25
10587,-0.75
10588,10.5
10589,-0.25
10590,-0.25
10591,1.75
10592,-0.25
10593,0.25
10594,0.75
10595,-20.25
10596,8.25
10597,4.75
10598,-3.75
10599,2.75
10600,-0.75
10601,0.75
10602,-0.75
10603,-1.25
10604,-0.25
10605,3.25
10606,-0.25
10607,-0.25
10608,1.75
10609,9.75
10610,-0.25
10611,6.0
10612,-4.25
10613,-0.25
10614,-1.25
10615,0.75
10616,-0.75
10617,-0.25
10618,-1.25
10619,2.25
10620,0.25
10621,-0.25
10622,-0.25
10623,-0.75
10624,0.75
10625,-0.75
10626,16.5
10627,-0.75
10628,8.0
10629,5.75
10630,0.25
10631,-0.75
10632,-0.25
10633,-0.75
10634,0.75
10635,0.25
10636,5.25
10637,0.25
10638,-0.75
10639,2.75
10640,-6.25
10641,3.25
10642,-4.25
10643,2.75
10644,-0.25
10645,-0.75
10646,-0.25
10647,-0.75
10648,3.0
10649,10.75
10650,0.75
10651,3.75
10652,-0.25
10653,-0.25
10654,2.75
10655,1.25
10656,-0.75
10657,1.25
10658,10.0
10659,-0.25
10660,-0.25
10661,-0.25
10662,-0.75
10663,0.75
10664,5.25
10665,7.25
10666,11.0
10667,9.25
10668,-0.25
10669,-0.25
10670,-0.25
10671,-0.75
10672,0.75
10673,-0.75
10674,18.5
10675,2.25
10676,0.25
10677,-1.75
10678,-0.25
10679,6.25
10680,-1.25
10681,1.75
10682,0.75
10683,-0.25
10684,0.25
10685,-0.75
10686,-0.75
10687,3.75
10688,4.25
10689,7.75
10690,-0.75
10691,2.25
10692,0.75
10693,0.75
10694,2.75
10695,-0.75
10696,11.5
10697,2.75
10698,-1.25
10699,-1.25
10700,-1.25
10701,0.25
10702,0.75
10703,1.25
10704,-2.25
10705,-0.25
10706,-0.25
10707,-1.25
10708,0.75
10709,10.25
10710,-0.25
10711,-0.75
10712,4.75
10713,-0.25
10714,-0.25
10715,-0.25
10716,-0.75
10717,-0.75
10718,-11.75
10719,0.75
10720,-5.75
10721,-0.75
10722,7.25
10723,0.75
10724,5.0
10725,1.25
10726,0.75
10727,-0.75
10728,6.5
10729,0.25
10730,11.0
10731,-6.75
10732,-0.25
10733,3.25
10734,-2.25
10735,2.25
10736,1.25
10737,5.25
10738,0.75
10739,-0.25
10740,-0.75
10741,-0.75
10742,9.0
10743,-0.75
10744,4.25
10745,-0.25
10746,0.25
10747,0.75
10748,8.75
10749,8.0
10750,-0.25
10751,-0.25
10752,-5.0
10753,-0.75
10754,3.25
10755,-0.75
10756,5.75
10757,3.75
10758,5.0
10759,-0.25
10760,8.5
10761,-0.25
10762,5.25
10763,-14.25
10764,0.25
10765,1.25
10766,-0.75
10767,7.75
10768,-0.25
10769,0.75
10770,15.0
10771,0.75
10772,-9.25
10773,5.25
10774,0.25
10775,-0.75
10776,-1.25
10777,-7.25
10778,-1.25
10779,3.75
10780,-0.25
10781,0.25
10782,0.25
10783,-0.25
10784,-0.25
10785,0.75
10786,0.75
10787,-0.75
10788,0.75
10789,11.0
10790,6.75
10791,-14.25
10792,13.5
10793,-0.25
10794,-8.25
10795,1.25
10796,-0.25
10797,1.25
10798,2.25
10799,3.75
10800,0.25
10801,-0.25
10802,2.25
10803,2.75
10804,3.75
10805,6.75
10806,13.75
10807,7.75
10808,-0.75
10809,-15.75
10810,0.75
10811,3.25
10812,-2.75
10813,-1.75
10814,6.25
10815,10.0
10816,0.75
10817,-2.75
10818,6.75
10819,1.75
10820,-0.25
10821,3.75
10822,11.5
10823,1.75
10824,-0.75
10825,0.75
10826,-19.0
10827,3.25
10828,0.25
10829,12.5
10830,-1.25
10831,1.75
10832,-0.75
10833,12.0
10834,11.5
10835,0.25
10836,0.75
10837,-12.25
10838,0.25
10839,-3.75
10840,-2.25
10841,-0.25
10842,-1.25
10843,14.5
10844,0.25
10845,-5.75
10846,5.75
10847,0.75
10848,-0.75
10849,2.5
10850,4.75
10851,9.0
10852,2.75
10853,-0.75
10854,7.25
10855,6.25
10856,9.0
10857,0.75
10858,0.25
10859,11.5
10860,0.25
10861,0.75
10862,2.75
10863,-0.25
10864,-9.25
10865,-1.25
10866,7.25
10867,11.0
10868,2.25
10869,-1.25
10870,-0.75
10871,0.25
10872,-3.75
10873,0.75
10874,-0.25
10875,0.75
10876,4.25
10877,-0.25
10878,-0.75
10879,0.25
10880,9.75
10881,7.25
10882,8.25
10883,8.25
10884,8.0
10885,0.75
10886,4.75
10887,0.25
10888,3.25
10889,1.25
10890,0.25
10891,-0.75
10892,1.25
10893,-0.25
10894,0.75
10895,11.25
10896,5.25
10897,2.75
10898,7.0
10899,5.5
10900,6.0
10901,15.0
10902,2.25
10903,0.75
10904,0.25
10905,-0.25
10906,0.25
10907,12.0
10908,3.25
10909,-0.75
10910,12.0
10911,-2.75
10912,-7.25
10913,3.25
10914,0.75
10915,7.25
10916,0.75
10917,-0.75
10918,0.75
10919,-2.25
10920,-0.25
10921,-0.75
10922,6.0
10923,13.0
10924,-0.25
10925,14.25
10926,1.25
10927,0.25
10928,2.25
10929,5.75
10930,9.25
10931,-0.75
10932,12.5
10933,-0.25
10934,-0.75
10935,6.25
10936,-0.75
10937,0.75
10938,-0.75
10939,1.25
10940,-0.75
10941,-0.75
10942,7.75
10943,-0.25
10944,-1.25
10945,-2.25
10946,1.0
10947,-2.25
10948,2.25
10949,7.5
10950,-3.25
10951,9.5
10952,1.25
10953,-0.75
10954,10.5
10955,0.25
10956,0.25
10957,-0.25
10958,3.75
10959,0.75
10960,4.25
10961,3.75
10962,-3.75
10963,11.5
10964,3.25
10965,-0.75
10966,1.75
10967,-0.75
10968,8.75
10969,-0.25
10970,3.75
10971,-0.75
10972,-0.75
10973,-1.25
10974,0.75
10975,12.5
10976,-0.75
10977,-2.25
10978,-4.25
10979,0.75
10980,-7.75
10981,1.75
10982,-0.75
10983,0.25
10984,10.5
10985,-0.75
10986,9.25
10987,4.25
10988,1.25
10989,0.75
10990,-3.75
10991,0.75
10992,-0.75
10993,-0.25
10994,0.75
10995,12.5
10996,2.75
10997,17.75
10998,-12.25
10999,7.5
11000,0.75
11001,-3.25
11002,-1.75
11003,-0.25
11004,-5.25
11005,10.75
11006,1.75
11007,6.75
11008,12.5
11009,3.75
11010,6.75
11011,12.75
11012,3.25
11013,10.25
11014,-1.25
11015,5.0
11016,1.25
11017,3.75
11018,-18.5
11019,2.25
11020,-0.75
11021,14.5
11022,4.5
11023,0.25
11024,5.75
11025,-3.0
11026,-7.25
11027,3.25
11028,-0.75
11029,2.75
11030,-0.25
11031,-1.75
11032,0.75
11033,4.75
11034,0.25
11035,7.75
11036,0.75
11037,2.75
11038,10.5
11039,-0.75
11040,-0.75
11041,0.25
11042,10.75
11043,-0.25
11044,5.75
11045,2.25
11046,-6.25
11047,0.75
11048,-0.75
11049,3.25
11050,5.25
11051,9.5
11052,-0.75
11053,1.5
11054,0.75
11055,9.0
11056,-0.25
11057,-10.75
11058,-0.25
11059,5.25
11060,-0.75
11061,-0.25
11062,2.75
11063,-0.75
11064,-0.25
11065,0.75
11066,3.25
11067,0.75
11068,6.5
11069,0.25
11070,5.75
11071,1.25
11072,-1.25
11073,6.75
11074,0.75
11075,21.5
11076,0.75
11077,5.5
11078,-9.5
11079,-0.75
11080,7.75
11081,-0.25
11082,6.25
11083,17.0
11084,12.0
11085,-4.75
11086,-0.25
11087,-2.25
11088,-0.75
11089,-2.75
11090,3.0
11091,-3.25
11092,0.25
11093,-0.25
11094,-0.75
11095,5.75
11096,2.75
11097,7.75
11098,-0.75
11099,-5.25
11100,-0.75
11101,-9.25
11102,-1.25
11103,6.0
11104,-1.25
11105,1.75
11106,11.5
11107,-0.75
11108,10.5
11109,0.75
11110,0.75
11111,13.5
11112,5.25
11113,7.25
11114,-0.25
11115,-0.75
11116,1.25
11117,10.5
11118,2.75
11119,0.5
11120,-0.75
11121,-0.75
11122,-0.75
11123,0.25
11124,-13.25
11125,6.25
11126,0.75
11127,12.0
11128,-0.75
11129,0.75
11130,3.0
11131,1.25
11132,-0.25
11133,0.75
11134,0.75
11135,-0.25
11136,2.75
11137,8.0
11138,10.5
11139,6.25
11140,12.5
11141,-8.25
11142,2.25
11143,9.0
11144,6.75
11145,-2.25
11146,10.25
11147,6.0
11148,3.75
11149,5.25
11150,5.75
11151,9.5
11152,6.75
11153,-0.75
11154,-2.25
11155,-3.25
11156,-0.75
11157,-5.25
11158,-4.0
11159,6.0
11160,-3.0
11161,0.75
11162,-9.25
11163,3.25
11164,-0.25
11165,-0.75
11166,4.5
11167,0.25
11168,8.75
11169,2.25
11170,6.25
11171,9.0
11172,1.0
11173,6.75
11174,2.25
11175,2.75
11176,-3.25
11177,14.5
11178,3.75
11179,-0.75
11180,-0.25
11181,11.0
11182,12.0
11183,-8.25
11184,17.0
11185,-6.5
11186,0.75
11187,-11.25
11188,-0.75
11189,-4.25
11190,-0.25
11191,-0.75
11192,-0.75
11193,1.75
11194,0.25
11195,2.25
11196,16.5
11197,-1.25
11198,-7.75
11199,9.0
11200,-2.75
11201,0.75
11202,-5.25
11203,6.75
11204,-0.25
11205,9.25
11206,-4.25
11207,1.75
11208,1.25
11209,8.0
11210,2.75
11211,-7.25
11212,10.25
11213,2.25
11214,9.5
11215,-0.75
11216,-8.0
11217,16.5
11218,7.75
11219,2.25
11220,13.25
11221,7.75
11222,3.0
11223,-3.75
11224,-0.25
11225,-4.75
11226,5.25
11227,-0.25
11228,5.75
11229,-8.25
11230,-0.25
11231,0.75
11232,10.0
11233,3.75
11234,11.0
11235,4.75
11236,-0.25
11237,-2.25
11238,-0.75
11239,7.5
11240,0.25
11241,28.0
11242,0.25
11243,-0.25
11244,0.75
11245,-12.75
11246,18.75
11247,-1.25
11248,17.0
11249,15.5
11250,-0.75
11251,-0.25
11252,8.0
11253,10.5
11254,-1.25
11255,3.25
11256,-0.75
11257,12.5
11258,-3.75
11259,11.25
11260,9.25
11261,12.5
11262,-0.25
11263,9.25
11264,-14.5
11265,7.75
11266,6.75
11267,0.25
11268,2.25
11269,11.75
11270,-8.5
11271,-0.25
11272,0.25
11273,8.0
11274,1.75
11275,-0.25
11276,2.25
11277,9.5
11278,7.25
11279,-0.25
11280,10.25
11281,-1.25
11282,-2.25
11283,0.75
11284,0.75
11285,6.75
11286,1.25
11287,8.5
11288,9.5
11289,0.75
11290,1.75
11291,5.5
11292,-0.25
11293,8.25
11294,6.0
11295,7.0
11296,5.0
11297,14.0
11298,3.75
11299,-0.25
11300,0.75
11301,-0.75
11302,-4.25
11303,10.0
11304,4.5
11305,8.5
11306,11.75
11307,-0.75
11308,7.5
11309,-2.25
11310,-3.75
11311,8.25
11312,8.5
11313,-0.25
11314,-0.25
11315,-4.75
11316,-18.5
11317,10.0
11318,0.25
11319,-0.25
11320,8.5
11321,-1.75
11322,2.75
11323,4.75
11324,3.75
11325,-12.25
11326,5.25
11327,3.75
11328,8.25
11329,3.25
11330,-2.25
11331,-5.75
11332,-0.75
11333,-1.25
11334,-2.0
11335,2.25
11336,2.25
11337,1.75
11338,0.75
11339,0.75
11340,-1.25
11341,-0.75
11342,6.5
11343,-0.25
11344,2.75
11345,0.25
11346,-0.75
11347,1.75
11348,3.25
11349,0.75
11350,0.75
11351,2.25
11352,0.75
11353,15.0
11354,8.25
11355,3.0
11356,0.75
11357,3.25
11358,13.5
11359,0.25
11360,3.25
11361,-0.25
11362,6.25
11363,-0.25
11364,6.0
11365,-1.25
11366,1.75
11367,-1.25
11368,25.75
11369,1.75
11370,-5.0
11371,12.0
11372,10.5
11373,4.25
11374,-11.0
11375,6.5
11376,3.5
11377,8.0
11378,15.5
11379,7.25
11380,3.25
11381,0.75
11382,-2.25
11383,-0.25
11384,-11.75
11385,-0.25
11386,-1.25
11387,-0.25
11388,5.25
11389,-0.25
11390,12.25
11391,9.5
11392,18.25
11393,0.75
11394,-0.25
11395,0.25
11396,-0.25
11397,26.75
11398,8.5
11399,0.75
11400,3.0
11401,6.0
11402,0.25
11403,4.25
11404,-0.25
11405,-3.25
11406,-2.25
11407,1.75
11408,0.75
11409,4.25
11410,0.75
11411,2.25
11412,3.75
11413,12.0
11414,9.25
11415,4.75
11416,-9.25
11417,-0.25
11418,-0.25
11419,-10.75
11420,0.75
11421,-0.75
11422,2.5
11423,-8.0
11424,-0.25
11425,-13.0
11426,3.5
11427,-0.75
11428,2.25
11429,5.25
11430,-0.25
11431,1.25
11432,-0.75
11433,-11.0
11434,0.75
11435,0.25
11436,13.0
11437,0.25
11438,0.75
11439,-0.25
11440,10.5
11441,0.75
11442,10.0
11443,6.0
11444,-1.25
11445,7.5
11446,10.0
11447,5.25
11448,-3.75
11449,-0.25
11450,1.75
11451,3.5
11452,7.5
11453,6.75
11454,-1.25
11455,0.75
11456,9.5
11457,6.0
11458,-8.25
11459,-1.25
11460,9.0
11461,5.0
11462,-5.25
11463,-0.25
11464,5.25
11465,5.5
11466,5.0
11467,2.25
11468,-8.5
11469,0.25
11470,14.5
11471,0.25
11472,4.25
11473,2.0
11474,0.25
11475,10.5
11476,-0.25
11477,0.75
11478,12.5
11479,-0.25
11480,-0.25
11481,-1.25
11482,13.5
11483,19.5
11484,9.75
11485,9.0
11486,1.5
11487,-0.25
11488,15.0
11489,5.5
11490,-2.25
11491,15.0
11492,9.25
11493,-2.25
11494,1.75
11495,-9.5
11496,0.75
11497,-1.25
11498,6.75
11499,-1.75
11500,0.75
11501,3.75
11502,10.5
11503,11.5
11504,21.0
11505,5.75
11506,12.5
11507,1.75
11508,6.5
11509,4.75
11510,3.25
11511,7.5
11512,-0.25
11513,6.25
11514,-15.0
11515,7.25
11516,14.0
11517,-0.25
11518,10.0
11519,12.5
11520,0.25
11521,6.5
11522,0.25
11523,-12.0
11524,11.25
11525,-0.25
11526,12.0
11527,-1.25
11528,21.5
11529,7.0
11530,2.75
11531,3.25
11532,-0.25
11533,-0.25
11534,14.5
11535,-0.25
11536,2.25
11537,32.0
11538,3.75
11539,-1.25
11540,0.25
11541,7.75
11542,7.0
11543,9.0
11544,-0.25
11545,10.5
11546,-2.75
11547,15.5
11548,0.75
11549,2.75
11550,-0.25
11551,-15.25
11552,1.25
11553,-6.25
11554,4.25
11555,1.75
11556,0.25
11557,-0.25
11558,9.0
11559,9.0
11560,-0.25
11561,3.75
11562,-0.25
11563,-5.75
11564,-0.25
11565,-3.75
11566,12.75
11567,3.75
11568,-3.25
11569,2.75
11570,10.0
11571,6.5
11572,-0.25
11573,-0.25
11574,-0.75
11575,-0.25
11576,1.0
11577,10.0
11578,-3.75
11579,0.5
11580,2.25
11581,-2.75
11582,4.75
11583,-0.75
11584,1.25
11585,7.0
11586,4.75
11587,6.5
11588,-1.25
11589,-0.25
11590,5.25
11591,-0.75
11592,-0.75
11593,-2.25
11594,-0.25
11595,11.5
11596,-2.25
11597,-6.25
11598,-0.75
11599,0.25
11600,0.25
11601,11.25
11602,4.75
11603,1.25
11604,3.75
11605,-0.25
11606,-0.75
11607,5.75
11608,5.75
11609,-5.75
11610,3.0
11611,5.75
11612,7.75
11613,6.5
11614,-0.25
11615,-3.25
11616,2.75
11617,0.75
11618,0.75
11619,0.25
11620,0.75
11621,5.75
11622,6.0
11623,10.5
11624,11.0
11625,-0.25
11626,13.5
11627,5.5
11628,25.5
11629,9.25
11630,9.0
11631,-2.25
11632,0.25
11633,-9.0
11634,-1.0
11635,8.5
11636,-0.25
11637,3.75
11638,19.0
11639,-2.25
11640,11.25
11641,-1.75
11642,8.25
11643,12.0
11644,9.0
11645,15.25
11646,13.5
11647,15.75
11648,-0.75
11649,5.75
11650,1.25
11651,16.5
11652,9.25
11653,6.75
11654,7.0
11655,1.25
11656,13.75
11657,9.5
11658,-3.25
11659,-12.75
11660,0.75
11661,21.0
11662,-0.25
11663,4.75
11664,8.5
11665,-0.75
11666,0.25
11667,-11.25
11668,3.75
11669,0.25
11670,0.75
11671,8.0
11672,-0.25
11673,8.25
11674,8.5
11675,4.75
11676,-0.75
11677,0.75
11678,0.75
11679,9.0
11680,-0.75
11681,10.0
11682,10.75
11683,-0.75
11684,0.5
11685,-0.75
11686,7.5
11687,8.5
11688,3.25
11689,3.25
11690,15.5
11691,2.5
11692,12.5
11693,6.25
11694,-0.75
11695,-0.25
11696,5.25
11697,-2.25
11698,-3.75
11699,-4.75
11700,5.5
11701,-2.25
11702,8.5
11703,8.75
11704,9.5
11705,22.5
11706,-4.75
11707,-0.25
11708,9.5
11709,15.5
11710,7.0
11711,-10.75
11712,10.5
11713,2.25
11714,-24.25
11715,-0.25
11716,5.5
11717,-2.0
11718,7.25
11719,10.5
11720,-1.25
11721,3.5
11722,12.0
11723,13.5
11724,-3.5
11725,2.25
11726,8.0
11727,6.5
11728,5.0
11729,-0.25
11730,2.25
11731,1.5
11732,-0.25
11733,-11.0
11734,5.75
11735,5.25
11736,0.75
11737,7.25
11738,-1.25
11739,6.5
11740,1.75
11741,6.75
11742,0.25
11743,-35.25
11744,-7.25
11745,9.25
11746,0.75
11747,11.0
11748,12.75
11749,6.0
11750,12.0
11751,7.25
11752,9.0
11753,-0.25
11754,4.75
11755,11.75
11756,13.5
11757,1.25
11758,-0.75
11759,-0.25
11760,-5.75
11761,-6.75
11762,10.5
11763,-0.75
11764,-1.25
11765,-0.25
11766,-0.25
11767,0.75
11768,-0.25
11769,8.75
11770,9.0
11771,-2.25
11772,-0.25
11773,-0.25
11774,-0.25
11775,10.75
11776,8.5
11777,-10.5
11778,1.25
11779,-0.25
11780,15.5
11781,13.0
11782,2.75
11783,0.75
11784,-0.25
11785,0.75
11786,-0.75
11787,0.25
11788,3.75
11789,8.0
11790,7.75
11791,0.75
11792,4.75
11793,9.75
11794,4.25
11795,-0.25
11796,8.75
11797,8.5
11798,-0.75
11799,7.75
11800,9.25
11801,-3.25
11802,-1.25
11803,8.0
11804,-0.25
11805,6.5
11806,10.25
11807,-0.25
11808,-16.75
11809,-0.25
11810,1.25
11811,6.75
11812,-0.75
11813,0.25
11814,4.75
11815,7.0
11816,11.75
11817,16.25
11818,-0.25
11819,7.25
11820,0.75
11821,1.25
11822,-0.75
11823,15.5
11824,-2.25
11825,3.25
11826,-4.25
11827,0.25
11828,0.75
11829,0.25
11830,5.75
11831,0.75
11832,6.0
11833,-0.75
11834,1.25
11835,-1.25
11836,0.75
11837,-0.75
11838,0.25
11839,6.25
11840,0.25
11841,0.75
11842,8.5
11843,0.25
11844,4.25
11845,-0.25
11846,7.75
11847,0.25
11848,-1.25
11849,-5.5
11850,-0.25
11851,12.25
11852,0.25
11853,0.75
11854,5.75
11855,-1.5
11856,4.25
11857,-0.75
11858,-0.25
11859,3.75
11860,-0.75
11861,-0.25
11862,10.75
11863,-0.75
11864,-0.25
11865,-1.25
11866,3.25
11867,0.75
11868,-0.75
11869,7.25
11870,-0.25
11871,-11.0
11872,8.25
11873,10.0
11874,8.5
11875,-0.75
11876,9.0
11877,0.75
11878,0.75
11879,11.5
11880,-0.75
11881,0.75
11882,8.5
11883,-0.25
11884,-0.25
11885,-9.5
11886,3.25
11887,10.25
11888,-1.25
11889,3.75
11890,4.5
11891,0.25
11892,11.5
11893,-16.5
11894,-0.25
11895,10.5
11896,11.5
11897,-0.25
11898,3.0
11899,-0.25
11900,10.5
11901,8.25
11902,0.75
11903,0.75
11904,-0.25
11905,0.75
11906,-0.25
11907,10.0
11908,4.75
11909,2.25
11910,0.75
11911,-4.75
11912,2.75
11913,4.75
11914,-16.25
11915,6.75
11916,-0.75
11917,10.5
11918,8.0
11919,3.75
11920,-1.25
11921,8.25
11922,6.5
11923,11.5
11924,-13.0
11925,-0.75
11926,11.25
11927,0.75
11928,7.75
11929,8.0
11930,-0.25
11931,-11.25
11932,10.5
11933,-0.25
11934,10.5
11935,0.25
11936,0.75
11937,-0.25
11938,-0.25
11939,0.75
11940,-13.75
11941,5.0
11942,0.75
11943,6.75
11944,-0.25
11945,-0.75
11946,1.25
11947,-0.25
11948,2.75
11949,-0.25
11950,2.75
11951,-0.25
11952,-0.25
11953,-0.25
11954,5.25
11955,0.25
11956,0.75
11957,4.25
11958,5.75
11959,4.5
11960,-1.25
11961,-1.25
11962,-0.25
11963,-0.75
11964,-1.25
11965,0.75
11966,0.75
11967,-13.25
11968,6.0
11969,-1.25
11970,3.25
11971,1.25
11972,-0.25
11973,12.75
11974,5.75
11975,-1.25
11976,-0.25
11977,-0.75
11978,2.25
11979,0.75
11980,9.0
11981,10.0
11982,2.25
11983,1.25
11984,5.25
11985,-0.25
11986,-0.75
11987,1.25
11988,0.75
11989,-0.75
11990,-0.75
11991,10.0
11992,-1.25
11993,6.75
11994,0.25
11995,0.75
11996,-0.25
11997,-0.75
11998,4.75
11999,-3.25
12000,10.25
12001,-0.25
12002,11.5
12003,4.25
12004,0.75
12005,-0.25
12006,-0.75
12007,-0.75
12008,-27.0
12009,4.75
12010,12.5
12011,-0.75
12012,1.75
12013,0.75
12014,0.75
12015,2.25
12016,3.75
12017,0.25
12018,8.0
12019,-0.75
12020,-7.0
12021,-0.75
12022,-1.25
12023,-0.25
12024,0.25
12025,-10.25
12026,13.25
12027,0.25
12028,0.75
12029,-0.25
12030,-0.25
12031,9.5
12032,0.75
12033,-0.25
12034,3.25
12035,6.75
12036,6.75
12037,2.25
12038,-1.25
12039,-0.75
12040,-0.75
12041,-0.25
12042,-0.75
12043,-0.75
12044,-0.75
12045,7.0
12046,11.0
12047,-0.75
12048,7.75
12049,5.25
12050,15.5
12051,-0.25
12052,6.25
12053,38.75
12054,7.5
12055,13.0
12056,8.5
12057,8.25
12058,5.25
12059,18.0
12060,-9.0
12061,-0.25
12062,7.25
12063,-5.25
12064,0.25
12065,-2.25
12066,-0.25
12067,13.5
12068,-0.25
12069,-0.25
12070,5.75
12071,0.75
12072,3.75
12073,-0.75
12074,10.0
12075,0.25
12076,9.25
12077,8.5
12078,6.0
12079,7.25
12080,-0.75
12081,-0.25
12082,-5.25
12083,15.0
12084,-10.25
12085,0.75
12086,-0.25
12087,-3.25
12088,1.25
12089,-2.25
12090,-0.75
12091,-1.25
12092,6.75
12093,-0.5
12094,7.5
12095,8.0
12096,4.75
12097,-0.75
12098,14.0
12099,9.5
12100,2.75
12101,9.0
12102,3.25
12103,-0.25
12104,9.25
12105,4.25
12106,-0.25
12107,4.75
12108,0.75
12109,8.0
12110,6.75
12111,-7.25
12112,0.75
12113,10.0
12114,-0.75
12115,-0.25
12116,-0.75
12117,0.25
12118,3.75
12119,-0.25
12120,6.25
12121,2.0
12122,2.25
12123,-1.25
12124,12.5
12125,11.0
12126,-0.25
12127,-2.25
12128,-1.75
12129,-0.75
12130,-0.25
12131,10.5
12132,-1.25
12133,-0.25
12134,0.75
12135,-2.75
12136,20.75
12137,-2.25
12138,6.75
12139,7.0
12140,1.25
12141,-0.75
12142,10.5
12143,1.25
12144,6.75
12145,-0.75
12146,4.25
12147,-4.25
12148,11.25
12149,-0.25
12150,-6.0
12151,5.25
12152,6.5
12153,-0.25
12154,-16.0
12155,11.0
12156,9.25
12157,7.5
12158,12.5
12159,-3.75
12160,7.5
12161,1.75
12162,7.25
12163,1.25
12164,15.5
12165,-0.25
12166,-0.75
12167,6.75
12168,-0.25
12169,8.0
12170,0.25
12171,1.75
12172,5.75
12173,0.75
12174,9.5
12175,11.75
12176,-16.5
12177,7.75
12178,2.25
12179,-0.75
12180,9.5
12181,-1.25
12182,7.25
12183,3.25
12184,7.25
12185,-7.25
12186,4.75
12187,21.5
12188,6.75
12189,-3.0
12190,10.0
12191,-1.25
12192,16.5
12193,0.75
12194,7.25
12195,-0.25
12196,21.0
12197,-0.25
12198,11.5
12199,4.25
12200,2.25
12201,-11.0
12202,0.75
12203,0.25
12204,4.75
12205,6.75
12206,-1.25
12207,2.25
12208,0.75
12209,8.75
12210,8.5
12211,-4.5
12212,2.25
12213,-0.25
12214,0.25
12215,10.75
12216,15.5
12217,8.25
12218,11.5
12219,-11.0
12220,0.75
12221,-0.25
12222,-18.0
12223,10.25
12224,6.75
12225,-5.25
12226,8.5
12227,-10.25
12228,0.25
12229,-16.75
12230,2.75
12231,-0.25
12232,-1.25
12233,-4.25
12234,-6.25
12235,14.5
12236,-0.75
12237,6.0
12238,-0.75
12239,11.5
12240,-0.75
12241,3.75
12242,0.25
12243,-0.25
12244,4.25
12245,-0.75
12246,1.75
12247,2.25
12248,1.75
12249,0.75
12250,-0.25
12251,0.75
12252,-0.25
12253,-0.75
12254,2.25
12255,9.25
12256,-0.75
12257,2.75
12258,-18.25
12259,2.75
12260,3.5
12261,-11.25
12262,-0.75
12263,-0.25
12264,-1.25
12265,-3.25
12266,11.5
12267,1.75
12268,-0.25
12269,9.25
12270,11.0
12271,-0.25
12272,0.75
12273,0.75
12274,-3.25
12275,0.75
12276,-0.75
12277,-1.25
12278,8.75
12279,10.0
12280,-0.25
12281,5.25
12282,0.75
12283,-0.25
12284,6.25
12285,-0.25
12286,-0.25
12287,19.5
12288,-0.75
12289,0.75
12290,-0.25
12291,-0.75
12292,4.75
12293,0.25
12294,-0.25
12295,13.25
12296,0.25
12297,-0.75
12298,-1.5
12299,-0.75
12300,5.25
12301,9.75
12302,0.75
12303,8.25
12304,-1.25
12305,-0.25
12306,-0.25
12307,3.25
12308,-16.0
12309,-9.0
12310,2.75
12311,2.75
12312,5.25
12313,0.75
12314,5.25
12315,4.25
12316,7.75
12317,9.5
12318,7.75
12319,-0.25
12320,4.25
12321,-0.25
12322,0.75
12323,-0.75
12324,-0.25
12325,5.75
12326,0.25
12327,-0.75
12328,8.5
12329,-0.25
12330,6.25
12331,3.75
12332,0.75
12333,15.0
12334,-0.25
12335,2.25
12336,-1.25
12337,3.0
12338,10.0
12339,0.25
12340,-0.25
12341,-0.75
12342,2.75
12343,0.75
12344,0.25
12345,-3.75
12346,-0.25
12347,1.75
12348,4.75
12349,0.75
12350,-0.25
12351,2.25
12352,1.75
12353,6.25
12354,8.5
12355,-0.25
12356,-1.25
12357,-0.25
12358,-2.25
12359,7.5
12360,8.75
12361,6.75
12362,0.75
12363,10.25
12364,0.75
12365,-16.5
12366,9.75
12367,0.25
12368,0.25
12369,6.25
12370,0.75
12371,0.25
12372,7.0
12373,0.75
12374,-0.25
12375,8.0
12376,-5.0
12377,0.75
12378,-2.0
12379,1.75
12380,9.5
12381,1.75
12382,0.75
12383,7.0
12384,-0.75
12385,3.75
12386,-0.75
12387,0.75
12388,8.0
12389,0.25
12390,7.25
12391,-0.75
12392,-3.75
12393,9.0
12394,-3.25
12395,-0.25
12396,-1.25
12397,-0.75
12398,-7.0
12399,-2.75
12400,9.25
12401,-6.5
12402,4.75
12403,-0.75
12404,0.75
12405,-0.75
12406,0.75
12407,1.75
12408,-0.25
12409,11.75
12410,-4.25
12411,2.75
12412,0.75
12413,6.0
12414,4.75
12415,0.75
12416,-0.75
12417,12.0
12418,4.75
12419,11.0
12420,-1.25
12421,4.75
12422,7.25
12423,0.75
12424,2.25
12425,4.25
12426,-0.25
12427,-0.25
12428,0.25
12429,-0.75
12430,-0.75
12431,11.5
12432,-1.25
12433,0.25
12434,13.75
12435,0.75
12436,7.25
12437,5.75
12438,-0.25
12439,-5.25
12440,4.25
12441,10.0
12442,-2.75
12443,-0.75
12444,-0.25
12445,6.75
12446,4.75
12447,10.0
12448,0.25
12449,-22.25
12450,-13.0
12451,3.25
12452,14.75
12453,-2.25
12454,2.25
12455,-0.25
12456,-0.25
12457,3.0
12458,-0.75
12459,7.75
12460,0.25
12461,7.75
12462,0.75
12463,2.75
12464,-0.25
12465,0.75
12466,-0.25
12467,-0.75
12468,9.5
12469,14.75
12470,4.25
12471,14.25
12472,-0.25
12473,3.75
12474,1.75
12475,-0.75
12476,0.75
12477,6.75
12478,5.75
12479,0.25
12480,0.75
12481,0.25
12482,-0.75
12483,-8.25
12484,9.5
12485,6.25
12486,0.75
12487,-0.25
12488,9.25
12489,11.25
12490,8.75
12491,15.0
12492,-0.75
12493,-0.25
12494,1.75
12495,0.75
12496,0.75
12497,-7.25
12498,-0.75
12499,-2.25
12500,12.0
12501,6.75
12502,8.75
12503,0.75
12504,0.25
12505,3.25
12506,8.0
12507,-0.25
12508,5.75
12509,-0.75
12510,6.25
12511,-0.75
12512,0.75
12513,-1.75
12514,-0.75
12515,10.75
12516,-0.75
12517,10.75
12518,8.0
12519,-0.75
12520,1.75
12521,2.75
12522,8.25
12523,6.5
12524,-0.25
12525,0.25
12526,4.0
12527,5.75
12528,9.25
12529,-0.75
12530,1.75
12531,7.25
12532,9.75
12533,4.25
12534,-0.25
12535,-0.25
12536,3.75
12537,6.75
12538,1.25
12539,1.75
12540,-0.75
12541,10.0
12542,6.75
12543,6.0
12544,-10.25
12545,-1.25
12546,0.75
12547,8.75
12548,-0.75
12549,-0.25
12550,15.0
12551,3.75
12552,0.25
12553,-1.25
12554,0.75
12555,1.75
12556,-0.25
12557,-5.25
12558,3.25
12559,8.25
12560,-0.75
12561,-0.25
12562,0.75
12563,10.25
12564,17.75
12565,4.75
12566,6.5
12567,4.25
12568,0.75
12569,2.25
12570,6.5
12571,-0.25
12572,-2.75
12573,10.75
12574,0.75
12575,0.75
12576,-0.25
12577,1.25
12578,0.25
12579,-0.25
12580,1.75
12581,-6.25
12582,2.75
12583,2.25
12584,0.25
12585,0.25
12586,1.25
12587,5.0
12588,7.5
12589,14.5
12590,10.25
12591,-7.25
12592,1.75
12593,0.75
12594,-5.25
12595,3.5
12596,3.25
12597,-0.25
12598,3.25
12599,0.75
12600,-1.5
12601,-4.75
12602,5.75
12603,13.0
12604,2.25
12605,12.25
12606,9.0
12607,4.25
12608,12.5
12609,-4.0
12610,-3.25
12611,11.5
12612,-11.75
12613,0.75
12614,7.75
12615,-0.25
12616,15.0
12617,1.25
12618,7.5
12619,-0.75
12620,0.25
12621,-0.25
12622,12.25
12623,9.25
12624,0.25
12625,-1.25
12626,-0.75
12627,9.0
12628,4.75
12629,-0.75
12630,-6.25
12631,-0.75
12632,-0.25
12633,10.25
12634,-0.75
12635,4.25
12636,1.25
12637,2.25
12638,-13.75
12639,-0.25
12640,0.75
12641,-3.75
12642,-0.25
12643,-4.0
12644,0.25
12645,1.25
12646,-0.25
12647,11.5
12648,0.75
12649,2.75
12650,-0.75
12651,3.75
12652,-0.25
12653,8.5
12654,-0.25
12655,-0.25
12656,-0.25
12657,-0.25
12658,7.5
12659,-0.75
12660,-0.25
12661,-1.25
12662,3.25
12663,-3.75
12664,10.75
12665,-0.75
12666,-0.75
12667,-0.25
12668,1.25
12669,-0.25
12670,-0.25
12671,0.25
12672,0.75
12673,3.75
12674,-0.75
12675,-9.25
12676,-0.25
12677,10.0
12678,-11.75
12679,1.75
12680,12.75
12681,-0.25
12682,1.75
12683,-0.25
12684,12.25
12685,-0.75
12686,-0.75
12687,0.75
12688,-13.5
12689,0.75
12690,-0.75
12691,4.25
12692,-0.75
12693,-11.25
12694,-0.75
12695,5.25
12696,0.25
12697,-2.25
12698,-0.75
12699,-0.25
12700,8.5
12701,-0.75
12702,-14.75
12703,-0.75
12704,0.25
12705,0.75
12706,-1.25
12707,-2.25
12708,8.75
12709,0.75
12710,-0.75
12711,4.75
12712,-0.25
12713,6.75
12714,7.25
12715,5.75
12716,2.25
12717,13.5
12718,1.25
12719,-0.25
12720,-5.75
12721,1.75
12722,8.25
12723,-1.25
12724,-0.75
12725,0.75
12726,9.0
12727,13.0
12728,3.75
12729,-0.25
12730,1.75
12731,-0.25
12732,5.75
12733,9.0
12734,4.75
12735,9.25
12736,-0.75
12737,-0.25
12738,9.5
12739,0.75
12740,-0.25
12741,-0.25
12742,-0.75
12743,0.75
12744,-8.75
12745,-0.25
12746,-0.25
12747,-0.25
12748,-1.25
12749,-0.25
12750,7.5
12751,0.75
12752,-0.75
12753,11.25
12754,0.75
12755,-0.75
12756,-1.25
12757,0.25
12758,-0.25
12759,0.5
12760,-1.25
12761,5.75
12762,3.25
12763,-0.25
12764,0.75
12765,0.75
12766,1.25
12767,0.75
12768,4.25
12769,6.25
12770,1.75
12771,0.25
12772,-3.25
12773,-0.25
12774,0.75
12775,0.25
12776,0.25
12777,-1.25
12778,-0.25
12779,5.75
12780,-1.0
12781,9.5
12782,-0.25
12783,-0.75
12784,-0.25
12785,2.25
12786,0.25
12787,2.75
12788,7.25
12789,4.75
12790,0.25
12791,0.25
12792,-0.75
12793,-1.25
12794,-0.75
12795,6.25
12796,3.75
12797,0.75
12798,0.75
12799,-0.25
12800,-0.25
12801,4.25
12802,10.25
12803,-1.25
12804,-0.75
12805,8.25
12806,1.75
12807,3.25
12808,9.75
12809,3.75
12810,0.75
12811,-0.75
12812,0.25
12813,0.75
12814,12.0
12815,0.25
12816,0.75
12817,0.75
12818,20.75
12819,-0.25
12820,6.5
12821,2.75
12822,6.0
12823,0.25
12824,17.75
12825,6.25
12826,0.75
12827,-1.25
12828,-1.25
12829,-0.25
12830,-1.25
12831,7.0
12832,8.0
12833,-2.75
12834,5.25
12835,2.75
12836,7.75
12837,-0.75
12838,0.25
12839,-0.25
12840,6.25
12841,3.75
12842,0.75
12843,2.25
12844,-0.75
12845,0.25
12846,2.25
12847,0.25
12848,-0.75
12849,6.5
12850,0.25
12851,14.75
12852,-0.75
12853,4.75
12854,10.5
12855,0.75
12856,13.0
12857,-0.25
12858,5.75
12859,1.25
12860,3.25
12861,-14.0
12862,-1.25
12863,4.25
12864,8.25
12865,6.25
12866,-5.25
12867,3.25
12868,5.75
12869,-16.0
12870,11.0
12871,-0.25
12872,-0.75
12873,0.75
12874,1.25
12875,7.25
12876,-0.75
12877,-0.75
12878,-0.25
12879,-11.5
12880,2.0
12881,-15.25
12882,5.25
12883,4.25
12884,1.25
12885,7.25
12886,9.25
12887,5.75
12888,-0.25
12889,-0.25
12890,1.75
12891,9.5
12892,-0.75
12893,-0.25
12894,-16.25
12895,2.75
12896,5.75
12897,9.5
12898,1.75
12899,-0.25
12900,2.25
12901,-4.75
12902,-0.25
12903,0.75
12904,10.5
12905,-0.75
12906,0.75
12907,-2.25
12908,-11.25
12909,2.75
12910,-2.75
12911,1.25
12912,1.75
12913,-1.25
12914,8.0
12915,-0.25
12916,-0.75
12917,-6.25
12918,10.5
12919,-0.75
12920,11.75
12921,-0.75
12922,-9.25
12923,9.0
12924,0.75
12925,0.25
12926,-3.75
12927,0.75
12928,-7.25
12929,-0.25
12930,2.75
12931,9.0
12932,-0.25
12933,-0.75
12934,-4.25
12935,9.75
12936,0.5
12937,-9.5
12938,1.25
12939,1.25
12940,-0.25
12941,-4.25
12942,-3.25
12943,-0.75
12944,-0.25
12945,-0.75
12946,2.25
12947,1.75
12948,0.75
12949,12.25
12950,10.75
12951,4.25
12952,-0.25
12953,0.75
12954,0.25
12955,5.25
12956,-1.25
12957,-0.75
12958,0.75
12959,-0.25
12960,0.25
12961,5.25
12962,5.25
12963,-0.25
12964,2.75
12965,-0.75
12966,-0.25
12967,-0.75
12968,9.0
12969,0.75
12970,5.25
12971,-0.25
12972,-0.75
12973,-0.75
12974,-0.25
12975,-0.75
12976,0.75
12977,10.25
12978,-0.75
12979,-0.75
12980,-0.75
12981,-0.75
12982,-0.25
12983,0.75
12984,-1.25
12985,2.75
12986,2.25
12987,6.25
12988,8.0
12989,-2.75
12990,9.75
12991,-0.25
12992,-0.25
12993,-0.75
12994,-1.25
12995,-0.25
12996,9.25
12997,-13.5
12998,-1.25
12999,-1.25
13000,0.75
13001,-0.75
13002,15.0
13003,-0.75
13004,5.25
13005,-0.25
13006,-0.25
13007,-0.75
13008,-0.75
13009,-0.75
13010,-6.25
13011,1.75
13012,-0.25
13013,-1.25
13014,-1.25
13015,4.25
13016,1.25
13017,0.75
13018,-0.75
13019,-0.25
13020,-0.75
13021,1.0
13022,-11.25
13023,0.75
13024,0.75
13025,6.25
13026,0.75
13027,4.25
13028,0.75
13029,5.25
13030,12.25
13031,0.25
13032,3.25
13033,-9.0
13034,-0.75
13035,-0.75
13036,8.75
13037,-1.25
13038,9.25
13039,-3.5
13040,0.75
13041,-1.25
13042,-10.25
13043,8.5
13044,7.5
13045,2.25
13046,-0.25
13047,-0.25
13048,-3.25
13049,8.0
13050,-0.25
13051,-1.25
13052,7.25
13053,5.25
13054,2.25
13055,2.75
13056,7.25
13057,0.25
13058,0.75
13059,10.25
13060,0.25
13061,0.75
13062,-0.25
13063,-2.25
13064,6.75
13065,6.25
13066,-0.75
13067,1.25
13068,-0.25
13069,8.5
13070,0.25
13071,12.75
13072,-0.75
13073,9.25
13074,-0.75
13075,0.75
13076,7.25
13077,-0.75
13078,-0.75
13079,0.75
13080,-0.75
13081,-1.25
13082,10.5
13083,-0.75
13084,-0.25
13085,-0.75
13086,-0.25
13087,-2.25
13088,0.75
13089,-0.25
13090,7.25
13091,5.75
13092,-0.75
13093,7.5
13094,-0.25
13095,0.75
13096,7.75
13097,-0.25
13098,-0.75
13099,-0.75
13100,11.5
13101,-0.25
13102,-0.25
13103,4.75
13104,1.25
13105,1.25
13106,-0.75
13107,0.75
13108,-0.25
13109,8.0
13110,2.25
13111,-0.25
13112,-1.25
13113,3.75
13114,-12.75
13115,8.0
13116,0.75
13117,-0.75
13118,-0.25
13119,-0.75
13120,9.5
13121,2.25
13122,-0.25
13123,0.75
13124,5.75
13125,9.0
13126,-0.25
13127,0.75
13128,-0.75
13129,1.25
13130,-0.25
13131,0.25
13132,-0.25
13133,-1.75
13134,0.75
13135,0.25
13136,-0.25
13137,0.75
13138,4.25
13139,-1.25
13140,8.25
13141,6.25
13142,7.0
13143,-0.75
13144,-1.25
13145,6.0
13146,-0.75
13147,-0.75
13148,0.25
13149,-0.25
13150,-0.25
13151,5.75
13152,7.75
13153,19.75
13154,0.75
13155,2.25
13156,2.75
13157,-1.25
13158,15.25
13159,0.75
13160,7.25
13161,-2.75
13162,-0.75
13163,0.25
13164,2.25
13165,-0.25
13166,0.75
13167,16.5
13168,-0.25
13169,5.25
13170,0.75
13171,4.25
13172,-0.75
13173,5.75
13174,4.25
13175,0.25
13176,-1.25
13177,-0.75
13178,1.75
13179,3.75
13180,0.25
13181,-0.75
13182,0.75
13183,-0.25
13184,-2.0
13185,14.0
13186,5.25
13187,-1.25
13188,-0.75
13189,-1.25
13190,0.25
13191,0.25
13192,-0.75
13193,0.75
13194,10.0
13195,-0.25
13196,0.75
13197,10.25
13198,7.0
13199,4.25
13200,8.75
13201,6.75
13202,-0.75
13203,8.25
13204,0.75
13205,-0.75
13206,2.25
13207,-0.75
13208,-17.75
13209,-0.75
13210,-0.75
13211,7.25
13212,0.75
13213,-0.25
13214,8.25
13215,-0.25
13216,0.75
13217,5.75
13218,1.25
13219,-3.25
13220,4.25
13221,8.25
13222,-16.75
13223,-0.75
13224,-1.75
13225,-12.25
13226,6.0
13227,12.0
13228,9.25
13229,0.75
13230,-0.25
13231,0.75
13232,4.25
13233,-13.5
13234,13.0
13235,1.25
13236,0.75
13237,-0.25
13238,11.25
13239,-0.25
13240,3.25
13241,-0.75
13242,-0.75
13243,-0.25
13244,1.25
13245,0.25
13246,16.5
13247,4.75
13248,11.5
13249,9.25
13250,1.25
13251,-0.75
13252,-0.25
13253,-2.75
13254,6.75
13255,14.5
13256,1.75
13257,8.5
13258,8.5
13259,-1.25
13260,-3.25
13261,-0.25
13262,0.75
13263,0.25
13264,-5.25
13265,-0.25
13266,8.5
13267,10.25
13268,-0.75
13269,0.75
13270,-1.25
13271,0.75
13272,7.25
13273,-9.75
13274,3.25
13275,-0.25
13276,-0.25
13277,0.75
13278,1.25
13279,0.25
13280,-0.75
13281,6.75
13282,-0.25
13283,1.75
13284,-1.25
13285,4.25
13286,-0.25
13287,1.25
13288,1.75
13289,-11.0
13290,4.25
13291,1.25
13292,12.0
13293,1.75
13294,-14.25
13295,2.75
13296,-0.25
13297,8.0
13298,1.25
13299,-0.25
13300,1.25
13301,0.75
13302,4.5
13303,-1.25
13304,0.25
13305,-0.25
13306,6.75
13307,3.75
13308,3.25
13309,0.25
13310,-0.75
13311,5.25
13312,10.0
13313,-0.25
13314,-1.25
13315,-0.75
13316,0.75
13317,2.75
13318,0.75
13319,-2.75
13320,-8.75
13321,3.25
13322,4.75
13323,-0.25
13324,4.25
13325,3.75
13326,-0.25
13327,1.75
13328,-0.75
13329,-0.75
13330,10.5
13331,3.25
13332,-1.25
13333,4.25
13334,-0.75
13335,-0.25
13336,11.25
13337,-1.25
13338,-0.75
13339,8.75
13340,14.25
13341,0.25
13342,-0.25
13343,0.75
13344,0.75
13345,-7.25
13346,-3.75
13347,7.25
13348,4.75
13349,7.5
13350,15.5
13351,-0.75
13352,8.25
13353,5.25
13354,0.75
13355,3.25
13356,8.5
13357,-0.25
13358,14.5
13359,0.75
13360,0.75
13361,-0.75
13362,-0.25
13363,-1.25
13364,1.25
13365,-19.0
13366,2.75
13367,-0.25
13368,-2.25
13369,2.25
13370,5.25
13371,1.75
13372,-16.25
13373,-1.25
13374,-2.25
13375,-0.25
13376,-1.75
13377,1.75
13378,-0.25
13379,5.25
13380,-1.25
13381,0.25
13382,9.5
13383,1.75
13384,14.0
13385,12.0
13386,-1.0
13387,1.25
13388,0.75
13389,0.75
13390,8.0
13391,-0.25
13392,1.25
13393,3.75
13394,2.25
13395,7.25
13396,14.5
13397,10.75
13398,-0.25
13399,-0.25
13400,-2.75
13401,-1.25
13402,-2.25
13403,7.0
13404,27.5
13405,-1.25
13406,6.25
13407,-6.0
13408,0.25
13409,-1.25
13410,-0.75
13411,-21.25
13412,0.25
13413,10.25
13414,11.0
13415,-3.25
13416,-0.25
13417,12.75
13418,0.25
13419,7.0
13420,-0.75
13421,6.25
13422,-1.25
13423,-0.25
13424,0.25
13425,-1.25
13426,6.5
13427,-0.25
13428,-15.25
13429,0.75
13430,4.75
13431,1.25
13432,11.0
13433,5.25
13434,-0.75
13435,1.75
13436,8.25
13437,3.25
13438,-0.25
13439,6.25
13440,1.75
13441,-0.25
13442,7.0
13443,4.5
13444,-6.5
13445,1.75
13446,11.0
13447,8.75
13448,5.25
13449,8.25
13450,0.75
13451,3.75
13452,0.75
13453,3.75
13454,-1.25
13455,-0.25
13456,12.5
13457,4.25
13458,11.5
13459,-0.25
13460,-3.25
13461,5.25
13462,9.0
13463,-9.5
13464,-0.25
13465,1.25
13466,-1.25
13467,0.75
13468,11.0
13469,3.75
13470,-5.75
13471,-0.75
13472,9.75
13473,8.75
13474,6.25
13475,4.75
13476,6.25
13477,0.75
13478,2.25
13479,-4.75
13480,-1.25
13481,1.75
13482,4.25
13483,-0.75
13484,-0.75
13485,7.25
13486,-1.25
13487,10.0
13488,-0.25
13489,6.25
13490,-0.25
13491,5.25
13492,7.5
13493,10.25
13494,9.0
13495,9.25
13496,-0.25
13497,-2.5
13498,11.25
13499,-0.75
13500,8.0
13501,15.5
13502,-1.25
13503,1.25
13504,6.25
13505,-0.25
13506,-16.0
13507,-0.25
13508,27.5
13509,3.75
13510,0.75
13511,7.0
13512,2.75
13513,-0.25
13514,8.25
13515,9.25
13516,0.75
13517,4.75
13518,-0.75
13519,-0.75
13520,-0.75
13521,7.25
13522,-0.25
13523,0.75
13524,0.75
13525,6.25
13526,0.75
13527,2.5
13528,-0.5
13529,7.25
13530,3.75
13531,6.25
13532,6.0
13533,-0.25
13534,6.0
13535,9.5
13536,-2.25
13537,-0.25
13538,22.75
13539,-6.5
13540,12.5
13541,1.25
13542,0.75
13543,-0.25
13544,-0.75
13545,-3.25
13546,6.25
13547,0.25
13548,0.25
13549,-0.75
13550,-0.25
13551,4.25
13552,-0.25
13553,0.25
13554,3.25
13555,2.75
13556,5.25
13557,-3.75
13558,4.75
13559,-9.25
13560,-0.75
13561,0.75
13562,9.75
13563,-0.25
13564,11.5
13565,10.25
13566,-0.25
13567,1.75
13568,10.75
13569,-2.25
13570,0.75
13571,16.0
13572,7.5
13573,3.0
13574,-0.25
13575,10.5
13576,-1.25
13577,0.75
13578,0.75
13579,-0.75
13580,-0.75
13581,-0.75
13582,4.75
13583,15.0
13584,5.75
13585,0.25
13586,-1.25
13587,2.75
13588,8.75
13589,6.0
13590,5.25
13591,-0.25
13592,4.25
13593,0.25
13594,0.75
13595,17.0
13596,0.75
13597,-2.75
13598,-4.75
13599,9.25
13600,0.75
13601,-2.0
13602,2.25
13603,7.0
13604,-0.75
13605,8.25
13606,2.25
13607,-0.25
13608,13.5
13609,2.75
13610,-2.25
13611,7.75
13612,-0.25
13613,11.5
13614,-0.75
13615,4.25
13616,2.25
13617,0.75
13618,1.75
13619,9.0
13620,0.25
13621,7.75
13622,-0.25
13623,11.75
13624,11.25
13625,1.25
13626,-0.75
13627,16.5
13628,-0.25
13629,0.25
13630,6.75
13631,14.0
13632,3.0
13633,11.5
13634,-0.25
13635,3.75
13636,-0.75
13637,8.25
13638,2.75
13639,-1.25
13640,12.0
13641,-0.25
13642,-2.25
13643,9.5
13644,-1.25
13645,1.25
13646,3.25
13647,1.75
13648,6.5
13649,-11.5
13650,8.25
13651,19.0
13652,10.5
13653,12.0
13654,9.0
13655,0.25
13656,1.25
13657,9.0
13658,4.75
13659,-8.25
13660,-4.25
13661,0.25
13662,6.5
13663,0.5
13664,-0.25
13665,0.75
13666,-12.25
13667,-2.25
13668,-29.25
13669,1.25
13670,-0.75
13671,8.75
13672,2.25
13673,8.75
13674,2.75
13675,9.0
13676,13.0
13677,-13.0
13678,0.25
13679,6.75
13680,1.75
13681,6.25
13682,-27.0
13683,-6.25
13684,7.5
13685,-7.5
13686,3.25
13687,-0.75
13688,-0.25
13689,11.5
13690,18.75
13691,2.75
13692,0.75
13693,0.75
13694,-1.25
13695,-0.75
13696,1.25
13697,3.75
13698,-0.25
13699,2.25
13700,4.75
13701,-1.25
13702,-3.25
13703,-0.75
13704,3.25
13705,-0.75
13706,-1.25
13707,-2.0
13708,10.0
13709,2.25
13710,5.25
13711,-6.0
13712,0.75
13713,5.25
13714,2.25
13715,-0.25
13716,-2.0
13717,2.75
13718,5.25
13719,13.75
13720,-1.75
13721,-1.25
13722,-0.25
13723,-0.75
13724,-0.75
13725,-0.25
13726,9.0
13727,8.0
13728,-0.25
13729,-0.25
13730,3.25
13731,0.25
13732,-0.25
13733,-3.75
13734,0.75
13735,12.25
13736,7.25
13737,7.25
13738,-1.25
13739,15.25
13740,5.25
13741,0.25
13742,-0.25
13743,5.75
13744,10.25
13745,2.75
13746,-8.25
13747,7.75
13748,12.5
13749,-3.0
13750,-1.75
13751,3.75
13752,4.75
13753,2.75
13754,-12.5
13755,6.25
13756,0.25
13757,4.25
13758,-0.25
13759,-0.25
13760,0.25
13761,0.75
13762,-10.5
13763,-0.75
13764,4.75
13765,7.75
13766,0.75
13767,11.25
13768,7.0
13769,-0.75
13770,0.25
13771,-3.25
13772,-0.75
13773,-2.25
13774,-0.25
13775,1.25
13776,0.75
13777,0.75
13778,2.25
13779,-11.0
13780,11.75
13781,-0.25
13782,9.0
13783,0.75
13784,-0.25
13785,-4.75
13786,1.25
13787,-1.25
13788,16.0
13789,9.5
13790,-1.25
13791,-0.25
13792,-3.25
13793,-0.25
13794,0.75
13795,11.75
13796,0.25
13797,-0.25
13798,15.0
13799,-0.25
13800,0.75
13801,-0.25
13802,-3.75
13803,17.25
13804,2.25
13805,0.75
13806,0.25
13807,12.75
13808,11.5
13809,5.0
13810,7.0
13811,-1.5
13812,-2.25
13813,-0.75
13814,0.75
13815,8.75
13816,-0.75
13817,-0.75
13818,0.25
13819,1.75
13820,0.75
13821,-0.75
13822,0.75
13823,7.75
13824,0.75
13825,0.75
13826,10.25
13827,-0.75
13828,9.5
13829,0.75
13830,10.0
13831,-0.25
13832,-0.25
13833,7.25
13834,3.75
13835,-13.0
13836,7.75
13837,-0.75
13838,-0.25
13839,-14.0
13840,11.25
13841,4.25
13842,5.25
13843,0.75
13844,-0.25
13845,0.75
13846,-0.75
13847,-0.75
13848,-1.75
13849,-0.75
13850,-0.25
13851,18.5
13852,4.25
13853,0.75
13854,-18.0
13855,9.0
13856,6.25
13857,-1.25
13858,12.25
13859,-1.25
13860,-0.25
13861,-0.75
13862,0.25
13863,-0.25
13864,-3.75
13865,-6.25
13866,9.75
13867,-1.25
13868,6.5
13869,4.75
13870,7.75
13871,8.5
13872,1.75
13873,-0.75
13874,3.5
13875,2.25
13876,0.25
13877,12.25
13878,0.25
13879,11.25
13880,-0.25
13881,0.25
13882,-0.25
13883,-18.0
13884,-0.75
13885,4.25
13886,6.25
13887,1.75
13888,0.25
13889,6.25
13890,8.25
13891,-0.25
13892,0.75
13893,0.75
13894,0.25
13895,4.75
13896,-5.5
13897,10.75
13898,4.25
13899,-0.75
13900,-2.25
13901,-0.25
13902,-3.5
13903,1.25
13904,3.75
13905,5.5
13906,-0.75
13907,6.0
13908,16.5
13909,3.75
13910,10.5
13911,5.0
13912,-2.25
13913,-8.25
13914,0.75
13915,17.0
13916,0.75
13917,6.75
13918,7.25
13919,3.75
13920,1.25
13921,0.25
13922,11.5
13923,14.25
13924,-10.5
13925,0.75
13926,6.75
13927,8.0
13928,0.75
13929,6.75
13930,0.75
13931,2.25
13932,4.75
13933,0.25
13934,6.0
13935,10.0
13936,4.75
13937,3.25
13938,5.75
13939,4.25
13940,0.25
13941,9.5
13942,14.0
13943,-0.75
13944,-0.25
13945,-0.25
13946,-1.25
13947,-0.75
13948,11.5
13949,6.0
13950,10.25
13951,-16.75
13952,0.75
13953,0.75
13954,9.0
13955,-12.25
13956,8.25
13957,1.0
13958,5.75
13959,5.25
13960,0.25
13961,-1.25
13962,15.5
13963,0.75
13964,13.0
13965,0.75
13966,-11.0
13967,7.75
13968,-1.25
13969,9.75
13970,-13.0
13971,-10.25
13972,14.0
13973,2.75
13974,12.25
13975,9.25
13976,7.25
13977,4.75
13978,-0.75
13979,1.75
13980,-1.25
13981,11.5
13982,-0.25
13983,3.25
13984,0.75
13985,-1.25
13986,4.75
13987,-0.25
13988,4.25
13989,-4.75
13990,3.75
13991,0.75
13992,-0.75
13993,9.25
13994,17.75
13995,1.25
13996,0.75
13997,0.75
13998,-1.25
13999,1.75
14000,1.25
14001,-1.25
14002,3.75
14003,6.25
14004,-6.25
14005,0.25
14006,12.75
14007,-15.25
14008,2.25
14009,1.25
14010,3.75
14011,1.25
14012,0.25
14013,-1.25
14014,7.25
14015,7.75
14016,-0.75
14017,1.75
14018,7.5
14019,-15.75
14020,-0.75
14021,1.75
14022,-0.25
14023,-6.25
14024,8.5
14025,8.75
14026,0.25
14027,-0.25
14028,4.25
14029,0.75
14030,8.5
14031,-2.75
14032,0.25
14033,6.0
14034,8.25
14035,0.75
14036,12.5
14037,-11.5
14038,9.5
14039,-12.5
14040,-7.25
14041,13.0
14042,-0.75
14043,9.0
14044,9.5
14045,-1.25
14046,-0.25
14047,1.25
14048,0.75
14049,-2.25
14050,-0.25
14051,27.0
14052,5.25
14053,-16.0
14054,3.75
14055,5.75
14056,-0.25
14057,0.75
14058,0.75
14059,1.25
14060,-16.5
14061,13.0
14062,15.0
14063,3.25
14064,-1.25
14065,-0.25
14066,-1.25
14067,-1.25
14068,-12.25
14069,6.0
14070,5.75
14071,-0.75
14072,8.75
14073,-0.25
14074,3.75
14075,7.75
14076,0.25
14077,8.5
14078,5.25
14079,-0.25
14080,6.25
14081,-6.75
14082,4.25
14083,1.25
14084,0.75
14085,-0.25
14086,-2.25
14087,5.75
14088,2.75
14089,1.25
14090,1.0
14091,-0.25
14092,9.5
14093,2.25
14094,2.75
14095,0.75
14096,-0.25
14097,-15.25
14098,-0.75
14099,3.75
14100,-0.75
14101,0.25
14102,0.75
14103,1.25
14104,0.25
14105,0.25
14106,-0.75
14107,7.25
14108,2.75
14109,14.0
14110,-0.25
14111,2.75
14112,1.25
14113,-0.75
14114,0.25
14115,0.25
14116,0.25
14117,-4.25
14118,5.75
14119,3.25
14120,-0.75
14121,4.75
14122,-0.25
14123,6.75
14124,9.5
14125,-2.25
14126,9.75
14127,6.75
14128,-0.25
14129,5.25
14130,5.75
14131,9.25
14132,-0.75
14133,-0.25
14134,5.25
14135,0.25
14136,7.75
14137,-0.25
14138,0.25
14139,-0.25
14140,4.75
14141,-0.25
14142,4.25
14143,-0.25
14144,-5.25
14145,12.75
14146,4.25
14147,3.25
14148,-0.25
14149,-0.25
14150,4.75
14151,0.25
14152,-0.25
14153,1.75
14154,0.75
14155,0.75
14156,0.25
14157,2.75
14158,0.25
14159,-7.25
14160,0.75
14161,-12.25
14162,1.25
14163,1.75
14164,6.25
14165,-1.25
14166,-0.25
14167,-0.25
14168,-0.25
14169,-0.25
14170,5.25
14171,3.25
14172,6.25
14173,-0.75
14174,-0.75
14175,0.25
14176,13.0
14177,1.25
14178,0.75
14179,11.0
14180,-2.25
14181,27.5
14182,-1.75
14183,-11.25
14184,1.75
14185,14.5
14186,2.75
14187,-0.25
14188,1.25
14189,-0.75
14190,5.75
14191,-0.25
14192,-0.25
14193,0.25
14194,-0.75
14195,-0.25
14196,9.25
14197,-0.75
14198,0.25
14199,2.75
14200,1.25
14201,-0.25
14202,3.75
14203,0.75
14204,6.75
14205,-0.25
14206,-15.5
14207,-0.25
14208,-0.25
14209,-0.75
14210,0.25
14211,4.75
14212,-0.25
14213,2.25
14214,0.25
14215,3.75
14216,0.75
14217,-1.25
14218,9.75
14219,19.0
14220,-0.25
14221,0.75
14222,3.75
14223,-1.25
14224,0.75
14225,-0.25
14226,-5.25
14227,6.75
14228,-8.25
14229,-0.75
14230,-0.75
14231,-0.75
14232,-0.25
14233,9.75
14234,2.75
14235,-1.25
14236,-0.75
14237,2.25
14238,10.5
14239,-0.75
14240,-3.75
14241,4.75
14242,1.75
14243,11.0
14244,0.25
14245,0.75
14246,-1.75
14247,0.25
14248,-2.25
14249,0.25
14250,-1.25
14251,0.75
14252,-1.25
14253,7.25
14254,15.5
14255,0.75
14256,-0.25
14257,-0.25
14258,1.75
14259,2.25
14260,-0.25
14261,2.25
14262,14.0
14263,4.5
14264,-0.75
14265,20.75
14266,-1.25
14267,3.75
14268,8.0
14269,-1.25
14270,0.5
14271,-3.25
14272,-3.5
14273,4.25
14274,-0.25
14275,-2.25
14276,-0.75
14277,-6.75
14278,-2.25
14279,-0.75
14280,-0.25
14281,1.25
14282,-12.25
14283,-0.25
14284,-0.75
14285,-0.25
14286,-0.75
14287,7.5
14288,0.75
14289,5.25
14290,-2.25
14291,-0.75
14292,5.75
14293,-0.75
14294,-0.25
14295,-0.25
14296,15.75
14297,7.0
14298,1.5
14299,1.75
14300,-0.75
14301,-0.75
14302,8.0
14303,1.75
14304,0.75
14305,-0.25
14306,0.25
14307,-2.75
14308,-0.25
14309,-0.75
14310,4.75
14311,0.75
14312,6.25
14313,0.75
14314,-0.75
14315,-0.25
14316,6.75
14317,-0.75
14318,0.25
14319,9.75
14320,-0.75
14321,-1.25
14322,0.75
14323,5.25
14324,4.75
14325,-0.75
14326,0.75
14327,-9.75
14328,8.25
14329,0.25
14330,-0.25
14331,-0.25
14332,4.25
14333,-8.25
14334,-0.25
14335,-10.25
14336,8.75
14337,2.25
14338,-0.25
14339,7.0
14340,12.75
14341,1.25
14342,-0.25
14343,5.75
14344,4.75
14345,5.75
14346,6.25
14347,-0.75
14348,14.5
14349,0.25
14350,9.25
14351,1.75
14352,-0.75
14353,2.25
14354,-0.75
14355,-1.25
14356,-0.25
14357,4.75
14358,-0.25
14359,10.0
14360,11.0
14361,-0.75
14362,1.25
14363,0.75
14364,2.25
14365,-1.25
14366,-5.25
14367,-0.25
14368,-0.75
14369,2.75
14370,-10.25
14371,-1.25
14372,-1.25
14373,-0.25
14374,2.75
14375,8.0
14376,3.75
14377,0.75
14378,8.25
14379,2.25
14380,-0.25
14381,3.25
14382,-1.25
14383,-0.75
14384,-0.75
14385,0.75
14386,-0.25
14387,7.25
14388,3.25
14389,-2.25
14390,-0.75
14391,-3.25
14392,-0.25
14393,-0.25
14394,-0.25
14395,8.5
14396,-0.25
14397,6.5
14398,6.25
14399,0.75
14400,10.0
14401,0.75
14402,0.75
14403,3.25
14404,-0.25
14405,3.75
14406,6.25
14407,-0.75
14408,-0.75
14409,4.75
14410,0.75
14411,0.75
14412,9.25
14413,-0.25
14414,11.25
14415,9.5
14416,-0.75
14417,10.75
14418,-3.25
14419,7.0
14420,-3.75
14421,4.75
14422,-3.25
14423,24.0
14424,-0.25
14425,-0.75
14426,-0.25
14427,8.25
14428,0.75
14429,4.75
14430,-0.75
14431,0.75
14432,2.25
14433,-0.75
14434,4.75
14435,0.75
14436,-0.75
14437,-0.75
14438,11.25
14439,-0.25
14440,2.25
14441,-0.75
14442,-0.75
14443,9.0
14444,10.75
14445,2.25
14446,-1.25
14447,0.75
14448,10.5
14449,-0.75
14450,5.25
14451,12.75
14452,-0.75
14453,-19.25
14454,2.25
14455,13.5
14456,12.5
14457,-0.25
14458,0.25
14459,0.75
14460,0.25
14461,10.25
14462,8.0
14463,-0.25
14464,-0.75
14465,0.75
14466,6.0
14467,-1.25
14468,-0.25
14469,-0.75
14470,0.75
14471,7.25
14472,-2.25
14473,-0.75
14474,-0.25
14475,0.25
14476,-0.75
14477,-0.75
14478,0.75
14479,8.5
14480,0.25
14481,10.5
14482,-0.25
14483,0.75
14484,0.5
14485,0.75
14486,-0.25
14487,-0.25
14488,13.5
14489,-0.75
14490,-0.25
14491,-0.75
14492,12.5
14493,-0.25
14494,10.0
14495,-9.25
14496,8.5
14497,24.0
14498,-0.25
14499,11.5
14500,12.0
14501,8.25
14502,1.25
14503,9.5
14504,15.25
14505,4.75
14506,-0.75
14507,4.25
14508,-3.25
14509,0.25
14510,8.25
14511,14.5
14512,3.75
14513,8.5
14514,0.75
14515,10.5
14516,10.5
14517,7.25
14518,32.0
14519,10.5
14520,-0.25
14521,0.75
14522,-0.25
14523,-11.0
14524,3.75
14525,1.75
14526,-0.75
14527,15.75
14528,19.25
14529,0.75
14530,9.5
14531,0.25
14532,-0.25
14533,-0.25
14534,4.75
14535,-0.25
14536,-0.75
14537,4.25
14538,-0.75
14539,5.75
14540,-1.25
14541,-0.75
14542,8.5
14543,-0.75
14544,4.25
14545,6.25
14546,-10.25
14547,-0.25
14548,4.75
14549,-6.25
14550,0.75
14551,3.75
14552,7.0
14553,-0.25
14554,0.5
14555,-0.75
14556,-0.25
14557,-5.75
14558,2.0
14559,0.25
14560,6.25
14561,10.5
14562,13.5
14563,24.0
14564,-0.75
14565,16.5
14566,3.75
14567,3.75
14568,8.75
14569,-0.25
14570,-4.25
14571,7.0
14572,4.5
14573,-9.25
14574,8.75
14575,4.25
14576,2.0
14577,-11.5
14578,4.0
14579,2.25
14580,-0.75
14581,6.25
14582,-3.75
14583,9.5
14584,19.75
14585,0.75
14586,-6.0
14587,0.75
14588,3.75
14589,9.0
14590,8.5
14591,-6.5
14592,-0.25
14593,-3.25
14594,9.25
14595,10.5
14596,8.25
14597,2.25
14598,1.75
14599,3.25
14600,4.75
14601,-0.25
14602,8.0
14603,-8.75
14604,6.5
14605,-1.25
14606,2.75
14607,0.25
14608,3.75
14609,11.5
14610,11.75
14611,0.25
14612,13.5
14613,8.75
14614,10.0
14615,24.0
14616,0.25
14617,12.75
14618,-1.0
14619,5.75
14620,-1.25
14621,-7.0
14622,15.75
14623,-3.0
14624,8.25
14625,-1.25
14626,-0.75
14627,0.5
14628,5.75
14629,-5.25
14630,-6.5
14631,10.0
14632,-0.25
14633,-0.75
14634,3.25
14635,2.75
14636,6.75
14637,0.75
14638,8.25
14639,2.75
14640,1.75
14641,5.25
14642,8.25
14643,6.75
14644,-13.0
14645,-0.5
14646,2.25
14647,1.25
14648,7.5
14649,4.25
14650,-7.75
14651,11.5
14652,2.75
14653,-0.75
14654,5.0
14655,7.25
14656,11.25
14657,0.75
14658,0.75
14659,0.75
14660,-1.25
14661,2.75
14662,8.5
14663,10.5
14664,9.0
14665,0.75
14666,2.75
14667,-0.25
14668,-3.25
14669,-0.5
14670,9.5
14671,12.5
14672,6.75
14673,-11.0
14674,2.25
14675,11.75
14676,8.75
14677,14.5
14678,10.5
14679,-0.25
14680,-0.75
14681,10.0
14682,0.25
14683,11.25
14684,4.75
14685,-0.25
14686,0.75
14687,14.25
14688,-0.25
14689,7.25
14690,9.25
14691,-0.25
14692,10.0
14693,8.25
14694,10.5
14695,-1.25
14696,-0.25
14697,7.0
14698,4.75
14699,23.0
14700,7.0
14701,3.25
14702,-0.75
14703,7.0
14704,-16.0
14705,4.5
14706,-3.5
14707,0.75
14708,13.0
14709,14.5
14710,10.75
14711,3.75
14712,-14.25
14713,1.25
14714,0.75
14715,2.25
14716,10.25
14717,12.0
14718,7.75
14719,-0.25
14720,7.5
14721,9.0
14722,-8.25
14723,7.5
14724,6.25
14725,8.25
14726,6.0
14727,8.5
14728,12.5
14729,10.5
14730,10.25
14731,10.5
14732,-0.25
14733,18.5
14734,4.0
14735,-0.25
14736,-0.25
14737,0.75
14738,2.25
14739,2.25
14740,1.25
14741,13.0
14742,17.0
14743,10.75
14744,2.75
14745,9.0
14746,7.25
14747,8.5
14748,13.0
14749,5.75
14750,-0.75
14751,12.5
14752,0.75
14753,10.5
14754,-1.25
14755,3.75
14756,11.0
14757,9.5
14758,7.0
14759,1.75
14760,-30.5
14761,-0.75
14762,-5.5
14763,2.25
14764,-2.5
14765,2.25
14766,15.0
14767,-4.25
14768,3.25
14769,5.5
14770,2.25
14771,-5.5
14772,-9.5
14773,10.5
14774,4.75
14775,9.5
14776,-17.25
14777,9.5
14778,13.0
14779,0.25
14780,0.25
14781,-5.75
14782,3.75
14783,16.5
14784,6.75
14785,4.75
14786,7.0
14787,6.25
14788,3.75
14789,3.25
14790,-2.25
14791,13.5
14792,-8.75
14793,1.75
14794,6.75
14795,9.25
14796,3.25
14797,-1.25
14798,9.0
14799,8.0
14800,-0.75
14801,9.0
14802,1.25
14803,0.25
14804,9.75
14805,2.75
14806,0.75
14807,-2.25
14808,-0.25
14809,0.75
14810,0.75
14811,4.75
14812,8.75
14813,-9.25
14814,-4.25
14815,2.0
14816,0.25
14817,-4.25
14818,6.75
14819,2.5
14820,-13.75
14821,0.75
14822,0.75
14823,4.25
14824,12.5
14825,1.75
14826,8.0
14827,-0.75
14828,7.0
14829,0.75
14830,-3.25
14831,11.5
14832,5.25
14833,12.25
14834,7.25
14835,-10.5
14836,6.25
14837,8.25
14838,-0.75
14839,2.75
14840,9.5
14841,14.25
14842,6.75
14843,3.25
14844,8.25
14845,7.5
14846,10.25
14847,14.5
14848,9.5
14849,5.5
14850,9.75
14851,3.25
14852,-3.75
14853,-5.25
14854,-1.25
14855,12.5
14856,-1.25
14857,-16.0
14858,0.75
14859,-0.25
14860,-0.75
14861,-5.0
14862,-11.5
14863,9.25
14864,3.25
14865,0.75
14866,-1.25
14867,10.0
14868,-0.25
14869,-3.25
14870,9.5
14871,8.25
14872,7.25
14873,11.5
14874,9.5
14875,0.25
14876,17.5
14877,-0.75
14878,6.5
14879,-0.75
14880,-11.0
14881,-0.25
14882,-0.25
14883,-7.75
14884,7.75
14885,4.75
14886,4.5
14887,3.75
14888,0.75
14889,6.25
14890,4.25
14891,-16.0
14892,11.75
14893,-4.25
14894,-0.25
14895,0.25
14896,10.25
14897,-0.25
14898,8.75
14899,6.75
14900,3.75
14901,2.25
14902,3.25
14903,7.25
14904,7.25
14905,-1.25
14906,-0.75
14907,1.75
14908,-0.75
14909,-7.25
14910,-0.75
14911,-0.75
14912,5.25
14913,0.25
14914,6.75
14915,-0.25
14916,-18.75
14917,6.5
14918,0.75
14919,-13.0
14920,0.75
14921,1.25
14922,3.75
14923,2.25
14924,-0.25
14925,9.25
14926,8.5
14927,-0.25
14928,0.75
14929,0.25
14930,-1.25
14931,9.5
14932,2.25
14933,-0.75
14934,-5.25
14935,0.25
14936,-0.75
14937,-2.0
14938,0.25
14939,0.25
14940,-0.75
14941,-20.0
14942,-0.25
14943,-0.25
14944,-0.75
14945,0.75
14946,3.75
14947,6.25
14948,5.75
14949,-0.25
14950,5.75
14951,14.25
14952,13.25
14953,18.25
14954,0.75
14955,-0.25
14956,0.75
14957,-0.25
14958,-0.75
14959,10.5
14960,-5.25
14961,11.25
14962,0.75
14963,6.25
14964,8.75
14965,5.75
14966,-0.25
14967,0.25
14968,-0.25
14969,10.25
14970,7.5
14971,0.75
14972,0.25
14973,5.25
14974,0.75
14975,-0.25
14976,3.75
14977,9.75
14978,8.75
14979,1.75
14980,7.75
14981,-0.25
14982,4.75
14983,-1.25
14984,2.75
14985,0.75
14986,5.25
14987,2.25
14988,3.75
14989,-0.25
14990,4.25
14991,1.25
14992,5.25
14993,-1.25
14994,-0.75
14995,4.75
14996,-0.25
14997,-3.25
14998,7.0
14999,1.75
15000,4.75
15001,-1.25
15002,-2.25
15003,4.75
15004,-0.75
15005,1.25
15006,-0.75
15007,0.75
15008,0.75
15009,0.25
15010,-1.25
15011,3.75
15012,-0.75
15013,-0.75
15014,-0.75
15015,5.0
15016,0.75
15017,0.25
15018,5.25
15019,-9.25
15020,8.75
15021,10.25
15022,1.75
15023,-0.25
15024,-1.25
15025,8.25
15026,12.75
15027,0.25
15028,-11.25
15029,3.25
15030,-2.25
15031,7.0
15032,10.75
15033,-1.25
15034,-0.75
15035,-6.25
15036,-0.25
15037,0.25
15038,0.25
15039,6.25
15040,-0.75
15041,6.75
15042,-0.25
15043,1.75
15044,7.5
15045,-0.75
15046,3.75
15047,11.75
15048,13.25
15049,5.25
15050,14.0
15051,-0.75
15052,-0.75
15053,-3.75
15054,4.25
15055,2.75
15056,5.25
15057,5.75
15058,-0.75
15059,3.75
15060,-12.25
15061,3.75
15062,-0.25
15063,4.25
15064,7.75
15065,0.75
15066,0.25
15067,4.25
15068,3.75
15069,-0.75
15070,8.5
15071,-0.25
15072,-0.75
15073,-0.75
15074,-7.25
15075,8.5
15076,12.5
15077,10.75
15078,3.25
15079,6.75
15080,-0.75
15081,-12.75
15082,2.75
15083,-0.75
15084,-0.25
15085,-0.75
15086,4.75
15087,-4.25
15088,5.25
15089,-0.75
15090,-0.25
15091,-0.25
15092,-1.25
15093,-1.25
15094,-0.75
15095,10.25
15096,-0.25
15097,5.75
15098,0.75
15099,-0.75
15100,4.75
15101,-0.75
15102,5.75
15103,11.25
15104,-0.75
15105,11.75
15106,-0.75
15107,6.0
15108,-1.25
15109,5.75
15110,5.25
15111,0.25
15112,2.75
15113,0.75
15114,-0.25
15115,3.25
15116,-2.75
15117,-0.25
15118,-0.75
15119,0.75
15120,2.25
15121,12.5
15122,8.25
15123,-0.25
15124,-1.25
15125,-0.75
15126,5.75
15127,0.75
15128,7.75
15129,-0.75
15130,-3.25
15131,-0.75
15132,-0.75
15133,12.5
15134,1.25
15135,0.25
15136,3.25
15137,2.25
15138,-0.25
15139,-1.25
15140,2.75
15141,0.75
15142,-1.25
15143,-0.25
15144,3.0
15145,11.25
15146,0.25
15147,-0.25
15148,12.5
15149,7.25
15150,-0.75
15151,-0.75
15152,3.25
15153,0.25
15154,0.75
15155,2.25
15156,3.25
15157,-0.75
15158,-0.25
15159,2.25
15160,1.75
15161,-0.25
15162,5.25
15163,8.5
15164,-0.75
15165,4.75
15166,-1.75
15167,-6.25
15168,0.75
15169,0.75
15170,-4.25
15171,18.0
15172,7.75
15173,8.75
15174,-2.25
15175,-0.25
15176,-0.75
15177,0.75
15178,0.25
15179,0.75
15180,-15.5
15181,-0.75
15182,1.25
15183,10.75
15184,-0.75
15185,-1.25
15186,5.25
15187,-0.25
15188,12.25
15189,0.75
15190,-0.25
15191,-1.25
15192,0.75
15193,-16.75
15194,4.25
15195,2.0
15196,2.25
15197,12.75
15198,-1.25
15199,-0.25
15200,3.25
15201,-6.5
15202,15.0
15203,-6.5
15204,-0.25
15205,7.0
15206,-9.5
15207,0.75
15208,11.0
15209,10.5
15210,-0.25
15211,-9.25
15212,-1.25
15213,-0.75
15214,6.25
15215,0.75
15216,2.75
15217,0.25
15218,15.0
15219,-0.25
15220,5.25
15221,-0.25
15222,8.25
15223,3.25
15224,-0.75
15225,9.25
15226,3.75
15227,0.75
15228,-0.25
15229,-1.25
15230,5.25
15231,-3.25
15232,2.75
15233,4.75
15234,-0.25
15235,-0.25
15236,3.75
15237,3.75
15238,-0.25
15239,0.75
15240,8.0
15241,4.25
15242,6.25
15243,8.5
15244,-6.25
15245,2.75
15246,2.25
15247,4.75
15248,-0.75
15249,-0.25
15250,-0.75
15251,0.25
15252,2.25
15253,-0.75
15254,-0.75
15255,-0.25
15256,-0.25
15257,9.75
15258,-0.25
15259,7.25
15260,-24.25
15261,-0.75
15262,-0.75
15263,3.75
15264,-1.25
15265,-0.75
15266,3.75
15267,3.75
15268,-1.75
15269,13.0
15270,-0.75
15271,3.75
15272,7.25
15273,-0.75
15274,1.25
15275,0.25
15276,-0.25
15277,-0.25
15278,-1.25
15279,0.75
15280,9.25
15281,6.75
15282,0.75
15283,0.75
15284,4.25
15285,15.0
15286,0.75
15287,12.5
15288,10.5
15289,5.75
15290,1.25
15291,-0.25
15292,12.0
15293,-10.75
15294,6.25
15295,2.75
15296,0.75
15297,-0.75
15298,-9.0
15299,-8.25
15300,-4.25
15301,-0.25
15302,0.75
15303,-1.25
15304,1.25
15305,-0.25
15306,-8.75
15307,9.5
15308,0.75
15309,-0.75
15310,1.75
15311,-0.25
15312,5.75
15313,-3.75
15314,-1.25
15315,-0.75
15316,3.25
15317,6.75
15318,4.25
15319,2.25
15320,-0.75
15321,1.75
15322,15.0
15323,-0.75
15324,15.75
15325,-9.25
15326,-1.25
15327,-0.75
15328,9.0
15329,13.75
15330,11.25
15331,0.75
15332,0.75
15333,5.75
15334,4.5
15335,0.75
15336,3.25
15337,-0.75
15338,10.0
15339,5.75
15340,-0.25
15341,-0.75
15342,0.25
15343,8.75
15344,-0.25
15345,-0.25
15346,-0.25
15347,-1.25
15348,0.25
15349,-0.25
15350,5.25
15351,-0.25
15352,-0.25
15353,-0.75
15354,0.75
15355,0.75
15356,13.75
15357,1.25
15358,-3.25
15359,0.75
15360,4.75
15361,0.75
15362,0.75
15363,-0.25
15364,5.75
15365,-1.25
15366,1.75
15367,-0.25
15368,0.75
15369,8.75
15370,-0.75
15371,0.75
15372,0.75
15373,-0.75
15374,-0.75
15375,-0.25
15376,-0.25
15377,-0.25
15378,7.0
15379,-0.25
15380,5.25
15381,7.0
15382,11.75
15383,9.25
15384,-13.0
15385,-0.25
15386,0.75
15387,-0.75
15388,-0.25
15389,-0.75
15390,-6.25
15391,-6.5
15392,-1.25
15393,4.75
15394,8.25
15395,0.75
15396,-0.25
15397,12.0
15398,0.75
15399,9.25
15400,0.75
15401,3.25
15402,2.75
15403,-3.25
15404,5.25
15405,-15.75
15406,-0.75
15407,-11.25
15408,4.75
15409,0.75
15410,-0.75
15411,-11.25
15412,4.25
15413,0.25
15414,-0.75
15415,2.25
15416,-0.25
15417,0.75
15418,1.25
15419,4.5
15420,5.25
15421,14.0
15422,-11.25
15423,0.75
15424,7.0
15425,3.25
15426,3.75
15427,-0.75
15428,0.75
15429,-0.75
15430,-0.75
15431,3.25
15432,2.75
15433,-0.75
15434,3.75
15435,0.75
15436,6.0
15437,-0.25
15438,0.75
15439,1.75
15440,0.75
15441,0.75
15442,-0.25
15443,-0.75
15444,-0.25
15445,-10.25
15446,-0.75
15447,5.75
15448,0.75
15449,0.75
15450,-0.25
15451,0.75
15452,8.25
15453,3.25
15454,-0.25
15455,-0.75
15456,-0.75
15457,0.75
15458,0.75
15459,3.75
15460,0.25
15461,-0.25
15462,12.5
15463,7.25
15464,6.75
15465,1.25
15466,0.25
15467,-10.25
15468,11.0
15469,8.5
15470,-2.75
15471,0.25
15472,-4.25
15473,0.75
15474,1.75
15475,1.75
15476,-0.75
15477,10.5
15478,12.5
15479,10.25
15480,-0.25
15481,5.25
15482,-0.25
15483,0.75
15484,10.25
15485,-0.25
15486,-0.75
15487,-12.0
15488,-0.25
15489,-0.25
15490,0.75
15491,0.75
15492,9.5
15493,-0.25
15494,0.25
15495,3.5
15496,9.0
15497,0.75
15498,-1.25
15499,10.0
15500,3.75
15501,-0.25
15502,-0.25
15503,1.75
15504,0.25
15505,0.25
15506,-0.25
15507,5.0
15508,-0.75
15509,-0.25
15510,10.0
15511,-0.75
15512,14.5
15513,-5.25
15514,2.75
15515,8.0
15516,0.75
15517,0.75
15518,-0.25
15519,6.75
15520,0.25
15521,-0.25
15522,8.75
15523,-1.25
15524,-0.25
15525,-0.25
15526,1.75
15527,-0.25
15528,-0.25
15529,0.25
15530,7.75
15531,1.25
15532,1.25
15533,3.25
15534,6.75
15535,18.0
15536,-0.25
15537,-1.0
15538,-0.25
15539,-0.75
15540,5.75
15541,1.25
15542,-0.75
15543,11.25
15544,-5.25
15545,0.75
15546,0.75
15547,-0.25
15548,4.25
15549,7.25
15550,-0.25
15551,10.75
15552,9.25
15553,15.0
15554,4.75
15555,-0.75
15556,11.0
15557,7.25
15558,15.5
15559,6.75
15560,0.75
15561,-0.25
15562,6.25
15563,4.5
15564,-0.75
15565,3.25
15566,3.25
15567,-0.75
15568,7.0
15569,0.75
15570,-0.75
15571,0.75
15572,-0.75
15573,0.75
15574,-0.25
15575,8.5
15576,-8.0
15577,0.75
15578,0.75
15579,-0.75
15580,0.25
15581,0.75
15582,7.25
15583,0.25
15584,-0.25
15585,-10.25
15586,-0.25
15587,1.25
15588,0.75
15589,-1.25
15590,4.25
15591,5.25
15592,9.25
15593,-0.25
15594,-0.75
15595,9.0
15596,1.25
15597,4.5
15598,-6.75
15599,0.25
15600,-0.25
15601,6.5
15602,-0.25
15603,-0.25
15604,-0.75
15605,-0.25
15606,-12.25
15607,-11.25
15608,12.5
15609,-0.75
15610,-0.25
15611,9.25
15612,0.25
15613,-0.75
15614,-0.25
15615,-0.75
15616,7.25
15617,6.25
15618,-0.75
15619,0.25
15620,-0.25
15621,4.75
15622,-0.25
15623,-1.25
15624,-0.75
15625,8.5
15626,0.75
15627,-3.25
15628,0.75
15629,-5.75
15630,-1.25
15631,13.0
15632,-5.25
15633,-2.0
15634,0.75
15635,-0.75
15636,1.25
15637,-14.5
15638,-0.25
15639,-2.25
15640,-0.25
15641,-0.25
15642,5.25
15643,-1.25
15644,0.75
15645,7.75
15646,9.0
15647,-1.25
15648,0.75
15649,-0.25
15650,-0.25
15651,0.75
15652,2.75
15653,0.75
15654,0.25
15655,8.75
15656,0.75
15657,0.75
15658,9.75
15659,1.75
15660,11.25
15661,-0.25
15662,6.25
15663,4.75
15664,-0.75
15665,4.75
15666,-13.5
15667,0.75
15668,-0.25
15669,5.25
15670,7.75
15671,-1.25
15672,-0.25
15673,-0.25
15674,-0.25
15675,3.75
15676,-1.25
15677,-0.25
15678,0.75
15679,0.25
15680,-0.75
15681,-0.25
15682,0.25
15683,-0.25
15684,9.25
15685,9.5
15686,-0.25
15687,0.75
15688,-0.75
15689,8.25
15690,3.75
15691,3.25
15692,5.5
15693,-0.25
15694,-0.25
15695,14.25
15696,-0.25
15697,-0.75
15698,2.25
15699,-0.25
15700,0.25
15701,-0.25
15702,5.25
15703,1.25
15704,10.5
15705,3.25
15706,-7.25
15707,-0.25
15708,7.25
15709,-0.25
15710,-0.25
15711,-0.25
15712,9.25
15713,-23.0
15714,0.25
15715,0.75
15716,10.25
15717,0.25
15718,8.0
15719,3.25
15720,3.75
15721,-2.25
15722,0.75
15723,6.75
15724,-10.25
15725,3.75
15726,-0.75
15727,10.75
15728,7.25
15729,-2.25
15730,-0.25
15731,0.25
15732,-1.25
15733,3.75
15734,1.75
15735,3.25
15736,-5.25
15737,0.75
15738,2.75
15739,5.75
15740,3.25
15741,4.25
15742,3.25
15743,6.25
15744,0.75
15745,0.25
15746,4.75
15747,10.25
15748,-0.75
15749,-0.25
15750,0.75
15751,9.75
15752,4.75
15753,-0.25
15754,11.25
15755,-4.25
15756,-15.5
15757,-0.25
15758,-0.75
15759,-0.75
15760,9.25
15761,0.75
15762,-9.25
15763,0.75
15764,2.25
15765,6.75
15766,7.75
15767,2.25
15768,6.25
15769,5.25
15770,2.75
15771,3.75
15772,-12.75
15773,11.75
15774,-0.75
15775,-0.75
15776,-0.25
15777,2.75
15778,-1.25
15779,4.25
15780,7.75
15781,-0.75
15782,0.75
15783,-0.75
15784,4.25
15785,-1.25
15786,-4.25
15787,8.75
15788,-0.75
15789,-0.25
15790,-0.25
15791,-0.25
15792,0.75
15793,-9.25
15794,0.75
15795,3.25
15796,-0.25
15797,0.25
15798,4.25
15799,0.75
15800,0.25
15801,-0.25
15802,-0.25
15803,1.75
15804,-2.25
15805,0.75
15806,-0.25
15807,0.75
15808,0.25
15809,-0.25
15810,-0.25
15811,11.25
15812,-3.75
15813,2.25
15814,-0.75
15815,11.75
15816,9.0
15817,-0.25
15818,-22.25
15819,-0.75
15820,-0.25
15821,0.75
15822,8.25
15823,5.75
15824,-13.25
15825,-3.25
15826,0.75
15827,0.25
15828,0.25
15829,0.25
15830,7.25
15831,-0.75
15832,-0.25
15833,7.75
15834,-0.25
15835,6.75
15836,0.75
15837,-0.75
15838,10.75
15839,1.75
15840,-0.25
15841,-0.25
15842,-0.75
15843,-0.75
15844,-0.75
15845,-0.25
15846,-1.25
15847,-0.25
15848,-0.25
15849,4.75
15850,-0.25
15851,2.75
15852,8.75
15853,4.75
15854,-0.75
15855,2.75
15856,1.75
15857,3.75
15858,2.75
15859,-4.75
15860,0.75
15861,-0.75
15862,10.75
15863,0.25
15864,2.75
15865,9.75
15866,0.75
15867,0.25
15868,-0.75
15869,0.75
15870,2.75
15871,4.25
15872,-0.75
15873,-0.75
15874,5.25
15875,2.25
15876,2.25
15877,-0.75
15878,4.25
15879,0.75
15880,-1.25
15881,1.25
15882,5.25
15883,-0.75
15884,7.75
15885,1.25
15886,3.25
15887,5.75
15888,-2.25
15889,2.75
15890,0.75
15891,-0.25
15892,0.25
15893,0.25
15894,-0.25
15895,5.75
15896,-0.75
15897,0.75
15898,4.75
15899,3.75
15900,-1.25
15901,0.75
15902,6.75
15903,-0.75
15904,-0.75
15905,-0.75
15906,-0.75
15907,5.75
15908,-0.25
15909,8.75
15910,-0.75
15911,2.75
15912,4.25
15913,4.75
15914,0.75
15915,2.25
15916,0.75
15917,7.25
15918,1.25
15919,-1.25
15920,0.25
15921,1.25
15922,8.75
15923,-0.25
15924,0.25
15925,1.25
15926,0.75
15927,-2.25
15928,-0.25
15929,9.75
15930,6.75
15931,-0.75
15932,1.75
15933,0.75
15934,7.75
15935,0.75
15936,-0.25
15937,-0.25
15938,2.75
15939,3.25
15940,8.25
15941,5.25
15942,0.75
15943,0.75
15944,3.75
15945,2.75
15946,7.75
15947,8.25
15948,1.25
15949,0.75
15950,0.75
15951,0.25
15952,-0.25
15953,0.25
15954,-1.25
15955,-0.75
15956,-0.75
15957,-0.75
15958,-0.25
15959,0.75
15960,-0.25
15961,1.75
15962,4.25
15963,0.25
15964,0.25
15965,-0.75
15966,0.75
15967,0.75
15968,0.25
15969,3.25
15970,-0.25
15971,5.75
15972,2.25
15973,3.25
15974,-0.75
15975,0.75
15976,0.75
15977,2.25
15978,2.25
15979,-0.25
15980,0.75
15981,0.75
15982,6.75
15983,0.75
15984,3.75
15985,-0.25
15986,-0.75
15987,-0.25
15988,3.75
15989,4.25
15990,2.25
15991,-0.25
15992,3.75
15993,-2.25
15994,-13.25
15995,6.25
15996,2.25
15997,0.75
15998,3.25
15999,0.75
16000,-0.25
16001,-6.75
16002,4.25
16003,-1.25
16004,1.75
16005,0.25
16006,-0.75
16007,3.75
16008,5.75
16009,1.75
16010,7.25
16011,-0.25
16012,-4.25
16013,1.75
16014,-2.25
16015,3.75
16016,-0.25
16017,6.75
16018,-5.25
16019,-2.25
16020,-4.25
16021,-0.25
16022,-0.25
16023,-0.25
16024,2.25
16025,-0.25
16026,2.25
16027,0.25
16028,-0.25
16029,3.25
16030,-0.25
16031,-9.25
16032,-0.25
16033,0.25
16034,0.25
16035,2.75
16036,-7.25
16037,-5.25
16038,6.25
16039,0.25
16040,-0.25
16041,3.75
16042,5.75
16043,-1.25
16044,9.75
16045,0.75
16046,5.25
16047,4.25
16048,0.75
16049,0.75
16050,-1.25
16051,0.25
16052,-9.25
16053,-10.75
16054,-0.75
16055,3.75
16056,4.75
16057,3.25
16058,-0.25
16059,2.75
16060,4.25
16061,0.75
16062,0.75
16063,5.25
16064,2.75
16065,13.75
16066,7.75
16067,2.75
16068,-3.25
16069,3.75
16070,1.75
16071,9.25
16072,0.75
16073,0.25
16074,8.25
16075,-4.25
16076,-0.75
16077,-0.25
16078,0.25
16079,2.25
16080,4.25
16081,12.25
16082,7.25
16083,0.75
16084,0.75
16085,3.75
16086,-0.75
16087,-0.25
16088,-8.25
16089,7.75
16090,0.75
16091,-0.25
16092,-0.25
16093,11.25
16094,-0.25
16095,0.75
16096,10.25
16097,4.25
16098,2.25
16099,-2.25
16100,-0.25
16101,1.25
16102,4.25
16103,3.25
16104,-0.75
16105,-0.25
16106,3.25
16107,8.25
16108,-0.75
16109,1.25
16110,-0.25
16111,-5.75
16112,3.25
16113,-0.25
16114,-0.75
16115,1.75
16116,-0.75
16117,-0.75
16118,8.5
16119,-0.75
16120,1.75
16121,2.25
16122,-1.25
16123,2.25
16124,8.25
16125,0.75
16126,-1.25
16127,-0.25
16128,5.25
16129,4.75
16130,0.75
16131,1.75
16132,0.25
16133,1.25
16134,1.75
16135,0.75
16136,0.25
16137,1.75
16138,3.25
16139,-0.25
16140,1.75
16141,1.75
16142,3.75
16143,0.75
16144,-3.25
16145,5.75
16146,-1.25
16147,0.25
16148,2.75
16149,-2.75
16150,2.75
16151,1.25
16152,0.25
16153,8.25
16154,-0.75
16155,6.25
16156,-2.25
16157,-2.75
16158,-0.25
16159,-1.25
16160,4.75
16161,0.75
16162,-8.75
16163,4.25
16164,-1.25
16165,-7.25
16166,0.25
16167,10.75
16168,6.75
16169,2.75
16170,-0.75
16171,-4.0
16172,-0.75
16173,5.25
16174,-0.25
16175,3.25
16176,0.75
16177,-0.25
16178,-1.25
16179,0.75
16180,10.25
16181,5.25
16182,-0.75
16183,-1.25
16184,12.75
16185,-4.75
16186,0.25
16187,-0.25
16188,2.75
16189,2.75
16190,9.75
16191,0.75
16192,-0.75
16193,-0.25
16194,0.25
16195,-0.25
16196,-0.25
16197,-1.25
16198,-0.75
16199,9.5
16200,1.25
16201,-4.25
16202,6.25
16203,0.75
16204,0.75
16205,2.75
16206,10.75
16207,5.75
16208,1.25
16209,9.75
16210,4.25
16211,-0.25
16212,-3.25
16213,0.25
16214,4.5
16215,1.75
16216,8.5
16217,8.25
16218,-0.75
16219,5.25
16220,-1.25
16221,0.75
16222,1.25
16223,-0.75
16224,-0.75
16225,-0.25
16226,3.75
16227,9.75
16228,2.75
16229,2.25
16230,7.75
16231,-0.25
16232,-0.75
16233,0.25
16234,-4.25
16235,-0.75
16236,0.25
16237,7.75
16238,-0.75
16239,7.75
16240,0.75
16241,4.25
16242,-2.25
16243,-0.25
16244,-0.75
16245,-3.5
16246,-0.25
16247,4.75
16248,-1.75
16249,-0.25
16250,-0.75
16251,-0.75
16252,6.5
16253,-2.75
16254,0.25
16255,-0.75
16256,6.25
16257,-0.25
16258,-0.25
16259,0.25
16260,-0.75
16261,-0.75
16262,-0.75
16263,-0.75
16264,4.25
16265,0.25
16266,3.25
16267,0.75
16268,6.25
16269,-0.75
16270,0.75
16271,-2.75
16272,3.25
16273,-5.25
16274,4.25
16275,1.25
16276,0.25
16277,0.75
16278,0.75
16279,-0.75
16280,4.75
16281,6.25
16282,-1.25
16283,3.25
16284,3.25
16285,1.75
16286,2.25
16287,5.75
16288,-0.25
16289,-1.25
16290,0.25
16291,2.25
16292,0.25
16293,-0.25
16294,-1.25
16295,15.0
16296,6.5
16297,-15.75
16298,-0.75
16299,5.75
16300,-1.25
16301,1.25
16302,-0.75
16303,0.25
16304,-0.25
16305,-16.0
16306,0.75
16307,-0.25
16308,2.25
16309,-0.75
16310,9.75
16311,0.75
16312,-0.25
16313,4.25
16314,6.0
16315,0.25
16316,1.75
16317,-20.25
16318,4.25
16319,7.5
16320,-8.0
16321,0.75
16322,0.75
16323,0.75
16324,-18.25
16325,0.75
16326,1.5
16327,1.75
16328,-0.25
16329,0.75
16330,-2.25
16331,-0.25
16332,9.0
16333,10.0
16334,-0.75
16335,-1.25
16336,-1.75
16337,1.75
16338,2.25
16339,-3.25
16340,7.25
16341,-0.25
16342,16.0
16343,-1.75
16344,-0.75
16345,-0.75
16346,2.75
16347,-0.75
16348,6.25
16349,10.25
16350,-4.25
16351,-1.25
16352,-0.75
16353,-0.75
16354,8.25
16355,-0.75
16356,-4.25
16357,-0.25
16358,4.25
16359,-0.25
16360,3.25
16361,0.25
16362,-0.25
16363,-0.25
16364,-0.75
16365,-2.25
16366,-0.25
16367,3.25
16368,0.75
16369,0.25
16370,4.25
16371,0.25
16372,-0.25
16373,-0.25
16374,1.75
16375,-0.75
16376,0.25
16377,-0.25
16378,-0.75
16379,7.75
16380,2.25
16381,-0.75
16382,0.75
16383,-5.25
16384,7.25
16385,2.75
16386,-5.25
16387,-0.25
16388,-1.25
16389,-0.25
16390,5.75
16391,-2.25
16392,2.25
16393,2.75
16394,0.75
16395,-0.25
16396,-0.25
16397,3.75
16398,-1.25
16399,1.75
16400,7.75
16401,4.25
16402,8.75
16403,-0.25
16404,0.25
16405,-0.25
16406,3.75
16407,-1.25
16408,2.75
16409,-0.25
16410,-0.25
16411,-0.75
16412,-0.25
16413,0.75
16414,-0.75
16415,-0.25
16416,-13.25
16417,7.25
16418,0.75
16419,-0.25
16420,-0.25
16421,5.25
16422,3.75
16423,0.75
16424,8.25
16425,3.25
16426,0.75
16427,-0.75
16428,2.75
16429,-0.25
16430,3.75
16431,-4.25
16432,1.25
16433,1.25
16434,4.75
16435,-2.25
16436,-2.25
16437,0.25
16438,0.75
16439,-1.25
16440,0.75
16441,0.75
16442,-0.75
16443,2.25
16444,7.75
16445,0.75
16446,5.25
16447,5.25
16448,-0.25
16449,5.25
16450,2.75
16451,0.75
16452,7.25
16453,0.25
16454,-1.25
16455,2.25
16456,-0.75
16457,-0.75
16458,5.25
16459,0.25
16460,6.25
16461,0.75
16462,0.75
16463,-1.75
16464,-2.25
16465,0.25
16466,-0.25
16467,-0.25
16468,2.75
16469,-0.25
16470,6.25
16471,8.75
16472,0.75
16473,-0.75
16474,0.75
16475,0.75
16476,-0.75
16477,-0.25
16478,-1.25
16479,-1.25
16480,3.75
16481,5.75
16482,0.75
16483,3.25
16484,-3.25
16485,0.75
16486,10.75
16487,-0.25
16488,4.25
16489,-0.25
16490,6.0
16491,-0.75
16492,-0.25
16493,3.25
16494,-5.25
16495,0.25
16496,10.75
16497,0.25
16498,1.25
16499,-0.75
16500,0.75
16501,-0.75
16502,9.75
16503,-0.25
16504,5.75
16505,8.5
16506,-0.25
16507,-2.25
16508,6.75
16509,-0.25
16510,6.0
16511,1.75
16512,2.75
16513,-0.25
16514,2.25
16515,-0.25
16516,0.75
16517,-0.25
16518,-7.25
16519,-0.25
16520,5.25
16521,5.25
16522,0.25
16523,2.75
16524,-6.25
16525,0.75
16526,-8.5
16527,1.25
16528,-0.75
16529,1.75
16530,4.75
16531,-0.25
16532,7.5
16533,-0.75
16534,-1.5
16535,-0.25
16536,-0.25
16537,-0.25
16538,-2.75
16539,-0.25
16540,-0.75
16541,0.75
16542,-7.0
16543,-0.25
16544,8.25
16545,-4.75
16546,1.25
16547,6.25
16548,-0.75
16549,-0.25
16550,0.75
16551,-0.25
16552,-3.25
16553,-12.75
16554,1.75
16555,0.75
16556,-0.25
16557,6.25
16558,-2.25
16559,4.25
16560,6.25
16561,-2.75
16562,2.25
16563,-16.25
16564,0.25
16565,-3.25
16566,9.75
16567,7.25
16568,-0.25
16569,10.75
16570,0.75
16571,2.25
16572,-0.75
16573,-6.25
16574,10.75
16575,1.25
16576,12.25
16577,-0.25
16578,2.75
16579,-0.75
16580,0.75
16581,0.75
16582,1.25
16583,0.25
16584,0.75
16585,0.75
16586,-6.25
16587,5.75
16588,-0.25
16589,2.25
16590,-0.25
16591,0.75
16592,3.25
16593,0.75
16594,2.75
16595,-0.75
16596,0.75
16597,4.25
16598,2.25
16599,5.25
16600,-0.25
16601,3.25
16602,0.75
16603,2.25
16604,1.25
16605,-1.25
16606,-0.25
16607,-0.25
16608,-0.25
16609,-0.75
16610,-0.75
16611,1.25
16612,-1.25
16613,0.25
16614,-2.75
16615,4.25
16616,4.75
16617,-0.75
16618,-3.25
16619,0.75
16620,-5.25
16621,-0.75
16622,-6.25
16623,5.75
16624,5.75
16625,5.25
16626,7.25
16627,-0.25
16628,-0.25
16629,-0.25
16630,13.5
16631,-0.25
16632,4.25
16633,1.75
16634,2.25
16635,-0.25
16636,1.25
16637,7.75
16638,0.25
16639,0.75
16640,-1.25
16641,4.75
16642,0.75
16643,-0.25
16644,9.5
16645,-0.25
16646,-0.25
16647,-0.25
16648,4.25
16649,-0.25
16650,5.75
16651,-0.75
16652,2.25
16653,4.25
16654,3.75
16655,3.25
16656,0.75
16657,4.75
16658,2.75
16659,3.75
16660,0.75
16661,2.75
16662,9.75
16663,-0.25
16664,-0.25
16665,8.0
16666,10.75
16667,0.75
16668,7.75
16669,0.25
16670,-0.75
16671,27.75
16672,0.75
16673,2.25
16674,5.75
16675,6.75
16676,-0.25
16677,1.25
16678,8.75
16679,2.25
16680,-1.25
16681,3.25
16682,5.75
16683,-0.75
16684,-0.75
16685,-0.25
16686,-0.25
16687,0.75
16688,-1.25
16689,-0.25
16690,0.75
16691,-8.25
16692,-0.75
16693,-3.25
16694,-0.25
16695,-0.75
16696,2.75
16697,2.75
16698,14.25
16699,10.5
16700,4.75
16701,2.25
16702,-0.25
16703,-0.75
16704,5.25
16705,4.75
16706,6.25
16707,-3.75
16708,3.75
16709,1.25
16710,3.25
16711,-3.75
16712,6.25
16713,-0.75
16714,-2.25
16715,7.25
16716,-2.25
16717,2.75
16718,4.25
16719,-0.25
16720,0.75
16721,0.75
16722,3.25
16723,0.25
16724,-0.25
16725,-5.25
16726,0.25
16727,0.75
16728,1.75
16729,-7.25
16730,0.75
16731,-0.25
16732,1.25
16733,2.75
16734,4.75
16735,11.75
16736,6.75
16737,1.75
16738,0.75
16739,8.25
16740,-0.25
16741,2.25
16742,-0.25
16743,1.75
16744,-0.75
16745,7.75
16746,6.5
16747,-0.25
16748,-0.75
16749,5.75
16750,0.75
16751,-1.25
16752,-0.25
16753,-9.25
16754,12.25
16755,2.25
16756,0.75
16757,3.25
16758,-4.75
16759,-2.25
16760,-0.25
16761,0.25
16762,2.25
16763,-3.75
16764,-4.25
16765,5.25
16766,1.25
16767,2.25
16768,0.75
16769,-1.25
16770,1.25
16771,-2.75
16772,4.75
16773,-0.25
16774,-6.75
16775,4.75
16776,2.75
16777,5.75
16778,-4.75
16779,-0.75
16780,2.25
16781,-0.25
16782,6.5
16783,6.25
16784,2.75
16785,1.25
16786,0.75
16787,3.75
16788,-4.75
16789,8.75
16790,2.25
16791,-0.75
16792,1.75
16793,5.25
16794,3.25
16795,1.75
16796,1.25
16797,-0.25
16798,-0.75
16799,-9.75
16800,7.75
16801,6.75
16802,0.75
16803,2.75
16804,-0.75
16805,0.75
16806,-3.25
16807,-1.25
16808,-0.75
16809,-0.25
16810,-0.25
16811,-0.75
16812,6.75
16813,5.75
16814,0.75
16815,-1.75
16816,-0.25
16817,0.75
16818,4.25
16819,-8.0
16820,-3.75
16821,-0.25
16822,0.25
16823,8.75
16824,-7.25
16825,4.75
16826,5.25
16827,1.75
16828,-3.25
16829,5.25
16830,-0.25
16831,1.25
16832,0.75
16833,-1.25
16834,-0.75
16835,-0.75
16836,12.0
16837,-0.75
16838,5.75
16839,12.5
16840,0.75
16841,-0.25
16842,-0.75
16843,-10.5
16844,10.25
16845,-3.25
16846,-7.25
16847,-0.25
16848,9.75
16849,6.25
16850,0.75
16851,-6.0
16852,6.75
16853,-1.75
16854,-1.25
16855,4.75
16856,-0.75
16857,-4.75
16858,-0.25
16859,3.25
16860,5.25
16861,7.25
16862,-0.75
16863,0.75
16864,0.25
16865,-0.75
16866,9.25
16867,-0.25
16868,0.25
16869,0.75
16870,1.75
16871,4.75
16872,-0.75
16873,-0.25
16874,14.0
16875,-9.75
16876,4.25
16877,-0.25
16878,-0.25
16879,18.0
16880,1.75
16881,-0.75
16882,3.25
16883,-6.0
16884,5.25
16885,6.25
16886,-0.75
16887,1.25
16888,-0.75
16889,-0.75
16890,-0.25
16891,4.75
16892,10.25
16893,4.25
16894,3.25
16895,2.75
16896,-0.25
16897,11.75
16898,1.25
16899,-1.25
16900,-0.25
16901,-0.25
16902,-19.0
16903,7.25
16904,-0.75
16905,6.25
16906,5.75
16907,-1.25
16908,0.25
16909,1.25
16910,0.25
16911,6.75
16912,0.75
16913,-10.25
16914,8.75
16915,-0.25
16916,0.75
16917,-0.25
16918,-0.25
16919,-6.25
16920,3.25
16921,0.25
16922,3.25
16923,-0.75
16924,0.75
16925,0.75
16926,0.75
16927,-1.25
16928,-0.75
16929,-2.25
16930,-0.25
16931,3.75
16932,1.75
16933,0.75
16934,3.75
16935,1.75
16936,-0.75
16937,1.75
16938,3.25
16939,-0.75
16940,9.25
16941,4.75
16942,2.75
16943,1.75
16944,4.75
16945,-0.75
16946,-1.25
16947,5.25
16948,8.25
16949,1.75
16950,-0.25
16951,2.75
16952,-0.25
16953,0.75
16954,-0.25
16955,-0.75
16956,-0.75
16957,-0.25
16958,2.75
16959,-1.25
16960,8.25
16961,3.25
16962,0.75
16963,-1.25
16964,-0.25
16965,-0.25
16966,14.25
16967,-0.75
16968,-0.25
16969,6.25
16970,0.25
16971,4.25
16972,1.25
16973,-0.25
16974,-0.75
16975,-1.25
16976,2.25
16977,-1.25
16978,-0.75
16979,-0.75
16980,1.25
16981,0.75
16982,-0.75
16983,-0.75
16984,-1.25
16985,-0.75
16986,7.75
16987,-1.25
16988,-0.75
16989,0.75
16990,-10.25
16991,2.25
16992,4.75
16993,-10.25
16994,2.25
16995,0.75
16996,1.25
16997,0.75
16998,-0.75
16999,0.25
17000,-0.75
17001,1.75
17002,0.25
17003,-0.25
17004,-0.25
17005,3.25
17006,-0.75
17007,-0.25
17008,0.75
17009,-9.25
17010,-1.25
17011,-0.75
17012,0.75
17013,-1.25
17014,7.75
17015,2.75
17016,-0.75
17017,0.75
17018,-0.75
17019,0.75
17020,1.75
17021,0.75
17022,3.25
17023,-0.25
17024,-0.25
17025,1.75
17026,5.75
17027,-0.75
17028,-0.75
17029,4.25
17030,-11.25
17031,-0.75
17032,-0.25
17033,-0.75
17034,0.75
17035,5.75
17036,-1.25
17037,-0.75
17038,-8.25
17039,8.25
17040,4.75
17041,5.25
17042,-0.75
17043,0.75
17044,1.75
17045,0.25
17046,7.25
17047,0.75
17048,-0.75
17049,4.75
17050,1.25
17051,-0.25
17052,4.75
17053,-1.25
17054,-0.75
17055,-0.25
17056,-3.75
17057,-0.75
17058,1.25
17059,-0.25
17060,-0.25
17061,-2.75
17062,-0.25
17063,-9.25
17064,-0.75
17065,-4.25
17066,0.75
17067,0.75
17068,5.25
17069,-0.25
17070,0.75
17071,0.75
17072,6.25
17073,4.25
17074,-0.75
17075,-0.75
17076,0.75
17077,5.75
17078,3.25
17079,-1.25
17080,2.75
17081,0.75
17082,-0.75
17083,13.75
17084,-11.75
17085,8.25
17086,-1.25
17087,0.75
17088,1.75
17089,-1.25
17090,7.25
17091,5.75
17092,0.75
17093,0.75
17094,-1.25
17095,-0.25
17096,-0.75
17097,1.25
17098,-0.25
17099,0.75
17100,-0.25
17101,-0.25
17102,-0.75
17103,-0.75
17104,-0.75
17105,-0.25
17106,-0.75
17107,-0.25
17108,-0.75
17109,-0.25
17110,4.25
17111,8.75
17112,-0.75
17113,2.75
17114,0.25
17115,0.25
17116,-1.25
17117,-0.25
17118,6.75
17119,-1.25
17120,-0.75
17121,-0.75
17122,-1.25
17123,-0.75
17124,-1.25
17125,-0.75
17126,0.75
17127,-0.75
17128,-12.25
17129,-0.25
17130,-0.25
17131,-0.75
17132,-0.25
17133,0.75
17134,2.25
17135,-10.25
17136,0.75
17137,4.75
17138,-1.25
17139,0.75
17140,-0.75
17141,0.75
17142,0.25
17143,-1.25
17144,-0.75
17145,0.25
17146,0.75
17147,-0.25
17148,-0.25
17149,-0.75
17150,-1.25
17151,-0.75
17152,5.25
17153,1.25
17154,-0.75
17155,-0.75
17156,-0.25
17157,-0.25
17158,5.25
17159,-0.75
17160,-11.25
17161,0.75
17162,2.75
17163,-0.25
17164,0.75
17165,0.75
17166,0.25
17167,6.25
17168,-2.75
17169,2.25
17170,-3.25
17171,-0.25
17172,1.25
17173,0.75
17174,-0.75
17175,1.25
17176,0.25
17177,-4.75
17178,-0.25
17179,7.25
17180,4.75
17181,1.75
17182,5.75
17183,0.25
17184,3.25
17185,-0.25
17186,-0.25
17187,-4.25
17188,-0.75
17189,0.75
17190,0.75
17191,-0.25
17192,0.75
17193,0.75
17194,0.75
17195,0.25
17196,-0.75
17197,-0.25
17198,1.25
17199,-11.25
17200,-0.75
17201,2.25
17202,-0.25
17203,2.25
17204,0.25
17205,0.75
17206,0.25
17207,-0.25
17208,-0.75
17209,0.75
17210,-0.25
17211,-2.25
17212,-1.25
17213,-1.25
17214,0.25
17215,-0.25
17216,0.75
17217,-0.75
17218,-0.75
17219,3.25
17220,0.75
17221,6.25
17222,4.75
17223,6.75
17224,-0.25
17225,3.25
17226,0.75
17227,2.25
17228,-1.25
17229,3.75
17230,0.75
17231,-0.75
17232,1.75
17233,-0.75
17234,3.25
17235,-0.75
17236,2.25
17237,3.75
17238,-0.75
17239,0.25
17240,0.25
17241,-0.25
17242,6.75
17243,5.25
17244,1.75
17245,-0.25
17246,0.25
17247,4.25
17248,-0.75
17249,-0.25
17250,-1.75
17251,9.25
17252,-0.75
17253,0.25
17254,1.25
17255,-0.75
17256,-0.75
17257,-3.25
17258,1.25
17259,0.25
17260,5.75
17261,-0.25
17262,0.25
17263,0.75
17264,2.25
17265,-0.25
17266,-0.75
17267,2.25
17268,-0.75
17269,0.25
17270,-0.75
17271,2.75
17272,-0.75
17273,-0.25
17274,0.75
17275,0.25
17276,2.75
17277,-0.25
17278,0.25
17279,-0.25
17280,4.75
17281,-0.25
17282,-0.25
17283,-0.25
17284,0.75
17285,0.25
17286,-0.25
17287,0.25
17288,0.75
17289,3.75
17290,-1.25
17291,-0.25
17292,3.75
17293,11.25
17294,3.75
17295,-0.25
17296,-0.75
17297,-0.75
17298,2.75
17299,-1.25
17300,-0.75
17301,0.75
17302,4.25
17303,-0.75
17304,-0.25
17305,-0.75
17306,4.75
17307,2.25
17308,7.25
17309,-0.25
17310,-14.25
17311,-2.25
17312,3.25
17313,2.25
17314,-0.25
17315,8.75
17316,-9.25
17317,10.25
17318,-1.25
17319,-2.75
17320,0.75
17321,-0.25
17322,2.75
17323,-0.25
17324,-0.25
17325,-0.75
17326,-0.25
17327,-0.25
17328,1.25
17329,13.25
17330,2.25
17331,-0.75
17332,0.75
17333,-0.25
17334,-12.25
17335,-0.25
17336,2.75
17337,3.75
17338,-0.75
17339,-0.25
17340,0.75
17341,4.75
17342,-5.25
17343,-0.75
17344,-0.25
17345,-0.25
17346,0.75
17347,3.75
17348,0.25
17349,-0.75
17350,-0.25
17351,5.75
17352,-0.25
17353,-2.25
17354,-0.25
17355,-0.75
17356,0.75
17357,-0.25
17358,0.25
17359,-0.25
17360,1.25
17361,2.25
17362,-0.25
17363,-0.25
17364,-2.25
17365,-1.25
17366,1.75
17367,-0.75
17368,9.25
17369,-0.25
17370,0.75
17371,2.75
17372,5.25
17373,-0.25
17374,-0.75
17375,1.25
17376,1.75
17377,1.75
17378,0.25
17379,-0.75
17380,5.75
17381,0.75
17382,-0.75
17383,7.25
17384,3.75
17385,3.75
17386,-0.25
17387,4.75
17388,8.75
17389,0.75
17390,4.75
17391,-0.25
17392,-5.25
17393,8.25
17394,-0.25
17395,-0.25
17396,0.25
17397,-0.75
17398,4.75
17399,6.25
17400,-2.75
17401,0.25
17402,-0.25
17403,1.75
17404,-0.75
17405,-1.25
17406,5.75
17407,2.75
17408,-1.25
17409,0.75
17410,2.75
17411,3.75
17412,2.75
17413,5.75
17414,0.25
17415,0.25
17416,2.75
17417,5.75
17418,3.25
17419,2.25
17420,-5.25
17421,3.75
17422,2.75
17423,0.75
17424,-5.25
17425,15.25
17426,0.25
17427,0.75
17428,-9.25
17429,1.25
17430,-0.75
17431,-2.25
17432,-0.25
17433,1.25
17434,-9.25
17435,-0.25
17436,2.75
17437,4.75
17438,0.75
17439,1.75
17440,0.25
17441,6.5
17442,-0.75
17443,3.75
17444,1.75
17445,1.75
17446,-0.25
17447,-2.25
17448,-2.25
17449,-0.25
17450,-0.25
17451,-0.25
17452,0.25
17453,-0.25
17454,0.75
17455,-0.25
17456,3.25
17457,3.25
17458,0.25
17459,-0.25
17460,10.25
17461,-0.75
17462,6.25
17463,3.25
17464,0.75
17465,-2.25
17466,-0.25
17467,-3.75
17468,-0.75
17469,0.75
17470,2.75
17471,-5.25
17472,0.25
17473,-0.75
17474,0.75
17475,0.25
17476,-8.25
17477,0.75
17478,-2.25
17479,-1.25
17480,-0.75
17481,1.25
17482,-0.75
17483,-1.25
17484,1.75
17485,3.25
17486,6.25
17487,0.75
17488,-0.25
17489,-0.25
17490,-1.25
17491,-8.25
17492,0.75
17493,6.25
17494,-0.25
17495,-0.25
17496,4.25
17497,-0.75
17498,0.75
17499,2.25
17500,0.75
17501,-0.75
17502,-8.25
17503,0.25
17504,-0.25
17505,5.25
17506,0.75
17507,-1.25
17508,6.25
17509,3.25
17510,-0.75
17511,-0.25
17512,1.75
17513,-0.25
17514,-0.25
17515,3.75
17516,4.25
17517,0.25
17518,0.75
17519,2.25
17520,-0.75
17521,0.75
17522,11.75
17523,7.25
17524,0.25
17525,-0.25
17526,3.25
17527,0.75
17528,7.25
17529,2.75
17530,-1.25
17531,0.25
17532,0.25
17533,2.75
17534,-0.75
17535,0.75
17536,-2.25
17537,4.75
17538,0.25
17539,-0.25
17540,-1.75
17541,0.25
17542,8.75
17543,-1.25
17544,-0.25
17545,4.25
17546,-0.25
17547,-0.25
17548,1.25
17549,-2.75
17550,8.25
17551,5.25
17552,-0.25
17553,1.75
17554,3.75
17555,2.75
17556,4.5
17557,7.25
17558,3.25
17559,0.75
17560,-0.25
17561,-0.25
17562,-0.25
17563,2.75
17564,-0.25
17565,-0.75
17566,2.25
17567,-0.25
17568,-8.25
17569,7.5
17570,3.75
17571,-0.25
17572,2.25
17573,-0.25
17574,8.5
17575,-0.75
17576,-1.75
17577,0.75
17578,-0.75
17579,0.75
17580,-0.25
17581,2.75
17582,-1.25
17583,2.25
17584,4.75
17585,-2.75
17586,0.75
17587,0.75
17588,-0.25
17589,-0.25
17590,6.25
17591,2.25
17592,4.25
17593,-0.25
17594,0.75
17595,-0.25
17596,0.75
17597,-0.25
17598,-9.25
17599,0.25
17600,8.75
17601,11.75
17602,-0.75
17603,-0.75
17604,-0.25
17605,1.75
17606,-1.25
17607,-0.75
17608,0.75
17609,2.25
17610,3.75
17611,6.75
17612,-0.25
17613,4.75
17614,1.25
17615,10.25
17616,6.25
17617,-0.75
17618,-0.75
17619,-0.25
17620,0.75
17621,1.75
17622,-0.75
17623,0.25
17624,4.25
17625,-0.25
17626,6.75
17627,0.25
17628,3.75
17629,-0.25
17630,0.75
17631,1.25
17632,-0.25
17633,6.0
17634,0.25
17635,0.75
17636,-0.75
17637,-0.75
17638,-0.75
17639,-0.75
17640,4.25
17641,1.25
17642,0.75
17643,-0.75
17644,1.75
17645,-0.75
17646,-0.75
17647,-0.25
17648,2.75
17649,-2.25
17650,-0.25
17651,-0.75
17652,7.25
17653,0.25
17654,1.25
17655,-2.25
17656,2.75
17657,6.5
17658,-0.25
17659,-0.75
17660,6.25
17661,7.75
17662,0.75
17663,0.75
17664,5.25
17665,10.0
17666,-0.25
17667,4.25
17668,1.75
17669,-0.75
17670,-0.75
17671,3.75
17672,-0.75
17673,-0.75
17674,0.75
17675,0.25
17676,0.75
17677,6.75
17678,-0.25
17679,0.25
17680,7.25
17681,1.75
17682,6.25
17683,6.75
17684,0.75
17685,5.75
17686,-0.25
17687,-16.0
17688,-0.25
17689,-0.75
17690,4.75
17691,-0.75
17692,4.75
17693,-3.25
17694,1.25
17695,6.75
17696,7.25
17697,-0.25
17698,7.25
17699,0.75
17700,-2.25
17701,-0.25
17702,3.25
17703,2.75
17704,-0.75
17705,-0.25
17706,-0.75
17707,3.25
17708,-0.75
17709,-0.75
17710,-0.25
17711,6.25
17712,-11.25
17713,0.25
17714,13.25
17715,0.75
17716,-0.75
17717,-0.25
17718,-1.25
17719,6.75
17720,0.75
17721,-0.75
17722,-1.25
17723,0.75
17724,-0.25
17725,6.25
17726,0.75
17727,-0.75
17728,2.25
17729,12.75
17730,0.75
17731,-0.25
17732,1.75
17733,6.75
17734,1.25
17735,4.75
17736,-0.75
17737,0.75
17738,0.25
17739,-0.75
17740,0.25
17741,0.25
17742,6.0
17743,-1.25
17744,-0.75
17745,15.5
17746,5.75
17747,-0.25
17748,-6.25
17749,14.75
17750,-0.25
17751,2.25
17752,0.75
17753,-1.25
17754,8.25
17755,0.25
17756,5.25
17757,2.75
17758,-0.25
17759,7.25
17760,0.75
17761,-4.0
17762,17.0
17763,-0.75
17764,13.25
17765,0.75
17766,4.25
17767,3.25
17768,4.75
17769,3.75
17770,-0.25
17771,6.75
17772,-0.75
17773,10.25
17774,-0.25
17775,-0.25
17776,3.75
17777,0.75
17778,3.75
17779,7.75
17780,0.75
17781,6.25
17782,2.75
17783,6.25
17784,-1.25
17785,-0.25
17786,-0.25
17787,-8.25
17788,-0.25
17789,3.75
17790,12.5
17791,3.75
17792,3.25
17793,4.25
17794,-0.25
17795,9.5
17796,0.75
17797,3.75
17798,4.25
17799,6.25
17800,0.75
17801,15.0
17802,-2.75
17803,9.25
17804,4.75
17805,6.25
17806,-8.25
17807,3.25
17808,-13.75
17809,-0.75
17810,-0.25
17811,0.75
17812,-0.75
17813,5.75
17814,5.25
17815,0.75
17816,-0.75
17817,6.25
17818,1.75
17819,2.25
17820,-0.25
17821,0.25
17822,4.25
17823,0.25
17824,5.75
17825,2.25
17826,-4.25
17827,-0.25
17828,4.75
17829,-0.25
17830,-1.25
17831,-0.75
17832,9.25
17833,-0.75
17834,-0.25
17835,-0.25
17836,-9.25
17837,-0.75
17838,-0.75
17839,-0.25
17840,7.75
17841,0.75
17842,-0.25
17843,-0.75
17844,-0.75
17845,10.25
17846,8.25
17847,2.25
17848,-8.0
17849,0.25
17850,-1.25
17851,-0.75
17852,0.75
17853,-0.75
17854,0.75
17855,0.25
17856,-0.75
17857,6.75
17858,1.25
17859,0.25
17860,5.25
17861,4.75
17862,4.0
17863,0.75
17864,12.0
17865,3.75
17866,0.75
17867,-0.25
17868,-2.25
17869,-0.25
17870,9.75
17871,2.25
17872,0.75
17873,0.75
17874,4.0
17875,2.75
17876,1.0
17877,0.25
17878,6.25
17879,-0.75
17880,-0.25
17881,2.75
17882,7.25
17883,3.75
17884,-3.5
17885,7.5
17886,1.25
17887,0.75
17888,0.25
17889,4.25
17890,3.25
17891,2.75
17892,0.75
17893,3.25
17894,-0.75
17895,-7.5
17896,-0.75
17897,5.25
17898,3.25
17899,16.5
17900,0.25
17901,4.75
17902,13.25
17903,-1.25
17904,-0.25
17905,10.0
17906,-0.75
17907,-1.25
17908,-0.25
17909,4.25
17910,-4.0
17911,-0.25
17912,-0.25
17913,-10.25
17914,-0.25
17915,-0.25
17916,1.25
17917,6.75
17918,4.25
17919,0.5
17920,6.75
17921,8.25
17922,-4.75
17923,-0.25
17924,-0.25
17925,3.75
17926,6.5
17927,0.75
17928,-0.75
17929,0.75
17930,9.0
17931,3.75
17932,1.25
17933,-0.75
17934,-4.25
17935,3.75
17936,-0.25
17937,-0.75
17938,0.25
17939,-0.25
17940,1.75
17941,-0.75
17942,-2.25
17943,-0.75
17944,-0.75
17945,-3.25
17946,6.75
17947,-18.25
17948,20.75
17949,8.75
17950,0.75
17951,12.5
17952,19.0
17953,3.75
17954,-0.75
17955,1.75
17956,-0.25
17957,-0.25
17958,21.0
17959,8.75
17960,-0.75
17961,2.75
17962,-2.75
17963,-0.25
17964,4.25
17965,-2.25
17966,-1.25
17967,-16.75
17968,-0.75
17969,-0.75
17970,0.75
17971,-0.75
17972,0.25
17973,0.75
17974,9.75
17975,-1.25
17976,2.75
17977,7.0
17978,6.25
17979,-7.0
17980,8.0
17981,-0.75
17982,0.75
17983,-0.75
17984,3.75
17985,6.75
17986,21.75
17987,-3.25
17988,1.75
17989,5.75
17990,1.75
17991,-0.25
17992,-3.25
17993,5.75
17994,-0.25
17995,-0.75
17996,9.5
17997,0.75
17998,-0.25
17999,-11.0
18000,4.75
18001,-0.75
18002,3.25
18003,0.75
18004,8.25
18005,-0.25
18006,-6.25
18007,-0.25
18008,-3.25
18009,0.25
18010,0.75
18011,4.25
18012,-6.0
18013,9.0
18014,0.75
18015,-0.25
18016,4.25
18017,0.75
18018,-0.25
18019,7.0
18020,-0.25
18021,7.25
18022,4.25
18023,0.25
18024,10.5
18025,-1.25
18026,-5.25
18027,-1.25
18028,1.25
18029,0.75
18030,9.5
18031,-2.75
18032,-1.25
18033,0.75
18034,-0.25
18035,1.25
18036,7.0
18037,-0.25
18038,23.0
18039,0.75
18040,-0.25
18041,5.25
18042,-0.75
18043,-0.25
18044,0.25
18045,5.75
18046,4.25
18047,-3.25
18048,-0.25
18049,-1.25
18050,3.5
18051,3.25
18052,-0.25
18053,-0.75
18054,0.25
18055,0.25
18056,-0.75
18057,18.75
18058,0.75
18059,3.75
18060,-0.75
18061,-10.75
18062,-0.25
18063,-0.75
18064,0.25
18065,5.25
18066,12.25
18067,4.25
18068,8.75
18069,0.25
18070,6.75
18071,-0.25
18072,-20.25
18073,-0.75
18074,1.75
18075,-1.25
18076,0.25
18077,-0.25
18078,4.5
18079,13.25
18080,10.5
18081,9.25
18082,1.75
18083,8.75
18084,-5.0
18085,-0.25
18086,4.75
18087,-0.75
18088,3.75
18089,-2.25
18090,9.5
18091,0.75
18092,-0.25
18093,-2.25
18094,8.75
18095,-0.25
18096,-14.25
18097,1.75
18098,-1.25
18099,3.25
18100,-3.75
18101,10.25
18102,-10.75
18103,1.75
18104,2.25
18105,0.25
18106,-0.75
18107,8.25
18108,-0.25
18109,1.75
18110,-0.25
18111,-0.75
18112,3.75
18113,10.0
18114,-1.25
18115,-0.25
18116,9.25
18117,10.0
18118,0.25
18119,3.25
18120,-0.75
18121,-0.75
18122,-0.25
18123,4.75
18124,0.75
18125,-1.25
18126,13.25
18127,2.25
18128,3.75
18129,4.25
18130,0.25
18131,1.75
18132,0.75
18133,-10.75
18134,3.75
18135,-0.75
18136,-1.25
18137,0.75
18138,6.25
18139,6.25
18140,4.75
18141,7.75
18142,0.75
18143,0.75
18144,-0.75
18145,2.25
18146,8.75
18147,0.75
18148,4.25
18149,-0.75
18150,0.25
18151,0.25
18152,0.75
18153,0.75
18154,0.75
18155,-0.75
18156,0.75
18157,8.75
18158,-0.75
18159,-0.75
18160,-0.25
18161,-0.75
18162,4.25
18163,-0.25
18164,5.25
18165,5.25
18166,0.75
18167,-2.25
18168,-0.75
18169,3.25
18170,16.5
18171,7.25
18172,0.25
18173,0.75
18174,1.75
18175,-0.25
18176,-17.25
18177,6.25
18178,-0.25
18179,0.75
18180,-0.75
18181,-0.25
18182,9.5
18183,0.75
18184,-0.75
18185,8.75
18186,-0.75
18187,-1.25
18188,17.25
18189,1.25
18190,6.75
18191,0.75
18192,-0.25
18193,0.25
18194,3.75
18195,0.75
18196,1.25
18197,0.75
18198,-0.25
18199,-1.25
18200,3.75
18201,6.25
18202,-0.25
18203,-0.25
18204,1.75
18205,0.25
18206,2.75
18207,5.5
18208,0.75
18209,1.25
18210,1.25
18211,6.75
18212,7.25
18213,4.25
18214,8.5
18215,1.25
18216,6.25
18217,-0.25
18218,-0.75
18219,6.0
18220,-6.75
18221,0.75
18222,9.75
18223,-0.75
18224,-0.25
18225,-0.75
18226,0.75
18227,6.75
18228,2.25
18229,0.25
18230,-0.25
18231,6.75
18232,4.25
18233,8.25
18234,6.75
18235,4.75
18236,-0.25
18237,6.25
18238,-0.25
18239,-1.25
18240,0.75
18241,-1.25
18242,4.75
18243,2.25
18244,0.75
18245,9.75
18246,-0.25
18247,0.25
18248,10.25
18249,-0.25
18250,0.75
18251,-0.75
18252,1.75
18253,-1.25
18254,-3.75
18255,-0.75
18256,1.25
18257,12.5
18258,-0.75
18259,-0.75
18260,7.75
18261,8.75
18262,0.75
18263,1.25
18264,0.75
18265,5.75
18266,0.25
18267,0.75
18268,5.25
18269,6.75
18270,-11.25
18271,0.75
18272,-0.75
18273,14.5
18274,8.75
18275,5.75
18276,-4.25
18277,-0.25
18278,-1.25
18279,1.75
18280,0.75
18281,8.25
18282,4.75
18283,0.75
18284,-0.25
18285,-0.75
18286,18.0
18287,0.25
18288,-2.25
18289,5.25
18290,-1.25
18291,-14.75
18292,2.25
18293,-0.75
18294,-0.75
18295,0.75
18296,-7.25
18297,-0.25
18298,-0.25
18299,19.5
18300,1.25
18301,1.25
18302,8.25
18303,0.25
18304,-2.75
18305,0.75
18306,3.75
18307,-1.25
18308,2.25
18309,-0.75
18310,8.75
18311,5.25
18312,-0.25
18313,10.0
18314,-0.25
18315,1.25
18316,-0.25
18317,-0.75
18318,2.75
18319,-5.75
18320,8.0
18321,4.75
18322,-0.25
18323,0.25
18324,3.75
18325,-0.25
18326,5.0
18327,-1.25
18328,3.75
18329,21.25
18330,-0.75
18331,-0.75
18332,-0.25
18333,-0.25
18334,4.25
18335,-0.75
18336,-0.25
18337,2.25
18338,0.25
18339,-0.25
18340,-0.75
18341,-1.0
18342,-0.75
18343,0.75
18344,-0.75
18345,2.25
18346,0.25
18347,3.25
18348,-1.25
18349,-0.25
18350,-0.5
18351,-2.25
18352,19.5
18353,-3.25
18354,10.0
18355,-14.25
18356,0.75
18357,9.5
18358,-2.25
18359,6.75
18360,-0.75
18361,3.25
18362,0.75
18363,8.25
18364,-0.25
18365,-0.25
18366,-0.25
18367,0.75
18368,-0.75
18369,4.75
18370,7.25
18371,-0.25
18372,-0.25
18373,-2.75
18374,0.75
18375,-0.75
18376,1.75
18377,0.25
18378,0.75
18379,-0.75
18380,0.75
18381,-0.25
18382,6.25
18383,3.75
18384,-2.75
18385,0.75
18386,5.75
18387,-0.25
18388,-0.25
18389,-0.25
18390,12.75
18391,1.75
18392,5.25
18393,4.25
18394,3.75
18395,4.75
18396,0.25
18397,-0.25
18398,-0.25
18399,4.75
18400,3.25
18401,0.75
18402,-5.25
18403,-0.75
18404,-0.25
18405,3.75
18406,3.75
18407,12.75
18408,-11.25
18409,-1.25
18410,0.25
18411,-8.25
18412,2.75
18413,-0.25
18414,1.25
18415,-0.75
18416,0.25
18417,-0.25
18418,8.75
18419,-0.75
18420,-4.25
18421,0.25
18422,0.25
18423,-0.25
18424,1.25
18425,0.75
18426,14.0
18427,3.25
18428,5.75
18429,11.0
18430,-5.5
18431,6.75
18432,8.5
18433,0.75
18434,-0.25
18435,-0.25
18436,10.75
18437,-2.25
18438,-0.25
18439,19.5
18440,9.5
18441,-0.75
18442,-0.25
18443,1.25
18444,10.5
18445,-0.75
18446,15.0
18447,-0.75
18448,7.25
18449,4.75
18450,9.0
18451,-0.25
18452,-0.75
18453,-3.75
18454,16.5
18455,8.25
18456,17.25
18457,14.75
18458,-6.5
18459,-0.75
18460,-0.25
18461,-25.25
18462,0.75
18463,-1.25
18464,-9.75
18465,6.0
18466,5.0
18467,0.25
18468,17.0
18469,2.75
18470,0.75
18471,-0.25
18472,6.75
18473,-0.25
18474,-0.25
18475,3.75
18476,13.0
18477,9.0
18478,-0.25
18479,-0.75
18480,0.75
18481,-0.75
18482,-1.25
18483,0.75
18484,4.25
18485,14.0
18486,0.25
18487,2.75
18488,-0.25
18489,0.75
18490,9.25
18491,-8.25
18492,4.25
18493,0.75
18494,5.25
18495,-0.75
18496,4.25
18497,-0.25
18498,4.25
18499,14.75
18500,5.25
18501,-0.25
18502,6.75
18503,5.25
18504,0.75
18505,3.75
18506,-12.5
18507,0.75
18508,5.25
18509,-0.75
18510,6.5
18511,1.25
18512,7.75
18513,-0.75
18514,-1.25
18515,-0.75
18516,-1.25
18517,-0.25
18518,-1.25
18519,0.25
18520,0.75
18521,4.0
18522,2.75
18523,13.25
18524,14.5
18525,5.25
18526,7.25
18527,-0.25
18528,-0.25
18529,1.75
18530,4.75
18531,-0.25
18532,-0.25
18533,7.0
18534,4.25
18535,10.75
18536,14.5
18537,2.25
18538,9.5
18539,4.75
18540,-7.25
18541,6.0
18542,10.0
18543,10.75
18544,-0.75
18545,-0.75
18546,15.0
18547,-0.25
18548,7.75
18549,0.25
18550,1.75
18551,12.25
18552,-0.75
18553,-0.25
18554,-0.25
18555,8.0
18556,0.75
18557,-0.75
18558,-5.75
18559,17.0
18560,-0.75
18561,5.75
18562,3.75
18563,0.25
18564,9.75
18565,-2.25
18566,2.25
18567,-13.25
18568,8.0
18569,-5.25
18570,15.75
18571,-0.25
18572,-3.25
18573,10.25
18574,9.5
18575,0.75
18576,-0.25
18577,-2.25
18578,-4.25
18579,4.25
18580,0.25
18581,-4.75
18582,5.25
18583,4.75
18584,15.5
18585,2.0
18586,11.0
18587,8.5
18588,18.0
18589,0.25
18590,0.75
18591,-1.75
18592,-2.25
18593,11.75
18594,6.25
18595,-0.25
18596,-9.0
18597,5.25
18598,-4.75
18599,7.5
18600,0.75
18601,5.75
18602,-0.75
18603,-0.25
18604,6.75
18605,0.75
18606,-1.25
18607,3.75
18608,2.75
18609,9.75
18610,5.75
18611,0.75
18612,6.75
18613,-16.0
18614,-0.25
18615,0.5
18616,0.75
18617,6.75
18618,-0.75
18619,-13.75
18620,0.25
18621,-0.25
18622,13.25
18623,4.5
18624,4.25
18625,-0.25
18626,8.5
18627,3.75
18628,-0.75
18629,9.75
18630,-10.5
18631,5.75
18632,10.5
18633,6.25
18634,-0.25
18635,-13.25
18636,9.5
18637,-14.0
18638,8.75
18639,7.5
18640,12.75
18641,8.25
18642,12.5
18643,1.25
18644,6.25
18645,0.75
18646,-1.25
18647,0.25
18648,3.75
18649,7.0
18650,2.75
18651,-2.25
18652,-0.25
18653,12.25
18654,-3.75
18655,6.25
18656,1.75
18657,13.5
18658,3.75
18659,7.75
18660,6.25
18661,4.25
18662,11.0
18663,4.75
18664,0.75
18665,-0.25
18666,9.75
18667,3.25
18668,-0.75
18669,8.5
18670,5.75
18671,14.0
18672,0.25
18673,0.75
18674,-8.75
18675,2.25
18676,8.25
18677,-0.25
18678,2.75
18679,-7.75
18680,13.25
18681,1.25
18682,11.0
18683,5.75
18684,13.25
18685,4.75
18686,12.25
18687,12.75
18688,10.0
18689,0.75
18690,12.0
18691,14.0
18692,1.75
18693,5.0
18694,1.25
18695,8.0
18696,-2.25
18697,11.5
18698,6.5
18699,16.75
18700,-3.25
18701,-14.0
18702,10.75
18703,-0.75
18704,0.75
18705,5.75
18706,2.25
18707,7.5
18708,4.25
18709,-0.75
18710,18.5
18711,-16.25
18712,-6.75
18713,-13.0
18714,6.0
18715,2.75
18716,-0.25
18717,-0.25
18718,24.0
18719,7.25
18720,-0.75
18721,9.25
18722,9.5
18723,11.0
18724,-11.5
18725,14.75
18726,8.0
18727,7.0
18728,13.5
18729,-1.25
18730,7.75
18731,8.0
18732,6.0
18733,5.25
18734,0.75
18735,0.25
18736,-3.25
18737,-2.25
18738,8.25
18739,-0.25
18740,6.25
18741,-0.25
18742,3.5
18743,7.75
18744,8.0
18745,-1.25
18746,10.75
18747,10.0
18748,-1.75
18749,-4.25
18750,-0.25
18751,1.25
18752,0.75
18753,0.25
18754,2.25
18755,6.75
18756,7.75
18757,0.25
18758,23.0
18759,10.75
18760,0.75
18761,1.0
18762,0.25
18763,-1.0
18764,-0.25
18765,19.25
18766,5.75
18767,0.5
18768,10.5
18769,0.75
18770,2.0
18771,-0.75
18772,-0.75
18773,-0.75
18774,-8.25
18775,7.5
18776,-0.25
18777,-0.25
18778,-0.75
18779,12.5
18780,-0.25
18781,-10.5
18782,4.25
18783,8.75
18784,1.25
18785,-12.25
18786,14.0
18787,0.75
18788,4.75
18789,-0.25
18790,0.25
18791,-6.75
18792,3.0
18793,2.75
18794,-0.25
18795,-0.75
18796,5.25
18797,-0.25
18798,0.75
18799,10.5
18800,12.25
18801,0.75
18802,5.75
18803,-1.25
18804,0.75
18805,7.75
18806,-0.25
18807,-0.25
18808,5.25
18809,-0.75
18810,1.25
18811,-0.25
18812,2.25
18813,1.75
18814,3.75
18815,14.5
18816,-0.25
18817,8.5
18818,-0.25
18819,6.25
18820,0.75
18821,3.75
18822,6.25
18823,0.25
18824,-0.75
18825,-0.75
18826,10.25
18827,1.25
18828,10.25
18829,0.75
18830,0.75
18831,6.0
18832,-18.25
18833,-4.25
18834,-0.25
18835,2.25
18836,-22.25
18837,20.25
18838,-3.25
18839,0.75
18840,-1.25
18841,13.25
18842,9.0
18843,6.25
18844,2.25
18845,4.75
18846,-0.25
18847,0.75
18848,-0.75
18849,7.75
18850,-8.75
18851,-2.0
18852,0.25
18853,6.75
18854,7.25
18855,5.75
18856,1.25
18857,1.75
18858,-0.75
18859,-4.25
18860,-0.75
18861,8.75
18862,6.75
18863,8.25
18864,-0.25
18865,0.75
18866,-0.25
18867,10.25
18868,-3.25
18869,3.75
18870,14.0
18871,-4.75
18872,-0.25
18873,-0.25
18874,0.75
18875,-0.25
18876,-1.75
18877,-2.25
18878,-0.25
18879,4.25
18880,7.75
18881,-0.25
18882,4.75
18883,-0.25
18884,3.75
18885,5.25
18886,13.75
18887,-1.25
18888,-1.75
18889,-7.75
18890,5.75
18891,3.75
18892,3.75
18893,-4.75
18894,5.75
18895,14.75
18896,0.25
18897,-0.25
18898,10.0
18899,-0.25
18900,-1.25
18901,10.5
18902,7.25
18903,0.75
18904,-0.25
18905,5.5
18906,0.75
18907,6.75
18908,5.25
18909,-0.75
18910,6.25
18911,10.5
18912,5.25
18913,0.75
18914,6.25
18915,6.5
18916,-0.25
18917,-1.25
18918,2.25
18919,0.75
18920,-6.5
18921,-0.75
18922,0.75
18923,4.25
18924,9.25
18925,-0.25
18926,3.75
18927,5.75
18928,-0.75
18929,0.75
18930,15.0
18931,-0.25
18932,-1.25
18933,3.5
18934,0.75
18935,0.75
18936,-0.75
18937,-1.25
18938,-9.25
18939,0.25
18940,0.75
18941,-0.75
18942,-0.25
18943,8.75
18944,1.75
18945,4.75
18946,-0.25
18947,8.5
18948,0.25
18949,-0.75
18950,-2.25
18951,0.75
18952,16.25
18953,-0.25
18954,-0.25
18955,-0.25
18956,10.25
18957,6.25
18958,-10.75
18959,0.75
18960,-2.0
18961,2.25
18962,-0.25
18963,11.0
18964,-0.75
18965,0.75
18966,6.75
18967,-0.25
18968,6.75
18969,0.25
18970,-1.75
18971,-0.25
18972,-0.25
18973,0.25
18974,7.25
18975,-10.25
18976,9.25
18977,-0.25
18978,-1.25
18979,2.25
18980,7.25
18981,0.75
18982,0.75
18983,-0.25
18984,10.75
18985,-0.75
18986,6.5
18987,8.75
18988,-1.25
18989,2.75
18990,0.5
18991,15.5
18992,0.25
18993,-5.25
18994,8.25
18995,6.25
18996,16.25
18997,0.75
18998,0.25
18999,10.25
19000,0.75
19001,4.25
19002,8.25
19003,10.0
19004,6.5
19005,8.75
19006,-1.25
19007,0.75
19008,-1.25
19009,-0.25
19010,-0.75
19011,-0.75
19012,-2.5
19013,-0.25
19014,-0.75
19015,3.75
19016,-0.75
19017,0.75
19018,9.0
19019,17.5
19020,8.0
19021,5.25
19022,-0.75
19023,0.75
19024,7.25
19025,-0.25
19026,4.75
19027,3.25
19028,-0.75
19029,21.0
19030,5.75
19031,-0.75
19032,-0.25
19033,1.25
19034,15.0
19035,-0.75
19036,-2.0
19037,-0.75
19038,7.0
19039,4.75
19040,-15.5
19041,9.0
19042,-0.25
19043,5.75
19044,9.0
19045,7.0
19046,-1.5
19047,-9.25
19048,-0.25
19049,19.75
19050,-0.25
19051,0.75
19052,-0.25
19053,-0.75
19054,7.75
19055,19.0
19056,0.75
19057,3.75
19058,4.25
19059,8.0
19060,-1.25
19061,-0.25
19062,10.25
19063,-1.25
19064,-0.25
19065,0.25
19066,6.25
19067,-0.25
19068,4.25
19069,3.25
19070,0.75
19071,-0.25
19072,-0.75
19073,-0.75
19074,-0.75
19075,-0.25
19076,-0.75
19077,-0.75
19078,-1.25
19079,-1.25
19080,1.75
19081,0.75
19082,10.75
19083,0.75
19084,10.75
19085,0.25
19086,7.75
19087,12.5
19088,-15.25
19089,5.0
19090,12.5
19091,-0.75
19092,19.75
19093,-0.25
19094,0.75
19095,11.5
19096,5.25
19097,9.5
19098,7.0
19099,-14.75
19100,6.75
19101,-0.75
19102,10.0
19103,10.75
19104,13.25
19105,-11.25
19106,-0.25
19107,1.75
19108,0.75
19109,10.0
19110,2.75
19111,7.25
19112,-0.25
19113,-0.75
19114,0.25
19115,-12.25
19116,12.25
19117,0.75
19118,-13.0
19119,-0.25
19120,6.0
19121,0.75
19122,-0.75
19123,11.75
19124,0.75
19125,5.25
19126,-0.25
19127,11.0
19128,-1.25
19129,-9.25
19130,0.5
19131,0.75
19132,4.75
19133,0.75
19134,-2.25
19135,-0.25
19136,12.0
19137,11.25
19138,15.5
19139,-0.75
19140,-0.25
19141,-0.75
19142,6.25
19143,0.25
19144,3.25
19145,-9.5
19146,8.0
19147,-14.25
19148,-4.25
19149,1.25
19150,11.5
19151,-0.75
19152,9.75
19153,4.25
19154,16.5
19155,9.5
19156,-0.75
19157,11.0
19158,7.5
19159,8.75
19160,0.75
19161,3.5
19162,3.25
19163,0.75
19164,-2.0
19165,0.75
19166,-0.75
19167,-12.5
19168,3.75
19169,-13.5
19170,8.75
19171,-0.25
19172,14.75
19173,15.75
19174,-2.25
19175,6.75
19176,1.75
19177,7.25
19178,-3.75
19179,9.5
19180,6.0
19181,-0.75
19182,-0.25
19183,9.25
19184,15.5
19185,-0.25
19186,-0.75
19187,10.0
19188,-0.75
19189,-0.25
19190,-1.25
19191,-0.25
19192,6.75
19193,11.75
19194,-0.25
19195,0.25
19196,8.25
19197,12.5
19198,0.25
19199,-0.25
19200,16.5
19201,0.75
19202,8.0
19203,0.25
19204,10.5
19205,-0.75
19206,-0.75
19207,-0.25
19208,8.25
19209,0.75
19210,-1.25
19211,-2.25
19212,-0.75
19213,0.75
19214,11.0
19215,10.25
19216,-1.25
19217,-1.25
19218,2.25
19219,-0.25
19220,7.0
19221,-0.25
19222,-0.75
19223,0.25
19224,4.25
19225,0.75
19226,11.0
19227,14.5
19228,-0.25
19229,2.75
19230,9.0
19231,9.5
19232,14.5
19233,-3.75
19234,0.75
19235,3.25
19236,6.25
19237,0.75
19238,-0.25
19239,-15.25
19240,10.5
19241,11.5
19242,-0.75
19243,0.25
19244,0.75
19245,-0.75
19246,-0.25
19247,18.0
19248,-0.25
19249,0.75
19250,-12.25
19251,9.75
19252,-1.25
19253,0.25
19254,12.0
19255,-0.75
19256,-0.25
19257,-0.75
19258,5.5
19259,-0.75
19260,0.75
19261,12.0
19262,2.25
19263,10.0
19264,-0.25
19265,9.25
19266,5.25
19267,-0.25
19268,-0.25
19269,-0.25
19270,0.75
19271,4.75
19272,-0.25
19273,-0.25
19274,-0.75
19275,-0.25
19276,11.5
19277,8.75
19278,-1.25
19279,3.25
19280,5.75
19281,-0.75
19282,11.25
19283,10.0
19284,-1.25
19285,-0.75
19286,0.75
19287,11.75
19288,-0.75
19289,2.75
19290,14.25
19291,-0.75
19292,7.25
19293,0.75
19294,-0.25
19295,0.25
19296,-0.25
19297,1.25
19298,9.75
19299,-1.25
19300,8.25
19301,3.75
19302,-1.25
19303,-0.25
19304,0.25
19305,7.75
19306,12.25
19307,0.75
19308,13.5
19309,-0.25
19310,-0.25
19311,0.75
19312,6.75
19313,2.0
19314,0.75
19315,3.75
19316,-8.25
19317,-0.25
19318,-3.75
19319,3.75
19320,4.25
19321,-0.75
19322,6.0
19323,-0.75
19324,8.5
19325,0.75
19326,-4.25
19327,3.25
19328,-15.25
19329,19.0
19330,-0.25
19331,-0.25
19332,-0.25
19333,-0.25
19334,-10.25
19335,2.25
19336,6.25
19337,10.5
19338,-0.25
19339,0.75
19340,8.0
19341,5.25
19342,-0.25
19343,13.0
19344,0.25
19345,-0.75
19346,-0.75
19347,11.0
19348,17.5
19349,-0.25
19350,-4.75
19351,10.25
19352,6.75
19353,8.5
19354,1.25
19355,-0.25
19356,-0.75
19357,-0.75
19358,11.25
19359,15.0
19360,0.75
19361,1.75
19362,-0.25
19363,8.0
19364,-0.75
19365,0.75
19366,-1.25
19367,-0.25
19368,11.75
19369,6.25
19370,-0.25
19371,2.75
19372,0.75
19373,0.25
19374,10.0
19375,6.0
19376,5.25
19377,7.5
19378,10.0
19379,9.0
19380,7.5
19381,12.5
19382,0.25
19383,10.5
19384,-10.75
19385,8.25
19386,0.75
19387,9.5
19388,-0.25
19389,8.75
19390,10.75
19391,6.75
19392,5.0
19393,0.75
19394,-1.25
19395,-4.75
19396,7.5
19397,5.25
19398,6.75
19399,10.5
19400,-0.75
19401,4.25
19402,7.5
19403,5.25
19404,-1.25
19405,0.75
19406,15.0
19407,5.25
19408,5.25
19409,4.75
19410,-10.25
19411,10.75
19412,0.75
19413,3.75
19414,0.75
19415,-0.75
19416,-6.25
19417,-0.25
19418,5.25
19419,0.75
19420,-0.25
19421,2.75
19422,-0.25
19423,-0.75
19424,7.75
19425,0.75
19426,11.0
19427,-4.25
19428,3.25
19429,3.25
19430,3.25
19431,-0.75
19432,3.25
19433,-7.75
19434,7.25
19435,8.0
19436,-0.75
19437,11.0
19438,3.25
19439,10.0
19440,8.25
19441,10.25
19442,-2.75
19443,15.5
19444,10.75
19445,0.25
19446,9.5
19447,-0.75
19448,-6.0
19449,-0.25
19450,7.75
19451,16.75
19452,0.75
19453,7.25
19454,0.75
19455,-1.25
19456,0.75
19457,-0.75
19458,0.25
19459,1.25
19460,10.75
19461,13.0
19462,2.75
19463,1.25
19464,0.75
19465,-3.25
19466,-0.25
19467,-0.75
19468,6.75
19469,-1.25
19470,4.75
19471,4.25
19472,1.25
19473,4.25
19474,0.25
19475,6.75
19476,-6.0
19477,-5.5
19478,8.25
19479,-0.75
19480,-4.75
19481,-11.25
19482,0.75
19483,5.25
19484,8.5
19485,0.75
19486,3.75
19487,6.25
19488,-5.25
19489,-0.25
19490,-15.5
19491,-2.0
19492,0.25
19493,-0.25
19494,-0.25
19495,-0.75
19496,6.25
19497,7.25
19498,10.5
19499,5.25
19500,10.0
19501,0.75
19502,-0.75
19503,4.25
19504,13.5
19505,5.75
19506,3.75
19507,9.25
19508,10.5
19509,9.0
19510,-0.25
19511,4.75
19512,0.75
19513,-15.0
19514,16.25
19515,7.25
19516,0.25
19517,2.25
19518,3.75
19519,0.75
19520,4.0
19521,0.25
19522,10.5
19523,-1.25
19524,11.25
19525,3.25
19526,-0.25
19527,7.75
19528,0.25
19529,1.25
19530,2.75
19531,11.5
19532,3.75
19533,-3.25
19534,-3.75
19535,0.75
19536,4.25
19537,0.75
19538,7.75
19539,0.75
19540,0.75
19541,0.75
19542,-1.75
19543,0.75
19544,2.75
19545,11.25
19546,0.75
19547,0.75
19548,0.75
19549,-5.25
19550,15.25
19551,7.75
19552,-14.0
19553,7.75
19554,8.25
19555,-0.25
19556,0.75
19557,3.5
19558,6.5
19559,-0.25
19560,9.75
19561,13.0
19562,11.25
19563,0.25
19564,-6.25
19565,-0.25
19566,-0.25
19567,0.75
19568,7.25
19569,10.0
19570,-1.25
19571,0.75
19572,11.0
19573,0.25
19574,-1.75
19575,8.5
19576,-1.75
19577,6.75
19578,-0.75
19579,0.25
19580,10.5
19581,10.5
19582,5.25
19583,1.0
19584,-2.25
19585,5.75
19586,5.0
19587,17.5
19588,5.25
19589,-0.75
19590,-0.75
19591,0.25
19592,-17.25
19593,10.0
19594,16.5
19595,-3.5
19596,-1.5
19597,0.75
19598,6.5
19599,0.75
19600,10.0
19601,9.5
19602,-0.25
19603,0.75
19604,-10.25
19605,-0.25
19606,-12.25
19607,0.75
19608,-0.25
19609,-0.75
19610,-19.25
19611,-0.75
19612,0.25
19613,0.25
19614,-4.75
19615,-15.25
19616,-16.25
19617,21.5
19618,2.25
19619,9.25
19620,12.0
19621,-0.25
19622,6.25
19623,6.0
19624,0.75
19625,-10.25
19626,-0.25
19627,7.75
19628,12.5
19629,0.25
19630,7.25
19631,12.0
19632,-6.25
19633,-14.75
19634,-0.25
19635,10.25
19636,10.25
19637,3.75
19638,-0.75
19639,-0.25
19640,1.25
19641,-0.25
19642,-0.75
19643,5.25
19644,0.25
19645,12.0
19646,-0.25
19647,3.25
19648,13.0
19649,-0.75
19650,12.5
19651,1.75
19652,-0.25
19653,0.25
19654,8.75
19655,7.25
19656,0.25
19657,-6.75
19658,-0.75
19659,-0.75
19660,-0.75
19661,-3.25
19662,9.25
19663,1.75
19664,-0.25
19665,-3.5
19666,-5.25
19667,-7.5
19668,6.0
19669,4.25
19670,7.25
19671,7.25
19672,-0.25
19673,6.75
19674,-0.75
19675,1.75
19676,4.25
19677,-0.25
19678,-11.25
19679,0.75
19680,-2.25
19681,0.75
19682,9.0
19683,2.25
19684,-0.25
19685,18.5
19686,-1.25
19687,-5.25
19688,0.75
19689,-1.25
19690,6.75
19691,0.75
19692,-4.25
19693,1.25
19694,3.75
19695,5.75
19696,-8.25
19697,-2.25
19698,10.25
19699,3.75
19700,3.75
19701,0.25
19702,-2.25
19703,3.25
19704,-0.75
19705,-0.75
19706,1.25
19707,8.25
19708,-0.75
19709,5.75
19710,-1.25
19711,2.75
19712,-0.75
19713,-0.75
19714,-0.75
19715,0.75
19716,-0.75
19717,-2.25
19718,5.75
19719,2.25
19720,0.75
19721,5.25
19722,0.75
19723,2.75
19724,3.25
19725,1.25
19726,4.25
19727,0.25
19728,-0.75
19729,5.75
19730,-3.25
19731,5.25
19732,0.75
19733,8.75
19734,0.75
19735,4.25
19736,-0.25
19737,0.25
19738,5.75
19739,-0.25
19740,0.75
19741,4.25
19742,-0.25
19743,-2.75
19744,-0.25
19745,-0.75
19746,-0.75
19747,-0.25
19748,2.75
19749,1.75
19750,-0.25
19751,-0.25
19752,10.0
19753,0.75
19754,-12.25
19755,3.25
19756,7.25
19757,16.75
19758,-0.75
19759,0.75
19760,-0.75
19761,3.75
19762,0.75
19763,-1.75
19764,-2.25
19765,7.25
19766,3.25
19767,2.25
19768,0.75
19769,0.25
19770,-8.25
19771,-0.75
19772,-13.25
19773,-0.75
19774,-3.75
19775,1.25
19776,-0.75
19777,5.25
19778,6.25
19779,5.75
19780,7.25
19781,0.75
19782,2.25
19783,5.75
19784,6.75
19785,0.25
19786,0.75
19787,0.75
19788,-0.25
19789,-0.25
19790,-0.75
19791,-0.75
19792,0.75
19793,-0.75
19794,-0.25
19795,-4.75
19796,-0.75
19797,-4.75
19798,6.25
19799,-0.75
19800,5.25
19801,2.75
19802,-0.25
19803,3.25
19804,0.75
19805,-0.75
19806,5.75
19807,-1.25
19808,1.25
19809,-11.25
19810,3.75
19811,-0.75
19812,17.75
19813,-0.25
19814,-1.25
19815,3.25
19816,-2.25
19817,9.75
19818,2.75
19819,0.25
19820,-0.75
19821,0.75
19822,3.25
19823,0.25
19824,-0.25
19825,4.75
19826,4.75
19827,-1.25
19828,-0.25
19829,2.25
19830,0.75
19831,0.75
19832,0.75
19833,-0.75
19834,7.75
19835,1.75
19836,0.75
19837,5.75
19838,1.25
19839,-0.75
19840,-3.75
19841,-0.25
19842,1.75
19843,0.25
19844,-5.25
19845,0.75
19846,-0.25
19847,1.25
19848,4.75
19849,5.25
19850,5.25
19851,-0.25
19852,2.25
19853,1.25
19854,13.25
19855,10.0
19856,-0.75
19857,-0.25
19858,4.25
19859,-0.75
19860,-3.25
19861,3.75
19862,-0.25
19863,0.75
19864,-0.75
19865,1.75
19866,5.75
19867,-0.25
19868,-3.75
19869,-0.75
19870,3.25
19871,3.75
19872,1.75
19873,-0.25
19874,5.75
19875,-0.75
19876,-0.25
19877,0.75
19878,1.75
19879,-0.25
19880,2.75
19881,1.25
19882,14.25
19883,3.75
19884,-0.25
19885,1.75
19886,2.75
19887,-0.25
19888,-0.75
19889,-0.25
19890,2.25
19891,0.75
19892,-1.25
19893,-0.25
19894,0.75
19895,-9.25
19896,8.25
19897,2.25
19898,8.25
19899,0.25
19900,-0.25
19901,4.25
19902,5.75
19903,0.75
19904,-0.75
19905,-10.25
19906,7.25
19907,-1.25
19908,1.5
19909,1.75
19910,4.25
19911,-2.25
19912,4.25
19913,-0.25
19914,-1.25
19915,4.25
19916,6.25
19917,9.75
19918,7.75
19919,-0.25
19920,-0.75
19921,-2.25
19922,-11.5
19923,-2.25
19924,0.75
19925,4.75
19926,0.25
19927,0.75
19928,4.25
19929,5.25
19930,4.25
19931,-6.25
19932,0.75
19933,0.75
19934,-0.75
19935,0.75
19936,0.75
19937,9.75
19938,-0.75
19939,-0.75
19940,0.25
19941,0.75
19942,0.25
19943,-0.25
19944,-0.75
19945,-0.25
19946,5.25
19947,0.75
19948,0.75
19949,-3.75
19950,0.75
19951,9.25
19952,-0.25
19953,-0.25
19954,-0.75
19955,0.25
19956,5.75
19957,8.75
19958,-0.25
19959,4.25
19960,-1.75
19961,-1.25
19962,-0.25
19963,4.75
19964,0.25
19965,-0.25
19966,0.25
19967,0.25
19968,3.75
19969,-1.75
19970,-0.25
19971,-0.75
19972,6.75
19973,-1.25
19974,5.25
19975,-0.25
19976,-7.25
19977,-1.25
19978,10.75
19979,-0.75
19980,13.75
19981,3.75
19982,5.25
19983,3.75
19984,0.25
19985,7.0
19986,-0.75
19987,5.25
19988,-9.75
19989,-0.75
19990,-0.75
19991,6.25
19992,1.25
19993,-1.25
19994,12.25
19995,13.75
19996,6.75
19997,-0.25
19998,3.75
19999,1.75
20000,4.25
20001,7.25
20002,-0.75
20003,-0.25
20004,-0.25
20005,2.75
20006,-0.25
20007,5.75
20008,4.75
20009,-0.75
20010,-0.25
20011,3.75
20012,-0.25
20013,6.25
20014,0.25
20015,-0.25
20016,-0.75
20017,9.75
20018,1.25
20019,5.75
20020,1.25
20021,0.75
20022,12.5
20023,-6.75
20024,4.25
20025,13.25
20026,6.75
20027,8.25
20028,0.75
20029,-0.75
20030,-1.25
20031,-0.25
20032,5.0
20033,-0.25
20034,0.75
20035,-0.25
20036,-0.25
20037,-0.75
20038,8.5
20039,0.75
20040,1.25
20041,9.75
20042,-0.25
20043,0.25
20044,0.75
20045,-0.25
20046,-1.25
20047,4.25
20048,0.75
20049,-0.25
20050,1.25
20051,4.25
20052,3.25
20053,5.25
20054,-2.25
20055,2.75
20056,11.0
20057,0.75
20058,5.25
20059,-1.25
20060,-0.25
20061,7.75
20062,-3.25
20063,5.25
20064,-0.75
20065,5.75
20066,14.5
20067,11.25
20068,-2.75
20069,0.75
20070,0.25
20071,-0.75
20072,8.75
20073,-0.75
20074,-1.25
20075,-7.25
20076,6.75
20077,12.75
20078,4.25
20079,2.25
20080,-0.75
20081,8.75
20082,0.75
20083,5.75
20084,-0.25
20085,-0.75
20086,9.25
20087,-0.75
20088,1.75
20089,1.5
20090,-0.25
20091,0.75
20092,-1.25
20093,3.25
20094,8.75
20095,9.75
20096,-1.75
20097,-0.75
20098,2.25
20099,3.25
20100,8.75
20101,5.75
20102,6.75
20103,7.75
20104,3.75
20105,4.25
20106,9.0
20107,4.75
20108,-0.75
20109,14.25
20110,6.75
20111,7.75
20112,-0.75
20113,8.25
20114,0.25
20115,-9.25
20116,7.75
20117,1.75
20118,-11.25
20119,-0.25
20120,-4.25
20121,-0.25
20122,0.25
20123,0.75
20124,-2.75
20125,2.25
20126,9.25
20127,4.75
20128,3.75
20129,-0.75
20130,-4.25
20131,-1.25
20132,7.75
20133,6.25
20134,-0.75
20135,0.25
20136,3.25
20137,3.25
20138,10.25
20139,6.25
20140,9.25
20141,2.75
20142,0.25
20143,5.75
20144,-2.25
20145,-1.25
20146,-0.25
20147,0.75
20148,-12.25
20149,4.25
20150,-1.25
20151,-0.75
20152,-0.25
20153,0.75
20154,3.75
20155,10.25
20156,3.75
20157,-6.25
20158,3.25
20159,8.75
20160,5.75
20161,0.75
20162,0.75
20163,-0.75
20164,-11.25
20165,3.25
20166,-1.25
20167,-0.25
20168,8.75
20169,3.75
20170,2.75
20171,-0.25
20172,-0.25
20173,-12.25
20174,0.75
20175,0.75
20176,-8.25
20177,12.75
20178,6.75
20179,2.25
20180,8.25
20181,0.75
20182,2.75
20183,0.75
20184,12.75
20185,-0.75
20186,0.75
20187,1.75
20188,2.75
20189,-0.25
20190,4.75
20191,-0.75
20192,2.75
20193,5.25
20194,3.75
20195,-0.25
20196,-2.25
20197,1.25
20198,0.25
20199,-0.25
20200,7.25
20201,-0.25
20202,0.75
20203,-0.75
20204,-0.25
20205,-0.75
20206,10.25
20207,0.25
20208,-8.25
20209,-0.75
20210,4.25
20211,0.75
20212,0.25
20213,7.25
20214,4.25
20215,-0.25
20216,2.75
20217,-6.25
20218,-0.75
20219,2.75
20220,7.75
20221,-3.75
20222,5.25
20223,-6.25
20224,-11.25
20225,16.75
20226,2.25
20227,-2.25
20228,8.75
20229,5.75
20230,4.75
20231,-1.25
20232,6.75
20233,0.75
20234,-8.25
20235,0.75
20236,0.75
20237,-3.75
20238,0.25
20239,12.75
20240,3.25
20241,3.75
20242,3.75
20243,-0.75
20244,0.75
20245,2.75
20246,8.25
20247,4.25
20248,-0.75
20249,4.75
20250,6.75
20251,4.25
20252,2.75
20253,0.25
20254,3.25
20255,3.75
20256,6.25
20257,0.75
20258,-0.75
20259,1.25
20260,14.25
20261,-1.25
20262,2.25
20263,11.25
20264,2.25
20265,-4.25
20266,1.75
20267,4.75
20268,8.25
20269,-0.25
20270,-0.75
20271,3.25
20272,6.75
20273,3.25
20274,4.25
20275,-0.75
20276,-0.75
20277,-0.25
20278,-0.25
20279,3.75
20280,2.75
20281,3.25
20282,3.25
20283,1.25
20284,3.75
20285,2.25
20286,5.75
20287,3.25
20288,7.25
20289,0.75
20290,1.75
20291,0.25
20292,-0.25
20293,1.75
20294,2.75
20295,6.25
20296,-0.75
20297,1.75
20298,-0.75
20299,-0.75
20300,2.75
20301,9.5
20302,0.75
20303,3.75
20304,14.25
20305,4.25
20306,6.75
20307,0.25
20308,20.75
20309,4.75
20310,3.75
20311,2.25
20312,-1.25
20313,0.75
20314,10.5
20315,-1.25
20316,-0.75
20317,4.75
20318,0.75
20319,-2.25
20320,3.75
20321,3.75
20322,4.25
20323,0.75
20324,-1.25
20325,-0.75
20326,-16.25
20327,-0.75
20328,8.25
20329,6.25
20330,0.75
20331,-0.75
20332,4.25
20333,3.25
20334,-0.25
20335,-5.25
20336,-0.75
20337,2.25
20338,5.75
20339,3.75
20340,-0.25
20341,7.25
20342,-0.25
20343,4.25
20344,-2.25
20345,-1.25
20346,-1.25
20347,-0.25
20348,2.75
20349,-0.25
20350,1.75
20351,1.25
20352,1.75
20353,8.25
20354,10.25
20355,0.25
20356,4.75
20357,10.75
20358,1.25
20359,4.25
20360,0.75
20361,-0.25
20362,3.75
20363,2.75
20364,7.25
20365,0.25
20366,5.75
20367,10.25
20368,1.75
20369,1.25
20370,-0.25
20371,1.75
20372,0.75
20373,2.75
20374,-0.25
20375,9.25
20376,1.25
20377,4.25
20378,-0.75
20379,-0.25
20380,4.25
20381,2.25
20382,-5.75
20383,5.5
20384,-1.25
20385,1.75
20386,13.25
20387,3.25
20388,4.25
20389,4.25
20390,-0.25
20391,10.25
20392,1.25
20393,13.0
20394,0.75
20395,9.5
20396,6.75
20397,0.75
20398,6.75
20399,-2.25
20400,-1.25
20401,0.25
20402,-0.75
20403,-0.25
20404,-0.25
20405,7.75
20406,-7.75
20407,3.75
20408,-6.25
20409,5.75
20410,1.75
20411,7.75
20412,-0.75
20413,4.25
20414,4.25
20415,0.75
20416,-0.75
20417,-0.75
20418,-15.25
20419,-0.25
20420,19.25
20421,10.0
20422,3.25
20423,-3.25
20424,4.0
20425,1.75
20426,4.25
20427,3.75
20428,9.75
20429,5.75
20430,-0.25
20431,0.75
20432,-9.25
20433,-0.25
20434,0.75
20435,8.25
20436,-8.25
20437,4.75
20438,4.75
20439,2.25
20440,9.25
20441,1.25
20442,-0.25
20443,-0.25
20444,-0.25
20445,7.75
20446,5.25
20447,2.25
20448,15.25
20449,-0.25
20450,3.25
20451,-0.75
20452,-10.5
20453,-0.25
20454,-0.25
20455,6.75
20456,0.75
20457,-3.75
20458,-0.75
20459,-1.75
20460,-0.75
20461,10.75
20462,4.25
20463,-2.25
20464,-0.25
20465,0.25
20466,3.5
20467,-0.75
20468,-0.75
20469,-3.25
20470,-0.75
20471,0.25
20472,1.25
20473,2.75
20474,11.5
20475,-16.25
20476,-0.75
20477,3.25
20478,0.75
20479,0.75
20480,0.75
20481,-8.25
20482,1.75
20483,5.25
20484,1.75
20485,-0.75
20486,-0.25
20487,15.0
20488,1.75
20489,1.25
20490,-0.25
20491,-0.75
20492,-0.25
20493,3.75
20494,-0.25
20495,0.75
20496,9.25
20497,7.75
20498,16.25
20499,5.25
20500,2.75
20501,0.75
20502,2.75
20503,-0.75
20504,-6.0
20505,6.75
20506,-1.25
20507,5.75
20508,-0.75
20509,-4.75
20510,5.75
20511,1.25
20512,9.25
20513,-0.25
20514,1.25
20515,-6.25
20516,3.25
20517,4.75
20518,-4.25
20519,-2.75
20520,-0.25
20521,7.25
20522,6.75
20523,-1.25
20524,8.75
20525,0.75
20526,1.75
20527,0.25
20528,9.25
20529,9.25
20530,0.75
20531,0.75
20532,-0.75
20533,0.75
20534,-0.25
20535,6.25
20536,-0.25
20537,0.75
20538,5.0
20539,-0.25
20540,-0.25
20541,-8.25
20542,-0.75
20543,2.25
20544,-8.25
20545,3.75
20546,10.25
20547,-3.75
20548,8.25
20549,6.25
20550,8.75
20551,8.25
20552,0.25
20553,-4.75
20554,1.75
20555,3.75
20556,5.75
20557,8.0
20558,-0.25
20559,0.75
20560,-5.25
20561,11.25
20562,-0.25
20563,-1.75
20564,-10.25
20565,1.25
20566,3.75
20567,-1.25
20568,2.75
20569,2.75
20570,-0.25
20571,18.5
20572,-3.75
20573,-0.25
20574,5.25
20575,-0.25
20576,6.75
20577,-0.75
20578,-11.25
20579,1.75
20580,6.75
20581,-0.25
20582,6.25
20583,3.75
20584,8.25
20585,5.25
20586,1.25
20587,4.5
20588,5.25
20589,1.75
20590,0.25
20591,3.75
20592,0.25
20593,-0.75
20594,2.25
20595,11.0
20596,-5.25
20597,7.75
20598,-0.25
20599,2.75
20600,1.25
20601,8.0
20602,-0.25
20603,0.75
20604,-1.25
20605,5.75
20606,10.5
20607,0.25
20608,-1.25
20609,1.75
20610,0.75
20611,0.75
20612,-10.25
20613,4.25
20614,3.75
20615,2.25
20616,2.25
20617,-0.25
20618,8.75
20619,14.5
20620,-0.25
20621,-15.25
20622,14.0
20623,5.25
20624,4.75
20625,6.25
20626,-0.75
20627,-3.75
20628,5.75
20629,-0.75
20630,4.25
20631,5.0
20632,-0.75
20633,0.75
20634,-2.25
20635,-0.75
20636,1.25
20637,0.75
20638,4.25
20639,-0.25
20640,-0.75
20641,4.75
20642,-0.25
20643,4.75
20644,-0.25
20645,1.75
20646,-0.25
20647,7.25
20648,-0.75
20649,-11.75
20650,11.25
20651,9.75
20652,0.75
20653,-0.75
20654,-0.25
20655,8.5
20656,-0.75
20657,-0.25
20658,6.25
20659,-0.25
20660,-0.75
20661,-11.0
20662,4.25
20663,2.75
20664,-0.25
20665,-2.25
20666,-1.25
20667,4.75
20668,6.75
20669,8.25
20670,2.25
20671,7.75
20672,10.25
20673,0.75
20674,10.5
20675,0.25
20676,-11.25
20677,0.75
20678,5.75
20679,1.25
20680,6.75
20681,-0.25
20682,0.75
20683,0.75
20684,4.75
20685,4.75
20686,-1.25
20687,2.75
20688,15.5
20689,0.75
20690,-1.25
20691,14.25
20692,-0.25
20693,-4.75
20694,0.75
20695,4.25
20696,4.5
20697,-0.25
20698,4.75
20699,14.0
20700,8.5
20701,5.75
20702,4.25
20703,-1.25
20704,-0.25
20705,3.25
20706,-0.25
20707,0.75
20708,6.25
20709,-1.25
20710,-2.25
20711,1.25
20712,6.25
20713,-0.75
20714,-0.25
20715,-0.75
20716,7.25
20717,4.75
20718,-0.25
20719,-0.25
20720,5.75
20721,6.75
20722,-0.25
20723,0.75
20724,2.75
20725,8.5
20726,0.75
20727,5.25
20728,4.75
20729,-1.25
20730,1.75
20731,-1.25
20732,-0.25
20733,-0.25
20734,-0.75
20735,14.0
20736,4.25
20737,14.5
20738,5.25
20739,-0.75
20740,0.25
20741,13.5
20742,-12.25
20743,12.25
20744,3.25
20745,2.75
20746,1.25
20747,0.75
20748,7.25
20749,6.25
20750,-0.75
20751,2.25
20752,-0.25
20753,6.75
20754,-0.75
20755,1.75
20756,-0.25
20757,14.25
20758,9.25
20759,7.25
20760,-0.25
20761,5.75
20762,-32.25
20763,10.0
20764,0.75
20765,2.75
20766,2.25
20767,3.75
20768,10.5
20769,0.75
20770,0.75
20771,-0.25
20772,8.75
20773,-0.25
20774,-0.25
20775,11.5
20776,-1.75
20777,4.75
20778,-0.25
20779,6.75
20780,7.25
20781,7.75
20782,-2.25
20783,3.75
20784,-0.25
20785,0.75
20786,1.75
20787,1.75
20788,0.25
20789,6.25
20790,-0.25
20791,9.75
20792,-0.25
20793,7.25
20794,7.25
20795,4.25
20796,-0.25
20797,9.5
20798,2.25
20799,12.75
20800,3.0
20801,10.0
20802,12.75
20803,3.75
20804,-10.25
20805,-0.75
20806,-1.25
20807,0.75
20808,12.25
20809,-1.25
20810,9.75
20811,3.5
20812,2.75
20813,9.75
20814,-19.25
20815,0.25
20816,4.25
20817,0.75
20818,3.25
20819,-1.25
20820,-0.25
20821,-5.75
20822,5.25
20823,12.75
20824,10.0
20825,20.75
20826,0.25
20827,-0.25
20828,7.25
20829,13.5
20830,-0.75
20831,-16.75
20832,6.75
20833,2.25
20834,6.75
20835,16.25
20836,-0.75
20837,2.25
20838,5.75
20839,8.25
20840,-0.25
20841,2.75
20842,2.25
20843,10.0
20844,11.75
20845,5.75
20846,-3.75
20847,3.25
20848,-6.25
20849,-3.25
20850,8.25
20851,-0.25
20852,-1.25
20853,12.0
20854,14.25
20855,-13.25
20856,6.75
20857,3.75
20858,-12.0
20859,10.25
20860,-0.25
20861,3.75
20862,8.5
20863,-16.25
20864,-0.25
20865,7.5
20866,4.25
20867,-21.25
20868,8.75
20869,-5.25
20870,11.75
20871,-1.25
20872,4.75
20873,0.75
20874,-0.75
20875,1.75
20876,-14.25
20877,2.75
20878,2.75
20879,12.5
20880,9.25
20881,3.25
20882,0.75
20883,0.75
20884,10.25
20885,-1.25
20886,-0.25
20887,7.75
20888,-8.25
20889,-2.25
20890,6.25
20891,6.25
20892,-14.25
20893,-0.5
20894,-0.75
20895,9.25
20896,7.0
20897,2.75
20898,-0.75
20899,-0.25
20900,4.25
20901,-0.25
20902,0.75
20903,-0.75
20904,8.25
20905,-1.75
20906,0.25
20907,1.25
20908,11.25
20909,-0.25
20910,2.25
20911,0.75
20912,3.75
20913,-0.75
20914,2.75
20915,4.25
20916,-2.75
20917,0.25
20918,-9.25
20919,3.75
20920,-0.25
20921,-5.25
20922,1.25
20923,-3.25
20924,3.75
20925,6.25
20926,1.25
20927,2.25
20928,-5.25
20929,0.25
20930,5.25
20931,5.25
20932,4.25
20933,-0.75
20934,0.75
20935,-7.25
20936,6.25
20937,-2.25
20938,0.75
20939,-0.25
20940,-0.25
20941,-0.75
20942,3.25
20943,1.25
20944,9.75
20945,8.25
20946,-0.75
20947,-0.75
20948,3.75
20949,4.25
20950,-5.25
20951,4.75
20952,7.75
20953,0.75
20954,7.25
20955,2.75
20956,1.25
20957,-14.25
20958,0.25
20959,-0.75
20960,5.25
20961,0.75
20962,4.25
20963,-1.25
20964,3.75
20965,-0.25
20966,0.25
20967,4.75
20968,-13.25
20969,-0.25
20970,-1.25
20971,-0.25
20972,5.25
20973,4.25
20974,3.25
20975,6.25
20976,3.25
20977,-0.25
20978,1.75
20979,0.25
20980,-0.75
20981,-1.25
20982,-0.25
20983,0.25
20984,1.75
20985,0.25
20986,7.25
20987,0.75
20988,-1.25
20989,-0.75
20990,-3.25
20991,-0.25
20992,-0.25
20993,6.75
20994,-1.25
20995,-0.25
20996,-10.25
20997,0.25
20998,-6.25
20999,-0.75
21000,4.25
21001,-3.25
21002,2.75
21003,3.75
21004,4.75
21005,-4.75
21006,0.25
21007,-2.25
21008,0.25
21009,1.75
21010,-9.25
21011,3.75
21012,8.75
21013,0.75
21014,-0.75
21015,-0.25
21016,0.75
21017,5.25
21018,1.25
21019,3.25
21020,1.75
21021,0.25
21022,0.75
21023,1.25
21024,-0.75
21025,4.75
21026,1.25
21027,3.75
21028,-3.25
21029,-0.75
21030,-0.75
21031,0.75
21032,-0.25
21033,2.75
21034,-0.25
21035,-9.25
21036,0.25
21037,0.75
21038,0.75
21039,-3.75
21040,-4.25
21041,-0.25
21042,-0.25
21043,-7.25
21044,3.25
21045,-0.25
21046,2.75
21047,1.75
21048,0.75
21049,4.75
21050,4.75
21051,1.25
21052,-0.25
21053,-0.75
21054,-0.25
21055,2.25
21056,5.75
21057,4.25
21058,0.75
21059,-0.75
21060,-0.75
21061,0.75
21062,-1.25
21063,-3.75
21064,-0.25
21065,2.75
21066,2.25
21067,-0.25
21068,-0.25
21069,3.25
21070,0.75
21071,3.25
21072,3.25
21073,-1.75
21074,2.75
21075,-0.75
21076,2.75
21077,0.75
21078,-0.25
21079,2.25
21080,0.25
21081,-0.75
21082,-0.75
21083,0.75
21084,-0.25
21085,-0.75
21086,-0.75
21087,-0.25
21088,0.75
21089,3.25
21090,1.25
21091,0.75
21092,11.25
21093,2.75
21094,3.75
21095,3.75
21096,7.25
21097,-0.25
21098,0.25
21099,-0.75
21100,0.75
21101,-0.75
21102,-2.25
21103,-0.25
21104,-1.25
21105,-0.25
21106,2.75
21107,3.75
21108,4.25
21109,-0.75
21110,7.75
21111,2.75
21112,-0.25
21113,0.25
21114,-0.75
21115,0.75
21116,1.75
21117,1.25
21118,2.25
21119,-0.25
21120,3.75
21121,-8.25
21122,-0.75
21123,0.75
21124,0.25
21125,-0.25
21126,1.25
21127,-1.25
21128,0.75
21129,-2.25
21130,-0.75
21131,4.25
21132,0.25
21133,8.25
21134,-0.75
21135,-0.25
21136,4.25
21137,2.25
21138,0.75
21139,-0.75
21140,1.75
21141,2.25
21142,-2.75
21143,0.75
21144,-0.75
21145,2.25
21146,-0.25
21147,-0.75
21148,-0.75
21149,1.75
21150,-0.75
21151,2.75
21152,2.25
21153,-0.75
21154,-0.75
21155,1.75
21156,6.75
21157,-0.75
21158,0.25
21159,2.25
21160,0.25
21161,0.75
21162,-0.75
21163,-0.25
21164,1.75
21165,-0.75
21166,-0.25
21167,-0.75
21168,4.75
21169,1.75
21170,-0.75
21171,3.25
21172,-0.75
21173,-5.25
21174,11.75
21175,-1.25
21176,0.25
21177,1.25
21178,-0.25
21179,-0.25
21180,-0.75
21181,0.75
21182,7.25
21183,4.25
21184,0.75
21185,-3.25
21186,-0.75
21187,6.25
21188,-0.25
21189,2.25
21190,-0.25
21191,-4.25
21192,3.25
21193,-0.75
21194,0.75
21195,0.75
21196,8.25
21197,-3.75
21198,-0.75
21199,0.75
21200,-0.75
21201,0.25
21202,-0.75
21203,-0.75
21204,7.25
21205,-0.75
21206,-0.25
21207,-2.25
21208,0.75
21209,2.25
21210,0.75
21211,2.75
21212,4.75
21213,-0.25
21214,0.75
21215,-0.25
21216,3.25
21217,-0.75
21218,0.75
21219,3.25
21220,-0.25
21221,0.75
21222,-3.25
21223,2.75
21224,4.25
21225,0.75
21226,7.25
21227,8.25
21228,-5.25
21229,0.75
21230,7.25
21231,-1.25
21232,0.75
21233,8.25
21234,13.75
21235,0.75
21236,-0.25
21237,0.75
21238,1.25
21239,0.75
21240,-0.25
21241,-0.25
21242,-0.25
21243,2.75
21244,0.75
21245,-0.75
21246,-2.75
21247,-3.75
21248,-0.25
21249,-0.25
21250,8.25
21251,7.75
21252,0.75
21253,-0.75
21254,6.75
21255,-2.25
21256,-0.25
21257,2.75
21258,-0.25
21259,-0.75
21260,0.75
21261,5.25
21262,-0.75
21263,7.75
21264,1.0
21265,-0.25
21266,-16.25
21267,0.75
21268,0.75
21269,4.25
21270,7.75
21271,8.25
21272,-0.75
21273,-1.25
21274,11.25
21275,-0.75
21276,-6.25
21277,0.75
21278,-0.75
21279,-1.25
21280,-0.25
21281,6.75
21282,6.75
21283,-0.25
21284,2.75
21285,2.25
21286,-0.25
21287,0.25
21288,0.75
21289,4.75
21290,4.75
21291,3.75
21292,0.25
21293,-0.25
21294,4.25
21295,3.75
21296,7.25
21297,-1.25
21298,3.75
21299,1.75
21300,-0.25
21301,0.75
21302,3.75
21303,-0.25
21304,-0.75
21305,4.25
21306,5.75
21307,0.75
21308,2.75
21309,-0.25
21310,-0.25
21311,6.75
21312,0.25
21313,-0.25
21314,0.75
21315,7.25
21316,5.25
21317,-1.25
21318,6.25
21319,0.75
21320,-1.25
21321,8.75
21322,5.25
21323,3.25
21324,-8.25
21325,-0.75
21326,-1.25
21327,-0.25
21328,-2.25
21329,-0.25
21330,2.75
21331,0.25
21332,0.25
21333,3.75
21334,-0.25
21335,7.25
21336,2.25
21337,0.75
21338,-2.25
21339,-0.75
21340,-0.25
21341,-0.25
21342,-0.75
21343,-0.25
21344,-0.75
21345,0.75
21346,4.75
21347,7.75
21348,2.25
21349,-0.75
21350,1.25
21351,0.75
21352,2.75
21353,-0.25
21354,4.75
21355,-4.25
21356,0.75
21357,6.25
21358,3.75
21359,1.25
21360,-0.25
21361,-0.75
21362,-2.25
21363,0.75
21364,-4.75
21365,-0.25
21366,4.75
21367,1.25
21368,0.75
21369,1.75
21370,-0.25
21371,1.25
21372,0.75
21373,5.75
21374,0.75
21375,3.75
21376,2.75
21377,0.75
21378,-0.25
21379,-12.25
21380,-0.75
21381,-0.25
21382,0.75
21383,-7.25
21384,4.75
21385,3.75
21386,1.75
21387,2.25
21388,3.25
21389,-0.75
21390,0.75
21391,4.75
21392,3.25
21393,-0.25
21394,3.75
21395,-1.25
21396,6.25
21397,-0.25
21398,6.25
21399,4.25
21400,5.25
21401,-0.75
21402,0.75
21403,2.75
21404,-0.75
21405,-0.75
21406,1.25
21407,0.25
21408,-3.25
21409,0.25
21410,1.25
21411,-0.25
21412,0.75
21413,-0.25
21414,-3.25
21415,3.75
21416,0.75
21417,5.25
21418,-0.25
21419,5.25
21420,0.75
21421,0.75
21422,-0.75
21423,5.25
21424,-0.25
21425,-0.25
21426,3.75
21427,3.75
21428,2.25
21429,0.75
21430,-1.25
21431,-0.75
21432,0.25
21433,-0.25
21434,0.75
21435,0.25
21436,6.75
21437,6.75
21438,-0.75
21439,8.75
21440,2.75
21441,6.75
21442,-2.25
21443,5.75
21444,0.75
21445,3.25
21446,-0.25
21447,3.25
21448,3.75
21449,-0.75
21450,-0.25
21451,0.75
21452,4.25
21453,0.75
21454,12.25
21455,-0.25
21456,8.25
21457,-4.25
21458,-0.25
21459,-0.75
21460,0.75
21461,-2.25
21462,-0.75
21463,1.75
21464,0.75
21465,0.75
21466,-0.75
21467,0.75
21468,3.25
21469,-0.25
21470,1.25
21471,-0.75
21472,3.25
21473,-0.75
21474,-0.75
21475,2.75
21476,-0.25
21477,-0.25
21478,0.75
21479,-1.25
21480,0.75
21481,-0.25
21482,0.25
21483,-5.75
21484,3.75
21485,4.75
21486,3.75
21487,0.75
21488,3.75
21489,-0.75
21490,-0.25
21491,1.75
21492,4.25
21493,-0.25
21494,4.25
21495,0.25
21496,-0.25
21497,0.75
21498,-0.25
21499,-6.25
21500,2.75
21501,3.75
21502,-14.25
21503,0.75
21504,-0.25
21505,-1.75
21506,-8.25
21507,4.75
21508,-0.25
21509,1.75
21510,-0.75
21511,-0.75
21512,-4.25
21513,5.25
21514,0.75
21515,0.75
21516,-0.25
21517,0.25
21518,0.25
21519,-0.75
21520,1.25
21521,2.25
21522,-4.25
21523,-0.75
21524,-0.75
21525,-0.75
21526,7.25
21527,2.75
21528,4.25
21529,0.25
21530,5.75
21531,4.25
21532,1.75
21533,-0.25
21534,3.25
21535,4.75
21536,4.25
21537,-0.25
21538,5.25
21539,-2.25
21540,-1.25
21541,3.25
21542,3.25
21543,4.75
21544,15.75
21545,-0.25
21546,-0.75
21547,0.75
21548,4.75
21549,4.25
21550,4.75
21551,-0.25
21552,-0.25
21553,-0.25
21554,4.75
21555,1.75
21556,3.25
21557,0.75
21558,0.75
21559,-0.75
21560,6.25
21561,-3.25
21562,-2.75
21563,5.75
21564,5.0
21565,-0.75
21566,-1.25
21567,-0.75
21568,-0.75
21569,-1.25
21570,10.5
21571,-0.25
21572,7.25
21573,0.25
21574,1.75
21575,6.75
21576,9.5
21577,4.25
21578,0.25
21579,16.75
21580,11.0
21581,-0.75
21582,-0.25
21583,-0.25
21584,-0.25
21585,6.75
21586,-0.75
21587,0.75
21588,-0.25
21589,1.75
21590,0.75
21591,0.75
21592,5.25
21593,-1.25
21594,5.25
21595,-0.75
21596,-0.75
21597,-0.25
21598,2.75
21599,0.75
21600,11.25
21601,5.25
21602,-17.75
21603,-0.25
21604,4.75
21605,-9.25
21606,1.75
21607,1.75
21608,-0.25
21609,1.75
21610,16.25
21611,-2.25
21612,0.75
21613,0.75
21614,-0.25
21615,-0.25
21616,-1.25
21617,2.25
21618,2.75
21619,-0.75
21620,-0.75
21621,-2.75
21622,6.25
21623,0.75
21624,-1.75
21625,4.5
21626,0.75
21627,10.75
21628,0.75
21629,5.25
21630,-4.25
21631,-1.75
21632,2.75
21633,0.75
21634,10.75
21635,-0.75
21636,-0.25
21637,0.75
21638,0.75
21639,-12.25
21640,0.75
21641,0.75
21642,0.75
21643,8.75
21644,3.25
21645,0.75
21646,-0.25
21647,1.75
21648,-3.25
21649,0.75
21650,0.25
21651,2.75
21652,4.25
21653,-0.75
21654,-0.25
21655,3.75
21656,3.75
21657,0.75
21658,0.75
21659,0.75
21660,0.25
21661,0.75
21662,-0.25
21663,0.75
21664,5.25
21665,0.75
21666,1.25
21667,6.75
21668,5.75
21669,4.75
21670,-0.25
21671,6.25
21672,1.25
21673,3.25
21674,9.75
21675,-0.25
21676,3.75
21677,1.25
21678,-0.75
21679,-1.25
21680,-1.25
21681,2.75
21682,1.25
21683,-0.75
21684,1.25
21685,0.75
21686,3.25
21687,10.75
21688,8.75
21689,-0.75
21690,-0.25
21691,0.25
21692,-0.75
21693,5.25
21694,0.75
21695,3.25
21696,-0.75
21697,-2.75
21698,14.75
21699,0.75
21700,8.25
21701,3.75
21702,-0.75
21703,3.25
21704,5.25
21705,-0.25
21706,-0.75
21707,-29.0
21708,-0.25
21709,-0.75
21710,-0.25
21711,-0.75
21712,1.25
21713,-0.75
21714,7.25
21715,0.75
21716,-3.25
21717,-0.75
21718,8.75
21719,5.25
21720,0.25
21721,0.75
21722,-0.75
21723,0.75
21724,4.0
21725,-14.25
21726,2.25
21727,-0.25
21728,0.75
21729,4.25
21730,-1.25
21731,5.75
21732,5.75
21733,10.5
21734,-0.25
21735,-1.25
21736,-2.25
21737,-0.75
21738,-0.75
21739,-2.25
21740,-3.25
21741,-0.75
21742,-0.75
21743,4.75
21744,0.75
21745,1.25
21746,0.25
21747,-0.75
21748,0.75
21749,-1.25
21750,-0.75
21751,0.25
21752,8.25
21753,-0.25
21754,5.25
21755,7.25
21756,-6.75
21757,-0.75
21758,-0.75
21759,0.75
21760,0.75
21761,9.75
21762,-0.25
21763,-0.75
21764,-0.25
21765,6.25
21766,0.75
21767,-0.25
21768,0.75
21769,-0.75
21770,-0.75
21771,-0.75
21772,11.75
21773,0.25
21774,-0.25
21775,-0.25
21776,4.25
21777,11.25
21778,13.25
21779,0.75
21780,0.75
21781,0.25
21782,8.75
21783,-0.75
21784,4.25
21785,1.75
21786,4.25
21787,-0.25
21788,2.75
21789,4.75
21790,0.75
21791,0.25
21792,-2.75
21793,0.75
21794,-0.25
21795,-3.25
21796,5.25
21797,7.25
21798,-0.75
21799,3.25
21800,-0.75
21801,3.25
21802,-0.75
21803,7.75
21804,-0.75
21805,-1.25
21806,12.0
21807,4.75
21808,-0.25
21809,-0.75
21810,-0.75
21811,0.75
21812,5.25
21813,3.75
21814,0.75
21815,8.75
21816,-0.25
21817,0.75
21818,-0.75
21819,-0.75
21820,9.25
21821,0.75
21822,-0.25
21823,-0.75
21824,-0.25
21825,0.75
21826,-0.25
21827,-0.75
21828,-0.75
21829,-0.75
21830,4.75
21831,-0.25
21832,0.75
21833,4.75
21834,-0.25
21835,4.75
21836,-0.25
21837,4.75
21838,2.25
21839,6.25
21840,0.75
21841,9.75
21842,1.25
21843,-11.25
21844,0.75
21845,0.25
21846,-0.25
21847,0.75
21848,-0.25
21849,-0.75
21850,6.25
21851,3.25
21852,3.25
21853,3.25
21854,5.75
21855,7.0
21856,0.25
21857,-0.75
21858,3.25
21859,2.75
21860,5.25
21861,0.25
21862,-2.75
21863,7.25
21864,-2.25
21865,0.75
21866,3.25
21867,-0.75
21868,-0.75
21869,-1.25
21870,-0.25
21871,0.75
21872,0.75
21873,-1.25
21874,-0.25
21875,8.25
21876,-0.75
21877,3.75
21878,5.25
21879,-0.75
21880,2.25
21881,-0.25
21882,-0.75
21883,-0.75
21884,0.75
21885,3.75
21886,-0.75
21887,-0.75
21888,0.75
21889,-0.75
21890,-11.75
21891,-0.25
21892,0.25
21893,0.25
21894,0.75
21895,0.75
21896,6.75
21897,-0.25
21898,0.75
21899,4.75
21900,-10.25
21901,-0.75
21902,-0.75
21903,-2.75
21904,-1.25
21905,-0.75
21906,-6.25
21907,12.5
21908,9.25
21909,-0.25
21910,-1.25
21911,-1.25
21912,-0.75
21913,-0.25
21914,-0.25
21915,-0.75
21916,6.25
21917,0.75
21918,0.25
21919,-0.75
21920,0.75
21921,0.75
21922,-0.25
21923,4.25
21924,9.75
21925,0.25
21926,2.25
21927,1.75
21928,-3.25
21929,0.25
21930,-18.25
21931,8.75
21932,0.75
21933,0.25
21934,0.25
21935,0.75
21936,-14.25
21937,6.75
21938,-1.25
21939,-0.25
21940,2.75
21941,-0.75
21942,1.75
21943,-0.25
21944,7.25
21945,-0.75
21946,0.75
21947,2.25
21948,-0.25
21949,-0.25
21950,2.75
21951,-0.75
21952,4.25
21953,-0.25
21954,0.25
21955,-0.75
21956,0.75
21957,4.75
21958,-0.75
21959,-1.25
21960,2.75
21961,-0.25
21962,0.25
21963,-0.75
21964,12.5
21965,42.0
21966,0.75
21967,5.75
21968,-0.75
21969,-0.25
21970,1.75
21971,-0.75
21972,-2.25
21973,4.25
21974,4.25
21975,0.75
21976,1.25
21977,0.25
21978,-2.25
21979,-0.75
21980,2.75
21981,-1.25
21982,-0.25
21983,9.25
21984,-0.25
21985,0.75
21986,0.25
21987,16.5
21988,-0.75
21989,7.25
21990,2.75
21991,3.25
21992,0.25
21993,-0.25
21994,2.25
21995,-0.75
21996,1.25
21997,-3.75
21998,-0.75
21999,-0.75
22000,5.75
22001,3.75
22002,0.75
22003,0.25
22004,0.75
22005,-1.25
22006,-0.25
22007,10.0
22008,-2.25
22009,7.25
22010,-0.75
22011,11.0
22012,0.25
22013,2.75
22014,-0.25
22015,2.75
22016,-0.75
22017,-0.75
22018,9.25
22019,-0.75
22020,0.75
22021,5.25
22022,1.75
22023,1.75
22024,0.25
22025,1.25
22026,17.0
22027,-0.25
22028,-0.75
22029,0.75
22030,1.75
22031,-0.75
22032,-0.75
22033,-0.75
22034,-0.25
22035,2.75
22036,-1.25
22037,2.75
22038,5.25
22039,-0.75
22040,3.0
22041,4.25
22042,0.75
22043,-0.75
22044,4.75
22045,-0.25
22046,0.25
22047,11.25
22048,0.75
22049,4.25
22050,-7.25
22051,1.25
22052,9.25
22053,9.75
22054,0.25
22055,-17.25
22056,11.75
22057,-0.25
22058,4.25
22059,-0.75
22060,-1.25
22061,5.75
22062,16.5
22063,9.75
22064,11.5
22065,0.75
22066,0.25
22067,-0.25
22068,-7.25
22069,3.25
22070,-0.75
22071,6.75
22072,4.75
22073,-2.5
22074,0.75
22075,0.75
22076,3.75
22077,-13.25
22078,-1.25
22079,-1.25
22080,-0.25
22081,-0.75
22082,7.75
22083,4.75
22084,8.25
22085,2.75
22086,2.25
22087,-1.25
22088,-4.25
22089,5.75
22090,-0.25
22091,-0.75
22092,2.25
22093,-0.75
22094,0.75
22095,2.25
22096,-0.25
22097,0.25
22098,6.5
22099,7.75
22100,9.25
22101,5.25
22102,11.25
22103,1.25
22104,-0.75
22105,-0.25
22106,-1.25
22107,-4.25
22108,4.75
22109,20.5
22110,-0.75
22111,-0.25
22112,-22.75
22113,-0.25
22114,2.25
22115,-0.75
22116,5.75
22117,5.25
22118,0.75
22119,4.75
22120,4.75
22121,11.25
22122,-9.75
22123,-1.75
22124,9.0
22125,9.75
22126,-2.25
22127,-8.25
22128,-0.75
22129,6.25
22130,-1.25
22131,3.75
22132,2.25
22133,-15.75
22134,-0.75
22135,7.75
22136,0.75
22137,-3.25
22138,-0.75
22139,-10.75
22140,7.25
22141,0.75
22142,9.25
22143,5.75
22144,-1.75
22145,-0.75
22146,-0.25
22147,5.25
22148,4.75
22149,2.75
22150,-3.75
22151,0.75
22152,6.0
22153,2.75
22154,-2.25
22155,-13.75
22156,7.75
22157,5.75
22158,7.25
22159,2.75
22160,-1.25
22161,-2.75
22162,-0.25
22163,4.25
22164,6.25
22165,2.25
22166,2.75
22167,-0.75
22168,2.75
22169,-22.25
22170,-0.25
22171,0.75
22172,4.75
22173,-1.25
22174,0.75
22175,5.75
22176,-7.25
22177,-0.75
22178,3.25
22179,-6.25
22180,-1.25
22181,-12.25
22182,4.25
22183,1.25
22184,1.25
22185,4.25
22186,-4.75
22187,3.25
22188,0.25
22189,4.75
22190,3.75
22191,10.25
22192,9.25
22193,13.5
22194,-7.25
22195,5.75
22196,3.25
22197,-0.25
22198,-0.25
22199,6.25
22200,-2.25
22201,0.75
22202,-0.25
22203,-0.75
22204,2.25
22205,0.75
22206,2.75
22207,-2.25
22208,-0.75
22209,-0.75
22210,1.75
22211,7.75
22212,6.75
22213,-1.75
22214,4.25
22215,-2.75
22216,-0.25
22217,6.25
22218,1.25
22219,-0.75
22220,-3.25
22221,3.25
22222,4.75
22223,-2.25
22224,-0.75
22225,5.25
22226,-8.5
22227,0.75
22228,0.75
22229,-0.75
22230,-0.25
22231,-0.25
22232,2.25
22233,0.25
22234,-7.5
22235,-0.75
22236,3.25
22237,2.75
22238,-1.25
22239,1.25
22240,3.75
22241,-0.75
22242,2.75
22243,0.25
22244,0.75
22245,0.25
22246,1.75
22247,-20.25
22248,12.75
22249,-7.25
22250,0.75
22251,0.75
22252,1.75
22253,0.75
22254,3.75
22255,-0.25
22256,0.75
22257,0.75
22258,3.25
22259,-5.5
22260,-1.75
22261,5.25
22262,-0.25
22263,3.75
22264,0.25
22265,3.25
22266,7.25
22267,0.75
22268,2.75
22269,-2.0
22270,5.25
22271,-0.25
22272,6.75
22273,-0.75
22274,-0.75
22275,3.75
22276,0.25
22277,3.75
22278,12.5
22279,8.75
22280,-0.75
22281,0.25
22282,12.75
22283,7.75
22284,-0.25
22285,0.75
22286,0.75
22287,6.75
22288,-0.75
22289,1.25
22290,-1.75
22291,3.25
22292,1.75
22293,2.75
22294,0.25
22295,3.25
22296,-2.25
22297,4.75
22298,2.75
22299,-0.75
22300,-0.75
22301,2.25
22302,4.75
22303,4.75
22304,0.25
22305,0.25
22306,0.25
22307,3.75
22308,-0.25
22309,1.75
22310,3.75
22311,5.25
22312,-7.25
22313,-0.25
22314,-1.25
22315,2.75
22316,1.25
22317,6.75
22318,2.25
22319,0.75
22320,0.75
22321,2.25
22322,0.75
22323,0.75
22324,5.25
22325,-1.25
22326,1.75
22327,-0.75
22328,-0.75
22329,0.75
22330,-0.25
22331,-0.25
22332,-0.75
22333,0.75
22334,4.75
22335,-0.75
22336,3.75
22337,2.75
22338,6.75
22339,0.75
22340,-0.25
22341,3.75
22342,-6.25
22343,-0.25
22344,-0.75
22345,-16.75
22346,-1.25
22347,-2.25
22348,2.25
22349,8.25
22350,-0.75
22351,3.25
22352,0.75
22353,-2.75
22354,-2.25
22355,0.25
22356,2.25
22357,3.25
22358,3.75
22359,-3.25
22360,1.75
22361,-0.25
22362,0.25
22363,4.25
22364,0.75
22365,2.25
22366,-5.25
22367,2.75
22368,1.25
22369,0.75
22370,0.75
22371,4.25
22372,-0.75
22373,-1.25
22374,-0.75
22375,-1.25
22376,-0.25
22377,-0.75
22378,4.25
22379,0.75
22380,8.25
22381,5.75
22382,-5.25
22383,2.75
22384,0.75
22385,-0.25
22386,0.75
22387,-2.25
22388,15.0
22389,1.25
22390,1.25
22391,6.75
22392,8.75
22393,9.75
22394,-0.25
22395,12.0
22396,0.75
22397,1.25
22398,0.75
22399,2.25
22400,-0.75
22401,4.25
22402,-0.25
22403,0.25
22404,-0.25
22405,-0.75
22406,0.25
22407,1.25
22408,-5.75
22409,3.75
22410,3.75
22411,2.75
22412,6.25
22413,4.75
22414,0.75
22415,2.25
22416,7.75
22417,-1.25
22418,1.75
22419,5.25
22420,0.75
22421,-9.25
22422,-0.25
22423,5.25
22424,4.75
22425,5.25
22426,-0.75
22427,2.25
22428,6.25
22429,2.25
22430,0.75
22431,10.5
22432,0.75
22433,-0.75
22434,-1.25
22435,3.25
22436,-0.25
22437,8.25
22438,7.25
22439,-0.75
22440,6.25
22441,-0.75
22442,0.25
22443,0.75
22444,-0.75
22445,4.75
22446,-0.75
22447,-3.75
22448,8.75
22449,10.5
22450,-0.25
22451,-0.75
22452,2.25
22453,-0.25
22454,-0.25
22455,-0.25
22456,-2.25
22457,-0.25
22458,0.75
22459,-0.75
22460,-0.25
22461,5.75
22462,5.25
22463,0.75
22464,0.75
22465,2.25
22466,0.75
22467,-0.25
22468,-2.25
22469,-0.75
22470,18.5
22471,4.25
22472,0.25
22473,-1.25
22474,4.25
22475,2.75
22476,5.25
22477,-0.75
22478,-0.75
22479,0.75
22480,8.25
22481,-1.25
22482,1.25
22483,2.75
22484,5.25
22485,6.25
22486,0.25
22487,3.75
22488,0.75
22489,3.75
22490,9.5
22491,1.75
22492,-0.75
22493,-0.75
22494,16.75
22495,1.75
22496,-0.75
22497,-0.25
22498,-0.25
22499,-3.25
22500,0.75
22501,1.75
22502,1.25
22503,0.75
22504,1.75
22505,7.75
22506,-0.75
22507,10.75
22508,6.25
22509,0.75
22510,1.75
22511,10.5
22512,-0.75
22513,6.25
22514,0.75
22515,0.75
22516,12.75
22517,0.75
22518,12.75
22519,-0.75
22520,2.25
22521,0.75
22522,-0.75
22523,-0.25
22524,-3.75
22525,-1.25
22526,9.5
22527,-1.25
22528,-0.25
22529,2.25
22530,-0.25
22531,6.25
22532,-0.25
22533,-0.25
22534,-1.75
22535,7.25
22536,-0.75
22537,10.75
22538,4.25
22539,10.5
22540,-10.75
22541,2.25
22542,5.25
22543,4.75
22544,22.75
22545,-0.75
22546,8.75
22547,-1.25
22548,6.25
22549,-1.25
22550,-0.25
22551,0.75
22552,0.25
22553,7.25
22554,11.25
22555,3.25
22556,0.25
22557,2.75
22558,2.25
22559,2.25
22560,-0.25
22561,4.75
22562,-0.25
22563,-1.25
22564,-0.25
22565,-4.25
22566,2.75
22567,-0.25
22568,-0.25
22569,1.25
22570,0.75
22571,0.75
22572,-0.75
22573,0.25
22574,-5.5
22575,-0.25
22576,0.25
22577,6.25
22578,6.25
22579,4.25
22580,1.25
22581,2.25
22582,-0.75
22583,0.75
22584,-0.25
22585,-0.75
22586,2.75
22587,-7.75
22588,-0.25
22589,14.5
22590,0.25
22591,-0.25
22592,-0.75
22593,11.25
22594,-0.25
22595,-0.75
22596,-0.75
22597,3.75
22598,21.0
22599,-2.75
22600,-0.75
22601,7.25
22602,0.75
22603,-0.25
22604,-0.25
22605,0.75
22606,-0.25
22607,2.75
22608,4.25
22609,-0.75
22610,-0.75
22611,14.0
22612,-1.25
22613,-0.25
22614,0.75
22615,-0.75
22616,0.75
22617,6.75
22618,0.75
22619,-0.75
22620,-0.25
22621,-0.25
22622,6.75
22623,-0.25
22624,-0.75
22625,6.0
22626,0.75
22627,8.25
22628,-8.25
22629,-0.25
22630,0.25
22631,-1.25
22632,2.25
22633,11.25
22634,3.25
22635,15.25
22636,2.75
22637,-8.25
22638,-0.75
22639,-0.75
22640,3.5
22641,0.75
22642,-4.25
22643,-0.25
22644,-0.75
22645,8.75
22646,-0.25
22647,-0.75
22648,0.75
22649,10.0
22650,7.25
22651,7.75
22652,5.75
22653,0.75
22654,-1.25
22655,11.25
22656,0.75
22657,0.75
22658,-0.75
22659,-0.75
22660,-0.75
22661,-0.25
22662,4.25
22663,0.75
22664,-2.75
22665,6.5
22666,-1.25
22667,-0.25
22668,-0.25
22669,7.75
22670,4.75
22671,-0.25
22672,1.75
22673,-0.25
22674,6.25
22675,0.75
22676,4.25
22677,13.5
22678,0.75
22679,1.25
22680,15.5
22681,-2.25
22682,0.75
22683,1.25
22684,8.0
22685,7.25
22686,-0.75
22687,-0.25
22688,-0.75
22689,0.75
22690,1.75
22691,-0.75
22692,-1.25
22693,20.0
22694,5.75
22695,7.5
22696,3.25
22697,0.75
22698,-0.25
22699,-0.75
22700,13.75
22701,7.25
22702,-0.25
22703,-2.25
22704,6.25
22705,9.5
22706,-8.5
22707,-0.75
22708,-0.25
22709,4.25
22710,5.25
22711,7.0
22712,0.75
22713,0.75
22714,-0.25
22715,-0.75
22716,11.5
22717,1.75
22718,1.0
22719,6.25
22720,21.25
22721,-0.25
22722,0.25
22723,6.5
22724,-0.25
22725,-3.75
22726,14.5
22727,6.25
22728,0.75
22729,3.25
22730,-5.5
22731,4.25
22732,-0.25
22733,18.0
22734,17.0
22735,-0.25
22736,10.0
22737,4.25
22738,0.75
22739,9.0
22740,-1.25
22741,-1.0
22742,4.5
22743,2.25
22744,-0.25
22745,9.5
22746,-0.25
22747,-0.25
22748,-16.0
22749,0.75
22750,2.25
22751,-1.25
22752,8.75
22753,9.25
22754,4.25
22755,1.75
22756,-13.75
22757,3.75
22758,7.5
22759,-11.25
22760,18.75
22761,4.25
22762,6.75
22763,5.25
22764,-0.25
22765,-1.25
22766,0.75
22767,12.0
22768,16.25
22769,0.75
22770,3.25
22771,0.25
22772,0.75
22773,7.75
22774,6.75
22775,6.75
22776,0.75
22777,2.75
22778,0.75
22779,10.25
22780,-0.75
22781,-7.25
22782,4.5
22783,-0.75
22784,-0.75
22785,12.25
22786,-0.25
22787,11.25
22788,-0.25
22789,0.75
22790,12.5
22791,6.75
22792,-0.75
22793,16.75
22794,7.75
22795,1.75
22796,3.75
22797,-1.25
22798,5.25
22799,0.75
22800,-0.25
22801,1.0
22802,-1.25
22803,2.75
22804,5.25
22805,12.75
22806,0.75
22807,10.0
22808,-0.25
22809,2.75
22810,-0.75
22811,-0.75
22812,-1.25
22813,-0.75
22814,7.25
22815,7.25
22816,6.75
22817,0.75
22818,4.75
22819,1.25
22820,7.25
22821,5.25
22822,9.0
22823,6.75
22824,15.0
22825,-1.75
22826,-0.25
22827,-0.75
22828,8.0
22829,0.25
22830,-0.25
22831,0.75
22832,4.75
22833,-0.75
22834,0.75
22835,-0.25
22836,4.75
22837,-3.25
22838,2.25
22839,10.5
22840,11.0
22841,0.25
22842,8.5
22843,9.25
22844,-0.25
22845,8.0
22846,0.5
22847,-6.75
22848,8.75
22849,-1.25
22850,11.0
22851,3.5
22852,9.5
22853,4.0
22854,-0.25
22855,-22.75
22856,-0.75
22857,11.0
22858,-3.5
22859,5.75
22860,7.25
22861,4.75
22862,12.75
22863,6.25
22864,2.25
22865,-0.25
22866,10.0
22867,-0.5
22868,12.5
22869,3.25
22870,6.75
22871,1.75
22872,-24.25
22873,-6.0
22874,0.25
22875,10.25
22876,4.5
22877,4.25
22878,-1.0
22879,2.75
22880,2.0
22881,6.25
22882,3.75
22883,-0.25
22884,1.25
22885,4.25
22886,-0.25
22887,8.25
22888,-1.25
22889,-1.25
22890,-14.25
22891,21.75
22892,-2.75
22893,5.25
22894,0.25
22895,7.0
22896,-0.25
22897,-3.75
22898,0.25
22899,-3.75
22900,-0.75
22901,9.25
22902,4.75
22903,-0.25
22904,-2.75
22905,4.75
22906,3.75
22907,0.75
22908,-5.5
22909,0.75
22910,-2.25
22911,11.25
22912,-0.75
22913,-0.25
22914,1.75
22915,7.75
22916,0.75
22917,6.25
22918,0.75
22919,-0.25
22920,-0.75
22921,2.25
22922,2.25
22923,4.25
22924,8.25
22925,-2.25
22926,0.25
22927,-0.25
22928,7.75
22929,-0.75
22930,8.25
22931,3.25
22932,-13.25
22933,0.75
22934,1.75
22935,-0.25
22936,4.25
22937,8.75
22938,0.75
22939,6.25
22940,0.75
22941,0.75
22942,0.75
22943,2.25
22944,3.75
22945,0.25
22946,1.75
22947,7.0
22948,0.0
22949,-0.75
22950,0.75
22951,3.75
22952,5.25
22953,7.75
22954,-1.25
22955,0.75
22956,8.0
22957,-2.25
22958,2.75
22959,4.75
22960,9.25
22961,3.75
22962,2.25
22963,3.25
22964,0.75
22965,-6.25
22966,9.5
22967,10.25
22968,6.5
22969,4.25
22970,-0.25
22971,-5.25
22972,15.75
22973,-6.25
22974,4.25
22975,0.75
22976,7.75
22977,-0.75
22978,8.75
22979,0.75
22980,-0.75
22981,-0.25
22982,9.25
22983,-11.5
22984,0.75
22985,10.75
22986,0.75
22987,3.75
22988,9.5
22989,2.25
22990,11.0
22991,4.25
22992,-4.25
22993,13.5
22994,-1.25
22995,3.75
22996,-7.25
22997,6.25
22998,5.25
22999,-0.75
23000,17.25
23001,-5.25
23002,3.25
23003,-0.25
23004,2.25
23005,-5.25
23006,-3.75
23007,1.25
23008,5.75
23009,-0.75
23010,2.75
23011,3.25
23012,5.75
23013,9.0
23014,-0.25
23015,6.25
23016,-0.75
23017,-0.25
23018,4.25
23019,4.75
23020,-17.75
23021,-0.75
23022,4.75
23023,0.75
23024,0.25
23025,-1.25
23026,-0.75
23027,11.0
23028,-9.25
23029,-0.75
23030,-1.75
23031,0.75
23032,-0.75
23033,0.75
23034,-1.25
23035,7.5
23036,-0.75
23037,0.25
23038,0.75
23039,0.75
23040,2.25
23041,-4.25
23042,1.75
23043,8.75
23044,-5.5
23045,0.75
23046,1.75
23047,11.75
23048,-2.25
23049,-0.25
23050,1.75
23051,0.75
23052,8.75
23053,14.25
23054,-0.25
23055,-0.75
23056,7.25
23057,3.0
23058,6.75
23059,5.25
23060,7.25
23061,3.0
23062,-0.75
23063,10.25
23064,0.25
23065,1.75
23066,-3.25
23067,4.75
23068,6.75
23069,11.25
23070,-0.25
23071,-0.75
23072,-2.25
23073,-0.75
23074,-0.25
23075,3.75
23076,-0.25
23077,-5.5
23078,0.25
23079,5.25
23080,0.75
23081,-0.75
23082,-0.75
23083,11.75
23084,-0.75
23085,3.75
23086,1.75
23087,3.25
23088,0.25
23089,-0.75
23090,5.75
23091,-0.25
23092,2.75
23093,0.75
23094,7.75
23095,11.75
23096,0.25
23097,-0.75
23098,-0.25
23099,-13.0
23100,-0.75
23101,4.75
23102,7.75
23103,-0.25
23104,11.0
23105,0.75
23106,0.25
23107,6.25
23108,-0.75
23109,-0.25
23110,1.75
23111,5.25
23112,5.5
23113,-2.75
23114,5.25
23115,-0.75
23116,-0.75
23117,0.75
23118,2.75
23119,-0.75
23120,-5.25
23121,3.75
23122,-16.25
23123,-0.25
23124,6.75
23125,-0.75
23126,6.25
23127,15.25
23128,0.75
23129,9.5
23130,0.75
23131,5.25
23132,6.75
23133,0.75
23134,-1.25
23135,-0.75
23136,1.75
23137,10.5
23138,0.75
23139,-9.25
23140,-0.75
23141,0.75
23142,1.75
23143,-0.25
23144,2.25
23145,-1.75
23146,1.75
23147,-0.75
23148,5.25
23149,6.75
23150,-2.25
23151,4.25
23152,1.75
23153,-0.25
23154,-0.75
23155,12.75
23156,3.75
23157,7.0
23158,1.75
23159,-0.75
23160,1.75
23161,-9.25
23162,-0.75
23163,-3.75
23164,0.75
23165,-0.75
23166,4.75
23167,5.75
23168,-0.75
23169,-0.25
23170,13.75
23171,-4.75
23172,-0.25
23173,-0.75
23174,-3.25
23175,-0.25
23176,-1.25
23177,19.5
23178,-13.25
23179,-0.75
23180,1.75
23181,-0.25
23182,-0.25
23183,-0.75
23184,13.5
23185,5.25
23186,-0.75
23187,7.75
23188,-1.25
23189,-0.75
23190,-0.25
23191,-1.25
23192,0.75
23193,0.75
23194,3.25
23195,5.25
23196,-0.75
23197,-0.25
23198,7.75
23199,6.25
23200,15.5
23201,5.25
23202,-4.25
23203,9.25
23204,-1.25
23205,2.25
23206,-1.5
23207,-0.75
23208,0.25
23209,3.75
23210,9.0
23211,14.5
23212,-0.25
23213,0.75
23214,5.75
23215,-2.75
23216,-1.25
23217,10.5
23218,-0.75
23219,4.75
23220,0.75
23221,10.5
23222,-11.25
23223,10.75
23224,0.75
23225,-0.25
23226,4.0
23227,-1.25
23228,6.25
23229,-0.75
23230,-3.0
23231,4.75
23232,0.75
23233,-9.25
23234,5.25
23235,8.25
23236,6.25
23237,-8.25
23238,-1.75
23239,0.75
23240,6.25
23241,11.25
23242,8.25
23243,2.75
23244,0.25
23245,-1.25
23246,-0.25
23247,-0.25
23248,-17.25
23249,9.25
23250,5.25
23251,4.25
23252,0.75
23253,0.25
23254,-0.25
23255,-1.25
23256,11.5
23257,0.75
23258,-11.25
23259,9.75
23260,1.75
23261,4.25
23262,4.25
23263,3.75
23264,-1.25
23265,0.25
23266,-0.25
23267,7.75
23268,12.0
23269,0.25
23270,1.75
23271,-7.25
23272,5.75
23273,2.75
23274,6.0
23275,-0.75
23276,8.5
23277,5.75
23278,-0.25
23279,-0.25
23280,13.75
23281,2.75
23282,0.25
23283,4.75
23284,8.0
23285,-0.25
23286,4.25
23287,0.75
23288,4.25
23289,3.25
23290,-0.25
23291,1.25
23292,2.75
23293,5.75
23294,-1.25
23295,-0.75
23296,2.75
23297,-0.75
23298,1.25
23299,-10.25
23300,-0.25
23301,1.25
23302,-0.25
23303,0.75
23304,-0.75
23305,-2.25
23306,0.75
23307,0.75
23308,1.75
23309,-0.25
23310,-0.25
23311,-9.25
23312,-0.75
23313,-0.75
23314,-0.75
23315,-0.25
23316,6.25
23317,3.75
23318,3.25
23319,-1.25
23320,-0.75
23321,2.25
23322,3.75
23323,-3.25
23324,6.75
23325,5.75
23326,-0.25
23327,0.75
23328,-0.75
23329,-0.25
23330,4.75
23331,-0.75
23332,-0.25
23333,8.5
23334,4.75
23335,-0.25
23336,7.75
23337,-0.25
23338,-4.25
23339,0.25
23340,-2.75
23341,-0.75
23342,0.75
23343,2.25
23344,3.25
23345,4.25
23346,5.25
23347,0.75
23348,-1.25
23349,15.0
23350,-0.25
23351,-1.25
23352,3.75
23353,-0.25
23354,6.75
23355,-0.75
23356,-0.75
23357,-0.75
23358,1.75
23359,-0.75
23360,-0.25
23361,-0.75
23362,0.75
23363,-1.25
23364,2.75
23365,-0.25
23366,0.75
23367,-0.25
23368,0.75
23369,9.5
23370,1.75
23371,-0.75
23372,0.75
23373,-6.75
23374,-0.75
23375,7.75
23376,-0.75
23377,-0.75
23378,1.25
23379,3.75
23380,-0.75
23381,9.25
23382,2.25
23383,-1.25
23384,10.25
23385,5.75
23386,5.75
23387,-0.25
23388,5.75
23389,6.75
23390,6.75
23391,11.0
23392,0.75
23393,-0.75
23394,-0.25
23395,-2.25
23396,-0.25
23397,-0.25
23398,5.75
23399,2.75
23400,0.75
23401,5.25
23402,-0.75
23403,-0.25
23404,6.75
23405,4.75
23406,-0.75
23407,6.25
23408,-0.75
23409,6.75
23410,6.25
23411,0.75
23412,5.25
23413,0.75
23414,-1.25
23415,1.25
23416,-0.75
23417,1.75
23418,0.75
23419,0.75
23420,8.0
23421,-0.75
23422,-0.75
23423,1.25
23424,-0.75
23425,0.75
23426,0.75
23427,-0.75
23428,3.25
23429,0.75
23430,3.25
23431,3.75
23432,12.5
23433,-0.25
23434,-0.25
23435,9.25
23436,2.75
23437,9.75
23438,-2.75
23439,-2.25
23440,10.75
23441,2.25
23442,-0.25
23443,5.75
23444,-0.75
23445,1.25
23446,-0.25
23447,2.25
23448,-0.75
23449,14.0
23450,1.25
23451,1.25
23452,0.75
23453,-12.5
23454,0.75
23455,0.75
23456,9.5
23457,-11.75
23458,11.25
23459,11.25
23460,-0.25
23461,-0.75
23462,-2.75
23463,15.75
23464,9.5
23465,-0.75
23466,1.25
23467,-0.25
23468,7.75
23469,6.75
23470,13.5
23471,10.5
23472,7.25
23473,5.75
23474,13.75
23475,-0.25
23476,-0.75
23477,-0.75
23478,8.5
23479,-1.25
23480,3.75
23481,-0.25
23482,-2.25
23483,0.75
23484,3.25
23485,0.75
23486,0.75
23487,-0.25
23488,-8.25
23489,6.5
23490,1.25
23491,2.25
23492,0.25
23493,-0.25
23494,8.25
23495,0.75
23496,0.25
23497,0.75
23498,4.75
23499,6.25
23500,11.25
23501,-0.75
23502,-2.25
23503,10.75
23504,-2.25
23505,8.25
23506,-1.25
23507,6.75
23508,-0.75
23509,-1.75
23510,0.75
23511,9.25
23512,-0.75
23513,0.75
23514,4.75
23515,8.75
23516,-0.25
23517,-14.25
23518,-0.75
23519,2.25
23520,10.75
23521,5.25
23522,-0.75
23523,9.25
23524,6.75
23525,8.25
23526,-0.75
23527,-9.5
23528,18.25
23529,9.5
23530,-1.25
23531,7.5
23532,0.25
23533,18.25
23534,-11.75
23535,10.75
23536,-13.75
23537,3.25
23538,-1.75
23539,2.25
23540,6.25
23541,8.25
23542,4.75
23543,-0.25
23544,0.75
23545,0.25
23546,-0.75
23547,2.75
23548,0.75
23549,0.75
23550,1.75
23551,6.75
23552,-0.25
23553,13.0
23554,7.25
23555,3.25
23556,9.25
23557,0.25
23558,5.75
23559,-0.75
23560,1.75
23561,10.25
23562,4.75
23563,-0.25
23564,1.75
23565,-1.25
23566,8.25
23567,14.25
23568,13.5
23569,-11.25
23570,-0.75
23571,10.0
23572,9.0
23573,6.0
23574,-2.25
23575,-11.25
23576,8.5
23577,-0.75
23578,4.75
23579,10.0
23580,0.75
23581,2.75
23582,-1.25
23583,-0.25
23584,2.25
23585,6.5
23586,-3.75
23587,9.25
23588,-16.5
23589,-4.25
23590,4.5
23591,7.25
23592,-0.25
23593,8.25
23594,6.75
23595,2.25
23596,4.75
23597,15.0
23598,2.75
23599,-1.25
23600,0.75
23601,-0.75
23602,-0.75
23603,7.75
23604,2.75
23605,2.75
23606,-0.75
23607,2.25
23608,-9.25
23609,-0.75
23610,5.75
23611,-14.25
23612,1.25
23613,1.25
23614,-0.75
23615,0.75
23616,0.75
23617,13.75
23618,11.25
23619,0.75
23620,-0.75
23621,-7.0
23622,-0.75
23623,-0.25
23624,0.75
23625,2.75
23626,1.25
23627,-5.25
23628,5.25
23629,0.75
23630,0.75
23631,-0.75
23632,0.75
23633,3.25
23634,-0.75
23635,-0.25
23636,4.25
23637,3.25
23638,-0.75
23639,-0.75
23640,3.25
23641,8.25
23642,8.25
23643,10.0
23644,-19.25
23645,0.75
23646,8.0
23647,0.75
23648,9.25
23649,-0.25
23650,-0.25
23651,2.75
23652,6.25
23653,-0.75
23654,-1.25
23655,0.25
23656,-0.75
23657,0.75
23658,-0.75
23659,5.75
23660,6.25
23661,10.25
23662,-1.25
23663,-0.25
23664,-1.25
23665,4.75
23666,0.75
23667,5.75
23668,4.25
23669,0.75
23670,-1.25
23671,-0.75
23672,-0.25
23673,3.25
23674,0.75
23675,-0.75
23676,0.75
23677,-1.25
23678,-0.75
23679,2.25
23680,1.25
23681,5.25
23682,12.75
23683,-0.75
23684,-0.75
23685,-1.25
23686,0.75
23687,-0.25
23688,5.25
23689,6.75
23690,-0.25
23691,7.75
23692,-16.75
23693,-0.75
23694,-0.25
23695,0.25
23696,-1.25
23697,-0.25
23698,0.75
23699,5.25
23700,-0.75
23701,8.5
23702,3.25
23703,-0.25
23704,-0.75
23705,12.0
23706,8.25
23707,-1.25
23708,3.25
23709,-2.75
23710,-0.75
23711,0.75
23712,0.75
23713,0.75
23714,-2.25
23715,-0.75
23716,4.25
23717,3.25
23718,1.75
23719,0.75
23720,-1.25
23721,-5.75
23722,0.75
23723,-1.25
23724,3.25
23725,-0.75
23726,-9.25
23727,6.75
23728,-0.25
23729,0.75
23730,2.25
23731,7.75
23732,0.75
23733,-0.75
23734,-0.25
23735,0.75
23736,0.75
23737,0.75
23738,-0.75
23739,2.75
23740,-0.75
23741,2.75
23742,0.25
23743,-0.25
23744,-0.25
23745,-0.75
23746,-1.25
23747,6.25
23748,3.25
23749,-8.25
23750,-0.25
23751,1.75
23752,-0.25
23753,-1.25
23754,-0.75
23755,1.25
23756,6.25
23757,4.25
23758,-0.25
23759,0.25
23760,6.25
23761,6.75
23762,-0.75
23763,-1.25
23764,2.75
23765,1.0
23766,1.75
23767,9.5
23768,0.75
23769,1.25
23770,5.75
23771,2.75
23772,-0.75
23773,-0.25
23774,-1.25
23775,2.75
23776,8.25
23777,0.75
23778,4.25
23779,3.25
23780,2.25
23781,-1.25
23782,0.25
23783,2.25
23784,-0.75
23785,2.25
23786,-0.25
23787,-1.25
23788,-0.75
23789,10.5
23790,-0.75
23791,4.25
23792,-0.75
23793,1.75
23794,-0.25
23795,3.75
23796,-0.75
23797,1.25
23798,4.75
23799,-6.75
23800,-4.25
23801,5.25
23802,-0.25
23803,0.25
23804,0.25
23805,-3.25
23806,-11.25
23807,-0.25
23808,2.75
23809,-0.75
23810,0.75
23811,0.75
23812,2.25
23813,0.75
23814,6.25
23815,9.0
23816,8.75
23817,-0.75
23818,4.25
23819,-0.25
23820,5.75
23821,-1.25
23822,4.25
23823,-15.5
23824,2.25
23825,12.0
23826,-0.75
23827,-0.75
23828,6.75
23829,-2.25
23830,1.25
23831,2.75
23832,0.75
23833,0.75
23834,-14.75
23835,1.25
23836,4.75
23837,0.75
23838,-1.25
23839,5.5
23840,-8.25
23841,3.25
23842,0.75
23843,4.75
23844,-1.25
23845,-0.75
23846,-7.5
23847,5.75
23848,-0.75
23849,-0.75
23850,0.75
23851,-0.75
23852,-0.25
23853,-3.75
23854,-3.25
23855,-5.25
23856,0.75
23857,3.75
23858,2.75
23859,2.75
23860,-0.25
23861,6.25
23862,7.75
23863,4.25
23864,-3.0
23865,8.25
23866,0.75
23867,-2.75
23868,7.25
23869,6.75
23870,13.5
23871,7.5
23872,3.25
23873,-0.75
23874,-0.75
23875,-0.25
23876,0.75
23877,-0.75
23878,-0.25
23879,0.75
23880,-1.25
23881,4.75
23882,5.25
23883,-8.75
23884,0.25
23885,0.75
23886,-2.25
23887,0.75
23888,0.25
23889,-0.25
23890,5.75
23891,4.25
23892,16.25
23893,10.25
23894,-0.25
23895,5.25
23896,0.75
23897,2.25
23898,-6.25
23899,4.25
23900,-0.25
23901,-0.75
23902,6.25
23903,0.75
23904,12.5
23905,13.75
23906,0.25
23907,-0.75
23908,-0.25
23909,2.75
23910,5.75
23911,-9.75
23912,4.25
23913,5.25
23914,0.75
23915,1.75
23916,13.5
23917,-0.25
23918,4.25
23919,-2.25
23920,16.25
23921,9.25
23922,0.75
23923,2.75
23924,21.25
23925,5.75
23926,2.5
23927,-0.25
23928,-0.25
23929,-0.25
23930,10.25
23931,4.25
23932,-2.25
23933,5.75
23934,-0.75
23935,-0.25
23936,-0.75
23937,0.75
23938,6.75
23939,-2.75
23940,-1.25
23941,-0.75
23942,2.75
23943,-0.25
23944,-0.75
23945,2.75
23946,6.75
23947,4.75
23948,8.0
23949,-0.25
23950,0.75
23951,5.25
23952,4.25
23953,8.75
23954,-0.75
23955,7.75
23956,-3.25
23957,-0.25
23958,2.25
23959,-0.25
23960,9.25
23961,0.75
23962,1.75
23963,-0.75
23964,2.25
23965,0.75
23966,6.75
23967,0.75
23968,6.25
23969,3.25
23970,-5.75
23971,13.0
23972,5.75
23973,1.25
23974,10.75
23975,13.25
23976,-3.25
23977,0.75
23978,4.75
23979,-0.25
23980,6.25
23981,0.25
23982,4.75
23983,3.75
23984,5.75
23985,-0.75
23986,3.75
23987,-0.75
23988,12.5
23989,4.25
23990,6.75
23991,3.25
23992,-10.25
23993,6.25
23994,1.75
23995,13.75
23996,0.25
23997,-3.25
23998,3.75
23999,1.25
24000,13.0
24001,0.75
24002,-0.75
24003,0.75
24004,5.5
24005,10.5
24006,0.25
24007,-0.75
24008,0.75
24009,5.25
24010,4.25
24011,7.0
24012,9.5
24013,-0.25
24014,-2.25
24015,3.25
24016,2.25
24017,-0.25
24018,6.75
24019,-0.25
24020,-0.75
24021,-6.25
24022,0.75
24023,11.25
24024,-8.5
24025,-0.25
24026,6.25
24027,14.0
24028,4.25
24029,-0.25
24030,0.75
24031,10.25
24032,2.75
24033,-3.75
24034,2.25
24035,0.75
24036,4.75
24037,-6.5
24038,-0.75
24039,-3.25
24040,-7.25
24041,17.0
24042,0.75
24043,8.25
24044,4.75
24045,7.25
24046,-0.25
24047,6.25
24048,-12.25
24049,7.75
24050,-0.25
24051,2.0
24052,2.25
24053,-0.25
24054,-12.75
24055,-2.75
24056,-5.5
24057,2.25
24058,-2.75
24059,10.5
24060,1.0
24061,1.75
24062,-0.25
24063,5.75
24064,10.75
24065,3.25
24066,9.5
24067,9.5
24068,-0.75
24069,11.25
24070,-2.25
24071,6.25
24072,-0.25
24073,-0.75
24074,1.75
24075,-7.25
24076,-0.25
24077,-0.75
24078,-1.25
24079,-2.25
24080,0.75
24081,9.5
24082,1.75
24083,0.75
24084,-11.0
24085,5.25
24086,0.75
24087,4.75
24088,-0.75
24089,6.75
24090,5.75
24091,8.5
24092,4.25
24093,18.5
24094,0.75
24095,3.75
24096,12.0
24097,-0.75
24098,8.75
24099,-1.75
24100,5.75
24101,1.25
24102,3.75
24103,2.25
24104,-1.25
24105,0.25
24106,4.75
24107,-0.25
24108,0.75
24109,-0.75
24110,2.25
24111,-0.25
24112,8.75
24113,0.25
24114,4.25
24115,-0.25
24116,-0.25
24117,-6.75
24118,-2.75
24119,-0.25
24120,5.25
24121,5.25
24122,12.75
24123,6.5
24124,-0.75
24125,0.75
24126,-0.75
24127,0.75
24128,8.75
24129,5.75
24130,-1.25
24131,-0.25
24132,0.25
24133,-0.25
24134,-4.25
24135,-0.75
24136,5.75
24137,2.75
24138,-3.75
24139,8.5
24140,7.0
24141,6.5
24142,7.5
24143,5.75
24144,3.25
24145,-18.25
24146,-27.25
24147,15.5
24148,9.0
24149,-1.25
24150,1.0
24151,-1.25
24152,-16.25
24153,0.25
24154,0.25
24155,3.75
24156,-14.75
24157,6.25
24158,13.5
24159,-0.25
24160,9.25
24161,17.25
24162,-0.25
24163,6.5
24164,0.0
24165,5.75
24166,2.25
24167,-5.5
24168,-0.25
24169,-0.75
24170,3.75
24171,-0.25
24172,7.75
24173,-10.25
24174,-0.25
24175,9.0
24176,11.25
24177,6.25
24178,-0.75
24179,0.75
24180,5.5
24181,5.75
24182,0.75
24183,-0.75
24184,-3.25
24185,2.75
24186,0.75
24187,-0.75
24188,2.25
24189,-24.75
24190,-0.25
24191,8.5
24192,0.75
24193,-10.75
24194,-0.75
24195,14.0
24196,4.25
24197,-1.75
24198,11.0
24199,0.75
24200,8.75
24201,10.0
24202,-1.25
24203,6.75
24204,-0.25
24205,-1.0
24206,-0.25
24207,-0.25
24208,-0.75
24209,0.75
24210,-13.0
24211,7.25
24212,11.0
24213,-6.75
24214,7.25
24215,-0.75
24216,-1.25
24217,-30.5
24218,3.75
24219,5.25
24220,5.75
24221,-0.75
24222,9.75
24223,4.75
24224,-3.25
24225,0.25
24226,0.75
24227,0.25
24228,-0.25
24229,3.25
24230,-0.25
24231,3.75
24232,10.25
24233,0.75
24234,4.75
24235,0.75
24236,0.75
24237,5.75
24238,0.75
24239,5.75
24240,-0.25
24241,0.75
24242,5.25
24243,16.0
24244,0.75
24245,-3.75
24246,-0.25
24247,1.75
24248,-0.25
24249,0.75
24250,5.75
24251,0.75
24252,-1.25
24253,-12.25
24254,-1.25
24255,0.75
24256,-0.75
24257,17.25
24258,5.25
24259,-0.75
24260,7.0
24261,-0.25
24262,-3.25
24263,3.25
24264,-0.25
24265,1.25
24266,0.75
24267,3.25
24268,14.25
24269,0.75
24270,-3.25
24271,0.75
24272,1.75
24273,3.75
24274,-0.75
24275,-0.25
24276,3.25
24277,-8.25
24278,-2.75
24279,0.75
24280,4.75
24281,5.75
24282,5.25
24283,-1.25
24284,-0.75
24285,-1.75
24286,-0.25
24287,10.75
24288,-0.25
24289,0.75
24290,3.75
24291,-9.25
24292,0.25
24293,6.75
24294,0.25
24295,0.25
24296,1.25
24297,-18.25
24298,6.75
24299,0.75
24300,1.75
24301,4.25
24302,6.75
24303,-1.25
24304,20.0
24305,0.75
24306,9.25
24307,9.25
24308,2.75
24309,6.75
24310,7.25
24311,-0.75
24312,3.25
24313,4.25
24314,2.75
24315,2.25
24316,0.25
24317,11.0
24318,-0.25
24319,-0.75
24320,1.75
24321,5.25
24322,9.25
24323,-2.25
24324,2.75
24325,9.75
24326,-5.5
24327,5.75
24328,-0.75
24329,1.75
24330,-1.25
24331,4.25
24332,4.25
24333,0.25
24334,-6.0
24335,0.75
24336,4.25
24337,10.25
24338,11.0
24339,0.75
24340,6.25
24341,-5.75
24342,-0.25
24343,-0.75
24344,-0.25
24345,-0.25
24346,-0.25
24347,-0.25
24348,2.25
24349,-0.75
24350,5.75
24351,2.25
24352,-5.75
24353,-0.25
24354,-8.25
24355,7.25
24356,0.75
24357,1.25
24358,6.75
24359,-0.25
24360,5.25
24361,1.25
24362,2.75
24363,0.75
24364,-0.25
24365,-1.25
24366,6.25
24367,7.75
24368,1.25
24369,0.25
24370,10.0
24371,8.5
24372,6.75
24373,4.75
24374,-3.25
24375,18.0
24376,7.75
24377,8.75
24378,3.75
24379,5.25
24380,1.25
24381,-6.25
24382,0.75
24383,5.75
24384,9.25
24385,20.75
24386,4.75
24387,-0.25
24388,-0.25
24389,0.25
24390,1.75
24391,4.75
24392,-0.75
24393,2.75
24394,2.75
24395,-4.75
24396,6.25
24397,7.25
24398,2.25
24399,-0.75
24400,-1.25
24401,3.25
24402,1.25
24403,-0.25
24404,3.75
24405,-2.25
24406,-4.25
24407,-0.25
24408,-0.25
24409,0.75
24410,0.75
24411,-0.75
24412,7.25
24413,-7.25
24414,-3.25
24415,0.25
24416,-2.25
24417,0.75
24418,-0.25
24419,-9.25
24420,-0.75
24421,-3.25
24422,0.75
24423,-0.25
24424,-0.25
24425,1.75
24426,6.25
24427,-0.75
24428,2.75
24429,-0.75
24430,2.25
24431,2.75
24432,9.75
24433,7.25
24434,-3.75
24435,-0.25
24436,1.25
24437,0.75
24438,3.25
24439,2.25
24440,2.75
24441,-0.25
24442,-0.25
24443,0.75
24444,6.25
24445,1.75
24446,1.75
24447,-6.25
24448,2.75
24449,-1.25
24450,0.75
24451,1.25
24452,-1.25
24453,0.25
24454,9.25
24455,-7.25
24456,3.25
24457,-0.25
24458,-2.75
24459,3.75
24460,7.25
24461,0.75
24462,3.25
24463,1.25
24464,-1.25
24465,8.75
24466,1.25
24467,3.75
24468,1.25
24469,3.75
24470,8.25
24471,-0.75
24472,-2.25
24473,0.25
24474,-0.25
24475,-1.25
24476,1.75
24477,-0.25
24478,6.75
24479,-2.25
24480,-0.25
24481,0.75
24482,-4.25
24483,-0.75
24484,8.0
24485,-2.25
24486,1.75
24487,2.25
24488,-0.75
24489,-4.25
24490,3.25
24491,-1.75
24492,-0.75
24493,1.25
24494,4.25
24495,2.75
24496,-2.25
24497,-6.25
24498,-0.75
24499,2.75
24500,9.75
24501,3.25
24502,2.75
24503,3.25
24504,0.75
24505,1.25
24506,0.75
24507,1.75
24508,-0.25
24509,3.25
24510,-7.25
24511,2.25
24512,0.25
24513,5.75
24514,1.75
24515,3.75
24516,4.75
24517,-0.25
24518,1.25
24519,-3.75
24520,2.75
24521,1.75
24522,1.75
24523,1.75
24524,-11.25
24525,-5.5
24526,0.75
24527,0.25
24528,-2.25
24529,2.75
24530,2.75
24531,-0.75
24532,-11.25
24533,-0.75
24534,7.25
24535,-0.75
24536,1.25
24537,5.75
24538,1.25
24539,0.75
24540,4.75
24541,-0.75
24542,5.25
24543,1.75
24544,-0.25
24545,-0.75
24546,3.25
24547,2.75
24548,-2.25
24549,13.25
24550,1.25
24551,-0.75
24552,0.25
24553,0.75
24554,0.25
24555,2.75
24556,0.25
24557,0.75
24558,-0.25
24559,-0.25
24560,2.25
24561,1.25
24562,1.75
24563,-0.75
24564,-12.75
24565,0.75
24566,1.25
24567,-0.75
24568,5.25
24569,-3.25
24570,3.25
24571,-0.25
24572,1.75
24573,2.25
24574,-2.25
24575,-0.75
24576,-0.25
24577,-1.25
24578,-0.75
24579,-0.25
24580,-0.25
24581,0.75
24582,6.25
24583,0.25
24584,-0.25
24585,-0.75
24586,-0.75
24587,-11.25
24588,1.75
24589,0.75
24590,-4.25
24591,-0.75
24592,0.75
24593,3.75
24594,-0.25
24595,3.25
24596,-8.25
24597,8.75
24598,-3.75
24599,4.75
24600,0.25
24601,-0.25
24602,1.75
24603,0.75
24604,-5.25
24605,0.25
24606,0.75
24607,6.25
24608,0.75
24609,-0.25
24610,4.75
24611,1.75
24612,0.75
24613,0.25
24614,5.25
24615,0.75
24616,0.75
24617,-0.75
24618,-0.25
24619,-0.75
24620,0.25
24621,0.75
24622,0.75
24623,-0.75
24624,7.75
24625,1.25
24626,11.25
24627,-9.25
24628,0.75
24629,-0.75
24630,0.25
24631,4.25
24632,0.75
24633,-4.25
24634,-0.25
24635,-0.25
24636,3.25
24637,-0.25
24638,0.75
24639,-0.25
24640,2.75
24641,4.25
24642,4.25
24643,7.75
24644,9.75
24645,-0.25
24646,6.75
24647,-0.25
24648,-0.25
24649,0.75
24650,-1.25
24651,4.75
24652,2.75
24653,0.75
24654,2.25
24655,9.25
24656,1.75
24657,-0.75
24658,2.75
24659,0.75
24660,-1.25
24661,-0.75
24662,-0.25
24663,-1.25
24664,-0.25
24665,-0.75
24666,0.25
24667,4.25
24668,7.75
24669,0.25
24670,2.25
24671,-0.25
24672,6.25
24673,6.75
24674,-0.75
24675,-0.25
24676,9.25
24677,3.25
24678,4.75
24679,0.75
24680,0.75
24681,3.75
24682,-0.75
24683,-0.75
24684,-0.25
24685,5.75
24686,4.25
24687,0.75
24688,-0.25
24689,0.75
24690,-0.75
24691,-2.75
24692,0.75
24693,-0.25
24694,7.25
24695,1.75
24696,0.75
24697,-0.75
24698,0.75
24699,2.75
24700,0.25
24701,-0.75
24702,-1.25
24703,0.75
24704,12.0
24705,-0.75
24706,-0.75
24707,1.25
24708,0.75
24709,-1.25
24710,-0.75
24711,-0.25
24712,-1.25
24713,0.75
24714,4.75
24715,-0.25
24716,-0.75
24717,-0.75
24718,8.25
24719,0.75
24720,-1.25
24721,-1.25
24722,1.75
24723,9.25
24724,9.25
24725,10.75
24726,0.75
24727,5.25
24728,-1.75
24729,1.75
24730,-0.75
24731,-0.75
24732,0.75
24733,-0.75
24734,0.25
24735,-0.75
24736,0.25
24737,0.75
24738,2.25
24739,3.25
24740,1.75
24741,-0.75
24742,0.25
24743,-0.25
24744,-3.25
24745,5.25
24746,-0.75
24747,13.75
24748,-0.75
24749,4.75
24750,-0.75
24751,3.75
24752,0.75
24753,-0.25
24754,0.75
24755,0.25
24756,0.75
24757,-0.25
24758,0.75
24759,-0.75
24760,-0.25
24761,-0.75
24762,4.75
24763,4.25
24764,4.75
24765,-0.75
24766,-0.25
24767,0.75
24768,3.25
24769,-0.75
24770,0.25
24771,-0.25
24772,-1.25
24773,9.25
24774,-0.25
24775,0.75
24776,3.25
24777,-5.75
24778,-0.25
24779,0.75
24780,6.25
24781,-0.75
24782,0.75
24783,-0.25
24784,1.25
24785,-0.25
24786,5.25
24787,1.25
24788,1.75
24789,4.75
24790,-0.75
24791,0.75
24792,9.5
24793,-0.75
24794,0.75
24795,-0.25
24796,-0.75
24797,3.75
24798,0.75
24799,4.75
24800,0.25
24801,-0.75
24802,2.75
24803,0.75
24804,0.75
24805,-1.75
24806,1.75
24807,6.25
24808,-7.25
24809,-0.75
24810,-5.75
24811,4.75
24812,12.0
24813,4.75
24814,0.75
24815,0.75
24816,0.75
24817,1.25
24818,-0.25
24819,6.25
24820,4.75
24821,2.75
24822,7.5
24823,0.75
24824,15.75
24825,-0.25
24826,3.25
24827,-0.75
24828,3.75
24829,-2.25
24830,-0.75
24831,-1.25
24832,0.25
24833,-0.25
24834,-0.25
24835,7.25
24836,10.5
24837,4.75
24838,0.75
24839,6.5
24840,4.25
24841,3.25
24842,-9.5
24843,-5.0
24844,2.75
24845,-0.25
24846,3.75
24847,0.75
24848,4.25
24849,-0.75
24850,-0.25
24851,-1.25
24852,-0.25
24853,1.75
24854,-0.25
24855,-0.25
24856,-0.25
24857,-6.25
24858,-5.25
24859,4.25
24860,4.75
24861,-0.75
24862,2.25
24863,6.75
24864,4.25
24865,5.25
24866,0.75
24867,5.25
24868,-1.25
24869,3.25
24870,9.25
24871,-0.25
24872,0.25
24873,10.5
24874,-0.25
24875,2.75
24876,-0.25
24877,-1.25
24878,-1.25
24879,8.75
24880,-1.25
24881,-1.25
24882,8.0
24883,-10.25
24884,1.75
24885,3.25
24886,1.75
24887,0.75
24888,1.75
24889,-3.75
24890,-0.25
24891,6.75
24892,2.25
24893,-1.25
24894,-2.75
24895,-2.25
24896,14.25
24897,1.75
24898,2.75
24899,1.75
24900,5.75
24901,0.75
24902,-0.25
24903,-0.25
24904,-1.25
24905,2.25
24906,-4.25
24907,3.75
24908,4.75
24909,6.75
24910,-6.25
24911,-0.75
24912,11.25
24913,3.75
24914,0.75
24915,-1.25
24916,-9.25
24917,-2.25
24918,2.25
24919,7.0
24920,3.75
24921,2.75
24922,-4.25
24923,-0.25
24924,0.75
24925,4.75
24926,-0.25
24927,8.75
24928,6.75
24929,-9.25
24930,10.5
24931,4.25
24932,0.75
24933,0.75
24934,-0.25
24935,1.75
24936,-0.75
24937,-0.25
24938,6.25
24939,-0.25
24940,3.25
24941,0.25
24942,-0.75
24943,-0.25
24944,-0.25
24945,0.25
24946,1.75
24947,7.0
24948,20.25
24949,-0.75
24950,0.25
24951,3.75
24952,4.25
24953,-10.25
24954,-0.75
24955,7.75
24956,10.75
24957,4.25
24958,-0.75
24959,-0.25
24960,-1.25
24961,0.75
24962,-0.25
24963,1.25
24964,21.5
24965,8.25
24966,2.75
24967,7.25
24968,0.25
24969,-4.25
24970,-0.75
24971,-4.25
24972,-0.25
24973,4.75
24974,0.75
24975,-0.25
24976,0.75
24977,-0.75
24978,0.75
24979,-1.25
24980,-0.25
24981,11.5
24982,1.25
24983,3.25
24984,-0.75
24985,0.75
24986,-0.75
24987,-1.25
24988,-14.0
24989,2.75
24990,5.75
24991,-0.75
24992,-0.25
24993,-5.75
24994,4.75
24995,-1.25
24996,-0.75
24997,7.75
24998,5.75
24999,-11.75
25000,3.75
25001,1.75
25002,0.75
25003,8.0
25004,3.75
25005,10.5
25006,2.25
25007,2.75
25008,4.25
25009,-0.75
25010,-0.25
25011,1.25
25012,3.25
25013,4.25
25014,0.75
25015,0.75
25016,-0.25
25017,-0.75
25018,7.75
25019,-0.75
25020,0.75
25021,5.75
25022,-0.75
25023,15.0
25024,5.25
25025,-0.25
25026,5.25
25027,16.0
25028,3.75
25029,-0.25
25030,0.75
25031,-0.25
25032,7.25
25033,0.25
25034,7.75
25035,0.25
25036,7.75
25037,0.75
25038,3.75
25039,4.75
25040,0.75
25041,3.25
25042,-0.25
25043,1.75
25044,0.75
25045,0.75
25046,-4.75
25047,-2.75
25048,5.25
25049,4.75
25050,1.75
25051,5.75
25052,-1.25
25053,-1.25
25054,-0.75
25055,5.75
25056,0.25
25057,0.25
25058,9.25
25059,7.75
25060,-0.25
25061,15.25
25062,-0.75
25063,0.75
25064,-1.25
25065,-0.75
25066,-0.75
25067,-1.25
25068,-3.75
25069,-0.25
25070,-0.75
25071,-0.75
25072,-1.25
25073,-0.25
25074,0.25
25075,-11.75
25076,-1.25
25077,-0.75
25078,7.75
25079,7.0
25080,15.0
25081,-0.25
25082,-1.0
25083,-8.25
25084,8.0
25085,15.75
25086,-4.75
25087,9.0
25088,3.75
25089,4.25
25090,-0.75
25091,4.25
25092,7.25
25093,-4.25
25094,-1.25
25095,-0.75
25096,-0.75
25097,1.25
25098,4.25
25099,4.75
25100,2.25
25101,0.25
25102,8.5
25103,0.25
25104,-3.0
25105,-12.25
25106,-0.25
25107,-0.25
25108,5.75
25109,1.75
25110,-1.25
25111,5.75
25112,-0.25
25113,2.75
25114,2.25
25115,5.25
25116,-5.75
25117,-0.75
25118,-1.25
25119,-0.25
25120,-0.75
25121,0.25
25122,1.25
25123,3.0
25124,0.75
25125,-5.25
25126,10.25
25127,-1.25
25128,3.75
25129,3.25
25130,-0.25
25131,-1.25
25132,4.25
25133,2.75
25134,17.0
25135,9.75
25136,1.25
25137,-1.25
25138,3.75
25139,-0.75
25140,0.25
25141,6.75
25142,8.25
25143,-0.25
25144,-0.25
25145,0.75
25146,12.5
25147,-0.75
25148,5.5
25149,-0.75
25150,2.25
25151,-8.25
25152,-0.75
25153,2.75
25154,6.25
25155,0.75
25156,6.25
25157,-0.75
25158,4.25
25159,8.75
25160,-0.25
25161,2.25
25162,0.75
25163,2.75
25164,0.25
25165,9.0
25166,6.75
25167,5.25
25168,5.75
25169,4.25
25170,11.5
25171,1.75
25172,-0.25
25173,2.75
25174,-10.75
25175,-6.5
25176,-0.75
25177,5.75
25178,0.75
25179,-0.25
25180,16.5
25181,19.5
25182,4.25
25183,-0.75
25184,6.75
25185,0.75
25186,-0.25
25187,0.75
25188,-0.25
25189,0.75
25190,8.0
25191,-0.75
25192,-1.25
25193,-2.25
25194,-0.75
25195,3.75
25196,0.75
25197,2.75
25198,-0.25
25199,0.75
25200,3.25
25201,0.25
25202,-0.25
25203,-0.75
25204,-14.75
25205,0.25
25206,1.75
25207,5.75
25208,5.75
25209,0.75
25210,17.5
25211,0.25
25212,-0.25
25213,0.25
25214,1.75
25215,1.25
25216,-0.25
25217,8.0
25218,0.25
25219,0.25
25220,-0.75
25221,9.5
25222,4.75
25223,13.5
25224,-0.75
25225,12.75
25226,-0.25
25227,6.25
25228,-0.75
25229,9.25
25230,-2.75
25231,0.75
25232,2.75
25233,-4.25
25234,3.25
25235,-0.75
25236,-9.25
25237,5.0
25238,-18.0
25239,0.75
25240,1.75
25241,0.25
25242,0.75
25243,-11.5
25244,9.5
25245,4.75
25246,3.75
25247,0.75
25248,9.5
25249,10.75
25250,11.25
25251,0.75
25252,-21.25
25253,-13.75
25254,-1.25
25255,0.75
25256,5.25
25257,7.25
25258,15.75
25259,3.25
25260,-1.75
25261,1.75
25262,8.5
25263,18.25
25264,5.75
25265,2.25
25266,-0.75
25267,0.75
25268,-0.75
25269,1.25
25270,-12.25
25271,-3.25
25272,-0.75
25273,-3.25
25274,8.75
25275,9.25
25276,7.75
25277,11.5
25278,9.25
25279,-0.25
25280,3.5
25281,0.75
25282,-11.5
25283,-0.25
25284,-6.0
25285,10.25
25286,-2.25
25287,0.75
25288,0.75
25289,0.75
25290,1.25
25291,-0.75
25292,-0.75
25293,-2.25
25294,5.25
25295,8.0
25296,3.25
25297,10.75
25298,0.75
25299,5.25
25300,7.25
25301,4.25
25302,-2.25
25303,-0.75
25304,0.75
25305,-0.75
25306,0.75
25307,-24.75
25308,1.75
25309,9.5
25310,9.25
25311,-0.25
25312,7.75
25313,6.75
25314,12.25
25315,6.75
25316,-0.25
25317,-0.25
25318,2.25
25319,-0.75
25320,0.75
25321,-0.25
25322,20.75
25323,2.25
25324,-6.25
25325,0.25
25326,6.25
25327,1.25
25328,7.25
25329,-3.25
25330,-1.25
25331,4.25
25332,-1.25
25333,8.75
25334,-12.25
25335,0.75
25336,3.75
25337,-0.75
25338,17.5
25339,-1.25
25340,0.75
25341,0.75
25342,0.25
25343,2.75
25344,1.75
25345,8.25
25346,11.75
25347,-0.75
25348,-0.75
25349,-6.0
25350,9.5
25351,2.75
25352,0.75
25353,-0.75
25354,9.5
25355,-0.75
25356,-0.25
25357,-0.75
25358,4.75
25359,1.75
25360,6.75
25361,-1.5
25362,-0.75
25363,4.75
25364,0.75
25365,6.25
25366,-0.75
25367,4.75
25368,6.5
25369,4.25
25370,4.25
25371,0.5
25372,0.25
25373,-0.25
25374,-0.75
25375,-0.25
25376,5.25
25377,1.75
25378,0.75
25379,0.25
25380,-0.25
25381,0.25
25382,-0.75
25383,0.75
25384,13.25
25385,0.25
25386,9.0
25387,9.5
25388,0.75
25389,4.75
25390,9.5
25391,8.25
25392,-0.25
25393,0.25
25394,-0.75
25395,5.75
25396,-1.25
25397,-0.75
25398,-0.75
25399,0.25
25400,0.75
25401,0.25
25402,-0.75
25403,6.75
25404,-0.75
25405,1.75
25406,-0.75
25407,7.75
25408,-2.75
25409,4.75
25410,-0.75
25411,-0.25
25412,7.5
25413,-0.75
25414,11.0
25415,7.75
25416,4.75
25417,1.25
25418,8.75
25419,0.25
25420,-0.75
25421,-0.25
25422,2.75
25423,0.75
25424,-0.75
25425,-0.75
25426,-1.25
25427,0.75
25428,-0.75
25429,7.25
25430,-0.75
25431,-0.75
25432,0.75
25433,20.75
25434,-0.25
25435,-0.75
25436,-0.25
25437,7.25
25438,-0.75
25439,-0.25
25440,0.75
25441,4.5
25442,0.25
25443,7.5
25444,-1.25
25445,6.75
25446,2.75
25447,-0.25
25448,8.75
25449,8.0
25450,-0.25
25451,2.75
25452,-5.75
25453,-0.25
25454,6.5
25455,-0.25
25456,8.25
25457,0.75
25458,7.75
25459,1.25
25460,13.5
25461,-0.75
25462,4.25
25463,13.0
25464,-0.5
25465,3.75
25466,-11.0
25467,0.75
25468,8.25
25469,0.75
25470,-0.25
25471,0.75
25472,12.5
25473,8.0
25474,9.75
25475,-0.75
25476,7.25
25477,-0.25
25478,6.5
25479,9.75
25480,0.75
25481,-0.75
25482,-1.25
25483,-1.0
25484,18.5
25485,2.25
25486,4.75
25487,11.5
25488,2.25
25489,-1.25
25490,3.75
25491,10.5
25492,-1.25
25493,-0.25
25494,-3.5
25495,0.75
25496,-3.25
25497,1.75
25498,12.75
25499,14.25
25500,-0.75
25501,8.5
25502,22.5
25503,-11.75
25504,8.75
25505,0.75
25506,0.75
25507,-9.5
25508,3.75
25509,-0.25
25510,10.0
25511,-9.25
25512,8.5
25513,0.75
25514,-1.25
25515,-10.75
25516,10.75
25517,2.25
25518,5.25
25519,7.75
25520,-16.5
25521,-1.5
25522,0.75
25523,-0.25
25524,9.75
25525,-0.75
25526,6.0
25527,-0.25
25528,-0.75
25529,-0.25
25530,11.75
25531,9.5
25532,12.0
25533,12.5
25534,-0.75
25535,21.0
25536,-0.25
25537,12.75
25538,10.5
25539,0.75
25540,-0.75
25541,6.75
25542,11.0
25543,-0.75
25544,0.25
25545,0.75
25546,-0.25
25547,14.0
25548,0.75
25549,5.75
25550,-0.25
25551,2.75
25552,-0.75
25553,-0.25
25554,4.25
25555,13.5
25556,-0.75
25557,2.75
25558,-0.25
25559,-0.25
25560,16.0
25561,1.75
25562,-0.25
25563,6.25
25564,-8.5
25565,0.75
25566,13.5
25567,2.75
25568,0.75
25569,-16.0
25570,3.75
25571,-0.75
25572,9.0
25573,0.75
25574,-0.25
25575,-0.25
25576,-3.25
25577,-0.25
25578,9.25
25579,-0.25
25580,8.25
25581,0.75
25582,3.75
25583,-2.25
25584,8.5
25585,-1.25
25586,-0.75
25587,12.25
25588,-1.25
25589,8.5
25590,8.75
25591,2.75
25592,11.25
25593,-0.75
25594,13.25
25595,10.75
25596,0.75
25597,0.75
25598,0.25
25599,10.0
25600,-1.25
25601,0.75
25602,-20.0
25603,-0.25
25604,-2.25
25605,-0.75
25606,4.75
25607,-0.75
25608,-0.25
25609,7.25
25610,8.75
25611,0.75
25612,-0.75
25613,-0.75
25614,-0.75
25615,-0.75
25616,2.25
25617,-0.75
25618,0.5
25619,-0.25
25620,0.75
25621,0.25
25622,12.5
25623,0.25
25624,-0.25
25625,0.25
25626,-0.75
25627,-0.75
25628,0.25
25629,1.75
25630,-1.25
25631,-0.25
25632,-0.75
25633,4.5
25634,0.25
25635,11.0
25636,-0.75
25637,-0.25
25638,-0.75
25639,-0.25
25640,0.75
25641,14.0
25642,1.75
25643,-0.25
25644,-0.25
25645,0.75
25646,11.5
25647,0.25
25648,6.25
25649,7.25
25650,0.75
25651,6.75
25652,0.25
25653,0.75
25654,0.75
25655,8.0
25656,-5.25
25657,-0.25
25658,-0.75
25659,10.0
25660,-0.25
25661,0.75
25662,7.25
25663,0.75
25664,6.75
25665,9.25
25666,-4.75
25667,-2.25
25668,-0.25
25669,0.25
25670,0.75
25671,7.25
25672,-0.25
25673,0.25
25674,11.0
25675,0.75
25676,-1.25
25677,-1.25
25678,12.25
25679,12.0
25680,-0.75
25681,-0.25
25682,10.5
25683,-13.5
25684,7.75
25685,-0.25
25686,-0.75
25687,-1.25
25688,-3.25
25689,12.0
25690,15.5
25691,-0.25
25692,-16.25
25693,9.75
25694,13.25
25695,-1.25
25696,-9.25
25697,0.75
25698,-0.25
25699,11.5
25700,0.75
25701,-2.25
25702,8.75
25703,-0.25
25704,0.75
25705,12.5
25706,8.25
25707,0.75
25708,-1.25
25709,-4.75
25710,0.75
25711,-0.25
25712,-0.75
25713,-15.5
25714,-0.25
25715,0.75
25716,0.25
25717,-0.25
25718,12.75
25719,8.5
25720,-0.25
25721,2.75
25722,-0.75
25723,0.75
25724,6.25
25725,-13.25
25726,-0.25
25727,14.25
25728,9.25
25729,5.25
25730,-0.25
25731,0.25
25732,4.75
25733,-4.75
25734,7.0
25735,0.25
25736,11.0
25737,3.25
25738,0.75
25739,18.0
25740,-0.25
25741,-0.25
25742,6.75
25743,4.25
25744,6.5
25745,5.25
25746,-13.0
25747,11.5
25748,-1.25
25749,-0.75
25750,-0.25
25751,8.0
25752,15.5
25753,3.25
25754,-5.75
25755,-0.25
25756,-3.25
25757,3.75
25758,12.5
25759,6.25
25760,9.75
25761,10.25
25762,-15.5
25763,-0.75
25764,-0.75
25765,2.75
25766,9.25
25767,6.75
25768,-0.25
25769,-0.75
25770,4.25
25771,0.75
25772,1.25
25773,-0.25
25774,9.5
25775,-0.25
25776,10.0
25777,-0.75
25778,0.75
25779,0.25
25780,-2.5
25781,-0.75
25782,1.75
25783,5.75
25784,4.75
25785,-0.75
25786,6.25
25787,2.75
25788,5.25
25789,4.75
25790,0.25
25791,9.25
25792,5.5
25793,-0.25
25794,1.75
25795,-0.25
25796,-0.75
25797,0.75
25798,1.25
25799,1.75
25800,-18.25
25801,-0.75
25802,0.25
25803,0.75
25804,5.25
25805,-0.25
25806,5.25
25807,0.75
25808,5.75
25809,9.75
25810,6.25
25811,-1.25
25812,0.25
25813,-0.25
25814,0.75
25815,0.25
25816,-42.25
25817,3.25
25818,-0.75
25819,5.75
25820,-0.25
25821,-0.75
25822,-3.25
25823,10.25
25824,-6.25
25825,0.75
25826,0.75
25827,-0.75
25828,-0.25
25829,3.75
25830,7.75
25831,0.25
25832,4.75
25833,8.75
25834,-0.75
25835,17.75
25836,9.0
25837,5.25
25838,0.25
25839,-0.75
25840,0.75
25841,0.75
25842,7.25
25843,-0.75
25844,-0.25
25845,10.75
25846,0.25
25847,-0.25
25848,4.25
25849,-0.25
25850,-0.25
25851,17.5
25852,-0.75
25853,11.5
25854,-0.25
25855,6.25
25856,-1.25
25857,0.75
25858,8.25
25859,-0.75
25860,-0.25
25861,1.75
25862,5.75
25863,-0.25
25864,-0.75
25865,15.5
25866,1.25
25867,-11.25
25868,3.75
25869,-0.75
25870,4.25
25871,-0.75
25872,7.25
25873,4.75
25874,4.75
25875,-0.25
25876,0.75
25877,-0.25
25878,0.75
25879,-0.75
25880,-0.75
25881,0.75
25882,3.25
25883,7.25
25884,-0.75
25885,-0.25
25886,4.75
25887,-0.25
25888,0.75
25889,2.75
25890,0.25
25891,6.25
25892,4.25
25893,0.75
25894,2.25
25895,0.75
25896,-0.25
25897,8.0
25898,0.75
25899,-13.25
25900,0.75
25901,-0.25
25902,2.25
25903,-0.25
25904,2.25
25905,3.25
25906,-0.75
25907,-0.25
25908,-0.25
25909,-0.25
25910,0.75
25911,0.25
25912,5.25
25913,-0.25
25914,10.0
25915,3.75
25916,19.25
25917,-0.25
25918,-0.25
25919,2.75
25920,8.25
25921,4.75
25922,10.5
25923,0.25
25924,-0.25
25925,0.75
25926,5.25
25927,-0.75
25928,6.25
25929,4.25
25930,3.75
25931,0.75
25932,0.75
25933,11.75
25934,-0.25
25935,8.5
25936,0.75
25937,4.75
25938,-0.25
25939,-0.25
25940,-0.25
25941,6.25
25942,-4.75
25943,8.0
25944,0.75
25945,-0.25
25946,1.25
25947,-3.75
25948,4.25
25949,7.75
25950,0.25
25951,9.5
25952,-0.75
25953,3.25
25954,0.75
25955,4.75
25956,8.0
25957,10.0
25958,2.75
25959,4.25
25960,4.25
25961,4.75
25962,14.0
25963,11.25
25964,-0.75
25965,-8.25
25966,2.25
25967,2.75
25968,-1.25
25969,4.75
25970,-0.25
25971,-5.25
25972,8.75
25973,6.25
25974,0.75
25975,3.75
25976,3.75
25977,4.75
25978,4.25
25979,0.75
25980,-0.75
25981,12.25
25982,0.75
25983,5.25
25984,-0.75
25985,4.75
25986,-0.75
25987,-0.75
25988,4.75
25989,6.5
25990,11.0
25991,0.75
25992,5.75
25993,-0.75
25994,-1.25
25995,-2.75
25996,-15.25
25997,4.75
25998,3.25
25999,0.75
26000,2.25
26001,5.0
26002,12.75
26003,-0.75
26004,-0.25
26005,6.75
26006,-1.25
26007,10.25
26008,0.75
26009,0.75
26010,13.75
26011,0.75
26012,4.25
26013,-6.5
26014,1.25
26015,2.25
26016,-3.5
26017,4.25
26018,0.75
26019,-1.25
26020,21.5
26021,2.75
26022,-0.75
26023,0.75
26024,-0.75
26025,-0.25
26026,0.25
26027,0.25
26028,5.25
26029,10.5
26030,4.25
26031,-20.0
26032,10.5
26033,-1.25
26034,-0.25
26035,3.25
26036,6.75
26037,-6.75
26038,-0.75
26039,-5.75
26040,4.25
26041,11.25
26042,-2.25
26043,22.75
26044,0.5
26045,3.0
26046,-11.25
26047,38.0
26048,-0.25
26049,2.75
26050,9.5
26051,5.75
26052,4.25
26053,2.25
26054,-2.25
26055,-1.75
26056,3.5
26057,-0.25
26058,-0.25
26059,-0.25
26060,-0.75
26061,7.25
26062,13.0
26063,2.75
26064,6.75
26065,7.25
26066,0.25
26067,4.25
26068,-8.25
26069,6.25
26070,0.75
26071,-2.25
26072,9.25
26073,6.75
26074,-2.25
26075,-0.25
26076,22.0
26077,1.75
26078,5.25
26079,-1.25
26080,6.75
26081,0.75
26082,-0.25
26083,-3.0
26084,-14.25
26085,7.75
26086,-1.25
26087,5.25
26088,-0.75
26089,-0.25
26090,6.25
26091,-0.25
26092,-30.0
26093,-0.25
26094,-0.25
26095,3.25
26096,-0.25
26097,-2.25
26098,1.25
26099,6.25
26100,10.75
26101,5.75
26102,0.75
26103,0.75
26104,0.75
26105,1.75
26106,1.25
26107,5.25
26108,2.25
26109,0.75
26110,-12.25
26111,0.25
26112,5.75
26113,2.75
26114,7.25
26115,2.25
26116,-0.25
26117,0.75
26118,7.25
26119,1.75
26120,-9.25
26121,1.25
26122,0.25
26123,0.25
26124,-0.25
26125,3.75
26126,-4.25
26127,0.25
26128,-3.75
26129,-0.75
26130,2.25
26131,10.25
26132,1.75
26133,-1.25
26134,-0.75
26135,5.0
26136,3.25
26137,4.75
26138,13.25
26139,6.25
26140,3.25
26141,-0.75
26142,-0.25
26143,5.75
26144,2.75
26145,-14.75
26146,-3.25
26147,0.75
26148,-0.25
26149,10.25
26150,5.25
26151,-0.75
26152,8.75
26153,0.75
26154,3.75
26155,8.25
26156,2.75
26157,0.75
26158,0.25
26159,-0.25
26160,0.75
26161,9.5
26162,0.75
26163,0.75
26164,-0.75
26165,5.25
26166,1.75
26167,4.25
26168,4.25
26169,0.75
26170,5.25
26171,6.75
26172,7.25
26173,0.25
26174,0.75
26175,0.75
26176,-0.75
26177,0.75
26178,6.25
26179,4.25
26180,-9.75
26181,-0.25
26182,0.75
26183,-0.25
26184,4.75
26185,0.25
26186,12.25
26187,-1.0
26188,5.75
26189,-0.25
26190,0.75
26191,-0.25
26192,4.25
26193,2.25
26194,0.75
26195,4.25
26196,0.75
26197,10.25
26198,-0.25
26199,4.25
26200,0.75
26201,5.25
26202,4.25
26203,4.75
26204,-0.75
26205,-16.25
26206,1.25
26207,-1.25
26208,14.25
26209,6.25
26210,2.25
26211,-0.75
26212,1.75
26213,0.25
26214,3.25
26215,0.25
26216,4.75
26217,5.5
26218,-13.25
26219,13.25
26220,-3.25
26221,0.75
26222,0.25
26223,0.25
26224,0.75
26225,2.75
26226,-1.25
26227,5.75
26228,-0.75
26229,3.25
26230,4.25
26231,-0.75
26232,5.75
26233,0.75
26234,4.25
26235,-0.75
26236,0.25
26237,9.25
26238,11.75
26239,-5.25
26240,-0.25
26241,-0.25
26242,0.25
26243,-3.25
26244,1.25
26245,2.75
26246,0.5
26247,0.25
26248,0.25
26249,3.75
26250,0.75
26251,3.75
26252,0.25
26253,2.25
26254,-0.25
26255,5.25
26256,6.25
26257,-3.25
26258,-1.0
26259,-1.25
26260,9.75
26261,0.75
26262,-1.75
26263,-2.25
26264,11.25
26265,1.25
26266,5.25
26267,8.5
26268,6.25
26269,9.75
26270,-16.25
26271,-0.25
26272,10.75
26273,6.75
26274,-0.75
26275,2.75
26276,-0.25
26277,11.25
26278,7.5
26279,-0.75
26280,3.25
26281,-0.25
26282,2.75
26283,9.75
26284,12.5
26285,9.25
26286,2.25
26287,-8.5
26288,12.0
26289,0.75
26290,0.25
26291,21.75
26292,11.0
26293,0.75
26294,9.25
26295,42.0
26296,-11.25
26297,-8.25
26298,-9.25
26299,0.75
26300,-4.25
26301,-0.25
26302,2.25
26303,-0.25
26304,7.25
26305,1.75
26306,-0.25
26307,5.25
26308,-0.25
26309,-0.25
26310,6.25
26311,-0.25
26312,-0.25
26313,0.75
26314,-0.25
26315,2.75
26316,9.0
26317,0.25
26318,0.75
26319,1.25
26320,-0.25
26321,2.25
26322,-0.25
26323,0.25
26324,5.0
26325,0.75
26326,4.75
26327,8.25
26328,2.25
26329,3.75
26330,5.75
26331,-3.25
26332,14.5
26333,3.75
26334,3.25
26335,3.75
26336,8.0
26337,5.75
26338,-4.75
26339,-0.75
26340,9.0
26341,-4.25
26342,4.75
26343,4.25
26344,-0.25
26345,-12.25
26346,10.75
26347,-0.75
26348,5.75
26349,8.25
26350,-0.25
26351,7.75
26352,5.25
26353,6.25
26354,3.25
26355,-3.75
26356,3.25
26357,12.25
26358,1.0
26359,-0.75
26360,8.5
26361,0.25
26362,5.75
26363,-0.25
26364,1.75
26365,13.75
26366,-0.75
26367,6.25
26368,5.25
26369,4.75
26370,16.25
26371,-0.25
26372,2.75
26373,3.75
26374,0.25
26375,2.25
26376,3.25
26377,0.25
26378,-10.75
26379,5.0
26380,-0.25
26381,4.75
26382,4.75
26383,1.25
26384,11.25
26385,1.25
26386,0.75
26387,-1.75
26388,-22.5
26389,0.75
26390,2.25
26391,6.75
26392,0.75
26393,0.75
26394,4.5
26395,4.0
26396,3.25
26397,-0.25
26398,10.0
26399,10.25
26400,-5.5
26401,4.75
26402,8.75
26403,9.25
26404,-13.75
26405,0.75
26406,10.5
26407,1.25
26408,10.0
26409,4.75
26410,-0.25
26411,10.5
26412,0.75
26413,-3.75
26414,0.75
26415,0.75
26416,6.75
26417,0.75
26418,-0.75
26419,-1.25
26420,10.25
26421,0.75
26422,3.25
26423,-0.75
26424,0.75
26425,12.0
26426,0.75
26427,3.25
26428,-12.25
26429,-1.25
26430,3.0
26431,11.25
26432,2.25
26433,6.75
26434,4.75
26435,4.75
26436,-0.75
26437,12.0
26438,3.75
26439,8.75
26440,0.75
26441,-2.0
26442,-1.25
26443,10.5
26444,2.25
26445,0.75
26446,-0.25
26447,9.75
26448,-0.25
26449,3.25
26450,6.75
26451,-0.75
26452,-9.25
26453,3.25
26454,0.75
26455,2.25
26456,0.75
26457,9.25
26458,6.25
26459,4.25
26460,12.5
26461,-9.25
26462,-1.25
26463,-4.25
26464,-0.25
26465,-0.25
26466,-9.75
26467,-11.25
26468,3.25
26469,4.25
26470,0.75
26471,19.25
26472,-1.25
26473,11.75
26474,4.25
26475,0.25
26476,1.75
26477,-0.25
26478,3.75
26479,5.25
26480,-0.75
26481,-2.25
26482,0.75
26483,1.75
26484,-0.75
26485,8.25
26486,8.25
26487,5.75
26488,-0.25
26489,-0.25
26490,5.25
26491,-0.25
26492,5.75
26493,-0.75
26494,4.25
26495,10.5
26496,0.25
26497,-6.25
26498,0.75
26499,5.25
26500,0.75
26501,-2.5
26502,-3.25
26503,12.5
26504,-2.25
26505,4.25
26506,3.25
26507,7.75
26508,-0.25
26509,2.75
26510,3.75
26511,1.25
26512,2.25
26513,0.75
26514,-0.75
26515,0.75
26516,9.25
26517,2.75
26518,-2.25
26519,4.75
26520,8.75
26521,-0.25
26522,-1.25
26523,10.25
26524,1.25
26525,-0.75
26526,-0.75
26527,1.25
26528,3.25
26529,4.75
26530,5.25
26531,-9.25
26532,-0.25
26533,-0.25
26534,-0.25
26535,-0.25
26536,1.75
26537,0.25
26538,-0.75
26539,8.75
26540,-1.25
26541,9.25
26542,-1.25
26543,-0.25
26544,-1.25
26545,-0.75
26546,0.25
26547,-0.75
26548,-0.75
26549,2.25
26550,2.25
26551,-0.75
26552,5.75
26553,4.25
26554,0.75
26555,0.75
26556,3.25
26557,-10.25
26558,0.25
26559,12.75
26560,2.25
26561,-4.25
26562,3.75
26563,5.75
26564,-1.75
26565,0.75
26566,-0.75
26567,6.75
26568,-0.25
26569,0.75
26570,1.25
26571,-10.25
26572,9.25
26573,4.25
26574,-12.25
26575,-0.75
26576,2.75
26577,8.5
26578,-0.75
26579,-1.25
26580,3.25
26581,9.25
26582,4.25
26583,2.25
26584,0.25
26585,0.75
26586,0.75
26587,3.25
26588,3.25
26589,15.5
26590,5.0
26591,0.0
26592,3.75
26593,1.75
26594,-0.75
26595,4.75
26596,0.75
26597,6.25
26598,-4.75
26599,5.75
26600,-0.75
26601,0.75
26602,-2.25
26603,0.75
26604,-0.75
26605,1.25
26606,15.0
26607,5.5
26608,5.25
26609,3.75
26610,0.75
26611,15.0
26612,10.0
26613,-1.25
26614,0.25
26615,5.25
26616,5.25
26617,9.75
26618,-5.25
26619,5.25
26620,2.75
26621,-13.25
26622,0.75
26623,-6.75
26624,6.25
26625,9.25
26626,-0.75
26627,-1.25
26628,7.25
26629,6.25
26630,10.0
26631,14.5
26632,6.5
26633,0.75
26634,-7.25
26635,1.25
26636,9.25
26637,0.75
26638,-0.75
26639,4.25
26640,19.0
26641,-10.25
26642,0.25
26643,2.25
26644,5.75
26645,6.25
26646,-12.25
26647,-0.25
26648,5.75
26649,4.75
26650,3.75
26651,8.25
26652,12.25
26653,4.75
26654,1.25
26655,2.25
26656,-9.25
26657,-13.25
26658,3.75
26659,-13.25
26660,0.25
26661,-0.75
26662,-0.75
26663,0.75
26664,-2.25
26665,-4.25
26666,-0.25
26667,11.75
26668,3.25
26669,-4.75
26670,1.75
26671,1.75
26672,-5.25
26673,15.25
26674,-0.75
26675,10.5
26676,7.25
26677,-0.25
26678,1.75
26679,-0.75
26680,-0.75
26681,4.75
26682,0.75
26683,2.25
26684,2.75
26685,-0.25
26686,-12.25
26687,2.75
26688,6.25
26689,2.25
26690,7.25
26691,-1.25
26692,-12.75
26693,5.25
26694,4.75
26695,2.25
26696,0.25
26697,0.75
26698,-0.75
26699,-8.25
26700,0.25
26701,9.0
26702,3.75
26703,-1.25
26704,-0.75
26705,6.75
26706,-2.25
26707,1.25
26708,9.25
26709,0.75
26710,3.25
26711,0.75
26712,3.25
26713,-0.25
26714,3.25
26715,-0.25
26716,4.25
26717,-1.75
26718,-1.25
26719,6.25
26720,-0.75
26721,10.25
26722,-2.25
26723,8.75
26724,1.75
26725,-3.25
26726,5.75
26727,3.25
26728,9.5
26729,0.75
26730,6.75
26731,-15.25
26732,-0.75
26733,-1.25
26734,0.75
26735,5.75
26736,-11.25
26737,-8.25
26738,-0.75
26739,0.75
26740,-0.75
26741,2.25
26742,-1.75
26743,5.25
26744,-1.75
26745,4.25
26746,0.75
26747,-1.25
26748,0.25
26749,0.75
26750,-0.75
26751,-0.75
26752,-1.25
26753,7.75
26754,-1.25
26755,-0.25
26756,3.75
26757,0.75
26758,-0.25
26759,-0.75
26760,4.75
26761,0.75
26762,3.75
26763,1.75
26764,-0.25
26765,0.75
26766,0.25
26767,1.25
26768,0.75
26769,5.75
26770,0.75
26771,7.25
26772,15.75
26773,-0.25
26774,-0.75
26775,4.25
26776,-0.75
26777,-14.25
26778,0.25
26779,0.75
26780,-0.25
26781,0.75
26782,-0.25
26783,-0.75
26784,9.75
26785,4.75
26786,-0.25
26787,1.75
26788,9.25
26789,-0.25
26790,1.75
26791,3.25
26792,4.25
26793,0.25
26794,0.75
26795,-2.25
26796,-0.75
26797,4.75
26798,8.25
26799,-1.25
26800,14.0
26801,-0.75
26802,18.5
26803,0.25
26804,12.5
26805,6.25
26806,2.75
26807,1.75
26808,5.25
26809,7.25
26810,0.25
26811,7.25
26812,8.75
26813,12.0
26814,0.75
26815,-0.75
26816,-0.25
26817,6.25
26818,0.75
26819,2.25
26820,1.75
26821,0.75
26822,-0.25
26823,1.75
26824,8.25
26825,8.25
26826,6.25
26827,-2.75
26828,-2.25
26829,-0.25
26830,3.75
26831,0.75
26832,1.75
26833,2.75
26834,1.25
26835,1.25
26836,-0.25
26837,-0.75
26838,-0.25
26839,0.25
26840,-0.25
26841,4.25
26842,5.75
26843,0.75
26844,-0.75
26845,-2.25
26846,-14.25
26847,12.25
26848,-10.25
26849,0.75
26850,9.5
26851,-0.25
26852,13.5
26853,0.75
26854,9.25
26855,0.75
26856,5.75
26857,10.25
26858,-0.75
26859,-0.25
26860,-15.25
26861,-0.25
26862,-1.75
26863,7.25
26864,-0.25
26865,3.25
26866,-7.75
26867,3.25
26868,-1.25
26869,-1.25
26870,6.75
26871,-0.25
26872,-18.25
26873,-0.25
26874,-0.25
26875,3.75
26876,2.75
26877,4.75
26878,-0.75
26879,5.75
26880,1.25
26881,-0.25
26882,0.75
26883,10.25
26884,-0.75
26885,3.25
26886,8.75
26887,4.0
26888,4.25
26889,-0.25
26890,4.25
26891,2.25
26892,7.25
26893,5.25
26894,-0.75
26895,2.25
26896,0.25
26897,-0.75
26898,0.75
26899,5.25
26900,2.75
26901,0.25
26902,0.25
26903,3.25
26904,2.25
26905,2.25
26906,0.75
26907,-0.25
26908,2.75
26909,0.75
26910,2.75
26911,3.25
26912,8.25
26913,4.25
26914,-0.25
26915,-2.75
26916,0.75
26917,-0.25
26918,7.25
26919,0.25
26920,-0.75
26921,7.75
26922,4.25
26923,4.75
26924,0.75
26925,3.75
26926,0.75
26927,0.25
26928,7.25
26929,2.25
26930,0.25
26931,1.75
26932,1.75
26933,1.25
26934,-0.25
26935,-0.25
26936,0.75
26937,3.75
26938,-6.25
26939,-0.25
26940,-0.75
26941,-0.75
26942,-0.25
26943,2.25
26944,-0.25
26945,-0.25
26946,0.75
26947,5.25
26948,5.75
26949,7.25
26950,-0.25
26951,-1.75
26952,0.75
26953,-0.25
26954,-0.75
26955,3.25
26956,0.75
26957,4.25
26958,1.75
26959,-0.75
26960,-3.25
26961,-0.75
26962,8.0
26963,4.75
26964,-11.5
26965,-0.75
26966,-0.75
26967,-0.25
26968,0.25
26969,0.75
26970,-0.75
26971,5.25
26972,1.75
26973,11.25
26974,-0.75
26975,-3.25
26976,-1.25
26977,10.75
26978,2.75
26979,0.25
26980,-0.25
26981,6.75
26982,6.75
26983,0.75
26984,6.75
26985,1.75
26986,-12.75
26987,-1.25
26988,0.25
26989,6.75
26990,-1.25
26991,2.75
26992,0.75
26993,5.75
26994,13.75
26995,7.75
26996,0.75
26997,2.25
26998,0.25
26999,2.75
27000,-0.25
27001,17.75
27002,-0.75
27003,2.75
27004,-6.25
27005,0.25
27006,2.25
27007,0.75
27008,4.75
27009,1.25
27010,5.25
27011,-0.25
27012,7.25
27013,4.25
27014,2.25
27015,0.25
27016,0.75
27017,-0.25
27018,-0.25
27019,-8.75
27020,-0.25
27021,-0.75
27022,5.75
27023,-0.25
27024,3.25
27025,-4.75
27026,0.25
27027,-9.25
27028,-0.75
27029,7.25
27030,7.25
27031,-0.25
27032,-9.25
27033,3.25
27034,8.75
27035,0.75
27036,10.0
27037,-0.75
27038,-0.25
27039,0.75
27040,-0.25
27041,2.75
27042,-0.75
27043,7.25
27044,3.75
27045,-0.25
27046,2.25
27047,-0.75
27048,-0.25
27049,-0.25
27050,-0.25
27051,0.25
27052,4.25
27053,1.75
27054,3.25
27055,10.25
27056,0.75
27057,-0.75
27058,3.25
27059,6.0
27060,3.75
27061,-0.25
27062,-0.25
27063,-1.25
27064,0.25
27065,1.75
27066,-0.75
27067,-0.25
27068,2.75
27069,-0.75
27070,3.75
27071,0.75
27072,0.25
27073,0.75
27074,1.75
27075,-0.75
27076,-0.25
27077,-0.25
27078,-0.75
27079,2.25
27080,1.25
27081,4.75
27082,6.75
27083,-0.25
27084,5.25
27085,-0.75
27086,9.0
27087,-0.25
27088,-0.75
27089,-0.25
27090,-0.25
27091,-0.25
27092,10.25
27093,0.75
27094,-0.75
27095,-12.75
27096,6.75
27097,2.25
27098,-0.75
27099,-0.75
27100,0.25
27101,11.0
27102,2.25
27103,12.75
27104,1.75
27105,4.75
27106,3.75
27107,-0.75
27108,0.25
27109,2.25
27110,-0.75
27111,-0.75
27112,-0.75
27113,4.75
27114,15.0
27115,0.75
27116,-0.75
27117,8.75
27118,-0.75
27119,0.75
27120,9.75
27121,8.25
27122,0.25
27123,7.5
27124,12.0
27125,-1.25
27126,-0.75
27127,-0.25
27128,-0.25
27129,-0.75
27130,0.75
27131,0.25
27132,-0.25
27133,4.75
27134,-0.75
27135,7.75
27136,-0.75
27137,-7.0
27138,-0.25
27139,-17.0
27140,4.25
27141,-0.25
27142,-18.75
27143,-2.25
27144,-0.75
27145,0.75
27146,17.25
27147,3.75
27148,2.25
27149,-0.25
27150,-0.75
27151,-1.25
27152,3.25
27153,-11.25
27154,5.25
27155,2.25
27156,-2.75
27157,-0.25
27158,-0.25
27159,4.75
27160,12.0
27161,0.75
27162,-0.75
27163,0.25
27164,-0.75
27165,-0.75
27166,-0.75
27167,-8.5
27168,6.5
27169,-0.25
27170,-7.0
27171,-1.25
27172,3.75
27173,-0.75
27174,-0.25
27175,1.75
27176,-0.75
27177,0.75
27178,3.5
27179,-0.25
27180,0.75
27181,-0.25
27182,7.75
27183,0.75
27184,0.25
27185,5.25
27186,-0.25
27187,4.75
27188,-0.75
27189,0.75
27190,5.25
27191,-0.25
27192,0.75
27193,8.75
27194,0.25
27195,3.25
27196,-0.25
27197,-0.25
27198,0.75
27199,3.25
27200,-0.25
27201,-1.25
27202,4.25
27203,2.75
27204,-3.75
27205,-0.25
27206,7.25
27207,2.25
27208,-0.25
27209,-7.25
27210,-1.25
27211,-0.25
27212,-14.25
27213,5.75
27214,0.75
27215,-0.25
27216,-0.75
27217,5.25
27218,-4.25
27219,-1.25
27220,-0.25
27221,-0.25
27222,-0.25
27223,-0.25
27224,-0.75
27225,0.25
27226,-0.25
27227,-1.25
27228,0.75
27229,-0.75
27230,13.0
27231,1.75
27232,-9.25
27233,-0.25
27234,-0.25
27235,0.75
27236,5.25
27237,5.25
27238,0.75
27239,-0.75
27240,-0.25
27241,3.25
27242,-0.25
27243,-11.25
27244,-0.25
27245,-0.25
27246,1.25
27247,0.75
27248,0.25
27249,1.75
27250,-13.75
27251,-1.25
27252,-0.25
27253,-0.25
27254,0.75
27255,-0.25
27256,-0.75
27257,0.75
27258,-0.75
27259,-0.25
27260,-0.75
27261,12.25
27262,-0.75
27263,-0.75
27264,-0.75
27265,-1.25
27266,-0.75
27267,3.75
27268,0.75
27269,1.25
27270,-0.25
27271,1.25
27272,4.75
27273,1.75
27274,6.75
27275,-0.75
27276,3.25
27277,0.25
27278,-0.25
27279,16.75
27280,6.75
27281,0.75
27282,1.75
27283,4.75
27284,2.25
27285,-0.25
27286,3.75
27287,0.25
27288,1.25
27289,0.25
27290,1.25
27291,0.75
27292,3.75
27293,5.25
27294,2.25
27295,-0.75
27296,-0.25
27297,3.75
27298,0.75
27299,-0.25
27300,-0.25
27301,-1.25
27302,-0.25
27303,-0.25
27304,5.75
27305,0.75
27306,3.25
27307,2.25
27308,-0.75
27309,4.75
27310,2.25
27311,1.75
27312,1.75
27313,0.75
27314,-5.25
27315,0.75
27316,-0.75
27317,-0.25
27318,1.25
27319,-0.25
27320,-0.25
27321,4.25
27322,-1.25
27323,-0.25
27324,-1.25
27325,-1.25
27326,5.75
27327,3.75
27328,0.75
27329,11.25
27330,-0.25
27331,1.75
27332,0.75
27333,-2.75
27334,3.25
27335,-0.25
27336,1.25
27337,4.25
27338,0.25
27339,-1.25
27340,0.25
27341,2.75
27342,-0.75
27343,0.25
27344,0.75
27345,-1.75
27346,3.75
27347,-1.25
27348,3.75
27349,-0.75
27350,-0.75
27351,-1.25
27352,4.25
27353,2.75
27354,-0.25
27355,-0.25
27356,-0.25
27357,3.25
27358,8.75
27359,4.75
27360,2.25
27361,-0.25
27362,1.75
27363,-3.75
27364,9.75
27365,5.25
27366,0.75
27367,-0.75
27368,-0.25
27369,3.75
27370,-0.25
27371,1.75
27372,-0.75
27373,5.75
27374,-0.75
27375,9.75
27376,2.75
27377,-3.25
27378,2.75
27379,-1.25
27380,-0.75
27381,3.25
27382,-0.75
27383,4.75
27384,13.75
27385,5.75
27386,-13.25
27387,0.75
27388,-0.25
27389,-0.75
27390,0.75
27391,0.75
27392,1.25
27393,2.25
27394,-3.25
27395,4.75
27396,3.25
27397,-0.75
27398,4.25
27399,1.25
27400,8.25
27401,-3.25
27402,-0.25
27403,3.25
27404,-2.25
27405,1.75
27406,-0.25
27407,7.75
27408,-7.25
27409,4.75
27410,4.25
27411,5.75
27412,-0.75
27413,4.25
27414,0.75
27415,0.75
27416,0.25
27417,0.75
27418,-0.25
27419,-8.25
27420,0.75
27421,0.75
27422,0.75
27423,0.75
27424,-0.25
27425,0.75
27426,4.25
27427,-0.75
27428,7.75
27429,1.75
27430,0.75
27431,0.75
27432,1.75
27433,-0.25
27434,-0.75
27435,-1.25
27436,-1.25
27437,-0.25
27438,4.75
27439,0.75
27440,4.25
27441,2.25
27442,2.25
27443,-0.75
27444,2.75
27445,0.25
27446,4.75
27447,0.75
27448,4.75
27449,2.75
27450,0.25
27451,0.75
27452,-0.75
27453,-1.25
27454,0.75
27455,-0.25
27456,3.75
27457,2.25
27458,6.25
27459,0.25
27460,-2.0
27461,3.75
27462,1.75
27463,0.75
27464,2.25
27465,7.75
27466,-1.25
27467,10.5
27468,-0.25
27469,-0.75
27470,2.75
27471,4.75
27472,-0.25
27473,-10.25
27474,0.75
27475,-0.25
27476,-0.75
27477,-0.75
27478,-18.25
27479,0.75
27480,-1.25
27481,0.75
27482,-3.25
27483,-0.25
27484,-0.25
27485,0.75
27486,0.25
27487,2.25
27488,3.75
27489,-0.25
27490,3.75
27491,-1.25
27492,0.75
27493,2.75
27494,1.25
27495,0.25
27496,-0.75
27497,0.75
27498,-0.25
27499,0.75
27500,-1.25
27501,-0.25
27502,1.25
27503,0.25
27504,0.75
27505,-0.25
27506,-0.25
27507,6.75
27508,0.75
27509,-9.75
27510,11.75
27511,-0.25
27512,-0.25
27513,-1.25
27514,3.75
27515,1.75
27516,0.75
27517,6.25
27518,1.25
27519,8.75
27520,0.75
27521,-1.25
27522,-0.25
27523,-3.25
27524,-1.25
27525,0.75
27526,0.75
27527,2.25
27528,3.25
27529,0.75
27530,-0.25
27531,2.75
27532,5.25
27533,-1.25
27534,-0.25
27535,15.25
27536,14.25
27537,-9.25
27538,4.75
27539,1.75
27540,-0.75
27541,2.75
27542,-0.75
27543,0.25
27544,5.25
27545,-0.75
27546,3.75
27547,5.25
27548,9.0
27549,-0.75
27550,0.25
27551,0.75
27552,-0.25
27553,1.75
27554,-2.75
27555,0.75
27556,0.25
27557,3.25
27558,-0.25
27559,0.75
27560,-1.25
27561,1.25
27562,0.75
27563,-4.25
27564,2.25
27565,-0.25
27566,-0.25
27567,0.25
27568,-0.75
27569,0.25
27570,2.75
27571,-1.25
27572,-0.25
27573,0.75
27574,6.75
27575,6.75
27576,0.75
27577,-1.25
27578,-2.25
27579,-13.25
27580,6.25
27581,7.25
27582,0.75
27583,2.75
27584,0.75
27585,3.75
27586,-3.25
27587,6.25
27588,0.75
27589,-0.75
27590,6.75
27591,1.25
27592,-1.25
27593,0.25
27594,-0.25
27595,-1.75
27596,-0.25
27597,4.75
27598,5.25
27599,-0.25
27600,-1.25
27601,0.75
27602,1.25
27603,0.25
27604,0.75
27605,1.25
27606,2.75
27607,0.75
27608,0.75
27609,-9.25
27610,0.75
27611,3.25
27612,-0.25
27613,6.25
27614,8.25
27615,1.25
27616,-1.25
27617,0.75
27618,-0.25
27619,-1.75
27620,-1.25
27621,15.0
27622,0.25
27623,-1.25
27624,1.25
27625,0.75
27626,-0.75
27627,-0.25
27628,-0.25
27629,0.75
27630,0.75
27631,-5.75
27632,5.75
27633,5.75
27634,2.75
27635,-0.25
27636,2.25
27637,4.25
27638,-11.25
27639,-0.25
27640,-0.75
27641,10.25
27642,4.25
27643,-0.25
27644,1.75
27645,0.75
27646,1.25
27647,5.25
27648,0.25
27649,-0.25
27650,-1.75
27651,2.75
27652,2.25
27653,1.25
27654,0.75
27655,-0.25
27656,-0.75
27657,0.75
27658,1.75
27659,2.25
27660,-3.75
27661,2.25
27662,-0.75
27663,0.75
27664,-1.25
27665,3.75
27666,1.25
27667,-0.25
27668,-0.25
27669,1.25
27670,4.75
27671,-0.25
27672,-0.25
27673,7.25
27674,-0.75
27675,-0.25
27676,6.75
27677,-0.25
27678,8.75
27679,1.75
27680,0.25
27681,-0.75
27682,-0.75
27683,0.25
27684,5.75
27685,9.25
27686,3.75
27687,-0.25
27688,-1.25
27689,0.75
27690,1.25
27691,4.75
27692,-2.25
27693,-1.25
27694,-0.75
27695,-4.75
27696,0.75
27697,-1.25
27698,7.25
27699,2.75
27700,0.75
27701,-3.75
27702,4.25
27703,-1.25
27704,0.25
27705,3.75
27706,-0.25
27707,3.75
27708,5.25
27709,1.25
27710,3.25
27711,-0.25
27712,1.25
27713,2.75
27714,-1.25
27715,-0.75
27716,0.75
27717,4.75
27718,-1.25
27719,0.25
27720,-0.75
27721,1.75
27722,4.75
27723,-3.25
27724,3.25
27725,1.75
27726,0.25
27727,6.75
27728,1.75
27729,7.0
27730,-1.25
27731,-0.25
27732,-9.25
27733,2.25
27734,0.75
27735,2.75
27736,7.25
27737,0.75
27738,3.25
27739,-0.25
27740,5.75
27741,0.25
27742,1.75
27743,0.75
27744,7.75
27745,0.75
27746,-0.75
27747,1.25
27748,9.5
27749,4.25
27750,4.75
27751,2.75
27752,-6.25
27753,6.75
27754,-3.25
27755,0.25
27756,2.75
27757,0.75
27758,1.25
27759,-0.75
27760,2.25
27761,5.25
27762,-5.25
27763,2.75
27764,-0.25
27765,-1.25
27766,2.75
27767,3.25
27768,0.25
27769,3.75
27770,6.25
27771,-16.75
27772,2.25
27773,5.25
27774,-0.25
27775,1.25
27776,2.75
27777,0.75
27778,5.25
27779,3.75
27780,1.75
27781,5.25
27782,-4.75
27783,-0.25
27784,1.75
27785,-0.25
27786,-7.25
27787,2.25
27788,6.75
27789,-5.75
27790,-4.75
27791,-0.25
27792,-1.25
27793,-3.25
27794,-0.75
27795,5.75
27796,0.75
27797,-0.25
27798,1.25
27799,0.75
27800,4.75
27801,-0.25
27802,0.25
27803,-5.75
27804,-0.25
27805,-0.25
27806,-0.25
27807,-3.75
27808,0.75
27809,1.25
27810,14.0
27811,-0.75
27812,4.75
27813,-10.25
27814,3.5
27815,1.25
27816,-3.25
27817,-0.25
27818,-0.75
27819,-0.75
27820,-1.25
27821,0.25
27822,5.75
27823,10.75
27824,5.25
27825,-0.75
27826,-0.25
27827,0.25
27828,-1.25
27829,-0.25
27830,3.75
27831,-9.25
27832,-0.75
27833,-0.25
27834,7.75
27835,-9.25
27836,1.75
27837,-0.25
27838,1.25
27839,-0.25
27840,-3.25
27841,-0.25
27842,0.25
27843,-4.25
27844,-1.25
27845,4.75
27846,1.75
27847,-1.25
27848,-1.25
27849,3.25
27850,5.75
27851,6.25
27852,-1.25
27853,0.75
27854,1.75
27855,0.25
27856,-0.75
27857,4.75
27858,0.25
27859,0.75
27860,-6.25
27861,3.25
27862,-0.25
27863,-13.25
27864,7.25
27865,3.25
27866,3.75
27867,-0.25
27868,3.25
27869,-0.25
27870,-3.25
27871,0.75
27872,1.75
27873,0.75
27874,-1.25
27875,8.75
27876,-3.25
27877,-0.25
27878,0.25
27879,-0.25
27880,8.25
27881,2.75
27882,4.25
27883,0.25
27884,-7.75
27885,0.75
27886,0.75
27887,0.75
27888,-0.25
27889,4.25
27890,3.75
27891,0.75
27892,-0.25
27893,4.25
27894,-0.75
27895,1.75
27896,0.75
27897,0.75
27898,2.25
27899,3.75
27900,0.25
27901,-0.75
27902,4.25
27903,2.25
27904,-2.25
27905,-0.25
27906,6.75
27907,-1.25
27908,-0.25
27909,-2.25
27910,-0.75
27911,-0.25
27912,0.75
27913,-0.75
27914,1.25
27915,1.75
27916,0.25
27917,1.75
27918,0.25
27919,-0.75
27920,3.25
27921,-0.25
27922,0.75
27923,0.75
27924,4.75
27925,3.75
27926,-3.25
27927,0.75
27928,-0.75
27929,-0.25
27930,4.75
27931,-0.75
27932,0.25
27933,6.5
27934,-0.25
27935,-16.25
27936,9.25
27937,0.75
27938,-0.75
27939,-0.25
27940,3.25
27941,0.75
27942,2.75
27943,-0.75
27944,-0.25
27945,3.75
27946,2.25
27947,-0.75
27948,-0.75
27949,1.25
27950,-0.25
27951,0.75
27952,11.25
27953,-0.25
27954,0.75
27955,-2.75
27956,-3.25
27957,-0.25
27958,5.25
27959,-0.75
27960,0.75
27961,-5.25
27962,-0.25
27963,4.25
27964,7.75
27965,5.75
27966,6.75
27967,1.25
27968,2.25
27969,-0.25
27970,4.25
27971,5.25
27972,-1.75
27973,6.75
27974,1.75
27975,-1.25
27976,5.75
27977,14.75
27978,3.25
27979,-0.25
27980,10.75
27981,1.75
27982,-1.25
27983,2.25
27984,18.75
27985,-0.75
27986,6.25
27987,0.75
27988,-1.25
27989,0.75
27990,0.25
27991,0.75
27992,-0.75
27993,-0.25
27994,-0.25
27995,-0.75
27996,0.25
27997,-0.75
27998,8.25
27999,-0.75
28000,0.75
28001,1.25
28002,0.75
28003,-4.25
28004,0.75
28005,0.75
28006,-2.75
28007,-0.75
28008,-0.25
28009,-0.25
28010,0.75
28011,-0.25
28012,3.75
28013,1.25
28014,-0.75
28015,0.75
28016,-0.25
28017,-1.25
28018,-0.25
28019,1.25
28020,-0.75
28021,-0.25
28022,6.5
28023,6.25
28024,0.75
28025,7.25
28026,-11.75
28027,0.75
28028,-0.75
28029,-2.25
28030,-0.75
28031,-0.25
28032,-0.75
28033,6.25
28034,0.75
28035,0.25
28036,4.75
28037,1.75
28038,-0.75
28039,0.75
28040,1.75
28041,0.75
28042,16.25
28043,-0.25
28044,0.75
28045,-8.25
28046,-1.25
28047,-0.25
28048,-2.75
28049,0.75
28050,-0.75
28051,-0.25
28052,3.25
28053,-0.25
28054,-0.75
28055,4.25
28056,-2.25
28057,2.75
28058,-0.25
28059,1.25
28060,0.25
28061,0.75
28062,-0.75
28063,-0.25
28064,-0.75
28065,-0.75
28066,-0.75
28067,4.75
28068,-0.25
28069,1.75
28070,4.25
28071,-0.75
28072,1.75
28073,3.25
28074,0.75
28075,-0.75
28076,18.5
28077,4.75
28078,-0.25
28079,-0.25
28080,4.75
28081,0.75
28082,4.75
28083,2.75
28084,-0.75
28085,-10.75
28086,-0.75
28087,4.75
28088,-0.25
28089,0.75
28090,-0.75
28091,-0.25
28092,-0.75
28093,-0.25
28094,0.25
28095,-0.75
28096,4.25
28097,3.25
28098,1.25
28099,4.75
28100,0.75
28101,8.75
28102,4.5
28103,0.25
28104,6.5
28105,-0.75
28106,-0.25
28107,0.75
28108,3.75
28109,8.0
28110,0.75
28111,-11.25
28112,-0.75
28113,0.75
28114,0.75
28115,4.25
28116,-8.25
28117,2.75
28118,-0.25
28119,0.75
28120,5.25
28121,0.75
28122,-0.25
28123,7.75
28124,3.75
28125,0.25
28126,-0.75
28127,4.25
28128,6.75
28129,0.25
28130,-14.25
28131,-0.25
28132,0.75
28133,1.25
28134,3.25
28135,3.25
28136,-1.25
28137,3.75
28138,-0.25
28139,0.75
28140,-0.75
28141,0.75
28142,0.75
28143,-1.25
28144,-0.75
28145,2.25
28146,4.75
28147,-0.75
28148,1.75
28149,-0.75
28150,-0.75
28151,0.25
28152,-0.25
28153,-0.25
28154,4.75
28155,-8.25
28156,6.5
28157,-0.25
28158,8.25
28159,0.25
28160,-0.75
28161,10.75
28162,-0.25
28163,1.75
28164,-0.75
28165,16.0
28166,0.75
28167,8.5
28168,2.25
28169,2.75
28170,-0.75
28171,-0.75
28172,-0.75
28173,6.25
28174,4.25
28175,2.75
28176,3.25
28177,-0.25
28178,-0.25
28179,3.75
28180,4.25
28181,-5.25
28182,-6.25
28183,0.75
28184,1.75
28185,-0.25
28186,0.75
28187,-0.75
28188,-0.25
28189,8.25
28190,0.75
28191,0.75
28192,-3.25
28193,-0.25
28194,0.75
28195,-0.75
28196,-0.75
28197,-0.75
28198,-0.75
28199,6.75
28200,-0.75
28201,14.0
28202,0.75
28203,-0.75
28204,-1.25
28205,-1.25
28206,-0.75
28207,-0.75
28208,5.75
28209,2.75
28210,3.75
28211,0.75
28212,0.75
28213,0.25
28214,0.25
28215,-1.25
28216,5.25
28217,5.75
28218,5.75
28219,-3.5
28220,1.75
28221,-1.25
28222,-0.75
28223,0.75
28224,0.25
28225,6.75
28226,-0.75
28227,-0.75
28228,6.75
28229,-1.25
28230,3.75
28231,-2.25
28232,10.25
28233,-0.25
28234,0.75
28235,22.5
28236,0.25
28237,1.25
28238,0.25
28239,0.75
28240,-0.75
28241,-1.25
28242,0.25
28243,0.75
28244,-0.75
28245,-0.75
28246,2.25
28247,1.75
28248,-0.75
28249,-0.25
28250,1.75
28251,0.75
28252,5.75
28253,1.25
28254,0.75
28255,0.75
28256,1.75
28257,-0.25
28258,8.75
28259,0.25
28260,3.0
28261,-0.25
28262,4.75
28263,0.75
28264,-0.25
28265,-3.25
28266,0.75
28267,0.75
28268,0.75
28269,-0.25
28270,3.25
28271,1.75
28272,0.75
28273,1.25
28274,-0.75
28275,-0.25
28276,2.25
28277,-0.75
28278,-1.25
28279,-7.5
28280,-0.25
28281,0.75
28282,-11.5
28283,-1.25
28284,0.75
28285,5.75
28286,5.75
28287,-0.25
28288,-1.25
28289,2.75
28290,-0.75
28291,3.75
28292,5.25
28293,0.75
28294,-0.75
28295,-0.25
28296,-0.75
28297,-0.25
28298,9.5
28299,-16.75
28300,0.75
28301,0.25
28302,0.25
28303,0.75
28304,-0.25
28305,-0.75
28306,-0.75
28307,3.25
28308,-0.75
28309,-0.75
28310,4.75
28311,-0.25
28312,-0.25
28313,5.75
28314,-3.75
28315,6.0
28316,-0.25
28317,-0.75
28318,-1.5
28319,0.75
28320,-12.25
28321,-0.25
28322,-27.0
28323,-0.25
28324,7.0
28325,0.25
28326,0.75
28327,3.25
28328,0.25
28329,1.25
28330,4.75
28331,2.25
28332,0.25
28333,-2.25
28334,4.75
28335,-0.25
28336,-0.75
28337,-0.25
28338,-0.25
28339,0.75
28340,4.25
28341,0.75
28342,4.75
28343,-1.25
28344,-3.5
28345,0.75
28346,-1.25
28347,-2.25
28348,-1.25
28349,-0.25
28350,0.75
28351,9.0
28352,12.0
28353,3.75
28354,3.75
28355,-1.5
28356,-1.25
28357,-0.75
28358,0.75
28359,0.75
28360,1.75
28361,0.75
28362,-0.75
28363,3.25
28364,6.75
28365,-0.25
28366,7.25
28367,1.25
28368,7.75
28369,-0.75
28370,9.0
28371,-0.25
28372,-1.25
28373,0.25
28374,2.75
28375,5.75
28376,9.0
28377,0.25
28378,3.75
28379,4.75
28380,-1.25
28381,0.75
28382,12.75
28383,0.75
28384,0.75
28385,0.25
28386,-0.25
28387,-0.75
28388,2.75
28389,0.25
28390,0.75
28391,-0.25
28392,0.25
28393,6.25
28394,0.75
28395,3.75
28396,5.25
28397,-0.75
28398,-0.25
28399,-0.25
28400,-0.75
28401,9.25
28402,8.5
28403,-0.75
28404,-0.75
28405,-0.75
28406,0.75
28407,2.75
28408,10.5
28409,-0.75
28410,13.5
28411,2.75
28412,-1.25
28413,0.25
28414,7.25
28415,0.75
28416,12.0
28417,7.75
28418,0.75
28419,-0.25
28420,1.75
28421,0.75
28422,2.25
28423,0.75
28424,-0.75
28425,8.0
28426,-0.75
28427,12.25
28428,-0.25
28429,7.25
28430,-0.25
28431,7.25
28432,0.75
28433,-0.75
28434,5.75
28435,-1.25
28436,0.75
28437,5.25
28438,5.75
28439,12.5
28440,-0.75
28441,2.75
28442,0.25
28443,3.75
28444,-1.25
28445,6.0
28446,0.75
28447,-0.75
28448,10.5
28449,3.75
28450,5.25
28451,-0.25
28452,0.75
28453,15.25
28454,-0.25
28455,5.75
28456,-0.75
28457,-0.75
28458,-0.75
28459,-0.75
28460,2.75
28461,-0.75
28462,2.25
28463,-0.25
28464,2.25
28465,0.75
28466,-0.25
28467,3.75
28468,10.25
28469,16.5
28470,2.25
28471,7.25
28472,-0.25
28473,7.5
28474,1.25
28475,0.75
28476,4.25
28477,-1.25
28478,-4.0
28479,-4.25
28480,-0.25
28481,-15.25
28482,-1.25
28483,3.25
28484,1.0
28485,0.75
28486,-1.25
28487,2.75
28488,17.0
28489,0.25
28490,5.25
28491,3.25
28492,-0.25
28493,-1.25
28494,5.25
28495,-14.0
28496,14.25
28497,9.0
28498,9.5
28499,3.25
28500,9.5
28501,4.75
28502,6.25
28503,8.75
28504,-1.25
28505,-0.75
28506,-0.25
28507,6.75
28508,11.75
28509,10.5
28510,0.75
28511,-0.75
28512,-0.25
28513,3.25
28514,0.25
28515,-0.25
28516,0.75
28517,5.25
28518,7.25
28519,-0.75
28520,0.75
28521,-0.25
28522,-0.25
28523,10.25
28524,9.75
28525,1.75
28526,-2.25
28527,0.75
28528,1.75
28529,-3.5
28530,13.0
28531,0.75
28532,-0.25
28533,-1.25
28534,8.0
28535,-2.25
28536,-0.75
28537,-0.75
28538,3.5
28539,2.25
28540,12.0
28541,-0.25
28542,-1.5
28543,15.5
28544,-0.75
28545,-0.75
28546,16.5
28547,0.75
28548,1.75
28549,2.75
28550,-0.75
28551,7.5
28552,2.75
28553,8.75
28554,11.5
28555,5.25
28556,12.0
28557,10.0
28558,-0.25
28559,2.75
28560,-3.75
28561,7.25
28562,-0.25
28563,16.5
28564,5.25
28565,-6.0
28566,4.25
28567,0.75
28568,0.75
28569,0.75
28570,-1.25
28571,0.75
28572,1.75
28573,-6.75
28574,11.0
28575,-2.25
28576,0.75
28577,0.75
28578,-1.25
28579,0.75
28580,-2.25
28581,6.25
28582,0.75
28583,4.5
28584,2.75
28585,-0.25
28586,5.75
28587,-1.25
28588,-1.0
28589,0.75
28590,-1.25
28591,3.25
28592,-2.25
28593,2.25
28594,-4.75
28595,-0.75
28596,-0.25
28597,3.75
28598,-3.75
28599,1.75
28600,7.25
28601,0.75
28602,4.75
28603,8.75
28604,0.25
28605,0.25
28606,0.75
28607,0.25
28608,-0.25
28609,9.5
28610,-0.75
28611,0.25
28612,-2.25
28613,-1.25
28614,1.75
28615,8.75
28616,-16.75
28617,-0.75
28618,-12.25
28619,-0.75
28620,0.75
28621,3.25
28622,-3.5
28623,8.25
28624,-14.25
28625,-1.25
28626,-2.25
28627,11.75
28628,-0.75
28629,-4.0
28630,0.75
28631,11.0
28632,-9.75
28633,7.75
28634,-6.0
28635,-1.25
28636,-1.75
28637,-0.25
28638,4.75
28639,9.25
28640,2.75
28641,3.0
28642,-2.25
28643,-1.25
28644,3.25
28645,1.75
28646,-8.25
28647,-6.0
28648,25.5
28649,-10.25
28650,3.25
28651,0.25
28652,2.75
28653,6.25
28654,10.75
28655,3.25
28656,-1.75
28657,13.0
28658,5.75
28659,6.5
28660,8.75
28661,0.75
28662,0.75
28663,3.75
28664,-0.75
28665,-1.25
28666,-4.25
28667,7.75
28668,-13.25
28669,3.25
28670,8.75
28671,9.25
28672,5.25
28673,0.25
28674,-0.75
28675,16.75
28676,-1.25
28677,-0.25
28678,4.25
28679,6.75
28680,3.75
28681,-7.25
28682,-0.25
28683,4.75
28684,24.0
28685,9.0
28686,-0.75
28687,-6.5
28688,3.25
28689,-0.25
28690,-0.75
28691,-4.75
28692,-0.75
28693,5.25
28694,3.75
28695,0.25
28696,3.75
28697,-2.75
28698,-9.25
28699,5.25
28700,2.25
28701,8.75
28702,12.25
28703,6.25
28704,-0.25
28705,0.75
28706,3.5
28707,-0.75
28708,6.25
28709,-0.75
28710,19.75
28711,0.75
28712,0.75
28713,12.5
28714,16.0
28715,0.75
28716,2.25
28717,1.75
28718,14.25
28719,-0.75
28720,-11.0
28721,-6.25
28722,3.25
28723,8.25
28724,8.25
28725,1.25
28726,6.25
28727,12.5
28728,14.0
28729,-0.25
28730,-0.25
28731,4.25
28732,10.75
28733,-0.25
28734,8.75
28735,-0.75
28736,-6.5
28737,-0.75
28738,0.25
28739,1.25
28740,1.75
28741,-0.25
28742,4.25
28743,4.75
28744,0.75
28745,3.25
28746,-1.25
28747,0.25
28748,-0.75
28749,12.5
28750,-0.25
28751,4.25
28752,-3.75
28753,-0.75
28754,0.75
28755,12.0
28756,6.5
28757,-0.75
28758,7.0
28759,25.5
28760,0.75
28761,0.75
28762,6.25
28763,-9.25
28764,2.25
28765,-5.0
28766,3.5
28767,1.25
28768,-1.25
28769,4.25
28770,7.5
28771,0.75
28772,5.75
28773,11.0
28774,0.75
28775,-5.25
28776,0.75
28777,11.5
28778,4.0
28779,13.5
28780,10.25
28781,5.5
28782,-2.75
28783,0.75
28784,5.25
28785,3.25
28786,-8.25
28787,0.75
28788,-5.25
28789,6.5
28790,7.75
28791,8.5
28792,-6.75
28793,0.25
28794,0.75
28795,2.75
28796,6.75
28797,2.25
28798,21.75
28799,5.25
28800,12.5
28801,3.25
28802,-1.25
28803,-0.75
28804,-6.25
28805,4.25
28806,7.75
28807,5.25
28808,0.25
28809,1.75
28810,0.75
28811,-0.75
28812,6.75
28813,1.25
28814,-8.25
28815,-0.25
28816,-0.25
28817,-1.75
28818,8.25
28819,1.75
28820,4.25
28821,0.75
28822,14.75
28823,-0.75
28824,17.0
28825,-1.25
28826,9.25
28827,3.0
28828,0.75
28829,7.25
28830,5.0
28831,-16.0
28832,0.75
28833,1.75
28834,4.75
28835,-0.75
28836,3.75
28837,6.5
28838,-4.25
28839,-2.25
28840,10.75
28841,3.25
28842,-0.25
28843,1.25
28844,4.75
28845,1.75
28846,-0.25
28847,-0.25
28848,5.75
28849,13.75
28850,7.25
28851,4.75
28852,0.25
28853,3.75
28854,4.75
28855,6.25
28856,-0.25
28857,4.25
28858,-0.75
28859,-7.5
28860,-10.75
28861,-0.25
28862,-7.25
28863,-3.25
28864,1.75
28865,8.75
28866,4.75
28867,0.25
28868,6.75
28869,2.25
28870,7.75
28871,9.5
28872,9.25
28873,4.75
28874,-4.75
28875,5.25
28876,14.5
28877,-0.75
28878,-0.25
28879,-3.75
28880,-0.25
28881,2.25
28882,10.75
28883,3.5
28884,5.75
28885,5.25
28886,0.25
28887,10.25
28888,8.25
28889,-17.25
28890,6.0
28891,-13.25
28892,3.75
28893,-1.75
28894,-12.25
28895,-0.25
28896,0.25
28897,9.25
28898,-0.25
28899,-0.75
28900,0.75
28901,-1.25
28902,-10.25
28903,4.25
28904,4.75
28905,6.25
28906,-0.75
28907,6.75
28908,1.75
28909,0.25
28910,0.75
28911,15.75
28912,2.25
28913,9.75
28914,3.25
28915,-17.25
28916,-0.25
28917,10.25
28918,4.75
28919,-0.75
28920,-0.75
28921,4.5
28922,0.75
28923,4.75
28924,10.5
28925,2.25
28926,8.25
28927,-1.25
28928,1.25
28929,0.75
28930,6.75
28931,2.75
28932,-2.25
28933,-2.25
28934,5.25
28935,1.75
28936,-13.75
28937,3.75
28938,4.0
28939,-0.25
28940,-0.25
28941,12.25
28942,5.25
28943,4.25
28944,8.75
28945,3.25
28946,-6.25
28947,3.75
28948,9.75
28949,-1.25
28950,5.25
28951,0.75
28952,-3.25
28953,-1.25
28954,-2.75
28955,0.75
28956,-0.25
28957,5.25
28958,3.75
28959,7.0
28960,1.25
28961,13.75
28962,-0.75
28963,-0.25
28964,3.25
28965,12.5
28966,6.25
28967,-0.75
28968,-10.25
28969,0.25
28970,0.75
28971,-3.75
28972,0.25
28973,2.75
28974,2.25
28975,0.75
28976,-2.75
28977,-11.25
28978,-7.25
28979,2.25
28980,-9.75
28981,12.75
28982,3.75
28983,-0.25
28984,1.25
28985,-0.25
28986,4.25
28987,-0.25
28988,-1.25
28989,2.25
28990,4.75
28991,0.75
28992,2.25
28993,6.25
28994,-0.25
28995,5.75
28996,5.25
28997,-1.75
28998,6.75
28999,4.25
29000,3.75
29001,2.25
29002,-2.25
29003,1.25
29004,6.25
29005,14.5
29006,-0.75
29007,8.5
29008,-5.75
29009,-0.25
29010,4.75
29011,2.25
29012,0.75
29013,0.25
29014,-10.25
29015,3.75
29016,-2.25
29017,2.75
29018,-17.25
29019,8.25
29020,12.75
29021,-0.25
29022,-11.75
29023,-1.75
29024,1.25
29025,1.25
29026,4.25
29027,-0.25
29028,3.25
29029,-0.25
29030,12.75
29031,0.75
29032,6.25
29033,0.75
29034,-12.25
29035,-1.25
29036,3.75
29037,0.75
29038,0.75
29039,3.75
29040,-0.25
29041,3.25
29042,11.75
29043,8.25
29044,0.75
29045,0.75
29046,1.25
29047,-0.25
29048,1.25
29049,-2.75
29050,-1.25
29051,4.25
29052,2.75
29053,3.25
29054,0.75
29055,-0.75
29056,2.75
29057,-0.25
29058,1.25
29059,2.25
29060,5.25
29061,-1.25
29062,0.25
29063,0.75
29064,11.25
29065,3.75
29066,4.75
29067,7.5
29068,-0.75
29069,-0.75
29070,4.25
29071,-3.25
29072,9.75
29073,2.75
29074,-7.25
29075,-0.25
29076,3.75
29077,2.25
29078,0.75
29079,-0.75
29080,-0.25
29081,0.75
29082,-0.75
29083,1.75
29084,5.25
29085,-7.25
29086,-5.25
29087,-5.25
29088,-0.75
29089,0.25
29090,-1.25
29091,0.75
29092,-0.75
29093,0.25
29094,-2.25
29095,-9.25
29096,0.75
29097,0.25
29098,4.25
29099,7.0
29100,5.25
29101,2.25
29102,-0.75
29103,6.25
29104,4.75
29105,1.75
29106,3.75
29107,2.25
29108,-0.25
29109,-0.25
29110,1.75
29111,-0.25
29112,-0.75
29113,5.25
29114,-0.25
29115,0.25
29116,1.75
29117,0.75
29118,0.75
29119,3.25
29120,5.25
29121,0.25
29122,-4.25
29123,-0.75
29124,-4.25
29125,-4.25
29126,7.25
29127,3.25
29128,-0.75
29129,6.75
29130,-0.25
29131,17.25
29132,7.25
29133,3.75
29134,10.75
29135,5.25
29136,10.5
29137,-0.25
29138,0.75
29139,0.75
29140,0.75
29141,-0.75
29142,2.25
29143,-0.25
29144,0.75
29145,-0.25
29146,4.25
29147,4.25
29148,7.75
29149,-0.25
29150,0.75
29151,0.25
29152,-0.75
29153,-0.25
29154,-0.75
29155,5.25
29156,-0.75
29157,-0.75
29158,-0.75
29159,5.25
29160,-0.75
29161,0.75
29162,2.75
29163,-0.25
29164,-0.75
29165,-1.25
29166,-0.25
29167,-0.75
29168,0.75
29169,7.75
29170,-0.75
29171,1.75
29172,13.25
29173,0.75
29174,7.75
29175,14.75
29176,-9.75
29177,1.75
29178,7.75
29179,0.75
29180,0.25
29181,-0.25
29182,0.25
29183,-0.75
29184,-0.75
29185,-0.75
29186,2.25
29187,-0.75
29188,-0.75
29189,1.75
29190,6.25
29191,-0.25
29192,-12.75
29193,7.25
29194,-0.75
29195,7.25
29196,3.25
29197,5.25
29198,1.75
29199,0.75
29200,-0.75
29201,10.25
29202,-0.75
29203,2.25
29204,0.25
29205,-0.25
29206,6.75
29207,0.25
29208,0.25
29209,6.75
29210,-1.25
29211,0.75
29212,0.75
29213,1.75
29214,3.75
29215,1.75
29216,1.25
29217,4.25
29218,1.75
29219,-2.25
29220,-0.75
29221,6.75
29222,6.75
29223,0.25
29224,-0.75
29225,2.75
29226,0.75
29227,0.75
29228,0.25
29229,7.5
29230,7.75
29231,6.75
29232,3.25
29233,4.25
29234,-1.25
29235,2.75
29236,0.25
29237,3.75
29238,0.75
29239,12.5
29240,4.25
29241,8.75
29242,-0.75
29243,2.25
29244,0.25
29245,-0.25
29246,13.75
29247,-0.25
29248,-1.25
29249,-9.25
29250,6.75
29251,5.75
29252,5.25
29253,-0.25
29254,3.25
29255,-2.25
29256,8.75
29257,-0.25
29258,2.25
29259,-0.75
29260,3.75
29261,0.75
29262,-1.25
29263,7.75
29264,0.25
29265,2.25
29266,-0.75
29267,-0.25
29268,-0.25
29269,2.75
29270,-3.25
29271,7.25
29272,-1.25
29273,5.75
29274,-0.25
29275,-0.75
29276,3.75
29277,4.75
29278,-4.25
29279,-0.75
29280,-0.75
29281,-3.75
29282,0.75
29283,12.25
29284,0.75
29285,-0.25
29286,-2.25
29287,9.25
29288,12.75
29289,12.5
29290,6.75
29291,4.75
29292,9.75
29293,7.75
29294,2.25
29295,1.25
29296,4.25
29297,-3.25
29298,11.0
29299,-0.75
29300,3.25
29301,-0.75
29302,-6.25
29303,0.75
29304,-1.25
29305,-1.25
29306,11.0
29307,3.75
29308,0.75
29309,0.25
29310,-0.25
29311,5.25
29312,-0.25
29313,0.75
29314,0.75
29315,2.25
29316,1.75
29317,-0.75
29318,2.75
29319,-0.75
29320,-0.25
29321,1.25
29322,-0.75
29323,-4.75
29324,-0.25
29325,0.75
29326,6.75
29327,1.75
29328,5.25
29329,4.25
29330,5.25
29331,8.75
29332,-0.25
29333,8.75
29334,-5.25
29335,-13.25
29336,-0.25
29337,6.5
29338,10.75
29339,1.75
29340,0.75
29341,-0.25
29342,2.75
29343,5.25
29344,2.25
29345,6.75
29346,1.75
29347,-0.25
29348,18.25
29349,4.5
29350,-10.5
29351,-29.75
29352,1.75
29353,-0.25
29354,-0.25
29355,10.25
29356,-1.75
29357,5.25
29358,0.75
29359,9.0
29360,-1.25
29361,4.25
29362,2.25
29363,4.75
29364,2.25
29365,4.25
29366,-0.75
29367,4.25
29368,-0.25
29369,3.25
29370,1.75
29371,10.75
29372,5.25
29373,-0.25
29374,-0.75
29375,0.75
29376,8.75
29377,-0.25
29378,11.75
29379,3.75
29380,1.25
29381,5.75
29382,0.75
29383,-0.25
29384,3.25
29385,10.0
29386,9.5
29387,0.75
29388,-0.25
29389,1.25
29390,1.75
29391,0.25
29392,-3.25
29393,9.75
29394,1.75
29395,0.75
29396,-0.75
29397,11.0
29398,12.5
29399,-0.25
29400,3.75
29401,-0.75
29402,6.75
29403,4.75
29404,2.75
29405,-5.75
29406,2.75
29407,12.75
29408,-0.75
29409,1.25
29410,1.25
29411,-18.75
29412,3.75
29413,-0.75
29414,8.25
29415,12.75
29416,0.75
29417,-1.75
29418,3.75
29419,-1.25
29420,-1.25
29421,5.25
29422,-0.25
29423,-0.25
29424,-1.25
29425,1.75
29426,5.75
29427,17.25
29428,3.25
29429,10.75
29430,2.75
29431,10.0
29432,-4.25
29433,6.25
29434,-1.25
29435,5.75
29436,0.25
29437,5.25
29438,-0.75
29439,5.25
29440,-2.25
29441,-7.75
29442,10.5
29443,-0.75
29444,6.25
29445,0.75
29446,-3.75
29447,0.75
29448,5.25
29449,2.25
29450,-0.25
29451,6.75
29452,4.75
29453,-10.25
29454,9.25
29455,5.75
29456,9.75
29457,-0.75
29458,0.25
29459,0.75
29460,-8.25
29461,-0.75
29462,-0.25
29463,0.75
29464,-3.75
29465,1.25
29466,-2.75
29467,4.25
29468,11.25
29469,-11.25
29470,0.75
29471,0.75
29472,8.0
29473,-0.25
29474,7.75
29475,7.25
29476,0.25
29477,-0.25
29478,0.75
29479,13.75
29480,7.5
29481,-4.25
29482,12.5
29483,-9.25
29484,-0.25
29485,6.75
29486,-3.25
29487,-1.25
29488,2.75
29489,-0.25
29490,-1.25
29491,7.5
29492,5.0
29493,11.0
29494,4.25
29495,0.75
29496,7.25
29497,5.75
29498,-1.25
29499,-0.75
29500,-0.75
29501,-0.25
29502,12.5
29503,0.75
29504,5.75
29505,-0.25
29506,-0.25
29507,0.75
29508,-0.75
29509,-0.75
29510,6.25
29511,2.25
29512,0.25
29513,-0.75
29514,-1.25
29515,-0.75
29516,-0.75
29517,5.75
29518,0.25
29519,-9.0
29520,-1.25
29521,18.0
29522,-0.75
29523,-0.25
29524,6.75
29525,-0.75
29526,12.0
29527,-0.25
29528,-2.25
29529,0.75
29530,-0.75
29531,-8.25
29532,0.25
29533,19.0
29534,-0.25
29535,0.75
29536,-0.75
29537,13.0
29538,-0.25
29539,3.75
29540,1.75
29541,10.75
29542,-1.75
29543,2.25
29544,0.25
29545,-1.25
29546,8.25
29547,-2.25
29548,12.0
29549,0.75
29550,11.0
29551,20.75
29552,-2.25
29553,0.25
29554,-0.75
29555,3.75
29556,-9.25
29557,-0.75
29558,-0.75
29559,15.0
29560,5.75
29561,-0.25
29562,7.75
29563,-9.25
29564,-0.75
29565,7.25
29566,10.5
29567,-6.0
29568,5.25
29569,13.75
29570,12.5
29571,-0.75
29572,-12.25
29573,1.25
29574,1.75
29575,-0.25
29576,15.0
29577,-0.75
29578,-0.25
29579,11.5
29580,0.75
29581,-1.5
29582,10.0
29583,-1.25
29584,-0.75
29585,-1.25
29586,-0.25
29587,-2.75
29588,0.75
29589,10.75
29590,-0.25
29591,8.25
29592,0.75
29593,-11.25
29594,0.5
29595,4.75
29596,2.25
29597,19.25
29598,10.0
29599,3.75
29600,17.5
29601,3.75
29602,8.25
29603,0.75
29604,-11.0
29605,5.75
29606,5.75
29607,3.75
29608,9.5
29609,-0.75
29610,10.75
29611,-0.75
29612,12.0
29613,-0.25
29614,1.25
29615,6.75
29616,-0.25
29617,14.0
29618,-0.75
29619,-0.25
29620,-0.75
29621,-0.25
29622,-2.25
29623,9.5
29624,4.75
29625,0.75
29626,0.75
29627,5.75
29628,6.5
29629,8.75
29630,-14.0
29631,-0.25
29632,0.25
29633,-0.25
29634,17.25
29635,4.75
29636,8.75
29637,9.75
29638,-1.25
29639,0.75
29640,-1.25
29641,2.25
29642,-2.25
29643,-0.25
29644,0.75
29645,2.25
29646,12.25
29647,-0.25
29648,-6.25
29649,23.25
29650,-0.25
29651,17.0
29652,11.5
29653,2.25
29654,-0.25
29655,1.25
29656,-0.75
29657,17.25
29658,0.75
29659,-8.25
29660,4.75
29661,4.0
29662,-0.75
29663,8.0
29664,0.75
29665,2.75
29666,6.75
29667,0.75
29668,13.5
29669,7.0
29670,8.75
29671,18.0
29672,8.75
29673,-2.25
29674,1.25
29675,11.0
29676,-0.25
29677,15.5
29678,6.5
29679,9.75
29680,-0.5
29681,-0.25
29682,16.5
29683,-2.75
29684,0.75
29685,-0.25
29686,7.25
29687,12.0
29688,-1.25
29689,-12.25
29690,5.25
29691,11.5
29692,-9.25
29693,2.25
29694,-1.25
29695,17.25
29696,-0.25
29697,7.75
29698,9.75
29699,8.25
29700,8.75
29701,5.0
29702,6.75
29703,4.75
29704,-0.25
29705,3.25
29706,20.0
29707,-0.75
29708,7.25
29709,4.25
29710,3.0
29711,0.75
29712,5.75
29713,0.75
29714,12.75
29715,0.75
29716,6.0
29717,3.75
29718,4.5
29719,6.75
29720,-1.25
29721,10.0
29722,0.75
29723,-0.75
29724,13.75
29725,0.75
29726,-6.5
29727,4.25
29728,9.75
29729,-0.25
29730,5.25
29731,5.25
29732,-0.25
29733,2.75
29734,-4.25
29735,3.25
29736,-0.25
29737,-9.75
29738,-19.25
29739,0.75
29740,6.75
29741,-11.0
29742,10.5
29743,0.75
29744,-4.25
29745,13.5
29746,-2.25
29747,0.75
29748,2.25
29749,-0.25
29750,6.75
29751,6.75
29752,31.75
29753,4.75
29754,-6.25
29755,1.75
29756,3.25
29757,5.75
29758,-0.25
29759,12.75
29760,-1.25
29761,11.25
29762,4.25
29763,-13.25
29764,4.75
29765,-1.25
29766,5.25
29767,9.75
29768,6.25
29769,0.25
29770,-0.25
29771,0.75
29772,4.25
29773,-0.75
29774,3.25
29775,0.75
29776,6.25
29777,-14.25
29778,-8.25
29779,-7.75
29780,-7.0
29781,2.25
29782,-9.25
29783,6.75
29784,9.0
29785,8.75
29786,-1.75
29787,3.75
29788,-0.75
29789,-1.75
29790,3.25
29791,7.25
29792,1.75
29793,3.25
29794,8.75
29795,4.25
29796,0.75
29797,4.25
29798,-0.75
29799,5.25
29800,-5.25
29801,-4.25
29802,0.25
29803,6.75
29804,6.5
29805,10.75
29806,14.0
29807,1.25
29808,11.75
29809,6.75
29810,6.75
29811,5.25
29812,2.25
29813,6.5
29814,4.25
29815,3.5
29816,15.5
29817,3.75
29818,2.25
29819,0.75
29820,1.25
29821,3.25
29822,1.25
29823,-3.25
29824,6.25
29825,-0.25
29826,-0.75
29827,20.75
29828,-3.25
29829,3.75
29830,3.75
29831,5.25
29832,1.25
29833,0.25
29834,7.75
29835,3.75
29836,-0.25
29837,3.25
29838,9.0
29839,12.5
29840,6.5
29841,-0.25
29842,-0.75
29843,0.75
29844,18.0
29845,4.25
29846,4.25
29847,6.25
29848,8.25
29849,8.25
29850,9.0
29851,-0.25
29852,-10.0
29853,0.25
29854,0.25
29855,-13.5
29856,11.0
29857,-4.0
29858,11.0
29859,0.25
29860,8.75
29861,0.75
29862,17.0
29863,-6.25
29864,0.25
29865,0.5
29866,8.25
29867,2.25
29868,7.25
29869,19.5
29870,20.25
29871,-4.25
29872,8.5
29873,4.75
29874,4.25
29875,5.25
29876,1.75
29877,2.5
29878,11.75
29879,1.75
29880,9.5
29881,-3.5
29882,12.0
29883,4.25
29884,15.0
29885,3.25
29886,22.25
29887,7.25
29888,7.75
29889,-4.25
29890,14.0
29891,-0.75
29892,-32.75
29893,6.75
29894,-30.0
29895,1.25
29896,1.75
29897,9.0
29898,2.75
29899,3.75
29900,16.5
29901,-0.75
29902,-8.75
29903,2.75
29904,6.75
29905,0.75
29906,10.5
29907,9.25
29908,7.5
29909,2.75
29910,12.5
29911,5.25
29912,0.75
29913,1.75
29914,5.75
29915,1.75
29916,7.25
29917,-1.25
29918,-12.5
29919,9.5
29920,3.25
29921,6.25
29922,-9.5
29923,3.25
29924,1.25
29925,11.25
29926,3.5
29927,-2.25
29928,4.75
29929,3.25
29930,4.25
29931,3.75
29932,2.75
29933,9.25
29934,0.75
29935,24.75
29936,10.0
29937,-6.75
29938,-1.25
29939,-0.75
29940,6.75
29941,5.25
29942,10.25
29943,6.5
29944,9.75
29945,9.0
29946,-4.25
29947,6.75
29948,-1.5
29949,9.25
29950,-12.75
29951,-15.0
29952,3.25
29953,7.75
29954,-0.75
29955,-3.5
29956,10.5
29957,8.5
29958,10.0
29959,-1.25
29960,-1.25
29961,6.75
29962,3.0
29963,-4.0
29964,7.25
29965,8.5
29966,-6.25
29967,-4.75
29968,4.75
29969,7.0
29970,1.75
29971,-0.25
29972,-2.25
29973,-0.75
29974,8.25
29975,8.25
29976,3.75
29977,8.75
29978,4.75
29979,0.75
29980,1.75
29981,-0.75
29982,2.75
29983,9.75
29984,-6.25
29985,4.25
29986,2.25
29987,0.25
29988,9.25
29989,-0.75
29990,1.75
29991,4.75
29992,-0.75
29993,-0.25
29994,-0.75
29995,14.75
29996,4.75
29997,3.25
29998,0.75
29999,5.25
30000,3.25
30001,2.75
30002,-22.25
30003,-0.75
30004,7.25
30005,2.75
30006,10.25
30007,-0.75
30008,-5.75
30009,1.75
30010,-19.25
30011,9.75
30012,3.25
30013,-0.25
30014,0.25
30015,-12.25
30016,4.25
30017,4.25
30018,1.75
30019,2.25
30020,-11.75
30021,2.75
30022,5.75
30023,4.25
30024,3.25
30025,-4.25
30026,-1.25
30027,5.25
30028,-0.75
30029,0.25
30030,-6.75
30031,0.75
30032,-21.25
30033,2.75
30034,4.75
30035,-0.75
30036,1.75
30037,6.25
30038,3.25
30039,11.25
30040,1.25
30041,0.25
30042,7.75
30043,5.75
30044,6.25
30045,1.75
30046,3.25
30047,-0.25
30048,-0.25
30049,2.75
30050,11.25
30051,-4.75
30052,-4.75
30053,0.75
30054,0.75
30055,-0.25
30056,0.75
30057,7.25
30058,-6.75
30059,-0.75
30060,-0.25
30061,-0.25
30062,-13.25
30063,13.25
30064,-6.75
30065,1.25
30066,0.75
30067,1.25
30068,7.25
30069,6.25
30070,1.25
30071,0.25
30072,0.25
30073,7.75
30074,1.25
30075,5.25
30076,6.0
30077,-0.25
30078,3.25
30079,0.75
30080,-0.25
30081,1.75
30082,0.75
30083,8.75
30084,4.75
30085,-1.25
30086,3.75
30087,4.25
30088,2.75
30089,1.75
30090,2.75
30091,-0.75
30092,0.75
30093,5.75
30094,-4.25
30095,5.75
30096,-0.75
30097,0.25
30098,0.75
30099,-0.25
30100,1.25
30101,1.75
30102,-0.25
30103,4.25
30104,4.75
30105,-0.25
30106,2.25
30107,7.75
30108,5.25
30109,2.75
30110,-0.25
30111,5.25
30112,3.25
30113,1.75
30114,7.25
30115,0.75
30116,-2.75
30117,-0.25
30118,-0.75
30119,2.25
30120,0.25
30121,10.25
30122,7.25
30123,-3.25
30124,5.75
30125,0.75
30126,4.75
30127,3.25
30128,-0.25
30129,2.75
30130,-0.25
30131,4.25
30132,-0.75
30133,5.75
30134,-10.25
30135,0.75
30136,2.75
30137,2.75
30138,-0.25
30139,-8.25
30140,-0.25
30141,3.75
30142,1.75
30143,3.75
30144,-1.25
30145,9.75
30146,-1.25
30147,5.75
30148,5.75
30149,-0.75
30150,-0.75
30151,0.25
30152,2.75
30153,5.75
30154,2.25
30155,0.75
30156,-0.25
30157,-0.75
30158,1.75
30159,5.25
30160,2.75
30161,-0.25
30162,-0.25
30163,3.25
30164,-0.25
30165,0.25
30166,8.25
30167,-0.25
30168,0.75
30169,6.75
30170,1.75
30171,-1.25
30172,0.25
30173,2.75
30174,-0.25
30175,3.25
30176,5.25
30177,1.25
30178,7.25
30179,0.25
30180,0.75
30181,-0.25
30182,5.25
30183,-0.75
30184,4.75
30185,-0.25
30186,-4.25
30187,-0.25
30188,0.75
30189,-5.25
30190,1.75
30191,0.75
30192,-1.25
30193,-0.25
30194,0.25
30195,-0.25
30196,-0.75
30197,5.75
30198,-9.25
30199,-0.75
30200,1.75
30201,-0.75
30202,7.25
30203,-0.25
30204,0.75
30205,5.25
30206,0.75
30207,4.25
30208,0.75
30209,6.75
30210,12.25
30211,-0.25
30212,0.75
30213,-0.75
30214,-0.75
30215,0.25
30216,-0.25
30217,-1.25
30218,0.75
30219,0.75
30220,-10.75
30221,4.75
30222,-0.25
30223,2.25
30224,3.25
30225,-1.25
30226,-0.25
30227,1.25
30228,0.25
30229,6.25
30230,0.25
30231,-2.75
30232,0.25
30233,0.75
30234,-1.25
30235,3.75
30236,-1.25
30237,-0.75
30238,-0.25
30239,-2.25
30240,-0.25
30241,-0.75
30242,3.25
30243,4.25
30244,0.75
30245,6.75
30246,1.25
30247,0.75
30248,1.75
30249,0.25
30250,6.75
30251,-2.75
30252,0.75
30253,3.75
30254,6.25
30255,9.75
30256,-0.75
30257,11.25
30258,12.5
30259,9.25
30260,0.75
30261,5.75
30262,-0.75
30263,2.75
30264,-0.75
30265,0.75
30266,0.75
30267,4.25
30268,4.25
30269,-0.75
30270,5.75
30271,6.25
30272,-2.25
30273,2.25
30274,-0.75
30275,-0.25
30276,3.75
30277,-0.25
30278,3.75
30279,5.75
30280,-0.75
30281,-0.25
30282,0.75
30283,-0.75
30284,0.75
30285,1.75
30286,-1.25
30287,-4.75
30288,0.75
30289,-0.25
30290,12.75
30291,1.75
30292,4.25
30293,0.75
30294,5.25
30295,-0.25
30296,3.25
30297,-0.25
30298,10.75
30299,0.75
30300,3.75
30301,0.25
30302,-0.75
30303,-4.75
30304,8.25
30305,0.25
30306,-0.75
30307,2.75
30308,-2.25
30309,-8.25
30310,-7.25
30311,2.75
30312,1.75
30313,2.25
30314,1.25
30315,-3.75
30316,0.75
30317,0.75
30318,2.75
30319,7.25
30320,2.75
30321,4.75
30322,-0.25
30323,-0.75
30324,4.25
30325,-0.75
30326,1.25
30327,-0.75
30328,9.75
30329,-4.25
30330,-1.75
30331,13.5
30332,-0.25
30333,1.75
30334,2.25
30335,-1.25
30336,-0.25
30337,2.25
30338,0.75
30339,7.25
30340,4.75
30341,-0.25
30342,1.25
30343,11.75
30344,11.75
30345,0.25
30346,-1.25
30347,5.25
30348,3.75
30349,3.25
30350,-0.75
30351,-0.75
30352,2.75
30353,13.25
30354,-10.75
30355,-9.75
30356,2.75
30357,-4.25
30358,5.75
30359,-0.25
30360,6.75
30361,0.75
30362,3.75
30363,4.25
30364,6.75
30365,0.75
30366,-0.25
30367,0.75
30368,-0.25
30369,-4.25
30370,0.25
30371,-0.75
30372,-0.75
30373,1.75
30374,0.75
30375,-0.25
30376,8.75
30377,0.25
30378,-0.75
30379,5.25
30380,-0.75
30381,11.0
30382,-0.25
30383,3.25
30384,-0.25
30385,2.75
30386,-0.25
30387,3.25
30388,5.25
30389,-12.25
30390,-1.25
30391,1.25
30392,0.75
30393,0.75
30394,8.25
30395,-0.25
30396,8.75
30397,10.0
30398,0.25
30399,0.75
30400,3.75
30401,1.25
30402,0.25
30403,-0.25
30404,7.75
30405,2.75
30406,-3.25
30407,0.75
30408,-0.25
30409,-1.25
30410,-1.25
30411,3.75
30412,6.75
30413,1.25
30414,15.0
30415,-0.25
30416,-0.25
30417,6.75
30418,-0.25
30419,-5.25
30420,0.25
30421,6.0
30422,-1.25
30423,-1.25
30424,-7.25
30425,2.75
30426,1.75
30427,-0.25
30428,3.75
30429,0.75
30430,0.75
30431,-0.25
30432,-1.25
30433,6.25
30434,-0.25
30435,6.25
30436,-0.25
30437,2.25
30438,6.0
30439,-0.25
30440,0.75
30441,15.25
30442,0.75
30443,-0.75
30444,-0.25
30445,2.75
30446,-0.25
30447,-2.25
30448,4.25
30449,-3.25
30450,4.25
30451,0.75
30452,-2.25
30453,4.25
30454,0.25
30455,0.25
30456,-0.75
30457,4.75
30458,-0.25
30459,0.25
30460,0.75
30461,0.75
30462,8.25
30463,-0.75
30464,-2.75
30465,-0.25
30466,0.75
30467,4.0
30468,-0.75
30469,5.25
30470,-0.75
30471,-0.25
30472,0.75
30473,0.75
30474,-0.75
30475,0.25
30476,3.25
30477,-0.75
30478,7.25
30479,-0.75
30480,0.25
30481,7.75
30482,13.5
30483,-0.25
30484,5.75
30485,4.25
30486,0.75
30487,-0.75
30488,6.75
30489,0.75
30490,4.25
30491,-4.25
30492,8.75
30493,-0.75
30494,-0.25
30495,7.25
30496,2.75
30497,1.25
30498,-0.75
30499,3.75
30500,-0.75
30501,5.75
30502,3.75
30503,1.25
30504,-0.25
30505,0.75
30506,-0.75
30507,6.75
30508,0.25
30509,1.25
30510,-10.25
30511,4.75
30512,3.75
30513,-8.25
30514,5.25
30515,8.0
30516,4.75
30517,1.25
30518,4.25
30519,8.25
30520,-0.75
30521,5.25
30522,16.5
30523,-0.25
30524,-0.75
30525,-1.25
30526,0.25
30527,-0.75
30528,-1.25
30529,5.75
30530,1.75
30531,5.25
30532,-3.25
30533,1.75
30534,-0.25
30535,1.75
30536,0.75
30537,-13.75
30538,3.75
30539,3.5
30540,-0.75
30541,5.25
30542,1.75
30543,8.0
30544,10.5
30545,5.75
30546,8.75
30547,-2.75
30548,0.75
30549,0.75
30550,13.25
30551,-0.75
30552,-0.75
30553,1.25
30554,5.25
30555,-0.25
30556,-0.25
30557,-0.75
30558,-0.25
30559,0.75
30560,-0.25
30561,0.25
30562,-17.25
30563,0.75
30564,0.75
30565,-0.75
30566,8.25
30567,0.75
30568,-0.25
30569,-1.25
30570,6.25
30571,7.75
30572,3.25
30573,-0.75
30574,-0.75
30575,8.75
30576,0.75
30577,0.75
30578,11.0
30579,-0.25
30580,-0.25
30581,10.0
30582,6.75
30583,6.25
30584,-2.25
30585,0.75
30586,4.75
30587,6.75
30588,1.75
30589,-0.75
30590,-2.75
30591,3.25
30592,24.75
30593,9.75
30594,0.75
30595,-0.25
30596,-0.75
30597,8.25
30598,11.25
30599,0.25
30600,-2.75
30601,-8.75
30602,-12.75
30603,3.5
30604,0.75
30605,-0.25
30606,7.5
30607,-0.25
30608,-0.75
30609,-1.25
30610,6.0
30611,-0.75
30612,4.75
30613,14.0
30614,5.75
30615,0.25
30616,-1.25
30617,0.75
30618,-0.25
30619,0.75
30620,4.25
30621,2.25
30622,1.25
30623,6.25
30624,7.75
30625,1.75
30626,-0.25
30627,4.75
30628,5.25
30629,-3.25
30630,5.75
30631,-2.25
30632,-3.0
30633,4.5
30634,0.75
30635,0.25
30636,1.25
30637,-7.75
30638,4.75
30639,5.25
30640,-0.75
30641,-0.25
30642,-0.25
30643,-0.25
30644,-1.75
30645,0.25
30646,-0.25
30647,2.25
30648,4.5
30649,-0.75
30650,-11.25
30651,-1.25
30652,-1.25
30653,5.0
30654,-0.25
30655,5.75
30656,-1.25
30657,-0.25
30658,-0.75
30659,-0.25
30660,9.0
30661,-0.25
30662,-2.75
30663,7.75
30664,-1.75
30665,1.25
30666,4.75
30667,3.75
30668,5.75
30669,2.75
30670,-0.75
30671,12.25
30672,4.25
30673,0.75
30674,0.75
30675,0.75
30676,5.25
30677,-0.75
30678,2.25
30679,-16.0
30680,4.25
30681,-0.25
30682,13.75
30683,0.75
30684,-0.75
30685,-0.25
30686,0.75
30687,7.25
30688,-1.25
30689,-0.25
30690,0.25
30691,-3.25
30692,1.75
30693,-4.25
30694,-1.25
30695,0.75
30696,4.75
30697,10.0
30698,0.25
30699,0.25
30700,10.25
30701,8.25
30702,0.75
30703,-0.75
30704,3.5
30705,7.0
30706,15.5
30707,11.75
30708,2.75
30709,8.0
30710,-3.75
30711,-0.75
30712,0.75
30713,15.0
30714,13.5
30715,-3.25
30716,0.75
30717,-0.25
30718,0.25
30719,-0.25
30720,-0.75
30721,-0.75
30722,8.5
30723,0.25
30724,-0.25
30725,1.25
30726,-2.25
30727,-0.75
30728,4.75
30729,7.75
30730,-0.75
30731,-0.25
30732,14.5
30733,-0.75
30734,-11.75
30735,-0.25
30736,0.75
30737,-13.75
30738,-11.25
30739,11.25
30740,6.5
30741,-1.25
30742,-0.25
30743,0.25
30744,-0.75
30745,8.5
30746,0.75
30747,4.75
30748,-0.75
30749,7.75
30750,-0.75
30751,3.75
30752,-0.75
30753,-0.75
30754,-0.25
30755,2.25
30756,0.25
30757,0.75
30758,8.25
30759,1.75
30760,5.0
30761,0.75
30762,9.5
30763,6.75
30764,1.25
30765,-0.25
30766,12.75
30767,0.75
30768,-0.25
30769,14.25
30770,6.25
30771,19.75
30772,6.25
30773,-0.25
30774,4.25
30775,-1.25
30776,5.25
30777,12.0
30778,7.25
30779,-0.25
30780,-0.75
30781,0.25
30782,-1.25
30783,7.0
30784,10.25
30785,3.75
30786,0.25
30787,0.75
30788,11.5
30789,-1.25
30790,5.75
30791,-0.75
30792,1.75
30793,8.5
30794,3.25
30795,0.75
30796,10.25
30797,-0.75
30798,-0.75
30799,4.75
30800,4.75
30801,18.25
30802,5.75
30803,-8.75
30804,0.75
30805,5.25
30806,-2.25
30807,-0.25
30808,0.75
30809,-0.25
30810,-0.25
30811,-0.75
30812,10.5
30813,-10.5
30814,-0.75
30815,7.75
30816,5.75
30817,-2.75
30818,7.75
30819,0.75
30820,2.75
30821,0.25
30822,-0.25
30823,5.25
30824,-2.25
30825,-4.25
30826,2.75
30827,0.75
30828,4.25
30829,10.5
30830,6.75
30831,14.5
30832,-0.25
30833,5.75
30834,-4.75
30835,-0.25
30836,8.75
30837,-4.25
30838,0.75
30839,-8.25
30840,-0.25
30841,0.75
30842,0.75
30843,1.75
30844,4.75
30845,0.75
30846,13.75
30847,8.75
30848,5.75
30849,-7.75
30850,-0.25
30851,7.75
30852,4.25
30853,0.75
30854,6.5
30855,9.25
30856,11.75
30857,12.5
30858,11.75
30859,-1.75
30860,-21.75
30861,-0.25
30862,0.25
30863,0.25
30864,-9.0
30865,1.25
30866,-5.75
30867,-14.0
30868,3.75
30869,-0.25
30870,-1.25
30871,6.0
30872,2.25
30873,-0.25
30874,15.0
30875,11.75
30876,-0.75
30877,-0.75
30878,-1.25
30879,6.75
30880,-16.5
30881,15.75
30882,0.75
30883,-0.25
30884,14.0
30885,-10.25
30886,-0.25
30887,0.25
30888,-11.25
30889,0.75
30890,0.25
30891,8.75
30892,-0.25
30893,-2.25
30894,-0.25
30895,7.25
30896,8.0
30897,6.25
30898,0.75
30899,2.25
30900,11.75
30901,10.25
30902,-0.75
30903,0.75
30904,8.25
30905,0.25
30906,-0.75
30907,11.25
30908,-1.75
30909,7.75
30910,-8.5
30911,0.25
30912,0.75
30913,0.75
30914,-18.0
30915,0.25
30916,-1.25
30917,0.75
30918,-0.25
30919,-0.75
30920,-0.75
30921,0.75
30922,5.25
30923,6.0
30924,2.75
30925,2.25
30926,-0.75
30927,0.25
30928,6.75
30929,0.75
30930,-0.75
30931,9.5
30932,1.75
30933,-0.75
30934,-0.25
30935,15.5
30936,1.75
30937,5.25
30938,-4.25
30939,15.25
30940,10.0
30941,13.75
30942,3.75
30943,-0.25
30944,-0.25
30945,1.25
30946,-2.25
30947,6.75
30948,-4.25
30949,7.75
30950,5.75
30951,0.25
30952,4.25
30953,6.25
30954,-1.0
30955,1.75
30956,7.75
30957,0.75
30958,8.5
30959,6.25
30960,0.75
30961,7.75
30962,0.75
30963,-0.75
30964,7.25
30965,-1.25
30966,-1.25
30967,2.25
30968,2.75
30969,0.25
30970,5.75
30971,-0.75
30972,-0.25
30973,4.75
30974,6.25
30975,-0.75
30976,0.75
30977,8.75
30978,6.25
30979,-0.75
30980,-0.75
30981,-3.75
30982,8.5
30983,7.75
30984,1.75
30985,7.75
30986,-0.75
30987,3.75
30988,-0.75
30989,4.75
30990,3.75
30991,-0.25
30992,14.25
30993,-0.25
30994,12.25
30995,-0.25
30996,6.5
30997,6.75
30998,1.25
30999,-15.75
31000,-0.25
31001,-11.25
31002,10.25
31003,0.75
31004,-16.25
31005,-3.75
31006,13.5
31007,12.0
31008,8.25
31009,7.25
31010,5.75
31011,-4.75
31012,10.25
31013,0.5
31014,-7.25
31015,3.25
31016,-13.25
31017,3.25
31018,26.5
31019,11.75
31020,-0.25
31021,19.75
31022,-0.75
31023,3.5
31024,0.75
31025,0.75
31026,-0.25
31027,9.0
31028,0.75
31029,8.25
31030,-1.25
31031,4.25
31032,0.75
31033,-0.75
31034,10.25
31035,1.25
31036,-0.75
31037,-0.25
31038,0.75
31039,-4.75
31040,6.25
31041,0.75
31042,-0.75
31043,4.75
31044,4.75
31045,-2.75
31046,-0.75
31047,7.25
31048,-6.75
31049,0.75
31050,7.25
31051,-8.25
31052,-9.25
31053,6.25
31054,1.75
31055,-1.25
31056,0.75
31057,-0.25
31058,4.75
31059,10.25
31060,5.25
31061,-0.25
31062,3.75
31063,-5.75
31064,11.75
31065,3.75
31066,-0.75
31067,-0.75
31068,-0.75
31069,-0.75
31070,1.75
31071,0.75
31072,5.75
31073,-2.25
31074,4.75
31075,9.5
31076,-3.25
31077,0.75
31078,9.0
31079,-0.75
31080,1.75
31081,-0.75
31082,1.25
31083,-6.75
31084,7.75
31085,5.5
31086,-0.25
31087,0.75
31088,-11.25
31089,0.25
31090,0.25
31091,3.75
31092,2.25
31093,-9.25
31094,-9.5
31095,-0.25
31096,10.25
31097,0.75
31098,-0.75
31099,3.25
31100,0.75
31101,0.25
31102,0.75
31103,1.75
31104,3.25
31105,-13.25
31106,-16.0
31107,-0.75
31108,11.0
31109,1.25
31110,-5.25
31111,0.75
31112,3.75
31113,4.25
31114,7.0
31115,4.75
31116,8.5
31117,4.75
31118,-2.25
31119,-0.5
31120,3.25
31121,10.5
31122,1.75
31123,8.25
31124,1.75
31125,0.5
31126,2.25
31127,-0.75
31128,2.25
31129,6.25
31130,-0.75
31131,-1.25
31132,-19.75
31133,-0.25
31134,9.25
31135,2.75
31136,5.5
31137,-0.75
31138,-0.25
31139,14.0
31140,-1.5
31141,0.75
31142,2.75
31143,-7.5
31144,-0.25
31145,5.0
31146,-0.25
31147,2.75
31148,-6.25
31149,4.25
31150,3.25
31151,-1.25
31152,-1.75
31153,-0.75
31154,0.75
31155,4.75
31156,8.25
31157,3.75
31158,0.75
31159,0.25
31160,-0.25
31161,16.75
31162,4.25
31163,-0.25
31164,0.75
31165,8.0
31166,0.75
31167,7.75
31168,11.75
31169,-0.25
31170,0.75
31171,3.25
31172,-3.75
31173,2.75
31174,-5.25
31175,-11.75
31176,-0.75
31177,6.75
31178,4.75
31179,0.75
31180,7.75
31181,-0.75
31182,3.75
31183,4.25
31184,-0.75
31185,-0.25
31186,1.75
31187,8.75
31188,-0.25
31189,1.75
31190,0.75
31191,6.25
31192,14.25
31193,7.75
31194,-0.75
31195,-0.75
31196,-0.25
31197,-0.25
31198,-11.25
31199,0.75
31200,8.5
31201,0.75
31202,6.25
31203,6.75
31204,-1.25
31205,5.25
31206,0.75
31207,-11.5
31208,0.75
31209,0.75
31210,-0.75
31211,0.75
31212,-0.75
31213,-2.75
31214,0.75
31215,-0.25
31216,0.75
31217,13.75
31218,-0.25
31219,-0.75
31220,-6.0
31221,0.75
31222,-0.25
31223,-0.25
31224,24.75
31225,-13.0
31226,-6.25
31227,7.0
31228,0.25
31229,6.25
31230,-0.75
31231,-5.25
31232,-0.25
31233,0.75
31234,0.75
31235,-1.25
31236,10.0
31237,-1.75
31238,0.25
31239,-0.75
31240,-0.25
31241,-0.75
31242,0.75
31243,3.25
31244,7.75
31245,7.25
31246,-0.25
31247,-0.75
31248,0.75
31249,-15.5
31250,-1.25
31251,2.75
31252,10.75
31253,-2.75
31254,0.75
31255,5.75
31256,7.75
31257,6.75
31258,-0.75
31259,-0.25
31260,1.75
31261,1.25
31262,-0.75
31263,7.25
31264,4.75
31265,2.25
31266,8.75
31267,1.75
31268,-0.75
31269,0.25
31270,0.25
31271,-0.75
31272,2.75
31273,1.75
31274,4.25
31275,-6.25
31276,0.75
31277,3.25
31278,7.25
31279,-10.25
31280,3.75
31281,2.75
31282,-0.25
31283,-10.25
31284,-0.75
31285,1.25
31286,4.75
31287,0.25
31288,-0.25
31289,6.75
31290,7.25
31291,9.75
31292,0.75
31293,-3.25
31294,5.75
31295,-0.25
31296,4.75
31297,-1.25
31298,-2.75
31299,2.75
31300,-0.25
31301,0.5
31302,2.25
31303,9.75
31304,0.75
31305,-0.75
31306,-7.75
31307,5.75
31308,9.5
31309,10.0
31310,-0.25
31311,-1.75
31312,9.25
31313,0.25
31314,-2.75
31315,-1.25
31316,3.75
31317,7.75
31318,-0.25
31319,9.5
31320,3.25
31321,-4.5
31322,12.75
31323,-7.75
31324,12.5
31325,-1.25
31326,-0.25
31327,-10.25
31328,1.75
31329,11.25
31330,-2.75
31331,0.75
31332,0.75
31333,3.75
31334,-0.75
31335,0.75
31336,0.25
31337,-0.25
31338,-0.75
31339,-0.25
31340,-0.25
31341,2.75
31342,6.25
31343,-2.25
31344,0.75
31345,-0.75
31346,-0.75
31347,-0.25
31348,-0.75
31349,4.25
31350,2.25
31351,7.25
31352,6.75
31353,6.25
31354,-0.25
31355,7.25
31356,-0.25
31357,-0.75
31358,0.75
31359,-0.25
31360,1.25
31361,0.25
31362,1.25
31363,7.75
31364,-0.75
31365,2.75
31366,10.75
31367,10.25
31368,-0.75
31369,3.25
31370,5.25
31371,-1.25
31372,0.75
31373,-0.25
31374,6.0
31375,7.25
31376,-1.25
31377,3.25
31378,-0.25
31379,0.75
31380,-0.75
31381,-0.25
31382,-0.75
31383,10.25
31384,-8.0
31385,1.75
31386,7.75
31387,4.75
31388,-0.75
31389,-0.75
31390,0.75
31391,1.25
31392,4.75
31393,0.75
31394,3.25
31395,13.75
31396,3.25
31397,6.25
31398,6.75
31399,9.75
31400,0.25
31401,-0.75
31402,-0.25
31403,5.25
31404,-14.0
31405,0.25
31406,0.75
31407,8.75
31408,6.25
31409,-2.5
31410,-1.25
31411,6.25
31412,-0.25
31413,12.75
31414,11.5
31415,0.75
31416,-0.25
31417,-1.25
31418,0.75
31419,6.25
31420,-1.25
31421,0.75
31422,9.75
31423,0.75
31424,0.75
31425,12.25
31426,8.0
31427,-1.25
31428,0.75
31429,-1.25
31430,-0.75
31431,2.75
31432,7.25
31433,-4.75
31434,3.25
31435,3.75
31436,1.75
31437,0.75
31438,-0.25
31439,-2.25
31440,0.75
31441,-21.0
31442,0.25
31443,4.25
31444,3.75
31445,-0.25
31446,0.75
31447,6.0
31448,2.25
31449,0.75
31450,-0.75
31451,-0.25
31452,0.75
31453,-0.25
31454,0.75
31455,0.75
31456,6.0
31457,-0.75
31458,0.75
31459,0.75
31460,0.25
31461,-0.75
31462,2.75
31463,1.75
31464,1.25
31465,5.75
31466,0.75
31467,5.25
31468,-0.5
31469,1.75
31470,7.25
31471,-1.25
31472,0.75
31473,0.75
31474,0.25
31475,-0.25
31476,0.75
31477,-3.25
31478,0.75
31479,-0.25
31480,-0.75
31481,-4.75
31482,-0.75
31483,0.75
31484,-0.75
31485,-0.75
31486,6.25
31487,-0.25
31488,-0.25
31489,-1.25
31490,-5.25
31491,-0.25
31492,0.25
31493,-0.25
31494,3.75
31495,0.25
31496,2.25
31497,3.75
31498,-0.25
31499,-3.25
31500,1.75
31501,6.75
31502,6.5
31503,5.75
31504,-0.25
31505,2.25
31506,4.25
31507,-0.75
31508,4.75
31509,1.75
31510,-0.25
31511,-2.25
31512,-0.75
31513,-0.75
31514,-0.75
31515,-0.25
31516,-0.75
31517,-0.75
31518,0.75
31519,0.25
31520,-0.75
31521,-0.25
31522,-0.75
31523,-2.75
31524,-0.25
31525,-0.75
31526,-0.75
31527,-8.25
31528,0.75
31529,-0.75
31530,-0.25
31531,0.25
31532,3.75
31533,2.75
31534,0.75
31535,-0.25
31536,-1.25
31537,0.75
31538,4.25
31539,0.75
31540,3.75
31541,-0.25
31542,-0.75
31543,6.75
31544,7.75
31545,0.75
31546,3.75
31547,5.25
31548,0.75
31549,-0.25
31550,0.25
31551,1.25
31552,6.25
31553,-0.25
31554,0.75
31555,7.25
31556,12.25
31557,11.5
31558,-0.25
31559,1.75
31560,0.75
31561,11.25
31562,-20.75
31563,-1.25
31564,11.75
31565,-12.25
31566,2.25
31567,-1.25
31568,19.5
31569,2.25
31570,8.75
31571,10.75
31572,1.75
31573,-0.25
31574,1.75
31575,1.5
31576,2.75
31577,19.25
31578,0.75
31579,0.75
31580,6.25
31581,-0.25
31582,-12.0
31583,-0.75
31584,0.75
31585,-0.75
31586,3.25
31587,9.75
31588,5.25
31589,-0.75
31590,1.75
31591,0.75
31592,5.75
31593,2.75
31594,7.25
31595,6.25
31596,16.25
31597,3.25
31598,2.75
31599,0.75
31600,-1.25
31601,-9.25
31602,0.25
31603,8.0
31604,-0.75
31605,-0.25
31606,0.75
31607,11.0
31608,-0.25
31609,14.5
31610,0.25
31611,2.75
31612,0.75
31613,-0.25
31614,12.25
31615,1.25
31616,-0.25
31617,9.25
31618,-0.75
31619,6.25
31620,9.5
31621,0.75
31622,0.75
31623,2.75
31624,-0.75
31625,6.25
31626,-0.25
31627,-1.25
31628,-0.75
31629,6.75
31630,4.75
31631,-2.25
31632,3.25
31633,-1.75
31634,11.0
31635,-1.75
31636,3.75
31637,5.75
31638,-2.75
31639,-0.75
31640,6.5
31641,-0.25
31642,15.25
31643,5.25
31644,-4.25
31645,-0.25
31646,-1.25
31647,-0.75
31648,-0.25
31649,-0.25
31650,-0.75
31651,12.0
31652,5.75
31653,4.25
31654,0.75
31655,-0.25
31656,1.75
31657,10.5
31658,6.25
31659,9.75
31660,8.5
31661,-0.25
31662,0.25
31663,15.0
31664,-6.75
31665,-0.75
31666,0.75
31667,3.25
31668,-3.25
31669,5.75
31670,-0.25
31671,5.25
31672,8.0
31673,-1.25
31674,9.75
31675,-0.75
31676,-0.25
31677,4.75
31678,2.75
31679,3.25
31680,4.75
31681,0.25
31682,-12.75
31683,5.25
31684,5.75
31685,9.75
31686,-0.75
31687,13.75
31688,-0.75
31689,8.5
31690,2.25
31691,7.75
31692,-2.25
31693,14.25
31694,13.0
31695,11.25
31696,6.0
31697,0.5
31698,0.75
31699,10.5
31700,-0.25
31701,-0.75
31702,-1.25
31703,6.0
31704,4.75
31705,20.0
31706,-10.25
31707,-10.25
31708,-3.0
31709,-9.5
31710,-3.0
31711,-0.75
31712,-10.25
31713,-0.75
31714,7.0
31715,0.75
31716,-5.75
31717,3.75
31718,-0.25
31719,11.0
31720,11.0
31721,-0.25
31722,-0.75
31723,0.75
31724,4.25
31725,-0.25
31726,5.75
31727,-0.75
31728,0.75
31729,0.75
31730,3.75
31731,8.25
31732,-1.25
31733,4.25
31734,9.5
31735,8.25
31736,-8.75
31737,2.25
31738,9.5
31739,5.25
31740,7.5
31741,0.75
31742,8.25
31743,7.75
31744,-12.5
31745,-0.25
31746,2.75
31747,-2.25
31748,0.25
31749,-3.25
31750,0.75
31751,0.75
31752,-0.25
31753,-9.25
31754,-0.25
31755,5.25
31756,-8.25
31757,-2.75
31758,-0.25
31759,0.25
31760,3.75
31761,7.0
31762,-0.75
31763,-0.25
31764,4.25
31765,-0.25
31766,-0.75
31767,2.25
31768,5.25
31769,0.25
31770,0.75
31771,-1.25
31772,6.25
31773,-0.75
31774,0.75
31775,4.75
31776,7.75
31777,-0.75
31778,-0.25
31779,0.25
31780,-1.25
31781,1.75
31782,-11.25
31783,-1.75
31784,-6.25
31785,-1.25
31786,-0.75
31787,2.75
31788,2.25
31789,0.25
31790,-0.25
31791,15.75
31792,7.25
31793,9.25
31794,-16.25
31795,13.0
31796,4.25
31797,2.75
31798,2.75
31799,6.75
31800,15.25
31801,8.25
31802,5.75
31803,3.25
31804,0.75
31805,3.25
31806,1.25
31807,0.25
31808,0.75
31809,4.75
31810,-19.25
31811,11.5
31812,0.75
31813,5.75
31814,10.5
31815,15.0
31816,0.75
31817,8.5
31818,10.5
31819,10.75
31820,-0.75
31821,0.75
31822,-0.25
31823,7.25
31824,-0.75
31825,8.25
31826,-0.75
31827,7.5
31828,11.25
31829,-3.75
31830,-0.75
31831,5.25
31832,5.25
31833,5.75
31834,-9.25
31835,-1.25
31836,6.75
31837,3.75
31838,-18.25
31839,-0.25
31840,7.75
31841,6.75
31842,5.75
31843,-0.75
31844,6.25
31845,9.0
31846,0.75
31847,-0.25
31848,0.75
31849,0.75
31850,12.5
31851,2.75
31852,12.5
31853,8.5
31854,-0.25
31855,-0.75
31856,0.25
31857,0.75
31858,5.25
31859,15.0
31860,-1.25
31861,5.25
31862,-0.75
31863,-0.75
31864,9.0
31865,9.75
31866,-0.75
31867,-1.25
31868,8.0
31869,9.75
31870,0.75
31871,8.25
31872,8.75
31873,6.25
31874,1.25
31875,9.25
31876,-0.75
31877,-0.25
31878,-0.75
31879,9.0
31880,-10.25
31881,-0.25
31882,-0.25
31883,6.0
31884,3.75
31885,6.25
31886,-6.25
31887,2.75
31888,8.5
31889,6.25
31890,-0.75
31891,-0.75
31892,-1.25
31893,5.25
31894,-0.25
31895,4.25
31896,-0.25
31897,0.25
31898,-0.25
31899,0.25
31900,1.75
31901,-3.25
31902,6.25
31903,12.25
31904,16.25
31905,8.5
31906,0.75
31907,-0.75
31908,12.75
31909,0.75
31910,13.0
31911,-0.25
31912,4.25
31913,10.5
31914,0.75
31915,-0.75
31916,-1.25
31917,-11.5
31918,-9.25
31919,14.0
31920,14.0
31921,3.25
31922,1.75
31923,4.75
31924,3.75
31925,0.75
31926,5.75
31927,0.75
31928,-0.75
31929,2.75
31930,-1.25
31931,7.25
31932,6.5
31933,-0.25
31934,-2.25
31935,8.25
31936,-1.25
31937,2.75
31938,3.75
31939,12.0
31940,10.0
31941,-10.25
31942,2.5
31943,-8.75
31944,20.75
31945,0.25
31946,-0.25
31947,-2.5
31948,-17.25
31949,1.75
31950,2.75
31951,-0.25
31952,0.75
31953,12.0
31954,0.25
31955,-0.75
31956,0.75
31957,7.75
31958,8.75
31959,-0.75
31960,0.75
31961,10.0
31962,-0.75
31963,-2.25
31964,2.75
31965,-0.75
31966,0.75
31967,-0.25
31968,0.75
31969,8.0
31970,7.0
31971,5.75
31972,6.0
31973,-0.75
31974,-0.75
31975,-0.25
31976,-0.25
31977,3.75
31978,-0.25
31979,6.5
31980,-0.25
31981,6.25
31982,-1.25
31983,-0.75
31984,0.75
31985,4.25
31986,0.25
31987,2.25
31988,-0.25
31989,2.75
31990,-0.75
31991,-2.75
31992,17.75
31993,8.5
31994,-1.25
31995,6.25
31996,9.75
31997,2.75
31998,9.5
31999,4.25
32000,10.25
32001,-0.25
32002,-0.75
32003,0.75
32004,4.75
32005,-0.75
32006,-0.75
32007,19.0
32008,-5.25
32009,15.0
32010,0.75
32011,0.75
32012,0.75
32013,12.0
32014,0.75
32015,6.25
32016,0.75
32017,8.5
32018,10.75
32019,0.25
32020,0.25
32021,0.75
32022,3.75
32023,7.75
32024,0.25
32025,-1.25
32026,7.75
32027,-0.75
32028,9.5
32029,-0.75
32030,-0.25
32031,-1.25
32032,-0.75
32033,9.75
32034,2.75
32035,-1.25
32036,5.75
32037,3.75
32038,0.25
32039,-1.25
32040,-1.0
32041,13.0
32042,-0.25
32043,-0.25
32044,-22.75
32045,-0.25
32046,-0.25
32047,3.5
32048,10.5
32049,-0.75
32050,-0.25
32051,0.75
32052,-0.75
32053,13.75
32054,-0.25
32055,-1.25
32056,5.75
32057,0.25
32058,-2.25
32059,-2.75
32060,10.75
32061,8.0
32062,0.75
32063,-2.25
32064,-0.75
32065,11.75
32066,10.0
32067,7.25
32068,9.5
32069,0.25
32070,5.75
32071,7.25
32072,-2.0
32073,1.25
32074,-0.75
32075,-3.5
32076,1.25
32077,-2.25
32078,5.25
32079,19.0
32080,14.25
32081,-0.75
32082,8.75
32083,7.25
32084,0.75
32085,3.25
32086,-0.25
32087,-0.75
32088,0.75
32089,-0.25
32090,-4.0
32091,6.75
32092,4.25
32093,-0.75
32094,5.25
32095,-4.25
32096,10.75
32097,9.5
32098,14.25
32099,-0.75
32100,0.25
32101,-12.25
32102,2.0
32103,5.25
32104,-0.25
32105,-0.75
32106,-0.75
32107,-3.25
32108,-0.25
32109,5.25
32110,-0.25
32111,-2.0
32112,-10.5
32113,9.0
32114,10.75
32115,-0.25
32116,0.75
32117,6.25
32118,9.0
32119,3.25
32120,13.25
32121,-5.75
32122,0.75
32123,0.25
32124,15.25
32125,6.5
32126,-30.0
32127,7.0
32128,3.25
32129,4.5
32130,5.75
32131,-0.25
32132,7.25
32133,8.25
32134,-0.75
32135,0.75
32136,-4.25
32137,-0.25
32138,-0.25
32139,4.75
32140,0.75
32141,9.5
32142,2.75
32143,4.75
32144,-10.5
32145,0.75
32146,18.75
32147,0.75
32148,-0.25
32149,-14.0
32150,-5.5
32151,-0.25
32152,8.0
32153,5.75
32154,-11.25
32155,4.75
32156,14.5
32157,15.0
32158,3.75
32159,-5.25
32160,12.0
32161,2.75
32162,1.25
32163,0.25
32164,-0.25
32165,-1.25
32166,2.75
32167,-0.75
32168,-9.25
32169,8.25
32170,3.75
32171,-0.75
32172,6.25
32173,10.25
32174,1.25
32175,5.75
32176,11.25
32177,2.75
32178,7.75
32179,0.75
32180,-0.25
32181,0.75
32182,6.5
32183,0.75
32184,6.25
32185,5.25
32186,-0.75
32187,7.25
32188,9.0
32189,-0.75
32190,0.75
32191,12.5
32192,4.75
32193,4.25
32194,0.75
32195,6.25
32196,-3.25
32197,3.75
32198,10.0
32199,-4.25
32200,-0.25
32201,5.75
32202,6.25
32203,6.75
32204,3.75
32205,3.75
32206,3.75
32207,-0.75
32208,15.5
32209,0.25
32210,-10.25
32211,-0.25
32212,-0.25
32213,7.25
32214,14.0
32215,0.75
32216,-0.25
32217,10.5
32218,-0.75
32219,-0.25
32220,7.0
32221,-0.75
32222,2.75
32223,6.75
32224,-2.25
32225,6.75
32226,-1.25
32227,-0.75
32228,14.75
32229,6.75
32230,-2.75
32231,-3.25
32232,4.75
32233,0.75
32234,9.25
32235,-3.75
32236,-3.25
32237,0.75
32238,8.25
32239,3.25
32240,11.25
32241,-0.25
32242,-0.75
32243,-9.75
32244,-0.75
32245,0.75
32246,-1.25
32247,10.0
32248,3.75
32249,-7.25
32250,-0.25
32251,-0.25
32252,3.5
32253,-0.75
32254,9.5
32255,13.0
32256,-0.25
32257,2.75
32258,2.25
32259,-10.25
32260,-12.25
32261,-9.25
32262,-0.75
32263,-0.75
32264,-0.25
32265,12.5
32266,0.75
32267,1.25
32268,-0.75
32269,10.75
32270,2.25
32271,0.75
32272,2.25
32273,-16.25
32274,-0.75
32275,-1.25
32276,4.25
32277,5.25
32278,-6.25
32279,-0.25
32280,-0.75
32281,-6.75
32282,0.25
32283,-15.25
32284,5.25
32285,1.25
32286,4.75
32287,-0.25
32288,2.75
32289,7.75
32290,-0.25
32291,0.75
32292,-5.25
32293,7.25
32294,16.5
32295,-0.75
32296,-15.25
32297,0.25
32298,2.25
32299,5.75
32300,0.75
32301,-0.75
32302,9.75
32303,4.25
32304,-1.25
32305,16.75
32306,12.25
32307,0.25
32308,0.75
32309,-8.75
32310,17.5
32311,-1.25
32312,-6.25
32313,9.25
32314,9.75
32315,-0.75
32316,-2.75
32317,3.25
32318,-0.25
32319,0.75
32320,-1.25
32321,6.25
32322,4.75
32323,0.75
32324,0.75
32325,-0.25
32326,-0.75
32327,2.25
32328,-1.25
32329,18.25
32330,6.5
32331,3.25
32332,0.75
32333,-0.75
32334,-0.75
32335,-0.75
32336,5.75
32337,-2.5
32338,-0.75
32339,5.25
32340,-4.5
32341,-10.25
32342,0.75
32343,-0.25
32344,-1.75
32345,-4.75
32346,-2.5
32347,2.75
32348,0.75
32349,6.75
32350,5.25
32351,0.75
32352,6.25
32353,-0.75
32354,12.25
32355,7.5
32356,3.75
32357,8.75
32358,-8.75
32359,-0.25
32360,3.25
32361,-0.75
32362,3.75
32363,-0.75
32364,-0.75
32365,2.75
32366,-0.75
32367,3.75
32368,0.75
32369,5.75
32370,-0.75
32371,4.25
32372,5.75
32373,-0.75
32374,-1.25
32375,-3.25
32376,6.25
32377,-0.25
32378,8.75
32379,11.75
32380,7.75
32381,-0.25
32382,3.25
32383,2.25
32384,-0.25
32385,-1.25
32386,4.75
32387,-2.0
32388,-0.75
32389,1.75
32390,5.25
32391,-0.25
32392,6.75
32393,-5.25
32394,5.25
32395,-0.25
32396,0.75
32397,3.25
32398,0.25
32399,-11.25
32400,-0.25
32401,0.25
32402,4.75
32403,0.25
32404,2.75
32405,-1.25
32406,-0.25
32407,5.75
32408,0.75
32409,3.25
32410,-0.25
32411,0.75
32412,0.25
32413,-0.25
32414,4.25
32415,0.75
32416,0.75
32417,-1.25
32418,-0.25
32419,4.25
32420,1.75
32421,1.25
32422,-1.25
32423,0.25
32424,-0.75
32425,-2.25
32426,0.75
32427,7.25
32428,5.25
32429,0.25
32430,-0.25
32431,-0.25
32432,8.75
32433,0.75
32434,0.75
32435,8.75
32436,-0.25
32437,-10.25
32438,0.25
32439,-0.75
32440,0.25
32441,-0.75
32442,8.75
32443,-0.25
32444,2.25
32445,-0.25
32446,-6.75
32447,-0.75
32448,6.75
32449,6.75
32450,-0.25
32451,0.75
32452,4.75
32453,0.75
32454,1.25
32455,-0.25
32456,-0.75
32457,-0.75
32458,2.75
32459,-0.25
32460,-0.75
32461,3.75
32462,-0.75
32463,3.25
32464,-0.25
32465,0.75
32466,-1.75
32467,0.75
32468,-0.25
32469,-0.25
32470,1.75
32471,7.75
32472,1.75
32473,2.75
32474,0.25
32475,-16.25
32476,6.75
32477,3.25
32478,0.75
32479,-0.75
32480,7.5
32481,0.25
32482,2.25
32483,2.75
32484,0.75
32485,-0.75
32486,-0.25
32487,7.25
32488,0.75
32489,0.75
32490,-0.25
32491,-9.25
32492,-0.25
32493,-0.25
32494,-0.75
32495,7.25
32496,-7.25
32497,-0.25
32498,2.25
32499,-1.25
32500,0.75
32501,-0.25
32502,0.75
32503,0.25
32504,3.75
32505,0.25
32506,0.75
32507,1.75
32508,1.75
32509,-8.25
32510,10.75
32511,2.25
32512,-0.75
32513,0.75
32514,5.75
32515,4.75
32516,0.75
32517,5.25
32518,8.75
32519,-0.25
32520,10.75
32521,6.5
32522,-0.25
32523,-1.25
32524,4.75
32525,-10.25
32526,3.25
32527,0.25
32528,0.75
32529,-0.75
32530,0.75
32531,4.75
32532,0.25
32533,0.75
32534,3.25
32535,5.75
32536,0.75
32537,3.25
32538,7.25
32539,-0.25
32540,-0.25
32541,-2.25
32542,-0.25
32543,-3.25
32544,7.75
32545,6.75
32546,6.75
32547,0.75
32548,11.75
32549,0.75
32550,6.75
32551,2.75
32552,5.25
32553,-0.25
32554,0.75
32555,-0.75
32556,-11.0
32557,3.75
32558,3.25
32559,0.25
32560,2.75
32561,0.75
32562,0.75
32563,3.75
32564,-0.25
32565,-1.25
32566,-1.25
32567,-6.5
32568,0.75
32569,3.75
32570,5.75
32571,-0.75
32572,0.75
32573,3.75
32574,-0.25
32575,4.25
32576,1.75
32577,6.25
32578,6.25
32579,0.25
32580,0.75
32581,0.75
32582,4.25
32583,8.75
32584,3.75
32585,-0.25
32586,-0.75
32587,1.75
32588,-0.25
32589,0.25
32590,1.25
32591,4.75
32592,-0.25
32593,-11.25
32594,0.75
32595,-0.75
32596,1.25
32597,-0.75
32598,0.75
32599,-0.25
32600,-0.75
32601,3.75
32602,3.25
32603,-0.25
32604,-0.75
32605,0.75
32606,-1.25
32607,1.75
32608,-0.75
32609,-0.25
32610,-1.25
32611,-0.25
32612,9.25
32613,-1.25
32614,-0.25
32615,6.75
32616,0.75
32617,-0.75
32618,-1.25
32619,0.75
32620,5.25
32621,3.25
32622,3.75
32623,-0.25
32624,0.75
32625,-14.25
32626,-0.25
32627,-0.25
32628,-2.75
32629,3.75
32630,-1.25
32631,-1.25
32632,0.75
32633,-0.25
32634,0.75
32635,2.25
32636,3.75
32637,2.75
32638,1.75
32639,-8.25
32640,-0.25
32641,0.75
32642,-0.25
32643,-0.25
32644,-0.25
32645,4.25
32646,-0.25
32647,2.25
32648,0.25
32649,14.25
32650,8.75
32651,-0.75
32652,1.75
32653,9.25
32654,-0.25
32655,6.25
32656,-2.25
32657,7.75
32658,8.25
32659,2.75
32660,-0.25
32661,-0.75
32662,3.75
32663,-0.75
32664,0.75
32665,0.25
32666,-0.75
32667,-0.25
32668,-0.25
32669,-0.75
32670,0.75
32671,-0.25
32672,0.75
32673,4.75
32674,-3.25
32675,-1.25
32676,0.25
32677,-7.25
32678,3.75
32679,0.25
32680,0.75
32681,-0.25
32682,-0.25
32683,0.75
32684,1.75
32685,5.75
32686,7.75
32687,5.25
32688,-0.75
32689,-0.25
32690,-0.75
32691,5.75
32692,-0.75
32693,0.75
32694,0.75
32695,0.75
32696,5.0
32697,0.75
32698,0.25
32699,1.25
32700,2.75
32701,3.75
32702,2.25
32703,10.5
32704,-8.25
32705,-0.75
32706,0.75
32707,-0.75
32708,-0.25
32709,-0.25
32710,0.75
32711,-0.25
32712,-0.75
32713,-0.25
32714,-0.75
32715,3.75
32716,3.75
32717,2.75
32718,-0.75
32719,-0.25
32720,-4.25
32721,1.75
32722,0.75
32723,8.75
32724,-0.75
32725,-0.75
32726,-0.25
32727,-0.75
32728,1.25
32729,4.75
32730,-0.75
32731,1.25
32732,-0.25
32733,-2.75
32734,-0.75
32735,0.25
32736,4.25
32737,7.0
32738,4.75
32739,-0.75
32740,-1.25
32741,0.25
32742,0.75
32743,-3.75
32744,-1.25
32745,-0.75
32746,-1.25
32747,-0.75
32748,0.75
32749,5.75
32750,1.25
32751,2.75
32752,-0.25
32753,5.25
32754,0.75
32755,5.75
32756,-0.75
32757,1.25
32758,4.25
32759,-0.25
32760,2.25
32761,0.75
32762,2.25
32763,7.25
32764,-0.25
32765,0.25
32766,-0.25
32767,6.25
32768,1.75
32769,-1.25
32770,-0.25
32771,-0.75
32772,3.75
32773,1.25
32774,0.75
32775,0.25
32776,2.25
32777,-0.75
32778,0.75
32779,2.75
32780,-1.25
32781,0.75
32782,1.75
32783,-0.75
32784,1.25
32785,2.75
32786,6.75
32787,-0.25
32788,14.75
32789,4.75
32790,-7.25
32791,0.25
32792,-0.75
32793,-0.25
32794,9.75
32795,6.5
32796,4.75
32797,6.25
32798,1.25
32799,-0.75
32800,0.75
32801,-0.25
32802,-0.75
32803,-0.75
32804,1.75
32805,3.75
32806,4.25
32807,-0.75
32808,2.75
32809,7.75
32810,11.75
32811,-0.25
32812,0.75
32813,3.25
32814,-8.25
32815,0.75
32816,0.75
32817,0.75
32818,1.25
32819,-1.25
32820,4.75
32821,6.75
32822,8.25
32823,-0.75
32824,0.25
32825,-0.25
32826,-4.0
32827,9.5
32828,-0.25
32829,1.75
32830,0.75
32831,0.75
32832,0.75
32833,5.25
32834,6.75
32835,1.75
32836,4.25
32837,0.75
32838,4.75
32839,-0.75
32840,-0.75
32841,0.25
32842,2.25
32843,1.75
32844,0.75
32845,0.75
32846,-0.25
32847,6.5
32848,-12.25
32849,0.75
32850,5.25
32851,9.25
32852,5.25
32853,12.75
32854,-0.25
32855,8.25
32856,-1.25
32857,6.25
32858,8.75
32859,1.75
32860,0.75
32861,-0.25
32862,-0.75
32863,-0.25
32864,11.0
32865,0.75
32866,5.25
32867,-0.25
32868,4.75
32869,2.75
32870,9.75
32871,-0.75
32872,4.75
32873,0.75
32874,-0.25
32875,-0.75
32876,0.75
32877,-5.25
32878,7.75
32879,0.25
32880,0.75
32881,3.25
32882,-8.25
32883,0.75
32884,6.75
32885,-2.75
32886,-2.75
32887,5.25
32888,-0.25
32889,2.75
32890,-0.75
32891,1.75
32892,-0.75
32893,0.25
32894,5.75
32895,10.75
32896,4.25
32897,3.75
32898,-0.75
32899,0.75
32900,1.75
32901,4.25
32902,5.0
32903,22.5
32904,-0.25
32905,0.75
32906,-0.75
32907,-0.75
32908,4.75
32909,6.25
32910,1.25
32911,4.75
32912,-0.25
32913,0.75
32914,0.75
32915,0.75
32916,0.25
32917,-0.75
32918,1.25
32919,6.25
32920,-0.75
32921,-0.25
32922,2.0
32923,-0.75
32924,11.0
32925,3.75
32926,0.75
32927,6.25
32928,-0.75
32929,9.25
32930,-1.75
32931,-0.75
32932,16.5
32933,5.25
32934,-0.25
32935,-0.25
32936,-0.25
32937,1.75
32938,9.25
32939,3.75
32940,15.25
32941,-0.25
32942,0.25
32943,2.75
32944,-5.25
32945,-0.75
32946,6.75
32947,-0.75
32948,14.25
32949,7.0
32950,-0.75
32951,0.25
32952,0.75
32953,0.75
32954,-6.25
32955,9.0
32956,7.25
32957,-0.75
32958,10.25
32959,-0.25
32960,-1.25
32961,-0.25
32962,4.75
32963,1.75
32964,7.75
32965,-0.75
32966,-0.25
32967,0.75
32968,-0.75
32969,3.75
32970,0.75
32971,-0.25
32972,3.25
32973,9.0
32974,-17.25
32975,0.75
32976,6.25
32977,-0.25
32978,-0.25
32979,4.25
32980,0.75
32981,-0.75
32982,0.75
32983,7.75
32984,-0.25
32985,4.75
32986,1.75
32987,3.75
32988,9.0
32989,7.75
32990,0.75
32991,2.25
32992,-0.25
32993,2.75
32994,0.75
32995,-0.25
32996,3.75
32997,0.75
32998,-0.25
32999,-1.25
33000,0.25
33001,5.75
33002,-1.25
33003,14.75
33004,-1.25
33005,-0.25
33006,-0.75
33007,2.75
33008,8.5
33009,3.75
33010,-0.75
33011,-1.25
33012,-0.25
33013,4.75
33014,-0.25
33015,-0.75
33016,6.25
33017,0.25
33018,3.25
33019,9.25
33020,-0.25
33021,-0.75
33022,-2.0
33023,1.25
33024,5.75
33025,-4.25
33026,-0.25
33027,8.75
33028,1.75
33029,-0.75
33030,-0.75
33031,-4.75
33032,0.75
33033,0.75
33034,0.75
33035,-0.75
33036,-0.25
33037,-11.25
33038,6.75
33039,7.0
33040,0.25
33041,1.25
33042,1.25
33043,3.75
33044,7.75
33045,-0.25
33046,-0.75
33047,5.75
33048,-0.25
33049,-0.75
33050,-0.75
33051,5.75
33052,9.5
33053,14.75
33054,7.25
33055,1.75
33056,18.5
33057,3.75
33058,2.25
33059,2.75
33060,17.25
33061,0.75
33062,-0.25
33063,11.5
33064,-0.25
33065,-0.75
33066,6.25
33067,-12.5
33068,4.75
33069,17.25
33070,9.5
33071,20.0
33072,-0.75
33073,0.75
33074,6.0
33075,0.25
33076,-1.5
33077,-1.75
33078,13.0
33079,2.25
33080,0.75
33081,4.0
33082,7.25
33083,13.0
33084,5.0
33085,3.75
33086,7.0
33087,-0.25
33088,-0.25
33089,2.75
33090,8.25
33091,-4.75
33092,11.75
33093,1.5
33094,-0.75
33095,4.75
33096,-1.25
33097,0.75
33098,13.0
33099,-1.25
33100,8.75
33101,4.75
33102,16.75
33103,-10.75
33104,-0.75
33105,0.25
33106,7.25
33107,-1.25
33108,-0.75
33109,-10.5
33110,0.75
33111,5.25
33112,1.75
33113,-0.25
33114,2.75
33115,0.75
33116,0.75
33117,-1.25
33118,7.0
33119,16.5
33120,18.5
33121,-0.25
33122,2.25
33123,9.25
33124,9.25
33125,0.75
33126,-0.25
33127,-0.75
33128,7.25
33129,-4.75
33130,4.25
33131,2.25
33132,10.0
33133,-20.25
33134,6.25
33135,3.25
33136,14.5
33137,-0.75
33138,0.75
33139,13.25
33140,-0.75
33141,6.25
33142,-3.25
33143,-0.25
33144,1.25
33145,5.25
33146,9.0
33147,2.25
33148,6.5
33149,-0.25
33150,21.5
33151,0.75
33152,8.75
33153,13.5
33154,-0.75
33155,10.75
33156,-0.25
33157,0.75
33158,6.25
33159,2.75
33160,11.5
33161,-2.75
33162,-3.25
33163,0.75
33164,-0.75
33165,-0.25
33166,6.25
33167,3.75
33168,3.75
33169,-0.25
33170,4.25
33171,1.25
33172,3.75
33173,-3.25
33174,0.75
33175,-3.75
33176,2.25
33177,-23.25
33178,11.5
33179,-0.25
33180,-6.25
33181,-0.25
33182,3.75
33183,-0.25
33184,-1.25
33185,10.25
33186,1.75
33187,0.75
33188,10.25
33189,4.25
33190,0.25
33191,-1.25
33192,-16.0
33193,5.25
33194,15.5
33195,6.75
33196,-0.5
33197,12.0
33198,5.75
33199,6.5
33200,7.0
33201,-5.75
33202,0.75
33203,-0.25
33204,-15.0
33205,9.5
33206,8.0
33207,9.75
33208,0.75
33209,0.25
33210,9.5
33211,9.5
33212,10.25
33213,-2.0
33214,0.75
33215,7.0
33216,5.75
33217,3.75
33218,-1.25
33219,9.0
33220,-0.25
33221,3.75
33222,9.25
33223,5.25
33224,2.75
33225,5.5
33226,-0.75
33227,-0.75
33228,-0.25
33229,-1.25
33230,-0.25
33231,2.75
33232,5.75
33233,0.25
33234,0.25
33235,0.75
33236,8.75
33237,0.75
33238,-5.25
33239,-1.25
33240,5.25
33241,0.75
33242,9.0
33243,0.5
33244,19.0
33245,11.75
33246,1.25
33247,5.25
33248,-0.75
33249,6.75
33250,9.75
33251,0.25
33252,-6.25
33253,8.0
33254,5.5
33255,-0.25
33256,10.5
33257,5.75
33258,8.75
33259,9.75
33260,3.75
33261,3.75
33262,-0.25
33263,14.75
33264,19.75
33265,8.25
33266,0.75
33267,7.0
33268,-16.25
33269,-5.25
33270,11.75
33271,6.75
33272,8.25
33273,-2.0
33274,2.25
33275,-0.75
33276,-1.25
33277,-0.75
33278,13.5
33279,-4.25
33280,-0.75
33281,3.25
33282,-0.25
33283,-0.75
33284,-0.75
33285,-1.25
33286,12.0
33287,-0.25
33288,7.25
33289,-0.25
33290,2.75
33291,7.5
33292,8.75
33293,0.75
33294,1.25
33295,-1.25
33296,-0.25
33297,0.25
33298,-1.25
33299,-7.0
33300,-0.25
33301,4.5
33302,4.75
33303,-24.0
33304,9.5
33305,0.25
33306,8.5
33307,25.5
33308,4.75
33309,4.25
33310,0.25
33311,1.0
33312,9.5
33313,-2.0
33314,-0.75
33315,-3.75
33316,-1.25
33317,0.75
33318,-0.75
33319,17.5
33320,11.75
33321,1.75
33322,-0.25
33323,-13.0
33324,5.25
33325,0.75
33326,9.5
33327,-11.25
33328,9.25
33329,4.25
33330,0.25
33331,5.25
33332,0.75
33333,5.25
33334,12.75
33335,-0.25
33336,-0.75
33337,0.25
33338,3.5
33339,-10.25
33340,-0.25
33341,-1.25
33342,3.75
33343,4.75
33344,0.75
33345,9.25
33346,-0.75
33347,-0.25
33348,0.75
33349,-0.75
33350,0.25
33351,-0.75
33352,9.0
33353,-1.5
33354,-0.25
33355,-0.75
33356,15.5
33357,-0.75
33358,-0.75
33359,-4.0
33360,8.25
33361,-0.75
33362,2.25
33363,7.5
33364,-1.25
33365,0.25
33366,0.75
33367,0.75
33368,12.25
33369,-0.25
33370,-0.75
33371,0.75
33372,-0.75
33373,0.75
33374,10.5
33375,-1.25
33376,-0.25
33377,-3.25
33378,5.75
33379,0.75
33380,4.75
33381,8.75
33382,3.25
33383,-6.75
33384,6.0
33385,10.75
33386,0.75
33387,10.0
33388,-9.5
33389,-0.75
33390,-0.75
33391,-0.25
33392,0.75
33393,4.75
33394,2.75
33395,12.25
33396,0.75
33397,-5.25
33398,-0.75
33399,-0.25
33400,-3.25
33401,-1.25
33402,12.5
33403,10.5
33404,-0.75
33405,3.75
33406,6.75
33407,0.75
33408,-0.75
33409,0.75
33410,7.75
33411,3.25
33412,-0.25
33413,-1.25
33414,-8.75
33415,8.75
33416,0.75
33417,4.75
33418,0.75
33419,0.75
33420,1.75
33421,8.25
33422,0.75
33423,25.5
33424,-1.25
33425,-0.25
33426,-16.0
33427,9.0
33428,0.75
33429,5.75
33430,0.75
33431,2.25
33432,3.25
33433,6.25
33434,-0.75
33435,3.75
33436,10.75
33437,-10.5
33438,10.25
33439,-0.25
33440,8.0
33441,10.5
33442,-0.25
33443,9.75
33444,-0.75
33445,15.0
33446,0.75
33447,5.25
33448,4.25
33449,-0.25
33450,8.0
33451,4.25
33452,-0.75
33453,6.75
33454,-1.25
33455,6.75
33456,0.75
33457,6.5
33458,-0.75
33459,12.5
33460,12.0
33461,-0.75
33462,0.75
33463,0.75
33464,-0.75
33465,0.75
33466,-0.75
33467,-1.25
33468,-1.25
33469,-0.75
33470,-0.75
33471,0.75
33472,14.5
33473,-0.25
33474,2.0
33475,0.75
33476,0.75
33477,11.0
33478,-0.75
33479,0.75
33480,4.25
33481,6.25
33482,0.75
33483,9.0
33484,3.25
33485,-0.75
33486,11.5
33487,-2.25
33488,8.5
33489,16.5
33490,-0.75
33491,3.75
33492,0.75
33493,0.75
33494,8.25
33495,-0.75
33496,-8.25
33497,3.75
33498,-0.25
33499,-0.25
33500,-0.25
33501,4.25
33502,11.0
33503,-4.25
33504,7.75
33505,8.0
33506,1.75
33507,-17.75
33508,-0.25
33509,18.5
33510,-19.25
33511,7.75
33512,-5.5
33513,4.75
33514,10.25
33515,11.5
33516,0.75
33517,-0.75
33518,2.75
33519,-18.25
33520,-6.0
33521,7.0
33522,-13.5
33523,7.25
33524,8.0
33525,4.25
33526,0.25
33527,-15.5
33528,0.75
33529,2.75
33530,5.25
33531,0.75
33532,-1.25
33533,14.5
33534,0.75
33535,4.75
33536,3.75
33537,0.25
33538,0.75
33539,0.5
33540,-0.75
33541,0.75
33542,-0.25
33543,5.75
33544,15.0
33545,-1.25
33546,1.25
33547,9.25
33548,-0.75
33549,-3.75
33550,-0.25
33551,9.0
33552,0.75
33553,-2.75
33554,-0.75
33555,3.75
33556,7.5
33557,7.25
33558,-0.25
33559,7.75
33560,4.25
33561,6.25
33562,0.25
33563,-0.75
33564,6.0
33565,5.75
33566,19.0
33567,0.75
33568,7.0
33569,0.75
33570,5.75
33571,0.25
33572,-18.0
33573,0.25
33574,9.25
33575,8.0
33576,3.75
33577,18.0
33578,4.75
33579,10.5
33580,-0.25
33581,3.5
33582,-19.0
33583,0.75
33584,10.5
33585,6.25
33586,5.0
33587,9.25
33588,0.25
33589,-0.75
33590,-0.75
33591,-0.75
33592,-14.75
33593,-0.75
33594,-11.25
33595,-4.5
33596,5.75
33597,7.5
33598,10.0
33599,10.25
33600,-10.75
33601,-0.25
33602,9.0
33603,-15.0
33604,13.75
33605,-1.25
33606,-24.5
33607,-29.0
33608,13.75
33609,2.75
33610,-0.25
33611,-0.75
33612,-0.75
33613,-0.25
33614,-0.25
33615,4.25
33616,9.5
33617,-0.75
33618,0.75
33619,-0.75
33620,-4.75
33621,17.5
33622,10.5
33623,0.75
33624,-0.25
33625,5.75
33626,14.0
33627,-0.25
33628,4.75
33629,7.0
33630,0.75
33631,-0.75
33632,4.75
33633,0.75
33634,-0.25
33635,8.0
33636,-0.75
33637,2.25
33638,-0.75
33639,0.75
33640,12.75
33641,-0.25
33642,-0.75
33643,0.75
33644,-0.75
33645,-1.75
33646,-0.75
33647,10.5
33648,-0.75
33649,2.75
33650,12.5
33651,-10.25
33652,-1.25
33653,-0.75
33654,0.25
33655,2.75
33656,3.75
33657,0.75
33658,0.75
33659,12.5
33660,2.25
33661,-0.75
33662,-1.25
33663,5.75
33664,16.0
33665,0.75
33666,1.25
33667,3.25
33668,-16.0
33669,7.75
33670,-0.25
33671,-0.25
33672,6.75
33673,-9.25
33674,-11.25
33675,0.75
33676,-0.25
33677,2.75
33678,-1.25
33679,-0.75
33680,14.0
33681,-0.75
33682,10.0
33683,23.5
33684,5.0
33685,-9.0
33686,0.75
33687,-0.25
33688,0.5
33689,-4.25
33690,7.25
33691,11.25
33692,8.75
33693,-0.75
33694,-6.5
33695,15.5
33696,-0.75
33697,4.25
33698,-12.0
33699,7.0
33700,0.75
33701,-0.75
33702,0.5
33703,-1.25
33704,16.5
33705,12.5
33706,7.75
33707,5.75
33708,-1.25
33709,-0.25
33710,-0.25
33711,15.0
33712,5.25
33713,-0.75
33714,24.0
33715,2.75
33716,-0.25
33717,4.75
33718,0.75
33719,2.75
33720,-0.75
33721,0.75
33722,-7.25
33723,-1.25
33724,-0.25
33725,7.75
33726,3.25
33727,-0.75
33728,-0.75
33729,4.75
33730,-0.25
33731,4.25
33732,0.25
33733,-2.25
33734,1.75
33735,1.75
33736,12.5
33737,9.5
33738,6.25
33739,5.75
33740,-0.25
33741,1.75
33742,8.75
33743,-0.25
33744,-0.25
33745,0.75
33746,14.0
33747,-0.75
33748,15.5
33749,-0.75
33750,0.75
33751,-16.25
33752,2.75
33753,-0.75
33754,1.25
33755,3.75
33756,-0.75
33757,2.75
33758,10.0
33759,12.0
33760,9.75
33761,-1.25
33762,-1.25
33763,-14.25
33764,1.25
33765,-1.75
33766,12.5
33767,4.25
33768,7.75
33769,-0.75
33770,-0.75
33771,-0.75
33772,10.75
33773,1.25
33774,3.25
33775,1.75
33776,0.25
33777,6.25
33778,2.25
33779,5.25
33780,0.75
33781,0.25
33782,-0.25
33783,2.75
33784,4.25
33785,2.75
33786,-0.25
33787,13.75
33788,0.75
33789,16.5
33790,4.25
33791,-0.75
33792,-0.25
33793,-1.25
33794,3.25
33795,-0.25
33796,2.25
33797,-0.75
33798,-0.25
33799,8.75
33800,0.75
33801,0.75
33802,-5.25
33803,6.75
33804,4.75
33805,6.25
33806,10.25
33807,0.75
33808,0.75
33809,5.75
33810,-2.75
33811,-6.25
33812,-0.75
33813,0.75
33814,0.75
33815,-2.25
33816,5.75
33817,-0.25
33818,3.75
33819,0.75
33820,6.25
33821,0.5
33822,6.25
33823,2.5
33824,-14.75
33825,21.5
33826,9.25
33827,-0.75
33828,-0.75
33829,0.25
33830,2.25
33831,5.75
33832,2.75
33833,4.75
33834,4.75
33835,9.25
33836,3.25
33837,1.75
33838,2.75
33839,12.25
33840,10.75
33841,20.0
33842,-0.75
33843,-1.25
33844,0.75
33845,4.75
33846,3.25
33847,13.25
33848,8.5
33849,-0.25
33850,-1.25
33851,-2.25
33852,3.5
33853,-0.25
33854,2.25
33855,-0.75
33856,-0.75
33857,4.75
33858,0.75
33859,3.75
33860,0.75
33861,-0.75
33862,-4.0
33863,6.25
33864,0.25
33865,7.75
33866,6.25
33867,-2.25
33868,2.25
33869,2.25
33870,-14.25
33871,-0.25
33872,-0.25
33873,4.25
33874,-0.75
33875,-0.75
33876,6.5
33877,-13.25
33878,2.25
33879,-1.25
33880,6.75
33881,3.75
33882,5.75
33883,20.25
33884,0.75
33885,-0.25
33886,0.75
33887,-1.0
33888,4.75
33889,-1.25
33890,4.5
33891,11.0
33892,7.25
33893,7.25
33894,4.25
33895,6.0
33896,9.5
33897,-0.75
33898,6.5
33899,0.75
33900,-1.25
33901,-0.75
33902,-1.25
33903,-13.25
33904,-0.75
33905,-0.75
33906,0.25
33907,4.25
33908,-2.75
33909,-0.75
33910,-0.25
33911,12.5
33912,7.5
33913,5.25
33914,9.75
33915,15.5
33916,-0.25
33917,6.75
33918,12.0
33919,10.25
33920,-0.75
33921,-0.25
33922,-0.75
33923,9.5
33924,-2.75
33925,6.25
33926,5.25
33927,-0.25
33928,8.25
33929,1.25
33930,19.0
33931,-0.75
33932,-17.5
33933,3.75
33934,0.75
33935,7.75
33936,1.75
33937,2.25
33938,17.25
33939,-0.75
33940,0.75
33941,-0.75
33942,-4.25
33943,0.75
33944,-0.25
33945,-1.25
33946,-0.25
33947,5.25
33948,7.25
33949,-4.25
33950,-4.75
33951,10.0
33952,-0.25
33953,0.25
33954,-0.75
33955,3.75
33956,8.25
33957,7.75
33958,2.5
33959,0.75
33960,11.0
33961,-12.25
33962,5.5
33963,-0.25
33964,-0.25
33965,5.25
33966,3.25
33967,6.25
33968,6.75
33969,1.25
33970,-0.75
33971,0.75
33972,-0.25
33973,7.25
33974,-1.25
33975,-0.75
33976,-2.25
33977,-0.25
33978,4.25
33979,0.75
33980,0.25
33981,8.75
33982,-0.25
33983,13.0
33984,9.75
33985,-0.75
33986,9.75
33987,8.25
33988,10.25
33989,-0.25
33990,0.75
33991,5.25
33992,12.0
33993,-2.0
33994,1.25
33995,-0.25
33996,7.75
33997,7.25
33998,14.5
33999,3.25
34000,4.75
34001,0.75
34002,11.5
34003,6.75
34004,14.5
34005,-0.25
34006,1.75
34007,-0.25
34008,4.25
34009,13.5
34010,-0.25
34011,-0.75
34012,-0.75
34013,0.75
34014,6.0
34015,-0.25
34016,8.0
34017,-2.25
34018,-0.25
34019,-6.75
34020,-15.25
34021,7.5
34022,6.75
34023,10.75
34024,7.25
34025,0.75
34026,10.0
34027,0.25
34028,6.75
34029,0.75
34030,-0.75
34031,4.25
34032,0.25
34033,-0.25
34034,-0.75
34035,-0.75
34036,-0.75
34037,0.75
34038,7.25
34039,-0.25
34040,8.75
34041,0.75
34042,10.5
34043,7.5
34044,-13.5
34045,10.0
34046,0.25
34047,0.75
34048,5.25
34049,0.75
34050,-0.25
34051,16.5
34052,19.0
34053,-0.75
34054,10.5
34055,-0.75
34056,2.75
34057,6.5
34058,5.25
34059,0.25
34060,-0.75
34061,0.75
34062,-0.25
34063,8.0
34064,1.75
34065,0.75
34066,-1.25
34067,0.75
34068,-0.25
34069,-0.75
34070,-0.75
34071,0.25
34072,2.75
34073,0.75
34074,-0.25
34075,19.0
34076,-0.75
34077,5.75
34078,-0.25
34079,10.5
34080,-0.75
34081,-0.75
34082,-1.25
34083,0.75
34084,6.0
34085,12.25
34086,5.75
34087,16.5
34088,-1.25
34089,-3.5
34090,4.75
34091,-2.25
34092,-0.25
34093,5.25
34094,8.5
34095,-0.25
34096,9.75
34097,5.0
34098,-0.75
34099,15.5
34100,9.5
34101,-27.0
34102,-0.75
34103,3.25
34104,-0.75
34105,-2.25
34106,10.0
34107,-8.75
34108,0.25
34109,6.5
34110,1.25
34111,3.5
34112,-0.25
34113,14.0
34114,3.75
34115,4.25
34116,-0.25
34117,0.75
34118,8.5
34119,8.75
34120,3.75
34121,-3.5
34122,9.0
34123,3.25
34124,9.5
34125,-0.25
34126,8.5
34127,-0.75
34128,6.75
34129,8.5
34130,8.5
34131,21.0
34132,0.25
34133,-0.25
34134,0.75
34135,10.0
34136,3.25
34137,13.25
34138,-0.25
34139,13.25
34140,6.75
34141,-4.25
34142,9.0
34143,5.5
34144,-0.25
34145,8.25
34146,9.5
34147,7.25
34148,4.75
34149,13.5
34150,5.75
34151,8.0
34152,-0.25
34153,7.5
34154,7.5
34155,-0.25
34156,3.5
34157,1.25
34158,10.5
34159,-0.75
34160,11.5
34161,-0.25
34162,-3.75
34163,-0.75
34164,12.25
34165,1.75
34166,5.25
34167,6.75
34168,-2.75
34169,12.0
34170,0.75
34171,0.25
34172,-0.75
34173,12.75
34174,11.5
34175,12.25
34176,4.75
34177,0.75
34178,0.75
34179,8.25
34180,4.25
34181,14.0
34182,21.5
34183,-0.75
34184,7.75
34185,10.5
34186,-1.5
34187,4.25
34188,6.75
34189,-0.25
34190,5.25
34191,4.25
34192,-3.25
34193,13.75
34194,6.25
34195,-0.25
34196,0.75
34197,-3.25
34198,2.25
34199,-0.75
34200,3.25
34201,-0.25
34202,-17.25
34203,-1.75
34204,10.0
34205,-2.25
34206,8.0
34207,-1.25
34208,-1.0
34209,11.0
34210,2.0
34211,10.0
34212,20.0
34213,6.0
34214,9.25
34215,5.75
34216,11.25
34217,7.25
34218,-7.25
34219,-7.75
34220,7.25
34221,18.25
34222,1.0
34223,7.75
34224,-0.75
34225,0.75
34226,-0.75
34227,-1.25
34228,-0.75
34229,7.5
34230,16.0
34231,2.25
34232,0.75
34233,-8.5
34234,2.75
34235,15.5
34236,0.75
34237,-1.25
34238,11.5
34239,-3.75
34240,-0.25
34241,5.75
34242,9.75
34243,-7.25
34244,2.75
34245,-2.25
34246,7.25
34247,2.25
34248,0.25
34249,-0.25
34250,6.0
34251,12.5
34252,-2.0
34253,2.0
34254,10.0
34255,6.75
34256,-1.25
34257,6.0
34258,-0.25
34259,-5.25
34260,18.0
34261,4.75
34262,12.75
34263,17.75
34264,-0.75
34265,0.25
34266,7.5
34267,0.25
34268,14.25
34269,-18.25
34270,5.75
34271,0.25
34272,7.25
34273,-1.25
34274,2.75
34275,11.75
34276,0.75
34277,8.5
34278,-1.25
34279,2.75
34280,5.5
34281,3.75
34282,-0.75
