#{"t_start": 1788539743.7876291, "env_id": "None"}
r,l,t
125.0,5,2.409018
-25.0,2,2.414227
-25.0,2,2.419801
25.0,3,2.428039
-125.0,1,2.43102
25.0,3,2.439419
-25.0,2,2.445307
-75.0,1,2.448468
-75.0,1,2.451231
-125.0,1,2.454051
-75.0,1,2.456888
-25.0,2,2.462331
25.0,3,2.470146
-25.0,2,2.477822
-75.0,1,2.481066
-25.0,2,2.486646
75.0,4,2.497225
-125.0,1,2.500302
-75.0,1,2.503525
-25.0,2,2.509691
75.0,3,2.51817
-75.0,1,2.521072
75.0,3,2.52944
-75.0,1,2.532372
375.0,6,2.550394
-425.0,6,2.566669
-75.0,1,2.569829
25.0,3,2.578438
475.0,7,2.597179
-25.0,2,2.603044
-75.0,1,2.60621
-75.0,1,2.60905
25.0,3,2.616193
-25.0,2,2.621718
75.0,3,2.630788
-75.0,1,2.633542
-125.0,1,2.636576
-75.0,1,2.639697
375.0,6,2.6563
-75.0,1,2.659561
-75.0,1,2.66265
25.0,3,2.670917
-75.0,1,2.673987
-75.0,1,2.676968
75.0,3,2.685822
-75.0,1,2.688904
-25.0,2,2.694427
175.0,4,2.705122
-75.0,1,2.707872
-75.0,1,2.710715
-25.0,2,2.716283
-25.0,2,2.721441
-25.0,2,2.726551
175.0,4,2.7368
175.0,4,2.746975
-25.0,2,2.752261
-75.0,1,2.755606
-75.0,1,2.759342
-25.0,2,2.764809
575.0,14,2.80047
-75.0,1,2.803239
-75.0,1,2.806161
-125.0,1,2.809251
125.0,5,2.82209
-75.0,1,2.824957
-75.0,1,2.827716
-125.0,1,2.830431
-75.0,1,2.833396
25.0,3,2.841006
-25.0,2,2.846237
-75.0,1,2.849021
-25.0,2,2.854575
-25.0,2,2.859884
-125.0,1,2.862472
-25.0,2,2.867846
75.0,4,2.877959
-125.0,1,2.880853
-25.0,2,2.886531
25.0,3,2.894972
-75.0,1,2.898633
-25.0,2,2.904655
-75.0,1,2.907897
-25.0,2,2.913853
-75.0,1,2.91705
-125.0,1,2.920223
-25.0,2,2.925603
-75.0,1,2.928634
-25.0,2,2.934309
-25.0,2,2.939693
-125.0,1,2.942535
-75.0,1,2.945416
-75.0,1,2.948262
-75.0,1,2.951105
-75.0,1,2.953903
-25.0,2,2.959214
-75.0,1,2.962159
-25.0,2,2.967734
-25.0,2,2.973426
-75.0,1,2.976315
-75.0,1,2.979223
-75.0,1,2.982213
-75.0,1,2.985034
-25.0,2,2.990672
-75.0,1,2.99371
-125.0,1,2.996847
75.0,4,3.007856
-75.0,1,3.010779
75.0,4,3.020805
-25.0,2,3.026046
25.0,3,3.033669
-125.0,1,3.036666
-75.0,1,3.039843
-25.0,2,3.045234
25.0,3,3.05292
-25.0,2,3.058337
-75.0,1,3.060997
-25.0,2,3.066133
-75.0,1,3.068733
-25.0,2,3.073768
-75.0,1,3.076523
175.0,6,3.091301
-75.0,1,3.094182
-25.0,2,3.099875
75.0,4,3.111038
-75.0,1,3.113628
-125.0,1,3.116271
-75.0,1,3.118812
75.0,4,3.128541
-25.0,2,3.133744
-75.0,1,3.136481
-25.0,2,3.141771
-25.0,2,3.147043
-125.0,1,3.149772
-125.0,1,3.152506
-25.0,2,3.157817
-75.0,1,3.160449
-25.0,2,3.165453
-75.0,1,3.168117
75.0,4,3.177876
-75.0,1,3.180566
-25.0,2,3.185985
-25.0,2,3.190904
25.0,3,3.198462
-25.0,2,3.203655
-75.0,1,3.206229
175.0,6,3.220933
-25.0,2,3.225958
-25.0,2,3.230993
-75.0,1,3.233761
-75.0,1,3.236515
-25.0,2,3.241863
-75.0,1,3.244544
75.0,4,3.254348
-75.0,1,3.25737
25.0,3,3.264905
-25.0,2,3.270032
-75.0,1,3.272756
-75.0,1,3.275415
-75.0,1,3.278175
-75.0,1,3.280957
-25.0,2,3.286127
75.0,3,3.293781
75.0,4,3.303715
-75.0,1,3.306875
75.0,4,3.317741
-75.0,1,3.320463
-75.0,1,3.323088
-75.0,1,3.325765
-75.0,1,3.328419
75.0,4,3.338337
-75.0,1,3.341416
-75.0,1,3.344446
-75.0,1,3.347173
-25.0,2,3.352248
-75.0,1,3.354892
-25.0,2,3.360564
-75.0,1,3.363661
75.0,4,3.374268
-75.0,1,3.377046
-125.0,1,3.379793
-125.0,1,3.382567
-25.0,2,3.387889
-25.0,2,3.393159
-125.0,1,3.396084
-75.0,1,3.398833
-25.0,2,3.404634
-125.0,1,3.407727
75.0,4,3.417956
-75.0,1,3.420509
-75.0,1,3.423301
-25.0,2,3.428452
25.0,3,3.435848
-25.0,2,3.441098
25.0,3,3.448676
-25.0,2,3.453893
-25.0,2,3.459024
-75.0,1,3.461731
175.0,6,3.477417
-75.0,1,3.480247
-25.0,2,3.485399
-25.0,2,3.490728
-125.0,1,3.493918
-75.0,1,3.496942
-75.0,1,3.499852
-75.0,1,3.502544
25.0,3,3.510625
-75.0,1,3.51355
25.0,3,3.521472
25.0,3,3.529373
-25.0,2,3.534832
-225.0,4,3.546498
-75.0,1,3.549192
-25.0,2,3.554301
-75.0,1,3.55695
75.0,4,3.566914
-25.0,2,3.572093
-75.0,1,3.574922
-25.0,2,3.580126
-75.0,1,3.582903
-25.0,2,3.588136
-75.0,1,3.590845
75.0,3,3.598514
-75.0,1,3.601565
-75.0,1,3.604338
-75.0,1,3.607067
-25.0,2,3.612235
-25.0,2,3.617353
75.0,4,3.627234
75.0,3,3.63476
-75.0,1,3.63744
-75.0,1,3.640192
75.0,4,3.650488
-25.0,2,3.6558
-25.0,2,3.661055
-75.0,1,3.663773
-25.0,2,3.668788
-25.0,2,3.673907
175.0,6,3.688848
175.0,6,3.70306
-75.0,1,3.705631
-25.0,2,3.710384
-25.0,2,3.715463
75.0,4,3.725209
-125.0,1,3.728059
125.0,5,3.740444
-25.0,2,3.745439
125.0,5,3.75809
-75.0,1,3.760978
-25.0,2,3.766174
75.0,4,4.441038
125.0,5,4.454295
75.0,1,4.457425
-125.0,1,4.46049
-75.0,1,4.463463
-25.0,2,4.469006
25.0,3,4.477893
-75.0,1,4.481018
-75.0,1,4.483948
-75.0,1,4.486958
-75.0,1,4.48992
-25.0,2,4.495744
75.0,3,4.504875
475.0,7,4.527453
-25.0,2,4.533809
25.0,3,4.544034
-25.0,2,4.55849
-25.0,2,4.571545
25.0,3,4.589761
75.0,4,4.613095
-25.0,2,4.625257
-75.0,1,4.631473
75.0,3,4.649149
-125.0,3,4.66726
225.0,7,4.688863
-25.0,2,4.694869
-75.0,1,4.699065
75.0,4,4.713212
175.0,4,4.727815
25.0,3,4.736518
-25.0,2,4.741612
175.0,6,4.756999
25.0,3,4.764513
-25.0,2,4.769805
-25.0,2,4.774818
-75.0,1,4.778029
25.0,3,4.785861
125.0,5,4.799512
-25.0,2,4.805028
-25.0,2,4.810325
-125.0,1,4.813045
-25.0,2,4.818369
25.0,3,4.826026
-25.0,2,4.831091
75.0,4,4.840951
275.0,8,4.86024
225.0,7,4.877759
25.0,3,4.885474
25.0,3,4.892856
-75.0,1,4.895655
-25.0,2,4.900981
-125.0,3,4.908551
-75.0,1,4.911826
-75.0,1,4.914664
25.0,3,4.922832
75.0,4,4.933203
275.0,8,4.955608
-75.0,1,4.958474
25.0,3,4.966372
-75.0,1,4.969183
-25.0,2,4.97436
75.0,4,4.984878
-25.0,2,4.989899
-75.0,1,4.992611
-75.0,1,4.995201
-75.0,1,4.998044
-25.0,2,5.003983
-75.0,1,5.006881
25.0,3,5.01499
275.0,5,5.031325
-125.0,1,5.034751
-25.0,2,5.040159
-75.0,1,5.042723
-25.0,2,5.047939
-25.0,2,5.053785
125.0,5,5.066628
-75.0,1,5.069649
225.0,7,5.087967
-75.0,1,5.090789
-75.0,1,5.093664
-75.0,1,5.096463
-75.0,1,5.099286
-125.0,1,5.102288
25.0,3,5.109974
75.0,3,5.117799
-75.0,1,5.120402
25.0,3,5.12788
125.0,5,5.140177
-25.0,2,5.145206
-25.0,2,5.150352
-75.0,1,5.153144
175.0,4,5.162982
-25.0,2,5.168389
275.0,8,5.188001
25.0,3,5.195719
-125.0,1,5.198751
-75.0,1,5.201811
-75.0,1,5.204517
25.0,3,5.212765
-75.0,1,5.215519
125.0,5,5.228457
-25.0,2,5.233865
-75.0,1,5.236575
-75.0,1,5.239278
-25.0,2,5.244744
375.0,10,5.269225
175.0,6,5.283371
-75.0,1,5.285943
-25.0,2,5.291034
75.0,1,5.294863
175.0,6,5.310511
-75.0,1,5.313155
-75.0,1,5.315884
-25.0,2,5.321304
-25.0,2,5.326786
-75.0,1,5.329511
-75.0,1,5.332389
-25.0,2,5.337686
75.0,3,5.345297
-25.0,2,5.350632
175.0,4,5.361103
-75.0,1,5.364442
-25.0,2,5.369915
-75.0,1,5.372781
175.0,6,5.38771
-75.0,1,5.390418
-25.0,2,5.395491
-75.0,1,5.39815
275.0,8,5.418474
-75.0,1,5.42143
-25.0,2,5.426834
75.0,1,5.429787
-25.0,2,5.434947
-25.0,2,5.440012
175.0,4,5.450238
-25.0,2,5.455369
25.0,3,5.463008
-75.0,1,5.465729
-75.0,1,5.468434
-75.0,1,5.471294
-75.0,1,5.47438
225.0,7,5.492693
-25.0,2,5.49822
25.0,3,5.506194
25.0,3,5.515225
25.0,3,5.524712
-25.0,2,5.531207
-75.0,1,5.534255
-75.0,1,5.537134
-75.0,1,5.540406
775.0,10,5.566758
-25.0,2,5.572731
-75.0,1,5.575835
-25.0,2,5.581282
-25.0,2,5.586727
-25.0,2,5.59212
75.0,4,5.602696
25.0,3,5.61086
-25.0,2,5.616399
75.0,4,5.627102
-75.0,1,5.629998
-75.0,1,5.632944
25.0,3,5.640865
-25.0,2,5.646281
-25.0,2,5.651793
-25.0,2,5.657116
-75.0,1,5.660028
-25.0,2,5.6655
-75.0,1,5.668695
-75.0,1,5.671762
75.0,4,5.682265
25.0,3,5.690286
-25.0,2,5.695723
25.0,3,5.703547
75.0,4,5.713763
-75.0,1,5.716484
-75.0,1,5.719391
-25.0,2,5.724663
75.0,3,5.732085
-25.0,2,5.737351
-75.0,1,5.740186
25.0,3,5.748017
-75.0,1,5.750525
-25.0,2,5.755249
175.0,4,5.764268
-125.0,1,5.76678
375.0,10,5.793559
-25.0,2,5.799213
75.0,4,5.810666
-25.0,2,5.816637
-75.0,1,5.819678
-25.0,2,5.825416
25.0,3,5.834373
-25.0,2,5.840193
-75.0,1,5.843322
-25.0,2,5.849733
-75.0,1,5.852736
-75.0,1,5.855777
25.0,3,5.86363
-75.0,1,5.866399
25.0,3,5.874416
-25.0,2,5.879808
-75.0,1,5.882551
25.0,3,5.890188
125.0,5,6.221523
575.0,8,6.242237
-75.0,1,6.245119
75.0,1,6.247995
-75.0,1,6.250909
75.0,4,6.261481
-25.0,2,6.2669
75.0,4,6.277123
375.0,10,6.303446
25.0,3,6.311864
125.0,5,6.32475
275.0,8,6.345255
-25.0,2,6.350863
-125.0,1,6.353699
-75.0,1,6.356684
175.0,4,6.368059
75.0,4,6.378719
375.0,10,6.404047
525.0,13,6.436795
25.0,3,6.444143
75.0,4,6.454294
375.0,7,6.470978
425.0,11,6.499787
125.0,5,6.514304
75.0,4,6.524801
-125.0,1,6.527677
525.0,7,6.548485
325.0,9,6.571376
25.0,3,6.579022
-25.0,2,6.58415
175.0,6,6.599253
-25.0,2,6.60423
75.0,4,6.614017
-75.0,1,6.61693
275.0,8,6.636609
75.0,4,6.646469
-25.0,2,6.651928
825.0,19,6.699256
75.0,4,6.709463
75.0,3,6.717193
175.0,6,6.73315
275.0,5,6.745644
-75.0,1,6.748451
-75.0,1,6.751352
275.0,8,6.770744
-325.0,5,6.783323
-25.0,2,6.788629
375.0,10,6.812991
-25.0,2,6.818167
-75.0,1,6.821093
-25.0,2,6.826428
-25.0,2,6.831516
-75.0,1,6.834358
175.0,6,6.849531
-75.0,1,6.852393
175.0,6,6.866708
75.0,1,6.869185
375.0,10,6.895231
275.0,8,6.91603
-125.0,1,6.918877
-25.0,2,6.924176
775.0,18,6.972446
25.0,3,6.980029
225.0,7,6.997948
475.0,7,7.015336
-25.0,2,7.020619
375.0,6,7.035368
25.0,3,7.04325
225.0,7,7.061565
-75.0,1,7.064925
475.0,7,7.082738
25.0,3,7.090244
75.0,3,7.097466
25.0,3,7.104427
225.0,7,7.12081
-75.0,1,7.123273
425.0,7,7.139248
-125.0,1,7.141883
75.0,3,7.148849
-75.0,1,7.151295
-75.0,1,7.153995
-25.0,2,7.158568
575.0,14,7.190284
25.0,3,7.197284
475.0,12,7.224801
25.0,3,7.232538
75.0,3,7.240005
25.0,3,7.246913
-75.0,1,7.249464
75.0,4,7.258643
-75.0,1,7.261181
-75.0,1,7.263723
125.0,5,7.275269
275.0,5,7.287483
25.0,3,7.295267
-25.0,2,7.300636
-25.0,2,7.305737
25.0,3,7.314363
25.0,3,7.322232
225.0,7,7.338607
75.0,3,7.345781
-525.0,10,7.369557
275.0,8,7.388575
475.0,12,7.418372
175.0,6,7.433501
-25.0,2,7.438594
-75.0,1,7.441432
275.0,8,7.461422
25.0,3,7.468993
-25.0,2,7.473729
-75.0,1,7.47671
25.0,3,7.484472
-75.0,1,7.487156
-75.0,1,7.489825
125.0,5,7.502318
75.0,4,7.513478
-25.0,2,7.81751
475.0,12,7.849175
-25.0,2,7.854682
625.0,15,7.894672
225.0,7,7.916081
-25.0,2,7.921742
-125.0,1,7.924793
25.0,3,7.932852
125.0,5,7.946863
-75.0,1,7.949737
275.0,8,7.970691
225.0,7,7.988544
25.0,3,7.996329
75.0,4,8.007033
225.0,7,8.025192
25.0,3,8.033026
375.0,10,8.058024
275.0,8,8.078508
75.0,4,8.091571
-75.0,1,8.094451
75.0,4,8.104679
875.0,20,8.153677
-25.0,2,8.158662
25.0,3,8.166557
75.0,3,8.174487
75.0,4,8.184414
375.0,10,8.210351
125.0,5,8.222573
-25.0,2,8.227483
75.0,4,8.237456
-75.0,1,8.240295
-75.0,1,8.242758
75.0,4,8.254165
25.0,3,8.261547
175.0,6,8.276286
75.0,4,8.285866
-75.0,1,8.288674
75.0,4,8.299944
-75.0,1,8.302636
725.0,17,8.344852
-25.0,2,8.350737
175.0,6,8.3684
475.0,12,8.39892
25.0,3,8.407907
675.0,9,8.430896
-25.0,2,8.436063
-75.0,1,8.439412
-25.0,2,8.445192
-25.0,2,8.450601
575.0,8,8.470277
425.0,11,8.49847
25.0,3,8.506297
-75.0,1,8.509553
-75.0,1,8.512606
725.0,17,8.558353
125.0,5,8.570943
475.0,12,8.600458
375.0,6,8.615652
75.0,4,8.625914
-75.0,1,8.628635
775.0,10,8.652215
625.0,13,8.682529
-525.0,7,8.699503
-75.0,1,8.702367
-25.0,2,8.70774
325.0,9,8.730418
-75.0,1,8.733206
475.0,12,8.76247
-75.0,1,8.765262
-75.0,1,8.767978
75.0,4,8.777941
625.0,15,8.8135
-25.0,2,8.818442
-625.0,8,8.836899
25.0,3,8.84428
-25.0,2,8.849596
225.0,7,8.868816
325.0,9,8.89297
-75.0,1,8.895529
175.0,6,8.910459
-625.0,8,8.930017
175.0,4,8.94025
25.0,3,8.947932
25.0,3,8.95552
125.0,5,8.96821
175.0,4,8.978355
75.0,4,8.988188
75.0,4,8.997466
-75.0,1,9.000198
25.0,3,9.007529
-125.0,1,9.01021
-25.0,2,9.015329
625.0,15,9.052231
75.0,3,9.059185
900.0,18,9.104541
-25.0,2,9.109977
-25.0,2,9.115376
25.0,3,9.122821
-25.0,2,9.128242
1375.0,16,9.483209
-25.0,2,9.489084
75.0,4,9.501267
925.0,21,9.565844
175.0,6,9.58138
75.0,4,9.592115
425.0,11,9.620546
-25.0,2,9.626004
275.0,5,9.639827
175.0,6,9.655472
125.0,5,9.668201
75.0,4,9.678408
475.0,7,9.695219
-25.0,2,9.701025
-25.0,2,9.706191
-75.0,1,9.708845
-25.0,2,9.714049
75.0,4,9.724342
275.0,8,9.743952
125.0,5,9.756016
475.0,7,9.771974
1075.0,24,9.82962
475.0,12,9.860057
-125.0,1,9.862805
25.0,3,9.870416
175.0,6,9.885766
25.0,3,9.893409
-75.0,1,9.89618
75.0,3,9.904269
575.0,14,9.938094
-25.0,2,9.94297
125.0,5,9.955057
-25.0,2,9.9602
-75.0,1,9.962903
325.0,9,9.984771
375.0,10,10.009213
25.0,3,10.017029
375.0,10,10.041782
375.0,10,10.065058
125.0,5,10.077492
75.0,4,10.087536
-75.0,1,10.090127
75.0,4,10.100828
-75.0,1,10.103742
-125.0,3,10.111298
575.0,14,10.14676
25.0,3,10.154293
25.0,3,10.161845
275.0,8,10.181553
375.0,6,10.196383
-75.0,1,10.199041
225.0,7,10.21708
175.0,6,10.231838
225.0,7,10.248952
75.0,3,10.256067
25.0,3,10.26338
-125.0,1,10.265956
125.0,5,10.278004
675.0,16,10.319048
175.0,4,10.329599
175.0,6,10.344569
675.0,9,10.369563
-25.0,2,10.377187
-25.0,2,10.38529
-25.0,2,10.391468
-25.0,2,10.397026
75.0,4,10.408409
25.0,3,10.416928
75.0,4,10.427566
175.0,6,10.442962
-25.0,2,10.448175
775.0,18,10.495745
-75.0,1,10.49854
-25.0,2,10.503873
125.0,5,10.517819
275.0,8,10.540406
-25.0,2,10.547004
25.0,3,10.555456
575.0,8,10.580381
225.0,7,10.600604
25.0,3,10.609876
-75.0,1,10.613063
125.0,5,10.627641
275.0,8,10.649561
-25.0,2,10.655173
-75.0,1,10.658099
75.0,4,10.668569
225.0,7,10.687121
75.0,4,10.697704
925.0,21,10.750036
700.0,23,11.112938
575.0,14,11.149784
275.0,8,11.169666
975.0,22,11.224362
775.0,10,11.249715
1025.0,23,11.308481
175.0,6,11.324409
25.0,3,11.33203
325.0,9,11.354455
225.0,7,11.372564
-25.0,2,11.378082
75.0,4,11.38868
525.0,13,11.422421
-75.0,1,11.425014
375.0,10,11.448786
-75.0,1,11.451451
225.0,7,11.469242
-25.0,2,11.475394
-125.0,1,11.478491
75.0,4,11.488772
-75.0,1,11.491523
425.0,11,11.520171
75.0,4,11.53178
-325.0,5,11.54627
475.0,12,11.575965
125.0,5,11.589304
175.0,6,11.604234
75.0,4,11.614338
75.0,4,11.624788
125.0,5,11.637607
725.0,17,11.678766
25.0,3,11.686366
175.0,6,11.700895
-75.0,1,11.703447
1275.0,28,11.774127
-325.0,17,11.816176
125.0,5,11.828727
325.0,9,11.851508
-25.0,2,11.856647
275.0,5,11.869146
-75.0,1,11.871972
175.0,4,11.882321
-75.0,1,11.885149
275.0,8,11.905521
-125.0,3,11.913347
-25.0,2,11.918643
275.0,8,11.938895
225.0,7,11.956383
75.0,4,11.966794
-75.0,1,11.969839
125.0,5,11.982881
275.0,8,12.0024
-75.0,1,12.005203
-25.0,2,12.010388
475.0,7,12.027775
25.0,3,12.035289
625.0,15,12.070412
75.0,4,12.080297
375.0,10,12.104729
775.0,18,12.149352
-25.0,2,12.154888
-75.0,1,12.157812
25.0,3,12.165565
225.0,7,12.183225
225.0,7,12.201341
25.0,3,12.209107
-925.0,11,12.236662
575.0,14,12.272715
-75.0,1,12.275696
125.0,5,12.288191
225.0,7,12.306413
25.0,3,12.314604
75.0,4,12.32528
375.0,10,12.349814
125.0,5,12.362621
-75.0,1,12.365745
-125.0,1,12.36871
-25.0,2,12.374484
-75.0,1,12.377245
-25.0,2,12.382859
-75.0,1,12.385862
-75.0,1,12.388665
-25.0,2,12.730062
125.0,5,12.742742
25.0,3,12.750354
-75.0,1,12.752951
-75.0,1,12.755546
775.0,10,12.780902
-25.0,2,12.786151
75.0,3,12.793886
575.0,14,12.829893
475.0,12,12.859952
675.0,16,12.899806
175.0,6,12.915278
25.0,3,12.923412
575.0,14,12.958482
375.0,10,12.984474
-125.0,3,12.992507
475.0,12,13.02251
375.0,10,13.048182
125.0,5,13.061196
-75.0,1,13.063974
4075.0,43,13.167715
225.0,7,13.185995
-375.0,4,13.197256
-125.0,1,13.200088
625.0,15,13.238182
675.0,16,13.277085
-75.0,1,13.280069
775.0,18,13.325954
425.0,11,13.352609
625.0,15,13.390734
175.0,6,13.405949
1075.0,13,13.437466
125.0,5,13.449146
-25.0,2,13.454278
125.0,5,13.465791
75.0,4,13.475472
175.0,6,13.492192
175.0,6,13.507899
875.0,20,13.562731
-125.0,1,13.565562
1175.0,26,13.630934
-75.0,1,13.633444
-25.0,2,13.638301
75.0,1,13.640916
-75.0,1,13.643467
175.0,6,13.659131
75.0,4,13.671061
275.0,8,13.692602
-75.0,1,13.6957
325.0,9,13.718891
425.0,11,13.747722
75.0,4,13.757315
575.0,14,13.789829
225.0,7,13.807562
125.0,5,13.820251
425.0,11,13.84627
175.0,6,13.860538
275.0,8,13.879239
125.0,5,13.891085
75.0,3,13.899319
875.0,11,13.926364
975.0,22,13.978891
-25.0,2,13.984109
-75.0,1,13.986822
475.0,7,14.004011
-75.0,1,14.006899
475.0,7,14.303623
25.0,3,14.311674
575.0,14,14.345568
125.0,5,14.357525
825.0,19,14.402932
-1025.0,12,14.435566
675.0,16,14.486722
1275.0,28,14.5725
175.0,6,14.588238
575.0,8,14.611139
-75.0,1,14.614163
75.0,4,14.628823
525.0,13,14.709655
-25.0,2,14.721842
-75.0,1,14.728049
25.0,3,14.745596
-75.0,1,14.752093
125.0,5,14.77205
425.0,11,14.811192
1025.0,23,14.881898
75.0,4,14.89176
-25.0,2,14.89761
125.0,5,14.910449
1225.0,15,14.948363
-25.0,2,14.953288
675.0,16,14.990979
-75.0,1,14.993649
725.0,17,15.035193
75.0,4,15.044673
-25.0,2,15.049781
25.0,3,15.057392
125.0,5,15.06948
125.0,5,15.081366
-75.0,1,15.084038
425.0,11,15.111406
-25.0,2,15.116822
-525.0,7,15.134973
275.0,8,15.155337
-75.0,1,15.158308
-25.0,2,15.163784
725.0,17,15.207828
125.0,5,15.221222
725.0,17,15.264643
175.0,6,15.279387
425.0,11,15.307388
-25.0,2,15.313554
125.0,5,15.326222
-25.0,2,15.331311
-25.0,2,15.336484
-1225.0,14,15.370818
675.0,9,15.394411
275.0,5,15.407537
75.0,4,15.418443
25.0,3,15.425892
75.0,3,15.433264
-75.0,1,15.435913
375.0,6,15.450726
375.0,10,15.474128
275.0,8,15.494625
225.0,7,15.515075
-75.0,1,15.518497
225.0,7,15.537109
425.0,11,15.567174
-75.0,1,15.570264
25.0,3,15.578347
-25.0,2,15.584599
175.0,6,15.602494
25.0,3,15.611214
-25.0,2,15.616771
125.0,5,15.63045
75.0,4,15.641558
1225.0,27,15.711347
-25.0,2,15.716645
25.0,3,15.724594
375.0,10,16.055644
375.0,10,16.079121
125.0,5,16.092967
-75.0,1,16.095707
325.0,9,16.118667
175.0,6,16.132261
425.0,11,16.1585
25.0,3,16.165627
275.0,8,16.184448
175.0,6,16.199957
1125.0,17,16.246513
175.0,6,16.266546
275.0,5,16.281619
-75.0,1,16.285052
-75.0,1,16.28804
-325.0,5,16.304032
900.0,18,16.350851
525.0,13,16.38455
775.0,10,16.411286
175.0,6,16.426407
-925.0,11,16.454362
75.0,4,16.464803
175.0,6,16.480428
1575.0,34,16.57691
675.0,16,16.616221
25.0,3,16.624353
-25.0,2,16.629632
2375.0,26,16.69552
-2125.0,23,16.754048
1250.0,25,16.81724
275.0,5,16.829128
575.0,8,16.849358
75.0,4,16.859257
75.0,4,16.868773
975.0,22,16.921108
75.0,4,16.930923
525.0,13,16.963096
125.0,5,16.975275
1325.0,23,17.032218
475.0,12,17.062675
325.0,9,17.08485
25.0,3,17.09233
175.0,6,17.107308
525.0,13,17.138221
-75.0,1,17.141511
-25.0,2,17.147285
-75.0,1,17.150099
575.0,8,17.169718
-75.0,1,17.172492
175.0,6,17.187434
25.0,3,17.194853
1100.0,22,17.25086
-75.0,1,17.253773
-75.0,1,17.256709
1075.0,13,17.290496
275.0,8,17.311595
25.0,3,17.319515
175.0,6,17.334706
25.0,3,17.342227
175.0,4,17.35157
2575.0,28,17.747252
25.0,3,17.754626
125.0,5,17.767302
1050.0,21,17.817696
475.0,7,17.834983
25.0,3,17.843023
75.0,4,17.853268
575.0,14,17.887768
175.0,6,17.903108
175.0,6,17.919033
575.0,8,17.940231
75.0,4,17.951086
75.0,3,17.958954
25.0,3,17.967086
75.0,1,17.969903
225.0,7,17.988295
375.0,10,18.013985
475.0,7,18.0328
375.0,10,18.059081
-25.0,2,18.064644
325.0,9,18.088009
625.0,15,18.13172
-25.0,2,18.137953
-75.0,1,18.140656
675.0,16,18.181106
1050.0,21,18.233005
1675.0,19,18.283514
75.0,4,18.293958
1225.0,27,18.361839
475.0,12,18.391573
825.0,19,18.438795
75.0,4,18.448553
275.0,8,18.470423
925.0,21,18.525435
-25.0,2,18.531467
575.0,14,18.569428
375.0,10,18.593897
375.0,10,18.617475
1075.0,24,18.675633
175.0,4,18.685657
-75.0,1,18.6885
525.0,13,18.719615
675.0,16,18.757912
-25.0,2,18.763081
75.0,4,18.773676
675.0,16,18.812321
75.0,4,18.821976
375.0,10,18.845286
75.0,4,18.854896
125.0,5,18.866915
675.0,16,18.904546
775.0,18,18.948053
375.0,10,18.973166
375.0,10,19.277859
125.0,5,19.293122
-25.0,2,19.298826
-25.0,2,19.304665
175.0,6,19.32117
175.0,6,19.336236
175.0,6,19.350664
325.0,9,19.373336
-25.0,2,19.378795
1975.0,22,19.437483
175.0,4,19.449841
125.0,5,19.464334
25.0,3,19.472703
475.0,12,19.505404
275.0,8,19.530174
325.0,9,19.559314
175.0,6,19.575245
275.0,8,19.595794
-25.0,2,19.601255
225.0,7,19.619742
-25.0,2,19.625236
675.0,16,19.66539
575.0,20,19.716605
175.0,6,19.732456
525.0,7,19.750243
1275.0,28,19.818303
875.0,11,19.844205
225.0,7,19.860796
275.0,8,19.879541
-125.0,1,19.882287
25.0,3,19.889615
775.0,18,19.932521
175.0,6,19.946771
-75.0,1,19.94957
175.0,6,19.964164
25.0,3,19.971524
2075.0,23,20.027565
1275.0,28,20.095912
75.0,4,20.106476
875.0,20,20.154913
575.0,8,20.174177
425.0,11,20.200984
325.0,9,20.223619
25.0,3,20.231393
175.0,6,20.245686
-75.0,1,20.24821
75.0,4,20.257366
2175.0,24,20.320105
875.0,20,20.369827
1175.0,14,20.406941
575.0,14,20.443289
325.0,9,20.465386
2875.0,31,20.546953
125.0,5,20.560431
75.0,1,20.563399
525.0,13,20.905163
175.0,6,20.92038
75.0,4,20.930552
475.0,7,20.948171
25.0,3,20.956092
1575.0,34,21.040509
475.0,12,21.070995
-25.0,2,21.07657
125.0,5,21.090378
475.0,12,21.122041
75.0,4,21.133343
625.0,15,21.172734
275.0,8,21.19353
275.0,8,21.214703
175.0,4,21.225217
1475.0,17,21.26943
375.0,6,21.285259
25.0,3,21.293519
75.0,4,21.305794
25.0,3,21.319159
425.0,11,21.347969
2400.0,48,21.467368
25.0,3,21.475118
275.0,8,21.495605
425.0,11,21.524459
25.0,3,21.532636
-75.0,1,21.535637
275.0,8,21.558036
425.0,11,21.585205
-25.0,2,21.590563
25.0,3,21.598083
525.0,13,21.630008
175.0,6,21.644632
25.0,3,21.652453
-125.0,1,21.65511
1875.0,21,21.703873
825.0,19,21.751204
75.0,3,21.758551
425.0,11,21.784224
2075.0,23,21.839614
-25.0,2,21.84473
775.0,10,21.868849
-25.0,2,21.873838
225.0,7,21.890349
425.0,11,21.915957
125.0,5,21.927657
25.0,3,21.935058
475.0,10,21.960013
-325.0,5,21.972416
75.0,4,21.982518
175.0,6,21.997923
875.0,20,22.048533
25.0,3,22.056739
375.0,10,22.081524
-75.0,1,22.084329
25.0,3,22.091521
-725.0,9,22.114546
675.0,9,22.136209
475.0,12,22.165247
475.0,12,22.511554
75.0,4,22.522751
1050.0,21,22.57797
425.0,11,22.605803
525.0,13,22.636999
-75.0,1,22.639714
525.0,13,22.67143
1500.0,30,22.745405
-25.0,2,22.750979
825.0,19,22.798623
-25.0,2,22.804234
725.0,17,22.847285
275.0,8,22.867675
525.0,13,22.900439
875.0,20,22.951952
275.0,8,22.972253
1025.0,23,23.030677
2150.0,43,23.136223
425.0,11,23.162914
-75.0,1,23.165654
125.0,5,23.177907
75.0,4,23.188843
225.0,7,23.206964
175.0,6,23.222123
125.0,5,23.234222
-75.0,1,23.236836
375.0,6,23.256552
25.0,3,23.265673
1425.0,31,23.350793
825.0,19,23.398229
375.0,10,23.423057
625.0,15,23.459311
325.0,33,23.542963
1050.0,21,23.595103
-25.0,2,23.600268
875.0,20,23.64941
-75.0,1,23.65218
425.0,11,23.678733
-25.0,2,23.683932
1050.0,21,23.735078
-25.0,2,23.740364
1650.0,27,24.114281
325.0,9,24.137064
25.0,3,24.144969
75.0,3,24.152512
1175.0,26,24.217526
25.0,3,24.226462
475.0,12,24.258891
75.0,4,24.268918
25.0,3,24.276703
425.0,11,24.305292
900.0,18,24.350188
825.0,19,24.398553
375.0,10,24.42525
725.0,17,24.470282
25.0,3,24.478703
1125.0,25,24.559501
1400.0,28,24.63104
1350.0,27,24.696861
725.0,17,24.738821
-25.0,2,24.744158
675.0,16,24.7843
-125.0,1,24.787369
1375.0,30,24.862289
-75.0,1,24.865106
2875.0,31,24.940341
-75.0,1,24.943086
225.0,7,24.960392
325.0,9,24.982763
-325.0,5,24.996057
75.0,4,25.007236
1275.0,28,25.078737
775.0,10,25.103496
75.0,4,25.113507
975.0,22,25.167487
1075.0,24,25.231773
175.0,6,25.246891
625.0,15,25.282898
125.0,5,25.295152
175.0,6,25.31104
75.0,4,25.321755
75.0,4,25.331726
475.0,12,25.361145
525.0,13,25.39493
275.0,8,25.73788
1025.0,23,25.797359
25.0,3,25.805735
325.0,9,25.828176
425.0,11,25.854681
1625.0,35,25.936976
75.0,4,25.946825
1050.0,21,25.997306
-75.0,1,26.000172
525.0,13,26.032554
125.0,5,26.045146
625.0,15,26.081499
125.0,5,26.09477
125.0,5,26.10796
-75.0,1,26.110976
325.0,9,26.133455
-125.0,1,26.136506
75.0,3,26.144994
475.0,12,26.177236
275.0,8,26.197114
425.0,9,26.220245
325.0,9,26.242798
675.0,16,26.281473
375.0,10,26.306997
1825.0,26,26.375128
225.0,7,26.394077
1775.0,38,26.488515
225.0,7,26.50576
-75.0,1,26.50832
1000.0,18,26.554504
75.0,4,26.565108
875.0,20,26.614327
1775.0,20,26.66422
125.0,5,26.676785
75.0,4,26.686515
125.0,5,26.698487
375.0,10,26.722678
-1625.0,18,26.764792
1975.0,22,26.817647
225.0,7,26.834803
275.0,5,26.847168
75.0,4,26.856856
125.0,5,26.868849
775.0,18,26.910235
25.0,3,26.917526
725.0,17,26.958021
325.0,9,26.979149
425.0,11,27.314103
725.0,17,27.357065
425.0,11,27.384426
375.0,10,27.410695
-625.0,8,27.431305
-25.0,2,27.436414
75.0,4,27.446198
725.0,17,27.486215
125.0,5,27.498517
325.0,9,27.520983
625.0,15,27.559674
-25.0,2,27.56467
1000.0,20,27.613646
275.0,5,27.62588
775.0,18,27.670995
-75.0,1,27.673769
625.0,15,27.709365
575.0,14,27.742663
1075.0,24,27.800055
225.0,7,27.818817
-75.0,1,27.821558
125.0,5,27.835126
325.0,9,27.858181
725.0,17,27.900386
25.0,3,27.908241
-25.0,2,27.913593
725.0,15,27.951111
575.0,8,27.971529
275.0,8,27.991152
125.0,5,28.004005
175.0,6,28.019518
375.0,10,28.044471
825.0,19,28.094361
825.0,19,28.140337
-125.0,3,28.148423
625.0,15,28.184646
2225.0,47,28.29557
275.0,5,28.30884
75.0,4,28.319524
325.0,9,28.341875
1025.0,23,28.398821
1525.0,33,28.482732
475.0,12,28.51187
-25.0,2,28.517892
625.0,15,28.559268
25.0,3,28.566934
775.0,10,28.89475
1250.0,25,28.955269
575.0,14,28.986686
75.0,4,28.996439
725.0,17,29.039238
-75.0,1,29.042618
1325.0,29,29.110961
25.0,3,29.118162
375.0,6,29.131929
1750.0,35,29.211516
175.0,4,29.22089
725.0,17,29.260038
1200.0,24,29.31875
625.0,15,29.354175
675.0,9,29.37616
900.0,18,29.418343
375.0,10,29.446137
-2025.0,22,29.504735
425.0,11,29.539181
25.0,3,29.549349
625.0,15,29.594563
1400.0,28,29.672456
875.0,20,29.731211
225.0,7,29.750801
-325.0,5,29.764571
75.0,4,29.776062
1475.0,32,29.858506
125.0,5,29.871294
725.0,17,29.913894
1075.0,24,29.971207
25.0,3,29.978863
325.0,9,30.003316
1525.0,33,30.083694
175.0,6,30.09831
-25.0,2,30.103415
425.0,11,30.130756
225.0,7,30.147789
975.0,22,30.516462
775.0,18,30.562307
1650.0,28,30.637275
575.0,8,30.658087
900.0,18,30.70281
-25.0,2,30.708
725.0,17,30.749556
925.0,21,30.800355
1775.0,30,30.890481
1375.0,30,31.002625
25.0,3,31.011806
675.0,16,31.061716
1425.0,31,31.139565
1075.0,24,31.197219
1125.0,25,31.256159
-25.0,2,31.261537
475.0,12,31.291027
1650.0,33,31.379044
-125.0,3,31.38722
1575.0,18,31.435406
-25.0,2,31.441102
25.0,3,31.449382
775.0,18,31.498114
1175.0,26,31.565503
225.0,7,31.582951
175.0,6,31.597511
-25.0,2,31.602391
425.0,11,31.629712
225.0,7,31.647467
-25.0,2,31.653058
125.0,5,31.665673
3500.0,35,31.748815
1075.0,24,31.806067
75.0,3,31.813309
1075.0,24,32.196186
625.0,15,32.23319
1825.0,39,32.328206
175.0,6,32.342965
2775.0,30,32.418239
425.0,11,32.446458
925.0,21,32.50217
1175.0,26,32.567345
1000.0,20,32.6156
-75.0,1,32.618702
875.0,20,32.667377
-25.0,2,32.672956
475.0,7,32.689869
975.0,22,32.74276
875.0,20,32.791767
925.0,21,32.841315
-75.0,1,32.84404
1500.0,30,32.922919
825.0,19,32.975945
925.0,21,33.031775
-3900.0,39,33.140171
-75.0,1,33.143163
-75.0,1,33.146245
375.0,10,33.171952
1550.0,31,33.261255
-25.0,2,33.2664
175.0,6,33.280966
225.0,7,33.29801
375.0,10,33.324317
125.0,5,33.337769
900.0,18,33.383665
1575.0,34,33.467746
775.0,18,33.840739
325.0,9,33.863225
2000.0,20,33.915889
1025.0,23,33.976472
1100.0,22,34.033839
675.0,16,34.074687
225.0,7,34.09393
225.0,7,34.112116
4200.0,42,34.217972
1175.0,26,34.284323
1925.0,41,34.396895
-75.0,1,34.399638
-25.0,2,34.405141
1350.0,27,34.480242
-1625.0,18,34.542297
325.0,9,34.569304
925.0,21,34.622567
1125.0,25,34.688267
975.0,22,34.743628
25.0,3,34.75177
1125.0,25,34.821666
75.0,4,34.832334
175.0,4,34.842823
25.0,3,34.850832
-75.0,1,34.853808
525.0,13,34.888007
675.0,16,34.928965
75.0,4,34.939102
1450.0,29,35.012923
775.0,18,35.058427
1675.0,36,35.148601
1050.0,21,35.549165
325.0,9,35.576973
275.0,8,35.599281
575.0,8,35.627766
525.0,10,35.655725
275.0,5,35.671235
175.0,6,35.687246
175.0,6,35.704716
775.0,10,35.730201
1275.0,28,35.806874
625.0,15,35.851007
125.0,5,35.863958
2375.0,50,35.990561
2700.0,27,36.061749
1350.0,27,36.129481
275.0,8,36.149724
125.0,5,36.162426
975.0,22,36.215923
625.0,15,36.255151
1975.0,22,36.310849
75.0,4,36.321198
25.0,3,36.329321
175.0,6,36.346229
-25.0,2,36.35202
75.0,3,36.360105
-75.0,1,36.363051
2675.0,56,36.516691
325.0,9,36.544329
-25.0,2,36.55051
-2225.0,24,36.615464
75.0,3,36.623646
975.0,12,36.654145
-75.0,1,36.657138
125.0,5,36.670614
225.0,7,36.689758
950.0,19,36.739646
1050.0,21,36.794405
-75.0,1,36.797261
2075.0,44,37.203845
-125.0,1,37.206598
-75.0,1,37.209372
2500.0,50,37.333982
1300.0,26,37.410569
-25.0,2,37.415983
3100.0,62,37.576077
375.0,10,37.60293
-1725.0,19,37.648026
2225.0,28,37.720001
75.0,4,37.729845
1325.0,29,37.811807
675.0,16,37.86622
1250.0,25,37.932925
-25.0,2,37.940183
1275.0,25,38.011177
25.0,3,38.019426
2575.0,28,38.093332
-25.0,2,38.098795
275.0,8,38.118672
525.0,13,38.152021
225.0,7,38.170372
-25.0,2,38.175764
475.0,12,38.205966
525.0,13,38.240047
-75.0,1,38.243396
-550.0,22,38.29941
75.0,1,38.302642
825.0,19,38.35062
1175.0,14,38.387224
1075.0,24,38.447346
175.0,6,38.463659
575.0,14,38.502431
325.0,9,38.525659
1200.0,24,38.905186
225.0,7,38.923708
625.0,15,38.960775
775.0,18,39.007995
825.0,13,39.043006
-75.0,1,39.046132
1300.0,26,39.117909
625.0,15,39.157711
1250.0,25,39.223094
-25.0,2,39.228795
2175.0,46,39.348815
2375.0,50,39.481891
125.0,5,39.496669
175.0,6,39.511173
1750.0,35,39.608229
2025.0,43,39.717346
725.0,17,39.758748
725.0,17,39.801657
275.0,8,39.823784
25.0,3,39.831921
1825.0,39,39.929645
425.0,11,39.957944
875.0,20,40.008492
-825.0,10,40.032999
725.0,17,40.075018
425.0,11,40.103303
1250.0,25,40.166034
1400.0,31,40.58575
25.0,3,40.593792
125.0,5,40.607829
75.0,3,40.616337
175.0,6,40.63317
25.0,3,40.641907
325.0,9,40.665681
725.0,17,40.714793
425.0,11,40.746593
25.0,3,40.754026
1550.0,31,40.833566
25.0,3,40.841342
-75.0,1,40.844118
2550.0,51,40.983616
125.0,5,41.000755
725.0,17,41.051681
325.0,9,41.077154
1050.0,21,41.132177
525.0,7,41.150352
125.0,5,41.16467
1050.0,21,41.220174
125.0,5,41.232696
-125.0,1,41.235703
625.0,15,41.274595
1325.0,29,41.379746
775.0,18,41.439134
25.0,3,41.44825
1450.0,29,41.53403
600.0,12,41.565933
225.0,7,41.584516
2200.0,22,41.643917
375.0,10,41.670354
-75.0,1,41.673223
3375.0,70,41.853709
525.0,13,41.88853
1200.0,24,42.283905
375.0,10,42.311271
1175.0,26,42.378461
175.0,6,42.394107
875.0,20,42.446405
625.0,15,42.483626
3600.0,36,42.575799
575.0,14,42.610813
75.0,4,42.621957
1875.0,40,42.723948
625.0,15,42.761642
2050.0,41,42.876705
1050.0,21,42.941212
1750.0,35,43.03556
175.0,6,43.051717
1700.0,34,43.137476
975.0,22,43.195232
75.0,4,43.206493
1775.0,38,43.308699
1175.0,26,43.38031
225.0,7,43.399822
-3000.0,30,43.482417
-1825.0,20,43.535692
425.0,11,43.564981
975.0,22,43.623997
-75.0,1,43.626711
900.0,18,43.972544
525.0,13,44.008123
2700.0,54,44.151308
125.0,5,44.165265
1725.0,37,44.264169
1025.0,23,44.324655
375.0,10,44.348253
3900.0,40,44.453391
875.0,20,44.507636
225.0,7,44.529474
1150.0,23,44.588975
2000.0,28,44.658602
775.0,10,44.685902
475.0,12,44.727192
25.0,3,44.735096
175.0,6,44.750053
3500.0,35,44.835933
75.0,4,44.845408
925.0,21,44.895898
175.0,6,44.911381
-325.0,5,44.924711
1150.0,23,44.983161
275.0,8,45.003609
275.0,8,45.024243
1125.0,17,45.067763
775.0,13,45.100856
375.0,6,45.116455
4100.0,82,45.644303
825.0,19,45.692555
1475.0,32,45.772265
625.0,15,45.812675
1875.0,21,45.870574
275.0,8,45.890858
900.0,18,45.934992
475.0,12,45.965545
525.0,13,45.998951
475.0,12,46.027983
925.0,21,46.077104
1525.0,33,46.15727
675.0,16,46.197765
1450.0,29,46.270666
275.0,8,46.291254
225.0,7,46.309538
800.0,16,46.352057
725.0,17,46.397066
625.0,15,46.436859
3400.0,68,46.61149
175.0,4,46.622843
-25.0,2,46.628571
650.0,13,46.663023
275.0,8,46.684301
-25.0,2,46.690757
625.0,15,46.736195
-75.0,1,46.739188
125.0,5,46.752012
275.0,5,46.765632
1275.0,28,46.84004
475.0,8,46.860821
625.0,15,46.90085
275.0,8,47.262217
75.0,4,47.276181
1925.0,41,47.390085
325.0,9,47.412896
5300.0,53,47.547039
-75.0,1,47.549866
375.0,10,47.575178
2400.0,24,47.636774
575.0,8,47.660917
625.0,15,47.700346
875.0,20,47.754331
675.0,9,47.779596
925.0,21,47.839391
575.0,14,47.87361
2650.0,42,47.97569
1075.0,24,48.035559
1550.0,31,48.10914
525.0,13,48.141193
900.0,18,48.186781
1050.0,21,48.241674
475.0,7,48.259282
475.0,12,48.288012
1000.0,20,48.338999
425.0,11,48.366209
675.0,16,48.406758
625.0,15,48.445483
125.0,5,48.458543
2325.0,49,48.893032
2900.0,58,49.045731
1100.0,22,49.098088
900.0,18,49.142356
525.0,13,49.174697
-325.0,5,49.186851
1125.0,25,49.248642
1075.0,24,49.308346
2050.0,29,49.381428
625.0,15,49.418331
975.0,22,49.477881
325.0,9,49.507965
325.0,9,49.535338
525.0,13,49.5697
575.0,14,49.604688
1050.0,21,49.656151
1950.0,39,49.756185
2000.0,40,49.861758
175.0,6,49.876045
1575.0,25,49.938938
1275.0,15,49.974522
1200.0,24,50.03948
1325.0,29,50.114194
475.0,12,50.145762
1200.0,24,50.515017
1400.0,28,50.589459
275.0,8,50.611137
1175.0,26,50.677938
975.0,12,50.708074
575.0,14,50.743135
125.0,11,50.771827
725.0,17,50.818075
900.0,18,50.862519
25.0,3,50.870508
925.0,21,50.922881
1575.0,34,51.007989
-25.0,2,51.013252
1400.0,28,51.080927
-75.0,1,51.083763
325.0,9,51.106068
175.0,6,51.120993
2775.0,31,51.197602
375.0,6,51.212384
225.0,7,51.230615
2950.0,59,51.419849
225.0,7,51.443465
2275.0,25,51.509989
225.0,7,51.529843
2450.0,49,51.661882
725.0,17,51.722193
75.0,4,51.736955
2150.0,43,51.870445
1250.0,25,52.259257
3150.0,63,52.456038
-825.0,10,52.490912
2050.0,27,52.577992
1350.0,27,52.667327
2100.0,42,52.797836
1500.0,30,52.902009
1025.0,23,52.969322
1200.0,24,53.035262
825.0,19,53.084666
25.0,3,53.092907
1350.0,27,53.170877
25.0,3,53.180355
775.0,18,53.237089
1100.0,22,53.306413
-25.0,2,53.313642
1125.0,25,53.391972
25.0,3,53.401179
-75.0,1,53.405324
225.0,7,53.425134
175.0,6,53.442559
575.0,14,53.479895
1200.0,24,53.546828
25.0,3,53.555536
2875.0,60,53.748568
475.0,12,53.78951
2575.0,54,54.363676
1050.0,21,54.440506
675.0,16,54.504731
-725.0,9,54.536959
75.0,4,54.551535
1100.0,22,54.624729
175.0,6,54.644971
925.0,21,54.718718
1600.0,32,54.820735
425.0,11,54.854518
1000.0,20,54.918838
725.0,17,54.976901
-75.0,1,54.982139
2200.0,44,55.141
-75.0,16,55.193089
175.0,6,55.209985
1175.0,14,55.247989
900.0,18,55.29999
1900.0,38,55.403186
1500.0,30,55.479834
-25.0,2,55.486044
900.0,18,55.532979
875.0,20,55.587043
-75.0,1,55.590408
-75.0,1,55.593829
475.0,12,55.638092
75.0,1,55.641712
650.0,10,55.672419
1250.0,25,55.738627
2950.0,36,56.202683
2325.0,49,56.345533
225.0,7,56.368358
1550.0,31,56.466976
1600.0,32,56.575435
375.0,10,56.606064
2400.0,24,56.68074
225.0,7,56.704602
1500.0,30,56.799
475.0,12,56.837229
1875.0,21,56.902717
1375.0,30,56.99641
225.0,7,57.016002
175.0,4,57.027376
675.0,16,57.079323
775.0,18,57.136207
775.0,18,57.193919
1175.0,26,57.273221
1025.0,23,57.347116
575.0,14,57.388638
475.0,12,57.424622
275.0,8,57.449929
175.0,6,57.46856
1200.0,24,57.543509
725.0,17,57.594104
1550.0,31,57.690485
1250.0,25,57.765186
900.0,18,58.293801
225.0,7,58.328912
1250.0,25,58.409932
1450.0,29,58.506511
2100.0,42,58.645183
675.0,16,58.701897
175.0,6,58.725281
-1425.0,16,58.786058
175.0,6,58.810013
675.0,16,58.889157
2100.0,42,59.00967
125.0,5,59.024928
1200.0,24,59.091211
4200.0,84,59.373285
975.0,22,59.452291
1250.0,25,59.532793
2700.0,28,59.629761
-25.0,2,59.636785
2100.0,42,59.76149
375.0,10,59.78897
2275.0,25,59.86142
225.0,7,59.880599
125.0,5,59.895086
900.0,18,60.344897
275.0,8,60.36643
3600.0,72,60.586777
2025.0,43,60.72107
-25.0,2,60.727298
425.0,11,60.756825
900.0,18,60.803207
225.0,7,60.822089
1475.0,32,60.907445
1425.0,31,60.985363
1050.0,21,61.048062
2000.0,40,61.164633
1050.0,21,61.22152
1225.0,27,61.290665
1950.0,39,61.414399
2700.0,27,61.489043
75.0,4,61.499699
625.0,15,61.540052
1050.0,21,61.595655
625.0,15,61.633864
125.0,5,61.647018
1200.0,24,61.714865
1525.0,33,62.132566
900.0,18,62.180781
1775.0,38,62.283867
4200.0,84,62.526269
1250.0,25,62.593849
525.0,13,62.651075
1350.0,24,62.754891
1225.0,27,62.837625
425.0,11,62.877555
475.0,12,62.920068
1750.0,35,63.054809
-25.0,2,63.063221
275.0,8,63.112022
1225.0,27,63.262817
-75.0,1,63.268823
575.0,14,63.348226
75.0,4,63.369948
875.0,20,63.458122
1325.0,29,63.543216
675.0,16,63.594172
725.0,17,63.644249
825.0,19,63.701485
675.0,16,63.748799
275.0,8,63.769465
225.0,7,63.791079
575.0,14,63.831808
-25.0,2,63.837204
1350.0,27,64.269188
25.0,3,64.276677
900.0,18,64.329022
225.0,7,64.350615
2750.0,55,64.535526
775.0,18,64.592089
900.0,18,64.641405
900.0,36,64.74381
325.0,9,64.76905
2650.0,53,64.912283
875.0,20,64.967289
1400.0,28,65.052966
3475.0,37,65.170988
2400.0,48,65.298305
425.0,11,65.331751
925.0,21,65.395798
175.0,6,65.411639
1650.0,33,65.50206
375.0,10,65.52854
1100.0,22,65.592441
1075.0,24,65.669007
1275.0,28,66.092915
2250.0,45,66.222661
2200.0,44,66.346959
625.0,15,66.39233
3200.0,32,66.486182
1225.0,27,66.590605
1050.0,21,66.680881
1150.0,23,66.763514
275.0,5,66.777955
525.0,13,66.811651
75.0,4,66.822331
975.0,22,66.882499
1475.0,32,66.968995
-75.0,1,66.972212
1200.0,24,67.036532
2575.0,54,67.184135
-25.0,2,67.190214
1100.0,22,67.249449
2450.0,49,67.388051
1450.0,20,67.450001
1175.0,14,67.485863
1275.0,28,67.568821
1675.0,36,68.036611
3350.0,67,68.226865
75.0,4,68.237965
1200.0,24,68.312942
1475.0,32,68.408387
475.0,12,68.444771
1200.0,24,68.51566
3400.0,34,68.614423
3550.0,44,68.746259
-25.0,2,68.752689
1675.0,19,68.801534
1750.0,35,68.894162
1500.0,30,68.975295
2400.0,48,69.120184
1775.0,38,69.240255
1100.0,22,69.309551
1550.0,23,69.37161
2400.0,24,69.444402
1025.0,23,69.942662
-3625.0,38,70.084077
1400.0,28,70.174069
825.0,19,70.232688
2050.0,41,70.371518
1025.0,23,70.451695
225.0,7,70.480442
900.0,18,70.551104
2450.0,49,70.759102
625.0,15,70.806529
900.0,18,70.859269
1825.0,24,70.930873
1525.0,33,71.046175
725.0,17,71.107192
1925.0,41,71.222639
1275.0,15,71.261949
1800.0,18,71.311912
25.0,3,71.328169
225.0,7,71.354898
1100.0,22,71.422019
-125.0,1,71.425133
1850.0,33,71.514379
1200.0,24,71.977154
25.0,3,71.985517
775.0,18,72.037373
475.0,12,72.075122
3100.0,31,72.177663
900.0,18,72.233651
325.0,9,72.260535
325.0,9,72.295157
2350.0,47,72.491792
2500.0,50,72.653976
1025.0,16,72.710618
1200.0,24,72.789131
2000.0,40,72.89856
2500.0,50,73.036858
675.0,16,73.080136
2375.0,26,73.149663
900.0,18,73.203325
1000.0,20,73.29782
175.0,6,73.321199
3600.0,72,73.555566
2550.0,51,74.261515
1700.0,34,74.385772
75.0,4,74.400057
2550.0,51,74.596347
3750.0,75,74.840745
-2100.0,21,74.91461
175.0,6,74.933836
1900.0,34,75.044812
3600.0,72,75.34093
225.0,7,75.364424
2250.0,35,75.490892
3100.0,62,75.735761
1450.0,29,75.832469
950.0,19,75.900839
1025.0,23,75.977438
2100.0,42,76.593946
1650.0,39,76.7269
1550.0,31,76.82299
-75.0,1,76.826199
1700.0,22,76.900323
1075.0,24,76.995567
175.0,6,77.029111
675.0,10,77.071539
1175.0,26,77.223451
-75.0,1,77.228045
1575.0,34,77.356924
1500.0,30,77.488408
1275.0,28,77.601261
475.0,7,77.629788
1575.0,34,77.767055
1650.0,33,77.892404
575.0,14,77.941689
1575.0,34,78.054844
75.0,4,78.071141
725.0,17,78.131798
725.0,17,78.186744
1275.0,28,78.271245
900.0,18,78.325613
1900.0,38,78.846916
1300.0,26,78.92969
1225.0,27,79.01994
25.0,3,79.030775
2650.0,53,79.212065
900.0,18,79.273355
2350.0,41,79.412462
925.0,21,79.486105
1775.0,20,79.557413
175.0,6,79.580085
1025.0,29,79.685722
1825.0,39,79.834924
1700.0,34,79.941072
1025.0,23,80.012922
1600.0,32,80.123322
1550.0,31,80.215699
175.0,6,80.236629
1400.0,28,80.323069
900.0,18,80.380808
1200.0,24,80.454966
125.0,5,80.472714
4500.0,45,80.965229
25.0,3,80.97528
2000.0,40,81.098798
175.0,6,81.116692
525.0,13,81.152257
2150.0,43,81.300044
2000.0,40,81.499115
925.0,21,81.574764
1350.0,27,81.665098
575.0,8,81.691506
1125.0,25,81.777936
2500.0,50,81.968825
2800.0,56,82.209944
2200.0,44,82.366564
1700.0,34,82.474485
1400.0,28,82.559081
475.0,7,82.578647
1450.0,29,82.692719
3300.0,66,83.373888
925.0,21,83.448251
2800.0,56,83.647314
275.0,8,83.699679
-2100.0,21,83.814559
900.0,18,83.87989
375.0,10,83.91573
925.0,21,83.99441
1750.0,33,84.114246
900.0,18,84.182839
1200.0,24,84.267777
1050.0,21,84.345947
2450.0,49,84.53953
2900.0,31,84.657313
2300.0,46,84.81503
2450.0,49,84.978002
925.0,21,85.046814
975.0,22,85.676018
1100.0,22,85.772483
2025.0,43,85.903514
1300.0,26,86.002783
975.0,22,86.113958
1000.0,20,86.17688
1425.0,31,86.282086
25.0,3,86.294563
1225.0,27,86.389295
2850.0,57,86.59583
1175.0,14,86.641763
225.0,7,86.668061
1800.0,21,86.732671
2450.0,49,86.886371
2550.0,51,87.030101
4200.0,42,87.149569
2100.0,42,87.269521
475.0,12,87.305407
2275.0,48,87.849506
325.0,9,87.880172
1350.0,27,87.96507
375.0,10,88.001197
950.0,19,88.080607
2375.0,50,88.318878
2500.0,50,88.483446
1650.0,33,88.582937
1050.0,21,88.646384
525.0,13,88.686074
1975.0,42,88.800774
2000.0,40,88.914522
1775.0,38,89.023359
2600.0,26,89.101346
1100.0,22,89.1738
175.0,6,89.198718
1325.0,29,89.322176
1050.0,21,89.407248
2400.0,24,89.957196
2450.0,28,90.027335
-3500.0,35,90.133091
-2300.0,23,90.193012
925.0,21,90.246176
1150.0,23,90.311328
1050.0,21,90.367465
3150.0,63,90.543842
775.0,18,90.593561
825.0,19,90.650746
1525.0,33,90.748672
-2925.0,31,90.83368
1800.0,36,90.930573
275.0,8,90.950944
1700.0,40,91.054459
275.0,8,91.075997
1550.0,31,91.1593
900.0,18,91.207183
25.0,3,91.216261
2150.0,43,91.336425
2450.0,49,91.953508
275.0,8,91.973383
375.0,10,91.998336
-4700.0,47,92.123414
75.0,4,92.134664
2350.0,47,92.261603
900.0,18,92.308011
1500.0,30,92.394454
4000.0,40,92.502599
1050.0,21,92.557039
1250.0,25,92.622031
1700.0,34,92.708014
1200.0,24,92.767401
775.0,18,92.818633
1900.0,38,92.918949
900.0,18,92.978984
175.0,6,93.000118
2150.0,43,93.11955
2250.0,45,93.60978
-125.0,1,93.614038
125.0,5,93.630272
2700.0,54,93.789449
3150.0,63,93.954857
1750.0,35,94.056915
1150.0,35,94.152092
75.0,4,94.163075
2400.0,32,94.249976
1850.0,37,94.350228
2050.0,41,94.460398
1050.0,21,94.522567
3675.0,39,94.642128
1550.0,31,94.729774
275.0,5,94.742687
275.0,8,94.763699
1375.0,30,94.846417
1300.0,26,94.916954
275.0,8,94.94064
-4500.0,45,95.425865
2375.0,26,95.492311
1000.0,20,95.54234
2000.0,40,95.656611
1850.0,37,95.775114
1125.0,25,95.843112
2600.0,31,95.919573
775.0,18,95.968524
275.0,8,95.99439
1650.0,33,96.080562
4900.0,49,96.206706
1050.0,21,96.260467
2375.0,26,96.325623
1450.0,29,96.398377
425.0,11,96.426448
3900.0,39,96.525219
1200.0,24,96.588345
625.0,15,96.626642
800.0,16,96.669558
-2900.0,29,97.082721
525.0,13,97.116153
2450.0,49,97.248969
1275.0,28,97.343424
3000.0,31,97.457171
825.0,19,97.516598
2000.0,40,97.621094
275.0,8,97.64079
75.0,4,97.650991
3150.0,63,97.810142
875.0,20,97.864034
1850.0,37,97.959287
1350.0,24,98.01872
900.0,18,98.064291
1150.0,23,98.12603
1875.0,21,98.179243
-25.0,2,98.18471
4100.0,82,98.398958
-2400.0,24,98.465563
875.0,20,98.839603
1000.0,20,98.891543
675.0,9,98.918684
1050.0,21,98.973828
2500.0,50,99.099176
-3400.0,34,99.18554
3050.0,61,99.341989
2500.0,50,99.476987
275.0,8,99.499343
175.0,4,99.510967
2050.0,29,99.588624
1650.0,33,99.681939
25.0,3,99.689945
2250.0,45,99.810297
1150.0,23,99.86504
1025.0,23,99.934075
1650.0,33,100.017823
1350.0,27,100.083297
125.0,5,100.095099
4900.0,49,100.596849
2650.0,53,100.739552
900.0,18,100.786564
4000.0,40,100.88631
75.0,4,100.896172
1150.0,23,100.956302
900.0,18,101.002387
2700.0,54,101.145179
4275.0,45,101.257744
4250.0,85,101.470819
1100.0,22,101.534434
1700.0,34,101.624223
2450.0,49,101.752674
975.0,22,101.810658
3975.0,42,102.237613
1225.0,27,102.303693
2375.0,26,102.37627
2550.0,51,102.507991
275.0,8,102.529256
900.0,18,102.574554
5075.0,53,102.705241
2650.0,51,102.836919
1100.0,22,102.892034
1750.0,35,102.979476
750.0,15,103.020612
175.0,6,103.035673
625.0,15,103.072441
1600.0,32,103.149469
375.0,10,103.173366
1350.0,27,103.250898
1200.0,24,103.319318
2100.0,42,103.473349
1275.0,15,103.529574
1400.0,28,103.92629
1050.0,21,103.981104
2700.0,54,104.126329
1525.0,33,104.219618
75.0,4,104.230729
-75.0,1,104.234107
2500.0,25,104.296237
2550.0,51,104.424493
1050.0,21,104.484214
1450.0,16,104.530375
575.0,14,104.567532
3300.0,33,104.649982
1500.0,30,104.728238
925.0,21,104.782316
575.0,14,104.817918
2375.0,50,104.942565
-25.0,2,104.948333
1950.0,39,105.047385
4825.0,99,105.631047
1550.0,31,105.714201
1725.0,37,105.804717
4800.0,48,105.92577
2950.0,30,105.999879
225.0,7,106.017391
2250.0,45,106.130174
3800.0,38,106.230216
2800.0,31,106.3048
1425.0,31,106.384659
1600.0,32,106.467616
1400.0,26,106.534079
1850.0,37,106.624437
1550.0,31,106.703614
900.0,18,106.748476
3900.0,39,107.163008
1200.0,24,107.224229
2500.0,27,107.296059
225.0,7,107.314296
975.0,22,107.385498
275.0,8,107.409048
175.0,6,107.426192
1750.0,35,107.523563
1100.0,22,107.58093
2225.0,47,107.695186
1100.0,22,107.752941
775.0,18,107.798815
2400.0,28,107.86895
900.0,18,107.922652
2050.0,41,108.02841
1900.0,38,108.126453
1175.0,26,108.193711
2500.0,50,108.329186
425.0,11,108.357694
2500.0,50,108.486184
2650.0,53,108.977979
2400.0,48,109.102442
1050.0,21,109.15631
625.0,21,109.210135
975.0,22,109.267085
1650.0,33,109.347297
525.0,13,109.381516
1500.0,30,109.460844
1050.0,21,109.527051
1550.0,29,109.605228
750.0,15,109.643189
1250.0,25,109.708032
1700.0,28,109.785846
2200.0,44,109.940987
1500.0,30,110.043234
1200.0,24,110.104953
4200.0,42,110.211709
75.0,4,110.222868
2000.0,40,110.707706
-925.0,11,110.739979
-2400.0,24,110.822111
1100.0,22,110.884841
625.0,15,110.924899
3300.0,33,111.016054
1400.0,28,111.093961
2200.0,44,111.203383
-3225.0,34,111.290865
3300.0,33,111.385089
2400.0,24,111.451756
-2500.0,25,111.515308
2900.0,58,111.669893
1050.0,21,111.728714
1075.0,24,111.791038
2800.0,56,111.937749
1100.0,22,111.991617
1525.0,33,112.373295
75.0,1,112.376429
2700.0,54,112.541641
475.0,12,112.574627
1000.0,20,112.627937
2850.0,57,112.767822
900.0,18,112.81217
1100.0,22,112.870506
2050.0,41,112.974102
4100.0,82,113.187139
1900.0,38,113.283116
575.0,8,113.303219
1175.0,26,113.370915
1250.0,25,113.433077
-925.0,11,113.459873
3550.0,71,113.640723
3400.0,68,114.141572
2475.0,27,114.224654
75.0,4,114.244043
1200.0,24,114.346047
1700.0,34,114.459778
3100.0,31,114.548889
5075.0,53,114.684132
2300.0,46,114.798624
2100.0,42,114.904065
1350.0,27,114.973559
975.0,22,115.038165
1200.0,24,115.102211
2250.0,45,115.214097
1850.0,30,115.288212
175.0,6,115.303117
2500.0,50,115.76982
1050.0,21,115.823244
1000.0,20,115.877964
1550.0,31,115.957093
2200.0,44,116.06513
525.0,13,116.097976
-2200.0,22,116.150912
1550.0,37,116.242454
2375.0,26,116.304112
900.0,18,116.351568
2275.0,48,116.466748
525.0,13,116.496619
1100.0,22,116.562563
1650.0,29,116.637807
1700.0,34,116.737735
3800.0,38,116.854687
1250.0,25,116.91901
1675.0,36,117.004008
2400.0,48,117.468805
-2500.0,25,117.537852
1125.0,25,117.602275
3100.0,31,117.681894
2300.0,30,117.757624
1050.0,21,117.807333
-25.0,2,117.815377
4700.0,47,117.930406
2050.0,41,118.02593
2675.0,29,118.09376
2050.0,35,118.185835
1200.0,24,118.246955
2250.0,25,118.306133
2575.0,28,118.376188
1800.0,36,118.473843
2450.0,49,118.594928
375.0,10,118.619616
2250.0,45,119.045766
1850.0,37,119.140715
975.0,22,119.193598
1925.0,41,119.296284
2475.0,52,119.438802
125.0,5,119.452627
1400.0,28,119.538091
1150.0,21,119.591129
1175.0,26,119.654704
4000.0,40,119.754689
1650.0,33,119.832977
625.0,15,119.871106
275.0,5,119.883215
325.0,9,119.904777
1200.0,24,119.962432
325.0,9,119.98243
2800.0,56,120.113798
1450.0,29,120.18375
2750.0,41,120.610744
1450.0,29,120.687831
75.0,4,120.698337
-75.0,1,120.701766
1900.0,38,120.793367
3600.0,72,120.965895
2750.0,55,121.1027
225.0,7,121.123225
225.0,7,121.143753
2100.0,21,121.199234
1950.0,21,121.254163
300.0,24,121.325409
1450.0,26,121.41275
-25.0,2,121.419067
4075.0,84,121.634617
1350.0,27,121.703351
1450.0,29,121.780444
2000.0,40,121.932851
2100.0,42,122.426206
1050.0,21,122.528832
900.0,18,122.621193
1300.0,26,122.703301
1450.0,29,122.790845
3525.0,73,122.985861
1850.0,37,123.085914
1200.0,24,123.149158
2400.0,34,123.23717
1250.0,25,123.303642
3250.0,65,123.511446
4800.0,96,123.771692
1975.0,42,123.881707
-25.0,2,123.887217
1975.0,42,124.334202
1200.0,24,124.393656
1400.0,28,124.468415
725.0,17,124.524566
2700.0,27,124.612282
2525.0,53,124.758934
3600.0,36,124.847367
2300.0,46,124.959399
1550.0,31,125.034905
1475.0,32,125.113024
1250.0,25,125.177544
1175.0,26,125.242758
-25.0,2,125.248158
2400.0,48,125.36977
3000.0,60,125.562359
2575.0,54,126.080945
575.0,14,126.115497
2450.0,49,126.244733
4150.0,83,126.584358
1050.0,21,126.655756
4300.0,43,126.768626
1825.0,39,126.87396
-4200.0,42,126.988402
1650.0,33,127.08873
2600.0,52,127.249286
-4900.0,49,127.363236
4150.0,83,127.924431
3550.0,71,128.118079
2900.0,29,128.194072
1450.0,24,128.256721
1450.0,29,128.329165
3600.0,36,128.420685
4400.0,44,128.548109
2200.0,29,128.629926
775.0,15,128.671199
1075.0,24,128.738391
675.0,16,128.785173
900.0,18,128.830768
4400.0,44,128.953222
925.0,21,129.010442
2900.0,58,129.15852
1050.0,21,129.533822
1750.0,35,129.628684
1300.0,24,129.689225
2400.0,48,129.812453
3050.0,61,129.96873
1800.0,36,130.060154
-1025.0,12,130.09164
1600.0,32,130.175236
4050.0,81,130.375027
1850.0,37,130.467273
3950.0,79,130.713636
3800.0,38,130.846081
2900.0,29,131.231982
1450.0,27,131.296445
3800.0,76,131.483379
1525.0,33,131.56441
2100.0,42,131.668646
2250.0,28,131.739366
3675.0,39,131.835992
2100.0,42,131.960748
2225.0,47,132.080763
1175.0,26,132.145832
1450.0,29,132.216885
900.0,18,132.260398
950.0,19,132.303478
1525.0,33,132.381377
1175.0,26,132.454329
1350.0,27,132.86408
125.0,5,132.8768
1000.0,20,132.927421
875.0,20,132.983605
1750.0,35,133.092949
1850.0,23,133.149168
-75.0,1,133.151858
1200.0,24,133.209468
1625.0,35,133.289567
-2400.0,24,133.344161
2700.0,54,133.478616
4050.0,81,133.67843
1800.0,36,133.76426
3000.0,60,133.900522
900.0,18,133.947333
2175.0,46,134.058937
1300.0,26,134.117915
2950.0,59,134.575992
3100.0,62,134.726653
1950.0,25,134.786844
1750.0,35,134.8681
2800.0,56,135.005351
1200.0,24,135.0667
1200.0,24,135.125048
3000.0,60,135.273288
525.0,13,135.305333
1650.0,33,135.384114
2900.0,58,135.531276
2500.0,50,135.662246
1900.0,38,136.059847
2650.0,53,136.184686
2100.0,42,136.293229
625.0,15,136.331719
1300.0,26,136.415926
1650.0,33,136.509749
900.0,18,136.554266
3300.0,33,136.632771
575.0,14,136.66665
2200.0,44,136.802803
1675.0,34,136.892952
1400.0,28,136.975458
2050.0,41,137.07699
2050.0,41,137.174655
1825.0,39,137.270649
3750.0,75,137.780351
1500.0,30,137.855257
425.0,11,137.884036
1000.0,20,137.931202
1200.0,24,137.991843
75.0,4,138.006093
1300.0,26,138.068738
1750.0,35,138.163394
125.0,5,138.17801
1400.0,28,138.252926
1550.0,31,138.328708
3200.0,64,138.495792
3000.0,60,138.662952
2675.0,56,138.80396
2500.0,50,138.919345
4350.0,48,139.41184
1450.0,29,139.483838
2300.0,46,139.598949
3100.0,62,139.743892
125.0,5,139.755756
2050.0,41,139.859763
2650.0,53,140.002253
3400.0,34,140.101792
2600.0,52,140.241297
1900.0,38,140.333672
1550.0,31,140.411847
575.0,14,140.445277
2700.0,46,140.562606
1100.0,22,140.613723
1800.0,36,141.030071
1550.0,31,141.121032
1850.0,37,141.215067
1250.0,25,141.279573
3500.0,70,141.475008
2500.0,50,141.60641
1700.0,34,141.697889
1200.0,24,141.775748
1350.0,27,141.860958
2475.0,27,141.953276
1200.0,24,142.026027
1650.0,33,142.149438
2575.0,54,142.292565
3325.0,69,142.831563
3100.0,31,142.907574
2550.0,51,143.108475
4600.0,92,143.369834
675.0,16,143.420418
2200.0,44,143.540225
1200.0,24,143.601155
1350.0,33,143.68202
700.0,14,143.71926
1500.0,30,143.791553
275.0,8,143.810476
-2500.0,25,143.870911
2375.0,26,143.934359
1600.0,32,144.019258
4675.0,96,144.587563
1700.0,34,144.671689
675.0,9,144.693197
2400.0,48,144.80946
1800.0,36,144.899645
950.0,19,144.947141
1100.0,22,145.000324
900.0,18,145.045131
1350.0,27,145.132114
-4200.0,42,145.245216
1650.0,33,145.327898
1900.0,38,145.423661
2850.0,36,145.514423
1100.0,22,145.572269
2100.0,42,145.678106
2000.0,33,145.758207
3750.0,75,146.291325
1750.0,41,146.40264
1000.0,20,146.454532
2100.0,21,146.508657
1200.0,24,146.573886
2750.0,55,146.711292
2050.0,41,146.814743
2450.0,49,146.935452
1850.0,37,147.029649
2325.0,49,147.15457
-2400.0,24,147.219576
1050.0,21,147.270832
2150.0,43,147.377115
875.0,20,147.428098
1300.0,26,147.809096
225.0,7,147.829527
2350.0,47,147.955505
2400.0,48,148.095673
2850.0,57,148.245961
2450.0,49,148.375209
2450.0,49,148.52245
1750.0,29,148.634022
375.0,10,148.669012
1200.0,24,148.747433
4000.0,41,148.858204
2150.0,43,148.977692
3850.0,77,149.193451
900.0,18,149.243423
-4000.0,40,149.653998
2500.0,50,149.773767
1675.0,36,149.860595
1200.0,24,149.917384
1050.0,21,149.965802
125.0,5,149.977649
-25.0,2,149.98267
1200.0,24,150.040572
1050.0,21,150.089235
2650.0,53,150.226431
1600.0,23,150.284986
4200.0,42,150.386169
2200.0,44,150.524853
1350.0,27,150.599459
-75.0,1,150.602875
900.0,18,150.650834
1650.0,33,150.736315
1350.0,27,150.804621
2700.0,54,151.242173
2850.0,57,151.385403
2775.0,58,151.534264
1600.0,32,151.615507
1375.0,16,151.658335
1350.0,27,151.730714
575.0,14,151.766033
1250.0,25,151.832733
1400.0,28,151.899781
1200.0,24,151.964242
1225.0,27,152.03414
2800.0,56,152.183504
2300.0,46,152.322419
825.0,11,152.361933
1750.0,35,152.473269
2850.0,57,152.923596
1500.0,30,152.997025
1200.0,24,153.056707
1650.0,24,153.115429
2800.0,56,153.25685
2800.0,56,153.398972
1900.0,30,153.475134
3100.0,62,153.62684
1100.0,22,153.680494
1100.0,22,153.752084
1275.0,28,153.825939
675.0,16,153.865814
1700.0,37,153.956729
3600.0,72,154.136833
425.0,11,154.487336
2050.0,41,154.597192
5300.0,53,154.726121
-2300.0,23,154.781003
800.0,16,154.819614
2450.0,49,154.93144
3150.0,63,155.079219
2050.0,41,155.177506
3400.0,68,155.340239
1100.0,22,155.390136
625.0,24,155.448174
950.0,19,155.491827
1225.0,27,155.559266
1100.0,22,155.618488
-325.0,5,155.633949
950.0,28,155.708461
425.0,11,156.047182
1000.0,20,156.094379
1400.0,28,156.191698
2300.0,46,156.353367
1950.0,32,156.434102
1250.0,25,156.495518
1550.0,31,156.572292
1750.0,35,156.658294
2550.0,51,156.778682
1450.0,29,156.848011
2200.0,44,156.950969
2600.0,52,157.074375
900.0,18,157.119144
2450.0,49,157.233147
775.0,12,157.261195
3450.0,62,157.742966
2200.0,44,157.857927
25.0,3,157.865731
1200.0,24,157.928501
2050.0,41,158.035514
1500.0,30,158.119443
1950.0,39,158.226042
1050.0,21,158.28276
1750.0,26,158.351135
2450.0,49,158.480701
-3600.0,36,158.575054
875.0,20,158.625824
2050.0,34,158.718863
1550.0,26,158.791802
1625.0,22,158.850823
625.0,15,158.89148
1250.0,25,158.95624
2400.0,48,159.43691
-25.0,2,159.444029
2000.0,40,159.574988
1600.0,32,159.680778
1925.0,41,159.794256
1100.0,22,159.890861
1075.0,24,159.978448
175.0,6,159.998801
4100.0,45,160.125206
3400.0,68,160.302945
1150.0,23,160.363311
1850.0,37,160.469147
2000.0,34,160.556079
1125.0,25,160.62344
1650.0,33,160.711898
3800.0,38,160.826246
2525.0,53,161.31241
5900.0,59,161.519014
1200.0,24,161.629073
6800.0,68,161.804084
3000.0,30,161.87956
1600.0,32,161.958883
1200.0,24,162.025346
2550.0,51,162.160387
1100.0,22,162.220351
1750.0,35,162.314999
3200.0,32,162.39952
1650.0,33,162.491034
1800.0,36,162.602995
1800.0,35,162.703999
4375.0,46,163.145181
1100.0,22,163.197933
1375.0,30,163.271553
3350.0,51,163.404491
2250.0,45,163.533865
1800.0,36,163.635034
2200.0,36,163.728599
225.0,7,163.746893
2150.0,43,163.855838
1550.0,31,163.933962
3300.0,33,164.01857
1350.0,27,164.129727
2200.0,42,164.280008
25.0,3,164.287365
875.0,20,164.332744
2175.0,46,164.774912
1100.0,22,164.832379
1200.0,24,164.894188
2350.0,47,165.014254
1250.0,25,165.082991
2450.0,49,165.203398
5600.0,56,165.342262
-2100.0,21,165.394964
900.0,18,165.443126
3850.0,77,165.66835
1800.0,36,165.758816
1400.0,28,165.825572
-125.0,1,165.828463
2350.0,47,165.938515
900.0,18,165.98014
4100.0,41,166.362847
2650.0,53,166.509758
2200.0,44,166.627761
1600.0,32,166.708462
3600.0,72,166.886244
1850.0,37,166.976151
2200.0,36,167.064219
1200.0,24,167.12245
2500.0,50,167.243351
2250.0,45,167.351832
-3700.0,37,167.443268
-2200.0,22,167.500072
1850.0,31,167.579781
4500.0,45,167.981117
2300.0,46,168.095307
1175.0,26,168.160419
2600.0,52,168.291697
1075.0,24,168.349909
1550.0,31,168.42697
1300.0,26,168.491318
1200.0,24,168.552821
1675.0,36,168.645051
-25.0,2,168.650149
725.0,17,168.690612
6300.0,63,168.843954
2500.0,50,168.967991
1475.0,47,169.082991
1050.0,21,169.131909
1100.0,22,169.185438
1950.0,39,169.59792
1050.0,21,169.649573
4000.0,40,169.747678
2650.0,33,169.828466
1050.0,21,169.879553
-25.0,2,169.885082
-75.0,1,169.888062
225.0,7,169.905804
1600.0,32,169.982192
1250.0,25,170.041713
1300.0,26,170.104613
875.0,20,170.151786
1200.0,24,170.208869
1100.0,22,170.262596
4600.0,92,170.484948
825.0,19,170.532545
3650.0,73,170.74634
800.0,16,170.784394
5200.0,52,171.208084
2900.0,58,171.349514
1800.0,36,171.453135
1800.0,36,171.555335
1300.0,26,171.624327
125.0,5,171.637159
1100.0,22,171.695017
900.0,18,171.739487
1750.0,35,171.825955
2000.0,40,171.924725
2850.0,57,172.060393
1700.0,33,172.141973
1550.0,31,172.220201
6000.0,60,172.367541
4000.0,40,172.773095
1900.0,19,172.820139
3800.0,76,173.009832
4200.0,42,173.129188
1250.0,25,173.216941
2350.0,47,173.359942
1050.0,21,173.422372
2200.0,44,173.535074
3800.0,38,173.675385
1650.0,26,173.788179
4200.0,42,173.916653
4500.0,45,174.046599
1800.0,18,174.093657
2000.0,40,174.582048
2100.0,42,174.69885
900.0,18,174.746507
1950.0,39,174.849946
2700.0,54,174.995757
2250.0,45,175.125726
3600.0,48,175.265363
-4200.0,42,175.37742
1350.0,27,175.448078
2200.0,44,175.573332
2200.0,22,175.650955
1100.0,22,175.721167
1150.0,23,175.791384
275.0,8,175.812245
1400.0,28,175.889276
-4000.0,40,175.999106
1400.0,28,176.410106
1200.0,24,176.477803
1900.0,38,176.587747
3500.0,35,176.701296
2700.0,54,176.852456
3475.0,37,176.962734
1100.0,22,177.023885
2550.0,51,177.160427
1250.0,25,177.226725
2200.0,44,177.338142
1150.0,23,177.39481
1300.0,26,177.46296
225.0,7,177.480966
2100.0,21,177.534699
3100.0,31,177.610962
1525.0,33,177.695547
3250.0,65,178.17925
1675.0,36,178.2703
1025.0,23,178.327063
3300.0,66,178.495022
1550.0,31,178.573001
2450.0,49,178.697322
2800.0,56,178.84328
3800.0,76,179.04041
2450.0,49,179.166333
1600.0,32,179.24711
1200.0,24,179.307835
2450.0,49,179.75755
2225.0,47,179.876289
5200.0,52,180.007289
1800.0,36,180.103313
1600.0,32,180.188728
3000.0,60,180.345449
1050.0,21,180.402057
2050.0,41,180.517482
1400.0,26,180.631335
2400.0,33,180.745878
2000.0,40,180.848734
275.0,8,180.868793
1400.0,28,180.942188
1000.0,20,180.99264
1350.0,27,181.059767
1600.0,29,181.452004
1050.0,21,181.506348
1650.0,33,181.593013
1700.0,34,181.679272
1250.0,25,181.742401
1850.0,37,181.836334
3875.0,41,181.940386
1350.0,24,182.00001
1350.0,27,182.069804
3100.0,31,182.156284
1750.0,35,182.278236
325.0,9,182.305919
1025.0,23,182.379704
4400.0,44,182.522875
1250.0,19,182.579744
1700.0,21,182.640575
-25.0,2,182.646365
2450.0,49,182.783696
900.0,18,182.834499
1350.0,26,183.28356
1500.0,30,183.367367
1650.0,33,183.473871
1475.0,32,183.567696
2550.0,51,183.711839
4250.0,85,183.94887
1300.0,26,184.022432
900.0,18,184.076305
1400.0,28,184.155126
1075.0,24,184.223294
1500.0,30,184.319601
1300.0,26,184.393735
2650.0,28,184.48183
-75.0,1,184.485085
5900.0,59,184.662199
1150.0,35,185.167205
3100.0,62,185.34774
800.0,16,185.39133
1000.0,20,185.468349
700.0,14,185.542468
2050.0,41,185.673379
3950.0,79,185.930321
3200.0,64,186.128045
1350.0,21,186.182444
2900.0,58,186.348955
1850.0,30,186.431407
1000.0,20,186.491074
3050.0,61,186.681134
4600.0,46,187.279343
2950.0,59,187.489546
2000.0,40,187.63643
-125.0,1,187.640837
125.0,5,187.660242
1150.0,23,187.745199
1600.0,32,187.855236
2900.0,35,187.98402
2300.0,23,188.071204
2400.0,48,188.235306
1500.0,30,188.335081
1750.0,35,188.452856
1350.0,27,188.561285
3400.0,34,188.660937
3450.0,41,188.792228
2200.0,22,188.932412
900.0,18,189.045343
2800.0,56,189.673195
1800.0,36,189.774329
1000.0,20,189.831233
-3600.0,36,189.926806
2900.0,58,190.093769
1100.0,22,190.157217
-3900.0,39,190.270302
900.0,18,190.31908
-2400.0,24,190.384334
3400.0,34,190.492815
1050.0,21,190.548203
175.0,6,190.563525
900.0,18,190.61037
2500.0,50,190.77937
1500.0,30,190.866172
1575.0,34,190.963797
2450.0,49,191.510639
2200.0,22,191.584252
2600.0,52,191.779926
2200.0,22,191.859072
1750.0,23,191.958815
1500.0,29,192.063972
1500.0,30,192.20768
1350.0,27,192.31671
2600.0,50,192.467782
1250.0,25,192.54034
-2500.0,25,192.605145
2600.0,27,192.67838
2050.0,41,192.788069
1400.0,28,192.871154
2250.0,45,193.001328
1350.0,27,193.089681
2350.0,47,193.597833
5400.0,54,193.765871
1450.0,29,193.853637
1400.0,28,193.930928
1050.0,21,193.993492
3100.0,62,194.184469
2700.0,54,194.37423
1750.0,27,194.469615
1800.0,36,194.599615
4000.0,40,194.710986
-2500.0,25,194.790344
1200.0,24,194.864688
1200.0,24,194.948849
1000.0,20,195.012016
2500.0,50,195.631558
2500.0,50,195.790821
2500.0,50,195.923838
2000.0,40,196.032771
1850.0,37,196.138218
2650.0,53,196.295918
5400.0,54,196.462819
225.0,7,196.48404
900.0,18,196.53885
2350.0,47,196.67419
1400.0,28,196.764321
4000.0,40,196.879261
1850.0,37,196.975065
1200.0,24,197.03712
2400.0,48,197.556466
2900.0,29,197.644631
1000.0,18,197.696573
1500.0,30,197.776157
4000.0,40,197.885392
2700.0,54,198.029435
1700.0,34,198.127326
1400.0,28,198.211557
2250.0,45,198.347594
1250.0,25,198.420936
6000.0,60,198.60291
1100.0,22,198.672135
2000.0,20,198.724872
2000.0,36,198.826149
2500.0,25,198.900429
1950.0,39,199.354782
1950.0,39,199.468554
1650.0,33,199.582813
3100.0,62,199.766371
-2400.0,24,199.830899
2150.0,43,199.957276
2175.0,24,200.034904
1850.0,37,200.152089
1300.0,26,200.24481
1450.0,28,200.340232
2150.0,43,200.465392
1100.0,22,200.529932
3350.0,67,200.738053
2350.0,47,201.266836
3750.0,75,201.496442
650.0,13,201.535778
725.0,17,201.584823
2100.0,42,201.695133
875.0,11,201.723535
1700.0,28,201.793642
775.0,18,201.841295
1450.0,29,201.918907
2750.0,55,202.065751
1150.0,23,202.137128
1600.0,32,202.227773
1050.0,21,202.287946
5675.0,59,202.438956
1050.0,21,202.49696
-3700.0,37,202.612998
2650.0,53,203.258034
1950.0,39,203.388009
1450.0,29,203.483184
3450.0,69,203.689355
4450.0,89,203.939502
3150.0,45,204.067057
2350.0,47,204.189257
1200.0,24,204.262693
1850.0,24,204.335681
1700.0,34,204.422479
1450.0,29,204.512928
1100.0,22,204.582461
1050.0,45,205.32242
275.0,8,205.347846
2100.0,42,205.48987
2700.0,54,205.690919
1475.0,32,205.785377
2900.0,58,205.98236
-150.0,21,206.043936
375.0,10,206.071769
1900.0,38,206.181973
900.0,18,206.23894
1100.0,22,206.323984
1850.0,37,206.464329
325.0,9,206.495859
1650.0,33,206.593005
3100.0,62,206.794459
225.0,7,206.815785
1050.0,21,206.880326
3600.0,72,207.558772
900.0,18,207.609713
1500.0,30,207.705391
2100.0,42,207.82914
1475.0,32,207.929264
1700.0,34,208.023725
2050.0,41,208.138916
1200.0,24,208.210499
2000.0,40,208.328221
4000.0,40,208.451952
1500.0,30,208.555743
2600.0,52,208.718796
1100.0,22,208.791636
1325.0,29,208.883635
875.0,20,208.944653
425.0,11,209.319626
3350.0,67,209.523948
2800.0,28,209.615424
1450.0,29,209.703176
950.0,19,209.76744
2150.0,43,209.929899
-2600.0,26,210.038181
3000.0,43,210.226533
1250.0,25,210.322952
3050.0,61,210.635058
3200.0,64,211.012146
275.0,8,211.057453
2000.0,40,211.290045
1400.0,28,211.487018
1600.0,32,212.231172
1100.0,22,212.314832
-3600.0,36,212.451249
2400.0,48,212.628509
2200.0,44,212.824698
2750.0,55,213.062819
1025.0,23,213.151161
2400.0,24,213.243788
5000.0,58,213.492488
1050.0,21,213.610121
2100.0,21,213.687479
1300.0,26,213.795676
3450.0,37,213.926156
900.0,18,213.997401
1200.0,24,214.070678
1600.0,32,214.209247
2250.0,45,215.005753
-4100.0,41,215.157712
2100.0,37,215.309435
-2500.0,25,215.467944
2900.0,29,215.591703
2250.0,45,215.732852
2800.0,56,215.955309
2050.0,41,216.128702
1000.0,29,216.248128
900.0,18,216.326779
1350.0,27,216.462944
2450.0,49,216.697339
3000.0,60,216.98617
2400.0,48,218.344563
1100.0,22,218.549669
800.0,16,218.661926
1050.0,21,218.842271
-4200.0,42,219.225425
3500.0,35,219.536203
6000.0,60,220.006619
875.0,11,220.098136
900.0,18,220.225273
3400.0,34,220.464996
3050.0,61,220.863873
2600.0,26,221.050451
-2200.0,22,221.173625
1250.0,25,221.2996
1600.0,32,221.462632
1100.0,22,221.599344
3550.0,71,222.678533
-3400.0,34,222.826815
1300.0,26,222.951364
1600.0,32,223.108973
1000.0,20,223.199926
1050.0,21,223.295936
2250.0,45,223.591825
2700.0,54,223.855806
1200.0,24,223.956857
1400.0,27,224.068448
1850.0,37,224.213442
4150.0,83,224.542981
750.0,15,224.634087
375.0,10,224.681704
900.0,18,224.778881
1400.0,28,224.902244
2000.0,20,225.739406
2200.0,44,226.042285
900.0,18,226.160463
1475.0,32,226.365379
900.0,18,226.465058
6100.0,61,226.742258
-75.0,1,226.747225
1150.0,23,226.858747
3300.0,33,227.013862
1950.0,39,227.255547
4100.0,41,227.491069
650.0,13,227.573196
2150.0,43,227.851077
1775.0,38,228.074668
1500.0,30,228.243819
10200.0,102,229.781727
2800.0,56,230.274732
3400.0,34,230.427556
3800.0,38,230.592681
2250.0,45,230.79979
500.0,10,230.858573
2300.0,46,231.170694
1550.0,31,231.309619
1000.0,20,231.40013
1050.0,21,231.496475
1000.0,20,231.599844
-1825.0,20,231.694222
2050.0,41,231.879373
3100.0,62,232.129175
125.0,5,232.150705
1800.0,36,233.00901
2100.0,42,233.289609
1900.0,38,233.526967
125.0,5,233.557643
1100.0,22,233.727843
2375.0,50,234.060302
1050.0,21,234.158129
900.0,18,234.247038
1050.0,21,234.336554
750.0,15,234.411812
2000.0,40,234.821177
1500.0,30,235.018108
3100.0,62,235.281691
3500.0,35,235.434814
4250.0,85,235.789168
2250.0,45,236.735529
1750.0,30,236.949809
2200.0,44,237.155927
1400.0,28,237.269892
1250.0,25,237.374072
1950.0,39,237.544779
2700.0,54,237.808515
2300.0,27,237.946988
1950.0,39,238.152436
2250.0,45,238.352056
1650.0,33,238.490855
3500.0,35,238.635534
1775.0,38,238.832296
1350.0,27,238.974145
2200.0,22,240.537072
2750.0,55,240.77636
1000.0,20,240.863091
1350.0,27,241.080368
2300.0,46,241.275596
1400.0,28,241.400993
1400.0,28,241.52564
1800.0,36,241.68861
2250.0,45,241.953933
1050.0,21,242.097281
1500.0,29,242.274406
900.0,18,242.365651
1050.0,21,242.481441
800.0,16,242.583218
4500.0,90,243.258266
2500.0,50,244.546406
1300.0,26,244.718355
3750.0,75,245.168224
900.0,18,245.333297
1250.0,25,245.543499
1100.0,22,245.723309
725.0,17,245.891945
1550.0,31,246.157202
1900.0,38,246.456326
1000.0,20,246.623819
625.0,15,246.739737
1650.0,33,247.035376
175.0,6,247.084158
1700.0,34,247.354998
1400.0,28,247.557152
1100.0,22,247.714088
1350.0,27,247.919937
2800.0,56,249.395287
1200.0,24,249.585656
3200.0,64,250.103223
1350.0,27,250.348071
4100.0,82,251.006686
2525.0,53,251.363472
3000.0,30,251.587321
2700.0,54,252.043203
3450.0,69,252.495471
1450.0,29,252.656677
1350.0,27,252.794091
-1525.0,17,252.887689
1250.0,25,253.055796
900.0,18,254.213194
1400.0,28,254.429488
900.0,18,254.565251
6000.0,60,255.146183
1650.0,28,255.391166
1250.0,25,255.594072
3650.0,73,256.159425
875.0,20,256.341922
2200.0,33,256.598564
1550.0,31,256.831174
1575.0,34,257.023629
1250.0,25,257.126799
1400.0,28,257.273109
2750.0,55,257.5115
2300.0,46,258.830129
1650.0,33,259.092398
3200.0,32,259.32745
1125.0,25,259.522796
800.0,16,259.648387
1750.0,35,259.936528
2450.0,49,260.161607
2000.0,38,260.347512
-2500.0,25,260.478394
2350.0,47,260.703822
575.0,14,260.766316
175.0,6,260.800629
1150.0,23,260.893669
900.0,18,260.970204
1850.0,37,261.124984
2350.0,47,261.356027
1950.0,39,261.620386
2150.0,43,262.998849
3150.0,63,263.482906
1350.0,27,263.795057
1900.0,38,264.258651
2550.0,51,264.606553
1450.0,25,264.779135
2650.0,53,265.181933
2350.0,47,265.452034
1550.0,31,265.631106
1050.0,21,265.771545
1250.0,25,265.951029
3200.0,32,266.111027
-2500.0,25,266.210286
1075.0,24,266.331007
2700.0,54,267.549259
3550.0,71,268.079665
1100.0,22,268.221554
2400.0,44,268.483619
900.0,18,268.572434
1650.0,33,268.752918
1050.0,21,268.852507
1000.0,20,268.954339
1000.0,20,269.071197
1400.0,28,269.248877
50.0,28,269.424772
2950.0,30,269.614044
3625.0,75,270.056736
3400.0,68,270.578695
2800.0,56,272.559896
1100.0,22,272.736775
2400.0,48,273.039289
900.0,18,273.206694
2150.0,43,273.54382
2600.0,52,273.890486
-2400.0,24,273.982331
950.0,19,274.059271
1000.0,20,274.141638
1750.0,27,274.25594
3250.0,65,274.524541
1100.0,20,274.635422
3200.0,32,274.78043
1150.0,23,274.893219
2250.0,45,275.084088
1450.0,29,275.881746
2200.0,22,275.979064
2900.0,58,276.266681
1650.0,33,276.41049
2100.0,42,276.579885
1600.0,32,276.729717
1200.0,24,276.836703
-4100.0,41,277.052344
2000.0,40,277.221951
2450.0,49,277.448184
1350.0,27,277.57361
1350.0,27,277.698656
1350.0,27,277.824928
1650.0,33,277.962825
1850.0,37,278.09225
1050.0,21,278.815159
3500.0,35,278.953894
3050.0,61,279.224682
900.0,18,279.319648
1800.0,36,279.488139
1300.0,26,279.616313
1900.0,34,279.768488
2300.0,46,279.983696
1050.0,21,280.080228
-2200.0,22,280.182699
1450.0,29,280.296826
2000.0,36,280.456616
3800.0,38,280.602541
2350.0,47,280.797209
1850.0,37,280.992647
1950.0,26,281.806125
2200.0,22,281.898649
525.0,13,281.9595
3050.0,61,282.255592
900.0,18,282.33506
1350.0,45,282.550861
1200.0,24,282.655482
1350.0,27,282.810572
1975.0,42,283.090994
1400.0,28,283.226115
7000.0,70,283.56997
1100.0,22,283.667926
950.0,19,283.740155
2900.0,58,284.028153
1800.0,36,284.216898
2750.0,55,285.27091
900.0,18,285.391146
1000.0,20,285.533152
1550.0,31,285.74644
975.0,12,285.840334
-3500.0,35,286.077013
2500.0,50,286.434142
1275.0,28,286.682525
1700.0,34,286.93071
900.0,18,287.024935
275.0,5,287.050157
2250.0,51,287.311879
2950.0,59,287.529838
1850.0,37,287.655958
2000.0,40,287.806085
1600.0,32,288.915794
425.0,11,288.974146
3600.0,72,289.518346
2250.0,34,289.727736
1700.0,34,289.973825
3250.0,57,290.370491
1250.0,25,290.537008
1250.0,25,290.712575
3000.0,30,290.945645
3100.0,31,291.254773
1200.0,24,291.445253
3400.0,34,291.740276
3600.0,36,292.052244
4000.0,80,292.479039
900.0,18,293.204123
1050.0,21,293.298943
1900.0,38,293.428753
4800.0,48,293.584112
1050.0,21,293.660455
1750.0,35,293.766328
2150.0,43,293.940615
950.0,22,294.022513
2100.0,21,294.114038
1850.0,37,294.329328
1100.0,22,294.414822
2700.0,54,294.808292
1625.0,35,294.979478
2450.0,49,295.148726
3350.0,67,295.980011
1400.0,28,296.119817
900.0,18,296.187742
1900.0,38,296.319308
1350.0,24,296.41824
4150.0,78,296.804319
575.0,14,296.867383
3050.0,61,297.124983
1350.0,27,297.298342
1600.0,32,297.473334
1700.0,34,297.647275
3875.0,41,297.812358
950.0,19,297.911101
2100.0,42,298.155791
1400.0,28,298.253174
1200.0,24,298.347093
2300.0,46,298.905533
725.0,17,298.969675
1300.0,26,299.057048
4900.0,49,299.21011
7200.0,72,299.471403
1350.0,27,299.57304
2400.0,48,299.759637
1800.0,36,299.914982
1250.0,25,300.003142
1200.0,24,300.136359
5300.0,53,300.356992
3100.0,62,300.55398
4200.0,84,301.614505
1900.0,19,301.676182
3500.0,35,301.794206
675.0,16,301.855061
1650.0,33,301.976613
3000.0,30,302.094677
1350.0,21,302.214506
2450.0,49,302.404445
1200.0,24,302.482156
2050.0,41,302.626043
1150.0,23,302.715426
2450.0,49,302.885026
1600.0,32,302.997878
2650.0,53,303.172349
6700.0,67,304.176885
1550.0,31,304.330158
1850.0,37,304.574533
2150.0,43,304.849366
650.0,13,304.929472
1500.0,22,305.055785
1300.0,26,305.188293
2450.0,49,305.452023
1300.0,26,305.554058
1100.0,22,305.684102
2975.0,32,305.89802
1900.0,38,306.179138
-6100.0,61,306.657281
2900.0,30,306.799084
2350.0,47,307.726313
2450.0,49,307.989461
1650.0,33,308.181421
1725.0,35,308.34096
1650.0,33,308.58177
1400.0,28,308.741972
900.0,18,308.832451
1250.0,25,308.946197
1550.0,31,309.107445
1300.0,26,309.239164
-3500.0,35,309.437616
1825.0,39,309.621983
1800.0,18,309.685367
1000.0,20,309.749839
3500.0,35,309.876076
1300.0,26,309.967394
2750.0,29,310.07322
1250.0,25,310.156325
4200.0,42,310.687159
2900.0,58,310.910128
2050.0,41,311.049474
1050.0,21,311.118382
1150.0,23,311.202161
1400.0,28,311.310118
1350.0,27,311.422128
1200.0,24,311.520149
3100.0,31,311.620083
1850.0,37,311.743734
2650.0,53,311.919081
3500.0,35,312.039316
1550.0,31,312.13591
1650.0,33,312.252599
900.0,18,312.324276
2250.0,45,313.179551
1650.0,33,313.28344
3350.0,67,313.513287
4900.0,98,313.94807
1775.0,38,314.073865
3600.0,72,314.460723
950.0,19,314.527976
1650.0,33,314.692088
1200.0,24,314.79476
3200.0,64,315.066558
1050.0,21,315.170993
2500.0,50,316.140124
1950.0,35,316.309793
1500.0,22,316.436917
1700.0,34,316.615234
1100.0,22,316.74689
2075.0,44,316.926633
4000.0,40,317.070433
1300.0,26,317.175929
2350.0,47,317.387771
2850.0,57,317.767566
1275.0,28,317.981247
4000.0,80,318.381508
1550.0,31,318.510091
1850.0,37,319.545763
2150.0,43,319.770169
1150.0,23,319.844302
1700.0,27,319.930597
3950.0,79,320.202158
900.0,18,320.385213
1100.0,22,320.498255
2000.0,40,320.720118
1700.0,34,320.842518
1850.0,34,320.981544
1450.0,29,321.113136
2250.0,60,321.384832
3250.0,65,321.666169
900.0,18,322.507506
1750.0,35,322.788255
1225.0,27,322.981946
2450.0,49,323.328326
1000.0,20,323.47667
2600.0,52,323.853195
3250.0,65,324.188466
4000.0,40,324.373196
-2500.0,25,324.522946
2000.0,27,324.701523
4600.0,46,324.982294
3650.0,73,325.334434
1950.0,39,325.515517
2000.0,40,326.541834
1900.0,38,326.772795
3200.0,64,327.16088
900.0,18,327.258838
1350.0,27,327.397691
2650.0,53,327.639307
1550.0,31,327.782056
900.0,18,327.868289
900.0,18,327.940428
1050.0,21,328.02835
1300.0,26,328.157552
2700.0,54,328.3847
1650.0,21,328.485525
3350.0,67,328.737599
1200.0,24,329.553492
4050.0,41,329.779099
1100.0,22,329.891234
1100.0,22,330.019773
2700.0,54,330.418241
1800.0,36,330.664332
6300.0,126,331.410708
1650.0,33,331.554063
1100.0,22,331.661112
4050.0,81,332.183684
2200.0,22,332.312047
1500.0,30,332.489878
2600.0,52,333.727795
1750.0,22,333.869319
1000.0,20,333.97388
875.0,20,334.084651
2500.0,50,334.378508
2400.0,48,334.656995
800.0,16,334.727461
2250.0,45,334.900996
3050.0,61,335.164216
1050.0,21,335.2631
1400.0,28,335.380724
1650.0,33,335.4964
1650.0,33,335.616184
1650.0,33,335.746719
1250.0,25,335.836621
1450.0,29,336.78402
4800.0,75,337.238375
1050.0,21,337.373429
900.0,18,337.500347
1050.0,21,337.663494
2250.0,45,337.964272
-9200.0,92,338.563266
4450.0,87,339.286919
1575.0,18,339.543202
2150.0,43,339.952028
1400.0,28,340.071033
1450.0,29,340.173835
1300.0,32,340.292606
2300.0,30,340.999943
4950.0,99,341.38277
900.0,18,341.454346
25.0,3,341.473144
1100.0,22,341.556037
2600.0,26,341.673055
125.0,5,341.693291
1225.0,27,341.811556
525.0,13,341.868418
2100.0,42,342.15118
1050.0,21,342.277477
1650.0,33,342.539655
1675.0,36,342.863127
1300.0,26,343.02215
-75.0,1,343.02798
3150.0,63,343.406945
900.0,18,343.538174
3300.0,33,344.19963
2000.0,20,344.262939
1250.0,25,344.338862
1300.0,26,344.416903
1650.0,33,344.537192
2200.0,44,344.673877
5600.0,107,345.044223
1950.0,21,345.146149
3800.0,76,345.533006
1400.0,28,345.684905
2650.0,53,345.96945
2150.0,43,346.11334
2400.0,48,346.787205
1300.0,26,346.908428
1100.0,22,347.030258
900.0,18,347.131116
1300.0,26,347.274966
1400.0,28,347.420644
2500.0,33,347.605399
2800.0,33,347.808656
1250.0,25,347.954167
1200.0,24,348.06755
1700.0,34,348.177794
2800.0,56,348.359274
2300.0,46,348.500513
2200.0,39,348.625816
2200.0,44,348.762778
1300.0,26,348.85405
4750.0,52,349.512866
4650.0,93,349.805113
1900.0,36,349.925313
375.0,25,350.005753
1800.0,33,350.099971
1600.0,32,350.196914
2150.0,43,350.322974
1800.0,36,350.441932
1650.0,33,350.54578
3050.0,61,350.742187
1050.0,21,350.811178
3700.0,37,350.94017
2300.0,46,351.53863
575.0,14,351.585096
2300.0,46,351.723974
1650.0,33,351.826033
2325.0,49,352.066794
1100.0,22,352.174301
2250.0,29,352.299122
1050.0,21,352.384857
2350.0,47,352.596563
1650.0,33,352.731424
1000.0,20,352.822691
1300.0,26,352.93368
2800.0,56,353.158758
1100.0,22,353.264685
900.0,18,353.441191
1000.0,20,353.52242
2250.0,45,354.700955
1125.0,25,354.868396
2650.0,53,355.161905
2200.0,44,355.30069
3350.0,67,355.504743
1100.0,18,355.559487
1450.0,29,355.634524
1100.0,22,355.692791
2400.0,24,355.754315
2150.0,43,355.86672
1100.0,22,355.926681
2250.0,45,356.047491
1000.0,20,356.100804
1200.0,24,356.17101
2850.0,57,356.332327
1150.0,23,356.836641
900.0,18,356.886952
4300.0,86,357.123162
-4000.0,40,357.228425
2150.0,43,357.339355
5000.0,50,357.469838
3700.0,37,357.568707
1700.0,34,357.66521
2050.0,41,357.778334
1200.0,24,357.846158
2150.0,43,357.962717
1000.0,20,358.017091
6700.0,67,358.644835
3100.0,31,358.732703
2950.0,59,358.886099
1250.0,25,358.950237
2050.0,41,359.066558
1850.0,37,359.172331
2375.0,50,359.371764
1950.0,39,359.485125
-4000.0,40,359.596027
2650.0,44,359.752192
2800.0,28,359.913412
2150.0,43,360.132138
1200.0,24,360.214684
1250.0,25,360.293097
1750.0,35,361.021912
1325.0,29,361.255892
4700.0,94,361.660672
900.0,18,361.822832
1250.0,25,361.959037
1750.0,35,362.087076
900.0,18,362.179106
1350.0,27,362.282406
2650.0,53,362.440219
3950.0,79,362.661248
1250.0,25,362.736893
1650.0,33,362.832483
1625.0,22,362.898978
3400.0,68,363.536796
1100.0,22,363.600377
1400.0,28,363.679007
925.0,21,363.737422
2650.0,53,363.891483
1550.0,27,363.967235
1550.0,23,364.03269
1350.0,27,364.115356
625.0,15,364.158992
2050.0,41,364.272169
1750.0,35,364.377424
900.0,18,364.437595
525.0,13,364.473017
2200.0,44,364.604697
2450.0,49,364.734797
3300.0,33,364.822551
1400.0,28,364.903149
2000.0,40,365.399919
1500.0,30,365.4899
5200.0,104,365.793927
1950.0,39,365.900106
2550.0,51,366.072605
1300.0,20,366.141294
2250.0,45,366.282984
1700.0,34,366.386681
900.0,18,366.435338
1750.0,35,366.53197
1350.0,27,366.609537
2200.0,44,366.731688
125.0,5,366.7466
1250.0,25,366.812967
1500.0,21,367.540568
1100.0,22,367.638631
3150.0,63,368.007296
1250.0,20,368.086358
2250.0,25,368.265399
1200.0,24,368.389171
1350.0,21,368.476314
3600.0,72,368.765909
1950.0,39,368.899069
2450.0,49,369.194919
1800.0,36,369.373261
2050.0,41,369.538704
2250.0,45,369.713667
975.0,23,369.7878
2300.0,46,370.612313
3150.0,63,370.859915
2700.0,54,371.044605
1550.0,31,371.177488
4600.0,46,371.428664
1100.0,22,371.517223
1300.0,26,371.615271
1300.0,26,371.702735
1700.0,34,371.820811
2850.0,57,372.015181
1200.0,24,372.099075
1100.0,22,372.168624
3100.0,31,372.257443
1400.0,28,372.347262
1000.0,20,372.834901
2000.0,27,372.910069
2050.0,41,373.022497
4000.0,80,373.249947
1100.0,22,373.317956
2300.0,46,373.458321
2700.0,54,373.635348
3400.0,68,373.845625
2800.0,56,374.017601
3200.0,64,374.222654
1850.0,37,374.339786
1100.0,22,374.924639
850.0,17,374.980986
3600.0,72,375.178267
3900.0,39,375.27545
2300.0,46,375.393842
2450.0,49,375.525162
1200.0,24,375.590148
2000.0,40,375.703486
1450.0,29,375.788715
1350.0,27,375.863281
1700.0,34,375.968486
2650.0,53,376.132387
2600.0,52,376.292887
3350.0,67,376.81068
1350.0,27,376.880839
1500.0,30,376.961194
3150.0,63,377.126419
2350.0,47,377.243052
2750.0,55,377.402036
1000.0,20,377.464648
500.0,10,377.494557
1100.0,22,377.560405
1850.0,37,377.671881
1300.0,26,377.741321
3450.0,69,377.91811
1200.0,24,377.97916
4000.0,80,378.539032
1500.0,30,378.646897
3000.0,60,378.91529
1300.0,26,378.986832
1200.0,24,379.080296
900.0,18,379.139938
1550.0,31,379.264046
1450.0,29,379.357486
2400.0,24,379.426908
900.0,18,379.474367
4100.0,41,379.590217
900.0,18,379.64254
950.0,19,379.695372
1950.0,24,379.760098
1700.0,34,379.850317
1900.0,38,379.962844
2850.0,57,380.568117
4150.0,83,380.859156
2400.0,48,381.032618
2750.0,40,381.185358
1700.0,34,381.29578
2350.0,47,381.447619
900.0,18,381.504896
1350.0,27,381.61542
2200.0,34,381.747836
1600.0,32,381.847101
1200.0,24,381.955598
1500.0,30,382.105433
2600.0,52,382.3987
1900.0,38,382.967129
2650.0,53,383.141803
1200.0,24,383.214896
1200.0,24,383.285222
1050.0,21,383.346986
1500.0,30,383.431962
1500.0,30,383.526572
3150.0,63,383.700812
2850.0,57,383.878552
1400.0,28,383.954018
3000.0,60,384.12185
1350.0,27,384.209594
3050.0,38,384.312014
425.0,11,384.342806
2450.0,49,384.805468
3500.0,35,384.902292
2450.0,49,385.064635
4000.0,40,385.186168
2450.0,31,385.27075
2050.0,41,385.380389
3800.0,38,385.476186
2700.0,54,385.631039
1100.0,22,385.696351
1200.0,24,385.758475
1150.0,23,385.820782
7400.0,74,386.021382
2050.0,41,386.153935
1950.0,39,386.644704
4200.0,42,386.764726
2050.0,41,386.896963
2750.0,55,387.067196
3700.0,74,387.272929
1050.0,21,387.327163
2800.0,28,387.405723
3000.0,60,387.573029
1850.0,37,387.67762
1800.0,36,387.785772
1150.0,23,387.846864
2400.0,48,387.9739
3550.0,71,388.531723
2250.0,45,388.657302
1950.0,39,388.769111
2400.0,48,388.919954
1375.0,30,389.05305
1450.0,29,389.132986
1450.0,20,389.192641
2100.0,42,389.330159
1050.0,21,389.401663
1800.0,36,389.551971
1300.0,26,389.735082
1850.0,37,389.994978
1650.0,42,390.244509
4100.0,41,390.389702
1800.0,36,390.940628
2200.0,44,391.08854
1750.0,35,391.218744
3100.0,31,391.336222
2800.0,56,391.52876
1100.0,22,391.597874
2000.0,36,391.709294
100.0,38,391.8228
1500.0,30,391.908563
2300.0,46,392.043058
1600.0,32,392.160285
3250.0,50,392.309483
1300.0,26,392.379658
1100.0,22,392.461268
1200.0,24,393.06441
1200.0,24,393.170959
925.0,21,393.250148
2150.0,24,393.341061
-2400.0,24,393.438264
1100.0,22,393.51807
1400.0,28,393.617764
1300.0,26,393.707633
900.0,18,393.761568
-5000.0,50,393.916279
2100.0,21,393.982608
1200.0,24,394.057464
1400.0,28,394.152855
3700.0,37,394.275508
2000.0,20,394.344996
175.0,4,394.356956
3600.0,48,394.556849
2300.0,46,394.798327
1000.0,20,394.887677
2650.0,53,395.74564
1100.0,22,395.831787
1300.0,26,395.923748
2000.0,40,396.097993
2250.0,45,396.26445
1300.0,26,396.350324
900.0,18,396.415051
1100.0,22,396.483717
2150.0,43,396.631862
1350.0,27,396.723682
2500.0,50,396.911809
3800.0,38,397.043416
3600.0,36,397.181157
3100.0,62,397.392147
2000.0,40,397.995109
2150.0,43,398.148052
2900.0,57,398.346279
2700.0,54,398.542286
2300.0,46,398.724007
1950.0,39,398.850046
2650.0,53,399.051682
1950.0,39,399.203085
2700.0,27,399.304997
1000.0,20,399.38815
2650.0,53,399.568631
1300.0,26,399.658607
1950.0,39,399.786515
2700.0,54,400.440164
1250.0,25,400.514443
2400.0,48,400.658996
2150.0,43,400.809831
1650.0,33,400.907151
3300.0,66,401.116819
2900.0,58,401.3171
2850.0,57,401.520481
3050.0,61,401.714139
2250.0,45,401.86011
2200.0,44,402.416517
2150.0,43,402.550246
1150.0,23,402.633416
2050.0,41,402.761398
-2800.0,28,402.842384
1400.0,28,402.925261
1100.0,22,403.015741
2700.0,54,403.26382
1200.0,24,403.336528
900.0,18,403.386133
2350.0,47,403.51933
3700.0,37,403.631557
1100.0,22,403.697048
2850.0,29,403.781544
1650.0,33,403.870548
3550.0,71,404.408953
3350.0,67,404.59099
3100.0,62,404.849777
1400.0,28,405.010787
2450.0,49,405.297291
1750.0,31,405.460777
850.0,29,405.6129
1600.0,32,405.78029
1100.0,22,405.895875
2150.0,43,406.121708
1600.0,18,406.233051
3250.0,65,406.646909
2000.0,46,407.966667
1050.0,16,408.091665
1550.0,26,408.267741
1950.0,30,408.573049
1700.0,34,408.79585
1400.0,28,408.942393
3700.0,74,409.365662
900.0,18,409.48018
1200.0,24,409.636075
1300.0,26,409.781966
1050.0,21,409.901724
1650.0,33,410.183172
1300.0,26,410.387858
1700.0,34,410.625223
1000.0,20,410.761526
5200.0,52,411.12627
1300.0,26,411.309771
1450.0,29,412.283832
1200.0,24,412.406297
2900.0,29,412.557412
4850.0,97,413.071924
400.0,35,413.249988
1200.0,24,413.369858
1850.0,37,413.61857
1050.0,21,413.786672
3500.0,70,414.13598
1050.0,21,414.244282
900.0,18,414.33792
3800.0,38,414.5323
1300.0,26,414.662842
3450.0,69,415.815731
2800.0,28,415.992263
-2100.0,21,416.116521
2650.0,53,416.508105
1750.0,35,416.74951
-3000.0,30,416.946434
600.0,30,417.130011
2800.0,28,417.294543
1350.0,26,417.457281
1750.0,35,417.671511
1300.0,26,417.844476
3700.0,37,418.102739
1800.0,36,418.305479
1675.0,36,418.522513
2900.0,58,418.96322
7700.0,77,420.397476
1950.0,33,420.605921
3100.0,62,421.012947
900.0,18,421.123011
2000.0,40,421.350082
2750.0,55,421.6394
1350.0,27,421.802216
3500.0,70,422.188653
1200.0,24,422.317031
75.0,4,422.3481
3800.0,38,422.548009
1250.0,25,422.663379
1600.0,32,422.837525
1350.0,27,423.078917
2250.0,45,424.663364
7000.0,70,425.298954
1600.0,32,425.545135
2000.0,40,425.877021
1150.0,23,426.099206
2300.0,46,426.551659
900.0,18,426.724889
1600.0,32,427.057887
900.0,18,427.23694
650.0,40,427.512407
-2625.0,28,427.676794
-3900.0,39,427.913533
4400.0,44,428.102265
2000.0,40,428.317283
900.0,18,429.386916
1700.0,34,429.600097
4700.0,47,429.917076
2850.0,57,430.279052
1100.0,22,430.423931
3850.0,77,430.938429
5100.0,51,431.272323
1300.0,26,431.449337
3150.0,63,431.858353
2450.0,49,432.164608
2800.0,56,432.517447
2150.0,43,433.723678
2350.0,47,434.052242
2000.0,40,434.335247
3450.0,69,434.629673
1700.0,34,434.799984
2800.0,56,435.105559
2100.0,42,435.308147
3550.0,71,435.633548
2650.0,53,435.888991
2400.0,48,436.116669
1250.0,25,437.086897
-6100.0,61,437.42582
1450.0,29,437.593503
1600.0,32,437.856435
2650.0,53,438.316468
1550.0,31,438.610266
100.0,20,438.77824
3700.0,37,439.070671
4200.0,42,439.462609
2050.0,41,439.856336
1400.0,28,440.189523
1650.0,33,440.526934
1450.0,29,440.805474
1100.0,22,441.036146
2000.0,20,441.197955
3000.0,60,442.379234
2500.0,50,442.658631
5000.0,100,443.069211
1100.0,22,443.169054
3450.0,69,443.449667
3100.0,62,443.726983
1400.0,28,443.839398
3050.0,61,444.151938
3550.0,71,444.447552
1300.0,26,445.256966
1050.0,21,445.353794
3400.0,34,445.519797
1500.0,30,445.661802
2200.0,36,445.812536
1200.0,24,445.906045
1000.0,20,445.983451
3250.0,65,446.404476
1300.0,26,446.589258
4050.0,81,447.190776
3550.0,71,447.751166
2450.0,49,448.147147
900.0,18,448.280974
-25.0,2,448.296902
2800.0,28,448.51495
1550.0,18,449.374374
2150.0,43,449.590971
4250.0,85,450.097952
1100.0,22,450.226906
1000.0,20,450.366716
2250.0,45,450.676284
1500.0,30,450.880378
4450.0,89,451.475595
1200.0,24,451.569043
2800.0,56,451.977479
3150.0,63,452.404619
2050.0,41,453.778296
1125.0,25,453.966758
2950.0,59,454.407029
3800.0,76,454.841024
1900.0,38,455.044044
900.0,18,455.136639
2150.0,43,455.352701
1050.0,21,455.467867
1000.0,20,455.572266
2650.0,53,455.849343
-3200.0,32,456.021627
1400.0,28,456.178416
2000.0,40,456.404159
1300.0,26,456.54226
1850.0,22,457.432011
1650.0,32,457.695941
1650.0,33,457.953661
3800.0,76,458.537701
950.0,19,458.687323
2100.0,42,459.024883
2450.0,49,459.457859
2300.0,46,459.732447
1300.0,26,459.858719
5600.0,56,460.117062
2200.0,44,460.448882
1250.0,25,460.644229
2250.0,25,460.850811
900.0,18,460.937561
1950.0,39,462.086558
375.0,10,462.136261
2750.0,55,462.424177
2600.0,52,462.707713
2850.0,57,463.173697
900.0,18,463.319603
1900.0,38,463.624619
3250.0,65,464.143605
4300.0,43,464.497429
1400.0,28,464.720668
1300.0,26,464.932325
3150.0,63,465.421187
6100.0,61,466.965996
1650.0,33,467.211876
5350.0,62,467.641835
1850.0,37,467.90272
1650.0,33,468.159367
1400.0,28,468.380813
1350.0,27,468.576816
950.0,19,468.711969
2250.0,45,469.048437
5050.0,101,469.443048
2050.0,41,469.596694
1250.0,25,469.703898
-2100.0,21,469.798023
1700.0,34,470.804515
1750.0,35,471.001068
900.0,18,471.07328
1100.0,22,471.163686
3750.0,75,471.462127
1050.0,21,471.533027
1050.0,21,471.609347
1150.0,23,471.691082
1050.0,21,471.772032
1550.0,31,471.880149
2450.0,49,472.078528
3700.0,37,472.221075
3100.0,62,472.481334
2000.0,40,472.708456
2750.0,55,473.618445
1350.0,27,473.744636
1800.0,36,473.895933
1100.0,22,473.9862
1900.0,29,474.100532
750.0,12,474.140558
3300.0,66,474.442256
-3800.0,38,474.670831
3800.0,38,474.970074
4050.0,81,475.447485
925.0,21,475.543324
4000.0,40,475.685701
1150.0,23,475.783128
-2200.0,22,475.881052
5700.0,57,476.760211
2550.0,51,477.019428
1700.0,34,477.272896
4250.0,85,477.697483
4750.0,52,477.934711
-4400.0,44,478.240286
900.0,18,478.312596
1200.0,24,478.409744
1150.0,23,478.502107
2150.0,43,478.665957
1550.0,31,478.777126
3050.0,61,479.02746
1350.0,27,479.825011
1250.0,25,479.930694
2700.0,54,480.186441
1350.0,27,480.284847
1300.0,26,480.398834
2200.0,33,480.561961
3000.0,30,480.716256
1500.0,30,480.93555
1100.0,22,481.144224
1650.0,42,481.484875
3500.0,35,481.72167
1300.0,26,481.954173
4100.0,82,482.36154
5100.0,51,482.568009
1950.0,39,483.508392
1600.0,32,483.718854
3000.0,60,484.184398
1900.0,38,484.394405
2050.0,41,484.565571
1100.0,22,484.648923
2150.0,43,484.875011
-4200.0,42,485.168224
1300.0,26,485.328956
-4300.0,43,485.494067
1600.0,32,485.662226
1900.0,38,485.926136
1200.0,24,486.084353
3900.0,39,486.321737
2150.0,49,487.358464
1950.0,39,487.56441
2150.0,43,487.722647
1300.0,26,487.819571
3700.0,43,487.994262
2300.0,46,488.155613
3100.0,31,488.299068
1350.0,27,488.414621
800.0,16,488.486336
900.0,18,488.562013
1400.0,28,488.710834
2750.0,55,489.099873
1500.0,30,489.316627
1850.0,37,489.576874
1350.0,27,489.711177
1800.0,27,490.612241
2200.0,44,490.79238
2750.0,55,491.13682
1400.0,28,491.280599
3950.0,79,491.714767
2200.0,44,491.981646
1600.0,32,492.190853
1550.0,31,492.393092
2550.0,51,492.675098
1200.0,24,492.773664
1400.0,28,492.879971
1700.0,34,493.014151
3050.0,61,493.977856
2450.0,49,494.218397
1800.0,36,494.393309
2450.0,49,494.607121
-2400.0,24,494.710632
2450.0,30,494.836988
3800.0,38,495.026763
2250.0,45,495.197031
1650.0,33,495.323884
4100.0,41,495.511136
4450.0,89,495.865245
3250.0,53,496.083919
2500.0,50,497.058246
4800.0,48,497.302297
1600.0,32,497.469986
2150.0,43,497.781971
2750.0,55,498.15521
900.0,18,498.31155
2100.0,42,498.535832
2800.0,28,498.693074
3400.0,34,498.856298
900.0,18,498.946052
1600.0,32,499.080298
4700.0,47,499.344107
3000.0,30,499.497482
2450.0,49,500.376244
1900.0,38,500.558373
2550.0,51,500.774843
3750.0,75,501.057852
1500.0,30,501.188866
1850.0,37,501.353269
900.0,18,501.483385
2200.0,34,501.654905
2300.0,46,501.888855
1400.0,28,502.027197
2900.0,58,502.324128
1100.0,22,502.440437
-2800.0,28,502.57801
3700.0,37,502.715704
2150.0,43,503.572691
1850.0,37,503.709941
1300.0,26,503.81504
5200.0,52,504.117222
375.0,10,504.186373
4100.0,41,504.382724
2000.0,40,504.575262
900.0,18,504.668623
2550.0,51,504.933758
325.0,9,504.993682
5600.0,56,505.260722
2075.0,44,505.456456
3050.0,61,505.730811
-3600.0,36,506.556595
1100.0,22,506.677898
2650.0,53,506.96527
3200.0,64,507.327101
1650.0,23,507.448328
1800.0,36,507.644007
1400.0,28,507.7929
-2400.0,24,507.89138
1300.0,26,508.019098
1350.0,27,508.157778
4000.0,40,508.36001
1250.0,25,508.497443
2300.0,46,508.755661
1500.0,30,508.913297
2650.0,53,509.164802
2750.0,55,509.968746
3500.0,70,510.286336
3000.0,30,510.435002
1750.0,35,510.565138
1450.0,20,510.639682
-4300.0,43,510.810822
2700.0,54,511.013857
2200.0,22,511.098229
1250.0,25,511.199314
3500.0,35,511.340388
1750.0,35,511.466408
2500.0,28,511.585844
2900.0,58,511.819597
4150.0,83,513.066064
3100.0,62,513.516178
2450.0,49,513.895446
1800.0,36,514.185234
3600.0,72,514.771665
1400.0,28,515.01309
1150.0,23,515.200456
3300.0,33,515.480056
2325.0,49,515.876295
2250.0,45,516.244163
2500.0,50,517.599825
4100.0,82,518.057912
4500.0,45,518.287333
1100.0,22,518.396537
1400.0,28,518.513484
1950.0,39,518.743567
1000.0,20,518.884435
1200.0,24,519.027124
900.0,18,519.089711
1900.0,38,519.233968
4200.0,42,519.395014
-4000.0,40,519.550289
1250.0,25,519.690179
3250.0,65,520.039763
1800.0,36,521.017972
900.0,18,521.091764
1900.0,38,521.243843
1750.0,35,521.351158
750.0,15,521.396778
1800.0,36,521.505881
2300.0,46,521.636855
1300.0,26,521.708961
1400.0,28,521.786662
-2400.0,24,521.853856
1700.0,34,521.950916
2300.0,28,522.028126
1200.0,24,522.095102
1250.0,25,522.167058
2475.0,52,522.32129
1400.0,28,522.410182
-4400.0,44,522.953035
1000.0,20,523.015974
2800.0,56,523.181907
1300.0,26,523.256528
2550.0,51,523.424773
4100.0,82,523.656838
3500.0,35,523.763152
2200.0,42,523.878405
2100.0,21,523.934618
2900.0,58,524.09367
2000.0,20,524.147185
1000.0,20,524.206563
2050.0,41,524.328362
2900.0,58,524.944947
1300.0,26,525.024285
1200.0,24,525.106538
3400.0,68,525.312225
800.0,16,525.359912
2300.0,46,525.49813
2150.0,43,525.629412
1350.0,27,525.711274
-2500.0,25,525.785847
2650.0,53,525.942048
3700.0,37,526.049536
2750.0,55,526.227221
1200.0,24,526.325364
2250.0,29,526.430306
3100.0,31,527.275572
2300.0,26,527.415877
2100.0,42,527.630187
5600.0,56,527.959502
2950.0,59,528.232235
4200.0,42,528.410575
1950.0,39,528.611398
2600.0,52,528.816457
2000.0,29,528.896801
3000.0,60,529.068645
2450.0,49,529.203061
1850.0,37,529.313645
2450.0,36,529.773285
1000.0,20,529.830035
2100.0,42,529.954843
1600.0,32,530.041364
1900.0,38,530.142823
2200.0,44,530.268713
1700.0,34,530.368712
1200.0,24,530.435674
2700.0,54,530.59374
2150.0,43,530.71761
2950.0,59,530.890491
1700.0,34,531.007389
1200.0,24,531.075608
2350.0,47,531.57811
1950.0,39,531.690438
800.0,16,531.746924
4300.0,43,531.873559
2900.0,58,532.06383
3400.0,34,532.162686
1900.0,26,532.23342
2000.0,40,532.345083
-5600.0,56,532.501167
1850.0,34,532.601974
2550.0,51,532.753983
1150.0,23,532.815995
1900.0,38,532.921107
3850.0,77,533.603704
3050.0,61,533.847297
5200.0,52,534.064645
2400.0,24,534.167155
2800.0,56,534.365018
3050.0,61,534.651435
2300.0,46,534.853725
1300.0,26,535.049591
2050.0,41,535.323022
4050.0,43,535.591038
1450.0,29,535.732806
3350.0,67,536.565857
-2400.0,24,536.633101
2250.0,45,536.754663
2600.0,52,536.921615
1050.0,24,537.001472
1050.0,21,537.079118
1725.0,37,537.199949
1100.0,22,537.26356
900.0,18,537.313537
1450.0,29,537.404056
-4500.0,45,537.525879
1200.0,24,537.589539
2000.0,40,537.733382
900.0,18,537.79748
1200.0,24,537.869144
5700.0,57,538.025692
1300.0,26,538.447241
1950.0,39,538.562736
2050.0,41,538.687304
1300.0,26,538.765848
1700.0,34,538.865601
1050.0,21,538.928661
2350.0,47,539.063724
2850.0,57,539.241059
1700.0,34,539.337218
2300.0,46,539.469108
-2100.0,21,539.531469
1450.0,29,539.621423
1050.0,21,539.700902
1250.0,25,539.771821
2200.0,44,539.889727
2400.0,48,540.338562
2900.0,30,540.418467
1200.0,24,540.48301
3100.0,32,540.568611
2950.0,59,540.718953
1250.0,25,540.78301
1050.0,21,540.839764
1000.0,32,540.92774
1250.0,25,540.997781
1700.0,34,541.093377
1300.0,26,541.160876
2150.0,43,541.295308
-4100.0,41,541.463232
1550.0,31,541.586442
2600.0,52,542.387695
1000.0,20,542.476902
1200.0,24,542.592057
2450.0,49,542.849951
1375.0,30,543.015067
1550.0,37,543.165934
1050.0,21,543.254522
1950.0,39,543.481592
1350.0,27,543.651346
2350.0,47,543.829393
1550.0,31,543.919198
1250.0,25,543.982776
3000.0,60,544.133543
4900.0,98,544.813804
1300.0,26,544.884909
2400.0,28,544.959847
4350.0,73,545.150321
2150.0,43,545.261156
2900.0,58,545.41468
2100.0,60,545.582496
2150.0,43,545.69793
3000.0,60,545.862019
2950.0,59,546.055446
1950.0,39,546.186554
3175.0,66,546.698226
800.0,16,546.739656
4650.0,48,546.873704
1300.0,26,546.940748
2000.0,40,547.044683
5300.0,53,547.186104
1700.0,34,547.278495
1700.0,34,547.367657
1775.0,38,547.471375
1500.0,28,547.554155
800.0,16,547.597566
1600.0,32,547.681941
1250.0,25,547.747787
2000.0,28,547.822246
1550.0,31,547.906682
2450.0,49,548.479182
4400.0,44,548.654822
1500.0,25,548.744274
2900.0,58,549.027671
1300.0,26,549.119022
1350.0,27,549.208675
1350.0,27,549.323075
1400.0,28,549.427632
-4700.0,47,549.613481
1550.0,31,549.776602
1950.0,35,549.953743
1350.0,27,550.088637
3000.0,60,550.486385
2700.0,54,551.226093
3900.0,39,551.359021
2850.0,57,551.609328
1850.0,37,551.714849
2800.0,56,551.878498
3450.0,69,552.08901
2300.0,46,552.208871
-25.0,2,552.214592
1600.0,28,552.287882
1000.0,20,552.34002
1350.0,27,552.413555
2850.0,57,552.573309
-3900.0,39,552.680284
2900.0,58,553.19237
2450.0,49,553.327967
900.0,18,553.375162
2100.0,42,553.484068
2600.0,52,553.617047
2700.0,54,553.753397
4950.0,99,554.010851
1500.0,30,554.090613
1000.0,38,554.190531
2250.0,45,554.311824
1550.0,31,554.394649
1000.0,20,554.832089
2350.0,47,554.951768
1450.0,29,555.027529
1750.0,32,555.10707
2075.0,44,555.224978
1200.0,24,555.286391
3050.0,61,555.438904
2450.0,49,555.603635
2600.0,52,555.799701
2200.0,44,555.97279
1050.0,21,556.051666
900.0,18,556.123738
1050.0,21,556.213079
2350.0,47,556.408951
1350.0,27,557.073902
3800.0,38,557.261047
1400.0,28,557.372198
2500.0,50,557.551463
2400.0,48,557.725407
3600.0,72,557.990205
1100.0,22,558.069831
2850.0,57,558.250991
4700.0,47,558.372751
1200.0,24,558.432889
2150.0,43,558.546598
2300.0,46,558.669192
1300.0,26,558.736948
1050.0,39,559.177362
2250.0,36,559.270128
1300.0,26,559.336557
4400.0,88,559.564532
1150.0,23,559.625374
2600.0,52,559.812132
1200.0,24,559.887203
2250.0,24,559.963165
1350.0,27,560.045634
900.0,18,560.097924
1900.0,38,560.214224
1400.0,28,560.330103
1500.0,30,560.426462
1300.0,26,560.510613
1200.0,24,560.593752
1150.0,23,561.169448
1850.0,37,561.336209
-2100.0,21,561.425835
1050.0,21,561.499703
1500.0,30,561.592595
900.0,18,561.646172
3100.0,62,561.834904
2300.0,46,561.990104
1425.0,31,562.111348
1300.0,26,562.19041
1150.0,23,562.26504
4200.0,43,562.430624
2250.0,45,562.601149
2500.0,50,562.790807
2650.0,42,562.92824
1400.0,28,563.649631
1300.0,26,563.759399
2700.0,27,563.846999
1550.0,31,563.942328
2300.0,46,564.090543
3150.0,63,564.313633
1275.0,28,564.400147
2400.0,48,564.567321
1800.0,36,564.733391
1100.0,22,564.850866
1050.0,21,564.924636
1050.0,21,564.992438
1450.0,29,565.084357
1200.0,24,565.169967
2600.0,52,565.38561
1100.0,22,565.869108
900.0,18,565.926454
1850.0,37,566.03475
900.0,18,566.086889
3800.0,38,566.20507
1750.0,35,566.309088
2300.0,46,566.47326
2200.0,44,566.599978
2450.0,49,566.746677
3900.0,39,566.876942
900.0,18,566.935733
1750.0,27,567.010789
1050.0,21,567.07335
900.0,18,567.129315
1400.0,28,567.2069
2700.0,54,567.397325
3350.0,67,567.948751
1250.0,24,568.009406
1300.0,26,568.081174
1100.0,22,568.138124
1300.0,26,568.216172
900.0,18,568.269847
4600.0,51,568.407228
2250.0,45,568.531913
2050.0,41,568.643323
5100.0,51,568.781209
1400.0,28,568.851805
2050.0,41,568.959027
3300.0,33,569.044
800.0,16,569.084651
1050.0,21,569.139124
1250.0,25,569.541357
2600.0,52,569.685459
-2500.0,25,569.75193
2100.0,42,569.863121
1050.0,21,569.919572
4100.0,41,570.026009
5600.0,56,570.165685
1100.0,22,570.221002
3100.0,31,570.299026
2050.0,30,570.377179
2050.0,41,570.485235
2650.0,53,570.620387
1450.0,29,570.694981
2250.0,45,570.809204
1050.0,21,571.180273
1850.0,37,571.275826
1750.0,35,571.364462
1650.0,33,571.447424
2850.0,57,571.596854
1950.0,39,571.698491
2200.0,44,571.807996
2700.0,54,571.9572
1150.0,23,572.025199
3000.0,30,572.103035
2100.0,42,572.21104
3400.0,68,572.395951
700.0,14,572.432297
1850.0,37,572.859103
2050.0,41,572.963372
1200.0,24,573.024221
2650.0,44,573.134389
2300.0,46,573.247607
3950.0,59,573.394224
1800.0,36,573.482167
1800.0,36,573.573798
2300.0,30,573.653012
1200.0,24,573.714561
2700.0,54,573.848977
1250.0,25,573.911159
1900.0,38,574.007263
1300.0,26,574.07227
-2500.0,25,574.133529
1250.0,25,574.501503
2250.0,45,574.616933
2850.0,57,574.761518
2150.0,43,574.87357
2900.0,58,575.016992
1750.0,35,575.130706
1050.0,21,575.211759
3800.0,38,575.32092
-4200.0,42,575.426409
1750.0,22,575.483664
2350.0,47,575.600844
1100.0,22,575.659203
1100.0,22,575.718852
2100.0,21,575.789347
2100.0,42,576.29482
2150.0,43,576.41976
1750.0,35,576.519061
1550.0,27,576.590831
1350.0,27,576.660533
4900.0,49,576.786169
2900.0,29,576.85851
1500.0,30,576.933676
2500.0,50,577.058052
1050.0,21,577.110875
1750.0,35,577.19824
4250.0,85,577.4166
950.0,34,577.511476
7950.0,159,578.271926
2500.0,50,578.396572
2900.0,58,578.547837
1000.0,20,578.601745
2700.0,54,578.743036
2600.0,52,578.872642
1650.0,33,578.956538
2650.0,53,579.088696
1150.0,23,579.145313
2350.0,47,579.581118
4500.0,45,579.711929
1650.0,33,579.800874
1100.0,22,579.858688
900.0,18,579.907147
2700.0,54,580.051675
4400.0,44,580.163314
1350.0,27,580.231623
1050.0,21,580.285402
2300.0,46,580.408786
1000.0,19,580.459621
1450.0,29,580.534188
1050.0,21,580.592402
2000.0,40,580.70022
-2600.0,26,580.770232
-2600.0,26,580.838299
2900.0,58,581.306925
1400.0,28,581.385022
1150.0,23,581.452349
2750.0,55,581.633979
2800.0,28,581.718093
2400.0,48,581.858658
1000.0,20,581.91615
1650.0,33,582.006059
1050.0,21,582.075603
3550.0,46,582.210342
2400.0,48,582.32918
2300.0,46,582.452829
3150.0,45,582.584936
2200.0,44,583.095333
1500.0,30,583.172359
2800.0,56,583.319503
2200.0,44,583.432948
2100.0,60,583.593894
1700.0,34,583.689034
2150.0,43,583.799201
4000.0,40,583.906443
2600.0,46,584.03265
1200.0,24,584.094971
800.0,16,584.146811
-4000.0,40,584.248804
1200.0,24,584.315354
900.0,18,584.369503
3300.0,66,584.909653
1100.0,22,584.972461
1300.0,26,585.04791
4050.0,81,585.273428
1350.0,27,585.345829
1300.0,26,585.414666
2300.0,46,585.540322
1350.0,27,585.611278
2350.0,47,585.733748
1100.0,22,585.790839
2800.0,56,585.937036
950.0,19,585.985867
1550.0,31,586.066361
1550.0,31,586.14451
1850.0,37,586.646831
1900.0,38,586.860867
1200.0,24,586.98855
-4600.0,46,587.373792
-3900.0,39,587.692197
2700.0,54,588.087811
1800.0,36,588.35116
2600.0,52,588.744107
2700.0,54,589.135845
3400.0,68,589.806559
2500.0,50,590.156373
2050.0,41,591.173105
1400.0,28,591.326408
1150.0,23,591.45885
1850.0,37,591.685296
3050.0,61,592.028187
-2300.0,23,592.155766
-4000.0,40,592.385047
1200.0,24,592.528115
1350.0,27,592.687476
1200.0,24,592.832426
2900.0,29,592.999676
2000.0,40,593.231417
2200.0,44,593.492415
1100.0,22,593.623978
2600.0,52,593.925639
2700.0,27,594.078799
950.0,19,594.941252
1700.0,31,595.111827
-2100.0,21,595.229657
1650.0,33,595.466126
5100.0,102,596.071843
1000.0,20,596.191229
2300.0,46,596.465933
2200.0,22,596.598833
5500.0,55,596.918789
1150.0,23,597.047992
1000.0,20,597.161288
4050.0,81,597.617133
4400.0,44,598.557014
1050.0,21,598.674414
1750.0,22,598.794058
3600.0,72,599.176168
1050.0,21,599.283276
3150.0,38,599.476357
2150.0,43,599.69793
1150.0,23,599.816755
-2700.0,27,599.952892
1300.0,26,600.085469
2750.0,55,600.343036
2200.0,22,600.439358
1250.0,25,600.555074
900.0,18,600.643516
1450.0,29,600.800875
1800.0,36,600.970726
2400.0,48,602.158796
1800.0,36,602.344208
900.0,18,602.440941
1750.0,35,602.601375
2750.0,55,602.887561
3250.0,65,603.303681
3700.0,37,603.531164
2100.0,42,603.843288
2250.0,45,604.198092
950.0,19,604.349448
3900.0,39,604.674564
2100.0,42,605.039744
1050.0,21,605.215012
3700.0,37,605.507198
2300.0,46,606.797758
-2500.0,25,606.987941
4800.0,48,607.341285
1850.0,37,607.625021
2800.0,28,607.802273
1250.0,25,607.9362
1750.0,35,608.229543
3350.0,67,608.785788
2700.0,54,609.225722
3100.0,31,609.482136
2200.0,44,609.873411
3550.0,71,610.520523
1200.0,24,611.637527
1450.0,29,611.774615
2500.0,50,612.015513
1000.0,20,612.124972
2000.0,40,612.334231
2000.0,40,612.546798
1400.0,28,612.696868
4400.0,44,612.955512
1650.0,33,613.132401
-4300.0,43,613.37812
2300.0,46,613.644657
1200.0,24,613.782792
1000.0,20,613.897197
1050.0,21,614.027387
-9300.0,93,615.182781
4100.0,41,615.343662
1650.0,33,615.470821
2800.0,28,615.655821
2350.0,47,616.017883
2450.0,49,616.402541
3100.0,31,616.62735
4100.0,41,616.941668
1200.0,24,617.127744
1450.0,23,617.323663
1250.0,25,617.515151
2750.0,55,617.880235
4100.0,82,619.380488
900.0,18,619.448096
3500.0,35,619.584835
1400.0,21,619.69429
1200.0,24,619.820337
1650.0,28,619.968709
1200.0,24,620.108119
1550.0,31,620.291158
4650.0,93,620.830605
1950.0,39,621.102917
1650.0,33,621.313859
5000.0,50,621.608317
2000.0,40,621.830433
1750.0,35,622.026096
1150.0,23,622.175201
2650.0,53,623.669818
2100.0,21,623.841122
2650.0,53,624.32727
1250.0,25,624.55255
2100.0,42,624.944972
2300.0,46,625.365365
3250.0,65,625.963712
1950.0,39,626.310335
2450.0,49,626.66292
950.0,19,626.802134
1500.0,30,626.976225
3400.0,34,627.113078
1450.0,29,627.239619
3900.0,42,628.409245
4250.0,85,629.070508
-2700.0,27,629.281001
1400.0,28,629.502402
4100.0,41,629.825202
1850.0,37,630.142089
900.0,18,630.276393
950.0,19,630.422537
2350.0,47,630.799948
3300.0,66,631.125756
1650.0,33,631.31044
900.0,18,631.414373
3000.0,60,631.737009
4000.0,40,633.006992
-5400.0,54,633.483166
1650.0,33,633.778601
2400.0,48,634.260781
4900.0,49,634.690153
5600.0,56,635.165338
3050.0,61,635.648683
1250.0,25,635.843545
3700.0,37,636.130498
1850.0,24,636.323289
1150.0,21,636.493034
1950.0,39,636.747435
1000.0,20,636.869212
1850.0,24,637.857536
1750.0,35,638.076317
1150.0,23,638.221085
2200.0,44,638.500304
1150.0,23,638.640877
2650.0,53,638.985423
2300.0,46,639.27022
2200.0,44,639.561644
2950.0,57,639.915905
3050.0,33,640.117129
1300.0,26,640.282331
3000.0,60,640.659642
900.0,18,640.773539
2550.0,40,641.024117
2350.0,47,642.144513
2375.0,26,642.24812
3550.0,71,642.505262
2550.0,51,642.683871
1800.0,36,642.812751
3200.0,64,643.050877
1400.0,28,643.158654
4500.0,90,643.495442
1100.0,22,643.578925
3150.0,63,643.835874
2150.0,43,644.71673
1450.0,29,644.865161
1200.0,24,644.996446
2350.0,47,645.263979
3050.0,61,645.591071
5900.0,59,645.811602
900.0,18,645.903843
1900.0,38,646.119906
1550.0,31,646.247972
2150.0,43,646.515528
2100.0,42,646.759956
1900.0,38,646.928501
-2100.0,21,647.017188
3600.0,36,648.031995
900.0,18,648.101395
2400.0,48,648.286156
900.0,18,648.348125
2950.0,59,648.551991
2300.0,46,648.762001
1500.0,24,648.925966
2450.0,49,649.165338
-2300.0,23,649.27769
2100.0,42,649.489493
1300.0,26,649.617914
1350.0,27,649.743019
1300.0,26,649.86371
1250.0,25,649.982475
1050.0,21,650.093236
25.0,3,650.109331
1600.0,30,650.254452
2000.0,40,651.130642
1200.0,24,651.281858
1350.0,27,651.409191
2150.0,43,651.629656
2900.0,29,651.763809
1650.0,33,651.93327
2000.0,40,652.209449
1350.0,27,652.397827
2600.0,48,652.716274
1950.0,39,652.976177
2300.0,46,653.198469
1700.0,34,653.416416
2200.0,44,653.621909
1450.0,29,653.725459
1300.0,26,653.839993
1800.0,36,654.505084
2300.0,46,654.709028
1400.0,28,654.81145
850.0,17,654.885369
-2200.0,22,655.012213
1300.0,26,655.151432
1350.0,27,655.286207
550.0,11,655.322864
1550.0,31,655.424834
900.0,18,655.492954
1050.0,21,655.596808
2200.0,44,655.77611
2400.0,24,655.868861
2050.0,41,656.029515
1050.0,21,656.114506
1300.0,26,656.256218
1500.0,30,656.426151
2150.0,43,656.610462
3100.0,31,657.327075
1550.0,31,657.522732
1050.0,21,657.615268
2400.0,45,657.774012
1350.0,27,657.878448
1500.0,30,657.995499
1200.0,24,658.091156
1950.0,39,658.237278
2350.0,47,658.435312
1700.0,34,658.623383
3800.0,76,658.999737
1050.0,21,659.084073
3250.0,65,659.372171
975.0,12,659.422692
1550.0,31,660.276494
1200.0,24,660.37839
2350.0,47,660.567862
900.0,18,660.638078
2300.0,23,660.753473
3150.0,63,661.033521
2150.0,23,661.125768
2150.0,43,661.289871
1150.0,23,661.36575
1800.0,36,661.491086
-3600.0,36,661.624631
1550.0,31,661.731193
1200.0,24,661.814867
1200.0,24,661.950502
1650.0,33,662.161335
1850.0,37,662.341167
1250.0,25,663.109981
1200.0,24,663.24686
1200.0,24,663.382656
1450.0,29,663.561785
1050.0,21,663.64699
-3500.0,35,663.789656
1400.0,28,663.89834
1350.0,27,664.007764
1050.0,21,664.100889
1250.0,25,664.213714
1800.0,31,664.395617
2400.0,48,664.687882
2400.0,48,664.909933
1300.0,26,664.99775
1650.0,33,665.177242
5600.0,56,665.404787
1250.0,25,666.205909
1400.0,28,666.322759
2700.0,54,666.534213
2400.0,48,666.752345
2300.0,46,666.935312
1900.0,30,667.107061
3550.0,71,667.44405
3700.0,37,667.672959
1550.0,31,667.877936
1150.0,23,668.040205
900.0,18,668.133806
2450.0,31,668.306726
475.0,12,668.353505
-2400.0,24,668.451852
5800.0,116,669.659101
3000.0,60,669.90216
1200.0,24,669.994316
1600.0,32,670.118769
2600.0,29,670.235874
3300.0,33,670.363427
-2500.0,25,670.458912
1200.0,24,670.550463
3200.0,64,670.803357
1200.0,24,670.88205
2750.0,55,671.103019
1350.0,27,671.238605
1150.0,23,671.360291
3450.0,69,672.292777
6500.0,65,672.681706
1700.0,27,672.788713
1600.0,32,672.91699
2350.0,47,673.100405
1750.0,35,673.225967
-2400.0,24,673.319973
1850.0,37,673.473699
1600.0,32,673.622284
2500.0,50,673.849143
1600.0,24,673.984252
3800.0,38,674.145184
3600.0,72,675.243639
3300.0,66,675.546856
2250.0,45,675.77405
1200.0,24,675.900327
1100.0,22,676.005982
2500.0,50,676.222112
5700.0,57,676.46345
3300.0,66,676.728774
2050.0,41,676.923284
4400.0,44,677.121259
1200.0,24,677.210869
2900.0,29,677.318029
1300.0,26,677.421262
1500.0,22,678.075361
2900.0,58,678.390723
1050.0,21,678.485455
2800.0,56,678.754217
2100.0,42,678.952713
2600.0,52,679.195071
2250.0,45,679.391739
1350.0,27,679.495094
3400.0,68,679.73997
1400.0,28,679.83521
2700.0,29,679.94225
2400.0,48,680.107511
1250.0,25,680.195178
4250.0,56,681.037795
1350.0,24,681.168703
1050.0,21,681.278459
1850.0,37,681.458303
1900.0,38,681.637155
1100.0,25,681.74929
900.0,18,681.83395
1550.0,31,681.985464
2750.0,55,682.35485
4800.0,48,682.697269
2100.0,42,683.008372
2750.0,55,683.394079
3900.0,39,683.691079
2900.0,29,684.789052
-3100.0,31,684.910954
2800.0,56,685.128655
-3400.0,34,685.237866
1450.0,29,685.331326
2300.0,46,685.501953
2350.0,47,685.676818
1100.0,22,685.759046
1350.0,27,685.851625
2250.0,45,686.021293
4300.0,86,686.320255
1250.0,25,686.406703
1000.0,20,686.489481
4200.0,42,687.273903
1550.0,31,687.476409
2250.0,45,687.734946
900.0,18,687.79042
2200.0,44,687.91217
2900.0,58,688.078749
1750.0,35,688.192084
1200.0,24,688.278335
900.0,18,688.339951
900.0,18,688.410658
1900.0,38,688.535996
1500.0,30,688.634529
1450.0,29,688.719046
1100.0,22,688.778498
3100.0,31,688.873639
2900.0,58,689.076866
3650.0,73,689.712453
1550.0,31,689.819511
1500.0,30,689.934099
1200.0,24,690.028843
1650.0,33,690.168554
1450.0,29,690.294157
1100.0,22,690.407371
2300.0,46,690.615003
900.0,18,690.681376
1100.0,22,690.749672
1200.0,24,690.822007
1300.0,26,690.905146
2650.0,53,691.080282
6600.0,66,691.303358
3100.0,31,691.907443
1550.0,31,691.997432
-2700.0,27,692.075157
1325.0,29,692.160839
750.0,15,692.210093
425.0,11,692.241406
3300.0,33,692.35304
900.0,18,692.409068
1200.0,24,692.47905
1600.0,32,692.573609
1850.0,37,692.696228
2200.0,44,692.850846
1100.0,22,692.950371
-5500.0,55,693.170681
1650.0,33,693.328009
1150.0,23,693.398643
2600.0,52,693.589961
1050.0,21,694.329853
1300.0,26,694.521616
1300.0,25,694.683944
1550.0,31,694.85598
1550.0,31,694.982506
1300.0,26,695.122013
2650.0,51,695.423663
2100.0,42,695.577987
1200.0,24,695.689932
3000.0,31,695.77113
1100.0,22,695.859638
1900.0,38,695.968204
1900.0,38,696.071209
1150.0,23,696.143532
1450.0,29,696.218636
4150.0,83,696.778502
-4400.0,44,696.892764
4050.0,81,697.105634
3900.0,39,697.209469
800.0,16,697.254549
1000.0,20,697.311197
1450.0,29,697.385828
1050.0,21,697.439293
1650.0,33,697.520512
3450.0,69,697.733372
2550.0,51,697.887999
1400.0,28,697.961772
1400.0,28,698.036932
2500.0,50,698.505054
2950.0,59,698.661106
1250.0,40,698.76748
-3500.0,35,698.868566
2150.0,43,698.980687
900.0,18,699.026894
1000.0,20,699.077938
2200.0,44,699.191035
1700.0,34,699.277015
1700.0,34,699.370827
1800.0,36,699.575449
2650.0,53,699.811494
-2700.0,27,699.929417
1050.0,21,700.065192
1100.0,22,700.171162
1250.0,25,700.810697
1500.0,30,700.931223
1600.0,20,701.005352
1750.0,35,701.151659
1350.0,21,701.263151
3000.0,60,701.472755
1550.0,31,701.572724
1450.0,29,701.69549
1550.0,31,701.831517
125.0,5,701.846043
2100.0,21,701.906474
950.0,19,701.964166
1250.0,25,702.034534
1600.0,28,702.110922
2200.0,44,702.226784
1050.0,21,702.28411
900.0,18,702.33367
3450.0,69,702.512203
2150.0,43,702.940565
1100.0,22,702.99613
2500.0,25,703.060944
1250.0,25,703.125706
1850.0,37,703.220179
2550.0,51,703.359953
4500.0,45,703.473126
4400.0,44,703.581162
2000.0,40,703.683897
2100.0,42,703.788711
2950.0,59,703.941595
-7300.0,73,704.131436
1850.0,31,704.578938
1700.0,34,704.663181
2900.0,33,704.753273
1600.0,32,704.834932
2950.0,59,704.989462
1000.0,20,705.043917
4500.0,90,705.281817
1100.0,22,705.336971
2500.0,50,705.46108
1050.0,21,705.513532
3050.0,61,705.679829
1400.0,28,705.796361
3000.0,30,705.903552
3500.0,70,706.669702
2000.0,40,706.896531
1200.0,24,706.998755
1250.0,25,707.215873
1650.0,33,707.39665
900.0,18,707.47681
2350.0,47,707.65457
3350.0,67,707.907862
2500.0,50,708.102815
2150.0,43,708.268985
3400.0,34,708.403731
1100.0,22,708.495056
1650.0,33,708.678984
3250.0,65,709.246796
2050.0,41,709.355464
3700.0,74,709.545845
2200.0,44,709.6627
3400.0,34,709.755776
1450.0,29,709.851399
1050.0,21,709.934383
1650.0,33,710.059559
3700.0,74,710.25572
900.0,18,710.303416
1600.0,32,710.38503
3900.0,78,710.953505
1200.0,24,711.01767
2800.0,56,711.173109
1250.0,25,711.23789
2000.0,20,711.286216
1350.0,27,711.353405
4200.0,42,711.45515
1650.0,33,711.536295
1300.0,26,711.599903
1100.0,22,711.655144
1850.0,37,711.746995
1350.0,27,711.816365
-2800.0,28,711.885438
1375.0,30,711.959288
1400.0,28,712.029861
3400.0,68,712.208639
2250.0,45,712.645073
1850.0,24,712.706485
2850.0,55,712.842867
2100.0,42,712.945903
1400.0,28,713.014637
3050.0,61,713.164852
3100.0,31,713.241444
4500.0,45,713.363829
2500.0,50,713.486109
3250.0,65,713.645869
1100.0,22,713.700565
2400.0,48,714.145575
1400.0,28,714.218317
3700.0,74,714.408614
2400.0,48,714.526092
-4500.0,45,714.64085
1400.0,28,714.733321
6000.0,60,714.905216
2000.0,39,715.018846
3500.0,70,715.232635
750.0,15,715.28056
2600.0,26,715.36126
1050.0,21,715.428887
1850.0,37,715.543165
900.0,18,715.597072
2050.0,41,716.115769
800.0,16,716.173173
1950.0,39,716.301326
-2600.0,26,716.37969
1525.0,39,716.495172
1550.0,31,716.586731
1750.0,35,716.690152
3650.0,73,716.905519
2600.0,52,717.037041
1100.0,22,717.094959
4750.0,95,717.346814
1750.0,35,717.43839
3100.0,31,717.852703
2200.0,44,717.963315
4200.0,42,718.074483
1300.0,26,718.150727
2350.0,47,718.274109
4000.0,80,718.483814
3300.0,33,718.57376
1000.0,20,718.626483
3000.0,30,718.715994
1050.0,21,718.772113
1900.0,38,718.879805
2150.0,43,718.99868
3400.0,34,719.093981
2850.0,57,719.558891
2900.0,29,719.6364
1000.0,20,719.687285
1050.0,21,719.741035
1650.0,33,719.824526
1100.0,22,719.906485
1600.0,32,720.030073
2650.0,53,720.184036
2000.0,40,720.29126
900.0,18,720.339881
1450.0,29,720.419144
1050.0,21,720.474653
1750.0,35,720.566649
2000.0,40,720.675144
3300.0,66,720.855832
1300.0,26,720.920043
1750.0,35,721.32189
1250.0,25,721.386838
1100.0,22,721.447679
2250.0,45,721.565083
2450.0,49,721.693447
2750.0,55,721.847299
900.0,18,721.895401
3300.0,66,722.069296
2500.0,50,722.219768
2750.0,55,722.381444
1300.0,26,722.453816
4400.0,44,722.579727
2700.0,27,723.065022
900.0,18,723.121705
900.0,18,723.1695
1850.0,33,723.252816
-3000.0,30,723.327613
2300.0,23,723.389208
1950.0,39,723.488698
3300.0,33,723.577043
1800.0,36,723.67325
2300.0,46,723.85034
850.0,47,724.020689
2250.0,45,724.196795
1250.0,25,724.317658
1400.0,28,724.398253
1250.0,25,724.474723
1600.0,32,724.574789
1200.0,24,724.656709
4350.0,87,725.407016
3100.0,31,725.496596
4200.0,42,725.623152
1650.0,33,725.722778
3750.0,75,725.955998
1300.0,26,726.031947
1300.0,26,726.103625
1650.0,33,726.190133
1000.0,20,726.242716
2400.0,48,726.364576
300.0,24,726.432982
2100.0,42,726.537558
-2300.0,23,726.595549
-200.0,14,726.961729
4250.0,85,727.187048
1350.0,27,727.257126
900.0,18,727.306881
2200.0,44,727.464775
3250.0,65,727.658768
1650.0,33,727.752934
1450.0,29,727.83469
1150.0,23,727.902941
2050.0,41,728.026106
1600.0,32,728.110506
2500.0,25,728.186638
-4900.0,49,728.326138
1150.0,23,728.391551
4000.0,40,728.880223
2750.0,55,729.036228
1850.0,37,729.154673
1150.0,23,729.227687
2500.0,45,729.364438
2200.0,44,729.48834
1100.0,22,729.578096
-2600.0,26,729.656535
3150.0,63,729.873118
2500.0,50,730.035377
1350.0,27,730.119075
1900.0,38,730.297216
1650.0,33,730.444697
2450.0,49,731.019441
-3600.0,36,731.140807
2150.0,43,731.252165
3250.0,53,731.420439
1250.0,25,731.50456
2350.0,47,731.675555
4300.0,86,731.992337
1300.0,26,732.067978
2350.0,47,732.210179
7600.0,76,732.436968
3500.0,35,732.530442
1600.0,32,733.07009
2650.0,53,733.242963
1150.0,23,733.314705
1000.0,20,733.374937
1050.0,21,733.437712
2750.0,55,733.612241
2600.0,52,733.784117
1050.0,21,733.848482
2350.0,47,733.98371
1600.0,32,734.086613
2650.0,53,734.25229
2500.0,28,734.325629
4000.0,80,734.536424
1250.0,25,735.063909
1500.0,30,735.150283
1950.0,39,735.250755
3400.0,68,735.42924
2600.0,26,735.502638
2000.0,40,735.607317
1900.0,38,735.71167
2300.0,46,735.834557
1050.0,21,735.891595
3800.0,38,736.001862
1700.0,34,736.103627
900.0,18,736.153028
4700.0,47,736.283372
2400.0,48,736.799068
2200.0,44,736.918536
1250.0,25,736.987732
-2500.0,25,737.075218
2650.0,53,737.238178
1250.0,25,737.311181
1900.0,38,737.416466
2250.0,45,737.531521
4700.0,47,737.657995
-2400.0,24,737.725809
1850.0,37,737.824992
1100.0,22,737.891754
5200.0,104,738.188917
1750.0,31,738.580719
2750.0,55,738.733691
3000.0,60,738.909997
1950.0,39,739.009618
4300.0,43,739.122402
2350.0,47,739.240747
2400.0,48,739.385347
1650.0,33,739.474987
1900.0,38,739.581872
3950.0,79,739.805883
1400.0,28,739.877563
1300.0,26,739.944392
2950.0,59,740.457679
2450.0,49,740.618055
2950.0,59,740.793254
1950.0,39,740.903508
2050.0,41,741.007037
2600.0,52,741.141082
1850.0,43,741.2475
1800.0,36,741.337266
1150.0,23,741.395712
2800.0,28,741.465598
2150.0,43,741.576516
2550.0,51,742.005788
2500.0,25,742.068464
2200.0,44,742.183637
1500.0,30,742.258457
2000.0,40,742.358471
3000.0,60,742.506441
1350.0,27,742.574756
4450.0,89,742.804263
500.0,10,742.829743
2000.0,40,742.933853
2700.0,54,743.088193
1550.0,31,743.194206
1350.0,26,743.270291
2600.0,52,743.784546
900.0,18,743.840417
1000.0,20,743.893876
1250.0,25,743.956686
2900.0,45,744.087068
1450.0,29,744.179086
-4000.0,40,744.299933
-9200.0,92,744.564731
3650.0,73,744.759736
950.0,19,744.815942
1350.0,27,744.900395
2150.0,43,745.013642
2650.0,53,745.157926
2200.0,30,745.634377
3125.0,65,745.847245
3700.0,37,745.95249
4100.0,82,746.177752
2450.0,49,746.304698
1650.0,24,746.36972
950.0,19,746.425272
1700.0,34,746.515567
1300.0,26,746.583856
3200.0,64,746.772701
2300.0,46,746.93433
1550.0,31,747.048851
5750.0,115,747.745506
1300.0,26,747.811624
1250.0,25,747.873546
4150.0,83,748.078171
3600.0,36,748.168105
4750.0,95,748.414096
900.0,36,748.519391
2700.0,27,748.600232
2250.0,45,748.744685
1150.0,23,748.82215
2250.0,43,749.37531
900.0,18,749.423463
2900.0,58,749.570005
2200.0,22,749.632491
1350.0,27,749.702082
2300.0,46,749.822216
2600.0,52,749.956156
3150.0,63,750.120703
2400.0,30,750.211281
3400.0,34,750.305862
1850.0,37,750.412886
1250.0,25,750.478547
3900.0,39,750.580317
2250.0,45,751.03238
1000.0,32,751.118909
1900.0,22,751.175857
900.0,18,751.223692
3350.0,67,751.405339
1950.0,36,751.496268
1050.0,21,751.549886
1700.0,34,751.637277
1950.0,39,751.73628
4200.0,84,751.961028
2300.0,46,752.078994
1300.0,26,752.152552
1950.0,39,752.262532
1550.0,31,752.348605
2100.0,21,752.770322
2900.0,58,752.971924
2300.0,46,753.098866
3400.0,68,753.269327
2400.0,48,753.393424
1500.0,30,753.470201
3350.0,67,753.64468
2450.0,49,753.772811
3500.0,35,753.863926
2150.0,43,753.973775
1150.0,23,754.030716
3700.0,74,754.548686
1100.0,22,754.615895
1650.0,33,754.71761
2800.0,28,754.811805
2800.0,56,754.962009
2950.0,59,755.114808
2150.0,43,755.228812
2100.0,42,755.349108
1250.0,25,755.42111
2250.0,45,755.544875
1450.0,29,755.625311
3000.0,30,755.705316
900.0,18,755.752451
2500.0,36,755.849663
1750.0,35,756.252987
1350.0,27,756.318803
2100.0,42,756.436039
1500.0,30,756.518035
2900.0,58,756.671038
1200.0,24,756.737491
3050.0,61,756.908193
1400.0,28,756.985475
2650.0,53,757.134504
2300.0,46,757.2699
3300.0,33,757.363434
1450.0,38,757.476467
2500.0,50,758.01026
900.0,18,758.06717
2350.0,47,758.205868
1450.0,29,758.297908
1200.0,24,758.375344
1850.0,37,758.490542
1350.0,27,758.575684
4900.0,49,758.728032
2250.0,45,758.845035
2500.0,50,758.99681
1600.0,32,759.096044
1100.0,22,759.168894
5700.0,57,759.351177
1250.0,25,759.418635
1350.0,27,759.490074
1500.0,24,759.908033
3600.0,72,760.091688
1550.0,20,760.141898
2350.0,41,760.247417
3100.0,62,760.403659
2100.0,42,760.510146
1100.0,22,760.564511
-3300.0,33,760.649178
2900.0,29,760.723221
3400.0,68,760.895787
1050.0,27,760.966316
2900.0,58,761.111313
1250.0,25,761.523952
1250.0,25,761.59191
2700.0,54,761.743275
2650.0,53,761.877244
1450.0,29,761.951639
1800.0,28,762.028179
2500.0,27,762.098825
1850.0,37,762.195565
3050.0,61,762.350487
2800.0,56,762.521487
3500.0,70,762.721106
3350.0,67,762.908278
1300.0,22,763.373678
2250.0,45,763.505774
1800.0,36,763.607679
2300.0,46,763.73814
2000.0,40,763.849008
2150.0,43,763.984623
1000.0,20,764.039569
1900.0,38,764.13947
-3700.0,37,764.257696
2200.0,44,764.375508
3250.0,65,764.547992
2200.0,44,764.706697
1050.0,21,764.778758
3300.0,66,765.444097
1050.0,21,765.507229
1350.0,27,765.589391
3100.0,62,765.759131
2650.0,31,765.851285
1850.0,37,765.965049
1250.0,25,766.042179
2950.0,59,766.272456
1450.0,29,766.367446
3200.0,64,766.579099
1300.0,26,766.680381
1600.0,32,766.771192
2900.0,58,767.248369
3700.0,37,767.339843
4800.0,48,767.463607
3600.0,72,767.652486
3900.0,39,767.751753
2250.0,45,767.865168
-5100.0,51,767.995604
2700.0,27,768.068409
3000.0,31,768.151771
1100.0,22,768.216417
2400.0,31,768.297615
1050.0,21,768.350561
3150.0,63,768.523551
3900.0,46,769.014397
900.0,18,769.064299
1500.0,30,769.147351
2700.0,27,769.22369
2450.0,49,769.353752
1700.0,34,769.444827
900.0,18,769.491493
3300.0,33,769.578896
1450.0,29,769.657606
-3900.0,39,769.76152
2950.0,59,769.928949
2100.0,42,770.038005
-3700.0,37,770.140209
1400.0,28,770.221466
3350.0,67,770.810153
1750.0,41,770.937368
2400.0,48,771.120285
2250.0,45,771.308156
-2300.0,23,771.376204
4100.0,82,771.612218
1250.0,25,771.678667
1300.0,26,771.747348
1000.0,20,771.79925
2000.0,40,771.900729
1150.0,23,771.957478
2900.0,58,772.110221
2500.0,50,772.236318
900.0,18,772.604259
1900.0,38,772.709404
2350.0,47,772.834552
1050.0,30,772.914714
8200.0,82,773.128241
2400.0,48,773.260347
4800.0,96,773.51114
1400.0,28,773.591075
3000.0,30,773.671603
1100.0,22,773.729494
4100.0,82,774.269089
1350.0,27,774.344205
1200.0,22,774.40091
2700.0,54,774.558986
1500.0,30,774.644793
3800.0,38,774.749235
1600.0,32,774.8374
1825.0,39,774.940126
1100.0,22,775.000842
-2400.0,24,775.081335
-2400.0,24,775.141273
1500.0,30,775.218404
2050.0,41,775.327984
1850.0,37,775.422878
2900.0,58,775.569912
1150.0,23,775.632501
1450.0,29,776.048371
2000.0,20,776.120735
1350.0,27,776.203778
1200.0,24,776.279533
1500.0,24,776.352001
1900.0,38,776.452649
2050.0,41,776.575425
1600.0,32,776.669374
3600.0,36,776.765146
2300.0,46,776.899742
3200.0,32,776.989162
1350.0,27,777.077173
1400.0,28,777.156364
-2400.0,24,777.23557
2950.0,59,777.486564
1650.0,33,777.912233
2800.0,28,777.989765
2200.0,42,778.102161
700.0,14,778.140192
3100.0,31,778.22597
2100.0,42,778.340836
1000.0,20,778.399421
2400.0,28,778.477073
1100.0,22,778.539599
3700.0,74,778.740878
1300.0,26,778.813996
2750.0,55,778.966396
1600.0,32,779.046824
3400.0,68,779.237794
1550.0,29,779.640709
1700.0,34,779.727098
1350.0,27,779.797483
900.0,18,779.848758
1300.0,26,779.916549
2850.0,57,780.117713
-3900.0,39,780.239015
-3900.0,39,780.34938
2150.0,43,780.464087
4000.0,80,780.675775
1400.0,28,780.746628
1550.0,31,780.827148
2850.0,57,780.980446
1100.0,22,781.037147
800.0,16,781.389081
1050.0,21,781.4413
5500.0,55,781.576205
1350.0,27,781.642241
4000.0,40,781.743471
1400.0,28,781.817719
1900.0,38,781.913448
2750.0,55,782.047515
2150.0,43,782.152336
1300.0,26,782.215703
1200.0,24,782.275435
1800.0,36,782.367414
2150.0,43,782.48925
1450.0,29,782.563203
-8700.0,87,783.09675
2500.0,27,783.163528
1000.0,20,783.21372
3050.0,61,783.366664
1100.0,22,783.420289
2250.0,45,783.536223
3400.0,34,783.619381
3400.0,34,783.705112
2200.0,36,783.79624
3100.0,62,783.948155
3300.0,66,784.110957
1400.0,28,784.180633
2450.0,30,784.561431
1700.0,34,784.64627
2050.0,41,784.748145
1100.0,22,784.802446
1850.0,37,784.893809
900.0,18,784.937858
2800.0,56,785.07627
5900.0,59,785.222703
1200.0,24,785.284658
1350.0,27,785.352971
-4300.0,43,785.456951
1750.0,35,785.542685
900.0,18,785.58631
3150.0,63,785.740765
2350.0,47,786.163759
900.0,18,786.207806
1200.0,24,786.266957
3600.0,36,786.356389
3400.0,68,786.520901
3050.0,61,786.670218
1400.0,37,786.77048
2150.0,43,786.881723
1200.0,24,786.940758
1550.0,25,787.003563
3700.0,37,787.095808
1450.0,29,787.166986
3900.0,39,787.26297
3250.0,65,787.747866
1400.0,22,787.813264
2200.0,22,787.878746
1350.0,27,787.95577
1650.0,33,788.054859
1850.0,37,788.154049
5100.0,51,788.32976
900.0,18,788.405846
2300.0,46,788.539091
1100.0,22,788.598621
2200.0,44,788.718693
2150.0,43,788.831311
1750.0,35,788.921703
2800.0,56,789.066609
2200.0,44,789.178277
1850.0,37,789.588283
2350.0,47,789.709472
5400.0,54,789.848656
1550.0,31,789.927473
1600.0,29,790.001024
1550.0,21,790.055415
1100.0,22,790.11175
1250.0,25,790.176656
1450.0,29,790.251634
3550.0,71,790.43643
1050.0,21,790.489702
2500.0,25,790.552972
1250.0,25,790.616108
3300.0,66,790.798096
1800.0,36,791.207014
1200.0,24,791.269693
2300.0,46,791.383945
1200.0,24,791.444477
2000.0,20,791.493599
1700.0,26,791.558673
1950.0,39,791.660383
2550.0,54,791.849318
1650.0,33,791.967877
1000.0,18,792.01571
2300.0,23,792.083638
1500.0,30,792.166111
2150.0,43,792.27851
1200.0,24,792.338404
1100.0,22,792.394715
2400.0,42,792.49971
2350.0,47,792.933817
1200.0,24,792.996112
1800.0,36,793.088553
2050.0,41,793.190557
1050.0,21,793.242556
2100.0,42,793.346467
8200.0,82,793.551663
2750.0,55,793.690674
2750.0,55,793.841973
2900.0,29,793.917855
1350.0,27,793.988145
1500.0,30,794.064344
3100.0,31,794.141526
2100.0,21,794.504329
2000.0,40,794.602404
1200.0,24,794.661694
3700.0,74,794.853043
2200.0,22,794.908615
3150.0,63,795.066448
4400.0,44,795.179307
1750.0,26,795.246788
3500.0,70,795.42686
1000.0,20,795.481197
2400.0,48,795.608568
1650.0,33,795.712568
2600.0,26,795.785032
1100.0,22,796.160667
3200.0,32,796.242146
1750.0,35,796.339161
2600.0,52,796.476791
2600.0,52,796.613792
3050.0,55,796.754008
3500.0,35,796.844183
2350.0,47,796.964604
1350.0,27,797.033034
1550.0,31,797.114178
2000.0,40,797.217901
1650.0,33,797.305534
1850.0,37,797.39905
1900.0,24,797.458513
1450.0,29,797.845536
1500.0,30,797.935298
2850.0,57,798.116726
3000.0,60,798.261157
1450.0,22,798.315945
2550.0,51,798.436511
3000.0,60,798.585162
900.0,18,798.628773
3600.0,72,798.812564
1250.0,22,798.86862
-1025.0,12,798.900882
-4800.0,48,799.02212
1500.0,30,799.098322
1950.0,39,799.491111
2700.0,54,799.627667
1200.0,24,799.686671
2800.0,28,799.756974
1050.0,21,799.809414
2950.0,59,799.956059
1200.0,33,800.037542
3100.0,31,800.116512
1900.0,24,800.176909
1250.0,25,800.239363
4300.0,43,800.350639
2100.0,42,800.456838
1650.0,33,800.541616
2400.0,27,800.610254
2000.0,40,801.019129
1250.0,25,801.081826
3350.0,67,801.249402
2850.0,57,801.390181
-3800.0,38,801.484294
1550.0,31,801.56262
3100.0,62,801.716408
1700.0,34,801.8016
1150.0,23,801.860833
2350.0,47,801.977257
1200.0,24,802.035919
2400.0,48,802.153494
2700.0,54,802.603606
2800.0,56,802.745424
3000.0,30,802.822023
1300.0,26,802.890491
1350.0,27,802.95786
3600.0,72,803.134251
2450.0,49,803.254187
1150.0,23,803.310782
2100.0,42,803.413271
2500.0,50,803.541561
1900.0,38,803.641155
1000.0,19,803.687623
1650.0,33,803.772298
2150.0,43,803.8781
1550.0,31,804.267402
2750.0,55,804.404051
1000.0,19,804.452536
3050.0,31,804.530052
1050.0,21,804.58264
1100.0,22,804.638176
1600.0,32,804.717299
2450.0,47,804.8341
2000.0,40,804.934159
2400.0,48,805.052651
2950.0,59,805.199113
2550.0,51,805.325297
1650.0,33,805.407066
1850.0,37,805.815627
1150.0,23,805.873732
5500.0,55,806.011677
900.0,18,806.056746
2600.0,52,806.197564
1400.0,28,806.266862
3000.0,60,806.417126
1100.0,22,806.471677
400.0,35,806.556472
1400.0,28,806.62626
2200.0,22,806.683912
1400.0,28,806.755894
1100.0,22,806.810963
3700.0,37,806.902708
2600.0,52,807.031257
1850.0,37,807.432032
2450.0,49,807.553241
2050.0,41,807.656089
4000.0,80,807.8547
2700.0,27,807.923149
1200.0,24,807.983038
1500.0,30,808.057663
1950.0,39,808.156752
2350.0,47,808.272904
2650.0,34,808.357271
2650.0,53,808.487263
2550.0,51,808.612731
1700.0,34,809.016226
1800.0,36,809.110414
2250.0,45,809.227221
1550.0,31,809.305285
2300.0,46,809.416944
3900.0,39,809.515286
2200.0,32,809.601444
1800.0,36,809.699257
3900.0,39,809.80274
1150.0,23,809.859766
5400.0,54,809.995675
1250.0,25,810.059925
2300.0,46,810.187539
2600.0,30,810.271183
1600.0,32,810.673545
3100.0,62,810.839685
-3500.0,35,810.926985
1750.0,35,811.01387
2800.0,56,811.152303
1450.0,29,811.224292
3000.0,30,811.306473
2650.0,53,811.442973
700.0,23,811.501724
1300.0,26,811.568496
1300.0,26,811.634562
900.0,18,811.681261
1050.0,21,811.73584
5000.0,50,811.863439
1950.0,29,811.935962
950.0,19,812.310928
2450.0,49,812.433894
2600.0,52,812.564061
1300.0,26,812.627595
1500.0,30,812.703332
1050.0,21,812.755968
1050.0,21,812.807753
2450.0,49,812.928133
2250.0,45,813.042202
1200.0,24,813.102991
1600.0,26,813.180539
2250.0,45,813.298539
2150.0,43,813.410454
2350.0,47,813.527031
1750.0,35,813.957108
1200.0,24,814.048675
1050.0,21,814.123914
1150.0,23,814.184659
2300.0,36,814.279522
1200.0,24,814.341332
3300.0,66,814.50455
1000.0,20,814.554663
1650.0,33,814.6381
4400.0,44,814.747401
1050.0,21,814.799381
3800.0,38,814.894288
1600.0,32,814.97271
2900.0,58,815.11711
1100.0,22,815.172086
2300.0,46,815.606326
2150.0,43,815.713023
6100.0,61,815.868957
1250.0,25,815.931878
1350.0,24,815.99272
3200.0,64,816.15192
1850.0,37,816.245324
2000.0,28,816.313614
1100.0,22,816.373709
1400.0,28,816.445087
1050.0,21,816.498502
2650.0,53,816.646075
2600.0,52,816.785456
900.0,18,816.831532
1900.0,38,817.269864
1400.0,28,817.341625
6300.0,63,817.498891
1650.0,33,817.582253
1350.0,27,817.650819
3500.0,35,817.739704
1600.0,27,817.806947
2650.0,53,817.939434
1350.0,27,818.006832
2000.0,33,818.097967
2550.0,51,818.222816
1200.0,24,818.283123
2150.0,43,818.389034
1550.0,31,818.465263
2350.0,47,818.870991
3150.0,63,819.02769
2750.0,31,819.106295
3500.0,35,819.194967
3100.0,62,819.35147
2900.0,29,819.425189
3400.0,34,819.510032
1550.0,27,819.576698
1750.0,29,819.649031
1350.0,27,819.716912
1500.0,30,819.791532
-3800.0,38,819.893514
2150.0,43,820.009702
3100.0,31,820.089829
900.0,18,820.459323
1250.0,24,820.519294
2550.0,51,820.646284
2150.0,43,820.754678
1250.0,25,820.822156
1400.0,28,820.897037
3500.0,35,820.986265
3600.0,36,821.082025
3300.0,33,821.164528
1650.0,33,821.246758
1700.0,34,821.330656
1350.0,27,821.398961
2650.0,53,821.533968
1650.0,33,821.618044
2500.0,50,822.040837
1300.0,26,822.106364
2000.0,40,822.206025
2200.0,44,822.315961
1750.0,35,822.404724
3050.0,31,822.483788
-3900.0,39,822.584411
-3700.0,37,822.680618
-2100.0,21,822.73534
1300.0,26,822.802209
3150.0,63,822.961137
4300.0,86,823.182504
2250.0,36,823.272355
5600.0,56,823.718599
2500.0,50,823.8455
2250.0,45,823.961943
1150.0,26,824.02933
1000.0,20,824.080866
900.0,18,824.126673
1900.0,38,824.231872
2500.0,50,824.359206
1350.0,45,824.472109
1800.0,36,824.566671
3000.0,31,824.645212
1400.0,28,824.713646
1950.0,39,824.811127
-2900.0,29,824.882527
1800.0,36,825.268673
2700.0,27,825.337135
3200.0,64,825.492888
900.0,18,825.539191
2750.0,55,825.675239
3900.0,39,825.772641
2250.0,45,825.893001
-2700.0,27,825.961874
1950.0,39,826.062544
1600.0,29,826.135542
1300.0,26,826.200411
1200.0,24,826.263525
1100.0,22,826.324004
2600.0,52,826.459618
2050.0,36,826.876715
1250.0,25,826.939611
2150.0,43,827.072258
1450.0,29,827.173893
3400.0,34,827.271616
1100.0,22,827.328996
1300.0,26,827.394588
1200.0,24,827.454458
2450.0,49,827.579895
1150.0,23,827.639451
4000.0,80,827.84474
3000.0,60,827.992332
3550.0,71,828.177861
2650.0,53,828.636132
3150.0,57,828.782723
-3500.0,35,828.872532
950.0,19,828.922008
1900.0,38,829.017903
1550.0,31,829.095666
1900.0,38,829.191492
-4200.0,42,829.299541
3200.0,64,829.464537
3150.0,63,829.624058
1700.0,34,829.712872
1900.0,38,829.811514
3100.0,62,830.290378
3000.0,33,830.372902
2800.0,28,830.442635
3650.0,73,830.627449
1750.0,35,830.718055
2200.0,44,830.833808
7400.0,74,831.024968
3800.0,38,831.123441
2300.0,46,831.240289
3650.0,73,831.424567
3050.0,61,831.96485
1650.0,27,832.056182
1400.0,28,832.144706
4650.0,93,832.404257
2750.0,55,832.581469
1150.0,23,832.640618
2000.0,40,832.750848
1850.0,37,832.863621
2600.0,26,832.933987
4600.0,46,833.081517
1950.0,39,833.211836
1700.0,34,833.314778
2000.0,35,833.734377
3900.0,42,833.851086
1200.0,24,833.914814
2400.0,48,834.035719
2000.0,40,834.137368
1050.0,21,834.189162
1350.0,27,834.254449
2150.0,43,834.358418
1150.0,18,834.400685
1700.0,34,834.481155
800.0,16,834.518815
1000.0,20,834.569127
2000.0,40,834.672188
2500.0,50,834.7977
1500.0,30,834.878489
900.0,18,834.922218
650.0,43,835.390471
1550.0,18,835.434868
2600.0,52,835.558115
1100.0,22,835.614115
1850.0,37,835.710261
2650.0,53,835.8537
1050.0,21,835.907791
2800.0,56,836.062912
1850.0,37,836.15503
1100.0,22,836.211632
750.0,39,836.318411
2850.0,57,836.461952
1350.0,22,836.513548
3900.0,39,836.605985
-2400.0,24,836.666556
3200.0,64,837.135078
900.0,18,837.176856
4450.0,89,837.407937
1100.0,22,837.464815
1950.0,39,837.55987
1950.0,39,837.658983
2900.0,29,837.735436
5800.0,58,837.883872
2450.0,49,838.006392
1950.0,39,838.106302
1550.0,31,838.183963
1250.0,25,838.244028
2250.0,45,838.688827
1250.0,25,838.758502
2250.0,45,838.879365
3450.0,42,838.975951
2150.0,43,839.085302
1450.0,27,839.15268
14900.0,149,839.532589
1150.0,23,839.584518
4450.0,53,839.716869
275.0,8,839.73954
1800.0,18,839.794689
11400.0,114,840.414363
-2600.0,26,840.476994
1750.0,35,840.561531
2450.0,38,840.654468
1300.0,32,840.732071
3100.0,62,840.92852
1100.0,22,841.009455
1450.0,29,841.097129
2300.0,23,841.152007
4100.0,41,841.249353
1300.0,26,841.308299
1300.0,26,841.378104
2400.0,41,841.503499
4000.0,40,841.605313
1100.0,22,841.984192
-5400.0,54,842.123744
1450.0,29,842.196811
900.0,18,842.243109
2800.0,56,842.398471
3050.0,61,842.546564
5950.0,119,842.848398
3400.0,34,842.929454
2200.0,44,843.031222
1400.0,28,843.098773
1750.0,35,843.18441
1200.0,24,843.595791
3250.0,65,843.763469
2750.0,55,843.905276
1750.0,35,843.987658
2650.0,34,844.065381
2150.0,43,844.177027
2450.0,49,844.298431
1250.0,25,844.359336
2800.0,32,844.44615
3150.0,63,844.613164
1100.0,22,844.671355
1700.0,34,844.767103
2250.0,45,844.886836
2250.0,45,845.331145
3450.0,69,845.508187
1250.0,25,845.573888
1000.0,20,845.623005
2050.0,41,845.727236
3500.0,35,845.817354
1300.0,26,845.880542
1050.0,21,845.93524
3400.0,49,846.050671
1650.0,33,846.135014
1300.0,26,846.211871
1250.0,25,846.275452
1000.0,20,846.327409
1900.0,24,846.396685
-3900.0,39,846.500604
4650.0,93,847.079023
3350.0,43,847.187214
350.0,25,847.254102
6000.0,60,847.407706
3150.0,63,847.57574
-2500.0,25,847.641609
4700.0,47,847.766891
900.0,18,847.814896
1450.0,26,847.875129
2000.0,40,847.968549
3300.0,33,848.042791
1900.0,38,848.130657
1500.0,30,848.599599
2350.0,47,848.73407
1550.0,31,848.817627
1800.0,36,848.909218
1250.0,25,848.971797
2750.0,55,849.105198
1200.0,24,849.166402
2900.0,58,849.307323
2250.0,45,849.416603
2550.0,51,849.549859
2900.0,58,849.699723
2300.0,24,849.761025
3100.0,31,849.846992
2500.0,50,850.285963
4100.0,41,850.3914
3600.0,36,850.480648
2150.0,43,850.590684
1300.0,26,850.65453
1600.0,32,850.739494
1300.0,26,850.806944
1450.0,29,850.881014
2050.0,41,850.986257
1600.0,32,851.066885
3050.0,61,851.221925
1700.0,34,851.30352
3100.0,62,851.455974
-4900.0,49,851.900548
1300.0,20,851.950476
3900.0,78,852.136456
1050.0,21,852.189357
900.0,18,852.234685
1650.0,33,852.314075
2700.0,40,852.414934
4300.0,86,852.678784
2500.0,25,852.76467
2100.0,42,852.897652
2250.0,45,853.014212
900.0,18,853.059704
1300.0,26,853.123692
1350.0,21,853.179424
1150.0,23,853.575925
5250.0,105,853.853072
2350.0,47,853.973668
3900.0,39,854.071841
1650.0,33,854.151728
2500.0,27,854.21689
2350.0,47,854.356922
1050.0,21,854.430675
700.0,20,854.50897
2150.0,43,854.678269
2650.0,47,854.799937
-2700.0,27,854.871717
2150.0,43,855.3139
1850.0,37,855.41736
1100.0,22,855.479566
-2300.0,23,855.549963
2000.0,40,855.659491
1950.0,39,855.769486
1400.0,28,855.844625
-2800.0,28,855.919345
1100.0,22,855.979937
2650.0,53,856.11691
1550.0,22,856.172301
2350.0,47,856.326555
2700.0,29,856.412926
1800.0,28,856.485506
1200.0,24,856.547845
3400.0,34,856.641798
1850.0,37,857.117541
1300.0,26,857.191361
1050.0,21,857.254388
3200.0,32,857.343774
950.0,19,857.403486
2000.0,33,857.494931
2700.0,54,857.628848
2450.0,49,857.754548
2300.0,46,857.869299
5500.0,55,858.004624
1200.0,24,858.065757
950.0,46,858.182019
1050.0,21,858.235575
1050.0,21,858.290075
1800.0,36,858.38179
1350.0,27,858.821993
3750.0,75,859.016455
2400.0,44,859.127941
1650.0,33,859.216809
4500.0,45,859.336442
3000.0,30,859.426148
3800.0,38,859.531971
1300.0,26,859.598155
1250.0,25,859.661771
1600.0,32,859.753252
-2700.0,27,859.831375
2300.0,46,859.949847
2050.0,41,860.053694
900.0,18,860.101225
1500.0,30,860.180323
950.0,19,860.586755
2000.0,40,860.70524
2950.0,59,860.86247
3800.0,76,861.054681
1200.0,24,861.116765
2300.0,46,861.231094
3100.0,31,861.315887
-4700.0,47,861.452169
2400.0,48,861.575819
5900.0,59,861.722161
1450.0,35,861.809612
1550.0,31,862.210856
3450.0,69,862.382691
2000.0,40,862.486942
3100.0,62,862.640982
1350.0,27,862.718257
1500.0,30,862.811918
1950.0,33,862.916026
900.0,18,862.972604
1450.0,29,863.058099
2400.0,43,863.176793
900.0,18,863.223651
1100.0,22,863.288169
1750.0,35,863.3936
3200.0,64,863.572142
3050.0,61,864.062528
1050.0,21,864.129865
1150.0,23,864.19756
-2700.0,27,864.281619
5200.0,56,864.445691
2900.0,58,864.641335
3400.0,34,864.806183
1600.0,32,864.906032
1800.0,36,865.00716
1650.0,33,865.091522
2100.0,21,865.143044
2350.0,47,865.263949
2400.0,48,865.38528
5750.0,115,866.034763
1900.0,38,866.148863
1800.0,33,866.238916
1600.0,32,866.321183
5600.0,56,866.464195
-4200.0,42,866.571899
1400.0,28,866.653235
900.0,18,866.700294
4300.0,43,866.808429
1150.0,23,866.865849
1750.0,35,866.95486
2750.0,55,867.096148
1500.0,30,867.49971
2250.0,45,867.615949
3100.0,31,867.693894
2250.0,45,867.815728
1250.0,25,867.885203
2100.0,42,867.994205
900.0,18,868.039469
2300.0,46,868.15448
2400.0,48,868.273237
2150.0,41,868.374381
1400.0,28,868.445092
3700.0,74,868.64666
2900.0,29,868.727573
-4100.0,41,869.223082
2100.0,42,869.340708
2550.0,51,869.479344
1500.0,30,869.560527
1000.0,20,869.614528
2100.0,42,869.721746
3950.0,59,869.871223
900.0,18,869.9186
1350.0,27,869.991007
1000.0,20,870.04863
1500.0,30,870.13927
900.0,18,870.191952
2500.0,50,870.369904
-400.0,31,870.460975
1900.0,38,870.561491
800.0,16,870.608395
1100.0,22,871.036685
2450.0,49,871.173181
-2400.0,24,871.250801
3550.0,71,871.467633
2450.0,49,871.612813
3000.0,60,871.784332
2800.0,28,871.858984
3250.0,54,871.994966
1550.0,31,872.077966
1500.0,30,872.161208
2050.0,41,872.283016
1150.0,23,872.351964
1300.0,26,872.432502
1900.0,38,872.854761
150.0,27,872.919804
3100.0,31,872.993822
3200.0,32,873.078773
1200.0,24,873.155173
1450.0,29,873.241241
2000.0,39,873.353993
1100.0,22,873.411609
2550.0,51,873.591791
600.0,12,873.627512
2450.0,49,873.801144
3100.0,62,873.981924
2750.0,55,874.125595
2350.0,47,874.25202
1950.0,39,874.678596
2000.0,30,874.75261
1600.0,32,874.835949
1350.0,27,874.904254
375.0,10,874.93092
2700.0,27,874.998233
1900.0,38,875.093037
-2700.0,27,875.161981
2100.0,42,875.270568
3950.0,79,875.470856
1750.0,35,875.560692
1050.0,21,875.619937
1550.0,31,875.707244
1100.0,22,875.762764
1325.0,18,875.809025
1350.0,27,875.878151
1100.0,22,875.941685
2800.0,41,876.352483
4500.0,45,876.465124
2150.0,24,876.524794
4600.0,46,876.653003
1000.0,20,876.712905
2200.0,22,876.771235
4100.0,41,876.879926
1750.0,35,876.970996
3700.0,74,877.164009
1250.0,25,877.226521
1100.0,22,877.281838
2450.0,49,877.405663
1200.0,24,877.465635
2250.0,45,877.911006
-2400.0,24,877.973778
1100.0,22,878.028058
1750.0,35,878.121015
1450.0,29,878.202057
1800.0,35,878.296889
1450.0,29,878.376531
1050.0,21,878.433244
2050.0,41,878.544236
1050.0,21,878.596885
6000.0,60,878.751831
2450.0,49,878.899194
3300.0,66,879.076317
1200.0,24,879.138665
3000.0,30,879.218154
5300.0,53,879.738562
900.0,18,879.808402
3600.0,72,880.028517
1350.0,27,880.109964
1000.0,20,880.171316
1050.0,21,880.271827
4250.0,85,880.655831
1050.0,21,880.729053
2700.0,54,880.887829
2250.0,45,881.084276
1500.0,30,881.182374
1050.0,21,881.243247
1150.0,23,881.303567
3550.0,71,881.892165
1050.0,21,881.945575
2600.0,52,882.081855
1200.0,24,882.142323
1900.0,38,882.238006
6450.0,129,882.603071
2000.0,40,882.707657
1200.0,24,882.770731
2250.0,45,882.940603
1700.0,34,883.037218
1550.0,31,883.113921
1750.0,35,883.20169
1250.0,25,883.601368
1600.0,32,883.708094
4800.0,48,883.900054
2300.0,46,884.030641
1050.0,21,884.082863
1600.0,32,884.161085
1100.0,22,884.213273
1900.0,38,884.307178
3000.0,30,884.385655
1000.0,20,884.4484
-4500.0,45,884.568986
1550.0,31,884.644659
3600.0,72,884.847815
2100.0,42,884.963812
1200.0,24,885.346966
4400.0,44,885.468819
1100.0,22,885.525082
2100.0,42,885.638143
1100.0,22,885.724398
2650.0,53,885.946831
2150.0,43,886.171249
2850.0,57,886.327147
1800.0,24,886.398051
2600.0,52,886.555155
1900.0,38,886.669301
-3500.0,35,886.787194
1900.0,47,886.939759
2150.0,43,887.629297
2200.0,44,887.826099
2400.0,24,887.917484
2650.0,38,888.015492
3900.0,39,888.112255
2650.0,53,888.245507
2300.0,46,888.364371
1100.0,22,888.420325
2100.0,21,888.473929
1050.0,21,888.526898
1300.0,26,888.597573
4400.0,44,888.730399
1350.0,27,888.800608
2250.0,24,888.862643
-3200.0,32,888.941414
1600.0,32,889.023563
1650.0,21,889.404213
1950.0,39,889.508987
3000.0,60,889.665102
2250.0,45,889.791809
1500.0,29,889.866327
900.0,18,889.911147
3100.0,62,890.063172
1200.0,24,890.125139
1450.0,29,890.203864
2700.0,54,890.350972
1000.0,20,890.401417
4100.0,82,890.605807
1450.0,29,890.679981
4300.0,50,891.152364
3300.0,45,891.271103
1350.0,27,891.340125
3400.0,34,891.428397
2350.0,47,891.562898
3000.0,60,891.72133
2550.0,51,891.85033
2050.0,59,892.003193
2650.0,38,892.098145
2050.0,41,892.205344
1050.0,21,892.261389
2650.0,53,892.926678
1100.0,22,893.012776
1300.0,26,893.088228
1750.0,35,893.182895
1150.0,23,893.241262
1950.0,39,893.343463
1200.0,24,893.412125
-2600.0,26,893.480891
2450.0,49,893.61313
-3600.0,36,893.704998
1300.0,20,893.756516
1900.0,38,893.859652
2200.0,44,893.981629
3300.0,37,894.088186
1650.0,27,894.167789
1450.0,29,894.250974
3100.0,62,894.828876
900.0,18,894.876845
3550.0,71,895.064482
1000.0,20,895.112406
1850.0,37,895.198127
2000.0,40,895.293035
1200.0,24,895.347933
1250.0,25,895.407495
1850.0,37,895.494347
700.0,14,895.528826
900.0,18,895.57598
3000.0,60,895.76141
1200.0,24,895.839686
3050.0,50,895.978387
1150.0,23,896.037099
2250.0,45,896.479368
2350.0,47,896.598179
7000.0,70,896.780001
3050.0,61,896.94002
1850.0,37,897.03897
1900.0,38,897.149911
1100.0,22,897.205544
1400.0,28,897.278368
2550.0,51,897.413983
2650.0,53,897.557204
1250.0,25,897.623741
1550.0,31,897.712864
2800.0,56,898.205242
1900.0,38,898.304742
1400.0,28,898.377998
1750.0,35,898.482256
4400.0,44,898.597174
1250.0,25,898.664886
1250.0,25,898.731835
2100.0,42,898.84916
-5600.0,56,898.992519
1550.0,31,899.078914
1950.0,39,899.180773
3150.0,63,899.334115
2150.0,46,899.451703
1600.0,32,899.841595
2100.0,42,899.949115
4100.0,41,900.050407
1900.0,47,900.166842
2000.0,40,900.30948
2150.0,43,900.43775
1450.0,29,900.520248
3550.0,38,900.623152
2750.0,55,900.771718
1300.0,26,900.843731
1400.0,28,900.916369
2950.0,59,901.077966
2350.0,35,901.173735
1900.0,24,901.557274
1750.0,35,901.642049
1350.0,27,901.710893
1850.0,37,901.813555
4050.0,81,902.02475
1400.0,28,902.095875
2200.0,44,902.207812
1550.0,31,902.286739
550.0,11,902.314831
1050.0,21,902.368627
1800.0,31,902.4477
1100.0,22,902.504044
2450.0,49,902.631324
1800.0,36,902.721197
900.0,18,902.767348
-3800.0,38,903.220001
3150.0,63,903.371996
2900.0,38,903.470523
2750.0,55,903.617052
3200.0,36,903.711514
1100.0,22,903.767541
3600.0,36,903.862794
2350.0,47,903.982176
2200.0,44,904.089814
2150.0,43,904.200182
2750.0,55,904.345414
2100.0,42,904.458751
1200.0,24,904.834012
3700.0,37,904.929638
6100.0,122,905.223828
1050.0,21,905.278818
2150.0,35,905.366256
1200.0,24,905.429777
900.0,18,905.478767
4050.0,81,905.688461
2150.0,43,905.799953
5900.0,79,906.001941
3150.0,63,906.466108
2400.0,24,906.530357
3050.0,61,906.688127
2650.0,53,906.818115
3200.0,32,906.895209
2150.0,43,906.999664
1450.0,29,907.066972
3700.0,37,907.159927
2500.0,50,907.279941
2500.0,50,907.401659
2050.0,41,907.504529
2000.0,20,907.55497
1750.0,35,907.64549
3500.0,70,908.135663
2550.0,51,908.263238
2650.0,53,908.402744
1150.0,23,908.459701
1950.0,39,908.56338
1300.0,26,908.633967
1400.0,28,908.709794
1750.0,33,908.792557
1400.0,28,908.859888
900.0,18,908.905022
2450.0,49,909.030225
1300.0,26,909.100756
1350.0,27,909.174566
3900.0,78,909.761905
2650.0,53,909.908965
1000.0,20,909.962007
1850.0,37,910.057648
1950.0,39,910.160329
1750.0,35,910.245982
2200.0,22,910.30165
1150.0,23,910.360374
1000.0,20,910.414315
2700.0,54,910.552497
1850.0,21,910.606726
1600.0,29,910.684107
1250.0,25,910.747464
900.0,18,910.797719
1350.0,27,910.863609
4050.0,81,911.377266
2700.0,27,911.447522
1750.0,35,911.531994
1300.0,26,911.597985
-3100.0,31,911.686531
2500.0,33,911.770447
1950.0,39,911.875124
1400.0,28,911.949601
1200.0,24,912.00974
4100.0,41,912.11279
2900.0,64,912.287225
900.0,18,912.365722
1350.0,27,912.485792
1050.0,21,912.577874
2300.0,61,912.772502
1100.0,22,912.829447
2100.0,42,913.310025
2700.0,54,913.500978
1200.0,24,913.580737
2150.0,43,913.795031
4200.0,42,913.928719
2750.0,55,914.103134
800.0,16,914.150178
2200.0,44,914.308801
5100.0,51,914.602883
3300.0,66,914.889029
2650.0,53,915.082396
1200.0,24,915.169076
1150.0,23,915.641967
1350.0,27,915.737479
2200.0,44,915.880107
1250.0,24,915.949175
2150.0,43,916.073219
2300.0,28,916.179521
2200.0,29,916.286572
1100.0,22,916.366564
2800.0,56,916.540525
2100.0,42,916.701152
1200.0,24,916.805809
1800.0,36,916.917519
2600.0,52,917.122204
1150.0,23,917.241959
1850.0,21,917.30414
1000.0,20,917.821881
1550.0,31,917.94601
1200.0,24,918.021887
2500.0,50,918.16838
2200.0,22,918.231158
900.0,18,918.279342
1600.0,32,918.367983
1550.0,31,918.475898
1700.0,33,918.565033
2600.0,52,918.711874
2050.0,47,918.845281
2800.0,56,918.995054
2700.0,54,919.149127
1750.0,35,919.258893
1450.0,29,919.722137
2750.0,55,919.911372
1900.0,38,920.047057
-4100.0,41,920.199193
2750.0,55,920.422931
1550.0,31,920.558944
3800.0,38,920.861846
3600.0,36,921.522933
1650.0,33,921.987294
1800.0,36,922.19093
1850.0,37,922.466209
2300.0,23,922.620405
1200.0,24,922.78837
1500.0,30,923.018814
2250.0,45,924.172302
2500.0,50,924.423232
900.0,18,924.521947
1250.0,25,924.697474
2200.0,44,924.934155
1300.0,26,925.049949
2100.0,42,925.327829
1550.0,31,925.541426
4900.0,98,926.196482
2700.0,54,926.566617
1550.0,31,926.794907
-7300.0,73,927.147557
1100.0,22,928.074442
-2500.0,25,928.267968
2200.0,22,928.464084
2300.0,46,928.917852
3700.0,74,929.343649
1250.0,25,929.488904
2650.0,53,929.784062
950.0,19,929.867511
1400.0,28,929.995023
-2300.0,23,930.123901
1350.0,27,930.243275
4600.0,46,930.426481
1900.0,38,930.669229
1650.0,33,930.881067
3800.0,38,931.131536
2300.0,23,932.063393
1200.0,24,932.172648
1350.0,27,932.290447
2800.0,28,932.403339
1050.0,21,932.49102
2800.0,28,932.619572
1400.0,28,932.743891
1100.0,22,932.848452
2900.0,58,933.11411
2975.0,32,933.229494
2800.0,56,933.409724
1300.0,26,933.492472
1400.0,28,933.585193
1900.0,38,933.700379
2300.0,44,933.841954
1450.0,29,933.924066
1250.0,25,934.517178
1950.0,39,934.633103
2800.0,56,934.782636
1100.0,31,934.863615
2050.0,41,934.980797
1400.0,28,935.05831
3550.0,71,935.328919
1200.0,24,935.470339
-3900.0,39,935.666985
2650.0,53,935.833429
3450.0,69,936.041649
1200.0,24,936.117838
950.0,19,936.58206
1300.0,26,936.669353
1800.0,36,936.774264
1800.0,18,936.829632
1250.0,25,936.906481
2200.0,44,937.046039
2600.0,41,937.16414
1900.0,38,937.284705
1500.0,30,937.37898
1850.0,37,937.496369
900.0,18,937.548809
2450.0,49,937.689166
1700.0,34,937.786309
3800.0,38,937.895554
1550.0,31,937.988094
475.0,12,938.023879
1550.0,31,938.468665
3400.0,34,938.564249
1150.0,23,938.638279
1400.0,34,938.747493
1850.0,37,938.84917
1050.0,21,938.905964
1700.0,34,938.999185
3900.0,39,939.112162
2600.0,52,939.286229
3600.0,48,939.437864
2050.0,41,939.565368
3300.0,61,939.768319
900.0,18,939.82329
3350.0,67,940.036849
1700.0,34,940.563288
2300.0,46,940.682401
3700.0,37,940.781156
4750.0,95,941.021698
1300.0,21,941.071696
2500.0,50,941.19863
1500.0,29,941.268011
2200.0,22,941.320133
900.0,18,941.362908
4100.0,41,941.462702
900.0,18,941.50809
1350.0,27,941.580959
900.0,18,941.626684
900.0,18,941.673074
4100.0,41,942.080003
1250.0,25,942.140537
2200.0,44,942.248415
1250.0,25,942.31315
1400.0,28,942.38438
3500.0,35,942.472955
1100.0,22,942.529868
2050.0,41,942.632702
2750.0,55,942.770595
1500.0,30,942.841711
1500.0,30,942.912929
1700.0,34,942.996775
3800.0,76,943.332478
2600.0,41,943.433218
1200.0,24,943.801251
1050.0,21,943.855648
2400.0,48,943.970783
1450.0,29,944.044615
900.0,18,944.089225
2750.0,55,944.228188
1350.0,27,944.295971
2700.0,27,944.360732
900.0,18,944.403572
1700.0,34,944.485062
-3300.0,33,944.566161
1150.0,23,944.624964
2600.0,52,944.760614
1450.0,29,944.834817
2700.0,54,944.965209
3650.0,73,945.441529
2700.0,27,945.506873
1700.0,34,945.589837
1550.0,31,945.670152
1250.0,25,945.737627
1550.0,31,945.816102
1850.0,37,945.907753
3900.0,78,946.111533
2300.0,46,946.235812
1100.0,22,946.293087
1550.0,31,946.372084
1400.0,28,946.444356
3350.0,67,946.629064
900.0,18,946.675916
2200.0,44,947.116478
2100.0,42,947.233699
2450.0,49,947.365128
1450.0,29,947.444211
2750.0,55,947.590693
4600.0,92,947.842066
2900.0,37,947.943208
2800.0,28,948.012816
900.0,18,948.063291
1200.0,24,948.127917
1050.0,21,948.181138
3100.0,31,948.259364
3900.0,39,948.360008
2050.0,24,948.729189
1400.0,26,948.794448
-2500.0,25,948.858886
4100.0,41,948.964177
1650.0,33,949.052408
1200.0,24,949.139836
-2500.0,25,949.218322
3350.0,59,949.385294
5000.0,100,949.696842
1900.0,38,949.818317
1550.0,31,949.917775
3950.0,79,950.172379
1700.0,34,950.58304
2100.0,21,950.634677
1200.0,24,950.697169
1550.0,31,950.784792
950.0,19,950.842749
900.0,18,950.926865
2200.0,44,951.091762
2700.0,54,951.332007
4600.0,46,951.488339
1050.0,21,951.560949
1800.0,36,951.699808
4500.0,90,952.034775
3450.0,69,952.32807
2250.0,45,952.859787
3400.0,34,952.968146
2500.0,50,953.135272
3350.0,67,953.330684
2450.0,31,953.42169
2900.0,29,953.523761
1200.0,24,953.611535
2700.0,29,953.759997
1750.0,34,953.90193
2100.0,42,954.067354
1950.0,39,954.23878
2950.0,59,954.434402
2200.0,44,954.586426
1550.0,31,955.280307
3250.0,65,955.676299
1850.0,37,955.899122
1650.0,33,956.095611
1150.0,23,956.231637
2050.0,41,956.530048
1700.0,34,956.784229
1850.0,37,957.073279
2150.0,27,957.250655
1950.0,39,957.526938
2000.0,40,957.793568
3950.0,79,958.335983
1300.0,26,958.520358
4250.0,85,959.701772
2100.0,42,959.907443
2400.0,48,960.237155
2550.0,51,960.592068
1400.0,28,960.804128
2100.0,21,960.98761
2400.0,48,961.342398
2200.0,44,961.682243
1000.0,20,961.818966
1950.0,39,962.077946
2300.0,46,962.361155
1900.0,38,962.617345
2700.0,54,963.792112
900.0,18,963.956505
3050.0,61,965.067845
3400.0,34,965.476903
2250.0,45,965.739082
1100.0,22,965.861989
2200.0,44,966.082347
2550.0,51,966.330629
3300.0,33,966.514033
2200.0,44,966.803906
1100.0,22,966.901223
3450.0,69,967.396875
1800.0,36,968.6157
1100.0,22,968.762778
3100.0,62,969.033321
1350.0,27,969.152371
1600.0,32,969.342221
2100.0,42,969.621267
3850.0,77,970.103253
3050.0,61,970.521844
4650.0,93,971.111264
1000.0,20,971.241076
2550.0,51,971.561821
2650.0,53,972.430813
900.0,18,972.52453
3400.0,34,972.693602
1300.0,22,972.804942
1200.0,24,972.923723
6000.0,60,973.1463
2200.0,44,973.406744
1700.0,34,973.560906
1600.0,32,973.692412
6300.0,63,973.98437
1650.0,33,974.118202
1900.0,38,974.278212
1300.0,26,974.376217
900.0,18,974.434321
1350.0,27,974.918102
2450.0,49,975.067538
2900.0,58,975.235315
1150.0,23,975.293123
2250.0,45,975.449209
1450.0,29,975.568937
2750.0,55,975.761853
3100.0,31,975.852185
1950.0,39,975.968168
2800.0,52,976.123046
2350.0,47,976.251652
1150.0,23,976.324257
1400.0,28,976.420068
1900.0,38,977.055925
10200.0,102,977.349926
4500.0,45,977.47407
2300.0,46,977.602156
3800.0,38,977.715842
1450.0,29,977.798551
3800.0,38,977.897285
1050.0,21,977.954699
1350.0,27,978.024661
-4200.0,42,978.13539
1550.0,31,978.220999
1400.0,28,978.291804
2900.0,29,978.366197
1550.0,31,978.781939
1900.0,38,978.880533
1750.0,35,978.969183
1350.0,27,979.03271
1050.0,21,979.089547
1800.0,36,979.189783
2100.0,21,979.243523
-2500.0,25,979.303569
2250.0,45,979.432998
1050.0,21,979.512401
900.0,18,979.582418
3000.0,60,979.795007
1800.0,36,979.889877
3100.0,42,979.997969
1650.0,33,980.07852
-2400.0,24,980.138747
1050.0,21,980.192485
2000.0,40,980.650426
75.0,4,980.661795
900.0,18,980.711873
3800.0,38,980.8192
1150.0,23,980.880952
3400.0,34,980.971936
3700.0,37,981.067687
4600.0,92,981.303639
1050.0,21,981.356912
1050.0,21,981.410443
2100.0,42,981.513171
1700.0,34,981.597135
2800.0,56,981.746207
1950.0,39,981.905425
6800.0,68,982.479068
2350.0,47,982.599778
4350.0,87,982.837369
1200.0,24,982.897464
3050.0,61,983.060548
800.0,16,983.098609
2900.0,58,983.250974
2000.0,40,983.353651
1250.0,25,983.416794
3500.0,35,983.505871
2900.0,29,983.589438
2100.0,42,983.697969
2350.0,38,984.126561
4550.0,91,984.375831
1900.0,32,984.458274
3800.0,38,984.553934
2600.0,51,984.694697
2700.0,54,984.83652
5100.0,51,984.970496
3250.0,65,985.133694
3200.0,64,985.302301
2200.0,44,985.789855
1200.0,24,985.852606
1550.0,31,985.938575
900.0,18,985.987506
2900.0,58,986.137617
1500.0,24,986.201442
1500.0,30,986.288791
2550.0,51,986.4976
2000.0,40,986.6409
1650.0,33,986.739324
2550.0,51,986.875648
1550.0,31,986.958429
2600.0,52,987.092792
1050.0,21,987.151629
1000.0,20,987.203226
2350.0,47,987.729086
1500.0,30,987.811811
1050.0,21,987.878231
900.0,18,987.932667
2150.0,43,988.050766
1900.0,38,988.146091
3700.0,37,988.251361
2600.0,52,988.395791
1400.0,23,988.454248
5950.0,119,988.791648
2900.0,58,988.952427
2400.0,24,989.01954
1350.0,27,989.427524
1050.0,21,989.481417
1950.0,39,989.589198
1200.0,24,989.651234
1000.0,20,989.702163
1650.0,27,989.77828
-2400.0,24,989.864074
6000.0,120,990.382054
1200.0,24,990.474405
3400.0,68,990.725836
-4000.0,40,990.847277
1100.0,22,990.912333
1000.0,20,990.976875
1550.0,31,991.113419
900.0,18,991.229714
1300.0,26,991.661056
4100.0,82,991.88434
3550.0,38,991.984893
1950.0,39,992.084617
3500.0,35,992.170643
3500.0,35,992.263875
1100.0,22,992.330363
2350.0,47,992.471656
-2600.0,26,992.556259
2000.0,40,992.661295
8500.0,85,992.949538
3200.0,64,993.671321
3300.0,66,993.900302
1000.0,20,993.954257
4900.0,49,994.096247
1150.0,23,994.157808
1400.0,28,994.232074
2400.0,24,994.297199
2400.0,48,994.432668
1650.0,33,994.520603
4900.0,49,994.662555
1550.0,31,994.755243
3300.0,66,994.937755
1200.0,24,995.000007
900.0,18,995.046709
3500.0,35,995.569291
1600.0,26,995.652024
3000.0,60,995.826051
1300.0,29,995.905668
1300.0,26,995.982339
1850.0,37,996.083228
1350.0,25,996.148221
2350.0,47,996.268521
5200.0,52,996.400358
4250.0,85,996.615328
3500.0,35,996.710401
1900.0,38,996.819564
1300.0,26,997.186554
2250.0,45,997.307807
1600.0,32,997.389409
2300.0,46,997.507923
1450.0,29,997.588922
-5200.0,52,997.728518
2100.0,42,997.834879
1300.0,26,997.902471
3550.0,71,998.115114
1700.0,26,998.20379
900.0,18,998.281594
-300.0,21,998.354049
1850.0,21,998.422177
3700.0,37,998.515504
2750.0,55,999.051886
2500.0,50,999.185779
2150.0,43,999.305089
1400.0,28,999.384445
1250.0,25,999.460169
2550.0,51,999.598755
1000.0,20,999.65045
175.0,6,999.666108
2300.0,23,999.730811
1650.0,33,999.819077
1850.0,37,999.917684
425.0,11,999.94643
1950.0,39,1000.051528
1700.0,34,1000.147657
2800.0,30,1000.227449
900.0,18,1000.27374
1700.0,37,1000.375272
1750.0,35,1000.80354
2650.0,53,1000.948449
2600.0,52,1001.087608
2500.0,50,1001.250175
2575.0,54,1001.432494
2450.0,49,1001.603676
1550.0,37,1001.719622
2000.0,40,1001.822087
2400.0,48,1001.943925
4200.0,42,1002.056885
1800.0,36,1002.148865
1550.0,31,1002.231896
1650.0,33,1002.634526
2800.0,56,1002.787617
2400.0,34,1002.878454
1700.0,34,1002.975457
2800.0,56,1003.132287
2000.0,20,1003.212831
1550.0,31,1003.311125
1800.0,36,1003.401518
1600.0,32,1003.483312
5000.0,50,1003.61795
2600.0,26,1003.68938
2050.0,41,1003.805894
2200.0,43,1003.920291
2050.0,41,1004.380079
2700.0,54,1004.530747
1400.0,28,1004.605577
1450.0,29,1004.680841
1350.0,27,1004.750149
2050.0,41,1004.870628
-4100.0,41,1004.99123
2100.0,32,1005.088536
3500.0,70,1005.274003
1700.0,34,1005.365639
3050.0,61,1005.523528
950.0,34,1005.624524
3500.0,35,1005.808618
1300.0,26,1006.175491
2550.0,51,1006.307374
2000.0,40,1006.415845
1600.0,32,1006.500832
3500.0,70,1006.690164
2050.0,41,1006.800339
2150.0,43,1006.913233
2000.0,40,1007.012794
1600.0,32,1007.091981
1350.0,27,1007.159103
1300.0,26,1007.227139
1100.0,22,1007.282043
2050.0,41,1007.385382
2150.0,43,1007.915059
2150.0,43,1008.024747
1250.0,25,1008.087367
-3900.0,39,1008.182104
3100.0,62,1008.353274
1300.0,26,1008.455341
900.0,18,1008.528565
2200.0,25,1008.625947
1450.0,29,1008.724634
1850.0,31,1008.837773
1400.0,28,1008.913254
1400.0,28,1008.982944
1350.0,27,1009.053198
1100.0,22,1009.111099
2450.0,49,1009.247357
1450.0,29,1009.320702
1050.0,21,1009.692142
3150.0,63,1009.850623
1050.0,21,1009.905322
2150.0,43,1010.015914
2100.0,42,1010.119288
1250.0,25,1010.183004
2350.0,47,1010.300152
1150.0,23,1010.358563
3450.0,69,1010.535561
1600.0,32,1010.617732
1650.0,33,1010.703146
1600.0,32,1010.796911
3000.0,60,1010.956546
1800.0,36,1011.377206
1550.0,31,1011.454174
3350.0,67,1011.626236
2200.0,44,1011.748013
1100.0,22,1011.809986
1300.0,26,1011.884464
1300.0,26,1011.985449
900.0,18,1012.075403
1400.0,28,1012.15239
2100.0,42,1012.275527
1250.0,25,1012.344027
5700.0,57,1012.514082
1700.0,34,1012.604233
3000.0,30,1012.679308
1650.0,27,1012.746811
1350.0,27,1013.244883
1950.0,39,1013.343338
1650.0,33,1013.42798
3850.0,77,1013.640638
2950.0,36,1013.733443
5350.0,107,1014.010268
2200.0,44,1014.132262
2250.0,51,1014.277597
1200.0,24,1014.340486
950.0,19,1014.389791
2200.0,44,1014.506413
2650.0,53,1015.201249
2450.0,43,1015.312807
2500.0,50,1015.439185
750.0,15,1015.48276
2150.0,41,1015.584117
2400.0,48,1015.721387
3300.0,66,1015.900031
1450.0,23,1015.967383
2350.0,47,1016.096982
3450.0,69,1016.286478
3600.0,72,1016.485005
2400.0,48,1017.044139
4300.0,86,1017.276006
3600.0,36,1017.372716
2650.0,53,1017.561167
1150.0,23,1017.645079
5100.0,51,1017.806538
900.0,18,1017.87192
1250.0,25,1017.959377
1800.0,36,1018.080885
1450.0,29,1018.200127
1400.0,28,1018.283732
1050.0,21,1018.350153
1250.0,25,1018.435089
2500.0,50,1019.068908
950.0,22,1019.162798
1850.0,37,1019.260172
1550.0,31,1019.351712
1950.0,39,1019.461766
2000.0,40,1019.56424
1350.0,27,1019.632552
1550.0,31,1019.711458
4150.0,83,1019.923923
1200.0,24,1020.002484
-6000.0,60,1020.21907
1500.0,30,1020.315075
1850.0,37,1020.419458
5250.0,105,1021.289901
-2500.0,25,1021.428799
2850.0,52,1021.572686
1100.0,22,1021.632797
2400.0,24,1021.695449
4000.0,40,1021.810227
1850.0,37,1021.913226
1200.0,24,1021.977626
2450.0,49,1022.118536
2350.0,47,1022.243844
2500.0,50,1022.395713
750.0,15,1022.437399
1050.0,21,1022.4962
3100.0,62,1023.00645
1750.0,35,1023.101132
2400.0,48,1023.238316
2100.0,21,1023.296268
2750.0,55,1023.447169
1150.0,23,1023.506479
2500.0,50,1023.634295
3000.0,60,1023.795084
1450.0,29,1023.870529
2150.0,43,1024.001107
1450.0,29,1024.075832
1950.0,39,1024.221244
1000.0,20,1024.27893
1200.0,24,1024.344235
-2400.0,24,1024.700026
8100.0,81,1024.901463
1750.0,35,1024.991116
1700.0,34,1025.088283
1950.0,39,1025.19941
1800.0,36,1025.295341
1400.0,28,1025.367605
1550.0,31,1025.454402
-5300.0,53,1025.587776
4700.0,47,1025.723861
-2100.0,21,1025.787245
2500.0,50,1025.92295
1200.0,24,1025.993095
2650.0,53,1026.509397
1350.0,27,1026.582335
-3800.0,38,1026.684025
950.0,19,1026.737089
2350.0,47,1026.866437
1200.0,24,1026.925534
1250.0,25,1026.987112
1800.0,36,1027.077811
1450.0,29,1027.153714
1100.0,22,1027.240869
3750.0,75,1027.478383
1550.0,31,1027.554776
1200.0,24,1027.614627
1950.0,39,1027.715967
1950.0,39,1027.829109
2700.0,54,1028.377644
1550.0,31,1028.456857
1300.0,26,1028.52414
1450.0,29,1028.597025
3700.0,37,1028.689979
1850.0,21,1028.742717
1750.0,35,1028.831424
1300.0,26,1028.896003
1500.0,27,1028.962383
2200.0,22,1029.018221
1800.0,18,1029.063254
1350.0,18,1029.107742
1300.0,26,1029.171358
2800.0,56,1029.309062
1000.0,20,1029.358209
3850.0,43,1029.461758
900.0,18,1029.508341
4100.0,82,1030.02274
1300.0,18,1030.067937
2900.0,58,1030.21035
2300.0,46,1030.323259
2700.0,27,1030.38925
2300.0,46,1030.499412
1050.0,21,1030.552226
1250.0,25,1030.613754
2550.0,38,1030.708145
2850.0,57,1030.869862
2450.0,49,1030.995988
3100.0,31,1031.100574
2850.0,57,1031.690286
1050.0,21,1031.783555
2100.0,21,1031.949813
2200.0,44,1032.207202
1450.0,29,1032.346929
1400.0,28,1032.4584
1100.0,22,1032.545057
3450.0,69,1032.747314
4600.0,92,1032.981247
1050.0,21,1033.038124
2650.0,51,1033.169291
1450.0,29,1033.24894
1750.0,20,1033.302124
2600.0,52,1033.960386
3050.0,61,1034.244671
1350.0,27,1034.389754
1350.0,27,1034.517146
1100.0,22,1034.600004
1850.0,37,1034.746644
900.0,18,1034.822722
2000.0,40,1034.995108
1600.0,32,1035.157122
1850.0,37,1035.360607
1250.0,25,1035.492194
3300.0,33,1035.650161
1250.0,25,1035.75028
1050.0,21,1035.834126
2650.0,34,1035.969816
2150.0,43,1036.162753
1100.0,22,1036.820993
-5000.0,50,1037.103884
2100.0,42,1037.300281
1900.0,38,1037.450079
2150.0,43,1037.633277
900.0,18,1037.704418
800.0,16,1037.770055
2400.0,48,1037.93883
3200.0,64,1038.181886
1000.0,20,1038.267629
-2400.0,24,1038.361211
2450.0,49,1038.556376
4150.0,83,1038.889422
7100.0,142,1039.858349
2000.0,40,1039.962535
1650.0,33,1040.048279
-4400.0,44,1040.159795
1850.0,37,1040.257437
1425.0,31,1040.338462
2200.0,44,1040.452775
1150.0,23,1040.515454
3150.0,63,1040.683106
1300.0,26,1040.762516
1400.0,28,1040.840282
900.0,18,1041.236215
1050.0,21,1041.290982
2650.0,53,1041.432143
1200.0,24,1041.492959
1450.0,29,1041.566255
4000.0,40,1041.665528
4000.0,40,1041.775182
1450.0,29,1041.854195
3550.0,71,1042.034883
2200.0,44,1042.146834
1350.0,27,1042.216966
900.0,18,1042.269445
1300.0,26,1042.337806
1550.0,31,1042.41637
1800.0,18,1042.469239
1900.0,38,1042.56664
2100.0,42,1043.09585
2200.0,44,1043.207114
1350.0,27,1043.271998
2700.0,54,1043.40449
2300.0,46,1043.518105
2100.0,32,1043.597661
1300.0,26,1043.663671
1550.0,31,1043.742388
1900.0,38,1043.838545
1750.0,35,1043.927147
550.0,11,1043.954411
1400.0,28,1044.024666
2600.0,52,1044.150689
3150.0,63,1044.650419
3000.0,30,1044.728412
1800.0,36,1044.842322
2000.0,20,1044.895979
1200.0,24,1044.956139
2600.0,52,1045.090224
2050.0,41,1045.203778
1350.0,27,1045.276693
700.0,14,1045.314437
2150.0,43,1045.437212
2250.0,45,1045.557801
1250.0,25,1045.624948
1200.0,24,1045.703845
1250.0,28,1045.787985
2250.0,45,1045.914369
1300.0,26,1045.98549
1050.0,21,1046.380189
2050.0,41,1046.488694
1350.0,27,1046.563502
2400.0,48,1046.702212
1700.0,34,1046.789923
2600.0,26,1046.856177
2950.0,59,1047.007919
1050.0,21,1047.064888
800.0,16,1047.109515
-4300.0,43,1047.21886
3900.0,47,1047.34216
4500.0,90,1047.584731
2050.0,41,1047.700948
3800.0,38,1048.102232
1000.0,20,1048.15867
1450.0,29,1048.235937
1500.0,21,1048.291003
4050.0,81,1048.513698
3650.0,73,1048.697792
1700.0,34,1048.786003
3900.0,39,1048.891019
2250.0,45,1049.015435
2800.0,56,1049.175651
900.0,18,1049.220061
2200.0,44,1049.329443
2150.0,43,1049.760937
4100.0,41,1049.874803
1500.0,30,1049.958939
2050.0,41,1050.076635
3500.0,35,1050.179947
1450.0,29,1050.260487
1900.0,38,1050.360418
1250.0,25,1050.430615
1650.0,26,1050.50472
1850.0,37,1050.599224
1850.0,37,1050.695228
3600.0,36,1050.797237
2250.0,45,1050.917204
1150.0,23,1050.974319
1850.0,37,1051.075542
-3100.0,31,1051.500554
2000.0,40,1051.615892
2650.0,53,1051.757414
2600.0,26,1051.827765
1450.0,29,1051.906729
1950.0,31,1051.996455
2300.0,46,1052.122999
1200.0,24,1052.189394
-4000.0,40,1052.310633
3650.0,73,1052.516671
2700.0,46,1052.65599
1050.0,21,1052.713207
1350.0,27,1052.790019
2050.0,41,1052.911693
1800.0,36,1053.367514
1650.0,33,1053.45276
2050.0,41,1053.557007
1900.0,38,1053.673063
575.0,14,1053.719627
1250.0,25,1053.798605
3500.0,35,1053.896408
2500.0,50,1054.049788
1500.0,30,1054.15118
-3400.0,34,1054.245766
2300.0,46,1054.387451
1550.0,22,1054.443964
1900.0,38,1054.545197
900.0,18,1054.592898
3500.0,70,1055.073155
4000.0,40,1055.172045
3600.0,36,1055.26265
1350.0,27,1055.331279
1950.0,31,1055.410274
3900.0,39,1055.511498
3300.0,37,1055.606682
4000.0,80,1055.815639
1400.0,28,1055.893197
1350.0,27,1055.973047
-4000.0,40,1056.100054
2700.0,54,1056.24471
-2900.0,29,1056.316519
1000.0,20,1056.365187
4800.0,96,1056.969788
1200.0,24,1057.034134
4100.0,41,1057.143556
1850.0,37,1057.242594
1850.0,37,1057.340698
2100.0,42,1057.452948
1800.0,36,1057.545649
1550.0,31,1057.631639
2150.0,43,1057.749506
1850.0,29,1057.828538
1700.0,34,1057.927915
1000.0,20,1057.981214
900.0,18,1058.026946
-2100.0,21,1058.079402
2000.0,30,1058.454381
1950.0,39,1058.552667
3450.0,69,1058.768502
3900.0,39,1058.875725
1250.0,25,1058.940641
1200.0,24,1059.00506
2150.0,43,1059.117237
3200.0,32,1059.202575
2000.0,40,1059.307171
1400.0,28,1059.377876
1000.0,20,1059.429434
2900.0,58,1059.583823
2650.0,31,1059.66326
3100.0,31,1059.747217
1550.0,31,1060.171403
2150.0,43,1060.280084
1950.0,39,1060.377095
3400.0,34,1060.472365
2250.0,45,1060.602145
6600.0,132,1060.985115
1000.0,20,1061.045791
3450.0,69,1061.230643
2100.0,42,1061.334952
2150.0,43,1061.447648
-2500.0,25,1061.514178
2000.0,40,1061.974014
2300.0,23,1062.035804
1450.0,29,1062.117004
625.0,15,1062.158166
3000.0,60,1062.329847
850.0,17,1062.376339
2550.0,51,1062.567519
5000.0,50,1062.738685
1900.0,38,1062.848805
1400.0,28,1062.925534
1300.0,26,1062.994515
900.0,18,1063.040926
2100.0,42,1063.147835
2650.0,53,1063.304512
2050.0,41,1063.783314
1100.0,22,1063.847067
1400.0,28,1063.918434
2300.0,28,1063.988878
750.0,15,1064.026257
2400.0,48,1064.15567
1200.0,24,1064.222463
1950.0,34,1064.341197
1200.0,24,1064.418406
3100.0,31,1064.505462
1150.0,23,1064.574915
2200.0,22,1064.641976
1100.0,22,1064.703951
2000.0,40,1064.826286
5100.0,102,1065.099031
1250.0,25,1065.167653
1200.0,24,1065.57197
3000.0,31,1065.653655
1100.0,22,1065.731243
1500.0,30,1065.823704
1300.0,26,1065.894158
1300.0,26,1065.960441
1800.0,36,1066.052766
4000.0,40,1066.176447
2800.0,56,1066.358156
1750.0,35,1066.454395
2550.0,51,1066.6043
1300.0,26,1066.672098
3500.0,70,1066.84947
2100.0,26,1066.916954
2200.0,34,1067.324474
900.0,18,1067.377939
900.0,18,1067.423806
1450.0,29,1067.498317
2250.0,45,1067.611367
1000.0,20,1067.661923
4150.0,83,1067.897349
1150.0,23,1067.955108
1900.0,38,1068.052926
3800.0,38,1068.153398
3400.0,68,1068.342222
2100.0,42,1068.454558
3700.0,74,1068.662858
1000.0,20,1069.021187
3250.0,65,1069.180709
1200.0,24,1069.240535
1200.0,24,1069.299354
4100.0,82,1069.49856
2600.0,52,1069.627863
1050.0,21,1069.680439
1300.0,26,1069.746421
2600.0,52,1069.893399
1150.0,23,1069.956576
1350.0,27,1070.029225
1350.0,27,1070.100082
4900.0,98,1070.653176
1850.0,21,1070.70876
2400.0,48,1070.845632
900.0,18,1070.891488
1200.0,24,1070.95076
2200.0,22,1071.001404
1550.0,31,1071.077948
1100.0,22,1071.13043
1300.0,26,1071.194829
1850.0,37,1071.287306
1400.0,28,1071.356506
1200.0,24,1071.41577
1150.0,23,1071.470321
1100.0,22,1071.522982
2450.0,49,1071.645818
2100.0,42,1071.764375
2950.0,59,1072.341209
1100.0,22,1072.397193
-2700.0,27,1072.464435
2300.0,46,1072.580997
3300.0,66,1072.75247
-2200.0,22,1072.808464
1900.0,38,1072.902406
2350.0,47,1073.026979
1900.0,38,1073.122073
1050.0,21,1073.178918
2000.0,20,1073.229674
1050.0,21,1073.282831
900.0,18,1073.327824
-3500.0,35,1073.412972
1950.0,39,1073.513054
1000.0,20,1073.562294
1600.0,32,1073.971459
1000.0,20,1074.025443
2050.0,41,1074.124797
1450.0,24,1074.183709
800.0,16,1074.22318
1700.0,34,1074.310256
4600.0,92,1074.54766
4450.0,76,1074.759349
1000.0,20,1074.812683
1100.0,22,1074.873014
1250.0,25,1074.943685
2900.0,47,1075.068238
900.0,18,1075.114011
1450.0,26,1075.18684
3150.0,63,1075.682384
1300.0,26,1075.747166
1650.0,33,1075.830724
2500.0,25,1075.892383
1150.0,23,1075.95438
900.0,18,1076.004148
1250.0,25,1076.067665
1200.0,22,1076.122287
2350.0,31,1076.208141
1100.0,22,1076.269451
-2400.0,24,1076.331645
-4400.0,44,1076.441126
1250.0,25,1076.520424
1300.0,26,1076.586212
3200.0,32,1076.664937
4400.0,44,1076.776561
2900.0,58,1076.9224
2050.0,41,1077.361662
1350.0,27,1077.429475
5200.0,52,1077.566384
2150.0,43,1077.672458
2200.0,44,1077.785221
-3900.0,39,1077.889774
5700.0,68,1078.065875
1650.0,33,1078.150706
-3900.0,39,1078.246554
2250.0,45,1078.355188
2100.0,42,1078.457596
5600.0,56,1078.90673
3700.0,74,1079.095144
2750.0,47,1079.232199
2100.0,31,1079.311832
1350.0,27,1079.384206
1150.0,23,1079.444557
1550.0,31,1079.525332
4000.0,40,1079.644089
1800.0,36,1079.742381
1250.0,25,1079.809751
2100.0,36,1079.91445
800.0,16,1079.954545
1350.0,27,1080.020669
1550.0,29,1080.089694
3800.0,38,1080.195333
2350.0,47,1080.650652
2250.0,45,1080.775533
1050.0,21,1080.84842
1650.0,26,1080.92321
5600.0,112,1081.230616
2600.0,52,1081.366439
3100.0,31,1081.45303
2500.0,50,1081.582842
3550.0,71,1081.785464
3450.0,69,1081.96356
2600.0,26,1082.342218
1250.0,25,1082.408819
1100.0,22,1082.468246
1500.0,22,1082.524508
2950.0,42,1082.636551
2350.0,47,1082.757031
1850.0,32,1082.845222
3000.0,30,1082.920196
2350.0,47,1083.041005
3400.0,34,1083.129516
2850.0,32,1083.213425
2100.0,21,1083.26756
1000.0,20,1083.323735
3650.0,73,1083.514475
1750.0,30,1083.591701
1850.0,37,1084.006413
2200.0,22,1084.064125
2300.0,46,1084.181371
2000.0,40,1084.281234
3800.0,76,1084.474554
1350.0,27,1084.538656
2300.0,46,1084.650521
2250.0,45,1084.763238
-2300.0,23,1084.828149
1900.0,38,1084.924984
4150.0,83,1085.133343
3100.0,31,1085.211128
1700.0,34,1085.612683
1850.0,37,1085.708675
1250.0,25,1085.771652
12400.0,124,1086.089308
1750.0,35,1086.180464
1800.0,36,1086.269025
2200.0,44,1086.375502
1650.0,33,1086.460711
3400.0,34,1086.55825
1850.0,37,1086.661534
2100.0,21,1086.722182
1650.0,28,1086.801124
1450.0,29,1086.877155
2050.0,41,1087.339758
7300.0,146,1087.729941
1050.0,21,1087.80141
2300.0,46,1087.945405
2650.0,53,1088.110643
1500.0,30,1088.194265
2000.0,40,1088.29971
2150.0,43,1088.452552
1900.0,38,1088.600881
3300.0,57,1088.75897
2500.0,26,1089.158835
1050.0,21,1089.218951
1400.0,28,1089.299676
1500.0,30,1089.376526
2500.0,50,1089.502788
2250.0,45,1089.613653
1150.0,23,1089.672225
900.0,18,1089.718467
1200.0,24,1089.777847
900.0,18,1089.82208
1000.0,20,1089.870686
900.0,18,1089.915184
3500.0,35,1089.999289
2050.0,41,1090.101372
2350.0,47,1090.217437
1650.0,24,1090.275758
1300.0,24,1090.332697
1050.0,21,1090.382879
900.0,18,1090.797145
2500.0,50,1090.921126
2100.0,42,1091.03424
3050.0,61,1091.194815
2000.0,40,1091.296634
1950.0,39,1091.393729
2300.0,46,1091.520466
1400.0,28,1091.602374
1600.0,32,1091.694869
2400.0,48,1091.938963
1450.0,29,1092.040404
5100.0,51,1092.224312
1550.0,31,1092.318916
1350.0,27,1092.690078
1950.0,39,1092.788761
2600.0,52,1092.942963
1800.0,36,1093.040487
3700.0,74,1093.231914
1550.0,31,1093.306401
2750.0,55,1093.445695
2750.0,55,1093.589479
1200.0,24,1093.650565
1100.0,22,1093.705552
900.0,18,1093.754145
1800.0,36,1093.853032
1100.0,22,1093.909013
2850.0,57,1094.361019
1100.0,22,1094.415569
2200.0,44,1094.52608
3450.0,69,1094.700482
3400.0,34,1094.787933
1100.0,22,1094.846575
3200.0,64,1095.006761
1600.0,32,1095.08548
1850.0,37,1095.176047
1950.0,39,1095.275921
1250.0,25,1095.337611
2200.0,44,1095.446714
-3800.0,38,1095.540463
1350.0,27,1095.920064
2800.0,56,1096.060442
4100.0,82,1096.27687
3250.0,65,1096.447387
1100.0,22,1096.502877
1800.0,36,1096.588965
1850.0,37,1096.681457
1400.0,28,1096.753119
1100.0,22,1096.805216
1950.0,39,1096.903172
4000.0,40,1097.000036
1150.0,23,1097.057553
1150.0,23,1097.111056
3700.0,74,1097.589994
2050.0,41,1097.692127
2200.0,44,1097.79702
950.0,19,1097.846029
1750.0,35,1097.935006
2650.0,53,1098.068665
1950.0,39,1098.165475
1950.0,39,1098.263388
1400.0,28,1098.334064
2350.0,47,1098.447701
1100.0,22,1098.501
1550.0,21,1098.553855
1300.0,26,1098.616416
1050.0,21,1098.670175
1650.0,33,1099.060678
3500.0,70,1099.234529
2950.0,59,1099.380874
1800.0,36,1099.466231
1450.0,29,1099.53998
2100.0,42,1099.646851
-3400.0,34,1099.734086
1850.0,37,1099.828054
1050.0,21,1099.880311
1650.0,33,1099.963357
1350.0,27,1100.031701
950.0,19,1100.079815
1650.0,42,1100.181124
900.0,18,1100.227146
1350.0,27,1100.29495
1050.0,21,1100.636846
5600.0,112,1100.979077
1000.0,20,1101.038251
2750.0,55,1101.177719
1100.0,22,1101.234295
1800.0,36,1101.327921
2300.0,46,1101.445408
1950.0,39,1101.540387
1400.0,28,1101.610348
2100.0,42,1101.720419
1050.0,21,1101.774659
2300.0,46,1101.891091
1050.0,21,1101.942661
1300.0,26,1102.303849
2000.0,40,1102.404139
2100.0,42,1102.506859
4000.0,40,1102.603816
-4200.0,42,1102.70881
3900.0,78,1102.908479
3300.0,33,1102.994459
1400.0,28,1103.066704
900.0,27,1103.135145
1950.0,45,1103.2472
1700.0,34,1103.332875
1400.0,28,1103.401906
1400.0,28,1103.472236
2400.0,48,1103.900045
1600.0,32,1103.980046
1150.0,23,1104.037988
1650.0,33,1104.122006
150.0,27,1104.188174
2200.0,33,1104.271747
900.0,18,1104.316282
4800.0,96,1104.555307
2800.0,28,1104.625907
2400.0,48,1104.747946
1100.0,22,1104.802644
2600.0,26,1104.873485
2400.0,48,1104.993523
1700.0,34,1105.079542
1050.0,21,1105.130875
2900.0,58,1105.61147
650.0,13,1105.645493
-2500.0,25,1105.710869
1850.0,37,1105.812435
1450.0,29,1105.88663
1500.0,30,1105.961565
1100.0,22,1106.016379
2300.0,46,1106.12895
2000.0,40,1106.229714
950.0,19,1106.279449
1300.0,26,1106.346981
1650.0,33,1106.42901
1900.0,38,1106.520852
900.0,18,1106.563226
2000.0,39,1106.656651
1050.0,21,1106.7107
3500.0,35,1107.118944
2450.0,49,1107.240122
1200.0,24,1107.301035
1300.0,26,1107.365795
2700.0,54,1107.50206
1950.0,39,1107.596855
2600.0,52,1107.729095
1300.0,26,1107.799809
2500.0,50,1107.931847
1850.0,35,1108.023576
-5900.0,59,1108.17474
2900.0,58,1108.320941
1050.0,21,1108.375468
1450.0,29,1108.765552
2750.0,55,1108.906436
1950.0,39,1109.009684
1200.0,24,1109.071511
3200.0,64,1109.301757
2600.0,52,1109.441985
3850.0,77,1109.633556
1900.0,38,1109.729332
1550.0,31,1109.809297
1400.0,28,1109.883979
2100.0,31,1109.957616
2150.0,43,1110.064999
1750.0,35,1110.511796
1550.0,31,1110.596966
4000.0,40,1110.70062
1050.0,21,1110.755516
1200.0,24,1110.826766
1000.0,20,1110.886352
2200.0,44,1111.002237
2700.0,27,1111.083199
3400.0,34,1111.185027
3500.0,70,1111.371143
1550.0,31,1111.450705
1550.0,24,1111.511211
1250.0,25,1111.573819
900.0,27,1111.640805
2450.0,49,1111.763829
-4000.0,40,1112.179204
3300.0,33,1112.268456
2750.0,55,1112.41207
1850.0,37,1112.509899
1100.0,22,1112.565178
2400.0,48,1112.688198
1150.0,23,1112.74477
1200.0,24,1112.805301
4000.0,80,1113.013928
3100.0,62,1113.171726
1450.0,29,1113.244854
5250.0,55,1113.384802
950.0,37,1113.827652
3900.0,39,1113.929145
1600.0,32,1114.008943
3550.0,71,1114.181323
3500.0,35,1114.264533
2650.0,32,1114.344475
1150.0,23,1114.401135
1050.0,21,1114.449775
1200.0,24,1114.511669
1800.0,36,1114.600087
2800.0,56,1114.740151
2350.0,47,1114.867273
2550.0,51,1115.014943
950.0,19,1115.067051
1250.0,25,1115.598989
1400.0,28,1115.674205
1200.0,24,1115.742332
1550.0,31,1115.827939
2000.0,40,1115.935969
2400.0,48,1116.059608
1600.0,32,1116.140032
1050.0,21,1116.196974
1300.0,26,1116.262399
1100.0,22,1116.317707
2100.0,35,1116.406261
1950.0,39,1116.509508
1550.0,28,1116.578842
2450.0,49,1116.716175
3600.0,48,1116.847974
1850.0,22,1116.910064
2400.0,48,1117.360024
3350.0,67,1117.53096
850.0,23,1117.587998
1450.0,29,1117.659279
4750.0,95,1117.893209
900.0,18,1117.938444
3150.0,63,1118.105489
950.0,19,1118.155672
1600.0,32,1118.240928
1450.0,29,1118.317559
1100.0,22,1118.375998
5450.0,109,1118.970664
2250.0,45,1119.082115
3200.0,64,1119.247893
1450.0,27,1119.315559
1000.0,20,1119.365862
750.0,12,1119.395627
1650.0,33,1119.479218
3400.0,34,1119.563776
3600.0,36,1119.6642
-4200.0,42,1119.771532
2950.0,39,1119.870984
1250.0,25,1119.936275
1600.0,32,1120.018979
3250.0,65,1120.179311
2800.0,56,1120.628125
2050.0,27,1120.69702
1550.0,31,1120.774011
2400.0,48,1120.894675
2950.0,59,1121.044972
1000.0,20,1121.09443
2000.0,28,1121.162695
2950.0,59,1121.308836
2100.0,42,1121.40962
2850.0,57,1121.551564
2050.0,41,1121.656843
-4300.0,43,1121.770513
2100.0,42,1122.192971
1300.0,26,1122.264226
1550.0,31,1122.348319
-3400.0,34,1122.436717
1200.0,24,1122.503829
2250.0,45,1122.621898
3150.0,63,1122.786348
1550.0,31,1122.866219
3400.0,34,1122.952378
3400.0,34,1123.04353
8500.0,85,1123.262902
1050.0,21,1123.322933
1300.0,26,1123.389827
1200.0,24,1123.458392
1000.0,20,1123.836568
5600.0,56,1123.994879
2950.0,59,1124.215749
3000.0,30,1124.310443
2750.0,55,1124.448904
1200.0,24,1124.51198
1200.0,24,1124.571077
-2400.0,24,1124.636017
1250.0,25,1124.699794
1100.0,22,1124.754811
2900.0,29,1124.828841
2100.0,42,1124.936618
3100.0,31,1125.022215
1050.0,21,1125.083776
1900.0,38,1125.192713
1900.0,22,1125.598258
2750.0,55,1125.746065
1300.0,26,1125.818094
1350.0,27,1125.886905
950.0,19,1125.937352
8250.0,89,1126.163449
1200.0,24,1126.222298
2450.0,49,1126.345133
1800.0,36,1126.440888
2350.0,47,1126.558821
3800.0,76,1126.757619
2500.0,49,1126.884515
1950.0,39,1127.309453
5450.0,109,1127.571485
2950.0,59,1127.714024
1650.0,33,1127.796955
1200.0,24,1127.866551
-3500.0,35,1127.969328
1250.0,25,1128.038236
1200.0,24,1128.102114
900.0,18,1128.147078
1750.0,35,1128.242126
2100.0,51,1128.375903
2600.0,26,1128.446261
1700.0,34,1128.555115
1600.0,35,1129.032933
1950.0,39,1129.151451
1200.0,24,1129.221272
2800.0,56,1129.376235
2300.0,46,1129.510849
1250.0,25,1129.647694
1200.0,24,1129.770071
2250.0,45,1129.917179
2150.0,43,1130.073979
3250.0,65,1130.258442
4200.0,84,1130.498685
2200.0,44,1130.983909
1100.0,22,1131.046093
1700.0,32,1131.13022
3150.0,63,1131.303329
2600.0,28,1131.374044
1400.0,28,1131.443991
2900.0,32,1131.523953
2350.0,47,1131.663163
1300.0,26,1131.743354
1200.0,24,1131.829828
2000.0,40,1131.945995
3550.0,71,1132.139418
1150.0,23,1132.200286
1000.0,20,1132.255834
1550.0,31,1132.340439
1950.0,34,1132.748165
3700.0,37,1132.850006
4050.0,49,1132.972246
1800.0,36,1133.062962
1650.0,33,1133.168999
2600.0,31,1133.266771
4850.0,97,1133.49998
1700.0,34,1133.578136
2050.0,41,1133.674265
1850.0,24,1133.73228
900.0,18,1133.778488
2800.0,28,1133.864447
1250.0,25,1133.961148
1650.0,33,1134.068704
2350.0,47,1134.502792
1100.0,22,1134.558265
2250.0,45,1134.674972
1050.0,21,1134.742793
3900.0,39,1134.862451
2600.0,26,1134.940835
1950.0,39,1135.050032
1800.0,36,1135.145421
900.0,18,1135.189517
2200.0,44,1135.306829
1500.0,30,1135.399243
1150.0,23,1135.465868
900.0,18,1135.514282
900.0,18,1135.567868
1550.0,30,1135.649482
900.0,18,1135.695476
2900.0,29,1135.76647
1200.0,24,1136.143956
1150.0,23,1136.20144
1650.0,31,1136.280848
2500.0,50,1136.402524
2100.0,42,1136.506235
1600.0,32,1136.583749
900.0,18,1136.626992
1200.0,24,1136.685337
1350.0,27,1136.75076
3800.0,38,1136.843722
2050.0,41,1136.941638
900.0,18,1136.984859
2300.0,46,1137.102748
2100.0,42,1137.209541
4000.0,80,1137.788735
2200.0,44,1137.924135
1600.0,32,1138.012329
2650.0,53,1138.148722
3500.0,70,1138.332732
1000.0,20,1138.384541
2750.0,55,1138.526448
3850.0,77,1138.798255
2900.0,58,1138.94916
2000.0,20,1139.001849
2050.0,41,1139.105238
3800.0,76,1139.633365
1800.0,36,1139.752071
1450.0,29,1139.833758
900.0,18,1139.879303
1200.0,24,1139.943902
2150.0,43,1140.057851
1800.0,36,1140.146823
1600.0,30,1140.236299
3300.0,47,1140.361087
-3300.0,33,1140.456951
-2200.0,22,1140.517994
1000.0,20,1140.576059
2400.0,48,1140.696731
1250.0,25,1140.764415
3400.0,34,1140.867989
1150.0,23,1140.936853
3850.0,77,1141.507855
2150.0,26,1141.580684
2050.0,41,1141.688268
1450.0,29,1141.761069
1900.0,38,1141.854535
2450.0,55,1142.002723
2400.0,24,1142.066936
1200.0,24,1142.129066
950.0,19,1142.182363
2800.0,56,1142.340945
1050.0,21,1142.397183
1550.0,31,1142.477614
1300.0,26,1142.549309
1750.0,30,1142.628469
2050.0,41,1143.070159
4100.0,41,1143.208213
2800.0,56,1143.37161
2100.0,42,1143.490027
1950.0,39,1143.59082
1600.0,32,1143.675995
1350.0,27,1143.751768
-5800.0,58,1143.915539
4050.0,81,1144.138045
1500.0,30,1144.214856
1900.0,38,1144.31474
-5800.0,58,1144.867703
2600.0,52,1145.00391
2000.0,40,1145.121291
1250.0,25,1145.194229
2750.0,55,1145.340922
2800.0,28,1145.416429
2450.0,49,1145.5506
1650.0,33,1145.638397
1900.0,38,1145.745819
2700.0,54,1145.908077
3700.0,37,1146.008024
3700.0,74,1146.214722
3950.0,79,1146.845368
1500.0,30,1146.938284
3450.0,69,1147.109511
1250.0,25,1147.171971
1100.0,22,1147.226505
2750.0,55,1147.363446
2900.0,29,1147.434937
-2600.0,26,1147.501086
2650.0,53,1147.631975
1100.0,22,1147.687131
2150.0,43,1147.801326
2400.0,48,1147.930825
2250.0,45,1148.370799
2450.0,49,1148.493898
1550.0,31,1148.572505
2050.0,41,1148.669647
2500.0,36,1148.760523
3000.0,60,1148.917721
1150.0,23,1148.976266
-2400.0,24,1149.038574
1050.0,21,1149.090672
1600.0,30,1149.166281
2700.0,54,1149.300336
1700.0,34,1149.384533
1300.0,24,1149.445088
1550.0,18,1149.490478
1050.0,21,1149.549767
4000.0,80,1150.091355
2900.0,30,1150.177113
1750.0,35,1150.303466
1100.0,22,1150.372564
3850.0,77,1150.589227
2200.0,44,1150.699112
1700.0,33,1150.791957
1100.0,22,1150.85968
2100.0,42,1151.026026
2050.0,41,1151.174866
1400.0,28,1151.259075
2500.0,50,1151.390479
1950.0,39,1151.837613
1050.0,30,1151.926854
3100.0,31,1152.02116
1450.0,23,1152.088767
1500.0,24,1152.151137
-3500.0,35,1152.246746
3700.0,74,1152.441937
3700.0,70,1152.64662
4300.0,43,1152.757431
900.0,18,1152.80328
3150.0,63,1152.972786
2200.0,44,1153.09818
3750.0,75,1153.619753
4500.0,45,1153.744845
2350.0,47,1153.869279
1550.0,31,1153.949041
1600.0,32,1154.027422
1150.0,22,1154.083043
3100.0,62,1154.238045
3900.0,39,1154.33916
1500.0,30,1154.416278
1950.0,39,1154.509658
1550.0,31,1154.58582
1300.0,26,1154.653616
3350.0,67,1154.818429
1050.0,21,1155.176958
3100.0,62,1155.335699
2050.0,41,1155.450071
2150.0,43,1155.566273
1100.0,22,1155.62223
3400.0,34,1155.7125
1550.0,31,1155.795752
1550.0,31,1155.874785
2700.0,27,1155.946898
3200.0,32,1156.029764
-2400.0,24,1156.093963
2850.0,57,1156.271125
-2400.0,24,1156.33795
1050.0,21,1156.393247
1300.0,26,1156.462608
1350.0,27,1156.534396
3100.0,62,1157.030801
1750.0,35,1157.124808
2200.0,42,1157.246933
1800.0,36,1157.34342
4600.0,92,1157.58301
1850.0,29,1157.668602
1400.0,28,1157.754432
1050.0,21,1157.807129
2700.0,27,1157.876948
2100.0,42,1157.991934
1300.0,26,1158.064698
1150.0,23,1158.125618
1350.0,27,1158.194162
2500.0,50,1158.643867
1450.0,29,1158.723011
2950.0,59,1158.882758
1100.0,22,1158.939703
1550.0,31,1159.024821
2650.0,53,1159.168406
2800.0,56,1159.312406
3850.0,77,1159.596698
4300.0,43,1159.713383
1200.0,24,1159.774685
1900.0,38,1159.868472
1950.0,39,1159.97317
1500.0,30,1160.379782
1625.0,35,1160.474986
1400.0,28,1160.546327
2800.0,28,1160.619477
900.0,18,1160.667717
3400.0,34,1160.762051
1650.0,33,1160.848991
2250.0,45,1160.981801
1200.0,24,1161.042913
1150.0,23,1161.100379
2650.0,53,1161.242106
1700.0,34,1161.330995
3300.0,66,1161.50509
1250.0,25,1161.571682
2950.0,59,1162.065081
3850.0,77,1162.275296
1900.0,38,1162.371112
3600.0,36,1162.460481
1050.0,21,1162.514013
3850.0,77,1162.81265
3250.0,65,1162.978481
1350.0,27,1163.046921
1000.0,20,1163.099208
3800.0,38,1163.204188
4350.0,87,1163.428968
650.0,13,1163.459489
1250.0,25,1163.837377
3600.0,36,1163.942125
2600.0,30,1164.028596
1250.0,25,1164.097344
1100.0,22,1164.15963
-4500.0,45,1164.274817
1900.0,38,1164.375012
3700.0,37,1164.47569
2350.0,47,1164.594178
1950.0,39,1164.697008
1400.0,26,1164.7759
1550.0,31,1164.862804
1950.0,30,1164.943535
6200.0,124,1165.675051
2300.0,46,1165.812338
2950.0,59,1165.975353
-3900.0,39,1166.078442
1450.0,29,1166.155732
2800.0,56,1166.318641
1500.0,30,1166.397747
2250.0,45,1166.512772
3700.0,37,1166.610324
2600.0,52,1166.746759
2300.0,46,1166.866375
1900.0,38,1166.964903
950.0,19,1167.475686
1150.0,23,1167.53536
1250.0,25,1167.597667
1050.0,21,1167.653647
2300.0,33,1167.73993
1500.0,30,1167.833995
2500.0,50,1167.970532
4300.0,86,1168.202713
1550.0,21,1168.265362
1500.0,30,1168.343115
3400.0,34,1168.428656
1900.0,38,1168.516867
3650.0,73,1168.711127
1825.0,39,1169.35096
1150.0,23,1169.424714
2050.0,59,1169.745077
2100.0,42,1169.898558
3200.0,32,1170.007011
1000.0,20,1170.074035
3100.0,31,1170.218544
2400.0,24,1170.30012
1200.0,24,1170.410022
1600.0,32,1170.634695
1300.0,26,1170.797239
2200.0,44,1171.05439
1500.0,30,1171.18733
5250.0,92,1171.578946
2150.0,43,1172.355936
3600.0,36,1172.499264
2000.0,40,1172.628328
6600.0,132,1173.201497
1350.0,27,1173.338697
1200.0,24,1173.400737
1450.0,29,1173.480659
2150.0,43,1173.589211
1650.0,27,1173.658897
1050.0,21,1173.717215
4500.0,90,1173.963745
1900.0,38,1174.386504
1300.0,26,1174.452208
1100.0,22,1174.506847
1300.0,26,1174.580957
4000.0,40,1174.690143
4500.0,45,1174.802971
1100.0,22,1174.864168
2700.0,54,1174.99953
2050.0,41,1175.10374
2150.0,43,1175.219066
1050.0,21,1175.27431
2700.0,27,1175.341736
1050.0,21,1175.394776
1500.0,30,1175.48279
-4100.0,41,1175.602201
4100.0,41,1176.037432
1650.0,33,1176.128293
800.0,16,1176.16783
5100.0,51,1176.296644
1050.0,21,1176.350889
1700.0,34,1176.443817
3200.0,32,1176.530467
1950.0,39,1176.634087
4100.0,41,1176.747034
1750.0,27,1176.817645
1050.0,21,1176.871249
900.0,18,1176.919037
1950.0,30,1177.020187
1000.0,20,1177.071592
1550.0,31,1177.152373
1100.0,22,1177.213242
1100.0,22,1177.274393
3100.0,31,1177.367477
1350.0,27,1177.766524
900.0,18,1177.819059
1150.0,23,1177.879808
1100.0,22,1177.935955
1250.0,25,1178.00324
2900.0,58,1178.160354
3800.0,38,1178.255944
2200.0,44,1178.379236
1800.0,34,1178.492373
1450.0,29,1178.570461
3150.0,63,1178.760154
1900.0,28,1178.838294
4700.0,47,1178.956404
900.0,18,1179.001628
900.0,18,1179.053815
1650.0,33,1179.145525
1850.0,37,1179.604275
3000.0,60,1179.756862
2100.0,42,1179.866783
900.0,18,1179.912064
2800.0,56,1180.055762
3750.0,75,1180.260713
900.0,18,1180.308772
-2800.0,28,1180.380044
4100.0,41,1180.48941
1800.0,36,1180.5901
2250.0,45,1180.734009
1800.0,36,1180.885135
4300.0,86,1181.7682
-4100.0,41,1181.948551
4600.0,47,1182.105994
2700.0,54,1182.282883
1400.0,28,1182.367265
3500.0,35,1182.473774
900.0,18,1182.529176
1350.0,21,1182.60534
750.0,27,1182.6921
1050.0,21,1182.760319
2550.0,51,1182.920639
3500.0,35,1183.04346
2400.0,24,1183.1457
1950.0,39,1183.285697
1750.0,35,1183.82531
1400.0,28,1183.913548
1900.0,38,1184.038151
1350.0,27,1184.132569
900.0,18,1184.194931
700.0,14,1184.243374
2400.0,48,1184.388021
1350.0,27,1184.463716
2250.0,45,1184.579417
1800.0,36,1184.675691
1450.0,29,1184.75889
1900.0,29,1184.858187
1350.0,27,1184.943042
800.0,16,1184.995627
1800.0,36,1185.107728
1100.0,22,1185.178316
1150.0,23,1185.256079
2400.0,48,1185.971865
1900.0,38,1186.090729
4200.0,42,1186.228646
1900.0,38,1186.325233
1350.0,27,1186.392479
1450.0,29,1186.465899
-3900.0,39,1186.563348
2900.0,58,1186.726878
1100.0,22,1186.794302
2500.0,50,1186.927893
2100.0,42,1187.027644
1850.0,29,1187.101395
1100.0,22,1187.157683
4750.0,52,1187.288826
3050.0,61,1187.778073
1350.0,27,1187.84434
1100.0,22,1187.898144
1900.0,38,1187.989911
1600.0,32,1188.071154
1900.0,38,1188.170177
3550.0,71,1188.354745
1750.0,35,1188.441451
1800.0,36,1188.549024
1650.0,33,1188.642937
1200.0,24,1188.706205
1450.0,26,1188.776718
1950.0,36,1188.876271
1150.0,23,1188.941212
900.0,18,1189.304619
2300.0,46,1189.452638
1200.0,24,1189.530551
900.0,18,1189.592242
1800.0,36,1189.695754
2550.0,51,1189.826236
1900.0,38,1189.925932
900.0,18,1189.971146
3000.0,60,1190.121249
3150.0,63,1190.285223
1050.0,21,1190.339918
2600.0,52,1190.470944
3600.0,72,1190.656109
2600.0,52,1191.110794
1350.0,27,1191.182284
1400.0,28,1191.253694
1750.0,35,1191.340378
3300.0,33,1191.422673
4100.0,41,1191.527061
1000.0,20,1191.580442
1200.0,24,1191.640466
2550.0,51,1191.777332
2850.0,57,1191.920912
900.0,18,1191.970203
2950.0,34,1192.059085
2850.0,57,1192.216646
1650.0,33,1192.304823
1050.0,21,1192.644369
4900.0,49,1192.765102
1550.0,31,1192.843344
1150.0,23,1192.904238
550.0,26,1192.970627
8100.0,81,1193.176572
1400.0,28,1193.269511
900.0,18,1193.317744
6000.0,60,1193.470382
2150.0,43,1193.579512
1600.0,32,1193.6619
2100.0,21,1193.716175
900.0,18,1193.76495
5300.0,53,1193.919566
3450.0,69,1194.432179
1250.0,25,1194.498254
1250.0,25,1194.56334
1250.0,25,1194.628974
1250.0,25,1194.692514
1150.0,23,1194.761062
3200.0,64,1194.932406
-2400.0,24,1194.994668
2000.0,27,1195.062063
1500.0,30,1195.140723
1150.0,21,1195.208698
1850.0,37,1195.341046
1350.0,27,1195.456438
-2500.0,25,1195.559396
-5800.0,58,1195.76738
2500.0,25,1196.434887
1950.0,39,1196.686784
1300.0,26,1196.865024
2400.0,48,1197.055626
1950.0,39,1197.190492
2900.0,29,1197.288214
3900.0,39,1197.430089
2100.0,42,1197.566461
1050.0,21,1197.633741
-3600.0,36,1197.754859
1100.0,22,1197.83296
1200.0,24,1197.911691
2300.0,46,1198.062395
2700.0,27,1198.148203
1600.0,35,1198.255227
3050.0,61,1198.832959
500.0,10,1198.869488
2700.0,28,1198.960531
1550.0,31,1199.058877
1500.0,30,1199.150246
2150.0,41,1199.285806
900.0,18,1199.34629
1000.0,20,1199.40814
2600.0,26,1199.494967
1850.0,37,1199.612662
1350.0,27,1199.695975
1550.0,31,1199.79523
2600.0,52,1199.94875
1700.0,34,1200.07015
1500.0,30,1200.168939
2800.0,56,1200.363774
5250.0,105,1201.100157
1450.0,20,1201.161352
-3800.0,38,1201.286148
1600.0,32,1201.384059
1350.0,27,1201.460037
1400.0,27,1201.536108
1650.0,33,1201.638355
900.0,18,1201.697953
2400.0,48,1201.997554
2300.0,46,1202.225187
1650.0,23,1202.324377
1100.0,22,1202.393013
1650.0,28,1202.472138
3600.0,36,1202.57582
1750.0,35,1203.081637
3700.0,74,1203.371899
4200.0,42,1203.491122
2200.0,44,1203.618057
1000.0,20,1203.675086
2400.0,48,1203.821239
4600.0,46,1203.971575
1450.0,29,1204.062714
1050.0,27,1204.149692
1250.0,25,1204.236836
3000.0,31,1204.343053
1150.0,23,1204.419734
2350.0,47,1204.572324
1100.0,22,1204.638804
2450.0,49,1205.399704
1000.0,20,1205.482358
1350.0,27,1205.576278
1400.0,28,1205.665071
1950.0,21,1205.73135
3300.0,33,1205.835719
2450.0,49,1205.98525
1450.0,29,1206.065978
1900.0,38,1206.198076
2450.0,49,1206.366979
1300.0,26,1206.452162
1300.0,26,1206.528422
1700.0,34,1206.624602
1200.0,24,1206.696017
1600.0,32,1206.793574
1150.0,23,1206.879725
2700.0,54,1207.674096
1100.0,22,1207.769059
1250.0,25,1207.846938
1450.0,29,1207.940929
1700.0,33,1208.044495
3450.0,69,1208.333475
1350.0,27,1208.438024
1600.0,32,1208.549315
900.0,18,1208.604378
3500.0,70,1208.827959
2300.0,23,1208.909303
1800.0,36,1209.051221
1400.0,28,1209.154306
2700.0,54,1209.334438
1450.0,29,1209.984776
2100.0,42,1210.131169
3200.0,32,1210.229352
3100.0,62,1210.426513
1300.0,26,1210.548293
1350.0,27,1210.63322
3900.0,78,1210.893875
1250.0,24,1210.9651
1200.0,24,1211.041382
1700.0,34,1211.140914
1350.0,27,1211.220033
3700.0,74,1211.455042
2900.0,29,1211.553502
1350.0,27,1211.977874
1600.0,32,1212.065938
1850.0,37,1212.169612
2800.0,56,1212.330114
1800.0,36,1212.437762
3200.0,32,1212.535848
1500.0,30,1212.621503
5200.0,52,1212.763201
1500.0,30,1212.838895
1000.0,20,1212.889449
2600.0,52,1213.017417
2700.0,54,1213.152437
1200.0,24,1213.211449
2250.0,33,1213.29592
3700.0,38,1213.715116
2000.0,29,1213.795701
2650.0,53,1213.928727
1200.0,24,1213.989195
1500.0,30,1214.063226
2150.0,43,1214.171046
1850.0,37,1214.263556
2550.0,51,1214.393316
1900.0,26,1214.457535
3400.0,34,1214.5436
2600.0,52,1214.675987
-2700.0,27,1214.746628
3700.0,74,1214.99019
2550.0,51,1215.486087
2300.0,46,1215.616157
3300.0,66,1215.805791
2650.0,53,1215.951533
3200.0,32,1216.043325
2000.0,40,1216.143783
900.0,18,1216.192126
1200.0,24,1216.263176
1250.0,25,1216.34149
7700.0,77,1216.537298
2700.0,54,1216.679345
1800.0,36,1216.777744
1300.0,26,1217.165128
1450.0,29,1217.244808
2300.0,31,1217.328845
2150.0,43,1217.436724
2350.0,47,1217.553841
3550.0,71,1217.748056
1250.0,25,1217.812867
5800.0,58,1217.961009
2500.0,50,1218.089463
1550.0,31,1218.169393
1000.0,20,1218.221715
1050.0,21,1218.279096
2200.0,34,1218.378664
2300.0,46,1218.820882
2600.0,26,1218.894086
3100.0,62,1219.062901
2650.0,37,1219.171943
2400.0,48,1219.304918
1700.0,30,1219.385818
1100.0,22,1219.453053
2600.0,50,1219.599725
2950.0,59,1219.77435
2550.0,51,1219.917128
1100.0,22,1219.973125
2500.0,50,1220.10265
1550.0,31,1220.186513
3100.0,31,1220.589539
3900.0,39,1220.689871
1500.0,30,1220.77768
1950.0,39,1220.887687
2250.0,45,1221.026482
2650.0,53,1221.170185
2750.0,55,1221.365434
2550.0,51,1221.509172
1200.0,24,1221.574897
1850.0,37,1221.7125
1350.0,27,1221.818106
3400.0,34,1221.907845
4800.0,96,1222.572421
1450.0,29,1222.648117
1050.0,21,1222.708931
1450.0,29,1222.784556
2350.0,47,1222.90515
1950.0,39,1223.000993
1200.0,24,1223.062221
2900.0,29,1223.138705
850.0,44,1223.24709
1350.0,27,1223.318131
1500.0,30,1223.395322
2400.0,48,1223.513843
1450.0,29,1223.586653
1100.0,22,1223.640807
3300.0,45,1223.757574
1000.0,23,1224.153884
2000.0,40,1224.26151
1800.0,36,1224.355676
1900.0,38,1224.454287
1550.0,31,1224.530217
1900.0,38,1224.623322
1150.0,23,1224.680832
3050.0,61,1224.838519
2650.0,53,1224.983616
2950.0,59,1225.143324
3850.0,47,1225.262137
1850.0,37,1225.366868
2200.0,44,1225.81003
1300.0,26,1225.879956
1100.0,22,1225.938409
1550.0,31,1226.02484
2750.0,55,1226.172225
900.0,18,1226.221056
3200.0,32,1226.301031
1100.0,22,1226.363498
1850.0,37,1226.46023
2650.0,28,1226.529535
3550.0,71,1226.716984
1750.0,30,1226.793151
2150.0,43,1226.909308
1700.0,31,1226.998562
3800.0,38,1227.098127
2450.0,49,1227.551064
1700.0,34,1227.64164
1100.0,22,1227.702413
1350.0,27,1227.780329
3850.0,77,1227.988096
2050.0,41,1228.095969
1450.0,29,1228.168511
1250.0,25,1228.232088
2400.0,48,1228.35499
1400.0,28,1228.430278
2850.0,57,1228.581484
1100.0,22,1228.635084
2100.0,42,1228.73982
1750.0,35,1229.160692
2500.0,43,1229.275815
1050.0,21,1229.328342
2900.0,58,1229.48102
1100.0,22,1229.567939
1750.0,35,1229.738084
1000.0,20,1229.792015
2050.0,41,1229.898418
2150.0,27,1229.967943
3250.0,65,1230.131113
2600.0,52,1230.272601
3150.0,63,1230.434244
1100.0,22,1230.489519
2150.0,43,1230.984658
3500.0,70,1231.169577
3150.0,63,1231.381437
2750.0,55,1231.537533
1350.0,27,1231.606941
1350.0,27,1231.675239
1800.0,29,1231.751827
2100.0,42,1231.869671
2600.0,26,1231.936112
1200.0,24,1231.995526
1300.0,26,1232.074748
2350.0,47,1232.192077
2800.0,56,1232.345353
2250.0,45,1232.76143
2600.0,38,1232.86562
1150.0,23,1232.925185
2050.0,41,1233.025598
2650.0,53,1233.156361
3600.0,36,1233.248667
1850.0,37,1233.351418
1450.0,29,1233.435453
1300.0,26,1233.513686
2100.0,42,1233.629416
900.0,18,1233.678776
1150.0,23,1233.742319
1900.0,38,1233.84674
2550.0,29,1233.923803
1150.0,23,1233.982151
2400.0,48,1234.435765
2700.0,54,1234.572254
2400.0,48,1234.693912
1700.0,34,1234.793747
3800.0,38,1234.894883
3100.0,62,1235.060546
1700.0,34,1235.146468
3150.0,63,1235.309519
3200.0,64,1235.496962
2400.0,48,1235.686939
1900.0,38,1235.807785
3000.0,60,1236.287854
1500.0,30,1236.36513
1800.0,35,1236.452329
1300.0,26,1236.515924
2750.0,55,1236.659845
2700.0,54,1236.808082
1350.0,27,1236.888813
1050.0,21,1236.944366
2600.0,52,1237.106366
1250.0,25,1237.178701
3250.0,65,1237.392558
1550.0,31,1237.475071
1750.0,26,1237.547716
4100.0,41,1238.014428
900.0,18,1238.059449
1850.0,37,1238.150211
2100.0,21,1238.206189
1350.0,27,1238.276018
1200.0,24,1238.345135
4150.0,83,1238.561074
1500.0,27,1238.63973
2950.0,59,1238.795542
2250.0,45,1238.907793
3050.0,61,1239.066203
2550.0,51,1239.19761
1100.0,22,1239.258711
2150.0,43,1239.728218
1850.0,29,1239.801813
1550.0,31,1239.894193
1450.0,29,1239.970302
900.0,18,1240.015124
4950.0,99,1240.267699
2900.0,29,1240.346322
2400.0,43,1240.463718
2500.0,50,1240.59676
3500.0,35,1240.686403
1100.0,22,1240.741933
2300.0,46,1240.864772
4300.0,43,1240.974812
1000.0,20,1241.497934
1550.0,31,1241.586176
1150.0,23,1241.652348
1250.0,25,1241.719731
1050.0,21,1241.77852
1750.0,35,1241.873077
-4600.0,46,1241.989432
-2400.0,24,1242.060091
900.0,18,1242.111527
1900.0,38,1242.209401
2900.0,29,1242.284923
2750.0,55,1242.465518
1650.0,33,1242.557045
1750.0,35,1242.663413
5900.0,59,1242.828998
1400.0,28,1243.231169
1300.0,26,1243.322089
1350.0,27,1243.419158
2300.0,46,1243.573073
2600.0,52,1243.736923
750.0,15,1243.778828
1100.0,22,1243.841268
3250.0,65,1244.017286
2500.0,50,1244.170626
1350.0,27,1244.253308
3300.0,33,1244.368057
2450.0,49,1244.522792
1550.0,31,1244.634031
5100.0,51,1244.781958
1800.0,28,1245.265242
1700.0,34,1245.354852
1000.0,20,1245.411407
2000.0,40,1245.527064
1200.0,24,1245.595242
1700.0,34,1245.694226
1450.0,29,1245.770648
2250.0,45,1245.888116
-2600.0,26,1245.957875
2700.0,54,1246.10527
1150.0,23,1246.170823
1300.0,26,1246.248856
4150.0,51,1246.392829
1150.0,23,1246.454707
2650.0,53,1246.606853
2300.0,31,1247.099455
1050.0,24,1247.162783
2600.0,26,1247.229236
1150.0,23,1247.289555
1350.0,27,1247.358788
3250.0,65,1247.521397
3700.0,37,1247.628906
1250.0,25,1247.692572
2000.0,40,1247.792431
3150.0,63,1247.963038
2300.0,46,1248.083764
1600.0,32,1248.166404
1300.0,26,1248.233036
1450.0,29,1248.31566
900.0,18,1248.374239
1900.0,38,1248.780092
3000.0,30,1248.868349
1900.0,38,1248.966071
1050.0,21,1249.02156
2000.0,40,1249.139091
1850.0,37,1249.263724
2300.0,46,1249.416821
2950.0,59,1249.593927
2000.0,34,1249.683165
1550.0,31,1249.761019
1500.0,30,1249.836332
2400.0,24,1249.897909
1800.0,36,1249.991749
1550.0,31,1250.067888
1500.0,30,1250.141758
2550.0,51,1250.621598
1550.0,27,1250.699057
1250.0,25,1250.764967
1150.0,23,1250.826624
1350.0,27,1250.89967
1050.0,21,1250.952976
1500.0,30,1251.030124
2450.0,49,1251.1559
1300.0,26,1251.223217
1200.0,24,1251.286222
1650.0,33,1251.366071
3600.0,36,1251.45589
2550.0,51,1251.586052
4050.0,81,1251.792947
4950.0,99,1252.500137
-3800.0,38,1252.618645
1400.0,28,1252.717159
1950.0,39,1252.864106
900.0,18,1252.9399
1350.0,27,1253.051123
3950.0,79,1253.318637
900.0,18,1253.380759
1250.0,25,1253.445161
1750.0,35,1253.540886
1200.0,24,1253.606381
2450.0,49,1253.746202
5600.0,56,1254.20639
1700.0,34,1254.306047
1200.0,24,1254.426227
1050.0,21,1254.513095
-2800.0,28,1254.605617
3150.0,39,1254.712354
4250.0,85,1254.962837
3250.0,53,1255.106971
2050.0,41,1255.228821
1150.0,23,1255.300507
2100.0,42,1255.458338
4400.0,44,1255.63595
1850.0,37,1255.737493
2800.0,56,1256.244286
1900.0,38,1256.343986
2250.0,28,1256.421067
1650.0,33,1256.50684
2300.0,46,1256.631472
2350.0,47,1256.755839
1300.0,26,1256.833174
2600.0,52,1256.979396
3100.0,31,1257.063278
1100.0,21,1257.120444
1400.0,28,1257.202078
1100.0,28,1257.31817
4200.0,84,1257.542945
3300.0,33,1257.984541
1200.0,21,1258.039545
3400.0,68,1258.221882
2050.0,41,1258.368006
900.0,18,1258.429346
1050.0,21,1258.519351
1250.0,25,1258.668464
2500.0,50,1258.859111
3000.0,30,1258.953433
900.0,18,1259.008169
900.0,18,1259.062459
1200.0,24,1259.137844
1750.0,35,1259.251267
2300.0,46,1259.387677
1550.0,23,1259.471155
3000.0,60,1259.681575
2050.0,41,1260.225454
1800.0,18,1260.276632
3300.0,33,1260.375722
1300.0,26,1260.441871
1700.0,34,1260.531559
3400.0,34,1260.619145
2400.0,24,1260.678773
1100.0,25,1260.743996
4200.0,52,1260.887835
1450.0,29,1260.971841
1250.0,25,1261.049644
1100.0,22,1261.104877
3200.0,64,1261.266862
1050.0,21,1261.322554
4600.0,46,1261.447215
3000.0,30,1261.960022
4900.0,98,1262.225145
900.0,18,1262.272663
3700.0,37,1262.37954
4350.0,87,1262.611851
4050.0,76,1262.804162
5600.0,112,1263.110595
900.0,18,1263.178907
2700.0,31,1263.284062
1250.0,25,1263.368474
850.0,26,1263.894098
1200.0,24,1263.96471
1000.0,20,1264.017186
2800.0,28,1264.0913
1250.0,31,1264.169968
4650.0,93,1264.430904
1700.0,34,1264.525135
2250.0,36,1264.616059
2200.0,44,1264.729119
1100.0,22,1264.799674
4150.0,56,1264.972895
3600.0,36,1265.092555
3850.0,77,1265.734835
2150.0,43,1265.846152
1900.0,38,1265.955984
900.0,18,1266.022566
2350.0,47,1266.157691
2650.0,53,1266.332074
2750.0,55,1266.478868
1700.0,34,1266.574521
1500.0,30,1266.658621
2100.0,21,1266.717232
1050.0,21,1266.779244
1100.0,22,1266.840333
1150.0,23,1266.91095
1700.0,34,1267.010486
1600.0,32,1267.112416
