#{"t_start": 1789001687.9922652, "env_id": "None"}
r,l,t
1.25,5,3.104467
-0.25,2,3.10953
-0.25,2,3.114446
-1.25,3,3.12233
0.75,1,3.124984
0.25,3,3.132086
-0.25,2,3.137068
-0.75,1,3.139738
-0.75,1,3.142803
-0.75,1,3.145408
-0.75,1,3.148191
-0.25,2,3.153054
0.25,3,3.161284
-0.25,2,3.166889
-0.75,1,3.17022
-0.25,2,3.176303
2.25,4,3.188808
-0.75,1,3.192351
-0.75,1,3.195498
-0.25,2,3.20165
0.25,3,3.211642
-0.75,1,3.214805
0.25,3,3.224253
-0.75,1,3.227684
-2.75,6,3.245096
1.75,6,3.262542
0.75,1,3.265762
0.25,3,3.275347
2.25,7,3.295241
-0.25,2,3.301292
0.75,1,3.304767
-0.75,1,3.308116
0.25,3,3.317522
-0.25,2,3.323436
0.75,3,3.330825
0.75,1,3.333689
-0.75,1,3.337292
-0.75,1,3.340311
1.75,6,3.356603
-0.75,1,3.359436
-0.75,1,3.362088
0.25,3,3.370319
-0.75,1,3.373107
0.75,1,3.37561
1.25,3,3.382858
-1.25,1,3.385341
-0.25,2,3.390789
0.75,4,3.400323
-0.75,1,3.403285
-0.75,1,3.406336
-0.25,2,3.411484
-0.25,2,3.416483
-0.25,2,3.421704
0.75,4,3.431901
0.75,4,3.441748
-0.25,2,3.447408
-0.75,1,3.450278
-0.75,1,3.453199
-0.25,2,3.459169
5.75,14,3.49426
-0.75,1,3.497257
0.75,1,3.499944
-0.75,1,3.502663
1.25,5,3.514172
0.75,1,3.516733
-0.75,1,3.519405
-0.75,1,3.52207
-0.75,1,3.524753
0.25,3,3.531663
-0.25,2,3.536168
0.75,1,3.538576
-0.25,2,3.543201
-0.25,2,3.54808
-1.25,1,3.550733
-0.25,2,3.556424
0.75,4,3.565791
-0.75,1,3.568563
-0.25,2,3.57342
0.25,3,3.580398
-0.75,1,3.583096
-0.25,2,3.588026
-0.75,1,3.590817
-0.25,2,3.596005
0.75,1,3.598661
0.75,1,3.601182
-0.25,2,3.60595
-0.75,1,3.608581
-0.25,2,3.613269
-0.25,2,3.617832
0.75,1,3.620342
-0.75,1,3.622832
-0.75,1,3.6254
-0.75,1,3.62807
0.75,1,3.630523
-0.25,2,3.635108
0.75,1,3.637558
-0.25,2,3.64208
-0.25,2,3.646947
-0.75,1,3.649462
-0.75,1,3.651826
0.75,1,3.654207
-0.75,1,3.656845
-0.25,2,3.661566
-0.75,1,3.664222
0.75,1,3.667178
-0.25,2,3.672236
-0.25,2,3.676959
0.75,1,3.67942
-3.75,4,3.688458
-0.25,2,3.693229
0.25,3,3.70126
0.75,1,3.704022
0.75,1,3.706997
-0.25,2,3.711777
0.25,3,3.718542
-0.25,2,3.723135
-0.75,1,3.72548
-0.25,2,3.730014
-0.75,1,3.732401
-0.25,2,3.73655
-0.75,1,3.738729
0.25,6,3.750656
0.75,1,3.752809
-0.25,2,3.756986
0.75,4,3.765382
-0.75,1,3.767638
-0.75,1,3.77008
0.75,1,3.772865
-2.25,4,3.781974
-0.25,2,3.787665
-0.75,1,3.790382
-0.25,2,3.795457
-0.25,2,3.800553
0.75,1,3.803227
0.75,1,3.805765
-0.25,2,3.810561
-0.75,1,3.813058
-0.25,2,3.817962
-0.75,1,3.820714
-2.25,4,3.830472
-0.75,1,3.832886
-0.25,2,3.838066
-0.25,2,3.843091
0.25,3,3.850057
-0.25,2,3.854751
-0.75,1,3.857816
1.75,6,3.873441
-0.25,2,3.8787
-0.25,2,3.884762
-0.75,1,3.88742
-0.75,1,3.890042
-0.25,2,3.895069
-0.75,1,3.898055
0.75,4,3.908527
-0.75,1,3.911307
-1.25,3,3.919522
-0.25,2,3.924246
0.75,1,3.927134
-0.75,1,3.929618
-0.75,1,3.932112
-1.25,1,3.935116
-0.25,2,3.940477
0.25,3,3.947554
0.75,4,3.957681
-0.75,1,3.960379
2.75,4,3.971103
-0.75,1,3.97394
-0.75,1,3.976886
-0.75,1,3.979714
-0.75,1,3.983829
1.75,4,3.996549
-0.75,1,3.999799
-0.75,1,4.003763
-0.75,1,4.006953
-0.25,2,4.0135
-0.75,1,4.017661
-0.25,2,4.024496
-0.75,1,4.027568
0.75,4,4.039502
0.75,1,4.042659
0.75,1,4.0462
-0.75,1,4.049159
-0.25,2,4.055174
-0.25,2,4.061558
0.75,1,4.065272
-0.75,1,4.06856
-0.25,2,4.074922
0.75,1,4.078379
0.75,4,4.090269
-1.25,1,4.093614
-0.75,1,4.096995
-0.25,2,4.103539
-0.25,3,4.113724
-0.25,2,4.120082
-1.25,3,4.129997
-0.25,2,4.136545
-0.25,2,4.142511
-0.75,1,4.146052
1.75,6,4.164499
-0.75,1,4.167766
-0.25,2,4.174042
-0.25,2,4.180598
0.75,1,4.183956
0.75,1,4.187138
0.75,1,4.190566
-0.75,1,4.194126
0.25,3,4.203134
-1.25,1,4.206575
0.75,3,4.216494
0.25,3,4.225615
-0.25,2,4.232403
0.75,4,4.245066
-0.75,1,4.248086
-0.25,2,4.254169
-0.75,1,4.257257
0.75,4,4.268092
-0.25,2,4.273611
-0.75,1,4.2765
-0.25,2,4.281643
-0.75,1,4.284591
-0.25,2,4.289959
0.75,1,4.293158
0.25,3,4.301938
-0.75,1,4.30512
-0.75,1,4.308356
-0.75,1,4.31194
-0.25,2,4.317767
-0.25,2,4.324121
0.75,4,4.336157
-1.25,3,4.344758
-0.75,1,4.348218
0.75,1,4.351882
1.75,4,4.364666
-0.25,2,4.371169
-0.25,2,4.378185
0.75,1,4.381775
-0.25,2,4.391944
-0.25,2,4.399898
0.25,6,4.420901
1.75,6,4.441973
-0.75,1,4.445515
-0.25,2,4.451701
-0.25,2,4.457412
0.75,4,4.470592
0.75,1,4.474515
1.25,5,4.490561
-0.25,2,4.497299
-0.25,5,4.51376
-0.75,1,4.518004
-0.25,2,4.525625
0.75,4,5.348246
1.25,5,5.362047
-0.75,1,5.364812
-0.75,1,5.367542
-0.75,1,5.370453
-0.25,2,5.37566
0.25,3,5.383712
-0.75,1,5.386616
-0.75,1,5.390041
0.75,1,5.392871
0.75,1,5.395689
-0.25,2,5.400767
-1.25,3,5.40851
2.25,7,5.426146
-0.25,2,5.431386
0.25,3,5.439207
-0.25,2,5.444482
-0.25,2,5.449885
-0.25,2,5.455009
-0.75,1,5.457954
0.75,4,5.471085
-0.25,2,5.479688
-0.75,1,5.482711
0.25,3,5.49064
1.75,3,5.499256
2.25,7,5.522079
-0.25,2,5.528995
-0.75,1,5.532547
-3.75,4,5.545828
0.75,4,5.558419
0.25,3,5.568511
-0.25,2,5.575275
1.75,6,5.595628
0.25,3,5.60709
-0.25,2,5.615749
-0.25,2,5.623013
-0.75,1,5.626715
0.25,3,5.636864
-3.25,5,5.659797
-0.25,2,5.667486
-0.25,2,5.673965
0.75,1,5.677361
-0.25,2,5.683542
-1.25,3,5.692869
-0.25,2,5.700809
0.75,4,5.712556
2.75,8,5.734857
-5.25,7,5.758683
-0.75,1,5.761868
-0.25,2,5.768369
-0.75,1,5.771842
-0.25,2,5.777772
0.75,1,5.7806
-0.25,2,5.786187
-0.25,2,5.793462
-0.75,1,5.797362
-0.75,1,5.801109
0.75,1,5.8054
-1.25,3,5.815614
0.75,4,5.827949
2.75,8,5.852281
-0.75,1,5.855211
0.25,3,5.863692
0.75,1,5.867772
-0.25,2,5.874714
-0.25,2,5.881269
-0.25,2,5.887144
-0.25,2,5.892317
-1.25,1,5.897269
-0.75,1,5.900691
0.75,1,5.904184
-0.25,2,5.910802
0.75,1,5.914125
0.25,3,5.925247
-4.75,5,5.939569
-0.75,1,5.943396
-0.25,2,5.950064
-0.75,1,5.953492
-0.25,2,5.959962
-0.25,2,5.966245
1.25,5,5.981732
-0.75,1,5.985412
-3.25,5,6.001305
-0.25,2,6.007653
-0.75,1,6.010952
-0.75,1,6.014375
-0.75,1,6.017587
-0.75,1,6.021264
-0.75,1,6.024652
-0.25,2,6.030692
0.75,1,6.035126
0.25,3,6.044755
-0.75,1,6.048017
0.25,3,6.056962
1.25,5,6.072019
-0.25,2,6.077841
-0.25,2,6.083322
-0.75,1,6.086082
0.75,4,6.095875
-0.25,2,6.101025
2.75,8,6.123292
0.25,3,6.133883
0.75,1,6.138067
-0.75,1,6.141458
-1.25,1,6.145174
-1.25,3,6.154403
-0.75,1,6.157666
2.75,5,6.172643
-0.25,2,6.178708
-0.75,1,6.182154
-0.75,1,6.185334
-0.25,2,6.191992
5.75,10,6.218746
-3.25,5,6.231623
-0.75,1,6.2344
0.75,1,6.237266
-0.25,2,6.242345
-0.75,1,6.245084
1.75,6,6.261287
-0.75,1,6.263852
-0.75,1,6.266448
-0.25,2,6.271641
-0.25,2,6.276621
0.75,1,6.279251
-0.75,1,6.281902
-0.25,2,6.286832
0.25,3,6.29424
-0.75,1,6.297135
-0.75,1,6.299804
0.75,4,6.309074
-0.75,1,6.312004
-0.25,2,6.317041
-0.75,1,6.319831
0.75,1,6.322758
0.25,3,6.330034
-0.25,2,6.335095
-1.25,1,6.337782
-0.25,2,6.343457
-1.25,1,6.347111
1.25,5,6.361616
0.25,3,6.370146
-0.75,1,6.372926
-0.25,2,6.378235
0.75,1,6.380904
-0.25,2,6.38598
-0.25,2,6.3917
-0.75,1,6.394559
-1.25,3,6.40225
-0.25,2,6.407343
-1.25,3,6.414826
0.75,1,6.417625
0.75,1,6.420449
0.75,1,6.423172
-0.75,1,6.425855
-0.75,1,6.428708
1.75,6,6.443702
-0.25,2,6.449001
0.25,3,6.456482
0.25,3,6.464292
-0.25,3,6.472685
-0.25,2,6.47853
-0.75,1,6.481343
-0.75,1,6.484163
-0.75,1,6.486868
3.75,10,6.511443
-0.25,2,6.516803
-1.25,1,6.519556
-0.25,2,6.524884
-0.25,2,6.529961
-0.25,2,6.535292
-0.75,1,6.538082
0.25,3,6.545872
0.25,3,6.553508
-0.25,2,6.558754
0.75,4,6.568724
-0.75,1,6.57151
-0.75,1,6.574517
-1.25,3,6.582514
-0.25,2,6.588341
-0.25,2,6.593853
-0.25,2,6.599519
-0.75,1,6.602327
-0.25,2,6.607595
0.75,1,6.61037
-0.75,1,6.613056
-2.25,4,6.623137
0.25,3,6.630768
-0.25,2,6.636071
0.25,3,6.643774
-0.75,1,6.646591
-1.25,3,6.654284
-0.75,1,6.657143
-0.75,1,6.660004
-0.25,2,6.665168
0.25,3,6.672944
-0.25,2,6.678261
-0.75,1,6.681018
-2.75,3,6.688721
-0.75,1,6.69151
-0.25,2,6.698073
2.25,4,6.710305
-0.75,1,6.713553
3.75,10,6.73746
-0.25,2,6.74262
-2.25,4,6.753183
-0.25,2,6.760419
0.75,1,6.763527
-0.75,1,6.76621
-0.75,1,6.768967
0.75,3,6.776536
-0.25,2,6.78172
-0.75,1,6.784366
-0.25,2,6.789424
0.75,1,6.791992
-0.75,1,6.79482
1.25,3,6.802162
-0.75,1,6.804759
-0.25,3,6.812291
-0.25,2,6.817377
-0.75,1,6.819954
0.25,3,6.827451
0.75,1,6.830262
0.75,4,7.173414
-0.25,2,7.180847
-0.25,2,7.187551
-2.25,4,7.198377
-0.75,1,7.201092
-0.75,1,7.203879
-0.75,1,7.206928
0.75,4,7.218007
-0.25,2,7.223296
-2.25,4,7.233676
0.75,1,7.236543
-4.25,6,7.254473
0.25,3,7.263832
-1.25,3,7.273274
1.25,5,7.289274
1.75,6,7.307241
-0.25,2,7.313644
-0.25,2,7.320154
-0.75,1,7.323355
-0.75,1,7.326575
-0.25,2,7.332835
-0.25,2,7.339204
-0.25,2,7.345147
-0.25,2,7.350859
1.75,6,7.368271
-2.25,4,7.38067
4.75,10,7.410904
0.25,3,7.420168
0.25,3,7.428859
0.75,4,7.439126
-0.25,2,7.44455
1.25,5,7.459099
-1.25,3,7.468001
-3.25,8,7.494486
-0.25,2,7.500877
-0.25,2,7.50628
-0.75,1,7.509089
-0.25,2,7.514538
-0.25,2,7.52039
0.75,1,7.5232
-0.75,1,7.526174
1.75,6,7.542206
0.75,1,7.545253
3.25,8,7.569382
0.25,3,7.578301
-0.25,2,7.584237
1.75,6,7.603872
-0.25,2,7.610367
0.25,3,7.619576
-0.75,1,7.622796
-1.25,1,7.625633
0.75,4,7.637392
-0.75,1,7.641509
-1.25,3,7.649889
0.75,4,7.660559
-0.25,2,7.668462
2.25,7,7.688089
0.25,3,7.696751
-0.75,1,7.702011
2.75,8,7.737325
0.25,4,7.754435
0.25,3,7.764928
1.75,6,7.785099
1.25,5,7.800217
0.75,1,7.80351
-0.75,1,7.80661
-0.25,2,7.812567
2.25,6,7.827404
1.25,5,7.840517
-0.25,2,7.845639
3.75,10,7.871032
-0.25,2,7.876665
0.75,1,7.879408
-0.25,2,7.885005
-0.25,2,7.890598
-0.75,1,7.893271
-4.25,6,7.908641
-0.75,1,7.911541
-4.25,6,7.926791
-0.75,1,7.930096
3.75,10,7.956007
2.75,8,7.976647
0.75,1,7.979692
-0.25,2,7.98485
7.25,17,8.031842
-1.25,1,8.035591
-0.25,2,8.042949
0.75,1,8.047646
0.25,3,8.060453
-0.25,2,8.066722
-0.25,2,8.073089
3.25,7,8.097707
-0.25,2,8.103805
0.25,3,8.1137
-0.25,2,8.120378
-0.75,1,8.123564
0.25,3,8.131476
2.25,7,8.149141
-0.75,1,8.15172
-2.25,7,8.171596
0.25,3,8.181178
0.75,3,8.191259
0.25,3,8.200965
-2.75,6,8.220274
-0.75,1,8.22335
-0.75,1,8.22685
-0.25,2,8.233661
0.25,3,8.243212
-0.25,2,8.249848
0.75,1,8.25353
0.25,3,8.263251
-1.25,1,8.266875
-0.75,1,8.270407
-0.75,1,8.274468
-1.25,1,8.277836
1.25,5,8.294142
3.25,9,8.320852
-1.25,3,8.330357
2.75,8,8.354246
0.75,4,8.366452
0.25,3,8.375654
0.25,3,8.386147
-0.25,2,8.393708
-0.75,1,8.397002
-0.75,1,8.400359
-2.25,4,8.413344
-0.75,1,8.416494
0.75,1,8.420063
-0.25,5,8.435297
1.25,5,8.450406
0.25,3,8.458696
-0.25,2,8.464416
-0.25,2,8.470816
0.25,3,8.480509
0.25,3,8.490695
-0.25,2,8.497051
1.25,5,8.512229
0.25,3,8.522081
-8.25,10,8.554089
0.25,3,8.563593
-3.25,5,8.578676
-0.75,1,8.582394
-0.75,1,8.585585
-3.25,5,8.602092
1.25,5,8.617378
-4.25,6,8.633448
-0.25,2,8.638958
-0.75,1,8.641782
1.75,6,8.657483
-0.25,2,8.663085
-0.25,2,8.668859
-0.75,1,8.671833
-0.25,2,8.677616
0.75,1,8.680797
-0.25,2,8.687267
-0.75,1,8.690317
-0.75,1,8.693438
-0.75,1,8.696674
1.25,5,8.710742
-0.75,1,8.713958
0.25,3,8.723092
-0.75,1,8.725869
0.75,1,9.069476
-0.25,2,9.074992
0.25,3,9.082798
1.25,5,9.095643
-0.25,2,9.101021
-0.25,2,9.106309
3.25,9,9.129846
-0.75,1,9.132818
-0.25,2,9.139733
1.75,3,9.149214
2.25,7,9.172317
-0.25,2,9.179518
-0.75,1,9.182981
0.25,3,9.192643
-0.25,2,9.197878
0.25,3,9.20616
-0.75,1,9.209167
0.25,3,9.218213
0.25,3,9.227508
0.75,1,9.230682
0.75,1,9.233935
-0.25,2,9.239172
0.25,3,9.24733
-0.25,2,9.252302
0.25,3,9.260262
-2.25,4,9.274104
-2.25,4,9.287248
0.25,3,9.296609
0.25,3,9.304621
3.75,8,9.325038
-0.25,2,9.330055
-0.25,2,9.335545
1.75,6,9.352044
-0.25,2,9.357548
-0.25,2,9.362814
-0.75,1,9.365359
2.25,4,9.376232
0.75,1,9.379046
-0.75,1,9.382176
7.5,15,9.421287
-0.25,2,9.426434
-0.75,1,9.42902
-0.25,2,9.434445
-1.25,3,9.442325
0.25,3,9.449959
-0.25,2,9.455218
-0.25,2,9.460599
3.75,10,9.486095
2.25,4,9.49679
-0.75,1,9.500028
-0.25,2,9.505626
0.75,4,9.516124
-0.75,1,9.518821
0.75,1,9.521932
0.75,4,9.531827
0.25,3,9.539706
-3.75,4,9.550017
-0.25,2,9.555237
0.75,4,9.565725
-0.75,1,9.568517
0.75,4,9.579196
-1.25,1,9.581922
-0.25,2,9.587232
1.25,5,9.60009
6.75,10,9.626584
-0.25,2,9.631833
1.75,6,9.649563
-2.25,7,9.667629
1.25,5,9.680203
0.75,1,9.683298
-0.25,2,9.688544
3.25,9,9.714619
-0.25,2,9.720879
-0.75,1,9.723652
-0.25,2,9.729162
-0.25,2,9.737327
-0.75,1,9.740212
1.75,6,9.755672
-0.75,1,9.758713
4.25,11,9.787838
0.25,3,9.795751
0.75,1,9.798425
0.75,1,9.801436
0.75,1,9.804461
2.25,7,9.822877
-7.25,9,9.847848
1.25,5,9.863192
4.75,12,9.893281
-0.75,1,9.896481
1.25,5,9.909163
0.75,4,9.918986
-0.75,1,9.921628
1.25,5,9.93428
1.25,5,9.949279
2.75,8,9.975485
-1.25,3,9.984693
-0.25,2,9.990371
0.75,4,10.001386
0.25,3,10.009086
-0.75,1,10.011713
-0.25,2,10.01695
3.25,9,10.039958
-0.75,1,10.04287
2.25,7,10.061836
1.25,5,10.075065
-1.25,1,10.078075
-0.75,1,10.080774
-0.25,2,10.086117
-0.75,1,10.088657
-0.75,1,10.091496
-0.25,2,10.097001
0.75,4,10.107187
-5.25,7,10.124776
-0.25,2,10.129876
-0.25,2,10.134773
2.75,8,10.154673
0.25,3,10.162413
-0.25,2,10.167205
2.25,7,10.184564
-0.75,1,10.187339
1.75,5,10.199969
0.25,3,10.207858
-0.75,1,10.210654
-0.75,1,10.213517
1.25,5,10.226085
2.75,8,10.245308
-0.75,1,10.248046
-1.25,3,10.255789
0.25,3,10.264266
-0.25,2,10.269933
-0.75,1,10.272824
0.75,1,10.275647
-2.25,4,10.286958
0.75,4,10.297357
0.75,4,10.307678
0.75,4,10.31809
-0.75,1,10.320858
-0.75,1,10.323694
-0.25,2,10.32898
0.75,1,10.331706
-0.25,2,10.336962
-0.25,2,10.34219
5.25,13,10.374836
0.25,3,10.38313
10.25,17,10.425273
-1.25,3,10.43226
-0.25,2,10.437226
0.25,3,10.444649
-0.25,2,10.449837
9.5,13,10.789219
-1.25,3,10.797139
-0.25,2,10.802379
0.75,4,10.81187
2.75,8,10.830548
0.75,1,10.833174
6.75,12,10.86153
1.75,6,10.878348
-0.75,1,10.88102
0.25,3,10.888794
-0.75,1,10.891304
3.75,10,10.914527
-0.75,1,10.917228
-0.75,1,10.919748
-3.25,5,10.931523
-4.25,6,10.946247
1.25,5,10.959604
1.75,4,10.9703
3.75,7,10.98802
-0.25,2,10.993167
-0.25,2,10.998279
-0.75,1,11.000884
-0.25,2,11.005992
-0.25,2,11.011199
-0.25,2,11.016005
-4.75,8,11.03581
0.75,1,11.038469
0.25,4,11.048308
3.75,7,11.065434
12.25,24,11.125987
4.75,12,11.156717
0.75,1,11.159467
0.25,3,11.166946
1.75,6,11.182865
0.75,3,11.190639
-0.75,1,11.193339
-1.25,3,11.201209
7.25,14,11.236577
-0.25,2,11.241579
1.25,5,11.253105
-0.25,2,11.257714
-0.75,1,11.260247
3.25,9,11.28209
2.25,10,11.308704
-0.75,1,11.311542
-0.25,2,11.316859
3.75,10,11.341544
-0.75,10,11.366247
-3.25,5,11.37879
0.75,4,11.388937
-0.75,1,11.392069
0.75,4,11.402228
0.75,1,11.404813
0.25,3,11.412387
5.75,14,11.445238
0.25,3,11.452677
0.25,3,11.460071
-3.25,8,11.479371
-0.25,2,11.484169
0.75,4,11.494863
-0.75,1,11.497689
3.75,7,11.515946
2.75,6,11.531304
-0.75,1,11.534041
3.75,6,11.548865
-2.75,3,11.55705
0.25,3,11.565675
-0.75,1,11.568808
1.25,5,11.581057
-0.75,1,11.583798
6.25,15,11.62096
-2.25,4,11.632168
1.75,6,11.647291
0.25,9,11.669488
-0.25,2,11.674709
-0.25,2,11.679967
-0.25,2,11.685063
-0.25,2,11.690395
0.75,4,11.702
0.25,3,11.709896
-0.25,2,11.715263
-0.25,2,11.720428
-0.25,2,11.725677
-0.75,4,11.736077
-0.25,2,11.741606
7.75,18,11.788125
-0.75,1,11.79114
-0.25,2,11.796499
1.25,5,11.809215
2.75,8,11.830641
-0.25,2,11.835764
0.25,3,11.843052
2.75,8,11.864014
0.25,3,11.874424
0.25,3,11.885731
-0.75,1,11.89157
-0.25,2,11.901452
-0.75,1,11.905128
0.75,1,11.908483
1.25,5,11.922384
4.25,8,11.944003
-0.25,2,11.949692
-0.75,1,11.952543
1.75,4,11.963615
2.25,7,11.983707
0.75,4,11.994498
2.25,6,12.010855
-3.25,15,12.0525
0.75,1,12.055564
6.75,17,12.410074
0.75,4,12.420339
0.75,1,12.423709
5.75,14,12.459021
0.25,3,12.466685
1.25,5,12.479278
8.75,14,12.514533
-3.25,8,12.536608
3.75,10,12.561673
-0.25,2,12.567105
0.75,3,12.574542
1.25,5,12.587698
-6.25,8,12.609488
-0.25,2,12.615014
-1.25,3,12.623498
3.25,6,12.642363
1.75,3,12.651231
3.75,9,12.675341
-0.25,2,12.681123
1.25,5,12.693642
-0.25,2,12.700126
0.75,4,12.713243
5.25,13,12.747186
0.75,1,12.750065
-3.25,8,12.769631
-0.25,2,12.775225
-0.75,1,12.777997
2.25,7,12.795295
-0.25,2,12.800634
-0.75,1,12.803526
0.75,4,12.813031
-0.75,1,12.815576
5.75,11,12.8416
-0.75,1,12.844482
-1.25,3,12.851929
2.75,5,12.864784
-2.75,12,12.895298
-4.75,5,12.907983
1.75,6,12.922576
-2.25,4,12.932518
-1.25,1,12.935328
0.25,3,12.942786
1.25,5,12.955508
-2.25,17,12.998549
0.25,3,13.006054
-4.25,6,13.020657
-0.75,1,13.023729
13.5,20,13.074017
2.75,8,13.093201
1.25,5,13.105454
-0.25,2,13.11115
5.75,10,13.136145
2.25,5,13.14859
3.25,9,13.169941
-0.25,2,13.175232
1.25,5,13.187752
-0.75,1,13.190683
0.75,4,13.20031
-1.25,1,13.203011
-2.25,7,13.220266
0.75,1,13.222867
0.25,3,13.230892
-0.25,2,13.236082
2.75,8,13.255541
2.25,7,13.273015
0.75,4,13.282896
-0.75,1,13.285623
-3.25,5,13.297894
2.75,8,13.319291
0.25,3,13.326963
11.25,25,13.387649
-2.25,4,13.398203
3.75,10,13.422364
-1.75,20,13.468324
-0.75,1,13.471071
0.25,3,13.479386
3.25,7,13.49775
2.25,7,13.515187
-1.25,3,13.523134
-1.75,11,13.550979
5.25,13,13.583435
-0.75,1,13.586465
0.75,1,13.589356
1.25,5,13.601694
2.25,7,13.619467
0.25,3,13.627388
0.75,4,13.637979
-3.75,10,13.665794
1.25,5,13.678716
-0.75,1,13.681481
-0.75,1,13.684368
-0.25,2,13.689637
0.75,1,13.692468
-0.25,2,13.698221
0.75,1,13.701532
-0.75,1,13.70503
-0.25,2,14.015149
1.25,5,14.028125
0.25,3,14.035622
-0.75,1,14.038395
-9.25,11,14.064823
-0.25,2,14.070064
0.25,3,14.07819
2.75,8,14.10012
1.75,6,14.115635
6.25,12,14.145825
1.25,5,14.1589
4.75,11,14.18623
-0.25,2,14.191461
0.25,3,14.199259
-0.75,1,14.202026
0.25,3,14.210776
5.75,14,14.249052
6.25,10,14.278586
-1.25,3,14.289039
3.25,12,14.333172
2.25,10,14.370174
-3.25,5,14.386341
-0.75,1,14.389961
-1.75,17,14.445116
0.75,1,14.448797
6.75,25,14.525256
-5.25,7,14.548075
0.75,4,14.559606
-0.75,1,14.563079
-13.25,15,14.606802
-0.75,7,14.625317
3.25,9,14.656018
-0.75,1,14.659194
10.25,18,14.710152
-0.25,2,14.716514
3.25,9,14.739929
9.75,21,14.794691
5.25,13,14.828383
-3.25,5,14.841079
-0.25,2,14.846352
1.25,5,14.861731
0.75,4,14.876191
-0.25,2,14.885995
1.25,4,14.90002
1.75,6,14.915695
8.0,16,14.958839
-2.25,4,14.97108
0.75,1,14.974227
10.25,14,15.018564
5.25,12,15.057877
0.75,1,15.061395
0.25,3,15.071431
-0.75,1,15.075316
-0.25,2,15.081732
-1.25,3,15.091171
-0.75,1,15.094641
-0.75,1,15.099459
0.25,3,15.109786
-1.75,8,15.132859
-0.75,1,15.135678
2.25,4,15.146356
1.25,5,15.161291
4.25,11,15.194092
0.75,4,15.20618
0.25,3,15.215534
-0.25,2,15.221578
3.25,9,15.249591
4.75,7,15.269105
1.25,5,15.282096
-0.25,2,15.287306
-4.25,9,15.312757
-0.25,2,15.319265
0.75,4,15.332625
-2.25,13,15.37289
0.25,3,15.382424
4.25,11,15.4208
3.75,16,15.463716
-0.25,2,15.469482
0.75,4,15.480052
-0.25,2,15.485541
-0.75,1,15.488357
3.75,8,15.508187
-2.25,7,15.847382
0.25,3,15.854569
9.25,21,15.910037
7.25,17,15.952053
12.5,25,16.013668
0.25,3,16.020771
-0.25,2,16.025836
6.0,12,16.055555
-7.25,14,16.093529
1.75,6,16.111006
2.25,6,16.127766
-0.25,2,16.133223
0.75,1,16.136057
-2.25,4,16.146897
3.75,9,16.169712
0.75,4,16.179853
-0.25,2,16.184955
-1.25,1,16.187727
0.25,3,16.195431
-0.75,1,16.198048
1.25,5,16.210263
4.25,11,16.238064
-1.25,3,16.246003
-0.5,14,16.280029
1.75,6,16.295333
0.75,4,16.305476
-0.25,2,16.310827
1.25,5,16.323655
2.25,4,16.334994
4.25,11,16.363712
-0.25,2,16.369393
7.0,14,16.404722
-0.25,2,16.409812
-1.25,1,16.412584
4.25,17,16.454815
0.25,4,16.464964
-0.25,2,16.470416
0.25,3,16.478232
-3.25,5,16.490261
1.25,5,16.502656
-0.75,1,16.505263
-9.25,11,16.532392
-0.25,2,16.537626
2.25,7,16.555
3.25,8,16.573834
0.25,3,16.581435
1.75,4,16.591379
-0.25,2,16.596693
-10.75,11,16.623591
1.25,5,16.636453
12.25,17,16.68182
1.75,6,16.699309
4.25,11,16.727462
-0.25,2,16.732834
1.25,5,16.745359
-0.25,2,16.750801
-0.25,2,16.756169
5.75,14,16.793733
-2.75,9,16.820332
1.25,5,16.836587
0.75,4,16.849943
-0.75,1,16.853149
-0.25,2,16.860383
-1.25,3,16.87089
-0.75,1,16.874488
1.75,6,16.894819
0.75,1,16.899179
3.25,9,16.931197
6.25,15,16.99055
-0.75,1,16.993945
2.25,7,17.01631
4.25,11,17.051172
-0.75,1,17.054519
-3.25,5,17.070863
-5.75,6,17.091596
0.25,3,17.10103
-0.25,2,17.107838
3.25,9,17.134735
13.25,18,17.195338
3.25,9,17.224686
-0.25,2,17.231387
5.25,13,17.652142
3.75,10,17.679574
1.75,6,17.694789
-4.25,9,17.720143
-0.25,2,17.725675
0.75,4,17.735834
-9.25,11,17.763708
4.25,11,17.795214
1.75,6,17.812542
7.25,17,17.875341
0.25,3,17.886039
0.25,3,17.897294
1.25,5,17.915939
-0.75,1,17.920183
-0.75,1,17.924452
7.0,14,17.963992
9.75,22,18.024743
-6.25,8,18.048341
-0.25,2,18.053813
-1.25,3,18.062326
-0.75,1,18.065008
-0.25,2,18.070621
4.25,11,18.09966
0.75,4,18.110735
1.75,6,18.126506
3.75,22,18.186629
4.75,12,18.21873
1.75,5,18.232485
4.25,11,18.261724
1.75,3,18.269833
-0.25,2,18.276047
9.5,16,18.320288
3.75,10,18.347389
7.75,18,18.395455
1.25,5,18.40801
8.25,17,18.448947
-2.0,20,18.498819
-0.75,1,18.501503
0.75,4,18.511997
-2.25,4,18.522502
4.25,11,18.549463
4.25,11,18.576875
0.75,4,18.587071
5.25,13,18.618261
-0.75,1,18.621055
1.75,4,18.630712
0.75,1,18.63342
6.5,13,18.66361
-1.25,9,18.685155
6.25,12,18.714079
4.75,12,18.744994
-2.75,6,18.760991
-2.25,13,18.794097
-0.75,1,18.796973
-0.25,2,18.802193
-0.75,1,18.804957
2.75,8,18.824331
-0.75,1,18.826868
2.25,4,18.836774
-0.25,2,18.841808
0.25,3,18.848691
-0.75,1,18.851321
10.5,21,18.904562
-0.75,1,18.907814
-0.75,1,18.91073
-5.25,13,18.940583
3.25,8,18.959111
-1.25,3,18.966674
1.75,6,18.981338
0.25,3,18.988561
-2.25,4,18.998794
0.75,10,19.323935
-16.0,16,19.363341
-0.25,2,19.368578
0.75,3,19.376137
12.5,25,19.435834
0.75,1,19.438659
2.25,7,19.454848
-1.25,3,19.46336
2.75,3,19.471232
-0.75,1,19.47397
0.75,3,19.48141
-9.25,11,19.507507
1.75,6,19.52159
1.75,6,19.53542
4.75,12,19.564414
-1.25,3,19.575583
-1.25,3,19.584141
-0.75,1,19.58694
2.25,7,19.604706
-11.5,16,19.643582
-0.75,1,19.646403
-0.25,2,19.651488
4.75,7,19.668513
0.75,1,19.671334
-0.75,1,19.673961
0.75,1,19.676661
3.25,9,19.698365
1.25,15,19.736806
-0.25,2,19.741927
-16.75,17,19.783824
11.0,21,19.838592
-8.75,18,19.884471
-0.75,1,19.887614
-2.25,4,19.902056
13.25,27,19.985971
-0.25,2,19.991451
-2.25,19,20.043347
6.5,13,20.076756
-0.75,1,20.079837
-0.25,8,20.102551
-13.25,15,20.143178
2.75,8,20.16565
7.25,17,20.213096
2.25,7,20.231711
3.25,10,20.260329
2.25,7,20.278434
-0.25,2,20.283717
7.75,15,20.321888
0.75,4,20.333108
-0.75,1,20.336247
5.25,13,20.371665
-5.25,16,20.411212
-0.25,2,20.416459
-0.25,14,20.452882
-2.75,6,20.467389
0.75,4,20.477736
6.25,14,20.513226
0.75,4,20.523544
-0.75,1,20.526416
6.75,16,20.566097
7.75,18,20.611756
3.75,10,20.640252
3.75,10,21.138241
2.75,5,21.154489
-0.75,1,21.158624
-1.25,1,21.162433
-0.25,2,21.170639
0.25,3,21.179466
-0.75,1,21.182163
-0.75,1,21.184975
0.75,1,21.187732
1.75,6,21.20279
-2.75,6,21.218015
0.75,4,21.228421
1.75,4,21.238416
0.75,1,21.241153
-0.25,2,21.246116
-1.25,3,21.253875
-0.75,1,21.256951
0.75,1,21.259773
-12.25,17,21.301326
0.25,3,21.308582
-0.75,1,21.311217
-0.75,1,21.313814
0.75,4,21.323765
-0.75,1,21.326411
-0.25,2,21.331487
4.75,12,21.360427
2.75,8,21.381717
0.75,4,21.392335
-0.25,2,21.397951
0.25,3,21.405772
1.75,6,21.425244
0.75,1,21.430705
-0.75,1,21.436064
1.75,6,21.456064
-0.25,2,21.461377
2.25,7,21.479309
-0.25,2,21.485126
-0.75,1,21.487833
-0.25,2,21.492761
0.25,3,21.500052
3.75,10,21.524808
8.75,20,21.574477
1.75,6,21.590358
0.75,1,21.59342
-1.25,6,21.609514
9.5,25,21.66898
-1.25,3,21.676656
-9.25,11,21.704313
-5.25,7,21.723598
2.75,8,21.743453
-0.75,1,21.746252
-1.25,3,21.753763
-0.25,2,21.758874
6.75,14,21.792844
-0.25,2,21.798111
2.25,6,21.812754
-0.75,1,21.815443
1.75,6,21.829882
0.25,3,21.837306
-2.25,4,21.847772
8.0,16,21.889041
0.75,1,21.891977
-0.25,2,21.897623
0.25,4,21.907793
7.75,18,21.95262
-1.75,5,21.964976
-0.75,1,21.967669
-0.25,2,21.972846
-0.25,2,21.978226
-0.75,1,21.980942
0.25,3,21.988998
-0.25,2,21.993804
5.75,14,22.027373
2.75,8,22.046836
-1.75,8,22.065818
0.75,1,22.068455
-0.25,2,22.073721
3.25,9,22.095886
-0.75,1,22.09883
-0.25,2,22.104202
-0.75,1,22.107054
1.25,5,22.120132
-1.25,1,22.122958
0.75,4,22.134658
-0.75,7,22.152874
0.75,5,22.168519
4.25,12,22.202122
-0.25,2,22.206902
1.75,18,22.254338
5.75,14,22.290922
2.75,5,22.303444
-1.25,3,22.311033
-0.75,1,22.31361
1.25,5,22.325833
3.25,9,22.347589
-3.75,4,22.357752
-3.75,10,22.383491
-0.25,2,22.389395
5.25,13,22.422555
-0.25,2,22.427262
-0.25,2,22.432859
0.25,3,22.440539
0.75,1,22.443486
5.25,13,22.880499
1.75,5,22.893252
-0.75,1,22.896133
0.75,4,22.906358
2.25,7,22.924214
0.75,1,22.926884
-0.25,2,22.932591
3.75,6,22.953219
8.5,17,22.995815
4.25,11,23.023528
-10.25,12,23.054051
-0.25,2,23.059939
0.75,1,23.062813
-0.75,1,23.065578
-1.25,3,23.073412
-10.25,12,23.106724
0.75,1,23.109351
-1.25,3,23.11694
8.25,15,23.154002
2.75,8,23.173734
3.25,8,23.19364
0.75,4,23.204176
7.5,15,23.241745
-0.25,2,23.246668
-0.75,1,23.249208
-0.25,2,23.253977
-1.25,3,23.26118
0.75,1,23.263834
-0.25,2,23.268691
-2.25,7,23.287745
1.75,6,23.303353
-0.25,2,23.308593
-1.25,3,23.316334
5.25,13,23.348464
0.75,1,23.351143
-2.25,4,23.362522
1.25,5,23.376328
0.25,3,23.3845
-0.25,2,23.390042
0.25,3,23.398484
-0.75,1,23.401514
0.75,1,23.404278
7.75,18,23.449719
-4.75,8,23.469998
4.25,11,23.498159
-1.25,3,23.506055
-0.75,1,23.5088
2.75,8,23.531388
4.25,11,23.571245
-0.25,2,23.578224
-1.25,3,23.588601
5.25,13,23.629963
-1.25,6,23.647868
0.75,1,23.65117
-0.25,2,23.657006
-0.75,1,23.659793
0.75,1,23.662634
8.25,19,23.712397
-0.75,1,23.71552
0.75,1,23.718534
0.75,1,23.721773
0.25,3,23.730982
-0.75,14,23.76643
0.25,3,23.774222
-0.25,2,23.779424
1.75,4,23.790245
0.75,1,23.794258
-0.75,1,23.799135
0.75,1,23.804175
0.75,1,23.808235
0.75,1,23.812768
-0.75,1,23.816362
-1.25,3,23.824867
-0.25,2,23.830779
7.25,17,23.885349
-0.25,2,23.892242
6.75,10,23.927129
-0.25,2,23.934299
7.75,18,23.995188
-1.25,3,24.003863
-0.25,2,24.009676
-1.25,3,24.017696
0.25,3,24.025453
-0.25,2,24.031151
-0.25,2,24.036814
0.25,3,24.047259
0.75,5,24.064505
-0.75,1,24.068207
0.25,3,24.078601
1.75,6,24.098076
9.75,22,24.16402
0.75,1,24.168081
-0.25,2,24.174145
2.75,8,24.195879
-0.75,1,24.1988
-1.25,3,24.206583
5.75,9,24.230238
-0.25,2,24.23582
6.0,12,24.267078
2.25,7,24.287032
4.75,12,24.788417
12.0,24,24.857389
4.75,12,24.891556
0.25,3,24.89976
5.75,10,24.926299
0.75,1,24.929128
-0.75,1,24.93217
-1.25,3,24.939714
10.25,23,25.029497
-0.25,2,25.037532
-0.25,2,25.044287
-0.25,2,25.051605
-0.25,2,25.058737
3.75,10,25.088352
0.75,4,25.098649
6.25,15,25.136626
-0.25,2,25.142756
5.0,16,25.1874
-0.75,1,25.190635
0.75,1,25.193976
2.25,7,25.21578
6.0,12,25.246801
-0.75,1,25.249671
-0.25,2,25.255255
0.25,3,25.263628
6.25,15,25.304583
-2.25,8,25.326284
-0.25,2,25.331889
3.75,4,25.341974
1.25,5,25.356235
4.75,12,25.390368
-20.25,22,25.448902
0.25,3,25.456445
-0.75,1,25.459019
-5.75,18,25.502498
1.25,5,25.51788
3.25,5,25.53134
-0.75,1,25.53424
3.25,9,25.55887
2.25,7,25.578767
1.75,6,25.595527
1.25,5,25.60852
-0.75,1,25.61159
1.75,6,25.635094
0.25,3,25.643584
0.25,3,25.651644
10.0,20,25.706088
0.25,18,25.757945
9.75,19,25.831383
6.25,14,25.87807
-1.25,1,25.881174
9.75,22,25.93736
9.0,18,26.004045
9.5,19,26.057997
-0.75,1,26.061071
6.75,16,26.108425
0.75,1,26.111737
-2.25,7,26.133951
0.75,4,26.145874
-0.25,2,26.152243
6.25,12,26.183902
4.25,11,26.215741
9.0,18,26.268037
5.75,14,26.639478
2.25,7,26.657024
-0.75,1,26.659802
-0.25,2,26.664845
-1.25,3,26.673131
9.25,21,26.724736
-0.75,1,26.727434
-0.75,1,26.730024
0.75,3,26.738174
4.25,11,26.76653
0.25,3,26.773709
-0.25,2,26.778843
0.25,3,26.786187
-0.25,2,26.791232
-0.25,2,26.796299
2.25,7,26.813621
-3.75,10,26.83777
9.0,18,26.895389
-0.75,1,26.899078
0.75,13,26.937664
1.25,5,26.950846
-0.75,1,26.953851
3.25,15,27.000039
-0.75,1,27.004743
0.25,3,27.0143
10.75,24,27.080631
-0.75,1,27.084042
0.75,1,27.087193
6.25,10,27.113465
8.25,25,27.180161
7.25,15,27.227563
10.25,23,27.292132
-2.25,4,27.30473
0.75,4,27.316471
2.75,8,27.339089
-0.75,1,27.342682
8.5,17,27.385302
9.25,13,27.418296
-0.75,1,27.42153
0.75,1,27.424763
1.75,6,27.439743
7.75,18,27.48411
-0.75,1,27.486879
2.25,5,27.499051
-0.75,1,27.501903
2.25,7,27.51901
-0.75,1,27.521761
-5.25,7,27.540796
-0.75,1,27.543814
1.25,5,27.556437
2.25,4,27.56676
3.75,10,27.591898
-17.75,18,27.638881
3.75,10,27.665234
-1.25,3,27.673007
-0.75,1,27.675963
-13.25,18,27.723962
-2.25,4,27.734776
-0.25,2,27.739948
8.5,15,27.778555
-0.75,1,27.781134
1.75,6,27.795297
-0.75,1,27.798074
-4.75,5,27.810367
0.25,3,27.817826
6.75,12,27.847607
0.75,1,27.850786
-0.75,1,27.853742
0.25,3,27.863941
0.25,6,27.88911
0.75,1,27.892599
0.25,3,27.900981
-0.75,1,27.904114
0.75,3,27.911729
0.75,1,27.914247
-5.75,6,27.929878
-4.75,5,27.944189
0.75,1,27.947291
-7.25,12,27.982309
4.25,8,28.332259
-0.25,2,28.338433
-0.25,2,28.344373
7.25,11,28.377022
-1.25,3,28.386234
-3.25,5,28.40331
0.25,3,28.413113
3.25,9,28.440355
3.25,9,28.469994
-0.25,2,28.476676
-0.25,2,28.483361
10.25,23,28.557241
3.25,7,28.575677
0.25,3,28.583489
-0.25,2,28.588746
-0.25,2,28.594183
5.75,11,28.622166
8.75,20,28.67419
0.25,3,28.681819
0.75,1,28.684829
1.25,5,28.698017
6.75,15,28.738662
1.25,5,28.751655
-1.25,1,28.754671
-0.75,1,28.75744
1.75,3,28.766307
-0.75,1,28.769436
0.75,4,28.780281
-0.75,1,28.783171
0.75,4,28.793394
-0.75,1,28.796176
0.25,3,28.804194
4.75,12,28.834311
8.25,17,28.88728
-0.25,2,28.892621
2.25,7,28.910282
0.25,3,28.918868
1.25,5,28.93498
2.75,8,28.959551
1.25,5,28.973485
1.75,5,28.987614
0.75,1,28.99103
-0.75,1,28.994352
7.25,16,29.034269
0.25,3,29.041879
-3.25,5,29.054514
-3.25,5,29.067289
-0.25,2,29.072421
-8.5,16,29.113567
0.25,3,29.121231
2.75,5,29.133762
10.5,12,29.165345
-0.25,2,29.170773
2.75,8,29.190835
0.75,1,29.194015
-0.25,2,29.19924
-3.25,5,29.215864
5.75,14,29.255175
4.25,20,29.30631
1.25,3,29.314271
-0.25,2,29.319702
-0.75,1,29.322663
-0.25,2,29.329644
-0.25,2,29.335893
0.25,3,29.345207
2.25,7,29.366067
1.25,5,29.38115
0.75,4,29.393261
1.25,5,29.407771
-0.25,2,29.414322
3.75,7,29.433699
-0.75,1,29.437035
6.5,13,29.474694
-0.25,2,29.480573
0.25,3,29.488487
10.75,18,29.531886
-0.25,2,29.537119
-0.25,2,29.542607
-0.25,2,29.548003
-0.25,2,29.554341
-1.25,1,29.557573
-0.25,2,29.56328
-0.25,2,29.568802
-1.25,3,29.576813
-0.25,2,29.582189
-0.25,2,29.587276
-0.75,1,29.590408
0.75,4,29.6016
3.25,18,29.652604
0.25,3,29.661558
-0.75,1,29.66534
6.75,16,29.711643
1.75,6,29.728548
-1.25,3,29.737432
4.25,11,30.149336
3.25,9,30.171564
0.25,3,30.179337
1.25,5,30.191622
-8.25,10,30.217939
0.75,1,30.221065
10.75,18,30.267644
-0.25,2,30.272975
2.25,4,30.28314
8.75,17,30.326541
0.25,3,30.335852
-0.75,1,30.339097
-0.75,1,30.342184
3.25,9,30.365781
-3.25,15,30.40743
-0.25,2,30.413698
3.0,21,30.468144
0.75,4,30.479056
7.25,18,30.525847
0.75,1,30.528957
17.75,20,30.580009
0.75,3,30.588345
-4.25,6,30.603391
-0.25,2,30.608634
6.75,16,30.648628
1.75,6,30.663259
-5.25,7,30.683321
-0.75,1,30.686115
2.25,4,30.696358
0.75,1,30.699115
0.25,3,30.708086
-1.25,3,30.716537
0.25,3,30.724592
1.25,5,30.737377
-1.25,3,30.744766
3.25,9,30.768291
0.25,3,30.778256
-0.25,2,30.784833
10.25,23,30.848984
-6.25,8,30.874527
-0.25,2,30.881112
0.75,1,30.884501
-0.25,2,30.890484
1.75,6,30.907358
0.75,1,30.910469
4.25,9,30.936004
-17.25,19,30.985656
8.25,19,31.03839
7.75,18,31.082961
0.75,4,31.094538
15.0,25,31.164078
-0.25,2,31.170111
0.75,1,31.174066
-1.25,15,31.220555
1.25,5,31.23774
0.75,4,31.250799
3.25,9,31.278146
8.0,16,31.326371
2.25,7,31.348386
22.5,25,31.421331
-0.25,8,31.446975
4.75,12,31.488586
-0.25,2,31.496371
5.75,14,31.538056
0.75,4,31.549004
-11.25,13,31.946545
3.5,22,32.00354
0.75,1,32.006822
-0.75,1,32.01045
12.0,24,32.085658
3.25,9,32.114349
0.75,1,32.118332
8.5,17,32.181155
0.75,1,32.184624
4.25,11,32.220817
3.25,9,32.245891
17.25,37,32.359002
-0.25,2,32.365934
-0.25,2,32.372392
-0.25,2,32.379232
0.25,3,32.388653
11.5,23,32.453789
11.25,25,32.524104
10.0,19,32.574802
6.5,13,32.615246
10.0,20,32.674843
0.75,1,32.678648
-5.25,7,32.700867
-0.75,1,32.706548
0.75,1,32.712109
-7.25,9,32.745075
-0.75,1,32.749314
-0.25,2,32.755537
7.75,15,32.797237
-1.25,1,32.800074
-9.25,11,32.828814
5.75,11,32.858829
8.75,20,32.922119
-3.25,5,32.934938
4.5,15,32.972689
-1.25,1,32.975375
4.75,12,33.006472
-0.75,1,33.009541
8.75,19,33.06062
0.75,1,33.064301
-0.75,1,33.067633
0.25,3,33.076354
-3.75,4,33.088053
0.25,3,33.098064
-0.25,2,33.105211
3.75,8,33.131644
-7.25,9,33.162697
6.25,15,33.209818
0.25,3,33.220023
3.25,9,33.251589
-1.25,1,33.255518
-11.0,23,33.324156
0.75,1,33.327212
6.25,14,33.367469
-0.25,2,33.37424
6.75,14,33.411395
0.75,1,33.414644
-2.75,3,33.421887
-1.25,3,33.430841
-0.25,2,33.436487
7.25,17,33.882029
5.25,13,33.921304
1.25,5,33.936182
2.75,5,33.951538
-0.75,1,33.954547
8.0,16,33.996056
5.75,14,34.031624
1.25,5,34.04408
-0.75,1,34.047228
-0.25,2,34.052865
4.75,12,34.084439
7.25,17,34.130302
2.25,6,34.146278
3.25,6,34.16206
-1.25,9,34.186666
7.25,17,34.231389
3.25,6,34.247172
-0.25,2,34.252817
12.0,24,34.312101
0.75,4,34.322345
3.25,7,34.339523
0.25,3,34.346958
6.75,16,34.388861
0.75,5,34.40169
9.0,18,34.44685
-0.75,1,34.449606
3.75,7,34.46839
-1.25,24,34.538284
-0.25,2,34.545079
-0.75,1,34.548252
5.25,13,34.591284
-3.25,15,34.640157
4.25,11,34.673966
-3.25,5,34.689979
13.75,28,34.767235
6.25,18,34.812778
-0.25,2,34.818595
-0.25,3,34.827335
1.75,6,34.842199
6.5,13,34.875654
10.75,23,34.93472
-0.25,2,34.940198
2.25,7,34.958225
-1.25,6,34.973105
-0.25,2,34.978436
-0.25,2,34.983471
3.25,9,35.00652
-1.25,3,35.014141
-2.25,4,35.024516
-0.25,2,35.030358
-0.25,2,35.036257
-0.25,2,35.041775
0.75,4,35.051844
8.75,20,35.102938
-0.25,2,35.108356
-0.25,2,35.114318
-0.75,1,35.117366
-0.25,2,35.124146
-0.25,2,35.133785
8.75,17,35.182521
3.75,10,35.210541
-1.25,1,35.213771
-0.25,2,35.21976
3.25,6,35.235657
7.75,18,35.657234
-2.25,4,35.666722
1.25,5,35.6789
-1.25,3,35.686579
0.25,3,35.694406
9.0,18,35.740291
0.75,1,35.742749
5.25,13,35.771815
2.25,7,35.787786
1.75,6,35.801299
-0.25,2,35.806172
12.75,28,35.874382
1.25,23,35.930959
3.75,9,35.954354
6.0,12,35.983937
8.5,15,36.019846
4.75,12,36.049071
1.25,8,36.068922
8.75,20,36.120737
-0.25,2,36.126383
-5.25,7,36.145345
-1.75,8,36.168314
8.75,14,36.202805
7.75,20,36.249152
1.75,6,36.265096
-2.0,14,36.299241
0.75,1,36.302004
0.75,1,36.304688
11.75,16,36.340997
7.75,10,36.363705
-0.75,1,36.366387
13.5,19,36.412722
0.25,3,36.419718
5.5,20,36.504943
-0.75,1,36.508607
2.75,8,36.535663
6.75,16,36.587412
6.75,16,36.635685
-0.75,1,36.638448
-0.25,2,36.643622
3.75,8,36.663034
1.0,17,36.703267
-1.25,1,36.70621
0.25,3,36.715158
-16.75,17,36.758537
0.75,1,36.761416
-0.75,1,36.764084
1.75,6,36.778058
1.25,5,36.789697
0.75,3,36.796671
-0.25,2,36.801523
-3.25,5,36.813201
-1.5,18,36.859548
1.75,6,36.874531
-0.25,2,36.880378
12.0,19,36.924364
2.25,7,36.941993
7.25,16,37.301195
-1.25,1,37.304166
-0.75,1,37.306971
-0.75,1,37.309717
-0.25,8,37.330577
-2.25,4,37.341404
6.75,10,37.370361
-1.25,3,37.379307
8.0,16,37.421141
-8.25,10,37.445039
-11.25,13,37.47431
0.75,1,37.476827
0.75,1,37.479495
9.75,16,37.520688
-5.25,7,37.537828
2.25,7,37.553782
-5.25,7,37.569415
4.75,21,37.621405
3.25,6,37.636824
0.75,3,37.644595
8.25,19,37.689117
8.25,19,37.736206
4.25,11,37.76282
-7.25,21,37.811732
-1.25,3,37.818801
1.25,5,37.832233
-0.75,1,37.83531
0.75,1,37.838226
-0.25,2,37.843336
-0.75,1,37.84639
0.75,1,37.849099
-7.25,15,37.887498
12.5,24,37.946041
5.25,13,37.978988
0.75,1,37.98184
-7.75,20,38.029832
9.75,20,38.079612
11.0,22,38.13135
9.0,18,38.176393
6.25,15,38.212594
-0.75,1,38.215218
-0.75,1,38.218008
-0.25,2,38.223191
0.75,4,38.233672
-0.75,1,38.236492
-0.25,2,38.241492
5.75,14,38.274697
0.75,4,38.285363
7.5,15,38.322843
0.75,1,38.325724
-0.75,1,38.328477
9.5,17,38.369108
-1.25,3,38.377158
-1.25,12,38.411061
-16.0,16,38.449943
17.5,29,38.524009
-0.25,2,38.529254
-0.25,2,38.534348
-0.75,1,38.537289
7.25,17,38.966744
5.25,13,39.003073
-1.25,3,39.011111
-3.25,5,39.024597
4.75,8,39.045817
3.75,10,39.078805
-3.25,5,39.095411
1.75,6,39.114464
0.75,1,39.118087
1.25,5,39.132275
1.25,5,39.145276
1.25,5,39.158982
0.75,1,39.161958
9.25,16,39.209219
0.75,1,39.213717
0.75,1,39.217323
3.25,9,39.248234
-0.75,1,39.251343
9.75,19,39.314587
9.25,21,39.378104
1.25,5,39.390611
-1.25,3,39.399616
13.75,16,39.446406
1.25,5,39.459069
-0.75,1,39.461956
0.75,4,39.471973
0.75,4,39.482247
-0.25,2,39.487644
7.25,17,39.534646
3.75,10,39.560186
0.25,3,39.567949
-1.25,1,39.570771
-0.75,1,39.573626
-0.75,1,39.57667
5.25,13,39.609823
0.75,1,39.612762
-0.25,2,39.617924
-0.75,1,39.620808
0.75,1,39.623625
-0.25,2,39.629466
-0.25,2,39.635103
0.75,1,39.63793
3.75,11,39.665266
2.25,7,39.68324
-1.25,3,39.691067
-0.75,1,39.693984
0.75,1,39.696813
-0.25,2,39.702985
-0.25,2,39.708928
0.75,4,39.722365
2.25,6,39.740528
8.5,15,39.78584
2.25,7,39.807454
0.25,4,39.819635
0.25,3,39.82915
1.75,6,39.849505
0.75,1,39.853286
-0.75,1,39.85725
0.25,3,39.867956
0.75,1,39.871716
-0.25,2,39.879359
7.75,14,39.923444
-0.75,1,39.927211
8.25,19,39.989187
8.75,20,40.059006
5.25,9,40.106322
-0.25,2,40.113666
-11.25,13,40.152186
2.75,6,40.168608
-3.25,5,40.183519
0.25,3,40.192225
0.25,4,40.202981
-0.25,2,40.208761
1.75,6,40.225739
-1.25,1,40.228409
2.25,5,40.241461
-0.75,1,40.244631
-0.25,2,40.249979
0.75,4,40.260267
6.5,16,40.302193
-0.25,2,40.307687
1.25,5,40.321277
0.75,1,40.324394
-0.75,1,40.32723
-0.25,2,40.332493
4.25,14,40.370252
1.25,5,40.387472
5.75,10,40.423679
2.25,4,40.436165
-0.25,2,40.442745
5.25,19,40.854729
0.75,4,40.868023
-0.75,1,40.870949
-0.75,1,40.873849
6.5,13,40.908034
7.5,15,40.948708
4.75,9,40.975175
0.25,3,40.985315
4.75,18,41.044125
-0.75,1,41.047067
9.75,19,41.099772
-0.25,2,41.105401
-12.5,17,41.150981
0.75,1,41.153733
-5.75,12,41.184449
2.25,19,41.234426
9.25,21,41.286871
3.25,15,41.325851
-2.25,4,41.336582
22.5,25,41.406001
-0.75,1,41.408879
-0.25,2,41.414099
-0.25,2,41.419081
-0.25,2,41.424213
-0.25,2,41.429134
8.75,20,41.476882
-0.75,1,41.47943
-4.25,6,41.49368
4.75,12,41.522559
-0.25,2,41.528194
-0.25,2,41.533843
9.75,18,41.579489
1.25,5,41.59143
-2.25,4,41.600784
-2.75,3,41.608099
-1.25,3,41.616534
7.25,17,41.659535
-0.25,2,41.664555
0.25,3,41.671767
6.0,12,41.701493
6.75,16,41.742085
-0.25,2,41.747351
-0.25,2,41.752969
-0.25,2,41.758989
-1.25,1,41.76176
0.25,3,41.76932
-0.25,2,41.774739
4.25,11,41.801712
2.25,7,41.818887
-12.25,14,41.852683
-0.75,1,41.855505
0.75,1,41.858216
6.25,12,41.892398
-0.75,1,41.895325
-2.25,7,41.912551
0.75,1,41.915143
-0.25,2,41.920531
-2.25,4,41.930785
3.25,8,41.95072
-3.75,19,41.996616
1.75,6,42.011483
0.75,1,42.014312
-5.25,7,42.03168
10.0,20,42.079712
0.75,4,42.089493
-1.25,6,42.104082
6.75,16,42.142897
-5.25,7,42.160815
-3.25,8,42.505193
0.25,6,42.519727
0.75,4,42.529828
-0.25,2,42.535161
-0.75,1,42.538155
-4.25,6,42.553767
0.75,4,42.563475
5.25,10,42.588025
-3.25,5,42.600667
-0.25,2,42.60586
-0.25,2,42.610781
-1.25,3,42.618123
-0.25,2,42.623241
3.25,9,42.644811
-1.25,3,42.652838
5.75,10,42.677818
-0.75,1,42.680715
2.75,8,42.700483
0.25,3,42.711595
-0.25,2,42.718444
5.25,13,42.761239
4.25,11,42.79027
2.25,4,42.799881
6.5,16,42.84112
-9.25,11,42.869212
-0.25,2,42.875438
-0.25,2,42.881218
11.75,25,42.942724
7.25,17,42.983454
-0.75,1,42.986231
0.25,3,42.993606
-1.25,3,43.001016
8.75,23,43.056396
7.75,16,43.09588
-0.75,1,43.098642
0.25,3,43.106035
2.75,5,43.118284
1.75,3,43.125643
-1.25,3,43.132947
9.0,18,43.174192
-0.25,2,43.179521
1.25,5,43.192329
-0.25,2,43.197456
2.25,4,43.207149
-0.75,1,43.209847
5.75,14,43.244284
0.75,1,43.247096
10.5,21,43.301265
-5.25,10,43.328099
-0.25,2,43.333069
-0.75,1,43.335924
0.25,4,43.346035
-1.25,3,43.353701
-0.25,2,43.358941
-0.75,1,43.361578
0.75,4,43.371528
7.25,17,43.41572
4.75,8,43.437382
-1.25,3,43.445647
0.75,1,43.448573
-0.25,2,43.453621
4.75,12,43.484236
4.75,10,43.509625
5.75,14,43.546072
-0.25,2,43.551973
-7.25,9,43.575597
-0.75,1,43.578353
0.25,3,43.586113
4.5,15,43.62455
-0.75,1,43.627355
-6.0,15,43.665615
-0.25,2,43.670642
3.75,10,43.695935
0.75,7,43.714158
1.75,4,43.724983
-1.25,1,43.727835
7.0,14,43.762443
0.75,4,43.7734
1.75,4,43.783998
7.5,15,44.148566
7.5,18,44.198962
0.25,3,44.207492
1.25,5,44.222799
-1.25,3,44.233282
-2.25,4,44.247345
-0.25,2,44.253698
-10.25,12,44.286836
-0.75,1,44.289859
13.25,27,44.360162
0.75,1,44.36275
-0.25,2,44.367654
-1.25,1,44.370289
-0.25,2,44.37537
-0.75,1,44.37806
-0.25,2,44.38323
-0.25,2,44.388757
10.25,23,44.448433
0.25,3,44.456217
-0.75,1,44.458964
-3.25,5,44.471502
-0.75,1,44.474255
-0.25,2,44.479532
-0.75,1,44.482444
0.75,4,44.492404
1.25,5,44.505119
12.0,24,44.565062
13.5,27,44.637893
0.75,4,44.650655
0.75,4,44.663891
1.25,5,44.677168
11.5,21,44.733547
2.25,7,44.751637
-0.25,2,44.757113
0.25,3,44.764812
7.25,16,44.804144
3.75,10,44.828589
0.75,1,44.831578
-0.25,2,44.836976
1.75,6,44.853417
8.0,16,44.89746
6.75,16,44.937737
0.75,4,44.948256
5.75,17,44.99203
-0.75,1,44.995083
0.25,3,45.003181
7.75,16,45.043688
-27.0,27,45.111585
1.25,5,45.12428
0.75,1,45.126882
11.5,23,45.227903
2.75,8,45.259868
0.75,1,45.263433
-0.25,2,45.269953
1.75,3,45.279927
5.25,13,45.319613
5.25,13,45.354343
8.25,20,45.404794
1.25,5,45.418393
-0.75,1,45.421583
5.25,13,45.458254
5.25,13,45.490875
4.75,13,45.528664
3.75,6,45.549318
7.25,15,45.972282
0.75,1,45.97859
-1.25,3,45.997511
10.75,22,46.095718
1.75,6,46.123823
0.75,1,46.129025
-0.75,1,46.13452
-8.75,18,46.182146
0.75,1,46.184858
5.75,14,46.2193
8.75,11,46.245584
11.0,22,46.298301
0.25,3,46.305352
5.75,14,46.338623
0.75,4,46.349345
3.5,22,46.422024
-0.25,2,46.428279
0.25,3,46.436323
6.0,12,46.466944
-0.75,1,46.469993
4.75,15,46.513514
-0.75,1,46.51642
-10.75,17,46.561045
-0.25,2,46.566455
-0.25,2,46.571667
8.25,22,46.626528
-0.75,1,46.629364
-13.5,21,46.682633
7.75,15,46.721089
9.75,22,46.777738
-1.75,5,46.791087
5.75,14,46.826255
1.25,5,46.839123
-0.25,2,46.844449
5.5,20,46.898812
-0.75,1,46.901881
3.25,9,46.927772
0.75,3,46.935859
-0.75,1,46.938881
4.75,12,46.975614
10.75,16,47.020971
2.25,6,47.036491
0.75,4,47.046928
7.75,15,47.085369
4.25,11,47.117339
2.75,7,47.137997
0.75,3,47.146723
8.75,17,47.191347
6.25,13,47.225606
-0.75,1,47.22894
-13.0,13,47.264558
-0.25,3,47.273475
4.25,11,47.302463
-0.75,1,47.305542
-0.5,14,47.34502
2.25,7,47.367898
-1.25,1,47.373054
0.25,3,47.382212
-1.75,5,47.697967
-3.25,5,47.710795
4.75,12,47.742361
1.75,6,47.757325
10.75,19,47.803309
6.75,17,47.845016
-0.75,1,47.847821
-3.75,4,47.857794
-0.25,2,47.863092
-11.25,16,47.903465
-3.75,7,47.921371
2.75,6,47.936234
6.75,16,47.974476
2.75,8,47.99449
0.25,3,48.002306
-5.75,6,48.016975
-0.75,1,48.019815
5.25,13,48.051359
7.75,10,48.077393
-13.5,21,48.12928
-3.25,5,48.142039
0.75,4,48.152285
-16.75,26,48.215699
-0.25,2,48.220597
-0.25,2,48.225537
2.25,7,48.242479
-0.25,2,48.247513
6.25,15,48.284363
-2.75,9,48.306597
7.75,17,48.348757
0.25,18,48.394928
-11.75,12,48.426453
1.75,3,48.43417
2.25,6,48.449144
-0.25,2,48.454322
1.75,6,48.470158
-11.0,29,48.53995
-0.25,2,48.544947
-1.25,3,48.55294
3.75,10,48.578073
2.75,8,48.597993
-0.25,2,48.603602
0.25,4,48.613609
1.25,5,48.625788
16.25,35,48.714423
0.75,4,48.725035
7.25,17,48.766727
-0.75,13,48.797413
1.75,6,48.812625
-3.25,5,48.82763
-3.75,4,48.837795
2.25,22,48.891806
0.75,1,48.894426
12.25,27,48.962049
8.25,19,49.320047
-9.25,16,49.371397
-0.25,2,49.378621
0.25,3,49.387198
-0.25,2,49.392655
6.25,15,49.432383
5.25,13,49.468274
-0.75,1,49.471532
0.75,3,49.481297
1.75,6,49.497771
-0.75,1,49.500629
1.25,5,49.51492
0.25,3,49.522511
-1.75,5,49.535263
6.75,16,49.574377
-0.25,2,49.579604
0.75,4,49.590071
-0.75,1,49.593015
-0.75,1,49.595836
7.75,27,49.661919
0.75,3,49.669257
8.75,13,49.700924
0.75,1,49.704331
0.25,3,49.712544
0.75,3,49.720072
1.25,5,49.732031
3.25,9,49.754259
-1.25,3,49.762012
-0.25,2,49.767063
-0.25,2,49.77216
1.25,5,49.78419
0.75,1,49.786967
0.75,5,49.799143
11.75,20,49.848849
1.75,3,49.856293
0.75,4,49.866965
-0.75,1,49.869765
10.25,15,49.909667
5.25,13,49.943928
0.25,3,49.951564
-0.25,2,49.956793
3.75,8,49.977393
-0.25,2,49.983525
3.25,9,50.008479
-0.75,1,50.013696
-3.25,5,50.031011
-0.75,1,50.034362
7.25,17,50.077202
0.25,3,50.084935
5.25,13,50.118937
0.75,1,50.121803
-0.75,1,50.124571
3.75,10,50.150726
1.75,3,50.15852
0.75,1,50.161227
2.75,8,50.18038
-0.25,2,50.185873
7.0,14,50.219266
0.75,4,50.228798
8.75,17,50.271635
2.75,5,50.28388
0.75,4,50.293638
6.25,15,50.331038
-0.25,2,50.33622
-0.25,2,50.341411
-1.25,3,50.348691
6.25,15,50.388479
0.25,3,50.396217
-0.25,2,50.40168
-5.75,15,50.43781
-0.75,1,50.440516
-0.25,2,50.446165
-0.25,2,50.451363
-0.75,1,50.454185
0.75,1,50.457025
-2.25,4,50.466613
11.5,23,50.526779
1.25,5,50.539544
0.75,1,50.542309
0.75,4,50.551899
0.25,3,50.55916
0.75,3,50.567634
-0.25,2,50.572975
0.75,1,50.575735
1.75,6,50.591534
-0.25,2,50.597347
-0.75,1,50.600993
2.75,8,50.930366
0.75,4,50.941629
-0.75,1,50.944952
2.75,14,50.980495
-0.25,2,50.98552
-0.25,2,50.990759
7.75,18,51.033473
-2.25,4,51.043132
-0.75,1,51.045826
0.25,3,51.052835
1.25,5,51.06428
0.75,4,51.073125
-29.25,31,51.153318
-0.25,2,51.158364
0.75,1,51.161023
-1.25,3,51.168958
5.25,13,51.200314
3.75,10,51.223558
-12.25,14,51.257647
-3.25,5,51.269971
-2.25,4,51.280847
3.25,9,51.302782
-0.25,2,51.308019
5.25,13,51.339348
-0.25,2,51.345181
4.75,18,51.388281
-0.25,2,51.393221
0.25,3,51.412175
0.75,4,51.429459
6.75,16,51.469857
1.75,5,51.481731
-6.25,8,51.503999
1.75,6,51.544441
-10.75,17,51.606281
-0.25,2,51.613996
-0.25,2,51.623549
2.75,8,51.649135
10.75,24,51.723656
5.25,13,51.761697
-0.75,1,51.764712
4.5,18,51.838093
-0.25,2,51.847943
6.5,13,51.910049
-0.25,2,51.920364
2.75,8,51.952543
-0.25,2,51.958818
-0.75,1,51.962334
0.25,3,51.973657
-0.75,1,51.978549
0.25,3,51.991967
0.75,3,52.003899
8.5,17,52.065307
7.5,15,52.112778
-0.75,1,52.118488
0.25,3,52.129408
-0.75,1,52.134931
2.75,8,52.167472
-0.25,2,52.175096
-0.25,2,52.181609
-0.25,2,52.188689
-0.25,2,52.195057
3.0,15,52.234824
3.75,8,52.257128
-6.75,16,52.301985
-1.25,3,52.312008
-0.75,1,52.315447
4.25,11,52.350428
1.25,5,52.364672
10.0,20,52.424684
-0.25,2,52.430613
3.25,6,52.449269
8.75,19,52.879893
-0.25,2,52.886771
-0.75,1,52.889633
-0.25,2,52.89536
-2.25,4,52.905667
-0.75,1,52.908301
-0.25,2,52.913478
2.75,8,52.933838
-1.25,1,52.936663
11.5,23,52.993248
-17.75,18,53.037251
-0.25,2,53.042515
-0.75,1,53.045344
8.25,12,53.075978
-0.75,1,53.078875
12.75,22,53.134686
1.25,5,53.1477
0.75,1,53.150484
1.25,5,53.163348
-0.75,1,53.166492
-0.75,1,53.16936
1.25,5,53.182641
-0.25,2,53.189517
-0.25,2,53.196143
7.75,18,53.251338
-0.25,2,53.257614
0.75,1,53.260955
0.75,1,53.263895
6.75,16,53.310193
-0.25,2,53.315947
1.25,5,53.329469
-0.75,1,53.332373
1.25,14,53.367846
0.25,3,53.375769
0.75,1,53.378642
8.75,12,53.410736
-11.25,13,53.444999
-0.25,2,53.45051
0.25,3,53.458338
2.25,7,53.475814
-0.25,2,53.481129
-1.75,8,53.500967
3.25,9,53.524009
-0.25,2,53.529064
-0.75,1,53.531871
-0.25,2,53.537333
0.75,4,53.547536
5.25,13,53.581718
5.75,14,53.618278
-0.25,2,53.623693
-2.25,8,53.644121
-0.25,2,53.649385
-0.75,1,53.652165
-1.25,1,53.654644
-1.25,3,53.661795
-1.25,3,53.669019
4.25,11,53.695992
9.5,19,53.743797
0.75,1,53.746547
0.25,3,53.754509
5.25,14,53.788577
12.75,28,53.853895
-0.75,1,53.856758
3.25,9,53.881682
-0.75,1,53.884453
-0.75,1,53.886995
1.75,6,53.901523
-10.25,12,53.930884
-0.25,2,53.935887
0.25,3,53.943067
-0.25,2,53.948252
-0.25,2,53.953291
4.25,11,53.979051
-16.25,18,54.022338
-0.75,1,54.025024
6.25,15,54.06029
-0.25,2,54.065203
-0.25,2,54.070034
-5.75,12,54.099896
0.25,3,54.107792
-7.25,9,54.129598
0.25,3,54.136863
0.25,3,54.144286
6.75,17,54.185423
-0.25,2,54.496106
-0.25,2,54.501839
6.5,13,54.539141
-0.25,2,54.54567
-0.75,1,54.54946
5.75,14,54.591298
-0.75,1,54.594573
1.25,5,54.608195
-0.75,1,54.61122
-0.75,1,54.614268
-0.25,2,54.619818
-0.25,2,54.625494
4.75,12,54.658172
2.75,8,54.679477
-0.25,3,54.687777
3.25,9,54.713305
5.75,14,54.751872
-0.25,2,54.757573
-0.25,2,54.763564
-0.75,1,54.766942
1.25,5,54.781279
-0.75,1,54.784243
-0.75,1,54.787219
-0.25,2,54.792818
-1.75,14,54.839348
8.5,17,54.885423
-0.25,2,54.890494
-0.25,2,54.895541
6.0,18,54.939611
-0.25,2,54.945053
0.75,1,54.947863
0.75,1,54.950608
-0.75,1,54.953147
0.75,4,54.962712
-0.25,2,54.968225
2.75,8,54.988873
6.75,18,55.032532
0.75,1,55.035374
-0.75,1,55.038081
6.5,13,55.068487
6.75,16,55.106898
-3.25,5,55.118154
-0.75,1,55.120848
-0.25,2,55.12583
-0.75,1,55.128455
1.25,5,55.141099
-0.75,1,55.143607
-0.75,1,55.146191
0.75,4,55.155784
-0.25,2,55.16072
-0.75,1,55.163284
7.25,17,55.202065
-0.25,2,55.207052
-2.25,4,55.21678
1.75,6,55.230807
-3.75,7,55.247432
0.75,4,55.25729
4.25,12,55.286506
5.75,13,55.318077
-0.25,2,55.323248
-0.75,1,55.325833
4.25,11,55.350968
1.25,23,55.402987
-0.75,1,55.405752
-1.25,3,55.41332
-0.25,2,55.41823
-0.25,2,55.423292
-0.25,2,55.428324
8.0,14,55.46183
-0.75,1,55.464665
-0.75,1,55.467405
-0.75,1,55.469942
-0.75,1,55.47227
-0.75,1,55.474672
0.25,3,55.482517
-0.75,1,55.485131
-0.25,2,55.490013
10.0,23,55.546064
12.75,28,55.61067
-0.75,1,55.613293
4.25,11,55.638433
0.75,1,55.640891
-0.25,2,55.645589
-0.75,1,55.648283
0.75,1,55.651072
0.75,1,55.653941
-0.75,1,55.656698
-0.75,1,55.659304
6.75,16,55.697627
-1.25,1,55.700179
-0.25,2,55.705848
-0.25,2,55.711004
5.75,11,55.738175
-0.25,2,55.743226
0.25,3,55.750497
0.75,1,55.753308
0.75,4,55.763277
-0.25,2,55.768264
-0.75,1,55.771533
0.75,1,55.775212
1.25,5,55.787679
8.5,17,56.14229
8.25,18,56.186589
7.5,15,56.222839
0.25,3,56.230291
7.75,18,56.273411
3.25,6,56.288481
-0.75,1,56.290967
2.75,8,56.310482
-7.25,18,56.354666
0.75,4,56.364258
5.25,13,56.394583
-0.25,2,56.400228
-0.25,2,56.405717
3.25,9,56.42786
1.25,5,56.440349
6.75,16,56.478297
0.75,1,56.481058
10.0,20,56.529058
0.75,3,56.536831
0.75,1,56.539641
3.75,6,56.554456
-1.25,1,56.557104
0.75,1,56.55984
-0.25,2,56.565139
-0.25,2,56.570432
5.75,16,56.610882
0.25,3,56.618543
8.25,22,56.673933
-0.25,2,56.679172
2.25,4,56.689631
1.75,6,56.704795
2.25,4,56.715643
0.75,1,56.718318
-0.75,1,56.720943
11.5,23,56.777478
-0.75,1,56.780142
-1.25,3,56.787397
0.75,1,56.78989
-0.25,2,56.794788
0.75,1,56.797361
8.25,19,56.844663
-0.25,2,56.84957
-0.75,1,56.8522
-1.25,3,56.859944
0.75,1,56.862756
0.25,3,56.871475
-0.75,1,56.874281
-0.25,2,56.880676
-14.75,15,56.919133
6.25,21,56.969557
-0.25,2,56.974521
0.75,1,56.977455
-1.25,3,56.98481
-16.75,20,57.032806
-0.25,2,57.037948
-0.75,1,57.040724
-0.75,1,57.043449
-0.75,1,57.04604
-0.75,1,57.048872
0.75,1,57.051503
-2.25,4,57.061472
-0.25,2,57.066464
-0.75,1,57.069139
-0.25,2,57.074449
-0.25,2,57.079637
-0.75,1,57.082401
3.75,11,57.109265
0.75,1,57.11196
-0.25,2,57.117158
8.25,19,57.165224
-0.75,1,57.1682
-0.25,2,57.173775
1.25,5,57.187038
0.75,1,57.189654
-0.25,2,57.196844
-0.75,1,57.199462
8.5,23,57.255564
-0.25,2,57.260686
3.25,6,57.275737
-1.25,3,57.283213
5.75,14,57.318263
2.75,8,57.346473
-1.25,3,57.354151
-0.75,1,57.356894
0.75,1,57.359627
0.25,3,57.367415
0.75,4,57.377199
-1.75,5,57.389191
0.75,1,57.392117
-1.25,1,57.394903
4.25,11,57.742442
-3.25,5,57.755078
7.0,14,57.789475
-0.25,2,57.794349
0.75,1,57.79702
2.75,5,57.810039
3.25,9,57.832345
-0.75,1,57.834979
-0.25,2,57.840214
6.75,13,57.878261
-0.25,2,57.884495
1.75,6,57.900223
-0.75,1,57.903028
-0.25,2,57.908253
-8.25,10,57.933261
0.75,4,57.943526
-0.75,1,57.946309
0.75,4,57.955806
-0.75,1,57.958552
-0.25,2,57.963595
-0.75,1,57.966075
-0.25,2,57.971071
-0.25,2,57.976103
-0.25,2,57.981314
-6.0,15,58.01842
2.25,7,58.03636
-0.75,1,58.040606
2.75,8,58.060323
-0.75,1,58.063084
-1.25,3,58.070802
-0.75,1,58.073606
0.75,4,58.083728
0.25,3,58.091315
-0.75,1,58.094128
-0.75,1,58.097214
-0.25,2,58.102691
9.75,14,58.136856
8.25,12,58.167293
-0.25,2,58.172287
-0.75,1,58.174709
2.25,7,58.191545
0.25,3,58.198859
0.75,1,58.201481
-0.75,1,58.204058
4.25,14,58.237522
-4.0,19,58.281759
-0.25,2,58.286602
-0.75,1,58.289613
5.75,14,58.323792
-0.25,2,58.32886
-0.25,2,58.334128
0.75,1,58.336937
0.75,1,58.339628
-1.25,3,58.347139
6.75,14,58.380526
-13.0,13,58.412178
5.25,10,58.436403
-2.25,4,58.446761
-0.25,2,58.45178
5.75,14,58.484348
-0.75,1,58.486786
-0.25,2,58.491671
3.75,10,58.515398
-0.75,1,58.518121
-0.75,1,58.520705
5.75,14,58.553492
0.75,4,58.563664
0.75,4,58.573718
0.75,1,58.576246
2.75,8,58.595419
1.25,4,58.605394
0.75,4,58.615214
0.75,1,58.61798
-0.25,2,58.62341
8.25,19,58.669888
-2.25,4,58.679879
4.25,8,58.699623
10.25,19,58.746596
-0.25,2,58.751786
0.75,1,58.75457
6.75,16,58.791867
0.75,1,58.794661
-0.75,1,58.797537
0.75,1,58.800245
3.75,9,58.822094
-0.25,2,58.827333
-0.75,1,58.830177
1.75,6,58.844638
0.75,1,58.847272
-0.25,2,58.852279
6.25,12,58.882196
-1.25,15,58.918852
10.0,20,58.965225
-0.75,1,58.967865
0.75,1,58.970542
7.25,17,59.311463
7.75,18,59.355574
0.25,4,59.365799
-0.25,2,59.370729
0.75,1,59.373362
8.75,20,59.421922
0.25,3,59.429288
-0.25,2,59.434286
-0.25,2,59.439323
-0.25,2,59.444822
9.5,19,59.490682
0.25,3,59.498395
0.25,3,59.505676
2.75,8,59.525265
13.25,28,59.591679
0.75,1,59.594296
-0.75,1,59.596998
0.75,1,59.599621
0.25,3,59.606803
-0.75,1,59.609526
0.25,3,59.61705
-1.25,3,59.624199
-0.75,1,59.626877
8.5,23,59.68329
0.75,1,59.686145
-0.75,1,59.688957
-0.25,2,59.694273
4.5,15,59.731948
3.75,10,59.755224
3.25,9,59.777971
0.75,1,59.780659
-0.25,2,59.785683
1.25,5,59.79855
-0.25,2,59.803896
-0.25,2,59.809091
4.25,11,59.836045
-0.25,2,59.840992
-2.25,4,59.850572
-0.25,2,59.855686
0.75,1,59.858382
-0.25,2,59.863497
0.25,3,59.87145
-1.75,8,59.892256
2.25,7,59.910082
1.25,5,59.922389
-0.25,2,59.927661
-0.25,2,59.932529
1.25,5,59.943715
1.75,4,59.953081
2.75,14,59.986358
-0.25,2,59.991078
-0.75,1,59.993644
-0.25,2,59.998627
-8.25,13,60.029757
-0.25,2,60.034608
-0.25,2,60.039561
-0.25,2,60.045447
6.25,10,60.06972
-0.75,1,60.072481
-0.75,1,60.07517
-0.25,2,60.080369
-0.75,1,60.082932
-0.25,2,60.087823
10.25,17,60.129695
2.75,6,60.143972
11.25,23,60.199812
-0.25,2,60.204869
4.75,12,60.234546
5.75,12,60.265447
2.75,8,60.28476
1.25,5,60.296409
-0.75,1,60.298848
0.25,3,60.306672
0.75,4,60.317008
3.25,9,60.338759
3.25,9,60.361187
0.25,3,60.368611
0.25,3,60.375782
-0.75,1,60.378579
2.25,7,60.395705
-0.75,1,60.398885
-0.75,1,60.402
9.25,13,60.432786
-0.25,2,60.437423
5.75,10,60.45969
3.75,10,60.483557
0.75,1,60.485962
6.5,13,60.514768
12.25,25,60.881701
2.25,7,60.899477
0.75,1,60.902361
-0.25,2,60.907541
10.0,23,60.962049
11.5,23,61.015227
11.5,23,61.069745
8.5,20,61.120673
6.75,17,61.163525
-1.25,1,61.16661
-0.25,2,61.172053
1.75,6,61.186366
6.75,16,61.225291
0.75,4,61.23502
-0.25,2,61.240328
6.75,16,61.279443
7.25,17,61.322246
0.75,25,61.383617
-0.25,2,61.38894
0.25,3,61.396546
-6.0,18,61.440449
4.75,12,61.469581
4.75,12,61.499025
-0.25,2,61.504256
0.75,1,61.507093
17.0,34,61.589818
-18.25,28,61.658652
0.75,4,61.668498
-0.75,1,61.671363
13.0,17,61.712075
-0.75,1,61.714804
-0.25,2,61.719744
8.25,19,61.768507
12.0,24,61.827338
-0.75,10,61.851133
6.25,15,61.890193
-10.25,12,61.92054
-0.75,1,61.923449
0.75,4,61.934031
5.75,12,61.964284
2.75,8,61.983604
7.25,15,62.01797
-0.75,1,62.020741
-0.25,2,62.025892
-3.25,5,62.038595
-0.25,2,62.043526
0.75,1,62.046267
-0.75,1,62.048902
0.25,3,62.056662
-0.25,2,62.062048
-0.25,2,62.067627
-0.75,1,62.070454
-0.25,2,62.075759
-0.75,1,62.078432
-0.25,2,62.08365
4.75,12,62.423685
-0.25,2,62.429904
-0.25,2,62.435649
-0.25,2,62.441348
-3.25,5,62.454591
7.5,18,62.511728
18.75,22,62.590513
0.25,3,62.60061
-0.25,2,62.60833
-0.25,2,62.616182
-2.75,6,62.639693
7.75,18,62.700305
7.75,18,62.757432
-1.25,1,62.760565
0.75,1,62.764198
7.75,18,62.817684
1.75,6,62.835435
-0.25,2,62.841437
0.75,7,62.860447
0.75,4,62.872091
0.75,4,62.884061
7.0,14,62.921885
-2.25,4,62.933145
-0.75,1,62.936008
-0.25,2,62.941688
-0.25,2,62.947188
8.75,18,62.992302
-10.25,12,63.023496
0.75,1,63.026337
1.25,5,63.038885
1.75,6,63.054528
2.25,7,63.072391
-3.75,4,63.082823
-6.25,8,63.1042
7.5,18,63.153841
10.25,21,63.213265
2.75,5,63.226745
5.75,14,63.263061
-2.75,3,63.270846
0.25,3,63.278491
-23.0,23,63.342466
-2.75,9,63.368431
4.75,12,63.405623
-0.75,1,63.40905
-0.25,2,63.414433
0.75,1,63.417811
4.75,12,63.450239
-0.25,2,63.456048
9.0,18,63.50368
-1.25,1,63.506655
8.0,16,63.546305
7.75,18,63.59068
-0.75,1,63.593464
0.75,1,63.596087
0.25,3,63.603803
4.75,10,63.627997
14.75,31,63.706425
-0.25,2,63.711792
-1.25,3,63.720805
2.75,5,63.736156
3.25,9,63.764139
6.25,15,63.805057
-2.25,4,63.816228
-2.25,4,63.828019
-0.25,2,63.83415
-0.25,2,63.839928
-0.25,2,63.845737
11.25,19,64.212651
-0.75,1,64.215787
6.5,15,64.255856
-0.75,1,64.258822
7.5,15,64.298275
-1.25,3,64.30601
-0.25,2,64.311252
11.75,19,64.35867
4.75,7,64.377702
12.5,25,64.439889
-19.25,21,64.492849
14.0,28,64.565232
-8.0,17,64.619879
10.75,24,64.689829
0.25,3,64.699136
-0.25,2,64.704303
6.25,10,64.73161
-0.25,2,64.737493
2.25,4,64.748423
0.75,1,64.751118
-5.75,9,64.77731
-0.75,1,64.780288
4.75,12,64.815081
0.25,3,64.824457
0.75,4,64.836861
-0.25,2,64.843181
3.25,9,64.868645
-0.25,2,64.875081
-0.25,2,64.881677
2.75,8,64.904949
11.75,26,64.976561
-2.75,9,64.999718
-0.25,2,65.00492
2.75,8,65.025899
-0.75,1,65.028731
-0.25,2,65.034082
0.75,1,65.036768
13.75,22,65.09141
-0.75,1,65.094193
0.75,1,65.096938
1.25,5,65.108295
4.75,9,65.129659
1.75,4,65.139445
2.25,7,65.156516
-0.75,1,65.15928
0.25,12,65.189419
0.25,3,65.197891
-1.25,18,65.240285
-0.25,2,65.244939
-0.25,2,65.250119
0.75,4,65.261365
-0.25,2,65.267791
0.75,4,65.280485
1.75,3,65.290516
2.25,7,65.311582
2.75,8,65.33297
3.25,9,65.358382
1.25,5,65.371268
-4.75,5,65.384734
-0.25,2,65.390268
2.25,7,65.409788
-2.25,4,65.420954
0.75,12,65.457992
-0.25,2,65.464247
-5.75,6,65.481229
2.25,7,65.501541
5.75,14,65.543248
-0.25,2,65.549402
13.75,25,65.988059
1.25,5,66.000901
2.25,7,66.020663
7.75,18,66.064874
-0.75,1,66.067681
-0.25,2,66.072926
-0.25,2,66.077957
-0.75,1,66.080761
3.25,10,66.106366
10.0,16,66.147793
-0.25,2,66.153165
-0.75,1,66.155722
-5.25,7,66.174377
6.25,15,66.212475
6.75,16,66.253356
-0.75,1,66.256176
-0.75,1,66.258813
3.25,9,66.283197
-12.75,25,66.347635
9.0,24,66.409037
0.25,3,66.416669
8.75,19,66.465015
0.75,1,66.468201
11.75,25,66.532082
-13.5,21,66.585102
-0.75,1,66.588154
-0.25,2,66.593069
0.75,4,66.603669
8.25,19,66.652092
-1.25,3,66.659697
-0.25,2,66.664991
-3.25,5,66.678013
8.25,20,66.729502
1.75,6,66.745693
-0.25,2,66.751173
-1.25,1,66.753657
2.25,7,66.77197
0.25,3,66.779673
0.75,1,66.782511
-1.25,3,66.790373
3.5,15,66.826235
4.75,10,66.850474
7.25,15,66.890191
-0.25,2,66.895641
-0.75,1,66.898333
-0.75,1,66.900992
0.75,1,66.903857
3.75,7,66.922891
-5.5,19,66.973783
-0.25,2,66.97932
0.25,3,66.987362
0.25,3,66.995246
6.5,13,67.028814
9.0,18,67.07336
1.25,5,67.086031
2.25,7,67.103211
-4.25,6,67.118811
9.0,18,67.164282
-0.75,1,67.167313
0.25,3,67.176289
-0.25,2,67.181786
13.75,16,67.222521
-0.25,2,67.228059
-2.75,15,67.267872
-0.25,2,67.273467
-0.75,1,67.276604
-0.75,1,67.280084
4.75,7,67.66276
8.5,20,67.718883
-0.25,2,67.725339
10.75,24,67.801934
-0.75,1,67.80527
7.5,18,67.855712
-0.25,2,67.861619
5.75,14,67.902835
1.0,20,67.957858
-1.25,3,67.96576
11.0,22,68.020622
0.25,3,68.028431
5.25,14,68.062329
0.75,3,68.069867
-0.5,14,68.103755
-0.25,2,68.108893
-0.75,1,68.111785
-19.25,24,68.173032
-0.25,2,68.178315
3.75,16,68.217788
2.75,7,68.235928
-0.25,2,68.242032
4.25,11,68.274649
0.25,4,68.286945
8.0,16,68.332214
0.75,4,68.343734
0.75,1,68.347259
-0.75,1,68.350152
8.0,15,68.390444
7.75,17,68.435693
-0.75,1,68.438937
-0.75,1,68.441938
9.75,22,68.503502
9.5,18,68.555049
9.5,13,68.592661
-2.0,14,68.631426
-8.25,10,68.659655
0.75,1,68.662773
-1.25,1,68.665782
7.0,17,68.71559
0.75,1,68.719674
0.25,3,68.728773
-19.25,21,68.784123
-1.25,1,68.787008
16.25,32,68.8682
7.25,17,68.913608
-0.25,2,68.918807
0.75,1,68.921514
3.75,10,68.947354
0.75,1,68.950159
5.25,14,68.985173
0.75,1,68.988205
0.75,1,68.990769
0.75,1,68.993645
3.75,10,69.018851
9.0,18,69.365816
1.75,6,69.380423
-0.25,2,69.385862
-1.25,1,69.388489
3.25,9,69.411099
-0.25,2,69.41612
-0.75,1,69.418691
-0.75,7,69.435751
6.5,13,69.465568
-0.25,2,69.470774
6.0,18,69.519568
-0.25,2,69.526391
14.25,20,69.583369
-0.75,1,69.586792
-0.75,1,69.590316
0.75,4,69.602246
-0.25,2,69.608185
1.75,3,69.616623
2.75,8,69.640936
0.75,1,69.646323
1.25,5,69.677019
-1.25,1,69.683472
3.75,28,69.814453
-3.25,8,69.839047
4.75,12,69.87668
-2.25,4,69.892355
0.75,1,69.895998
-0.25,5,69.911251
-0.75,1,69.914243
8.25,18,69.966356
6.75,16,70.011087
-0.25,3,70.019527
-0.25,2,70.025344
-0.75,1,70.028223
0.75,1,70.031707
-0.25,2,70.03783
14.75,32,70.132724
-11.75,18,70.179119
5.75,14,70.214965
1.25,5,70.227509
15.5,19,70.273533
2.75,17,70.313503
-0.75,1,70.316056
-1.25,1,70.318875
12.5,22,70.369978
3.25,15,70.406779
9.5,19,70.45272
5.75,14,70.486382
-0.75,1,70.488929
12.75,28,70.557809
5.75,14,70.592068
0.25,3,70.599648
0.25,3,70.606803
-3.25,5,70.618353
11.5,23,70.675885
7.5,15,70.712795
-0.75,1,70.715602
5.25,14,70.750526
-0.75,1,70.753063
-3.25,5,70.765432
4.5,15,71.110286
0.25,3,71.118824
-0.75,1,71.1218
-1.25,3,71.129764
-10.75,24,71.193056
2.75,8,71.214095
-0.75,1,71.218111
1.25,5,71.231628
4.25,23,71.292733
-3.75,16,71.338345
-0.25,8,71.360998
-0.25,2,71.36744
6.0,18,71.419355
-2.5,28,71.493799
-0.25,2,71.499752
-0.25,2,71.505558
4.75,12,71.537986
-0.25,2,71.543698
1.25,5,71.557132
-2.25,4,71.568409
-1.25,3,71.576623
8.75,13,71.610198
7.25,15,71.648445
0.25,3,71.656258
0.75,4,71.666066
5.75,14,71.700552
4.75,12,71.731183
-5.25,7,71.747883
3.75,7,71.76412
-0.25,2,71.769494
5.25,16,71.807465
-0.25,2,71.812203
0.25,3,71.819154
3.75,10,71.843277
-0.25,2,71.848024
0.25,3,71.855331
-2.25,4,71.864681
12.0,24,71.925873
2.75,5,71.938577
0.75,4,71.948676
6.75,16,71.987545
-0.75,1,71.990418
-1.0,19,72.038446
5.25,13,72.07051
0.25,3,72.078139
2.75,6,72.0925
6.25,15,72.128792
0.25,6,72.1444
6.25,15,72.183126
0.75,4,72.193143
0.75,1,72.195988
-0.25,2,72.20117
4.25,17,72.242579
-1.25,3,72.249844
-0.25,2,72.254902
-0.75,1,72.257876
-10.25,12,72.286968
6.25,24,72.345397
-0.25,2,72.350598
-0.25,2,72.356087
-3.75,16,72.720994
0.75,4,72.731628
2.0,16,72.77208
-0.25,2,72.777261
4.75,12,72.806595
0.25,3,72.81446
-2.25,4,72.825377
3.5,21,72.881112
2.0,22,72.934508
2.75,8,72.953254
3.25,9,72.975107
9.25,18,73.015961
19.5,39,73.103176
0.75,1,73.105576
-0.75,1,73.108223
10.0,20,73.155513
-1.25,1,73.158173
6.25,15,73.193141
10.0,17,73.23221
-0.75,1,73.23466
9.25,21,73.28439
-0.75,1,73.287144
-0.75,19,73.329666
9.5,18,73.372799
7.25,17,73.413165
-1.25,1,73.415742
3.75,4,73.42554
18.5,25,73.487281
-0.75,1,73.490224
2.5,20,73.538406
0.25,3,73.546044
-15.25,23,73.602327
0.25,3,73.609753
7.75,18,73.65028
13.25,22,73.705044
-0.75,1,73.708021
-1.25,1,73.71059
-0.25,2,73.716511
10.0,20,73.768026
18.5,32,73.846883
11.0,20,73.899323
9.0,18,73.942616
8.25,28,74.314087
10.5,18,74.359756
-1.25,1,74.362548
9.0,18,74.406989
1.75,6,74.421752
13.5,19,74.467296
7.0,14,74.501614
14.25,30,74.570992
3.75,22,74.623879
10.5,21,74.674376
7.75,18,74.721156
-7.25,9,74.743944
-9.25,14,74.77934
1.75,6,74.79482
7.75,11,74.823467
13.75,30,74.901176
-0.25,2,74.906587
-6.0,27,74.972244
-2.25,4,74.98221
0.25,3,74.990135
2.75,8,75.011828
15.5,18,75.056411
0.75,10,75.081302
0.75,4,75.091455
12.5,37,75.183972
-0.25,2,75.189132
3.0,15,75.225467
11.5,21,75.275355
-1.25,3,75.283393
10.75,22,75.337799
18.5,25,75.399119
12.5,25,75.461694
-3.25,14,75.498534
-2.0,14,75.849363
-2.25,13,75.883176
-0.75,1,75.885993
6.25,14,75.921441
-0.25,2,75.926708
-1.25,3,75.934576
0.75,4,75.944741
8.25,19,75.99084
4.75,7,76.007547
7.75,18,76.049235
4.5,12,76.076653
1.75,6,76.092345
6.0,21,76.145888
-1.75,5,76.159055
-1.75,11,76.186224
4.75,9,76.208398
1.75,6,76.222619
-1.25,3,76.229897
0.75,5,76.240799
-0.25,2,76.245675
5.0,16,76.284367
3.75,10,76.307868
-0.75,1,76.310321
2.75,5,76.321637
8.0,28,76.386977
-0.75,1,76.389752
12.0,24,76.446353
3.25,15,76.482072
-0.25,2,76.487287
7.25,17,76.52615
-0.75,1,76.528714
-3.25,5,76.540305
-0.75,1,76.542839
-2.0,14,76.576154
-9.25,20,76.62495
9.5,34,76.706414
5.25,13,76.739043
8.75,20,76.78745
9.25,14,76.821826
0.75,4,76.831542
-1.25,9,76.853471
-5.25,7,76.87157
-0.75,1,76.874522
-1.25,3,76.883361
5.75,14,76.918965
1.25,5,76.932379
0.75,1,76.935132
9.5,19,76.983006
0.25,3,76.990569
6.75,15,77.027262
8.0,22,77.080859
8.25,19,77.431797
-0.25,2,77.437154
25.0,39,77.534358
4.75,12,77.564186
0.25,3,77.572476
0.75,3,77.580152
4.25,9,77.602942
2.0,20,77.652262
16.25,31,77.730409
-0.25,2,77.735467
0.75,1,77.738108
-0.25,2,77.743498
-0.25,2,77.748688
12.0,18,77.792463
2.75,14,77.826795
-0.75,1,77.829573
8.75,17,77.872572
3.75,11,77.903614
-0.25,2,77.909175
-0.25,11,77.937593
-1.25,9,77.959718
-3.75,4,77.969973
-0.25,2,77.975013
8.5,17,78.017349
0.25,3,78.025158
0.25,3,78.032657
0.25,3,78.039888
0.25,3,78.047315
-1.75,11,78.074792
0.25,3,78.082954
-16.75,17,78.123998
-3.75,7,78.141437
-0.75,1,78.144177
-1.75,5,78.157212
2.75,8,78.176617
5.25,13,78.209133
11.5,18,78.253538
-10.25,12,78.284374
0.75,1,78.287121
-0.25,2,78.292438
6.5,13,78.323984
3.25,12,78.353805
-0.75,1,78.356351
-0.25,2,78.361551
-0.25,2,78.366807
1.75,6,78.38197
-0.25,2,78.38752
-0.25,2,78.392754
-0.75,1,78.395287
1.25,23,78.452628
0.25,3,78.460215
-0.25,2,78.465458
11.75,19,78.511539
9.5,14,78.546796
-0.25,2,78.552039
12.5,23,78.608256
7.5,15,78.645665
3.5,22,79.001143
5.25,13,79.032165
5.25,13,79.064366
9.0,18,79.10814
1.25,5,79.1202
-0.25,2,79.1252
0.25,3,79.132726
4.5,12,79.162434
0.25,6,79.17713
7.0,14,79.210283
-1.25,1,79.212748
0.75,4,79.222324
-0.75,7,79.238708
9.5,17,79.278771
12.25,26,79.340406
-1.0,24,79.395588
-0.75,1,79.398112
11.5,21,79.448753
-0.25,2,79.453659
-7.25,9,79.473962
6.5,15,79.509487
4.25,11,79.53614
3.25,15,79.570957
2.75,8,79.591019
-0.25,2,79.596202
9.5,19,79.642562
-0.25,2,79.647343
-0.25,2,79.652222
6.25,14,79.683241
-0.25,2,79.687771
5.25,22,79.742633
0.25,3,79.75014
-3.75,10,79.773217
0.25,3,79.780209
-0.25,2,79.785021
9.75,22,79.83595
0.75,1,79.838798
2.75,17,79.880757
6.0,12,79.910306
-0.25,2,79.915394
1.75,6,79.930137
0.25,3,79.937663
8.25,18,79.980025
-9.25,17,80.017638
-0.25,2,80.022319
-0.25,2,80.026996
-0.25,2,80.031589
0.75,3,80.038562
-2.25,4,80.047687
6.5,13,80.07783
-8.25,16,80.114582
0.75,1,80.117184
10.0,19,80.160181
0.75,3,80.16782
11.5,23,80.511703
13.75,30,80.581057
9.75,22,80.632384
-3.25,5,80.644458
0.25,3,80.651962
2.75,8,80.671103
-0.25,2,80.67566
-0.75,1,80.678344
-9.75,25,80.739154
6.75,9,80.761995
2.75,17,80.803253
-10.25,12,80.833325
-0.75,1,80.83614
1.25,26,80.899318
-0.25,2,80.904474
-0.25,2,80.909553
-1.25,1,80.912052
0.75,4,80.922218
0.75,4,80.931938
-7.25,9,80.953692
9.25,21,81.004745
0.75,1,81.007648
0.25,3,81.015702
9.75,22,81.068957
4.5,30,81.145264
2.75,5,81.158568
-0.25,2,81.163716
0.75,4,81.17401
-18.75,19,81.221173
12.0,24,81.280187
0.25,3,81.287784
8.0,19,81.334676
8.0,14,81.370136
3.75,14,81.404938
12.0,19,81.453532
-1.75,8,81.475348
-0.25,2,81.480993
10.0,17,81.526956
9.5,19,81.574473
-0.25,2,81.579726
-0.25,2,81.584962
-2.25,4,81.595411
8.25,31,81.676196
-0.75,1,81.679349
-0.25,17,81.727558
-0.25,2,81.733595
2.75,8,81.763777
9.75,22,82.142939
7.5,15,82.185493
7.75,20,82.236974
0.75,1,82.240023
-16.5,21,82.291136
0.75,1,82.294005
2.25,7,82.311239
-16.5,24,82.371292
7.0,14,82.407021
6.75,10,82.431952
6.75,22,82.487012
0.75,1,82.489819
-0.25,2,82.494902
-20.0,20,82.545106
2.25,6,82.559733
0.75,1,82.562353
-0.25,2,82.567796
9.25,13,82.600306
-12.25,14,82.637497
-0.75,1,82.640206
0.25,3,82.647579
-1.25,1,82.650271
0.75,4,82.660787
-0.25,2,82.666036
0.75,1,82.66884
-11.25,14,82.703936
8.25,17,82.748079
-0.25,2,82.753433
3.25,9,82.776052
7.25,17,82.817794
2.25,7,82.835171
9.75,22,82.894613
5.0,16,82.937075
3.5,21,82.995551
11.5,19,83.045127
-3.25,5,83.058458
9.75,22,83.113735
10.5,21,83.165711
10.0,20,83.215279
5.75,14,83.249408
28.0,37,83.339901
8.75,20,83.389365
11.5,18,83.782853
-21.25,23,83.842088
2.25,7,83.8613
-5.25,7,83.882872
-0.25,2,83.891525
8.5,15,83.9287
13.25,22,83.982617
8.0,16,84.021815
6.5,13,84.053657
-14.0,14,84.087831
-1.25,1,84.090661
11.75,14,84.125035
0.75,4,84.13523
-0.75,7,84.152901
10.0,20,84.202451
-0.75,1,84.205241
16.5,26,84.268529
7.75,18,84.314133
0.75,1,84.316852
8.75,21,84.367885
-0.25,2,84.373085
-23.0,23,84.429631
-3.25,5,84.441854
-8.5,16,84.481129
0.25,6,84.496009
9.0,17,84.542321
-1.25,3,84.550598
-2.25,4,84.561769
-9.0,24,84.621581
-0.75,1,84.624371
-0.25,2,84.629827
-0.25,2,84.635304
0.25,3,84.642999
4.75,8,84.664186
1.25,5,84.678949
6.5,19,84.737558
3.75,10,84.768476
7.25,11,84.800522
5.75,14,84.839315
6.5,13,84.873281
-0.25,2,84.879236
-6.25,14,84.91615
9.0,18,84.961159
0.25,3,84.96858
-5.25,7,84.985784
0.75,1,84.988476
6.25,15,85.027425
-0.75,1,85.030177
10.75,24,85.495462
1.25,5,85.511757
0.75,1,85.515511
2.25,7,85.538671
12.25,27,85.614285
1.75,6,85.629519
6.5,19,85.677458
4.25,12,85.706739
3.5,21,85.763196
5.75,14,85.797934
3.25,9,85.820091
0.75,1,85.822842
9.0,18,85.866663
-0.75,1,85.869457
-0.25,2,85.875026
8.25,17,85.9203
0.75,1,85.923041
0.75,4,85.93274
0.75,4,85.942465
-1.25,3,85.949651
-2.5,28,86.017305
9.25,21,86.068608
0.25,3,86.075983
8.75,12,86.106972
0.75,1,86.110019
7.25,17,86.156435
-0.25,2,86.162174
8.5,17,86.204318
-0.75,1,86.206959
5.25,13,86.239482
-0.25,2,86.244626
0.75,1,86.247257
1.25,5,86.259429
-0.75,1,86.262058
0.75,4,86.27209
-0.25,2,86.277145
-0.75,1,86.279619
0.75,1,86.282423
-8.75,15,86.321167
-0.75,1,86.323974
3.75,8,86.343755
-0.25,2,86.349025
-0.25,2,86.354294
0.75,4,86.364126
-1.25,1,86.366889
-0.25,2,86.372011
-0.75,1,86.374842
-0.25,2,86.380115
2.75,5,86.392058
2.25,7,86.40987
3.75,10,86.434825
-2.75,12,86.465118
1.75,6,86.48072
-0.25,2,86.486563
4.25,20,86.539267
-0.75,1,86.542066
-0.75,1,86.54476
-1.25,6,86.560147
0.75,1,86.562943
0.75,4,86.573489
-9.5,19,86.622422
9.25,21,86.681319
1.25,5,86.694979
-0.25,2,86.700879
6.25,14,86.738987
-0.25,2,86.744699
0.25,3,86.752688
2.25,4,86.762738
10.5,16,86.802423
2.75,7,87.126261
5.75,14,87.179161
-1.25,3,87.193497
4.25,14,87.280481
4.25,23,87.346548
-1.25,3,87.355287
0.75,1,87.358185
-4.25,6,87.373979
0.75,1,87.377001
-0.25,3,87.384655
1.75,6,87.399806
2.25,4,87.413956
23.0,23,87.47958
0.25,3,87.486777
8.75,11,87.518613
1.75,6,87.536015
2.25,4,87.546831
12.0,19,87.595366
7.75,18,87.641612
7.25,17,87.685308
0.25,3,87.693279
-0.75,1,87.696169
-19.0,19,87.746527
0.75,3,87.754303
0.25,3,87.762354
6.5,19,87.812573
4.25,11,87.841014
0.75,3,87.849038
-0.25,2,87.854254
-0.75,1,87.857111
-0.25,3,87.865206
-0.75,10,87.892584
0.25,3,87.901311
2.75,14,87.93803
-0.25,2,87.943476
-0.25,3,87.951003
5.75,14,87.985744
1.25,5,87.998545
4.25,11,88.028851
2.75,8,88.051043
0.75,1,88.054291
0.25,3,88.063088
7.5,15,88.102286
-2.25,4,88.112799
11.0,22,88.168068
-0.25,2,88.173723
-6.25,8,88.195405
4.25,7,88.213328
1.75,6,88.228573
-3.75,4,88.239073
2.25,7,88.257167
0.75,4,88.267509
8.0,16,88.306718
1.25,5,88.319469
-0.25,2,88.324867
-2.75,6,88.340028
-1.25,3,88.3474
-0.25,2,88.35258
0.25,3,88.360103
0.25,3,88.367727
3.75,10,88.39365
16.5,22,88.449347
10.5,21,88.501778
-0.25,2,88.507163
8.0,16,88.549627
0.75,5,88.8773
-0.25,2,88.883099
-3.25,5,88.897063
1.25,5,88.910144
0.75,1,88.913184
-0.25,2,88.918986
9.75,22,88.976354
7.25,20,89.034848
-0.75,1,89.037979
3.75,10,89.066745
1.75,6,89.083588
10.25,22,89.14211
14.0,25,89.207878
-0.25,2,89.213578
-0.75,1,89.216759
-1.25,3,89.224974
6.75,11,89.253109
2.75,8,89.27337
4.25,12,89.303867
-0.75,1,89.306683
9.0,18,89.351837
11.75,26,89.416726
-0.75,1,89.419553
7.0,14,89.454984
-0.25,2,89.460162
-0.25,2,89.46573
8.75,20,89.522234
1.75,6,89.541055
6.25,15,89.583974
-0.25,2,89.58945
-0.75,1,89.592324
-5.25,7,89.610618
0.25,3,89.618613
-0.25,2,89.62384
16.25,35,89.716364
-0.25,2,89.722275
4.75,27,89.79502
-2.75,3,89.803206
7.0,14,89.838554
2.75,14,89.877051
-0.25,2,89.883771
12.5,25,89.946875
0.75,1,89.94986
0.75,4,89.960694
0.25,3,89.968352
-0.75,1,89.970941
2.75,8,89.990446
6.5,13,90.022544
-0.25,3,90.030427
1.25,5,90.042939
-0.25,2,90.048334
0.75,4,90.058424
-1.25,3,90.066157
6.25,15,90.104167
8.25,19,90.152857
-3.25,5,90.166333
16.75,33,90.617995
11.75,18,90.661405
6.25,15,90.69998
8.5,20,90.75198
-0.25,2,90.757228
-1.25,3,90.764566
-19.0,19,90.81293
8.0,16,90.853424
7.0,14,90.893067
-0.75,1,90.895892
0.75,4,90.906319
8.75,20,90.95502
7.5,15,90.991716
2.25,7,91.009493
-0.75,1,91.012063
3.75,16,91.051723
-3.25,14,91.086018
4.25,12,91.119178
0.75,7,91.138227
-0.25,2,91.149446
0.75,3,91.162834
0.25,3,91.170607
8.75,20,91.229262
6.25,15,91.273753
8.25,25,91.347731
3.25,7,91.370356
-0.25,2,91.379838
-1.25,1,91.383017
-0.75,1,91.386188
-0.25,2,91.392313
9.0,18,91.489173
-1.25,3,91.509231
0.25,3,91.528636
-0.75,1,91.537071
0.75,4,91.55992
-3.25,5,91.574328
0.25,3,91.58274
0.25,3,91.59205
-0.25,2,91.599766
0.25,3,91.611456
4.25,11,91.661181
0.75,1,91.664359
1.75,9,91.692116
1.75,6,91.726449
5.75,10,91.797157
-0.25,2,91.817621
-10.25,12,91.888111
8.25,15,91.970724
-0.75,1,91.975984
8.75,19,92.028385
4.25,9,92.058416
12.5,17,92.132264
7.25,17,92.208573
0.75,10,92.251398
-11.25,13,92.305515
7.0,13,92.353836
8.25,19,93.027596
0.25,3,93.040727
7.25,16,93.126843
0.25,3,93.144753
0.75,1,93.152019
9.5,19,93.255147
6.25,15,93.322778
9.0,18,93.392769
0.75,1,93.396992
-2.25,4,93.413114
-1.25,1,93.417199
4.25,10,93.455131
-0.25,2,93.463177
-0.25,2,93.472531
-0.75,1,93.476435
12.0,24,93.576086
2.25,10,93.625256
4.25,11,93.667204
11.75,17,93.731282
8.0,16,93.790646
0.75,4,93.805583
0.75,4,93.821111
0.75,3,93.834428
-0.75,1,93.838783
5.75,14,93.892279
5.75,10,93.92848
-0.25,2,93.936068
0.75,1,93.940249
2.25,6,93.964479
8.5,16,94.02241
6.25,15,94.079606
6.75,15,94.161954
-0.75,1,94.168226
10.0,22,94.294343
5.75,14,94.381441
13.0,24,94.496864
7.0,29,94.590305
-0.75,1,94.593548
0.25,3,94.60309
-0.75,1,94.606142
1.75,6,94.622686
6.75,16,94.666716
1.75,6,94.683015
-0.25,2,94.688487
-0.25,2,94.694179
0.75,1,94.697211
8.0,16,94.753392
0.25,3,94.762256
4.5,15,94.803261
1.75,7,94.82242
6.75,13,94.859548
1.75,4,94.871399
-0.25,2,94.87863
-0.25,2,94.885594
2.75,8,94.908525
8.25,19,94.960086
2.25,4,94.971377
9.25,21,95.36094
5.25,9,95.383382
-0.75,1,95.386265
0.25,3,95.394138
-0.25,2,95.399325
12.5,17,95.44369
-4.25,6,95.459157
0.75,1,95.461993
-0.75,1,95.464774
9.25,21,95.523365
11.25,25,95.595429
3.25,15,95.63501
2.25,7,95.654288
0.75,4,95.664925
-13.0,13,95.698218
1.75,6,95.714618
11.75,26,95.782823
4.75,12,95.817788
0.25,3,95.826264
-0.25,2,95.831873
-4.25,12,95.863253
1.25,5,95.876647
0.75,1,95.879815
0.25,3,95.889343
2.75,8,95.910133
6.25,15,95.951121
-0.75,1,95.953959
12.5,25,96.017127
-0.75,1,96.019948
-6.25,8,96.039925
-0.25,2,96.045193
-5.25,7,96.063127
-0.25,2,96.068478
-0.25,2,96.074313
0.25,3,96.082395
4.0,20,96.145056
11.25,25,96.221649
0.75,1,96.224607
7.75,16,96.265902
2.75,8,96.287984
6.0,18,96.334197
3.25,10,96.360002
-2.75,3,96.367625
18.25,39,96.467897
5.25,13,96.501075
-1.25,3,96.509594
-0.25,2,96.515508
8.0,26,96.586811
1.25,5,96.599274
-3.75,10,96.623776
7.25,16,96.664959
1.75,3,96.672299
0.25,3,96.679785
3.25,9,96.701643
12.0,24,97.089525
-2.0,17,97.132437
1.25,4,97.142627
1.25,5,97.154804
11.25,25,97.218619
7.25,15,97.258119
8.25,19,97.314143
2.0,25,97.380357
3.25,18,97.431778
16.5,23,97.489366
11.0,21,97.547056
3.75,7,97.564362
8.0,34,97.64698
0.75,1,97.649726
3.75,9,97.676073
16.5,23,97.771728
4.75,12,97.813468
3.75,10,97.848835
6.75,16,97.894704
10.0,20,97.944538
1.25,5,97.957765
-6.25,8,97.978557
-14.75,27,98.04501
10.5,21,98.095901
24.75,43,98.199941
7.0,29,98.280561
-0.25,2,98.286336
1.25,5,98.300224
0.25,3,98.308932
-1.25,3,98.317285
-1.0,19,98.367432
4.25,11,98.393968
9.0,18,98.757149
1.75,24,98.81757
9.5,25,98.881494
-0.25,2,98.887653
10.75,24,98.949022
-0.25,2,98.954277
0.75,3,98.961807
4.75,12,98.991766
0.75,4,99.002812
-0.25,2,99.008362
1.75,6,99.024138
12.5,25,99.089237
-5.25,7,99.107645
0.75,4,99.118305
-0.75,1,99.12118
4.75,12,99.151261
13.25,29,99.226525
10.0,23,99.285475
-0.25,2,99.290509
-5.25,7,99.308268
0.75,4,99.319005
7.25,23,99.376878
10.0,20,99.427169
-9.25,14,99.461766
15.0,28,99.53473
-16.25,18,99.581578
4.5,12,99.611439
-1.25,3,99.619319
6.25,15,99.656053
-0.75,1,99.65893
6.75,15,99.696561
11.75,26,99.763973
7.75,12,99.79346
0.25,3,99.802386
7.25,17,99.856021
-0.75,1,99.860254
-1.5,27,99.948967
10.0,23,100.01457
12.25,25,100.077866
-0.25,2,100.083541
10.5,21,100.442077
-0.25,2,100.44741
5.25,13,100.480037
-1.75,23,100.537735
7.25,17,100.579446
0.25,3,100.58708
0.75,4,100.597409
12.5,22,100.656039
13.25,29,100.731932
1.25,4,100.742382
-0.75,1,100.745389
9.5,17,100.789859
0.25,6,100.805744
7.5,21,100.859248
3.75,10,100.890392
-14.25,28,100.967992
6.5,13,101.007469
10.25,23,101.07297
-4.25,9,101.09769
-0.75,1,101.100783
-0.25,2,101.106452
17.5,32,101.196095
6.0,12,101.227815
5.25,10,101.256945
-1.25,3,101.265198
0.25,3,101.273118
6.0,18,101.317944
-0.25,2,101.323018
-0.75,1,101.325669
5.75,14,101.361333
-0.25,2,101.367403
-4.75,8,101.389065
1.75,6,101.404006
-0.5,14,101.440334
-18.25,20,101.491782
-0.25,2,101.498285
9.5,19,101.553636
-0.25,2,101.559029
6.75,10,101.584507
-9.25,11,101.611857
-0.25,2,101.617045
-19.25,21,101.668536
8.0,16,101.711367
9.5,14,101.755316
7.25,17,102.143421
11.0,22,102.200035
-0.25,2,102.206594
-0.25,2,102.212755
-1.25,1,102.2162
-5.25,12,102.247283
0.75,1,102.25006
-1.25,1,102.25286
-1.25,3,102.26056
13.5,27,102.326758
13.5,20,102.376395
0.25,3,102.384138
5.0,19,102.432659
16.75,35,102.523748
-0.25,2,102.530079
0.25,3,102.539063
1.75,3,102.547081
6.5,13,102.580535
-1.25,3,102.589469
-0.25,2,102.594948
-3.25,5,102.607465
1.75,6,102.622546
-0.25,2,102.627753
0.75,3,102.635889
17.0,28,102.7074
-1.25,3,102.716463
-0.25,2,102.722628
0.25,3,102.730968
0.75,15,102.769599
15.75,30,102.844617
6.0,12,102.874681
4.25,12,102.907416
-0.25,2,102.912531
12.25,27,102.978395
-0.75,1,102.981219
9.75,18,103.026405
0.75,1,103.029336
7.5,15,103.067279
9.75,22,103.122518
-10.75,14,103.161655
-2.0,26,103.226656
1.75,4,103.237013
6.0,12,103.267507
-0.75,1,103.270706
-1.25,1,103.274251
13.5,33,103.362543
-3.75,4,103.372854
9.25,14,103.410599
7.5,15,103.805109
6.75,16,103.844368
-0.75,1,103.847022
9.5,19,103.901549
-10.75,24,103.963893
3.75,16,104.004317
1.75,6,104.020552
-0.25,2,104.026255
2.75,6,104.043705
2.75,6,104.059284
-3.0,24,104.120594
7.0,13,104.155698
3.25,15,104.198536
1.75,5,104.212178
7.25,17,104.25834
0.75,1,104.261252
1.75,15,104.300852
5.75,14,104.337615
-1.75,11,104.367734
2.75,8,104.392142
-3.25,11,104.423989
0.75,4,104.434456
-0.25,3,104.442145
0.25,3,104.450293
-5.75,15,104.489932
-0.25,2,104.495484
-0.75,1,104.498348
3.5,22,104.557709
3.75,10,104.58511
-0.25,2,104.590378
11.25,24,104.650188
3.25,9,104.672739
4.5,18,104.720185
-0.75,1,104.723139
-0.75,13,104.757615
11.75,20,104.809809
5.75,14,104.847329
-1.25,1,104.850121
-0.75,1,104.852987
-2.5,28,104.935449
4.75,12,104.969246
6.25,15,105.008831
-0.25,2,105.014299
-0.25,2,105.019988
-0.25,2,105.025285
6.75,16,105.067196
1.25,5,105.080313
6.25,15,105.122494
-1.25,1,105.126398
6.5,13,105.165098
-2.25,4,105.492678
3.25,10,105.520341
-3.25,5,105.534675
-0.75,1,105.537825
1.75,6,105.553129
8.25,28,105.622074
21.0,42,105.729296
-12.75,16,105.771204
7.5,18,105.827869
0.25,3,105.83677
2.75,8,105.867237
-0.25,2,105.87674
7.75,15,105.969147
1.25,5,105.997047
-0.25,2,106.007931
-0.25,2,106.019618
0.75,4,106.04574
-1.25,1,106.053587
0.25,3,106.077744
6.5,13,106.169399
-2.25,4,106.201619
2.75,8,106.268798
1.25,5,106.310168
0.75,4,106.343853
13.0,21,106.445164
0.75,1,106.449103
0.25,17,106.513997
1.25,5,106.529334
-0.25,2,106.535591
-0.25,2,106.543492
5.25,16,106.62022
0.25,6,106.651116
-16.25,24,106.736282
6.25,15,106.783684
-0.75,1,106.786924
-0.25,2,106.792517
-0.25,2,106.798559
-0.75,1,106.802273
1.25,5,106.816752
7.0,26,106.926606
-1.25,3,106.941474
-6.25,8,106.979291
1.75,4,107.000102
1.25,5,107.025799
-0.25,2,107.037126
-0.75,1,107.043373
1.25,5,107.070618
7.25,15,107.145403
0.25,3,107.159575
0.75,4,107.179429
1.75,6,107.205706
8.25,19,107.296399
-0.25,2,107.305777
-0.25,2,107.315121
7.0,14,107.376793
-6.5,17,107.453112
10.0,20,107.55676
-14.25,16,107.634065
-1.25,3,107.649716
-2.25,7,107.68382
6.75,16,108.529716
-3.25,5,108.567126
8.75,20,108.708223
-0.25,2,108.723079
-6.25,8,108.78073
7.5,15,108.888413
-8.25,13,108.979302
0.25,3,108.998258
-0.25,2,109.012603
-0.25,2,109.027964
9.25,16,109.143161
0.25,3,109.164556
-0.25,2,109.178996
3.5,22,109.336617
-0.25,2,109.351272
-1.25,1,109.35919
-0.25,2,109.374046
24.75,46,109.701532
11.0,22,109.843245
4.5,15,109.952701
8.5,17,110.004734
-5.25,7,110.023441
15.75,34,110.118398
9.5,19,110.169093
-0.25,2,110.17487
-0.75,1,110.177933
-0.25,2,110.183631
-0.25,2,110.189332
-0.75,1,110.192466
0.25,3,110.201254
5.5,29,110.282539
-2.25,4,110.293671
15.5,29,110.374902
11.25,13,110.410878
0.75,1,110.414123
-0.75,1,110.417087
11.25,17,110.47374
11.25,17,110.518997
3.75,10,110.546555
2.75,14,110.584633
-0.25,2,110.590569
-7.25,21,110.652151
8.0,14,110.708347
-7.5,15,110.755543
0.75,1,110.758883
-0.25,2,110.764806
-0.75,1,110.767965
-13.25,15,110.810018
0.25,4,110.821509
-0.25,2,111.18853
-0.75,1,111.191935
0.25,3,111.200673
0.25,3,111.209069
-3.25,5,111.222851
1.75,6,111.238559
-0.25,2,111.243925
-0.75,1,111.246765
12.5,25,111.308275
-0.75,1,111.311262
-4.25,6,111.326891
0.25,3,111.334575
-0.25,2,111.340027
1.75,5,111.352799
-1.25,3,111.360611
-5.25,7,111.378135
-0.75,1,111.38088
1.25,5,111.392998
2.75,8,111.414112
4.25,8,111.43447
10.0,20,111.488604
-0.75,1,111.491452
1.25,5,111.50422
2.25,7,111.524114
-0.75,10,111.551836
0.75,3,111.560111
-5.75,6,111.576702
-0.25,2,111.582342
9.25,18,111.63193
-22.75,23,111.691841
2.25,4,111.702032
-0.25,2,111.707208
-0.25,2,111.713295
7.75,11,111.746414
2.75,8,111.769433
0.25,3,111.777592
10.25,22,111.83012
6.25,13,111.861069
-1.25,1,111.864063
5.25,13,111.898153
-0.75,1,111.901145
-1.25,3,111.908806
9.25,21,111.961372
-0.75,1,111.964149
2.25,7,111.981773
-0.25,2,111.987029
0.75,1,111.989836
8.0,16,112.029325
3.75,7,112.047492
17.5,29,112.11971
5.25,16,112.158991
0.75,1,112.161958
-0.25,2,112.167217
-0.25,2,112.172437
9.0,18,112.22018
-0.25,2,112.225272
-0.75,1,112.228116
-1.25,1,112.231057
0.25,3,112.239027
12.75,25,112.299303
1.25,5,112.31173
-1.25,1,112.314583
0.75,1,112.317381
10.0,20,112.367749
0.75,1,112.370516
4.75,12,112.399294
-9.25,11,112.426817
12.25,15,112.463667
3.25,9,112.485925
1.0,20,112.84714
16.25,35,112.937673
-1.25,3,112.944701
14.0,28,113.01472
-0.25,3,113.022094
-0.25,2,113.027126
-0.75,1,113.02999
-0.25,2,113.035299
-3.75,4,113.045033
-1.25,1,113.047534
-1.25,3,113.054524
10.5,16,113.094954
-6.5,29,113.163528
13.5,23,113.215397
11.25,25,113.276157
5.75,10,113.300143
-2.25,4,113.309979
15.75,34,113.393131
0.75,1,113.395561
-11.75,12,113.42556
0.75,1,113.428167
5.75,12,113.457864
6.75,16,113.498419
-0.25,2,113.503655
0.75,4,113.513729
1.25,5,113.52654
4.75,13,113.55941
-0.25,2,113.565
-2.25,4,113.575486
5.75,14,113.610425
0.25,6,113.625298
11.5,23,113.681797
-18.25,23,113.739365
-0.25,2,113.744821
0.75,1,113.747552
3.25,9,113.771459
-0.25,2,113.777097
2.75,8,113.796717
0.75,4,113.806509
-0.25,2,113.811418
-0.25,2,113.816172
-1.75,5,113.827988
4.25,10,113.85089
9.0,18,113.89522
3.75,10,113.920728
0.75,1,113.923413
8.75,20,113.97087
-0.25,2,113.975742
-0.25,2,113.980677
2.25,7,113.998059
11.0,15,114.034981
2.25,7,114.052504
7.75,19,114.399135
-17.75,18,114.444235
2.75,8,114.464347
6.5,16,114.503696
7.25,17,114.545175
-0.25,2,114.550432
8.0,16,114.589134
-1.25,3,114.596509
-1.25,1,114.59903
-0.25,2,114.604092
0.75,1,114.606866
4.75,12,114.637497
-0.25,2,114.6427
8.5,17,114.683336
-13.0,13,114.714936
3.75,10,114.739652
8.0,16,114.780486
6.75,15,114.816981
-3.5,20,114.865073
0.25,3,114.872669
-0.75,1,114.875321
7.0,17,114.917403
-0.25,2,114.922678
0.75,1,114.925441
3.75,10,114.950286
-0.75,1,114.953076
-0.25,2,114.95851
0.75,1,114.961256
-0.25,2,114.966424
0.25,3,114.973819
-0.75,1,114.976472
11.5,26,115.038857
16.5,18,115.081266
2.75,8,115.101795
-0.75,1,115.10445
0.75,3,115.112131
-0.25,2,115.117485
4.25,11,115.144596
-0.25,2,115.149955
4.75,13,115.182175
-0.25,2,115.187588
1.75,6,115.202851
0.75,1,115.205635
5.25,13,115.238028
-0.75,1,115.240788
9.5,14,115.275805
10.75,13,115.307244
0.75,1,115.310106
0.25,3,115.317809
7.25,16,115.357332
8.0,14,115.392506
0.25,3,115.39973
1.25,14,115.433611
0.75,3,115.441539
0.75,1,115.444484
5.25,13,115.476732
-0.75,1,115.47951
0.75,1,115.482267
-0.75,1,115.484733
-1.25,1,115.487388
-0.25,2,115.492622
0.25,3,115.500351
8.0,15,115.537109
-0.75,1,115.539732
-0.25,2,115.544714
-1.25,3,115.551893
1.75,5,115.564238
0.75,4,115.573929
-0.25,2,115.579
-0.25,2,115.583846
2.75,8,115.603008
-5.25,13,115.633284
10.5,18,115.987636
0.75,4,115.998506
-0.75,1,116.001349
9.75,22,116.053373
-7.75,11,116.078726
-0.75,1,116.081536
-0.75,1,116.084527
0.25,3,116.092338
-0.25,2,116.097786
9.75,22,116.15618
1.75,6,116.170563
-1.25,3,116.178352
-0.75,1,116.181097
1.25,5,116.193863
5.75,14,116.22842
8.25,19,116.275057
4.25,11,116.301259
4.75,12,116.329234
-1.25,1,116.331635
4.75,12,116.362699
-0.25,2,116.367944
10.0,23,116.42701
-1.25,3,116.436799
0.75,4,116.448947
0.25,3,116.457001
-0.5,23,116.517658
15.25,30,116.59265
-0.75,1,116.595942
0.75,1,116.598854
10.0,15,116.644178
-0.75,1,116.647135
4.25,11,116.674976
6.5,13,116.707299
9.75,22,116.763115
0.75,4,116.773477
-2.25,4,116.783888
-20.0,20,116.833845
0.25,3,116.846353
-0.75,1,116.851245
9.75,22,116.932685
-0.25,2,116.940806
0.75,1,116.945532
2.75,5,116.962762
8.75,15,117.010764
4.25,14,117.047985
8.5,20,117.094175
9.25,21,117.143213
8.75,20,117.192755
0.75,13,117.224534
0.25,3,117.232122
0.75,1,117.234719
0.25,3,117.242326
5.75,14,117.277026
-2.75,3,117.284378
14.75,21,117.622417
-0.75,1,117.624999
-0.25,8,117.643994
0.75,3,117.651165
6.25,18,117.691155
17.0,33,117.768236
0.25,3,117.775954
0.75,1,117.778692
0.75,1,117.781452
-0.25,3,117.788925
0.75,1,117.791531
4.75,24,117.846359
0.25,3,117.853315
-1.25,3,117.860358
-0.75,1,117.862833
0.75,4,117.872433
-4.25,6,117.885925
0.25,3,117.894101
16.0,24,117.95237
3.75,16,117.98878
0.75,3,117.995829
-0.75,1,117.99836
0.75,4,118.007593
-2.25,4,118.016859
0.75,1,118.019675
-10.25,12,118.048253
6.25,15,118.081616
8.75,20,118.126951
1.75,6,118.140952
-3.25,8,118.159942
-0.75,1,118.16271
-0.25,2,118.167857
1.75,6,118.182693
-0.25,13,118.211666
13.0,19,118.255425
-0.75,1,118.258433
-23.0,23,118.31509
1.75,6,118.330114
12.5,24,118.386484
-0.25,2,118.392361
1.25,5,118.405402
3.25,9,118.428259
9.75,20,118.474665
-0.75,1,118.477498
-3.25,5,118.490683
2.25,7,118.509109
3.75,11,118.538358
11.5,23,118.595132
-0.25,2,118.599818
-0.25,2,118.605042
-1.25,3,118.612339
0.75,1,118.614688
5.25,13,118.644267
5.25,13,118.674563
5.25,19,118.72037
0.75,1,118.72309
-0.75,1,118.725823
3.25,9,118.748144
7.25,16,118.787115
6.25,15,119.125445
-0.75,1,119.128218
10.0,19,119.173972
2.75,5,119.185987
1.25,5,119.198091
-0.75,1,119.200601
-0.75,1,119.203155
7.25,15,119.237663
6.0,12,119.265795
4.25,11,119.293499
6.75,16,119.332122
12.5,25,119.404326
11.75,24,119.471241
5.75,11,119.500026
-12.5,17,119.542077
-1.25,1,119.544826
-1.25,3,119.55233
0.75,1,119.554826
-4.75,8,119.574321
-0.25,2,119.57962
-3.5,20,119.627743
0.25,3,119.634925
-0.25,2,119.640288
2.25,7,119.656689
3.5,22,119.707728
0.75,4,119.716885
-0.75,1,119.719465
9.5,19,119.768968
17.5,32,119.845365
-0.75,1,119.847763
6.25,15,119.883029
7.25,17,119.926695
0.75,1,119.929599
8.5,15,119.968982
8.0,16,120.008493
11.0,22,120.062743
5.75,10,120.08846
-0.75,1,120.091308
-0.25,2,120.096739
-1.25,1,120.09946
6.5,13,120.129982
14.25,27,120.197413
0.25,3,120.206465
9.5,19,120.263976
14.5,26,120.329745
6.5,13,120.360038
0.25,3,120.368238
-1.25,3,120.376367
14.5,29,120.735495
6.25,15,120.77181
-10.25,15,120.805993
7.5,15,120.841084
0.75,1,120.843458
-0.25,2,120.847955
6.25,15,120.881868
15.0,32,120.959226
-2.0,26,121.018833
16.5,22,121.070067
0.75,1,121.072555
2.75,5,121.084873
8.25,19,121.133108
0.75,1,121.135918
6.25,15,121.17359
8.0,16,121.210694
-0.75,1,121.213152
-11.25,13,121.242569
5.75,14,121.276218
15.5,25,121.335209
-1.75,5,121.346783
0.75,13,121.378928
20.25,36,121.477718
0.75,1,121.480337
-0.25,2,121.484953
0.75,4,121.495622
-0.25,2,121.501019
-0.25,2,121.506441
10.0,20,121.556386
14.0,28,121.639053
1.0,17,121.690754
7.25,14,121.726444
-0.25,2,121.731992
12.0,23,121.794798
6.5,19,121.843022
-0.75,1,121.845716
5.75,20,121.89661
9.0,18,121.943105
-9.25,11,121.969902
-0.75,1,121.972699
-0.75,1,121.975536
-0.75,1,121.978399
9.25,21,122.343812
6.75,16,122.384025
0.75,4,122.394275
1.25,5,122.407031
-0.75,1,122.410114
7.5,18,122.454257
0.75,1,122.456919
-0.25,2,122.462024
-6.25,8,122.482002
0.75,1,122.484941
-0.25,2,122.490288
-4.25,6,122.505498
-0.75,1,122.508381
0.25,3,122.516311
4.75,13,122.548391
-0.75,1,122.551641
2.25,7,122.570172
9.75,19,122.618559
-3.75,4,122.629464
-0.25,2,122.635201
-5.25,7,122.653225
6.0,12,122.683883
-0.75,1,122.687042
0.75,1,122.689764
-0.75,1,122.692651
-0.75,1,122.695394
11.75,25,122.768677
0.75,4,122.780349
0.25,3,122.789972
1.25,5,122.809098
-0.25,2,122.815748
7.75,18,122.864383
-0.25,2,122.8699
8.25,19,122.921399
-0.75,1,122.924382
9.25,21,122.981141
6.5,13,123.013521
0.75,1,123.016258
8.75,12,123.046472
10.5,21,123.099361
0.75,1,123.102259
-0.75,1,123.104942
0.75,1,123.107682
12.25,27,123.175672
0.75,1,123.178553
14.0,23,123.238082
10.5,15,123.276307
5.75,12,123.307583
-0.25,2,123.313453
-1.25,3,123.321486
0.25,3,123.329506
8.5,17,123.37279
27.0,46,123.489235
-0.75,1,123.492105
-8.25,10,123.518853
-3.75,7,123.536277
-0.25,2,123.541471
-0.75,1,123.544205
0.75,1,123.547005
-3.75,19,123.599375
8.5,15,123.980407
0.25,4,123.99094
7.25,17,124.035384
6.75,16,124.075764
5.75,14,124.10984
2.75,8,124.129522
8.25,25,124.19078
-0.75,1,124.193435
-1.25,1,124.196085
0.25,3,124.203598
17.0,34,124.288307
12.0,18,124.352395
6.25,11,124.394227
-4.75,17,124.45472
-1.25,3,124.464972
4.25,8,124.486883
0.75,4,124.497118
14.0,28,124.567011
-1.25,3,124.574962
-3.75,4,124.585052
-6.25,8,124.604796
-2.25,4,124.615451
3.25,15,124.653424
7.5,18,124.697588
-2.75,3,124.705091
8.25,19,124.753183
5.5,20,124.802113
0.75,4,124.812288
6.75,15,124.84851
4.25,20,124.898331
0.75,1,124.901437
10.25,23,124.957354
14.5,23,125.016312
0.25,3,125.024766
12.5,20,125.075487
13.5,24,125.137997
-1.25,6,125.153444
0.25,3,125.161225
4.75,12,125.192592
-6.25,14,125.230662
-1.25,1,125.233581
1.25,5,125.246156
10.0,22,125.301967
1.75,6,125.320547
17.5,22,125.714671
-0.25,2,125.720067
-0.75,1,125.722788
-0.75,1,125.725556
0.25,3,125.733829
17.25,29,125.807927
-0.75,1,125.810599
11.0,22,125.865002
10.0,15,125.9045
2.25,4,125.914506
7.0,14,125.949093
13.5,20,125.998704
-0.75,1,126.001493
0.25,3,126.009435
10.75,13,126.042375
2.25,7,126.059867
16.5,26,126.129181
8.75,20,126.183068
9.0,18,126.226851
-0.25,2,126.232073
-6.25,8,126.252538
9.5,25,126.32006
-0.25,2,126.325374
12.75,28,126.396496
15.5,26,126.470553
-0.75,1,126.473801
-1.25,3,126.482904
-0.25,2,126.488826
-1.25,3,126.497078
9.25,16,126.540524
1.75,12,126.574221
0.75,4,126.584646
8.75,20,126.635896
1.25,5,126.649195
9.75,16,126.691746
-0.25,2,126.697147
-23.25,25,126.763811
6.25,15,126.801775
-0.75,1,126.804708
6.75,16,126.844763
17.5,32,126.928886
-2.25,4,126.940473
12.25,36,127.399459
-1.25,3,127.406966
0.25,3,127.415059
10.5,21,127.467256
10.25,23,127.523466
8.5,17,127.565529
4.75,12,127.595881
8.0,16,127.636563
-0.25,2,127.642006
-1.25,3,127.649996
10.0,16,127.689468
12.0,18,127.73452
13.5,21,127.7908
0.75,1,127.793705
11.5,23,127.850388
1.75,6,127.867089
-5.75,15,127.906554
1.75,6,127.921608
1.75,6,127.937284
4.75,12,127.968174
11.0,22,128.022486
-0.25,2,128.027764
-0.75,1,128.030397
10.0,20,128.07934
1.75,4,128.089371
16.25,35,128.174075
-5.25,19,128.220834
0.75,1,128.223587
8.0,16,128.262882
7.5,30,128.337362
8.0,16,128.377818
7.0,14,128.415224
0.75,4,128.426189
6.0,18,128.471426
12.0,21,128.524338
-0.25,2,128.529636
10.25,22,128.585976
12.0,18,128.63395
2.5,20,129.003485
14.0,25,129.06644
-0.75,1,129.069272
0.75,4,129.079259
-0.75,1,129.082132
5.5,20,129.1336
9.0,18,129.178731
8.25,19,129.225151
4.25,11,129.251939
2.0,22,129.308273
-0.75,7,129.327841
-0.75,1,129.331062
2.75,24,129.398009
-9.25,17,129.444425
-1.25,3,129.451883
8.0,14,129.489461
0.75,3,129.497534
10.25,23,129.556962
4.75,12,129.589751
-0.75,13,129.621343
1.25,5,129.63378
19.5,39,129.731704
1.25,5,129.745998
9.5,19,129.795704
-16.25,21,129.847608
7.0,14,129.883254
-11.75,12,129.917666
16.5,27,129.986604
9.0,18,130.036103
-3.25,11,130.066641
-18.0,21,130.124242
2.75,8,130.148324
0.25,3,130.157592
1.25,5,130.172952
2.25,6,130.190854
10.5,21,130.246803
1.25,5,130.260586
0.75,1,130.263705
3.75,6,130.279282
-3.25,5,130.293106
9.25,20,130.676359
-0.25,2,130.681375
16.75,27,130.750995
0.25,3,130.758954
2.75,8,130.778539
0.75,1,130.781411
9.5,19,130.828889
3.5,16,130.868902
10.0,20,130.919057
0.25,3,130.927016
-0.75,1,130.929835
3.0,21,130.991586
6.0,12,131.023333
3.75,9,131.044719
0.25,3,131.053318
5.25,13,131.100584
11.5,53,131.246947
0.75,4,131.257118
25.5,36,131.347739
10.0,17,131.389805
8.5,15,131.428363
-2.75,6,131.443272
6.5,13,131.47592
6.0,12,131.505531
-6.25,8,131.525841
1.75,6,131.540571
3.25,6,131.55528
0.25,3,131.56262
-0.25,2,131.567603
14.5,26,131.631318
-3.75,4,131.641308
7.0,14,131.676023
7.0,14,131.709246
0.25,3,131.716991
10.5,12,131.749935
10.5,21,131.802128
9.0,18,131.847094
-15.25,26,131.912896
-14.0,14,131.949461
2.25,7,131.967068
10.5,21,132.361034
16.0,24,132.420893
-7.25,9,132.442649
-0.25,2,132.447675
0.25,3,132.455137
9.0,18,132.498935
7.0,14,132.533203
15.0,28,132.600643
12.5,23,132.65745
-0.75,1,132.660309
10.0,20,132.709202
-9.25,41,132.810834
-2.25,4,132.821062
1.0,20,132.870428
4.5,18,132.915944
1.75,4,132.927857
-0.75,1,132.932697
6.25,13,132.991511
-0.75,1,132.996776
13.0,17,133.064884
0.75,1,133.068834
8.25,19,133.117244
5.75,14,133.152273
-6.25,25,133.213598
-0.25,2,133.218504
8.0,16,133.257455
0.25,4,133.267329
-5.25,7,133.284307
-18.0,30,133.356826
-9.0,24,133.416177
6.25,10,133.442093
10.0,20,133.492001
-20.25,22,133.54661
0.75,4,133.556785
8.5,17,133.601432
12.5,33,134.038291
-0.25,2,134.043671
11.5,23,134.100064
-10.5,15,134.136491
8.25,17,134.177507
-0.25,2,134.182686
1.25,5,134.19518
0.25,4,134.205238
-0.25,2,134.210191
-2.75,9,134.23249
-0.75,1,134.235121
5.25,13,134.2688
0.5,16,134.307296
1.75,3,134.315154
-1.25,1,134.317949
0.75,1,134.320811
2.75,8,134.340655
8.0,16,134.381294
14.0,24,134.440522
-3.75,7,134.457719
-1.5,27,134.52343
-10.5,37,134.613874
0.75,1,134.61649
4.75,12,134.646167
0.75,1,134.648986
14.5,26,134.711568
0.25,24,134.772276
6.5,16,134.811839
-1.75,11,134.840575
-2.5,13,134.875318
7.75,15,134.930708
15.0,30,135.027969
18.5,22,135.082762
15.25,33,135.165807
-0.75,1,135.169069
1.0,17,135.21218
-16.25,18,135.258361
-0.75,1,135.2613
0.75,4,135.271756
8.5,17,135.314876
7.25,17,135.652903
5.25,13,135.684874
2.25,19,135.73167
1.75,18,135.778366
-4.25,6,135.793851
0.25,3,135.8016
-0.75,1,135.804213
-1.25,3,135.811986
-1.25,3,135.819838
4.25,11,135.846998
-6.75,7,135.864599
5.25,13,135.896695
14.0,24,135.958028
0.75,4,135.968063
-0.25,2,135.973404
18.25,39,136.070033
8.0,16,136.111371
-2.25,4,136.12216
1.25,5,136.136007
7.0,14,136.172874
14.5,23,136.2291
1.75,6,136.244261
11.5,23,136.300799
-4.25,9,136.322854
-20.0,20,136.371812
3.75,10,136.396049
-1.25,1,136.398924
-0.25,2,136.404051
11.75,24,136.518854
-3.25,5,136.532149
11.5,23,136.597301
3.0,24,136.668978
2.75,17,136.722298
-0.75,1,136.725353
-0.25,8,136.747969
8.0,16,136.793383
5.25,13,136.830255
1.75,6,136.846301
0.25,3,136.855948
2.75,5,136.873284
-0.25,2,136.883057
0.75,4,136.902426
-5.25,7,136.943663
0.25,3,136.964021
-1.25,3,136.977587
0.25,3,136.985789
-0.75,1,136.988877
10.75,23,137.057161
8.0,16,137.572624
-1.25,3,137.581578
-2.25,4,137.596716
-0.25,2,137.604181
-1.25,3,137.61669
0.75,4,137.631351
0.75,1,137.634808
-0.25,2,137.641247
21.5,29,137.719205
11.0,16,137.766199
0.25,3,137.774734
-1.25,3,137.784953
16.0,24,137.884645
-0.75,1,137.888629
4.5,15,137.932196
-0.25,2,137.938231
-0.75,1,137.941231
6.25,15,137.980385
-1.25,1,137.983427
12.25,27,138.067889
-0.25,2,138.073496
-0.25,2,138.079497
-0.25,2,138.085735
-0.25,2,138.091559
-2.25,4,138.102491
-0.25,2,138.107752
1.25,5,138.123691
-1.75,8,138.144484
8.5,23,138.209677
1.75,6,138.229593
-0.25,2,138.236577
-0.75,1,138.240552
-0.25,2,138.24835
9.5,25,138.319858
-1.25,3,138.327484
3.25,9,138.354226
8.75,20,138.406995
5.75,14,138.454535
0.75,1,138.458069
6.25,14,138.498327
8.0,16,138.542095
6.5,13,138.579884
-0.25,2,138.585439
16.5,22,138.649362
8.5,23,138.734889
-0.25,2,138.741
-0.25,2,138.749237
-0.25,2,138.759844
1.25,5,138.779787
10.75,24,138.858842
-2.25,13,138.920701
0.25,3,138.934155
-0.25,2,138.940524
10.5,21,139.001434
3.75,10,139.028246
-0.75,1,139.031538
-3.75,13,139.080513
0.75,1,139.084539
0.25,3,139.096825
-0.75,1,139.103313
13.5,27,139.569306
0.75,5,139.59502
14.5,26,139.701453
5.75,8,139.729308
6.5,13,139.774248
6.0,12,139.821853
2.75,8,139.845092
-2.75,24,139.910864
-4.25,6,139.928431
7.0,14,139.965241
-5.75,6,139.98551
-0.5,14,140.032696
-0.25,2,140.039853
-11.25,13,140.077792
-1.25,3,140.086638
4.75,7,140.105458
-23.0,23,140.167356
-0.75,1,140.170466
6.25,15,140.213076
-5.25,7,140.238361
8.5,17,140.294222
9.0,18,140.34268
0.75,1,140.345744
-0.25,2,140.353321
7.0,14,140.392077
-4.25,6,140.408358
13.5,20,140.47146
12.0,19,140.524939
0.75,1,140.528031
-0.25,2,140.533416
12.25,27,140.607869
4.75,13,140.650033
-0.25,2,140.657665
1.25,8,140.687923
9.25,18,140.742948
0.75,3,140.7547
11.0,21,140.81351
4.25,8,140.834953
5.75,14,140.878051
1.25,5,140.899511
-4.75,32,141.017298
11.0,22,141.093395
-0.25,2,141.102372
-1.25,3,141.1174
-0.75,1,141.122629
-2.75,3,141.142585
2.75,8,141.193893
13.5,27,141.66508
0.25,3,141.673205
2.75,8,141.694304
0.25,3,141.702139
10.25,17,141.750041
1.75,3,141.761739
-3.25,5,141.774796
1.75,6,141.789633
7.0,13,141.821794
0.25,3,141.829294
5.25,25,141.89054
-1.25,1,141.893408
-1.25,3,141.907492
10.5,21,141.967123
-0.25,2,141.97241
-0.25,2,141.977437
11.5,21,142.028782
0.75,4,142.039065
-0.75,1,142.041858
-1.25,3,142.049408
-3.25,5,142.061563
-6.0,27,142.128286
8.25,17,142.169806
8.0,16,142.215199
8.75,21,142.345762
-2.25,4,142.37542
8.5,15,142.482859
-11.25,13,142.574758
9.75,22,142.724625
-0.75,1,142.732478
-0.25,2,142.748544
0.25,4,142.769813
-0.25,3,142.782439
10.0,20,142.943884
0.25,3,142.967732
-11.0,23,143.138107
1.25,5,143.163527
0.75,1,143.172601
-0.75,1,143.182202
-2.25,4,143.203923
13.0,17,143.298031
-16.5,24,143.490541
1.25,5,143.528839
-1.25,1,143.537591
8.5,20,143.690517
12.5,22,143.866111
0.75,1,143.877427
-1.25,1,143.888029
9.25,18,144.052425
4.5,15,144.179796
1.75,21,144.361933
0.75,4,145.288175
6.25,10,145.342376
-0.75,1,145.348672
-2.25,4,145.370371
-0.25,2,145.381359
2.75,8,145.425305
10.25,16,145.500176
2.25,19,145.588168
-0.25,2,145.599777
1.25,5,145.624898
-0.75,1,145.631136
-0.75,1,145.637748
0.75,4,145.65711
-3.75,10,145.701686
-1.25,1,145.706744
10.5,21,145.801925
-0.75,1,145.807519
-0.75,1,145.813382
1.25,5,145.838597
5.75,23,145.941972
-0.75,1,145.946874
0.75,4,145.964788
10.0,21,146.058679
0.75,4,146.077782
9.25,21,146.194904
-0.25,2,146.209017
-0.25,2,146.223765
0.75,1,146.231689
0.75,3,146.249294
5.25,13,146.313717
0.25,3,146.327749
-0.25,2,146.336923
1.25,5,146.36063
-0.25,2,146.371155
-0.25,2,146.380234
6.75,16,146.456179
0.75,1,146.462086
-5.25,7,146.497345
3.75,16,146.57202
-0.75,1,146.576979
-0.25,2,146.588037
-3.25,15,146.661398
-0.25,2,146.672131
8.75,17,146.752752
-14.25,16,146.830416
11.5,18,146.960161
6.75,16,147.07453
-0.75,1,147.082566
-0.75,1,147.090544
10.0,20,147.236092
-1.25,3,147.259806
-0.25,2,147.275884
14.0,28,147.421813
-0.25,2,147.432341
-0.25,2,147.442089
1.25,5,147.46519
2.75,5,147.492093
12.5,22,147.598009
-6.25,8,147.636984
2.75,14,147.701054
-1.25,1,147.707119
-1.25,1,147.712896
3.75,10,147.762326
4.25,8,147.801309
0.25,3,147.816597
0.25,3,147.830609
0.75,4,147.849966
0.75,1,147.8552
-0.75,1,147.860793
4.75,12,147.922826
-0.75,1,147.927767
3.25,9,148.880557
6.25,15,148.961522
0.25,3,148.9759
8.75,20,149.075665
0.75,1,149.080985
7.25,17,149.15981
4.25,11,149.21919
11.25,16,149.293638
-0.25,2,149.300069
12.25,15,149.341771
8.25,22,149.40079
-0.75,1,149.403921
0.25,3,149.412072
-0.25,2,149.41769
7.75,18,149.46329
0.75,1,149.466124
2.25,4,149.476805
12.25,27,149.547859
0.75,4,149.558701
10.25,21,149.614008
1.75,6,149.629793
1.25,16,149.66872
-0.75,1,149.671726
-0.75,1,149.674563
5.0,16,149.720285
-0.75,1,149.723374
11.5,26,149.790073
-0.25,2,149.795285
16.5,18,149.841751
-2.25,4,149.852718
6.75,12,149.88453
0.25,3,149.892451
-1.25,1,149.895321
-0.75,1,149.898519
6.75,16,149.940162
7.0,14,149.976529
10.25,18,150.026015
8.75,20,150.079468
-0.25,2,150.08485
-1.25,3,150.093317
-3.75,4,150.104737
1.75,6,150.121938
6.75,16,150.160368
1.75,6,150.175686
0.25,3,150.183281
-9.25,11,150.212513
0.75,1,150.215353
-11.25,14,150.249885
6.75,16,150.291054
0.75,1,150.29405
4.75,12,150.32429
6.25,15,150.361976
11.5,22,150.773722
-1.75,8,150.795127
0.25,3,150.803083
-0.75,1,150.805869
-0.25,2,150.811264
-12.25,14,150.8471
0.25,3,150.85516
13.0,26,150.919776
7.25,17,150.962481
-1.25,3,150.970429
-0.25,2,150.975988
4.25,8,150.997055
6.0,12,151.026583
5.75,14,151.060608
0.75,4,151.070287
3.5,15,151.10982
4.25,17,151.15713
1.0,19,151.207232
0.75,1,151.210037
-4.75,14,151.244848
2.75,6,151.259734
-3.25,5,151.27253
3.75,10,151.30005
2.0,22,151.357245
0.25,3,151.364781
20.75,42,151.469327
7.5,15,151.507842
5.75,14,151.544121
6.0,24,151.602583
0.25,3,151.610565
10.75,24,151.67287
9.5,19,151.720216
10.5,21,151.774391
6.25,12,151.803955
-2.25,4,151.81451
-1.25,6,151.829695
-8.75,24,151.888533
2.25,7,151.915776
4.25,8,151.93799
-0.25,2,151.943291
-7.75,8,151.963166
-2.75,12,151.992987
1.25,5,152.005595
0.75,4,152.015687
0.25,3,152.023482
-16.5,24,152.436064
0.75,4,152.446887
-1.25,6,152.462758
-0.75,1,152.465609
0.75,1,152.468486
9.0,18,152.514104
1.25,5,152.527342
2.25,7,152.545283
13.0,24,152.605126
-1.25,1,152.607893
-12.25,14,152.648187
0.25,3,152.656096
-0.25,2,152.661325
0.5,16,152.700355
7.25,17,152.742228
-2.25,4,152.755533
0.25,3,152.763751
7.25,17,152.804981
-4.25,6,152.820193
5.25,16,152.861125
-0.75,1,152.86384
-0.25,2,152.869358
0.75,1,152.872307
0.75,1,152.875155
-0.75,1,152.877941
-0.75,1,152.880695
10.25,23,152.938515
2.25,7,152.9563
0.75,4,152.966699
18.75,29,153.037624
0.75,1,153.040448
-0.25,2,153.045529
-5.25,7,153.06328
1.25,5,153.076015
1.75,6,153.090939
1.75,12,153.11999
-0.25,2,153.124986
1.25,5,153.136826
1.75,3,153.144279
3.5,22,153.200356
0.75,4,153.210785
-1.25,3,153.218546
-0.25,2,153.223799
5.25,13,153.255834
16.5,18,153.300401
2.25,7,153.317451
7.75,18,153.36127
3.25,9,153.38347
5.25,13,153.415383
-0.75,1,153.418564
4.25,11,153.446103
2.25,7,153.463056
-0.25,7,153.479859
2.25,7,153.49719
-16.25,18,153.541263
12.0,24,153.600736
3.25,9,153.623337
-0.25,2,153.628566
-0.75,7,153.646021
1.25,3,153.653474
0.75,4,153.663389
2.25,7,153.680504
-2.25,4,153.690484
7.25,17,154.060996
1.25,5,154.073809
-0.25,2,154.079225
7.75,18,154.128591
-0.25,2,154.134654
-0.75,1,154.137702
-0.25,2,154.143744
5.75,14,154.181224
9.5,19,154.228648
-0.75,1,154.231512
5.75,14,154.267761
1.25,5,154.281507
12.25,21,154.335655
-0.25,2,154.341036
0.75,1,154.343796
1.25,8,154.368529
-0.25,2,154.374083
-2.25,4,154.384438
-14.0,14,154.421978
-0.25,2,154.42796
0.75,1,154.430766
-6.25,8,154.452098
0.75,3,154.461004
-0.25,2,154.466641
12.5,25,154.532444
-2.25,10,154.55863
-0.25,2,154.56457
-0.75,1,154.567585
0.75,1,154.570601
3.25,6,154.587174
0.25,4,154.598168
0.75,1,154.601215
-0.75,1,154.604084
0.25,3,154.612174
9.0,18,154.659609
-0.25,2,154.665052
-1.25,1,154.667787
-0.75,1,154.6705
0.75,1,154.673345
4.25,12,154.707833
0.75,1,154.710672
-0.25,2,154.716751
6.75,16,154.761656
0.75,4,154.772294
0.75,4,154.782516
10.75,17,154.827508
8.25,16,154.867949
3.25,9,154.891404
7.75,15,154.936773
2.25,7,154.954319
0.25,3,154.962208
0.75,3,154.971187
4.75,12,155.002567
-0.75,1,155.005509
0.25,3,155.01351
-0.25,2,155.018874
-0.75,1,155.021699
12.75,28,155.093454
6.0,18,155.141041
1.25,5,155.153934
-0.25,2,155.159657
0.25,3,155.167577
6.25,18,155.214403
4.25,11,155.243202
-0.25,2,155.248753
-0.75,1,155.251697
10.0,14,155.289075
-0.75,1,155.291887
-0.25,2,155.297247
0.75,1,155.299959
1.75,6,155.315949
4.25,11,155.34826
9.25,21,155.450812
-0.25,2,155.461784
-0.75,1,155.46746
4.5,12,155.844867
-0.25,2,155.850295
2.25,16,155.891878
0.75,1,155.89494
-0.75,1,155.897866
-0.25,2,155.904585
-0.75,1,155.908193
7.0,14,155.944478
0.75,1,155.947286
7.75,18,155.992796
-0.25,2,155.998036
7.5,15,156.036313
14.25,31,156.120167
4.25,11,156.151894
4.75,18,156.199373
0.5,16,156.24078
6.75,16,156.281693
-3.75,4,156.292868
1.25,5,156.305799
1.75,15,156.344409
-1.25,3,156.352344
6.75,16,156.393273
0.75,1,156.396004
-0.75,1,156.398887
-1.75,14,156.435769
7.5,15,156.475449
-0.75,1,156.478265
-0.25,2,156.483795
6.75,16,156.525532
5.75,14,156.562191
-0.25,2,156.567827
12.5,25,156.631417
6.75,16,156.67224
0.5,16,156.713491
-0.75,1,156.716171
0.25,3,156.724148
6.25,15,156.764257
0.75,1,156.767159
9.0,18,156.812613
0.75,1,156.815511
-0.25,2,156.820882
0.25,3,156.828623
7.25,16,156.868266
0.75,1,156.871151
-0.75,1,156.874007
1.25,5,156.886676
-0.75,1,156.889556
-0.75,1,156.892494
0.25,3,156.903165
-0.75,1,156.909058
-0.25,2,156.919122
3.25,5,156.936393
-0.75,1,156.939732
12.75,22,156.994036
1.75,6,157.009511
2.25,7,157.027439
-0.75,1,157.030504
0.75,4,157.041145
9.0,18,157.087536
0.25,3,157.095526
1.25,5,157.108526
7.25,17,157.153312
-0.75,1,157.156235
6.25,15,157.54261
-16.75,17,157.588005
0.75,1,157.590976
1.25,5,157.604034
2.25,7,157.621585
8.0,16,157.66361
-3.5,20,157.714831
5.25,13,157.748394
-4.25,6,157.764413
14.0,28,157.837451
-1.75,16,157.878635
-0.25,2,157.883995
-1.25,3,157.8924
-0.25,2,157.898352
3.5,19,157.949629
-0.25,2,157.95499
-0.25,2,157.960193
-0.75,1,157.963173
0.75,1,157.965861
-0.25,2,157.971431
12.0,24,158.032949
6.5,19,158.081809
8.25,19,158.130083
0.75,1,158.132833
0.75,1,158.135693
-0.75,1,158.138565
3.25,9,158.162375
9.25,17,158.205879
13.0,19,158.255622
2.25,28,158.327075
-1.25,1,158.329675
0.75,1,158.332254
-6.0,18,158.379404
-0.25,2,158.38468
0.75,4,158.395152
7.0,14,158.432343
-0.25,2,158.438087
-0.25,2,158.443456
-1.0,19,158.492215
6.75,11,158.519786
4.75,12,158.55051
-0.25,2,158.556224
-0.25,2,158.561885
4.75,9,158.58632
-0.25,2,158.592073
0.25,3,158.600411
-1.25,1,158.603404
-0.25,2,158.60903
8.25,18,158.657033
9.25,18,158.70478
0.75,1,158.707547
-0.75,1,158.71031
-2.25,4,158.720584
2.75,8,158.74035
7.0,14,158.77738
0.75,1,158.780149
-2.25,4,158.790255
0.75,1,158.793082
-11.75,22,158.849689
-0.75,1,158.852723
4.25,11,159.191069
9.75,22,159.252799
7.75,18,159.298196
8.0,16,159.33966
0.25,3,159.347625
-8.0,17,159.39226
-0.25,2,159.397624
10.0,14,159.434229
-11.25,13,159.466314
-7.75,17,159.509574
-1.25,1,159.512319
8.5,17,159.553852
9.75,22,159.609167
18.0,27,159.676995
-1.25,15,159.715862
2.25,6,159.731574
0.75,3,159.739986
6.75,16,159.78552
-1.25,3,159.794014
-0.75,1,159.797405
-3.25,5,159.812935
1.25,5,159.828264
-0.75,1,159.831194
-18.5,32,159.916814
-0.25,2,159.922413
0.75,1,159.925234
-2.25,4,159.935981
-0.75,1,159.939008
12.0,19,159.987525
2.75,8,160.007267
2.75,5,160.020273
-0.75,1,160.023271
9.5,18,160.072208
1.25,5,160.085929
-0.25,2,160.091319
0.25,3,160.099116
-0.75,1,160.101823
-0.25,2,160.107209
-0.25,2,160.112602
1.75,5,160.125823
-16.0,16,160.166539
3.75,13,160.201866
-2.25,4,160.212128
-7.25,9,160.233592
2.25,7,160.250432
0.5,16,160.289221
2.75,5,160.30209
8.75,15,160.33988
-0.75,1,160.342691
1.75,12,160.373319
-0.75,1,160.376163
7.25,18,160.42144
13.0,24,160.482235
-12.5,17,160.850331
3.75,10,160.875431
11.25,20,160.929368
0.75,1,160.932369
-0.75,1,160.935405
-6.25,8,160.956368
-0.25,2,160.961693
2.25,7,160.979992
0.75,1,160.982932
0.25,3,160.990902
0.75,4,161.001359
4.25,11,161.030231
13.25,27,161.097482
4.25,11,161.126651
-1.25,1,161.129604
-0.25,2,161.135201
-0.25,2,161.140978
3.25,8,161.163332
1.75,6,161.179728
-1.25,1,161.182452
3.75,18,161.226952
-0.25,2,161.232745
-0.25,2,161.241629
-0.25,2,161.247533
2.25,6,161.263026
-0.25,2,161.268354
-0.25,5,161.280416
-1.25,3,161.288497
5.25,13,161.320803
3.25,5,161.333888
-0.75,1,161.336694
-0.25,2,161.342225
0.25,3,161.350319
11.75,27,161.420889
7.75,17,161.463725
3.75,6,161.479264
0.25,3,161.487158
-14.0,14,161.521293
-0.25,2,161.526433
-0.25,2,161.531862
0.75,1,161.534635
-0.75,1,161.537461
4.75,12,161.567451
-0.25,2,161.572831
0.25,3,161.580633
0.75,4,161.590475
0.75,1,161.593136
10.75,24,161.652149
1.25,5,161.665102
-0.25,2,161.670327
-1.25,3,161.678425
6.5,13,161.710501
0.75,4,161.720615
-2.25,10,161.745411
-0.75,1,161.748295
0.75,4,161.75823
0.25,3,161.765836
-1.25,1,161.769094
1.25,5,161.782369
-0.25,2,161.787773
8.75,20,161.838149
-0.25,2,161.84345
-0.25,2,161.848638
-0.25,2,161.853877
4.75,21,161.906992
-0.75,1,161.909875
0.25,3,161.917895
-0.25,2,161.923873
-0.75,1,161.927046
9.25,17,161.969192
0.25,3,161.976928
6.25,15,162.014303
5.25,13,162.04592
6.25,15,162.082557
9.25,21,162.134424
-0.5,14,162.494921
-0.75,1,162.497772
-0.25,2,162.503296
4.25,8,162.524221
-0.75,1,162.527026
2.25,6,162.542418
-0.75,1,162.545367
9.25,13,162.5788
2.25,7,162.596606
0.75,1,162.599568
4.25,11,162.629062
2.25,7,162.64635
0.75,1,162.649001
2.75,17,162.691398
-0.25,2,162.696654
7.25,17,162.739201
2.75,8,162.759956
0.25,3,162.767301
-6.25,17,162.810642
-0.25,2,162.815752
-0.25,2,162.820797
7.75,18,162.865528
0.75,4,162.876193
-0.25,2,162.881515
-0.75,1,162.884231
8.25,19,162.947816
-0.25,2,162.953865
0.75,4,162.965285
0.75,1,162.9684
9.25,19,163.020463
6.25,15,163.065337
7.5,21,163.122762
0.75,1,163.126287
6.75,16,163.178283
-0.75,1,163.183801
6.25,15,163.255386
7.75,11,163.284779
14.0,28,163.358134
-2.25,7,163.376455
0.75,3,163.384748
9.0,18,163.433482
-0.75,1,163.436568
-0.25,2,163.441995
-2.25,4,163.452055
-2.25,4,163.462218
6.75,16,163.502063
2.75,8,163.522526
-0.25,2,163.52808
-0.25,2,163.533297
-1.25,1,163.536105
-1.75,5,163.548647
4.75,12,163.5783
0.25,3,163.586039
-0.25,2,163.591115
0.25,6,163.606022
-0.75,1,163.608835
2.75,7,163.627431
5.25,13,163.660292
0.75,4,163.670722
0.75,5,163.683473
0.25,3,163.691565
0.75,1,163.694167
11.75,27,163.766679
-17.75,21,163.819649
0.75,4,163.830128
3.75,10,163.856098
1.25,8,164.201451
-0.75,1,164.204417
-0.25,2,164.21007
0.25,3,164.218006
-11.25,13,164.252848
-0.25,2,164.258991
0.25,3,164.267973
0.25,4,164.279682
2.75,8,164.302211
-1.25,3,164.310034
-0.25,2,164.315645
-0.75,1,164.318401
-9.25,11,164.347507
-2.75,6,164.36311
0.25,3,164.370862
2.25,7,164.389136
0.25,3,164.396828
6.5,16,164.437137
0.75,1,164.439996
-0.25,2,164.445838
0.25,6,164.462522
7.25,17,164.505213
-2.25,4,164.516356
2.25,16,164.556358
5.5,17,164.600077
-2.75,3,164.608382
0.75,1,164.611448
-0.75,1,164.614531
3.75,10,164.644149
0.75,4,164.656208
0.75,1,164.659095
-0.25,2,164.664557
5.75,14,164.700244
13.25,29,164.794856
15.5,26,164.871153
11.5,23,164.927933
0.75,1,164.930749
6.75,16,164.975389
5.25,10,165.003054
8.75,20,165.053571
10.0,29,165.124928
5.75,13,165.1585
-0.25,2,165.163888
1.25,5,165.177674
-1.25,1,165.180454
-2.75,3,165.188045
-0.25,2,165.193419
11.25,19,165.239735
8.75,20,165.288282
2.25,7,165.307754
0.75,1,165.310706
4.75,12,165.341817
4.25,11,165.371371
4.75,12,165.401828
-1.25,1,165.40496
4.25,11,165.438302
6.5,13,165.476855
-0.75,1,165.480438
12.5,19,165.53233
0.25,4,165.543609
-2.0,14,166.013708
-0.75,4,166.025488
1.25,5,166.039023
2.75,7,166.057333
5.75,20,166.110345
0.25,3,166.118557
-2.25,4,166.129625
0.75,1,166.132685
-0.75,1,166.135673
1.75,6,166.152029
0.25,3,166.160465
4.0,26,166.228228
0.25,3,166.237346
-0.75,1,166.240418
2.75,5,166.253304
1.75,6,166.268567
1.75,6,166.283468
3.25,9,166.306277
-7.25,9,166.328553
0.25,3,166.33586
0.25,3,166.343518
13.0,24,166.405502
4.75,9,166.429581
1.75,6,166.445034
8.75,20,166.49453
-2.25,4,166.50478
8.75,12,166.5342
3.75,10,166.560055
8.5,17,166.605553
10.5,19,166.653961
-17.75,24,166.714495
13.75,24,166.780245
4.75,13,166.812465
-0.25,2,166.817782
2.25,4,166.827879
6.0,18,166.871227
2.75,5,166.883896
1.25,5,166.897307
0.75,1,166.900335
5.5,29,166.986712
2.25,7,167.004065
-0.25,2,167.009359
-2.0,26,167.072168
3.25,10,167.098621
-0.25,2,167.104058
1.75,5,167.11705
-5.75,6,167.13252
-1.25,3,167.140541
5.25,13,167.172684
-2.25,4,167.18373
5.75,14,167.221641
3.75,6,167.236173
0.75,4,167.245721
-1.25,3,167.253032
5.75,11,167.281219
0.25,3,167.289629
-0.25,2,167.295575
8.5,17,167.337971
-0.25,2,167.671671
0.75,1,167.674711
-0.75,1,167.677306
-0.25,2,167.682586
1.75,6,167.698198
9.5,19,167.746017
0.25,3,167.754071
0.25,3,167.763105
-18.5,32,167.847413
-2.25,13,167.880275
0.75,1,167.883041
-0.25,2,167.88866
0.25,4,167.899566
-0.25,2,167.907629
-0.75,1,167.91099
6.75,28,167.981873
3.25,9,168.007863
-0.75,1,168.010899
2.25,7,168.028935
2.75,8,168.049477
-0.25,2,168.054717
-5.25,7,168.072486
-0.75,1,168.075336
-2.25,4,168.085655
-0.75,1,168.088546
0.25,3,168.096616
3.75,10,168.121464
-0.25,2,168.126785
-2.25,4,168.137471
-1.25,1,168.1403
4.25,9,168.164723
6.0,12,168.1966
4.75,7,168.214983
-0.75,1,168.21789
-0.25,2,168.224408
0.75,1,168.22776
5.75,12,168.258275
-1.25,1,168.261062
-0.25,2,168.266424
-0.75,1,168.269161
8.0,15,168.305672
0.75,1,168.308481
10.75,22,168.366718
-3.25,5,168.380001
-0.25,2,168.384844
4.0,29,168.459816
-0.25,2,168.464751
0.25,3,168.472116
-5.25,7,168.489871
-2.25,4,168.500345
-19.75,20,168.556712
-1.25,9,168.579839
-1.25,3,168.587218
12.5,25,168.649746
10.0,20,168.700635
6.25,15,168.74052
-0.25,2,168.745766
-0.25,2,168.754588
5.25,11,168.785519
0.25,3,168.793307
0.75,3,168.800871
9.75,16,168.839763
-1.25,3,168.847666
-0.25,2,168.853003
3.25,9,168.877736
-0.25,2,168.883517
-1.25,3,168.892012
6.75,16,168.935541
-0.25,2,168.94102
8.25,17,168.986088
-0.25,2,168.99227
-12.25,14,169.391473
-0.25,2,169.396853
1.25,5,169.410774
3.75,11,169.441787
-10.25,12,169.476331
11.5,23,169.536641
3.25,9,169.561725
-5.25,16,169.602334
8.75,20,169.65212
0.75,1,169.654847
2.25,19,169.703118
-4.25,6,169.720527
2.25,7,169.741236
8.0,16,169.783387
1.25,5,169.797178
-0.25,2,169.803546
6.75,16,169.843619
0.75,4,169.858655
1.25,5,169.870999
-0.25,2,169.876562
-0.25,14,169.914581
0.25,3,169.922821
-0.75,1,169.925708
-8.75,17,169.968263
0.25,3,169.976027
-0.75,1,169.978901
-0.75,1,169.981877
-0.25,2,169.987503
0.75,1,169.990377
0.75,4,170.000686
8.25,17,170.044444
0.25,3,170.052456
10.25,15,170.089833
11.5,29,170.163376
1.25,5,170.176122
9.5,16,170.21741
10.5,21,170.275845
4.75,12,170.307722
-0.75,1,170.310659
10.0,20,170.372411
0.75,1,170.377266
5.75,14,170.42424
1.75,6,170.449775
-1.25,1,170.454296
-13.25,15,170.506418
-0.75,1,170.510745
0.75,1,170.515294
0.25,3,170.534657
6.25,11,170.572993
-1.25,3,170.581347
-0.25,2,170.587087
-1.25,3,170.595678
0.75,1,170.599272
2.5,20,170.655833
5.75,14,170.699646
5.25,13,170.738467
11.5,23,170.806441
-0.75,1,170.809699
2.75,8,170.830488
-0.75,1,171.146466
-0.75,1,171.149617
-0.75,1,171.152851
3.75,11,171.181304
-0.25,2,171.186357
-0.75,1,171.189165
-0.25,2,171.194523
0.25,3,171.20186
3.75,7,171.218863
-6.0,18,171.263871
0.75,1,171.26667
-16.75,20,171.314674
4.75,10,171.339679
5.75,8,171.359152
0.75,4,171.369365
-0.75,1,171.371869
3.25,9,171.393723
0.75,3,171.401342
7.25,17,171.44366
10.0,14,171.478323
4.75,12,171.507433
8.0,16,171.552344
1.25,5,171.56606
-2.75,6,171.581888
-1.25,3,171.589566
5.75,14,171.623648
2.25,7,171.642434
-0.75,1,171.645246
-19.25,21,171.697033
-0.25,2,171.702007
0.75,1,171.704537
-0.25,2,171.70972
-13.75,14,171.745311
12.75,25,171.808534
-0.25,2,171.813743
2.75,8,171.833508
0.75,1,171.836139
-0.75,1,171.838896
-0.75,1,171.841639
-0.25,2,171.846801
-0.75,1,171.849368
1.25,5,171.861161
-0.25,2,171.866545
7.25,17,171.914185
-0.25,2,171.921528
0.75,4,171.932392
0.75,1,171.935135
-0.25,2,171.940161
0.25,3,171.947434
9.0,18,171.990267
2.75,8,172.010381
3.25,9,172.032195
-0.75,1,172.035047
9.5,19,172.082173
0.25,3,172.089522
5.0,16,172.127892
-0.25,2,172.132958
6.75,16,172.171698
8.25,19,172.221257
-0.25,2,172.226556
-0.25,2,172.231824
3.75,4,172.24172
-0.75,1,172.244584
-0.75,1,172.247595
1.25,5,172.260251
-0.25,2,172.265424
3.25,9,172.287656
3.75,7,172.306811
-0.25,2,172.314425
-0.25,2,172.321951
0.75,1,172.326553
0.75,1,172.330455
4.75,12,172.379591
0.75,1,172.384044
7.25,11,172.426008
-0.75,1,172.431263
-0.25,2,172.437803
13.5,27,172.846485
0.75,1,172.850792
14.25,31,172.93711
-0.25,2,172.942511
1.75,6,172.957449
3.25,9,172.979375
4.75,8,172.999692
-2.75,7,173.017427
0.25,3,173.025229
-4.25,6,173.040721
0.25,3,173.048265
-0.25,2,173.053497
7.75,18,173.098555
1.75,6,173.113851
-4.25,6,173.128561
-7.75,20,173.181861
1.75,6,173.197635
3.25,9,173.220611
-0.75,1,173.223419
2.25,7,173.240966
0.75,1,173.244033
-0.25,2,173.250244
-0.25,2,173.255587
4.75,14,173.290329
4.75,12,173.320436
0.25,3,173.327801
3.25,9,173.349768
-2.25,4,173.360183
9.25,19,173.406473
0.75,1,173.409277
-0.75,1,173.412151
2.75,6,173.432139
2.75,7,173.450517
-1.25,3,173.458507
0.75,4,173.469036
-3.25,15,173.506106
3.25,9,173.52787
-0.75,1,173.530928
8.25,19,173.578588
-0.75,1,173.58126
6.25,15,173.620554
-0.25,2,173.625892
-0.75,1,173.628658
-0.75,1,173.631248
5.75,14,173.668486
-1.25,3,173.677156
-0.25,2,173.682343
-12.25,20,173.733831
-2.75,3,173.741545
9.25,16,173.782105
1.25,5,173.795573
-5.25,7,173.81405
1.75,18,173.859368
0.25,4,173.869602
4.25,9,173.90004
-5.25,7,173.932096
2.25,6,173.962708
13.5,33,174.093406
-1.75,11,174.123161
-0.25,2,174.129239
7.25,15,174.169924
0.25,3,174.177742
11.25,25,174.566827
15.5,31,174.64521
-2.25,4,174.655019
-1.25,1,174.657629
2.75,5,174.66993
-1.25,3,174.678296
8.25,13,174.712518
-0.25,2,174.717831
3.25,9,174.739902
0.75,1,174.742638
6.5,13,174.791854
-0.25,2,174.797335
-0.75,1,174.80035
10.75,17,174.850337
-0.25,2,174.85608
4.75,12,174.886143
-0.25,2,174.891418
-19.25,21,174.945839
0.75,4,174.956585
6.25,15,174.99308
8.25,19,175.040155
-0.25,2,175.045372
-0.25,2,175.050495
4.75,12,175.081044
3.75,11,175.108898
0.25,3,175.116693
9.0,18,175.161603
8.75,15,175.19822
2.75,7,175.215693
-1.25,3,175.223543
-0.25,2,175.228699
11.5,18,175.276419
12.75,18,175.323929
-0.75,1,175.326699
0.75,4,175.336804
12.5,22,175.391289
0.75,1,175.393996
-0.75,1,175.396749
4.75,13,175.42949
0.75,4,175.439781
0.75,1,175.44249
-3.75,4,175.452925
1.25,5,175.464798
-9.75,13,175.497035
5.75,14,175.531626
9.75,20,175.581684
0.75,1,175.584546
-2.25,4,175.596771
4.25,11,175.651387
3.75,22,175.711372
4.75,10,175.739246
-3.75,7,175.760167
-1.25,3,175.768291
-3.5,23,175.827897
6.25,15,175.867422
6.75,16,175.920001
-0.75,1,175.922763
0.75,19,176.385459
-0.25,2,176.390572
0.75,1,176.393384
-0.25,2,176.398598
1.25,5,176.411718
1.25,5,176.424955
0.25,3,176.433585
-1.25,3,176.441803
9.25,20,176.496306
2.0,16,176.550278
7.0,14,176.585842
6.75,16,176.626991
6.75,16,176.668944
6.25,16,176.710937
0.25,4,176.72315
-0.75,1,176.726204
-0.25,2,176.732376
8.0,16,176.778199
1.25,6,176.801773
5.25,14,176.849074
-0.25,2,176.855006
3.25,7,176.874345
-13.75,14,176.912624
-0.75,1,176.9155
2.25,7,176.934132
-6.25,8,176.955867
-0.25,2,176.961396
3.75,10,176.98785
-0.25,2,176.993411
0.5,16,177.038178
0.75,1,177.041134
9.0,18,177.088803
0.75,4,177.098614
3.75,10,177.122517
-0.25,2,177.127951
6.25,15,177.166213
-0.25,2,177.171375
-0.25,2,177.17668
-0.25,2,177.182104
-11.25,14,177.219711
-1.25,1,177.222573
7.0,14,177.25778
10.75,24,177.328024
-0.25,2,177.334086
-0.75,1,177.337216
-0.75,1,177.340278
5.75,14,177.374743
7.0,14,177.410024
-17.25,19,177.461386
0.75,1,177.464375
10.5,12,177.500843
9.0,18,177.56456
4.25,11,177.607091
7.25,14,177.65298
-0.25,2,177.659122
-1.25,3,177.667536
3.75,6,177.683553
-2.25,4,177.694017
3.75,10,177.719984
-0.25,2,177.72534
7.75,18,177.77324
-0.75,1,177.776016
-0.75,1,177.778883
12.75,26,178.214141
6.25,15,178.269629
4.5,18,178.315235
-16.0,16,178.355117
-1.25,3,178.362658
4.25,20,178.412423
13.0,21,178.482829
-0.75,1,178.488444
7.75,24,178.549541
-0.25,2,178.554732
1.75,6,178.569746
6.25,21,178.623997
1.0,20,178.675852
-1.25,6,178.696874
-1.25,3,178.706714
10.25,22,178.788018
0.75,1,178.792269
-1.25,3,178.803858
12.25,22,178.881001
-0.25,2,178.886759
-0.25,2,178.89233
7.75,19,178.942582
-0.75,1,178.945329
13.25,28,179.014978
0.75,1,179.017746
-4.25,6,179.032656
14.75,32,179.123551
2.75,6,179.138778
0.75,3,179.146554
11.0,22,179.203967
-0.25,2,179.209956
-0.75,1,179.212869
1.75,6,179.227861
9.25,21,179.296246
6.75,17,179.360691
0.75,3,179.37269
2.75,8,179.399033
5.25,13,179.436784
5.75,14,179.476968
7.0,14,179.515751
9.75,12,179.54527
0.25,3,179.553171
-1.25,1,179.556131
-0.25,2,179.561649
-1.25,18,179.608691
-0.75,1,179.611988
6.25,13,180.114446
-5.75,6,180.130561
0.75,1,180.1332
-0.25,2,180.138469
3.5,25,180.202124
3.75,6,180.217746
1.75,6,180.242671
6.75,16,180.288047
0.75,4,180.300109
7.5,15,180.338635
18.5,32,180.427851
0.25,3,180.436752
-0.75,1,180.440196
12.5,25,180.527129
-7.75,8,180.55503
-0.75,1,180.558707
-0.25,2,180.565593
12.25,24,180.634851
6.75,14,180.675741
6.25,15,180.727431
0.25,3,180.736982
6.75,25,180.807897
1.25,5,180.82175
12.75,27,180.895007
-0.25,2,180.900206
7.0,14,180.938184
-0.25,2,180.943577
1.75,7,180.96128
0.75,4,180.971488
-0.25,2,180.97696
12.5,25,181.050295
5.25,13,181.085057
20.0,26,181.158013
-1.25,3,181.166823
7.75,16,181.212144
-0.75,1,181.214984
-0.75,1,181.218065
-0.75,1,181.221169
1.25,5,181.23542
-0.5,14,181.279666
-0.25,2,181.286188
10.5,21,181.364331
9.5,19,181.41957
2.75,8,181.440651
-0.75,1,181.443661
12.5,25,181.509932
3.75,6,181.53078
1.25,5,181.544982
3.75,9,181.572406
-25.25,42,182.13929
-9.0,24,182.222161
0.25,3,182.230598
2.75,8,182.250742
4.25,15,182.289029
-0.75,1,182.291721
1.75,3,182.299813
-0.25,2,182.305008
-0.25,17,182.35435
6.75,13,182.389422
-4.25,6,182.407098
0.25,3,182.416775
5.25,13,182.459258
6.5,13,182.505617
1.25,14,182.548755
1.25,5,182.56317
-0.25,2,182.568617
-0.25,2,182.574031
6.0,24,182.636711
4.75,10,182.662835
7.25,23,182.721272
30.25,36,182.82499
0.75,20,182.876381
5.0,19,182.931631
8.0,16,182.986363
4.25,11,183.031639
7.0,14,183.088181
3.25,9,183.115324
0.75,1,183.118235
-0.25,2,183.123867
5.25,13,183.157029
12.5,22,183.21369
3.75,11,183.241575
9.75,22,183.297593
12.5,25,183.372951
-0.25,2,183.379017
9.0,18,183.427232
10.25,17,183.472454
10.0,22,183.535012
2.25,7,183.911299
-7.75,20,183.965668
10.0,19,184.049904
-2.75,12,184.116462
5.25,13,184.181191
-9.25,16,184.226395
9.5,31,184.308216
-0.75,1,184.311167
1.75,6,184.327653
0.75,1,184.331469
-5.0,29,184.424427
-9.5,14,184.487889
7.75,18,184.555387
-3.5,26,184.622525
-0.25,2,184.628054
10.5,21,184.685674
13.0,26,184.763371
8.0,16,184.804116
-11.25,13,184.83994
-0.25,2,184.845454
0.75,1,184.848253
2.75,7,184.86608
-5.5,19,184.920814
-0.75,1,184.924759
0.75,1,184.928603
2.25,7,184.951662
-1.25,1,184.955869
-2.25,13,185.003707
16.0,24,185.084555
-6.25,8,185.105156
8.25,18,185.149703
13.25,27,185.217349
11.75,21,185.268615
4.25,11,185.295922
13.75,23,185.368353
0.25,3,185.376399
-20.25,26,185.448686
-3.25,11,185.891266
-0.75,1,185.896261
0.75,4,185.911752
0.25,3,185.921194
6.25,11,185.955283
6.0,12,185.985077
5.75,14,186.021064
-0.25,2,186.026991
10.5,16,186.069284
14.5,24,186.157234
13.0,18,186.227724
5.25,13,186.273493
-7.25,12,186.306688
-4.25,6,186.321972
0.25,3,186.330054
-0.25,2,186.335403
7.5,15,186.373128
11.75,26,186.438364
-2.25,4,186.448564
5.75,14,186.483816
4.75,30,186.569368
-0.75,1,186.572413
3.25,15,186.612971
13.5,20,186.664684
-5.75,12,186.700144
0.75,3,186.709379
9.0,18,186.768183
7.75,18,186.830145
-3.25,5,186.84521
0.75,4,186.856311
2.25,5,186.870015
7.75,18,186.918234
-5.25,7,186.936268
0.75,1,186.939202
5.75,14,186.974635
12.0,24,187.034366
1.25,5,187.046814
-0.25,2,187.052116
7.75,17,187.103889
0.25,3,187.111489
5.25,13,187.146018
-0.75,1,187.148895
4.25,8,187.169358
-0.25,2,187.174548
-4.25,6,187.189841
9.75,21,187.249473
4.75,12,187.286437
0.25,3,187.300696
9.0,18,187.384856
6.0,21,187.802066
14.25,20,187.851874
2.75,8,187.872663
5.25,13,187.922367
6.0,21,187.976837
-16.5,21,188.031025
-0.75,1,188.034094
-10.25,12,188.065736
13.0,19,188.130659
8.0,16,188.19795
13.25,35,188.347334
-0.25,2,188.352886
5.75,14,188.389102
-1.25,3,188.396976
3.0,15,188.435838
6.25,13,188.468411
-2.75,9,188.491525
-10.0,28,188.560223
2.5,20,188.611419
8.0,16,188.674961
2.25,7,188.71233
-8.25,13,188.747458
2.25,4,188.759796
-0.25,2,188.765695
4.75,12,188.796067
1.75,4,188.806028
10.25,23,188.865177
-6.25,11,188.892735
12.0,16,188.933638
2.75,8,188.954045
10.75,27,189.019553
-1.25,3,189.027078
4.75,12,189.056139
2.25,7,189.076262
-0.25,2,189.081817
19.0,27,189.151116
26.75,38,189.71737
-5.5,19,189.796386
-1.25,1,189.802963
9.25,21,189.929323
5.25,13,190.001583
0.75,1,190.009081
21.5,34,190.116848
0.75,4,190.127732
0.75,10,190.17108
-0.75,1,190.176394
-1.25,3,190.198646
2.25,13,190.263067
-2.5,19,190.352185
10.0,20,190.466371
14.0,28,190.587664
9.5,19,190.668258
-0.75,1,190.673262
2.25,7,190.705111
15.0,28,190.862899
10.25,18,190.969099
0.5,16,191.034671
-9.25,11,191.080259
13.5,24,191.173145
-0.75,13,191.228045
17.0,31,191.339873
8.75,20,191.417768
3.25,5,191.435506
0.75,4,191.448417
-5.25,19,191.529148
-1.25,1,191.535124
0.75,4,191.556429
-7.25,21,191.652717
9.0,18,191.735411
-2.25,4,191.752807
-5.25,7,191.787645
6.75,16,191.86274
0.25,3,191.874851
7.5,18,191.979337
-12.25,14,192.568134
0.25,3,192.586599
11.5,18,192.700587
17.0,34,192.85463
-0.75,1,192.861378
11.5,21,192.953406
-7.25,12,192.990878
-0.75,1,192.993843
1.75,5,193.007904
1.25,5,193.026372
7.75,13,193.070649
-11.75,15,193.117413
2.75,5,193.135564
1.75,6,193.155068
4.5,18,193.211462
-5.5,13,193.251165
0.25,3,193.259817
4.75,12,193.300943
-0.75,1,193.305529
-1.25,3,193.315426
8.5,17,193.366848
2.75,14,193.414059
10.5,17,193.472765
0.75,1,193.476785
11.0,16,193.525257
9.0,18,193.589188
16.0,24,193.666657
4.5,15,193.711289
-1.25,3,193.722694
-10.5,15,193.773255
-11.25,13,193.817081
-6.25,17,193.868134
6.75,13,193.917509
-0.25,2,193.924393
7.75,18,193.997965
4.25,11,194.042661
0.75,1,194.047603
-11.0,23,194.1339
0.75,1,194.137866
25.0,39,194.287648
-0.25,2,194.296177
-11.0,23,194.37133
4.75,7,194.39484
9.0,18,194.992831
4.75,12,195.035874
-11.0,29,195.142754
0.25,3,195.151669
11.25,23,195.22937
10.0,16,195.282811
-1.25,3,195.294438
5.25,13,195.340807
-0.25,2,195.348864
9.5,19,195.41796
2.75,8,195.447125
16.0,41,195.591858
6.5,13,195.637262
7.0,14,195.684688
5.25,14,195.751277
0.75,3,195.76499
-0.25,2,195.772599
8.0,19,195.840646
-2.25,4,195.853021
-7.25,12,195.888668
-3.25,5,195.908042
-1.25,1,195.914235
-0.75,4,195.928456
2.25,7,195.953624
-2.25,10,195.981802
-1.25,3,195.990356
-1.75,5,196.00836
11.5,22,196.080604
2.75,6,196.104699
11.5,23,196.194263
-0.25,2,196.203715
-2.25,4,196.218169
4.75,12,196.256719
0.75,1,196.260901
0.75,1,196.265566
8.5,17,196.332682
7.5,15,196.388618
0.75,4,196.404284
1.25,3,196.41653
4.75,12,196.463385
9.75,19,196.536587
-0.25,2,196.547522
2.25,13,196.601262
-1.25,3,196.610767
5.75,14,196.664082
5.75,23,196.746106
-3.25,5,196.768551
-0.75,1,196.772573
-0.25,2,196.779541
9.5,19,197.493972
-0.75,1,197.499808
-1.25,1,197.505971
-0.75,1,197.512196
5.0,16,197.599045
11.5,23,197.702196
0.25,3,197.720756
-0.75,7,197.768552
-0.75,1,197.776871
-12.5,17,197.858297
-0.25,2,197.871778
11.0,22,197.958632
-2.25,4,197.971056
14.5,26,198.057761
2.25,13,198.104011
0.25,3,198.114424
12.0,24,198.200503
-8.0,17,198.263489
8.75,20,198.333599
2.75,8,198.364585
-0.25,2,198.371767
-8.5,16,198.429076
11.25,25,198.52499
8.5,20,198.612519
-2.25,4,198.632614
11.0,20,198.722878
-1.25,3,198.736588
-0.75,1,198.741205
5.5,17,198.818672
-0.25,2,198.827681
12.0,19,198.888591
3.0,18,198.94166
1.75,6,198.958599
1.75,6,198.974693
5.0,16,199.016289
18.0,18,199.061716
11.0,16,199.10253
-9.5,17,199.14837
19.0,33,199.239867
8.25,12,199.273005
8.75,20,199.329875
6.25,15,199.747318
7.5,15,199.795084
4.75,10,199.828224
10.5,21,199.893374
1.25,5,199.906948
1.25,4,199.920683
0.75,1,199.923841
-1.25,3,199.932455
-6.5,20,199.987934
0.25,3,199.996988
9.0,18,200.048049
-5.5,28,200.121929
9.5,19,200.170889
-4.25,6,200.187215
9.5,18,200.23179
-5.25,19,200.279219
8.25,19,200.325841
1.25,5,200.338683
-13.0,13,200.371556
14.0,21,200.425512
7.25,14,200.463412
-2.25,4,200.473904
12.75,23,200.530512
11.25,14,200.565183
-1.75,5,200.578348
3.75,10,200.602255
11.25,15,200.639341
8.5,17,200.679546
6.5,13,200.713786
13.0,16,200.753421
0.75,1,200.756459
-0.25,2,200.761663
-0.25,2,200.766948
6.5,19,200.813535
4.25,8,200.835504
0.75,3,200.843257
11.0,15,200.878814
-0.75,10,200.904137
10.25,23,200.963236
-1.75,5,200.975924
7.25,10,201.001886
0.75,5,201.015489
-0.25,2,201.022139
3.5,28,201.437134
2.25,13,201.469393
11.0,22,201.524508
-0.25,2,201.529804
9.5,17,201.572876
10.0,20,201.623204
-13.0,13,201.656196
-6.5,14,201.692167
6.5,13,201.72464
5.25,14,201.760055
-2.25,4,201.770946
-4.25,6,201.787082
12.5,22,201.841537
13.5,33,201.923086
-28.5,33,202.002218
1.75,6,202.016873
-1.25,3,202.024491
0.75,4,202.035368
9.0,18,202.081175
-12.5,35,202.169346
-11.25,13,202.202529
7.75,18,202.247701
-14.25,16,202.286588
-2.25,4,202.295923
2.75,8,202.316
1.25,5,202.327829
16.5,23,202.383679
-2.25,4,202.393629
1.75,4,202.403904
1.75,6,202.417971
9.0,27,202.481767
17.0,30,202.569709
10.5,21,202.649268
-0.25,2,202.656991
7.75,18,202.723827
9.5,25,203.236756
-0.25,2,203.245577
-0.25,2,203.256667
12.25,15,203.298697
6.25,18,203.349813
16.5,18,203.400229
0.25,4,203.410994
-0.75,1,203.41401
10.75,14,203.459268
3.75,7,203.483206
0.75,1,203.48782
0.25,3,203.499658
0.75,3,203.510232
-1.25,3,203.520354
0.75,1,203.524513
13.5,27,203.599829
4.25,11,203.627718
8.0,16,203.669197
8.75,20,203.719771
-0.75,1,203.72268
1.5,18,203.769326
9.75,14,203.806346
0.75,1,203.809276
0.75,1,203.81198
2.25,7,203.829832
0.25,3,203.837625
1.5,18,203.884234
-0.75,1,203.887166
5.5,17,203.93679
12.5,25,204.008901
-0.25,2,204.014798
5.0,16,204.059745
-4.25,9,204.082603
-0.25,2,204.087713
-2.75,3,204.095342
6.5,13,204.129447
-0.75,1,204.132338
7.0,17,204.177847
-0.75,1,204.18062
3.25,7,204.197263
8.75,19,204.243937
4.25,12,204.283826
-0.25,2,204.289331
-0.25,2,204.294658
0.75,1,204.297218
-0.25,2,204.302733
0.75,1,204.305525
-1.25,3,204.314117
-8.75,15,204.353122
12.25,27,204.439119
-0.75,1,204.44243
-0.75,1,204.445537
-0.25,2,204.451789
0.25,3,204.460139
0.75,4,204.470768
6.5,13,204.506397
0.75,1,204.509513
0.75,1,204.513542
0.75,1,204.516657
0.75,1,204.519883
3.75,10,204.545728
5.5,17,204.590085
-1.25,3,204.598952
7.75,15,204.966994
0.75,4,204.976712
-0.75,1,204.979635
2.75,14,205.015964
7.0,14,205.052975
-0.25,2,205.05941
-0.25,2,205.064923
-0.75,1,205.067772
5.75,14,205.103845
-6.5,20,205.16278
4.25,11,205.196126
7.25,17,205.244215
-1.25,3,205.252033
2.25,4,205.262304
0.75,1,205.265311
0.25,3,205.27353
-0.75,1,205.276647
1.25,5,205.290888
0.25,3,205.298954
-6.75,22,205.350898
-0.75,1,205.353726
17.75,20,205.404453
-0.25,2,205.409749
-3.0,24,205.472437
-0.25,2,205.478196
-0.75,1,205.481262
2.25,7,205.500874
7.75,24,205.563286
0.25,3,205.572515
9.5,19,205.625238
6.75,16,205.66477
7.75,17,205.704611
0.25,3,205.712281
-0.25,2,205.718203
0.75,1,205.721261
-6.75,13,205.755363
1.25,3,205.769314
0.25,3,205.781186
7.5,15,205.822772
-0.25,2,205.830414
2.25,19,205.888261
15.0,30,205.975886
-2.25,4,205.986374
-2.25,4,205.996655
13.5,27,206.06631
1.75,6,206.081641
8.0,16,206.128869
7.75,18,206.184605
-14.25,16,206.23907
8.0,16,206.286966
10.25,23,206.345287
-2.25,4,206.355604
0.75,1,206.358141
4.75,12,206.73983
-0.25,2,206.745276
-0.25,2,206.750848
0.25,3,206.760124
-0.25,2,206.766407
4.0,29,206.847047
9.5,34,206.941496
-0.75,1,206.944617
-0.75,1,206.947787
7.0,17,206.99929
12.5,25,207.069424
-2.25,4,207.082457
11.5,26,207.147423
2.75,5,207.160192
-0.25,2,207.165635
8.75,20,207.21793
-1.25,3,207.225749
-0.25,2,207.231098
7.25,11,207.258935
1.0,19,207.308574
-3.25,5,207.32188
-2.75,3,207.329819
0.25,3,207.337551
12.5,24,207.408141
12.25,26,207.479752
1.75,6,207.495641
0.75,3,207.504177
1.25,5,207.5182
-0.25,2,207.523627
1.75,6,207.539498
-2.0,20,207.600214
7.25,17,207.650192
-0.25,5,207.665227
1.25,17,207.708655
0.75,1,207.711723
-5.25,10,207.737142
12.5,24,207.797725
8.5,17,207.838871
5.25,12,207.86846
13.75,24,207.928268
3.0,33,208.009974
-1.25,1,208.012552
-0.25,2,208.017707
16.0,32,208.097443
7.75,18,208.462394
2.25,7,208.479569
1.75,6,208.49486
8.0,26,208.561593
13.5,19,208.608951
3.75,10,208.635922
6.25,12,208.66607
7.75,30,208.743645
21.0,48,208.86303
-0.25,2,208.868473
6.75,9,208.890941
10.0,17,208.937775
-0.25,2,208.943859
8.5,17,208.992936
9.5,19,209.039145
-0.25,2,209.04423
16.0,24,209.103432
-0.75,1,209.10608
4.25,8,209.125458
7.5,15,209.163438
-0.25,2,209.168947
4.0,23,209.228416
-13.75,14,209.26093
-2.25,4,209.269679
6.75,12,209.299384
5.75,14,209.338398
13.5,30,209.410851
-0.25,2,209.416229
-1.25,1,209.419024
4.0,23,209.479983
6.75,19,209.526536
4.75,12,209.556525
19.0,28,209.624095
2.25,16,209.663982
16.5,27,210.057801
0.75,4,210.068222
1.75,3,210.075569
9.25,21,210.125942
0.75,3,210.133875
0.75,4,210.143532
3.75,10,210.16833
10.5,20,210.217532
16.0,30,210.295152
-0.25,6,210.31095
5.75,14,210.34852
-1.25,18,210.393846
-0.75,1,210.396727
-3.25,5,210.409849
7.25,17,210.452615
-3.25,5,210.465175
10.0,20,210.513879
-0.25,2,210.519278
10.5,21,210.572096
14.75,41,210.675758
-1.25,1,210.678438
9.75,22,210.731573
9.5,18,210.779083
3.75,7,210.797547
9.0,18,210.845562
12.5,25,210.917762
-3.75,4,210.929018
0.75,4,210.93914
6.0,12,210.970923
4.75,13,211.009669
15.5,31,211.105314
0.25,3,211.115122
6.75,14,211.154171
10.5,19,211.205824
0.75,13,211.243532
0.25,3,211.253028
-3.75,19,211.302173
-17.25,19,211.35366
0.25,3,211.361534
2.5,20,211.73735
-0.25,2,211.742555
-0.25,2,211.747762
-0.75,1,211.750478
13.0,16,211.795489
-0.75,1,211.798621
-0.25,2,211.804604
12.5,24,211.866921
9.75,21,211.934062
6.5,19,211.991576
6.75,16,212.03402
-0.25,2,212.039444
-0.75,1,212.042437
-0.25,2,212.048069
7.25,17,212.092377
-0.25,2,212.098348
15.0,21,212.156961
18.5,22,212.219338
-0.25,2,212.225722
-1.25,15,212.266804
-4.25,6,212.281767
-0.75,1,212.284764
7.0,14,212.319616
0.25,6,212.336435
9.75,22,212.392608
-0.25,2,212.397937
9.5,19,212.449718
6.0,12,212.480357
-0.75,1,212.483092
8.75,20,212.530672
-0.25,2,212.5357
-2.25,4,212.546305
3.75,10,212.571232
14.0,16,212.61036
9.0,18,212.655001
-9.25,17,212.698025
7.25,17,212.739864
6.0,12,212.774606
5.0,13,212.809077
11.0,22,212.861488
9.5,19,212.91034
-6.25,8,212.932432
1.0,17,212.974307
8.25,19,213.026354
-10.75,20,213.081638
4.25,11,213.475236
12.5,25,213.546522
11.25,31,213.631061
0.75,5,213.644565
8.5,13,213.679245
9.0,18,213.746054
-11.25,13,213.79143
6.5,13,213.832095
-7.25,9,213.860198
9.75,15,213.90569
18.25,30,213.981156
-0.25,2,213.986521
10.5,18,214.030467
8.0,14,214.065023
9.5,18,214.109713
12.5,25,214.170892
-7.75,14,214.205358
-10.5,37,214.297113
10.5,30,214.370637
2.25,7,214.387866
-1.25,3,214.395407
2.25,19,214.442795
4.25,17,214.48474
5.5,23,214.540373
5.75,14,214.57703
4.75,12,214.607411
10.5,21,214.658477
-2.75,6,214.673402
0.75,7,214.690513
-1.25,3,214.697809
7.25,17,214.739705
1.75,5,214.752779
6.0,18,215.148558
-0.25,2,215.153977
-5.0,26,215.218775
-2.25,4,215.229295
14.5,24,215.292182
-14.0,14,215.331836
15.5,31,215.411151
11.75,26,215.483894
2.25,4,215.494879
-4.25,24,215.557208
9.0,18,215.60339
6.0,12,215.633275
-22.25,24,215.691182
-3.5,14,215.725648
-0.25,2,215.731024
-0.25,14,215.766988
-15.5,29,215.839431
0.5,16,215.878453
14.0,28,215.951447
-4.0,22,216.007362
-2.75,3,216.015219
9.75,12,216.049268
-0.25,2,216.05448
9.0,18,216.098346
-6.5,20,216.156133
3.0,21,216.209366
5.5,17,216.252084
5.75,10,216.277482
-9.0,21,216.328822
11.75,26,216.392154
8.75,20,216.441749
-1.25,3,216.449432
4.75,12,216.798997
0.75,3,216.808558
-0.25,2,216.814413
8.5,17,216.860934
-1.25,3,216.868746
-0.25,2,216.873902
10.5,39,216.969549
12.0,19,217.018775
9.75,20,217.070559
14.5,24,217.130554
0.75,1,217.133343
8.5,17,217.178741
3.25,15,217.217169
7.75,18,217.261735
-0.25,2,217.267349
-0.25,2,217.272608
-7.25,18,217.316882
-10.25,15,217.354291
5.75,11,217.381758
6.0,21,217.431684
-1.25,1,217.434321
0.5,16,217.473158
15.0,32,217.551572
-11.5,34,217.635476
-9.75,34,217.717855
13.25,29,217.788362
-13.0,13,217.819756
16.5,23,217.87656
10.0,20,217.927316
12.0,24,217.99139
7.5,21,218.043821
2.75,5,218.056098
-2.25,4,218.415389
4.75,9,218.453369
-0.25,2,218.461167
0.75,1,218.464809
7.25,20,218.520139
11.75,21,218.574781
1.75,7,218.593775
-0.25,2,218.599221
0.75,1,218.602517
-4.25,6,218.618866
10.5,21,218.671666
7.25,17,218.712003
3.25,9,218.734753
13.75,24,218.794191
4.25,11,218.820579
-0.75,1,218.823543
0.75,1,218.826516
0.25,3,218.835232
12.0,24,218.894046
-12.5,26,218.963431
-0.25,2,218.969282
0.25,3,218.977064
0.25,3,218.984811
10.25,17,219.025535
-0.75,1,219.028339
-0.75,1,219.031119
4.75,12,219.061938
9.75,21,219.112095
-0.25,2,219.116778
2.0,22,219.171257
10.25,23,219.225378
0.25,3,219.232925
-0.25,2,219.237798
8.0,16,219.274259
-0.75,1,219.277194
-2.25,4,219.288027
2.25,7,219.305516
-0.25,2,219.31093
-5.5,13,219.341885
-3.75,16,219.380122
7.0,13,219.411615
1.25,3,219.418862
-1.25,3,219.425965
1.25,3,219.434101
-0.25,2,219.439377
16.25,28,219.506249
0.25,3,219.514007
-0.25,2,219.51917
-1.25,1,219.521962
-0.75,1,219.525364
-0.75,1,219.52833
-0.75,1,219.531195
-0.75,1,219.534055
-0.25,2,219.539312
2.75,8,219.558896
9.75,19,219.604146
0.75,1,219.607488
0.75,1,219.610256
12.25,25,219.669305
3.75,10,219.691625
0.75,4,219.700794
0.5,16,220.102464
10.75,16,220.141859
-1.25,3,220.149224
-0.75,1,220.15203
13.75,24,220.211194
-0.75,1,220.213898
12.5,25,220.279455
-1.25,3,220.288228
13.25,26,220.357727
0.75,4,220.369274
-0.25,2,220.375242
1.25,5,220.389396
-1.0,19,220.455225
0.75,1,220.460063
0.25,3,220.473294
9.5,19,220.539875
7.25,17,220.588611
0.75,4,220.599271
6.5,15,220.642429
0.25,6,220.658106
8.75,20,220.711249
5.25,13,220.746456
0.25,4,220.757125
-0.25,2,220.763599
-0.25,2,220.773447
0.25,3,220.784647
12.5,30,220.878772
-0.75,1,220.882365
-0.75,1,220.88571
8.0,16,220.933934
10.0,19,220.988511
22.5,25,221.056976
-16.25,21,221.127605
3.75,10,221.1702
9.5,35,221.268387
-6.75,10,221.295447
5.5,20,221.345595
-13.0,13,221.37729
0.75,1,221.380154
2.25,7,221.397779
-2.25,4,221.40805
6.0,17,221.4525
-2.75,3,221.460446
-2.25,4,221.470812
8.75,20,221.522999
0.25,9,221.866622
3.75,10,221.892404
9.25,21,221.947347
-2.25,4,221.9598
1.75,6,221.98022
6.75,17,222.029657
10.25,21,222.091677
0.75,1,222.094483
11.25,23,222.175418
-0.25,2,222.188821
2.75,6,222.21072
1.25,5,222.227147
7.0,14,222.264424
3.0,24,222.330135
4.5,18,222.379477
4.25,11,222.41203
-1.25,3,222.421113
-5.5,22,222.480645
-0.75,1,222.484177
-0.75,1,222.487302
-6.25,14,222.52607
-0.75,1,222.52964
8.5,17,222.580183
8.25,19,222.630827
10.5,21,222.682675
-7.5,21,222.732615
9.25,24,222.79883
-0.75,1,222.801873
5.75,13,222.835366
-4.25,6,222.851335
7.5,15,222.891445
0.75,1,222.894183
-0.25,2,222.899457
-0.75,1,222.902236
8.25,19,222.955746
10.5,16,223.00717
-0.75,1,223.010432
6.75,11,223.038536
2.75,14,223.07479
-0.25,2,223.080775
-0.75,1,223.083635
0.75,4,223.094624
6.5,13,223.130273
-6.25,13,223.165583
8.5,17,223.21001
-0.75,1,223.213186
7.25,17,223.255156
-0.25,2,223.260454
12.0,21,223.65805
8.0,16,223.703547
-1.25,3,223.712766
2.25,7,223.734657
0.75,1,223.737699
16.5,36,223.825617
-0.25,2,223.830289
13.0,24,223.888416
11.0,22,223.943968
-2.25,4,223.954185
-0.25,2,223.959415
2.0,16,223.999689
6.0,12,224.031457
10.0,20,224.084298
9.5,19,224.133984
1.75,3,224.142118
-0.25,2,224.147735
-0.25,2,224.153543
6.5,13,224.195426
-3.5,14,224.241283
-6.5,14,224.2842
7.75,10,224.314456
14.5,29,224.391345
-0.75,1,224.39507
4.75,12,224.43459
-0.75,1,224.438227
2.75,14,224.486852
-11.25,16,224.547703
6.75,10,224.582754
-1.0,25,224.650554
-13.25,18,224.701705
-0.25,2,224.707151
7.5,15,224.754758
7.5,15,224.808281
-0.75,1,224.811779
-0.75,1,224.815251
6.25,18,224.867738
7.75,24,224.932959
6.5,13,224.967556
11.0,16,225.027983
1.75,3,225.039775
-2.25,4,225.052411
-6.25,8,225.074801
2.5,14,225.44
2.75,8,225.465524
-0.25,2,225.472388
0.75,4,225.485042
10.25,20,225.54946
1.25,5,225.567106
0.75,1,225.570199
0.25,3,225.579505
17.5,29,225.677239
0.75,4,225.686958
-15.75,19,225.734173
11.0,22,225.792667
0.75,1,225.79581
-0.75,1,225.798427
-0.25,2,225.803566
-0.75,1,225.80624
8.25,17,225.85052
-0.25,2,225.85598
5.25,13,225.890402
5.25,13,225.924854
0.75,3,225.933223
-0.25,2,225.940498
1.75,15,225.987516
0.75,1,225.991421
8.0,16,226.057306
0.25,3,226.065958
-0.75,1,226.068741
7.25,17,226.116333
14.0,28,226.191959
7.0,14,226.228566
6.75,16,226.268492
-0.75,1,226.271219
11.75,26,226.33664
6.75,16,226.37543
0.75,3,226.382676
-0.75,1,226.38527
8.25,18,226.430037
-0.25,2,226.435645
1.75,6,226.45193
-0.25,2,226.457331
-0.25,3,226.46471
7.25,17,226.506225
-0.75,1,226.509009
17.5,22,226.56344
9.0,18,226.610518
-0.25,2,226.616928
13.25,28,226.709255
9.0,18,226.760038
-0.25,2,226.771605
8.25,19,226.836066
5.25,13,226.868296
-0.25,2,226.873611
0.75,1,226.876339
-0.25,2,226.881462
10.0,22,227.316995
12.0,24,227.382634
-1.5,18,227.426017
11.0,20,227.476203
4.5,30,227.544874
-0.25,2,227.550502
-6.25,8,227.572221
9.5,19,227.618255
1.75,6,227.632865
12.5,22,227.688308
11.5,19,227.732727
-0.25,2,227.737521
12.5,23,227.795601
11.0,18,227.839333
-0.25,2,227.844289
-3.25,17,227.882619
7.5,15,227.922338
0.25,3,227.930177
16.0,24,227.989835
0.75,1,227.99279
0.75,1,227.995669
3.5,19,228.044289
11.75,21,228.097142
7.75,18,228.141605
-0.75,1,228.144368
-1.25,3,228.151944
-0.75,7,228.169477
16.5,23,228.223101
-1.25,3,228.230333
1.75,6,228.246183
8.0,16,228.286602
4.25,14,228.320563
-3.25,5,228.333269
0.75,4,228.344366
6.5,13,228.376259
-0.25,2,228.381317
7.0,13,228.413222
1.75,6,228.427156
-2.25,4,228.442434
-0.25,2,228.447816
-0.25,2,228.453875
-1.25,3,228.461407
-0.75,1,228.464118
4.75,30,228.540474
1.25,5,228.861641
0.25,3,228.869507
10.5,27,228.938699
9.0,18,228.982581
-9.5,17,229.024591
-3.25,5,229.037474
-15.5,23,229.093573
5.0,22,229.147196
-0.75,1,229.150003
10.0,23,229.206213
9.0,24,229.264959
14.0,23,229.321121
12.5,31,229.397678
4.25,12,229.427968
10.5,21,229.48655
19.0,33,229.571959
0.75,4,229.583513
6.5,13,229.616116
13.5,27,229.682005
2.25,13,229.715023
12.25,21,229.76677
-2.25,4,229.776734
-6.5,20,229.829243
0.25,3,229.837655
10.5,20,229.8894
9.0,18,229.937316
-0.25,2,229.942576
8.5,16,229.988661
8.25,19,230.053153
8.0,19,230.12712
-6.25,17,230.188022
0.75,1,230.191855
7.0,14,230.653196
5.75,14,230.705347
-0.75,1,230.708565
7.25,17,230.750813
4.25,11,230.781013
-0.25,2,230.787045
-0.75,1,230.789919
0.25,3,230.798036
1.75,3,230.806144
4.25,14,230.856013
4.25,12,230.893672
-0.25,2,230.900432
1.75,6,230.922125
0.75,1,230.926036
-0.75,1,230.929723
-0.25,2,230.936254
-7.0,19,230.985375
-0.25,2,230.991684
9.5,19,231.055541
2.75,8,231.080521
-0.25,2,231.087087
0.75,1,231.09039
6.25,15,231.154377
10.5,21,231.232337
8.25,14,231.274725
2.25,10,231.300658
-0.25,2,231.307311
8.0,16,231.35058
-0.25,2,231.356225
-0.25,13,231.399829
-0.25,2,231.407745
4.5,18,231.468776
1.25,5,231.487418
0.25,3,231.496962
4.0,20,231.553824
-1.25,1,231.557082
6.75,16,231.600389
1.75,6,231.618896
6.25,15,231.659193
4.5,15,231.702003
-0.25,2,231.708122
2.25,7,231.726536
0.75,1,231.729743
0.75,1,231.73281
13.5,27,231.805336
-17.25,19,231.858578
-0.25,2,231.865754
12.5,25,231.938895
-0.75,1,231.942017
0.25,6,231.957293
5.75,14,231.992829
-1.25,1,231.99557
6.75,16,232.033303
8.0,16,232.0742
-0.25,2,232.0793
8.5,17,232.121574
-0.75,1,232.124478
0.75,4,232.13454
2.75,5,232.147361
3.75,7,232.166269
6.0,12,232.584631
11.25,19,232.648293
-0.25,2,232.654301
4.25,12,232.689393
0.75,1,232.692754
0.25,3,232.702046
9.75,22,232.766651
3.0,21,232.848722
-0.75,13,232.885197
14.75,30,232.961617
-0.75,1,232.964604
-1.25,12,232.995048
-1.25,3,233.003137
-0.75,1,233.006272
10.25,21,233.060338
12.75,19,233.109025
2.75,8,233.133166
9.0,18,233.193225
0.75,1,233.1975
-7.75,17,233.248544
6.5,13,233.284007
-2.75,3,233.292604
-0.75,1,233.295511
-1.0,19,233.350112
6.0,12,233.385945
0.75,1,233.389037
3.75,16,233.435864
10.0,20,233.489937
9.75,14,233.530747
7.5,15,233.569781
8.0,16,233.611619
-19.0,19,233.660419
8.5,17,233.703237
2.75,5,233.717726
7.0,14,233.759438
-0.25,2,233.765444
10.5,21,233.817461
2.75,5,233.829803
9.5,19,233.876545
0.25,3,233.884369
-0.75,1,233.887206
-4.25,6,233.90273
-13.75,23,233.964839
10.75,13,234.316014
10.25,21,234.368189
0.25,3,234.376005
2.75,5,234.389747
-2.25,4,234.400051
0.75,1,234.402586
7.5,15,234.446978
-0.25,2,234.453455
10.0,20,234.511675
9.75,22,234.571376
-0.75,1,234.574064
0.25,3,234.582078
16.5,27,234.651148
5.75,16,234.691814
9.0,18,234.74147
9.5,19,234.80001
7.25,16,234.850063
-5.25,7,234.872177
-0.75,1,234.875434
1.75,3,234.884838
8.0,16,234.927819
-0.25,2,234.933174
17.25,37,235.033868
3.25,15,235.077689
-5.25,7,235.098455
1.25,16,235.142434
8.75,19,235.19152
-0.25,2,235.196728
1.75,6,235.212102
-0.75,1,235.215053
8.75,18,235.262718
1.75,6,235.280343
2.75,8,235.303994
-0.25,2,235.309993
5.25,13,235.342548
-0.75,1,235.345137
0.25,3,235.352621
-0.25,2,235.357754
5.75,14,235.391478
-0.75,1,235.394257
9.75,22,235.446545
2.75,6,235.461392
2.75,17,235.501517
-0.25,2,235.506794
0.75,3,235.514604
10.0,19,235.56176
-0.25,2,235.567356
-1.25,3,235.576122
11.5,18,235.620055
11.0,22,235.673792
4.25,11,235.99367
10.0,19,236.039059
-0.25,2,236.043795
-2.75,9,236.064354
3.75,4,236.075186
-5.75,6,236.090402
0.75,3,236.098191
-0.75,1,236.100968
-0.75,1,236.103862
0.75,1,236.106852
-0.25,2,236.112121
0.75,1,236.114726
8.0,14,236.150514
8.75,20,236.202737
18.5,37,236.295217
10.75,18,236.339137
-0.75,1,236.341893
-0.25,2,236.347074
8.25,12,236.375133
-0.25,2,236.37985
7.5,15,236.416407
8.5,20,236.464251
1.75,3,236.471262
-1.25,3,236.478151
6.75,25,236.535809
14.5,22,236.585165
9.25,14,236.616781
6.25,18,236.661438
-0.25,14,236.693758
8.25,18,236.734693
1.75,6,236.749314
-0.75,1,236.752383
1.25,5,236.76598
6.5,13,236.800312
-10.5,37,236.889489
3.75,7,236.90514
-0.25,2,236.909747
4.25,11,236.938533
7.25,15,236.974615
-1.25,3,236.981989
-25.25,27,237.0427
0.75,1,237.045274
9.0,18,237.088113
-0.25,2,237.093197
1.75,5,237.105219
0.75,4,237.115025
0.75,1,237.117756
5.75,14,237.151253
1.75,6,237.165365
-1.25,1,237.168332
7.75,14,237.207842
7.25,19,237.553148
-0.75,1,237.555984
-0.25,2,237.561065
8.25,20,237.608615
-2.75,3,237.615513
8.0,16,237.655067
-0.25,2,237.660272
2.75,8,237.680052
4.25,11,237.704959
-0.25,2,237.709825
9.0,18,237.750679
0.25,3,237.758998
-0.25,2,237.764708
6.75,16,237.803731
8.0,16,237.842104
0.25,3,237.849621
0.75,4,237.860068
6.0,18,237.903948
9.0,18,237.949041
7.75,15,237.986334
-0.75,1,237.989533
0.75,1,237.992608
-0.25,17,238.033573
-0.25,2,238.038483
2.75,7,238.055854
-6.0,15,238.090727
-0.25,2,238.095453
-12.75,13,238.124579
9.75,22,238.177809
-0.75,1,238.180584
-3.5,20,238.230882
-2.25,4,238.240892
3.5,16,238.279774
6.25,15,238.317951
-0.75,1,238.321155
0.25,3,238.329255
3.25,9,238.351736
-2.25,4,238.361921
0.25,3,238.369633
-10.0,19,238.416203
4.25,11,238.443757
10.75,24,238.501014
-0.25,2,238.506141
1.75,6,238.52129
6.75,13,238.554852
-1.25,3,238.562587
12.5,24,238.622356
-0.75,10,238.646802
-0.75,1,238.649844
6.75,16,238.689881
1.75,4,238.699353
8.5,20,238.745929
2.75,8,238.767412
3.25,18,239.116246
0.25,6,239.131296
-1.75,9,239.15384
0.75,4,239.163613
0.25,3,239.171227
-0.75,1,239.174009
3.5,22,239.22919
4.25,11,239.254508
0.75,1,239.257164
2.75,8,239.275151
2.75,5,239.287027
0.75,1,239.289727
-12.5,26,239.35433
1.25,5,239.366255
-0.75,1,239.368749
6.75,16,239.407599
-0.25,2,239.412973
9.5,25,239.472593
0.75,1,239.475084
8.25,19,239.517419
3.25,9,239.538425
0.75,4,239.549227
-0.25,2,239.554485
15.25,30,239.626074
0.25,3,239.633145
0.75,4,239.642393
2.25,7,239.660333
6.25,10,239.685392
8.0,19,239.729362
-0.75,1,239.731845
8.5,17,239.770829
-2.25,7,239.790005
14.0,24,239.850981
-0.25,2,239.856298
3.25,18,239.902553
7.75,11,239.932768
5.75,13,239.965021
-2.25,4,239.975311
0.25,6,239.990548
-0.25,2,239.995999
4.25,17,240.037667
-1.25,15,240.077487
1.25,23,240.133127
-4.25,6,240.147326
-0.25,2,240.151954
-0.75,1,240.154696
-0.75,16,240.193869
5.0,16,240.233471
2.75,7,240.250238
5.75,14,240.282724
-0.25,2,240.288058
0.25,9,240.310391
1.25,5,240.323085
3.25,21,240.691889
12.0,24,240.749026
8.5,28,240.818082
0.75,1,240.821088
2.75,8,240.840603
8.0,16,240.880427
6.75,13,240.91243
4.5,15,240.951506
-0.25,2,240.95665
13.0,17,240.998098
0.25,3,241.006024
-0.25,2,241.011763
9.25,13,241.047439
2.25,7,241.064494
3.5,16,241.10379
-8.5,16,241.143622
-1.25,1,241.146535
12.0,19,241.194017
3.25,9,241.215797
-1.25,3,241.223583
-11.5,21,241.275497
2.25,7,241.292982
17.5,32,241.374828
2.75,8,241.393423
6.75,16,241.432955
-0.25,2,241.43856
9.5,19,241.488159
-2.25,7,241.505384
-1.75,11,241.532586
11.25,25,241.59585
1.75,6,241.610991
5.25,13,241.644613
0.25,3,241.652709
0.75,1,241.65555
0.75,4,241.667041
7.75,18,241.712592
10.25,23,241.77037
13.5,30,241.844865
-3.0,18,241.891622
-4.75,14,241.932219
0.75,1,241.934985
10.5,21,242.291191
-13.75,14,242.325309
10.5,16,242.364952
21.0,31,242.438783
11.5,22,242.493635
9.5,18,242.533998
12.75,22,242.587016
6.75,16,242.624951
15.25,31,242.697603
5.0,25,242.754331
8.25,19,242.804302
16.5,27,242.872054
-0.25,2,242.877445
-0.25,2,242.882702
11.5,26,242.952692
-12.25,32,243.030744
8.0,16,243.071937
25.75,37,243.16509
5.25,10,243.190211
-0.75,1,243.193204
-0.25,2,243.199056
-0.25,2,243.204628
8.5,17,243.248166
-12.25,20,243.299546
4.75,12,243.32875
2.25,7,243.345632
2.75,8,243.366413
3.5,25,243.429186
0.25,4,243.439302
11.0,22,243.496324
4.5,15,243.844249
0.75,1,243.847068
2.25,6,243.861733
-1.25,3,243.869638
1.5,24,243.936847
-6.5,14,243.972002
8.25,19,244.02
8.0,16,244.059089
6.25,21,244.112631
-0.25,5,244.125521
6.25,15,244.161121
-0.75,1,244.163873
-0.25,2,244.168947
5.25,9,244.190932
7.0,17,244.232578
19.75,42,244.334454
4.25,11,244.36195
-0.25,2,244.367397
-5.75,15,244.4045
6.75,25,244.466602
12.0,24,244.524076
0.75,1,244.526701
14.0,24,244.5836
1.75,6,244.60018
-0.25,2,244.605676
7.5,15,244.642887
0.25,3,244.650722
10.75,33,244.735311
6.75,16,244.775431
6.5,25,244.839132
5.75,15,244.878614
0.25,3,244.886241
-0.25,2,244.891241
-1.75,8,244.912292
0.25,3,244.921884
-0.75,1,244.925265
1.75,6,244.940496
18.75,40,245.037877
-9.0,21,245.088803
1.75,15,245.443582
9.0,18,245.489838
8.0,16,245.528982
-5.25,13,245.560448
-0.25,3,245.567636
8.5,17,245.609956
-2.25,4,245.620021
1.75,12,245.64832
-0.25,2,245.653378
4.25,7,245.670628
12.0,24,245.728662
3.75,10,245.752383
3.25,9,245.774839
-2.5,19,245.823833
4.75,18,245.869067
5.75,14,245.903059
4.5,18,245.950884
-4.75,26,246.013156
10.0,19,246.057466
6.25,15,246.094229
11.0,37,246.188258
8.5,17,246.229501
-2.0,14,246.264074
-10.5,33,246.345078
8.75,13,246.378397
11.0,20,246.428889
6.75,16,246.46945
-13.0,13,246.503509
1.75,6,246.520249
0.25,3,246.527829
-0.25,2,246.533091
11.0,18,246.576607
8.25,15,246.614712
13.5,27,246.679779
10.5,16,247.038352
-10.75,32,247.117823
4.25,17,247.159447
-9.0,21,247.212127
18.0,18,247.256837
0.75,1,247.259804
11.5,18,247.305083
4.75,12,247.333871
6.75,16,247.374802
-11.25,28,247.443768
-0.25,2,247.448802
10.0,20,247.498613
18.0,34,247.583182
5.25,13,247.616552
10.5,21,247.667264
9.0,18,247.7113
9.5,14,247.750637
0.75,4,247.760664
14.0,24,247.819549
12.0,21,247.874429
8.0,15,247.911838
9.5,16,247.954527
1.0,20,248.003899
14.0,28,248.071085
-1.25,3,248.078899
-3.25,8,248.098823
-9.0,18,248.143159
0.75,4,248.153056
8.25,19,248.199304
15.0,30,248.272265
10.0,20,248.624417
0.75,4,248.63424
3.25,18,248.677575
0.75,4,248.687443
-12.5,17,248.730724
11.5,23,248.787785
12.5,24,248.845244
8.75,20,248.894466
-14.0,14,248.928597
-0.75,1,248.931179
3.75,11,248.959748
9.5,28,249.03043
12.0,21,249.079824
12.5,25,249.140999
-1.25,3,249.148198
1.0,19,249.192465
0.75,1,249.195177
3.25,27,249.259319
-4.25,6,249.274056
-0.75,1,249.276618
6.25,15,249.313976
-0.75,1,249.316739
12.25,27,249.379767
4.25,11,249.406272
10.0,22,249.461135
-4.25,6,249.476459
10.5,21,249.529977
-0.25,2,249.535813
0.25,15,249.574827
15.5,29,249.647149
10.0,21,249.699793
-0.25,2,249.705145
9.25,21,249.756306
9.25,18,249.802645
-9.75,19,249.847005
-21.0,21,250.208989
3.75,10,250.233738
-0.75,1,250.236533
5.75,11,250.263446
6.25,18,250.310181
7.75,18,250.353106
3.75,6,250.367599
0.75,3,250.374538
4.5,15,250.409749
7.75,18,250.455416
5.25,13,250.487843
9.5,18,250.535279
-0.25,2,250.540295
0.75,13,250.571962
1.25,5,250.584272
0.75,1,250.587057
0.75,1,250.589817
5.0,12,250.6206
-16.0,16,250.663616
12.0,21,250.713948
-2.25,4,250.724207
2.75,8,250.746444
2.75,7,250.767617
0.25,3,250.774953
11.5,23,250.830445
8.5,16,250.867377
6.75,13,250.897566
8.25,19,250.945295
-0.25,2,250.950096
5.75,10,250.975017
1.25,4,250.986121
-1.25,1,250.988684
-0.75,1,250.991261
6.5,13,251.024499
11.75,20,251.071424
1.75,6,251.086226
10.0,23,251.146899
3.75,8,251.170052
7.25,17,251.213172
1.75,6,251.229483
12.0,24,251.288326
-0.75,1,251.291086
8.0,14,251.326252
-13.5,21,251.380006
-0.75,1,251.38278
-4.25,9,251.406104
-11.0,23,251.789548
12.25,22,251.843143
7.25,20,251.89286
-0.75,1,251.89576
0.25,3,251.903325
10.5,22,251.962795
-2.25,4,251.9727
-1.25,9,251.995648
15.5,23,252.049957
-0.75,1,252.052604
6.75,13,252.08281
-1.25,3,252.090227
8.75,12,252.118236
1.25,5,252.130227
10.75,22,252.182971
9.5,19,252.229945
-0.25,2,252.234814
2.75,7,252.25083
6.25,12,252.279901
-1.75,23,252.3374
10.75,14,252.370928
10.25,20,252.419662
-20.25,22,252.473775
11.25,25,252.536556
-0.25,2,252.542532
0.25,3,252.55037
8.0,22,252.605892
2.5,20,252.663035
0.25,3,252.670898
1.25,14,252.706171
9.25,20,252.757945
2.25,7,252.778126
5.25,13,252.811364
0.75,1,252.814077
1.75,6,252.829701
4.0,23,252.889053
8.25,16,252.929964
10.75,24,252.988797
5.25,13,253.020843
-8.25,10,253.045836
6.75,16,253.403408
2.75,8,253.423177
6.5,13,253.457233
-0.25,2,253.462589
8.5,17,253.504319
2.25,7,253.521781
2.25,7,253.539548
3.75,10,253.567084
4.25,8,253.58659
0.75,4,253.596742
-2.25,7,253.613965
-0.25,2,253.619077
-2.25,4,253.629354
1.75,6,253.643659
29.75,47,253.757403
12.0,19,253.811408
11.25,16,253.851222
1.25,5,253.863982
16.5,23,253.926398
2.25,19,253.972433
-0.75,1,253.974864
4.75,12,254.003932
0.25,3,254.011518
6.0,12,254.040294
-10.5,15,254.075117
0.25,3,254.082217
1.25,5,254.094258
3.5,19,254.138688
2.75,8,254.157095
5.25,16,254.195309
2.75,8,254.215765
-3.75,7,254.233136
-3.5,25,254.295289
-2.25,4,254.305446
-0.25,2,254.310816
16.5,27,254.380296
-0.25,2,254.385577
-2.0,26,254.456756
9.25,21,254.510343
12.0,19,254.556569
4.75,11,254.582022
7.75,17,254.623931
1.25,5,254.636712
8.5,20,254.994978
11.5,23,255.060659
11.5,23,255.122653
7.75,10,255.147555
9.0,27,255.210659
13.5,23,255.265611
1.25,5,255.277035
-0.25,2,255.281832
-0.25,2,255.287173
0.25,3,255.294869
-0.75,1,255.297609
-0.25,2,255.30263
0.75,16,255.343182
-0.25,14,255.37732
-0.75,19,255.425685
14.0,24,255.485954
10.0,19,255.5339
0.75,1,255.53688
5.25,13,255.57145
0.25,3,255.578938
-0.25,2,255.58412
-0.25,2,255.589301
12.5,25,255.651618
12.5,17,255.694191
-8.75,9,255.716532
0.75,4,255.726932
-1.25,3,255.734337
9.75,19,255.780432
0.75,1,255.783273
4.75,7,255.802257
5.25,13,255.836017
2.75,14,255.871204
-0.25,2,255.876822
2.25,10,255.90421
-0.75,1,255.907059
1.25,5,255.922218
7.75,17,255.965176
3.75,10,255.989899
-4.0,16,256.029033
11.5,23,256.084606
8.75,20,256.135447
11.0,20,256.185695
-0.25,2,256.190754
9.75,16,256.229367
-4.25,6,256.247499
13.5,19,256.614174
4.5,18,256.658829
3.75,8,256.680396
0.25,3,256.688145
-5.25,7,256.705233
-0.75,1,256.708034
8.5,17,256.748805
2.25,6,256.763603
-8.5,16,256.808313
22.5,45,256.922418
2.25,4,256.933191
14.0,28,256.999872
2.75,8,257.021471
-13.0,13,257.053855
-1.5,18,257.098058
1.25,5,257.110459
4.75,12,257.140308
2.25,7,257.157694
6.25,15,257.197111
13.5,21,257.24859
-9.0,21,257.299858
7.75,20,257.351312
-6.0,18,257.396788
8.25,11,257.42368
-4.75,5,257.437073
-1.25,1,257.439993
7.25,17,257.485663
-2.5,28,257.554724
0.75,1,257.557528
4.5,18,257.605036
-31.0,31,257.683886
11.5,23,257.743426
3.25,9,257.765875
8.5,26,257.832224
0.25,3,257.839984
14.0,16,257.879055
2.5,17,258.238005
6.5,22,258.292619
-4.25,39,258.39013
13.5,20,258.439883
-3.25,8,258.459742
7.25,15,258.498818
-2.5,25,258.560209
10.0,20,258.610533
0.75,1,258.613238
3.5,22,258.667202
-7.5,24,258.727946
-0.75,7,258.745957
17.0,28,258.815942
-3.25,17,258.857167
-5.25,7,258.87402
0.75,4,258.885316
12.0,18,258.936488
-2.0,14,258.970347
8.75,11,258.995249
9.5,19,259.039615
7.75,18,259.083324
5.0,12,259.110314
0.75,4,259.119794
3.25,6,259.135435
-0.75,1,259.13875
0.75,1,259.141838
3.0,33,259.22192
0.25,21,259.278203
-5.25,10,259.303295
19.5,34,259.387379
-0.25,2,259.392576
0.25,4,259.402296
11.0,22,259.456415
-2.5,18,259.803776
-1.75,8,259.824314
6.5,15,259.862154
8.75,15,259.900952
-2.25,4,259.911187
20.75,44,260.022236
-4.75,5,260.034444
0.75,1,260.037173
-14.0,14,260.070094
1.75,4,260.080321
5.75,10,260.104769
7.75,18,260.148798
3.75,7,260.165287
-1.25,3,260.172762
-6.5,20,260.221727
0.25,3,260.230401
-5.25,7,260.247381
-0.75,1,260.250234
-13.75,17,260.291665
4.5,18,260.336126
-5.25,7,260.353459
3.25,7,260.371169
7.25,17,260.413121
0.75,1,260.41597
6.5,25,260.476762
2.75,8,260.497336
6.25,15,260.533164
19.0,32,260.615404
16.5,26,260.679065
8.5,15,260.716436
0.75,1,260.719345
0.75,1,260.72214
10.25,15,260.760398
6.25,15,260.799263
0.25,3,260.806927
-0.25,2,260.812292
13.25,19,260.861787
7.25,17,260.903151
11.25,14,260.939566
0.75,1,260.942792
-1.25,1,260.946168
-8.75,18,260.989318
-7.25,9,261.01113
5.75,10,261.035285
7.25,23,261.396249
0.75,1,261.398936
-11.5,19,261.444464
9.75,22,261.497431
-1.25,3,261.505154
6.25,15,261.540331
-2.25,4,261.549887
-0.25,2,261.554764
5.25,10,261.577832
9.0,18,261.6236
3.25,7,261.640508
2.25,7,261.657961
3.0,18,261.703307
10.75,20,261.752775
0.75,1,261.755509
-0.25,5,261.768598
3.75,16,261.808097
-0.75,1,261.810963
2.25,4,261.821541
-2.25,13,261.854233
12.0,21,261.904243
4.25,11,261.932425
-0.75,1,261.935121
8.5,17,261.976775
2.25,7,261.994059
-0.75,1,261.996504
-0.25,2,262.001419
1.75,6,262.015957
2.25,7,262.032414
-0.75,1,262.035229
11.75,26,262.095819
1.75,6,262.109299
0.75,1,262.111728
7.25,11,262.138029
0.75,4,262.148889
7.75,19,262.196363
4.75,12,262.226465
4.25,9,262.249014
-0.25,2,262.254065
8.75,18,262.299711
-0.75,1,262.302559
15.5,19,262.3513
-14.25,31,262.426407
-0.75,1,262.429181
-6.75,22,262.484514
-0.75,1,262.487411
1.75,5,262.500735
3.75,10,262.526449
0.75,1,262.529256
3.25,9,262.550595
0.75,1,262.553375
9.25,21,262.607884
6.5,13,262.963889
-0.25,2,262.970593
0.25,3,262.980412
0.75,4,262.993772
10.0,20,263.044685
12.75,21,263.097533
3.25,9,263.12635
10.5,21,263.177806
11.0,22,263.228978
-0.25,2,263.234243
-0.75,1,263.236657
7.75,18,263.278972
-0.25,2,263.284291
0.25,3,263.292705
-0.75,1,263.295588
0.75,5,263.308692
3.25,9,263.330763
0.25,3,263.338281
7.0,17,263.377645
-2.25,4,263.386766
-3.25,5,263.398598
-10.75,17,263.441957
-3.25,5,263.454478
-0.25,2,263.45954
7.75,14,263.491726
0.25,3,263.498664
-0.75,1,263.501171
0.25,3,263.508232
-0.25,2,263.513421
-1.25,1,263.516365
0.25,3,263.525208
-0.25,2,263.530719
-0.25,2,263.5367
-0.75,1,263.539632
-0.25,2,263.545105
-10.25,12,263.574389
0.75,1,263.577218
-0.25,2,263.582163
0.25,3,263.589602
1.25,23,263.64673
0.75,1,263.649402
4.25,11,263.674957
-0.25,2,263.679822
0.75,4,263.690014
1.75,6,263.704511
-2.25,4,263.713527
6.5,22,263.766729
-0.25,2,263.771975
8.75,15,263.807972
-4.75,5,263.819298
-1.25,3,263.826475
0.75,1,263.829029
-0.25,2,263.834093
6.25,15,263.869691
0.25,3,263.87665
5.75,14,263.908444
-1.25,3,263.915417
-0.25,2,263.920065
0.75,1,263.92393
10.0,14,263.959009
0.75,4,263.970385
-0.75,1,263.973395
12.5,25,264.033955
7.75,18,264.08323
6.25,12,264.114164
6.75,16,264.155793
2.25,7,264.172631
7.0,13,264.20262
2.75,8,264.221305
1.75,6,264.521199
-1.25,1,264.524035
0.25,3,264.532714
-1.25,1,264.535394
13.25,22,264.586723
-2.25,4,264.595799
5.75,23,264.65234
6.75,16,264.690123
6.5,15,264.726595
10.0,19,264.773842
8.25,19,264.817782
1.75,12,264.84567
7.75,10,264.86914
-0.25,2,264.873962
14.25,31,264.94897
0.75,1,264.951428
0.75,1,264.954144
-2.25,4,264.965424
-0.75,1,264.968329
1.75,4,264.978611
4.5,18,265.023011
-0.75,1,265.026023
-0.75,1,265.029148
10.5,21,265.082047
-0.75,1,265.084899
9.5,28,265.154489
9.25,21,265.207892
2.75,5,265.220208
9.5,17,265.261378
6.0,12,265.291615
18.5,26,265.356476
4.25,11,265.384031
6.5,13,265.414826
-0.75,1,265.417325
3.5,15,265.45404
-0.75,1,265.456839
-0.75,1,265.459619
-0.75,1,265.46224
-2.0,17,265.501868
3.25,9,265.523587
-11.25,13,265.555279
14.5,26,265.618993
-0.25,2,265.624336
-0.25,2,265.629574
-1.25,3,265.63788
0.5,16,265.681216
0.25,3,265.689689
-0.25,2,265.695061
12.5,25,265.756082
7.25,17,266.137132
0.25,3,266.14707
-3.25,14,266.185107
-0.25,2,266.190645
1.75,15,266.227273
-0.25,2,266.232321
6.0,17,266.273091
2.25,7,266.289732
-27.0,27,266.354836
15.5,29,266.42261
6.0,24,266.479756
0.75,1,266.482476
9.5,19,266.527595
0.75,1,266.530606
1.25,5,266.543358
0.75,1,266.546049
0.25,6,266.561498
-0.75,1,266.564321
6.25,15,266.609483
8.5,17,266.655036
2.75,8,266.674884
6.75,9,266.696574
12.5,25,266.756352
-0.25,2,266.76295
0.75,4,266.773941
2.25,7,266.793498
6.75,16,266.832491
3.75,8,266.851941
4.75,10,266.879493
-3.25,5,266.892853
-2.75,3,266.900596
5.25,9,266.923939
8.5,17,266.97042
4.5,15,267.007831
-0.75,1,267.010765
11.5,23,267.067525
-7.75,17,267.109812
11.0,22,267.163803
-2.25,4,267.174114
12.75,18,267.222364
-29.25,31,267.298477
5.25,13,267.332129
1.75,6,267.347008
-0.25,2,267.352928
-5.25,25,267.733645
-11.25,16,267.777236
4.75,12,267.807738
11.75,19,267.853626
-0.75,1,267.856425
0.25,3,267.863938
10.0,20,267.917336
2.25,6,267.936404
0.75,1,267.939311
1.75,6,267.953751
1.75,6,267.969854
-0.25,2,267.975027
-1.25,3,267.982685
8.0,16,268.023149
10.5,21,268.072791
2.25,7,268.089618
4.75,12,268.116901
-0.25,2,268.122025
10.25,26,268.182431
-6.25,8,268.201011
0.25,3,268.208083
-1.25,1,268.210565
12.25,27,268.270546
3.75,10,268.292858
0.75,4,268.301975
0.75,1,268.304493
1.25,21,268.35732
-0.25,2,268.362193
-5.25,7,268.378554
-3.75,4,268.389289
-0.75,1,268.392254
-0.25,2,268.397421
-16.25,27,268.464322
-1.25,1,268.46695
7.5,15,268.501262
-0.75,1,268.503845
-1.25,1,268.506352
14.5,27,268.571715
13.75,30,268.642399
4.5,15,268.680714
-2.25,4,268.690649
8.25,19,268.734622
-0.25,2,268.739483
4.25,11,268.764156
-0.75,1,268.767076
-1.75,8,268.788399
-0.25,2,268.793519
6.75,16,268.831646
-8.25,16,268.873502
11.5,23,268.934601
0.25,3,268.942521
-8.75,9,268.965178
9.25,21,269.320691
-0.25,2,269.325822
-0.25,2,269.330676
9.75,15,269.368355
-10.25,24,269.425797
-0.25,3,269.433321
2.25,10,269.459971
11.0,18,269.50245
-2.25,4,269.512575
-3.25,5,269.524843
-0.25,2,269.529776
0.75,1,269.532244
-1.25,1,269.534594
-13.0,13,269.566875
-0.25,2,269.571962
-0.75,1,269.574508
1.75,6,269.589277
7.25,17,269.631121
0.25,3,269.638936
-0.25,2,269.644154
3.75,19,269.691301
0.5,16,269.730758
0.25,3,269.737948
-0.25,2,269.742715
-1.25,1,269.745296
9.75,22,269.802413
5.75,14,269.837574
0.75,4,269.847578
9.25,21,269.903216
6.75,16,269.945151
-11.25,13,269.976013
0.75,1,269.978877
-0.25,2,269.984027
6.75,16,270.021496
-1.25,1,270.023974
-1.25,1,270.026541
4.5,18,270.066835
6.25,10,270.089637
-0.75,1,270.092151
-0.75,1,270.094811
-19.0,19,270.143659
6.0,12,270.171559
-0.25,2,270.176336
0.75,1,270.178898
0.75,1,270.181605
0.75,7,270.197985
0.25,3,270.205252
5.75,14,270.240756
12.5,22,270.29095
-0.25,2,270.295982
8.0,16,270.333203
-0.75,1,270.335654
2.25,5,270.347642
0.25,3,270.355649
19.0,27,270.420135
4.25,11,270.447052
-0.75,1,270.449819
-1.25,3,270.457665
6.75,10,270.484026
0.75,1,270.486876
-0.25,2,270.491942
0.25,3,270.499559
-0.25,2,270.504951
-0.75,1,270.507744
6.25,15,270.543214
9.75,22,270.92997
11.0,22,270.982932
-1.25,1,270.985717
4.75,12,271.013157
-0.25,2,271.018263
0.25,3,271.025207
9.0,18,271.067433
-0.25,2,271.072567
-0.25,2,271.077708
-0.75,1,271.080331
-0.25,2,271.08526
2.25,7,271.102962
-0.75,1,271.105689
6.75,15,271.144632
-0.25,2,271.150607
10.75,24,271.20944
-0.75,1,271.212213
16.5,31,271.289951
5.75,9,271.312604
-0.25,2,271.31775
0.75,1,271.320306
-0.25,2,271.325216
0.25,3,271.332645
-3.25,5,271.344904
9.5,19,271.391818
-0.75,1,271.394458
-1.25,3,271.4019
-1.25,1,271.404494
0.75,3,271.411724
-0.25,2,271.416884
5.75,14,271.455411
9.75,22,271.50977
2.25,6,271.524258
15.5,26,271.589182
-0.25,2,271.594753
-1.25,1,271.597569
-0.75,1,271.60057
6.0,18,271.645953
0.25,3,271.653764
-1.25,1,271.656416
-0.25,2,271.661396
2.75,6,271.67723
-0.75,1,271.680362
5.5,17,271.72229
9.75,20,271.77434
-0.25,2,271.779391
-2.5,28,271.848878
-0.25,2,271.85475
-0.75,16,271.89351
15.75,23,271.954805
-0.25,2,271.959986
3.75,10,271.984788
0.75,1,271.987454
0.75,1,271.990254
1.25,5,272.002259
-2.25,4,272.012064
0.75,1,272.014859
-0.25,2,272.020077
0.75,4,272.03043
3.25,15,272.068061
10.25,23,272.124996
-1.25,3,272.132609
12.0,24,272.589057
6.0,12,272.623165
0.75,1,272.626041
-0.25,2,272.631271
-1.25,3,272.639463
4.75,12,272.673204
-10.5,15,272.716051
-0.25,2,272.722064
-0.25,2,272.727577
8.5,17,272.770152
6.5,13,272.802697
0.25,3,272.811541
-9.0,24,272.870582
9.0,18,272.912048
14.0,28,272.983708
7.75,18,273.026203
13.0,16,273.064071
11.5,22,273.116581
-0.25,2,273.121778
-0.25,2,273.126613
-0.25,2,273.131487
4.5,12,273.160279
0.75,1,273.16299
-4.75,5,273.175182
0.75,4,273.184546
0.25,6,273.198372
9.5,19,273.24304
-0.75,1,273.245793
-0.25,2,273.251153
-14.0,14,273.286551
0.25,3,273.293505
10.75,16,273.329307
-0.75,1,273.332022
14.0,28,273.399857
-2.25,7,273.417808
-0.25,2,273.423163
-8.0,17,273.467419
2.25,7,273.48569
2.25,4,273.496585
0.75,1,273.499437
-0.75,1,273.502181
-0.75,1,273.504961
-0.75,1,273.507537
0.75,1,273.510192
20.5,41,273.608069
12.0,24,273.667573
0.75,1,273.670675
-0.75,1,273.67357
1.75,6,273.689581
4.75,15,273.730526
13.5,27,273.799453
13.5,33,274.191593
10.0,20,274.240616
11.0,18,274.285658
7.25,17,274.32848
-3.25,17,274.378529
2.75,8,274.404161
16.0,24,274.469543
3.75,10,274.495558
-2.25,16,274.541994
0.75,4,274.553506
-0.75,1,274.556651
10.25,20,274.610513
11.25,25,274.675365
-0.25,2,274.680459
-0.75,1,274.683196
1.75,4,274.694512
9.5,19,274.744513
2.75,8,274.764837
5.25,13,274.800091
-1.25,3,274.807387
6.25,15,274.858876
1.75,7,274.879152
6.5,13,274.911638
-0.75,1,274.914764
15.0,28,274.987238
-0.25,2,274.992817
1.25,3,275.001052
10.0,19,275.047995
-0.75,1,275.050929
-0.25,2,275.057053
-0.25,2,275.062487
7.75,12,275.092744
-1.25,3,275.100012
4.25,11,275.12647
3.75,10,275.151203
13.0,26,275.215805
0.75,1,275.218607
0.75,1,275.22137
1.25,5,275.233863
0.75,1,275.236602
-0.75,1,275.239352
-2.25,10,275.263757
-0.75,1,275.266591
6.75,16,275.307075
-0.25,2,275.312402
5.25,22,275.367319
12.75,22,275.421925
6.0,18,275.468302
0.75,4,275.478491
-0.25,17,275.846521
7.0,14,275.881225
-0.25,2,275.886702
0.75,1,275.889576
10.5,21,275.942862
-6.75,18,275.987885
-5.25,7,276.004601
-0.75,1,276.007354
-0.25,2,276.012685
8.0,15,276.0496
2.25,7,276.069589
14.25,21,276.124868
-0.25,2,276.130845
-0.25,2,276.136666
-0.25,2,276.142167
0.75,3,276.149832
7.25,15,276.189716
-0.75,1,276.192457
-6.75,7,276.210151
3.5,16,276.249636
-1.75,8,276.268711
-0.25,2,276.274042
9.75,22,276.329971
8.0,16,276.368257
6.5,22,276.422327
-17.75,18,276.467067
14.25,31,276.54249
-1.25,15,276.580268
-0.25,2,276.585202
0.25,3,276.592223
3.75,16,276.63236
-0.75,1,276.635349
-0.75,1,276.638159
0.75,4,276.648085
0.75,5,276.66034
1.75,6,276.674541
10.5,16,276.713583
-1.75,20,276.763671
-0.25,2,276.769279
12.25,27,276.832204
14.25,18,276.877139
3.75,19,276.923451
2.5,20,276.975072
0.75,1,276.977934
-0.25,2,276.983184
1.25,8,277.002286
-0.25,2,277.007266
-1.25,3,277.014106
-0.25,2,277.019156
0.25,3,277.026385
-0.25,2,277.031013
-3.25,5,277.04375
-0.75,1,277.046572
5.25,22,277.102717
-6.5,20,277.476806
0.75,1,277.479597
2.25,7,277.497769
17.5,29,277.578665
11.0,22,277.634026
18.5,22,277.687647
8.5,13,277.719282
6.0,18,277.764072
13.5,27,277.830424
0.75,4,277.840315
0.25,3,277.848004
-0.25,2,277.853055
12.25,24,277.912515
-0.25,2,277.917791
16.5,26,277.985426
3.75,13,278.017016
0.75,3,278.024569
-0.75,1,278.027207
-0.25,2,278.032281
9.25,20,278.085067
14.0,28,278.15509
4.75,7,278.172084
13.0,23,278.231194
2.25,7,278.248266
-5.25,19,278.295424
16.75,30,278.370478
18.0,25,278.43355
-0.75,1,278.436364
1.25,5,278.449898
12.5,22,278.506924
8.0,16,278.550033
11.0,22,278.602526
4.75,9,278.624097
2.75,8,278.646016
12.5,25,278.706181
0.75,1,278.709101
-7.5,24,279.09302
11.25,19,279.13888
-9.25,26,279.202185
0.75,4,279.212429
-2.5,25,279.2724
7.0,26,279.343732
-10.5,15,279.382269
-12.5,17,279.424588
2.75,5,279.43758
15.5,30,279.509953
-1.25,3,279.517091
-0.75,1,279.519933
-0.75,1,279.522739
7.5,15,279.563487
4.25,11,279.589457
11.0,21,279.637815
-0.25,2,279.644093
6.75,16,279.683268
-0.75,1,279.686051
19.0,33,279.765761
0.75,4,279.777318
-6.0,18,279.82079
-8.75,18,279.86547
6.5,13,279.896863
7.0,26,279.962743
2.0,22,280.016002
3.25,9,280.036273
-2.25,4,280.045385
11.0,22,280.098104
11.0,22,280.148602
7.0,13,280.177777
7.5,15,280.214576
-1.25,1,280.217319
10.5,21,280.265119
5.75,8,280.283647
5.0,16,280.63848
-14.25,16,280.678292
2.75,8,280.697339
1.25,5,280.709371
4.0,29,280.778639
11.5,23,280.835573
11.5,18,280.883898
-5.5,31,280.961824
-0.75,1,280.965008
4.75,21,281.020489
10.5,18,281.063454
0.75,11,281.090396
2.0,22,281.146539
6.5,15,281.185923
6.5,13,281.216959
-0.25,2,281.221814
-17.5,25,281.280593
1.75,6,281.294265
13.75,25,281.356432
9.75,34,281.436807
0.25,3,281.445163
10.25,23,281.49842
0.25,3,281.50587
7.25,11,281.531038
2.0,19,281.577666
8.5,17,281.615285
-0.75,7,281.630939
0.75,3,281.638243
4.75,12,281.669795
16.0,41,281.766848
0.75,1,281.770556
-1.75,14,281.805746
10.75,13,281.836207
3.25,9,281.858316
2.25,7,282.186609
-0.25,2,282.192182
-0.25,2,282.197874
3.5,15,282.23435
0.75,1,282.237107
3.75,10,282.262195
9.75,22,282.316303
15.5,19,282.364779
11.0,22,282.443294
12.5,25,282.558998
1.75,6,282.589078
-1.25,9,282.614554
-0.75,1,282.617366
0.75,1,282.620159
2.25,4,282.63047
-0.25,2,282.635801
9.25,18,282.680376
4.75,7,282.697942
-8.5,19,282.741786
0.75,1,282.744472
3.25,9,282.766453
-0.75,1,282.769578
3.5,15,282.808702
-0.25,2,282.81369
2.25,4,282.823532
6.5,13,282.854645
0.25,3,282.862489
8.5,15,282.905429
-6.75,16,282.946646
-1.25,3,282.95445
0.25,3,282.962414
-1.0,19,283.014085
-0.25,2,283.019005
10.5,18,283.062208
1.25,5,283.074708
-0.75,1,283.077538
13.0,18,283.121838
5.25,13,283.154435
2.5,20,283.200612
-0.25,2,283.205467
2.75,8,283.224402
7.75,14,283.258362
0.75,1,283.26145
-0.75,1,283.264561
18.25,38,283.359386
8.0,16,283.397091
4.75,9,283.418197
2.75,8,283.4367
2.75,8,283.459486
8.75,12,283.487465
3.25,9,283.50869
1.25,23,283.882528
15.5,25,283.944591
13.5,36,284.033146
-1.25,21,284.084415
-0.25,2,284.089746
-3.0,21,284.142734
4.25,20,284.190279
-6.5,29,284.264977
-1.25,1,284.267832
1.75,18,284.31003
0.75,1,284.312536
31.5,48,284.425108
7.0,14,284.459744
10.5,21,284.512288
3.25,18,284.55555
-0.25,2,284.560525
9.5,17,284.603602
-3.75,25,284.663086
-11.5,19,284.710386
5.25,13,284.742207
0.75,1,284.745032
1.75,6,284.759954
12.5,23,284.820769
-9.25,11,284.846972
12.0,24,284.906623
25.0,39,284.999641
7.0,14,285.033692
-0.25,2,285.038385
0.75,1,285.040837
12.0,24,285.096413
-1.25,1,285.098896
7.5,21,285.467412
0.75,1,285.47061
3.75,6,285.48621
8.0,16,285.525443
2.25,13,285.555901
-0.25,2,285.561065
6.25,24,285.620582
0.25,3,285.628134
-0.75,1,285.630789
0.75,1,285.633573
10.0,20,285.681539
1.75,6,285.696611
6.0,18,285.738289
16.5,22,285.801329
2.25,7,285.824621
-0.75,1,285.827717
4.25,11,285.856629
-0.25,2,285.861477
0.25,3,285.869271
7.0,17,285.913989
15.0,22,285.975291
-1.25,3,285.983157
8.25,20,286.035315
-0.25,2,286.040444
-2.25,13,286.071818
12.5,25,286.133632
0.75,1,286.136599
1.75,6,286.155069
10.25,29,286.228546
2.75,20,286.276151
1.25,5,286.288306
-0.75,1,286.290868
-8.5,16,286.329083
5.75,17,286.37016
10.25,21,286.419154
-0.25,2,286.423893
0.75,4,286.433096
9.5,19,286.48131
-0.75,1,286.484165
0.75,4,286.494369
-31.0,31,286.567562
-0.75,1,286.570455
-0.75,1,286.573323
-0.25,2,286.578733
-1.25,3,286.586957
8.0,16,286.627125
-6.25,14,286.663926
0.75,1,286.66687
-0.25,2,286.672219
7.25,20,286.721124
0.75,1,286.724171
-12.75,16,287.092761
-1.75,17,287.138355
4.25,11,287.164986
-1.25,3,287.172889
4.25,11,287.202791
-1.25,3,287.211125
4.75,13,287.243881
11.0,21,287.294745
3.0,15,287.329542
-0.25,2,287.334535
-1.25,3,287.342092
0.25,3,287.349067
-0.25,2,287.354592
8.0,16,287.394686
0.5,16,287.431815
11.0,22,287.489536
7.75,21,287.53929
7.25,17,287.579348
1.25,5,287.592789
0.75,1,287.595693
8.0,14,287.630008
-1.25,3,287.637891
7.5,15,287.6743
7.25,17,287.715942
10.75,24,287.773593
7.5,15,287.809464
4.0,29,287.883393
3.0,15,287.918421
0.5,16,287.962863
-4.25,15,287.999935
4.25,11,288.027418
8.0,16,288.068867
-2.25,4,288.079695
-5.25,7,288.09722
7.25,16,288.135934
-1.25,1,288.138827
0.75,1,288.141473
9.5,19,288.186353
8.75,14,288.219708
0.25,3,288.227203
-15.25,17,288.268399
-2.25,4,288.278669
-0.25,2,288.284004
-0.25,2,288.28924
2.75,7,288.30627
12.5,25,288.690807
-0.25,2,288.69608
-0.25,5,288.709221
-6.25,8,288.729984
5.25,14,288.763759
7.75,18,288.808955
-1.25,1,288.811702
4.75,12,288.842029
-1.25,3,288.849313
8.25,19,288.896123
4.25,26,288.961125
-0.75,1,288.963827
1.25,5,288.976208
-0.75,1,288.979107
0.75,4,288.989262
0.75,1,288.992038
3.0,18,289.03828
-0.75,1,289.041191
2.75,8,289.066027
1.25,5,289.078475
6.25,15,289.112583
-4.25,6,289.126114
15.25,27,289.190774
0.75,1,289.193279
-1.25,3,289.20084
0.25,3,289.207864
0.25,3,289.215224
1.75,6,289.229095
-9.25,11,289.253815
-0.25,2,289.259086
-0.75,1,289.261878
8.75,23,289.319628
0.75,4,289.330067
9.5,28,289.394506
15.0,30,289.465371
4.25,11,289.491876
2.75,8,289.51271
21.75,33,289.593624
6.5,13,289.626583
11.5,22,289.678834
6.0,18,289.722757
-0.25,2,289.727901
-0.25,2,289.733046
13.0,18,289.778044
-0.75,1,289.780744
-23.0,23,289.835205
5.5,17,289.877526
8.5,17,290.236154
0.75,1,290.238986
-0.25,2,290.244405
6.5,15,290.283944
11.75,26,290.348927
-11.25,18,290.393374
-0.75,1,290.396194
2.25,4,290.405925
0.75,1,290.408579
9.0,18,290.454582
-1.25,3,290.461964
11.0,22,290.518537
5.75,9,290.540754
1.25,23,290.595926
0.75,1,290.598773
7.25,17,290.642449
2.5,17,290.684008
-4.75,8,290.70429
-2.25,4,290.714092
4.0,14,290.749031
10.0,23,290.807843
-0.75,16,290.846625
2.75,8,290.867006
-0.25,2,290.872178
0.25,3,290.879788
12.5,22,290.938344
9.5,19,290.9901
-0.75,1,290.993049
1.75,6,291.008733
9.0,18,291.05561
-0.25,2,291.061919
-4.25,6,291.076754
0.75,1,291.079527
-0.25,2,291.08482
-0.75,1,291.087847
8.0,16,291.128362
-0.75,1,291.13131
0.25,4,291.141743
11.0,22,291.196971
-0.75,1,291.199616
12.75,22,291.251678
0.75,4,291.261506
9.0,18,291.307077
13.75,25,291.368495
11.0,22,291.421716
0.25,3,291.428945
0.75,4,291.438399
0.75,4,291.449651
10.5,16,291.490357
14.5,22,291.869725
7.5,15,291.910289
0.75,1,291.913445
2.75,8,291.939081
3.5,22,291.994641
-0.75,1,291.997501
-0.25,2,292.002775
1.25,5,292.014711
-6.0,18,292.057649
-1.25,1,292.060472
1.75,6,292.075328
-1.25,3,292.082629
-0.75,1,292.085438
9.0,18,292.131697
6.25,15,292.167071
-0.25,2,292.172498
3.25,9,292.196242
-0.75,1,292.199165
-0.75,1,292.202053
-0.25,2,292.207489
11.75,26,292.270083
13.0,26,292.334885
-0.75,28,292.401234
0.75,1,292.404108
-0.75,1,292.406544
6.25,13,292.437054
8.25,17,292.479294
-0.25,2,292.484481
4.75,12,292.514556
9.25,22,292.569399
-6.0,18,292.614348
11.75,21,292.66681
-0.25,2,292.672065
-2.25,4,292.68232
9.5,19,292.72908
-0.25,2,292.734331
5.75,23,292.793069
6.75,19,292.838577
1.25,5,292.850805
13.0,17,292.897192
-1.25,1,292.900063
15.25,31,292.978451
3.25,9,293.001125
9.0,18,293.045881
-0.25,2,293.050847
-0.25,2,293.055866
5.75,14,293.091312
-0.25,2,293.096506
11.0,22,293.462835
0.75,1,293.466011
5.25,13,293.499031
2.25,13,293.534561
1.75,6,293.549996
10.0,18,293.593765
-2.0,26,293.657998
0.5,16,293.69731
3.0,18,293.742082
-9.25,16,293.786633
-0.25,2,293.792839
0.75,4,293.805573
-0.75,1,293.808626
6.75,25,293.883012
14.5,24,293.948945
-1.25,3,293.95647
0.75,1,293.959182
-4.5,45,294.077617
15.0,30,294.181144
2.75,26,294.250449
6.5,13,294.284735
4.25,23,294.349468
3.25,9,294.372015
0.25,3,294.379478
6.75,16,294.418379
13.5,20,294.470163
0.75,1,294.472993
-2.75,6,294.487523
-0.5,26,294.553474
13.5,27,294.61932
10.25,23,294.677431
13.5,27,294.742268
-0.75,1,294.744899
0.75,4,294.754761
0.25,3,294.763011
10.0,20,295.224755
5.75,10,295.254199
-1.25,3,295.263302
-0.75,1,295.266284
-11.0,23,295.337861
-0.25,2,295.344311
10.0,20,295.400899
8.75,20,295.459387
-0.25,2,295.465233
-6.5,32,295.549283
-4.25,6,295.566445
8.5,17,295.608307
12.5,25,295.67187
-2.75,9,295.695958
-13.5,21,295.751561
0.75,4,295.763489
6.75,46,295.890126
22.0,35,295.97982
2.25,7,295.99964
6.5,26,296.068509
16.0,38,296.179652
10.5,21,296.235736
20.75,33,296.325751
8.5,23,296.387563
12.25,25,296.452722
17.25,22,296.506397
-19.0,19,296.55349
9.25,19,296.975465
-0.25,2,296.981828
5.75,14,297.021094
-0.25,2,297.027405
3.0,21,297.081608
0.25,3,297.089743
6.25,21,297.145813
1.5,18,297.192962
0.25,6,297.210188
-15.25,23,297.270756
-0.75,1,297.273531
11.0,21,297.327971
0.75,1,297.33102
9.75,15,297.369759
-4.0,22,297.424824
5.25,13,297.459596
14.25,30,297.53395
11.5,19,297.58243
13.5,27,297.651591
13.5,22,297.710549
0.75,1,297.713267
-2.75,3,297.720942
3.25,9,297.743427
5.0,13,297.777561
0.25,3,297.787818
16.5,33,297.883896
-4.25,12,297.922657
0.75,4,297.935999
11.0,22,297.993634
4.5,15,298.030365
6.75,19,298.077137
5.25,13,298.109623
9.0,18,298.153627
-0.25,2,298.158965
13.5,27,298.229337
3.75,11,298.258659
-0.75,25,298.637339
0.25,3,298.646596
1.25,5,298.663029
0.75,4,298.674703
-0.25,5,298.688378
-9.25,11,298.716171
11.0,21,298.768274
3.25,15,298.812321
1.25,5,298.826013
11.75,19,298.878576
4.75,12,298.910451
2.25,7,298.929726
13.0,24,298.994941
8.25,19,299.049257
-1.25,3,299.058126
0.75,4,299.068995
0.25,3,299.077195
0.75,1,299.080216
-0.75,1,299.08318
1.75,4,299.09394
0.75,4,299.105021
0.75,4,299.115944
7.25,14,299.154318
-0.75,1,299.156983
-4.25,6,299.172108
0.25,3,299.179579
-0.75,1,299.182247
0.25,3,299.189979
0.25,3,299.19797
2.25,7,299.215693
-0.25,2,299.221043
-0.25,2,299.22639
4.75,15,299.265448
14.0,25,299.326438
-4.25,6,299.341981
6.75,15,299.382128
10.5,21,299.436327
-0.75,1,299.439222
-0.25,2,299.44623
3.75,10,299.476009
8.75,19,299.535825
-3.75,4,299.551258
1.75,6,299.587794
-1.25,3,299.6164
-0.25,2,299.63061
-5.25,7,299.650981
7.25,17,299.69601
0.75,1,299.699021
1.75,6,299.71466
-0.25,2,299.720049
2.25,4,299.730703
-5.75,12,299.761335
5.75,14,299.799239
-0.25,2,299.807053
-2.0,14,299.844015
-1.25,1,299.846878
-2.25,4,299.858103
1.25,8,299.878875
0.75,4,299.889173
0.75,1,299.89192
0.75,4,299.902033
-0.25,2,299.908159
-1.75,14,299.947634
3.25,9,299.971137
1.25,5,299.984144
-2.25,10,300.011023
-0.75,1,300.014224
0.25,3,300.02339
0.75,1,300.026665
0.25,12,300.058065
8.25,12,300.428028
1.25,5,300.441755
10.25,23,300.503694
0.75,4,300.513847
2.75,14,300.549277
9.5,19,300.603778
5.75,14,300.64168
-0.25,2,300.646519
-0.25,2,300.651485
4.75,12,300.681404
4.25,11,300.711431
3.25,5,300.723517
1.25,5,300.735633
3.25,9,300.757829
-0.75,1,300.76075
-0.75,1,300.763662
-1.25,3,300.771434
1.25,5,300.78374
2.75,26,300.853753
0.75,4,300.863491
-3.75,19,300.909563
-1.25,3,300.918333
5.25,15,300.959845
-2.75,18,301.00579
7.5,15,301.042782
-0.25,2,301.047669
11.0,20,301.096994
0.75,1,301.099954
-12.25,14,301.144219
0.75,4,301.166845
1.75,4,301.183841
-8.25,10,301.212699
-0.25,2,301.218215
-0.75,1,301.221943
-0.75,1,301.225478
-3.25,8,301.247866
1.25,5,301.260545
12.0,16,301.300422
0.25,3,301.308356
-7.5,21,301.362253
0.75,4,301.376422
-3.5,23,301.442306
-0.25,2,301.448582
1.25,5,301.462947
3.75,19,301.517144
6.75,13,301.553778
7.0,13,301.589713
7.25,11,301.619707
-0.25,2,301.625502
9.5,19,301.672612
-4.75,26,301.739558
10.75,24,302.134867
-12.75,16,302.18319
-4.25,9,302.212209
0.75,3,302.220857
2.75,7,302.23915
4.75,8,302.259481
-1.25,3,302.267478
1.25,5,302.28216
-0.75,1,302.284849
9.0,17,302.329502
-0.25,2,302.334843
0.75,1,302.337901
-0.25,2,302.342973
-1.25,3,302.350721
-0.75,1,302.35375
3.75,10,302.384071
2.25,7,302.405083
-0.25,2,302.411083
2.25,6,302.426282
10.25,21,302.483411
6.75,16,302.527055
-1.25,1,302.530086
2.25,7,302.548474
-4.25,6,302.563645
15.5,28,302.639039
0.75,4,302.649731
-0.25,2,302.655309
1.25,5,302.668487
-1.25,3,302.677067
-0.75,1,302.679936
8.75,13,302.714404
2.25,7,302.734484
0.25,9,302.757767
1.25,5,302.77112
-0.25,2,302.776647
5.75,13,302.813469
-0.75,1,302.817568
1.75,6,302.836884
5.5,23,302.894646
0.25,3,302.902566
0.75,1,302.905647
0.25,3,302.913746
-0.75,1,302.916608
-0.25,2,302.921662
-0.25,2,302.926769
-1.25,3,302.936765
-0.75,1,302.940956
6.25,15,302.988904
1.75,6,303.007847
-9.25,11,303.037848
-0.75,1,303.040749
-0.25,2,303.046432
0.75,4,303.059244
-4.75,14,303.093793
2.75,8,303.114162
-0.75,1,303.116957
-0.75,1,303.119755
0.75,1,303.122582
0.25,3,303.130463
-0.25,2,303.135643
0.25,3,303.143337
-0.25,2,303.148592
6.25,15,303.188086
0.25,3,303.195662
5.25,9,303.217854
-0.25,2,303.223274
-0.25,2,303.228613
-10.5,18,303.273376
-4.25,6,303.290719
0.25,3,303.298733
-0.25,2,303.303768
0.75,1,303.306513
-0.75,1,303.309349
0.75,3,303.316855
-2.25,4,303.326771
4.75,9,303.348886
-0.75,1,303.351743
-0.25,2,303.357308
-0.75,1,303.360148
5.25,18,303.407014
0.25,6,303.422174
10.75,20,303.475808
0.25,3,303.483309
0.75,4,303.494353
-0.25,2,303.500066
-0.25,2,303.506561
5.75,23,304.092624
-0.75,1,304.097558
-2.0,17,304.179756
-0.25,2,304.194609
2.75,14,304.247785
-0.25,2,304.25743
-0.75,1,304.266742
0.25,3,304.298331
3.75,11,304.398667
1.25,5,304.432052
6.25,15,304.541244
2.25,7,304.564183
2.25,7,304.583633
2.75,8,304.617849
0.25,3,304.631758
-0.25,2,304.642121
-7.25,9,304.689389
1.25,5,304.716933
-16.25,18,304.814603
6.25,15,304.902719
1.25,14,304.981665
0.75,4,305.003117
-0.75,1,305.009051
-0.25,14,305.077177
1.75,6,305.107991
0.25,3,305.123513
-0.25,2,305.13418
1.75,6,305.16675
-1.25,6,305.202513
0.25,4,305.222283
3.25,9,305.267112
1.75,6,305.303872
12.0,21,305.42311
0.75,10,305.476072
7.75,18,305.589439
-0.25,8,305.632936
-6.25,8,305.679604
-14.25,16,305.769408
-0.75,1,305.775486
10.75,22,305.890716
-0.25,2,305.900884
1.75,6,305.929533
4.75,12,306.001432
1.25,4,306.021257
3.25,9,306.070285
-1.25,3,306.092819
-8.25,10,306.1534
1.75,6,306.187715
14.5,22,306.313885
-0.75,10,306.370564
-2.25,4,306.415751
6.5,13,306.49826
6.75,13,306.61353
4.5,15,306.803901
-2.75,3,306.832184
0.75,4,306.873231
1.75,6,306.934807
-0.25,2,306.949479
-0.75,1,306.957371
2.25,7,307.008289
0.75,1,307.016219
0.25,3,307.038409
8.75,17,307.171319
-0.25,2,308.118167
2.25,7,308.14676
0.25,3,308.159297
-0.75,1,308.16413
0.75,4,308.181989
5.25,13,308.239016
0.75,1,308.244454
3.75,11,308.293397
5.75,10,308.337685
0.25,3,308.351811
0.25,3,308.364741
-0.75,1,308.371273
-0.25,2,308.381463
-0.25,2,308.393093
-0.25,2,308.404768
1.75,6,308.435433
0.75,4,308.456893
-0.25,2,308.466289
-0.25,2,308.476108
-10.0,19,308.575737
-19.25,21,308.685285
-0.25,2,308.695567
2.75,8,308.733757
-0.25,3,308.751107
-0.25,2,308.765273
1.75,6,308.798671
-0.25,2,308.809592
-1.25,3,308.823902
-0.25,2,308.833434
-0.25,2,308.845744
8.0,16,308.924006
3.75,10,308.963183
1.25,5,308.981429
-6.25,8,309.007216
0.75,1,309.010461
0.75,1,309.013844
-0.25,2,309.020147
7.75,18,309.073333
-11.25,13,309.111233
0.75,5,309.126455
-0.25,2,309.133423
4.25,8,309.157146
0.75,1,309.160148
0.25,3,309.168944
-9.25,11,309.199486
-2.25,7,309.222561
-2.25,13,309.259055
0.25,3,309.267324
-0.75,1,309.270283
1.75,6,309.286895
-0.25,2,309.292742
3.75,6,309.310137
0.75,5,309.325383
0.75,4,309.336605
0.5,16,309.380307
0.75,1,309.383198
-5.25,7,309.402566
-0.25,2,309.40815
-0.75,1,309.411069
7.5,15,309.454072
0.75,4,309.464926
-0.25,2,309.470398
2.25,7,309.48988
0.25,3,309.497893
0.25,3,309.506281
-7.25,9,309.530642
-0.25,2,309.53675
-0.25,2,309.54321
6.25,15,309.587004
0.75,4,309.598457
2.25,4,309.609764
-0.75,1,309.612902
-0.25,2,309.61865
-0.25,2,309.624412
6.75,16,309.671114
0.25,3,309.679798
-0.25,2,309.685747
-0.25,2,309.691593
-2.25,4,309.702656
-7.25,9,309.726927
-0.25,2,309.732922
-1.25,3,309.742578
1.75,6,309.759702
-1.25,3,309.768365
4.75,12,309.802946
4.25,11,309.83434
-0.75,1,309.837469
-2.25,4,309.848663
1.25,5,309.862566
8.5,20,309.946685
0.75,4,309.959672
1.25,5,310.421303
2.75,5,310.439013
8.25,13,310.485085
-0.25,2,310.490894
-0.75,1,310.4939
8.75,18,310.542298
2.25,7,310.561142
-1.25,3,310.569647
2.75,8,310.591413
-1.25,1,310.594112
-0.25,2,310.599531
-0.75,1,310.602376
-0.25,2,310.607688
1.75,6,310.623879
-0.75,1,310.62685
2.25,7,310.644638
-0.75,1,310.647727
-0.75,1,310.650834
-0.25,2,310.6567
-7.75,11,310.689422
0.75,1,310.692693
2.75,6,310.708851
-12.25,14,310.751431
0.75,3,310.761427
1.75,4,310.774737
3.25,7,310.797504
3.75,10,310.827714
0.75,1,310.831352
-0.75,1,310.834499
0.25,3,310.8445
-0.25,2,310.851431
-0.25,2,310.858612
-0.25,2,310.865499
-0.25,2,310.874417
2.25,7,310.897312
2.25,7,310.931492
-1.25,3,310.95014
-0.25,2,310.956729
-13.25,15,311.008363
0.75,4,311.020042
-0.25,2,311.026166
0.75,4,311.037394
0.75,4,311.049014
-0.75,1,311.052191
2.75,8,311.074658
9.75,15,311.118199
-0.75,1,311.122514
2.25,7,311.145838
0.75,4,311.157775
-0.75,1,311.160889
0.25,3,311.169881
0.25,3,311.178488
0.75,1,311.181709
0.25,3,311.190527
0.25,3,311.199048
-0.25,2,311.204625
-0.75,1,311.207704
0.75,1,311.210871
0.25,3,311.219827
1.25,5,311.234633
8.25,19,311.283123
-0.75,1,311.286035
3.25,9,311.309196
-0.25,2,311.31449
0.75,4,311.324931
-1.25,1,311.32786
3.75,8,311.350701
5.25,13,311.384438
0.75,4,311.39477
6.25,11,311.425385
-0.75,1,311.42859
9.5,19,311.485232
2.25,4,311.496868
-2.75,6,311.513069
-0.75,1,311.516154
-0.75,1,311.519314
0.25,3,311.527753
-0.75,1,311.531083
-0.75,1,311.534216
-2.25,4,311.545589
7.25,17,311.595477
-0.75,1,311.598827
0.75,4,311.609612
6.5,13,311.64271
-0.75,1,311.645443
3.25,9,311.66805
4.25,11,311.699522
-1.25,1,311.702614
-0.75,7,311.722115
0.25,3,311.730151
-1.25,3,311.73815
-0.75,1,311.741037
-0.75,1,311.743826
3.75,10,311.770688
0.75,1,311.773873
3.25,9,311.801165
-0.25,2,311.806857
-0.25,2,311.812983
-0.75,1,311.815999
0.75,1,311.819035
5.25,19,311.867964
1.25,5,311.883486
4.75,9,311.909227
0.25,3,311.919382
2.25,7,312.333262
7.75,18,312.385889
-0.75,1,312.388785
2.25,7,312.407049
-1.25,1,312.40986
-0.75,1,312.412825
-0.25,2,312.418159
1.75,6,312.432667
-0.75,1,312.435353
-1.25,3,312.443648
6.25,15,312.487296
4.75,9,312.510458
-0.25,2,312.516088
1.25,5,312.52989
-0.25,2,312.535195
-0.25,2,312.540637
-0.25,2,312.54615
-0.75,1,312.549036
1.75,6,312.566159
0.25,3,312.575605
-0.25,2,312.582355
0.75,4,312.594545
0.25,3,312.6033
0.75,4,312.615306
1.75,6,312.634102
-0.75,1,312.639015
0.75,1,312.643159
-0.25,2,312.65142
-3.25,8,312.685621
3.75,9,312.722752
4.75,7,312.745482
-0.25,2,312.752742
0.25,3,312.763201
0.75,4,312.778458
3.75,10,312.811866
-1.25,3,312.820644
-0.25,2,312.826832
0.75,4,312.83777
3.75,7,312.857026
0.75,1,312.860139
0.75,4,312.871938
-0.25,2,312.87822
-0.25,2,312.884844
-0.75,7,312.905578
-0.25,2,312.91246
0.75,1,312.916374
-0.25,3,312.92598
-1.25,1,312.929368
-0.25,2,312.937643
-0.25,2,312.945847
1.75,6,312.963203
2.75,7,312.984226
0.75,1,312.987466
-1.25,3,312.996872
-1.25,3,313.005672
3.25,9,313.047365
-0.25,2,313.053774
-0.75,1,313.057209
-1.25,1,313.06066
-0.25,5,313.075487
-1.25,3,313.084339
-4.75,8,313.107958
3.75,16,313.153085
0.75,13,313.187713
0.75,4,313.19837
2.75,6,313.214436
1.25,5,313.227853
2.25,7,313.248483
-0.75,1,313.251765
-0.75,1,313.255032
-0.75,1,313.258317
2.75,8,313.280951
-0.25,2,313.286963
5.25,13,313.323854
3.25,7,313.343629
-0.25,2,313.34944
-4.25,15,313.39541
-1.75,14,313.434713
0.75,1,313.437508
-1.25,3,313.445733
0.25,3,313.455117
4.75,7,313.475744
3.75,10,313.503771
-0.75,1,313.506656
0.75,1,313.509457
-1.25,3,313.517637
-0.25,2,313.523111
-0.75,1,313.526011
-0.25,2,313.531572
0.25,9,313.556546
2.25,7,313.576359
3.25,9,313.602384
5.25,13,313.637465
-0.25,14,313.672991
1.25,5,313.685317
9.25,18,313.729806
-3.25,5,313.742748
0.25,3,313.751328
0.75,1,313.754241
-0.25,2,313.759736
1.25,5,313.772884
-0.25,2,313.778271
-0.25,2,313.784094
0.75,1,313.787291
-0.75,1,313.790392
0.75,4,313.802725
-0.75,1,313.806181
0.75,1,313.809825
1.25,5,313.82426
1.25,5,313.837349
-0.75,1,313.840331
-0.25,2,314.243253
8.75,12,314.2768
0.75,1,314.279847
2.75,14,314.317141
9.25,21,314.373602
0.75,1,314.376581
0.25,15,314.416771
-0.75,1,314.419806
5.75,14,314.458188
-2.25,4,314.46874
0.75,1,314.473146
3.25,9,314.500889
0.25,3,314.510023
0.25,3,314.518893
3.75,9,314.543823
-2.25,4,314.554826
-3.75,10,314.585647
0.75,4,314.599863
0.25,3,314.609655
1.25,5,314.624716
0.25,3,314.633673
-4.25,6,314.652068
0.25,3,314.660991
-0.75,1,314.66414
4.75,12,314.70076
-0.75,1,314.703965
0.25,4,314.716262
-2.25,4,314.727923
5.75,10,314.755527
-3.75,4,314.766723
2.75,5,314.783072
0.25,3,314.793508
-1.75,11,314.829777
-1.25,1,314.833518
4.25,11,314.869334
-8.25,10,314.90036
0.75,1,314.903371
6.75,16,314.951936
3.75,10,314.98075
0.75,4,314.993932
2.75,8,315.016765
-2.25,4,315.027781
-0.25,2,315.033783
-3.25,5,315.049029
0.25,3,315.057689
2.25,4,315.069063
-2.25,4,315.080634
-0.25,2,315.086962
-3.75,7,315.105938
-0.25,2,315.111416
-0.25,2,315.117265
1.25,3,315.126124
4.75,10,315.154048
-1.25,3,315.16297
0.5,16,315.208398
4.75,12,315.243562
-1.25,1,315.246752
4.5,12,315.281542
-10.75,11,315.312025
0.25,3,315.320276
11.25,15,315.360745
-1.25,3,315.370172
-0.25,2,315.376451
0.75,1,315.37954
3.5,19,315.430709
0.75,1,315.433903
2.75,8,315.459045
3.75,10,315.492144
-0.75,1,315.495337
0.75,4,315.506719
0.25,3,315.514533
8.25,19,315.56249
-1.25,3,315.570604
-0.75,1,315.573502
1.75,6,315.591493
2.25,4,315.603042
-0.25,2,315.608186
-0.25,2,315.6139
-0.25,2,315.619332
2.25,4,315.629749
3.25,9,315.653254
3.25,9,315.677714
-1.25,1,315.680725
0.25,3,315.68872
0.75,7,315.708846
-6.25,8,316.128847
5.5,17,316.18001
-1.25,3,316.18924
0.75,4,316.201761
-0.25,2,316.207716
0.75,1,316.210827
1.25,5,316.224475
-2.25,4,316.236042
0.75,1,316.23912
-0.75,7,316.258793
1.25,5,316.274454
0.75,1,316.277976
2.75,8,316.303455
-0.25,2,316.309988
1.25,5,316.326061
4.75,12,316.359624
-1.75,5,316.37364
-1.25,3,316.382862
-0.75,1,316.386283
0.75,4,316.397312
3.25,9,316.429318
-0.75,1,316.432593
-3.25,5,316.446563
-0.25,2,316.453696
-1.75,11,316.484289
2.25,7,316.505639
1.25,13,316.54252
3.75,10,316.570706
0.75,1,316.574088
-0.75,1,316.577132
-19.75,23,316.655352
-0.75,1,316.660544
-0.25,2,316.670873
5.25,13,316.730874
3.25,9,316.762004
1.75,6,316.779011
2.25,7,316.798842
0.75,4,316.810525
1.75,6,316.827864
0.75,10,316.856123
-1.25,3,316.864763
0.75,1,316.867966
3.25,6,316.886636
0.75,1,316.890223
9.75,12,316.926275
-1.25,3,316.93855
0.75,4,316.954734
-0.25,2,316.96107
-11.25,13,316.99997
-0.75,1,317.003061
4.25,11,317.045269
2.25,7,317.065168
11.0,18,317.121834
0.75,1,317.125299
0.25,4,317.138502
1.25,5,317.156313
-0.75,1,317.160119
0.25,4,317.173486
0.25,3,317.184239
3.25,9,317.21887
0.75,4,317.235972
-0.25,2,317.2451
0.25,3,317.261688
-0.75,1,317.267635
1.25,11,317.333039
0.25,3,317.357329
2.25,4,317.393146
0.75,1,317.403532
-0.75,1,317.412904
2.75,8,317.464566
-0.25,2,317.473066
0.25,3,317.484699
0.75,4,317.503166
-0.75,1,317.509137
-0.25,2,317.520785
-0.25,2,317.532596
-15.5,23,317.640377
-0.75,1,317.646169
-0.25,2,317.658055
5.75,10,317.714324
1.25,4,317.739268
-13.25,15,317.820555
4.25,11,317.890634
1.75,6,317.92336
-1.25,3,317.938089
-0.75,1,317.944313
0.25,3,317.968619
3.75,10,318.013219
-2.25,7,318.038153
0.25,3,318.049529
-1.75,17,318.581815
0.75,1,318.585339
-0.75,1,318.588704
-0.75,1,318.592234
1.75,6,318.611502
8.75,13,318.652011
-0.75,1,318.655391
-0.75,1,318.658812
7.75,15,318.704669
10.5,17,318.761354
-0.75,1,318.764665
-0.25,2,318.771088
0.75,4,318.783318
0.75,4,318.795666
-0.25,2,318.802634
-0.25,2,318.809335
-0.25,2,318.815875
0.25,3,318.825381
-0.25,2,318.833247
-0.75,1,318.837272
-0.25,2,318.847124
-1.25,3,318.868285
0.75,1,318.873543
12.5,25,318.966677
-0.75,1,318.9709
-0.75,1,318.975221
1.25,5,318.993555
1.25,5,319.017092
-0.75,1,319.020873
1.75,6,319.041458
-0.75,1,319.045439
-0.25,2,319.052987
1.75,6,319.076303
-0.25,2,319.084622
-0.25,2,319.092044
2.75,8,319.117646
12.5,25,319.22631
-0.25,2,319.235003
0.25,3,319.248867
-0.75,1,319.254889
5.75,14,319.333446
2.25,7,319.360643
-3.25,5,319.377614
0.25,4,319.392311
-3.25,5,319.412478
-0.75,1,319.416267
1.75,6,319.444491
5.25,13,319.485462
-1.75,8,319.509374
-0.25,2,319.516295
-0.25,3,319.525537
5.75,8,319.55041
-0.25,2,319.556662
0.75,1,319.560104
8.25,18,319.613309
1.75,6,319.630678
-0.75,1,319.633635
2.75,6,319.649358
-0.25,2,319.654369
-0.25,2,319.659498
0.25,3,319.667083
-0.25,2,319.67213
-0.75,1,319.674862
0.75,1,319.677736
-0.25,2,319.683055
0.25,3,319.690808
-0.25,2,319.697929
-0.75,1,319.701008
0.75,5,319.713853
0.75,1,319.718314
3.75,9,319.74698
0.75,3,319.755722
-0.75,1,319.759288
-1.25,3,319.768384
-0.25,2,319.775357
0.75,1,319.779528
0.25,4,319.798101
0.75,3,319.811735
1.75,6,319.832962
0.25,3,319.841985
-0.25,2,319.848413
-0.75,1,319.851704
-0.25,2,319.857739
-0.25,2,319.863948
11.0,22,319.938232
12.0,19,319.995214
0.75,4,320.006543
1.75,6,320.023267
1.25,5,320.03739
5.25,13,320.074729
0.25,3,320.083331
0.75,5,320.097017
0.75,1,320.100013
0.75,1,320.103092
-1.25,1,320.106242
-0.75,1,320.109503
-0.75,1,320.112662
-0.25,2,320.118381
0.25,3,320.128166
-15.75,19,320.182335
6.0,12,320.21412
0.75,1,320.217119
0.75,4,320.227814
-0.75,1,320.230713
7.75,18,320.282901
-0.25,2,320.293828
-1.25,3,320.305089
0.75,1,320.308162
0.75,4,320.320062
-0.75,1,320.323302
-11.25,13,320.856886
-0.75,1,320.8615
-3.75,4,320.878781
0.25,3,320.89074
3.25,7,320.917856
2.25,4,320.936279
0.75,1,320.939863
4.25,8,320.963522
-0.25,2,320.972704
0.25,3,320.985978
0.75,4,320.99844
-0.75,1,321.002224
-0.25,2,321.007947
4.25,12,321.049094
0.75,1,321.053085
8.25,18,321.140595
-0.25,2,321.147348
0.75,1,321.150978
1.5,18,321.206001
-0.75,1,321.208978
-0.25,2,321.214967
3.25,7,321.234086
-1.75,14,321.270671
-0.25,2,321.276258
1.75,6,321.294703
-6.25,8,321.318833
6.0,12,321.349519
4.25,11,321.379836
-0.75,1,321.383204
10.5,12,321.416433
-0.25,2,321.423047
-0.25,2,321.428638
1.75,6,321.444904
-0.25,2,321.450693
0.25,3,321.459779
0.75,10,321.48576
-20.25,25,321.554148
8.25,19,321.606017
4.75,12,321.637286
-3.75,16,321.680018
2.75,5,321.693205
-0.75,1,321.695995
0.75,1,321.698655
-0.75,1,321.701492
-1.25,3,321.709194
-0.25,2,321.714317
3.25,8,321.734341
-0.25,2,321.739363
-0.25,2,321.745661
1.75,5,321.76509
9.75,16,321.811682
-0.25,2,321.817269
6.0,12,321.853715
-4.25,6,321.874247
-0.25,2,321.881752
-1.25,3,321.890818
0.75,4,321.903255
-0.75,1,321.907351
-0.25,2,321.914527
-1.25,3,321.92512
2.25,7,321.949295
0.25,3,321.9574
-0.25,2,321.963213
-0.25,2,321.969526
-0.75,1,321.972605
0.75,1,321.975974
-0.75,1,321.97958
16.5,22,322.036832
-0.75,1,322.039802
8.0,16,322.080038
5.75,14,322.121149
0.25,3,322.129492
-0.75,1,322.132473
-0.25,2,322.138188
-0.75,1,322.141048
0.75,4,322.151198
0.25,3,322.15865
5.25,13,322.190509
0.25,3,322.198749
-0.75,1,322.20185
2.75,8,322.2243
-6.25,8,322.247133
3.25,9,322.2718
-4.25,6,322.2888
2.75,7,322.307978
-0.25,2,322.313595
-0.75,1,322.317373
-0.25,2,322.323362
-0.75,1,322.32622
3.0,15,322.678746
10.75,19,322.730082
0.75,4,322.740519
3.75,8,322.761149
-0.25,2,322.766638
-0.25,2,322.772677
2.75,5,322.7855
1.25,5,322.799222
-0.75,1,322.802786
1.25,5,322.818238
10.0,14,322.853446
-0.25,2,322.858673
-0.25,2,322.863922
-0.25,2,322.869219
-0.75,1,322.872265
0.75,1,322.87487
5.25,13,322.917717
7.25,17,322.968924
11.0,22,323.027374
9.25,18,323.072872
-0.25,5,323.08552
-0.25,2,323.090812
-0.25,2,323.096039
-0.75,1,323.099172
0.75,1,323.102803
-0.75,1,323.106227
18.5,26,323.175557
2.25,7,323.19327
0.25,3,323.200898
-1.75,5,323.214367
-0.25,2,323.220943
6.25,15,323.258076
-1.25,1,323.260736
1.75,6,323.275701
0.75,1,323.278217
-0.25,2,323.283361
0.25,3,323.29073
-0.75,1,323.29333
-0.75,1,323.295943
3.75,10,323.320961
4.25,11,323.350004
7.75,11,323.376507
-0.75,1,323.379201
2.25,7,323.396793
0.75,4,323.406864
0.75,1,323.409447
2.75,8,323.428828
-0.75,1,323.431671
11.5,23,323.490103
2.75,8,323.509996
-1.25,3,323.517748
-1.25,1,323.520497
-1.25,3,323.527963
0.25,3,323.535931
0.75,1,323.538644
1.25,5,323.551488
-2.25,4,323.562443
-0.25,2,323.567904
-0.25,2,323.573284
-1.25,12,323.602529
0.75,1,323.605379
10.25,18,323.649775
-0.25,2,323.65579
-0.75,1,323.658737
4.75,12,323.687468
-0.25,3,323.695173
-0.25,2,323.700899
-0.25,2,323.707799
-0.75,1,323.712373
-0.75,1,323.718116
-11.75,12,323.77513
0.75,1,323.78146
-5.75,6,323.811571
-0.75,7,323.84039
7.25,14,323.890393
0.75,1,323.89344
5.0,16,323.936529
1.25,5,323.95489
0.75,1,323.957733
-0.75,1,323.960537
6.5,13,323.992921
0.25,3,324.002008
11.0,20,324.051121
-6.75,10,324.075634
-0.25,2,324.08087
3.25,9,324.417386
-2.25,4,324.427391
2.25,7,324.446576
1.25,5,324.463653
5.25,13,324.496413
0.75,3,324.504597
-0.25,2,324.509953
-0.75,1,324.512619
-0.75,1,324.515349
9.0,18,324.560396
-0.75,10,324.585013
4.25,11,324.612521
-0.25,2,324.617647
0.25,3,324.625707
0.75,4,324.635641
8.75,18,324.68473
8.0,28,324.759109
-0.25,2,324.76453
-0.25,2,324.77002
-5.0,29,324.847519
-0.75,1,324.850517
3.25,9,324.873473
-0.75,1,324.876441
5.75,13,324.91345
3.75,10,324.945997
5.0,19,324.995311
-0.25,2,325.002048
8.5,17,325.044483
-0.25,2,325.049716
5.25,25,325.112998
-14.25,16,325.153301
0.25,3,325.16112
1.25,5,325.173345
-0.75,1,325.175927
7.75,20,325.229242
-0.25,2,325.234888
0.75,4,325.245291
15.0,28,325.314282
0.75,1,325.317435
-9.25,11,325.349371
5.25,13,325.38213
0.25,3,325.389482
-0.75,1,325.392102
-1.25,1,325.394921
-7.25,21,325.448262
-1.25,3,325.458096
3.75,4,325.469151
-0.25,2,325.474267
0.25,3,325.482012
0.25,3,325.490119
-0.25,2,325.495986
-0.25,3,325.50467
0.75,1,325.507771
0.75,4,325.5191
-0.75,1,325.52208
0.75,4,325.534932
11.0,22,325.594313
6.75,17,325.636305
-14.25,16,325.678304
13.5,30,326.173493
-0.25,3,326.183125
-8.25,10,326.21014
1.25,5,326.223013
-0.25,2,326.228273
1.25,5,326.241653
2.25,7,326.260016
3.75,10,326.285231
0.25,3,326.292991
-0.25,2,326.298316
2.25,15,326.334626
2.75,8,326.35787
3.75,10,326.383176
6.75,16,326.422219
13.75,33,326.50796
7.75,12,326.53826
-0.75,1,326.54119
-15.75,16,326.58355
0.75,1,326.586468
3.25,9,326.610703
-2.75,18,326.664512
-1.75,8,326.685284
6.25,15,326.723976
10.0,22,326.779684
0.75,16,326.821445
-2.75,3,326.82903
6.75,13,326.860412
1.75,6,326.875367
-0.25,2,326.88028
3.75,10,326.904984
11.5,23,326.971097
1.75,3,326.978523
-0.75,1,326.981387
0.75,1,326.984233
-19.0,19,327.032987
3.25,9,327.055724
0.25,4,327.06553
12.5,25,327.130008
-1.25,3,327.138389
1.75,6,327.153962
-0.75,1,327.15687
12.0,21,327.212379
11.5,23,327.272389
0.25,3,327.279678
0.75,1,327.282208
-12.25,20,327.334616
0.25,4,327.347158
-3.75,4,327.36
-2.25,10,327.387945
-0.25,2,327.393544
-1.25,1,327.396718
14.5,22,327.462625
0.25,3,327.471762
-5.75,6,327.488131
5.75,14,327.93157
0.75,4,327.950811
-0.75,1,327.953839
2.5,17,328.003075
4.75,12,328.036338
9.0,18,328.092515
2.75,8,328.126511
-0.75,1,328.132168
7.25,15,328.191158
6.25,12,328.224427
9.0,18,328.272347
0.75,10,328.311762
0.25,3,328.323374
11.5,29,328.431463
0.25,3,328.440861
0.75,4,328.454745
2.75,8,328.47938
-0.25,2,328.487071
-9.25,11,328.530575
-1.25,3,328.542705
7.25,17,328.623886
11.0,20,328.680286
2.25,7,328.70112
-1.25,3,328.709874
-0.75,1,328.712888
0.25,4,328.723924
-3.75,16,328.776972
0.75,1,328.78019
-0.25,2,328.786099
0.75,1,328.789101
4.25,12,328.825199
-0.25,2,328.830498
-0.75,1,328.833364
0.25,3,328.841115
9.75,21,328.896887
7.25,15,328.94297
8.25,19,329.002193
8.25,16,329.04832
8.0,16,329.091576
0.75,1,329.094817
4.75,12,329.125712
0.25,3,329.134155
3.25,9,329.16264
1.25,5,329.18016
0.25,3,329.191632
-0.75,1,329.196565
1.25,5,329.216664
-0.25,2,329.223963
0.75,3,329.233798
11.25,25,329.305203
5.25,13,329.339189
2.75,8,329.360568
7.0,14,329.410009
5.5,17,329.465183
6.0,21,329.530954
15.0,22,330.040894
2.25,7,330.062349
0.75,1,330.066054
0.25,3,330.076194
-0.25,2,330.083007
0.25,3,330.093509
12.0,19,330.155231
3.25,12,330.186585
-0.75,1,330.189739
12.0,18,330.238256
-2.75,3,330.246725
-7.25,9,330.27154
3.25,9,330.296584
0.75,4,330.307798
7.25,17,330.352797
0.75,1,330.355623
-0.75,1,330.358491
0.75,4,330.369568
-2.25,4,330.38235
-0.25,20,330.442377
-0.75,1,330.445592
6.0,12,330.479657
13.0,18,330.557099
-0.25,2,330.565608
14.25,21,330.643519
1.25,5,330.657393
0.25,3,330.665403
2.25,7,330.684362
5.75,12,330.724831
9.25,19,330.778214
-0.75,1,330.781585
12.5,23,330.857553
-0.25,11,330.886894
-0.75,1,330.889851
6.25,15,330.945412
-0.75,1,330.948599
0.75,1,330.952855
-0.75,1,330.956294
1.25,5,330.970616
-0.75,1,330.974626
-0.75,1,330.97816
7.75,15,331.02158
-0.25,2,331.029362
-1.25,1,331.033698
-2.25,4,331.051753
1.0,20,331.148984
-2.25,11,331.199639
2.25,7,331.221455
7.5,18,331.288785
-3.25,5,331.317204
9.5,18,331.389972
1.25,5,331.403488
-0.75,1,331.407546
10.5,20,331.467548
0.25,3,331.47748
0.25,3,331.487697
-0.25,2,331.494868
3.75,7,331.525024
0.75,1,331.529311
4.25,11,331.584394
3.75,6,331.600443
-3.75,4,331.611629
11.5,23,331.693329
3.25,15,331.757106
-0.75,1,331.762383
1.75,5,332.173845
-0.75,1,332.17822
8.75,12,332.229267
-0.25,2,332.237839
3.75,7,332.258011
-0.75,1,332.261553
-0.75,1,332.264541
-1.25,3,332.273665
0.75,1,332.277503
12.5,24,332.339803
-0.75,1,332.342834
-2.25,4,332.353163
-4.25,6,332.370023
0.75,1,332.373039
-7.75,17,332.41978
1.75,6,332.435848
-0.75,1,332.438766
0.25,3,332.447007
10.5,15,332.486673
-0.75,1,332.489415
9.25,19,332.542221
4.25,11,332.585445
1.25,5,332.606165
0.75,1,332.610806
-3.75,4,332.628657
0.75,1,332.632086
-0.75,1,332.635144
-0.25,2,332.641014
0.75,1,332.644032
12.5,25,332.706779
2.75,14,332.745634
17.75,20,332.79885
-12.25,23,332.85813
7.5,21,332.910198
0.75,4,332.921876
-3.25,11,332.951163
-1.75,8,332.973926
-0.25,2,332.97928
-5.25,7,332.996841
10.75,15,333.034505
1.75,6,333.049484
6.75,16,333.089791
12.5,25,333.15016
3.75,6,333.1651
6.75,16,333.204145
12.75,28,333.294323
3.25,6,333.327871
10.25,21,333.459345
-1.25,3,333.477838
5.0,22,333.6054
1.25,5,333.638237
3.75,19,333.725585
-18.5,32,333.942968
2.25,7,334.965347
-0.75,1,334.973295
14.5,29,335.169986
4.5,18,335.288644
0.25,3,335.312308
5.75,14,335.416432
-3.0,18,335.555597
-7.25,9,335.617888
3.25,9,335.679769
-0.75,1,335.688415
2.75,5,335.726639
-0.25,2,335.738382
-1.75,8,335.799421
0.75,1,335.80767
4.75,12,335.881998
0.25,3,335.897548
7.75,16,335.995463
0.75,4,336.020604
2.75,7,336.075424
10.5,19,336.181553
-0.75,1,336.188245
-0.75,1,336.195505
0.25,3,336.218251
10.75,27,336.423661
-0.25,2,336.44022
5.75,8,336.501128
2.25,7,336.563282
-6.25,8,336.638245
0.75,1,336.64815
-0.75,1,336.658197
3.25,9,336.739527
5.25,13,336.862833
9.5,19,337.038669
-0.75,1,337.049284
1.5,18,337.225002
0.75,4,337.271451
9.0,18,337.394011
-0.25,3,337.410095
-10.75,14,337.484337
-0.25,2,337.49336
5.25,13,337.56094
-0.75,1,337.568355
-0.25,2,337.578279
2.75,8,337.613011
-0.75,1,337.618396
-0.25,2,337.628963
0.75,1,337.634855
3.25,9,337.680273
0.75,4,337.702903
6.5,13,337.770654
0.25,3,337.789199
5.75,14,337.872752
1.25,5,337.904212
-1.25,6,337.94144
6.75,10,338.010364
0.75,3,338.027085
21.5,29,338.168622
0.75,4,338.190358
5.5,23,338.310554
-9.5,17,339.59185
-0.75,1,339.602019
7.75,10,339.68176
-0.25,2,339.692978
6.25,18,339.830939
17.0,25,340.012801
12.0,23,340.118148
-4.75,17,340.196591
-0.25,2,340.206195
-2.25,4,340.223973
-0.75,7,340.257317
-2.75,9,340.295868
3.0,17,340.371978
-3.25,5,340.39268
0.25,3,340.405157
-0.25,2,340.417832
-0.75,1,340.423199
5.75,14,340.489958
2.75,8,340.525785
7.75,18,340.611572
-0.75,1,340.61898
-5.25,7,340.669277
-0.75,1,340.677697
-9.25,11,340.756061
-1.25,1,340.764377
6.0,21,340.876615
-1.25,10,340.935101
1.75,6,340.973708
11.5,22,341.150541
-0.75,1,341.158413
10.5,21,341.302798
0.75,1,341.311043
0.75,4,341.340802
13.5,22,341.499753
5.25,13,341.592692
7.25,15,341.697377
-0.25,2,341.712055
-0.75,1,341.720088
1.25,5,341.757456
10.5,30,341.87853
2.75,6,341.895564
0.5,16,341.975023
-0.75,1,341.978254
-0.75,1,341.981655
-0.75,1,341.98501
0.25,3,341.997594
-13.25,15,342.044961
6.25,15,342.087639
0.75,4,342.099255
12.0,19,342.154038
-0.75,1,342.15701
0.75,4,342.168969
3.0,18,342.217104
1.25,5,342.230833
-0.25,2,342.236478
0.75,1,342.239471
0.75,4,342.250664
-0.25,2,342.260104
2.75,8,342.28935
8.0,14,342.761122
10.5,21,342.819099
6.25,12,342.850712
12.5,24,342.909257
-8.25,10,342.940743
2.25,7,342.963061
9.0,18,343.011739
6.75,16,343.057985
-2.25,4,343.069139
10.25,23,343.143351
6.0,12,343.202017
3.75,10,343.253983
5.25,13,343.296351
5.75,14,343.335022
9.5,18,343.386839
6.75,16,343.431842
-0.75,1,343.435556
-2.25,4,343.447761
-3.25,5,343.472176
-0.75,10,343.512001
-5.25,7,343.530876
-4.0,22,343.592204
6.0,12,343.625431
-3.0,18,343.675324
0.75,4,343.686396
-9.25,11,343.718181
3.25,9,343.741518
-0.25,2,343.746926
-0.75,1,343.749892
4.5,12,343.781166
0.25,3,343.790888
8.75,20,343.846573
2.25,7,343.865481
6.25,15,343.903499
9.0,18,343.964226
1.0,19,344.015184
6.75,16,344.063681
2.25,7,344.083314
2.75,8,344.104719
-3.25,5,344.117922
14.5,22,344.177948
3.75,10,344.203986
-0.75,1,344.207052
-0.25,2,344.212487
11.0,20,344.607071
12.0,24,344.670507
-8.25,22,344.729209
17.0,34,344.81581
-6.5,20,344.871775
0.75,1,344.875142
-11.25,14,344.916621
-0.75,1,344.919897
-4.25,6,344.940506
-0.25,3,344.952193
-0.75,1,344.95565
-0.75,1,344.958951
1.75,6,344.975214
0.25,3,344.983471
2.25,7,345.003848
16.5,26,345.079308
-1.25,3,345.087957
-7.75,17,345.133065
9.0,18,345.18288
-2.75,6,345.199146
0.75,1,345.202153
-5.25,7,345.220685
6.75,16,345.264611
-0.25,2,345.27029
9.25,20,345.325974
-4.25,6,345.342041
1.75,18,345.389069
1.25,5,345.405036
8.0,16,345.447306
2.75,8,345.470812
-7.25,14,345.512381
10.25,23,345.57798
2.25,7,345.597503
9.5,19,345.654128
-0.75,1,345.6572
-8.0,20,345.711487
16.5,33,345.803757
7.75,18,345.856997
2.25,4,345.868147
13.25,16,345.909021
7.75,18,345.981266
3.0,24,346.429486
-3.75,7,346.44793
-0.25,2,346.453675
-4.75,26,346.527097
5.25,13,346.561669
-0.25,2,346.566975
5.75,14,346.607047
-8.25,10,346.636136
-0.25,2,346.642105
0.75,1,346.645229
10.0,15,346.684651
3.75,10,346.710166
11.0,22,346.769474
4.75,12,346.804315
-0.25,2,346.811264
-2.25,4,346.824871
-0.75,1,346.828654
7.5,15,346.875121
0.25,3,346.884744
28.0,37,346.991489
0.25,3,346.999648
-0.25,3,347.00814
0.75,1,347.011008
-12.75,25,347.076945
18.75,30,347.158629
-1.25,3,347.166732
17.0,30,347.248355
15.5,24,347.314409
-0.75,1,347.317529
-0.25,2,347.323076
8.0,16,347.365236
10.5,21,347.421168
-1.25,3,347.43141
3.25,9,347.459261
-0.75,1,347.463692
12.5,25,347.538313
-3.75,7,347.558316
11.25,25,347.627611
9.25,30,347.713153
12.5,25,347.785873
-0.25,2,347.791618
9.25,13,347.827657
-14.5,19,348.216613
7.75,18,348.265815
6.75,11,348.297211
0.25,12,348.329859
2.25,7,348.348842
11.75,17,348.395308
-8.5,16,348.440245
-0.25,2,348.446083
0.25,3,348.454614
8.0,16,348.502641
1.75,6,348.519171
-0.25,2,348.525291
2.25,7,348.545672
9.5,19,348.598769
7.25,11,348.62853
-0.25,2,348.634828
10.25,21,348.696329
-1.25,3,348.704985
-2.25,4,348.716969
0.75,1,348.720967
0.75,1,348.724461
6.75,22,348.789084
1.25,5,348.802903
8.5,17,348.85055
9.5,18,348.901744
0.75,1,348.904922
1.75,4,348.917065
5.5,17,348.970204
-0.25,2,348.976757
8.25,19,349.030421
6.0,12,349.064169
7.0,14,349.102942
5.0,13,349.13914
14.0,28,349.214484
3.75,10,349.240924
-0.25,2,349.246515
0.75,1,349.249455
-0.75,1,349.25261
-4.25,6,349.269847
10.0,20,349.324575
4.5,12,349.356949
8.5,17,349.40293
11.75,28,349.482689
-0.75,1,349.485809
7.5,21,349.547567
-2.25,4,349.55897
-3.75,10,349.586207
8.25,12,349.61976
8.5,20,350.039728
-0.25,2,350.045265
-0.25,2,350.050975
-4.75,5,350.064076
-18.5,32,350.15086
10.0,23,350.213679
0.25,3,350.221866
-0.25,2,350.227613
8.5,17,350.271773
-1.75,11,350.300763
2.75,26,350.374519
4.75,12,350.407937
3.75,10,350.438653
-12.25,26,350.519028
5.25,11,350.552275
3.75,6,350.572131
8.25,19,350.62595
3.25,5,350.641428
-2.25,4,350.655482
-5.75,18,350.707713
-0.75,1,350.710759
-1.25,1,350.713734
-2.0,20,350.7715
2.25,4,350.783064
2.25,7,350.80288
1.75,11,350.833645
0.75,1,350.836681
0.75,1,350.839743
-1.25,1,350.842865
-0.75,1,350.846084
6.5,13,350.883093
-0.25,2,350.888872
2.75,8,350.911389
0.25,3,350.921378
-0.75,10,350.953989
1.75,6,350.971438
3.25,9,351.000666
0.75,1,351.004062
0.75,4,351.016253
2.25,4,351.028353
0.75,4,351.039811
15.0,29,351.129199
8.25,17,351.180498
3.0,17,351.23244
0.75,1,351.235661
3.25,9,351.262174
13.5,23,351.334062
0.25,3,351.344036
3.25,9,351.370128
-0.25,2,351.377053
6.25,15,351.420368
-0.25,2,351.426107
6.0,12,351.461547
-1.25,1,351.467355
1.75,18,351.892013
-1.25,3,351.900851
25.75,34,352.005265
1.75,6,352.022713
-5.0,26,352.093753
12.0,23,352.161155
10.5,21,352.218382
4.25,11,352.251306
-11.0,26,352.317299
6.5,15,352.356429
3.5,19,352.403433
8.0,16,352.443415
15.5,25,352.506368
7.25,14,352.546409
3.25,7,352.566003
0.75,4,352.578403
-2.25,4,352.589324
-0.25,3,352.597017
-11.75,37,352.693063
-0.25,2,352.698452
-1.25,3,352.706178
-0.25,2,352.711515
5.25,14,352.745968
-0.25,2,352.751102
12.25,19,352.801575
9.5,19,352.848273
18.25,31,352.947734
0.75,1,352.951332
-0.25,2,352.957818
0.25,3,352.971134
-0.25,2,352.977362
26.75,35,353.081874
8.5,20,353.137406
0.75,3,353.145954
3.0,15,353.183844
6.0,12,353.214076
0.25,4,353.224545
4.25,11,353.254843
-0.25,2,353.260072
-3.25,5,353.274444
-2.25,4,353.285311
1.75,6,353.700665
0.75,1,353.705004
4.25,11,353.742582
0.75,4,353.757995
2.25,7,353.782188
3.75,22,353.847979
12.0,19,353.896217
9.25,21,353.955109
4.75,12,353.987186
-9.25,11,354.019219
-0.25,2,354.025568
-0.25,2,354.031721
-10.75,14,354.071591
0.75,1,354.074519
-0.75,1,354.077847
2.5,14,354.115044
-8.0,20,354.16932
-0.25,2,354.174679
-13.0,13,354.209652
3.5,19,354.260339
-0.75,1,354.263151
2.25,7,354.282033
5.25,9,354.305529
-0.25,2,354.311601
1.25,5,354.325574
-0.75,1,354.328865
-11.0,29,354.408449
0.75,4,354.42093
0.25,12,354.453156
13.0,24,354.51854
0.25,3,354.526421
0.75,1,354.529327
-0.25,2,354.534581
10.5,21,354.589586
0.75,1,354.592376
10.0,20,354.646511
6.0,21,354.709302
-1.25,1,354.712735
7.5,15,354.7591
10.0,17,354.80637
5.25,9,354.828941
-3.75,4,354.840076
-0.25,2,354.84606
1.75,3,354.854302
3.5,19,354.900458
7.5,21,354.954682
6.75,28,355.02505
-1.25,1,355.027831
0.75,4,355.038355
9.5,19,355.086937
6.0,18,355.484996
-8.25,10,355.510728
-1.25,3,355.51854
9.0,18,355.562876
5.0,13,355.595495
-5.25,7,355.612952
-0.25,2,355.617887
5.25,19,355.663818
5.5,20,355.713306
5.0,19,355.7624
2.25,7,355.7806
-8.5,19,355.83617
0.25,4,355.847874
14.5,22,355.906088
0.25,6,355.922135
4.25,11,355.953345
2.0,25,356.026361
0.25,6,356.044513
10.5,21,356.099411
-0.25,11,356.12625
0.75,1,356.128818
12.5,23,356.191125
-0.25,2,356.196553
-0.25,2,356.201708
-1.25,3,356.209306
13.5,19,356.255254
19.5,39,356.351153
9.75,22,356.40704
9.0,18,356.456899
1.5,18,356.508175
-0.25,2,356.514474
15.0,30,356.597024
5.5,20,356.648584
-2.25,4,356.658725
15.0,28,356.726578
9.25,21,356.777948
-2.25,4,356.788115
1.75,27,357.266843
-9.5,14,357.303252
0.75,1,357.306198
-1.25,1,357.308994
6.75,13,357.342016
-1.75,8,357.362903
0.75,1,357.366715
3.75,10,357.401033
10.5,21,357.459844
11.5,23,357.51889
21.0,31,357.602154
5.75,14,357.63812
12.5,37,357.732144
1.75,6,357.748128
6.5,15,357.785071
4.75,12,357.81541
3.25,9,357.838408
7.5,15,357.875393
-0.25,2,357.881309
6.25,14,357.91724
-15.0,15,357.964492
7.25,17,358.007451
14.0,28,358.080262
-0.25,2,358.085931
10.0,20,358.139411
12.5,24,358.205641
0.25,3,358.215662
6.5,13,358.256597
0.25,4,358.271094
-12.0,30,358.356894
11.25,25,358.426955
-0.25,2,358.432977
12.0,24,358.505832
-1.25,3,358.516032
21.5,42,359.166081
7.0,14,359.250642
2.75,8,359.283261
3.25,9,359.312281
-0.25,2,359.319692
-0.25,2,359.326547
14.5,23,359.388333
-0.25,5,359.401959
2.25,7,359.42118
32.0,48,359.553133
3.75,31,359.646416
-1.25,3,359.656605
0.25,3,359.666
7.75,18,359.723985
7.0,14,359.777058
9.0,18,359.825341
-0.25,2,359.830602
10.5,21,359.885304
-2.75,6,359.900771
15.5,43,360.024752
0.75,1,360.027818
2.75,6,360.044322
-0.25,2,360.050146
-15.25,17,360.09258
1.25,5,360.105576
-6.25,23,360.163046
4.25,11,360.199148
1.75,6,360.219136
0.25,3,360.227972
-0.25,2,360.234321
9.0,17,360.285942
9.0,18,360.336119
-0.25,2,360.342668
3.75,6,360.359735
-0.25,2,360.366277
-5.75,15,360.411577
-0.25,2,360.418545
-3.75,10,360.450543
12.75,15,360.491036
3.75,10,360.516356
-3.25,11,360.543608
2.75,7,360.561387
10.0,20,360.614369
6.5,19,361.035718
-0.25,2,361.041871
-0.25,2,361.048247
-0.75,1,361.051751
-0.25,3,361.062182
1.0,20,361.117293
10.0,17,361.160902
-3.75,4,361.171494
0.5,16,361.224061
2.25,7,361.244279
-2.75,3,361.252022
4.75,12,361.282896
-0.75,1,361.286062
1.25,5,361.299
7.0,14,361.334055
4.75,12,361.364998
6.5,13,361.40221
-1.25,1,361.405174
-0.25,2,361.410545
5.25,13,361.446926
-0.75,1,361.449812
-0.75,1,361.45277
-2.25,4,361.463595
-0.25,2,361.470567
11.5,29,361.558817
-2.25,4,361.570652
-6.25,8,361.592863
-0.75,1,361.595691
0.25,3,361.604985
0.25,3,361.613357
11.25,22,361.670307
4.75,12,361.701213
1.25,23,361.76035
3.75,10,361.7872
-0.25,2,361.792403
-0.75,1,361.795291
5.75,17,361.837072
5.75,14,361.871242
-5.75,12,361.900612
3.0,24,361.976935
5.75,14,362.014799
7.75,15,362.06127
6.5,13,362.10112
-0.25,2,362.107491
-3.25,5,362.124497
2.75,8,362.149247
0.75,1,362.152578
0.75,3,362.162701
0.25,3,362.173266
0.75,3,362.182699
5.75,14,362.219944
6.0,17,362.264216
10.5,16,362.306082
11.0,22,362.368063
-0.25,2,362.374562
13.5,20,362.428138
5.5,23,362.8478
25.5,36,362.95407
9.25,18,363.006615
9.0,18,363.055062
-2.25,4,363.065815
0.25,3,363.074471
-9.0,24,363.148763
-1.0,19,363.201901
8.5,17,363.24802
-0.25,2,363.253639
3.75,10,363.280197
19.0,47,363.419243
-2.25,4,363.431961
11.25,25,363.50251
-1.75,8,363.524196
8.25,19,363.580746
12.0,18,363.630888
9.0,18,363.68241
15.25,25,363.750227
13.5,33,363.838284
15.75,30,363.928487
-0.75,1,363.932071
5.75,14,363.976811
1.25,5,363.991821
16.5,27,364.068452
9.25,14,364.111821
6.75,25,364.183093
7.0,17,364.231552
1.25,5,364.246792
13.75,30,364.76201
9.5,19,364.817181
-3.25,14,364.856561
-12.75,13,364.890871
0.75,4,364.901299
21.0,42,365.030734
-0.25,2,365.036612
4.75,8,365.063628
8.5,17,365.114095
-0.75,1,365.117059
0.25,3,365.125503
-11.25,13,365.160694
3.75,10,365.189247
0.25,3,365.197491
0.75,13,365.232405
8.0,16,365.274671
-0.25,2,365.280394
8.25,18,365.333876
8.5,17,365.394767
4.75,11,365.427468
-0.75,1,365.431451
0.75,1,365.435492
0.75,3,365.44568
9.0,18,365.502242
-0.75,1,365.506603
10.0,20,365.563285
10.75,13,365.599086
-0.75,1,365.602
0.5,16,365.643101
-0.75,1,365.646063
7.5,18,365.696103
8.5,17,365.747199
3.25,5,365.760759
3.25,9,365.78644
15.5,30,365.85985
2.5,14,365.894779
12.5,25,365.96288
6.25,15,366.002207
-0.75,1,366.005672
-0.25,2,366.012853
5.25,13,366.049386
-2.25,16,366.090099
-3.75,10,366.118605
-4.75,8,366.142637
5.5,20,366.587662
-2.25,7,366.604955
8.5,20,366.654375
8.75,23,366.710557
9.5,35,366.799538
22.5,25,366.861496
-4.75,23,366.922683
-0.25,2,366.929547
9.5,14,366.970732
15.5,29,367.090882
7.0,14,367.148878
-10.75,23,367.222211
10.5,21,367.282752
2.25,16,367.354707
-24.25,26,367.454059
-0.25,2,367.461007
5.5,17,367.521926
-2.0,14,367.557888
7.25,23,367.615184
10.5,25,367.679985
-1.25,3,367.688837
3.5,16,367.733362
12.0,24,367.803597
13.5,19,367.854349
-3.5,26,367.925563
2.25,7,367.948922
8.0,16,367.994072
6.5,19,368.045624
5.0,13,368.415262
-0.25,2,368.42079
2.25,6,368.43714
1.5,18,368.48844
-0.25,2,368.495481
-11.0,29,368.573478
5.75,15,368.613001
5.25,13,368.651401
0.75,1,368.654586
7.25,16,368.699025
-1.25,1,368.702203
6.5,15,368.744311
1.75,5,368.758002
6.75,16,368.802113
0.25,3,368.810533
-35.25,43,368.930583
-7.25,9,368.958133
9.25,18,369.005606
0.75,1,369.008571
11.0,15,369.047862
12.75,23,369.120421
6.0,12,369.169118
12.0,24,369.265188
7.25,17,369.342822
9.0,24,369.433208
-0.25,2,369.439122
4.75,12,369.472971
11.75,32,369.556897
13.5,24,369.616942
1.25,17,369.660522
-0.75,1,369.66327
-0.25,2,369.668779
-5.75,6,369.683552
-6.75,18,369.73235
10.5,21,369.789315
-0.75,1,369.792496
-1.25,3,369.802333
-0.25,2,369.808084
-0.25,2,369.813899
0.75,1,369.81706
-0.25,2,369.822836
8.75,20,369.881056
9.0,18,370.335951
-2.25,4,370.354208
-0.25,2,370.360364
-0.25,2,370.367019
-0.25,2,370.373367
10.75,18,370.423103
8.5,17,370.474071
-10.5,18,370.532346
1.25,5,370.546782
-0.25,2,370.553427
15.5,23,370.615664
13.0,22,370.673357
2.75,8,370.696533
0.75,1,370.699601
-0.25,2,370.705528
0.75,1,370.708523
-0.75,1,370.711611
0.25,3,370.720097
3.75,10,370.747255
8.0,14,370.785293
7.75,15,370.829506
0.75,1,370.832544
4.75,8,370.856442
9.75,20,370.908982
4.25,11,370.940743
-0.25,2,370.947204
8.75,20,371.010104
8.5,17,371.061642
-0.75,1,371.068355
7.75,15,371.110992
9.25,21,371.205227
-3.25,17,371.250964
-1.25,3,371.259041
8.0,14,371.295116
-0.25,2,371.300726
6.5,16,371.372101
10.25,23,371.437731
-0.25,2,371.444759
-16.75,23,371.509836
-0.25,2,371.515532
1.25,5,371.529374
6.75,15,371.581888
-0.75,1,371.585932
0.25,12,371.637388
4.75,12,371.695718
7.0,14,371.739282
11.75,21,371.810443
16.25,28,371.888781
-0.25,2,371.89444
7.25,20,372.372956
0.75,1,372.376021
1.25,5,372.390367
-0.75,1,372.393518
15.5,25,372.464829
-2.25,4,372.478568
3.25,9,372.505263
-4.25,6,372.522243
0.25,3,372.530876
0.75,4,372.542639
0.25,3,372.551197
5.75,14,372.58658
0.75,1,372.589476
6.0,21,372.645236
-0.75,1,372.648546
1.25,5,372.662678
-1.25,3,372.67153
0.75,1,372.674716
-0.75,1,372.678174
0.25,3,372.686966
6.25,14,372.739868
0.25,3,372.749467
0.75,5,372.764279
8.5,26,372.857082
0.25,3,372.866601
4.25,11,372.897369
-0.25,2,372.90348
7.75,17,372.964639
0.25,3,372.976629
-1.25,3,372.986252
-5.5,19,373.045566
-0.25,2,373.053398
12.25,21,373.128869
0.25,3,373.14477
0.75,1,373.150073
5.75,14,373.224675
-1.5,18,373.346557
4.25,11,373.383966
-0.75,1,373.386954
-0.25,2,373.392528
3.75,10,373.419209
-0.75,1,373.422204
-0.25,2,373.428173
10.75,24,373.496828
-0.75,1,373.499839
-0.25,2,373.505071
-1.25,1,373.508384
3.25,15,373.54932
0.75,4,373.560489
-0.75,1,373.563524
7.25,16,373.609206
-0.25,2,373.619869
-11.0,23,373.696316
8.25,16,373.741512
10.0,20,373.802625
8.5,17,373.862578
-0.75,1,373.867303
9.0,18,373.941703
0.75,4,373.959687
0.75,1,373.963598
11.5,26,374.04974
-0.75,1,374.053449
0.75,1,374.057324
8.5,17,374.504805
-0.25,2,374.511041
-0.25,2,374.517082
-9.5,23,374.584106
3.25,9,374.614894
10.25,20,374.677102
-1.25,1,374.680079
3.75,10,374.705246
4.5,18,374.750782
0.25,3,374.758634
11.5,21,374.813838
-16.5,24,374.876474
-0.25,2,374.888063
10.5,21,374.959347
11.5,23,375.01683
-0.25,2,375.022368
3.0,14,375.060461
-0.25,2,375.065424
10.5,21,375.123585
8.25,19,375.179673
0.75,1,375.18371
0.75,1,375.187203
-0.25,2,375.193756
0.75,1,375.196815
-0.25,2,375.202577
10.0,18,375.259791
4.75,12,375.310224
2.25,7,375.341711
0.75,3,375.354167
-4.75,23,375.444679
2.75,8,375.474124
4.75,12,375.512572
-16.25,18,375.569299
6.75,9,375.593124
-0.75,1,375.596192
10.5,21,375.654128
8.0,16,375.695552
3.75,4,375.70708
-1.25,3,375.715717
8.25,11,375.747421
6.5,13,375.790136
11.5,19,375.866011
-13.0,13,375.92759
-0.75,1,375.933494
11.25,19,375.996732
0.75,1,376.001606
7.75,12,376.036022
8.0,16,376.805284
-0.25,2,376.81125
-11.25,13,376.846985
10.5,16,376.898113
-0.25,2,376.903952
10.5,21,376.97336
0.25,3,376.981558
0.75,4,376.99243
-0.25,2,376.998041
-0.25,2,377.003778
0.75,1,377.0068
-13.75,14,377.04395
5.0,16,377.08553
0.75,1,377.088681
6.75,16,377.132314
-0.25,2,377.137786
-0.75,1,377.140827
1.25,5,377.154815
-0.25,2,377.160531
2.75,8,377.182918
-0.25,2,377.18861
2.75,17,377.238928
-0.25,2,377.244565
-0.25,2,377.25026
-0.25,2,377.261552
5.25,13,377.311206
0.25,3,377.319509
0.75,7,377.337967
4.25,11,377.366284
5.75,13,377.39987
4.5,18,377.450718
-1.25,1,377.454826
-1.25,3,377.465687
-0.25,2,377.473274
-0.75,1,377.476928
-1.25,1,377.480384
0.75,4,377.49372
0.75,1,377.497608
-13.25,19,377.569374
6.0,12,377.626637
-1.25,3,377.635371
3.25,9,377.65972
1.25,5,377.673007
-0.25,2,377.67869
12.75,26,377.743942
5.75,8,377.763985
-1.25,3,377.772257
-0.25,2,377.777857
-0.75,1,377.781216
2.25,4,377.792405
0.75,1,377.795184
9.0,18,377.849496
10.0,21,377.9146
2.25,7,377.935561
1.25,5,377.950391
5.25,16,377.995538
-0.25,2,378.0022
-0.75,1,378.0055
1.25,5,378.019824
0.75,1,378.022961
-0.75,1,378.026002
-0.75,1,378.029009
10.0,20,378.097116
-1.25,3,378.107893
6.75,16,378.172598
0.25,3,378.18276
0.75,3,378.192453
-0.25,2,378.198584
-0.75,1,378.20167
4.75,12,378.234189
-3.25,5,378.247501
10.25,19,378.299661
-0.25,2,378.30529
11.5,18,378.775165
4.25,11,378.81509
0.75,1,378.818757
-0.25,2,378.825173
-0.75,1,378.828421
-0.75,1,378.831628
-27.0,27,378.9974
4.75,12,379.032332
12.5,23,379.09743
-0.75,1,379.100364
1.75,6,379.118242
0.75,4,379.130206
0.75,1,379.133332
2.25,7,379.152085
3.75,10,379.178503
0.25,3,379.186549
8.0,16,379.239284
-0.75,1,379.242357
-7.0,19,379.292372
-0.75,1,379.295366
-1.25,1,379.29838
-0.25,2,379.303968
0.25,3,379.312649
-10.25,15,379.351961
13.25,23,379.421227
0.25,3,379.431285
0.75,1,379.434641
-0.25,2,379.442358
-0.25,2,379.449937
9.5,19,379.522689
0.75,4,379.535653
-0.25,5,379.550973
3.25,9,379.575229
6.75,16,379.617414
6.75,22,379.676485
2.25,7,379.695344
-1.25,3,379.703629
-0.75,1,379.706935
-0.75,1,379.709842
-0.25,2,379.71524
-0.75,1,379.718352
-0.75,1,379.721314
-0.75,1,379.724322
7.0,14,379.762284
11.0,22,379.83157
-0.75,1,379.834727
7.75,17,379.880218
5.25,14,379.919521
15.5,30,380.00736
-0.25,2,380.015061
6.25,15,380.067356
38.75,50,380.253366
7.5,15,380.294919
13.0,21,380.351524
8.5,17,380.398606
8.25,19,380.836426
5.25,13,380.888999
18.0,32,381.233207
-9.0,21,381.324248
-0.25,2,381.330093
7.25,17,381.412223
-5.25,7,381.435346
0.25,3,381.445729
-2.25,4,381.459878
-0.25,2,381.477413
13.5,24,381.606444
-0.25,2,381.613885
-0.25,2,381.620061
5.75,14,381.670962
0.75,3,381.681587
3.75,10,381.715989
-0.75,1,381.719541
10.0,16,381.785482
0.25,3,381.797395
9.25,17,381.859592
8.5,17,381.93882
6.0,12,381.99303
7.25,12,382.064151
-0.75,1,382.072223
-0.25,2,382.087
-5.25,25,382.200612
15.0,22,382.264614
-10.25,18,382.335382
0.75,1,382.343342
-0.25,2,382.361566
-3.25,5,382.39045
1.25,5,382.406261
-2.25,4,382.418602
-0.75,1,382.421933
-1.25,3,382.432503
6.75,16,382.496167
-0.5,14,382.596843
7.5,21,382.707115
8.0,16,382.825604
4.75,12,382.906472
-0.75,1,382.91551
14.0,28,383.07963
9.5,28,383.170999
2.75,20,383.250965
9.0,18,383.872363
3.25,5,383.886373
-0.25,2,383.89218
9.25,19,383.955083
4.25,14,384.012399
-0.25,2,384.028241
4.75,12,384.084825
0.75,3,384.093788
8.0,14,384.143693
6.75,16,384.194718
-7.25,9,384.234745
0.75,4,384.250167
10.0,19,384.331653
-0.75,1,384.336977
-0.25,2,384.347195
-0.75,1,384.352885
0.25,3,384.36895
3.75,10,384.414029
-0.25,2,384.424673
6.25,11,384.474886
2.0,16,384.551054
2.25,4,384.568092
-1.25,1,384.572448
12.5,25,384.652903
11.0,15,384.693921
-0.25,8,384.719746
-2.25,4,384.731231
-1.75,5,384.744993
-0.75,10,384.77464
-0.25,2,384.781432
10.5,18,384.84312
-1.25,1,384.84628
-0.25,11,384.876622
0.75,1,384.879931
-2.75,3,384.888321
20.75,24,384.972992
-2.25,4,384.984234
6.75,16,385.032861
7.0,26,385.12254
1.25,5,385.139195
-0.75,1,385.143255
10.5,16,385.201512
1.25,5,385.219614
6.75,16,385.33961
-0.75,1,385.350657
4.25,9,385.395218
-4.25,6,385.421612
11.25,23,385.512167
-0.25,2,385.524069
-6.0,29,385.664135
5.25,13,385.705474
6.5,13,385.750223
-0.25,2,385.756756
-16.0,16,385.805822
11.0,18,386.399188
9.25,23,386.46651
7.5,15,386.518714
12.5,25,386.607804
-3.75,10,386.653226
7.5,15,386.721737
1.75,6,386.749529
7.25,13,386.806621
1.25,5,386.826128
15.5,23,386.924887
-0.25,2,386.931796
-0.75,1,386.937121
6.75,10,386.970875
-0.25,2,386.978281
8.0,16,387.031526
0.25,3,387.044977
1.75,6,387.06917
5.75,14,387.165186
0.75,1,387.171389
9.5,19,387.233673
11.75,21,387.29575
-16.5,21,387.354033
7.75,18,387.40989
2.25,7,387.434625
-0.75,1,387.438837
9.5,19,387.497291
-1.25,3,387.507258
7.25,11,387.546529
3.25,9,387.577969
7.25,11,387.607856
-7.25,21,387.663248
4.75,12,387.692973
21.5,29,387.766589
6.75,22,387.825252
-3.0,15,387.863008
10.0,19,387.914886
-1.25,3,387.924126
16.5,33,388.039882
0.75,1,388.04324
7.25,15,388.087849
-0.25,2,388.094028
21.0,31,388.821336
-0.25,2,388.832221
11.5,23,388.948774
4.25,11,389.037521
2.25,7,389.069437
-11.0,23,389.17277
0.75,1,389.178156
0.25,3,389.191717
4.75,15,389.258483
6.75,15,389.32824
-1.25,3,389.343548
2.25,16,389.421671
0.75,1,389.427207
8.75,26,389.536161
8.5,13,389.603359
-4.5,18,389.697557
2.25,7,389.760546
-0.25,2,389.777468
0.25,3,389.799396
10.75,22,390.084381
15.5,29,390.364278
8.25,25,390.574316
11.5,21,390.82446
-11.0,32,391.166593
0.75,1,391.188574
-0.25,2,391.222109
-18.0,33,391.483814
10.25,23,391.67123
6.75,16,391.798458
-5.25,13,391.89526
8.5,17,392.018879
-10.25,12,392.099109
0.25,3,392.122572
-16.75,17,392.231187
2.75,8,392.279515
-0.25,2,392.293197
-1.25,3,392.314487
-4.25,9,392.376182
-6.25,8,393.460408
14.5,22,393.607988
-0.75,1,393.615115
6.0,12,393.774994
-0.75,1,393.792698
11.5,23,393.967516
-0.75,1,393.977744
3.75,10,394.060177
0.25,3,394.079788
-0.25,2,394.09433
4.25,11,394.16685
-0.75,1,394.174705
1.75,6,394.216726
2.25,13,394.304258
1.75,6,394.343052
0.75,1,394.350743
-0.25,2,394.364201
0.75,4,394.389276
-0.25,2,394.40187
-0.75,1,394.409343
2.25,4,394.435237
9.25,13,394.508827
-0.75,1,394.515875
2.75,8,394.569519
-18.25,20,394.71285
2.75,8,394.769406
3.5,21,394.859436
-11.25,13,394.907389
-0.75,1,394.911447
-0.25,2,394.919943
-1.25,3,394.933674
-3.25,5,394.95752
11.5,23,395.069169
1.75,4,395.08521
-0.25,2,395.100308
9.25,21,395.324744
11.0,22,395.498108
-0.25,2,395.513564
0.75,1,395.521611
0.75,1,395.530332
-3.25,5,395.569549
0.75,4,395.614611
-0.75,1,395.622853
-1.25,3,395.650549
8.75,17,395.778264
10.0,20,395.937638
-0.25,2,395.959597
5.25,15,396.062064
0.75,4,396.08522
-0.25,5,396.114284
6.25,15,396.23668
-0.25,2,396.25486
-0.25,2,396.271837
19.5,39,396.586206
-0.75,1,396.59472
0.75,1,396.603549
-0.25,2,396.619027
-0.75,1,396.627864
4.75,12,396.75521
0.25,3,396.779744
-0.25,2,396.788459
13.25,29,396.987944
0.25,3,397.010948
-0.75,1,397.018656
-1.5,18,397.136281
-0.75,1,397.14445
5.25,13,397.913285
9.75,22,398.119973
0.75,1,398.128349
8.25,18,398.264465
-1.25,24,398.461238
-0.25,2,398.476508
-0.25,2,398.491778
3.25,9,398.561746
-16.0,16,398.685039
-9.0,21,398.914324
2.75,8,398.945502
2.75,8,398.982294
5.25,13,399.039331
0.75,4,399.059283
5.25,13,399.118987
4.25,11,399.189524
7.75,16,399.325211
9.5,19,399.400128
7.75,16,399.480404
-0.25,2,399.492188
4.25,11,399.549928
-0.25,2,399.562076
0.75,4,399.586073
-0.75,1,399.592407
-0.25,2,399.603803
5.75,14,399.678958
0.25,4,399.703636
-0.75,1,399.709238
8.5,17,399.806281
-0.25,2,399.821702
6.25,12,399.916467
3.75,10,399.97783
0.75,1,399.984425
15.0,30,400.130793
-0.25,2,400.141036
2.25,7,400.185885
-1.25,1,400.195642
3.0,15,400.301265
10.0,19,400.392238
0.25,3,400.409769
-0.25,2,400.421242
-0.75,1,400.427372
2.75,8,400.47052
0.75,1,400.47622
0.25,3,400.493745
-3.75,4,400.518862
-0.25,2,400.531625
1.75,6,400.56493
4.75,12,400.632724
0.75,1,400.639507
-0.25,2,400.651062
2.25,7,400.68629
1.75,6,400.717608
6.25,18,400.798872
8.5,17,400.87276
-0.25,2,400.883959
-1.25,1,400.889467
-0.25,2,400.903813
-2.25,4,400.930068
7.5,15,401.017265
8.75,21,402.436657
6.75,14,402.546546
0.75,1,402.554182
10.25,23,402.736098
0.75,1,402.746405
-16.5,18,402.913286
9.75,21,403.055892
0.25,3,403.066374
0.25,3,403.0772
6.25,15,403.136267
0.75,1,403.140324
0.25,3,403.151148
7.0,14,403.191455
0.75,1,403.194508
-0.25,2,403.200359
8.0,16,403.257862
-5.0,23,403.337807
0.75,4,403.364188
-2.0,14,403.441554
1.75,6,403.47703
9.5,19,403.546555
1.75,6,403.57226
0.75,3,403.597456
7.0,26,403.734988
-0.75,1,403.738415
3.75,11,403.776031
-0.75,1,403.780509
0.75,1,403.785205
8.0,16,403.854318
0.25,4,403.865532
7.25,17,403.944605
-0.75,1,403.950552
-3.75,4,403.962933
9.0,18,404.034531
-3.25,5,404.058779
-0.25,2,404.071088
-1.25,12,404.160083
-0.75,1,404.167806
-7.0,22,404.315603
-2.75,21,404.452405
9.25,11,404.518325
-6.5,20,404.622363
4.75,12,404.688669
-0.75,1,404.692141
0.75,1,404.695707
-0.75,1,404.699001
0.75,1,404.702715
1.75,6,404.725342
-0.25,2,404.733223
11.75,24,404.825932
-4.25,6,404.854554
2.75,17,404.982218
0.75,1,404.98856
6.0,18,405.110157
4.75,9,405.881033
0.75,1,405.886934
-0.75,1,405.89237
12.0,21,405.98908
4.75,9,406.045525
11.0,20,406.12653
-1.25,3,406.13548
4.75,12,406.170506
7.25,17,406.224253
0.75,1,406.227666
2.25,7,406.249739
4.25,11,406.278805
-0.25,2,406.285581
-0.25,2,406.292308
0.25,3,406.302722
-0.75,1,406.306692
-0.75,1,406.310948
11.5,19,406.391535
-1.25,3,406.401085
0.25,3,406.412308
13.75,30,406.515939
0.75,1,406.520633
7.25,17,406.599252
5.75,8,406.630612
-0.25,2,406.639964
-5.25,7,406.691364
4.25,11,406.734241
10.0,20,406.837558
-2.75,3,406.846313
-0.75,1,406.849346
-0.25,2,406.855063
6.75,16,406.911148
4.75,12,406.945714
10.0,14,407.005231
0.25,6,407.027463
-22.25,24,407.126052
-13.0,13,407.179844
3.25,7,407.209777
14.75,23,407.306206
-2.25,4,407.326162
2.25,6,407.370269
-0.25,3,407.389308
-0.25,2,407.395529
3.0,24,407.464954
-0.75,1,407.46818
7.75,18,407.518636
0.25,3,407.527178
7.75,18,407.577757
0.75,1,407.580776
2.75,8,407.608649
-0.25,2,407.614531
0.75,1,407.617523
-0.25,2,407.62324
-0.75,1,407.626199
9.5,19,407.679067
14.75,32,407.768123
4.25,12,408.216543
14.25,18,408.272465
-0.25,2,408.279112
3.75,10,408.307227
1.75,5,408.320968
-0.75,1,408.324141
0.75,1,408.327256
6.75,15,408.36633
5.75,14,408.402317
0.25,3,408.410138
0.75,1,408.412998
0.25,3,408.42108
-0.75,1,408.423863
-8.25,10,408.453034
9.5,14,408.495713
6.25,13,408.538168
0.75,4,408.550353
-0.25,2,408.556371
9.25,20,408.613203
11.25,16,408.65683
8.75,20,408.71232
15.0,21,408.768194
-0.75,1,408.770938
-0.25,2,408.77639
1.75,6,408.791587
0.75,1,408.794313
0.75,1,408.796886
-7.25,12,408.83101
-0.75,1,408.834138
-2.25,4,408.845903
12.0,19,408.898031
6.75,37,409.011821
8.75,18,409.06059
0.75,1,409.063543
0.25,3,409.071466
3.25,15,409.110161
8.0,16,409.15392
-0.25,2,409.159624
5.75,11,409.194009
-0.75,1,409.196791
6.25,15,409.233177
-0.75,1,409.23581
0.75,5,409.248495
-1.75,11,409.27501
-0.75,1,409.277659
10.75,16,409.316833
-0.75,1,409.319626
10.75,24,409.377706
8.0,26,409.441617
-0.75,1,409.444259
1.75,6,409.45936
2.75,7,409.480036
8.25,19,409.528325
6.5,16,409.568551
-0.25,2,409.573745
0.25,4,409.583808
4.0,20,409.957147
5.75,14,409.999316
9.25,19,410.05076
-0.75,1,410.053814
1.75,6,410.069583
7.25,17,410.112454
9.75,13,410.1503
4.25,7,410.170187
-0.25,2,410.176194
-0.25,2,410.182807
3.75,10,410.210352
6.75,14,410.246815
1.25,5,410.260595
1.75,4,410.271324
-0.75,1,410.274363
10.0,20,410.32801
6.75,14,410.363597
6.0,18,410.409266
-10.25,15,410.451762
-1.25,3,410.460352
0.75,1,410.463475
8.75,11,410.493717
-0.75,1,410.496758
-0.25,2,410.502702
15.0,25,410.569756
3.75,10,410.599736
0.25,3,410.610254
-1.25,1,410.614113
0.75,1,410.617506
1.75,5,410.633089
-0.25,2,410.639288
-5.25,7,410.659715
3.25,9,410.687207
8.25,19,410.742826
-0.75,1,410.746248
-0.25,2,410.752286
0.75,1,410.75561
10.25,21,410.821169
17.75,38,410.920949
4.75,12,410.953734
6.5,13,410.99742
4.25,11,411.029997
0.75,1,411.032885
2.25,7,411.0509
6.5,15,411.089316
-0.25,2,411.095279
-2.75,6,411.111488
10.75,24,411.182796
0.75,3,411.192448
0.75,3,411.201957
-0.25,2,411.208128
1.25,5,411.222279
0.25,3,411.230779
-0.25,2,411.236141
1.75,6,411.25147
-6.25,8,411.272301
2.75,8,411.292614
2.25,7,411.310479
0.25,6,411.326121
0.25,3,411.333954
1.25,12,411.714167
5.0,13,411.747126
7.5,18,411.792326
14.5,22,411.848107
10.25,14,411.88384
-7.25,18,411.931253
1.75,24,412.010572
0.75,1,412.013502
-5.25,13,412.048573
3.5,13,412.082544
3.25,9,412.108535
-0.25,2,412.113818
3.25,9,412.141067
0.75,1,412.144421
-1.5,18,412.198451
-4.75,8,412.222168
5.75,14,412.261465
13.0,19,412.311542
2.25,22,412.371455
12.25,27,412.441057
9.0,18,412.487977
4.25,10,412.51638
12.5,22,412.572825
-4.0,22,412.633705
-3.25,5,412.647552
11.5,27,412.716778
-11.75,42,412.821513
0.75,1,412.824145
7.75,18,412.869639
-0.25,2,412.875251
15.0,28,412.945219
1.25,5,412.95793
7.5,18,413.033284
-0.75,1,413.036513
0.25,3,413.046821
-0.25,2,413.052549
12.25,27,413.473449
9.25,19,413.539179
0.25,3,413.54813
-1.25,3,413.55718
-0.75,1,413.560403
9.0,18,413.607986
4.75,15,413.646033
-0.75,1,413.648932
-6.25,19,413.699379
-0.75,1,413.702245
-0.25,2,413.707971
10.25,23,413.76811
-0.75,1,413.771066
4.25,11,413.800854
1.25,5,413.814705
2.25,7,413.834601
-13.75,23,413.896652
-0.25,2,413.901999
0.75,1,413.905243
-3.75,4,413.917871
-0.25,2,413.923486
-4.0,19,413.975791
0.25,3,413.988638
1.25,5,414.00349
-0.25,2,414.008993
11.5,23,414.069559
0.75,1,414.072519
2.75,14,414.109357
-0.75,1,414.112569
3.75,11,414.14553
-0.25,2,414.152481
8.5,20,414.221597
-0.25,2,414.228472
-0.25,2,414.234576
-0.25,2,414.241022
-0.25,2,414.247274
7.5,15,414.299978
-0.75,1,414.303103
-0.25,14,414.339978
-1.25,3,414.347779
3.25,9,414.370899
-3.75,5,414.384668
10.75,22,414.440935
-0.75,1,414.443945
-0.75,1,414.446841
-0.25,2,414.452417
1.25,5,414.464569
-0.25,2,414.469713
-0.25,2,414.475003
0.25,6,414.490389
0.75,1,414.493361
3.75,8,414.513268
-0.75,1,414.516128
-9.25,11,414.543307
-0.25,2,414.548412
10.0,15,414.585724
-11.75,12,414.615323
1.75,4,414.625381
12.75,29,414.694591
-0.25,2,414.69984
1.75,4,414.710233
-0.25,2,414.715629
12.25,15,414.751979
-0.75,1,414.755173
-0.75,1,414.758144
0.75,1,414.760966
-13.5,21,414.813105
0.75,4,414.823023
-0.75,1,414.825806
4.25,11,415.223011
-0.75,1,415.226098
-11.25,13,415.261837
-0.75,4,415.271695
5.25,13,415.303243
0.25,3,415.310859
-2.25,4,415.321123
-0.75,1,415.323937
-0.25,2,415.329225
8.5,17,415.371866
-0.75,1,415.374926
-14.75,15,415.41728
-0.75,1,415.420334
0.25,3,415.428783
0.75,1,415.43181
-1.25,9,415.45602
-2.25,4,415.466662
8.75,20,415.519087
0.75,1,415.521878
-0.75,1,415.524531
4.75,13,415.55751
-0.25,2,415.56287
6.75,16,415.604444
7.25,17,415.649249
5.75,8,415.669889
2.25,15,415.71008
13.5,20,415.763256
1.25,8,415.784763
-0.25,2,415.790442
-5.75,12,415.822045
1.75,6,415.837476
8.25,16,415.878655
-1.25,3,415.886856
-0.75,1,415.889786
0.75,1,415.892728
9.0,18,415.942336
13.0,24,416.009507
3.75,10,416.034556
-0.25,2,416.03961
1.75,6,416.055988
-0.25,2,416.061356
5.75,14,416.098776
9.0,18,416.148904
4.75,12,416.186214
9.25,21,416.245535
-0.75,1,416.248626
-0.25,2,416.253865
9.5,13,416.285808
0.75,13,416.319657
-0.25,2,416.325298
-0.25,2,416.331244
-0.75,1,416.334364
0.75,3,416.342695
-8.75,17,416.386999
-0.25,2,416.392663
-0.25,2,416.398651
-0.25,2,416.404568
-1.25,3,416.413315
-0.25,2,416.419005
7.5,18,416.464363
0.75,1,416.46716
-0.75,1,416.469964
11.25,23,416.527798
0.75,1,416.530589
-0.75,1,416.533394
-1.25,1,416.536267
0.25,3,416.544069
-0.25,2,416.549614
0.5,16,416.888143
-1.25,9,416.91232
5.75,14,416.949012
3.25,9,416.97257
-0.25,2,416.978648
0.75,1,416.982219
0.75,1,416.985812
1.25,5,416.999089
0.75,4,417.008976
4.25,11,417.035018
6.25,11,417.062436
1.75,6,417.077
0.25,6,417.092408
-3.25,5,417.105167
-0.25,2,417.109874
0.75,4,417.119758
0.25,3,417.127265
0.25,3,417.134631
-1.25,3,417.142007
-0.25,2,417.14767
5.75,14,417.189036
-1.0,19,417.242343
9.5,17,417.283166
-0.25,2,417.288224
-0.75,1,417.290764
-0.25,2,417.295501
2.25,7,417.312403
0.25,4,417.321944
2.75,8,417.340819
7.25,17,417.382886
4.75,12,417.413448
0.25,3,417.421456
0.25,3,417.428986
-0.75,1,417.431766
-1.25,3,417.439314
-0.75,1,417.442031
6.25,11,417.468514
3.75,10,417.4928
0.75,1,417.495648
0.75,5,417.508637
-0.25,2,417.514129
-0.25,2,417.519599
4.25,11,417.546618
10.25,32,417.622994
-1.25,3,417.630627
-0.75,1,417.633357
8.25,20,417.682837
1.75,6,417.698157
3.25,9,417.720777
9.75,21,417.771679
3.75,11,417.797847
0.75,4,417.807468
-0.75,1,417.810224
0.25,3,417.817856
0.75,4,417.827708
12.0,24,417.886296
0.25,9,417.90869
0.75,1,417.91128
0.75,4,417.920933
20.75,23,417.978313
-0.25,2,417.983547
6.5,13,418.017176
2.75,8,418.036157
6.0,18,418.079167
0.25,3,418.086504
17.75,35,418.470465
6.25,15,418.507828
0.75,1,418.510452
-1.25,3,418.517686
-1.25,3,418.524838
-0.25,2,418.52995
-1.25,1,418.53268
7.0,14,418.565785
8.0,16,418.606412
-2.75,9,418.630065
5.25,13,418.660886
2.75,7,418.677423
7.75,16,418.716706
-0.75,1,418.719433
0.25,3,418.726842
-0.25,2,418.731981
6.25,15,418.768225
3.75,10,418.792362
0.75,1,418.795014
2.25,7,418.812496
-0.75,1,418.815246
0.25,3,418.822991
2.25,7,418.839998
0.25,3,418.847631
-0.75,1,418.850369
6.5,13,418.882407
0.25,3,418.89
14.75,27,418.954118
-0.75,1,418.956703
4.75,18,419.004981
10.5,21,419.056184
0.75,4,419.066011
13.0,24,419.127526
-0.25,2,419.132993
5.75,14,419.170085
1.25,5,419.184001
3.25,7,419.206487
-14.0,14,419.24255
-1.25,15,419.286541
4.25,17,419.340207
8.25,19,419.38729
6.25,15,419.424627
-5.25,7,419.442004
3.25,9,419.464264
5.75,14,419.499982
-16.0,16,419.540176
11.0,22,419.594739
-0.25,2,419.599932
-0.75,1,419.602482
0.75,4,419.61184
1.25,5,419.623945
7.25,17,419.665999
-0.75,1,419.668618
-0.75,1,419.67141
-0.25,2,419.676595
-11.5,19,419.724427
2.0,28,420.101214
-15.25,17,420.174447
5.25,10,420.217568
4.25,11,420.256365
1.25,5,420.271006
7.25,17,420.328499
9.25,18,420.373743
5.75,14,420.411509
-0.25,2,420.417568
-0.25,2,420.423407
1.75,6,420.442853
9.5,18,420.494026
-0.75,1,420.497144
-0.25,2,420.502414
-16.25,18,420.550952
2.75,8,420.572046
5.75,15,420.609569
9.5,19,420.670163
1.75,6,420.688787
-0.25,2,420.69478
2.25,6,420.715987
-4.75,14,420.754019
-0.25,2,420.759377
0.75,4,420.77053
10.5,21,420.820857
-0.75,1,420.823584
0.75,4,420.833669
-2.25,4,420.844063
-11.25,16,420.885065
2.75,8,420.906171
-2.75,6,420.921749
1.25,5,420.934683
1.75,6,420.949887
-1.25,3,420.957612
8.0,15,421.003348
-0.25,2,421.010098
-0.75,1,421.013208
-6.25,8,421.03529
10.5,17,421.081621
-0.75,7,421.102618
11.75,17,421.149031
-0.75,1,421.152136
-9.25,11,421.183151
9.0,24,421.246978
0.75,1,421.249849
0.25,3,421.258316
-3.75,4,421.269486
0.75,1,421.272389
-7.25,9,421.295711
-0.25,2,421.300588
2.75,11,421.327466
9.0,18,421.370795
-0.25,2,421.376117
-0.75,1,421.378845
-4.25,6,421.393811
9.75,25,421.457527
0.5,16,421.501292
-9.5,14,421.837283
1.25,17,421.879826
1.25,5,421.892463
-0.25,2,421.89767
-4.25,6,421.912135
-3.25,5,421.924355
-0.75,1,421.927087
-0.25,2,421.932211
-0.75,1,421.935055
2.25,4,421.945473
1.75,6,421.960762
0.75,1,421.964307
12.25,33,422.052013
10.75,18,422.09526
4.25,12,422.124604
-0.25,2,422.12973
0.75,1,422.132326
0.25,3,422.139737
5.25,13,422.17628
-1.25,3,422.185299
-0.75,1,422.188662
0.75,4,422.200026
-0.25,2,422.206082
0.25,3,422.215572
5.25,13,422.251973
5.25,13,422.284886
-0.25,2,422.289747
2.75,8,422.308808
-0.75,1,422.311509
-0.25,2,422.316444
-0.75,1,422.319175
9.0,18,422.366024
0.75,1,422.368937
5.25,13,422.401338
-0.25,2,422.406684
-0.75,1,422.409554
-0.75,1,422.412298
-0.25,3,422.419874
-0.75,1,422.422874
0.75,1,422.425735
10.25,20,422.473619
-0.75,1,422.476317
-0.75,1,422.478871
-0.75,1,422.481291
-0.75,1,422.483776
-0.25,2,422.489223
0.75,1,422.49213
-1.25,15,422.530789
2.75,8,422.552241
2.25,7,422.570178
6.25,15,422.607863
8.0,16,422.647275
-2.75,15,422.685326
9.75,22,422.743739
-0.25,2,422.748964
-0.25,2,422.754235
-0.75,1,422.757175
-1.25,1,422.760029
-0.25,2,422.765732
9.25,19,422.812569
-13.5,18,422.85599
-1.25,1,422.858791
-1.25,3,422.866646
0.75,1,422.869405
-0.75,1,422.872306
15.0,28,422.948099
-0.75,1,422.950811
5.25,10,422.976332
-0.25,2,422.982482
-0.25,2,422.989005
-0.75,1,422.991992
-0.75,1,422.99494
-0.75,1,422.997806
-6.25,14,423.032063
1.75,6,423.046933
-0.25,2,423.052131
-1.25,1,423.054982
-1.25,3,423.063472
4.25,11,423.092025
1.25,14,423.126792
0.75,1,423.129629
-0.75,1,423.132397
-0.25,2,423.137734
-0.75,1,423.14036
1.0,20,423.501981
-11.25,14,423.536976
0.75,1,423.539739
0.75,1,423.542511
6.25,10,423.567346
0.75,4,423.577003
4.25,11,423.604644
0.75,1,423.607524
5.25,13,423.64467
12.25,23,423.705358
0.25,3,423.713223
3.25,9,423.735329
-9.0,15,423.771606
-0.75,1,423.774349
-0.75,1,423.77694
8.75,20,423.828508
-1.25,1,423.831032
9.25,30,423.907437
-3.5,14,423.941317
0.75,1,423.944109
-1.25,1,423.947008
-10.25,12,423.97967
8.5,17,424.026118
7.5,15,424.063481
2.25,7,424.080923
-0.25,2,424.08596
-0.25,2,424.091066
-3.25,14,424.125252
8.0,16,424.166688
-0.25,2,424.173037
-1.25,1,424.176411
7.25,19,424.22743
5.25,11,424.257262
2.25,6,424.272426
2.75,5,424.284904
7.25,16,424.326123
0.25,3,424.334321
0.75,1,424.3376
10.25,13,424.374337
0.25,3,424.382421
0.75,1,424.38519
-0.25,2,424.390821
-2.25,4,424.401401
6.75,13,424.433975
6.25,15,424.470946
-0.75,1,424.473592
1.25,5,424.48581
-0.25,2,424.491103
8.5,17,424.540399
0.25,3,424.548327
12.75,15,424.58408
-0.75,1,424.586811
9.25,21,424.636997
-0.75,1,424.639789
0.75,1,424.642562
7.25,17,424.684346
-0.75,1,424.687232
-0.75,1,424.690233
0.75,1,424.693053
-0.75,1,424.696075
-1.25,1,424.69899
10.5,19,424.748743
-0.75,1,424.751769
-0.25,2,424.757287
-0.75,1,424.760124
-0.25,2,424.764954
-2.25,4,424.776015
0.75,4,425.124455
-0.25,2,425.129812
7.25,11,425.158613
5.75,12,425.19378
-0.75,1,425.196957
7.5,18,425.246577
-0.25,2,425.252599
0.75,1,425.255488
7.75,18,425.30155
-0.25,2,425.307129
-0.75,1,425.309976
-0.75,1,425.312977
11.5,23,425.371541
-0.25,2,425.377555
-0.25,2,425.382992
4.75,12,425.414014
1.25,5,425.42641
1.25,5,425.43845
-0.75,1,425.441234
0.75,4,425.451446
-0.25,2,425.456694
8.0,16,425.499464
2.25,7,425.516877
-0.25,2,425.521787
-1.25,3,425.52908
3.75,10,425.553761
-12.75,16,425.593443
8.0,16,425.633071
0.75,1,425.635724
-0.75,1,425.638565
-0.25,2,425.643723
-0.75,1,425.646509
9.5,18,425.689743
2.25,7,425.706648
-0.25,2,425.711825
0.75,1,425.71463
5.75,14,425.749144
9.0,18,425.793176
-0.25,2,425.798451
0.75,1,425.801497
-0.75,1,425.804642
1.25,5,425.818117
-0.25,2,425.823682
0.25,3,425.83171
-0.25,2,425.837209
-1.75,8,425.858129
0.75,1,425.861131
0.25,3,425.868918
-0.25,2,425.874309
0.75,1,425.877259
4.25,11,425.905215
-1.25,1,425.908074
8.25,19,425.954972
6.25,12,425.996148
7.0,14,426.037074
-0.75,1,426.040109
-1.25,3,426.048759
6.0,21,426.106367
-0.75,1,426.109426
-0.75,1,426.112345
0.25,3,426.121044
-0.25,2,426.127156
-0.25,2,426.133647
5.75,14,426.173386
7.75,18,426.226093
19.75,31,426.307457
0.75,3,426.315579
2.25,7,426.337483
2.75,8,426.365968
-1.25,1,426.36983
15.25,23,426.43557
0.75,1,426.439282
7.25,17,426.492548
-2.75,3,426.502967
-0.75,1,426.506932
0.25,3,426.849753
2.25,7,426.867984
-0.25,2,426.873275
0.75,1,426.876015
16.5,31,426.952881
-0.25,2,426.958178
5.25,13,426.995342
0.75,1,426.998272
4.25,8,427.018093
-0.75,1,427.020874
5.75,14,427.056346
4.25,8,427.077354
0.25,6,427.092877
-1.25,3,427.10101
-0.75,1,427.103828
1.75,6,427.119204
3.75,10,427.144389
0.25,3,427.152679
-0.75,1,427.15593
0.75,1,427.158805
-0.25,2,427.164228
-2.0,26,427.236587
14.0,28,427.311243
5.25,13,427.358421
-1.25,3,427.369979
-0.75,1,427.373174
-1.25,1,427.376115
0.25,3,427.384949
0.25,3,427.393499
-0.75,10,427.420434
0.75,1,427.423589
10.0,20,427.474324
-0.25,2,427.479411
0.75,3,427.487433
10.25,20,427.53716
7.0,14,427.573271
4.25,11,427.602124
8.75,19,427.650968
6.75,16,427.691472
-0.75,1,427.694294
8.25,25,427.76741
0.75,1,427.770209
-0.75,1,427.773159
2.25,10,427.799033
-0.75,1,427.80194
-17.75,21,427.855745
-0.75,1,427.8585
-0.75,1,427.861746
7.25,16,427.902362
0.75,1,427.905048
-0.25,2,427.910073
8.25,19,427.955614
-0.25,2,427.962034
0.75,4,427.972864
5.75,14,428.011349
1.25,11,428.038036
-3.25,25,428.098493
4.25,11,428.126711
8.25,19,428.212302
-16.75,17,428.610158
-0.75,1,428.612994
-1.75,14,428.647286
-12.25,14,428.683157
6.0,12,428.71684
12.0,24,428.775243
9.25,18,428.819638
0.75,1,428.822414
-0.25,2,428.827725
0.75,4,428.8385
4.25,8,428.864822
-13.5,21,428.927938
13.0,17,428.969466
1.25,5,428.988535
0.75,1,428.991715
-0.25,2,428.997122
11.25,20,429.046147
-0.25,2,429.051286
3.25,9,429.073205
-0.75,1,429.075974
-0.75,1,429.078783
-0.25,2,429.084142
1.25,5,429.096663
0.25,3,429.104099
16.5,23,429.161862
4.75,12,429.196469
11.5,22,429.252665
9.25,15,429.298003
1.25,5,429.312608
-0.75,1,429.31567
-0.25,2,429.321473
-2.75,6,429.338023
6.75,16,429.382157
14.5,29,429.455794
1.75,3,429.463614
8.5,17,429.516759
8.5,17,429.560218
-1.25,3,429.567604
-3.25,5,429.57985
-0.25,2,429.584952
0.75,1,429.587414
0.25,3,429.595319
-5.25,7,429.612864
-0.25,2,429.617651
8.5,17,429.661599
10.25,18,429.706459
-0.75,1,429.709105
0.75,1,429.711888
-1.25,3,429.721456
0.75,3,429.731885
7.25,17,429.797219
-9.75,24,429.880973
3.25,7,429.905957
-0.25,2,429.913585
-0.25,2,429.920683
0.75,1,429.924455
1.25,5,429.941049
0.25,3,429.950619
-0.75,1,429.95426
6.75,9,429.985238
-0.25,2,429.993704
1.75,6,430.01952
-1.25,3,430.028695
4.25,11,430.381119
-0.25,2,430.387125
1.25,5,430.400161
1.75,6,430.415406
-11.0,17,430.457989
4.25,8,430.479291
1.25,21,430.531964
12.0,23,430.590855
1.75,6,430.607174
-14.25,16,430.65078
2.75,5,430.66341
-0.25,2,430.668781
8.0,16,430.708602
1.25,4,430.718375
-0.25,2,430.72332
1.25,5,430.736245
0.75,4,430.746305
4.5,30,430.820005
-1.25,1,430.82277
0.25,12,430.852578
-0.25,2,430.857863
6.75,13,430.89028
3.75,10,430.914867
3.25,9,430.937766
0.25,3,430.945614
-0.75,1,430.948268
5.25,13,430.982663
10.0,23,431.044396
-0.25,2,431.049804
-1.25,3,431.057937
-0.75,1,431.060821
0.75,1,431.063471
2.75,8,431.084255
0.75,1,431.087265
-2.75,12,431.120137
-8.75,12,431.155504
3.25,6,431.174439
4.75,9,431.203188
-0.25,2,431.209035
4.25,11,431.238057
3.75,22,431.297679
-0.25,3,431.307266
1.75,6,431.324253
-0.75,1,431.327262
-0.75,1,431.330184
10.5,21,431.382196
3.25,9,431.404738
-1.25,3,431.412504
4.25,17,431.461189
-0.75,1,431.466152
-0.25,2,431.473515
11.25,15,431.522556
-1.25,1,431.525624
-0.75,1,431.528773
8.75,17,431.576116
14.25,24,431.638081
0.25,3,431.645631
-0.25,2,431.651081
0.75,1,431.653861
0.75,1,431.656853
-7.25,9,431.679744
-3.75,19,432.117237
7.25,17,432.224645
4.75,12,432.26507
7.5,18,432.314988
15.5,29,432.387662
-0.75,1,432.390471
8.25,19,432.457844
5.25,13,432.49668
0.75,3,432.504591
3.25,6,432.519998
8.5,17,432.565904
-0.25,2,432.571733
14.5,29,432.648389
0.75,1,432.65171
0.75,1,432.655218
-0.75,1,432.658952
-0.25,2,432.665495
-1.25,1,432.668997
1.25,5,432.683188
-19.0,19,432.753894
2.75,6,432.77368
-0.25,5,432.788655
-2.25,4,432.799634
2.25,5,432.812551
5.25,13,432.847953
1.75,18,432.894632
-16.25,18,432.944836
-1.25,1,432.947934
-2.25,4,432.959271
-0.25,2,432.964942
-1.75,5,432.980652
1.75,6,432.999955
-0.25,2,433.005634
5.25,13,433.05221
-1.25,3,433.062283
0.25,3,433.072363
9.5,19,433.127311
1.75,6,433.143165
14.0,23,433.223932
12.0,19,433.282188
-1.0,16,433.329128
1.25,5,433.341845
0.75,4,433.35219
0.75,1,433.354833
8.0,16,433.395656
-0.25,2,433.401403
1.25,5,433.415879
3.75,10,433.44146
2.25,7,433.461376
7.25,17,433.522346
14.5,26,433.618162
10.75,24,433.684172
-0.25,2,433.689597
-0.25,2,434.071585
-2.75,3,434.089476
-1.25,1,434.096222
-2.25,4,434.117665
7.0,14,434.216173
27.5,34,434.318558
-1.25,3,434.327232
6.25,15,434.367025
-6.0,29,434.451101
0.25,9,434.47676
-1.25,3,434.489142
-0.75,1,434.493967
-21.25,26,434.56827
0.25,3,434.576176
10.25,14,434.611342
11.0,22,434.670242
-3.25,5,434.686777
-0.25,2,434.693972
12.75,28,434.812006
0.25,3,434.831004
7.0,14,434.877367
-0.75,1,434.880419
6.25,10,434.905774
-1.25,3,434.914035
-0.25,2,434.91944
0.25,3,434.927252
-1.25,3,434.935036
6.5,13,434.968449
-0.25,2,434.978893
-15.25,17,435.040749
0.75,1,435.043685
4.75,12,435.074944
1.25,5,435.097084
11.0,22,435.163314
5.25,9,435.189624
-0.75,1,435.192937
1.75,6,435.211229
8.25,19,435.265975
3.25,9,435.295944
-0.25,2,435.303046
6.25,15,435.362081
1.75,6,435.389153
-0.25,2,435.397446
7.0,14,435.464273
4.5,18,435.515644
-6.5,29,435.595113
1.75,3,435.603553
11.0,16,435.642145
8.75,18,435.694371
5.25,13,435.730935
8.25,19,436.202659
0.75,1,436.205587
3.75,10,436.231292
0.75,1,436.23397
3.75,10,436.258897
-1.25,3,436.266473
-0.25,2,436.271469
12.5,23,436.355187
4.25,11,436.386077
11.5,18,436.432856
-0.25,13,436.467545
-3.25,5,436.483679
5.25,19,436.55415
9.0,24,436.654335
-9.5,17,436.700634
-0.25,2,436.706284
1.25,5,436.720639
-1.25,1,436.724316
0.75,1,436.727989
11.0,22,436.788782
3.75,10,436.817058
-5.75,6,436.833938
-0.75,1,436.836792
9.75,20,436.894596
8.75,19,436.945315
6.25,15,436.989713
4.75,24,437.050804
6.25,12,437.082366
0.75,1,437.085179
2.25,7,437.102995
-4.75,8,437.123428
-1.25,3,437.133886
1.75,6,437.157423
4.25,11,437.189058
-0.75,1,437.192594
-0.75,1,437.19576
7.25,14,437.2373
-1.25,3,437.246192
10.0,19,437.296303
-0.25,2,437.301845
6.25,15,437.348746
-0.25,2,437.355865
5.25,13,437.400471
7.5,15,437.460985
10.25,23,437.528222
9.0,18,437.572212
9.25,21,437.624285
-0.25,2,437.629456
-2.5,28,438.112099
11.25,17,438.160652
-0.75,1,438.163723
8.0,16,438.20889
15.5,26,438.273586
-1.25,3,438.281261
1.25,5,438.297324
6.25,15,438.341612
-0.25,2,438.350389
-16.0,16,438.394835
-0.25,2,438.400091
27.5,34,438.489137
3.75,10,438.518301
0.75,1,438.521011
7.0,14,438.567122
2.75,14,438.62202
-0.25,2,438.63364
8.25,20,438.717742
9.25,15,438.758457
0.75,4,438.769
4.75,12,438.802523
-0.75,1,438.80565
-0.75,1,438.808808
-0.75,1,438.812063
7.25,11,438.841932
-0.25,2,438.847695
0.75,4,438.859191
0.75,1,438.862122
6.25,15,438.902379
0.75,1,438.905341
2.5,20,438.970256
-0.5,26,439.044861
7.25,17,439.088428
3.75,16,439.131052
6.25,18,439.183902
6.0,18,439.255671
-0.25,2,439.266842
6.0,12,439.311563
9.5,19,439.366071
-2.25,4,439.377402
-0.25,2,439.382786
22.75,43,439.494268
-6.5,29,439.587765
12.5,25,440.064096
1.25,5,440.076492
0.75,1,440.07915
-0.25,2,440.084628
-0.75,1,440.087398
-3.25,5,440.100939
6.25,15,440.139527
0.25,3,440.147213
0.25,4,440.157935
-0.75,1,440.160886
-0.25,2,440.17103
4.25,11,440.214292
-0.25,2,440.220309
0.25,3,440.228737
3.25,10,440.254154
2.75,8,440.274882
5.25,13,440.308519
-3.75,4,440.319934
4.75,15,440.360302
-9.25,14,440.397873
-0.75,1,440.401103
0.75,1,440.404357
9.75,20,440.45987
-0.25,2,440.465886
11.5,23,440.531897
10.25,22,440.593282
-0.25,2,440.600645
1.75,6,440.621262
10.75,24,440.720356
-2.25,13,440.773949
0.75,1,440.776822
16.0,32,440.860467
7.5,15,440.899659
3.0,24,440.960787
-0.25,2,440.966038
10.5,21,441.034095
-1.25,1,441.03765
0.75,4,441.048458
0.75,1,441.051158
-0.75,1,441.053709
-0.75,1,441.056435
-0.75,1,441.059063
4.75,12,441.088868
15.0,30,441.170003
5.75,11,441.206727
0.25,3,441.216935
-1.25,3,441.22773
2.75,17,441.301064
8.75,19,441.373753
6.0,12,441.407561
5.25,13,441.439299
-0.25,2,441.444645
4.25,11,441.472026
0.25,3,441.479458
0.75,1,441.482248
17.0,33,442.015021
0.75,4,442.02636
-2.75,9,442.051306
-4.75,8,442.073088
9.25,15,442.113701
0.75,1,442.116642
-2.0,26,442.199483
2.25,7,442.22483
7.0,14,442.261889
-0.75,1,442.264767
8.25,19,442.322518
2.25,7,442.340954
-0.25,2,442.346736
13.5,24,442.434449
2.75,7,442.459385
-2.25,4,442.471742
7.75,18,442.550231
-0.25,2,442.560829
11.5,23,442.685096
-0.75,1,442.688728
4.25,17,442.745894
2.25,10,442.777365
0.75,1,442.780324
1.75,6,442.79832
9.0,18,442.860457
0.25,3,442.871901
7.75,16,442.925389
-0.25,2,442.935386
11.75,15,442.993205
11.25,17,443.061923
1.25,5,443.080273
-0.75,1,443.083711
16.5,23,443.177036
-0.25,2,443.187243
0.25,3,443.204621
6.75,16,443.292815
14.0,23,443.410478
3.0,14,443.459713
11.5,18,443.519656
-0.25,2,443.527202
3.75,10,443.557451
-0.75,1,443.560972
8.25,19,443.613479
2.75,8,443.637342
-1.25,1,443.640313
12.0,30,443.732165
-0.25,2,443.737535
-2.25,10,443.764422
9.5,19,444.249988
-1.25,3,444.258523
1.25,5,444.271962
3.25,9,444.30013
1.75,6,444.329682
6.5,13,444.378513
-11.5,19,444.439494
8.25,19,444.494304
19.0,26,444.592752
10.5,21,444.647274
12.0,23,444.707824
9.0,18,444.767431
0.25,3,444.779963
1.25,5,444.800731
9.0,18,444.885001
4.75,8,444.937563
-8.25,16,445.0071
-4.25,12,445.038812
0.25,3,445.047511
6.5,13,445.082671
0.5,16,445.12475
-0.25,2,445.130499
0.75,3,445.140589
-12.25,14,445.193514
-2.25,4,445.207403
-29.25,31,445.30287
1.25,5,445.317867
-0.75,1,445.320801
8.75,20,445.400196
2.25,4,445.426202
8.75,20,445.517573
2.75,8,445.546164
9.0,18,445.59925
13.0,26,445.684712
-13.0,13,445.73884
0.25,3,445.752273
6.75,14,445.804252
1.75,6,445.825804
6.25,24,445.897282
-27.0,27,445.97043
-6.25,14,446.381757
7.5,15,446.436244
-7.5,15,446.497481
3.25,9,446.527542
-0.75,1,446.530833
-0.25,2,446.537315
11.5,29,446.637188
18.75,29,446.742615
2.75,8,446.779018
0.75,4,446.797008
0.75,4,446.812706
-1.25,3,446.829076
-0.75,1,446.834373
1.25,5,446.858243
3.75,10,446.901157
-0.25,2,446.908767
2.25,4,446.925746
4.75,12,446.978064
-1.25,1,446.982723
-3.25,5,447.001713
-0.75,1,447.005536
3.25,9,447.043921
-0.75,4,447.06253
-1.25,3,447.074363
-2.0,26,447.185808
10.0,20,447.262305
2.25,7,447.283172
5.25,13,447.33265
-6.0,31,447.442642
0.75,1,447.446323
5.25,13,447.491779
2.25,5,447.514961
-0.25,2,447.524156
-2.0,20,447.587029
2.75,5,447.608938
5.25,12,447.655711
13.75,22,447.731983
-1.75,14,447.773922
-1.25,1,447.777095
-0.25,2,447.783883
-0.75,1,447.788325
-0.75,1,447.792335
-0.25,2,447.801522
9.0,18,447.864651
8.0,16,447.956481
-0.25,2,447.968932
-0.25,2,447.982623
3.25,9,448.03496
0.25,24,448.142526
-0.25,2,448.152535
-3.75,7,448.196942
0.75,1,448.207978
12.25,25,448.322359
7.25,17,448.444443
7.25,17,449.35565
-1.25,3,449.369443
15.25,22,449.471246
5.25,13,449.526839
0.25,3,449.53828
-0.25,2,449.545028
5.75,14,449.589384
10.25,20,449.659645
2.75,8,449.695221
-8.25,10,449.730655
7.75,18,449.793859
12.5,23,449.873509
-3.0,27,449.967805
-1.75,5,449.986315
3.75,10,450.022377
4.75,7,450.049398
2.75,5,450.067735
-12.5,26,450.149586
6.25,15,450.206225
0.25,12,450.245351
4.25,11,450.288956
-0.25,8,450.324799
-0.25,2,450.333947
0.25,3,450.347134
0.75,1,450.353209
-10.5,15,450.443993
-0.75,1,450.448983
4.75,12,450.533209
7.75,18,450.616675
0.75,3,450.632287
11.25,25,450.737202
7.0,17,450.805587
-0.75,1,450.810392
0.25,3,450.821195
-3.25,3,450.831803
-0.75,1,450.835854
-2.25,7,450.85847
-0.25,2,450.867002
1.25,5,450.890407
0.75,1,450.895437
0.75,1,450.900422
2.25,7,450.931712
-11.0,17,451.001524
11.75,26,451.138544
-0.25,2,451.148897
9.0,18,451.2519
0.75,1,451.257334
-0.25,2,451.266095
-4.75,8,451.310961
1.25,5,451.337691
-1.25,1,451.342198
16.0,30,451.477185
9.5,17,452.259444
-1.25,9,452.328954
-0.25,2,452.351795
-3.25,5,452.372837
-0.25,2,452.379026
0.75,1,452.382743
11.75,16,452.466235
0.25,3,452.474854
-0.25,2,452.48033
15.0,30,452.61343
-0.25,2,452.625547
0.75,1,452.632367
-0.25,2,452.648257
-3.75,19,452.733479
17.25,43,452.950047
2.25,13,453.01203
0.75,1,453.017655
0.25,3,453.033707
12.75,28,453.157735
11.5,18,453.231362
5.0,25,453.317575
7.0,14,453.369858
-1.5,18,453.437606
-2.25,4,453.455844
-0.75,1,453.460001
0.75,1,453.464225
8.75,20,453.536464
-0.75,1,453.540569
-0.75,1,453.544642
0.25,3,453.556219
1.75,3,453.56688
0.75,1,453.570464
-0.75,1,453.573862
0.75,4,453.585899
7.75,18,453.657414
0.75,4,453.670292
0.75,1,453.674568
10.25,23,453.769412
-0.75,1,453.774378
9.5,28,453.913127
0.75,1,453.920103
10.0,17,454.026566
-0.25,2,454.038235
-0.25,2,454.049482
7.25,17,454.138314
3.75,10,454.200517
-13.0,13,454.272516
7.75,18,454.341599
-0.75,1,454.344964
-0.25,2,454.351764
-14.0,14,454.409033
11.25,25,454.510549
4.25,17,455.25386
5.25,13,455.315461
0.75,1,455.320338
-0.25,2,455.329523
0.75,4,455.346927
-0.75,1,455.350043
-0.75,1,455.353422
-1.75,8,455.379146
-0.75,1,455.38397
-0.25,2,455.393128
18.5,25,455.499517
4.25,11,455.547013
0.75,4,455.570118
-18.0,33,455.703536
9.0,17,455.757683
6.25,18,455.822702
-1.25,1,455.826699
12.25,24,455.938207
-1.25,3,455.956346
-0.25,2,455.969748
-0.75,1,455.978886
0.25,3,456.004223
-0.25,2,456.013594
-3.75,5,456.029863
-6.25,8,456.072058
9.75,16,456.139822
-1.25,3,456.156006
6.5,19,456.25523
4.75,12,456.326607
7.75,16,456.37974
8.5,20,456.46737
1.75,4,456.498055
-0.75,1,456.508672
3.5,19,456.619064
2.25,6,456.669737
0.25,3,456.691712
12.25,25,456.888785
0.25,3,456.914046
11.25,19,457.051695
-0.25,2,457.064234
0.25,18,457.151046
-0.25,2,457.157283
-18.0,30,457.243655
-0.75,1,457.246802
4.25,11,457.278957
6.25,15,457.321694
1.75,18,457.366904
0.25,3,457.374985
6.25,15,457.421695
8.25,19,457.505655
-0.25,2,457.511938
0.75,1,457.515278
0.75,1,457.518552
0.25,3,457.527531
4.75,12,457.911465
-5.5,17,457.957404
10.75,24,458.029289
4.25,11,458.061193
-0.75,1,458.064566
-2.25,4,458.076201
-0.25,8,458.099822
-3.5,23,458.16511
1.25,5,458.179289
3.75,10,458.209978
5.5,20,458.272591
-0.75,1,458.276327
6.0,12,458.315096
16.5,33,458.40633
3.75,10,458.434266
10.5,21,458.491099
5.0,25,458.560095
-2.25,7,458.577498
-8.25,10,458.611261
0.75,3,458.620803
17.0,25,458.70184
0.75,4,458.713255
6.75,16,458.762096
7.25,17,458.809095
3.75,10,458.836881
1.25,5,458.851148
0.25,3,458.859477
11.5,23,458.923473
14.25,23,458.982964
-10.5,27,459.060632
0.75,1,459.063867
6.75,16,459.108477
8.0,19,459.162925
0.75,1,459.165937
6.75,16,459.204704
0.75,1,459.207512
2.25,7,459.224164
4.75,12,459.253665
0.25,3,459.260925
6.0,18,459.303325
10.0,16,459.681162
4.75,12,459.71069
3.25,9,459.733304
5.75,14,459.768776
4.25,11,459.796755
0.25,3,459.804474
9.5,19,459.853018
14.0,24,459.923407
-0.75,1,459.929375
-0.25,2,459.936473
-0.25,2,459.943094
-1.25,15,459.989935
-0.75,1,459.994837
11.5,23,460.067686
6.0,16,460.106837
10.25,22,460.160861
-16.75,26,460.23217
0.75,4,460.244264
0.75,1,460.247432
9.0,17,460.293842
-12.25,14,460.330061
8.25,19,460.377546
1.0,20,460.427427
5.75,14,460.461748
5.25,13,460.493515
0.25,3,460.501675
-1.25,1,460.504502
15.5,29,460.580472
0.75,1,460.583974
13.0,26,460.64971
0.75,1,460.652556
-11.0,14,460.687185
7.75,18,460.732346
-1.25,1,460.735137
9.75,22,460.786848
-13.0,13,460.815987
-10.25,12,460.844609
14.0,23,460.899981
2.75,8,460.919278
12.25,27,460.982538
9.25,15,461.341333
7.25,12,461.370508
4.75,8,461.390213
-0.75,1,461.392807
1.75,6,461.40785
-1.25,3,461.415554
11.5,23,461.471087
-0.25,11,461.497614
3.25,6,461.513318
0.75,1,461.51608
-1.25,1,461.51878
4.75,12,461.549977
-0.25,11,461.577073
4.25,11,461.603579
-4.75,5,461.615759
3.75,11,461.643549
0.75,4,461.653461
-0.75,1,461.65622
9.25,21,461.70532
17.75,35,461.795751
1.25,20,461.847529
0.75,3,461.855762
0.75,4,461.866419
-1.25,12,461.903647
1.75,6,461.924341
1.25,5,461.941638
-1.25,3,461.950866
3.75,10,461.977251
6.25,15,462.017306
-6.25,8,462.036686
0.25,3,462.044364
12.75,30,462.115605
-15.25,20,462.165461
2.25,7,462.183247
1.25,5,462.196706
3.75,10,462.228116
1.25,5,462.244823
0.25,3,462.254996
-1.25,1,462.258389
7.25,20,462.331677
7.75,12,462.38492
-0.75,1,462.390304
1.75,6,462.410859
7.5,21,462.476754
-15.75,19,462.52979
-0.75,1,462.532678
1.75,6,462.548521
-0.25,2,462.553684
-6.25,8,462.573742
8.5,17,462.614353
8.75,12,462.645856
0.25,3,462.657345
-0.25,2,462.664268
4.25,20,462.72097
0.75,5,463.072303
8.5,17,463.116153
-2.75,9,463.142782
0.25,3,463.150952
6.0,12,463.181244
8.25,19,463.248405
0.75,1,463.251536
12.5,43,463.373766
-11.5,34,463.481388
9.5,17,463.533677
-12.5,35,463.625354
-7.25,9,463.645891
13.0,19,463.690015
-0.75,1,463.692455
9.0,18,463.733255
9.5,19,463.777126
-1.25,1,463.77974
-0.25,2,463.784834
1.25,5,463.796437
0.75,1,463.798946
-2.25,10,463.82217
-0.25,2,463.827351
27.0,46,463.935106
5.25,9,463.957615
-16.0,16,464.001493
3.75,10,464.02666
5.75,14,464.063384
-0.25,2,464.069304
0.75,1,464.072346
0.75,1,464.075336
1.25,5,464.088714
-16.5,18,464.134463
13.0,26,464.209726
15.0,30,464.288744
3.25,9,464.311826
-1.25,3,464.319507
-0.25,2,464.324352
-1.25,3,464.332013
-1.25,3,464.340044
-12.25,14,464.375336
6.0,12,464.403672
5.75,14,464.755672
-0.75,1,464.760616
8.75,12,464.793097
-0.25,16,464.830317
3.75,10,464.857996
7.75,15,464.901903
0.25,3,464.910878
8.5,17,464.965699
5.25,13,465.011348
-0.25,2,465.0166
6.25,10,465.042185
-6.75,16,465.082735
4.25,9,465.10701
1.25,5,465.122506
0.75,1,465.125868
-0.25,2,465.132754
-2.25,4,465.146335
5.75,14,465.18784
2.75,8,465.208868
1.25,5,465.222137
1.0,20,465.272095
-0.25,2,465.276832
9.5,17,465.315733
2.25,7,465.332122
2.75,8,465.354712
0.75,4,465.364798
-0.25,2,465.370074
-15.25,17,465.416179
-0.75,1,465.418973
3.75,10,465.441239
-0.75,1,465.443677
0.25,3,465.45169
0.75,1,465.454749
1.25,5,465.467957
0.25,3,465.47566
0.25,3,465.482723
-0.75,1,465.485187
7.25,23,465.540337
2.75,6,465.554232
14.0,21,465.602126
-0.25,2,465.60728
2.75,8,465.626627
1.25,5,465.639305
-0.75,1,465.642112
0.25,3,465.650405
0.25,3,465.658337
0.25,3,465.666478
-4.25,6,465.682981
5.75,14,465.718644
3.25,9,465.741396
-0.75,1,465.744348
4.75,13,465.777439
-0.25,2,465.783753
6.75,12,465.81381
9.5,19,465.864208
-2.25,4,465.873573
9.75,20,465.924921
6.75,15,465.96362
-0.25,2,465.969067
5.25,13,466.009811
5.75,12,466.044604
9.25,21,466.105874
-0.75,1,466.433714
-0.25,2,466.441778
5.25,13,466.486489
0.25,3,466.49617
7.75,18,466.552605
-0.25,2,466.561894
0.25,4,466.577173
-0.25,2,466.584767
4.75,7,466.609604
-0.25,2,466.616335
4.25,23,466.686727
-0.25,2,466.693201
-5.25,7,466.719242
12.75,28,466.793009
4.25,11,466.823199
3.25,9,466.850716
-0.25,2,466.857821
-0.25,2,466.864597
4.75,12,466.900366
0.25,3,466.908508
-0.25,2,466.914818
1.75,6,466.929761
0.75,4,466.939713
0.75,1,466.942478
0.25,9,466.965021
2.75,8,466.985376
0.25,3,466.994718
-7.25,15,467.034232
0.75,4,467.04532
-12.25,14,467.081847
1.25,5,467.09795
1.75,6,467.11738
6.25,15,467.16364
-1.25,3,467.172389
-0.25,2,467.177649
-0.25,13,467.211813
-0.25,2,467.217486
-0.25,2,467.222781
5.25,13,467.255937
3.25,9,467.277977
6.25,15,467.316959
-0.75,1,467.319928
-0.75,1,467.322455
0.25,4,467.333008
13.0,21,467.39163
1.25,5,467.405171
0.75,1,467.409384
11.0,22,467.478238
-2.25,7,467.497769
27.5,34,467.586153
-1.75,5,467.599241
-11.25,13,467.638694
1.75,6,467.659079
14.5,23,467.720829
2.75,8,467.741121
-0.25,2,467.746267
1.25,5,467.759231
-0.75,1,467.762052
5.75,17,467.80634
-0.25,2,467.81215
-0.25,2,467.817728
0.25,3,467.825785
-0.75,1,467.829031
-0.25,2,467.834803
9.25,13,467.8667
-0.75,1,467.869343
0.25,3,467.876982
2.75,7,468.21538
1.25,5,468.227964
-0.25,2,468.233261
3.75,10,468.259152
0.75,4,468.271073
6.75,9,468.293167
-0.25,2,468.29842
-15.5,29,468.36995
-0.25,2,468.375437
-0.25,2,468.380482
-0.75,1,468.383301
0.25,3,468.391101
4.75,12,468.421986
-0.25,2,468.428077
2.25,7,468.445591
0.25,3,468.453119
3.75,10,468.479685
0.75,5,468.492084
-1.25,1,468.494682
9.75,22,468.549437
19.0,36,468.640358
-0.25,2,468.645859
0.75,1,468.648709
3.75,7,468.666216
-1.25,3,468.674038
0.75,1,468.676751
-0.25,2,468.681484
-5.25,7,468.699699
6.75,16,468.739794
-8.25,10,468.764245
-0.75,1,468.767131
-0.75,1,468.769852
-0.75,1,468.772598
-0.25,2,468.777596
9.75,22,468.832886
2.75,8,468.852885
-1.25,15,468.889106
-0.75,1,468.891715
2.25,7,468.908615
10.5,20,468.960014
-0.75,1,468.962952
-3.75,4,468.973144
4.75,12,469.007474
1.75,9,469.032563
11.0,22,469.090854
0.25,3,469.098773
0.75,1,469.101753
-1.75,5,469.114389
0.25,3,469.121828
-2.25,4,469.131978
0.25,3,469.140667
-1.25,3,469.148858
0.75,1,469.151807
-1.25,1,469.154607
7.25,17,469.197795
15.5,31,469.278783
0.75,1,469.281664
-0.25,11,469.309623
-0.25,2,469.315199
1.75,6,469.330734
2.25,7,469.348656
-0.25,2,469.354125
2.25,7,469.373789
14.0,28,469.440788
4.5,18,469.485731
-0.75,1,469.488612
20.75,23,469.853326
-1.25,3,469.860831
3.75,10,469.886069
8.0,16,469.925023
-1.25,1,469.927872
0.5,16,469.967599
-3.25,5,469.979956
-3.5,14,470.037579
4.25,11,470.070809
-0.25,2,470.076818
-2.25,4,470.087504
-0.75,1,470.090415
-6.75,16,470.129614
-2.25,4,470.139571
-0.75,1,470.142435
-0.25,2,470.147945
1.25,5,470.161405
-12.25,14,470.199221
-0.25,2,470.204389
-0.75,1,470.207058
-0.25,2,470.212234
-0.75,1,470.214866
7.5,15,470.253174
0.75,1,470.256404
5.25,13,470.290011
-2.25,4,470.299034
-0.75,1,470.30177
5.75,14,470.334757
-0.75,1,470.337287
-0.25,2,470.342696
-0.25,2,470.347839
15.75,34,470.433092
7.0,17,470.474062
1.5,18,470.520004
1.75,6,470.534897
-0.75,1,470.537486
-0.75,1,470.540161
8.0,14,470.574723
1.75,6,470.588597
0.75,1,470.59112
-0.25,2,470.596306
0.25,3,470.605239
-2.75,6,470.620585
-0.25,2,470.625453
-0.75,1,470.628041
4.75,12,470.65727
0.75,1,470.660032
6.25,15,470.696325
0.75,1,470.698879
-0.75,1,470.701271
-0.25,2,470.706246
6.75,16,470.748229
-0.75,1,470.750977
0.25,3,470.758672
9.75,21,470.810212
-0.75,1,470.813012
-1.25,3,470.821014
0.75,4,470.833072
5.25,13,470.867517
4.75,9,470.89133
-0.75,1,470.894455
0.75,1,470.897519
-9.75,16,470.937782
8.25,16,470.979055
0.25,3,470.988815
-0.25,2,470.996473
-0.25,7,471.014829
4.25,11,471.044466
-8.25,10,471.068627
-0.25,2,471.07378
-10.25,12,471.103806
8.75,20,471.1609
2.25,7,471.473251
-0.25,2,471.478329
7.0,14,471.518138
12.75,26,471.580113
1.25,8,471.599121
-0.25,2,471.604578
5.75,14,471.640558
4.75,14,471.676261
5.75,14,471.710176
6.25,15,471.748885
-0.75,1,471.751716
14.5,23,471.807127
0.25,3,471.814102
9.25,21,471.868362
1.75,5,471.881069
-0.75,1,471.883752
2.25,7,471.901233
-0.75,1,471.903997
-1.25,3,471.911576
-0.25,2,471.91654
4.75,12,471.946947
-0.25,2,471.956508
10.0,20,472.009007
11.0,22,472.061941
-0.75,1,472.0647
1.25,5,472.078619
0.75,1,472.081451
2.25,7,472.099838
-1.25,3,472.108359
-5.25,7,472.125769
-0.25,2,472.130958
-0.75,1,472.133502
2.75,8,472.153349
-10.25,12,472.182653
-1.25,1,472.185042
-1.25,1,472.187827
-0.25,2,472.192992
2.75,8,472.213711
8.0,16,472.253349
3.75,8,472.272781
0.75,4,472.283508
8.25,12,472.312666
2.25,6,472.326982
-0.25,2,472.332241
3.25,9,472.354836
-1.25,3,472.362218
-0.75,1,472.365057
-0.75,1,472.367967
0.75,1,472.370764
-0.25,2,472.376076
7.25,17,472.420245
3.25,9,472.442769
-2.25,4,472.45311
-0.75,1,472.455867
-3.25,5,472.468481
-0.25,2,472.473728
-0.25,2,472.479132
-0.25,2,472.48428
8.5,13,472.519099
-0.25,2,472.524363
6.5,13,472.555761
6.25,21,472.608652
0.75,1,472.611844
10.0,20,472.661673
0.75,1,472.664345
0.75,4,472.674125
3.25,9,472.698199
-0.25,2,472.703701
3.75,7,472.72123
6.25,15,472.759211
-0.75,1,472.761841
-0.75,1,473.075399
4.75,12,473.105432
0.75,1,473.108039
0.75,1,473.110548
9.25,21,473.162314
-0.25,2,473.167383
11.25,25,473.227344
9.5,19,473.273589
-0.75,1,473.276618
10.75,20,473.32581
-3.25,5,473.338071
7.0,14,473.37231
-3.75,4,473.382254
4.75,12,473.411933
-3.25,8,473.432714
24.0,37,473.524673
-0.25,2,473.529935
-0.75,1,473.532727
-0.25,2,473.537959
8.25,25,473.600106
0.75,1,473.602948
4.75,9,473.625175
-0.75,1,473.628155
0.75,4,473.639106
2.25,7,473.65682
-0.75,1,473.659473
4.75,9,473.681327
0.75,4,473.691339
-0.75,1,473.694246
-0.75,1,473.696873
11.25,25,473.758714
-0.25,2,473.763684
2.25,5,473.776175
-0.75,1,473.778748
-0.75,1,473.781279
9.0,18,473.823885
10.75,18,473.866441
2.25,25,473.928131
-1.25,3,473.935833
0.75,1,473.938676
10.5,21,473.999109
-0.75,1,474.002222
5.25,13,474.046503
12.75,27,474.155567
-0.75,1,474.16009
-19.25,21,474.236754
2.25,7,474.254081
13.5,21,474.308521
12.5,25,474.371133
-0.25,2,474.37641
0.25,3,474.384594
0.75,3,474.39253
0.25,6,474.407256
10.25,23,474.808926
8.0,16,474.84952
-0.25,2,474.855621
-0.75,1,474.858955
0.75,1,474.86204
6.0,21,474.914366
-1.25,3,474.922153
-0.25,2,474.927369
-0.75,1,474.930016
0.75,1,474.932727
7.25,17,474.979415
-2.25,13,475.020186
-0.75,1,475.02352
-0.25,2,475.029391
0.25,3,475.037645
-0.75,1,475.040392
-0.75,1,475.04311
0.75,1,475.045946
8.5,20,475.101681
0.25,3,475.110741
10.5,21,475.165493
-0.25,2,475.170527
0.75,1,475.173347
0.5,16,475.214319
0.75,19,475.260943
-0.25,2,475.266307
-0.25,2,475.271511
13.5,19,475.319904
-0.75,1,475.322795
-0.25,2,475.328034
-0.75,1,475.330752
12.5,23,475.394677
-0.25,2,475.400372
10.0,19,475.455852
-9.25,11,475.48475
8.5,20,475.535128
24.0,37,475.626623
-0.25,2,475.632092
11.5,29,475.704233
12.0,18,475.747454
8.25,19,475.796601
1.25,5,475.809707
9.5,25,475.87508
15.25,27,475.945251
4.75,13,475.981647
-0.75,1,475.985122
4.25,11,476.025361
-3.25,26,476.097287
0.25,3,476.105016
8.25,19,476.474013
14.5,26,476.540069
3.75,10,476.565537
8.5,17,476.607327
0.75,4,476.617312
10.5,21,476.671026
10.5,20,476.719338
7.25,14,476.753158
32.0,48,476.872228
10.5,15,476.912948
-0.25,2,476.918093
0.75,4,476.928809
-0.25,2,476.934085
-11.0,29,477.010788
3.75,19,477.05829
1.75,6,477.072979
-0.75,1,477.075752
15.75,28,477.146653
19.25,42,477.253494
0.75,1,477.256323
9.5,17,477.298257
0.25,4,477.308525
-0.25,2,477.314095
-0.25,2,477.320212
4.75,12,477.350888
-0.25,2,477.356595
-0.75,1,477.359482
4.25,11,477.387864
-0.75,1,477.390723
5.75,10,477.416156
-1.25,3,477.424105
-0.75,1,477.427096
8.5,20,477.47813
-0.75,1,477.481044
4.25,11,477.509225
6.25,12,477.540861
-10.25,12,477.572691
-0.25,2,477.578015
4.75,12,477.608264
-6.25,20,477.660359
0.75,4,477.671177
3.75,10,477.69702
7.0,14,477.732272
-0.25,2,477.737422
0.5,16,478.114357
-0.75,1,478.11725
-0.25,2,478.122615
-5.75,6,478.137987
2.0,22,478.190846
0.25,3,478.198216
6.25,15,478.237632
10.5,21,478.288094
13.5,20,478.337988
24.0,47,478.453193
-0.75,1,478.456032
16.5,27,478.524324
3.75,10,478.549693
3.75,10,478.575125
8.75,14,478.608767
-0.25,2,478.613698
-4.25,6,478.627843
7.0,14,478.661897
4.5,18,478.707446
-9.25,11,478.73296
8.75,24,478.79316
4.25,11,478.821192
2.0,20,478.871197
-11.5,19,478.919379
4.0,20,478.967858
2.25,7,478.984875
-0.75,1,478.987726
6.25,21,479.044625
-3.75,10,479.069792
9.5,18,479.11416
19.75,22,479.169679
0.75,3,479.177716
-6.0,15,479.215735
0.75,4,479.226451
3.75,10,479.251485
9.0,18,479.29585
8.5,17,479.341778
-6.5,20,479.710663
-0.25,2,479.716103
-3.25,11,479.743436
9.25,21,479.798542
10.5,16,479.837704
8.25,19,479.880826
2.25,7,479.898552
1.75,6,479.914111
3.25,12,479.94387
4.75,8,479.963965
-0.25,2,479.969166
8.0,22,480.026644
-8.75,12,480.057727
6.5,13,480.090088
-1.25,1,480.092705
2.75,8,480.111582
0.25,3,480.119116
3.75,10,480.145504
11.5,23,480.200007
11.75,26,480.264836
0.25,3,480.272982
13.5,19,480.319288
8.75,14,480.354656
10.0,17,480.39558
24.0,37,480.484263
0.25,3,480.492236
12.75,20,480.542769
-1.0,13,480.580496
5.75,14,480.618031
-1.25,3,480.625978
-7.0,19,480.672884
15.75,25,480.736396
-3.0,21,480.792231
8.25,19,480.841466
-1.25,3,480.849472
-0.75,1,480.852308
0.5,16,480.894178
5.75,14,480.930877
-5.25,7,480.949242
-6.5,20,481.334165
10.0,16,481.377149
-0.25,2,481.382469
-0.75,1,481.385271
3.25,9,481.407598
2.75,5,481.419315
6.75,9,481.440864
0.75,1,481.443698
8.25,19,481.492333
2.75,8,481.512956
1.75,4,481.523499
5.25,13,481.554896
8.25,19,481.605863
6.75,14,481.637767
-13.0,13,481.667924
-0.5,14,481.706615
2.25,4,481.729728
1.25,14,481.810443
7.5,15,481.873569
4.25,11,481.911161
-7.75,17,481.954593
11.5,23,482.012511
2.75,7,482.031011
-0.75,1,482.033823
5.0,16,482.072888
7.25,17,482.11343
11.25,23,482.169399
0.75,4,482.179218
0.75,4,482.189191
0.75,5,482.202317
-1.25,3,482.210434
2.75,5,482.22384
8.5,17,482.265942
10.5,15,482.302176
9.0,18,482.346324
0.75,4,482.356338
2.75,8,482.375804
-0.25,2,482.382189
-3.25,5,482.398199
-0.5,17,482.444061
9.5,19,482.492812
12.5,28,482.563457
6.75,16,482.604741
-11.0,26,482.672476
2.25,4,482.682769
11.75,23,483.059221
8.75,12,483.088497
14.5,22,483.143721
10.5,21,483.194851
-0.25,2,483.20014
-0.75,1,483.20294
10.0,26,483.267104
0.25,3,483.274551
11.25,14,483.307819
4.75,12,483.336504
-0.25,2,483.341705
0.75,1,483.344505
14.25,25,483.405947
-0.25,2,483.411241
7.25,23,483.466204
9.25,21,483.519625
-0.25,2,483.524931
10.0,20,483.573928
8.25,28,483.647351
10.5,21,483.698966
-1.25,3,483.707529
-0.25,2,483.712654
7.0,20,483.763342
4.75,12,483.798225
23.0,23,483.854398
7.0,14,483.888929
3.25,9,483.911042
-0.75,1,483.913964
7.0,14,483.950006
-16.0,16,483.990421
4.5,12,484.021772
-3.5,20,484.075586
0.75,1,484.078444
13.0,21,484.131528
14.5,22,484.186697
10.75,20,484.237049
3.75,10,484.262789
-14.25,25,484.323462
1.25,5,484.658159
0.75,1,484.66097
2.25,7,484.67864
10.25,18,484.724428
12.0,19,484.771227
7.75,18,484.817796
-0.25,2,484.823945
7.5,21,484.876488
9.0,18,484.920278
-8.25,10,484.946263
7.5,21,485.000529
6.25,25,485.062309
8.25,18,485.107615
6.0,12,485.13847
8.5,17,485.18275
12.5,25,485.25285
10.5,19,485.305878
10.25,18,485.349824
10.5,17,485.391855
-0.25,2,485.397848
18.5,25,485.460944
4.0,17,485.509518
-0.25,2,485.516217
-0.25,2,485.523188
0.75,1,485.526659
2.25,7,485.551664
2.25,7,485.574861
1.25,5,485.590852
13.0,16,485.637655
17.0,26,485.708102
10.75,24,485.787125
2.75,8,485.813007
9.0,27,485.882327
7.25,26,485.947829
8.5,17,485.995338
13.0,16,486.401963
5.75,14,486.438689
-0.75,1,486.441527
12.5,20,486.51921
0.75,1,486.523962
10.5,16,486.572873
-1.25,3,486.582442
3.75,13,486.617366
11.0,20,486.668712
9.5,14,486.702509
7.0,14,486.736807
1.75,6,486.751784
-30.5,35,486.836778
-0.75,1,486.839557
-5.5,22,486.893048
2.25,10,486.918791
-2.5,13,486.957743
2.25,7,486.977009
15.0,28,487.104464
-4.25,6,487.127413
3.25,9,487.1619
5.5,20,487.214164
2.25,7,487.232442
-5.5,13,487.265964
-9.5,19,487.316618
10.5,39,487.416384
4.75,15,487.453446
9.5,18,487.501775
-17.25,19,487.550883
9.5,17,487.594336
13.0,19,487.645176
0.25,3,487.653258
0.25,3,487.661015
-5.75,15,487.699171
3.75,9,487.724187
16.5,23,487.797401
6.75,19,488.188704
4.75,12,488.217649
7.0,14,488.250923
6.25,21,488.300215
3.75,13,488.334114
3.25,9,488.356004
-2.25,4,488.365771
13.5,22,488.419508
-8.75,18,488.46489
1.75,6,488.480312
6.75,16,488.522774
9.25,19,488.570935
3.25,9,488.593876
-1.25,1,488.596621
9.0,18,488.64259
8.0,16,488.680894
-0.75,1,488.683734
9.0,18,488.72675
1.25,11,488.755517
0.25,3,488.763009
9.75,20,488.811804
2.75,8,488.83166
0.75,1,488.834306
-2.25,4,488.844569
-0.25,2,488.849581
0.75,1,488.852184
0.75,1,488.854683
4.75,8,488.873815
8.75,17,488.915246
-9.25,11,488.942537
-4.25,6,488.957534
2.0,19,489.010004
0.25,3,489.017693
-4.25,6,489.033411
6.75,16,489.074179
2.5,17,489.119538
-13.75,17,489.159883
0.75,1,489.162628
0.75,4,489.172893
4.25,11,489.200096
12.5,25,489.261303
1.75,6,489.275854
8.0,16,489.316873
-0.75,7,489.334342
7.0,14,489.367934
0.75,1,489.370674
-3.25,11,489.400286
11.5,26,489.768688
5.25,16,489.807864
12.25,25,489.867051
7.25,17,489.910645
-10.5,15,489.947007
6.25,18,489.990989
8.25,19,490.040718
-0.75,1,490.043444
2.75,8,490.06326
9.5,18,490.107277
14.25,30,490.181414
6.75,16,490.221556
3.25,7,490.239187
8.25,19,490.28387
7.5,15,490.320944
10.25,20,490.371584
14.5,26,490.433067
9.5,17,490.472413
5.5,20,490.52118
9.75,15,490.559391
3.25,9,490.581711
-3.75,28,490.650103
-5.25,7,490.668401
-1.25,3,490.67843
12.5,22,490.736141
-1.25,1,490.738946
-16.0,16,490.779424
0.75,3,490.786614
-0.25,2,490.791804
-0.75,1,490.794455
-5.0,26,490.858234
-11.5,19,490.906225
9.25,21,490.958384
3.25,15,490.997789
0.75,4,491.009568
-1.25,3,491.017163
10.0,19,491.386369
-0.25,2,491.391531
-3.25,5,491.403829
9.5,14,491.437615
8.25,19,491.482525
7.25,11,491.509888
11.5,27,491.576669
9.5,19,491.622224
0.25,3,491.629834
17.5,32,491.709631
-0.75,1,491.712489
6.5,13,491.745231
-0.75,1,491.748031
-11.0,14,491.785182
-0.25,2,491.790478
-0.25,2,491.795631
-7.75,17,491.838332
7.75,16,491.879466
4.75,10,491.904864
4.5,12,491.934349
3.75,10,491.959262
0.75,4,491.969447
6.25,15,492.014953
4.25,11,492.043789
-16.0,16,492.083293
11.75,26,492.14869
-4.25,15,492.186054
-0.25,2,492.191335
0.25,3,492.199799
10.25,22,492.260306
-0.25,2,492.267354
8.75,20,492.325427
6.75,11,492.355674
3.75,10,492.380725
2.25,7,492.398687
3.25,9,492.421827
7.25,23,492.493481
7.25,16,492.548115
-1.25,6,492.567024
-0.75,1,492.570332
1.75,6,492.588483
-0.75,1,492.591939
-7.25,15,492.635134
-0.75,1,492.638093
-0.75,1,492.64077
5.25,16,492.684418
0.25,3,492.694283
6.75,16,493.096649
-0.25,2,493.102343
-18.75,19,493.149515
6.5,13,493.182295
0.75,1,493.185211
-13.0,13,493.217605
0.75,1,493.220564
1.25,5,493.235743
3.75,7,493.254266
2.25,7,493.272325
-0.25,2,493.277462
9.25,21,493.333088
8.5,20,493.383059
-0.25,2,493.388502
0.75,1,493.391288
0.25,3,493.399062
-1.25,3,493.40716
9.5,19,493.455483
2.25,7,493.472938
-0.75,1,493.475964
-5.25,7,493.493973
0.25,3,493.501982
-0.75,1,493.504726
-2.0,14,493.544843
0.25,3,493.552861
0.25,3,493.560538
-0.75,1,493.563219
-20.0,20,493.619333
-0.25,2,493.634654
-0.25,2,493.649187
-0.75,1,493.656268
0.75,1,493.663536
3.75,10,493.709573
6.25,15,493.759504
5.75,14,493.807087
-0.25,5,493.824985
5.75,14,493.868968
14.25,31,493.975274
13.25,19,494.04207
18.25,27,494.121233
0.75,4,494.134869
-0.25,2,494.141971
0.75,1,494.145571
-0.25,2,494.152454
-0.75,1,494.156294
10.5,21,494.276478
-5.25,7,494.316236
11.25,25,494.412268
0.75,3,494.423572
6.25,15,494.480698
8.75,11,494.517
5.75,14,494.560052
-0.25,2,494.5664
0.25,3,494.576691
-0.25,2,494.585539
10.25,23,494.664877
7.5,15,494.715463
0.75,1,494.71946
0.25,3,494.730803
5.25,19,495.148552
0.75,13,495.181981
-0.25,2,495.187846
3.75,10,495.217643
9.75,19,495.270675
8.75,12,495.304123
1.75,6,495.320091
7.75,18,495.370899
-0.25,2,495.376396
4.75,12,495.407672
-1.25,1,495.410526
2.75,8,495.430696
0.75,1,495.433487
5.25,13,495.465421
2.25,7,495.483016
3.75,7,495.501302
-0.25,2,495.506713
4.25,11,495.535583
1.25,5,495.549356
5.25,13,495.58512
-1.25,15,495.623439
-0.75,1,495.62656
4.75,12,495.659601
-0.25,2,495.665302
-3.25,5,495.679323
7.0,14,495.71709
1.75,6,495.736459
4.75,8,495.763226
-1.25,3,495.772387
-2.25,4,495.785064
4.75,11,495.815844
-0.75,1,495.818644
1.25,5,495.831321
-0.75,1,495.834248
0.75,1,495.837045
0.75,1,495.83973
0.25,3,495.847157
-1.25,3,495.854986
3.75,10,495.879437
-0.75,1,495.882033
-0.75,1,495.884758
-0.75,1,495.887484
5.0,16,495.927224
0.75,1,495.930283
0.25,3,495.938339
5.25,10,495.964648
-9.25,11,496.002532
8.75,18,496.049983
10.25,23,496.144271
1.75,15,496.200229
-0.25,2,496.206577
-1.25,1,496.209903
8.25,19,496.262568
12.75,28,496.347538
0.25,3,496.360226
-11.25,13,496.406901
3.25,21,496.474499
-2.25,4,496.485959
7.0,13,496.526871
10.75,24,496.619377
-1.25,3,496.629593
-0.75,1,496.63311
-6.25,8,497.052897
-0.25,20,497.114218
0.25,3,497.123431
0.25,3,497.132404
6.25,13,497.170287
-0.75,1,497.173492
6.75,16,497.218277
-0.25,2,497.224803
1.75,6,497.244357
7.5,18,497.299237
-0.75,1,497.302452
3.75,16,497.352051
11.75,17,497.39618
13.25,25,497.467661
5.25,15,497.516511
14.0,21,497.580113
-0.75,1,497.583377
-0.75,1,497.586779
-3.75,4,497.599411
4.25,11,497.629723
2.75,7,497.651277
5.25,13,497.684304
5.75,14,497.719664
-0.75,1,497.722623
3.75,7,497.74055
-12.25,17,497.784052
3.75,7,497.80315
-0.25,2,497.808671
4.25,11,497.83966
7.75,18,497.895842
0.75,1,497.901158
0.25,3,497.912645
4.25,12,497.952305
3.75,7,497.971411
-0.75,1,497.974381
8.5,17,498.037882
-0.25,2,498.045565
-0.75,1,498.050121
-0.75,1,498.05415
-7.25,9,498.08444
8.5,17,498.138642
12.5,25,498.206797
10.75,22,498.263856
3.25,9,498.289295
6.75,14,498.327416
-0.75,1,498.330398
-12.75,13,498.367358
2.75,5,498.382275
-0.75,1,498.385664
-0.25,2,498.392429
-0.75,1,498.395934
4.75,7,498.416456
-4.25,6,498.432583
5.25,13,498.468309
-0.75,1,498.471418
-0.25,2,498.477089
-0.25,2,498.483181
-1.25,3,498.492105
-1.25,3,498.501185
-0.75,1,498.504589
10.25,21,498.876766
-0.25,2,498.881898
5.75,9,498.904799
0.75,1,498.907369
-0.75,1,498.910218
4.75,12,498.94083
-0.75,1,498.943693
5.75,14,498.979489
11.25,25,499.049318
-0.75,1,499.052066
11.75,16,499.091733
-0.75,1,499.094429
6.0,18,499.141389
-1.25,3,499.148953
5.75,14,499.183112
5.25,13,499.215555
0.25,3,499.224118
2.75,8,499.246114
0.75,1,499.24911
-0.25,2,499.255003
3.25,9,499.279621
-2.75,6,499.296633
-0.25,2,499.302675
-0.75,7,499.322943
0.75,1,499.326144
2.25,19,499.376935
12.5,33,499.468169
8.25,18,499.52579
-0.25,2,499.532592
-1.25,3,499.541891
-0.75,1,499.547175
5.75,10,499.587187
0.75,4,499.600283
7.75,18,499.660517
-0.75,1,499.663837
-3.25,5,499.680529
-0.75,1,499.68439
-0.75,1,499.688163
12.5,25,499.77173
1.25,5,499.787533
0.25,3,499.798774
3.25,9,499.828644
2.25,4,499.842617
-0.25,2,499.849732
-1.25,3,499.860742
2.75,8,499.887749
0.75,4,499.900221
-1.25,3,499.90949
-0.25,2,499.91607
3.0,21,499.978523
11.25,15,500.034271
0.25,3,500.043743
-0.25,2,500.049945
12.5,30,500.138919
7.25,16,500.185096
-0.75,1,500.188169
-0.75,1,500.19163
3.25,9,500.217592
0.25,3,500.225691
0.75,1,500.228557
2.25,5,500.242276
3.25,9,500.270551
-0.75,1,500.27442
-0.25,2,500.281656
2.25,7,500.307747
1.75,6,500.327174
-0.25,2,500.334297
5.25,13,500.375087
8.5,20,500.847488
-0.75,1,500.853269
4.75,12,500.893187
-1.75,8,500.915471
-6.25,8,500.936299
0.75,1,500.939035
0.75,1,500.942167
-4.25,6,500.95828
18.0,36,501.055754
7.75,10,501.080324
8.75,13,501.113988
-2.25,4,501.124622
-0.25,2,501.130474
-0.75,1,501.134002
0.75,10,501.161068
0.25,3,501.169345
0.75,1,501.172352
-15.5,23,501.233409
-0.75,1,501.236351
1.25,5,501.249517
10.75,24,501.309646
-0.75,1,501.313395
-1.25,1,501.316795
5.25,13,501.352305
-0.25,2,501.358032
12.25,24,501.423208
0.75,1,501.426173
-0.25,2,501.431817
-1.25,1,501.43469
0.75,4,501.445854
-16.75,26,501.51337
4.25,11,501.543527
2.0,19,501.592664
2.25,7,501.610698
12.75,46,501.72904
-1.25,1,501.731949
-0.25,2,501.73738
3.25,9,501.761152
-6.5,20,501.811928
15.0,28,501.882162
-6.5,20,501.93305
-0.25,2,501.938386
7.0,13,501.9723
-9.5,19,502.024666
0.75,1,502.027701
11.0,22,502.082193
10.5,20,502.132761
-0.25,2,502.138725
-9.25,11,502.517681
-1.25,3,502.526715
-0.75,1,502.529985
6.25,15,502.575318
0.75,1,502.578596
2.75,8,502.602434
0.25,3,502.611621
15.0,42,502.741476
-0.25,2,502.74766
5.25,11,502.776086
-0.25,2,502.781357
8.25,19,502.828892
3.25,9,502.85184
-0.75,1,502.854708
9.25,21,502.90592
3.75,10,502.931074
0.75,1,502.93387
-0.25,2,502.939025
-1.25,1,502.94153
5.25,12,502.973561
-3.25,5,502.989383
2.75,17,503.062673
4.75,12,503.100653
-0.25,2,503.106855
-0.25,2,503.112687
3.75,10,503.140139
3.75,10,503.165694
-0.25,2,503.170901
0.75,1,503.173612
8.0,16,503.216861
4.25,11,503.253987
6.25,15,503.299956
8.5,17,503.350602
-6.25,8,503.389903
2.75,5,503.405415
2.25,7,503.425157
4.75,12,503.459052
-0.75,1,503.462153
-0.25,3,503.470454
-0.75,7,503.489965
0.25,3,503.498366
2.25,7,503.520109
-0.75,1,503.523197
-0.75,1,503.52621
-0.25,2,503.532034
-0.25,2,503.537963
9.75,19,503.589942
-0.25,2,503.595372
7.25,16,503.635245
-24.25,29,503.706735
-0.75,1,503.709604
-0.75,1,503.712539
3.75,19,503.75899
-1.25,1,503.761744
-0.75,1,503.764656
3.75,10,503.789509
3.75,10,503.815706
-1.75,17,503.859962
13.0,21,503.91482
-0.75,1,503.917723
3.75,10,503.9435
7.25,15,504.305334
-0.75,1,504.308158
1.25,5,504.321021
0.25,3,504.328641
-0.25,2,504.334018
-0.25,2,504.339153
-1.25,3,504.346785
0.75,1,504.349417
9.25,21,504.403038
6.75,13,504.434589
0.75,1,504.437502
0.75,4,504.447692
4.25,8,504.467342
15.0,30,504.555141
0.75,19,504.619431
12.5,25,504.696588
10.5,21,504.764205
5.75,14,504.808327
1.25,5,504.82676
-0.25,2,504.833221
12.0,19,504.891274
-10.75,17,504.9433
6.25,15,504.997663
2.75,8,505.022348
0.75,1,505.025362
-0.75,1,505.028301
-9.0,15,505.066291
-8.25,10,505.09085
-4.25,6,505.105879
-0.25,2,505.110976
0.75,1,505.11363
-1.25,1,505.116401
1.25,5,505.128766
-0.25,2,505.133882
-8.75,13,505.166954
9.5,19,505.212953
0.75,22,505.265634
-0.75,1,505.26843
1.75,6,505.283522
-0.25,2,505.288673
5.75,14,505.323233
-3.75,13,505.355177
-1.25,6,505.370039
-0.75,1,505.372842
3.25,9,505.394524
6.75,14,505.428884
4.25,11,505.455931
2.25,4,505.465922
-0.75,1,505.468819
1.75,3,505.476341
15.0,21,505.527854
-0.75,1,505.530831
15.75,23,505.586778
-9.25,11,505.614433
-1.25,9,505.637438
-0.75,1,505.64031
9.0,18,505.685993
13.75,16,506.052267
11.25,25,506.116831
0.75,4,506.128326
0.75,4,506.139303
5.75,14,506.17704
4.5,18,506.221879
0.75,4,506.231827
3.25,9,506.253986
-0.75,1,506.256614
10.0,17,506.298301
5.75,14,506.333242
-0.25,2,506.338724
-0.75,1,506.341747
0.25,3,506.34983
8.75,16,506.387045
-0.25,2,506.391716
-0.25,2,506.396498
-0.25,2,506.401519
-1.25,3,506.408731
0.25,3,506.415512
-0.25,2,506.420209
5.25,11,506.446965
-0.25,2,506.452029
-0.25,2,506.457309
-0.75,1,506.459924
0.75,1,506.46267
0.75,1,506.465502
13.75,28,506.5336
1.25,5,506.54613
-3.25,5,506.558306
0.75,1,506.561019
4.75,12,506.588726
0.75,1,506.591216
0.75,1,506.593863
-0.25,2,506.598719
5.75,10,506.621062
-1.25,3,506.628052
1.75,6,506.642548
-0.25,2,506.647479
0.75,1,506.650298
8.75,11,506.677668
-0.75,1,506.680389
0.75,1,506.682976
0.75,1,506.685541
-0.75,1,506.687934
-0.75,1,506.690409
-0.25,2,506.69533
-0.25,2,506.700026
-0.25,2,506.704751
7.0,14,506.736424
-0.25,2,506.741106
5.25,13,506.771273
7.0,14,506.806636
11.75,16,506.845712
9.25,21,506.914064
-13.0,13,506.948874
-0.25,2,506.953953
0.75,1,506.956738
-0.75,1,506.95955
-0.25,2,506.964298
-0.75,1,506.966878
-6.25,8,506.986259
-6.5,20,507.038772
-1.25,3,507.046629
4.75,12,507.075722
8.25,19,507.123195
0.75,1,507.12589
-0.25,2,507.131249
12.0,24,507.19334
0.75,1,507.196221
9.25,21,507.25108
0.75,1,507.253888
3.25,9,507.278834
2.75,8,507.298938
-3.25,5,507.622611
5.25,10,507.647671
-15.75,16,507.687188
-0.75,1,507.689804
-11.25,22,507.741383
4.75,12,507.77134
0.75,5,507.784648
-0.75,1,507.787541
-11.25,13,507.818944
4.25,13,507.850612
0.25,3,507.857718
-0.75,1,507.860239
2.25,16,507.898135
-0.25,2,507.903391
0.75,1,507.906219
1.25,5,507.918866
4.5,18,507.963166
5.25,12,507.994428
14.0,28,508.069132
-11.25,16,508.106081
0.75,1,508.108984
7.0,17,508.149541
3.25,7,508.16659
3.75,10,508.190769
-0.75,1,508.193297
0.75,3,508.200904
-0.75,7,508.217164
-0.75,1,508.219834
3.25,9,508.24268
2.75,5,508.25499
-0.75,1,508.257812
3.75,8,508.277791
0.75,1,508.280554
6.0,12,508.309889
-0.25,2,508.314976
0.75,1,508.317716
1.75,6,508.333232
0.75,1,508.335895
0.75,3,508.344009
-0.25,2,508.349334
-0.75,1,508.352003
-0.25,2,508.357277
-10.25,12,508.388766
-0.75,1,508.391503
5.75,14,508.423218
0.75,1,508.425895
0.75,1,508.428639
-0.25,2,508.433679
0.75,4,508.443899
8.25,16,508.48454
3.25,9,508.505743
-0.25,2,508.511739
-0.75,1,508.51472
-0.75,1,508.517559
0.75,1,508.520379
0.75,1,508.523147
3.75,10,508.547712
0.25,15,508.583761
-0.25,2,508.588935
12.5,25,508.649255
7.25,17,508.690141
6.75,16,508.729404
1.25,5,508.741902
0.25,3,508.749942
-10.25,12,508.780144
11.0,16,508.821071
8.5,17,508.865604
-2.75,3,508.873354
0.25,3,508.881264
-4.25,6,509.2063
0.75,4,509.216932
1.75,6,509.234234
1.75,6,509.24983
-0.75,1,509.252511
10.5,17,509.295636
12.5,25,509.356325
10.25,23,509.413685
-0.25,2,509.418754
5.25,14,509.452294
-0.25,14,509.486801
0.75,1,509.489645
10.25,23,509.546439
-0.25,2,509.551379
-0.75,4,509.561361
-12.0,30,509.633584
-0.25,2,509.638636
-0.25,2,509.644053
0.75,1,509.646954
0.75,4,509.656984
9.5,19,509.702278
-0.25,2,509.707247
0.25,3,509.715501
3.5,13,509.747482
9.0,18,509.789768
0.75,1,509.792699
-1.25,3,509.800448
10.0,17,509.842839
3.75,10,509.866619
-0.25,2,509.87186
-0.25,2,509.877111
1.75,6,509.89133
0.25,3,509.898571
0.25,3,509.906353
-0.25,2,509.911497
5.0,16,509.949708
-0.75,1,509.95248
-0.25,2,509.957769
10.0,18,510.001312
-0.75,1,510.004807
14.5,29,510.075618
-5.25,13,510.105373
2.75,8,510.123066
8.0,14,510.158261
0.75,1,510.160846
0.75,4,510.170882
-0.25,2,510.175728
6.75,16,510.213681
0.25,3,510.220629
-0.25,2,510.225243
8.75,20,510.273095
-1.25,1,510.276088
-0.25,2,510.281533
-0.25,2,510.286901
1.75,6,510.30235
-0.25,2,510.307516
-0.25,2,510.312827
0.25,12,510.342672
7.75,17,510.400546
1.25,5,510.422376
1.25,5,510.443491
3.25,9,510.481536
6.75,16,510.83387
18.0,36,510.919779
-0.25,2,510.92506
-1.0,19,510.975146
-0.25,2,510.980778
-0.75,1,510.983629
5.75,14,511.025759
1.25,5,511.038519
-0.75,1,511.04125
11.25,13,511.073248
-5.25,7,511.089933
0.75,1,511.092573
0.75,4,511.10203
-0.25,2,511.10706
4.25,11,511.133832
7.25,17,511.17732
-0.25,2,511.18261
10.75,24,511.252684
9.25,21,511.311014
15.0,24,511.375024
4.75,12,511.404621
-0.75,1,511.407238
11.0,25,511.467988
7.25,17,511.513605
15.5,43,511.624814
6.75,19,511.671556
0.75,1,511.674259
-0.25,2,511.679267
6.25,14,511.712379
4.5,15,511.749536
-0.75,1,511.752352
3.25,9,511.774552
3.25,9,511.7962
-0.75,1,511.799078
7.0,14,511.834604
0.75,7,511.852019
-0.75,1,511.854697
0.75,1,511.85767
-0.75,1,511.860524
0.75,1,511.863348
-0.25,2,511.86874
8.5,20,511.91666
-8.0,17,511.957702
0.75,1,511.960548
0.75,1,511.963389
-0.75,16,512.006266
0.25,3,512.014541
0.75,1,512.017402
7.25,14,512.053573
0.25,3,512.061836
-0.25,2,512.067346
-10.25,12,512.098043
-0.25,2,512.103489
1.25,5,512.116373
0.75,1,512.119178
-1.25,3,512.126894
4.25,11,512.469154
5.25,13,512.502051
9.25,21,512.555368
-0.25,2,512.560815
-0.75,1,512.563563
9.0,18,512.607823
1.25,5,512.619803
4.5,18,512.661081
-6.75,28,512.725648
0.25,3,512.733739
-0.25,2,512.739315
6.5,15,512.775588
-0.25,2,512.780686
-0.25,2,512.786308
-0.75,1,512.789456
-0.25,2,512.794808
-12.25,14,512.830965
-11.25,19,512.877433
12.5,25,512.935331
-0.75,1,512.937857
-0.25,2,512.942804
9.25,30,513.019457
0.25,3,513.027236
-0.75,10,513.051658
-0.25,2,513.056746
-0.75,1,513.059632
7.25,17,513.101835
6.25,15,513.136554
-0.75,1,513.139237
0.25,3,513.146784
-0.25,2,513.152231
4.75,12,513.18198
-0.25,2,513.18708
-1.25,3,513.194464
-0.75,1,513.197291
8.5,26,513.257844
0.75,3,513.265643
-3.25,5,513.277864
0.75,4,513.288266
-5.75,9,513.311452
-1.25,3,513.319376
13.0,26,513.383322
-5.25,21,513.433295
-2.0,14,513.466771
0.75,4,513.47592
-0.75,1,513.478574
1.25,5,513.490022
-14.5,19,513.536811
-0.25,2,513.542377
-2.25,4,513.552981
-0.25,2,513.558372
-0.25,2,513.563922
5.25,28,513.635349
-1.25,3,513.643132
0.75,1,513.646093
7.75,18,513.690927
9.0,18,514.054426
-1.25,1,514.057344
0.75,1,514.06028
-0.25,2,514.065765
-0.25,2,514.071224
0.75,5,514.083406
2.75,8,514.103397
0.75,1,514.106261
0.25,3,514.113878
8.75,14,514.148869
0.75,1,514.151777
0.75,1,514.154627
9.75,22,514.209485
1.75,6,514.224535
11.25,19,514.270416
-0.25,2,514.275689
6.25,27,514.340375
4.75,12,514.369283
-0.75,1,514.37206
4.75,12,514.401539
-13.5,21,514.450714
0.75,1,514.453495
-0.25,2,514.458704
5.25,13,514.491071
7.75,18,514.536578
-1.25,1,514.539398
-0.25,2,514.544658
-0.25,2,514.549778
-0.25,2,514.554807
3.75,10,514.578979
-1.25,1,514.582044
-0.25,2,514.587049
0.75,1,514.589629
0.25,3,514.597277
-0.75,1,514.599986
-0.25,2,514.605164
0.25,3,514.612615
-0.25,2,514.617765
9.25,21,514.671374
9.5,19,514.714773
-0.25,2,514.719828
0.75,1,514.722538
-0.75,4,514.732631
8.25,19,514.779549
3.75,10,514.803164
3.25,9,514.82525
5.5,20,514.872796
-0.25,2,514.877958
-0.25,2,514.882845
14.25,34,514.964955
-0.25,2,514.970426
-0.75,1,514.973287
2.25,6,514.988416
-0.25,2,514.993658
0.25,3,515.001727
-0.25,5,515.01494
5.25,16,515.055993
1.25,5,515.069752
10.5,19,515.115596
3.25,18,515.161226
-7.25,27,515.230398
-0.25,2,515.235891
7.25,17,515.278786
-0.25,2,515.284425
-0.25,2,515.290071
-0.25,2,515.296191
9.25,24,515.679993
-23.0,23,515.734454
0.25,3,515.743848
0.75,4,515.754477
10.25,23,515.810472
0.25,3,515.818145
8.0,16,515.857587
3.25,9,515.880469
3.75,10,515.904307
-2.25,4,515.913778
0.75,4,515.923178
6.75,16,515.96324
-10.25,12,515.994226
3.75,10,516.033186
-0.75,1,516.036307
10.75,19,516.091931
7.25,11,516.120207
-2.25,10,516.150897
-0.25,2,516.1567
0.25,3,516.165226
-1.25,3,516.173629
3.75,10,516.199949
1.75,6,516.21555
3.25,9,516.238715
-5.25,7,516.255862
0.75,1,516.258541
2.75,14,516.29302
5.75,14,516.327091
3.25,9,516.3496
4.25,11,516.377394
3.25,12,516.405454
6.25,15,516.442513
0.75,1,516.445091
0.25,3,516.45248
4.75,10,516.477782
10.25,13,516.507725
-0.75,1,516.510749
-0.25,2,516.516805
0.75,1,516.519715
9.75,22,516.573824
4.75,12,516.602101
-0.25,2,516.607057
11.25,22,516.659721
-4.25,6,516.67366
-15.5,23,516.728064
-0.25,2,516.733204
-0.75,1,516.736413
-0.75,1,516.739264
9.25,13,516.772261
0.75,1,516.77513
-9.25,11,516.8023
0.75,1,516.805042
2.25,21,516.857638
6.75,16,516.89843
7.75,18,517.264647
2.25,4,517.275096
6.25,15,517.312997
5.25,12,517.342104
2.75,8,517.361548
3.75,10,517.387215
-12.75,13,517.418389
11.75,16,517.458095
-0.75,1,517.460938
-0.75,1,517.463613
-0.25,2,517.468434
2.75,8,517.487442
-1.25,3,517.49475
4.25,8,517.514699
7.75,13,517.546648
-0.75,1,517.549502
0.75,1,517.55233
-0.75,1,517.554903
4.25,11,517.580677
-1.25,12,517.60902
-4.25,15,517.645813
8.75,20,517.695474
-0.75,1,517.698397
-0.25,2,517.703581
-0.25,2,517.708686
-0.25,2,517.713935
0.75,1,517.71653
-9.25,11,517.742724
0.75,1,517.745456
3.25,9,517.768235
-0.25,2,517.773472
0.25,3,517.78108
4.25,11,517.80879
0.75,4,517.818445
0.25,3,517.826284
-0.25,2,517.831413
-0.25,2,517.83645
1.75,6,517.851983
-2.25,4,517.861503
0.75,4,517.871412
-0.25,2,517.876747
0.75,1,517.879676
0.25,3,517.887555
-0.25,2,517.892629
-0.25,2,517.897811
11.25,25,517.95569
-3.75,7,517.973222
2.25,7,517.990735
-0.75,1,517.993637
11.75,14,518.029331
9.0,18,518.072754
-0.25,2,518.077976
-22.25,27,518.144438
-0.75,1,518.14692
-0.25,2,518.15178
0.75,1,518.15439
8.25,17,518.196009
5.75,14,518.23231
-13.25,15,518.268661
-3.25,5,518.279818
0.75,1,518.282203
0.25,3,518.289163
0.25,3,518.296228
0.25,3,518.304273
7.25,29,518.377374
-0.75,7,518.395034
-0.25,2,518.400265
7.75,12,518.429688
-0.25,2,518.435523
6.75,10,518.460859
0.75,3,518.468679
-0.75,1,518.471434
10.75,23,518.823527
1.75,6,518.838577
-0.25,2,518.843843
-0.25,2,518.849063
-0.75,1,518.851737
-0.75,1,518.854459
-0.75,1,518.857095
-0.25,2,518.862499
-1.25,1,518.865285
-0.25,2,518.870502
-0.25,2,518.875624
4.75,12,518.905811
-0.25,2,518.911201
2.75,7,518.928037
8.75,11,518.952458
4.75,8,518.971234
-0.75,1,518.973577
2.75,8,518.993175
1.75,6,519.01102
3.75,10,519.036705
2.75,8,519.056566
-4.75,5,519.069158
0.75,1,519.071886
-0.75,1,519.074458
10.75,18,519.118975
0.25,3,519.126542
2.75,20,519.175018
9.75,16,519.214581
0.75,1,519.217394
0.25,3,519.225016
-0.75,1,519.227677
0.75,1,519.230329
2.75,5,519.243645
4.25,11,519.270768
-0.75,1,519.273484
-0.75,1,519.276224
5.25,13,519.308075
2.25,7,519.32539
2.25,7,519.343059
-0.75,1,519.345892
4.25,11,519.373542
0.75,1,519.376427
-1.25,3,519.38422
1.25,5,519.397052
5.25,13,519.429389
-0.75,1,519.432248
7.75,13,519.464399
1.25,5,519.476921
3.25,5,519.489318
5.75,14,519.524423
-2.25,10,519.549555
2.75,8,519.56981
0.75,1,519.572471
-0.25,2,519.577415
0.25,3,519.584822
0.25,3,519.592367
-0.25,2,519.597345
5.75,14,519.632171
-0.75,1,519.634994
0.75,1,519.637842
4.75,12,519.667767
3.75,7,519.685243
-1.25,1,519.687878
0.75,1,519.690652
6.75,16,519.733807
-0.75,1,519.736634
-0.75,1,519.739685
-0.75,1,519.74273
-0.75,1,519.745988
5.75,14,519.785182
-0.25,2,519.791379
8.75,20,519.846325
-0.75,1,519.849308
2.75,8,519.872173
4.25,11,519.902133
4.75,12,519.935086
0.75,1,519.938024
2.25,7,519.957771
0.75,1,519.961183
7.25,11,519.992161
1.25,5,520.010527
-1.25,3,520.020196
0.25,3,520.030183
1.25,5,520.044497
8.75,20,520.101324
-0.25,2,520.107278
0.25,3,520.116932
1.25,5,520.131796
0.75,4,520.142385
-2.25,13,520.470901
-0.25,2,520.476065
9.75,19,520.523403
6.75,15,520.559513
-0.75,1,520.562151
1.75,6,520.576514
0.75,1,520.57905
7.75,18,520.621158
0.75,4,520.630969
-0.25,2,520.636095
-0.25,2,520.641023
2.75,14,520.672979
3.25,9,520.6956
8.25,19,520.73883
5.25,13,520.768942
0.75,10,520.79464
0.75,4,520.804523
3.75,10,520.828637
2.75,8,520.847464
7.75,16,520.885162
8.25,12,520.914093
1.25,5,520.926215
0.75,1,520.928826
0.75,4,520.9388
0.25,3,520.946485
-0.25,2,520.951573
0.25,3,520.959182
-1.25,3,520.967636
-0.75,1,520.970858
-0.75,1,520.973947
-0.75,1,520.976675
-0.25,2,520.982362
0.75,1,520.985084
-0.25,2,520.990873
1.75,6,521.012087
4.25,11,521.043498
0.25,3,521.052531
0.25,3,521.060659
-0.75,1,521.063738
0.75,4,521.075037
0.75,1,521.078181
0.25,3,521.086791
3.25,9,521.113247
-0.25,2,521.119603
5.75,14,521.16576
2.25,7,521.189048
3.25,9,521.216504
-0.75,1,521.219815
0.75,4,521.232129
0.75,4,521.243404
2.25,7,521.263309
2.25,7,521.28327
-0.25,2,521.289066
0.75,4,521.300175
0.75,1,521.303534
6.75,13,521.339073
0.75,1,521.342316
3.75,10,521.370974
-0.25,2,521.377516
-0.75,1,521.380558
-0.25,2,521.386453
3.75,10,521.411983
4.25,11,521.440172
2.25,7,521.458266
-0.25,2,521.463598
3.75,10,521.488474
-2.25,4,521.49874
-13.25,15,521.536799
6.25,15,521.574489
2.25,4,521.584177
0.75,1,521.586964
3.25,9,521.608987
0.75,1,521.611618
-0.25,2,521.616469
-6.75,10,521.641465
4.25,11,521.668617
-1.25,1,521.671484
1.75,6,521.687729
0.25,3,521.695215
-0.75,1,521.698081
3.75,6,521.713287
5.75,14,521.748003
1.75,6,521.763451
7.25,14,522.105125
-0.25,2,522.110224
-4.25,6,522.125122
1.75,6,522.140029
-2.25,4,522.149921
3.75,10,522.174536
-0.25,2,522.179561
6.75,16,522.219029
-5.25,7,522.237896
-2.25,4,522.248529
-4.25,6,522.263658
-0.25,2,522.269015
-0.25,2,522.273897
-0.25,2,522.279253
2.25,7,522.296707
-0.25,2,522.302117
2.25,7,522.319232
0.25,3,522.326218
-0.25,2,522.33123
3.25,9,522.352667
-0.25,2,522.357503
-9.25,11,522.384955
-0.25,2,522.390025
0.25,3,522.397451
0.25,3,522.405125
2.75,11,522.431585
-7.25,9,522.453604
-5.25,5,522.466492
6.25,15,522.502477
0.25,3,522.510043
-0.25,2,522.516114
3.75,10,522.539896
5.75,11,522.566362
-1.25,1,522.569175
9.75,22,522.623272
0.75,4,522.634178
5.25,13,522.665076
4.25,11,522.691497
0.75,1,522.694287
0.75,4,522.704253
-1.25,3,522.712017
0.25,12,522.740299
-9.25,11,522.765672
-10.75,14,522.799133
-0.75,1,522.801865
3.75,10,522.827007
4.75,12,522.856206
3.25,6,522.870831
-0.25,2,522.876135
2.75,8,522.896036
4.25,8,522.916434
0.75,4,522.926468
0.75,4,522.936358
5.25,13,522.966732
2.75,8,522.984716
13.75,33,523.067053
7.75,18,523.109542
2.75,8,523.129844
-3.25,5,523.143024
3.75,10,523.167921
1.75,12,523.196779
9.25,21,523.249554
0.75,4,523.259779
0.25,3,523.26754
8.25,19,523.314339
-4.25,6,523.32956
-0.75,21,523.683097
-0.25,3,523.690512
0.25,3,523.698061
2.25,7,523.714517
4.25,11,523.739295
12.25,21,523.789831
7.25,14,523.824377
0.75,1,523.82721
0.75,1,523.830062
3.75,10,523.854648
-0.75,1,523.857481
-0.25,2,523.862785
-8.25,13,523.894866
7.75,18,523.939125
0.75,1,523.941776
-0.25,2,523.946728
-0.25,2,523.951629
11.25,25,524.012684
-0.25,2,524.018005
0.75,1,524.020741
10.25,12,524.052517
4.25,11,524.079643
2.25,7,524.097261
-2.25,4,524.107533
-0.25,2,524.112766
1.25,5,524.12538
4.25,11,524.152976
3.25,15,524.189786
-0.75,1,524.192605
-0.25,2,524.19798
3.25,9,524.220615
8.25,13,524.251775
-0.75,1,524.254881
1.25,5,524.271361
-0.25,2,524.281806
-5.75,9,524.320941
3.25,9,524.358045
-0.25,2,524.366431
-0.75,1,524.37127
1.75,3,524.38406
-0.75,1,524.387759
-0.75,1,524.391123
8.5,17,524.44576
-0.75,1,524.449202
1.75,6,524.464788
2.25,7,524.482819
-1.25,6,524.49811
2.25,7,524.516068
8.25,17,524.558354
0.75,1,524.56108
-1.25,3,524.568631
-0.25,2,524.573539
5.25,13,524.605556
4.75,7,524.622474
0.75,1,524.625272
1.75,3,524.632708
0.25,3,524.640461
1.25,5,524.652538
1.75,6,524.667056
0.75,4,524.677119
0.25,3,524.684629
1.75,4,524.69445
3.25,9,524.716411
-0.25,2,524.7217
1.75,6,524.73608
1.75,21,524.784602
3.75,10,524.808902
0.75,4,524.818815
-3.25,5,524.831375
5.75,11,524.857661
-1.25,6,524.873176
0.25,3,524.881115
2.75,5,524.893986
-2.75,6,524.909173
2.75,8,524.929153
1.25,5,524.942424
0.25,3,524.950385
8.25,18,524.995122
-0.75,1,524.998777
6.25,15,525.333274
-2.25,4,525.343283
-2.75,9,525.366709
-0.25,14,525.401308
-1.25,1,525.403864
4.75,12,525.433271
0.75,3,525.441055
-8.75,12,525.470525
4.25,11,525.498517
-1.25,3,525.505679
-7.25,9,525.529154
0.25,3,525.536615
10.75,24,525.596559
6.75,16,525.636726
2.75,6,525.652
-0.75,1,525.654785
-4.0,22,525.708182
-0.75,1,525.711265
5.25,11,525.739014
-0.25,2,525.744337
3.25,6,525.758747
0.75,1,525.76141
-0.25,2,525.766319
-1.25,1,525.76878
0.75,4,525.779049
10.25,21,525.830814
5.25,10,525.856401
-0.75,1,525.859145
-1.25,3,525.866351
12.75,27,525.932262
-4.75,8,525.952661
0.25,3,525.960684
-0.25,2,525.965932
2.75,8,525.985985
2.75,8,526.008376
9.75,22,526.064586
0.75,4,526.074772
-0.75,1,526.077451
-0.25,2,526.083158
0.25,9,526.105873
-0.25,2,526.111187
-0.25,2,526.116414
-1.25,3,526.124403
-0.75,1,526.127622
9.5,19,526.179191
1.25,5,526.194309
-4.25,18,526.242318
6.25,15,526.280414
0.75,4,526.290632
0.75,4,526.300837
2.75,8,526.318802
10.75,24,526.382385
5.75,13,526.419815
1.25,5,526.434387
9.75,19,526.483828
4.25,11,526.512058
-0.25,2,526.51778
-3.25,5,526.530838
0.25,3,526.538802
4.5,12,526.569338
1.75,6,526.584924
8.5,23,526.955636
8.25,25,527.026854
-0.75,1,527.029595
5.25,16,527.070119
-1.25,3,527.077897
0.75,4,527.088223
1.25,5,527.100636
-0.75,1,527.103547
-0.75,1,527.106527
-0.25,2,527.112
3.75,10,527.139638
9.75,22,527.20241
2.75,8,527.22525
2.25,6,527.241941
7.75,18,527.290857
-0.25,2,527.296003
-0.75,1,527.298837
0.25,3,527.306306
-4.25,12,527.336933
-0.75,1,527.33967
0.25,3,527.34702
7.75,17,527.388369
-0.75,1,527.391164
7.75,17,527.432216
0.75,4,527.442428
4.25,11,527.469126
-2.25,4,527.479102
-0.25,2,527.484464
-0.75,1,527.487297
-3.5,23,527.543388
-0.25,2,527.548453
4.75,14,527.582346
-1.75,11,527.609304
-0.25,2,527.614625
-0.75,1,527.617422
-0.75,1,527.620225
6.5,13,527.652044
-2.75,3,527.659547
0.25,3,527.667063
-0.75,1,527.669995
6.25,15,527.706702
-0.25,2,527.71221
-0.25,2,527.717499
0.25,3,527.725298
-0.75,1,527.728156
-0.75,1,527.730963
-0.75,1,527.734003
-0.75,1,527.736757
4.25,8,527.758296
0.25,3,527.766267
3.25,10,527.790982
0.75,4,527.801279
6.25,15,527.837584
-0.75,1,527.840397
0.75,1,527.843112
-2.75,3,527.852004
3.25,9,527.875465
-5.25,10,527.899543
4.25,11,527.925699
1.25,5,527.938081
0.25,3,527.946628
0.75,4,527.956462
0.75,1,527.959091
-0.75,1,527.961691
4.75,8,527.981198
6.25,15,528.02268
-1.25,3,528.030427
3.25,8,528.050228
3.25,9,528.07247
1.75,6,528.087146
2.25,16,528.12601
5.75,14,528.158245
-0.25,2,528.163709
-1.25,1,528.166926
0.25,3,528.175117
2.25,7,528.192931
0.25,3,528.200865
-0.25,2,528.206083
-1.25,9,528.228196
15.0,28,528.629541
6.5,16,528.669071
-15.75,22,528.722902
-0.75,1,528.7257
5.75,8,528.745568
-1.25,3,528.753687
1.25,23,528.81016
-0.75,1,528.812936
0.25,3,528.820422
-0.25,2,528.825173
-16.0,16,528.86483
0.75,1,528.867388
-0.25,2,528.873585
2.25,7,528.892208
-0.75,1,528.895144
9.75,22,528.949417
0.75,1,528.952303
-0.25,2,528.957615
4.25,11,528.98528
6.0,12,529.017566
0.25,3,529.025389
1.75,6,529.040756
-20.25,26,529.105496
4.25,11,529.133023
7.5,15,529.171428
-8.0,17,529.213225
0.75,1,529.215954
0.75,1,529.218679
0.75,1,529.221612
-18.25,20,529.271194
0.75,1,529.273838
1.5,18,529.318941
1.75,4,529.329126
-0.25,2,529.334142
0.75,1,529.336983
-2.25,7,529.354698
-0.25,2,529.359799
9.0,18,529.405246
10.0,20,529.454262
-0.75,1,529.45742
-1.25,3,529.464882
-1.75,8,529.484493
1.75,6,529.499417
2.25,7,529.517825
-3.25,11,529.545692
7.25,17,529.586934
-0.25,2,529.592093
16.0,24,529.650231
-1.75,14,529.684379
-0.75,1,529.687309
-0.75,1,529.690053
2.75,6,529.705383
-0.75,1,529.708093
6.25,13,529.740427
10.25,13,529.772053
-4.25,12,529.801021
-1.25,3,529.808821
-0.75,1,529.811871
-0.75,1,529.814846
8.25,19,530.17513
-0.75,1,530.177976
-4.25,6,530.193159
-0.25,2,530.198396
4.25,11,530.225593
-0.25,11,530.253058
3.25,9,530.275142
0.25,3,530.282812
-0.25,2,530.288138
-0.25,2,530.293491
-0.75,1,530.296269
-2.25,4,530.306228
-0.25,2,530.311466
3.25,9,530.33361
0.75,4,530.343838
0.25,3,530.3516
4.25,11,530.378572
0.25,3,530.386182
-0.25,2,530.391402
-0.25,2,530.396481
1.75,6,530.410734
-0.75,1,530.413551
0.25,3,530.421356
-0.25,2,530.426272
-0.75,1,530.429002
7.75,18,530.473211
2.25,7,530.490666
-0.75,1,530.493557
0.75,1,530.496422
-5.25,7,530.51482
7.25,15,530.552431
2.75,8,530.57188
-5.25,7,530.588864
-0.25,8,530.608146
-1.25,15,530.644977
-0.25,2,530.650333
5.75,14,530.684132
-2.25,4,530.694154
2.25,6,530.709168
2.75,8,530.728713
0.75,1,530.731652
-0.25,2,530.736946
-0.25,2,530.742298
3.75,10,530.766845
-1.25,1,530.769588
1.75,6,530.784266
7.75,18,530.828832
4.25,11,530.855521
8.75,20,530.904606
-0.25,2,530.91004
0.25,3,530.917752
-0.25,3,530.925348
3.75,19,530.971873
-1.25,3,530.979401
2.75,5,530.992011
-0.25,2,530.998332
-0.25,2,531.005374
-0.75,1,531.008717
-0.25,2,531.014082
0.75,4,531.02396
-0.75,1,531.026533
-0.25,2,531.031528
-13.25,15,531.067889
7.25,17,531.108942
0.75,1,531.111735
-0.25,2,531.117084
-0.25,2,531.122441
5.25,13,531.156738
3.75,10,531.183373
0.75,1,531.18615
8.25,19,531.233235
3.25,9,531.257032
0.75,13,531.290547
-0.75,1,531.293167
2.75,8,531.312701
-0.25,2,531.318035
3.75,8,531.33806
-4.25,6,531.352734
1.25,5,531.365244
1.25,5,531.377765
4.75,8,531.39702
-2.25,4,531.407021
-2.25,4,531.417363
0.25,3,531.425236
0.75,1,531.428157
-1.25,1,531.430939
0.75,4,531.441193
0.75,1,531.44409
-0.75,1,531.447014
2.25,7,531.781979
7.75,18,531.824853
0.75,4,531.834371
5.25,13,531.865477
5.25,9,531.887852
-0.25,2,531.893085
5.25,11,531.917865
2.75,8,531.936475
0.75,4,531.946099
7.25,23,532.0056
0.25,3,532.013565
-1.25,6,532.028564
2.25,7,532.045512
-0.75,1,532.048297
-0.75,1,532.051124
5.25,13,532.084356
0.25,3,532.092196
6.25,15,532.128667
0.75,1,532.13131
0.75,1,532.133965
-1.75,5,532.146494
-2.25,4,532.156193
0.25,3,532.163489
-0.25,2,532.168594
-0.25,2,532.173483
2.75,8,532.193486
-0.25,2,532.199087
6.25,14,532.235457
8.75,12,532.265015
0.75,1,532.267817
-0.75,1,532.270593
0.75,1,532.273273
0.75,1,532.275805
-0.75,7,532.293021
-0.25,2,532.298088
-1.25,3,532.305681
-1.25,3,532.313392
3.75,16,532.352139
5.75,14,532.384951
0.75,4,532.394655
3.25,15,532.428838
-3.25,5,532.440871
0.75,1,532.443295
10.75,21,532.493351
-0.25,2,532.498273
4.25,9,532.520713
-0.25,2,532.526067
6.0,12,532.555645
-0.75,1,532.558194
-0.25,2,532.562881
3.25,7,532.580897
-5.25,7,532.598511
0.25,3,532.606099
10.75,19,532.652727
0.25,18,532.696497
1.25,5,532.708434
-0.75,1,532.711012
0.75,1,532.713481
-0.75,1,532.716209
9.75,12,532.745002
-0.25,2,532.749822
5.75,14,532.784528
8.5,17,532.824038
-0.25,2,532.828753
-2.25,19,532.874036
6.75,16,532.912388
-0.25,2,532.917207
6.0,12,532.944578
1.75,6,532.958652
2.75,8,532.976933
-0.25,2,532.982051
2.25,7,533.00287
-0.25,2,533.009377
0.75,1,533.012213
-0.25,2,533.017176
-7.25,9,533.353662
-0.25,2,533.35864
5.25,13,533.389834
5.25,13,533.418693
0.25,4,533.427699
2.75,6,533.441848
-6.25,14,533.473863
0.75,4,533.483369
-8.5,16,533.526754
1.25,3,533.534987
-0.75,13,533.568954
1.75,6,533.583725
4.75,12,533.613178
-0.25,2,533.618029
7.5,15,533.653073
-0.75,1,533.655846
-1.5,15,533.693609
-0.25,2,533.698832
-0.25,2,533.703599
-0.25,2,533.709121
-2.75,3,533.716682
-0.25,2,533.72165
-0.75,1,533.724298
0.75,1,533.726785
-7.0,19,533.772494
-0.25,2,533.777633
8.25,19,533.822498
-4.75,5,533.833819
1.25,5,533.846067
6.25,15,533.881442
-0.75,1,533.884241
-0.25,2,533.889541
0.75,1,533.892294
-0.25,2,533.897326
-3.25,14,533.930566
-12.75,16,533.96701
1.75,18,534.016595
0.75,1,534.01931
-0.25,2,534.024444
6.25,15,534.059643
-2.25,4,534.068923
4.25,11,534.095798
6.25,15,534.13379
-2.75,6,534.147635
2.25,7,534.163795
-16.25,18,534.207473
0.25,3,534.214875
-3.25,11,534.241035
9.75,22,534.292048
7.25,20,534.33867
-0.25,2,534.344037
10.75,23,534.397897
0.75,16,534.435948
2.25,7,534.453868
-0.75,1,534.456752
-6.25,11,534.483382
10.75,21,534.534268
1.25,5,534.546487
12.25,25,534.912649
-0.25,2,534.917607
2.75,8,534.936586
-0.75,1,534.939384
0.75,1,534.942411
0.75,1,534.945238
1.25,5,534.957096
0.25,3,534.964077
0.75,4,534.974242
0.75,1,534.976932
-6.25,8,534.997059
5.75,15,535.039655
-0.25,2,535.044981
2.25,7,535.062826
-0.25,2,535.068125
0.75,1,535.070741
3.25,9,535.093943
0.75,1,535.096785
2.75,8,535.11954
-0.75,1,535.122354
0.75,1,535.125445
4.25,11,535.153063
2.25,7,535.170594
5.25,13,535.20252
-0.25,2,535.207594
3.25,9,535.22876
0.75,1,535.231623
2.25,7,535.249352
1.25,3,535.25736
-1.25,1,535.260055
-0.25,2,535.265305
-0.25,2,535.270518
-0.25,2,535.275839
-0.75,1,535.278486
-0.75,7,535.295247
1.25,5,535.307328
-1.25,6,535.321783
0.25,3,535.329455
-2.75,3,535.337065
4.25,11,535.363959
4.75,12,535.392488
-0.75,1,535.395315
-3.25,14,535.429996
0.75,3,535.437787
-5.25,7,535.454646
-0.75,1,535.457499
-6.25,8,535.477551
5.75,14,535.5113
5.75,14,535.546054
5.25,10,535.571195
7.25,15,535.607577
-0.25,2,535.612316
-0.25,2,535.617269
-0.25,2,535.621988
13.5,20,535.668455
-0.25,2,535.673592
4.25,11,535.700274
1.75,5,535.712619
2.25,4,535.721884
-0.25,2,535.72656
1.25,5,535.738011
7.75,18,535.781798
0.25,3,535.789443
0.75,4,535.799738
-1.25,1,535.802554
4.75,12,535.831828
0.75,1,535.834325
-0.25,2,535.83934
9.5,19,535.885664
-0.25,2,535.890959
-0.25,2,535.896079
-0.25,2,535.901279
4.25,20,535.949969
-0.25,2,535.954843
5.75,14,535.986884
-0.75,1,535.989416
2.25,7,536.009166
4.25,8,536.028925
3.75,9,536.050697
3.25,9,536.072524
0.75,1,536.075346
4.75,12,536.104463
2.75,7,536.121417
3.75,10,536.146998
0.75,1,536.149632
2.75,8,536.489108
9.75,22,536.545346
-0.25,2,536.550411
-0.25,2,536.555989
8.0,14,536.591922
10.75,16,536.630629
0.75,1,536.633583
7.75,10,536.658178
0.25,3,536.666015
-0.75,1,536.668547
27.75,43,536.774856
0.75,1,536.778003
2.25,7,536.796546
5.75,14,536.830807
6.75,16,536.868599
-0.25,2,536.873755
1.25,5,536.886622
8.75,14,536.919862
2.25,4,536.92969
-1.25,3,536.936859
3.25,9,536.957653
5.75,14,536.989722
-0.75,7,537.013331
-0.75,1,537.016537
-0.25,2,537.022013
-0.25,2,537.02725
0.75,1,537.030037
-1.25,6,537.04615
-0.25,2,537.05149
0.75,3,537.059019
-8.25,10,537.083727
-0.75,1,537.086645
-3.25,5,537.099024
-0.25,2,537.104145
-0.75,1,537.106976
2.75,8,537.126621
2.75,5,537.139385
14.25,25,537.199235
10.5,15,537.237524
4.75,12,537.266958
2.25,4,537.277116
-0.25,2,537.28278
-0.75,1,537.285602
5.25,13,537.317102
4.75,12,537.345936
6.25,11,537.372766
-3.75,19,537.421216
3.75,10,537.446529
1.25,5,537.459312
3.25,9,537.482449
-3.75,7,537.5004
6.25,10,537.526119
-0.75,1,537.528992
-2.25,4,537.539298
7.25,17,537.579163
-2.25,4,537.588288
2.75,8,537.608005
4.25,17,537.648213
-0.25,2,537.653327
0.75,1,537.656183
0.75,3,537.66373
3.25,18,537.707601
0.25,3,537.714948
-0.25,2,537.719969
-5.25,7,537.73612
0.25,3,537.743319
0.75,1,537.746065
1.75,6,538.07888
-7.25,9,538.100114
0.75,4,538.110033
-0.25,2,538.115007
1.25,5,538.127562
2.75,8,538.147064
4.75,12,538.175564
11.75,26,538.235155
6.75,22,538.288956
1.75,6,538.303568
0.75,1,538.30619
8.25,18,538.348943
-0.25,2,538.354482
2.25,7,538.372397
-0.25,2,538.377666
1.75,6,538.392217
-0.75,1,538.39498
7.75,18,538.438948
6.5,16,538.478137
-0.25,5,538.490988
-0.75,1,538.493712
5.75,14,538.529544
0.75,1,538.532172
-1.25,3,538.53939
-0.25,2,538.544497
-9.25,14,538.57802
12.25,22,538.6315
2.25,7,538.648368
0.75,4,538.65815
3.25,9,538.680492
-4.75,11,538.708002
-2.25,7,538.725079
-0.25,2,538.730331
0.25,3,538.737818
2.25,6,538.752607
-3.75,10,538.777667
-4.25,6,538.792228
5.25,16,538.83272
1.25,5,538.845116
2.25,7,538.862199
0.75,1,538.864884
-1.25,1,538.867658
1.25,5,538.879982
-2.75,9,538.901887
4.75,12,538.931883
-0.25,2,538.936778
-6.75,18,538.979446
4.75,12,539.011064
2.75,8,539.031448
5.75,11,539.059985
-4.75,5,539.072719
-0.75,7,539.090269
2.25,7,539.107426
-0.25,2,539.112964
6.5,13,539.145518
6.25,15,539.182486
2.75,8,539.201951
1.25,5,539.213893
0.75,5,539.225697
3.75,19,539.271134
-4.75,8,539.291224
8.75,17,539.636884
2.25,7,539.654814
-0.75,1,539.657576
1.75,6,539.673142
5.25,16,539.714112
3.25,9,539.735442
1.75,6,539.750018
1.25,5,539.762403
-0.25,8,539.781956
-0.75,1,539.784558
-9.75,10,539.808351
7.75,18,539.853439
6.75,19,539.899585
0.75,1,539.902369
2.75,8,539.923082
-0.75,1,539.925891
0.75,1,539.9289
-3.25,5,539.941854
-1.25,3,539.94957
-0.75,1,539.952267
-0.25,14,539.984842
-0.25,2,539.989668
-0.75,1,539.992368
6.75,10,540.018173
5.75,16,540.057017
0.75,1,540.059818
-1.75,5,540.071962
-0.25,2,540.076986
0.75,1,540.079695
4.25,11,540.106242
-8.0,17,540.147322
-3.75,7,540.164424
-0.25,2,540.169566
0.25,3,540.177145
8.75,20,540.225463
-7.25,15,540.261174
4.75,12,540.290456
5.25,13,540.321564
1.75,6,540.336525
-3.25,5,540.349276
5.25,13,540.382176
-0.25,3,540.389984
1.25,5,540.402551
0.75,1,540.405445
-1.25,3,540.413716
-0.75,1,540.416448
-0.75,16,540.457183
12.0,16,540.497933
-0.75,1,540.500865
5.75,14,540.539437
12.5,22,540.597902
0.75,1,540.600753
-0.25,2,540.606573
-0.75,1,540.609644
-10.5,18,540.656407
10.25,23,540.730018
-3.25,14,540.780456
-7.25,9,540.810825
-0.25,2,540.81811
9.75,20,540.881998
6.25,15,540.927811
0.75,3,540.938627
-6.0,18,541.385637
6.75,16,541.435511
-1.75,11,541.469271
-1.25,3,541.478486
4.75,9,541.508786
-0.75,1,541.511958
-4.75,5,541.52932
-0.25,2,541.535586
3.25,9,541.562483
5.25,13,541.596426
7.25,16,541.639548
-0.75,1,541.642665
0.75,4,541.653383
0.25,3,541.661533
-0.75,1,541.664417
9.25,21,541.723437
-0.25,2,541.732679
0.25,3,541.744707
0.75,1,541.749329
1.75,6,541.771607
4.75,12,541.821329
-0.75,1,541.825584
-0.25,2,541.83324
14.0,28,541.9373
-9.75,16,541.983844
4.25,11,542.028157
-0.25,2,542.033929
-0.25,2,542.039504
18.0,18,542.086246
1.75,12,542.11787
-0.75,1,542.120821
3.25,9,542.145579
-6.0,27,542.216009
5.25,13,542.249769
6.25,15,542.290017
-0.75,1,542.293231
1.25,5,542.306329
-0.75,1,542.309068
-0.75,1,542.311895
-0.25,2,542.317507
4.75,12,542.346394
10.25,23,542.400265
4.25,11,542.425475
3.25,9,542.447681
2.75,17,542.487324
-0.25,2,542.492757
11.75,18,542.537509
1.25,5,542.548693
-1.25,3,542.556335
-0.25,2,542.561435
-0.25,2,542.566386
-19.0,19,542.610291
7.25,11,542.637026
-0.75,1,542.639838
6.25,14,542.672357
5.75,12,542.700545
-1.25,3,542.707784
0.25,3,542.714952
1.25,5,542.727695
0.25,3,542.735321
6.75,11,542.761305
0.75,1,542.763788
-10.25,12,542.792363
8.75,12,543.140123
-0.25,2,543.145412
0.75,1,543.148258
-0.25,2,543.153458
-0.25,2,543.158579
-6.25,11,543.185777
3.25,9,543.208277
0.25,4,543.21806
3.25,9,543.24644
-0.75,1,543.250473
0.75,1,543.253981
0.75,1,543.257235
0.75,1,543.260303
-1.25,3,543.26869
-0.75,1,543.271759
-2.25,4,543.283357
-0.25,2,543.289254
3.75,13,543.325865
1.75,6,543.342324
0.75,4,543.353965
3.75,10,543.381302
1.75,6,543.398345
-0.75,1,543.40146
1.75,6,543.418011
3.25,9,543.442098
-0.75,1,543.445099
9.25,21,543.502077
4.75,12,543.537284
2.75,8,543.560289
1.75,6,543.577004
4.75,12,543.609628
-0.75,1,543.612303
-1.25,3,543.620596
5.25,13,543.656095
8.25,12,543.685902
1.75,6,543.700893
-0.25,2,543.706378
2.75,8,543.72667
-0.25,3,543.734283
0.75,1,543.736928
-0.25,2,543.741968
-0.75,1,543.744496
-0.75,1,543.747293
-0.25,2,543.752587
2.75,8,543.772615
-1.25,3,543.780319
8.25,13,543.811807
3.25,7,543.829337
0.75,1,543.83213
-1.25,1,543.834579
-0.25,2,543.83964
-0.25,2,543.844712
14.25,20,543.892484
-0.75,1,543.895144
-0.25,2,543.900305
6.25,15,543.935851
0.25,3,543.943017
4.25,11,543.968007
1.25,5,543.980546
-0.25,2,543.986144
-0.75,1,543.989094
-1.25,3,543.996736
2.25,7,544.016463
-1.25,3,544.024012
-0.75,1,544.026824
-0.75,1,544.02957
1.25,5,544.042573
0.75,5,544.05501
-0.75,1,544.05783
-0.75,1,544.061197
-1.25,1,544.064269
-0.75,1,544.067055
7.75,18,544.119016
-1.25,1,544.122865
-0.75,1,544.126479
0.75,1,544.129886
-10.25,12,544.167554
2.25,7,544.190269
4.75,10,544.220654
-10.25,12,544.253504
2.25,7,544.273079
0.75,1,544.276231
1.25,5,544.290168
0.75,1,544.293082
-0.75,1,544.296355
0.25,3,544.304986
-0.75,1,544.308142
1.75,6,544.32623
0.25,3,544.337118
-0.25,2,544.343085
-0.25,2,544.348894
3.25,8,544.371161
-0.75,1,544.374262
-0.25,2,544.380247
0.75,1,544.38315
-9.25,17,544.447355
-1.25,6,544.468047
-0.75,1,544.471127
0.75,1,544.474124
-1.25,3,544.484424
7.75,18,544.53664
2.75,8,544.885464
-0.75,1,544.888555
0.75,1,544.891377
-0.75,1,544.894193
0.75,1,544.897149
1.75,6,544.912741
0.75,1,544.915637
3.25,9,544.93919
-0.25,2,544.944853
-0.25,2,544.95024
1.75,6,544.965797
5.75,11,544.994398
-0.75,1,544.99735
-0.75,1,545.002338
4.25,11,545.036393
-11.25,14,545.072851
-0.75,1,545.076284
-0.25,2,545.081904
-0.75,1,545.085014
0.75,1,545.087861
5.75,14,545.125241
-1.25,1,545.128052
-0.75,1,545.131176
-8.25,10,545.157714
8.25,18,545.206365
4.75,12,545.238735
5.25,13,545.273696
-0.75,1,545.276412
0.75,1,545.279668
1.75,6,545.295116
0.25,3,545.303476
7.25,17,545.349808
0.75,1,545.352587
-0.75,1,545.355538
4.75,12,545.387046
1.25,5,545.40106
-0.25,2,545.406864
4.75,12,545.437708
-1.25,1,545.440587
-0.75,1,545.44335
-0.25,2,545.448487
-3.75,7,545.465478
-0.75,1,545.468222
1.25,5,545.480926
-0.25,2,545.486253
-0.25,2,545.491093
-2.75,6,545.505511
-0.25,2,545.510704
-9.25,11,545.54107
-0.75,1,545.543649
-4.25,6,545.558886
0.75,1,545.561488
0.75,1,545.56435
5.25,11,545.592752
-0.25,2,545.598298
0.75,4,545.608895
0.75,1,545.611809
6.25,15,545.652955
4.25,11,545.681882
-0.75,1,545.684792
-0.75,1,545.687521
0.75,1,545.690419
5.75,9,545.714076
3.25,9,545.737094
-1.25,1,545.739954
2.75,7,545.758669
0.75,1,545.761538
-0.75,1,545.764295
13.75,24,545.82742
-11.75,12,545.863005
8.25,28,545.954293
-1.25,1,545.957261
0.75,1,545.961024
1.75,6,545.977793
-1.25,6,545.994464
7.25,17,546.046368
5.75,14,546.084269
0.75,1,546.087264
0.75,1,546.089978
-1.25,1,546.093256
-0.25,2,546.098513
-0.75,1,546.101704
1.25,5,546.11575
-0.25,2,546.121662
0.75,1,546.124813
-0.25,2,546.131812
-0.25,2,546.139561
-0.75,1,546.143284
-0.75,1,546.14659
-0.75,1,546.150141
-0.25,2,546.156841
-0.75,1,546.160138
-0.25,2,546.167184
-0.75,1,546.170938
-0.25,2,546.177403
4.25,11,546.210782
8.75,13,546.245374
-0.75,1,546.248567
2.75,8,546.270004
0.25,3,546.277791
0.25,3,546.285815
-1.25,3,546.295296
-0.25,2,546.651807
6.75,13,546.686252
-1.25,1,546.689252
-0.75,1,546.69241
-0.75,1,546.695512
-1.25,3,546.704986
-0.75,1,546.70782
-1.25,3,546.717024
-0.75,1,546.720392
0.75,3,546.730065
-0.75,1,546.732988
-12.25,14,546.769461
-0.25,2,546.774652
-0.25,2,546.780054
-0.75,1,546.782892
-0.25,2,546.788294
0.75,3,546.796285
2.25,7,546.814562
-10.25,15,546.853004
0.75,4,546.863894
4.75,12,546.894739
-1.25,3,546.902447
0.75,1,546.905392
-0.75,1,546.908233
0.75,4,546.918434
0.25,3,546.926446
-1.25,3,546.93428
-0.75,1,546.937101
0.25,3,546.945051
0.75,1,546.947697
-0.25,2,546.95299
-0.25,2,546.958372
-0.75,1,546.961319
-1.25,3,546.969668
-0.75,1,546.972786
5.25,13,547.01418
1.25,5,547.028265
-0.75,10,547.055764
-0.75,1,547.058631
-0.25,2,547.063878
-0.25,2,547.069509
5.25,13,547.102848
-0.75,1,547.105736
-11.25,13,547.139246
0.75,1,547.142094
2.75,8,547.16128
-0.25,2,547.165859
0.75,4,547.175677
0.75,4,547.185326
0.25,3,547.192658
6.25,15,547.237013
-2.75,3,547.246092
2.25,7,547.266391
-3.25,5,547.280931
-0.25,2,547.287537
1.25,5,547.302204
0.75,4,547.312526
-0.75,1,547.315463
1.25,5,547.329839
0.25,12,547.370993
-4.75,5,547.386205
-0.25,2,547.391897
7.25,17,547.440387
4.75,12,547.478265
1.75,6,547.495463
5.75,14,547.537975
0.25,4,547.54947
3.25,9,547.576367
-0.25,2,547.581992
-0.25,2,547.587427
-4.25,6,547.603487
-0.75,1,547.606325
0.75,1,547.609096
0.75,4,547.619082
-0.25,2,547.624401
0.75,1,547.627291
0.75,1,547.630124
0.75,1,547.632939
0.25,3,547.640687
-0.75,1,547.643675
-0.25,2,547.64955
1.25,5,547.665275
-11.25,13,547.703042
-0.75,1,547.706073
2.25,7,547.725954
-0.25,2,547.732118
2.25,6,547.749477
0.25,3,547.758652
0.75,1,547.761778
0.25,3,547.770277
-0.25,2,547.776774
-0.75,1,547.780334
0.75,1,547.783931
-0.25,2,547.790895
-2.25,7,547.811979
-1.25,1,547.815386
-1.25,1,547.818551
0.25,3,547.827546
-0.25,2,547.833515
0.75,1,547.836755
-0.75,1,547.840087
-0.75,1,547.843833
3.25,9,547.872308
0.75,4,547.885709
6.25,10,547.919659
4.75,12,547.955324
6.75,16,548.009798
-0.25,2,548.021667
3.25,12,548.080802
0.75,1,548.084158
2.25,7,548.103614
-1.25,3,548.114563
3.75,10,548.144696
0.75,1,548.148174
-0.75,1,548.152411
1.75,6,548.609744
-0.75,1,548.61364
3.25,9,548.644614
-0.75,1,548.650326
2.25,7,548.673509
3.75,10,548.706103
-0.75,1,548.710091
0.25,3,548.718923
0.25,3,548.730038
-0.25,2,548.739371
6.75,11,548.768922
5.25,13,548.814353
1.75,4,548.827496
-0.25,2,548.834612
0.25,6,548.857682
4.25,11,548.898812
-0.75,1,548.904412
-0.25,2,548.911131
-1.75,5,548.927268
9.25,18,548.986554
-0.75,1,548.989519
0.25,4,549.005579
1.25,11,549.040306
-0.75,1,549.04392
-0.75,1,549.04745
-3.25,5,549.062307
1.25,5,549.076669
0.25,3,549.085361
5.75,14,549.130847
-0.25,2,549.139017
0.25,3,549.149544
0.75,4,549.163491
2.25,10,549.199079
-0.25,2,549.207042
-0.75,1,549.211579
2.25,7,549.238731
-0.75,1,549.243061
0.25,3,549.255213
-0.75,10,549.291566
2.75,8,549.320765
-0.75,1,549.32529
-0.25,2,549.333393
0.75,1,549.33758
0.25,18,549.404575
2.75,7,549.428078
-0.25,2,549.434633
0.25,4,549.44756
-0.25,2,549.454153
4.75,7,549.480156
-0.25,2,549.487565
-0.25,2,549.495506
-0.25,2,549.502505
0.75,1,549.505983
0.25,3,549.516371
-0.25,2,549.527561
0.25,3,549.539863
0.75,1,549.544765
3.75,10,549.582987
-1.25,1,549.586438
-0.25,5,549.604163
3.75,8,549.631824
11.25,23,549.708027
3.75,6,549.730188
-0.25,2,549.736812
-0.75,1,549.740504
-0.75,1,549.743973
2.75,7,549.768667
-1.25,6,549.792353
-0.75,1,549.796442
0.75,1,549.800809
4.25,11,549.842511
-0.75,1,549.84569
-0.25,2,549.851525
-0.75,1,549.854691
4.75,12,549.901737
2.25,7,549.924844
7.25,17,549.976653
-0.25,2,549.982566
-14.25,16,550.036258
-2.25,4,550.050346
3.25,5,550.072599
2.25,7,550.106696
-0.25,2,550.114903
8.75,20,550.183807
-9.25,11,550.22
10.25,16,550.271665
-1.25,3,550.280847
-2.75,3,550.290224
0.75,4,550.302925
-0.25,2,550.309513
2.75,11,550.343131
-0.25,2,550.349401
-0.25,2,550.355631
-0.75,1,550.35869
-0.25,2,550.364681
-0.25,2,550.371055
1.25,5,550.838615
13.25,17,550.898738
2.25,7,550.920368
-0.75,1,550.923708
0.75,4,550.936411
-0.25,2,550.942828
-12.25,14,550.984283
-0.25,2,550.990578
2.75,8,551.017038
3.75,22,551.083081
-0.75,1,551.086658
-0.25,2,551.093624
0.75,1,551.097049
4.75,12,551.140872
-5.25,7,551.168812
-0.75,1,551.17221
-0.25,2,551.180504
-0.25,2,551.187167
0.75,4,551.200188
3.75,11,551.229778
0.25,3,551.244022
-0.75,1,551.247735
-0.25,2,551.255335
5.75,14,551.302408
-0.25,2,551.309258
-2.25,4,551.323151
-0.25,2,551.330113
-0.75,1,551.333593
0.75,4,551.346107
-0.25,2,551.352305
0.25,3,551.361776
-0.25,2,551.368937
1.25,5,551.389078
2.25,7,551.408551
-0.25,2,551.414182
-0.25,2,551.419803
-2.25,13,551.454426
-1.25,3,551.462436
1.75,9,551.488123
-0.75,1,551.491281
9.25,21,551.554872
-0.25,2,551.561239
0.75,4,551.573043
2.75,8,551.594125
5.25,13,551.631437
-0.25,11,551.663276
-0.75,1,551.666131
1.25,5,551.679201
1.75,6,551.695426
1.75,6,551.711299
0.25,3,551.719102
-0.75,1,551.721955
5.75,14,551.75789
0.75,1,551.760722
-0.75,1,551.76368
7.25,17,551.805891
3.75,7,551.823224
3.75,10,551.848132
-0.25,2,551.853257
4.75,12,551.884012
8.75,19,551.939953
0.75,1,551.942681
4.75,12,551.973342
-0.25,2,551.978556
-5.25,7,551.995846
8.25,19,552.048223
-0.25,2,552.05341
-0.25,2,552.058563
0.25,3,552.066799
-0.75,1,552.069639
4.75,12,552.098978
6.25,10,552.124449
-2.75,12,552.156165
0.25,4,552.166759
-0.25,3,552.17454
1.75,6,552.189241
-0.75,1,552.192022
-1.25,1,552.194775
5.75,11,552.225155
2.75,8,552.246076
-1.25,6,552.261035
0.75,1,552.263826
2.75,8,552.283544
3.75,10,552.308302
2.75,8,552.675653
5.75,15,552.728228
0.25,3,552.739888
0.25,3,552.749949
2.75,8,552.776834
5.75,14,552.823182
3.25,7,552.847464
2.25,7,552.871212
-5.25,7,552.893705
3.75,10,552.926194
2.75,8,552.951638
0.75,1,552.955035
-5.25,10,552.985033
15.25,22,553.051778
0.25,3,553.060073
0.75,4,553.071581
-9.25,14,553.107961
1.25,5,553.121296
-0.75,1,553.124152
-2.25,4,553.135181
-0.25,2,553.140871
1.25,5,553.153861
-9.25,11,553.181106
-0.25,2,553.186141
2.75,6,553.201519
4.75,12,553.229572
0.75,1,553.232354
1.75,5,553.245385
0.25,3,553.252532
6.5,13,553.285336
-0.75,1,553.288599
3.75,10,553.315739
1.75,6,553.331126
1.75,6,553.346856
-0.25,3,553.354289
-2.25,10,553.379954
-2.25,4,553.390433
-0.25,2,553.396172
-0.25,2,553.401723
-0.25,2,553.407654
0.25,4,553.419601
-0.25,2,553.425953
0.75,1,553.42899
-0.25,2,553.434454
3.25,9,553.458318
3.25,7,553.476339
0.25,3,553.484425
-0.25,2,553.489969
10.25,15,553.529354
-0.75,1,553.532226
6.25,12,553.561858
3.25,9,553.583948
0.75,4,553.59459
-2.25,4,553.604869
-0.25,2,553.610362
-3.75,19,553.655886
-0.75,1,553.658448
0.75,1,553.661054
2.75,5,553.672434
-5.25,7,553.688139
0.25,3,553.695488
-0.75,1,553.698187
0.75,4,553.707264
0.25,3,553.716525
-8.25,10,553.746704
0.75,1,553.750043
-2.25,13,553.788797
-1.25,3,553.797647
-0.75,1,553.801307
1.25,5,553.818942
-0.75,1,553.822306
-1.25,3,553.831412
1.75,6,553.848488
3.25,9,553.87393
6.25,15,553.918278
0.75,1,553.921335
-0.25,2,553.9281
-0.25,2,553.934535
-1.25,3,553.944554
-8.25,19,554.000074
0.75,1,554.003575
6.25,15,554.04248
-0.25,2,554.047721
-0.25,2,554.053111
4.25,11,554.081231
-0.75,1,554.083998
0.75,1,554.086764
2.25,7,554.104546
0.75,1,554.427336
-0.75,1,554.430517
-8.25,19,554.482145
0.25,3,554.490947
-0.25,2,554.497396
5.25,13,554.536157
0.75,5,554.549939
-1.25,1,554.552973
6.25,15,554.593466
3.25,9,554.619196
-0.75,1,554.622629
-0.25,2,554.628921
1.75,6,554.645253
-0.25,2,554.650984
-0.25,2,554.656888
3.75,10,554.6839
4.25,11,554.713317
0.25,9,554.737879
0.75,1,554.741183
2.25,7,554.760853
-0.75,1,554.764352
0.75,1,554.767305
11.75,16,554.809847
7.25,17,554.856069
0.25,3,554.864681
-0.25,2,554.870722
3.25,9,554.894334
0.75,1,554.898088
7.25,16,554.940511
2.75,8,554.960718
-1.25,3,554.968652
0.25,3,554.976508
0.25,3,554.984076
2.75,5,554.996354
-0.75,1,554.99992
0.75,1,555.003843
-2.25,10,555.03028
4.75,12,555.061016
0.25,3,555.069346
-0.25,2,555.07502
-1.75,5,555.087814
0.25,6,555.103613
8.75,18,555.151215
-1.25,1,555.154135
-0.25,2,555.160092
4.25,11,555.188749
-0.25,2,555.19405
-0.25,2,555.19928
1.25,5,555.212109
-2.75,3,555.219793
8.25,19,555.268349
5.25,9,555.291941
-0.25,2,555.298121
1.75,6,555.31483
3.75,10,555.346428
2.75,5,555.363233
4.5,15,555.404663
7.25,17,555.447367
3.25,8,555.468649
0.75,4,555.480525
-0.25,2,555.485982
-0.25,3,555.494648
-0.25,2,555.500935
2.75,8,555.522238
-0.25,2,555.527744
-0.75,1,555.530527
2.25,7,555.549067
-0.25,2,555.554435
-8.25,10,555.580435
7.5,15,555.623177
3.75,11,555.655641
-0.25,2,555.661056
2.25,7,555.678591
-0.25,2,555.683713
8.5,17,555.726995
-0.75,1,555.730093
-1.75,8,555.750377
0.75,4,555.761405
-0.75,1,555.764387
0.75,1,555.767277
-0.25,2,555.773099
2.75,7,555.792559
-1.25,1,555.795481
2.25,7,555.813979
4.75,12,556.223388
-2.75,7,556.24561
0.75,1,556.249117
0.75,1,556.252467
-0.25,2,556.258866
-0.25,2,556.264933
6.25,15,556.307606
2.25,7,556.330398
4.25,11,556.363202
-0.25,2,556.369092
0.75,1,556.372228
-0.25,2,556.377892
0.75,4,556.389753
-0.25,2,556.395821
-9.25,11,556.426182
0.25,3,556.434558
8.75,17,556.488035
11.75,24,556.558878
-0.75,1,556.563308
-0.75,1,556.568462
-0.25,2,556.575088
1.75,6,556.591985
-1.25,1,556.595025
-0.75,1,556.597697
0.75,4,556.611168
2.25,7,556.642342
3.75,10,556.673417
6.75,16,556.722107
-0.25,2,556.728563
4.75,7,556.749559
1.25,5,556.765069
10.25,23,556.831712
6.25,15,556.871264
-0.75,1,556.874291
-0.75,1,556.877504
-0.25,2,556.884267
0.75,1,556.88761
1.75,6,556.909029
-0.75,1,556.912683
0.25,3,556.922263
4.25,8,556.94676
-0.25,2,556.952779
6.75,10,556.980391
0.25,3,556.988961
3.75,10,557.022537
-0.25,2,557.030139
0.75,1,557.034165
1.25,5,557.051949
-0.25,2,557.058634
6.0,12,557.09921
0.25,3,557.109949
0.75,1,557.114287
-0.75,1,557.118887
-0.75,1,557.123477
-0.75,1,557.127324
-0.75,1,557.132012
4.25,11,557.168877
1.25,5,557.184153
0.75,1,557.187421
-0.75,1,557.190542
1.75,6,557.209822
-0.75,1,557.213812
-0.75,1,557.217645
-0.25,2,557.225224
2.75,11,557.261259
-2.25,4,557.273975
-0.25,2,557.279948
-0.75,1,557.28355
7.25,17,557.336449
0.25,3,557.345487
1.25,5,557.361054
-2.25,4,557.373242
2.75,11,557.432801
6.5,13,557.486056
-0.25,2,557.493367
-0.75,1,557.497093
6.25,15,557.548461
7.75,18,557.60411
0.75,1,557.607651
0.75,1,557.610791
5.25,13,557.654293
10.0,20,557.717695
-0.25,2,557.725061
4.25,11,557.761366
1.75,15,557.812217
-0.75,1,557.816222
-0.75,1,557.819826
3.75,10,557.852499
-0.75,1,557.856428
-0.75,1,558.291606
0.75,1,558.295513
0.25,3,558.307115
0.75,1,558.311288
6.75,13,558.355408
-0.25,2,558.36176
0.25,3,558.371671
7.25,17,558.42466
1.75,6,558.443346
6.25,12,558.497859
6.75,16,558.553639
0.75,1,558.557263
5.75,14,558.632217
-0.25,2,558.644224
-16.0,16,558.703341
-0.25,2,558.709784
-0.75,1,558.713605
4.75,12,558.766954
-0.75,13,558.851277
4.75,12,558.925342
-3.25,5,558.958729
1.25,3,558.977567
6.75,19,559.058202
7.25,17,559.114298
-0.25,2,559.121008
7.25,11,559.165591
0.75,1,559.168998
-2.25,4,559.181546
-0.25,2,559.188424
3.25,6,559.20642
2.75,8,559.230194
-0.75,1,559.232956
-0.25,2,559.238204
-0.75,1,559.240993
3.25,15,559.278365
-0.75,1,559.281186
-0.75,1,559.284018
-0.25,2,559.289386
6.25,13,559.321651
-11.25,19,559.36794
0.25,3,559.375725
13.25,23,559.434877
0.75,1,559.438126
-0.75,1,559.44122
-0.25,2,559.446799
-1.25,3,559.455112
6.75,11,559.483451
0.75,1,559.486586
-0.75,1,559.489183
-1.25,3,559.49723
0.75,1,559.500008
-0.25,2,559.505488
6.25,15,559.548593
0.75,1,559.551734
-0.75,1,559.554957
2.25,7,559.574472
12.75,26,559.642996
0.75,1,559.646054
-0.25,2,559.652356
1.75,6,559.669898
6.75,16,559.734264
1.25,5,559.750124
4.75,12,559.798076
-0.75,1,559.802888
0.75,3,559.812283
0.25,3,559.82088
-0.75,1,559.823793
0.25,3,559.832073
0.25,3,559.840399
6.0,12,559.87373
-1.25,1,559.877024
-0.75,1,559.87986
15.5,26,559.947483
5.75,14,559.984475
-0.25,2,559.990024
-6.25,11,560.022712
14.75,27,560.431066
-0.25,2,560.43655
2.25,7,560.454423
0.75,1,560.457116
-1.25,1,560.460053
8.25,19,560.509033
0.25,3,560.516928
5.25,13,560.551167
2.75,5,560.564217
-0.25,2,560.569732
7.25,17,560.609852
0.75,4,560.619647
-4.0,22,560.675056
17.0,34,560.757179
-0.75,1,560.760133
13.25,29,560.848074
0.75,4,560.859298
4.25,11,560.889666
3.25,9,560.915613
4.75,9,560.943018
3.75,10,560.97171
-0.25,2,560.977175
6.75,15,561.026274
-0.75,1,561.030498
10.25,23,561.118023
-0.25,2,561.124496
-0.25,2,561.132337
3.75,10,561.164239
0.75,1,561.167519
3.75,10,561.202374
7.75,18,561.259618
0.75,4,561.271566
6.25,15,561.315036
2.75,8,561.345974
6.25,15,561.396169
-1.25,3,561.405231
-0.25,2,561.411482
-0.25,2,561.417477
-8.25,10,561.446671
-0.25,2,561.452817
3.75,10,561.482718
12.5,25,561.554459
3.75,10,561.584888
3.25,9,561.607576
4.25,11,561.636819
-0.25,2,561.642493
9.5,17,561.69644
0.75,1,561.700732
3.75,10,561.73274
4.25,11,561.766347
6.25,10,561.796377
0.75,1,561.79954
15.0,32,562.246937
-2.75,3,562.255188
9.25,24,562.316677
4.75,12,562.348802
6.25,15,562.387959
-8.25,10,562.412926
3.25,9,562.435522
-13.75,18,562.481745
-0.75,1,562.484572
-0.25,2,562.48982
0.75,1,562.492359
-0.75,1,562.495094
5.75,14,562.531406
5.25,13,562.570692
0.75,4,562.583161
-0.75,1,562.586261
6.25,15,562.638576
1.75,6,562.658881
2.25,4,562.672285
-0.25,2,562.679372
0.25,3,562.689659
4.25,11,562.725089
0.25,3,562.734699
5.75,14,562.780625
2.25,22,562.848973
-4.25,6,562.866349
-0.25,2,562.872514
4.75,12,562.913202
-0.25,2,562.919942
-1.25,1,562.922923
-0.75,1,562.926336
9.25,21,562.980639
-0.75,1,562.983579
-0.25,2,562.989187
-0.25,2,562.9948
-9.25,11,563.025731
-0.75,1,563.02852
-0.75,1,563.031403
-0.25,2,563.036954
7.75,18,563.083361
0.75,1,563.086377
-0.25,2,563.091328
-0.75,1,563.094381
-0.75,1,563.09728
10.25,17,563.140447
8.25,18,563.184607
2.25,7,563.202197
-8.0,17,563.244885
0.25,3,563.253369
-1.25,3,563.261235
-0.75,1,563.264004
0.75,4,563.274709
-0.75,1,563.277311
0.75,1,563.280209
0.25,3,563.288579
-0.75,1,563.291347
6.75,16,563.331768
1.25,5,563.344693
0.25,3,563.352726
5.25,13,563.386623
4.75,12,563.417788
4.0,17,563.461345
0.75,1,563.464278
12.0,23,563.523065
3.75,10,563.548438
0.75,4,563.559144
-0.25,2,563.564764
-2.25,4,563.575085
-0.25,2,563.580418
9.75,19,563.628679
2.25,4,563.971624
0.75,1,563.974988
0.75,1,563.977943
4.0,14,564.019668
2.75,8,564.040781
1.0,17,564.086853
0.25,3,564.095016
6.25,12,564.127513
-0.75,1,564.130819
-0.25,2,564.136721
2.75,8,564.157989
7.25,17,564.201226
3.75,10,564.227002
-3.5,14,564.264234
7.5,15,564.306001
1.25,5,564.322236
0.75,1,564.326095
0.25,3,564.335724
4.25,11,564.36967
3.25,9,564.394642
2.75,8,564.416772
0.75,1,564.419818
3.25,5,564.434038
-0.75,1,564.436626
-7.5,15,564.477456
-0.75,1,564.480678
5.25,13,564.515517
3.25,9,564.540956
16.5,27,564.620554
0.25,3,564.629362
4.75,12,564.665671
13.25,21,564.733335
-1.25,3,564.741025
-0.25,2,564.746507
10.0,20,564.796336
-0.75,1,564.799232
-1.25,1,564.80246
-0.25,2,564.808094
4.25,11,564.836219
-4.0,22,564.891444
-0.25,2,564.89679
-0.25,2,564.902461
-10.25,12,564.933759
-0.25,2,564.939315
-0.25,2,564.94492
1.25,5,564.957922
6.75,16,565.004364
4.25,11,565.040106
0.5,16,565.087172
6.75,16,565.132229
8.25,16,565.174947
-4.75,5,565.188112
-0.25,2,565.194029
-0.25,2,565.199558
3.75,10,565.224571
6.5,13,565.257315
0.75,4,565.267328
-0.75,1,565.270032
0.75,4,565.280282
9.0,18,565.324706
3.75,10,565.349702
1.25,3,565.357018
-0.75,7,565.374295
-4.25,9,565.713903
3.75,10,565.739555
-0.25,2,565.745011
-0.75,1,565.747857
0.25,3,565.755988
-0.25,2,565.761563
1.75,6,565.777093
-0.75,1,565.779866
-2.25,4,565.790645
-0.75,1,565.79352
-0.75,1,565.796614
-3.25,35,565.884974
6.75,14,565.920159
-18.25,23,565.978061
20.75,23,566.041159
8.75,12,566.070439
0.75,1,566.073088
12.5,17,566.113115
19.0,28,566.183664
3.75,10,566.207989
-0.75,1,566.210811
1.75,5,566.224215
-0.25,2,566.229468
-0.25,2,566.234703
21.0,31,566.323013
8.75,20,566.386344
-0.75,1,566.390169
2.75,8,566.412437
-2.75,3,566.420262
-0.25,2,566.425859
4.25,11,566.455789
-2.25,4,566.466667
-1.25,3,566.475695
-16.75,20,566.530379
-0.75,1,566.533676
-0.75,13,566.569001
0.75,1,566.57201
-0.75,1,566.575178
0.25,3,566.583866
0.75,1,566.586746
9.75,22,566.653151
-1.25,3,566.661537
2.75,7,566.680509
7.0,14,566.71859
6.25,21,566.7761
-7.0,19,566.867212
8.0,16,566.921033
-0.75,1,566.924987
0.75,1,566.929264
-0.75,1,566.932926
3.75,6,566.952769
6.75,16,567.007243
21.75,35,567.119842
-3.25,5,567.135048
1.75,6,567.152111
5.75,14,567.526719
1.75,6,567.543423
-0.25,2,567.549159
-3.25,8,567.57149
5.75,14,567.618405
-0.25,2,567.62553
-0.75,1,567.629222
9.5,19,567.693019
0.75,1,567.696293
-0.25,2,567.702138
-11.0,26,567.774664
4.75,12,567.806838
-0.75,1,567.810201
3.25,9,567.835142
0.75,1,567.838377
8.25,17,567.88434
-0.25,2,567.890659
-6.25,8,567.916825
-0.25,2,567.924042
-3.25,5,567.940784
0.25,3,567.950957
0.75,1,567.954897
4.25,11,567.992689
-6.0,18,568.052696
9.0,18,568.108223
0.75,1,568.112499
-0.25,2,568.120294
4.25,11,568.156549
0.75,1,568.15986
-0.25,2,568.16636
7.0,14,568.210311
-0.25,2,568.21601
7.25,17,568.258637
4.25,14,568.293175
0.25,3,568.300815
10.5,16,568.340071
-1.25,1,568.342838
-5.25,7,568.360016
-1.25,3,568.368103
1.25,3,568.376441
0.75,1,568.379199
9.5,18,568.42184
-2.75,6,568.435553
-1.25,1,568.438449
0.75,4,568.448629
-0.25,2,568.453876
1.25,17,568.4947
7.0,14,568.53005
-0.25,2,568.535205
23.0,46,568.644896
0.75,3,568.652534
-0.25,2,568.65729
5.25,13,568.68909
-0.75,1,568.691715
-0.25,2,568.696788
0.25,12,568.724959
5.75,14,568.758637
4.25,11,568.784974
-3.25,8,568.80406
-0.25,2,568.808795
-1.25,3,568.816294
3.5,15,568.852699
3.25,9,568.87425
-0.25,2,568.879546
-0.75,1,568.882208
0.25,4,568.89187
0.25,3,568.89947
-0.75,1,568.902105
18.75,22,569.266118
0.75,1,569.269411
3.75,8,569.291059
-0.75,1,569.294001
-10.75,24,569.35722
-0.25,2,569.362788
-0.75,1,569.3658
0.25,3,569.374011
5.25,13,569.411151
12.25,15,569.451051
4.25,8,569.472281
8.75,29,569.553356
0.25,3,569.561693
6.75,9,569.588806
-0.25,2,569.598233
-20.25,22,569.665058
-0.75,1,569.667961
1.75,6,569.683187
-1.25,3,569.693052
0.25,3,569.704993
-0.25,2,569.710982
4.5,15,569.752202
13.25,29,569.837474
10.5,21,569.894986
9.25,21,569.946171
1.75,4,569.956603
8.75,20,570.01316
-5.0,23,570.074025
-0.25,2,570.079713
4.75,12,570.109514
-0.75,1,570.112314
3.75,9,570.135373
-2.25,25,570.198825
9.5,19,570.25579
0.75,1,570.259632
-0.25,2,570.266369
-2.25,4,570.279999
8.75,20,570.34323
-0.25,2,570.349113
-14.25,16,570.392867
1.75,9,570.417816
-1.25,3,570.42668
3.25,6,570.443796
-3.75,4,570.456059
10.25,27,570.531938
-10.75,14,570.571573
1.75,27,571.016651
2.25,6,571.035211
0.25,3,571.043326
-0.75,1,571.046415
8.25,13,571.081659
-0.25,2,571.087379
1.75,6,571.103252
-0.25,2,571.108697
-0.75,1,571.111619
3.75,10,571.139758
10.0,17,571.186756
-1.25,1,571.189773
-0.25,2,571.195435
9.25,17,571.238787
10.0,20,571.290547
0.25,3,571.29909
3.25,6,571.315335
-0.75,1,571.31841
-0.75,1,571.321332
-0.25,2,571.326886
4.75,12,571.35906
0.75,1,571.36217
-1.25,3,571.373215
13.25,22,571.435565
2.25,7,571.455344
3.75,22,571.512218
4.25,13,571.547089
0.25,3,571.555024
1.75,6,571.571502
0.75,1,571.574561
-10.75,17,571.617418
3.75,10,571.644042
-0.75,1,571.646824
-1.25,1,571.649461
0.75,1,571.652439
6.25,15,571.692345
6.25,15,571.730271
4.75,12,571.762228
7.75,18,571.807009
0.75,4,571.818122
0.75,1,571.821236
-0.75,16,571.863845
2.25,7,571.881927
8.75,11,571.909433
0.75,1,571.912222
4.25,11,571.938242
-0.75,1,571.940755
0.25,3,571.94757
0.25,3,571.95553
0.75,4,571.965936
0.75,1,571.968925
0.75,1,571.972046
-0.75,1,571.974927
0.75,1,571.97786
8.75,12,572.012396
-0.75,1,572.015637
-0.75,1,572.018722
-0.25,2,572.024145
-0.75,1,572.026672
4.25,11,572.053943
-0.25,2,572.058986
5.25,13,572.094241
5.25,13,572.129036
0.75,4,572.145174
-2.25,4,572.156359
-0.75,1,572.159102
3.25,9,572.183961
16.5,23,572.247164
7.25,14,572.284415
0.25,3,572.292758
0.75,1,572.29597
1.75,6,572.313309
-0.25,2,572.318867
-17.25,19,572.36877
6.25,15,572.747789
-0.25,2,572.753341
0.75,1,572.756255
-0.75,1,572.759236
-0.25,2,572.765207
9.5,17,572.810473
0.75,1,572.813488
-0.75,1,572.816453
8.75,15,572.856346
-0.75,1,572.859198
-1.25,1,572.862159
17.25,27,572.932432
1.25,3,572.940497
6.75,16,572.981833
0.75,1,572.984674
-0.25,2,572.990005
0.25,3,572.998201
3.75,10,573.027824
0.75,1,573.030635
1.25,5,573.04333
0.75,1,573.046306
-0.25,2,573.051481
-1.25,1,573.055347
3.75,10,573.081273
6.25,21,573.134616
-0.25,2,573.140164
-0.25,2,573.145559
1.75,6,573.160271
0.25,3,573.167795
2.75,8,573.187633
5.5,23,573.246158
0.75,1,573.248865
1.25,5,573.261193
1.25,3,573.268747
6.75,16,573.308749
7.25,17,573.350024
4.25,11,573.376202
8.5,17,573.417328
1.25,5,573.429738
6.25,15,573.466715
-0.25,2,573.472235
-0.75,1,573.474902
6.0,12,573.505981
-6.75,16,573.547156
0.75,1,573.549945
9.75,22,573.60716
-0.75,1,573.610978
-0.25,2,573.61706
-0.75,1,573.620109
0.75,1,573.623195
6.75,16,573.670895
2.25,7,573.690706
0.25,3,573.698728
-0.25,2,573.704225
6.75,14,573.741416
4.25,11,573.77148
8.25,12,573.801154
6.75,16,573.841852
4.75,12,573.87144
-0.25,2,573.878682
6.25,16,573.924579
-0.25,2,573.929969
-1.25,3,573.93863
0.75,1,573.941568
-1.25,3,573.949645
4.75,12,573.980018
2.25,4,573.989695
0.75,4,573.999159
9.75,22,574.059448
-0.25,2,574.064775
0.25,3,574.072406
10.25,21,574.421609
-0.25,2,574.426902
0.75,1,574.429745
-0.75,1,574.432709
1.75,6,574.447455
-1.25,1,574.450166
-3.75,4,574.460318
-0.75,1,574.463454
1.25,5,574.4763
12.5,25,574.53814
-0.75,1,574.541015
-0.75,1,574.543921
7.75,15,574.581418
8.75,17,574.645729
0.75,1,574.652056
1.25,5,574.680903
0.75,1,574.68685
5.75,14,574.749774
0.25,3,574.762835
0.75,1,574.767554
5.25,13,574.805151
6.75,9,574.827788
-11.25,13,574.859131
0.75,1,574.86237
-0.75,1,574.865273
14.5,26,574.927799
8.75,20,574.986856
5.75,14,575.049775
-4.25,9,575.077467
-0.25,2,575.083406
-1.25,1,575.086726
1.75,6,575.104375
0.75,1,575.1073
8.25,19,575.165383
4.75,12,575.201778
0.75,1,575.204702
-0.25,2,575.211211
-0.75,1,575.214812
18.0,34,575.312514
0.25,6,575.331049
-2.25,4,575.341603
5.25,9,575.365124
-1.25,3,575.372691
-14.75,15,575.410091
2.25,16,575.450606
-0.75,1,575.453411
-0.75,1,575.456148
0.75,1,575.458865
-7.25,9,575.480645
-0.25,2,575.485565
-0.25,2,575.490554
19.5,30,575.566496
1.25,3,575.574135
1.25,5,575.586494
8.25,19,575.631031
0.25,3,575.638799
-2.75,12,575.667314
0.75,4,575.67736
3.75,7,575.695456
-1.25,1,575.698364
2.25,7,575.717116
-0.75,1,575.720082
8.75,17,575.76674
5.25,21,575.820061
-0.25,2,575.826079
10.0,20,576.299963
-0.25,3,576.308068
1.25,5,576.321275
-0.25,2,576.326679
-0.75,1,576.330635
2.75,8,576.352276
-5.75,21,576.406483
8.0,16,576.447613
4.75,12,576.477947
-0.25,2,576.483922
0.25,3,576.491863
3.75,11,576.51943
-0.25,2,576.526314
5.0,13,576.558597
-1.25,3,576.566364
3.75,10,576.591089
21.25,34,576.673317
-0.75,1,576.675779
-0.75,1,576.678472
-0.25,2,576.683469
-0.25,2,576.688735
4.25,11,576.715864
-0.75,1,576.718637
-0.25,2,576.724023
2.25,7,576.741246
0.25,3,576.748741
-0.25,2,576.75462
-0.75,1,576.757361
-1.0,13,576.797923
-0.75,1,576.801343
0.75,1,576.804111
-0.75,1,576.806756
2.25,7,576.824415
0.25,3,576.832015
3.25,9,576.85469
-1.25,3,576.862366
-0.25,2,576.86731
-0.5,17,576.914048
-2.25,4,576.925035
19.5,30,576.99918
-3.25,5,577.015363
10.0,18,577.060614
-14.25,16,577.100349
0.75,1,577.103073
9.5,19,577.149226
-2.25,4,577.159401
6.75,16,577.198015
-0.75,1,577.200755
3.25,7,577.21812
0.75,4,577.228058
8.25,17,577.274301
-0.25,2,577.279702
-0.25,2,577.284923
-0.25,2,577.289734
0.75,1,577.292362
-0.75,1,577.29514
4.75,15,577.332043
7.25,17,577.373544
-0.25,2,577.378704
-0.25,5,577.391022
-2.75,18,577.434803
0.75,1,577.437598
-0.75,1,577.440448
1.75,6,577.454977
0.25,3,577.462578
0.75,13,577.494654
-0.75,1,577.497393
0.75,1,577.500261
-0.25,2,577.505532
6.25,16,577.545448
3.75,10,577.942741
-2.75,3,577.952154
0.75,1,577.955426
5.75,14,577.996046
-0.25,2,578.00282
-0.25,2,578.010702
-0.25,2,578.018621
12.75,25,578.105538
1.75,6,578.12424
5.25,13,578.160927
4.25,11,578.195341
3.75,10,578.221473
4.75,18,578.269352
0.25,3,578.27727
-0.25,2,578.282564
-0.25,2,578.288147
4.75,10,578.313879
3.25,9,578.337156
0.75,4,578.347687
-5.25,7,578.367257
-0.75,1,578.371216
-0.25,2,578.376969
3.75,10,578.403867
3.75,10,578.430038
12.75,28,578.498696
-11.25,13,578.531873
-1.25,3,578.539433
0.25,3,578.547101
-8.25,10,578.572669
2.75,5,578.585505
-0.25,2,578.590869
1.25,5,578.603273
-0.75,1,578.605791
0.25,3,578.613426
-0.25,8,578.632888
8.75,26,578.69669
-0.75,1,578.699256
-4.25,6,578.713571
0.25,3,578.720992
0.25,3,578.728287
-0.25,2,578.733421
1.25,14,578.770922
0.75,1,578.773975
14.0,28,578.844571
3.25,9,578.866834
5.75,9,578.888926
11.0,22,578.942944
-5.5,19,578.988983
6.75,16,579.038763
8.5,15,579.075124
0.75,1,579.077735
-0.25,2,579.083532
-0.25,2,579.088586
10.75,24,579.148038
-2.25,4,579.157947
-0.25,2,579.163195
19.5,39,579.256341
9.5,17,579.71145
-0.75,1,579.715307
-0.25,2,579.722655
1.25,5,579.745787
10.5,16,579.813262
-0.75,1,579.816864
15.0,22,579.888623
-0.75,10,579.917165
7.25,17,579.96385
4.75,9,579.98998
9.0,18,580.054109
-0.25,2,580.060374
-0.75,1,580.064064
-3.75,4,580.077652
16.5,23,580.159746
8.25,19,580.224361
17.25,26,580.319253
14.75,32,580.426254
-6.5,23,580.495089
-0.75,1,580.498411
-0.25,2,580.505344
-25.25,27,580.580028
0.75,4,580.59001
-1.25,3,580.597366
-9.75,16,580.636767
6.0,24,580.693939
5.0,19,580.74436
0.25,3,580.752209
17.0,27,580.826272
2.75,8,580.850523
0.75,1,580.853876
-0.25,2,580.860139
6.75,16,580.91302
-0.25,2,580.919727
-0.25,2,580.926121
3.75,10,580.954593
13.0,18,581.004366
9.0,18,581.085653
-0.25,2,581.093924
-0.75,1,581.099173
0.75,4,581.112995
-0.75,1,581.117104
-1.25,1,581.120519
0.75,4,581.14062
4.25,15,581.192464
14.0,28,581.274101
0.25,18,581.675638
2.75,5,581.689338
-0.25,2,581.69499
0.75,1,581.698046
9.25,23,581.755982
-8.25,10,581.780778
4.25,11,581.807171
0.75,1,581.810067
5.25,19,581.859451
-0.75,1,581.862332
4.25,11,581.889255
-0.25,2,581.894079
4.25,11,581.921014
14.75,18,581.96941
5.25,13,582.003748
-0.25,2,582.01033
6.75,11,582.038781
5.25,13,582.07016
0.75,4,582.080093
3.75,10,582.103806
-12.5,26,582.167089
0.75,1,582.169658
5.25,13,582.200156
-0.75,1,582.202755
6.5,15,582.240655
1.25,5,582.25372
7.75,14,582.288853
-0.75,1,582.291709
-1.25,1,582.294697
-0.75,1,582.297372
-1.25,3,582.305356
-0.25,2,582.310617
-1.25,3,582.318153
0.25,3,582.325368
0.75,4,582.335924
4.0,17,582.378128
2.75,8,582.397995
13.25,20,582.445556
14.5,24,582.506638
5.25,13,582.541197
7.25,14,582.583985
-0.25,2,582.590376
-0.25,2,582.596346
1.75,4,582.608421
4.75,9,582.633597
-0.25,2,582.639173
-0.25,2,582.644452
7.0,14,582.681748
4.25,17,582.728233
10.75,24,582.794619
14.5,22,582.855685
2.25,7,582.876019
9.5,17,582.921103
4.75,12,582.954259
-7.25,9,582.978014
6.0,21,583.347441
10.0,19,583.396506
10.75,24,583.457578
-0.75,1,583.460367
-0.75,1,583.463239
15.0,28,583.533834
-0.25,2,583.53904
7.75,18,583.582887
0.25,3,583.590214
1.75,6,583.605844
12.25,27,583.670804
-0.75,1,583.673366
-0.25,2,583.678543
-0.25,3,583.686267
8.0,16,583.723946
0.75,4,583.733613
-0.75,1,583.73618
-5.75,12,583.763866
17.0,30,583.83264
-0.75,1,583.835415
5.75,20,583.881658
3.75,10,583.908097
0.25,3,583.916345
9.75,22,583.969816
-2.25,16,584.009526
2.25,6,584.025967
-13.25,15,584.063491
8.0,14,584.097414
-5.25,16,584.136552
15.75,33,584.213546
-0.25,2,584.218143
-3.25,5,584.229418
10.25,23,584.284529
9.5,19,584.328695
0.75,1,584.331505
-0.25,2,584.337095
-2.25,7,584.354883
-4.25,6,584.36887
4.25,11,584.397141
0.25,3,584.404765
-4.75,11,584.430712
5.25,12,584.459303
4.75,12,584.486775
15.5,31,584.564676
2.0,19,584.917128
11.0,22,584.973881
8.5,17,585.018552
18.0,33,585.10252
0.25,3,585.110476
0.75,1,585.113309
-1.75,20,585.164282
-2.25,4,585.174744
11.75,26,585.236638
6.25,12,585.265627
-0.25,2,585.270761
-9.0,36,585.356481
5.25,13,585.389256
-4.75,23,585.446471
7.5,15,585.483791
0.75,4,585.493547
5.75,14,585.52834
-0.75,1,585.531218
-0.25,2,585.53657
6.75,9,585.558703
0.75,1,585.561494
-1.25,3,585.569065
3.75,10,585.593362
2.75,8,585.612622
9.75,21,585.664566
5.75,26,585.727124
0.75,4,585.736879
6.75,16,585.77461
-16.0,16,585.813189
-0.25,2,585.81844
0.5,13,585.849455
0.75,1,585.852078
6.75,16,585.890441
-0.75,1,585.89324
-13.75,23,585.950151
0.25,3,585.957443
-0.25,2,585.962754
13.25,29,586.034653
4.5,18,586.079151
4.25,10,586.104014
-0.25,2,586.109222
8.5,17,586.464478
3.75,10,586.489124
-0.75,1,586.491956
9.75,12,586.521316
-10.5,15,586.557834
5.75,14,586.590621
10.5,21,586.639529
6.25,15,586.67508
-0.25,2,586.680104
-13.25,19,586.722611
9.5,19,586.765547
-14.0,14,586.797841
8.75,20,586.844531
7.5,15,586.879356
12.75,20,586.927218
8.25,15,586.962832
12.5,24,587.024468
1.25,5,587.03673
6.25,15,587.075871
0.75,1,587.078824
-1.25,16,587.120708
0.25,18,587.165101
3.75,4,587.175357
7.0,14,587.210403
2.75,14,587.245533
-2.25,4,587.255477
-0.25,2,587.260817
12.25,27,587.322856
-3.75,10,587.345406
6.25,15,587.380207
1.75,12,587.409658
13.5,17,587.449965
3.75,6,587.463472
7.75,24,587.520101
6.25,15,587.556622
4.25,11,587.582976
11.0,22,587.633314
4.75,12,587.662566
0.75,1,587.665272
-0.25,2,587.670355
9.75,12,587.979409
3.25,21,588.032936
-0.75,1,588.03543
8.5,28,588.105185
5.75,14,588.138701
14.0,24,588.198278
0.25,3,588.205826
0.75,4,588.215991
-8.75,42,588.314242
2.25,7,588.330721
8.25,19,588.375881
-0.25,2,588.381119
2.75,8,588.401096
-7.75,49,588.514069
13.25,22,588.567326
1.25,5,588.579305
11.0,20,588.624849
5.75,14,588.657223
13.25,29,588.724221
4.75,12,588.750741
12.25,27,588.814931
12.75,22,588.86516
10.0,20,588.910419
0.75,1,588.912871
12.0,23,588.966106
14.0,28,589.035396
1.75,6,589.050241
5.0,22,589.104054
1.25,5,589.116304
8.0,37,589.491617
-2.25,19,589.538323
11.5,21,589.589619
6.5,19,589.635748
16.75,29,589.707378
-3.25,5,589.720078
-14.0,14,589.753692
10.75,24,589.811303
-0.75,1,589.813742
0.75,1,589.816353
5.75,14,589.848011
2.25,7,589.86389
7.5,15,589.900294
4.25,11,589.927896
-0.75,1,589.930724
18.5,25,589.991183
-16.25,18,590.038518
-6.75,13,590.069737
-13.0,13,590.099266
6.0,21,590.149904
2.75,8,590.170321
-0.25,2,590.17533
-0.25,2,590.180282
24.0,37,590.265266
7.25,17,590.304409
-0.75,1,590.306932
9.25,21,590.357123
9.5,17,590.398068
11.0,22,590.451783
-11.5,34,590.531531
14.75,25,590.591859
8.0,16,590.629008
7.0,13,590.660563
13.5,19,590.991951
-1.25,3,590.999179
7.75,15,591.039076
8.0,16,591.077652
6.0,18,591.121858
5.25,22,591.179605
0.75,13,591.212765
0.25,3,591.220602
-3.25,17,591.26325
-2.25,4,591.273463
8.25,19,591.318783
-0.25,10,591.343165
6.25,15,591.378503
-0.25,2,591.383699
3.5,17,591.423736
7.75,18,591.466973
8.0,15,591.50148
-1.25,12,591.529323
10.75,23,591.583687
10.0,17,591.622199
-1.75,8,591.64052
-4.25,6,591.654274
-0.25,2,591.659118
1.25,3,591.666567
0.75,1,591.669303
0.25,11,591.697555
2.25,7,591.714424
6.75,13,591.744236
7.75,12,591.772957
0.25,3,591.781599
23.0,23,591.834827
10.75,13,591.864815
0.75,4,591.87431
1.0,17,591.913745
0.25,3,591.921077
-1.0,19,591.967476
-0.25,2,591.972685
19.25,32,592.062814
5.75,14,592.09875
0.5,13,592.130642
10.5,19,592.179084
0.75,1,592.181928
2.0,28,592.541528
-0.75,1,592.54399
-0.75,1,592.546629
-0.75,1,592.549441
-8.25,10,592.572433
7.5,15,592.60827
-0.25,2,592.613891
-0.25,11,592.641987
-0.75,1,592.644653
12.5,30,592.716558
-0.25,2,592.721855
-10.5,18,592.765257
4.25,11,592.793102
8.75,17,592.835021
1.25,5,592.847715
-12.25,23,592.90158
14.0,21,592.952345
0.75,16,592.991087
4.75,10,593.016357
-0.25,2,593.022052
0.25,3,593.030442
-6.75,19,593.074592
3.0,15,593.108056
2.75,8,593.126692
-0.25,2,593.132524
-0.75,1,593.135317
5.25,13,593.168818
-0.25,2,593.174314
0.75,1,593.177042
10.5,21,593.231719
12.25,28,593.305341
0.75,1,593.308294
5.75,14,593.344952
-1.25,3,593.352958
0.75,4,593.364861
7.75,18,593.40957
-0.25,2,593.415009
-0.25,2,593.4206
5.25,13,593.462954
-0.75,1,593.466549
1.25,5,593.483639
-0.25,2,593.491289
2.25,7,593.514282
1.75,6,593.533469
3.75,10,593.561582
14.5,21,593.624441
-0.25,2,593.631634
8.5,26,593.711498
-0.25,2,593.718515
6.25,15,593.762191
0.75,4,593.774153
3.75,10,593.805024
6.25,10,593.831207
0.25,12,593.862275
-0.75,1,593.86506
-0.75,1,593.867827
10.25,23,594.281744
1.25,5,594.294804
10.25,23,594.360986
0.75,1,594.36495
0.75,1,594.368138
6.0,16,594.414378
-18.25,23,594.478776
-4.25,6,594.504112
-0.25,2,594.510718
2.25,7,594.529777
-22.25,24,594.59309
20.25,36,594.684228
-3.25,5,594.69655
0.75,1,594.699157
-1.25,3,594.706513
13.25,27,594.771224
9.0,18,594.814265
6.25,15,594.849549
2.25,7,594.866289
4.75,12,594.894057
-0.25,5,594.905823
0.75,3,594.913427
-0.75,1,594.916092
7.75,10,594.939339
-8.75,15,594.976196
-2.0,14,595.01573
0.25,6,595.033526
6.75,16,595.072744
7.25,17,595.114465
5.75,14,595.149058
1.25,5,595.161676
1.75,4,595.172148
-0.75,1,595.175022
-4.25,6,595.189758
-0.75,1,595.192578
8.75,20,595.239044
6.75,16,595.275453
8.25,19,595.317962
-0.25,2,595.322701
0.75,1,595.325198
-0.25,2,595.330399
10.25,23,595.384113
-3.25,17,595.42314
3.75,10,595.4462
14.0,23,595.49984
-4.75,5,595.511996
-0.25,2,595.516765
-0.25,2,595.521547
0.75,4,595.879554
-0.25,2,595.885473
-1.75,5,595.899331
-2.25,4,595.909664
-0.25,2,595.915551
4.25,12,595.9503
7.75,16,595.997766
-0.25,2,596.003993
4.75,12,596.04862
-0.25,2,596.05476
3.75,28,596.129761
5.25,13,596.165522
13.75,23,596.224996
-1.25,3,596.232842
-1.75,8,596.251897
-7.75,14,596.286489
5.75,14,596.32071
3.75,10,596.344818
3.75,10,596.369989
-4.75,5,596.382579
5.75,14,596.416646
14.75,31,596.490666
0.25,3,596.497958
-0.25,2,596.503058
10.0,20,596.551798
-0.25,2,596.556972
-1.25,1,596.559745
10.5,12,596.589705
7.25,17,596.631933
0.75,1,596.635104
-0.25,2,596.641872
5.5,29,596.721279
0.75,1,596.724209
6.75,16,596.764897
5.25,13,596.797279
-0.75,1,596.800132
6.25,15,596.83744
10.5,21,596.888495
5.25,13,596.919408
0.75,1,596.922299
6.25,15,596.959583
6.5,13,596.991131
-0.25,2,596.996222
-1.25,3,597.003653
2.25,7,597.023987
0.75,1,597.027041
-6.5,17,597.067719
-0.75,1,597.070506
0.75,4,597.080527
4.25,11,597.10747
9.25,13,597.138308
-0.25,2,597.143353
3.75,10,597.168013
5.75,14,597.58449
-0.75,1,597.587306
0.75,1,597.589943
15.0,24,597.650439
-0.25,2,597.655656
-1.25,1,597.658586
3.5,15,597.696542
0.75,1,597.699729
0.75,1,597.70269
-0.75,1,597.705725
-1.25,3,597.713653
-9.25,11,597.74236
0.25,3,597.75026
0.75,1,597.753324
-0.75,1,597.756169
-0.25,2,597.761688
8.75,19,597.809639
1.75,3,597.817586
4.75,10,597.842436
-0.25,2,597.84795
8.5,17,597.890761
0.25,3,597.898232
-0.75,1,597.90116
-2.25,4,597.911319
0.75,1,597.914138
16.25,26,597.976087
-0.25,2,597.981756
-0.25,3,597.989556
-0.25,2,597.994626
10.25,20,598.045879
6.25,15,598.081021
-10.75,17,598.122377
0.75,1,598.125141
-2.0,20,598.173473
2.25,5,598.186608
-0.25,2,598.191921
11.0,18,598.237831
-0.75,1,598.240772
0.75,1,598.243732
6.75,10,598.268075
-0.25,2,598.273236
6.75,16,598.311409
0.25,3,598.318576
-1.75,8,598.337475
-0.25,2,598.342377
-0.25,2,598.347685
0.25,3,598.354771
7.25,17,598.394404
-10.25,12,598.423409
9.25,18,598.4645
-0.25,2,598.469258
-1.25,3,598.476642
2.25,6,598.491163
7.25,17,598.532008
0.75,4,598.541945
0.75,4,598.551521
-0.25,2,598.556521
10.75,22,598.607019
-0.75,1,598.609736
6.5,13,598.640776
8.75,20,598.688806
-1.25,3,598.696568
2.75,8,598.716513
0.5,16,598.755125
15.5,28,598.822248
0.25,3,598.829893
-5.25,7,599.16855
8.25,19,599.217429
6.25,18,599.262478
16.25,29,599.333205
0.75,1,599.336072
0.25,3,599.343933
10.25,11,599.371605
0.75,4,599.382241
4.25,11,599.410415
8.25,19,599.457477
10.0,17,599.500631
6.5,13,599.532512
8.75,13,599.564836
-1.25,1,599.567596
0.75,5,599.580531
-1.25,1,599.58342
-0.25,2,599.588316
-0.75,1,599.590941
-0.75,1,599.59344
-2.5,28,599.661592
-0.25,2,599.666618
-0.75,1,599.669335
3.75,10,599.692234
-0.75,1,599.694901
0.75,1,599.697712
9.0,18,599.742143
17.5,29,599.811616
8.0,16,599.849934
5.25,13,599.881373
-0.75,1,599.883799
0.75,1,599.88666
7.25,20,599.936927
-0.25,2,599.94238
4.75,12,599.971899
3.25,9,599.993654
-0.75,1,599.996233
21.0,48,600.113937
5.75,14,600.148733
-0.75,1,600.151467
-0.25,2,600.156546
1.25,5,600.169614
15.0,30,600.244542
-0.75,1,600.24721
-2.0,26,600.309822
-0.75,1,600.312603
7.0,12,600.342859
4.75,12,600.37205
-15.5,29,600.755296
9.0,18,600.798824
-0.25,17,600.840898
5.75,14,600.875923
9.0,18,600.918678
7.0,14,600.951819
-1.5,18,600.994323
-9.25,11,601.02355
-0.25,2,601.028823
19.75,41,601.125919
-0.25,2,601.130964
0.75,1,601.133878
-0.25,2,601.13905
-0.75,1,601.141741
7.75,16,601.179727
19.0,28,601.248586
0.75,1,601.251336
3.75,7,601.268947
4.25,11,601.295039
8.0,16,601.33637
-1.25,3,601.344749
-0.25,2,601.350152
10.25,23,601.41103
-1.25,3,601.420043
-0.25,2,601.426641
0.25,3,601.435366
6.25,12,601.468401
-0.25,2,601.47437
4.25,11,601.509519
3.25,9,601.537775
0.75,1,601.540993
-0.25,2,601.546511
-0.75,1,601.549459
-0.75,1,601.552389
-0.75,1,601.555231
-0.25,2,601.560848
-0.75,1,601.563775
-0.75,1,601.566581
-1.25,1,601.56959
-1.25,3,601.576949
1.75,6,601.591853
0.75,1,601.594486
10.75,24,601.651826
0.75,1,601.654375
10.75,24,601.713624
0.25,3,601.72187
7.75,18,601.76851
12.5,25,601.833171
-15.25,17,601.874922
5.0,16,601.914268
12.5,25,601.985458
-0.75,1,601.9886
19.75,31,602.425336
-0.25,2,602.430565
0.75,4,602.440978
11.5,21,602.492174
5.25,13,602.525366
9.5,19,602.572967
7.0,13,602.605799
-14.75,15,602.643787
6.75,19,602.689901
-0.75,1,602.692776
10.0,20,602.742393
10.75,30,602.815798
13.25,28,602.884186
-11.25,13,602.916136
-0.25,2,602.921534
1.75,20,602.973188
0.75,4,602.983787
10.0,14,603.028193
2.75,8,603.049234
7.25,14,603.087119
-0.25,2,603.092992
-0.75,1,603.095954
0.25,3,603.103827
-12.25,14,603.141484
12.25,21,603.196761
0.75,4,603.208207
-13.0,13,603.24296
-0.25,2,603.248713
6.0,12,603.282595
0.75,1,603.285611
-0.75,1,603.288528
11.75,24,603.35093
0.75,4,603.362144
5.25,13,603.397305
-0.25,2,603.403176
11.0,22,603.46087
-1.25,1,603.465476
-9.25,11,603.494062
0.5,25,603.556884
0.75,1,603.559828
4.75,15,603.595726
0.75,1,603.598514
-2.25,4,603.608371
-0.25,2,603.613472
12.0,24,603.672266
11.25,15,603.70918
15.5,24,604.080208
-0.75,1,604.083259
-0.25,2,604.088326
-0.75,1,604.091149
6.25,15,604.127612
0.25,12,604.156181
3.25,9,604.178735
-9.5,19,604.22578
8.0,16,604.265306
-14.25,16,604.304899
-4.25,6,604.32043
1.25,5,604.333345
11.5,27,604.400077
-0.75,1,604.403011
9.75,22,604.457032
4.25,11,604.483932
16.5,27,604.550348
9.5,19,604.5945
-0.75,1,604.596992
11.0,20,604.642875
7.5,15,604.677886
8.75,19,604.722927
0.75,1,604.726017
3.5,19,604.774753
3.25,7,604.792595
0.75,1,604.795546
-2.0,23,604.856677
0.75,4,604.869445
-0.75,1,604.872756
-12.5,29,604.956983
3.75,4,604.967522
-13.5,24,605.035112
8.75,29,605.114651
-0.25,2,605.12027
14.75,26,605.191466
15.75,34,605.288571
-2.25,22,605.347573
6.75,16,605.725341
1.75,5,605.737797
7.25,17,605.787476
-3.75,7,605.809252
9.5,17,605.861129
6.0,12,605.896673
-0.75,1,605.900347
-0.25,2,605.906934
9.25,21,605.97032
15.5,25,606.050153
-0.25,2,606.056316
-0.75,1,606.060502
10.0,17,606.110198
-0.75,1,606.113399
-0.25,2,606.119421
-1.25,1,606.122775
-0.25,2,606.128681
6.75,16,606.171421
11.75,17,606.216433
-0.25,2,606.221755
0.25,3,606.229508
8.25,20,606.277793
12.5,25,606.339983
0.25,3,606.347859
-0.25,2,606.353415
16.5,26,606.421016
0.75,4,606.431844
8.0,22,606.493239
0.25,3,606.50241
10.5,21,606.576592
-0.75,1,606.579957
-0.75,10,606.60662
-0.25,2,606.611886
8.25,19,606.669219
0.75,1,606.672305
-1.25,3,606.681129
-2.25,4,606.693238
-0.75,1,606.696715
0.75,1,606.700239
11.0,15,606.745876
10.25,23,606.811013
-1.25,3,606.819284
-1.25,3,606.827918
2.25,7,606.847188
-0.25,2,606.852897
7.0,14,606.890235
-0.25,2,606.895979
-0.75,1,606.89894
0.25,3,606.906952
4.25,8,606.927698
0.75,4,606.938493
11.0,20,606.990391
14.5,23,607.052407
-0.25,2,607.057715
2.75,5,607.070997
9.0,18,607.115968
9.5,19,607.462393
14.5,27,607.529317
-3.75,24,607.589748
0.75,1,607.592572
3.25,18,607.637049
6.25,15,607.676235
0.75,1,607.679147
-0.25,2,607.684338
-15.25,17,607.725774
10.5,21,607.777225
11.5,21,607.829232
-0.75,1,607.832112
0.25,3,607.839878
0.75,1,607.842592
-0.75,1,607.845416
-0.25,2,607.850471
18.0,27,607.917317
-0.25,2,607.922266
0.75,1,607.924852
-12.25,20,607.972981
9.75,15,608.009782
-1.25,1,608.012797
0.25,3,608.021013
12.0,23,608.07908
-0.75,1,608.082009
-0.25,2,608.087019
-0.75,1,608.0898
5.5,17,608.130923
-0.75,1,608.133777
0.75,1,608.136378
12.0,24,608.19979
2.25,16,608.241837
10.0,17,608.288706
-0.25,2,608.294268
9.25,21,608.348891
5.25,13,608.383248
-0.25,2,608.389117
-0.25,2,608.395357
-0.25,8,608.418444
0.75,1,608.421343
4.75,18,608.468688
-0.25,2,608.474292
-0.25,2,608.479868
-0.75,1,608.482801
-0.25,2,608.48805
11.5,18,608.535947
8.75,20,608.589664
-1.25,3,608.597287
3.25,6,608.612234
5.75,14,608.6474
-0.75,1,608.65003
11.25,22,608.703104
10.0,14,608.736536
-1.25,1,608.739245
-0.75,1,608.742044
0.75,1,609.062979
11.75,26,609.125081
-0.75,1,609.127681
2.75,8,609.146399
14.25,27,609.212357
-0.75,1,609.215144
7.25,16,609.254992
0.75,4,609.265676
-0.25,2,609.270983
0.25,3,609.280348
-0.25,2,609.285991
1.25,5,609.298792
9.75,22,609.354316
-1.25,3,609.361789
8.25,19,609.407455
3.75,10,609.432429
-1.25,1,609.435346
-0.25,2,609.440789
0.25,3,609.44854
7.75,20,609.497564
12.25,27,609.564433
0.75,1,609.567311
13.5,24,609.624892
-0.25,2,609.630133
-0.25,2,609.635545
0.75,1,609.638207
6.75,11,609.664776
2.0,22,609.717932
0.75,1,609.720721
3.75,10,609.743868
-8.25,19,609.788213
-0.25,2,609.792785
-3.75,4,609.802052
3.75,10,609.825731
4.25,11,609.852709
-0.75,1,609.855469
6.0,12,609.883711
-0.75,1,609.886312
8.5,17,609.924636
0.75,4,609.935724
-4.25,24,609.99255
3.25,6,610.007014
-15.25,20,610.057521
19.0,27,610.120918
-0.25,2,610.126297
-0.25,2,610.131154
-0.25,2,610.136549
-0.25,2,610.141695
-10.25,12,610.170817
2.25,4,610.180479
6.25,15,610.216743
10.5,21,610.266316
-0.25,2,610.271296
0.75,1,610.273879
8.0,19,610.624936
5.25,13,610.657711
-0.25,2,610.66298
13.0,22,610.714991
0.25,3,610.722158
-0.75,1,610.724756
-0.75,1,610.727518
11.0,22,610.781211
17.5,29,610.852274
-0.25,2,610.858027
-4.75,5,610.871105
10.25,23,610.932389
6.75,15,610.972806
8.5,17,611.024622
1.25,5,611.039792
-0.25,2,611.046726
-0.75,1,611.050466
-0.75,1,611.054091
11.25,21,611.108036
15.0,30,611.183539
0.75,1,611.186461
1.75,3,611.194468
-0.25,2,611.199722
8.0,14,611.234359
-0.75,1,611.237321
0.75,1,611.240234
-1.25,1,611.242996
-0.25,2,611.248058
11.75,26,611.315432
6.25,15,611.353858
-0.25,2,611.359304
2.75,6,611.374888
0.75,1,611.378281
0.25,3,611.386781
10.0,19,611.435467
6.0,12,611.466569
5.25,13,611.507956
7.5,15,611.554586
10.0,19,611.608456
9.0,18,611.670177
7.5,15,611.723263
12.5,37,611.838885
0.25,4,611.850979
10.5,19,611.913399
-10.75,14,611.956487
8.25,22,612.026713
0.75,4,612.039454
9.5,19,612.493309
-0.25,2,612.50045
8.75,19,612.562503
10.75,24,612.633599
6.75,16,612.680615
5.0,16,612.723811
0.75,1,612.727226
-1.25,3,612.735898
-4.75,8,612.757341
7.5,15,612.794114
5.25,12,612.8248
6.75,16,612.865886
10.5,20,612.917123
-0.75,1,612.919962
4.25,11,612.949223
7.5,15,612.99106
5.25,13,613.032993
-1.25,1,613.035888
0.75,1,613.038778
15.0,22,613.096972
5.25,13,613.137572
5.25,13,613.177736
4.75,15,613.221623
-10.25,12,613.256178
10.75,16,613.298999
0.75,4,613.310418
3.75,10,613.338336
0.75,1,613.341335
-0.75,1,613.34463
-6.25,8,613.365957
-0.25,2,613.371459
5.25,13,613.410311
0.75,1,613.413412
-0.25,2,613.419347
2.75,14,613.466386
-0.25,2,613.473492
-0.75,1,613.477208
7.75,12,613.513015
0.75,4,613.524217
11.0,22,613.590311
-4.25,27,613.67324
3.25,15,613.716428
3.25,9,613.740208
3.25,9,613.763823
-0.75,13,613.796324
3.25,9,613.818408
-7.75,11,613.845658
7.25,17,613.887844
8.0,16,614.245658
-0.75,1,614.248372
11.0,20,614.298698
3.25,9,614.320878
10.0,19,614.366785
8.25,16,614.405283
10.25,22,614.460383
-2.75,21,614.512731
15.5,19,614.562825
10.75,24,614.622226
0.25,3,614.630215
9.5,19,614.681896
-0.75,1,614.684981
-6.0,27,614.755345
-0.25,2,614.761993
7.75,16,614.806735
16.75,36,614.906718
0.75,1,614.909684
7.25,17,614.959685
0.75,4,614.970977
-1.25,3,614.980716
0.75,1,614.983729
-0.75,1,614.987139
0.25,3,614.996379
1.25,3,615.006086
10.75,16,615.056813
13.0,16,615.10202
2.75,8,615.126231
1.25,5,615.141589
0.75,4,615.15372
-3.25,11,615.181679
-0.25,2,615.186555
-0.75,1,615.189141
6.75,16,615.230859
-1.25,3,615.238593
4.75,12,615.268275
4.25,11,615.295432
1.25,8,615.315755
4.25,17,615.356986
0.25,3,615.364191
6.75,11,615.391599
-6.0,31,615.479276
-5.5,31,615.567858
8.25,14,615.926583
-0.75,1,615.929379
-4.75,5,615.942363
-11.25,13,615.973633
0.75,1,615.976476
5.25,13,616.015921
8.5,15,616.059383
0.75,1,616.062288
3.75,4,616.072761
6.25,15,616.118263
-5.25,13,616.171638
-0.25,2,616.180359
-15.5,23,616.261529
-2.0,14,616.304059
0.25,3,616.312646
-0.25,2,616.319314
-0.25,2,616.325097
-0.75,1,616.327986
6.25,15,616.366501
7.25,17,616.411274
10.5,19,616.461755
5.25,13,616.494661
10.0,20,616.544341
0.75,1,616.548311
-0.75,1,616.553207
4.25,8,616.575665
13.5,23,616.63234
5.75,14,616.668602
3.75,10,616.694271
9.25,17,616.736858
10.5,20,616.789163
9.0,18,616.835809
-0.25,2,616.840871
4.75,12,616.87162
0.75,1,616.874456
-15.0,15,616.912201
16.25,29,616.988113
7.25,17,617.041218
0.25,3,617.050514
2.25,7,617.07229
3.75,10,617.097943
0.75,1,617.100656
4.0,29,617.172715
0.25,3,617.180367
10.5,21,617.23213
-1.25,3,617.239664
11.25,22,617.294059
3.25,9,617.67653
-0.25,2,617.681564
7.75,18,617.731641
0.25,3,617.739761
1.25,5,617.752422
2.75,8,617.772476
