#{"t_start": 1788994989.4793754, "env_id": "None"}
r,l,t
1.25,5,3.21187
-0.25,2,3.216852
-0.25,2,3.22184
-1.25,3,3.228911
0.75,1,3.231647
0.25,3,3.239139
-0.25,2,3.244346
-0.75,1,3.247686
-0.75,1,3.250766
-0.75,1,3.253868
-0.75,1,3.256581
-0.25,2,3.262027
0.25,3,3.269639
-0.25,2,3.2755
-0.75,1,3.278295
-0.25,2,3.283448
2.25,4,3.293927
-0.75,1,3.297081
-0.75,1,3.30075
-0.25,2,3.307838
0.25,3,3.315468
-0.75,1,3.317971
0.25,3,3.325363
-0.75,1,3.328053
-2.75,6,3.341548
1.75,6,3.357126
0.75,1,3.359753
0.25,3,3.366947
2.25,7,3.382262
-0.25,2,3.386847
0.75,1,3.389417
-0.75,1,3.392094
0.25,3,3.399175
-0.25,2,3.404019
0.75,3,3.411108
0.75,1,3.41351
-0.75,1,3.416236
-0.75,1,3.419005
1.75,6,3.433234
-0.75,1,3.435667
-0.75,1,3.438126
0.25,3,3.44489
-0.75,1,3.44746
0.75,1,3.449933
1.25,3,3.45723
-1.25,1,3.46012
-0.25,2,3.466118
0.75,4,3.475891
-0.75,1,3.478505
-0.75,1,3.481318
-0.25,2,3.486536
-0.25,2,3.491731
-0.25,2,3.496701
0.75,4,3.505564
0.75,4,3.514145
-0.25,2,3.518456
-0.75,1,3.52077
-0.75,1,3.523131
-0.25,2,3.527479
5.75,14,3.557757
-0.75,1,3.560245
0.75,1,3.562551
-0.75,1,3.564957
1.25,5,3.577107
0.75,1,3.580052
-0.75,1,3.582711
-0.75,1,3.585331
-0.75,1,3.588098
0.25,3,3.595666
-0.25,2,3.600583
0.75,1,3.603262
-0.25,2,3.608089
-0.25,2,3.612831
-1.25,1,3.615448
-0.25,2,3.620219
0.75,4,3.62902
-0.75,1,3.63164
-0.25,2,3.636537
0.25,3,3.643422
-0.75,1,3.646073
-0.25,2,3.650967
-0.75,1,3.653574
-0.25,2,3.658332
0.75,1,3.66082
0.75,1,3.663176
-0.25,2,3.667821
-0.75,1,3.670321
-0.25,2,3.67499
-0.25,2,3.679677
0.75,1,3.682451
-0.75,1,3.685067
-0.75,1,3.687747
-0.75,1,3.69093
0.75,1,3.693766
-0.25,2,3.698898
0.75,1,3.701611
-0.25,2,3.70662
-0.25,2,3.711759
-0.75,1,3.714617
-0.75,1,3.717401
0.75,1,3.72011
-0.75,1,3.72283
-0.25,2,3.72769
-0.75,1,3.730509
0.75,1,3.733236
0.75,4,3.742845
0.75,1,3.745579
-2.25,4,3.755458
-0.25,2,3.761049
0.25,3,3.769551
-0.75,1,3.772745
0.75,1,3.776086
-0.25,2,3.782334
-1.25,3,3.790192
-0.25,2,3.795846
-0.75,1,3.798735
-0.25,2,3.804765
-0.75,1,3.808003
-0.25,2,3.81327
-0.75,1,3.815935
1.75,6,3.829635
-0.75,1,3.832199
-0.25,2,3.83699
-3.75,4,3.847633
-0.75,1,3.850145
-0.75,1,3.852775
-0.75,1,3.855494
-2.25,4,3.864911
-0.25,2,3.869629
-0.75,1,3.872209
-0.25,2,3.87707
-0.25,2,3.881707
-0.75,1,3.884136
0.75,1,3.886634
-0.25,2,3.891245
-0.75,1,3.893731
-0.25,2,3.898359
-0.75,1,3.900818
0.75,4,3.909782
0.75,1,3.912304
-0.25,2,3.916946
-0.25,2,3.92154
0.25,3,3.928597
-0.25,2,3.933156
0.75,1,3.935675
1.75,6,3.949027
-0.25,2,3.953609
-0.25,2,3.958358
-0.75,1,3.960814
-0.75,1,3.963406
-0.25,2,3.968082
0.75,1,3.970547
0.75,4,3.979676
-0.75,1,3.982117
0.25,3,3.988825
-0.25,2,3.99347
-0.75,1,3.995852
0.75,1,3.998372
-0.75,1,4.000812
-0.75,1,4.003278
-0.25,2,4.007876
0.25,3,4.014809
0.75,4,4.024156
-0.75,1,4.02684
2.75,4,4.03655
-0.75,1,4.039121
-0.75,1,4.04156
-0.75,1,4.044217
-0.75,1,4.046883
0.75,4,4.056563
-1.25,1,4.059145
-0.75,1,4.061794
-0.75,1,4.064439
-0.25,2,4.069279
0.75,1,4.071891
-0.25,2,4.076788
-0.75,1,4.079461
1.25,4,4.089035
-0.75,1,4.091976
0.75,1,4.095136
0.75,1,4.09801
-0.25,2,4.102916
-0.25,2,4.107753
0.75,1,4.110348
-1.25,3,4.117647
-0.75,1,4.120324
0.75,4,4.129539
0.75,1,4.132295
-0.75,1,4.135134
-0.25,2,4.14043
0.25,3,4.148093
-0.25,2,4.152884
-0.25,3,4.159723
-0.25,2,4.16438
-0.25,2,4.169145
-0.75,1,4.171568
1.75,6,4.184385
-0.75,1,4.186719
-0.25,2,4.191329
-0.25,2,4.196049
-0.75,1,4.198767
-0.75,1,4.201719
0.75,1,4.204703
0.75,1,4.207643
-1.25,3,4.215646
-0.75,1,4.218529
0.25,3,4.227343
0.75,3,4.237067
-0.25,2,4.242892
0.25,4,4.254432
-0.75,1,4.257871
-0.25,2,4.26341
-0.75,1,4.265926
0.75,4,4.275089
-0.25,2,4.279727
-0.75,1,4.282198
-0.25,2,4.286861
-0.75,1,4.289322
-0.25,2,4.29405
-0.75,1,4.296848
0.25,3,4.303921
0.75,1,4.306384
-0.75,1,4.309073
-0.75,1,4.311826
-0.25,2,4.317175
-0.25,2,4.323567
0.75,4,4.337188
-1.25,3,4.347636
-0.75,1,4.352001
0.75,1,4.356044
0.75,4,4.369941
-0.25,2,4.375168
-0.25,2,4.380336
-0.75,1,4.383115
-0.25,2,4.388104
-0.25,2,4.392833
3.25,6,4.406147
1.75,6,4.419547
-1.25,1,4.422103
-0.25,2,4.426782
-0.25,2,4.431504
-2.25,4,4.440399
-0.75,1,4.442934
1.25,5,4.453994
-0.25,2,4.458663
1.25,5,4.46993
-0.75,1,4.472522
-0.25,2,4.478199
0.75,4,5.186674
1.25,5,5.199319
-0.75,1,5.201812
-0.75,1,5.20435
-0.75,1,5.206869
-0.25,2,5.211631
0.25,3,5.218477
-0.75,1,5.220917
-0.75,1,5.223389
-0.75,1,5.225956
-0.75,1,5.228495
-0.25,2,5.233189
-1.25,3,5.24005
2.25,7,5.256956
-0.25,2,5.262865
0.25,3,5.270935
-0.25,2,5.275775
-0.25,2,5.280754
0.25,3,5.288036
0.75,4,5.297619
-0.25,2,5.302866
-0.75,1,5.30592
0.25,3,5.314124
0.25,3,5.321232
2.25,7,5.336867
-0.25,2,5.341485
-0.75,1,5.343997
0.75,4,5.353364
0.75,4,5.362662
0.25,3,5.369642
-0.25,2,5.374436
1.75,6,5.389183
0.25,3,5.396095
-0.25,2,5.400861
-0.25,2,5.405533
-0.75,1,5.408086
0.25,3,5.414873
-1.75,5,5.42527
-0.25,2,5.429691
-0.25,2,5.434107
0.75,1,5.436402
-0.25,2,5.440841
0.25,3,5.447343
-0.25,2,5.451736
2.25,4,5.460134
-4.75,8,5.476744
-5.25,7,5.493671
0.25,3,5.500629
0.25,3,5.507529
0.75,1,5.510035
-0.25,2,5.514757
0.25,3,5.521517
-0.75,1,5.523983
0.75,1,5.526499
-1.25,3,5.533084
0.75,4,5.541477
-3.25,8,5.557943
-0.75,1,5.560237
0.25,3,5.566599
0.75,1,5.569174
-0.25,2,5.573931
-0.25,2,5.578694
-0.25,2,5.583481
-0.25,2,5.588464
-0.75,1,5.591244
0.75,1,5.594049
-0.75,1,5.596843
-0.25,2,5.602146
-0.75,1,5.605494
0.25,3,5.61368
2.75,5,5.625703
-0.75,1,5.628412
-0.25,2,5.633356
-0.75,1,5.635959
-0.25,2,5.640897
-0.25,2,5.645847
-4.75,5,5.657421
-0.75,1,5.659923
1.25,5,5.671255
-0.25,2,5.675985
-0.75,1,5.678532
-0.75,1,5.681007
-0.75,1,5.683547
-0.75,1,5.686092
0.75,1,5.688886
-2.75,3,5.696414
0.25,3,5.705329
-0.75,1,5.708605
0.25,3,5.71692
1.25,5,5.730468
-0.25,2,5.736107
-0.25,2,5.741905
0.75,1,5.744854
0.75,4,5.755783
-0.25,2,5.762265
1.25,8,5.783139
0.25,3,5.790312
-0.75,1,5.793012
-0.75,1,5.795681
-0.75,1,5.798276
0.25,3,5.80577
-0.75,1,5.810407
1.25,5,5.823188
-0.25,2,5.828007
0.75,1,5.830493
-0.75,1,5.833011
-0.25,2,5.837699
-3.75,10,5.860303
1.75,6,5.87461
-1.25,1,5.877301
-0.25,2,5.882094
-0.75,1,5.884558
1.75,6,5.89818
-0.75,1,5.900774
-0.75,1,5.903328
-0.25,2,5.908377
-0.25,2,5.913954
0.75,1,5.916697
-0.75,1,5.919277
-0.25,2,5.924601
0.25,3,5.932193
-0.25,2,5.936918
0.75,4,5.945971
0.75,1,5.948544
-0.25,2,5.953328
0.75,1,5.95586
-0.75,1,5.958443
0.25,3,5.965589
-0.25,2,5.970386
-0.75,1,5.972913
-0.25,2,5.977714
-0.75,1,5.980336
1.75,5,5.991833
0.25,3,5.998781
-0.75,1,6.001312
-0.25,2,6.005995
-0.75,1,6.008381
-0.25,2,6.013061
-0.25,2,6.017751
0.75,1,6.020199
0.75,3,6.027126
-0.25,2,6.031952
0.25,3,6.039886
-0.75,1,6.042618
-0.75,1,6.045225
0.75,1,6.047718
0.75,1,6.050384
-0.75,1,6.05306
1.75,6,6.066693
-0.25,2,6.071438
0.25,3,6.078448
-1.25,3,6.085415
-1.25,3,6.092482
-0.25,2,6.097265
0.75,1,6.099828
-0.75,1,6.102225
-0.75,1,6.104583
3.75,10,6.126395
-0.25,2,6.130687
-0.75,1,6.133043
-0.25,2,6.137527
-0.25,2,6.142547
-0.25,2,6.147622
-0.75,1,6.150367
0.25,3,6.157666
-0.25,3,6.16448
-0.25,2,6.169094
0.75,4,6.177999
-1.25,1,6.180411
-0.75,1,6.182884
0.25,3,6.1893
-0.25,2,6.195211
-0.25,2,6.200115
-0.25,2,6.205166
-0.75,1,6.20789
-0.25,2,6.212714
-0.75,1,6.215492
-0.75,1,6.217938
0.75,4,6.22721
-1.25,3,6.234502
-0.25,2,6.239283
0.25,3,6.246214
-0.75,1,6.248718
0.25,3,6.255758
0.75,1,6.258549
0.75,1,6.261412
-0.25,2,6.266987
-1.25,3,6.276753
-0.25,2,6.282655
-0.75,1,6.285632
0.25,3,6.292818
-0.75,1,6.295452
-0.25,2,6.300233
0.75,4,6.309867
-0.75,1,6.312613
3.75,10,6.335715
-0.25,2,6.340707
-2.25,4,6.3506
-0.25,2,6.356245
0.75,1,6.359099
-0.75,1,6.361845
-0.75,1,6.366107
0.25,3,6.374391
-0.25,2,6.380253
-0.75,1,6.384064
-0.25,2,6.389619
0.75,1,6.392295
-0.75,1,6.395226
-1.25,3,6.402504
-0.75,1,6.405188
0.25,3,6.412264
-0.25,2,6.416884
0.75,1,6.419297
0.25,3,6.42577
-0.75,1,6.428238
-0.75,4,6.731041
-0.25,2,6.73685
-0.25,2,6.742645
0.75,4,6.753536
-0.75,1,6.756376
-0.75,1,6.75923
-0.75,1,6.761983
0.75,4,6.772671
-0.25,2,6.778165
0.75,4,6.788831
-0.75,1,6.791762
1.75,6,6.807709
-1.25,3,6.815871
0.25,3,6.824118
1.25,5,6.838226
3.25,6,6.853138
-0.25,2,6.85835
-0.25,2,6.863532
0.75,1,6.866229
0.75,1,6.869037
-0.25,2,6.874332
-0.25,2,6.879595
-0.25,2,6.8845
-0.25,2,6.889745
1.75,6,6.905022
-2.25,4,6.915251
5.25,13,6.948735
0.25,3,6.956501
0.75,4,6.966774
-0.25,2,6.972021
1.25,5,6.984676
-1.25,3,6.992517
2.75,8,7.012668
-0.25,2,7.0182
-0.25,2,7.023683
-0.75,1,7.026447
-0.25,2,7.031714
-0.25,2,7.036935
-0.75,1,7.039875
-0.75,1,7.042736
1.25,5,7.055906
0.75,1,7.05902
-0.75,1,7.062034
2.75,8,7.082652
0.25,3,7.090139
-0.25,2,7.095404
1.75,6,7.112841
-0.25,2,7.118627
-1.25,3,7.12655
-0.75,1,7.129372
-0.75,1,7.132258
-2.25,4,7.143483
-0.75,1,7.146353
0.25,3,7.153993
0.75,4,7.164309
-0.25,2,7.170585
-8.25,10,7.196785
-0.75,1,7.199594
3.75,8,7.219896
2.25,4,7.230772
1.75,3,7.238456
1.75,6,7.253638
-3.25,5,7.266251
-0.75,1,7.269134
-0.75,1,7.271899
1.75,6,7.288735
-0.25,2,7.294328
1.25,5,7.307086
-0.25,2,7.312199
4.75,10,7.336957
-0.25,2,7.342136
-0.75,1,7.344915
-0.25,2,7.350367
-0.25,2,7.355844
-0.75,1,7.35842
-2.75,6,7.374342
-0.75,1,7.377153
1.25,5,7.389669
-0.75,1,7.392707
-0.75,1,7.395462
5.25,10,7.421193
0.75,1,7.423987
4.25,7,7.441354
-0.75,1,7.44413
-0.25,2,7.449343
-15.25,17,7.491417
-0.75,1,7.494282
-0.25,2,7.500273
-0.75,1,7.503389
0.25,3,7.511251
-0.25,2,7.516707
-0.25,2,7.522094
2.25,7,7.539397
-0.25,2,7.544463
0.75,3,7.551709
-0.25,2,7.557162
0.75,1,7.55987
0.25,3,7.567502
2.25,7,7.585287
-0.75,1,7.588074
3.25,7,7.606178
0.75,3,7.615344
0.25,3,7.623216
0.25,3,7.63045
1.75,6,7.645438
-0.75,1,7.648067
-0.75,1,7.650786
-0.25,2,7.656057
1.75,3,7.663932
-0.25,2,7.669267
-1.25,1,7.67202
0.25,3,7.679622
0.75,1,7.682357
-0.75,1,7.685184
-0.75,1,7.687965
0.75,1,7.69051
1.25,5,7.702924
4.75,9,7.726389
-2.75,3,7.735037
4.75,12,7.767429
0.75,3,7.776079
0.25,3,7.784943
-0.25,2,7.790835
-1.25,1,7.794129
-0.75,1,7.797351
0.75,4,7.808863
0.75,1,7.811951
-0.75,1,7.814986
1.25,5,7.829119
1.25,5,7.843709
0.25,3,7.85211
-0.25,2,7.857979
-0.25,2,7.863758
0.25,3,7.871825
-1.25,3,7.88025
-0.25,2,7.886514
-4.75,5,7.900775
-2.75,3,7.909237
6.25,10,7.936754
0.25,3,7.945624
1.25,5,7.961091
0.75,1,7.964262
-0.75,1,7.967456
-0.25,2,7.972975
0.25,3,7.980889
1.25,5,7.994415
1.75,6,8.009998
-0.25,2,8.01525
-0.75,1,8.018184
-4.25,6,8.034138
-0.25,2,8.039374
-0.25,2,8.044472
0.75,1,8.047093
-0.25,2,8.05239
0.75,1,8.055293
-0.25,2,8.060536
-0.75,1,8.063511
-0.75,1,8.067972
0.75,1,8.071405
1.25,5,8.085402
-0.75,1,8.088454
0.75,3,8.096633
0.75,1,8.0995
-0.75,1,8.417436
1.25,5,8.429086
1.25,5,8.440517
-0.25,2,8.445695
-0.25,2,8.450881
3.25,9,8.473964
1.75,6,8.489488
0.75,7,8.509709
-0.25,2,8.515173
-0.75,1,8.518377
0.25,3,8.526574
-0.25,2,8.532227
0.75,1,8.535188
-0.25,2,8.540296
-0.75,1,8.543192
0.25,3,8.550969
-0.75,1,8.553889
-0.25,2,8.559291
-0.75,1,8.562205
-0.75,1,8.565045
-0.25,2,8.570291
0.25,3,8.578373
-0.25,2,8.583589
0.25,3,8.591342
0.75,4,8.60176
0.75,4,8.612094
0.25,3,8.623297
-1.25,3,8.637337
-6.25,8,8.671849
-0.25,2,8.680926
-0.25,2,8.689568
1.25,5,8.7104
-0.75,1,8.715034
-0.25,2,8.723944
-0.25,2,8.730658
-0.75,1,8.733842
0.75,4,8.746058
-0.75,1,8.749432
-0.75,1,8.7525
5.75,14,8.79795
0.75,4,8.808226
-0.25,2,8.813431
-0.25,3,8.821069
-0.25,3,8.828973
-0.25,2,8.834605
-0.25,2,8.84035
3.75,10,8.86948
0.75,4,8.880003
-0.75,1,8.882791
-0.25,2,8.888185
0.75,4,8.898378
0.75,1,8.901124
-0.75,1,8.903815
0.75,4,8.914365
-1.25,3,8.922188
0.75,4,8.932331
-0.25,2,8.937498
2.25,4,8.948663
-0.75,1,8.951662
0.75,4,8.96352
-0.75,1,8.966481
-15.25,17,9.009688
-0.25,2,9.014921
0.25,6,9.032207
-2.25,7,9.050279
-2.25,4,9.060499
-0.75,1,9.063336
-0.75,1,9.066119
-0.25,2,9.072625
6.75,9,9.09637
-0.25,2,9.101636
-0.75,1,9.104386
-0.25,2,9.109757
-0.25,2,9.115708
-0.75,1,9.118713
-1.25,6,9.13386
-0.75,1,9.136495
-3.25,11,9.164132
1.25,3,9.171769
-0.75,1,9.174713
-0.75,1,9.177461
2.75,8,9.199461
3.25,9,9.222061
0.75,5,9.234626
4.75,12,9.265286
-0.75,1,9.268096
1.25,5,9.280774
0.75,4,9.290982
-0.75,1,9.293849
-4.75,5,9.308052
-4.75,5,9.321509
-3.25,8,9.341719
0.25,3,9.349511
-0.25,2,9.35554
0.75,4,9.365944
0.25,3,9.374172
-0.75,1,9.376954
-0.25,2,9.382186
3.25,9,9.406246
-0.75,1,9.409289
4.75,12,9.439206
-0.75,1,9.442082
-0.75,1,9.445111
-0.25,2,9.450361
-0.75,1,9.453209
-0.75,1,9.45596
-0.25,2,9.461285
0.75,4,9.471017
-0.75,7,9.488628
-0.25,2,9.49365
-0.25,2,9.498934
1.75,6,9.515838
-0.25,2,9.52192
0.75,3,9.530178
-0.25,2,9.535492
-5.25,7,9.553195
-0.75,1,9.555981
1.25,5,9.56911
-1.25,3,9.577055
-0.75,1,9.57976
0.75,1,9.582524
1.25,5,9.595194
2.75,8,9.61503
-0.75,1,9.617948
0.25,3,9.625835
-1.25,3,9.634177
-0.25,2,9.639731
-0.75,1,9.642445
-0.75,1,9.645285
0.75,4,9.65559
0.75,4,9.665753
0.75,4,9.675971
0.75,4,9.686516
-0.75,1,9.689473
0.25,3,9.697204
0.75,1,9.70023
-0.75,1,9.7031
-0.75,1,9.706083
-0.25,2,9.71155
-1.25,3,9.719303
-2.25,10,9.752424
0.25,3,9.76413
8.75,20,9.815836
-0.25,2,9.821096
0.25,3,9.82857
-0.75,1,9.831233
-0.75,1,9.833752
-14.25,16,10.198979
-0.25,2,10.204747
0.75,4,10.215553
3.25,9,10.238719
4.75,12,10.269398
-0.75,1,10.272179
-1.25,3,10.28129
-0.25,2,10.287084
0.75,4,10.297971
3.25,11,10.3285
-0.25,2,10.33407
0.75,1,10.336991
-2.25,4,10.347932
1.75,6,10.364924
1.25,5,10.378142
0.75,1,10.380919
1.25,3,10.388539
2.25,7,10.407459
-0.25,2,10.413595
-0.25,2,10.419391
-0.75,1,10.422352
-0.25,2,10.427831
-0.25,2,10.433304
-0.25,2,10.438609
-2.25,4,10.448199
-0.25,2,10.453699
-0.25,2,10.458707
2.25,5,10.470841
3.75,7,10.487859
-10.25,12,10.517897
1.75,5,10.531832
2.25,7,10.549221
1.75,12,10.579872
0.75,1,10.582628
0.75,3,10.590019
-0.25,2,10.59545
0.75,1,10.598347
0.25,3,10.605653
0.75,3,10.613286
-0.75,1,10.615788
0.25,3,10.623561
-11.25,13,10.657718
-0.75,1,10.660675
-0.25,2,10.665989
2.75,5,10.678104
-0.25,2,10.68318
0.75,1,10.685772
-0.25,2,10.690989
2.25,7,10.707982
3.75,10,10.73148
-0.75,1,10.734048
-0.25,2,10.739713
3.75,10,10.766046
2.25,10,10.793536
1.25,5,10.807223
0.75,4,10.818012
-0.75,1,10.820895
-0.25,2,10.826105
-0.25,2,10.831405
-0.75,1,10.836429
0.25,3,10.8444
4.25,14,10.885218
-0.25,2,10.890617
-0.75,1,10.893484
0.25,3,10.901022
3.25,8,10.920543
-0.25,2,10.925706
-2.25,4,10.935594
-0.75,1,10.938132
2.25,7,10.959957
1.75,6,10.976923
3.75,7,10.995734
-0.25,3,11.003749
1.75,3,11.011405
-1.25,1,11.014167
0.75,1,11.016925
0.75,4,11.027259
-0.75,1,11.03009
0.25,3,11.038292
1.25,5,11.051489
-0.75,1,11.054233
-1.25,3,11.061875
0.25,3,11.069297
0.75,4,11.079749
1.75,6,11.096866
0.75,4,11.107313
1.25,5,11.120161
-0.25,2,11.125225
-0.25,2,11.130443
-0.25,2,11.135648
-0.25,2,11.140877
0.75,4,11.15005
0.25,3,11.158197
-0.25,2,11.163607
-0.25,2,11.169046
1.75,6,11.183553
-0.25,2,11.188409
-4.25,6,11.204116
4.75,12,11.234863
-0.75,1,11.237688
-0.25,2,11.243046
1.25,5,11.25519
2.75,8,11.274538
-0.25,2,11.279536
0.25,3,11.287958
2.75,8,11.309118
-0.25,2,11.316046
1.25,5,11.332259
-0.25,2,11.338296
-0.75,1,11.341511
-0.75,1,11.344707
1.25,5,11.363186
2.75,8,11.38341
-0.25,2,11.390111
-0.75,1,11.39414
0.75,4,11.405333
-0.25,2,11.410617
0.75,4,11.422885
0.75,1,11.425769
0.75,4,11.435956
1.75,6,11.451954
-4.25,6,11.467018
3.25,9,11.489377
-0.75,1,11.492175
4.25,8,11.511882
4.75,9,11.850381
0.75,1,11.85324
0.25,3,11.861265
0.75,1,11.864261
-0.25,2,11.871061
0.25,3,11.879657
0.75,1,11.883086
1.25,8,11.906591
-1.25,3,11.916179
2.75,5,11.929532
-0.75,1,11.932412
-0.75,1,11.935212
-0.75,1,11.938117
3.75,11,11.96629
2.75,8,11.988669
-0.25,2,11.994268
1.75,6,12.011528
-0.25,2,12.017514
-0.25,2,12.023221
2.75,8,12.044708
-0.25,2,12.050261
1.75,6,12.066879
1.25,5,12.081631
-0.25,2,12.088993
0.75,4,12.101413
0.25,3,12.110444
-0.75,1,12.113818
-0.25,2,12.119873
0.75,1,12.122936
2.75,5,12.137577
-0.25,2,12.14346
0.75,1,12.146452
0.25,3,12.154423
0.75,1,12.157215
-0.25,2,12.162369
0.75,4,12.172529
-0.25,2,12.177865
-0.25,11,12.207213
-0.75,1,12.210372
-8.25,10,12.235979
-0.75,1,12.238701
2.25,7,12.257345
-0.25,2,12.263075
-0.75,1,12.265857
-0.25,2,12.271093
-0.25,2,12.276555
-1.25,1,12.279178
4.25,11,12.307214
0.75,1,12.311162
0.25,3,12.319264
0.25,3,12.328091
-0.25,2,12.33345
6.25,12,12.364659
-0.75,1,12.367497
-2.25,4,12.377891
1.75,6,12.39285
-2.25,4,12.40262
0.75,4,12.412989
0.75,4,12.423674
-0.75,1,12.427209
-0.75,1,12.430228
-14.25,16,12.469901
0.25,3,12.477651
1.75,6,12.492906
-0.75,1,12.495658
0.75,1,12.498373
0.25,3,12.505897
-2.75,21,12.55837
0.25,3,12.566065
2.25,7,12.583626
-0.75,1,12.5863
3.25,9,12.609524
-1.25,3,12.617
-0.25,2,12.621928
3.25,9,12.644167
-0.25,2,12.649725
-1.25,3,12.657942
-0.25,2,12.663399
-0.75,1,12.666224
0.75,4,12.676295
-0.75,1,12.679101
0.25,3,12.686594
1.25,5,12.698484
0.25,3,12.706272
-0.25,2,12.711549
-0.25,2,12.716894
-1.25,6,12.731773
0.25,3,12.739301
-2.25,4,12.749457
0.75,4,12.75998
0.75,1,12.763161
1.25,5,12.777887
2.75,8,12.799018
-0.75,1,12.805857
-0.25,2,12.814183
2.25,7,12.832716
0.25,3,12.840421
1.25,5,12.852913
3.75,10,12.881138
-0.75,1,12.884086
0.25,3,12.892201
4.25,10,12.919077
0.25,3,12.926879
0.25,3,12.934877
-0.25,2,12.940234
-0.75,1,12.943015
3.25,9,12.965941
-0.75,1,12.968878
0.75,1,12.97176
-0.75,1,12.974675
-0.75,1,12.97784
-0.25,2,12.983743
1.75,7,13.001938
2.25,7,13.01995
-1.25,3,13.027889
2.75,8,13.046932
-1.25,3,13.054557
2.75,8,13.074947
-0.75,1,13.077992
-2.25,4,13.088876
-0.75,1,13.092124
-0.75,1,13.095306
1.25,5,13.108429
2.75,7,13.126407
0.25,3,13.13448
0.25,3,13.142058
-0.75,1,13.145028
3.75,10,13.168993
0.75,1,13.171716
-0.75,1,13.17443
0.25,3,13.181835
-0.75,1,13.18458
0.75,1,13.187276
-0.25,2,13.192078
-0.75,1,13.194725
-0.25,2,13.200213
0.75,1,13.203279
0.75,1,13.20644
-0.75,1,13.52153
-0.75,1,13.524582
-3.25,5,13.537862
0.25,3,13.545935
-0.75,1,13.548782
0.75,1,13.551869
0.75,1,13.554919
0.25,3,13.563044
-0.75,1,13.565994
1.25,5,13.579164
-0.25,2,13.584747
0.25,3,13.592829
0.25,3,13.600864
1.25,5,13.613906
1.75,6,13.629388
-0.75,1,13.632302
0.25,3,13.640509
-0.25,2,13.646139
1.75,6,13.661634
0.75,3,13.669659
4.25,11,13.695814
-0.25,2,13.701347
-0.25,2,13.706645
0.75,1,13.709415
-0.25,2,13.714627
-0.75,1,13.717429
0.25,3,13.725134
6.5,13,13.756463
-0.75,1,13.75932
0.75,1,13.762093
-0.75,1,13.764793
2.25,7,13.783129
-0.75,1,13.785874
0.25,3,13.793496
-0.25,2,13.798697
-0.75,1,13.80143
3.25,9,13.82664
3.75,10,13.853353
1.25,5,13.866146
-0.75,1,13.86901
-1.25,3,13.876748
6.0,12,13.907223
-0.25,2,13.912638
8.25,19,13.961954
0.25,3,13.969814
1.75,4,13.980146
0.75,1,13.982936
0.75,1,13.985921
1.25,5,14.000026
0.75,4,14.010302
-0.75,1,14.013125
3.75,4,14.023361
1.75,6,14.038384
1.25,5,14.051291
6.75,16,14.091245
-0.75,1,14.094256
-3.25,5,14.107937
-2.75,12,14.137735
-0.75,1,14.140509
4.25,11,14.168249
6.25,15,14.205794
1.75,6,14.222033
-0.75,1,14.224907
4.75,12,14.255974
1.25,5,14.268897
-0.25,2,14.274163
-0.75,1,14.276909
1.75,4,14.287022
0.75,4,14.29704
2.25,6,14.311522
-1.25,3,14.31946
-0.25,2,14.324855
0.75,1,14.327676
8.75,20,14.377785
-0.75,1,14.380733
-1.25,3,14.388505
9.25,17,14.431651
1.75,6,14.448266
-0.75,1,14.451388
-0.25,2,14.456643
-1.25,1,14.459297
0.75,1,14.462294
0.75,1,14.465132
0.75,4,14.475659
-0.75,1,14.478496
0.75,4,14.488456
2.75,8,14.508101
-0.75,1,14.510701
-0.25,2,14.515591
-0.25,2,14.52152
-0.75,1,14.524448
0.75,4,14.534883
-0.25,2,14.539909
3.25,9,14.562029
0.75,4,14.573028
0.25,3,14.580895
0.75,1,14.583733
0.75,1,14.586564
-0.25,2,14.591449
0.75,4,14.601617
-1.25,3,14.609768
-0.25,2,14.615204
1.25,5,14.627537
0.75,5,14.639586
-0.25,2,14.645126
3.25,9,14.667993
-0.25,2,14.674266
-3.75,4,14.684674
-2.25,4,14.695131
0.75,4,14.705763
1.25,5,14.718682
-0.75,1,14.721407
-0.25,2,14.72681
1.75,6,14.743149
1.25,5,14.757166
7.75,18,14.806517
0.75,4,14.817079
-0.75,1,14.819819
-0.75,1,14.822611
0.75,1,14.825537
2.25,7,14.843446
0.75,1,14.84615
9.25,21,15.241364
2.75,8,15.266403
8.25,19,15.323276
0.25,3,15.332623
0.75,4,15.344617
1.25,5,15.361051
7.25,16,15.402608
12.25,26,15.467217
-0.25,2,15.472454
1.75,6,15.487468
-0.25,2,15.492837
0.75,4,15.503067
-0.25,2,15.508128
-0.75,1,15.510896
-2.25,4,15.520972
4.25,12,15.55033
-0.75,1,15.552987
-0.25,2,15.558023
-0.75,1,15.560637
0.25,3,15.568096
-0.75,1,15.570889
1.25,5,15.584008
-0.25,11,15.611971
0.25,3,15.619939
5.25,14,15.65578
1.75,6,15.671283
0.75,4,15.681712
-0.25,2,15.687438
1.25,5,15.700399
-0.25,2,15.705603
0.25,3,15.713069
5.75,10,15.737345
-0.25,2,15.742995
5.75,14,15.782165
-0.25,2,15.788287
-0.75,1,15.79156
7.25,17,15.835238
-0.75,1,15.838015
1.25,3,15.84547
-0.25,2,15.850664
0.25,3,15.857988
-3.25,5,15.87051
-1.25,1,15.873052
0.25,3,15.880752
0.75,1,15.883526
0.75,1,15.886269
-1.75,11,15.913124
-0.75,1,15.916186
-0.75,1,15.919235
2.25,7,15.936174
0.25,3,15.943744
1.25,5,15.956674
-0.75,1,15.95953
-0.25,2,15.964494
0.75,4,15.974705
5.25,13,16.010149
1.25,5,16.023989
6.5,13,16.056631
-0.25,2,16.061952
-0.75,1,16.064703
0.75,1,16.067612
0.75,4,16.077875
-0.25,2,16.082877
-4.25,6,16.097839
1.25,5,16.110237
-0.25,2,16.115567
-0.25,5,16.129217
-0.25,2,16.134442
6.75,16,16.174242
-1.25,3,16.181815
1.75,6,16.196791
0.75,1,16.199526
-0.25,2,16.20477
-0.25,2,16.209887
-0.25,2,16.214819
-0.25,2,16.219705
0.25,3,16.227621
0.25,3,16.236684
-0.75,1,16.240103
0.75,1,16.243188
-3.25,5,16.259159
3.75,10,16.288922
2.75,8,16.311123
-5.25,7,16.331142
-0.75,1,16.334399
2.75,7,16.355153
2.75,5,16.369712
-1.25,3,16.379122
0.25,3,16.387867
0.75,1,16.390749
0.25,3,16.398664
-0.25,2,16.403929
1.75,5,16.416763
0.75,1,16.419703
0.25,3,16.427371
-0.25,2,16.432374
1.25,5,16.445546
-0.25,2,16.451168
-1.25,1,16.454086
0.75,1,16.457071
0.75,1,16.460517
6.5,13,16.498248
2.25,4,16.509284
-0.25,8,16.532004
0.75,1,16.535141
-0.25,2,16.540977
0.25,3,16.549773
3.75,10,16.950535
3.25,10,16.995272
1.25,5,17.018106
-0.75,1,17.023536
4.75,9,17.059402
-0.25,2,17.064922
0.75,4,17.075539
4.25,11,17.103753
-2.75,3,17.111719
-1.25,3,17.119132
-1.75,5,17.131885
0.75,1,17.135214
1.25,5,17.149497
7.75,17,17.191981
0.25,3,17.199733
-0.25,2,17.204998
-0.75,1,17.207731
1.25,5,17.220478
-0.75,1,17.223205
-0.75,1,17.226053
14.5,26,17.291967
3.75,10,17.316892
5.25,10,17.342957
1.75,6,17.358537
4.25,11,17.386779
0.75,4,17.397489
1.75,6,17.411907
-3.25,5,17.424268
7.25,17,17.467195
-10.25,12,17.497536
2.75,5,17.510142
3.75,6,17.525376
0.75,1,17.528113
-2.75,3,17.535844
0.75,1,17.538608
0.25,3,17.546077
-0.25,2,17.551209
-11.75,18,17.595775
0.25,3,17.603553
1.25,5,17.615757
5.75,15,17.652265
0.25,3,17.659974
1.25,5,17.674604
-1.25,3,17.682417
5.75,14,17.71803
9.25,21,17.770424
0.75,4,17.780735
-2.25,4,17.791061
5.75,14,17.827412
-0.25,2,17.832878
0.75,1,17.835558
-0.75,1,17.838484
0.75,4,17.849705
0.75,4,17.859865
5.25,13,17.891983
1.25,5,17.904693
-0.75,1,17.907622
11.75,22,17.964236
2.25,7,17.982441
7.25,17,18.028461
1.75,6,18.044881
5.25,13,18.078677
0.75,1,18.081687
-0.25,2,18.087684
-0.75,1,18.090917
-3.25,8,18.110926
0.75,1,18.113656
-5.75,6,18.128727
0.25,3,18.137458
7.75,18,18.182662
-1.25,3,18.189959
-0.25,2,18.194966
-0.75,1,18.197878
5.25,13,18.23079
4.25,8,18.251886
0.25,3,18.259749
1.75,6,18.275384
0.25,3,18.282687
-2.25,4,18.292892
8.0,16,18.648252
-5.25,7,18.666303
1.25,5,18.680378
0.25,3,18.689828
10.5,21,18.745924
-1.75,5,18.758662
2.25,7,18.776207
-1.25,3,18.783577
0.75,4,18.793174
0.25,3,18.800561
4.25,11,18.829559
-0.25,2,18.834966
0.75,4,18.845081
1.75,6,18.859584
-1.25,12,18.888874
-1.25,3,18.896211
0.25,3,18.903891
-0.75,1,18.906688
-0.75,1,18.909647
1.75,6,18.924764
6.75,10,18.948432
2.25,7,18.967162
5.25,10,18.995201
-0.75,1,18.998739
-0.75,1,19.002101
4.75,9,19.0252
0.25,3,19.033577
4.75,12,19.064308
-0.25,2,19.06951
7.25,17,19.113368
4.25,8,19.133622
-6.25,8,19.155316
-0.25,2,19.161237
6.0,12,19.191432
3.75,10,19.217031
-3.75,4,19.22776
1.25,5,19.243109
-11.75,21,19.307496
-0.75,1,19.310317
-0.25,2,19.315688
-1.75,8,19.336668
-0.25,2,19.341992
-0.25,2,19.34731
7.25,17,19.391606
0.25,4,19.402335
2.75,8,19.422143
10.25,23,19.480807
3.75,10,19.50744
-2.25,4,19.51784
3.75,10,19.542735
-1.25,1,19.545632
0.25,3,19.553216
1.75,6,19.568328
-13.0,13,19.603755
4.25,11,19.631424
-2.25,4,19.641591
-0.75,1,19.644606
-11.25,13,19.676639
-14.25,16,19.718991
-0.25,2,19.724844
-18.25,20,19.776189
0.25,4,19.786444
5.75,14,19.821655
0.25,4,19.833924
-0.75,1,19.836701
7.5,15,19.875193
-0.75,1,19.877956
-8.25,16,19.91908
0.75,1,19.92181
0.75,1,19.92472
-1.25,3,19.932569
2.25,7,19.950014
-1.25,3,20.270592
2.25,7,20.288488
1.25,5,20.301778
-0.25,2,20.306989
-0.75,1,20.309712
0.75,1,20.312658
-1.25,3,20.320526
0.25,3,20.328509
0.75,4,20.339091
-0.75,1,20.341916
-0.75,1,20.344785
-0.75,1,20.34771
-0.25,2,20.353661
0.25,3,20.362245
-2.25,4,20.373474
1.25,5,20.388431
-0.25,2,20.394917
0.25,3,20.403072
9.25,19,20.451489
0.75,4,20.462755
0.75,5,20.476648
-1.25,3,20.485145
4.75,12,20.519068
-0.25,2,20.524476
-4.25,6,20.539705
3.75,9,20.565009
0.25,6,20.579843
0.75,1,20.58262
2.25,7,20.600238
-0.25,2,20.60542
0.75,1,20.608212
-4.25,6,20.623456
-0.75,1,20.626163
-0.75,1,20.628991
6.75,16,20.668027
-5.75,12,20.695921
0.75,3,20.704317
-0.25,2,20.70978
0.25,3,20.718117
-3.75,4,20.728089
-0.25,2,20.733237
-5.25,7,20.750459
3.25,9,20.773241
-1.25,3,20.781917
0.75,1,20.784785
6.25,15,20.824102
4.25,11,20.852427
0.25,4,20.862385
0.25,3,20.869892
2.75,8,20.889847
0.75,1,20.892591
0.25,3,20.899978
-0.25,2,20.905001
1.25,5,20.916932
-1.25,1,20.919553
-0.25,2,20.924536
2.75,8,20.944121
0.75,5,20.956865
-0.75,1,20.959602
-0.75,1,20.962393
1.75,6,20.976939
0.25,3,20.984365
-3.75,4,20.993517
-1.25,12,21.024425
2.25,7,21.043401
9.75,22,21.107817
-3.25,5,21.123952
-0.75,1,21.127035
-0.25,2,21.132747
-0.25,2,21.13845
5.25,13,21.178389
2.25,7,21.196282
2.75,8,21.217659
4.25,11,21.245094
-0.75,1,21.247808
3.75,8,21.268019
0.75,1,21.271092
-0.75,1,21.275041
0.75,1,21.278834
1.75,6,21.294273
-0.75,1,21.296903
-3.75,4,21.306971
10.25,23,21.365985
-0.75,1,21.368707
3.75,10,21.396426
2.75,8,21.417984
-0.25,2,21.42304
-4.75,14,21.458453
2.75,14,21.493958
3.25,9,21.5185
1.75,14,21.553119
6.25,15,21.589785
-0.25,2,21.595135
1.25,5,21.608261
-0.75,1,21.611486
5.25,13,21.947837
1.75,6,21.963698
-2.25,4,21.974074
-0.25,2,21.979637
-1.25,1,21.982469
0.75,4,21.992598
0.25,3,22.000686
-22.75,23,22.060204
4.25,11,22.089006
2.75,8,22.109082
-1.25,3,22.117009
-0.75,1,22.119555
-0.25,2,22.124441
1.25,5,22.137241
4.75,12,22.166971
0.75,4,22.177894
6.25,15,22.215312
4.25,8,22.235354
1.75,5,22.24785
0.25,3,22.255729
0.75,4,22.266266
-0.75,1,22.269078
6.75,16,22.309644
1.75,6,22.32483
-0.25,3,22.33265
2.25,7,22.35159
8.25,11,22.379681
3.75,10,22.406566
9.0,18,22.451704
9.5,19,22.501245
-0.25,3,22.509303
-0.75,1,22.512172
-6.25,8,22.531847
-0.25,2,22.537044
3.25,9,22.559646
0.25,3,22.567137
-0.75,1,22.56977
2.75,8,22.58921
4.25,11,22.616558
-0.25,2,22.622352
0.25,3,22.630305
-0.75,1,22.633165
4.75,12,22.663538
-1.25,3,22.671124
0.25,3,22.678853
-0.75,1,22.681613
-0.25,2,22.686932
-1.25,1,22.689714
5.25,13,22.721505
9.5,19,22.770077
-0.75,1,22.772873
1.25,5,22.78581
-0.25,2,22.791004
-0.25,2,22.796169
-0.75,1,22.798956
-0.25,2,22.804294
3.25,9,22.826856
8.25,17,22.870102
0.75,1,22.872648
1.25,5,22.885083
-0.75,1,22.887716
-0.75,1,22.890495
5.25,10,22.914864
-0.25,2,22.920244
7.75,18,22.969292
1.25,5,22.98207
-1.25,3,22.989932
5.25,9,23.012743
-0.75,1,23.015636
-0.25,2,23.021286
0.25,3,23.029787
0.75,1,23.032906
0.25,3,23.040865
1.75,6,23.056504
7.75,18,23.104357
6.25,15,23.142592
-0.75,1,23.145427
0.25,3,23.153441
-0.25,2,23.158845
1.75,6,23.173728
-0.75,1,23.17674
-0.25,2,23.182648
3.25,7,23.200591
0.25,12,23.230368
4.75,12,23.576159
0.25,3,23.584345
0.75,1,23.58725
12.0,18,23.633936
-0.75,1,23.637043
8.25,13,23.670272
5.25,13,23.704103
0.75,1,23.707222
5.25,13,23.74277
-2.25,4,23.753401
3.75,10,23.778654
-12.25,14,23.812878
-19.0,19,23.862446
-0.75,1,23.865289
1.25,3,23.873548
-0.25,2,23.878887
8.25,17,23.92165
-0.75,1,23.92462
-2.25,4,23.93496
0.25,3,23.942674
7.25,13,23.976785
-0.25,2,23.982115
0.25,3,23.989794
9.5,13,24.022064
-0.75,1,24.025071
0.75,1,24.028162
2.75,8,24.049323
-0.25,2,24.056303
11.25,20,24.107641
0.75,1,24.110185
0.75,1,24.112767
-1.25,3,24.12064
-9.25,11,24.147815
-0.25,2,24.153374
13.25,21,24.209301
3.75,16,24.247833
-0.75,1,24.250446
5.75,9,24.272907
0.75,1,24.275696
-5.75,6,24.309025
0.75,4,24.32703
-0.25,2,24.333338
1.25,5,24.346318
-0.75,1,24.348955
0.75,1,24.351764
1.25,5,24.366917
0.25,3,24.374863
6.75,22,24.435353
0.75,1,24.438054
3.25,8,24.458189
5.75,11,24.485226
0.75,4,24.495353
0.75,4,24.505473
0.75,1,24.508356
10.25,21,24.559715
0.25,3,24.567653
9.0,18,24.612229
1.75,4,24.622938
11.5,22,24.678021
-0.25,5,24.690015
2.25,7,24.709891
0.75,4,24.721884
0.25,4,24.733572
4.25,11,24.771567
-0.75,1,24.775176
-0.75,1,24.778451
4.25,11,24.81002
-0.25,2,24.816118
-19.75,23,24.89176
9.5,19,25.31335
0.25,3,25.321326
2.75,14,25.362693
0.25,3,25.372013
-0.75,1,25.375036
-0.25,2,25.380591
-1.25,3,25.388611
0.25,3,25.396694
8.25,18,25.442667
-0.75,1,25.44556
0.75,1,25.448494
0.75,1,25.451397
-0.25,2,25.456953
-8.75,12,25.487516
-0.25,2,25.492883
-0.25,2,25.498361
0.75,3,25.506116
5.75,11,25.533661
7.5,18,25.579987
-0.25,2,25.585447
-0.25,2,25.59066
0.75,1,25.59337
1.75,6,25.608127
4.25,8,25.626811
-0.25,2,25.63185
-0.75,1,25.634448
-0.25,2,25.63904
0.75,3,25.646771
0.75,1,25.649433
-0.75,1,25.652064
8.0,16,25.68852
-0.75,1,25.691121
0.25,3,25.698081
5.25,13,25.729547
-0.25,2,25.734333
-0.75,1,25.736994
-0.75,1,25.739669
2.75,8,25.758398
-0.75,1,25.761307
-6.25,14,25.796128
-0.25,2,25.801688
-0.25,2,25.807385
0.75,1,25.81046
0.25,3,25.818614
-0.75,1,25.821671
-0.25,2,25.826843
8.0,16,25.869052
-0.75,1,25.871716
-0.25,2,25.876986
2.75,11,25.903264
-0.75,7,25.91964
-2.75,9,25.941206
-0.25,2,25.945979
1.25,8,25.964514
2.75,8,25.982903
-0.75,1,25.985458
12.75,26,26.047285
0.75,4,26.057566
0.75,1,26.060142
2.75,8,26.079816
1.25,5,26.09142
0.25,3,26.098567
-0.75,1,26.10143
-1.25,3,26.108953
0.75,1,26.111456
6.75,10,26.136744
-0.75,1,26.139546
0.75,3,26.146962
0.75,4,26.157045
-0.75,1,26.159782
2.25,7,26.177457
-0.75,1,26.180111
1.25,5,26.192496
0.75,4,26.201861
7.25,17,26.241917
0.75,1,26.244649
3.75,10,26.268532
3.75,10,26.291786
0.75,1,26.294523
0.75,3,26.302481
-0.25,2,26.308729
-0.25,2,26.315088
0.25,3,26.323435
6.25,15,26.360942
8.75,20,26.409216
-2.25,4,26.418866
-0.75,1,26.421533
2.75,5,26.433351
-11.25,13,26.464068
-0.25,2,26.468971
0.75,1,26.471692
0.75,4,26.481641
1.75,6,26.49613
0.75,1,26.498893
-0.75,1,26.501451
-0.25,2,26.506222
0.75,4,26.516749
4.75,12,26.545319
0.75,1,26.548005
-0.25,2,26.55313
-0.25,2,26.558185
-0.75,1,26.560659
2.25,7,26.577513
-2.25,4,26.586973
1.75,4,26.892704
-21.25,23,26.951284
0.25,3,26.959237
3.25,9,26.98202
-0.75,1,26.984909
3.75,10,27.010081
6.25,15,27.049217
-1.25,3,27.057137
-0.25,17,27.099821
0.75,4,27.11061
6.75,16,27.149823
8.25,19,27.195811
1.25,5,27.208397
-0.75,1,27.211277
11.75,14,27.247288
-1.75,5,27.259701
1.25,5,27.273699
-0.75,1,27.276917
3.25,9,27.299953
-0.75,1,27.302758
-0.25,2,27.307825
-0.75,1,27.310937
-1.25,3,27.318735
3.25,9,27.342036
2.75,8,27.362416
3.25,9,27.386098
-0.25,2,27.39303
2.25,7,27.410727
-2.75,3,27.418578
4.25,12,27.448017
-0.75,1,27.45075
3.75,10,27.475547
-19.25,21,27.525142
0.75,1,27.527983
0.25,3,27.535667
-0.75,1,27.538452
2.25,7,27.555854
10.75,24,27.614844
5.75,14,27.64847
2.25,7,27.665359
-0.75,1,27.66822
0.75,1,27.671155
-0.25,2,27.676333
1.25,5,27.688545
0.75,1,27.691218
-1.25,3,27.698415
0.25,3,27.705903
3.75,7,27.723714
-1.25,1,27.726502
2.25,5,27.738279
0.75,1,27.74099
4.75,12,27.771412
-0.75,1,27.774208
-1.25,3,27.782238
4.5,15,27.818161
-0.25,2,27.823101
1.25,5,27.835394
0.75,4,27.844771
1.75,5,27.856111
-0.25,2,27.860638
2.75,8,27.879779
-0.75,1,27.882464
-3.75,4,27.892353
2.25,4,27.901601
-5.75,9,27.922225
11.5,18,27.965508
0.75,1,27.968207
0.25,3,27.975844
-0.25,2,27.981413
1.25,5,27.994214
-0.25,2,27.999433
-1.25,3,28.006901
-0.25,2,28.011897
-0.25,2,28.016941
0.75,3,28.023834
-0.25,2,28.02922
-2.25,4,28.039303
0.75,1,28.042045
0.75,1,28.045082
0.75,1,28.048058
4.25,11,28.074594
0.25,3,28.082338
7.0,14,28.117441
0.75,3,28.12506
1.75,6,28.139822
0.25,3,28.147456
4.25,11,28.475375
6.25,12,28.505739
1.25,5,28.518597
-8.25,10,28.543896
-0.75,1,28.546668
3.75,10,28.572249
-0.25,2,28.577656
-0.25,2,28.583135
0.75,4,28.593455
-0.25,2,28.598604
0.75,4,28.608984
-1.75,17,28.651555
1.25,5,28.664303
-0.75,1,28.667086
4.25,8,28.686466
4.75,12,28.715749
0.25,3,28.723287
-0.25,2,28.728689
9.0,18,28.774519
-0.25,2,28.779792
1.25,5,28.79188
-6.25,11,28.817374
-2.25,4,28.827138
-0.25,2,28.83226
-0.75,1,28.835013
-0.75,1,28.837563
5.25,10,28.860142
0.75,1,28.862848
4.25,12,28.89205
1.75,6,28.906822
8.25,18,28.948711
2.25,6,28.963817
1.75,6,28.982229
-0.75,1,28.985199
-0.75,1,28.987973
-4.75,5,29.000539
3.25,9,29.022614
-0.25,8,29.04251
-1.25,1,29.045468
-0.25,2,29.050778
1.75,6,29.065668
-0.25,2,29.070886
0.75,1,29.073556
-0.25,2,29.07847
3.25,15,29.115856
2.75,8,29.13748
2.75,8,29.158177
1.25,5,29.17068
-4.25,6,29.186619
-0.75,1,29.18977
0.75,4,29.201119
-1.25,3,29.20944
-0.25,2,29.214731
5.25,14,29.249573
1.25,5,29.262044
-0.25,2,29.267381
10.5,16,29.307872
-1.25,1,29.310612
0.25,3,29.31818
-2.25,4,29.328794
4.25,11,29.356031
-0.25,2,29.360987
12.5,25,29.422446
9.0,18,29.466001
0.75,1,29.468762
-0.75,1,29.471546
1.25,5,29.484771
0.25,3,29.492369
-0.75,1,29.49527
3.25,9,29.517814
1.25,23,29.571713
14.5,22,29.625371
4.25,11,29.652894
5.75,12,29.681607
-0.25,2,29.68658
-0.25,2,29.692473
5.25,13,29.726333
0.25,3,29.734374
-0.25,2,29.740012
-0.75,1,29.7429
10.0,14,30.08615
10.0,22,30.140208
5.75,14,30.177608
-2.0,14,30.213468
-0.25,2,30.219439
0.75,1,30.222279
-0.75,1,30.225151
2.75,5,30.237635
5.75,13,30.270035
7.25,11,30.296405
0.25,3,30.304022
1.75,6,30.318489
3.75,10,30.343216
8.0,16,30.382859
5.25,13,30.416003
12.0,24,30.475688
0.25,3,30.48368
-0.25,2,30.488943
11.5,18,30.53355
-0.25,2,30.538622
2.75,5,30.550963
-0.75,1,30.553619
0.75,1,30.556267
0.75,1,30.558926
-0.25,2,30.564324
16.25,32,30.640374
1.25,5,30.653258
-1.25,1,30.656154
8.25,18,30.700837
0.75,1,30.703519
3.75,10,30.729631
0.25,3,30.737211
-0.25,2,30.742407
5.75,15,30.779393
4.25,11,30.807574
8.25,18,30.85304
-0.25,2,30.858305
-0.75,1,30.861042
5.75,14,30.895315
3.75,16,30.933604
-2.25,4,30.942626
4.25,8,30.962845
0.75,1,30.965646
8.0,16,31.006092
-1.25,3,31.014022
0.75,1,31.016987
0.75,1,31.019815
0.75,1,31.022666
-0.25,2,31.027842
-5.25,7,31.04515
3.75,10,31.069181
0.75,1,31.072117
4.75,21,31.12581
-0.25,2,31.131343
0.75,3,31.139354
3.25,9,31.161786
8.25,19,31.210072
1.75,6,31.22543
-4.25,6,31.240698
0.75,1,31.243495
-0.75,1,31.246217
9.25,21,31.298138
-3.25,5,31.310658
-2.75,3,31.318288
-0.25,2,31.323394
-1.25,3,31.330694
-6.25,14,31.667084
7.25,16,31.707999
-0.25,2,31.713532
-3.25,5,31.726756
-0.25,2,31.732277
13.0,24,31.793642
1.25,5,31.806818
9.0,18,31.851714
-0.25,2,31.856765
7.25,17,31.900303
0.25,6,31.91478
-0.5,14,31.94744
-0.75,1,31.950228
2.75,8,31.970151
-0.25,2,31.975268
9.25,19,32.020913
0.25,3,32.028595
5.25,13,32.059122
0.75,1,32.061967
5.75,14,32.101237
0.25,3,32.109399
-8.25,13,32.143611
-1.25,3,32.153162
-16.0,16,32.198173
9.25,15,32.236868
-1.25,3,32.245045
8.75,20,32.300718
-0.75,1,32.303552
6.25,15,32.341331
4.75,12,32.373048
-2.25,4,32.384858
-6.25,8,32.4064
9.75,13,32.439013
2.5,20,32.488915
-1.25,3,32.496756
8.25,17,32.538844
0.75,1,32.541546
1.25,5,32.553609
-0.75,1,32.556221
7.25,17,32.597915
-1.25,3,32.605318
-0.25,2,32.610263
-5.75,6,32.624981
-0.25,2,32.630174
4.25,11,32.65696
-0.25,2,32.662245
0.25,3,32.669788
0.75,4,32.679383
1.75,6,32.693538
-0.25,2,32.698545
11.75,14,32.732329
6.25,13,32.766155
-0.75,1,32.768996
1.25,5,32.781967
6.25,15,32.819304
-0.25,2,32.824501
4.75,12,32.853912
6.75,22,32.912899
0.25,3,32.920762
8.75,12,32.951266
4.75,12,33.293954
0.75,4,33.304732
4.25,11,33.333957
0.75,1,33.336871
-1.25,3,33.344835
-0.25,2,33.350239
0.75,1,33.353155
-0.25,2,33.359512
-2.75,7,33.377984
-2.75,3,33.385834
9.25,20,33.436036
1.75,6,33.451264
0.75,1,33.454157
-0.75,1,33.456949
-16.25,18,33.500913
5.25,10,33.525983
-3.25,11,33.553376
0.75,4,33.563127
-0.25,3,33.570317
6.75,14,33.60428
0.75,4,33.614263
10.5,17,33.654433
1.25,5,33.665749
9.25,21,33.714817
0.75,1,33.717587
-0.75,1,33.720373
2.25,10,33.744373
-2.25,4,33.753665
0.75,4,33.763867
-0.25,2,33.768986
2.25,7,33.786674
9.25,21,33.836435
-0.75,1,33.839261
0.25,4,33.848837
4.75,12,33.877325
-2.25,4,33.886955
1.25,3,33.894391
-1.25,3,33.902138
1.25,5,33.913909
-0.25,2,33.918689
2.75,8,33.937012
-0.75,1,33.93965
13.75,16,33.978854
13.0,24,34.042192
-0.75,1,34.044895
2.75,8,34.064773
0.75,5,34.076516
5.25,16,34.113699
-0.25,2,34.119042
-0.25,2,34.124185
0.75,1,34.126939
0.25,3,34.134433
0.75,1,34.136845
-0.25,2,34.142086
5.25,13,34.172531
10.25,16,34.209008
-0.75,1,34.211526
-0.25,2,34.216607
2.75,8,34.235085
3.25,18,34.278248
0.25,3,34.286193
-0.75,1,34.288905
4.25,11,34.316386
1.75,6,34.331511
-0.75,1,34.334323
0.25,3,34.342122
0.25,3,34.349793
0.75,4,34.360964
1.75,6,34.376334
-1.25,3,34.383905
-0.25,2,34.388947
-1.25,3,34.397038
-2.25,4,34.407346
2.25,19,34.456211
11.25,26,34.520267
0.25,3,34.527889
-3.25,5,34.845738
7.75,10,34.871148
-0.75,1,34.874232
1.25,8,34.894874
0.25,4,34.905105
-0.25,2,34.910377
1.25,8,34.929673
10.25,23,34.988886
1.75,6,35.004025
-5.25,7,35.0222
5.25,19,35.06984
0.25,3,35.07775
0.25,3,35.08556
1.75,6,35.100233
2.25,7,35.116905
-5.25,7,35.134452
-0.25,2,35.139837
-4.25,6,35.154485
8.25,19,35.199369
9.0,18,35.240381
-0.25,2,35.245351
6.0,12,35.27386
9.0,18,35.315384
-0.25,2,35.320431
-0.25,2,35.325867
0.75,1,35.328476
-0.25,2,35.333149
0.25,3,35.340328
-0.25,2,35.34508
7.75,18,35.392662
-0.25,2,35.398136
0.75,1,35.40095
-0.25,2,35.406171
0.75,1,35.408954
8.25,16,35.447554
3.75,8,35.468538
0.75,1,35.471319
0.75,1,35.473982
-0.75,1,35.476731
-0.25,17,35.517081
3.75,9,35.538815
-5.75,21,35.58792
0.75,4,35.597948
0.75,1,35.600624
-13.75,14,35.633034
10.0,20,35.679634
2.75,8,35.697942
-2.75,3,35.705171
-0.25,2,35.710144
-0.25,2,35.714749
-0.75,1,35.717112
-8.75,15,35.75157
1.25,5,35.764263
0.75,1,35.767091
-0.75,1,35.769959
0.75,1,35.772895
-0.75,1,35.775624
0.75,3,35.783437
0.75,1,35.786328
0.75,3,35.79423
-0.75,1,35.797101
-8.25,10,35.822794
-0.25,2,35.828115
-0.75,1,35.83091
-2.25,4,35.840697
7.75,12,35.870544
0.75,4,35.880451
-0.75,1,35.882942
2.75,8,35.9024
-2.25,4,35.913668
6.75,15,35.951641
0.25,3,35.958927
-0.25,2,35.963527
7.25,14,35.995522
-13.75,14,36.028864
1.75,3,36.036519
-0.25,2,36.041401
14.0,25,36.395213
9.75,22,36.4524
2.75,8,36.472936
0.75,4,36.483266
0.75,1,36.486052
0.25,3,36.493923
5.25,10,36.517732
0.75,4,36.52814
-0.75,1,36.530872
2.75,5,36.543838
-0.75,1,36.546733
0.75,1,36.549475
1.25,5,36.562221
-3.75,10,36.587252
-0.75,1,36.589925
0.75,1,36.59278
2.25,4,36.603183
-0.75,1,36.606125
3.75,10,36.630083
0.75,1,36.632768
3.75,10,36.657634
0.75,1,36.66028
-3.25,5,36.673196
-0.25,2,36.67831
0.25,3,36.685338
-3.75,4,36.694545
-0.25,2,36.699352
-0.75,1,36.701914
-0.25,2,36.707081
6.75,16,36.743884
5.75,9,36.764589
-8.25,13,36.795757
-1.25,3,36.803046
-0.25,2,36.807826
2.25,7,36.824487
11.5,19,36.871499
11.0,22,36.926772
0.75,1,36.929561
-13.75,20,36.97662
-0.25,2,36.981421
0.25,3,36.988458
5.75,11,37.014338
2.25,7,37.031866
-1.25,3,37.03949
-0.75,1,37.042196
6.25,15,37.081494
0.25,3,37.089095
17.25,19,37.133693
-1.25,1,37.13646
0.25,3,37.144184
-0.25,2,37.149258
-1.25,1,37.151903
1.75,6,37.166742
-0.25,2,37.171516
0.25,3,37.1789
-0.75,1,37.181272
-0.25,2,37.186867
0.75,1,37.190003
13.0,26,37.263335
-5.25,7,37.280535
0.25,3,37.288222
8.25,17,37.329421
0.75,1,37.332163
-1.25,1,37.334894
4.75,7,37.351197
-0.25,2,37.356745
10.0,17,37.400099
-0.25,2,37.405215
-1.75,5,37.417741
0.25,3,37.425261
7.25,12,37.453435
-0.75,1,37.456144
-2.25,4,37.466861
-0.75,1,37.469509
-1.25,1,37.472275
-0.25,2,37.477511
1.75,3,37.48513
-0.75,1,37.487765
12.0,24,37.543832
7.25,17,37.585786
0.25,3,37.593608
-0.25,2,37.598567
7.75,18,37.641155
9.25,19,37.997469
-0.25,2,38.002858
-1.25,1,38.005812
-0.75,1,38.008675
8.25,18,38.054878
9.25,19,38.124113
-1.25,3,38.142003
0.75,3,38.159148
0.25,3,38.187593
8.0,16,38.246007
6.75,16,38.291985
7.25,16,38.333256
6.75,16,38.373515
1.25,5,38.387976
-0.25,2,38.393641
8.75,18,38.437521
-13.25,15,38.473467
1.25,5,38.486098
-1.75,5,38.497606
3.25,9,38.518183
8.0,16,38.556075
0.75,1,38.558722
-9.25,11,38.584831
-0.75,1,38.587488
5.25,13,38.618129
5.25,13,38.649955
8.25,20,38.699026
-0.25,2,38.70463
-0.25,2,38.709438
8.5,17,38.749208
2.75,8,38.769495
9.75,20,38.82877
2.75,5,38.841605
4.75,12,38.869501
-0.25,2,38.874238
0.75,1,38.876645
7.75,16,38.913628
3.75,10,38.936452
0.75,1,38.939018
-0.75,1,38.941445
-9.25,11,38.968495
-0.25,2,38.97379
1.25,5,38.986749
-0.25,2,38.992058
4.75,12,39.022197
1.25,5,39.034956
2.75,8,39.054902
-0.75,1,39.057542
0.75,1,39.060082
3.75,7,39.077511
0.25,3,39.085776
4.75,12,39.115431
8.5,17,39.156626
-0.25,2,39.161409
0.25,3,39.168595
-3.25,11,39.193737
0.25,3,39.201204
-0.25,2,39.206266
-1.25,1,39.20901
1.75,6,39.223573
-10.25,12,39.253339
0.75,3,39.261126
7.25,17,39.303921
-0.25,8,39.324461
-0.75,1,39.327269
2.75,14,39.672633
0.75,4,39.683564
5.25,13,39.717556
1.25,5,39.731129
3.75,10,39.766692
-0.25,2,39.772888
8.25,16,39.815647
5.25,13,39.849494
-0.75,1,39.852355
4.25,8,39.872815
8.5,17,39.913295
4.75,12,39.943562
0.75,4,39.954536
6.75,13,39.987443
-0.25,2,39.992517
4.75,12,40.022259
3.75,11,40.049124
1.25,5,40.062105
-13.0,13,40.093969
8.75,12,40.123404
1.25,5,40.135945
-0.75,1,40.138713
-0.5,14,40.173334
7.25,15,40.21135
1.75,4,40.221615
-0.75,1,40.22443
0.75,1,40.227271
-0.25,2,40.232613
4.75,12,40.26444
1.25,5,40.277341
3.25,6,40.29275
8.25,18,40.336327
-0.25,2,40.341504
-1.75,5,40.353411
-0.25,2,40.359146
-2.25,4,40.36962
0.75,1,40.372453
-1.25,1,40.375205
5.25,13,40.410652
7.75,18,40.458524
-3.75,10,40.484124
0.75,1,40.486957
0.25,3,40.494557
-0.25,2,40.499564
13.25,15,40.536879
0.75,4,40.546457
-0.25,2,40.551141
-0.25,2,40.55664
-7.25,9,40.580244
-2.25,4,40.590267
2.25,4,40.60035
0.25,3,40.607697
3.5,16,40.644981
2.25,7,40.661445
-0.25,2,40.666533
5.75,14,40.702506
-0.25,2,40.708172
-0.25,2,40.714498
-2.25,7,40.734638
-0.75,1,40.737438
-0.25,2,40.742871
-0.75,1,40.74578
-14.25,16,40.786124
0.75,4,40.797275
-1.25,3,40.805555
0.25,3,40.814406
4.25,11,40.842811
-0.25,2,40.848178
-0.75,1,40.851189
0.25,3,40.858967
4.25,11,40.886946
8.25,19,40.931458
6.75,25,41.298764
0.25,15,41.337546
-0.25,2,41.3429
-1.25,3,41.351003
-1.25,3,41.360283
-2.75,6,41.376162
0.75,1,41.378996
-0.25,2,41.384131
1.25,5,41.396408
-2.25,4,41.405995
-1.25,1,41.409303
-5.25,16,41.449406
2.75,8,41.467253
0.25,3,41.474139
-0.75,1,41.476723
-0.25,2,41.481599
18.0,18,41.522938
1.25,5,41.535036
-0.75,1,41.537747
2.25,7,41.553959
-0.25,2,41.558932
0.75,1,41.561721
-0.75,1,41.564402
1.25,5,41.576865
-0.75,1,41.579915
5.75,14,41.612875
12.5,25,41.67116
-0.25,11,41.699825
0.75,3,41.707404
9.25,14,41.740638
-2.25,4,41.750679
1.25,5,41.763448
-0.25,2,41.768554
-0.25,2,41.773842
7.75,19,41.816433
-3.25,5,41.829117
-0.25,2,41.834411
0.75,3,41.842012
6.75,16,41.878731
-3.75,10,41.905449
-0.75,1,41.908244
9.25,15,41.943577
-4.25,9,41.96386
8.75,20,42.010771
5.25,13,42.041223
0.75,5,42.052986
0.25,3,42.059956
-0.75,1,42.062449
-3.25,5,42.075015
0.75,5,42.087379
-1.25,3,42.094895
-0.25,2,42.100252
2.25,7,42.116453
-1.25,3,42.123362
1.75,6,42.137733
6.75,16,42.175397
-0.25,2,42.180608
8.0,16,42.220052
-0.25,2,42.225183
1.25,5,42.236531
2.25,7,42.25469
-0.75,1,42.257378
0.75,1,42.260293
9.25,18,42.302364
-0.25,2,42.3075
7.0,14,42.340888
2.25,7,42.359973
7.25,14,42.409079
-4.75,11,42.43655
0.25,3,42.44409
2.75,8,42.468057
1.25,5,42.481983
6.25,15,42.518491
0.75,1,42.521061
7.75,18,42.874349
-2.25,16,42.91425
6.75,10,42.937837
0.25,6,42.95306
2.75,14,42.987439
0.25,3,42.995561
-0.25,2,43.000916
-0.75,1,43.003666
0.75,1,43.006814
0.75,1,43.009952
5.25,13,43.04254
7.75,17,43.083671
-3.75,4,43.094268
0.75,4,43.104923
0.25,3,43.112471
-1.25,1,43.115227
0.75,1,43.11796
0.75,1,43.120902
8.25,19,43.171456
0.75,1,43.174201
0.25,3,43.181432
5.75,14,43.215258
10.75,24,43.272866
-0.25,2,43.278107
6.25,12,43.305846
0.25,3,43.312656
6.75,15,43.349424
8.25,19,43.399037
-0.25,2,43.404253
11.75,26,43.472064
-0.75,1,43.475208
8.25,19,43.53371
4.25,11,43.565696
0.75,1,43.568719
3.75,4,43.581255
0.75,1,43.58437
0.75,1,43.587739
0.25,3,43.597305
5.75,15,43.635423
-2.25,4,43.645621
0.75,1,43.648564
-2.25,4,43.659074
2.75,8,43.679145
-3.75,4,43.68927
8.75,20,43.736188
1.25,3,43.743058
-0.75,1,43.745826
-0.25,2,43.751214
5.25,10,43.775974
-1.25,9,43.798335
7.25,17,43.840724
9.25,18,43.885019
0.75,1,43.887828
2.25,7,43.905453
0.25,3,43.916157
0.75,1,43.919094
0.25,3,43.926947
0.25,3,43.934543
9.75,22,43.984379
2.75,8,44.003923
-0.75,1,44.006639
1.25,14,44.041313
-0.25,2,44.046993
4.25,11,44.074636
-0.75,1,44.077571
8.5,17,44.12285
-1.25,3,44.1307
-0.75,1,44.133906
-0.75,1,44.136895
0.25,3,44.144962
0.25,3,44.506996
-0.25,2,44.512533
8.5,17,44.557336
1.75,6,44.576051
-0.25,2,44.582249
0.25,3,44.591072
-0.25,2,44.596792
-0.25,2,44.602649
-0.25,2,44.60817
3.25,9,44.633589
-0.25,2,44.639287
0.75,3,44.647809
-0.25,11,44.677832
-0.75,1,44.682897
-2.25,4,44.697348
-0.25,2,44.706168
-0.25,2,44.718757
5.75,14,44.776591
6.0,12,44.812022
8.75,20,44.864902
0.75,1,44.867713
-1.25,1,44.870482
0.25,3,44.877755
3.25,9,44.899923
-0.75,1,44.902711
0.75,1,44.905677
0.75,1,44.908391
-0.25,2,44.913635
-0.25,2,44.919242
0.25,3,44.926919
-1.25,1,44.929691
0.25,3,44.937073
-8.25,10,44.96114
-1.25,1,44.963786
0.25,3,44.971238
13.0,17,45.010976
2.75,14,45.043973
11.75,20,45.093356
-0.25,2,45.098351
0.75,1,45.101291
-0.25,2,45.106462
-0.25,2,45.11157
-0.25,2,45.116861
0.25,3,45.124448
-0.25,2,45.129528
-0.25,2,45.134729
8.25,19,45.182366
-0.75,1,45.185046
-0.25,2,45.190243
-0.25,2,45.195469
6.25,15,45.231068
-4.25,9,45.251514
3.25,9,45.271923
0.25,3,45.279088
1.75,9,45.299007
-0.75,1,45.301711
0.75,1,45.304454
-0.75,1,45.307126
-4.25,6,45.321367
-0.75,1,45.32428
10.25,21,45.37819
7.25,17,45.41983
1.25,5,45.433333
-0.25,2,45.438886
5.75,14,45.472891
-1.25,1,45.475654
-0.75,1,45.478379
-1.25,3,45.485311
-0.75,1,45.487882
1.25,5,45.500238
4.75,18,45.54698
0.25,3,45.554859
-0.25,2,45.56034
-0.25,2,45.565781
0.25,3,45.573214
-1.25,1,45.576018
-0.25,2,45.581407
-1.25,3,45.5899
1.25,5,45.605774
7.25,17,45.649348
0.75,1,45.652333
0.25,3,45.660309
3.25,9,45.684766
1.75,6,45.70094
-0.25,2,45.707182
5.25,13,45.748142
-0.25,2,45.756624
-0.75,1,45.762599
0.75,4,45.779575
-14.25,16,45.833881
0.75,1,45.837489
0.25,3,45.84587
0.75,1,45.84904
0.75,1,45.852194
0.25,3,45.861124
-0.25,2,45.867255
16.25,32,46.262309
0.25,3,46.270181
0.75,1,46.272763
-0.75,1,46.27542
-8.25,13,46.308148
-0.25,2,46.313243
0.75,1,46.315939
7.25,17,46.355881
5.75,14,46.392635
6.25,15,46.430506
-0.25,2,46.435543
-0.75,1,46.438349
6.5,13,46.471745
-0.25,2,46.477334
0.25,3,46.484995
2.25,7,46.502738
-0.75,1,46.505621
5.75,14,46.53757
-0.25,2,46.542496
-0.75,1,46.545155
-0.25,2,46.550418
-0.75,1,46.553447
-0.25,2,46.558766
2.75,8,46.578898
-1.25,8,46.600277
1.25,5,46.614847
4.75,12,46.649261
3.25,9,46.676266
0.75,1,46.679476
-0.75,1,46.682639
-0.75,1,46.685622
3.25,9,46.709868
2.75,5,46.722371
3.75,10,46.747529
-3.5,14,46.78107
0.75,4,46.790824
-0.75,1,46.793289
0.75,1,46.79634
7.25,14,46.8331
-1.25,1,46.835855
0.75,1,46.838507
-0.25,2,46.843751
0.25,3,46.851715
11.0,22,46.904315
-1.25,3,46.911937
1.75,5,46.925298
-0.75,1,46.92808
-1.25,3,46.936117
-0.25,2,46.941442
-0.75,1,46.944391
7.25,17,46.987645
-1.25,3,46.995486
5.25,13,47.027344
4.75,12,47.057861
-0.25,3,47.065878
3.25,18,47.109995
-0.25,2,47.114874
0.75,4,47.124853
11.75,22,47.180264
6.25,15,47.218116
-0.75,1,47.220886
3.75,10,47.245732
-0.25,2,47.251217
-1.25,3,47.259948
5.25,13,47.293411
0.75,1,47.296229
0.75,4,47.30607
-0.25,2,47.310965
6.75,15,47.345101
-0.75,1,47.347628
-0.25,2,47.352618
0.25,3,47.359973
-0.25,5,47.373892
-0.75,1,47.3771
0.75,1,47.380179
0.75,1,47.383107
0.75,1,47.385977
-0.25,8,47.406485
8.0,14,47.440814
-0.25,2,47.446095
2.75,8,47.466734
0.25,3,47.474988
-0.25,2,47.481332
-0.75,1,47.484484
1.75,6,47.500324
-0.25,2,47.505717
-0.75,1,47.50861
2.75,8,47.920271
0.75,4,47.930426
-0.75,1,47.933034
7.75,18,47.976597
0.75,1,47.979036
3.25,9,48.001215
-0.25,2,48.006323
-2.25,4,48.015769
0.75,1,48.018406
-0.75,1,48.021205
0.75,4,48.030856
3.25,9,48.054139
-1.25,1,48.056928
10.75,21,48.110479
-1.25,3,48.117879
4.5,15,48.155065
5.75,14,48.190261
-0.25,2,48.195551
-6.25,8,48.217088
10.25,23,48.276314
-1.25,3,48.284134
-0.75,1,48.286925
-3.25,5,48.299459
6.25,15,48.335161
6.75,16,48.373357
0.75,4,48.385314
3.25,9,48.408556
0.25,3,48.415912
6.75,16,48.456882
-0.25,2,48.462252
2.25,7,48.482331
2.75,7,48.501202
-0.75,1,48.504162
1.25,5,48.516537
5.25,13,48.546255
-0.25,2,48.551304
-0.75,1,48.553992
8.5,17,48.601281
-0.25,2,48.607438
5.75,15,48.647977
-2.25,4,48.658168
1.75,6,48.673183
-1.25,1,48.675951
0.75,1,48.678634
18.0,18,48.727037
-1.25,1,48.729983
-0.25,2,48.735562
-0.25,2,48.740814
-12.75,13,48.771411
3.25,10,48.793865
0.25,3,48.800546
8.25,22,48.855087
0.25,4,48.864197
2.25,4,48.873132
1.75,6,48.886367
-0.75,1,48.888765
0.75,1,48.891313
-0.75,1,48.893792
4.75,12,48.92272
-0.75,1,48.925465
0.75,1,48.928241
0.75,1,48.931408
12.25,19,48.980442
-0.25,2,48.985833
2.25,7,49.003174
0.75,1,49.005909
-0.75,1,49.008776
-1.25,3,49.016589
0.75,1,49.019226
6.25,10,49.042731
0.25,3,49.053634
0.75,1,49.058439
-9.25,11,49.090815
1.25,5,49.103002
-0.25,2,49.108345
-0.25,2,49.113721
0.75,1,49.116427
-15.25,17,49.158549
20.5,24,49.569169
-0.75,1,49.572083
-0.25,2,49.577462
6.5,13,49.61158
4.75,15,49.65166
0.75,1,49.654456
-1.25,3,49.662549
0.75,1,49.665379
-0.75,1,49.668437
-0.75,1,49.671236
2.25,7,49.689441
1.25,23,49.782136
3.75,11,49.822696
0.75,1,49.825938
6.5,13,49.871017
10.0,20,49.92104
-0.75,1,49.923743
0.75,1,49.926421
0.75,4,49.935925
0.75,1,49.938564
0.75,1,49.941271
5.25,16,49.984794
2.25,7,50.003507
-1.25,1,50.006453
1.25,8,50.026563
0.75,1,50.029267
5.75,14,50.065678
7.5,18,50.107543
0.75,1,50.11032
7.0,14,50.143605
-0.25,2,50.149439
3.25,9,50.174212
1.25,5,50.187437
0.75,1,50.190357
0.75,1,50.193177
-1.25,1,50.1961
5.75,14,50.232444
0.75,1,50.235234
2.75,8,50.2552
-0.25,2,50.260694
0.75,1,50.263317
-0.25,2,50.268763
0.75,4,50.280189
-0.25,2,50.285951
-4.25,6,50.302834
2.75,5,50.3159
-11.25,13,50.348423
-0.75,1,50.351161
-0.25,2,50.356523
0.75,1,50.359265
-12.25,14,50.395924
4.75,14,50.433525
0.5,16,50.474202
10.5,21,50.530429
-0.75,1,50.533254
-0.25,2,50.538657
-0.25,2,50.543932
4.25,11,50.570502
-0.25,2,50.575743
-0.75,1,50.578586
-6.0,15,50.613868
0.75,4,50.624535
-0.75,1,50.627518
2.75,8,50.647649
6.0,12,50.680928
-1.25,3,50.6891
-0.75,1,50.691915
-0.25,2,50.697247
5.25,13,50.730973
7.75,18,50.778556
6.75,16,50.821032
-0.25,2,50.826912
9.25,13,50.864149
0.75,4,50.874984
-1.25,12,50.906684
0.25,3,50.915723
4.75,9,50.939363
1.25,5,50.95276
0.75,1,50.956207
-0.25,2,50.962385
4.25,20,51.327008
-0.25,2,51.332963
6.75,16,51.374359
-0.25,2,51.380087
6.25,15,51.420534
-1.25,3,51.42859
-3.25,8,51.448575
0.75,1,51.451362
-0.25,2,51.455998
0.75,1,51.458845
8.25,17,51.50473
-3.25,5,51.518888
5.75,11,51.545484
0.75,1,51.54822
8.25,16,51.586055
9.25,21,51.636205
1.75,18,51.681814
-0.25,2,51.688262
12.25,25,51.754772
-0.75,1,51.757814
-0.75,1,51.760465
2.75,8,51.780146
-0.25,2,51.785214
-0.25,2,51.789683
0.75,1,51.792315
10.0,20,51.842391
2.25,6,51.858621
3.25,9,51.881534
0.75,1,51.88435
0.75,4,51.894566
-0.75,1,51.897171
-2.25,4,51.907628
8.75,17,51.948736
13.5,20,52.00011
0.25,3,52.007874
-2.25,4,52.017445
17.0,34,52.101758
-4.75,5,52.115062
6.75,16,52.156654
0.75,1,52.159192
2.25,6,52.173578
0.75,1,52.1762
0.25,3,52.184012
6.5,13,52.218987
-0.25,2,52.224914
1.75,6,52.240273
2.25,7,52.257814
-2.25,13,52.288361
10.0,20,52.340627
-0.75,1,52.343321
0.75,1,52.346361
8.25,19,52.395107
4.75,12,52.432434
0.25,4,52.443421
3.25,15,52.481827
0.75,1,52.484812
10.0,20,52.535319
6.75,16,52.574792
-22.25,24,52.948711
-0.25,2,52.95359
7.5,15,52.995216
9.5,19,53.043888
0.25,3,53.051886
0.25,3,53.059995
-0.25,2,53.065483
5.25,12,53.097812
0.75,1,53.101474
-0.75,1,53.104677
-1.25,3,53.112513
0.25,3,53.120185
-0.75,1,53.122889
5.25,13,53.154572
0.75,1,53.157338
7.25,17,53.200055
8.5,23,53.257666
-0.25,2,53.262771
-0.25,2,53.268049
0.25,3,53.275445
4.5,15,53.311371
0.25,3,53.320055
11.25,25,53.390417
-0.25,2,53.398306
0.75,1,53.402091
5.75,15,53.442381
-0.75,1,53.445414
-0.75,1,53.448308
6.5,13,53.481778
-0.75,1,53.484709
-9.25,11,53.512831
-2.25,4,53.523384
0.75,1,53.526307
2.75,5,53.539243
0.75,4,53.549915
-0.75,1,53.55275
7.25,15,53.589918
0.25,3,53.597166
3.75,10,53.622078
0.75,1,53.624777
-0.75,1,53.62854
-1.25,1,53.631758
2.75,14,53.670035
1.75,6,53.685714
0.25,3,53.693521
-1.25,3,53.700741
0.75,4,53.710954
5.75,14,53.753389
-0.25,2,53.759442
-0.25,2,53.764557
6.25,10,53.790295
2.75,14,53.824995
0.25,3,53.832924
0.25,3,53.839677
-0.25,2,53.844198
0.75,4,53.853639
8.75,13,53.888517
2.25,4,53.899305
2.25,7,53.917737
0.75,1,53.920643
1.25,5,53.933488
6.25,13,53.968341
-0.75,1,53.971492
3.25,7,53.991937
2.75,14,54.027949
1.75,6,54.043318
0.75,4,54.054282
5.75,14,54.091245
5.25,15,54.129688
-0.25,2,54.135038
6.75,16,54.173808
-0.75,1,54.176363
2.75,8,54.195383
0.25,3,54.203245
14.5,23,54.577489
9.25,13,54.61159
4.75,18,54.655921
0.25,3,54.664444
1.75,6,54.679958
0.75,1,54.68272
6.5,13,54.71682
7.25,15,54.766147
6.75,17,54.809652
0.75,1,54.812452
-0.25,2,54.817563
-1.25,1,54.820269
11.5,23,54.875364
1.25,5,54.889152
8.5,20,54.937968
9.75,20,54.98656
-0.25,2,54.992277
6.5,13,55.024616
-1.25,9,55.046542
6.75,16,55.084488
-6.25,11,55.113693
1.75,3,55.12198
2.25,7,55.138998
-0.75,1,55.141424
0.75,25,55.206678
-6.25,8,55.227942
5.25,13,55.259341
-0.25,14,55.293054
1.75,6,55.310172
4.25,11,55.340429
-1.25,3,55.348281
0.75,1,55.351219
17.0,34,55.436235
-13.25,15,55.475671
6.25,24,55.540033
-0.25,2,55.545597
8.25,12,55.577
5.25,19,55.626711
8.25,19,55.678243
-0.75,1,55.681154
-0.75,1,55.684213
-0.25,2,55.689709
3.75,10,55.714965
0.75,1,55.717892
-0.25,2,55.722983
6.0,12,55.75134
10.25,18,55.803456
8.0,16,55.843242
6.75,14,55.880027
-0.25,2,55.885543
-2.25,4,56.208135
-0.25,2,56.213981
12.75,18,56.26113
-3.25,5,56.276591
-0.25,2,56.283427
-0.25,2,56.288929
0.75,1,56.291693
-0.75,1,56.294438
-0.75,1,56.297228
-0.25,2,56.303024
0.25,3,56.310894
-0.25,2,56.316207
5.25,13,56.350097
0.25,3,56.357731
-0.25,2,56.36303
-0.25,2,56.368543
-0.25,2,56.374979
5.25,16,56.42607
22.5,25,56.491586
3.75,10,56.517704
7.0,14,56.551455
-0.25,2,56.557206
-1.25,3,56.565112
-0.75,1,56.567928
8.75,20,56.618324
-0.25,11,56.643553
-0.25,2,56.64841
7.25,17,56.691653
6.25,15,56.728871
0.75,1,56.731562
-0.25,2,56.736738
1.25,5,56.749338
2.75,8,56.769902
5.25,13,56.803423
-0.25,2,56.808853
8.25,19,56.857158
-0.25,2,56.862647
-0.25,2,56.868561
1.25,5,56.881849
-5.25,7,56.902308
-2.25,4,56.913323
2.75,8,56.933676
1.75,6,56.948647
-0.25,2,56.953954
0.75,1,56.956909
-13.25,15,56.99544
-0.25,2,57.001535
7.25,18,57.048848
0.75,3,57.056577
4.75,12,57.087913
2.75,11,57.118143
2.75,8,57.13923
-13.25,15,57.177661
-0.25,2,57.183118
4.75,12,57.213297
0.25,3,57.222247
-0.25,2,57.228636
0.75,1,57.231781
1.75,6,57.249456
-0.75,1,57.252456
2.25,7,57.270911
-1.25,1,57.273892
1.25,5,57.287025
7.25,23,57.346783
1.25,5,57.359437
0.75,1,57.362327
-0.75,1,57.365178
5.25,11,57.393366
10.25,22,57.448979
-0.75,1,57.452195
0.75,1,57.455216
-1.25,1,57.458621
9.0,18,57.503183
6.25,15,57.541205
0.75,1,57.544048
-2.25,4,57.869068
-1.25,3,57.876955
-0.25,2,57.882571
10.75,13,57.915752
4.75,13,57.949902
-0.25,2,57.955701
6.5,15,57.992136
1.75,18,58.039247
7.5,15,58.076638
0.75,1,58.079351
-0.25,2,58.085001
8.25,12,58.115246
-1.25,1,58.118697
12.5,25,58.180193
0.75,1,58.183007
2.25,7,58.206912
0.25,3,58.216405
0.25,3,58.224358
-0.75,1,58.227262
0.25,3,58.236987
8.75,12,58.267164
0.75,4,58.277792
-0.25,2,58.282957
0.75,1,58.285898
-1.25,3,58.293649
-0.75,1,58.296478
0.25,3,58.30422
-0.75,1,58.306876
2.25,7,58.324364
-0.25,2,58.329461
2.5,20,58.381341
4.25,7,58.398849
-0.75,1,58.401736
7.25,17,58.44485
13.5,27,58.551872
-0.25,2,58.560279
-0.75,1,58.564969
8.0,16,58.633006
-0.25,2,58.639186
-0.75,1,58.642135
-0.25,2,58.647583
12.25,19,58.698028
2.75,14,58.734511
0.75,1,58.737394
9.0,18,58.782422
0.75,4,58.793506
1.75,4,58.805123
-0.75,1,58.808389
-0.25,2,58.81402
-0.25,2,58.820373
0.25,3,58.829086
-0.25,2,58.834565
-2.75,9,58.858
-0.25,2,58.86333
5.25,13,58.896438
-0.75,1,58.89932
-0.75,1,58.902208
-0.75,4,58.912978
6.75,16,58.956609
5.75,14,58.991448
0.25,3,58.999201
-0.75,1,59.002157
0.75,1,59.005209
-0.75,1,59.008072
12.5,25,59.06999
-2.25,4,59.079765
0.75,1,59.082505
0.25,3,59.090062
-2.25,4,59.099367
5.25,13,59.133046
11.25,25,59.198056
2.25,7,59.215873
1.25,5,59.228863
7.25,15,59.584427
-0.25,2,59.590086
10.25,22,59.645996
-0.25,2,59.651645
0.75,4,59.661732
-0.75,1,59.664382
5.25,19,59.71445
3.25,10,59.740547
1.25,4,59.751522
1.75,4,59.763714
5.25,16,59.805842
-0.25,2,59.811634
5.25,13,59.844531
6.75,16,59.886316
0.75,4,59.896399
-0.75,1,59.899037
1.75,6,59.913812
-0.25,2,59.919276
2.25,7,59.938042
0.75,4,59.948684
10.0,19,59.998332
0.75,1,60.001145
1.25,5,60.013743
-16.25,18,60.060419
-0.25,2,60.065601
-0.25,2,60.070986
3.75,10,60.095898
1.75,6,60.112869
2.75,17,60.157993
0.75,1,60.160857
0.75,1,60.163713
1.75,6,60.178781
5.75,14,60.214047
4.25,11,60.241385
5.75,10,60.267371
13.75,29,60.34112
1.25,5,60.354558
0.75,1,60.357597
0.75,1,60.360557
3.5,15,60.401088
4.75,10,60.426874
4.25,12,60.45785
-1.25,1,60.460638
-0.25,2,60.466418
-0.75,1,60.469611
-1.25,3,60.478821
4.75,9,60.502205
-0.25,2,60.507701
-1.25,1,60.510717
-0.75,1,60.513578
-0.75,1,60.516403
6.5,13,60.550144
9.0,18,60.597081
-0.25,2,60.602869
8.75,17,60.648217
0.75,1,60.651159
5.75,14,60.685984
1.25,5,60.700166
4.25,9,60.723329
-1.25,3,60.731072
17.25,19,60.777196
-3.25,5,60.790601
0.25,3,60.799185
0.75,1,60.802452
-0.25,2,60.80888
0.25,3,60.819309
1.75,4,60.831123
8.5,20,60.881931
6.0,12,60.912185
4.75,12,61.273996
-0.75,1,61.276754
7.5,18,61.323102
-0.25,2,61.328542
8.25,16,61.368819
3.75,19,61.418997
-5.25,7,61.436764
11.0,22,61.493607
1.75,18,61.53882
11.25,22,61.596377
-0.25,14,61.630929
-0.5,14,61.665232
-0.75,1,61.66822
1.25,5,61.684925
-17.25,19,61.734702
0.25,3,61.742866
2.75,14,61.778899
11.5,18,61.826704
4.75,12,61.859216
6.25,15,61.896286
0.25,4,61.906622
8.0,16,61.94842
5.25,13,61.98752
-0.25,2,61.993355
5.75,14,62.032441
2.75,8,62.065893
10.5,19,62.114642
2.25,7,62.132928
-0.75,1,62.135495
-0.75,1,62.138169
5.75,14,62.176058
0.25,4,62.186326
-2.0,14,62.221488
-4.25,6,62.236457
0.75,1,62.23915
13.75,20,62.299909
2.75,8,62.322246
-0.25,2,62.327475
0.75,4,62.339026
-3.25,5,62.361244
-1.25,1,62.367274
0.75,4,62.389851
7.25,17,62.4381
-11.75,12,62.46912
0.75,1,62.471966
1.75,6,62.487343
-0.75,4,62.497112
4.75,12,62.527102
0.75,1,62.529842
0.75,1,62.532649
-1.25,3,62.540243
0.25,3,62.548074
2.25,7,62.566029
-0.75,1,62.56882
5.25,13,62.601166
-0.25,2,62.606272
13.5,27,63.004402
0.75,1,63.007082
-0.25,2,63.012045
-0.75,1,63.014878
6.5,13,63.047887
4.25,11,63.083432
2.75,14,63.119582
0.75,1,63.122421
14.25,20,63.174139
3.75,7,63.191591
-0.25,2,63.196961
-0.25,2,63.203343
0.25,3,63.213983
1.75,3,63.223185
1.25,5,63.236855
0.75,1,63.239751
3.25,15,63.280387
8.75,11,63.31195
2.75,26,63.393469
-6.0,15,63.432582
4.25,11,63.461035
-15.25,17,63.502649
0.75,1,63.505594
-0.75,1,63.508532
-0.75,1,63.511548
10.0,19,63.558956
6.25,15,63.595418
-0.75,1,63.598126
-0.75,1,63.600782
1.75,3,63.608718
0.75,1,63.61204
0.75,13,63.64889
21.75,40,63.757445
-13.25,15,63.795988
3.75,10,63.82178
-0.75,1,63.824965
15.5,19,63.875743
2.75,17,63.918248
-0.75,1,63.921033
1.25,3,63.929029
9.25,18,63.977361
2.75,14,64.012171
2.25,7,64.030149
1.75,6,64.04523
0.25,3,64.053122
11.75,27,64.126351
1.75,6,64.141189
0.75,5,64.153958
-0.25,2,64.159496
-1.25,3,64.167863
11.5,23,64.226875
7.5,15,64.263784
0.75,4,64.27507
-0.75,1,64.278464
-0.25,2,64.284101
0.75,1,64.286915
4.5,15,64.324142
-0.75,1,64.327148
-0.25,2,64.33241
-3.75,7,64.663002
0.75,1,64.665815
9.25,21,64.71997
-0.75,1,64.72339
11.5,23,64.78909
-2.25,4,64.800148
2.25,4,64.810401
-1.75,5,64.822427
0.25,3,64.829993
6.0,18,64.877789
0.75,1,64.881003
5.75,13,64.915462
0.25,3,64.924201
2.25,7,64.94246
0.75,1,64.945612
17.5,22,65.001532
0.75,1,65.004159
-13.25,15,65.042771
10.25,16,65.086245
0.75,4,65.096884
6.75,22,65.158859
0.75,4,65.171244
5.75,14,65.21105
-0.25,2,65.216466
-5.25,7,65.234337
6.75,13,65.267144
0.75,4,65.277519
3.75,13,65.314847
-0.75,1,65.317817
-0.25,2,65.32328
1.75,6,65.339463
10.5,15,65.381558
3.75,10,65.409058
-5.25,7,65.42711
-0.75,1,65.429919
-0.25,2,65.435577
7.25,17,65.479075
10.5,21,65.534488
2.75,6,65.54996
-3.25,5,65.563005
6.75,16,65.602756
0.25,3,65.611889
4.75,8,65.633977
-0.25,2,65.639318
2.25,10,65.664619
8.25,19,65.711787
12.75,29,65.785667
-1.25,3,65.793613
0.75,1,65.796677
-1.25,6,65.812498
0.75,1,65.815484
-3.25,5,65.828725
2.25,7,65.846566
-11.25,13,65.882668
-0.25,11,65.910341
-0.75,1,65.91311
1.75,6,65.928326
-0.25,2,65.933629
6.25,18,65.979159
0.75,1,65.981963
7.25,17,66.342782
8.25,19,66.391031
0.25,3,66.399737
-2.25,4,66.410135
1.25,19,66.460937
2.0,22,66.512854
6.25,15,66.54749
2.75,8,66.566984
5.75,13,66.598652
1.75,6,66.613483
0.75,1,66.616419
8.5,17,66.66042
8.25,19,66.708561
3.25,6,66.725527
1.75,6,66.74118
2.25,4,66.752682
9.5,19,66.79934
6.25,15,66.838122
-0.25,2,66.84363
0.25,21,66.898122
7.25,16,66.938456
13.25,27,67.011238
3.25,5,67.028336
-1.25,1,67.032421
18.5,25,67.105229
10.25,14,67.146173
2.5,20,67.198405
3.25,9,67.229583
-17.25,19,67.286974
1.5,18,67.334115
9.75,22,67.393156
18.5,25,67.468443
4.75,12,67.499899
3.25,6,67.516385
10.0,23,67.579071
10.0,20,67.633153
18.5,32,68.071655
4.25,11,68.098148
6.75,16,68.136688
2.25,16,68.176359
1.75,6,68.190935
2.75,5,68.202638
6.25,15,68.241241
11.0,21,68.292758
2.25,6,68.308962
7.0,14,68.343438
9.75,22,68.40007
3.75,22,68.453923
1.75,6,68.469228
2.25,7,68.487043
-2.25,4,68.497332
1.75,3,68.50492
4.75,12,68.533792
-0.75,1,68.536503
19.75,36,68.623456
-1.25,12,68.654062
5.75,14,68.689916
0.75,1,68.692946
2.75,8,68.714844
15.25,33,68.805315
12.75,15,68.84382
-0.25,14,68.878598
0.75,4,68.888126
7.25,17,68.929868
7.25,17,68.969731
1.75,15,69.005166
3.25,9,69.026789
-3.25,8,69.046967
7.75,16,69.085936
4.25,12,69.114119
2.25,7,69.131603
-6.0,15,69.166288
-1.75,8,69.185293
-0.25,2,69.190092
3.75,10,69.21361
9.5,18,69.267315
2.75,8,69.288751
-0.25,2,69.294211
0.75,16,69.657279
0.75,4,69.66733
13.25,18,69.712908
4.75,12,69.746791
0.25,3,69.755141
2.25,16,69.795781
6.0,21,69.847203
-11.75,18,69.890595
-0.75,1,69.893308
3.75,8,69.912213
1.75,18,69.955512
-0.25,2,69.960659
16.75,22,70.012337
6.75,16,70.051326
-0.75,1,70.054082
4.75,33,70.13224
0.25,3,70.140414
13.25,18,70.186893
8.0,28,70.260408
6.75,13,70.295573
12.0,24,70.357755
5.75,11,70.387468
0.75,1,70.390543
10.5,21,70.444038
1.25,5,70.456615
-0.25,2,70.461688
-0.25,2,70.466621
-0.25,2,70.471488
0.75,4,70.48102
9.75,22,70.534784
7.75,18,70.576593
0.25,3,70.584004
11.0,15,70.618148
0.25,3,70.625154
-6.25,14,70.658311
-1.25,3,70.666638
3.25,9,70.692224
-0.25,2,70.69767
9.25,20,70.744166
6.75,16,70.783472
-1.25,3,70.792067
5.25,13,70.828324
7.5,15,70.866692
11.0,21,70.916766
3.25,15,71.260742
11.0,22,71.311755
7.75,10,71.336985
10.75,24,71.397453
5.25,13,71.433205
6.25,15,71.471901
-1.25,1,71.474745
3.75,8,71.496097
-0.25,2,71.501952
10.75,24,71.563343
-0.25,2,71.568848
0.75,1,71.571616
0.25,3,71.57963
-0.25,2,71.585128
5.75,14,71.618281
1.75,27,71.69292
9.25,21,71.746956
5.75,20,71.798838
3.75,11,71.827294
-0.75,1,71.83006
-0.75,1,71.833013
-0.75,10,71.85843
0.75,1,71.861284
5.75,14,71.896902
8.5,17,71.940535
6.25,15,71.978853
6.25,15,72.017149
1.25,5,72.029487
3.25,9,72.050502
0.75,1,72.053374
-0.75,1,72.056351
-0.25,2,72.061955
-2.75,6,72.077848
0.75,4,72.088365
-1.25,3,72.096072
-0.25,2,72.101212
9.75,20,72.151145
10.25,18,72.195199
0.75,1,72.197715
0.75,1,72.200458
-0.75,7,72.216889
6.5,13,72.248602
-0.75,1,72.251626
4.25,11,72.278569
-0.75,1,72.281194
0.75,4,72.290598
8.25,19,72.335438
0.75,1,72.338236
-0.75,1,72.340976
-0.75,1,72.343549
0.25,3,72.351439
1.25,5,72.364387
0.75,1,72.367316
3.75,8,72.39313
9.5,14,72.431844
-0.25,2,72.437211
12.5,23,72.493071
2.75,8,72.513105
0.75,1,72.51586
7.75,18,72.852916
3.25,9,72.876519
9.0,18,72.92678
-0.75,1,72.930109
6.25,15,72.974267
-0.75,1,72.977059
2.25,10,73.003895
-0.75,4,73.016208
7.0,14,73.05517
18.25,22,73.110072
-0.25,2,73.115216
0.75,1,73.118006
7.25,15,73.155076
3.25,8,73.173965
-3.75,4,73.183356
-0.25,2,73.188425
5.75,14,73.221813
-2.25,4,73.231495
-0.25,2,73.236614
2.75,8,73.255122
-0.25,2,73.260192
2.75,14,73.293739
2.25,7,73.311333
-1.25,1,73.314244
0.75,4,73.325026
0.75,1,73.327948
0.25,3,73.336119
8.25,18,73.383508
0.75,1,73.386472
1.25,5,73.401366
-0.75,1,73.405084
-0.25,2,73.412494
0.75,4,73.426371
-0.25,2,73.433537
12.5,25,73.504122
-2.25,4,73.515793
4.25,20,73.581621
0.25,3,73.59205
-3.75,4,73.604147
-0.75,1,73.607387
1.25,5,73.621002
-0.75,1,73.62381
-11.75,12,73.655134
5.75,14,73.689465
-0.25,2,73.694287
1.75,6,73.709391
-1.25,1,73.712023
-1.25,3,73.719394
6.5,13,73.748378
-0.25,2,73.753102
1.25,8,73.771369
10.0,19,73.814787
-1.25,1,73.817539
11.5,23,73.87128
4.25,11,73.897239
0.75,4,73.907419
0.75,1,73.910203
6.25,15,73.946117
-0.75,1,73.948841
-1.25,3,73.956196
-0.25,2,73.961098
0.75,1,73.964016
8.75,11,73.98972
4.5,18,74.030841
-3.25,5,74.042915
2.25,4,74.053279
0.75,1,74.056209
1.75,6,74.071785
3.25,9,74.094471
1.75,4,74.104203
11.0,22,74.158399
10.25,15,74.498944
-0.25,2,74.504259
7.25,17,74.550553
0.75,1,74.553359
1.25,5,74.565893
9.25,21,74.623404
2.25,7,74.641364
-0.25,2,74.646665
-0.75,1,74.649472
21.0,30,74.724765
-9.25,11,74.754896
12.0,24,74.816147
10.0,17,74.855885
0.25,6,74.870711
8.0,14,74.90409
0.75,1,74.906838
8.75,15,74.943476
-0.25,2,74.948503
0.75,1,74.951169
4.75,12,74.979371
9.5,19,75.025387
-0.75,1,75.028495
1.75,6,75.044114
0.75,1,75.046839
2.25,19,75.094886
1.75,6,75.109737
-1.25,3,75.117597
0.75,11,75.145898
12.25,27,75.213784
-0.75,1,75.216579
7.5,15,75.25219
4.75,11,75.278126
0.75,1,75.280594
-1.25,3,75.28792
0.75,13,75.318562
5.75,14,75.350693
-19.25,21,75.401207
0.25,3,75.408734
12.25,21,75.460261
2.25,7,75.47998
0.75,1,75.482964
-0.25,2,75.488622
-9.25,11,75.515442
0.25,3,75.522454
-0.25,2,75.527521
7.75,18,75.570213
9.25,13,75.599988
-9.25,11,75.626706
-0.25,2,75.632164
-0.75,1,75.635017
10.25,18,75.678687
-0.25,2,75.683417
0.75,4,75.692821
-3.75,4,75.70211
-6.25,19,76.059016
7.75,16,76.097794
-0.75,1,76.100248
4.75,12,76.128993
10.25,23,76.183416
7.0,14,76.216063
3.25,9,76.237277
5.25,13,76.267658
-0.75,13,76.297348
11.5,19,76.341935
-3.25,5,76.353987
-0.75,1,76.356626
10.5,21,76.406501
10.0,20,76.460039
-0.25,2,76.465441
11.75,23,76.522613
11.5,23,76.581572
7.25,12,76.611647
-0.25,2,76.617009
5.25,13,76.649731
-1.25,3,76.658109
1.25,5,76.671011
-0.25,2,76.676752
9.25,14,76.711483
5.25,13,76.744501
-0.75,1,76.747164
0.75,1,76.749914
-1.25,1,76.752629
1.75,4,76.762338
17.0,25,76.820753
-8.0,17,76.861155
3.75,10,76.885789
0.25,3,76.893647
16.5,26,76.956511
0.75,4,76.966118
0.75,1,76.968542
11.25,23,77.021636
-1.25,3,77.029258
-9.25,11,77.057048
-1.25,3,77.064235
0.75,1,77.0669
0.25,3,77.074208
-0.25,2,77.07877
-9.25,11,77.105222
-0.25,2,77.110229
-14.25,16,77.147815
0.25,3,77.155265
0.25,3,77.163025
0.25,3,77.170926
-0.25,2,77.176216
5.25,9,77.198378
0.25,3,77.205893
-0.75,1,77.208452
5.25,13,77.238887
0.25,3,77.246126
32.0,48,77.678787
6.5,13,77.710551
-0.25,2,77.715683
-0.25,2,77.720914
9.0,18,77.767003
7.25,17,77.809153
0.75,1,77.811889
-1.25,3,77.819785
11.0,22,77.888359
3.25,9,77.914215
7.25,17,77.972764
4.75,12,78.005055
0.75,1,78.008284
16.25,35,78.113355
5.25,13,78.154443
6.25,15,78.197917
-0.75,1,78.20133
1.25,5,78.216257
3.5,21,78.271456
-0.75,1,78.274324
0.75,4,78.285222
-0.25,2,78.290637
9.0,18,78.335767
5.75,14,78.375818
-0.75,1,78.379485
16.5,31,78.460777
-3.25,5,78.47375
6.75,16,78.515118
-0.75,1,78.517999
0.75,1,78.521032
-7.25,9,78.54405
9.25,21,78.59428
5.25,13,78.626438
10.25,13,78.662461
-9.25,11,78.693851
9.75,22,78.752561
-16.75,23,78.841999
8.5,17,78.90415
7.5,15,78.952255
6.75,16,78.997131
3.5,15,79.040163
0.75,1,79.043023
-0.75,1,79.046076
1.25,5,79.058358
7.25,17,79.415425
3.25,9,79.436843
7.5,15,79.478744
-0.25,2,79.484374
-5.75,9,79.506888
-0.75,1,79.510012
9.75,16,79.551136
2.25,13,79.583684
-3.75,4,79.593606
0.25,3,79.600906
-1.25,1,79.603742
13.5,14,79.637937
8.25,19,79.688719
0.75,1,79.691892
1.75,6,79.708145
3.25,9,79.732605
11.75,22,79.792276
0.75,1,79.795213
12.5,17,79.840016
-0.25,2,79.845392
0.25,3,79.85371
1.25,5,79.868402
-0.75,1,79.871274
-5.25,13,79.905575
-0.25,2,79.911129
-1.25,6,79.926791
1.75,5,79.939255
0.75,4,79.950152
-0.25,2,79.955175
5.75,14,79.994632
-0.75,1,79.997447
-0.25,2,80.002839
2.25,6,80.017742
-0.75,1,80.020581
10.5,16,80.060143
0.25,3,80.068259
7.25,17,80.109526
-1.25,3,80.116953
0.75,4,80.128144
8.25,19,80.178307
-1.25,3,80.187569
-7.5,15,80.225372
0.75,1,80.228204
-4.25,6,80.242919
-9.75,15,80.286364
-0.75,1,80.291295
25.5,30,80.363931
23.0,23,80.423745
0.25,6,80.438234
22.5,25,80.493748
10.25,20,80.543141
25.5,30,80.614016
12.0,19,80.663917
0.75,4,80.674258
4.75,12,81.029299
0.75,4,81.039753
-0.75,1,81.042558
-3.25,5,81.056006
6.75,9,81.082306
-0.75,1,81.085253
2.75,14,81.120776
-0.25,2,81.12609
6.75,9,81.148574
-2.25,4,81.159478
1.25,5,81.172112
-0.25,2,81.177633
-1.25,3,81.185346
1.25,5,81.197177
3.25,15,81.235405
-1.25,3,81.248557
-0.25,2,81.257663
-0.75,1,81.261078
6.25,16,81.309286
7.75,18,81.361427
6.25,15,81.402596
-4.25,6,81.420004
-0.75,1,81.423296
0.25,3,81.432404
-0.25,2,81.438244
1.25,5,81.451995
3.25,9,81.475307
0.75,1,81.47815
-1.25,1,81.481075
2.25,7,81.499204
-1.25,3,81.506827
10.75,24,81.570562
5.25,13,81.60235
8.0,16,81.642704
6.25,24,81.705519
-0.25,2,81.710772
2.25,16,81.75093
0.75,1,81.754025
9.5,19,81.803018
0.25,3,81.810665
0.25,3,81.818153
8.25,17,81.85991
12.75,17,81.904501
4.75,12,81.933685
-0.25,2,81.939632
5.25,13,81.972428
8.25,17,82.01657
0.75,1,82.019522
-0.25,2,82.025599
5.75,14,82.061792
-2.25,4,82.073086
2.25,7,82.094631
5.75,14,82.130289
2.25,7,82.147898
-0.75,1,82.150684
0.75,4,82.161004
-2.75,9,82.184602
2.75,8,82.207633
9.25,21,82.263444
-3.75,7,82.281055
-0.75,1,82.283857
-2.25,4,82.294125
6.75,11,82.324492
6.25,15,82.362538
7.25,15,82.743491
-0.75,1,82.746498
2.25,7,82.767225
18.5,32,82.848739
0.75,4,82.859475
0.75,4,82.870558
9.25,21,82.927213
-1.25,3,82.935421
3.25,9,82.959098
0.75,4,82.96935
7.75,18,83.019433
0.75,3,83.027533
-0.75,1,83.030476
-4.25,9,83.054116
9.25,21,83.112301
0.75,1,83.115178
7.25,17,83.158288
-0.75,1,83.161697
4.25,11,83.19828
0.75,1,83.202046
7.0,14,83.24237
-0.75,1,83.245163
-0.25,2,83.250623
3.75,10,83.276524
0.75,1,83.279459
6.25,15,83.320243
2.75,8,83.341399
0.25,3,83.349562
3.75,10,83.375641
6.5,13,83.410333
0.75,4,83.42047
-0.25,2,83.425827
0.25,3,83.434077
-0.75,1,83.43746
0.75,1,83.440648
7.75,18,83.484473
3.75,10,83.510216
0.75,1,83.513006
12.75,29,83.593962
-0.75,1,83.596884
2.75,8,83.61806
8.5,20,83.674728
-1.25,6,83.693115
0.75,1,83.696475
-7.25,9,83.719701
8.0,16,83.761631
-0.25,2,83.768508
-0.25,2,83.777982
-0.25,2,83.784723
12.5,25,83.849123
-0.75,1,83.851658
-0.75,1,83.854456
6.25,15,83.892677
3.25,15,83.930544
1.25,21,83.979044
4.25,12,84.010594
-0.25,14,84.045106
0.75,1,84.047882
-1.25,1,84.050612
8.0,16,84.089195
-0.25,2,84.413402
0.25,3,84.421386
4.25,11,84.450621
5.25,9,84.473716
0.75,4,84.484364
-1.25,1,84.487044
0.25,3,84.495179
0.25,3,84.502936
9.0,18,84.548879
-0.25,2,84.554885
0.25,3,84.563383
2.25,7,84.58163
0.75,4,84.592086
-2.25,4,84.602452
-0.75,1,84.605363
1.25,5,84.61882
-0.25,2,84.624424
-0.25,2,84.629915
10.0,20,84.682423
-0.25,2,84.687874
2.75,11,84.717077
3.75,10,84.74274
10.0,14,84.779876
0.75,1,84.783297
-13.75,18,84.829474
10.5,17,84.872156
2.25,7,84.889477
-0.75,1,84.89245
10.75,19,84.942685
10.25,15,84.97957
9.75,19,85.027307
-0.25,2,85.032526
0.75,1,85.035342
1.25,4,85.04553
0.75,4,85.055781
9.75,22,85.111485
15.25,24,85.17264
1.25,5,85.185211
-0.75,11,85.210657
2.75,8,85.229889
-0.75,1,85.233285
9.0,18,85.280555
-2.25,4,85.291022
-0.25,13,85.323524
3.75,6,85.33971
5.75,13,85.373159
0.25,3,85.381822
-3.75,4,85.392339
-0.25,2,85.397715
6.25,15,85.43549
2.25,4,85.446948
8.25,17,85.496716
8.25,12,85.529702
1.25,5,85.542604
6.75,16,85.584696
8.25,18,85.629384
2.75,5,85.6416
10.25,22,85.698211
2.25,16,85.739151
-0.25,2,86.055097
0.25,3,86.063022
-5.25,7,86.08114
1.75,5,86.094704
0.25,3,86.102617
2.25,7,86.12286
8.25,18,86.169983
2.25,13,86.203685
10.0,22,86.261818
5.25,13,86.308531
13.0,24,86.395176
4.25,26,86.474508
2.75,8,86.494928
6.75,16,86.539971
6.0,12,86.577404
7.75,18,86.62495
4.25,11,86.653958
7.25,17,86.697432
6.75,16,86.73737
-0.25,2,86.742529
-2.25,4,86.752255
1.75,6,86.76763
1.25,5,86.780132
5.25,10,86.807396
0.25,3,86.815614
3.75,7,86.83385
-0.25,2,86.839626
0.75,1,86.842588
-0.25,2,86.849189
4.75,10,86.874925
6.25,15,86.911791
4.25,20,86.958403
-0.25,2,86.963522
13.0,17,87.00585
0.25,3,87.015607
-0.75,1,87.018557
12.25,27,87.088543
-0.25,2,87.09404
4.0,29,87.168702
0.75,1,87.171586
0.25,3,87.179422
-0.75,1,87.182155
0.25,3,87.190255
1.25,5,87.203071
6.5,13,87.235334
0.25,3,87.243489
-3.25,5,87.257387
-0.25,2,87.262814
2.25,7,87.281142
-0.25,2,87.286468
14.0,28,87.357502
0.75,4,87.368952
1.25,5,87.382793
0.25,3,87.390946
0.75,1,87.393573
0.25,3,87.401217
3.75,16,87.752637
3.75,10,87.778263
12.25,33,87.864267
0.25,3,87.872732
6.25,18,87.938107
-2.25,4,87.950493
0.75,1,87.954112
0.75,1,87.957344
0.25,3,87.972063
7.25,17,88.044585
0.25,12,88.076206
-0.25,2,88.081843
4.75,12,88.113406
-0.25,2,88.119485
7.25,15,88.167656
-0.25,2,88.173059
-0.25,2,88.178388
1.25,5,88.191203
-0.25,2,88.197283
8.75,20,88.260301
-0.75,1,88.264017
-3.25,5,88.278725
-6.25,11,88.318772
-1.25,1,88.322405
13.25,25,88.40006
-5.75,6,88.415454
-0.75,1,88.4182
-0.25,2,88.423604
1.75,6,88.439094
7.25,17,88.486206
0.25,3,88.494681
-4.25,15,88.535275
-0.75,1,88.538228
-0.75,1,88.541383
6.25,15,88.580348
10.25,21,88.632482
7.75,18,88.678184
-1.25,3,88.686251
0.25,3,88.694044
11.75,16,88.734906
7.25,16,88.774262
-0.75,1,88.777088
0.75,1,88.779945
-1.25,3,88.787597
1.75,5,88.800225
2.75,6,88.817201
3.25,9,88.841329
-0.75,1,88.844115
1.75,6,88.859578
2.75,8,88.881775
1.25,5,88.895442
-2.25,4,88.90696
-1.25,6,88.925013
-0.75,1,88.928812
32.0,48,89.062632
5.75,14,89.098783
0.25,3,89.106864
8.5,23,89.166504
1.75,6,89.181759
-1.25,3,89.189473
-1.0,19,89.624239
0.75,4,89.635092
-0.25,2,89.640634
-0.75,1,89.643623
3.75,16,89.68566
-0.75,1,89.688664
12.75,28,89.761223
10.0,20,89.808009
18.5,19,89.857601
-0.75,1,89.860451
-0.25,2,89.86604
8.5,17,89.913128
9.5,19,89.958606
-0.75,1,89.961446
-9.25,11,89.988144
1.25,5,90.00167
0.25,3,90.009583
-0.75,1,90.012397
10.75,24,90.075403
2.25,4,90.085256
-0.25,2,90.090861
-0.25,2,90.096076
0.25,3,90.10366
-0.75,1,90.106585
10.0,20,90.159604
0.75,4,90.170344
9.75,20,90.217918
-2.25,4,90.228364
0.25,3,90.235827
0.75,13,90.270294
6.25,15,90.318014
-0.75,1,90.321523
14.5,23,90.395218
12.25,27,90.472271
9.5,13,90.506947
5.0,19,90.562018
0.75,4,90.57529
0.25,3,90.584675
-0.75,1,90.588125
3.75,4,90.600201
10.75,22,90.669985
0.75,4,90.682324
-0.25,2,90.688231
-0.75,1,90.691039
-0.75,1,90.694146
-1.25,3,90.702161
7.25,14,90.737132
7.5,21,90.786947
8.25,19,90.832215
12.5,22,90.889602
17.0,34,91.292261
5.75,13,91.325596
10.0,23,91.422422
1.75,6,91.454681
-0.75,7,91.482702
7.5,21,91.552293
8.75,20,91.601919
-0.25,2,91.6067
6.5,13,91.638757
8.25,19,91.689655
-3.25,11,91.717881
-4.25,24,91.775998
-0.25,2,91.780989
17.5,32,91.859992
6.0,12,91.888289
-0.25,2,91.893223
0.75,1,91.895925
2.25,7,91.912515
1.75,6,91.926656
0.75,1,91.929204
5.75,11,91.954637
5.75,14,91.987104
3.75,10,92.010597
-0.25,2,92.01566
0.75,7,92.032429
0.75,4,92.04277
-1.25,3,92.049724
0.25,21,92.099614
9.5,19,92.145956
10.25,18,92.18944
0.75,4,92.198686
-1.25,3,92.205854
4.75,17,92.247044
0.75,1,92.249828
8.0,16,92.286868
9.5,14,92.320934
12.25,27,92.387209
5.25,13,92.417819
1.25,5,92.429694
4.25,20,92.475758
9.25,11,92.502374
-3.25,10,92.526036
-1.25,3,92.533504
-0.25,2,92.538305
-9.25,11,92.564382
0.25,3,92.571949
8.25,12,92.599102
33.75,45,93.008677
5.0,19,93.051873
20.75,39,93.143875
0.75,1,93.146625
-3.5,14,93.180241
-6.0,18,93.223176
6.5,13,93.253658
-0.25,2,93.258837
-0.75,1,93.261593
-4.25,6,93.276821
1.25,14,93.31106
-4.25,24,93.373212
25.5,30,93.454606
9.75,16,93.492968
-1.25,3,93.500762
-0.25,2,93.506663
-2.75,9,93.529749
-0.25,2,93.534873
12.75,24,93.590385
3.75,10,93.613997
7.75,16,93.651678
1.25,5,93.663947
12.75,28,93.731917
19.0,26,93.795824
14.5,23,93.851485
-0.75,7,93.868526
5.25,13,93.899875
0.25,3,93.907687
-1.25,3,93.915246
6.75,16,93.952371
3.25,5,93.964896
6.0,12,93.994213
3.25,10,94.018374
-1.25,1,94.021131
7.25,17,94.060466
-3.75,4,94.069531
12.25,19,94.11269
0.75,4,94.122161
7.25,17,94.471168
0.75,7,94.488363
7.75,18,94.537601
-13.25,19,94.59735
2.75,8,94.618448
8.75,13,94.651898
4.25,8,94.672566
2.25,5,94.686389
7.25,15,94.726211
0.25,6,94.743004
2.25,6,94.758913
2.75,14,94.795249
-0.25,2,94.8007
5.25,13,94.835376
0.75,1,94.838082
-0.25,2,94.843309
1.25,5,94.855709
2.25,19,94.899714
0.25,3,94.907609
-0.25,2,94.913242
0.75,4,94.923438
1.25,13,94.954589
8.75,18,94.995399
3.75,7,95.012039
6.75,16,95.050612
1.75,3,95.05811
2.75,14,95.091896
-0.75,1,95.094537
-12.5,17,95.135076
17.25,30,95.209459
10.5,21,95.259988
3.25,18,95.302884
-4.25,9,95.325595
-0.75,13,95.356671
-0.25,2,95.361892
6.75,16,95.400093
-0.25,2,95.405012
0.75,4,95.416133
-7.75,20,95.466224
4.75,12,95.495522
5.75,14,95.527243
2.75,5,95.539992
13.0,26,95.601662
3.0,14,95.634172
0.25,3,95.641998
5.25,9,95.66762
5.75,14,95.703971
5.75,11,95.731744
6.5,13,96.09062
0.75,1,96.093301
3.25,9,96.113809
-0.25,2,96.119125
6.75,12,96.150259
-0.75,1,96.153539
7.25,23,96.210452
8.75,20,96.257389
-2.25,4,96.266693
7.5,18,96.31063
5.25,13,96.344029
0.25,3,96.351084
-0.75,1,96.353851
7.75,15,96.391914
-0.75,1,96.394708
2.25,4,96.404402
-1.25,1,96.407156
6.75,14,96.443461
12.5,14,96.477302
0.25,3,96.484379
6.5,13,96.51524
-3.75,10,96.53725
11.5,23,96.590136
1.25,5,96.603346
12.5,25,96.667599
4.25,11,96.695277
-0.25,2,96.699963
-2.25,7,96.716354
-0.75,1,96.718953
-0.25,2,96.723741
0.75,4,96.733007
7.25,17,96.770845
-0.75,1,96.773319
-7.75,11,96.799837
-0.25,2,96.80444
-0.75,1,96.806973
2.75,17,96.846976
0.75,1,96.849625
0.25,3,96.856912
11.75,23,96.909769
-0.75,1,96.912215
-7.25,9,96.934976
-1.25,3,96.942662
-0.25,2,96.947361
-0.25,2,96.95209
2.75,8,96.971837
4.25,11,96.996889
-0.75,1,96.999368
6.75,14,97.033764
5.75,14,97.066157
-0.25,2,97.071088
12.0,19,97.116418
-0.25,2,97.121962
-0.75,10,97.147029
2.25,7,97.163379
7.0,14,97.196413
-6.75,13,97.227242
10.0,20,97.276394
-0.25,2,97.281433
0.75,1,97.284018
-1.25,9,97.305915
7.75,15,97.649606
0.75,1,97.652162
8.25,19,97.697205
-2.25,4,97.707089
0.75,1,97.709581
-0.75,1,97.712229
0.75,1,97.714775
0.75,4,97.724819
0.75,1,97.727552
0.25,3,97.735013
2.25,4,97.74528
1.25,14,97.779084
-0.25,2,97.783938
3.5,22,97.835554
-2.25,7,97.852249
4.75,10,97.877307
0.75,1,97.880069
19.75,41,97.974403
5.75,14,98.007286
-0.75,1,98.009744
8.5,17,98.048647
-2.25,4,98.058609
32.0,48,98.174397
9.5,19,98.221926
-0.25,2,98.226959
16.5,33,98.304456
-1.25,1,98.306988
6.75,14,98.34029
7.25,17,98.380626
6.75,11,98.408762
2.25,7,98.427686
0.75,1,98.43051
15.5,29,98.505381
8.75,11,98.534644
0.75,1,98.537833
0.25,3,98.545842
11.75,18,98.591727
8.75,12,98.621735
6.75,16,98.663221
3.25,15,98.700433
-2.25,4,98.710664
-0.25,2,98.715624
8.0,14,98.748377
-1.25,3,98.756525
-0.25,2,98.762245
3.75,10,98.78625
-0.25,2,98.791094
0.75,1,98.794056
3.75,8,98.814218
0.75,1,98.817156
5.25,13,98.850359
0.25,3,98.858456
8.5,17,99.200041
0.75,1,99.202957
9.25,21,99.254807
7.25,16,99.293421
7.25,17,99.333632
6.75,16,99.372709
1.75,6,99.388388
-0.25,2,99.393722
-0.75,1,99.396623
10.75,27,99.464979
11.5,19,99.515415
-1.25,3,99.523309
-9.75,19,99.568518
7.25,17,99.61141
10.25,20,99.662118
3.75,10,99.685832
5.75,11,99.71375
10.0,20,99.766228
1.75,6,99.781697
-0.75,1,99.784602
-0.25,2,99.789764
-2.75,6,99.805071
2.75,11,99.831496
0.75,1,99.834466
0.25,3,99.841612
12.5,22,99.896225
-5.25,7,99.914735
-0.25,2,99.92114
-1.75,5,99.936202
-0.25,2,99.94225
10.75,14,99.981367
6.75,12,100.013109
5.0,13,100.045982
21.0,31,100.125744
8.0,14,100.162283
3.75,4,100.172479
0.75,4,100.182789
-0.75,1,100.185632
0.75,1,100.188738
9.25,21,100.242253
10.5,21,100.293815
7.75,15,100.328104
-0.25,2,100.333328
-4.25,6,100.348472
8.0,16,100.390414
8.75,12,100.421651
17.5,29,100.81033
3.25,9,100.834741
-0.25,2,100.840114
0.75,4,100.850117
-13.25,15,100.887236
9.0,18,100.932191
-1.25,6,100.947462
5.75,14,100.981888
15.5,19,101.030392
5.75,14,101.065467
10.25,21,101.115184
2.75,8,101.137765
-0.25,2,101.143041
-1.25,3,101.15077
7.25,17,101.193072
-0.25,2,101.198314
4.75,12,101.228296
-0.25,2,101.23356
11.25,13,101.267352
2.75,8,101.287521
1.25,5,101.300442
0.75,4,101.311035
-0.25,2,101.31621
10.25,23,101.377438
-0.25,2,101.38511
-4.75,17,101.429989
-0.25,2,101.435358
-0.25,2,101.440673
-0.25,11,101.467727
2.75,5,101.481394
-4.25,6,101.495711
10.5,16,101.533792
-0.25,2,101.538546
13.5,23,101.59669
3.25,9,101.619594
9.75,15,101.657749
-1.25,3,101.665369
17.75,36,101.754859
-14.75,15,101.790745
-1.25,3,101.797794
-0.25,2,101.802952
-0.25,2,101.808789
1.75,6,101.824974
-0.75,1,101.827816
0.75,4,101.838151
14.5,26,101.900614
12.0,18,101.945359
-0.75,1,101.947944
0.75,1,101.950379
8.75,20,101.999028
-0.75,1,102.001948
7.75,18,102.04897
-8.25,10,102.074433
7.25,9,102.433021
-0.25,2,102.438645
8.0,14,102.479204
0.75,4,102.490745
4.75,12,102.524736
18.0,25,102.590381
-9.25,11,102.617444
0.75,1,102.620174
0.75,1,102.622935
2.75,7,102.639717
6.75,16,102.67809
10.0,23,102.735994
-0.25,2,102.741229
10.5,21,102.790941
-0.75,1,102.793869
-0.25,2,102.799384
6.75,16,102.840861
11.0,15,102.87784
10.0,20,102.92668
12.75,25,102.989013
-12.25,14,103.024023
5.75,14,103.060344
6.5,16,103.100471
6.75,16,103.1387
3.75,10,103.165486
8.0,16,103.206825
-0.25,2,103.212328
6.75,12,103.242969
5.25,11,103.271741
-6.25,8,103.291151
3.75,10,103.314415
0.75,1,103.31714
8.5,17,103.362519
-1.25,3,103.371638
7.75,18,103.418899
5.75,14,103.454214
8.75,17,103.500414
-3.5,20,103.552741
7.25,17,103.596846
-0.75,1,103.599788
7.0,17,103.643202
1.25,12,103.67383
-0.25,2,103.679182
-0.75,1,103.682077
5.25,22,104.115918
7.25,17,104.163833
-0.25,2,104.169142
-1.25,1,104.171838
2.25,13,104.203756
2.25,4,104.212958
7.25,20,104.262097
16.5,18,104.32012
0.25,3,104.327908
2.75,8,104.347887
22.5,25,104.414896
-0.25,3,104.423213
10.25,23,104.484075
0.75,1,104.487006
36.0,42,104.592232
5.25,13,104.62419
6.25,15,104.660439
0.75,1,104.663148
3.75,10,104.686614
-0.75,1,104.689337
0.75,4,104.699116
16.5,22,104.762213
0.75,1,104.765478
0.25,3,104.773708
12.25,24,104.836985
8.0,14,104.870453
5.25,13,104.90165
2.25,10,104.925251
9.25,16,104.963103
-0.25,2,104.968307
6.25,15,105.004142
3.25,9,105.025698
-1.25,15,105.067338
0.75,4,105.07808
-1.25,1,105.08104
-0.25,2,105.086382
8.75,23,105.140975
8.0,15,105.180812
2.25,7,105.198061
9.25,13,105.230891
0.75,1,105.233766
12.5,24,105.300757
0.25,3,105.308714
0.75,1,105.311521
10.75,16,105.351727
1.75,24,105.417693
-4.75,14,105.776606
7.75,15,105.818172
-0.75,1,105.821437
9.5,19,105.87223
27.0,46,105.98624
-1.25,3,105.99424
0.75,4,106.004704
0.25,3,106.012693
10.25,23,106.070736
-1.75,8,106.090474
12.5,25,106.150355
8.25,12,106.181357
0.75,1,106.183995
-0.25,2,106.189126
1.25,5,106.201586
1.25,5,106.215431
3.25,9,106.240879
3.25,15,106.279691
4.75,12,106.311282
-0.25,2,106.316461
5.25,13,106.347514
0.75,1,106.349918
1.75,6,106.364429
0.75,1,106.367241
8.0,16,106.409341
-0.75,1,106.41214
0.25,3,106.41963
15.75,31,106.493074
-0.25,2,106.498841
-1.25,3,106.50764
10.0,15,106.544976
1.75,6,106.560753
2.25,7,106.578428
1.75,6,106.593145
6.75,16,106.633507
3.25,6,106.648708
-1.25,3,106.656391
-8.25,10,106.68005
6.75,11,106.705568
4.75,12,106.737434
5.75,14,106.772345
-0.25,2,106.777463
-0.25,2,106.782534
11.25,15,106.818061
11.5,18,106.865651
3.75,10,106.891228
8.5,20,106.943192
-0.75,1,106.94607
12.5,25,107.011977
-0.25,2,107.017421
1.75,6,107.033749
3.75,14,107.379879
13.75,23,107.438878
2.75,8,107.459813
3.25,12,107.489036
0.25,3,107.49658
3.75,13,107.530179
2.75,5,107.543041
4.5,15,107.578172
1.75,6,107.592976
17.0,33,107.674868
6.75,19,107.720279
0.75,1,107.723268
-3.25,5,107.737948
12.75,20,107.788141
-1.25,3,107.796125
-1.25,3,107.803404
3.75,16,107.840193
-0.25,2,107.845491
-0.25,2,107.851701
1.75,6,107.867141
-0.25,2,107.872614
6.25,13,107.90303
7.75,18,107.948225
0.25,3,107.956766
38.0,49,108.083704
3.25,7,108.101394
2.25,7,108.119069
-0.25,2,108.124451
-0.25,2,108.130646
-7.25,9,108.155028
7.25,17,108.19895
1.75,6,108.214147
2.75,8,108.234278
-2.25,4,108.244163
-0.25,2,108.24919
6.75,16,108.287747
6.75,16,108.329392
0.75,1,108.3323
6.75,15,108.369831
-0.25,5,108.382755
-0.25,2,108.388555
6.75,16,108.430299
12.5,24,108.491577
-0.25,2,108.496989
7.25,17,108.546988
3.25,9,108.572275
13.75,24,108.635607
2.75,14,108.673877
0.75,1,108.676861
26.5,40,109.097225
7.75,16,109.137246
11.5,23,109.192054
-0.25,2,109.198945
-0.25,2,109.20441
-0.75,16,109.244422
-0.25,2,109.249567
8.0,15,109.287724
6.25,15,109.32616
4.25,11,109.35464
-2.25,4,109.364729
0.25,3,109.372127
6.25,14,109.408038
0.75,4,109.419445
5.75,14,109.453065
-0.75,1,109.45595
4.25,10,109.479386
4.75,7,109.49618
5.75,14,109.532168
14.0,28,109.60167
0.25,3,109.609175
11.0,20,109.663018
3.25,9,109.684876
4.25,11,109.712193
11.25,25,109.780228
12.5,25,109.843047
14.0,24,109.905189
8.75,15,109.941573
-0.25,2,109.94673
-0.25,2,109.952006
-0.25,2,109.957062
-0.25,2,109.961881
-1.25,3,109.969791
4.75,12,110.001757
-6.25,17,110.043731
18.25,31,110.126907
8.5,20,110.179147
12.5,25,110.24435
-0.25,2,110.249705
9.75,14,110.287168
7.0,14,110.640415
3.75,10,110.667618
17.5,32,110.748292
5.75,15,110.786632
8.25,19,110.835937
-0.25,2,110.841511
-1.25,3,110.849263
8.5,15,110.888612
8.0,16,110.926466
1.25,5,110.938557
16.5,26,111.003379
9.5,16,111.047286
2.75,7,111.064916
0.75,3,111.073536
1.25,5,111.086408
7.25,17,111.130209
9.75,22,111.18182
9.5,19,111.229748
8.75,17,111.27273
6.5,13,111.304759
-0.25,2,111.310227
-0.25,2,111.315584
14.5,29,111.410094
19.25,42,111.548749
-3.25,5,111.562766
0.75,4,111.573247
-0.75,4,111.584181
-0.75,1,111.587027
16.25,26,111.650265
2.25,7,111.669016
-2.0,26,111.735073
16.5,22,111.792561
-5.25,7,111.810458
-5.25,13,111.843438
11.0,22,111.900386
-0.25,2,111.905579
1.25,5,111.918528
-0.75,1,111.921264
-0.25,2,111.926576
0.75,1,111.929385
8.75,20,111.982886
12.75,22,112.355246
-0.25,2,112.360107
-1.25,9,112.381029
1.25,5,112.393618
0.75,1,112.396308
2.75,14,112.427851
11.75,18,112.474926
0.75,4,112.48542
-1.25,3,112.493043
10.0,20,112.539522
9.25,21,112.593173
-0.75,1,112.595903
0.75,4,112.605663
0.75,4,112.615008
12.0,23,112.670308
0.25,3,112.678754
2.25,4,112.68989
5.75,14,112.723858
0.75,4,112.733724
-6.25,8,112.752171
-0.75,1,112.754814
6.75,16,112.794917
0.75,4,112.805287
5.25,13,112.838391
1.25,5,112.850838
9.25,21,112.903185
-0.75,1,112.906021
0.75,4,112.916281
7.5,18,112.96258
-1.25,3,112.970736
5.25,13,113.002401
0.75,1,113.005437
-2.25,4,113.016564
-0.75,1,113.019296
-0.25,2,113.024241
10.5,15,113.061222
0.25,6,113.075654
7.75,17,113.115846
8.5,17,113.159539
8.5,23,113.214825
9.75,19,113.262966
-4.75,8,113.28263
4.25,10,113.308011
0.75,1,113.310859
6.0,12,113.342982
-0.25,2,113.348476
-0.25,2,113.354057
5.75,14,113.390589
0.25,3,113.398589
15.5,30,113.476211
2.25,7,113.494027
12.5,22,113.551068
10.5,19,113.919604
6.25,12,113.950651
9.0,18,113.994549
7.5,15,114.034425
14.5,23,114.092474
2.75,8,114.112478
15.5,31,114.1956
6.5,13,114.226981
0.75,1,114.229613
11.75,18,114.276844
10.5,21,114.328766
-0.25,2,114.334038
6.25,18,114.379905
-1.25,3,114.392264
18.5,32,114.484662
0.75,1,114.487509
11.75,21,114.539601
8.75,14,114.575961
11.75,22,114.632637
9.25,21,114.686226
2.5,17,114.729206
6.25,11,114.760024
0.25,3,114.7691
27.0,46,114.888592
6.25,16,114.92772
-3.25,5,114.940926
-9.25,20,114.992224
2.25,4,115.002516
-0.25,2,115.008061
-1.75,5,115.022124
2.25,7,115.04059
-0.75,1,115.043417
6.25,10,115.069315
0.25,3,115.077528
8.5,17,115.120892
5.25,16,115.162891
9.75,22,115.218066
-0.75,1,115.220837
-0.75,1,115.22372
2.75,5,115.236647
-0.75,1,115.239511
-0.75,1,115.242713
12.0,18,115.609702
9.25,20,115.65931
0.25,3,115.666942
0.75,1,115.6696
3.75,7,115.686275
8.75,18,115.730418
8.75,20,115.777462
0.75,1,115.780309
0.75,1,115.783154
-1.25,3,115.791092
-0.25,2,115.796946
-0.75,1,115.800367
3.25,9,115.82974
-3.75,7,115.84875
6.75,16,115.889056
2.25,7,115.906417
10.75,24,115.965789
10.5,20,116.015033
1.75,6,116.031389
-2.25,4,116.041766
-0.75,1,116.044634
14.5,23,116.101424
0.75,4,116.111593
12.5,20,116.16304
-0.75,1,116.165871
0.75,1,116.168592
1.25,5,116.181
4.75,12,116.209237
-2.25,4,116.218767
20.5,24,116.27869
11.5,23,116.334881
10.0,22,116.391742
2.75,8,116.412131
17.5,22,116.462563
15.25,29,116.536229
-0.75,1,116.539181
-0.75,1,116.542198
1.75,6,116.557894
21.0,31,116.640665
-0.25,2,116.64639
0.25,3,116.654172
10.0,15,116.693518
-0.25,2,116.699412
7.0,14,116.737975
3.25,7,116.756099
3.75,11,116.786439
4.25,13,116.821674
3.75,6,116.837177
1.75,6,116.852489
8.75,13,117.201005
1.25,5,117.213386
4.75,12,117.241652
-10.75,14,117.276989
-0.25,2,117.281946
4.75,12,117.310833
-0.25,2,117.315627
19.25,38,117.413391
15.5,26,117.476939
7.5,18,117.522463
0.75,1,117.525018
8.75,18,117.56933
1.25,17,117.614684
0.75,3,117.622511
-2.0,14,117.655198
9.75,21,117.707042
6.75,16,117.751332
0.75,4,117.761552
11.25,19,117.811008
0.75,4,117.822139
-1.25,3,117.830687
2.75,8,117.851203
-0.75,1,117.854064
11.5,23,117.905212
-0.75,1,117.907785
-2.25,10,117.932862
1.25,14,117.968914
0.75,1,117.971738
5.75,14,118.006515
9.25,21,118.059775
26.5,40,118.158689
5.25,13,118.192555
9.0,18,118.238146
6.75,16,118.281002
25.5,30,118.356822
-0.25,2,118.362405
10.0,16,118.409661
12.0,18,118.456715
13.5,21,118.899759
-2.25,4,118.909995
2.75,8,118.9312
17.0,25,118.995591
-2.75,9,119.01877
2.75,8,119.039033
13.0,19,119.087035
9.5,19,119.134671
11.0,22,119.190846
3.25,9,119.213119
3.75,16,119.249558
10.0,20,119.299246
16.5,22,119.352118
15.25,36,119.439164
0.75,1,119.441725
-0.25,2,119.446531
8.0,16,119.484551
10.25,29,119.558783
8.0,16,119.595366
7.0,14,119.631967
2.25,7,119.650115
3.25,15,119.688291
4.75,9,119.710737
6.25,12,119.745034
11.5,22,119.802151
12.0,18,119.850093
2.5,20,119.900404
14.0,25,119.96179
-0.75,1,119.965082
-0.75,1,119.967947
-0.75,1,119.970787
-1.25,9,119.994337
9.0,18,120.038312
11.25,25,120.099777
3.75,13,120.129966
2.0,22,120.516288
-0.75,1,120.518839
10.0,19,120.562368
6.25,31,120.642451
-11.25,13,120.674228
2.25,16,120.7144
8.0,14,120.75086
20.5,31,120.83091
6.75,16,120.87523
7.75,18,120.92099
6.25,27,120.987865
6.25,15,121.026482
1.75,6,121.041712
1.75,6,121.056302
9.5,19,121.104231
-0.25,2,121.109596
7.0,14,121.14954
0.75,1,121.151992
14.25,25,121.225079
5.75,14,121.266275
1.25,5,121.281771
-14.25,16,121.330498
8.25,19,121.379612
8.25,17,121.42498
5.25,13,121.458574
-6.0,29,121.531236
10.5,21,121.588354
17.0,30,121.672131
-0.25,2,121.677432
28.5,42,121.785664
-6.25,8,121.805471
14.5,23,122.178327
-6.25,8,122.19957
1.25,5,122.21223
-0.75,1,122.215017
4.25,13,122.246482
0.75,1,122.249506
9.5,19,122.298962
3.5,16,122.339879
0.75,4,122.350124
5.75,14,122.385042
0.75,4,122.395154
0.75,1,122.398093
6.0,12,122.429379
2.75,8,122.449386
8.25,19,122.496643
-0.75,1,122.499545
2.25,19,122.549296
1.25,5,122.56181
25.5,36,122.652894
10.0,17,122.695093
-0.75,1,122.697966
-2.75,6,122.712926
4.75,12,122.743689
6.0,12,122.773998
0.75,1,122.776758
1.25,5,122.789223
3.25,6,122.803979
-0.25,2,122.809073
-0.25,2,122.81404
14.5,26,122.879114
0.75,1,122.881989
7.0,14,122.915349
7.0,14,122.949121
-0.75,1,122.952003
10.5,12,122.982936
1.75,6,122.998148
0.75,4,123.008294
0.75,1,123.011088
0.75,1,123.013973
9.25,20,123.062942
10.5,21,123.117025
16.0,24,123.177186
0.75,1,123.1801
3.75,10,123.206206
0.25,18,123.252129
9.0,18,123.299256
-0.75,1,123.302167
1.75,6,123.318575
10.25,21,123.371246
1.25,5,123.384615
-0.75,1,123.38759
0.75,1,123.39036
0.75,1,123.39362
3.25,9,123.416937
8.25,16,123.783534
1.75,4,123.794003
0.75,4,123.804379
6.75,14,123.839683
4.25,11,123.868738
7.25,11,123.896931
0.75,1,123.89993
11.25,25,123.960139
6.25,15,123.999514
-0.75,1,124.002379
0.25,3,124.010153
5.75,14,124.044329
-0.75,1,124.047212
-1.25,3,124.055141
-10.25,12,124.085867
-3.25,5,124.101568
1.25,5,124.114025
3.75,10,124.140134
-5.25,7,124.15748
0.25,3,124.165686
5.25,13,124.19864
5.25,12,124.229112
9.25,16,124.270259
11.5,23,124.32852
-10.5,15,124.367407
9.25,19,124.416337
-9.25,11,124.445281
-0.75,1,124.44812
1.25,5,124.464521
0.75,1,124.467947
-0.25,2,124.474154
7.25,17,124.51684
3.25,9,124.539401
0.5,16,124.578681
1.75,3,124.585869
1.25,3,124.593439
0.75,1,124.596236
7.5,15,124.634017
-0.75,1,124.636505
1.75,6,124.6517
0.75,1,124.654454
-0.25,2,124.659745
-0.25,2,124.664993
-0.75,16,124.705512
8.5,17,124.751154
0.75,1,124.75448
14.5,26,124.824312
0.75,1,124.827089
4.75,15,124.86557
-0.25,2,124.871676
-0.25,2,124.87788
4.25,8,124.899469
10.75,24,124.960186
17.25,22,125.016142
0.75,4,125.026145
9.75,14,125.061334
-3.25,5,125.074175
-0.25,2,125.081213
0.25,3,125.090567
4.75,12,125.439553
8.5,17,125.483875
6.25,15,125.521822
3.25,9,125.544209
-2.75,3,125.551635
2.75,8,125.571625
0.75,1,125.574586
9.5,19,125.620556
-0.25,2,125.625738
0.75,1,125.628382
0.75,1,125.631046
6.0,12,125.661258
-6.75,7,125.681156
7.25,17,125.72516
14.0,24,125.787035
1.25,17,125.831363
1.25,5,125.84461
5.75,14,125.879359
5.75,14,125.916307
-0.25,2,125.922006
-0.75,1,125.924835
0.75,4,125.93542
14.5,23,125.993243
4.25,9,126.016151
11.5,23,126.071182
0.75,1,126.074018
0.75,1,126.076581
7.75,18,126.12161
11.75,20,126.171259
3.75,13,126.203751
12.75,25,126.266142
-0.25,2,126.271664
8.75,20,126.323283
2.25,7,126.341479
0.25,3,126.349248
5.25,13,126.384733
0.75,1,126.389884
8.0,16,126.450272
25.0,39,126.578901
-0.25,2,126.584457
9.0,18,126.631368
12.75,18,126.678831
-0.25,2,126.684586
15.0,30,126.758522
0.75,1,126.761441
7.25,17,127.117429
-0.25,2,127.122622
3.75,13,127.155834
9.0,17,127.198001
15.0,25,127.261355
-0.25,2,127.266649
-3.25,5,127.279556
0.75,1,127.282335
-1.25,3,127.290495
-0.25,2,127.295876
3.25,9,127.318567
0.75,1,127.321312
6.25,13,127.35642
21.5,29,127.428726
9.25,15,127.468544
8.75,20,127.519836
-1.25,3,127.528243
16.0,24,127.588187
1.75,6,127.60165
4.5,15,127.636787
-0.75,1,127.639455
4.75,12,127.669402
-0.25,2,127.674817
16.5,22,127.729471
0.75,4,127.739328
-0.75,1,127.742159
0.75,1,127.74495
7.25,20,127.794638
6.5,13,127.828839
0.25,9,127.852312
-1.25,3,127.860503
0.25,4,127.87074
-1.25,3,127.878946
8.75,20,127.932162
0.75,4,127.942566
5.75,14,127.978737
11.25,19,128.030171
0.75,1,128.032954
9.5,25,128.096964
-1.25,3,128.104841
9.25,18,128.153359
14.5,29,128.228473
31.75,40,128.331846
0.75,1,128.334824
9.5,18,128.381982
8.0,16,128.726016
6.5,13,128.762432
0.75,1,128.765355
15.25,22,128.824731
3.25,9,128.847259
-0.75,1,128.849998
2.75,8,128.87037
1.75,6,128.885597
0.25,3,128.893325
2.25,7,128.911534
-3.25,11,128.939014
7.0,14,128.971743
-0.25,2,128.976635
0.75,4,128.987451
6.0,12,129.016408
1.25,5,129.030444
-3.25,5,129.043139
0.75,1,129.046127
1.25,5,129.058871
9.0,18,129.103362
13.5,27,129.172364
10.25,16,129.213388
1.25,5,129.226508
15.5,25,129.292717
6.5,13,129.325517
6.0,12,129.358582
5.25,22,129.414948
-2.75,3,129.422882
-0.25,2,129.428166
7.0,14,129.462351
0.75,1,129.465271
2.25,7,129.48426
-0.75,1,129.487029
0.75,1,129.489828
-1.25,3,129.49755
36.5,40,129.593212
-23.0,23,129.652962
-0.25,2,129.658425
4.75,12,129.690474
0.75,1,129.693536
8.5,17,129.738718
9.0,18,129.790238
0.75,1,129.793392
1.75,3,129.801696
7.0,14,129.838661
-2.25,4,129.849276
13.5,20,129.90033
9.25,16,129.940744
0.75,1,129.943665
-0.75,1,129.946448
32.0,48,130.419225
14.5,23,130.482455
19.0,26,130.55045
3.75,13,130.586489
7.25,20,130.637534
0.75,7,130.655589
11.0,21,130.713426
-0.75,1,130.71663
2.25,7,130.73478
-0.75,1,130.73758
0.75,25,130.798851
3.75,10,130.827579
-0.25,2,130.833683
-0.25,2,130.8392
-0.75,1,130.842142
0.75,1,130.844991
1.25,5,130.857367
2.75,8,130.878716
-0.75,1,130.881568
-0.75,1,130.884368
3.25,9,130.906652
10.75,18,130.952893
-0.25,2,130.958447
0.75,1,130.961244
-0.25,2,130.966643
7.0,13,130.998601
6.25,15,131.037519
1.25,5,131.050327
1.75,4,131.060538
-0.25,2,131.065921
10.5,21,131.11872
0.75,1,131.121419
16.5,33,131.207415
4.75,13,131.240343
-0.75,1,131.243367
11.25,31,131.329419
-0.25,2,131.335033
0.75,1,131.338065
3.25,9,131.36206
8.25,17,131.410518
8.0,16,131.452898
15.0,25,131.518809
0.75,1,131.521658
1.25,5,131.533888
-3.25,5,131.546843
9.25,21,131.598107
-0.25,2,131.603585
0.75,1,131.606471
-0.25,2,131.611658
-0.75,1,131.614387
6.75,16,131.652469
-0.75,1,131.655171
0.75,1,131.657782
8.25,10,131.681688
-0.25,2,131.687204
6.5,13,131.721292
0.75,1,131.724165
13.0,17,132.07888
-0.25,2,132.084262
5.25,13,132.116744
4.5,15,132.159607
4.75,12,132.191976
12.5,22,132.247211
0.75,1,132.249954
3.75,4,132.260322
12.5,22,132.317448
4.5,15,132.353218
0.75,1,132.356337
6.25,15,132.396444
9.25,13,132.428814
0.25,3,132.436037
-3.25,5,132.447788
-0.25,2,132.453079
6.25,12,132.48149
15.5,19,132.525551
-0.25,2,132.53054
-4.25,6,132.544967
15.0,28,132.612514
0.75,4,132.623039
4.25,11,132.648903
0.75,4,132.65861
-0.25,2,132.66366
3.75,4,132.673885
1.75,6,132.689075
3.25,6,132.703739
15.0,30,132.779211
7.5,18,132.825812
-0.25,2,132.832005
3.75,10,132.85864
3.25,9,132.881217
5.25,13,132.912912
4.75,10,132.937864
11.0,22,132.99599
-0.25,2,133.001302
6.75,16,133.042399
0.75,1,133.04579
2.75,14,133.082112
10.5,18,133.130701
-0.75,1,133.133582
6.75,14,133.171579
5.25,13,133.20505
0.75,4,133.215426
0.25,3,133.223065
0.75,4,133.233502
-3.25,5,133.246265
-3.25,5,133.259147
0.25,3,133.267405
0.25,3,133.27635
0.75,1,133.279298
9.5,35,133.687186
-1.25,6,133.702239
3.75,22,133.760107
-0.25,2,133.765394
11.5,18,133.807758
6.75,16,133.847531
2.75,8,133.868202
1.25,5,133.88043
5.25,13,133.911364
-1.25,3,133.918186
-23.25,40,134.021163
14.0,28,134.094465
8.25,19,134.14028
8.25,16,134.182692
-0.75,1,134.185606
2.75,5,134.199354
9.75,19,134.247637
-1.25,3,134.255329
1.75,6,134.270485
10.75,21,134.324607
3.25,6,134.338787
2.75,8,134.356485
14.5,26,134.427822
5.75,14,134.46384
-0.25,2,134.469407
5.25,13,134.504323
-3.75,4,134.51476
3.75,7,134.532366
8.5,17,134.574756
-0.75,1,134.577598
-0.75,1,134.580483
14.5,29,134.655503
0.75,4,134.665461
7.25,17,134.707158
-1.25,3,134.716478
9.5,19,134.767635
15.5,23,134.826245
18.25,28,134.896722
21.0,39,135.30599
3.75,6,135.321737
3.75,10,135.346623
5.25,12,135.376194
11.5,23,135.43662
-0.25,2,135.441826
6.75,31,135.515409
0.75,1,135.518173
-0.75,1,135.520861
4.75,12,135.548298
1.25,5,135.560343
1.25,3,135.567521
8.75,20,135.661137
-4.75,5,135.688318
-0.75,1,135.694055
-5.25,10,135.736126
-0.75,1,135.741841
5.25,13,135.775687
7.75,21,135.83147
-0.25,2,135.838984
16.5,18,135.888677
0.75,1,135.891369
5.75,10,135.916741
8.75,20,135.976018
5.75,8,135.998391
9.75,22,136.057679
1.75,6,136.073755
7.0,14,136.109662
17.75,27,136.179571
26.5,40,136.286327
-1.25,3,136.294452
-0.25,2,136.299923
0.75,1,136.303214
0.75,4,136.314726
12.0,21,136.367102
1.75,6,136.381432
-0.75,1,136.384792
0.75,1,136.387837
0.75,1,136.391112
-1.25,3,136.39941
-0.75,1,136.40229
0.75,1,136.405178
9.25,18,136.451869
3.75,10,136.475859
9.25,20,136.524123
-0.75,1,136.526814
8.25,19,136.570124
5.75,14,136.602967
0.75,1,136.605607
-7.25,9,136.628087
5.75,14,136.664268
13.0,26,137.057242
8.5,17,137.106302
0.75,1,137.109296
10.5,19,137.159262
0.25,3,137.166999
6.0,12,137.197351
7.0,14,137.231004
-0.75,1,137.233775
3.5,15,137.273908
6.0,18,137.320976
0.75,12,137.351494
-2.25,4,137.362267
-0.25,5,137.374644
5.75,9,137.399138
0.75,1,137.402361
8.25,19,137.450909
1.75,12,137.480722
19.0,26,137.545061
27.0,46,137.658918
2.25,7,137.676995
0.75,4,137.687433
-4.75,5,137.700323
1.75,6,137.715611
14.0,28,137.789082
5.25,13,137.822168
5.75,14,137.858782
3.75,16,137.901977
0.75,1,137.904999
-1.25,6,137.920883
3.25,9,137.942875
7.5,15,137.980925
1.25,5,137.998139
-0.25,2,138.004095
-1.25,3,138.012031
-2.25,4,138.022264
-0.25,2,138.027689
5.75,14,138.063998
1.75,6,138.079079
-1.25,3,138.086583
10.75,17,138.128595
-0.75,1,138.131245
5.25,13,138.163507
0.75,1,138.166175
9.0,18,138.211207
11.75,26,138.275958
1.25,5,138.288515
13.0,24,138.681777
-1.25,1,138.684938
0.75,1,138.687673
-0.25,2,138.693094
-0.75,1,138.695812
-0.25,2,138.70133
5.75,14,138.745182
0.75,1,138.750402
6.75,16,138.795549
-0.75,1,138.798415
0.75,1,138.801244
3.25,12,138.831043
-0.25,2,138.8366
3.25,9,138.85978
-1.25,3,138.86773
0.75,1,138.870649
16.0,24,138.937157
2.75,8,138.958383
2.25,7,138.976205
0.75,4,138.987361
17.0,33,139.082155
13.75,19,139.129547
0.75,1,139.132433
-0.25,2,139.137744
0.75,1,139.140507
3.75,10,139.16756
3.75,16,139.207991
-1.75,5,139.219545
5.75,14,139.254768
0.75,4,139.265148
1.75,3,139.273242
7.25,20,139.340635
2.75,14,139.377408
0.75,1,139.380204
3.5,22,139.438287
7.75,18,139.484078
16.5,18,139.530888
25.5,36,139.622849
6.75,16,139.661341
8.75,20,139.713607
-0.25,2,139.719486
2.25,7,139.738783
17.0,34,139.82722
4.25,11,139.853626
-1.25,8,139.873375
3.75,10,139.900982
-4.25,6,139.915176
12.0,24,139.972123
2.25,7,139.989066
6.25,15,140.360664
0.75,1,140.364305
2.25,5,140.380565
11.25,25,140.452325
7.25,17,140.498691
4.75,15,140.538405
8.25,19,140.587369
15.0,24,140.646369
-1.25,3,140.654534
1.75,6,140.671261
-2.25,4,140.680866
0.25,3,140.688774
1.25,5,140.701442
6.25,15,140.738716
0.25,3,140.746226
8.75,20,140.798924
-0.25,2,140.804389
5.25,22,140.864475
15.5,25,140.930813
-2.25,4,140.941275
-1.75,16,140.981832
0.75,7,141.001427
0.75,1,141.004725
0.75,1,141.007767
-1.25,3,141.015956
7.75,18,141.061748
-0.25,2,141.066932
-1.25,3,141.074893
2.75,5,141.087003
14.25,31,141.169598
5.25,13,141.201771
-5.25,7,141.221208
-0.25,2,141.227848
3.75,16,141.268846
-5.25,7,141.286747
11.25,20,141.335784
7.75,14,141.372351
-0.25,2,141.377561
3.25,9,141.400516
2.25,7,141.418093
9.0,18,141.467233
8.5,16,141.508988
1.75,4,141.519812
9.25,18,141.564371
0.75,1,141.567437
12.5,23,141.625681
0.75,1,141.628591
-4.25,6,141.644384
-0.75,1,141.647039
7.25,17,141.691882
10.25,23,142.071598
14.0,21,142.126483
12.5,22,142.179886
6.5,15,142.217015
12.5,22,142.272968
1.25,5,142.285564
17.0,25,142.349611
1.75,9,142.371361
7.75,18,142.415428
7.0,14,142.45084
6.25,15,142.488859
0.75,1,142.491484
3.75,10,142.516876
14.75,31,142.595894
-0.75,1,142.598865
6.25,15,142.63634
4.75,12,142.667212
4.75,12,142.699693
10.0,21,142.75766
4.75,12,142.792615
14.5,21,142.863328
0.25,3,142.873409
10.0,14,142.916521
-0.75,1,142.920022
-3.75,4,142.935233
0.75,1,142.938902
11.5,22,143.00022
5.75,14,143.039042
9.25,21,143.090734
0.75,1,143.093411
0.75,5,143.106028
-0.25,5,143.118831
-1.25,3,143.126576
-3.75,4,143.140171
1.25,16,143.181751
-0.25,2,143.18712
-0.25,2,143.192267
0.75,5,143.204468
7.0,14,143.237181
-1.25,3,143.24611
2.25,7,143.264544
-0.25,2,143.269598
3.25,9,143.292144
17.5,32,143.68799
5.75,14,143.724824
2.75,8,143.745672
0.5,16,143.785883
5.25,13,143.819996
-1.25,3,143.827365
13.0,26,143.890737
1.25,14,143.925871
0.75,1,143.92903
5.25,13,143.962393
-5.25,7,143.980555
0.25,3,143.988323
-1.75,14,144.02282
7.5,15,144.060191
2.25,7,144.077478
6.25,15,144.111419
15.0,25,144.184506
8.5,17,144.227018
0.75,1,144.229892
-0.25,2,144.235292
5.75,14,144.27329
0.5,16,144.314169
-0.25,2,144.319395
1.25,5,144.332435
9.0,18,144.37843
-5.25,7,144.396409
9.0,18,144.442657
-0.25,2,144.448014
-2.25,14,144.483972
11.0,15,144.522957
13.75,29,144.596631
0.75,1,144.599533
7.0,14,144.63427
-0.25,2,144.639325
1.25,5,144.651535
0.25,3,144.65959
6.75,16,144.703473
-1.75,8,144.724576
0.75,1,144.727492
3.75,6,144.744086
15.0,22,144.801069
1.75,6,144.817382
1.75,6,144.832764
15.5,28,144.899487
1.75,3,144.90673
8.25,19,144.954613
9.0,18,145.319939
0.25,3,145.327894
18.5,25,145.390815
1.25,5,145.403054
-0.25,2,145.408672
6.25,15,145.447417
0.75,1,145.450283
-4.25,6,145.465665
2.75,8,145.486208
7.25,17,145.529119
1.75,6,145.544365
-0.25,2,145.549683
4.25,11,145.577708
0.75,1,145.580634
-0.25,2,145.585933
-2.25,15,145.624572
5.25,13,145.658688
-0.25,2,145.663953
-1.25,3,145.671527
-0.25,2,145.676262
0.75,4,145.686496
0.75,1,145.689298
13.75,19,145.738768
0.75,1,145.741653
-0.25,2,145.747014
12.0,24,145.80881
3.75,16,145.853119
11.25,25,145.916478
1.25,9,145.940975
0.75,1,145.943774
7.25,16,145.984891
8.75,20,146.035653
11.5,19,146.084544
9.25,14,146.120766
0.75,1,146.123748
8.75,18,146.169982
0.75,1,146.173114
-0.25,2,146.178969
-2.25,10,146.206143
12.5,23,146.271315
4.25,11,146.3024
7.75,18,146.347985
0.75,1,146.350818
-4.75,8,146.371652
14.0,21,146.423375
8.0,16,146.463672
3.25,9,146.486147
-0.25,2,146.491596
-0.25,2,146.49751
-3.75,4,146.509233
-0.25,2,146.514293
-0.25,2,146.519532
-0.25,11,146.548942
0.75,4,146.55919
12.5,22,146.61856
-0.25,2,146.623995
6.25,15,146.981952
0.75,1,146.98499
12.0,19,147.032867
-0.25,2,147.038535
0.75,1,147.04144
0.75,1,147.044185
-0.25,2,147.050349
-1.25,3,147.058558
2.75,8,147.079414
7.0,14,147.114195
9.25,21,147.172261
6.75,16,147.210986
8.0,16,147.249421
-0.75,1,147.252189
-5.75,15,147.28987
0.75,1,147.292603
10.0,14,147.327871
0.75,1,147.330656
-0.25,2,147.335966
25.5,30,147.408954
5.25,13,147.440748
10.25,23,147.500247
18.0,27,147.572246
-0.75,1,147.575254
-0.75,1,147.578012
3.75,7,147.595929
0.25,3,147.60397
0.75,1,147.606951
12.5,22,147.664054
-0.25,2,147.669418
4.25,11,147.697474
9.5,19,147.747681
0.75,1,147.750456
0.75,1,147.753267
-2.25,4,147.763481
0.75,1,147.766283
4.25,11,147.793262
12.0,19,147.840872
1.25,5,147.854188
-0.25,2,147.85912
0.75,4,147.868951
9.5,18,147.912634
-0.75,1,147.915487
3.75,19,147.961462
2.25,4,147.971321
-2.75,9,147.99344
9.5,22,148.044447
-2.75,6,148.059158
8.0,14,148.094873
0.75,1,148.097717
-0.25,5,148.110466
-0.25,2,148.115665
0.75,1,148.11849
0.25,3,148.126156
0.75,1,148.129101
-1.25,1,148.131815
10.75,19,148.182712
4.75,12,148.213909
0.75,1,148.216727
8.5,17,148.260468
18.0,27,148.648289
8.75,18,148.69055
-4.25,6,148.705305
0.75,4,148.715883
2.75,5,148.728814
0.75,1,148.731961
10.75,18,148.778781
0.75,1,148.781582
-0.25,2,148.786922
10.5,18,148.832746
-4.25,6,148.849464
2.25,7,148.867048
0.75,4,148.877301
8.0,16,148.915411
0.25,3,148.922793
8.75,20,148.971815
18.5,19,149.019226
-0.25,2,149.024211
-0.25,2,149.029072
10.25,22,149.084856
14.5,27,149.152913
7.25,20,149.205536
0.75,1,149.208504
16.25,35,149.305756
2.25,7,149.323875
-2.25,4,149.334202
13.5,20,149.384314
-1.75,5,149.397668
-0.75,1,149.400686
-2.75,6,149.415591
7.0,14,149.450392
3.75,6,149.465024
1.75,6,149.481711
0.75,1,149.484829
0.25,3,149.492856
2.75,8,149.512944
10.5,19,149.559159
15.75,20,149.60623
19.5,39,149.702343
0.75,1,149.70514
0.25,3,149.713302
0.75,1,149.716383
-2.25,4,149.726416
5.75,10,149.754196
9.5,19,149.802511
0.75,1,149.805296
2.75,8,149.826291
1.75,3,149.834041
0.75,1,149.837095
-0.25,2,149.842351
7.75,18,149.887492
13.0,18,150.243235
-2.25,4,150.253642
-0.75,1,150.256354
1.75,6,150.272679
-8.25,16,150.314898
1.25,5,150.328163
5.25,12,150.359062
2.25,7,150.37681
0.25,12,150.405831
14.5,26,150.496054
0.75,1,150.499156
1.75,6,150.5157
7.75,16,150.55692
-0.25,2,150.562061
-0.25,2,150.567037
-0.25,2,150.572261
2.25,4,150.582793
-0.25,2,150.588065
1.25,5,150.600836
3.25,9,150.625337
10.5,17,150.669382
6.5,13,150.702292
-0.25,2,150.707714
5.25,13,150.741585
5.75,14,150.779236
-0.75,1,150.782444
3.25,6,150.799879
-0.75,1,150.80346
-0.25,2,150.810108
0.75,4,150.822921
15.5,19,150.886729
9.75,13,150.946568
-0.75,1,150.95154
9.25,13,151.011152
-0.25,2,151.023038
0.75,1,151.030218
22.0,42,151.176887
16.0,24,151.249184
0.75,1,151.252333
1.75,15,151.294508
-0.75,1,151.297679
3.75,10,151.325937
2.75,8,151.348229
15.25,33,151.440034
0.75,1,151.442938
12.0,19,151.491619
0.75,1,151.494745
6.75,16,151.547379
6.0,21,151.615371
18.5,37,151.715446
-0.75,1,151.718462
2.75,8,152.109607
-0.75,1,152.113357
7.75,18,152.159766
-0.25,2,152.164896
13.0,24,152.226909
7.25,17,152.268134
-0.25,2,152.27387
-3.25,5,152.287014
0.25,3,152.296116
9.0,18,152.350728
4.5,15,152.394049
18.5,22,152.454084
12.25,27,152.531244
0.75,1,152.534314
5.75,11,152.566973
0.75,4,152.578581
3.75,10,152.608561
0.75,7,152.628249
0.75,1,152.631143
-1.25,3,152.639264
10.0,20,152.692875
1.25,5,152.706248
-0.5,17,152.750391
-0.25,2,152.756159
8.75,16,152.8
0.75,1,152.80294
5.75,14,152.83934
5.75,14,152.878958
-0.25,2,152.887038
5.75,17,152.93759
-0.25,2,152.94409
12.5,24,153.015882
12.0,24,153.078854
1.25,5,153.092787
-0.25,2,153.098271
0.75,4,153.108754
0.75,1,153.111519
17.5,32,153.18838
-12.25,17,153.231076
7.25,17,153.271061
8.0,16,153.308954
0.25,3,153.317569
21.5,29,153.388632
-0.25,2,153.393632
9.25,21,153.447176
-0.25,2,153.45258
5.25,13,153.910427
11.5,22,153.965741
12.25,16,154.019194
0.75,4,154.035074
-9.25,11,154.080467
20.5,24,154.173465
1.25,5,154.189593
0.75,1,154.192941
-0.25,11,154.223898
3.25,15,154.261283
6.5,13,154.298571
-0.25,2,154.304142
6.5,16,154.348568
0.75,1,154.351724
11.75,16,154.393346
-3.75,13,154.43111
13.5,21,154.498397
-5.25,7,154.518827
-0.25,11,154.547988
3.75,10,154.575958
1.75,14,154.61162
0.75,1,154.614636
12.5,25,154.686759
3.75,10,154.712359
10.75,23,154.785021
0.75,1,154.788435
-2.25,4,154.801006
-0.25,2,154.807504
2.25,7,154.833168
11.75,21,154.896385
5.25,13,154.934427
0.75,1,154.937504
5.25,13,154.970033
4.75,9,154.990555
8.75,20,155.041365
5.25,22,155.100608
5.75,13,155.138944
9.25,20,155.195722
3.75,10,155.223104
2.75,14,155.262594
-0.75,4,155.27303
-0.25,2,155.278117
9.25,15,155.316192
0.25,3,155.323785
9.0,18,155.37301
0.75,1,155.375962
3.25,9,155.722384
9.5,18,155.768934
11.25,28,155.844637
14.75,30,155.926526
4.25,11,155.957851
6.5,13,155.994436
0.25,3,156.003161
5.75,11,156.034308
6.75,14,156.073763
-0.25,2,156.079235
0.75,1,156.082104
-0.75,1,156.084924
2.75,7,156.103247
7.75,18,156.14907
3.25,10,156.174161
0.75,1,156.176955
0.75,1,156.179641
0.75,4,156.19012
5.75,10,156.218165
1.75,6,156.234291
3.75,13,156.272519
0.25,3,156.281096
8.5,17,156.331497
15.75,16,156.381816
18.5,25,156.452896
-0.25,2,156.458696
16.5,31,156.535538
-0.25,2,156.540816
8.5,17,156.583392
-0.75,1,156.586252
13.0,24,156.644344
-0.75,1,156.647067
1.75,6,156.661084
8.75,20,156.71515
-1.25,3,156.722889
10.75,14,156.760168
8.75,20,156.811525
8.5,17,156.861144
10.5,19,156.951305
-0.75,1,156.955152
8.75,14,157.015455
13.25,23,157.137058
-2.75,3,157.151377
2.25,4,157.170794
0.25,3,157.185335
13.5,14,157.249112
9.75,16,157.891292
0.75,1,157.894089
3.75,10,157.922617
-0.75,1,157.926006
4.25,11,157.959473
-2.0,26,158.03051
1.75,6,158.048525
1.25,8,158.072923
26.0,33,158.155988
-1.25,3,158.163925
-2.25,4,158.174266
-0.75,1,158.178133
0.75,1,158.180872
8.0,16,158.222257
22.5,25,158.301811
-0.25,2,158.308466
-0.25,2,158.315125
4.5,15,158.36219
-0.25,2,158.368858
2.25,7,158.388941
8.5,17,158.440464
0.75,1,158.443511
-2.25,4,158.454877
9.75,18,158.508117
2.25,7,158.53011
12.5,25,158.597453
9.5,19,158.647468
11.0,22,158.711928
42.0,51,158.838316
0.75,1,158.84153
0.75,1,158.844407
-9.25,11,158.874945
-0.25,2,158.880689
7.75,12,158.912906
-2.25,4,158.924751
-0.75,1,158.927866
2.75,5,158.941674
19.5,39,159.048827
12.5,24,159.110038
1.25,5,159.124375
6.5,13,159.159106
-4.75,8,159.180605
0.75,1,159.183436
0.75,4,159.193825
0.75,1,159.196652
18.25,31,159.273789
-0.75,1,159.615378
-0.75,1,159.620023
-0.75,1,159.623
0.75,1,159.625827
12.5,14,159.660068
13.0,24,159.722985
6.0,12,159.754491
31.25,37,159.847602
-0.25,5,159.865915
0.75,1,159.870187
-1.25,3,159.878257
9.25,19,159.926596
14.5,23,159.984917
4.75,12,160.025037
-0.75,1,160.029135
4.75,12,160.062
-0.25,2,160.068614
10.75,22,160.12546
-0.25,2,160.131081
13.0,26,160.199473
-0.25,2,160.20503
-0.75,1,160.207755
13.0,26,160.272441
-1.25,3,160.280391
0.75,1,160.283276
0.75,1,160.286631
2.75,17,160.331676
0.75,1,160.33439
5.25,13,160.364044
-0.25,2,160.369159
7.25,17,160.413756
8.25,19,160.464113
0.75,1,160.466945
10.0,16,160.506954
0.75,4,160.51796
7.25,10,160.543064
11.0,16,160.581929
-0.25,2,160.586958
-0.25,2,160.59204
0.75,4,160.60227
13.75,30,160.67235
0.75,1,160.67513
6.75,16,160.715936
4.25,11,160.743714
8.25,17,160.785159
-0.75,1,160.78811
-2.25,4,160.799055
1.75,6,160.815422
9.25,13,160.853492
6.75,14,160.888496
-0.25,2,160.893783
6.75,16,160.935154
15.0,29,161.32511
-1.75,14,161.35924
-0.25,2,161.364299
0.75,1,161.367213
-0.25,2,161.372881
0.75,1,161.375904
-0.25,2,161.38233
8.0,16,161.422792
13.0,26,161.490192
-5.75,6,161.506405
5.75,14,161.543966
8.25,13,161.578358
6.25,12,161.609062
0.75,1,161.611869
0.25,6,161.627574
-0.75,1,161.630414
3.75,8,161.651046
-0.75,1,161.653901
1.25,5,161.667763
-0.25,2,161.673388
-0.75,1,161.676343
-0.75,1,161.679486
0.75,1,161.682338
7.25,16,161.723142
5.75,12,161.756166
0.25,3,161.764233
12.5,17,161.805598
6.25,15,161.844361
7.75,21,161.897767
9.5,16,161.937076
3.75,10,161.961772
8.0,16,161.999841
11.5,23,162.060535
10.0,20,162.112715
0.75,1,162.115668
19.0,27,162.179437
6.5,13,162.214162
18.5,19,162.260869
-1.25,3,162.26907
0.75,5,162.282727
-2.25,4,162.293381
6.75,16,162.332439
3.25,6,162.347957
-0.25,2,162.353408
-3.25,5,162.366082
0.75,1,162.368924
0.75,1,162.3719
4.25,14,162.406653
12.5,25,162.473701
9.5,19,162.524197
9.75,22,162.888831
8.0,22,162.943891
5.75,14,162.984485
1.25,5,162.999918
-6.75,16,163.049579
-0.25,2,163.055028
3.25,9,163.078392
-0.75,1,163.081349
11.0,22,163.13733
-0.75,1,163.14032
9.5,19,163.189956
2.75,5,163.203253
-6.0,18,163.252217
-0.25,2,163.257824
-0.25,2,163.263896
10.75,20,163.316043
13.75,19,163.364366
7.5,15,163.399365
-0.75,1,163.402332
6.75,14,163.439741
15.5,18,163.485761
4.25,11,163.514935
10.0,14,163.548913
8.25,22,163.599943
8.0,16,163.639829
12.5,24,163.69938
-3.75,4,163.709725
0.75,1,163.712559
5.25,13,163.746727
4.75,14,163.787962
-0.75,1,163.790839
0.75,1,163.793649
3.25,15,163.830685
0.75,1,163.8336
-1.25,3,163.841311
0.75,1,163.844314
12.75,25,163.907166
6.75,16,163.947774
9.5,19,163.995408
0.75,1,163.998074
-0.25,2,164.003674
12.75,20,164.054068
-0.75,19,164.103582
1.25,5,164.116031
5.75,14,164.150281
7.75,16,164.191552
10.5,21,164.570995
0.75,1,164.574015
6.75,16,164.615558
0.75,1,164.618389
7.25,20,164.677203
-0.25,2,164.682562
9.0,18,164.72969
8.0,16,164.778994
0.25,3,164.787302
3.25,9,164.810494
3.25,9,164.833379
-0.75,13,164.868047
2.75,14,164.903521
-0.75,1,164.906285
22.75,47,165.023847
0.25,3,165.031921
4.75,12,165.06164
0.75,1,165.064279
1.75,6,165.079323
2.75,8,165.100076
-0.75,1,165.103057
7.5,15,165.138194
0.75,1,165.140963
27.75,46,165.251904
9.75,17,165.294623
10.75,17,165.338304
3.75,4,165.348053
0.75,1,165.350688
-1.25,3,165.357919
1.75,6,165.371479
0.75,1,165.373965
10.0,14,165.408676
5.25,13,165.444248
0.75,1,165.447512
3.75,10,165.473899
-0.25,2,165.479398
1.25,5,165.49175
12.25,23,165.551069
-0.75,1,165.553743
3.25,9,165.57587
10.5,16,165.613273
-2.75,7,165.630625
9.25,18,165.676753
0.75,1,165.679876
0.25,3,165.688031
10.0,17,165.729489
1.25,5,165.741629
5.75,14,165.777725
0.75,1,165.780687
0.75,1,165.783584
10.0,20,165.837713
6.5,16,166.195774
1.25,5,166.209326
1.25,5,166.222399
-0.25,2,166.228212
-3.75,4,166.238934
12.25,26,166.306277
6.5,15,166.346876
5.75,11,166.376013
7.75,18,166.423527
2.25,10,166.452093
0.75,1,166.455091
11.5,21,166.509664
0.75,1,166.513014
7.25,17,166.557672
11.75,18,166.6042
14.5,22,166.660863
-2.25,4,166.671417
0.25,3,166.679157
3.25,25,166.741304
-0.75,1,166.744159
11.25,15,166.780972
9.75,22,166.834486
7.0,14,166.872653
4.25,11,166.903004
-5.25,7,166.920987
10.25,15,166.959435
0.25,3,166.967204
10.5,21,167.023047
0.75,1,167.02596
2.25,7,167.043792
-0.25,2,167.049082
0.75,1,167.052096
-1.25,1,167.054981
-0.25,2,167.060432
-1.25,3,167.068885
-0.75,13,167.101593
7.0,12,167.133299
17.75,27,167.198316
0.75,1,167.20121
14.5,22,167.257472
8.25,16,167.295596
-0.25,2,167.300414
-3.25,8,167.319937
6.75,14,167.354388
7.5,15,167.391868
12.5,25,167.456377
6.75,16,167.814587
0.75,1,167.817564
10.25,18,167.86338
6.25,12,167.895777
0.75,1,167.898684
9.5,13,167.931607
-0.75,1,167.934626
-0.25,2,167.940099
-0.25,2,167.945538
2.75,8,167.966079
0.25,4,167.976708
0.75,4,167.987377
9.75,15,168.028722
3.25,9,168.052147
10.5,19,168.098593
12.0,19,168.147826
-0.25,2,168.153048
9.0,18,168.195667
-0.25,2,168.200835
19.0,33,168.287367
1.25,8,168.307238
0.75,1,168.310122
1.25,5,168.322876
3.25,9,168.347431
0.25,3,168.355191
9.0,18,168.400121
10.5,16,168.438186
7.75,12,168.469994
-3.75,4,168.480437
13.0,16,168.519997
11.5,18,168.564329
0.75,4,168.57452
1.25,5,168.587196
2.25,7,168.603943
12.5,22,168.655194
0.75,1,168.657908
-0.25,2,168.662775
13.0,19,168.711018
5.75,13,168.749468
-1.25,10,168.775533
0.75,1,168.7784
0.25,3,168.786566
0.75,1,168.789299
-0.25,2,168.794811
1.25,5,168.807318
-0.75,7,168.824716
0.75,1,168.827624
2.75,8,168.847299
-1.75,5,168.86004
12.75,24,168.922476
0.75,1,168.925493
-2.25,4,168.936229
-1.25,3,168.944115
10.5,21,168.998617
1.25,5,169.013286
11.25,17,169.059385
-0.25,2,169.064669
-0.25,3,169.073006
0.75,1,169.075962
0.75,4,169.086199
0.75,4,169.096849
12.5,23,169.476941
7.75,18,169.524029
0.75,1,169.527024
14.25,30,169.61155
0.75,1,169.614503
0.75,4,169.625205
0.25,3,169.633769
4.75,12,169.665851
1.75,6,169.681046
9.75,17,169.727269
-0.75,1,169.730179
1.25,5,169.74324
8.0,16,169.787107
22.75,40,169.887133
14.25,27,169.953594
0.75,1,169.956206
10.25,15,169.992882
-1.25,3,170.001001
9.5,17,170.057999
-0.75,1,170.062976
0.75,1,170.06781
10.0,20,170.144689
7.0,14,170.190566
0.75,1,170.193974
-0.75,1,170.197211
0.75,1,170.200172
6.75,16,170.243101
18.5,26,170.307439
3.75,10,170.334334
-4.75,11,170.36127
0.25,3,170.36887
0.75,1,170.371645
8.25,16,170.409232
-0.25,2,170.41446
-2.25,4,170.424076
-1.25,1,170.42697
-0.25,2,170.432425
12.5,25,170.499559
-0.25,2,170.504929
0.25,3,170.513915
4.0,14,170.549633
-0.75,1,170.55227
-0.75,1,170.554991
-1.25,3,170.563558
0.75,1,170.566547
8.75,11,170.593392
1.25,5,170.605856
13.5,21,170.657463
-0.75,1,170.66047
0.25,3,170.668443
0.75,1,170.671277
3.25,5,170.685942
0.75,1,170.689269
5.75,14,170.724108
9.25,18,170.768218
8.75,20,170.826884
-0.25,2,170.832583
7.75,17,171.207361
-0.75,1,171.210429
5.75,14,171.245348
0.75,1,171.248252
0.75,1,171.251151
-0.25,2,171.256504
5.25,22,171.314731
5.25,13,171.347422
2.25,7,171.364297
-0.25,2,171.369756
-0.25,2,171.375214
1.25,5,171.387521
1.25,5,171.399662
2.75,8,171.419515
-1.25,6,171.435714
-0.25,2,171.440985
21.0,31,171.520851
-1.25,12,171.549785
0.75,1,171.552531
14.0,23,171.613332
4.75,12,171.644314
3.5,14,171.678616
5.75,14,171.712062
10.5,20,171.762545
15.75,33,171.843815
-0.25,2,171.848982
0.75,1,171.851813
8.75,20,171.900572
1.25,3,171.908094
1.75,6,171.92381
-0.75,1,171.926829
0.75,1,171.929745
-0.75,1,171.932513
12.5,23,171.987311
7.25,17,172.031997
17.0,25,172.094808
18.5,19,172.143431
1.75,6,172.157987
-0.25,2,172.163128
1.25,5,172.175315
4.75,12,172.204498
5.75,8,172.223893
5.25,13,172.253966
4.25,14,172.289438
-1.25,3,172.297084
-0.25,2,172.302543
13.75,16,172.342149
15.0,28,172.410753
-3.25,5,172.423869
0.75,1,172.426781
-0.25,2,172.432229
-1.25,3,172.440824
12.25,16,172.796094
6.5,13,172.830496
10.5,21,172.882366
0.25,3,172.889963
-0.25,2,172.895474
18.5,32,172.974653
11.5,23,173.034005
-0.25,2,173.039646
5.75,14,173.074066
-7.75,8,173.094921
-0.75,1,173.097831
0.25,3,173.105703
21.0,31,173.182397
11.75,21,173.233477
0.75,4,173.243444
18.5,32,173.322902
-0.75,1,173.325621
-0.25,2,173.330749
12.25,26,173.393497
-0.25,2,173.39914
7.0,14,173.432958
6.25,15,173.479894
13.75,27,173.549209
5.75,12,173.577174
1.25,5,173.588642
0.75,4,173.598571
10.0,17,173.639843
3.75,6,173.653889
0.75,1,173.656787
9.5,17,173.698863
0.75,4,173.708857
0.25,6,173.724574
3.25,9,173.746135
1.75,6,173.759773
-0.25,2,173.764369
3.25,15,173.798774
3.75,10,173.821707
0.25,3,173.829371
2.75,8,173.850852
0.25,3,173.858721
-0.25,2,173.863738
22.5,25,173.921723
5.25,13,173.95164
1.75,6,173.965726
0.75,1,173.968256
-2.25,4,173.977633
-0.75,1,173.980338
0.25,3,173.987627
6.0,16,174.026089
-0.75,1,174.028918
-0.75,1,174.031568
0.25,3,174.038991
6.25,12,174.392832
8.25,14,174.430235
0.75,1,174.43308
4.25,11,174.46143
2.75,8,174.481146
6.5,13,174.512071
-0.25,2,174.517357
-0.75,1,174.520166
0.75,1,174.523057
9.25,24,174.581371
0.75,1,174.58409
6.75,14,174.618382
4.75,12,174.648258
36.5,40,174.74773
-1.75,15,174.787487
0.75,1,174.790397
8.0,16,174.831824
5.75,14,174.867944
7.0,14,174.902089
7.25,17,174.941594
-6.25,8,174.960609
18.5,37,175.048632
21.5,34,175.139793
12.5,22,175.199209
6.75,14,175.234122
26.5,40,175.334688
10.25,23,175.39405
3.5,14,175.430108
9.0,18,175.474464
11.25,19,175.520713
10.0,22,175.575289
12.0,24,175.632472
-0.25,2,175.637734
2.25,6,175.961651
-5.75,6,175.978279
2.75,8,175.998646
0.75,1,176.001522
0.75,1,176.004353
5.75,14,176.03957
-0.75,1,176.042459
-9.75,16,176.08489
0.75,1,176.087488
0.75,1,176.090243
1.75,6,176.105928
0.75,1,176.108621
0.75,4,176.118836
10.5,21,176.171917
13.0,26,176.235717
-0.25,2,176.241113
0.75,1,176.243909
0.75,1,176.246562
-0.25,2,176.251912
16.5,26,176.317204
2.75,5,176.330022
-0.75,1,176.332732
0.75,1,176.335494
2.25,7,176.352625
15.5,18,176.398755
-0.25,2,176.404105
16.0,24,176.465202
0.75,1,176.467965
10.25,22,176.521677
25.0,43,176.627199
0.75,3,176.635356
6.5,16,176.675492
18.0,25,176.73703
4.75,10,176.762633
0.75,1,176.765582
-3.25,5,176.778341
-0.75,1,176.78113
6.25,15,176.818573
6.25,15,176.857511
7.75,14,176.892592
2.25,7,176.910049
4.25,11,176.936743
-0.25,2,176.941557
10.5,16,176.981539
14.5,24,177.041561
11.75,18,177.086954
19.0,27,177.152169
-0.75,1,177.15484
0.75,1,177.15764
2.75,8,177.17662
-0.25,2,177.181342
7.5,15,177.220082
26.5,40,177.709351
0.75,1,177.712072
21.5,34,177.79723
9.25,18,177.841186
-0.75,1,177.843881
3.75,10,177.870997
2.25,6,177.88741
-0.75,1,177.890249
-0.25,2,177.895709
9.0,18,177.942182
0.25,3,177.95021
0.75,1,177.953081
-0.75,1,177.95616
-1.25,1,177.959097
1.75,6,177.976235
-1.25,3,177.984602
-0.25,2,177.98998
-0.75,1,177.993004
12.0,24,178.053964
12.5,19,178.103777
0.75,1,178.106817
10.0,19,178.155577
10.5,16,178.1973
2.25,7,178.215308
-0.75,1,178.218079
10.75,18,178.260567
-3.75,4,178.270811
0.75,1,178.273631
11.5,22,178.328554
-0.75,1,178.331377
2.25,7,178.348861
4.25,11,178.375011
8.75,20,178.425498
15.75,23,178.484753
4.75,12,178.515536
7.5,15,178.554139
9.75,19,178.598278
0.75,1,178.600821
7.25,17,178.641105
-0.25,2,178.646348
13.0,19,178.690626
-0.75,1,178.693359
0.75,1,178.695943
-0.25,2,178.700932
11.5,23,178.757348
0.75,1,178.760156
0.25,3,178.768163
9.5,17,178.808743
-2.25,4,178.818792
0.75,1,178.821573
0.75,4,178.832094
1.25,5,178.844238
6.25,15,178.881331
1.25,5,178.894626
-0.75,1,178.897461
0.25,3,178.905214
-0.25,2,178.910241
-0.25,2,178.915734
0.25,3,178.923697
-7.25,18,179.306523
12.0,16,179.347404
11.5,23,179.404331
6.75,19,179.453774
-0.25,2,179.458735
5.25,13,179.490933
5.75,11,179.519045
0.75,1,179.521699
1.25,5,179.534108
-0.25,2,179.53915
-0.25,2,179.544352
0.0,24,179.60646
5.75,14,179.641583
28.0,37,179.734995
0.75,1,179.737766
21.5,34,179.829418
-0.25,2,179.834724
-0.25,2,179.839978
11.5,22,179.89485
0.75,1,179.897588
1.75,6,179.913092
0.75,1,179.915874
10.0,20,179.964136
-0.25,2,179.969521
9.5,19,180.018049
3.5,19,180.063287
2.75,8,180.083112
0.75,4,180.093859
3.75,7,180.110951
1.75,6,180.12591
0.75,1,180.128652
3.75,7,180.146654
4.25,8,180.166723
4.25,8,180.18683
12.5,25,180.25358
10.75,16,180.293938
0.25,3,180.301753
-2.75,3,180.309743
-1.75,6,180.327948
-0.75,1,180.330745
-0.75,1,180.333645
9.0,18,180.378463
0.75,1,180.381378
-1.25,3,180.388982
13.0,26,180.455167
-0.75,1,180.458092
7.75,15,180.495656
0.75,1,180.498338
5.25,10,180.523757
-0.25,2,180.528492
-0.75,1,180.531097
3.25,6,180.547408
7.25,15,180.934045
-0.75,1,180.936874
10.25,18,180.980577
12.0,21,181.042186
1.25,5,181.055329
10.5,16,181.094878
0.75,1,181.098332
7.25,14,181.133512
9.75,22,181.188382
0.75,1,181.191227
-1.25,3,181.198895
7.75,18,181.244583
8.75,20,181.294549
-0.25,2,181.29957
0.75,1,181.302355
8.5,17,181.344085
-0.75,1,181.346908
10.5,17,181.387663
0.75,1,181.390433
7.75,12,181.419365
3.75,10,181.446898
16.0,24,181.509793
4.5,15,181.547617
-1.25,3,181.555255
-0.25,2,181.560072
0.75,1,181.562468
-0.75,1,181.565287
2.75,5,181.57803
0.75,1,181.580689
-0.25,2,181.586171
2.75,8,181.605936
0.75,1,181.608813
-0.25,2,181.613853
-0.25,2,181.618556
25.0,39,181.717966
-0.75,1,181.720435
0.75,1,181.723157
36.5,40,181.8195
9.0,18,181.863824
-0.75,1,181.866293
0.75,1,181.86898
16.5,33,181.951674
10.75,22,182.005075
10.0,16,182.047244
-2.25,4,182.057824
2.75,8,182.078244
1.75,6,182.093524
9.5,19,182.14313
0.25,3,182.15118
-0.75,1,182.154233
1.75,6,182.17022
7.0,14,182.206027
12.75,24,182.587311
6.25,12,182.615111
0.75,1,182.61752
-0.25,2,182.622669
0.75,1,182.625767
-7.25,12,182.655638
0.75,1,182.659822
6.25,12,182.692404
-0.75,4,182.702766
0.75,4,182.713013
-1.25,3,182.720628
0.75,1,182.723363
0.75,1,182.726318
8.25,18,182.770427
8.5,15,182.813962
6.25,15,182.851349
-0.25,2,182.856648
0.75,1,182.85946
12.5,22,182.913865
5.25,16,182.953388
-0.25,2,182.95872
-0.75,1,182.961545
1.75,6,182.976145
-0.25,2,182.981074
13.0,24,183.043104
-0.25,2,183.048712
0.75,3,183.056336
-0.25,2,183.061521
-0.75,1,183.064505
-1.25,3,183.072035
6.25,15,183.108294
-0.25,11,183.137234
3.25,15,183.174031
-0.75,1,183.1769
-0.25,2,183.182878
7.25,17,183.225646
-0.25,2,183.231157
25.5,30,183.30788
9.75,22,183.362073
0.75,4,183.372273
6.25,15,183.406935
-0.75,1,183.409361
1.25,11,183.438786
-0.25,2,183.444597
-11.25,13,183.480268
0.75,1,183.48321
0.25,3,183.491108
-1.25,3,183.499082
14.5,26,183.566284
0.25,3,183.574161
12.25,27,183.642646
7.75,18,183.690402
-1.75,8,183.71198
5.25,13,183.74693
1.25,5,183.760016
-2.25,10,183.787105
-3.25,5,183.801426
7.75,18,183.850329
8.5,20,184.284184
-2.25,4,184.294934
-0.75,1,184.29778
-0.25,2,184.303456
-0.25,2,184.309425
-0.75,1,184.312304
8.75,19,184.365457
0.75,3,184.372971
-0.25,2,184.378453
8.0,16,184.420528
0.75,4,184.431757
6.25,12,184.467624
18.0,18,184.51286
7.75,12,184.542303
0.75,1,184.545031
19.0,33,184.623412
9.75,15,184.659228
10.75,24,184.719324
0.25,3,184.727615
7.5,15,184.767756
3.5,14,184.806498
6.25,15,184.843919
4.25,11,184.871518
11.5,22,184.924368
-0.25,2,184.92967
0.75,1,184.932621
-0.75,1,184.935395
0.75,4,184.945594
9.0,18,184.988597
4.25,8,185.008675
5.75,14,185.045306
-0.25,2,185.050506
9.5,18,185.097111
0.75,1,185.099832
-0.25,2,185.105121
-0.25,2,185.110423
-4.25,6,185.126636
0.25,3,185.134299
8.75,17,185.178906
-0.25,2,185.184458
11.25,20,185.233668
26.75,41,185.334577
-9.25,14,185.371069
9.5,19,185.420157
12.75,18,185.487124
8.5,17,185.539224
-0.75,1,185.542439
10.25,13,185.577741
0.75,1,185.580866
1.75,3,185.945885
0.25,3,185.954922
3.75,10,185.982531
4.25,8,186.00358
10.0,17,186.051331
11.0,15,186.08992
-3.75,4,186.099705
5.25,13,186.129029
-1.25,6,186.144286
-0.25,2,186.149887
2.75,7,186.16813
0.75,1,186.171034
-0.25,2,186.176532
0.75,4,186.187221
0.75,4,186.198001
2.25,7,186.215816
9.5,17,186.259961
4.75,12,186.291485
-0.25,2,186.296929
-1.25,3,186.304995
0.75,4,186.315134
27.5,34,186.39923
-0.25,2,186.404459
0.75,1,186.407215
9.75,19,186.457016
8.25,16,186.499338
0.75,1,186.502339
1.25,5,186.51763
-0.25,2,186.523157
8.25,19,186.570726
-0.75,1,186.573559
0.75,1,186.576385
0.75,1,186.579149
-0.25,2,186.584234
0.75,1,186.586755
-0.25,2,186.591978
5.75,14,186.62551
21.0,31,186.70139
16.5,23,186.757712
0.75,1,186.760708
0.75,3,186.768314
-0.75,1,186.771071
-0.25,2,186.776257
2.75,6,186.790154
6.75,16,186.82995
-0.25,2,186.83699
2.25,7,186.85592
-0.75,1,186.859308
27.0,46,186.973954
0.75,1,186.976955
18.5,19,187.028373
-0.25,5,187.041859
16.5,18,187.090107
13.75,19,187.141394
4.25,7,187.160685
18.5,22,187.217992
8.75,10,187.24469
-3.25,5,187.257729
12.0,24,187.627699
7.75,15,187.662851
-0.25,2,187.667837
0.75,1,187.670483
10.25,23,187.727646
13.0,26,187.790307
0.25,3,187.798105
3.75,10,187.823168
2.25,7,187.841593
1.25,5,187.853708
12.0,16,187.891959
0.75,1,187.894718
-1.75,5,187.907841
14.5,27,187.973962
-0.25,2,187.979246
-0.25,2,187.984411
5.25,9,188.005607
3.75,10,188.0311
12.5,25,188.094135
-0.25,2,188.099408
6.25,12,188.128076
1.75,3,188.135661
14.5,27,188.202921
-2.75,3,188.210879
1.25,5,188.224173
0.75,4,188.23438
1.75,6,188.249708
11.25,19,188.297592
11.0,15,188.335885
11.0,21,188.388753
5.25,13,188.421077
10.75,17,188.46437
10.75,24,188.524397
0.75,1,188.527177
0.75,1,188.52997
0.75,1,188.532773
0.75,1,188.535535
-0.25,2,188.540877
-0.75,1,188.543618
5.75,14,188.579394
-0.25,2,188.584684
9.25,18,188.631217
2.75,5,188.644284
8.5,17,188.687544
6.5,13,188.720247
0.75,1,188.723373
-1.25,3,188.731591
0.75,1,188.734947
-0.25,2,188.740659
21.0,31,188.817966
1.25,5,188.83194
-2.25,4,188.841876
5.75,13,189.208624
-0.25,2,189.214002
-0.25,2,189.219424
6.25,12,189.2495
7.0,14,189.286153
8.0,16,189.326086
-0.25,8,189.34568
-0.25,2,189.350924
7.25,17,189.390635
0.75,1,189.393326
-0.25,2,189.398505
10.5,18,189.445822
-1.25,3,189.453426
-1.75,11,189.480635
0.75,1,189.483496
4.25,11,189.511314
10.75,24,189.570147
1.25,5,189.582899
-0.25,2,189.587988
0.75,1,189.590746
-0.75,1,189.593338
23.0,23,189.6521
9.5,19,189.699406
-2.25,4,189.709311
9.25,14,189.748625
1.75,6,189.766095
5.75,14,189.802712
-0.25,2,189.808085
3.25,9,189.833189
-0.75,1,189.836051
5.75,14,189.872896
8.75,19,189.918783
9.75,13,189.948156
-3.75,4,189.957739
0.75,1,189.960595
-7.25,12,189.991637
2.25,5,190.004366
6.25,15,190.042751
0.75,4,190.053444
-0.75,1,190.056599
1.25,17,190.099476
8.25,19,190.14854
-0.25,2,190.154157
0.75,1,190.157122
8.75,20,190.211027
3.25,15,190.250431
8.0,16,190.292986
2.25,7,190.311171
0.75,1,190.314125
2.25,7,190.337535
21.5,34,190.429614
-0.25,2,190.435042
-0.25,2,190.440664
8.0,16,190.483656
11.5,23,190.866059
0.75,1,190.869381
-0.25,8,190.88944
-0.25,2,190.894588
0.75,1,190.897546
0.75,4,190.907855
-1.25,6,190.92288
8.25,19,190.970287
7.0,17,191.014233
8.25,19,191.062875
0.75,1,191.065649
11.5,26,191.128806
10.75,19,191.175975
2.25,4,191.187724
12.5,25,191.249208
6.0,16,191.288891
7.5,18,191.338004
7.25,11,191.36582
0.75,12,191.396009
-0.25,2,191.401524
5.25,12,191.437041
5.25,16,191.47737
9.75,21,191.530261
17.0,33,191.613719
16.5,26,191.679049
13.25,19,191.726655
5.75,14,191.763334
0.75,1,191.767252
10.0,19,191.818207
0.25,12,191.850289
-0.75,1,191.853375
-0.75,1,191.856648
-0.25,2,191.863641
-0.25,2,191.869374
1.75,3,191.877666
7.75,17,191.924114
8.5,17,191.972836
14.25,30,192.049545
17.5,29,192.120917
3.0,33,192.536406
8.75,12,192.565519
-1.25,3,192.574104
0.75,4,192.584425
3.75,10,192.608531
2.25,7,192.625272
17.0,34,192.707062
11.25,20,192.756651
-0.25,2,192.763134
6.5,13,192.796072
-1.25,1,192.798944
1.75,18,192.8417
5.25,19,192.891645
0.75,1,192.894414
0.75,3,192.902333
10.0,17,192.944338
-0.25,2,192.949663
8.5,17,192.99321
6.75,16,193.035325
3.75,10,193.059401
16.0,24,193.120775
-0.75,1,193.123655
-0.75,1,193.1264
-0.75,1,193.129161
8.25,17,193.172595
0.75,1,193.175286
-0.25,2,193.18041
-1.25,3,193.188062
5.75,10,193.21106
6.75,13,193.243651
1.25,8,193.265009
-0.25,2,193.270252
38.0,49,193.395568
-0.25,2,193.40137
2.25,7,193.419561
3.75,10,193.453403
12.75,18,193.501563
4.75,15,193.542033
9.25,15,193.578771
-0.25,2,193.584078
1.75,3,193.59163
7.75,18,193.635663
13.5,22,193.690995
3.25,9,193.71404
7.5,15,193.749963
7.25,16,193.789365
16.0,30,194.170556
1.75,14,194.204674
7.25,17,194.246679
-0.75,19,194.293483
4.25,17,194.338926
-2.25,7,194.357264
12.0,21,194.407452
0.25,12,194.438928
10.0,20,194.491534
0.75,1,194.494408
10.5,21,194.549469
1.25,5,194.561965
-0.25,14,194.594603
-0.75,1,194.597438
9.5,18,194.641667
25.5,30,194.720546
-0.75,1,194.723544
5.25,13,194.759571
0.75,1,194.763009
8.5,13,194.797497
6.0,12,194.828712
12.0,18,194.873969
0.25,3,194.882411
3.75,10,194.909054
10.25,12,194.940371
7.25,15,194.97831
0.75,13,195.014658
-3.25,11,195.04322
0.75,1,195.046057
0.75,1,195.048792
-7.25,15,195.086363
0.75,1,195.089199
0.75,1,195.091984
7.5,15,195.130032
10.75,24,195.189101
13.0,16,195.229552
7.25,17,195.272879
-10.5,15,195.309032
5.25,9,195.331394
5.25,12,195.361409
6.75,13,195.392127
2.25,7,195.409577
0.75,1,195.7351
1.25,5,195.746483
-0.25,2,195.7512
0.25,3,195.758427
-1.25,3,195.76599
15.0,21,195.820886
15.25,18,195.870149
-0.25,2,195.875524
-0.75,1,195.878438
-0.25,2,195.884474
2.25,7,195.902393
-0.25,2,195.907817
-0.25,2,195.91312
0.25,3,195.920049
0.75,1,195.92245
9.5,19,195.966079
6.0,12,195.993903
4.75,12,196.025496
12.5,25,196.084964
1.25,5,196.096839
0.75,1,196.099673
0.25,3,196.10855
14.0,16,196.149083
0.75,4,196.160119
0.75,1,196.162924
2.75,8,196.182776
0.75,4,196.192623
-0.25,2,196.197848
3.75,10,196.223215
9.5,19,196.2725
-2.25,4,196.282341
3.25,9,196.305675
9.25,21,196.357313
-2.25,4,196.367895
4.75,12,196.398626
12.5,25,196.466266
2.25,13,196.500348
11.75,20,196.553308
8.5,13,196.587046
5.25,13,196.620397
-0.25,2,196.625932
6.5,13,196.65958
0.75,1,196.662465
0.25,3,196.669886
31.5,48,196.792066
3.25,9,196.815349
7.25,14,196.849987
8.0,14,196.885688
8.25,18,196.931098
0.25,3,196.939218
0.75,1,196.94196
0.75,1,196.944837
5.25,13,196.976763
-0.25,2,196.981889
0.75,1,196.984695
1.25,17,197.029513
2.75,14,197.397522
-0.75,13,197.458633
3.75,10,197.500789
10.5,19,197.549499
7.75,18,197.594644
5.25,25,197.652091
0.75,4,197.662309
-0.25,2,197.667423
0.25,3,197.675739
4.25,7,197.694394
1.25,5,197.707947
8.75,15,197.745725
0.75,1,197.748405
0.75,1,197.751211
14.5,24,197.813749
0.75,1,197.816473
15.5,31,197.892123
19.0,33,197.971066
-0.75,1,197.973773
0.75,1,197.976553
-0.25,2,197.981834
6.0,12,198.011572
0.75,1,198.015382
-0.75,1,198.0187
-0.75,1,198.021986
1.25,8,198.04258
-1.25,3,198.050868
0.5,16,198.091063
1.25,5,198.103747
-0.75,1,198.10665
-1.75,5,198.119978
7.75,14,198.157542
-2.25,4,198.168094
9.0,18,198.213607
-0.25,2,198.218887
-0.25,2,198.224281
2.75,8,198.246912
17.5,22,198.303719
-0.75,1,198.306696
-0.25,2,198.312086
24.0,46,198.430697
0.75,1,198.433673
-0.25,2,198.438868
7.25,14,198.47534
2.75,14,198.509928
3.25,9,198.532543
0.75,1,198.535286
-8.75,12,198.567091
-5.75,9,198.58951
9.25,16,198.627428
11.5,21,198.676962
14.5,24,199.052557
-0.25,2,199.057982
4.75,12,199.089293
1.25,5,199.10233
1.25,5,199.114837
0.75,1,199.117457
-0.75,1,199.120229
0.75,1,199.123082
-0.25,2,199.128232
-0.75,1,199.131678
0.25,3,199.141605
-0.25,14,199.178565
3.75,10,199.203484
10.75,26,199.269477
-0.25,2,199.274833
-10.75,17,199.320566
7.75,18,199.366424
0.75,1,199.369191
13.25,19,199.416543
10.0,20,199.470101
12.0,24,199.531217
2.25,13,199.563538
38.0,49,199.682729
0.75,1,199.685768
3.25,14,199.724102
6.25,15,199.764008
0.75,1,199.766891
7.25,20,199.819281
26.0,33,199.905658
2.75,8,199.926095
8.0,16,199.966031
0.75,1,199.968926
0.75,1,199.971836
3.25,9,199.995125
18.25,39,200.094186
0.75,4,200.105069
12.75,22,200.160712
4.25,11,200.187639
8.75,13,200.221769
-1.25,3,200.229686
18.5,37,200.322772
3.75,10,200.654419
0.75,4,200.665649
1.25,5,200.678272
12.5,25,200.741416
8.25,19,200.787071
9.75,16,200.830274
-1.25,12,200.862112
0.75,4,200.872336
15.0,29,200.941401
42.0,51,201.067688
15.5,19,201.113752
-1.25,3,201.121161
5.25,13,201.152917
0.75,4,201.162712
0.75,1,201.165415
1.75,6,201.180211
0.25,3,201.187462
0.75,1,201.190208
7.75,18,201.233184
0.75,1,201.235941
-0.25,2,201.24099
-0.25,2,201.245959
2.75,7,201.263361
10.25,21,201.317823
-0.25,2,201.323213
7.75,16,201.364019
0.75,1,201.366852
21.0,31,201.445534
12.25,20,201.497222
0.25,3,201.506007
2.25,5,201.519832
-0.75,1,201.522769
-0.75,1,201.525659
8.25,16,201.566788
-0.25,5,201.579495
0.75,1,201.582237
0.75,4,201.592988
12.0,19,201.639539
0.75,1,201.642465
0.75,1,201.646707
25.5,36,201.733703
13.0,19,201.780962
6.75,16,201.818402
0.75,1,201.821332
12.5,17,201.864404
0.75,1,201.867654
5.75,14,201.902627
11.75,20,202.262298
-0.75,1,202.265164
0.25,3,202.273588
0.75,1,202.276784
25.5,36,202.366546
4.75,12,202.394746
9.25,21,202.448163
-0.25,2,202.453212
-0.25,5,202.465997
0.75,1,202.468995
-0.25,2,202.474255
0.25,3,202.482236
-0.75,1,202.484982
-0.75,1,202.487909
3.75,11,202.516702
-0.75,1,202.519596
7.25,17,202.56158
8.75,20,202.611361
6.75,14,202.646809
7.75,18,202.69069
0.75,1,202.693561
4.75,10,202.718243
9.75,21,202.772012
0.25,3,202.779656
6.75,13,202.811813
6.25,15,202.851775
10.0,19,202.899547
22.5,25,202.964753
0.75,1,202.967723
9.5,18,203.01436
2.75,5,203.027207
0.75,1,203.030409
2.25,7,203.049259
-1.25,3,203.058169
0.75,1,203.06145
4.75,12,203.092119
0.75,1,203.095055
9.75,12,203.125368
-1.25,6,203.140883
-1.25,3,203.148721
8.25,19,203.197389
0.75,1,203.200175
-0.75,1,203.20298
-0.75,1,203.205841
0.75,1,203.208611
0.75,4,203.218924
19.0,27,203.283512
6.25,15,203.320071
0.75,1,203.322885
15.25,31,203.40657
0.75,1,203.409828
-0.25,2,203.415573
0.25,4,203.426208
7.0,14,203.463529
0.25,3,203.471516
0.25,3,203.479612
-0.75,1,203.482382
0.75,1,203.485359
0.75,1,203.488226
-0.75,1,203.491107
0.75,4,203.50148
0.25,3,203.509697
1.25,5,203.524182
8.5,17,203.876266
5.75,14,203.911302
9.25,21,203.964746
-3.75,10,203.989502
0.25,3,203.996474
7.25,14,204.05056
7.25,16,204.124046
0.75,1,204.127528
3.75,10,204.159664
0.75,1,204.163127
7.25,17,204.211333
-0.25,2,204.21648
-0.25,2,204.221321
0.75,4,204.23042
7.25,23,204.286175
10.25,18,204.333085
3.75,10,204.357596
1.25,5,204.368933
6.75,16,204.410467
5.75,14,204.446119
-0.75,1,204.449138
0.75,6,204.464106
8.5,17,204.503727
12.5,25,204.567727
7.25,17,204.611281
1.75,6,204.626892
12.0,21,204.68003
2.25,7,204.697908
0.75,1,204.700589
2.25,7,204.719212
-2.25,4,204.729648
2.75,8,204.751357
-0.25,2,204.758404
13.0,24,204.821883
0.75,4,204.832173
-0.25,2,204.837705
-0.25,2,204.843194
2.0,16,204.885539
-0.75,1,204.88874
-0.25,2,204.893995
6.25,15,204.932191
-0.25,2,204.93735
0.75,1,204.939875
0.75,1,204.942429
0.25,3,204.950046
0.25,3,204.957847
0.75,1,204.960358
12.75,17,205.002447
1.75,6,205.018678
10.5,16,205.057588
2.75,8,205.077152
-0.75,1,205.080008
-0.75,1,205.082785
-1.25,3,205.090264
8.75,12,205.118675
-0.75,1,205.12121
0.75,1,205.123595
0.75,1,205.126154
3.25,9,205.148361
-0.25,2,205.153663
-0.75,1,205.156451
0.25,3,205.164304
2.75,5,205.177776
2.75,8,205.197891
0.75,4,205.207683
0.25,3,205.215123
-0.75,1,205.217744
0.75,1,205.220432
0.75,1,205.223004
-1.25,1,205.225596
13.5,20,205.600499
-0.25,2,205.605888
-0.25,2,205.610943
1.25,5,205.622961
-0.75,1,205.625399
0.75,1,205.628006
4.25,11,205.656325
17.5,29,205.729585
9.5,19,205.77632
0.75,1,205.77914
0.25,3,205.786645
0.75,1,205.789449
8.25,19,205.841464
-1.25,6,205.859239
-0.75,1,205.86201
11.0,20,205.912283
-1.25,3,205.920061
28.0,37,206.01164
9.0,18,206.056659
3.75,6,206.072412
1.75,6,206.087506
-0.25,5,206.10061
0.75,1,206.103431
8.0,16,206.143726
11.25,25,206.205835
10.0,17,206.249583
5.25,13,206.282396
1.75,6,206.298814
7.0,14,206.33696
8.25,19,206.386436
0.75,4,206.397095
19.0,33,206.482541
5.75,14,206.519957
3.25,6,206.536075
0.75,7,206.554075
10.0,19,206.599132
7.75,18,206.643435
2.75,8,206.665181
-0.75,1,206.668238
-0.75,1,206.671186
6.25,15,206.707633
2.25,7,206.725554
17.5,22,206.779852
3.75,10,206.803411
2.25,4,206.814501
15.0,29,207.219858
-0.75,1,207.222574
-0.25,2,207.228138
5.25,13,207.261488
7.75,16,207.301417
0.75,4,207.311271
0.75,1,207.314231
38.0,49,207.441221
-0.25,2,207.44682
12.0,24,207.507248
-0.25,2,207.513015
11.0,20,207.562676
1.25,5,207.574847
-0.25,2,207.579901
0.75,1,207.582664
1.25,5,207.596055
8.75,13,207.629095
12.5,22,207.684725
11.5,19,207.731739
-0.75,1,207.734463
11.25,23,207.790161
8.75,16,207.832049
2.75,5,207.844938
0.75,4,207.85544
1.25,5,207.869782
-0.25,2,207.875533
8.75,19,207.927158
0.75,1,207.929953
0.75,1,207.932846
-2.75,3,207.940629
12.25,22,207.997382
8.25,19,208.0472
-1.25,12,208.078091
0.75,1,208.081041
-1.75,5,208.094105
5.75,9,208.118224
-0.25,2,208.12339
9.25,14,208.158637
2.25,7,208.175894
6.25,12,208.206629
-0.25,2,208.211964
5.75,14,208.245194
6.5,13,208.275404
-0.75,1,208.278037
7.0,13,208.308392
7.25,15,208.348145
0.75,1,208.350789
1.25,5,208.363454
0.75,1,208.366281
0.75,1,208.369022
-0.75,1,208.371766
9.25,18,208.413146
-0.75,1,208.415986
-0.25,2,208.42143
-0.25,2,208.427511
2.25,7,208.445573
0.75,1,208.448384
0.75,1,208.451359
0.75,1,208.454163
1.25,8,208.474455
-0.25,2,208.479833
9.25,18,208.832015
0.75,4,208.842321
11.25,20,208.8942
5.75,11,208.920113
12.5,23,208.9766
6.75,16,209.029858
19.0,33,209.119303
5.75,14,209.154284
3.25,9,209.175975
8.25,19,209.219095
1.25,11,209.247981
12.75,22,209.302382
0.75,1,209.305057
-0.75,1,209.307859
-0.75,1,209.310685
7.25,16,209.353578
9.0,18,209.397995
-0.25,2,209.403316
-0.75,1,209.40606
7.25,17,209.450453
2.25,4,209.461406
0.75,1,209.464565
0.75,1,209.467734
7.0,14,209.503563
-0.25,2,209.509456
10.75,16,209.550915
-0.75,1,209.553895
4.25,11,209.58236
-0.75,13,209.615908
9.5,19,209.665621
-0.25,2,209.671196
1.75,3,209.679678
0.75,4,209.691127
4.25,11,209.720498
-0.75,1,209.7234
0.25,3,209.731089
-2.25,4,209.742096
9.75,13,209.776469
0.75,1,209.779392
1.75,3,209.787096
-0.75,1,209.789812
2.25,7,209.807509
7.5,15,209.845206
9.75,15,209.883127
0.75,1,209.886207
12.5,25,209.949782
7.75,18,209.991721
4.75,9,210.017019
4.25,8,210.037141
8.25,10,210.062179
0.25,3,210.070125
0.75,1,210.073026
0.75,12,210.103949
0.75,1,210.106857
-0.25,2,210.11218
1.25,5,210.125064
0.25,3,210.132884
-0.25,2,210.446701
16.25,21,210.500229
6.75,16,210.541328
6.5,16,210.578592
7.5,15,210.613513
4.5,15,210.650907
6.5,13,210.683666
0.25,3,210.692377
0.75,1,210.695217
-0.25,2,210.700781
-0.25,2,210.706355
-0.25,2,210.711686
-3.25,5,210.724589
1.25,5,210.737452
12.75,28,210.808485
2.25,4,210.818865
9.5,19,210.867857
8.25,11,210.895684
5.25,13,210.930261
-0.25,2,210.935623
0.75,1,210.938604
5.75,14,210.971622
1.25,20,211.025048
-0.75,1,211.027995
-2.25,10,211.053634
9.75,19,211.101227
-0.25,2,211.106372
17.5,29,211.179522
-0.25,2,211.185006
7.75,16,211.225236
-0.75,4,211.237064
22.25,39,211.420286
4.25,11,211.448221
0.75,4,211.461479
0.75,1,211.464576
16.5,31,211.545723
16.0,30,211.618078
1.75,18,211.663504
-0.25,2,211.668696
0.75,4,211.679482
18.0,27,211.748435
15.0,21,211.803712
1.75,6,211.81908
2.25,7,212.163112
0.25,6,212.178356
3.25,6,212.194091
0.75,4,212.204176
0.75,1,212.20689
7.25,17,212.250735
2.25,4,212.26126
-0.75,1,212.264189
0.75,1,212.26696
-0.25,2,212.272376
4.75,12,212.302127
9.75,14,212.334572
5.75,14,212.368546
8.0,16,212.405578
0.75,1,212.408351
5.75,14,212.443607
4.25,6,212.45985
7.0,14,212.495974
-5.25,7,212.514612
10.5,21,212.566687
13.25,19,212.610444
9.5,19,212.660837
0.75,4,212.673783
2.25,7,212.693817
0.75,1,212.696705
0.75,1,212.699627
23.0,23,212.758637
13.0,24,212.820446
6.25,15,212.858865
2.75,5,212.872131
0.75,1,212.875049
2.5,17,212.918482
3.75,10,212.944067
2.25,7,212.961918
2.75,8,212.981902
0.75,4,212.992065
-0.75,1,212.994817
3.25,6,213.010914
8.25,13,213.045062
10.75,26,213.108184
9.0,18,213.153369
0.75,4,213.163702
10.75,23,213.221619
0.75,1,213.224505
-0.75,1,213.227249
1.75,3,213.234736
8.0,16,213.274129
0.75,4,213.284363
27.0,46,213.397233
2.25,7,213.414423
-4.25,6,213.428838
-1.25,3,213.436941
2.25,7,213.455305
8.75,20,213.834186
16.5,26,213.898901
7.75,16,213.938981
7.75,16,213.978774
6.5,13,214.011596
5.75,14,214.048472
-0.25,2,214.054015
5.75,14,214.088606
-7.75,14,214.123175
5.25,13,214.158581
0.25,3,214.166342
9.0,18,214.210917
11.5,22,214.270515
21.5,34,214.356474
13.75,28,214.426895
4.25,20,214.479395
3.75,6,214.496904
12.75,22,214.553984
10.0,19,214.602364
18.5,37,214.692521
0.75,1,214.695013
11.5,18,214.742736
2.75,8,214.764888
8.5,17,214.809516
10.0,19,214.856884
0.25,3,214.864328
-1.25,3,214.872337
-3.25,20,214.921362
-0.25,2,214.92676
10.25,14,214.961762
7.25,16,214.999682
-0.75,1,215.002227
-1.25,3,215.010488
1.75,3,215.019169
0.75,1,215.02201
8.0,14,215.060051
-0.75,1,215.062982
5.25,13,215.4001
17.0,28,215.489495
1.25,5,215.502983
9.75,14,215.541481
15.25,23,215.599282
-0.75,1,215.602133
7.5,15,215.64117
2.25,7,215.658273
-0.75,1,215.66141
-10.25,12,215.691261
0.75,13,215.724535
14.5,22,215.783041
10.25,16,215.829763
0.25,3,215.838422
1.75,6,215.857195
9.5,18,215.901787
6.25,15,215.940436
-0.75,1,215.943298
6.25,12,215.974066
6.5,13,216.006911
-0.25,2,216.012629
4.5,15,216.052621
0.25,3,216.060649
3.25,9,216.084399
1.25,5,216.097293
-3.25,5,216.110348
0.75,1,216.113311
-0.25,2,216.118498
9.0,18,216.164811
6.75,16,216.206043
12.5,22,216.260747
9.75,14,216.296509
-2.25,4,216.30675
2.75,8,216.326091
0.25,3,216.33387
2.75,5,216.346571
10.0,16,216.387139
7.75,14,216.42313
7.75,16,216.463982
17.0,25,216.524549
15.5,29,216.593848
3.25,15,216.62873
1.25,5,216.641099
12.5,14,216.675703
4.25,11,216.702227
5.25,13,217.042113
0.75,1,217.044899
9.0,18,217.091961
9.75,19,217.135889
0.75,1,217.138542
9.0,18,217.184507
8.0,16,217.223865
5.25,13,217.254509
7.0,26,217.31901
7.25,14,217.35492
2.25,7,217.372571
8.5,23,217.430103
-0.25,2,217.435367
-2.25,4,217.447138
-0.25,2,217.452523
9.25,16,217.492952
6.5,21,217.549204
-0.25,2,217.554878
5.25,13,217.58833
-4.25,6,217.60388
5.75,14,217.640153
6.5,13,217.67284
-3.5,20,217.725736
0.75,1,217.72864
0.25,3,217.736667
27.5,34,217.824489
0.25,3,217.833026
2.25,6,217.849914
16.0,24,217.908288
0.75,1,217.911073
9.25,14,217.945152
-4.25,6,217.959748
4.75,12,217.987103
1.75,6,218.002253
-0.75,13,218.036062
-0.25,2,218.041368
10.0,17,218.084463
-3.25,5,218.097664
9.75,21,218.163905
-0.75,1,218.166735
8.75,19,218.213933
1.75,6,218.229272
1.75,4,218.239541
6.25,15,218.275882
2.25,7,218.295104
2.25,4,218.307006
-0.75,1,218.309856
2.75,3,218.317633
5.75,12,218.672077
6.75,16,218.711668
-0.75,1,218.71457
2.75,8,218.734658
5.75,14,218.772194
0.75,1,218.775239
10.0,17,218.823565
0.75,4,218.834249
-0.25,2,218.840205
-0.25,2,218.845389
9.25,18,218.890294
6.0,27,218.957369
-0.75,1,218.960233
8.75,12,218.991546
9.5,25,219.073247
-10.75,17,219.11591
11.75,23,219.179038
0.25,3,219.18732
13.25,19,219.243071
-0.25,2,219.24903
21.5,34,219.341584
0.25,3,219.350162
10.75,17,219.394636
1.25,5,219.407869
12.0,16,219.451587
2.25,10,219.477708
25.5,36,219.579087
2.25,7,219.599093
-0.25,2,219.604969
14.0,24,219.670461
4.25,11,219.698314
2.75,17,219.743972
18.5,22,219.801599
5.25,12,219.832779
0.75,1,219.835584
2.25,4,219.845842
9.0,18,219.892281
-0.25,2,219.897781
-5.75,6,219.912654
2.75,14,219.94641
-0.25,2,219.951464
-0.75,1,219.954494
9.25,17,219.996139
-0.25,2,220.001358
5.25,13,220.035421
12.5,22,220.409166
3.25,9,220.435107
-0.25,2,220.441921
-2.25,4,220.455775
5.25,13,220.493549
8.25,16,220.541369
7.25,17,220.592932
9.75,18,220.635962
-1.25,3,220.643631
0.25,3,220.651005
5.25,13,220.681961
4.25,8,220.700674
6.75,13,220.731121
1.75,18,220.776996
13.0,17,220.827612
2.75,8,220.853447
0.75,4,220.864922
7.25,9,220.888492
-0.25,2,220.894013
7.25,14,220.931045
-8.5,16,220.972105
4.25,7,220.989492
3.75,7,221.006593
4.25,11,221.035491
0.75,1,221.038229
-6.25,13,221.070234
7.0,14,221.103465
17.5,32,221.177932
3.25,9,221.199709
5.25,13,221.230024
0.75,1,221.232636
9.5,19,221.279089
1.75,3,221.286872
-4.25,6,221.301639
3.75,10,221.325752
-0.25,2,221.330986
7.0,14,221.363983
0.25,3,221.371409
0.75,1,221.374275
5.75,14,221.407537
5.75,14,221.441349
3.25,9,221.46429
7.25,20,221.513408
-1.25,3,221.522013
0.75,1,221.525026
0.75,1,221.527953
6.75,16,221.567443
-1.25,3,221.574463
0.75,4,221.584989
21.0,31,221.658124
9.25,20,222.010047
9.5,18,222.057393
17.5,29,222.127939
10.0,17,222.168844
16.5,31,222.239705
4.75,12,222.269259
6.25,15,222.308256
11.75,20,222.359597
0.75,1,222.362521
0.75,1,222.365371
11.5,26,222.429683
0.75,1,222.432492
8.0,16,222.475112
42.0,51,222.601111
9.25,18,222.645115
15.0,24,222.700394
-0.75,1,222.703139
10.5,21,222.751662
1.25,5,222.763347
0.75,1,222.765867
9.25,21,222.815486
0.75,4,222.824832
5.75,14,222.856886
0.25,3,222.864972
7.75,11,222.89263
1.75,6,222.907435
2.25,13,222.937097
0.75,1,222.93982
3.75,7,222.960907
0.75,1,222.963711
-0.25,2,222.968647
0.75,1,222.971467
5.75,14,223.004142
5.75,14,223.040448
5.75,11,223.067282
0.75,1,223.070145
5.75,14,223.107067
-0.75,1,223.110142
-0.75,1,223.11311
13.5,20,223.172994
1.25,5,223.186932
-0.25,2,223.192448
5.75,14,223.229189
9.25,14,223.630924
-0.25,2,223.636365
0.75,4,223.646591
12.0,24,223.710701
0.75,1,223.713689
14.0,24,223.777575
3.25,15,223.816063
3.0,14,223.851626
7.5,15,223.890409
10.0,20,223.943432
-0.25,11,223.976133
25.5,36,224.077604
-0.75,1,224.080881
9.5,18,224.133243
3.5,14,224.170582
0.75,1,224.173472
0.75,1,224.176363
10.25,23,224.238489
-2.25,16,224.278867
3.25,9,224.302333
27.0,46,224.421216
-2.25,4,224.432036
3.25,9,224.459262
1.25,5,224.472599
4.75,12,224.503433
0.75,7,224.523547
11.5,22,224.586656
4.75,12,224.618154
-0.25,5,224.631047
1.25,5,224.643675
-0.75,1,224.646452
-0.25,2,224.652403
-0.25,2,224.658624
9.0,18,224.706886
7.25,17,224.755409
-0.25,2,224.76158
1.75,6,224.779276
-0.25,2,224.785716
-0.25,11,224.819753
-0.25,2,224.825411
1.75,6,224.841112
7.25,17,224.88303
1.25,5,224.896478
8.5,17,224.941578
-0.25,2,224.94706
0.75,1,224.949816
13.5,20,225.319607
3.25,7,225.338245
11.25,23,225.400449
-0.25,2,225.405833
9.25,20,225.465322
-0.75,1,225.468506
5.25,13,225.502183
1.25,5,225.516291
14.0,21,225.568913
2.25,7,225.588222
10.5,16,225.62904
0.25,6,225.64444
2.25,7,225.661521
-0.75,1,225.664443
18.0,18,225.71298
0.75,1,225.715876
0.25,3,225.723907
8.5,17,225.768718
6.25,15,225.809551
0.75,1,225.813094
0.75,1,225.816617
5.75,14,225.860245
13.75,28,225.945348
-0.25,2,225.951302
2.75,8,225.972034
-0.75,1,225.975036
9.5,14,226.012282
4.75,12,226.046531
0.75,4,226.057116
4.75,9,226.079636
8.0,15,226.117135
9.5,16,226.159072
-0.75,1,226.161997
-0.75,1,226.164816
0.75,1,226.16762
-0.75,1,226.170587
0.75,1,226.17346
1.25,5,226.186424
25.5,36,226.284608
-0.75,1,226.288424
1.25,5,226.30403
1.25,5,226.317828
0.75,1,226.320837
15.5,19,226.370592
-2.25,4,226.380923
0.75,4,226.391576
6.25,11,226.419633
2.75,8,226.441038
0.75,1,226.443979
0.25,3,226.451516
0.25,3,226.459575
-0.25,2,226.465027
12.0,21,226.525122
3.75,10,226.550294
-2.75,6,226.566013
0.75,1,226.568846
0.75,1,226.571633
0.75,4,226.582978
0.75,1,226.586201
3.75,10,226.610982
-0.25,2,226.616103
-0.25,2,226.621704
0.25,3,226.629847
3.75,13,226.661989
10.0,22,227.113026
0.75,1,227.116027
7.75,18,227.163292
1.75,6,227.179199
-0.75,13,227.210811
3.25,7,227.228239
0.75,3,227.236567
3.25,9,227.261423
3.25,9,227.287194
0.25,3,227.295612
0.75,1,227.298455
-0.25,2,227.303811
-0.75,1,227.306585
-0.75,1,227.309396
1.25,5,227.321616
-0.25,2,227.326794
-0.25,2,227.332017
13.25,19,227.380352
12.5,14,227.415602
2.75,8,227.436542
3.25,9,227.462735
8.25,19,227.513809
8.25,18,227.561988
0.75,1,227.564927
0.75,13,227.600907
7.25,17,227.647661
-0.25,2,227.653109
-0.25,2,227.658924
-0.75,1,227.662302
0.75,1,227.665641
12.0,21,227.72216
-0.25,2,227.72783
7.25,15,227.765199
1.25,4,227.775612
0.25,3,227.78352
3.75,10,227.810217
8.5,16,227.853127
6.25,12,227.882974
3.75,10,227.908106
-1.25,3,227.916024
9.25,14,227.950877
12.5,24,228.011042
6.75,13,228.046041
0.25,3,228.054813
6.5,13,228.088545
13.75,24,228.149363
5.75,14,228.184424
9.25,18,228.229707
15.0,21,228.289467
6.75,16,228.330852
-0.25,2,228.336159
0.75,4,228.346738
4.75,12,228.377443
8.0,14,228.412629
0.75,1,228.415427
1.75,3,228.423083
-0.25,2,228.428063
-0.25,2,228.433223
21.5,29,228.845874
4.75,12,228.878108
-0.25,2,228.883475
1.75,6,228.898522
-0.75,1,228.901379
0.75,1,228.904211
3.75,4,228.914709
0.25,3,228.923495
17.5,32,229.006349
-0.75,1,229.009165
-0.25,2,229.015074
9.25,13,229.04952
8.25,16,229.092786
1.75,6,229.109066
0.25,3,229.11699
0.75,1,229.119814
0.25,3,229.127931
1.75,6,229.143327
0.25,3,229.152566
13.25,19,229.204069
12.5,22,229.265721
0.75,1,229.268939
5.75,14,229.310043
0.75,1,229.312961
-0.75,1,229.315777
-0.25,2,229.321214
-3.75,4,229.332069
13.75,29,229.410549
-0.25,2,229.416037
-0.25,2,229.42126
8.75,20,229.476293
0.75,4,229.486846
0.75,1,229.489754
16.5,26,229.560715
0.75,1,229.563445
0.75,5,229.575844
13.25,26,229.646967
-0.25,2,229.652352
0.75,1,229.655296
6.75,16,229.697604
-1.25,12,229.733227
6.5,13,229.770599
-0.25,2,229.776946
8.5,17,229.828937
-0.25,2,229.835141
8.75,18,229.881649
8.5,17,229.924318
-0.75,1,229.927287
12.5,22,229.985276
-1.75,8,230.005329
3.25,9,230.030444
0.75,1,230.033337
-0.75,1,230.036437
31.5,48,230.505119
12.0,19,230.557653
13.0,17,230.605591
5.25,13,230.638762
13.25,19,230.687547
2.25,13,230.720731
2.25,7,230.740612
13.0,19,230.789421
9.5,18,230.842334
3.75,10,230.874126
0.75,1,230.877417
0.25,3,230.886103
4.75,12,230.917272
2.75,11,230.946687
7.75,18,231.018495
5.75,11,231.049112
4.75,18,231.102599
0.75,1,231.105723
0.75,1,231.108692
0.75,1,231.111748
0.25,3,231.119672
11.75,20,231.171966
0.75,1,231.175897
-0.25,2,231.18723
7.75,18,231.243872
12.0,19,231.302264
-0.75,1,231.305235
6.75,16,231.347121
-0.75,1,231.349951
8.5,20,231.401053
7.75,18,231.451692
11.5,23,231.519455
18.0,18,231.569697
-1.25,3,231.578222
13.5,23,231.641781
-0.75,1,231.64464
6.25,13,231.677327
-0.75,1,231.680407
9.0,18,231.728073
7.75,18,231.791311
1.75,6,231.808592
0.25,12,231.844175
-0.75,1,231.84744
-0.25,2,231.853468
14.0,24,231.917756
10.0,19,232.305127
1.75,12,232.339385
5.25,13,232.375535
-0.75,1,232.378305
0.75,1,232.381114
-0.25,2,232.386734
2.75,8,232.40968
12.5,17,232.454268
0.75,1,232.457326
6.25,12,232.490305
-0.25,2,232.495615
8.25,16,232.538614
-1.25,3,232.546564
-0.25,2,232.55176
0.25,3,232.55938
4.75,12,232.591175
0.75,1,232.594061
-0.25,2,232.599487
2.25,7,232.618704
10.0,20,232.668229
9.5,18,232.717469
8.0,16,232.760267
-1.25,3,232.768393
8.25,19,232.81862
9.25,21,232.875676
8.25,17,232.920004
-0.25,5,232.933379
-0.25,2,232.938956
0.75,1,232.941943
-0.25,2,232.947504
-0.25,2,232.953105
14.5,22,233.01316
1.75,6,233.029888
0.75,1,233.03277
5.75,14,233.069365
5.25,13,233.10322
26.0,33,233.185585
-6.25,8,233.207757
5.75,14,233.244046
4.75,9,233.270255
1.75,6,233.286541
7.5,15,233.326373
0.75,1,233.32921
6.25,12,233.361171
0.25,3,233.369079
-0.25,2,233.374589
1.25,5,233.387226
3.75,10,233.414052
13.5,21,233.47058
-1.25,6,233.485644
0.75,4,233.495773
1.75,12,233.52878
11.25,17,233.571539
-0.25,2,233.576982
6.75,14,233.613626
24.0,46,234.08066
-0.25,2,234.086616
0.75,1,234.089756
0.75,1,234.092822
0.75,1,234.096343
5.75,14,234.136011
-0.75,1,234.139113
0.25,3,234.147489
4.0,14,234.18569
14.0,16,234.230131
2.75,5,234.244931
7.25,14,234.285578
-0.25,2,234.292078
13.5,20,234.34793
0.75,1,234.351042
1.25,3,234.359217
5.25,10,234.388482
5.75,14,234.430769
0.75,1,234.434328
0.75,1,234.437831
0.75,1,234.441605
-0.25,2,234.450254
14.75,26,234.536263
2.75,5,234.551425
-0.25,2,234.557479
7.75,17,234.606736
12.0,18,234.656195
-3.75,4,234.667471
23.0,23,234.73285
4.75,12,234.769041
5.75,14,234.811468
5.0,12,234.844485
-0.25,2,234.850299
5.25,10,234.881315
4.25,14,234.92031
-1.25,9,234.94516
11.75,26,235.014236
-0.25,2,235.019869
0.75,1,235.02274
2.25,7,235.040594
18.5,19,235.089754
-0.75,1,235.093085
5.75,14,235.127747
2.75,7,235.144345
0.75,13,235.175861
6.75,12,235.204039
10.5,16,235.241792
0.75,1,235.244548
2.75,8,235.263639
0.75,1,235.266569
0.75,1,235.269544
0.75,1,235.272339
8.25,11,235.298457
15.25,19,235.346762
5.25,13,235.378316
5.25,10,235.402582
0.75,1,235.405435
-1.25,3,235.414432
-0.75,1,235.417303
-4.25,6,235.739917
1.25,5,235.753428
0.75,1,235.756265
-1.25,3,235.764079
0.75,1,235.766891
8.75,18,235.81195
18.5,32,235.893669
-1.25,3,235.901685
1.75,6,235.916826
2.75,8,235.937056
0.75,4,235.947767
3.25,7,235.965087
16.5,26,236.034931
8.5,15,236.074144
-0.25,2,236.079458
0.75,1,236.082427
10.25,15,236.122923
-0.25,2,236.128677
2.25,7,236.147111
5.75,18,236.192954
16.5,23,236.250378
8.5,17,236.293389
28.5,42,236.401138
0.75,1,236.403793
10.25,18,236.452961
2.75,5,236.465462
0.75,1,236.468321
-0.25,3,236.4759
2.25,7,236.492642
-2.75,3,236.500097
0.75,1,236.502906
10.75,24,236.565372
0.75,1,236.568222
0.25,3,236.575998
0.75,1,236.578944
-0.75,7,236.596639
4.25,11,236.623165
7.75,18,236.668903
11.0,18,236.712266
36.0,42,236.813301
6.25,12,236.842384
18.0,25,236.906117
0.75,1,236.908924
-4.25,9,236.930842
4.25,8,236.949249
-3.75,10,236.974752
-0.75,1,236.977713
0.75,1,236.980524
12.0,21,237.035042
12.5,25,237.401625
1.25,5,237.413893
8.5,17,237.457968
6.75,13,237.489907
1.25,5,237.502238
0.75,1,237.504684
9.5,19,237.55252
2.75,8,237.572659
13.75,27,237.637727
-0.25,2,237.643114
-0.25,2,237.648344
0.75,1,237.650709
-0.25,2,237.65546
-0.75,1,237.658406
15.0,28,237.731371
0.75,4,237.741692
2.75,6,237.756965
5.75,14,237.793496
15.0,28,237.866317
9.0,18,237.913971
15.5,19,237.962373
0.75,1,237.96521
1.25,5,237.977988
1.25,5,237.9909
7.75,12,238.02124
5.75,10,238.04601
9.0,18,238.090395
0.75,1,238.09321
4.75,12,238.122854
0.75,1,238.125709
2.75,8,238.146039
6.5,13,238.17858
10.0,17,238.220463
2.25,7,238.238247
4.75,12,238.268065
1.75,6,238.283092
10.75,17,238.321521
5.25,13,238.354423
10.5,21,238.406773
11.0,22,238.464863
14.5,23,238.526519
7.75,18,238.571019
14.5,24,238.630994
8.25,19,238.980159
1.75,6,238.995086
3.25,12,239.024335
9.75,15,239.064883
6.75,16,239.104424
-0.75,1,239.107103
-0.25,2,239.112544
-0.25,2,239.118024
0.75,1,239.121162
0.75,1,239.124543
0.75,1,239.127481
0.75,1,239.13046
-1.25,1,239.133288
5.25,13,239.165779
5.75,14,239.199888
-0.25,2,239.204929
-0.25,2,239.210155
13.5,17,239.253192
4.25,11,239.281235
8.75,15,239.319172
0.75,1,239.321975
-0.75,1,239.324894
7.75,16,239.36707
-0.25,2,239.372716
0.75,1,239.37564
6.25,15,239.414498
6.75,13,239.450056
-0.25,2,239.455734
0.75,1,239.458679
0.75,4,239.46908
-3.25,5,239.481984
2.25,7,239.500012
2.25,7,239.518962
0.75,1,239.521858
1.25,14,239.557508
12.5,19,239.605971
8.75,15,239.642111
0.75,1,239.645035
0.75,1,239.647938
-0.25,2,239.653364
2.75,14,239.689312
9.0,18,239.736425
-0.75,1,239.73931
9.5,19,239.787368
0.75,1,239.790126
0.75,1,239.793183
0.75,1,239.795991
10.0,14,239.831784
5.25,13,239.863613
9.0,18,239.908754
1.25,5,239.921468
9.5,19,239.968182
10.25,18,240.013967
3.75,10,240.051316
5.25,13,240.09198
7.0,13,240.134497
11.0,22,240.200923
6.0,12,240.229846
1.25,3,240.237646
8.5,17,240.283544
5.25,9,240.618644
18.5,25,240.676567
-1.25,18,240.722782
-0.75,1,240.725714
8.5,17,240.765156
6.75,12,240.794917
2.75,7,240.815337
5.75,14,240.851941
-0.25,2,240.85784
11.75,15,240.895057
2.25,4,240.905341
27.0,46,241.023501
0.75,1,241.027184
0.75,1,241.030589
-1.25,3,241.03937
20.75,44,241.152048
21.0,31,241.231093
-0.25,2,241.236338
5.25,12,241.268497
4.25,11,241.298103
0.75,4,241.308908
9.5,19,241.356353
0.75,4,241.366553
6.75,16,241.405506
2.75,5,241.417956
9.5,17,241.460523
3.75,10,241.487111
11.25,21,241.540379
19.0,36,241.629859
6.5,13,241.66244
7.75,18,241.707405
3.5,15,241.744173
-1.75,16,241.783067
2.75,8,241.804581
-0.25,2,241.80991
-2.25,4,241.819969
2.75,8,241.839854
0.75,1,241.842655
14.5,26,242.236284
-0.25,2,242.242072
-0.25,2,242.248236
0.75,1,242.252044
-0.25,2,242.257998
13.25,22,242.312278
1.75,6,242.326869
12.5,25,242.387064
6.25,15,242.423739
7.0,14,242.460926
-0.75,1,242.463893
9.75,12,242.494974
3.75,13,242.526821
-1.25,9,242.549744
9.75,12,242.580894
2.25,7,242.599821
-1.25,3,242.608298
1.75,4,242.619346
0.75,1,242.622206
0.75,1,242.62531
-0.75,1,242.62834
0.75,16,242.669624
14.25,20,242.721881
-2.25,4,242.732453
2.25,4,242.742823
7.0,12,242.771993
3.25,9,242.793188
6.25,15,242.829939
-0.25,2,242.835794
15.75,16,242.874442
12.5,25,242.933037
10.0,22,242.984743
6.25,15,243.021012
6.75,16,243.059939
6.25,15,243.096699
14.25,29,243.16553
-1.25,1,243.168374
0.75,1,243.171196
-0.25,8,243.191485
10.0,15,243.226618
8.5,17,243.271262
8.25,13,243.302581
3.25,9,243.324127
6.75,16,243.3614
-1.25,6,243.375419
7.75,18,243.419466
-0.25,2,243.424667
13.25,19,243.470042
0.75,1,243.472839
12.5,22,243.82371
5.25,13,243.857003
-1.25,3,243.865267
0.75,1,243.868064
1.75,3,243.876131
11.0,22,243.928999
10.25,16,243.968488
-0.75,1,243.971006
-0.75,1,243.973429
10.0,20,244.021883
5.25,13,244.053329
-3.75,4,244.064344
0.75,4,244.074751
-0.25,2,244.07983
-0.25,5,244.091597
-3.75,7,244.108288
8.0,16,244.146465
10.5,21,244.200628
7.25,17,244.241864
9.25,20,244.292015
3.75,16,244.332294
5.25,13,244.364644
0.75,1,244.367378
-0.75,1,244.369927
10.0,23,244.428534
3.25,9,244.450688
17.75,33,244.536674
9.25,18,244.579012
0.75,1,244.581698
-0.25,8,244.600472
6.75,16,244.641358
-1.25,3,244.648319
-0.25,2,244.652956
15.0,22,244.705152
11.0,22,244.764905
-8.75,12,244.797093
13.75,16,244.83688
6.25,15,244.875601
5.75,14,244.908128
1.75,9,244.929885
6.75,14,244.966748
-0.75,1,244.96937
5.75,11,244.995919
0.75,1,244.998609
9.5,19,245.045319
-0.75,1,245.047894
9.75,19,245.417759
9.5,18,245.463902
-10.5,15,245.498305
0.75,1,245.500856
8.5,17,245.546269
-0.25,2,245.55151
11.5,23,245.605159
15.25,22,245.663508
0.75,1,245.666951
31.5,48,245.800475
0.75,1,245.803466
0.75,1,245.806596
10.75,17,245.856895
-6.25,17,245.900991
13.25,21,245.954462
-0.25,2,245.95983
-0.75,1,245.962837
0.75,1,245.966005
0.75,1,245.968943
0.75,1,245.971901
-2.25,4,245.9821
18.5,19,246.029682
-1.25,3,246.037848
-0.25,2,246.04327
-0.75,1,246.046108
0.25,3,246.054436
26.5,40,246.150433
-0.75,1,246.153184
0.75,4,246.163168
-0.25,2,246.168393
0.5,16,246.210653
10.0,17,246.252897
-0.25,2,246.258533
5.25,16,246.300478
14.25,31,246.384946
0.75,4,246.396729
-1.25,6,246.415609
14.5,24,246.500105
6.75,16,246.544152
-2.25,4,246.554704
-1.25,3,246.562713
8.25,15,246.599877
7.25,17,246.642397
2.75,11,246.672426
25.5,30,246.748166
-0.25,2,247.066258
9.25,13,247.099136
12.5,25,247.158994
42.0,51,247.288473
0.75,1,247.292141
6.0,12,247.322848
0.25,3,247.330871
9.5,31,247.410582
0.75,1,247.413479
6.25,16,247.457129
6.25,13,247.493141
5.75,14,247.531905
12.5,22,247.588505
2.75,8,247.609469
-0.75,1,247.612226
6.25,15,247.648633
15.5,29,247.723114
10.5,21,247.774573
19.0,27,247.839942
7.25,17,247.884009
6.25,13,247.916087
0.75,1,247.918957
12.25,19,247.963751
-0.25,2,247.970038
10.25,20,248.019836
2.25,7,248.037571
0.75,1,248.040602
8.25,16,248.081709
4.75,12,248.111953
14.0,24,248.170404
9.75,22,248.230926
25.5,30,248.306004
5.25,13,248.340759
0.75,1,248.343718
1.25,17,248.682965
-0.25,2,248.688087
7.75,17,248.726213
0.75,1,248.729213
-0.75,1,248.731953
9.75,14,248.766947
12.25,27,248.833177
12.5,25,248.892947
12.0,18,248.938182
2.75,17,248.981044
4.75,12,249.014444
3.25,9,249.037649
16.5,31,249.115963
9.25,13,249.148193
-2.25,4,249.158764
-0.25,2,249.164204
11.75,19,249.210923
0.75,4,249.220854
0.75,1,249.22348
2.75,8,249.243438
8.0,22,249.298035
-3.25,5,249.311198
2.25,4,249.323355
12.0,15,249.361441
0.75,1,249.364308
6.25,15,249.403226
3.75,10,249.430335
7.25,11,249.457625
11.75,21,249.511907
9.75,18,249.556572
12.0,15,249.592098
6.75,16,249.631408
6.25,15,249.666657
5.75,14,249.700541
10.75,21,249.754615
-2.75,3,249.764396
15.0,21,249.821845
0.75,12,249.85139
-0.25,2,249.857124
4.25,9,249.881457
0.75,1,249.884711
-2.25,4,249.895621
-0.75,1,249.898587
-0.25,2,249.903782
16.75,25,250.266192
6.5,13,250.295164
10.0,19,250.346501
-3.25,5,250.35915
-0.25,2,250.364401
18.0,25,250.420346
-0.25,2,250.424949
-9.25,11,250.454764
0.75,1,250.457622
5.75,14,250.496536
3.25,15,250.536611
12.5,25,250.601574
-3.25,5,250.614832
12.0,24,250.677864
6.0,12,250.709156
0.75,1,250.711999
-0.25,2,250.717295
0.75,1,250.719938
6.25,13,250.752871
2.25,4,250.763087
4.5,20,250.811717
0.25,14,250.847662
0.75,4,250.857907
6.5,13,250.89204
4.25,11,250.920312
-2.25,4,250.930644
0.25,3,250.938317
1.25,5,250.949534
8.25,19,250.997055
13.0,16,251.037482
11.5,22,251.093271
-0.25,2,251.098348
2.25,7,251.115914
3.75,16,251.157306
-0.25,2,251.162678
0.75,1,251.165205
-0.25,2,251.170087
2.75,8,251.189346
-2.75,9,251.211503
3.75,10,251.238129
10.0,20,251.286436
-4.25,6,251.30174
0.75,1,251.304432
-0.75,1,251.30722
13.5,19,251.359997
11.5,23,251.421322
14.0,28,251.494735
4.75,21,251.562733
8.75,16,251.956731
-0.75,7,251.974924
-0.25,2,251.98024
14.5,23,252.042053
-0.75,7,252.059735
-1.75,8,252.079475
7.25,17,252.124648
3.0,14,252.161035
-12.75,13,252.194228
-0.75,1,252.197162
7.25,17,252.244784
0.75,1,252.247842
5.25,10,252.274738
6.5,13,252.309093
2.75,8,252.330093
3.25,9,252.353769
8.25,16,252.395237
10.0,20,252.450175
11.0,18,252.49691
1.25,5,252.510014
0.75,4,252.521155
1.25,5,252.533751
14.75,24,252.590929
12.25,25,252.650962
-0.75,1,252.653885
-0.75,1,252.656694
11.75,17,252.700914
14.5,26,252.759883
18.5,32,252.838306
0.75,1,252.841209
2.75,8,252.862075
4.75,7,252.879571
6.25,15,252.918017
-0.25,2,252.923637
8.0,16,252.964163
-0.25,2,252.96941
5.75,14,253.003582
0.25,3,253.01263
1.75,6,253.029661
-0.75,1,253.032343
0.75,4,253.042552
1.25,3,253.0504
8.5,15,253.088145
10.0,19,253.136973
-0.75,1,253.139778
9.5,19,253.18811
9.75,19,253.234173
8.25,13,253.58596
-1.25,3,253.5937
3.25,9,253.615931
6.25,15,253.65368
7.75,18,253.702905
-0.25,2,253.708543
-0.25,2,253.714093
7.5,15,253.7524
0.75,1,253.755196
9.5,17,253.800523
-0.25,2,253.806133
4.25,16,253.847029
-0.25,2,253.852356
-0.25,2,253.857529
5.25,22,253.913764
18.0,25,253.975264
7.25,14,254.011815
0.75,4,254.024158
-1.75,14,254.059872
7.0,14,254.095297
0.75,3,254.103088
0.75,1,254.105998
10.5,21,254.159366
0.75,1,254.161952
-0.25,2,254.166985
9.0,18,254.210368
-0.25,2,254.215068
8.0,15,254.25259
8.0,16,254.292469
17.5,22,254.344887
5.25,13,254.376879
-0.75,1,254.379658
5.25,13,254.411739
10.25,11,254.438986
6.25,13,254.47235
9.0,18,254.518349
-0.25,2,254.523563
3.5,16,254.564574
-0.25,2,254.569817
-0.25,2,254.574938
9.25,21,254.627162
8.0,16,254.666424
5.25,13,254.698189
0.75,1,254.701302
3.75,10,254.728932
-1.25,3,254.73678
12.0,24,254.799209
17.5,32,255.180093
4.25,11,255.207245
7.75,18,255.254084
34.0,60,255.408571
4.75,12,255.439029
1.75,4,255.449868
8.0,16,255.492752
10.5,16,255.533008
-0.25,2,255.538436
14.5,22,255.591954
8.25,19,255.638501
16.5,18,255.684967
1.75,15,255.724123
6.25,12,255.753618
0.75,1,255.756443
-0.25,2,255.761325
-0.75,10,255.785051
-0.25,2,255.791164
0.75,1,255.794218
0.75,1,255.7975
8.75,20,255.85082
10.0,17,255.89314
0.75,1,255.896
2.25,7,255.913363
-0.25,2,255.918674
-7.75,14,255.953235
3.25,15,255.989309
9.0,17,256.032539
8.75,14,256.066902
11.0,22,256.117699
-0.25,3,256.125067
8.5,13,256.157952
3.25,15,256.196249
5.75,14,256.228547
9.0,17,256.271909
-0.75,1,256.274766
1.75,6,256.290492
14.5,24,256.348476
9.5,17,256.390318
16.5,26,256.782759
4.25,11,256.809646
-0.75,13,256.844506
7.0,14,256.880397
0.25,13,256.913469
8.75,19,256.963191
7.25,17,257.005973
20.5,24,257.071828
9.25,18,257.116711
6.75,16,257.157481
-2.25,4,257.167816
9.75,16,257.206949
18.0,25,257.267849
4.75,12,257.299051
-0.25,2,257.304388
12.5,22,257.358675
0.25,3,257.366768
11.0,22,257.41854
9.75,15,257.457458
-0.75,1,257.460764
12.5,25,257.52741
0.75,1,257.530246
0.75,1,257.532975
11.25,19,257.579143
0.75,1,257.581685
0.25,3,257.588742
5.25,10,257.614627
5.25,19,257.658743
-0.25,2,257.66401
-0.25,2,257.669386
15.25,23,257.724262
-0.75,1,257.727513
-4.25,6,257.743734
9.5,18,257.786629
0.25,3,257.793879
2.75,8,257.815031
7.25,17,257.858556
11.0,21,257.912559
-0.25,2,257.917819
13.0,26,257.978652
2.25,7,257.999252
19.0,33,258.416137
7.75,18,258.464573
1.75,3,258.472502
0.75,1,258.47533
6.5,13,258.508376
8.25,16,258.549071
0.75,1,258.551994
3.75,10,258.577492
-5.25,7,258.595556
8.25,19,258.644756
11.0,22,258.699887
7.0,13,258.732491
7.5,15,258.770081
20.5,24,258.830987
7.25,17,258.873609
15.5,18,258.915822
2.25,7,258.931555
0.75,1,258.934288
3.5,16,258.970673
-0.75,1,258.973321
2.75,29,259.042954
11.5,23,259.101341
8.75,15,259.138697
-0.25,2,259.143988
8.25,19,259.18977
2.75,8,259.209835
10.5,18,259.253863
-4.25,6,259.267558
-0.25,11,259.295854
6.75,12,259.326665
6.5,13,259.360149
-2.25,4,259.370049
-16.25,18,259.412534
-0.25,2,259.417742
42.0,51,259.545837
1.25,5,259.558108
-0.25,2,259.563408
21.0,42,259.664884
1.75,6,259.679109
0.25,4,260.001001
-0.25,2,260.006427
4.25,11,260.036046
0.25,3,260.044161
-1.25,1,260.047019
2.25,7,260.083687
-0.25,11,260.123144
0.75,1,260.12594
0.75,1,260.128692
18.0,18,260.173303
7.25,17,260.217839
-0.25,2,260.223279
8.25,18,260.268179
-0.25,2,260.273652
3.5,15,260.312098
0.75,1,260.314921
7.75,18,260.358513
9.25,21,260.408167
15.5,19,260.455785
2.25,7,260.474668
6.25,15,260.515246
6.25,15,260.554271
-0.75,1,260.557004
10.25,23,260.613209
0.75,1,260.61588
-0.75,1,260.618429
-0.25,2,260.623384
11.25,20,260.672919
20.5,24,260.729252
0.75,1,260.732369
0.75,1,260.735549
6.25,12,260.765791
11.75,26,260.831921
5.25,15,260.871457
-3.75,4,260.881818
0.25,3,260.889387
6.5,13,260.921605
0.25,3,260.929175
6.75,14,260.966346
-0.75,1,260.969246
-0.25,2,260.974346
-0.25,2,260.979535
-0.25,2,260.984928
0.75,1,260.987765
10.5,18,261.033061
1.25,5,261.045908
0.25,3,261.053611
13.0,18,261.099432
5.25,13,261.131277
0.75,1,261.133847
0.75,1,261.136545
12.5,25,261.198404
2.75,8,261.218191
0.75,1,261.220701
5.75,14,261.253464
10.25,22,261.306872
8.0,16,261.720115
4.75,9,261.743386
6.25,15,261.783054
7.25,19,261.833165
7.75,11,261.86388
6.25,15,261.904238
-0.25,2,261.90979
14.25,25,261.97649
5.75,17,262.02011
4.75,12,262.051656
-0.25,2,262.056894
-0.75,7,262.075198
4.25,8,262.094965
0.75,1,262.097887
14.75,17,262.139879
0.75,1,262.142764
0.75,1,262.14594
5.75,14,262.183264
4.75,12,262.215035
1.25,5,262.22794
1.25,5,262.241168
0.75,1,262.24398
9.5,17,262.284662
5.25,10,262.310633
0.75,1,262.313838
11.25,25,262.375166
-7.25,9,262.397292
6.25,12,262.429185
12.5,23,262.492326
0.75,1,262.495133
12.0,24,262.557655
25.0,39,262.661209
-0.75,1,262.664045
16.0,24,262.724679
0.75,1,262.727621
12.0,24,262.790486
15.75,16,262.831692
3.75,10,262.859048
0.75,1,262.862091
5.75,8,262.883245
8.0,16,262.922927
0.75,4,262.933229
9.5,19,262.978735
4.25,8,263.000208
5.25,13,263.338165
-2.25,7,263.356349
0.25,12,263.3871
2.75,8,263.407459
1.25,5,263.420405
7.25,14,263.458269
16.5,22,263.514165
5.75,14,263.549991
-0.25,2,263.55559
2.25,7,263.573659
0.25,6,263.588879
2.25,7,263.607099
7.0,17,263.648086
15.0,22,263.704124
0.75,1,263.706725
14.5,24,263.762765
0.75,1,263.765311
-3.25,5,263.77715
-0.25,2,263.782178
0.75,1,263.784844
-0.25,2,263.789679
1.25,5,263.801247
0.75,4,263.811513
-0.25,2,263.81648
-0.75,1,263.819087
-9.75,16,263.856181
1.25,5,263.86873
12.5,23,263.92506
0.75,1,263.927841
1.75,6,263.942257
-0.75,1,263.945094
4.75,8,263.964018
5.25,16,264.004731
0.75,1,264.007848
1.75,6,264.024064
-0.25,2,264.029082
0.75,1,264.031908
-1.75,8,264.051476
-0.75,1,264.054255
0.25,6,264.06839
-0.25,2,264.073165
-6.75,13,264.103686
9.25,18,264.14865
0.75,1,264.151488
0.75,1,264.154223
-0.25,2,264.159227
8.0,16,264.196042
-5.25,7,264.21482
-0.75,1,264.217659
0.75,1,264.220448
11.5,21,264.272015
11.0,21,264.322838
-0.25,11,264.351821
0.75,1,264.354626
0.75,1,264.357547
-0.25,2,264.362848
0.75,1,264.365657
8.0,16,264.404229
-0.25,2,264.409353
6.25,15,264.448001
6.25,18,264.492222
0.25,3,264.49967
-0.75,1,264.502375
0.75,1,264.505213
8.0,14,264.541589
-0.25,2,264.546946
7.5,15,264.584203
-0.75,1,264.587002
-0.75,1,264.589839
7.5,15,264.934731
-0.25,2,264.940095
4.25,8,264.960828
-2.25,13,264.995044
0.75,4,265.005497
4.25,11,265.034441
2.25,7,265.052584
0.75,1,265.05554
0.75,1,265.058349
1.25,5,265.071432
13.0,22,265.128583
0.75,1,265.131453
4.25,11,265.158423
11.0,16,265.195579
25.5,36,265.283433
0.75,1,265.286104
-2.25,4,265.295473
0.75,1,265.298372
0.75,1,265.301121
-0.25,2,265.306204
12.5,25,265.368521
0.75,1,265.371223
-0.25,2,265.376197
0.75,1,265.379079
15.5,28,265.448194
-0.25,2,265.453561
7.75,10,265.480383
-0.75,1,265.483204
0.75,1,265.485884
7.75,18,265.531552
1.25,5,265.54404
-0.75,1,265.546614
-0.25,2,265.551855
4.75,13,265.583187
0.25,3,265.590331
0.75,1,265.593064
-0.25,2,265.598044
6.25,15,265.634786
8.0,16,265.675292
8.75,13,265.70692
3.75,10,265.731782
-1.25,3,265.739371
21.0,31,265.813239
0.75,1,265.816194
0.75,1,265.819016
1.25,5,265.832389
7.75,18,265.877945
2.25,7,265.896929
0.75,1,265.899647
0.75,1,265.902395
-0.75,1,265.905009
6.25,15,265.940207
1.75,3,265.947682
2.25,16,265.98434
4.75,12,266.014198
12.5,25,266.077171
-0.75,1,266.080055
28.0,37,266.174269
6.5,13,266.50757
11.5,22,266.563885
5.25,13,266.597457
13.5,26,266.667554
12.5,24,266.725648
13.0,18,266.768996
8.75,14,266.801472
-0.25,2,266.806219
1.75,6,266.820393
5.25,13,266.850571
0.75,1,266.853284
2.75,8,266.872499
4.75,14,266.907617
13.0,26,266.966711
-5.25,12,266.993824
-0.75,1,266.996284
7.25,14,267.031868
0.75,1,267.034647
0.75,4,267.045289
0.75,1,267.048249
2.75,8,267.068647
6.75,17,267.109426
0.75,1,267.112437
15.0,39,267.205505
-0.25,2,267.210526
2.5,17,267.252668
-3.25,5,267.265873
-6.25,8,267.285969
4.25,11,267.311742
-0.25,2,267.317212
1.75,3,267.32548
3.5,16,267.368508
14.75,18,267.420062
-0.75,1,267.423954
12.5,22,267.496252
-0.25,2,267.501709
3.75,10,267.528727
-0.75,1,267.531571
9.0,18,267.578814
6.25,13,267.613912
0.75,1,267.616932
-0.25,2,267.623037
-0.25,2,267.629197
10.5,21,267.696133
0.25,3,267.705775
-0.25,2,267.711332
10.25,15,267.749003
11.0,22,267.805279
-0.75,1,267.808099
18.0,25,268.218926
8.75,20,268.271338
1.75,6,268.28688
11.25,20,268.336375
6.25,15,268.374783
0.75,4,268.384919
4.75,12,268.415036
12.0,24,268.475872
10.5,16,268.519224
9.25,14,268.559971
-0.75,1,268.563425
-1.25,3,268.572827
4.75,12,268.605467
4.75,15,268.643735
12.0,19,268.690901
1.75,8,268.711406
0.25,3,268.718754
1.75,3,268.726765
4.25,14,268.761927
6.5,13,268.796381
0.75,1,268.799751
-0.75,1,268.803339
-0.25,2,268.809486
5.25,13,268.845312
0.75,1,268.848281
6.75,16,268.893035
1.25,5,268.908201
-0.25,2,268.914793
3.5,14,268.957751
15.25,33,269.051063
13.0,26,269.120022
-0.25,2,269.125448
-1.25,3,269.1334
0.25,3,269.141213
9.5,17,269.187367
9.5,17,269.235115
31.5,48,269.378476
10.25,23,269.436657
25.5,36,269.536641
-0.75,1,269.539521
11.75,21,269.945822
4.25,11,269.973323
0.75,1,269.976175
-0.75,1,269.979029
0.75,1,269.981826
0.75,4,269.992177
1.75,6,270.008056
5.75,14,270.046564
13.0,17,270.087707
8.25,15,270.12409
18.5,32,270.204405
11.0,22,270.258118
7.25,17,270.300936
1.75,6,270.316055
0.75,1,270.31879
11.5,23,270.37571
5.75,14,270.409152
0.75,4,270.418985
0.75,1,270.421771
7.0,14,270.457005
0.75,1,270.459744
9.0,18,270.506232
8.25,17,270.549223
-0.25,2,270.554396
1.25,5,270.566201
0.75,1,270.568717
-0.25,3,270.576149
2.25,4,270.586126
14.5,24,270.646704
6.5,13,270.67883
7.75,15,270.718146
14.5,24,270.77564
0.75,1,270.778305
0.75,1,270.781071
0.75,1,270.783725
5.75,14,270.818688
-0.25,2,270.824022
4.25,11,270.854969
0.75,1,270.858004
3.75,10,270.883945
-4.25,9,270.906456
12.5,25,270.969873
13.5,20,271.021243
0.75,1,271.024222
1.75,15,271.064404
-0.25,2,271.069736
-0.25,2,271.075091
2.25,7,271.092546
9.25,21,271.144609
4.25,11,271.17283
0.25,3,271.180282
13.0,26,271.56166
7.25,17,271.604888
4.75,8,271.625151
0.75,1,271.627949
10.25,14,271.666548
0.75,1,271.669956
-0.25,2,271.676036
5.25,13,271.712012
2.75,8,271.733032
-0.25,2,271.738432
-6.75,10,271.762194
0.75,1,271.764705
-0.75,1,271.767311
7.75,18,271.811162
-0.75,1,271.81405
-5.25,7,271.832899
3.25,6,271.848855
0.75,1,271.851508
14.25,27,271.915147
6.5,13,271.947197
-0.25,2,271.952428
2.25,7,271.969222
7.25,17,272.011114
15.75,23,272.071668
1.75,6,272.087227
8.25,17,272.128829
18.5,22,272.185493
0.75,1,272.18825
9.25,19,272.235241
-3.25,5,272.248665
9.5,19,272.297754
4.75,12,272.326647
0.75,4,272.335875
7.75,14,272.368451
0.25,3,272.37677
-0.75,1,272.38027
0.75,7,272.398746
0.75,1,272.401353
2.25,13,272.43363
11.0,21,272.50647
-0.25,2,272.514847
9.75,15,272.563203
0.75,1,272.566893
6.75,16,272.619123
9.75,21,272.676213
11.5,19,272.72624
9.75,22,272.78477
13.5,22,272.842085
0.75,1,272.845262
0.75,1,272.848382
3.25,9,273.194656
0.25,3,273.202955
9.5,16,273.245041
12.25,27,273.315583
-0.75,1,273.318661
2.25,7,273.336361
3.75,10,273.361272
8.25,13,273.395354
0.25,3,273.403597
10.5,21,273.456376
9.0,18,273.502381
0.25,3,273.510958
-0.75,1,273.514305
9.5,17,273.560209
0.75,1,273.563193
-0.75,1,273.566152
9.5,17,273.607257
8.5,17,273.648869
-0.75,1,273.651722
0.75,1,273.654417
11.0,21,273.706263
1.75,6,273.721233
13.5,21,273.775898
11.75,19,273.820471
6.0,12,273.853212
8.0,16,273.894994
13.0,24,273.953632
0.25,3,273.961125
-5.75,12,273.990675
1.75,6,274.005314
0.25,3,274.014162
-3.25,5,274.027254
6.25,15,274.066021
22.5,25,274.127645
-0.25,2,274.132991
3.75,10,274.157946
-0.25,2,274.163221
2.25,4,274.173486
0.75,1,274.176197
2.25,13,274.211822
0.75,4,274.222459
8.25,10,274.247954
0.25,3,274.255922
5.75,14,274.291554
2.25,7,274.309922
0.75,1,274.31303
-0.75,1,274.315996
4.25,11,274.343005
0.75,1,274.345667
7.75,11,274.373063
7.25,17,274.416247
0.75,4,274.427618
0.75,1,274.430395
0.25,3,274.438443
12.5,24,274.499466
0.75,1,274.847139
9.75,22,274.901599
0.75,1,274.903986
8.5,17,274.945298
0.75,1,274.94803
0.75,4,274.957878
-1.25,3,274.965832
10.5,21,275.019323
-0.25,2,275.024277
-0.75,1,275.02705
-1.25,3,275.035011
21.0,31,275.111775
0.75,1,275.114465
-0.25,2,275.119489
7.75,16,275.159098
0.75,1,275.161954
-0.75,1,275.164758
12.0,24,275.224091
0.75,1,275.226886
7.25,10,275.251382
-0.25,2,275.256644
-0.75,1,275.259341
10.0,20,275.309757
8.75,16,275.348603
0.75,1,275.351397
-0.25,2,275.356585
0.25,3,275.364184
-1.25,3,275.371641
2.25,10,275.396876
-0.75,1,275.39968
-0.75,1,275.402385
5.25,13,275.435841
12.0,18,275.480883
0.75,1,275.483696
4.75,12,275.514613
10.0,21,275.565321
-0.75,1,275.568033
0.75,1,275.570652
15.0,25,275.629225
5.25,13,275.66311
-0.25,2,275.668374
5.75,14,275.703659
6.75,16,275.742509
7.25,18,275.786407
1.75,6,275.802265
0.75,1,275.805109
2.25,7,275.824234
7.25,17,275.868419
25.0,43,275.972828
1.25,5,275.985469
0.75,1,275.988275
3.5,15,276.026454
-0.25,2,276.031279
7.5,15,276.067282
2.75,8,276.085941
8.25,17,276.440183
-1.25,3,276.448457
-0.25,2,276.453849
-0.75,1,276.456537
6.25,13,276.493082
0.75,1,276.495918
4.75,12,276.532107
-0.25,2,276.537153
11.0,22,276.589528
0.75,1,276.592288
3.25,15,276.628382
12.0,16,276.669893
5.75,14,276.705466
-0.75,7,276.723267
11.25,23,276.783527
-0.25,2,276.788771
1.75,4,276.798883
-0.75,1,276.801677
4.25,8,276.821491
8.75,17,276.863686
7.0,13,276.898183
9.5,13,276.931331
-0.75,1,276.934124
-0.75,1,276.9371
-3.25,5,276.949848
3.0,33,277.031569
-0.25,2,277.036748
0.75,4,277.046768
8.75,17,277.089152
14.5,22,277.143434
16.5,23,277.200621
0.75,1,277.203468
4.5,15,277.239544
6.25,15,277.276614
-0.25,2,277.281948
7.25,17,277.324559
0.75,1,277.327179
-0.25,2,277.332262
0.75,1,277.335105
-0.25,2,277.34029
0.25,3,277.348015
10.5,21,277.398422
0.75,1,277.401139
8.25,13,277.434943
15.0,28,277.505703
7.75,15,277.543893
2.75,5,277.556411
16.0,24,277.615306
0.75,1,277.618058
15.5,28,277.688221
7.0,17,278.042431
12.0,19,278.091428
3.75,10,278.117551
0.75,1,278.120312
-0.25,2,278.125516
15.5,19,278.169755
17.0,33,278.249973
-0.25,2,278.255188
6.25,12,278.284707
11.75,26,278.351596
9.75,18,278.39523
-0.25,2,278.40046
12.0,24,278.45836
2.25,7,278.477245
-0.75,1,278.480101
0.75,1,278.482944
5.75,14,278.518203
10.5,21,278.56873
9.25,24,278.624111
-0.25,2,278.629602
0.75,1,278.632269
-0.75,1,278.634964
21.0,30,278.709997
6.25,15,278.745373
0.75,1,278.748269
-0.25,2,278.753688
4.75,12,278.783502
9.5,17,278.82417
0.75,1,278.826787
12.0,24,278.885865
1.25,5,278.899774
10.0,29,278.969641
0.75,1,278.972303
-0.75,1,278.975111
26.5,40,279.075621
10.0,20,279.124428
1.75,6,279.13957
8.0,16,279.177702
6.0,12,279.20579
6.25,11,279.233783
3.75,16,279.274936
-2.75,3,279.283157
0.75,1,279.28628
0.75,1,279.289188
0.25,3,279.297235
-0.75,1,279.300133
0.75,1,279.303013
7.25,20,279.657779
0.75,3,279.666198
3.25,12,279.701093
15.5,19,279.750247
-0.25,14,279.786665
6.25,21,279.838449
0.25,3,279.845978
6.5,18,279.891526
-0.75,1,279.894628
26.0,33,279.975146
2.25,13,280.008859
-1.25,9,280.031675
5.25,13,280.064069
0.75,1,280.066827
2.75,8,280.086729
-4.75,11,280.111917
-0.25,2,280.117186
7.25,17,280.159816
5.75,11,280.186358
-0.25,2,280.191213
3.25,15,280.228224
9.0,18,280.272404
16.5,31,280.345729
-0.75,1,280.348562
10.5,21,280.397722
6.5,13,280.427109
10.5,27,280.49504
10.0,17,280.538743
6.25,15,280.575583
13.75,16,280.614815
0.75,1,280.61764
0.75,13,280.647067
0.75,1,280.649774
9.75,19,280.698997
5.25,22,280.751193
13.0,26,280.817682
8.75,11,280.848451
-0.75,13,280.881613
1.25,5,281.210364
0.25,3,281.217736
1.25,5,281.230307
0.75,4,281.240554
1.75,3,281.24896
-0.25,2,281.254924
1.75,6,281.270037
1.25,5,281.282716
12.0,21,281.334593
-0.25,2,281.339518
7.75,18,281.382939
2.75,14,281.416278
0.75,1,281.419109
0.75,1,281.421968
0.25,3,281.429751
4.75,12,281.459283
0.25,3,281.467555
0.25,3,281.475584
5.25,13,281.509783
12.5,24,281.569709
6.5,13,281.600755
0.75,1,281.603396
-2.25,4,281.613077
-0.75,1,281.616012
8.25,12,281.645203
2.25,4,281.655593
9.0,24,281.715816
-0.75,1,281.718442
10.0,17,281.757861
5.75,11,281.786597
4.25,13,281.82153
12.5,25,281.882488
-0.75,1,281.885283
0.75,4,281.894512
11.25,22,281.944683
4.75,15,281.979627
0.75,1,281.98219
5.75,11,282.008073
15.5,28,282.077785
3.25,15,282.111211
0.75,4,282.122164
15.0,24,282.179038
5.75,14,282.211458
7.25,17,282.253616
9.25,21,282.305596
-0.25,2,282.310385
17.0,33,282.386045
16.5,26,282.449203
7.0,12,282.796845
5.25,13,282.83079
-1.75,11,282.858172
7.75,18,282.902717
17.0,28,282.969783
-0.25,2,282.974768
0.25,3,282.982343
2.25,7,282.998998
0.75,1,283.001505
9.0,18,283.04795
0.75,1,283.050634
0.75,1,283.053307
-2.25,4,283.063948
-0.25,2,283.069199
-0.25,3,283.077045
8.0,16,283.114699
12.5,23,283.173115
-4.25,6,283.188785
0.75,1,283.191433
-1.25,3,283.199236
-2.25,4,283.209143
0.25,3,283.216614
12.0,18,283.262009
12.5,22,283.315366
0.75,1,283.318006
0.75,1,283.320508
0.75,1,283.323149
1.25,5,283.334971
8.75,17,283.375021
0.75,1,283.377757
13.25,20,283.427401
12.25,14,283.46494
4.25,8,283.486449
0.75,1,283.489295
3.25,9,283.512042
0.75,1,283.515195
-0.75,1,283.517945
-0.75,1,283.520814
-0.75,1,283.523626
5.25,13,283.555761
-0.75,1,283.558596
5.25,10,283.583322
10.75,19,283.630692
16.5,26,283.695435
6.75,16,283.734699
0.75,1,283.737622
0.75,1,283.740417
0.75,1,283.743254
0.75,1,283.745944
-0.75,1,283.748572
5.25,13,283.778983
0.25,3,283.786066
-4.25,6,283.801396
9.75,19,283.850278
9.5,19,283.897565
5.25,10,283.922487
-0.25,2,283.927681
0.75,1,283.930515
7.75,27,283.998822
9.0,18,284.04535
1.75,6,284.384497
-3.75,16,284.425371
17.5,32,284.510523
11.5,22,284.567082
-0.75,1,284.570087
18.5,37,284.661165
-0.75,1,284.664158
9.0,18,284.709578
13.5,22,284.768204
-4.75,5,284.781529
0.75,1,284.784496
14.25,31,284.864409
-0.25,2,284.86993
21.0,42,284.973099
0.75,1,284.975886
12.0,24,285.034344
12.75,28,285.10544
-0.75,1,285.108465
-0.25,2,285.113776
-0.25,2,285.11895
6.75,16,285.160064
7.25,16,285.200647
4.75,12,285.228922
13.0,18,285.271237
8.75,14,285.30671
-0.25,2,285.311905
2.75,14,285.346531
15.0,28,285.413604
8.0,16,285.453506
-0.25,2,285.459024
-0.75,1,285.462082
1.25,8,285.48212
0.75,1,285.484597
3.25,15,285.52615
6.25,15,285.565564
1.25,5,285.578308
5.75,12,285.608722
25.5,36,286.035415
17.0,33,286.198959
2.75,5,286.212167
0.25,3,286.219982
-0.25,2,286.225537
0.75,1,286.228388
13.0,24,286.287684
0.75,1,286.29058
8.25,16,286.331235
10.0,15,286.368523
9.25,13,286.403911
-0.75,1,286.406895
-1.25,3,286.414397
7.25,17,286.454856
6.25,15,286.493911
-1.25,3,286.501698
42.0,51,286.629618
3.25,15,286.667542
0.75,1,286.670366
-0.25,2,286.675661
19.0,33,286.757014
-2.25,4,286.766958
-0.75,7,286.783911
0.75,1,286.78636
19.5,39,286.892952
0.25,3,286.900774
-0.75,1,286.903616
9.75,22,286.958016
2.75,8,286.977674
4.75,12,287.007021
10.25,16,287.046988
19.0,26,287.111838
4.75,12,287.1402
11.0,20,287.19275
10.5,16,287.233618
6.25,12,287.264277
5.75,14,287.302574
0.75,1,287.30551
2.75,8,287.326576
2.25,7,287.344622
0.75,1,287.347602
17.0,25,287.72629
-2.25,4,287.737776
0.25,3,287.745739
13.5,20,287.795699
12.25,27,287.863746
19.0,26,287.928271
12.5,23,287.985769
0.75,1,287.988496
15.5,28,288.057577
6.25,12,288.087127
7.25,15,288.124466
4.25,11,288.151577
8.0,16,288.19323
8.25,15,288.229178
3.5,16,288.269439
9.5,19,288.31658
1.75,12,288.34692
1.0,20,288.394398
0.25,3,288.403141
-0.75,1,288.406557
1.75,6,288.42187
-0.25,2,288.427522
12.0,19,288.474367
0.75,1,288.477232
0.75,4,288.487494
2.75,8,288.507771
3.25,9,288.530702
-0.75,1,288.533516
8.25,19,288.578599
-0.25,2,288.584054
2.25,7,288.601714
10.5,12,288.632108
0.25,3,288.640153
2.75,14,288.674742
-1.25,3,288.68247
-0.25,2,288.687759
12.75,17,288.729431
4.75,12,288.759941
-1.25,3,288.767967
-0.25,2,288.773381
10.0,20,288.823811
14.25,21,288.879636
6.75,16,288.921033
2.25,15,288.963571
2.75,14,288.999959
7.75,18,289.364189
2.75,5,289.377302
0.25,3,289.384962
1.25,5,289.398389
8.75,20,289.450038
1.75,3,289.459395
2.75,8,289.48083
3.75,6,289.495872
5.25,10,289.522257
0.75,4,289.533143
8.0,14,289.566603
-0.75,1,289.569397
0.75,1,289.572206
8.75,20,289.621289
9.25,14,289.657793
-0.75,1,289.66051
3.25,9,289.681702
-0.25,2,289.686684
-1.25,3,289.694161
2.75,8,289.713239
5.75,14,289.750181
9.5,19,289.802135
8.25,19,289.850635
3.75,16,289.892178
11.5,26,289.954282
7.75,18,290.0001
7.25,17,290.046023
3.75,10,290.072148
6.25,15,290.111397
-0.25,2,290.116347
21.0,31,290.191064
-3.75,19,290.239617
12.0,23,290.298018
36.5,40,290.401302
7.75,18,290.448435
11.0,22,290.505224
1.75,6,290.521523
14.0,24,290.580745
-0.25,15,290.618853
5.25,10,290.956771
8.25,19,291.005073
17.5,22,291.060205
-7.25,18,291.106418
4.75,12,291.136294
-0.25,2,291.141848
-0.25,2,291.147292
-7.75,14,291.182477
0.75,1,291.185328
-1.25,3,291.192776
1.25,4,291.20266
9.75,19,291.24809
8.75,20,291.297701
7.75,16,291.338468
10.25,22,291.392374
13.25,28,291.463438
0.75,1,291.466457
-2.75,6,291.48152
0.75,1,291.484362
4.75,15,291.524041
14.5,23,291.580163
9.25,21,291.630378
18.0,18,291.674417
-0.25,2,291.679713
0.75,1,291.682411
-5.75,6,291.697337
0.25,3,291.70425
4.25,8,291.722707
-0.25,2,291.72755
19.0,28,291.790988
13.0,21,291.840371
6.75,16,291.884102
8.25,15,291.927727
9.25,14,291.963931
2.25,7,291.982362
9.0,18,292.029537
7.75,18,292.075826
9.5,19,292.125237
11.75,20,292.174719
1.25,5,292.187084
0.75,1,292.189853
-3.75,4,292.20007
0.75,1,292.202925
0.75,1,292.205794
4.25,11,292.231782
16.5,23,292.60806
1.75,6,292.623097
1.75,21,292.675354
0.75,1,292.678143
0.75,1,292.681022
0.75,1,292.683816
14.5,29,292.7537
0.75,1,292.756492
-0.25,2,292.761589
-0.75,1,292.764319
6.25,15,292.800121
5.25,13,292.831415
-0.25,14,292.866657
8.0,16,292.907482
13.5,20,292.95864
-0.25,2,292.963914
11.25,18,293.010093
-1.25,3,293.018378
2.25,16,293.057937
9.25,13,293.090508
12.5,19,293.138567
5.25,13,293.170566
-0.25,2,293.175607
5.75,14,293.213204
4.25,11,293.2412
2.75,7,293.258005
-2.25,4,293.268398
10.0,20,293.314637
-0.25,2,293.319541
0.75,4,293.329693
0.75,3,293.337649
16.5,23,293.394608
-1.75,5,293.407247
2.25,13,293.444412
12.5,25,293.511483
-0.25,2,293.5175
-0.25,2,293.523017
9.25,21,293.577418
12.5,25,293.644536
-4.25,6,293.661493
-0.25,2,293.667937
13.0,26,293.733794
12.25,21,293.786939
5.75,12,293.817707
-0.75,1,293.820421
-0.25,2,293.825734
0.75,1,293.828659
1.75,15,294.181438
12.5,17,294.223855
5.75,12,294.255073
0.25,3,294.263339
-2.25,4,294.273298
14.5,29,294.34477
4.75,12,294.375059
7.5,21,294.426007
17.0,34,294.513577
9.25,15,294.551963
0.75,1,294.55471
10.25,18,294.601275
-0.25,2,294.606822
2.75,5,294.620388
15.5,19,294.665465
1.75,6,294.679363
12.75,17,294.724972
15.0,28,294.799611
0.75,1,294.802477
0.75,1,294.805431
9.5,19,294.851366
10.5,21,294.90674
8.0,16,294.946247
21.25,39,295.044715
0.75,1,295.047628
7.25,20,295.099652
-1.25,3,295.108667
1.75,6,295.125292
8.25,13,295.159504
-2.25,4,295.17007
5.0,13,295.204526
0.75,1,295.207494
9.25,16,295.250669
-8.25,10,295.276685
8.5,15,295.31529
3.5,14,295.350574
0.75,1,295.353526
0.75,1,295.356397
3.25,9,295.380716
7.25,20,295.429954
-0.75,1,295.432768
-1.25,3,295.440413
7.5,15,295.482353
13.0,16,295.835357
0.75,1,295.838283
2.75,8,295.859452
0.75,1,295.862295
0.25,15,295.899355
-3.75,7,295.916683
6.75,13,295.948723
2.75,8,295.96785
22.0,35,296.055401
8.75,20,296.105976
-0.75,1,296.109111
1.75,6,296.124506
0.75,1,296.127501
8.0,16,296.169008
18.0,27,296.237974
12.0,19,296.285256
8.25,15,296.320596
9.5,19,296.367434
6.25,15,296.404683
12.25,22,296.458331
9.0,18,296.506331
7.25,17,296.548111
10.25,18,296.590755
2.25,4,296.600526
2.75,5,296.612752
-0.25,2,296.61815
-0.75,1,296.62095
0.75,1,296.623838
1.75,3,296.632311
2.25,7,296.650154
0.75,1,296.652933
14.0,28,296.72736
0.75,1,296.730218
0.75,1,296.733289
9.5,25,296.800344
19.0,32,296.883219
0.75,1,296.886319
10.5,21,296.940906
6.25,15,296.977295
21.0,31,297.057027
5.75,14,297.093222
0.75,1,297.096057
0.75,1,297.098849
3.25,21,297.469248
8.0,16,297.512213
0.25,3,297.520615
8.25,13,297.553314
0.75,1,297.556124
-2.25,15,297.593923
-0.75,7,297.611312
18.0,27,297.677681
-6.75,21,297.731873
15.0,29,297.800203
-0.25,2,297.805492
3.25,9,297.830043
0.75,1,297.832823
11.5,23,297.889622
-1.25,3,297.897605
10.0,17,297.937615
28.0,37,298.026933
25.0,43,298.131269
0.25,3,298.139752
2.75,17,298.184976
6.25,12,298.215812
9.0,24,298.278556
-0.25,2,298.284198
-2.25,4,298.294971
7.25,14,298.330708
-0.25,2,298.33603
18.0,18,298.40637
0.75,1,298.41139
5.75,14,298.470781
0.75,1,298.474477
0.75,1,298.477973
1.75,3,298.488847
14.5,23,298.561236
-0.25,2,298.566675
11.0,18,298.611483
0.75,1,298.614223
18.0,34,298.697147
0.25,3,298.704605
6.25,13,298.739416
11.0,15,299.08372
17.5,29,299.155783
18.0,27,299.225215
17.5,29,299.297425
-0.75,1,299.300262
1.75,6,299.315309
7.75,17,299.357198
3.25,15,299.39338
18.25,37,299.480863
-3.75,13,299.51655
0.75,1,299.519437
-0.75,1,299.522269
13.5,21,299.570074
-2.75,3,299.576986
-0.25,2,299.5822
5.25,13,299.612505
0.75,4,299.622591
0.75,4,299.631892
0.75,1,299.634284
0.75,1,299.636959
-0.75,1,299.639588
5.75,13,299.67131
7.75,12,299.698981
2.25,12,299.732054
0.75,1,299.734921
15.0,28,299.806463
7.5,15,299.847008
0.75,1,299.849831
4.75,11,299.876353
8.0,15,299.914906
-0.75,1,299.917709
2.25,21,299.971719
15.25,33,300.086265
1.75,3,300.097972
0.75,1,300.101635
0.25,3,300.111582
-0.25,2,300.118793
8.25,19,300.198337
4.25,7,300.228077
5.75,14,300.286202
-0.75,1,300.290092
8.5,23,300.367147
10.5,17,300.419641
5.25,13,300.459926
-0.25,2,300.467986
5.75,11,300.507558
9.0,18,301.023159
4.75,12,301.054886
0.75,1,301.057634
4.75,12,301.087915
0.25,3,301.095586
-0.25,2,301.100659
-0.75,1,301.103443
0.75,1,301.106239
-0.25,2,301.111515
0.75,1,301.114308
7.75,18,301.160703
7.25,15,301.212937
-0.75,1,301.216655
4.25,11,301.248061
7.25,17,301.295473
17.5,32,301.379936
10.0,17,301.426516
6.25,18,301.472327
0.75,1,301.475115
6.5,16,301.515745
0.75,1,301.518487
7.75,11,301.544348
11.5,23,301.599005
5.25,13,301.636419
15.25,28,301.714916
-0.75,1,301.717898
9.25,14,301.751554
-0.25,2,301.756701
2.75,8,301.775539
0.75,1,301.778229
12.75,20,301.825457
0.75,1,301.828144
1.75,3,301.83612
8.5,17,301.879954
17.0,25,301.944126
-0.75,13,301.983093
5.25,11,302.015447
12.75,27,302.100589
14.0,16,302.153894
-0.25,2,302.164674
0.75,1,302.171704
7.25,16,302.256785
16.0,24,302.367003
2.25,4,302.385765
16.5,23,302.480328
0.75,1,302.484571
0.75,4,302.49738
6.0,12,302.914895
4.75,18,302.963709
5.75,14,303.006313
0.75,13,303.046841
6.25,15,303.09949
32.0,48,303.235382
-1.25,6,303.25154
5.75,13,303.287354
7.25,15,303.325878
0.75,1,303.328574
8.0,14,303.364299
-1.25,1,303.367053
-0.75,1,303.369912
-0.25,2,303.375261
-0.25,2,303.380609
0.75,1,303.383433
11.0,15,303.420546
11.25,19,303.471489
10.5,15,303.509454
1.75,15,303.545737
5.25,19,303.593324
3.25,9,303.616486
13.5,20,303.664855
0.75,1,303.667491
0.75,4,303.677046
9.25,16,303.729861
10.5,18,303.821107
9.5,18,303.889751
8.0,16,303.949995
14.5,27,304.043586
9.0,18,304.097589
15.5,19,304.150557
-0.25,2,304.155915
3.75,15,304.199316
12.75,22,304.265396
8.75,19,304.317611
1.25,4,304.329168
0.25,3,304.337111
5.25,10,304.363436
-1.25,3,304.371439
6.0,12,304.403162
-2.25,7,304.756967
12.5,25,304.823268
8.0,22,304.878316
1.75,6,304.893555
2.25,7,304.911385
0.75,1,304.914184
0.75,1,304.916786
16.5,31,304.998355
11.0,22,305.052938
0.75,1,305.05589
-0.75,1,305.058807
-0.25,2,305.06399
3.25,9,305.086405
6.75,14,305.122644
25.5,30,305.196712
-2.25,4,305.206655
12.0,16,305.24964
-0.25,2,305.255098
-0.25,2,305.260336
15.0,24,305.31984
0.25,6,305.337374
11.25,17,305.380584
2.75,8,305.399311
0.75,1,305.401948
21.5,29,305.475318
11.25,17,305.517816
0.75,1,305.520687
1.75,6,305.535905
5.25,13,305.569161
0.75,1,305.571983
8.75,19,305.623279
-0.25,2,305.629547
7.25,17,305.688241
4.75,12,305.725788
0.75,1,305.72916
6.0,12,305.766931
15.0,25,305.844922
2.25,4,305.858247
10.5,12,305.89723
0.75,1,305.901069
11.75,14,305.944588
14.5,29,306.02602
12.5,25,306.090636
5.0,13,306.125576
3.5,13,306.528606
-0.25,2,306.533815
1.75,6,306.550274
8.0,16,306.593081
0.75,1,306.595896
14.0,16,306.637008
4.75,8,306.659276
0.75,1,306.662296
11.0,21,306.716734
0.75,1,306.719666
2.75,8,306.741097
3.75,9,306.764075
0.75,1,306.766878
0.25,3,306.775189
12.25,17,306.818925
16.75,30,306.90092
0.25,3,306.909241
-0.75,1,306.912158
0.75,1,306.914815
4.75,18,306.963128
0.75,1,306.966648
5.75,11,306.998445
-0.25,2,307.005878
8.25,17,307.052278
6.25,27,307.124609
12.5,25,307.190421
4.75,12,307.22262
1.25,17,307.269613
0.75,1,307.272431
5.25,13,307.306039
-0.25,2,307.311334
4.75,12,307.344003
16.5,22,307.406292
5.75,14,307.444572
8.0,16,307.49387
7.5,15,307.535762
10.0,19,307.585749
4.75,15,307.624415
-1.25,3,307.632099
16.5,23,307.692366
10.5,16,307.735449
8.0,22,307.802325
12.5,25,307.890084
7.0,14,308.333956
-0.25,2,308.339938
-0.75,1,308.343448
0.75,1,308.346903
8.0,16,308.392319
-2.25,4,308.404072
11.5,18,308.454121
5.25,13,308.498578
9.25,24,308.570942
11.5,23,308.641679
-0.75,1,308.646534
0.75,13,308.695293
10.25,18,308.755115
1.25,5,308.776559
10.0,14,308.830264
3.5,16,308.882911
7.25,14,308.92967
12.5,14,308.974715
13.0,17,309.038989
7.5,21,309.112679
-0.75,1,309.116966
10.0,14,309.164487
9.75,22,309.232773
0.75,1,309.235786
10.25,16,309.30195
2.25,4,309.323025
-0.25,2,309.330766
6.25,15,309.383604
8.75,14,309.427776
11.0,22,309.494504
15.5,28,309.576446
-0.25,5,309.590452
11.0,18,309.641558
6.75,13,309.680278
6.25,18,309.729574
-1.25,3,309.739388
5.75,14,309.782207
18.5,26,309.8581
1.75,6,309.876127
21.0,30,309.978317
0.75,1,309.984748
2.75,8,310.434368
17.0,34,310.525768
14.75,17,310.569227
3.25,9,310.592388
0.75,1,310.595255
0.75,1,310.598091
0.25,3,310.605634
11.25,24,310.665323
-0.75,1,310.66824
6.5,13,310.702237
0.75,4,310.712834
10.25,13,310.745343
1.75,6,310.76135
9.5,19,310.816888
6.75,14,310.858191
0.75,1,310.861326
0.25,3,310.870931
5.75,11,310.902174
11.5,23,310.962208
0.25,3,310.970207
0.75,1,310.972981
38.0,49,311.101101
-3.75,4,311.111385
7.0,14,311.146427
0.75,1,311.149409
1.75,6,311.164335
6.25,21,311.217692
-2.75,6,311.233509
-0.25,2,311.239005
-0.75,1,311.242004
-1.25,3,311.250117
8.75,15,311.288506
3.25,6,311.308442
2.75,8,311.330702
8.5,17,311.38093
10.25,22,311.448587
-0.75,1,311.452985
-0.25,2,311.46392
-0.75,1,311.469455
6.75,16,311.524492
0.75,1,311.527621
0.75,1,311.53046
-2.75,12,311.561117
-2.25,4,311.571327
8.75,17,311.613957
0.75,1,311.616437
-0.25,2,311.621279
12.5,23,311.677922
-0.25,2,311.683518
2.75,8,311.704897
5.25,13,311.734865
1.25,17,311.776006
5.25,11,312.099648
0.75,1,312.102204
3.25,9,312.125199
-0.25,2,312.130653
0.75,1,312.133424
4.75,12,312.163754
17.0,26,312.227273
14.0,24,312.286283
22.5,25,312.346987
0.75,1,312.349643
7.25,16,312.388344
10.25,18,312.432844
2.25,7,312.450636
-1.25,3,312.45906
8.5,17,312.506685
10.75,16,312.548211
2.25,7,312.565756
-0.75,1,312.568477
9.75,20,312.617933
0.75,4,312.628418
-0.75,1,312.631871
4.75,12,312.664385
-0.25,2,312.66973
7.0,14,312.7055
-0.25,2,312.710876
13.0,26,312.771509
12.5,22,312.826405
3.0,33,312.943178
0.75,1,312.947073
14.25,17,313.0076
8.5,17,313.055684
10.25,20,313.110068
0.75,4,313.121055
0.75,1,313.124033
0.75,4,313.134885
4.25,11,313.164659
-0.25,2,313.17005
9.75,24,313.230581
8.25,10,313.256318
1.25,5,313.268442
0.75,4,313.279059
-1.25,3,313.287154
-5.25,7,313.305106
17.75,37,313.394043
-0.25,2,313.399212
34.0,60,313.861247
12.75,17,313.903077
-10.75,14,313.938907
0.75,1,313.94167
3.75,4,313.951458
2.25,7,313.968291
-6.25,14,314.001487
0.75,4,314.01121
0.75,1,314.013989
6.25,14,314.046882
0.75,1,314.049793
15.0,22,314.105539
12.25,27,314.173382
5.25,13,314.20463
3.75,10,314.227273
11.5,22,314.277706
-5.25,7,314.296038
1.75,9,314.319197
1.75,5,314.332007
0.75,1,314.33482
5.75,14,314.36911
-5.25,7,314.387299
6.25,15,314.425569
6.75,16,314.466827
9.5,19,314.515579
7.75,17,314.558718
4.25,11,314.586608
-0.75,1,314.589393
5.25,15,314.628509
11.0,22,314.685198
13.5,23,314.74709
-0.25,2,314.753177
10.0,14,314.792741
-0.25,5,314.805835
0.75,1,314.808523
0.25,12,314.840503
5.75,14,314.876271
-0.25,2,314.881368
-2.25,7,314.898911
8.0,16,314.938647
10.0,22,314.992891
2.25,7,315.010897
0.75,1,315.013706
-0.25,2,315.018692
5.25,13,315.051671
8.75,15,315.407034
4.25,11,315.435367
11.5,23,315.494406
-0.75,1,315.497502
0.25,3,315.505025
-6.75,10,315.529945
0.75,1,315.532767
4.75,11,315.559653
9.25,14,315.594002
5.25,13,315.625748
-3.25,5,315.637671
12.0,19,315.691473
0.25,3,315.699352
10.75,21,315.751685
11.5,23,315.811126
-7.25,15,315.853291
0.75,1,315.856224
-0.25,2,315.861678
17.0,26,315.927465
0.75,1,315.930298
-0.25,2,315.93554
13.5,23,315.992939
0.75,3,316.00087
12.25,20,316.048219
1.75,6,316.062174
0.75,1,316.065423
7.25,17,316.107014
3.25,9,316.131515
8.0,16,316.17277
-2.25,4,316.183333
5.75,14,316.219175
3.25,9,316.243055
5.75,14,316.2784
2.25,7,316.296579
10.25,12,316.328812
0.75,4,316.3393
0.75,4,316.349594
0.5,13,316.382565
10.0,14,316.41894
3.25,9,316.442198
0.75,4,316.45164
-0.75,1,316.454769
13.5,27,316.521836
28.0,37,316.611106
0.75,1,316.613732
-1.25,3,316.621566
1.25,5,316.633811
9.25,19,316.984791
1.25,5,316.99808
0.75,1,317.001487
-0.75,1,317.004603
10.5,17,317.049064
-0.25,2,317.054495
0.75,1,317.057443
2.75,8,317.078399
0.75,1,317.081193
7.75,16,317.119703
0.75,1,317.122281
0.25,3,317.129589
11.5,19,317.173473
11.0,21,317.224169
13.0,24,317.280672
-0.25,2,317.285728
10.0,17,317.32661
8.0,16,317.365548
0.75,1,317.368396
12.5,22,317.429075
-0.75,1,317.432132
12.5,25,317.501996
-0.75,1,317.50494
6.25,15,317.546016
6.75,10,317.574424
3.25,9,317.598488
0.75,1,317.60149
12.75,17,317.645583
32.0,48,317.772542
-0.25,2,317.778097
9.0,18,317.829327
-0.75,1,317.832532
2.25,7,317.851148
9.75,19,317.90145
15.0,22,317.961816
12.5,25,318.033358
0.75,1,318.03691
-0.25,2,318.043013
-2.25,4,318.055318
4.25,11,318.0859
5.25,10,318.11299
8.5,20,318.173552
3.75,10,318.208259
12.0,18,318.264446
-1.25,6,318.282072
0.75,1,318.285906
16.5,31,318.745277
9.0,18,318.791178
0.25,3,318.799205
0.75,1,318.801998
3.75,10,318.827479
9.25,18,318.875243
0.75,1,318.878368
6.75,13,318.911925
0.75,4,318.923109
-0.75,1,318.925909
13.0,18,318.972742
-0.75,1,318.975767
-1.25,1,318.978672
2.75,8,319.000024
7.75,14,319.03533
3.25,9,319.059718
10.75,22,319.121624
13.5,21,319.182276
19.0,33,319.26788
12.5,23,319.326685
-0.25,2,319.332405
10.75,24,319.392754
20.75,42,319.503505
5.0,12,319.534666
0.75,1,319.53769
10.0,17,319.582759
6.25,14,319.619739
0.25,3,319.627784
11.0,22,319.684741
2.75,8,319.705585
-0.25,2,319.71101
18.5,19,319.765429
-0.25,2,319.77174
4.75,18,319.820406
-2.75,14,319.85594
9.0,17,319.899077
7.75,15,319.937029
0.75,1,319.939864
9.5,18,319.989886
13.0,17,320.041603
1.75,6,320.060212
8.75,19,320.474595
3.25,9,320.49838
-0.25,2,320.50406
-1.75,5,320.518355
12.5,19,320.569476
3.75,16,320.611716
6.25,15,320.652186
25.25,38,320.752193
-1.25,3,320.760011
7.75,18,320.805953
1.25,5,320.819927
4.75,12,320.852773
5.0,12,320.888443
7.5,15,320.927603
13.5,19,320.977473
-0.75,1,320.980432
1.75,6,320.99737
9.0,17,321.041597
-0.25,2,321.047183
0.75,1,321.05019
-0.75,4,321.060749
10.25,22,321.117683
11.75,26,321.183539
-4.25,6,321.200066
0.75,1,321.202905
-1.25,3,321.211047
-4.25,6,321.227912
-0.25,2,321.23372
-0.25,2,321.239303
-0.25,2,321.244763
9.25,15,321.285165
2.75,8,321.306713
22.0,35,321.400248
5.25,13,321.435174
6.5,13,321.472466
-14.25,16,321.516364
-1.25,3,321.528059
0.75,1,321.531184
5.75,14,321.569994
2.25,4,321.582066
0.75,1,321.584963
1.25,5,321.600985
3.25,9,321.624372
22.5,25,321.689499
0.75,1,321.69241
0.75,4,321.703214
1.25,5,321.716621
-0.25,2,321.722224
0.25,12,321.755149
-0.25,2,321.761077
0.75,1,321.763993
19.5,30,322.182928
12.25,26,322.256049
8.75,20,322.309825
12.5,25,322.376357
15.75,16,322.417961
8.5,17,322.462162
-0.25,2,322.467633
10.75,21,322.523757
12.5,23,322.581468
-0.25,11,322.61064
-0.25,2,322.616398
9.0,17,322.661412
4.25,11,322.691983
0.75,1,322.694814
0.75,4,322.705916
9.25,21,322.759031
14.5,29,322.832188
0.25,3,322.840133
9.0,18,322.886847
9.0,18,322.933996
-1.25,3,322.942335
-0.25,2,322.947949
2.25,7,322.966959
-0.75,1,322.969886
13.0,18,323.016498
0.75,1,323.019275
-0.75,1,323.022093
0.75,1,323.02477
5.25,19,323.07113
13.0,26,323.133606
14.0,23,323.188984
-0.25,2,323.194029
10.75,19,323.24294
10.5,19,323.286978
5.75,14,323.318666
5.75,14,323.350333
28.0,37,323.43584
4.75,12,323.466166
2.25,7,323.484902
20.5,24,323.840274
-0.25,2,323.845518
0.75,1,323.848389
-0.25,2,323.8535
9.25,19,323.898232
12.5,25,323.957307
6.25,15,323.991771
4.75,12,324.021581
4.25,11,324.050719
-0.25,2,324.055744
9.5,17,324.096148
-0.75,1,324.099392
14.5,22,324.154884
0.75,1,324.157633
8.5,13,324.187334
19.0,33,324.272389
14.5,24,324.332858
7.75,18,324.379738
9.5,19,324.428202
6.75,16,324.470383
0.75,6,324.486464
-5.75,12,324.517367
-0.75,1,324.520336
-0.75,1,324.523229
-0.75,1,324.525946
-0.75,1,324.528816
3.75,10,324.554306
3.75,10,324.579366
-0.75,1,324.58225
13.0,16,324.620944
8.75,17,324.661303
21.5,29,324.738338
27.5,34,324.824652
8.25,19,324.869494
0.75,1,324.872003
6.75,16,324.910954
14.0,16,324.949414
-0.75,1,324.952228
-0.75,1,324.954651
17.0,25,325.015896
12.0,23,325.373162
3.25,9,325.393912
1.75,6,325.407893
0.75,1,325.410698
-0.75,1,325.413525
-0.75,1,325.416538
-0.25,13,325.448123
0.75,1,325.45071
13.75,24,325.513688
1.75,6,325.527862
-0.75,1,325.530518
5.75,14,325.562095
25.5,36,325.651875
3.75,10,325.674622
10.0,19,325.719603
-2.25,4,325.729316
7.25,10,325.753688
0.75,1,325.756359
3.75,4,325.766043
9.75,19,325.810841
-5.25,5,325.82456
9.5,19,325.87405
11.5,22,325.929204
6.25,21,325.982751
-0.75,1,325.985694
0.75,1,325.988553
-3.75,10,326.014244
13.5,22,326.070785
10.5,18,326.115741
5.25,11,326.141161
-1.25,3,326.149876
6.25,15,326.187298
7.5,15,326.223476
5.25,16,326.263376
5.75,13,326.295587
0.5,16,326.334477
1.25,16,326.371815
6.75,14,326.404717
0.25,17,326.445373
6.75,16,326.487085
0.75,1,326.490086
14.5,29,326.560636
25.0,43,327.038996
3.75,7,327.056936
1.75,6,327.072187
2.25,7,327.089156
-0.75,1,327.091853
-0.75,1,327.094504
0.75,1,327.096946
0.75,1,327.099394
9.25,20,327.147186
-0.75,1,327.150075
0.25,3,327.157672
2.75,7,327.175622
10.5,21,327.224046
5.25,10,327.24986
8.25,18,327.292603
0.75,1,327.295314
9.0,18,327.336153
9.0,18,327.377712
31.5,48,327.496472
0.75,1,327.499521
3.75,10,327.526149
6.0,12,327.55824
4.25,11,327.586375
14.25,31,327.664548
9.0,18,327.71403
5.75,14,327.752298
5.25,13,327.784936
0.75,4,327.795269
0.75,1,327.798013
-0.25,2,327.803006
-2.75,6,327.817469
-2.25,4,327.82729
2.25,4,327.838261
-0.25,2,327.843613
-1.25,3,327.851427
6.75,14,327.885052
0.75,1,327.88757
13.5,23,327.943013
-0.25,2,327.948188
6.25,15,327.982236
-0.75,1,327.985096
2.25,13,328.017916
8.25,19,328.064413
0.25,3,328.072264
-0.75,1,328.075036
0.75,4,328.085155
-0.25,13,328.117321
10.5,21,328.168092
3.25,9,328.190648
5.75,11,328.217456
0.75,1,328.220023
9.75,15,328.257885
4.75,12,328.650998
8.25,19,328.700901
-4.25,6,328.720664
4.25,9,328.747981
0.75,4,328.7583
0.75,1,328.760927
17.0,34,328.847369
0.75,1,328.85091
0.75,1,328.854487
0.75,1,328.858113
-0.25,2,328.863525
0.75,1,328.866357
8.75,12,328.894724
-0.75,1,328.89779
6.25,12,328.927008
5.75,14,328.961977
10.0,20,329.011999
0.75,4,329.022702
8.75,13,329.054908
0.75,1,329.057896
-0.25,2,329.063412
0.25,3,329.07105
-3.25,14,329.108471
0.75,1,329.111405
0.75,1,329.114235
7.75,18,329.161234
0.75,1,329.164294
1.25,5,329.177918
0.75,1,329.180896
-0.75,1,329.183983
0.25,3,329.191887
-0.25,2,329.197167
-0.25,2,329.202607
-0.25,2,329.208172
11.5,23,329.269581
7.5,15,329.308435
9.5,19,329.35911
6.25,12,329.390485
0.25,6,329.405189
-0.25,2,329.41017
5.25,13,329.441541
-0.75,1,329.444234
18.5,19,329.487201
4.75,12,329.516308
3.25,9,329.538351
0.75,1,329.541217
0.75,1,329.543937
0.75,1,329.546695
7.5,15,329.582508
9.75,22,329.633985
3.75,10,329.658102
0.75,1,329.660665
9.0,17,329.701918
-0.25,2,329.707134
8.75,15,329.750558
21.5,34,329.838521
11.0,22,329.889475
7.25,17,329.929463
3.75,4,330.236449
-0.25,2,330.241704
1.25,5,330.254715
6.25,15,330.293606
11.0,22,330.34393
28.0,37,330.435955
8.25,19,330.481658
-1.25,8,330.501327
0.75,1,330.503979
0.75,1,330.506907
10.75,14,330.539663
0.75,1,330.542413
8.25,15,330.581108
8.75,13,330.613735
-0.25,2,330.618815
1.75,3,330.626419
-0.75,1,330.629401
4.75,12,330.658918
0.75,1,330.661709
-0.25,2,330.667058
7.0,14,330.703137
5.75,14,330.740218
0.75,1,330.743234
5.75,14,330.779907
5.75,14,330.81677
-0.75,1,330.819886
0.75,1,330.822985
12.0,16,330.86521
0.75,1,330.868089
5.25,13,330.902456
10.0,15,330.939164
0.75,1,330.941904
5.25,10,330.967688
13.75,21,331.021188
-8.75,12,331.052603
2.25,4,331.063011
2.25,4,331.073496
8.0,16,331.110718
5.75,14,331.145895
-0.25,2,331.151371
9.0,18,331.19505
9.5,19,331.240383
13.0,17,331.28246
-1.25,3,331.289757
12.5,23,331.343322
0.75,1,331.346047
-0.25,2,331.351355
0.75,1,331.354208
0.75,1,331.357146
8.75,20,331.404503
18.0,34,331.486106
7.25,17,331.82984
9.5,18,331.873628
-1.25,3,331.881156
-0.75,11,331.907909
4.75,12,331.936593
7.75,18,331.980697
-0.75,1,331.983341
-0.75,1,331.98609
7.0,14,332.01877
2.25,7,332.035404
0.25,3,332.043533
0.75,4,332.054102
0.75,1,332.056942
1.75,15,332.093715
-0.75,1,332.096672
0.75,1,332.099722
0.25,3,332.107765
-0.75,1,332.110867
8.5,17,332.154054
4.75,11,332.182907
0.25,3,332.19101
0.75,4,332.201709
0.75,1,332.20441
-3.75,10,332.22924
16.5,26,332.295695
0.75,4,332.306567
-0.75,1,332.309443
-0.25,2,332.315023
0.75,1,332.317763
0.75,1,332.320697
9.25,18,332.367197
-0.25,14,332.401361
2.25,7,332.41744
-0.25,2,332.42309
-0.25,5,332.435553
9.25,18,332.477946
9.75,22,332.53057
9.5,19,332.585716
0.75,1,332.588626
8.5,15,332.630155
23.0,23,332.690085
10.25,23,332.748423
6.25,11,332.778465
-1.25,3,332.787044
-0.25,2,332.792974
2.25,7,332.811303
0.75,3,332.819233
3.25,9,332.841273
2.75,5,332.854018
32.0,48,332.96575
3.75,15,333.002306
0.75,1,333.005061
0.75,1,333.007884
25.5,30,333.081839
12.0,18,333.428938
6.5,13,333.460411
10.25,22,333.515042
31.5,48,333.624941
0.25,3,333.632887
0.75,1,333.635741
2.25,7,333.654173
-0.25,2,333.659467
0.75,1,333.662563
-0.75,1,333.665499
8.75,15,333.703306
-0.25,2,333.708693
15.0,29,333.783675
-0.25,2,333.789252
-0.25,2,333.794685
0.75,1,333.797687
0.25,3,333.805952
13.5,23,333.863898
-0.25,2,333.869356
5.25,13,333.901554
3.25,9,333.922759
8.25,19,333.969127
0.75,1,333.971927
6.0,12,334.000672
12.25,23,334.055024
3.25,6,334.068756
0.75,1,334.071785
36.0,42,334.172593
1.25,5,334.185214
-1.25,3,334.192604
12.0,23,334.245189
7.25,17,334.286391
3.25,9,334.3066
-0.25,2,334.31154
5.25,15,334.350752
0.75,1,334.353756
-0.75,1,334.356286
15.5,25,334.4157
9.25,16,334.452405
1.75,4,334.461576
6.75,16,334.497696
0.75,1,334.500271
8.75,19,334.544256
0.75,1,334.547152
6.25,15,334.583961
-1.25,3,334.591373
6.25,15,334.626523
15.0,29,335.013758
-0.25,2,335.018691
15.0,22,335.07305
7.25,17,335.11362
9.25,13,335.143266
-4.25,6,335.159334
-0.25,2,335.164911
9.5,19,335.213901
0.75,1,335.216867
36.0,42,335.322467
-0.25,2,335.327969
5.25,9,335.351938
-0.25,11,335.380415
1.75,6,335.395455
17.0,26,335.458367
10.5,20,335.505058
0.75,1,335.50766
0.75,1,335.510447
-4.25,6,335.527497
4.75,12,335.5573
0.75,1,335.560151
-0.25,2,335.565386
9.75,22,335.61814
0.75,4,335.627186
1.25,5,335.638694
9.75,17,335.678328
11.0,22,335.733136
5.25,13,335.765312
0.75,1,335.768068
7.5,15,335.804504
-0.25,2,335.810897
0.75,1,335.814034
-0.25,2,335.819785
6.75,16,335.861763
0.25,12,335.892249
-3.75,10,335.917346
0.75,1,335.919941
0.75,1,335.922495
0.75,1,335.925216
5.75,14,335.958221
13.75,30,336.026453
15.5,25,336.084013
0.75,1,336.086717
0.75,4,336.096258
2.75,5,336.108627
0.75,1,336.111393
11.75,26,336.174
0.25,12,336.204152
13.0,24,336.574274
8.0,15,336.612599
-0.25,2,336.617685
2.75,5,336.629575
6.25,15,336.665157
0.75,1,336.66792
4.75,12,336.695575
9.75,19,336.745003
3.75,4,336.755778
5.75,14,336.791929
10.0,17,336.836402
0.75,4,336.847274
-1.25,3,336.855653
2.75,8,336.876047
1.75,3,336.884075
-0.25,2,336.889303
-0.75,1,336.892179
-0.25,2,336.897896
10.25,14,336.933895
8.25,19,336.983194
-0.75,1,336.986241
6.25,12,337.01534
0.75,1,337.017983
-2.25,4,337.027852
9.0,18,337.072938
-0.75,1,337.075886
0.75,1,337.078831
-0.25,2,337.084232
8.25,16,337.127944
-0.75,1,337.13071
-0.25,2,337.136073
5.75,12,337.165107
0.75,1,337.167981
11.5,19,337.212458
11.25,18,337.256101
-0.75,1,337.25889
6.75,16,337.299827
0.75,1,337.30271
-0.75,1,337.305346
10.5,21,337.356371
0.75,1,337.359107
0.75,1,337.361983
12.5,23,337.420588
0.75,1,337.42333
10.75,24,337.482464
0.75,1,337.485129
13.5,19,337.530911
9.25,21,337.580836
7.75,18,337.622884
0.75,4,337.63224
1.25,5,337.643964
7.25,16,337.680773
-0.75,1,337.683395
-0.25,2,337.688189
0.75,1,337.690894
15.0,28,337.759806
11.75,26,338.146087
0.75,1,338.149108
-0.75,1,338.15198
0.75,1,338.154866
0.75,1,338.157716
-0.25,2,338.163167
9.25,18,338.210757
-0.75,1,338.214034
-0.25,2,338.220031
10.5,19,338.270827
5.75,14,338.307935
0.75,4,338.318623
21.0,31,338.399278
9.5,19,338.448763
2.75,8,338.47131
1.25,5,338.485241
6.75,12,338.518934
13.25,28,338.606292
1.75,6,338.621779
7.5,15,338.660322
7.75,18,338.705848
10.25,22,338.766467
0.75,1,338.769235
0.75,4,338.779733
5.25,13,338.812793
-0.25,2,338.818099
8.25,19,338.867318
5.25,9,338.89095
-2.75,12,338.920699
4.25,11,338.947029
6.25,15,338.981285
-0.75,1,338.98412
-0.25,2,338.989391
0.75,1,338.992089
7.75,18,339.03601
-4.25,6,339.052005
11.75,25,339.112672
7.0,14,339.14838
31.5,48,339.26589
-0.75,1,339.268494
0.75,1,339.271188
-0.25,2,339.276225
14.5,23,339.334194
-0.25,2,339.339951
11.0,22,339.394768
32.0,48,339.830465
0.75,1,339.833261
-0.25,2,339.839545
-0.75,1,339.842476
15.5,31,339.915781
7.0,14,339.948987
9.0,18,340.005295
6.75,16,340.059105
-0.75,1,340.062375
-3.25,5,340.077649
15.5,43,340.203784
-0.25,2,340.211443
13.75,16,340.268607
2.75,8,340.296593
0.75,1,340.300175
9.5,16,340.349431
0.25,3,340.358749
10.5,21,340.41706
1.75,6,340.43692
-0.75,1,340.440355
5.75,23,340.506602
-0.75,1,340.509628
5.75,14,340.548584
1.75,6,340.567213
14.75,22,340.631164
2.75,14,340.668051
0.75,1,340.670951
0.75,1,340.673842
0.75,1,340.676782
23.0,23,340.739381
8.75,20,340.797493
-2.25,4,340.810561
-0.75,1,340.814595
7.75,18,340.871866
-0.75,1,340.874967
10.0,17,340.923406
13.5,22,340.987603
-0.25,8,341.016865
0.75,6,341.038742
-0.25,2,341.045686
10.0,17,341.099635
-3.75,4,341.114016
6.25,12,341.16927
5.25,13,341.225278
-2.75,3,341.238474
3.25,9,341.268667
9.5,16,341.329431
-0.75,1,341.332767
7.0,14,341.79141
14.5,23,341.854503
5.25,13,341.887083
8.75,15,341.926952
0.25,3,341.93612
15.0,28,342.013949
1.75,6,342.030586
-0.75,1,342.03359
0.75,1,342.037018
1.25,5,342.051881
5.75,11,342.085671
-2.25,4,342.097337
-4.25,6,342.11601
10.75,24,342.183326
0.75,4,342.194491
7.25,13,342.230607
0.75,4,342.241774
4.75,12,342.276992
0.75,1,342.280345
31.5,48,342.414065
0.25,3,342.422137
-0.75,1,342.42488
0.25,3,342.433322
12.0,18,342.481337
-0.75,1,342.484123
-0.25,2,342.490344
5.25,13,342.526902
5.75,11,342.561772
-0.75,1,342.564664
-0.25,2,342.570293
0.75,1,342.573118
-0.25,2,342.578506
0.75,1,342.581501
15.0,18,342.628108
2.75,8,342.647876
2.75,5,342.660278
0.25,3,342.667549
9.75,12,342.695322
10.5,16,342.73364
11.0,22,342.788625
4.25,8,342.807584
13.5,20,342.856523
0.25,3,342.864856
25.5,36,342.955274
7.25,17,343.001622
9.0,18,343.044996
0.75,1,343.048151
2.25,7,343.065978
0.75,1,343.068868
-1.25,6,343.083679
8.5,17,343.12466
-0.25,2,343.129347
11.5,23,343.491545
0.75,4,343.501826
0.75,1,343.504745
-0.25,2,343.510017
-0.25,2,343.515219
0.75,4,343.525302
12.0,18,343.573379
0.75,4,343.583868
18.5,26,343.662324
8.25,16,343.703202
12.25,23,343.76404
-0.75,1,343.767021
-0.25,2,343.772582
14.5,26,343.839662
7.75,12,343.871382
15.5,19,343.920151
4.75,15,343.958419
2.75,8,343.978626
2.75,8,343.99922
-0.75,1,344.002162
-0.75,1,344.005244
0.75,1,344.00819
0.75,1,344.011045
8.5,17,344.053461
9.25,21,344.107249
8.5,13,344.143985
11.75,16,344.18488
8.5,17,344.23534
4.25,11,344.2663
2.75,8,344.289255
-1.25,3,344.298101
8.25,19,344.355442
2.25,7,344.378842
0.75,13,344.418456
6.25,15,344.460935
10.25,21,344.528304
4.75,11,344.564261
-0.75,1,344.568487
7.0,13,344.617548
4.25,11,344.665153
0.75,1,344.670663
16.5,18,344.751467
-0.75,1,344.75756
-0.75,1,344.763307
-0.25,2,344.774564
9.75,12,344.833585
5.75,14,344.900542
0.75,1,344.905311
6.75,10,344.957993
-0.75,1,344.963571
8.5,17,345.767936
10.0,15,345.84854
4.75,12,345.908235
13.25,28,346.052088
-1.25,1,346.057912
0.25,3,346.073211
8.5,17,346.149004
3.75,10,346.195282
5.75,14,346.261845
-0.25,2,346.27274
1.75,6,346.302212
-7.25,15,346.370929
-0.25,2,346.385624
-0.75,1,346.392781
0.75,1,346.400453
1.25,5,346.426935
8.25,22,346.575493
9.5,35,346.773095
22.5,25,346.899423
-0.75,1,346.905363
5.25,13,346.973105
9.5,14,347.041715
15.5,29,347.210707
0.75,4,347.235256
0.75,1,347.242332
6.25,15,347.333608
0.25,3,347.352118
-2.25,4,347.377243
1.75,6,347.41611
-0.25,2,347.428756
0.75,1,347.435071
-0.25,2,347.447621
-1.25,1,347.454502
-3.25,5,347.485407
7.25,14,347.571475
10.75,24,347.724839
13.5,19,347.846694
0.75,1,347.853142
2.75,8,347.892564
8.0,16,347.975846
3.75,10,348.028817
3.25,12,348.092472
0.75,1,348.098138
26.0,33,348.252324
0.75,4,348.27146
0.75,4,348.290879
0.75,1,348.296355
12.0,19,348.386452
3.75,10,348.434327
-1.25,3,348.449232
9.5,18,349.18047
20.5,24,349.328419
6.75,12,349.397602
21.5,29,349.569449
10.0,17,349.672566
0.25,3,349.690096
0.75,1,349.696453
-0.25,2,349.708829
5.75,14,349.790686
-3.75,7,349.834114
11.0,15,349.92004
19.0,27,350.085952
3.25,9,350.144353
6.75,16,350.234838
5.25,13,350.305525
0.75,4,350.327588
21.5,29,350.492651
8.25,19,350.600963
7.25,17,350.698243
13.5,24,350.839635
1.75,12,350.91064
-3.5,14,350.990419
0.75,1,350.996762
0.75,1,351.003061
0.75,6,351.03777
0.25,3,351.057248
8.75,13,351.141126
0.75,1,351.147309
-1.25,3,351.165115
-0.75,1,351.171189
-1.25,3,351.188466
-0.25,2,351.200344
2.25,7,351.242343
-0.75,1,351.248491
0.75,1,351.254932
-0.25,2,351.267235
0.25,3,351.2851
-0.75,1,351.291481
8.75,14,351.371955
2.75,8,351.417323
0.75,1,351.423351
-0.75,1,351.429263
0.75,1,351.435143
15.5,23,351.562255
7.75,14,351.640142
2.75,14,351.716349
0.75,1,351.722257
12.0,24,351.851739
0.75,1,351.857444
9.0,18,351.954536
0.25,3,351.970582
5.25,13,352.041553
8.0,14,352.118829
6.25,12,352.809245
0.75,1,352.814576
13.0,16,352.887217
0.75,4,352.90579
12.5,23,353.007609
9.75,22,353.110212
5.75,14,353.173684
4.25,11,353.222949
2.25,4,353.242057
7.75,15,353.312444
2.75,8,353.349083
-2.75,3,353.363456
0.75,1,353.368982
4.25,9,353.41114
13.25,21,353.50985
7.25,14,353.578476
0.25,3,353.593547
-0.25,8,353.631776
0.75,4,353.651455
-0.25,2,353.661813
9.5,18,353.744409
8.5,16,353.819939
19.0,26,353.948248
0.75,1,353.953688
9.5,17,354.029912
0.25,3,354.042706
26.0,33,354.18532
21.0,31,354.321994
1.75,6,354.350417
9.25,18,354.432596
0.75,1,354.438093
-0.75,1,354.44368
1.25,5,354.468596
12.75,22,354.580098
0.75,1,354.586189
3.25,9,354.631188
0.75,1,354.636772
-0.75,1,354.642392
7.25,17,354.717684
-0.25,2,354.72748
2.75,8,354.764163
0.75,1,354.769096
-0.75,1,354.774657
2.75,5,354.799072
-0.75,7,354.831425
0.75,1,354.836274
0.75,1,354.841047
10.75,23,354.927808
1.25,5,354.944412
6.25,14,354.985312
-0.75,1,354.988375
14.5,22,355.052269
0.25,3,355.061083
10.0,19,355.633618
6.5,16,355.685663
5.25,16,355.730852
14.25,30,355.8134
6.25,13,355.845374
0.75,1,355.848234
-0.75,1,355.851047
6.75,16,355.89219
3.25,9,355.915702
10.0,20,355.972089
-1.75,5,355.986781
14.5,24,356.05187
6.25,12,356.083097
11.0,22,356.140752
-10.5,15,356.18244
9.75,19,356.234899
10.0,18,356.283043
6.5,13,356.337335
-5.25,7,356.35654
14.75,32,356.44231
5.75,11,356.470606
3.25,9,356.492361
7.25,20,356.546086
6.25,12,356.576672
-0.75,1,356.579661
7.5,15,356.619296
4.25,11,356.649099
8.25,10,356.674267
0.75,1,356.677033
13.5,24,356.74343
10.0,20,356.797118
8.5,17,356.846607
15.0,25,356.918135
3.75,10,356.944743
0.75,4,356.955106
0.75,1,356.95796
7.25,17,357.346571
8.25,10,357.371695
0.75,1,357.37497
8.5,17,357.418936
0.75,1,357.421985
0.75,1,357.424816
0.75,1,357.427657
-0.25,2,357.432887
2.25,4,357.442926
8.75,15,357.480685
-0.25,2,357.489163
-0.25,2,357.497262
0.25,3,357.506635
11.5,21,357.588614
0.75,1,357.591587
6.25,15,357.632927
10.5,21,357.689571
-0.25,2,357.695029
-0.75,1,357.697886
3.75,6,357.713559
6.5,13,357.747886
6.75,16,357.795134
3.75,10,357.820888
-2.25,7,357.839216
0.75,1,357.842166
-0.75,1,357.845151
-0.25,2,357.850429
0.75,1,357.853146
8.25,17,357.896878
9.25,21,357.96164
0.25,3,357.970367
-0.75,13,358.003894
1.75,6,358.019291
15.5,31,358.10048
4.75,12,358.137315
0.75,1,358.140201
16.5,18,358.199309
0.75,4,358.211272
10.5,21,358.266042
5.75,14,358.327439
10.0,23,358.417023
-2.25,4,358.430018
16.5,23,358.501044
6.5,13,358.535672
9.75,18,358.585978
0.75,1,358.589126
-0.25,2,358.594792
8.25,13,358.628043
0.75,1,358.63088
25.5,30,358.708927
8.0,16,358.750396
2.25,7,358.76961
0.75,1,358.772286
10.5,16,358.814102
8.75,23,359.194175
7.75,18,359.241342
7.25,17,359.293875
2.25,7,359.317555
0.75,1,359.320499
3.25,9,359.343516
0.75,1,359.346574
-0.25,2,359.352549
4.25,11,359.380424
-0.25,2,359.385815
2.25,7,359.403959
6.75,13,359.438164
5.25,13,359.472549
9.5,19,359.522579
14.25,21,359.578289
6.5,13,359.612222
2.25,4,359.622999
0.25,3,359.630582
-0.75,1,359.633417
4.25,8,359.655594
5.25,13,359.688598
-0.75,1,359.691395
7.5,15,359.731728
4.0,17,359.782254
8.0,16,359.826869
9.75,21,359.879198
-0.75,1,359.881944
7.25,11,359.908917
-0.25,2,359.91395
-2.25,4,359.924036
7.75,18,359.973055
1.25,3,359.981963
5.75,20,360.032331
-0.25,2,360.037896
-1.25,3,360.046742
-0.75,1,360.049759
0.75,1,360.053017
1.75,6,360.068244
7.5,15,360.105958
8.75,20,360.156944
4.75,12,360.187499
10.25,18,360.233881
-4.75,14,360.270134
8.25,19,360.318813
2.25,7,360.337663
0.25,3,360.345773
-0.25,2,360.351103
1.25,5,360.363782
10.0,21,360.416134
13.0,26,360.483441
1.75,6,360.818662
2.25,7,360.838318
0.75,1,360.841408
9.75,21,360.901931
6.75,16,360.942936
0.75,1,360.945843
-0.25,2,360.951217
10.5,17,360.995077
2.25,7,361.014013
-0.25,2,361.019841
1.75,6,361.035569
1.25,5,361.049171
6.25,12,361.080504
0.75,1,361.083511
3.75,15,361.122464
5.25,13,361.15618
-0.25,2,361.162247
13.5,20,361.214995
0.75,1,361.217871
11.5,18,361.263842
4.75,12,361.293894
0.75,16,361.33517
0.75,1,361.337875
13.25,21,361.390679
-0.75,1,361.39352
0.75,1,361.396712
7.75,15,361.435697
12.5,23,361.493387
8.5,15,361.531362
11.5,22,361.588722
1.75,6,361.603665
-0.25,2,361.608762
3.75,10,361.634158
1.25,5,361.646533
-0.25,14,361.681746
5.75,14,361.717166
5.25,10,361.742104
1.75,3,361.750686
9.5,19,361.799277
0.75,7,361.817148
-1.25,3,361.824934
8.75,14,361.860465
0.75,1,361.863637
14.5,23,361.92302
1.25,5,361.936045
-0.25,2,361.942193
1.75,3,361.950519
-2.25,4,361.961458
1.75,6,361.97731
5.0,13,362.010844
1.75,3,362.018565
-0.25,2,362.023723
8.5,17,362.069052
1.25,5,362.08303
18.0,27,362.459541
0.75,13,362.491639
3.25,6,362.507263
14.75,32,362.587988
0.75,1,362.590815
10.0,19,362.640558
6.25,13,362.674822
2.75,7,362.693306
0.25,3,362.701181
11.0,22,362.757812
-10.75,17,362.804927
9.5,18,362.851749
13.25,25,362.919088
9.25,20,362.969665
0.75,1,362.972906
12.0,24,363.035076
42.0,51,363.163529
5.25,13,363.209972
13.0,21,363.290494
8.5,17,363.373455
2.75,8,363.402724
3.75,10,363.432098
18.0,32,363.51791
-0.75,1,363.521219
5.25,13,363.556401
9.5,19,363.606001
-0.25,2,363.611577
2.25,22,363.668831
0.75,1,363.672031
12.0,19,363.719974
11.25,22,363.777743
5.25,13,363.814366
0.75,1,363.817716
0.25,3,363.826656
6.5,22,364.231335
-0.75,1,364.234915
1.25,5,364.248331
10.0,16,364.290825
-3.75,10,364.321601
11.25,18,364.370167
7.25,17,364.417117
1.75,6,364.434325
9.5,14,364.472405
0.25,3,364.481469
-0.75,1,364.484453
0.75,7,364.503458
15.0,22,364.564206
-3.25,5,364.577319
-3.25,5,364.590748
2.75,3,364.599081
2.75,17,364.64355
8.25,19,364.693085
0.75,1,364.696217
9.75,21,364.756723
-4.25,6,364.776011
5.75,20,364.837716
-0.75,1,364.840556
-0.75,1,364.843529
8.0,16,364.888144
2.75,8,364.90977
-3.25,11,364.938717
1.75,6,364.954283
-0.75,1,364.957187
1.75,6,364.973689
9.0,18,365.019699
10.0,15,365.058145
0.75,1,365.060997
7.75,16,365.102453
4.25,14,365.141127
3.75,6,365.159486
11.75,26,365.239309
8.75,12,365.27172
8.0,14,365.312466
6.25,15,365.35643
0.75,1,365.359508
-0.25,2,365.365521
10.0,19,365.418048
12.5,19,365.470381
0.25,3,365.478681
-0.25,2,365.484961
20.0,36,365.586417
9.5,19,365.639055
5.25,13,366.033975
8.75,19,366.083812
-0.25,2,366.089432
10.25,18,366.135502
12.75,17,366.180907
12.5,25,366.248578
11.0,15,366.288749
-1.25,9,366.314646
0.75,1,366.318089
-0.25,2,366.324322
-0.25,2,366.331025
0.75,1,366.33427
10.5,18,366.381207
5.25,16,366.423615
-0.25,2,366.428914
-3.25,5,366.441516
-0.25,8,366.462392
22.5,25,366.524888
0.75,1,366.527537
1.25,5,366.539531
8.25,16,366.577673
5.75,14,366.612215
12.5,24,366.666244
10.5,16,366.704008
8.75,14,366.736258
0.75,4,366.745617
10.25,22,366.800558
8.0,14,366.837995
0.75,1,366.841096
15.0,28,366.907624
0.75,1,366.910165
2.25,12,366.939452
9.25,18,366.985489
-0.75,1,366.98814
7.25,17,367.029194
0.75,1,367.031654
11.0,18,367.076836
5.25,9,367.097691
7.5,15,367.133591
6.25,15,367.171834
0.25,6,367.193046
7.5,15,367.242667
14.25,28,367.312099
10.0,16,367.653221
2.75,8,367.674787
15.5,23,367.736314
0.75,4,367.746792
-0.75,1,367.750159
10.75,14,367.786499
10.5,12,367.817789
6.75,16,367.85875
-0.25,2,367.864065
5.75,14,367.899766
0.25,3,367.907871
-0.25,2,367.913267
5.75,14,367.950019
8.75,12,367.979742
0.75,1,367.982632
2.75,8,368.002089
9.5,17,368.043084
5.75,14,368.07823
6.25,15,368.116926
-0.25,2,368.122109
10.5,15,368.160897
0.75,4,368.171246
8.25,13,368.204304
-2.25,7,368.220695
7.0,14,368.255441
21.5,29,368.326678
4.75,18,368.375099
3.75,4,368.385881
6.25,14,368.421726
-2.25,4,368.431943
16.5,33,368.513192
0.75,1,368.515741
7.25,15,368.552698
9.0,18,368.599433
21.0,31,368.677628
0.75,1,368.680507
0.75,4,368.6907
11.0,22,368.747724
5.25,13,368.783283
0.75,1,368.786242
-0.25,2,368.79185
13.25,18,368.837501
2.25,4,368.847729
12.0,18,368.890051
0.75,1,368.892448
3.25,6,368.907264
-2.25,4,368.917611
3.75,10,369.279001
8.5,13,369.313938
-0.25,2,369.319312
2.75,14,369.355849
9.0,18,369.403755
12.5,22,369.459633
13.0,24,369.522832
7.25,17,369.600239
-0.75,1,369.606421
6.25,13,369.667149
0.75,1,369.670602
0.75,1,369.673932
0.75,1,369.678473
0.75,1,369.683515
0.75,4,369.706589
-0.25,2,369.713551
-4.25,12,369.749471
8.5,17,369.79606
0.75,1,369.799031
19.0,26,369.864649
-1.25,3,369.872423
11.0,21,369.921411
-2.25,4,369.931211
0.75,1,369.93392
-0.25,2,369.939967
0.75,1,369.943091
14.5,22,369.996685
-0.25,2,370.002035
6.0,12,370.03071
2.75,8,370.051881
7.75,18,370.096472
3.75,10,370.120917
1.75,6,370.136545
10.0,20,370.187668
10.0,20,370.237267
7.0,14,370.272395
3.25,6,370.28954
4.75,18,370.33521
9.5,25,370.398497
11.0,20,370.447835
-3.25,5,370.461725
1.25,5,370.475788
0.75,4,370.486278
-0.25,2,370.491897
0.75,4,370.501943
25.5,30,370.580228
15.0,22,370.635814
0.25,3,370.643951
8.25,19,370.993537
0.75,1,370.996471
2.75,8,371.016978
0.75,10,371.043059
0.75,1,371.046202
7.25,17,371.090498
-0.75,1,371.093257
0.75,1,371.096265
0.75,1,371.099203
2.25,7,371.116833
8.75,12,371.146439
-0.25,2,371.151939
9.25,21,371.20797
-0.75,1,371.21083
7.75,18,371.255606
0.75,1,371.258507
7.25,20,371.310786
0.75,1,371.313621
34.0,60,371.477103
3.5,14,371.518181
0.75,1,371.521572
12.5,22,371.584132
-0.25,2,371.589646
-0.25,2,371.595304
5.25,12,371.627162
0.75,4,371.638911
0.75,4,371.650768
8.75,20,371.705126
8.0,16,371.751149
-2.25,13,371.788102
8.25,19,371.839348
-2.25,7,371.859638
-1.25,3,371.867956
36.5,40,371.974921
6.25,12,372.004144
18.0,25,372.065261
0.75,4,372.076605
0.75,1,372.079719
21.0,42,372.186309
4.5,12,372.218758
12.5,24,372.282174
6.25,12,372.318765
4.5,12,372.703722
4.75,12,372.735893
10.75,24,372.806851
0.75,1,372.809719
18.5,26,372.879601
-6.75,13,372.916182
-0.25,2,372.921988
-1.75,8,372.945111
7.5,15,373.022074
-6.25,8,373.046824
-0.75,1,373.050679
0.75,4,373.06311
4.25,11,373.095294
8.0,16,373.140305
8.25,19,373.198078
2.75,8,373.228265
15.5,29,373.335223
16.75,34,373.438123
8.25,19,373.49484
5.25,11,373.525418
5.25,13,373.560935
9.0,18,373.609383
36.5,40,373.714561
15.0,22,373.773357
0.75,4,373.784734
13.0,17,373.830035
12.5,25,373.893968
12.25,16,373.934694
10.75,24,373.994419
5.25,13,374.026148
9.25,17,374.06657
4.25,14,374.104922
6.5,13,374.140223
0.75,1,374.143034
0.25,3,374.151002
6.75,16,374.558458
0.25,3,374.567438
25.5,30,374.65069
-0.25,2,374.655866
10.0,19,374.703944
9.25,19,374.752574
-0.25,2,374.758575
0.25,3,374.767718
3.25,15,374.809325
-0.25,2,374.814705
0.75,7,374.83241
0.75,1,374.835017
0.75,1,374.837835
1.25,5,374.850595
3.75,10,374.875483
3.25,15,374.913589
11.25,25,374.975949
5.25,10,375.00206
15.5,43,375.109033
2.75,8,375.129635
8.5,17,375.172097
0.75,4,375.182951
-3.75,10,375.209607
0.75,4,375.219872
-5.75,6,375.235893
4.25,11,375.267004
21.0,31,375.354632
10.5,19,375.409724
-2.25,4,375.421821
26.5,40,375.53801
0.75,1,375.541279
0.75,1,375.544637
11.5,22,375.608398
-0.75,1,375.611284
2.75,8,375.634593
1.25,5,375.650157
0.75,1,375.653481
1.25,5,375.66775
7.0,14,375.707668
0.75,1,375.710928
23.0,23,375.777202
8.0,16,375.830077
-0.25,2,375.836814
1.25,5,375.852902
0.75,1,375.856377
7.25,17,375.902897
9.5,19,376.291244
5.25,13,376.325416
20.5,24,376.387317
8.25,16,376.428038
-2.75,9,376.451542
4.25,13,376.486864
3.75,10,376.514043
-1.25,12,376.544433
-0.75,1,376.547397
17.0,26,376.615453
5.75,14,376.65136
1.75,3,376.659413
-3.75,7,376.677661
1.75,6,376.694868
-0.25,2,376.700023
0.5,16,376.739697
-1.25,3,376.747821
6.5,13,376.780697
2.25,4,376.792087
3.75,4,376.803545
13.5,17,376.846672
-0.75,1,376.849749
6.5,13,376.883996
8.5,15,376.925627
0.75,1,376.928717
19.0,26,377.012825
1.5,30,377.118892
10.5,19,377.184707
0.75,1,377.188492
8.75,18,377.259173
0.75,1,377.262295
0.25,12,377.297126
0.75,1,377.300426
2.75,14,377.353628
10.5,16,377.400298
0.75,1,377.40309
2.75,5,377.416223
12.0,21,377.479312
10.0,14,377.515182
11.0,20,377.579182
0.75,1,377.582219
7.0,14,377.621227
9.0,18,377.680748
-9.25,11,377.71359
7.5,15,377.757296
6.0,12,378.2063
13.75,23,378.271898
4.25,8,378.292697
14.5,20,378.346932
4.75,15,378.38846
12.0,19,378.437116
11.5,19,378.49395
0.75,1,378.497754
-0.25,2,378.504496
-0.75,1,378.508017
-3.75,4,378.521348
2.25,7,378.544366
5.75,8,378.572298
10.5,16,378.618851
-2.25,4,378.630407
10.25,23,378.693739
-0.25,2,378.700476
4.25,13,378.739011
3.0,33,378.84517
12.0,19,378.900614
0.75,4,378.911509
8.0,16,378.955757
10.0,14,378.993252
-0.75,1,378.996996
0.75,1,379.000111
-0.25,2,379.006282
9.75,13,379.043301
36.0,42,379.168563
-0.25,2,379.175188
11.0,15,379.22219
-2.25,9,379.247358
5.75,11,379.278811
3.25,9,379.303367
7.0,14,379.340494
-0.75,1,379.343888
3.75,10,379.373774
7.25,17,379.420041
-8.5,16,379.464244
9.0,18,379.513882
-0.5,17,379.559163
-5.25,7,379.580034
-1.75,14,379.623884
6.25,15,379.670733
-0.25,2,380.062246
32.0,48,380.214082
4.25,11,380.255422
16.5,18,380.339741
0.75,1,380.344909
4.25,11,380.392094
6.25,14,380.444597
2.25,4,380.456161
0.75,1,380.459401
22.0,35,380.568721
14.5,26,380.637135
-0.75,1,380.640175
-0.25,2,380.645782
2.25,7,380.663776
21.0,31,380.757474
-0.25,2,380.764007
7.75,13,380.81728
1.25,5,380.838366
11.5,21,380.913575
0.75,1,380.91725
10.25,22,380.99395
10.75,15,381.043222
0.25,3,381.052115
15.0,21,381.109475
7.0,14,381.148468
2.75,8,381.171259
-0.75,1,381.174388
0.75,1,381.177744
-0.75,13,381.217716
-0.25,5,381.232872
3.75,10,381.262143
-1.75,11,381.296947
4.25,8,381.320612
0.75,1,381.323792
10.5,19,381.381623
0.75,1,381.384533
14.75,32,381.464752
3.75,10,381.491376
1.25,5,381.504371
-0.25,2,381.509814
2.75,14,381.544203
1.75,6,381.55954
-0.75,1,381.562161
-0.75,1,381.56497
9.25,14,381.600427
-0.75,1,381.603621
6.25,14,381.644236
13.0,18,382.13458
9.5,19,382.193055
7.75,18,382.250729
10.25,21,382.322926
0.75,4,382.336485
7.5,15,382.384379
10.5,15,382.429406
0.75,4,382.44077
6.5,16,382.487318
9.5,31,382.579962
19.0,32,382.680028
0.25,15,382.742686
0.25,3,382.753213
18.5,26,382.83772
1.75,3,382.847696
3.75,10,382.876819
22.0,35,382.98884
18.5,22,383.066415
10.5,16,383.121967
1.75,3,383.13133
9.25,18,383.18389
5.75,14,383.221533
10.5,19,383.268966
12.5,23,383.324584
8.0,14,383.357682
0.75,6,383.372171
2.25,7,383.39027
15.0,28,383.457559
3.25,9,383.478516
0.75,1,383.481454
0.75,1,383.484481
-0.75,4,383.495728
28.5,42,383.601382
3.25,9,383.956566
5.25,13,383.991131
15.0,25,384.053403
3.25,9,384.07745
1.75,9,384.100898
5.25,9,384.122237
6.5,18,384.167736
8.75,19,384.216389
1.75,6,384.231425
0.75,1,384.234648
0.75,4,384.244952
12.5,25,384.311314
8.5,17,384.355401
0.25,3,384.362942
0.75,1,384.365675
25.0,43,384.477258
24.0,46,384.592537
16.0,24,384.653893
4.75,12,384.683976
1.75,6,384.698633
-0.25,2,384.704243
22.0,35,384.798029
4.75,14,384.83497
6.0,16,384.877488
-0.25,8,384.897518
3.25,9,384.921288
0.75,16,384.962416
7.75,15,384.99808
21.0,30,385.073274
5.25,13,385.107842
1.25,5,385.120495
5.5,17,385.161363
7.25,17,385.20595
0.75,1,385.208871
5.75,17,385.253297
2.25,7,385.585071
0.25,6,385.599944
5.75,11,385.628772
12.5,33,385.708212
5.0,13,385.740688
-0.25,2,385.746527
14.5,22,385.80442
-0.75,1,385.807247
-4.25,6,385.823454
2.75,8,385.845695
-0.25,2,385.852453
-3.75,10,385.880075
-2.75,3,385.88785
1.25,5,385.9
5.25,13,385.93142
-0.75,1,385.934442
0.75,1,385.937458
6.25,12,385.969776
0.75,1,385.972572
2.75,8,385.993963
13.0,19,386.044993
0.75,1,386.047906
14.25,31,386.125893
9.0,18,386.169286
1.75,5,386.182659
12.5,22,386.244433
-0.75,1,386.247546
0.75,1,386.250508
13.75,25,386.31891
0.75,1,386.321834
2.75,17,386.364927
6.75,16,386.406657
3.25,15,386.443974
15.0,28,386.517475
8.25,19,386.573948
5.25,16,386.615095
-0.75,1,386.617828
8.0,16,386.664199
-0.75,1,386.667253
0.75,4,386.680054
11.0,20,386.742138
-0.75,1,386.746066
0.75,1,386.749382
8.5,17,386.815286
9.0,18,386.879964
6.5,16,386.921181
-0.75,1,386.924115
0.75,1,386.927027
-0.75,1,386.929881
-0.25,2,386.935454
2.75,8,386.956395
9.5,19,387.390383
5.25,13,387.426837
8.5,16,387.47233
14.5,26,387.540472
-0.25,2,387.545881
0.75,1,387.548928
4.0,17,387.594885
3.75,16,387.635216
-0.25,5,387.64867
0.75,1,387.65188
3.75,10,387.678648
4.0,20,387.73112
9.25,21,387.787345
11.5,23,387.847767
0.75,1,387.850853
-0.75,1,387.853764
0.75,4,387.86432
10.5,19,387.914121
-2.25,4,387.926216
8.5,20,387.979465
0.75,1,387.982387
0.75,1,387.985437
1.25,5,387.999104
12.75,17,388.043289
7.5,15,388.086434
8.75,20,388.136239
0.75,1,388.139129
-2.25,4,388.149822
1.75,6,388.165306
9.5,31,388.250671
25.0,43,388.363086
-0.75,1,388.366101
12.75,21,388.422093
7.0,14,388.460769
12.0,18,388.503684
0.75,1,388.506268
7.25,17,388.55031
2.25,4,388.560992
-6.75,10,388.587082
11.0,20,388.637963
-0.75,1,388.641245
0.75,1,388.644339
6.5,13,388.684185
10.0,15,388.727793
0.75,1,388.73082
8.25,17,389.159681
15.5,43,389.280708
3.75,10,389.307877
15.75,24,389.379052
7.25,17,389.426021
14.0,16,389.475199
8.5,16,389.519732
3.75,10,389.551911
0.75,1,389.556099
-4.25,6,389.574817
9.5,19,389.624633
-2.75,9,389.648699
2.75,8,389.669658
-0.75,1,389.672829
0.75,1,389.675909
-1.75,5,389.68924
2.75,8,389.710644
3.75,10,389.738174
0.75,1,389.741526
2.75,8,389.768034
36.5,40,389.878392
-0.75,1,389.881252
-0.75,1,389.884129
-1.25,3,389.892301
7.0,12,389.922866
15.0,28,389.991926
0.75,1,389.994931
-0.25,2,390.000416
0.75,1,390.003266
1.75,6,390.019119
0.75,1,390.021875
8.5,13,390.055487
13.0,19,390.103319
11.5,23,390.158385
0.25,3,390.16596
2.75,8,390.186232
10.5,12,390.217672
3.5,21,390.274022
13.5,20,390.334008
4.0,17,390.387827
0.75,1,390.39148
-0.75,1,390.396047
-0.75,1,390.399698
8.25,16,390.443977
0.75,1,390.447001
9.75,16,390.489929
0.75,1,390.492976
9.0,18,390.865598
13.0,24,390.926617
1.25,5,390.939192
13.5,26,391.00707
12.25,22,391.065
0.25,3,391.072814
11.0,22,391.129458
9.0,18,391.176277
0.25,3,391.184488
2.75,8,391.20569
5.75,14,391.243432
0.75,1,391.24661
9.5,13,391.278734
-0.75,1,391.281745
-4.25,6,391.297267
8.5,16,391.338839
8.5,17,391.382317
12.25,17,391.423139
-1.25,8,391.443828
-3.25,5,391.456975
-1.25,3,391.464952
1.75,12,391.495785
-1.25,3,391.503419
-6.25,17,391.545531
-0.75,1,391.548162
0.75,1,391.551034
7.25,17,391.59604
10.25,12,391.62599
0.75,1,391.62864
9.0,18,391.673829
7.75,13,391.708239
-0.25,2,391.713601
2.75,3,391.721651
6.25,12,391.752434
0.25,21,391.814792
6.75,25,391.888363
9.25,21,391.944209
3.25,9,391.967529
-3.25,5,391.980284
-4.75,5,391.993519
9.0,18,392.057453
2.75,14,392.109004
9.75,22,392.19749
14.75,28,392.622104
10.0,20,392.688944
2.25,4,392.70315
-0.25,2,392.709735
12.0,19,392.76299
12.5,24,392.833962
9.5,18,392.884767
12.0,18,392.938477
-1.25,3,392.947077
15.0,25,393.025759
8.5,17,393.076938
0.75,4,393.088316
9.5,17,393.135748
17.0,25,393.201329
6.75,16,393.241374
4.0,17,393.283998
13.0,26,393.348478
16.5,22,393.402926
9.25,18,393.449977
-0.75,1,393.453028
1.25,5,393.466033
11.5,23,393.525918
2.75,8,393.546504
-0.75,1,393.549405
-2.25,4,393.559539
13.75,30,393.641948
9.25,17,393.693259
7.0,14,393.736814
-1.25,3,393.749338
10.5,16,393.806383
2.75,14,393.857668
-10.5,15,393.912578
15.5,28,393.99489
2.75,8,394.01671
-2.75,14,394.056772
12.5,25,394.457369
12.5,22,394.515915
8.5,17,394.561135
8.25,19,394.613201
0.75,4,394.624032
5.25,15,394.664446
9.0,18,394.718442
1.75,3,394.727692
-0.75,1,394.731674
3.25,6,394.750515
12.0,24,394.827604
-0.25,2,394.83459
-2.25,4,394.846261
5.75,14,394.885654
23.0,23,394.94919
2.25,19,395.003386
-0.75,1,395.006532
9.0,18,395.059532
3.75,16,395.112275
7.25,14,395.160452
8.75,20,395.219332
0.25,3,395.227944
-2.75,15,395.270703
-2.25,4,395.282825
0.75,1,395.286107
-0.75,1,395.289099
4.25,20,395.348454
7.0,14,395.38745
5.75,14,395.430847
0.75,1,395.43455
13.0,26,395.521216
16.5,26,395.600492
11.0,20,395.663376
-7.5,21,395.724884
5.75,14,395.763303
9.5,16,395.806612
9.0,18,395.85973
12.5,25,396.283519
-0.25,2,396.289168
26.5,40,396.393009
8.0,16,396.435129
2.25,7,396.454267
-0.75,1,396.45712
0.75,7,396.475692
1.25,20,396.527594
6.5,13,396.55754
7.0,14,396.589208
21.0,31,396.666582
9.5,19,396.713468
8.25,16,396.756641
10.5,21,396.807948
-0.75,1,396.811264
13.0,24,396.874977
2.75,7,396.891221
5.75,14,396.923934
8.25,16,396.964573
17.0,30,397.035081
0.75,1,397.038168
0.25,3,397.046886
3.25,15,397.085311
1.75,6,397.10081
9.5,19,397.149865
0.75,1,397.153468
8.0,16,397.201212
4.25,11,397.237778
0.75,1,397.24082
11.0,22,397.29791
-0.5,17,397.34212
-0.25,2,397.347617
-0.75,1,397.350702
13.5,26,397.424435
1.25,5,397.439059
9.0,17,397.486718
4.0,20,397.539711
0.75,1,397.542577
0.75,1,397.545373
-0.25,2,397.550866
0.75,1,397.553688
13.25,26,397.938869
-0.25,2,397.94498
8.5,17,397.991039
22.0,35,398.084245
3.75,10,398.111166
9.0,18,398.157837
1.25,5,398.1703
5.25,13,398.203522
9.0,18,398.253836
9.5,18,398.305346
7.75,18,398.354647
0.75,1,398.357998
0.75,1,398.361016
12.0,19,398.409492
10.0,19,398.458887
6.25,15,398.496348
12.0,24,398.557888
-0.75,1,398.560946
19.5,30,398.635256
2.25,7,398.655151
11.75,24,398.718759
-6.25,17,398.765289
10.5,21,398.820856
25.5,36,398.92377
11.0,22,398.980782
0.75,1,398.983716
-8.75,12,399.014826
10.5,21,399.069775
-0.25,2,399.075889
4.0,20,399.13473
10.75,24,399.200757
0.75,1,399.203699
8.0,15,399.243006
1.75,3,399.251709
20.0,36,399.686781
0.75,1,399.689599
10.5,17,399.732962
1.75,12,399.765518
13.0,17,399.814364
11.75,26,399.879963
0.75,1,399.882773
5.25,13,399.915043
-5.75,9,399.937205
0.25,3,399.944516
-2.25,7,399.961737
0.75,1,399.964587
0.75,1,399.967519
-1.25,15,400.005307
-2.25,16,400.043634
9.0,18,400.09363
11.0,18,400.158652
7.25,17,400.227518
-7.25,9,400.258085
0.25,3,400.268737
0.75,10,400.30369
0.75,1,400.307734
2.25,4,400.321195
10.5,21,400.410691
0.75,1,400.416231
0.75,1,400.421823
0.75,1,400.428358
21.5,29,400.573288
0.75,1,400.580118
7.25,18,400.672316
-0.75,1,400.676172
10.5,21,400.746638
0.75,1,400.752926
3.25,9,400.795725
17.0,28,400.91408
10.0,18,400.983139
13.75,19,401.049008
0.75,1,401.052989
1.25,20,401.135946
-0.75,1,401.140984
-3.25,5,401.163002
8.75,14,401.229319
-0.75,1,401.234061
2.25,7,401.262879
6.25,15,401.32895
24.0,46,402.012794
8.0,15,402.064922
10.25,16,402.119924
5.0,13,402.160671
3.5,14,402.204131
-0.25,2,402.212173
6.25,15,402.275921
9.0,18,402.332699
-2.25,4,402.348633
6.25,15,402.399733
4.25,7,402.423214
14.0,26,402.506124
1.25,5,402.524268
13.75,20,402.592919
12.5,19,402.669893
0.75,1,402.673625
3.75,7,402.698092
7.75,12,402.740576
0.75,4,402.756108
-0.75,1,402.759902
-0.25,11,402.806304
0.75,1,402.810818
0.75,1,402.815211
-0.75,1,402.819589
6.5,22,402.897036
0.75,4,402.912752
11.25,22,402.993658
8.0,16,403.051698
0.75,4,403.067917
8.75,20,403.141031
12.25,21,403.22036
7.75,20,403.292094
-0.75,1,403.295473
12.5,14,403.349047
0.75,1,403.353655
10.5,19,403.419987
-0.25,2,403.42672
14.5,23,403.500916
-0.25,2,403.508359
0.75,1,403.512182
9.5,19,403.574161
15.0,28,403.67442
1.75,6,403.695748
1.75,12,403.742745
-4.75,11,403.782828
6.25,15,404.296504
-8.75,15,404.345014
7.0,12,404.384022
6.25,15,404.43515
-7.25,12,404.476865
6.75,16,404.524276
-2.25,4,404.539211
10.5,12,404.584193
0.75,1,404.588241
8.0,16,404.655302
-0.25,5,404.679664
0.75,1,404.684826
-0.25,2,404.694337
0.75,1,404.699407
0.25,3,404.713875
2.75,8,404.749964
-1.25,3,404.763777
-0.25,2,404.773182
0.75,1,404.777205
12.0,16,404.838234
2.75,8,404.861148
0.25,3,404.869707
0.75,1,404.872747
10.0,20,404.941192
10.25,22,405.009752
7.0,14,405.058193
10.0,17,405.108789
0.75,1,405.113508
-0.75,1,405.117695
5.25,13,405.163417
12.5,25,405.244205
4.25,7,405.265462
0.75,13,405.307385
1.25,5,405.322596
-0.25,2,405.328741
7.75,15,405.378361
0.75,1,405.381715
4.75,12,405.419396
-0.25,2,405.426654
12.25,27,405.521828
11.75,17,405.590141
8.5,17,405.657679
-2.25,10,405.700213
1.25,5,405.722076
12.5,23,405.806758
11.0,18,405.880238
5.75,13,405.937317
5.25,11,405.975907
9.25,15,406.029685
12.75,17,406.084548
7.75,17,406.61216
0.25,3,406.62102
0.75,1,406.624144
11.25,15,406.666596
8.25,19,406.724411
0.75,1,406.72728
-0.25,2,406.732697
0.75,1,406.735607
1.25,5,406.747835
3.75,10,406.77511
-0.75,1,406.77913
10.5,15,406.827235
-1.25,3,406.837778
-0.75,1,406.841536
13.5,20,406.899982
18.0,18,406.949442
14.5,22,407.009002
6.75,16,407.056737
3.25,6,407.073688
0.25,9,407.101229
9.5,17,407.153837
2.25,4,407.166332
8.75,16,407.212448
0.75,1,407.21536
-0.75,1,407.218263
8.75,15,407.260616
7.75,16,407.309194
1.25,5,407.326488
11.0,15,407.379792
6.75,16,407.44731
0.25,3,407.458207
-2.25,4,407.473052
10.5,21,407.547325
-0.75,1,407.55195
7.25,11,407.593277
11.0,20,407.669475
0.25,3,407.680392
1.25,5,407.697538
13.5,17,407.747175
0.75,1,407.750381
10.75,22,407.812063
13.0,26,407.877852
7.5,15,407.916122
4.75,12,407.946082
1.75,6,407.961083
8.75,23,408.01501
0.75,4,408.025481
10.0,20,408.077338
11.0,22,408.449988
-0.75,1,408.452938
8.25,15,408.490704
10.5,16,408.531016
-8.25,10,408.555411
8.0,16,408.594047
6.5,16,408.633681
0.75,1,408.636771
0.75,1,408.639364
36.0,42,408.740357
0.75,1,408.743214
8.0,16,408.782031
0.75,1,408.784534
2.75,8,408.804191
-1.25,3,408.812192
3.75,10,408.838622
9.5,18,408.883064
1.75,6,408.897316
0.75,1,408.89998
-0.25,2,408.905201
1.25,5,408.917579
9.0,18,408.962863
0.75,1,408.965629
0.75,1,408.968437
-0.25,2,408.973427
0.75,4,408.983903
5.25,13,409.015837
9.5,16,409.056611
-5.25,7,409.074869
-1.75,8,409.09502
0.75,1,409.097936
2.75,8,409.118694
0.75,1,409.121577
0.75,1,409.124402
6.25,12,409.154876
4.25,8,409.176313
2.75,8,409.19731
6.75,13,409.232722
7.0,14,409.26948
-0.75,1,409.272467
0.75,1,409.275519
4.25,11,409.30522
4.75,12,409.336605
1.75,6,409.352689
11.0,18,409.398134
0.75,1,409.400994
8.25,10,409.424866
11.0,22,409.479266
4.25,11,409.507092
28.0,37,409.596575
15.5,18,409.642855
24.0,46,410.070632
0.25,3,410.078617
7.75,15,410.116842
-0.25,2,410.12304
0.75,1,410.125933
32.0,48,410.249809
0.75,1,410.253751
-0.25,2,410.259103
7.25,14,410.294562
6.75,16,410.334843
0.75,1,410.337422
0.75,1,410.340223
16.5,31,410.41587
7.75,18,410.462343
-0.75,1,410.465127
-0.25,2,410.470819
6.25,12,410.501116
0.25,3,410.509507
-0.25,2,410.514822
12.0,21,410.568068
2.25,4,410.578104
-0.25,2,410.583053
8.75,23,410.638213
6.75,16,410.676174
0.25,3,410.683559
7.75,18,410.733117
1.75,6,410.748758
-1.25,3,410.756702
-1.25,3,410.764854
2.25,7,410.782877
-0.75,1,410.78619
0.75,4,410.797407
0.75,1,410.801659
0.25,3,410.811491
3.75,6,410.83241
0.25,3,410.841238
2.75,8,410.863348
0.75,1,410.867174
0.75,1,410.870483
-0.75,1,410.873764
1.25,5,410.888117
10.75,16,410.929815
12.5,22,410.992509
1.75,6,411.007919
15.0,25,411.07184
17.0,25,411.132879
3.25,9,411.15476
8.75,18,411.200211
8.25,16,411.242075
0.75,1,411.24495
-0.75,1,411.247748
-0.25,2,411.252877
8.0,16,411.293156
-0.75,1,411.29575
-0.75,1,411.298694
10.5,16,411.339498
15.5,30,411.739156
0.75,1,411.741948
1.75,6,411.756732
11.5,23,411.812393
-0.75,1,411.815277
0.25,3,411.824768
5.25,13,411.858128
1.25,5,411.871917
0.75,1,411.874888
13.0,19,411.923875
3.75,10,411.949759
0.75,1,411.952551
0.75,4,411.963165
0.75,1,411.965981
0.75,1,411.968965
6.0,12,411.9989
12.0,24,412.056264
13.0,23,412.112414
0.75,1,412.115244
-0.25,2,412.12037
11.25,18,412.162397
7.25,14,412.199493
-4.25,6,412.215507
13.0,17,412.257628
0.25,3,412.265404
0.75,1,412.268261
1.75,3,412.276173
10.75,19,412.323677
0.75,1,412.326484
6.5,13,412.359441
7.75,18,412.405501
-0.25,2,412.411165
0.75,1,412.414145
2.25,13,412.448843
9.25,21,412.503949
8.25,11,412.5354
-0.75,1,412.538612
11.5,22,412.601815
14.75,26,412.673271
15.0,24,412.739544
4.5,15,412.777087
-0.25,2,412.782432
0.75,1,412.785054
27.0,46,412.90085
14.5,29,412.976557
1.75,3,412.985645
8.5,17,413.336894
4.75,12,413.365718
0.75,1,413.368414
0.75,1,413.371545
0.75,1,413.374511
0.75,1,413.377261
-0.75,1,413.380351
0.75,1,413.383509
0.25,3,413.391572
-0.75,1,413.394413
26.0,33,413.47762
9.25,21,413.531646
0.75,1,413.534527
0.75,1,413.537385
12.5,17,413.579204
7.25,17,413.625541
3.25,11,413.655032
8.75,16,413.696312
16.0,24,413.757243
19.25,41,413.867221
0.75,1,413.870686
19.0,32,413.964329
-0.75,1,413.96734
7.25,17,414.012766
22.5,25,414.077459
2.25,4,414.08839
-0.25,2,414.09452
0.75,1,414.097507
-0.25,2,414.103157
-0.75,1,414.106271
2.25,7,414.125504
-0.75,1,414.12876
-1.25,3,414.13734
12.5,22,414.199316
2.75,5,414.212734
12.0,23,414.273784
11.5,18,414.320596
0.75,1,414.323685
28.5,42,414.434169
-1.75,5,414.447309
8.0,16,414.487756
10.0,16,414.530211
0.75,1,414.533053
1.25,5,414.546249
0.25,3,414.554178
2.75,8,414.573328
-1.25,1,414.576044
-1.25,3,414.583492
0.75,4,414.59333
1.25,5,414.605876
-0.25,2,414.611619
9.5,19,414.659577
-0.75,1,414.662246
12.5,24,415.038482
-0.75,1,415.041331
9.25,18,415.085011
0.75,1,415.08779
0.75,1,415.090851
-0.25,2,415.096129
0.75,1,415.099182
0.75,4,415.110689
0.75,1,415.113673
0.75,1,415.116662
-8.75,12,415.146517
-0.25,2,415.151969
1.25,5,415.164872
6.75,12,415.195579
21.0,42,415.303677
8.25,16,415.350881
3.25,8,415.376236
6.25,12,415.410928
2.25,4,415.423496
1.25,5,415.439103
6.25,15,415.481332
3.75,10,415.5103
0.75,1,415.513658
0.75,4,415.526104
-0.75,1,415.529227
6.25,15,415.591628
16.5,18,415.657161
14.0,23,415.726998
-0.25,2,415.733032
12.0,18,415.782458
9.25,14,415.820562
0.25,3,415.829226
0.75,4,415.840179
-0.25,2,415.845848
0.75,1,415.848835
0.75,1,415.851838
1.75,3,415.859937
2.25,7,415.879428
4.75,15,415.91978
2.75,8,415.942093
10.75,22,416.000569
9.5,17,416.041788
12.5,25,416.100765
11.0,22,416.157754
12.0,15,416.199616
9.25,16,416.245721
-0.25,2,416.251358
12.5,25,416.317895
4.75,12,416.351252
0.75,1,416.354177
-0.25,2,416.359735
-0.25,2,416.365422
12.5,23,416.755326
-0.25,2,416.760972
3.25,9,416.785069
0.75,1,416.787918
16.5,23,416.845744
1.75,3,416.853513
0.75,1,416.856299
8.75,18,416.906125
13.0,26,416.978924
0.75,1,416.981784
0.75,1,416.984591
10.5,12,417.017653
-1.25,3,417.026015
2.25,13,417.061877
-3.75,4,417.072879
11.5,23,417.135042
0.75,1,417.137706
8.25,19,417.18791
0.75,1,417.192415
11.25,25,417.260542
0.25,3,417.269175
9.5,19,417.316982
6.75,13,417.351581
8.75,15,417.390518
-1.0,16,417.431681
3.25,9,417.455004
-0.75,1,417.458051
0.75,1,417.461225
4.75,12,417.492727
10.25,20,417.555267
-0.75,1,417.559566
0.75,4,417.574758
27.5,34,417.66927
9.25,21,417.724043
14.5,26,417.797165
13.0,26,417.882488
0.25,3,417.892234
0.75,1,417.895472
4.25,13,417.936002
14.5,23,418.011238
-3.25,5,418.024606
0.75,4,418.03524
27.5,34,418.127179
0.75,1,418.130153
12.5,25,418.544616
2.25,12,418.575686
-0.25,2,418.582045
-0.25,2,418.587458
5.5,17,418.629567
0.75,1,418.632431
9.25,21,418.689188
15.0,21,418.746659
1.75,6,418.766199
0.75,1,418.77184
0.75,1,418.77701
0.75,4,418.796148
-0.25,2,418.806325
7.0,14,418.866393
9.5,18,418.94869
11.0,15,419.003497
-0.25,2,419.009224
-2.75,9,419.033768
0.25,3,419.041983
0.75,1,419.044763
6.5,13,419.076401
-0.25,2,419.081344
0.75,1,419.084193
0.75,1,419.087198
-0.25,2,419.092531
5.25,13,419.125714
11.0,22,419.185897
8.75,16,419.260484
15.0,30,419.340109
9.75,22,419.398052
-0.75,1,419.401048
11.0,22,419.457903
-0.75,1,419.460824
6.75,16,419.501937
-0.25,2,419.507349
15.0,25,419.569091
7.0,14,419.605359
-0.25,2,419.610907
-0.25,2,419.616721
0.75,4,419.627649
-0.75,1,419.630537
13.0,24,419.697721
5.25,13,419.733539
2.75,8,419.754647
0.75,1,419.757695
16.0,24,419.824351
0.75,1,419.827886
9.5,17,419.873064
0.75,1,419.876066
-0.75,1,419.878911
12.5,23,419.940415
-0.25,2,419.945838
11.5,18,419.992247
-0.25,13,420.349162
0.75,1,420.352819
2.25,7,420.371144
1.25,5,420.384278
-1.25,3,420.391874
1.75,6,420.406624
36.0,42,420.509651
0.25,15,420.54605
-0.25,2,420.551069
-0.25,2,420.556877
8.0,15,420.596339
0.75,1,420.599262
-5.75,12,420.630687
9.75,20,420.680361
12.0,23,420.738936
8.0,16,420.779504
0.75,1,420.782356
10.75,21,420.835936
0.75,1,420.838882
15.0,25,420.902721
-0.25,2,420.908293
0.75,1,420.911185
1.75,6,420.927161
10.0,19,420.976697
-0.75,1,420.981312
-2.25,7,421.002013
1.75,6,421.022945
0.75,1,421.026943
10.0,19,421.084867
0.75,1,421.087951
1.25,5,421.102659
9.25,17,421.153066
8.0,15,421.194849
6.25,15,421.235935
7.25,17,421.282109
9.0,18,421.332063
-0.75,1,421.335082
1.25,5,421.348235
-1.25,3,421.357282
21.75,38,421.45505
-0.25,2,421.460445
8.0,16,421.499733
10.75,19,421.546041
-0.25,2,421.551405
1.25,5,421.564324
6.25,15,421.602699
-0.25,2,421.607879
0.75,1,421.610868
0.75,4,421.621144
27.5,34,422.037809
-0.75,1,422.040571
0.75,1,422.043319
4.25,11,422.070585
0.75,4,422.08085
0.75,1,422.083476
21.0,31,422.159193
8.25,13,422.190382
9.5,19,422.238602
-0.25,2,422.244102
-0.25,2,422.249774
6.75,13,422.282692
-0.75,1,422.28546
17.0,26,422.35167
-0.25,2,422.356916
8.5,17,422.399712
-0.25,2,422.404979
4.5,15,422.44131
-2.25,4,422.453401
2.75,8,422.479456
-1.25,3,422.489504
-0.75,1,422.493181
-0.25,2,422.501371
2.75,5,422.51835
7.25,14,422.561256
0.75,1,422.564438
-0.75,1,422.567613
6.25,15,422.613469
0.75,1,422.617064
0.75,1,422.620124
25.0,43,422.752155
0.75,1,422.755789
12.5,25,422.848544
-0.25,2,422.857959
0.75,1,422.86126
14.5,29,422.94608
8.5,15,422.992384
-1.25,3,423.000362
0.75,4,423.010698
-0.25,2,423.016445
19.0,32,423.09613
10.0,19,423.142538
0.75,1,423.145456
5.0,16,423.185607
0.75,1,423.188198
1.75,6,423.205224
8.25,17,423.247927
0.25,3,423.256129
8.5,17,423.299272
-1.25,3,423.30726
5.75,14,423.341861
0.75,1,423.344638
8.5,17,423.38812
0.75,1,423.391056
15.0,28,423.772411
13.5,23,423.832167
1.25,5,423.844957
11.5,22,423.899977
5.25,12,423.930453
7.25,14,423.96683
8.75,20,424.014054
-0.75,1,424.016904
0.75,1,424.019852
0.75,4,424.030477
7.5,15,424.068703
0.25,3,424.076714
-0.25,2,424.082042
0.25,3,424.089817
11.25,20,424.137376
10.5,21,424.190992
0.75,1,424.193893
11.0,20,424.245483
9.75,22,424.302753
2.25,7,424.320875
1.25,5,424.333981
5.75,14,424.369838
10.5,16,424.41262
1.75,6,424.429019
0.75,1,424.432107
1.75,6,424.447611
12.5,24,424.517634
-0.75,1,424.52064
-0.25,2,424.526139
-0.25,2,424.53157
13.5,20,424.582282
3.25,9,424.605372
0.75,1,424.60825
10.75,23,424.664652
8.25,16,424.705485
-4.75,5,424.71845
0.75,1,424.72159
9.25,15,424.760257
0.75,1,424.763203
3.75,10,424.788043
-0.75,1,424.790957
-0.25,2,424.796189
1.25,8,424.818336
6.25,15,424.858039
12.0,18,424.902439
-0.25,5,424.914962
5.75,11,424.942886
10.5,15,424.980414
-0.25,2,424.985227
2.25,7,425.002155
-0.25,2,425.007025
-0.75,1,425.009464
7.25,17,425.052119
-0.75,1,425.055202
3.75,13,425.406403
4.0,23,425.463599
36.0,42,425.573048
1.25,5,425.585818
-0.75,1,425.588709
11.5,21,425.640039
11.0,22,425.693824
16.5,22,425.748181
12.5,17,425.790107
12.5,22,425.84797
21.0,39,425.948417
16.5,23,426.006613
-0.25,2,426.012101
3.25,18,426.057305
6.25,15,426.094508
14.0,23,426.15043
1.25,13,426.182563
0.75,4,426.193521
-4.75,5,426.206286
11.25,24,426.2633
11.0,22,426.316922
4.75,12,426.348867
8.0,16,426.391355
10.0,17,426.433837
6.75,16,426.476876
0.75,16,426.530547
-3.5,14,426.565884
9.5,19,426.620002
0.75,1,426.622977
-0.75,1,426.625949
-0.25,2,426.631623
10.0,20,426.686245
-0.25,2,426.691735
0.75,1,426.694504
5.25,13,427.034687
19.0,26,427.099846
10.5,21,427.150207
12.0,23,427.20775
9.0,18,427.250717
7.0,19,427.294907
5.25,13,427.324529
-0.75,1,427.327171
15.0,21,427.37797
0.75,1,427.380863
-3.25,11,427.408058
5.75,14,427.441782
6.5,13,427.473719
0.75,1,427.476535
-0.75,1,427.479275
6.25,15,427.517338
0.75,1,427.520406
0.75,1,427.523275
0.75,1,427.525928
3.25,9,427.548131
4.75,12,427.57779
19.5,39,427.678528
-0.25,2,427.683811
14.0,28,427.750902
7.25,17,427.790038
3.25,9,427.811849
3.75,10,427.836756
0.75,1,427.839626
8.75,16,427.880636
5.75,12,427.908763
5.75,14,427.940995
-0.25,2,427.945735
0.75,1,427.948426
2.75,5,427.960607
7.5,15,427.995757
0.75,1,427.998462
14.5,27,428.059209
3.25,12,428.08566
7.0,14,428.118961
0.25,3,428.126238
18.75,29,428.193917
6.5,13,428.225631
3.5,16,428.578815
7.25,14,428.617678
0.75,1,428.620335
0.75,6,428.635912
-0.75,1,428.639077
8.5,17,428.682877
16.0,24,428.743611
1.25,5,428.757304
5.25,13,428.79033
-1.25,1,428.793172
0.75,1,428.796168
-0.75,1,428.799061
0.75,4,428.809721
-0.75,1,428.813205
1.0,17,428.856788
2.25,7,428.874828
10.0,20,428.922095
11.0,22,428.977696
8.0,16,429.019643
0.75,1,429.022608
0.75,1,429.02546
8.25,19,429.073915
12.0,16,429.114465
4.75,12,429.14659
4.25,8,429.167125
20.5,24,429.22898
10.5,20,429.279143
38.0,63,429.439692
-1.25,15,429.478369
21.0,31,429.557366
-0.25,2,429.563021
-0.75,1,429.566358
-0.25,2,429.572754
0.75,1,429.576286
9.0,18,429.625428
8.0,16,429.666355
6.25,15,429.704471
0.75,1,429.707443
4.25,8,429.726682
-0.25,2,429.73177
9.5,19,429.780576
-1.25,12,429.811888
0.75,1,429.814757
15.5,29,430.205716
-0.75,1,430.208562
3.25,9,430.232536
0.75,1,430.235412
17.5,22,430.289918
-0.25,2,430.295267
-0.25,2,430.300955
-1.75,11,430.328281
3.75,10,430.353778
13.5,21,430.405784
9.5,19,430.453183
-2.25,4,430.463724
9.5,19,430.508528
12.5,23,430.56624
-0.25,8,430.586997
-8.5,16,430.628219
10.0,20,430.679974
10.5,12,430.710229
28.5,42,430.819233
-3.25,5,430.832847
0.25,3,430.840933
10.0,29,430.91811
4.25,14,430.955276
-2.25,16,430.994879
9.5,19,431.042168
1.25,5,431.054769
0.75,1,431.058164
-4.75,11,431.086327
6.5,13,431.121826
0.25,3,431.129391
4.25,11,431.159476
12.5,22,431.221299
5.75,14,431.259485
6.25,12,431.290979
5.75,12,431.324047
5.75,14,431.360786
7.25,20,431.412176
0.75,4,431.422354
3.25,15,431.460913
-0.25,11,431.489086
4.25,11,431.531389
0.75,1,431.900527
0.75,1,431.903682
21.5,34,431.990211
0.75,1,431.993143
17.0,34,432.076083
-1.25,3,432.084331
1.25,5,432.097253
0.75,1,432.10007
0.75,1,432.10303
0.75,1,432.105693
6.25,15,432.144814
8.25,15,432.179779
9.75,20,432.230231
9.5,17,432.274314
3.5,21,432.328309
-1.25,3,432.336314
0.75,1,432.339178
8.75,16,432.380821
-0.25,2,432.386368
13.75,20,432.43866
12.5,25,432.504621
7.25,14,432.540662
-0.25,2,432.546073
6.75,12,432.574856
0.75,1,432.57776
-0.75,1,432.581299
0.75,1,432.584222
15.5,43,432.689662
3.75,16,432.729029
-1.75,14,432.762761
5.25,13,432.795438
-0.25,2,432.801424
11.5,18,432.848623
0.75,4,432.85907
7.0,14,432.894356
6.25,12,432.924538
0.75,1,432.927343
11.75,20,432.979071
0.75,1,432.982063
17.75,34,433.069783
20.0,36,433.162791
11.0,20,433.53106
-0.75,1,433.533764
1.75,3,433.54133
0.75,1,433.543888
2.25,7,433.561005
4.25,17,433.606108
0.75,4,433.616127
1.75,3,433.623324
0.75,1,433.625752
6.25,15,433.662494
8.75,16,433.704041
-2.25,7,433.72016
0.75,1,433.722814
10.0,17,433.763445
2.75,8,433.781731
8.0,16,433.821856
8.75,20,433.871225
8.0,16,433.912616
0.75,1,433.915591
1.25,5,433.928718
6.75,13,433.962717
16.0,24,434.023984
0.75,1,434.026479
10.75,24,434.08634
0.25,3,434.09512
15.0,29,434.169645
-0.25,2,434.174853
0.75,1,434.177636
-0.75,1,434.18053
21.5,43,434.288435
0.25,6,434.30291
-1.75,8,434.322382
5.75,14,434.355398
13.75,16,434.395605
18.5,25,434.455344
12.5,25,434.517486
3.75,7,434.535932
0.75,1,434.539014
9.0,17,434.582042
7.75,15,434.621455
4.25,14,434.656987
14.5,26,434.722073
-0.25,2,434.726761
10.25,16,434.768026
8.75,12,434.800437
1.25,5,435.136662
-9.25,14,435.172646
0.75,1,435.175539
-0.25,2,435.180852
7.25,11,435.209106
0.75,1,435.211984
2.25,13,435.245061
11.0,22,435.300213
10.0,18,435.344697
1.25,5,435.358064
7.75,16,435.398747
0.25,3,435.406143
-0.25,14,435.44334
17.5,22,435.501092
7.25,17,435.546454
15.0,28,435.620391
0.25,4,435.63127
7.75,12,435.662843
8.0,16,435.705828
3.25,15,435.744771
15.5,18,435.788153
0.75,1,435.791109
-0.75,1,435.794008
4.75,12,435.825549
1.75,6,435.841165
0.75,1,435.844143
-0.75,1,435.847041
-0.75,1,435.849965
2.25,7,435.867725
-0.75,1,435.87064
-6.25,8,435.89064
-1.25,3,435.89818
10.25,14,435.933592
6.25,15,435.971145
-0.25,2,435.976582
4.75,12,436.006137
14.5,23,436.064305
3.75,16,436.102575
0.75,1,436.105327
0.75,1,436.107994
-0.25,2,436.113114
1.25,5,436.126941
1.75,6,436.142471
3.25,9,436.166379
4.75,15,436.206019
-0.75,1,436.209396
16.5,33,436.293685
3.75,16,436.331522
8.25,19,436.380959
9.75,19,436.432469
1.25,5,436.447903
0.75,1,436.45154
25.5,30,436.866978
17.0,25,436.930656
14.5,27,437.000322
6.25,15,437.037943
10.5,21,437.092203
14.0,26,437.158959
9.5,19,437.211537
4.75,12,437.244143
0.75,4,437.255043
9.25,13,437.289487
0.75,1,437.292348
-1.25,3,437.300656
17.5,32,437.380788
3.75,13,437.413887
0.75,1,437.416874
8.0,16,437.457757
-0.75,13,437.491654
8.25,22,437.549168
5.75,11,437.577867
11.25,25,437.641018
-0.25,2,437.646572
10.0,16,437.68726
7.25,17,437.731288
6.25,12,437.761906
19.0,33,437.854308
-0.25,2,437.860609
0.25,3,437.869022
0.75,4,437.880398
10.75,20,437.933361
-0.75,1,437.936064
0.75,1,437.93898
2.25,13,437.975187
0.75,1,437.978255
9.0,18,438.026904
1.75,6,438.04311
-1.25,3,438.051144
14.75,31,438.125245
0.75,1,438.128089
0.75,4,438.465326
0.75,1,438.468416
2.25,7,438.486556
-0.25,2,438.492077
24.0,46,438.605395
-0.75,1,438.608294
10.75,24,438.670639
6.5,13,438.704832
8.75,20,438.757602
6.75,13,438.790588
15.5,29,438.868109
0.75,1,438.871017
9.25,21,438.927879
-0.25,2,438.93379
0.75,1,438.9371
5.0,19,438.997566
12.0,15,439.04532
1.75,6,439.065044
0.75,1,439.068974
0.75,1,439.072605
14.0,23,439.145453
2.75,14,439.182961
15.5,31,439.265003
19.0,32,439.346455
10.5,16,439.39144
15.0,22,439.44791
12.0,24,439.50963
7.5,15,439.549894
2.5,17,439.59354
11.5,23,439.659026
2.25,16,439.709496
7.25,14,439.748162
0.75,1,439.750992
2.75,14,439.785728
5.25,13,439.821038
-2.25,4,439.834021
0.25,3,439.842702
-0.25,11,440.193623
9.5,18,440.240404
22.0,35,440.331054
5.25,13,440.364757
7.75,18,440.412423
15.5,43,440.526908
0.75,1,440.529669
4.25,8,440.551264
18.0,39,440.655452
-1.25,3,440.663457
3.75,10,440.688883
3.25,6,440.704555
-9.25,11,440.73324
13.75,25,440.797014
4.75,12,440.833245
0.75,1,440.836563
-0.25,2,440.843129
5.25,12,440.878048
0.75,1,440.88128
8.75,20,440.941048
5.75,14,440.982377
5.75,11,441.014714
10.25,23,441.076582
7.25,17,441.119033
10.0,17,441.162638
0.75,4,441.173837
19.0,32,441.260391
1.25,5,441.273216
13.0,26,441.339115
0.75,4,441.349296
0.75,1,441.352101
2.75,8,441.373457
8.25,18,441.420294
12.5,24,441.479794
0.75,1,441.482595
8.5,17,441.525788
15.0,22,441.889549
4.75,15,441.933452
-12.25,14,441.974353
1.25,5,441.990253
8.75,11,442.019783
4.25,11,442.047063
2.25,4,442.05776
2.25,4,442.068344
6.0,12,442.10025
1.25,5,442.113332
0.75,1,442.116321
7.25,17,442.16057
0.75,1,442.163565
9.5,17,442.208597
0.75,1,442.211701
0.75,1,442.214584
9.25,14,442.251528
2.75,5,442.264589
0.25,3,442.27277
-0.25,2,442.278143
15.0,18,442.324948
17.0,30,442.402007
13.0,26,442.468014
0.75,1,442.470863
9.5,35,442.561139
12.25,27,442.629315
27.0,46,442.746304
7.75,12,442.778924
0.75,1,442.782019
6.5,13,442.817677
4.25,11,442.846548
0.75,1,442.849192
-2.25,4,442.859633
0.75,1,442.862689
-0.75,1,442.865522
-0.25,2,442.870849
8.25,19,442.921018
1.25,5,442.933836
-0.75,1,442.936633
0.75,1,442.939404
8.25,15,442.982519
-1.25,3,442.992471
-2.25,4,443.006418
0.75,1,443.010111
6.0,12,443.044365
10.0,20,443.095335
6.75,16,443.138069
12.0,16,443.180231
3.5,21,443.631942
2.25,7,443.651265
-0.25,2,443.656447
-0.75,1,443.659244
8.5,17,443.702163
1.25,5,443.714517
8.75,16,443.755905
19.5,30,443.837236
-2.25,4,443.848179
13.75,28,443.923376
16.5,22,443.984157
-0.25,5,443.999399
0.75,1,444.002377
-0.25,2,444.007746
3.75,10,444.03433
8.0,15,444.072177
3.25,6,444.087908
-1.25,3,444.095837
-0.25,2,444.101166
9.5,17,444.144758
6.0,12,444.17497
2.75,8,444.196175
10.0,20,444.251297
-0.25,2,444.257129
0.75,1,444.260031
9.75,15,444.297352
9.5,19,444.345714
1.75,6,444.361225
1.75,6,444.376889
0.75,1,444.379693
6.0,18,444.425846
-0.25,2,444.431482
3.75,10,444.457452
11.75,19,444.505505
2.25,13,444.539003
16.5,23,444.596297
14.0,21,444.648786
10.5,16,444.689301
4.75,12,444.719696
6.25,15,444.764682
5.25,10,444.793482
3.75,16,444.834909
14.5,27,444.903691
-0.75,1,444.906547
0.75,1,444.90987
0.25,3,444.917435
7.0,14,445.288036
3.25,15,445.33842
14.5,23,445.417945
3.75,10,445.45724
10.75,18,445.517763
9.5,19,445.589408
0.75,1,445.593292
12.5,23,445.673205
12.5,24,445.759898
7.5,15,445.810115
6.25,15,445.85444
8.5,15,445.896192
19.0,33,445.9882
1.25,5,446.00429
-0.25,2,446.010869
27.0,46,446.139477
6.75,12,446.171599
9.5,19,446.22923
7.25,15,446.271018
12.0,23,446.332775
-0.75,1,446.335851
14.0,16,446.378773
0.75,1,446.381825
3.25,12,446.418478
12.25,16,446.468094
0.75,1,446.473918
6.25,15,446.519315
2.25,7,446.5401
6.75,16,446.588922
0.75,4,446.60126
0.75,1,446.604572
-0.75,1,446.607865
-0.75,1,446.611283
-2.25,9,446.638098
2.75,14,446.680325
-0.25,2,446.687011
-1.25,6,446.705755
-0.75,1,446.709294
1.75,6,446.727286
-2.25,13,446.767009
0.75,1,446.770699
2.25,7,446.795265
0.75,1,446.798721
4.75,12,446.837662
5.25,13,447.245411
15.0,25,447.315445
-0.25,2,447.321607
8.5,16,447.365847
-2.75,14,447.402629
0.75,1,447.405619
3.25,9,447.429568
8.5,17,447.478214
12.5,25,447.566893
12.5,23,447.628897
11.75,20,447.680523
16.0,30,447.757233
-0.25,2,447.762576
13.0,21,447.818646
13.0,17,447.881644
-3.25,14,447.922018
5.25,13,447.956997
-0.75,1,447.960179
27.5,34,448.074657
-0.75,13,448.110903
-1.25,3,448.119791
-0.75,1,448.122938
14.5,23,448.185733
14.5,26,448.255352
0.25,3,448.263458
-0.25,2,448.268946
3.75,10,448.295837
7.75,15,448.334459
12.5,17,448.38189
11.5,22,448.438707
2.75,8,448.459764
-3.25,11,448.488936
5.75,14,448.525441
12.5,17,448.569825
5.75,14,448.610458
0.25,15,448.650306
15.5,24,449.0505
14.5,23,449.111886
-0.25,2,449.117711
7.25,14,449.159531
2.25,13,449.194457
18.75,26,449.264048
5.75,14,449.300086
0.75,1,449.303037
0.75,1,449.305998
0.75,1,449.30898
7.75,12,449.340956
0.25,3,449.349456
4.75,12,449.380725
0.75,1,449.383752
1.75,6,449.399294
-0.75,1,449.402092
7.25,17,449.443935
8.25,13,449.481939
15.0,18,449.531979
3.75,10,449.560968
19.0,36,449.660514
5.25,13,449.699739
0.75,10,449.731303
17.5,22,449.795044
0.75,1,449.798761
-3.25,5,449.817515
-3.25,14,449.868961
0.75,1,449.871858
-0.25,2,449.877361
0.75,1,449.880432
0.75,4,449.891587
11.5,22,449.954938
3.25,9,449.981425
0.75,1,449.984708
5.25,13,450.021361
6.25,15,450.062435
0.75,1,450.065743
2.75,8,450.087837
5.25,13,450.124071
7.75,11,450.155763
12.5,25,450.226574
0.75,1,450.229976
0.25,3,450.239146
2.75,5,450.254229
2.75,8,450.277641
9.5,19,450.332446
-0.25,2,450.338254
-3.75,4,450.349686
5.25,14,450.391706
0.75,1,450.395019
1.75,6,450.413923
-1.25,3,450.422695
0.75,1,450.425692
6.25,15,450.464176
3.25,9,450.812028
15.5,31,450.917745
-0.25,2,450.924887
0.75,1,450.928419
-0.25,2,450.93463
0.25,3,450.945264
4.25,8,450.970059
1.75,17,451.025201
8.25,19,451.08757
6.75,16,451.15
-0.75,1,451.153598
6.75,16,451.209502
23.0,23,451.308016
-0.25,2,451.314653
2.75,8,451.338246
2.25,7,451.360577
7.25,20,451.434507
2.25,7,451.459852
-0.25,2,451.46767
-0.25,2,451.479483
8.25,16,451.524686
14.5,26,451.59382
0.75,1,451.600331
21.0,30,451.693898
-0.25,2,451.701334
0.75,1,451.704713
1.75,3,451.715941
2.25,7,451.738274
6.5,13,451.778884
-1.25,3,451.788214
-0.25,2,451.795118
0.75,4,451.809204
10.75,17,451.861585
0.25,3,451.871001
7.5,15,451.914576
-0.25,2,451.921547
-0.25,2,451.927738
-3.25,5,451.942164
-0.25,5,451.958145
19.0,36,452.053406
-0.75,1,452.056159
9.5,19,452.106511
3.25,9,452.131468
32.0,48,452.257127
4.25,11,452.284967
6.75,13,452.318631
0.25,3,452.326536
1.25,5,452.338875
0.25,3,452.347665
8.0,14,452.388687
8.25,19,452.816927
0.75,1,452.820729
-1.25,1,452.824456
4.75,12,452.867332
-3.75,7,452.890639
4.5,15,452.936686
20.0,36,453.042958
12.5,24,453.105426
0.75,1,453.108248
0.25,3,453.116013
0.25,6,453.13146
9.25,24,453.190473
0.75,1,453.193242
7.75,18,453.23962
8.5,23,453.299811
14.0,21,453.35492
15.0,29,453.430172
0.75,7,453.447848
0.75,1,453.450597
32.0,48,453.572871
6.75,16,453.614428
10.0,16,453.655329
10.75,24,453.715286
3.25,15,453.75315
0.75,7,453.770068
13.5,24,453.833592
0.75,4,453.845257
7.75,15,453.885131
0.75,6,453.900777
12.5,25,453.963959
-9.25,11,453.999389
1.75,18,454.044586
0.75,1,454.047439
25.5,36,454.554386
-0.25,2,454.560285
5.25,13,454.59537
7.0,14,454.634208
16.5,31,454.715454
-0.25,5,454.729206
3.75,7,454.747885
6.25,15,454.784703
10.0,22,454.844646
7.75,18,454.895368
10.0,20,454.960932
-0.75,1,454.964393
14.5,23,455.050504
-0.25,2,455.059544
11.0,22,455.155897
15.0,22,455.245058
-0.75,1,455.248357
14.0,25,455.324147
0.75,16,455.376012
-9.25,11,455.412329
-0.75,1,455.415726
3.5,16,455.465843
0.75,1,455.469107
7.25,17,455.530044
11.0,22,455.599089
1.75,5,455.615094
3.25,9,455.64233
0.75,1,455.64523
0.25,3,455.653603
0.75,1,455.656711
-0.25,2,455.662457
-0.25,2,455.668111
2.25,13,455.708829
7.75,18,455.768879
0.75,1,455.772666
10.75,19,455.839686
14.25,21,455.922627
-0.25,2,455.9323
-0.25,2,455.941481
4.75,12,455.995144
6.25,13,456.041646
19.5,39,456.166791
17.5,22,456.583988
0.25,3,456.591851
6.75,16,456.634924
15.5,43,456.741144
-0.25,11,456.774445
-0.25,2,456.780922
-0.75,1,456.784145
0.75,1,456.78764
-0.25,2,456.794238
2.25,7,456.819271
16.0,24,456.896384
0.75,1,456.89978
0.75,4,456.91046
0.75,1,456.91337
0.75,1,456.916311
0.75,1,456.919022
12.75,17,456.965989
0.25,3,456.978361
-0.75,1,456.981638
-0.75,1,456.985151
2.25,7,457.006074
0.75,1,457.009463
10.0,20,457.068656
0.75,1,457.072132
1.75,6,457.089517
-0.75,1,457.093323
5.25,10,457.124834
15.0,22,457.189524
0.75,4,457.2014
2.75,5,457.216037
1.25,5,457.229189
-0.25,2,457.234982
0.75,1,457.238044
0.75,1,457.241004
7.25,17,457.284603
0.75,1,457.287531
2.75,8,457.30928
1.25,5,457.322507
-0.25,2,457.328049
18.0,32,457.411273
0.75,1,457.414169
-0.25,2,457.419954
0.75,1,457.422782
-0.25,2,457.429225
0.75,1,457.432939
13.25,18,457.479593
0.25,3,457.48764
4.25,8,457.509773
0.75,1,457.512959
-0.75,1,457.515934
0.75,1,457.51888
1.75,6,457.537144
12.25,26,457.604283
5.75,14,457.639928
-0.25,2,457.64546
9.5,16,457.690886
3.75,7,457.709208
0.25,3,457.717131
4.25,11,457.746561
-0.25,2,457.753487
5.25,13,457.78863
13.5,14,457.828566
1.75,4,457.841535
5.75,14,457.879202
-0.25,2,457.884618
1.25,5,457.89779
7.75,12,457.92692
6.75,16,457.968524
0.75,1,457.972353
0.75,1,457.975928
-0.25,2,457.982383
10.75,18,458.381598
-0.75,1,458.384259
13.25,28,458.455374
0.25,6,458.470444
0.75,1,458.473255
6.25,12,458.506226
13.5,21,458.569839
0.25,3,458.579632
14.25,28,458.664268
1.25,8,458.684701
11.25,13,458.715963
-0.75,1,458.718749
6.75,16,458.76178
8.0,16,458.801085
7.75,16,458.845752
-0.75,1,458.849667
-0.25,2,458.856331
-0.75,1,458.859793
0.75,1,458.863307
-0.25,2,458.869883
3.75,10,458.902928
0.25,21,458.976216
1.25,5,458.990985
-0.75,7,459.012919
2.75,8,459.036782
0.75,1,459.040139
2.25,7,459.060044
8.5,17,459.107885
3.25,9,459.133257
0.75,1,459.137488
1.75,6,459.160554
-0.75,1,459.16477
10.5,21,459.233897
-0.25,2,459.240689
0.75,1,459.24463
-0.25,2,459.251361
0.75,1,459.254701
0.25,3,459.263651
-0.25,2,459.269606
13.5,19,459.324874
11.25,18,459.373551
7.75,11,459.401547
9.25,14,459.440343
12.5,23,459.498038
0.75,3,459.507374
10.0,19,459.557638
0.75,1,459.560555
-0.75,1,459.563346
24.0,37,459.660007
0.75,1,459.662764
1.75,6,459.678402
12.0,18,459.729098
-0.25,2,459.73476
0.75,4,459.745603
-0.75,1,459.748484
21.0,31,460.211327
36.0,42,460.320996
-0.25,2,460.326987
7.25,17,460.372716
3.25,6,460.395365
8.25,19,460.453533
6.25,15,460.514169
14.5,26,460.583659
4.25,11,460.611117
4.25,11,460.63866
1.25,5,460.653924
6.75,16,460.697278
0.75,4,460.708453
-0.75,1,460.712088
32.0,48,460.846808
8.75,14,460.882522
3.25,9,460.906745
-0.25,2,460.913224
8.25,12,460.943835
0.75,1,460.946876
0.75,7,460.965855
-0.75,1,460.969376
0.75,4,460.982512
21.0,31,461.082015
24.0,46,461.203289
0.75,1,461.206155
9.5,17,461.25218
19.0,32,461.335085
25.5,30,461.430764
0.75,1,461.434527
-0.25,2,461.441451
0.75,1,461.446576
7.75,18,461.522163
9.0,17,461.57552
1.25,5,461.588414
3.25,8,461.610227
0.75,1,461.613082
5.25,10,461.63849
-0.75,1,461.641483
2.25,6,461.656898
7.5,15,462.046594
8.25,16,462.096538
0.75,1,462.099874
-0.25,2,462.105567
12.0,18,462.153754
-0.75,1,462.156407
-0.75,1,462.159261
24.0,46,462.290938
-0.25,2,462.29741
-0.25,2,462.303288
1.75,6,462.320256
9.75,18,462.380731
0.25,3,462.388712
0.75,1,462.391584
-0.25,2,462.3971
10.25,22,462.461598
8.0,16,462.509395
7.25,17,462.553908
13.5,20,462.606332
6.75,16,462.645671
10.0,29,462.722252
-0.25,2,462.727759
0.75,4,462.737731
7.0,14,462.773446
10.0,14,462.813024
-0.75,13,462.846698
0.75,1,462.849614
2.75,8,462.870223
0.25,3,462.878275
0.75,1,462.881196
2.25,5,462.8941
3.25,9,462.918678
-2.75,7,462.936767
0.75,1,462.9399
-0.25,14,462.978699
18.5,32,463.071766
8.0,16,463.112816
-0.25,2,463.118542
0.75,1,463.122105
4.75,12,463.153057
23.0,23,463.21204
13.75,16,463.256927
-2.25,4,463.267716
8.0,16,463.309046
9.0,18,463.357113
9.0,18,463.404243
8.5,17,463.769678
0.75,1,463.772382
-0.75,1,463.775026
0.25,3,463.782618
0.25,3,463.790701
10.5,16,463.832484
10.5,19,463.880631
5.75,11,463.924436
8.75,20,463.989191
-0.25,2,463.997567
3.75,6,464.024079
-2.25,4,464.042115
-0.75,1,464.046013
-1.25,3,464.058781
6.5,13,464.111673
10.25,18,464.175848
10.0,20,464.251125
7.75,18,464.310271
12.5,25,464.403208
4.25,11,464.443439
15.5,31,464.552293
0.25,3,464.561564
13.5,19,464.623777
9.25,15,464.671257
10.0,17,464.723653
24.0,37,464.854168
4.75,12,464.887126
14.5,21,464.947561
-0.25,2,464.953253
1.25,5,464.966955
-1.75,8,464.988213
1.75,3,464.997051
19.0,26,465.073705
4.75,15,465.113107
5.75,14,465.148868
0.75,1,465.151838
-0.75,1,465.154709
-0.25,2,465.160161
12.0,24,465.22969
0.75,1,465.233249
-0.25,2,465.239657
10.0,16,465.291407
0.75,1,465.294643
8.75,19,465.343706
5.75,14,465.836129
-4.75,11,465.870053
22.5,25,465.950561
0.75,1,465.953422
10.5,21,466.008544
0.75,4,466.019116
38.0,49,466.168181
3.25,9,466.194268
6.75,16,466.243515
10.5,19,466.301983
-2.25,4,466.31323
0.75,4,466.324142
2.25,4,466.334859
2.75,17,466.379353
0.75,4,466.390142
8.5,17,466.434353
-2.75,12,466.464991
0.25,3,466.473165
15.0,21,466.526785
2.25,4,466.537544
3.25,9,466.561442
16.5,33,466.655954
22.0,42,466.769756
17.0,34,466.861839
0.25,3,466.869894
-0.75,1,466.872942
-0.25,20,466.928219
2.75,11,466.959315
8.5,17,467.001528
10.5,15,467.042453
9.0,18,467.091656
5.75,11,467.120456
6.75,16,467.163474
-0.25,2,467.169311
-3.25,5,467.18242
-0.25,2,467.188939
3.75,10,467.215818
6.25,18,467.58202
7.25,17,467.626357
-2.25,4,467.636322
2.25,4,467.646384
14.5,26,467.711994
13.5,19,467.763215
14.5,22,467.825645
10.5,21,467.887863
11.75,21,467.943493
9.5,18,467.990426
2.75,8,468.011969
2.25,4,468.022259
16.5,22,468.081686
-0.25,2,468.087522
-10.5,15,468.125192
2.25,13,468.159941
19.0,32,468.241007
0.25,3,468.249678
9.75,19,468.298637
3.75,10,468.324593
9.0,18,468.36849
7.75,18,468.415815
3.25,18,468.461741
5.25,13,468.494329
-1.25,3,468.501881
-4.25,15,468.54154
1.75,12,468.572462
13.5,21,468.630874
23.0,23,468.68973
7.0,14,468.727463
2.25,7,468.746182
2.75,8,468.7672
7.0,14,468.803144
-0.25,2,468.809462
-0.75,1,468.812488
-0.25,11,468.842682
0.75,1,468.845717
13.0,21,468.901924
12.25,20,469.262235
7.25,13,469.295616
13.5,23,469.352976
0.75,1,469.355715
2.25,16,469.399696
0.75,1,469.403088
15.75,32,469.485722
15.5,26,469.553695
12.0,19,469.604272
5.75,14,469.641059
3.75,7,469.65859
1.75,3,469.66598
1.25,5,469.67756
-0.25,2,469.682493
-0.75,1,469.685406
11.25,20,469.736537
7.75,17,469.779622
-0.25,2,469.784335
8.5,17,469.826373
4.75,12,469.859937
7.25,15,469.898425
12.5,20,469.947831
10.5,17,469.990494
0.75,1,469.993335
18.5,25,470.0619
-0.75,1,470.066454
4.25,11,470.108756
0.75,1,470.113662
5.25,12,470.167119
6.75,16,470.221937
7.5,15,470.262866
-0.75,1,470.2657
13.0,16,470.310515
1.25,5,470.325294
-0.25,2,470.332631
2.75,14,470.378344
0.25,3,470.389874
3.25,18,470.452088
8.5,17,470.498182
10.75,14,470.536921
4.75,12,470.568294
12.5,19,470.618019
12.5,20,470.995966
0.75,1,470.998868
10.5,16,471.041527
-1.25,3,471.049218
-0.25,2,471.054686
8.25,17,471.097389
-0.25,2,471.102881
7.0,14,471.137513
9.5,19,471.182782
0.75,1,471.186076
-0.75,1,471.189163
0.75,1,471.192438
1.25,14,471.232061
-0.25,2,471.237622
0.25,3,471.24613
3.75,10,471.272476
-0.25,2,471.278111
17.25,34,471.371693
3.75,10,471.432421
-0.75,1,471.436256
0.75,1,471.442234
1.75,5,471.463418
5.75,14,471.545822
7.5,18,471.612355
9.5,18,471.671402
0.75,1,471.675386
9.5,17,471.760484
13.0,19,471.855501
6.75,16,471.918856
0.75,4,471.933317
2.75,8,471.961298
2.75,8,471.989794
16.5,23,472.087573
9.25,18,472.151224
3.0,33,472.244772
8.25,10,472.270907
2.75,8,472.292092
3.25,12,472.325213
9.0,18,472.376062
0.75,1,472.379412
9.75,17,472.431367
-5.25,7,472.453787
16.0,24,472.52523
0.25,3,472.533144
13.5,21,472.587557
9.0,18,472.636277
9.25,17,473.119577
1.25,5,473.132943
2.25,7,473.151058
2.25,7,473.168927
9.0,18,473.216915
-0.25,2,473.222206
0.75,4,473.234253
11.5,21,473.28982
12.0,24,473.359622
-0.25,2,473.367277
0.75,1,473.370647
-0.25,2,473.377252
-0.25,2,473.383947
-0.25,2,473.391049
13.25,19,473.459579
-0.75,1,473.463535
-9.25,11,473.495171
-4.25,12,473.531307
0.75,1,473.534732
5.75,14,473.571659
0.75,1,473.574637
2.25,7,473.593282
-0.75,13,473.626205
-0.25,2,473.631668
-2.25,4,473.642288
3.25,6,473.658305
-0.75,1,473.661382
1.75,6,473.677674
7.5,15,473.715543
8.0,16,473.758789
0.75,1,473.762127
1.25,5,473.777433
-4.75,5,473.792781
-0.25,2,473.799332
9.25,18,473.868532
0.25,3,473.879447
4.25,11,473.918186
8.25,16,473.964853
-0.75,7,473.983579
-0.75,1,473.986435
5.75,14,474.022611
1.25,5,474.036329
6.75,15,474.074407
9.5,18,474.121982
15.5,30,474.195408
5.75,14,474.234072
14.25,20,474.290134
9.25,21,474.351922
7.5,15,474.396735
8.25,16,474.441199
14.5,26,474.510247
9.5,17,474.556751
4.75,12,474.89876
14.5,22,474.953195
8.0,16,474.990858
-0.75,1,474.993659
-3.25,5,475.007241
-0.25,2,475.01282
12.5,22,475.067554
5.75,17,475.110559
0.75,1,475.113333
3.75,6,475.128666
8.5,17,475.172489
8.0,25,475.238493
0.75,1,475.242112
0.75,1,475.245338
7.25,17,475.296028
2.75,14,475.337131
4.75,12,475.370391
0.75,1,475.373287
10.0,19,475.425453
0.75,1,475.428324
0.75,1,475.431478
9.5,14,475.471464
1.75,6,475.487971
9.75,13,475.523356
13.75,25,475.593172
9.5,19,475.642515
11.0,18,475.689144
17.5,32,475.769681
2.75,8,475.790646
6.5,13,475.823639
3.25,9,475.847694
0.75,1,475.850676
0.75,1,475.853236
-0.75,1,475.855694
-1.25,3,475.863431
36.0,42,475.971775
11.25,20,476.023371
-0.75,1,476.026246
9.5,17,476.069316
-0.25,2,476.074465
9.5,19,476.124937
0.25,3,476.133403
0.75,1,476.136539
6.25,15,476.17754
-1.25,3,476.186012
1.25,5,476.198757
0.75,4,476.210222
8.75,19,476.648412
0.75,1,476.650993
12.5,25,476.71735
11.75,19,476.766954
4.25,11,476.794359
10.0,20,476.844496
-0.25,2,476.850292
1.25,5,476.863067
9.5,18,476.910242
-0.25,5,476.925544
21.0,39,477.026157
1.75,6,477.04133
4.5,12,477.071583
0.75,1,477.074353
9.5,19,477.120025
8.75,20,477.170747
-0.25,5,477.183553
8.5,17,477.226281
11.0,22,477.282459
-0.25,2,477.287731
0.75,1,477.290546
6.5,13,477.32865
-0.25,2,477.333895
0.75,1,477.336679
0.75,1,477.339447
13.0,26,477.404547
10.0,16,477.440881
-0.75,1,477.443399
7.75,14,477.479322
12.5,25,477.5426
4.75,12,477.573002
3.75,7,477.592025
0.75,1,477.594861
-0.75,1,477.597694
-0.25,2,477.603182
9.5,19,477.6572
6.25,15,477.70119
16.0,30,477.790101
-2.25,4,477.801031
11.75,19,477.863335
5.0,12,477.901481
0.75,1,477.905096
5.75,11,477.938283
6.25,12,477.969978
5.25,10,478.33746
-2.25,4,478.349168
-0.25,2,478.354995
5.25,10,478.382204
8.75,20,478.431925
-1.25,3,478.440044
1.25,5,478.453511
4.25,11,478.482279
1.75,6,478.49801
-0.25,2,478.503232
4.25,11,478.531369
27.0,46,478.646959
15.25,23,478.70643
27.5,34,478.798444
2.75,8,478.82332
0.75,1,478.826686
-0.25,2,478.8324
0.75,19,478.885962
7.5,15,478.927766
7.25,17,478.970265
0.75,1,478.972926
3.75,10,478.998152
12.5,17,479.043338
8.0,16,479.090474
22.5,25,479.168096
17.0,25,479.236196
12.5,23,479.294413
6.25,15,479.334608
-1.75,11,479.364018
2.25,7,479.382323
7.5,15,479.420918
0.75,1,479.423876
4.75,15,479.462024
5.25,10,479.488394
0.75,1,479.491288
15.5,29,479.569511
12.0,19,479.618265
15.5,28,479.687783
14.5,21,480.077572
7.0,14,480.115893
18.5,32,480.204003
-0.25,2,480.209155
-0.25,2,480.214809
11.0,18,480.260542
9.5,18,480.307424
-0.25,2,480.312747
1.75,6,480.328779
10.0,21,480.38314
12.75,23,480.438189
-1.25,3,480.445725
10.0,17,480.489763
18.0,27,480.555136
4.25,11,480.58145
-0.75,1,480.584467
2.25,4,480.59534
0.75,4,480.606096
-0.25,2,480.611592
0.75,1,480.614402
7.0,14,480.649339
-0.25,2,480.654977
-0.25,2,480.660745
-4.25,6,480.679999
-1.25,3,480.689195
3.75,9,480.716227
-0.25,2,480.721861
10.0,20,480.774283
3.75,10,480.799484
0.75,1,480.802188
0.75,1,480.805094
-0.75,1,480.808599
-0.75,10,480.845598
2.25,7,480.863507
-0.75,1,480.866303
-0.25,2,480.871563
8.75,20,480.922455
5.25,13,480.956361
-9.25,11,480.98426
0.25,3,480.992428
7.75,15,481.035416
0.75,1,481.038438
13.0,24,481.10097
1.75,6,481.116212
4.25,8,481.137818
-0.25,2,481.143414
4.25,14,481.182419
12.5,25,481.275831
0.75,4,481.289908
5.25,11,481.328562
0.75,1,481.332624
2.25,7,481.360353
-0.25,2,481.367424
-0.25,3,481.378054
9.75,22,481.460899
0.75,1,481.889226
5.75,14,481.948781
0.75,1,481.953204
0.25,3,481.964549
-0.25,2,481.97273
9.25,21,482.043784
11.0,18,482.103596
10.5,15,482.159595
12.5,25,482.243047
0.75,1,482.245995
32.0,48,482.384254
7.5,18,482.4502
4.75,12,482.49165
1.75,6,482.513431
15.0,21,482.57875
21.0,31,482.672259
7.75,14,482.709347
7.25,12,482.742581
0.25,3,482.755369
-0.25,2,482.761263
-0.25,2,482.766777
9.5,16,482.81373
3.0,14,482.856993
4.25,11,482.886219
-0.25,2,482.891899
6.75,16,482.934559
10.0,16,482.98056
0.75,1,482.984032
13.0,18,483.039131
10.75,17,483.086141
9.0,18,483.13613
9.75,28,483.211274
0.75,1,483.214702
8.0,16,483.259403
10.0,18,483.30797
8.25,13,483.343666
-0.25,2,483.349381
8.5,17,483.405729
-0.75,1,483.410923
10.0,20,483.82857
0.75,4,483.840642
-3.25,5,483.854513
8.5,17,483.914406
12.5,25,484.003841
13.0,24,484.080661
3.5,15,484.118015
25.0,43,484.227551
5.75,14,484.260587
-2.25,4,484.269698
0.75,4,484.280669
7.5,15,484.320241
0.25,15,484.356423
7.25,17,484.397864
12.5,14,484.434865
-5.5,17,484.476757
7.75,18,484.519314
2.25,4,484.529233
14.5,20,484.580588
1.75,3,484.589257
0.75,1,484.592007
0.75,1,484.595179
2.25,6,484.62003
10.75,22,484.700531
9.5,19,484.760528
10.75,16,484.812425
0.75,1,484.815821
12.75,22,484.904953
3.75,10,484.941216
-0.75,1,484.945969
10.5,21,485.009985
21.0,42,485.129685
2.25,4,485.141279
13.0,16,485.188937
8.75,20,485.24559
3.75,16,485.289272
-0.25,2,485.294636
3.25,9,485.318146
9.0,18,485.700588
7.0,12,485.73544
7.25,14,485.772375
-3.25,5,485.785424
2.25,4,485.795587
12.0,24,485.855075
0.75,1,485.85808
5.25,13,485.891517
-3.75,10,485.918518
0.75,1,485.921365
0.25,3,485.931092
-0.25,2,485.936902
11.0,21,485.995943
8.75,10,486.023575
0.75,1,486.027141
-0.75,1,486.029978
12.5,24,486.091669
9.25,21,486.143234
9.0,18,486.187308
3.25,6,486.202366
0.75,1,486.205096
8.5,13,486.246101
11.5,21,486.304295
12.5,25,486.372432
5.75,14,486.411666
9.0,18,486.458306
7.0,14,486.495668
7.25,11,486.525195
3.75,19,486.574702
-5.5,17,486.618149
6.5,13,486.652204
5.75,17,486.694547
0.75,1,486.697417
-0.75,1,486.700059
2.75,17,486.740395
16.5,18,486.783155
10.5,21,486.83455
-0.75,1,486.837362
12.25,23,486.896854
10.0,19,486.948205
7.5,15,486.986674
-0.75,1,486.98967
1.75,6,487.32809
13.75,25,487.389368
0.75,1,487.392109
4.75,10,487.418245
3.25,9,487.440889
9.0,18,487.488194
2.75,5,487.503236
0.75,4,487.51534
13.25,27,487.596347
-0.75,1,487.600605
1.25,5,487.619476
6.25,18,487.685224
10.75,24,487.766793
15.5,28,487.841714
-0.75,1,487.844633
0.75,1,487.84766
0.75,1,487.850385
-0.25,2,487.855886
-0.25,2,487.861234
-0.75,1,487.864176
28.5,42,487.997838
13.75,16,488.044241
0.75,1,488.049073
0.75,1,488.053358
8.75,16,488.092375
0.75,1,488.095083
2.75,8,488.115873
-0.25,2,488.121407
0.75,1,488.124258
-0.75,1,488.127195
-0.25,2,488.132722
7.25,17,488.175685
8.0,16,488.218102
2.75,3,488.226166
7.0,14,488.264338
0.75,1,488.267676
5.25,10,488.295764
0.75,1,488.298759
0.75,1,488.302173
3.75,7,488.328249
-0.75,1,488.331628
-0.25,2,488.338149
0.75,4,488.349609
-0.25,2,488.355216
3.25,9,488.378623
0.75,1,488.381571
10.75,16,488.42503
0.75,1,488.42795
0.75,4,488.438167
0.75,1,488.440894
15.0,28,488.506739
0.75,1,488.509405
7.75,15,488.546439
7.0,13,488.57836
2.75,4,488.588235
0.75,1,488.591272
-0.25,2,488.597013
2.75,9,488.621874
10.25,18,488.673327
0.75,1,488.676596
0.75,1,488.679653
-0.75,1,488.682747
5.25,13,488.718774
0.75,13,488.750695
18.0,25,489.132993
4.25,11,489.160842
3.25,12,489.191092
3.25,9,489.212829
6.25,13,489.246956
-0.75,1,489.249888
12.5,25,489.31255
3.25,9,489.335282
8.25,17,489.378108
10.5,21,489.429874
4.25,11,489.457622
0.75,1,489.460456
12.0,19,489.506399
7.25,9,489.528877
7.25,16,489.570846
-0.25,2,489.576513
4.25,8,489.597686
3.75,10,489.625047
1.25,5,489.639203
31.5,48,489.768794
0.75,4,489.779659
1.25,5,489.793114
-0.75,1,489.795978
-0.25,2,489.801155
-0.75,1,489.804051
13.5,21,489.859991
7.25,17,489.904381
1.75,6,489.920352
-0.25,2,489.925778
12.25,17,489.971282
5.25,13,490.005628
8.25,19,490.054965
8.75,13,490.088466
0.75,6,490.104508
0.75,4,490.115071
0.75,4,490.125369
5.75,14,490.161365
6.75,12,490.192713
9.0,18,490.241159
13.25,24,490.299756
-0.25,2,490.305308
14.5,26,490.368876
0.75,1,490.371546
22.0,35,490.785744
0.75,1,490.788632
-0.75,1,490.791602
8.25,19,490.84512
-0.25,2,490.850501
-0.25,2,490.855813
5.75,14,490.890951
11.0,22,490.948275
-0.75,1,490.951396
2.25,7,490.97111
1.75,6,490.987783
0.25,6,491.004786
14.0,28,491.078884
7.25,15,491.117679
2.25,4,491.128322
-0.25,2,491.133757
-0.25,2,491.139211
0.75,1,491.142004
0.75,4,491.151637
-0.75,13,491.182735
-1.25,3,491.19042
12.75,26,491.258466
12.0,21,491.315644
-2.25,4,491.32819
9.5,19,491.381299
19.0,32,491.46455
0.25,3,491.472939
-0.75,1,491.47596
7.25,17,491.519715
6.25,15,491.559397
8.0,16,491.599579
4.75,12,491.631492
6.75,16,491.674381
12.0,19,491.727045
0.75,1,491.730392
7.75,18,491.784225
3.75,16,491.830111
-4.25,6,491.848547
3.25,9,491.87548
-0.25,8,491.899549
0.75,1,491.902902
0.75,1,491.906464
-0.75,4,491.918488
0.75,1,491.922178
9.25,19,491.977222
0.25,3,491.984922
0.75,1,491.987708
-5.5,17,492.032396
9.5,19,492.080916
0.75,1,492.083724
10.5,21,492.472879
20.25,29,492.550042
0.75,1,492.553181
8.5,17,492.599741
0.75,1,492.602971
-1.75,5,492.617782
5.75,11,492.647782
14.5,23,492.711904
12.5,23,492.777994
7.75,18,492.830947
-0.75,7,492.859328
7.75,14,492.898349
1.75,3,492.907595
15.0,21,492.96416
1.25,8,492.984775
15.75,23,493.045732
0.75,1,493.048919
-0.25,2,493.054576
0.75,4,493.065128
-0.25,2,493.070586
12.5,20,493.123112
2.75,8,493.145024
8.75,20,493.198482
5.75,11,493.228741
2.75,8,493.250609
0.75,1,493.253781
-0.75,1,493.256753
1.75,6,493.273428
8.75,20,493.324877
10.0,17,493.371194
0.25,3,493.379998
0.75,1,493.383006
0.25,6,493.399651
5.75,14,493.438173
12.75,24,493.497209
0.75,1,493.500014
-0.25,2,493.505403
0.75,1,493.508103
0.75,1,493.510619
7.25,17,493.552258
-2.25,4,493.562266
18.0,34,493.646363
0.75,1,493.648989
21.0,30,493.719628
-2.25,7,493.737165
0.75,13,493.768424
0.75,1,493.771194
1.75,6,493.785773
0.25,3,493.793264
-3.75,16,494.142948
0.75,1,494.145821
6.0,12,494.176325
-0.25,11,494.203192
-7.75,14,494.240421
10.5,30,494.315521
17.5,22,494.370209
0.75,1,494.372948
6.25,15,494.407288
-5.25,7,494.425037
0.75,1,494.428289
22.5,25,494.49924
6.25,15,494.540691
-0.25,2,494.547108
0.75,1,494.550813
-0.25,2,494.556862
9.25,18,494.626166
-1.25,3,494.636533
1.75,9,494.665812
-0.25,2,494.672633
4.75,12,494.70854
5.75,14,494.756282
11.75,26,494.840412
4.25,11,494.873096
19.0,28,494.946956
0.75,4,494.957582
0.75,1,494.96039
5.75,23,495.02023
0.75,1,495.02313
11.25,25,495.09211
0.75,4,495.110585
0.25,3,495.11988
-2.25,4,495.132762
0.75,1,495.136158
0.75,1,495.139984
1.25,5,495.155662
21.0,42,495.297934
0.75,1,495.301893
9.75,22,495.368763
12.0,24,495.43366
-0.25,5,495.447409
7.25,17,495.493402
-0.25,2,495.499169
8.0,16,495.539688
10.75,22,495.599123
0.75,1,495.967969
5.0,13,496.027559
0.75,1,496.031137
0.75,4,496.044742
-0.25,2,496.052234
7.0,14,496.097911
5.25,11,496.128941
-0.25,2,496.135188
0.75,1,496.13841
6.5,15,496.181097
13.0,17,496.228903
3.75,13,496.26478
1.75,6,496.281861
0.75,1,496.285022
-1.25,3,496.293459
4.25,11,496.323776
0.75,4,496.335423
-0.25,2,496.341467
1.75,6,496.358229
-0.75,1,496.361354
-0.25,2,496.367501
7.0,17,496.420022
9.5,14,496.462502
8.0,16,496.508116
5.75,14,496.545659
-0.75,13,496.580384
0.75,1,496.583362
1.75,6,496.599477
10.0,18,496.644117
28.5,42,496.749346
10.5,16,496.790926
13.75,16,496.83033
-2.75,12,496.860612
0.75,4,496.870749
2.25,7,496.890089
0.75,1,496.892887
-0.75,1,496.895714
-0.25,5,496.909092
13.5,14,496.945193
0.75,4,496.956193
8.75,23,497.011592
3.25,12,497.03828
0.75,1,497.041275
0.25,3,497.04933
6.25,15,497.085744
0.75,1,497.088855
0.25,6,497.104361
5.75,14,497.137357
-0.75,1,497.139889
7.75,21,497.192448
9.0,18,497.23725
18.5,37,497.32521
-2.25,10,497.664034
8.0,16,497.704615
0.75,1,497.707424
0.75,1,497.710211
9.0,18,497.75563
0.25,6,497.770371
0.75,1,497.772858
1.25,5,497.784514
1.25,5,497.795955
10.0,20,497.84431
1.25,5,497.859173
4.75,12,497.890464
0.75,1,497.893221
11.0,16,497.930498
8.5,17,497.976209
-1.75,5,497.989954
4.25,14,498.027647
-0.25,2,498.033184
4.25,11,498.061706
6.75,16,498.102781
21.5,34,498.191138
3.75,10,498.217577
10.5,17,498.262638
12.5,25,498.328368
21.5,34,498.416021
0.75,1,498.418959
13.5,20,498.470405
2.25,4,498.480781
0.75,1,498.483668
4.75,12,498.514946
2.25,4,498.525395
-0.25,2,498.53109
0.75,4,498.5414
7.25,14,498.57618
21.25,34,498.663228
0.75,1,498.666209
14.5,29,498.742049
9.5,19,498.790714
0.75,1,498.793684
8.25,17,498.838004
3.5,13,498.872627
9.0,18,498.918768
0.75,1,498.921372
-0.25,2,498.926331
10.0,17,498.96696
10.0,20,499.353305
3.25,12,499.384085
0.75,1,499.386972
9.5,18,499.43255
6.75,12,499.462669
14.5,20,499.512746
0.75,1,499.515526
5.25,13,499.548121
3.5,16,499.587831
-1.25,15,499.625532
8.75,18,499.672124
14.0,26,499.73893
14.5,29,499.813296
-0.75,1,499.816078
1.75,6,499.83187
8.0,14,499.868639
0.75,1,499.871562
-0.75,1,499.87445
10.25,23,499.932849
8.0,16,499.972544
5.75,14,500.008975
11.5,23,500.066171
5.25,13,500.099339
9.25,12,500.129877
-0.75,1,500.13303
-0.25,2,500.139174
5.25,13,500.171659
-1.25,3,500.179356
0.75,1,500.182142
-1.25,3,500.18983
7.75,11,500.219401
9.5,19,500.267748
4.75,12,500.297824
6.75,16,500.337557
7.75,18,500.380309
6.75,16,500.41676
2.25,4,500.426551
0.25,3,500.434307
6.25,15,500.472454
-0.75,1,500.47539
21.5,34,500.561709
18.0,34,500.955635
6.25,15,500.993449
14.0,16,501.033157
-0.25,2,501.038488
0.75,1,501.041266
6.25,12,501.071973
-0.75,1,501.074777
5.25,13,501.106842
7.25,17,501.148054
0.75,3,501.15541
1.75,6,501.169531
2.25,7,501.186121
15.0,24,501.245893
4.75,12,501.279326
3.25,15,501.319129
-0.25,2,501.32513
8.5,17,501.368588
15.5,43,501.478893
2.75,8,501.499446
0.75,1,501.502392
-0.25,2,501.507679
3.5,15,501.54657
4.75,12,501.576469
1.75,3,501.584313
0.25,3,501.591605
9.0,18,501.635148
9.25,19,501.684681
7.0,14,501.719334
-0.25,5,501.732986
3.25,12,501.763186
0.75,1,501.765939
10.75,24,501.824933
-1.25,3,501.833141
8.0,22,501.890056
8.75,17,501.936158
-1.75,8,501.957151
0.75,1,501.960129
-9.25,11,501.990153
2.25,13,502.023748
-0.75,1,502.026748
2.75,11,502.053828
13.5,24,502.11973
10.0,20,502.169736
0.25,3,502.177764
-0.25,2,502.182928
-0.25,2,502.188676
5.75,14,502.226019
0.75,1,502.228881
0.25,12,502.572821
7.0,14,502.607865
10.5,21,502.659471
14.0,28,502.728996
12.5,22,502.784167
5.25,9,502.806842
9.0,18,502.851226
8.0,16,502.892477
1.75,9,502.915232
-0.75,1,502.918001
10.25,17,502.961452
-0.25,2,502.967463
6.5,15,503.011184
2.25,7,503.029547
0.75,1,503.032398
8.5,16,503.073225
-0.25,2,503.078756
0.75,1,503.081652
-2.25,4,503.092124
12.5,25,503.157645
13.75,16,503.196879
0.75,1,503.199695
6.75,13,503.233284
0.25,3,503.241248
0.75,1,503.24402
-0.25,2,503.249833
-0.75,1,503.252731
6.25,15,503.293469
0.25,3,503.301606
2.75,5,503.314641
13.5,19,503.369627
-1.25,3,503.379643
7.0,14,503.425197
7.0,19,503.481406
0.75,1,503.484332
-0.25,2,503.489981
0.75,13,503.524405
18.5,19,503.576362
0.75,1,503.579211
6.25,15,503.621249
-4.25,6,503.638298
-0.25,2,503.643483
13.0,26,503.711619
0.75,1,503.714647
0.75,1,503.717329
4.75,12,503.748213
12.5,19,503.795838
10.0,20,503.848253
-1.25,3,503.856377
-0.75,1,503.859475
0.75,1,503.862661
-0.25,2,503.868208
6.75,16,504.304315
1.25,11,504.339633
-0.25,2,504.346648
2.5,17,504.396465
4.75,12,504.427832
9.0,18,504.478096
12.5,14,504.516564
0.75,1,504.519981
0.25,3,504.52841
0.75,1,504.531412
20.75,30,504.61177
3.5,16,504.653624
0.75,1,504.656991
9.25,21,504.713093
10.0,14,504.751154
0.75,1,504.754199
0.75,1,504.75721
8.75,20,504.813706
8.75,18,504.86252
11.25,19,504.935092
1.25,5,504.958296
7.25,17,505.024519
4.75,18,505.080439
1.25,5,505.093608
10.0,20,505.144228
-4.25,6,505.160855
-4.75,5,505.174211
8.25,19,505.228462
9.0,18,505.280329
4.75,12,505.31301
8.75,11,505.342249
0.75,4,505.353889
-0.75,1,505.356851
5.25,13,505.393714
6.75,16,505.437027
15.0,18,505.485197
13.5,33,505.583553
0.75,1,505.58691
6.75,16,505.629086
-0.25,2,505.634151
9.0,18,505.678362
6.25,15,505.718083
21.0,30,506.143717
5.25,13,506.177101
6.25,15,506.2144
-2.25,4,506.225112
0.75,1,506.22845
-0.25,14,506.266369
12.5,25,506.329491
14.0,28,506.398846
17.0,34,506.486754
4.75,12,506.51921
-0.25,2,506.524623
7.0,12,506.556284
6.25,15,506.595272
0.75,4,506.606553
8.25,19,506.656607
17.0,26,506.7296
-0.25,2,506.735678
1.75,6,506.752511
-0.25,2,506.757905
5.25,13,506.789667
0.75,4,506.799733
7.75,16,506.848842
0.75,4,506.862171
-0.25,2,506.867673
-6.25,8,506.890162
9.5,19,506.944053
2.25,4,506.961225
0.75,1,506.964591
-0.25,2,506.970676
2.25,7,506.989722
0.75,1,506.992725
9.5,19,507.05364
9.75,14,507.097631
11.75,32,507.193597
7.25,17,507.243172
8.0,16,507.285
13.5,33,507.388513
6.0,12,507.423363
-1.25,3,507.431772
9.0,17,507.478906
12.5,25,507.863705
0.75,1,507.866393
11.5,23,507.928639
-0.25,2,507.935945
13.0,19,508.001034
15.0,21,508.065444
-0.25,2,508.07075
0.75,1,508.073468
10.75,24,508.139938
-1.25,3,508.151105
8.25,19,508.211075
7.25,17,508.26854
2.25,7,508.287869
0.75,1,508.290824
0.75,1,508.293909
-0.25,2,508.299623
8.0,16,508.343508
8.0,16,508.39152
10.0,20,508.446381
5.0,13,508.481145
15.5,29,508.557887
4.75,18,508.604317
0.25,3,508.612298
11.0,20,508.660793
19.0,28,508.729158
5.75,14,508.768978
0.75,1,508.772075
0.75,1,508.774921
11.0,22,508.834381
12.5,25,508.896813
10.5,21,508.950931
11.25,22,509.005389
0.75,1,509.008062
-0.25,2,509.013211
-2.75,15,509.056505
0.75,4,509.067645
2.75,16,509.111526
14.5,21,509.168317
0.75,1,509.171458
-6.25,8,509.194203
0.75,1,509.197479
3.5,21,509.262137
7.75,18,509.645999
2.75,8,509.667808
-0.75,1,509.671058
8.0,16,509.714377
14.0,24,509.778501
-0.75,1,509.781184
3.75,10,509.806231
0.75,1,509.809034
13.0,16,509.851687
3.25,9,509.876096
8.5,17,509.921504
0.75,1,509.924598
2.25,7,509.94433
-0.25,2,509.950519
12.5,19,510.004304
10.5,16,510.04986
7.25,17,510.097266
0.75,1,510.100064
4.25,11,510.128414
11.0,22,510.189532
3.5,21,510.252046
-4.25,15,510.297966
10.0,20,510.353846
8.75,18,510.402232
7.5,15,510.441242
0.75,1,510.44398
-0.75,1,510.446874
0.75,1,510.449735
0.75,1,510.452426
0.75,1,510.455222
11.0,21,510.512838
-0.25,2,510.518372
2.25,4,510.529461
4.0,14,510.56711
1.75,3,510.575426
11.0,18,510.620609
-0.25,2,510.62581
16.0,24,510.681726
3.75,10,510.705403
-2.25,4,510.714733
1.25,5,510.727683
-1.25,3,510.735883
0.75,1,510.738696
10.0,20,510.786402
0.75,1,510.789068
-0.25,2,510.793726
18.5,32,510.889851
-0.25,2,510.896734
10.5,19,510.952519
-0.75,1,510.95556
15.25,19,511.004486
9.0,18,511.424605
1.25,5,511.44532
0.75,1,511.449725
10.25,23,511.527224
0.75,1,511.530414
4.0,17,511.578567
9.5,17,511.633498
18.75,38,511.738305
0.75,1,511.7415
0.75,1,511.744328
0.75,1,511.74727
2.25,13,511.78146
8.75,14,511.818057
7.25,17,511.871844
-0.25,14,511.915917
0.25,3,511.924936
0.75,1,511.928653
8.75,14,511.972957
0.75,1,511.976477
10.5,15,512.01762
2.75,5,512.03139
5.75,12,512.069131
6.75,16,512.11789
-0.25,2,512.123776
-0.25,2,512.129603
12.5,25,512.198883
6.75,16,512.24266
8.0,16,512.286388
-0.25,2,512.292766
1.75,15,512.335072
10.5,12,512.36987
-1.25,3,512.380046
0.75,1,512.383424
12.0,18,512.437306
6.5,13,512.475839
8.0,14,512.515004
16.5,22,512.571789
18.5,22,512.629483
10.0,29,512.711793
21.5,34,512.80832
6.75,16,512.849552
9.0,18,513.261116
3.0,33,513.356084
-2.25,4,513.367379
-0.25,2,513.373263
3.25,6,513.390558
17.5,29,513.465291
11.5,23,513.529236
1.75,9,513.55557
9.75,16,513.599986
0.75,1,513.603177
14.5,23,513.667775
-5.75,12,513.700857
-1.25,3,513.708658
13.5,17,513.752957
5.75,14,513.789745
7.25,14,513.824901
10.5,21,513.879085
0.25,3,513.887393
4.75,12,513.917407
15.5,29,513.988585
10.5,21,514.049877
4.25,11,514.086634
0.75,1,514.089626
-3.25,5,514.10311
-0.25,2,514.108606
7.25,17,514.160648
-0.75,1,514.164396
11.5,18,514.214562
1.25,5,514.229385
1.75,4,514.240002
6.25,15,514.281063
0.75,4,514.291818
6.25,12,514.325354
-10.25,15,514.369536
5.25,13,514.406898
4.75,12,514.436356
8.0,25,514.50164
13.5,27,514.568396
7.25,17,514.633238
8.5,16,515.198149
-0.25,2,515.204768
-0.75,1,515.208277
12.0,19,515.278046
7.75,15,515.329212
0.75,1,515.332725
8.0,16,515.393593
8.75,20,515.461339
9.5,19,515.528098
-0.75,1,515.531815
7.25,17,515.592972
9.5,19,515.663263
6.25,15,515.709171
-0.75,1,515.712137
-2.25,9,515.738839
5.25,13,515.780545
2.75,8,515.807598
0.25,3,515.817226
0.75,1,515.820418
0.75,4,515.833163
-10.25,15,515.877283
15.5,25,515.948581
13.5,21,516.005958
0.75,1,516.009076
7.75,15,516.049582
12.5,23,516.109174
2.75,8,516.130372
-0.75,1,516.133208
12.5,25,516.197566
9.5,16,516.24267
2.25,7,516.261358
-2.25,4,516.272458
14.5,26,516.338894
15.5,28,516.415583
12.5,24,516.486069
2.75,4,516.497539
6.25,12,516.532489
0.75,1,516.535639
14.0,28,516.613069
5.0,16,516.658022
1.75,6,516.677184
9.0,18,517.082118
2.75,14,517.118992
10.75,22,517.174139
13.5,23,517.236345
10.0,17,517.283406
9.0,24,517.349658
10.0,20,517.401971
25.5,36,517.494543
7.25,17,517.538351
11.25,20,517.589559
13.25,19,517.6354
-0.25,2,517.640928
-0.25,2,517.646296
5.25,13,517.679706
-0.75,1,517.682577
-0.25,7,517.700722
5.25,13,517.733231
0.75,1,517.736159
0.25,6,517.751212
-0.25,2,517.756344
14.5,20,517.805376
0.75,1,517.808234
0.75,1,517.811447
3.25,15,517.853433
8.25,19,517.913039
11.25,23,517.985425
6.25,15,518.027953
0.75,4,518.038257
5.75,14,518.073029
14.0,28,518.142531
0.75,1,518.145281
7.75,18,518.189539
0.75,4,518.199354
-0.25,2,518.204072
8.5,17,518.250173
0.75,4,518.261245
2.25,7,518.278715
0.25,3,518.286753
2.75,8,518.309493
11.0,20,518.366056
8.25,16,518.40642
6.75,22,518.777427
3.25,12,518.809466
8.75,18,518.861265
6.0,16,518.902437
6.25,12,518.934026
0.75,1,518.936513
9.5,18,518.983321
-0.25,2,518.988732
6.75,16,519.029997
8.25,22,519.085913
7.25,17,519.129507
14.0,28,519.201751
3.25,9,519.226101
-2.25,16,519.267568
1.75,6,519.282981
-4.25,6,519.297953
0.75,1,519.300498
5.25,13,519.331662
-6.25,14,519.366216
0.75,1,519.368982
3.75,10,519.393669
0.75,1,519.396632
10.25,14,519.430979
0.75,1,519.433723
12.5,25,519.495706
8.75,15,519.531193
9.0,18,519.575263
9.25,21,519.628347
3.75,10,519.652983
28.5,42,519.758162
15.5,31,519.837744
2.75,8,519.857979
13.5,24,519.913873
16.0,24,519.973353
-4.25,6,519.987969
5.75,14,520.337428
0.75,1,520.340441
-0.75,1,520.343324
3.75,19,520.393261
0.25,3,520.401551
0.75,1,520.404426
-0.25,2,520.409773
-2.25,4,520.419973
7.25,13,520.451942
0.75,1,520.454729
0.75,1,520.45744
3.75,10,520.482972
0.75,1,520.485789
14.5,29,520.556752
-0.25,2,520.56221
16.0,30,520.639014
12.5,22,520.695549
0.75,1,520.698576
0.75,1,520.701488
-0.75,1,520.704872
3.25,9,520.728413
2.75,8,520.74895
-0.75,1,520.751906
0.75,1,520.754794
-2.25,4,520.765557
8.75,20,520.816782
17.5,35,520.905174
-3.25,14,520.94083
6.75,12,520.97061
26.0,33,521.053321
9.75,14,521.093123
17.0,34,521.17735
6.75,18,521.222994
14.5,29,521.297207
0.25,3,521.305155
0.75,1,521.307858
1.75,3,521.315883
0.75,1,521.318659
6.25,24,521.378376
0.75,1,521.381317
1.75,3,521.389612
0.25,3,521.397429
14.5,24,521.457652
6.25,15,521.495203
-0.75,1,521.497991
12.5,25,521.561207
5.25,13,521.592731
14.25,26,521.97046
3.75,10,521.993454
9.5,16,522.032192
7.75,18,522.078591
12.5,23,522.136746
0.75,4,522.146352
3.25,9,522.170544
13.5,21,522.226146
-0.25,2,522.231809
13.0,26,522.298151
-1.75,14,522.33521
6.75,16,522.375413
7.5,18,522.422849
2.25,13,522.455688
4.75,12,522.485724
-0.25,2,522.490965
-1.25,3,522.498858
19.0,28,522.566491
5.25,13,522.597492
-0.75,1,522.60012
8.5,17,522.642589
14.5,23,522.699792
7.25,14,522.734693
-0.25,2,522.740085
-0.25,2,522.745152
-0.75,1,522.747885
7.25,13,522.782032
0.75,1,522.784794
1.75,3,522.792526
5.25,13,522.824817
0.75,1,522.82763
1.25,5,522.841735
1.25,5,522.854426
3.75,10,522.880503
14.5,23,522.936146
-0.25,12,522.965981
10.25,12,522.994948
17.0,25,523.055417
4.25,11,523.082312
0.75,1,523.084815
6.25,18,523.12914
-0.75,1,523.131985
13.5,23,523.18859
0.75,4,523.198786
-0.25,2,523.204061
11.25,23,523.564462
1.75,6,523.578848
13.75,22,523.633194
-0.25,2,523.638367
-0.75,1,523.641109
9.75,15,523.678507
0.75,1,523.681224
10.0,20,523.728747
8.25,19,523.776534
2.25,7,523.794624
-0.25,2,523.799767
10.25,19,523.848645
-0.25,2,523.854085
6.25,15,523.892468
0.75,10,523.917783
17.5,32,524.000338
-0.75,1,524.003276
-0.75,1,524.00657
7.25,17,524.05331
7.75,16,524.095762
0.75,1,524.098868
0.75,1,524.10215
-0.25,2,524.10771
21.5,34,524.193396
7.75,10,524.215981
0.75,1,524.218493
-0.25,2,524.224123
12.5,25,524.310984
11.5,23,524.390202
0.25,3,524.400155
-0.75,1,524.40398
-0.25,2,524.409815
8.5,15,524.44786
8.0,16,524.48729
-0.25,2,524.491841
5.75,14,524.527373
0.75,1,524.530173
4.25,11,524.55849
1.25,5,524.570912
-2.25,4,524.581287
2.25,13,524.61411
-0.75,1,524.616964
2.25,7,524.63552
1.75,6,524.651175
0.75,1,524.653977
8.25,18,524.69648
14.5,26,524.759526
-0.25,2,524.764888
10.0,19,524.811742
2.25,7,524.828228
7.75,18,524.875274
0.75,1,524.878104
-0.25,2,524.883498
-0.25,11,525.216466
10.25,15,525.256138
9.0,18,525.301786
3.75,6,525.317246
0.75,1,525.32009
12.0,18,525.364393
-0.25,2,525.369684
0.75,1,525.37235
8.25,19,525.41949
3.75,10,525.444639
4.75,12,525.475676
7.25,15,525.513609
0.25,3,525.521599
0.75,1,525.524581
7.25,13,525.559438
4.25,9,525.584068
5.25,16,525.626478
10.0,16,525.667632
0.75,1,525.67068
5.25,13,525.702844
14.5,23,525.759423
15.0,28,525.830842
12.5,23,525.888462
-0.75,1,525.891345
10.5,21,525.943316
15.0,39,526.038701
15.5,30,526.114907
-1.25,3,526.123012
8.75,19,526.172191
3.75,4,526.182879
0.25,3,526.190969
10.25,23,526.250779
7.25,17,526.29406
9.75,20,526.344178
6.75,16,526.383763
0.75,1,526.386461
0.75,1,526.389307
0.75,1,526.392311
6.25,15,526.430919
0.75,1,526.433609
11.75,26,526.800108
1.75,6,526.815393
0.25,3,526.823435
-7.25,12,526.854728
10.5,21,526.908246
12.0,16,526.947445
1.75,3,526.954933
4.25,20,527.006295
12.5,25,527.070254
8.25,18,527.116999
4.75,12,527.148438
7.75,15,527.186963
13.0,19,527.236565
8.75,11,527.264812
0.75,1,527.267949
1.75,21,527.321709
-0.75,1,527.324527
7.25,17,527.366179
8.5,23,527.42204
6.75,16,527.458212
6.75,16,527.494786
6.25,15,527.532787
-0.25,2,527.538299
-0.75,1,527.541095
9.25,21,527.593514
0.75,7,527.610995
5.75,11,527.639214
0.75,1,527.642105
6.0,12,527.671616
1.75,6,527.686789
6.75,14,527.719108
14.5,21,527.771766
10.5,21,527.823298
7.75,16,527.864214
16.75,36,527.949997
6.5,13,527.981551
-0.25,8,528.001889
6.75,16,528.042866
1.25,5,528.056005
18.0,25,528.452683
7.25,17,528.495811
10.0,19,528.542252
0.75,4,528.551468
7.25,17,528.590845
-0.25,2,528.596449
-0.75,19,528.640576
7.75,16,528.678166
-3.25,5,528.690104
9.25,15,528.72925
6.75,12,528.760764
1.25,8,528.781217
0.75,1,528.783944
9.5,19,528.833271
-0.25,2,528.840534
0.75,4,528.851041
-8.5,16,528.892149
9.75,12,528.923249
5.25,11,528.951019
16.0,30,529.023453
0.75,1,529.026349
-0.25,2,529.032092
8.25,19,529.078576
0.25,3,529.085728
4.25,11,529.110966
7.5,15,529.145653
14.5,20,529.195472
12.75,23,529.253131
5.75,11,529.281403
13.25,31,529.359542
-0.25,5,529.372215
4.75,12,529.401621
-6.75,13,529.431425
-1.25,3,529.439136
-0.75,4,529.449533
8.25,19,529.493924
-0.25,2,529.498977
8.5,17,529.539062
17.0,26,529.605884
17.5,32,529.998833
0.25,3,530.007241
0.75,1,530.010063
5.75,14,530.046007
11.75,16,530.085929
1.25,5,530.097718
0.75,1,530.10038
-2.5,18,530.145264
8.25,19,530.18881
9.5,19,530.238309
-0.75,1,530.242881
12.5,22,530.299389
0.25,3,530.307496
18.5,19,530.360071
8.25,19,530.409912
14.5,29,530.483397
8.0,16,530.522089
-0.75,1,530.524867
-4.75,14,530.562442
3.25,9,530.586033
7.25,14,530.620686
0.75,1,530.623432
5.75,14,530.655761
14.0,16,530.694168
0.75,1,530.697001
-0.25,2,530.701793
7.25,17,530.742348
5.25,13,530.772363
3.25,15,530.808497
0.75,1,530.811064
0.75,1,530.813719
10.5,15,530.85006
9.75,22,530.902564
-0.75,1,530.905257
-0.25,2,530.90991
-0.25,2,530.914793
2.25,7,530.931677
-0.25,2,530.936822
-0.75,1,530.939545
10.5,21,530.988177
5.25,13,531.017906
0.75,1,531.020602
8.0,16,531.061918
7.5,15,531.099406
-0.25,2,531.104725
0.75,1,531.107789
0.75,1,531.110543
0.75,1,531.113512
-0.25,2,531.118839
0.75,1,531.121755
0.25,3,531.129669
7.25,15,531.165479
12.5,24,531.22574
0.75,1,531.228506
0.75,1,531.231355
10.0,17,531.599097
1.25,5,531.611964
6.25,15,531.646786
-0.75,1,531.649421
-0.25,2,531.654376
-0.75,1,531.656934
16.5,26,531.717338
8.0,16,531.758388
3.25,6,531.77393
11.5,26,531.841409
-0.75,1,531.844412
13.25,21,531.898679
-0.25,2,531.904588
7.25,17,531.949149
3.25,9,531.972417
15.25,18,532.01835
9.25,16,532.057207
3.75,9,532.079521
16.5,18,532.122015
-0.25,2,532.12657
0.75,1,532.129354
2.75,8,532.14868
13.25,29,532.219268
10.0,20,532.267599
13.0,26,532.328093
0.75,1,532.331023
10.5,16,532.372375
12.5,25,532.433028
0.75,1,532.435587
5.25,13,532.468487
0.75,4,532.479289
-0.75,1,532.482254
6.25,12,532.511528
2.25,7,532.530084
0.75,1,532.533071
8.75,20,532.585464
10.0,20,532.633631
8.25,19,532.680789
2.75,8,532.701314
6.5,13,532.730378
5.25,13,532.762296
3.75,4,532.772118
0.75,1,532.774786
10.5,21,532.825663
0.25,3,532.834009
0.25,3,532.842696
0.75,4,532.852877
-0.75,1,532.855769
12.25,27,533.236445
11.25,27,533.307655
2.25,4,533.319859
0.75,1,533.322792
0.75,1,533.325667
8.25,17,533.369752
6.5,13,533.404709
-2.25,4,533.415978
0.75,4,533.426395
0.75,1,533.429232
9.75,17,533.473393
10.0,20,533.524784
-2.25,10,533.550373
10.0,19,533.59487
11.0,22,533.650111
0.75,1,533.652936
16.0,30,533.725693
0.75,1,533.728214
5.75,14,533.761995
2.25,5,533.776595
16.5,26,533.840388
11.75,26,533.903306
7.0,14,533.936386
42.0,51,534.057348
0.25,3,534.064685
-0.75,1,534.067383
-2.5,18,534.107497
0.75,13,534.139715
0.75,1,534.142519
7.25,11,534.169272
0.75,1,534.17203
0.75,1,534.174721
1.75,3,534.182063
-0.25,2,534.18702
2.25,7,534.203511
10.0,17,534.245706
11.75,23,534.305092
-2.25,4,534.314515
1.75,6,534.328436
0.75,1,534.331091
-0.75,1,534.334107
1.75,3,534.342184
16.5,33,534.424725
8.25,16,534.773437
0.75,1,534.776228
3.25,9,534.797506
10.5,21,534.850873
0.75,1,534.853983
21.5,29,534.936274
3.25,9,534.966122
3.25,15,535.023395
10.5,16,535.072468
0.75,1,535.075566
3.75,10,535.106184
6.25,12,535.141397
17.75,28,535.217832
0.75,1,535.220975
-0.25,2,535.226771
6.75,16,535.276374
0.75,1,535.28
10.0,17,535.334551
3.25,6,535.354596
0.75,1,535.358425
4.75,14,535.400196
6.25,21,535.453544
12.5,22,535.509519
-0.75,1,535.512474
5.25,13,535.549067
13.0,17,535.595158
38.0,49,535.722002
25.0,43,535.845039
-0.75,1,535.848545
8.75,20,535.918626
-0.75,1,535.921919
-0.25,2,535.928288
1.75,3,535.938652
19.5,39,536.06538
-0.75,1,536.069264
-0.75,1,536.073418
6.75,16,536.122303
0.75,4,536.133647
10.0,20,536.185912
0.25,18,536.231567
0.75,1,536.234551
9.0,24,536.639847
-0.25,2,536.646139
4.75,12,536.681772
1.75,3,536.691474
2.75,17,536.737085
-0.75,1,536.740092
0.75,1,536.743091
10.0,19,536.79337
13.0,18,536.841849
-2.25,4,536.853482
7.5,15,536.898111
-3.25,5,536.914104
0.75,1,536.91734
0.75,4,536.928903
2.25,4,536.940416
-3.25,5,536.959118
0.75,1,536.962051
5.5,17,537.008719
12.5,25,537.074909
2.75,8,537.096399
4.25,23,537.158417
-1.25,3,537.166654
0.75,1,537.169772
2.75,8,537.191947
6.75,16,537.238152
6.25,13,537.27612
0.75,1,537.279159
-0.25,2,537.284788
11.5,21,537.339424
-13.25,15,537.380139
11.0,15,537.419693
-0.25,2,537.425185
17.5,29,537.496435
13.0,19,537.541755
0.75,1,537.544252
8.25,17,537.586968
18.0,34,537.671813
0.75,1,537.674546
3.25,9,537.695983
23.0,23,537.75163
7.25,14,537.786776
6.75,16,537.822413
8.5,17,537.865653
-0.75,1,537.868399
-0.25,2,537.873454
9.5,19,537.921966
2.25,7,537.939434
1.75,6,538.266157
15.0,24,538.328378
0.75,4,538.338979
1.75,6,538.354657
9.0,18,538.401002
7.25,17,538.443683
0.75,1,538.446618
9.5,19,538.495027
-3.25,5,538.507634
1.75,6,538.523475
0.25,3,538.531244
0.75,4,538.541367
-0.25,2,538.54657
17.25,27,538.611767
0.75,1,538.614513
1.25,5,538.626312
-8.5,16,538.662575
1.75,4,538.672254
-0.75,1,538.67519
4.25,11,538.703438
-0.75,1,538.70627
0.25,3,538.713785
7.5,15,538.747453
5.0,12,538.777247
0.75,1,538.780071
4.75,14,538.814543
-0.75,1,538.817169
1.25,5,538.830295
-2.75,3,538.838194
2.25,7,538.85651
7.0,19,538.903029
0.75,1,538.905731
-0.75,1,538.908469
-0.75,1,538.911305
12.0,24,538.974626
0.75,1,538.977516
1.25,5,538.990657
3.75,10,539.016418
5.75,12,539.046876
0.75,1,539.049774
-0.25,2,539.055292
0.25,3,539.063325
1.75,6,539.077144
-0.25,2,539.082309
-0.75,1,539.085227
0.75,1,539.088256
-0.25,2,539.093986
7.5,15,539.133847
0.75,1,539.136685
12.0,24,539.200894
27.0,46,539.322575
0.75,1,539.325534
9.75,19,539.378077
0.75,1,539.381036
6.75,16,539.425465
0.25,3,539.433412
11.5,23,539.495748
3.25,12,539.527812
-2.25,16,539.56638
15.5,30,539.945712
-1.25,3,539.953919
11.5,21,540.00792
8.0,16,540.048894
0.75,1,540.051769
16.0,24,540.112099
9.5,19,540.158488
15.0,28,540.22465
11.5,23,540.283162
6.25,12,540.31094
7.75,18,540.351346
0.75,1,540.354293
0.75,1,540.357116
1.25,8,540.376836
0.75,4,540.385893
9.5,19,540.43357
0.75,1,540.436505
0.75,1,540.439285
10.0,19,540.485786
0.75,1,540.488878
-0.75,1,540.491921
0.75,1,540.494718
-1.25,3,540.502917
6.0,12,540.533281
0.75,1,540.536109
10.0,18,540.579448
8.75,20,540.630386
-1.75,11,540.657167
12.5,22,540.710699
5.75,14,540.742603
-0.75,1,540.745313
-0.25,2,540.750491
3.75,10,540.773291
0.75,1,540.776047
0.25,3,540.783602
1.75,4,540.793987
10.25,20,540.842537
0.75,1,540.845544
8.25,19,540.89353
-0.75,1,540.89622
0.25,3,540.903563
0.75,1,540.906186
2.25,7,540.924353
1.75,3,540.932579
-0.75,1,540.935433
-4.75,8,540.95589
10.5,21,541.005222
-0.25,2,541.010561
-0.75,1,541.013473
-2.25,10,541.039254
1.75,6,541.053812
0.75,1,541.056587
3.25,21,541.110081
0.75,1,541.112924
5.75,14,541.148688
5.75,14,541.495195
12.0,21,541.553831
18.5,25,541.617972
5.75,17,541.661043
6.75,14,541.695258
0.75,1,541.698092
13.5,20,541.74468
-0.75,1,541.747385
-0.25,2,541.752439
12.5,24,541.810027
12.5,22,541.864791
0.75,1,541.867689
18.0,27,541.934109
4.75,12,541.962831
25.5,36,542.048227
10.25,23,542.103217
3.75,4,542.113714
5.25,13,542.145472
0.75,1,542.148026
0.75,1,542.150706
2.75,8,542.171031
0.75,1,542.174127
0.75,1,542.176879
3.75,6,542.191844
-0.25,2,542.197048
9.25,18,542.239747
24.0,46,542.349052
10.5,21,542.402753
0.25,3,542.411023
6.25,12,542.441193
13.25,23,542.496474
8.5,17,542.539027
0.75,1,542.541828
15.5,31,542.61889
-0.75,1,542.621584
6.75,16,542.659694
-2.25,4,542.669579
5.75,14,542.703439
6.25,15,543.044095
-3.25,5,543.057076
-4.25,6,543.072572
8.0,14,543.107627
16.0,24,543.165272
0.75,1,543.168063
18.0,18,543.212128
12.25,27,543.282682
-0.25,8,543.303229
31.5,48,543.4217
-2.25,4,543.431705
14.0,24,543.489656
7.0,14,543.523212
11.5,23,543.579004
7.5,15,543.61443
1.25,5,543.626827
7.75,15,543.663543
-0.75,1,543.666339
0.75,1,543.669103
7.25,13,543.6999
16.0,30,543.769593
0.25,3,543.776838
-0.25,2,543.781702
10.0,17,543.82286
5.25,13,543.858259
-0.25,2,543.863662
0.75,4,543.873762
0.75,1,543.876597
3.75,6,543.891241
0.75,1,543.894035
1.75,3,543.901417
0.75,1,543.904202
0.75,1,543.906965
22.0,42,544.008259
18.5,32,544.083102
22.5,25,544.141324
12.25,21,544.192378
4.25,8,544.21236
5.75,14,544.245499
5.75,11,544.272173
0.75,1,544.275026
-1.0,16,544.690809
14.5,24,544.752441
-0.75,1,544.75533
11.25,18,544.803261
-6.75,13,544.836484
6.75,16,544.877679
-0.75,1,544.880364
6.75,13,544.910658
0.75,1,544.913579
11.75,17,544.963084
8.25,19,545.01732
0.75,1,545.020649
-0.25,2,545.026662
0.75,1,545.030074
-0.75,1,545.033172
7.25,14,545.070584
2.25,7,545.089572
0.75,1,545.092565
18.0,18,545.14071
0.75,4,545.151457
0.25,3,545.159234
-0.75,1,545.1624
0.75,1,545.165236
16.5,33,545.255599
0.75,1,545.260298
0.75,4,545.275025
0.75,1,545.277896
0.25,3,545.286297
-0.25,2,545.29166
3.75,7,545.310384
0.75,4,545.320492
6.75,13,545.355171
24.0,46,545.471699
-0.75,1,545.474594
1.25,5,545.488281
0.75,1,545.491025
15.5,23,545.546556
-0.25,2,545.551786
-0.25,2,545.557267
-0.25,2,545.562545
-0.75,1,545.565204
-0.75,1,545.567665
-0.25,2,545.573443
-1.25,1,545.576427
0.75,1,545.579263
1.75,6,545.594265
-0.25,2,545.599534
0.75,1,545.602162
-0.25,2,545.607498
-0.75,1,545.610499
0.75,1,545.613472
11.75,21,545.665248
14.5,23,545.72079
0.75,4,545.730408
25.0,39,545.81956
0.75,1,545.822054
-0.75,1,545.824723
0.75,1,545.82732
-0.25,2,545.832206
14.5,21,545.884572
0.25,3,545.891652
0.75,1,545.894323
10.0,21,545.953138
0.25,3,545.961642
6.75,16,546.3323
0.75,1,546.335053
18.0,18,546.383448
5.25,10,546.409054
2.25,4,546.419247
9.25,18,546.463246
0.75,1,546.466089
-2.25,9,546.48895
6.5,13,546.520664
1.25,5,546.533679
1.25,5,546.548122
-1.25,3,546.556502
0.25,3,546.564332
6.5,13,546.599323
-0.75,1,546.602147
6.5,13,546.634701
1.25,5,546.6469
1.25,5,546.658743
3.75,10,546.683313
8.75,15,546.723038
-0.25,2,546.728141
1.75,3,546.735771
7.75,15,546.770216
2.75,8,546.788551
10.5,16,546.826779
3.75,10,546.852753
2.25,4,546.862873
18.5,26,546.926725
12.5,25,546.986435
-0.75,1,546.989168
-0.25,2,546.994276
1.75,6,547.007788
0.75,1,547.010854
-0.75,1,547.013837
0.25,3,547.021782
0.75,1,547.024753
18.5,25,547.085783
3.25,15,547.122957
0.75,1,547.125771
0.75,1,547.128586
0.75,1,547.131361
-0.75,1,547.13403
-0.25,2,547.139311
0.75,1,547.141969
1.75,5,547.154311
13.0,16,547.196933
5.75,13,547.231787
0.75,1,547.234901
-2.25,4,547.247229
8.75,20,547.300545
0.75,1,547.303423
6.25,15,547.342706
1.25,5,547.35629
0.75,1,547.359444
-0.75,1,547.362448
18.75,38,547.462462
10.0,20,547.516511
1.75,6,547.532487
10.0,17,547.573682
5.75,14,547.611939
5.75,11,547.979914
0.75,1,547.982979
13.75,25,548.045644
7.75,11,548.070904
14.0,24,548.129478
0.75,1,548.132053
0.75,1,548.134953
10.25,19,548.180772
5.25,10,548.208288
12.0,16,548.251291
4.25,11,548.279383
7.5,15,548.319455
6.75,13,548.352402
-1.75,8,548.372461
6.75,13,548.406484
10.25,23,548.467705
0.75,1,548.47063
15.5,43,548.585691
1.75,6,548.602911
-0.25,2,548.608753
-1.25,1,548.612275
7.25,15,548.653057
2.75,8,548.674532
5.75,17,548.72052
0.75,4,548.731989
-0.75,1,548.735005
-0.25,2,548.740992
6.0,16,548.784596
8.25,17,548.831061
0.25,3,548.839921
0.75,1,548.843712
-1.25,3,548.851542
0.25,3,548.859936
7.25,17,548.906209
10.0,19,548.956437
-0.25,2,548.961846
-0.25,2,548.967067
2.25,7,548.985682
1.75,6,549.001151
3.75,10,549.027112
0.75,4,549.038582
9.0,18,549.091839
0.75,1,549.096037
-0.75,1,549.099634
-0.75,1,549.103261
5.75,14,549.148034
10.5,21,549.21025
1.75,6,549.227189
0.75,4,549.238649
25.0,39,549.35035
1.25,5,549.793864
8.0,16,549.839258
18.0,18,549.890941
2.25,7,549.910857
-0.75,1,549.914504
-3.25,14,549.953905
4.75,12,549.9887
10.0,19,550.040681
12.0,24,550.108277
12.25,26,550.196915
0.25,3,550.207205
3.5,16,550.263041
8.75,23,550.324929
5.75,14,550.361466
7.0,14,550.407082
9.25,21,550.462155
1.25,5,550.476529
8.75,20,550.53491
-0.75,1,550.538703
10.25,12,550.577492
11.25,17,550.630729
-0.25,2,550.63655
0.75,1,550.640626
10.75,17,550.690031
4.75,12,550.726327
0.75,1,550.729491
15.0,21,550.789382
-0.75,1,550.792525
9.5,18,550.848414
1.75,6,550.865869
0.75,1,550.869626
2.25,4,550.883794
12.25,16,550.928676
6.75,13,550.965576
10.5,16,551.006122
0.75,1,551.009188
0.75,1,551.011978
13.0,16,551.051903
6.75,14,551.089781
0.75,1,551.093611
-0.75,1,551.099383
14.75,24,551.167352
-0.25,2,551.174346
9.5,17,551.231525
5.75,12,551.27744
-0.25,2,551.283682
-0.25,2,551.291376
0.75,1,551.295574
5.25,25,551.76776
-0.25,2,551.773601
0.75,1,551.776411
6.75,16,551.819184
-0.25,2,551.824883
-2.25,4,551.835726
1.25,8,551.859058
7.0,14,551.897869
16.0,24,551.962086
12.75,28,552.038257
2.75,8,552.062531
0.25,3,552.072192
16.0,24,552.142447
24.0,46,552.301814
2.75,8,552.340354
5.75,14,552.425223
1.75,6,552.455228
0.25,3,552.465577
15.5,31,552.556408
19.0,33,552.656573
1.75,3,552.666915
0.75,1,552.67066
8.0,16,552.724091
11.0,15,552.771193
7.5,15,552.819442
0.75,1,552.82315
7.25,17,552.879417
2.25,6,552.897159
0.75,1,552.900091
-2.25,4,552.913723
6.75,16,552.970932
2.25,7,552.996763
3.75,16,553.065967
5.25,13,553.11599
0.75,1,553.119697
15.5,25,553.214223
15.5,29,553.348038
-1.25,3,553.359601
3.25,6,553.381297
0.75,1,553.385366
5.75,20,553.977974
18.25,28,554.097153
-2.75,9,554.126091
2.25,7,554.150617
2.25,7,554.17847
5.75,14,554.24185
22.0,35,554.368306
2.25,7,554.394499
1.75,6,554.418112
-0.25,2,554.425589
-0.25,2,554.433061
1.75,6,554.453188
0.75,1,554.457938
13.0,21,554.526916
2.25,4,554.540918
12.5,25,554.628187
16.75,22,554.701509
10.5,16,554.753483
-0.75,1,554.757365
8.75,15,554.805692
4.25,11,554.837415
-0.25,2,554.843978
5.75,11,554.882223
7.25,16,554.936414
0.75,1,554.940076
-0.25,2,554.947033
18.25,36,555.068975
10.25,17,555.122922
0.75,1,555.126404
12.5,23,555.193784
0.75,1,555.197811
13.5,20,555.256737
-1.25,3,555.265463
0.25,3,555.275682
2.25,7,555.295618
7.0,12,555.330244
9.0,18,555.379178
9.0,18,555.439542
0.75,1,555.443358
-1.25,3,555.453721
12.5,22,555.535081
0.25,3,555.545932
2.25,7,555.567617
-0.25,2,555.576372
-0.25,2,555.585759
-1.25,6,555.611836
8.25,22,555.706689
0.75,1,555.711258
0.75,1,555.715153
5.25,13,556.108572
10.0,20,556.159671
2.25,13,556.192749
-0.25,2,556.198159
-0.25,2,556.20383
-0.25,2,556.210281
0.75,4,556.222441
0.75,1,556.226053
5.75,14,556.272993
0.75,1,556.277142
0.75,1,556.281125
10.0,20,556.347613
1.25,5,556.364376
-6.75,16,556.4176
-0.25,2,556.425179
15.0,25,556.510207
-5.25,7,556.532906
-0.75,1,556.53648
0.75,1,556.54011
8.5,17,556.586484
-3.75,4,556.597367
19.5,39,556.69784
4.75,8,556.719788
1.25,5,556.732944
0.75,1,556.735765
13.25,28,556.80694
6.75,16,556.845585
11.5,22,556.903417
8.75,11,556.937858
-1.25,3,556.948557
-0.75,1,556.952812
2.25,4,556.966215
25.5,36,557.086069
0.75,1,557.090087
-0.75,1,557.094095
8.25,16,557.149109
18.0,34,557.242846
0.75,1,557.246994
6.75,14,557.284509
2.75,3,557.29248
0.25,3,557.300349
5.75,14,557.348756
0.75,1,557.352167
5.75,11,557.396839
14.5,24,557.491252
-2.25,4,557.505546
0.25,3,557.516401
-2.75,6,557.537189
3.25,15,557.590864
0.75,1,557.595179
-0.25,2,557.602644
-3.25,5,557.624316
-0.25,2,557.632565
-0.25,2,557.640273
15.5,29,558.120437
3.75,10,558.148896
9.25,16,558.191311
1.25,14,558.231264
9.0,18,558.286172
12.0,24,558.36884
0.25,3,558.38063
0.25,3,558.391141
0.75,1,558.394867
9.75,14,558.449066
12.5,23,558.552322
7.25,14,558.602463
4.75,9,558.633236
0.75,1,558.637058
5.75,14,558.704082
-0.25,2,558.716133
0.75,1,558.722414
2.25,7,558.749449
3.75,4,558.76387
0.75,1,558.768022
12.0,18,558.842218
0.75,4,558.856841
26.5,40,558.984964
6.75,16,559.037293
-1.25,3,559.04761
-0.25,2,559.054873
2.75,14,559.110084
-0.75,1,559.114314
0.25,3,559.134312
18.0,27,559.230482
-0.25,2,559.239579
0.75,1,559.24578
1.25,5,559.265957
0.75,1,559.270393
-0.75,1,559.274975
-0.25,2,559.284335
1.75,6,559.309305
-0.25,2,559.31757
13.0,26,559.417879
-4.75,14,559.48175
-0.25,2,559.48928
-0.25,2,559.497285
6.5,13,559.547185
10.25,18,559.623538
9.5,19,559.740432
4.25,11,559.806279
6.0,18,559.878888
-0.75,1,559.882456
0.75,1,559.885941
-1.25,3,559.896779
4.5,15,559.943164
11.75,20,560.0032
6.75,15,560.442884
-0.25,2,560.449117
-1.25,3,560.45891
6.75,13,560.498019
0.75,1,560.501443
3.25,9,560.531007
12.75,24,560.613358
-0.25,2,560.619228
0.75,1,560.622473
0.75,1,560.625497
6.5,13,560.661452
-0.25,2,560.667324
0.75,1,560.670445
-1.25,1,560.673762
8.0,16,560.724714
-3.25,5,560.740443
14.0,24,560.80859
8.0,16,560.853815
-0.25,2,560.859634
-0.25,2,560.865126
8.25,19,560.91522
8.5,17,560.960463
18.5,26,561.035429
0.75,1,561.038767
0.75,4,561.050383
6.5,13,561.088698
-0.25,2,561.094895
8.25,16,561.145505
3.75,10,561.172604
5.75,14,561.211233
0.75,1,561.214282
8.25,19,561.273553
12.0,21,561.329501
21.0,31,561.409193
-1.25,3,561.417203
0.25,3,561.424897
3.75,16,561.46504
9.25,21,561.518236
10.0,19,561.565455
-0.75,1,561.568059
0.75,1,561.570788
-0.25,2,561.576527
5.25,13,561.609371
-0.25,2,561.614486
7.75,15,561.651853
3.25,9,561.674415
13.0,26,561.7397
12.5,22,561.795159
0.25,9,561.823249
2.75,14,562.226095
0.75,1,562.229269
-0.25,2,562.234459
13.0,26,562.305637
0.75,4,562.316445
6.25,12,562.34727
1.25,5,562.359964
0.75,4,562.371309
-0.25,2,562.377745
-0.5,17,562.428438
1.75,6,562.445705
21.0,31,562.53261
8.25,19,562.589678
14.5,29,562.710529
12.25,19,562.77436
3.25,9,562.802086
9.0,17,562.852286
4.75,12,562.887173
0.75,1,562.8902
7.25,14,562.927489
0.75,1,562.930915
-0.75,1,562.934378
0.75,4,562.945117
0.75,1,562.948351
-2.25,4,562.958675
-0.25,2,562.96386
4.25,11,562.99215
10.25,17,563.035681
3.25,7,563.053403
7.75,15,563.092365
0.75,1,563.09517
12.5,25,563.154862
3.75,10,563.182302
-0.25,2,563.188083
10.5,15,563.231746
3.5,15,563.278735
-3.25,5,563.293326
-0.75,1,563.296591
6.75,14,563.334252
4.75,12,563.365966
0.75,1,563.368847
3.5,13,563.401258
-1.25,6,563.417355
9.75,18,563.464392
8.25,17,563.508225
9.5,17,563.551373
10.25,17,563.597272
0.75,1,563.600228
2.75,8,563.621672
6.25,13,563.65605
9.25,21,564.054468
5.75,14,564.093249
11.0,15,564.130023
8.0,16,564.169526
5.75,14,564.203963
-0.25,2,564.209028
2.75,5,564.221105
-4.25,6,564.23567
9.5,19,564.286998
0.75,1,564.29018
8.25,16,564.333145
0.75,1,564.336347
7.25,17,564.386543
7.75,18,564.438478
9.75,22,564.496981
4.75,12,564.529786
2.75,8,564.550964
11.5,26,564.618715
16.5,31,564.694645
0.25,3,564.702157
5.25,13,564.736247
24.0,47,564.860533
3.25,9,564.882718
10.75,17,564.925123
3.25,9,564.948743
13.0,24,565.005235
13.5,14,565.039003
2.75,5,565.051822
12.0,21,565.10731
3.25,6,565.12306
0.75,4,565.133969
-0.75,4,565.144648
14.5,26,565.214606
0.75,16,565.260209
5.75,12,565.293511
0.75,1,565.296473
7.25,17,565.350151
7.0,14,565.760309
0.75,1,565.763356
14.0,24,565.821172
12.5,25,565.89336
-0.25,2,565.899294
0.25,6,565.916352
5.25,13,565.954898
6.75,15,565.996387
-0.75,1,565.999404
15.0,22,566.054375
0.75,7,566.074092
10.0,17,566.118914
5.25,13,566.153089
10.0,21,566.20628
3.75,19,566.254643
2.25,7,566.271987
5.25,13,566.302852
-8.25,19,566.348282
-0.25,2,566.352917
0.75,1,566.355529
12.75,21,566.40996
9.0,18,566.467536
13.0,17,566.520895
16.5,23,566.582433
23.0,23,566.64088
-2.25,13,566.671643
4.75,15,566.705353
6.75,17,566.743965
0.75,1,566.746703
7.5,15,566.784743
0.75,4,566.794944
13.5,21,566.860528
0.75,1,566.864225
12.0,24,566.931889
8.25,16,566.973831
0.25,6,566.989748
6.75,11,567.017641
31.5,48,567.507222
23.0,23,567.582119
3.25,12,567.615766
-0.25,2,567.621535
4.75,12,567.653506
10.25,22,567.71337
-1.75,5,567.72845
13.0,26,567.802282
0.75,1,567.805259
6.75,16,567.84942
-0.75,1,567.853115
6.25,15,567.896561
-0.75,1,567.899484
1.75,6,567.916117
9.75,20,567.971716
4.75,33,568.062614
7.75,18,568.113033
-1.25,3,568.121554
-0.25,2,568.127784
10.0,15,568.168889
8.0,16,568.225402
0.75,1,568.229899
25.5,36,568.383639
0.75,1,568.387635
17.5,22,568.468124
0.75,1,568.471657
1.25,14,568.517074
13.0,26,568.617694
-0.75,1,568.623291
-0.25,2,568.631751
3.75,10,568.668221
0.25,3,568.679758
-0.25,2,568.687384
5.25,13,568.733534
5.25,13,568.782911
36.0,42,568.926362
16.5,18,568.990512
25.5,36,569.095313
9.75,18,569.508243
-0.25,2,569.51479
0.75,1,569.518013
0.75,1,569.521587
36.5,40,569.692217
1.75,6,569.721812
0.75,1,569.725676
8.75,11,569.768764
3.25,9,569.794124
0.75,1,569.796989
7.25,17,569.844476
0.75,1,569.8486
8.25,19,569.905102
0.25,3,569.914668
1.75,15,569.955154
9.75,22,570.011747
0.75,4,570.022196
-0.25,2,570.027685
11.5,23,570.084447
0.75,1,570.087387
5.75,14,570.123157
7.75,15,570.160169
0.75,1,570.162946
8.25,10,570.187339
10.0,17,570.231012
0.25,3,570.238626
5.25,16,570.280287
7.75,15,570.319356
8.0,16,570.359822
18.5,32,570.441411
8.25,16,570.492739
0.75,1,570.496074
-0.25,2,570.501524
0.75,1,570.504521
0.75,1,570.507517
5.25,16,570.549192
1.75,9,570.576281
5.25,13,570.609364
-3.75,4,570.619555
9.25,21,570.678443
11.5,23,570.745054
11.25,25,570.815004
-1.25,3,570.82292
1.25,13,570.859242
-0.75,1,570.862618
10.75,15,570.904834
7.0,14,570.940878
13.75,25,571.467446
1.25,4,571.478947
-0.25,2,571.485342
0.75,1,571.488697
8.75,20,571.545523
11.25,25,571.615218
11.25,20,571.672889
11.25,25,571.741197
10.0,17,571.786621
1.25,5,571.800973
13.25,28,571.875724
0.75,1,571.878845
14.5,29,571.956469
9.25,14,571.99674
0.75,1,572.00019
10.0,20,572.057065
8.75,14,572.09741
1.75,6,572.114942
-0.75,1,572.118011
12.75,27,572.193707
2.25,7,572.216841
9.75,13,572.255359
-0.25,2,572.260978
10.25,18,572.307221
13.75,16,572.354075
17.0,25,572.428501
-0.75,1,572.431901
3.25,5,572.446617
6.75,13,572.486449
8.25,19,572.545055
0.75,4,572.557266
0.75,1,572.560627
7.25,14,572.603868
7.25,17,572.670614
6.5,13,572.716523
8.25,18,572.774824
3.25,9,572.801424
12.5,25,572.878168
9.0,18,573.330196
7.75,15,573.369166
9.25,13,573.402735
0.25,3,573.41079
0.75,1,573.41359
5.25,13,573.447009
12.0,19,573.499554
0.75,1,573.502558
0.75,1,573.50609
17.75,27,573.589134
10.0,20,573.645164
4.75,12,573.680641
-0.75,1,573.683924
9.5,19,573.739316
2.25,7,573.758147
0.75,1,573.761126
-0.25,2,573.766508
5.25,15,573.804999
0.75,1,573.808568
0.75,4,573.820767
15.0,21,573.879064
0.25,3,573.887069
-1.75,5,573.900145
16.5,23,573.959411
5.25,13,573.992366
6.5,13,574.024957
3.75,10,574.050059
4.25,11,574.077769
22.0,35,574.16727
5.75,17,574.210763
5.25,12,574.241697
-3.25,11,574.271099
0.75,1,574.274102
0.75,1,574.277016
-0.75,1,574.280026
7.5,15,574.318265
-0.75,1,574.321111
-5.75,15,574.361422
0.75,1,574.364478
-0.25,2,574.370403
2.75,8,574.392425
3.75,8,574.413562
7.25,17,574.459236
-0.25,2,574.465187
13.0,18,574.51309
12.75,17,574.557486
13.5,24,574.621488
7.75,18,574.669084
4.25,11,575.032838
0.75,1,575.035996
-0.25,2,575.041783
1.75,3,575.05574
-0.25,2,575.061695
-0.25,2,575.067357
16.5,18,575.113677
0.75,1,575.116483
4.75,15,575.156386
9.0,18,575.201679
0.75,4,575.21193
-0.25,2,575.217342
0.75,1,575.220381
0.75,1,575.223302
-3.25,5,575.236517
0.75,1,575.239464
1.25,5,575.252742
10.0,19,575.302011
6.25,12,575.333442
-2.25,4,575.344205
10.5,21,575.398547
14.5,23,575.457403
2.75,8,575.478994
0.75,1,575.482143
4.25,11,575.511403
2.25,7,575.533108
0.75,1,575.536717
0.75,1,575.54073
0.75,1,575.544532
8.0,16,575.599653
-1.25,3,575.610615
0.25,6,575.631628
10.75,24,575.711183
6.75,15,575.755853
0.75,1,575.759009
0.75,4,575.770868
0.75,1,575.773741
-1.75,8,575.795054
0.75,1,575.797871
0.75,4,575.808482
-11.25,13,575.842547
12.0,24,575.903664
22.0,30,575.98438
18.75,26,576.058639
15.75,34,576.156553
9.5,17,576.203187
0.25,3,576.21117
8.25,16,576.252759
10.75,17,576.29928
0.75,1,576.302245
-0.25,2,576.308257
6.0,12,576.342782
3.25,9,576.370723
-0.75,1,576.374323
0.75,1,576.378084
6.75,16,576.431358
9.0,17,576.814977
1.25,11,576.851255
14.25,21,576.919739
15.0,28,577.001399
5.25,10,577.028228
0.75,1,577.031169
9.0,18,577.081867
0.75,1,577.085037
6.75,15,577.126254
5.75,14,577.166709
0.75,1,577.169911
0.25,3,577.179694
9.5,19,577.233714
2.75,5,577.248702
-0.75,1,577.251787
-0.25,2,577.257563
1.75,6,577.283242
2.25,7,577.306688
1.25,5,577.323297
10.5,16,577.374555
-0.25,2,577.382056
0.75,10,577.418141
25.0,43,577.563245
2.75,5,577.576992
0.75,1,577.580152
12.0,21,577.645673
3.75,10,577.678679
4.75,12,577.722482
7.0,14,577.772508
0.75,1,577.776672
11.5,23,577.845342
12.0,16,577.901711
-0.25,2,577.90764
1.75,6,577.929009
9.0,18,578.004916
0.75,4,578.021549
8.25,13,578.065471
10.5,21,578.135098
12.0,23,578.207225
6.25,18,578.264223
10.25,12,578.30212
7.75,17,578.353585
0.75,1,578.357097
5.75,14,578.400173
9.25,21,578.796407
-0.75,1,578.799236
10.0,23,578.861439
1.75,4,578.87258
0.75,1,578.875495
1.75,6,578.891537
9.5,17,578.93704
-1.25,3,578.94549
4.25,11,578.973661
0.75,1,578.97666
8.5,17,579.020747
12.5,19,579.07141
3.25,15,579.121091
-0.75,1,579.124656
4.0,14,579.169999
0.75,1,579.173599
-0.25,2,579.186512
8.75,14,579.231483
14.5,23,579.300912
9.0,18,579.348914
1.75,6,579.365119
-0.25,18,579.412112
-0.25,2,579.417818
0.75,1,579.420891
1.25,16,579.466011
0.75,1,579.469212
-0.75,1,579.472408
4.25,8,579.497054
3.75,10,579.528338
2.25,7,579.550199
0.75,1,579.553539
0.75,1,579.556703
5.25,13,579.591428
-2.25,4,579.602302
-1.25,3,579.610492
25.0,39,579.710735
15.5,28,579.809521
16.5,31,579.943722
9.0,18,579.99171
6.75,13,580.028547
8.25,19,580.083185
1.75,6,580.104025
2.75,5,580.120983
16.0,30,580.222499
15.0,25,580.290138
7.25,17,580.641339
8.5,17,580.680559
17.0,25,580.741885
-3.25,11,580.770012
22.5,25,580.830187
2.25,7,580.846703
12.0,24,580.912944
8.0,16,580.955877
9.25,19,581.006946
10.0,20,581.083566
0.75,1,581.090937
0.75,1,581.095343
8.5,17,581.159844
5.75,14,581.234304
6.75,17,581.288697
1.25,14,581.326582
0.75,1,581.329936
15.0,22,581.389561
-2.75,9,581.420316
-0.25,2,581.427416
5.75,14,581.474681
0.75,1,581.478279
5.75,14,581.518869
16.0,24,581.581511
6.0,12,581.617995
8.25,19,581.67664
0.75,1,581.680026
7.25,17,581.736031
4.75,15,581.782742
6.5,21,581.842841
6.75,16,581.897845
7.5,15,581.938254
13.5,23,582.004024
0.75,1,582.007248
3.25,6,582.025406
6.25,15,582.069656
19.5,39,582.551414
2.75,14,582.590276
1.25,5,582.604015
6.75,17,582.651405
0.75,1,582.655336
0.75,1,582.658754
9.0,18,582.721406
9.5,19,582.787769
13.0,26,582.876972
27.0,46,582.997732
0.75,1,583.000746
5.75,17,583.044126
6.5,13,583.076547
1.75,3,583.085096
-0.75,1,583.087846
10.25,23,583.143229
9.75,19,583.190044
-2.25,4,583.204314
-0.25,2,583.211398
4.75,12,583.247119
10.0,20,583.306538
-0.75,1,583.309495
8.5,17,583.354216
2.25,16,583.396199
8.5,17,583.443736
0.25,3,583.453747
7.0,14,583.497487
2.25,7,583.519171
10.5,21,583.577549
-1.25,3,583.58578
8.5,17,583.63161
-4.25,15,583.680859
10.25,18,583.742203
1.75,3,583.751657
8.0,16,583.793328
9.0,18,583.849665
6.5,13,583.899121
3.75,16,583.955767
7.75,18,584.01498
0.75,1,584.01874
19.0,36,584.479418
3.25,9,584.503011
0.75,1,584.506483
9.75,22,584.567733
8.75,13,584.604625
9.0,18,584.655349
0.75,1,584.658435
7.75,15,584.70196
0.75,1,584.705317
10.75,22,584.773267
3.25,9,584.797322
25.5,36,584.890002
0.75,1,584.893112
9.25,13,584.927833
-0.25,2,584.934196
0.75,1,584.937567
0.75,1,584.941049
10.75,19,585.000185
10.0,20,585.058059
7.0,14,585.10116
0.75,1,585.104466
6.5,21,585.170739
-0.25,2,585.180636
8.5,17,585.227156
-0.25,2,585.233451
18.5,19,585.291416
10.5,19,585.347528
-0.25,2,585.355124
3.5,19,585.417703
11.25,19,585.471767
8.5,20,585.531037
-0.75,1,585.534399
12.5,14,585.572611
0.75,1,585.576432
12.75,17,585.628536
-1.25,3,585.63724
5.25,13,585.672292
0.75,1,585.675142
0.75,1,585.678063
-0.25,2,585.684078
1.75,6,585.70354
0.75,1,585.707112
11.5,22,585.766649
7.25,14,585.80401
9.25,19,585.850741
0.75,1,585.853879
-1.75,5,586.241412
3.25,9,586.271978
10.0,20,586.334017
1.25,5,586.350572
7.0,14,586.396826
7.0,14,586.443216
10.75,16,586.508003
1.25,5,586.528584
7.25,17,586.594576
-0.25,2,586.601127
4.25,11,586.636272
6.0,12,586.674529
11.75,20,586.739221
-0.25,8,586.763349
10.75,19,586.822569
9.75,22,586.893829
-3.25,8,586.920445
1.75,3,586.930357
21.0,31,587.028929
10.0,17,587.081905
0.75,4,587.095203
-0.25,12,587.134356
13.5,22,587.207886
9.5,19,587.284976
9.5,16,587.349299
3.25,9,587.38076
18.0,18,587.446283
7.75,18,587.515226
25.5,36,587.642786
10.0,14,587.698333
-0.25,2,587.711225
17.0,34,587.82002
4.25,11,587.850386
15.5,31,587.933589
8.25,14,588.334253
11.0,20,588.388355
7.25,14,588.424977
10.0,14,588.468263
13.0,19,588.526144
0.75,1,588.529485
9.5,18,588.589079
-0.75,1,588.592739
3.75,10,588.620324
-2.25,7,588.639767
-0.25,2,588.645834
14.0,24,588.711753
0.75,1,588.715168
-0.75,1,588.718498
1.25,5,588.732575
7.75,11,588.762142
-0.75,1,588.765241
7.0,14,588.805826
4.75,12,588.842357
-3.25,5,588.858555
3.75,10,588.888672
21.0,31,588.976366
0.75,1,588.979516
2.25,7,588.997694
15.0,25,589.063676
7.75,18,589.11148
11.0,20,589.165
-0.25,2,589.170782
5.25,13,589.205778
0.25,3,589.214411
6.25,13,589.24803
0.75,1,589.251451
13.5,21,589.307197
9.0,17,589.351915
9.25,13,589.386219
0.75,1,589.389536
7.75,14,589.428922
-11.25,13,589.468813
-0.75,1,589.471868
8.25,16,589.517567
-0.75,1,589.520636
0.75,1,589.523673
-0.75,1,589.52689
0.75,1,589.530042
6.75,12,589.564109
6.25,15,589.606594
2.25,13,589.643507
8.5,17,589.692344
7.0,14,589.733764
6.5,13,589.775535
1.75,15,590.244928
10.75,23,590.31924
28.0,37,590.445698
8.25,19,590.519115
14.5,23,590.593317
-1.25,3,590.60477
-0.75,1,590.609151
2.75,8,590.639179
10.0,20,590.711899
2.25,7,590.736846
0.75,1,590.740708
0.75,1,590.745169
10.75,24,590.825358
5.25,13,590.873599
5.75,14,590.92042
-0.25,8,590.946428
5.25,10,590.975855
6.25,15,591.021497
7.25,17,591.07112
0.75,1,591.074323
8.5,17,591.132812
0.75,1,591.13643
8.0,22,591.214254
6.75,19,591.281646
4.0,20,591.385836
1.75,6,591.407376
0.75,1,591.411432
0.75,1,591.418271
3.25,6,591.440943
12.0,19,591.508709
15.75,28,591.595702
11.0,21,591.684369
2.25,7,591.717187
1.25,5,591.735189
21.5,34,591.846282
-0.25,2,591.853298
7.0,14,591.914065
4.75,12,591.957883
4.75,12,592.005038
-0.25,2,592.011041
-0.75,7,592.383661
6.75,15,592.429113
1.25,5,592.443003
6.75,16,592.485236
9.5,19,592.535932
4.75,12,592.56745
7.25,17,592.611121
3.25,6,592.626784
0.75,1,592.629755
12.0,23,592.688946
22.0,42,592.798458
6.75,16,592.839704
-0.75,1,592.842595
0.75,1,592.845437
0.75,1,592.8487
12.0,19,592.900809
-0.25,2,592.906367
-0.25,11,592.934212
-0.25,2,592.939678
4.0,14,592.975826
7.75,18,593.019711
4.25,8,593.039487
17.5,32,593.120291
8.25,13,593.153582
5.0,12,593.187249
0.75,1,593.190581
7.25,14,593.233051
9.75,22,593.295261
15.5,23,593.355815
1.75,6,593.376122
7.5,15,593.42815
0.25,3,593.438327
0.75,1,593.442173
4.75,18,593.491087
2.75,8,593.512552
14.5,26,593.580428
6.25,15,593.618441
0.75,1,593.621382
12.5,24,593.68018
14.25,20,593.733715
-0.25,2,593.739059
-0.25,2,593.744438
1.75,6,594.070297
-0.25,2,594.075762
8.25,13,594.108696
2.25,7,594.126549
2.25,13,594.157776
15.0,22,594.210913
0.75,1,594.213756
-0.25,2,594.219197
4.75,12,594.249728
4.75,18,594.298271
25.5,30,594.372116
2.25,7,594.389105
-0.75,1,594.391778
-0.75,1,594.394547
18.5,37,594.488771
20.5,24,594.548049
0.75,1,594.550727
1.25,13,594.58126
1.75,6,594.597093
2.25,4,594.607947
12.5,22,594.665146
5.75,14,594.697814
0.75,1,594.700736
3.25,9,594.72417
6.75,13,594.758944
-0.25,2,594.76442
3.75,10,594.790494
8.25,10,594.819055
9.75,22,594.882267
4.25,11,594.911066
11.5,23,594.971366
6.25,15,595.008657
-0.25,2,595.013936
9.0,18,595.059579
11.5,21,595.113624
6.25,13,595.145429
-0.75,1,595.148175
1.75,3,595.15579
13.5,21,595.207385
13.0,26,595.273551
9.0,17,595.317424
-0.75,1,595.320373
8.25,19,595.369064
9.5,19,595.724149
3.75,7,595.741177
0.75,1,595.74385
8.5,17,595.786235
-0.75,1,595.788819
0.75,25,595.851911
11.0,20,595.901646
0.75,1,595.904491
23.0,23,595.961621
13.0,16,595.999662
0.75,1,596.002655
9.75,14,596.036951
17.75,28,596.105577
7.0,14,596.13828
0.75,4,596.147649
12.5,24,596.206025
9.25,21,596.261314
0.75,4,596.271597
21.0,31,596.353912
11.0,22,596.419908
8.75,13,596.476629
-0.75,1,596.481286
0.75,1,596.486522
0.75,1,596.491207
1.25,5,596.512516
0.75,1,596.51593
0.75,1,596.519265
0.75,1,596.522634
8.5,15,596.571835
0.75,1,596.574657
0.75,1,596.577581
0.25,3,596.585467
0.75,4,596.596076
-0.25,2,596.601588
8.75,20,596.652487
0.75,1,596.65538
7.75,12,596.684579
7.0,14,596.717897
8.25,16,596.755663
1.75,3,596.764898
8.0,16,596.810647
0.75,16,596.851966
5.25,12,596.884311
10.25,16,596.923619
15.25,19,596.970088
16.25,33,597.374858
22.25,36,597.466683
-3.25,5,597.479506
9.5,19,597.524522
-0.25,2,597.530013
8.5,17,597.573341
0.25,3,597.581
-0.25,2,597.58621
7.25,17,597.629646
8.75,10,597.655109
7.25,17,597.696295
5.75,14,597.730147
0.75,1,597.732713
0.75,1,597.735497
-2.75,6,597.750587
2.25,7,597.767276
2.25,13,597.800145
12.5,23,597.856261
-1.25,3,597.864309
-0.25,2,597.870119
11.75,19,597.917812
0.75,1,597.920664
0.75,1,597.923602
-0.25,2,597.929145
10.0,19,597.978188
0.75,1,597.981065
3.25,9,598.004972
-0.25,2,598.010251
9.0,18,598.055857
0.75,1,598.058817
3.75,10,598.084537
4.75,12,598.115772
-0.25,2,598.121106
9.75,18,598.167046
7.0,14,598.203039
0.75,1,598.205853
0.25,3,598.213574
2.75,8,598.23439
-0.25,2,598.239624
10.5,16,598.281257
-1.25,1,598.285145
0.75,1,598.288918
-1.25,3,598.299455
1.75,4,598.310641
-2.25,4,598.322114
9.5,18,598.37225
0.75,1,598.375255
9.75,20,598.42639
1.75,6,598.443024
7.25,17,598.488542
-0.25,2,598.494309
1.75,6,598.510466
0.75,1,598.513303
4.75,12,598.546762
3.75,7,598.566416
0.75,1,598.569262
3.25,9,598.593993
2.25,4,598.604462
-5.75,6,598.620318
-0.75,1,598.623109
6.75,16,598.665922
-0.25,2,598.67152
-0.25,2,598.677449
1.25,4,599.031122
0.75,1,599.034212
7.25,13,599.067051
12.5,25,599.131397
4.25,11,599.161993
-0.75,1,599.16506
13.5,19,599.217854
8.75,17,599.261422
8.5,17,599.305297
22.5,25,599.367827
0.75,1,599.370558
10.5,16,599.410879
-0.25,2,599.416162
0.75,1,599.418757
0.75,1,599.421633
8.0,22,599.478284
5.25,13,599.510592
0.25,3,599.518479
14.0,16,599.559335
4.75,15,599.597575
0.25,3,599.608363
4.75,12,599.64471
14.0,16,599.688378
0.75,1,599.691468
0.75,1,599.694715
6.75,16,599.739184
6.25,15,599.777876
-0.25,2,599.783775
7.25,17,599.82758
-0.75,1,599.830375
5.75,11,599.859334
12.25,27,599.932158
6.75,16,599.97553
3.25,9,599.998619
20.5,24,600.061202
9.25,21,600.111277
-0.75,1,600.114167
2.75,8,600.134239
2.25,7,600.152153
21.5,29,600.223264
12.0,23,600.281851
1.25,5,600.295348
0.25,3,600.303519
-0.25,2,600.309068
-2.75,6,600.324345
-4.75,8,600.344201
13.75,25,600.737083
8.75,14,600.780792
0.75,1,600.78417
0.25,3,600.793047
0.75,1,600.796123
-0.75,1,600.800312
-1.75,5,600.814636
13.75,25,600.892393
1.75,3,600.900686
2.75,8,600.922296
7.75,15,600.964024
0.25,3,600.973205
2.75,5,600.986503
13.25,18,601.058599
12.0,19,601.137489
14.5,23,601.205295
-0.25,2,601.211067
-0.75,1,601.214256
27.0,46,601.34476
10.0,17,601.390794
38.0,49,601.518937
13.75,20,601.587574
14.0,23,601.659393
10.0,20,601.736979
0.25,3,601.753758
3.25,6,601.779066
11.75,17,601.828154
5.25,10,601.854985
0.75,1,601.857687
8.0,16,601.900251
-0.25,2,601.906202
-0.25,2,601.912415
9.75,15,601.95119
0.75,4,601.961459
2.25,7,601.979772
4.75,14,602.02038
-0.25,2,602.026223
2.75,8,602.049421
0.75,1,602.053343
2.75,5,602.072952
7.25,17,602.129219
8.75,19,602.200123
11.25,20,602.267456
-2.75,3,602.275418
16.75,34,602.66905
4.25,11,602.697675
4.25,11,602.724632
3.0,33,602.807167
9.5,19,602.857809
-1.75,11,602.890917
-2.75,15,602.933231
1.75,6,602.951489
23.0,23,603.016626
0.75,1,603.019681
8.0,14,603.057082
4.25,11,603.086005
-0.75,1,603.088948
14.5,21,603.144452
2.25,7,603.163385
0.75,1,603.166363
0.75,1,603.169129
-0.25,2,603.17455
0.75,1,603.177501
10.75,16,603.219344
0.25,3,603.227339
9.25,18,603.275061
0.75,1,603.278023
12.25,26,603.345913
1.75,6,603.362221
-0.75,1,603.365515
5.75,14,603.405683
15.5,23,603.466295
5.75,14,603.502386
-2.25,4,603.513322
8.5,13,603.54683
6.25,15,603.582829
16.5,23,603.640237
12.5,22,603.696647
0.25,3,603.704348
0.75,1,603.707245
2.75,14,603.74655
-0.75,4,603.757211
0.75,1,603.760078
21.25,39,603.860955
10.5,21,603.924974
-1.25,15,604.298785
7.5,15,604.336624
0.75,1,604.339233
0.75,4,604.349178
0.75,1,604.351788
5.75,14,604.388862
14.5,22,604.444638
2.25,7,604.461635
8.75,18,604.505297
19.0,28,604.578357
8.75,18,604.622112
8.5,17,604.663751
0.75,1,604.666739
0.75,1,604.669543
4.75,12,604.699699
4.25,11,604.727304
0.75,1,604.730066
15.0,24,604.788037
0.75,1,604.791003
21.0,30,604.867842
25.5,30,604.944608
-0.25,2,604.950443
6.75,16,604.991922
0.75,1,604.99493
0.75,1,604.998239
14.5,23,605.057151
27.5,34,605.138348
-0.75,1,605.141217
1.75,6,605.156526
0.75,1,605.159369
14.5,24,605.218869
1.25,3,605.226656
5.75,14,605.260514
12.5,25,605.324589
8.5,17,605.370476
4.25,11,605.402057
0.25,3,605.410669
5.75,14,605.448688
0.75,1,605.451789
14.0,26,605.523562
6.0,12,605.556001
2.25,4,605.567099
0.75,1,605.570135
12.25,27,605.982491
10.0,20,606.029633
0.25,3,606.03755
-0.75,1,606.040381
0.75,1,606.04318
-0.75,1,606.045884
9.75,19,606.092442
11.0,22,606.146082
-0.25,2,606.151047
11.0,20,606.200776
11.25,23,606.25792
11.0,15,606.296639
19.75,40,606.397942
8.5,17,606.442486
-1.25,1,606.445294
10.5,19,606.4939
5.25,10,606.519924
-3.25,5,606.532938
0.75,1,606.535907
0.75,1,606.538694
10.5,21,606.591665
2.25,4,606.60214
1.25,5,606.615303
5.25,13,606.648917
0.75,1,606.651945
2.25,7,606.670356
12.5,23,606.729332
5.25,10,606.754657
-2.75,6,606.769347
-0.75,1,606.772165
8.0,16,606.809665
5.75,11,606.835153
0.75,1,606.837953
7.75,18,606.884262
5.25,13,606.914833
12.5,25,606.975251
0.75,4,606.985186
4.75,15,607.021953
7.75,15,607.061123
12.5,22,607.118398
0.75,1,607.121243
4.25,17,607.166286
0.75,1,607.170225
10.5,21,607.222854
9.5,13,607.574102
-1.25,6,607.589558
9.5,17,607.634741
28.5,42,607.739344
0.75,1,607.742219
-1.25,3,607.749792
11.5,23,607.807136
14.5,26,607.871893
19.0,33,607.95342
11.0,22,608.009439
-0.25,2,608.014739
0.75,1,608.017628
10.5,12,608.047693
10.75,19,608.097183
0.75,1,608.100096
11.0,22,608.15503
7.0,14,608.192155
0.75,1,608.195076
16.0,24,608.256654
2.75,14,608.29342
18.0,34,608.37802
0.75,13,608.411332
0.75,1,608.414222
13.5,20,608.472629
-0.25,2,608.478116
-2.25,4,608.488713
-0.75,1,608.491681
11.25,28,608.562215
8.25,13,608.59464
0.75,1,608.597385
0.75,1,608.60024
1.75,6,608.615523
21.0,31,608.693314
19.5,30,608.768186
6.75,14,608.802663
0.25,12,608.832505
-0.25,2,608.837639
9.5,19,609.204767
-0.25,2,609.210322
27.0,46,609.324232
14.0,23,609.384605
1.75,6,609.399199
14.5,24,609.459983
7.0,14,609.495342
8.75,17,609.5377
-2.75,3,609.545789
0.75,1,609.548709
2.25,7,609.566969
12.5,22,609.622896
10.0,21,609.677513
0.75,1,609.680567
0.25,3,609.688257
-0.25,2,609.693786
2.75,8,609.714688
8.0,16,609.755467
7.25,17,609.806978
0.75,1,609.81051
-0.25,14,609.867314
10.0,19,609.924249
2.25,7,609.943173
0.25,3,609.951555
0.25,14,609.991013
8.5,17,610.040734
25.5,36,610.146466
12.25,28,610.227072
18.0,25,610.294104
11.5,21,610.355315
0.75,1,610.359666
4.75,12,610.398032
14.0,21,610.453932
2.75,14,610.489383
19.5,39,610.889105
13.0,26,610.949423
5.25,13,610.983004
-0.25,2,610.990681
0.75,1,610.994552
1.75,6,611.015206
0.75,1,611.018962
-0.25,2,611.025781
5.25,13,611.062709
-0.25,2,611.067845
8.0,16,611.109087
0.75,1,611.111876
11.25,20,611.158998
2.25,4,611.16817
0.75,1,611.170539
19.5,30,611.248134
-0.25,2,611.254495
7.75,16,611.299628
0.75,1,611.303507
0.75,1,611.307014
0.25,3,611.315858
0.75,1,611.319242
6.25,15,611.363421
10.25,23,611.425991
7.25,15,611.465493
0.25,3,611.473755
8.75,18,611.521179
0.75,1,611.52403
3.25,9,611.549584
-0.25,2,611.555135
0.75,1,611.55835
1.25,5,611.571774
-0.25,2,611.577209
5.75,14,611.614721
-1.25,3,611.623291
1.75,3,611.631327
0.75,1,611.634393
0.75,1,611.637388
1.75,3,611.645498
13.5,23,611.704318
1.25,5,611.717432
1.75,12,611.747729
12.5,19,611.795357
0.75,1,611.798167
19.25,41,611.899315
15.5,23,611.954318
21.0,31,612.03106
-1.75,5,612.043916
0.75,1,612.046703
-0.25,2,612.051955
-0.75,1,612.054583
8.25,19,612.128518
-0.25,2,612.137836
8.25,16,612.179504
10.0,14,612.216098
2.25,7,612.234728
5.75,14,612.59776
4.75,15,612.634852
-0.25,2,612.640254
21.0,30,612.716786
4.75,12,612.747865
0.75,4,612.758385
-0.25,2,612.763637
12.0,19,612.811456
19.5,39,612.908981
0.75,1,612.91216
-0.75,1,612.915063
12.25,21,612.968815
11.0,22,613.026883
1.25,5,613.039932
32.0,48,613.163386
0.75,1,613.168113
0.75,1,613.173079
3.25,9,613.206686
0.75,1,613.211485
7.25,14,613.2612
11.75,26,613.351441
1.25,5,613.364315
-0.25,2,613.369469
4.75,12,613.399487
0.75,4,613.410187
6.25,12,613.440435
12.25,21,613.493149
-2.25,4,613.502923
3.25,6,613.518691
6.75,16,613.563609
0.75,1,613.566514
0.75,4,613.578357
-2.25,4,613.589195
-0.25,2,613.594476
9.5,19,613.649893
23.25,41,613.757323
11.0,22,613.821697
0.75,1,613.826618
18.0,27,613.90705
6.25,13,613.941188
0.75,1,613.944247
-0.75,1,613.947042
0.75,1,613.949764
7.75,18,614.338953
0.75,1,614.341596
0.75,1,614.344182
12.75,28,614.412744
9.5,17,614.451485
2.75,5,614.465022
1.25,5,614.477833
-0.75,1,614.480538
10.5,16,614.51873
3.75,10,614.541183
15.0,22,614.593539
0.75,4,614.602671
-0.75,1,614.605242
14.5,26,614.666079
0.75,4,614.676102
-0.75,1,614.678987
19.0,27,614.748071
3.25,18,614.794136
13.25,19,614.839978
6.75,16,614.879311
20.75,33,614.9576
9.25,21,615.00778
0.75,1,615.01079
8.5,17,615.05121
8.5,17,615.095023
0.75,1,615.0979
4.25,11,615.125862
0.75,1,615.128905
2.75,5,615.142414
0.75,1,615.145953
5.75,14,615.184989
12.75,26,615.251265
13.25,22,615.306145
14.0,25,615.367009
0.75,1,615.369829
1.75,3,615.377524
7.75,18,615.422501
2.75,8,615.442938
5.25,13,615.476244
2.75,8,615.49685
13.0,18,615.540143
-0.75,1,615.543077
-1.25,12,615.570746
-0.75,1,615.573543
4.25,11,615.895005
3.25,6,615.913151
9.25,16,615.959093
5.25,13,615.99359
4.25,15,616.033269
8.75,20,616.081713
0.75,1,616.084397
12.5,14,616.117242
-0.25,2,616.122263
-0.25,2,616.126919
3.25,9,616.149872
0.75,1,616.152671
6.25,15,616.186619
0.75,1,616.189329
7.25,14,616.223049
1.75,6,616.237816
7.75,18,616.283989
1.25,5,616.296812
14.5,23,616.36029
20.0,26,616.426843
0.25,3,616.434858
8.75,12,616.465934
12.75,21,616.519202
1.25,5,616.532097
6.5,13,616.563669
-0.25,2,616.568517
0.75,1,616.571276
-1.25,3,616.579163
12.0,24,616.639279
1.25,4,616.649744
4.75,14,616.683835
-0.75,1,616.686764
11.0,18,616.731968
10.5,16,616.772314
38.0,49,616.89151
-0.75,1,616.894397
0.75,1,616.89737
-0.25,2,616.902906
0.75,1,616.905854
0.25,3,616.914012
0.25,3,616.921852
0.75,1,616.924617
5.25,13,616.956685
9.75,13,616.988288
14.5,24,617.046596
6.5,13,617.078185
9.25,18,617.123191
-2.25,4,617.133502
0.75,1,617.136583
10.0,15,617.485354
10.0,16,617.526329
6.25,15,617.564054
4.75,33,617.648361
7.0,14,617.681369
6.5,19,617.729495
7.25,17,617.771387
14.5,22,617.828178
0.75,4,617.83862
5.25,11,617.867753
4.75,12,617.898709
0.75,1,617.901963
8.75,20,617.953239
3.75,9,617.976183
24.0,46,618.091879
8.25,15,618.127377
3.5,16,618.167542
15.0,28,618.235104
5.25,13,618.270182
8.75,20,618.319675
2.25,7,618.337701
9.0,18,618.386719
11.25,25,618.450468
5.25,16,618.490405
0.25,6,618.505135
12.0,16,618.544908
8.0,16,618.58304
6.75,16,618.622298
3.25,9,618.647063
-0.25,2,618.652875
3.75,8,618.675085
19.0,26,618.741062
-0.25,2,618.746353
0.25,3,618.754552
2.25,10,619.081831
11.0,22,619.136614
-2.75,6,619.152065
10.5,15,619.191466
-0.25,2,619.196761
8.0,14,619.230562
-2.75,15,619.270197
17.0,33,619.351358
15.0,28,619.424026
0.75,1,619.426963
6.25,15,619.465941
2.25,7,619.484626
1.75,15,619.523911
-0.25,2,619.529537
-1.25,6,619.545434
0.75,1,619.548224
6.5,13,619.581712
-0.75,1,619.584609
-0.25,2,619.589985
9.75,21,619.643542
10.5,21,619.696234
15.5,31,619.772924
-1.25,3,619.780574
11.0,22,619.834059
8.5,17,619.876897
11.25,22,619.929875
8.0,16,619.969608
0.75,1,619.972493
0.75,1,619.975234
-2.25,4,619.984722
14.5,29,620.054861
5.25,16,620.094319
5.0,12,620.122899
-0.25,2,620.12759
6.5,13,620.15939
-0.25,2,620.16475
3.75,10,620.189122
7.75,11,620.21451
-0.75,1,620.217087
13.5,26,620.279478
5.75,14,620.315034
13.75,20,620.671656
0.75,1,620.674532
-2.25,4,620.684693
12.0,24,620.743834
1.75,6,620.759355
12.25,23,620.815881
-0.25,14,620.849841
14.5,22,620.906627
3.75,10,620.932142
-0.25,2,620.937254
-7.25,18,620.982201
-0.75,13,621.014694
0.75,1,621.017385
0.25,3,621.025024
8.0,16,621.065484
-1.25,3,621.073693
0.75,4,621.084063
-0.25,8,621.104486
21.0,42,621.206086
4.5,18,621.249319
13.25,28,621.31787
5.25,13,621.348345
5.25,13,621.379601
11.25,25,621.44098
-1.25,6,621.454853
18.0,18,621.496939
0.75,1,621.499406
4.75,12,621.527162
10.5,21,621.577695
8.5,17,621.617069
20.0,36,621.702026
-0.25,2,621.706749
1.75,6,621.721223
0.75,1,621.723961
11.5,23,621.777584
7.5,15,621.813154
14.5,21,621.864556
11.25,18,621.90845
12.5,24,622.288884
7.5,15,622.327091
3.75,10,622.352036
0.75,1,622.354833
2.0,20,622.404644
4.25,14,622.440114
3.75,4,622.449636
7.0,14,622.484982
-0.25,2,622.490281
6.25,21,622.543463
15.5,30,622.620248
0.25,3,622.628694
-0.75,1,622.631622
12.5,25,622.695119
0.25,21,622.745831
9.25,11,622.774345
13.25,23,622.828887
3.25,9,622.850015
8.25,19,622.897596
4.25,11,622.926278
6.75,16,622.965014
3.75,10,622.989601
-0.25,2,622.994639
-2.25,4,623.004118
22.5,25,623.062436
-1.25,3,623.070066
1.75,6,623.085622
4.25,22,623.140927
14.75,32,623.218243
14.0,24,623.278641
5.75,14,623.314619
5.75,14,623.347286
0.75,1,623.349755
6.25,15,623.387373
13.0,26,623.450634
-3.75,13,623.481367
9.0,18,623.842167
2.75,4,623.852036
16.5,26,623.920486
19.0,32,623.998726
11.0,20,624.047541
9.5,19,624.097698
14.5,29,624.17136
9.25,18,624.220434
32.0,48,624.343715
15.0,24,624.40437
4.25,11,624.431999
0.75,1,624.434842
12.0,23,624.494308
14.0,28,624.563056
8.25,19,624.607512
-1.25,12,624.638289
4.25,8,624.658834
0.75,1,624.661679
1.75,6,624.677245
6.75,14,624.712136
3.25,15,624.748205
21.0,31,624.82472
0.75,1,624.827488
0.75,1,624.83029
-0.25,2,624.835484
0.75,7,624.852343
0.75,1,624.855887
4.75,12,624.887828
9.5,19,624.932188
-0.75,1,624.934914
10.0,20,624.982811
4.75,15,625.020789
18.5,25,625.081072
0.75,1,625.084122
-1.25,3,625.092061
0.75,1,625.094906
9.75,19,625.454596
6.75,16,625.494088
-0.25,2,625.498779
-1.25,3,625.506287
17.25,26,625.571692
9.5,19,625.618145
10.5,21,625.673468
9.25,21,625.726628
9.5,17,625.771375
11.0,22,625.826841
0.75,1,625.829836
16.5,26,625.897264
3.75,10,625.922394
7.0,13,625.953733
13.5,19,626.000593
0.75,1,626.003425
7.75,15,626.038957
8.0,16,626.078019
2.75,8,626.098092
4.25,8,626.118783
4.75,9,626.140561
6.25,12,626.170782
-4.75,14,626.20909
-0.25,2,626.21512
12.5,25,626.287099
3.0,14,626.322106
4.25,11,626.350059
5.75,16,626.390735
0.75,1,626.393705
11.0,22,626.444961
8.0,15,626.483603
-3.5,20,626.532896
12.5,24,626.591664
10.0,17,626.633096
-0.25,2,626.638525
0.75,1,626.641393
-2.25,4,626.651298
21.0,31,627.031662
-1.25,3,627.039325
4.75,18,627.083457
7.0,14,627.118999
12.0,19,627.168357
10.0,14,627.204971
9.25,18,627.251381
23.0,23,627.311351
18.0,18,627.357244
6.75,16,627.39946
-0.25,2,627.405028
11.0,18,627.450999
-1.25,6,627.466734
-1.75,17,627.508836
25.5,36,627.599102
12.0,19,627.647237
0.5,13,627.68047
10.5,19,627.726756
0.75,1,627.729527
0.75,1,627.732359
-0.75,1,627.735274
5.25,14,627.770271
8.5,17,627.811936
0.75,1,627.814546
1.25,5,627.825729
8.75,11,627.853053
2.25,13,627.885907
-1.0,19,627.933903
12.25,23,627.986606
-2.25,4,627.997481
0.75,1,628.000287
4.75,12,628.030061
12.0,18,628.07343
6.75,16,628.113186
0.75,1,628.115957
14.0,21,628.168871
1.75,6,628.184089
18.0,32,628.263525
13.75,27,628.639648
10.75,17,628.682248
-0.25,2,628.68748
0.25,3,628.695639
1.75,6,628.711189
6.75,15,628.748982
6.0,12,628.783568
8.75,20,628.838069
0.75,1,628.840812
0.75,1,628.843537
10.5,21,628.897566
18.5,32,628.981738
0.75,1,628.98445
1.25,5,628.997584
0.75,1,629.000395
16.5,33,629.084319
0.25,3,629.091904
12.5,25,629.153122
-0.25,2,629.158644
-0.25,2,629.164306
-0.75,1,629.167005
3.25,9,629.190516
7.75,18,629.234895
12.5,25,629.300787
7.25,17,629.341981
6.25,15,629.380523
14.5,21,629.432278
-0.25,2,629.437352
-0.25,2,629.442726
6.75,14,629.477991
4.75,12,629.505987
-0.75,1,629.508559
-0.75,1,629.51124
9.25,14,629.544839
-0.75,1,629.547689
6.75,14,629.583675
-0.25,2,629.589213
0.25,3,629.597266
-0.75,1,629.600081
14.5,26,629.665013
-0.25,2,629.670183
-0.25,2,629.675707
0.75,1,629.679522
-1.25,3,629.687655
0.75,1,629.690447
3.25,9,629.712585
0.75,4,629.722323
0.75,1,629.725162
26.5,40,629.823474
0.75,1,629.826207
0.75,1,629.828954
0.75,1,629.831666
10.25,21,629.883152
1.25,5,629.895594
9.5,17,630.294198
12.5,25,630.384012
10.5,21,630.437498
-0.25,5,630.450393
38.0,49,630.575365
2.75,5,630.5897
18.5,19,630.637924
0.75,1,630.640771
-0.25,2,630.646376
-0.25,2,630.651787
7.75,18,630.696978
8.75,20,630.746219
21.5,34,630.826353
-0.25,2,630.830895
36.5,40,630.932738
-0.75,1,630.935561
0.75,1,630.938547
21.0,30,631.011571
14.5,26,631.079484
5.75,14,631.113861
3.25,9,631.138592
0.75,1,631.141477
0.25,21,631.195758
7.25,17,631.236847
7.75,18,631.283401
-3.75,10,631.309297
0.25,3,631.31646
14.0,23,631.375945
0.75,1,631.379129
14.5,20,631.433964
8.25,22,631.492495
-0.75,1,631.495865
0.25,3,631.503773
0.75,1,631.507177
0.75,1,631.510643
0.75,1,631.513494
16.5,31,631.59158
16.5,31,631.989373
-1.25,3,631.997368
6.5,13,632.03042
-0.25,2,632.036825
9.25,18,632.083364
-0.25,2,632.089023
18.0,25,632.153589
-0.25,2,632.158969
-0.25,2,632.164472
0.75,1,632.167406
18.0,25,632.231592
7.5,15,632.272311
12.5,23,632.331194
0.75,1,632.333925
12.0,21,632.387204
15.5,43,632.49429
0.75,4,632.504786
-0.75,1,632.507604
-0.75,1,632.510437
2.75,8,632.529871
38.0,49,632.650892
10.5,12,632.681243
4.25,11,632.708204
0.75,1,632.711151
0.25,3,632.719648
2.75,8,632.740316
0.75,1,632.743149
10.5,21,632.795316
7.5,15,632.834134
-0.25,2,632.839194
7.75,18,632.884532
7.25,17,632.925257
1.75,6,632.940962
0.75,1,632.94412
0.75,4,632.954275
6.5,13,632.985572
-0.75,1,632.988249
0.75,1,632.991054
6.0,12,633.020106
-3.25,5,633.032157
-0.25,2,633.038324
-0.75,7,633.055663
7.5,15,633.092075
4.75,12,633.119672
13.0,18,633.163277
0.75,1,633.166278
4.75,12,633.197225
7.0,14,633.52782
-0.25,2,633.533429
0.75,1,633.53631
1.25,5,633.549226
-0.75,1,633.552158
2.75,5,633.565248
3.5,15,633.604187
0.75,1,633.607119
0.75,1,633.610011
-0.75,1,633.612846
0.75,1,633.615886
0.75,1,633.618981
4.75,12,633.651212
0.75,1,633.654218
2.25,7,633.671887
-0.75,1,633.674786
4.25,11,633.702329
0.75,4,633.712974
-1.25,1,633.715911
0.75,1,633.71882
8.5,17,633.76053
9.5,19,633.805188
-0.75,1,633.80789
0.75,1,633.810768
0.75,1,633.813462
18.5,26,633.877572
0.25,3,633.885703
7.25,10,633.90998
4.25,11,633.938233
-0.75,1,633.941217
12.0,24,634.004697
-0.25,2,634.010171
0.75,1,634.012973
2.25,7,634.029105
13.0,22,634.085386
-0.75,1,634.088346
11.0,18,634.131418
-0.75,1,634.134118
0.75,1,634.136941
9.5,13,634.169547
0.75,1,634.172542
3.75,10,634.198655
1.25,5,634.211198
0.75,1,634.214032
1.75,4,634.224305
0.75,1,634.227126
0.75,4,634.236754
8.5,17,634.279791
-0.25,2,634.285072
9.25,18,634.328538
0.75,1,634.33108
0.75,1,634.333928
13.75,19,634.379069
1.75,6,634.394599
2.75,8,634.415359
16.5,33,634.492701
-1.25,3,634.500202
42.0,51,634.621201
5.75,10,634.648344
0.75,4,634.658776
-0.25,2,634.663639
0.75,1,634.666196
8.5,17,634.706295
1.75,6,634.721763
15.5,28,634.790712
7.75,11,635.116233
0.75,1,635.119102
7.75,18,635.164847
5.75,14,635.200462
25.5,36,635.288453
0.75,1,635.291199
0.75,4,635.300249
9.25,12,635.329167
0.75,4,635.338991
9.5,16,635.377139
6.75,16,635.418179
10.0,17,635.459775
6.5,13,635.493557
7.75,11,635.520756
1.75,4,635.529928
0.75,5,635.542234
6.5,22,635.596461
-5.25,10,635.620092
3.75,15,635.658689
10.25,23,635.711985
-3.25,5,635.724732
2.25,7,635.742404
-0.75,1,635.745227
8.0,16,635.781998
0.25,3,635.790238
-0.25,2,635.79576
9.0,18,635.839494
17.5,29,635.910223
8.0,16,635.948913
8.5,17,635.99104
7.25,17,636.030689
0.75,1,636.033517
2.75,8,636.052566
0.75,1,636.055151
7.25,17,636.097896
2.75,8,636.11675
9.75,21,636.168774
5.25,13,636.201014
-0.75,1,636.20372
-0.25,2,636.208696
-0.25,5,636.221271
-0.75,1,636.223867
8.75,20,636.275285
0.25,3,636.283698
2.25,7,636.301225
1.75,3,636.30934
7.0,12,636.337606
7.25,17,636.677701
-1.25,3,636.685864
-0.25,2,636.691433
0.75,1,636.694299
8.5,17,636.737701
9.0,18,636.78108
4.75,12,636.810188
5.25,13,636.842231
0.75,1,636.844877
-0.25,2,636.849567
11.25,25,636.914685
1.75,6,636.929676
0.75,1,636.932226
18.75,37,637.021577
-0.75,1,637.0243
7.75,16,637.062976
10.25,13,637.096126
0.75,1,637.098972
6.25,12,637.128714
4.25,11,637.156083
8.0,16,637.197662
-0.25,2,637.202378
0.75,1,637.205142
7.75,18,637.248963
0.75,1,637.251777
3.75,10,637.276866
-0.75,1,637.279696
5.75,11,637.30746
0.25,3,637.31526
7.0,14,637.347104
4.25,17,637.386975
0.75,1,637.389563
-0.25,2,637.394764
6.5,13,637.4282
5.25,10,637.45261
3.25,6,637.467385
5.75,14,637.500266
8.25,11,637.527214
-0.75,1,637.529871
-1.25,1,637.53253
0.75,1,637.535399
0.75,4,637.545467
0.75,1,637.548193
4.75,12,637.576476
0.75,1,637.579204
17.0,34,637.663198
0.25,3,637.671186
25.5,36,637.757504
4.25,11,637.78576
0.75,1,637.788828
-0.25,2,637.794381
12.5,25,637.854825
5.0,13,637.889572
21.0,31,638.264897
7.25,17,638.306486
6.25,15,638.342642
0.25,3,638.350287
11.0,22,638.40232
6.75,16,638.442917
7.0,13,638.474238
0.75,1,638.476952
8.5,20,638.526654
-0.25,2,638.531926
10.0,20,638.578822
8.25,16,638.616023
15.0,29,638.688132
0.75,1,638.691119
0.75,1,638.693953
0.75,10,638.717968
10.5,21,638.771391
10.0,14,638.806179
7.5,15,638.839885
4.25,8,638.860461
7.75,18,638.904852
-0.75,1,638.907743
-2.25,13,638.939493
-1.25,3,638.947237
14.5,23,639.00518
27.0,46,639.125195
0.75,1,639.12788
8.25,19,639.177349
3.75,10,639.202961
0.75,1,639.205823
16.0,30,639.280791
14.5,27,639.34558
0.75,4,639.356337
7.5,15,639.394432
12.5,25,639.458327
11.0,22,639.814558
1.75,4,639.824412
-0.25,2,639.829302
-1.25,3,639.836668
-6.25,8,639.856245
4.75,12,639.888477
-3.25,5,639.901906
0.75,1,639.90473
0.75,1,639.907533
12.0,24,639.966221
16.5,18,640.011112
9.25,14,640.044005
2.25,7,640.060921
-0.25,2,640.066295
-0.25,2,640.071431
21.0,31,640.146943
0.75,1,640.149648
5.75,14,640.184572
-0.25,2,640.190081
8.0,16,640.229592
-10.25,12,640.259015
-1.25,3,640.267423
18.0,34,640.349155
4.75,12,640.378241
12.25,19,640.425249
6.75,16,640.467187
8.0,16,640.504908
8.75,14,640.538742
5.25,13,640.570556
9.25,21,640.619259
11.0,20,640.665009
7.5,15,640.702785
11.0,21,640.753174
2.5,20,640.801458
2.75,11,640.828609
16.0,30,640.904775
0.75,1,640.907836
-6.25,17,640.951001
3.25,9,640.973324
-0.75,1,640.975727
-0.25,5,640.98843
3.75,4,640.99968
-0.25,2,641.005392
-0.25,2,641.010565
6.25,12,641.040862
19.0,32,641.426035
21.0,42,641.529936
-7.25,12,641.559542
26.5,40,641.657104
8.25,15,641.693485
-0.75,1,641.696247
-0.25,2,641.701559
9.5,17,641.741069
1.25,5,641.752213
-0.75,1,641.754948
0.75,1,641.757515
17.5,32,641.838236
15.5,25,641.897872
-0.75,1,641.900936
3.25,6,641.916298
10.0,17,641.958145
3.25,6,641.974051
4.75,12,642.004813
1.75,4,642.015485
0.25,3,642.022833
-0.75,1,642.025458
13.0,17,642.065782
0.75,1,642.068337
-0.25,2,642.073696
31.5,48,642.191168
0.25,3,642.199088
-0.75,1,642.202011
-0.25,2,642.20741
16.5,26,642.274267
5.25,13,642.306391
-0.75,1,642.308968
6.75,12,642.337595
1.75,6,642.35202
9.5,16,642.391374
0.75,1,642.39396
0.75,1,642.396705
14.0,24,642.45433
0.75,1,642.457179
0.75,1,642.459948
0.75,1,642.462793
-0.75,1,642.465663
0.75,25,642.523093
3.25,7,642.540979
26.5,40,642.946051
-4.75,5,642.959123
-0.25,2,642.964118
5.25,15,643.000817
0.25,3,643.008234
7.0,14,643.042963
-0.25,2,643.048343
-0.25,2,643.053273
6.25,15,643.090823
13.5,22,643.143541
8.25,19,643.189638
8.75,18,643.233934
13.25,23,643.291758
0.75,1,643.294472
13.5,17,643.334789
9.0,18,643.377437
-0.25,2,643.38223
14.5,27,643.44521
-1.25,3,643.453111
0.75,1,643.456116
0.75,1,643.459143
17.25,35,643.541616
0.75,16,643.579167
3.5,16,643.618946
0.75,1,643.621929
3.25,9,643.644265
2.25,7,643.661754
8.75,16,643.702834
8.25,18,643.747027
0.75,1,643.749657
-0.75,1,643.752367
4.25,7,643.769194
18.0,27,643.832105
-2.25,4,643.842198
0.75,1,643.844743
0.75,1,643.847479
9.25,14,643.882678
3.25,7,643.899881
11.25,25,643.960223
12.0,23,644.014361
-0.75,1,644.016938
21.0,30,644.092457
-0.25,2,644.098864
5.25,13,644.13573
0.75,4,644.146632
1.25,11,644.175366
8.25,19,644.526496
5.75,11,644.554519
6.75,13,644.58515
36.5,40,644.683533
10.5,21,644.736897
1.25,5,644.749422
-0.25,2,644.754577
-0.25,18,644.79532
3.5,13,644.829861
0.75,1,644.832826
5.25,13,644.864041
8.25,15,644.902038
13.0,26,644.968295
3.75,19,645.012971
20.0,36,645.102533
11.5,18,645.147962
8.75,20,645.196245
0.75,1,645.199048
3.25,6,645.213748
14.0,24,645.279213
5.75,23,645.339411
13.0,23,645.397382
10.0,14,645.433098
5.75,11,645.458592
5.25,19,645.506594
-0.75,7,645.524901
14.5,29,645.593186
6.25,13,645.627022
8.75,20,645.679941
25.5,36,645.77199
0.25,3,646.087857
13.5,20,646.136219
16.5,33,646.214158
-0.25,2,646.219075
10.0,20,646.268492
2.75,14,646.303676
15.0,24,646.360446
1.75,6,646.375684
-0.25,2,646.380738
9.5,19,646.424684
1.75,6,646.438719
5.25,7,646.454385
2.75,8,646.473853
13.0,26,646.535701
7.75,20,646.584727
0.25,3,646.592527
0.75,1,646.595789
13.5,24,646.655137
5.25,10,646.679338
0.75,1,646.682078
0.75,19,646.726983
2.75,7,646.74543
2.0,22,646.795598
0.75,1,646.798076
6.75,16,646.838315
-0.25,2,646.843445
5.25,13,646.885841
0.75,1,646.88958
3.75,16,646.931406
5.25,13,646.965959
0.25,3,646.973968
4.75,12,647.00501
9.5,19,647.052731
4.25,11,647.081037
0.25,3,647.088697
3.75,10,647.111893
3.25,6,647.128322
0.75,1,647.131363
19.0,27,647.20347
5.25,10,647.229793
11.25,25,647.301785
0.75,1,647.304879
0.75,1,647.307933
0.75,1,647.31091
8.25,12,647.343319
3.25,9,647.369943
5.25,13,647.715642
4.25,11,647.744647
0.75,1,647.747679
-0.25,2,647.752888
5.25,13,647.784399
0.75,1,647.787173
13.0,22,647.841068
1.25,5,647.853914
-1.75,11,647.881736
12.25,19,647.929229
4.75,12,647.956863
17.5,29,648.028702
0.75,1,648.031668
0.75,1,648.034413
11.5,23,648.092655
2.25,6,648.109156
1.25,5,648.122589
3.75,10,648.147976
9.25,14,648.185301
-0.25,2,648.190988
-0.25,2,648.196368
15.5,23,648.255587
8.75,20,648.308349
0.75,1,648.311207
-1.25,6,648.326051
0.75,1,648.328735
2.25,5,648.340574
-5.25,13,648.371871
0.75,1,648.374719
5.75,11,648.401608
0.75,1,648.40455
8.25,19,648.451364
14.75,30,648.525189
0.25,3,648.532828
15.0,22,648.590844
-0.25,2,648.5963
5.25,10,648.622408
8.25,18,648.669447
6.0,12,648.708246
14.5,26,648.800533
7.5,15,648.849373
10.0,19,648.916989
5.75,14,648.953273
7.5,15,649.001688
5.25,13,649.049475
10.5,15,649.458206
10.5,19,649.505627
-8.5,16,649.545363
1.75,6,649.559951
2.75,8,649.579292
9.5,19,649.622397
14.5,20,649.671996
17.0,25,649.730592
2.25,7,649.749188
4.75,12,649.779109
3.75,16,649.816101
-0.25,2,649.821128
0.75,1,649.823776
4.0,23,649.880148
5.75,14,649.917312
9.5,18,649.963458
5.25,13,650.001245
10.5,20,650.05397
9.75,22,650.108846
9.75,19,650.158005
4.75,12,650.188102
14.0,25,650.247072
11.25,14,650.286161
-2.25,4,650.296434
15.0,22,650.351722
9.25,21,650.403562
2.75,8,650.423833
3.75,10,650.448603
0.75,1,650.451565
14.5,21,650.505401
0.25,3,650.519428
6.25,12,650.551765
0.75,1,650.554734
0.75,4,650.56495
0.75,1,650.567905
-0.25,2,650.573383
10.25,23,650.632086
0.75,1,650.635
-0.25,13,650.669443
2.75,14,650.705494
0.75,1,650.70835
5.75,17,651.073979
0.25,3,651.082004
2.25,7,651.10002
5.75,14,651.13482
-0.25,8,651.154438
6.25,12,651.184305
12.5,22,651.239141
12.5,25,651.301155
-0.75,13,651.33286
10.0,20,651.38082
-4.25,6,651.395494
7.25,17,651.43798
8.0,16,651.477938
8.25,19,651.524951
11.0,20,651.572379
8.0,16,651.610293
10.0,19,651.655195
-0.75,1,651.658048
14.5,24,651.716485
-0.75,1,651.719434
15.5,19,651.765131
7.25,17,651.806967
6.5,13,651.839486
9.5,19,651.887556
1.25,5,651.90071
7.75,15,651.939287
0.25,3,651.946511
14.0,26,652.008353
20.0,40,652.109473
0.75,1,652.112472
10.0,20,652.164409
5.75,11,652.192963
0.75,1,652.195939
-0.25,2,652.201525
21.5,29,652.276852
10.5,21,652.331564
5.75,18,652.691937
13.75,22,652.748402
13.0,16,652.797832
10.5,19,652.848108
5.25,13,652.883945
3.75,13,652.916536
-2.75,3,652.92442
0.75,1,652.927261
5.25,19,652.974603
0.75,4,652.985087
0.75,1,652.987902
10.0,17,653.029469
0.25,3,653.037607
3.75,13,653.07022
6.25,15,653.108409
17.5,32,653.186819
16.5,26,653.248827
-1.25,3,653.256497
-2.25,4,653.267264
12.0,19,653.314663
12.5,19,653.361206
0.75,1,653.363918
0.75,1,653.366606
0.75,1,653.369255
7.5,15,653.405351
8.5,15,653.44179
-4.25,15,653.478755
-1.25,24,653.5364
11.0,22,653.595175
-2.25,4,653.606459
-0.25,2,653.612592
0.75,1,653.615964
0.75,1,653.61909
8.25,19,653.670895
0.75,1,653.673703
0.75,1,653.676761
2.25,7,653.695596
9.25,21,653.749845
22.0,35,653.840894
-0.25,2,653.84621
9.25,18,653.893016
10.0,20,653.944497
8.5,20,654.320058
9.5,19,654.366899
9.25,16,654.405359
13.5,23,654.462437
12.0,24,654.526654
2.75,8,654.547406
11.0,18,654.59074
7.75,17,654.631827
9.0,18,654.676218
11.0,22,654.73049
0.75,4,654.740832
0.75,1,654.743418
0.75,1,654.745811
19.0,32,654.822002
9.75,22,654.876855
5.25,10,654.902277
19.0,27,654.965619
4.25,11,654.993369
0.75,1,654.9963
0.75,1,654.999101
-3.75,13,655.029486
6.25,15,655.066676
0.75,1,655.069521
13.5,24,655.125586
5.25,13,655.156854
1.75,6,655.171325
21.0,31,655.247076
-0.25,2,655.252689
9.75,19,655.302333
9.5,19,655.35082
8.75,20,655.40277
-1.25,3,655.410946
0.75,1,655.413892
2.25,4,655.423935
6.5,13,655.458068
6.75,19,655.507157
-0.25,2,655.512488
5.75,17,655.556282
-0.25,2,655.561877
0.75,1,655.564634
0.75,1,655.567482
-0.25,2,655.57296
0.75,1,655.889967
11.25,15,655.927939
13.0,26,655.988092
-2.25,4,655.998498
0.75,1,656.001333
0.75,1,656.004154
0.75,1,656.007019
18.5,32,656.084981
10.0,21,656.136739
0.75,1,656.139517
9.0,18,656.18368
1.75,6,656.198533
4.25,16,656.237283
-3.25,5,656.249316
0.75,1,656.251972
3.75,10,656.278261
-11.25,18,656.325833
15.0,30,656.398639
13.0,17,656.442571
12.5,25,656.50391
-0.25,2,656.509166
1.75,3,656.517023
-0.25,2,656.522423
0.75,1,656.52511
6.75,16,656.563507
15.5,23,656.620124
10.0,19,656.665928
13.5,17,656.70887
0.75,1,656.711681
11.0,22,656.764861
10.5,21,656.815922
3.25,9,656.839005
8.5,17,656.882172
-0.25,2,656.887528
3.0,33,656.972698
-1.25,15,657.011229
14.5,20,657.061822
10.5,19,657.11014
-0.75,1,657.112973
1.75,12,657.143398
-0.75,1,657.146136
0.75,1,657.148959
7.75,15,657.501313
3.75,16,657.53944
12.75,28,657.60553
-0.25,2,657.610324
1.25,5,657.621488
5.25,16,657.658621
-0.25,2,657.663595
0.75,1,657.666322
7.75,18,657.70901
8.25,13,657.738828
0.75,1,657.741371
0.75,1,657.743883
9.5,19,657.789754
6.5,13,657.821361
4.25,11,657.849283
6.75,16,657.890047
9.5,19,657.937741
-0.25,2,657.942962
0.25,12,657.971437
-4.25,6,657.986356
-0.25,2,657.991767
0.75,1,657.994536
0.75,1,657.997301
1.25,13,658.031212
4.75,12,658.062624
-0.25,2,658.067972
3.5,14,658.108214
5.75,14,658.142918
9.5,16,658.182327
0.75,1,658.18499
0.75,1,658.187565
0.75,1,658.190357
21.5,34,658.279062
21.0,42,658.383781
25.5,36,658.469812
12.0,24,658.526693
0.75,1,658.529401
5.75,14,658.561628
6.0,12,658.590462
0.75,1,658.593063
0.75,1,658.595712
12.5,25,658.663864
1.25,5,658.677037
12.5,22,658.731417
-0.25,2,658.73667
0.75,4,658.746961
12.0,19,659.092885
-6.25,14,659.124931
-0.25,2,659.129579
0.75,1,659.132234
15.0,22,659.185004
11.5,22,659.236169
3.25,6,659.250624
-0.75,1,659.253364
-0.25,2,659.258555
5.25,13,659.289851
0.75,1,659.292487
6.75,16,659.330035
3.25,9,659.353841
9.75,15,659.391257
4.25,11,659.416942
0.75,1,659.419432
4.25,11,659.445244
13.0,17,659.484254
1.25,5,659.496475
12.5,25,659.558782
6.25,15,659.5986
0.75,4,659.608243
14.0,26,659.671272
10.5,21,659.719446
14.5,26,659.780492
11.5,23,659.83346
-4.25,6,659.848554
-0.75,1,659.851075
-0.75,1,659.853485
9.75,16,659.891367
-0.25,2,659.896008
14.0,23,659.948301
15.25,33,660.026888
-0.75,1,660.03001
-0.25,2,660.035503
-0.25,2,660.040781
0.75,1,660.043563
1.25,5,660.056672
6.5,22,660.112011
9.25,21,660.165761
10.0,19,660.215149
-2.75,15,660.252792
14.5,23,660.623886
-0.75,1,660.626726
0.75,1,660.629489
11.0,21,660.682216
-1.25,3,660.690098
0.75,1,660.693131
0.75,1,660.695963
0.75,1,660.69893
2.25,13,660.731356
9.0,18,660.776685
7.25,14,660.811043
14.0,26,660.873694
18.5,22,660.927321
12.0,15,660.963427
-4.25,6,660.977531
0.75,1,660.980328
7.75,14,661.015909
10.5,21,661.068164
0.75,1,661.070928
0.75,1,661.073703
0.25,3,661.080974
13.0,26,661.144975
16.0,24,661.201789
1.75,3,661.209023
-2.25,4,661.21897
12.25,23,661.274653
10.75,24,661.333156
0.25,3,661.34046
0.75,4,661.350339
-5.25,7,661.36766
6.75,14,661.401708
21.5,29,661.471564
1.25,5,661.483577
0.75,4,661.49251
9.25,15,661.526211
0.75,1,661.528962
15.5,30,661.605551
0.75,1,661.608426
7.5,15,661.646383
-0.75,1,661.649156
12.5,19,661.698178
3.25,15,661.735512
0.75,1,661.738375
9.5,19,661.786328
0.75,1,661.788905
11.5,21,661.839557
10.0,20,662.20093
12.5,25,662.261077
9.5,18,662.305508
0.75,1,662.308357
7.25,17,662.347898
4.75,12,662.376953
14.0,24,662.433051
1.75,6,662.447895
11.25,21,662.498551
-0.75,1,662.501125
9.5,19,662.547361
-0.25,2,662.552678
3.75,10,662.575964
-0.25,2,662.581204
6.25,15,662.615784
0.75,1,662.618638
3.25,9,662.640673
-0.25,2,662.645977
6.0,12,662.673881
15.0,21,662.727311
7.5,15,662.763665
9.0,18,662.805272
14.75,24,662.861116
7.5,15,662.898954
0.75,1,662.901815
-0.25,2,662.907199
9.75,18,662.951608
2.25,4,662.961993
-0.75,1,662.964722
4.25,11,662.990824
16.5,26,663.048714
0.75,1,663.051514
11.0,18,663.093923
10.0,15,663.132306
14.0,24,663.193485
-0.25,2,663.198925
4.0,14,663.235063
7.75,18,663.281333
9.25,13,663.314265
10.25,20,663.363217
0.75,1,663.365957
6.75,16,663.405332
-0.75,1,663.408039
0.75,16,663.752441
-0.75,15,663.787915
-0.25,2,663.793023
5.25,13,663.825085
7.5,15,663.861456
4.25,8,663.882378
0.75,1,663.885443
0.75,4,663.895774
0.75,1,663.898554
0.75,4,663.908775
0.75,1,663.911562
-0.75,1,663.914371
-0.25,2,663.919609
4.75,12,663.947814
8.75,17,663.986929
12.5,25,664.045488
13.5,24,664.100964
9.5,19,664.14407
11.5,19,664.188035
0.75,1,664.190779
2.75,14,664.225205
5.25,16,664.264267
5.75,14,664.299331
9.25,14,664.333469
0.75,4,664.343366
8.75,15,664.380587
8.25,19,664.425327
0.75,1,664.427908
5.0,12,664.456411
6.75,15,664.491364
-3.25,5,664.502479
2.75,8,664.520695
-0.75,1,664.523246
-0.25,2,664.528307
1.75,3,664.535502
-2.25,4,664.544669
11.5,23,664.599418
13.0,17,664.644507
12.5,22,664.701099
15.0,30,664.777567
1.25,14,664.812212
8.5,17,664.856038
0.75,1,664.859012
0.75,1,664.86192
3.25,15,664.901789
-3.25,5,664.914534
10.25,23,664.97023
0.75,1,664.973138
14.0,28,665.362339
3.25,15,665.398856
22.5,25,665.459141
2.75,11,665.485875
8.25,15,665.52035
-0.75,1,665.522841
-3.25,5,665.534317
13.0,26,665.593338
4.75,12,665.62172
7.75,16,665.660079
0.75,4,665.669392
10.0,21,665.717546
6.5,13,665.747766
6.25,10,665.772518
5.0,12,665.801313
2.25,7,665.818138
1.75,6,665.832029
12.5,14,665.864601
0.75,13,665.897281
2.25,7,665.914971
-2.25,4,665.924322
1.75,3,665.931454
-0.25,2,665.936543
2.25,7,665.953265
21.0,31,666.027997
3.75,10,666.051621
-2.25,4,666.061593
10.0,21,666.111138
15.75,23,666.16335
12.25,23,666.221315
0.75,1,666.224145
0.75,1,666.226968
0.75,4,666.237371
2.25,7,666.255601
1.75,3,666.263759
-0.25,2,666.269763
-2.25,4,666.28037
9.5,19,666.336592
9.75,20,666.392722
8.0,16,666.436202
11.0,15,666.475358
0.75,7,666.493336
14.5,24,666.552015
-0.25,2,666.557115
8.25,16,666.897549
0.75,4,666.907629
5.25,13,666.937904
-0.25,2,666.94299
-0.25,2,666.947755
0.25,3,666.954836
-2.25,4,666.964077
16.5,18,667.006123
0.75,1,667.008636
-0.75,1,667.011256
-0.25,2,667.016443
13.0,19,667.061369
10.5,16,667.099575
0.75,1,667.102238
1.75,15,667.137992
-0.75,1,667.141001
19.5,30,667.218407
5.75,14,667.256371
14.5,22,667.316871
-3.25,14,667.353359
10.25,16,667.393674
-0.75,1,667.396646
1.75,3,667.404419
25.5,36,667.491274
2.25,4,667.501431
8.75,23,667.555646
10.5,19,667.604016
13.25,20,667.668852
7.75,18,667.738867
-0.75,1,667.743356
-0.25,2,667.751297
3.25,9,667.779589
1.25,5,667.797021
1.75,3,667.806859
5.75,17,667.85168
4.25,14,667.88877
-3.75,10,667.914401
7.75,15,667.954855
-0.25,2,667.961197
0.75,1,667.964496
12.5,25,668.036
0.75,1,668.039073
1.75,4,668.050657
-0.25,2,668.056955
15.0,24,668.125636
2.25,7,668.143341
3.75,4,668.153719
-0.25,2,668.159001
10.75,24,668.218848
-1.25,3,668.226845
2.25,7,668.565938
-0.25,7,668.584929
14.0,24,668.648258
-0.25,2,668.654569
2.75,8,668.676203
2.25,4,668.687127
5.25,13,668.721864
-0.25,11,668.752766
10.75,19,668.802356
0.75,1,668.805225
0.75,3,668.812979
10.0,19,668.859083
11.5,23,668.916106
11.0,22,668.969929
11.0,20,669.023345
2.75,8,669.044976
8.75,12,669.077767
-0.25,2,669.083227
0.75,1,669.086199
0.75,16,669.1253
0.75,1,669.128204
12.5,24,669.187859
19.5,30,669.260636
0.75,1,669.263642
5.25,13,669.29859
10.25,23,669.362911
0.25,3,669.371384
-0.25,2,669.377228
0.75,1,669.380099
0.75,1,669.383184
9.75,18,669.430767
0.75,1,669.433794
0.75,1,669.436779
12.0,16,669.477697
13.25,29,669.556926
-0.75,1,669.559871
3.25,9,669.584922
-0.25,2,669.590776
3.25,6,669.607547
2.25,4,669.619369
-8.25,13,669.654686
-5.25,7,669.674432
6.5,13,669.70917
0.75,1,669.712016
0.75,1,669.714884
-7.25,18,669.760989
-0.25,2,669.766351
13.0,18,669.809055
-0.25,2,669.813634
-0.75,1,669.816475
9.75,22,669.874427
11.5,23,670.227275
9.75,19,670.271618
3.25,8,670.290977
0.75,1,670.293535
8.5,15,670.328747
-3.75,10,670.355901
0.75,1,670.358922
-0.25,2,670.364997
7.25,17,670.411529
-0.75,1,670.414625
-0.25,2,670.42087
-0.25,2,670.42707
-0.25,2,670.433134
15.5,19,670.487951
-0.25,5,670.502537
1.75,6,670.519238
0.25,6,670.535499
11.5,22,670.592221
0.75,1,670.594623
13.5,20,670.644342
2.75,4,670.656053
0.75,1,670.65899
2.25,7,670.679582
19.0,26,670.746389
6.75,16,670.786213
18.0,25,670.843453
7.25,17,670.884704
25.5,36,670.970552
0.25,3,670.978058
11.25,25,671.04263
0.25,3,671.051344
25.5,36,671.153945
14.5,27,671.224549
-0.25,2,671.230008
-0.75,1,671.232768
-0.75,1,671.235654
4.25,11,671.26219
7.0,14,671.300915
3.75,4,671.312333
5.75,14,671.349953
-0.25,2,671.355264
7.25,13,671.388495
0.75,1,671.391584
0.25,3,671.399374
-0.25,2,671.404562
9.5,17,671.446858
18.5,26,671.817686
5.25,13,671.850291
0.75,1,671.853122
-0.75,1,671.856177
16.5,26,671.922461
4.75,12,671.952627
0.75,4,671.962883
-0.25,2,671.96849
1.25,5,671.980637
6.25,15,672.018814
4.25,11,672.044376
4.75,12,672.073637
3.75,10,672.099271
7.25,17,672.140486
-0.25,2,672.145774
10.25,20,672.195475
13.0,17,672.242896
4.75,12,672.276534
13.0,26,672.365238
8.25,19,672.437566
0.75,1,672.44117
12.5,17,672.49678
-0.75,1,672.499902
7.0,14,672.543173
9.25,13,672.580913
14.0,16,672.624522
1.75,5,672.639048
11.5,23,672.704322
-0.75,1,672.707318
2.75,14,672.744758
-0.25,16,672.786572
2.75,11,672.816333
0.75,1,672.819243
0.75,1,672.82207
0.75,1,672.825027
-2.25,4,672.836077
-0.25,2,672.841411
-0.75,1,672.844395
0.75,1,672.847326
1.25,5,672.861013
14.5,23,672.921604
-1.75,5,672.934997
2.75,5,672.949125
-0.25,2,672.955287
-0.25,2,672.961427
0.75,1,672.96453
10.75,15,673.007833
0.75,1,673.011234
10.5,21,673.070775
8.25,19,673.120226
13.0,24,673.182656
14.5,23,673.590945
7.5,15,673.633601
0.75,1,673.636566
4.25,10,673.664737
1.25,5,673.679577
13.5,22,673.740316
9.0,24,673.80697
-0.25,2,673.812399
2.75,8,673.833227
1.75,6,673.849408
0.75,1,673.85231
-0.75,1,673.855334
8.5,16,673.897382
2.25,6,673.913025
11.25,16,673.953395
13.0,18,673.998364
6.5,18,674.040271
4.25,7,674.056716
9.0,18,674.098208
3.75,10,674.122003
0.75,4,674.132543
4.25,11,674.16185
15.5,18,674.209424
0.75,1,674.212249
7.25,17,674.255769
16.0,24,674.316042
3.75,10,674.341364
-0.25,2,674.346782
-0.75,1,674.349395
8.75,19,674.397915
0.75,1,674.401036
13.0,19,674.449784
1.25,14,674.486347
4.25,11,674.515713
-0.75,1,674.518779
12.5,19,674.568925
16.5,23,674.629882
3.25,6,674.645657
0.75,1,674.648851
0.75,1,674.651974
3.25,7,674.670422
-0.25,2,674.675764
-0.75,1,674.678705
4.75,12,674.708558
-0.75,1,674.711346
-0.75,1,674.714332
7.75,15,674.751092
4.25,11,674.777526
25.5,36,674.859352
10.75,24,675.238917
-0.75,1,675.242054
22.5,25,675.303676
13.0,26,675.364811
9.5,16,675.404382
9.0,18,675.446589
2.25,7,675.463612
20.0,36,675.548185
5.25,13,675.57787
3.75,10,675.601881
10.0,16,675.641448
9.75,16,675.679696
16.5,23,675.733925
6.25,13,675.763689
0.75,1,675.766217
6.75,16,675.804589
-0.75,1,675.807316
-0.25,2,675.812294
1.75,6,675.826548
-4.25,6,675.840683
3.75,8,675.859502
-0.75,1,675.862129
-3.25,5,675.875392
0.75,1,675.878206
9.0,18,675.920894
8.75,20,675.973624
11.0,16,676.014767
2.25,7,676.032284
12.5,25,676.097962
-2.25,13,676.131462
0.25,3,676.139403
14.0,16,676.181734
3.75,13,676.215136
7.25,11,676.242236
-4.75,20,676.291522
6.0,12,676.321178
5.25,12,676.35008
10.25,13,676.381611
7.25,16,676.418658
11.0,22,676.469867
1.25,5,676.769709
11.5,23,676.824093
2.75,14,676.856343
0.75,1,676.858935
0.75,1,676.861657
1.25,5,676.876204
5.75,11,676.905673
0.75,1,676.908561
18.5,25,676.970528
0.75,1,676.97308
16.5,27,677.034793
7.25,17,677.073
-7.25,11,677.097788
17.5,22,677.150678
9.25,13,677.181331
5.25,13,677.212204
-3.25,5,677.224904
12.0,18,677.266609
8.75,18,677.312288
5.25,13,677.341358
0.75,1,677.343738
0.75,1,677.346328
4.75,12,677.375734
0.75,1,677.378555
-0.25,2,677.383995
0.75,13,677.418392
8.5,20,677.468751
23.0,23,677.525112
1.75,9,677.546902
0.75,4,677.556198
0.75,1,677.558937
-0.25,2,677.564064
0.75,1,677.566658
0.75,1,677.569512
0.75,1,677.572225
2.25,4,677.582032
12.75,28,677.648434
18.5,25,677.710009
-0.75,1,677.713433
12.5,19,677.764703
0.75,1,677.767998
-0.75,1,677.770994
21.0,39,677.874115
11.75,22,677.930344
10.0,20,677.977723
-1.25,3,677.984943
7.75,13,678.015472
14.0,25,678.379737
8.75,19,678.424882
6.25,15,678.462268
6.75,16,678.501394
6.25,12,678.528784
2.75,8,678.547334
12.5,25,678.605126
2.75,5,678.616683
2.25,4,678.625685
11.0,22,678.675564
-0.75,1,678.678817
0.75,1,678.68174
12.5,25,678.744364
0.25,14,678.779577
-0.25,2,678.78494
3.0,14,678.820496
0.75,4,678.830216
7.25,17,678.875771
8.75,14,678.914187
0.25,3,678.92242
2.75,4,678.933859
12.5,25,679.0066
4.75,12,679.040916
-4.25,15,679.08092
4.75,12,679.113384
2.75,8,679.134932
10.0,16,679.175728
7.75,11,679.204316
14.5,26,679.271275
-7.25,9,679.294378
-6.25,17,679.340068
4.75,12,679.37271
6.25,15,679.410842
0.75,1,679.41358
17.5,32,679.495621
0.75,1,679.498724
-0.25,7,679.516161
18.25,39,679.605836
1.75,6,679.916867
0.75,1,679.919952
17.5,32,680.000339
11.75,19,680.04572
6.25,15,680.08336
-0.25,2,680.089136
5.25,13,680.128094
0.75,1,680.132288
0.75,1,680.135405
-0.25,2,680.141514
0.75,1,680.144776
-0.25,14,680.183545
0.75,4,680.194086
6.25,15,680.233233
9.0,18,680.277388
11.0,21,680.329787
16.0,24,680.388347
11.75,26,680.452305
1.75,6,680.466253
15.0,21,680.522742
13.5,20,680.576229
14.5,21,680.63008
-0.75,1,680.632686
10.0,22,680.688351
5.25,13,680.722325
6.25,12,680.75338
9.5,19,680.802343
9.25,14,680.837384
15.5,23,680.896719
-0.75,1,680.899672
10.5,21,680.953367
0.75,1,680.956112
9.5,19,681.004586
-0.25,2,681.010182
-0.25,2,681.015382
11.25,20,681.062697
-0.25,2,681.067916
16.5,23,681.122377
7.75,18,681.166332
-2.25,4,681.17625
5.75,14,681.210217
12.0,18,681.580915
12.0,24,681.651025
0.75,1,681.654218
-0.25,2,681.660032
4.75,8,681.683312
6.25,15,681.728479
-0.75,1,681.732441
0.75,4,681.745564
-0.75,1,681.749358
-0.75,1,681.753225
-0.75,1,681.756743
0.75,1,681.760242
8.0,16,681.808715
0.25,3,681.818308
10.0,19,681.872131
-0.25,2,681.878232
5.75,13,681.914543
6.25,15,681.957859
12.0,24,682.023955
10.5,15,682.065553
8.75,20,682.121208
21.0,42,682.233825
0.75,1,682.236651
22.0,30,682.316417
13.0,17,682.361498
9.75,15,682.405708
10.0,19,682.461241
8.0,16,682.507183
0.75,4,682.519773
0.75,1,682.523132
-0.75,1,682.526652
-0.75,1,682.529723
3.75,10,682.557316
12.0,23,682.61802
9.5,19,682.667206
0.75,1,682.670045
6.25,14,682.707066
21.0,31,682.785545
17.0,26,682.849873
9.5,18,682.894743
2.25,10,682.919497
28.0,37,683.310631
11.5,23,683.36704
15.0,21,683.419091
1.75,15,683.456341
0.75,1,683.459265
-1.75,14,683.493053
10.5,16,683.530912
0.75,1,683.533496
-0.25,2,683.53881
-0.75,1,683.541588
7.25,11,683.568982
0.75,1,683.571592
9.5,17,683.612609
8.75,14,683.646243
12.5,22,683.70037
0.75,1,683.703206
-1.25,9,683.725511
5.25,13,683.757718
0.75,1,683.760638
9.75,22,683.814965
13.0,26,683.877047
10.0,21,683.926319
7.25,17,683.971377
0.25,3,683.979501
1.25,5,683.992677
7.25,11,684.021197
10.25,23,684.080323
0.75,1,684.083242
-0.25,14,684.118884
6.25,13,684.152204
10.0,20,684.202656
10.0,14,684.236726
0.75,1,684.239363
0.25,3,684.247077
0.75,1,684.24989
0.75,4,684.260213
0.75,1,684.262937
5.25,16,684.303175
0.75,1,684.306205
17.0,33,684.386609
8.25,11,684.414216
8.5,17,684.457393
3.75,10,684.481213
5.75,14,684.514698
4.75,9,684.835569
13.75,25,684.896267
-0.75,1,684.899192
7.75,17,684.939587
15.5,19,684.988095
25.0,43,685.095371
3.25,9,685.117736
4.75,12,685.147627
4.25,11,685.173118
5.75,11,685.200029
0.75,4,685.210819
7.5,15,685.248504
9.0,18,685.293104
16.0,30,685.36481
12.5,25,685.425127
14.5,26,685.487215
4.25,11,685.515243
9.75,22,685.570515
0.75,1,685.573338
11.5,27,685.641055
0.75,1,685.644042
15.75,25,685.707067
0.25,3,685.715109
7.25,17,685.758091
7.5,15,685.810921
10.5,21,685.901509
9.0,18,685.957487
8.5,17,686.001011
19.5,30,686.070761
-0.75,1,686.073475
-2.75,15,686.109034
5.75,14,686.141598
0.75,1,686.454281
1.75,3,686.463677
11.25,18,686.513023
0.75,1,686.516175
-0.75,1,686.519296
7.25,17,686.564245
0.75,1,686.567411
13.0,17,686.611757
-0.75,1,686.614727
13.0,24,686.678442
4.75,12,686.710091
4.25,11,686.745159
6.75,9,686.768681
0.75,1,686.771547
10.5,15,686.812752
0.75,1,686.815553
0.75,1,686.818447
8.25,19,686.865056
6.75,16,686.906377
2.75,8,686.925055
0.75,1,686.927723
3.75,10,686.951697
0.75,4,686.961416
14.5,26,687.025642
0.75,1,687.028317
3.25,9,687.050089
-0.25,2,687.055023
10.5,21,687.105293
12.5,25,687.165436
2.75,8,687.185288
2.75,8,687.204658
0.75,1,687.20731
2.75,11,687.235614
2.25,4,687.246404
0.75,1,687.24935
1.75,6,687.264949
24.0,46,687.382854
10.0,19,687.431201
3.25,9,687.453838
1.75,5,687.46648
-0.25,14,687.498497
12.25,27,687.563604
7.75,18,687.605689
0.25,3,687.612887
12.0,16,687.650384
5.75,14,687.683055
8.75,20,687.728111
-0.25,8,688.103967
0.75,1,688.107059
0.75,1,688.109907
0.75,1,688.112938
6.75,16,688.15458
-0.25,8,688.174287
12.5,25,688.233517
11.25,25,688.298686
5.25,11,688.326328
-0.75,1,688.329166
6.5,13,688.361251
0.25,3,688.369442
-2.25,4,688.379325
0.75,1,688.382275
3.25,6,688.398223
14.0,24,688.456964
-0.75,1,688.459753
11.25,19,688.506645
9.25,21,688.557163
11.0,22,688.614338
0.75,4,688.624465
0.75,1,688.626934
4.75,12,688.658084
-0.25,5,688.671091
9.75,21,688.725975
-2.25,4,688.736644
0.75,1,688.739765
21.0,39,688.839647
-0.75,1,688.842623
21.5,43,688.954932
7.25,17,689.00048
9.5,19,689.055969
0.75,1,689.059901
-0.75,1,689.063387
8.75,20,689.136445
-1.25,6,689.158483
-0.75,1,689.162835
8.5,13,689.20703
0.75,1,689.210299
2.25,7,689.230619
7.25,17,689.292883
8.75,20,689.370068
-0.25,2,689.377293
11.5,18,689.427375
0.75,1,689.430485
0.25,3,689.437813
-0.75,1,689.440569
-0.25,2,689.445941
0.75,1,689.448883
5.0,19,689.502526
0.75,1,689.505538
-0.75,1,689.508634
14.0,28,689.937756
3.75,10,689.963427
4.75,12,689.994935
0.75,1,689.997886
15.0,18,690.04408
38.0,49,690.257358
1.75,6,690.299462
-0.25,2,690.310759
-2.25,4,690.330782
0.75,1,690.335576
14.0,28,690.425211
5.25,13,690.461068
-3.25,14,690.499439
20.0,36,690.603908
1.75,6,690.621389
8.75,20,690.680528
3.75,4,690.692574
12.5,25,690.776997
0.75,1,690.781687
6.5,13,690.847065
-0.25,2,690.855517
0.75,1,690.859116
4.5,15,690.904763
5.25,10,690.93341
3.25,9,690.958617
-0.75,1,690.96167
-0.25,2,690.967463
9.25,16,691.011426
-0.75,1,691.014452
5.75,14,691.056089
6.75,10,691.086241
1.75,6,691.103973
0.75,1,691.107241
4.75,12,691.143203
-0.25,2,691.149335
0.75,1,691.152596
0.75,1,691.155766
0.75,4,691.167259
14.5,23,691.234761
-0.25,2,691.241284
13.0,22,691.307787
14.0,25,691.382019
-1.25,3,691.390636
21.0,31,691.475603
8.75,11,691.50744
-0.75,1,691.900277
13.0,26,691.975938
0.75,1,691.979362
4.0,23,692.047204
21.0,39,692.167584
-3.75,4,692.180115
0.75,1,692.183323
9.5,19,692.232459
-1.25,3,692.240705
-0.25,2,692.246208
0.75,1,692.249154
13.75,16,692.294214
3.75,10,692.321169
0.75,1,692.324158
3.75,16,692.369171
1.25,5,692.382972
0.75,1,692.385885
9.0,18,692.432026
10.25,12,692.464677
-3.25,5,692.477818
2.25,7,692.496666
10.0,20,692.550605
7.75,18,692.59938
10.0,19,692.648009
11.0,15,692.687645
0.75,1,692.690657
9.5,18,692.737126
12.0,19,692.783335
3.25,15,692.824942
8.0,16,692.874364
0.75,1,692.877537
-10.25,15,692.915023
0.75,1,692.917814
21.0,42,693.016947
0.75,1,693.020064
-0.25,2,693.025011
0.75,1,693.027514
0.75,4,693.037647
10.75,21,693.091527
0.75,1,693.094611
8.25,19,693.142818
11.0,46,693.255515
-1.25,3,693.263669
18.5,22,693.68137
-0.25,2,693.68699
5.5,17,693.729757
17.0,33,693.816132
10.25,18,693.864886
16.5,22,693.927087
8.5,15,693.964507
0.75,1,693.967182
8.5,15,694.005746
10.5,19,694.052055
1.75,3,694.060433
0.75,4,694.071203
4.25,11,694.100856
-0.25,2,694.10631
11.0,20,694.15805
2.75,8,694.178568
-0.75,1,694.181559
1.75,6,694.197388
10.5,18,694.244264
2.25,13,694.278587
2.25,7,694.296969
-0.75,1,694.299867
10.5,21,694.354572
7.75,16,694.39671
4.25,11,694.427109
0.75,1,694.430428
14.5,29,694.51721
3.5,14,694.553491
11.0,20,694.605401
-0.75,1,694.608385
2.75,14,694.643991
0.75,1,694.646842
1.75,3,694.65486
-0.25,2,694.659839
6.25,15,694.704117
5.75,14,694.741142
0.75,4,694.751082
0.75,1,694.754155
13.5,26,694.819661
0.75,1,694.822745
0.75,1,694.827185
0.75,1,694.830599
13.5,20,694.892573
9.5,14,694.927013
5.75,14,694.962617
5.25,16,695.30168
-0.25,11,695.3279
16.5,26,695.388431
14.5,22,695.441129
7.5,15,695.484206
0.75,1,695.487361
2.75,8,695.518548
14.5,26,695.591197
0.75,4,695.602026
5.75,14,695.635954
9.0,18,695.67786
4.75,18,695.720477
7.25,17,695.76364
-0.25,2,695.769026
6.5,13,695.801994
3.75,16,695.840988
-0.75,1,695.843888
-0.25,2,695.84903
-0.25,2,695.854372
1.25,5,695.867383
-1.25,12,695.898901
-2.25,4,695.909337
16.5,31,695.988068
0.75,6,696.004035
4.25,11,696.030403
3.25,9,696.053008
-0.75,1,696.055898
-0.75,1,696.05889
2.25,13,696.09356
11.25,22,696.150602
0.75,1,696.153438
0.75,4,696.163527
9.5,19,696.208155
0.75,1,696.210769
27.0,46,696.325389
9.25,21,696.37478
5.75,14,696.4074
8.0,16,696.446677
16.0,24,696.50329
8.5,23,696.558173
12.75,21,696.922931
1.75,3,696.932734
5.75,14,696.979051
6.25,11,697.013291
5.75,14,697.058595
-0.25,2,697.065303
7.5,15,697.111095
12.0,18,697.168131
0.75,1,697.171379
-1.25,15,697.219108
18.5,19,697.287509
8.25,13,697.325572
15.5,19,697.382404
5.25,12,697.423251
12.5,25,697.509696
5.75,14,697.556656
-0.25,2,697.56399
18.5,19,697.629324
10.5,21,697.70594
17.5,33,697.807507
0.75,1,697.810393
0.75,1,697.813666
25.0,43,697.927716
-0.75,1,697.930705
2.25,7,697.949516
1.25,5,697.962847
0.75,1,697.965943
0.75,1,697.968793
4.75,12,697.999201
9.0,18,698.043289
3.75,6,698.057722
-0.75,1,698.060322
15.5,29,698.129058
0.75,1,698.132063
2.75,5,698.14457
22.0,35,698.233237
-0.25,2,698.238739
0.75,1,698.241752
-1.25,3,698.249964
1.25,5,698.263684
-0.25,2,698.269438
-0.75,1,698.273192
1.75,6,698.290504
14.0,24,698.348568
6.25,15,698.387469
2.75,8,698.772113
9.0,18,698.82283
0.75,1,698.826513
-0.25,2,698.833591
-0.25,2,698.839241
7.0,19,698.892593
0.75,1,698.895521
0.25,3,698.904581
-0.25,2,698.91029
0.75,1,698.912978
2.25,4,698.923511
12.5,25,698.986476
9.25,14,699.019454
0.75,1,699.022048
12.5,19,699.069787
8.5,15,699.107371
9.75,22,699.161218
8.75,20,699.213241
-0.75,1,699.216185
-0.75,1,699.219205
8.5,17,699.26943
0.75,1,699.273258
0.75,10,699.312882
0.75,4,699.335433
7.75,15,699.405434
0.75,1,699.411991
12.0,21,699.49494
2.75,8,699.516112
0.75,1,699.519415
10.75,17,699.563573
9.75,19,699.612487
-0.25,2,699.618122
0.75,1,699.620922
9.25,21,699.67527
1.75,6,699.689574
8.0,16,699.727563
-0.25,2,699.733232
7.5,15,699.772859
11.0,20,699.825996
0.25,3,699.833631
3.25,9,699.856867
-0.25,2,699.86223
7.75,16,699.902337
0.25,3,699.910162
12.0,24,699.967882
19.0,32,700.050461
0.75,1,700.05313
1.75,6,700.067964
2.25,6,700.082867
10.75,20,700.135643
1.75,6,700.151379
7.25,13,700.520873
-0.75,1,700.523991
0.75,4,700.534781
2.25,7,700.553384
-4.75,17,700.600673
27.0,46,700.724225
3.75,10,700.750647
12.0,23,700.815055
-1.25,3,700.823597
7.75,18,700.870965
0.75,1,700.874967
10.0,20,700.929829
0.75,1,700.933267
7.0,14,700.971116
12.0,19,701.022567
2.25,7,701.045218
6.25,15,701.089406
0.75,1,701.092435
-2.25,4,701.103897
10.0,23,701.166057
7.75,15,701.207512
-2.25,7,701.227416
-2.25,4,701.239871
-0.75,1,701.24317
-3.75,4,701.254933
12.5,24,701.320909
5.0,12,701.355265
7.75,15,701.400831
-0.75,1,701.405866
-0.25,2,701.412755
0.25,6,701.430926
5.0,12,701.4663
0.75,4,701.47694
-1.75,5,701.489932
-0.75,1,701.492895
8.5,17,701.535126
16.5,33,701.619554
1.25,5,701.632477
-0.75,1,701.635225
21.5,34,701.724759
13.5,14,701.761288
19.0,32,701.844229
6.25,15,701.88865
-0.25,2,701.895297
1.75,15,702.261497
6.25,15,702.304257
-0.25,11,702.332076
7.75,18,702.385227
0.25,14,702.423219
10.0,20,702.484905
5.75,18,702.53092
9.5,18,702.576476
-0.25,2,702.582045
-0.75,1,702.584975
3.75,4,702.595708
0.75,1,702.598681
13.5,27,702.670135
-1.25,1,702.673082
13.0,24,702.736942
3.5,15,702.776205
8.0,16,702.818181
11.25,25,702.886521
-0.25,2,702.892166
10.0,17,702.93517
8.25,15,702.974183
7.0,14,703.009968
-0.75,1,703.012717
0.75,1,703.015462
4.75,12,703.046519
0.75,1,703.049698
24.0,46,703.183704
22.5,25,703.252986
10.0,22,703.32094
23.0,23,703.379548
-0.75,7,703.398037
0.75,1,703.400855
1.25,5,703.414189
2.25,10,703.440022
21.5,29,703.515813
0.75,1,703.518868
12.75,18,703.569223
0.75,1,703.572212
2.25,7,703.590415
15.75,24,704.024612
1.25,8,704.046961
7.75,18,704.097654
0.75,4,704.108774
2.75,7,704.135735
25.5,30,704.219878
18.0,18,704.267902
-0.75,1,704.270929
10.0,20,704.32585
13.5,20,704.377508
2.25,7,704.396596
-5.25,13,704.431169
5.25,10,704.458356
-0.25,2,704.464039
-0.25,5,704.478302
0.25,3,704.486338
-0.25,2,704.491594
-2.75,12,704.523222
12.0,24,704.586044
0.25,3,704.594097
0.75,1,704.597148
0.75,4,704.608224
0.75,5,704.622039
0.75,4,704.633276
9.75,22,704.690236
13.0,16,704.73095
9.5,19,704.781249
8.5,17,704.824894
0.75,1,704.827698
17.5,35,704.92054
7.5,15,704.965042
5.75,14,705.00804
0.75,1,705.011306
6.25,15,705.054445
0.75,1,705.057376
15.5,43,705.169699
12.0,15,705.207836
8.5,17,705.253636
0.75,19,705.308094
5.25,13,705.340336
9.0,17,705.383646
0.75,1,705.386664
8.0,22,705.766845
5.25,15,705.804113
1.25,5,705.816596
7.25,15,705.853643
4.25,8,705.874364
0.75,1,705.877243
0.75,1,705.879927
12.5,22,705.936549
4.75,7,705.955706
7.25,17,705.999223
10.5,19,706.049204
0.75,1,706.05203
0.75,1,706.055007
8.0,16,706.096882
7.25,17,706.140837
0.75,1,706.143814
2.75,5,706.157079
12.5,24,706.218646
11.0,22,706.278364
-0.25,2,706.28371
14.0,28,706.355353
0.25,3,706.363539
0.75,4,706.373871
11.5,23,706.432508
7.75,18,706.477731
36.5,40,706.579766
5.75,12,706.610049
7.75,18,706.655518
0.75,1,706.658657
1.75,6,706.673901
14.75,21,706.728104
14.75,22,706.782311
18.5,37,706.875965
-0.25,2,706.881412
0.75,1,706.884348
6.25,12,706.915213
15.5,43,707.022124
25.0,39,707.458006
12.0,19,707.508938
4.25,19,707.558465
5.25,16,707.601691
0.75,1,707.604692
1.75,6,707.621255
9.5,19,707.671587
-6.25,8,707.692641
8.5,20,707.748162
-0.25,2,707.754186
9.5,17,707.799404
13.5,27,707.869306
2.75,8,707.896058
-0.75,1,707.899014
0.75,1,707.901928
4.75,12,707.938531
6.75,16,707.983948
4.0,14,708.020526
8.0,16,708.063044
5.25,13,708.099918
0.75,1,708.102834
0.25,6,708.11854
0.25,3,708.126196
-3.0,18,708.175713
1.25,5,708.192192
4.75,12,708.227018
0.75,1,708.230727
4.75,12,708.263037
3.25,9,708.291106
0.75,4,708.302197
19.0,32,708.385877
25.5,36,708.47864
0.25,3,708.48631
1.25,8,708.506494
5.75,11,708.535256
10.5,21,708.589948
0.75,1,708.592736
11.5,23,708.652017
25.5,36,708.744946
-0.25,2,708.750379
6.75,22,709.13899
0.25,3,709.146971
-0.25,2,709.152645
-0.25,2,709.158179
6.75,12,709.193305
6.25,15,709.234437
12.0,16,709.279413
-4.25,9,709.303555
8.0,16,709.34516
11.25,15,709.384686
10.5,21,709.439695
0.75,1,709.442642
0.75,1,709.445467
1.25,5,709.458856
-0.25,2,709.464218
1.25,5,709.477282
13.5,22,709.532851
-1.25,3,709.540228
9.25,18,709.58542
9.5,18,709.630733
9.5,18,709.675947
9.5,19,709.723099
7.5,15,709.760601
-1.25,15,709.798094
10.0,20,709.848266
5.25,13,709.882042
-1.0,19,709.928923
12.5,14,709.964131
0.75,1,709.967034
0.75,16,710.006387
16.5,22,710.060186
-0.25,2,710.066112
8.5,28,710.134968
0.75,1,710.137861
10.0,17,710.180194
7.25,17,710.221989
-1.25,3,710.229917
13.5,26,710.295609
-0.25,2,710.300891
-0.75,1,710.303746
0.75,1,710.30689
-0.25,2,710.312312
-17.25,19,710.362743
-0.75,1,710.365972
0.75,1,710.368673
3.0,14,710.717568
13.0,17,710.75964
-0.25,2,710.765285
7.75,15,710.803091
18.0,34,710.88857
4.25,11,710.917406
-1.0,13,710.951091
20.75,33,711.036265
-0.25,2,711.041435
-0.25,2,711.046977
4.75,12,711.077382
0.75,1,711.08046
12.5,25,711.141967
1.25,5,711.155413
0.75,1,711.158216
9.5,19,711.202011
0.75,1,711.204838
0.75,1,711.2077
7.75,18,711.25315
4.75,12,711.283595
5.75,14,711.318638
12.5,25,711.380069
0.75,4,711.390348
0.75,1,711.392848
1.25,8,711.413242
6.25,15,711.451472
19.5,39,711.54463
-0.75,1,711.547223
3.75,10,711.570163
0.75,1,711.572588
7.0,12,711.600468
-0.25,2,711.605325
18.0,18,711.649973
7.25,14,711.682687
10.75,23,711.737192
7.5,15,711.771585
0.75,1,711.774317
4.75,12,711.803362
0.75,1,711.80581
1.75,3,711.812746
-1.25,3,711.819786
0.75,1,711.822201
5.25,13,711.853976
8.75,20,711.906171
0.75,1,711.908989
12.5,23,711.967617
3.75,8,712.295201
8.5,17,712.338138
1.75,3,712.346242
7.25,20,712.396681
6.75,16,712.433943
21.0,42,712.54038
1.75,6,712.556261
10.0,29,712.640462
-0.25,2,712.646158
-0.25,2,712.652016
6.5,13,712.687368
13.0,18,712.735682
11.5,23,712.79114
-1.25,3,712.798337
-0.75,1,712.801296
7.0,14,712.837531
-0.25,2,712.842956
10.5,12,712.875116
-0.25,2,712.880944
1.75,5,712.893958
5.75,14,712.928478
7.25,17,712.970353
0.25,3,712.978344
0.25,4,712.989183
7.0,14,713.024246
-0.25,2,713.02984
0.25,3,713.037931
18.5,25,713.100628
0.75,1,713.103532
3.0,33,713.189842
0.25,3,713.198234
11.0,16,713.239372
-1.25,3,713.24768
12.75,17,713.291767
-0.25,2,713.29737
0.25,3,713.305625
7.5,15,713.34509
2.25,13,713.378252
-14.25,19,713.426855
4.25,11,713.453773
8.0,16,713.493167
0.5,13,713.5261
5.25,13,713.559213
0.75,1,713.56235
10.5,21,713.930892
0.75,4,713.942909
0.75,1,713.946001
15.25,27,714.014403
0.75,1,714.017771
8.75,17,714.062519
15.0,25,714.126791
10.0,15,714.167396
-7.25,14,714.204873
1.25,5,714.218486
-0.75,1,714.221353
0.75,1,714.224361
-0.25,2,714.229916
0.75,1,714.23289
10.5,21,714.296744
20.5,24,714.367817
0.5,13,714.402767
14.0,16,714.444914
12.0,21,714.504205
15.5,28,714.573893
-0.75,1,714.576818
26.0,33,714.659812
7.0,12,714.68909
0.75,1,714.691594
15.0,25,714.75174
15.0,22,714.802202
17.5,29,714.875214
12.5,24,714.93593
7.75,18,714.97999
12.5,23,715.036011
0.75,1,715.038846
5.25,13,715.0724
0.75,1,715.074987
2.25,7,715.091992
0.75,1,715.094431
5.75,11,715.12186
0.75,1,715.124728
4.75,12,715.156978
14.0,23,715.211942
-1.25,3,715.21927
0.75,1,715.222102
5.75,11,715.58217
7.5,15,715.621757
5.25,13,715.655328
5.75,11,715.686867
-0.25,2,715.692452
0.75,1,715.695525
-0.25,2,715.701125
8.0,16,715.742703
0.75,1,715.74572
2.25,4,715.756854
4.25,14,715.793914
10.5,21,715.847994
0.75,22,715.907955
-0.75,1,715.910935
3.75,10,715.938198
2.25,7,715.956547
0.75,1,715.959672
0.25,3,715.967347
9.75,18,716.011341
6.25,15,716.04836
11.25,17,716.089365
5.25,13,716.120336
-0.75,1,716.122923
0.75,4,716.133786
15.0,25,716.191135
4.75,12,716.220591
2.25,7,716.237501
1.25,5,716.249069
7.25,17,716.291379
8.0,16,716.331633
4.75,12,716.359939
0.75,1,716.362613
2.75,8,716.382865
0.75,1,716.385576
4.25,11,716.412538
-0.75,1,716.415694
-0.75,1,716.418525
7.0,14,716.453193
13.25,25,716.516757
4.25,11,716.544409
0.75,4,716.554631
-0.25,2,716.560195
7.75,17,716.601681
0.75,1,716.604256
23.0,23,716.662431
3.75,4,716.672858
8.75,20,716.722008
6.5,16,716.761793
0.25,3,716.769319
0.75,1,716.771742
0.25,3,716.778983
0.75,1,716.781355
10.0,20,716.84615
3.75,10,716.881483
0.75,1,716.884847
0.75,1,716.888166
9.25,14,717.271963
16.5,33,717.360477
0.75,1,717.363476
6.5,13,717.397578
0.75,1,717.401404
0.75,1,717.404836
6.25,12,717.436678
2.75,14,717.474702
3.25,9,717.497847
0.75,1,717.50055
10.5,16,717.542107
2.25,16,717.583366
4.75,12,717.614118
5.25,10,717.638483
4.25,17,717.68591
8.5,17,717.726153
9.5,14,717.76103
-0.75,1,717.763885
-0.75,1,717.766907
6.75,15,717.804424
-0.75,1,717.807026
0.75,1,717.809739
0.75,1,717.812681
9.0,18,717.857826
0.75,1,717.860647
6.25,15,717.899149
14.5,26,717.964534
0.75,1,717.967385
0.75,1,717.970026
-0.75,1,717.972448
6.25,21,718.022722
5.75,14,718.056032
0.75,1,718.058925
25.5,36,718.147174
0.75,1,718.149934
0.75,1,718.152517
1.75,6,718.16784
8.0,14,718.204469
10.5,19,718.250825
0.75,1,718.253498
8.25,16,718.295478
12.5,23,718.352995
0.75,1,718.355881
0.75,1,718.358641
8.25,17,718.399084
-2.75,12,718.430269
23.0,46,718.544325
7.25,14,718.905013
11.25,18,718.952817
0.75,1,718.955831
-0.25,2,718.96112
-3.25,5,718.974229
10.0,19,719.023482
0.75,1,719.026428
4.5,15,719.065654
-0.25,2,719.071724
7.25,14,719.108388
21.5,34,719.196899
0.75,1,719.199677
5.75,11,719.227813
1.25,11,719.256424
-0.25,2,719.261633
0.25,3,719.269932
-0.25,2,719.276359
10.0,16,719.318198
0.75,4,719.329067
-2.25,4,719.339367
0.25,3,719.348299
5.75,14,719.384524
0.75,1,719.387352
0.75,1,719.39083
9.0,18,719.438031
11.5,22,719.494112
21.5,29,719.569068
0.75,1,719.571894
15.0,29,719.644029
-0.75,1,719.64702
13.0,16,719.687366
1.0,20,719.739566
3.75,4,719.74959
0.75,1,719.752249
7.75,13,719.784351
-1.25,3,719.791898
2.75,8,719.811042
21.5,34,719.898419
11.5,18,719.942421
10.0,17,719.983559
7.25,14,720.016969
10.25,13,720.047416
6.75,14,720.082345
-3.25,5,720.093701
1.25,5,720.106379
6.25,18,720.14784
9.75,25,720.537974
0.75,1,720.541079
6.75,14,720.578704
0.25,3,720.586943
-0.25,2,720.592524
6.5,22,720.650207
3.25,9,720.673961
0.75,1,720.677063
2.75,5,720.690319
-0.25,2,720.695963
10.0,17,720.741903
5.75,13,720.776057
12.0,24,720.837746
3.25,7,720.855705
1.75,6,720.870363
1.25,5,720.889829
2.25,4,720.900305
21.0,42,721.003555
0.75,1,721.006662
10.0,19,721.058071
1.75,6,721.073253
7.0,13,721.105217
0.75,1,721.108065
11.5,23,721.167168
0.75,1,721.169955
-0.25,2,721.175224
4.25,11,721.202364
-0.25,2,721.20841
12.5,23,721.266374
7.5,15,721.304415
2.25,7,721.321576
12.5,25,721.384262
25.0,43,721.488616
12.5,25,721.553136
-3.5,20,721.603911
0.75,1,721.606714
7.25,14,721.642269
18.5,26,721.70762
-1.25,3,721.715634
13.75,27,721.783696
0.75,1,721.786539
0.75,1,721.789367
14.5,22,722.176994
12.5,25,722.243001
2.25,10,722.268967
0.75,1,722.271556
-0.25,2,722.277507
19.75,31,722.358823
-0.25,2,722.364422
0.75,1,722.367836
13.75,16,722.410866
0.25,3,722.419138
2.25,7,722.437162
4.25,11,722.466419
5.75,11,722.494565
3.75,7,722.512442
13.5,19,722.559816
8.25,16,722.600238
12.0,16,722.640202
0.75,1,722.643038
3.5,21,722.69395
0.75,1,722.696779
13.5,14,722.732143
0.75,13,722.763579
0.75,1,722.766602
-7.5,21,722.819608
5.75,13,722.853299
10.5,16,722.897262
24.0,46,723.016955
5.25,13,723.049498
9.5,19,723.09867
10.0,20,723.148255
0.75,1,723.152356
3.25,9,723.175946
10.75,17,723.219079
0.75,4,723.229291
-1.25,3,723.236969
18.5,19,723.286352
10.5,20,723.337351
13.0,19,723.384624
1.25,5,723.397238
0.75,1,723.400192
7.25,15,723.438615
0.75,1,723.441481
0.75,1,723.444242
0.75,1,723.446999
-0.75,1,723.449944
8.25,13,723.801294
5.0,16,723.844548
-0.25,2,723.850055
1.75,9,723.873054
-3.25,11,723.901945
-2.25,4,723.913079
0.75,1,723.915996
14.0,24,723.976084
-2.25,4,723.98665
6.0,18,724.030536
-0.75,1,724.033144
1.75,3,724.040909
3.25,6,724.056614
0.75,1,724.059485
-0.25,2,724.064725
15.5,25,724.12454
0.75,1,724.12727
0.75,1,724.130096
9.5,17,724.173454
3.25,9,724.197227
4.75,12,724.227255
5.75,14,724.262225
8.5,17,724.305076
3.75,10,724.329948
0.75,1,724.332879
12.0,24,724.393424
13.0,19,724.439918
7.0,14,724.475658
9.5,19,724.523937
18.5,19,724.571125
8.0,19,724.61884
-2.75,9,724.641479
14.0,25,724.702224
5.75,14,724.738005
11.0,22,724.792652
0.75,4,724.80375
3.25,12,724.834365
2.75,11,724.86269
2.75,17,724.90799
12.5,23,724.96625
0.25,12,724.996686
0.25,3,725.004315
0.75,1,725.006922
11.25,16,725.044765
7.25,17,725.087548
-1.25,3,725.405977
0.25,3,725.414108
-0.75,1,725.417116
-1.25,3,725.425367
17.0,25,725.49213
-0.25,2,725.497539
0.25,3,725.505868
0.75,1,725.508741
6.25,12,725.540331
13.5,14,725.576686
0.75,1,725.579652
2.25,12,725.610237
2.75,8,725.630656
0.75,1,725.633641
0.75,4,725.644383
0.25,3,725.65254
2.25,7,725.66958
1.75,3,725.67718
0.75,1,725.679767
-1.25,3,725.687598
1.25,5,725.699846
15.5,23,725.758862
-0.75,1,725.761708
0.75,1,725.76475
1.25,5,725.777809
14.0,28,725.85013
8.25,19,725.899662
-0.25,2,725.905068
17.5,22,725.963212
9.5,19,726.010733
4.75,9,726.033521
1.75,3,726.041277
10.25,20,726.09027
-2.25,4,726.100346
9.5,17,726.143448
7.25,10,726.168639
18.5,25,726.231053
21.5,34,726.317061
-0.75,1,726.319842
0.75,1,726.322811
0.75,1,726.325664
-0.75,1,726.328391
0.75,1,726.331189
16.5,18,726.373936
0.75,1,726.376636
21.0,42,726.481749
0.75,1,726.484581
0.75,1,726.487179
5.75,14,726.521078
-0.75,1,726.523862
-0.25,2,726.529257
9.25,21,726.582055
7.75,15,726.62161
0.75,1,726.624577
-0.75,1,726.627559
-0.75,1,726.630495
-2.25,4,726.640733
7.25,17,726.682115
1.25,5,726.694484
1.25,5,726.707166
7.75,18,727.070954
18.0,25,727.134297
-0.75,1,727.137028
3.5,14,727.172637
8.5,17,727.214701
0.75,1,727.21725
6.25,15,727.254977
0.75,1,727.257859
-0.25,2,727.263417
0.75,1,727.266279
-1.25,3,727.274114
-0.25,2,727.280606
0.75,1,727.2839
14.5,29,727.356239
8.0,14,727.389324
7.0,13,727.423056
0.75,1,727.425907
12.0,18,727.472154
-0.25,2,727.477491
0.75,5,727.490384
-0.75,1,727.493359
11.5,23,727.549718
-0.75,1,727.552602
13.0,26,727.618249
7.25,20,727.668418
0.75,1,727.671114
0.25,18,727.714835
-0.25,2,727.720379
0.75,1,727.723363
15.5,29,727.795608
0.75,4,727.805407
0.75,1,727.807865
-4.25,6,727.82286
-0.25,2,727.827888
-0.75,7,727.84381
-0.75,1,727.846265
6.5,13,727.880133
1.25,5,727.892945
3.5,13,727.925857
-0.25,2,727.931383
9.25,15,727.970513
0.75,1,727.97349
-0.75,1,727.976329
0.75,1,727.97924
-0.75,1,727.982249
10.5,21,728.034622
11.75,24,728.093976
21.0,42,728.198581
7.25,17,728.241882
21.5,29,728.314327
10.5,19,728.68202
2.25,4,728.692515
5.75,14,728.72741
-0.25,2,728.732716
10.5,21,728.784738
9.0,18,728.830471
8.5,17,728.873766
13.75,30,728.950683
0.75,4,728.961411
8.25,16,729.002561
5.25,13,729.034185
8.5,17,729.073882
-0.25,2,729.079257
1.25,4,729.089395
5.75,11,729.116055
0.25,3,729.12395
0.75,4,729.134507
11.0,15,729.170392
0.75,1,729.172946
6.25,13,729.205014
6.25,15,729.242969
3.25,9,729.265564
6.25,13,729.29983
18.5,22,729.357022
-0.75,1,729.360208
13.5,26,729.427279
0.75,1,729.430155
-0.25,2,729.435539
4.25,11,729.463424
16.5,18,729.510337
1.75,6,729.526196
-0.75,1,729.529033
-0.75,1,729.531944
15.0,28,729.604898
0.75,1,729.607572
0.75,4,729.617993
0.75,1,729.620599
0.75,1,729.623337
8.75,13,729.654976
4.25,20,729.703789
-0.25,2,729.709127
0.75,1,729.712033
3.75,10,729.736523
-0.75,1,729.739423
2.25,15,729.777444
-3.25,5,729.790553
0.75,4,729.801489
1.25,5,729.813719
-1.25,1,729.816702
-0.75,1,729.819432
9.75,21,729.870748
0.75,4,729.881585
-0.25,2,729.887399
6.25,15,729.925908
9.5,17,730.286898
9.5,19,730.336169
9.75,14,730.370136
11.5,26,730.43341
9.25,13,730.465433
4.75,12,730.494664
-2.75,3,730.503292
3.75,10,730.528867
3.75,7,730.547868
-4.75,20,730.594936
6.75,16,730.634099
0.25,3,730.642404
7.75,15,730.678418
8.0,16,730.717218
10.0,14,730.752644
-0.25,2,730.757879
0.75,1,730.760909
5.25,13,730.793426
0.75,1,730.796062
8.5,23,730.85367
2.25,7,730.871328
-0.75,1,730.874159
1.25,3,730.882768
4.25,14,730.917557
3.5,14,730.952904
7.75,18,731.001475
3.25,9,731.024658
-0.25,2,731.030216
7.25,17,731.073146
8.5,17,731.114883
0.75,1,731.117729
19.0,36,731.206356
10.5,18,731.252665
1.25,5,731.266394
17.0,25,731.331097
26.5,40,731.430477
0.75,1,731.433285
22.5,25,731.496408
9.5,19,731.862826
10.25,23,731.921763
8.75,10,731.947619
0.75,1,731.950539
-0.75,1,731.953424
-0.75,1,731.956458
-0.75,1,731.959406
-0.75,1,731.962503
-0.25,2,731.968112
8.25,19,732.01753
0.75,1,732.020565
10.0,29,732.091038
5.75,11,732.117322
12.5,25,732.181497
16.0,24,732.238921
-0.25,2,732.244512
6.75,16,732.287914
0.75,1,732.290967
3.25,18,732.335084
0.25,3,732.342871
0.75,1,732.345649
12.25,27,732.413251
4.25,11,732.442114
-0.75,1,732.444815
-5.75,9,732.466985
4.75,12,732.497584
-0.25,2,732.502901
0.75,7,732.521738
0.75,1,732.52459
10.25,16,732.563554
15.5,25,732.626793
5.75,14,732.661365
0.75,1,732.664248
0.75,1,732.667063
7.5,15,732.705297
0.75,1,732.708151
12.5,25,732.770441
1.25,5,732.783067
3.25,9,732.806376
8.25,18,732.849479
9.5,16,732.890134
1.75,5,732.902673
-0.75,1,732.905357
8.5,17,732.947939
6.25,15,732.987099
0.75,1,732.990049
0.75,1,732.992912
10.75,24,733.054996
-0.75,1,733.058014
-0.75,1,733.060777
0.75,1,733.06375
7.25,14,733.099651
6.25,15,733.137072
19.25,33,733.534431
31.5,48,733.652639
7.25,17,733.695415
4.75,12,733.724381
0.75,1,733.727242
10.5,16,733.766958
1.25,5,733.779299
7.5,15,733.818343
12.5,25,733.874233
-0.25,2,733.879848
10.5,18,733.924032
9.5,13,733.955555
-0.75,1,733.958216
0.75,1,733.961218
1.75,4,733.971419
6.75,16,734.010241
0.25,3,734.018282
0.75,1,734.021069
0.25,3,734.028922
0.75,1,734.031941
2.25,7,734.049962
8.75,20,734.101028
9.25,14,734.135711
10.5,21,734.189361
-0.75,1,734.192115
7.25,17,734.234837
6.75,16,734.274916
4.75,12,734.308224
0.75,1,734.31114
10.25,21,734.362866
8.75,13,734.396461
0.75,1,734.39922
28.0,37,734.494158
0.75,1,734.497088
0.75,4,734.507643
9.75,19,734.556573
9.75,14,734.591923
10.5,21,734.646453
10.0,19,734.698299
1.25,5,734.713111
-0.25,2,734.719159
0.75,1,734.72311
0.75,1,734.726048
10.0,20,735.095497
6.25,15,735.135264
-0.75,1,735.137932
10.5,21,735.188604
9.75,15,735.228363
12.5,25,735.295123
2.75,8,735.316156
0.75,1,735.319055
8.25,19,735.364902
10.0,19,735.412447
5.75,14,735.446407
1.25,5,735.457748
0.75,1,735.460172
9.75,16,735.502409
0.75,1,735.505024
2.25,16,735.543519
0.75,1,735.546472
5.75,14,735.582721
-2.25,15,735.621023
0.75,1,735.623811
-0.75,1,735.626558
6.75,14,735.661951
9.5,18,735.704634
3.0,33,735.78432
4.25,11,735.811601
-0.75,1,735.814351
13.5,17,735.85731
-0.75,18,735.903373
6.75,16,735.942635
-0.75,1,735.945516
0.75,1,735.948452
0.75,1,735.951623
11.25,25,736.015033
-0.75,1,736.017971
19.0,36,736.110014
0.75,1,736.113106
0.75,4,736.123903
2.25,16,736.165315
1.25,5,736.185139
0.75,1,736.189283
16.25,25,736.276181
6.25,15,736.331517
17.5,22,736.393982
10.5,15,736.433147
0.75,1,736.435877
25.5,36,736.843074
14.5,26,736.911523
-7.25,12,736.939679
5.75,14,736.97494
-0.75,1,736.9779
0.75,1,736.98087
0.75,1,736.983674
16.5,23,737.040464
1.25,5,737.052718
5.25,10,737.079116
-7.5,21,737.133824
25.5,36,737.226216
5.25,13,737.261425
2.75,13,737.296372
0.75,1,737.29949
4.75,12,737.329115
8.5,17,737.374408
0.25,3,737.38272
17.5,29,737.45352
-0.75,1,737.45638
10.5,21,737.510412
-2.25,4,737.520837
12.5,23,737.578587
-0.75,1,737.581115
25.5,36,737.670556
0.25,3,737.68004
-1.25,3,737.687983
9.5,19,737.735828
21.0,31,737.808073
8.25,11,737.836638
-0.25,2,737.84205
10.5,18,737.887942
2.25,7,737.906542
18.75,40,738.008965
6.25,14,738.045373
2.25,7,738.063936
0.75,1,738.388439
-0.75,1,738.391524
0.25,12,738.423616
-1.25,3,738.431711
0.75,1,738.434569
0.75,1,738.437323
3.75,10,738.461596
21.0,31,738.532827
7.75,11,738.557947
15.5,25,738.620245
0.5,13,738.650613
2.25,6,738.667312
11.75,26,738.732077
1.75,6,738.747593
4.75,15,738.784377
8.25,11,738.812065
1.75,6,738.827439
1.25,5,738.840658
0.75,7,738.858593
-0.25,2,738.863549
8.5,17,738.905867
0.75,1,738.90857
0.25,3,738.916581
5.25,13,738.949617
0.75,1,738.952412
22.5,25,739.016066
-0.25,2,739.02115
0.75,1,739.023857
7.5,15,739.061529
6.25,15,739.099777
-0.25,2,739.105011
-0.25,2,739.110102
0.75,1,739.112904
7.75,17,739.156497
3.25,6,739.171875
3.25,14,739.206894
-0.25,2,739.212287
6.5,13,739.245897
13.0,17,739.29107
0.75,4,739.310181
2.25,7,739.328266
-0.75,1,739.33108
0.75,1,739.333867
11.0,20,739.384279
0.75,1,739.387058
11.5,22,739.443514
0.75,4,739.453742
6.5,13,739.484947
3.5,21,739.538872
13.0,26,739.615244
-0.25,11,739.644294
15.5,43,740.068822
6.25,12,740.098453
0.75,1,740.10123
8.25,16,740.140274
1.75,6,740.154586
-0.25,2,740.159562
7.75,18,740.202685
3.75,10,740.228477
3.25,6,740.24351
10.5,19,740.28953
13.0,23,740.346776
6.0,12,740.376912
11.5,23,740.430517
-0.25,2,740.435168
7.0,12,740.46376
3.25,9,740.485416
3.75,10,740.50934
1.25,5,740.522627
-0.25,2,740.527555
9.75,20,740.576324
-2.75,9,740.598067
3.75,15,740.634833
12.0,24,740.691139
-4.25,9,740.711838
0.75,1,740.714369
15.0,28,740.779416
2.25,4,740.789028
10.0,19,740.83428
0.75,1,740.836857
-1.25,3,740.844251
0.75,1,740.846747
0.75,1,740.84941
0.75,1,740.85206
14.75,32,740.92875
11.5,22,740.980896
2.25,7,740.99831
3.25,9,741.021857
15.0,29,741.094877
12.5,24,741.157447
1.25,5,741.170835
-5.25,7,741.188752
-0.25,8,741.210572
13.25,27,741.594373
0.75,1,741.597243
-0.75,1,741.600098
0.25,3,741.608033
0.25,3,741.615987
0.75,1,741.61869
-0.25,2,741.623876
0.75,1,741.626685
-0.25,2,741.631966
2.75,5,741.644885
-0.75,1,741.647664
0.75,1,741.650492
0.75,1,741.652949
4.25,11,741.680202
5.25,13,741.711607
6.25,12,741.7399
3.25,5,741.752764
0.75,1,741.7556
4.75,12,741.785159
3.75,10,741.80968
0.25,9,741.832395
0.75,1,741.835195
9.75,22,741.88789
0.75,1,741.890761
9.25,21,741.942575
12.5,22,741.995368
4.75,12,742.026295
0.75,1,742.029137
-0.25,2,742.034194
-0.75,1,742.036661
4.75,10,742.05935
7.75,18,742.103723
15.0,22,742.159115
12.0,16,742.19778
-0.25,2,742.202859
-0.75,1,742.205556
-0.25,2,742.210649
2.25,16,742.252344
-0.25,2,742.257656
-1.25,3,742.265839
18.5,32,742.344641
19.0,27,742.411539
-0.75,1,742.414415
0.75,4,742.425061
36.5,40,742.523574
-3.75,7,742.540525
-0.25,2,742.545304
0.75,1,742.547852
13.25,22,742.600218
0.75,1,742.603007
-0.75,1,742.605599
1.25,5,742.618764
0.75,1,742.621786
0.75,4,742.632526
7.75,18,742.678299
4.75,7,742.696151
-0.25,2,742.701557
8.75,16,742.741574
-0.75,1,742.744659
7.75,13,742.7781
3.75,10,742.803669
4.25,11,742.832115
1.75,6,742.847661
12.0,15,743.189918
0.25,3,743.197925
0.75,4,743.20781
-0.25,2,743.212875
7.5,15,743.248929
9.25,21,743.302178
-0.75,1,743.304986
7.75,18,743.349892
0.25,3,743.357034
8.5,17,743.398923
0.75,1,743.401753
7.25,17,743.442488
5.75,11,743.466925
-0.25,2,743.471536
7.5,15,743.507791
15.0,18,743.550068
-0.75,1,743.552514
7.25,11,743.578545
12.5,25,743.63944
42.0,51,743.764085
0.75,1,743.766959
11.0,22,743.821316
-0.75,1,743.82409
0.75,1,743.827015
6.75,14,743.860892
-0.25,2,743.866083
2.25,7,743.884463
7.75,18,743.929954
2.25,7,743.947776
4.75,18,743.99235
1.25,5,744.005108
-0.75,1,744.007679
-0.25,2,744.013202
6.25,15,744.050519
-0.25,2,744.055878
0.75,1,744.058868
0.75,1,744.061647
4.75,12,744.092193
0.75,4,744.101641
-1.25,3,744.109737
0.75,4,744.12028
10.25,16,744.161201
0.25,3,744.169307
8.5,20,744.2194
16.5,23,744.278264
14.0,24,744.340886
-0.75,1,744.343878
9.25,21,744.402085
6.5,13,744.435188
-0.25,2,744.440468
6.75,16,744.78787
0.75,1,744.790761
16.25,35,744.877949
14.0,26,744.944093
13.0,23,744.998885
6.5,13,745.032693
0.75,1,745.03547
-0.75,1,745.038503
0.75,1,745.041322
13.5,22,745.092447
-0.75,1,745.095062
8.75,17,745.135501
2.75,5,745.148267
1.25,5,745.160972
1.25,5,745.174113
11.0,20,745.225394
2.25,13,745.258069
0.25,3,745.264862
0.75,1,745.267612
1.25,5,745.280417
0.75,1,745.283401
4.25,11,745.312889
10.5,19,745.360026
-0.75,1,745.362737
-0.25,2,745.367827
0.25,3,745.375288
1.75,3,745.382735
0.25,3,745.390591
-0.75,1,745.393442
4.75,21,745.444174
3.75,10,745.466647
0.75,1,745.469066
-0.75,1,745.471764
-1.25,3,745.479267
-0.75,1,745.48198
9.25,21,745.53157
-0.75,7,745.547895
1.75,6,745.56327
7.75,15,745.59959
7.75,10,745.623069
0.75,1,745.62547
8.25,16,745.66488
5.25,13,745.696975
0.75,4,745.70709
-1.25,3,745.714723
0.25,3,745.722858
0.75,1,745.725726
-0.75,1,745.728594
2.25,10,745.754671
0.75,1,745.757629
15.5,31,745.837059
25.5,36,745.929383
0.75,1,745.932203
10.5,21,745.984826
0.75,1,745.987909
1.25,5,746.000692
27.0,46,746.439495
7.75,14,746.473669
0.25,6,746.488098
0.75,1,746.49074
28.75,47,746.60121
4.75,12,746.63085
9.75,22,746.685201
-0.75,1,746.687957
1.25,14,746.720988
2.25,7,746.737314
16.5,33,746.813309
3.75,6,746.828027
7.25,12,746.855945
-1.25,1,746.858778
6.25,15,746.896064
-0.75,7,746.916536
0.75,1,746.919492
6.0,12,746.952148
-0.75,1,746.955467
0.75,4,746.966781
2.75,8,746.98879
-0.25,2,746.994318
0.75,1,746.997495
0.75,1,747.000587
15.0,29,747.071452
0.75,1,747.074206
7.75,10,747.09815
0.25,3,747.105447
-0.25,2,747.110135
-0.25,2,747.115229
10.25,12,747.145018
-0.75,1,747.147893
10.5,19,747.199374
0.75,4,747.209121
9.25,20,747.258607
16.5,22,747.315521
-0.75,1,747.318556
6.25,15,747.356947
19.0,26,747.422656
7.75,18,747.468189
4.75,12,747.49997
2.75,14,747.534463
0.75,1,747.53694
1.75,6,747.550817
-0.25,2,747.556251
5.75,14,747.591518
0.25,3,747.599529
0.75,4,747.609518
21.0,42,748.012196
2.75,8,748.030668
-0.75,1,748.033368
7.75,18,748.076791
1.25,5,748.088166
7.75,17,748.127237
-4.75,5,748.138662
1.75,3,748.14541
10.75,16,748.182903
1.75,6,748.196689
4.75,18,748.238383
4.75,12,748.266572
0.75,1,748.269102
20.5,24,748.327425
8.0,14,748.359603
0.75,4,748.369894
6.75,15,748.407176
1.75,6,748.421896
3.75,10,748.445521
5.25,13,748.476469
1.25,5,748.488061
9.25,21,748.539574
-4.25,6,748.553528
0.75,1,748.556222
9.0,18,748.598171
7.25,17,748.63696
0.75,1,748.639547
-2.25,4,748.648777
8.25,19,748.693249
8.25,17,748.732378
12.25,17,748.771736
7.5,15,748.809198
4.75,12,748.838284
-3.25,5,748.851171
6.25,13,748.885081
1.25,5,748.898583
0.75,1,748.901558
1.75,5,748.914482
1.75,3,748.922636
1.75,3,748.930623
9.25,21,748.984926
-0.25,2,748.990548
7.75,10,749.017473
15.5,23,749.075479
-0.75,1,749.078243
-0.75,1,749.081152
-0.75,1,749.084096
2.25,7,749.102373
10.5,19,749.15084
0.75,1,749.15364
-2.25,4,749.164183
0.75,1,749.167006
6.0,12,749.503615
19.0,28,749.570918
0.75,1,749.57338
0.75,1,749.576195
11.0,18,749.619075
4.75,12,749.648777
12.0,21,749.700725
0.25,3,749.707908
1.75,4,749.718524
-0.25,2,749.723546
4.75,7,749.741256
5.75,14,749.775362
13.25,21,749.824674
6.75,16,749.863879
6.25,15,749.901592
2.25,4,749.911688
8.25,11,749.940834
-0.25,2,749.946313
-1.0,16,749.984845
-0.25,2,749.989985
10.0,16,750.029037
0.75,1,750.031842
-1.25,3,750.039816
-0.25,2,750.045332
0.75,1,750.048083
3.25,9,750.06971
1.25,5,750.081292
0.75,1,750.083917
0.75,4,750.093295
0.75,1,750.095988
7.75,15,750.133476
2.25,7,750.150635
3.25,6,750.165571
5.25,13,750.197888
1.25,5,750.210866
1.25,5,750.223288
-0.75,1,750.226107
10.75,22,750.278395
3.25,9,750.301582
2.75,5,750.313717
10.25,12,750.343668
9.25,11,750.372139
0.75,1,750.375059
10.0,17,750.418367
26.5,40,750.520531
-0.25,5,750.533631
12.5,24,750.59679
9.0,18,750.645085
0.75,1,750.648038
7.75,16,750.689976
2.75,8,750.710501
-0.25,2,750.715503
6.5,16,750.753687
0.75,1,750.756413
2.25,7,751.085231
-0.25,2,751.090784
5.75,11,751.119583
8.0,22,751.174789
20.5,24,751.234283
10.0,16,751.275167
8.0,16,751.316628
-0.75,19,751.367219
10.0,20,751.418027
-2.25,4,751.428009
-0.25,2,751.433222
16.5,33,751.512705
7.75,17,751.552545
-0.75,1,751.555169
-0.75,1,751.557653
4.25,11,751.583356
5.75,14,751.615955
0.75,1,751.618511
9.25,21,751.667334
12.5,25,751.72848
-2.25,4,751.738246
-0.25,5,751.749929
0.75,1,751.752484
6.5,13,751.783765
0.75,1,751.786534
1.75,6,751.801729
4.25,11,751.828375
6.0,12,751.858002
0.75,1,751.860889
-0.75,1,751.863646
8.25,19,751.910193
28.0,37,752.009609
1.75,4,752.019874
2.25,4,752.030459
10.0,17,752.074955
7.75,18,752.120923
11.0,22,752.177228
0.25,3,752.185153
0.75,1,752.188078
1.75,3,752.196289
6.25,15,752.234487
0.75,1,752.237205
7.75,12,752.267155
-1.25,3,752.274982
-4.25,6,752.290488
0.75,1,752.293214
9.0,18,752.339779
-3.75,4,752.350341
2.25,7,752.662859
13.75,16,752.700745
0.75,1,752.703477
0.75,1,752.706043
2.75,5,752.718276
0.75,1,752.721079
0.75,1,752.72382
10.0,20,752.770019
0.75,1,752.772731
5.75,14,752.80545
19.0,26,752.865446
7.75,15,752.904337
5.75,14,752.93982
3.25,20,752.988931
32.0,48,753.112731
-0.25,2,753.118328
-0.75,1,753.121387
8.75,18,753.165217
8.0,16,753.202025
2.75,13,753.233091
9.75,12,753.2617
7.25,11,753.288833
0.25,3,753.296184
0.75,4,753.305473
10.75,23,753.361697
14.5,23,753.415217
3.0,14,753.451727
4.75,12,753.481362
0.25,3,753.489733
21.0,31,753.569714
0.75,1,753.572821
-0.75,1,753.575913
15.0,21,753.632534
14.75,21,753.689036
3.75,19,753.738051
12.5,23,753.791626
0.75,1,753.794519
5.25,13,753.824972
3.75,10,753.847516
6.25,15,753.88226
-0.75,1,753.885247
9.5,19,754.222318
0.75,1,754.225049
11.5,23,754.280998
7.0,13,754.312777
9.5,16,754.349683
6.25,18,754.391596
6.25,15,754.425838
4.25,11,754.45205
10.0,14,754.486827
-0.25,2,754.49157
7.25,17,754.534198
11.25,18,754.577657
-0.25,2,754.582877
-0.25,2,754.587876
15.0,24,754.645865
10.25,22,754.697688
0.75,4,754.707497
0.75,1,754.710098
6.75,16,754.750073
7.25,14,754.79348
3.75,10,754.826617
4.75,12,754.864733
18.5,22,754.940658
2.25,7,754.958196
-5.75,9,754.982011
-0.25,2,754.987143
10.0,20,755.033209
0.75,1,755.03606
0.75,1,755.038611
5.25,11,755.065718
0.75,1,755.068241
5.25,13,755.099655
1.25,5,755.112419
15.0,22,755.165976
7.75,18,755.209748
5.75,14,755.247642
0.75,1,755.250466
-1.75,5,755.264076
10.0,19,755.314422
7.75,15,755.350736
-0.25,2,755.355782
7.75,16,755.394578
3.25,9,755.41809
5.25,13,755.449787
0.75,4,755.459357
0.75,1,755.461931
9.25,16,755.500089
0.75,1,755.502938
-0.75,1,755.50558
6.25,15,755.843474
-0.25,2,755.848203
7.25,14,755.880427
1.75,9,755.902952
8.25,16,755.941751
2.25,7,755.958702
5.75,14,755.991052
13.5,20,756.038744
0.75,1,756.041489
-1.25,9,756.062088
0.75,1,756.064619
9.25,14,756.096633
0.75,4,756.106638
13.0,17,756.146429
11.0,20,756.192569
0.75,1,756.195295
8.0,14,756.22852
2.75,14,756.262063
5.25,13,756.295906
1.25,5,756.308731
-1.25,3,756.31618
10.5,19,756.361302
0.75,1,756.363891
12.5,25,756.424783
16.0,24,756.48993
0.75,1,756.492865
-0.25,2,756.498311
18.0,25,756.559564
-0.25,2,756.564625
4.75,10,756.588413
3.75,10,756.613427
-3.25,5,756.625692
9.0,18,756.670171
6.75,15,756.708269
8.5,17,756.75035
-1.75,5,756.76237
13.25,22,756.817984
7.75,15,756.855145
0.75,1,756.857981
15.5,23,756.916911
0.75,1,756.919728
8.25,19,756.974983
-0.25,2,756.98041
-0.25,2,756.986289
6.25,15,757.023599
7.75,18,757.065612
9.5,17,757.410661
8.75,20,757.460552
10.25,21,757.512623
15.5,26,757.573552
1.75,12,757.602233
10.25,18,757.64471
25.5,36,757.728436
6.0,12,757.75657
0.75,1,757.759219
17.5,32,757.834943
8.5,17,757.875854
5.75,14,757.911625
-0.25,2,757.916836
11.0,20,757.963653
0.75,1,757.966224
2.25,4,757.975936
1.75,6,757.990628
6.5,13,758.020921
-1.25,9,758.041762
9.0,18,758.086051
8.25,19,758.130105
18.25,39,758.227473
9.5,19,758.276625
13.5,20,758.32916
-1.25,3,758.336988
3.25,9,758.360131
24.0,46,758.473531
10.0,17,758.516959
-3.0,15,758.554447
9.5,18,758.599499
0.75,1,758.602419
-0.25,5,758.614339
2.75,3,758.62215
1.25,5,758.634538
0.75,4,758.948045
1.75,6,758.964389
3.25,9,758.986892
6.5,13,759.020507
2.25,7,759.0382
11.5,19,759.083676
-1.25,6,759.099003
10.5,17,759.138767
-0.75,1,759.141813
5.75,14,759.178564
0.75,1,759.18154
-0.25,2,759.186987
11.25,18,759.229683
9.25,18,759.275407
13.75,29,759.350379
-0.25,2,759.355954
4.25,11,759.384145
1.75,6,759.399312
18.5,37,759.492445
2.75,8,759.513753
0.25,3,759.521743
19.0,27,759.589002
3.75,10,759.613484
1.75,3,759.621103
10.25,18,759.665087
4.25,11,759.693172
15.0,18,759.739224
4.75,15,759.777909
15.5,25,759.842168
5.25,12,759.873487
0.75,1,759.876403
-10.25,12,759.908492
0.75,1,759.911565
8.75,20,759.962372
0.75,1,759.965236
3.25,15,760.000301
6.25,15,760.037862
11.25,24,760.097494
7.25,17,760.136433
0.75,1,760.138973
-0.25,2,760.144231
19.0,32,760.220372
0.75,1,760.222809
1.25,4,760.541558
0.75,1,760.544552
11.25,18,760.589729
18.5,22,760.641148
4.75,12,760.669341
4.75,12,760.697235
0.75,1,760.699891
12.5,25,760.758065
13.25,29,760.825301
14.5,24,760.88357
8.75,19,760.928978
7.25,17,760.96883
9.5,17,761.009821
8.25,16,761.048099
0.75,1,761.050834
9.0,18,761.093494
10.5,16,761.130381
2.25,7,761.147283
6.75,16,761.184461
9.5,19,761.229297
3.75,10,761.254303
1.75,14,761.290111
13.75,29,761.363885
9.5,18,761.409676
0.25,3,761.41763
1.25,5,761.431183
2.75,14,761.46725
36.0,42,761.576842
25.5,36,761.666633
27.0,46,761.776436
0.75,1,761.779275
-0.75,1,761.782102
0.75,1,762.091072
0.75,1,762.094198
2.75,8,762.114374
7.75,18,762.15881
0.75,1,762.161634
5.25,13,762.192759
7.25,17,762.233174
3.75,10,762.257041
8.25,13,762.288228
2.75,8,762.308956
15.5,19,762.353371
4.75,12,762.381645
8.75,14,762.414949
1.75,3,762.422497
-0.75,1,762.425302
0.75,1,762.428098
-0.25,2,762.43312
17.0,28,762.499635
-0.75,10,762.524753
9.25,19,762.572867
21.0,30,762.645107
2.25,7,762.661572
0.75,1,762.664063
-0.75,1,762.666657
-2.75,9,762.687679
0.75,1,762.690127
0.75,1,762.692631
9.5,19,762.739593
0.75,1,762.74213
-0.75,1,762.744593
7.25,16,762.782361
1.75,6,762.798259
6.25,13,762.831108
5.25,10,762.857229
-1.25,3,762.865191
-2.75,3,762.873367
2.75,8,762.894583
6.25,15,762.932983
9.25,14,762.968827
0.75,4,762.979774
7.25,15,763.017616
0.75,1,763.020769
13.0,26,763.085419
6.75,16,763.126187
13.5,21,763.178332
2.25,7,763.194997
2.25,4,763.204143
14.5,26,763.266712
38.0,49,763.691974
1.25,5,763.704062
0.75,1,763.7069
-0.75,1,763.709601
0.75,1,763.712251
4.75,12,763.74168
10.0,19,763.788773
14.25,31,763.880238
14.5,21,763.951605
2.75,8,763.974697
1.25,5,763.989121
6.0,12,764.02481
0.75,4,764.036643
1.25,5,764.052716
10.5,17,764.108581
4.25,11,764.138495
18.5,19,764.193988
-2.25,4,764.206064
-1.25,3,764.214939
4.25,11,764.247916
0.75,1,764.251158
0.75,1,764.254098
2.75,8,764.279767
8.25,12,764.315562
-2.25,13,764.351304
11.5,23,764.418434
-0.75,1,764.421224
0.75,1,764.42428
-0.25,2,764.429722
7.0,14,764.467037
-0.75,1,764.469951
13.0,24,764.534142
5.25,9,764.558353
1.75,6,764.575124
1.75,15,764.618782
12.0,19,764.67704
-0.75,1,764.680133
-0.25,2,764.686541
7.25,19,764.738737
-0.25,2,764.744238
1.75,3,764.752637
0.75,1,764.755439
9.25,14,764.793263
-0.75,1,764.796004
-0.25,2,764.801376
6.25,16,764.842185
5.75,14,764.878621
5.75,12,764.911911
-0.25,2,764.91784
1.25,5,764.931473
5.75,14,764.968057
21.0,31,765.043772
-1.25,3,765.051565
4.75,12,765.078166
6.25,15,765.445331
0.75,1,765.448022
2.75,8,765.467582
-0.25,2,765.472723
-3.25,5,765.485107
20.0,36,765.576111
5.0,16,765.62132
18.5,25,765.687095
1.25,5,765.699784
4.75,12,765.729533
1.75,6,765.74422
-0.25,2,765.748874
1.75,6,765.763355
-1.25,3,765.770642
5.75,14,765.80463
0.75,1,765.807276
9.75,15,765.84244
0.75,1,765.844939
5.75,11,765.870475
3.75,4,765.879754
-0.75,1,765.882357
8.0,16,765.924641
-1.25,3,765.932583
-0.75,1,765.935575
-1.25,3,765.943167
0.75,1,765.945858
7.25,17,765.986401
0.25,6,766.000632
15.5,25,766.059435
5.0,12,766.089875
11.75,24,766.152524
7.75,18,766.198923
6.75,16,766.240204
4.25,11,766.268283
16.5,23,766.326488
8.0,16,766.364344
0.75,1,766.367378
1.75,5,766.380054
3.25,12,766.409889
0.75,1,766.412835
8.25,19,766.456931
0.75,1,766.459668
7.75,18,766.502408
9.75,18,766.545
2.75,8,766.565597
0.75,1,766.568455
-0.75,1,766.571713
3.75,15,766.612121
10.0,20,766.667133
4.75,11,766.696761
12.5,25,767.067317
17.5,32,767.158085
0.75,1,767.160872
0.75,1,767.16375
9.25,13,767.196206
6.25,15,767.232998
0.75,1,767.236047
0.25,3,767.243923
-0.75,1,767.246821
8.0,16,767.283993
0.75,4,767.295816
4.25,11,767.323954
2.75,11,767.353905
-1.25,3,767.362504
3.25,9,767.387591
13.0,22,767.447949
-0.25,2,767.453784
6.0,12,767.485769
13.75,20,767.534855
8.5,17,767.576663
7.75,15,767.610647
3.75,10,767.635643
0.75,1,767.638458
0.25,3,767.646461
0.75,1,767.649379
2.75,8,767.670785
13.5,20,767.72164
0.75,1,767.724568
1.75,4,767.735008
15.5,19,767.782818
-0.25,2,767.788242
0.75,1,767.791074
13.0,17,767.835005
8.0,16,767.87589
8.25,19,767.924456
-0.75,1,767.92734
13.5,14,767.960189
6.75,10,767.987551
0.75,1,767.991022
2.75,23,768.054925
-0.25,2,768.0611
0.75,1,768.064296
-0.75,1,768.067272
9.0,18,768.111235
7.5,15,768.149892
10.5,21,768.200727
0.75,13,768.232969
2.75,4,768.24468
-0.75,1,768.247751
13.25,20,768.305559
12.5,24,768.684939
0.75,1,768.687785
1.75,3,768.695997
15.5,31,768.775774
9.5,19,768.825576
-2.75,3,768.833522
10.0,14,768.869375
-0.75,1,768.872109
1.75,6,768.889322
4.75,12,768.91971
4.25,11,768.947442
0.75,1,768.950283
-2.25,4,768.960616
0.75,4,768.971175
5.25,13,769.001456
6.25,15,769.037283
1.25,5,769.0497
2.75,8,769.067836
12.5,25,769.130062
4.75,12,769.160871
4.75,11,769.188411
-4.75,14,769.225894
-0.75,1,769.228889
0.75,1,769.231884
1.25,5,769.245473
14.5,22,769.303241
5.25,13,769.338462
0.75,1,769.34154
8.5,17,769.386921
2.25,7,769.405765
10.5,21,769.45889
10.25,16,769.496846
18.0,18,769.541582
12.75,27,769.609494
6.75,16,769.650569
-0.25,2,769.655665
-0.75,1,769.658589
0.75,1,769.66142
9.0,18,769.707184
9.25,18,769.750248
0.75,1,769.752886
1.75,9,769.77386
0.75,4,769.783562
3.75,7,769.800834
9.5,18,769.84915
-0.75,1,769.852148
0.25,6,769.868597
0.75,1,769.871605
0.75,1,769.874499
6.25,12,769.907866
-0.25,2,769.913953
11.0,20,769.970073
2.75,5,770.324495
8.5,15,770.362372
13.0,26,770.423972
0.75,1,770.426791
0.75,1,770.429724
7.5,15,770.463684
0.75,1,770.46643
10.75,24,770.522662
-0.75,1,770.525253
14.5,26,770.586547
6.75,13,770.61763
-1.25,9,770.646554
0.75,1,770.650014
-3.75,4,770.662703
0.25,3,770.672403
10.25,23,770.741448
0.25,3,770.750281
-0.75,1,770.753198
0.75,4,770.764376
8.75,20,770.82201
14.5,27,770.902186
6.75,14,770.954186
10.75,21,771.022835
5.25,13,771.061177
12.5,23,771.122316
0.75,1,771.125243
11.25,23,771.186154
0.25,3,771.195945
-0.25,2,771.202106
-0.75,1,771.20544
8.75,20,771.257956
-0.75,1,771.260812
12.75,20,771.31286
0.75,1,771.315682
-0.75,1,771.318463
-0.75,4,771.329212
0.75,1,771.332164
7.75,18,771.377221
12.0,21,771.432491
4.5,15,771.471304
22.0,35,771.556465
12.0,19,771.602081
-0.25,2,771.60801
0.25,3,771.616193
2.75,5,771.629385
1.25,5,771.643274
-0.25,12,771.673894
0.75,1,771.676853
1.75,6,771.692274
3.75,4,772.00645
1.75,3,772.01411
24.0,46,772.128298
12.75,27,772.191937
-2.25,4,772.202689
10.0,16,772.242657
11.5,21,772.293466
0.25,3,772.301325
-0.75,1,772.304132
-0.75,1,772.306973
8.25,11,772.33508
-0.75,4,772.345011
8.5,17,772.397612
18.5,37,772.545147
-0.75,1,772.549201
0.25,6,772.566501
16.5,18,772.616539
10.0,20,772.672172
17.0,26,772.747129
11.0,15,772.785228
5.75,14,772.821218
16.5,18,772.866126
8.75,18,772.911109
-0.75,4,772.920907
0.75,1,772.923424
9.25,13,772.954911
8.0,15,772.990918
6.75,12,773.023629
-2.75,6,773.044536
0.75,1,773.051333
-0.25,2,773.058656
-0.75,1,773.062161
0.75,1,773.065631
2.25,4,773.077941
-0.75,1,773.081297
-0.75,1,773.084582
3.25,9,773.112588
10.5,12,773.151644
6.25,13,773.192047
13.0,26,773.271405
8.5,17,773.322578
6.75,15,773.365172
0.75,10,773.39224
1.75,6,773.408079
-0.75,1,773.410876
-0.25,2,773.416162
3.75,10,773.775954
0.75,1,773.779155
11.0,18,773.826033
-1.25,3,773.833992
9.5,19,773.88377
-0.25,2,773.892931
1.75,15,773.945135
-0.25,2,773.950868
-0.75,1,773.953922
11.0,21,774.01309
0.75,1,774.016053
8.5,17,774.062205
7.25,14,774.100996
14.5,22,774.160413
18.0,32,774.251974
7.5,18,774.304077
9.0,18,774.355193
13.0,26,774.422987
10.0,20,774.474149
-0.75,1,774.476967
12.5,14,774.515305
3.25,9,774.538303
10.5,21,774.588253
10.5,16,774.628703
0.75,1,774.631681
0.75,1,774.634437
3.75,10,774.658848
11.25,28,774.725105
5.75,11,774.751206
1.25,5,774.762814
-0.75,10,774.785848
6.5,22,774.838106
2.0,20,774.90063
12.0,24,774.969893
9.5,19,775.018867
0.75,1,775.021815
0.75,1,775.02475
2.25,7,775.043673
-0.75,1,775.046963
10.5,15,775.086736
-3.25,5,775.100235
0.75,1,775.103132
0.75,1,775.105946
15.25,22,775.489516
1.75,3,775.496415
6.75,16,775.536303
5.25,10,775.561822
7.0,14,775.595658
6.25,15,775.633235
-0.25,2,775.638735
0.25,3,775.647065
0.75,1,775.649655
1.75,3,775.6572
2.25,7,775.675196
-0.75,1,775.677904
2.25,4,775.688926
0.75,1,775.691825
-0.75,1,775.694489
0.25,3,775.701643
0.75,1,775.704252
0.75,1,775.706982
0.75,1,775.709824
-3.75,4,775.71953
7.75,15,775.753912
-0.25,2,775.758846
13.75,16,775.796427
6.5,13,775.826564
4.75,8,775.84452
0.75,1,775.847435
5.25,10,775.873354
0.75,1,775.87634
15.0,22,775.936468
-0.75,1,775.939471
3.75,10,775.966291
1.25,8,775.987682
1.75,6,776.003861
4.75,12,776.03624
0.75,1,776.039128
-0.75,1,776.04233
0.75,1,776.045259
4.25,11,776.074579
2.75,14,776.112345
14.5,26,776.181307
2.75,14,776.217896
0.75,1,776.220767
9.0,18,776.266435
9.75,15,776.304179
8.25,15,776.340506
1.25,5,776.353954
3.75,7,776.370586
0.75,1,776.373189
24.0,46,776.482489
0.75,1,776.485116
2.25,7,776.502551
31.5,48,776.615306
-0.75,1,776.618087
-0.75,1,776.620734
12.5,25,776.6824
9.25,21,776.737151
7.0,14,777.08468
1.25,5,777.100036
19.0,32,777.204346
0.75,1,777.208504
1.25,5,777.223623
12.5,25,777.296294
7.25,16,777.34129
2.75,5,777.358624
4.25,11,777.391096
8.0,16,777.435547
2.75,5,777.449297
-0.75,1,777.452675
6.75,14,777.492878
15.0,22,777.556648
-0.75,1,777.559859
12.0,19,777.611413
3.25,9,777.638036
0.75,1,777.641858
0.75,1,777.6461
5.25,13,777.685451
6.75,13,777.725229
-0.75,1,777.728661
6.75,13,777.767673
0.25,11,777.801452
0.75,1,777.804981
19.0,27,777.889472
0.75,1,777.89293
10.5,22,777.951362
0.75,1,777.954394
-0.75,1,777.957425
2.25,7,777.976275
11.25,18,778.023674
2.25,7,778.041545
7.75,14,778.077737
-0.25,2,778.083308
31.5,48,778.199548
0.75,1,778.202126
0.75,1,778.204951
-0.75,1,778.207749
0.75,1,778.210582
14.5,23,778.267773
-0.25,2,778.274231
6.25,15,778.31654
11.0,20,778.370113
-0.25,2,778.375679
-0.75,1,778.378911
6.25,15,778.418614
0.75,1,778.421534
-0.75,1,778.424227
0.75,1,778.427178
3.25,9,778.450206
-0.75,1,778.453123
15.0,25,778.823214
25.5,36,778.918425
-0.25,2,778.923701
10.25,21,778.977068
0.75,1,778.980012
5.0,19,779.026114
0.75,1,779.028763
-0.25,2,779.034118
-1.25,3,779.041681
15.5,31,779.121262
10.5,15,779.161263
-2.75,3,779.169911
5.75,11,779.198849
5.75,11,779.227165
-0.25,2,779.232394
0.75,1,779.235247
9.5,19,779.284836
7.75,16,779.326871
4.25,11,779.355652
1.75,6,779.371388
0.75,4,779.381735
0.75,1,779.384514
9.75,16,779.427087
2.25,7,779.445723
0.75,1,779.448678
10.5,21,779.501047
0.75,1,779.503894
18.5,25,779.562598
4.75,12,779.5914
-0.75,1,779.594231
1.25,5,779.60591
0.25,3,779.613407
-0.25,2,779.618533
0.25,3,779.626143
-0.25,2,779.633537
-0.25,2,779.639621
3.25,9,779.66145
-0.25,2,779.666837
1.75,6,779.681494
0.75,1,779.684113
0.75,1,779.686951
3.75,10,779.71211
-0.25,5,779.724779
3.5,13,779.75664
15.0,28,779.822462
0.75,1,779.825193
-0.25,2,779.830276
10.0,17,779.870751
13.5,27,779.939917
0.75,1,779.94271
-0.25,2,779.948233
21.0,31,780.025206
0.75,1,780.028089
5.25,13,780.060845
16.5,18,780.105755
-0.75,10,780.481076
7.75,27,780.558495
1.25,5,780.57282
0.25,3,780.580895
0.25,3,780.589304
6.25,15,780.629521
5.75,14,780.667414
-0.25,2,780.673
3.75,6,780.688247
13.5,20,780.734289
0.25,3,780.741388
12.5,25,780.804883
-0.25,2,780.810423
2.75,8,780.831186
12.5,24,780.893087
15.5,30,780.972571
-2.25,4,780.983239
9.75,14,781.021377
0.75,1,781.024352
8.5,15,781.060668
7.25,13,781.092065
17.25,27,781.156783
-0.25,2,781.162067
0.75,1,781.165102
-0.75,1,781.16801
4.25,11,781.196205
0.75,1,781.198716
6.25,15,781.237486
7.25,17,781.280217
13.5,20,781.334032
4.75,12,781.363002
0.25,3,781.36987
-0.75,7,781.387561
6.75,16,781.428367
13.75,30,781.496857
-0.75,1,781.499562
-0.75,1,781.502167
0.75,1,781.50474
2.75,5,781.516764
0.75,1,781.519571
4.75,12,781.54818
6.75,16,781.586822
-0.25,2,781.591547
12.0,19,781.635201
8.25,13,781.667017
0.75,1,781.669928
7.5,15,781.706707
9.25,18,781.746827
7.5,18,782.099648
-0.25,2,782.104967
5.75,14,782.140148
0.75,1,782.143141
16.25,24,782.201542
9.25,21,782.250727
6.25,13,782.284214
0.75,1,782.287434
9.25,21,782.342185
8.25,19,782.390416
9.75,22,782.446719
0.75,1,782.449899
7.25,15,782.485497
-0.75,1,782.488403
12.0,19,782.535945
0.75,1,782.538846
6.5,22,782.590328
2.25,10,782.613955
0.75,1,782.616765
5.0,16,782.654989
0.75,1,782.657877
0.75,1,782.660447
8.25,16,782.700564
-0.75,1,782.703122
3.75,10,782.727013
12.25,26,782.789827
0.75,1,782.792569
9.5,18,782.832883
0.75,1,782.835615
9.0,18,782.878522
6.25,15,782.914838
-0.25,2,782.920072
-1.25,1,782.922869
-0.75,1,782.925597
8.0,16,782.966285
4.25,11,782.992984
0.75,1,782.995665
0.75,1,782.998503
4.25,17,783.038042
0.75,1,783.040679
13.25,23,783.095343
-0.25,2,783.100547
7.75,15,783.135839
-2.25,4,783.145116
4.25,13,783.176138
19.5,34,783.258715
9.25,18,783.302604
1.75,6,783.317305
0.75,1,783.319875
15.0,28,783.694108
2.75,8,783.714902
0.25,3,783.722631
3.75,16,783.760015
11.25,22,783.814944
3.25,9,783.838292
0.25,3,783.846383
1.75,3,783.854606
11.25,17,783.900899
12.5,17,783.945024
0.75,1,783.948028
-0.75,1,783.950775
-0.25,2,783.956254
4.0,17,784.000124
13.75,27,784.06701
10.5,18,784.110313
5.75,14,784.141908
-0.75,1,784.144419
3.75,7,784.161296
15.75,24,784.2226
3.75,4,784.232842
21.5,29,784.306251
7.5,18,784.350112
-0.75,19,784.396194
21.0,31,784.472476
-1.25,3,784.480262
16.75,27,784.547967
0.75,1,784.550819
-0.75,1,784.553782
0.75,19,784.599384
1.75,3,784.606723
0.25,3,784.614579
2.75,14,784.649855
13.5,21,784.699842
6.25,18,784.746551
-0.25,2,784.751993
21.0,42,784.851125
-1.25,3,784.858854
1.75,3,784.866889
9.75,25,785.238326
0.75,1,785.24125
0.75,1,785.244339
0.75,1,785.247195
3.75,16,785.286637
9.5,19,785.351749
5.5,20,785.405856
10.25,21,785.464024
7.75,18,785.510993
7.25,17,785.556548
15.5,28,785.627931
5.0,16,785.668146
-0.75,1,785.67099
11.5,23,785.730392
12.0,19,785.77774
8.0,16,785.820637
0.75,1,785.823488
0.75,1,785.826248
10.0,17,785.868836
17.0,33,785.952156
-0.75,1,785.955058
14.5,29,786.027736
7.75,18,786.071226
0.75,1,786.073782
15.0,28,786.142893
0.25,3,786.150363
0.75,1,786.153093
10.5,17,786.195744
7.5,15,786.233452
0.75,4,786.243185
9.5,31,786.320232
10.5,16,786.360575
0.75,1,786.363549
16.0,24,786.42236
10.5,21,786.474721
-1.25,3,786.481988
4.0,17,786.524091
0.75,1,786.527028
8.0,14,786.871977
8.0,16,786.913045
-1.25,18,786.959272
8.0,16,787.000555
6.25,12,787.032381
-0.25,2,787.038065
10.0,20,787.090548
10.0,14,787.127244
7.5,21,787.180977
0.75,1,787.183916
-0.75,1,787.192997
-1.25,15,787.22965
9.0,16,787.269315
24.0,37,787.364753
5.75,14,787.400622
7.5,15,787.439631
0.5,19,787.487474
0.75,1,787.49043
-1.25,3,787.498325
-14.25,16,787.537164
0.75,1,787.539966
15.25,32,787.619519
8.5,23,787.676337
5.75,11,787.705356
-2.25,4,787.71558
0.75,4,787.725929
10.5,12,787.755282
0.25,13,787.787274
11.5,19,787.834526
-0.25,2,787.839931
-1.25,6,787.855974
21.0,42,787.960013
5.25,13,787.993429
5.25,13,788.025498
12.0,21,788.078034
9.5,25,788.140339
0.75,16,788.498084
7.25,11,788.527268
1.75,3,788.535974
22.0,42,788.642095
12.0,21,788.697043
9.0,27,788.767118
6.75,16,788.808363
0.75,1,788.81093
12.5,22,788.862398
4.75,12,788.894465
6.0,12,788.923445
-0.25,2,788.929035
8.5,17,788.968833
5.25,13,789.000912
9.5,19,789.045979
1.75,6,789.060193
14.75,32,789.134016
1.75,6,789.148733
2.25,16,789.188209
19.0,27,789.255201
8.0,15,789.291161
-0.25,2,789.296587
7.75,15,789.333877
0.75,1,789.336492
8.75,20,789.386904
8.25,19,789.433791
0.75,1,789.43662
13.0,17,789.477657
0.25,3,789.485398
14.5,29,789.554503
3.25,6,789.569221
11.5,23,789.624097
5.25,22,789.676092
0.25,15,789.713156
5.75,17,790.063725
0.75,1,790.066639
-0.75,12,790.09833
4.75,12,790.127193
-9.25,11,790.154544
26.5,40,790.255537
9.5,19,790.304761
-4.25,15,790.341154
3.0,33,790.416676
-2.25,4,790.426143
3.25,9,790.446838
16.0,30,790.521749
8.5,17,790.560742
0.75,1,790.563344
2.25,19,790.607054
11.75,23,790.661158
0.25,3,790.668367
0.5,19,790.713509
-0.25,2,790.718194
12.5,20,790.765543
3.75,16,790.803343
0.75,1,790.80576
6.25,17,790.844974
1.25,5,790.857104
7.25,14,790.889183
-1.25,8,790.909159
9.25,15,790.943185
5.75,11,790.968196
12.5,25,791.043674
0.75,1,791.047349
12.5,23,791.119028
13.0,26,791.192647
3.75,16,791.230012
-1.25,12,791.260873
0.75,1,791.263592
4.25,8,791.281738
4.75,9,791.305231
7.25,10,791.614461
7.25,17,791.655385
-2.25,4,791.665207
-1.25,3,791.672562
0.25,3,791.680442
-2.75,15,791.715742
2.25,13,791.746616
15.0,29,791.816268
-0.25,2,791.82144
11.0,22,791.87254
1.25,5,791.885753
25.0,39,791.973177
0.75,1,791.975816
0.75,13,792.006274
15.0,22,792.058898
-0.25,2,792.063836
20.5,24,792.12006
0.75,4,792.130006
9.25,13,792.162488
15.0,21,792.218141
3.25,6,792.233862
5.25,13,792.267084
-0.75,1,792.27007
14.0,24,792.330533
7.75,18,792.375966
8.25,17,792.419851
-0.75,1,792.42263
0.75,1,792.425545
0.75,1,792.428369
16.5,23,792.482378
5.25,11,792.509324
16.25,38,792.600753
-0.75,1,792.603513
-0.25,2,792.608665
0.75,1,792.611477
2.25,13,792.642498
6.75,16,792.681361
-2.25,4,792.69139
0.25,6,792.70687
3.75,10,792.731588
25.0,43,792.832147
1.75,3,793.136685
8.75,19,793.185624
6.75,16,793.227901
-0.75,1,793.230738
8.75,20,793.283659
11.75,19,793.333503
9.75,14,793.370774
-0.25,2,793.376181
13.0,17,793.418759
15.0,24,793.476862
1.25,5,793.489546
3.75,7,793.50632
17.0,33,793.585822
2.75,8,793.604943
16.0,24,793.664073
6.75,14,793.699037
15.5,19,793.74436
9.25,20,793.795187
-0.25,2,793.800208
-2.75,3,793.807351
4.25,8,793.825972
-0.25,2,793.830603
5.25,11,793.856632
9.0,18,793.90275
0.75,1,793.905581
16.0,24,793.962421
9.0,18,794.005245
0.75,1,794.007722
3.25,9,794.029537
2.75,8,794.048167
-0.75,1,794.050691
-0.25,2,794.055489
-0.75,1,794.058076
9.0,18,794.100241
-0.25,2,794.10608
4.25,9,794.128173
10.0,21,794.178122
0.75,1,794.180753
0.75,1,794.183291
6.5,13,794.213048
3.75,10,794.235389
-0.25,2,794.240176
0.75,1,794.243137
8.75,20,794.289742
2.25,7,794.30715
-0.25,2,794.311975
3.75,10,794.335151
19.0,32,794.706569
13.0,19,794.753687
4.75,12,794.78397
-0.25,2,794.789265
11.5,23,794.844186
7.25,17,794.884663
0.75,1,794.887376
-0.25,2,794.894565
10.5,18,794.940023
6.75,13,794.971707
7.25,20,795.017784
10.25,16,795.055023
3.25,9,795.075502
12.5,23,795.127868
0.25,3,795.135212
0.25,9,795.156501
0.75,1,795.159224
13.5,20,795.206481
-0.75,1,795.209096
13.5,19,795.253953
0.75,4,795.263966
0.25,3,795.270964
-0.25,2,795.275626
9.25,13,795.30842
1.75,6,795.323089
1.75,3,795.330547
10.25,23,795.38494
4.75,12,795.412549
16.75,34,795.49171
0.75,1,795.494433
-0.75,1,795.497128
-0.25,2,795.502425
0.75,1,795.505111
6.75,16,795.543808
0.75,1,795.546667
15.5,23,795.601589
13.0,17,795.641532
4.25,9,795.662367
5.75,14,795.694449
-0.25,2,795.699679
7.25,17,795.739451
9.5,19,795.782931
-0.25,2,795.787871
1.25,5,795.799057
6.25,15,795.833678
4.75,12,795.861363
14.5,23,796.211613
8.75,15,796.250365
7.25,17,796.295014
11.25,19,796.343863
8.5,17,796.389488
38.0,63,796.540377
8.75,20,796.587982
0.25,15,796.621767
-0.75,1,796.624344
7.75,15,796.658499
1.25,3,796.66532
7.5,15,796.700492
-4.25,12,796.72822
0.75,1,796.730731
-0.25,2,796.735736
6.75,15,796.769886
-0.25,2,796.775334
-0.25,2,796.780237
6.75,16,796.816448
0.75,1,796.819029
1.75,6,796.833416
13.25,23,796.886241
11.75,17,796.92934
6.25,16,796.966113
0.75,1,796.969102
7.25,11,796.996109
9.0,18,797.036903
4.25,8,797.056489
0.75,1,797.059134
1.25,5,797.071198
1.75,6,797.085079
15.0,22,797.135338
5.25,10,797.157622
0.75,1,797.160382
8.25,16,797.197987
0.75,1,797.200752
0.25,3,797.208348
0.75,14,797.243125
7.75,18,797.292606
1.75,3,797.300693
-0.75,1,797.303641
0.75,1,797.306454
21.0,42,797.412598
1.75,3,797.419953
-4.25,6,797.434983
8.25,13,797.770423
3.25,9,797.793658
9.75,22,797.849426
-1.25,3,797.857663
1.75,6,797.873248
1.25,5,797.886359
5.75,14,797.923673
2.25,13,797.957653
8.0,16,797.997237
15.5,19,798.044715
1.75,6,798.060176
9.5,19,798.106353
14.5,20,798.152735
0.75,1,798.155605
15.75,24,798.212834
-0.25,2,798.217904
-2.25,4,798.227589
7.5,15,798.264439
4.25,17,798.307166
0.25,3,798.315417
-0.25,2,798.320735
0.25,3,798.328564
2.25,4,798.338422
13.5,27,798.406462
-1.25,3,798.41458
13.75,16,798.455758
3.25,15,798.492215
2.25,7,798.509981
-0.25,2,798.515417
-1.25,3,798.523088
28.0,37,798.609449
0.75,4,798.619425
-7.5,21,798.667578
3.25,9,798.688486
0.25,12,798.718125
-2.75,3,798.725992
10.5,21,798.776814
8.0,16,798.81753
-0.75,1,798.820391
13.0,26,798.882238
4.25,8,798.903363
7.5,15,798.938566
0.25,3,798.94644
-0.25,2,798.951824
13.25,18,798.995566
3.25,6,799.320551
9.75,15,799.35936
14.75,32,799.441514
4.25,11,799.469907
0.75,1,799.472677
8.5,20,799.523689
-0.25,2,799.528931
13.75,23,799.586245
4.75,9,799.608264
4.75,12,799.637825
0.75,1,799.640605
9.5,19,799.686103
10.0,19,799.734935
9.0,18,799.779524
-0.75,1,799.782065
0.75,1,799.784686
-3.25,5,799.796554
8.5,17,799.838733
9.75,22,799.891044
42.0,51,800.025293
10.0,20,800.071375
8.75,20,800.118102
-0.75,1,800.12085
13.75,20,800.167376
17.5,35,800.251996
2.25,4,800.261641
6.5,13,800.29235
0.25,3,800.300419
8.25,16,800.342366
0.75,1,800.345167
-0.25,2,800.350241
0.75,1,800.353107
3.25,9,800.37513
8.75,20,800.421887
13.25,22,800.476573
10.25,15,800.514687
3.25,9,800.536726
5.25,13,800.569366
15.0,21,800.930064
2.25,7,800.948253
0.75,1,800.951164
25.5,36,801.040788
-0.75,1,801.043607
10.5,15,801.082777
25.0,39,801.176276
6.75,19,801.220652
13.75,22,801.273402
6.25,15,801.311261
11.25,18,801.3546
-8.75,15,801.391184
11.75,26,801.452467
3.25,9,801.475392
-0.25,2,801.480751
3.25,15,801.521132
9.75,22,801.577421
3.5,21,801.627649
-0.25,2,801.632914
-1.75,8,801.652975
-0.25,2,801.65805
24.0,37,801.748933
0.75,1,801.751708
12.0,24,801.812367
-0.75,1,801.815288
8.0,16,801.853112
0.25,3,801.860451
6.75,13,801.892811
6.25,15,801.930478
7.75,15,801.965981
0.75,1,801.968613
9.0,18,802.010318
0.75,1,802.01304
-2.25,4,802.023015
10.0,29,802.091323
0.75,1,802.094024
11.0,22,802.146074
10.5,21,802.516852
1.75,6,802.533363
-0.25,2,802.539119
11.25,25,802.605531
-0.75,1,802.608424
1.75,3,802.616354
9.75,19,802.6643
13.25,18,802.709666
5.75,14,802.742618
6.25,15,802.778834
0.75,1,802.781403
0.75,1,802.784085
6.25,12,802.812713
0.75,1,802.815423
7.75,13,802.846776
0.75,1,802.849908
0.75,1,802.85272
15.25,22,802.906753
8.5,16,802.945836
4.75,12,802.974341
0.75,1,802.976904
13.0,17,803.018549
-0.25,2,803.023569
-3.75,4,803.034028
6.75,16,803.071667
7.25,17,803.111829
12.25,27,803.176646
14.5,21,803.255532
10.5,12,803.302601
6.75,12,803.343459
-0.25,2,803.350585
2.25,7,803.371475
0.75,1,803.374114
0.25,3,803.381927
-0.75,1,803.384933
0.75,1,803.387742
18.5,19,803.432125
2.25,7,803.44923
8.5,13,803.48124
-0.75,1,803.48409
0.75,1,803.486896
4.75,12,803.516642
-0.25,2,803.522059
-3.75,4,803.532304
1.25,5,803.545185
13.5,27,803.611892
9.0,18,803.65435
1.25,5,803.666336
20.75,39,803.758705
5.25,10,803.782214
0.25,3,803.790157
-1.25,3,804.107483
0.75,1,804.110626
3.75,10,804.136
25.0,39,804.236357
3.25,9,804.259228
16.0,24,804.318628
13.0,26,804.383058
0.75,1,804.385889
-0.75,1,804.388448
-0.25,2,804.393976
0.25,6,804.409388
20.5,24,804.468745
7.25,17,804.510546
6.25,15,804.547714
7.25,17,804.589644
0.25,3,804.597061
6.25,13,804.629495
21.0,42,804.72795
1.25,5,804.740379
18.75,26,804.803698
-0.75,1,804.806579
5.75,14,804.840503
2.25,4,804.850297
5.75,13,804.882835
2.25,13,804.915578
5.25,13,804.949038
13.5,21,805.001897
4.75,12,805.03126
13.75,16,805.068857
0.75,1,805.071474
5.75,14,805.105233
6.0,12,805.135535
11.5,22,805.18897
-0.75,19,805.237371
0.75,1,805.240144
0.75,1,805.242941
0.75,1,805.245633
0.75,1,805.248484
14.25,21,805.299868
10.25,18,805.345894
-0.75,1,805.348971
0.75,1,805.352058
7.75,18,805.706691
-0.25,2,805.712131
4.75,12,805.742924
7.25,16,805.781567
26.0,33,805.855416
0.75,1,805.858076
6.25,15,805.896184
0.75,1,805.899041
0.75,1,805.901827
0.75,1,805.904637
18.0,18,805.948623
8.75,20,805.995331
3.0,33,806.073574
8.75,18,806.114628
6.75,16,806.153475
11.25,22,806.202938
0.75,1,806.205727
0.75,1,806.208409
0.75,4,806.217949
12.75,17,806.256746
14.0,28,806.32071
11.5,22,806.373789
0.75,1,806.376584
2.25,4,806.387026
2.25,7,806.403353
4.25,17,806.443754
0.75,1,806.446504
10.25,14,806.479429
7.25,17,806.519967
13.0,17,806.564328
9.5,19,806.609643
-0.75,1,806.612117
2.75,8,806.632381
-0.25,2,806.637572
5.75,14,806.671152
8.75,20,806.718203
0.75,1,806.720955
1.75,6,806.734546
0.75,4,806.743914
0.25,3,806.751771
-0.75,1,806.754578
0.75,1,806.7574
1.25,5,806.770516
0.25,3,806.778409
1.75,6,806.793583
-0.75,1,806.79631
-0.25,2,806.801376
0.75,1,806.804362
5.75,14,806.837909
1.75,6,806.852931
0.75,1,806.85593
6.25,15,806.893766
13.5,27,807.275898
2.25,4,807.286153
-0.25,11,807.313772
7.75,17,807.354757
9.5,18,807.397929
1.25,5,807.410045
0.25,3,807.417318
0.75,1,807.419982
0.75,4,807.4303
-0.75,1,807.433024
7.75,18,807.478359
-0.25,2,807.483554
3.75,10,807.508687
-0.25,2,807.513856
1.25,5,807.525671
9.25,14,807.559338
4.75,12,807.589584
5.75,14,807.626752
3.75,10,807.65256
0.75,4,807.662855
0.75,1,807.665645
0.75,1,807.668198
14.5,29,807.739575
-0.25,2,807.744663
0.25,3,807.752012
12.5,22,807.80278
-0.25,2,807.807527
0.75,1,807.810076
6.75,13,807.839585
8.25,14,807.871029
3.75,10,807.897471
0.75,1,807.900429
6.25,15,807.937934
8.75,19,807.985756
0.75,1,807.988557
7.25,15,808.024142
9.0,18,808.067733
2.25,7,808.085666
-0.25,2,808.09064
6.75,16,808.129115
21.5,29,808.199837
0.75,4,808.210154
0.75,1,808.21283
9.75,14,808.248095
-3.25,5,808.260782
0.25,3,808.268438
8.25,13,808.300825
-0.75,1,808.303609
21.0,30,808.374987
8.25,19,808.421712
-1.25,9,808.445251
2.75,8,808.465649
5.25,10,808.489907
0.75,1,808.492508
-2.25,4,808.816729
0.75,1,808.819625
10.5,21,808.870994
-0.25,2,808.876266
0.75,1,808.878895
0.75,1,808.881629
-0.75,1,808.884507
0.75,1,808.887499
-0.75,1,808.890316
-12.75,13,808.923044
0.75,4,808.933319
-0.25,2,808.938515
2.75,7,808.956355
0.75,1,808.959238
-0.25,2,808.964526
8.75,14,808.999979
34.0,60,809.140377
-5.75,6,809.156419
11.5,23,809.212758
0.75,1,809.215272
0.75,1,809.217946
0.75,1,809.220559
-0.25,2,809.225564
0.75,1,809.227947
1.25,5,809.240712
10.5,16,809.280343
0.75,1,809.282847
4.25,8,809.303564
7.25,17,809.343529
16.5,22,809.398245
10.25,22,809.450886
0.75,1,809.453475
7.75,16,809.492869
15.5,19,809.539049
-1.25,3,809.546612
7.25,17,809.584912
5.75,14,809.617601
13.5,23,809.674885
2.75,5,809.687774
12.0,19,809.733241
5.75,12,809.762855
7.25,12,809.791444
-1.25,3,809.798949
0.75,1,809.801563
-0.25,2,809.806608
4.25,11,809.832422
0.75,1,809.835138
8.25,13,809.86613
10.5,16,809.905267
11.0,22,809.956171
-0.25,2,809.961182
1.25,5,809.973407
10.0,20,810.022362
-2.25,4,810.032597
-0.25,2,810.038016
8.75,20,810.394228
18.5,22,810.447869
1.25,5,810.459857
-0.75,1,810.462572
2.75,8,810.482022
9.75,20,810.531859
9.25,18,810.573955
0.75,4,810.583743
0.75,1,810.586314
8.25,19,810.632572
-0.25,2,810.637995
0.25,3,810.645962
-0.25,2,810.650968
-0.75,1,810.653789
12.0,19,810.701741
28.0,37,810.79271
12.5,25,810.85645
14.75,22,810.912668
2.75,8,810.932492
-0.25,2,810.937672
1.75,9,810.958721
12.0,18,811.00174
12.5,25,811.063637
-3.25,5,811.076011
0.75,4,811.085935
12.5,25,811.147549
8.0,15,811.185719
9.5,18,811.229934
13.5,14,811.265568
10.25,16,811.30503
9.0,18,811.348434
0.75,12,811.37852
11.25,25,811.440695
13.25,22,811.492048
2.75,8,811.513751
16.5,31,811.58737
22.5,25,811.962709
1.25,5,811.975319
0.75,1,811.978174
-0.25,2,811.983491
1.75,6,811.998671
12.5,14,812.033751
25.0,39,812.128913
7.75,18,812.173487
-2.25,4,812.184015
18.5,26,812.247582
5.75,17,812.288193
3.25,6,812.303866
3.25,15,812.340472
0.75,1,812.343343
9.0,18,812.38935
3.25,6,812.404
10.0,17,812.445473
-0.25,2,812.450292
18.5,26,812.5121
-0.25,2,812.517307
6.25,15,812.550637
-0.25,2,812.555503
14.5,26,812.61884
12.0,24,812.681369
8.0,14,812.71746
21.0,39,812.812636
0.75,1,812.815168
10.0,20,812.864747
12.0,16,812.905249
11.0,21,812.954649
-0.75,1,812.957226
12.0,19,813.008066
0.75,1,813.01079
0.75,1,813.013563
5.75,14,813.046383
-0.25,2,813.051204
21.0,42,813.148665
0.75,1,813.151457
5.25,9,813.174484
5.25,13,813.512114
0.75,1,813.514888
5.75,14,813.546767
0.25,3,813.554524
13.5,14,813.590295
9.0,18,813.632765
6.5,13,813.666295
0.75,1,813.669225
3.25,9,813.692594
0.25,3,813.70044
7.75,15,813.734348
2.75,8,813.753759
5.25,12,813.781895
0.75,1,813.784626
-0.25,2,813.789735
3.25,9,813.811346
0.75,1,813.814083
2.75,8,813.834982
13.0,17,813.881203
4.75,12,813.910792
6.25,12,813.941444
4.25,11,813.968413
5.25,10,813.991431
10.5,21,814.042146
-0.75,1,814.045058
10.75,22,814.098571
12.5,23,814.153907
1.75,6,814.16745
7.75,18,814.213188
0.75,1,814.216083
12.5,25,814.27789
12.5,24,814.339361
0.75,1,814.342354
8.5,17,814.387928
0.75,1,814.392812
-0.75,1,814.396392
11.5,22,814.450758
-0.75,1,814.45379
-2.25,4,814.463977
-0.25,2,814.469135
0.75,1,814.471678
3.75,16,814.508857
10.5,16,814.544878
12.0,19,814.588556
1.25,5,814.601426
-0.25,2,814.606752
12.0,19,814.652295
-0.75,1,814.655255
4.75,12,814.687379
-0.75,1,814.690233
-0.75,1,814.693109
0.75,4,814.70386
6.75,16,814.744183
8.5,17,815.101381
-0.75,1,815.104178
12.5,17,815.146698
0.75,1,815.149534
-0.75,1,815.15235
0.75,1,815.155222
0.75,1,815.158096
18.0,34,815.241663
0.75,1,815.244527
0.75,1,815.247453
1.75,6,815.262127
0.75,4,815.272381
5.25,13,815.303927
0.75,1,815.306815
0.75,1,815.309602
15.25,27,815.375338
-0.25,2,815.379915
4.75,18,815.423122
10.0,18,815.470599
0.75,1,815.47342
0.75,1,815.476034
0.75,1,815.478862
0.25,3,815.486161
0.75,1,815.488949
0.75,1,815.491584
17.0,34,815.571338
6.25,15,815.607241
1.75,6,815.621748
0.75,4,815.63155
6.25,15,815.669656
0.75,1,815.672583
3.75,7,815.690617
0.75,1,815.693593
9.75,18,815.735527
1.25,5,815.746855
-1.25,3,815.754045
0.75,1,815.756827
0.75,3,815.764149
0.75,1,815.766814
-0.25,2,815.771557
-0.25,2,815.776416
1.75,6,815.791776
0.75,1,815.794759
0.75,4,815.805089
3.25,9,815.825433
6.75,12,815.852219
0.75,4,815.862006
7.25,17,815.903945
8.25,19,815.949111
6.75,16,815.986777
9.5,17,816.026809
9.5,18,816.068583
-0.75,1,816.071553
13.0,26,816.131604
0.25,3,816.138874
7.25,12,816.169034
-0.25,2,816.174378
-0.25,2,816.17967
5.75,11,816.20825
0.75,1,816.211207
6.25,15,816.247353
0.25,3,816.254712
10.0,17,816.298265
-0.25,2,816.303793
3.25,9,816.326264
9.5,19,816.661626
-0.75,1,816.664452
0.75,1,816.667307
0.75,1,816.670013
8.0,16,816.708651
0.25,3,816.716522
12.5,24,816.771062
-0.25,2,816.775921
9.5,13,816.805328
11.0,22,816.858273
0.25,3,816.865543
4.75,12,816.892648
18.5,19,816.937269
0.75,1,816.940377
-0.25,2,816.94582
4.75,12,816.974818
12.0,24,817.028749
26.0,33,817.106047
-0.25,2,817.111128
0.25,3,817.118192
1.25,5,817.130868
3.75,10,817.155358
14.5,27,817.220176
3.75,4,817.229903
7.25,17,817.269106
9.0,18,817.312181
0.75,1,817.315013
3.25,9,817.344148
8.0,16,817.385088
-0.25,2,817.390642
9.75,22,817.443218
13.75,23,817.501329
11.0,18,817.544832
1.75,6,817.55927
14.0,26,817.620807
0.25,6,817.635818
-0.25,2,817.640588
-0.25,2,817.646027
-0.75,1,817.648849
9.75,22,817.705365
2.25,7,817.724402
16.25,35,817.830431
-0.25,2,817.836753
5.75,14,817.873669
0.75,1,817.876708
4.25,11,818.214414
0.75,1,818.217254
14.0,25,818.280783
4.75,12,818.310959
0.75,1,818.313766
-0.25,2,818.319063
-0.75,1,818.321929
12.5,23,818.380615
0.75,1,818.383461
-0.75,1,818.386222
15.5,29,818.454977
16.75,35,818.544349
0.75,1,818.547241
-0.75,1,818.549996
4.25,9,818.572001
6.5,13,818.604579
0.25,3,818.612692
7.0,14,818.649431
1.25,5,818.662365
-0.25,2,818.667709
0.75,1,818.670533
15.5,29,818.745704
9.0,18,818.811205
0.75,1,818.816375
2.75,5,818.847475
15.25,23,818.947291
0.75,1,818.950175
2.25,7,818.967839
-0.75,1,818.97059
-4.75,17,819.015489
0.75,1,819.018371
6.75,14,819.054007
13.5,20,819.103081
0.75,1,819.105883
14.5,26,819.167478
10.25,18,819.209849
0.75,1,819.212693
4.75,12,819.244134
8.25,13,819.277088
8.75,20,819.330044
9.0,18,819.375718
0.75,4,819.386125
16.5,31,819.465342
7.5,21,819.517468
11.5,21,819.569856
3.25,9,819.890555
22.0,42,819.992809
0.75,1,819.995434
12.25,19,820.041389
0.75,4,820.051123
13.0,18,820.094433
8.75,14,820.127833
-0.75,1,820.130619
0.75,1,820.133355
3.75,10,820.157
5.25,13,820.189212
0.75,1,820.192015
1.25,5,820.204476
0.75,1,820.207291
8.25,18,820.252447
-2.25,13,820.283492
-0.25,2,820.288482
32.0,48,820.406687
0.75,1,820.409518
0.75,1,820.412312
8.5,17,820.454431
-4.25,6,820.469748
-0.25,2,820.475055
8.75,19,820.521121
14.0,25,820.578931
6.75,16,820.615893
-0.25,14,820.648458
6.25,15,820.684666
0.75,1,820.687473
0.25,4,820.697188
10.0,14,820.732035
-0.25,2,820.736962
2.25,7,820.754356
0.25,12,820.782486
-0.25,2,820.787776
3.75,10,820.810902
0.75,1,820.813312
22.25,39,820.90475
0.75,1,820.907652
0.75,1,820.910597
0.75,4,820.921005
11.0,16,820.962871
-4.25,15,821.001226
2.75,8,821.022021
21.0,39,821.114683
-6.25,17,821.455742
0.75,4,821.465648
9.5,19,821.510406
6.25,15,821.547172
6.75,16,821.584028
5.75,14,821.616833
1.75,7,821.633313
8.75,26,821.694678
-0.25,2,821.700175
4.25,11,821.727761
0.75,1,821.730793
15.0,21,821.781777
-2.25,4,821.792062
-0.75,1,821.794862
0.75,1,821.797688
6.75,13,821.831153
12.0,24,821.888736
3.25,9,821.912224
5.75,14,821.945688
0.75,1,821.948348
1.25,5,821.960757
-1.25,3,821.968856
0.75,1,821.971956
1.75,6,821.987919
0.75,1,821.990774
-0.25,2,821.996058
9.0,18,822.041218
4.75,12,822.069711
8.75,10,822.093039
-7.25,12,822.121098
9.75,22,822.173626
7.75,11,822.199312
0.75,1,822.202039
0.75,1,822.20459
18.5,22,822.258673
-1.25,3,822.266617
13.75,18,822.310702
-0.25,2,822.316021
0.75,1,822.326773
-0.75,1,822.329415
10.75,23,822.387441
19.0,28,822.455392
1.75,6,822.470315
9.0,17,822.513582
5.75,14,822.546929
0.75,1,822.549713
0.75,1,822.552622
8.25,16,822.591902
-0.25,2,822.597301
4.25,11,822.62571
0.75,1,822.628552
6.25,21,822.681717
16.5,26,823.078829
10.5,18,823.120538
-0.25,2,823.125712
0.75,1,823.128517
3.75,10,823.151612
27.5,34,823.23195
0.75,4,823.243018
-1.25,3,823.250751
6.75,16,823.28919
0.75,1,823.291864
0.75,1,823.294454
0.75,1,823.297431
0.25,3,823.305978
13.5,23,823.360365
-0.75,1,823.363244
-0.25,2,823.368424
7.5,15,823.403527
5.25,10,823.426579
19.0,32,823.501784
1.75,6,823.51637
-0.25,2,823.521086
0.75,1,823.523593
4.25,11,823.549613
0.75,1,823.552435
15.5,25,823.611861
25.0,39,823.703218
-0.75,1,823.706019
3.75,10,823.729824
6.25,15,823.76633
-0.25,2,823.771589
6.25,15,823.806494
-0.25,2,823.811868
-0.25,2,823.817094
8.25,19,823.861941
5.75,14,823.896665
9.25,16,823.936854
20.0,30,824.00758
-0.25,2,824.013196
5.75,14,824.048908
7.25,17,824.092894
-0.25,2,824.098591
6.75,16,824.13958
1.75,6,824.155918
16.25,32,824.235875
3.25,6,824.252039
12.0,18,824.593666
9.5,19,824.636151
3.75,10,824.662075
-0.75,1,824.664817
11.0,20,824.713343
2.25,12,824.742202
-0.25,2,824.747715
12.0,21,824.796169
21.0,31,824.868501
15.5,26,824.933581
-1.25,3,824.941671
-0.75,1,824.944839
18.0,18,824.990069
0.75,1,824.992969
5.25,13,825.025253
9.25,18,825.06708
7.25,11,825.093776
-0.75,13,825.131136
7.0,14,825.165846
6.5,13,825.195691
11.75,25,825.257227
0.75,4,825.267373
-0.25,2,825.272838
8.5,17,825.313809
17.0,34,825.396198
-0.25,2,825.401672
0.75,1,825.404301
18.0,32,825.486839
-0.25,2,825.491879
8.0,16,825.531812
10.5,21,825.586722
8.25,19,825.635862
0.75,1,825.638961
0.75,4,825.649563
15.0,22,825.707528
9.25,19,825.757031
7.75,18,825.803557
8.0,16,825.842119
0.25,3,826.162621
4.75,9,826.185146
0.75,1,826.18784
0.75,1,826.190552
5.75,16,826.228741
0.75,1,826.231433
-0.75,1,826.233962
-0.75,1,826.237345
0.75,1,826.240253
7.0,14,826.275963
3.25,9,826.298527
6.25,15,826.336487
-0.25,2,826.341837
0.75,1,826.344475
6.5,22,826.399277
11.0,22,826.45414
12.25,20,826.503574
0.75,1,826.506158
2.25,7,826.523996
8.75,21,826.572069
8.5,17,826.611973
22.0,42,826.708522
19.0,32,826.78625
-2.25,10,826.810942
18.0,32,826.891285
17.75,36,826.980203
19.0,36,827.063919
17.0,34,827.146636
14.0,25,827.211061
0.75,1,827.213954
0.75,1,827.216935
0.75,1,827.219907
8.25,16,827.260383
0.25,3,827.268667
24.0,47,827.387968
0.75,4,827.399054
0.75,4,827.409735
0.75,1,827.41294
2.25,13,827.740755
4.75,12,827.769761
12.5,20,827.815945
11.5,23,827.871858
7.75,12,827.904682
-0.75,1,827.907529
1.25,5,827.920372
0.75,4,827.930977
9.0,18,827.978313
9.0,18,828.025075
10.5,21,828.077895
6.0,16,828.115009
12.5,25,828.176043
-0.75,18,828.218971
-0.25,2,828.223981
4.75,12,828.253155
-1.25,3,828.26017
-0.25,2,828.264915
5.75,11,828.292559
7.75,12,828.324516
0.75,1,828.327413
20.0,30,828.39685
-0.25,2,828.402296
10.5,19,828.448616
-4.25,6,828.46332
-5.25,7,828.480873
7.25,17,828.521898
-7.25,9,828.544246
-6.25,17,828.585922
-2.75,9,828.608812
-2.25,4,828.619221
6.25,15,828.65758
0.75,1,828.660568
9.25,21,828.715916
8.25,17,828.759742
0.75,1,828.762738
16.5,33,828.846222
8.5,17,828.887268
12.5,25,828.951936
8.75,20,829.311582
-0.25,2,829.316533
10.0,22,829.373012
11.0,16,829.413032
17.0,27,829.488718
16.5,33,829.582198
1.25,5,829.596356
10.75,24,829.662452
6.75,16,829.70573
-5.25,7,829.724899
4.75,9,829.750124
-0.75,1,829.753245
12.75,23,829.820126
13.0,26,829.892665
-0.75,1,829.896435
0.75,1,829.900054
8.0,16,829.945396
-0.75,1,829.948775
-0.75,1,829.951836
-0.25,2,829.958112
9.0,18,830.010356
0.75,1,830.013667
-0.25,2,830.019851
7.25,15,830.061338
-3.25,5,830.075684
7.25,16,830.121123
6.75,16,830.167244
0.75,1,830.170308
-0.75,1,830.173349
9.0,18,830.225234
-1.75,5,830.240047
7.5,15,830.283452
8.75,18,830.338942
5.75,14,830.385517
9.25,14,830.428709
17.0,30,830.51121
18.5,19,830.566084
18.0,18,830.630484
4.25,14,830.672478
10.5,16,830.717575
6.25,15,830.759382
2.25,13,831.163448
15.5,31,831.246136
14.5,20,831.295465
-2.25,4,831.306922
3.75,10,831.333133
0.75,1,831.335969
-3.75,4,831.346531
8.25,10,831.37334
25.5,30,831.45471
13.0,18,831.501342
-2.25,4,831.51246
1.75,6,831.529123
0.75,1,831.532331
0.75,1,831.535987
12.75,17,831.583182
5.75,14,831.621773
-0.75,1,831.625198
-0.75,1,831.628261
8.5,17,831.675967
5.0,13,831.714767
0.75,1,831.717884
4.25,8,831.739159
0.75,1,831.742268
8.0,16,831.786442
16.0,24,831.854067
-0.25,2,831.859743
-4.25,15,831.903779
0.75,1,831.906831
0.75,1,831.910331
12.5,25,831.995056
-0.25,7,832.013755
12.5,25,832.085162
24.0,47,832.208063
10.5,18,832.253478
6.75,14,832.288621
6.0,18,832.334243
0.75,4,832.344528
5.75,16,832.383893
6.25,15,832.421901
15.25,22,832.476642
18.0,34,832.87047
2.75,4,832.880215
19.0,27,832.947592
6.25,15,832.985177
12.5,25,833.054507
6.25,12,833.087749
9.5,19,833.136647
-0.25,2,833.142622
-1.25,8,833.163814
9.5,16,833.20431
-0.25,2,833.209576
-0.75,1,833.212187
2.75,4,833.222157
4.75,12,833.251978
12.0,19,833.303319
0.75,1,833.306366
0.75,1,833.309559
15.0,25,833.378201
8.5,17,833.425667
0.75,1,833.429009
13.0,26,833.501449
10.5,18,833.551738
-1.25,12,833.584893
0.75,1,833.588573
-0.75,1,833.591558
16.0,24,833.656923
14.5,23,833.717331
8.0,16,833.760267
8.0,16,833.80623
9.25,19,833.860132
12.5,24,833.931446
8.75,20,833.989834
13.5,26,834.063051
-0.75,1,834.066716
5.25,19,834.119862
13.0,17,834.166768
4.75,12,834.20016
11.0,15,834.598524
7.25,17,834.6459
-0.25,2,834.651527
0.25,3,834.660054
18.0,25,834.72825
1.25,5,834.741449
1.25,14,834.777455
0.75,1,834.780294
2.25,7,834.800353
-0.25,2,834.806042
17.5,32,834.884211
6.75,16,834.924722
4.75,9,834.947209
8.75,19,835.000502
1.75,15,835.038759
9.5,19,835.089906
5.25,10,835.116667
9.0,18,835.167883
-0.75,1,835.170701
0.75,1,835.173668
8.5,17,835.218818
12.0,19,835.268006
0.25,3,835.2756
0.75,1,835.278411
8.0,16,835.320102
8.5,17,835.366119
7.25,17,835.414304
2.25,4,835.428084
0.75,1,835.431959
3.0,14,835.473997
6.75,16,835.517956
15.0,34,835.607695
0.75,7,835.626421
-0.75,1,835.629443
18.5,37,835.724768
-0.25,14,835.761067
13.75,25,835.827465
3.75,10,835.85431
0.75,1,835.857006
0.75,4,835.868094
10.5,20,835.921943
0.75,1,835.924774
10.0,22,836.282764
3.75,7,836.301259
0.75,1,836.304533
1.75,6,836.319632
0.75,1,836.322411
11.0,18,836.366453
7.25,17,836.408064
9.5,19,836.455761
0.75,1,836.458422
11.75,19,836.505895
-0.75,13,836.538525
12.5,20,836.589008
9.0,18,836.634291
9.5,17,836.67723
2.75,8,836.69739
9.25,21,836.750337
-2.25,4,836.760825
-7.5,21,836.812718
0.75,1,836.81554
3.75,10,836.840375
1.25,5,836.852907
1.25,5,836.8654
5.75,14,836.900684
1.25,5,836.913596
2.75,5,836.925408
13.5,21,836.977986
12.25,23,837.035461
0.75,1,837.038487
-0.75,1,837.041422
-2.25,13,837.075409
-0.25,11,837.104083
8.25,19,837.153751
0.25,3,837.161698
5.25,12,837.192893
8.0,16,837.234046
-0.25,2,837.239639
0.75,4,837.250084
10.0,20,837.302612
11.25,18,837.348687
-1.25,3,837.35864
0.75,1,837.361605
9.75,22,837.418391
7.75,18,837.462971
-0.75,1,837.465868
15.0,21,837.521328
-1.25,3,837.529453
0.75,1,837.532269
-0.75,1,837.535391
12.5,25,838.011002
0.75,1,838.01391
10.5,19,838.063319
11.25,23,838.152419
13.5,20,838.211552
4.25,14,838.249999
1.75,6,838.266042
6.75,16,838.308515
11.75,21,838.361516
21.0,39,838.461528
12.5,25,838.524781
-0.75,1,838.527621
-0.25,2,838.532955
18.0,25,838.596833
-1.25,3,838.604834
16.5,26,838.672063
10.0,20,838.722378
0.75,1,838.725244
6.5,13,838.757082
12.5,23,838.813404
1.25,5,838.826437
-0.25,2,838.831878
2.75,8,838.853037
6.0,16,838.895931
0.75,1,838.900612
21.0,30,838.991708
0.75,1,838.994838
-8.5,19,839.045238
0.75,1,839.048487
9.5,16,839.091479
9.5,17,839.137723
6.25,12,839.169745
5.75,14,839.205244
9.0,18,839.253007
8.0,16,839.298978
14.5,22,839.357988
8.0,16,839.728907
14.0,16,839.770177
2.25,4,839.780587
8.5,20,839.83026
7.25,17,839.872761
7.5,15,839.910404
15.0,28,839.98032
0.75,1,839.983098
-6.25,8,840.003226
6.75,16,840.045167
2.25,7,840.063002
1.25,5,840.075812
0.75,4,840.086958
15.0,28,840.156242
11.5,22,840.211351
0.75,1,840.21435
-3.75,13,840.248025
4.0,26,840.315443
9.0,18,840.363078
-5.75,9,840.391142
2.25,7,840.411911
9.5,18,840.458133
9.25,18,840.504249
11.5,19,840.552879
0.75,1,840.555677
5.25,16,840.596657
-0.25,2,840.602096
6.5,19,840.652419
-0.75,1,840.655388
4.25,10,840.681425
0.75,1,840.684407
2.75,8,840.704906
5.75,11,840.733619
11.0,22,840.791131
6.25,18,840.837033
2.25,7,840.854414
-0.25,2,840.859973
20.5,24,840.92329
12.5,25,840.992998
16.5,33,841.388313
-0.25,2,841.394238
0.75,1,841.397392
10.0,19,841.446054
3.75,10,841.471123
9.25,15,841.507964
6.25,15,841.544787
5.75,12,841.57427
-1.25,3,841.582006
0.25,15,841.618418
1.75,4,841.628355
6.75,13,841.660388
-0.75,1,841.662988
11.0,22,841.717625
18.0,18,841.762236
0.75,1,841.765048
9.25,21,841.818301
0.75,1,841.821152
-1.25,1,841.82393
8.25,10,841.848226
1.75,6,841.863789
-3.25,5,841.876559
-0.25,2,841.881861
-0.25,14,841.917762
0.25,3,841.925674
1.25,5,841.938292
0.75,1,841.941006
1.75,6,841.956641
-0.75,1,841.959476
2.75,8,841.979448
-0.75,1,841.982259
2.75,8,842.001692
11.75,26,842.066773
0.75,1,842.069616
9.5,17,842.113285
-0.75,1,842.116394
5.75,11,842.14506
4.25,11,842.173517
13.0,23,842.232237
8.0,16,842.27339
17.0,33,842.357594
0.75,1,842.360293
0.75,1,842.363053
0.75,1,842.365819
5.25,13,842.398927
7.25,14,842.435838
0.75,1,842.438884
0.75,1,842.441669
-0.75,1,842.444478
1.75,5,842.457401
2.25,4,842.467843
21.0,31,842.545436
4.25,11,842.57312
9.5,17,842.615964
7.25,17,842.972617
3.75,4,842.982714
7.75,18,843.027995
1.25,5,843.04069
1.25,5,843.053416
1.75,6,843.069166
6.0,12,843.101884
-5.25,7,843.120521
18.5,32,843.211704
0.75,1,843.214693
-2.25,4,843.225247
2.25,7,843.242864
0.75,1,843.245725
10.0,19,843.295937
3.75,10,843.321712
-0.75,1,843.324433
-0.75,1,843.327268
0.75,1,843.330742
-0.25,2,843.336045
5.25,13,843.370205
-0.75,1,843.37322
10.5,19,843.426648
19.0,32,843.506471
25.5,36,843.596106
11.5,18,843.648906
13.25,29,843.72448
5.75,14,843.762103
-0.25,2,843.767515
13.75,16,843.808469
0.75,1,843.811398
1.75,6,843.826967
10.0,20,843.877484
12.5,22,843.94014
0.75,1,843.943151
6.25,15,843.984392
3.5,13,844.017105
10.0,17,844.059578
18.0,34,844.14288
0.75,1,844.145672
0.75,1,844.148426
-0.25,2,844.153287
1.75,6,844.167726
8.0,19,844.213294
0.75,1,844.216093
2.25,4,844.22665
-4.75,11,844.254084
7.5,15,844.597059
-0.75,1,844.599963
26.5,40,844.698741
0.75,1,844.70159
22.0,30,844.774323
0.75,1,844.777154
8.5,17,844.818655
-0.25,2,844.823857
4.75,12,844.854937
9.0,18,844.899985
1.75,6,844.915117
7.5,15,844.950742
0.75,1,844.953702
5.75,14,844.988468
9.5,19,845.034623
2.75,8,845.053744
9.5,19,845.101356
15.5,29,845.173859
0.75,1,845.176471
-0.75,7,845.193673
13.0,22,845.248453
2.75,8,845.267123
5.25,13,845.29991
0.75,1,845.303252
14.0,28,845.375155
-0.25,2,845.380631
1.75,6,845.395965
0.75,1,845.398885
6.5,13,845.432055
12.5,24,845.493368
2.25,13,845.526623
-1.25,8,845.547209
-0.25,2,845.55267
25.5,30,845.627387
-1.25,3,845.635081
6.5,13,845.667158
15.5,24,845.725878
9.0,18,845.769469
8.0,16,845.807856
3.75,6,845.822308
0.75,1,845.824932
10.5,20,846.210672
1.75,6,846.225986
12.75,28,846.294815
1.25,14,846.329693
13.0,16,846.368297
0.75,1,846.370875
0.75,1,846.373723
3.75,10,846.398635
9.5,19,846.445769
2.25,22,846.49751
9.5,19,846.542732
7.75,18,846.586701
9.5,35,846.676207
19.5,30,846.749327
-0.25,2,846.754831
6.5,26,846.819696
2.75,5,846.831788
10.0,20,846.886432
11.0,21,846.940066
2.25,4,846.950627
-0.25,8,846.971835
10.5,20,847.022227
0.75,1,847.025054
9.0,18,847.070863
0.75,1,847.073547
-0.25,2,847.079194
6.5,16,847.12254
0.25,3,847.130666
0.75,1,847.133608
0.75,1,847.136655
3.25,9,847.15988
-0.25,2,847.165593
5.25,13,847.198559
7.75,18,847.244975
0.75,4,847.255406
3.25,9,847.278382
11.0,20,847.330132
1.75,3,847.338073
2.75,3,847.345641
8.25,21,847.39834
1.75,15,847.437281
0.75,1,847.440123
-0.25,2,847.445403
0.75,1,847.448266
26.5,40,847.864073
19.0,33,847.949736
15.5,25,848.012144
0.75,4,848.022731
-0.75,1,848.025676
4.25,11,848.053603
0.75,1,848.056586
14.5,23,848.11614
-0.25,2,848.121408
9.5,16,848.163017
-4.25,9,848.186396
7.75,15,848.224189
-0.75,1,848.227188
26.5,40,848.333091
-3.75,10,848.361516
9.0,18,848.406667
8.25,13,848.442758
3.25,15,848.486441
0.75,1,848.489498
0.75,1,848.492547
-0.25,2,848.498151
-4.75,5,848.511771
7.25,14,848.549198
7.0,14,848.586768
10.5,17,848.631502
20.0,36,848.726895
-1.25,3,848.735031
0.75,1,848.73807
4.0,14,848.775142
7.25,15,848.814472
13.5,26,848.881923
10.5,16,848.925072
5.75,14,848.962243
0.75,1,848.965029
10.5,19,849.013886
6.0,17,849.061971
4.75,12,849.093591
0.75,1,849.096858
-5.25,13,849.130153
13.0,21,849.546335
9.25,21,849.598701
-0.25,2,849.604593
12.5,25,849.669247
16.0,30,849.744711
6.0,12,849.774477
2.25,10,849.798426
15.0,30,849.871135
20.5,24,849.932961
2.75,8,849.953676
3.0,33,850.03434
-0.25,2,850.039735
7.0,14,850.075156
1.25,5,850.08776
0.75,1,850.090699
18.5,37,850.18822
36.5,40,850.29185
0.75,4,850.303301
0.75,1,850.306705
9.25,21,850.361978
10.5,21,850.416414
12.5,25,850.480306
8.75,16,850.52099
-0.25,2,850.52614
-1.75,5,850.539328
-1.25,3,850.547488
0.75,1,850.550462
-0.75,1,850.553288
-0.25,2,850.558654
14.75,31,850.633862
11.0,22,850.687427
3.75,10,850.71312
19.0,33,850.793532
7.25,17,851.154074
0.75,1,851.156992
-0.75,1,851.160067
-1.25,3,851.168276
7.75,16,851.21004
16.5,26,851.277997
0.75,1,851.280956
17.5,32,851.363225
5.25,14,851.398772
8.5,16,851.439847
0.75,1,851.442757
20.5,24,851.503378
0.75,1,851.507111
7.25,17,851.549587
-0.75,1,851.552452
6.25,12,851.584015
0.75,4,851.594759
-0.25,2,851.599998
19.0,27,851.666903
2.75,3,851.674715
0.75,1,851.67747
2.75,5,851.690078
9.25,18,851.736269
-0.75,1,851.739105
0.75,1,851.742147
-0.25,2,851.747519
-0.25,2,851.753225
0.75,1,851.756112
1.75,6,851.77189
1.75,6,851.787517
26.0,33,851.872087
0.75,1,851.875159
4.75,12,851.907689
0.75,4,851.919883
-1.25,3,851.928712
1.75,6,851.945487
9.0,18,851.995468
10.5,21,852.051958
7.0,14,852.088809
2.25,7,852.106955
11.0,20,852.158224
14.0,28,852.23171
-0.75,1,852.234582
6.75,16,852.27691
10.5,19,852.330229
8.75,20,852.384654
-0.25,2,852.390142
0.75,1,852.39282
10.0,20,852.44629
-0.25,2,852.451619
-0.25,2,852.456607
5.75,14,852.827468
0.75,1,852.830378
9.0,18,852.877487
7.5,15,852.920835
15.0,28,852.995088
5.25,13,853.027914
-0.25,2,853.033643
8.0,16,853.075727
16.0,24,853.137738
13.0,26,853.206078
-0.75,1,853.209754
-2.25,4,853.220613
0.75,1,853.223532
1.75,4,853.234265
0.25,3,853.242378
11.5,19,853.289932
2.25,7,853.308327
14.5,26,853.375438
21.0,39,853.488759
4.25,11,853.519691
16.5,26,853.589124
0.75,1,853.592208
1.25,5,853.605721
13.5,22,853.66816
1.75,3,853.677237
0.75,1,853.680788
15.5,18,853.732951
-0.75,1,853.735968
0.75,1,853.738821
12.5,25,853.806443
2.25,7,853.825899
12.5,22,853.886118
9.0,18,853.93867
10.5,16,853.986878
8.0,26,854.061131
0.25,3,854.069751
13.5,27,854.146328
1.25,5,854.160271
-0.75,1,854.163374
1.25,5,854.178058
3.25,9,854.204018
14.25,25,854.639584
16.5,26,854.711374
11.25,25,854.783711
0.75,1,854.786835
18.0,33,854.876656
-0.75,1,854.879922
18.0,34,854.977632
0.75,1,854.980323
0.75,1,854.983013
13.5,30,855.058885
15.0,30,855.136831
-0.25,2,855.142449
14.5,23,855.202235
7.25,17,855.247748
11.0,20,855.299544
-0.25,2,855.305841
38.0,49,855.431669
0.25,3,855.439702
7.75,18,855.484676
7.0,14,855.519214
7.75,14,855.555069
8.25,19,855.604022
-3.25,5,855.618016
0.75,1,855.621169
8.0,14,855.659445
10.25,13,855.694591
-2.25,4,855.705523
7.75,18,855.756645
0.25,3,855.765266
8.75,20,855.820953
-0.25,2,855.826913
10.5,21,855.88467
0.75,4,855.896291
0.75,4,855.909494
9.75,13,855.946864
-4.75,11,855.97683
1.25,5,856.401236
7.0,14,856.438744
9.25,21,856.499125
8.5,17,856.545922
-0.25,2,856.551645
11.0,22,856.612388
8.5,17,856.65884
8.75,20,856.714155
-1.25,1,856.71735
-1.25,3,856.726193
0.75,1,856.729527
-0.75,1,856.732836
12.0,19,856.786223
7.25,17,856.836074
6.5,22,856.897536
25.0,39,857.009976
-0.25,2,857.016179
8.5,17,857.067043
13.5,21,857.125617
6.25,15,857.172163
3.75,7,857.193817
0.25,3,857.203407
-0.25,2,857.209902
-4.25,21,857.273094
1.75,6,857.290008
21.0,30,857.384645
14.5,31,857.47189
-0.25,2,857.477826
-0.25,3,857.486828
-0.25,2,857.49305
10.25,15,857.535018
3.75,8,857.557031
3.75,7,857.576133
9.5,19,857.62437
-1.75,5,857.637656
13.5,14,857.673359
8.0,16,857.714977
10.5,21,857.768192
7.75,18,857.81457
32.0,48,858.246505
13.5,23,858.304038
3.75,4,858.315445
8.75,18,858.363723
21.5,43,858.473886
17.0,26,858.546728
12.0,21,858.602074
6.75,16,858.644302
3.75,10,858.670719
-0.25,8,858.693173
0.75,1,858.696237
12.5,25,858.763085
7.75,18,858.810358
4.75,9,858.835149
21.5,29,858.910282
6.25,15,858.949354
0.75,1,858.952344
-0.75,1,858.955305
1.75,6,858.971918
11.0,15,859.010336
0.75,1,859.0134
8.75,20,859.064772
6.25,15,859.103308
9.5,19,859.153373
12.0,19,859.203634
-0.25,2,859.209268
8.0,16,859.250478
0.75,1,859.253487
6.5,13,859.287394
-0.75,1,859.290419
9.0,18,859.339742
13.0,16,859.381825
-0.75,1,859.384693
0.25,3,859.39301
3.75,10,859.419439
10.25,27,859.823045
11.5,23,859.884206
3.25,9,859.909477
12.5,25,859.974242
-8.5,16,860.01542
0.75,1,860.01841
-0.75,1,860.021244
3.25,9,860.044349
0.75,1,860.047497
3.0,14,860.086398
16.5,23,860.147401
10.25,23,860.215714
12.0,19,860.266741
9.0,17,860.313661
7.25,17,860.360201
-0.25,14,860.397203
5.25,13,860.430564
-2.25,4,860.441929
13.5,26,860.509622
-0.25,2,860.515149
3.75,16,860.555183
5.25,16,860.595222
0.75,1,860.598065
0.75,1,860.600847
0.25,15,860.639507
6.5,13,860.672607
-8.75,15,860.711332
10.5,21,860.767549
0.25,6,860.783141
-0.75,1,860.785901
7.25,17,860.830442
3.25,15,860.869589
-0.25,2,860.874968
3.75,10,860.902516
0.75,1,860.907192
7.0,12,860.938648
12.0,24,861.001486
7.0,14,861.038257
11.0,22,861.096
0.75,1,861.099012
1.25,5,861.112221
6.25,15,861.150914
0.75,10,861.177245
16.5,26,861.589376
6.5,13,861.622701
19.0,27,861.69733
-0.25,2,861.70273
6.25,15,861.739208
3.5,15,861.777963
0.25,3,861.785757
10.5,16,861.825601
6.25,15,861.863953
7.0,12,861.894763
13.5,14,861.936458
-0.25,2,861.941902
14.5,21,861.994842
6.75,16,862.038347
16.0,24,862.105554
3.25,8,862.128432
15.25,27,862.196408
-2.0,23,862.253143
-0.25,2,862.258587
13.0,18,862.304197
0.75,1,862.307183
2.25,16,862.346694
-0.25,11,862.373681
0.75,1,862.376337
5.0,13,862.408531
0.75,1,862.411515
0.75,1,862.414294
-0.25,5,862.426975
2.25,4,862.43713
-0.25,2,862.442337
-1.25,3,862.450119
5.75,17,862.492998
0.25,3,862.500843
4.25,11,862.528367
0.75,1,862.531235
9.5,17,862.573624
3.75,8,862.594233
14.5,24,862.654014
0.75,1,862.656785
0.75,1,862.659574
0.75,1,862.662394
0.75,1,862.664984
0.75,1,862.667496
14.0,24,862.729145
12.5,25,862.791204
22.0,42,863.219733
6.75,16,863.260551
3.25,15,863.297733
11.75,23,863.355469
5.75,14,863.39122
5.75,14,863.426392
5.25,13,863.458314
-0.75,1,863.461101
4.0,20,863.512174
0.75,1,863.515018
6.75,16,863.556092
17.5,32,863.639764
0.75,1,863.642637
0.75,1,863.645622
9.5,16,863.687176
-3.25,5,863.700025
0.25,3,863.70801
19.75,31,863.787045
13.0,26,863.862731
-0.75,1,863.865837
12.0,23,863.927755
14.5,22,863.982794
3.5,13,864.01612
-0.25,2,864.021446
0.75,1,864.024212
6.75,15,864.061659
-0.75,1,864.064555
10.25,23,864.122825
0.75,1,864.125632
0.75,1,864.12851
-0.25,2,864.134012
-0.25,2,864.139179
7.25,17,864.182848
5.25,13,864.215362
9.0,18,864.260255
-7.25,9,864.282824
10.5,21,864.335277
-0.25,2,864.340681
13.5,20,864.390665
14.0,23,864.448811
8.75,16,864.795808
7.25,15,864.832407
8.5,17,864.873192
3.75,10,864.897149
1.75,6,864.91282
0.25,3,864.920391
-2.25,4,864.930872
21.0,39,865.027376
-0.25,2,865.032714
0.75,1,865.035486
6.5,13,865.067961
9.5,18,865.113305
12.5,22,865.169658
-0.25,2,865.175112
14.5,23,865.233942
15.0,24,865.296417
14.75,23,865.356594
14.5,24,865.417138
9.25,14,865.451811
2.25,7,865.469031
8.0,16,865.508674
6.0,18,865.555438
0.75,1,865.558524
-0.75,1,865.561508
8.25,19,865.610188
6.75,16,865.650511
0.75,1,865.653547
11.5,23,865.712101
8.25,16,865.752238
2.25,7,865.770456
0.75,4,865.780877
-5.75,15,865.81807
9.25,19,865.866231
4.75,12,865.898196
8.75,18,865.944049
15.0,28,866.013089
-0.25,2,866.01852
0.75,1,866.021649
16.5,26,866.413767
-0.75,1,866.416811
1.25,5,866.430848
12.0,19,866.48472
0.75,1,866.487952
0.75,1,866.490953
1.75,24,866.553466
10.5,21,866.610485
3.0,15,866.650405
20.25,41,866.756095
13.0,16,866.79812
21.5,29,866.875963
-0.75,1,866.878981
3.25,9,866.903061
9.5,19,866.954152
13.0,23,867.013557
3.25,9,867.037547
-0.75,1,867.040258
9.5,17,867.082831
1.75,9,867.106378
0.75,4,867.117249
9.25,18,867.164591
16.0,24,867.230881
7.5,21,867.288276
10.5,21,867.345021
0.75,1,867.347785
10.5,15,867.388746
3.75,22,867.447044
0.75,1,867.450399
9.5,17,867.498618
-0.75,1,867.501697
12.5,24,867.572199
6.5,13,867.608466
5.25,13,867.645227
-6.0,29,867.720459
6.25,12,867.753892
14.25,31,868.168529
-0.25,2,868.174069
13.5,27,868.247458
6.75,14,868.291435
7.0,14,868.330273
12.5,20,868.382039
-2.25,4,868.39318
12.75,28,868.46609
1.75,4,868.476897
9.75,22,868.53595
7.5,15,868.574425
0.75,1,868.577285
10.25,29,868.654719
5.0,12,868.685833
7.25,17,868.733124
9.5,19,868.780294
0.75,1,868.783049
7.0,13,868.815301
9.5,19,868.862722
-0.25,2,868.868136
8.25,10,868.893656
-0.75,1,868.896657
-0.75,1,868.899615
2.75,8,868.920543
7.25,14,868.954962
9.75,22,869.010471
13.0,17,869.051673
10.5,16,869.092424
0.75,1,869.095073
2.25,7,869.112474
5.25,13,869.145912
5.25,13,869.178043
5.5,17,869.221035
-3.5,20,869.271018
0.75,4,869.280921
10.5,30,869.35523
-2.75,6,869.370691
6.0,12,869.401418
10.5,21,869.771165
20.0,26,869.837847
7.5,15,869.874402
6.25,15,869.912436
9.75,20,869.964177
11.5,19,870.013016
8.0,16,870.055095
7.5,15,870.093826
3.25,9,870.117151
8.25,19,870.165647
14.25,28,870.23813
0.25,3,870.246289
2.25,7,870.265635
1.25,14,870.302943
6.0,18,870.350979
6.75,21,870.438934
12.75,17,870.517682
1.25,23,870.623421
9.75,18,870.699847
9.0,18,870.746776
17.75,34,870.833634
-0.75,7,870.851586
0.75,1,870.854605
14.75,32,870.941548
6.25,15,870.979209
4.5,12,871.009951
1.25,8,871.031114
10.5,21,871.084912
7.75,17,871.127515
0.75,1,871.130382
-0.75,4,871.141369
4.5,15,871.179403
3.0,33,871.585476
7.5,15,871.62311
3.5,25,871.687813
8.0,16,871.727056
6.25,12,871.757883
-0.25,2,871.76343
12.0,24,871.824445
8.0,16,871.865431
2.25,4,871.876185
14.0,21,871.930953
2.75,11,871.959397
0.75,1,871.962174
7.25,14,871.997614
1.25,5,872.011555
6.25,15,872.049036
-6.25,8,872.069651
4.75,12,872.098736
8.5,17,872.14086
13.5,21,872.194862
-0.75,7,872.212924
3.25,9,872.235567
8.75,18,872.288028
-0.25,2,872.294718
8.75,11,872.350334
0.75,1,872.356389
-0.25,2,872.367953
12.5,25,872.460957
0.75,1,872.463955
9.0,18,872.509879
0.75,1,872.513126
-0.75,1,872.516222
5.75,14,872.551589
10.75,19,872.598835
-0.75,1,872.601696
1.75,6,872.616975
12.0,24,872.676764
2.75,14,872.71155
5.75,14,872.746755
0.75,1,872.749779
-1.0,16,872.789415
6.5,22,872.843339
0.75,1,872.846162
18.5,25,872.908717
15.0,28,873.293933
8.5,17,873.337014
11.5,23,873.395958
4.25,11,873.424139
0.75,1,873.426929
4.25,11,873.455218
10.5,16,873.495373
0.75,1,873.498167
-6.25,8,873.518452
-3.5,14,873.554224
10.25,23,873.612859
0.75,1,873.615651
7.0,14,873.652179
15.5,28,873.727829
3.25,18,873.772558
8.5,17,873.815849
1.25,5,873.828336
10.75,16,873.872266
-0.25,2,873.877583
26.0,33,873.966843
0.75,1,873.96966
6.0,16,874.009235
0.75,1,874.012104
8.5,15,874.049534
2.75,8,874.069393
10.0,20,874.119395
-1.25,9,874.142438
8.5,15,874.180782
14.5,23,874.238531
10.25,18,874.284127
0.75,1,874.287034
16.0,24,874.348572
6.0,12,874.378705
-0.75,1,874.381396
9.25,21,874.432495
0.75,1,874.435244
6.25,12,874.464455
-1.25,3,874.472247
7.75,21,874.526858
11.5,29,874.938587
0.75,4,874.949337
-0.25,2,874.954902
0.75,1,874.957838
8.5,13,874.991002
-4.0,16,875.033712
19.0,26,875.101881
9.5,18,875.149986
9.25,21,875.206178
12.5,25,875.271759
11.0,22,875.330097
19.25,41,875.432721
0.75,1,875.435566
0.25,3,875.443816
10.5,21,875.497914
-2.25,4,875.508608
11.5,23,875.566372
17.0,25,875.629556
5.75,14,875.666656
21.0,30,875.746155
3.25,9,875.780496
0.25,12,875.832738
0.25,3,875.84599
7.75,18,875.924924
0.75,1,875.929936
12.0,19,876.022682
-0.25,2,876.033119
18.0,34,876.195517
8.5,16,876.276127
2.0,20,876.375305
1.75,6,876.40693
13.5,27,876.540412
12.0,19,876.6362
12.0,19,877.301331
17.5,35,877.472897
5.0,19,877.561503
16.0,24,877.680764
9.5,35,877.853382
0.75,1,877.85914
10.5,21,877.965075
0.75,1,877.970813
-0.25,2,877.980757
13.5,20,878.082246
5.25,13,878.150086
0.75,1,878.155909
0.75,1,878.161769
0.75,1,878.167398
9.25,18,878.25822
9.0,18,878.345029
0.75,1,878.350582
8.0,16,878.42944
0.75,1,878.434635
0.75,1,878.439831
6.0,17,878.523603
10.5,21,878.623616
21.0,30,878.767199
10.5,21,878.869869
0.75,1,878.875439
5.0,16,878.938037
0.75,1,878.941599
8.5,23,879.012205
0.75,1,879.015946
2.25,4,879.02854
14.0,28,879.11642
13.5,22,879.185883
8.5,23,879.256008
25.0,43,879.393195
-0.75,1,879.396917
5.75,14,879.799574
10.0,19,879.856614
15.0,22,879.921555
14.5,26,879.995319
0.75,1,879.998411
19.0,26,880.075436
-8.25,19,880.130973
10.0,17,880.180415
-12.25,14,880.22199
2.5,17,880.27275
0.75,1,880.275959
-3.75,4,880.287678
-2.75,3,880.296965
3.5,21,880.360208
18.5,19,880.417282
10.0,14,880.460324
10.5,16,880.50878
-0.75,1,880.512192
11.5,18,880.568934
20.5,24,880.644793
3.25,6,880.663245
0.5,13,880.701937
6.25,15,880.747015
13.0,17,880.797141
5.75,14,880.83781
3.25,17,880.886617
0.75,1,880.889869
8.75,10,880.918812
-0.25,2,880.925179
-0.75,1,880.928579
12.5,17,880.976842
-0.25,2,880.982876
-3.25,5,880.997731
7.75,15,881.039526
8.0,22,881.103986
-3.25,11,881.135079
10.0,19,881.187926
22.0,30,881.276474
-0.25,2,881.282586
1.75,3,881.291035
3.25,9,881.662514
-0.75,1,881.66589
4.75,12,881.700612
7.25,15,881.744031
0.75,4,881.755769
8.75,10,881.785377
12.0,18,881.835649
-0.25,2,881.841437
0.75,4,881.853136
14.0,23,881.918642
-0.75,1,881.922035
9.75,22,881.98451
6.5,13,882.020538
-3.25,5,882.034495
8.25,14,882.074224
2.75,5,882.089145
7.25,17,882.135682
7.75,20,882.191581
-2.75,3,882.200645
22.0,35,882.299623
8.75,20,882.358954
7.25,16,882.40572
0.75,1,882.40895
8.0,16,882.455133
2.75,5,882.469724
0.75,1,882.473145
-0.75,1,882.476484
10.0,19,882.530811
0.75,1,882.53414
-0.25,2,882.55533
5.25,13,882.592577
0.75,1,882.595809
6.25,15,882.638416
13.25,26,882.709393
0.75,1,882.712849
0.75,4,882.725579
4.75,12,882.760312
-0.75,1,882.763605
4.75,9,882.789701
8.75,20,882.843737
-0.75,1,882.846776
-0.75,1,882.850061
11.0,22,882.906302
0.75,1,882.90972
0.75,1,882.913298
-0.25,2,882.91956
2.75,8,882.941428
2.25,4,882.952162
-0.75,1,882.955091
-0.75,1,882.957894
5.25,13,882.990827
0.75,1,882.993822
0.75,4,883.00492
14.75,30,883.084357
-0.75,1,883.08727
10.75,22,883.481737
0.75,1,883.484612
12.0,16,883.52916
15.5,19,883.576622
7.25,17,883.618893
0.75,1,883.6217
7.25,15,883.659547
17.5,32,883.740892
0.75,1,883.743867
-0.75,1,883.746861
0.75,1,883.749585
8.75,20,883.800188
11.5,22,883.854459
0.75,1,883.857309
-2.25,4,883.867276
10.0,16,883.90732
3.75,4,883.91942
3.75,4,883.930811
12.5,20,883.984053
9.75,19,884.032039
0.75,1,884.03502
13.0,22,884.09035
2.5,17,884.135729
0.75,1,884.139355
-0.75,1,884.142882
7.75,15,884.188267
0.75,1,884.191472
1.75,6,884.209469
0.75,1,884.21269
-0.75,1,884.216006
-0.75,16,884.262909
18.5,22,884.32683
8.5,17,884.375016
0.75,1,884.378163
2.25,7,884.398859
6.25,15,884.442496
0.75,1,884.44584
0.75,1,884.448895
0.75,1,884.452061
28.25,51,884.603612
15.5,28,884.684387
14.5,21,884.745158
0.25,3,884.754072
7.25,29,884.8407
-0.75,1,884.84421
10.0,20,885.261501
-2.25,4,885.274442
0.25,3,885.283556
-1.75,8,885.310005
3.25,7,885.339048
9.0,18,885.386541
0.75,1,885.389337
18.0,18,885.438635
7.75,18,885.484757
4.75,12,885.515437
13.5,14,885.551457
2.75,8,885.571764
0.25,3,885.580028
1.75,6,885.595708
0.75,1,885.598533
-0.25,2,885.60431
7.75,10,885.629914
-0.75,1,885.632722
1.75,3,885.640422
0.25,3,885.647629
5.25,13,885.679734
4.75,12,885.71019
0.75,1,885.712958
12.0,16,885.751595
0.75,1,885.754368
2.75,5,885.76735
0.25,3,885.775272
-0.75,1,885.778311
13.0,26,885.84501
15.5,25,885.911418
0.75,1,885.915001
-0.75,1,885.918137
3.25,9,885.941915
13.0,26,886.010411
-0.25,2,886.016099
10.5,21,886.069613
18.5,19,886.118509
-0.25,2,886.124496
12.5,24,886.187853
6.5,22,886.244652
9.25,13,886.279282
-0.25,2,886.284605
3.25,7,886.303081
4.75,18,886.349528
7.75,19,886.398103
8.5,15,886.436624
13.0,26,886.503549
1.25,5,886.516426
0.75,1,886.519419
-0.75,1,886.522272
1.75,3,886.530205
6.75,19,886.900008
7.75,15,886.961096
8.25,19,887.036973
2.75,8,887.062402
2.25,7,887.081023
9.0,18,887.127777
11.0,22,887.181547
9.0,18,887.228653
0.25,3,887.237704
-0.25,2,887.243685
0.75,1,887.249268
13.25,29,887.328324
0.75,1,887.331184
22.0,42,887.451082
0.75,1,887.454224
25.0,39,887.558637
6.75,16,887.601739
-0.25,2,887.607276
8.75,12,887.639003
12.25,23,887.695968
0.75,1,887.698984
9.0,18,887.744785
-0.25,2,887.750349
2.25,7,887.77025
0.75,1,887.773662
0.25,3,887.782561
19.0,36,887.887207
13.0,21,887.971276
0.25,12,888.005957
21.0,30,888.097142
-2.25,4,888.114569
0.75,1,888.1196
-0.25,2,888.127758
0.75,1,888.132473
7.25,17,888.219211
15.0,22,888.314082
21.0,31,888.455428
0.75,6,888.482965
-0.75,1,888.487953
0.75,1,888.492949
16.5,22,889.284451
0.75,1,889.291437
0.75,1,889.298017
11.75,21,889.436294
7.25,17,889.54973
0.75,1,889.557325
9.5,18,889.675192
3.25,9,889.732948
5.0,12,889.801912
13.0,26,889.972969
-0.25,5,890.008384
11.5,22,890.147111
22.0,35,890.34968
6.25,13,890.424569
9.5,19,890.533708
2.25,16,890.626122
6.25,15,890.714113
0.75,1,890.72061
0.75,1,890.727048
9.5,13,890.800728
2.75,5,890.829761
7.0,13,890.906569
12.0,16,891.001204
34.0,60,891.348077
0.75,1,891.354457
13.0,26,891.505257
-0.75,1,891.511586
2.25,7,891.552104
17.5,32,891.734307
7.25,10,891.790711
9.25,16,891.878147
8.75,20,891.993188
1.25,5,892.02329
1.0,20,892.140845
0.75,1,892.14721
8.75,20,892.260314
0.75,1,892.267335
2.75,8,892.992667
1.75,3,893.010646
5.75,14,893.089969
1.75,3,893.108466
1.25,5,893.138231
15.5,19,893.247663
6.25,12,893.317873
-0.25,2,893.330406
9.5,18,893.432372
0.25,3,893.450988
4.25,11,893.516737
12.0,19,893.625623
4.25,11,893.688777
7.75,18,893.790982
32.0,48,894.071185
9.25,21,894.195574
0.75,1,894.202727
0.75,1,894.209638
7.75,18,894.308396
0.25,3,894.326367
-0.75,1,894.332473
0.75,1,894.33917
12.5,25,894.474492
1.25,5,894.502965
8.5,17,894.59755
0.75,4,894.620713
12.5,17,894.719967
20.0,26,894.869275
0.75,1,894.875656
0.75,4,894.898511
0.25,3,894.917662
1.25,5,894.94644
1.25,5,894.976781
0.75,1,894.983481
-0.25,2,894.996134
0.75,1,895.003004
20.5,24,895.156817
8.0,16,895.257849
0.75,1,895.26468
0.75,1,895.271618
-0.75,1,895.278144
-0.25,2,895.28984
4.75,18,895.396562
13.0,24,895.534247
2.25,7,895.576424
10.0,20,895.701612
-0.75,4,895.726576
0.25,3,895.74484
16.0,30,895.929328
2.75,8,895.977876
0.75,4,896.743711
13.0,26,896.908931
11.0,20,897.032723
4.25,11,897.10741
2.75,8,897.16003
4.25,11,897.234733
12.75,27,897.408725
2.25,4,897.435729
-0.75,1,897.443478
12.0,18,897.557376
14.0,21,897.69734
10.0,20,897.822509
7.75,18,897.938442
-0.25,2,897.952113
6.25,15,898.04098
0.75,1,898.047898
17.25,29,898.223412
-0.75,1,898.230548
8.5,13,898.308662
14.5,26,898.473507
5.25,12,898.548302
0.75,1,898.55596
0.75,1,898.563464
14.5,29,898.743993
8.75,10,898.805381
3.75,10,898.870254
0.75,1,898.878145
7.25,17,898.981487
7.25,15,899.079113
0.25,3,899.098343
0.75,1,899.104924
12.5,24,899.257923
-0.25,2,899.272588
1.25,5,899.305297
9.0,18,899.424371
15.25,19,899.545712
3.75,10,899.613746
0.75,1,899.621207
15.5,31,899.814082
0.25,3,899.835665
1.75,6,899.873234
9.5,19,899.991793
2.75,8,900.806995
3.25,9,900.863006
-0.75,4,900.887692
13.0,19,901.003909
8.0,16,901.099728
10.0,20,901.224087
3.75,10,901.286367
2.25,7,901.333982
3.75,10,901.398714
3.0,33,901.607142
14.0,21,901.737592
12.5,17,901.844776
-2.75,9,901.903016
0.75,1,901.909479
12.0,19,902.023564
3.75,16,902.129727
17.75,28,902.307356
6.75,16,902.410865
0.75,4,902.438967
0.75,1,902.446902
10.0,19,902.566509
0.25,3,902.587946
0.75,1,902.595589
9.5,17,902.726658
18.5,32,902.934649
8.5,17,903.085105
2.75,8,903.142516
0.75,1,903.150037
2.75,14,903.248585
15.5,19,903.371933
-0.25,2,903.386413
0.75,4,903.413579
12.5,25,903.575139
8.5,17,903.679132
1.75,3,903.698265
34.0,60,904.083516
11.5,21,905.222533
6.5,13,905.306504
0.75,4,905.334321
2.25,4,905.360674
9.0,18,905.47451
8.5,17,905.581932
14.5,23,905.733196
0.75,1,905.740583
-2.25,4,905.765172
1.25,5,905.798027
10.0,17,905.902912
-0.25,2,905.920411
-0.75,1,905.931205
-0.25,2,905.944473
9.75,22,906.083916
4.75,12,906.160549
12.5,24,906.311106
0.75,4,906.337649
3.75,4,906.363852
13.0,26,906.528228
0.75,1,906.535433
-2.75,3,906.554381
5.25,13,906.636367
1.75,6,906.675272
-0.75,1,906.682001
0.75,1,906.689232
5.25,13,906.770318
-0.25,2,906.783165
0.75,4,906.810177
3.25,9,906.866211
0.75,1,906.873283
-0.25,2,906.887138
21.5,42,907.163005
2.25,7,907.207323
-0.25,2,907.221297
-1.25,3,907.241759
4.75,18,907.357105
13.0,19,907.478154
-0.75,1,907.48533
0.25,3,907.505113
9.25,18,907.620131
-0.25,2,907.633898
-0.25,2,907.647358
0.75,1,907.654459
10.5,18,907.766232
0.75,1,907.773554
-0.75,1,907.780898
5.75,14,907.871877
10.0,17,907.982083
0.75,1,907.989285
0.25,3,908.010937
0.75,1,908.018275
4.25,11,908.085915
7.25,13,908.169196
-0.25,2,908.182399
28.0,37,909.291571
-0.25,2,909.305485
-0.75,1,909.312747
0.75,1,909.320202
9.25,13,909.404195
0.25,3,909.424062
5.25,16,909.527222
4.25,11,909.596466
11.5,23,909.744768
-0.25,2,909.75847
0.75,4,909.785164
0.75,1,909.792753
0.75,1,909.799915
3.5,15,909.896731
0.75,1,909.904299
-1.25,1,909.912071
11.5,23,910.069689
-0.75,1,910.07771
1.75,6,910.119609
3.25,9,910.179317
11.5,23,910.337088
10.5,21,910.48014
3.25,9,910.53835
2.25,7,910.584093
9.5,18,910.711514
0.75,1,910.718432
9.0,18,910.824834
-1.75,5,910.856437
0.75,1,910.863414
-0.75,1,910.870592
9.5,19,910.987096
0.75,1,910.99394
8.25,19,911.118293
22.0,35,911.384032
5.75,14,911.482239
-0.75,1,911.490581
10.0,21,911.646461
-0.25,2,911.66248
0.75,1,911.669894
0.75,1,911.677448
0.75,1,911.68549
-0.25,2,911.700545
5.75,14,911.837508
7.25,14,911.930894
18.5,26,912.111671
8.25,16,912.226006
-0.75,1,912.233752
10.5,19,912.373749
6.0,17,912.494067
0.75,1,912.500917
-0.75,1,912.507759
10.5,19,912.638437
0.75,4,912.665272
1.25,5,912.698172
-0.25,2,912.712113
-0.75,1,912.718771
13.75,24,913.739968
12.5,24,913.893136
10.0,20,914.021357
-4.25,6,914.060466
0.5,16,914.162576
4.75,14,914.250187
12.5,20,914.377744
7.0,14,914.467348
4.75,12,914.544054
9.0,18,914.659936
-0.25,2,914.673317
0.75,1,914.681004
8.75,11,914.750487
3.75,10,914.817055
13.75,19,914.938733
3.5,15,915.036034
-0.75,1,915.0433
0.75,1,915.049998
0.75,1,915.058073
9.5,19,915.180351
1.75,3,915.200026
0.75,1,915.20674
0.75,4,915.233103
3.5,16,915.336144
5.25,13,915.421456
1.25,16,915.52148
-0.75,1,915.528591
0.75,1,915.535569
-0.75,1,915.542606
-2.0,20,915.665555
9.5,19,915.782666
4.75,12,915.85631
12.5,22,915.99457
9.0,18,916.105513
0.75,1,916.11286
11.25,18,916.230687
0.75,25,916.388945
11.0,22,916.52997
9.5,19,916.652357
14.5,23,916.799535
11.0,22,916.934079
10.0,19,917.883821
-0.25,2,917.896551
-0.75,1,917.903319
12.5,20,918.024348
2.25,7,918.066383
0.75,1,918.072901
0.75,1,918.079523
6.75,13,918.160753
-0.25,2,918.173493
15.5,26,918.333448
-0.25,2,918.345886
1.75,6,918.38285
7.75,16,918.479785
0.75,1,918.486888
-0.25,5,918.519576
0.25,3,918.538995
6.5,22,918.674654
0.75,1,918.681772
12.0,18,918.792522
-0.75,10,918.853496
0.75,4,918.878445
0.25,3,918.897275
4.75,9,918.951924
-0.25,2,918.964213
4.25,11,919.032814
12.5,25,919.187039
0.75,4,919.212086
11.0,22,919.348713
8.75,19,919.46176
0.75,1,919.468298
4.75,14,919.551931
5.75,14,919.637858
0.75,4,919.662346
-0.75,1,919.668981
0.75,1,919.675831
0.75,1,919.682693
-0.25,2,919.69587
2.75,8,919.746312
0.25,3,919.767929
14.0,24,919.912092
1.75,3,919.930079
11.5,23,920.070843
0.75,1,920.08103
9.5,16,920.194747
3.75,10,920.255386
0.25,3,920.273599
-0.75,1,920.280329
1.25,5,920.310442
-0.75,1,920.31742
8.5,17,920.420132
-0.25,2,920.432888
9.0,18,920.541739
8.75,18,920.647674
7.5,15,920.7366
0.75,1,920.743271
12.0,19,920.856837
0.75,1,920.863641
5.25,13,921.676075
0.25,3,921.694606
1.75,6,921.73141
0.75,14,921.822329
7.75,15,921.915992
-0.75,1,921.92273
11.5,21,922.047214
7.25,17,922.150027
-1.25,3,922.168856
11.0,22,922.299247
-1.25,3,922.317384
19.0,36,922.536031
7.75,18,922.643328
2.75,8,922.692374
10.75,18,922.798186
0.75,4,922.821349
8.0,16,922.916037
3.25,9,922.970233
12.5,25,923.118588
15.0,18,923.227342
9.25,18,923.338476
0.75,1,923.345654
14.5,21,923.470946
-0.25,2,923.483839
0.75,1,923.490663
-0.75,1,923.497484
17.5,32,923.688793
0.75,1,923.695658
14.75,30,923.876283
5.0,19,923.991557
9.75,19,924.106786
-0.75,1,924.113205
15.5,25,924.263916
10.5,21,924.38986
9.25,18,924.497969
2.25,7,924.540723
0.75,1,924.547535
2.75,8,924.595858
6.75,12,924.667505
3.25,9,924.722246
15.0,30,925.634569
11.75,21,925.759925
0.75,1,925.76691
10.5,21,925.894843
18.5,22,926.027334
6.5,13,926.10573
-0.25,2,926.119088
10.25,15,926.210615
5.0,16,926.308083
-0.25,2,926.320728
5.75,14,926.405553
8.5,17,926.507085
5.0,12,926.582271
-1.75,5,926.613268
0.75,4,926.637595
9.0,18,926.745984
5.25,13,926.824928
16.5,31,927.013258
1.75,6,927.04965
14.0,21,927.180735
0.75,1,927.18767
1.75,15,927.277053
0.75,1,927.284064
2.25,7,927.326636
0.75,1,927.333156
-0.25,8,927.381645
0.75,1,927.388281
14.5,21,927.516632
7.5,15,927.611013
0.75,4,927.637631
-0.25,2,927.651146
13.0,17,927.758426
2.75,8,927.80792
0.75,1,927.814438
1.75,6,927.850473
11.25,22,927.981945
11.5,23,928.120881
2.75,8,928.17011
9.0,24,928.320028
-0.25,5,928.350585
11.75,16,928.446857
2.75,5,928.477156
1.75,5,928.50821
1.75,6,928.545385
12.75,21,929.438513
8.5,17,929.542481
17.0,28,929.713924
12.5,25,929.87084
7.25,15,929.961028
31.5,48,930.255659
-3.25,11,930.324107
12.0,18,930.432131
-0.75,1,930.438944
12.5,19,930.551692
28.5,42,930.803916
11.0,22,930.936442
0.75,1,930.94328
10.75,18,931.053277
42.0,51,931.366101
0.75,1,931.372561
0.75,1,931.379682
-2.25,4,931.40812
2.25,13,931.487162
-2.25,4,931.512137
0.25,3,931.530487
11.0,18,931.640324
0.75,1,931.646633
28.0,37,931.864076
18.0,25,932.010253
9.25,18,932.118625
9.5,31,932.310339
-6.25,17,932.416813
9.75,20,933.389898
3.25,18,933.502786
-0.25,2,933.517205
0.25,3,933.537781
0.75,1,933.54532
1.75,3,933.565739
-0.25,2,933.578836
-0.25,2,933.591447
2.25,7,933.635533
-3.25,5,933.66566
9.5,17,933.768645
9.5,19,933.879198
21.0,31,934.064395
9.5,16,934.163486
3.75,10,934.225474
3.75,16,934.324126
1.75,24,934.471971
14.5,22,934.604335
6.25,14,934.688555
6.5,13,934.768416
13.75,19,934.881947
0.75,4,934.906735
0.75,1,934.913292
0.25,3,934.93175
10.5,19,935.045551
12.5,25,935.19711
6.25,15,935.288079
8.0,14,935.375323
5.25,13,935.453637
-6.75,16,935.553325
-0.25,2,935.565743
1.25,5,935.596235
-0.25,2,935.609267
3.75,10,935.672283
7.25,13,935.753245
0.75,1,935.760399
0.75,1,935.766968
12.5,23,935.908233
0.75,4,935.933095
9.0,18,936.042789
13.0,24,936.186677
0.75,1,936.193584
9.0,18,936.303194
-0.25,2,936.316128
7.25,17,936.422916
-0.25,2,936.436733
0.75,1,936.4442
1.25,5,936.502974
-1.25,1,936.510351
0.75,1,936.517494
-0.75,1,936.524499
0.25,3,937.37434
-0.75,1,937.382223
2.25,7,937.42752
1.75,6,937.470998
13.0,26,937.637944
20.0,30,937.827793
-0.75,1,937.834919
10.5,19,937.949777
10.0,21,938.075886
8.75,19,938.188308
13.75,19,938.300437
0.75,1,938.306899
0.75,4,938.330902
18.5,22,938.465713
0.75,4,938.492857
-0.75,1,938.499897
0.75,1,938.506598
19.0,27,938.665645
0.75,1,938.6722
0.75,4,938.695997
0.75,1,938.702323
12.5,25,938.84991
3.75,10,938.911086
0.75,1,938.917881
5.75,14,939.00286
0.75,1,939.009558
0.75,1,939.016549
0.75,1,939.023925
0.75,1,939.031606
4.25,11,939.099653
1.75,6,939.139101
6.25,15,939.230866
5.0,13,939.310506
0.75,1,939.316833
0.75,1,939.323286
0.75,4,939.347206
1.25,5,939.377071
0.75,1,939.383305
2.75,5,939.412872
25.0,39,939.646182
0.75,1,939.652244
14.0,24,939.794511
8.25,13,939.872453
7.75,18,939.980266
0.75,1,939.986892
0.25,3,940.005359
5.75,14,940.091602
-0.75,1,940.098094
10.0,17,940.199142
0.75,4,940.222603
3.25,9,940.276914
2.25,7,940.320086
0.75,1,940.326875
0.75,1,940.333784
0.75,1,940.340358
12.0,19,940.455765
9.0,18,941.313626
-0.25,2,941.33221
0.25,3,941.351141
12.0,19,941.470241
12.5,24,941.614258
0.75,4,941.638601
6.5,13,941.715893
11.5,23,941.854369
0.75,1,941.861275
0.25,3,941.87945
-2.25,4,941.903654
16.0,24,942.049276
0.75,1,942.056015
20.0,26,942.210737
3.0,33,942.411986
18.5,32,942.60177
2.25,7,942.641632
0.25,3,942.659557
7.5,15,942.748045
0.25,3,942.765752
-0.75,1,942.772443
6.25,15,942.863964
7.5,15,942.952269
7.25,16,943.050512
0.75,1,943.057206
-2.25,4,943.084262
13.5,22,943.219651
10.5,21,943.349224
0.75,4,943.373899
0.75,1,943.381078
1.25,5,943.412642
5.25,13,943.491022
4.75,12,943.563995
6.5,13,943.644985
12.5,24,943.787589
-0.25,2,943.800276
0.75,1,943.806946
10.0,17,943.91261
3.5,14,943.9976
-0.25,2,944.010528
0.75,1,944.017167
12.0,16,944.116527
10.5,17,944.219541
10.5,21,944.350001
12.5,25,945.323171
0.75,1,945.329693
0.75,1,945.33632
1.75,3,945.354621
8.75,19,945.46554
0.75,1,945.472037
0.75,1,945.478372
0.75,1,945.484915
13.0,26,945.63973
4.75,12,945.710624
0.25,3,945.727461
22.0,30,945.90767
0.75,1,945.91464
13.0,18,946.028113
4.75,12,946.099034
0.25,3,946.117588
9.75,22,946.251491
8.0,16,946.345091
3.75,10,946.40507
8.25,16,946.498779
17.5,35,946.713302
0.75,1,946.719397
2.25,7,946.761046
5.75,14,946.845324
0.25,3,946.864242
2.75,5,946.896083
10.5,16,946.991587
7.0,14,947.074921
10.25,19,947.187453
13.0,16,947.28249
11.0,22,947.413113
13.0,17,947.516276
19.5,39,947.748426
-0.25,2,947.761402
18.0,34,947.963622
-0.75,1,947.970397
-0.75,1,947.977387
0.75,1,947.984352
0.75,1,947.991242
7.25,14,948.076874
-0.25,2,948.089847
0.75,1,948.096613
1.75,6,948.134054
12.25,23,949.15675
-0.25,2,949.173769
4.75,12,949.250169
11.5,23,949.398909
-0.25,2,949.411741
-0.75,1,949.422134
10.25,23,949.568106
11.0,16,949.668744
13.5,27,949.836905
0.75,13,949.915478
0.75,1,949.921946
-0.25,2,949.934121
0.75,1,949.940919
18.0,32,950.134928
8.0,16,950.23614
0.75,1,950.242523
-0.25,2,950.256976
11.5,21,950.391743
1.25,5,950.423867
0.75,1,950.430793
15.0,29,950.616424
4.25,11,950.6909
4.75,12,950.769593
5.75,14,950.858233
0.25,3,950.876775
10.5,21,951.004034
9.0,18,951.123635
8.0,15,951.217705
0.75,1,951.225131
1.75,9,951.283216
11.0,22,951.422647
4.25,14,951.507899
0.75,1,951.515112
10.75,22,951.6496
11.0,20,951.773272
11.0,20,951.902884
2.25,7,951.947767
-0.25,2,951.961486
13.0,26,952.127338
0.75,1,952.134547
0.75,1,952.141176
0.75,1,952.147542
8.5,15,952.241054
1.25,5,952.274061
6.0,18,952.386626
3.75,16,953.457969
-0.25,2,953.48248
5.75,14,953.613297
3.25,6,953.662074
1.25,5,953.694204
2.75,8,953.765279
3.75,7,953.807311
0.75,1,953.814167
4.25,9,953.869261
-0.25,2,953.881501
-0.25,2,953.894149
4.25,11,953.961439
4.75,12,954.035615
0.75,1,954.04264
1.25,5,954.076289
0.25,3,954.095491
-0.25,2,954.107049
5.0,19,954.219047
3.25,6,954.257878
10.0,20,954.385712
5.25,10,954.447967
0.75,1,954.454748
-0.25,2,954.467406
0.75,1,954.47425
4.75,11,954.53924
3.75,7,954.583429
0.75,1,954.590701
1.25,5,954.622694
-0.25,2,954.637194
8.5,17,954.742185
6.25,13,954.82294
11.0,18,954.929848
4.25,11,954.995366
25.5,36,955.209469
6.25,15,955.30245
7.25,17,955.411862
5.75,14,955.499985
-0.25,2,955.512117
3.75,10,955.573216
3.75,9,955.626637
5.0,13,955.705395
15.5,24,955.851276
5.0,12,955.922561
5.25,10,955.982712
2.25,7,956.024376
-0.25,2,956.036972
-0.25,2,956.048702
7.25,11,956.113122
-0.25,2,956.12625
-0.25,2,956.138898
0.75,1,956.145697
-1.25,12,956.221175
4.25,11,956.293606
-0.75,1,956.30027
-1.25,3,956.318474
0.75,1,956.325151
6.75,14,956.408496
13.0,22,956.537987
15.0,21,957.417755
6.75,13,957.499558
6.25,21,957.628607
4.25,11,957.697138
-1.25,3,957.716357
3.25,9,957.773599
10.0,19,957.887595
0.75,1,957.894541
12.25,23,958.032064
12.0,19,958.148708
2.25,7,958.194246
42.0,51,958.504741
-0.25,2,958.517871
-0.25,2,958.531281
-0.25,2,958.544641
0.75,1,958.55167
14.5,31,958.735122
1.25,5,958.765095
7.75,18,958.87169
12.25,23,959.009412
8.75,19,959.123786
-1.25,3,959.143573
6.25,15,959.233313
9.75,14,959.318211
6.25,14,959.403052
10.25,12,959.474641
-0.75,1,959.481158
-0.25,2,959.493353
-0.25,2,959.506204
0.25,3,959.523509
-0.25,2,959.535788
0.25,3,959.553794
10.0,20,959.674934
9.5,19,959.787361
19.0,27,959.946969
0.75,1,959.95344
9.0,17,960.05441
21.0,31,960.237424
9.5,28,960.408008
9.75,12,961.370321
0.75,1,961.381148
0.75,1,961.388867
8.5,17,961.494074
7.25,14,961.576187
10.0,19,961.689335
4.75,12,961.762311
16.5,23,961.909063
6.75,16,962.010633
1.75,3,962.030592
0.75,4,962.05784
0.75,1,962.065426
0.75,1,962.072326
0.25,21,962.203507
0.75,1,962.210819
-0.75,1,962.218317
2.75,8,962.270381
3.75,10,962.332211
8.75,20,962.461031
0.75,4,962.486715
-0.25,2,962.500511
10.25,12,962.576389
13.0,26,962.738276
10.75,22,962.869593
0.75,1,962.876494
0.25,3,962.895508
0.75,4,962.91898
-6.25,8,962.966584
19.5,30,963.14926
4.75,12,963.223204
1.25,5,963.253513
21.0,31,963.442392
10.75,17,963.542096
-0.75,1,963.549105
-0.75,1,963.555662
7.0,19,963.670575
14.0,25,963.819838
-2.25,4,963.843716
4.25,11,963.911297
12.5,23,964.053832
12.5,24,964.196506
0.75,1,964.203338
12.5,25,964.355497
-0.75,1,964.363265
5.25,13,964.440834
9.5,19,965.296613
-0.75,1,965.303209
0.75,1,965.310076
14.0,24,965.455242
10.25,13,965.532581
0.25,3,965.551172
6.25,15,965.639713
0.75,1,965.646213
-0.25,2,965.659232
-0.25,2,965.671886
21.0,30,965.855527
1.75,6,965.893013
8.5,13,965.97243
2.25,4,965.997918
10.5,21,966.124026
5.75,13,966.201356
0.75,1,966.208228
-0.25,2,966.221222
6.75,16,966.320791
-1.25,3,966.339457
9.25,13,966.418968
-0.25,2,966.432389
0.25,3,966.452853
1.75,6,966.490606
12.5,25,966.638581
0.75,1,966.645583
6.75,16,966.740893
-4.75,8,966.78766
8.25,11,966.851657
10.5,17,966.952081
21.5,29,967.12422
18.5,25,967.273688
0.25,6,967.310262
22.5,25,967.459974
10.25,21,967.588172
0.75,1,967.595383
7.75,15,967.685486
25.5,30,967.863284
-0.75,1,967.870177
-0.75,1,967.877158
-0.25,2,967.88999
0.75,1,967.896743
0.25,3,967.915463
10.25,18,968.024752
0.25,3,968.042485
5.75,11,968.106249
0.75,1,968.112443
0.75,1,968.118688
5.75,14,968.200131
7.25,12,968.272067
8.25,19,969.156304
2.75,6,969.197834
2.25,4,969.222201
1.75,6,969.255276
-0.75,1,969.260614
2.75,8,969.313022
1.75,6,969.353652
0.75,1,969.359617
-0.75,1,969.365067
-0.25,2,969.37554
-0.75,1,969.381333
3.25,9,969.431166
2.75,3,969.445357
-0.75,1,969.450835
12.0,15,969.525036
0.75,1,969.530536
14.25,30,969.673429
0.75,1,969.678598
5.75,14,969.745186
9.25,21,969.840265
18.0,32,969.987766
-0.25,8,970.029042
-0.75,1,970.034678
6.25,15,970.10612
9.25,14,970.174901
7.25,14,970.242284
2.25,7,970.276672
3.75,10,970.322369
-0.25,2,970.332237
12.5,19,970.422761
-2.25,4,970.441747
0.75,4,970.461068
0.75,4,970.479982
4.25,14,970.547984
2.25,4,970.567996
5.25,13,970.628535
-0.75,1,970.633716
0.75,1,970.639087
4.75,12,970.69743
0.75,1,970.702834
2.75,8,970.741045
0.75,1,970.746256
0.75,1,970.751708
5.75,14,970.817823
12.25,27,970.94496
0.25,3,970.960535
1.75,3,970.97518
16.5,23,971.079991
5.75,14,971.145258
-1.25,3,971.158292
0.25,3,971.173234
1.25,5,971.196419
4.25,8,971.233782
7.75,18,971.320317
-0.25,2,971.330017
0.75,1,971.335524
3.5,21,971.438866
1.25,5,971.463271
8.25,19,971.553477
7.25,14,972.21795
14.0,28,972.350371
-0.25,2,972.361554
18.5,22,972.46235
15.5,30,972.604725
12.5,25,972.726532
-0.75,1,972.732957
2.25,7,972.767352
-0.75,4,972.786264
12.0,19,972.878366
10.5,16,972.95716
17.0,26,973.078232
14.5,26,973.200975
4.75,12,973.260156
4.25,8,973.298311
9.75,22,973.402139
21.5,29,973.538872
-0.25,2,973.548517
1.75,6,973.575399
0.75,1,973.580644
13.75,19,973.666898
-0.75,1,973.672621
0.75,1,973.678049
-1.25,8,973.716251
6.25,15,973.788637
10.0,19,973.877279
-0.75,1,973.883333
12.5,24,973.995231
0.75,1,974.000915
0.75,1,974.006433
-0.75,1,974.011782
8.0,16,974.087516
-2.25,4,974.107905
8.0,16,974.183831
8.5,16,974.257659
-2.0,20,974.35237
18.0,25,974.472696
2.75,14,974.538537
-0.75,1,974.544307
8.25,13,974.606026
0.75,4,974.625337
0.75,1,974.630849
0.25,3,974.645518
0.25,3,975.181593
0.75,1,975.186677
-0.75,1,975.191763
0.75,7,975.224253
0.75,1,975.229511
15.5,43,975.427283
-0.25,5,975.450825
0.75,1,975.455611
5.75,14,975.522431
0.25,3,975.53711
13.5,19,975.627177
-1.25,3,975.642252
12.5,23,975.750608
0.75,1,975.75639
12.75,25,975.878954
16.5,31,976.023769
8.5,17,976.104012
8.25,16,976.178194
0.75,1,976.183413
-0.75,1,976.188429
-5.75,30,976.328279
6.25,15,976.397091
5.75,17,976.471894
0.25,3,976.486424
0.75,1,976.492209
-0.75,1,976.497613
0.75,1,976.502963
16.75,22,976.604511
19.5,39,976.787451
5.75,12,976.845326
0.75,1,976.850673
-1.25,3,976.865505
1.25,5,976.888942
6.25,12,976.944964
-0.25,2,976.954925
21.0,42,977.143785
2.75,11,977.196072
9.0,18,977.27657
12.5,24,977.390635
9.75,12,977.445131
16.25,21,977.539125
7.75,17,978.142495
0.25,3,978.156543
3.75,10,978.201875
3.75,10,978.24836
0.25,3,978.262412
15.5,23,978.37013
-0.75,1,978.375618
6.25,15,978.447011
5.75,11,978.493512
7.75,16,978.568455
-0.25,2,978.578322
-0.75,1,978.583706
9.75,14,978.649504
12.25,16,978.725953
3.75,8,978.763968
0.75,1,978.769516
-0.25,2,978.7795
4.25,11,978.830872
-0.75,1,978.836209
11.5,23,978.947166
-0.75,1,978.952848
3.75,10,979.000317
-0.25,2,979.010497
2.75,8,979.048541
-0.75,1,979.054341
12.0,24,979.168634
0.75,1,979.173882
0.75,4,979.192605
10.5,21,979.289353
15.5,19,979.390193
10.0,19,979.478378
7.25,11,979.529764
0.75,1,979.534903
4.25,8,979.572237
0.75,1,979.577391
0.25,3,979.592821
0.75,4,979.612605
3.75,10,979.66269
11.75,24,979.774196
12.5,23,979.880238
13.0,19,979.969266
7.75,16,980.044977
17.5,22,980.150084
-0.25,2,980.160162
2.25,4,980.179635
4.25,11,980.228338
6.25,12,980.285112
13.25,18,980.368479
19.0,27,980.497948
16.75,25,981.399982
0.75,1,981.407593
-0.75,1,981.415363
-0.25,2,981.428739
0.75,1,981.436063
9.25,19,981.560515
0.75,1,981.567866
1.75,3,981.586938
-0.75,1,981.594165
2.75,5,981.627913
0.75,1,981.635607
5.75,14,981.800915
13.25,21,981.945584
13.5,17,982.025319
-0.25,2,982.035494
14.5,21,982.135203
-0.25,2,982.14475
1.75,6,982.17365
0.75,1,982.179207
2.25,7,982.213204
6.75,15,982.281083
-0.75,1,982.286481
6.25,15,982.356478
-0.25,2,982.36658
0.75,1,982.371979
12.5,25,982.487414
20.0,30,982.622555
0.25,3,982.637316
0.75,1,982.64307
9.5,19,982.734691
3.25,9,982.779275
4.75,14,982.846557
2.75,4,982.865107
-0.75,1,982.869744
8.75,20,982.964159
0.75,1,982.969929
7.75,18,983.055087
1.75,6,983.082642
21.5,29,983.217127
4.75,12,983.274697
13.0,24,983.410199
3.75,10,983.456136
-0.75,1,983.461199
0.5,16,983.530141
1.25,5,983.554975
16.0,24,983.651108
5.25,13,983.691567
2.75,5,983.708401
3.75,7,983.740558
10.0,20,983.835063
10.0,16,984.591413
0.75,1,984.597135
-0.75,1,984.60537
8.5,17,984.683083
2.25,4,984.702175
0.75,1,984.707459
0.75,4,984.727561
0.75,4,984.747215
0.75,1,984.752678
9.0,18,984.836818
0.75,1,984.842317
8.0,16,984.915533
27.0,46,985.125607
3.75,8,985.163582
0.75,1,985.168828
6.25,15,985.23591
-0.75,1,985.240969
4.75,12,985.294352
0.25,3,985.308232
14.75,18,985.390936
10.5,19,985.478791
0.75,4,985.497474
0.75,1,985.502322
-0.25,2,985.511765
5.75,14,985.576772
0.75,1,985.58201
12.75,17,985.659851
9.75,22,985.760928
10.25,15,985.829751
-0.25,2,985.839335
8.25,13,985.899203
10.0,19,985.985843
18.0,25,986.101455
1.25,5,986.12431
0.75,1,986.129296
-0.25,2,986.138997
-1.25,12,986.193758
0.75,1,986.19939
0.75,1,986.204623
-0.75,1,986.210077
-0.75,1,986.215312
-0.25,2,986.224692
-0.25,2,986.234001
-0.25,2,986.243282
2.75,8,986.280113
0.75,1,986.28535
-0.75,1,986.290587
4.25,11,986.341223
5.75,14,986.406688
-1.25,3,986.420478
0.75,1,986.425784
0.25,12,986.481062
-0.25,2,986.490207
3.5,21,986.586477
10.0,18,986.669434
-0.75,1,986.674622
-0.75,1,986.679838
0.75,1,986.685119
0.75,1,986.690383
5.75,14,986.755062
4.75,9,986.79591
4.25,11,986.846457
2.75,8,986.883251
0.75,1,986.88915
-0.25,2,986.899234
2.75,8,986.93677
0.75,1,986.941887
1.25,5,987.682232
0.75,1,987.687994
-0.75,1,987.693426
2.75,8,987.733606
-0.75,1,987.73925
-0.75,1,987.745076
14.25,21,987.851882
0.75,1,987.857315
0.25,3,987.872897
2.75,8,987.913188
0.75,1,987.918758
8.75,20,988.01696
0.75,1,988.022118
0.75,1,988.027496
10.5,16,988.107794
-0.75,1,988.113189
16.5,26,988.245669
-0.75,1,988.250865
0.75,4,988.27031
12.75,18,988.355035
-0.75,1,988.360073
17.0,28,988.493404
0.75,1,988.498785
11.5,19,988.585435
0.75,1,988.590902
8.25,14,988.658275
10.25,18,988.744569
-1.25,9,988.786664
-1.25,1,988.791917
0.75,4,988.811291
4.75,12,988.86698
8.0,16,988.939037
9.5,19,989.027731
36.0,42,989.223518
-0.25,8,989.259548
14.5,26,989.381481
13.25,28,989.509203
9.0,18,989.593583
0.75,1,989.601219
-0.25,2,989.611528
4.25,11,989.669474
-0.25,2,989.684502
0.75,1,989.689948
12.5,23,989.812175
0.75,1,989.818091
-0.75,1,989.825144
0.75,1,989.830723
9.75,14,989.900366
4.25,11,989.955146
-2.75,9,990.001104
4.25,11,990.055513
0.25,3,990.071541
11.0,15,990.145202
0.75,4,990.164462
18.75,29,990.859075
7.5,15,990.930287
7.25,14,990.996238
6.25,12,991.058432
-0.75,1,991.06385
4.75,12,991.120549
5.75,14,991.184873
6.25,15,991.252923
7.75,18,991.338847
8.25,16,991.417651
6.75,16,991.491223
15.0,21,991.591308
-5.75,6,991.621347
0.25,3,991.636031
1.75,6,991.664652
3.25,14,991.736969
4.75,12,991.796928
13.25,19,991.889191
21.0,31,992.044162
8.25,19,992.150282
7.5,15,992.223598
12.0,19,992.31443
0.75,1,992.319722
0.75,4,992.338441
-0.75,1,992.343533
3.25,9,992.385614
-0.75,1,992.390742
0.75,1,992.395828
1.75,6,992.42451
-0.25,2,992.434415
-0.75,1,992.43967
-2.25,7,992.474869
12.5,23,992.587472
25.0,43,992.794551
-0.75,1,992.799976
-1.25,1,992.805473
0.75,1,992.811079
19.5,30,992.96235
-0.25,2,992.972362
0.75,1,992.977731
0.75,1,992.983142
-0.75,1,992.988204
0.75,1,992.993536
18.5,22,993.102622
-0.25,2,993.11368
-0.75,1,993.11937
0.75,1,993.125087
13.5,26,993.781755
20.0,26,993.90371
14.0,24,994.021619
0.75,1,994.027169
9.5,19,994.11672
0.75,1,994.122165
-2.75,12,994.182687
8.0,16,994.259594
1.25,5,994.285701
5.75,14,994.356053
8.25,14,994.422649
-0.75,1,994.427993
-0.75,1,994.433454
12.0,19,994.526432
-0.25,2,994.53711
10.75,18,994.626609
12.75,17,994.711416
-0.25,2,994.722076
-0.25,2,994.732837
16.0,24,994.854941
-2.25,4,994.875823
0.75,1,994.881653
9.0,18,994.969383
0.75,1,994.974938
13.75,19,995.071887
6.25,21,995.179581
0.75,4,995.200934
-1.25,3,995.216545
2.75,8,995.257482
-0.25,2,995.268075
0.75,1,995.27367
0.75,1,995.279303
-0.75,1,995.285204
0.75,1,995.291079
7.25,17,995.374053
0.75,4,995.393897
9.0,16,995.470405
14.0,21,995.572042
0.25,3,995.586765
-0.25,2,995.59694
12.75,27,995.725916
10.75,24,995.838974
-1.25,3,995.854677
4.75,12,995.910394
21.5,34,996.07532
4.75,12,996.138054
0.75,1,996.143029
3.75,10,996.19116
0.75,1,996.196839
3.25,9,996.240465
25.5,30,996.946399
0.75,1,996.951876
7.75,16,997.028278
15.75,32,997.183541
-0.75,1,997.189215
-0.75,1,997.195096
5.25,13,997.259688
13.75,16,997.344401
16.5,23,997.524363
-7.25,12,997.578986
0.75,1,997.584633
0.75,1,997.589821
0.75,1,997.594854
13.5,27,997.721999
0.75,1,997.727116
8.25,16,997.80251
7.25,17,997.883378
-0.75,1,997.888705
0.75,1,997.894683
-4.25,6,997.923604
7.25,10,997.971966
8.75,14,998.038633
13.75,16,998.113426
-0.25,2,998.123402
4.75,12,998.179683
2.75,8,998.218602
8.75,10,998.266324
0.75,1,998.271634
0.75,1,998.277174
-0.25,2,998.287454
13.0,23,998.401886
23.0,23,998.515108
-2.25,9,998.558836
4.25,11,998.613677
0.25,3,998.628959
-2.75,3,998.644425
4.25,11,998.699462
10.0,19,998.79484
0.75,1,998.799683
-0.25,2,998.808761
-0.25,2,998.819143
5.25,13,998.881244
0.75,1,998.886462
0.75,1,998.891814
-0.75,1,998.897094
0.75,1,998.902337
1.25,16,998.980435
-5.75,6,999.008997
-0.75,1,999.014412
6.75,16,999.095498
0.75,1,999.101318
0.75,1,999.106215
-0.25,2,999.115174
2.75,8,999.156511
0.75,1,999.162147
4.25,11,999.219465
10.5,20,999.31085
8.5,15,999.378085
-0.75,1,999.38323
0.75,1,999.388274
0.25,3,999.401571
20.0,30,1000.155137
-0.25,2,1000.166188
-0.25,2,1000.178627
2.75,5,1000.195557
0.75,1,1000.200747
6.25,15,1000.254627
13.0,24,1000.334279
0.75,1,1000.340336
-0.25,2,1000.352363
14.5,22,1000.421672
0.25,3,1000.432603
11.25,25,1000.514812
3.75,10,1000.548424
4.25,11,1000.584513
-0.75,1,1000.588071
7.25,14,1000.63214
-0.25,2,1000.638732
2.25,4,1000.651382
13.25,27,1000.731265
19.0,28,1000.816261
0.75,1,1000.819561
1.75,6,1000.838294
10.5,21,1000.901891
13.5,20,1000.963647
5.75,14,1001.008737
1.75,6,1001.02701
2.75,5,1001.04145
9.5,19,1001.097427
-0.75,1,1001.100794
42.0,51,1001.2549
0.75,1,1001.258245
8.0,16,1001.305621
-0.75,1,1001.308879
2.25,7,1001.330236
0.25,3,1001.343546
2.25,4,1001.356671
17.5,32,1001.444579
0.75,1,1001.448041
0.75,1,1001.451531
0.75,1,1001.455032
0.75,1,1001.458481
0.75,4,1001.470342
-0.75,1,1001.473651
2.25,5,1001.488393
18.5,25,1001.565841
11.0,22,1001.630886
6.0,12,1001.664629
9.75,12,1002.068026
5.75,14,1002.109195
1.75,6,1002.127388
10.5,19,1002.184287
1.75,6,1002.202955
0.75,1,1002.206038
0.75,1,1002.209132
-2.25,4,1002.22129
-0.75,1,1002.224495
-0.75,1,1002.227888
-0.75,1,1002.231112
-0.75,1,1002.234716
-0.25,2,1002.241201
7.5,15,1002.284225
0.75,1,1002.287356
-0.25,2,1002.293559
5.25,10,1002.322149
-1.75,11,1002.355339
13.5,14,1002.398362
-0.25,2,1002.40476
-0.75,1,1002.408226
0.25,3,1002.417231
0.75,1,1002.420645
0.75,4,1002.432079
-0.25,2,1002.438443
0.75,1,1002.441862
7.75,18,1002.493085
4.75,12,1002.524971
-0.75,1,1002.528048
11.0,22,1002.589375
17.0,26,1002.668148
0.75,1,1002.671704
2.25,4,1002.684375
1.75,6,1002.702571
6.75,16,1002.752183
7.5,15,1002.797125
0.75,1,1002.80075
0.75,1,1002.80395
8.0,16,1002.861506
13.5,14,1002.922754
5.75,11,1002.962426
-0.75,1,1002.969122
6.25,13,1003.023947
16.25,25,1003.108947
6.25,12,1003.150228
9.0,18,1003.222105
0.75,1,1003.226479
-5.25,5,1003.246436
0.75,1,1003.250312
9.0,18,1003.324087
6.75,19,1003.412127
9.75,19,1003.48087
4.75,8,1003.509645
0.75,1,1003.513577
10.5,17,1003.580329
0.5,16,1003.683534
23.0,23,1003.809935
4.75,10,1003.853262
2.75,8,1003.884534
-0.25,2,1004.42399
-0.75,1,1004.429457
6.75,16,1004.487711
0.75,1,1004.49133
12.5,23,1004.571692
7.25,15,1004.624187
7.0,13,1004.667616
-0.25,5,1004.686942
7.75,18,1004.751519
6.75,16,1004.809913
-0.75,1,1004.814174
6.75,16,1004.868627
0.75,1,1004.872857
2.25,7,1004.901499
4.75,12,1004.944365
-0.75,1,1004.948754
6.25,15,1005.000595
18.75,38,1005.121358
13.0,18,1005.176753
0.75,1,1005.180284
12.25,24,1005.265812
-0.25,2,1005.272284
28.25,51,1005.440042
0.75,1,1005.443477
0.75,1,1005.447383
3.25,6,1005.467836
8.0,16,1005.522469
0.75,1,1005.525932
4.75,12,1005.565853
18.75,37,1005.682863
7.75,15,1005.73022
6.25,14,1005.772689
10.5,18,1005.823853
18.0,34,1005.926198
0.75,1,1005.929716
-0.25,2,1005.93683
4.25,11,1005.975595
0.75,1,1005.979119
7.5,15,1006.033175
0.75,1,1006.037287
27.0,46,1006.617969
0.75,1,1006.621574
11.0,22,1006.696327
2.25,7,1006.725103
0.25,3,1006.740663
5.25,13,1006.788729
12.5,24,1006.879457
-0.25,2,1006.887239
-1.75,14,1006.93713
3.75,10,1006.973086
0.75,1,1006.976727
5.25,13,1007.036894
0.75,1,1007.040141
0.75,1,1007.043761
8.5,17,1007.10922
22.0,35,1007.229752
0.75,1,1007.233296
0.75,1,1007.237411
-0.75,1,1007.242264
-0.25,2,1007.250758
2.25,4,1007.266475
5.25,12,1007.312612
-0.75,1,1007.317428
0.75,1,1007.321659
9.0,18,1007.385373
5.75,14,1007.429917
6.75,13,1007.471336
13.0,17,1007.524411
12.5,14,1007.568356
12.75,17,1007.621759
0.75,1,1007.625878
12.5,24,1007.700176
0.75,1,1007.70343
1.75,6,1007.72234
-0.25,2,1007.728662
5.75,14,1007.769564
2.25,7,1007.792014
3.75,10,1007.821521
0.25,6,1007.839776
1.25,5,1007.856265
0.75,1,1007.859979
1.25,5,1007.875906
6.25,12,1007.914437
-0.25,2,1007.920869
0.75,1,1007.924217
7.25,16,1007.976348
-0.25,2,1007.982557
-2.25,4,1007.995394
-0.75,1,1007.998523
1.75,6,1008.014446
9.0,18,1008.067006
11.0,22,1008.136583
19.0,27,1008.236106
0.75,1,1008.24179
12.0,18,1008.303601
0.25,3,1008.313895
3.25,9,1008.722629
-0.25,2,1008.729139
2.75,8,1008.753567
-0.25,2,1008.760031
10.5,21,1008.824685
3.75,10,1008.852997
0.75,1,1008.85608
15.0,21,1008.917786
0.25,3,1008.926792
3.75,10,1008.95915
0.75,1,1008.962523
5.75,14,1009.004717
0.75,4,1009.017792
2.25,7,1009.042667
3.25,6,1009.063343
0.75,1,1009.066921
8.25,14,1009.113249
2.75,5,1009.1291
0.75,1,1009.132684
0.75,1,1009.136077
-0.25,2,1009.142119
-0.75,1,1009.14542
0.75,1,1009.148729
14.5,20,1009.208747
2.75,11,1009.242019
4.25,14,1009.289426
0.75,1,1009.292744
2.25,7,1009.311888
15.5,25,1009.380413
8.25,13,1009.417641
5.25,10,1009.448537
5.75,14,1009.492585
-0.75,1,1009.496043
1.75,3,1009.506909
12.5,23,1009.583552
7.75,16,1009.631069
0.75,1,1009.634832
2.25,4,1009.647951
0.75,1,1009.651036
-0.75,1,1009.654277
9.25,18,1009.706146
15.0,22,1009.763773
1.75,6,1009.78022
-3.25,5,1009.795173
12.5,22,1009.859261
0.75,1,1009.862443
-0.25,2,1009.868881
20.0,30,1009.957975
1.75,9,1009.984515
5.25,10,1010.014354
15.5,18,1010.062374
15.0,25,1010.133996
-0.25,2,1010.140452
0.75,1,1010.14349
6.75,13,1010.178192
17.75,32,1010.610263
10.5,21,1010.668407
0.75,1,1010.671732
-2.25,4,1010.684038
-0.25,2,1010.690228
-0.25,2,1010.696018
10.5,12,1010.735271
0.75,1,1010.739406
-0.25,2,1010.750282
5.75,14,1010.814614
2.25,7,1010.854623
-0.75,1,1010.860752
4.75,12,1010.904672
8.75,20,1010.964923
9.75,18,1011.018193
0.75,1,1011.021403
15.5,30,1011.107919
0.75,4,1011.119991
4.75,12,1011.158497
0.75,1,1011.161959
7.75,16,1011.213431
32.0,48,1011.360363
19.5,34,1011.447636
9.0,18,1011.494831
7.75,16,1011.536197
2.75,14,1011.572813
-0.75,1,1011.57559
7.25,17,1011.619749
4.25,11,1011.648905
16.0,24,1011.715275
5.25,13,1011.751653
6.75,16,1011.797774
0.25,3,1011.806556
0.75,4,1011.817981
9.75,19,1011.878528
1.25,5,1011.897394
0.75,1,1011.900786
0.75,1,1011.904239
13.0,26,1011.985785
15.5,28,1012.118009
0.75,1,1012.124013
0.75,1,1012.13052
0.75,1,1012.137592
3.25,6,1012.174474
-0.25,2,1012.187073
-0.25,2,1012.199317
2.75,7,1012.722057
13.0,26,1012.798432
0.75,1,1012.801641
15.5,24,1012.873242
5.25,10,1012.904136
5.75,14,1012.954604
2.75,8,1012.98223
-1.25,15,1013.035215
0.75,1,1013.03902
0.75,1,1013.043003
8.75,20,1013.117319
8.0,16,1013.16763
-0.25,2,1013.174537
0.5,16,1013.226897
0.75,1,1013.23089
0.75,1,1013.234604
8.5,17,1013.295785
7.75,18,1013.367728
4.75,12,1013.417574
7.0,19,1013.490036
-0.25,2,1013.497538
8.0,16,1013.559274
-1.25,3,1013.570686
5.75,14,1013.62704
0.75,1,1013.632861
-0.25,2,1013.642323
5.25,13,1013.695732
2.25,7,1013.722873
12.5,14,1013.77358
9.5,19,1013.836511
1.25,5,1013.856328
0.75,1,1013.861398
11.0,22,1013.949229
10.0,16,1014.015356
-0.25,2,1014.024052
9.75,22,1014.120672
0.75,1,1014.126341
3.75,10,1014.176015
10.5,21,1014.269657
0.25,3,1014.280682
-2.25,4,1014.298959
8.25,16,1014.353108
28.5,42,1014.48435
-0.25,2,1014.491625
-1.25,3,1014.501724
0.75,1,1014.504974
-0.25,5,1014.520745
7.0,14,1014.565257
-0.25,2,1014.571839
10.75,24,1015.107713
5.25,13,1015.154519
2.75,5,1015.17097
2.75,17,1015.227906
0.75,1,1015.231687
-0.75,1,1015.235598
-0.75,1,1015.239557
0.75,6,1015.262923
15.0,21,1015.345011
-0.75,1,1015.349599
0.75,1,1015.354742
1.75,6,1015.379176
0.75,1,1015.3841
0.25,3,1015.395857
-0.25,2,1015.403203
2.75,5,1015.422237
0.75,1,1015.426765
0.75,1,1015.43072
-0.75,7,1015.460333
5.75,14,1015.508731
4.75,12,1015.555101
4.25,11,1015.592694
12.25,23,1015.668095
6.0,18,1015.730586
8.0,16,1015.78739
-0.25,2,1015.79698
1.75,6,1015.819763
4.25,11,1015.858755
12.0,15,1015.914092
9.25,21,1015.98589
4.75,12,1016.026698
6.25,12,1016.068989
1.75,6,1016.089865
9.5,17,1016.145918
7.75,16,1016.198046
3.25,9,1016.231561
7.5,15,1016.293117
0.75,1,1016.29777
4.25,14,1016.356369
9.75,22,1016.447255
-1.25,6,1016.468618
0.75,1,1016.472397
0.75,1,1016.476228
2.75,8,1016.505581
0.75,4,1016.520364
6.5,13,1016.566987
10.0,19,1016.634269
-0.75,1,1016.638564
7.25,17,1016.699935
8.25,19,1016.769331
0.75,1,1016.774846
-3.25,20,1016.854865
7.75,16,1016.91785
1.75,6,1017.51932
3.25,9,1017.553005
32.0,48,1017.742446
4.75,12,1017.78615
0.25,3,1017.798761
12.0,24,1017.888924
2.25,4,1017.904944
1.25,5,1017.923219
1.25,5,1017.944164
2.25,7,1017.9704
9.5,19,1018.041677
0.75,1,1018.046326
23.0,23,1018.133763
13.5,20,1018.213336
13.5,26,1018.320551
19.5,30,1018.43706
9.5,19,1018.507176
3.25,9,1018.536451
14.0,28,1018.630228
18.5,26,1018.719864
11.5,23,1018.796775
7.25,17,1018.856874
2.75,5,1018.873545
0.75,1,1018.877518
5.75,14,1018.92732
1.25,5,1018.94433
0.75,4,1018.958594
0.75,1,1018.962432
-0.75,1,1018.966052
-2.25,15,1019.016104
11.5,23,1019.089502
6.5,22,1019.163024
13.25,26,1019.247083
2.25,13,1019.287286
0.75,1,1019.290973
0.75,1,1019.295174
14.5,29,1020.023197
0.25,12,1020.097644
0.25,3,1020.116582
21.0,30,1020.298778
0.75,1,1020.305853
-0.75,1,1020.312618
1.25,5,1020.343105
10.5,19,1020.460372
6.75,16,1020.562359
12.0,24,1020.713223
7.25,14,1020.802642
7.0,14,1020.880764
-0.25,2,1020.891979
3.25,9,1020.940925
0.75,1,1020.947371
13.5,20,1021.066089
0.75,1,1021.072902
4.0,14,1021.154906
15.0,28,1021.316281
0.75,4,1021.33001
4.75,11,1021.36683
0.75,1,1021.371424
8.0,16,1021.473142
3.25,9,1021.522699
0.75,1,1021.526248
6.25,15,1021.575302
18.5,22,1021.644094
7.0,14,1021.6915
18.5,19,1021.752002
14.0,21,1021.814555
0.75,1,1021.817763
5.25,13,1021.875691
-0.25,2,1021.884189
6.75,16,1021.936164
-0.75,1,1021.939436
-0.25,2,1021.945677
2.25,7,1021.968023
4.75,12,1022.00408
11.75,19,1022.065305
2.75,5,1022.081872
1.75,6,1022.101512
-0.75,10,1022.133197
21.5,43,1022.269089
2.75,8,1022.29458
7.25,17,1022.979749
6.25,15,1023.036247
9.5,19,1023.104084
5.25,13,1023.156866
16.5,23,1023.251811
17.0,34,1023.39995
0.75,1,1023.404565
18.0,18,1023.470008
-3.75,10,1023.507934
-0.25,2,1023.514932
12.5,22,1023.593657
0.75,1,1023.597627
7.25,17,1023.656336
8.0,16,1023.713273
-0.25,2,1023.720295
8.0,16,1023.780471
-0.25,2,1023.792344
4.75,14,1023.847594
-0.25,2,1023.854885
0.75,1,1023.858295
9.5,16,1023.908668
32.0,48,1024.064134
16.0,24,1024.194048
0.25,6,1024.232073
6.75,16,1024.333467
0.75,1,1024.34027
8.5,17,1024.448688
5.25,10,1024.515162
0.75,1,1024.522467
-0.75,1,1024.529445
8.25,19,1024.654659
-0.25,2,1024.668334
8.75,23,1024.822121
9.5,17,1024.923302
2.75,8,1024.971515
7.0,12,1025.044891
-2.25,4,1025.069911
0.75,4,1025.095532
10.5,21,1025.22306
8.5,17,1025.32915
0.75,1,1025.33595
5.25,13,1025.89223
10.5,21,1025.94996
-0.25,2,1025.958925
0.75,1,1025.96509
0.25,3,1025.976671
-1.25,3,1025.985303
-4.25,6,1026.003212
10.25,23,1026.067045
2.75,8,1026.089721
9.5,19,1026.152062
8.5,17,1026.199121
0.75,1,1026.20212
-1.25,3,1026.211059
9.0,18,1026.264208
6.75,16,1026.307589
17.5,29,1026.39077
0.75,1,1026.393714
0.75,1,1026.396756
10.5,21,1026.455889
0.75,1,1026.458717
1.25,5,1026.472163
3.25,6,1026.488698
19.0,32,1026.572785
14.0,16,1026.615321
9.5,19,1026.668664
8.5,17,1026.713735
-5.25,7,1026.732569
0.75,1,1026.735382
8.25,19,1026.78823
5.0,19,1026.841366
-0.25,2,1026.846955
9.5,19,1026.898993
8.25,19,1026.950297
0.75,1,1026.953141
16.5,33,1027.040445
0.25,3,1027.048883
16.5,23,1027.110193
10.0,16,1027.152042
6.0,18,1027.205567
5.75,14,1027.241529
3.5,21,1027.297033
15.5,18,1027.689255
11.0,18,1027.739384
13.0,19,1027.799131
0.75,1,1027.802845
14.5,29,1027.886843
-2.25,4,1027.898818
10.25,12,1027.931205
-5.25,16,1027.973104
17.0,25,1028.038134
-0.25,2,1028.04441
13.0,26,1028.11368
-0.75,1,1028.116607
0.75,1,1028.119558
5.25,13,1028.155304
17.5,32,1028.247201
-0.75,1,1028.25071
0.75,1,1028.253963
12.5,31,1028.347676
21.0,42,1028.52547
12.0,15,1028.575553
-0.25,2,1028.582602
10.5,21,1028.65367
9.75,16,1028.708682
3.25,9,1028.739092
0.75,1,1028.742489
10.5,21,1028.812927
1.75,6,1028.834838
8.0,16,1028.892357
14.25,28,1029.020827
5.25,13,1029.073661
6.25,15,1029.132044
0.75,1,1029.135356
0.75,1,1029.138769
5.0,16,1029.186615
-2.75,12,1029.223004
0.75,1,1029.226505
10.5,15,1029.272877
6.5,13,1029.312379
6.75,13,1029.784215
7.25,17,1029.831388
2.25,7,1029.858045
-0.25,2,1029.86404
0.75,1,1029.867524
-1.25,3,1029.880548
13.0,26,1029.956605
4.25,11,1029.98699
0.75,1,1029.990139
5.75,14,1030.032175
0.75,1,1030.035341
0.75,1,1030.038634
9.0,17,1030.082747
2.75,8,1030.104927
3.25,12,1030.139772
3.25,9,1030.166948
5.25,13,1030.205469
0.25,3,1030.213716
-3.25,5,1030.227465
3.75,10,1030.255896
0.75,1,1030.258956
20.25,29,1030.344772
12.0,23,1030.412914
9.5,19,1030.467079
7.25,12,1030.500588
0.75,1,1030.505955
0.75,1,1030.509409
7.25,14,1030.547561
-0.75,1,1030.551094
21.0,31,1030.634607
8.5,13,1030.669613
14.5,31,1030.755349
5.25,13,1030.792929
-0.25,2,1030.799204
10.5,21,1030.857846
19.0,27,1030.926167
10.5,19,1030.977284
4.75,12,1031.010689
0.75,1,1031.013725
9.5,19,1031.066028
7.25,17,1031.111127
0.75,1,1031.114292
0.75,1,1031.117138
-5.25,7,1031.13538
-0.25,2,1031.140586
0.75,1,1031.143586
6.25,12,1031.174822
5.75,11,1031.541976
4.25,11,1031.570357
16.0,24,1031.637531
3.25,9,1031.66423
1.25,5,1031.678616
0.75,4,1031.689311
0.75,4,1031.700128
0.75,4,1031.710753
17.5,33,1031.798811
0.75,1,1031.801809
0.75,1,1031.80482
9.0,18,1031.851373
4.75,12,1031.88308
-1.25,3,1031.891504
-5.25,7,1031.910053
1.75,6,1031.927392
5.75,14,1031.969275
4.75,12,1032.003439
-3.75,16,1032.049292
14.5,29,1032.133982
0.75,4,1032.146236
-3.75,4,1032.158717
0.75,1,1032.16214
-0.75,1,1032.165629
2.75,14,1032.210488
5.75,14,1032.25428
5.25,13,1032.295055
14.25,30,1032.392565
-0.75,4,1032.405505
15.5,30,1032.509492
3.25,6,1032.530121
-1.25,8,1032.560901
5.25,13,1032.604108
-18.75,25,1032.688515
2.75,8,1032.714961
7.5,21,1032.780923
2.25,7,1032.803227
0.75,1,1032.806973
-0.25,2,1032.813659
10.25,17,1032.874255
1.25,5,1032.890876
-0.25,2,1032.898314
0.75,1,1032.902094
0.75,1,1032.905571
0.75,4,1032.919004
6.25,15,1032.969623
5.75,14,1033.01367
-1.25,3,1033.023361
0.75,1,1033.026966
9.5,17,1033.079412
1.75,6,1033.098989
9.5,18,1033.659568
0.25,3,1033.670676
4.25,11,1033.710704
4.25,8,1033.736961
3.25,9,1033.768237
-0.25,2,1033.775316
0.75,4,1033.790703
-0.25,2,1033.79854
-3.75,4,1033.811244
9.5,19,1033.876894
9.5,17,1033.935905
5.25,19,1034.00685
5.75,11,1034.049885
22.0,35,1034.182555
11.0,22,1034.274543
1.25,5,1034.297887
15.5,30,1034.420399
3.25,8,1034.448306
-2.25,4,1034.462587
11.5,23,1034.540592
21.0,31,1034.642195
11.5,23,1034.716651
3.75,10,1034.74962
-0.75,1,1034.753192
-1.25,1,1034.756755
0.75,1,1034.760485
-0.25,2,1034.767433
0.75,1,1034.771134
21.5,29,1034.867581
-0.75,1,1034.871013
-0.75,1,1034.874687
11.25,25,1034.956274
-0.75,1,1034.961354
4.25,14,1035.005603
32.0,48,1035.165286
-0.25,2,1035.172206
0.75,1,1035.175662
1.75,6,1035.195491
0.75,1,1035.199467
0.75,1,1035.203404
0.75,1,1035.207264
-3.75,4,1035.222196
-0.75,1,1035.225938
8.75,12,1035.265652
0.75,1,1035.269148
2.75,8,1035.298773
0.75,1,1035.303609
-2.25,4,1035.31804
-0.75,1,1035.321635
4.75,12,1035.361115
12.5,25,1035.933992
0.75,1,1035.937596
8.0,16,1035.995131
-1.25,3,1036.005255
-0.25,2,1036.012203
4.75,12,1036.054866
11.5,21,1036.127619
2.25,7,1036.154083
-0.75,1,1036.157952
0.75,4,1036.171175
0.75,1,1036.175234
12.75,17,1036.241069
0.75,1,1036.246173
0.75,1,1036.251029
0.75,1,1036.255419
0.75,1,1036.260404
0.25,3,1036.27292
1.75,3,1036.285432
4.25,11,1036.330135
6.25,15,1036.388066
-0.25,2,1036.395779
7.25,17,1036.455017
13.0,26,1036.553649
2.75,8,1036.587903
-0.75,1,1036.592509
-0.25,2,1036.600214
25.5,36,1036.737695
4.25,8,1036.777462
19.0,28,1036.924596
7.25,17,1036.981896
0.75,1,1036.98544
0.75,1,1036.989299
12.0,19,1037.06991
-0.75,1,1037.075106
-0.25,2,1037.082157
3.25,9,1037.119672
11.0,20,1037.191622
-0.75,1,1037.195459
3.75,10,1037.252593
27.0,46,1037.426721
-0.25,2,1037.439009
14.5,24,1037.578424
-2.25,4,1037.600904
8.5,17,1037.693553
12.0,23,1037.828351
6.25,12,1037.899934
17.5,32,1038.091831
0.75,1,1038.097904
5.25,13,1038.782634
9.5,16,1038.83252
10.0,20,1038.898522
0.25,3,1038.909443
0.25,3,1038.921739
1.25,5,1038.940078
6.25,15,1038.995651
14.5,29,1039.095761
4.25,11,1039.138279
5.75,14,1039.188451
10.5,21,1039.320683
1.25,5,1039.351887
0.75,1,1039.358337
-0.25,2,1039.370431
18.5,25,1039.521416
12.0,18,1039.628495
18.5,37,1039.851101
0.75,1,1039.857417
6.75,16,1039.950724
1.75,3,1039.967427
7.0,13,1040.045421
14.0,24,1040.189174
1.25,5,1040.217056
-0.25,2,1040.228391
12.0,24,1040.367471
2.25,7,1040.408855
0.75,1,1040.415123
3.75,10,1040.475422
-0.75,1,1040.481864
8.25,14,1040.559172
13.0,26,1040.702585
0.75,1,1040.70935
7.25,16,1040.801303
8.25,17,1040.897849
-0.75,1,1040.903743
1.25,5,1040.930686
8.0,16,1041.023101
10.75,24,1041.168188
0.75,1,1041.174591
5.25,13,1041.253289
-0.75,1,1041.259851
9.25,18,1041.37078
-0.25,2,1041.384787
4.25,11,1041.450582
-0.75,1,1041.456362
0.75,1,1041.462483
7.25,15,1042.085264
8.0,19,1042.141982
0.75,1,1042.14537
0.75,1,1042.148691
8.25,20,1042.208272
-1.25,3,1042.218465
-1.25,3,1042.227997
-0.75,1,1042.23139
0.75,1,1042.234572
11.0,22,1042.30416
7.0,14,1042.348813
1.75,4,1042.362442
11.25,23,1042.441502
9.5,18,1042.552734
5.75,12,1042.612885
0.75,4,1042.630041
11.75,24,1042.769021
2.25,7,1042.81234
6.75,16,1042.909559
-0.25,2,1042.922707
17.5,22,1043.065843
17.5,32,1043.262171
0.75,1,1043.268342
-0.25,2,1043.280054
-3.25,5,1043.309374
-4.75,20,1043.425766
-0.75,1,1043.432908
12.5,25,1043.574352
12.25,21,1043.689531
3.25,9,1043.739488
0.75,1,1043.74521
18.0,27,1043.848759
4.75,12,1043.883618
0.75,1,1043.887005
9.5,19,1043.94431
0.75,1,1043.94751
2.75,8,1043.984737
14.5,26,1044.105325
9.5,17,1044.158397
0.25,3,1044.168675
0.75,1,1044.17227
5.75,14,1044.226975
-0.25,2,1044.233469
2.75,8,1044.259212
0.75,1,1044.262714
10.25,17,1044.316589
-0.25,2,1044.324747
0.75,1,1044.328293
-0.25,2,1044.334782
16.5,33,1045.093819
13.5,23,1045.240696
26.0,33,1045.379843
5.75,14,1045.421657
13.0,19,1045.479629
2.25,4,1045.491776
10.0,21,1045.552828
9.5,16,1045.598936
1.25,5,1045.613387
0.75,1,1045.616665
6.25,15,1045.659653
36.0,42,1045.779429
7.75,15,1045.822544
3.75,13,1045.861235
4.75,12,1045.900125
5.75,11,1045.933253
10.0,19,1045.989674
7.5,15,1046.033376
5.25,13,1046.073649
1.25,14,1046.115894
-0.25,2,1046.122256
8.75,10,1046.15157
10.0,20,1046.210071
7.75,18,1046.262981
0.75,1,1046.266159
-2.25,4,1046.277833
0.75,1,1046.281783
2.75,8,1046.306291
5.25,22,1046.376577
0.75,1,1046.380047
-3.25,14,1046.419627
15.0,22,1046.490502
12.0,21,1046.557162
0.75,1,1046.560753
0.75,1,1046.564318
0.75,1,1046.56774
0.75,1,1046.5712
0.75,1,1046.574531
-3.75,16,1046.626459
-1.25,6,1046.646915
7.5,15,1046.693465
-0.25,2,1047.254261
1.75,6,1047.287857
-0.75,1,1047.294172
14.0,16,1047.387018
1.75,3,1047.404143
8.25,11,1047.470766
-0.25,14,1047.553027
7.25,11,1047.609994
7.75,17,1047.713333
3.25,12,1047.786755
2.25,7,1047.830206
6.0,12,1047.900186
18.5,25,1047.978835
0.75,1,1047.982398
0.75,1,1047.985856
-0.75,1,1047.989188
2.25,4,1048.005207
14.25,29,1048.123517
10.0,16,1048.206851
13.5,23,1048.3452
9.5,18,1048.451941
1.75,9,1048.504535
5.0,16,1048.6004
10.0,17,1048.698953
8.0,16,1048.790571
0.75,1,1048.797475
2.25,4,1048.821531
14.5,26,1048.974705
-0.75,1,1048.981507
2.25,7,1049.024142
9.25,13,1049.100778
7.75,10,1049.160872
11.25,13,1049.236297
0.75,1,1049.243035
12.5,25,1049.377102
8.25,17,1049.468873
0.75,1,1049.475139
22.5,25,1049.613351
1.25,5,1049.642338
3.25,9,1049.695467
8.25,19,1049.864677
0.75,1,1049.871202
-0.75,1,1049.884738
-1.25,3,1049.944413
15.25,31,1050.163556
0.75,1,1050.17102
-0.75,1,1050.177297
0.75,4,1050.19994
3.25,9,1051.168473
-0.75,1,1051.185631
8.25,19,1051.334991
6.75,13,1051.42357
6.25,15,1051.527705
0.75,1,1051.535422
14.0,24,1051.701281
3.25,6,1051.741329
0.75,1,1051.748586
0.75,1,1051.756064
12.5,22,1051.902991
6.75,19,1052.027769
15.0,30,1052.234391
6.75,16,1052.346337
5.25,10,1052.416876
12.5,25,1052.606194
38.0,63,1053.067372
3.75,22,1053.229175
7.25,17,1053.355428
0.25,3,1053.376912
0.75,1,1053.384518
0.75,1,1053.392269
0.75,1,1053.401491
-0.75,1,1053.409225
6.25,15,1053.512343
1.75,3,1053.532979
-0.25,2,1053.546858
0.75,1,1053.553997
-1.25,3,1053.574638
-0.25,2,1053.589397
-0.75,1,1053.597234
8.5,17,1053.715603
-0.25,2,1053.731106
0.75,1,1053.739072
-0.75,1,1053.746849
-1.25,3,1053.768621
0.75,1,1053.776344
0.75,1,1053.784342
0.75,1,1053.792243
11.0,22,1053.950221
12.5,25,1054.130758
0.75,1,1054.139205
12.75,17,1054.335136
10.5,21,1054.542859
5.25,10,1054.612849
-0.25,2,1054.626983
8.25,16,1054.733464
-0.25,2,1054.747603
-0.75,1,1054.755227
5.25,13,1054.847291
0.75,1,1054.854259
10.5,21,1055.80326
9.5,19,1055.942541
-0.25,2,1055.957557
-0.25,2,1055.973401
-0.75,1,1055.98172
6.25,15,1056.107381
7.25,14,1056.208894
10.25,12,1056.311332
0.75,4,1056.350458
-0.25,2,1056.367586
10.5,15,1056.519677
0.25,3,1056.551225
-0.75,1,1056.562144
5.75,11,1056.691125
0.75,1,1056.701171
4.25,8,1056.771836
18.0,27,1056.990606
1.25,5,1057.031052
-0.75,1,1057.038982
0.25,3,1057.061045
3.75,10,1057.131448
-0.25,2,1057.145612
-3.25,5,1057.181792
0.75,1,1057.18927
6.75,15,1057.293271
0.75,1,1057.301889
2.25,7,1057.35294
-0.75,1,1057.361088
2.75,5,1057.394085
0.75,1,1057.404356
4.25,8,1057.462469
-0.75,1,1057.472473
15.0,28,1057.666122
3.75,13,1057.755179
-0.25,2,1057.769181
9.25,21,1057.931501
0.75,1,1057.941619
7.25,17,1058.062587
0.25,3,1058.087419
9.75,14,1058.213364
0.75,1,1058.221074
8.75,23,1058.41696
0.75,1,1058.425388
8.25,10,1058.493611
2.75,8,1058.551326
19.5,39,1058.830069
-1.25,3,1058.868747
-0.75,7,1058.921595
0.75,1,1058.929502
0.75,1,1058.938501
0.75,1,1058.946852
10.0,17,1059.063377
-0.75,1,1059.0706
-2.25,4,1059.09856
9.0,18,1059.224485
12.0,18,1059.35535
5.75,14,1059.509602
2.75,7,1059.566323
6.25,12,1059.653606
12.0,19,1060.597197
-0.25,2,1060.613547
0.75,1,1060.622
1.75,6,1060.665301
8.0,14,1060.753976
-1.75,14,1060.844458
-0.75,1,1060.851553
22.0,35,1061.111703
7.75,15,1061.210052
9.25,21,1061.348619
9.0,18,1061.466851
13.0,26,1061.642018
9.75,16,1061.747571
13.0,17,1061.873413
5.25,13,1061.964573
11.5,19,1062.099609
6.75,14,1062.194255
0.25,3,1062.214473
6.25,14,1062.310843
17.5,32,1062.523542
9.0,18,1062.642215
1.75,6,1062.688444
8.0,16,1062.795488
11.5,26,1062.965773
0.75,1,1062.973391
9.5,19,1063.096301
42.0,51,1063.526631
0.75,1,1063.540663
-0.25,11,1063.615228
18.5,26,1063.728347
-1.25,3,1063.742148
5.25,19,1063.831063
13.5,20,1063.929634
6.75,16,1064.755409
0.75,1,1064.762316
0.75,1,1064.768224
5.25,13,1064.830215
17.0,33,1065.003107
14.5,23,1065.114274
1.75,6,1065.143528
9.25,14,1065.210875
3.75,10,1065.260678
0.25,3,1065.280278
2.25,7,1065.316978
9.25,21,1065.4264
4.25,11,1065.478825
8.5,17,1065.559198
3.25,9,1065.602315
2.25,4,1065.621068
4.75,11,1065.677993
0.75,1,1065.684945
3.25,9,1065.733351
10.5,19,1065.815415
-0.25,2,1065.826418
13.5,14,1065.89211
5.25,13,1065.953152
16.25,21,1066.139786
24.0,46,1066.376789
7.25,14,1066.442492
0.75,1,1066.447906
7.25,17,1066.530729
11.25,22,1066.635576
0.75,1,1066.640972
13.75,16,1066.717604
5.75,14,1066.783292
0.75,1,1066.788781
21.5,29,1066.927068
0.75,1,1066.932755
2.75,8,1066.972243
8.0,16,1067.054581
7.5,15,1067.125772
25.0,43,1067.890535
0.75,1,1067.896586
7.75,18,1067.990097
6.25,14,1068.063159
12.0,24,1068.184121
0.75,1,1068.189691
-0.75,7,1068.225431
10.75,16,1068.303154
0.75,1,1068.308939
0.75,1,1068.314743
5.75,14,1068.382644
1.75,6,1068.411718
9.75,21,1068.512529
2.25,7,1068.544194
-0.75,1,1068.549122
9.0,18,1068.6283
0.25,3,1068.642315
12.5,14,1068.704429
-0.75,1,1068.709859
0.75,1,1068.715491
-0.25,2,1068.725007
10.5,19,1068.831468
0.25,3,1068.851176
7.5,15,1068.942707
-0.25,2,1068.953498
0.75,1,1068.958827
9.25,13,1069.023889
-0.75,1,1069.032614
6.75,16,1069.121439
4.25,11,1069.174171
4.25,11,1069.229141
14.25,28,1069.36719
1.25,5,1069.413051
-1.75,6,1069.444514
13.0,17,1069.526602
9.0,18,1069.614655
10.25,20,1069.71282
16.0,24,1069.830772
0.75,1,1069.836826
0.75,4,1069.858237
8.5,17,1069.940557
16.5,22,1070.045664
13.25,18,1070.130963
12.0,19,1070.2205
-0.25,2,1070.231066
0.75,1,1070.236599
7.5,15,1070.309349
7.25,17,1070.446063
3.0,24,1071.112494
2.25,7,1071.149401
0.75,1,1071.155006
-2.25,4,1071.179573
-1.25,3,1071.200176
11.5,23,1071.305695
0.75,1,1071.310998
38.0,49,1071.539763
7.25,17,1071.616353
4.25,8,1071.653825
-0.75,4,1071.67204
6.75,20,1071.762561
5.25,13,1071.81959
9.75,19,1071.904115
11.5,23,1072.005575
2.25,7,1072.038103
5.75,14,1072.100891
1.25,5,1072.12461
0.75,1,1072.129563
8.75,18,1072.210364
0.75,1,1072.215546
16.5,22,1072.323592
6.25,15,1072.391782
9.5,19,1072.477701
6.25,15,1072.541536
-3.75,13,1072.604531
7.75,15,1072.677053
9.25,21,1072.77706
5.75,14,1072.842062
0.75,1,1072.847833
1.25,5,1072.871891
0.75,4,1072.891362
12.0,23,1073.005323
10.75,16,1073.085611
6.75,16,1073.165584
0.75,1,1073.170644
1.75,6,1073.199612
20.0,36,1073.370522
12.5,22,1074.259883
1.75,6,1074.288789
0.75,1,1074.293983
0.75,1,1074.299323
3.75,10,1074.346425
13.0,26,1074.470643
4.75,12,1074.526444
-0.25,2,1074.535346
0.75,1,1074.540257
4.25,11,1074.589736
9.25,21,1074.688739
13.0,19,1074.773402
9.25,14,1074.832739
0.75,1,1074.83734
0.75,1,1074.84196
8.75,12,1074.890477
0.75,1,1074.895137
13.0,17,1074.968276
0.75,1,1074.973711
0.75,1,1074.978607
0.75,1,1074.98333
4.75,12,1075.033362
-0.25,2,1075.041657
2.25,7,1075.069812
9.75,15,1075.138651
3.5,15,1075.206016
11.75,26,1075.318691
12.0,21,1075.410165
5.25,12,1075.469173
0.75,1,1075.476909
15.5,31,1075.627377
19.0,26,1075.739919
-1.0,16,1075.81703
16.5,23,1075.92774
12.0,15,1075.999184
38.0,49,1076.233722
7.25,9,1076.277052
3.75,16,1076.354041
-0.25,2,1076.364734
4.25,14,1076.432949
3.25,9,1076.479158
1.25,5,1076.505891
5.25,10,1076.56295
12.0,15,1076.640494
10.0,17,1077.279874
2.25,4,1077.299615
0.75,4,1077.318815
0.75,1,1077.324253
8.75,20,1077.418736
16.75,28,1077.558452
16.5,26,1077.727489
5.75,12,1077.785325
0.75,1,1077.791208
4.75,12,1077.850761
3.75,7,1077.887419
0.75,1,1077.893224
0.75,1,1077.898943
3.75,4,1077.92006
-0.25,2,1077.930582
8.25,11,1077.989137
0.75,1,1077.995037
11.0,18,1078.085431
9.5,35,1078.266452
-0.25,2,1078.284366
3.25,12,1078.366814
38.0,49,1078.642532
18.5,37,1078.836485
2.75,4,1078.863387
8.5,13,1078.960687
-4.75,5,1078.995288
-0.75,1,1079.010882
16.0,24,1079.170182
0.75,4,1079.205521
5.75,11,1079.288508
12.75,15,1079.396235
1.75,3,1079.415463
1.25,14,1079.506701
0.75,1,1079.518129
3.75,9,1079.609787
0.75,1,1079.62165
8.25,16,1079.757225
0.75,1,1079.764072
-0.25,2,1079.777004
0.75,1,1079.783928
7.5,15,1079.884197
-0.25,2,1079.900096
6.0,16,1080.034325
6.25,13,1080.126538
8.5,20,1080.271375
2.25,7,1080.31743
8.75,19,1081.322418
9.25,18,1081.418144
7.25,17,1081.503814
0.75,1,1081.509838
4.25,11,1081.565905
-0.75,1,1081.571534
7.25,17,1081.655639
10.25,23,1081.767233
0.75,1,1081.772877
-0.25,2,1081.783673
0.75,1,1081.790382
8.5,17,1081.872059
11.0,20,1081.970926
-3.25,5,1081.995774
-0.25,2,1082.007019
-3.25,5,1082.032589
3.75,10,1082.083312
0.75,1,1082.089265
9.5,17,1082.176322
-6.25,17,1082.262388
16.5,31,1082.416968
0.75,1,1082.422665
0.75,1,1082.428163
0.75,1,1082.435298
13.0,26,1082.56637
8.75,14,1082.665006
0.75,1,1082.676991
0.75,1,1082.689626
2.75,8,1082.753315
0.75,1,1082.759995
12.0,18,1082.870612
-0.25,2,1082.880824
0.75,1,1082.886544
-4.25,9,1082.932481
8.75,20,1083.031751
11.0,22,1083.1375
-2.75,3,1083.152538
2.25,7,1083.187072
-0.25,2,1083.19679
-0.75,13,1083.257285
0.75,1,1083.262601
2.75,8,1083.300009
6.0,12,1083.354737
0.75,1,1083.360064
-1.25,3,1083.374592
25.5,30,1083.531933
0.75,1,1083.537666
4.5,12,1083.595842
1.25,5,1083.621082
4.75,12,1083.68447
4.75,12,1083.748422
16.25,35,1083.959365
6.5,13,1084.526063
0.75,1,1084.531138
13.0,22,1084.646427
13.0,22,1084.789184
4.75,14,1084.927569
7.25,17,1085.020562
0.75,1,1085.034455
0.75,1,1085.047196
10.5,19,1085.202938
4.25,11,1085.260894
0.75,1,1085.266955
-0.25,2,1085.278305
-0.75,1,1085.284287
-0.25,2,1085.295441
9.75,19,1085.395156
11.0,22,1085.513047
9.25,21,1085.621812
1.75,6,1085.654232
1.25,5,1085.697343
10.5,16,1085.834014
20.0,26,1086.067206
12.0,15,1086.148229
1.75,3,1086.165492
1.25,5,1086.192752
-0.75,1,1086.1986
9.0,18,1086.284092
0.75,1,1086.289374
-4.25,6,1086.318025
5.25,11,1086.371966
1.25,5,1086.396947
9.0,18,1086.483509
8.0,16,1086.560821
2.25,4,1086.580645
-0.75,1,1086.586501
1.75,3,1086.602588
9.5,19,1086.704782
-0.25,2,1086.714628
17.5,35,1086.872559
13.5,27,1087.010445
2.75,8,1087.048429
2.75,8,1087.087026
12.0,19,1087.175985
-1.0,19,1087.268088
0.75,1,1087.273761
1.75,6,1087.303447
3.75,10,1087.352102
15.0,22,1088.14001
14.0,16,1088.245063
1.25,5,1088.276742
6.25,15,1088.377293
0.75,4,1088.402873
2.75,8,1088.451345
-0.75,1,1088.457532
8.5,17,1088.56479
5.75,23,1088.717252
0.25,3,1088.735903
7.5,18,1088.847657
0.25,3,1088.869584
10.75,19,1088.991773
16.0,24,1089.142537
0.75,1,1089.149419
15.5,23,1089.303445
8.5,15,1089.395388
3.75,10,1089.459468
10.75,24,1089.616604
0.75,1,1089.623852
0.75,1,1089.631174
5.0,12,1089.706022
10.0,15,1089.798887
15.0,24,1089.942574
2.25,4,1089.967719
2.25,7,1090.010648
-0.25,2,1090.02336
2.25,7,1090.066514
-0.75,1,1090.073407
0.75,1,1090.080667
7.5,18,1090.200581
11.25,25,1090.350953
13.75,18,1090.463429
18.5,22,1090.600373
3.25,9,1090.658347
-0.75,1,1090.665621
-0.25,2,1090.679533
0.25,3,1090.698815
7.25,17,1090.808709
0.25,3,1090.828689
0.75,1,1090.836192
8.75,15,1090.935394
-0.75,1,1090.942986
0.75,4,1090.970058
7.5,15,1091.063512
-0.25,2,1091.077589
1.25,13,1091.162828
5.25,13,1091.249439
12.5,23,1092.156132
2.75,8,1092.208132
1.25,5,1092.240473
-4.25,33,1092.451015
9.5,19,1092.573553
6.0,12,1092.650143
12.0,18,1092.765757
7.25,14,1092.855771
7.25,17,1092.972835
7.0,14,1093.068229
25.5,36,1093.306352
3.25,6,1093.347708
0.75,1,1093.354643
20.0,36,1093.585266
-0.25,2,1093.599486
-0.75,1,1093.607046
-0.75,1,1093.614284
-0.25,2,1093.627788
14.5,29,1093.817886
3.75,4,1093.845815
3.75,10,1093.906427
-0.25,2,1093.920927
6.75,13,1094.012071
3.25,9,1094.077071
4.75,12,1094.157422
0.75,1,1094.165201
0.75,13,1094.260642
0.75,1,1094.268767
-0.75,1,1094.277009
2.75,20,1094.416544
13.5,17,1094.539106
12.5,19,1094.683404
-0.75,1,1094.693053
-1.25,6,1094.736272
3.75,10,1094.802713
9.5,16,1094.910947
2.75,8,1094.966865
0.75,1,1094.974842
0.75,1,1094.982541
0.75,1,1094.991074
4.75,12,1095.077287
10.0,17,1095.198313
7.25,17,1095.31732
0.75,1,1095.325675
-0.25,2,1095.34064
5.75,14,1095.435219
7.0,14,1095.526713
9.5,19,1096.419478
8.0,14,1096.482681
25.0,39,1096.660888
6.25,13,1096.72165
0.75,3,1096.736208
8.5,15,1096.804865
0.75,1,1096.810308
5.75,14,1096.874029
0.75,1,1096.879433
8.75,15,1096.948094
-0.25,2,1096.957814
0.25,3,1096.971742
6.25,15,1097.040866
5.75,12,1097.095649
-0.25,11,1097.146468
1.75,18,1097.228451
2.25,7,1097.260311
7.75,18,1097.34461
1.75,3,1097.35925
7.75,18,1097.443666
-0.25,2,1097.453711
-0.75,10,1097.500306
14.5,23,1097.604298
0.75,10,1097.651539
16.75,34,1097.821413
3.75,10,1097.866428
19.25,39,1098.039404
8.75,20,1098.126469
5.75,10,1098.171942
-0.75,1,1098.177447
1.25,3,1098.191333
0.75,12,1098.245246
4.25,6,1098.272667
2.75,8,1098.308603
2.75,17,1098.386768
0.75,1,1098.391774
0.75,1,1098.39691
8.0,16,1098.46931
8.0,16,1098.541104
13.5,33,1098.688597
-0.75,1,1098.693449
-0.75,1,1098.698384
0.75,1,1098.703309
-0.25,2,1098.712777
