/home/andrew/Documents/docs/2-resolver-problema/process-mining/prescriptive-process-monitoring/timing-explanations-pspm/.venv/lib/python3.14/site-packages/stable_baselines3/common/on_policy_algorithm.py:150: UserWarning: You are trying to run PPO on the GPU, but it is primarily intended to run on the CPU when not using a CNN policy (you are using ActorCriticPolicy which should be a MlpPolicy). See https://github.com/DLR-RM/stable-baselines3/issues/1245 for more info. You can pass `device='cpu'` or `export CUDA_VISIBLE_DEVICES=` to force using the CPU.Note: The model will train, but the GPU utilization will be poor and the training might take longer than on CPU.
  warnings.warn(
Loading env from data/retrained_state_bpic2017.csv ...
Training PPO for 300,000 timesteps (seed=42) ...
Using cuda device
Wrapping the env in a DummyVecEnv.
---------------------------------
| rollout/           |          |
|    ep_len_mean     | 2.04     |
|    ep_rew_mean     | -0.19    |
| time/              |          |
|    fps             | 279      |
|    iterations      | 1        |
|    time_elapsed    | 1        |
|    total_timesteps | 512      |
---------------------------------
-----------------------------------------
| rollout/                |             |
|    ep_len_mean          | 2.14        |
|    ep_rew_mean          | -0.23       |
| time/                   |             |
|    fps                  | 261         |
|    iterations           | 2           |
|    time_elapsed         | 3           |
|    total_timesteps      | 1024        |
| train/                  |             |
|    approx_kl            | 0.016604025 |
|    clip_fraction        | 0.236       |
|    clip_range           | 0.2         |
|    entropy_loss         | -0.68       |
|    explained_variance   | 0.0182      |
|    learning_rate        | 0.0003      |
|    loss                 | -0.0237     |
|    n_updates            | 5           |
|    policy_gradient_loss | -0.0398     |
|    value_loss           | 0.889       |
-----------------------------------------
-----------------------------------------
| rollout/                |             |
|    ep_len_mean          | 3.05        |
|    ep_rew_mean          | 0.255       |
| time/                   |             |
|    fps                  | 278         |
|    iterations           | 3           |
|    time_elapsed         | 5           |
|    total_timesteps      | 1536        |
| train/                  |             |
|    approx_kl            | 0.008411377 |
|    clip_fraction        | 0           |
|    clip_range           | 0.2         |
|    entropy_loss         | -0.662      |
|    explained_variance   | 0.00317     |
|    learning_rate        | 0.0003      |
|    loss                 | 0.156       |
|    n_updates            | 10          |
|    policy_gradient_loss | -0.0113     |
|    value_loss           | 1.31        |
-----------------------------------------
-----------------------------------------
| rollout/                |             |
|    ep_len_mean          | 3.51        |
|    ep_rew_mean          | 0.05        |
| time/                   |             |
|    fps                  | 286         |
|    iterations           | 4           |
|    time_elapsed         | 7           |
|    total_timesteps      | 2048        |
| train/                  |             |
|    approx_kl            | 0.010156837 |
|    clip_fraction        | 0.125       |
|    clip_range           | 0.2         |
|    entropy_loss         | -0.597      |
|    explained_variance   | 0.0154      |
|    learning_rate        | 0.0003      |
|    loss                 | 0.533       |
|    n_updates            | 15          |
|    policy_gradient_loss | -0.0323     |
|    value_loss           | 1.56        |
-----------------------------------------
------------------------------------------
| rollout/                |              |
|    ep_len_mean          | 3.39         |
|    ep_rew_mean          | -0.105       |
| time/                   |              |
|    fps                  | 292          |
|    iterations           | 5            |
|    time_elapsed         | 8            |
|    total_timesteps      | 2560         |
| train/                  |              |
|    approx_kl            | 0.0012973298 |
|    clip_fraction        | 0            |
|    clip_range           | 0.2          |
|    entropy_loss         | -0.586       |
|    explained_variance   | 0.0272       |
|    learning_rate        | 0.0003       |
|    loss                 | 0.909        |
|    n_updates            | 20           |
|    policy_gradient_loss | -0.0084      |
|    value_loss           | 2.1          |
------------------------------------------
------------------------------------------
| rollout/                |              |
|    ep_len_mean          | 3.96         |
|    ep_rew_mean          | 0.065        |
| time/                   |              |
|    fps                  | 293          |
|    iterations           | 6            |
|    time_elapsed         | 10           |
|    total_timesteps      | 3072         |
| train/                  |              |
|    approx_kl            | 0.0036073276 |
|    clip_fraction        | 0.0242       |
|    clip_range           | 0.2          |
|    entropy_loss         | -0.539       |
|    explained_variance   | 0.0369       |
|    learning_rate        | 0.0003       |
|    loss                 | 1.45         |
|    n_updates            | 25           |
|    policy_gradient_loss | -0.0134      |
|    value_loss           | 2.99         |
------------------------------------------
------------------------------------------
| rollout/                |              |
|    ep_len_mean          | 4.04         |
|    ep_rew_mean          | 0.65         |
| time/                   |              |
|    fps                  | 293          |
|    iterations           | 7            |
|    time_elapsed         | 12           |
|    total_timesteps      | 3584         |
| train/                  |              |
|    approx_kl            | 0.0034608142 |
|    clip_fraction        | 0.0164       |
|    clip_range           | 0.2          |
|    entropy_loss         | -0.55        |
|    explained_variance   | 0.0416       |
|    learning_rate        | 0.0003       |
|    loss                 | 1.43         |
|    n_updates            | 30           |
|    policy_gradient_loss | -0.00251     |
|    value_loss           | 3.1          |
------------------------------------------
------------------------------------------
| rollout/                |              |
|    ep_len_mean          | 3.7          |
|    ep_rew_mean          | 0.05         |
| time/                   |              |
|    fps                  | 295          |
|    iterations           | 8            |
|    time_elapsed         | 13           |
|    total_timesteps      | 4096         |
| train/                  |              |
|    approx_kl            | 0.0051653497 |
|    clip_fraction        | 0.091        |
|    clip_range           | 0.2          |
|    entropy_loss         | -0.492       |
|    explained_variance   | 0.0511       |
|    learning_rate        | 0.0003       |
|    loss                 | 0.743        |
|    n_updates            | 35           |
|    policy_gradient_loss | -0.0317      |
|    value_loss           | 1.84         |
------------------------------------------
------------------------------------------
| rollout/                |              |
|    ep_len_mean          | 4.42         |
|    ep_rew_mean          | 0.74         |
| time/                   |              |
|    fps                  | 296          |
|    iterations           | 9            |
|    time_elapsed         | 15           |
|    total_timesteps      | 4608         |
| train/                  |              |
|    approx_kl            | 0.0074738255 |
|    clip_fraction        | 0.0398       |
|    clip_range           | 0.2          |
|    entropy_loss         | -0.52        |
|    explained_variance   | 0.106        |
|    learning_rate        | 0.0003       |
|    loss                 | 1.55         |
|    n_updates            | 40           |
|    policy_gradient_loss | -0.00875     |
|    value_loss           | 3.04         |
------------------------------------------
------------------------------------------
| rollout/                |              |
|    ep_len_mean          | 5.38         |
|    ep_rew_mean          | 0.46         |
| time/                   |              |
|    fps                  | 297          |
|    iterations           | 10           |
|    time_elapsed         | 17           |
|    total_timesteps      | 5120         |
| train/                  |              |
|    approx_kl            | 0.0042498736 |
|    clip_fraction        | 0.0547       |
|    clip_range           | 0.2          |
|    entropy_loss         | -0.433       |
|    explained_variance   | 0.142        |
|    learning_rate        | 0.0003       |
|    loss                 | 1.98         |
|    n_updates            | 45           |
|    policy_gradient_loss | -0.0217      |
|    value_loss           | 3.86         |
------------------------------------------
------------------------------------------
| rollout/                |              |
|    ep_len_mean          | 4.75         |
|    ep_rew_mean          | 0.497        |
| time/                   |              |
|    fps                  | 296          |
|    iterations           | 11           |
|    time_elapsed         | 18           |
|    total_timesteps      | 5632         |
| train/                  |              |
|    approx_kl            | 0.0055473293 |
|    clip_fraction        | 0.0277       |
|    clip_range           | 0.2          |
|    entropy_loss         | -0.449       |
|    explained_variance   | 0.138        |
|    learning_rate        | 0.0003       |
|    loss                 | 2.88         |
|    n_updates            | 50           |
|    policy_gradient_loss | 0.00528      |
|    value_loss           | 6.15         |
------------------------------------------
------------------------------------------
| rollout/                |              |
|    ep_len_mean          | 4.73         |
|    ep_rew_mean          | 0.895        |
| time/                   |              |
|    fps                  | 299          |
|    iterations           | 12           |
|    time_elapsed         | 20           |
|    total_timesteps      | 6144         |
| train/                  |              |
|    approx_kl            | 0.0031122288 |
|    clip_fraction        | 0.0082       |
|    clip_range           | 0.2          |
|    entropy_loss         | -0.437       |
|    explained_variance   | 0.147        |
|    learning_rate        | 0.0003       |
|    loss                 | 2.76         |
|    n_updates            | 55           |
|    policy_gradient_loss | -0.0128      |
|    value_loss           | 4.53         |
------------------------------------------
------------------------------------------
| rollout/                |              |
|    ep_len_mean          | 6.48         |
|    ep_rew_mean          | 0.91         |
| time/                   |              |
|    fps                  | 301          |
|    iterations           | 13           |
|    time_elapsed         | 22           |
|    total_timesteps      | 6656         |
| train/                  |              |
|    approx_kl            | 0.0025918023 |
|    clip_fraction        | 0.0207       |
|    clip_range           | 0.2          |
|    entropy_loss         | -0.406       |
|    explained_variance   | 0.206        |
|    learning_rate        | 0.0003       |
|    loss                 | 2.81         |
|    n_updates            | 60           |
|    policy_gradient_loss | -0.0123      |
|    value_loss           | 5.36         |
------------------------------------------
------------------------------------------
| rollout/                |              |
|    ep_len_mean          | 5.61         |
|    ep_rew_mean          | 1.21         |
| time/                   |              |
|    fps                  | 302          |
|    iterations           | 14           |
|    time_elapsed         | 23           |
|    total_timesteps      | 7168         |
| train/                  |              |
|    approx_kl            | 0.0019265008 |
|    clip_fraction        | 0.00469      |
|    clip_range           | 0.2          |
|    entropy_loss         | -0.384       |
|    explained_variance   | 0.253        |
|    learning_rate        | 0.0003       |
|    loss                 | 5.94         |
|    n_updates            | 65           |
|    policy_gradient_loss | 0.000823     |
|    value_loss           | 9.22         |
------------------------------------------
------------------------------------------
| rollout/                |              |
|    ep_len_mean          | 5.37         |
|    ep_rew_mean          | 1.1          |
| time/                   |              |
|    fps                  | 303          |
|    iterations           | 15           |
|    time_elapsed         | 25           |
|    total_timesteps      | 7680         |
| train/                  |              |
|    approx_kl            | 0.0011504778 |
|    clip_fraction        | 0.0187       |
|    clip_range           | 0.2          |
|    entropy_loss         | -0.369       |
|    explained_variance   | 0.175        |
|    learning_rate        | 0.0003       |
|    loss                 | 3.36         |
|    n_updates            | 70           |
|    policy_gradient_loss | -0.0111      |
|    value_loss           | 8.28         |
------------------------------------------
------------------------------------------
| rollout/                |              |
|    ep_len_mean          | 5.06         |
|    ep_rew_mean          | 1.22         |
| time/                   |              |
|    fps                  | 304          |
|    iterations           | 16           |
|    time_elapsed         | 26           |
|    total_timesteps      | 8192         |
| train/                  |              |
|    approx_kl            | 0.0018443078 |
|    clip_fraction        | 0.00508      |
|    clip_range           | 0.2          |
|    entropy_loss         | -0.374       |
|    explained_variance   | 0.207        |
|    learning_rate        | 0.0003       |
|    loss                 | 2.65         |
|    n_updates            | 75           |
|    policy_gradient_loss | -0.00762     |
|    value_loss           | 6.94         |
------------------------------------------
------------------------------------------
| rollout/                |              |
|    ep_len_mean          | 6.86         |
|    ep_rew_mean          | 1.92         |
| time/                   |              |
|    fps                  | 305          |
|    iterations           | 17           |
|    time_elapsed         | 28           |
|    total_timesteps      | 8704         |
| train/                  |              |
|    approx_kl            | 0.0012223809 |
|    clip_fraction        | 0.0125       |
|    clip_range           | 0.2          |
|    entropy_loss         | -0.345       |
|    explained_variance   | 0.34         |
|    learning_rate        | 0.0003       |
|    loss                 | 3.8          |
|    n_updates            | 80           |
|    policy_gradient_loss | -0.0106      |
|    value_loss           | 7.94         |
------------------------------------------
------------------------------------------
| rollout/                |              |
|    ep_len_mean          | 8.01         |
|    ep_rew_mean          | 2.21         |
| time/                   |              |
|    fps                  | 306          |
|    iterations           | 18           |
|    time_elapsed         | 30           |
|    total_timesteps      | 9216         |
| train/                  |              |
|    approx_kl            | 0.0014698645 |
|    clip_fraction        | 0.00742      |
|    clip_range           | 0.2          |
|    entropy_loss         | -0.264       |
|    explained_variance   | 0.355        |
|    learning_rate        | 0.0003       |
|    loss                 | 6.04         |
|    n_updates            | 85           |
|    policy_gradient_loss | -0.00876     |
|    value_loss           | 11.1         |
------------------------------------------
------------------------------------------
| rollout/                |              |
|    ep_len_mean          | 7.96         |
|    ep_rew_mean          | 2.23         |
| time/                   |              |
|    fps                  | 307          |
|    iterations           | 19           |
|    time_elapsed         | 31           |
|    total_timesteps      | 9728         |
| train/                  |              |
|    approx_kl            | 0.0006583957 |
|    clip_fraction        | 0            |
|    clip_range           | 0.2          |
|    entropy_loss         | -0.265       |
|    explained_variance   | 0.37         |
|    learning_rate        | 0.0003       |
|    loss                 | 6.56         |
|    n_updates            | 90           |
|    policy_gradient_loss | 0.000189     |
|    value_loss           | 15.6         |
------------------------------------------
------------------------------------------
| rollout/                |              |
|    ep_len_mean          | 6.96         |
|    ep_rew_mean          | 1.86         |
| time/                   |              |
|    fps                  | 307          |
|    iterations           | 20           |
|    time_elapsed         | 33           |
|    total_timesteps      | 10240        |
| train/                  |              |
|    approx_kl            | 0.0012260564 |
|    clip_fraction        | 0.00469      |
|    clip_range           | 0.2          |
|    entropy_loss         | -0.248       |
|    explained_variance   | 0.347        |
|    learning_rate        | 0.0003       |
|    loss                 | 7.88         |
|    n_updates            | 95           |
|    policy_gradient_loss | -0.00718     |
|    value_loss           | 13.9         |
------------------------------------------
-------------------------------------------
| rollout/                |               |
|    ep_len_mean          | 7.74          |
|    ep_rew_mean          | 1.88          |
| time/                   |               |
|    fps                  | 308           |
|    iterations           | 21            |
|    time_elapsed         | 34            |
|    total_timesteps      | 10752         |
| train/                  |               |
|    approx_kl            | 0.00013666903 |
|    clip_fraction        | 0             |
|    clip_range           | 0.2           |
|    entropy_loss         | -0.233        |
|    explained_variance   | 0.432         |
|    learning_rate        | 0.0003        |
|    loss                 | 7.98          |
|    n_updates            | 100           |
|    policy_gradient_loss | -0.000704     |
|    value_loss           | 15.1          |
-------------------------------------------
------------------------------------------
| rollout/                |              |
|    ep_len_mean          | 8.05         |
|    ep_rew_mean          | 2.06         |
| time/                   |              |
|    fps                  | 309          |
|    iterations           | 22           |
|    time_elapsed         | 36           |
|    total_timesteps      | 11264        |
| train/                  |              |
|    approx_kl            | 7.803907e-05 |
|    clip_fraction        | 0            |
|    clip_range           | 0.2          |
|    entropy_loss         | -0.246       |
|    explained_variance   | 0.214        |
|    learning_rate        | 0.0003       |
|    loss                 | 5.92         |
|    n_updates            | 105          |
|    policy_gradient_loss | -0.00135     |
|    value_loss           | 14.1         |
------------------------------------------
------------------------------------------
| rollout/                |              |
|    ep_len_mean          | 7.91         |
|    ep_rew_mean          | 2.09         |
| time/                   |              |
|    fps                  | 310          |
|    iterations           | 23           |
|    time_elapsed         | 37           |
|    total_timesteps      | 11776        |
| train/                  |              |
|    approx_kl            | 0.0018154541 |
|    clip_fraction        | 0.0125       |
|    clip_range           | 0.2          |
|    entropy_loss         | -0.207       |
|    explained_variance   | 0.292        |
|    learning_rate        | 0.0003       |
|    loss                 | 9.49         |
|    n_updates            | 110          |
|    policy_gradient_loss | -0.00652     |
|    value_loss           | 14           |
------------------------------------------
------------------------------------------
| rollout/                |              |
|    ep_len_mean          | 9.57         |
|    ep_rew_mean          | 3.07         |
| time/                   |              |
|    fps                  | 310          |
|    iterations           | 24           |
|    time_elapsed         | 39           |
|    total_timesteps      | 12288        |
| train/                  |              |
|    approx_kl            | 0.0013274712 |
|    clip_fraction        | 0.00469      |
|    clip_range           | 0.2          |
|    entropy_loss         | -0.223       |
|    explained_variance   | 0.373        |
|    learning_rate        | 0.0003       |
|    loss                 | 4.14         |
|    n_updates            | 115          |
|    policy_gradient_loss | 0.000656     |
|    value_loss           | 14.1         |
------------------------------------------
------------------------------------------
| rollout/                |              |
|    ep_len_mean          | 10.4         |
|    ep_rew_mean          | 3.6          |
| time/                   |              |
|    fps                  | 310          |
|    iterations           | 25           |
|    time_elapsed         | 41           |
|    total_timesteps      | 12800        |
| train/                  |              |
|    approx_kl            | 0.0012263418 |
|    clip_fraction        | 0.00977      |
|    clip_range           | 0.2          |
|    entropy_loss         | -0.206       |
|    explained_variance   | 0.365        |
|    learning_rate        | 0.0003       |
|    loss                 | 4.8          |
|    n_updates            | 120          |
|    policy_gradient_loss | -0.00647     |
|    value_loss           | 9.33         |
------------------------------------------
-------------------------------------------
| rollout/                |               |
|    ep_len_mean          | 11.3          |
|    ep_rew_mean          | 3.9           |
| time/                   |               |
|    fps                  | 310           |
|    iterations           | 26            |
|    time_elapsed         | 42            |
|    total_timesteps      | 13312         |
| train/                  |               |
|    approx_kl            | 0.00022621365 |
|    clip_fraction        | 0             |
|    clip_range           | 0.2           |
|    entropy_loss         | -0.158        |
|    explained_variance   | 0.341         |
|    learning_rate        | 0.0003        |
|    loss                 | 10.3          |
|    n_updates            | 125           |
|    policy_gradient_loss | -0.00165      |
|    value_loss           | 17.7          |
-------------------------------------------
-------------------------------------------
| rollout/                |               |
|    ep_len_mean          | 8.68          |
|    ep_rew_mean          | 2.39          |
| time/                   |               |
|    fps                  | 310           |
|    iterations           | 27            |
|    time_elapsed         | 44            |
|    total_timesteps      | 13824         |
| train/                  |               |
|    approx_kl            | 0.00072872266 |
|    clip_fraction        | 0             |
|    clip_range           | 0.2           |
|    entropy_loss         | -0.162        |
|    explained_variance   | 0.401         |
|    learning_rate        | 0.0003        |
|    loss                 | 7.13          |
|    n_updates            | 130           |
|    policy_gradient_loss | -0.00408      |
|    value_loss           | 15.2          |
-------------------------------------------
-------------------------------------------
| rollout/                |               |
|    ep_len_mean          | 8.57          |
|    ep_rew_mean          | 2.29          |
| time/                   |               |
|    fps                  | 311           |
|    iterations           | 28            |
|    time_elapsed         | 46            |
|    total_timesteps      | 14336         |
| train/                  |               |
|    approx_kl            | 0.00019572041 |
|    clip_fraction        | 0             |
|    clip_range           | 0.2           |
|    entropy_loss         | -0.202        |
|    explained_variance   | 0.36          |
|    learning_rate        | 0.0003        |
|    loss                 | 6.49          |
|    n_updates            | 135           |
|    policy_gradient_loss | -0.00233      |
|    value_loss           | 17.7          |
-------------------------------------------
------------------------------------------
| rollout/                |              |
|    ep_len_mean          | 11.1         |
|    ep_rew_mean          | 3.56         |
| time/                   |              |
|    fps                  | 311          |
|    iterations           | 29           |
|    time_elapsed         | 47           |
|    total_timesteps      | 14848        |
| train/                  |              |
|    approx_kl            | 3.081537e-05 |
|    clip_fraction        | 0            |
|    clip_range           | 0.2          |
|    entropy_loss         | -0.185       |
|    explained_variance   | 0.487        |
|    learning_rate        | 0.0003       |
|    loss                 | 5.04         |
|    n_updates            | 140          |
|    policy_gradient_loss | -0.000322    |
|    value_loss           | 14.9         |
------------------------------------------
-------------------------------------------
| rollout/                |               |
|    ep_len_mean          | 12.7          |
|    ep_rew_mean          | 3.58          |
| time/                   |               |
|    fps                  | 312           |
|    iterations           | 30            |
|    time_elapsed         | 49            |
|    total_timesteps      | 15360         |
| train/                  |               |
|    approx_kl            | 1.9000436e-05 |
|    clip_fraction        | 0             |
|    clip_range           | 0.2           |
|    entropy_loss         | -0.123        |
|    explained_variance   | 0.326         |
|    learning_rate        | 0.0003        |
|    loss                 | 7.55          |
|    n_updates            | 145           |
|    policy_gradient_loss | -4.97e-06     |
|    value_loss           | 15.4          |
-------------------------------------------
------------------------------------------
| rollout/                |              |
|    ep_len_mean          | 12.4         |
|    ep_rew_mean          | 3.15         |
| time/                   |              |
|    fps                  | 312          |
|    iterations           | 31           |
|    time_elapsed         | 50           |
|    total_timesteps      | 15872        |
| train/                  |              |
|    approx_kl            | 0.0019044336 |
|    clip_fraction        | 0.00508      |
|    clip_range           | 0.2          |
|    entropy_loss         | -0.201       |
|    explained_variance   | 0.431        |
|    learning_rate        | 0.0003       |
|    loss                 | 10.4         |
|    n_updates            | 150          |
|    policy_gradient_loss | -0.000491    |
|    value_loss           | 20.3         |
------------------------------------------
------------------------------------------
| rollout/                |              |
|    ep_len_mean          | 10.5         |
|    ep_rew_mean          | 3.42         |
| time/                   |              |
|    fps                  | 312          |
|    iterations           | 32           |
|    time_elapsed         | 52           |
|    total_timesteps      | 16384        |
| train/                  |              |
|    approx_kl            | 0.0019275728 |
|    clip_fraction        | 0.0137       |
|    clip_range           | 0.2          |
|    entropy_loss         | -0.193       |
|    explained_variance   | 0.398        |
|    learning_rate        | 0.0003       |
|    loss                 | 6.97         |
|    n_updates            | 155          |
|    policy_gradient_loss | 0.00271      |
|    value_loss           | 14.3         |
------------------------------------------
------------------------------------------
| rollout/                |              |
|    ep_len_mean          | 8.31         |
|    ep_rew_mean          | 2.05         |
| time/                   |              |
|    fps                  | 312          |
|    iterations           | 33           |
|    time_elapsed         | 54           |
|    total_timesteps      | 16896        |
| train/                  |              |
|    approx_kl            | 0.0001931077 |
|    clip_fraction        | 0            |
|    clip_range           | 0.2          |
|    entropy_loss         | -0.187       |
|    explained_variance   | 0.396        |
|    learning_rate        | 0.0003       |
|    loss                 | 7.37         |
|    n_updates            | 160          |
|    policy_gradient_loss | -0.000135    |
|    value_loss           | 13.8         |
------------------------------------------
------------------------------------------
| rollout/                |              |
|    ep_len_mean          | 9.82         |
|    ep_rew_mean          | 2.74         |
| time/                   |              |
|    fps                  | 312          |
|    iterations           | 34           |
|    time_elapsed         | 55           |
|    total_timesteps      | 17408        |
| train/                  |              |
|    approx_kl            | 0.0003342132 |
|    clip_fraction        | 0            |
|    clip_range           | 0.2          |
|    entropy_loss         | -0.212       |
|    explained_variance   | 0.41         |
|    learning_rate        | 0.0003       |
|    loss                 | 5.84         |
|    n_updates            | 165          |
|    policy_gradient_loss | -0.00139     |
|    value_loss           | 13.7         |
------------------------------------------
------------------------------------------
| rollout/                |              |
|    ep_len_mean          | 11.3         |
|    ep_rew_mean          | 3.7          |
| time/                   |              |
|    fps                  | 312          |
|    iterations           | 35           |
|    time_elapsed         | 57           |
|    total_timesteps      | 17920        |
| train/                  |              |
|    approx_kl            | 0.0002469489 |
|    clip_fraction        | 0            |
|    clip_range           | 0.2          |
|    entropy_loss         | -0.158       |
|    explained_variance   | 0.467        |
|    learning_rate        | 0.0003       |
|    loss                 | 8.65         |
|    n_updates            | 170          |
|    policy_gradient_loss | 0.00119      |
|    value_loss           | 14.4         |
------------------------------------------
------------------------------------------
| rollout/                |              |
|    ep_len_mean          | 10.5         |
|    ep_rew_mean          | 3.75         |
| time/                   |              |
|    fps                  | 312          |
|    iterations           | 36           |
|    time_elapsed         | 59           |
|    total_timesteps      | 18432        |
| train/                  |              |
|    approx_kl            | 0.0005045884 |
|    clip_fraction        | 0            |
|    clip_range           | 0.2          |
|    entropy_loss         | -0.167       |
|    explained_variance   | 0.464        |
|    learning_rate        | 0.0003       |
|    loss                 | 5.84         |
|    n_updates            | 175          |
|    policy_gradient_loss | -0.00229     |
|    value_loss           | 12.6         |
------------------------------------------
------------------------------------------
| rollout/                |              |
|    ep_len_mean          | 11.2         |
|    ep_rew_mean          | 3.85         |
| time/                   |              |
|    fps                  | 312          |
|    iterations           | 37           |
|    time_elapsed         | 60           |
|    total_timesteps      | 18944        |
| train/                  |              |
|    approx_kl            | 0.0010415684 |
|    clip_fraction        | 0.0125       |
|    clip_range           | 0.2          |
|    entropy_loss         | -0.151       |
|    explained_variance   | 0.423        |
|    learning_rate        | 0.0003       |
|    loss                 | 5.82         |
|    n_updates            | 180          |
|    policy_gradient_loss | -0.00606     |
|    value_loss           | 11.9         |
------------------------------------------
------------------------------------------
| rollout/                |              |
|    ep_len_mean          | 7.5          |
|    ep_rew_mean          | 1.28         |
| time/                   |              |
|    fps                  | 312          |
|    iterations           | 38           |
|    time_elapsed         | 62           |
|    total_timesteps      | 19456        |
| train/                  |              |
|    approx_kl            | 0.0035292208 |
|    clip_fraction        | 0.0285       |
|    clip_range           | 0.2          |
|    entropy_loss         | -0.174       |
|    explained_variance   | 0.504        |
|    learning_rate        | 0.0003       |
|    loss                 | 7.13         |
|    n_updates            | 185          |
|    policy_gradient_loss | 0.000564     |
|    value_loss           | 13.6         |
------------------------------------------
------------------------------------------
| rollout/                |              |
|    ep_len_mean          | 6.94         |
|    ep_rew_mean          | 1.84         |
| time/                   |              |
|    fps                  | 312          |
|    iterations           | 39           |
|    time_elapsed         | 63           |
|    total_timesteps      | 19968        |
| train/                  |              |
|    approx_kl            | 0.0039300164 |
|    clip_fraction        | 0.027        |
|    clip_range           | 0.2          |
|    entropy_loss         | -0.258       |
|    explained_variance   | 0.452        |
|    learning_rate        | 0.0003       |
|    loss                 | 5.64         |
|    n_updates            | 190          |
|    policy_gradient_loss | 0.00288      |
|    value_loss           | 12.3         |
------------------------------------------
------------------------------------------
| rollout/                |              |
|    ep_len_mean          | 6.73         |
|    ep_rew_mean          | 1.87         |
| time/                   |              |
|    fps                  | 312          |
|    iterations           | 40           |
|    time_elapsed         | 65           |
|    total_timesteps      | 20480        |
| train/                  |              |
|    approx_kl            | 0.0006334751 |
|    clip_fraction        | 0.00273      |
|    clip_range           | 0.2          |
|    entropy_loss         | -0.221       |
|    explained_variance   | 0.597        |
|    learning_rate        | 0.0003       |
|    loss                 | 5.98         |
|    n_updates            | 195          |
|    policy_gradient_loss | 0.00113      |
|    value_loss           | 9.34         |
------------------------------------------
-----------------------------------------
| rollout/                |             |
|    ep_len_mean          | 7.58        |
|    ep_rew_mean          | 2.29        |
| time/                   |             |
|    fps                  | 313         |
|    iterations           | 41          |
|    time_elapsed         | 67          |
|    total_timesteps      | 20992       |
| train/                  |             |
|    approx_kl            | 0.003872326 |
|    clip_fraction        | 0.0266      |
|    clip_range           | 0.2         |
|    entropy_loss         | -0.246      |
|    explained_variance   | 0.343       |
|    learning_rate        | 0.0003      |
|    loss                 | 5.47        |
|    n_updates            | 200         |
|    policy_gradient_loss | -0.00625    |
|    value_loss           | 11.2        |
-----------------------------------------
------------------------------------------
| rollout/                |              |
|    ep_len_mean          | 8.34         |
|    ep_rew_mean          | 2.5          |
| time/                   |              |
|    fps                  | 313          |
|    iterations           | 42           |
|    time_elapsed         | 68           |
|    total_timesteps      | 21504        |
| train/                  |              |
|    approx_kl            | 0.0016208603 |
|    clip_fraction        | 0.0113       |
|    clip_range           | 0.2          |
|    entropy_loss         | -0.213       |
|    explained_variance   | 0.488        |
|    learning_rate        | 0.0003       |
|    loss                 | 4.81         |
|    n_updates            | 205          |
|    policy_gradient_loss | 0.00392      |
|    value_loss           | 10.1         |
------------------------------------------
-------------------------------------------
| rollout/                |               |
|    ep_len_mean          | 7.75          |
|    ep_rew_mean          | 2.29          |
| time/                   |               |
|    fps                  | 313           |
|    iterations           | 43            |
|    time_elapsed         | 70            |
|    total_timesteps      | 22016         |
| train/                  |               |
|    approx_kl            | 0.00017979054 |
|    clip_fraction        | 0             |
|    clip_range           | 0.2           |
|    entropy_loss         | -0.247        |
|    explained_variance   | 0.575         |
|    learning_rate        | 0.0003        |
|    loss                 | 4.44          |
|    n_updates            | 210           |
|    policy_gradient_loss | -0.000536     |
|    value_loss           | 10.2          |
-------------------------------------------
------------------------------------------
| rollout/                |              |
|    ep_len_mean          | 8.03         |
|    ep_rew_mean          | 2.48         |
| time/                   |              |
|    fps                  | 314          |
|    iterations           | 44           |
|    time_elapsed         | 71           |
|    total_timesteps      | 22528        |
| train/                  |              |
|    approx_kl            | 0.0019525001 |
|    clip_fraction        | 0.0242       |
|    clip_range           | 0.2          |
|    entropy_loss         | -0.198       |
|    explained_variance   | 0.373        |
|    learning_rate        | 0.0003       |
|    loss                 | 5.66         |
|    n_updates            | 215          |
|    policy_gradient_loss | -0.00698     |
|    value_loss           | 12.1         |
------------------------------------------
-------------------------------------------
| rollout/                |               |
|    ep_len_mean          | 9.42          |
|    ep_rew_mean          | 2.98          |
| time/                   |               |
|    fps                  | 313           |
|    iterations           | 45            |
|    time_elapsed         | 73            |
|    total_timesteps      | 23040         |
| train/                  |               |
|    approx_kl            | 0.00028462254 |
|    clip_fraction        | 0             |
|    clip_range           | 0.2           |
|    entropy_loss         | -0.229        |
|    explained_variance   | 0.565         |
|    learning_rate        | 0.0003        |
|    loss                 | 4.21          |
|    n_updates            | 220           |
|    policy_gradient_loss | -0.00211      |
|    value_loss           | 8.74          |
-------------------------------------------
-------------------------------------------
| rollout/                |               |
|    ep_len_mean          | 10.4          |
|    ep_rew_mean          | 3.1           |
| time/                   |               |
|    fps                  | 314           |
|    iterations           | 46            |
|    time_elapsed         | 74            |
|    total_timesteps      | 23552         |
| train/                  |               |
|    approx_kl            | 0.00014795281 |
|    clip_fraction        | 0             |
|    clip_range           | 0.2           |
|    entropy_loss         | -0.187        |
|    explained_variance   | 0.601         |
|    learning_rate        | 0.0003        |
|    loss                 | 4.77          |
|    n_updates            | 225           |
|    policy_gradient_loss | 0.00106       |
|    value_loss           | 12            |
-------------------------------------------
-----------------------------------------
| rollout/                |             |
|    ep_len_mean          | 7.42        |
|    ep_rew_mean          | 1.93        |
| time/                   |             |
|    fps                  | 314         |
|    iterations           | 47          |
|    time_elapsed         | 76          |
|    total_timesteps      | 24064       |
| train/                  |             |
|    approx_kl            | 0.004739494 |
|    clip_fraction        | 0.0156      |
|    clip_range           | 0.2         |
|    entropy_loss         | -0.221      |
|    explained_variance   | 0.427       |
|    learning_rate        | 0.0003      |
|    loss                 | 5.13        |
|    n_updates            | 230         |
|    policy_gradient_loss | 0.00236     |
|    value_loss           | 16.1        |
-----------------------------------------
------------------------------------------
| rollout/                |              |
|    ep_len_mean          | 7.08         |
|    ep_rew_mean          | 2.12         |
| time/                   |              |
|    fps                  | 314          |
|    iterations           | 48           |
|    time_elapsed         | 78           |
|    total_timesteps      | 24576        |
| train/                  |              |
|    approx_kl            | 0.0021356437 |
|    clip_fraction        | 0.0125       |
|    clip_range           | 0.2          |
|    entropy_loss         | -0.249       |
|    explained_variance   | 0.584        |
|    learning_rate        | 0.0003       |
|    loss                 | 5.62         |
|    n_updates            | 235          |
|    policy_gradient_loss | -0.00612     |
|    value_loss           | 10.8         |
------------------------------------------
------------------------------------------
| rollout/                |              |
|    ep_len_mean          | 8.58         |
|    ep_rew_mean          | 2.61         |
| time/                   |              |
|    fps                  | 314          |
|    iterations           | 49           |
|    time_elapsed         | 79           |
|    total_timesteps      | 25088        |
| train/                  |              |
|    approx_kl            | 0.0010965308 |
|    clip_fraction        | 0.0125       |
|    clip_range           | 0.2          |
|    entropy_loss         | -0.271       |
|    explained_variance   | 0.438        |
|    learning_rate        | 0.0003       |
|    loss                 | 4.76         |
|    n_updates            | 240          |
|    policy_gradient_loss | -0.00685     |
|    value_loss           | 9.85         |
------------------------------------------
-------------------------------------------
| rollout/                |               |
|    ep_len_mean          | 10.9          |
|    ep_rew_mean          | 3.67          |
| time/                   |               |
|    fps                  | 314           |
|    iterations           | 50            |
|    time_elapsed         | 81            |
|    total_timesteps      | 25600         |
| train/                  |               |
|    approx_kl            | 0.00022551953 |
|    clip_fraction        | 0             |
|    clip_range           | 0.2           |
|    entropy_loss         | -0.176        |
|    explained_variance   | 0.527         |
|    learning_rate        | 0.0003        |
|    loss                 | 5.47          |
|    n_updates            | 245           |
|    policy_gradient_loss | -0.00304      |
|    value_loss           | 11.7          |
-------------------------------------------
-------------------------------------------
| rollout/                |               |
|    ep_len_mean          | 6.63          |
|    ep_rew_mean          | 2.04          |
| time/                   |               |
|    fps                  | 314           |
|    iterations           | 51            |
|    time_elapsed         | 83            |
|    total_timesteps      | 26112         |
| train/                  |               |
|    approx_kl            | 0.00015635998 |
|    clip_fraction        | 0.00117       |
|    clip_range           | 0.2           |
|    entropy_loss         | -0.177        |
|    explained_variance   | 0.571         |
|    learning_rate        | 0.0003        |
|    loss                 | 5.06          |
|    n_updates            | 250           |
|    policy_gradient_loss | 0.00101       |
|    value_loss           | 12.2          |
-------------------------------------------
-------------------------------------------
| rollout/                |               |
|    ep_len_mean          | 8.31          |
|    ep_rew_mean          | 2.39          |
| time/                   |               |
|    fps                  | 313           |
|    iterations           | 52            |
|    time_elapsed         | 84            |
|    total_timesteps      | 26624         |
| train/                  |               |
|    approx_kl            | 0.00027266255 |
|    clip_fraction        | 0.00703       |
|    clip_range           | 0.2           |
|    entropy_loss         | -0.215        |
|    explained_variance   | 0.578         |
|    learning_rate        | 0.0003        |
|    loss                 | 4.36          |
|    n_updates            | 255           |
|    policy_gradient_loss | -0.00373      |
|    value_loss           | 9.8           |
-------------------------------------------
------------------------------------------
| rollout/                |              |
|    ep_len_mean          | 9.72         |
|    ep_rew_mean          | 2.68         |
| time/                   |              |
|    fps                  | 314          |
|    iterations           | 53           |
|    time_elapsed         | 86           |
|    total_timesteps      | 27136        |
| train/                  |              |
|    approx_kl            | 0.0010837752 |
|    clip_fraction        | 0.00195      |
|    clip_range           | 0.2          |
|    entropy_loss         | -0.153       |
|    explained_variance   | 0.576        |
|    learning_rate        | 0.0003       |
|    loss                 | 5.61         |
|    n_updates            | 260          |
|    policy_gradient_loss | -0.00354     |
|    value_loss           | 13.1         |
------------------------------------------
------------------------------------------
| rollout/                |              |
|    ep_len_mean          | 9.66         |
|    ep_rew_mean          | 2.95         |
| time/                   |              |
|    fps                  | 314          |
|    iterations           | 54           |
|    time_elapsed         | 87           |
|    total_timesteps      | 27648        |
| train/                  |              |
|    approx_kl            | 0.0011457475 |
|    clip_fraction        | 0.00859      |
|    clip_range           | 0.2          |
|    entropy_loss         | -0.207       |
|    explained_variance   | 0.554        |
|    learning_rate        | 0.0003       |
|    loss                 | 3.03         |
|    n_updates            | 265          |
|    policy_gradient_loss | 0.0029       |
|    value_loss           | 10.6         |
------------------------------------------
------------------------------------------
| rollout/                |              |
|    ep_len_mean          | 7.91         |
|    ep_rew_mean          | 2.39         |
| time/                   |              |
|    fps                  | 314          |
|    iterations           | 55           |
|    time_elapsed         | 89           |
|    total_timesteps      | 28160        |
| train/                  |              |
|    approx_kl            | 0.0013908143 |
|    clip_fraction        | 0.00469      |
|    clip_range           | 0.2          |
|    entropy_loss         | -0.173       |
|    explained_variance   | 0.457        |
|    learning_rate        | 0.0003       |
|    loss                 | 5.42         |
|    n_updates            | 270          |
|    policy_gradient_loss | -0.00306     |
|    value_loss           | 15.6         |
------------------------------------------
------------------------------------------
| rollout/                |              |
|    ep_len_mean          | 7.81         |
|    ep_rew_mean          | 2.19         |
| time/                   |              |
|    fps                  | 315          |
|    iterations           | 56           |
|    time_elapsed         | 90           |
|    total_timesteps      | 28672        |
| train/                  |              |
|    approx_kl            | 0.0005526637 |
|    clip_fraction        | 0.00273      |
|    clip_range           | 0.2          |
|    entropy_loss         | -0.226       |
|    explained_variance   | 0.599        |
|    learning_rate        | 0.0003       |
|    loss                 | 7            |
|    n_updates            | 275          |
|    policy_gradient_loss | 0.00203      |
|    value_loss           | 8.55         |
------------------------------------------
------------------------------------------
| rollout/                |              |
|    ep_len_mean          | 6.32         |
|    ep_rew_mean          | 1.51         |
| time/                   |              |
|    fps                  | 315          |
|    iterations           | 57           |
|    time_elapsed         | 92           |
|    total_timesteps      | 29184        |
| train/                  |              |
|    approx_kl            | 0.0043416563 |
|    clip_fraction        | 0.0129       |
|    clip_range           | 0.2          |
|    entropy_loss         | -0.212       |
|    explained_variance   | 0.602        |
|    learning_rate        | 0.0003       |
|    loss                 | 6.28         |
|    n_updates            | 280          |
|    policy_gradient_loss | 0.00378      |
|    value_loss           | 11.9         |
------------------------------------------
-------------------------------------------
| rollout/                |               |
|    ep_len_mean          | 6.72          |
|    ep_rew_mean          | 1.62          |
| time/                   |               |
|    fps                  | 315           |
|    iterations           | 58            |
|    time_elapsed         | 94            |
|    total_timesteps      | 29696         |
| train/                  |               |
|    approx_kl            | 0.00060202007 |
|    clip_fraction        | 0.000391      |
|    clip_range           | 0.2           |
|    entropy_loss         | -0.302        |
|    explained_variance   | 0.506         |
|    learning_rate        | 0.0003        |
|    loss                 | 3.57          |
|    n_updates            | 285           |
|    policy_gradient_loss | 0.000854      |
|    value_loss           | 12.2          |
-------------------------------------------
------------------------------------------
| rollout/                |              |
|    ep_len_mean          | 8.15         |
|    ep_rew_mean          | 2.44         |
| time/                   |              |
|    fps                  | 315          |
|    iterations           | 59           |
|    time_elapsed         | 95           |
|    total_timesteps      | 30208        |
| train/                  |              |
|    approx_kl            | 0.0025383155 |
|    clip_fraction        | 0.00469      |
|    clip_range           | 0.2          |
|    entropy_loss         | -0.251       |
|    explained_variance   | 0.599        |
|    learning_rate        | 0.0003       |
|    loss                 | 6.92         |
|    n_updates            | 290          |
|    policy_gradient_loss | -0.00211     |
|    value_loss           | 13.8         |
------------------------------------------
------------------------------------------
| rollout/                |              |
|    ep_len_mean          | 9.79         |
|    ep_rew_mean          | 3.62         |
| time/                   |              |
|    fps                  | 315          |
|    iterations           | 60           |
|    time_elapsed         | 97           |
|    total_timesteps      | 30720        |
| train/                  |              |
|    approx_kl            | 0.0010315366 |
|    clip_fraction        | 0.0199       |
|    clip_range           | 0.2          |
|    entropy_loss         | -0.205       |
|    explained_variance   | 0.488        |
|    learning_rate        | 0.0003       |
|    loss                 | 4.68         |
|    n_updates            | 295          |
|    policy_gradient_loss | -0.00761     |
|    value_loss           | 11.7         |
------------------------------------------
------------------------------------------
| rollout/                |              |
|    ep_len_mean          | 11.7         |
|    ep_rew_mean          | 4.54         |
| time/                   |              |
|    fps                  | 315          |
|    iterations           | 61           |
|    time_elapsed         | 98           |
|    total_timesteps      | 31232        |
| train/                  |              |
|    approx_kl            | 0.0012541681 |
|    clip_fraction        | 0.0172       |
|    clip_range           | 0.2          |
|    entropy_loss         | -0.14        |
|    explained_variance   | 0.582        |
|    learning_rate        | 0.0003       |
|    loss                 | 4.5          |
|    n_updates            | 300          |
|    policy_gradient_loss | -0.00743     |
|    value_loss           | 9.6          |
------------------------------------------
------------------------------------------
| rollout/                |              |
|    ep_len_mean          | 12.1         |
|    ep_rew_mean          | 4.79         |
| time/                   |              |
|    fps                  | 315          |
|    iterations           | 62           |
|    time_elapsed         | 100          |
|    total_timesteps      | 31744        |
| train/                  |              |
|    approx_kl            | 0.0013972034 |
|    clip_fraction        | 0.0137       |
|    clip_range           | 0.2          |
|    entropy_loss         | -0.138       |
|    explained_variance   | 0.515        |
|    learning_rate        | 0.0003       |
|    loss                 | 5.11         |
|    n_updates            | 305          |
|    policy_gradient_loss | -0.00645     |
|    value_loss           | 11.6         |
------------------------------------------
------------------------------------------
| rollout/                |              |
|    ep_len_mean          | 9.91         |
|    ep_rew_mean          | 3.5          |
| time/                   |              |
|    fps                  | 315          |
|    iterations           | 63           |
|    time_elapsed         | 102          |
|    total_timesteps      | 32256        |
| train/                  |              |
|    approx_kl            | 0.0002946775 |
|    clip_fraction        | 0.0082       |
|    clip_range           | 0.2          |
|    entropy_loss         | -0.126       |
|    explained_variance   | 0.628        |
|    learning_rate        | 0.0003       |
|    loss                 | 4.7          |
|    n_updates            | 310          |
|    policy_gradient_loss | -0.00479     |
|    value_loss           | 10.6         |
------------------------------------------
------------------------------------------
| rollout/                |              |
|    ep_len_mean          | 8.74         |
|    ep_rew_mean          | 2.46         |
| time/                   |              |
|    fps                  | 315          |
|    iterations           | 64           |
|    time_elapsed         | 103          |
|    total_timesteps      | 32768        |
| train/                  |              |
|    approx_kl            | 0.0013241583 |
|    clip_fraction        | 0            |
|    clip_range           | 0.2          |
|    entropy_loss         | -0.202       |
|    explained_variance   | 0.558        |
|    learning_rate        | 0.0003       |
|    loss                 | 3.2          |
|    n_updates            | 315          |
|    policy_gradient_loss | -0.00367     |
|    value_loss           | 11.5         |
------------------------------------------
------------------------------------------
| rollout/                |              |
|    ep_len_mean          | 8.95         |
|    ep_rew_mean          | 2.44         |
| time/                   |              |
|    fps                  | 315          |
|    iterations           | 65           |
|    time_elapsed         | 105          |
|    total_timesteps      | 33280        |
| train/                  |              |
|    approx_kl            | 0.0035727974 |
|    clip_fraction        | 0.0191       |
|    clip_range           | 0.2          |
|    entropy_loss         | -0.183       |
|    explained_variance   | 0.604        |
|    learning_rate        | 0.0003       |
|    loss                 | 6.4          |
|    n_updates            | 320          |
|    policy_gradient_loss | 0.00176      |
|    value_loss           | 13.7         |
------------------------------------------
------------------------------------------
| rollout/                |              |
|    ep_len_mean          | 8.78         |
|    ep_rew_mean          | 2.83         |
| time/                   |              |
|    fps                  | 315          |
|    iterations           | 66           |
|    time_elapsed         | 107          |
|    total_timesteps      | 33792        |
| train/                  |              |
|    approx_kl            | 5.932001e-06 |
|    clip_fraction        | 0            |
|    clip_range           | 0.2          |
|    entropy_loss         | -0.187       |
|    explained_variance   | 0.622        |
|    learning_rate        | 0.0003       |
|    loss                 | 7.75         |
|    n_updates            | 325          |
|    policy_gradient_loss | 4.33e-05     |
|    value_loss           | 15.6         |
------------------------------------------
------------------------------------------
| rollout/                |              |
|    ep_len_mean          | 8.51         |
|    ep_rew_mean          | 2.64         |
| time/                   |              |
|    fps                  | 315          |
|    iterations           | 67           |
|    time_elapsed         | 108          |
|    total_timesteps      | 34304        |
| train/                  |              |
|    approx_kl            | 0.0030453382 |
|    clip_fraction        | 0.0453       |
|    clip_range           | 0.2          |
|    entropy_loss         | -0.183       |
|    explained_variance   | 0.312        |
|    learning_rate        | 0.0003       |
|    loss                 | 5.64         |
|    n_updates            | 330          |
|    policy_gradient_loss | -0.0106      |
|    value_loss           | 15.3         |
------------------------------------------
-----------------------------------------
| rollout/                |             |
|    ep_len_mean          | 9.52        |
|    ep_rew_mean          | 2.88        |
| time/                   |             |
|    fps                  | 315         |
|    iterations           | 68          |
|    time_elapsed         | 110         |
|    total_timesteps      | 34816       |
| train/                  |             |
|    approx_kl            | 0.002309877 |
|    clip_fraction        | 0.00625     |
|    clip_range           | 0.2         |
|    entropy_loss         | -0.184      |
|    explained_variance   | 0.561       |
|    learning_rate        | 0.0003      |
|    loss                 | 5.71        |
|    n_updates            | 335         |
|    policy_gradient_loss | 0.00111     |
|    value_loss           | 10.6        |
-----------------------------------------
------------------------------------------
| rollout/                |              |
|    ep_len_mean          | 10.6         |
|    ep_rew_mean          | 3.14         |
| time/                   |              |
|    fps                  | 315          |
|    iterations           | 69           |
|    time_elapsed         | 111          |
|    total_timesteps      | 35328        |
| train/                  |              |
|    approx_kl            | 0.0021136147 |
|    clip_fraction        | 0.0133       |
|    clip_range           | 0.2          |
|    entropy_loss         | -0.17        |
|    explained_variance   | 0.559        |
|    learning_rate        | 0.0003       |
|    loss                 | 6.28         |
|    n_updates            | 340          |
|    policy_gradient_loss | -0.00492     |
|    value_loss           | 12           |
------------------------------------------
------------------------------------------
| rollout/                |              |
|    ep_len_mean          | 11.8         |
|    ep_rew_mean          | 3.52         |
| time/                   |              |
|    fps                  | 315          |
|    iterations           | 70           |
|    time_elapsed         | 113          |
|    total_timesteps      | 35840        |
| train/                  |              |
|    approx_kl            | 0.0015296972 |
|    clip_fraction        | 0.0102       |
|    clip_range           | 0.2          |
|    entropy_loss         | -0.132       |
|    explained_variance   | 0.538        |
|    learning_rate        | 0.0003       |
|    loss                 | 5.73         |
|    n_updates            | 345          |
|    policy_gradient_loss | -0.00397     |
|    value_loss           | 16           |
------------------------------------------
-----------------------------------------
| rollout/                |             |
|    ep_len_mean          | 11.4        |
|    ep_rew_mean          | 3.58        |
| time/                   |             |
|    fps                  | 315         |
|    iterations           | 71          |
|    time_elapsed         | 115         |
|    total_timesteps      | 36352       |
| train/                  |             |
|    approx_kl            | 0.009977394 |
|    clip_fraction        | 0.0551      |
|    clip_range           | 0.2         |
|    entropy_loss         | -0.188      |
|    explained_variance   | 0.576       |
|    learning_rate        | 0.0003      |
|    loss                 | 9.27        |
|    n_updates            | 350         |
|    policy_gradient_loss | 0.00287     |
|    value_loss           | 11.4        |
-----------------------------------------
-------------------------------------------
| rollout/                |               |
|    ep_len_mean          | 10.5          |
|    ep_rew_mean          | 3.65          |
| time/                   |               |
|    fps                  | 315           |
|    iterations           | 72            |
|    time_elapsed         | 116           |
|    total_timesteps      | 36864         |
| train/                  |               |
|    approx_kl            | 6.0855295e-05 |
|    clip_fraction        | 0             |
|    clip_range           | 0.2           |
|    entropy_loss         | -0.201        |
|    explained_variance   | 0.496         |
|    learning_rate        | 0.0003        |
|    loss                 | 3.86          |
|    n_updates            | 355           |
|    policy_gradient_loss | 0.00197       |
|    value_loss           | 12.3          |
-------------------------------------------
-----------------------------------------
| rollout/                |             |
|    ep_len_mean          | 9.97        |
|    ep_rew_mean          | 3.59        |
| time/                   |             |
|    fps                  | 315         |
|    iterations           | 73          |
|    time_elapsed         | 118         |
|    total_timesteps      | 37376       |
| train/                  |             |
|    approx_kl            | 0.000451946 |
|    clip_fraction        | 0           |
|    clip_range           | 0.2         |
|    entropy_loss         | -0.17       |
|    explained_variance   | 0.64        |
|    learning_rate        | 0.0003      |
|    loss                 | 6.29        |
|    n_updates            | 360         |
|    policy_gradient_loss | -0.000591   |
|    value_loss           | 13          |
-----------------------------------------
------------------------------------------
| rollout/                |              |
|    ep_len_mean          | 9.09         |
|    ep_rew_mean          | 2.87         |
| time/                   |              |
|    fps                  | 315          |
|    iterations           | 74           |
|    time_elapsed         | 120          |
|    total_timesteps      | 37888        |
| train/                  |              |
|    approx_kl            | 0.0013188394 |
|    clip_fraction        | 0.0168       |
|    clip_range           | 0.2          |
|    entropy_loss         | -0.185       |
|    explained_variance   | 0.535        |
|    learning_rate        | 0.0003       |
|    loss                 | 7.47         |
|    n_updates            | 365          |
|    policy_gradient_loss | -0.00827     |
|    value_loss           | 15.2         |
------------------------------------------
-------------------------------------------
| rollout/                |               |
|    ep_len_mean          | 9.61          |
|    ep_rew_mean          | 2.79          |
| time/                   |               |
|    fps                  | 315           |
|    iterations           | 75            |
|    time_elapsed         | 121           |
|    total_timesteps      | 38400         |
| train/                  |               |
|    approx_kl            | 0.00021109637 |
|    clip_fraction        | 0.00547       |
|    clip_range           | 0.2           |
|    entropy_loss         | -0.216        |
|    explained_variance   | 0.585         |
|    learning_rate        | 0.0003        |
|    loss                 | 6.41          |
|    n_updates            | 370           |
|    policy_gradient_loss | -0.00271      |
|    value_loss           | 10.1          |
-------------------------------------------
-----------------------------------------
| rollout/                |             |
|    ep_len_mean          | 9.31        |
|    ep_rew_mean          | 3.58        |
| time/                   |             |
|    fps                  | 315         |
|    iterations           | 76          |
|    time_elapsed         | 123         |
|    total_timesteps      | 38912       |
| train/                  |             |
|    approx_kl            | 0.005383686 |
|    clip_fraction        | 0.0168      |
|    clip_range           | 0.2         |
|    entropy_loss         | -0.206      |
|    explained_variance   | 0.546       |
|    learning_rate        | 0.0003      |
|    loss                 | 5.9         |
|    n_updates            | 375         |
|    policy_gradient_loss | 0.00404     |
|    value_loss           | 15.5        |
-----------------------------------------
------------------------------------------
| rollout/                |              |
|    ep_len_mean          | 8.8          |
|    ep_rew_mean          | 3.17         |
| time/                   |              |
|    fps                  | 315          |
|    iterations           | 77           |
|    time_elapsed         | 124          |
|    total_timesteps      | 39424        |
| train/                  |              |
|    approx_kl            | 0.0026785852 |
|    clip_fraction        | 0.0293       |
|    clip_range           | 0.2          |
|    entropy_loss         | -0.169       |
|    explained_variance   | 0.622        |
|    learning_rate        | 0.0003       |
|    loss                 | 5.36         |
|    n_updates            | 380          |
|    policy_gradient_loss | -0.00766     |
|    value_loss           | 10.3         |
------------------------------------------
------------------------------------------
| rollout/                |              |
|    ep_len_mean          | 9.12         |
|    ep_rew_mean          | 3.39         |
| time/                   |              |
|    fps                  | 315          |
|    iterations           | 78           |
|    time_elapsed         | 126          |
|    total_timesteps      | 39936        |
| train/                  |              |
|    approx_kl            | 0.0010026346 |
|    clip_fraction        | 0.0121       |
|    clip_range           | 0.2          |
|    entropy_loss         | -0.211       |
|    explained_variance   | 0.599        |
|    learning_rate        | 0.0003       |
|    loss                 | 4.16         |
|    n_updates            | 385          |
|    policy_gradient_loss | -0.00563     |
|    value_loss           | 12           |
------------------------------------------
------------------------------------------
| rollout/                |              |
|    ep_len_mean          | 8.22         |
|    ep_rew_mean          | 2.67         |
| time/                   |              |
|    fps                  | 315          |
|    iterations           | 79           |
|    time_elapsed         | 128          |
|    total_timesteps      | 40448        |
| train/                  |              |
|    approx_kl            | 0.0015794749 |
|    clip_fraction        | 0.0137       |
|    clip_range           | 0.2          |
|    entropy_loss         | -0.177       |
|    explained_variance   | 0.348        |
|    learning_rate        | 0.0003       |
|    loss                 | 6.78         |
|    n_updates            | 390          |
|    policy_gradient_loss | -0.00695     |
|    value_loss           | 14.2         |
------------------------------------------
-----------------------------------------
| rollout/                |             |
|    ep_len_mean          | 10.3        |
|    ep_rew_mean          | 3.38        |
| time/                   |             |
|    fps                  | 315         |
|    iterations           | 80          |
|    time_elapsed         | 129         |
|    total_timesteps      | 40960       |
| train/                  |             |
|    approx_kl            | 0.001233686 |
|    clip_fraction        | 0.0043      |
|    clip_range           | 0.2         |
|    entropy_loss         | -0.181      |
|    explained_variance   | 0.55        |
|    learning_rate        | 0.0003      |
|    loss                 | 3.24        |
|    n_updates            | 395         |
|    policy_gradient_loss | -0.00283    |
|    value_loss           | 9.98        |
-----------------------------------------
-------------------------------------------
| rollout/                |               |
|    ep_len_mean          | 11.7          |
|    ep_rew_mean          | 4.12          |
| time/                   |               |
|    fps                  | 315           |
|    iterations           | 81            |
|    time_elapsed         | 131           |
|    total_timesteps      | 41472         |
| train/                  |               |
|    approx_kl            | 0.00074719737 |
|    clip_fraction        | 0.00508       |
|    clip_range           | 0.2           |
|    entropy_loss         | -0.15         |
|    explained_variance   | 0.462         |
|    learning_rate        | 0.0003        |
|    loss                 | 5.22          |
|    n_updates            | 400           |
|    policy_gradient_loss | -0.00373      |
|    value_loss           | 12            |
-------------------------------------------
------------------------------------------
| rollout/                |              |
|    ep_len_mean          | 12.7         |
|    ep_rew_mean          | 4.71         |
| time/                   |              |
|    fps                  | 315          |
|    iterations           | 82           |
|    time_elapsed         | 132          |
|    total_timesteps      | 41984        |
| train/                  |              |
|    approx_kl            | 0.0014466487 |
|    clip_fraction        | 0.00313      |
|    clip_range           | 0.2          |
|    entropy_loss         | -0.119       |
|    explained_variance   | 0.573        |
|    learning_rate        | 0.0003       |
|    loss                 | 5.2          |
|    n_updates            | 405          |
|    policy_gradient_loss | -0.00278     |
|    value_loss           | 13.2         |
------------------------------------------
------------------------------------------
| rollout/                |              |
|    ep_len_mean          | 15           |
|    ep_rew_mean          | 5.33         |
| time/                   |              |
|    fps                  | 315          |
|    iterations           | 83           |
|    time_elapsed         | 134          |
|    total_timesteps      | 42496        |
| train/                  |              |
|    approx_kl            | 0.0006346761 |
|    clip_fraction        | 0.00234      |
|    clip_range           | 0.2          |
|    entropy_loss         | -0.125       |
|    explained_variance   | 0.536        |
|    learning_rate        | 0.0003       |
|    loss                 | 6.47         |
|    n_updates            | 410          |
|    policy_gradient_loss | -0.00107     |
|    value_loss           | 13           |
------------------------------------------
------------------------------------------
| rollout/                |              |
|    ep_len_mean          | 16.2         |
|    ep_rew_mean          | 5.88         |
| time/                   |              |
|    fps                  | 315          |
|    iterations           | 84           |
|    time_elapsed         | 136          |
|    total_timesteps      | 43008        |
| train/                  |              |
|    approx_kl            | 9.529275e-05 |
|    clip_fraction        | 0.000781     |
|    clip_range           | 0.2          |
|    entropy_loss         | -0.122       |
|    explained_variance   | 0.585        |
|    learning_rate        | 0.0003       |
|    loss                 | 5.5          |
|    n_updates            | 415          |
|    policy_gradient_loss | -2.07e-05    |
|    value_loss           | 12.4         |
------------------------------------------
------------------------------------------
| rollout/                |              |
|    ep_len_mean          | 18.1         |
|    ep_rew_mean          | 6.96         |
| time/                   |              |
|    fps                  | 315          |
|    iterations           | 85           |
|    time_elapsed         | 137          |
|    total_timesteps      | 43520        |
| train/                  |              |
|    approx_kl            | 0.0011691249 |
|    clip_fraction        | 0.0203       |
|    clip_range           | 0.2          |
|    entropy_loss         | -0.0785      |
|    explained_variance   | 0.552        |
|    learning_rate        | 0.0003       |
|    loss                 | 3.06         |
|    n_updates            | 420          |
|    policy_gradient_loss | -0.0058      |
|    value_loss           | 8.72         |
------------------------------------------
------------------------------------------
| rollout/                |              |
|    ep_len_mean          | 18.5         |
|    ep_rew_mean          | 6.55         |
| time/                   |              |
|    fps                  | 315          |
|    iterations           | 86           |
|    time_elapsed         | 139          |
|    total_timesteps      | 44032        |
| train/                  |              |
|    approx_kl            | 0.0038038795 |
|    clip_fraction        | 0.0176       |
|    clip_range           | 0.2          |
|    entropy_loss         | -0.0583      |
|    explained_variance   | 0.416        |
|    learning_rate        | 0.0003       |
|    loss                 | 6.61         |
|    n_updates            | 425          |
|    policy_gradient_loss | -0.0097      |
|    value_loss           | 14.6         |
------------------------------------------
-------------------------------------------
| rollout/                |               |
|    ep_len_mean          | 20.1          |
|    ep_rew_mean          | 7.33          |
| time/                   |               |
|    fps                  | 315           |
|    iterations           | 87            |
|    time_elapsed         | 141           |
|    total_timesteps      | 44544         |
| train/                  |               |
|    approx_kl            | 0.00023275526 |
|    clip_fraction        | 0             |
|    clip_range           | 0.2           |
|    entropy_loss         | -0.0915       |
|    explained_variance   | 0.415         |
|    learning_rate        | 0.0003        |
|    loss                 | 7.21          |
|    n_updates            | 430           |
|    policy_gradient_loss | -0.00112      |
|    value_loss           | 15.4          |
-------------------------------------------
-------------------------------------------
| rollout/                |               |
|    ep_len_mean          | 19.1          |
|    ep_rew_mean          | 6.29          |
| time/                   |               |
|    fps                  | 315           |
|    iterations           | 88            |
|    time_elapsed         | 142           |
|    total_timesteps      | 45056         |
| train/                  |               |
|    approx_kl            | 0.00036064506 |
|    clip_fraction        | 0.00156       |
|    clip_range           | 0.2           |
|    entropy_loss         | -0.0589       |
|    explained_variance   | 0.559         |
|    learning_rate        | 0.0003        |
|    loss                 | 7.06          |
|    n_updates            | 435           |
|    policy_gradient_loss | 0.000619      |
|    value_loss           | 12.2          |
-------------------------------------------
------------------------------------------
| rollout/                |              |
|    ep_len_mean          | 16.8         |
|    ep_rew_mean          | 4.64         |
| time/                   |              |
|    fps                  | 315          |
|    iterations           | 89           |
|    time_elapsed         | 144          |
|    total_timesteps      | 45568        |
| train/                  |              |
|    approx_kl            | 0.0010250963 |
|    clip_fraction        | 0.00664      |
|    clip_range           | 0.2          |
|    entropy_loss         | -0.11        |
|    explained_variance   | 0.494        |
|    learning_rate        | 0.0003       |
|    loss                 | 6.24         |
|    n_updates            | 440          |
|    policy_gradient_loss | 0.00271      |
|    value_loss           | 14.1         |
------------------------------------------
-------------------------------------------
| rollout/                |               |
|    ep_len_mean          | 18.5          |
|    ep_rew_mean          | 5.47          |
| time/                   |               |
|    fps                  | 314           |
|    iterations           | 90            |
|    time_elapsed         | 146           |
|    total_timesteps      | 46080         |
| train/                  |               |
|    approx_kl            | 0.00014454918 |
|    clip_fraction        | 0             |
|    clip_range           | 0.2           |
|    entropy_loss         | -0.154        |
|    explained_variance   | 0.531         |
|    learning_rate        | 0.0003        |
|    loss                 | 4.98          |
|    n_updates            | 445           |
|    policy_gradient_loss | 0.000494      |
|    value_loss           | 14.2          |
-------------------------------------------
-------------------------------------------
| rollout/                |               |
|    ep_len_mean          | 17.7          |
|    ep_rew_mean          | 5.56          |
| time/                   |               |
|    fps                  | 314           |
|    iterations           | 91            |
|    time_elapsed         | 148           |
|    total_timesteps      | 46592         |
| train/                  |               |
|    approx_kl            | 0.00069184916 |
|    clip_fraction        | 0.00195       |
|    clip_range           | 0.2           |
|    entropy_loss         | -0.118        |
|    explained_variance   | 0.605         |
|    learning_rate        | 0.0003        |
|    loss                 | 5.98          |
|    n_updates            | 450           |
|    policy_gradient_loss | 0.000462      |
|    value_loss           | 11.8          |
-------------------------------------------
-------------------------------------------
| rollout/                |               |
|    ep_len_mean          | 17.1          |
|    ep_rew_mean          | 5.03          |
| time/                   |               |
|    fps                  | 314           |
|    iterations           | 92            |
|    time_elapsed         | 149           |
|    total_timesteps      | 47104         |
| train/                  |               |
|    approx_kl            | 0.00042846845 |
|    clip_fraction        | 0             |
|    clip_range           | 0.2           |
|    entropy_loss         | -0.11         |
|    explained_variance   | 0.443         |
|    learning_rate        | 0.0003        |
|    loss                 | 6.89          |
|    n_updates            | 455           |
|    policy_gradient_loss | -0.000475     |
|    value_loss           | 14.1          |
-------------------------------------------
-----------------------------------------
| rollout/                |             |
|    ep_len_mean          | 14.9        |
|    ep_rew_mean          | 4.49        |
| time/                   |             |
|    fps                  | 313         |
|    iterations           | 93          |
|    time_elapsed         | 151         |
|    total_timesteps      | 47616       |
| train/                  |             |
|    approx_kl            | 0.004212921 |
|    clip_fraction        | 0.018       |
|    clip_range           | 0.2         |
|    entropy_loss         | -0.19       |
|    explained_variance   | 0.433       |
|    learning_rate        | 0.0003      |
|    loss                 | 8.72        |
|    n_updates            | 460         |
|    policy_gradient_loss | 0.00274     |
|    value_loss           | 16.3        |
-----------------------------------------
-----------------------------------------
| rollout/                |             |
|    ep_len_mean          | 13          |
|    ep_rew_mean          | 4.07        |
| time/                   |             |
|    fps                  | 313         |
|    iterations           | 94          |
|    time_elapsed         | 153         |
|    total_timesteps      | 48128       |
| train/                  |             |
|    approx_kl            | 0.008881794 |
|    clip_fraction        | 0.0387      |
|    clip_range           | 0.2         |
|    entropy_loss         | -0.198      |
|    explained_variance   | 0.521       |
|    learning_rate        | 0.0003      |
|    loss                 | 2.79        |
|    n_updates            | 465         |
|    policy_gradient_loss | 0.00149     |
|    value_loss           | 10.8        |
-----------------------------------------
------------------------------------------
| rollout/                |              |
|    ep_len_mean          | 11.5         |
|    ep_rew_mean          | 4.11         |
| time/                   |              |
|    fps                  | 313          |
|    iterations           | 95           |
|    time_elapsed         | 155          |
|    total_timesteps      | 48640        |
| train/                  |              |
|    approx_kl            | 0.0025403511 |
|    clip_fraction        | 0.0332       |
|    clip_range           | 0.2          |
|    entropy_loss         | -0.202       |
|    explained_variance   | 0.577        |
|    learning_rate        | 0.0003       |
|    loss                 | 4.19         |
|    n_updates            | 470          |
|    policy_gradient_loss | -0.000416    |
|    value_loss           | 9.69         |
------------------------------------------
------------------------------------------
| rollout/                |              |
|    ep_len_mean          | 8.43         |
|    ep_rew_mean          | 2.54         |
| time/                   |              |
|    fps                  | 313          |
|    iterations           | 96           |
|    time_elapsed         | 156          |
|    total_timesteps      | 49152        |
| train/                  |              |
|    approx_kl            | 0.0012835733 |
|    clip_fraction        | 0.0129       |
|    clip_range           | 0.2          |
|    entropy_loss         | -0.168       |
|    explained_variance   | 0.477        |
|    learning_rate        | 0.0003       |
|    loss                 | 10.2         |
|    n_updates            | 475          |
|    policy_gradient_loss | -0.00676     |
|    value_loss           | 14.5         |
------------------------------------------
-------------------------------------------
| rollout/                |               |
|    ep_len_mean          | 8.83          |
|    ep_rew_mean          | 2.46          |
| time/                   |               |
|    fps                  | 313           |
|    iterations           | 97            |
|    time_elapsed         | 158           |
|    total_timesteps      | 49664         |
| train/                  |               |
|    approx_kl            | 0.00025455764 |
|    clip_fraction        | 0             |
|    clip_range           | 0.2           |
|    entropy_loss         | -0.231        |
|    explained_variance   | 0.561         |
|    learning_rate        | 0.0003        |
|    loss                 | 5.84          |
|    n_updates            | 480           |
|    policy_gradient_loss | -0.00214      |
|    value_loss           | 12.2          |
-------------------------------------------
------------------------------------------
| rollout/                |              |
|    ep_len_mean          | 9.82         |
|    ep_rew_mean          | 3.15         |
| time/                   |              |
|    fps                  | 313          |
|    iterations           | 98           |
|    time_elapsed         | 159          |
|    total_timesteps      | 50176        |
| train/                  |              |
|    approx_kl            | 0.0034531252 |
|    clip_fraction        | 0.0234       |
|    clip_range           | 0.2          |
|    entropy_loss         | -0.191       |
|    explained_variance   | 0.598        |
|    learning_rate        | 0.0003       |
|    loss                 | 8.09         |
|    n_updates            | 485          |
|    policy_gradient_loss | 0.00465      |
|    value_loss           | 12           |
------------------------------------------
------------------------------------------
| rollout/                |              |
|    ep_len_mean          | 9.01         |
|    ep_rew_mean          | 3.07         |
| time/                   |              |
|    fps                  | 313          |
|    iterations           | 99           |
|    time_elapsed         | 161          |
|    total_timesteps      | 50688        |
| train/                  |              |
|    approx_kl            | 0.0016541204 |
|    clip_fraction        | 0.0129       |
|    clip_range           | 0.2          |
|    entropy_loss         | -0.212       |
|    explained_variance   | 0.5          |
|    learning_rate        | 0.0003       |
|    loss                 | 4.79         |
|    n_updates            | 490          |
|    policy_gradient_loss | -0.00718     |
|    value_loss           | 10.2         |
------------------------------------------
------------------------------------------
| rollout/                |              |
|    ep_len_mean          | 9.52         |
|    ep_rew_mean          | 3.44         |
| time/                   |              |
|    fps                  | 313          |
|    iterations           | 100          |
|    time_elapsed         | 163          |
|    total_timesteps      | 51200        |
| train/                  |              |
|    approx_kl            | 0.0021283373 |
|    clip_fraction        | 0.0324       |
|    clip_range           | 0.2          |
|    entropy_loss         | -0.16        |
|    explained_variance   | 0.597        |
|    learning_rate        | 0.0003       |
|    loss                 | 4.2          |
|    n_updates            | 495          |
|    policy_gradient_loss | -0.0111      |
|    value_loss           | 10.7         |
------------------------------------------
-------------------------------------------
| rollout/                |               |
|    ep_len_mean          | 10.2          |
|    ep_rew_mean          | 3.69          |
| time/                   |               |
|    fps                  | 313           |
|    iterations           | 101           |
|    time_elapsed         | 164           |
|    total_timesteps      | 51712         |
| train/                  |               |
|    approx_kl            | 0.00047332462 |
|    clip_fraction        | 0.00352       |
|    clip_range           | 0.2           |
|    entropy_loss         | -0.154        |
|    explained_variance   | 0.672         |
|    learning_rate        | 0.0003        |
|    loss                 | 3.42          |
|    n_updates            | 500           |
|    policy_gradient_loss | -0.00395      |
|    value_loss           | 9.65          |
-------------------------------------------
------------------------------------------
| rollout/                |              |
|    ep_len_mean          | 10.6         |
|    ep_rew_mean          | 3.88         |
| time/                   |              |
|    fps                  | 314          |
|    iterations           | 102          |
|    time_elapsed         | 166          |
|    total_timesteps      | 52224        |
| train/                  |              |
|    approx_kl            | 0.0025935613 |
|    clip_fraction        | 0.0375       |
|    clip_range           | 0.2          |
|    entropy_loss         | -0.152       |
|    explained_variance   | 0.596        |
|    learning_rate        | 0.0003       |
|    loss                 | 5.8          |
|    n_updates            | 505          |
|    policy_gradient_loss | -0.00921     |
|    value_loss           | 12.5         |
------------------------------------------
------------------------------------------
| rollout/                |              |
|    ep_len_mean          | 12.4         |
|    ep_rew_mean          | 4.5          |
| time/                   |              |
|    fps                  | 314          |
|    iterations           | 103          |
|    time_elapsed         | 167          |
|    total_timesteps      | 52736        |
| train/                  |              |
|    approx_kl            | 0.0013006143 |
|    clip_fraction        | 0.0125       |
|    clip_range           | 0.2          |
|    entropy_loss         | -0.153       |
|    explained_variance   | 0.583        |
|    learning_rate        | 0.0003       |
|    loss                 | 5.92         |
|    n_updates            | 510          |
|    policy_gradient_loss | -0.00727     |
|    value_loss           | 11.3         |
------------------------------------------
-------------------------------------------
| rollout/                |               |
|    ep_len_mean          | 11.9          |
|    ep_rew_mean          | 4.11          |
| time/                   |               |
|    fps                  | 314           |
|    iterations           | 104           |
|    time_elapsed         | 169           |
|    total_timesteps      | 53248         |
| train/                  |               |
|    approx_kl            | 0.00011982181 |
|    clip_fraction        | 0.000391      |
|    clip_range           | 0.2           |
|    entropy_loss         | -0.105        |
|    explained_variance   | 0.675         |
|    learning_rate        | 0.0003        |
|    loss                 | 6.13          |
|    n_updates            | 515           |
|    policy_gradient_loss | -0.00222      |
|    value_loss           | 12.1          |
-------------------------------------------
------------------------------------------
| rollout/                |              |
|    ep_len_mean          | 12.7         |
|    ep_rew_mean          | 4.25         |
| time/                   |              |
|    fps                  | 314          |
|    iterations           | 105          |
|    time_elapsed         | 171          |
|    total_timesteps      | 53760        |
| train/                  |              |
|    approx_kl            | 5.307881e-05 |
|    clip_fraction        | 0            |
|    clip_range           | 0.2          |
|    entropy_loss         | -0.14        |
|    explained_variance   | 0.649        |
|    learning_rate        | 0.0003       |
|    loss                 | 10.8         |
|    n_updates            | 520          |
|    policy_gradient_loss | 0.000192     |
|    value_loss           | 10.5         |
------------------------------------------
-----------------------------------------
| rollout/                |             |
|    ep_len_mean          | 9.37        |
|    ep_rew_mean          | 2.84        |
| time/                   |             |
|    fps                  | 314         |
|    iterations           | 106         |
|    time_elapsed         | 172         |
|    total_timesteps      | 54272       |
| train/                  |             |
|    approx_kl            | 0.007879996 |
|    clip_fraction        | 0.0484      |
|    clip_range           | 0.2         |
|    entropy_loss         | -0.167      |
|    explained_variance   | 0.639       |
|    learning_rate        | 0.0003      |
|    loss                 | 6           |
|    n_updates            | 525         |
|    policy_gradient_loss | 0.000848    |
|    value_loss           | 12.7        |
-----------------------------------------
------------------------------------------
| rollout/                |              |
|    ep_len_mean          | 11.1         |
|    ep_rew_mean          | 4.05         |
| time/                   |              |
|    fps                  | 314          |
|    iterations           | 107          |
|    time_elapsed         | 174          |
|    total_timesteps      | 54784        |
| train/                  |              |
|    approx_kl            | 0.0011974471 |
|    clip_fraction        | 0.00781      |
|    clip_range           | 0.2          |
|    entropy_loss         | -0.173       |
|    explained_variance   | 0.487        |
|    learning_rate        | 0.0003       |
|    loss                 | 7.91         |
|    n_updates            | 530          |
|    policy_gradient_loss | -0.00176     |
|    value_loss           | 12.8         |
------------------------------------------
------------------------------------------
| rollout/                |              |
|    ep_len_mean          | 13.6         |
|    ep_rew_mean          | 5.46         |
| time/                   |              |
|    fps                  | 314          |
|    iterations           | 108          |
|    time_elapsed         | 175          |
|    total_timesteps      | 55296        |
| train/                  |              |
|    approx_kl            | 0.0017793749 |
|    clip_fraction        | 0.0117       |
|    clip_range           | 0.2          |
|    entropy_loss         | -0.114       |
|    explained_variance   | 0.435        |
|    learning_rate        | 0.0003       |
|    loss                 | 5.18         |
|    n_updates            | 535          |
|    policy_gradient_loss | -0.00666     |
|    value_loss           | 13.1         |
------------------------------------------
-------------------------------------------
| rollout/                |               |
|    ep_len_mean          | 15.5          |
|    ep_rew_mean          | 6.08          |
| time/                   |               |
|    fps                  | 314           |
|    iterations           | 109           |
|    time_elapsed         | 177           |
|    total_timesteps      | 55808         |
| train/                  |               |
|    approx_kl            | 0.00069435127 |
|    clip_fraction        | 0.00313       |
|    clip_range           | 0.2           |
|    entropy_loss         | -0.077        |
|    explained_variance   | 0.59          |
|    learning_rate        | 0.0003        |
|    loss                 | 4.41          |
|    n_updates            | 540           |
|    policy_gradient_loss | -0.0027       |
|    value_loss           | 8.73          |
-------------------------------------------
------------------------------------------
| rollout/                |              |
|    ep_len_mean          | 16.8         |
|    ep_rew_mean          | 6.48         |
| time/                   |              |
|    fps                  | 314          |
|    iterations           | 110          |
|    time_elapsed         | 179          |
|    total_timesteps      | 56320        |
| train/                  |              |
|    approx_kl            | 0.0018294663 |
|    clip_fraction        | 0.00742      |
|    clip_range           | 0.2          |
|    entropy_loss         | -0.131       |
|    explained_variance   | 0.509        |
|    learning_rate        | 0.0003       |
|    loss                 | 4.31         |
|    n_updates            | 545          |
|    policy_gradient_loss | 0.000976     |
|    value_loss           | 12.8         |
------------------------------------------
-------------------------------------------
| rollout/                |               |
|    ep_len_mean          | 14.8          |
|    ep_rew_mean          | 5.2           |
| time/                   |               |
|    fps                  | 314           |
|    iterations           | 111           |
|    time_elapsed         | 180           |
|    total_timesteps      | 56832         |
| train/                  |               |
|    approx_kl            | 0.00021856622 |
|    clip_fraction        | 0.0113        |
|    clip_range           | 0.2           |
|    entropy_loss         | -0.115        |
|    explained_variance   | 0.616         |
|    learning_rate        | 0.0003        |
|    loss                 | 3.93          |
|    n_updates            | 550           |
|    policy_gradient_loss | 0.00477       |
|    value_loss           | 12.3          |
-------------------------------------------
------------------------------------------
| rollout/                |              |
|    ep_len_mean          | 13.6         |
|    ep_rew_mean          | 4.68         |
| time/                   |              |
|    fps                  | 314          |
|    iterations           | 112          |
|    time_elapsed         | 182          |
|    total_timesteps      | 57344        |
| train/                  |              |
|    approx_kl            | 6.462226e-05 |
|    clip_fraction        | 0            |
|    clip_range           | 0.2          |
|    entropy_loss         | -0.15        |
|    explained_variance   | 0.634        |
|    learning_rate        | 0.0003       |
|    loss                 | 2.56         |
|    n_updates            | 555          |
|    policy_gradient_loss | -0.000392    |
|    value_loss           | 10           |
------------------------------------------
------------------------------------------
| rollout/                |              |
|    ep_len_mean          | 12.9         |
|    ep_rew_mean          | 4.71         |
| time/                   |              |
|    fps                  | 314          |
|    iterations           | 113          |
|    time_elapsed         | 183          |
|    total_timesteps      | 57856        |
| train/                  |              |
|    approx_kl            | 0.0018626205 |
|    clip_fraction        | 0.0168       |
|    clip_range           | 0.2          |
|    entropy_loss         | -0.139       |
|    explained_variance   | 0.564        |
|    learning_rate        | 0.0003       |
|    loss                 | 9.91         |
|    n_updates            | 560          |
|    policy_gradient_loss | -0.00453     |
|    value_loss           | 16.5         |
------------------------------------------
------------------------------------------
| rollout/                |              |
|    ep_len_mean          | 11.8         |
|    ep_rew_mean          | 4            |
| time/                   |              |
|    fps                  | 314          |
|    iterations           | 114          |
|    time_elapsed         | 185          |
|    total_timesteps      | 58368        |
| train/                  |              |
|    approx_kl            | 0.0045874477 |
|    clip_fraction        | 0.0277       |
|    clip_range           | 0.2          |
|    entropy_loss         | -0.169       |
|    explained_variance   | 0.567        |
|    learning_rate        | 0.0003       |
|    loss                 | 5.55         |
|    n_updates            | 565          |
|    policy_gradient_loss | 0.00321      |
|    value_loss           | 10.9         |
------------------------------------------
------------------------------------------
| rollout/                |              |
|    ep_len_mean          | 10.4         |
|    ep_rew_mean          | 3.41         |
| time/                   |              |
|    fps                  | 314          |
|    iterations           | 115          |
|    time_elapsed         | 186          |
|    total_timesteps      | 58880        |
| train/                  |              |
|    approx_kl            | 6.761978e-05 |
|    clip_fraction        | 0            |
|    clip_range           | 0.2          |
|    entropy_loss         | -0.145       |
|    explained_variance   | 0.652        |
|    learning_rate        | 0.0003       |
|    loss                 | 6.19         |
|    n_updates            | 570          |
|    policy_gradient_loss | -0.000771    |
|    value_loss           | 9.82         |
------------------------------------------
------------------------------------------
| rollout/                |              |
|    ep_len_mean          | 10.3         |
|    ep_rew_mean          | 3.44         |
| time/                   |              |
|    fps                  | 315          |
|    iterations           | 116          |
|    time_elapsed         | 188          |
|    total_timesteps      | 59392        |
| train/                  |              |
|    approx_kl            | 0.0008359266 |
|    clip_fraction        | 0.00781      |
|    clip_range           | 0.2          |
|    entropy_loss         | -0.171       |
|    explained_variance   | 0.462        |
|    learning_rate        | 0.0003       |
|    loss                 | 6.3          |
|    n_updates            | 575          |
|    policy_gradient_loss | -0.00491     |
|    value_loss           | 16.3         |
------------------------------------------
------------------------------------------
| rollout/                |              |
|    ep_len_mean          | 11.4         |
|    ep_rew_mean          | 3.71         |
| time/                   |              |
|    fps                  | 315          |
|    iterations           | 117          |
|    time_elapsed         | 190          |
|    total_timesteps      | 59904        |
| train/                  |              |
|    approx_kl            | 0.0017124867 |
|    clip_fraction        | 0.0102       |
|    clip_range           | 0.2          |
|    entropy_loss         | -0.136       |
|    explained_variance   | 0.535        |
|    learning_rate        | 0.0003       |
|    loss                 | 4.9          |
|    n_updates            | 580          |
|    policy_gradient_loss | -0.00301     |
|    value_loss           | 11.7         |
------------------------------------------
------------------------------------------
| rollout/                |              |
|    ep_len_mean          | 10.6         |
|    ep_rew_mean          | 3.4          |
| time/                   |              |
|    fps                  | 315          |
|    iterations           | 118          |
|    time_elapsed         | 191          |
|    total_timesteps      | 60416        |
| train/                  |              |
|    approx_kl            | 0.0014782262 |
|    clip_fraction        | 0.00469      |
|    clip_range           | 0.2          |
|    entropy_loss         | -0.156       |
|    explained_variance   | 0.534        |
|    learning_rate        | 0.0003       |
|    loss                 | 4.12         |
|    n_updates            | 585          |
|    policy_gradient_loss | 0.00103      |
|    value_loss           | 10.7         |
------------------------------------------
------------------------------------------
| rollout/                |              |
|    ep_len_mean          | 10.2         |
|    ep_rew_mean          | 3.28         |
| time/                   |              |
|    fps                  | 315          |
|    iterations           | 119          |
|    time_elapsed         | 193          |
|    total_timesteps      | 60928        |
| train/                  |              |
|    approx_kl            | 0.0018601522 |
|    clip_fraction        | 0.00781      |
|    clip_range           | 0.2          |
|    entropy_loss         | -0.152       |
|    explained_variance   | 0.583        |
|    learning_rate        | 0.0003       |
|    loss                 | 5.41         |
|    n_updates            | 590          |
|    policy_gradient_loss | -0.00335     |
|    value_loss           | 11.6         |
------------------------------------------
-----------------------------------------
| rollout/                |             |
|    ep_len_mean          | 10.7        |
|    ep_rew_mean          | 3.66        |
| time/                   |             |
|    fps                  | 315         |
|    iterations           | 120         |
|    time_elapsed         | 195         |
|    total_timesteps      | 61440       |
| train/                  |             |
|    approx_kl            | 0.005757576 |
|    clip_fraction        | 0.0211      |
|    clip_range           | 0.2         |
|    entropy_loss         | -0.17       |
|    explained_variance   | 0.666       |
|    learning_rate        | 0.0003      |
|    loss                 | 3.68        |
|    n_updates            | 595         |
|    policy_gradient_loss | 0.00496     |
|    value_loss           | 9.7         |
-----------------------------------------
------------------------------------------
| rollout/                |              |
|    ep_len_mean          | 8.22         |
|    ep_rew_mean          | 2.69         |
| time/                   |              |
|    fps                  | 315          |
|    iterations           | 121          |
|    time_elapsed         | 196          |
|    total_timesteps      | 61952        |
| train/                  |              |
|    approx_kl            | 0.0011171931 |
|    clip_fraction        | 0.0184       |
|    clip_range           | 0.2          |
|    entropy_loss         | -0.144       |
|    explained_variance   | 0.492        |
|    learning_rate        | 0.0003       |
|    loss                 | 6.37         |
|    n_updates            | 600          |
|    policy_gradient_loss | -0.00856     |
|    value_loss           | 12.7         |
------------------------------------------
------------------------------------------
| rollout/                |              |
|    ep_len_mean          | 8.25         |
|    ep_rew_mean          | 2.46         |
| time/                   |              |
|    fps                  | 314          |
|    iterations           | 122          |
|    time_elapsed         | 198          |
|    total_timesteps      | 62464        |
| train/                  |              |
|    approx_kl            | 0.0038159122 |
|    clip_fraction        | 0.0437       |
|    clip_range           | 0.2          |
|    entropy_loss         | -0.241       |
|    explained_variance   | 0.613        |
|    learning_rate        | 0.0003       |
|    loss                 | 5.77         |
|    n_updates            | 605          |
|    policy_gradient_loss | 0.000139     |
|    value_loss           | 8.07         |
------------------------------------------
-------------------------------------------
| rollout/                |               |
|    ep_len_mean          | 9.19          |
|    ep_rew_mean          | 3.15          |
| time/                   |               |
|    fps                  | 314           |
|    iterations           | 123           |
|    time_elapsed         | 199           |
|    total_timesteps      | 62976         |
| train/                  |               |
|    approx_kl            | 0.00065124786 |
|    clip_fraction        | 0.00352       |
|    clip_range           | 0.2           |
|    entropy_loss         | -0.179        |
|    explained_variance   | 0.644         |
|    learning_rate        | 0.0003        |
|    loss                 | 3.6           |
|    n_updates            | 610           |
|    policy_gradient_loss | -0.00357      |
|    value_loss           | 9.38          |
-------------------------------------------
------------------------------------------
| rollout/                |              |
|    ep_len_mean          | 10.4         |
|    ep_rew_mean          | 3.88         |
| time/                   |              |
|    fps                  | 314          |
|    iterations           | 124          |
|    time_elapsed         | 201          |
|    total_timesteps      | 63488        |
| train/                  |              |
|    approx_kl            | 0.0013430078 |
|    clip_fraction        | 0.00703      |
|    clip_range           | 0.2          |
|    entropy_loss         | -0.168       |
|    explained_variance   | 0.528        |
|    learning_rate        | 0.0003       |
|    loss                 | 3.82         |
|    n_updates            | 615          |
|    policy_gradient_loss | -0.00511     |
|    value_loss           | 12           |
------------------------------------------
-------------------------------------------
| rollout/                |               |
|    ep_len_mean          | 11.4          |
|    ep_rew_mean          | 4.16          |
| time/                   |               |
|    fps                  | 314           |
|    iterations           | 125           |
|    time_elapsed         | 203           |
|    total_timesteps      | 64000         |
| train/                  |               |
|    approx_kl            | 0.00021078391 |
|    clip_fraction        | 0             |
|    clip_range           | 0.2           |
|    entropy_loss         | -0.134        |
|    explained_variance   | 0.66          |
|    learning_rate        | 0.0003        |
|    loss                 | 3.92          |
|    n_updates            | 620           |
|    policy_gradient_loss | 0.000446      |
|    value_loss           | 11.1          |
-------------------------------------------
------------------------------------------
| rollout/                |              |
|    ep_len_mean          | 13.7         |
|    ep_rew_mean          | 5.15         |
| time/                   |              |
|    fps                  | 315          |
|    iterations           | 126          |
|    time_elapsed         | 204          |
|    total_timesteps      | 64512        |
| train/                  |              |
|    approx_kl            | 0.0009913642 |
|    clip_fraction        | 0.00391      |
|    clip_range           | 0.2          |
|    entropy_loss         | -0.149       |
|    explained_variance   | 0.563        |
|    learning_rate        | 0.0003       |
|    loss                 | 6.27         |
|    n_updates            | 625          |
|    policy_gradient_loss | -0.00453     |
|    value_loss           | 12.9         |
------------------------------------------
------------------------------------------
| rollout/                |              |
|    ep_len_mean          | 12.9         |
|    ep_rew_mean          | 4.66         |
| time/                   |              |
|    fps                  | 314          |
|    iterations           | 127          |
|    time_elapsed         | 206          |
|    total_timesteps      | 65024        |
| train/                  |              |
|    approx_kl            | 0.0009388423 |
|    clip_fraction        | 0.00781      |
|    clip_range           | 0.2          |
|    entropy_loss         | -0.113       |
|    explained_variance   | 0.566        |
|    learning_rate        | 0.0003       |
|    loss                 | 8.53         |
|    n_updates            | 630          |
|    policy_gradient_loss | -0.00401     |
|    value_loss           | 14.4         |
------------------------------------------
------------------------------------------
| rollout/                |              |
|    ep_len_mean          | 13.1         |
|    ep_rew_mean          | 4.81         |
| time/                   |              |
|    fps                  | 315          |
|    iterations           | 128          |
|    time_elapsed         | 208          |
|    total_timesteps      | 65536        |
| train/                  |              |
|    approx_kl            | 0.0005698419 |
|    clip_fraction        | 0.0121       |
|    clip_range           | 0.2          |
|    entropy_loss         | -0.137       |
|    explained_variance   | 0.505        |
|    learning_rate        | 0.0003       |
|    loss                 | 6.48         |
|    n_updates            | 635          |
|    policy_gradient_loss | -0.00527     |
|    value_loss           | 13.5         |
------------------------------------------
------------------------------------------
| rollout/                |              |
|    ep_len_mean          | 15           |
|    ep_rew_mean          | 5.22         |
| time/                   |              |
|    fps                  | 315          |
|    iterations           | 129          |
|    time_elapsed         | 209          |
|    total_timesteps      | 66048        |
| train/                  |              |
|    approx_kl            | 0.0017138444 |
|    clip_fraction        | 0.0242       |
|    clip_range           | 0.2          |
|    entropy_loss         | -0.0715      |
|    explained_variance   | 0.518        |
|    learning_rate        | 0.0003       |
|    loss                 | 6.16         |
|    n_updates            | 640          |
|    policy_gradient_loss | -0.00691     |
|    value_loss           | 13.7         |
------------------------------------------
-----------------------------------------
| rollout/                |             |
|    ep_len_mean          | 15.6        |
|    ep_rew_mean          | 5.67        |
| time/                   |             |
|    fps                  | 315         |
|    iterations           | 130         |
|    time_elapsed         | 211         |
|    total_timesteps      | 66560       |
| train/                  |             |
|    approx_kl            | 0.012315558 |
|    clip_fraction        | 0.0383      |
|    clip_range           | 0.2         |
|    entropy_loss         | -0.131      |
|    explained_variance   | 0.612       |
|    learning_rate        | 0.0003      |
|    loss                 | 6.21        |
|    n_updates            | 645         |
|    policy_gradient_loss | 0.00223     |
|    value_loss           | 13.8        |
-----------------------------------------
-------------------------------------------
| rollout/                |               |
|    ep_len_mean          | 11.6          |
|    ep_rew_mean          | 4.2           |
| time/                   |               |
|    fps                  | 315           |
|    iterations           | 131           |
|    time_elapsed         | 212           |
|    total_timesteps      | 67072         |
| train/                  |               |
|    approx_kl            | 0.00018274086 |
|    clip_fraction        | 0.00937       |
|    clip_range           | 0.2           |
|    entropy_loss         | -0.105        |
|    explained_variance   | 0.595         |
|    learning_rate        | 0.0003        |
|    loss                 | 5.3           |
|    n_updates            | 650           |
|    policy_gradient_loss | -0.00575      |
|    value_loss           | 10.6          |
-------------------------------------------
------------------------------------------
| rollout/                |              |
|    ep_len_mean          | 9.58         |
|    ep_rew_mean          | 2.71         |
| time/                   |              |
|    fps                  | 315          |
|    iterations           | 132          |
|    time_elapsed         | 214          |
|    total_timesteps      | 67584        |
| train/                  |              |
|    approx_kl            | 0.0016556543 |
|    clip_fraction        | 0.00195      |
|    clip_range           | 0.2          |
|    entropy_loss         | -0.17        |
|    explained_variance   | 0.649        |
|    learning_rate        | 0.0003       |
|    loss                 | 3.83         |
|    n_updates            | 655          |
|    policy_gradient_loss | -0.00411     |
|    value_loss           | 9.47         |
------------------------------------------
------------------------------------------
| rollout/                |              |
|    ep_len_mean          | 9.89         |
|    ep_rew_mean          | 3            |
| time/                   |              |
|    fps                  | 315          |
|    iterations           | 133          |
|    time_elapsed         | 216          |
|    total_timesteps      | 68096        |
| train/                  |              |
|    approx_kl            | 0.0053273584 |
|    clip_fraction        | 0.041        |
|    clip_range           | 0.2          |
|    entropy_loss         | -0.189       |
|    explained_variance   | 0.649        |
|    learning_rate        | 0.0003       |
|    loss                 | 4.61         |
|    n_updates            | 660          |
|    policy_gradient_loss | -0.000111    |
|    value_loss           | 9.38         |
------------------------------------------
-------------------------------------------
| rollout/                |               |
|    ep_len_mean          | 9.98          |
|    ep_rew_mean          | 3.5           |
| time/                   |               |
|    fps                  | 315           |
|    iterations           | 134           |
|    time_elapsed         | 217           |
|    total_timesteps      | 68608         |
| train/                  |               |
|    approx_kl            | 0.00081079296 |
|    clip_fraction        | 0.00469       |
|    clip_range           | 0.2           |
|    entropy_loss         | -0.144        |
|    explained_variance   | 0.626         |
|    learning_rate        | 0.0003        |
|    loss                 | 5.34          |
|    n_updates            | 665           |
|    policy_gradient_loss | -0.00398      |
|    value_loss           | 11            |
-------------------------------------------
------------------------------------------
| rollout/                |              |
|    ep_len_mean          | 7.75         |
|    ep_rew_mean          | 2.29         |
| time/                   |              |
|    fps                  | 314          |
|    iterations           | 135          |
|    time_elapsed         | 219          |
|    total_timesteps      | 69120        |
| train/                  |              |
|    approx_kl            | 0.0011097174 |
|    clip_fraction        | 0.00117      |
|    clip_range           | 0.2          |
|    entropy_loss         | -0.172       |
|    explained_variance   | 0.609        |
|    learning_rate        | 0.0003       |
|    loss                 | 3.47         |
|    n_updates            | 670          |
|    policy_gradient_loss | -0.00356     |
|    value_loss           | 9.16         |
------------------------------------------
-----------------------------------------
| rollout/                |             |
|    ep_len_mean          | 8.89        |
|    ep_rew_mean          | 2.69        |
| time/                   |             |
|    fps                  | 314         |
|    iterations           | 136         |
|    time_elapsed         | 221         |
|    total_timesteps      | 69632       |
| train/                  |             |
|    approx_kl            | 0.001768128 |
|    clip_fraction        | 0.0324      |
|    clip_range           | 0.2         |
|    entropy_loss         | -0.172      |
|    explained_variance   | 0.618       |
|    learning_rate        | 0.0003      |
|    loss                 | 4.1         |
|    n_updates            | 675         |
|    policy_gradient_loss | -0.00103    |
|    value_loss           | 11.2        |
-----------------------------------------
------------------------------------------
| rollout/                |              |
|    ep_len_mean          | 10.5         |
|    ep_rew_mean          | 3.58         |
| time/                   |              |
|    fps                  | 314          |
|    iterations           | 137          |
|    time_elapsed         | 222          |
|    total_timesteps      | 70144        |
| train/                  |              |
|    approx_kl            | 0.0010822001 |
|    clip_fraction        | 0.000781     |
|    clip_range           | 0.2          |
|    entropy_loss         | -0.158       |
|    explained_variance   | 0.714        |
|    learning_rate        | 0.0003       |
|    loss                 | 5.36         |
|    n_updates            | 680          |
|    policy_gradient_loss | -0.00197     |
|    value_loss           | 8.54         |
------------------------------------------
------------------------------------------
| rollout/                |              |
|    ep_len_mean          | 10.7         |
|    ep_rew_mean          | 3.52         |
| time/                   |              |
|    fps                  | 314          |
|    iterations           | 138          |
|    time_elapsed         | 224          |
|    total_timesteps      | 70656        |
| train/                  |              |
|    approx_kl            | 0.0010976081 |
|    clip_fraction        | 0.00781      |
|    clip_range           | 0.2          |
|    entropy_loss         | -0.107       |
|    explained_variance   | 0.549        |
|    learning_rate        | 0.0003       |
|    loss                 | 11           |
|    n_updates            | 685          |
|    policy_gradient_loss | -0.00457     |
|    value_loss           | 11.8         |
------------------------------------------
----------------------------------------
| rollout/                |            |
|    ep_len_mean          | 8.48       |
|    ep_rew_mean          | 2.64       |
| time/                   |            |
|    fps                  | 314        |
|    iterations           | 139        |
|    time_elapsed         | 226        |
|    total_timesteps      | 71168      |
| train/                  |            |
|    approx_kl            | 0.01774292 |
|    clip_fraction        | 0.0566     |
|    clip_range           | 0.2        |
|    entropy_loss         | -0.163     |
|    explained_variance   | 0.655      |
|    learning_rate        | 0.0003     |
|    loss                 | 5.67       |
|    n_updates            | 690        |
|    policy_gradient_loss | 0.00174    |
|    value_loss           | 10.7       |
----------------------------------------
-------------------------------------------
| rollout/                |               |
|    ep_len_mean          | 9.32          |
|    ep_rew_mean          | 3.17          |
| time/                   |               |
|    fps                  | 314           |
|    iterations           | 140           |
|    time_elapsed         | 228           |
|    total_timesteps      | 71680         |
| train/                  |               |
|    approx_kl            | 0.00042250002 |
|    clip_fraction        | 0.00625       |
|    clip_range           | 0.2           |
|    entropy_loss         | -0.16         |
|    explained_variance   | 0.64          |
|    learning_rate        | 0.0003        |
|    loss                 | 3.95          |
|    n_updates            | 695           |
|    policy_gradient_loss | -0.000682     |
|    value_loss           | 9.73          |
-------------------------------------------
-------------------------------------------
| rollout/                |               |
|    ep_len_mean          | 11.2          |
|    ep_rew_mean          | 4.01          |
| time/                   |               |
|    fps                  | 314           |
|    iterations           | 141           |
|    time_elapsed         | 229           |
|    total_timesteps      | 72192         |
| train/                  |               |
|    approx_kl            | 0.00095648464 |
|    clip_fraction        | 0.00547       |
|    clip_range           | 0.2           |
|    entropy_loss         | -0.138        |
|    explained_variance   | 0.581         |
|    learning_rate        | 0.0003        |
|    loss                 | 2.48          |
|    n_updates            | 700           |
|    policy_gradient_loss | -0.00496      |
|    value_loss           | 12.8          |
-------------------------------------------
------------------------------------------
| rollout/                |              |
|    ep_len_mean          | 9.48         |
|    ep_rew_mean          | 3.06         |
| time/                   |              |
|    fps                  | 314          |
|    iterations           | 142          |
|    time_elapsed         | 231          |
|    total_timesteps      | 72704        |
| train/                  |              |
|    approx_kl            | 0.0007220488 |
|    clip_fraction        | 0.0082       |
|    clip_range           | 0.2          |
|    entropy_loss         | -0.141       |
|    explained_variance   | 0.62         |
|    learning_rate        | 0.0003       |
|    loss                 | 5.78         |
|    n_updates            | 705          |
|    policy_gradient_loss | -0.00324     |
|    value_loss           | 11.4         |
------------------------------------------
------------------------------------------
| rollout/                |              |
|    ep_len_mean          | 9.2          |
|    ep_rew_mean          | 3.01         |
| time/                   |              |
|    fps                  | 314          |
|    iterations           | 143          |
|    time_elapsed         | 233          |
|    total_timesteps      | 73216        |
| train/                  |              |
|    approx_kl            | 0.0007069847 |
|    clip_fraction        | 0.00508      |
|    clip_range           | 0.2          |
|    entropy_loss         | -0.185       |
|    explained_variance   | 0.618        |
|    learning_rate        | 0.0003       |
|    loss                 | 3.55         |
|    n_updates            | 710          |
|    policy_gradient_loss | 0.00198      |
|    value_loss           | 9.06         |
------------------------------------------
------------------------------------------
| rollout/                |              |
|    ep_len_mean          | 9.81         |
|    ep_rew_mean          | 3.42         |
| time/                   |              |
|    fps                  | 314          |
|    iterations           | 144          |
|    time_elapsed         | 234          |
|    total_timesteps      | 73728        |
| train/                  |              |
|    approx_kl            | 0.0013495819 |
|    clip_fraction        | 0.0117       |
|    clip_range           | 0.2          |
|    entropy_loss         | -0.154       |
|    explained_variance   | 0.676        |
|    learning_rate        | 0.0003       |
|    loss                 | 4.16         |
|    n_updates            | 715          |
|    policy_gradient_loss | -0.00498     |
|    value_loss           | 11.3         |
------------------------------------------
-------------------------------------------
| rollout/                |               |
|    ep_len_mean          | 9.21          |
|    ep_rew_mean          | 2.88          |
| time/                   |               |
|    fps                  | 314           |
|    iterations           | 145           |
|    time_elapsed         | 236           |
|    total_timesteps      | 74240         |
| train/                  |               |
|    approx_kl            | 0.00075863104 |
|    clip_fraction        | 0.0152        |
|    clip_range           | 0.2           |
|    entropy_loss         | -0.127        |
|    explained_variance   | 0.69          |
|    learning_rate        | 0.0003        |
|    loss                 | 3.32          |
|    n_updates            | 720           |
|    policy_gradient_loss | -0.005        |
|    value_loss           | 10.1          |
-------------------------------------------
------------------------------------------
| rollout/                |              |
|    ep_len_mean          | 11.4         |
|    ep_rew_mean          | 3.85         |
| time/                   |              |
|    fps                  | 314          |
|    iterations           | 146          |
|    time_elapsed         | 237          |
|    total_timesteps      | 74752        |
| train/                  |              |
|    approx_kl            | 0.0015737244 |
|    clip_fraction        | 0.023        |
|    clip_range           | 0.2          |
|    entropy_loss         | -0.133       |
|    explained_variance   | 0.656        |
|    learning_rate        | 0.0003       |
|    loss                 | 11.4         |
|    n_updates            | 725          |
|    policy_gradient_loss | -0.00477     |
|    value_loss           | 12.5         |
------------------------------------------
------------------------------------------
| rollout/                |              |
|    ep_len_mean          | 13           |
|    ep_rew_mean          | 4.34         |
| time/                   |              |
|    fps                  | 314          |
|    iterations           | 147          |
|    time_elapsed         | 239          |
|    total_timesteps      | 75264        |
| train/                  |              |
|    approx_kl            | 0.0025058566 |
|    clip_fraction        | 0.00977      |
|    clip_range           | 0.2          |
|    entropy_loss         | -0.106       |
|    explained_variance   | 0.67         |
|    learning_rate        | 0.0003       |
|    loss                 | 7.99         |
|    n_updates            | 730          |
|    policy_gradient_loss | -0.00367     |
|    value_loss           | 12.3         |
------------------------------------------
-----------------------------------------
| rollout/                |             |
|    ep_len_mean          | 10.1        |
|    ep_rew_mean          | 2.62        |
| time/                   |             |
|    fps                  | 314         |
|    iterations           | 148         |
|    time_elapsed         | 241         |
|    total_timesteps      | 75776       |
| train/                  |             |
|    approx_kl            | 0.008975718 |
|    clip_fraction        | 0.0617      |
|    clip_range           | 0.2         |
|    entropy_loss         | -0.128      |
|    explained_variance   | 0.674       |
|    learning_rate        | 0.0003      |
|    loss                 | 4.72        |
|    n_updates            | 735         |
|    policy_gradient_loss | 0.000458    |
|    value_loss           | 13          |
-----------------------------------------
-----------------------------------------
| rollout/                |             |
|    ep_len_mean          | 9.43        |
|    ep_rew_mean          | 2.97        |
| time/                   |             |
|    fps                  | 314         |
|    iterations           | 149         |
|    time_elapsed         | 242         |
|    total_timesteps      | 76288       |
| train/                  |             |
|    approx_kl            | 0.015741255 |
|    clip_fraction        | 0.0602      |
|    clip_range           | 0.2         |
|    entropy_loss         | -0.227      |
|    explained_variance   | 0.638       |
|    learning_rate        | 0.0003      |
|    loss                 | 4.1         |
|    n_updates            | 740         |
|    policy_gradient_loss | 0.00454     |
|    value_loss           | 9.06        |
-----------------------------------------
------------------------------------------
| rollout/                |              |
|    ep_len_mean          | 9.79         |
|    ep_rew_mean          | 3.54         |
| time/                   |              |
|    fps                  | 314          |
|    iterations           | 150          |
|    time_elapsed         | 244          |
|    total_timesteps      | 76800        |
| train/                  |              |
|    approx_kl            | 0.0004363822 |
|    clip_fraction        | 0            |
|    clip_range           | 0.2          |
|    entropy_loss         | -0.156       |
|    explained_variance   | 0.666        |
|    learning_rate        | 0.0003       |
|    loss                 | 7.37         |
|    n_updates            | 745          |
|    policy_gradient_loss | 0.000139     |
|    value_loss           | 13           |
------------------------------------------
-------------------------------------------
| rollout/                |               |
|    ep_len_mean          | 8.18          |
|    ep_rew_mean          | 2.97          |
| time/                   |               |
|    fps                  | 314           |
|    iterations           | 151           |
|    time_elapsed         | 245           |
|    total_timesteps      | 77312         |
| train/                  |               |
|    approx_kl            | 0.00040840835 |
|    clip_fraction        | 0.0168        |
|    clip_range           | 0.2           |
|    entropy_loss         | -0.187        |
|    explained_variance   | 0.57          |
|    learning_rate        | 0.0003        |
|    loss                 | 5.19          |
|    n_updates            | 750           |
|    policy_gradient_loss | -0.00683      |
|    value_loss           | 10.4          |
-------------------------------------------
------------------------------------------
| rollout/                |              |
|    ep_len_mean          | 7.98         |
|    ep_rew_mean          | 2.56         |
| time/                   |              |
|    fps                  | 314          |
|    iterations           | 152          |
|    time_elapsed         | 247          |
|    total_timesteps      | 77824        |
| train/                  |              |
|    approx_kl            | 0.0005410402 |
|    clip_fraction        | 0.0129       |
|    clip_range           | 0.2          |
|    entropy_loss         | -0.143       |
|    explained_variance   | 0.595        |
|    learning_rate        | 0.0003       |
|    loss                 | 3.96         |
|    n_updates            | 755          |
|    policy_gradient_loss | -0.00696     |
|    value_loss           | 9.21         |
------------------------------------------
------------------------------------------
| rollout/                |              |
|    ep_len_mean          | 11.2         |
|    ep_rew_mean          | 3.96         |
| time/                   |              |
|    fps                  | 314          |
|    iterations           | 153          |
|    time_elapsed         | 248          |
|    total_timesteps      | 78336        |
| train/                  |              |
|    approx_kl            | 0.0008790679 |
|    clip_fraction        | 0.0125       |
|    clip_range           | 0.2          |
|    entropy_loss         | -0.138       |
|    explained_variance   | 0.581        |
|    learning_rate        | 0.0003       |
|    loss                 | 3.23         |
|    n_updates            | 760          |
|    policy_gradient_loss | -0.00528     |
|    value_loss           | 10.6         |
------------------------------------------
------------------------------------------
| rollout/                |              |
|    ep_len_mean          | 12.4         |
|    ep_rew_mean          | 4.71         |
| time/                   |              |
|    fps                  | 314          |
|    iterations           | 154          |
|    time_elapsed         | 250          |
|    total_timesteps      | 78848        |
| train/                  |              |
|    approx_kl            | 0.0006626611 |
|    clip_fraction        | 0            |
|    clip_range           | 0.2          |
|    entropy_loss         | -0.116       |
|    explained_variance   | 0.484        |
|    learning_rate        | 0.0003       |
|    loss                 | 5.03         |
|    n_updates            | 765          |
|    policy_gradient_loss | -0.000918    |
|    value_loss           | 11.4         |
------------------------------------------
-------------------------------------------
| rollout/                |               |
|    ep_len_mean          | 11.9          |
|    ep_rew_mean          | 4.21          |
| time/                   |               |
|    fps                  | 314           |
|    iterations           | 155           |
|    time_elapsed         | 252           |
|    total_timesteps      | 79360         |
| train/                  |               |
|    approx_kl            | 0.00070877146 |
|    clip_fraction        | 0.0137        |
|    clip_range           | 0.2           |
|    entropy_loss         | -0.0827       |
|    explained_variance   | 0.503         |
|    learning_rate        | 0.0003        |
|    loss                 | 8.6           |
|    n_updates            | 770           |
|    policy_gradient_loss | -0.00657      |
|    value_loss           | 14            |
-------------------------------------------
-----------------------------------------
| rollout/                |             |
|    ep_len_mean          | 12.6        |
|    ep_rew_mean          | 4.55        |
| time/                   |             |
|    fps                  | 314         |
|    iterations           | 156         |
|    time_elapsed         | 253         |
|    total_timesteps      | 79872       |
| train/                  |             |
|    approx_kl            | 0.008452935 |
|    clip_fraction        | 0.0273      |
|    clip_range           | 0.2         |
|    entropy_loss         | -0.165      |
|    explained_variance   | 0.657       |
|    learning_rate        | 0.0003      |
|    loss                 | 4.56        |
|    n_updates            | 775         |
|    policy_gradient_loss | 0.00549     |
|    value_loss           | 9.57        |
-----------------------------------------
-------------------------------------------
| rollout/                |               |
|    ep_len_mean          | 13.6          |
|    ep_rew_mean          | 5             |
| time/                   |               |
|    fps                  | 314           |
|    iterations           | 157           |
|    time_elapsed         | 255           |
|    total_timesteps      | 80384         |
| train/                  |               |
|    approx_kl            | 0.00015601172 |
|    clip_fraction        | 0.00352       |
|    clip_range           | 0.2           |
|    entropy_loss         | -0.141        |
|    explained_variance   | 0.662         |
|    learning_rate        | 0.0003        |
|    loss                 | 4.72          |
|    n_updates            | 780           |
|    policy_gradient_loss | 0.00245       |
|    value_loss           | 10.2          |
-------------------------------------------
------------------------------------------
| rollout/                |              |
|    ep_len_mean          | 12.2         |
|    ep_rew_mean          | 4.75         |
| time/                   |              |
|    fps                  | 314          |
|    iterations           | 158          |
|    time_elapsed         | 257          |
|    total_timesteps      | 80896        |
| train/                  |              |
|    approx_kl            | 0.0025063492 |
|    clip_fraction        | 0.00742      |
|    clip_range           | 0.2          |
|    entropy_loss         | -0.13        |
|    explained_variance   | 0.656        |
|    learning_rate        | 0.0003       |
|    loss                 | 4.69         |
|    n_updates            | 785          |
|    policy_gradient_loss | 0.001        |
|    value_loss           | 10.4         |
------------------------------------------
-----------------------------------------
| rollout/                |             |
|    ep_len_mean          | 9.05        |
|    ep_rew_mean          | 3.17        |
| time/                   |             |
|    fps                  | 314         |
|    iterations           | 159         |
|    time_elapsed         | 258         |
|    total_timesteps      | 81408       |
| train/                  |             |
|    approx_kl            | 0.002126582 |
|    clip_fraction        | 0.0191      |
|    clip_range           | 0.2         |
|    entropy_loss         | -0.161      |
|    explained_variance   | 0.503       |
|    learning_rate        | 0.0003      |
|    loss                 | 5.63        |
|    n_updates            | 790         |
|    policy_gradient_loss | -0.00905    |
|    value_loss           | 11.6        |
-----------------------------------------
------------------------------------------
| rollout/                |              |
|    ep_len_mean          | 9.43         |
|    ep_rew_mean          | 2.79         |
| time/                   |              |
|    fps                  | 314          |
|    iterations           | 160          |
|    time_elapsed         | 260          |
|    total_timesteps      | 81920        |
| train/                  |              |
|    approx_kl            | 0.0005947863 |
|    clip_fraction        | 0.00742      |
|    clip_range           | 0.2          |
|    entropy_loss         | -0.191       |
|    explained_variance   | 0.59         |
|    learning_rate        | 0.0003       |
|    loss                 | 3.7          |
|    n_updates            | 795          |
|    policy_gradient_loss | -0.00463     |
|    value_loss           | 10.2         |
------------------------------------------
-----------------------------------------
| rollout/                |             |
|    ep_len_mean          | 8.42        |
|    ep_rew_mean          | 2.69        |
| time/                   |             |
|    fps                  | 314         |
|    iterations           | 161         |
|    time_elapsed         | 261         |
|    total_timesteps      | 82432       |
| train/                  |             |
|    approx_kl            | 0.002278287 |
|    clip_fraction        | 0.00664     |
|    clip_range           | 0.2         |
|    entropy_loss         | -0.176      |
|    explained_variance   | 0.627       |
|    learning_rate        | 0.0003      |
|    loss                 | 4.74        |
|    n_updates            | 800         |
|    policy_gradient_loss | 0.00108     |
|    value_loss           | 11.5        |
-----------------------------------------
-----------------------------------------
| rollout/                |             |
|    ep_len_mean          | 9.29        |
|    ep_rew_mean          | 3.39        |
| time/                   |             |
|    fps                  | 314         |
|    iterations           | 162         |
|    time_elapsed         | 263         |
|    total_timesteps      | 82944       |
| train/                  |             |
|    approx_kl            | 0.005104808 |
|    clip_fraction        | 0.0316      |
|    clip_range           | 0.2         |
|    entropy_loss         | -0.212      |
|    explained_variance   | 0.68        |
|    learning_rate        | 0.0003      |
|    loss                 | 3.33        |
|    n_updates            | 805         |
|    policy_gradient_loss | -0.00978    |
|    value_loss           | 6.83        |
-----------------------------------------
------------------------------------------
| rollout/                |              |
|    ep_len_mean          | 9.99         |
|    ep_rew_mean          | 3.71         |
| time/                   |              |
|    fps                  | 314          |
|    iterations           | 163          |
|    time_elapsed         | 265          |
|    total_timesteps      | 83456        |
| train/                  |              |
|    approx_kl            | 0.0018046251 |
|    clip_fraction        | 0.00859      |
|    clip_range           | 0.2          |
|    entropy_loss         | -0.136       |
|    explained_variance   | 0.654        |
|    learning_rate        | 0.0003       |
|    loss                 | 6.93         |
|    n_updates            | 810          |
|    policy_gradient_loss | 0.00472      |
|    value_loss           | 10.9         |
------------------------------------------
-----------------------------------------
| rollout/                |             |
|    ep_len_mean          | 7.68        |
|    ep_rew_mean          | 2.94        |
| time/                   |             |
|    fps                  | 314         |
|    iterations           | 164         |
|    time_elapsed         | 266         |
|    total_timesteps      | 83968       |
| train/                  |             |
|    approx_kl            | 0.002949213 |
|    clip_fraction        | 0.0563      |
|    clip_range           | 0.2         |
|    entropy_loss         | -0.25       |
|    explained_variance   | 0.62        |
|    learning_rate        | 0.0003      |
|    loss                 | 6.45        |
|    n_updates            | 815         |
|    policy_gradient_loss | 0.00827     |
|    value_loss           | 10.1        |
-----------------------------------------
------------------------------------------
| rollout/                |              |
|    ep_len_mean          | 9.45         |
|    ep_rew_mean          | 3.85         |
| time/                   |              |
|    fps                  | 314          |
|    iterations           | 165          |
|    time_elapsed         | 268          |
|    total_timesteps      | 84480        |
| train/                  |              |
|    approx_kl            | 0.0025251645 |
|    clip_fraction        | 0.0289       |
|    clip_range           | 0.2          |
|    entropy_loss         | -0.195       |
|    explained_variance   | 0.609        |
|    learning_rate        | 0.0003       |
|    loss                 | 6.12         |
|    n_updates            | 820          |
|    policy_gradient_loss | -0.00973     |
|    value_loss           | 11.2         |
------------------------------------------
------------------------------------------
| rollout/                |              |
|    ep_len_mean          | 10.8         |
|    ep_rew_mean          | 4.21         |
| time/                   |              |
|    fps                  | 314          |
|    iterations           | 166          |
|    time_elapsed         | 269          |
|    total_timesteps      | 84992        |
| train/                  |              |
|    approx_kl            | 0.0014144615 |
|    clip_fraction        | 0.0203       |
|    clip_range           | 0.2          |
|    entropy_loss         | -0.108       |
|    explained_variance   | 0.604        |
|    learning_rate        | 0.0003       |
|    loss                 | 4.42         |
|    n_updates            | 825          |
|    policy_gradient_loss | -0.00846     |
|    value_loss           | 9.35         |
------------------------------------------
-----------------------------------------
| rollout/                |             |
|    ep_len_mean          | 11.7        |
|    ep_rew_mean          | 4.03        |
| time/                   |             |
|    fps                  | 315         |
|    iterations           | 167         |
|    time_elapsed         | 271         |
|    total_timesteps      | 85504       |
| train/                  |             |
|    approx_kl            | 0.000718792 |
|    clip_fraction        | 0.00117     |
|    clip_range           | 0.2         |
|    entropy_loss         | -0.15       |
|    explained_variance   | 0.611       |
|    learning_rate        | 0.0003      |
|    loss                 | 4.21        |
|    n_updates            | 830         |
|    policy_gradient_loss | -0.00285    |
|    value_loss           | 10.3        |
-----------------------------------------
-------------------------------------------
| rollout/                |               |
|    ep_len_mean          | 13            |
|    ep_rew_mean          | 4.68          |
| time/                   |               |
|    fps                  | 315           |
|    iterations           | 168           |
|    time_elapsed         | 272           |
|    total_timesteps      | 86016         |
| train/                  |               |
|    approx_kl            | 0.00031600904 |
|    clip_fraction        | 0             |
|    clip_range           | 0.2           |
|    entropy_loss         | -0.171        |
|    explained_variance   | 0.607         |
|    learning_rate        | 0.0003        |
|    loss                 | 5.55          |
|    n_updates            | 835           |
|    policy_gradient_loss | -0.000673     |
|    value_loss           | 10.5          |
-------------------------------------------
-------------------------------------------
| rollout/                |               |
|    ep_len_mean          | 13.5          |
|    ep_rew_mean          | 4.89          |
| time/                   |               |
|    fps                  | 315           |
|    iterations           | 169           |
|    time_elapsed         | 274           |
|    total_timesteps      | 86528         |
| train/                  |               |
|    approx_kl            | 0.00061291584 |
|    clip_fraction        | 0.00703       |
|    clip_range           | 0.2           |
|    entropy_loss         | -0.0892       |
|    explained_variance   | 0.447         |
|    learning_rate        | 0.0003        |
|    loss                 | 6.99          |
|    n_updates            | 840           |
|    policy_gradient_loss | -0.00499      |
|    value_loss           | 16.4          |
-------------------------------------------
------------------------------------------
| rollout/                |              |
|    ep_len_mean          | 14.9         |
|    ep_rew_mean          | 5.92         |
| time/                   |              |
|    fps                  | 315          |
|    iterations           | 170          |
|    time_elapsed         | 276          |
|    total_timesteps      | 87040        |
| train/                  |              |
|    approx_kl            | 0.0011408762 |
|    clip_fraction        | 0.0121       |
|    clip_range           | 0.2          |
|    entropy_loss         | -0.0875      |
|    explained_variance   | 0.655        |
|    learning_rate        | 0.0003       |
|    loss                 | 4.8          |
|    n_updates            | 845          |
|    policy_gradient_loss | -0.00429     |
|    value_loss           | 10.6         |
------------------------------------------
------------------------------------------
| rollout/                |              |
|    ep_len_mean          | 12.9         |
|    ep_rew_mean          | 4.91         |
| time/                   |              |
|    fps                  | 315          |
|    iterations           | 171          |
|    time_elapsed         | 277          |
|    total_timesteps      | 87552        |
| train/                  |              |
|    approx_kl            | 0.0008380804 |
|    clip_fraction        | 0.00586      |
|    clip_range           | 0.2          |
|    entropy_loss         | -0.124       |
|    explained_variance   | 0.634        |
|    learning_rate        | 0.0003       |
|    loss                 | 5.59         |
|    n_updates            | 850          |
|    policy_gradient_loss | -0.00348     |
|    value_loss           | 11.9         |
------------------------------------------
------------------------------------------
| rollout/                |              |
|    ep_len_mean          | 13.9         |
|    ep_rew_mean          | 4.88         |
| time/                   |              |
|    fps                  | 315          |
|    iterations           | 172          |
|    time_elapsed         | 279          |
|    total_timesteps      | 88064        |
| train/                  |              |
|    approx_kl            | 0.0027693321 |
|    clip_fraction        | 0.0207       |
|    clip_range           | 0.2          |
|    entropy_loss         | -0.104       |
|    explained_variance   | 0.56         |
|    learning_rate        | 0.0003       |
|    loss                 | 11.6         |
|    n_updates            | 855          |
|    policy_gradient_loss | -0.00538     |
|    value_loss           | 12.3         |
------------------------------------------
-------------------------------------------
| rollout/                |               |
|    ep_len_mean          | 15            |
|    ep_rew_mean          | 5             |
| time/                   |               |
|    fps                  | 315           |
|    iterations           | 173           |
|    time_elapsed         | 280           |
|    total_timesteps      | 88576         |
| train/                  |               |
|    approx_kl            | 0.00040229998 |
|    clip_fraction        | 0             |
|    clip_range           | 0.2           |
|    entropy_loss         | -0.119        |
|    explained_variance   | 0.635         |
|    learning_rate        | 0.0003        |
|    loss                 | 6.16          |
|    n_updates            | 860           |
|    policy_gradient_loss | -0.000199     |
|    value_loss           | 10.6          |
-------------------------------------------
-----------------------------------------
| rollout/                |             |
|    ep_len_mean          | 13          |
|    ep_rew_mean          | 4.17        |
| time/                   |             |
|    fps                  | 315         |
|    iterations           | 174         |
|    time_elapsed         | 282         |
|    total_timesteps      | 89088       |
| train/                  |             |
|    approx_kl            | 0.017993303 |
|    clip_fraction        | 0.075       |
|    clip_range           | 0.2         |
|    entropy_loss         | -0.182      |
|    explained_variance   | 0.651       |
|    learning_rate        | 0.0003      |
|    loss                 | 3.02        |
|    n_updates            | 865         |
|    policy_gradient_loss | 0.00542     |
|    value_loss           | 8.42        |
-----------------------------------------
-------------------------------------------
| rollout/                |               |
|    ep_len_mean          | 11.2          |
|    ep_rew_mean          | 3.86          |
| time/                   |               |
|    fps                  | 315           |
|    iterations           | 175           |
|    time_elapsed         | 284           |
|    total_timesteps      | 89600         |
| train/                  |               |
|    approx_kl            | 0.00023517886 |
|    clip_fraction        | 0             |
|    clip_range           | 0.2           |
|    entropy_loss         | -0.158        |
|    explained_variance   | 0.742         |
|    learning_rate        | 0.0003        |
|    loss                 | 2.35          |
|    n_updates            | 870           |
|    policy_gradient_loss | 0.00137       |
|    value_loss           | 7.84          |
-------------------------------------------
------------------------------------------
| rollout/                |              |
|    ep_len_mean          | 12.2         |
|    ep_rew_mean          | 4.57         |
| time/                   |              |
|    fps                  | 315          |
|    iterations           | 176          |
|    time_elapsed         | 285          |
|    total_timesteps      | 90112        |
| train/                  |              |
|    approx_kl            | 0.0010979176 |
|    clip_fraction        | 0.00625      |
|    clip_range           | 0.2          |
|    entropy_loss         | -0.136       |
|    explained_variance   | 0.597        |
|    learning_rate        | 0.0003       |
|    loss                 | 6.8          |
|    n_updates            | 875          |
|    policy_gradient_loss | -0.00276     |
|    value_loss           | 11.8         |
------------------------------------------
-------------------------------------------
| rollout/                |               |
|    ep_len_mean          | 8.37          |
|    ep_rew_mean          | 2.73          |
| time/                   |               |
|    fps                  | 315           |
|    iterations           | 177           |
|    time_elapsed         | 287           |
|    total_timesteps      | 90624         |
| train/                  |               |
|    approx_kl            | 0.00012138474 |
|    clip_fraction        | 0             |
|    clip_range           | 0.2           |
|    entropy_loss         | -0.146        |
|    explained_variance   | 0.774         |
|    learning_rate        | 0.0003        |
|    loss                 | 1.7           |
|    n_updates            | 880           |
|    policy_gradient_loss | 0.00271       |
|    value_loss           | 5.73          |
-------------------------------------------
------------------------------------------
| rollout/                |              |
|    ep_len_mean          | 8.6          |
|    ep_rew_mean          | 2.66         |
| time/                   |              |
|    fps                  | 315          |
|    iterations           | 178          |
|    time_elapsed         | 288          |
|    total_timesteps      | 91136        |
| train/                  |              |
|    approx_kl            | 0.0019634333 |
|    clip_fraction        | 0.0043       |
|    clip_range           | 0.2          |
|    entropy_loss         | -0.23        |
|    explained_variance   | 0.643        |
|    learning_rate        | 0.0003       |
|    loss                 | 5.14         |
|    n_updates            | 885          |
|    policy_gradient_loss | -0.00601     |
|    value_loss           | 8.63         |
------------------------------------------
------------------------------------------
| rollout/                |              |
|    ep_len_mean          | 10.2         |
|    ep_rew_mean          | 3.73         |
| time/                   |              |
|    fps                  | 315          |
|    iterations           | 179          |
|    time_elapsed         | 290          |
|    total_timesteps      | 91648        |
| train/                  |              |
|    approx_kl            | 0.0067796204 |
|    clip_fraction        | 0.0996       |
|    clip_range           | 0.2          |
|    entropy_loss         | -0.184       |
|    explained_variance   | 0.699        |
|    learning_rate        | 0.0003       |
|    loss                 | 5.59         |
|    n_updates            | 890          |
|    policy_gradient_loss | -0.000403    |
|    value_loss           | 8.44         |
------------------------------------------
------------------------------------------
| rollout/                |              |
|    ep_len_mean          | 12.2         |
|    ep_rew_mean          | 4.86         |
| time/                   |              |
|    fps                  | 315          |
|    iterations           | 180          |
|    time_elapsed         | 291          |
|    total_timesteps      | 92160        |
| train/                  |              |
|    approx_kl            | 0.0006843167 |
|    clip_fraction        | 0.0137       |
|    clip_range           | 0.2          |
|    entropy_loss         | -0.11        |
|    explained_variance   | 0.696        |
|    learning_rate        | 0.0003       |
|    loss                 | 5.88         |
|    n_updates            | 895          |
|    policy_gradient_loss | -0.00607     |
|    value_loss           | 9.25         |
------------------------------------------
------------------------------------------
| rollout/                |              |
|    ep_len_mean          | 11.7         |
|    ep_rew_mean          | 4.6          |
| time/                   |              |
|    fps                  | 315          |
|    iterations           | 181          |
|    time_elapsed         | 293          |
|    total_timesteps      | 92672        |
| train/                  |              |
|    approx_kl            | 0.0013562281 |
|    clip_fraction        | 0.016        |
|    clip_range           | 0.2          |
|    entropy_loss         | -0.0958      |
|    explained_variance   | 0.686        |
|    learning_rate        | 0.0003       |
|    loss                 | 3.83         |
|    n_updates            | 900          |
|    policy_gradient_loss | -0.00534     |
|    value_loss           | 9.13         |
------------------------------------------
-------------------------------------------
| rollout/                |               |
|    ep_len_mean          | 10.5          |
|    ep_rew_mean          | 3.77          |
| time/                   |               |
|    fps                  | 315           |
|    iterations           | 182           |
|    time_elapsed         | 295           |
|    total_timesteps      | 93184         |
| train/                  |               |
|    approx_kl            | 0.00036325026 |
|    clip_fraction        | 0.000391      |
|    clip_range           | 0.2           |
|    entropy_loss         | -0.152        |
|    explained_variance   | 0.654         |
|    learning_rate        | 0.0003        |
|    loss                 | 5.94          |
|    n_updates            | 905           |
|    policy_gradient_loss | 0.00109       |
|    value_loss           | 12.6          |
-------------------------------------------
------------------------------------------
| rollout/                |              |
|    ep_len_mean          | 11.8         |
|    ep_rew_mean          | 4.26         |
| time/                   |              |
|    fps                  | 314          |
|    iterations           | 183          |
|    time_elapsed         | 297          |
|    total_timesteps      | 93696        |
| train/                  |              |
|    approx_kl            | 0.0008582989 |
|    clip_fraction        | 0.0121       |
|    clip_range           | 0.2          |
|    entropy_loss         | -0.13        |
|    explained_variance   | 0.657        |
|    learning_rate        | 0.0003       |
|    loss                 | 5.29         |
|    n_updates            | 910          |
|    policy_gradient_loss | -0.00329     |
|    value_loss           | 10.8         |
------------------------------------------
-----------------------------------------
| rollout/                |             |
|    ep_len_mean          | 10.8        |
|    ep_rew_mean          | 3.74        |
| time/                   |             |
|    fps                  | 314         |
|    iterations           | 184         |
|    time_elapsed         | 299         |
|    total_timesteps      | 94208       |
| train/                  |             |
|    approx_kl            | 0.002038569 |
|    clip_fraction        | 0.0102      |
|    clip_range           | 0.2         |
|    entropy_loss         | -0.161      |
|    explained_variance   | 0.641       |
|    learning_rate        | 0.0003      |
|    loss                 | 4.69        |
|    n_updates            | 915         |
|    policy_gradient_loss | 0.00247     |
|    value_loss           | 11.2        |
-----------------------------------------
-------------------------------------------
| rollout/                |               |
|    ep_len_mean          | 9.48          |
|    ep_rew_mean          | 3.42          |
| time/                   |               |
|    fps                  | 314           |
|    iterations           | 185           |
|    time_elapsed         | 301           |
|    total_timesteps      | 94720         |
| train/                  |               |
|    approx_kl            | 0.00020951568 |
|    clip_fraction        | 0.0191        |
|    clip_range           | 0.2           |
|    entropy_loss         | -0.16         |
|    explained_variance   | 0.702         |
|    learning_rate        | 0.0003        |
|    loss                 | 2.82          |
|    n_updates            | 920           |
|    policy_gradient_loss | 0.00723       |
|    value_loss           | 8.55          |
-------------------------------------------
------------------------------------------
| rollout/                |              |
|    ep_len_mean          | 8.48         |
|    ep_rew_mean          | 2.77         |
| time/                   |              |
|    fps                  | 314          |
|    iterations           | 186          |
|    time_elapsed         | 303          |
|    total_timesteps      | 95232        |
| train/                  |              |
|    approx_kl            | 0.0022671283 |
|    clip_fraction        | 0.0219       |
|    clip_range           | 0.2          |
|    entropy_loss         | -0.173       |
|    explained_variance   | 0.605        |
|    learning_rate        | 0.0003       |
|    loss                 | 3.86         |
|    n_updates            | 925          |
|    policy_gradient_loss | -0.0071      |
|    value_loss           | 11.4         |
------------------------------------------
------------------------------------------
| rollout/                |              |
|    ep_len_mean          | 9.88         |
|    ep_rew_mean          | 3.48         |
| time/                   |              |
|    fps                  | 313          |
|    iterations           | 187          |
|    time_elapsed         | 304          |
|    total_timesteps      | 95744        |
| train/                  |              |
|    approx_kl            | 0.0017422882 |
|    clip_fraction        | 0.0195       |
|    clip_range           | 0.2          |
|    entropy_loss         | -0.172       |
|    explained_variance   | 0.57         |
|    learning_rate        | 0.0003       |
|    loss                 | 5.03         |
|    n_updates            | 930          |
|    policy_gradient_loss | -0.00817     |
|    value_loss           | 11.7         |
------------------------------------------
-------------------------------------------
| rollout/                |               |
|    ep_len_mean          | 11.7          |
|    ep_rew_mean          | 4.62          |
| time/                   |               |
|    fps                  | 314           |
|    iterations           | 188           |
|    time_elapsed         | 306           |
|    total_timesteps      | 96256         |
| train/                  |               |
|    approx_kl            | 0.00031609338 |
|    clip_fraction        | 0.00937       |
|    clip_range           | 0.2           |
|    entropy_loss         | -0.124        |
|    explained_variance   | 0.675         |
|    learning_rate        | 0.0003        |
|    loss                 | 3.54          |
|    n_updates            | 935           |
|    policy_gradient_loss | -0.0029       |
|    value_loss           | 9.74          |
-------------------------------------------
------------------------------------------
| rollout/                |              |
|    ep_len_mean          | 12.4         |
|    ep_rew_mean          | 4.62         |
| time/                   |              |
|    fps                  | 313          |
|    iterations           | 189          |
|    time_elapsed         | 308          |
|    total_timesteps      | 96768        |
| train/                  |              |
|    approx_kl            | 0.0003959695 |
|    clip_fraction        | 0.0043       |
|    clip_range           | 0.2          |
|    entropy_loss         | -0.0826      |
|    explained_variance   | 0.664        |
|    learning_rate        | 0.0003       |
|    loss                 | 4.85         |
|    n_updates            | 940          |
|    policy_gradient_loss | -0.00351     |
|    value_loss           | 8.11         |
------------------------------------------
------------------------------------------
| rollout/                |              |
|    ep_len_mean          | 11.4         |
|    ep_rew_mean          | 3.6          |
| time/                   |              |
|    fps                  | 313          |
|    iterations           | 190          |
|    time_elapsed         | 309          |
|    total_timesteps      | 97280        |
| train/                  |              |
|    approx_kl            | 6.145635e-05 |
|    clip_fraction        | 0            |
|    clip_range           | 0.2          |
|    entropy_loss         | -0.148       |
|    explained_variance   | 0.524        |
|    learning_rate        | 0.0003       |
|    loss                 | 4.88         |
|    n_updates            | 945          |
|    policy_gradient_loss | -0.0017      |
|    value_loss           | 11.3         |
------------------------------------------
------------------------------------------
| rollout/                |              |
|    ep_len_mean          | 12.2         |
|    ep_rew_mean          | 4.2          |
| time/                   |              |
|    fps                  | 314          |
|    iterations           | 191          |
|    time_elapsed         | 311          |
|    total_timesteps      | 97792        |
| train/                  |              |
|    approx_kl            | 0.0017502147 |
|    clip_fraction        | 0.0324       |
|    clip_range           | 0.2          |
|    entropy_loss         | -0.118       |
|    explained_variance   | 0.568        |
|    learning_rate        | 0.0003       |
|    loss                 | 7.16         |
|    n_updates            | 950          |
|    policy_gradient_loss | -0.00705     |
|    value_loss           | 11.8         |
------------------------------------------
------------------------------------------
| rollout/                |              |
|    ep_len_mean          | 12.7         |
|    ep_rew_mean          | 4.57         |
| time/                   |              |
|    fps                  | 313          |
|    iterations           | 192          |
|    time_elapsed         | 313          |
|    total_timesteps      | 98304        |
| train/                  |              |
|    approx_kl            | 0.0020105764 |
|    clip_fraction        | 0.00781      |
|    clip_range           | 0.2          |
|    entropy_loss         | -0.0955      |
|    explained_variance   | 0.667        |
|    learning_rate        | 0.0003       |
|    loss                 | 4.45         |
|    n_updates            | 955          |
|    policy_gradient_loss | -0.00127     |
|    value_loss           | 10.2         |
------------------------------------------
------------------------------------------
| rollout/                |              |
|    ep_len_mean          | 13.5         |
|    ep_rew_mean          | 5.1          |
| time/                   |              |
|    fps                  | 313          |
|    iterations           | 193          |
|    time_elapsed         | 314          |
|    total_timesteps      | 98816        |
| train/                  |              |
|    approx_kl            | 0.0021072952 |
|    clip_fraction        | 0.0184       |
|    clip_range           | 0.2          |
|    entropy_loss         | -0.154       |
|    explained_variance   | 0.552        |
|    learning_rate        | 0.0003       |
|    loss                 | 7.35         |
|    n_updates            | 960          |
|    policy_gradient_loss | 0.00171      |
|    value_loss           | 12.8         |
------------------------------------------
------------------------------------------
| rollout/                |              |
|    ep_len_mean          | 13.9         |
|    ep_rew_mean          | 5.26         |
| time/                   |              |
|    fps                  | 313          |
|    iterations           | 194          |
|    time_elapsed         | 316          |
|    total_timesteps      | 99328        |
| train/                  |              |
|    approx_kl            | 0.0010425306 |
|    clip_fraction        | 0.0129       |
|    clip_range           | 0.2          |
|    entropy_loss         | -0.0826      |
|    explained_variance   | 0.664        |
|    learning_rate        | 0.0003       |
|    loss                 | 3.52         |
|    n_updates            | 965          |
|    policy_gradient_loss | -0.00307     |
|    value_loss           | 11.2         |
------------------------------------------
-----------------------------------------
| rollout/                |             |
|    ep_len_mean          | 16.1        |
|    ep_rew_mean          | 6.38        |
| time/                   |             |
|    fps                  | 313         |
|    iterations           | 195         |
|    time_elapsed         | 318         |
|    total_timesteps      | 99840       |
| train/                  |             |
|    approx_kl            | 0.008725506 |
|    clip_fraction        | 0.0309      |
|    clip_range           | 0.2         |
|    entropy_loss         | -0.104      |
|    explained_variance   | 0.605       |
|    learning_rate        | 0.0003      |
|    loss                 | 5.51        |
|    n_updates            | 970         |
|    policy_gradient_loss | -0.00361    |
|    value_loss           | 13.8        |
-----------------------------------------
------------------------------------------
| rollout/                |              |
|    ep_len_mean          | 17.4         |
|    ep_rew_mean          | 6.47         |
| time/                   |              |
|    fps                  | 314          |
|    iterations           | 196          |
|    time_elapsed         | 319          |
|    total_timesteps      | 100352       |
| train/                  |              |
|    approx_kl            | 8.440111e-06 |
|    clip_fraction        | 0            |
|    clip_range           | 0.2          |
|    entropy_loss         | -0.0561      |
|    explained_variance   | 0.669        |
|    learning_rate        | 0.0003       |
|    loss                 | 7.55         |
|    n_updates            | 975          |
|    policy_gradient_loss | 0.000909     |
|    value_loss           | 11.6         |
------------------------------------------
------------------------------------------
| rollout/                |              |
|    ep_len_mean          | 16.6         |
|    ep_rew_mean          | 6.42         |
| time/                   |              |
|    fps                  | 314          |
|    iterations           | 197          |
|    time_elapsed         | 321          |
|    total_timesteps      | 100864       |
| train/                  |              |
|    approx_kl            | 0.0064873174 |
|    clip_fraction        | 0.0164       |
|    clip_range           | 0.2          |
|    entropy_loss         | -0.114       |
|    explained_variance   | 0.643        |
|    learning_rate        | 0.0003       |
|    loss                 | 5.44         |
|    n_updates            | 980          |
|    policy_gradient_loss | 0.00114      |
|    value_loss           | 13.7         |
------------------------------------------
------------------------------------------
| rollout/                |              |
|    ep_len_mean          | 13.8         |
|    ep_rew_mean          | 4.87         |
| time/                   |              |
|    fps                  | 314          |
|    iterations           | 198          |
|    time_elapsed         | 322          |
|    total_timesteps      | 101376       |
| train/                  |              |
|    approx_kl            | 0.0009907275 |
|    clip_fraction        | 0.0105       |
|    clip_range           | 0.2          |
|    entropy_loss         | -0.103       |
|    explained_variance   | 0.683        |
|    learning_rate        | 0.0003       |
|    loss                 | 5.28         |
|    n_updates            | 985          |
|    policy_gradient_loss | -0.00347     |
|    value_loss           | 11.3         |
------------------------------------------
------------------------------------------
| rollout/                |              |
|    ep_len_mean          | 14.3         |
|    ep_rew_mean          | 5.2          |
| time/                   |              |
|    fps                  | 314          |
|    iterations           | 199          |
|    time_elapsed         | 324          |
|    total_timesteps      | 101888       |
| train/                  |              |
|    approx_kl            | 0.0016757022 |
|    clip_fraction        | 0.0184       |
|    clip_range           | 0.2          |
|    entropy_loss         | -0.158       |
|    explained_variance   | 0.557        |
|    learning_rate        | 0.0003       |
|    loss                 | 9.21         |
|    n_updates            | 990          |
|    policy_gradient_loss | 0.00192      |
|    value_loss           | 17.3         |
------------------------------------------
-------------------------------------------
| rollout/                |               |
|    ep_len_mean          | 12.4          |
|    ep_rew_mean          | 4.44          |
| time/                   |               |
|    fps                  | 314           |
|    iterations           | 200           |
|    time_elapsed         | 325           |
|    total_timesteps      | 102400        |
| train/                  |               |
|    approx_kl            | 3.7871883e-05 |
|    clip_fraction        | 0             |
|    clip_range           | 0.2           |
|    entropy_loss         | -0.101        |
|    explained_variance   | 0.703         |
|    learning_rate        | 0.0003        |
|    loss                 | 4.9           |
|    n_updates            | 995           |
|    policy_gradient_loss | -7.86e-05     |
|    value_loss           | 11.1          |
-------------------------------------------
-----------------------------------------
| rollout/                |             |
|    ep_len_mean          | 8.64        |
|    ep_rew_mean          | 2.93        |
| time/                   |             |
|    fps                  | 314         |
|    iterations           | 201         |
|    time_elapsed         | 327         |
|    total_timesteps      | 102912      |
| train/                  |             |
|    approx_kl            | 0.009313854 |
|    clip_fraction        | 0.0395      |
|    clip_range           | 0.2         |
|    entropy_loss         | -0.18       |
|    explained_variance   | 0.687       |
|    learning_rate        | 0.0003      |
|    loss                 | 3.3         |
|    n_updates            | 1000        |
|    policy_gradient_loss | 0.00434     |
|    value_loss           | 9.35        |
-----------------------------------------
-------------------------------------------
| rollout/                |               |
|    ep_len_mean          | 10.4          |
|    ep_rew_mean          | 3.74          |
| time/                   |               |
|    fps                  | 314           |
|    iterations           | 202           |
|    time_elapsed         | 328           |
|    total_timesteps      | 103424        |
| train/                  |               |
|    approx_kl            | 0.00068787247 |
|    clip_fraction        | 0.00273       |
|    clip_range           | 0.2           |
|    entropy_loss         | -0.19         |
|    explained_variance   | 0.583         |
|    learning_rate        | 0.0003        |
|    loss                 | 5.36          |
|    n_updates            | 1005          |
|    policy_gradient_loss | -0.00376      |
|    value_loss           | 16.4          |
-------------------------------------------
------------------------------------------
| rollout/                |              |
|    ep_len_mean          | 10.9         |
|    ep_rew_mean          | 4.26         |
| time/                   |              |
|    fps                  | 314          |
|    iterations           | 203          |
|    time_elapsed         | 330          |
|    total_timesteps      | 103936       |
| train/                  |              |
|    approx_kl            | 0.0032856576 |
|    clip_fraction        | 0.0254       |
|    clip_range           | 0.2          |
|    entropy_loss         | -0.135       |
|    explained_variance   | 0.82         |
|    learning_rate        | 0.0003       |
|    loss                 | 1.85         |
|    n_updates            | 1010         |
|    policy_gradient_loss | 0.00162      |
|    value_loss           | 5.35         |
------------------------------------------
-----------------------------------------
| rollout/                |             |
|    ep_len_mean          | 8.69        |
|    ep_rew_mean          | 3.33        |
| time/                   |             |
|    fps                  | 314         |
|    iterations           | 204         |
|    time_elapsed         | 332         |
|    total_timesteps      | 104448      |
| train/                  |             |
|    approx_kl            | 0.000171041 |
|    clip_fraction        | 0.00352     |
|    clip_range           | 0.2         |
|    entropy_loss         | -0.185      |
|    explained_variance   | 0.562       |
|    learning_rate        | 0.0003      |
|    loss                 | 8.06        |
|    n_updates            | 1015        |
|    policy_gradient_loss | -0.00401    |
|    value_loss           | 12.4        |
-----------------------------------------
------------------------------------------
| rollout/                |              |
|    ep_len_mean          | 10.3         |
|    ep_rew_mean          | 3.96         |
| time/                   |              |
|    fps                  | 314          |
|    iterations           | 205          |
|    time_elapsed         | 333          |
|    total_timesteps      | 104960       |
| train/                  |              |
|    approx_kl            | 0.0016122375 |
|    clip_fraction        | 0.0105       |
|    clip_range           | 0.2          |
|    entropy_loss         | -0.176       |
|    explained_variance   | 0.649        |
|    learning_rate        | 0.0003       |
|    loss                 | 4.01         |
|    n_updates            | 1020         |
|    policy_gradient_loss | -0.00414     |
|    value_loss           | 8.86         |
------------------------------------------
------------------------------------------
| rollout/                |              |
|    ep_len_mean          | 10.3         |
|    ep_rew_mean          | 3.81         |
| time/                   |              |
|    fps                  | 314          |
|    iterations           | 206          |
|    time_elapsed         | 335          |
|    total_timesteps      | 105472       |
| train/                  |              |
|    approx_kl            | 0.0023259036 |
|    clip_fraction        | 0.016        |
|    clip_range           | 0.2          |
|    entropy_loss         | -0.143       |
|    explained_variance   | 0.603        |
|    learning_rate        | 0.0003       |
|    loss                 | 6.61         |
|    n_updates            | 1025         |
|    policy_gradient_loss | -0.00588     |
|    value_loss           | 11.7         |
------------------------------------------
------------------------------------------
| rollout/                |              |
|    ep_len_mean          | 11.3         |
|    ep_rew_mean          | 4.38         |
| time/                   |              |
|    fps                  | 314          |
|    iterations           | 207          |
|    time_elapsed         | 337          |
|    total_timesteps      | 105984       |
| train/                  |              |
|    approx_kl            | 0.0037742392 |
|    clip_fraction        | 0.0422       |
|    clip_range           | 0.2          |
|    entropy_loss         | -0.145       |
|    explained_variance   | 0.603        |
|    learning_rate        | 0.0003       |
|    loss                 | 3.48         |
|    n_updates            | 1030         |
|    policy_gradient_loss | -0.0101      |
|    value_loss           | 8.85         |
------------------------------------------
------------------------------------------
| rollout/                |              |
|    ep_len_mean          | 10.8         |
|    ep_rew_mean          | 3.75         |
| time/                   |              |
|    fps                  | 313          |
|    iterations           | 208          |
|    time_elapsed         | 339          |
|    total_timesteps      | 106496       |
| train/                  |              |
|    approx_kl            | 0.0010920151 |
|    clip_fraction        | 0.00391      |
|    clip_range           | 0.2          |
|    entropy_loss         | -0.105       |
|    explained_variance   | 0.624        |
|    learning_rate        | 0.0003       |
|    loss                 | 9.67         |
|    n_updates            | 1035         |
|    policy_gradient_loss | -0.00177     |
|    value_loss           | 12.2         |
------------------------------------------
----------------------------------------
| rollout/                |            |
|    ep_len_mean          | 8.09       |
|    ep_rew_mean          | 2.29       |
| time/                   |            |
|    fps                  | 311        |
|    iterations           | 209        |
|    time_elapsed         | 343        |
|    total_timesteps      | 107008     |
| train/                  |            |
|    approx_kl            | 0.00504403 |
|    clip_fraction        | 0.0168     |
|    clip_range           | 0.2        |
|    entropy_loss         | -0.184     |
|    explained_variance   | 0.622      |
|    learning_rate        | 0.0003     |
|    loss                 | 8.32       |
|    n_updates            | 1040       |
|    policy_gradient_loss | 0.00365    |
|    value_loss           | 10.3       |
----------------------------------------
------------------------------------------
| rollout/                |              |
|    ep_len_mean          | 10.4         |
|    ep_rew_mean          | 3.71         |
| time/                   |              |
|    fps                  | 309          |
|    iterations           | 210          |
|    time_elapsed         | 346          |
|    total_timesteps      | 107520       |
| train/                  |              |
|    approx_kl            | 0.0024019857 |
|    clip_fraction        | 0.0145       |
|    clip_range           | 0.2          |
|    entropy_loss         | -0.169       |
|    explained_variance   | 0.658        |
|    learning_rate        | 0.0003       |
|    loss                 | 3.35         |
|    n_updates            | 1045         |
|    policy_gradient_loss | -0.00519     |
|    value_loss           | 9.06         |
------------------------------------------
----------------------------------------
| rollout/                |            |
|    ep_len_mean          | 13.2       |
|    ep_rew_mean          | 5.14       |
| time/                   |            |
|    fps                  | 309        |
|    iterations           | 211        |
|    time_elapsed         | 349        |
|    total_timesteps      | 108032     |
| train/                  |            |
|    approx_kl            | 0.00368663 |
|    clip_fraction        | 0.0164     |
|    clip_range           | 0.2        |
|    entropy_loss         | -0.0731    |
|    explained_variance   | 0.563      |
|    learning_rate        | 0.0003     |
|    loss                 | 6.76       |
|    n_updates            | 1050       |
|    policy_gradient_loss | -0.00518   |
|    value_loss           | 13.3       |
----------------------------------------
------------------------------------------
| rollout/                |              |
|    ep_len_mean          | 15.8         |
|    ep_rew_mean          | 6.39         |
| time/                   |              |
|    fps                  | 308          |
|    iterations           | 212          |
|    time_elapsed         | 351          |
|    total_timesteps      | 108544       |
| train/                  |              |
|    approx_kl            | 0.0005899771 |
|    clip_fraction        | 0.00273      |
|    clip_range           | 0.2          |
|    entropy_loss         | -0.0659      |
|    explained_variance   | 0.632        |
|    learning_rate        | 0.0003       |
|    loss                 | 7.52         |
|    n_updates            | 1055         |
|    policy_gradient_loss | -0.0009      |
|    value_loss           | 12.3         |
------------------------------------------
----------------------------------------
| rollout/                |            |
|    ep_len_mean          | 14.2       |
|    ep_rew_mean          | 5.66       |
| time/                   |            |
|    fps                  | 308        |
|    iterations           | 213        |
|    time_elapsed         | 353        |
|    total_timesteps      | 109056     |
| train/                  |            |
|    approx_kl            | 0.00208688 |
|    clip_fraction        | 0.0137     |
|    clip_range           | 0.2        |
|    entropy_loss         | -0.0997    |
|    explained_variance   | 0.604      |
|    learning_rate        | 0.0003     |
|    loss                 | 7.42       |
|    n_updates            | 1060       |
|    policy_gradient_loss | 0.00214    |
|    value_loss           | 14.9       |
----------------------------------------
-------------------------------------------
| rollout/                |               |
|    ep_len_mean          | 13.2          |
|    ep_rew_mean          | 5             |
| time/                   |               |
|    fps                  | 308           |
|    iterations           | 214           |
|    time_elapsed         | 354           |
|    total_timesteps      | 109568        |
| train/                  |               |
|    approx_kl            | 0.00078598445 |
|    clip_fraction        | 0.0105        |
|    clip_range           | 0.2           |
|    entropy_loss         | -0.106        |
|    explained_variance   | 0.802         |
|    learning_rate        | 0.0003        |
|    loss                 | 2.32          |
|    n_updates            | 1065          |
|    policy_gradient_loss | -0.000353     |
|    value_loss           | 5.32          |
-------------------------------------------
------------------------------------------
| rollout/                |              |
|    ep_len_mean          | 12.4         |
|    ep_rew_mean          | 4.75         |
| time/                   |              |
|    fps                  | 308          |
|    iterations           | 215          |
|    time_elapsed         | 356          |
|    total_timesteps      | 110080       |
| train/                  |              |
|    approx_kl            | 0.0011358093 |
|    clip_fraction        | 0.00195      |
|    clip_range           | 0.2          |
|    entropy_loss         | -0.12        |
|    explained_variance   | 0.582        |
|    learning_rate        | 0.0003       |
|    loss                 | 6.65         |
|    n_updates            | 1070         |
|    policy_gradient_loss | 0.00032      |
|    value_loss           | 12.5         |
------------------------------------------
------------------------------------------
| rollout/                |              |
|    ep_len_mean          | 12.8         |
|    ep_rew_mean          | 5.12         |
| time/                   |              |
|    fps                  | 308          |
|    iterations           | 216          |
|    time_elapsed         | 358          |
|    total_timesteps      | 110592       |
| train/                  |              |
|    approx_kl            | 0.0010802667 |
|    clip_fraction        | 0.00625      |
|    clip_range           | 0.2          |
|    entropy_loss         | -0.0929      |
|    explained_variance   | 0.626        |
|    learning_rate        | 0.0003       |
|    loss                 | 5.67         |
|    n_updates            | 1075         |
|    policy_gradient_loss | -0.00234     |
|    value_loss           | 11.5         |
------------------------------------------
-------------------------------------------
| rollout/                |               |
|    ep_len_mean          | 12.8          |
|    ep_rew_mean          | 5.05          |
| time/                   |               |
|    fps                  | 308           |
|    iterations           | 217           |
|    time_elapsed         | 359           |
|    total_timesteps      | 111104        |
| train/                  |               |
|    approx_kl            | 0.00059837545 |
|    clip_fraction        | 0.00156       |
|    clip_range           | 0.2           |
|    entropy_loss         | -0.123        |
|    explained_variance   | 0.733         |
|    learning_rate        | 0.0003        |
|    loss                 | 3.55          |
|    n_updates            | 1080          |
|    policy_gradient_loss | -0.0017       |
|    value_loss           | 8.44          |
-------------------------------------------
------------------------------------------
| rollout/                |              |
|    ep_len_mean          | 11.5         |
|    ep_rew_mean          | 4.05         |
| time/                   |              |
|    fps                  | 308          |
|    iterations           | 218          |
|    time_elapsed         | 361          |
|    total_timesteps      | 111616       |
| train/                  |              |
|    approx_kl            | 0.0049302774 |
|    clip_fraction        | 0.0516       |
|    clip_range           | 0.2          |
|    entropy_loss         | -0.102       |
|    explained_variance   | 0.673        |
|    learning_rate        | 0.0003       |
|    loss                 | 8.67         |
|    n_updates            | 1085         |
|    policy_gradient_loss | -0.00895     |
|    value_loss           | 10.4         |
------------------------------------------
------------------------------------------
| rollout/                |              |
|    ep_len_mean          | 13.3         |
|    ep_rew_mean          | 4.96         |
| time/                   |              |
|    fps                  | 308          |
|    iterations           | 219          |
|    time_elapsed         | 363          |
|    total_timesteps      | 112128       |
| train/                  |              |
|    approx_kl            | 0.0031325226 |
|    clip_fraction        | 0.0176       |
|    clip_range           | 0.2          |
|    entropy_loss         | -0.154       |
|    explained_variance   | 0.669        |
|    learning_rate        | 0.0003       |
|    loss                 | 4.53         |
|    n_updates            | 1090         |
|    policy_gradient_loss | -0.00461     |
|    value_loss           | 10.1         |
------------------------------------------
------------------------------------------
| rollout/                |              |
|    ep_len_mean          | 13.5         |
|    ep_rew_mean          | 4.96         |
| time/                   |              |
|    fps                  | 308          |
|    iterations           | 220          |
|    time_elapsed         | 364          |
|    total_timesteps      | 112640       |
| train/                  |              |
|    approx_kl            | 0.0012020024 |
|    clip_fraction        | 0.0172       |
|    clip_range           | 0.2          |
|    entropy_loss         | -0.0853      |
|    explained_variance   | 0.744        |
|    learning_rate        | 0.0003       |
|    loss                 | 6.33         |
|    n_updates            | 1095         |
|    policy_gradient_loss | -0.00308     |
|    value_loss           | 9.4          |
------------------------------------------
------------------------------------------
| rollout/                |              |
|    ep_len_mean          | 15.4         |
|    ep_rew_mean          | 5.84         |
| time/                   |              |
|    fps                  | 308          |
|    iterations           | 221          |
|    time_elapsed         | 366          |
|    total_timesteps      | 113152       |
| train/                  |              |
|    approx_kl            | 0.0010004726 |
|    clip_fraction        | 0.00781      |
|    clip_range           | 0.2          |
|    entropy_loss         | -0.115       |
|    explained_variance   | 0.602        |
|    learning_rate        | 0.0003       |
|    loss                 | 6.21         |
|    n_updates            | 1100         |
|    policy_gradient_loss | -0.00347     |
|    value_loss           | 15.7         |
------------------------------------------
------------------------------------------
| rollout/                |              |
|    ep_len_mean          | 15.7         |
|    ep_rew_mean          | 5.64         |
| time/                   |              |
|    fps                  | 308          |
|    iterations           | 222          |
|    time_elapsed         | 368          |
|    total_timesteps      | 113664       |
| train/                  |              |
|    approx_kl            | 0.0005797166 |
|    clip_fraction        | 0.0109       |
|    clip_range           | 0.2          |
|    entropy_loss         | -0.0775      |
|    explained_variance   | 0.606        |
|    learning_rate        | 0.0003       |
|    loss                 | 5.87         |
|    n_updates            | 1105         |
|    policy_gradient_loss | -0.00431     |
|    value_loss           | 13.2         |
------------------------------------------
-----------------------------------------
| rollout/                |             |
|    ep_len_mean          | 13.8        |
|    ep_rew_mean          | 4.39        |
| time/                   |             |
|    fps                  | 308         |
|    iterations           | 223         |
|    time_elapsed         | 369         |
|    total_timesteps      | 114176      |
| train/                  |             |
|    approx_kl            | 0.004106827 |
|    clip_fraction        | 0.0145      |
|    clip_range           | 0.2         |
|    entropy_loss         | -0.124      |
|    explained_variance   | 0.628       |
|    learning_rate        | 0.0003      |
|    loss                 | 8.17        |
|    n_updates            | 1110        |
|    policy_gradient_loss | 0.00022     |
|    value_loss           | 13          |
-----------------------------------------
-------------------------------------------
| rollout/                |               |
|    ep_len_mean          | 12.3          |
|    ep_rew_mean          | 3.56          |
| time/                   |               |
|    fps                  | 308           |
|    iterations           | 224           |
|    time_elapsed         | 371           |
|    total_timesteps      | 114688        |
| train/                  |               |
|    approx_kl            | 0.00044809247 |
|    clip_fraction        | 0.00156       |
|    clip_range           | 0.2           |
|    entropy_loss         | -0.141        |
|    explained_variance   | 0.577         |
|    learning_rate        | 0.0003        |
|    loss                 | 6.9           |
|    n_updates            | 1115          |
|    policy_gradient_loss | -0.00168      |
|    value_loss           | 12.2          |
-------------------------------------------
------------------------------------------
| rollout/                |              |
|    ep_len_mean          | 13.8         |
|    ep_rew_mean          | 4.54         |
| time/                   |              |
|    fps                  | 308          |
|    iterations           | 225          |
|    time_elapsed         | 373          |
|    total_timesteps      | 115200       |
| train/                  |              |
|    approx_kl            | 0.0007185183 |
|    clip_fraction        | 0.000781     |
|    clip_range           | 0.2          |
|    entropy_loss         | -0.133       |
|    explained_variance   | 0.648        |
|    learning_rate        | 0.0003       |
|    loss                 | 7.07         |
|    n_updates            | 1120         |
|    policy_gradient_loss | -0.00022     |
|    value_loss           | 12.9         |
------------------------------------------
-------------------------------------------
| rollout/                |               |
|    ep_len_mean          | 13.2          |
|    ep_rew_mean          | 3.97          |
| time/                   |               |
|    fps                  | 308           |
|    iterations           | 226           |
|    time_elapsed         | 375           |
|    total_timesteps      | 115712        |
| train/                  |               |
|    approx_kl            | 0.00081636343 |
|    clip_fraction        | 0.00664       |
|    clip_range           | 0.2           |
|    entropy_loss         | -0.0969       |
|    explained_variance   | 0.373         |
|    learning_rate        | 0.0003        |
|    loss                 | 9.57          |
|    n_updates            | 1125          |
|    policy_gradient_loss | -0.00402      |
|    value_loss           | 17.8          |
-------------------------------------------
------------------------------------------
| rollout/                |              |
|    ep_len_mean          | 12.5         |
|    ep_rew_mean          | 3.54         |
| time/                   |              |
|    fps                  | 308          |
|    iterations           | 227          |
|    time_elapsed         | 377          |
|    total_timesteps      | 116224       |
| train/                  |              |
|    approx_kl            | 0.0009385553 |
|    clip_fraction        | 0.00391      |
|    clip_range           | 0.2          |
|    entropy_loss         | -0.136       |
|    explained_variance   | 0.495        |
|    learning_rate        | 0.0003       |
|    loss                 | 6.42         |
|    n_updates            | 1130         |
|    policy_gradient_loss | 0.00102      |
|    value_loss           | 11.8         |
------------------------------------------
-------------------------------------------
| rollout/                |               |
|    ep_len_mean          | 13.7          |
|    ep_rew_mean          | 4.37          |
| time/                   |               |
|    fps                  | 308           |
|    iterations           | 228           |
|    time_elapsed         | 378           |
|    total_timesteps      | 116736        |
| train/                  |               |
|    approx_kl            | 0.00061591197 |
|    clip_fraction        | 0.0102        |
|    clip_range           | 0.2           |
|    entropy_loss         | -0.115        |
|    explained_variance   | 0.642         |
|    learning_rate        | 0.0003        |
|    loss                 | 5             |
|    n_updates            | 1135          |
|    policy_gradient_loss | -0.00029      |
|    value_loss           | 10.4          |
-------------------------------------------
-------------------------------------------
| rollout/                |               |
|    ep_len_mean          | 14.3          |
|    ep_rew_mean          | 4.77          |
| time/                   |               |
|    fps                  | 308           |
|    iterations           | 229           |
|    time_elapsed         | 380           |
|    total_timesteps      | 117248        |
| train/                  |               |
|    approx_kl            | 5.1145966e-05 |
|    clip_fraction        | 0.000781      |
|    clip_range           | 0.2           |
|    entropy_loss         | -0.0989       |
|    explained_variance   | 0.565         |
|    learning_rate        | 0.0003        |
|    loss                 | 3.1           |
|    n_updates            | 1140          |
|    policy_gradient_loss | 0.00189       |
|    value_loss           | 9.69          |
-------------------------------------------
-------------------------------------------
| rollout/                |               |
|    ep_len_mean          | 14.5          |
|    ep_rew_mean          | 4.98          |
| time/                   |               |
|    fps                  | 308           |
|    iterations           | 230           |
|    time_elapsed         | 382           |
|    total_timesteps      | 117760        |
| train/                  |               |
|    approx_kl            | 0.00021796185 |
|    clip_fraction        | 0.00273       |
|    clip_range           | 0.2           |
|    entropy_loss         | -0.0793       |
|    explained_variance   | 0.627         |
|    learning_rate        | 0.0003        |
|    loss                 | 5.02          |
|    n_updates            | 1145          |
|    policy_gradient_loss | -0.00274      |
|    value_loss           | 10.3          |
-------------------------------------------
------------------------------------------
| rollout/                |              |
|    ep_len_mean          | 14.8         |
|    ep_rew_mean          | 5.19         |
| time/                   |              |
|    fps                  | 308          |
|    iterations           | 231          |
|    time_elapsed         | 383          |
|    total_timesteps      | 118272       |
| train/                  |              |
|    approx_kl            | 0.0016495859 |
|    clip_fraction        | 0.00937      |
|    clip_range           | 0.2          |
|    entropy_loss         | -0.102       |
|    explained_variance   | 0.56         |
|    learning_rate        | 0.0003       |
|    loss                 | 4.42         |
|    n_updates            | 1150         |
|    policy_gradient_loss | 0.00194      |
|    value_loss           | 11.1         |
------------------------------------------
-------------------------------------------
| rollout/                |               |
|    ep_len_mean          | 14.3          |
|    ep_rew_mean          | 4.51          |
| time/                   |               |
|    fps                  | 308           |
|    iterations           | 232           |
|    time_elapsed         | 385           |
|    total_timesteps      | 118784        |
| train/                  |               |
|    approx_kl            | 0.00043189718 |
|    clip_fraction        | 0.00625       |
|    clip_range           | 0.2           |
|    entropy_loss         | -0.0699       |
|    explained_variance   | 0.664         |
|    learning_rate        | 0.0003        |
|    loss                 | 4.33          |
|    n_updates            | 1155          |
|    policy_gradient_loss | -0.00232      |
|    value_loss           | 10.1          |
-------------------------------------------
------------------------------------------
| rollout/                |              |
|    ep_len_mean          | 11.3         |
|    ep_rew_mean          | 3.33         |
| time/                   |              |
|    fps                  | 307          |
|    iterations           | 233          |
|    time_elapsed         | 387          |
|    total_timesteps      | 119296       |
| train/                  |              |
|    approx_kl            | 0.0054563875 |
|    clip_fraction        | 0.0164       |
|    clip_range           | 0.2          |
|    entropy_loss         | -0.149       |
|    explained_variance   | 0.526        |
|    learning_rate        | 0.0003       |
|    loss                 | 3.65         |
|    n_updates            | 1160         |
|    policy_gradient_loss | 0.00248      |
|    value_loss           | 14.7         |
------------------------------------------
------------------------------------------
| rollout/                |              |
|    ep_len_mean          | 10.7         |
|    ep_rew_mean          | 3.61         |
| time/                   |              |
|    fps                  | 307          |
|    iterations           | 234          |
|    time_elapsed         | 389          |
|    total_timesteps      | 119808       |
| train/                  |              |
|    approx_kl            | 0.0040302733 |
|    clip_fraction        | 0.0602       |
|    clip_range           | 0.2          |
|    entropy_loss         | -0.169       |
|    explained_variance   | 0.56         |
|    learning_rate        | 0.0003       |
|    loss                 | 3.56         |
|    n_updates            | 1165         |
|    policy_gradient_loss | -0.00952     |
|    value_loss           | 10.8         |
------------------------------------------
------------------------------------------
| rollout/                |              |
|    ep_len_mean          | 12.2         |
|    ep_rew_mean          | 4.36         |
| time/                   |              |
|    fps                  | 307          |
|    iterations           | 235          |
|    time_elapsed         | 390          |
|    total_timesteps      | 120320       |
| train/                  |              |
|    approx_kl            | 0.0024671925 |
|    clip_fraction        | 0.0336       |
|    clip_range           | 0.2          |
|    entropy_loss         | -0.097       |
|    explained_variance   | 0.638        |
|    learning_rate        | 0.0003       |
|    loss                 | 2.14         |
|    n_updates            | 1170         |
|    policy_gradient_loss | -0.00623     |
|    value_loss           | 8.58         |
------------------------------------------
-------------------------------------------
| rollout/                |               |
|    ep_len_mean          | 15.5          |
|    ep_rew_mean          | 5.87          |
| time/                   |               |
|    fps                  | 307           |
|    iterations           | 236           |
|    time_elapsed         | 392           |
|    total_timesteps      | 120832        |
| train/                  |               |
|    approx_kl            | 0.00031733612 |
|    clip_fraction        | 0             |
|    clip_range           | 0.2           |
|    entropy_loss         | -0.108        |
|    explained_variance   | 0.757         |
|    learning_rate        | 0.0003        |
|    loss                 | 7.03          |
|    n_updates            | 1175          |
|    policy_gradient_loss | 0.000645      |
|    value_loss           | 8.87          |
-------------------------------------------
-------------------------------------------
| rollout/                |               |
|    ep_len_mean          | 15.2          |
|    ep_rew_mean          | 5.27          |
| time/                   |               |
|    fps                  | 307           |
|    iterations           | 237           |
|    time_elapsed         | 394           |
|    total_timesteps      | 121344        |
| train/                  |               |
|    approx_kl            | 0.00044743565 |
|    clip_fraction        | 0.00352       |
|    clip_range           | 0.2           |
|    entropy_loss         | -0.0799       |
|    explained_variance   | 0.644         |
|    learning_rate        | 0.0003        |
|    loss                 | 7.21          |
|    n_updates            | 1180          |
|    policy_gradient_loss | -0.0029       |
|    value_loss           | 14.6          |
-------------------------------------------
------------------------------------------
| rollout/                |              |
|    ep_len_mean          | 12.3         |
|    ep_rew_mean          | 3.66         |
| time/                   |              |
|    fps                  | 307          |
|    iterations           | 238          |
|    time_elapsed         | 396          |
|    total_timesteps      | 121856       |
| train/                  |              |
|    approx_kl            | 0.0012928243 |
|    clip_fraction        | 0.0102       |
|    clip_range           | 0.2          |
|    entropy_loss         | -0.15        |
|    explained_variance   | 0.653        |
|    learning_rate        | 0.0003       |
|    loss                 | 10.8         |
|    n_updates            | 1185         |
|    policy_gradient_loss | 0.000365     |
|    value_loss           | 12.5         |
------------------------------------------
-----------------------------------------
| rollout/                |             |
|    ep_len_mean          | 13.6        |
|    ep_rew_mean          | 4.45        |
| time/                   |             |
|    fps                  | 306         |
|    iterations           | 239         |
|    time_elapsed         | 399         |
|    total_timesteps      | 122368      |
| train/                  |             |
|    approx_kl            | 0.002500804 |
|    clip_fraction        | 0.027       |
|    clip_range           | 0.2         |
|    entropy_loss         | -0.152      |
|    explained_variance   | 0.623       |
|    learning_rate        | 0.0003      |
|    loss                 | 3.97        |
|    n_updates            | 1190        |
|    policy_gradient_loss | 0.00491     |
|    value_loss           | 11.8        |
-----------------------------------------
-------------------------------------------
| rollout/                |               |
|    ep_len_mean          | 12.8          |
|    ep_rew_mean          | 4.93          |
| time/                   |               |
|    fps                  | 306           |
|    iterations           | 240           |
|    time_elapsed         | 401           |
|    total_timesteps      | 122880        |
| train/                  |               |
|    approx_kl            | 0.00063451205 |
|    clip_fraction        | 0.00664       |
|    clip_range           | 0.2           |
|    entropy_loss         | -0.0786       |
|    explained_variance   | 0.566         |
|    learning_rate        | 0.0003        |
|    loss                 | 5.5           |
|    n_updates            | 1195          |
|    policy_gradient_loss | -0.00239      |
|    value_loss           | 10.6          |
-------------------------------------------
------------------------------------------
| rollout/                |              |
|    ep_len_mean          | 12.8         |
|    ep_rew_mean          | 4.71         |
| time/                   |              |
|    fps                  | 306          |
|    iterations           | 241          |
|    time_elapsed         | 402          |
|    total_timesteps      | 123392       |
| train/                  |              |
|    approx_kl            | 0.0024249693 |
|    clip_fraction        | 0.0238       |
|    clip_range           | 0.2          |
|    entropy_loss         | -0.106       |
|    explained_variance   | 0.537        |
|    learning_rate        | 0.0003       |
|    loss                 | 4.79         |
|    n_updates            | 1200         |
|    policy_gradient_loss | -0.00674     |
|    value_loss           | 10.7         |
------------------------------------------
------------------------------------------
| rollout/                |              |
|    ep_len_mean          | 12.3         |
|    ep_rew_mean          | 3.77         |
| time/                   |              |
|    fps                  | 306          |
|    iterations           | 242          |
|    time_elapsed         | 404          |
|    total_timesteps      | 123904       |
| train/                  |              |
|    approx_kl            | 0.0003333944 |
|    clip_fraction        | 0.00234      |
|    clip_range           | 0.2          |
|    entropy_loss         | -0.138       |
|    explained_variance   | 0.517        |
|    learning_rate        | 0.0003       |
|    loss                 | 8.11         |
|    n_updates            | 1205         |
|    policy_gradient_loss | 0.00034      |
|    value_loss           | 16.2         |
------------------------------------------
-----------------------------------------
| rollout/                |             |
|    ep_len_mean          | 5.23        |
|    ep_rew_mean          | 1.4         |
| time/                   |             |
|    fps                  | 306         |
|    iterations           | 243         |
|    time_elapsed         | 406         |
|    total_timesteps      | 124416      |
| train/                  |             |
|    approx_kl            | 0.029544191 |
|    clip_fraction        | 0.0508      |
|    clip_range           | 0.2         |
|    entropy_loss         | -0.172      |
|    explained_variance   | 0.591       |
|    learning_rate        | 0.0003      |
|    loss                 | 8.06        |
|    n_updates            | 1210        |
|    policy_gradient_loss | 0.00178     |
|    value_loss           | 13.5        |
-----------------------------------------
-------------------------------------------
| rollout/                |               |
|    ep_len_mean          | 7.34          |
|    ep_rew_mean          | 2.33          |
| time/                   |               |
|    fps                  | 306           |
|    iterations           | 244           |
|    time_elapsed         | 407           |
|    total_timesteps      | 124928        |
| train/                  |               |
|    approx_kl            | 0.00045698404 |
|    clip_fraction        | 0.0187        |
|    clip_range           | 0.2           |
|    entropy_loss         | -0.305        |
|    explained_variance   | 0.649         |
|    learning_rate        | 0.0003        |
|    loss                 | 3.15          |
|    n_updates            | 1215          |
|    policy_gradient_loss | -0.00755      |
|    value_loss           | 6.87          |
-------------------------------------------
------------------------------------------
| rollout/                |              |
|    ep_len_mean          | 8.11         |
|    ep_rew_mean          | 2.91         |
| time/                   |              |
|    fps                  | 306          |
|    iterations           | 245          |
|    time_elapsed         | 409          |
|    total_timesteps      | 125440       |
| train/                  |              |
|    approx_kl            | 0.0017672691 |
|    clip_fraction        | 0.0141       |
|    clip_range           | 0.2          |
|    entropy_loss         | -0.186       |
|    explained_variance   | 0.753        |
|    learning_rate        | 0.0003       |
|    loss                 | 3.89         |
|    n_updates            | 1220         |
|    policy_gradient_loss | -0.00659     |
|    value_loss           | 8.52         |
------------------------------------------
------------------------------------------
| rollout/                |              |
|    ep_len_mean          | 8.62         |
|    ep_rew_mean          | 3.1          |
| time/                   |              |
|    fps                  | 306          |
|    iterations           | 246          |
|    time_elapsed         | 411          |
|    total_timesteps      | 125952       |
| train/                  |              |
|    approx_kl            | 0.0003157294 |
|    clip_fraction        | 0.0082       |
|    clip_range           | 0.2          |
|    entropy_loss         | -0.147       |
|    explained_variance   | 0.729        |
|    learning_rate        | 0.0003       |
|    loss                 | 2.77         |
|    n_updates            | 1225         |
|    policy_gradient_loss | -0.00414     |
|    value_loss           | 7.84         |
------------------------------------------
-------------------------------------------
| rollout/                |               |
|    ep_len_mean          | 8.63          |
|    ep_rew_mean          | 3.1           |
| time/                   |               |
|    fps                  | 306           |
|    iterations           | 247           |
|    time_elapsed         | 412           |
|    total_timesteps      | 126464        |
| train/                  |               |
|    approx_kl            | 0.00090503204 |
|    clip_fraction        | 0.0082        |
|    clip_range           | 0.2           |
|    entropy_loss         | -0.19         |
|    explained_variance   | 0.495         |
|    learning_rate        | 0.0003        |
|    loss                 | 4.45          |
|    n_updates            | 1230          |
|    policy_gradient_loss | -0.00672      |
|    value_loss           | 9.87          |
-------------------------------------------
------------------------------------------
| rollout/                |              |
|    ep_len_mean          | 10.9         |
|    ep_rew_mean          | 4.28         |
| time/                   |              |
|    fps                  | 306          |
|    iterations           | 248          |
|    time_elapsed         | 414          |
|    total_timesteps      | 126976       |
| train/                  |              |
|    approx_kl            | 0.0013049957 |
|    clip_fraction        | 0.0449       |
|    clip_range           | 0.2          |
|    entropy_loss         | -0.125       |
|    explained_variance   | 0.637        |
|    learning_rate        | 0.0003       |
|    loss                 | 6.18         |
|    n_updates            | 1235         |
|    policy_gradient_loss | -0.0066      |
|    value_loss           | 8.75         |
------------------------------------------
-----------------------------------------
| rollout/                |             |
|    ep_len_mean          | 12.8        |
|    ep_rew_mean          | 5           |
| time/                   |             |
|    fps                  | 306         |
|    iterations           | 249         |
|    time_elapsed         | 416         |
|    total_timesteps      | 127488      |
| train/                  |             |
|    approx_kl            | 8.52684e-05 |
|    clip_fraction        | 0.00781     |
|    clip_range           | 0.2         |
|    entropy_loss         | -0.101      |
|    explained_variance   | 0.613       |
|    learning_rate        | 0.0003      |
|    loss                 | 4.87        |
|    n_updates            | 1240        |
|    policy_gradient_loss | -0.00438    |
|    value_loss           | 12          |
-----------------------------------------
-----------------------------------------
| rollout/                |             |
|    ep_len_mean          | 11.6        |
|    ep_rew_mean          | 4.43        |
| time/                   |             |
|    fps                  | 306         |
|    iterations           | 250         |
|    time_elapsed         | 417         |
|    total_timesteps      | 128000      |
| train/                  |             |
|    approx_kl            | 0.003739376 |
|    clip_fraction        | 0.0426      |
|    clip_range           | 0.2         |
|    entropy_loss         | -0.0989     |
|    explained_variance   | 0.586       |
|    learning_rate        | 0.0003      |
|    loss                 | 5.2         |
|    n_updates            | 1245        |
|    policy_gradient_loss | -0.00784    |
|    value_loss           | 12.9        |
-----------------------------------------
-------------------------------------------
| rollout/                |               |
|    ep_len_mean          | 10.6          |
|    ep_rew_mean          | 3.71          |
| time/                   |               |
|    fps                  | 306           |
|    iterations           | 251           |
|    time_elapsed         | 419           |
|    total_timesteps      | 128512        |
| train/                  |               |
|    approx_kl            | 0.00033079676 |
|    clip_fraction        | 0.00156       |
|    clip_range           | 0.2           |
|    entropy_loss         | -0.124        |
|    explained_variance   | 0.668         |
|    learning_rate        | 0.0003        |
|    loss                 | 5.14          |
|    n_updates            | 1250          |
|    policy_gradient_loss | 4.95e-05      |
|    value_loss           | 8.57          |
-------------------------------------------
------------------------------------------
| rollout/                |              |
|    ep_len_mean          | 9.21         |
|    ep_rew_mean          | 3.21         |
| time/                   |              |
|    fps                  | 306          |
|    iterations           | 252          |
|    time_elapsed         | 421          |
|    total_timesteps      | 129024       |
| train/                  |              |
|    approx_kl            | 0.0010760032 |
|    clip_fraction        | 0.00508      |
|    clip_range           | 0.2          |
|    entropy_loss         | -0.163       |
|    explained_variance   | 0.661        |
|    learning_rate        | 0.0003       |
|    loss                 | 4.77         |
|    n_updates            | 1255         |
|    policy_gradient_loss | 0.00184      |
|    value_loss           | 9.68         |
------------------------------------------
------------------------------------------
| rollout/                |              |
|    ep_len_mean          | 10.8         |
|    ep_rew_mean          | 4.05         |
| time/                   |              |
|    fps                  | 306          |
|    iterations           | 253          |
|    time_elapsed         | 422          |
|    total_timesteps      | 129536       |
| train/                  |              |
|    approx_kl            | 0.0011295353 |
|    clip_fraction        | 0.0102       |
|    clip_range           | 0.2          |
|    entropy_loss         | -0.186       |
|    explained_variance   | 0.71         |
|    learning_rate        | 0.0003       |
|    loss                 | 3.32         |
|    n_updates            | 1260         |
|    policy_gradient_loss | -0.00608     |
|    value_loss           | 7.06         |
------------------------------------------
------------------------------------------
| rollout/                |              |
|    ep_len_mean          | 9.5          |
|    ep_rew_mean          | 3.63         |
| time/                   |              |
|    fps                  | 306          |
|    iterations           | 254          |
|    time_elapsed         | 424          |
|    total_timesteps      | 130048       |
| train/                  |              |
|    approx_kl            | 0.0027855486 |
|    clip_fraction        | 0.0187       |
|    clip_range           | 0.2          |
|    entropy_loss         | -0.138       |
|    explained_variance   | 0.603        |
|    learning_rate        | 0.0003       |
|    loss                 | 4.59         |
|    n_updates            | 1265         |
|    policy_gradient_loss | 0.00358      |
|    value_loss           | 9.95         |
------------------------------------------
------------------------------------------
| rollout/                |              |
|    ep_len_mean          | 9.16         |
|    ep_rew_mean          | 3.28         |
| time/                   |              |
|    fps                  | 306          |
|    iterations           | 255          |
|    time_elapsed         | 425          |
|    total_timesteps      | 130560       |
| train/                  |              |
|    approx_kl            | 0.0022729742 |
|    clip_fraction        | 0.0215       |
|    clip_range           | 0.2          |
|    entropy_loss         | -0.164       |
|    explained_variance   | 0.495        |
|    learning_rate        | 0.0003       |
|    loss                 | 4.43         |
|    n_updates            | 1270         |
|    policy_gradient_loss | -0.00875     |
|    value_loss           | 12.2         |
------------------------------------------
-----------------------------------------
| rollout/                |             |
|    ep_len_mean          | 9.51        |
|    ep_rew_mean          | 3.37        |
| time/                   |             |
|    fps                  | 306         |
|    iterations           | 256         |
|    time_elapsed         | 427         |
|    total_timesteps      | 131072      |
| train/                  |             |
|    approx_kl            | 0.012500497 |
|    clip_fraction        | 0.0383      |
|    clip_range           | 0.2         |
|    entropy_loss         | -0.181      |
|    explained_variance   | 0.766       |
|    learning_rate        | 0.0003      |
|    loss                 | 3.9         |
|    n_updates            | 1275        |
|    policy_gradient_loss | 0.0062      |
|    value_loss           | 7.47        |
-----------------------------------------
-----------------------------------------
| rollout/                |             |
|    ep_len_mean          | 7.63        |
|    ep_rew_mean          | 2.61        |
| time/                   |             |
|    fps                  | 306         |
|    iterations           | 257         |
|    time_elapsed         | 429         |
|    total_timesteps      | 131584      |
| train/                  |             |
|    approx_kl            | 0.002738631 |
|    clip_fraction        | 0.0363      |
|    clip_range           | 0.2         |
|    entropy_loss         | -0.177      |
|    explained_variance   | 0.641       |
|    learning_rate        | 0.0003      |
|    loss                 | 6.91        |
|    n_updates            | 1280        |
|    policy_gradient_loss | -0.00511    |
|    value_loss           | 12.3        |
-----------------------------------------
------------------------------------------
| rollout/                |              |
|    ep_len_mean          | 8.85         |
|    ep_rew_mean          | 3            |
| time/                   |              |
|    fps                  | 306          |
|    iterations           | 258          |
|    time_elapsed         | 430          |
|    total_timesteps      | 132096       |
| train/                  |              |
|    approx_kl            | 0.0029962203 |
|    clip_fraction        | 0.0176       |
|    clip_range           | 0.2          |
|    entropy_loss         | -0.21        |
|    explained_variance   | 0.614        |
|    learning_rate        | 0.0003       |
|    loss                 | 5.07         |
|    n_updates            | 1285         |
|    policy_gradient_loss | -0.00732     |
|    value_loss           | 10.3         |
------------------------------------------
-------------------------------------------
| rollout/                |               |
|    ep_len_mean          | 7.5           |
|    ep_rew_mean          | 2.28          |
| time/                   |               |
|    fps                  | 306           |
|    iterations           | 259           |
|    time_elapsed         | 432           |
|    total_timesteps      | 132608        |
| train/                  |               |
|    approx_kl            | 0.00012619264 |
|    clip_fraction        | 0.00977       |
|    clip_range           | 0.2           |
|    entropy_loss         | -0.151        |
|    explained_variance   | 0.718         |
|    learning_rate        | 0.0003        |
|    loss                 | 2.75          |
|    n_updates            | 1290          |
|    policy_gradient_loss | -0.00305      |
|    value_loss           | 8.8           |
-------------------------------------------
------------------------------------------
| rollout/                |              |
|    ep_len_mean          | 8.16         |
|    ep_rew_mean          | 2.64         |
| time/                   |              |
|    fps                  | 306          |
|    iterations           | 260          |
|    time_elapsed         | 434          |
|    total_timesteps      | 133120       |
| train/                  |              |
|    approx_kl            | 0.0097948555 |
|    clip_fraction        | 0.0855       |
|    clip_range           | 0.2          |
|    entropy_loss         | -0.255       |
|    explained_variance   | 0.714        |
|    learning_rate        | 0.0003       |
|    loss                 | 2.24         |
|    n_updates            | 1295         |
|    policy_gradient_loss | 0.00509      |
|    value_loss           | 5.84         |
------------------------------------------
-----------------------------------------
| rollout/                |             |
|    ep_len_mean          | 8.66        |
|    ep_rew_mean          | 3.15        |
| time/                   |             |
|    fps                  | 306         |
|    iterations           | 261         |
|    time_elapsed         | 435         |
|    total_timesteps      | 133632      |
| train/                  |             |
|    approx_kl            | 0.002296134 |
|    clip_fraction        | 0.0168      |
|    clip_range           | 0.2         |
|    entropy_loss         | -0.163      |
|    explained_variance   | 0.666       |
|    learning_rate        | 0.0003      |
|    loss                 | 5.33        |
|    n_updates            | 1300        |
|    policy_gradient_loss | -0.0067     |
|    value_loss           | 10.8        |
-----------------------------------------
------------------------------------------
| rollout/                |              |
|    ep_len_mean          | 8.96         |
|    ep_rew_mean          | 3.36         |
| time/                   |              |
|    fps                  | 306          |
|    iterations           | 262          |
|    time_elapsed         | 437          |
|    total_timesteps      | 134144       |
| train/                  |              |
|    approx_kl            | 0.0011780544 |
|    clip_fraction        | 0.0105       |
|    clip_range           | 0.2          |
|    entropy_loss         | -0.181       |
|    explained_variance   | 0.613        |
|    learning_rate        | 0.0003       |
|    loss                 | 1.23         |
|    n_updates            | 1305         |
|    policy_gradient_loss | -0.00714     |
|    value_loss           | 7.91         |
------------------------------------------
------------------------------------------
| rollout/                |              |
|    ep_len_mean          | 10.5         |
|    ep_rew_mean          | 4.25         |
| time/                   |              |
|    fps                  | 306          |
|    iterations           | 263          |
|    time_elapsed         | 439          |
|    total_timesteps      | 134656       |
| train/                  |              |
|    approx_kl            | 0.0012729496 |
|    clip_fraction        | 0.0191       |
|    clip_range           | 0.2          |
|    entropy_loss         | -0.14        |
|    explained_variance   | 0.632        |
|    learning_rate        | 0.0003       |
|    loss                 | 4.99         |
|    n_updates            | 1310         |
|    policy_gradient_loss | -0.00659     |
|    value_loss           | 11.9         |
------------------------------------------
-------------------------------------------
| rollout/                |               |
|    ep_len_mean          | 11.2          |
|    ep_rew_mean          | 4.32          |
| time/                   |               |
|    fps                  | 306           |
|    iterations           | 264           |
|    time_elapsed         | 441           |
|    total_timesteps      | 135168        |
| train/                  |               |
|    approx_kl            | 0.00091165554 |
|    clip_fraction        | 0.00781       |
|    clip_range           | 0.2           |
|    entropy_loss         | -0.123        |
|    explained_variance   | 0.652         |
|    learning_rate        | 0.0003        |
|    loss                 | 4.98          |
|    n_updates            | 1315          |
|    policy_gradient_loss | -0.00393      |
|    value_loss           | 9.9           |
-------------------------------------------
---------------------------------------
| rollout/                |           |
|    ep_len_mean          | 9.24      |
|    ep_rew_mean          | 3.41      |
| time/                   |           |
|    fps                  | 306       |
|    iterations           | 265       |
|    time_elapsed         | 442       |
|    total_timesteps      | 135680    |
| train/                  |           |
|    approx_kl            | 0.0055356 |
|    clip_fraction        | 0.0852    |
|    clip_range           | 0.2       |
|    entropy_loss         | -0.197    |
|    explained_variance   | 0.662     |
|    learning_rate        | 0.0003    |
|    loss                 | 7.76      |
|    n_updates            | 1320      |
|    policy_gradient_loss | 0.0106    |
|    value_loss           | 9.39      |
---------------------------------------
------------------------------------------
| rollout/                |              |
|    ep_len_mean          | 8.07         |
|    ep_rew_mean          | 2.74         |
| time/                   |              |
|    fps                  | 306          |
|    iterations           | 266          |
|    time_elapsed         | 444          |
|    total_timesteps      | 136192       |
| train/                  |              |
|    approx_kl            | 0.0012469382 |
|    clip_fraction        | 0.0363       |
|    clip_range           | 0.2          |
|    entropy_loss         | -0.153       |
|    explained_variance   | 0.641        |
|    learning_rate        | 0.0003       |
|    loss                 | 2.09         |
|    n_updates            | 1325         |
|    policy_gradient_loss | -0.00954     |
|    value_loss           | 9.62         |
------------------------------------------
------------------------------------------
| rollout/                |              |
|    ep_len_mean          | 8.45         |
|    ep_rew_mean          | 2.86         |
| time/                   |              |
|    fps                  | 306          |
|    iterations           | 267          |
|    time_elapsed         | 446          |
|    total_timesteps      | 136704       |
| train/                  |              |
|    approx_kl            | 0.0013543321 |
|    clip_fraction        | 0.0219       |
|    clip_range           | 0.2          |
|    entropy_loss         | -0.202       |
|    explained_variance   | 0.591        |
|    learning_rate        | 0.0003       |
|    loss                 | 8.26         |
|    n_updates            | 1330         |
|    policy_gradient_loss | -0.00858     |
|    value_loss           | 11.8         |
------------------------------------------
------------------------------------------
| rollout/                |              |
|    ep_len_mean          | 8.94         |
|    ep_rew_mean          | 2.79         |
| time/                   |              |
|    fps                  | 306          |
|    iterations           | 268          |
|    time_elapsed         | 448          |
|    total_timesteps      | 137216       |
| train/                  |              |
|    approx_kl            | 0.0008782794 |
|    clip_fraction        | 0.00547      |
|    clip_range           | 0.2          |
|    entropy_loss         | -0.189       |
|    explained_variance   | 0.556        |
|    learning_rate        | 0.0003       |
|    loss                 | 4.09         |
|    n_updates            | 1335         |
|    policy_gradient_loss | -0.00531     |
|    value_loss           | 12.3         |
------------------------------------------
------------------------------------------
| rollout/                |              |
|    ep_len_mean          | 12           |
|    ep_rew_mean          | 4.13         |
| time/                   |              |
|    fps                  | 306          |
|    iterations           | 269          |
|    time_elapsed         | 450          |
|    total_timesteps      | 137728       |
| train/                  |              |
|    approx_kl            | 0.0012445948 |
|    clip_fraction        | 0.0246       |
|    clip_range           | 0.2          |
|    entropy_loss         | -0.123       |
|    explained_variance   | 0.666        |
|    learning_rate        | 0.0003       |
|    loss                 | 7.45         |
|    n_updates            | 1340         |
|    policy_gradient_loss | -0.0079      |
|    value_loss           | 11.4         |
------------------------------------------
-----------------------------------------
| rollout/                |             |
|    ep_len_mean          | 13.4        |
|    ep_rew_mean          | 4.9         |
| time/                   |             |
|    fps                  | 306         |
|    iterations           | 270         |
|    time_elapsed         | 451         |
|    total_timesteps      | 138240      |
| train/                  |             |
|    approx_kl            | 0.001862443 |
|    clip_fraction        | 0.0102      |
|    clip_range           | 0.2         |
|    entropy_loss         | -0.127      |
|    explained_variance   | 0.559       |
|    learning_rate        | 0.0003      |
|    loss                 | 7.12        |
|    n_updates            | 1345        |
|    policy_gradient_loss | -0.00421    |
|    value_loss           | 10.5        |
-----------------------------------------
------------------------------------------
| rollout/                |              |
|    ep_len_mean          | 12.8         |
|    ep_rew_mean          | 4.32         |
| time/                   |              |
|    fps                  | 305          |
|    iterations           | 271          |
|    time_elapsed         | 453          |
|    total_timesteps      | 138752       |
| train/                  |              |
|    approx_kl            | 0.0008995239 |
|    clip_fraction        | 0.00352      |
|    clip_range           | 0.2          |
|    entropy_loss         | -0.109       |
|    explained_variance   | 0.658        |
|    learning_rate        | 0.0003       |
|    loss                 | 5.26         |
|    n_updates            | 1350         |
|    policy_gradient_loss | -0.00101     |
|    value_loss           | 10.1         |
------------------------------------------
-------------------------------------------
| rollout/                |               |
|    ep_len_mean          | 13.7          |
|    ep_rew_mean          | 4.61          |
| time/                   |               |
|    fps                  | 305           |
|    iterations           | 272           |
|    time_elapsed         | 455           |
|    total_timesteps      | 139264        |
| train/                  |               |
|    approx_kl            | 0.00095402315 |
|    clip_fraction        | 0.0195        |
|    clip_range           | 0.2           |
|    entropy_loss         | -0.119        |
|    explained_variance   | 0.599         |
|    learning_rate        | 0.0003        |
|    loss                 | 4.18          |
|    n_updates            | 1355          |
|    policy_gradient_loss | -0.00674      |
|    value_loss           | 11.2          |
-------------------------------------------
------------------------------------------
| rollout/                |              |
|    ep_len_mean          | 15.9         |
|    ep_rew_mean          | 5.55         |
| time/                   |              |
|    fps                  | 305          |
|    iterations           | 273          |
|    time_elapsed         | 456          |
|    total_timesteps      | 139776       |
| train/                  |              |
|    approx_kl            | 0.0010340563 |
|    clip_fraction        | 0.0227       |
|    clip_range           | 0.2          |
|    entropy_loss         | -0.0865      |
|    explained_variance   | 0.572        |
|    learning_rate        | 0.0003       |
|    loss                 | 6.43         |
|    n_updates            | 1360         |
|    policy_gradient_loss | -0.00601     |
|    value_loss           | 12.4         |
------------------------------------------
------------------------------------------
| rollout/                |              |
|    ep_len_mean          | 16.8         |
|    ep_rew_mean          | 6.08         |
| time/                   |              |
|    fps                  | 305          |
|    iterations           | 274          |
|    time_elapsed         | 458          |
|    total_timesteps      | 140288       |
| train/                  |              |
|    approx_kl            | 0.0019995654 |
|    clip_fraction        | 0.00586      |
|    clip_range           | 0.2          |
|    entropy_loss         | -0.0684      |
|    explained_variance   | 0.594        |
|    learning_rate        | 0.0003       |
|    loss                 | 4.94         |
|    n_updates            | 1365         |
|    policy_gradient_loss | 0.000544     |
|    value_loss           | 10.4         |
------------------------------------------
------------------------------------------
| rollout/                |              |
|    ep_len_mean          | 16.4         |
|    ep_rew_mean          | 5.96         |
| time/                   |              |
|    fps                  | 305          |
|    iterations           | 275          |
|    time_elapsed         | 460          |
|    total_timesteps      | 140800       |
| train/                  |              |
|    approx_kl            | 0.0008898204 |
|    clip_fraction        | 0.00937      |
|    clip_range           | 0.2          |
|    entropy_loss         | -0.106       |
|    explained_variance   | 0.494        |
|    learning_rate        | 0.0003       |
|    loss                 | 7.8          |
|    n_updates            | 1370         |
|    policy_gradient_loss | -0.00375     |
|    value_loss           | 12.4         |
------------------------------------------
------------------------------------------
| rollout/                |              |
|    ep_len_mean          | 12.5         |
|    ep_rew_mean          | 3.65         |
| time/                   |              |
|    fps                  | 305          |
|    iterations           | 276          |
|    time_elapsed         | 462          |
|    total_timesteps      | 141312       |
| train/                  |              |
|    approx_kl            | 0.0014304628 |
|    clip_fraction        | 0.0191       |
|    clip_range           | 0.2          |
|    entropy_loss         | -0.103       |
|    explained_variance   | 0.599        |
|    learning_rate        | 0.0003       |
|    loss                 | 6.52         |
|    n_updates            | 1375         |
|    policy_gradient_loss | -0.00442     |
|    value_loss           | 11           |
------------------------------------------
-------------------------------------------
| rollout/                |               |
|    ep_len_mean          | 14.6          |
|    ep_rew_mean          | 4.31          |
| time/                   |               |
|    fps                  | 305           |
|    iterations           | 277           |
|    time_elapsed         | 464           |
|    total_timesteps      | 141824        |
| train/                  |               |
|    approx_kl            | 0.00015170919 |
|    clip_fraction        | 0             |
|    clip_range           | 0.2           |
|    entropy_loss         | -0.138        |
|    explained_variance   | 0.625         |
|    learning_rate        | 0.0003        |
|    loss                 | 3.79          |
|    n_updates            | 1380          |
|    policy_gradient_loss | 0.000202      |
|    value_loss           | 9.85          |
-------------------------------------------
------------------------------------------
| rollout/                |              |
|    ep_len_mean          | 14.3         |
|    ep_rew_mean          | 4.38         |
| time/                   |              |
|    fps                  | 305          |
|    iterations           | 278          |
|    time_elapsed         | 466          |
|    total_timesteps      | 142336       |
| train/                  |              |
|    approx_kl            | 0.0005970669 |
|    clip_fraction        | 0.00234      |
|    clip_range           | 0.2          |
|    entropy_loss         | -0.0843      |
|    explained_variance   | 0.613        |
|    learning_rate        | 0.0003       |
|    loss                 | 4.63         |
|    n_updates            | 1385         |
|    policy_gradient_loss | 0.000886     |
|    value_loss           | 12.6         |
------------------------------------------
-------------------------------------------
| rollout/                |               |
|    ep_len_mean          | 14.2          |
|    ep_rew_mean          | 4.83          |
| time/                   |               |
|    fps                  | 305           |
|    iterations           | 279           |
|    time_elapsed         | 467           |
|    total_timesteps      | 142848        |
| train/                  |               |
|    approx_kl            | 0.00047312846 |
|    clip_fraction        | 0.00117       |
|    clip_range           | 0.2           |
|    entropy_loss         | -0.107        |
|    explained_variance   | 0.699         |
|    learning_rate        | 0.0003        |
|    loss                 | 3.97          |
|    n_updates            | 1390          |
|    policy_gradient_loss | -0.000717     |
|    value_loss           | 7.75          |
-------------------------------------------
------------------------------------------
| rollout/                |              |
|    ep_len_mean          | 12.2         |
|    ep_rew_mean          | 4.24         |
| time/                   |              |
|    fps                  | 305          |
|    iterations           | 280          |
|    time_elapsed         | 469          |
|    total_timesteps      | 143360       |
| train/                  |              |
|    approx_kl            | 0.0001660412 |
|    clip_fraction        | 0.00273      |
|    clip_range           | 0.2          |
|    entropy_loss         | -0.108       |
|    explained_variance   | 0.666        |
|    learning_rate        | 0.0003       |
|    loss                 | 4.6          |
|    n_updates            | 1395         |
|    policy_gradient_loss | -0.00217     |
|    value_loss           | 9.37         |
------------------------------------------
------------------------------------------
| rollout/                |              |
|    ep_len_mean          | 13.7         |
|    ep_rew_mean          | 4.73         |
| time/                   |              |
|    fps                  | 305          |
|    iterations           | 281          |
|    time_elapsed         | 471          |
|    total_timesteps      | 143872       |
| train/                  |              |
|    approx_kl            | 0.0022897332 |
|    clip_fraction        | 0.00937      |
|    clip_range           | 0.2          |
|    entropy_loss         | -0.115       |
|    explained_variance   | 0.647        |
|    learning_rate        | 0.0003       |
|    loss                 | 3.42         |
|    n_updates            | 1400         |
|    policy_gradient_loss | -0.00391     |
|    value_loss           | 13           |
------------------------------------------
-------------------------------------------
| rollout/                |               |
|    ep_len_mean          | 12.5          |
|    ep_rew_mean          | 3.79          |
| time/                   |               |
|    fps                  | 305           |
|    iterations           | 282           |
|    time_elapsed         | 473           |
|    total_timesteps      | 144384        |
| train/                  |               |
|    approx_kl            | 0.00014132448 |
|    clip_fraction        | 0             |
|    clip_range           | 0.2           |
|    entropy_loss         | -0.107        |
|    explained_variance   | 0.603         |
|    learning_rate        | 0.0003        |
|    loss                 | 5.76          |
|    n_updates            | 1405          |
|    policy_gradient_loss | 0.000305      |
|    value_loss           | 13.2          |
-------------------------------------------
-------------------------------------------
| rollout/                |               |
|    ep_len_mean          | 13            |
|    ep_rew_mean          | 3.96          |
| time/                   |               |
|    fps                  | 305           |
|    iterations           | 283           |
|    time_elapsed         | 474           |
|    total_timesteps      | 144896        |
| train/                  |               |
|    approx_kl            | 0.00058486516 |
|    clip_fraction        | 0             |
|    clip_range           | 0.2           |
|    entropy_loss         | -0.109        |
|    explained_variance   | 0.649         |
|    learning_rate        | 0.0003        |
|    loss                 | 4.09          |
|    n_updates            | 1410          |
|    policy_gradient_loss | -0.00118      |
|    value_loss           | 9.6           |
-------------------------------------------
-------------------------------------------
| rollout/                |               |
|    ep_len_mean          | 14.1          |
|    ep_rew_mean          | 4.15          |
| time/                   |               |
|    fps                  | 305           |
|    iterations           | 284           |
|    time_elapsed         | 476           |
|    total_timesteps      | 145408        |
| train/                  |               |
|    approx_kl            | 0.00096543075 |
|    clip_fraction        | 0.0133        |
|    clip_range           | 0.2           |
|    entropy_loss         | -0.116        |
|    explained_variance   | 0.675         |
|    learning_rate        | 0.0003        |
|    loss                 | 4.21          |
|    n_updates            | 1415          |
|    policy_gradient_loss | 0.00162       |
|    value_loss           | 9.7           |
-------------------------------------------
-------------------------------------------
| rollout/                |               |
|    ep_len_mean          | 14.9          |
|    ep_rew_mean          | 4.99          |
| time/                   |               |
|    fps                  | 305           |
|    iterations           | 285           |
|    time_elapsed         | 478           |
|    total_timesteps      | 145920        |
| train/                  |               |
|    approx_kl            | 0.00056023657 |
|    clip_fraction        | 0.000391      |
|    clip_range           | 0.2           |
|    entropy_loss         | -0.1          |
|    explained_variance   | 0.517         |
|    learning_rate        | 0.0003        |
|    loss                 | 6.06          |
|    n_updates            | 1420          |
|    policy_gradient_loss | -0.000759     |
|    value_loss           | 13.9          |
-------------------------------------------
-------------------------------------------
| rollout/                |               |
|    ep_len_mean          | 15.6          |
|    ep_rew_mean          | 4.91          |
| time/                   |               |
|    fps                  | 304           |
|    iterations           | 286           |
|    time_elapsed         | 480           |
|    total_timesteps      | 146432        |
| train/                  |               |
|    approx_kl            | 0.00016345334 |
|    clip_fraction        | 0             |
|    clip_range           | 0.2           |
|    entropy_loss         | -0.0929       |
|    explained_variance   | 0.686         |
|    learning_rate        | 0.0003        |
|    loss                 | 3.93          |
|    n_updates            | 1425          |
|    policy_gradient_loss | -0.000594     |
|    value_loss           | 10.5          |
-------------------------------------------
-----------------------------------------
| rollout/                |             |
|    ep_len_mean          | 16.6        |
|    ep_rew_mean          | 5.54        |
| time/                   |             |
|    fps                  | 304         |
|    iterations           | 287         |
|    time_elapsed         | 481         |
|    total_timesteps      | 146944      |
| train/                  |             |
|    approx_kl            | 0.007991299 |
|    clip_fraction        | 0.027       |
|    clip_range           | 0.2         |
|    entropy_loss         | -0.142      |
|    explained_variance   | 0.648       |
|    learning_rate        | 0.0003      |
|    loss                 | 7.92        |
|    n_updates            | 1430        |
|    policy_gradient_loss | 0.00254     |
|    value_loss           | 14.8        |
-----------------------------------------
-----------------------------------------
| rollout/                |             |
|    ep_len_mean          | 13.4        |
|    ep_rew_mean          | 4.07        |
| time/                   |             |
|    fps                  | 305         |
|    iterations           | 288         |
|    time_elapsed         | 483         |
|    total_timesteps      | 147456      |
| train/                  |             |
|    approx_kl            | 0.010125041 |
|    clip_fraction        | 0.0375      |
|    clip_range           | 0.2         |
|    entropy_loss         | -0.126      |
|    explained_variance   | 0.669       |
|    learning_rate        | 0.0003      |
|    loss                 | 5.59        |
|    n_updates            | 1435        |
|    policy_gradient_loss | 0.00592     |
|    value_loss           | 12.3        |
-----------------------------------------
------------------------------------------
| rollout/                |              |
|    ep_len_mean          | 8.61         |
|    ep_rew_mean          | 2.84         |
| time/                   |              |
|    fps                  | 305          |
|    iterations           | 289          |
|    time_elapsed         | 485          |
|    total_timesteps      | 147968       |
| train/                  |              |
|    approx_kl            | 0.0041935733 |
|    clip_fraction        | 0.0141       |
|    clip_range           | 0.2          |
|    entropy_loss         | -0.174       |
|    explained_variance   | 0.555        |
|    learning_rate        | 0.0003       |
|    loss                 | 8.35         |
|    n_updates            | 1440         |
|    policy_gradient_loss | 0.00134      |
|    value_loss           | 16.6         |
------------------------------------------
------------------------------------------
| rollout/                |              |
|    ep_len_mean          | 6.57         |
|    ep_rew_mean          | 2            |
| time/                   |              |
|    fps                  | 305          |
|    iterations           | 290          |
|    time_elapsed         | 486          |
|    total_timesteps      | 148480       |
| train/                  |              |
|    approx_kl            | 0.0012753259 |
|    clip_fraction        | 0.0148       |
|    clip_range           | 0.2          |
|    entropy_loss         | -0.195       |
|    explained_variance   | 0.665        |
|    learning_rate        | 0.0003       |
|    loss                 | 3.42         |
|    n_updates            | 1445         |
|    policy_gradient_loss | -0.00517     |
|    value_loss           | 8.49         |
------------------------------------------
------------------------------------------
| rollout/                |              |
|    ep_len_mean          | 7.34         |
|    ep_rew_mean          | 2.46         |
| time/                   |              |
|    fps                  | 305          |
|    iterations           | 291          |
|    time_elapsed         | 488          |
|    total_timesteps      | 148992       |
| train/                  |              |
|    approx_kl            | 0.0013375331 |
|    clip_fraction        | 0.00234      |
|    clip_range           | 0.2          |
|    entropy_loss         | -0.289       |
|    explained_variance   | 0.659        |
|    learning_rate        | 0.0003       |
|    loss                 | 1.88         |
|    n_updates            | 1450         |
|    policy_gradient_loss | 0.00306      |
|    value_loss           | 6.36         |
------------------------------------------
-------------------------------------------
| rollout/                |               |
|    ep_len_mean          | 9.69          |
|    ep_rew_mean          | 3.7           |
| time/                   |               |
|    fps                  | 304           |
|    iterations           | 292           |
|    time_elapsed         | 490           |
|    total_timesteps      | 149504        |
| train/                  |               |
|    approx_kl            | 0.00028350257 |
|    clip_fraction        | 0.0137        |
|    clip_range           | 0.2           |
|    entropy_loss         | -0.21         |
|    explained_variance   | 0.663         |
|    learning_rate        | 0.0003        |
|    loss                 | 3.06          |
|    n_updates            | 1455          |
|    policy_gradient_loss | -0.00496      |
|    value_loss           | 7.06          |
-------------------------------------------
-----------------------------------------
| rollout/                |             |
|    ep_len_mean          | 12.2        |
|    ep_rew_mean          | 5.01        |
| time/                   |             |
|    fps                  | 305         |
|    iterations           | 293         |
|    time_elapsed         | 491         |
|    total_timesteps      | 150016      |
| train/                  |             |
|    approx_kl            | 0.004071573 |
|    clip_fraction        | 0.0246      |
|    clip_range           | 0.2         |
|    entropy_loss         | -0.114      |
|    explained_variance   | 0.571       |
|    learning_rate        | 0.0003      |
|    loss                 | 5.2         |
|    n_updates            | 1460        |
|    policy_gradient_loss | -0.0076     |
|    value_loss           | 10          |
-----------------------------------------
------------------------------------------
| rollout/                |              |
|    ep_len_mean          | 12.8         |
|    ep_rew_mean          | 5.33         |
| time/                   |              |
|    fps                  | 305          |
|    iterations           | 294          |
|    time_elapsed         | 493          |
|    total_timesteps      | 150528       |
| train/                  |              |
|    approx_kl            | 0.0007616581 |
|    clip_fraction        | 0.00352      |
|    clip_range           | 0.2          |
|    entropy_loss         | -0.109       |
|    explained_variance   | 0.628        |
|    learning_rate        | 0.0003       |
|    loss                 | 4.77         |
|    n_updates            | 1465         |
|    policy_gradient_loss | -0.00164     |
|    value_loss           | 9.17         |
------------------------------------------
---------------------------------------
| rollout/                |           |
|    ep_len_mean          | 11.8      |
|    ep_rew_mean          | 4.59      |
| time/                   |           |
|    fps                  | 305       |
|    iterations           | 295       |
|    time_elapsed         | 495       |
|    total_timesteps      | 151040    |
| train/                  |           |
|    approx_kl            | 0.0017869 |
|    clip_fraction        | 0.0277    |
|    clip_range           | 0.2       |
|    entropy_loss         | -0.0949   |
|    explained_variance   | 0.575     |
|    learning_rate        | 0.0003    |
|    loss                 | 6.23      |
|    n_updates            | 1470      |
|    policy_gradient_loss | -0.00621  |
|    value_loss           | 11.8      |
---------------------------------------
------------------------------------------
| rollout/                |              |
|    ep_len_mean          | 8.9          |
|    ep_rew_mean          | 2.73         |
| time/                   |              |
|    fps                  | 305          |
|    iterations           | 296          |
|    time_elapsed         | 496          |
|    total_timesteps      | 151552       |
| train/                  |              |
|    approx_kl            | 0.0075542103 |
|    clip_fraction        | 0.0426       |
|    clip_range           | 0.2          |
|    entropy_loss         | -0.176       |
|    explained_variance   | 0.687        |
|    learning_rate        | 0.0003       |
|    loss                 | 2.91         |
|    n_updates            | 1475         |
|    policy_gradient_loss | 0.00325      |
|    value_loss           | 9.11         |
------------------------------------------
-------------------------------------------
| rollout/                |               |
|    ep_len_mean          | 8.68          |
|    ep_rew_mean          | 3             |
| time/                   |               |
|    fps                  | 305           |
|    iterations           | 297           |
|    time_elapsed         | 498           |
|    total_timesteps      | 152064        |
| train/                  |               |
|    approx_kl            | 0.00082709215 |
|    clip_fraction        | 0.00937       |
|    clip_range           | 0.2           |
|    entropy_loss         | -0.199        |
|    explained_variance   | 0.626         |
|    learning_rate        | 0.0003        |
|    loss                 | 7.74          |
|    n_updates            | 1480          |
|    policy_gradient_loss | -0.00339      |
|    value_loss           | 11.9          |
-------------------------------------------
------------------------------------------
| rollout/                |              |
|    ep_len_mean          | 9.71         |
|    ep_rew_mean          | 3.44         |
| time/                   |              |
|    fps                  | 305          |
|    iterations           | 298          |
|    time_elapsed         | 500          |
|    total_timesteps      | 152576       |
| train/                  |              |
|    approx_kl            | 0.0003498018 |
|    clip_fraction        | 0            |
|    clip_range           | 0.2          |
|    entropy_loss         | -0.149       |
|    explained_variance   | 0.634        |
|    learning_rate        | 0.0003       |
|    loss                 | 4.98         |
|    n_updates            | 1485         |
|    policy_gradient_loss | -0.00231     |
|    value_loss           | 8.78         |
------------------------------------------
-----------------------------------------
| rollout/                |             |
|    ep_len_mean          | 5.53        |
|    ep_rew_mean          | 1.4         |
| time/                   |             |
|    fps                  | 304         |
|    iterations           | 299         |
|    time_elapsed         | 501         |
|    total_timesteps      | 153088      |
| train/                  |             |
|    approx_kl            | 0.011867909 |
|    clip_fraction        | 0.0566      |
|    clip_range           | 0.2         |
|    entropy_loss         | -0.218      |
|    explained_variance   | 0.688       |
|    learning_rate        | 0.0003      |
|    loss                 | 2.9         |
|    n_updates            | 1490        |
|    policy_gradient_loss | 0.00843     |
|    value_loss           | 8.73        |
-----------------------------------------
------------------------------------------
| rollout/                |              |
|    ep_len_mean          | 6.55         |
|    ep_rew_mean          | 2.31         |
| time/                   |              |
|    fps                  | 304          |
|    iterations           | 300          |
|    time_elapsed         | 503          |
|    total_timesteps      | 153600       |
| train/                  |              |
|    approx_kl            | 0.0008331823 |
|    clip_fraction        | 0.0414       |
|    clip_range           | 0.2          |
|    entropy_loss         | -0.35        |
|    explained_variance   | 0.613        |
|    learning_rate        | 0.0003       |
|    loss                 | 5.15         |
|    n_updates            | 1495         |
|    policy_gradient_loss | 0.00644      |
|    value_loss           | 8.45         |
------------------------------------------
------------------------------------------
| rollout/                |              |
|    ep_len_mean          | 8.37         |
|    ep_rew_mean          | 2.91         |
| time/                   |              |
|    fps                  | 304          |
|    iterations           | 301          |
|    time_elapsed         | 505          |
|    total_timesteps      | 154112       |
| train/                  |              |
|    approx_kl            | 0.0028021839 |
|    clip_fraction        | 0.041        |
|    clip_range           | 0.2          |
|    entropy_loss         | -0.174       |
|    explained_variance   | 0.557        |
|    learning_rate        | 0.0003       |
|    loss                 | 5.39         |
|    n_updates            | 1500         |
|    policy_gradient_loss | -0.0116      |
|    value_loss           | 11.9         |
------------------------------------------
------------------------------------------
| rollout/                |              |
|    ep_len_mean          | 7.7          |
|    ep_rew_mean          | 2.69         |
| time/                   |              |
|    fps                  | 304          |
|    iterations           | 302          |
|    time_elapsed         | 507          |
|    total_timesteps      | 154624       |
| train/                  |              |
|    approx_kl            | 0.0010946218 |
|    clip_fraction        | 0.0043       |
|    clip_range           | 0.2          |
|    entropy_loss         | -0.224       |
|    explained_variance   | 0.703        |
|    learning_rate        | 0.0003       |
|    loss                 | 3.81         |
|    n_updates            | 1505         |
|    policy_gradient_loss | -0.00468     |
|    value_loss           | 8.35         |
------------------------------------------
------------------------------------------
| rollout/                |              |
|    ep_len_mean          | 8.55         |
|    ep_rew_mean          | 3.04         |
| time/                   |              |
|    fps                  | 304          |
|    iterations           | 303          |
|    time_elapsed         | 509          |
|    total_timesteps      | 155136       |
| train/                  |              |
|    approx_kl            | 0.0015717555 |
|    clip_fraction        | 0.0203       |
|    clip_range           | 0.2          |
|    entropy_loss         | -0.178       |
|    explained_variance   | 0.794        |
|    learning_rate        | 0.0003       |
|    loss                 | 3.57         |
|    n_updates            | 1510         |
|    policy_gradient_loss | -0.00787     |
|    value_loss           | 5.47         |
------------------------------------------
------------------------------------------
| rollout/                |              |
|    ep_len_mean          | 7.79         |
|    ep_rew_mean          | 2.69         |
| time/                   |              |
|    fps                  | 304          |
|    iterations           | 304          |
|    time_elapsed         | 511          |
|    total_timesteps      | 155648       |
| train/                  |              |
|    approx_kl            | 0.0009474401 |
|    clip_fraction        | 0.00781      |
|    clip_range           | 0.2          |
|    entropy_loss         | -0.152       |
|    explained_variance   | 0.565        |
|    learning_rate        | 0.0003       |
|    loss                 | 3.42         |
|    n_updates            | 1515         |
|    policy_gradient_loss | -0.00588     |
|    value_loss           | 10.8         |
------------------------------------------
------------------------------------------
| rollout/                |              |
|    ep_len_mean          | 6.41         |
|    ep_rew_mean          | 2.13         |
| time/                   |              |
|    fps                  | 304          |
|    iterations           | 305          |
|    time_elapsed         | 512          |
|    total_timesteps      | 156160       |
| train/                  |              |
|    approx_kl            | 0.0029063802 |
|    clip_fraction        | 0.0227       |
|    clip_range           | 0.2          |
|    entropy_loss         | -0.182       |
|    explained_variance   | 0.675        |
|    learning_rate        | 0.0003       |
|    loss                 | 5.79         |
|    n_updates            | 1520         |
|    policy_gradient_loss | 0.00336      |
|    value_loss           | 7.26         |
------------------------------------------
------------------------------------------
| rollout/                |              |
|    ep_len_mean          | 8.23         |
|    ep_rew_mean          | 2.92         |
| time/                   |              |
|    fps                  | 304          |
|    iterations           | 306          |
|    time_elapsed         | 514          |
|    total_timesteps      | 156672       |
| train/                  |              |
|    approx_kl            | 0.0006151082 |
|    clip_fraction        | 0.0113       |
|    clip_range           | 0.2          |
|    entropy_loss         | -0.173       |
|    explained_variance   | 0.633        |
|    learning_rate        | 0.0003       |
|    loss                 | 2.72         |
|    n_updates            | 1525         |
|    policy_gradient_loss | -0.00623     |
|    value_loss           | 9.02         |
------------------------------------------
------------------------------------------
| rollout/                |              |
|    ep_len_mean          | 9.6          |
|    ep_rew_mean          | 3.62         |
| time/                   |              |
|    fps                  | 304          |
|    iterations           | 307          |
|    time_elapsed         | 515          |
|    total_timesteps      | 157184       |
| train/                  |              |
|    approx_kl            | 0.0006834232 |
|    clip_fraction        | 0.000391     |
|    clip_range           | 0.2          |
|    entropy_loss         | -0.159       |
|    explained_variance   | 0.664        |
|    learning_rate        | 0.0003       |
|    loss                 | 1.6          |
|    n_updates            | 1530         |
|    policy_gradient_loss | -0.00325     |
|    value_loss           | 9.44         |
------------------------------------------
------------------------------------------
| rollout/                |              |
|    ep_len_mean          | 11.1         |
|    ep_rew_mean          | 4.43         |
| time/                   |              |
|    fps                  | 304          |
|    iterations           | 308          |
|    time_elapsed         | 517          |
|    total_timesteps      | 157696       |
| train/                  |              |
|    approx_kl            | 0.0016646988 |
|    clip_fraction        | 0.00625      |
|    clip_range           | 0.2          |
|    entropy_loss         | -0.138       |
|    explained_variance   | 0.634        |
|    learning_rate        | 0.0003       |
|    loss                 | 3.84         |
|    n_updates            | 1535         |
|    policy_gradient_loss | -0.00341     |
|    value_loss           | 11.9         |
------------------------------------------
------------------------------------------
| rollout/                |              |
|    ep_len_mean          | 12.1         |
|    ep_rew_mean          | 4.84         |
| time/                   |              |
|    fps                  | 304          |
|    iterations           | 309          |
|    time_elapsed         | 519          |
|    total_timesteps      | 158208       |
| train/                  |              |
|    approx_kl            | 0.0005572798 |
|    clip_fraction        | 0.00195      |
|    clip_range           | 0.2          |
|    entropy_loss         | -0.0988      |
|    explained_variance   | 0.635        |
|    learning_rate        | 0.0003       |
|    loss                 | 4.28         |
|    n_updates            | 1540         |
|    policy_gradient_loss | -0.00134     |
|    value_loss           | 9.72         |
------------------------------------------
------------------------------------------
| rollout/                |              |
|    ep_len_mean          | 12.4         |
|    ep_rew_mean          | 4.79         |
| time/                   |              |
|    fps                  | 304          |
|    iterations           | 310          |
|    time_elapsed         | 520          |
|    total_timesteps      | 158720       |
| train/                  |              |
|    approx_kl            | 0.0036837705 |
|    clip_fraction        | 0.00937      |
|    clip_range           | 0.2          |
|    entropy_loss         | -0.134       |
|    explained_variance   | 0.66         |
|    learning_rate        | 0.0003       |
|    loss                 | 3.1          |
|    n_updates            | 1545         |
|    policy_gradient_loss | 0.00244      |
|    value_loss           | 10.9         |
------------------------------------------
------------------------------------------
| rollout/                |              |
|    ep_len_mean          | 10.1         |
|    ep_rew_mean          | 3.77         |
| time/                   |              |
|    fps                  | 304          |
|    iterations           | 311          |
|    time_elapsed         | 522          |
|    total_timesteps      | 159232       |
| train/                  |              |
|    approx_kl            | 0.0015244626 |
|    clip_fraction        | 0.0422       |
|    clip_range           | 0.2          |
|    entropy_loss         | -0.17        |
|    explained_variance   | 0.756        |
|    learning_rate        | 0.0003       |
|    loss                 | 2.95         |
|    n_updates            | 1550         |
|    policy_gradient_loss | 0.0072       |
|    value_loss           | 8.55         |
------------------------------------------
------------------------------------------
| rollout/                |              |
|    ep_len_mean          | 10.2         |
|    ep_rew_mean          | 3.96         |
| time/                   |              |
|    fps                  | 304          |
|    iterations           | 312          |
|    time_elapsed         | 523          |
|    total_timesteps      | 159744       |
| train/                  |              |
|    approx_kl            | 0.0013004686 |
|    clip_fraction        | 0.0312       |
|    clip_range           | 0.2          |
|    entropy_loss         | -0.154       |
|    explained_variance   | 0.691        |
|    learning_rate        | 0.0003       |
|    loss                 | 8.17         |
|    n_updates            | 1555         |
|    policy_gradient_loss | -0.00856     |
|    value_loss           | 14.6         |
------------------------------------------
------------------------------------------
| rollout/                |              |
|    ep_len_mean          | 8.81         |
|    ep_rew_mean          | 3.19         |
| time/                   |              |
|    fps                  | 304          |
|    iterations           | 313          |
|    time_elapsed         | 525          |
|    total_timesteps      | 160256       |
| train/                  |              |
|    approx_kl            | 0.0017481102 |
|    clip_fraction        | 0.0187       |
|    clip_range           | 0.2          |
|    entropy_loss         | -0.0946      |
|    explained_variance   | 0.607        |
|    learning_rate        | 0.0003       |
|    loss                 | 8.18         |
|    n_updates            | 1560         |
|    policy_gradient_loss | -0.00729     |
|    value_loss           | 13.5         |
------------------------------------------
-------------------------------------------
| rollout/                |               |
|    ep_len_mean          | 8.38          |
|    ep_rew_mean          | 2.9           |
| time/                   |               |
|    fps                  | 305           |
|    iterations           | 314           |
|    time_elapsed         | 527           |
|    total_timesteps      | 160768        |
| train/                  |               |
|    approx_kl            | 0.00056377664 |
|    clip_fraction        | 0.000781      |
|    clip_range           | 0.2           |
|    entropy_loss         | -0.189        |
|    explained_variance   | 0.651         |
|    learning_rate        | 0.0003        |
|    loss                 | 6.67          |
|    n_updates            | 1565          |
|    policy_gradient_loss | -0.00289      |
|    value_loss           | 9.54          |
-------------------------------------------
-------------------------------------------
| rollout/                |               |
|    ep_len_mean          | 11            |
|    ep_rew_mean          | 4.25          |
| time/                   |               |
|    fps                  | 305           |
|    iterations           | 315           |
|    time_elapsed         | 528           |
|    total_timesteps      | 161280        |
| train/                  |               |
|    approx_kl            | 0.00040815957 |
|    clip_fraction        | 0.00313       |
|    clip_range           | 0.2           |
|    entropy_loss         | -0.158        |
|    explained_variance   | 0.597         |
|    learning_rate        | 0.0003        |
|    loss                 | 5.32          |
|    n_updates            | 1570          |
|    policy_gradient_loss | -0.000721     |
|    value_loss           | 12.6          |
-------------------------------------------
------------------------------------------
| rollout/                |              |
|    ep_len_mean          | 11.3         |
|    ep_rew_mean          | 4.54         |
| time/                   |              |
|    fps                  | 305          |
|    iterations           | 316          |
|    time_elapsed         | 530          |
|    total_timesteps      | 161792       |
| train/                  |              |
|    approx_kl            | 0.0028207316 |
|    clip_fraction        | 0.0316       |
|    clip_range           | 0.2          |
|    entropy_loss         | -0.136       |
|    explained_variance   | 0.807        |
|    learning_rate        | 0.0003       |
|    loss                 | 3.79         |
|    n_updates            | 1575         |
|    policy_gradient_loss | 0.00689      |
|    value_loss           | 5.3          |
------------------------------------------
------------------------------------------
| rollout/                |              |
|    ep_len_mean          | 8.99         |
|    ep_rew_mean          | 3.38         |
| time/                   |              |
|    fps                  | 305          |
|    iterations           | 317          |
|    time_elapsed         | 531          |
|    total_timesteps      | 162304       |
| train/                  |              |
|    approx_kl            | 0.0030723868 |
|    clip_fraction        | 0.0441       |
|    clip_range           | 0.2          |
|    entropy_loss         | -0.119       |
|    explained_variance   | 0.589        |
|    learning_rate        | 0.0003       |
|    loss                 | 7.4          |
|    n_updates            | 1580         |
|    policy_gradient_loss | -0.00571     |
|    value_loss           | 12.6         |
------------------------------------------
------------------------------------------
| rollout/                |              |
|    ep_len_mean          | 8.5          |
|    ep_rew_mean          | 3.3          |
| time/                   |              |
|    fps                  | 305          |
|    iterations           | 318          |
|    time_elapsed         | 533          |
|    total_timesteps      | 162816       |
| train/                  |              |
|    approx_kl            | 0.0013552709 |
|    clip_fraction        | 0.00859      |
|    clip_range           | 0.2          |
|    entropy_loss         | -0.202       |
|    explained_variance   | 0.629        |
|    learning_rate        | 0.0003       |
|    loss                 | 3.95         |
|    n_updates            | 1585         |
|    policy_gradient_loss | -0.00152     |
|    value_loss           | 9.53         |
------------------------------------------
------------------------------------------
| rollout/                |              |
|    ep_len_mean          | 10.2         |
|    ep_rew_mean          | 4.23         |
| time/                   |              |
|    fps                  | 305          |
|    iterations           | 319          |
|    time_elapsed         | 535          |
|    total_timesteps      | 163328       |
| train/                  |              |
|    approx_kl            | 0.0005581115 |
|    clip_fraction        | 0.00352      |
|    clip_range           | 0.2          |
|    entropy_loss         | -0.171       |
|    explained_variance   | 0.653        |
|    learning_rate        | 0.0003       |
|    loss                 | 5.21         |
|    n_updates            | 1590         |
|    policy_gradient_loss | 0.000928     |
|    value_loss           | 10.2         |
------------------------------------------
-----------------------------------------
| rollout/                |             |
|    ep_len_mean          | 5.76        |
|    ep_rew_mean          | 1.68        |
| time/                   |             |
|    fps                  | 305         |
|    iterations           | 320         |
|    time_elapsed         | 536         |
|    total_timesteps      | 163840      |
| train/                  |             |
|    approx_kl            | 0.009320769 |
|    clip_fraction        | 0.0414      |
|    clip_range           | 0.2         |
|    entropy_loss         | -0.155      |
|    explained_variance   | 0.656       |
|    learning_rate        | 0.0003      |
|    loss                 | 3.57        |
|    n_updates            | 1595        |
|    policy_gradient_loss | 0.00938     |
|    value_loss           | 7.45        |
-----------------------------------------
-----------------------------------------
| rollout/                |             |
|    ep_len_mean          | 7.53        |
|    ep_rew_mean          | 2.55        |
| time/                   |             |
|    fps                  | 305         |
|    iterations           | 321         |
|    time_elapsed         | 538         |
|    total_timesteps      | 164352      |
| train/                  |             |
|    approx_kl            | 0.010171512 |
|    clip_fraction        | 0.114       |
|    clip_range           | 0.2         |
|    entropy_loss         | -0.243      |
|    explained_variance   | 0.497       |
|    learning_rate        | 0.0003      |
|    loss                 | 3.36        |
|    n_updates            | 1600        |
|    policy_gradient_loss | -0.0157     |
|    value_loss           | 12.9        |
-----------------------------------------
-----------------------------------------
| rollout/                |             |
|    ep_len_mean          | 8.03        |
|    ep_rew_mean          | 2.77        |
| time/                   |             |
|    fps                  | 305         |
|    iterations           | 322         |
|    time_elapsed         | 539         |
|    total_timesteps      | 164864      |
| train/                  |             |
|    approx_kl            | 0.001330845 |
|    clip_fraction        | 0.0121      |
|    clip_range           | 0.2         |
|    entropy_loss         | -0.14       |
|    explained_variance   | 0.639       |
|    learning_rate        | 0.0003      |
|    loss                 | 4.57        |
|    n_updates            | 1605        |
|    policy_gradient_loss | -0.00273    |
|    value_loss           | 11.5        |
-----------------------------------------
------------------------------------------
| rollout/                |              |
|    ep_len_mean          | 9.53         |
|    ep_rew_mean          | 3.43         |
| time/                   |              |
|    fps                  | 305          |
|    iterations           | 323          |
|    time_elapsed         | 541          |
|    total_timesteps      | 165376       |
| train/                  |              |
|    approx_kl            | 0.0015594708 |
|    clip_fraction        | 0.00898      |
|    clip_range           | 0.2          |
|    entropy_loss         | -0.241       |
|    explained_variance   | 0.662        |
|    learning_rate        | 0.0003       |
|    loss                 | 3.12         |
|    n_updates            | 1610         |
|    policy_gradient_loss | -0.00634     |
|    value_loss           | 7.81         |
------------------------------------------
------------------------------------------
| rollout/                |              |
|    ep_len_mean          | 11.8         |
|    ep_rew_mean          | 4.61         |
| time/                   |              |
|    fps                  | 305          |
|    iterations           | 324          |
|    time_elapsed         | 543          |
|    total_timesteps      | 165888       |
| train/                  |              |
|    approx_kl            | 0.0004280907 |
|    clip_fraction        | 0.00195      |
|    clip_range           | 0.2          |
|    entropy_loss         | -0.0983      |
|    explained_variance   | 0.6          |
|    learning_rate        | 0.0003       |
|    loss                 | 5.32         |
|    n_updates            | 1615         |
|    policy_gradient_loss | -0.00258     |
|    value_loss           | 10.8         |
------------------------------------------
------------------------------------------
| rollout/                |              |
|    ep_len_mean          | 13.1         |
|    ep_rew_mean          | 5.24         |
| time/                   |              |
|    fps                  | 305          |
|    iterations           | 325          |
|    time_elapsed         | 544          |
|    total_timesteps      | 166400       |
| train/                  |              |
|    approx_kl            | 0.0030077707 |
|    clip_fraction        | 0.0512       |
|    clip_range           | 0.2          |
|    entropy_loss         | -0.147       |
|    explained_variance   | 0.637        |
|    learning_rate        | 0.0003       |
|    loss                 | 3.75         |
|    n_updates            | 1620         |
|    policy_gradient_loss | -0.000244    |
|    value_loss           | 10.1         |
------------------------------------------
------------------------------------------
| rollout/                |              |
|    ep_len_mean          | 12.9         |
|    ep_rew_mean          | 4.88         |
| time/                   |              |
|    fps                  | 305          |
|    iterations           | 326          |
|    time_elapsed         | 547          |
|    total_timesteps      | 166912       |
| train/                  |              |
|    approx_kl            | 0.0050268555 |
|    clip_fraction        | 0.0375       |
|    clip_range           | 0.2          |
|    entropy_loss         | -0.0849      |
|    explained_variance   | 0.546        |
|    learning_rate        | 0.0003       |
|    loss                 | 2.83         |
|    n_updates            | 1625         |
|    policy_gradient_loss | -0.0139      |
|    value_loss           | 12.6         |
------------------------------------------
------------------------------------------
| rollout/                |              |
|    ep_len_mean          | 13.9         |
|    ep_rew_mean          | 5.31         |
| time/                   |              |
|    fps                  | 304          |
|    iterations           | 327          |
|    time_elapsed         | 549          |
|    total_timesteps      | 167424       |
| train/                  |              |
|    approx_kl            | 0.0012099826 |
|    clip_fraction        | 0.0133       |
|    clip_range           | 0.2          |
|    entropy_loss         | -0.0957      |
|    explained_variance   | 0.721        |
|    learning_rate        | 0.0003       |
|    loss                 | 3.82         |
|    n_updates            | 1630         |
|    policy_gradient_loss | 0.00176      |
|    value_loss           | 11.1         |
------------------------------------------
------------------------------------------
| rollout/                |              |
|    ep_len_mean          | 14.9         |
|    ep_rew_mean          | 5.53         |
| time/                   |              |
|    fps                  | 304          |
|    iterations           | 328          |
|    time_elapsed         | 551          |
|    total_timesteps      | 167936       |
| train/                  |              |
|    approx_kl            | 0.0052502025 |
|    clip_fraction        | 0.048        |
|    clip_range           | 0.2          |
|    entropy_loss         | -0.101       |
|    explained_variance   | 0.515        |
|    learning_rate        | 0.0003       |
|    loss                 | 4.65         |
|    n_updates            | 1635         |
|    policy_gradient_loss | -0.0105      |
|    value_loss           | 12.7         |
------------------------------------------
------------------------------------------
| rollout/                |              |
|    ep_len_mean          | 13.6         |
|    ep_rew_mean          | 5.47         |
| time/                   |              |
|    fps                  | 304          |
|    iterations           | 329          |
|    time_elapsed         | 553          |
|    total_timesteps      | 168448       |
| train/                  |              |
|    approx_kl            | 0.0052937833 |
|    clip_fraction        | 0.027        |
|    clip_range           | 0.2          |
|    entropy_loss         | -0.115       |
|    explained_variance   | 0.687        |
|    learning_rate        | 0.0003       |
|    loss                 | 5.61         |
|    n_updates            | 1640         |
|    policy_gradient_loss | 0.00237      |
|    value_loss           | 9.29         |
------------------------------------------
------------------------------------------
| rollout/                |              |
|    ep_len_mean          | 11.9         |
|    ep_rew_mean          | 4.9          |
| time/                   |              |
|    fps                  | 304          |
|    iterations           | 330          |
|    time_elapsed         | 555          |
|    total_timesteps      | 168960       |
| train/                  |              |
|    approx_kl            | 0.0013205709 |
|    clip_fraction        | 0.0043       |
|    clip_range           | 0.2          |
|    entropy_loss         | -0.124       |
|    explained_variance   | 0.719        |
|    learning_rate        | 0.0003       |
|    loss                 | 3.42         |
|    n_updates            | 1645         |
|    policy_gradient_loss | -0.00238     |
|    value_loss           | 7.54         |
------------------------------------------
------------------------------------------
| rollout/                |              |
|    ep_len_mean          | 11.5         |
|    ep_rew_mean          | 4.23         |
| time/                   |              |
|    fps                  | 304          |
|    iterations           | 331          |
|    time_elapsed         | 557          |
|    total_timesteps      | 169472       |
| train/                  |              |
|    approx_kl            | 0.0010215873 |
|    clip_fraction        | 0.0176       |
|    clip_range           | 0.2          |
|    entropy_loss         | -0.0811      |
|    explained_variance   | 0.588        |
|    learning_rate        | 0.0003       |
|    loss                 | 5.29         |
|    n_updates            | 1650         |
|    policy_gradient_loss | -0.00523     |
|    value_loss           | 10.2         |
------------------------------------------
------------------------------------------
| rollout/                |              |
|    ep_len_mean          | 10.4         |
|    ep_rew_mean          | 3.15         |
| time/                   |              |
|    fps                  | 304          |
|    iterations           | 332          |
|    time_elapsed         | 558          |
|    total_timesteps      | 169984       |
| train/                  |              |
|    approx_kl            | 0.0017728722 |
|    clip_fraction        | 0.0297       |
|    clip_range           | 0.2          |
|    entropy_loss         | -0.19        |
|    explained_variance   | 0.648        |
|    learning_rate        | 0.0003       |
|    loss                 | 4.45         |
|    n_updates            | 1655         |
|    policy_gradient_loss | 0.00361      |
|    value_loss           | 8.76         |
------------------------------------------
------------------------------------------
| rollout/                |              |
|    ep_len_mean          | 12.6         |
|    ep_rew_mean          | 4.43         |
| time/                   |              |
|    fps                  | 304          |
|    iterations           | 333          |
|    time_elapsed         | 560          |
|    total_timesteps      | 170496       |
| train/                  |              |
|    approx_kl            | 0.0024329806 |
|    clip_fraction        | 0.00898      |
|    clip_range           | 0.2          |
|    entropy_loss         | -0.137       |
|    explained_variance   | 0.582        |
|    learning_rate        | 0.0003       |
|    loss                 | 6.25         |
|    n_updates            | 1660         |
|    policy_gradient_loss | -1.68e-05    |
|    value_loss           | 9.4          |
------------------------------------------
-----------------------------------------
| rollout/                |             |
|    ep_len_mean          | 11.1        |
|    ep_rew_mean          | 4.04        |
| time/                   |             |
|    fps                  | 304         |
|    iterations           | 334         |
|    time_elapsed         | 562         |
|    total_timesteps      | 171008      |
| train/                  |             |
|    approx_kl            | 0.000690647 |
|    clip_fraction        | 0.00508     |
|    clip_range           | 0.2         |
|    entropy_loss         | -0.117      |
|    explained_variance   | 0.465       |
|    learning_rate        | 0.0003      |
|    loss                 | 4.3         |
|    n_updates            | 1665        |
|    policy_gradient_loss | -0.0032     |
|    value_loss           | 13.8        |
-----------------------------------------
------------------------------------------
| rollout/                |              |
|    ep_len_mean          | 9.9          |
|    ep_rew_mean          | 3.43         |
| time/                   |              |
|    fps                  | 304          |
|    iterations           | 335          |
|    time_elapsed         | 564          |
|    total_timesteps      | 171520       |
| train/                  |              |
|    approx_kl            | 0.0017097088 |
|    clip_fraction        | 0.00742      |
|    clip_range           | 0.2          |
|    entropy_loss         | -0.142       |
|    explained_variance   | 0.61         |
|    learning_rate        | 0.0003       |
|    loss                 | 3.49         |
|    n_updates            | 1670         |
|    policy_gradient_loss | 0.000121     |
|    value_loss           | 9.86         |
------------------------------------------
------------------------------------------
| rollout/                |              |
|    ep_len_mean          | 10.2         |
|    ep_rew_mean          | 3.56         |
| time/                   |              |
|    fps                  | 303          |
|    iterations           | 336          |
|    time_elapsed         | 566          |
|    total_timesteps      | 172032       |
| train/                  |              |
|    approx_kl            | 0.0012810328 |
|    clip_fraction        | 0.0176       |
|    clip_range           | 0.2          |
|    entropy_loss         | -0.126       |
|    explained_variance   | 0.667        |
|    learning_rate        | 0.0003       |
|    loss                 | 6.47         |
|    n_updates            | 1675         |
|    policy_gradient_loss | -0.00742     |
|    value_loss           | 10.3         |
------------------------------------------
------------------------------------------
| rollout/                |              |
|    ep_len_mean          | 9.85         |
|    ep_rew_mean          | 3.48         |
| time/                   |              |
|    fps                  | 303          |
|    iterations           | 337          |
|    time_elapsed         | 567          |
|    total_timesteps      | 172544       |
| train/                  |              |
|    approx_kl            | 0.0016447456 |
|    clip_fraction        | 0.0199       |
|    clip_range           | 0.2          |
|    entropy_loss         | -0.087       |
|    explained_variance   | 0.605        |
|    learning_rate        | 0.0003       |
|    loss                 | 5.72         |
|    n_updates            | 1680         |
|    policy_gradient_loss | -0.00486     |
|    value_loss           | 10.5         |
------------------------------------------
------------------------------------------
| rollout/                |              |
|    ep_len_mean          | 10.7         |
|    ep_rew_mean          | 3.9          |
| time/                   |              |
|    fps                  | 303          |
|    iterations           | 338          |
|    time_elapsed         | 569          |
|    total_timesteps      | 173056       |
| train/                  |              |
|    approx_kl            | 0.0005665669 |
|    clip_fraction        | 0.00547      |
|    clip_range           | 0.2          |
|    entropy_loss         | -0.169       |
|    explained_variance   | 0.665        |
|    learning_rate        | 0.0003       |
|    loss                 | 5.43         |
|    n_updates            | 1685         |
|    policy_gradient_loss | -0.00156     |
|    value_loss           | 11.3         |
------------------------------------------
------------------------------------------
| rollout/                |              |
|    ep_len_mean          | 9.18         |
|    ep_rew_mean          | 3.26         |
| time/                   |              |
|    fps                  | 303          |
|    iterations           | 339          |
|    time_elapsed         | 571          |
|    total_timesteps      | 173568       |
| train/                  |              |
|    approx_kl            | 0.0010068057 |
|    clip_fraction        | 0.0043       |
|    clip_range           | 0.2          |
|    entropy_loss         | -0.112       |
|    explained_variance   | 0.708        |
|    learning_rate        | 0.0003       |
|    loss                 | 8.12         |
|    n_updates            | 1690         |
|    policy_gradient_loss | 0.000775     |
|    value_loss           | 10.4         |
------------------------------------------
-------------------------------------------
| rollout/                |               |
|    ep_len_mean          | 10.9          |
|    ep_rew_mean          | 4.37          |
| time/                   |               |
|    fps                  | 303           |
|    iterations           | 340           |
|    time_elapsed         | 573           |
|    total_timesteps      | 174080        |
| train/                  |               |
|    approx_kl            | 0.00071535184 |
|    clip_fraction        | 0.00664       |
|    clip_range           | 0.2           |
|    entropy_loss         | -0.18         |
|    explained_variance   | 0.693         |
|    learning_rate        | 0.0003        |
|    loss                 | 6.51          |
|    n_updates            | 1695          |
|    policy_gradient_loss | 0.00207       |
|    value_loss           | 8.2           |
-------------------------------------------
-----------------------------------------
| rollout/                |             |
|    ep_len_mean          | 13.2        |
|    ep_rew_mean          | 5.3         |
| time/                   |             |
|    fps                  | 303         |
|    iterations           | 341         |
|    time_elapsed         | 575         |
|    total_timesteps      | 174592      |
| train/                  |             |
|    approx_kl            | 0.003966539 |
|    clip_fraction        | 0.032       |
|    clip_range           | 0.2         |
|    entropy_loss         | -0.078      |
|    explained_variance   | 0.58        |
|    learning_rate        | 0.0003      |
|    loss                 | 5.38        |
|    n_updates            | 1700        |
|    policy_gradient_loss | -0.0121     |
|    value_loss           | 13.8        |
-----------------------------------------
-----------------------------------------
| rollout/                |             |
|    ep_len_mean          | 14.2        |
|    ep_rew_mean          | 5.73        |
| time/                   |             |
|    fps                  | 303         |
|    iterations           | 342         |
|    time_elapsed         | 577         |
|    total_timesteps      | 175104      |
| train/                  |             |
|    approx_kl            | 0.002780859 |
|    clip_fraction        | 0.0543      |
|    clip_range           | 0.2         |
|    entropy_loss         | -0.151      |
|    explained_variance   | 0.781       |
|    learning_rate        | 0.0003      |
|    loss                 | 3.97        |
|    n_updates            | 1705        |
|    policy_gradient_loss | 0.00682     |
|    value_loss           | 6.51        |
-----------------------------------------
-------------------------------------------
| rollout/                |               |
|    ep_len_mean          | 11.8          |
|    ep_rew_mean          | 3.94          |
| time/                   |               |
|    fps                  | 303           |
|    iterations           | 343           |
|    time_elapsed         | 578           |
|    total_timesteps      | 175616        |
| train/                  |               |
|    approx_kl            | 0.00039085146 |
|    clip_fraction        | 0.00586       |
|    clip_range           | 0.2           |
|    entropy_loss         | -0.0846       |
|    explained_variance   | 0.581         |
|    learning_rate        | 0.0003        |
|    loss                 | 5.29          |
|    n_updates            | 1710          |
|    policy_gradient_loss | -0.0022       |
|    value_loss           | 13            |
-------------------------------------------
-----------------------------------------
| rollout/                |             |
|    ep_len_mean          | 12          |
|    ep_rew_mean          | 3.98        |
| time/                   |             |
|    fps                  | 303         |
|    iterations           | 344         |
|    time_elapsed         | 580         |
|    total_timesteps      | 176128      |
| train/                  |             |
|    approx_kl            | 0.013312534 |
|    clip_fraction        | 0.0437      |
|    clip_range           | 0.2         |
|    entropy_loss         | -0.189      |
|    explained_variance   | 0.693       |
|    learning_rate        | 0.0003      |
|    loss                 | 4.23        |
|    n_updates            | 1715        |
|    policy_gradient_loss | 0.00293     |
|    value_loss           | 8.19        |
-----------------------------------------
-------------------------------------------
| rollout/                |               |
|    ep_len_mean          | 10.8          |
|    ep_rew_mean          | 4.13          |
| time/                   |               |
|    fps                  | 303           |
|    iterations           | 345           |
|    time_elapsed         | 582           |
|    total_timesteps      | 176640        |
| train/                  |               |
|    approx_kl            | 0.00072573416 |
|    clip_fraction        | 0.0254        |
|    clip_range           | 0.2           |
|    entropy_loss         | -0.146        |
|    explained_variance   | 0.634         |
|    learning_rate        | 0.0003        |
|    loss                 | 4.61          |
|    n_updates            | 1720          |
|    policy_gradient_loss | 0.00502       |
|    value_loss           | 9.85          |
-------------------------------------------
----------------------------------------
| rollout/                |            |
|    ep_len_mean          | 9.73       |
|    ep_rew_mean          | 3.67       |
| time/                   |            |
|    fps                  | 302        |
|    iterations           | 346        |
|    time_elapsed         | 584        |
|    total_timesteps      | 177152     |
| train/                  |            |
|    approx_kl            | 0.00139289 |
|    clip_fraction        | 0.00547    |
|    clip_range           | 0.2        |
|    entropy_loss         | -0.162     |
|    explained_variance   | 0.651      |
|    learning_rate        | 0.0003     |
|    loss                 | 2.33       |
|    n_updates            | 1725       |
|    policy_gradient_loss | -0.00469   |
|    value_loss           | 9.03       |
----------------------------------------
-------------------------------------------
| rollout/                |               |
|    ep_len_mean          | 10.5          |
|    ep_rew_mean          | 3.87          |
| time/                   |               |
|    fps                  | 302           |
|    iterations           | 347           |
|    time_elapsed         | 586           |
|    total_timesteps      | 177664        |
| train/                  |               |
|    approx_kl            | 0.00096713874 |
|    clip_fraction        | 0.00508       |
|    clip_range           | 0.2           |
|    entropy_loss         | -0.138        |
|    explained_variance   | 0.622         |
|    learning_rate        | 0.0003        |
|    loss                 | 5.73          |
|    n_updates            | 1730          |
|    policy_gradient_loss | -0.004        |
|    value_loss           | 11.3          |
-------------------------------------------
------------------------------------------
| rollout/                |              |
|    ep_len_mean          | 13.7         |
|    ep_rew_mean          | 5.68         |
| time/                   |              |
|    fps                  | 302          |
|    iterations           | 348          |
|    time_elapsed         | 588          |
|    total_timesteps      | 178176       |
| train/                  |              |
|    approx_kl            | 0.0023820247 |
|    clip_fraction        | 0.0336       |
|    clip_range           | 0.2          |
|    entropy_loss         | -0.0937      |
|    explained_variance   | 0.534        |
|    learning_rate        | 0.0003       |
|    loss                 | 4.98         |
|    n_updates            | 1735         |
|    policy_gradient_loss | -0.00896     |
|    value_loss           | 13.1         |
------------------------------------------
-------------------------------------------
| rollout/                |               |
|    ep_len_mean          | 13.7          |
|    ep_rew_mean          | 5.79          |
| time/                   |               |
|    fps                  | 302           |
|    iterations           | 349           |
|    time_elapsed         | 590           |
|    total_timesteps      | 178688        |
| train/                  |               |
|    approx_kl            | 0.00041260704 |
|    clip_fraction        | 0.00352       |
|    clip_range           | 0.2           |
|    entropy_loss         | -0.0688       |
|    explained_variance   | 0.602         |
|    learning_rate        | 0.0003        |
|    loss                 | 6.65          |
|    n_updates            | 1740          |
|    policy_gradient_loss | -0.00251      |
|    value_loss           | 11.7          |
-------------------------------------------
------------------------------------------
| rollout/                |              |
|    ep_len_mean          | 12.5         |
|    ep_rew_mean          | 4.83         |
| time/                   |              |
|    fps                  | 302          |
|    iterations           | 350          |
|    time_elapsed         | 591          |
|    total_timesteps      | 179200       |
| train/                  |              |
|    approx_kl            | 6.932387e-05 |
|    clip_fraction        | 0.00352      |
|    clip_range           | 0.2          |
|    entropy_loss         | -0.0855      |
|    explained_variance   | 0.63         |
|    learning_rate        | 0.0003       |
|    loss                 | 5.41         |
|    n_updates            | 1745         |
|    policy_gradient_loss | -0.00266     |
|    value_loss           | 9.8          |
------------------------------------------
-------------------------------------------
| rollout/                |               |
|    ep_len_mean          | 13.9          |
|    ep_rew_mean          | 5.28          |
| time/                   |               |
|    fps                  | 302           |
|    iterations           | 351           |
|    time_elapsed         | 593           |
|    total_timesteps      | 179712        |
| train/                  |               |
|    approx_kl            | 0.00078387436 |
|    clip_fraction        | 0.00313       |
|    clip_range           | 0.2           |
|    entropy_loss         | -0.133        |
|    explained_variance   | 0.65          |
|    learning_rate        | 0.0003        |
|    loss                 | 5.09          |
|    n_updates            | 1750          |
|    policy_gradient_loss | 0.000646      |
|    value_loss           | 12.1          |
-------------------------------------------
------------------------------------------
| rollout/                |              |
|    ep_len_mean          | 13.8         |
|    ep_rew_mean          | 5.16         |
| time/                   |              |
|    fps                  | 302          |
|    iterations           | 352          |
|    time_elapsed         | 595          |
|    total_timesteps      | 180224       |
| train/                  |              |
|    approx_kl            | 0.0025800155 |
|    clip_fraction        | 0.0297       |
|    clip_range           | 0.2          |
|    entropy_loss         | -0.0786      |
|    explained_variance   | 0.64         |
|    learning_rate        | 0.0003       |
|    loss                 | 7.59         |
|    n_updates            | 1755         |
|    policy_gradient_loss | -0.00857     |
|    value_loss           | 13.8         |
------------------------------------------
-------------------------------------------
| rollout/                |               |
|    ep_len_mean          | 12.8          |
|    ep_rew_mean          | 4.36          |
| time/                   |               |
|    fps                  | 302           |
|    iterations           | 353           |
|    time_elapsed         | 596           |
|    total_timesteps      | 180736        |
| train/                  |               |
|    approx_kl            | 0.00014050421 |
|    clip_fraction        | 0             |
|    clip_range           | 0.2           |
|    entropy_loss         | -0.106        |
|    explained_variance   | 0.535         |
|    learning_rate        | 0.0003        |
|    loss                 | 11.2          |
|    n_updates            | 1760          |
|    policy_gradient_loss | 0.000702      |
|    value_loss           | 15.1          |
-------------------------------------------
------------------------------------------
| rollout/                |              |
|    ep_len_mean          | 12.4         |
|    ep_rew_mean          | 4.2          |
| time/                   |              |
|    fps                  | 302          |
|    iterations           | 354          |
|    time_elapsed         | 598          |
|    total_timesteps      | 181248       |
| train/                  |              |
|    approx_kl            | 0.0002936509 |
|    clip_fraction        | 0.00625      |
|    clip_range           | 0.2          |
|    entropy_loss         | -0.133       |
|    explained_variance   | 0.665        |
|    learning_rate        | 0.0003       |
|    loss                 | 3.65         |
|    n_updates            | 1765         |
|    policy_gradient_loss | 0.000935     |
|    value_loss           | 12.5         |
------------------------------------------
------------------------------------------
| rollout/                |              |
|    ep_len_mean          | 13.6         |
|    ep_rew_mean          | 4.89         |
| time/                   |              |
|    fps                  | 302          |
|    iterations           | 355          |
|    time_elapsed         | 600          |
|    total_timesteps      | 181760       |
| train/                  |              |
|    approx_kl            | 0.0034135077 |
|    clip_fraction        | 0.0117       |
|    clip_range           | 0.2          |
|    entropy_loss         | -0.0931      |
|    explained_variance   | 0.735        |
|    learning_rate        | 0.0003       |
|    loss                 | 3.29         |
|    n_updates            | 1770         |
|    policy_gradient_loss | -0.000999    |
|    value_loss           | 9.5          |
------------------------------------------
-----------------------------------------
| rollout/                |             |
|    ep_len_mean          | 9.35        |
|    ep_rew_mean          | 3.31        |
| time/                   |             |
|    fps                  | 302         |
|    iterations           | 356         |
|    time_elapsed         | 601         |
|    total_timesteps      | 182272      |
| train/                  |             |
|    approx_kl            | 0.013750713 |
|    clip_fraction        | 0.0715      |
|    clip_range           | 0.2         |
|    entropy_loss         | -0.112      |
|    explained_variance   | 0.689       |
|    learning_rate        | 0.0003      |
|    loss                 | 5.7         |
|    n_updates            | 1775        |
|    policy_gradient_loss | 0.00281     |
|    value_loss           | 10.5        |
-----------------------------------------
------------------------------------------
| rollout/                |              |
|    ep_len_mean          | 7.39         |
|    ep_rew_mean          | 2.63         |
| time/                   |              |
|    fps                  | 302          |
|    iterations           | 357          |
|    time_elapsed         | 603          |
|    total_timesteps      | 182784       |
| train/                  |              |
|    approx_kl            | 0.0024819605 |
|    clip_fraction        | 0.0129       |
|    clip_range           | 0.2          |
|    entropy_loss         | -0.196       |
|    explained_variance   | 0.625        |
|    learning_rate        | 0.0003       |
|    loss                 | 3.11         |
|    n_updates            | 1780         |
|    policy_gradient_loss | -0.00556     |
|    value_loss           | 10.6         |
------------------------------------------
------------------------------------------
| rollout/                |              |
|    ep_len_mean          | 10.2         |
|    ep_rew_mean          | 3.87         |
| time/                   |              |
|    fps                  | 302          |
|    iterations           | 358          |
|    time_elapsed         | 605          |
|    total_timesteps      | 183296       |
| train/                  |              |
|    approx_kl            | 0.0018234537 |
|    clip_fraction        | 0.0223       |
|    clip_range           | 0.2          |
|    entropy_loss         | -0.147       |
|    explained_variance   | 0.661        |
|    learning_rate        | 0.0003       |
|    loss                 | 3.93         |
|    n_updates            | 1785         |
|    policy_gradient_loss | -0.00554     |
|    value_loss           | 9.7          |
------------------------------------------
------------------------------------------
| rollout/                |              |
|    ep_len_mean          | 10.2         |
|    ep_rew_mean          | 3.62         |
| time/                   |              |
|    fps                  | 302          |
|    iterations           | 359          |
|    time_elapsed         | 606          |
|    total_timesteps      | 183808       |
| train/                  |              |
|    approx_kl            | 0.0002516742 |
|    clip_fraction        | 0.00977      |
|    clip_range           | 0.2          |
|    entropy_loss         | -0.131       |
|    explained_variance   | 0.696        |
|    learning_rate        | 0.0003       |
|    loss                 | 3.99         |
|    n_updates            | 1790         |
|    policy_gradient_loss | 0.00171      |
|    value_loss           | 10.9         |
------------------------------------------
------------------------------------------
| rollout/                |              |
|    ep_len_mean          | 9.85         |
|    ep_rew_mean          | 3.37         |
| time/                   |              |
|    fps                  | 302          |
|    iterations           | 360          |
|    time_elapsed         | 608          |
|    total_timesteps      | 184320       |
| train/                  |              |
|    approx_kl            | 0.0023221713 |
|    clip_fraction        | 0.0219       |
|    clip_range           | 0.2          |
|    entropy_loss         | -0.198       |
|    explained_variance   | 0.666        |
|    learning_rate        | 0.0003       |
|    loss                 | 3.33         |
|    n_updates            | 1795         |
|    policy_gradient_loss | -0.0038      |
|    value_loss           | 7.62         |
------------------------------------------
----------------------------------------
| rollout/                |            |
|    ep_len_mean          | 10.4       |
|    ep_rew_mean          | 3.85       |
| time/                   |            |
|    fps                  | 303        |
|    iterations           | 361        |
|    time_elapsed         | 609        |
|    total_timesteps      | 184832     |
| train/                  |            |
|    approx_kl            | 0.00316749 |
|    clip_fraction        | 0.0422     |
|    clip_range           | 0.2        |
|    entropy_loss         | -0.155     |
|    explained_variance   | 0.661      |
|    learning_rate        | 0.0003     |
|    loss                 | 6.58       |
|    n_updates            | 1800       |
|    policy_gradient_loss | 0.00578    |
|    value_loss           | 8.76       |
----------------------------------------
-----------------------------------------
| rollout/                |             |
|    ep_len_mean          | 12.1        |
|    ep_rew_mean          | 4.67        |
| time/                   |             |
|    fps                  | 303         |
|    iterations           | 362         |
|    time_elapsed         | 611         |
|    total_timesteps      | 185344      |
| train/                  |             |
|    approx_kl            | 0.004113185 |
|    clip_fraction        | 0.0305      |
|    clip_range           | 0.2         |
|    entropy_loss         | -0.174      |
|    explained_variance   | 0.543       |
|    learning_rate        | 0.0003      |
|    loss                 | 6.64        |
|    n_updates            | 1805        |
|    policy_gradient_loss | -0.00815    |
|    value_loss           | 11.9        |
-----------------------------------------
-----------------------------------------
| rollout/                |             |
|    ep_len_mean          | 13.2        |
|    ep_rew_mean          | 5.37        |
| time/                   |             |
|    fps                  | 303         |
|    iterations           | 363         |
|    time_elapsed         | 613         |
|    total_timesteps      | 185856      |
| train/                  |             |
|    approx_kl            | 0.006564586 |
|    clip_fraction        | 0.0355      |
|    clip_range           | 0.2         |
|    entropy_loss         | -0.0639     |
|    explained_variance   | 0.573       |
|    learning_rate        | 0.0003      |
|    loss                 | 4.14        |
|    n_updates            | 1810        |
|    policy_gradient_loss | -0.013      |
|    value_loss           | 11.4        |
-----------------------------------------
------------------------------------------
| rollout/                |              |
|    ep_len_mean          | 16.1         |
|    ep_rew_mean          | 6.49         |
| time/                   |              |
|    fps                  | 303          |
|    iterations           | 364          |
|    time_elapsed         | 614          |
|    total_timesteps      | 186368       |
| train/                  |              |
|    approx_kl            | 0.0009204988 |
|    clip_fraction        | 0.0125       |
|    clip_range           | 0.2          |
|    entropy_loss         | -0.0752      |
|    explained_variance   | 0.628        |
|    learning_rate        | 0.0003       |
|    loss                 | 7.11         |
|    n_updates            | 1815         |
|    policy_gradient_loss | -0.00504     |
|    value_loss           | 13           |
------------------------------------------
------------------------------------------
| rollout/                |              |
|    ep_len_mean          | 11.9         |
|    ep_rew_mean          | 4.45         |
| time/                   |              |
|    fps                  | 303          |
|    iterations           | 365          |
|    time_elapsed         | 616          |
|    total_timesteps      | 186880       |
| train/                  |              |
|    approx_kl            | 0.0049663316 |
|    clip_fraction        | 0.0113       |
|    clip_range           | 0.2          |
|    entropy_loss         | -0.11        |
|    explained_variance   | 0.633        |
|    learning_rate        | 0.0003       |
|    loss                 | 6.04         |
|    n_updates            | 1820         |
|    policy_gradient_loss | 0.000359     |
|    value_loss           | 12           |
------------------------------------------
------------------------------------------
| rollout/                |              |
|    ep_len_mean          | 10.1         |
|    ep_rew_mean          | 3.9          |
| time/                   |              |
|    fps                  | 303          |
|    iterations           | 366          |
|    time_elapsed         | 617          |
|    total_timesteps      | 187392       |
| train/                  |              |
|    approx_kl            | 0.0015909993 |
|    clip_fraction        | 0.0422       |
|    clip_range           | 0.2          |
|    entropy_loss         | -0.16        |
|    explained_variance   | 0.656        |
|    learning_rate        | 0.0003       |
|    loss                 | 1.79         |
|    n_updates            | 1825         |
|    policy_gradient_loss | -0.00795     |
|    value_loss           | 10.2         |
------------------------------------------
------------------------------------------
| rollout/                |              |
|    ep_len_mean          | 10.9         |
|    ep_rew_mean          | 4.07         |
| time/                   |              |
|    fps                  | 303          |
|    iterations           | 367          |
|    time_elapsed         | 619          |
|    total_timesteps      | 187904       |
| train/                  |              |
|    approx_kl            | 0.0011015361 |
|    clip_fraction        | 0.00586      |
|    clip_range           | 0.2          |
|    entropy_loss         | -0.14        |
|    explained_variance   | 0.741        |
|    learning_rate        | 0.0003       |
|    loss                 | 2.64         |
|    n_updates            | 1830         |
|    policy_gradient_loss | -0.000365    |
|    value_loss           | 8.91         |
------------------------------------------
------------------------------------------
| rollout/                |              |
|    ep_len_mean          | 10.2         |
|    ep_rew_mean          | 3.82         |
| time/                   |              |
|    fps                  | 303          |
|    iterations           | 368          |
|    time_elapsed         | 620          |
|    total_timesteps      | 188416       |
| train/                  |              |
|    approx_kl            | 0.0015442136 |
|    clip_fraction        | 0.0133       |
|    clip_range           | 0.2          |
|    entropy_loss         | -0.148       |
|    explained_variance   | 0.698        |
|    learning_rate        | 0.0003       |
|    loss                 | 3.15         |
|    n_updates            | 1835         |
|    policy_gradient_loss | -0.00194     |
|    value_loss           | 10.2         |
------------------------------------------
------------------------------------------
| rollout/                |              |
|    ep_len_mean          | 8.31         |
|    ep_rew_mean          | 3.14         |
| time/                   |              |
|    fps                  | 303          |
|    iterations           | 369          |
|    time_elapsed         | 622          |
|    total_timesteps      | 188928       |
| train/                  |              |
|    approx_kl            | 0.0009152267 |
|    clip_fraction        | 0.0082       |
|    clip_range           | 0.2          |
|    entropy_loss         | -0.148       |
|    explained_variance   | 0.628        |
|    learning_rate        | 0.0003       |
|    loss                 | 5.1          |
|    n_updates            | 1840         |
|    policy_gradient_loss | -0.00452     |
|    value_loss           | 10.2         |
------------------------------------------
-------------------------------------------
| rollout/                |               |
|    ep_len_mean          | 9.43          |
|    ep_rew_mean          | 3.6           |
| time/                   |               |
|    fps                  | 303           |
|    iterations           | 370           |
|    time_elapsed         | 624           |
|    total_timesteps      | 189440        |
| train/                  |               |
|    approx_kl            | 0.00021355256 |
|    clip_fraction        | 0             |
|    clip_range           | 0.2           |
|    entropy_loss         | -0.18         |
|    explained_variance   | 0.632         |
|    learning_rate        | 0.0003        |
|    loss                 | 2.35          |
|    n_updates            | 1845          |
|    policy_gradient_loss | 0.00148       |
|    value_loss           | 9.63          |
-------------------------------------------
-------------------------------------------
| rollout/                |               |
|    ep_len_mean          | 11.2          |
|    ep_rew_mean          | 4.15          |
| time/                   |               |
|    fps                  | 303           |
|    iterations           | 371           |
|    time_elapsed         | 625           |
|    total_timesteps      | 189952        |
| train/                  |               |
|    approx_kl            | 0.00061463984 |
|    clip_fraction        | 0.00352       |
|    clip_range           | 0.2           |
|    entropy_loss         | -0.145        |
|    explained_variance   | 0.627         |
|    learning_rate        | 0.0003        |
|    loss                 | 4.09          |
|    n_updates            | 1850          |
|    policy_gradient_loss | -0.00364      |
|    value_loss           | 12.6          |
-------------------------------------------
------------------------------------------
| rollout/                |              |
|    ep_len_mean          | 10.7         |
|    ep_rew_mean          | 4.36         |
| time/                   |              |
|    fps                  | 303          |
|    iterations           | 372          |
|    time_elapsed         | 627          |
|    total_timesteps      | 190464       |
| train/                  |              |
|    approx_kl            | 0.0030909134 |
|    clip_fraction        | 0.0176       |
|    clip_range           | 0.2          |
|    entropy_loss         | -0.124       |
|    explained_variance   | 0.664        |
|    learning_rate        | 0.0003       |
|    loss                 | 3.31         |
|    n_updates            | 1855         |
|    policy_gradient_loss | 0.00105      |
|    value_loss           | 10.5         |
------------------------------------------
-----------------------------------------
| rollout/                |             |
|    ep_len_mean          | 10.5        |
|    ep_rew_mean          | 4.42        |
| time/                   |             |
|    fps                  | 303         |
|    iterations           | 373         |
|    time_elapsed         | 628         |
|    total_timesteps      | 190976      |
| train/                  |             |
|    approx_kl            | 0.000772914 |
|    clip_fraction        | 0.032       |
|    clip_range           | 0.2         |
|    entropy_loss         | -0.11       |
|    explained_variance   | 0.51        |
|    learning_rate        | 0.0003      |
|    loss                 | 9.19        |
|    n_updates            | 1860        |
|    policy_gradient_loss | -0.00787    |
|    value_loss           | 18.1        |
-----------------------------------------
------------------------------------------
| rollout/                |              |
|    ep_len_mean          | 11.7         |
|    ep_rew_mean          | 4.85         |
| time/                   |              |
|    fps                  | 303          |
|    iterations           | 374          |
|    time_elapsed         | 630          |
|    total_timesteps      | 191488       |
| train/                  |              |
|    approx_kl            | 0.0012197692 |
|    clip_fraction        | 0.0199       |
|    clip_range           | 0.2          |
|    entropy_loss         | -0.0876      |
|    explained_variance   | 0.67         |
|    learning_rate        | 0.0003       |
|    loss                 | 5.8          |
|    n_updates            | 1865         |
|    policy_gradient_loss | -0.00454     |
|    value_loss           | 8.7          |
------------------------------------------
-------------------------------------------
| rollout/                |               |
|    ep_len_mean          | 11.2          |
|    ep_rew_mean          | 4.21          |
| time/                   |               |
|    fps                  | 303           |
|    iterations           | 375           |
|    time_elapsed         | 631           |
|    total_timesteps      | 192000        |
| train/                  |               |
|    approx_kl            | 0.00055134855 |
|    clip_fraction        | 0.0184        |
|    clip_range           | 0.2           |
|    entropy_loss         | -0.102        |
|    explained_variance   | 0.676         |
|    learning_rate        | 0.0003        |
|    loss                 | 5.9           |
|    n_updates            | 1870          |
|    policy_gradient_loss | -0.00325      |
|    value_loss           | 8.9           |
-------------------------------------------
-------------------------------------------
| rollout/                |               |
|    ep_len_mean          | 12.3          |
|    ep_rew_mean          | 4.62          |
| time/                   |               |
|    fps                  | 304           |
|    iterations           | 376           |
|    time_elapsed         | 633           |
|    total_timesteps      | 192512        |
| train/                  |               |
|    approx_kl            | 0.00046644645 |
|    clip_fraction        | 0.00586       |
|    clip_range           | 0.2           |
|    entropy_loss         | -0.125        |
|    explained_variance   | 0.723         |
|    learning_rate        | 0.0003        |
|    loss                 | 4.32          |
|    n_updates            | 1875          |
|    policy_gradient_loss | -0.00281      |
|    value_loss           | 9.34          |
-------------------------------------------
-----------------------------------------
| rollout/                |             |
|    ep_len_mean          | 13.6        |
|    ep_rew_mean          | 5.47        |
| time/                   |             |
|    fps                  | 304         |
|    iterations           | 377         |
|    time_elapsed         | 634         |
|    total_timesteps      | 193024      |
| train/                  |             |
|    approx_kl            | 0.000656831 |
|    clip_fraction        | 0.00352     |
|    clip_range           | 0.2         |
|    entropy_loss         | -0.129      |
|    explained_variance   | 0.709       |
|    learning_rate        | 0.0003      |
|    loss                 | 7.04        |
|    n_updates            | 1880        |
|    policy_gradient_loss | -0.00104    |
|    value_loss           | 9.62        |
-----------------------------------------
-----------------------------------------
| rollout/                |             |
|    ep_len_mean          | 15          |
|    ep_rew_mean          | 6.2         |
| time/                   |             |
|    fps                  | 304         |
|    iterations           | 378         |
|    time_elapsed         | 636         |
|    total_timesteps      | 193536      |
| train/                  |             |
|    approx_kl            | 0.004071026 |
|    clip_fraction        | 0.0316      |
|    clip_range           | 0.2         |
|    entropy_loss         | -0.102      |
|    explained_variance   | 0.597       |
|    learning_rate        | 0.0003      |
|    loss                 | 3.45        |
|    n_updates            | 1885        |
|    policy_gradient_loss | -0.011      |
|    value_loss           | 14.8        |
-----------------------------------------
------------------------------------------
| rollout/                |              |
|    ep_len_mean          | 14.4         |
|    ep_rew_mean          | 5.71         |
| time/                   |              |
|    fps                  | 304          |
|    iterations           | 379          |
|    time_elapsed         | 637          |
|    total_timesteps      | 194048       |
| train/                  |              |
|    approx_kl            | 0.0005972273 |
|    clip_fraction        | 0.0102       |
|    clip_range           | 0.2          |
|    entropy_loss         | -0.063       |
|    explained_variance   | 0.646        |
|    learning_rate        | 0.0003       |
|    loss                 | 7.1          |
|    n_updates            | 1890         |
|    policy_gradient_loss | -0.0041      |
|    value_loss           | 11.7         |
------------------------------------------
------------------------------------------
| rollout/                |              |
|    ep_len_mean          | 11.8         |
|    ep_rew_mean          | 4.21         |
| time/                   |              |
|    fps                  | 304          |
|    iterations           | 380          |
|    time_elapsed         | 639          |
|    total_timesteps      | 194560       |
| train/                  |              |
|    approx_kl            | 0.0019421084 |
|    clip_fraction        | 0.00508      |
|    clip_range           | 0.2          |
|    entropy_loss         | -0.15        |
|    explained_variance   | 0.62         |
|    learning_rate        | 0.0003       |
|    loss                 | 6.04         |
|    n_updates            | 1895         |
|    policy_gradient_loss | -0.00061     |
|    value_loss           | 11.6         |
------------------------------------------
------------------------------------------
| rollout/                |              |
|    ep_len_mean          | 13.3         |
|    ep_rew_mean          | 5.03         |
| time/                   |              |
|    fps                  | 304          |
|    iterations           | 381          |
|    time_elapsed         | 640          |
|    total_timesteps      | 195072       |
| train/                  |              |
|    approx_kl            | 0.0010590253 |
|    clip_fraction        | 0.0109       |
|    clip_range           | 0.2          |
|    entropy_loss         | -0.138       |
|    explained_variance   | 0.644        |
|    learning_rate        | 0.0003       |
|    loss                 | 6.5          |
|    n_updates            | 1900         |
|    policy_gradient_loss | 0.000648     |
|    value_loss           | 13.4         |
------------------------------------------
------------------------------------------
| rollout/                |              |
|    ep_len_mean          | 12           |
|    ep_rew_mean          | 4.64         |
| time/                   |              |
|    fps                  | 304          |
|    iterations           | 382          |
|    time_elapsed         | 642          |
|    total_timesteps      | 195584       |
| train/                  |              |
|    approx_kl            | 0.0007594705 |
|    clip_fraction        | 0.0121       |
|    clip_range           | 0.2          |
|    entropy_loss         | -0.0845      |
|    explained_variance   | 0.596        |
|    learning_rate        | 0.0003       |
|    loss                 | 3.88         |
|    n_updates            | 1905         |
|    policy_gradient_loss | -0.00389     |
|    value_loss           | 11.1         |
------------------------------------------
------------------------------------------
| rollout/                |              |
|    ep_len_mean          | 13.5         |
|    ep_rew_mean          | 5.3          |
| time/                   |              |
|    fps                  | 304          |
|    iterations           | 383          |
|    time_elapsed         | 644          |
|    total_timesteps      | 196096       |
| train/                  |              |
|    approx_kl            | 0.0007251125 |
|    clip_fraction        | 0.00156      |
|    clip_range           | 0.2          |
|    entropy_loss         | -0.131       |
|    explained_variance   | 0.623        |
|    learning_rate        | 0.0003       |
|    loss                 | 4.44         |
|    n_updates            | 1910         |
|    policy_gradient_loss | -0.000609    |
|    value_loss           | 10.8         |
------------------------------------------
-------------------------------------------
| rollout/                |               |
|    ep_len_mean          | 13            |
|    ep_rew_mean          | 5.21          |
| time/                   |               |
|    fps                  | 304           |
|    iterations           | 384           |
|    time_elapsed         | 645           |
|    total_timesteps      | 196608        |
| train/                  |               |
|    approx_kl            | 0.00016126648 |
|    clip_fraction        | 0.00195       |
|    clip_range           | 0.2           |
|    entropy_loss         | -0.0593       |
|    explained_variance   | 0.691         |
|    learning_rate        | 0.0003        |
|    loss                 | 2.89          |
|    n_updates            | 1915          |
|    policy_gradient_loss | -0.00166      |
|    value_loss           | 9.24          |
-------------------------------------------
-----------------------------------------
| rollout/                |             |
|    ep_len_mean          | 11.6        |
|    ep_rew_mean          | 3.88        |
| time/                   |             |
|    fps                  | 304         |
|    iterations           | 385         |
|    time_elapsed         | 647         |
|    total_timesteps      | 197120      |
| train/                  |             |
|    approx_kl            | 0.007920809 |
|    clip_fraction        | 0.0492      |
|    clip_range           | 0.2         |
|    entropy_loss         | -0.145      |
|    explained_variance   | 0.537       |
|    learning_rate        | 0.0003      |
|    loss                 | 10.5        |
|    n_updates            | 1920        |
|    policy_gradient_loss | 0.0109      |
|    value_loss           | 15.1        |
-----------------------------------------
------------------------------------------
| rollout/                |              |
|    ep_len_mean          | 11.5         |
|    ep_rew_mean          | 3.65         |
| time/                   |              |
|    fps                  | 304          |
|    iterations           | 386          |
|    time_elapsed         | 649          |
|    total_timesteps      | 197632       |
| train/                  |              |
|    approx_kl            | 0.0043574125 |
|    clip_fraction        | 0.0371       |
|    clip_range           | 0.2          |
|    entropy_loss         | -0.142       |
|    explained_variance   | 0.678        |
|    learning_rate        | 0.0003       |
|    loss                 | 2.57         |
|    n_updates            | 1925         |
|    policy_gradient_loss | -0.00901     |
|    value_loss           | 10.4         |
------------------------------------------
-----------------------------------------
| rollout/                |             |
|    ep_len_mean          | 12.4        |
|    ep_rew_mean          | 4.25        |
| time/                   |             |
|    fps                  | 304         |
|    iterations           | 387         |
|    time_elapsed         | 650         |
|    total_timesteps      | 198144      |
| train/                  |             |
|    approx_kl            | 0.008050375 |
|    clip_fraction        | 0.0535      |
|    clip_range           | 0.2         |
|    entropy_loss         | -0.184      |
|    explained_variance   | 0.576       |
|    learning_rate        | 0.0003      |
|    loss                 | 4.65        |
|    n_updates            | 1930        |
|    policy_gradient_loss | 0.00757     |
|    value_loss           | 10.5        |
-----------------------------------------
------------------------------------------
| rollout/                |              |
|    ep_len_mean          | 13.3         |
|    ep_rew_mean          | 4.72         |
| time/                   |              |
|    fps                  | 304          |
|    iterations           | 388          |
|    time_elapsed         | 652          |
|    total_timesteps      | 198656       |
| train/                  |              |
|    approx_kl            | 0.0005810516 |
|    clip_fraction        | 0.00156      |
|    clip_range           | 0.2          |
|    entropy_loss         | -0.117       |
|    explained_variance   | 0.7          |
|    learning_rate        | 0.0003       |
|    loss                 | 7.79         |
|    n_updates            | 1935         |
|    policy_gradient_loss | 0.000744     |
|    value_loss           | 9.82         |
------------------------------------------
------------------------------------------
| rollout/                |              |
|    ep_len_mean          | 12.2         |
|    ep_rew_mean          | 4.71         |
| time/                   |              |
|    fps                  | 304          |
|    iterations           | 389          |
|    time_elapsed         | 653          |
|    total_timesteps      | 199168       |
| train/                  |              |
|    approx_kl            | 0.0024234015 |
|    clip_fraction        | 0.0363       |
|    clip_range           | 0.2          |
|    entropy_loss         | -0.163       |
|    explained_variance   | 0.678        |
|    learning_rate        | 0.0003       |
|    loss                 | 5.77         |
|    n_updates            | 1940         |
|    policy_gradient_loss | 0.00859      |
|    value_loss           | 11           |
------------------------------------------
------------------------------------------
| rollout/                |              |
|    ep_len_mean          | 11.6         |
|    ep_rew_mean          | 4.56         |
| time/                   |              |
|    fps                  | 304          |
|    iterations           | 390          |
|    time_elapsed         | 655          |
|    total_timesteps      | 199680       |
| train/                  |              |
|    approx_kl            | 0.0024119995 |
|    clip_fraction        | 0.0227       |
|    clip_range           | 0.2          |
|    entropy_loss         | -0.132       |
|    explained_variance   | 0.691        |
|    learning_rate        | 0.0003       |
|    loss                 | 4.43         |
|    n_updates            | 1945         |
|    policy_gradient_loss | -0.00601     |
|    value_loss           | 11.3         |
------------------------------------------
------------------------------------------
| rollout/                |              |
|    ep_len_mean          | 9.37         |
|    ep_rew_mean          | 3.43         |
| time/                   |              |
|    fps                  | 304          |
|    iterations           | 391          |
|    time_elapsed         | 656          |
|    total_timesteps      | 200192       |
| train/                  |              |
|    approx_kl            | 0.0032014248 |
|    clip_fraction        | 0.0262       |
|    clip_range           | 0.2          |
|    entropy_loss         | -0.153       |
|    explained_variance   | 0.746        |
|    learning_rate        | 0.0003       |
|    loss                 | 1.17         |
|    n_updates            | 1950         |
|    policy_gradient_loss | 0.00549      |
|    value_loss           | 9.01         |
------------------------------------------
------------------------------------------
| rollout/                |              |
|    ep_len_mean          | 7.86         |
|    ep_rew_mean          | 2.87         |
| time/                   |              |
|    fps                  | 304          |
|    iterations           | 392          |
|    time_elapsed         | 658          |
|    total_timesteps      | 200704       |
| train/                  |              |
|    approx_kl            | 0.0006210387 |
|    clip_fraction        | 0.0262       |
|    clip_range           | 0.2          |
|    entropy_loss         | -0.238       |
|    explained_variance   | 0.611        |
|    learning_rate        | 0.0003       |
|    loss                 | 4.14         |
|    n_updates            | 1955         |
|    policy_gradient_loss | -0.00751     |
|    value_loss           | 10.8         |
------------------------------------------
-------------------------------------------
| rollout/                |               |
|    ep_len_mean          | 6.97          |
|    ep_rew_mean          | 1.81          |
| time/                   |               |
|    fps                  | 304           |
|    iterations           | 393           |
|    time_elapsed         | 659           |
|    total_timesteps      | 201216        |
| train/                  |               |
|    approx_kl            | 0.00066588947 |
|    clip_fraction        | 0.00352       |
|    clip_range           | 0.2           |
|    entropy_loss         | -0.191        |
|    explained_variance   | 0.486         |
|    learning_rate        | 0.0003        |
|    loss                 | 1.1           |
|    n_updates            | 1960          |
|    policy_gradient_loss | -0.00473      |
|    value_loss           | 9.57          |
-------------------------------------------
-----------------------------------------
| rollout/                |             |
|    ep_len_mean          | 8.08        |
|    ep_rew_mean          | 1.91        |
| time/                   |             |
|    fps                  | 304         |
|    iterations           | 394         |
|    time_elapsed         | 661         |
|    total_timesteps      | 201728      |
| train/                  |             |
|    approx_kl            | 0.007362391 |
|    clip_fraction        | 0.0527      |
|    clip_range           | 0.2         |
|    entropy_loss         | -0.287      |
|    explained_variance   | 0.683       |
|    learning_rate        | 0.0003      |
|    loss                 | 3.22        |
|    n_updates            | 1965        |
|    policy_gradient_loss | 0.0042      |
|    value_loss           | 7.22        |
-----------------------------------------
------------------------------------------
| rollout/                |              |
|    ep_len_mean          | 10.5         |
|    ep_rew_mean          | 3.51         |
| time/                   |              |
|    fps                  | 304          |
|    iterations           | 395          |
|    time_elapsed         | 663          |
|    total_timesteps      | 202240       |
| train/                  |              |
|    approx_kl            | 0.0014555189 |
|    clip_fraction        | 0.0316       |
|    clip_range           | 0.2          |
|    entropy_loss         | -0.189       |
|    explained_variance   | 0.65         |
|    learning_rate        | 0.0003       |
|    loss                 | 7.78         |
|    n_updates            | 1970         |
|    policy_gradient_loss | -0.00132     |
|    value_loss           | 11.5         |
------------------------------------------
------------------------------------------
| rollout/                |              |
|    ep_len_mean          | 12.3         |
|    ep_rew_mean          | 4.98         |
| time/                   |              |
|    fps                  | 304          |
|    iterations           | 396          |
|    time_elapsed         | 664          |
|    total_timesteps      | 202752       |
| train/                  |              |
|    approx_kl            | 0.0010599208 |
|    clip_fraction        | 0.025        |
|    clip_range           | 0.2          |
|    entropy_loss         | -0.109       |
|    explained_variance   | 0.533        |
|    learning_rate        | 0.0003       |
|    loss                 | 4.82         |
|    n_updates            | 1975         |
|    policy_gradient_loss | -0.0124      |
|    value_loss           | 12           |
------------------------------------------
-----------------------------------------
| rollout/                |             |
|    ep_len_mean          | 11.2        |
|    ep_rew_mean          | 4.56        |
| time/                   |             |
|    fps                  | 304         |
|    iterations           | 397         |
|    time_elapsed         | 666         |
|    total_timesteps      | 203264      |
| train/                  |             |
|    approx_kl            | 0.004323988 |
|    clip_fraction        | 0.0164      |
|    clip_range           | 0.2         |
|    entropy_loss         | -0.145      |
|    explained_variance   | 0.641       |
|    learning_rate        | 0.0003      |
|    loss                 | 3.92        |
|    n_updates            | 1980        |
|    policy_gradient_loss | 0.000444    |
|    value_loss           | 8.7         |
-----------------------------------------
------------------------------------------
| rollout/                |              |
|    ep_len_mean          | 10.1         |
|    ep_rew_mean          | 4.27         |
| time/                   |              |
|    fps                  | 304          |
|    iterations           | 398          |
|    time_elapsed         | 668          |
|    total_timesteps      | 203776       |
| train/                  |              |
|    approx_kl            | 0.0010345461 |
|    clip_fraction        | 0.0176       |
|    clip_range           | 0.2          |
|    entropy_loss         | -0.128       |
|    explained_variance   | 0.776        |
|    learning_rate        | 0.0003       |
|    loss                 | 2.5          |
|    n_updates            | 1985         |
|    policy_gradient_loss | -0.00251     |
|    value_loss           | 6.36         |
------------------------------------------
-----------------------------------------
| rollout/                |             |
|    ep_len_mean          | 9.16        |
|    ep_rew_mean          | 3.65        |
| time/                   |             |
|    fps                  | 305         |
|    iterations           | 399         |
|    time_elapsed         | 669         |
|    total_timesteps      | 204288      |
| train/                  |             |
|    approx_kl            | 0.002079843 |
|    clip_fraction        | 0.023       |
|    clip_range           | 0.2         |
|    entropy_loss         | -0.14       |
|    explained_variance   | 0.754       |
|    learning_rate        | 0.0003      |
|    loss                 | 3.45        |
|    n_updates            | 1990        |
|    policy_gradient_loss | -0.00815    |
|    value_loss           | 7.29        |
-----------------------------------------
------------------------------------------
| rollout/                |              |
|    ep_len_mean          | 9.18         |
|    ep_rew_mean          | 3.17         |
| time/                   |              |
|    fps                  | 305          |
|    iterations           | 400          |
|    time_elapsed         | 671          |
|    total_timesteps      | 204800       |
| train/                  |              |
|    approx_kl            | 0.0050086603 |
|    clip_fraction        | 0.0273       |
|    clip_range           | 0.2          |
|    entropy_loss         | -0.146       |
|    explained_variance   | 0.661        |
|    learning_rate        | 0.0003       |
|    loss                 | 6.36         |
|    n_updates            | 1995         |
|    policy_gradient_loss | -0.00521     |
|    value_loss           | 8.91         |
------------------------------------------
------------------------------------------
| rollout/                |              |
|    ep_len_mean          | 9.89         |
|    ep_rew_mean          | 3.67         |
| time/                   |              |
|    fps                  | 305          |
|    iterations           | 401          |
|    time_elapsed         | 672          |
|    total_timesteps      | 205312       |
| train/                  |              |
|    approx_kl            | 0.0031578282 |
|    clip_fraction        | 0.0707       |
|    clip_range           | 0.2          |
|    entropy_loss         | -0.223       |
|    explained_variance   | 0.705        |
|    learning_rate        | 0.0003       |
|    loss                 | 2.19         |
|    n_updates            | 2000         |
|    policy_gradient_loss | 0.00886      |
|    value_loss           | 6.12         |
------------------------------------------
------------------------------------------
| rollout/                |              |
|    ep_len_mean          | 11.5         |
|    ep_rew_mean          | 4.64         |
| time/                   |              |
|    fps                  | 305          |
|    iterations           | 402          |
|    time_elapsed         | 674          |
|    total_timesteps      | 205824       |
| train/                  |              |
|    approx_kl            | 0.0011189169 |
|    clip_fraction        | 0.00273      |
|    clip_range           | 0.2          |
|    entropy_loss         | -0.139       |
|    explained_variance   | 0.627        |
|    learning_rate        | 0.0003       |
|    loss                 | 3.64         |
|    n_updates            | 2005         |
|    policy_gradient_loss | 0.00134      |
|    value_loss           | 8.01         |
------------------------------------------
------------------------------------------
| rollout/                |              |
|    ep_len_mean          | 12.5         |
|    ep_rew_mean          | 5.15         |
| time/                   |              |
|    fps                  | 305          |
|    iterations           | 403          |
|    time_elapsed         | 676          |
|    total_timesteps      | 206336       |
| train/                  |              |
|    approx_kl            | 0.0042846724 |
|    clip_fraction        | 0.0273       |
|    clip_range           | 0.2          |
|    entropy_loss         | -0.167       |
|    explained_variance   | 0.661        |
|    learning_rate        | 0.0003       |
|    loss                 | 4.3          |
|    n_updates            | 2010         |
|    policy_gradient_loss | -0.00124     |
|    value_loss           | 7.82         |
------------------------------------------
------------------------------------------
| rollout/                |              |
|    ep_len_mean          | 10.8         |
|    ep_rew_mean          | 4.4          |
| time/                   |              |
|    fps                  | 305          |
|    iterations           | 404          |
|    time_elapsed         | 677          |
|    total_timesteps      | 206848       |
| train/                  |              |
|    approx_kl            | 0.0011229967 |
|    clip_fraction        | 0.00703      |
|    clip_range           | 0.2          |
|    entropy_loss         | -0.08        |
|    explained_variance   | 0.73         |
|    learning_rate        | 0.0003       |
|    loss                 | 3.35         |
|    n_updates            | 2015         |
|    policy_gradient_loss | -0.00521     |
|    value_loss           | 10.2         |
------------------------------------------
-----------------------------------------
| rollout/                |             |
|    ep_len_mean          | 9.3         |
|    ep_rew_mean          | 3.48        |
| time/                   |             |
|    fps                  | 305         |
|    iterations           | 405         |
|    time_elapsed         | 679         |
|    total_timesteps      | 207360      |
| train/                  |             |
|    approx_kl            | 0.004060084 |
|    clip_fraction        | 0.0508      |
|    clip_range           | 0.2         |
|    entropy_loss         | -0.162      |
|    explained_variance   | 0.602       |
|    learning_rate        | 0.0003      |
|    loss                 | 5.27        |
|    n_updates            | 2020        |
|    policy_gradient_loss | -0.00959    |
|    value_loss           | 13.2        |
-----------------------------------------
------------------------------------------
| rollout/                |              |
|    ep_len_mean          | 9.83         |
|    ep_rew_mean          | 3.64         |
| time/                   |              |
|    fps                  | 305          |
|    iterations           | 406          |
|    time_elapsed         | 680          |
|    total_timesteps      | 207872       |
| train/                  |              |
|    approx_kl            | 0.0004121004 |
|    clip_fraction        | 0.0219       |
|    clip_range           | 0.2          |
|    entropy_loss         | -0.167       |
|    explained_variance   | 0.53         |
|    learning_rate        | 0.0003       |
|    loss                 | 5.57         |
|    n_updates            | 2025         |
|    policy_gradient_loss | -0.00579     |
|    value_loss           | 11.9         |
------------------------------------------
------------------------------------------
| rollout/                |              |
|    ep_len_mean          | 11.5         |
|    ep_rew_mean          | 4.63         |
| time/                   |              |
|    fps                  | 305          |
|    iterations           | 407          |
|    time_elapsed         | 682          |
|    total_timesteps      | 208384       |
| train/                  |              |
|    approx_kl            | 0.0006191187 |
|    clip_fraction        | 0.00234      |
|    clip_range           | 0.2          |
|    entropy_loss         | -0.145       |
|    explained_variance   | 0.759        |
|    learning_rate        | 0.0003       |
|    loss                 | 4.96         |
|    n_updates            | 2030         |
|    policy_gradient_loss | -0.00106     |
|    value_loss           | 7.73         |
------------------------------------------
------------------------------------------
| rollout/                |              |
|    ep_len_mean          | 13.5         |
|    ep_rew_mean          | 5.64         |
| time/                   |              |
|    fps                  | 305          |
|    iterations           | 408          |
|    time_elapsed         | 684          |
|    total_timesteps      | 208896       |
| train/                  |              |
|    approx_kl            | 0.0008608863 |
|    clip_fraction        | 0.0148       |
|    clip_range           | 0.2          |
|    entropy_loss         | -0.104       |
|    explained_variance   | 0.588        |
|    learning_rate        | 0.0003       |
|    loss                 | 5.49         |
|    n_updates            | 2035         |
|    policy_gradient_loss | -0.00448     |
|    value_loss           | 9.79         |
------------------------------------------
-------------------------------------------
| rollout/                |               |
|    ep_len_mean          | 15.3          |
|    ep_rew_mean          | 6.64          |
| time/                   |               |
|    fps                  | 305           |
|    iterations           | 409           |
|    time_elapsed         | 686           |
|    total_timesteps      | 209408        |
| train/                  |               |
|    approx_kl            | 0.00076790166 |
|    clip_fraction        | 0.00703       |
|    clip_range           | 0.2           |
|    entropy_loss         | -0.0872       |
|    explained_variance   | 0.697         |
|    learning_rate        | 0.0003        |
|    loss                 | 4.31          |
|    n_updates            | 2040          |
|    policy_gradient_loss | -0.00472      |
|    value_loss           | 10.1          |
-------------------------------------------
------------------------------------------
| rollout/                |              |
|    ep_len_mean          | 13.7         |
|    ep_rew_mean          | 5.34         |
| time/                   |              |
|    fps                  | 305          |
|    iterations           | 410          |
|    time_elapsed         | 687          |
|    total_timesteps      | 209920       |
| train/                  |              |
|    approx_kl            | 0.0006874289 |
|    clip_fraction        | 0.00664      |
|    clip_range           | 0.2          |
|    entropy_loss         | -0.0844      |
|    explained_variance   | 0.595        |
|    learning_rate        | 0.0003       |
|    loss                 | 5.43         |
|    n_updates            | 2045         |
|    policy_gradient_loss | -0.00331     |
|    value_loss           | 11           |
------------------------------------------
-----------------------------------------
| rollout/                |             |
|    ep_len_mean          | 9.77        |
|    ep_rew_mean          | 3.48        |
| time/                   |             |
|    fps                  | 305         |
|    iterations           | 411         |
|    time_elapsed         | 689         |
|    total_timesteps      | 210432      |
| train/                  |             |
|    approx_kl            | 0.018992733 |
|    clip_fraction        | 0.0457      |
|    clip_range           | 0.2         |
|    entropy_loss         | -0.164      |
|    explained_variance   | 0.684       |
|    learning_rate        | 0.0003      |
|    loss                 | 4.41        |
|    n_updates            | 2050        |
|    policy_gradient_loss | 0.00338     |
|    value_loss           | 9.84        |
-----------------------------------------
------------------------------------------
| rollout/                |              |
|    ep_len_mean          | 9.27         |
|    ep_rew_mean          | 3.56         |
| time/                   |              |
|    fps                  | 305          |
|    iterations           | 412          |
|    time_elapsed         | 691          |
|    total_timesteps      | 210944       |
| train/                  |              |
|    approx_kl            | 0.0060382076 |
|    clip_fraction        | 0.0508       |
|    clip_range           | 0.2          |
|    entropy_loss         | -0.146       |
|    explained_variance   | 0.721        |
|    learning_rate        | 0.0003       |
|    loss                 | 3.14         |
|    n_updates            | 2055         |
|    policy_gradient_loss | -0.00898     |
|    value_loss           | 8.99         |
------------------------------------------
------------------------------------------
| rollout/                |              |
|    ep_len_mean          | 11.4         |
|    ep_rew_mean          | 4.61         |
| time/                   |              |
|    fps                  | 305          |
|    iterations           | 413          |
|    time_elapsed         | 692          |
|    total_timesteps      | 211456       |
| train/                  |              |
|    approx_kl            | 0.0007393968 |
|    clip_fraction        | 0.0109       |
|    clip_range           | 0.2          |
|    entropy_loss         | -0.143       |
|    explained_variance   | 0.585        |
|    learning_rate        | 0.0003       |
|    loss                 | 2.18         |
|    n_updates            | 2060         |
|    policy_gradient_loss | -0.00474     |
|    value_loss           | 11.7         |
------------------------------------------
------------------------------------------
| rollout/                |              |
|    ep_len_mean          | 13.3         |
|    ep_rew_mean          | 5.58         |
| time/                   |              |
|    fps                  | 305          |
|    iterations           | 414          |
|    time_elapsed         | 694          |
|    total_timesteps      | 211968       |
| train/                  |              |
|    approx_kl            | 0.0025317562 |
|    clip_fraction        | 0.0121       |
|    clip_range           | 0.2          |
|    entropy_loss         | -0.0553      |
|    explained_variance   | 0.598        |
|    learning_rate        | 0.0003       |
|    loss                 | 6.21         |
|    n_updates            | 2065         |
|    policy_gradient_loss | -0.00625     |
|    value_loss           | 13.5         |
------------------------------------------
-------------------------------------------
| rollout/                |               |
|    ep_len_mean          | 15.8          |
|    ep_rew_mean          | 6.7           |
| time/                   |               |
|    fps                  | 305           |
|    iterations           | 415           |
|    time_elapsed         | 696           |
|    total_timesteps      | 212480        |
| train/                  |               |
|    approx_kl            | 0.00018830597 |
|    clip_fraction        | 0             |
|    clip_range           | 0.2           |
|    entropy_loss         | -0.0751       |
|    explained_variance   | 0.691         |
|    learning_rate        | 0.0003        |
|    loss                 | 4.74          |
|    n_updates            | 2070          |
|    policy_gradient_loss | -0.000949     |
|    value_loss           | 8.85          |
-------------------------------------------
------------------------------------------
| rollout/                |              |
|    ep_len_mean          | 10.8         |
|    ep_rew_mean          | 4.09         |
| time/                   |              |
|    fps                  | 305          |
|    iterations           | 416          |
|    time_elapsed         | 698          |
|    total_timesteps      | 212992       |
| train/                  |              |
|    approx_kl            | 0.0061001554 |
|    clip_fraction        | 0.0773       |
|    clip_range           | 0.2          |
|    entropy_loss         | -0.131       |
|    explained_variance   | 0.776        |
|    learning_rate        | 0.0003       |
|    loss                 | 2.82         |
|    n_updates            | 2075         |
|    policy_gradient_loss | -0.00184     |
|    value_loss           | 7.36         |
------------------------------------------
------------------------------------------
| rollout/                |              |
|    ep_len_mean          | 8.44         |
|    ep_rew_mean          | 3.04         |
| time/                   |              |
|    fps                  | 305          |
|    iterations           | 417          |
|    time_elapsed         | 699          |
|    total_timesteps      | 213504       |
| train/                  |              |
|    approx_kl            | 0.0017502253 |
|    clip_fraction        | 0.00859      |
|    clip_range           | 0.2          |
|    entropy_loss         | -0.179       |
|    explained_variance   | 0.697        |
|    learning_rate        | 0.0003       |
|    loss                 | 5.84         |
|    n_updates            | 2080         |
|    policy_gradient_loss | -0.00302     |
|    value_loss           | 10.3         |
------------------------------------------
-------------------------------------------
| rollout/                |               |
|    ep_len_mean          | 10.7          |
|    ep_rew_mean          | 4.39          |
| time/                   |               |
|    fps                  | 305           |
|    iterations           | 418           |
|    time_elapsed         | 701           |
|    total_timesteps      | 214016        |
| train/                  |               |
|    approx_kl            | 0.00015636464 |
|    clip_fraction        | 0.0117        |
|    clip_range           | 0.2           |
|    entropy_loss         | -0.115        |
|    explained_variance   | 0.593         |
|    learning_rate        | 0.0003        |
|    loss                 | 10.1          |
|    n_updates            | 2085          |
|    policy_gradient_loss | -0.00235      |
|    value_loss           | 12.8          |
-------------------------------------------
------------------------------------------
| rollout/                |              |
|    ep_len_mean          | 9.67         |
|    ep_rew_mean          | 3.78         |
| time/                   |              |
|    fps                  | 305          |
|    iterations           | 419          |
|    time_elapsed         | 702          |
|    total_timesteps      | 214528       |
| train/                  |              |
|    approx_kl            | 0.0014055998 |
|    clip_fraction        | 0.0305       |
|    clip_range           | 0.2          |
|    entropy_loss         | -0.109       |
|    explained_variance   | 0.608        |
|    learning_rate        | 0.0003       |
|    loss                 | 5.37         |
|    n_updates            | 2090         |
|    policy_gradient_loss | -0.00568     |
|    value_loss           | 11.8         |
------------------------------------------
------------------------------------------
| rollout/                |              |
|    ep_len_mean          | 9.69         |
|    ep_rew_mean          | 3.82         |
| time/                   |              |
|    fps                  | 305          |
|    iterations           | 420          |
|    time_elapsed         | 704          |
|    total_timesteps      | 215040       |
| train/                  |              |
|    approx_kl            | 0.0012009395 |
|    clip_fraction        | 0.00391      |
|    clip_range           | 0.2          |
|    entropy_loss         | -0.152       |
|    explained_variance   | 0.666        |
|    learning_rate        | 0.0003       |
|    loss                 | 4.78         |
|    n_updates            | 2095         |
|    policy_gradient_loss | -0.00284     |
|    value_loss           | 10.6         |
------------------------------------------
------------------------------------------
| rollout/                |              |
|    ep_len_mean          | 12.2         |
|    ep_rew_mean          | 5.07         |
| time/                   |              |
|    fps                  | 305          |
|    iterations           | 421          |
|    time_elapsed         | 706          |
|    total_timesteps      | 215552       |
| train/                  |              |
|    approx_kl            | 0.0006505091 |
|    clip_fraction        | 0.00313      |
|    clip_range           | 0.2          |
|    entropy_loss         | -0.116       |
|    explained_variance   | 0.595        |
|    learning_rate        | 0.0003       |
|    loss                 | 4.52         |
|    n_updates            | 2100         |
|    policy_gradient_loss | 0.000499     |
|    value_loss           | 9.62         |
------------------------------------------
------------------------------------------
| rollout/                |              |
|    ep_len_mean          | 13.1         |
|    ep_rew_mean          | 5.2          |
| time/                   |              |
|    fps                  | 305          |
|    iterations           | 422          |
|    time_elapsed         | 707          |
|    total_timesteps      | 216064       |
| train/                  |              |
|    approx_kl            | 0.0010037159 |
|    clip_fraction        | 0.0152       |
|    clip_range           | 0.2          |
|    entropy_loss         | -0.0788      |
|    explained_variance   | 0.719        |
|    learning_rate        | 0.0003       |
|    loss                 | 2.12         |
|    n_updates            | 2105         |
|    policy_gradient_loss | -0.00445     |
|    value_loss           | 7.85         |
------------------------------------------
------------------------------------------
| rollout/                |              |
|    ep_len_mean          | 12.5         |
|    ep_rew_mean          | 4.74         |
| time/                   |              |
|    fps                  | 305          |
|    iterations           | 423          |
|    time_elapsed         | 709          |
|    total_timesteps      | 216576       |
| train/                  |              |
|    approx_kl            | 0.0037307502 |
|    clip_fraction        | 0.0266       |
|    clip_range           | 0.2          |
|    entropy_loss         | -0.129       |
|    explained_variance   | 0.69         |
|    learning_rate        | 0.0003       |
|    loss                 | 3.31         |
|    n_updates            | 2110         |
|    policy_gradient_loss | -0.00614     |
|    value_loss           | 9.79         |
------------------------------------------
-----------------------------------------
| rollout/                |             |
|    ep_len_mean          | 13.6        |
|    ep_rew_mean          | 5.53        |
| time/                   |             |
|    fps                  | 305         |
|    iterations           | 424         |
|    time_elapsed         | 711         |
|    total_timesteps      | 217088      |
| train/                  |             |
|    approx_kl            | 0.010553772 |
|    clip_fraction        | 0.0402      |
|    clip_range           | 0.2         |
|    entropy_loss         | -0.135      |
|    explained_variance   | 0.663       |
|    learning_rate        | 0.0003      |
|    loss                 | 6.63        |
|    n_updates            | 2115        |
|    policy_gradient_loss | 0.00486     |
|    value_loss           | 10.9        |
-----------------------------------------
-----------------------------------------
| rollout/                |             |
|    ep_len_mean          | 11.9        |
|    ep_rew_mean          | 4.5         |
| time/                   |             |
|    fps                  | 305         |
|    iterations           | 425         |
|    time_elapsed         | 712         |
|    total_timesteps      | 217600      |
| train/                  |             |
|    approx_kl            | 0.005621165 |
|    clip_fraction        | 0.0305      |
|    clip_range           | 0.2         |
|    entropy_loss         | -0.0438     |
|    explained_variance   | 0.607       |
|    learning_rate        | 0.0003      |
|    loss                 | 4.14        |
|    n_updates            | 2120        |
|    policy_gradient_loss | -0.012      |
|    value_loss           | 10.8        |
-----------------------------------------
------------------------------------------
| rollout/                |              |
|    ep_len_mean          | 11.2         |
|    ep_rew_mean          | 3.83         |
| time/                   |              |
|    fps                  | 305          |
|    iterations           | 426          |
|    time_elapsed         | 714          |
|    total_timesteps      | 218112       |
| train/                  |              |
|    approx_kl            | 0.0011267572 |
|    clip_fraction        | 0.0152       |
|    clip_range           | 0.2          |
|    entropy_loss         | -0.203       |
|    explained_variance   | 0.634        |
|    learning_rate        | 0.0003       |
|    loss                 | 7.43         |
|    n_updates            | 2125         |
|    policy_gradient_loss | 0.00409      |
|    value_loss           | 10.2         |
------------------------------------------
-------------------------------------------
| rollout/                |               |
|    ep_len_mean          | 11.9          |
|    ep_rew_mean          | 4.05          |
| time/                   |               |
|    fps                  | 305           |
|    iterations           | 427           |
|    time_elapsed         | 715           |
|    total_timesteps      | 218624        |
| train/                  |               |
|    approx_kl            | 0.00023798202 |
|    clip_fraction        | 0             |
|    clip_range           | 0.2           |
|    entropy_loss         | -0.0724       |
|    explained_variance   | 0.562         |
|    learning_rate        | 0.0003        |
|    loss                 | 5.32          |
|    n_updates            | 2130          |
|    policy_gradient_loss | -0.00178      |
|    value_loss           | 10.9          |
-------------------------------------------
------------------------------------------
| rollout/                |              |
|    ep_len_mean          | 11.2         |
|    ep_rew_mean          | 3.55         |
| time/                   |              |
|    fps                  | 305          |
|    iterations           | 428          |
|    time_elapsed         | 717          |
|    total_timesteps      | 219136       |
| train/                  |              |
|    approx_kl            | 0.0065502655 |
|    clip_fraction        | 0.0305       |
|    clip_range           | 0.2          |
|    entropy_loss         | -0.161       |
|    explained_variance   | 0.634        |
|    learning_rate        | 0.0003       |
|    loss                 | 7.95         |
|    n_updates            | 2135         |
|    policy_gradient_loss | 0.000348     |
|    value_loss           | 12           |
------------------------------------------
------------------------------------------
| rollout/                |              |
|    ep_len_mean          | 11.9         |
|    ep_rew_mean          | 4.34         |
| time/                   |              |
|    fps                  | 305          |
|    iterations           | 429          |
|    time_elapsed         | 718          |
|    total_timesteps      | 219648       |
| train/                  |              |
|    approx_kl            | 0.0006229565 |
|    clip_fraction        | 0.0137       |
|    clip_range           | 0.2          |
|    entropy_loss         | -0.0919      |
|    explained_variance   | 0.658        |
|    learning_rate        | 0.0003       |
|    loss                 | 6.63         |
|    n_updates            | 2140         |
|    policy_gradient_loss | 0.000291     |
|    value_loss           | 10.9         |
------------------------------------------
-----------------------------------------
| rollout/                |             |
|    ep_len_mean          | 11.3        |
|    ep_rew_mean          | 4.39        |
| time/                   |             |
|    fps                  | 305         |
|    iterations           | 430         |
|    time_elapsed         | 720         |
|    total_timesteps      | 220160      |
| train/                  |             |
|    approx_kl            | 0.015167689 |
|    clip_fraction        | 0.0328      |
|    clip_range           | 0.2         |
|    entropy_loss         | -0.108      |
|    explained_variance   | 0.611       |
|    learning_rate        | 0.0003      |
|    loss                 | 6.64        |
|    n_updates            | 2145        |
|    policy_gradient_loss | 0.00418     |
|    value_loss           | 9.37        |
-----------------------------------------
------------------------------------------
| rollout/                |              |
|    ep_len_mean          | 10.6         |
|    ep_rew_mean          | 4.26         |
| time/                   |              |
|    fps                  | 305          |
|    iterations           | 431          |
|    time_elapsed         | 722          |
|    total_timesteps      | 220672       |
| train/                  |              |
|    approx_kl            | 0.0009306041 |
|    clip_fraction        | 0.0082       |
|    clip_range           | 0.2          |
|    entropy_loss         | -0.138       |
|    explained_variance   | 0.734        |
|    learning_rate        | 0.0003       |
|    loss                 | 5.04         |
|    n_updates            | 2150         |
|    policy_gradient_loss | 0.000232     |
|    value_loss           | 7.96         |
------------------------------------------
------------------------------------------
| rollout/                |              |
|    ep_len_mean          | 10.1         |
|    ep_rew_mean          | 4.25         |
| time/                   |              |
|    fps                  | 305          |
|    iterations           | 432          |
|    time_elapsed         | 723          |
|    total_timesteps      | 221184       |
| train/                  |              |
|    approx_kl            | 0.0026866295 |
|    clip_fraction        | 0.0371       |
|    clip_range           | 0.2          |
|    entropy_loss         | -0.113       |
|    explained_variance   | 0.534        |
|    learning_rate        | 0.0003       |
|    loss                 | 6.41         |
|    n_updates            | 2155         |
|    policy_gradient_loss | -0.00613     |
|    value_loss           | 9.98         |
------------------------------------------
------------------------------------------
| rollout/                |              |
|    ep_len_mean          | 10.8         |
|    ep_rew_mean          | 4.63         |
| time/                   |              |
|    fps                  | 305          |
|    iterations           | 433          |
|    time_elapsed         | 725          |
|    total_timesteps      | 221696       |
| train/                  |              |
|    approx_kl            | 0.0005279568 |
|    clip_fraction        | 0.00625      |
|    clip_range           | 0.2          |
|    entropy_loss         | -0.11        |
|    explained_variance   | 0.742        |
|    learning_rate        | 0.0003       |
|    loss                 | 3.66         |
|    n_updates            | 2160         |
|    policy_gradient_loss | -0.00305     |
|    value_loss           | 6.79         |
------------------------------------------
------------------------------------------
| rollout/                |              |
|    ep_len_mean          | 13.3         |
|    ep_rew_mean          | 5.8          |
| time/                   |              |
|    fps                  | 305          |
|    iterations           | 434          |
|    time_elapsed         | 726          |
|    total_timesteps      | 222208       |
| train/                  |              |
|    approx_kl            | 0.0004167498 |
|    clip_fraction        | 0.00156      |
|    clip_range           | 0.2          |
|    entropy_loss         | -0.0849      |
|    explained_variance   | 0.691        |
|    learning_rate        | 0.0003       |
|    loss                 | 2.19         |
|    n_updates            | 2165         |
|    policy_gradient_loss | -0.00197     |
|    value_loss           | 6.55         |
------------------------------------------
------------------------------------------
| rollout/                |              |
|    ep_len_mean          | 14.2         |
|    ep_rew_mean          | 6.11         |
| time/                   |              |
|    fps                  | 305          |
|    iterations           | 435          |
|    time_elapsed         | 728          |
|    total_timesteps      | 222720       |
| train/                  |              |
|    approx_kl            | 0.0017176021 |
|    clip_fraction        | 0.027        |
|    clip_range           | 0.2          |
|    entropy_loss         | -0.0585      |
|    explained_variance   | 0.629        |
|    learning_rate        | 0.0003       |
|    loss                 | 4.5          |
|    n_updates            | 2170         |
|    policy_gradient_loss | -0.00574     |
|    value_loss           | 7.54         |
------------------------------------------
-----------------------------------------
| rollout/                |             |
|    ep_len_mean          | 14.9        |
|    ep_rew_mean          | 5.43        |
| time/                   |             |
|    fps                  | 305         |
|    iterations           | 436         |
|    time_elapsed         | 729         |
|    total_timesteps      | 223232      |
| train/                  |             |
|    approx_kl            | 0.003566349 |
|    clip_fraction        | 0.0227      |
|    clip_range           | 0.2         |
|    entropy_loss         | -0.0661     |
|    explained_variance   | 0.628       |
|    learning_rate        | 0.0003      |
|    loss                 | 5.94        |
|    n_updates            | 2175        |
|    policy_gradient_loss | -0.00191    |
|    value_loss           | 10.6        |
-----------------------------------------
-----------------------------------------
| rollout/                |             |
|    ep_len_mean          | 15.1        |
|    ep_rew_mean          | 5.29        |
| time/                   |             |
|    fps                  | 305         |
|    iterations           | 437         |
|    time_elapsed         | 731         |
|    total_timesteps      | 223744      |
| train/                  |             |
|    approx_kl            | 0.003939114 |
|    clip_fraction        | 0.016       |
|    clip_range           | 0.2         |
|    entropy_loss         | -0.0982     |
|    explained_variance   | 0.607       |
|    learning_rate        | 0.0003      |
|    loss                 | 8.02        |
|    n_updates            | 2180        |
|    policy_gradient_loss | 0.00478     |
|    value_loss           | 14.3        |
-----------------------------------------
-----------------------------------------
| rollout/                |             |
|    ep_len_mean          | 12.8        |
|    ep_rew_mean          | 4.48        |
| time/                   |             |
|    fps                  | 305         |
|    iterations           | 438         |
|    time_elapsed         | 733         |
|    total_timesteps      | 224256      |
| train/                  |             |
|    approx_kl            | 0.013456912 |
|    clip_fraction        | 0.043       |
|    clip_range           | 0.2         |
|    entropy_loss         | -0.119      |
|    explained_variance   | 0.692       |
|    learning_rate        | 0.0003      |
|    loss                 | 4.53        |
|    n_updates            | 2185        |
|    policy_gradient_loss | 0.00361     |
|    value_loss           | 8.39        |
-----------------------------------------
------------------------------------------
| rollout/                |              |
|    ep_len_mean          | 10.2         |
|    ep_rew_mean          | 4.04         |
| time/                   |              |
|    fps                  | 305          |
|    iterations           | 439          |
|    time_elapsed         | 734          |
|    total_timesteps      | 224768       |
| train/                  |              |
|    approx_kl            | 0.0016332271 |
|    clip_fraction        | 0.0371       |
|    clip_range           | 0.2          |
|    entropy_loss         | -0.102       |
|    explained_variance   | 0.663        |
|    learning_rate        | 0.0003       |
|    loss                 | 4.67         |
|    n_updates            | 2190         |
|    policy_gradient_loss | -0.00942     |
|    value_loss           | 11.6         |
------------------------------------------
------------------------------------------
| rollout/                |              |
|    ep_len_mean          | 10.4         |
|    ep_rew_mean          | 4.11         |
| time/                   |              |
|    fps                  | 305          |
|    iterations           | 440          |
|    time_elapsed         | 736          |
|    total_timesteps      | 225280       |
| train/                  |              |
|    approx_kl            | 0.0023494693 |
|    clip_fraction        | 0.0348       |
|    clip_range           | 0.2          |
|    entropy_loss         | -0.138       |
|    explained_variance   | 0.528        |
|    learning_rate        | 0.0003       |
|    loss                 | 3.63         |
|    n_updates            | 2195         |
|    policy_gradient_loss | -0.0108      |
|    value_loss           | 8.96         |
------------------------------------------
------------------------------------------
| rollout/                |              |
|    ep_len_mean          | 12           |
|    ep_rew_mean          | 4.83         |
| time/                   |              |
|    fps                  | 306          |
|    iterations           | 441          |
|    time_elapsed         | 737          |
|    total_timesteps      | 225792       |
| train/                  |              |
|    approx_kl            | 0.0012969516 |
|    clip_fraction        | 0.0148       |
|    clip_range           | 0.2          |
|    entropy_loss         | -0.119       |
|    explained_variance   | 0.582        |
|    learning_rate        | 0.0003       |
|    loss                 | 4.49         |
|    n_updates            | 2200         |
|    policy_gradient_loss | 0.002        |
|    value_loss           | 9.24         |
------------------------------------------
------------------------------------------
| rollout/                |              |
|    ep_len_mean          | 12           |
|    ep_rew_mean          | 5.04         |
| time/                   |              |
|    fps                  | 306          |
|    iterations           | 442          |
|    time_elapsed         | 739          |
|    total_timesteps      | 226304       |
| train/                  |              |
|    approx_kl            | 0.0011240935 |
|    clip_fraction        | 0.016        |
|    clip_range           | 0.2          |
|    entropy_loss         | -0.0878      |
|    explained_variance   | 0.694        |
|    learning_rate        | 0.0003       |
|    loss                 | 3.9          |
|    n_updates            | 2205         |
|    policy_gradient_loss | -0.00614     |
|    value_loss           | 8.52         |
------------------------------------------
------------------------------------------
| rollout/                |              |
|    ep_len_mean          | 10.9         |
|    ep_rew_mean          | 4.3          |
| time/                   |              |
|    fps                  | 306          |
|    iterations           | 443          |
|    time_elapsed         | 740          |
|    total_timesteps      | 226816       |
| train/                  |              |
|    approx_kl            | 6.874977e-05 |
|    clip_fraction        | 0.00117      |
|    clip_range           | 0.2          |
|    entropy_loss         | -0.0875      |
|    explained_variance   | 0.612        |
|    learning_rate        | 0.0003       |
|    loss                 | 5.14         |
|    n_updates            | 2210         |
|    policy_gradient_loss | -0.000955    |
|    value_loss           | 9.58         |
------------------------------------------
------------------------------------------
| rollout/                |              |
|    ep_len_mean          | 11.7         |
|    ep_rew_mean          | 4.58         |
| time/                   |              |
|    fps                  | 306          |
|    iterations           | 444          |
|    time_elapsed         | 742          |
|    total_timesteps      | 227328       |
| train/                  |              |
|    approx_kl            | 0.0008672162 |
|    clip_fraction        | 0.0195       |
|    clip_range           | 0.2          |
|    entropy_loss         | -0.108       |
|    explained_variance   | 0.548        |
|    learning_rate        | 0.0003       |
|    loss                 | 7.55         |
|    n_updates            | 2215         |
|    policy_gradient_loss | -0.00584     |
|    value_loss           | 12.4         |
------------------------------------------
-------------------------------------------
| rollout/                |               |
|    ep_len_mean          | 13.2          |
|    ep_rew_mean          | 5.34          |
| time/                   |               |
|    fps                  | 306           |
|    iterations           | 445           |
|    time_elapsed         | 744           |
|    total_timesteps      | 227840        |
| train/                  |               |
|    approx_kl            | 0.00038637908 |
|    clip_fraction        | 0.0082        |
|    clip_range           | 0.2           |
|    entropy_loss         | -0.0755       |
|    explained_variance   | 0.667         |
|    learning_rate        | 0.0003        |
|    loss                 | 7.46          |
|    n_updates            | 2220          |
|    policy_gradient_loss | -0.00424      |
|    value_loss           | 9.96          |
-------------------------------------------
----------------------------------------
| rollout/                |            |
|    ep_len_mean          | 10.9       |
|    ep_rew_mean          | 4.25       |
| time/                   |            |
|    fps                  | 306        |
|    iterations           | 446        |
|    time_elapsed         | 745        |
|    total_timesteps      | 228352     |
| train/                  |            |
|    approx_kl            | 0.01591581 |
|    clip_fraction        | 0.0895     |
|    clip_range           | 0.2        |
|    entropy_loss         | -0.145     |
|    explained_variance   | 0.675      |
|    learning_rate        | 0.0003     |
|    loss                 | 3.41       |
|    n_updates            | 2225       |
|    policy_gradient_loss | 0.0074     |
|    value_loss           | 8.64       |
----------------------------------------
------------------------------------------
| rollout/                |              |
|    ep_len_mean          | 11.7         |
|    ep_rew_mean          | 4.64         |
| time/                   |              |
|    fps                  | 306          |
|    iterations           | 447          |
|    time_elapsed         | 747          |
|    total_timesteps      | 228864       |
| train/                  |              |
|    approx_kl            | 0.0010286111 |
|    clip_fraction        | 0.0219       |
|    clip_range           | 0.2          |
|    entropy_loss         | -0.129       |
|    explained_variance   | 0.59         |
|    learning_rate        | 0.0003       |
|    loss                 | 3.67         |
|    n_updates            | 2230         |
|    policy_gradient_loss | -0.00446     |
|    value_loss           | 9.91         |
------------------------------------------
-------------------------------------------
| rollout/                |               |
|    ep_len_mean          | 11.7          |
|    ep_rew_mean          | 4.65          |
| time/                   |               |
|    fps                  | 306           |
|    iterations           | 448           |
|    time_elapsed         | 748           |
|    total_timesteps      | 229376        |
| train/                  |               |
|    approx_kl            | 0.00068529084 |
|    clip_fraction        | 0.00859       |
|    clip_range           | 0.2           |
|    entropy_loss         | -0.129        |
|    explained_variance   | 0.681         |
|    learning_rate        | 0.0003        |
|    loss                 | 3.29          |
|    n_updates            | 2235          |
|    policy_gradient_loss | -0.00425      |
|    value_loss           | 7.81          |
-------------------------------------------
------------------------------------------
| rollout/                |              |
|    ep_len_mean          | 12.6         |
|    ep_rew_mean          | 4.88         |
| time/                   |              |
|    fps                  | 306          |
|    iterations           | 449          |
|    time_elapsed         | 750          |
|    total_timesteps      | 229888       |
| train/                  |              |
|    approx_kl            | 0.0024789148 |
|    clip_fraction        | 0.0215       |
|    clip_range           | 0.2          |
|    entropy_loss         | -0.0891      |
|    explained_variance   | 0.658        |
|    learning_rate        | 0.0003       |
|    loss                 | 4.45         |
|    n_updates            | 2240         |
|    policy_gradient_loss | -0.00746     |
|    value_loss           | 8.92         |
------------------------------------------
----------------------------------------
| rollout/                |            |
|    ep_len_mean          | 12.7       |
|    ep_rew_mean          | 4.9        |
| time/                   |            |
|    fps                  | 306        |
|    iterations           | 450        |
|    time_elapsed         | 751        |
|    total_timesteps      | 230400     |
| train/                  |            |
|    approx_kl            | 0.00390632 |
|    clip_fraction        | 0.0578     |
|    clip_range           | 0.2        |
|    entropy_loss         | -0.122     |
|    explained_variance   | 0.727      |
|    learning_rate        | 0.0003     |
|    loss                 | 2.77       |
|    n_updates            | 2245       |
|    policy_gradient_loss | -0.000439  |
|    value_loss           | 9.41       |
----------------------------------------
------------------------------------------
| rollout/                |              |
|    ep_len_mean          | 10.8         |
|    ep_rew_mean          | 4.22         |
| time/                   |              |
|    fps                  | 306          |
|    iterations           | 451          |
|    time_elapsed         | 753          |
|    total_timesteps      | 230912       |
| train/                  |              |
|    approx_kl            | 0.0009938176 |
|    clip_fraction        | 0.0273       |
|    clip_range           | 0.2          |
|    entropy_loss         | -0.093       |
|    explained_variance   | 0.684        |
|    learning_rate        | 0.0003       |
|    loss                 | 6.41         |
|    n_updates            | 2250         |
|    policy_gradient_loss | -0.0072      |
|    value_loss           | 9.4          |
------------------------------------------
------------------------------------------
| rollout/                |              |
|    ep_len_mean          | 11.7         |
|    ep_rew_mean          | 4.58         |
| time/                   |              |
|    fps                  | 306          |
|    iterations           | 452          |
|    time_elapsed         | 754          |
|    total_timesteps      | 231424       |
| train/                  |              |
|    approx_kl            | 0.0019472218 |
|    clip_fraction        | 0.0383       |
|    clip_range           | 0.2          |
|    entropy_loss         | -0.123       |
|    explained_variance   | 0.582        |
|    learning_rate        | 0.0003       |
|    loss                 | 5.46         |
|    n_updates            | 2255         |
|    policy_gradient_loss | -0.00717     |
|    value_loss           | 13.6         |
------------------------------------------
------------------------------------------
| rollout/                |              |
|    ep_len_mean          | 12.1         |
|    ep_rew_mean          | 4.73         |
| time/                   |              |
|    fps                  | 306          |
|    iterations           | 453          |
|    time_elapsed         | 756          |
|    total_timesteps      | 231936       |
| train/                  |              |
|    approx_kl            | 0.0065727183 |
|    clip_fraction        | 0.0418       |
|    clip_range           | 0.2          |
|    entropy_loss         | -0.106       |
|    explained_variance   | 0.7          |
|    learning_rate        | 0.0003       |
|    loss                 | 4.78         |
|    n_updates            | 2260         |
|    policy_gradient_loss | 0.0034       |
|    value_loss           | 8.95         |
------------------------------------------
-----------------------------------------
| rollout/                |             |
|    ep_len_mean          | 14.4        |
|    ep_rew_mean          | 6.16        |
| time/                   |             |
|    fps                  | 306         |
|    iterations           | 454         |
|    time_elapsed         | 758         |
|    total_timesteps      | 232448      |
| train/                  |             |
|    approx_kl            | 0.008346007 |
|    clip_fraction        | 0.0309      |
|    clip_range           | 0.2         |
|    entropy_loss         | -0.0895     |
|    explained_variance   | 0.709       |
|    learning_rate        | 0.0003      |
|    loss                 | 4.28        |
|    n_updates            | 2265        |
|    policy_gradient_loss | 0.000963    |
|    value_loss           | 9.02        |
-----------------------------------------
------------------------------------------
| rollout/                |              |
|    ep_len_mean          | 11           |
|    ep_rew_mean          | 4.62         |
| time/                   |              |
|    fps                  | 306          |
|    iterations           | 455          |
|    time_elapsed         | 759          |
|    total_timesteps      | 232960       |
| train/                  |              |
|    approx_kl            | 0.0059521156 |
|    clip_fraction        | 0.0266       |
|    clip_range           | 0.2          |
|    entropy_loss         | -0.0767      |
|    explained_variance   | 0.745        |
|    learning_rate        | 0.0003       |
|    loss                 | 1.56         |
|    n_updates            | 2270         |
|    policy_gradient_loss | -0.00508     |
|    value_loss           | 6.42         |
------------------------------------------
-------------------------------------------
| rollout/                |               |
|    ep_len_mean          | 11.9          |
|    ep_rew_mean          | 4.73          |
| time/                   |               |
|    fps                  | 306           |
|    iterations           | 456           |
|    time_elapsed         | 761           |
|    total_timesteps      | 233472        |
| train/                  |               |
|    approx_kl            | 0.00015746517 |
|    clip_fraction        | 0.0414        |
|    clip_range           | 0.2           |
|    entropy_loss         | -0.157        |
|    explained_variance   | 0.626         |
|    learning_rate        | 0.0003        |
|    loss                 | 6.94          |
|    n_updates            | 2275          |
|    policy_gradient_loss | 0.00917       |
|    value_loss           | 10.7          |
-------------------------------------------
------------------------------------------
| rollout/                |              |
|    ep_len_mean          | 13.8         |
|    ep_rew_mean          | 5.78         |
| time/                   |              |
|    fps                  | 306          |
|    iterations           | 457          |
|    time_elapsed         | 762          |
|    total_timesteps      | 233984       |
| train/                  |              |
|    approx_kl            | 0.0005722275 |
|    clip_fraction        | 0.000391     |
|    clip_range           | 0.2          |
|    entropy_loss         | -0.0854      |
|    explained_variance   | 0.632        |
|    learning_rate        | 0.0003       |
|    loss                 | 5.99         |
|    n_updates            | 2280         |
|    policy_gradient_loss | -0.00169     |
|    value_loss           | 10.9         |
------------------------------------------
------------------------------------------
| rollout/                |              |
|    ep_len_mean          | 13.6         |
|    ep_rew_mean          | 5.54         |
| time/                   |              |
|    fps                  | 306          |
|    iterations           | 458          |
|    time_elapsed         | 764          |
|    total_timesteps      | 234496       |
| train/                  |              |
|    approx_kl            | 0.0013044355 |
|    clip_fraction        | 0.0152       |
|    clip_range           | 0.2          |
|    entropy_loss         | -0.0761      |
|    explained_variance   | 0.67         |
|    learning_rate        | 0.0003       |
|    loss                 | 6.51         |
|    n_updates            | 2285         |
|    policy_gradient_loss | 0.00294      |
|    value_loss           | 10.9         |
------------------------------------------
-----------------------------------------
| rollout/                |             |
|    ep_len_mean          | 12.3        |
|    ep_rew_mean          | 4.88        |
| time/                   |             |
|    fps                  | 306         |
|    iterations           | 459         |
|    time_elapsed         | 766         |
|    total_timesteps      | 235008      |
| train/                  |             |
|    approx_kl            | 0.002396721 |
|    clip_fraction        | 0.0258      |
|    clip_range           | 0.2         |
|    entropy_loss         | -0.109      |
|    explained_variance   | 0.672       |
|    learning_rate        | 0.0003      |
|    loss                 | 4.16        |
|    n_updates            | 2290        |
|    policy_gradient_loss | -0.00889    |
|    value_loss           | 9.64        |
-----------------------------------------
------------------------------------------
| rollout/                |              |
|    ep_len_mean          | 11.7         |
|    ep_rew_mean          | 4.45         |
| time/                   |              |
|    fps                  | 306          |
|    iterations           | 460          |
|    time_elapsed         | 767          |
|    total_timesteps      | 235520       |
| train/                  |              |
|    approx_kl            | 0.0004625232 |
|    clip_fraction        | 0.00352      |
|    clip_range           | 0.2          |
|    entropy_loss         | -0.081       |
|    explained_variance   | 0.543        |
|    learning_rate        | 0.0003       |
|    loss                 | 6.18         |
|    n_updates            | 2295         |
|    policy_gradient_loss | -0.00339     |
|    value_loss           | 12.5         |
------------------------------------------
-------------------------------------------
| rollout/                |               |
|    ep_len_mean          | 13.5          |
|    ep_rew_mean          | 5.32          |
| time/                   |               |
|    fps                  | 306           |
|    iterations           | 461           |
|    time_elapsed         | 769           |
|    total_timesteps      | 236032        |
| train/                  |               |
|    approx_kl            | 0.00084976386 |
|    clip_fraction        | 0.0184        |
|    clip_range           | 0.2           |
|    entropy_loss         | -0.104        |
|    explained_variance   | 0.587         |
|    learning_rate        | 0.0003        |
|    loss                 | 9             |
|    n_updates            | 2300          |
|    policy_gradient_loss | -0.0055       |
|    value_loss           | 12.1          |
-------------------------------------------
------------------------------------------
| rollout/                |              |
|    ep_len_mean          | 12.6         |
|    ep_rew_mean          | 4.55         |
| time/                   |              |
|    fps                  | 306          |
|    iterations           | 462          |
|    time_elapsed         | 771          |
|    total_timesteps      | 236544       |
| train/                  |              |
|    approx_kl            | 0.0015833769 |
|    clip_fraction        | 0.0156       |
|    clip_range           | 0.2          |
|    entropy_loss         | -0.081       |
|    explained_variance   | 0.658        |
|    learning_rate        | 0.0003       |
|    loss                 | 5.99         |
|    n_updates            | 2305         |
|    policy_gradient_loss | -0.00357     |
|    value_loss           | 12.2         |
------------------------------------------
------------------------------------------
| rollout/                |              |
|    ep_len_mean          | 11.7         |
|    ep_rew_mean          | 4.06         |
| time/                   |              |
|    fps                  | 306          |
|    iterations           | 463          |
|    time_elapsed         | 772          |
|    total_timesteps      | 237056       |
| train/                  |              |
|    approx_kl            | 0.0007522341 |
|    clip_fraction        | 0.0223       |
|    clip_range           | 0.2          |
|    entropy_loss         | -0.15        |
|    explained_variance   | 0.606        |
|    learning_rate        | 0.0003       |
|    loss                 | 5.36         |
|    n_updates            | 2310         |
|    policy_gradient_loss | -0.00534     |
|    value_loss           | 14.1         |
------------------------------------------
------------------------------------------
| rollout/                |              |
|    ep_len_mean          | 12.7         |
|    ep_rew_mean          | 4.43         |
| time/                   |              |
|    fps                  | 306          |
|    iterations           | 464          |
|    time_elapsed         | 774          |
|    total_timesteps      | 237568       |
| train/                  |              |
|    approx_kl            | 0.0009330363 |
|    clip_fraction        | 0.00859      |
|    clip_range           | 0.2          |
|    entropy_loss         | -0.0682      |
|    explained_variance   | 0.674        |
|    learning_rate        | 0.0003       |
|    loss                 | 3.06         |
|    n_updates            | 2315         |
|    policy_gradient_loss | -0.00298     |
|    value_loss           | 9.43         |
------------------------------------------
-----------------------------------------
| rollout/                |             |
|    ep_len_mean          | 13.9        |
|    ep_rew_mean          | 5.34        |
| time/                   |             |
|    fps                  | 306         |
|    iterations           | 465         |
|    time_elapsed         | 776         |
|    total_timesteps      | 238080      |
| train/                  |             |
|    approx_kl            | 0.007974957 |
|    clip_fraction        | 0.0531      |
|    clip_range           | 0.2         |
|    entropy_loss         | -0.136      |
|    explained_variance   | 0.607       |
|    learning_rate        | 0.0003      |
|    loss                 | 6.55        |
|    n_updates            | 2320        |
|    policy_gradient_loss | 0.000959    |
|    value_loss           | 13.4        |
-----------------------------------------
-----------------------------------------
| rollout/                |             |
|    ep_len_mean          | 13.6        |
|    ep_rew_mean          | 5.4         |
| time/                   |             |
|    fps                  | 306         |
|    iterations           | 466         |
|    time_elapsed         | 777         |
|    total_timesteps      | 238592      |
| train/                  |             |
|    approx_kl            | 0.000118942 |
|    clip_fraction        | 0.00195     |
|    clip_range           | 0.2         |
|    entropy_loss         | -0.0902     |
|    explained_variance   | 0.736       |
|    learning_rate        | 0.0003      |
|    loss                 | 3.49        |
|    n_updates            | 2325        |
|    policy_gradient_loss | -0.00102    |
|    value_loss           | 9.48        |
-----------------------------------------
----------------------------------------
| rollout/                |            |
|    ep_len_mean          | 10.5       |
|    ep_rew_mean          | 3.83       |
| time/                   |            |
|    fps                  | 306        |
|    iterations           | 467        |
|    time_elapsed         | 779        |
|    total_timesteps      | 239104     |
| train/                  |            |
|    approx_kl            | 0.00170294 |
|    clip_fraction        | 0.0129     |
|    clip_range           | 0.2        |
|    entropy_loss         | -0.11      |
|    explained_variance   | 0.652      |
|    learning_rate        | 0.0003     |
|    loss                 | 4.89       |
|    n_updates            | 2330       |
|    policy_gradient_loss | -0.000347  |
|    value_loss           | 11.8       |
----------------------------------------
------------------------------------------
| rollout/                |              |
|    ep_len_mean          | 11.3         |
|    ep_rew_mean          | 4.25         |
| time/                   |              |
|    fps                  | 306          |
|    iterations           | 468          |
|    time_elapsed         | 780          |
|    total_timesteps      | 239616       |
| train/                  |              |
|    approx_kl            | 0.0007593087 |
|    clip_fraction        | 0.00937      |
|    clip_range           | 0.2          |
|    entropy_loss         | -0.154       |
|    explained_variance   | 0.646        |
|    learning_rate        | 0.0003       |
|    loss                 | 9.28         |
|    n_updates            | 2335         |
|    policy_gradient_loss | -0.00403     |
|    value_loss           | 10.5         |
------------------------------------------
-------------------------------------------
| rollout/                |               |
|    ep_len_mean          | 13.2          |
|    ep_rew_mean          | 5.46          |
| time/                   |               |
|    fps                  | 306           |
|    iterations           | 469           |
|    time_elapsed         | 782           |
|    total_timesteps      | 240128        |
| train/                  |               |
|    approx_kl            | 0.00063685357 |
|    clip_fraction        | 0.00352       |
|    clip_range           | 0.2           |
|    entropy_loss         | -0.085        |
|    explained_variance   | 0.709         |
|    learning_rate        | 0.0003        |
|    loss                 | 5.41          |
|    n_updates            | 2340          |
|    policy_gradient_loss | -0.00142      |
|    value_loss           | 9.76          |
-------------------------------------------
-------------------------------------------
| rollout/                |               |
|    ep_len_mean          | 13.6          |
|    ep_rew_mean          | 5.63          |
| time/                   |               |
|    fps                  | 307           |
|    iterations           | 470           |
|    time_elapsed         | 783           |
|    total_timesteps      | 240640        |
| train/                  |               |
|    approx_kl            | 0.00095858134 |
|    clip_fraction        | 0.00313       |
|    clip_range           | 0.2           |
|    entropy_loss         | -0.0871       |
|    explained_variance   | 0.732         |
|    learning_rate        | 0.0003        |
|    loss                 | 5.79          |
|    n_updates            | 2345          |
|    policy_gradient_loss | -0.000128     |
|    value_loss           | 8.11          |
-------------------------------------------
-----------------------------------------
| rollout/                |             |
|    ep_len_mean          | 11.6        |
|    ep_rew_mean          | 4.47        |
| time/                   |             |
|    fps                  | 307         |
|    iterations           | 471         |
|    time_elapsed         | 785         |
|    total_timesteps      | 241152      |
| train/                  |             |
|    approx_kl            | 0.009681468 |
|    clip_fraction        | 0.0934      |
|    clip_range           | 0.2         |
|    entropy_loss         | -0.169      |
|    explained_variance   | 0.653       |
|    learning_rate        | 0.0003      |
|    loss                 | 4.42        |
|    n_updates            | 2350        |
|    policy_gradient_loss | 0.00551     |
|    value_loss           | 10.2        |
-----------------------------------------
------------------------------------------
| rollout/                |              |
|    ep_len_mean          | 8.99         |
|    ep_rew_mean          | 3.24         |
| time/                   |              |
|    fps                  | 307          |
|    iterations           | 472          |
|    time_elapsed         | 786          |
|    total_timesteps      | 241664       |
| train/                  |              |
|    approx_kl            | 0.0013973401 |
|    clip_fraction        | 0.00313      |
|    clip_range           | 0.2          |
|    entropy_loss         | -0.143       |
|    explained_variance   | 0.73         |
|    learning_rate        | 0.0003       |
|    loss                 | 1.92         |
|    n_updates            | 2355         |
|    policy_gradient_loss | 0.000832     |
|    value_loss           | 9.55         |
------------------------------------------
----------------------------------------
| rollout/                |            |
|    ep_len_mean          | 9.55       |
|    ep_rew_mean          | 3.68       |
| time/                   |            |
|    fps                  | 307        |
|    iterations           | 473        |
|    time_elapsed         | 788        |
|    total_timesteps      | 242176     |
| train/                  |            |
|    approx_kl            | 0.00391814 |
|    clip_fraction        | 0.0387     |
|    clip_range           | 0.2        |
|    entropy_loss         | -0.171     |
|    explained_variance   | 0.564      |
|    learning_rate        | 0.0003     |
|    loss                 | 7.99       |
|    n_updates            | 2360       |
|    policy_gradient_loss | -0.00757   |
|    value_loss           | 14.2       |
----------------------------------------
-----------------------------------------
| rollout/                |             |
|    ep_len_mean          | 9.9         |
|    ep_rew_mean          | 3.9         |
| time/                   |             |
|    fps                  | 307         |
|    iterations           | 474         |
|    time_elapsed         | 789         |
|    total_timesteps      | 242688      |
| train/                  |             |
|    approx_kl            | 0.002721365 |
|    clip_fraction        | 0.025       |
|    clip_range           | 0.2         |
|    entropy_loss         | -0.0944     |
|    explained_variance   | 0.581       |
|    learning_rate        | 0.0003      |
|    loss                 | 7.89        |
|    n_updates            | 2365        |
|    policy_gradient_loss | -0.00298    |
|    value_loss           | 13.2        |
-----------------------------------------
-----------------------------------------
| rollout/                |             |
|    ep_len_mean          | 10.2        |
|    ep_rew_mean          | 4.11        |
| time/                   |             |
|    fps                  | 307         |
|    iterations           | 475         |
|    time_elapsed         | 791         |
|    total_timesteps      | 243200      |
| train/                  |             |
|    approx_kl            | 0.012417158 |
|    clip_fraction        | 0.0406      |
|    clip_range           | 0.2         |
|    entropy_loss         | -0.104      |
|    explained_variance   | 0.611       |
|    learning_rate        | 0.0003      |
|    loss                 | 6.35        |
|    n_updates            | 2370        |
|    policy_gradient_loss | -0.00126    |
|    value_loss           | 9.18        |
-----------------------------------------
------------------------------------------
| rollout/                |              |
|    ep_len_mean          | 11.8         |
|    ep_rew_mean          | 4.96         |
| time/                   |              |
|    fps                  | 307          |
|    iterations           | 476          |
|    time_elapsed         | 792          |
|    total_timesteps      | 243712       |
| train/                  |              |
|    approx_kl            | 0.0027788633 |
|    clip_fraction        | 0.066        |
|    clip_range           | 0.2          |
|    entropy_loss         | -0.145       |
|    explained_variance   | 0.72         |
|    learning_rate        | 0.0003       |
|    loss                 | 1.71         |
|    n_updates            | 2375         |
|    policy_gradient_loss | 0.00961      |
|    value_loss           | 8.42         |
------------------------------------------
------------------------------------------
| rollout/                |              |
|    ep_len_mean          | 11.2         |
|    ep_rew_mean          | 4.12         |
| time/                   |              |
|    fps                  | 307          |
|    iterations           | 477          |
|    time_elapsed         | 794          |
|    total_timesteps      | 244224       |
| train/                  |              |
|    approx_kl            | 0.0013653892 |
|    clip_fraction        | 0.0344       |
|    clip_range           | 0.2          |
|    entropy_loss         | -0.0798      |
|    explained_variance   | 0.511        |
|    learning_rate        | 0.0003       |
|    loss                 | 3.88         |
|    n_updates            | 2380         |
|    policy_gradient_loss | -0.00882     |
|    value_loss           | 10.4         |
------------------------------------------
-----------------------------------------
| rollout/                |             |
|    ep_len_mean          | 10.2        |
|    ep_rew_mean          | 3.55        |
| time/                   |             |
|    fps                  | 307         |
|    iterations           | 478         |
|    time_elapsed         | 796         |
|    total_timesteps      | 244736      |
| train/                  |             |
|    approx_kl            | 0.011179867 |
|    clip_fraction        | 0.0789      |
|    clip_range           | 0.2         |
|    entropy_loss         | -0.177      |
|    explained_variance   | 0.615       |
|    learning_rate        | 0.0003      |
|    loss                 | 3.77        |
|    n_updates            | 2385        |
|    policy_gradient_loss | 0.0023      |
|    value_loss           | 9.68        |
-----------------------------------------
------------------------------------------
| rollout/                |              |
|    ep_len_mean          | 12.4         |
|    ep_rew_mean          | 4.92         |
| time/                   |              |
|    fps                  | 307          |
|    iterations           | 479          |
|    time_elapsed         | 797          |
|    total_timesteps      | 245248       |
| train/                  |              |
|    approx_kl            | 0.0030222086 |
|    clip_fraction        | 0.0344       |
|    clip_range           | 0.2          |
|    entropy_loss         | -0.146       |
|    explained_variance   | 0.656        |
|    learning_rate        | 0.0003       |
|    loss                 | 5.79         |
|    n_updates            | 2390         |
|    policy_gradient_loss | 0.00214      |
|    value_loss           | 9.92         |
------------------------------------------
------------------------------------------
| rollout/                |              |
|    ep_len_mean          | 12.5         |
|    ep_rew_mean          | 4.71         |
| time/                   |              |
|    fps                  | 307          |
|    iterations           | 480          |
|    time_elapsed         | 799          |
|    total_timesteps      | 245760       |
| train/                  |              |
|    approx_kl            | 0.0010428196 |
|    clip_fraction        | 0.0156       |
|    clip_range           | 0.2          |
|    entropy_loss         | -0.081       |
|    explained_variance   | 0.617        |
|    learning_rate        | 0.0003       |
|    loss                 | 5.45         |
|    n_updates            | 2395         |
|    policy_gradient_loss | -0.00331     |
|    value_loss           | 9.86         |
------------------------------------------
------------------------------------------
| rollout/                |              |
|    ep_len_mean          | 14           |
|    ep_rew_mean          | 5.16         |
| time/                   |              |
|    fps                  | 307          |
|    iterations           | 481          |
|    time_elapsed         | 800          |
|    total_timesteps      | 246272       |
| train/                  |              |
|    approx_kl            | 0.0012739738 |
|    clip_fraction        | 0.041        |
|    clip_range           | 0.2          |
|    entropy_loss         | -0.169       |
|    explained_variance   | 0.669        |
|    learning_rate        | 0.0003       |
|    loss                 | 4.11         |
|    n_updates            | 2400         |
|    policy_gradient_loss | 0.00598      |
|    value_loss           | 9.49         |
------------------------------------------
------------------------------------------
| rollout/                |              |
|    ep_len_mean          | 14           |
|    ep_rew_mean          | 5.32         |
| time/                   |              |
|    fps                  | 307          |
|    iterations           | 482          |
|    time_elapsed         | 802          |
|    total_timesteps      | 246784       |
| train/                  |              |
|    approx_kl            | 9.174185e-05 |
|    clip_fraction        | 0.00937      |
|    clip_range           | 0.2          |
|    entropy_loss         | -0.0935      |
|    explained_variance   | 0.636        |
|    learning_rate        | 0.0003       |
|    loss                 | 6.56         |
|    n_updates            | 2405         |
|    policy_gradient_loss | -0.0035      |
|    value_loss           | 12           |
------------------------------------------
-------------------------------------------
| rollout/                |               |
|    ep_len_mean          | 14.4          |
|    ep_rew_mean          | 5.72          |
| time/                   |               |
|    fps                  | 307           |
|    iterations           | 483           |
|    time_elapsed         | 803           |
|    total_timesteps      | 247296        |
| train/                  |               |
|    approx_kl            | 0.00030545116 |
|    clip_fraction        | 0.00117       |
|    clip_range           | 0.2           |
|    entropy_loss         | -0.0721       |
|    explained_variance   | 0.53          |
|    learning_rate        | 0.0003        |
|    loss                 | 5.83          |
|    n_updates            | 2410          |
|    policy_gradient_loss | -0.00252      |
|    value_loss           | 11.6          |
-------------------------------------------
------------------------------------------
| rollout/                |              |
|    ep_len_mean          | 15.1         |
|    ep_rew_mean          | 6.23         |
| time/                   |              |
|    fps                  | 307          |
|    iterations           | 484          |
|    time_elapsed         | 805          |
|    total_timesteps      | 247808       |
| train/                  |              |
|    approx_kl            | 0.0002853793 |
|    clip_fraction        | 0.00664      |
|    clip_range           | 0.2          |
|    entropy_loss         | -0.101       |
|    explained_variance   | 0.664        |
|    learning_rate        | 0.0003       |
|    loss                 | 4            |
|    n_updates            | 2415         |
|    policy_gradient_loss | -0.000852    |
|    value_loss           | 9.68         |
------------------------------------------
-----------------------------------------
| rollout/                |             |
|    ep_len_mean          | 15          |
|    ep_rew_mean          | 5.8         |
| time/                   |             |
|    fps                  | 307         |
|    iterations           | 485         |
|    time_elapsed         | 806         |
|    total_timesteps      | 248320      |
| train/                  |             |
|    approx_kl            | 0.000571191 |
|    clip_fraction        | 0.00937     |
|    clip_range           | 0.2         |
|    entropy_loss         | -0.0579     |
|    explained_variance   | 0.603       |
|    learning_rate        | 0.0003      |
|    loss                 | 6.74        |
|    n_updates            | 2420        |
|    policy_gradient_loss | -0.00317    |
|    value_loss           | 12.3        |
-----------------------------------------
-----------------------------------------
| rollout/                |             |
|    ep_len_mean          | 14.1        |
|    ep_rew_mean          | 5.71        |
| time/                   |             |
|    fps                  | 307         |
|    iterations           | 486         |
|    time_elapsed         | 808         |
|    total_timesteps      | 248832      |
| train/                  |             |
|    approx_kl            | 0.025481164 |
|    clip_fraction        | 0.0715      |
|    clip_range           | 0.2         |
|    entropy_loss         | -0.125      |
|    explained_variance   | 0.688       |
|    learning_rate        | 0.0003      |
|    loss                 | 5.73        |
|    n_updates            | 2425        |
|    policy_gradient_loss | 0.00125     |
|    value_loss           | 10.9        |
-----------------------------------------
------------------------------------------
| rollout/                |              |
|    ep_len_mean          | 10.7         |
|    ep_rew_mean          | 4.44         |
| time/                   |              |
|    fps                  | 307          |
|    iterations           | 487          |
|    time_elapsed         | 809          |
|    total_timesteps      | 249344       |
| train/                  |              |
|    approx_kl            | 0.0031377478 |
|    clip_fraction        | 0.032        |
|    clip_range           | 0.2          |
|    entropy_loss         | -0.0812      |
|    explained_variance   | 0.662        |
|    learning_rate        | 0.0003       |
|    loss                 | 5.89         |
|    n_updates            | 2430         |
|    policy_gradient_loss | -0.00372     |
|    value_loss           | 10           |
------------------------------------------
------------------------------------------
| rollout/                |              |
|    ep_len_mean          | 9.33         |
|    ep_rew_mean          | 3.69         |
| time/                   |              |
|    fps                  | 307          |
|    iterations           | 488          |
|    time_elapsed         | 811          |
|    total_timesteps      | 249856       |
| train/                  |              |
|    approx_kl            | 0.0032728328 |
|    clip_fraction        | 0.0371       |
|    clip_range           | 0.2          |
|    entropy_loss         | -0.205       |
|    explained_variance   | 0.554        |
|    learning_rate        | 0.0003       |
|    loss                 | 2.33         |
|    n_updates            | 2435         |
|    policy_gradient_loss | 0.00746      |
|    value_loss           | 8.67         |
------------------------------------------
-----------------------------------------
| rollout/                |             |
|    ep_len_mean          | 10.8        |
|    ep_rew_mean          | 4.54        |
| time/                   |             |
|    fps                  | 307         |
|    iterations           | 489         |
|    time_elapsed         | 813         |
|    total_timesteps      | 250368      |
| train/                  |             |
|    approx_kl            | 0.004222505 |
|    clip_fraction        | 0.0461      |
|    clip_range           | 0.2         |
|    entropy_loss         | -0.118      |
|    explained_variance   | 0.6         |
|    learning_rate        | 0.0003      |
|    loss                 | 6.28        |
|    n_updates            | 2440        |
|    policy_gradient_loss | -0.0101     |
|    value_loss           | 11.9        |
-----------------------------------------
------------------------------------------
| rollout/                |              |
|    ep_len_mean          | 8.54         |
|    ep_rew_mean          | 3.16         |
| time/                   |              |
|    fps                  | 307          |
|    iterations           | 490          |
|    time_elapsed         | 814          |
|    total_timesteps      | 250880       |
| train/                  |              |
|    approx_kl            | 0.0009067698 |
|    clip_fraction        | 0.00195      |
|    clip_range           | 0.2          |
|    entropy_loss         | -0.118       |
|    explained_variance   | 0.673        |
|    learning_rate        | 0.0003       |
|    loss                 | 2.49         |
|    n_updates            | 2445         |
|    policy_gradient_loss | -4.38e-06    |
|    value_loss           | 7.85         |
------------------------------------------
------------------------------------------
| rollout/                |              |
|    ep_len_mean          | 6.95         |
|    ep_rew_mean          | 2.41         |
| time/                   |              |
|    fps                  | 308          |
|    iterations           | 491          |
|    time_elapsed         | 816          |
|    total_timesteps      | 251392       |
| train/                  |              |
|    approx_kl            | 0.0010012283 |
|    clip_fraction        | 0.0371       |
|    clip_range           | 0.2          |
|    entropy_loss         | -0.268       |
|    explained_variance   | 0.687        |
|    learning_rate        | 0.0003       |
|    loss                 | 3            |
|    n_updates            | 2450         |
|    policy_gradient_loss | 0.00626      |
|    value_loss           | 5.62         |
------------------------------------------
------------------------------------------
| rollout/                |              |
|    ep_len_mean          | 8.11         |
|    ep_rew_mean          | 2.94         |
| time/                   |              |
|    fps                  | 308          |
|    iterations           | 492          |
|    time_elapsed         | 817          |
|    total_timesteps      | 251904       |
| train/                  |              |
|    approx_kl            | 0.0005452651 |
|    clip_fraction        | 0.0609       |
|    clip_range           | 0.2          |
|    entropy_loss         | -0.205       |
|    explained_variance   | 0.752        |
|    learning_rate        | 0.0003       |
|    loss                 | 4.28         |
|    n_updates            | 2455         |
|    policy_gradient_loss | 0.00383      |
|    value_loss           | 7.81         |
------------------------------------------
------------------------------------------
| rollout/                |              |
|    ep_len_mean          | 9.78         |
|    ep_rew_mean          | 3.9          |
| time/                   |              |
|    fps                  | 308          |
|    iterations           | 493          |
|    time_elapsed         | 819          |
|    total_timesteps      | 252416       |
| train/                  |              |
|    approx_kl            | 0.0013362437 |
|    clip_fraction        | 0.00391      |
|    clip_range           | 0.2          |
|    entropy_loss         | -0.192       |
|    explained_variance   | 0.728        |
|    learning_rate        | 0.0003       |
|    loss                 | 5.4          |
|    n_updates            | 2460         |
|    policy_gradient_loss | -0.000399    |
|    value_loss           | 11.8         |
------------------------------------------
------------------------------------------
| rollout/                |              |
|    ep_len_mean          | 11.2         |
|    ep_rew_mean          | 4.66         |
| time/                   |              |
|    fps                  | 308          |
|    iterations           | 494          |
|    time_elapsed         | 820          |
|    total_timesteps      | 252928       |
| train/                  |              |
|    approx_kl            | 0.0012171436 |
|    clip_fraction        | 0.025        |
|    clip_range           | 0.2          |
|    entropy_loss         | -0.104       |
|    explained_variance   | 0.587        |
|    learning_rate        | 0.0003       |
|    loss                 | 4.34         |
|    n_updates            | 2465         |
|    policy_gradient_loss | -0.00758     |
|    value_loss           | 14.8         |
------------------------------------------
------------------------------------------
| rollout/                |              |
|    ep_len_mean          | 11           |
|    ep_rew_mean          | 4.18         |
| time/                   |              |
|    fps                  | 308          |
|    iterations           | 495          |
|    time_elapsed         | 822          |
|    total_timesteps      | 253440       |
| train/                  |              |
|    approx_kl            | 0.0004491908 |
|    clip_fraction        | 0.00352      |
|    clip_range           | 0.2          |
|    entropy_loss         | -0.138       |
|    explained_variance   | 0.678        |
|    learning_rate        | 0.0003       |
|    loss                 | 6.45         |
|    n_updates            | 2470         |
|    policy_gradient_loss | -0.00222     |
|    value_loss           | 11.7         |
------------------------------------------
------------------------------------------
| rollout/                |              |
|    ep_len_mean          | 8.89         |
|    ep_rew_mean          | 3.18         |
| time/                   |              |
|    fps                  | 308          |
|    iterations           | 496          |
|    time_elapsed         | 823          |
|    total_timesteps      | 253952       |
| train/                  |              |
|    approx_kl            | 0.0034254675 |
|    clip_fraction        | 0.0184       |
|    clip_range           | 0.2          |
|    entropy_loss         | -0.174       |
|    explained_variance   | 0.643        |
|    learning_rate        | 0.0003       |
|    loss                 | 7.74         |
|    n_updates            | 2475         |
|    policy_gradient_loss | 0.0022       |
|    value_loss           | 11.2         |
------------------------------------------
------------------------------------------
| rollout/                |              |
|    ep_len_mean          | 10.7         |
|    ep_rew_mean          | 4.54         |
| time/                   |              |
|    fps                  | 308          |
|    iterations           | 497          |
|    time_elapsed         | 825          |
|    total_timesteps      | 254464       |
| train/                  |              |
|    approx_kl            | 0.0016616858 |
|    clip_fraction        | 0.0187       |
|    clip_range           | 0.2          |
|    entropy_loss         | -0.125       |
|    explained_variance   | 0.767        |
|    learning_rate        | 0.0003       |
|    loss                 | 4.45         |
|    n_updates            | 2480         |
|    policy_gradient_loss | -0.00708     |
|    value_loss           | 6.64         |
------------------------------------------
------------------------------------------
| rollout/                |              |
|    ep_len_mean          | 8.67         |
|    ep_rew_mean          | 3.19         |
| time/                   |              |
|    fps                  | 308          |
|    iterations           | 498          |
|    time_elapsed         | 827          |
|    total_timesteps      | 254976       |
| train/                  |              |
|    approx_kl            | 0.0013398869 |
|    clip_fraction        | 0.0211       |
|    clip_range           | 0.2          |
|    entropy_loss         | -0.101       |
|    explained_variance   | 0.609        |
|    learning_rate        | 0.0003       |
|    loss                 | 4.31         |
|    n_updates            | 2485         |
|    policy_gradient_loss | -0.00662     |
|    value_loss           | 9.84         |
------------------------------------------
------------------------------------------
| rollout/                |              |
|    ep_len_mean          | 8.74         |
|    ep_rew_mean          | 2.98         |
| time/                   |              |
|    fps                  | 308          |
|    iterations           | 499          |
|    time_elapsed         | 829          |
|    total_timesteps      | 255488       |
| train/                  |              |
|    approx_kl            | 0.0004879943 |
|    clip_fraction        | 0.0215       |
|    clip_range           | 0.2          |
|    entropy_loss         | -0.21        |
|    explained_variance   | 0.584        |
|    learning_rate        | 0.0003       |
|    loss                 | 5.25         |
|    n_updates            | 2490         |
|    policy_gradient_loss | 0.00152      |
|    value_loss           | 9.02         |
------------------------------------------
-----------------------------------------
| rollout/                |             |
|    ep_len_mean          | 6.8         |
|    ep_rew_mean          | 2.19        |
| time/                   |             |
|    fps                  | 308         |
|    iterations           | 500         |
|    time_elapsed         | 830         |
|    total_timesteps      | 256000      |
| train/                  |             |
|    approx_kl            | 0.008002764 |
|    clip_fraction        | 0.0621      |
|    clip_range           | 0.2         |
|    entropy_loss         | -0.179      |
|    explained_variance   | 0.699       |
|    learning_rate        | 0.0003      |
|    loss                 | 4.93        |
|    n_updates            | 2495        |
|    policy_gradient_loss | 0.00785     |
|    value_loss           | 6.91        |
-----------------------------------------
-----------------------------------------
| rollout/                |             |
|    ep_len_mean          | 6.75        |
|    ep_rew_mean          | 2.1         |
| time/                   |             |
|    fps                  | 308         |
|    iterations           | 501         |
|    time_elapsed         | 832         |
|    total_timesteps      | 256512      |
| train/                  |             |
|    approx_kl            | 0.001457554 |
|    clip_fraction        | 0.0355      |
|    clip_range           | 0.2         |
|    entropy_loss         | -0.188      |
|    explained_variance   | 0.704       |
|    learning_rate        | 0.0003      |
|    loss                 | 1.85        |
|    n_updates            | 2500        |
|    policy_gradient_loss | -0.00665    |
|    value_loss           | 7.12        |
-----------------------------------------
------------------------------------------
| rollout/                |              |
|    ep_len_mean          | 9.75         |
|    ep_rew_mean          | 3.42         |
| time/                   |              |
|    fps                  | 308          |
|    iterations           | 502          |
|    time_elapsed         | 834          |
|    total_timesteps      | 257024       |
| train/                  |              |
|    approx_kl            | 0.0016919498 |
|    clip_fraction        | 0.0215       |
|    clip_range           | 0.2          |
|    entropy_loss         | -0.172       |
|    explained_variance   | 0.666        |
|    learning_rate        | 0.0003       |
|    loss                 | 6.46         |
|    n_updates            | 2505         |
|    policy_gradient_loss | -0.00786     |
|    value_loss           | 9.29         |
------------------------------------------
------------------------------------------
| rollout/                |              |
|    ep_len_mean          | 11.6         |
|    ep_rew_mean          | 4.45         |
| time/                   |              |
|    fps                  | 308          |
|    iterations           | 503          |
|    time_elapsed         | 835          |
|    total_timesteps      | 257536       |
| train/                  |              |
|    approx_kl            | 0.0018612603 |
|    clip_fraction        | 0.00898      |
|    clip_range           | 0.2          |
|    entropy_loss         | -0.111       |
|    explained_variance   | 0.709        |
|    learning_rate        | 0.0003       |
|    loss                 | 2.99         |
|    n_updates            | 2510         |
|    policy_gradient_loss | -0.00357     |
|    value_loss           | 7.96         |
------------------------------------------
-------------------------------------------
| rollout/                |               |
|    ep_len_mean          | 10.5          |
|    ep_rew_mean          | 4.1           |
| time/                   |               |
|    fps                  | 308           |
|    iterations           | 504           |
|    time_elapsed         | 837           |
|    total_timesteps      | 258048        |
| train/                  |               |
|    approx_kl            | 4.8238842e-05 |
|    clip_fraction        | 0             |
|    clip_range           | 0.2           |
|    entropy_loss         | -0.0972       |
|    explained_variance   | 0.622         |
|    learning_rate        | 0.0003        |
|    loss                 | 6.64          |
|    n_updates            | 2515          |
|    policy_gradient_loss | -0.000641     |
|    value_loss           | 12.2          |
-------------------------------------------
------------------------------------------
| rollout/                |              |
|    ep_len_mean          | 12.3         |
|    ep_rew_mean          | 4.84         |
| time/                   |              |
|    fps                  | 308          |
|    iterations           | 505          |
|    time_elapsed         | 839          |
|    total_timesteps      | 258560       |
| train/                  |              |
|    approx_kl            | 0.0004152924 |
|    clip_fraction        | 0.00234      |
|    clip_range           | 0.2          |
|    entropy_loss         | -0.122       |
|    explained_variance   | 0.638        |
|    learning_rate        | 0.0003       |
|    loss                 | 5.19         |
|    n_updates            | 2520         |
|    policy_gradient_loss | -0.00183     |
|    value_loss           | 8.6          |
------------------------------------------
------------------------------------------
| rollout/                |              |
|    ep_len_mean          | 15.4         |
|    ep_rew_mean          | 6.35         |
| time/                   |              |
|    fps                  | 308          |
|    iterations           | 506          |
|    time_elapsed         | 840          |
|    total_timesteps      | 259072       |
| train/                  |              |
|    approx_kl            | 0.0015521538 |
|    clip_fraction        | 0.00664      |
|    clip_range           | 0.2          |
|    entropy_loss         | -0.068       |
|    explained_variance   | 0.67         |
|    learning_rate        | 0.0003       |
|    loss                 | 3.27         |
|    n_updates            | 2525         |
|    policy_gradient_loss | -0.0026      |
|    value_loss           | 11.1         |
------------------------------------------
-----------------------------------------
| rollout/                |             |
|    ep_len_mean          | 15.8        |
|    ep_rew_mean          | 6.48        |
| time/                   |             |
|    fps                  | 308         |
|    iterations           | 507         |
|    time_elapsed         | 842         |
|    total_timesteps      | 259584      |
| train/                  |             |
|    approx_kl            | 0.005104208 |
|    clip_fraction        | 0.0203      |
|    clip_range           | 0.2         |
|    entropy_loss         | -0.0518     |
|    explained_variance   | 0.786       |
|    learning_rate        | 0.0003      |
|    loss                 | 4.03        |
|    n_updates            | 2530        |
|    policy_gradient_loss | -0.00135    |
|    value_loss           | 7.25        |
-----------------------------------------
------------------------------------------
| rollout/                |              |
|    ep_len_mean          | 13           |
|    ep_rew_mean          | 5.13         |
| time/                   |              |
|    fps                  | 308          |
|    iterations           | 508          |
|    time_elapsed         | 843          |
|    total_timesteps      | 260096       |
| train/                  |              |
|    approx_kl            | 0.0027817981 |
|    clip_fraction        | 0.0203       |
|    clip_range           | 0.2          |
|    entropy_loss         | -0.12        |
|    explained_variance   | 0.556        |
|    learning_rate        | 0.0003       |
|    loss                 | 10.5         |
|    n_updates            | 2535         |
|    policy_gradient_loss | -0.00559     |
|    value_loss           | 16.5         |
------------------------------------------
-------------------------------------------
| rollout/                |               |
|    ep_len_mean          | 13.7          |
|    ep_rew_mean          | 5.79          |
| time/                   |               |
|    fps                  | 308           |
|    iterations           | 509           |
|    time_elapsed         | 845           |
|    total_timesteps      | 260608        |
| train/                  |               |
|    approx_kl            | 0.00092136074 |
|    clip_fraction        | 0.00508       |
|    clip_range           | 0.2           |
|    entropy_loss         | -0.0979       |
|    explained_variance   | 0.471         |
|    learning_rate        | 0.0003        |
|    loss                 | 6.29          |
|    n_updates            | 2540          |
|    policy_gradient_loss | -0.00435      |
|    value_loss           | 13.3          |
-------------------------------------------
-----------------------------------------
| rollout/                |             |
|    ep_len_mean          | 11.6        |
|    ep_rew_mean          | 4.65        |
| time/                   |             |
|    fps                  | 308         |
|    iterations           | 510         |
|    time_elapsed         | 847         |
|    total_timesteps      | 261120      |
| train/                  |             |
|    approx_kl            | 0.011286619 |
|    clip_fraction        | 0.0215      |
|    clip_range           | 0.2         |
|    entropy_loss         | -0.114      |
|    explained_variance   | 0.663       |
|    learning_rate        | 0.0003      |
|    loss                 | 3.71        |
|    n_updates            | 2545        |
|    policy_gradient_loss | 0.00302     |
|    value_loss           | 8.32        |
-----------------------------------------
-------------------------------------------
| rollout/                |               |
|    ep_len_mean          | 9.23          |
|    ep_rew_mean          | 2.98          |
| time/                   |               |
|    fps                  | 308           |
|    iterations           | 511           |
|    time_elapsed         | 848           |
|    total_timesteps      | 261632        |
| train/                  |               |
|    approx_kl            | 0.00086451095 |
|    clip_fraction        | 0.0191        |
|    clip_range           | 0.2           |
|    entropy_loss         | -0.148        |
|    explained_variance   | 0.633         |
|    learning_rate        | 0.0003        |
|    loss                 | 5.89          |
|    n_updates            | 2550          |
|    policy_gradient_loss | -0.00617      |
|    value_loss           | 10.1          |
-------------------------------------------
-----------------------------------------
| rollout/                |             |
|    ep_len_mean          | 10.6        |
|    ep_rew_mean          | 3.58        |
| time/                   |             |
|    fps                  | 308         |
|    iterations           | 512         |
|    time_elapsed         | 850         |
|    total_timesteps      | 262144      |
| train/                  |             |
|    approx_kl            | 0.008016354 |
|    clip_fraction        | 0.137       |
|    clip_range           | 0.2         |
|    entropy_loss         | -0.235      |
|    explained_variance   | 0.8         |
|    learning_rate        | 0.0003      |
|    loss                 | 2.64        |
|    n_updates            | 2555        |
|    policy_gradient_loss | 0.00431     |
|    value_loss           | 5.35        |
-----------------------------------------
------------------------------------------
| rollout/                |              |
|    ep_len_mean          | 9.44         |
|    ep_rew_mean          | 3.23         |
| time/                   |              |
|    fps                  | 308          |
|    iterations           | 513          |
|    time_elapsed         | 852          |
|    total_timesteps      | 262656       |
| train/                  |              |
|    approx_kl            | 0.0022518535 |
|    clip_fraction        | 0.0082       |
|    clip_range           | 0.2          |
|    entropy_loss         | -0.153       |
|    explained_variance   | 0.63         |
|    learning_rate        | 0.0003       |
|    loss                 | 2.06         |
|    n_updates            | 2560         |
|    policy_gradient_loss | -0.000854    |
|    value_loss           | 9.27         |
------------------------------------------
-----------------------------------------
| rollout/                |             |
|    ep_len_mean          | 9.81        |
|    ep_rew_mean          | 3.86        |
| time/                   |             |
|    fps                  | 308         |
|    iterations           | 514         |
|    time_elapsed         | 853         |
|    total_timesteps      | 263168      |
| train/                  |             |
|    approx_kl            | 0.006963335 |
|    clip_fraction        | 0.0504      |
|    clip_range           | 0.2         |
|    entropy_loss         | -0.185      |
|    explained_variance   | 0.694       |
|    learning_rate        | 0.0003      |
|    loss                 | 4.41        |
|    n_updates            | 2565        |
|    policy_gradient_loss | -0.00927    |
|    value_loss           | 8.31        |
-----------------------------------------
------------------------------------------
| rollout/                |              |
|    ep_len_mean          | 9.63         |
|    ep_rew_mean          | 3.85         |
| time/                   |              |
|    fps                  | 308          |
|    iterations           | 515          |
|    time_elapsed         | 855          |
|    total_timesteps      | 263680       |
| train/                  |              |
|    approx_kl            | 0.0037270384 |
|    clip_fraction        | 0.0355       |
|    clip_range           | 0.2          |
|    entropy_loss         | -0.126       |
|    explained_variance   | 0.699        |
|    learning_rate        | 0.0003       |
|    loss                 | 3.07         |
|    n_updates            | 2570         |
|    policy_gradient_loss | -0.0065      |
|    value_loss           | 8.24         |
------------------------------------------
------------------------------------------
| rollout/                |              |
|    ep_len_mean          | 9.54         |
|    ep_rew_mean          | 3.73         |
| time/                   |              |
|    fps                  | 308          |
|    iterations           | 516          |
|    time_elapsed         | 857          |
|    total_timesteps      | 264192       |
| train/                  |              |
|    approx_kl            | 0.0026200856 |
|    clip_fraction        | 0.0262       |
|    clip_range           | 0.2          |
|    entropy_loss         | -0.149       |
|    explained_variance   | 0.737        |
|    learning_rate        | 0.0003       |
|    loss                 | 4.65         |
|    n_updates            | 2575         |
|    policy_gradient_loss | 0.00276      |
|    value_loss           | 5.91         |
------------------------------------------
------------------------------------------
| rollout/                |              |
|    ep_len_mean          | 11.8         |
|    ep_rew_mean          | 4.95         |
| time/                   |              |
|    fps                  | 308          |
|    iterations           | 517          |
|    time_elapsed         | 858          |
|    total_timesteps      | 264704       |
| train/                  |              |
|    approx_kl            | 0.0014541802 |
|    clip_fraction        | 0.0156       |
|    clip_range           | 0.2          |
|    entropy_loss         | -0.104       |
|    explained_variance   | 0.761        |
|    learning_rate        | 0.0003       |
|    loss                 | 4.57         |
|    n_updates            | 2580         |
|    policy_gradient_loss | -0.00284     |
|    value_loss           | 6.31         |
------------------------------------------
------------------------------------------
| rollout/                |              |
|    ep_len_mean          | 12.2         |
|    ep_rew_mean          | 5.14         |
| time/                   |              |
|    fps                  | 308          |
|    iterations           | 518          |
|    time_elapsed         | 860          |
|    total_timesteps      | 265216       |
| train/                  |              |
|    approx_kl            | 0.0019457985 |
|    clip_fraction        | 0.0176       |
|    clip_range           | 0.2          |
|    entropy_loss         | -0.0871      |
|    explained_variance   | 0.595        |
|    learning_rate        | 0.0003       |
|    loss                 | 4.88         |
|    n_updates            | 2585         |
|    policy_gradient_loss | -0.00347     |
|    value_loss           | 12.1         |
------------------------------------------
-------------------------------------------
| rollout/                |               |
|    ep_len_mean          | 13.6          |
|    ep_rew_mean          | 5.62          |
| time/                   |               |
|    fps                  | 308           |
|    iterations           | 519           |
|    time_elapsed         | 862           |
|    total_timesteps      | 265728        |
| train/                  |               |
|    approx_kl            | 0.00096889155 |
|    clip_fraction        | 0.0129        |
|    clip_range           | 0.2           |
|    entropy_loss         | -0.161        |
|    explained_variance   | 0.695         |
|    learning_rate        | 0.0003        |
|    loss                 | 3.7           |
|    n_updates            | 2590          |
|    policy_gradient_loss | 0.00313       |
|    value_loss           | 8.15          |
-------------------------------------------
-------------------------------------------
| rollout/                |               |
|    ep_len_mean          | 12.1          |
|    ep_rew_mean          | 4.68          |
| time/                   |               |
|    fps                  | 308           |
|    iterations           | 520           |
|    time_elapsed         | 863           |
|    total_timesteps      | 266240        |
| train/                  |               |
|    approx_kl            | 0.00013385562 |
|    clip_fraction        | 0.00234       |
|    clip_range           | 0.2           |
|    entropy_loss         | -0.11         |
|    explained_variance   | 0.564         |
|    learning_rate        | 0.0003        |
|    loss                 | 4.89          |
|    n_updates            | 2595          |
|    policy_gradient_loss | -0.00024      |
|    value_loss           | 12.4          |
-------------------------------------------
------------------------------------------
| rollout/                |              |
|    ep_len_mean          | 9.69         |
|    ep_rew_mean          | 3.8          |
| time/                   |              |
|    fps                  | 308          |
|    iterations           | 521          |
|    time_elapsed         | 865          |
|    total_timesteps      | 266752       |
| train/                  |              |
|    approx_kl            | 0.0009407261 |
|    clip_fraction        | 0.0187       |
|    clip_range           | 0.2          |
|    entropy_loss         | -0.136       |
|    explained_variance   | 0.729        |
|    learning_rate        | 0.0003       |
|    loss                 | 2.05         |
|    n_updates            | 2600         |
|    policy_gradient_loss | 0.000242     |
|    value_loss           | 9.3          |
------------------------------------------
------------------------------------------
| rollout/                |              |
|    ep_len_mean          | 11.2         |
|    ep_rew_mean          | 4.46         |
| time/                   |              |
|    fps                  | 308          |
|    iterations           | 522          |
|    time_elapsed         | 867          |
|    total_timesteps      | 267264       |
| train/                  |              |
|    approx_kl            | 0.0007729078 |
|    clip_fraction        | 0.00898      |
|    clip_range           | 0.2          |
|    entropy_loss         | -0.147       |
|    explained_variance   | 0.705        |
|    learning_rate        | 0.0003       |
|    loss                 | 5.1          |
|    n_updates            | 2605         |
|    policy_gradient_loss | 0.00134      |
|    value_loss           | 9.26         |
------------------------------------------
-------------------------------------------
| rollout/                |               |
|    ep_len_mean          | 13.3          |
|    ep_rew_mean          | 5.65          |
| time/                   |               |
|    fps                  | 308           |
|    iterations           | 523           |
|    time_elapsed         | 868           |
|    total_timesteps      | 267776        |
| train/                  |               |
|    approx_kl            | 0.00024650234 |
|    clip_fraction        | 0.00313       |
|    clip_range           | 0.2           |
|    entropy_loss         | -0.126        |
|    explained_variance   | 0.603         |
|    learning_rate        | 0.0003        |
|    loss                 | 4.53          |
|    n_updates            | 2610          |
|    policy_gradient_loss | 0.00163       |
|    value_loss           | 13.1          |
-------------------------------------------
-----------------------------------------
| rollout/                |             |
|    ep_len_mean          | 13.5        |
|    ep_rew_mean          | 5.52        |
| time/                   |             |
|    fps                  | 307         |
|    iterations           | 524         |
|    time_elapsed         | 871         |
|    total_timesteps      | 268288      |
| train/                  |             |
|    approx_kl            | 0.002007587 |
|    clip_fraction        | 0.0191      |
|    clip_range           | 0.2         |
|    entropy_loss         | -0.0832     |
|    explained_variance   | 0.648       |
|    learning_rate        | 0.0003      |
|    loss                 | 5.48        |
|    n_updates            | 2615        |
|    policy_gradient_loss | -0.0041     |
|    value_loss           | 10.7        |
-----------------------------------------
-------------------------------------------
| rollout/                |               |
|    ep_len_mean          | 11.5          |
|    ep_rew_mean          | 4.33          |
| time/                   |               |
|    fps                  | 307           |
|    iterations           | 525           |
|    time_elapsed         | 874           |
|    total_timesteps      | 268800        |
| train/                  |               |
|    approx_kl            | 0.00033328775 |
|    clip_fraction        | 0.00234       |
|    clip_range           | 0.2           |
|    entropy_loss         | -0.135        |
|    explained_variance   | 0.689         |
|    learning_rate        | 0.0003        |
|    loss                 | 4.76          |
|    n_updates            | 2620          |
|    policy_gradient_loss | -0.00227      |
|    value_loss           | 9.77          |
-------------------------------------------
------------------------------------------
| rollout/                |              |
|    ep_len_mean          | 11.3         |
|    ep_rew_mean          | 4            |
| time/                   |              |
|    fps                  | 307          |
|    iterations           | 526          |
|    time_elapsed         | 876          |
|    total_timesteps      | 269312       |
| train/                  |              |
|    approx_kl            | 9.635306e-05 |
|    clip_fraction        | 0.0152       |
|    clip_range           | 0.2          |
|    entropy_loss         | -0.156       |
|    explained_variance   | 0.549        |
|    learning_rate        | 0.0003       |
|    loss                 | 8.89         |
|    n_updates            | 2625         |
|    policy_gradient_loss | 0.00325      |
|    value_loss           | 10.9         |
------------------------------------------
-------------------------------------------
| rollout/                |               |
|    ep_len_mean          | 12.6          |
|    ep_rew_mean          | 4.78          |
| time/                   |               |
|    fps                  | 307           |
|    iterations           | 527           |
|    time_elapsed         | 877           |
|    total_timesteps      | 269824        |
| train/                  |               |
|    approx_kl            | 0.00092798955 |
|    clip_fraction        | 0.00234       |
|    clip_range           | 0.2           |
|    entropy_loss         | -0.108        |
|    explained_variance   | 0.686         |
|    learning_rate        | 0.0003        |
|    loss                 | 7.44          |
|    n_updates            | 2630          |
|    policy_gradient_loss | -0.000227     |
|    value_loss           | 9.73          |
-------------------------------------------
------------------------------------------
| rollout/                |              |
|    ep_len_mean          | 14.5         |
|    ep_rew_mean          | 5.64         |
| time/                   |              |
|    fps                  | 307          |
|    iterations           | 528          |
|    time_elapsed         | 879          |
|    total_timesteps      | 270336       |
| train/                  |              |
|    approx_kl            | 0.0014008614 |
|    clip_fraction        | 0.0156       |
|    clip_range           | 0.2          |
|    entropy_loss         | -0.0669      |
|    explained_variance   | 0.664        |
|    learning_rate        | 0.0003       |
|    loss                 | 3.67         |
|    n_updates            | 2635         |
|    policy_gradient_loss | -0.00382     |
|    value_loss           | 8.84         |
------------------------------------------
-------------------------------------------
| rollout/                |               |
|    ep_len_mean          | 15            |
|    ep_rew_mean          | 5.97          |
| time/                   |               |
|    fps                  | 307           |
|    iterations           | 529           |
|    time_elapsed         | 881           |
|    total_timesteps      | 270848        |
| train/                  |               |
|    approx_kl            | 0.00013361947 |
|    clip_fraction        | 0.0121        |
|    clip_range           | 0.2           |
|    entropy_loss         | -0.0737       |
|    explained_variance   | 0.617         |
|    learning_rate        | 0.0003        |
|    loss                 | 6.58          |
|    n_updates            | 2640          |
|    policy_gradient_loss | -0.0034       |
|    value_loss           | 12.4          |
-------------------------------------------
------------------------------------------
| rollout/                |              |
|    ep_len_mean          | 14.4         |
|    ep_rew_mean          | 5.07         |
| time/                   |              |
|    fps                  | 307          |
|    iterations           | 530          |
|    time_elapsed         | 883          |
|    total_timesteps      | 271360       |
| train/                  |              |
|    approx_kl            | 0.0014380738 |
|    clip_fraction        | 0.0117       |
|    clip_range           | 0.2          |
|    entropy_loss         | -0.075       |
|    explained_variance   | 0.412        |
|    learning_rate        | 0.0003       |
|    loss                 | 7.48         |
|    n_updates            | 2645         |
|    policy_gradient_loss | -0.00541     |
|    value_loss           | 13.2         |
------------------------------------------
------------------------------------------
| rollout/                |              |
|    ep_len_mean          | 13.3         |
|    ep_rew_mean          | 4.79         |
| time/                   |              |
|    fps                  | 306          |
|    iterations           | 531          |
|    time_elapsed         | 886          |
|    total_timesteps      | 271872       |
| train/                  |              |
|    approx_kl            | 0.0027263598 |
|    clip_fraction        | 0.0301       |
|    clip_range           | 0.2          |
|    entropy_loss         | -0.11        |
|    explained_variance   | 0.652        |
|    learning_rate        | 0.0003       |
|    loss                 | 4.92         |
|    n_updates            | 2650         |
|    policy_gradient_loss | 0.000674     |
|    value_loss           | 11.2         |
------------------------------------------
------------------------------------------
| rollout/                |              |
|    ep_len_mean          | 13.9         |
|    ep_rew_mean          | 4.91         |
| time/                   |              |
|    fps                  | 306          |
|    iterations           | 532          |
|    time_elapsed         | 889          |
|    total_timesteps      | 272384       |
| train/                  |              |
|    approx_kl            | 0.0021001562 |
|    clip_fraction        | 0.0121       |
|    clip_range           | 0.2          |
|    entropy_loss         | -0.0506      |
|    explained_variance   | 0.579        |
|    learning_rate        | 0.0003       |
|    loss                 | 1.36         |
|    n_updates            | 2655         |
|    policy_gradient_loss | -0.00149     |
|    value_loss           | 11.8         |
------------------------------------------
-----------------------------------------
| rollout/                |             |
|    ep_len_mean          | 14.7        |
|    ep_rew_mean          | 5.94        |
| time/                   |             |
|    fps                  | 305         |
|    iterations           | 533         |
|    time_elapsed         | 892         |
|    total_timesteps      | 272896      |
| train/                  |             |
|    approx_kl            | 0.000381266 |
|    clip_fraction        | 0.0199      |
|    clip_range           | 0.2         |
|    entropy_loss         | -0.091      |
|    explained_variance   | 0.652       |
|    learning_rate        | 0.0003      |
|    loss                 | 5.54        |
|    n_updates            | 2660        |
|    policy_gradient_loss | 0.00265     |
|    value_loss           | 9.9         |
-----------------------------------------
-------------------------------------------
| rollout/                |               |
|    ep_len_mean          | 14.7          |
|    ep_rew_mean          | 5.55          |
| time/                   |               |
|    fps                  | 305           |
|    iterations           | 534           |
|    time_elapsed         | 895           |
|    total_timesteps      | 273408        |
| train/                  |               |
|    approx_kl            | 0.00014957628 |
|    clip_fraction        | 0.00117       |
|    clip_range           | 0.2           |
|    entropy_loss         | -0.0408       |
|    explained_variance   | 0.699         |
|    learning_rate        | 0.0003        |
|    loss                 | 4.01          |
|    n_updates            | 2665          |
|    policy_gradient_loss | 0.000129      |
|    value_loss           | 9.49          |
-------------------------------------------
------------------------------------------
| rollout/                |              |
|    ep_len_mean          | 14.5         |
|    ep_rew_mean          | 5.45         |
| time/                   |              |
|    fps                  | 304          |
|    iterations           | 535          |
|    time_elapsed         | 898          |
|    total_timesteps      | 273920       |
| train/                  |              |
|    approx_kl            | 0.0079526305 |
|    clip_fraction        | 0.0609       |
|    clip_range           | 0.2          |
|    entropy_loss         | -0.119       |
|    explained_variance   | 0.756        |
|    learning_rate        | 0.0003       |
|    loss                 | 2.8          |
|    n_updates            | 2670         |
|    policy_gradient_loss | 0.00176      |
|    value_loss           | 8.75         |
------------------------------------------
-----------------------------------------
| rollout/                |             |
|    ep_len_mean          | 13.7        |
|    ep_rew_mean          | 5.3         |
| time/                   |             |
|    fps                  | 304         |
|    iterations           | 536         |
|    time_elapsed         | 901         |
|    total_timesteps      | 274432      |
| train/                  |             |
|    approx_kl            | 0.008154883 |
|    clip_fraction        | 0.034       |
|    clip_range           | 0.2         |
|    entropy_loss         | -0.0854     |
|    explained_variance   | 0.599       |
|    learning_rate        | 0.0003      |
|    loss                 | 6.7         |
|    n_updates            | 2675        |
|    policy_gradient_loss | 0.0038      |
|    value_loss           | 14.1        |
-----------------------------------------
------------------------------------------
| rollout/                |              |
|    ep_len_mean          | 15           |
|    ep_rew_mean          | 6.52         |
| time/                   |              |
|    fps                  | 304          |
|    iterations           | 537          |
|    time_elapsed         | 904          |
|    total_timesteps      | 274944       |
| train/                  |              |
|    approx_kl            | 0.0018790995 |
|    clip_fraction        | 0.0211       |
|    clip_range           | 0.2          |
|    entropy_loss         | -0.0555      |
|    explained_variance   | 0.643        |
|    learning_rate        | 0.0003       |
|    loss                 | 3.44         |
|    n_updates            | 2680         |
|    policy_gradient_loss | -0.00593     |
|    value_loss           | 10.8         |
------------------------------------------
------------------------------------------
| rollout/                |              |
|    ep_len_mean          | 14.6         |
|    ep_rew_mean          | 6.32         |
| time/                   |              |
|    fps                  | 303          |
|    iterations           | 538          |
|    time_elapsed         | 907          |
|    total_timesteps      | 275456       |
| train/                  |              |
|    approx_kl            | 0.0008013333 |
|    clip_fraction        | 0.00703      |
|    clip_range           | 0.2          |
|    entropy_loss         | -0.0744      |
|    explained_variance   | 0.618        |
|    learning_rate        | 0.0003       |
|    loss                 | 7.18         |
|    n_updates            | 2685         |
|    policy_gradient_loss | 0.00266      |
|    value_loss           | 10.4         |
------------------------------------------
-----------------------------------------
| rollout/                |             |
|    ep_len_mean          | 4.63        |
|    ep_rew_mean          | 1.48        |
| time/                   |             |
|    fps                  | 302         |
|    iterations           | 539         |
|    time_elapsed         | 910         |
|    total_timesteps      | 275968      |
| train/                  |             |
|    approx_kl            | 0.019725893 |
|    clip_fraction        | 0.0602      |
|    clip_range           | 0.2         |
|    entropy_loss         | -0.144      |
|    explained_variance   | 0.676       |
|    learning_rate        | 0.0003      |
|    loss                 | 4.97        |
|    n_updates            | 2690        |
|    policy_gradient_loss | 0.000378    |
|    value_loss           | 8.77        |
-----------------------------------------
-----------------------------------------
| rollout/                |             |
|    ep_len_mean          | 6.68        |
|    ep_rew_mean          | 2.37        |
| time/                   |             |
|    fps                  | 302         |
|    iterations           | 540         |
|    time_elapsed         | 914         |
|    total_timesteps      | 276480      |
| train/                  |             |
|    approx_kl            | 0.006981469 |
|    clip_fraction        | 0.0766      |
|    clip_range           | 0.2         |
|    entropy_loss         | -0.263      |
|    explained_variance   | 0.618       |
|    learning_rate        | 0.0003      |
|    loss                 | 7           |
|    n_updates            | 2695        |
|    policy_gradient_loss | -0.00385    |
|    value_loss           | 8.67        |
-----------------------------------------
------------------------------------------
| rollout/                |              |
|    ep_len_mean          | 9.32         |
|    ep_rew_mean          | 3.54         |
| time/                   |              |
|    fps                  | 301          |
|    iterations           | 541          |
|    time_elapsed         | 918          |
|    total_timesteps      | 276992       |
| train/                  |              |
|    approx_kl            | 0.0017404737 |
|    clip_fraction        | 0.0121       |
|    clip_range           | 0.2          |
|    entropy_loss         | -0.171       |
|    explained_variance   | 0.65         |
|    learning_rate        | 0.0003       |
|    loss                 | 3.31         |
|    n_updates            | 2700         |
|    policy_gradient_loss | -0.00442     |
|    value_loss           | 8.4          |
------------------------------------------
-----------------------------------------
| rollout/                |             |
|    ep_len_mean          | 9.23        |
|    ep_rew_mean          | 3.34        |
| time/                   |             |
|    fps                  | 300         |
|    iterations           | 542         |
|    time_elapsed         | 922         |
|    total_timesteps      | 277504      |
| train/                  |             |
|    approx_kl            | 0.002042549 |
|    clip_fraction        | 0.0176      |
|    clip_range           | 0.2         |
|    entropy_loss         | -0.162      |
|    explained_variance   | 0.487       |
|    learning_rate        | 0.0003      |
|    loss                 | 4.11        |
|    n_updates            | 2705        |
|    policy_gradient_loss | -0.00741    |
|    value_loss           | 12.6        |
-----------------------------------------
------------------------------------------
| rollout/                |              |
|    ep_len_mean          | 8.32         |
|    ep_rew_mean          | 3.06         |
| time/                   |              |
|    fps                  | 300          |
|    iterations           | 543          |
|    time_elapsed         | 926          |
|    total_timesteps      | 278016       |
| train/                  |              |
|    approx_kl            | 0.0069620917 |
|    clip_fraction        | 0.0574       |
|    clip_range           | 0.2          |
|    entropy_loss         | -0.182       |
|    explained_variance   | 0.659        |
|    learning_rate        | 0.0003       |
|    loss                 | 3.15         |
|    n_updates            | 2710         |
|    policy_gradient_loss | -0.00338     |
|    value_loss           | 7.82         |
------------------------------------------
------------------------------------------
| rollout/                |              |
|    ep_len_mean          | 9.36         |
|    ep_rew_mean          | 3.87         |
| time/                   |              |
|    fps                  | 299          |
|    iterations           | 544          |
|    time_elapsed         | 930          |
|    total_timesteps      | 278528       |
| train/                  |              |
|    approx_kl            | 0.0023710392 |
|    clip_fraction        | 0.0258       |
|    clip_range           | 0.2          |
|    entropy_loss         | -0.132       |
|    explained_variance   | 0.6          |
|    learning_rate        | 0.0003       |
|    loss                 | 3.83         |
|    n_updates            | 2715         |
|    policy_gradient_loss | -0.00633     |
|    value_loss           | 12           |
------------------------------------------
------------------------------------------
| rollout/                |              |
|    ep_len_mean          | 5.27         |
|    ep_rew_mean          | 1.6          |
| time/                   |              |
|    fps                  | 298          |
|    iterations           | 545          |
|    time_elapsed         | 933          |
|    total_timesteps      | 279040       |
| train/                  |              |
|    approx_kl            | 0.0012364485 |
|    clip_fraction        | 0.016        |
|    clip_range           | 0.2          |
|    entropy_loss         | -0.136       |
|    explained_variance   | 0.765        |
|    learning_rate        | 0.0003       |
|    loss                 | 3.12         |
|    n_updates            | 2720         |
|    policy_gradient_loss | 0.00272      |
|    value_loss           | 7.6          |
------------------------------------------
------------------------------------------
| rollout/                |              |
|    ep_len_mean          | 7.64         |
|    ep_rew_mean          | 2.7          |
| time/                   |              |
|    fps                  | 298          |
|    iterations           | 546          |
|    time_elapsed         | 937          |
|    total_timesteps      | 279552       |
| train/                  |              |
|    approx_kl            | 0.0034385915 |
|    clip_fraction        | 0.0395       |
|    clip_range           | 0.2          |
|    entropy_loss         | -0.26        |
|    explained_variance   | 0.58         |
|    learning_rate        | 0.0003       |
|    loss                 | 5.18         |
|    n_updates            | 2725         |
|    policy_gradient_loss | -0.00599     |
|    value_loss           | 7.89         |
------------------------------------------
------------------------------------------
| rollout/                |              |
|    ep_len_mean          | 8.22         |
|    ep_rew_mean          | 3.1          |
| time/                   |              |
|    fps                  | 297          |
|    iterations           | 547          |
|    time_elapsed         | 941          |
|    total_timesteps      | 280064       |
| train/                  |              |
|    approx_kl            | 0.0014788709 |
|    clip_fraction        | 0.0332       |
|    clip_range           | 0.2          |
|    entropy_loss         | -0.171       |
|    explained_variance   | 0.596        |
|    learning_rate        | 0.0003       |
|    loss                 | 3.75         |
|    n_updates            | 2730         |
|    policy_gradient_loss | -0.000431    |
|    value_loss           | 12.7         |
------------------------------------------
------------------------------------------
| rollout/                |              |
|    ep_len_mean          | 9.95         |
|    ep_rew_mean          | 3.93         |
| time/                   |              |
|    fps                  | 297          |
|    iterations           | 548          |
|    time_elapsed         | 944          |
|    total_timesteps      | 280576       |
| train/                  |              |
|    approx_kl            | 0.0009781471 |
|    clip_fraction        | 0.00781      |
|    clip_range           | 0.2          |
|    entropy_loss         | -0.185       |
|    explained_variance   | 0.67         |
|    learning_rate        | 0.0003       |
|    loss                 | 2.95         |
|    n_updates            | 2735         |
|    policy_gradient_loss | -0.000615    |
|    value_loss           | 10.3         |
------------------------------------------
------------------------------------------
| rollout/                |              |
|    ep_len_mean          | 11.7         |
|    ep_rew_mean          | 4.89         |
| time/                   |              |
|    fps                  | 296          |
|    iterations           | 549          |
|    time_elapsed         | 947          |
|    total_timesteps      | 281088       |
| train/                  |              |
|    approx_kl            | 0.0018765923 |
|    clip_fraction        | 0.0414       |
|    clip_range           | 0.2          |
|    entropy_loss         | -0.118       |
|    explained_variance   | 0.538        |
|    learning_rate        | 0.0003       |
|    loss                 | 7.21         |
|    n_updates            | 2740         |
|    policy_gradient_loss | -0.00817     |
|    value_loss           | 14.5         |
------------------------------------------
------------------------------------------
| rollout/                |              |
|    ep_len_mean          | 10.8         |
|    ep_rew_mean          | 4.46         |
| time/                   |              |
|    fps                  | 295          |
|    iterations           | 550          |
|    time_elapsed         | 951          |
|    total_timesteps      | 281600       |
| train/                  |              |
|    approx_kl            | 0.0011312201 |
|    clip_fraction        | 0.0145       |
|    clip_range           | 0.2          |
|    entropy_loss         | -0.144       |
|    explained_variance   | 0.592        |
|    learning_rate        | 0.0003       |
|    loss                 | 6.3          |
|    n_updates            | 2745         |
|    policy_gradient_loss | -0.00574     |
|    value_loss           | 10.9         |
------------------------------------------
------------------------------------------
| rollout/                |              |
|    ep_len_mean          | 11.8         |
|    ep_rew_mean          | 4.88         |
| time/                   |              |
|    fps                  | 295          |
|    iterations           | 551          |
|    time_elapsed         | 955          |
|    total_timesteps      | 282112       |
| train/                  |              |
|    approx_kl            | 0.0015918672 |
|    clip_fraction        | 0.0195       |
|    clip_range           | 0.2          |
|    entropy_loss         | -0.149       |
|    explained_variance   | 0.516        |
|    learning_rate        | 0.0003       |
|    loss                 | 5.94         |
|    n_updates            | 2750         |
|    policy_gradient_loss | -0.00472     |
|    value_loss           | 13.4         |
------------------------------------------
-------------------------------------------
| rollout/                |               |
|    ep_len_mean          | 13.7          |
|    ep_rew_mean          | 5.8           |
| time/                   |               |
|    fps                  | 294           |
|    iterations           | 552           |
|    time_elapsed         | 959           |
|    total_timesteps      | 282624        |
| train/                  |               |
|    approx_kl            | 0.00053161895 |
|    clip_fraction        | 0.0164        |
|    clip_range           | 0.2           |
|    entropy_loss         | -0.132        |
|    explained_variance   | 0.573         |
|    learning_rate        | 0.0003        |
|    loss                 | 8.51          |
|    n_updates            | 2755          |
|    policy_gradient_loss | 0.00343       |
|    value_loss           | 12.5          |
-------------------------------------------
------------------------------------------
| rollout/                |              |
|    ep_len_mean          | 13           |
|    ep_rew_mean          | 5.45         |
| time/                   |              |
|    fps                  | 293          |
|    iterations           | 553          |
|    time_elapsed         | 963          |
|    total_timesteps      | 283136       |
| train/                  |              |
|    approx_kl            | 0.0010595194 |
|    clip_fraction        | 0.0176       |
|    clip_range           | 0.2          |
|    entropy_loss         | -0.0852      |
|    explained_variance   | 0.64         |
|    learning_rate        | 0.0003       |
|    loss                 | 4.46         |
|    n_updates            | 2760         |
|    policy_gradient_loss | -0.00539     |
|    value_loss           | 10.1         |
------------------------------------------
------------------------------------------
| rollout/                |              |
|    ep_len_mean          | 12.8         |
|    ep_rew_mean          | 5.12         |
| time/                   |              |
|    fps                  | 293          |
|    iterations           | 554          |
|    time_elapsed         | 966          |
|    total_timesteps      | 283648       |
| train/                  |              |
|    approx_kl            | 0.0038797492 |
|    clip_fraction        | 0.0414       |
|    clip_range           | 0.2          |
|    entropy_loss         | -0.145       |
|    explained_variance   | 0.78         |
|    learning_rate        | 0.0003       |
|    loss                 | 2.48         |
|    n_updates            | 2765         |
|    policy_gradient_loss | 0.0117       |
|    value_loss           | 6.03         |
------------------------------------------
------------------------------------------
| rollout/                |              |
|    ep_len_mean          | 10.8         |
|    ep_rew_mean          | 3.67         |
| time/                   |              |
|    fps                  | 293          |
|    iterations           | 555          |
|    time_elapsed         | 969          |
|    total_timesteps      | 284160       |
| train/                  |              |
|    approx_kl            | 0.0046887095 |
|    clip_fraction        | 0.0316       |
|    clip_range           | 0.2          |
|    entropy_loss         | -0.137       |
|    explained_variance   | 0.59         |
|    learning_rate        | 0.0003       |
|    loss                 | 5.45         |
|    n_updates            | 2770         |
|    policy_gradient_loss | 0.00441      |
|    value_loss           | 13           |
------------------------------------------
------------------------------------------
| rollout/                |              |
|    ep_len_mean          | 9.93         |
|    ep_rew_mean          | 3.67         |
| time/                   |              |
|    fps                  | 292          |
|    iterations           | 556          |
|    time_elapsed         | 972          |
|    total_timesteps      | 284672       |
| train/                  |              |
|    approx_kl            | 0.0052558896 |
|    clip_fraction        | 0.077        |
|    clip_range           | 0.2          |
|    entropy_loss         | -0.221       |
|    explained_variance   | 0.714        |
|    learning_rate        | 0.0003       |
|    loss                 | 3.85         |
|    n_updates            | 2775         |
|    policy_gradient_loss | 0.00548      |
|    value_loss           | 8.83         |
------------------------------------------
------------------------------------------
| rollout/                |              |
|    ep_len_mean          | 9.37         |
|    ep_rew_mean          | 3.72         |
| time/                   |              |
|    fps                  | 292          |
|    iterations           | 557          |
|    time_elapsed         | 975          |
|    total_timesteps      | 285184       |
| train/                  |              |
|    approx_kl            | 0.0007799056 |
|    clip_fraction        | 0.023        |
|    clip_range           | 0.2          |
|    entropy_loss         | -0.134       |
|    explained_variance   | 0.759        |
|    learning_rate        | 0.0003       |
|    loss                 | 2.91         |
|    n_updates            | 2780         |
|    policy_gradient_loss | -0.00427     |
|    value_loss           | 8.8          |
------------------------------------------
-------------------------------------------
| rollout/                |               |
|    ep_len_mean          | 8.54          |
|    ep_rew_mean          | 2.98          |
| time/                   |               |
|    fps                  | 292           |
|    iterations           | 558           |
|    time_elapsed         | 978           |
|    total_timesteps      | 285696        |
| train/                  |               |
|    approx_kl            | 0.00075011404 |
|    clip_fraction        | 0.0168        |
|    clip_range           | 0.2           |
|    entropy_loss         | -0.158        |
|    explained_variance   | 0.661         |
|    learning_rate        | 0.0003        |
|    loss                 | 4.56          |
|    n_updates            | 2785          |
|    policy_gradient_loss | -0.00815      |
|    value_loss           | 11.2          |
-------------------------------------------
------------------------------------------
| rollout/                |              |
|    ep_len_mean          | 10.2         |
|    ep_rew_mean          | 3.69         |
| time/                   |              |
|    fps                  | 291          |
|    iterations           | 559          |
|    time_elapsed         | 981          |
|    total_timesteps      | 286208       |
| train/                  |              |
|    approx_kl            | 0.0017660102 |
|    clip_fraction        | 0.0211       |
|    clip_range           | 0.2          |
|    entropy_loss         | -0.16        |
|    explained_variance   | 0.622        |
|    learning_rate        | 0.0003       |
|    loss                 | 4.76         |
|    n_updates            | 2790         |
|    policy_gradient_loss | -0.00732     |
|    value_loss           | 11.4         |
------------------------------------------
------------------------------------------
| rollout/                |              |
|    ep_len_mean          | 11.1         |
|    ep_rew_mean          | 4.43         |
| time/                   |              |
|    fps                  | 291          |
|    iterations           | 560          |
|    time_elapsed         | 984          |
|    total_timesteps      | 286720       |
| train/                  |              |
|    approx_kl            | 0.0005993429 |
|    clip_fraction        | 0.00391      |
|    clip_range           | 0.2          |
|    entropy_loss         | -0.118       |
|    explained_variance   | 0.581        |
|    learning_rate        | 0.0003       |
|    loss                 | 4.41         |
|    n_updates            | 2795         |
|    policy_gradient_loss | -0.00326     |
|    value_loss           | 10           |
------------------------------------------
------------------------------------------
| rollout/                |              |
|    ep_len_mean          | 10.4         |
|    ep_rew_mean          | 4.24         |
| time/                   |              |
|    fps                  | 290          |
|    iterations           | 561          |
|    time_elapsed         | 987          |
|    total_timesteps      | 287232       |
| train/                  |              |
|    approx_kl            | 0.0012925297 |
|    clip_fraction        | 0.0102       |
|    clip_range           | 0.2          |
|    entropy_loss         | -0.124       |
|    explained_variance   | 0.696        |
|    learning_rate        | 0.0003       |
|    loss                 | 5.78         |
|    n_updates            | 2800         |
|    policy_gradient_loss | -0.0041      |
|    value_loss           | 7.36         |
------------------------------------------
-------------------------------------------
| rollout/                |               |
|    ep_len_mean          | 12.1          |
|    ep_rew_mean          | 5.11          |
| time/                   |               |
|    fps                  | 290           |
|    iterations           | 562           |
|    time_elapsed         | 991           |
|    total_timesteps      | 287744        |
| train/                  |               |
|    approx_kl            | 0.00026261347 |
|    clip_fraction        | 0.00156       |
|    clip_range           | 0.2           |
|    entropy_loss         | -0.111        |
|    explained_variance   | 0.587         |
|    learning_rate        | 0.0003        |
|    loss                 | 6.26          |
|    n_updates            | 2805          |
|    policy_gradient_loss | -0.00194      |
|    value_loss           | 9.8           |
-------------------------------------------
-----------------------------------------
| rollout/                |             |
|    ep_len_mean          | 10.7        |
|    ep_rew_mean          | 4.15        |
| time/                   |             |
|    fps                  | 289         |
|    iterations           | 563         |
|    time_elapsed         | 995         |
|    total_timesteps      | 288256      |
| train/                  |             |
|    approx_kl            | 0.008219622 |
|    clip_fraction        | 0.0387      |
|    clip_range           | 0.2         |
|    entropy_loss         | -0.125      |
|    explained_variance   | 0.699       |
|    learning_rate        | 0.0003      |
|    loss                 | 3.77        |
|    n_updates            | 2810        |
|    policy_gradient_loss | 0.00474     |
|    value_loss           | 7.77        |
-----------------------------------------
-------------------------------------------
| rollout/                |               |
|    ep_len_mean          | 11.6          |
|    ep_rew_mean          | 4.4           |
| time/                   |               |
|    fps                  | 289           |
|    iterations           | 564           |
|    time_elapsed         | 997           |
|    total_timesteps      | 288768        |
| train/                  |               |
|    approx_kl            | 0.00061245734 |
|    clip_fraction        | 0.0203        |
|    clip_range           | 0.2           |
|    entropy_loss         | -0.115        |
|    explained_variance   | 0.627         |
|    learning_rate        | 0.0003        |
|    loss                 | 4.93          |
|    n_updates            | 2815          |
|    policy_gradient_loss | -0.00438      |
|    value_loss           | 9.97          |
-------------------------------------------
-----------------------------------------
| rollout/                |             |
|    ep_len_mean          | 11.7        |
|    ep_rew_mean          | 4.71        |
| time/                   |             |
|    fps                  | 289         |
|    iterations           | 565         |
|    time_elapsed         | 999         |
|    total_timesteps      | 289280      |
| train/                  |             |
|    approx_kl            | 0.005046213 |
|    clip_fraction        | 0.0305      |
|    clip_range           | 0.2         |
|    entropy_loss         | -0.127      |
|    explained_variance   | 0.709       |
|    learning_rate        | 0.0003      |
|    loss                 | 4.15        |
|    n_updates            | 2820        |
|    policy_gradient_loss | 0.00341     |
|    value_loss           | 9.2         |
-----------------------------------------
------------------------------------------
| rollout/                |              |
|    ep_len_mean          | 12.1         |
|    ep_rew_mean          | 5.01         |
| time/                   |              |
|    fps                  | 289          |
|    iterations           | 566          |
|    time_elapsed         | 1001         |
|    total_timesteps      | 289792       |
| train/                  |              |
|    approx_kl            | 0.0028660293 |
|    clip_fraction        | 0.0105       |
|    clip_range           | 0.2          |
|    entropy_loss         | -0.114       |
|    explained_variance   | 0.716        |
|    learning_rate        | 0.0003       |
|    loss                 | 3.2          |
|    n_updates            | 2825         |
|    policy_gradient_loss | -0.0035      |
|    value_loss           | 7.19         |
------------------------------------------
------------------------------------------
| rollout/                |              |
|    ep_len_mean          | 13.8         |
|    ep_rew_mean          | 5.73         |
| time/                   |              |
|    fps                  | 289          |
|    iterations           | 567          |
|    time_elapsed         | 1003         |
|    total_timesteps      | 290304       |
| train/                  |              |
|    approx_kl            | 0.0034855695 |
|    clip_fraction        | 0.0141       |
|    clip_range           | 0.2          |
|    entropy_loss         | -0.0902      |
|    explained_variance   | 0.44         |
|    learning_rate        | 0.0003       |
|    loss                 | 7.16         |
|    n_updates            | 2830         |
|    policy_gradient_loss | -0.00606     |
|    value_loss           | 13.7         |
------------------------------------------
-------------------------------------------
| rollout/                |               |
|    ep_len_mean          | 14.1          |
|    ep_rew_mean          | 5.66          |
| time/                   |               |
|    fps                  | 289           |
|    iterations           | 568           |
|    time_elapsed         | 1005          |
|    total_timesteps      | 290816        |
| train/                  |               |
|    approx_kl            | 0.00066951243 |
|    clip_fraction        | 0.00977       |
|    clip_range           | 0.2           |
|    entropy_loss         | -0.0719       |
|    explained_variance   | 0.779         |
|    learning_rate        | 0.0003        |
|    loss                 | 2.34          |
|    n_updates            | 2835          |
|    policy_gradient_loss | -0.00257      |
|    value_loss           | 7.58          |
-------------------------------------------
------------------------------------------
| rollout/                |              |
|    ep_len_mean          | 15.5         |
|    ep_rew_mean          | 6.3          |
| time/                   |              |
|    fps                  | 288          |
|    iterations           | 569          |
|    time_elapsed         | 1008         |
|    total_timesteps      | 291328       |
| train/                  |              |
|    approx_kl            | 0.0038560177 |
|    clip_fraction        | 0.05         |
|    clip_range           | 0.2          |
|    entropy_loss         | -0.0918      |
|    explained_variance   | 0.619        |
|    learning_rate        | 0.0003       |
|    loss                 | 4.53         |
|    n_updates            | 2840         |
|    policy_gradient_loss | -0.0116      |
|    value_loss           | 12.2         |
------------------------------------------
-------------------------------------------
| rollout/                |               |
|    ep_len_mean          | 15            |
|    ep_rew_mean          | 5.92          |
| time/                   |               |
|    fps                  | 288           |
|    iterations           | 570           |
|    time_elapsed         | 1012          |
|    total_timesteps      | 291840        |
| train/                  |               |
|    approx_kl            | 0.00058985373 |
|    clip_fraction        | 0.00234       |
|    clip_range           | 0.2           |
|    entropy_loss         | -0.0557       |
|    explained_variance   | 0.542         |
|    learning_rate        | 0.0003        |
|    loss                 | 6             |
|    n_updates            | 2845          |
|    policy_gradient_loss | 0.000542      |
|    value_loss           | 11.9          |
-------------------------------------------
-----------------------------------------
| rollout/                |             |
|    ep_len_mean          | 16.1        |
|    ep_rew_mean          | 6.5         |
| time/                   |             |
|    fps                  | 288         |
|    iterations           | 571         |
|    time_elapsed         | 1014        |
|    total_timesteps      | 292352      |
| train/                  |             |
|    approx_kl            | 0.003729126 |
|    clip_fraction        | 0.0332      |
|    clip_range           | 0.2         |
|    entropy_loss         | -0.0799     |
|    explained_variance   | 0.525       |
|    learning_rate        | 0.0003      |
|    loss                 | 3.21        |
|    n_updates            | 2850        |
|    policy_gradient_loss | -0.0113     |
|    value_loss           | 11.8        |
-----------------------------------------
-------------------------------------------
| rollout/                |               |
|    ep_len_mean          | 15.4          |
|    ep_rew_mean          | 5.49          |
| time/                   |               |
|    fps                  | 287           |
|    iterations           | 572           |
|    time_elapsed         | 1017          |
|    total_timesteps      | 292864        |
| train/                  |               |
|    approx_kl            | 4.1114108e-05 |
|    clip_fraction        | 0.000781      |
|    clip_range           | 0.2           |
|    entropy_loss         | -0.0524       |
|    explained_variance   | 0.659         |
|    learning_rate        | 0.0003        |
|    loss                 | 5.37          |
|    n_updates            | 2855          |
|    policy_gradient_loss | -0.00074      |
|    value_loss           | 10.1          |
-------------------------------------------
----------------------------------------
| rollout/                |            |
|    ep_len_mean          | 14.5       |
|    ep_rew_mean          | 5.13       |
| time/                   |            |
|    fps                  | 287        |
|    iterations           | 573        |
|    time_elapsed         | 1020       |
|    total_timesteps      | 293376     |
| train/                  |            |
|    approx_kl            | 0.03762375 |
|    clip_fraction        | 0.0461     |
|    clip_range           | 0.2        |
|    entropy_loss         | -0.118     |
|    explained_variance   | 0.657      |
|    learning_rate        | 0.0003     |
|    loss                 | 5.75       |
|    n_updates            | 2860       |
|    policy_gradient_loss | 0.00546    |
|    value_loss           | 11.6       |
----------------------------------------
-------------------------------------------
| rollout/                |               |
|    ep_len_mean          | 14            |
|    ep_rew_mean          | 4.9           |
| time/                   |               |
|    fps                  | 287           |
|    iterations           | 574           |
|    time_elapsed         | 1022          |
|    total_timesteps      | 293888        |
| train/                  |               |
|    approx_kl            | 0.00069429784 |
|    clip_fraction        | 0.00859       |
|    clip_range           | 0.2           |
|    entropy_loss         | -0.136        |
|    explained_variance   | 0.514         |
|    learning_rate        | 0.0003        |
|    loss                 | 5.89          |
|    n_updates            | 2865          |
|    policy_gradient_loss | -0.00366      |
|    value_loss           | 14            |
-------------------------------------------
----------------------------------------
| rollout/                |            |
|    ep_len_mean          | 10.7       |
|    ep_rew_mean          | 3.96       |
| time/                   |            |
|    fps                  | 287        |
|    iterations           | 575        |
|    time_elapsed         | 1024       |
|    total_timesteps      | 294400     |
| train/                  |            |
|    approx_kl            | 0.01686335 |
|    clip_fraction        | 0.059      |
|    clip_range           | 0.2        |
|    entropy_loss         | -0.122     |
|    explained_variance   | 0.713      |
|    learning_rate        | 0.0003     |
|    loss                 | 5.33       |
|    n_updates            | 2870       |
|    policy_gradient_loss | 0.000695   |
|    value_loss           | 11.8       |
----------------------------------------
------------------------------------------
| rollout/                |              |
|    ep_len_mean          | 9.62         |
|    ep_rew_mean          | 3.8          |
| time/                   |              |
|    fps                  | 287          |
|    iterations           | 576          |
|    time_elapsed         | 1025         |
|    total_timesteps      | 294912       |
| train/                  |              |
|    approx_kl            | 0.0015910446 |
|    clip_fraction        | 0.00977      |
|    clip_range           | 0.2          |
|    entropy_loss         | -0.182       |
|    explained_variance   | 0.759        |
|    learning_rate        | 0.0003       |
|    loss                 | 6.4          |
|    n_updates            | 2875         |
|    policy_gradient_loss | -0.00274     |
|    value_loss           | 7.97         |
------------------------------------------
------------------------------------------
| rollout/                |              |
|    ep_len_mean          | 9.09         |
|    ep_rew_mean          | 3.45         |
| time/                   |              |
|    fps                  | 287          |
|    iterations           | 577          |
|    time_elapsed         | 1029         |
|    total_timesteps      | 295424       |
| train/                  |              |
|    approx_kl            | 0.0011659253 |
|    clip_fraction        | 0.0332       |
|    clip_range           | 0.2          |
|    entropy_loss         | -0.0932      |
|    explained_variance   | 0.686        |
|    learning_rate        | 0.0003       |
|    loss                 | 3.79         |
|    n_updates            | 2880         |
|    policy_gradient_loss | -0.00988     |
|    value_loss           | 8.85         |
------------------------------------------
------------------------------------------
| rollout/                |              |
|    ep_len_mean          | 8.8          |
|    ep_rew_mean          | 3.05         |
| time/                   |              |
|    fps                  | 286          |
|    iterations           | 578          |
|    time_elapsed         | 1032         |
|    total_timesteps      | 295936       |
| train/                  |              |
|    approx_kl            | 0.0047596977 |
|    clip_fraction        | 0.0344       |
|    clip_range           | 0.2          |
|    entropy_loss         | -0.135       |
|    explained_variance   | 0.571        |
|    learning_rate        | 0.0003       |
|    loss                 | 4.44         |
|    n_updates            | 2885         |
|    policy_gradient_loss | -0.011       |
|    value_loss           | 10.1         |
------------------------------------------
-----------------------------------------
| rollout/                |             |
|    ep_len_mean          | 9.88        |
|    ep_rew_mean          | 3.87        |
| time/                   |             |
|    fps                  | 286         |
|    iterations           | 579         |
|    time_elapsed         | 1036        |
|    total_timesteps      | 296448      |
| train/                  |             |
|    approx_kl            | 0.002080987 |
|    clip_fraction        | 0.00664     |
|    clip_range           | 0.2         |
|    entropy_loss         | -0.133      |
|    explained_variance   | 0.714       |
|    learning_rate        | 0.0003      |
|    loss                 | 3.06        |
|    n_updates            | 2890        |
|    policy_gradient_loss | -0.000686   |
|    value_loss           | 8.76        |
-----------------------------------------
------------------------------------------
| rollout/                |              |
|    ep_len_mean          | 8.93         |
|    ep_rew_mean          | 3.34         |
| time/                   |              |
|    fps                  | 286          |
|    iterations           | 580          |
|    time_elapsed         | 1038         |
|    total_timesteps      | 296960       |
| train/                  |              |
|    approx_kl            | 0.0036796168 |
|    clip_fraction        | 0.066        |
|    clip_range           | 0.2          |
|    entropy_loss         | -0.108       |
|    explained_variance   | 0.618        |
|    learning_rate        | 0.0003       |
|    loss                 | 3.54         |
|    n_updates            | 2895         |
|    policy_gradient_loss | -0.01        |
|    value_loss           | 9.29         |
------------------------------------------
-----------------------------------------
| rollout/                |             |
|    ep_len_mean          | 9.91        |
|    ep_rew_mean          | 3.79        |
| time/                   |             |
|    fps                  | 285         |
|    iterations           | 581         |
|    time_elapsed         | 1040        |
|    total_timesteps      | 297472      |
| train/                  |             |
|    approx_kl            | 0.009414023 |
|    clip_fraction        | 0.0449      |
|    clip_range           | 0.2         |
|    entropy_loss         | -0.157      |
|    explained_variance   | 0.776       |
|    learning_rate        | 0.0003      |
|    loss                 | 4.64        |
|    n_updates            | 2900        |
|    policy_gradient_loss | 0.00538     |
|    value_loss           | 6.58        |
-----------------------------------------
------------------------------------------
| rollout/                |              |
|    ep_len_mean          | 10.5         |
|    ep_rew_mean          | 4.13         |
| time/                   |              |
|    fps                  | 285          |
|    iterations           | 582          |
|    time_elapsed         | 1042         |
|    total_timesteps      | 297984       |
| train/                  |              |
|    approx_kl            | 0.0034532454 |
|    clip_fraction        | 0.0328       |
|    clip_range           | 0.2          |
|    entropy_loss         | -0.106       |
|    explained_variance   | 0.656        |
|    learning_rate        | 0.0003       |
|    loss                 | 7.15         |
|    n_updates            | 2905         |
|    policy_gradient_loss | 0.000777     |
|    value_loss           | 10.4         |
------------------------------------------
------------------------------------------
| rollout/                |              |
|    ep_len_mean          | 9.63         |
|    ep_rew_mean          | 3.56         |
| time/                   |              |
|    fps                  | 285          |
|    iterations           | 583          |
|    time_elapsed         | 1045         |
|    total_timesteps      | 298496       |
| train/                  |              |
|    approx_kl            | 0.0015683832 |
|    clip_fraction        | 0.00508      |
|    clip_range           | 0.2          |
|    entropy_loss         | -0.158       |
|    explained_variance   | 0.667        |
|    learning_rate        | 0.0003       |
|    loss                 | 4.76         |
|    n_updates            | 2910         |
|    policy_gradient_loss | 0.000861     |
|    value_loss           | 9.5          |
------------------------------------------
-------------------------------------------
| rollout/                |               |
|    ep_len_mean          | 10.2          |
|    ep_rew_mean          | 4.04          |
| time/                   |               |
|    fps                  | 285           |
|    iterations           | 584           |
|    time_elapsed         | 1048          |
|    total_timesteps      | 299008        |
| train/                  |               |
|    approx_kl            | 0.00096095266 |
|    clip_fraction        | 0.000781      |
|    clip_range           | 0.2           |
|    entropy_loss         | -0.177        |
|    explained_variance   | 0.732         |
|    learning_rate        | 0.0003        |
|    loss                 | 3.36          |
|    n_updates            | 2915          |
|    policy_gradient_loss | -0.000833     |
|    value_loss           | 6.8           |
-------------------------------------------
----------------------------------------
| rollout/                |            |
|    ep_len_mean          | 11.7       |
|    ep_rew_mean          | 4.87       |
| time/                   |            |
|    fps                  | 284        |
|    iterations           | 585        |
|    time_elapsed         | 1052       |
|    total_timesteps      | 299520     |
| train/                  |            |
|    approx_kl            | 0.00117653 |
|    clip_fraction        | 0.0133     |
|    clip_range           | 0.2        |
|    entropy_loss         | -0.139     |
|    explained_variance   | 0.531      |
|    learning_rate        | 0.0003     |
|    loss                 | 3.4        |
|    n_updates            | 2920       |
|    policy_gradient_loss | -0.00592   |
|    value_loss           | 9.45       |
----------------------------------------
-----------------------------------------
| rollout/                |             |
|    ep_len_mean          | 13.2        |
|    ep_rew_mean          | 5.64        |
| time/                   |             |
|    fps                  | 284         |
|    iterations           | 586         |
|    time_elapsed         | 1055        |
|    total_timesteps      | 300032      |
| train/                  |             |
|    approx_kl            | 0.001403351 |
|    clip_fraction        | 0.0184      |
|    clip_range           | 0.2         |
|    entropy_loss         | -0.0899     |
|    explained_variance   | 0.636       |
|    learning_rate        | 0.0003      |
|    loss                 | 4.86        |
|    n_updates            | 2925        |
|    policy_gradient_loss | -0.00784    |
|    value_loss           | 9.85        |
-----------------------------------------

Model saved -> models/variants/ppo_bpic2017_cate_retrained.zip
   Manifest → models/variants/ppo_bpic2017_cate_retrained_manifest.json
   Training curve (28707 episodes) → models/variants/ppo_bpic2017_cate_retrained_training_curve.csv
