/home/andrew/Documents/docs/2-resolver-problema/process-mining/prescriptive-process-monitoring/timing-explanations-pspm/.venv/lib/python3.14/site-packages/stable_baselines3/common/on_policy_algorithm.py:150: UserWarning: You are trying to run PPO on the GPU, but it is primarily intended to run on the CPU when not using a CNN policy (you are using ActorCriticPolicy which should be a MlpPolicy). See https://github.com/DLR-RM/stable-baselines3/issues/1245 for more info. You can pass `device='cpu'` or `export CUDA_VISIBLE_DEVICES=` to force using the CPU.Note: The model will train, but the GPU utilization will be poor and the training might take longer than on CPU.
  warnings.warn(
Loading env from data/ready_to_use_adaptive_bpic2012.csv ...
Training PPO for 300,000 timesteps (seed=42) ...
Using cuda device
Wrapping the env in a DummyVecEnv.
---------------------------------
| rollout/           |          |
|    ep_len_mean     | 2.03     |
|    ep_rew_mean     | -29      |
| time/              |          |
|    fps             | 249      |
|    iterations      | 1        |
|    time_elapsed    | 2        |
|    total_timesteps | 512      |
---------------------------------
-----------------------------------------
| rollout/                |             |
|    ep_len_mean          | 2.25        |
|    ep_rew_mean          | -13         |
| time/                   |             |
|    fps                  | 232         |
|    iterations           | 2           |
|    time_elapsed         | 4           |
|    total_timesteps      | 1024        |
| train/                  |             |
|    approx_kl            | 0.028858267 |
|    clip_fraction        | 0.298       |
|    clip_range           | 0.2         |
|    entropy_loss         | -0.681      |
|    explained_variance   | 0.000195    |
|    learning_rate        | 0.0003      |
|    loss                 | 3.92e+03    |
|    n_updates            | 5           |
|    policy_gradient_loss | -0.0504     |
|    value_loss           | 8.52e+03    |
-----------------------------------------
-----------------------------------------
| rollout/                |             |
|    ep_len_mean          | 3.75        |
|    ep_rew_mean          | 8           |
| time/                   |             |
|    fps                  | 248         |
|    iterations           | 3           |
|    time_elapsed         | 6           |
|    total_timesteps      | 1536        |
| train/                  |             |
|    approx_kl            | 0.031833764 |
|    clip_fraction        | 0.174       |
|    clip_range           | 0.2         |
|    entropy_loss         | -0.623      |
|    explained_variance   | 0.000272    |
|    learning_rate        | 0.0003      |
|    loss                 | 3.29e+03    |
|    n_updates            | 10          |
|    policy_gradient_loss | -0.0331     |
|    value_loss           | 1.36e+04    |
-----------------------------------------
-----------------------------------------
| rollout/                |             |
|    ep_len_mean          | 4.73        |
|    ep_rew_mean          | 49          |
| time/                   |             |
|    fps                  | 250         |
|    iterations           | 4           |
|    time_elapsed         | 8           |
|    total_timesteps      | 2048        |
| train/                  |             |
|    approx_kl            | 0.009208237 |
|    clip_fraction        | 0.0445      |
|    clip_range           | 0.2         |
|    entropy_loss         | -0.536      |
|    explained_variance   | 0.000765    |
|    learning_rate        | 0.0003      |
|    loss                 | 1.56e+04    |
|    n_updates            | 15          |
|    policy_gradient_loss | -0.0124     |
|    value_loss           | 3.48e+04    |
-----------------------------------------
-----------------------------------------
| rollout/                |             |
|    ep_len_mean          | 5.45        |
|    ep_rew_mean          | 94          |
| time/                   |             |
|    fps                  | 258         |
|    iterations           | 5           |
|    time_elapsed         | 9           |
|    total_timesteps      | 2560        |
| train/                  |             |
|    approx_kl            | 0.002804741 |
|    clip_fraction        | 0           |
|    clip_range           | 0.2         |
|    entropy_loss         | -0.475      |
|    explained_variance   | -0.000512   |
|    learning_rate        | 0.0003      |
|    loss                 | 2.97e+04    |
|    n_updates            | 20          |
|    policy_gradient_loss | -0.00784    |
|    value_loss           | 6.05e+04    |
-----------------------------------------
------------------------------------------
| rollout/                |              |
|    ep_len_mean          | 6.53         |
|    ep_rew_mean          | 95.5         |
| time/                   |              |
|    fps                  | 257          |
|    iterations           | 6            |
|    time_elapsed         | 11           |
|    total_timesteps      | 3072         |
| train/                  |              |
|    approx_kl            | 0.0030094301 |
|    clip_fraction        | 0            |
|    clip_range           | 0.2          |
|    entropy_loss         | -0.423       |
|    explained_variance   | 0.000541     |
|    learning_rate        | 0.0003       |
|    loss                 | 2.29e+04     |
|    n_updates            | 25           |
|    policy_gradient_loss | -0.0115      |
|    value_loss           | 4.25e+04     |
------------------------------------------
------------------------------------------
| rollout/                |              |
|    ep_len_mean          | 7.13         |
|    ep_rew_mean          | 116          |
| time/                   |              |
|    fps                  | 265          |
|    iterations           | 7            |
|    time_elapsed         | 13           |
|    total_timesteps      | 3584         |
| train/                  |              |
|    approx_kl            | 0.0010790582 |
|    clip_fraction        | 0            |
|    clip_range           | 0.2          |
|    entropy_loss         | -0.382       |
|    explained_variance   | 0.000446     |
|    learning_rate        | 0.0003       |
|    loss                 | 4.11e+04     |
|    n_updates            | 30           |
|    policy_gradient_loss | -0.00369     |
|    value_loss           | 8.82e+04     |
------------------------------------------
------------------------------------------
| rollout/                |              |
|    ep_len_mean          | 7.25         |
|    ep_rew_mean          | 154          |
| time/                   |              |
|    fps                  | 265          |
|    iterations           | 8            |
|    time_elapsed         | 15           |
|    total_timesteps      | 4096         |
| train/                  |              |
|    approx_kl            | 0.0005220135 |
|    clip_fraction        | 0            |
|    clip_range           | 0.2          |
|    entropy_loss         | -0.355       |
|    explained_variance   | 0.000826     |
|    learning_rate        | 0.0003       |
|    loss                 | 4.35e+04     |
|    n_updates            | 35           |
|    policy_gradient_loss | -0.00307     |
|    value_loss           | 8.14e+04     |
------------------------------------------
-------------------------------------------
| rollout/                |               |
|    ep_len_mean          | 7.74          |
|    ep_rew_mean          | 156           |
| time/                   |               |
|    fps                  | 263           |
|    iterations           | 9             |
|    time_elapsed         | 17            |
|    total_timesteps      | 4608          |
| train/                  |               |
|    approx_kl            | 0.00059393153 |
|    clip_fraction        | 0             |
|    clip_range           | 0.2           |
|    entropy_loss         | -0.332        |
|    explained_variance   | 0.000111      |
|    learning_rate        | 0.0003        |
|    loss                 | 4.32e+04      |
|    n_updates            | 40            |
|    policy_gradient_loss | -0.00575      |
|    value_loss           | 7.75e+04      |
-------------------------------------------
-------------------------------------------
| rollout/                |               |
|    ep_len_mean          | 9.14          |
|    ep_rew_mean          | 151           |
| time/                   |               |
|    fps                  | 263           |
|    iterations           | 10            |
|    time_elapsed         | 19            |
|    total_timesteps      | 5120          |
| train/                  |               |
|    approx_kl            | 0.00032549072 |
|    clip_fraction        | 0             |
|    clip_range           | 0.2           |
|    entropy_loss         | -0.311        |
|    explained_variance   | 0.000136      |
|    learning_rate        | 0.0003        |
|    loss                 | 7.23e+04      |
|    n_updates            | 45            |
|    policy_gradient_loss | -0.00193      |
|    value_loss           | 1.18e+05      |
-------------------------------------------
-------------------------------------------
| rollout/                |               |
|    ep_len_mean          | 9.53          |
|    ep_rew_mean          | 125           |
| time/                   |               |
|    fps                  | 263           |
|    iterations           | 11            |
|    time_elapsed         | 21            |
|    total_timesteps      | 5632          |
| train/                  |               |
|    approx_kl            | 0.00031848077 |
|    clip_fraction        | 0             |
|    clip_range           | 0.2           |
|    entropy_loss         | -0.294        |
|    explained_variance   | 0.000101      |
|    learning_rate        | 0.0003        |
|    loss                 | 7.66e+04      |
|    n_updates            | 50            |
|    policy_gradient_loss | -0.00172      |
|    value_loss           | 1.31e+05      |
-------------------------------------------
------------------------------------------
| rollout/                |              |
|    ep_len_mean          | 9.98         |
|    ep_rew_mean          | 142          |
| time/                   |              |
|    fps                  | 261          |
|    iterations           | 12           |
|    time_elapsed         | 23           |
|    total_timesteps      | 6144         |
| train/                  |              |
|    approx_kl            | 0.0005119222 |
|    clip_fraction        | 0            |
|    clip_range           | 0.2          |
|    entropy_loss         | -0.273       |
|    explained_variance   | 1.74e-05     |
|    learning_rate        | 0.0003       |
|    loss                 | 5.23e+04     |
|    n_updates            | 55           |
|    policy_gradient_loss | -0.00187     |
|    value_loss           | 9.97e+04     |
------------------------------------------
------------------------------------------
| rollout/                |              |
|    ep_len_mean          | 11.4         |
|    ep_rew_mean          | 279          |
| time/                   |              |
|    fps                  | 261          |
|    iterations           | 13           |
|    time_elapsed         | 25           |
|    total_timesteps      | 6656         |
| train/                  |              |
|    approx_kl            | 0.0006099704 |
|    clip_fraction        | 0            |
|    clip_range           | 0.2          |
|    entropy_loss         | -0.25        |
|    explained_variance   | -0.000119    |
|    learning_rate        | 0.0003       |
|    loss                 | 4.59e+04     |
|    n_updates            | 60           |
|    policy_gradient_loss | -0.00278     |
|    value_loss           | 9.43e+04     |
------------------------------------------
------------------------------------------
| rollout/                |              |
|    ep_len_mean          | 12.6         |
|    ep_rew_mean          | 346          |
| time/                   |              |
|    fps                  | 261          |
|    iterations           | 14           |
|    time_elapsed         | 27           |
|    total_timesteps      | 7168         |
| train/                  |              |
|    approx_kl            | 0.0001465634 |
|    clip_fraction        | 0            |
|    clip_range           | 0.2          |
|    entropy_loss         | -0.232       |
|    explained_variance   | -6.71e-05    |
|    learning_rate        | 0.0003       |
|    loss                 | 5.97e+04     |
|    n_updates            | 65           |
|    policy_gradient_loss | -0.00286     |
|    value_loss           | 1.34e+05     |
------------------------------------------
-----------------------------------------
| rollout/                |             |
|    ep_len_mean          | 13.1        |
|    ep_rew_mean          | 338         |
| time/                   |             |
|    fps                  | 262         |
|    iterations           | 15          |
|    time_elapsed         | 29          |
|    total_timesteps      | 7680        |
| train/                  |             |
|    approx_kl            | 8.51939e-05 |
|    clip_fraction        | 0           |
|    clip_range           | 0.2         |
|    entropy_loss         | -0.223      |
|    explained_variance   | 1.5e-05     |
|    learning_rate        | 0.0003      |
|    loss                 | 6.98e+04    |
|    n_updates            | 70          |
|    policy_gradient_loss | -0.00132    |
|    value_loss           | 1.21e+05    |
-----------------------------------------
------------------------------------------
| rollout/                |              |
|    ep_len_mean          | 12           |
|    ep_rew_mean          | 348          |
| time/                   |              |
|    fps                  | 261          |
|    iterations           | 16           |
|    time_elapsed         | 31           |
|    total_timesteps      | 8192         |
| train/                  |              |
|    approx_kl            | 0.0001375284 |
|    clip_fraction        | 0            |
|    clip_range           | 0.2          |
|    entropy_loss         | -0.21        |
|    explained_variance   | 2.81e-05     |
|    learning_rate        | 0.0003       |
|    loss                 | 5.5e+04      |
|    n_updates            | 75           |
|    policy_gradient_loss | -0.00115     |
|    value_loss           | 1.29e+05     |
------------------------------------------
-------------------------------------------
| rollout/                |               |
|    ep_len_mean          | 13.4          |
|    ep_rew_mean          | 361           |
| time/                   |               |
|    fps                  | 259           |
|    iterations           | 17            |
|    time_elapsed         | 33            |
|    total_timesteps      | 8704          |
| train/                  |               |
|    approx_kl            | 0.00014176755 |
|    clip_fraction        | 0             |
|    clip_range           | 0.2           |
|    entropy_loss         | -0.2          |
|    explained_variance   | -3.97e-05     |
|    learning_rate        | 0.0003        |
|    loss                 | 8.67e+04      |
|    n_updates            | 80            |
|    policy_gradient_loss | -0.00263      |
|    value_loss           | 1.49e+05      |
-------------------------------------------
-------------------------------------------
| rollout/                |               |
|    ep_len_mean          | 14.6          |
|    ep_rew_mean          | 233           |
| time/                   |               |
|    fps                  | 259           |
|    iterations           | 18            |
|    time_elapsed         | 35            |
|    total_timesteps      | 9216          |
| train/                  |               |
|    approx_kl            | 2.2338354e-05 |
|    clip_fraction        | 0             |
|    clip_range           | 0.2           |
|    entropy_loss         | -0.193        |
|    explained_variance   | 1.94e-05      |
|    learning_rate        | 0.0003        |
|    loss                 | 8.16e+04      |
|    n_updates            | 85            |
|    policy_gradient_loss | -0.000186     |
|    value_loss           | 2.4e+05       |
-------------------------------------------
-----------------------------------------
| rollout/                |             |
|    ep_len_mean          | 15.4        |
|    ep_rew_mean          | 230         |
| time/                   |             |
|    fps                  | 259         |
|    iterations           | 19          |
|    time_elapsed         | 37          |
|    total_timesteps      | 9728        |
| train/                  |             |
|    approx_kl            | 8.58237e-06 |
|    clip_fraction        | 0           |
|    clip_range           | 0.2         |
|    entropy_loss         | -0.187      |
|    explained_variance   | 2.8e-05     |
|    learning_rate        | 0.0003      |
|    loss                 | 8.27e+04    |
|    n_updates            | 90          |
|    policy_gradient_loss | -7.74e-05   |
|    value_loss           | 2.03e+05    |
-----------------------------------------
-------------------------------------------
| rollout/                |               |
|    ep_len_mean          | 15.3          |
|    ep_rew_mean          | 280           |
| time/                   |               |
|    fps                  | 260           |
|    iterations           | 20            |
|    time_elapsed         | 39            |
|    total_timesteps      | 10240         |
| train/                  |               |
|    approx_kl            | 6.0866587e-05 |
|    clip_fraction        | 0             |
|    clip_range           | 0.2           |
|    entropy_loss         | -0.183        |
|    explained_variance   | 9.3e-06       |
|    learning_rate        | 0.0003        |
|    loss                 | 6.85e+04      |
|    n_updates            | 95            |
|    policy_gradient_loss | -0.00132      |
|    value_loss           | 1.56e+05      |
-------------------------------------------
-------------------------------------------
| rollout/                |               |
|    ep_len_mean          | 14.4          |
|    ep_rew_mean          | 396           |
| time/                   |               |
|    fps                  | 259           |
|    iterations           | 21            |
|    time_elapsed         | 41            |
|    total_timesteps      | 10752         |
| train/                  |               |
|    approx_kl            | 2.4848268e-05 |
|    clip_fraction        | 0             |
|    clip_range           | 0.2           |
|    entropy_loss         | -0.177        |
|    explained_variance   | 6.74e-05      |
|    learning_rate        | 0.0003        |
|    loss                 | 8.81e+04      |
|    n_updates            | 100           |
|    policy_gradient_loss | -0.000551     |
|    value_loss           | 1.7e+05       |
-------------------------------------------
-------------------------------------------
| rollout/                |               |
|    ep_len_mean          | 14.7          |
|    ep_rew_mean          | 426           |
| time/                   |               |
|    fps                  | 259           |
|    iterations           | 22            |
|    time_elapsed         | 43            |
|    total_timesteps      | 11264         |
| train/                  |               |
|    approx_kl            | 6.0553895e-05 |
|    clip_fraction        | 0             |
|    clip_range           | 0.2           |
|    entropy_loss         | -0.171        |
|    explained_variance   | 2.38e-05      |
|    learning_rate        | 0.0003        |
|    loss                 | 1.12e+05      |
|    n_updates            | 105           |
|    policy_gradient_loss | -0.00095      |
|    value_loss           | 1.7e+05       |
-------------------------------------------
-------------------------------------------
| rollout/                |               |
|    ep_len_mean          | 14.8          |
|    ep_rew_mean          | 346           |
| time/                   |               |
|    fps                  | 259           |
|    iterations           | 23            |
|    time_elapsed         | 45            |
|    total_timesteps      | 11776         |
| train/                  |               |
|    approx_kl            | 4.1482737e-05 |
|    clip_fraction        | 0             |
|    clip_range           | 0.2           |
|    entropy_loss         | -0.163        |
|    explained_variance   | -1.13e-05     |
|    learning_rate        | 0.0003        |
|    loss                 | 8.92e+04      |
|    n_updates            | 110           |
|    policy_gradient_loss | -0.000846     |
|    value_loss           | 1.92e+05      |
-------------------------------------------
------------------------------------------
| rollout/                |              |
|    ep_len_mean          | 15.2         |
|    ep_rew_mean          | 336          |
| time/                   |              |
|    fps                  | 260          |
|    iterations           | 24           |
|    time_elapsed         | 47           |
|    total_timesteps      | 12288        |
| train/                  |              |
|    approx_kl            | 9.805383e-05 |
|    clip_fraction        | 0            |
|    clip_range           | 0.2          |
|    entropy_loss         | -0.156       |
|    explained_variance   | 3.76e-05     |
|    learning_rate        | 0.0003       |
|    loss                 | 1.13e+05     |
|    n_updates            | 115          |
|    policy_gradient_loss | -0.000527    |
|    value_loss           | 2.13e+05     |
------------------------------------------
-------------------------------------------
| rollout/                |               |
|    ep_len_mean          | 15.6          |
|    ep_rew_mean          | 324           |
| time/                   |               |
|    fps                  | 260           |
|    iterations           | 25            |
|    time_elapsed         | 49            |
|    total_timesteps      | 12800         |
| train/                  |               |
|    approx_kl            | 4.1969586e-05 |
|    clip_fraction        | 0             |
|    clip_range           | 0.2           |
|    entropy_loss         | -0.148        |
|    explained_variance   | 3.17e-05      |
|    learning_rate        | 0.0003        |
|    loss                 | 6.85e+04      |
|    n_updates            | 120           |
|    policy_gradient_loss | -0.000619     |
|    value_loss           | 1.8e+05       |
-------------------------------------------
-----------------------------------------
| rollout/                |             |
|    ep_len_mean          | 16.4        |
|    ep_rew_mean          | 353         |
| time/                   |             |
|    fps                  | 261         |
|    iterations           | 26          |
|    time_elapsed         | 50          |
|    total_timesteps      | 13312       |
| train/                  |             |
|    approx_kl            | 2.61924e-05 |
|    clip_fraction        | 0           |
|    clip_range           | 0.2         |
|    entropy_loss         | -0.144      |
|    explained_variance   | 1.06e-05    |
|    learning_rate        | 0.0003      |
|    loss                 | 7.92e+04    |
|    n_updates            | 125         |
|    policy_gradient_loss | -0.000733   |
|    value_loss           | 1.55e+05    |
-----------------------------------------
-------------------------------------------
| rollout/                |               |
|    ep_len_mean          | 16.4          |
|    ep_rew_mean          | 392           |
| time/                   |               |
|    fps                  | 261           |
|    iterations           | 27            |
|    time_elapsed         | 52            |
|    total_timesteps      | 13824         |
| train/                  |               |
|    approx_kl            | 3.2686745e-05 |
|    clip_fraction        | 0             |
|    clip_range           | 0.2           |
|    entropy_loss         | -0.137        |
|    explained_variance   | -5.6e-06      |
|    learning_rate        | 0.0003        |
|    loss                 | 9.64e+04      |
|    n_updates            | 130           |
|    policy_gradient_loss | -0.000264     |
|    value_loss           | 2.71e+05      |
-------------------------------------------
------------------------------------------
| rollout/                |              |
|    ep_len_mean          | 16.6         |
|    ep_rew_mean          | 404          |
| time/                   |              |
|    fps                  | 261          |
|    iterations           | 28           |
|    time_elapsed         | 54           |
|    total_timesteps      | 14336        |
| train/                  |              |
|    approx_kl            | 9.436603e-05 |
|    clip_fraction        | 0            |
|    clip_range           | 0.2          |
|    entropy_loss         | -0.132       |
|    explained_variance   | 2.1e-05      |
|    learning_rate        | 0.0003       |
|    loss                 | 8.4e+04      |
|    n_updates            | 135          |
|    policy_gradient_loss | -0.00138     |
|    value_loss           | 1.29e+05     |
------------------------------------------
------------------------------------------
| rollout/                |              |
|    ep_len_mean          | 17.3         |
|    ep_rew_mean          | 525          |
| time/                   |              |
|    fps                  | 262          |
|    iterations           | 29           |
|    time_elapsed         | 56           |
|    total_timesteps      | 14848        |
| train/                  |              |
|    approx_kl            | 2.752035e-05 |
|    clip_fraction        | 0            |
|    clip_range           | 0.2          |
|    entropy_loss         | -0.125       |
|    explained_variance   | -2.86e-06    |
|    learning_rate        | 0.0003       |
|    loss                 | 6.71e+04     |
|    n_updates            | 140          |
|    policy_gradient_loss | -0.000598    |
|    value_loss           | 1.83e+05     |
------------------------------------------
------------------------------------------
| rollout/                |              |
|    ep_len_mean          | 17.6         |
|    ep_rew_mean          | 393          |
| time/                   |              |
|    fps                  | 262          |
|    iterations           | 30           |
|    time_elapsed         | 58           |
|    total_timesteps      | 15360        |
| train/                  |              |
|    approx_kl            | 7.489696e-06 |
|    clip_fraction        | 0            |
|    clip_range           | 0.2          |
|    entropy_loss         | -0.122       |
|    explained_variance   | -1.96e-05    |
|    learning_rate        | 0.0003       |
|    loss                 | 9.85e+04     |
|    n_updates            | 145          |
|    policy_gradient_loss | -0.000216    |
|    value_loss           | 2.32e+05     |
------------------------------------------
-------------------------------------------
| rollout/                |               |
|    ep_len_mean          | 18.9          |
|    ep_rew_mean          | 332           |
| time/                   |               |
|    fps                  | 263           |
|    iterations           | 31            |
|    time_elapsed         | 60            |
|    total_timesteps      | 15872         |
| train/                  |               |
|    approx_kl            | 4.3563312e-05 |
|    clip_fraction        | 0             |
|    clip_range           | 0.2           |
|    entropy_loss         | -0.117        |
|    explained_variance   | 2.09e-06      |
|    learning_rate        | 0.0003        |
|    loss                 | 1.5e+05       |
|    n_updates            | 150           |
|    policy_gradient_loss | -2.86e-05     |
|    value_loss           | 3.04e+05      |
-------------------------------------------
-------------------------------------------
| rollout/                |               |
|    ep_len_mean          | 18.7          |
|    ep_rew_mean          | 254           |
| time/                   |               |
|    fps                  | 263           |
|    iterations           | 32            |
|    time_elapsed         | 62            |
|    total_timesteps      | 16384         |
| train/                  |               |
|    approx_kl            | 1.4282879e-05 |
|    clip_fraction        | 0             |
|    clip_range           | 0.2           |
|    entropy_loss         | -0.115        |
|    explained_variance   | -3.46e-06     |
|    learning_rate        | 0.0003        |
|    loss                 | 8.77e+04      |
|    n_updates            | 155           |
|    policy_gradient_loss | -0.000239     |
|    value_loss           | 1.73e+05      |
-------------------------------------------
-------------------------------------------
| rollout/                |               |
|    ep_len_mean          | 18.3          |
|    ep_rew_mean          | 348           |
| time/                   |               |
|    fps                  | 263           |
|    iterations           | 33            |
|    time_elapsed         | 64            |
|    total_timesteps      | 16896         |
| train/                  |               |
|    approx_kl            | 1.5494763e-05 |
|    clip_fraction        | 0             |
|    clip_range           | 0.2           |
|    entropy_loss         | -0.111        |
|    explained_variance   | 1.18e-05      |
|    learning_rate        | 0.0003        |
|    loss                 | 1.17e+05      |
|    n_updates            | 160           |
|    policy_gradient_loss | -0.000203     |
|    value_loss           | 2.59e+05      |
-------------------------------------------
-------------------------------------------
| rollout/                |               |
|    ep_len_mean          | 17.9          |
|    ep_rew_mean          | 357           |
| time/                   |               |
|    fps                  | 263           |
|    iterations           | 34            |
|    time_elapsed         | 66            |
|    total_timesteps      | 17408         |
| train/                  |               |
|    approx_kl            | 1.7011422e-05 |
|    clip_fraction        | 0             |
|    clip_range           | 0.2           |
|    entropy_loss         | -0.107        |
|    explained_variance   | 8.94e-06      |
|    learning_rate        | 0.0003        |
|    loss                 | 8.51e+04      |
|    n_updates            | 165           |
|    policy_gradient_loss | -0.000318     |
|    value_loss           | 1.95e+05      |
-------------------------------------------
------------------------------------------
| rollout/                |              |
|    ep_len_mean          | 18.2         |
|    ep_rew_mean          | 348          |
| time/                   |              |
|    fps                  | 263          |
|    iterations           | 35           |
|    time_elapsed         | 67           |
|    total_timesteps      | 17920        |
| train/                  |              |
|    approx_kl            | 8.079922e-06 |
|    clip_fraction        | 0            |
|    clip_range           | 0.2          |
|    entropy_loss         | -0.104       |
|    explained_variance   | 1.3e-05      |
|    learning_rate        | 0.0003       |
|    loss                 | 9.28e+04     |
|    n_updates            | 170          |
|    policy_gradient_loss | -0.000192    |
|    value_loss           | 1.97e+05     |
------------------------------------------
-------------------------------------------
| rollout/                |               |
|    ep_len_mean          | 18.1          |
|    ep_rew_mean          | 400           |
| time/                   |               |
|    fps                  | 264           |
|    iterations           | 36            |
|    time_elapsed         | 69            |
|    total_timesteps      | 18432         |
| train/                  |               |
|    approx_kl            | 1.1513825e-05 |
|    clip_fraction        | 0             |
|    clip_range           | 0.2           |
|    entropy_loss         | -0.102        |
|    explained_variance   | 1.75e-05      |
|    learning_rate        | 0.0003        |
|    loss                 | 6.76e+04      |
|    n_updates            | 175           |
|    policy_gradient_loss | -0.000162     |
|    value_loss           | 1.88e+05      |
-------------------------------------------
------------------------------------------
| rollout/                |              |
|    ep_len_mean          | 18           |
|    ep_rew_mean          | 426          |
| time/                   |              |
|    fps                  | 264          |
|    iterations           | 37           |
|    time_elapsed         | 71           |
|    total_timesteps      | 18944        |
| train/                  |              |
|    approx_kl            | 4.060485e-05 |
|    clip_fraction        | 0            |
|    clip_range           | 0.2          |
|    entropy_loss         | -0.0972      |
|    explained_variance   | -9.3e-06     |
|    learning_rate        | 0.0003       |
|    loss                 | 6.25e+04     |
|    n_updates            | 180          |
|    policy_gradient_loss | -0.000646    |
|    value_loss           | 1.46e+05     |
------------------------------------------
-------------------------------------------
| rollout/                |               |
|    ep_len_mean          | 18.6          |
|    ep_rew_mean          | 432           |
| time/                   |               |
|    fps                  | 264           |
|    iterations           | 38            |
|    time_elapsed         | 73            |
|    total_timesteps      | 19456         |
| train/                  |               |
|    approx_kl            | 1.6672071e-05 |
|    clip_fraction        | 0             |
|    clip_range           | 0.2           |
|    entropy_loss         | -0.0938       |
|    explained_variance   | -1.43e-05     |
|    learning_rate        | 0.0003        |
|    loss                 | 8.04e+04      |
|    n_updates            | 185           |
|    policy_gradient_loss | -0.000463     |
|    value_loss           | 1.61e+05      |
-------------------------------------------
-------------------------------------------
| rollout/                |               |
|    ep_len_mean          | 19            |
|    ep_rew_mean          | 526           |
| time/                   |               |
|    fps                  | 265           |
|    iterations           | 39            |
|    time_elapsed         | 75            |
|    total_timesteps      | 19968         |
| train/                  |               |
|    approx_kl            | 7.5107673e-06 |
|    clip_fraction        | 0             |
|    clip_range           | 0.2           |
|    entropy_loss         | -0.0908       |
|    explained_variance   | -7.39e-06     |
|    learning_rate        | 0.0003        |
|    loss                 | 7.15e+04      |
|    n_updates            | 190           |
|    policy_gradient_loss | -0.000164     |
|    value_loss           | 1.47e+05      |
-------------------------------------------
------------------------------------------
| rollout/                |              |
|    ep_len_mean          | 19.2         |
|    ep_rew_mean          | 505          |
| time/                   |              |
|    fps                  | 265          |
|    iterations           | 40           |
|    time_elapsed         | 77           |
|    total_timesteps      | 20480        |
| train/                  |              |
|    approx_kl            | 5.940674e-07 |
|    clip_fraction        | 0            |
|    clip_range           | 0.2          |
|    entropy_loss         | -0.0884      |
|    explained_variance   | -1.43e-06    |
|    learning_rate        | 0.0003       |
|    loss                 | 9.65e+04     |
|    n_updates            | 195          |
|    policy_gradient_loss | -3.78e-05    |
|    value_loss           | 2.33e+05     |
------------------------------------------
------------------------------------------
| rollout/                |              |
|    ep_len_mean          | 19.1         |
|    ep_rew_mean          | 494          |
| time/                   |              |
|    fps                  | 265          |
|    iterations           | 41           |
|    time_elapsed         | 79           |
|    total_timesteps      | 20992        |
| train/                  |              |
|    approx_kl            | 1.069915e-05 |
|    clip_fraction        | 0            |
|    clip_range           | 0.2          |
|    entropy_loss         | -0.087       |
|    explained_variance   | 1.37e-06     |
|    learning_rate        | 0.0003       |
|    loss                 | 1.06e+05     |
|    n_updates            | 200          |
|    policy_gradient_loss | -0.000148    |
|    value_loss           | 2.27e+05     |
------------------------------------------
-------------------------------------------
| rollout/                |               |
|    ep_len_mean          | 20.6          |
|    ep_rew_mean          | 522           |
| time/                   |               |
|    fps                  | 266           |
|    iterations           | 42            |
|    time_elapsed         | 80            |
|    total_timesteps      | 21504         |
| train/                  |               |
|    approx_kl            | 5.9877057e-06 |
|    clip_fraction        | 0             |
|    clip_range           | 0.2           |
|    entropy_loss         | -0.0845       |
|    explained_variance   | -1.67e-05     |
|    learning_rate        | 0.0003        |
|    loss                 | 6.51e+04      |
|    n_updates            | 205           |
|    policy_gradient_loss | -0.000247     |
|    value_loss           | 1.47e+05      |
-------------------------------------------
-------------------------------------------
| rollout/                |               |
|    ep_len_mean          | 20.1          |
|    ep_rew_mean          | 490           |
| time/                   |               |
|    fps                  | 266           |
|    iterations           | 43            |
|    time_elapsed         | 82            |
|    total_timesteps      | 22016         |
| train/                  |               |
|    approx_kl            | 7.4796844e-07 |
|    clip_fraction        | 0             |
|    clip_range           | 0.2           |
|    entropy_loss         | -0.0825       |
|    explained_variance   | -2.86e-06     |
|    learning_rate        | 0.0003        |
|    loss                 | 1.1e+05       |
|    n_updates            | 210           |
|    policy_gradient_loss | -2.88e-05     |
|    value_loss           | 2.44e+05      |
-------------------------------------------
-------------------------------------------
| rollout/                |               |
|    ep_len_mean          | 21.6          |
|    ep_rew_mean          | 548           |
| time/                   |               |
|    fps                  | 266           |
|    iterations           | 44            |
|    time_elapsed         | 84            |
|    total_timesteps      | 22528         |
| train/                  |               |
|    approx_kl            | 1.9510393e-05 |
|    clip_fraction        | 0             |
|    clip_range           | 0.2           |
|    entropy_loss         | -0.0808       |
|    explained_variance   | -1.55e-06     |
|    learning_rate        | 0.0003        |
|    loss                 | 9.24e+04      |
|    n_updates            | 215           |
|    policy_gradient_loss | -0.000284     |
|    value_loss           | 1.73e+05      |
-------------------------------------------
------------------------------------------
| rollout/                |              |
|    ep_len_mean          | 22.5         |
|    ep_rew_mean          | 576          |
| time/                   |              |
|    fps                  | 266          |
|    iterations           | 45           |
|    time_elapsed         | 86           |
|    total_timesteps      | 23040        |
| train/                  |              |
|    approx_kl            | 8.001225e-06 |
|    clip_fraction        | 0            |
|    clip_range           | 0.2          |
|    entropy_loss         | -0.077       |
|    explained_variance   | -6.2e-06     |
|    learning_rate        | 0.0003       |
|    loss                 | 1.04e+05     |
|    n_updates            | 220          |
|    policy_gradient_loss | -0.000236    |
|    value_loss           | 1.87e+05     |
------------------------------------------
------------------------------------------
| rollout/                |              |
|    ep_len_mean          | 23.1         |
|    ep_rew_mean          | 542          |
| time/                   |              |
|    fps                  | 266          |
|    iterations           | 46           |
|    time_elapsed         | 88           |
|    total_timesteps      | 23552        |
| train/                  |              |
|    approx_kl            | 2.515968e-06 |
|    clip_fraction        | 0            |
|    clip_range           | 0.2          |
|    entropy_loss         | -0.0774      |
|    explained_variance   | 4.17e-07     |
|    learning_rate        | 0.0003       |
|    loss                 | 9.26e+04     |
|    n_updates            | 225          |
|    policy_gradient_loss | -0.000102    |
|    value_loss           | 1.89e+05     |
------------------------------------------
-------------------------------------------
| rollout/                |               |
|    ep_len_mean          | 22.4          |
|    ep_rew_mean          | 604           |
| time/                   |               |
|    fps                  | 266           |
|    iterations           | 47            |
|    time_elapsed         | 90            |
|    total_timesteps      | 24064         |
| train/                  |               |
|    approx_kl            | 1.0334188e-06 |
|    clip_fraction        | 0             |
|    clip_range           | 0.2           |
|    entropy_loss         | -0.076        |
|    explained_variance   | 1.43e-06      |
|    learning_rate        | 0.0003        |
|    loss                 | 1.02e+05      |
|    n_updates            | 230           |
|    policy_gradient_loss | -4.86e-05     |
|    value_loss           | 2.47e+05      |
-------------------------------------------
-------------------------------------------
| rollout/                |               |
|    ep_len_mean          | 21.2          |
|    ep_rew_mean          | 634           |
| time/                   |               |
|    fps                  | 267           |
|    iterations           | 48            |
|    time_elapsed         | 92            |
|    total_timesteps      | 24576         |
| train/                  |               |
|    approx_kl            | 2.8531067e-06 |
|    clip_fraction        | 0             |
|    clip_range           | 0.2           |
|    entropy_loss         | -0.0748       |
|    explained_variance   | -1.38e-05     |
|    learning_rate        | 0.0003        |
|    loss                 | 6.81e+04      |
|    n_updates            | 235           |
|    policy_gradient_loss | -0.000152     |
|    value_loss           | 1.65e+05      |
-------------------------------------------
-------------------------------------------
| rollout/                |               |
|    ep_len_mean          | 20.9          |
|    ep_rew_mean          | 563           |
| time/                   |               |
|    fps                  | 267           |
|    iterations           | 49            |
|    time_elapsed         | 93            |
|    total_timesteps      | 25088         |
| train/                  |               |
|    approx_kl            | 1.3808487e-05 |
|    clip_fraction        | 0             |
|    clip_range           | 0.2           |
|    entropy_loss         | -0.0711       |
|    explained_variance   | -1.79e-06     |
|    learning_rate        | 0.0003        |
|    loss                 | 7.08e+04      |
|    n_updates            | 240           |
|    policy_gradient_loss | -0.000328     |
|    value_loss           | 1.53e+05      |
-------------------------------------------
-------------------------------------------
| rollout/                |               |
|    ep_len_mean          | 21.4          |
|    ep_rew_mean          | 644           |
| time/                   |               |
|    fps                  | 267           |
|    iterations           | 50            |
|    time_elapsed         | 95            |
|    total_timesteps      | 25600         |
| train/                  |               |
|    approx_kl            | 1.0839198e-05 |
|    clip_fraction        | 0             |
|    clip_range           | 0.2           |
|    entropy_loss         | -0.0701       |
|    explained_variance   | 1.19e-07      |
|    learning_rate        | 0.0003        |
|    loss                 | 1.79e+05      |
|    n_updates            | 245           |
|    policy_gradient_loss | -0.000131     |
|    value_loss           | 2.93e+05      |
-------------------------------------------
-------------------------------------------
| rollout/                |               |
|    ep_len_mean          | 20.7          |
|    ep_rew_mean          | 570           |
| time/                   |               |
|    fps                  | 267           |
|    iterations           | 51            |
|    time_elapsed         | 97            |
|    total_timesteps      | 26112         |
| train/                  |               |
|    approx_kl            | 2.9673101e-06 |
|    clip_fraction        | 0             |
|    clip_range           | 0.2           |
|    entropy_loss         | -0.0673       |
|    explained_variance   | -1.92e-05     |
|    learning_rate        | 0.0003        |
|    loss                 | 8.95e+04      |
|    n_updates            | 250           |
|    policy_gradient_loss | -0.000149     |
|    value_loss           | 1.8e+05       |
-------------------------------------------
-------------------------------------------
| rollout/                |               |
|    ep_len_mean          | 21.1          |
|    ep_rew_mean          | 622           |
| time/                   |               |
|    fps                  | 267           |
|    iterations           | 52            |
|    time_elapsed         | 99            |
|    total_timesteps      | 26624         |
| train/                  |               |
|    approx_kl            | 4.8195943e-06 |
|    clip_fraction        | 0             |
|    clip_range           | 0.2           |
|    entropy_loss         | -0.0653       |
|    explained_variance   | -3.7e-06      |
|    learning_rate        | 0.0003        |
|    loss                 | 7.88e+04      |
|    n_updates            | 255           |
|    policy_gradient_loss | -0.000101     |
|    value_loss           | 1.72e+05      |
-------------------------------------------
-------------------------------------------
| rollout/                |               |
|    ep_len_mean          | 21.3          |
|    ep_rew_mean          | 655           |
| time/                   |               |
|    fps                  | 267           |
|    iterations           | 53            |
|    time_elapsed         | 101           |
|    total_timesteps      | 27136         |
| train/                  |               |
|    approx_kl            | 1.1471566e-06 |
|    clip_fraction        | 0             |
|    clip_range           | 0.2           |
|    entropy_loss         | -0.0632       |
|    explained_variance   | -3.1e-06      |
|    learning_rate        | 0.0003        |
|    loss                 | 1.79e+05      |
|    n_updates            | 260           |
|    policy_gradient_loss | -5.45e-05     |
|    value_loss           | 3.51e+05      |
-------------------------------------------
-------------------------------------------
| rollout/                |               |
|    ep_len_mean          | 21.4          |
|    ep_rew_mean          | 492           |
| time/                   |               |
|    fps                  | 268           |
|    iterations           | 54            |
|    time_elapsed         | 103           |
|    total_timesteps      | 27648         |
| train/                  |               |
|    approx_kl            | 5.8680307e-06 |
|    clip_fraction        | 0             |
|    clip_range           | 0.2           |
|    entropy_loss         | -0.0636       |
|    explained_variance   | -1.67e-06     |
|    learning_rate        | 0.0003        |
|    loss                 | 1.05e+05      |
|    n_updates            | 265           |
|    policy_gradient_loss | -0.000173     |
|    value_loss           | 2.02e+05      |
-------------------------------------------
-------------------------------------------
| rollout/                |               |
|    ep_len_mean          | 22.1          |
|    ep_rew_mean          | 419           |
| time/                   |               |
|    fps                  | 268           |
|    iterations           | 55            |
|    time_elapsed         | 104           |
|    total_timesteps      | 28160         |
| train/                  |               |
|    approx_kl            | 1.3490906e-05 |
|    clip_fraction        | 0             |
|    clip_range           | 0.2           |
|    entropy_loss         | -0.0609       |
|    explained_variance   | -7.15e-07     |
|    learning_rate        | 0.0003        |
|    loss                 | 1.36e+05      |
|    n_updates            | 270           |
|    policy_gradient_loss | -0.00013      |
|    value_loss           | 2.75e+05      |
-------------------------------------------
------------------------------------------
| rollout/                |              |
|    ep_len_mean          | 22.8         |
|    ep_rew_mean          | 391          |
| time/                   |              |
|    fps                  | 268          |
|    iterations           | 56           |
|    time_elapsed         | 106          |
|    total_timesteps      | 28672        |
| train/                  |              |
|    approx_kl            | 1.952285e-07 |
|    clip_fraction        | 0            |
|    clip_range           | 0.2          |
|    entropy_loss         | -0.0601      |
|    explained_variance   | 3.58e-06     |
|    learning_rate        | 0.0003       |
|    loss                 | 1.79e+05     |
|    n_updates            | 275          |
|    policy_gradient_loss | -2.1e-06     |
|    value_loss           | 2.81e+05     |
------------------------------------------
-------------------------------------------
| rollout/                |               |
|    ep_len_mean          | 23.2          |
|    ep_rew_mean          | 388           |
| time/                   |               |
|    fps                  | 268           |
|    iterations           | 57            |
|    time_elapsed         | 108           |
|    total_timesteps      | 29184         |
| train/                  |               |
|    approx_kl            | 1.8975697e-08 |
|    clip_fraction        | 0             |
|    clip_range           | 0.2           |
|    entropy_loss         | -0.0601       |
|    explained_variance   | 1.49e-06      |
|    learning_rate        | 0.0003        |
|    loss                 | 1.27e+05      |
|    n_updates            | 280           |
|    policy_gradient_loss | -3.17e-06     |
|    value_loss           | 3.61e+05      |
-------------------------------------------
-------------------------------------------
| rollout/                |               |
|    ep_len_mean          | 22.9          |
|    ep_rew_mean          | 467           |
| time/                   |               |
|    fps                  | 268           |
|    iterations           | 58            |
|    time_elapsed         | 110           |
|    total_timesteps      | 29696         |
| train/                  |               |
|    approx_kl            | 2.9128278e-06 |
|    clip_fraction        | 0             |
|    clip_range           | 0.2           |
|    entropy_loss         | -0.0593       |
|    explained_variance   | 9.54e-07      |
|    learning_rate        | 0.0003        |
|    loss                 | 8.76e+04      |
|    n_updates            | 285           |
|    policy_gradient_loss | -6.56e-05     |
|    value_loss           | 2.74e+05      |
-------------------------------------------
------------------------------------------
| rollout/                |              |
|    ep_len_mean          | 22.9         |
|    ep_rew_mean          | 430          |
| time/                   |              |
|    fps                  | 268          |
|    iterations           | 59           |
|    time_elapsed         | 112          |
|    total_timesteps      | 30208        |
| train/                  |              |
|    approx_kl            | 9.946525e-07 |
|    clip_fraction        | 0            |
|    clip_range           | 0.2          |
|    entropy_loss         | -0.0581      |
|    explained_variance   | -2.15e-06    |
|    learning_rate        | 0.0003       |
|    loss                 | 1.19e+05     |
|    n_updates            | 290          |
|    policy_gradient_loss | -6.17e-05    |
|    value_loss           | 2.32e+05     |
------------------------------------------
-------------------------------------------
| rollout/                |               |
|    ep_len_mean          | 23.5          |
|    ep_rew_mean          | 472           |
| time/                   |               |
|    fps                  | 268           |
|    iterations           | 60            |
|    time_elapsed         | 114           |
|    total_timesteps      | 30720         |
| train/                  |               |
|    approx_kl            | 0.00024048518 |
|    clip_fraction        | 0             |
|    clip_range           | 0.2           |
|    entropy_loss         | -0.0505       |
|    explained_variance   | 3.1e-06       |
|    learning_rate        | 0.0003        |
|    loss                 | 1.88e+05      |
|    n_updates            | 295           |
|    policy_gradient_loss | -0.000357     |
|    value_loss           | 2.93e+05      |
-------------------------------------------
-------------------------------------------
| rollout/                |               |
|    ep_len_mean          | 23            |
|    ep_rew_mean          | 544           |
| time/                   |               |
|    fps                  | 269           |
|    iterations           | 61            |
|    time_elapsed         | 116           |
|    total_timesteps      | 31232         |
| train/                  |               |
|    approx_kl            | 1.2211967e-06 |
|    clip_fraction        | 0             |
|    clip_range           | 0.2           |
|    entropy_loss         | -0.0489       |
|    explained_variance   | -4.53e-06     |
|    learning_rate        | 0.0003        |
|    loss                 | 1.32e+05      |
|    n_updates            | 300           |
|    policy_gradient_loss | -5.77e-05     |
|    value_loss           | 2.44e+05      |
-------------------------------------------
-------------------------------------------
| rollout/                |               |
|    ep_len_mean          | 22.2          |
|    ep_rew_mean          | 540           |
| time/                   |               |
|    fps                  | 269           |
|    iterations           | 62            |
|    time_elapsed         | 117           |
|    total_timesteps      | 31744         |
| train/                  |               |
|    approx_kl            | 2.1348242e-06 |
|    clip_fraction        | 0             |
|    clip_range           | 0.2           |
|    entropy_loss         | -0.0475       |
|    explained_variance   | -9.54e-07     |
|    learning_rate        | 0.0003        |
|    loss                 | 1.5e+05       |
|    n_updates            | 305           |
|    policy_gradient_loss | -7.04e-05     |
|    value_loss           | 2.82e+05      |
-------------------------------------------
-------------------------------------------
| rollout/                |               |
|    ep_len_mean          | 22.5          |
|    ep_rew_mean          | 624           |
| time/                   |               |
|    fps                  | 269           |
|    iterations           | 63            |
|    time_elapsed         | 119           |
|    total_timesteps      | 32256         |
| train/                  |               |
|    approx_kl            | 2.2640452e-06 |
|    clip_fraction        | 0             |
|    clip_range           | 0.2           |
|    entropy_loss         | -0.0472       |
|    explained_variance   | -5.25e-06     |
|    learning_rate        | 0.0003        |
|    loss                 | 7.62e+04      |
|    n_updates            | 310           |
|    policy_gradient_loss | -0.000108     |
|    value_loss           | 1.55e+05      |
-------------------------------------------
------------------------------------------
| rollout/                |              |
|    ep_len_mean          | 22.2         |
|    ep_rew_mean          | 695          |
| time/                   |              |
|    fps                  | 269          |
|    iterations           | 64           |
|    time_elapsed         | 121          |
|    total_timesteps      | 32768        |
| train/                  |              |
|    approx_kl            | 8.401694e-07 |
|    clip_fraction        | 0            |
|    clip_range           | 0.2          |
|    entropy_loss         | -0.0463      |
|    explained_variance   | -5.84e-06    |
|    learning_rate        | 0.0003       |
|    loss                 | 1.15e+05     |
|    n_updates            | 315          |
|    policy_gradient_loss | -5.74e-05    |
|    value_loss           | 2.11e+05     |
------------------------------------------
-------------------------------------------
| rollout/                |               |
|    ep_len_mean          | 21.8          |
|    ep_rew_mean          | 650           |
| time/                   |               |
|    fps                  | 269           |
|    iterations           | 65            |
|    time_elapsed         | 123           |
|    total_timesteps      | 33280         |
| train/                  |               |
|    approx_kl            | 5.0803646e-07 |
|    clip_fraction        | 0             |
|    clip_range           | 0.2           |
|    entropy_loss         | -0.0458       |
|    explained_variance   | 2.09e-06      |
|    learning_rate        | 0.0003        |
|    loss                 | 1.61e+05      |
|    n_updates            | 320           |
|    policy_gradient_loss | -3.18e-05     |
|    value_loss           | 3.22e+05      |
-------------------------------------------
-------------------------------------------
| rollout/                |               |
|    ep_len_mean          | 22.7          |
|    ep_rew_mean          | 557           |
| time/                   |               |
|    fps                  | 269           |
|    iterations           | 66            |
|    time_elapsed         | 125           |
|    total_timesteps      | 33792         |
| train/                  |               |
|    approx_kl            | 2.7311035e-06 |
|    clip_fraction        | 0             |
|    clip_range           | 0.2           |
|    entropy_loss         | -0.0445       |
|    explained_variance   | 7.15e-07      |
|    learning_rate        | 0.0003        |
|    loss                 | 1.34e+05      |
|    n_updates            | 325           |
|    policy_gradient_loss | -5.28e-05     |
|    value_loss           | 2.47e+05      |
-------------------------------------------
------------------------------------------
| rollout/                |              |
|    ep_len_mean          | 22.7         |
|    ep_rew_mean          | 512          |
| time/                   |              |
|    fps                  | 269          |
|    iterations           | 67           |
|    time_elapsed         | 127          |
|    total_timesteps      | 34304        |
| train/                  |              |
|    approx_kl            | 4.644855e-06 |
|    clip_fraction        | 0            |
|    clip_range           | 0.2          |
|    entropy_loss         | -0.0434      |
|    explained_variance   | 1.73e-06     |
|    learning_rate        | 0.0003       |
|    loss                 | 1.11e+05     |
|    n_updates            | 330          |
|    policy_gradient_loss | -7.4e-05     |
|    value_loss           | 2.12e+05     |
------------------------------------------
------------------------------------------
| rollout/                |              |
|    ep_len_mean          | 22.7         |
|    ep_rew_mean          | 448          |
| time/                   |              |
|    fps                  | 268          |
|    iterations           | 68           |
|    time_elapsed         | 129          |
|    total_timesteps      | 34816        |
| train/                  |              |
|    approx_kl            | 6.347429e-06 |
|    clip_fraction        | 0            |
|    clip_range           | 0.2          |
|    entropy_loss         | -0.0426      |
|    explained_variance   | 2.15e-06     |
|    learning_rate        | 0.0003       |
|    loss                 | 1.28e+05     |
|    n_updates            | 335          |
|    policy_gradient_loss | -0.000138    |
|    value_loss           | 2.27e+05     |
------------------------------------------
------------------------------------------
| rollout/                |              |
|    ep_len_mean          | 22.2         |
|    ep_rew_mean          | 435          |
| time/                   |              |
|    fps                  | 269          |
|    iterations           | 69           |
|    time_elapsed         | 131          |
|    total_timesteps      | 35328        |
| train/                  |              |
|    approx_kl            | 7.454073e-07 |
|    clip_fraction        | 0            |
|    clip_range           | 0.2          |
|    entropy_loss         | -0.0413      |
|    explained_variance   | -1.19e-06    |
|    learning_rate        | 0.0003       |
|    loss                 | 8.69e+04     |
|    n_updates            | 340          |
|    policy_gradient_loss | -4.27e-05    |
|    value_loss           | 2.07e+05     |
------------------------------------------
------------------------------------------
| rollout/                |              |
|    ep_len_mean          | 22.1         |
|    ep_rew_mean          | 460          |
| time/                   |              |
|    fps                  | 269          |
|    iterations           | 70           |
|    time_elapsed         | 133          |
|    total_timesteps      | 35840        |
| train/                  |              |
|    approx_kl            | 3.280118e-06 |
|    clip_fraction        | 0            |
|    clip_range           | 0.2          |
|    entropy_loss         | -0.0412      |
|    explained_variance   | 1.01e-06     |
|    learning_rate        | 0.0003       |
|    loss                 | 1.94e+05     |
|    n_updates            | 345          |
|    policy_gradient_loss | -7.2e-05     |
|    value_loss           | 3.08e+05     |
------------------------------------------
-------------------------------------------
| rollout/                |               |
|    ep_len_mean          | 22.5          |
|    ep_rew_mean          | 516           |
| time/                   |               |
|    fps                  | 269           |
|    iterations           | 71            |
|    time_elapsed         | 134           |
|    total_timesteps      | 36352         |
| train/                  |               |
|    approx_kl            | 2.7889619e-06 |
|    clip_fraction        | 0             |
|    clip_range           | 0.2           |
|    entropy_loss         | -0.0403       |
|    explained_variance   | 2.68e-06      |
|    learning_rate        | 0.0003        |
|    loss                 | 1.46e+05      |
|    n_updates            | 350           |
|    policy_gradient_loss | -1.33e-06     |
|    value_loss           | 2.81e+05      |
-------------------------------------------
-------------------------------------------
| rollout/                |               |
|    ep_len_mean          | 22.5          |
|    ep_rew_mean          | 472           |
| time/                   |               |
|    fps                  | 269           |
|    iterations           | 72            |
|    time_elapsed         | 136           |
|    total_timesteps      | 36864         |
| train/                  |               |
|    approx_kl            | 4.9953815e-07 |
|    clip_fraction        | 0             |
|    clip_range           | 0.2           |
|    entropy_loss         | -0.0415       |
|    explained_variance   | 1.79e-06      |
|    learning_rate        | 0.0003        |
|    loss                 | 1.42e+05      |
|    n_updates            | 355           |
|    policy_gradient_loss | 1.05e-05      |
|    value_loss           | 2.61e+05      |
-------------------------------------------
-------------------------------------------
| rollout/                |               |
|    ep_len_mean          | 22.5          |
|    ep_rew_mean          | 355           |
| time/                   |               |
|    fps                  | 269           |
|    iterations           | 73            |
|    time_elapsed         | 138           |
|    total_timesteps      | 37376         |
| train/                  |               |
|    approx_kl            | 2.1769665e-08 |
|    clip_fraction        | 0             |
|    clip_range           | 0.2           |
|    entropy_loss         | -0.042        |
|    explained_variance   | 1.07e-06      |
|    learning_rate        | 0.0003        |
|    loss                 | 1.41e+05      |
|    n_updates            | 360           |
|    policy_gradient_loss | 3.42e-06      |
|    value_loss           | 2.4e+05       |
-------------------------------------------
------------------------------------------
| rollout/                |              |
|    ep_len_mean          | 22.1         |
|    ep_rew_mean          | 351          |
| time/                   |              |
|    fps                  | 269          |
|    iterations           | 74           |
|    time_elapsed         | 140          |
|    total_timesteps      | 37888        |
| train/                  |              |
|    approx_kl            | 3.320165e-07 |
|    clip_fraction        | 0            |
|    clip_range           | 0.2          |
|    entropy_loss         | -0.0426      |
|    explained_variance   | 8.46e-06     |
|    learning_rate        | 0.0003       |
|    loss                 | 2.12e+05     |
|    n_updates            | 365          |
|    policy_gradient_loss | -3.67e-07    |
|    value_loss           | 3.98e+05     |
------------------------------------------
----------------------------------------
| rollout/                |            |
|    ep_len_mean          | 22.4       |
|    ep_rew_mean          | 445        |
| time/                   |            |
|    fps                  | 269        |
|    iterations           | 75         |
|    time_elapsed         | 142        |
|    total_timesteps      | 38400      |
| train/                  |            |
|    approx_kl            | 4.2381e-06 |
|    clip_fraction        | 0          |
|    clip_range           | 0.2        |
|    entropy_loss         | -0.0412    |
|    explained_variance   | 5.79e-05   |
|    learning_rate        | 0.0003     |
|    loss                 | 1.12e+05   |
|    n_updates            | 370        |
|    policy_gradient_loss | -6.17e-05  |
|    value_loss           | 2.11e+05   |
----------------------------------------
---------------------------------------
| rollout/                |           |
|    ep_len_mean          | 22.1      |
|    ep_rew_mean          | 426       |
| time/                   |           |
|    fps                  | 269       |
|    iterations           | 76        |
|    time_elapsed         | 144       |
|    total_timesteps      | 38912     |
| train/                  |           |
|    approx_kl            | 0.0       |
|    clip_fraction        | 0         |
|    clip_range           | 0.2       |
|    entropy_loss         | -0.0405   |
|    explained_variance   | -7.08e-05 |
|    learning_rate        | 0.0003    |
|    loss                 | 1.1e+05   |
|    n_updates            | 375       |
|    policy_gradient_loss | 6.15e-07  |
|    value_loss           | 2.31e+05  |
---------------------------------------
-------------------------------------------
| rollout/                |               |
|    ep_len_mean          | 23.1          |
|    ep_rew_mean          | 521           |
| time/                   |               |
|    fps                  | 269           |
|    iterations           | 77            |
|    time_elapsed         | 146           |
|    total_timesteps      | 39424         |
| train/                  |               |
|    approx_kl            | 2.6333146e-07 |
|    clip_fraction        | 0             |
|    clip_range           | 0.2           |
|    entropy_loss         | -0.0403       |
|    explained_variance   | -1.16e-05     |
|    learning_rate        | 0.0003        |
|    loss                 | 1.05e+05      |
|    n_updates            | 380           |
|    policy_gradient_loss | -1.19e-05     |
|    value_loss           | 1.54e+05      |
-------------------------------------------
-------------------------------------------
| rollout/                |               |
|    ep_len_mean          | 23.3          |
|    ep_rew_mean          | 619           |
| time/                   |               |
|    fps                  | 269           |
|    iterations           | 78            |
|    time_elapsed         | 148           |
|    total_timesteps      | 39936         |
| train/                  |               |
|    approx_kl            | 2.5889603e-06 |
|    clip_fraction        | 0             |
|    clip_range           | 0.2           |
|    entropy_loss         | -0.0393       |
|    explained_variance   | 4.41e-06      |
|    learning_rate        | 0.0003        |
|    loss                 | 1.13e+05      |
|    n_updates            | 385           |
|    policy_gradient_loss | -0.000138     |
|    value_loss           | 2.31e+05      |
-------------------------------------------
------------------------------------------
| rollout/                |              |
|    ep_len_mean          | 23.5         |
|    ep_rew_mean          | 614          |
| time/                   |              |
|    fps                  | 269          |
|    iterations           | 79           |
|    time_elapsed         | 149          |
|    total_timesteps      | 40448        |
| train/                  |              |
|    approx_kl            | 3.306195e-08 |
|    clip_fraction        | 0            |
|    clip_range           | 0.2          |
|    entropy_loss         | -0.0391      |
|    explained_variance   | 1.44e-05     |
|    learning_rate        | 0.0003       |
|    loss                 | 1.06e+05     |
|    n_updates            | 390          |
|    policy_gradient_loss | -4.8e-06     |
|    value_loss           | 2.66e+05     |
------------------------------------------
------------------------------------------
| rollout/                |              |
|    ep_len_mean          | 22.5         |
|    ep_rew_mean          | 516          |
| time/                   |              |
|    fps                  | 269          |
|    iterations           | 80           |
|    time_elapsed         | 151          |
|    total_timesteps      | 40960        |
| train/                  |              |
|    approx_kl            | 9.313226e-09 |
|    clip_fraction        | 0            |
|    clip_range           | 0.2          |
|    entropy_loss         | -0.0385      |
|    explained_variance   | 4.59e-06     |
|    learning_rate        | 0.0003       |
|    loss                 | 1.32e+05     |
|    n_updates            | 395          |
|    policy_gradient_loss | 5.96e-07     |
|    value_loss           | 2.15e+05     |
------------------------------------------
-------------------------------------------
| rollout/                |               |
|    ep_len_mean          | 21.8          |
|    ep_rew_mean          | 523           |
| time/                   |               |
|    fps                  | 269           |
|    iterations           | 81            |
|    time_elapsed         | 153           |
|    total_timesteps      | 41472         |
| train/                  |               |
|    approx_kl            | 3.4540426e-06 |
|    clip_fraction        | 0             |
|    clip_range           | 0.2           |
|    entropy_loss         | -0.0379       |
|    explained_variance   | 2.38e-06      |
|    learning_rate        | 0.0003        |
|    loss                 | 1.11e+05      |
|    n_updates            | 400           |
|    policy_gradient_loss | -7.17e-05     |
|    value_loss           | 1.88e+05      |
-------------------------------------------
-------------------------------------------
| rollout/                |               |
|    ep_len_mean          | 22.1          |
|    ep_rew_mean          | 512           |
| time/                   |               |
|    fps                  | 269           |
|    iterations           | 82            |
|    time_elapsed         | 155           |
|    total_timesteps      | 41984         |
| train/                  |               |
|    approx_kl            | 9.0920366e-07 |
|    clip_fraction        | 0             |
|    clip_range           | 0.2           |
|    entropy_loss         | -0.0371       |
|    explained_variance   | 2.03e-06      |
|    learning_rate        | 0.0003        |
|    loss                 | 8.68e+04      |
|    n_updates            | 405           |
|    policy_gradient_loss | -4.06e-05     |
|    value_loss           | 2.01e+05      |
-------------------------------------------
-------------------------------------------
| rollout/                |               |
|    ep_len_mean          | 22.6          |
|    ep_rew_mean          | 432           |
| time/                   |               |
|    fps                  | 269           |
|    iterations           | 83            |
|    time_elapsed         | 157           |
|    total_timesteps      | 42496         |
| train/                  |               |
|    approx_kl            | 2.4877954e-07 |
|    clip_fraction        | 0             |
|    clip_range           | 0.2           |
|    entropy_loss         | -0.0371       |
|    explained_variance   | 2.44e-06      |
|    learning_rate        | 0.0003        |
|    loss                 | 1.28e+05      |
|    n_updates            | 410           |
|    policy_gradient_loss | -1.7e-05      |
|    value_loss           | 2.66e+05      |
-------------------------------------------
-------------------------------------------
| rollout/                |               |
|    ep_len_mean          | 23            |
|    ep_rew_mean          | 397           |
| time/                   |               |
|    fps                  | 269           |
|    iterations           | 84            |
|    time_elapsed         | 159           |
|    total_timesteps      | 43008         |
| train/                  |               |
|    approx_kl            | 1.1641532e-08 |
|    clip_fraction        | 0             |
|    clip_range           | 0.2           |
|    entropy_loss         | -0.0369       |
|    explained_variance   | 7.57e-06      |
|    learning_rate        | 0.0003        |
|    loss                 | 1.78e+05      |
|    n_updates            | 415           |
|    policy_gradient_loss | -2.03e-06     |
|    value_loss           | 3.14e+05      |
-------------------------------------------
-------------------------------------------
| rollout/                |               |
|    ep_len_mean          | 23.3          |
|    ep_rew_mean          | 480           |
| time/                   |               |
|    fps                  | 269           |
|    iterations           | 85            |
|    time_elapsed         | 161           |
|    total_timesteps      | 43520         |
| train/                  |               |
|    approx_kl            | 2.5506597e-07 |
|    clip_fraction        | 0             |
|    clip_range           | 0.2           |
|    entropy_loss         | -0.0359       |
|    explained_variance   | 8.7e-06       |
|    learning_rate        | 0.0003        |
|    loss                 | 1.17e+05      |
|    n_updates            | 420           |
|    policy_gradient_loss | -1.28e-05     |
|    value_loss           | 2.34e+05      |
-------------------------------------------
-------------------------------------------
| rollout/                |               |
|    ep_len_mean          | 23.1          |
|    ep_rew_mean          | 394           |
| time/                   |               |
|    fps                  | 270           |
|    iterations           | 86            |
|    time_elapsed         | 163           |
|    total_timesteps      | 44032         |
| train/                  |               |
|    approx_kl            | 3.1042146e-06 |
|    clip_fraction        | 0             |
|    clip_range           | 0.2           |
|    entropy_loss         | -0.0355       |
|    explained_variance   | -1.07e-06     |
|    learning_rate        | 0.0003        |
|    loss                 | 9.71e+04      |
|    n_updates            | 425           |
|    policy_gradient_loss | -0.000107     |
|    value_loss           | 1.75e+05      |
-------------------------------------------
------------------------------------------
| rollout/                |              |
|    ep_len_mean          | 23.3         |
|    ep_rew_mean          | 428          |
| time/                   |              |
|    fps                  | 270          |
|    iterations           | 87           |
|    time_elapsed         | 164          |
|    total_timesteps      | 44544        |
| train/                  |              |
|    approx_kl            | 7.299241e-08 |
|    clip_fraction        | 0            |
|    clip_range           | 0.2          |
|    entropy_loss         | -0.0352      |
|    explained_variance   | 1.44e-05     |
|    learning_rate        | 0.0003       |
|    loss                 | 1.04e+05     |
|    n_updates            | 430          |
|    policy_gradient_loss | -5.26e-06    |
|    value_loss           | 2e+05        |
------------------------------------------
------------------------------------------
| rollout/                |              |
|    ep_len_mean          | 23.7         |
|    ep_rew_mean          | 562          |
| time/                   |              |
|    fps                  | 270          |
|    iterations           | 88           |
|    time_elapsed         | 166          |
|    total_timesteps      | 45056        |
| train/                  |              |
|    approx_kl            | 4.046131e-06 |
|    clip_fraction        | 0            |
|    clip_range           | 0.2          |
|    entropy_loss         | -0.0349      |
|    explained_variance   | 1.08e-05     |
|    learning_rate        | 0.0003       |
|    loss                 | 1.21e+05     |
|    n_updates            | 435          |
|    policy_gradient_loss | -5.14e-05    |
|    value_loss           | 2.48e+05     |
------------------------------------------
--------------------------------------------
| rollout/                |                |
|    ep_len_mean          | 22.4           |
|    ep_rew_mean          | 550            |
| time/                   |                |
|    fps                  | 269            |
|    iterations           | 89             |
|    time_elapsed         | 168            |
|    total_timesteps      | 45568          |
| train/                  |                |
|    approx_kl            | -7.3341653e-09 |
|    clip_fraction        | 0              |
|    clip_range           | 0.2            |
|    entropy_loss         | -0.0343        |
|    explained_variance   | 1.3e-05        |
|    learning_rate        | 0.0003         |
|    loss                 | 9.63e+04       |
|    n_updates            | 440            |
|    policy_gradient_loss | 1.75e-08       |
|    value_loss           | 2.3e+05        |
--------------------------------------------
-------------------------------------------
| rollout/                |               |
|    ep_len_mean          | 21.9          |
|    ep_rew_mean          | 608           |
| time/                   |               |
|    fps                  | 270           |
|    iterations           | 90            |
|    time_elapsed         | 170           |
|    total_timesteps      | 46080         |
| train/                  |               |
|    approx_kl            | 4.6472996e-06 |
|    clip_fraction        | 0             |
|    clip_range           | 0.2           |
|    entropy_loss         | -0.0333       |
|    explained_variance   | -4.17e-06     |
|    learning_rate        | 0.0003        |
|    loss                 | 8.08e+04      |
|    n_updates            | 445           |
|    policy_gradient_loss | -0.000145     |
|    value_loss           | 1.62e+05      |
-------------------------------------------
-------------------------------------------
| rollout/                |               |
|    ep_len_mean          | 21.9          |
|    ep_rew_mean          | 704           |
| time/                   |               |
|    fps                  | 270           |
|    iterations           | 91            |
|    time_elapsed         | 172           |
|    total_timesteps      | 46592         |
| train/                  |               |
|    approx_kl            | 1.3691955e-05 |
|    clip_fraction        | 0             |
|    clip_range           | 0.2           |
|    entropy_loss         | -0.032        |
|    explained_variance   | -3.58e-07     |
|    learning_rate        | 0.0003        |
|    loss                 | 7.57e+04      |
|    n_updates            | 450           |
|    policy_gradient_loss | -0.000268     |
|    value_loss           | 1.62e+05      |
-------------------------------------------
-------------------------------------------
| rollout/                |               |
|    ep_len_mean          | 21.7          |
|    ep_rew_mean          | 706           |
| time/                   |               |
|    fps                  | 270           |
|    iterations           | 92            |
|    time_elapsed         | 174           |
|    total_timesteps      | 47104         |
| train/                  |               |
|    approx_kl            | 4.1013118e-07 |
|    clip_fraction        | 0             |
|    clip_range           | 0.2           |
|    entropy_loss         | -0.0308       |
|    explained_variance   | -2.74e-06     |
|    learning_rate        | 0.0003        |
|    loss                 | 1.3e+05       |
|    n_updates            | 455           |
|    policy_gradient_loss | -2.66e-05     |
|    value_loss           | 2.21e+05      |
-------------------------------------------
------------------------------------------
| rollout/                |              |
|    ep_len_mean          | 22.8         |
|    ep_rew_mean          | 655          |
| time/                   |              |
|    fps                  | 270          |
|    iterations           | 93           |
|    time_elapsed         | 176          |
|    total_timesteps      | 47616        |
| train/                  |              |
|    approx_kl            | 8.739298e-06 |
|    clip_fraction        | 0            |
|    clip_range           | 0.2          |
|    entropy_loss         | -0.0299      |
|    explained_variance   | 3.28e-06     |
|    learning_rate        | 0.0003       |
|    loss                 | 9.2e+04      |
|    n_updates            | 460          |
|    policy_gradient_loss | -0.000208    |
|    value_loss           | 1.99e+05     |
------------------------------------------
-------------------------------------------
| rollout/                |               |
|    ep_len_mean          | 24            |
|    ep_rew_mean          | 765           |
| time/                   |               |
|    fps                  | 270           |
|    iterations           | 94            |
|    time_elapsed         | 178           |
|    total_timesteps      | 48128         |
| train/                  |               |
|    approx_kl            | 1.1664815e-06 |
|    clip_fraction        | 0             |
|    clip_range           | 0.2           |
|    entropy_loss         | -0.0288       |
|    explained_variance   | 5.84e-06      |
|    learning_rate        | 0.0003        |
|    loss                 | 9.98e+04      |
|    n_updates            | 465           |
|    policy_gradient_loss | -3.61e-05     |
|    value_loss           | 2.33e+05      |
-------------------------------------------
---------------------------------------
| rollout/                |           |
|    ep_len_mean          | 23.1      |
|    ep_rew_mean          | 724       |
| time/                   |           |
|    fps                  | 270       |
|    iterations           | 95        |
|    time_elapsed         | 179       |
|    total_timesteps      | 48640     |
| train/                  |           |
|    approx_kl            | 0.0       |
|    clip_fraction        | 0         |
|    clip_range           | 0.2       |
|    entropy_loss         | -0.0287   |
|    explained_variance   | -8.82e-06 |
|    learning_rate        | 0.0003    |
|    loss                 | 1.25e+05  |
|    n_updates            | 470       |
|    policy_gradient_loss | 1.67e-07  |
|    value_loss           | 1.84e+05  |
---------------------------------------
--------------------------------------------
| rollout/                |                |
|    ep_len_mean          | 22.3           |
|    ep_rew_mean          | 753            |
| time/                   |                |
|    fps                  | 270            |
|    iterations           | 96             |
|    time_elapsed         | 181            |
|    total_timesteps      | 49152          |
| train/                  |                |
|    approx_kl            | 1.50355045e-05 |
|    clip_fraction        | 0              |
|    clip_range           | 0.2            |
|    entropy_loss         | -0.0278        |
|    explained_variance   | 3.58e-07       |
|    learning_rate        | 0.0003         |
|    loss                 | 8.35e+04       |
|    n_updates            | 475            |
|    policy_gradient_loss | -0.000252      |
|    value_loss           | 1.8e+05        |
--------------------------------------------
-------------------------------------------
| rollout/                |               |
|    ep_len_mean          | 22.4          |
|    ep_rew_mean          | 746           |
| time/                   |               |
|    fps                  | 270           |
|    iterations           | 97            |
|    time_elapsed         | 183           |
|    total_timesteps      | 49664         |
| train/                  |               |
|    approx_kl            | 1.9990839e-05 |
|    clip_fraction        | 0             |
|    clip_range           | 0.2           |
|    entropy_loss         | -0.0263       |
|    explained_variance   | -8.34e-06     |
|    learning_rate        | 0.0003        |
|    loss                 | 1.08e+05      |
|    n_updates            | 480           |
|    policy_gradient_loss | -0.000444     |
|    value_loss           | 1.69e+05      |
-------------------------------------------
-------------------------------------------
| rollout/                |               |
|    ep_len_mean          | 21.4          |
|    ep_rew_mean          | 564           |
| time/                   |               |
|    fps                  | 270           |
|    iterations           | 98            |
|    time_elapsed         | 185           |
|    total_timesteps      | 50176         |
| train/                  |               |
|    approx_kl            | 1.4865072e-06 |
|    clip_fraction        | 0             |
|    clip_range           | 0.2           |
|    entropy_loss         | -0.0249       |
|    explained_variance   | 4.95e-06      |
|    learning_rate        | 0.0003        |
|    loss                 | 1.55e+05      |
|    n_updates            | 485           |
|    policy_gradient_loss | -2.18e-05     |
|    value_loss           | 2.93e+05      |
-------------------------------------------
-------------------------------------------
| rollout/                |               |
|    ep_len_mean          | 22.5          |
|    ep_rew_mean          | 571           |
| time/                   |               |
|    fps                  | 270           |
|    iterations           | 99            |
|    time_elapsed         | 187           |
|    total_timesteps      | 50688         |
| train/                  |               |
|    approx_kl            | 2.3283064e-10 |
|    clip_fraction        | 0             |
|    clip_range           | 0.2           |
|    entropy_loss         | -0.0249       |
|    explained_variance   | 1.91e-06      |
|    learning_rate        | 0.0003        |
|    loss                 | 1.13e+05      |
|    n_updates            | 490           |
|    policy_gradient_loss | -3.47e-08     |
|    value_loss           | 2.02e+05      |
-------------------------------------------
--------------------------------------------
| rollout/                |                |
|    ep_len_mean          | 23.5           |
|    ep_rew_mean          | 529            |
| time/                   |                |
|    fps                  | 270            |
|    iterations           | 100            |
|    time_elapsed         | 189            |
|    total_timesteps      | 51200          |
| train/                  |                |
|    approx_kl            | 1.46683306e-08 |
|    clip_fraction        | 0              |
|    clip_range           | 0.2            |
|    entropy_loss         | -0.0248        |
|    explained_variance   | 2.03e-06       |
|    learning_rate        | 0.0003         |
|    loss                 | 1.18e+05       |
|    n_updates            | 495            |
|    policy_gradient_loss | -1.92e-07      |
|    value_loss           | 2.17e+05       |
--------------------------------------------
------------------------------------------
| rollout/                |              |
|    ep_len_mean          | 24           |
|    ep_rew_mean          | 503          |
| time/                   |              |
|    fps                  | 270          |
|    iterations           | 101          |
|    time_elapsed         | 190          |
|    total_timesteps      | 51712        |
| train/                  |              |
|    approx_kl            | 3.736932e-08 |
|    clip_fraction        | 0            |
|    clip_range           | 0.2          |
|    entropy_loss         | -0.0248      |
|    explained_variance   | 1.11e-05     |
|    learning_rate        | 0.0003       |
|    loss                 | 1.32e+05     |
|    n_updates            | 500          |
|    policy_gradient_loss | 2.62e-06     |
|    value_loss           | 3.1e+05      |
------------------------------------------
-------------------------------------------
| rollout/                |               |
|    ep_len_mean          | 23.6          |
|    ep_rew_mean          | 483           |
| time/                   |               |
|    fps                  | 270           |
|    iterations           | 102           |
|    time_elapsed         | 192           |
|    total_timesteps      | 52224         |
| train/                  |               |
|    approx_kl            | 3.3178367e-08 |
|    clip_fraction        | 0             |
|    clip_range           | 0.2           |
|    entropy_loss         | -0.0247       |
|    explained_variance   | -9.54e-07     |
|    learning_rate        | 0.0003        |
|    loss                 | 9.66e+04      |
|    n_updates            | 505           |
|    policy_gradient_loss | -6.72e-06     |
|    value_loss           | 2.08e+05      |
-------------------------------------------
-------------------------------------------
| rollout/                |               |
|    ep_len_mean          | 22.7          |
|    ep_rew_mean          | 583           |
| time/                   |               |
|    fps                  | 271           |
|    iterations           | 103           |
|    time_elapsed         | 194           |
|    total_timesteps      | 52736         |
| train/                  |               |
|    approx_kl            | 6.1665196e-07 |
|    clip_fraction        | 0             |
|    clip_range           | 0.2           |
|    entropy_loss         | -0.0245       |
|    explained_variance   | 3.28e-05      |
|    learning_rate        | 0.0003        |
|    loss                 | 1.67e+05      |
|    n_updates            | 510           |
|    policy_gradient_loss | -8.24e-06     |
|    value_loss           | 2.54e+05      |
-------------------------------------------
-------------------------------------------
| rollout/                |               |
|    ep_len_mean          | 23            |
|    ep_rew_mean          | 648           |
| time/                   |               |
|    fps                  | 270           |
|    iterations           | 104           |
|    time_elapsed         | 196           |
|    total_timesteps      | 53248         |
| train/                  |               |
|    approx_kl            | 5.2554533e-06 |
|    clip_fraction        | 0             |
|    clip_range           | 0.2           |
|    entropy_loss         | -0.024        |
|    explained_variance   | 0.000196      |
|    learning_rate        | 0.0003        |
|    loss                 | 6.06e+04      |
|    n_updates            | 515           |
|    policy_gradient_loss | -0.000161     |
|    value_loss           | 1.65e+05      |
-------------------------------------------
-------------------------------------------
| rollout/                |               |
|    ep_len_mean          | 23.2          |
|    ep_rew_mean          | 630           |
| time/                   |               |
|    fps                  | 270           |
|    iterations           | 105           |
|    time_elapsed         | 198           |
|    total_timesteps      | 53760         |
| train/                  |               |
|    approx_kl            | 1.1886004e-06 |
|    clip_fraction        | 0             |
|    clip_range           | 0.2           |
|    entropy_loss         | -0.0225       |
|    explained_variance   | 0.000202      |
|    learning_rate        | 0.0003        |
|    loss                 | 1.18e+05      |
|    n_updates            | 520           |
|    policy_gradient_loss | -5.05e-05     |
|    value_loss           | 2.4e+05       |
-------------------------------------------
--------------------------------------
| rollout/                |          |
|    ep_len_mean          | 23.1     |
|    ep_rew_mean          | 750      |
| time/                   |          |
|    fps                  | 270      |
|    iterations           | 106      |
|    time_elapsed         | 200      |
|    total_timesteps      | 54272    |
| train/                  |          |
|    approx_kl            | 0.0      |
|    clip_fraction        | 0        |
|    clip_range           | 0.2      |
|    entropy_loss         | -0.0225  |
|    explained_variance   | 3.16e-06 |
|    learning_rate        | 0.0003   |
|    loss                 | 1.1e+05  |
|    n_updates            | 525      |
|    policy_gradient_loss | 1.55e-08 |
|    value_loss           | 2.09e+05 |
--------------------------------------
-------------------------------------------
| rollout/                |               |
|    ep_len_mean          | 23.4          |
|    ep_rew_mean          | 762           |
| time/                   |               |
|    fps                  | 270           |
|    iterations           | 107           |
|    time_elapsed         | 202           |
|    total_timesteps      | 54784         |
| train/                  |               |
|    approx_kl            | 4.3888576e-08 |
|    clip_fraction        | 0             |
|    clip_range           | 0.2           |
|    entropy_loss         | -0.0228       |
|    explained_variance   | 2.21e-05      |
|    learning_rate        | 0.0003        |
|    loss                 | 1.07e+05      |
|    n_updates            | 530           |
|    policy_gradient_loss | -7.17e-06     |
|    value_loss           | 2.28e+05      |
-------------------------------------------
-------------------------------------------
| rollout/                |               |
|    ep_len_mean          | 24.1          |
|    ep_rew_mean          | 776           |
| time/                   |               |
|    fps                  | 270           |
|    iterations           | 108           |
|    time_elapsed         | 204           |
|    total_timesteps      | 55296         |
| train/                  |               |
|    approx_kl            | 1.3713725e-06 |
|    clip_fraction        | 0             |
|    clip_range           | 0.2           |
|    entropy_loss         | -0.0221       |
|    explained_variance   | -1.31e-06     |
|    learning_rate        | 0.0003        |
|    loss                 | 7.68e+04      |
|    n_updates            | 535           |
|    policy_gradient_loss | -4.21e-05     |
|    value_loss           | 1.63e+05      |
-------------------------------------------
---------------------------------------
| rollout/                |           |
|    ep_len_mean          | 23.9      |
|    ep_rew_mean          | 730       |
| time/                   |           |
|    fps                  | 271       |
|    iterations           | 109       |
|    time_elapsed         | 205       |
|    total_timesteps      | 55808     |
| train/                  |           |
|    approx_kl            | 0.0       |
|    clip_fraction        | 0         |
|    clip_range           | 0.2       |
|    entropy_loss         | -0.0218   |
|    explained_variance   | -6.68e-06 |
|    learning_rate        | 0.0003    |
|    loss                 | 9.66e+04  |
|    n_updates            | 540       |
|    policy_gradient_loss | 3.7e-07   |
|    value_loss           | 2.17e+05  |
---------------------------------------
-------------------------------------------
| rollout/                |               |
|    ep_len_mean          | 23            |
|    ep_rew_mean          | 681           |
| time/                   |               |
|    fps                  | 271           |
|    iterations           | 110           |
|    time_elapsed         | 207           |
|    total_timesteps      | 56320         |
| train/                  |               |
|    approx_kl            | 1.6065314e-08 |
|    clip_fraction        | 0             |
|    clip_range           | 0.2           |
|    entropy_loss         | -0.0215       |
|    explained_variance   | 4.89e-06      |
|    learning_rate        | 0.0003        |
|    loss                 | 7.8e+04       |
|    n_updates            | 545           |
|    policy_gradient_loss | -3.28e-08     |
|    value_loss           | 1.91e+05      |
-------------------------------------------
------------------------------------------
| rollout/                |              |
|    ep_len_mean          | 23.4         |
|    ep_rew_mean          | 651          |
| time/                   |              |
|    fps                  | 271          |
|    iterations           | 111          |
|    time_elapsed         | 209          |
|    total_timesteps      | 56832        |
| train/                  |              |
|    approx_kl            | 5.075708e-08 |
|    clip_fraction        | 0            |
|    clip_range           | 0.2          |
|    entropy_loss         | -0.0224      |
|    explained_variance   | -6.2e-06     |
|    learning_rate        | 0.0003       |
|    loss                 | 1.12e+05     |
|    n_updates            | 550          |
|    policy_gradient_loss | -4.86e-06    |
|    value_loss           | 2.06e+05     |
------------------------------------------
-------------------------------------------
| rollout/                |               |
|    ep_len_mean          | 24.3          |
|    ep_rew_mean          | 672           |
| time/                   |               |
|    fps                  | 271           |
|    iterations           | 112           |
|    time_elapsed         | 211           |
|    total_timesteps      | 57344         |
| train/                  |               |
|    approx_kl            | 1.9441359e-08 |
|    clip_fraction        | 0             |
|    clip_range           | 0.2           |
|    entropy_loss         | -0.0218       |
|    explained_variance   | 1.23e-05      |
|    learning_rate        | 0.0003        |
|    loss                 | 1e+05         |
|    n_updates            | 555           |
|    policy_gradient_loss | -2.18e-08     |
|    value_loss           | 1.99e+05      |
-------------------------------------------
-------------------------------------------
| rollout/                |               |
|    ep_len_mean          | 24.9          |
|    ep_rew_mean          | 644           |
| time/                   |               |
|    fps                  | 271           |
|    iterations           | 113           |
|    time_elapsed         | 213           |
|    total_timesteps      | 57856         |
| train/                  |               |
|    approx_kl            | 5.4365955e-08 |
|    clip_fraction        | 0             |
|    clip_range           | 0.2           |
|    entropy_loss         | -0.0218       |
|    explained_variance   | -3.22e-06     |
|    learning_rate        | 0.0003        |
|    loss                 | 1.17e+05      |
|    n_updates            | 560           |
|    policy_gradient_loss | -4.88e-06     |
|    value_loss           | 2.31e+05      |
-------------------------------------------
------------------------------------------
| rollout/                |              |
|    ep_len_mean          | 24.8         |
|    ep_rew_mean          | 716          |
| time/                   |              |
|    fps                  | 271          |
|    iterations           | 114          |
|    time_elapsed         | 215          |
|    total_timesteps      | 58368        |
| train/                  |              |
|    approx_kl            | 8.028583e-06 |
|    clip_fraction        | 0            |
|    clip_range           | 0.2          |
|    entropy_loss         | -0.0215      |
|    explained_variance   | 1.56e-05     |
|    learning_rate        | 0.0003       |
|    loss                 | 1.14e+05     |
|    n_updates            | 565          |
|    policy_gradient_loss | -0.000188    |
|    value_loss           | 2.15e+05     |
------------------------------------------
---------------------------------------
| rollout/                |           |
|    ep_len_mean          | 25.7      |
|    ep_rew_mean          | 659       |
| time/                   |           |
|    fps                  | 271       |
|    iterations           | 115       |
|    time_elapsed         | 217       |
|    total_timesteps      | 58880     |
| train/                  |           |
|    approx_kl            | 0.0       |
|    clip_fraction        | 0         |
|    clip_range           | 0.2       |
|    entropy_loss         | -0.0208   |
|    explained_variance   | -4.05e-06 |
|    learning_rate        | 0.0003    |
|    loss                 | 1.07e+05  |
|    n_updates            | 570       |
|    policy_gradient_loss | 2.82e-07  |
|    value_loss           | 1.74e+05  |
---------------------------------------
-------------------------------------------
| rollout/                |               |
|    ep_len_mean          | 25.4          |
|    ep_rew_mean          | 710           |
| time/                   |               |
|    fps                  | 271           |
|    iterations           | 116           |
|    time_elapsed         | 218           |
|    total_timesteps      | 59392         |
| train/                  |               |
|    approx_kl            | 7.5149583e-06 |
|    clip_fraction        | 0             |
|    clip_range           | 0.2           |
|    entropy_loss         | -0.0204       |
|    explained_variance   | 6.5e-06       |
|    learning_rate        | 0.0003        |
|    loss                 | 1.22e+05      |
|    n_updates            | 575           |
|    policy_gradient_loss | -7.51e-05     |
|    value_loss           | 2.74e+05      |
-------------------------------------------
-------------------------------------------
| rollout/                |               |
|    ep_len_mean          | 23.8          |
|    ep_rew_mean          | 692           |
| time/                   |               |
|    fps                  | 271           |
|    iterations           | 117           |
|    time_elapsed         | 220           |
|    total_timesteps      | 59904         |
| train/                  |               |
|    approx_kl            | 1.4962861e-06 |
|    clip_fraction        | 0             |
|    clip_range           | 0.2           |
|    entropy_loss         | -0.0194       |
|    explained_variance   | 5.36e-06      |
|    learning_rate        | 0.0003        |
|    loss                 | 1.33e+05      |
|    n_updates            | 580           |
|    policy_gradient_loss | -4.63e-05     |
|    value_loss           | 2.4e+05       |
-------------------------------------------
------------------------------------------
| rollout/                |              |
|    ep_len_mean          | 23.3         |
|    ep_rew_mean          | 485          |
| time/                   |              |
|    fps                  | 270          |
|    iterations           | 118          |
|    time_elapsed         | 223          |
|    total_timesteps      | 60416        |
| train/                  |              |
|    approx_kl            | 9.883661e-07 |
|    clip_fraction        | 0            |
|    clip_range           | 0.2          |
|    entropy_loss         | -0.0189      |
|    explained_variance   | 1.4e-05      |
|    learning_rate        | 0.0003       |
|    loss                 | 1.17e+05     |
|    n_updates            | 585          |
|    policy_gradient_loss | -2.6e-05     |
|    value_loss           | 2.17e+05     |
------------------------------------------
-------------------------------------------
| rollout/                |               |
|    ep_len_mean          | 23.7          |
|    ep_rew_mean          | 436           |
| time/                   |               |
|    fps                  | 270           |
|    iterations           | 119           |
|    time_elapsed         | 225           |
|    total_timesteps      | 60928         |
| train/                  |               |
|    approx_kl            | 4.4237822e-09 |
|    clip_fraction        | 0             |
|    clip_range           | 0.2           |
|    entropy_loss         | -0.0189       |
|    explained_variance   | 1.77e-05      |
|    learning_rate        | 0.0003        |
|    loss                 | 1.69e+05      |
|    n_updates            | 590           |
|    policy_gradient_loss | -7.61e-07     |
|    value_loss           | 3.34e+05      |
-------------------------------------------
-------------------------------------------
| rollout/                |               |
|    ep_len_mean          | 24.3          |
|    ep_rew_mean          | 446           |
| time/                   |               |
|    fps                  | 270           |
|    iterations           | 120           |
|    time_elapsed         | 227           |
|    total_timesteps      | 61440         |
| train/                  |               |
|    approx_kl            | 1.7229468e-08 |
|    clip_fraction        | 0             |
|    clip_range           | 0.2           |
|    entropy_loss         | -0.0186       |
|    explained_variance   | 0.000306      |
|    learning_rate        | 0.0003        |
|    loss                 | 1.94e+05      |
|    n_updates            | 595           |
|    policy_gradient_loss | -1.11e-07     |
|    value_loss           | 3.4e+05       |
-------------------------------------------
------------------------------------------
| rollout/                |              |
|    ep_len_mean          | 23.8         |
|    ep_rew_mean          | 372          |
| time/                   |              |
|    fps                  | 269          |
|    iterations           | 121          |
|    time_elapsed         | 229          |
|    total_timesteps      | 61952        |
| train/                  |              |
|    approx_kl            | 8.381903e-08 |
|    clip_fraction        | 0            |
|    clip_range           | 0.2          |
|    entropy_loss         | -0.019       |
|    explained_variance   | 0.000867     |
|    learning_rate        | 0.0003       |
|    loss                 | 9e+04        |
|    n_updates            | 600          |
|    policy_gradient_loss | -6.15e-06    |
|    value_loss           | 2.22e+05     |
------------------------------------------
------------------------------------------
| rollout/                |              |
|    ep_len_mean          | 24.8         |
|    ep_rew_mean          | 407          |
| time/                   |              |
|    fps                  | 269          |
|    iterations           | 122          |
|    time_elapsed         | 231          |
|    total_timesteps      | 62464        |
| train/                  |              |
|    approx_kl            | 4.590256e-07 |
|    clip_fraction        | 0            |
|    clip_range           | 0.2          |
|    entropy_loss         | -0.0183      |
|    explained_variance   | 0.000262     |
|    learning_rate        | 0.0003       |
|    loss                 | 7.36e+04     |
|    n_updates            | 605          |
|    policy_gradient_loss | -1.03e-05    |
|    value_loss           | 1.68e+05     |
------------------------------------------
------------------------------------------
| rollout/                |              |
|    ep_len_mean          | 24.5         |
|    ep_rew_mean          | 637          |
| time/                   |              |
|    fps                  | 269          |
|    iterations           | 123          |
|    time_elapsed         | 233          |
|    total_timesteps      | 62976        |
| train/                  |              |
|    approx_kl            | 6.191549e-06 |
|    clip_fraction        | 0            |
|    clip_range           | 0.2          |
|    entropy_loss         | -0.018       |
|    explained_variance   | 0.000128     |
|    learning_rate        | 0.0003       |
|    loss                 | 1.65e+05     |
|    n_updates            | 610          |
|    policy_gradient_loss | -8.19e-05    |
|    value_loss           | 2.39e+05     |
------------------------------------------
------------------------------------------
| rollout/                |              |
|    ep_len_mean          | 24.7         |
|    ep_rew_mean          | 638          |
| time/                   |              |
|    fps                  | 269          |
|    iterations           | 124          |
|    time_elapsed         | 235          |
|    total_timesteps      | 63488        |
| train/                  |              |
|    approx_kl            | 1.484761e-06 |
|    clip_fraction        | 0            |
|    clip_range           | 0.2          |
|    entropy_loss         | -0.0173      |
|    explained_variance   | 0.000295     |
|    learning_rate        | 0.0003       |
|    loss                 | 1.1e+05      |
|    n_updates            | 615          |
|    policy_gradient_loss | -7.16e-05    |
|    value_loss           | 2.55e+05     |
------------------------------------------
-------------------------------------------
| rollout/                |               |
|    ep_len_mean          | 24.7          |
|    ep_rew_mean          | 510           |
| time/                   |               |
|    fps                  | 269           |
|    iterations           | 125           |
|    time_elapsed         | 237           |
|    total_timesteps      | 64000         |
| train/                  |               |
|    approx_kl            | 2.1136366e-06 |
|    clip_fraction        | 0             |
|    clip_range           | 0.2           |
|    entropy_loss         | -0.0166       |
|    explained_variance   | 4.17e-05      |
|    learning_rate        | 0.0003        |
|    loss                 | 8.8e+04       |
|    n_updates            | 620           |
|    policy_gradient_loss | -3.07e-05     |
|    value_loss           | 2.07e+05      |
-------------------------------------------
-------------------------------------------
| rollout/                |               |
|    ep_len_mean          | 24.4          |
|    ep_rew_mean          | 645           |
| time/                   |               |
|    fps                  | 269           |
|    iterations           | 126           |
|    time_elapsed         | 239           |
|    total_timesteps      | 64512         |
| train/                  |               |
|    approx_kl            | 1.1955854e-07 |
|    clip_fraction        | 0             |
|    clip_range           | 0.2           |
|    entropy_loss         | -0.0161       |
|    explained_variance   | 0.000208      |
|    learning_rate        | 0.0003        |
|    loss                 | 9.28e+04      |
|    n_updates            | 625           |
|    policy_gradient_loss | -2.21e-06     |
|    value_loss           | 1.99e+05      |
-------------------------------------------
-------------------------------------------
| rollout/                |               |
|    ep_len_mean          | 24.3          |
|    ep_rew_mean          | 577           |
| time/                   |               |
|    fps                  | 269           |
|    iterations           | 127           |
|    time_elapsed         | 241           |
|    total_timesteps      | 65024         |
| train/                  |               |
|    approx_kl            | 2.6426278e-08 |
|    clip_fraction        | 0             |
|    clip_range           | 0.2           |
|    entropy_loss         | -0.0162       |
|    explained_variance   | 0.000481      |
|    learning_rate        | 0.0003        |
|    loss                 | 8.97e+04      |
|    n_updates            | 630           |
|    policy_gradient_loss | -2.47e-08     |
|    value_loss           | 1.96e+05      |
-------------------------------------------
-------------------------------------------
| rollout/                |               |
|    ep_len_mean          | 24.3          |
|    ep_rew_mean          | 479           |
| time/                   |               |
|    fps                  | 269           |
|    iterations           | 128           |
|    time_elapsed         | 243           |
|    total_timesteps      | 65536         |
| train/                  |               |
|    approx_kl            | 2.0256266e-07 |
|    clip_fraction        | 0             |
|    clip_range           | 0.2           |
|    entropy_loss         | -0.0163       |
|    explained_variance   | 0.00106       |
|    learning_rate        | 0.0003        |
|    loss                 | 2.33e+05      |
|    n_updates            | 635           |
|    policy_gradient_loss | -5.34e-06     |
|    value_loss           | 3.67e+05      |
-------------------------------------------
-------------------------------------------
| rollout/                |               |
|    ep_len_mean          | 23.1          |
|    ep_rew_mean          | 482           |
| time/                   |               |
|    fps                  | 269           |
|    iterations           | 129           |
|    time_elapsed         | 244           |
|    total_timesteps      | 66048         |
| train/                  |               |
|    approx_kl            | 9.3271956e-07 |
|    clip_fraction        | 0             |
|    clip_range           | 0.2           |
|    entropy_loss         | -0.0158       |
|    explained_variance   | 0.00134       |
|    learning_rate        | 0.0003        |
|    loss                 | 1.2e+05       |
|    n_updates            | 640           |
|    policy_gradient_loss | -2.04e-05     |
|    value_loss           | 2.59e+05      |
-------------------------------------------
------------------------------------------
| rollout/                |              |
|    ep_len_mean          | 23.2         |
|    ep_rew_mean          | 557          |
| time/                   |              |
|    fps                  | 269          |
|    iterations           | 130          |
|    time_elapsed         | 246          |
|    total_timesteps      | 66560        |
| train/                  |              |
|    approx_kl            | 6.778864e-07 |
|    clip_fraction        | 0            |
|    clip_range           | 0.2          |
|    entropy_loss         | -0.0153      |
|    explained_variance   | 0.00124      |
|    learning_rate        | 0.0003       |
|    loss                 | 1.27e+05     |
|    n_updates            | 645          |
|    policy_gradient_loss | -1.56e-05    |
|    value_loss           | 1.86e+05     |
------------------------------------------
------------------------------------------
| rollout/                |              |
|    ep_len_mean          | 22.2         |
|    ep_rew_mean          | 622          |
| time/                   |              |
|    fps                  | 269          |
|    iterations           | 131          |
|    time_elapsed         | 248          |
|    total_timesteps      | 67072        |
| train/                  |              |
|    approx_kl            | 5.306676e-06 |
|    clip_fraction        | 0            |
|    clip_range           | 0.2          |
|    entropy_loss         | -0.015       |
|    explained_variance   | 0.000407     |
|    learning_rate        | 0.0003       |
|    loss                 | 8.93e+04     |
|    n_updates            | 650          |
|    policy_gradient_loss | -0.000117    |
|    value_loss           | 1.93e+05     |
------------------------------------------
-------------------------------------------
| rollout/                |               |
|    ep_len_mean          | 21.4          |
|    ep_rew_mean          | 719           |
| time/                   |               |
|    fps                  | 269           |
|    iterations           | 132           |
|    time_elapsed         | 250           |
|    total_timesteps      | 67584         |
| train/                  |               |
|    approx_kl            | 6.2794425e-07 |
|    clip_fraction        | 0             |
|    clip_range           | 0.2           |
|    entropy_loss         | -0.0143       |
|    explained_variance   | -0.000129     |
|    learning_rate        | 0.0003        |
|    loss                 | 9.09e+04      |
|    n_updates            | 655           |
|    policy_gradient_loss | -4.26e-05     |
|    value_loss           | 1.69e+05      |
-------------------------------------------
-------------------------------------------
| rollout/                |               |
|    ep_len_mean          | 22.1          |
|    ep_rew_mean          | 719           |
| time/                   |               |
|    fps                  | 269           |
|    iterations           | 133           |
|    time_elapsed         | 252           |
|    total_timesteps      | 68096         |
| train/                  |               |
|    approx_kl            | 1.4330726e-07 |
|    clip_fraction        | 0             |
|    clip_range           | 0.2           |
|    entropy_loss         | -0.0143       |
|    explained_variance   | 3.95e-05      |
|    learning_rate        | 0.0003        |
|    loss                 | 8.88e+04      |
|    n_updates            | 660           |
|    policy_gradient_loss | -8.51e-06     |
|    value_loss           | 1.62e+05      |
-------------------------------------------
-------------------------------------------
| rollout/                |               |
|    ep_len_mean          | 23            |
|    ep_rew_mean          | 716           |
| time/                   |               |
|    fps                  | 269           |
|    iterations           | 134           |
|    time_elapsed         | 254           |
|    total_timesteps      | 68608         |
| train/                  |               |
|    approx_kl            | 1.8975697e-08 |
|    clip_fraction        | 0             |
|    clip_range           | 0.2           |
|    entropy_loss         | -0.0143       |
|    explained_variance   | 5.28e-05      |
|    learning_rate        | 0.0003        |
|    loss                 | 1.15e+05      |
|    n_updates            | 665           |
|    policy_gradient_loss | -4.31e-09     |
|    value_loss           | 1.79e+05      |
-------------------------------------------
-------------------------------------------
| rollout/                |               |
|    ep_len_mean          | 24.4          |
|    ep_rew_mean          | 755           |
| time/                   |               |
|    fps                  | 269           |
|    iterations           | 135           |
|    time_elapsed         | 256           |
|    total_timesteps      | 69120         |
| train/                  |               |
|    approx_kl            | 2.1536835e-08 |
|    clip_fraction        | 0             |
|    clip_range           | 0.2           |
|    entropy_loss         | -0.0138       |
|    explained_variance   | 0.000182      |
|    learning_rate        | 0.0003        |
|    loss                 | 1.19e+05      |
|    n_updates            | 670           |
|    policy_gradient_loss | -8.76e-08     |
|    value_loss           | 2.12e+05      |
-------------------------------------------
------------------------------------------
| rollout/                |              |
|    ep_len_mean          | 25.3         |
|    ep_rew_mean          | 712          |
| time/                   |              |
|    fps                  | 269          |
|    iterations           | 136          |
|    time_elapsed         | 258          |
|    total_timesteps      | 69632        |
| train/                  |              |
|    approx_kl            | 3.259629e-09 |
|    clip_fraction        | 0            |
|    clip_range           | 0.2          |
|    entropy_loss         | -0.0142      |
|    explained_variance   | -1.03e-05    |
|    learning_rate        | 0.0003       |
|    loss                 | 1.21e+05     |
|    n_updates            | 675          |
|    policy_gradient_loss | 2.5e-08      |
|    value_loss           | 2.92e+05     |
------------------------------------------
-------------------------------------------
| rollout/                |               |
|    ep_len_mean          | 26.2          |
|    ep_rew_mean          | 623           |
| time/                   |               |
|    fps                  | 269           |
|    iterations           | 137           |
|    time_elapsed         | 260           |
|    total_timesteps      | 70144         |
| train/                  |               |
|    approx_kl            | 1.5519327e-06 |
|    clip_fraction        | 0             |
|    clip_range           | 0.2           |
|    entropy_loss         | -0.0142       |
|    explained_variance   | -3.98e-05     |
|    learning_rate        | 0.0003        |
|    loss                 | 6.73e+04      |
|    n_updates            | 680           |
|    policy_gradient_loss | -3.68e-05     |
|    value_loss           | 1.64e+05      |
-------------------------------------------
-------------------------------------------
| rollout/                |               |
|    ep_len_mean          | 26.1          |
|    ep_rew_mean          | 548           |
| time/                   |               |
|    fps                  | 269           |
|    iterations           | 138           |
|    time_elapsed         | 261           |
|    total_timesteps      | 70656         |
| train/                  |               |
|    approx_kl            | 2.4089823e-06 |
|    clip_fraction        | 0             |
|    clip_range           | 0.2           |
|    entropy_loss         | -0.0135       |
|    explained_variance   | 0.000139      |
|    learning_rate        | 0.0003        |
|    loss                 | 2.2e+05       |
|    n_updates            | 685           |
|    policy_gradient_loss | -3.48e-05     |
|    value_loss           | 3.33e+05      |
-------------------------------------------
------------------------------------------
| rollout/                |              |
|    ep_len_mean          | 25.2         |
|    ep_rew_mean          | 609          |
| time/                   |              |
|    fps                  | 269          |
|    iterations           | 139          |
|    time_elapsed         | 263          |
|    total_timesteps      | 71168        |
| train/                  |              |
|    approx_kl            | 2.393499e-07 |
|    clip_fraction        | 0            |
|    clip_range           | 0.2          |
|    entropy_loss         | -0.0132      |
|    explained_variance   | 0.00151      |
|    learning_rate        | 0.0003       |
|    loss                 | 1.65e+05     |
|    n_updates            | 690          |
|    policy_gradient_loss | -8.23e-06    |
|    value_loss           | 2.46e+05     |
------------------------------------------
---------------------------------------
| rollout/                |           |
|    ep_len_mean          | 22.8      |
|    ep_rew_mean          | 474       |
| time/                   |           |
|    fps                  | 270       |
|    iterations           | 140       |
|    time_elapsed         | 265       |
|    total_timesteps      | 71680     |
| train/                  |           |
|    approx_kl            | 0.0       |
|    clip_fraction        | 0         |
|    clip_range           | 0.2       |
|    entropy_loss         | -0.0132   |
|    explained_variance   | 0.00215   |
|    learning_rate        | 0.0003    |
|    loss                 | 1.17e+05  |
|    n_updates            | 695       |
|    policy_gradient_loss | -1.02e-07 |
|    value_loss           | 2.32e+05  |
---------------------------------------
-------------------------------------------
| rollout/                |               |
|    ep_len_mean          | 22.2          |
|    ep_rew_mean          | 478           |
| time/                   |               |
|    fps                  | 270           |
|    iterations           | 141           |
|    time_elapsed         | 267           |
|    total_timesteps      | 72192         |
| train/                  |               |
|    approx_kl            | 1.2156088e-06 |
|    clip_fraction        | 0             |
|    clip_range           | 0.2           |
|    entropy_loss         | -0.0129       |
|    explained_variance   | 0.000587      |
|    learning_rate        | 0.0003        |
|    loss                 | 7.15e+04      |
|    n_updates            | 700           |
|    policy_gradient_loss | -3.56e-05     |
|    value_loss           | 1.42e+05      |
-------------------------------------------
------------------------------------------
| rollout/                |              |
|    ep_len_mean          | 23.8         |
|    ep_rew_mean          | 500          |
| time/                   |              |
|    fps                  | 270          |
|    iterations           | 142          |
|    time_elapsed         | 269          |
|    total_timesteps      | 72704        |
| train/                  |              |
|    approx_kl            | 3.532041e-07 |
|    clip_fraction        | 0            |
|    clip_range           | 0.2          |
|    entropy_loss         | -0.0125      |
|    explained_variance   | 0.00104      |
|    learning_rate        | 0.0003       |
|    loss                 | 1.19e+05     |
|    n_updates            | 705          |
|    policy_gradient_loss | -8.6e-06     |
|    value_loss           | 2.42e+05     |
------------------------------------------
------------------------------------------
| rollout/                |              |
|    ep_len_mean          | 23.6         |
|    ep_rew_mean          | 619          |
| time/                   |              |
|    fps                  | 270          |
|    iterations           | 143          |
|    time_elapsed         | 271          |
|    total_timesteps      | 73216        |
| train/                  |              |
|    approx_kl            | 6.053597e-08 |
|    clip_fraction        | 0            |
|    clip_range           | 0.2          |
|    entropy_loss         | -0.0121      |
|    explained_variance   | 0.00349      |
|    learning_rate        | 0.0003       |
|    loss                 | 1.9e+05      |
|    n_updates            | 710          |
|    policy_gradient_loss | -4.81e-06    |
|    value_loss           | 3.45e+05     |
------------------------------------------
-------------------------------------------
| rollout/                |               |
|    ep_len_mean          | 23.2          |
|    ep_rew_mean          | 602           |
| time/                   |               |
|    fps                  | 270           |
|    iterations           | 144           |
|    time_elapsed         | 272           |
|    total_timesteps      | 73728         |
| train/                  |               |
|    approx_kl            | 2.7311035e-07 |
|    clip_fraction        | 0             |
|    clip_range           | 0.2           |
|    entropy_loss         | -0.0123       |
|    explained_variance   | 0.000647      |
|    learning_rate        | 0.0003        |
|    loss                 | 9.7e+04       |
|    n_updates            | 715           |
|    policy_gradient_loss | -2.09e-05     |
|    value_loss           | 1.73e+05      |
-------------------------------------------
-------------------------------------------
| rollout/                |               |
|    ep_len_mean          | 24.6          |
|    ep_rew_mean          | 584           |
| time/                   |               |
|    fps                  | 270           |
|    iterations           | 145           |
|    time_elapsed         | 274           |
|    total_timesteps      | 74240         |
| train/                  |               |
|    approx_kl            | 2.5382033e-06 |
|    clip_fraction        | 0             |
|    clip_range           | 0.2           |
|    entropy_loss         | -0.0119       |
|    explained_variance   | 0.00046       |
|    learning_rate        | 0.0003        |
|    loss                 | 1.1e+05       |
|    n_updates            | 720           |
|    policy_gradient_loss | -6.71e-05     |
|    value_loss           | 1.93e+05      |
-------------------------------------------
---------------------------------------
| rollout/                |           |
|    ep_len_mean          | 24.3      |
|    ep_rew_mean          | 786       |
| time/                   |           |
|    fps                  | 270       |
|    iterations           | 146       |
|    time_elapsed         | 276       |
|    total_timesteps      | 74752     |
| train/                  |           |
|    approx_kl            | 0.0       |
|    clip_fraction        | 0         |
|    clip_range           | 0.2       |
|    entropy_loss         | -0.0117   |
|    explained_variance   | 0.000795  |
|    learning_rate        | 0.0003    |
|    loss                 | 1.37e+05  |
|    n_updates            | 725       |
|    policy_gradient_loss | -1.93e-07 |
|    value_loss           | 3.16e+05  |
---------------------------------------
------------------------------------------
| rollout/                |              |
|    ep_len_mean          | 24.2         |
|    ep_rew_mean          | 668          |
| time/                   |              |
|    fps                  | 270          |
|    iterations           | 147          |
|    time_elapsed         | 278          |
|    total_timesteps      | 75264        |
| train/                  |              |
|    approx_kl            | 1.641456e-08 |
|    clip_fraction        | 0            |
|    clip_range           | 0.2          |
|    entropy_loss         | -0.0115      |
|    explained_variance   | 0.00116      |
|    learning_rate        | 0.0003       |
|    loss                 | 1.11e+05     |
|    n_updates            | 730          |
|    policy_gradient_loss | -2.2e-06     |
|    value_loss           | 2.04e+05     |
------------------------------------------
------------------------------------------
| rollout/                |              |
|    ep_len_mean          | 23.9         |
|    ep_rew_mean          | 638          |
| time/                   |              |
|    fps                  | 270          |
|    iterations           | 148          |
|    time_elapsed         | 280          |
|    total_timesteps      | 75776        |
| train/                  |              |
|    approx_kl            | 5.383976e-06 |
|    clip_fraction        | 0            |
|    clip_range           | 0.2          |
|    entropy_loss         | -0.0111      |
|    explained_variance   | 0.000467     |
|    learning_rate        | 0.0003       |
|    loss                 | 1.02e+05     |
|    n_updates            | 735          |
|    policy_gradient_loss | -7.07e-05    |
|    value_loss           | 1.76e+05     |
------------------------------------------
--------------------------------------
| rollout/                |          |
|    ep_len_mean          | 24.2     |
|    ep_rew_mean          | 474      |
| time/                   |          |
|    fps                  | 270      |
|    iterations           | 149      |
|    time_elapsed         | 281      |
|    total_timesteps      | 76288    |
| train/                  |          |
|    approx_kl            | 0.0      |
|    clip_fraction        | 0        |
|    clip_range           | 0.2      |
|    entropy_loss         | -0.0109  |
|    explained_variance   | 0.000175 |
|    learning_rate        | 0.0003   |
|    loss                 | 8.57e+04 |
|    n_updates            | 740      |
|    policy_gradient_loss | 1.53e-07 |
|    value_loss           | 2.36e+05 |
--------------------------------------
-------------------------------------------
| rollout/                |               |
|    ep_len_mean          | 25            |
|    ep_rew_mean          | 480           |
| time/                   |               |
|    fps                  | 270           |
|    iterations           | 150           |
|    time_elapsed         | 283           |
|    total_timesteps      | 76800         |
| train/                  |               |
|    approx_kl            | 1.7811544e-08 |
|    clip_fraction        | 0             |
|    clip_range           | 0.2           |
|    entropy_loss         | -0.0105       |
|    explained_variance   | 0.00272       |
|    learning_rate        | 0.0003        |
|    loss                 | 1.65e+05      |
|    n_updates            | 745           |
|    policy_gradient_loss | -3.6e-07      |
|    value_loss           | 3.51e+05      |
-------------------------------------------
--------------------------------------------
| rollout/                |                |
|    ep_len_mean          | 24.7           |
|    ep_rew_mean          | 432            |
| time/                   |                |
|    fps                  | 270            |
|    iterations           | 151            |
|    time_elapsed         | 285            |
|    total_timesteps      | 77312          |
| train/                  |                |
|    approx_kl            | -2.2468157e-08 |
|    clip_fraction        | 0              |
|    clip_range           | 0.2            |
|    entropy_loss         | -0.0107        |
|    explained_variance   | 0.00508        |
|    learning_rate        | 0.0003         |
|    loss                 | 9.47e+04       |
|    n_updates            | 750            |
|    policy_gradient_loss | 2.75e-09       |
|    value_loss           | 2.17e+05       |
--------------------------------------------
-------------------------------------------
| rollout/                |               |
|    ep_len_mean          | 24.5          |
|    ep_rew_mean          | 454           |
| time/                   |               |
|    fps                  | 270           |
|    iterations           | 152           |
|    time_elapsed         | 287           |
|    total_timesteps      | 77824         |
| train/                  |               |
|    approx_kl            | 2.2700988e-08 |
|    clip_fraction        | 0             |
|    clip_range           | 0.2           |
|    entropy_loss         | -0.0109       |
|    explained_variance   | 0.00386       |
|    learning_rate        | 0.0003        |
|    loss                 | 8.65e+04      |
|    n_updates            | 755           |
|    policy_gradient_loss | -1.18e-08     |
|    value_loss           | 1.62e+05      |
-------------------------------------------
-------------------------------------------
| rollout/                |               |
|    ep_len_mean          | 24.8          |
|    ep_rew_mean          | 528           |
| time/                   |               |
|    fps                  | 270           |
|    iterations           | 153           |
|    time_elapsed         | 289           |
|    total_timesteps      | 78336         |
| train/                  |               |
|    approx_kl            | 1.2642704e-07 |
|    clip_fraction        | 0             |
|    clip_range           | 0.2           |
|    entropy_loss         | -0.0108       |
|    explained_variance   | 0.00541       |
|    learning_rate        | 0.0003        |
|    loss                 | 1.03e+05      |
|    n_updates            | 760           |
|    policy_gradient_loss | -7.67e-06     |
|    value_loss           | 2.2e+05       |
-------------------------------------------
-------------------------------------------
| rollout/                |               |
|    ep_len_mean          | 23.6          |
|    ep_rew_mean          | 649           |
| time/                   |               |
|    fps                  | 270           |
|    iterations           | 154           |
|    time_elapsed         | 291           |
|    total_timesteps      | 78848         |
| train/                  |               |
|    approx_kl            | 3.2782555e-07 |
|    clip_fraction        | 0             |
|    clip_range           | 0.2           |
|    entropy_loss         | -0.0108       |
|    explained_variance   | 0.00288       |
|    learning_rate        | 0.0003        |
|    loss                 | 6.47e+04      |
|    n_updates            | 765           |
|    policy_gradient_loss | -1.51e-05     |
|    value_loss           | 1.54e+05      |
-------------------------------------------
------------------------------------------
| rollout/                |              |
|    ep_len_mean          | 23.7         |
|    ep_rew_mean          | 544          |
| time/                   |              |
|    fps                  | 270          |
|    iterations           | 155          |
|    time_elapsed         | 293          |
|    total_timesteps      | 79360        |
| train/                  |              |
|    approx_kl            | 9.106356e-06 |
|    clip_fraction        | 0            |
|    clip_range           | 0.2          |
|    entropy_loss         | -0.0104      |
|    explained_variance   | 0.00874      |
|    learning_rate        | 0.0003       |
|    loss                 | 1.67e+05     |
|    n_updates            | 770          |
|    policy_gradient_loss | -0.000104    |
|    value_loss           | 3.17e+05     |
------------------------------------------
---------------------------------------
| rollout/                |           |
|    ep_len_mean          | 23.7      |
|    ep_rew_mean          | 593       |
| time/                   |           |
|    fps                  | 270       |
|    iterations           | 156       |
|    time_elapsed         | 295       |
|    total_timesteps      | 79872     |
| train/                  |           |
|    approx_kl            | 0.0       |
|    clip_fraction        | 0         |
|    clip_range           | 0.2       |
|    entropy_loss         | -0.01     |
|    explained_variance   | 0.0124    |
|    learning_rate        | 0.0003    |
|    loss                 | 1.78e+05  |
|    n_updates            | 775       |
|    policy_gradient_loss | -7.79e-08 |
|    value_loss           | 3.54e+05  |
---------------------------------------
-------------------------------------------
| rollout/                |               |
|    ep_len_mean          | 23.3          |
|    ep_rew_mean          | 578           |
| time/                   |               |
|    fps                  | 270           |
|    iterations           | 157           |
|    time_elapsed         | 297           |
|    total_timesteps      | 80384         |
| train/                  |               |
|    approx_kl            | -6.519258e-09 |
|    clip_fraction        | 0             |
|    clip_range           | 0.2           |
|    entropy_loss         | -0.0102       |
|    explained_variance   | 0.00935       |
|    learning_rate        | 0.0003        |
|    loss                 | 1.05e+05      |
|    n_updates            | 780           |
|    policy_gradient_loss | -4.03e-09     |
|    value_loss           | 1.64e+05      |
-------------------------------------------
-------------------------------------------
| rollout/                |               |
|    ep_len_mean          | 23.1          |
|    ep_rew_mean          | 514           |
| time/                   |               |
|    fps                  | 270           |
|    iterations           | 158           |
|    time_elapsed         | 299           |
|    total_timesteps      | 80896         |
| train/                  |               |
|    approx_kl            | 2.4400651e-07 |
|    clip_fraction        | 0             |
|    clip_range           | 0.2           |
|    entropy_loss         | -0.01         |
|    explained_variance   | 0.00402       |
|    learning_rate        | 0.0003        |
|    loss                 | 1.16e+05      |
|    n_updates            | 785           |
|    policy_gradient_loss | -1.32e-05     |
|    value_loss           | 1.93e+05      |
-------------------------------------------
------------------------------------------
| rollout/                |              |
|    ep_len_mean          | 22.4         |
|    ep_rew_mean          | 630          |
| time/                   |              |
|    fps                  | 270          |
|    iterations           | 159          |
|    time_elapsed         | 301          |
|    total_timesteps      | 81408        |
| train/                  |              |
|    approx_kl            | 6.937189e-07 |
|    clip_fraction        | 0            |
|    clip_range           | 0.2          |
|    entropy_loss         | -0.0101      |
|    explained_variance   | 0.00719      |
|    learning_rate        | 0.0003       |
|    loss                 | 1.21e+05     |
|    n_updates            | 790          |
|    policy_gradient_loss | -2.5e-05     |
|    value_loss           | 2.87e+05     |
------------------------------------------
-------------------------------------------
| rollout/                |               |
|    ep_len_mean          | 23.2          |
|    ep_rew_mean          | 566           |
| time/                   |               |
|    fps                  | 270           |
|    iterations           | 160           |
|    time_elapsed         | 303           |
|    total_timesteps      | 81920         |
| train/                  |               |
|    approx_kl            | 1.3969839e-07 |
|    clip_fraction        | 0             |
|    clip_range           | 0.2           |
|    entropy_loss         | -0.00969      |
|    explained_variance   | 0.0128        |
|    learning_rate        | 0.0003        |
|    loss                 | 1.21e+05      |
|    n_updates            | 795           |
|    policy_gradient_loss | -1.02e-05     |
|    value_loss           | 2.16e+05      |
-------------------------------------------
---------------------------------------
| rollout/                |           |
|    ep_len_mean          | 23.6      |
|    ep_rew_mean          | 530       |
| time/                   |           |
|    fps                  | 269       |
|    iterations           | 161       |
|    time_elapsed         | 305       |
|    total_timesteps      | 82432     |
| train/                  |           |
|    approx_kl            | 0.0       |
|    clip_fraction        | 0         |
|    clip_range           | 0.2       |
|    entropy_loss         | -0.00954  |
|    explained_variance   | 0.0373    |
|    learning_rate        | 0.0003    |
|    loss                 | 2.12e+05  |
|    n_updates            | 800       |
|    policy_gradient_loss | -4.26e-08 |
|    value_loss           | 3.61e+05  |
---------------------------------------
--------------------------------------------
| rollout/                |                |
|    ep_len_mean          | 24             |
|    ep_rew_mean          | 610            |
| time/                   |                |
|    fps                  | 269            |
|    iterations           | 162            |
|    time_elapsed         | 307            |
|    total_timesteps      | 82944          |
| train/                  |                |
|    approx_kl            | 1.46683306e-08 |
|    clip_fraction        | 0              |
|    clip_range           | 0.2            |
|    entropy_loss         | -0.00987       |
|    explained_variance   | 0.0518         |
|    learning_rate        | 0.0003         |
|    loss                 | 7.07e+04       |
|    n_updates            | 805            |
|    policy_gradient_loss | -2.94e-06      |
|    value_loss           | 1.69e+05       |
--------------------------------------------
------------------------------------------
| rollout/                |              |
|    ep_len_mean          | 24.8         |
|    ep_rew_mean          | 524          |
| time/                   |              |
|    fps                  | 269          |
|    iterations           | 163          |
|    time_elapsed         | 309          |
|    total_timesteps      | 83456        |
| train/                  |              |
|    approx_kl            | 6.926712e-08 |
|    clip_fraction        | 0            |
|    clip_range           | 0.2          |
|    entropy_loss         | -0.00963     |
|    explained_variance   | 0.0286       |
|    learning_rate        | 0.0003       |
|    loss                 | 7.19e+04     |
|    n_updates            | 810          |
|    policy_gradient_loss | -1.23e-05    |
|    value_loss           | 1.76e+05     |
------------------------------------------
-------------------------------------------
| rollout/                |               |
|    ep_len_mean          | 24            |
|    ep_rew_mean          | 666           |
| time/                   |               |
|    fps                  | 269           |
|    iterations           | 164           |
|    time_elapsed         | 311           |
|    total_timesteps      | 83968         |
| train/                  |               |
|    approx_kl            | 8.4750354e-08 |
|    clip_fraction        | 0             |
|    clip_range           | 0.2           |
|    entropy_loss         | -0.0093       |
|    explained_variance   | 0.0242        |
|    learning_rate        | 0.0003        |
|    loss                 | 1.74e+05      |
|    n_updates            | 815           |
|    policy_gradient_loss | -8.71e-06     |
|    value_loss           | 3.35e+05      |
-------------------------------------------
-------------------------------------------
| rollout/                |               |
|    ep_len_mean          | 23.4          |
|    ep_rew_mean          | 728           |
| time/                   |               |
|    fps                  | 269           |
|    iterations           | 165           |
|    time_elapsed         | 313           |
|    total_timesteps      | 84480         |
| train/                  |               |
|    approx_kl            | 1.7695129e-08 |
|    clip_fraction        | 0             |
|    clip_range           | 0.2           |
|    entropy_loss         | -0.00935      |
|    explained_variance   | 0.0158        |
|    learning_rate        | 0.0003        |
|    loss                 | 7.28e+04      |
|    n_updates            | 820           |
|    policy_gradient_loss | -5.54e-06     |
|    value_loss           | 1.61e+05      |
-------------------------------------------
------------------------------------------
| rollout/                |              |
|    ep_len_mean          | 23.4         |
|    ep_rew_mean          | 540          |
| time/                   |              |
|    fps                  | 269          |
|    iterations           | 166          |
|    time_elapsed         | 314          |
|    total_timesteps      | 84992        |
| train/                  |              |
|    approx_kl            | 3.419118e-07 |
|    clip_fraction        | 0            |
|    clip_range           | 0.2          |
|    entropy_loss         | -0.0093      |
|    explained_variance   | 0.039        |
|    learning_rate        | 0.0003       |
|    loss                 | 6.3e+04      |
|    n_updates            | 825          |
|    policy_gradient_loss | -2.45e-05    |
|    value_loss           | 1.45e+05     |
------------------------------------------
---------------------------------------
| rollout/                |           |
|    ep_len_mean          | 23.4      |
|    ep_rew_mean          | 486       |
| time/                   |           |
|    fps                  | 269       |
|    iterations           | 167       |
|    time_elapsed         | 316       |
|    total_timesteps      | 85504     |
| train/                  |           |
|    approx_kl            | 0.0       |
|    clip_fraction        | 0         |
|    clip_range           | 0.2       |
|    entropy_loss         | -0.0093   |
|    explained_variance   | 0.0151    |
|    learning_rate        | 0.0003    |
|    loss                 | 2e+05     |
|    n_updates            | 830       |
|    policy_gradient_loss | -9.83e-09 |
|    value_loss           | 3.26e+05  |
---------------------------------------
--------------------------------------
| rollout/                |          |
|    ep_len_mean          | 24.5     |
|    ep_rew_mean          | 586      |
| time/                   |          |
|    fps                  | 269      |
|    iterations           | 168      |
|    time_elapsed         | 318      |
|    total_timesteps      | 86016    |
| train/                  |          |
|    approx_kl            | 0.0      |
|    clip_fraction        | 0        |
|    clip_range           | 0.2      |
|    entropy_loss         | -0.00936 |
|    explained_variance   | 0.0724   |
|    learning_rate        | 0.0003   |
|    loss                 | 9.33e+04 |
|    n_updates            | 835      |
|    policy_gradient_loss | 7.94e-09 |
|    value_loss           | 1.97e+05 |
--------------------------------------
---------------------------------------
| rollout/                |           |
|    ep_len_mean          | 24.9      |
|    ep_rew_mean          | 553       |
| time/                   |           |
|    fps                  | 269       |
|    iterations           | 169       |
|    time_elapsed         | 320       |
|    total_timesteps      | 86528     |
| train/                  |           |
|    approx_kl            | 0.0       |
|    clip_fraction        | 0         |
|    clip_range           | 0.2       |
|    entropy_loss         | -0.00912  |
|    explained_variance   | -0.0195   |
|    learning_rate        | 0.0003    |
|    loss                 | 8.73e+04  |
|    n_updates            | 840       |
|    policy_gradient_loss | -4.24e-09 |
|    value_loss           | 2.09e+05  |
---------------------------------------
--------------------------------------
| rollout/                |          |
|    ep_len_mean          | 25.2     |
|    ep_rew_mean          | 560      |
| time/                   |          |
|    fps                  | 269      |
|    iterations           | 170      |
|    time_elapsed         | 322      |
|    total_timesteps      | 87040    |
| train/                  |          |
|    approx_kl            | 0.0      |
|    clip_fraction        | 0        |
|    clip_range           | 0.2      |
|    entropy_loss         | -0.00914 |
|    explained_variance   | 0.0122   |
|    learning_rate        | 0.0003   |
|    loss                 | 7.89e+04 |
|    n_updates            | 845      |
|    policy_gradient_loss | 8.61e-09 |
|    value_loss           | 1.98e+05 |
--------------------------------------
-------------------------------------------
| rollout/                |               |
|    ep_len_mean          | 25.5          |
|    ep_rew_mean          | 650           |
| time/                   |               |
|    fps                  | 269           |
|    iterations           | 171           |
|    time_elapsed         | 324           |
|    total_timesteps      | 87552         |
| train/                  |               |
|    approx_kl            | 3.0733645e-08 |
|    clip_fraction        | 0             |
|    clip_range           | 0.2           |
|    entropy_loss         | -0.00915      |
|    explained_variance   | 0.0173        |
|    learning_rate        | 0.0003        |
|    loss                 | 7.28e+04      |
|    n_updates            | 850           |
|    policy_gradient_loss | -8.47e-06     |
|    value_loss           | 1.59e+05      |
-------------------------------------------
--------------------------------------
| rollout/                |          |
|    ep_len_mean          | 25.5     |
|    ep_rew_mean          | 625      |
| time/                   |          |
|    fps                  | 269      |
|    iterations           | 172      |
|    time_elapsed         | 326      |
|    total_timesteps      | 88064    |
| train/                  |          |
|    approx_kl            | 0.0      |
|    clip_fraction        | 0        |
|    clip_range           | 0.2      |
|    entropy_loss         | -0.00915 |
|    explained_variance   | 0.0406   |
|    learning_rate        | 0.0003   |
|    loss                 | 1.66e+05 |
|    n_updates            | 855      |
|    policy_gradient_loss | -4.6e-08 |
|    value_loss           | 2.81e+05 |
--------------------------------------
-------------------------------------------
| rollout/                |               |
|    ep_len_mean          | 24.8          |
|    ep_rew_mean          | 506           |
| time/                   |               |
|    fps                  | 269           |
|    iterations           | 173           |
|    time_elapsed         | 328           |
|    total_timesteps      | 88576         |
| train/                  |               |
|    approx_kl            | 6.9849193e-10 |
|    clip_fraction        | 0             |
|    clip_range           | 0.2           |
|    entropy_loss         | -0.00908      |
|    explained_variance   | 0.119         |
|    learning_rate        | 0.0003        |
|    loss                 | 1.5e+05       |
|    n_updates            | 860           |
|    policy_gradient_loss | -1.64e-07     |
|    value_loss           | 3.32e+05      |
-------------------------------------------
--------------------------------------
| rollout/                |          |
|    ep_len_mean          | 24.6     |
|    ep_rew_mean          | 568      |
| time/                   |          |
|    fps                  | 269      |
|    iterations           | 174      |
|    time_elapsed         | 330      |
|    total_timesteps      | 89088    |
| train/                  |          |
|    approx_kl            | 0.0      |
|    clip_fraction        | 0        |
|    clip_range           | 0.2      |
|    entropy_loss         | -0.00923 |
|    explained_variance   | 0.121    |
|    learning_rate        | 0.0003   |
|    loss                 | 1.54e+05 |
|    n_updates            | 865      |
|    policy_gradient_loss | 1.86e-09 |
|    value_loss           | 3.37e+05 |
--------------------------------------
--------------------------------------
| rollout/                |          |
|    ep_len_mean          | 24.3     |
|    ep_rew_mean          | 573      |
| time/                   |          |
|    fps                  | 269      |
|    iterations           | 175      |
|    time_elapsed         | 332      |
|    total_timesteps      | 89600    |
| train/                  |          |
|    approx_kl            | 0.0      |
|    clip_fraction        | 0        |
|    clip_range           | 0.2      |
|    entropy_loss         | -0.00918 |
|    explained_variance   | 0.0602   |
|    learning_rate        | 0.0003   |
|    loss                 | 9.64e+04 |
|    n_updates            | 870      |
|    policy_gradient_loss | 5.59e-09 |
|    value_loss           | 1.85e+05 |
--------------------------------------
-------------------------------------------
| rollout/                |               |
|    ep_len_mean          | 24.6          |
|    ep_rew_mean          | 562           |
| time/                   |               |
|    fps                  | 269           |
|    iterations           | 176           |
|    time_elapsed         | 334           |
|    total_timesteps      | 90112         |
| train/                  |               |
|    approx_kl            | 2.5314512e-06 |
|    clip_fraction        | 0             |
|    clip_range           | 0.2           |
|    entropy_loss         | -0.00893      |
|    explained_variance   | 0.0348        |
|    learning_rate        | 0.0003        |
|    loss                 | 6.75e+04      |
|    n_updates            | 875           |
|    policy_gradient_loss | -0.000106     |
|    value_loss           | 1.28e+05      |
-------------------------------------------
--------------------------------------
| rollout/                |          |
|    ep_len_mean          | 23.7     |
|    ep_rew_mean          | 646      |
| time/                   |          |
|    fps                  | 268      |
|    iterations           | 177      |
|    time_elapsed         | 337      |
|    total_timesteps      | 90624    |
| train/                  |          |
|    approx_kl            | 0.0      |
|    clip_fraction        | 0        |
|    clip_range           | 0.2      |
|    entropy_loss         | -0.00871 |
|    explained_variance   | 0.0122   |
|    learning_rate        | 0.0003   |
|    loss                 | 1.04e+05 |
|    n_updates            | 880      |
|    policy_gradient_loss | 1.75e-07 |
|    value_loss           | 2.37e+05 |
--------------------------------------
-------------------------------------------
| rollout/                |               |
|    ep_len_mean          | 23.1          |
|    ep_rew_mean          | 755           |
| time/                   |               |
|    fps                  | 268           |
|    iterations           | 178           |
|    time_elapsed         | 339           |
|    total_timesteps      | 91136         |
| train/                  |               |
|    approx_kl            | 1.3038516e-07 |
|    clip_fraction        | 0             |
|    clip_range           | 0.2           |
|    entropy_loss         | -0.00877      |
|    explained_variance   | -0.00463      |
|    learning_rate        | 0.0003        |
|    loss                 | 6.85e+04      |
|    n_updates            | 885           |
|    policy_gradient_loss | -2.37e-05     |
|    value_loss           | 1.54e+05      |
-------------------------------------------
-------------------------------------------
| rollout/                |               |
|    ep_len_mean          | 23.9          |
|    ep_rew_mean          | 743           |
| time/                   |               |
|    fps                  | 268           |
|    iterations           | 179           |
|    time_elapsed         | 341           |
|    total_timesteps      | 91648         |
| train/                  |               |
|    approx_kl            | 6.5006316e-07 |
|    clip_fraction        | 0             |
|    clip_range           | 0.2           |
|    entropy_loss         | -0.00865      |
|    explained_variance   | 0.00253       |
|    learning_rate        | 0.0003        |
|    loss                 | 1.03e+05      |
|    n_updates            | 890           |
|    policy_gradient_loss | -2.45e-05     |
|    value_loss           | 2.14e+05      |
-------------------------------------------
---------------------------------------
| rollout/                |           |
|    ep_len_mean          | 24        |
|    ep_rew_mean          | 659       |
| time/                   |           |
|    fps                  | 268       |
|    iterations           | 180       |
|    time_elapsed         | 343       |
|    total_timesteps      | 92160     |
| train/                  |           |
|    approx_kl            | 0.0       |
|    clip_fraction        | 0         |
|    clip_range           | 0.2       |
|    entropy_loss         | -0.00841  |
|    explained_variance   | 0.0141    |
|    learning_rate        | 0.0003    |
|    loss                 | 1.15e+05  |
|    n_updates            | 895       |
|    policy_gradient_loss | -7.91e-08 |
|    value_loss           | 2.13e+05  |
---------------------------------------
---------------------------------------
| rollout/                |           |
|    ep_len_mean          | 23.7      |
|    ep_rew_mean          | 642       |
| time/                   |           |
|    fps                  | 268       |
|    iterations           | 181       |
|    time_elapsed         | 345       |
|    total_timesteps      | 92672     |
| train/                  |           |
|    approx_kl            | 0.0       |
|    clip_fraction        | 0         |
|    clip_range           | 0.2       |
|    entropy_loss         | -0.00843  |
|    explained_variance   | 0.025     |
|    learning_rate        | 0.0003    |
|    loss                 | 6.93e+04  |
|    n_updates            | 900       |
|    policy_gradient_loss | -3.96e-09 |
|    value_loss           | 1.75e+05  |
---------------------------------------
--------------------------------------
| rollout/                |          |
|    ep_len_mean          | 23.8     |
|    ep_rew_mean          | 599      |
| time/                   |          |
|    fps                  | 268      |
|    iterations           | 182      |
|    time_elapsed         | 347      |
|    total_timesteps      | 93184    |
| train/                  |          |
|    approx_kl            | 0.0      |
|    clip_fraction        | 0        |
|    clip_range           | 0.2      |
|    entropy_loss         | -0.00829 |
|    explained_variance   | 0.105    |
|    learning_rate        | 0.0003   |
|    loss                 | 1.13e+05 |
|    n_updates            | 905      |
|    policy_gradient_loss | 1.05e-09 |
|    value_loss           | 2.35e+05 |
--------------------------------------
--------------------------------------
| rollout/                |          |
|    ep_len_mean          | 24.6     |
|    ep_rew_mean          | 576      |
| time/                   |          |
|    fps                  | 268      |
|    iterations           | 183      |
|    time_elapsed         | 349      |
|    total_timesteps      | 93696    |
| train/                  |          |
|    approx_kl            | 0.0      |
|    clip_fraction        | 0        |
|    clip_range           | 0.2      |
|    entropy_loss         | -0.00845 |
|    explained_variance   | 0.0829   |
|    learning_rate        | 0.0003   |
|    loss                 | 8.17e+04 |
|    n_updates            | 910      |
|    policy_gradient_loss | 6.52e-09 |
|    value_loss           | 1.57e+05 |
--------------------------------------
---------------------------------------
| rollout/                |           |
|    ep_len_mean          | 23.2      |
|    ep_rew_mean          | 591       |
| time/                   |           |
|    fps                  | 268       |
|    iterations           | 184       |
|    time_elapsed         | 351       |
|    total_timesteps      | 94208     |
| train/                  |           |
|    approx_kl            | 0.0       |
|    clip_fraction        | 0         |
|    clip_range           | 0.2       |
|    entropy_loss         | -0.00825  |
|    explained_variance   | 0.108     |
|    learning_rate        | 0.0003    |
|    loss                 | 1.15e+05  |
|    n_updates            | 915       |
|    policy_gradient_loss | -3.21e-09 |
|    value_loss           | 2.72e+05  |
---------------------------------------
---------------------------------------
| rollout/                |           |
|    ep_len_mean          | 23.8      |
|    ep_rew_mean          | 644       |
| time/                   |           |
|    fps                  | 268       |
|    iterations           | 185       |
|    time_elapsed         | 353       |
|    total_timesteps      | 94720     |
| train/                  |           |
|    approx_kl            | 0.0       |
|    clip_fraction        | 0         |
|    clip_range           | 0.2       |
|    entropy_loss         | -0.00833  |
|    explained_variance   | 0.0344    |
|    learning_rate        | 0.0003    |
|    loss                 | 9.67e+04  |
|    n_updates            | 920       |
|    policy_gradient_loss | -9.85e-09 |
|    value_loss           | 1.95e+05  |
---------------------------------------
-------------------------------------------
| rollout/                |               |
|    ep_len_mean          | 24            |
|    ep_rew_mean          | 648           |
| time/                   |               |
|    fps                  | 268           |
|    iterations           | 186           |
|    time_elapsed         | 354           |
|    total_timesteps      | 95232         |
| train/                  |               |
|    approx_kl            | 2.3283064e-10 |
|    clip_fraction        | 0             |
|    clip_range           | 0.2           |
|    entropy_loss         | -0.00828      |
|    explained_variance   | 0.0717        |
|    learning_rate        | 0.0003        |
|    loss                 | 1.16e+05      |
|    n_updates            | 925           |
|    policy_gradient_loss | -3.06e-07     |
|    value_loss           | 2.5e+05       |
-------------------------------------------
-----------------------------------------
| rollout/                |             |
|    ep_len_mean          | 23.7        |
|    ep_rew_mean          | 556         |
| time/                   |             |
|    fps                  | 268         |
|    iterations           | 187         |
|    time_elapsed         | 356         |
|    total_timesteps      | 95744       |
| train/                  |             |
|    approx_kl            | 5.62286e-08 |
|    clip_fraction        | 0           |
|    clip_range           | 0.2         |
|    entropy_loss         | -0.0082     |
|    explained_variance   | 0.0968      |
|    learning_rate        | 0.0003      |
|    loss                 | 5.98e+04    |
|    n_updates            | 930         |
|    policy_gradient_loss | -4.69e-06   |
|    value_loss           | 1.39e+05    |
-----------------------------------------
-------------------------------------------
| rollout/                |               |
|    ep_len_mean          | 24.1          |
|    ep_rew_mean          | 566           |
| time/                   |               |
|    fps                  | 268           |
|    iterations           | 188           |
|    time_elapsed         | 358           |
|    total_timesteps      | 96256         |
| train/                  |               |
|    approx_kl            | 4.1909516e-09 |
|    clip_fraction        | 0             |
|    clip_range           | 0.2           |
|    entropy_loss         | -0.0083       |
|    explained_variance   | 0.101         |
|    learning_rate        | 0.0003        |
|    loss                 | 9.45e+04      |
|    n_updates            | 935           |
|    policy_gradient_loss | -2.36e-06     |
|    value_loss           | 1.85e+05      |
-------------------------------------------
--------------------------------------
| rollout/                |          |
|    ep_len_mean          | 24.5     |
|    ep_rew_mean          | 551      |
| time/                   |          |
|    fps                  | 268      |
|    iterations           | 189      |
|    time_elapsed         | 360      |
|    total_timesteps      | 96768    |
| train/                  |          |
|    approx_kl            | 0.0      |
|    clip_fraction        | 0        |
|    clip_range           | 0.2      |
|    entropy_loss         | -0.00822 |
|    explained_variance   | 0.0924   |
|    learning_rate        | 0.0003   |
|    loss                 | 6.5e+04  |
|    n_updates            | 940      |
|    policy_gradient_loss | 1.96e-09 |
|    value_loss           | 1.94e+05 |
--------------------------------------
--------------------------------------
| rollout/                |          |
|    ep_len_mean          | 24.2     |
|    ep_rew_mean          | 510      |
| time/                   |          |
|    fps                  | 268      |
|    iterations           | 190      |
|    time_elapsed         | 362      |
|    total_timesteps      | 97280    |
| train/                  |          |
|    approx_kl            | 0.0      |
|    clip_fraction        | 0        |
|    clip_range           | 0.2      |
|    entropy_loss         | -0.00837 |
|    explained_variance   | 0.0526   |
|    learning_rate        | 0.0003   |
|    loss                 | 1.01e+05 |
|    n_updates            | 945      |
|    policy_gradient_loss | 2.47e-09 |
|    value_loss           | 2.32e+05 |
--------------------------------------
--------------------------------------
| rollout/                |          |
|    ep_len_mean          | 23.9     |
|    ep_rew_mean          | 523      |
| time/                   |          |
|    fps                  | 268      |
|    iterations           | 191      |
|    time_elapsed         | 364      |
|    total_timesteps      | 97792    |
| train/                  |          |
|    approx_kl            | 0.0      |
|    clip_fraction        | 0        |
|    clip_range           | 0.2      |
|    entropy_loss         | -0.00838 |
|    explained_variance   | 0.0284   |
|    learning_rate        | 0.0003   |
|    loss                 | 1.06e+05 |
|    n_updates            | 950      |
|    policy_gradient_loss | 5.94e-09 |
|    value_loss           | 2.14e+05 |
--------------------------------------
---------------------------------------
| rollout/                |           |
|    ep_len_mean          | 24.3      |
|    ep_rew_mean          | 493       |
| time/                   |           |
|    fps                  | 268       |
|    iterations           | 192       |
|    time_elapsed         | 366       |
|    total_timesteps      | 98304     |
| train/                  |           |
|    approx_kl            | 0.0       |
|    clip_fraction        | 0         |
|    clip_range           | 0.2       |
|    entropy_loss         | -0.00821  |
|    explained_variance   | 0.116     |
|    learning_rate        | 0.0003    |
|    loss                 | 8.26e+04  |
|    n_updates            | 955       |
|    policy_gradient_loss | -6.12e-09 |
|    value_loss           | 1.98e+05  |
---------------------------------------
------------------------------------------
| rollout/                |              |
|    ep_len_mean          | 24.6         |
|    ep_rew_mean          | 550          |
| time/                   |              |
|    fps                  | 268          |
|    iterations           | 193          |
|    time_elapsed         | 368          |
|    total_timesteps      | 98816        |
| train/                  |              |
|    approx_kl            | 5.355105e-09 |
|    clip_fraction        | 0            |
|    clip_range           | 0.2          |
|    entropy_loss         | -0.00808     |
|    explained_variance   | 0.116        |
|    learning_rate        | 0.0003       |
|    loss                 | 1.62e+05     |
|    n_updates            | 960          |
|    policy_gradient_loss | -8.82e-07    |
|    value_loss           | 2.92e+05     |
------------------------------------------
---------------------------------------
| rollout/                |           |
|    ep_len_mean          | 24.4      |
|    ep_rew_mean          | 535       |
| time/                   |           |
|    fps                  | 268       |
|    iterations           | 194       |
|    time_elapsed         | 370       |
|    total_timesteps      | 99328     |
| train/                  |           |
|    approx_kl            | 0.0       |
|    clip_fraction        | 0         |
|    clip_range           | 0.2       |
|    entropy_loss         | -0.00839  |
|    explained_variance   | -0.0196   |
|    learning_rate        | 0.0003    |
|    loss                 | 6.82e+04  |
|    n_updates            | 965       |
|    policy_gradient_loss | -6.43e-09 |
|    value_loss           | 1.36e+05  |
---------------------------------------
---------------------------------------
| rollout/                |           |
|    ep_len_mean          | 25        |
|    ep_rew_mean          | 542       |
| time/                   |           |
|    fps                  | 268       |
|    iterations           | 195       |
|    time_elapsed         | 372       |
|    total_timesteps      | 99840     |
| train/                  |           |
|    approx_kl            | 0.0       |
|    clip_fraction        | 0         |
|    clip_range           | 0.2       |
|    entropy_loss         | -0.00809  |
|    explained_variance   | 0.0909    |
|    learning_rate        | 0.0003    |
|    loss                 | 1.75e+05  |
|    n_updates            | 970       |
|    policy_gradient_loss | -1.29e-07 |
|    value_loss           | 3.5e+05   |
---------------------------------------
--------------------------------------
| rollout/                |          |
|    ep_len_mean          | 24.7     |
|    ep_rew_mean          | 532      |
| time/                   |          |
|    fps                  | 268      |
|    iterations           | 196      |
|    time_elapsed         | 374      |
|    total_timesteps      | 100352   |
| train/                  |          |
|    approx_kl            | 0.0      |
|    clip_fraction        | 0        |
|    clip_range           | 0.2      |
|    entropy_loss         | -0.00832 |
|    explained_variance   | 0.033    |
|    learning_rate        | 0.0003   |
|    loss                 | 8.33e+04 |
|    n_updates            | 975      |
|    policy_gradient_loss | 1.04e-08 |
|    value_loss           | 1.67e+05 |
--------------------------------------
-------------------------------------------
| rollout/                |               |
|    ep_len_mean          | 24.2          |
|    ep_rew_mean          | 547           |
| time/                   |               |
|    fps                  | 268           |
|    iterations           | 197           |
|    time_elapsed         | 375           |
|    total_timesteps      | 100864        |
| train/                  |               |
|    approx_kl            | 2.4447218e-09 |
|    clip_fraction        | 0             |
|    clip_range           | 0.2           |
|    entropy_loss         | -0.00842      |
|    explained_variance   | 0.0631        |
|    learning_rate        | 0.0003        |
|    loss                 | 7.61e+04      |
|    n_updates            | 980           |
|    policy_gradient_loss | -6.51e-07     |
|    value_loss           | 1.69e+05      |
-------------------------------------------
---------------------------------------
| rollout/                |           |
|    ep_len_mean          | 24.2      |
|    ep_rew_mean          | 566       |
| time/                   |           |
|    fps                  | 268       |
|    iterations           | 198       |
|    time_elapsed         | 377       |
|    total_timesteps      | 101376    |
| train/                  |           |
|    approx_kl            | 0.0       |
|    clip_fraction        | 0         |
|    clip_range           | 0.2       |
|    entropy_loss         | -0.00851  |
|    explained_variance   | 0.104     |
|    learning_rate        | 0.0003    |
|    loss                 | 1.32e+05  |
|    n_updates            | 985       |
|    policy_gradient_loss | -1.07e-08 |
|    value_loss           | 2.28e+05  |
---------------------------------------
---------------------------------------
| rollout/                |           |
|    ep_len_mean          | 24.7      |
|    ep_rew_mean          | 635       |
| time/                   |           |
|    fps                  | 268       |
|    iterations           | 199       |
|    time_elapsed         | 379       |
|    total_timesteps      | 101888    |
| train/                  |           |
|    approx_kl            | 0.0       |
|    clip_fraction        | 0         |
|    clip_range           | 0.2       |
|    entropy_loss         | -0.00825  |
|    explained_variance   | 0.00524   |
|    learning_rate        | 0.0003    |
|    loss                 | 5.75e+04  |
|    n_updates            | 990       |
|    policy_gradient_loss | -1.24e-08 |
|    value_loss           | 1.48e+05  |
---------------------------------------
-------------------------------------------
| rollout/                |               |
|    ep_len_mean          | 25            |
|    ep_rew_mean          | 576           |
| time/                   |               |
|    fps                  | 268           |
|    iterations           | 200           |
|    time_elapsed         | 381           |
|    total_timesteps      | 102400        |
| train/                  |               |
|    approx_kl            | 6.4028427e-09 |
|    clip_fraction        | 0             |
|    clip_range           | 0.2           |
|    entropy_loss         | -0.00814      |
|    explained_variance   | 0.0175        |
|    learning_rate        | 0.0003        |
|    loss                 | 1.03e+05      |
|    n_updates            | 995           |
|    policy_gradient_loss | -9.05e-07     |
|    value_loss           | 2.23e+05      |
-------------------------------------------
--------------------------------------
| rollout/                |          |
|    ep_len_mean          | 25.4     |
|    ep_rew_mean          | 505      |
| time/                   |          |
|    fps                  | 268      |
|    iterations           | 201      |
|    time_elapsed         | 383      |
|    total_timesteps      | 102912   |
| train/                  |          |
|    approx_kl            | 0.0      |
|    clip_fraction        | 0        |
|    clip_range           | 0.2      |
|    entropy_loss         | -0.00815 |
|    explained_variance   | -0.0094  |
|    learning_rate        | 0.0003   |
|    loss                 | 1.39e+05 |
|    n_updates            | 1000     |
|    policy_gradient_loss | 2.19e-09 |
|    value_loss           | 2.64e+05 |
--------------------------------------
--------------------------------------
| rollout/                |          |
|    ep_len_mean          | 24.9     |
|    ep_rew_mean          | 509      |
| time/                   |          |
|    fps                  | 268      |
|    iterations           | 202      |
|    time_elapsed         | 385      |
|    total_timesteps      | 103424   |
| train/                  |          |
|    approx_kl            | 0.0      |
|    clip_fraction        | 0        |
|    clip_range           | 0.2      |
|    entropy_loss         | -0.00831 |
|    explained_variance   | 0.111    |
|    learning_rate        | 0.0003   |
|    loss                 | 1.62e+05 |
|    n_updates            | 1005     |
|    policy_gradient_loss | 5.52e-09 |
|    value_loss           | 2.74e+05 |
--------------------------------------
--------------------------------------
| rollout/                |          |
|    ep_len_mean          | 25.2     |
|    ep_rew_mean          | 361      |
| time/                   |          |
|    fps                  | 268      |
|    iterations           | 203      |
|    time_elapsed         | 387      |
|    total_timesteps      | 103936   |
| train/                  |          |
|    approx_kl            | 0.0      |
|    clip_fraction        | 0        |
|    clip_range           | 0.2      |
|    entropy_loss         | -0.00823 |
|    explained_variance   | 0.15     |
|    learning_rate        | 0.0003   |
|    loss                 | 1.46e+05 |
|    n_updates            | 1010     |
|    policy_gradient_loss | 8.59e-09 |
|    value_loss           | 2.84e+05 |
--------------------------------------
--------------------------------------
| rollout/                |          |
|    ep_len_mean          | 24.9     |
|    ep_rew_mean          | 318      |
| time/                   |          |
|    fps                  | 268      |
|    iterations           | 204      |
|    time_elapsed         | 388      |
|    total_timesteps      | 104448   |
| train/                  |          |
|    approx_kl            | 0.0      |
|    clip_fraction        | 0        |
|    clip_range           | 0.2      |
|    entropy_loss         | -0.00823 |
|    explained_variance   | 0.167    |
|    learning_rate        | 0.0003   |
|    loss                 | 1.17e+05 |
|    n_updates            | 1015     |
|    policy_gradient_loss | 1.37e-09 |
|    value_loss           | 2.44e+05 |
--------------------------------------
--------------------------------------
| rollout/                |          |
|    ep_len_mean          | 25.3     |
|    ep_rew_mean          | 313      |
| time/                   |          |
|    fps                  | 268      |
|    iterations           | 205      |
|    time_elapsed         | 390      |
|    total_timesteps      | 104960   |
| train/                  |          |
|    approx_kl            | 0.0      |
|    clip_fraction        | 0        |
|    clip_range           | 0.2      |
|    entropy_loss         | -0.00818 |
|    explained_variance   | 0.108    |
|    learning_rate        | 0.0003   |
|    loss                 | 1.28e+05 |
|    n_updates            | 1020     |
|    policy_gradient_loss | 3.31e-09 |
|    value_loss           | 2.59e+05 |
--------------------------------------
--------------------------------------
| rollout/                |          |
|    ep_len_mean          | 25.9     |
|    ep_rew_mean          | 430      |
| time/                   |          |
|    fps                  | 268      |
|    iterations           | 206      |
|    time_elapsed         | 392      |
|    total_timesteps      | 105472   |
| train/                  |          |
|    approx_kl            | 0.0      |
|    clip_fraction        | 0        |
|    clip_range           | 0.2      |
|    entropy_loss         | -0.00811 |
|    explained_variance   | 0.138    |
|    learning_rate        | 0.0003   |
|    loss                 | 1.69e+05 |
|    n_updates            | 1025     |
|    policy_gradient_loss | 6.33e-09 |
|    value_loss           | 2.69e+05 |
--------------------------------------
-------------------------------------------
| rollout/                |               |
|    ep_len_mean          | 26.1          |
|    ep_rew_mean          | 449           |
| time/                   |               |
|    fps                  | 268           |
|    iterations           | 207           |
|    time_elapsed         | 394           |
|    total_timesteps      | 105984        |
| train/                  |               |
|    approx_kl            | 2.3283064e-10 |
|    clip_fraction        | 0             |
|    clip_range           | 0.2           |
|    entropy_loss         | -0.0083       |
|    explained_variance   | -0.0057       |
|    learning_rate        | 0.0003        |
|    loss                 | 1.46e+05      |
|    n_updates            | 1030          |
|    policy_gradient_loss | -1.84e-07     |
|    value_loss           | 2.72e+05      |
-------------------------------------------
------------------------------------------
| rollout/                |              |
|    ep_len_mean          | 26.1         |
|    ep_rew_mean          | 467          |
| time/                   |              |
|    fps                  | 268          |
|    iterations           | 208          |
|    time_elapsed         | 396          |
|    total_timesteps      | 106496       |
| train/                  |              |
|    approx_kl            | 8.343486e-07 |
|    clip_fraction        | 0            |
|    clip_range           | 0.2          |
|    entropy_loss         | -0.00835     |
|    explained_variance   | 0.0132       |
|    learning_rate        | 0.0003       |
|    loss                 | 6.9e+04      |
|    n_updates            | 1035         |
|    policy_gradient_loss | -4.21e-05    |
|    value_loss           | 1.32e+05     |
------------------------------------------
------------------------------------------
| rollout/                |              |
|    ep_len_mean          | 25.2         |
|    ep_rew_mean          | 640          |
| time/                   |              |
|    fps                  | 268          |
|    iterations           | 209          |
|    time_elapsed         | 397          |
|    total_timesteps      | 107008       |
| train/                  |              |
|    approx_kl            | 9.776559e-07 |
|    clip_fraction        | 0            |
|    clip_range           | 0.2          |
|    entropy_loss         | -0.00807     |
|    explained_variance   | 0.0855       |
|    learning_rate        | 0.0003       |
|    loss                 | 1.21e+05     |
|    n_updates            | 1040         |
|    policy_gradient_loss | -4.56e-05    |
|    value_loss           | 2.13e+05     |
------------------------------------------
--------------------------------------
| rollout/                |          |
|    ep_len_mean          | 24.4     |
|    ep_rew_mean          | 628      |
| time/                   |          |
|    fps                  | 268      |
|    iterations           | 210      |
|    time_elapsed         | 400      |
|    total_timesteps      | 107520   |
| train/                  |          |
|    approx_kl            | 0.0      |
|    clip_fraction        | 0        |
|    clip_range           | 0.2      |
|    entropy_loss         | -0.00795 |
|    explained_variance   | 0.054    |
|    learning_rate        | 0.0003   |
|    loss                 | 8.59e+04 |
|    n_updates            | 1045     |
|    policy_gradient_loss | 4.81e-08 |
|    value_loss           | 1.79e+05 |
--------------------------------------
---------------------------------------
| rollout/                |           |
|    ep_len_mean          | 23.4      |
|    ep_rew_mean          | 644       |
| time/                   |           |
|    fps                  | 268       |
|    iterations           | 211       |
|    time_elapsed         | 401       |
|    total_timesteps      | 108032    |
| train/                  |           |
|    approx_kl            | 0.0       |
|    clip_fraction        | 0         |
|    clip_range           | 0.2       |
|    entropy_loss         | -0.00791  |
|    explained_variance   | 0.133     |
|    learning_rate        | 0.0003    |
|    loss                 | 1.35e+05  |
|    n_updates            | 1050      |
|    policy_gradient_loss | -2.65e-09 |
|    value_loss           | 3.77e+05  |
---------------------------------------
-------------------------------------------
| rollout/                |               |
|    ep_len_mean          | 22.6          |
|    ep_rew_mean          | 568           |
| time/                   |               |
|    fps                  | 268           |
|    iterations           | 212           |
|    time_elapsed         | 403           |
|    total_timesteps      | 108544        |
| train/                  |               |
|    approx_kl            | 3.4924597e-10 |
|    clip_fraction        | 0             |
|    clip_range           | 0.2           |
|    entropy_loss         | -0.0078       |
|    explained_variance   | 0.144         |
|    learning_rate        | 0.0003        |
|    loss                 | 1.83e+05      |
|    n_updates            | 1055          |
|    policy_gradient_loss | -3.32e-07     |
|    value_loss           | 2.99e+05      |
-------------------------------------------
---------------------------------------
| rollout/                |           |
|    ep_len_mean          | 22.8      |
|    ep_rew_mean          | 542       |
| time/                   |           |
|    fps                  | 269       |
|    iterations           | 213       |
|    time_elapsed         | 405       |
|    total_timesteps      | 109056    |
| train/                  |           |
|    approx_kl            | 0.0       |
|    clip_fraction        | 0         |
|    clip_range           | 0.2       |
|    entropy_loss         | -0.00794  |
|    explained_variance   | 0.0767    |
|    learning_rate        | 0.0003    |
|    loss                 | 1.08e+05  |
|    n_updates            | 1060      |
|    policy_gradient_loss | -5.49e-09 |
|    value_loss           | 2.61e+05  |
---------------------------------------
------------------------------------------
| rollout/                |              |
|    ep_len_mean          | 23.5         |
|    ep_rew_mean          | 539          |
| time/                   |              |
|    fps                  | 268          |
|    iterations           | 214          |
|    time_elapsed         | 407          |
|    total_timesteps      | 109568       |
| train/                  |              |
|    approx_kl            | 2.561137e-09 |
|    clip_fraction        | 0            |
|    clip_range           | 0.2          |
|    entropy_loss         | -0.0078      |
|    explained_variance   | 0.00437      |
|    learning_rate        | 0.0003       |
|    loss                 | 1.14e+05     |
|    n_updates            | 1065         |
|    policy_gradient_loss | -1.81e-06    |
|    value_loss           | 2.19e+05     |
------------------------------------------
---------------------------------------
| rollout/                |           |
|    ep_len_mean          | 23.1      |
|    ep_rew_mean          | 517       |
| time/                   |           |
|    fps                  | 268       |
|    iterations           | 215       |
|    time_elapsed         | 409       |
|    total_timesteps      | 110080    |
| train/                  |           |
|    approx_kl            | 0.0       |
|    clip_fraction        | 0         |
|    clip_range           | 0.2       |
|    entropy_loss         | -0.00787  |
|    explained_variance   | 0.0808    |
|    learning_rate        | 0.0003    |
|    loss                 | 1.18e+05  |
|    n_updates            | 1070      |
|    policy_gradient_loss | -4.33e-09 |
|    value_loss           | 2.4e+05   |
---------------------------------------
------------------------------------------
| rollout/                |              |
|    ep_len_mean          | 23.4         |
|    ep_rew_mean          | 663          |
| time/                   |              |
|    fps                  | 268          |
|    iterations           | 216          |
|    time_elapsed         | 411          |
|    total_timesteps      | 110592       |
| train/                  |              |
|    approx_kl            | 3.015157e-08 |
|    clip_fraction        | 0            |
|    clip_range           | 0.2          |
|    entropy_loss         | -0.00785     |
|    explained_variance   | 0.0672       |
|    learning_rate        | 0.0003       |
|    loss                 | 7.49e+04     |
|    n_updates            | 1075         |
|    policy_gradient_loss | -5.17e-06    |
|    value_loss           | 1.62e+05     |
------------------------------------------
---------------------------------------
| rollout/                |           |
|    ep_len_mean          | 23.7      |
|    ep_rew_mean          | 648       |
| time/                   |           |
|    fps                  | 268       |
|    iterations           | 217       |
|    time_elapsed         | 413       |
|    total_timesteps      | 111104    |
| train/                  |           |
|    approx_kl            | 0.0       |
|    clip_fraction        | 0         |
|    clip_range           | 0.2       |
|    entropy_loss         | -0.00779  |
|    explained_variance   | 0.127     |
|    learning_rate        | 0.0003    |
|    loss                 | 1.15e+05  |
|    n_updates            | 1080      |
|    policy_gradient_loss | -3.07e-09 |
|    value_loss           | 2.1e+05   |
---------------------------------------
---------------------------------------
| rollout/                |           |
|    ep_len_mean          | 24.2      |
|    ep_rew_mean          | 521       |
| time/                   |           |
|    fps                  | 268       |
|    iterations           | 218       |
|    time_elapsed         | 414       |
|    total_timesteps      | 111616    |
| train/                  |           |
|    approx_kl            | 0.0       |
|    clip_fraction        | 0         |
|    clip_range           | 0.2       |
|    entropy_loss         | -0.00797  |
|    explained_variance   | 0.0921    |
|    learning_rate        | 0.0003    |
|    loss                 | 1.49e+05  |
|    n_updates            | 1085      |
|    policy_gradient_loss | -2.14e-09 |
|    value_loss           | 2.38e+05  |
---------------------------------------
---------------------------------------
| rollout/                |           |
|    ep_len_mean          | 24.4      |
|    ep_rew_mean          | 663       |
| time/                   |           |
|    fps                  | 269       |
|    iterations           | 219       |
|    time_elapsed         | 416       |
|    total_timesteps      | 112128    |
| train/                  |           |
|    approx_kl            | 0.0       |
|    clip_fraction        | 0         |
|    clip_range           | 0.2       |
|    entropy_loss         | -0.00785  |
|    explained_variance   | 0.148     |
|    learning_rate        | 0.0003    |
|    loss                 | 1.29e+05  |
|    n_updates            | 1090      |
|    policy_gradient_loss | -5.33e-09 |
|    value_loss           | 2.68e+05  |
---------------------------------------
--------------------------------------
| rollout/                |          |
|    ep_len_mean          | 24.7     |
|    ep_rew_mean          | 595      |
| time/                   |          |
|    fps                  | 269      |
|    iterations           | 220      |
|    time_elapsed         | 418      |
|    total_timesteps      | 112640   |
| train/                  |          |
|    approx_kl            | 0.0      |
|    clip_fraction        | 0        |
|    clip_range           | 0.2      |
|    entropy_loss         | -0.00797 |
|    explained_variance   | 0.0168   |
|    learning_rate        | 0.0003   |
|    loss                 | 1.19e+05 |
|    n_updates            | 1095     |
|    policy_gradient_loss | 5.03e-09 |
|    value_loss           | 2.3e+05  |
--------------------------------------
---------------------------------------
| rollout/                |           |
|    ep_len_mean          | 24.4      |
|    ep_rew_mean          | 663       |
| time/                   |           |
|    fps                  | 269       |
|    iterations           | 221       |
|    time_elapsed         | 420       |
|    total_timesteps      | 113152    |
| train/                  |           |
|    approx_kl            | 0.0       |
|    clip_fraction        | 0         |
|    clip_range           | 0.2       |
|    entropy_loss         | -0.0078   |
|    explained_variance   | 0.0831    |
|    learning_rate        | 0.0003    |
|    loss                 | 9.11e+04  |
|    n_updates            | 1100      |
|    policy_gradient_loss | -2.06e-08 |
|    value_loss           | 1.98e+05  |
---------------------------------------
--------------------------------------
| rollout/                |          |
|    ep_len_mean          | 25.1     |
|    ep_rew_mean          | 622      |
| time/                   |          |
|    fps                  | 269      |
|    iterations           | 222      |
|    time_elapsed         | 421      |
|    total_timesteps      | 113664   |
| train/                  |          |
|    approx_kl            | 0.0      |
|    clip_fraction        | 0        |
|    clip_range           | 0.2      |
|    entropy_loss         | -0.0078  |
|    explained_variance   | 0.0402   |
|    learning_rate        | 0.0003   |
|    loss                 | 7.95e+04 |
|    n_updates            | 1105     |
|    policy_gradient_loss | 7.61e-09 |
|    value_loss           | 1.52e+05 |
--------------------------------------
---------------------------------------
| rollout/                |           |
|    ep_len_mean          | 24.5      |
|    ep_rew_mean          | 665       |
| time/                   |           |
|    fps                  | 269       |
|    iterations           | 223       |
|    time_elapsed         | 423       |
|    total_timesteps      | 114176    |
| train/                  |           |
|    approx_kl            | 0.0       |
|    clip_fraction        | 0         |
|    clip_range           | 0.2       |
|    entropy_loss         | -0.00768  |
|    explained_variance   | 0.177     |
|    learning_rate        | 0.0003    |
|    loss                 | 1e+05     |
|    n_updates            | 1110      |
|    policy_gradient_loss | -4.66e-10 |
|    value_loss           | 2.52e+05  |
---------------------------------------
-------------------------------------------
| rollout/                |               |
|    ep_len_mean          | 24.5          |
|    ep_rew_mean          | 576           |
| time/                   |               |
|    fps                  | 269           |
|    iterations           | 224           |
|    time_elapsed         | 424           |
|    total_timesteps      | 114688        |
| train/                  |               |
|    approx_kl            | 1.2805685e-09 |
|    clip_fraction        | 0             |
|    clip_range           | 0.2           |
|    entropy_loss         | -0.00804      |
|    explained_variance   | 0.0844        |
|    learning_rate        | 0.0003        |
|    loss                 | 1.02e+05      |
|    n_updates            | 1115          |
|    policy_gradient_loss | -8.2e-07      |
|    value_loss           | 2.39e+05      |
-------------------------------------------
------------------------------------------
| rollout/                |              |
|    ep_len_mean          | 25           |
|    ep_rew_mean          | 592          |
| time/                   |              |
|    fps                  | 269          |
|    iterations           | 225          |
|    time_elapsed         | 426          |
|    total_timesteps      | 115200       |
| train/                  |              |
|    approx_kl            | 4.656613e-09 |
|    clip_fraction        | 0            |
|    clip_range           | 0.2          |
|    entropy_loss         | -0.00772     |
|    explained_variance   | 0.0967       |
|    learning_rate        | 0.0003       |
|    loss                 | 1.12e+05     |
|    n_updates            | 1120         |
|    policy_gradient_loss | -1.42e-06    |
|    value_loss           | 2.4e+05      |
------------------------------------------
-------------------------------------------
| rollout/                |               |
|    ep_len_mean          | 25            |
|    ep_rew_mean          | 418           |
| time/                   |               |
|    fps                  | 270           |
|    iterations           | 226           |
|    time_elapsed         | 428           |
|    total_timesteps      | 115712        |
| train/                  |               |
|    approx_kl            | 2.1071173e-08 |
|    clip_fraction        | 0             |
|    clip_range           | 0.2           |
|    entropy_loss         | -0.00796      |
|    explained_variance   | 0.203         |
|    learning_rate        | 0.0003        |
|    loss                 | 2.01e+05      |
|    n_updates            | 1125          |
|    policy_gradient_loss | -2.35e-06     |
|    value_loss           | 4.26e+05      |
-------------------------------------------
--------------------------------------
| rollout/                |          |
|    ep_len_mean          | 24.5     |
|    ep_rew_mean          | 424      |
| time/                   |          |
|    fps                  | 270      |
|    iterations           | 227      |
|    time_elapsed         | 430      |
|    total_timesteps      | 116224   |
| train/                  |          |
|    approx_kl            | 0.0      |
|    clip_fraction        | 0        |
|    clip_range           | 0.2      |
|    entropy_loss         | -0.00778 |
|    explained_variance   | 0.155    |
|    learning_rate        | 0.0003   |
|    loss                 | 9.41e+04 |
|    n_updates            | 1130     |
|    policy_gradient_loss | 4.24e-08 |
|    value_loss           | 2e+05    |
--------------------------------------
------------------------------------------
| rollout/                |              |
|    ep_len_mean          | 24.6         |
|    ep_rew_mean          | 398          |
| time/                   |              |
|    fps                  | 270          |
|    iterations           | 228          |
|    time_elapsed         | 432          |
|    total_timesteps      | 116736       |
| train/                  |              |
|    approx_kl            | 9.313226e-10 |
|    clip_fraction        | 0            |
|    clip_range           | 0.2          |
|    entropy_loss         | -0.00782     |
|    explained_variance   | 0.106        |
|    learning_rate        | 0.0003       |
|    loss                 | 7.03e+04     |
|    n_updates            | 1135         |
|    policy_gradient_loss | -3.85e-07    |
|    value_loss           | 2e+05        |
------------------------------------------
--------------------------------------
| rollout/                |          |
|    ep_len_mean          | 24.3     |
|    ep_rew_mean          | 492      |
| time/                   |          |
|    fps                  | 270      |
|    iterations           | 229      |
|    time_elapsed         | 433      |
|    total_timesteps      | 117248   |
| train/                  |          |
|    approx_kl            | 0.0      |
|    clip_fraction        | 0        |
|    clip_range           | 0.2      |
|    entropy_loss         | -0.0077  |
|    explained_variance   | 0.117    |
|    learning_rate        | 0.0003   |
|    loss                 | 7.35e+04 |
|    n_updates            | 1140     |
|    policy_gradient_loss | 7.36e-09 |
|    value_loss           | 1.84e+05 |
--------------------------------------
-------------------------------------------
| rollout/                |               |
|    ep_len_mean          | 23.7          |
|    ep_rew_mean          | 588           |
| time/                   |               |
|    fps                  | 270           |
|    iterations           | 230           |
|    time_elapsed         | 435           |
|    total_timesteps      | 117760        |
| train/                  |               |
|    approx_kl            | 4.1909516e-09 |
|    clip_fraction        | 0             |
|    clip_range           | 0.2           |
|    entropy_loss         | -0.00778      |
|    explained_variance   | 0.00756       |
|    learning_rate        | 0.0003        |
|    loss                 | 8.81e+04      |
|    n_updates            | 1145          |
|    policy_gradient_loss | -2.59e-06     |
|    value_loss           | 1.69e+05      |
-------------------------------------------
---------------------------------------
| rollout/                |           |
|    ep_len_mean          | 24.1      |
|    ep_rew_mean          | 609       |
| time/                   |           |
|    fps                  | 270       |
|    iterations           | 231       |
|    time_elapsed         | 436       |
|    total_timesteps      | 118272    |
| train/                  |           |
|    approx_kl            | 0.0       |
|    clip_fraction        | 0         |
|    clip_range           | 0.2       |
|    entropy_loss         | -0.00785  |
|    explained_variance   | 0.0251    |
|    learning_rate        | 0.0003    |
|    loss                 | 1.08e+05  |
|    n_updates            | 1150      |
|    policy_gradient_loss | -8.68e-09 |
|    value_loss           | 1.84e+05  |
---------------------------------------
-------------------------------------------
| rollout/                |               |
|    ep_len_mean          | 24.4          |
|    ep_rew_mean          | 562           |
| time/                   |               |
|    fps                  | 270           |
|    iterations           | 232           |
|    time_elapsed         | 438           |
|    total_timesteps      | 118784        |
| train/                  |               |
|    approx_kl            | 3.4924597e-09 |
|    clip_fraction        | 0             |
|    clip_range           | 0.2           |
|    entropy_loss         | -0.00803      |
|    explained_variance   | 0.0253        |
|    learning_rate        | 0.0003        |
|    loss                 | 1.12e+05      |
|    n_updates            | 1155          |
|    policy_gradient_loss | -1.3e-06      |
|    value_loss           | 2.31e+05      |
-------------------------------------------
-------------------------------------------
| rollout/                |               |
|    ep_len_mean          | 24.6          |
|    ep_rew_mean          | 542           |
| time/                   |               |
|    fps                  | 271           |
|    iterations           | 233           |
|    time_elapsed         | 440           |
|    total_timesteps      | 119296        |
| train/                  |               |
|    approx_kl            | 6.7055225e-08 |
|    clip_fraction        | 0             |
|    clip_range           | 0.2           |
|    entropy_loss         | -0.00769      |
|    explained_variance   | 0.105         |
|    learning_rate        | 0.0003        |
|    loss                 | 1.31e+05      |
|    n_updates            | 1160          |
|    policy_gradient_loss | -2.89e-06     |
|    value_loss           | 2.87e+05      |
-------------------------------------------
-------------------------------------------
| rollout/                |               |
|    ep_len_mean          | 25.6          |
|    ep_rew_mean          | 522           |
| time/                   |               |
|    fps                  | 271           |
|    iterations           | 234           |
|    time_elapsed         | 441           |
|    total_timesteps      | 119808        |
| train/                  |               |
|    approx_kl            | 6.5541826e-08 |
|    clip_fraction        | 0             |
|    clip_range           | 0.2           |
|    entropy_loss         | -0.00768      |
|    explained_variance   | 0.174         |
|    learning_rate        | 0.0003        |
|    loss                 | 1.18e+05      |
|    n_updates            | 1165          |
|    policy_gradient_loss | -1.07e-05     |
|    value_loss           | 2.17e+05      |
-------------------------------------------
--------------------------------------
| rollout/                |          |
|    ep_len_mean          | 26       |
|    ep_rew_mean          | 588      |
| time/                   |          |
|    fps                  | 271      |
|    iterations           | 235      |
|    time_elapsed         | 443      |
|    total_timesteps      | 120320   |
| train/                  |          |
|    approx_kl            | 0.0      |
|    clip_fraction        | 0        |
|    clip_range           | 0.2      |
|    entropy_loss         | -0.00756 |
|    explained_variance   | 0.033    |
|    learning_rate        | 0.0003   |
|    loss                 | 1.06e+05 |
|    n_updates            | 1170     |
|    policy_gradient_loss | 2.68e-08 |
|    value_loss           | 2.34e+05 |
--------------------------------------
---------------------------------------
| rollout/                |           |
|    ep_len_mean          | 24.5      |
|    ep_rew_mean          | 748       |
| time/                   |           |
|    fps                  | 271       |
|    iterations           | 236       |
|    time_elapsed         | 444       |
|    total_timesteps      | 120832    |
| train/                  |           |
|    approx_kl            | 0.0       |
|    clip_fraction        | 0         |
|    clip_range           | 0.2       |
|    entropy_loss         | -0.00772  |
|    explained_variance   | 0.0322    |
|    learning_rate        | 0.0003    |
|    loss                 | 9.04e+04  |
|    n_updates            | 1175      |
|    policy_gradient_loss | -1.32e-08 |
|    value_loss           | 1.66e+05  |
---------------------------------------
------------------------------------------
| rollout/                |              |
|    ep_len_mean          | 23.9         |
|    ep_rew_mean          | 825          |
| time/                   |              |
|    fps                  | 271          |
|    iterations           | 237          |
|    time_elapsed         | 446          |
|    total_timesteps      | 121344       |
| train/                  |              |
|    approx_kl            | 1.512235e-07 |
|    clip_fraction        | 0            |
|    clip_range           | 0.2          |
|    entropy_loss         | -0.00778     |
|    explained_variance   | 0.0422       |
|    learning_rate        | 0.0003       |
|    loss                 | 1.16e+05     |
|    n_updates            | 1180         |
|    policy_gradient_loss | -1.66e-05    |
|    value_loss           | 1.81e+05     |
------------------------------------------
-----------------------------------------
| rollout/                |             |
|    ep_len_mean          | 23.7        |
|    ep_rew_mean          | 908         |
| time/                   |             |
|    fps                  | 271         |
|    iterations           | 238         |
|    time_elapsed         | 448         |
|    total_timesteps      | 121856      |
| train/                  |             |
|    approx_kl            | 6.07688e-08 |
|    clip_fraction        | 0           |
|    clip_range           | 0.2         |
|    entropy_loss         | -0.00755    |
|    explained_variance   | 0.035       |
|    learning_rate        | 0.0003      |
|    loss                 | 9.2e+04     |
|    n_updates            | 1185        |
|    policy_gradient_loss | -8.22e-06   |
|    value_loss           | 1.84e+05    |
-----------------------------------------
---------------------------------------
| rollout/                |           |
|    ep_len_mean          | 23        |
|    ep_rew_mean          | 835       |
| time/                   |           |
|    fps                  | 272       |
|    iterations           | 239       |
|    time_elapsed         | 449       |
|    total_timesteps      | 122368    |
| train/                  |           |
|    approx_kl            | 0.0       |
|    clip_fraction        | 0         |
|    clip_range           | 0.2       |
|    entropy_loss         | -0.00743  |
|    explained_variance   | 0.00675   |
|    learning_rate        | 0.0003    |
|    loss                 | 8.57e+04  |
|    n_updates            | 1190      |
|    policy_gradient_loss | -3.98e-09 |
|    value_loss           | 1.8e+05   |
---------------------------------------
--------------------------------------
| rollout/                |          |
|    ep_len_mean          | 23.5     |
|    ep_rew_mean          | 750      |
| time/                   |          |
|    fps                  | 272      |
|    iterations           | 240      |
|    time_elapsed         | 451      |
|    total_timesteps      | 122880   |
| train/                  |          |
|    approx_kl            | 0.0      |
|    clip_fraction        | 0        |
|    clip_range           | 0.2      |
|    entropy_loss         | -0.00745 |
|    explained_variance   | 0.04     |
|    learning_rate        | 0.0003   |
|    loss                 | 1.03e+05 |
|    n_updates            | 1195     |
|    policy_gradient_loss | 4.63e-09 |
|    value_loss           | 2.35e+05 |
--------------------------------------
-------------------------------------------
| rollout/                |               |
|    ep_len_mean          | 23.6          |
|    ep_rew_mean          | 637           |
| time/                   |               |
|    fps                  | 272           |
|    iterations           | 241           |
|    time_elapsed         | 452           |
|    total_timesteps      | 123392        |
| train/                  |               |
|    approx_kl            | 8.1490725e-10 |
|    clip_fraction        | 0             |
|    clip_range           | 0.2           |
|    entropy_loss         | -0.0075       |
|    explained_variance   | 0.121         |
|    learning_rate        | 0.0003        |
|    loss                 | 1.13e+05      |
|    n_updates            | 1200          |
|    policy_gradient_loss | -3.66e-07     |
|    value_loss           | 2.66e+05      |
-------------------------------------------
---------------------------------------
| rollout/                |           |
|    ep_len_mean          | 23.8      |
|    ep_rew_mean          | 564       |
| time/                   |           |
|    fps                  | 272       |
|    iterations           | 242       |
|    time_elapsed         | 454       |
|    total_timesteps      | 123904    |
| train/                  |           |
|    approx_kl            | 0.0       |
|    clip_fraction        | 0         |
|    clip_range           | 0.2       |
|    entropy_loss         | -0.00742  |
|    explained_variance   | 0.139     |
|    learning_rate        | 0.0003    |
|    loss                 | 1.11e+05  |
|    n_updates            | 1205      |
|    policy_gradient_loss | -2.21e-09 |
|    value_loss           | 2.17e+05  |
---------------------------------------
-------------------------------------------
| rollout/                |               |
|    ep_len_mean          | 23.4          |
|    ep_rew_mean          | 570           |
| time/                   |               |
|    fps                  | 272           |
|    iterations           | 243           |
|    time_elapsed         | 456           |
|    total_timesteps      | 124416        |
| train/                  |               |
|    approx_kl            | 3.0267984e-09 |
|    clip_fraction        | 0             |
|    clip_range           | 0.2           |
|    entropy_loss         | -0.00746      |
|    explained_variance   | 0.136         |
|    learning_rate        | 0.0003        |
|    loss                 | 1.09e+05      |
|    n_updates            | 1210          |
|    policy_gradient_loss | -1.15e-06     |
|    value_loss           | 1.97e+05      |
-------------------------------------------
--------------------------------------
| rollout/                |          |
|    ep_len_mean          | 24.2     |
|    ep_rew_mean          | 747      |
| time/                   |          |
|    fps                  | 272      |
|    iterations           | 244      |
|    time_elapsed         | 457      |
|    total_timesteps      | 124928   |
| train/                  |          |
|    approx_kl            | 0.0      |
|    clip_fraction        | 0        |
|    clip_range           | 0.2      |
|    entropy_loss         | -0.00753 |
|    explained_variance   | -0.00257 |
|    learning_rate        | 0.0003   |
|    loss                 | 7.57e+04 |
|    n_updates            | 1215     |
|    policy_gradient_loss | 2.56e-09 |
|    value_loss           | 1.38e+05 |
--------------------------------------
------------------------------------------
| rollout/                |              |
|    ep_len_mean          | 24           |
|    ep_rew_mean          | 723          |
| time/                   |              |
|    fps                  | 272          |
|    iterations           | 245          |
|    time_elapsed         | 459          |
|    total_timesteps      | 125440       |
| train/                  |              |
|    approx_kl            | 2.013985e-08 |
|    clip_fraction        | 0            |
|    clip_range           | 0.2          |
|    entropy_loss         | -0.00749     |
|    explained_variance   | 0.056        |
|    learning_rate        | 0.0003       |
|    loss                 | 1.07e+05     |
|    n_updates            | 1220         |
|    policy_gradient_loss | -6.68e-06    |
|    value_loss           | 2.11e+05     |
------------------------------------------
---------------------------------------
| rollout/                |           |
|    ep_len_mean          | 23.7      |
|    ep_rew_mean          | 726       |
| time/                   |           |
|    fps                  | 273       |
|    iterations           | 246       |
|    time_elapsed         | 461       |
|    total_timesteps      | 125952    |
| train/                  |           |
|    approx_kl            | 0.0       |
|    clip_fraction        | 0         |
|    clip_range           | 0.2       |
|    entropy_loss         | -0.00742  |
|    explained_variance   | 0.0289    |
|    learning_rate        | 0.0003    |
|    loss                 | 8.24e+04  |
|    n_updates            | 1225      |
|    policy_gradient_loss | -2.88e-08 |
|    value_loss           | 1.96e+05  |
---------------------------------------
--------------------------------------
| rollout/                |          |
|    ep_len_mean          | 24.7     |
|    ep_rew_mean          | 654      |
| time/                   |          |
|    fps                  | 273      |
|    iterations           | 247      |
|    time_elapsed         | 462      |
|    total_timesteps      | 126464   |
| train/                  |          |
|    approx_kl            | 0.0      |
|    clip_fraction        | 0        |
|    clip_range           | 0.2      |
|    entropy_loss         | -0.00742 |
|    explained_variance   | 0.0162   |
|    learning_rate        | 0.0003   |
|    loss                 | 1.08e+05 |
|    n_updates            | 1230     |
|    policy_gradient_loss | 6.45e-09 |
|    value_loss           | 1.92e+05 |
--------------------------------------
---------------------------------------
| rollout/                |           |
|    ep_len_mean          | 25.1      |
|    ep_rew_mean          | 678       |
| time/                   |           |
|    fps                  | 273       |
|    iterations           | 248       |
|    time_elapsed         | 464       |
|    total_timesteps      | 126976    |
| train/                  |           |
|    approx_kl            | 0.0       |
|    clip_fraction        | 0         |
|    clip_range           | 0.2       |
|    entropy_loss         | -0.00736  |
|    explained_variance   | 0.0318    |
|    learning_rate        | 0.0003    |
|    loss                 | 1.4e+05   |
|    n_updates            | 1235      |
|    policy_gradient_loss | -2.61e-09 |
|    value_loss           | 2.38e+05  |
---------------------------------------
--------------------------------------------
| rollout/                |                |
|    ep_len_mean          | 24.3           |
|    ep_rew_mean          | 608            |
| time/                   |                |
|    fps                  | 273            |
|    iterations           | 249            |
|    time_elapsed         | 465            |
|    total_timesteps      | 127488         |
| train/                  |                |
|    approx_kl            | -6.9849193e-10 |
|    clip_fraction        | 0              |
|    clip_range           | 0.2            |
|    entropy_loss         | -0.00725       |
|    explained_variance   | 0.0991         |
|    learning_rate        | 0.0003         |
|    loss                 | 8.29e+04       |
|    n_updates            | 1240           |
|    policy_gradient_loss | 3.73e-10       |
|    value_loss           | 1.67e+05       |
--------------------------------------------
-------------------------------------------
| rollout/                |               |
|    ep_len_mean          | 25            |
|    ep_rew_mean          | 650           |
| time/                   |               |
|    fps                  | 273           |
|    iterations           | 250           |
|    time_elapsed         | 467           |
|    total_timesteps      | 128000        |
| train/                  |               |
|    approx_kl            | 4.0163286e-08 |
|    clip_fraction        | 0             |
|    clip_range           | 0.2           |
|    entropy_loss         | -0.00735      |
|    explained_variance   | 0.0664        |
|    learning_rate        | 0.0003        |
|    loss                 | 8.65e+04      |
|    n_updates            | 1245          |
|    policy_gradient_loss | -4.24e-06     |
|    value_loss           | 1.78e+05      |
-------------------------------------------
---------------------------------------
| rollout/                |           |
|    ep_len_mean          | 25.4      |
|    ep_rew_mean          | 719       |
| time/                   |           |
|    fps                  | 273       |
|    iterations           | 251       |
|    time_elapsed         | 469       |
|    total_timesteps      | 128512    |
| train/                  |           |
|    approx_kl            | 0.0       |
|    clip_fraction        | 0         |
|    clip_range           | 0.2       |
|    entropy_loss         | -0.00734  |
|    explained_variance   | 0.226     |
|    learning_rate        | 0.0003    |
|    loss                 | 7.85e+04  |
|    n_updates            | 1250      |
|    policy_gradient_loss | -1.72e-08 |
|    value_loss           | 1.6e+05   |
---------------------------------------
---------------------------------------
| rollout/                |           |
|    ep_len_mean          | 24.7      |
|    ep_rew_mean          | 730       |
| time/                   |           |
|    fps                  | 274       |
|    iterations           | 252       |
|    time_elapsed         | 470       |
|    total_timesteps      | 129024    |
| train/                  |           |
|    approx_kl            | 0.0       |
|    clip_fraction        | 0         |
|    clip_range           | 0.2       |
|    entropy_loss         | -0.00725  |
|    explained_variance   | 0.0235    |
|    learning_rate        | 0.0003    |
|    loss                 | 1.07e+05  |
|    n_updates            | 1255      |
|    policy_gradient_loss | -1.14e-09 |
|    value_loss           | 1.97e+05  |
---------------------------------------
--------------------------------------
| rollout/                |          |
|    ep_len_mean          | 24.9     |
|    ep_rew_mean          | 659      |
| time/                   |          |
|    fps                  | 274      |
|    iterations           | 253      |
|    time_elapsed         | 472      |
|    total_timesteps      | 129536   |
| train/                  |          |
|    approx_kl            | 0.0      |
|    clip_fraction        | 0        |
|    clip_range           | 0.2      |
|    entropy_loss         | -0.00744 |
|    explained_variance   | 0.0423   |
|    learning_rate        | 0.0003   |
|    loss                 | 7.46e+04 |
|    n_updates            | 1260     |
|    policy_gradient_loss | 7.01e-09 |
|    value_loss           | 1.65e+05 |
--------------------------------------
---------------------------------------
| rollout/                |           |
|    ep_len_mean          | 25        |
|    ep_rew_mean          | 573       |
| time/                   |           |
|    fps                  | 274       |
|    iterations           | 254       |
|    time_elapsed         | 473       |
|    total_timesteps      | 130048    |
| train/                  |           |
|    approx_kl            | 0.0       |
|    clip_fraction        | 0         |
|    clip_range           | 0.2       |
|    entropy_loss         | -0.00752  |
|    explained_variance   | 0.0884    |
|    learning_rate        | 0.0003    |
|    loss                 | 1.07e+05  |
|    n_updates            | 1265      |
|    policy_gradient_loss | -4.52e-09 |
|    value_loss           | 1.87e+05  |
---------------------------------------
-------------------------------------------
| rollout/                |               |
|    ep_len_mean          | 24.6          |
|    ep_rew_mean          | 642           |
| time/                   |               |
|    fps                  | 274           |
|    iterations           | 255           |
|    time_elapsed         | 475           |
|    total_timesteps      | 130560        |
| train/                  |               |
|    approx_kl            | 1.5133992e-09 |
|    clip_fraction        | 0             |
|    clip_range           | 0.2           |
|    entropy_loss         | -0.00733      |
|    explained_variance   | 0.161         |
|    learning_rate        | 0.0003        |
|    loss                 | 1.45e+05      |
|    n_updates            | 1270          |
|    policy_gradient_loss | -4.53e-07     |
|    value_loss           | 3.1e+05       |
-------------------------------------------
--------------------------------------
| rollout/                |          |
|    ep_len_mean          | 24.6     |
|    ep_rew_mean          | 621      |
| time/                   |          |
|    fps                  | 274      |
|    iterations           | 256      |
|    time_elapsed         | 477      |
|    total_timesteps      | 131072   |
| train/                  |          |
|    approx_kl            | 0.0      |
|    clip_fraction        | 0        |
|    clip_range           | 0.2      |
|    entropy_loss         | -0.0073  |
|    explained_variance   | 0.0939   |
|    learning_rate        | 0.0003   |
|    loss                 | 9.91e+04 |
|    n_updates            | 1275     |
|    policy_gradient_loss | 6.01e-09 |
|    value_loss           | 1.97e+05 |
--------------------------------------
---------------------------------------
| rollout/                |           |
|    ep_len_mean          | 24.4      |
|    ep_rew_mean          | 652       |
| time/                   |           |
|    fps                  | 274       |
|    iterations           | 257       |
|    time_elapsed         | 478       |
|    total_timesteps      | 131584    |
| train/                  |           |
|    approx_kl            | 0.0       |
|    clip_fraction        | 0         |
|    clip_range           | 0.2       |
|    entropy_loss         | -0.00747  |
|    explained_variance   | 0.0635    |
|    learning_rate        | 0.0003    |
|    loss                 | 1.09e+05  |
|    n_updates            | 1280      |
|    policy_gradient_loss | -2.44e-09 |
|    value_loss           | 1.72e+05  |
---------------------------------------
------------------------------------------
| rollout/                |              |
|    ep_len_mean          | 24.9         |
|    ep_rew_mean          | 793          |
| time/                   |              |
|    fps                  | 274          |
|    iterations           | 258          |
|    time_elapsed         | 480          |
|    total_timesteps      | 132096       |
| train/                  |              |
|    approx_kl            | 5.820766e-10 |
|    clip_fraction        | 0            |
|    clip_range           | 0.2          |
|    entropy_loss         | -0.00738     |
|    explained_variance   | 0.106        |
|    learning_rate        | 0.0003       |
|    loss                 | 6.03e+04     |
|    n_updates            | 1285         |
|    policy_gradient_loss | -2.98e-07    |
|    value_loss           | 2.12e+05     |
------------------------------------------
-------------------------------------------
| rollout/                |               |
|    ep_len_mean          | 24.6          |
|    ep_rew_mean          | 770           |
| time/                   |               |
|    fps                  | 275           |
|    iterations           | 259           |
|    time_elapsed         | 481           |
|    total_timesteps      | 132608        |
| train/                  |               |
|    approx_kl            | 3.3760443e-09 |
|    clip_fraction        | 0             |
|    clip_range           | 0.2           |
|    entropy_loss         | -0.00729      |
|    explained_variance   | 0.196         |
|    learning_rate        | 0.0003        |
|    loss                 | 6.92e+04      |
|    n_updates            | 1290          |
|    policy_gradient_loss | -1.34e-06     |
|    value_loss           | 1.91e+05      |
-------------------------------------------
-------------------------------------------
| rollout/                |               |
|    ep_len_mean          | 25.2          |
|    ep_rew_mean          | 739           |
| time/                   |               |
|    fps                  | 275           |
|    iterations           | 260           |
|    time_elapsed         | 483           |
|    total_timesteps      | 133120        |
| train/                  |               |
|    approx_kl            | 1.1059456e-08 |
|    clip_fraction        | 0             |
|    clip_range           | 0.2           |
|    entropy_loss         | -0.00748      |
|    explained_variance   | 0.0833        |
|    learning_rate        | 0.0003        |
|    loss                 | 1.11e+05      |
|    n_updates            | 1295          |
|    policy_gradient_loss | -2.73e-06     |
|    value_loss           | 2.01e+05      |
-------------------------------------------
--------------------------------------
| rollout/                |          |
|    ep_len_mean          | 25.7     |
|    ep_rew_mean          | 779      |
| time/                   |          |
|    fps                  | 275      |
|    iterations           | 261      |
|    time_elapsed         | 485      |
|    total_timesteps      | 133632   |
| train/                  |          |
|    approx_kl            | 0.0      |
|    clip_fraction        | 0        |
|    clip_range           | 0.2      |
|    entropy_loss         | -0.00729 |
|    explained_variance   | 0.0198   |
|    learning_rate        | 0.0003   |
|    loss                 | 1.07e+05 |
|    n_updates            | 1300     |
|    policy_gradient_loss | 1.09e-08 |
|    value_loss           | 1.99e+05 |
--------------------------------------
------------------------------------------
| rollout/                |              |
|    ep_len_mean          | 25.4         |
|    ep_rew_mean          | 831          |
| time/                   |              |
|    fps                  | 275          |
|    iterations           | 262          |
|    time_elapsed         | 486          |
|    total_timesteps      | 134144       |
| train/                  |              |
|    approx_kl            | 8.428469e-08 |
|    clip_fraction        | 0            |
|    clip_range           | 0.2          |
|    entropy_loss         | -0.00715     |
|    explained_variance   | 0.115        |
|    learning_rate        | 0.0003       |
|    loss                 | 1.86e+05     |
|    n_updates            | 1305         |
|    policy_gradient_loss | -1.1e-05     |
|    value_loss           | 3.36e+05     |
------------------------------------------
------------------------------------------
| rollout/                |              |
|    ep_len_mean          | 24.9         |
|    ep_rew_mean          | 803          |
| time/                   |              |
|    fps                  | 275          |
|    iterations           | 263          |
|    time_elapsed         | 488          |
|    total_timesteps      | 134656       |
| train/                  |              |
|    approx_kl            | 1.960434e-07 |
|    clip_fraction        | 0            |
|    clip_range           | 0.2          |
|    entropy_loss         | -0.00721     |
|    explained_variance   | 0.0653       |
|    learning_rate        | 0.0003       |
|    loss                 | 1.1e+05      |
|    n_updates            | 1310         |
|    policy_gradient_loss | -1.66e-05    |
|    value_loss           | 1.89e+05     |
------------------------------------------
--------------------------------------
| rollout/                |          |
|    ep_len_mean          | 24.7     |
|    ep_rew_mean          | 843      |
| time/                   |          |
|    fps                  | 275      |
|    iterations           | 264      |
|    time_elapsed         | 489      |
|    total_timesteps      | 135168   |
| train/                  |          |
|    approx_kl            | 0.0      |
|    clip_fraction        | 0        |
|    clip_range           | 0.2      |
|    entropy_loss         | -0.00727 |
|    explained_variance   | 0.0457   |
|    learning_rate        | 0.0003   |
|    loss                 | 1.12e+05 |
|    n_updates            | 1315     |
|    policy_gradient_loss | 4.16e-08 |
|    value_loss           | 1.91e+05 |
--------------------------------------
-------------------------------------------
| rollout/                |               |
|    ep_len_mean          | 24.8          |
|    ep_rew_mean          | 825           |
| time/                   |               |
|    fps                  | 276           |
|    iterations           | 265           |
|    time_elapsed         | 491           |
|    total_timesteps      | 135680        |
| train/                  |               |
|    approx_kl            | 5.3551048e-08 |
|    clip_fraction        | 0             |
|    clip_range           | 0.2           |
|    entropy_loss         | -0.00709      |
|    explained_variance   | 0.0439        |
|    learning_rate        | 0.0003        |
|    loss                 | 9.56e+04      |
|    n_updates            | 1320          |
|    policy_gradient_loss | -8.58e-06     |
|    value_loss           | 1.78e+05      |
-------------------------------------------
--------------------------------------
| rollout/                |          |
|    ep_len_mean          | 24.3     |
|    ep_rew_mean          | 789      |
| time/                   |          |
|    fps                  | 276      |
|    iterations           | 266      |
|    time_elapsed         | 493      |
|    total_timesteps      | 136192   |
| train/                  |          |
|    approx_kl            | 0.0      |
|    clip_fraction        | 0        |
|    clip_range           | 0.2      |
|    entropy_loss         | -0.00694 |
|    explained_variance   | 0.123    |
|    learning_rate        | 0.0003   |
|    loss                 | 8.9e+04  |
|    n_updates            | 1325     |
|    policy_gradient_loss | 1.87e-08 |
|    value_loss           | 2.23e+05 |
--------------------------------------
--------------------------------------
| rollout/                |          |
|    ep_len_mean          | 24.1     |
|    ep_rew_mean          | 744      |
| time/                   |          |
|    fps                  | 276      |
|    iterations           | 267      |
|    time_elapsed         | 494      |
|    total_timesteps      | 136704   |
| train/                  |          |
|    approx_kl            | 0.0      |
|    clip_fraction        | 0        |
|    clip_range           | 0.2      |
|    entropy_loss         | -0.00702 |
|    explained_variance   | 0.0916   |
|    learning_rate        | 0.0003   |
|    loss                 | 6.37e+04 |
|    n_updates            | 1330     |
|    policy_gradient_loss | 1.26e-09 |
|    value_loss           | 1.61e+05 |
--------------------------------------
-------------------------------------------
| rollout/                |               |
|    ep_len_mean          | 24            |
|    ep_rew_mean          | 821           |
| time/                   |               |
|    fps                  | 276           |
|    iterations           | 268           |
|    time_elapsed         | 496           |
|    total_timesteps      | 137216        |
| train/                  |               |
|    approx_kl            | 2.4656765e-07 |
|    clip_fraction        | 0             |
|    clip_range           | 0.2           |
|    entropy_loss         | -0.00708      |
|    explained_variance   | 0.0164        |
|    learning_rate        | 0.0003        |
|    loss                 | 8.12e+04      |
|    n_updates            | 1335          |
|    policy_gradient_loss | -1.32e-05     |
|    value_loss           | 1.56e+05      |
-------------------------------------------
-------------------------------------------
| rollout/                |               |
|    ep_len_mean          | 24.6          |
|    ep_rew_mean          | 769           |
| time/                   |               |
|    fps                  | 276           |
|    iterations           | 269           |
|    time_elapsed         | 498           |
|    total_timesteps      | 137728        |
| train/                  |               |
|    approx_kl            | 1.1129305e-06 |
|    clip_fraction        | 0             |
|    clip_range           | 0.2           |
|    entropy_loss         | -0.00673      |
|    explained_variance   | 0.119         |
|    learning_rate        | 0.0003        |
|    loss                 | 1.2e+05       |
|    n_updates            | 1340          |
|    policy_gradient_loss | -6.37e-05     |
|    value_loss           | 2.34e+05      |
-------------------------------------------
--------------------------------------
| rollout/                |          |
|    ep_len_mean          | 23.5     |
|    ep_rew_mean          | 810      |
| time/                   |          |
|    fps                  | 276      |
|    iterations           | 270      |
|    time_elapsed         | 499      |
|    total_timesteps      | 138240   |
| train/                  |          |
|    approx_kl            | 0.0      |
|    clip_fraction        | 0        |
|    clip_range           | 0.2      |
|    entropy_loss         | -0.00664 |
|    explained_variance   | 0.0255   |
|    learning_rate        | 0.0003   |
|    loss                 | 1.91e+05 |
|    n_updates            | 1345     |
|    policy_gradient_loss | 9.71e-08 |
|    value_loss           | 2.82e+05 |
--------------------------------------
--------------------------------------
| rollout/                |          |
|    ep_len_mean          | 23.2     |
|    ep_rew_mean          | 759      |
| time/                   |          |
|    fps                  | 276      |
|    iterations           | 271      |
|    time_elapsed         | 501      |
|    total_timesteps      | 138752   |
| train/                  |          |
|    approx_kl            | 0.0      |
|    clip_fraction        | 0        |
|    clip_range           | 0.2      |
|    entropy_loss         | -0.00671 |
|    explained_variance   | 0.113    |
|    learning_rate        | 0.0003   |
|    loss                 | 4.83e+04 |
|    n_updates            | 1350     |
|    policy_gradient_loss | 1.46e-09 |
|    value_loss           | 1.08e+05 |
--------------------------------------
-------------------------------------------
| rollout/                |               |
|    ep_len_mean          | 23.4          |
|    ep_rew_mean          | 618           |
| time/                   |               |
|    fps                  | 276           |
|    iterations           | 272           |
|    time_elapsed         | 502           |
|    total_timesteps      | 139264        |
| train/                  |               |
|    approx_kl            | 8.1490725e-09 |
|    clip_fraction        | 0             |
|    clip_range           | 0.2           |
|    entropy_loss         | -0.00658      |
|    explained_variance   | 0.165         |
|    learning_rate        | 0.0003        |
|    loss                 | 1.05e+05      |
|    n_updates            | 1355          |
|    policy_gradient_loss | -2.34e-06     |
|    value_loss           | 1.92e+05      |
-------------------------------------------
--------------------------------------
| rollout/                |          |
|    ep_len_mean          | 23.4     |
|    ep_rew_mean          | 647      |
| time/                   |          |
|    fps                  | 277      |
|    iterations           | 273      |
|    time_elapsed         | 504      |
|    total_timesteps      | 139776   |
| train/                  |          |
|    approx_kl            | 0.0      |
|    clip_fraction        | 0        |
|    clip_range           | 0.2      |
|    entropy_loss         | -0.00674 |
|    explained_variance   | 0.0978   |
|    learning_rate        | 0.0003   |
|    loss                 | 1.23e+05 |
|    n_updates            | 1360     |
|    policy_gradient_loss | 8.2e-09  |
|    value_loss           | 2.52e+05 |
--------------------------------------
--------------------------------------
| rollout/                |          |
|    ep_len_mean          | 24       |
|    ep_rew_mean          | 654      |
| time/                   |          |
|    fps                  | 277      |
|    iterations           | 274      |
|    time_elapsed         | 505      |
|    total_timesteps      | 140288   |
| train/                  |          |
|    approx_kl            | 0.0      |
|    clip_fraction        | 0        |
|    clip_range           | 0.2      |
|    entropy_loss         | -0.00646 |
|    explained_variance   | 0.216    |
|    learning_rate        | 0.0003   |
|    loss                 | 1.69e+05 |
|    n_updates            | 1365     |
|    policy_gradient_loss | 8.61e-09 |
|    value_loss           | 2.92e+05 |
--------------------------------------
--------------------------------------
| rollout/                |          |
|    ep_len_mean          | 24.1     |
|    ep_rew_mean          | 604      |
| time/                   |          |
|    fps                  | 277      |
|    iterations           | 275      |
|    time_elapsed         | 507      |
|    total_timesteps      | 140800   |
| train/                  |          |
|    approx_kl            | 0.0      |
|    clip_fraction        | 0        |
|    clip_range           | 0.2      |
|    entropy_loss         | -0.00674 |
|    explained_variance   | 0.0115   |
|    learning_rate        | 0.0003   |
|    loss                 | 8.27e+04 |
|    n_updates            | 1370     |
|    policy_gradient_loss | 3.63e-09 |
|    value_loss           | 1.79e+05 |
--------------------------------------
------------------------------------------
| rollout/                |              |
|    ep_len_mean          | 24.6         |
|    ep_rew_mean          | 609          |
| time/                   |              |
|    fps                  | 277          |
|    iterations           | 276          |
|    time_elapsed         | 509          |
|    total_timesteps      | 141312       |
| train/                  |              |
|    approx_kl            | 3.259629e-09 |
|    clip_fraction        | 0            |
|    clip_range           | 0.2          |
|    entropy_loss         | -0.00664     |
|    explained_variance   | 0.0456       |
|    learning_rate        | 0.0003       |
|    loss                 | 9.06e+04     |
|    n_updates            | 1375         |
|    policy_gradient_loss | -1.48e-06    |
|    value_loss           | 1.63e+05     |
------------------------------------------
--------------------------------------------
| rollout/                |                |
|    ep_len_mean          | 24             |
|    ep_rew_mean          | 626            |
| time/                   |                |
|    fps                  | 277            |
|    iterations           | 277            |
|    time_elapsed         | 510            |
|    total_timesteps      | 141824         |
| train/                  |                |
|    approx_kl            | 1.15833245e-07 |
|    clip_fraction        | 0              |
|    clip_range           | 0.2            |
|    entropy_loss         | -0.00658       |
|    explained_variance   | 0.118          |
|    learning_rate        | 0.0003         |
|    loss                 | 5.1e+04        |
|    n_updates            | 1380           |
|    policy_gradient_loss | -1.54e-05      |
|    value_loss           | 1.15e+05       |
--------------------------------------------
---------------------------------------
| rollout/                |           |
|    ep_len_mean          | 24        |
|    ep_rew_mean          | 524       |
| time/                   |           |
|    fps                  | 277       |
|    iterations           | 278       |
|    time_elapsed         | 512       |
|    total_timesteps      | 142336    |
| train/                  |           |
|    approx_kl            | 0.0       |
|    clip_fraction        | 0         |
|    clip_range           | 0.2       |
|    entropy_loss         | -0.00653  |
|    explained_variance   | 0.158     |
|    learning_rate        | 0.0003    |
|    loss                 | 1.09e+05  |
|    n_updates            | 1385      |
|    policy_gradient_loss | -7.65e-08 |
|    value_loss           | 2.18e+05  |
---------------------------------------
---------------------------------------
| rollout/                |           |
|    ep_len_mean          | 24.3      |
|    ep_rew_mean          | 471       |
| time/                   |           |
|    fps                  | 277       |
|    iterations           | 279       |
|    time_elapsed         | 514       |
|    total_timesteps      | 142848    |
| train/                  |           |
|    approx_kl            | 0.0       |
|    clip_fraction        | 0         |
|    clip_range           | 0.2       |
|    entropy_loss         | -0.00648  |
|    explained_variance   | 0.181     |
|    learning_rate        | 0.0003    |
|    loss                 | 1.04e+05  |
|    n_updates            | 1390      |
|    policy_gradient_loss | -6.22e-09 |
|    value_loss           | 2.26e+05  |
---------------------------------------
--------------------------------------
| rollout/                |          |
|    ep_len_mean          | 24.4     |
|    ep_rew_mean          | 518      |
| time/                   |          |
|    fps                  | 277      |
|    iterations           | 280      |
|    time_elapsed         | 515      |
|    total_timesteps      | 143360   |
| train/                  |          |
|    approx_kl            | 0.0      |
|    clip_fraction        | 0        |
|    clip_range           | 0.2      |
|    entropy_loss         | -0.00659 |
|    explained_variance   | 0.0317   |
|    learning_rate        | 0.0003   |
|    loss                 | 7.72e+04 |
|    n_updates            | 1395     |
|    policy_gradient_loss | 1.77e-09 |
|    value_loss           | 2.05e+05 |
--------------------------------------
-------------------------------------------
| rollout/                |               |
|    ep_len_mean          | 24.9          |
|    ep_rew_mean          | 526           |
| time/                   |               |
|    fps                  | 277           |
|    iterations           | 281           |
|    time_elapsed         | 517           |
|    total_timesteps      | 143872        |
| train/                  |               |
|    approx_kl            | 3.4924597e-10 |
|    clip_fraction        | 0             |
|    clip_range           | 0.2           |
|    entropy_loss         | -0.00647      |
|    explained_variance   | 0.0479        |
|    learning_rate        | 0.0003        |
|    loss                 | 1.12e+05      |
|    n_updates            | 1400          |
|    policy_gradient_loss | -1.77e-07     |
|    value_loss           | 2.4e+05       |
-------------------------------------------
-------------------------------------------
| rollout/                |               |
|    ep_len_mean          | 26            |
|    ep_rew_mean          | 624           |
| time/                   |               |
|    fps                  | 278           |
|    iterations           | 282           |
|    time_elapsed         | 519           |
|    total_timesteps      | 144384        |
| train/                  |               |
|    approx_kl            | 1.1641532e-10 |
|    clip_fraction        | 0             |
|    clip_range           | 0.2           |
|    entropy_loss         | -0.00658      |
|    explained_variance   | 0.122         |
|    learning_rate        | 0.0003        |
|    loss                 | 1.25e+05      |
|    n_updates            | 1405          |
|    policy_gradient_loss | 2.37e-08      |
|    value_loss           | 2.36e+05      |
-------------------------------------------
--------------------------------------
| rollout/                |          |
|    ep_len_mean          | 26       |
|    ep_rew_mean          | 684      |
| time/                   |          |
|    fps                  | 278      |
|    iterations           | 283      |
|    time_elapsed         | 520      |
|    total_timesteps      | 144896   |
| train/                  |          |
|    approx_kl            | 0.0      |
|    clip_fraction        | 0        |
|    clip_range           | 0.2      |
|    entropy_loss         | -0.00637 |
|    explained_variance   | 0.205    |
|    learning_rate        | 0.0003   |
|    loss                 | 1.85e+05 |
|    n_updates            | 1410     |
|    policy_gradient_loss | 7.54e-09 |
|    value_loss           | 3.48e+05 |
--------------------------------------
--------------------------------------
| rollout/                |          |
|    ep_len_mean          | 25.5     |
|    ep_rew_mean          | 824      |
| time/                   |          |
|    fps                  | 278      |
|    iterations           | 284      |
|    time_elapsed         | 522      |
|    total_timesteps      | 145408   |
| train/                  |          |
|    approx_kl            | 0.0      |
|    clip_fraction        | 0        |
|    clip_range           | 0.2      |
|    entropy_loss         | -0.00653 |
|    explained_variance   | 0.139    |
|    learning_rate        | 0.0003   |
|    loss                 | 1.11e+05 |
|    n_updates            | 1415     |
|    policy_gradient_loss | 7.05e-09 |
|    value_loss           | 2.11e+05 |
--------------------------------------
---------------------------------------
| rollout/                |           |
|    ep_len_mean          | 24.4      |
|    ep_rew_mean          | 760       |
| time/                   |           |
|    fps                  | 278       |
|    iterations           | 285       |
|    time_elapsed         | 524       |
|    total_timesteps      | 145920    |
| train/                  |           |
|    approx_kl            | 0.0       |
|    clip_fraction        | 0         |
|    clip_range           | 0.2       |
|    entropy_loss         | -0.00647  |
|    explained_variance   | 0.0807    |
|    learning_rate        | 0.0003    |
|    loss                 | 1.03e+05  |
|    n_updates            | 1420      |
|    policy_gradient_loss | -8.75e-09 |
|    value_loss           | 1.85e+05  |
---------------------------------------
-------------------------------------------
| rollout/                |               |
|    ep_len_mean          | 23.7          |
|    ep_rew_mean          | 743           |
| time/                   |               |
|    fps                  | 278           |
|    iterations           | 286           |
|    time_elapsed         | 526           |
|    total_timesteps      | 146432        |
| train/                  |               |
|    approx_kl            | 2.5960617e-08 |
|    clip_fraction        | 0             |
|    clip_range           | 0.2           |
|    entropy_loss         | -0.00647      |
|    explained_variance   | 0.147         |
|    learning_rate        | 0.0003        |
|    loss                 | 1.13e+05      |
|    n_updates            | 1425          |
|    policy_gradient_loss | -3.24e-06     |
|    value_loss           | 1.87e+05      |
-------------------------------------------
--------------------------------------
| rollout/                |          |
|    ep_len_mean          | 22.6     |
|    ep_rew_mean          | 606      |
| time/                   |          |
|    fps                  | 278      |
|    iterations           | 287      |
|    time_elapsed         | 527      |
|    total_timesteps      | 146944   |
| train/                  |          |
|    approx_kl            | 0.0      |
|    clip_fraction        | 0        |
|    clip_range           | 0.2      |
|    entropy_loss         | -0.00629 |
|    explained_variance   | 0.0534   |
|    learning_rate        | 0.0003   |
|    loss                 | 6.55e+04 |
|    n_updates            | 1430     |
|    policy_gradient_loss | 6.66e-09 |
|    value_loss           | 1.46e+05 |
--------------------------------------
--------------------------------------
| rollout/                |          |
|    ep_len_mean          | 22.6     |
|    ep_rew_mean          | 638      |
| time/                   |          |
|    fps                  | 278      |
|    iterations           | 288      |
|    time_elapsed         | 529      |
|    total_timesteps      | 147456   |
| train/                  |          |
|    approx_kl            | 0.0      |
|    clip_fraction        | 0        |
|    clip_range           | 0.2      |
|    entropy_loss         | -0.00647 |
|    explained_variance   | 0.0875   |
|    learning_rate        | 0.0003   |
|    loss                 | 1.52e+05 |
|    n_updates            | 1435     |
|    policy_gradient_loss | 8.38e-09 |
|    value_loss           | 3.25e+05 |
--------------------------------------
-----------------------------------------
| rollout/                |             |
|    ep_len_mean          | 23.4        |
|    ep_rew_mean          | 584         |
| time/                   |             |
|    fps                  | 278         |
|    iterations           | 289         |
|    time_elapsed         | 531         |
|    total_timesteps      | 147968      |
| train/                  |             |
|    approx_kl            | 3.10014e-07 |
|    clip_fraction        | 0           |
|    clip_range           | 0.2         |
|    entropy_loss         | -0.00633    |
|    explained_variance   | -0.0417     |
|    learning_rate        | 0.0003      |
|    loss                 | 7.78e+04    |
|    n_updates            | 1440        |
|    policy_gradient_loss | -3.24e-05   |
|    value_loss           | 1.79e+05    |
-----------------------------------------
---------------------------------------
| rollout/                |           |
|    ep_len_mean          | 23.8      |
|    ep_rew_mean          | 630       |
| time/                   |           |
|    fps                  | 278       |
|    iterations           | 290       |
|    time_elapsed         | 532       |
|    total_timesteps      | 148480    |
| train/                  |           |
|    approx_kl            | 0.0       |
|    clip_fraction        | 0         |
|    clip_range           | 0.2       |
|    entropy_loss         | -0.00622  |
|    explained_variance   | 0.193     |
|    learning_rate        | 0.0003    |
|    loss                 | 1.05e+05  |
|    n_updates            | 1445      |
|    policy_gradient_loss | -7.71e-09 |
|    value_loss           | 2.18e+05  |
---------------------------------------
--------------------------------------
| rollout/                |          |
|    ep_len_mean          | 24.5     |
|    ep_rew_mean          | 602      |
| time/                   |          |
|    fps                  | 278      |
|    iterations           | 291      |
|    time_elapsed         | 534      |
|    total_timesteps      | 148992   |
| train/                  |          |
|    approx_kl            | 0.0      |
|    clip_fraction        | 0        |
|    clip_range           | 0.2      |
|    entropy_loss         | -0.00626 |
|    explained_variance   | 0.207    |
|    learning_rate        | 0.0003   |
|    loss                 | 1.04e+05 |
|    n_updates            | 1450     |
|    policy_gradient_loss | 2.44e-09 |
|    value_loss           | 2.23e+05 |
--------------------------------------
---------------------------------------
| rollout/                |           |
|    ep_len_mean          | 25.6      |
|    ep_rew_mean          | 626       |
| time/                   |           |
|    fps                  | 278       |
|    iterations           | 292       |
|    time_elapsed         | 536       |
|    total_timesteps      | 149504    |
| train/                  |           |
|    approx_kl            | 0.0       |
|    clip_fraction        | 0         |
|    clip_range           | 0.2       |
|    entropy_loss         | -0.00635  |
|    explained_variance   | 0.209     |
|    learning_rate        | 0.0003    |
|    loss                 | 1.49e+05  |
|    n_updates            | 1455      |
|    policy_gradient_loss | -4.19e-10 |
|    value_loss           | 3.12e+05  |
---------------------------------------
--------------------------------------
| rollout/                |          |
|    ep_len_mean          | 26       |
|    ep_rew_mean          | 448      |
| time/                   |          |
|    fps                  | 278      |
|    iterations           | 293      |
|    time_elapsed         | 538      |
|    total_timesteps      | 150016   |
| train/                  |          |
|    approx_kl            | 0.0      |
|    clip_fraction        | 0        |
|    clip_range           | 0.2      |
|    entropy_loss         | -0.00653 |
|    explained_variance   | 0.107    |
|    learning_rate        | 0.0003   |
|    loss                 | 1.59e+05 |
|    n_updates            | 1460     |
|    policy_gradient_loss | 1.42e-09 |
|    value_loss           | 2.56e+05 |
--------------------------------------
--------------------------------------
| rollout/                |          |
|    ep_len_mean          | 25.8     |
|    ep_rew_mean          | 396      |
| time/                   |          |
|    fps                  | 278      |
|    iterations           | 294      |
|    time_elapsed         | 539      |
|    total_timesteps      | 150528   |
| train/                  |          |
|    approx_kl            | 0.0      |
|    clip_fraction        | 0        |
|    clip_range           | 0.2      |
|    entropy_loss         | -0.00631 |
|    explained_variance   | 0.145    |
|    learning_rate        | 0.0003   |
|    loss                 | 9.45e+04 |
|    n_updates            | 1465     |
|    policy_gradient_loss | 1.35e-09 |
|    value_loss           | 2.15e+05 |
--------------------------------------
-------------------------------------------
| rollout/                |               |
|    ep_len_mean          | 25.6          |
|    ep_rew_mean          | 403           |
| time/                   |               |
|    fps                  | 278           |
|    iterations           | 295           |
|    time_elapsed         | 541           |
|    total_timesteps      | 151040        |
| train/                  |               |
|    approx_kl            | 3.1432137e-09 |
|    clip_fraction        | 0             |
|    clip_range           | 0.2           |
|    entropy_loss         | -0.00637      |
|    explained_variance   | 0.161         |
|    learning_rate        | 0.0003        |
|    loss                 | 9.9e+04       |
|    n_updates            | 1470          |
|    policy_gradient_loss | -1.38e-06     |
|    value_loss           | 2.15e+05      |
-------------------------------------------
--------------------------------------
| rollout/                |          |
|    ep_len_mean          | 26       |
|    ep_rew_mean          | 488      |
| time/                   |          |
|    fps                  | 278      |
|    iterations           | 296      |
|    time_elapsed         | 543      |
|    total_timesteps      | 151552   |
| train/                  |          |
|    approx_kl            | 0.0      |
|    clip_fraction        | 0        |
|    clip_range           | 0.2      |
|    entropy_loss         | -0.00638 |
|    explained_variance   | 0.0921   |
|    learning_rate        | 0.0003   |
|    loss                 | 8.89e+04 |
|    n_updates            | 1475     |
|    policy_gradient_loss | 1.35e-08 |
|    value_loss           | 1.51e+05 |
--------------------------------------
--------------------------------------
| rollout/                |          |
|    ep_len_mean          | 25.2     |
|    ep_rew_mean          | 523      |
| time/                   |          |
|    fps                  | 278      |
|    iterations           | 297      |
|    time_elapsed         | 545      |
|    total_timesteps      | 152064   |
| train/                  |          |
|    approx_kl            | 0.0      |
|    clip_fraction        | 0        |
|    clip_range           | 0.2      |
|    entropy_loss         | -0.00633 |
|    explained_variance   | 0.107    |
|    learning_rate        | 0.0003   |
|    loss                 | 9.37e+04 |
|    n_updates            | 1480     |
|    policy_gradient_loss | 3.39e-08 |
|    value_loss           | 2.16e+05 |
--------------------------------------
---------------------------------------
| rollout/                |           |
|    ep_len_mean          | 24.1      |
|    ep_rew_mean          | 713       |
| time/                   |           |
|    fps                  | 278       |
|    iterations           | 298       |
|    time_elapsed         | 547       |
|    total_timesteps      | 152576    |
| train/                  |           |
|    approx_kl            | 0.0       |
|    clip_fraction        | 0         |
|    clip_range           | 0.2       |
|    entropy_loss         | -0.00639  |
|    explained_variance   | 0.0255    |
|    learning_rate        | 0.0003    |
|    loss                 | 9.22e+04  |
|    n_updates            | 1485      |
|    policy_gradient_loss | -5.38e-09 |
|    value_loss           | 1.88e+05  |
---------------------------------------
-------------------------------------------
| rollout/                |               |
|    ep_len_mean          | 23.9          |
|    ep_rew_mean          | 782           |
| time/                   |               |
|    fps                  | 278           |
|    iterations           | 299           |
|    time_elapsed         | 549           |
|    total_timesteps      | 153088        |
| train/                  |               |
|    approx_kl            | 2.0953594e-06 |
|    clip_fraction        | 0             |
|    clip_range           | 0.2           |
|    entropy_loss         | -0.00624      |
|    explained_variance   | 0.0197        |
|    learning_rate        | 0.0003        |
|    loss                 | 1.11e+05      |
|    n_updates            | 1490          |
|    policy_gradient_loss | -5.66e-05     |
|    value_loss           | 1.63e+05      |
-------------------------------------------
--------------------------------------
| rollout/                |          |
|    ep_len_mean          | 23.5     |
|    ep_rew_mean          | 739      |
| time/                   |          |
|    fps                  | 278      |
|    iterations           | 300      |
|    time_elapsed         | 551      |
|    total_timesteps      | 153600   |
| train/                  |          |
|    approx_kl            | 0.0      |
|    clip_fraction        | 0        |
|    clip_range           | 0.2      |
|    entropy_loss         | -0.00594 |
|    explained_variance   | 0.00435  |
|    learning_rate        | 0.0003   |
|    loss                 | 5.83e+04 |
|    n_updates            | 1495     |
|    policy_gradient_loss | 4.05e-08 |
|    value_loss           | 1.21e+05 |
--------------------------------------
--------------------------------------------
| rollout/                |                |
|    ep_len_mean          | 22.2           |
|    ep_rew_mean          | 619            |
| time/                   |                |
|    fps                  | 278            |
|    iterations           | 301            |
|    time_elapsed         | 553            |
|    total_timesteps      | 154112         |
| train/                  |                |
|    approx_kl            | -4.0978193e-08 |
|    clip_fraction        | 0              |
|    clip_range           | 0.2            |
|    entropy_loss         | -0.00595       |
|    explained_variance   | 0.0127         |
|    learning_rate        | 0.0003         |
|    loss                 | 7.26e+04       |
|    n_updates            | 1500           |
|    policy_gradient_loss | 1.19e-09       |
|    value_loss           | 1.47e+05       |
--------------------------------------------
---------------------------------------
| rollout/                |           |
|    ep_len_mean          | 22.8      |
|    ep_rew_mean          | 672       |
| time/                   |           |
|    fps                  | 278       |
|    iterations           | 302       |
|    time_elapsed         | 554       |
|    total_timesteps      | 154624    |
| train/                  |           |
|    approx_kl            | 0.0       |
|    clip_fraction        | 0         |
|    clip_range           | 0.2       |
|    entropy_loss         | -0.00599  |
|    explained_variance   | 0.0211    |
|    learning_rate        | 0.0003    |
|    loss                 | 1.43e+05  |
|    n_updates            | 1505      |
|    policy_gradient_loss | -6.94e-09 |
|    value_loss           | 2.68e+05  |
---------------------------------------
---------------------------------------
| rollout/                |           |
|    ep_len_mean          | 22.9      |
|    ep_rew_mean          | 654       |
| time/                   |           |
|    fps                  | 278       |
|    iterations           | 303       |
|    time_elapsed         | 556       |
|    total_timesteps      | 155136    |
| train/                  |           |
|    approx_kl            | 0.0       |
|    clip_fraction        | 0         |
|    clip_range           | 0.2       |
|    entropy_loss         | -0.00609  |
|    explained_variance   | 0.0494    |
|    learning_rate        | 0.0003    |
|    loss                 | 8.19e+04  |
|    n_updates            | 1510      |
|    policy_gradient_loss | -1.12e-08 |
|    value_loss           | 2.3e+05   |
---------------------------------------
-------------------------------------------
| rollout/                |               |
|    ep_len_mean          | 22.7          |
|    ep_rew_mean          | 659           |
| time/                   |               |
|    fps                  | 278           |
|    iterations           | 304           |
|    time_elapsed         | 558           |
|    total_timesteps      | 155648        |
| train/                  |               |
|    approx_kl            | -2.339948e-08 |
|    clip_fraction        | 0             |
|    clip_range           | 0.2           |
|    entropy_loss         | -0.00627      |
|    explained_variance   | 0.00254       |
|    learning_rate        | 0.0003        |
|    loss                 | 1.24e+05      |
|    n_updates            | 1515          |
|    policy_gradient_loss | 1.68e-08      |
|    value_loss           | 2.22e+05      |
-------------------------------------------
-------------------------------------------
| rollout/                |               |
|    ep_len_mean          | 23.1          |
|    ep_rew_mean          | 756           |
| time/                   |               |
|    fps                  | 278           |
|    iterations           | 305           |
|    time_elapsed         | 560           |
|    total_timesteps      | 156160        |
| train/                  |               |
|    approx_kl            | 5.1630195e-07 |
|    clip_fraction        | 0             |
|    clip_range           | 0.2           |
|    entropy_loss         | -0.00589      |
|    explained_variance   | 0.0225        |
|    learning_rate        | 0.0003        |
|    loss                 | 6.41e+04      |
|    n_updates            | 1520          |
|    policy_gradient_loss | -1.36e-05     |
|    value_loss           | 1.48e+05      |
-------------------------------------------
---------------------------------------
| rollout/                |           |
|    ep_len_mean          | 22.6      |
|    ep_rew_mean          | 672       |
| time/                   |           |
|    fps                  | 278       |
|    iterations           | 306       |
|    time_elapsed         | 562       |
|    total_timesteps      | 156672    |
| train/                  |           |
|    approx_kl            | 0.0       |
|    clip_fraction        | 0         |
|    clip_range           | 0.2       |
|    entropy_loss         | -0.00582  |
|    explained_variance   | 0.0569    |
|    learning_rate        | 0.0003    |
|    loss                 | 8.86e+04  |
|    n_updates            | 1525      |
|    policy_gradient_loss | -2.04e-08 |
|    value_loss           | 1.75e+05  |
---------------------------------------
---------------------------------------
| rollout/                |           |
|    ep_len_mean          | 22.7      |
|    ep_rew_mean          | 610       |
| time/                   |           |
|    fps                  | 278       |
|    iterations           | 307       |
|    time_elapsed         | 563       |
|    total_timesteps      | 157184    |
| train/                  |           |
|    approx_kl            | 0.0       |
|    clip_fraction        | 0         |
|    clip_range           | 0.2       |
|    entropy_loss         | -0.00575  |
|    explained_variance   | 0.115     |
|    learning_rate        | 0.0003    |
|    loss                 | 7.32e+04  |
|    n_updates            | 1530      |
|    policy_gradient_loss | -1.75e-10 |
|    value_loss           | 1.63e+05  |
---------------------------------------
---------------------------------------
| rollout/                |           |
|    ep_len_mean          | 23.1      |
|    ep_rew_mean          | 582       |
| time/                   |           |
|    fps                  | 278       |
|    iterations           | 308       |
|    time_elapsed         | 565       |
|    total_timesteps      | 157696    |
| train/                  |           |
|    approx_kl            | 0.0       |
|    clip_fraction        | 0         |
|    clip_range           | 0.2       |
|    entropy_loss         | -0.00574  |
|    explained_variance   | 0.143     |
|    learning_rate        | 0.0003    |
|    loss                 | 2.18e+05  |
|    n_updates            | 1535      |
|    policy_gradient_loss | -1.63e-10 |
|    value_loss           | 3.64e+05  |
---------------------------------------
---------------------------------------
| rollout/                |           |
|    ep_len_mean          | 24        |
|    ep_rew_mean          | 608       |
| time/                   |           |
|    fps                  | 278       |
|    iterations           | 309       |
|    time_elapsed         | 567       |
|    total_timesteps      | 158208    |
| train/                  |           |
|    approx_kl            | 0.0       |
|    clip_fraction        | 0         |
|    clip_range           | 0.2       |
|    entropy_loss         | -0.00587  |
|    explained_variance   | 0.129     |
|    learning_rate        | 0.0003    |
|    loss                 | 9.04e+04  |
|    n_updates            | 1540      |
|    policy_gradient_loss | -1.61e-09 |
|    value_loss           | 1.56e+05  |
---------------------------------------
---------------------------------------
| rollout/                |           |
|    ep_len_mean          | 24.3      |
|    ep_rew_mean          | 650       |
| time/                   |           |
|    fps                  | 278       |
|    iterations           | 310       |
|    time_elapsed         | 569       |
|    total_timesteps      | 158720    |
| train/                  |           |
|    approx_kl            | 0.0       |
|    clip_fraction        | 0         |
|    clip_range           | 0.2       |
|    entropy_loss         | -0.00584  |
|    explained_variance   | 0.142     |
|    learning_rate        | 0.0003    |
|    loss                 | 8.21e+04  |
|    n_updates            | 1545      |
|    policy_gradient_loss | -2.04e-09 |
|    value_loss           | 1.91e+05  |
---------------------------------------
------------------------------------------
| rollout/                |              |
|    ep_len_mean          | 24.7         |
|    ep_rew_mean          | 638          |
| time/                   |              |
|    fps                  | 278          |
|    iterations           | 311          |
|    time_elapsed         | 571          |
|    total_timesteps      | 159232       |
| train/                  |              |
|    approx_kl            | 8.731149e-09 |
|    clip_fraction        | 0            |
|    clip_range           | 0.2          |
|    entropy_loss         | -0.00576     |
|    explained_variance   | 0.0933       |
|    learning_rate        | 0.0003       |
|    loss                 | 9.79e+04     |
|    n_updates            | 1550         |
|    policy_gradient_loss | -3.42e-06    |
|    value_loss           | 1.99e+05     |
------------------------------------------
---------------------------------------
| rollout/                |           |
|    ep_len_mean          | 24.8      |
|    ep_rew_mean          | 628       |
| time/                   |           |
|    fps                  | 278       |
|    iterations           | 312       |
|    time_elapsed         | 572       |
|    total_timesteps      | 159744    |
| train/                  |           |
|    approx_kl            | 0.0       |
|    clip_fraction        | 0         |
|    clip_range           | 0.2       |
|    entropy_loss         | -0.00577  |
|    explained_variance   | 0.0683    |
|    learning_rate        | 0.0003    |
|    loss                 | 1.13e+05  |
|    n_updates            | 1555      |
|    policy_gradient_loss | -2.68e-08 |
|    value_loss           | 1.87e+05  |
---------------------------------------
--------------------------------------
| rollout/                |          |
|    ep_len_mean          | 25       |
|    ep_rew_mean          | 757      |
| time/                   |          |
|    fps                  | 278      |
|    iterations           | 313      |
|    time_elapsed         | 574      |
|    total_timesteps      | 160256   |
| train/                  |          |
|    approx_kl            | 0.0      |
|    clip_fraction        | 0        |
|    clip_range           | 0.2      |
|    entropy_loss         | -0.0058  |
|    explained_variance   | 0.222    |
|    learning_rate        | 0.0003   |
|    loss                 | 1.66e+05 |
|    n_updates            | 1560     |
|    policy_gradient_loss | 1.44e-09 |
|    value_loss           | 2.63e+05 |
--------------------------------------
--------------------------------------
| rollout/                |          |
|    ep_len_mean          | 24.4     |
|    ep_rew_mean          | 742      |
| time/                   |          |
|    fps                  | 278      |
|    iterations           | 314      |
|    time_elapsed         | 576      |
|    total_timesteps      | 160768   |
| train/                  |          |
|    approx_kl            | 0.0      |
|    clip_fraction        | 0        |
|    clip_range           | 0.2      |
|    entropy_loss         | -0.00592 |
|    explained_variance   | 0.0262   |
|    learning_rate        | 0.0003   |
|    loss                 | 8.49e+04 |
|    n_updates            | 1565     |
|    policy_gradient_loss | 8.99e-09 |
|    value_loss           | 1.73e+05 |
--------------------------------------
--------------------------------------
| rollout/                |          |
|    ep_len_mean          | 24.8     |
|    ep_rew_mean          | 588      |
| time/                   |          |
|    fps                  | 279      |
|    iterations           | 315      |
|    time_elapsed         | 578      |
|    total_timesteps      | 161280   |
| train/                  |          |
|    approx_kl            | 0.0      |
|    clip_fraction        | 0        |
|    clip_range           | 0.2      |
|    entropy_loss         | -0.00571 |
|    explained_variance   | 0.126    |
|    learning_rate        | 0.0003   |
|    loss                 | 1.15e+05 |
|    n_updates            | 1570     |
|    policy_gradient_loss | 7.87e-09 |
|    value_loss           | 2.06e+05 |
--------------------------------------
---------------------------------------
| rollout/                |           |
|    ep_len_mean          | 24.6      |
|    ep_rew_mean          | 582       |
| time/                   |           |
|    fps                  | 279       |
|    iterations           | 316       |
|    time_elapsed         | 579       |
|    total_timesteps      | 161792    |
| train/                  |           |
|    approx_kl            | 0.0       |
|    clip_fraction        | 0         |
|    clip_range           | 0.2       |
|    entropy_loss         | -0.00578  |
|    explained_variance   | 0.254     |
|    learning_rate        | 0.0003    |
|    loss                 | 1.59e+05  |
|    n_updates            | 1575      |
|    policy_gradient_loss | -5.22e-09 |
|    value_loss           | 3.65e+05  |
---------------------------------------
---------------------------------------
| rollout/                |           |
|    ep_len_mean          | 24.5      |
|    ep_rew_mean          | 630       |
| time/                   |           |
|    fps                  | 279       |
|    iterations           | 317       |
|    time_elapsed         | 581       |
|    total_timesteps      | 162304    |
| train/                  |           |
|    approx_kl            | 0.0       |
|    clip_fraction        | 0         |
|    clip_range           | 0.2       |
|    entropy_loss         | -0.00579  |
|    explained_variance   | 0.213     |
|    learning_rate        | 0.0003    |
|    loss                 | 1.55e+05  |
|    n_updates            | 1580      |
|    policy_gradient_loss | -4.91e-09 |
|    value_loss           | 2.32e+05  |
---------------------------------------
---------------------------------------
| rollout/                |           |
|    ep_len_mean          | 24.3      |
|    ep_rew_mean          | 504       |
| time/                   |           |
|    fps                  | 279       |
|    iterations           | 318       |
|    time_elapsed         | 583       |
|    total_timesteps      | 162816    |
| train/                  |           |
|    approx_kl            | 0.0       |
|    clip_fraction        | 0         |
|    clip_range           | 0.2       |
|    entropy_loss         | -0.00562  |
|    explained_variance   | 0.206     |
|    learning_rate        | 0.0003    |
|    loss                 | 1.31e+05  |
|    n_updates            | 1585      |
|    policy_gradient_loss | -3.59e-09 |
|    value_loss           | 1.91e+05  |
---------------------------------------
--------------------------------------
| rollout/                |          |
|    ep_len_mean          | 24.6     |
|    ep_rew_mean          | 507      |
| time/                   |          |
|    fps                  | 279      |
|    iterations           | 319      |
|    time_elapsed         | 585      |
|    total_timesteps      | 163328   |
| train/                  |          |
|    approx_kl            | 0.0      |
|    clip_fraction        | 0        |
|    clip_range           | 0.2      |
|    entropy_loss         | -0.00575 |
|    explained_variance   | 0.178    |
|    learning_rate        | 0.0003   |
|    loss                 | 1.46e+05 |
|    n_updates            | 1590     |
|    policy_gradient_loss | 2.49e-09 |
|    value_loss           | 2.63e+05 |
--------------------------------------
---------------------------------------
| rollout/                |           |
|    ep_len_mean          | 24.2      |
|    ep_rew_mean          | 652       |
| time/                   |           |
|    fps                  | 279       |
|    iterations           | 320       |
|    time_elapsed         | 586       |
|    total_timesteps      | 163840    |
| train/                  |           |
|    approx_kl            | 0.0       |
|    clip_fraction        | 0         |
|    clip_range           | 0.2       |
|    entropy_loss         | -0.00577  |
|    explained_variance   | 0.161     |
|    learning_rate        | 0.0003    |
|    loss                 | 1.25e+05  |
|    n_updates            | 1595      |
|    policy_gradient_loss | -1.91e-09 |
|    value_loss           | 2.46e+05  |
---------------------------------------
-------------------------------------------
| rollout/                |               |
|    ep_len_mean          | 23.7          |
|    ep_rew_mean          | 618           |
| time/                   |               |
|    fps                  | 279           |
|    iterations           | 321           |
|    time_elapsed         | 588           |
|    total_timesteps      | 164352        |
| train/                  |               |
|    approx_kl            | 3.2712705e-07 |
|    clip_fraction        | 0             |
|    clip_range           | 0.2           |
|    entropy_loss         | -0.00556      |
|    explained_variance   | 0.121         |
|    learning_rate        | 0.0003        |
|    loss                 | 6.08e+04      |
|    n_updates            | 1600          |
|    policy_gradient_loss | -3.04e-05     |
|    value_loss           | 1.22e+05      |
-------------------------------------------
---------------------------------------
| rollout/                |           |
|    ep_len_mean          | 24.2      |
|    ep_rew_mean          | 520       |
| time/                   |           |
|    fps                  | 279       |
|    iterations           | 322       |
|    time_elapsed         | 590       |
|    total_timesteps      | 164864    |
| train/                  |           |
|    approx_kl            | 0.0       |
|    clip_fraction        | 0         |
|    clip_range           | 0.2       |
|    entropy_loss         | -0.00565  |
|    explained_variance   | 0.0239    |
|    learning_rate        | 0.0003    |
|    loss                 | 3.42e+04  |
|    n_updates            | 1605      |
|    policy_gradient_loss | -5.05e-08 |
|    value_loss           | 9.35e+04  |
---------------------------------------
---------------------------------------
| rollout/                |           |
|    ep_len_mean          | 24.4      |
|    ep_rew_mean          | 574       |
| time/                   |           |
|    fps                  | 279       |
|    iterations           | 323       |
|    time_elapsed         | 592       |
|    total_timesteps      | 165376    |
| train/                  |           |
|    approx_kl            | 0.0       |
|    clip_fraction        | 0         |
|    clip_range           | 0.2       |
|    entropy_loss         | -0.00556  |
|    explained_variance   | 0.235     |
|    learning_rate        | 0.0003    |
|    loss                 | 1.28e+05  |
|    n_updates            | 1610      |
|    policy_gradient_loss | -2.31e-09 |
|    value_loss           | 2.16e+05  |
---------------------------------------
--------------------------------------
| rollout/                |          |
|    ep_len_mean          | 24.5     |
|    ep_rew_mean          | 576      |
| time/                   |          |
|    fps                  | 279      |
|    iterations           | 324      |
|    time_elapsed         | 594      |
|    total_timesteps      | 165888   |
| train/                  |          |
|    approx_kl            | 0.0      |
|    clip_fraction        | 0        |
|    clip_range           | 0.2      |
|    entropy_loss         | -0.00563 |
|    explained_variance   | 0.138    |
|    learning_rate        | 0.0003   |
|    loss                 | 9.03e+04 |
|    n_updates            | 1615     |
|    policy_gradient_loss | 2.35e-09 |
|    value_loss           | 1.82e+05 |
--------------------------------------
--------------------------------------
| rollout/                |          |
|    ep_len_mean          | 24.9     |
|    ep_rew_mean          | 583      |
| time/                   |          |
|    fps                  | 279      |
|    iterations           | 325      |
|    time_elapsed         | 595      |
|    total_timesteps      | 166400   |
| train/                  |          |
|    approx_kl            | 0.0      |
|    clip_fraction        | 0        |
|    clip_range           | 0.2      |
|    entropy_loss         | -0.00574 |
|    explained_variance   | -0.0391  |
|    learning_rate        | 0.0003   |
|    loss                 | 9.52e+04 |
|    n_updates            | 1620     |
|    policy_gradient_loss | 1.93e-09 |
|    value_loss           | 2.47e+05 |
--------------------------------------
--------------------------------------
| rollout/                |          |
|    ep_len_mean          | 25.7     |
|    ep_rew_mean          | 643      |
| time/                   |          |
|    fps                  | 279      |
|    iterations           | 326      |
|    time_elapsed         | 597      |
|    total_timesteps      | 166912   |
| train/                  |          |
|    approx_kl            | 0.0      |
|    clip_fraction        | 0        |
|    clip_range           | 0.2      |
|    entropy_loss         | -0.00577 |
|    explained_variance   | 0.136    |
|    learning_rate        | 0.0003   |
|    loss                 | 6.23e+04 |
|    n_updates            | 1625     |
|    policy_gradient_loss | 6.75e-09 |
|    value_loss           | 1.66e+05 |
--------------------------------------
--------------------------------------
| rollout/                |          |
|    ep_len_mean          | 24.6     |
|    ep_rew_mean          | 717      |
| time/                   |          |
|    fps                  | 279      |
|    iterations           | 327      |
|    time_elapsed         | 599      |
|    total_timesteps      | 167424   |
| train/                  |          |
|    approx_kl            | 0.0      |
|    clip_fraction        | 0        |
|    clip_range           | 0.2      |
|    entropy_loss         | -0.00559 |
|    explained_variance   | 0.226    |
|    learning_rate        | 0.0003   |
|    loss                 | 1.2e+05  |
|    n_updates            | 1630     |
|    policy_gradient_loss | 5.87e-09 |
|    value_loss           | 2.51e+05 |
--------------------------------------
----------------------------------------
| rollout/                |            |
|    ep_len_mean          | 23.5       |
|    ep_rew_mean          | 801        |
| time/                   |            |
|    fps                  | 279        |
|    iterations           | 328        |
|    time_elapsed         | 601        |
|    total_timesteps      | 167936     |
| train/                  |            |
|    approx_kl            | 7.9046e-08 |
|    clip_fraction        | 0          |
|    clip_range           | 0.2        |
|    entropy_loss         | -0.00567   |
|    explained_variance   | 0.0103     |
|    learning_rate        | 0.0003     |
|    loss                 | 8.29e+04   |
|    n_updates            | 1635       |
|    policy_gradient_loss | -7.68e-06  |
|    value_loss           | 1.38e+05   |
----------------------------------------
--------------------------------------
| rollout/                |          |
|    ep_len_mean          | 23.2     |
|    ep_rew_mean          | 817      |
| time/                   |          |
|    fps                  | 279      |
|    iterations           | 329      |
|    time_elapsed         | 603      |
|    total_timesteps      | 168448   |
| train/                  |          |
|    approx_kl            | 0.0      |
|    clip_fraction        | 0        |
|    clip_range           | 0.2      |
|    entropy_loss         | -0.00561 |
|    explained_variance   | 0.0387   |
|    learning_rate        | 0.0003   |
|    loss                 | 4.84e+04 |
|    n_updates            | 1640     |
|    policy_gradient_loss | 5.77e-09 |
|    value_loss           | 1.41e+05 |
--------------------------------------
---------------------------------------
| rollout/                |           |
|    ep_len_mean          | 24        |
|    ep_rew_mean          | 784       |
| time/                   |           |
|    fps                  | 279       |
|    iterations           | 330       |
|    time_elapsed         | 604       |
|    total_timesteps      | 168960    |
| train/                  |           |
|    approx_kl            | 0.0       |
|    clip_fraction        | 0         |
|    clip_range           | 0.2       |
|    entropy_loss         | -0.00558  |
|    explained_variance   | 0.237     |
|    learning_rate        | 0.0003    |
|    loss                 | 1.55e+05  |
|    n_updates            | 1645      |
|    policy_gradient_loss | -2.07e-09 |
|    value_loss           | 2.94e+05  |
---------------------------------------
---------------------------------------
| rollout/                |           |
|    ep_len_mean          | 23.9      |
|    ep_rew_mean          | 775       |
| time/                   |           |
|    fps                  | 279       |
|    iterations           | 331       |
|    time_elapsed         | 606       |
|    total_timesteps      | 169472    |
| train/                  |           |
|    approx_kl            | 0.0       |
|    clip_fraction        | 0         |
|    clip_range           | 0.2       |
|    entropy_loss         | -0.00551  |
|    explained_variance   | -0.0676   |
|    learning_rate        | 0.0003    |
|    loss                 | 1.17e+05  |
|    n_updates            | 1650      |
|    policy_gradient_loss | -2.56e-09 |
|    value_loss           | 2.28e+05  |
---------------------------------------
--------------------------------------
| rollout/                |          |
|    ep_len_mean          | 23       |
|    ep_rew_mean          | 741      |
| time/                   |          |
|    fps                  | 279      |
|    iterations           | 332      |
|    time_elapsed         | 608      |
|    total_timesteps      | 169984   |
| train/                  |          |
|    approx_kl            | 0.0      |
|    clip_fraction        | 0        |
|    clip_range           | 0.2      |
|    entropy_loss         | -0.00554 |
|    explained_variance   | 0.0299   |
|    learning_rate        | 0.0003   |
|    loss                 | 1.25e+05 |
|    n_updates            | 1655     |
|    policy_gradient_loss | -4.7e-09 |
|    value_loss           | 1.75e+05 |
--------------------------------------
-------------------------------------------
| rollout/                |               |
|    ep_len_mean          | 23.2          |
|    ep_rew_mean          | 702           |
| time/                   |               |
|    fps                  | 279           |
|    iterations           | 333           |
|    time_elapsed         | 610           |
|    total_timesteps      | 170496        |
| train/                  |               |
|    approx_kl            | 1.7345883e-08 |
|    clip_fraction        | 0             |
|    clip_range           | 0.2           |
|    entropy_loss         | -0.00559      |
|    explained_variance   | 0.0559        |
|    learning_rate        | 0.0003        |
|    loss                 | 8.09e+04      |
|    n_updates            | 1660          |
|    policy_gradient_loss | -2.82e-06     |
|    value_loss           | 1.54e+05      |
-------------------------------------------
--------------------------------------
| rollout/                |          |
|    ep_len_mean          | 23.5     |
|    ep_rew_mean          | 630      |
| time/                   |          |
|    fps                  | 279      |
|    iterations           | 334      |
|    time_elapsed         | 612      |
|    total_timesteps      | 171008   |
| train/                  |          |
|    approx_kl            | 0.0      |
|    clip_fraction        | 0        |
|    clip_range           | 0.2      |
|    entropy_loss         | -0.00561 |
|    explained_variance   | 0.119    |
|    learning_rate        | 0.0003   |
|    loss                 | 1.17e+05 |
|    n_updates            | 1665     |
|    policy_gradient_loss | 1.23e-09 |
|    value_loss           | 2.33e+05 |
--------------------------------------
-------------------------------------------
| rollout/                |               |
|    ep_len_mean          | 23            |
|    ep_rew_mean          | 605           |
| time/                   |               |
|    fps                  | 279           |
|    iterations           | 335           |
|    time_elapsed         | 613           |
|    total_timesteps      | 171520        |
| train/                  |               |
|    approx_kl            | 1.0477379e-09 |
|    clip_fraction        | 0             |
|    clip_range           | 0.2           |
|    entropy_loss         | -0.00555      |
|    explained_variance   | 0.248         |
|    learning_rate        | 0.0003        |
|    loss                 | 1.34e+05      |
|    n_updates            | 1670          |
|    policy_gradient_loss | -6.68e-07     |
|    value_loss           | 2.34e+05      |
-------------------------------------------
-------------------------------------------
| rollout/                |               |
|    ep_len_mean          | 23.6          |
|    ep_rew_mean          | 544           |
| time/                   |               |
|    fps                  | 279           |
|    iterations           | 336           |
|    time_elapsed         | 615           |
|    total_timesteps      | 172032        |
| train/                  |               |
|    approx_kl            | 5.5879354e-09 |
|    clip_fraction        | 0             |
|    clip_range           | 0.2           |
|    entropy_loss         | -0.00563      |
|    explained_variance   | 0.108         |
|    learning_rate        | 0.0003        |
|    loss                 | 1.29e+05      |
|    n_updates            | 1675          |
|    policy_gradient_loss | -2.09e-06     |
|    value_loss           | 3.19e+05      |
-------------------------------------------
-------------------------------------------
| rollout/                |               |
|    ep_len_mean          | 24.2          |
|    ep_rew_mean          | 448           |
| time/                   |               |
|    fps                  | 279           |
|    iterations           | 337           |
|    time_elapsed         | 617           |
|    total_timesteps      | 172544        |
| train/                  |               |
|    approx_kl            | 1.6647391e-08 |
|    clip_fraction        | 0             |
|    clip_range           | 0.2           |
|    entropy_loss         | -0.00543      |
|    explained_variance   | 0.191         |
|    learning_rate        | 0.0003        |
|    loss                 | 1.59e+05      |
|    n_updates            | 1680          |
|    policy_gradient_loss | -2.05e-06     |
|    value_loss           | 3.42e+05      |
-------------------------------------------
--------------------------------------
| rollout/                |          |
|    ep_len_mean          | 23.9     |
|    ep_rew_mean          | 489      |
| time/                   |          |
|    fps                  | 279      |
|    iterations           | 338      |
|    time_elapsed         | 619      |
|    total_timesteps      | 173056   |
| train/                  |          |
|    approx_kl            | 0.0      |
|    clip_fraction        | 0        |
|    clip_range           | 0.2      |
|    entropy_loss         | -0.00545 |
|    explained_variance   | 0.208    |
|    learning_rate        | 0.0003   |
|    loss                 | 1.05e+05 |
|    n_updates            | 1685     |
|    policy_gradient_loss | 2.61e-09 |
|    value_loss           | 2.38e+05 |
--------------------------------------
---------------------------------------
| rollout/                |           |
|    ep_len_mean          | 23.2      |
|    ep_rew_mean          | 544       |
| time/                   |           |
|    fps                  | 279       |
|    iterations           | 339       |
|    time_elapsed         | 621       |
|    total_timesteps      | 173568    |
| train/                  |           |
|    approx_kl            | 0.0       |
|    clip_fraction        | 0         |
|    clip_range           | 0.2       |
|    entropy_loss         | -0.00543  |
|    explained_variance   | 0.284     |
|    learning_rate        | 0.0003    |
|    loss                 | 7.94e+04  |
|    n_updates            | 1690      |
|    policy_gradient_loss | -1.91e-09 |
|    value_loss           | 1.59e+05  |
---------------------------------------
--------------------------------------
| rollout/                |          |
|    ep_len_mean          | 23.1     |
|    ep_rew_mean          | 428      |
| time/                   |          |
|    fps                  | 279      |
|    iterations           | 340      |
|    time_elapsed         | 622      |
|    total_timesteps      | 174080   |
| train/                  |          |
|    approx_kl            | 0.0      |
|    clip_fraction        | 0        |
|    clip_range           | 0.2      |
|    entropy_loss         | -0.00553 |
|    explained_variance   | 0.0941   |
|    learning_rate        | 0.0003   |
|    loss                 | 7e+04    |
|    n_updates            | 1695     |
|    policy_gradient_loss | 3.28e-09 |
|    value_loss           | 1.44e+05 |
--------------------------------------
--------------------------------------
| rollout/                |          |
|    ep_len_mean          | 22.7     |
|    ep_rew_mean          | 493      |
| time/                   |          |
|    fps                  | 279      |
|    iterations           | 341      |
|    time_elapsed         | 624      |
|    total_timesteps      | 174592   |
| train/                  |          |
|    approx_kl            | 0.0      |
|    clip_fraction        | 0        |
|    clip_range           | 0.2      |
|    entropy_loss         | -0.00551 |
|    explained_variance   | 0.172    |
|    learning_rate        | 0.0003   |
|    loss                 | 1.02e+05 |
|    n_updates            | 1700     |
|    policy_gradient_loss | -5.8e-09 |
|    value_loss           | 2.05e+05 |
--------------------------------------
--------------------------------------
| rollout/                |          |
|    ep_len_mean          | 23.5     |
|    ep_rew_mean          | 569      |
| time/                   |          |
|    fps                  | 279      |
|    iterations           | 342      |
|    time_elapsed         | 626      |
|    total_timesteps      | 175104   |
| train/                  |          |
|    approx_kl            | 0.0      |
|    clip_fraction        | 0        |
|    clip_range           | 0.2      |
|    entropy_loss         | -0.00548 |
|    explained_variance   | 0.15     |
|    learning_rate        | 0.0003   |
|    loss                 | 9.06e+04 |
|    n_updates            | 1705     |
|    policy_gradient_loss | 5.91e-09 |
|    value_loss           | 1.76e+05 |
--------------------------------------
--------------------------------------
| rollout/                |          |
|    ep_len_mean          | 23.9     |
|    ep_rew_mean          | 531      |
| time/                   |          |
|    fps                  | 279      |
|    iterations           | 343      |
|    time_elapsed         | 628      |
|    total_timesteps      | 175616   |
| train/                  |          |
|    approx_kl            | 0.0      |
|    clip_fraction        | 0        |
|    clip_range           | 0.2      |
|    entropy_loss         | -0.00549 |
|    explained_variance   | 0.175    |
|    learning_rate        | 0.0003   |
|    loss                 | 7.69e+04 |
|    n_updates            | 1710     |
|    policy_gradient_loss | 4.56e-09 |
|    value_loss           | 1.76e+05 |
--------------------------------------
---------------------------------------
| rollout/                |           |
|    ep_len_mean          | 25.2      |
|    ep_rew_mean          | 558       |
| time/                   |           |
|    fps                  | 279       |
|    iterations           | 344       |
|    time_elapsed         | 630       |
|    total_timesteps      | 176128    |
| train/                  |           |
|    approx_kl            | 0.0       |
|    clip_fraction        | 0         |
|    clip_range           | 0.2       |
|    entropy_loss         | -0.00542  |
|    explained_variance   | 0.134     |
|    learning_rate        | 0.0003    |
|    loss                 | 9.96e+04  |
|    n_updates            | 1715      |
|    policy_gradient_loss | -5.22e-09 |
|    value_loss           | 1.87e+05  |
---------------------------------------
---------------------------------------
| rollout/                |           |
|    ep_len_mean          | 25.7      |
|    ep_rew_mean          | 699       |
| time/                   |           |
|    fps                  | 279       |
|    iterations           | 345       |
|    time_elapsed         | 632       |
|    total_timesteps      | 176640    |
| train/                  |           |
|    approx_kl            | 0.0       |
|    clip_fraction        | 0         |
|    clip_range           | 0.2       |
|    entropy_loss         | -0.00542  |
|    explained_variance   | 0.151     |
|    learning_rate        | 0.0003    |
|    loss                 | 1.96e+05  |
|    n_updates            | 1720      |
|    policy_gradient_loss | -1.07e-09 |
|    value_loss           | 2.82e+05  |
---------------------------------------
--------------------------------------
| rollout/                |          |
|    ep_len_mean          | 25.9     |
|    ep_rew_mean          | 739      |
| time/                   |          |
|    fps                  | 279      |
|    iterations           | 346      |
|    time_elapsed         | 633      |
|    total_timesteps      | 177152   |
| train/                  |          |
|    approx_kl            | 0.0      |
|    clip_fraction        | 0        |
|    clip_range           | 0.2      |
|    entropy_loss         | -0.00559 |
|    explained_variance   | -0.0185  |
|    learning_rate        | 0.0003   |
|    loss                 | 7.15e+04 |
|    n_updates            | 1725     |
|    policy_gradient_loss | 3.4e-09  |
|    value_loss           | 1.67e+05 |
--------------------------------------
--------------------------------------------
| rollout/                |                |
|    ep_len_mean          | 24.5           |
|    ep_rew_mean          | 744            |
| time/                   |                |
|    fps                  | 279            |
|    iterations           | 347            |
|    time_elapsed         | 635            |
|    total_timesteps      | 177664         |
| train/                  |                |
|    approx_kl            | -6.7520887e-09 |
|    clip_fraction        | 0              |
|    clip_range           | 0.2            |
|    entropy_loss         | -0.00556       |
|    explained_variance   | 0.00562        |
|    learning_rate        | 0.0003         |
|    loss                 | 6.58e+04       |
|    n_updates            | 1730           |
|    policy_gradient_loss | 6.61e-09       |
|    value_loss           | 2.03e+05       |
--------------------------------------------
---------------------------------------
| rollout/                |           |
|    ep_len_mean          | 24.2      |
|    ep_rew_mean          | 780       |
| time/                   |           |
|    fps                  | 279       |
|    iterations           | 348       |
|    time_elapsed         | 636       |
|    total_timesteps      | 178176    |
| train/                  |           |
|    approx_kl            | 0.0       |
|    clip_fraction        | 0         |
|    clip_range           | 0.2       |
|    entropy_loss         | -0.00561  |
|    explained_variance   | 0.0109    |
|    learning_rate        | 0.0003    |
|    loss                 | 1.04e+05  |
|    n_updates            | 1735      |
|    policy_gradient_loss | -1.21e-09 |
|    value_loss           | 1.8e+05   |
---------------------------------------
--------------------------------------
| rollout/                |          |
|    ep_len_mean          | 22.9     |
|    ep_rew_mean          | 699      |
| time/                   |          |
|    fps                  | 279      |
|    iterations           | 349      |
|    time_elapsed         | 638      |
|    total_timesteps      | 178688   |
| train/                  |          |
|    approx_kl            | 0.0      |
|    clip_fraction        | 0        |
|    clip_range           | 0.2      |
|    entropy_loss         | -0.00549 |
|    explained_variance   | 0.0806   |
|    learning_rate        | 0.0003   |
|    loss                 | 6.23e+04 |
|    n_updates            | 1740     |
|    policy_gradient_loss | 9.08e-10 |
|    value_loss           | 1.48e+05 |
--------------------------------------
--------------------------------------
| rollout/                |          |
|    ep_len_mean          | 22.5     |
|    ep_rew_mean          | 673      |
| time/                   |          |
|    fps                  | 279      |
|    iterations           | 350      |
|    time_elapsed         | 640      |
|    total_timesteps      | 179200   |
| train/                  |          |
|    approx_kl            | 0.0      |
|    clip_fraction        | 0        |
|    clip_range           | 0.2      |
|    entropy_loss         | -0.00546 |
|    explained_variance   | 0.0846   |
|    learning_rate        | 0.0003   |
|    loss                 | 7.73e+04 |
|    n_updates            | 1745     |
|    policy_gradient_loss | 4.63e-09 |
|    value_loss           | 1.84e+05 |
--------------------------------------
-------------------------------------------
| rollout/                |               |
|    ep_len_mean          | 23            |
|    ep_rew_mean          | 731           |
| time/                   |               |
|    fps                  | 279           |
|    iterations           | 351           |
|    time_elapsed         | 642           |
|    total_timesteps      | 179712        |
| train/                  |               |
|    approx_kl            | 1.0477379e-09 |
|    clip_fraction        | 0             |
|    clip_range           | 0.2           |
|    entropy_loss         | -0.00558      |
|    explained_variance   | 0.252         |
|    learning_rate        | 0.0003        |
|    loss                 | 9.56e+04      |
|    n_updates            | 1750          |
|    policy_gradient_loss | -2.53e-07     |
|    value_loss           | 2.3e+05       |
-------------------------------------------
--------------------------------------
| rollout/                |          |
|    ep_len_mean          | 22.9     |
|    ep_rew_mean          | 658      |
| time/                   |          |
|    fps                  | 280      |
|    iterations           | 352      |
|    time_elapsed         | 643      |
|    total_timesteps      | 180224   |
| train/                  |          |
|    approx_kl            | 0.0      |
|    clip_fraction        | 0        |
|    clip_range           | 0.2      |
|    entropy_loss         | -0.00562 |
|    explained_variance   | 0.0522   |
|    learning_rate        | 0.0003   |
|    loss                 | 6.77e+04 |
|    n_updates            | 1755     |
|    policy_gradient_loss | 4.66e-11 |
|    value_loss           | 1.37e+05 |
--------------------------------------
--------------------------------------
| rollout/                |          |
|    ep_len_mean          | 23.7     |
|    ep_rew_mean          | 702      |
| time/                   |          |
|    fps                  | 280      |
|    iterations           | 353      |
|    time_elapsed         | 645      |
|    total_timesteps      | 180736   |
| train/                  |          |
|    approx_kl            | 0.0      |
|    clip_fraction        | 0        |
|    clip_range           | 0.2      |
|    entropy_loss         | -0.00559 |
|    explained_variance   | 0.126    |
|    learning_rate        | 0.0003   |
|    loss                 | 9.05e+04 |
|    n_updates            | 1760     |
|    policy_gradient_loss | 2.33e-11 |
|    value_loss           | 2.14e+05 |
--------------------------------------
--------------------------------------
| rollout/                |          |
|    ep_len_mean          | 23.8     |
|    ep_rew_mean          | 764      |
| time/                   |          |
|    fps                  | 280      |
|    iterations           | 354      |
|    time_elapsed         | 647      |
|    total_timesteps      | 181248   |
| train/                  |          |
|    approx_kl            | 0.0      |
|    clip_fraction        | 0        |
|    clip_range           | 0.2      |
|    entropy_loss         | -0.00557 |
|    explained_variance   | 0.0147   |
|    learning_rate        | 0.0003   |
|    loss                 | 8.01e+04 |
|    n_updates            | 1765     |
|    policy_gradient_loss | 5.4e-09  |
|    value_loss           | 1.94e+05 |
--------------------------------------
-------------------------------------------
| rollout/                |               |
|    ep_len_mean          | 24.3          |
|    ep_rew_mean          | 752           |
| time/                   |               |
|    fps                  | 280           |
|    iterations           | 355           |
|    time_elapsed         | 648           |
|    total_timesteps      | 181760        |
| train/                  |               |
|    approx_kl            | 2.7474016e-08 |
|    clip_fraction        | 0             |
|    clip_range           | 0.2           |
|    entropy_loss         | -0.00553      |
|    explained_variance   | 0.137         |
|    learning_rate        | 0.0003        |
|    loss                 | 7.18e+04      |
|    n_updates            | 1770          |
|    policy_gradient_loss | -4.22e-06     |
|    value_loss           | 1.56e+05      |
-------------------------------------------
--------------------------------------
| rollout/                |          |
|    ep_len_mean          | 24.8     |
|    ep_rew_mean          | 707      |
| time/                   |          |
|    fps                  | 280      |
|    iterations           | 356      |
|    time_elapsed         | 650      |
|    total_timesteps      | 182272   |
| train/                  |          |
|    approx_kl            | 0.0      |
|    clip_fraction        | 0        |
|    clip_range           | 0.2      |
|    entropy_loss         | -0.00552 |
|    explained_variance   | 0.115    |
|    learning_rate        | 0.0003   |
|    loss                 | 8.85e+04 |
|    n_updates            | 1775     |
|    policy_gradient_loss | 5.61e-09 |
|    value_loss           | 2.67e+05 |
--------------------------------------
---------------------------------------
| rollout/                |           |
|    ep_len_mean          | 24.6      |
|    ep_rew_mean          | 676       |
| time/                   |           |
|    fps                  | 280       |
|    iterations           | 357       |
|    time_elapsed         | 652       |
|    total_timesteps      | 182784    |
| train/                  |           |
|    approx_kl            | 0.0       |
|    clip_fraction        | 0         |
|    clip_range           | 0.2       |
|    entropy_loss         | -0.0056   |
|    explained_variance   | 0.126     |
|    learning_rate        | 0.0003    |
|    loss                 | 1.13e+05  |
|    n_updates            | 1780      |
|    policy_gradient_loss | -4.52e-09 |
|    value_loss           | 2.03e+05  |
---------------------------------------
--------------------------------------
| rollout/                |          |
|    ep_len_mean          | 24.9     |
|    ep_rew_mean          | 668      |
| time/                   |          |
|    fps                  | 280      |
|    iterations           | 358      |
|    time_elapsed         | 654      |
|    total_timesteps      | 183296   |
| train/                  |          |
|    approx_kl            | 0.0      |
|    clip_fraction        | 0        |
|    clip_range           | 0.2      |
|    entropy_loss         | -0.00545 |
|    explained_variance   | 0.173    |
|    learning_rate        | 0.0003   |
|    loss                 | 1.61e+05 |
|    n_updates            | 1785     |
|    policy_gradient_loss | -9.9e-09 |
|    value_loss           | 3.24e+05 |
--------------------------------------
--------------------------------------
| rollout/                |          |
|    ep_len_mean          | 24.9     |
|    ep_rew_mean          | 527      |
| time/                   |          |
|    fps                  | 280      |
|    iterations           | 359      |
|    time_elapsed         | 655      |
|    total_timesteps      | 183808   |
| train/                  |          |
|    approx_kl            | 0.0      |
|    clip_fraction        | 0        |
|    clip_range           | 0.2      |
|    entropy_loss         | -0.00552 |
|    explained_variance   | 0.185    |
|    learning_rate        | 0.0003   |
|    loss                 | 8.42e+04 |
|    n_updates            | 1790     |
|    policy_gradient_loss | 2.33e-10 |
|    value_loss           | 1.88e+05 |
--------------------------------------
-------------------------------------------
| rollout/                |               |
|    ep_len_mean          | 24.1          |
|    ep_rew_mean          | 588           |
| time/                   |               |
|    fps                  | 280           |
|    iterations           | 360           |
|    time_elapsed         | 657           |
|    total_timesteps      | 184320        |
| train/                  |               |
|    approx_kl            | 2.7939677e-09 |
|    clip_fraction        | 0             |
|    clip_range           | 0.2           |
|    entropy_loss         | -0.0055       |
|    explained_variance   | 0.258         |
|    learning_rate        | 0.0003        |
|    loss                 | 1.49e+05      |
|    n_updates            | 1795          |
|    policy_gradient_loss | -1.02e-06     |
|    value_loss           | 2.83e+05      |
-------------------------------------------
--------------------------------------
| rollout/                |          |
|    ep_len_mean          | 24.7     |
|    ep_rew_mean          | 540      |
| time/                   |          |
|    fps                  | 280      |
|    iterations           | 361      |
|    time_elapsed         | 659      |
|    total_timesteps      | 184832   |
| train/                  |          |
|    approx_kl            | 0.0      |
|    clip_fraction        | 0        |
|    clip_range           | 0.2      |
|    entropy_loss         | -0.00549 |
|    explained_variance   | 0.0581   |
|    learning_rate        | 0.0003   |
|    loss                 | 9.79e+04 |
|    n_updates            | 1800     |
|    policy_gradient_loss | 5.82e-09 |
|    value_loss           | 2.22e+05 |
--------------------------------------
--------------------------------------
| rollout/                |          |
|    ep_len_mean          | 25       |
|    ep_rew_mean          | 668      |
| time/                   |          |
|    fps                  | 280      |
|    iterations           | 362      |
|    time_elapsed         | 660      |
|    total_timesteps      | 185344   |
| train/                  |          |
|    approx_kl            | 0.0      |
|    clip_fraction        | 0        |
|    clip_range           | 0.2      |
|    entropy_loss         | -0.0054  |
|    explained_variance   | 0.232    |
|    learning_rate        | 0.0003   |
|    loss                 | 2.54e+05 |
|    n_updates            | 1805     |
|    policy_gradient_loss | 5.36e-10 |
|    value_loss           | 3.52e+05 |
--------------------------------------
--------------------------------------
| rollout/                |          |
|    ep_len_mean          | 24.5     |
|    ep_rew_mean          | 605      |
| time/                   |          |
|    fps                  | 280      |
|    iterations           | 363      |
|    time_elapsed         | 662      |
|    total_timesteps      | 185856   |
| train/                  |          |
|    approx_kl            | 0.0      |
|    clip_fraction        | 0        |
|    clip_range           | 0.2      |
|    entropy_loss         | -0.00544 |
|    explained_variance   | 0.0626   |
|    learning_rate        | 0.0003   |
|    loss                 | 8.8e+04  |
|    n_updates            | 1810     |
|    policy_gradient_loss | 8.89e-09 |
|    value_loss           | 1.73e+05 |
--------------------------------------
-------------------------------------------
| rollout/                |               |
|    ep_len_mean          | 24.2          |
|    ep_rew_mean          | 593           |
| time/                   |               |
|    fps                  | 280           |
|    iterations           | 364           |
|    time_elapsed         | 664           |
|    total_timesteps      | 186368        |
| train/                  |               |
|    approx_kl            | 5.5297278e-08 |
|    clip_fraction        | 0             |
|    clip_range           | 0.2           |
|    entropy_loss         | -0.00546      |
|    explained_variance   | 0.167         |
|    learning_rate        | 0.0003        |
|    loss                 | 9.03e+04      |
|    n_updates            | 1815          |
|    policy_gradient_loss | -9.73e-06     |
|    value_loss           | 1.76e+05      |
-------------------------------------------
--------------------------------------
| rollout/                |          |
|    ep_len_mean          | 23.4     |
|    ep_rew_mean          | 574      |
| time/                   |          |
|    fps                  | 280      |
|    iterations           | 365      |
|    time_elapsed         | 666      |
|    total_timesteps      | 186880   |
| train/                  |          |
|    approx_kl            | 0.0      |
|    clip_fraction        | 0        |
|    clip_range           | 0.2      |
|    entropy_loss         | -0.00543 |
|    explained_variance   | 0.0795   |
|    learning_rate        | 0.0003   |
|    loss                 | 8.28e+04 |
|    n_updates            | 1820     |
|    policy_gradient_loss | 7.75e-09 |
|    value_loss           | 1.6e+05  |
--------------------------------------
------------------------------------------
| rollout/                |              |
|    ep_len_mean          | 22.9         |
|    ep_rew_mean          | 602          |
| time/                   |              |
|    fps                  | 280          |
|    iterations           | 366          |
|    time_elapsed         | 668          |
|    total_timesteps      | 187392       |
| train/                  |              |
|    approx_kl            | 9.301584e-08 |
|    clip_fraction        | 0            |
|    clip_range           | 0.2          |
|    entropy_loss         | -0.00555     |
|    explained_variance   | 0.0652       |
|    learning_rate        | 0.0003       |
|    loss                 | 8.02e+04     |
|    n_updates            | 1825         |
|    policy_gradient_loss | -1.13e-05    |
|    value_loss           | 1.38e+05     |
------------------------------------------
--------------------------------------
| rollout/                |          |
|    ep_len_mean          | 22.5     |
|    ep_rew_mean          | 535      |
| time/                   |          |
|    fps                  | 280      |
|    iterations           | 367      |
|    time_elapsed         | 670      |
|    total_timesteps      | 187904   |
| train/                  |          |
|    approx_kl            | 0.0      |
|    clip_fraction        | 0        |
|    clip_range           | 0.2      |
|    entropy_loss         | -0.00544 |
|    explained_variance   | 0.0739   |
|    learning_rate        | 0.0003   |
|    loss                 | 1.09e+05 |
|    n_updates            | 1830     |
|    policy_gradient_loss | 1.62e-08 |
|    value_loss           | 1.78e+05 |
--------------------------------------
--------------------------------------
| rollout/                |          |
|    ep_len_mean          | 23.1     |
|    ep_rew_mean          | 522      |
| time/                   |          |
|    fps                  | 280      |
|    iterations           | 368      |
|    time_elapsed         | 672      |
|    total_timesteps      | 188416   |
| train/                  |          |
|    approx_kl            | 0.0      |
|    clip_fraction        | 0        |
|    clip_range           | 0.2      |
|    entropy_loss         | -0.00541 |
|    explained_variance   | 0.273    |
|    learning_rate        | 0.0003   |
|    loss                 | 7.6e+04  |
|    n_updates            | 1835     |
|    policy_gradient_loss | 8.15e-10 |
|    value_loss           | 1.86e+05 |
--------------------------------------
-------------------------------------------
| rollout/                |               |
|    ep_len_mean          | 23.9          |
|    ep_rew_mean          | 566           |
| time/                   |               |
|    fps                  | 280           |
|    iterations           | 369           |
|    time_elapsed         | 674           |
|    total_timesteps      | 188928        |
| train/                  |               |
|    approx_kl            | 2.0128209e-07 |
|    clip_fraction        | 0             |
|    clip_range           | 0.2           |
|    entropy_loss         | -0.00539      |
|    explained_variance   | 0.104         |
|    learning_rate        | 0.0003        |
|    loss                 | 7.24e+04      |
|    n_updates            | 1840          |
|    policy_gradient_loss | -1.31e-05     |
|    value_loss           | 1.57e+05      |
-------------------------------------------
--------------------------------------
| rollout/                |          |
|    ep_len_mean          | 23.3     |
|    ep_rew_mean          | 601      |
| time/                   |          |
|    fps                  | 280      |
|    iterations           | 370      |
|    time_elapsed         | 675      |
|    total_timesteps      | 189440   |
| train/                  |          |
|    approx_kl            | 0.0      |
|    clip_fraction        | 0        |
|    clip_range           | 0.2      |
|    entropy_loss         | -0.0053  |
|    explained_variance   | 0.117    |
|    learning_rate        | 0.0003   |
|    loss                 | 1.08e+05 |
|    n_updates            | 1845     |
|    policy_gradient_loss | 3.17e-08 |
|    value_loss           | 2.15e+05 |
--------------------------------------
---------------------------------------
| rollout/                |           |
|    ep_len_mean          | 23.3      |
|    ep_rew_mean          | 670       |
| time/                   |           |
|    fps                  | 280       |
|    iterations           | 371       |
|    time_elapsed         | 677       |
|    total_timesteps      | 189952    |
| train/                  |           |
|    approx_kl            | 0.0       |
|    clip_fraction        | 0         |
|    clip_range           | 0.2       |
|    entropy_loss         | -0.00536  |
|    explained_variance   | 0.0221    |
|    learning_rate        | 0.0003    |
|    loss                 | 6.94e+04  |
|    n_updates            | 1850      |
|    policy_gradient_loss | -1.08e-08 |
|    value_loss           | 1.22e+05  |
---------------------------------------
--------------------------------------
| rollout/                |          |
|    ep_len_mean          | 23.4     |
|    ep_rew_mean          | 689      |
| time/                   |          |
|    fps                  | 280      |
|    iterations           | 372      |
|    time_elapsed         | 679      |
|    total_timesteps      | 190464   |
| train/                  |          |
|    approx_kl            | 0.0      |
|    clip_fraction        | 0        |
|    clip_range           | 0.2      |
|    entropy_loss         | -0.00538 |
|    explained_variance   | 0.0433   |
|    learning_rate        | 0.0003   |
|    loss                 | 6.57e+04 |
|    n_updates            | 1855     |
|    policy_gradient_loss | 9.24e-09 |
|    value_loss           | 1.53e+05 |
--------------------------------------
-------------------------------------------
| rollout/                |               |
|    ep_len_mean          | 22.8          |
|    ep_rew_mean          | 705           |
| time/                   |               |
|    fps                  | 280           |
|    iterations           | 373           |
|    time_elapsed         | 680           |
|    total_timesteps      | 190976        |
| train/                  |               |
|    approx_kl            | 6.9849193e-10 |
|    clip_fraction        | 0             |
|    clip_range           | 0.2           |
|    entropy_loss         | -0.00549      |
|    explained_variance   | 0.0272        |
|    learning_rate        | 0.0003        |
|    loss                 | 1.48e+05      |
|    n_updates            | 1860          |
|    policy_gradient_loss | -4.63e-07     |
|    value_loss           | 2.27e+05      |
-------------------------------------------
-------------------------------------------
| rollout/                |               |
|    ep_len_mean          | 23.8          |
|    ep_rew_mean          | 643           |
| time/                   |               |
|    fps                  | 280           |
|    iterations           | 374           |
|    time_elapsed         | 682           |
|    total_timesteps      | 191488        |
| train/                  |               |
|    approx_kl            | 1.6065314e-08 |
|    clip_fraction        | 0             |
|    clip_range           | 0.2           |
|    entropy_loss         | -0.00538      |
|    explained_variance   | -0.0848       |
|    learning_rate        | 0.0003        |
|    loss                 | 1.22e+05      |
|    n_updates            | 1865          |
|    policy_gradient_loss | -3.22e-06     |
|    value_loss           | 2.39e+05      |
-------------------------------------------
--------------------------------------
| rollout/                |          |
|    ep_len_mean          | 24.7     |
|    ep_rew_mean          | 596      |
| time/                   |          |
|    fps                  | 280      |
|    iterations           | 375      |
|    time_elapsed         | 684      |
|    total_timesteps      | 192000   |
| train/                  |          |
|    approx_kl            | 0.0      |
|    clip_fraction        | 0        |
|    clip_range           | 0.2      |
|    entropy_loss         | -0.00521 |
|    explained_variance   | 0.138    |
|    learning_rate        | 0.0003   |
|    loss                 | 1.42e+05 |
|    n_updates            | 1870     |
|    policy_gradient_loss | 2.34e-08 |
|    value_loss           | 2.61e+05 |
--------------------------------------
--------------------------------------
| rollout/                |          |
|    ep_len_mean          | 24.4     |
|    ep_rew_mean          | 597      |
| time/                   |          |
|    fps                  | 280      |
|    iterations           | 376      |
|    time_elapsed         | 686      |
|    total_timesteps      | 192512   |
| train/                  |          |
|    approx_kl            | 0.0      |
|    clip_fraction        | 0        |
|    clip_range           | 0.2      |
|    entropy_loss         | -0.00525 |
|    explained_variance   | 0.218    |
|    learning_rate        | 0.0003   |
|    loss                 | 1.19e+05 |
|    n_updates            | 1875     |
|    policy_gradient_loss | 1.91e-09 |
|    value_loss           | 2.4e+05  |
--------------------------------------
---------------------------------------
| rollout/                |           |
|    ep_len_mean          | 24.9      |
|    ep_rew_mean          | 606       |
| time/                   |           |
|    fps                  | 280       |
|    iterations           | 377       |
|    time_elapsed         | 688       |
|    total_timesteps      | 193024    |
| train/                  |           |
|    approx_kl            | 0.0       |
|    clip_fraction        | 0         |
|    clip_range           | 0.2       |
|    entropy_loss         | -0.0053   |
|    explained_variance   | 0.185     |
|    learning_rate        | 0.0003    |
|    loss                 | 6.07e+04  |
|    n_updates            | 1880      |
|    policy_gradient_loss | -4.05e-09 |
|    value_loss           | 1.25e+05  |
---------------------------------------
-------------------------------------------
| rollout/                |               |
|    ep_len_mean          | 25.5          |
|    ep_rew_mean          | 677           |
| time/                   |               |
|    fps                  | 280           |
|    iterations           | 378           |
|    time_elapsed         | 690           |
|    total_timesteps      | 193536        |
| train/                  |               |
|    approx_kl            | 1.8277206e-08 |
|    clip_fraction        | 0             |
|    clip_range           | 0.2           |
|    entropy_loss         | -0.00531      |
|    explained_variance   | 0.214         |
|    learning_rate        | 0.0003        |
|    loss                 | 8.04e+04      |
|    n_updates            | 1885          |
|    policy_gradient_loss | -4.62e-06     |
|    value_loss           | 1.7e+05       |
-------------------------------------------
--------------------------------------
| rollout/                |          |
|    ep_len_mean          | 25.1     |
|    ep_rew_mean          | 723      |
| time/                   |          |
|    fps                  | 280      |
|    iterations           | 379      |
|    time_elapsed         | 692      |
|    total_timesteps      | 194048   |
| train/                  |          |
|    approx_kl            | 0.0      |
|    clip_fraction        | 0        |
|    clip_range           | 0.2      |
|    entropy_loss         | -0.00531 |
|    explained_variance   | 0.149    |
|    learning_rate        | 0.0003   |
|    loss                 | 1.46e+05 |
|    n_updates            | 1890     |
|    policy_gradient_loss | 4.05e-09 |
|    value_loss           | 3.26e+05 |
--------------------------------------
---------------------------------------
| rollout/                |           |
|    ep_len_mean          | 24.7      |
|    ep_rew_mean          | 612       |
| time/                   |           |
|    fps                  | 280       |
|    iterations           | 380       |
|    time_elapsed         | 693       |
|    total_timesteps      | 194560    |
| train/                  |           |
|    approx_kl            | 0.0       |
|    clip_fraction        | 0         |
|    clip_range           | 0.2       |
|    entropy_loss         | -0.00527  |
|    explained_variance   | 0.153     |
|    learning_rate        | 0.0003    |
|    loss                 | 1.07e+05  |
|    n_updates            | 1895      |
|    policy_gradient_loss | -2.72e-09 |
|    value_loss           | 1.62e+05  |
---------------------------------------
------------------------------------------
| rollout/                |              |
|    ep_len_mean          | 25           |
|    ep_rew_mean          | 681          |
| time/                   |              |
|    fps                  | 280          |
|    iterations           | 381          |
|    time_elapsed         | 695          |
|    total_timesteps      | 195072       |
| train/                  |              |
|    approx_kl            | 8.731149e-09 |
|    clip_fraction        | 0            |
|    clip_range           | 0.2          |
|    entropy_loss         | -0.00539     |
|    explained_variance   | 0.142        |
|    learning_rate        | 0.0003       |
|    loss                 | 1.11e+05     |
|    n_updates            | 1900         |
|    policy_gradient_loss | -1.02e-06    |
|    value_loss           | 2.18e+05     |
------------------------------------------
--------------------------------------
| rollout/                |          |
|    ep_len_mean          | 23.8     |
|    ep_rew_mean          | 615      |
| time/                   |          |
|    fps                  | 280      |
|    iterations           | 382      |
|    time_elapsed         | 697      |
|    total_timesteps      | 195584   |
| train/                  |          |
|    approx_kl            | 0.0      |
|    clip_fraction        | 0        |
|    clip_range           | 0.2      |
|    entropy_loss         | -0.00514 |
|    explained_variance   | 0.0734   |
|    learning_rate        | 0.0003   |
|    loss                 | 5.47e+04 |
|    n_updates            | 1905     |
|    policy_gradient_loss | 7.68e-09 |
|    value_loss           | 1.63e+05 |
--------------------------------------
------------------------------------------
| rollout/                |              |
|    ep_len_mean          | 23.8         |
|    ep_rew_mean          | 552          |
| time/                   |              |
|    fps                  | 280          |
|    iterations           | 383          |
|    time_elapsed         | 699          |
|    total_timesteps      | 196096       |
| train/                  |              |
|    approx_kl            | 4.656613e-09 |
|    clip_fraction        | 0            |
|    clip_range           | 0.2          |
|    entropy_loss         | -0.0053      |
|    explained_variance   | 0.149        |
|    learning_rate        | 0.0003       |
|    loss                 | 1.13e+05     |
|    n_updates            | 1910         |
|    policy_gradient_loss | -1.44e-06    |
|    value_loss           | 1.74e+05     |
------------------------------------------
-------------------------------------------
| rollout/                |               |
|    ep_len_mean          | 24.7          |
|    ep_rew_mean          | 580           |
| time/                   |               |
|    fps                  | 280           |
|    iterations           | 384           |
|    time_elapsed         | 701           |
|    total_timesteps      | 196608        |
| train/                  |               |
|    approx_kl            | 6.2864274e-09 |
|    clip_fraction        | 0             |
|    clip_range           | 0.2           |
|    entropy_loss         | -0.0052       |
|    explained_variance   | 0.171         |
|    learning_rate        | 0.0003        |
|    loss                 | 9.15e+04      |
|    n_updates            | 1915          |
|    policy_gradient_loss | -2.21e-06     |
|    value_loss           | 2.32e+05      |
-------------------------------------------
-------------------------------------------
| rollout/                |               |
|    ep_len_mean          | 24.8          |
|    ep_rew_mean          | 640           |
| time/                   |               |
|    fps                  | 280           |
|    iterations           | 385           |
|    time_elapsed         | 702           |
|    total_timesteps      | 197120        |
| train/                  |               |
|    approx_kl            | 1.5133992e-09 |
|    clip_fraction        | 0             |
|    clip_range           | 0.2           |
|    entropy_loss         | -0.00517      |
|    explained_variance   | -0.0556       |
|    learning_rate        | 0.0003        |
|    loss                 | 9.36e+04      |
|    n_updates            | 1920          |
|    policy_gradient_loss | -4.83e-07     |
|    value_loss           | 1.57e+05      |
-------------------------------------------
--------------------------------------
| rollout/                |          |
|    ep_len_mean          | 25.3     |
|    ep_rew_mean          | 671      |
| time/                   |          |
|    fps                  | 280      |
|    iterations           | 386      |
|    time_elapsed         | 704      |
|    total_timesteps      | 197632   |
| train/                  |          |
|    approx_kl            | 0.0      |
|    clip_fraction        | 0        |
|    clip_range           | 0.2      |
|    entropy_loss         | -0.00524 |
|    explained_variance   | 0.0432   |
|    learning_rate        | 0.0003   |
|    loss                 | 1.05e+05 |
|    n_updates            | 1925     |
|    policy_gradient_loss | 2.4e-09  |
|    value_loss           | 2.1e+05  |
--------------------------------------
---------------------------------------
| rollout/                |           |
|    ep_len_mean          | 25.7      |
|    ep_rew_mean          | 702       |
| time/                   |           |
|    fps                  | 280       |
|    iterations           | 387       |
|    time_elapsed         | 706       |
|    total_timesteps      | 198144    |
| train/                  |           |
|    approx_kl            | 0.0       |
|    clip_fraction        | 0         |
|    clip_range           | 0.2       |
|    entropy_loss         | -0.00518  |
|    explained_variance   | 0.0981    |
|    learning_rate        | 0.0003    |
|    loss                 | 6.49e+04  |
|    n_updates            | 1930      |
|    policy_gradient_loss | -6.47e-09 |
|    value_loss           | 1.37e+05  |
---------------------------------------
---------------------------------------
| rollout/                |           |
|    ep_len_mean          | 24        |
|    ep_rew_mean          | 769       |
| time/                   |           |
|    fps                  | 280       |
|    iterations           | 388       |
|    time_elapsed         | 708       |
|    total_timesteps      | 198656    |
| train/                  |           |
|    approx_kl            | 0.0       |
|    clip_fraction        | 0         |
|    clip_range           | 0.2       |
|    entropy_loss         | -0.0052   |
|    explained_variance   | 0.0347    |
|    learning_rate        | 0.0003    |
|    loss                 | 1.3e+05   |
|    n_updates            | 1935      |
|    policy_gradient_loss | -2.83e-09 |
|    value_loss           | 2.81e+05  |
---------------------------------------
--------------------------------------
| rollout/                |          |
|    ep_len_mean          | 23.9     |
|    ep_rew_mean          | 774      |
| time/                   |          |
|    fps                  | 280      |
|    iterations           | 389      |
|    time_elapsed         | 710      |
|    total_timesteps      | 199168   |
| train/                  |          |
|    approx_kl            | 0.0      |
|    clip_fraction        | 0        |
|    clip_range           | 0.2      |
|    entropy_loss         | -0.00527 |
|    explained_variance   | 0.0167   |
|    learning_rate        | 0.0003   |
|    loss                 | 8e+04    |
|    n_updates            | 1940     |
|    policy_gradient_loss | -9.9e-09 |
|    value_loss           | 1.46e+05 |
--------------------------------------
---------------------------------------
| rollout/                |           |
|    ep_len_mean          | 23.4      |
|    ep_rew_mean          | 719       |
| time/                   |           |
|    fps                  | 280       |
|    iterations           | 390       |
|    time_elapsed         | 712       |
|    total_timesteps      | 199680    |
| train/                  |           |
|    approx_kl            | 0.0       |
|    clip_fraction        | 0         |
|    clip_range           | 0.2       |
|    entropy_loss         | -0.00521  |
|    explained_variance   | 0.177     |
|    learning_rate        | 0.0003    |
|    loss                 | 1.01e+05  |
|    n_updates            | 1945      |
|    policy_gradient_loss | -1.33e-08 |
|    value_loss           | 2.48e+05  |
---------------------------------------
--------------------------------------
| rollout/                |          |
|    ep_len_mean          | 23.4     |
|    ep_rew_mean          | 784      |
| time/                   |          |
|    fps                  | 280      |
|    iterations           | 391      |
|    time_elapsed         | 713      |
|    total_timesteps      | 200192   |
| train/                  |          |
|    approx_kl            | 0.0      |
|    clip_fraction        | 0        |
|    clip_range           | 0.2      |
|    entropy_loss         | -0.00539 |
|    explained_variance   | 0.00492  |
|    learning_rate        | 0.0003   |
|    loss                 | 5.96e+04 |
|    n_updates            | 1950     |
|    policy_gradient_loss | 6.98e-10 |
|    value_loss           | 1.25e+05 |
--------------------------------------
-------------------------------------------
| rollout/                |               |
|    ep_len_mean          | 23.8          |
|    ep_rew_mean          | 708           |
| time/                   |               |
|    fps                  | 280           |
|    iterations           | 392           |
|    time_elapsed         | 715           |
|    total_timesteps      | 200704        |
| train/                  |               |
|    approx_kl            | -4.307367e-09 |
|    clip_fraction        | 0             |
|    clip_range           | 0.2           |
|    entropy_loss         | -0.00529      |
|    explained_variance   | -0.0257       |
|    learning_rate        | 0.0003        |
|    loss                 | 8.65e+04      |
|    n_updates            | 1955          |
|    policy_gradient_loss | 1.15e-09      |
|    value_loss           | 2.07e+05      |
-------------------------------------------
-------------------------------------------
| rollout/                |               |
|    ep_len_mean          | 25.2          |
|    ep_rew_mean          | 684           |
| time/                   |               |
|    fps                  | 280           |
|    iterations           | 393           |
|    time_elapsed         | 717           |
|    total_timesteps      | 201216        |
| train/                  |               |
|    approx_kl            | 1.1641532e-10 |
|    clip_fraction        | 0             |
|    clip_range           | 0.2           |
|    entropy_loss         | -0.00513      |
|    explained_variance   | 0.151         |
|    learning_rate        | 0.0003        |
|    loss                 | 1.18e+05      |
|    n_updates            | 1960          |
|    policy_gradient_loss | -3e-09        |
|    value_loss           | 1.94e+05      |
-------------------------------------------
--------------------------------------
| rollout/                |          |
|    ep_len_mean          | 24.8     |
|    ep_rew_mean          | 628      |
| time/                   |          |
|    fps                  | 280      |
|    iterations           | 394      |
|    time_elapsed         | 719      |
|    total_timesteps      | 201728   |
| train/                  |          |
|    approx_kl            | 0.0      |
|    clip_fraction        | 0        |
|    clip_range           | 0.2      |
|    entropy_loss         | -0.0052  |
|    explained_variance   | 0.0831   |
|    learning_rate        | 0.0003   |
|    loss                 | 1.1e+05  |
|    n_updates            | 1965     |
|    policy_gradient_loss | -6.1e-09 |
|    value_loss           | 1.95e+05 |
--------------------------------------
-------------------------------------------
| rollout/                |               |
|    ep_len_mean          | 24.3          |
|    ep_rew_mean          | 635           |
| time/                   |               |
|    fps                  | 280           |
|    iterations           | 395           |
|    time_elapsed         | 721           |
|    total_timesteps      | 202240        |
| train/                  |               |
|    approx_kl            | 1.6880222e-08 |
|    clip_fraction        | 0             |
|    clip_range           | 0.2           |
|    entropy_loss         | -0.0052       |
|    explained_variance   | 0.205         |
|    learning_rate        | 0.0003        |
|    loss                 | 9.04e+04      |
|    n_updates            | 1970          |
|    policy_gradient_loss | -5.1e-06      |
|    value_loss           | 1.68e+05      |
-------------------------------------------
--------------------------------------
| rollout/                |          |
|    ep_len_mean          | 24.8     |
|    ep_rew_mean          | 492      |
| time/                   |          |
|    fps                  | 280      |
|    iterations           | 396      |
|    time_elapsed         | 723      |
|    total_timesteps      | 202752   |
| train/                  |          |
|    approx_kl            | 0.0      |
|    clip_fraction        | 0        |
|    clip_range           | 0.2      |
|    entropy_loss         | -0.00538 |
|    explained_variance   | 0.0444   |
|    learning_rate        | 0.0003   |
|    loss                 | 7.87e+04 |
|    n_updates            | 1975     |
|    policy_gradient_loss | 1e-08    |
|    value_loss           | 1.63e+05 |
--------------------------------------
---------------------------------------
| rollout/                |           |
|    ep_len_mean          | 24.8      |
|    ep_rew_mean          | 410       |
| time/                   |           |
|    fps                  | 280       |
|    iterations           | 397       |
|    time_elapsed         | 725       |
|    total_timesteps      | 203264    |
| train/                  |           |
|    approx_kl            | 0.0       |
|    clip_fraction        | 0         |
|    clip_range           | 0.2       |
|    entropy_loss         | -0.00508  |
|    explained_variance   | 0.225     |
|    learning_rate        | 0.0003    |
|    loss                 | 1.22e+05  |
|    n_updates            | 1980      |
|    policy_gradient_loss | -1.33e-09 |
|    value_loss           | 2.96e+05  |
---------------------------------------
--------------------------------------
| rollout/                |          |
|    ep_len_mean          | 24       |
|    ep_rew_mean          | 386      |
| time/                   |          |
|    fps                  | 280      |
|    iterations           | 398      |
|    time_elapsed         | 726      |
|    total_timesteps      | 203776   |
| train/                  |          |
|    approx_kl            | 0.0      |
|    clip_fraction        | 0        |
|    clip_range           | 0.2      |
|    entropy_loss         | -0.00519 |
|    explained_variance   | 0.245    |
|    learning_rate        | 0.0003   |
|    loss                 | 9.57e+04 |
|    n_updates            | 1985     |
|    policy_gradient_loss | 7.61e-09 |
|    value_loss           | 2.05e+05 |
--------------------------------------
----------------------------------------
| rollout/                |            |
|    ep_len_mean          | 24.5       |
|    ep_rew_mean          | 440        |
| time/                   |            |
|    fps                  | 280        |
|    iterations           | 399        |
|    time_elapsed         | 728        |
|    total_timesteps      | 204288     |
| train/                  |            |
|    approx_kl            | 2.8871e-08 |
|    clip_fraction        | 0          |
|    clip_range           | 0.2        |
|    entropy_loss         | -0.00522   |
|    explained_variance   | 0.0509     |
|    learning_rate        | 0.0003     |
|    loss                 | 9.24e+04   |
|    n_updates            | 1990       |
|    policy_gradient_loss | -2.94e-06  |
|    value_loss           | 1.83e+05   |
----------------------------------------
-------------------------------------------
| rollout/                |               |
|    ep_len_mean          | 25.1          |
|    ep_rew_mean          | 443           |
| time/                   |               |
|    fps                  | 280           |
|    iterations           | 400           |
|    time_elapsed         | 730           |
|    total_timesteps      | 204800        |
| train/                  |               |
|    approx_kl            | 1.9790605e-09 |
|    clip_fraction        | 0             |
|    clip_range           | 0.2           |
|    entropy_loss         | -0.00526      |
|    explained_variance   | 0.224         |
|    learning_rate        | 0.0003        |
|    loss                 | 1.13e+05      |
|    n_updates            | 1995          |
|    policy_gradient_loss | -7.66e-07     |
|    value_loss           | 2.07e+05      |
-------------------------------------------
------------------------------------------
| rollout/                |              |
|    ep_len_mean          | 24.1         |
|    ep_rew_mean          | 531          |
| time/                   |              |
|    fps                  | 280          |
|    iterations           | 401          |
|    time_elapsed         | 732          |
|    total_timesteps      | 205312       |
| train/                  |              |
|    approx_kl            | 2.910383e-08 |
|    clip_fraction        | 0            |
|    clip_range           | 0.2          |
|    entropy_loss         | -0.00515     |
|    explained_variance   | 0.153        |
|    learning_rate        | 0.0003       |
|    loss                 | 5.69e+04     |
|    n_updates            | 2000         |
|    policy_gradient_loss | -4.02e-06    |
|    value_loss           | 1.32e+05     |
------------------------------------------
--------------------------------------
| rollout/                |          |
|    ep_len_mean          | 24.1     |
|    ep_rew_mean          | 642      |
| time/                   |          |
|    fps                  | 280      |
|    iterations           | 402      |
|    time_elapsed         | 734      |
|    total_timesteps      | 205824   |
| train/                  |          |
|    approx_kl            | 0.0      |
|    clip_fraction        | 0        |
|    clip_range           | 0.2      |
|    entropy_loss         | -0.00519 |
|    explained_variance   | 0.0427   |
|    learning_rate        | 0.0003   |
|    loss                 | 1.03e+05 |
|    n_updates            | 2005     |
|    policy_gradient_loss | 2.88e-08 |
|    value_loss           | 1.77e+05 |
--------------------------------------
-------------------------------------------
| rollout/                |               |
|    ep_len_mean          | 23.4          |
|    ep_rew_mean          | 658           |
| time/                   |               |
|    fps                  | 280           |
|    iterations           | 403           |
|    time_elapsed         | 735           |
|    total_timesteps      | 206336        |
| train/                  |               |
|    approx_kl            | 2.3283064e-09 |
|    clip_fraction        | 0             |
|    clip_range           | 0.2           |
|    entropy_loss         | -0.00515      |
|    explained_variance   | 0.111         |
|    learning_rate        | 0.0003        |
|    loss                 | 7.14e+04      |
|    n_updates            | 2010          |
|    policy_gradient_loss | -1.58e-06     |
|    value_loss           | 1.4e+05       |
-------------------------------------------
---------------------------------------
| rollout/                |           |
|    ep_len_mean          | 23.3      |
|    ep_rew_mean          | 636       |
| time/                   |           |
|    fps                  | 280       |
|    iterations           | 404       |
|    time_elapsed         | 737       |
|    total_timesteps      | 206848    |
| train/                  |           |
|    approx_kl            | 0.0       |
|    clip_fraction        | 0         |
|    clip_range           | 0.2       |
|    entropy_loss         | -0.00516  |
|    explained_variance   | 0.201     |
|    learning_rate        | 0.0003    |
|    loss                 | 8.51e+04  |
|    n_updates            | 2015      |
|    policy_gradient_loss | -8.15e-10 |
|    value_loss           | 1.77e+05  |
---------------------------------------
---------------------------------------
| rollout/                |           |
|    ep_len_mean          | 23.1      |
|    ep_rew_mean          | 594       |
| time/                   |           |
|    fps                  | 280       |
|    iterations           | 405       |
|    time_elapsed         | 739       |
|    total_timesteps      | 207360    |
| train/                  |           |
|    approx_kl            | 0.0       |
|    clip_fraction        | 0         |
|    clip_range           | 0.2       |
|    entropy_loss         | -0.00505  |
|    explained_variance   | 0.137     |
|    learning_rate        | 0.0003    |
|    loss                 | 7.15e+04  |
|    n_updates            | 2020      |
|    policy_gradient_loss | -2.33e-11 |
|    value_loss           | 1.29e+05  |
---------------------------------------
------------------------------------------
| rollout/                |              |
|    ep_len_mean          | 23.1         |
|    ep_rew_mean          | 540          |
| time/                   |              |
|    fps                  | 280          |
|    iterations           | 406          |
|    time_elapsed         | 742          |
|    total_timesteps      | 207872       |
| train/                  |              |
|    approx_kl            | 3.259629e-09 |
|    clip_fraction        | 0            |
|    clip_range           | 0.2          |
|    entropy_loss         | -0.00524     |
|    explained_variance   | 0.0215       |
|    learning_rate        | 0.0003       |
|    loss                 | 1.15e+05     |
|    n_updates            | 2025         |
|    policy_gradient_loss | -1.13e-06    |
|    value_loss           | 2.35e+05     |
------------------------------------------
-------------------------------------------
| rollout/                |               |
|    ep_len_mean          | 23.5          |
|    ep_rew_mean          | 654           |
| time/                   |               |
|    fps                  | 280           |
|    iterations           | 407           |
|    time_elapsed         | 743           |
|    total_timesteps      | 208384        |
| train/                  |               |
|    approx_kl            | 3.4924597e-10 |
|    clip_fraction        | 0             |
|    clip_range           | 0.2           |
|    entropy_loss         | -0.00514      |
|    explained_variance   | 0.219         |
|    learning_rate        | 0.0003        |
|    loss                 | 1.39e+05      |
|    n_updates            | 2030          |
|    policy_gradient_loss | -1.99e-07     |
|    value_loss           | 2.71e+05      |
-------------------------------------------
--------------------------------------
| rollout/                |          |
|    ep_len_mean          | 23.2     |
|    ep_rew_mean          | 626      |
| time/                   |          |
|    fps                  | 280      |
|    iterations           | 408      |
|    time_elapsed         | 745      |
|    total_timesteps      | 208896   |
| train/                  |          |
|    approx_kl            | 0.0      |
|    clip_fraction        | 0        |
|    clip_range           | 0.2      |
|    entropy_loss         | -0.00518 |
|    explained_variance   | 0.168    |
|    learning_rate        | 0.0003   |
|    loss                 | 4.31e+04 |
|    n_updates            | 2035     |
|    policy_gradient_loss | 2.17e-09 |
|    value_loss           | 1.15e+05 |
--------------------------------------
-------------------------------------------
| rollout/                |               |
|    ep_len_mean          | 23.5          |
|    ep_rew_mean          | 739           |
| time/                   |               |
|    fps                  | 280           |
|    iterations           | 409           |
|    time_elapsed         | 747           |
|    total_timesteps      | 209408        |
| train/                  |               |
|    approx_kl            | 1.3969839e-09 |
|    clip_fraction        | 0             |
|    clip_range           | 0.2           |
|    entropy_loss         | -0.00514      |
|    explained_variance   | 0.137         |
|    learning_rate        | 0.0003        |
|    loss                 | 6.87e+04      |
|    n_updates            | 2040          |
|    policy_gradient_loss | -5.67e-07     |
|    value_loss           | 1.48e+05      |
-------------------------------------------
--------------------------------------
| rollout/                |          |
|    ep_len_mean          | 24.1     |
|    ep_rew_mean          | 610      |
| time/                   |          |
|    fps                  | 280      |
|    iterations           | 410      |
|    time_elapsed         | 749      |
|    total_timesteps      | 209920   |
| train/                  |          |
|    approx_kl            | 0.0      |
|    clip_fraction        | 0        |
|    clip_range           | 0.2      |
|    entropy_loss         | -0.00508 |
|    explained_variance   | -0.0401  |
|    learning_rate        | 0.0003   |
|    loss                 | 7.84e+04 |
|    n_updates            | 2045     |
|    policy_gradient_loss | 6.26e-09 |
|    value_loss           | 1.71e+05 |
--------------------------------------
---------------------------------------
| rollout/                |           |
|    ep_len_mean          | 24.4      |
|    ep_rew_mean          | 593       |
| time/                   |           |
|    fps                  | 280       |
|    iterations           | 411       |
|    time_elapsed         | 751       |
|    total_timesteps      | 210432    |
| train/                  |           |
|    approx_kl            | 0.0       |
|    clip_fraction        | 0         |
|    clip_range           | 0.2       |
|    entropy_loss         | -0.00514  |
|    explained_variance   | 0.226     |
|    learning_rate        | 0.0003    |
|    loss                 | 1.53e+05  |
|    n_updates            | 2050      |
|    policy_gradient_loss | -4.87e-08 |
|    value_loss           | 3.41e+05  |
---------------------------------------
--------------------------------------
| rollout/                |          |
|    ep_len_mean          | 23.9     |
|    ep_rew_mean          | 548      |
| time/                   |          |
|    fps                  | 280      |
|    iterations           | 412      |
|    time_elapsed         | 752      |
|    total_timesteps      | 210944   |
| train/                  |          |
|    approx_kl            | 0.0      |
|    clip_fraction        | 0        |
|    clip_range           | 0.2      |
|    entropy_loss         | -0.00518 |
|    explained_variance   | 0.209    |
|    learning_rate        | 0.0003   |
|    loss                 | 1.17e+05 |
|    n_updates            | 2055     |
|    policy_gradient_loss | 5.12e-10 |
|    value_loss           | 2.22e+05 |
--------------------------------------
--------------------------------------
| rollout/                |          |
|    ep_len_mean          | 25       |
|    ep_rew_mean          | 466      |
| time/                   |          |
|    fps                  | 280      |
|    iterations           | 413      |
|    time_elapsed         | 754      |
|    total_timesteps      | 211456   |
| train/                  |          |
|    approx_kl            | 0.0      |
|    clip_fraction        | 0        |
|    clip_range           | 0.2      |
|    entropy_loss         | -0.00515 |
|    explained_variance   | 0.226    |
|    learning_rate        | 0.0003   |
|    loss                 | 9.73e+04 |
|    n_updates            | 2060     |
|    policy_gradient_loss | 8.1e-09  |
|    value_loss           | 2.17e+05 |
--------------------------------------
-------------------------------------------
| rollout/                |               |
|    ep_len_mean          | 24.9          |
|    ep_rew_mean          | 346           |
| time/                   |               |
|    fps                  | 280           |
|    iterations           | 414           |
|    time_elapsed         | 756           |
|    total_timesteps      | 211968        |
| train/                  |               |
|    approx_kl            | 3.3760443e-09 |
|    clip_fraction        | 0             |
|    clip_range           | 0.2           |
|    entropy_loss         | -0.00512      |
|    explained_variance   | 0.202         |
|    learning_rate        | 0.0003        |
|    loss                 | 1.73e+05      |
|    n_updates            | 2065          |
|    policy_gradient_loss | -9.22e-07     |
|    value_loss           | 2.52e+05      |
-------------------------------------------
---------------------------------------
| rollout/                |           |
|    ep_len_mean          | 24.5      |
|    ep_rew_mean          | 509       |
| time/                   |           |
|    fps                  | 280       |
|    iterations           | 415       |
|    time_elapsed         | 758       |
|    total_timesteps      | 212480    |
| train/                  |           |
|    approx_kl            | 0.0       |
|    clip_fraction        | 0         |
|    clip_range           | 0.2       |
|    entropy_loss         | -0.00512  |
|    explained_variance   | 0.282     |
|    learning_rate        | 0.0003    |
|    loss                 | 1.08e+05  |
|    n_updates            | 2070      |
|    policy_gradient_loss | -4.77e-10 |
|    value_loss           | 2.18e+05  |
---------------------------------------
---------------------------------------
| rollout/                |           |
|    ep_len_mean          | 23.8      |
|    ep_rew_mean          | 546       |
| time/                   |           |
|    fps                  | 280       |
|    iterations           | 416       |
|    time_elapsed         | 760       |
|    total_timesteps      | 212992    |
| train/                  |           |
|    approx_kl            | 0.0       |
|    clip_fraction        | 0         |
|    clip_range           | 0.2       |
|    entropy_loss         | -0.00522  |
|    explained_variance   | 0.289     |
|    learning_rate        | 0.0003    |
|    loss                 | 1.28e+05  |
|    n_updates            | 2075      |
|    policy_gradient_loss | -9.31e-10 |
|    value_loss           | 2.52e+05  |
---------------------------------------
-------------------------------------------
| rollout/                |               |
|    ep_len_mean          | 22.6          |
|    ep_rew_mean          | 512           |
| time/                   |               |
|    fps                  | 280           |
|    iterations           | 417           |
|    time_elapsed         | 761           |
|    total_timesteps      | 213504        |
| train/                  |               |
|    approx_kl            | 3.5739504e-08 |
|    clip_fraction        | 0             |
|    clip_range           | 0.2           |
|    entropy_loss         | -0.00502      |
|    explained_variance   | 0.142         |
|    learning_rate        | 0.0003        |
|    loss                 | 5.65e+04      |
|    n_updates            | 2080          |
|    policy_gradient_loss | -7.86e-06     |
|    value_loss           | 1.2e+05       |
-------------------------------------------
------------------------------------------
| rollout/                |              |
|    ep_len_mean          | 23.3         |
|    ep_rew_mean          | 667          |
| time/                   |              |
|    fps                  | 280          |
|    iterations           | 418          |
|    time_elapsed         | 763          |
|    total_timesteps      | 214016       |
| train/                  |              |
|    approx_kl            | 3.387686e-08 |
|    clip_fraction        | 0            |
|    clip_range           | 0.2          |
|    entropy_loss         | -0.00504     |
|    explained_variance   | 0.00669      |
|    learning_rate        | 0.0003       |
|    loss                 | 1.16e+05     |
|    n_updates            | 2085         |
|    policy_gradient_loss | -4.86e-06    |
|    value_loss           | 2.15e+05     |
------------------------------------------
--------------------------------------
| rollout/                |          |
|    ep_len_mean          | 23.9     |
|    ep_rew_mean          | 623      |
| time/                   |          |
|    fps                  | 280      |
|    iterations           | 419      |
|    time_elapsed         | 765      |
|    total_timesteps      | 214528   |
| train/                  |          |
|    approx_kl            | 0.0      |
|    clip_fraction        | 0        |
|    clip_range           | 0.2      |
|    entropy_loss         | -0.00504 |
|    explained_variance   | 0.188    |
|    learning_rate        | 0.0003   |
|    loss                 | 1.07e+05 |
|    n_updates            | 2090     |
|    policy_gradient_loss | 2.98e-09 |
|    value_loss           | 2.33e+05 |
--------------------------------------
--------------------------------------
| rollout/                |          |
|    ep_len_mean          | 24.4     |
|    ep_rew_mean          | 646      |
| time/                   |          |
|    fps                  | 280      |
|    iterations           | 420      |
|    time_elapsed         | 767      |
|    total_timesteps      | 215040   |
| train/                  |          |
|    approx_kl            | 0.0      |
|    clip_fraction        | 0        |
|    clip_range           | 0.2      |
|    entropy_loss         | -0.00498 |
|    explained_variance   | 0.148    |
|    learning_rate        | 0.0003   |
|    loss                 | 1.13e+05 |
|    n_updates            | 2095     |
|    policy_gradient_loss | 3.86e-09 |
|    value_loss           | 2.24e+05 |
--------------------------------------
-------------------------------------------
| rollout/                |               |
|    ep_len_mean          | 24.7          |
|    ep_rew_mean          | 528           |
| time/                   |               |
|    fps                  | 280           |
|    iterations           | 421           |
|    time_elapsed         | 768           |
|    total_timesteps      | 215552        |
| train/                  |               |
|    approx_kl            | 1.1641532e-09 |
|    clip_fraction        | 0             |
|    clip_range           | 0.2           |
|    entropy_loss         | -0.00507      |
|    explained_variance   | 0.121         |
|    learning_rate        | 0.0003        |
|    loss                 | 9.54e+04      |
|    n_updates            | 2100          |
|    policy_gradient_loss | -5.51e-07     |
|    value_loss           | 1.81e+05      |
-------------------------------------------
-------------------------------------------
| rollout/                |               |
|    ep_len_mean          | 24.8          |
|    ep_rew_mean          | 611           |
| time/                   |               |
|    fps                  | 280           |
|    iterations           | 422           |
|    time_elapsed         | 770           |
|    total_timesteps      | 216064        |
| train/                  |               |
|    approx_kl            | 1.0128133e-08 |
|    clip_fraction        | 0             |
|    clip_range           | 0.2           |
|    entropy_loss         | -0.00502      |
|    explained_variance   | 0.131         |
|    learning_rate        | 0.0003        |
|    loss                 | 1.1e+05       |
|    n_updates            | 2105          |
|    policy_gradient_loss | -2.76e-06     |
|    value_loss           | 1.95e+05      |
-------------------------------------------
---------------------------------------
| rollout/                |           |
|    ep_len_mean          | 23.9      |
|    ep_rew_mean          | 543       |
| time/                   |           |
|    fps                  | 280       |
|    iterations           | 423       |
|    time_elapsed         | 772       |
|    total_timesteps      | 216576    |
| train/                  |           |
|    approx_kl            | 0.0       |
|    clip_fraction        | 0         |
|    clip_range           | 0.2       |
|    entropy_loss         | -0.00502  |
|    explained_variance   | -0.034    |
|    learning_rate        | 0.0003    |
|    loss                 | 6.41e+04  |
|    n_updates            | 2110      |
|    policy_gradient_loss | -1.19e-09 |
|    value_loss           | 1.56e+05  |
---------------------------------------
--------------------------------------
| rollout/                |          |
|    ep_len_mean          | 23.3     |
|    ep_rew_mean          | 605      |
| time/                   |          |
|    fps                  | 280      |
|    iterations           | 424      |
|    time_elapsed         | 774      |
|    total_timesteps      | 217088   |
| train/                  |          |
|    approx_kl            | 0.0      |
|    clip_fraction        | 0        |
|    clip_range           | 0.2      |
|    entropy_loss         | -0.00518 |
|    explained_variance   | 0.226    |
|    learning_rate        | 0.0003   |
|    loss                 | 2.26e+05 |
|    n_updates            | 2115     |
|    policy_gradient_loss | -1e-09   |
|    value_loss           | 3.5e+05  |
--------------------------------------
---------------------------------------
| rollout/                |           |
|    ep_len_mean          | 23.5      |
|    ep_rew_mean          | 703       |
| time/                   |           |
|    fps                  | 280       |
|    iterations           | 425       |
|    time_elapsed         | 776       |
|    total_timesteps      | 217600    |
| train/                  |           |
|    approx_kl            | 0.0       |
|    clip_fraction        | 0         |
|    clip_range           | 0.2       |
|    entropy_loss         | -0.00503  |
|    explained_variance   | -0.023    |
|    learning_rate        | 0.0003    |
|    loss                 | 5.54e+04  |
|    n_updates            | 2120      |
|    policy_gradient_loss | -1.86e-09 |
|    value_loss           | 1.21e+05  |
---------------------------------------
--------------------------------------
| rollout/                |          |
|    ep_len_mean          | 24.2     |
|    ep_rew_mean          | 589      |
| time/                   |          |
|    fps                  | 280      |
|    iterations           | 426      |
|    time_elapsed         | 777      |
|    total_timesteps      | 218112   |
| train/                  |          |
|    approx_kl            | 0.0      |
|    clip_fraction        | 0        |
|    clip_range           | 0.2      |
|    entropy_loss         | -0.00495 |
|    explained_variance   | 0.0787   |
|    learning_rate        | 0.0003   |
|    loss                 | 6.07e+04 |
|    n_updates            | 2125     |
|    policy_gradient_loss | 8.41e-09 |
|    value_loss           | 1.25e+05 |
--------------------------------------
---------------------------------------
| rollout/                |           |
|    ep_len_mean          | 25.2      |
|    ep_rew_mean          | 540       |
| time/                   |           |
|    fps                  | 280       |
|    iterations           | 427       |
|    time_elapsed         | 779       |
|    total_timesteps      | 218624    |
| train/                  |           |
|    approx_kl            | 0.0       |
|    clip_fraction        | 0         |
|    clip_range           | 0.2       |
|    entropy_loss         | -0.00498  |
|    explained_variance   | 0.22      |
|    learning_rate        | 0.0003    |
|    loss                 | 1.13e+05  |
|    n_updates            | 2130      |
|    policy_gradient_loss | -2.51e-09 |
|    value_loss           | 2.1e+05   |
---------------------------------------
--------------------------------------
| rollout/                |          |
|    ep_len_mean          | 24.3     |
|    ep_rew_mean          | 436      |
| time/                   |          |
|    fps                  | 280      |
|    iterations           | 428      |
|    time_elapsed         | 781      |
|    total_timesteps      | 219136   |
| train/                  |          |
|    approx_kl            | 0.0      |
|    clip_fraction        | 0        |
|    clip_range           | 0.2      |
|    entropy_loss         | -0.00511 |
|    explained_variance   | 0.236    |
|    learning_rate        | 0.0003   |
|    loss                 | 6.52e+04 |
|    n_updates            | 2135     |
|    policy_gradient_loss | 8.61e-10 |
|    value_loss           | 1.91e+05 |
--------------------------------------
------------------------------------------
| rollout/                |              |
|    ep_len_mean          | 25.7         |
|    ep_rew_mean          | 430          |
| time/                   |              |
|    fps                  | 280          |
|    iterations           | 429          |
|    time_elapsed         | 783          |
|    total_timesteps      | 219648       |
| train/                  |              |
|    approx_kl            | 2.910383e-09 |
|    clip_fraction        | 0            |
|    clip_range           | 0.2          |
|    entropy_loss         | -0.00504     |
|    explained_variance   | 0.31         |
|    learning_rate        | 0.0003       |
|    loss                 | 8.48e+04     |
|    n_updates            | 2140         |
|    policy_gradient_loss | -2.04e-06    |
|    value_loss           | 1.44e+05     |
------------------------------------------
-------------------------------------------
| rollout/                |               |
|    ep_len_mean          | 25.7          |
|    ep_rew_mean          | 336           |
| time/                   |               |
|    fps                  | 280           |
|    iterations           | 430           |
|    time_elapsed         | 784           |
|    total_timesteps      | 220160        |
| train/                  |               |
|    approx_kl            | 2.3283064e-10 |
|    clip_fraction        | 0             |
|    clip_range           | 0.2           |
|    entropy_loss         | -0.00503      |
|    explained_variance   | 0.149         |
|    learning_rate        | 0.0003        |
|    loss                 | 8.56e+04      |
|    n_updates            | 2145          |
|    policy_gradient_loss | -5.47e-08     |
|    value_loss           | 1.91e+05      |
-------------------------------------------
---------------------------------------
| rollout/                |           |
|    ep_len_mean          | 25.2      |
|    ep_rew_mean          | 458       |
| time/                   |           |
|    fps                  | 280       |
|    iterations           | 431       |
|    time_elapsed         | 786       |
|    total_timesteps      | 220672    |
| train/                  |           |
|    approx_kl            | 0.0       |
|    clip_fraction        | 0         |
|    clip_range           | 0.2       |
|    entropy_loss         | -0.00502  |
|    explained_variance   | 0.243     |
|    learning_rate        | 0.0003    |
|    loss                 | 1.57e+05  |
|    n_updates            | 2150      |
|    policy_gradient_loss | -1.21e-09 |
|    value_loss           | 3.2e+05   |
---------------------------------------
--------------------------------------
| rollout/                |          |
|    ep_len_mean          | 24.9     |
|    ep_rew_mean          | 479      |
| time/                   |          |
|    fps                  | 280      |
|    iterations           | 432      |
|    time_elapsed         | 788      |
|    total_timesteps      | 221184   |
| train/                  |          |
|    approx_kl            | 0.0      |
|    clip_fraction        | 0        |
|    clip_range           | 0.2      |
|    entropy_loss         | -0.00499 |
|    explained_variance   | 0.193    |
|    learning_rate        | 0.0003   |
|    loss                 | 8.7e+04  |
|    n_updates            | 2155     |
|    policy_gradient_loss | -1.7e-09 |
|    value_loss           | 2.05e+05 |
--------------------------------------
--------------------------------------
| rollout/                |          |
|    ep_len_mean          | 25.5     |
|    ep_rew_mean          | 461      |
| time/                   |          |
|    fps                  | 280      |
|    iterations           | 433      |
|    time_elapsed         | 790      |
|    total_timesteps      | 221696   |
| train/                  |          |
|    approx_kl            | 0.0      |
|    clip_fraction        | 0        |
|    clip_range           | 0.2      |
|    entropy_loss         | -0.00504 |
|    explained_variance   | 0.0821   |
|    learning_rate        | 0.0003   |
|    loss                 | 8.71e+04 |
|    n_updates            | 2160     |
|    policy_gradient_loss | 1.86e-09 |
|    value_loss           | 2.21e+05 |
--------------------------------------
--------------------------------------
| rollout/                |          |
|    ep_len_mean          | 24       |
|    ep_rew_mean          | 599      |
| time/                   |          |
|    fps                  | 280      |
|    iterations           | 434      |
|    time_elapsed         | 792      |
|    total_timesteps      | 222208   |
| train/                  |          |
|    approx_kl            | 0.0      |
|    clip_fraction        | 0        |
|    clip_range           | 0.2      |
|    entropy_loss         | -0.00489 |
|    explained_variance   | 0.147    |
|    learning_rate        | 0.0003   |
|    loss                 | 1.71e+05 |
|    n_updates            | 2165     |
|    policy_gradient_loss | 4.75e-09 |
|    value_loss           | 3.23e+05 |
--------------------------------------
---------------------------------------
| rollout/                |           |
|    ep_len_mean          | 24.5      |
|    ep_rew_mean          | 606       |
| time/                   |           |
|    fps                  | 280       |
|    iterations           | 435       |
|    time_elapsed         | 793       |
|    total_timesteps      | 222720    |
| train/                  |           |
|    approx_kl            | 0.0       |
|    clip_fraction        | 0         |
|    clip_range           | 0.2       |
|    entropy_loss         | -0.00501  |
|    explained_variance   | 0.123     |
|    learning_rate        | 0.0003    |
|    loss                 | 7.61e+04  |
|    n_updates            | 2170      |
|    policy_gradient_loss | -1.25e-08 |
|    value_loss           | 1.36e+05  |
---------------------------------------
---------------------------------------
| rollout/                |           |
|    ep_len_mean          | 25        |
|    ep_rew_mean          | 702       |
| time/                   |           |
|    fps                  | 280       |
|    iterations           | 436       |
|    time_elapsed         | 795       |
|    total_timesteps      | 223232    |
| train/                  |           |
|    approx_kl            | 0.0       |
|    clip_fraction        | 0         |
|    clip_range           | 0.2       |
|    entropy_loss         | -0.00502  |
|    explained_variance   | 0.0285    |
|    learning_rate        | 0.0003    |
|    loss                 | 6.19e+04  |
|    n_updates            | 2175      |
|    policy_gradient_loss | -9.78e-10 |
|    value_loss           | 1.84e+05  |
---------------------------------------
--------------------------------------
| rollout/                |          |
|    ep_len_mean          | 24.4     |
|    ep_rew_mean          | 706      |
| time/                   |          |
|    fps                  | 280      |
|    iterations           | 437      |
|    time_elapsed         | 797      |
|    total_timesteps      | 223744   |
| train/                  |          |
|    approx_kl            | 0.0      |
|    clip_fraction        | 0        |
|    clip_range           | 0.2      |
|    entropy_loss         | -0.005   |
|    explained_variance   | 0.181    |
|    learning_rate        | 0.0003   |
|    loss                 | 1.46e+05 |
|    n_updates            | 2180     |
|    policy_gradient_loss | 4.19e-10 |
|    value_loss           | 2.31e+05 |
--------------------------------------
--------------------------------------
| rollout/                |          |
|    ep_len_mean          | 23.4     |
|    ep_rew_mean          | 714      |
| time/                   |          |
|    fps                  | 280      |
|    iterations           | 438      |
|    time_elapsed         | 799      |
|    total_timesteps      | 224256   |
| train/                  |          |
|    approx_kl            | 0.0      |
|    clip_fraction        | 0        |
|    clip_range           | 0.2      |
|    entropy_loss         | -0.00504 |
|    explained_variance   | 0.247    |
|    learning_rate        | 0.0003   |
|    loss                 | 6.66e+04 |
|    n_updates            | 2185     |
|    policy_gradient_loss | 7.24e-09 |
|    value_loss           | 1.65e+05 |
--------------------------------------
------------------------------------------
| rollout/                |              |
|    ep_len_mean          | 23.7         |
|    ep_rew_mean          | 712          |
| time/                   |              |
|    fps                  | 280          |
|    iterations           | 439          |
|    time_elapsed         | 800          |
|    total_timesteps      | 224768       |
| train/                  |              |
|    approx_kl            | 3.479654e-07 |
|    clip_fraction        | 0            |
|    clip_range           | 0.2          |
|    entropy_loss         | -0.00499     |
|    explained_variance   | 0.0665       |
|    learning_rate        | 0.0003       |
|    loss                 | 7.49e+04     |
|    n_updates            | 2190         |
|    policy_gradient_loss | -3.15e-05    |
|    value_loss           | 1.44e+05     |
------------------------------------------
------------------------------------------
| rollout/                |              |
|    ep_len_mean          | 22.7         |
|    ep_rew_mean          | 676          |
| time/                   |              |
|    fps                  | 280          |
|    iterations           | 440          |
|    time_elapsed         | 802          |
|    total_timesteps      | 225280       |
| train/                  |              |
|    approx_kl            | 5.355105e-09 |
|    clip_fraction        | 0            |
|    clip_range           | 0.2          |
|    entropy_loss         | -0.00498     |
|    explained_variance   | 0.237        |
|    learning_rate        | 0.0003       |
|    loss                 | 8.74e+04     |
|    n_updates            | 2195         |
|    policy_gradient_loss | 4.71e-07     |
|    value_loss           | 1.8e+05      |
------------------------------------------
--------------------------------------
| rollout/                |          |
|    ep_len_mean          | 22.6     |
|    ep_rew_mean          | 634      |
| time/                   |          |
|    fps                  | 280      |
|    iterations           | 441      |
|    time_elapsed         | 804      |
|    total_timesteps      | 225792   |
| train/                  |          |
|    approx_kl            | 0.0      |
|    clip_fraction        | 0        |
|    clip_range           | 0.2      |
|    entropy_loss         | -0.00493 |
|    explained_variance   | 0.0402   |
|    learning_rate        | 0.0003   |
|    loss                 | 7.01e+04 |
|    n_updates            | 2200     |
|    policy_gradient_loss | 7.8e-10  |
|    value_loss           | 1.39e+05 |
--------------------------------------
-------------------------------------------
| rollout/                |               |
|    ep_len_mean          | 23.1          |
|    ep_rew_mean          | 685           |
| time/                   |               |
|    fps                  | 280           |
|    iterations           | 442           |
|    time_elapsed         | 806           |
|    total_timesteps      | 226304        |
| train/                  |               |
|    approx_kl            | 6.4028427e-09 |
|    clip_fraction        | 0             |
|    clip_range           | 0.2           |
|    entropy_loss         | -0.00505      |
|    explained_variance   | 0.082         |
|    learning_rate        | 0.0003        |
|    loss                 | 1.2e+05       |
|    n_updates            | 2205          |
|    policy_gradient_loss | -1.75e-06     |
|    value_loss           | 2.25e+05      |
-------------------------------------------
--------------------------------------
| rollout/                |          |
|    ep_len_mean          | 23.2     |
|    ep_rew_mean          | 610      |
| time/                   |          |
|    fps                  | 280      |
|    iterations           | 443      |
|    time_elapsed         | 808      |
|    total_timesteps      | 226816   |
| train/                  |          |
|    approx_kl            | 0.0      |
|    clip_fraction        | 0        |
|    clip_range           | 0.2      |
|    entropy_loss         | -0.00497 |
|    explained_variance   | 0.117    |
|    learning_rate        | 0.0003   |
|    loss                 | 1.41e+05 |
|    n_updates            | 2210     |
|    policy_gradient_loss | 8.38e-10 |
|    value_loss           | 2.34e+05 |
--------------------------------------
-------------------------------------------
| rollout/                |               |
|    ep_len_mean          | 23.8          |
|    ep_rew_mean          | 615           |
| time/                   |               |
|    fps                  | 280           |
|    iterations           | 444           |
|    time_elapsed         | 809           |
|    total_timesteps      | 227328        |
| train/                  |               |
|    approx_kl            | 3.4226105e-08 |
|    clip_fraction        | 0             |
|    clip_range           | 0.2           |
|    entropy_loss         | -0.00484      |
|    explained_variance   | 0.263         |
|    learning_rate        | 0.0003        |
|    loss                 | 1.51e+05      |
|    n_updates            | 2215          |
|    policy_gradient_loss | -3.74e-06     |
|    value_loss           | 3.2e+05       |
-------------------------------------------
---------------------------------------
| rollout/                |           |
|    ep_len_mean          | 24.9      |
|    ep_rew_mean          | 583       |
| time/                   |           |
|    fps                  | 280       |
|    iterations           | 445       |
|    time_elapsed         | 811       |
|    total_timesteps      | 227840    |
| train/                  |           |
|    approx_kl            | 0.0       |
|    clip_fraction        | 0         |
|    clip_range           | 0.2       |
|    entropy_loss         | -0.00492  |
|    explained_variance   | 0.185     |
|    learning_rate        | 0.0003    |
|    loss                 | 7.18e+04  |
|    n_updates            | 2220      |
|    policy_gradient_loss | -1.31e-08 |
|    value_loss           | 1.4e+05   |
---------------------------------------
--------------------------------------
| rollout/                |          |
|    ep_len_mean          | 25.6     |
|    ep_rew_mean          | 604      |
| time/                   |          |
|    fps                  | 280      |
|    iterations           | 446      |
|    time_elapsed         | 813      |
|    total_timesteps      | 228352   |
| train/                  |          |
|    approx_kl            | 0.0      |
|    clip_fraction        | 0        |
|    clip_range           | 0.2      |
|    entropy_loss         | -0.0048  |
|    explained_variance   | 0.256    |
|    learning_rate        | 0.0003   |
|    loss                 | 2.03e+05 |
|    n_updates            | 2225     |
|    policy_gradient_loss | 1.33e-09 |
|    value_loss           | 4.4e+05  |
--------------------------------------
--------------------------------------
| rollout/                |          |
|    ep_len_mean          | 25.5     |
|    ep_rew_mean          | 627      |
| time/                   |          |
|    fps                  | 280      |
|    iterations           | 447      |
|    time_elapsed         | 815      |
|    total_timesteps      | 228864   |
| train/                  |          |
|    approx_kl            | 0.0      |
|    clip_fraction        | 0        |
|    clip_range           | 0.2      |
|    entropy_loss         | -0.00487 |
|    explained_variance   | -0.135   |
|    learning_rate        | 0.0003   |
|    loss                 | 6.55e+04 |
|    n_updates            | 2230     |
|    policy_gradient_loss | 1.28e-09 |
|    value_loss           | 1.9e+05  |
--------------------------------------
------------------------------------------
| rollout/                |              |
|    ep_len_mean          | 25.6         |
|    ep_rew_mean          | 637          |
| time/                   |              |
|    fps                  | 280          |
|    iterations           | 448          |
|    time_elapsed         | 816          |
|    total_timesteps      | 229376       |
| train/                  |              |
|    approx_kl            | 6.495975e-08 |
|    clip_fraction        | 0            |
|    clip_range           | 0.2          |
|    entropy_loss         | -0.00503     |
|    explained_variance   | 0.153        |
|    learning_rate        | 0.0003       |
|    loss                 | 7.24e+04     |
|    n_updates            | 2235         |
|    policy_gradient_loss | -1.02e-05    |
|    value_loss           | 1.22e+05     |
------------------------------------------
------------------------------------------
| rollout/                |              |
|    ep_len_mean          | 24.7         |
|    ep_rew_mean          | 592          |
| time/                   |              |
|    fps                  | 280          |
|    iterations           | 449          |
|    time_elapsed         | 818          |
|    total_timesteps      | 229888       |
| train/                  |              |
|    approx_kl            | 3.853347e-08 |
|    clip_fraction        | 0            |
|    clip_range           | 0.2          |
|    entropy_loss         | -0.00485     |
|    explained_variance   | 0.133        |
|    learning_rate        | 0.0003       |
|    loss                 | 1.27e+05     |
|    n_updates            | 2240         |
|    policy_gradient_loss | -5.28e-06    |
|    value_loss           | 2.15e+05     |
------------------------------------------
---------------------------------------
| rollout/                |           |
|    ep_len_mean          | 23.3      |
|    ep_rew_mean          | 607       |
| time/                   |           |
|    fps                  | 280       |
|    iterations           | 450       |
|    time_elapsed         | 820       |
|    total_timesteps      | 230400    |
| train/                  |           |
|    approx_kl            | 0.0       |
|    clip_fraction        | 0         |
|    clip_range           | 0.2       |
|    entropy_loss         | -0.0048   |
|    explained_variance   | 0.0559    |
|    learning_rate        | 0.0003    |
|    loss                 | 8.99e+04  |
|    n_updates            | 2245      |
|    policy_gradient_loss | -3.05e-09 |
|    value_loss           | 1.66e+05  |
---------------------------------------
--------------------------------------
| rollout/                |          |
|    ep_len_mean          | 23.4     |
|    ep_rew_mean          | 463      |
| time/                   |          |
|    fps                  | 280      |
|    iterations           | 451      |
|    time_elapsed         | 822      |
|    total_timesteps      | 230912   |
| train/                  |          |
|    approx_kl            | 0.0      |
|    clip_fraction        | 0        |
|    clip_range           | 0.2      |
|    entropy_loss         | -0.00495 |
|    explained_variance   | 0.0556   |
|    learning_rate        | 0.0003   |
|    loss                 | 1.03e+05 |
|    n_updates            | 2250     |
|    policy_gradient_loss | -2.1e-09 |
|    value_loss           | 1.97e+05 |
--------------------------------------
---------------------------------------
| rollout/                |           |
|    ep_len_mean          | 23.9      |
|    ep_rew_mean          | 361       |
| time/                   |           |
|    fps                  | 280       |
|    iterations           | 452       |
|    time_elapsed         | 823       |
|    total_timesteps      | 231424    |
| train/                  |           |
|    approx_kl            | 0.0       |
|    clip_fraction        | 0         |
|    clip_range           | 0.2       |
|    entropy_loss         | -0.00476  |
|    explained_variance   | 0.317     |
|    learning_rate        | 0.0003    |
|    loss                 | 1.07e+05  |
|    n_updates            | 2255      |
|    policy_gradient_loss | -3.59e-09 |
|    value_loss           | 2.25e+05  |
---------------------------------------
---------------------------------------
| rollout/                |           |
|    ep_len_mean          | 24.5      |
|    ep_rew_mean          | 488       |
| time/                   |           |
|    fps                  | 280       |
|    iterations           | 453       |
|    time_elapsed         | 825       |
|    total_timesteps      | 231936    |
| train/                  |           |
|    approx_kl            | 0.0       |
|    clip_fraction        | 0         |
|    clip_range           | 0.2       |
|    entropy_loss         | -0.00481  |
|    explained_variance   | 0.302     |
|    learning_rate        | 0.0003    |
|    loss                 | 1.33e+05  |
|    n_updates            | 2260      |
|    policy_gradient_loss | -4.14e-09 |
|    value_loss           | 2.06e+05  |
---------------------------------------
---------------------------------------
| rollout/                |           |
|    ep_len_mean          | 25.3      |
|    ep_rew_mean          | 457       |
| time/                   |           |
|    fps                  | 280       |
|    iterations           | 454       |
|    time_elapsed         | 827       |
|    total_timesteps      | 232448    |
| train/                  |           |
|    approx_kl            | 0.0       |
|    clip_fraction        | 0         |
|    clip_range           | 0.2       |
|    entropy_loss         | -0.00494  |
|    explained_variance   | 0.0381    |
|    learning_rate        | 0.0003    |
|    loss                 | 1.3e+05   |
|    n_updates            | 2265      |
|    policy_gradient_loss | -4.17e-09 |
|    value_loss           | 1.94e+05  |
---------------------------------------
--------------------------------------
| rollout/                |          |
|    ep_len_mean          | 25       |
|    ep_rew_mean          | 554      |
| time/                   |          |
|    fps                  | 280      |
|    iterations           | 455      |
|    time_elapsed         | 829      |
|    total_timesteps      | 232960   |
| train/                  |          |
|    approx_kl            | 0.0      |
|    clip_fraction        | 0        |
|    clip_range           | 0.2      |
|    entropy_loss         | -0.00483 |
|    explained_variance   | 0.21     |
|    learning_rate        | 0.0003   |
|    loss                 | 1.22e+05 |
|    n_updates            | 2270     |
|    policy_gradient_loss | 8.54e-09 |
|    value_loss           | 2.75e+05 |
--------------------------------------
--------------------------------------
| rollout/                |          |
|    ep_len_mean          | 24.8     |
|    ep_rew_mean          | 576      |
| time/                   |          |
|    fps                  | 280      |
|    iterations           | 456      |
|    time_elapsed         | 831      |
|    total_timesteps      | 233472   |
| train/                  |          |
|    approx_kl            | 0.0      |
|    clip_fraction        | 0        |
|    clip_range           | 0.2      |
|    entropy_loss         | -0.00471 |
|    explained_variance   | 0.1      |
|    learning_rate        | 0.0003   |
|    loss                 | 5.42e+04 |
|    n_updates            | 2275     |
|    policy_gradient_loss | 3.17e-09 |
|    value_loss           | 1.27e+05 |
--------------------------------------
---------------------------------------
| rollout/                |           |
|    ep_len_mean          | 23.3      |
|    ep_rew_mean          | 450       |
| time/                   |           |
|    fps                  | 280       |
|    iterations           | 457       |
|    time_elapsed         | 832       |
|    total_timesteps      | 233984    |
| train/                  |           |
|    approx_kl            | 0.0       |
|    clip_fraction        | 0         |
|    clip_range           | 0.2       |
|    entropy_loss         | -0.00484  |
|    explained_variance   | 0.309     |
|    learning_rate        | 0.0003    |
|    loss                 | 5.63e+04  |
|    n_updates            | 2280      |
|    policy_gradient_loss | -9.69e-09 |
|    value_loss           | 1.63e+05  |
---------------------------------------
--------------------------------------
| rollout/                |          |
|    ep_len_mean          | 23.9     |
|    ep_rew_mean          | 460      |
| time/                   |          |
|    fps                  | 280      |
|    iterations           | 458      |
|    time_elapsed         | 834      |
|    total_timesteps      | 234496   |
| train/                  |          |
|    approx_kl            | 0.0      |
|    clip_fraction        | 0        |
|    clip_range           | 0.2      |
|    entropy_loss         | -0.00496 |
|    explained_variance   | 0.084    |
|    learning_rate        | 0.0003   |
|    loss                 | 9.78e+04 |
|    n_updates            | 2285     |
|    policy_gradient_loss | 1.7e-08  |
|    value_loss           | 2.39e+05 |
--------------------------------------
---------------------------------------
| rollout/                |           |
|    ep_len_mean          | 23.2      |
|    ep_rew_mean          | 466       |
| time/                   |           |
|    fps                  | 280       |
|    iterations           | 459       |
|    time_elapsed         | 836       |
|    total_timesteps      | 235008    |
| train/                  |           |
|    approx_kl            | 0.0       |
|    clip_fraction        | 0         |
|    clip_range           | 0.2       |
|    entropy_loss         | -0.00479  |
|    explained_variance   | 0.287     |
|    learning_rate        | 0.0003    |
|    loss                 | 1.06e+05  |
|    n_updates            | 2290      |
|    policy_gradient_loss | -5.94e-09 |
|    value_loss           | 2.2e+05   |
---------------------------------------
---------------------------------------
| rollout/                |           |
|    ep_len_mean          | 23.4      |
|    ep_rew_mean          | 536       |
| time/                   |           |
|    fps                  | 280       |
|    iterations           | 460       |
|    time_elapsed         | 838       |
|    total_timesteps      | 235520    |
| train/                  |           |
|    approx_kl            | 0.0       |
|    clip_fraction        | 0         |
|    clip_range           | 0.2       |
|    entropy_loss         | -0.00479  |
|    explained_variance   | 0.0268    |
|    learning_rate        | 0.0003    |
|    loss                 | 5.69e+04  |
|    n_updates            | 2295      |
|    policy_gradient_loss | -2.41e-08 |
|    value_loss           | 1.31e+05  |
---------------------------------------
--------------------------------------
| rollout/                |          |
|    ep_len_mean          | 24.2     |
|    ep_rew_mean          | 595      |
| time/                   |          |
|    fps                  | 280      |
|    iterations           | 461      |
|    time_elapsed         | 840      |
|    total_timesteps      | 236032   |
| train/                  |          |
|    approx_kl            | 0.0      |
|    clip_fraction        | 0        |
|    clip_range           | 0.2      |
|    entropy_loss         | -0.00488 |
|    explained_variance   | 0.229    |
|    learning_rate        | 0.0003   |
|    loss                 | 7.56e+04 |
|    n_updates            | 2300     |
|    policy_gradient_loss | 3.75e-09 |
|    value_loss           | 1.79e+05 |
--------------------------------------
--------------------------------------
| rollout/                |          |
|    ep_len_mean          | 24.6     |
|    ep_rew_mean          | 817      |
| time/                   |          |
|    fps                  | 281      |
|    iterations           | 462      |
|    time_elapsed         | 841      |
|    total_timesteps      | 236544   |
| train/                  |          |
|    approx_kl            | 0.0      |
|    clip_fraction        | 0        |
|    clip_range           | 0.2      |
|    entropy_loss         | -0.00482 |
|    explained_variance   | 0.132    |
|    learning_rate        | 0.0003   |
|    loss                 | 7.79e+04 |
|    n_updates            | 2305     |
|    policy_gradient_loss | 3.28e-09 |
|    value_loss           | 2.25e+05 |
--------------------------------------
--------------------------------------
| rollout/                |          |
|    ep_len_mean          | 24.5     |
|    ep_rew_mean          | 783      |
| time/                   |          |
|    fps                  | 280      |
|    iterations           | 463      |
|    time_elapsed         | 843      |
|    total_timesteps      | 237056   |
| train/                  |          |
|    approx_kl            | 0.0      |
|    clip_fraction        | 0        |
|    clip_range           | 0.2      |
|    entropy_loss         | -0.0048  |
|    explained_variance   | 0.121    |
|    learning_rate        | 0.0003   |
|    loss                 | 6.6e+04  |
|    n_updates            | 2310     |
|    policy_gradient_loss | 9.78e-10 |
|    value_loss           | 1.21e+05 |
--------------------------------------
--------------------------------------
| rollout/                |          |
|    ep_len_mean          | 24       |
|    ep_rew_mean          | 689      |
| time/                   |          |
|    fps                  | 280      |
|    iterations           | 464      |
|    time_elapsed         | 845      |
|    total_timesteps      | 237568   |
| train/                  |          |
|    approx_kl            | 0.0      |
|    clip_fraction        | 0        |
|    clip_range           | 0.2      |
|    entropy_loss         | -0.00489 |
|    explained_variance   | 0.168    |
|    learning_rate        | 0.0003   |
|    loss                 | 1.16e+05 |
|    n_updates            | 2315     |
|    policy_gradient_loss | -3.8e-09 |
|    value_loss           | 2.11e+05 |
--------------------------------------
-------------------------------------------
| rollout/                |               |
|    ep_len_mean          | 22.9          |
|    ep_rew_mean          | 586           |
| time/                   |               |
|    fps                  | 281           |
|    iterations           | 465           |
|    time_elapsed         | 847           |
|    total_timesteps      | 238080        |
| train/                  |               |
|    approx_kl            | 6.2864274e-09 |
|    clip_fraction        | 0             |
|    clip_range           | 0.2           |
|    entropy_loss         | -0.00468      |
|    explained_variance   | 0.296         |
|    learning_rate        | 0.0003        |
|    loss                 | 6.35e+04      |
|    n_updates            | 2320          |
|    policy_gradient_loss | -2.89e-06     |
|    value_loss           | 1.58e+05      |
-------------------------------------------
---------------------------------------
| rollout/                |           |
|    ep_len_mean          | 23.3      |
|    ep_rew_mean          | 594       |
| time/                   |           |
|    fps                  | 281       |
|    iterations           | 466       |
|    time_elapsed         | 848       |
|    total_timesteps      | 238592    |
| train/                  |           |
|    approx_kl            | 0.0       |
|    clip_fraction        | 0         |
|    clip_range           | 0.2       |
|    entropy_loss         | -0.00488  |
|    explained_variance   | 0.176     |
|    learning_rate        | 0.0003    |
|    loss                 | 1.95e+05  |
|    n_updates            | 2325      |
|    policy_gradient_loss | -3.21e-09 |
|    value_loss           | 3.41e+05  |
---------------------------------------
--------------------------------------
| rollout/                |          |
|    ep_len_mean          | 23.3     |
|    ep_rew_mean          | 461      |
| time/                   |          |
|    fps                  | 281      |
|    iterations           | 467      |
|    time_elapsed         | 850      |
|    total_timesteps      | 239104   |
| train/                  |          |
|    approx_kl            | 0.0      |
|    clip_fraction        | 0        |
|    clip_range           | 0.2      |
|    entropy_loss         | -0.00483 |
|    explained_variance   | 0.222    |
|    learning_rate        | 0.0003   |
|    loss                 | 6.76e+04 |
|    n_updates            | 2330     |
|    policy_gradient_loss | 5.59e-10 |
|    value_loss           | 1.43e+05 |
--------------------------------------
-------------------------------------------
| rollout/                |               |
|    ep_len_mean          | 23.5          |
|    ep_rew_mean          | 403           |
| time/                   |               |
|    fps                  | 281           |
|    iterations           | 468           |
|    time_elapsed         | 852           |
|    total_timesteps      | 239616        |
| train/                  |               |
|    approx_kl            | 1.8626451e-09 |
|    clip_fraction        | 0             |
|    clip_range           | 0.2           |
|    entropy_loss         | -0.00489      |
|    explained_variance   | 0.0786        |
|    learning_rate        | 0.0003        |
|    loss                 | 1.7e+05       |
|    n_updates            | 2335          |
|    policy_gradient_loss | -4.93e-07     |
|    value_loss           | 3.02e+05      |
-------------------------------------------
---------------------------------------
| rollout/                |           |
|    ep_len_mean          | 24.2      |
|    ep_rew_mean          | 355       |
| time/                   |           |
|    fps                  | 280       |
|    iterations           | 469       |
|    time_elapsed         | 854       |
|    total_timesteps      | 240128    |
| train/                  |           |
|    approx_kl            | 0.0       |
|    clip_fraction        | 0         |
|    clip_range           | 0.2       |
|    entropy_loss         | -0.00481  |
|    explained_variance   | 0.254     |
|    learning_rate        | 0.0003    |
|    loss                 | 1e+05     |
|    n_updates            | 2340      |
|    policy_gradient_loss | -1.93e-09 |
|    value_loss           | 2.21e+05  |
---------------------------------------
-------------------------------------------
| rollout/                |               |
|    ep_len_mean          | 23.8          |
|    ep_rew_mean          | 494           |
| time/                   |               |
|    fps                  | 280           |
|    iterations           | 470           |
|    time_elapsed         | 856           |
|    total_timesteps      | 240640        |
| train/                  |               |
|    approx_kl            | 3.1432137e-09 |
|    clip_fraction        | 0             |
|    clip_range           | 0.2           |
|    entropy_loss         | -0.0048       |
|    explained_variance   | 0.171         |
|    learning_rate        | 0.0003        |
|    loss                 | 8.51e+04      |
|    n_updates            | 2345          |
|    policy_gradient_loss | -1.95e-06     |
|    value_loss           | 1.7e+05       |
-------------------------------------------
--------------------------------------
| rollout/                |          |
|    ep_len_mean          | 24.3     |
|    ep_rew_mean          | 454      |
| time/                   |          |
|    fps                  | 280      |
|    iterations           | 471      |
|    time_elapsed         | 858      |
|    total_timesteps      | 241152   |
| train/                  |          |
|    approx_kl            | 0.0      |
|    clip_fraction        | 0        |
|    clip_range           | 0.2      |
|    entropy_loss         | -0.00479 |
|    explained_variance   | 0.174    |
|    learning_rate        | 0.0003   |
|    loss                 | 7.79e+04 |
|    n_updates            | 2350     |
|    policy_gradient_loss | 5.96e-09 |
|    value_loss           | 1.84e+05 |
--------------------------------------
--------------------------------------
| rollout/                |          |
|    ep_len_mean          | 24       |
|    ep_rew_mean          | 492      |
| time/                   |          |
|    fps                  | 280      |
|    iterations           | 472      |
|    time_elapsed         | 860      |
|    total_timesteps      | 241664   |
| train/                  |          |
|    approx_kl            | 0.0      |
|    clip_fraction        | 0        |
|    clip_range           | 0.2      |
|    entropy_loss         | -0.00494 |
|    explained_variance   | 0.0732   |
|    learning_rate        | 0.0003   |
|    loss                 | 1.26e+05 |
|    n_updates            | 2355     |
|    policy_gradient_loss | 1.63e-09 |
|    value_loss           | 2.41e+05 |
--------------------------------------
-------------------------------------------
| rollout/                |               |
|    ep_len_mean          | 24.2          |
|    ep_rew_mean          | 603           |
| time/                   |               |
|    fps                  | 280           |
|    iterations           | 473           |
|    time_elapsed         | 861           |
|    total_timesteps      | 242176        |
| train/                  |               |
|    approx_kl            | 2.2118911e-09 |
|    clip_fraction        | 0             |
|    clip_range           | 0.2           |
|    entropy_loss         | -0.00475      |
|    explained_variance   | 0.275         |
|    learning_rate        | 0.0003        |
|    loss                 | 2.4e+05       |
|    n_updates            | 2360          |
|    policy_gradient_loss | -6.8e-07      |
|    value_loss           | 3.52e+05      |
-------------------------------------------
--------------------------------------
| rollout/                |          |
|    ep_len_mean          | 24.2     |
|    ep_rew_mean          | 644      |
| time/                   |          |
|    fps                  | 280      |
|    iterations           | 474      |
|    time_elapsed         | 863      |
|    total_timesteps      | 242688   |
| train/                  |          |
|    approx_kl            | 0.0      |
|    clip_fraction        | 0        |
|    clip_range           | 0.2      |
|    entropy_loss         | -0.0048  |
|    explained_variance   | 0.0319   |
|    learning_rate        | 0.0003   |
|    loss                 | 4.95e+04 |
|    n_updates            | 2365     |
|    policy_gradient_loss | 7.85e-09 |
|    value_loss           | 1.22e+05 |
--------------------------------------
---------------------------------------
| rollout/                |           |
|    ep_len_mean          | 25.2      |
|    ep_rew_mean          | 638       |
| time/                   |           |
|    fps                  | 281       |
|    iterations           | 475       |
|    time_elapsed         | 865       |
|    total_timesteps      | 243200    |
| train/                  |           |
|    approx_kl            | 0.0       |
|    clip_fraction        | 0         |
|    clip_range           | 0.2       |
|    entropy_loss         | -0.00485  |
|    explained_variance   | 0.23      |
|    learning_rate        | 0.0003    |
|    loss                 | 8.05e+04  |
|    n_updates            | 2370      |
|    policy_gradient_loss | -1.21e-09 |
|    value_loss           | 1.81e+05  |
---------------------------------------
---------------------------------------
| rollout/                |           |
|    ep_len_mean          | 24.6      |
|    ep_rew_mean          | 574       |
| time/                   |           |
|    fps                  | 281       |
|    iterations           | 476       |
|    time_elapsed         | 867       |
|    total_timesteps      | 243712    |
| train/                  |           |
|    approx_kl            | 0.0       |
|    clip_fraction        | 0         |
|    clip_range           | 0.2       |
|    entropy_loss         | -0.00467  |
|    explained_variance   | 0.336     |
|    learning_rate        | 0.0003    |
|    loss                 | 8.98e+04  |
|    n_updates            | 2375      |
|    policy_gradient_loss | -3.24e-09 |
|    value_loss           | 2.03e+05  |
---------------------------------------
--------------------------------------
| rollout/                |          |
|    ep_len_mean          | 24.6     |
|    ep_rew_mean          | 692      |
| time/                   |          |
|    fps                  | 281      |
|    iterations           | 477      |
|    time_elapsed         | 869      |
|    total_timesteps      | 244224   |
| train/                  |          |
|    approx_kl            | 0.0      |
|    clip_fraction        | 0        |
|    clip_range           | 0.2      |
|    entropy_loss         | -0.00474 |
|    explained_variance   | 0.265    |
|    learning_rate        | 0.0003   |
|    loss                 | 1.16e+05 |
|    n_updates            | 2380     |
|    policy_gradient_loss | 7.73e-09 |
|    value_loss           | 2.32e+05 |
--------------------------------------
--------------------------------------
| rollout/                |          |
|    ep_len_mean          | 24.5     |
|    ep_rew_mean          | 682      |
| time/                   |          |
|    fps                  | 281      |
|    iterations           | 478      |
|    time_elapsed         | 870      |
|    total_timesteps      | 244736   |
| train/                  |          |
|    approx_kl            | 0.0      |
|    clip_fraction        | 0        |
|    clip_range           | 0.2      |
|    entropy_loss         | -0.00493 |
|    explained_variance   | 0.183    |
|    learning_rate        | 0.0003   |
|    loss                 | 1.02e+05 |
|    n_updates            | 2385     |
|    policy_gradient_loss | 1.05e-08 |
|    value_loss           | 1.46e+05 |
--------------------------------------
--------------------------------------
| rollout/                |          |
|    ep_len_mean          | 24.5     |
|    ep_rew_mean          | 599      |
| time/                   |          |
|    fps                  | 281      |
|    iterations           | 479      |
|    time_elapsed         | 872      |
|    total_timesteps      | 245248   |
| train/                  |          |
|    approx_kl            | 0.0      |
|    clip_fraction        | 0        |
|    clip_range           | 0.2      |
|    entropy_loss         | -0.00481 |
|    explained_variance   | 0.186    |
|    learning_rate        | 0.0003   |
|    loss                 | 4.9e+04  |
|    n_updates            | 2390     |
|    policy_gradient_loss | 3.28e-09 |
|    value_loss           | 1.55e+05 |
--------------------------------------
--------------------------------------
| rollout/                |          |
|    ep_len_mean          | 24       |
|    ep_rew_mean          | 648      |
| time/                   |          |
|    fps                  | 281      |
|    iterations           | 480      |
|    time_elapsed         | 874      |
|    total_timesteps      | 245760   |
| train/                  |          |
|    approx_kl            | 0.0      |
|    clip_fraction        | 0        |
|    clip_range           | 0.2      |
|    entropy_loss         | -0.00481 |
|    explained_variance   | 0.146    |
|    learning_rate        | 0.0003   |
|    loss                 | 1.06e+05 |
|    n_updates            | 2395     |
|    policy_gradient_loss | 2.1e-09  |
|    value_loss           | 2.33e+05 |
--------------------------------------
---------------------------------------
| rollout/                |           |
|    ep_len_mean          | 24.4      |
|    ep_rew_mean          | 674       |
| time/                   |           |
|    fps                  | 281       |
|    iterations           | 481       |
|    time_elapsed         | 876       |
|    total_timesteps      | 246272    |
| train/                  |           |
|    approx_kl            | 0.0       |
|    clip_fraction        | 0         |
|    clip_range           | 0.2       |
|    entropy_loss         | -0.00494  |
|    explained_variance   | 0.0998    |
|    learning_rate        | 0.0003    |
|    loss                 | 6.27e+04  |
|    n_updates            | 2400      |
|    policy_gradient_loss | -5.08e-09 |
|    value_loss           | 1.39e+05  |
---------------------------------------
--------------------------------------
| rollout/                |          |
|    ep_len_mean          | 24.9     |
|    ep_rew_mean          | 588      |
| time/                   |          |
|    fps                  | 281      |
|    iterations           | 482      |
|    time_elapsed         | 877      |
|    total_timesteps      | 246784   |
| train/                  |          |
|    approx_kl            | 0.0      |
|    clip_fraction        | 0        |
|    clip_range           | 0.2      |
|    entropy_loss         | -0.0047  |
|    explained_variance   | 0.274    |
|    learning_rate        | 0.0003   |
|    loss                 | 1.43e+05 |
|    n_updates            | 2405     |
|    policy_gradient_loss | 1.02e-09 |
|    value_loss           | 3.06e+05 |
--------------------------------------
--------------------------------------
| rollout/                |          |
|    ep_len_mean          | 24.6     |
|    ep_rew_mean          | 571      |
| time/                   |          |
|    fps                  | 281      |
|    iterations           | 483      |
|    time_elapsed         | 879      |
|    total_timesteps      | 247296   |
| train/                  |          |
|    approx_kl            | 0.0      |
|    clip_fraction        | 0        |
|    clip_range           | 0.2      |
|    entropy_loss         | -0.00484 |
|    explained_variance   | 0.067    |
|    learning_rate        | 0.0003   |
|    loss                 | 1.02e+05 |
|    n_updates            | 2410     |
|    policy_gradient_loss | 9.31e-11 |
|    value_loss           | 1.54e+05 |
--------------------------------------
--------------------------------------
| rollout/                |          |
|    ep_len_mean          | 24.4     |
|    ep_rew_mean          | 600      |
| time/                   |          |
|    fps                  | 281      |
|    iterations           | 484      |
|    time_elapsed         | 881      |
|    total_timesteps      | 247808   |
| train/                  |          |
|    approx_kl            | 0.0      |
|    clip_fraction        | 0        |
|    clip_range           | 0.2      |
|    entropy_loss         | -0.00484 |
|    explained_variance   | 0.126    |
|    learning_rate        | 0.0003   |
|    loss                 | 9.09e+04 |
|    n_updates            | 2415     |
|    policy_gradient_loss | 1.08e-08 |
|    value_loss           | 1.57e+05 |
--------------------------------------
---------------------------------------
| rollout/                |           |
|    ep_len_mean          | 24.9      |
|    ep_rew_mean          | 512       |
| time/                   |           |
|    fps                  | 281       |
|    iterations           | 485       |
|    time_elapsed         | 883       |
|    total_timesteps      | 248320    |
| train/                  |           |
|    approx_kl            | 0.0       |
|    clip_fraction        | 0         |
|    clip_range           | 0.2       |
|    entropy_loss         | -0.00473  |
|    explained_variance   | -0.0505   |
|    learning_rate        | 0.0003    |
|    loss                 | 5.52e+04  |
|    n_updates            | 2420      |
|    policy_gradient_loss | -4.89e-09 |
|    value_loss           | 1.49e+05  |
---------------------------------------
---------------------------------------
| rollout/                |           |
|    ep_len_mean          | 24.9      |
|    ep_rew_mean          | 676       |
| time/                   |           |
|    fps                  | 281       |
|    iterations           | 486       |
|    time_elapsed         | 884       |
|    total_timesteps      | 248832    |
| train/                  |           |
|    approx_kl            | 0.0       |
|    clip_fraction        | 0         |
|    clip_range           | 0.2       |
|    entropy_loss         | -0.00474  |
|    explained_variance   | 0.0896    |
|    learning_rate        | 0.0003    |
|    loss                 | 1.44e+05  |
|    n_updates            | 2425      |
|    policy_gradient_loss | -3.26e-09 |
|    value_loss           | 2.92e+05  |
---------------------------------------
---------------------------------------
| rollout/                |           |
|    ep_len_mean          | 24.9      |
|    ep_rew_mean          | 682       |
| time/                   |           |
|    fps                  | 281       |
|    iterations           | 487       |
|    time_elapsed         | 886       |
|    total_timesteps      | 249344    |
| train/                  |           |
|    approx_kl            | 0.0       |
|    clip_fraction        | 0         |
|    clip_range           | 0.2       |
|    entropy_loss         | -0.00491  |
|    explained_variance   | 0.114     |
|    learning_rate        | 0.0003    |
|    loss                 | 7.6e+04   |
|    n_updates            | 2430      |
|    policy_gradient_loss | -1.37e-09 |
|    value_loss           | 1.7e+05   |
---------------------------------------
--------------------------------------
| rollout/                |          |
|    ep_len_mean          | 25.1     |
|    ep_rew_mean          | 728      |
| time/                   |          |
|    fps                  | 281      |
|    iterations           | 488      |
|    time_elapsed         | 888      |
|    total_timesteps      | 249856   |
| train/                  |          |
|    approx_kl            | 0.0      |
|    clip_fraction        | 0        |
|    clip_range           | 0.2      |
|    entropy_loss         | -0.00488 |
|    explained_variance   | 0.0241   |
|    learning_rate        | 0.0003   |
|    loss                 | 7.35e+04 |
|    n_updates            | 2435     |
|    policy_gradient_loss | 2.33e-10 |
|    value_loss           | 1.51e+05 |
--------------------------------------
------------------------------------------
| rollout/                |              |
|    ep_len_mean          | 24.3         |
|    ep_rew_mean          | 651          |
| time/                   |              |
|    fps                  | 281          |
|    iterations           | 489          |
|    time_elapsed         | 890          |
|    total_timesteps      | 250368       |
| train/                  |              |
|    approx_kl            | 2.795132e-07 |
|    clip_fraction        | 0            |
|    clip_range           | 0.2          |
|    entropy_loss         | -0.00487     |
|    explained_variance   | 0.1          |
|    learning_rate        | 0.0003       |
|    loss                 | 7.9e+04      |
|    n_updates            | 2440         |
|    policy_gradient_loss | -1.38e-05    |
|    value_loss           | 1.41e+05     |
------------------------------------------
-------------------------------------------
| rollout/                |               |
|    ep_len_mean          | 23.3          |
|    ep_rew_mean          | 676           |
| time/                   |               |
|    fps                  | 281           |
|    iterations           | 490           |
|    time_elapsed         | 892           |
|    total_timesteps      | 250880        |
| train/                  |               |
|    approx_kl            | 4.5110937e-07 |
|    clip_fraction        | 0             |
|    clip_range           | 0.2           |
|    entropy_loss         | -0.00467      |
|    explained_variance   | 0.0275        |
|    learning_rate        | 0.0003        |
|    loss                 | 1.12e+05      |
|    n_updates            | 2445          |
|    policy_gradient_loss | -2.57e-05     |
|    value_loss           | 2.24e+05      |
-------------------------------------------
--------------------------------------
| rollout/                |          |
|    ep_len_mean          | 23       |
|    ep_rew_mean          | 658      |
| time/                   |          |
|    fps                  | 281      |
|    iterations           | 491      |
|    time_elapsed         | 893      |
|    total_timesteps      | 251392   |
| train/                  |          |
|    approx_kl            | 0.0      |
|    clip_fraction        | 0        |
|    clip_range           | 0.2      |
|    entropy_loss         | -0.00455 |
|    explained_variance   | 0.271    |
|    learning_rate        | 0.0003   |
|    loss                 | 6.92e+04 |
|    n_updates            | 2450     |
|    policy_gradient_loss | 4.84e-09 |
|    value_loss           | 1.3e+05  |
--------------------------------------
---------------------------------------
| rollout/                |           |
|    ep_len_mean          | 22.9      |
|    ep_rew_mean          | 563       |
| time/                   |           |
|    fps                  | 281       |
|    iterations           | 492       |
|    time_elapsed         | 895       |
|    total_timesteps      | 251904    |
| train/                  |           |
|    approx_kl            | 0.0       |
|    clip_fraction        | 0         |
|    clip_range           | 0.2       |
|    entropy_loss         | -0.0047   |
|    explained_variance   | 0.249     |
|    learning_rate        | 0.0003    |
|    loss                 | 8.2e+04   |
|    n_updates            | 2455      |
|    policy_gradient_loss | -1.68e-09 |
|    value_loss           | 1.47e+05  |
---------------------------------------
--------------------------------------
| rollout/                |          |
|    ep_len_mean          | 23.4     |
|    ep_rew_mean          | 481      |
| time/                   |          |
|    fps                  | 281      |
|    iterations           | 493      |
|    time_elapsed         | 897      |
|    total_timesteps      | 252416   |
| train/                  |          |
|    approx_kl            | 0.0      |
|    clip_fraction        | 0        |
|    clip_range           | 0.2      |
|    entropy_loss         | -0.00462 |
|    explained_variance   | 0.118    |
|    learning_rate        | 0.0003   |
|    loss                 | 1.21e+05 |
|    n_updates            | 2460     |
|    policy_gradient_loss | -2.1e-09 |
|    value_loss           | 2.37e+05 |
--------------------------------------
--------------------------------------
| rollout/                |          |
|    ep_len_mean          | 23.1     |
|    ep_rew_mean          | 484      |
| time/                   |          |
|    fps                  | 281      |
|    iterations           | 494      |
|    time_elapsed         | 899      |
|    total_timesteps      | 252928   |
| train/                  |          |
|    approx_kl            | 0.0      |
|    clip_fraction        | 0        |
|    clip_range           | 0.2      |
|    entropy_loss         | -0.00459 |
|    explained_variance   | 0.0248   |
|    learning_rate        | 0.0003   |
|    loss                 | 1.22e+05 |
|    n_updates            | 2465     |
|    policy_gradient_loss | 3.03e-10 |
|    value_loss           | 2.03e+05 |
--------------------------------------
------------------------------------------
| rollout/                |              |
|    ep_len_mean          | 23.9         |
|    ep_rew_mean          | 472          |
| time/                   |              |
|    fps                  | 281          |
|    iterations           | 495          |
|    time_elapsed         | 900          |
|    total_timesteps      | 253440       |
| train/                  |              |
|    approx_kl            | 8.381903e-09 |
|    clip_fraction        | 0            |
|    clip_range           | 0.2          |
|    entropy_loss         | -0.00459     |
|    explained_variance   | 0.183        |
|    learning_rate        | 0.0003       |
|    loss                 | 6.14e+04     |
|    n_updates            | 2470         |
|    policy_gradient_loss | -2.89e-06    |
|    value_loss           | 1.4e+05      |
------------------------------------------
--------------------------------------
| rollout/                |          |
|    ep_len_mean          | 23.5     |
|    ep_rew_mean          | 472      |
| time/                   |          |
|    fps                  | 281      |
|    iterations           | 496      |
|    time_elapsed         | 902      |
|    total_timesteps      | 253952   |
| train/                  |          |
|    approx_kl            | 0.0      |
|    clip_fraction        | 0        |
|    clip_range           | 0.2      |
|    entropy_loss         | -0.00459 |
|    explained_variance   | 0.105    |
|    learning_rate        | 0.0003   |
|    loss                 | 6.38e+04 |
|    n_updates            | 2475     |
|    policy_gradient_loss | 1.07e-08 |
|    value_loss           | 1.58e+05 |
--------------------------------------
------------------------------------------
| rollout/                |              |
|    ep_len_mean          | 23.1         |
|    ep_rew_mean          | 498          |
| time/                   |              |
|    fps                  | 281          |
|    iterations           | 497          |
|    time_elapsed         | 904          |
|    total_timesteps      | 254464       |
| train/                  |              |
|    approx_kl            | 9.313226e-10 |
|    clip_fraction        | 0            |
|    clip_range           | 0.2          |
|    entropy_loss         | -0.00464     |
|    explained_variance   | 0.0975       |
|    learning_rate        | 0.0003       |
|    loss                 | 6.24e+04     |
|    n_updates            | 2480         |
|    policy_gradient_loss | -6.73e-07    |
|    value_loss           | 1.43e+05     |
------------------------------------------
---------------------------------------
| rollout/                |           |
|    ep_len_mean          | 23.1      |
|    ep_rew_mean          | 529       |
| time/                   |           |
|    fps                  | 281       |
|    iterations           | 498       |
|    time_elapsed         | 906       |
|    total_timesteps      | 254976    |
| train/                  |           |
|    approx_kl            | 0.0       |
|    clip_fraction        | 0         |
|    clip_range           | 0.2       |
|    entropy_loss         | -0.00456  |
|    explained_variance   | 0.226     |
|    learning_rate        | 0.0003    |
|    loss                 | 1.26e+05  |
|    n_updates            | 2485      |
|    policy_gradient_loss | -5.61e-09 |
|    value_loss           | 2.22e+05  |
---------------------------------------
--------------------------------------
| rollout/                |          |
|    ep_len_mean          | 22.3     |
|    ep_rew_mean          | 593      |
| time/                   |          |
|    fps                  | 281      |
|    iterations           | 499      |
|    time_elapsed         | 908      |
|    total_timesteps      | 255488   |
| train/                  |          |
|    approx_kl            | 0.0      |
|    clip_fraction        | 0        |
|    clip_range           | 0.2      |
|    entropy_loss         | -0.00455 |
|    explained_variance   | 0.0924   |
|    learning_rate        | 0.0003   |
|    loss                 | 6.35e+04 |
|    n_updates            | 2490     |
|    policy_gradient_loss | 4.73e-09 |
|    value_loss           | 1.39e+05 |
--------------------------------------
-------------------------------------------
| rollout/                |               |
|    ep_len_mean          | 23.7          |
|    ep_rew_mean          | 566           |
| time/                   |               |
|    fps                  | 281           |
|    iterations           | 500           |
|    time_elapsed         | 909           |
|    total_timesteps      | 256000        |
| train/                  |               |
|    approx_kl            | 2.3411121e-07 |
|    clip_fraction        | 0             |
|    clip_range           | 0.2           |
|    entropy_loss         | -0.00461      |
|    explained_variance   | 0.143         |
|    learning_rate        | 0.0003        |
|    loss                 | 8.5e+04       |
|    n_updates            | 2495          |
|    policy_gradient_loss | -3.27e-05     |
|    value_loss           | 1.37e+05      |
-------------------------------------------
--------------------------------------
| rollout/                |          |
|    ep_len_mean          | 23.4     |
|    ep_rew_mean          | 538      |
| time/                   |          |
|    fps                  | 281      |
|    iterations           | 501      |
|    time_elapsed         | 911      |
|    total_timesteps      | 256512   |
| train/                  |          |
|    approx_kl            | 0.0      |
|    clip_fraction        | 0        |
|    clip_range           | 0.2      |
|    entropy_loss         | -0.00451 |
|    explained_variance   | 0.194    |
|    learning_rate        | 0.0003   |
|    loss                 | 1.52e+05 |
|    n_updates            | 2500     |
|    policy_gradient_loss | 1.8e-08  |
|    value_loss           | 3.01e+05 |
--------------------------------------
--------------------------------------
| rollout/                |          |
|    ep_len_mean          | 24       |
|    ep_rew_mean          | 655      |
| time/                   |          |
|    fps                  | 281      |
|    iterations           | 502      |
|    time_elapsed         | 913      |
|    total_timesteps      | 257024   |
| train/                  |          |
|    approx_kl            | 0.0      |
|    clip_fraction        | 0        |
|    clip_range           | 0.2      |
|    entropy_loss         | -0.00454 |
|    explained_variance   | 0.106    |
|    learning_rate        | 0.0003   |
|    loss                 | 1.02e+05 |
|    n_updates            | 2505     |
|    policy_gradient_loss | 1.35e-09 |
|    value_loss           | 1.97e+05 |
--------------------------------------
-------------------------------------------
| rollout/                |               |
|    ep_len_mean          | 24.5          |
|    ep_rew_mean          | 542           |
| time/                   |               |
|    fps                  | 281           |
|    iterations           | 503           |
|    time_elapsed         | 914           |
|    total_timesteps      | 257536        |
| train/                  |               |
|    approx_kl            | 1.1641532e-10 |
|    clip_fraction        | 0             |
|    clip_range           | 0.2           |
|    entropy_loss         | -0.00454      |
|    explained_variance   | 0.113         |
|    learning_rate        | 0.0003        |
|    loss                 | 7.44e+04      |
|    n_updates            | 2510          |
|    policy_gradient_loss | -3.25e-08     |
|    value_loss           | 1.45e+05      |
-------------------------------------------
---------------------------------------
| rollout/                |           |
|    ep_len_mean          | 24.5      |
|    ep_rew_mean          | 515       |
| time/                   |           |
|    fps                  | 281       |
|    iterations           | 504       |
|    time_elapsed         | 916       |
|    total_timesteps      | 258048    |
| train/                  |           |
|    approx_kl            | 0.0       |
|    clip_fraction        | 0         |
|    clip_range           | 0.2       |
|    entropy_loss         | -0.00452  |
|    explained_variance   | 0.214     |
|    learning_rate        | 0.0003    |
|    loss                 | 8.79e+04  |
|    n_updates            | 2515      |
|    policy_gradient_loss | -5.08e-09 |
|    value_loss           | 2.48e+05  |
---------------------------------------
---------------------------------------
| rollout/                |           |
|    ep_len_mean          | 23.8      |
|    ep_rew_mean          | 549       |
| time/                   |           |
|    fps                  | 281       |
|    iterations           | 505       |
|    time_elapsed         | 918       |
|    total_timesteps      | 258560    |
| train/                  |           |
|    approx_kl            | 0.0       |
|    clip_fraction        | 0         |
|    clip_range           | 0.2       |
|    entropy_loss         | -0.00453  |
|    explained_variance   | 0.219     |
|    learning_rate        | 0.0003    |
|    loss                 | 4.58e+04  |
|    n_updates            | 2520      |
|    policy_gradient_loss | -1.12e-09 |
|    value_loss           | 1.32e+05  |
---------------------------------------
--------------------------------------
| rollout/                |          |
|    ep_len_mean          | 23.4     |
|    ep_rew_mean          | 624      |
| time/                   |          |
|    fps                  | 281      |
|    iterations           | 506      |
|    time_elapsed         | 920      |
|    total_timesteps      | 259072   |
| train/                  |          |
|    approx_kl            | 0.0      |
|    clip_fraction        | 0        |
|    clip_range           | 0.2      |
|    entropy_loss         | -0.00456 |
|    explained_variance   | 0.318    |
|    learning_rate        | 0.0003   |
|    loss                 | 7.14e+04 |
|    n_updates            | 2525     |
|    policy_gradient_loss | 7.68e-10 |
|    value_loss           | 1.61e+05 |
--------------------------------------
-------------------------------------------
| rollout/                |               |
|    ep_len_mean          | 23.9          |
|    ep_rew_mean          | 503           |
| time/                   |               |
|    fps                  | 281           |
|    iterations           | 507           |
|    time_elapsed         | 921           |
|    total_timesteps      | 259584        |
| train/                  |               |
|    approx_kl            | -1.839362e-08 |
|    clip_fraction        | 0             |
|    clip_range           | 0.2           |
|    entropy_loss         | -0.00455      |
|    explained_variance   | 0.0899        |
|    learning_rate        | 0.0003        |
|    loss                 | 4.58e+04      |
|    n_updates            | 2530          |
|    policy_gradient_loss | -1.61e-06     |
|    value_loss           | 1.22e+05      |
-------------------------------------------
---------------------------------------
| rollout/                |           |
|    ep_len_mean          | 23.8      |
|    ep_rew_mean          | 621       |
| time/                   |           |
|    fps                  | 281       |
|    iterations           | 508       |
|    time_elapsed         | 923       |
|    total_timesteps      | 260096    |
| train/                  |           |
|    approx_kl            | 0.0       |
|    clip_fraction        | 0         |
|    clip_range           | 0.2       |
|    entropy_loss         | -0.00448  |
|    explained_variance   | 0.0752    |
|    learning_rate        | 0.0003    |
|    loss                 | 5.82e+04  |
|    n_updates            | 2535      |
|    policy_gradient_loss | -4.38e-09 |
|    value_loss           | 2.1e+05   |
---------------------------------------
---------------------------------------
| rollout/                |           |
|    ep_len_mean          | 24.3      |
|    ep_rew_mean          | 706       |
| time/                   |           |
|    fps                  | 281       |
|    iterations           | 509       |
|    time_elapsed         | 925       |
|    total_timesteps      | 260608    |
| train/                  |           |
|    approx_kl            | 0.0       |
|    clip_fraction        | 0         |
|    clip_range           | 0.2       |
|    entropy_loss         | -0.00458  |
|    explained_variance   | -0.00806  |
|    learning_rate        | 0.0003    |
|    loss                 | 7.37e+04  |
|    n_updates            | 2540      |
|    policy_gradient_loss | -4.75e-09 |
|    value_loss           | 1.43e+05  |
---------------------------------------
------------------------------------------
| rollout/                |              |
|    ep_len_mean          | 24.1         |
|    ep_rew_mean          | 666          |
| time/                   |              |
|    fps                  | 281          |
|    iterations           | 510          |
|    time_elapsed         | 927          |
|    total_timesteps      | 261120       |
| train/                  |              |
|    approx_kl            | 1.473818e-07 |
|    clip_fraction        | 0            |
|    clip_range           | 0.2          |
|    entropy_loss         | -0.00461     |
|    explained_variance   | 0.0398       |
|    learning_rate        | 0.0003       |
|    loss                 | 9.14e+04     |
|    n_updates            | 2545         |
|    policy_gradient_loss | -1.49e-05    |
|    value_loss           | 1.73e+05     |
------------------------------------------
-------------------------------------------
| rollout/                |               |
|    ep_len_mean          | 24.5          |
|    ep_rew_mean          | 655           |
| time/                   |               |
|    fps                  | 281           |
|    iterations           | 511           |
|    time_elapsed         | 929           |
|    total_timesteps      | 261632        |
| train/                  |               |
|    approx_kl            | 8.3318446e-07 |
|    clip_fraction        | 0             |
|    clip_range           | 0.2           |
|    entropy_loss         | -0.00456      |
|    explained_variance   | 0.0828        |
|    learning_rate        | 0.0003        |
|    loss                 | 9.44e+04      |
|    n_updates            | 2550          |
|    policy_gradient_loss | -5.44e-05     |
|    value_loss           | 1.62e+05      |
-------------------------------------------
--------------------------------------
| rollout/                |          |
|    ep_len_mean          | 24.7     |
|    ep_rew_mean          | 726      |
| time/                   |          |
|    fps                  | 281      |
|    iterations           | 512      |
|    time_elapsed         | 930      |
|    total_timesteps      | 262144   |
| train/                  |          |
|    approx_kl            | 0.0      |
|    clip_fraction        | 0        |
|    clip_range           | 0.2      |
|    entropy_loss         | -0.00447 |
|    explained_variance   | 0.0949   |
|    learning_rate        | 0.0003   |
|    loss                 | 9.92e+04 |
|    n_updates            | 2555     |
|    policy_gradient_loss | 1.32e-08 |
|    value_loss           | 2.31e+05 |
--------------------------------------
---------------------------------------
| rollout/                |           |
|    ep_len_mean          | 24.6      |
|    ep_rew_mean          | 593       |
| time/                   |           |
|    fps                  | 281       |
|    iterations           | 513       |
|    time_elapsed         | 932       |
|    total_timesteps      | 262656    |
| train/                  |           |
|    approx_kl            | 0.0       |
|    clip_fraction        | 0         |
|    clip_range           | 0.2       |
|    entropy_loss         | -0.00436  |
|    explained_variance   | 0.141     |
|    learning_rate        | 0.0003    |
|    loss                 | 1.32e+05  |
|    n_updates            | 2560      |
|    policy_gradient_loss | -4.42e-10 |
|    value_loss           | 2.7e+05   |
---------------------------------------
---------------------------------------
| rollout/                |           |
|    ep_len_mean          | 24.8      |
|    ep_rew_mean          | 558       |
| time/                   |           |
|    fps                  | 281       |
|    iterations           | 514       |
|    time_elapsed         | 934       |
|    total_timesteps      | 263168    |
| train/                  |           |
|    approx_kl            | 0.0       |
|    clip_fraction        | 0         |
|    clip_range           | 0.2       |
|    entropy_loss         | -0.00437  |
|    explained_variance   | 0.232     |
|    learning_rate        | 0.0003    |
|    loss                 | 9.57e+04  |
|    n_updates            | 2565      |
|    policy_gradient_loss | -1.21e-09 |
|    value_loss           | 1.83e+05  |
---------------------------------------
---------------------------------------
| rollout/                |           |
|    ep_len_mean          | 25.3      |
|    ep_rew_mean          | 511       |
| time/                   |           |
|    fps                  | 281       |
|    iterations           | 515       |
|    time_elapsed         | 936       |
|    total_timesteps      | 263680    |
| train/                  |           |
|    approx_kl            | 0.0       |
|    clip_fraction        | 0         |
|    clip_range           | 0.2       |
|    entropy_loss         | -0.00445  |
|    explained_variance   | 0.187     |
|    learning_rate        | 0.0003    |
|    loss                 | 6.94e+04  |
|    n_updates            | 2570      |
|    policy_gradient_loss | -8.61e-10 |
|    value_loss           | 1.84e+05  |
---------------------------------------
---------------------------------------
| rollout/                |           |
|    ep_len_mean          | 25.9      |
|    ep_rew_mean          | 513       |
| time/                   |           |
|    fps                  | 281       |
|    iterations           | 516       |
|    time_elapsed         | 938       |
|    total_timesteps      | 264192    |
| train/                  |           |
|    approx_kl            | 0.0       |
|    clip_fraction        | 0         |
|    clip_range           | 0.2       |
|    entropy_loss         | -0.00442  |
|    explained_variance   | 0.229     |
|    learning_rate        | 0.0003    |
|    loss                 | 1.1e+05   |
|    n_updates            | 2575      |
|    policy_gradient_loss | -4.47e-09 |
|    value_loss           | 2.29e+05  |
---------------------------------------
---------------------------------------
| rollout/                |           |
|    ep_len_mean          | 25.9      |
|    ep_rew_mean          | 442       |
| time/                   |           |
|    fps                  | 281       |
|    iterations           | 517       |
|    time_elapsed         | 939       |
|    total_timesteps      | 264704    |
| train/                  |           |
|    approx_kl            | 0.0       |
|    clip_fraction        | 0         |
|    clip_range           | 0.2       |
|    entropy_loss         | -0.00436  |
|    explained_variance   | 0.172     |
|    learning_rate        | 0.0003    |
|    loss                 | 1.06e+05  |
|    n_updates            | 2580      |
|    policy_gradient_loss | -8.48e-08 |
|    value_loss           | 2.35e+05  |
---------------------------------------
---------------------------------------
| rollout/                |           |
|    ep_len_mean          | 26.5      |
|    ep_rew_mean          | 443       |
| time/                   |           |
|    fps                  | 281       |
|    iterations           | 518       |
|    time_elapsed         | 941       |
|    total_timesteps      | 265216    |
| train/                  |           |
|    approx_kl            | 0.0       |
|    clip_fraction        | 0         |
|    clip_range           | 0.2       |
|    entropy_loss         | -0.00434  |
|    explained_variance   | 0.249     |
|    learning_rate        | 0.0003    |
|    loss                 | 1.48e+05  |
|    n_updates            | 2585      |
|    policy_gradient_loss | -6.98e-11 |
|    value_loss           | 2.12e+05  |
---------------------------------------
--------------------------------------
| rollout/                |          |
|    ep_len_mean          | 25.2     |
|    ep_rew_mean          | 490      |
| time/                   |          |
|    fps                  | 281      |
|    iterations           | 519      |
|    time_elapsed         | 943      |
|    total_timesteps      | 265728   |
| train/                  |          |
|    approx_kl            | 0.0      |
|    clip_fraction        | 0        |
|    clip_range           | 0.2      |
|    entropy_loss         | -0.00439 |
|    explained_variance   | 0.302    |
|    learning_rate        | 0.0003   |
|    loss                 | 6.73e+04 |
|    n_updates            | 2590     |
|    policy_gradient_loss | 4.19e-10 |
|    value_loss           | 1.78e+05 |
--------------------------------------
--------------------------------------
| rollout/                |          |
|    ep_len_mean          | 25.2     |
|    ep_rew_mean          | 589      |
| time/                   |          |
|    fps                  | 281      |
|    iterations           | 520      |
|    time_elapsed         | 945      |
|    total_timesteps      | 266240   |
| train/                  |          |
|    approx_kl            | 0.0      |
|    clip_fraction        | 0        |
|    clip_range           | 0.2      |
|    entropy_loss         | -0.00427 |
|    explained_variance   | 0.0457   |
|    learning_rate        | 0.0003   |
|    loss                 | 1.08e+05 |
|    n_updates            | 2595     |
|    policy_gradient_loss | -4.2e-08 |
|    value_loss           | 2.04e+05 |
--------------------------------------
--------------------------------------
| rollout/                |          |
|    ep_len_mean          | 23.6     |
|    ep_rew_mean          | 641      |
| time/                   |          |
|    fps                  | 281      |
|    iterations           | 521      |
|    time_elapsed         | 947      |
|    total_timesteps      | 266752   |
| train/                  |          |
|    approx_kl            | 0.0      |
|    clip_fraction        | 0        |
|    clip_range           | 0.2      |
|    entropy_loss         | -0.00441 |
|    explained_variance   | 0.0668   |
|    learning_rate        | 0.0003   |
|    loss                 | 1.05e+05 |
|    n_updates            | 2600     |
|    policy_gradient_loss | 5.01e-09 |
|    value_loss           | 2e+05    |
--------------------------------------
---------------------------------------
| rollout/                |           |
|    ep_len_mean          | 22.8      |
|    ep_rew_mean          | 763       |
| time/                   |           |
|    fps                  | 281       |
|    iterations           | 522       |
|    time_elapsed         | 948       |
|    total_timesteps      | 267264    |
| train/                  |           |
|    approx_kl            | 0.0       |
|    clip_fraction        | 0         |
|    clip_range           | 0.2       |
|    entropy_loss         | -0.00446  |
|    explained_variance   | 0.282     |
|    learning_rate        | 0.0003    |
|    loss                 | 1.26e+05  |
|    n_updates            | 2605      |
|    policy_gradient_loss | -4.66e-10 |
|    value_loss           | 2.1e+05   |
---------------------------------------
---------------------------------------
| rollout/                |           |
|    ep_len_mean          | 22.6      |
|    ep_rew_mean          | 772       |
| time/                   |           |
|    fps                  | 281       |
|    iterations           | 523       |
|    time_elapsed         | 950       |
|    total_timesteps      | 267776    |
| train/                  |           |
|    approx_kl            | 0.0       |
|    clip_fraction        | 0         |
|    clip_range           | 0.2       |
|    entropy_loss         | -0.00435  |
|    explained_variance   | 0.0926    |
|    learning_rate        | 0.0003    |
|    loss                 | 7.17e+04  |
|    n_updates            | 2610      |
|    policy_gradient_loss | -4.52e-09 |
|    value_loss           | 1.56e+05  |
---------------------------------------
--------------------------------------
| rollout/                |          |
|    ep_len_mean          | 22.8     |
|    ep_rew_mean          | 707      |
| time/                   |          |
|    fps                  | 281      |
|    iterations           | 524      |
|    time_elapsed         | 952      |
|    total_timesteps      | 268288   |
| train/                  |          |
|    approx_kl            | 0.0      |
|    clip_fraction        | 0        |
|    clip_range           | 0.2      |
|    entropy_loss         | -0.00432 |
|    explained_variance   | 0.299    |
|    learning_rate        | 0.0003   |
|    loss                 | 1.13e+05 |
|    n_updates            | 2615     |
|    policy_gradient_loss | 8.85e-10 |
|    value_loss           | 1.56e+05 |
--------------------------------------
--------------------------------------
| rollout/                |          |
|    ep_len_mean          | 22.6     |
|    ep_rew_mean          | 684      |
| time/                   |          |
|    fps                  | 281      |
|    iterations           | 525      |
|    time_elapsed         | 954      |
|    total_timesteps      | 268800   |
| train/                  |          |
|    approx_kl            | 0.0      |
|    clip_fraction        | 0        |
|    clip_range           | 0.2      |
|    entropy_loss         | -0.00449 |
|    explained_variance   | 0.205    |
|    learning_rate        | 0.0003   |
|    loss                 | 1.1e+05  |
|    n_updates            | 2620     |
|    policy_gradient_loss | 1.14e-09 |
|    value_loss           | 2.13e+05 |
--------------------------------------
-------------------------------------------
| rollout/                |               |
|    ep_len_mean          | 23.1          |
|    ep_rew_mean          | 737           |
| time/                   |               |
|    fps                  | 281           |
|    iterations           | 526           |
|    time_elapsed         | 955           |
|    total_timesteps      | 269312        |
| train/                  |               |
|    approx_kl            | 3.8417056e-09 |
|    clip_fraction        | 0             |
|    clip_range           | 0.2           |
|    entropy_loss         | -0.00438      |
|    explained_variance   | 0.238         |
|    learning_rate        | 0.0003        |
|    loss                 | 7.45e+04      |
|    n_updates            | 2625          |
|    policy_gradient_loss | -1.39e-06     |
|    value_loss           | 2.2e+05       |
-------------------------------------------
---------------------------------------
| rollout/                |           |
|    ep_len_mean          | 23.7      |
|    ep_rew_mean          | 752       |
| time/                   |           |
|    fps                  | 281       |
|    iterations           | 527       |
|    time_elapsed         | 957       |
|    total_timesteps      | 269824    |
| train/                  |           |
|    approx_kl            | 0.0       |
|    clip_fraction        | 0         |
|    clip_range           | 0.2       |
|    entropy_loss         | -0.00437  |
|    explained_variance   | 0.157     |
|    learning_rate        | 0.0003    |
|    loss                 | 1.15e+05  |
|    n_updates            | 2630      |
|    policy_gradient_loss | -4.66e-09 |
|    value_loss           | 1.95e+05  |
---------------------------------------
--------------------------------------
| rollout/                |          |
|    ep_len_mean          | 23.5     |
|    ep_rew_mean          | 736      |
| time/                   |          |
|    fps                  | 281      |
|    iterations           | 528      |
|    time_elapsed         | 959      |
|    total_timesteps      | 270336   |
| train/                  |          |
|    approx_kl            | 0.0      |
|    clip_fraction        | 0        |
|    clip_range           | 0.2      |
|    entropy_loss         | -0.00433 |
|    explained_variance   | -0.0697  |
|    learning_rate        | 0.0003   |
|    loss                 | 8.81e+04 |
|    n_updates            | 2635     |
|    policy_gradient_loss | 1.07e-08 |
|    value_loss           | 1.98e+05 |
--------------------------------------
-------------------------------------------
| rollout/                |               |
|    ep_len_mean          | 23.4          |
|    ep_rew_mean          | 693           |
| time/                   |               |
|    fps                  | 281           |
|    iterations           | 529           |
|    time_elapsed         | 961           |
|    total_timesteps      | 270848        |
| train/                  |               |
|    approx_kl            | 1.9441359e-08 |
|    clip_fraction        | 0             |
|    clip_range           | 0.2           |
|    entropy_loss         | -0.0044       |
|    explained_variance   | 0.0241        |
|    learning_rate        | 0.0003        |
|    loss                 | 8.08e+04      |
|    n_updates            | 2640          |
|    policy_gradient_loss | -5.5e-06      |
|    value_loss           | 1.25e+05      |
-------------------------------------------
---------------------------------------
| rollout/                |           |
|    ep_len_mean          | 23.2      |
|    ep_rew_mean          | 730       |
| time/                   |           |
|    fps                  | 281       |
|    iterations           | 530       |
|    time_elapsed         | 963       |
|    total_timesteps      | 271360    |
| train/                  |           |
|    approx_kl            | 0.0       |
|    clip_fraction        | 0         |
|    clip_range           | 0.2       |
|    entropy_loss         | -0.00434  |
|    explained_variance   | 0.127     |
|    learning_rate        | 0.0003    |
|    loss                 | 8.82e+04  |
|    n_updates            | 2645      |
|    policy_gradient_loss | -5.69e-09 |
|    value_loss           | 1.95e+05  |
---------------------------------------
-------------------------------------------
| rollout/                |               |
|    ep_len_mean          | 23.9          |
|    ep_rew_mean          | 735           |
| time/                   |               |
|    fps                  | 281           |
|    iterations           | 531           |
|    time_elapsed         | 964           |
|    total_timesteps      | 271872        |
| train/                  |               |
|    approx_kl            | 3.7252903e-09 |
|    clip_fraction        | 0             |
|    clip_range           | 0.2           |
|    entropy_loss         | -0.00435      |
|    explained_variance   | 0.21          |
|    learning_rate        | 0.0003        |
|    loss                 | 9.11e+04      |
|    n_updates            | 2650          |
|    policy_gradient_loss | -3.09e-06     |
|    value_loss           | 1.98e+05      |
-------------------------------------------
--------------------------------------
| rollout/                |          |
|    ep_len_mean          | 24.6     |
|    ep_rew_mean          | 582      |
| time/                   |          |
|    fps                  | 281      |
|    iterations           | 532      |
|    time_elapsed         | 966      |
|    total_timesteps      | 272384   |
| train/                  |          |
|    approx_kl            | 0.0      |
|    clip_fraction        | 0        |
|    clip_range           | 0.2      |
|    entropy_loss         | -0.00428 |
|    explained_variance   | 0.107    |
|    learning_rate        | 0.0003   |
|    loss                 | 9.26e+04 |
|    n_updates            | 2655     |
|    policy_gradient_loss | 4.57e-08 |
|    value_loss           | 1.87e+05 |
--------------------------------------
--------------------------------------
| rollout/                |          |
|    ep_len_mean          | 24.7     |
|    ep_rew_mean          | 559      |
| time/                   |          |
|    fps                  | 281      |
|    iterations           | 533      |
|    time_elapsed         | 968      |
|    total_timesteps      | 272896   |
| train/                  |          |
|    approx_kl            | 0.0      |
|    clip_fraction        | 0        |
|    clip_range           | 0.2      |
|    entropy_loss         | -0.00423 |
|    explained_variance   | 0.367    |
|    learning_rate        | 0.0003   |
|    loss                 | 1.52e+05 |
|    n_updates            | 2660     |
|    policy_gradient_loss | 7.22e-10 |
|    value_loss           | 3.54e+05 |
--------------------------------------
------------------------------------------
| rollout/                |              |
|    ep_len_mean          | 25.2         |
|    ep_rew_mean          | 492          |
| time/                   |              |
|    fps                  | 281          |
|    iterations           | 534          |
|    time_elapsed         | 970          |
|    total_timesteps      | 273408       |
| train/                  |              |
|    approx_kl            | 7.799827e-09 |
|    clip_fraction        | 0            |
|    clip_range           | 0.2          |
|    entropy_loss         | -0.00436     |
|    explained_variance   | 0.155        |
|    learning_rate        | 0.0003       |
|    loss                 | 6.11e+04     |
|    n_updates            | 2665         |
|    policy_gradient_loss | -3.51e-06    |
|    value_loss           | 1.68e+05     |
------------------------------------------
--------------------------------------
| rollout/                |          |
|    ep_len_mean          | 24.7     |
|    ep_rew_mean          | 430      |
| time/                   |          |
|    fps                  | 281      |
|    iterations           | 535      |
|    time_elapsed         | 972      |
|    total_timesteps      | 273920   |
| train/                  |          |
|    approx_kl            | 0.0      |
|    clip_fraction        | 0        |
|    clip_range           | 0.2      |
|    entropy_loss         | -0.00434 |
|    explained_variance   | 0.167    |
|    learning_rate        | 0.0003   |
|    loss                 | 1.33e+05 |
|    n_updates            | 2670     |
|    policy_gradient_loss | 6.12e-08 |
|    value_loss           | 2.45e+05 |
--------------------------------------
-------------------------------------------
| rollout/                |               |
|    ep_len_mean          | 24.7          |
|    ep_rew_mean          | 392           |
| time/                   |               |
|    fps                  | 281           |
|    iterations           | 536           |
|    time_elapsed         | 973           |
|    total_timesteps      | 274432        |
| train/                  |               |
|    approx_kl            | 1.2805685e-09 |
|    clip_fraction        | 0             |
|    clip_range           | 0.2           |
|    entropy_loss         | -0.00429      |
|    explained_variance   | 0.143         |
|    learning_rate        | 0.0003        |
|    loss                 | 6.63e+04      |
|    n_updates            | 2675          |
|    policy_gradient_loss | -1.32e-06     |
|    value_loss           | 1.33e+05      |
-------------------------------------------
--------------------------------------
| rollout/                |          |
|    ep_len_mean          | 24.6     |
|    ep_rew_mean          | 471      |
| time/                   |          |
|    fps                  | 281      |
|    iterations           | 537      |
|    time_elapsed         | 975      |
|    total_timesteps      | 274944   |
| train/                  |          |
|    approx_kl            | 0.0      |
|    clip_fraction        | 0        |
|    clip_range           | 0.2      |
|    entropy_loss         | -0.00425 |
|    explained_variance   | 0.335    |
|    learning_rate        | 0.0003   |
|    loss                 | 1.66e+05 |
|    n_updates            | 2680     |
|    policy_gradient_loss | 2.44e-09 |
|    value_loss           | 2.58e+05 |
--------------------------------------
---------------------------------------
| rollout/                |           |
|    ep_len_mean          | 25.1      |
|    ep_rew_mean          | 528       |
| time/                   |           |
|    fps                  | 281       |
|    iterations           | 538       |
|    time_elapsed         | 977       |
|    total_timesteps      | 275456    |
| train/                  |           |
|    approx_kl            | 0.0       |
|    clip_fraction        | 0         |
|    clip_range           | 0.2       |
|    entropy_loss         | -0.00427  |
|    explained_variance   | 0.00675   |
|    learning_rate        | 0.0003    |
|    loss                 | 9.15e+04  |
|    n_updates            | 2685      |
|    policy_gradient_loss | -2.58e-09 |
|    value_loss           | 1.8e+05   |
---------------------------------------
--------------------------------------
| rollout/                |          |
|    ep_len_mean          | 24.3     |
|    ep_rew_mean          | 517      |
| time/                   |          |
|    fps                  | 281      |
|    iterations           | 539      |
|    time_elapsed         | 978      |
|    total_timesteps      | 275968   |
| train/                  |          |
|    approx_kl            | 0.0      |
|    clip_fraction        | 0        |
|    clip_range           | 0.2      |
|    entropy_loss         | -0.00432 |
|    explained_variance   | -0.0013  |
|    learning_rate        | 0.0003   |
|    loss                 | 6.48e+04 |
|    n_updates            | 2690     |
|    policy_gradient_loss | -4.4e-09 |
|    value_loss           | 1.3e+05  |
--------------------------------------
--------------------------------------------
| rollout/                |                |
|    ep_len_mean          | 24.3           |
|    ep_rew_mean          | 568            |
| time/                   |                |
|    fps                  | 281            |
|    iterations           | 540            |
|    time_elapsed         | 980            |
|    total_timesteps      | 276480         |
| train/                  |                |
|    approx_kl            | -3.8417056e-09 |
|    clip_fraction        | 0              |
|    clip_range           | 0.2            |
|    entropy_loss         | -0.00429       |
|    explained_variance   | -0.00285       |
|    learning_rate        | 0.0003         |
|    loss                 | 1.13e+05       |
|    n_updates            | 2695           |
|    policy_gradient_loss | -7.85e-09      |
|    value_loss           | 2.1e+05        |
--------------------------------------------
---------------------------------------
| rollout/                |           |
|    ep_len_mean          | 22.7      |
|    ep_rew_mean          | 732       |
| time/                   |           |
|    fps                  | 281       |
|    iterations           | 541       |
|    time_elapsed         | 982       |
|    total_timesteps      | 276992    |
| train/                  |           |
|    approx_kl            | 0.0       |
|    clip_fraction        | 0         |
|    clip_range           | 0.2       |
|    entropy_loss         | -0.00435  |
|    explained_variance   | -0.00236  |
|    learning_rate        | 0.0003    |
|    loss                 | 7.1e+04   |
|    n_updates            | 2700      |
|    policy_gradient_loss | -6.31e-09 |
|    value_loss           | 1.22e+05  |
---------------------------------------
-------------------------------------------
| rollout/                |               |
|    ep_len_mean          | 22.8          |
|    ep_rew_mean          | 756           |
| time/                   |               |
|    fps                  | 281           |
|    iterations           | 542           |
|    time_elapsed         | 984           |
|    total_timesteps      | 277504        |
| train/                  |               |
|    approx_kl            | 1.4405232e-06 |
|    clip_fraction        | 0             |
|    clip_range           | 0.2           |
|    entropy_loss         | -0.00446      |
|    explained_variance   | 0.053         |
|    learning_rate        | 0.0003        |
|    loss                 | 7.56e+04      |
|    n_updates            | 2705          |
|    policy_gradient_loss | -3.53e-05     |
|    value_loss           | 1.73e+05      |
-------------------------------------------
--------------------------------------
| rollout/                |          |
|    ep_len_mean          | 23       |
|    ep_rew_mean          | 806      |
| time/                   |          |
|    fps                  | 281      |
|    iterations           | 543      |
|    time_elapsed         | 986      |
|    total_timesteps      | 278016   |
| train/                  |          |
|    approx_kl            | 0.0      |
|    clip_fraction        | 0        |
|    clip_range           | 0.2      |
|    entropy_loss         | -0.00432 |
|    explained_variance   | 0.00924  |
|    learning_rate        | 0.0003   |
|    loss                 | 7.78e+04 |
|    n_updates            | 2710     |
|    policy_gradient_loss | 1.44e-08 |
|    value_loss           | 1.47e+05 |
--------------------------------------
--------------------------------------
| rollout/                |          |
|    ep_len_mean          | 23.4     |
|    ep_rew_mean          | 681      |
| time/                   |          |
|    fps                  | 281      |
|    iterations           | 544      |
|    time_elapsed         | 988      |
|    total_timesteps      | 278528   |
| train/                  |          |
|    approx_kl            | 0.0      |
|    clip_fraction        | 0        |
|    clip_range           | 0.2      |
|    entropy_loss         | -0.0042  |
|    explained_variance   | 0.0267   |
|    learning_rate        | 0.0003   |
|    loss                 | 7.4e+04  |
|    n_updates            | 2715     |
|    policy_gradient_loss | 7.19e-09 |
|    value_loss           | 1.56e+05 |
--------------------------------------
---------------------------------------
| rollout/                |           |
|    ep_len_mean          | 23.9      |
|    ep_rew_mean          | 528       |
| time/                   |           |
|    fps                  | 281       |
|    iterations           | 545       |
|    time_elapsed         | 990       |
|    total_timesteps      | 279040    |
| train/                  |           |
|    approx_kl            | 0.0       |
|    clip_fraction        | 0         |
|    clip_range           | 0.2       |
|    entropy_loss         | -0.00419  |
|    explained_variance   | 0.254     |
|    learning_rate        | 0.0003    |
|    loss                 | 9.66e+04  |
|    n_updates            | 2720      |
|    policy_gradient_loss | -5.84e-09 |
|    value_loss           | 1.9e+05   |
---------------------------------------
---------------------------------------
| rollout/                |           |
|    ep_len_mean          | 24.8      |
|    ep_rew_mean          | 550       |
| time/                   |           |
|    fps                  | 281       |
|    iterations           | 546       |
|    time_elapsed         | 991       |
|    total_timesteps      | 279552    |
| train/                  |           |
|    approx_kl            | 0.0       |
|    clip_fraction        | 0         |
|    clip_range           | 0.2       |
|    entropy_loss         | -0.00426  |
|    explained_variance   | 0.339     |
|    learning_rate        | 0.0003    |
|    loss                 | 1.46e+05  |
|    n_updates            | 2725      |
|    policy_gradient_loss | -9.15e-09 |
|    value_loss           | 3.03e+05  |
---------------------------------------
--------------------------------------
| rollout/                |          |
|    ep_len_mean          | 25.6     |
|    ep_rew_mean          | 436      |
| time/                   |          |
|    fps                  | 281      |
|    iterations           | 547      |
|    time_elapsed         | 993      |
|    total_timesteps      | 280064   |
| train/                  |          |
|    approx_kl            | 0.0      |
|    clip_fraction        | 0        |
|    clip_range           | 0.2      |
|    entropy_loss         | -0.00418 |
|    explained_variance   | -0.0296  |
|    learning_rate        | 0.0003   |
|    loss                 | 4.64e+04 |
|    n_updates            | 2730     |
|    policy_gradient_loss | 1.14e-08 |
|    value_loss           | 1.69e+05 |
--------------------------------------
---------------------------------------
| rollout/                |           |
|    ep_len_mean          | 26.3      |
|    ep_rew_mean          | 408       |
| time/                   |           |
|    fps                  | 281       |
|    iterations           | 548       |
|    time_elapsed         | 995       |
|    total_timesteps      | 280576    |
| train/                  |           |
|    approx_kl            | 0.0       |
|    clip_fraction        | 0         |
|    clip_range           | 0.2       |
|    entropy_loss         | -0.0042   |
|    explained_variance   | 0.236     |
|    learning_rate        | 0.0003    |
|    loss                 | 1.29e+05  |
|    n_updates            | 2735      |
|    policy_gradient_loss | -9.31e-11 |
|    value_loss           | 2.77e+05  |
---------------------------------------
--------------------------------------
| rollout/                |          |
|    ep_len_mean          | 26.2     |
|    ep_rew_mean          | 534      |
| time/                   |          |
|    fps                  | 281      |
|    iterations           | 549      |
|    time_elapsed         | 997      |
|    total_timesteps      | 281088   |
| train/                  |          |
|    approx_kl            | 0.0      |
|    clip_fraction        | 0        |
|    clip_range           | 0.2      |
|    entropy_loss         | -0.00424 |
|    explained_variance   | 0.115    |
|    learning_rate        | 0.0003   |
|    loss                 | 1.05e+05 |
|    n_updates            | 2740     |
|    policy_gradient_loss | 7.47e-09 |
|    value_loss           | 2.4e+05  |
--------------------------------------
---------------------------------------
| rollout/                |           |
|    ep_len_mean          | 25.6      |
|    ep_rew_mean          | 634       |
| time/                   |           |
|    fps                  | 281       |
|    iterations           | 550       |
|    time_elapsed         | 998       |
|    total_timesteps      | 281600    |
| train/                  |           |
|    approx_kl            | 0.0       |
|    clip_fraction        | 0         |
|    clip_range           | 0.2       |
|    entropy_loss         | -0.00412  |
|    explained_variance   | 0.177     |
|    learning_rate        | 0.0003    |
|    loss                 | 9.99e+04  |
|    n_updates            | 2745      |
|    policy_gradient_loss | -9.78e-10 |
|    value_loss           | 1.79e+05  |
---------------------------------------
--------------------------------------
| rollout/                |          |
|    ep_len_mean          | 25.3     |
|    ep_rew_mean          | 518      |
| time/                   |          |
|    fps                  | 281      |
|    iterations           | 551      |
|    time_elapsed         | 1000     |
|    total_timesteps      | 282112   |
| train/                  |          |
|    approx_kl            | 0.0      |
|    clip_fraction        | 0        |
|    clip_range           | 0.2      |
|    entropy_loss         | -0.00416 |
|    explained_variance   | 0.111    |
|    learning_rate        | 0.0003   |
|    loss                 | 5.68e+04 |
|    n_updates            | 2750     |
|    policy_gradient_loss | 6.98e-10 |
|    value_loss           | 1.51e+05 |
--------------------------------------
--------------------------------------
| rollout/                |          |
|    ep_len_mean          | 24.2     |
|    ep_rew_mean          | 570      |
| time/                   |          |
|    fps                  | 281      |
|    iterations           | 552      |
|    time_elapsed         | 1002     |
|    total_timesteps      | 282624   |
| train/                  |          |
|    approx_kl            | 0.0      |
|    clip_fraction        | 0        |
|    clip_range           | 0.2      |
|    entropy_loss         | -0.00409 |
|    explained_variance   | 0.309    |
|    learning_rate        | 0.0003   |
|    loss                 | 1.54e+05 |
|    n_updates            | 2755     |
|    policy_gradient_loss | 2.26e-09 |
|    value_loss           | 2.89e+05 |
--------------------------------------
--------------------------------------
| rollout/                |          |
|    ep_len_mean          | 24.3     |
|    ep_rew_mean          | 591      |
| time/                   |          |
|    fps                  | 281      |
|    iterations           | 553      |
|    time_elapsed         | 1004     |
|    total_timesteps      | 283136   |
| train/                  |          |
|    approx_kl            | 0.0      |
|    clip_fraction        | 0        |
|    clip_range           | 0.2      |
|    entropy_loss         | -0.00426 |
|    explained_variance   | 0.0516   |
|    learning_rate        | 0.0003   |
|    loss                 | 8.78e+04 |
|    n_updates            | 2760     |
|    policy_gradient_loss | 1.44e-09 |
|    value_loss           | 1.57e+05 |
--------------------------------------
--------------------------------------
| rollout/                |          |
|    ep_len_mean          | 23.8     |
|    ep_rew_mean          | 554      |
| time/                   |          |
|    fps                  | 282      |
|    iterations           | 554      |
|    time_elapsed         | 1005     |
|    total_timesteps      | 283648   |
| train/                  |          |
|    approx_kl            | 0.0      |
|    clip_fraction        | 0        |
|    clip_range           | 0.2      |
|    entropy_loss         | -0.00412 |
|    explained_variance   | 0.296    |
|    learning_rate        | 0.0003   |
|    loss                 | 1.06e+05 |
|    n_updates            | 2765     |
|    policy_gradient_loss | 9.31e-10 |
|    value_loss           | 2.48e+05 |
--------------------------------------
-------------------------------------------
| rollout/                |               |
|    ep_len_mean          | 23.5          |
|    ep_rew_mean          | 643           |
| time/                   |               |
|    fps                  | 281           |
|    iterations           | 555           |
|    time_elapsed         | 1008          |
|    total_timesteps      | 284160        |
| train/                  |               |
|    approx_kl            | 6.9849193e-10 |
|    clip_fraction        | 0             |
|    clip_range           | 0.2           |
|    entropy_loss         | -0.00408      |
|    explained_variance   | 0.255         |
|    learning_rate        | 0.0003        |
|    loss                 | 8.51e+04      |
|    n_updates            | 2770          |
|    policy_gradient_loss | -5.82e-07     |
|    value_loss           | 1.67e+05      |
-------------------------------------------
---------------------------------------
| rollout/                |           |
|    ep_len_mean          | 23.5      |
|    ep_rew_mean          | 615       |
| time/                   |           |
|    fps                  | 281       |
|    iterations           | 556       |
|    time_elapsed         | 1010      |
|    total_timesteps      | 284672    |
| train/                  |           |
|    approx_kl            | 0.0       |
|    clip_fraction        | 0         |
|    clip_range           | 0.2       |
|    entropy_loss         | -0.00422  |
|    explained_variance   | 0.166     |
|    learning_rate        | 0.0003    |
|    loss                 | 9.49e+04  |
|    n_updates            | 2775      |
|    policy_gradient_loss | -5.17e-09 |
|    value_loss           | 1.53e+05  |
---------------------------------------
---------------------------------------
| rollout/                |           |
|    ep_len_mean          | 23.4      |
|    ep_rew_mean          | 644       |
| time/                   |           |
|    fps                  | 281       |
|    iterations           | 557       |
|    time_elapsed         | 1011      |
|    total_timesteps      | 285184    |
| train/                  |           |
|    approx_kl            | 0.0       |
|    clip_fraction        | 0         |
|    clip_range           | 0.2       |
|    entropy_loss         | -0.00422  |
|    explained_variance   | 0.141     |
|    learning_rate        | 0.0003    |
|    loss                 | 8.27e+04  |
|    n_updates            | 2780      |
|    policy_gradient_loss | -9.31e-10 |
|    value_loss           | 1.76e+05  |
---------------------------------------
------------------------------------------
| rollout/                |              |
|    ep_len_mean          | 23.7         |
|    ep_rew_mean          | 592          |
| time/                   |              |
|    fps                  | 281          |
|    iterations           | 558          |
|    time_elapsed         | 1014         |
|    total_timesteps      | 285696       |
| train/                  |              |
|    approx_kl            | 5.005859e-09 |
|    clip_fraction        | 0            |
|    clip_range           | 0.2          |
|    entropy_loss         | -0.00408     |
|    explained_variance   | 0.173        |
|    learning_rate        | 0.0003       |
|    loss                 | 8.85e+04     |
|    n_updates            | 2785         |
|    policy_gradient_loss | -2.26e-06    |
|    value_loss           | 1.84e+05     |
------------------------------------------
---------------------------------------
| rollout/                |           |
|    ep_len_mean          | 24.7      |
|    ep_rew_mean          | 633       |
| time/                   |           |
|    fps                  | 281       |
|    iterations           | 559       |
|    time_elapsed         | 1016      |
|    total_timesteps      | 286208    |
| train/                  |           |
|    approx_kl            | 0.0       |
|    clip_fraction        | 0         |
|    clip_range           | 0.2       |
|    entropy_loss         | -0.00409  |
|    explained_variance   | 0.356     |
|    learning_rate        | 0.0003    |
|    loss                 | 1.74e+05  |
|    n_updates            | 2790      |
|    policy_gradient_loss | -1.15e-08 |
|    value_loss           | 2.62e+05  |
---------------------------------------
--------------------------------------
| rollout/                |          |
|    ep_len_mean          | 25.3     |
|    ep_rew_mean          | 489      |
| time/                   |          |
|    fps                  | 281      |
|    iterations           | 560      |
|    time_elapsed         | 1017     |
|    total_timesteps      | 286720   |
| train/                  |          |
|    approx_kl            | 0.0      |
|    clip_fraction        | 0        |
|    clip_range           | 0.2      |
|    entropy_loss         | -0.0041  |
|    explained_variance   | 0.0271   |
|    learning_rate        | 0.0003   |
|    loss                 | 7.68e+04 |
|    n_updates            | 2795     |
|    policy_gradient_loss | 2.51e-09 |
|    value_loss           | 1.73e+05 |
--------------------------------------
--------------------------------------
| rollout/                |          |
|    ep_len_mean          | 24.9     |
|    ep_rew_mean          | 590      |
| time/                   |          |
|    fps                  | 281      |
|    iterations           | 561      |
|    time_elapsed         | 1020     |
|    total_timesteps      | 287232   |
| train/                  |          |
|    approx_kl            | 0.0      |
|    clip_fraction        | 0        |
|    clip_range           | 0.2      |
|    entropy_loss         | -0.00418 |
|    explained_variance   | 0.314    |
|    learning_rate        | 0.0003   |
|    loss                 | 1.83e+05 |
|    n_updates            | 2800     |
|    policy_gradient_loss | -1.4e-10 |
|    value_loss           | 3.46e+05 |
--------------------------------------
--------------------------------------
| rollout/                |          |
|    ep_len_mean          | 25.1     |
|    ep_rew_mean          | 653      |
| time/                   |          |
|    fps                  | 281      |
|    iterations           | 562      |
|    time_elapsed         | 1021     |
|    total_timesteps      | 287744   |
| train/                  |          |
|    approx_kl            | 0.0      |
|    clip_fraction        | 0        |
|    clip_range           | 0.2      |
|    entropy_loss         | -0.00422 |
|    explained_variance   | 0.368    |
|    learning_rate        | 0.0003   |
|    loss                 | 7.45e+04 |
|    n_updates            | 2805     |
|    policy_gradient_loss | 8.27e-09 |
|    value_loss           | 1.49e+05 |
--------------------------------------
--------------------------------------
| rollout/                |          |
|    ep_len_mean          | 25.3     |
|    ep_rew_mean          | 544      |
| time/                   |          |
|    fps                  | 281      |
|    iterations           | 563      |
|    time_elapsed         | 1023     |
|    total_timesteps      | 288256   |
| train/                  |          |
|    approx_kl            | 0.0      |
|    clip_fraction        | 0        |
|    clip_range           | 0.2      |
|    entropy_loss         | -0.00408 |
|    explained_variance   | 0.282    |
|    learning_rate        | 0.0003   |
|    loss                 | 1.09e+05 |
|    n_updates            | 2810     |
|    policy_gradient_loss | 6.5e-09  |
|    value_loss           | 2.4e+05  |
--------------------------------------
--------------------------------------
| rollout/                |          |
|    ep_len_mean          | 25.7     |
|    ep_rew_mean          | 484      |
| time/                   |          |
|    fps                  | 281      |
|    iterations           | 564      |
|    time_elapsed         | 1025     |
|    total_timesteps      | 288768   |
| train/                  |          |
|    approx_kl            | 0.0      |
|    clip_fraction        | 0        |
|    clip_range           | 0.2      |
|    entropy_loss         | -0.00415 |
|    explained_variance   | 0.337    |
|    learning_rate        | 0.0003   |
|    loss                 | 1.39e+05 |
|    n_updates            | 2815     |
|    policy_gradient_loss | 4.12e-09 |
|    value_loss           | 2.5e+05  |
--------------------------------------
------------------------------------------
| rollout/                |              |
|    ep_len_mean          | 25.4         |
|    ep_rew_mean          | 615          |
| time/                   |              |
|    fps                  | 281          |
|    iterations           | 565          |
|    time_elapsed         | 1027         |
|    total_timesteps      | 289280       |
| train/                  |              |
|    approx_kl            | 2.081506e-07 |
|    clip_fraction        | 0            |
|    clip_range           | 0.2          |
|    entropy_loss         | -0.00415     |
|    explained_variance   | 0.128        |
|    learning_rate        | 0.0003       |
|    loss                 | 6.83e+04     |
|    n_updates            | 2820         |
|    policy_gradient_loss | -2.39e-05    |
|    value_loss           | 1.3e+05      |
------------------------------------------
--------------------------------------
| rollout/                |          |
|    ep_len_mean          | 25.7     |
|    ep_rew_mean          | 580      |
| time/                   |          |
|    fps                  | 281      |
|    iterations           | 566      |
|    time_elapsed         | 1028     |
|    total_timesteps      | 289792   |
| train/                  |          |
|    approx_kl            | 0.0      |
|    clip_fraction        | 0        |
|    clip_range           | 0.2      |
|    entropy_loss         | -0.00417 |
|    explained_variance   | 0.0898   |
|    learning_rate        | 0.0003   |
|    loss                 | 5.03e+04 |
|    n_updates            | 2825     |
|    policy_gradient_loss | 1.52e-08 |
|    value_loss           | 1.39e+05 |
--------------------------------------
--------------------------------------
| rollout/                |          |
|    ep_len_mean          | 25.2     |
|    ep_rew_mean          | 525      |
| time/                   |          |
|    fps                  | 281      |
|    iterations           | 567      |
|    time_elapsed         | 1030     |
|    total_timesteps      | 290304   |
| train/                  |          |
|    approx_kl            | 0.0      |
|    clip_fraction        | 0        |
|    clip_range           | 0.2      |
|    entropy_loss         | -0.0041  |
|    explained_variance   | 0.154    |
|    learning_rate        | 0.0003   |
|    loss                 | 9.97e+04 |
|    n_updates            | 2830     |
|    policy_gradient_loss | 6.29e-10 |
|    value_loss           | 2.17e+05 |
--------------------------------------
---------------------------------------
| rollout/                |           |
|    ep_len_mean          | 24.3      |
|    ep_rew_mean          | 670       |
| time/                   |           |
|    fps                  | 281       |
|    iterations           | 568       |
|    time_elapsed         | 1032      |
|    total_timesteps      | 290816    |
| train/                  |           |
|    approx_kl            | 0.0       |
|    clip_fraction        | 0         |
|    clip_range           | 0.2       |
|    entropy_loss         | -0.00417  |
|    explained_variance   | 0.054     |
|    learning_rate        | 0.0003    |
|    loss                 | 1.21e+05  |
|    n_updates            | 2835      |
|    policy_gradient_loss | -1.75e-09 |
|    value_loss           | 2.14e+05  |
---------------------------------------
--------------------------------------
| rollout/                |          |
|    ep_len_mean          | 23.5     |
|    ep_rew_mean          | 633      |
| time/                   |          |
|    fps                  | 281      |
|    iterations           | 569      |
|    time_elapsed         | 1034     |
|    total_timesteps      | 291328   |
| train/                  |          |
|    approx_kl            | 0.0      |
|    clip_fraction        | 0        |
|    clip_range           | 0.2      |
|    entropy_loss         | -0.00402 |
|    explained_variance   | 0.0932   |
|    learning_rate        | 0.0003   |
|    loss                 | 1.02e+05 |
|    n_updates            | 2840     |
|    policy_gradient_loss | 4.14e-09 |
|    value_loss           | 1.96e+05 |
--------------------------------------
---------------------------------------
| rollout/                |           |
|    ep_len_mean          | 24        |
|    ep_rew_mean          | 609       |
| time/                   |           |
|    fps                  | 281       |
|    iterations           | 570       |
|    time_elapsed         | 1036      |
|    total_timesteps      | 291840    |
| train/                  |           |
|    approx_kl            | 0.0       |
|    clip_fraction        | 0         |
|    clip_range           | 0.2       |
|    entropy_loss         | -0.00411  |
|    explained_variance   | 0.0888    |
|    learning_rate        | 0.0003    |
|    loss                 | 7.18e+04  |
|    n_updates            | 2845      |
|    policy_gradient_loss | -2.89e-09 |
|    value_loss           | 1.91e+05  |
---------------------------------------
--------------------------------------
| rollout/                |          |
|    ep_len_mean          | 24.1     |
|    ep_rew_mean          | 641      |
| time/                   |          |
|    fps                  | 281      |
|    iterations           | 571      |
|    time_elapsed         | 1037     |
|    total_timesteps      | 292352   |
| train/                  |          |
|    approx_kl            | 0.0      |
|    clip_fraction        | 0        |
|    clip_range           | 0.2      |
|    entropy_loss         | -0.00414 |
|    explained_variance   | 0.218    |
|    learning_rate        | 0.0003   |
|    loss                 | 1.41e+05 |
|    n_updates            | 2850     |
|    policy_gradient_loss | 2.54e-09 |
|    value_loss           | 2.45e+05 |
--------------------------------------
--------------------------------------
| rollout/                |          |
|    ep_len_mean          | 24.1     |
|    ep_rew_mean          | 602      |
| time/                   |          |
|    fps                  | 281      |
|    iterations           | 572      |
|    time_elapsed         | 1039     |
|    total_timesteps      | 292864   |
| train/                  |          |
|    approx_kl            | 0.0      |
|    clip_fraction        | 0        |
|    clip_range           | 0.2      |
|    entropy_loss         | -0.0042  |
|    explained_variance   | 0.0315   |
|    learning_rate        | 0.0003   |
|    loss                 | 7.97e+04 |
|    n_updates            | 2855     |
|    policy_gradient_loss | 7.68e-10 |
|    value_loss           | 1.29e+05 |
--------------------------------------
---------------------------------------
| rollout/                |           |
|    ep_len_mean          | 24.1      |
|    ep_rew_mean          | 622       |
| time/                   |           |
|    fps                  | 281       |
|    iterations           | 573       |
|    time_elapsed         | 1041      |
|    total_timesteps      | 293376    |
| train/                  |           |
|    approx_kl            | 0.0       |
|    clip_fraction        | 0         |
|    clip_range           | 0.2       |
|    entropy_loss         | -0.0041   |
|    explained_variance   | 0.201     |
|    learning_rate        | 0.0003    |
|    loss                 | 9.86e+04  |
|    n_updates            | 2860      |
|    policy_gradient_loss | -2.37e-09 |
|    value_loss           | 1.96e+05  |
---------------------------------------
--------------------------------------
| rollout/                |          |
|    ep_len_mean          | 24.5     |
|    ep_rew_mean          | 589      |
| time/                   |          |
|    fps                  | 281      |
|    iterations           | 574      |
|    time_elapsed         | 1043     |
|    total_timesteps      | 293888   |
| train/                  |          |
|    approx_kl            | 0.0      |
|    clip_fraction        | 0        |
|    clip_range           | 0.2      |
|    entropy_loss         | -0.00401 |
|    explained_variance   | 0.351    |
|    learning_rate        | 0.0003   |
|    loss                 | 5.4e+04  |
|    n_updates            | 2865     |
|    policy_gradient_loss | -1.3e-09 |
|    value_loss           | 1.42e+05 |
--------------------------------------
---------------------------------------
| rollout/                |           |
|    ep_len_mean          | 24.2      |
|    ep_rew_mean          | 640       |
| time/                   |           |
|    fps                  | 281       |
|    iterations           | 575       |
|    time_elapsed         | 1044      |
|    total_timesteps      | 294400    |
| train/                  |           |
|    approx_kl            | 0.0       |
|    clip_fraction        | 0         |
|    clip_range           | 0.2       |
|    entropy_loss         | -0.00418  |
|    explained_variance   | 0.00174   |
|    learning_rate        | 0.0003    |
|    loss                 | 9.38e+04  |
|    n_updates            | 2870      |
|    policy_gradient_loss | -1.96e-09 |
|    value_loss           | 1.92e+05  |
---------------------------------------
--------------------------------------
| rollout/                |          |
|    ep_len_mean          | 24.4     |
|    ep_rew_mean          | 624      |
| time/                   |          |
|    fps                  | 281      |
|    iterations           | 576      |
|    time_elapsed         | 1046     |
|    total_timesteps      | 294912   |
| train/                  |          |
|    approx_kl            | 0.0      |
|    clip_fraction        | 0        |
|    clip_range           | 0.2      |
|    entropy_loss         | -0.00407 |
|    explained_variance   | 0.161    |
|    learning_rate        | 0.0003   |
|    loss                 | 9.78e+04 |
|    n_updates            | 2875     |
|    policy_gradient_loss | 1.82e-09 |
|    value_loss           | 1.89e+05 |
--------------------------------------
--------------------------------------
| rollout/                |          |
|    ep_len_mean          | 23.5     |
|    ep_rew_mean          | 611      |
| time/                   |          |
|    fps                  | 281      |
|    iterations           | 577      |
|    time_elapsed         | 1048     |
|    total_timesteps      | 295424   |
| train/                  |          |
|    approx_kl            | 0.0      |
|    clip_fraction        | 0        |
|    clip_range           | 0.2      |
|    entropy_loss         | -0.00412 |
|    explained_variance   | 0.305    |
|    learning_rate        | 0.0003   |
|    loss                 | 8.64e+04 |
|    n_updates            | 2880     |
|    policy_gradient_loss | -2.1e-09 |
|    value_loss           | 1.73e+05 |
--------------------------------------
--------------------------------------
| rollout/                |          |
|    ep_len_mean          | 23.6     |
|    ep_rew_mean          | 538      |
| time/                   |          |
|    fps                  | 281      |
|    iterations           | 578      |
|    time_elapsed         | 1049     |
|    total_timesteps      | 295936   |
| train/                  |          |
|    approx_kl            | 0.0      |
|    clip_fraction        | 0        |
|    clip_range           | 0.2      |
|    entropy_loss         | -0.00413 |
|    explained_variance   | 0.215    |
|    learning_rate        | 0.0003   |
|    loss                 | 5.68e+04 |
|    n_updates            | 2885     |
|    policy_gradient_loss | 3.21e-09 |
|    value_loss           | 1.3e+05  |
--------------------------------------
---------------------------------------
| rollout/                |           |
|    ep_len_mean          | 23.3      |
|    ep_rew_mean          | 472       |
| time/                   |           |
|    fps                  | 281       |
|    iterations           | 579       |
|    time_elapsed         | 1051      |
|    total_timesteps      | 296448    |
| train/                  |           |
|    approx_kl            | 0.0       |
|    clip_fraction        | 0         |
|    clip_range           | 0.2       |
|    entropy_loss         | -0.00422  |
|    explained_variance   | 0.255     |
|    learning_rate        | 0.0003    |
|    loss                 | 1.21e+05  |
|    n_updates            | 2890      |
|    policy_gradient_loss | -6.98e-10 |
|    value_loss           | 2.08e+05  |
---------------------------------------
-------------------------------------------
| rollout/                |               |
|    ep_len_mean          | 24.4          |
|    ep_rew_mean          | 483           |
| time/                   |               |
|    fps                  | 281           |
|    iterations           | 580           |
|    time_elapsed         | 1053          |
|    total_timesteps      | 296960        |
| train/                  |               |
|    approx_kl            | 2.3283064e-10 |
|    clip_fraction        | 0             |
|    clip_range           | 0.2           |
|    entropy_loss         | -0.00411      |
|    explained_variance   | 0.386         |
|    learning_rate        | 0.0003        |
|    loss                 | 7.52e+04      |
|    n_updates            | 2895          |
|    policy_gradient_loss | -1.71e-07     |
|    value_loss           | 2.08e+05      |
-------------------------------------------
--------------------------------------
| rollout/                |          |
|    ep_len_mean          | 23.8     |
|    ep_rew_mean          | 574      |
| time/                   |          |
|    fps                  | 281      |
|    iterations           | 581      |
|    time_elapsed         | 1055     |
|    total_timesteps      | 297472   |
| train/                  |          |
|    approx_kl            | 0.0      |
|    clip_fraction        | 0        |
|    clip_range           | 0.2      |
|    entropy_loss         | -0.00413 |
|    explained_variance   | 0.3      |
|    learning_rate        | 0.0003   |
|    loss                 | 1.12e+05 |
|    n_updates            | 2900     |
|    policy_gradient_loss | 3.73e-10 |
|    value_loss           | 2.28e+05 |
--------------------------------------
--------------------------------------
| rollout/                |          |
|    ep_len_mean          | 23.8     |
|    ep_rew_mean          | 571      |
| time/                   |          |
|    fps                  | 281      |
|    iterations           | 582      |
|    time_elapsed         | 1057     |
|    total_timesteps      | 297984   |
| train/                  |          |
|    approx_kl            | 0.0      |
|    clip_fraction        | 0        |
|    clip_range           | 0.2      |
|    entropy_loss         | -0.00408 |
|    explained_variance   | 0.136    |
|    learning_rate        | 0.0003   |
|    loss                 | 7.14e+04 |
|    n_updates            | 2905     |
|    policy_gradient_loss | -3.8e-09 |
|    value_loss           | 1.26e+05 |
--------------------------------------
---------------------------------------
| rollout/                |           |
|    ep_len_mean          | 23.5      |
|    ep_rew_mean          | 612       |
| time/                   |           |
|    fps                  | 281       |
|    iterations           | 583       |
|    time_elapsed         | 1059      |
|    total_timesteps      | 298496    |
| train/                  |           |
|    approx_kl            | 0.0       |
|    clip_fraction        | 0         |
|    clip_range           | 0.2       |
|    entropy_loss         | -0.00419  |
|    explained_variance   | 0.24      |
|    learning_rate        | 0.0003    |
|    loss                 | 9.58e+04  |
|    n_updates            | 2910      |
|    policy_gradient_loss | -1.63e-09 |
|    value_loss           | 1.84e+05  |
---------------------------------------
--------------------------------------
| rollout/                |          |
|    ep_len_mean          | 22.9     |
|    ep_rew_mean          | 650      |
| time/                   |          |
|    fps                  | 281      |
|    iterations           | 584      |
|    time_elapsed         | 1060     |
|    total_timesteps      | 299008   |
| train/                  |          |
|    approx_kl            | 0.0      |
|    clip_fraction        | 0        |
|    clip_range           | 0.2      |
|    entropy_loss         | -0.00407 |
|    explained_variance   | 0.387    |
|    learning_rate        | 0.0003   |
|    loss                 | 1.55e+05 |
|    n_updates            | 2915     |
|    policy_gradient_loss | 1.63e-10 |
|    value_loss           | 2.79e+05 |
--------------------------------------
--------------------------------------
| rollout/                |          |
|    ep_len_mean          | 23.6     |
|    ep_rew_mean          | 654      |
| time/                   |          |
|    fps                  | 281      |
|    iterations           | 585      |
|    time_elapsed         | 1062     |
|    total_timesteps      | 299520   |
| train/                  |          |
|    approx_kl            | 0.0      |
|    clip_fraction        | 0        |
|    clip_range           | 0.2      |
|    entropy_loss         | -0.00415 |
|    explained_variance   | 0.159    |
|    learning_rate        | 0.0003   |
|    loss                 | 1.12e+05 |
|    n_updates            | 2920     |
|    policy_gradient_loss | 3.98e-09 |
|    value_loss           | 2.07e+05 |
--------------------------------------
--------------------------------------
| rollout/                |          |
|    ep_len_mean          | 23.8     |
|    ep_rew_mean          | 704      |
| time/                   |          |
|    fps                  | 281      |
|    iterations           | 586      |
|    time_elapsed         | 1064     |
|    total_timesteps      | 300032   |
| train/                  |          |
|    approx_kl            | 0.0      |
|    clip_fraction        | 0        |
|    clip_range           | 0.2      |
|    entropy_loss         | -0.00416 |
|    explained_variance   | 0.061    |
|    learning_rate        | 0.0003   |
|    loss                 | 6.14e+04 |
|    n_updates            | 2925     |
|    policy_gradient_loss | 3.4e-09  |
|    value_loss           | 1.57e+05 |
--------------------------------------

Model saved -> models/variants/ppo_bpic2012_cate.zip
   Manifest → models/variants/ppo_bpic2012_cate_manifest.json
   Training curve (13761 episodes) → models/variants/ppo_bpic2012_cate_training_curve.csv
