/home/andrew/Documents/docs/2-resolver-problema/process-mining/prescriptive-process-monitoring/timing-explanations-pspm/.venv/lib/python3.14/site-packages/stable_baselines3/common/on_policy_algorithm.py:150: UserWarning: You are trying to run PPO on the GPU, but it is primarily intended to run on the CPU when not using a CNN policy (you are using ActorCriticPolicy which should be a MlpPolicy). See https://github.com/DLR-RM/stable-baselines3/issues/1245 for more info. You can pass `device='cpu'` or `export CUDA_VISIBLE_DEVICES=` to force using the CPU.Note: The model will train, but the GPU utilization will be poor and the training might take longer than on CPU.
  warnings.warn(
Loading env from data/ready_to_use_adaptive_bpic2012.csv ...
Training PPO for 300,000 timesteps (seed=42) ...
Using cuda device
Wrapping the env in a DummyVecEnv.
---------------------------------
| rollout/           |          |
|    ep_len_mean     | 2.03     |
|    ep_rew_mean     | -0.29    |
| time/              |          |
|    fps             | 268      |
|    iterations      | 1        |
|    time_elapsed    | 1        |
|    total_timesteps | 512      |
---------------------------------
-----------------------------------------
| rollout/                |             |
|    ep_len_mean          | 2.14        |
|    ep_rew_mean          | -0.145      |
| time/                   |             |
|    fps                  | 252         |
|    iterations           | 2           |
|    time_elapsed         | 4           |
|    total_timesteps      | 1024        |
| train/                  |             |
|    approx_kl            | 0.019088246 |
|    clip_fraction        | 0.343       |
|    clip_range           | 0.2         |
|    entropy_loss         | -0.679      |
|    explained_variance   | 0.0142      |
|    learning_rate        | 0.0003      |
|    loss                 | 0.0655      |
|    n_updates            | 5           |
|    policy_gradient_loss | -0.0557     |
|    value_loss           | 0.795       |
-----------------------------------------
-----------------------------------------
| rollout/                |             |
|    ep_len_mean          | 3.23        |
|    ep_rew_mean          | -0.145      |
| time/                   |             |
|    fps                  | 263         |
|    iterations           | 3           |
|    time_elapsed         | 5           |
|    total_timesteps      | 1536        |
| train/                  |             |
|    approx_kl            | 0.028375521 |
|    clip_fraction        | 0.254       |
|    clip_range           | 0.2         |
|    entropy_loss         | -0.634      |
|    explained_variance   | -0.0379     |
|    learning_rate        | 0.0003      |
|    loss                 | 0.268       |
|    n_updates            | 10          |
|    policy_gradient_loss | -0.0473     |
|    value_loss           | 1.29        |
-----------------------------------------
-------------------------------------------
| rollout/                |               |
|    ep_len_mean          | 3.26          |
|    ep_rew_mean          | 0.128         |
| time/                   |               |
|    fps                  | 272           |
|    iterations           | 4             |
|    time_elapsed         | 7             |
|    total_timesteps      | 2048          |
| train/                  |               |
|    approx_kl            | 0.00013386557 |
|    clip_fraction        | 0             |
|    clip_range           | 0.2           |
|    entropy_loss         | -0.616        |
|    explained_variance   | -0.00836      |
|    learning_rate        | 0.0003        |
|    loss                 | 1.21          |
|    n_updates            | 15            |
|    policy_gradient_loss | -0.000261     |
|    value_loss           | 3.2           |
-------------------------------------------
-----------------------------------------
| rollout/                |             |
|    ep_len_mean          | 3.96        |
|    ep_rew_mean          | 0.265       |
| time/                   |             |
|    fps                  | 276         |
|    iterations           | 5           |
|    time_elapsed         | 9           |
|    total_timesteps      | 2560        |
| train/                  |             |
|    approx_kl            | 0.010469348 |
|    clip_fraction        | 0.125       |
|    clip_range           | 0.2         |
|    entropy_loss         | -0.569      |
|    explained_variance   | -0.0125     |
|    learning_rate        | 0.0003      |
|    loss                 | 0.646       |
|    n_updates            | 20          |
|    policy_gradient_loss | -0.0281     |
|    value_loss           | 1.8         |
-----------------------------------------
-----------------------------------------
| rollout/                |             |
|    ep_len_mean          | 4.45        |
|    ep_rew_mean          | 0.228       |
| time/                   |             |
|    fps                  | 272         |
|    iterations           | 6           |
|    time_elapsed         | 11          |
|    total_timesteps      | 3072        |
| train/                  |             |
|    approx_kl            | 0.007261525 |
|    clip_fraction        | 0.0418      |
|    clip_range           | 0.2         |
|    entropy_loss         | -0.528      |
|    explained_variance   | 0.00402     |
|    learning_rate        | 0.0003      |
|    loss                 | 0.898       |
|    n_updates            | 25          |
|    policy_gradient_loss | -0.0161     |
|    value_loss           | 3.43        |
-----------------------------------------
------------------------------------------
| rollout/                |              |
|    ep_len_mean          | 4.3          |
|    ep_rew_mean          | 0.49         |
| time/                   |              |
|    fps                  | 250          |
|    iterations           | 7            |
|    time_elapsed         | 14           |
|    total_timesteps      | 3584         |
| train/                  |              |
|    approx_kl            | 0.0032877424 |
|    clip_fraction        | 0            |
|    clip_range           | 0.2          |
|    entropy_loss         | -0.521       |
|    explained_variance   | 0.000427     |
|    learning_rate        | 0.0003       |
|    loss                 | 2.03         |
|    n_updates            | 30           |
|    policy_gradient_loss | 0.00349      |
|    value_loss           | 4.35         |
------------------------------------------
-----------------------------------------
| rollout/                |             |
|    ep_len_mean          | 4.8         |
|    ep_rew_mean          | 1           |
| time/                   |             |
|    fps                  | 239         |
|    iterations           | 8           |
|    time_elapsed         | 17          |
|    total_timesteps      | 4096        |
| train/                  |             |
|    approx_kl            | 0.006820982 |
|    clip_fraction        | 0.0227      |
|    clip_range           | 0.2         |
|    entropy_loss         | -0.525      |
|    explained_variance   | 0.00431     |
|    learning_rate        | 0.0003      |
|    loss                 | 1.29        |
|    n_updates            | 35          |
|    policy_gradient_loss | -0.0127     |
|    value_loss           | 3.89        |
-----------------------------------------
-----------------------------------------
| rollout/                |             |
|    ep_len_mean          | 5.69        |
|    ep_rew_mean          | 0.79        |
| time/                   |             |
|    fps                  | 234         |
|    iterations           | 9           |
|    time_elapsed         | 19          |
|    total_timesteps      | 4608        |
| train/                  |             |
|    approx_kl            | 0.005725791 |
|    clip_fraction        | 0.0582      |
|    clip_range           | 0.2         |
|    entropy_loss         | -0.454      |
|    explained_variance   | 0.00782     |
|    learning_rate        | 0.0003      |
|    loss                 | 2.61        |
|    n_updates            | 40          |
|    policy_gradient_loss | -0.0235     |
|    value_loss           | 4.18        |
-----------------------------------------
-------------------------------------------
| rollout/                |               |
|    ep_len_mean          | 6.15          |
|    ep_rew_mean          | 0.745         |
| time/                   |               |
|    fps                  | 233           |
|    iterations           | 10            |
|    time_elapsed         | 21            |
|    total_timesteps      | 5120          |
| train/                  |               |
|    approx_kl            | 0.00020824478 |
|    clip_fraction        | 0             |
|    clip_range           | 0.2           |
|    entropy_loss         | -0.432        |
|    explained_variance   | 0.0209        |
|    learning_rate        | 0.0003        |
|    loss                 | 2.98          |
|    n_updates            | 45            |
|    policy_gradient_loss | -0.0015       |
|    value_loss           | 7.07          |
-------------------------------------------
-------------------------------------------
| rollout/                |               |
|    ep_len_mean          | 6.35          |
|    ep_rew_mean          | 0.398         |
| time/                   |               |
|    fps                  | 232           |
|    iterations           | 11            |
|    time_elapsed         | 24            |
|    total_timesteps      | 5632          |
| train/                  |               |
|    approx_kl            | 0.00035315927 |
|    clip_fraction        | 0             |
|    clip_range           | 0.2           |
|    entropy_loss         | -0.415        |
|    explained_variance   | 0.0466        |
|    learning_rate        | 0.0003        |
|    loss                 | 3.13          |
|    n_updates            | 50            |
|    policy_gradient_loss | -0.00245      |
|    value_loss           | 6.61          |
-------------------------------------------
-----------------------------------------
| rollout/                |             |
|    ep_len_mean          | 3.94        |
|    ep_rew_mean          | 0.425       |
| time/                   |             |
|    fps                  | 234         |
|    iterations           | 12          |
|    time_elapsed         | 26          |
|    total_timesteps      | 6144        |
| train/                  |             |
|    approx_kl            | 0.011160836 |
|    clip_fraction        | 0.0555      |
|    clip_range           | 0.2         |
|    entropy_loss         | -0.438      |
|    explained_variance   | 0.0664      |
|    learning_rate        | 0.0003      |
|    loss                 | 3.3         |
|    n_updates            | 55          |
|    policy_gradient_loss | 0.00667     |
|    value_loss           | 7.25        |
-----------------------------------------
-----------------------------------------
| rollout/                |             |
|    ep_len_mean          | 6.27        |
|    ep_rew_mean          | 0.912       |
| time/                   |             |
|    fps                  | 236         |
|    iterations           | 13          |
|    time_elapsed         | 28          |
|    total_timesteps      | 6656        |
| train/                  |             |
|    approx_kl            | 0.005097151 |
|    clip_fraction        | 0.0449      |
|    clip_range           | 0.2         |
|    entropy_loss         | -0.463      |
|    explained_variance   | 0.0179      |
|    learning_rate        | 0.0003      |
|    loss                 | 0.79        |
|    n_updates            | 60          |
|    policy_gradient_loss | -0.0201     |
|    value_loss           | 3.12        |
-----------------------------------------
------------------------------------------
| rollout/                |              |
|    ep_len_mean          | 5.01         |
|    ep_rew_mean          | 0.667        |
| time/                   |              |
|    fps                  | 238          |
|    iterations           | 14           |
|    time_elapsed         | 30           |
|    total_timesteps      | 7168         |
| train/                  |              |
|    approx_kl            | 0.0017459072 |
|    clip_fraction        | 0.000781     |
|    clip_range           | 0.2          |
|    entropy_loss         | -0.471       |
|    explained_variance   | 0.0721       |
|    learning_rate        | 0.0003       |
|    loss                 | 3.41         |
|    n_updates            | 65           |
|    policy_gradient_loss | 0.00417      |
|    value_loss           | 6.71         |
------------------------------------------
------------------------------------------
| rollout/                |              |
|    ep_len_mean          | 5.73         |
|    ep_rew_mean          | 0.58         |
| time/                   |              |
|    fps                  | 240          |
|    iterations           | 15           |
|    time_elapsed         | 31           |
|    total_timesteps      | 7680         |
| train/                  |              |
|    approx_kl            | 0.0028246148 |
|    clip_fraction        | 0.0422       |
|    clip_range           | 0.2          |
|    entropy_loss         | -0.437       |
|    explained_variance   | 0.17         |
|    learning_rate        | 0.0003       |
|    loss                 | 2.62         |
|    n_updates            | 70           |
|    policy_gradient_loss | -0.0208      |
|    value_loss           | 4.76         |
------------------------------------------
------------------------------------------
| rollout/                |              |
|    ep_len_mean          | 5            |
|    ep_rew_mean          | 0.36         |
| time/                   |              |
|    fps                  | 243          |
|    iterations           | 16           |
|    time_elapsed         | 33           |
|    total_timesteps      | 8192         |
| train/                  |              |
|    approx_kl            | 0.0011394394 |
|    clip_fraction        | 0            |
|    clip_range           | 0.2          |
|    entropy_loss         | -0.441       |
|    explained_variance   | 0.13         |
|    learning_rate        | 0.0003       |
|    loss                 | 2.72         |
|    n_updates            | 75           |
|    policy_gradient_loss | 0.000685     |
|    value_loss           | 6.07         |
------------------------------------------
------------------------------------------
| rollout/                |              |
|    ep_len_mean          | 5.92         |
|    ep_rew_mean          | 0.892        |
| time/                   |              |
|    fps                  | 245          |
|    iterations           | 17           |
|    time_elapsed         | 35           |
|    total_timesteps      | 8704         |
| train/                  |              |
|    approx_kl            | 0.0040798346 |
|    clip_fraction        | 0.00117      |
|    clip_range           | 0.2          |
|    entropy_loss         | -0.46        |
|    explained_variance   | -0.0646      |
|    learning_rate        | 0.0003       |
|    loss                 | 2.34         |
|    n_updates            | 80           |
|    policy_gradient_loss | -0.00814     |
|    value_loss           | 4.98         |
------------------------------------------
------------------------------------------
| rollout/                |              |
|    ep_len_mean          | 6.45         |
|    ep_rew_mean          | 1.36         |
| time/                   |              |
|    fps                  | 247          |
|    iterations           | 18           |
|    time_elapsed         | 37           |
|    total_timesteps      | 9216         |
| train/                  |              |
|    approx_kl            | 0.0018773496 |
|    clip_fraction        | 0            |
|    clip_range           | 0.2          |
|    entropy_loss         | -0.389       |
|    explained_variance   | 0.0692       |
|    learning_rate        | 0.0003       |
|    loss                 | 2.03         |
|    n_updates            | 85           |
|    policy_gradient_loss | -0.00639     |
|    value_loss           | 6.52         |
------------------------------------------
------------------------------------------
| rollout/                |              |
|    ep_len_mean          | 7.96         |
|    ep_rew_mean          | 1.68         |
| time/                   |              |
|    fps                  | 249          |
|    iterations           | 19           |
|    time_elapsed         | 39           |
|    total_timesteps      | 9728         |
| train/                  |              |
|    approx_kl            | 0.0034906045 |
|    clip_fraction        | 0.0145       |
|    clip_range           | 0.2          |
|    entropy_loss         | -0.362       |
|    explained_variance   | 0.107        |
|    learning_rate        | 0.0003       |
|    loss                 | 2.72         |
|    n_updates            | 90           |
|    policy_gradient_loss | -0.00831     |
|    value_loss           | 6.69         |
------------------------------------------
------------------------------------------
| rollout/                |              |
|    ep_len_mean          | 8.19         |
|    ep_rew_mean          | 1.98         |
| time/                   |              |
|    fps                  | 251          |
|    iterations           | 20           |
|    time_elapsed         | 40           |
|    total_timesteps      | 10240        |
| train/                  |              |
|    approx_kl            | 0.0063359095 |
|    clip_fraction        | 0.0359       |
|    clip_range           | 0.2          |
|    entropy_loss         | -0.383       |
|    explained_variance   | 0.0717       |
|    learning_rate        | 0.0003       |
|    loss                 | 3.39         |
|    n_updates            | 95           |
|    policy_gradient_loss | 0.00846      |
|    value_loss           | 7.49         |
------------------------------------------
------------------------------------------
| rollout/                |              |
|    ep_len_mean          | 7.51         |
|    ep_rew_mean          | 1.58         |
| time/                   |              |
|    fps                  | 252          |
|    iterations           | 21           |
|    time_elapsed         | 42           |
|    total_timesteps      | 10752        |
| train/                  |              |
|    approx_kl            | 0.0038983217 |
|    clip_fraction        | 0.0527       |
|    clip_range           | 0.2          |
|    entropy_loss         | -0.308       |
|    explained_variance   | 0.175        |
|    learning_rate        | 0.0003       |
|    loss                 | 3.09         |
|    n_updates            | 100          |
|    policy_gradient_loss | -0.02        |
|    value_loss           | 5.86         |
------------------------------------------
------------------------------------------
| rollout/                |              |
|    ep_len_mean          | 7.32         |
|    ep_rew_mean          | 1.86         |
| time/                   |              |
|    fps                  | 253          |
|    iterations           | 22           |
|    time_elapsed         | 44           |
|    total_timesteps      | 11264        |
| train/                  |              |
|    approx_kl            | 0.0017555957 |
|    clip_fraction        | 0.00742      |
|    clip_range           | 0.2          |
|    entropy_loss         | -0.357       |
|    explained_variance   | 0.0962       |
|    learning_rate        | 0.0003       |
|    loss                 | 6.15         |
|    n_updates            | 105          |
|    policy_gradient_loss | 0.0051       |
|    value_loss           | 9.3          |
------------------------------------------
------------------------------------------
| rollout/                |              |
|    ep_len_mean          | 7.93         |
|    ep_rew_mean          | 1.69         |
| time/                   |              |
|    fps                  | 254          |
|    iterations           | 23           |
|    time_elapsed         | 46           |
|    total_timesteps      | 11776        |
| train/                  |              |
|    approx_kl            | 0.0018766026 |
|    clip_fraction        | 0.0289       |
|    clip_range           | 0.2          |
|    entropy_loss         | -0.341       |
|    explained_variance   | 0.151        |
|    learning_rate        | 0.0003       |
|    loss                 | 2.96         |
|    n_updates            | 110          |
|    policy_gradient_loss | -0.0127      |
|    value_loss           | 6.1          |
------------------------------------------
-----------------------------------------
| rollout/                |             |
|    ep_len_mean          | 6.45        |
|    ep_rew_mean          | 1.55        |
| time/                   |             |
|    fps                  | 256         |
|    iterations           | 24          |
|    time_elapsed         | 47          |
|    total_timesteps      | 12288       |
| train/                  |             |
|    approx_kl            | 0.004732375 |
|    clip_fraction        | 0.0195      |
|    clip_range           | 0.2         |
|    entropy_loss         | -0.342      |
|    explained_variance   | 0.186       |
|    learning_rate        | 0.0003      |
|    loss                 | 5.61        |
|    n_updates            | 115         |
|    policy_gradient_loss | 0.00254     |
|    value_loss           | 10.1        |
-----------------------------------------
------------------------------------------
| rollout/                |              |
|    ep_len_mean          | 6.96         |
|    ep_rew_mean          | 1.05         |
| time/                   |              |
|    fps                  | 257          |
|    iterations           | 25           |
|    time_elapsed         | 49           |
|    total_timesteps      | 12800        |
| train/                  |              |
|    approx_kl            | 0.0021557552 |
|    clip_fraction        | 0.0336       |
|    clip_range           | 0.2          |
|    entropy_loss         | -0.37        |
|    explained_variance   | 0.145        |
|    learning_rate        | 0.0003       |
|    loss                 | 2.31         |
|    n_updates            | 120          |
|    policy_gradient_loss | -0.0139      |
|    value_loss           | 6.35         |
------------------------------------------
----------------------------------------
| rollout/                |            |
|    ep_len_mean          | 5.21       |
|    ep_rew_mean          | 0.738      |
| time/                   |            |
|    fps                  | 258        |
|    iterations           | 26         |
|    time_elapsed         | 51         |
|    total_timesteps      | 13312      |
| train/                  |            |
|    approx_kl            | 0.01957983 |
|    clip_fraction        | 0.0672     |
|    clip_range           | 0.2        |
|    entropy_loss         | -0.426     |
|    explained_variance   | 0.177      |
|    learning_rate        | 0.0003     |
|    loss                 | 6.39       |
|    n_updates            | 125        |
|    policy_gradient_loss | 0.0104     |
|    value_loss           | 10.9       |
----------------------------------------
------------------------------------------
| rollout/                |              |
|    ep_len_mean          | 5.88         |
|    ep_rew_mean          | 1.43         |
| time/                   |              |
|    fps                  | 259          |
|    iterations           | 27           |
|    time_elapsed         | 53           |
|    total_timesteps      | 13824        |
| train/                  |              |
|    approx_kl            | 0.0029951292 |
|    clip_fraction        | 0.0262       |
|    clip_range           | 0.2          |
|    entropy_loss         | -0.419       |
|    explained_variance   | 0.166        |
|    learning_rate        | 0.0003       |
|    loss                 | 2.35         |
|    n_updates            | 130          |
|    policy_gradient_loss | -0.0133      |
|    value_loss           | 5.9          |
------------------------------------------
-----------------------------------------
| rollout/                |             |
|    ep_len_mean          | 5.93        |
|    ep_rew_mean          | 0.82        |
| time/                   |             |
|    fps                  | 260         |
|    iterations           | 28          |
|    time_elapsed         | 55          |
|    total_timesteps      | 14336       |
| train/                  |             |
|    approx_kl            | 0.003582013 |
|    clip_fraction        | 0.0352      |
|    clip_range           | 0.2         |
|    entropy_loss         | -0.348      |
|    explained_variance   | 0.279       |
|    learning_rate        | 0.0003      |
|    loss                 | 4.62        |
|    n_updates            | 135         |
|    policy_gradient_loss | -0.0156     |
|    value_loss           | 6.74        |
-----------------------------------------
------------------------------------------
| rollout/                |              |
|    ep_len_mean          | 8.29         |
|    ep_rew_mean          | 1.99         |
| time/                   |              |
|    fps                  | 260          |
|    iterations           | 29           |
|    time_elapsed         | 56           |
|    total_timesteps      | 14848        |
| train/                  |              |
|    approx_kl            | 0.0029034438 |
|    clip_fraction        | 0.00352      |
|    clip_range           | 0.2          |
|    entropy_loss         | -0.342       |
|    explained_variance   | 0.171        |
|    learning_rate        | 0.0003       |
|    loss                 | 2.25         |
|    n_updates            | 140          |
|    policy_gradient_loss | -0.0073      |
|    value_loss           | 7.74         |
------------------------------------------
------------------------------------------
| rollout/                |              |
|    ep_len_mean          | 9.45         |
|    ep_rew_mean          | 1.96         |
| time/                   |              |
|    fps                  | 261          |
|    iterations           | 30           |
|    time_elapsed         | 58           |
|    total_timesteps      | 15360        |
| train/                  |              |
|    approx_kl            | 0.0006782623 |
|    clip_fraction        | 0            |
|    clip_range           | 0.2          |
|    entropy_loss         | -0.325       |
|    explained_variance   | 0.106        |
|    learning_rate        | 0.0003       |
|    loss                 | 2.31         |
|    n_updates            | 145          |
|    policy_gradient_loss | -0.00168     |
|    value_loss           | 7.89         |
------------------------------------------
-----------------------------------------
| rollout/                |             |
|    ep_len_mean          | 7.54        |
|    ep_rew_mean          | 1.61        |
| time/                   |             |
|    fps                  | 261         |
|    iterations           | 31          |
|    time_elapsed         | 60          |
|    total_timesteps      | 15872       |
| train/                  |             |
|    approx_kl            | 0.008280182 |
|    clip_fraction        | 0.0359      |
|    clip_range           | 0.2         |
|    entropy_loss         | -0.342      |
|    explained_variance   | 0.301       |
|    learning_rate        | 0.0003      |
|    loss                 | 5.74        |
|    n_updates            | 150         |
|    policy_gradient_loss | 0.00272     |
|    value_loss           | 18.8        |
-----------------------------------------
------------------------------------------
| rollout/                |              |
|    ep_len_mean          | 6.72         |
|    ep_rew_mean          | 2.21         |
| time/                   |              |
|    fps                  | 261          |
|    iterations           | 32           |
|    time_elapsed         | 62           |
|    total_timesteps      | 16384        |
| train/                  |              |
|    approx_kl            | 0.0013328252 |
|    clip_fraction        | 0            |
|    clip_range           | 0.2          |
|    entropy_loss         | -0.374       |
|    explained_variance   | 0.379        |
|    learning_rate        | 0.0003       |
|    loss                 | 4.61         |
|    n_updates            | 155          |
|    policy_gradient_loss | -0.000919    |
|    value_loss           | 8.19         |
------------------------------------------
-------------------------------------------
| rollout/                |               |
|    ep_len_mean          | 7.74          |
|    ep_rew_mean          | 2.01          |
| time/                   |               |
|    fps                  | 262           |
|    iterations           | 33            |
|    time_elapsed         | 64            |
|    total_timesteps      | 16896         |
| train/                  |               |
|    approx_kl            | 0.00077111664 |
|    clip_fraction        | 0.000781      |
|    clip_range           | 0.2           |
|    entropy_loss         | -0.325        |
|    explained_variance   | 0.401         |
|    learning_rate        | 0.0003        |
|    loss                 | 4.43          |
|    n_updates            | 160           |
|    policy_gradient_loss | -0.00592      |
|    value_loss           | 8.73          |
-------------------------------------------
-----------------------------------------
| rollout/                |             |
|    ep_len_mean          | 8.1         |
|    ep_rew_mean          | 1.85        |
| time/                   |             |
|    fps                  | 263         |
|    iterations           | 34          |
|    time_elapsed         | 66          |
|    total_timesteps      | 17408       |
| train/                  |             |
|    approx_kl            | 0.008043545 |
|    clip_fraction        | 0.0375      |
|    clip_range           | 0.2         |
|    entropy_loss         | -0.304      |
|    explained_variance   | 0.447       |
|    learning_rate        | 0.0003      |
|    loss                 | 6.49        |
|    n_updates            | 165         |
|    policy_gradient_loss | 0.00506     |
|    value_loss           | 11.8        |
-----------------------------------------
-----------------------------------------
| rollout/                |             |
|    ep_len_mean          | 7.63        |
|    ep_rew_mean          | 2.47        |
| time/                   |             |
|    fps                  | 263         |
|    iterations           | 35          |
|    time_elapsed         | 67          |
|    total_timesteps      | 17920       |
| train/                  |             |
|    approx_kl            | 0.001767836 |
|    clip_fraction        | 0           |
|    clip_range           | 0.2         |
|    entropy_loss         | -0.33       |
|    explained_variance   | 0.371       |
|    learning_rate        | 0.0003      |
|    loss                 | 6.18        |
|    n_updates            | 170         |
|    policy_gradient_loss | -0.00745    |
|    value_loss           | 11.4        |
-----------------------------------------
-----------------------------------------
| rollout/                |             |
|    ep_len_mean          | 7.14        |
|    ep_rew_mean          | 1.95        |
| time/                   |             |
|    fps                  | 264         |
|    iterations           | 36          |
|    time_elapsed         | 69          |
|    total_timesteps      | 18432       |
| train/                  |             |
|    approx_kl            | 0.002717071 |
|    clip_fraction        | 0.0312      |
|    clip_range           | 0.2         |
|    entropy_loss         | -0.306      |
|    explained_variance   | 0.332       |
|    learning_rate        | 0.0003      |
|    loss                 | 3.79        |
|    n_updates            | 175         |
|    policy_gradient_loss | -0.0143     |
|    value_loss           | 6.06        |
-----------------------------------------
------------------------------------------
| rollout/                |              |
|    ep_len_mean          | 8.24         |
|    ep_rew_mean          | 1.73         |
| time/                   |              |
|    fps                  | 265          |
|    iterations           | 37           |
|    time_elapsed         | 71           |
|    total_timesteps      | 18944        |
| train/                  |              |
|    approx_kl            | 0.0013060913 |
|    clip_fraction        | 0.0215       |
|    clip_range           | 0.2          |
|    entropy_loss         | -0.312       |
|    explained_variance   | 0.259        |
|    learning_rate        | 0.0003       |
|    loss                 | 3.02         |
|    n_updates            | 180          |
|    policy_gradient_loss | -0.0125      |
|    value_loss           | 7.6          |
------------------------------------------
------------------------------------------
| rollout/                |              |
|    ep_len_mean          | 9.06         |
|    ep_rew_mean          | 1.92         |
| time/                   |              |
|    fps                  | 265          |
|    iterations           | 38           |
|    time_elapsed         | 73           |
|    total_timesteps      | 19456        |
| train/                  |              |
|    approx_kl            | 0.0042463196 |
|    clip_fraction        | 0.0254       |
|    clip_range           | 0.2          |
|    entropy_loss         | -0.291       |
|    explained_variance   | 0.247        |
|    learning_rate        | 0.0003       |
|    loss                 | 6.6          |
|    n_updates            | 185          |
|    policy_gradient_loss | 0.00213      |
|    value_loss           | 11.3         |
------------------------------------------
------------------------------------------
| rollout/                |              |
|    ep_len_mean          | 7.91         |
|    ep_rew_mean          | 2.18         |
| time/                   |              |
|    fps                  | 266          |
|    iterations           | 39           |
|    time_elapsed         | 75           |
|    total_timesteps      | 19968        |
| train/                  |              |
|    approx_kl            | 0.0013417124 |
|    clip_fraction        | 0.0293       |
|    clip_range           | 0.2          |
|    entropy_loss         | -0.372       |
|    explained_variance   | 0.434        |
|    learning_rate        | 0.0003       |
|    loss                 | 2.57         |
|    n_updates            | 190          |
|    policy_gradient_loss | 0.00685      |
|    value_loss           | 6.74         |
------------------------------------------
------------------------------------------
| rollout/                |              |
|    ep_len_mean          | 8.14         |
|    ep_rew_mean          | 2.69         |
| time/                   |              |
|    fps                  | 266          |
|    iterations           | 40           |
|    time_elapsed         | 76           |
|    total_timesteps      | 20480        |
| train/                  |              |
|    approx_kl            | 0.0010207343 |
|    clip_fraction        | 0.00117      |
|    clip_range           | 0.2          |
|    entropy_loss         | -0.311       |
|    explained_variance   | 0.239        |
|    learning_rate        | 0.0003       |
|    loss                 | 2.32         |
|    n_updates            | 195          |
|    policy_gradient_loss | -0.00659     |
|    value_loss           | 5.59         |
------------------------------------------
-----------------------------------------
| rollout/                |             |
|    ep_len_mean          | 7.6         |
|    ep_rew_mean          | 2.01        |
| time/                   |             |
|    fps                  | 267         |
|    iterations           | 41          |
|    time_elapsed         | 78          |
|    total_timesteps      | 20992       |
| train/                  |             |
|    approx_kl            | 0.001800168 |
|    clip_fraction        | 0.0184      |
|    clip_range           | 0.2         |
|    entropy_loss         | -0.284      |
|    explained_variance   | 0.323       |
|    learning_rate        | 0.0003      |
|    loss                 | 2.96        |
|    n_updates            | 200         |
|    policy_gradient_loss | -0.00855    |
|    value_loss           | 7.52        |
-----------------------------------------
-----------------------------------------
| rollout/                |             |
|    ep_len_mean          | 8.81        |
|    ep_rew_mean          | 2.71        |
| time/                   |             |
|    fps                  | 268         |
|    iterations           | 42          |
|    time_elapsed         | 80          |
|    total_timesteps      | 21504       |
| train/                  |             |
|    approx_kl            | 0.017574312 |
|    clip_fraction        | 0.077       |
|    clip_range           | 0.2         |
|    entropy_loss         | -0.348      |
|    explained_variance   | 0.448       |
|    learning_rate        | 0.0003      |
|    loss                 | 4.62        |
|    n_updates            | 205         |
|    policy_gradient_loss | 0.00722     |
|    value_loss           | 9.05        |
-----------------------------------------
------------------------------------------
| rollout/                |              |
|    ep_len_mean          | 7.78         |
|    ep_rew_mean          | 2.88         |
| time/                   |              |
|    fps                  | 268          |
|    iterations           | 43           |
|    time_elapsed         | 81           |
|    total_timesteps      | 22016        |
| train/                  |              |
|    approx_kl            | 0.0011351906 |
|    clip_fraction        | 0            |
|    clip_range           | 0.2          |
|    entropy_loss         | -0.3         |
|    explained_variance   | 0.483        |
|    learning_rate        | 0.0003       |
|    loss                 | 4.92         |
|    n_updates            | 210          |
|    policy_gradient_loss | -0.00414     |
|    value_loss           | 11           |
------------------------------------------
------------------------------------------
| rollout/                |              |
|    ep_len_mean          | 8.22         |
|    ep_rew_mean          | 2.63         |
| time/                   |              |
|    fps                  | 269          |
|    iterations           | 44           |
|    time_elapsed         | 83           |
|    total_timesteps      | 22528        |
| train/                  |              |
|    approx_kl            | 0.0027367703 |
|    clip_fraction        | 0.0395       |
|    clip_range           | 0.2          |
|    entropy_loss         | -0.285       |
|    explained_variance   | 0.393        |
|    learning_rate        | 0.0003       |
|    loss                 | 3.37         |
|    n_updates            | 215          |
|    policy_gradient_loss | -0.0134      |
|    value_loss           | 7.93         |
------------------------------------------
------------------------------------------
| rollout/                |              |
|    ep_len_mean          | 9.18         |
|    ep_rew_mean          | 2.29         |
| time/                   |              |
|    fps                  | 269          |
|    iterations           | 45           |
|    time_elapsed         | 85           |
|    total_timesteps      | 23040        |
| train/                  |              |
|    approx_kl            | 0.0005497144 |
|    clip_fraction        | 0.00703      |
|    clip_range           | 0.2          |
|    entropy_loss         | -0.264       |
|    explained_variance   | 0.398        |
|    learning_rate        | 0.0003       |
|    loss                 | 2.94         |
|    n_updates            | 220          |
|    policy_gradient_loss | -0.00813     |
|    value_loss           | 7.25         |
------------------------------------------
-----------------------------------------
| rollout/                |             |
|    ep_len_mean          | 9.24        |
|    ep_rew_mean          | 2.49        |
| time/                   |             |
|    fps                  | 270         |
|    iterations           | 46          |
|    time_elapsed         | 87          |
|    total_timesteps      | 23552       |
| train/                  |             |
|    approx_kl            | 0.002922113 |
|    clip_fraction        | 0.0437      |
|    clip_range           | 0.2         |
|    entropy_loss         | -0.32       |
|    explained_variance   | 0.403       |
|    learning_rate        | 0.0003      |
|    loss                 | 2.66        |
|    n_updates            | 225         |
|    policy_gradient_loss | 0.00467     |
|    value_loss           | 7.58        |
-----------------------------------------
------------------------------------------
| rollout/                |              |
|    ep_len_mean          | 9.66         |
|    ep_rew_mean          | 3.43         |
| time/                   |              |
|    fps                  | 270          |
|    iterations           | 47           |
|    time_elapsed         | 88           |
|    total_timesteps      | 24064        |
| train/                  |              |
|    approx_kl            | 0.0006775953 |
|    clip_fraction        | 0.00117      |
|    clip_range           | 0.2          |
|    entropy_loss         | -0.278       |
|    explained_variance   | 0.554        |
|    learning_rate        | 0.0003       |
|    loss                 | 5.07         |
|    n_updates            | 230          |
|    policy_gradient_loss | 0.000776     |
|    value_loss           | 8.84         |
------------------------------------------
------------------------------------------
| rollout/                |              |
|    ep_len_mean          | 9.65         |
|    ep_rew_mean          | 3.07         |
| time/                   |              |
|    fps                  | 270          |
|    iterations           | 48           |
|    time_elapsed         | 90           |
|    total_timesteps      | 24576        |
| train/                  |              |
|    approx_kl            | 0.0013838548 |
|    clip_fraction        | 0.00352      |
|    clip_range           | 0.2          |
|    entropy_loss         | -0.255       |
|    explained_variance   | 0.602        |
|    learning_rate        | 0.0003       |
|    loss                 | 3.25         |
|    n_updates            | 235          |
|    policy_gradient_loss | -0.00503     |
|    value_loss           | 5.23         |
------------------------------------------
-----------------------------------------
| rollout/                |             |
|    ep_len_mean          | 7.94        |
|    ep_rew_mean          | 2.44        |
| time/                   |             |
|    fps                  | 271         |
|    iterations           | 49          |
|    time_elapsed         | 92          |
|    total_timesteps      | 25088       |
| train/                  |             |
|    approx_kl            | 0.006215452 |
|    clip_fraction        | 0.0574      |
|    clip_range           | 0.2         |
|    entropy_loss         | -0.36       |
|    explained_variance   | 0.393       |
|    learning_rate        | 0.0003      |
|    loss                 | 4.8         |
|    n_updates            | 240         |
|    policy_gradient_loss | 0.00536     |
|    value_loss           | 9.79        |
-----------------------------------------
------------------------------------------
| rollout/                |              |
|    ep_len_mean          | 7.68         |
|    ep_rew_mean          | 2.42         |
| time/                   |              |
|    fps                  | 271          |
|    iterations           | 50           |
|    time_elapsed         | 94           |
|    total_timesteps      | 25600        |
| train/                  |              |
|    approx_kl            | 0.0029075374 |
|    clip_fraction        | 0.0445       |
|    clip_range           | 0.2          |
|    entropy_loss         | -0.295       |
|    explained_variance   | 0.399        |
|    learning_rate        | 0.0003       |
|    loss                 | 4.2          |
|    n_updates            | 245          |
|    policy_gradient_loss | -0.0123      |
|    value_loss           | 8.38         |
------------------------------------------
------------------------------------------
| rollout/                |              |
|    ep_len_mean          | 8.19         |
|    ep_rew_mean          | 2.98         |
| time/                   |              |
|    fps                  | 271          |
|    iterations           | 51           |
|    time_elapsed         | 96           |
|    total_timesteps      | 26112        |
| train/                  |              |
|    approx_kl            | 0.0023767955 |
|    clip_fraction        | 0.00547      |
|    clip_range           | 0.2          |
|    entropy_loss         | -0.316       |
|    explained_variance   | 0.443        |
|    learning_rate        | 0.0003       |
|    loss                 | 4.44         |
|    n_updates            | 250          |
|    policy_gradient_loss | 0.00137      |
|    value_loss           | 9.65         |
------------------------------------------
-------------------------------------------
| rollout/                |               |
|    ep_len_mean          | 7.38          |
|    ep_rew_mean          | 2.19          |
| time/                   |               |
|    fps                  | 271           |
|    iterations           | 52            |
|    time_elapsed         | 97            |
|    total_timesteps      | 26624         |
| train/                  |               |
|    approx_kl            | 0.00032266683 |
|    clip_fraction        | 0             |
|    clip_range           | 0.2           |
|    entropy_loss         | -0.309        |
|    explained_variance   | 0.501         |
|    learning_rate        | 0.0003        |
|    loss                 | 2.22          |
|    n_updates            | 255           |
|    policy_gradient_loss | -0.0018       |
|    value_loss           | 7.92          |
-------------------------------------------
------------------------------------------
| rollout/                |              |
|    ep_len_mean          | 8.29         |
|    ep_rew_mean          | 2.49         |
| time/                   |              |
|    fps                  | 272          |
|    iterations           | 53           |
|    time_elapsed         | 99           |
|    total_timesteps      | 27136        |
| train/                  |              |
|    approx_kl            | 0.0011315993 |
|    clip_fraction        | 0.00391      |
|    clip_range           | 0.2          |
|    entropy_loss         | -0.304       |
|    explained_variance   | 0.298        |
|    learning_rate        | 0.0003       |
|    loss                 | 3.68         |
|    n_updates            | 260          |
|    policy_gradient_loss | -0.00677     |
|    value_loss           | 7.69         |
------------------------------------------
-------------------------------------------
| rollout/                |               |
|    ep_len_mean          | 8.64          |
|    ep_rew_mean          | 2.73          |
| time/                   |               |
|    fps                  | 272           |
|    iterations           | 54            |
|    time_elapsed         | 101           |
|    total_timesteps      | 27648         |
| train/                  |               |
|    approx_kl            | 5.8036007e-05 |
|    clip_fraction        | 0             |
|    clip_range           | 0.2           |
|    entropy_loss         | -0.281        |
|    explained_variance   | 0.438         |
|    learning_rate        | 0.0003        |
|    loss                 | 3.75          |
|    n_updates            | 265           |
|    policy_gradient_loss | -0.000276     |
|    value_loss           | 5.95          |
-------------------------------------------
------------------------------------------
| rollout/                |              |
|    ep_len_mean          | 7.24         |
|    ep_rew_mean          | 1.52         |
| time/                   |              |
|    fps                  | 272          |
|    iterations           | 55           |
|    time_elapsed         | 103          |
|    total_timesteps      | 28160        |
| train/                  |              |
|    approx_kl            | 0.0024146559 |
|    clip_fraction        | 0.0137       |
|    clip_range           | 0.2          |
|    entropy_loss         | -0.255       |
|    explained_variance   | 0.272        |
|    learning_rate        | 0.0003       |
|    loss                 | 8.46         |
|    n_updates            | 270          |
|    policy_gradient_loss | -0.0093      |
|    value_loss           | 9.96         |
------------------------------------------
-----------------------------------------
| rollout/                |             |
|    ep_len_mean          | 8.37        |
|    ep_rew_mean          | 2.78        |
| time/                   |             |
|    fps                  | 272         |
|    iterations           | 56          |
|    time_elapsed         | 105         |
|    total_timesteps      | 28672       |
| train/                  |             |
|    approx_kl            | 0.010697974 |
|    clip_fraction        | 0.0297      |
|    clip_range           | 0.2         |
|    entropy_loss         | -0.33       |
|    explained_variance   | 0.524       |
|    learning_rate        | 0.0003      |
|    loss                 | 1.1         |
|    n_updates            | 275         |
|    policy_gradient_loss | 0.00588     |
|    value_loss           | 4.99        |
-----------------------------------------
------------------------------------------
| rollout/                |              |
|    ep_len_mean          | 9.02         |
|    ep_rew_mean          | 2.87         |
| time/                   |              |
|    fps                  | 273          |
|    iterations           | 57           |
|    time_elapsed         | 106          |
|    total_timesteps      | 29184        |
| train/                  |              |
|    approx_kl            | 0.0030671959 |
|    clip_fraction        | 0.0492       |
|    clip_range           | 0.2          |
|    entropy_loss         | -0.265       |
|    explained_variance   | 0.395        |
|    learning_rate        | 0.0003       |
|    loss                 | 3.21         |
|    n_updates            | 280          |
|    policy_gradient_loss | -0.0143      |
|    value_loss           | 7.44         |
------------------------------------------
-----------------------------------------
| rollout/                |             |
|    ep_len_mean          | 8.15        |
|    ep_rew_mean          | 2.89        |
| time/                   |             |
|    fps                  | 273         |
|    iterations           | 58          |
|    time_elapsed         | 108         |
|    total_timesteps      | 29696       |
| train/                  |             |
|    approx_kl            | 0.016409691 |
|    clip_fraction        | 0.0723      |
|    clip_range           | 0.2         |
|    entropy_loss         | -0.365      |
|    explained_variance   | 0.363       |
|    learning_rate        | 0.0003      |
|    loss                 | 4.7         |
|    n_updates            | 285         |
|    policy_gradient_loss | 0.00867     |
|    value_loss           | 12.4        |
-----------------------------------------
-------------------------------------------
| rollout/                |               |
|    ep_len_mean          | 7.11          |
|    ep_rew_mean          | 2.59          |
| time/                   |               |
|    fps                  | 273           |
|    iterations           | 59            |
|    time_elapsed         | 110           |
|    total_timesteps      | 30208         |
| train/                  |               |
|    approx_kl            | 0.00016640848 |
|    clip_fraction        | 0.0082        |
|    clip_range           | 0.2           |
|    entropy_loss         | -0.299        |
|    explained_variance   | 0.551         |
|    learning_rate        | 0.0003        |
|    loss                 | 2.37          |
|    n_updates            | 290           |
|    policy_gradient_loss | -0.00478      |
|    value_loss           | 5.39          |
-------------------------------------------
------------------------------------------
| rollout/                |              |
|    ep_len_mean          | 6.32         |
|    ep_rew_mean          | 1.73         |
| time/                   |              |
|    fps                  | 273          |
|    iterations           | 60           |
|    time_elapsed         | 112          |
|    total_timesteps      | 30720        |
| train/                  |              |
|    approx_kl            | 0.0013804557 |
|    clip_fraction        | 0.0137       |
|    clip_range           | 0.2          |
|    entropy_loss         | -0.317       |
|    explained_variance   | 0.599        |
|    learning_rate        | 0.0003       |
|    loss                 | 2.05         |
|    n_updates            | 295          |
|    policy_gradient_loss | -0.0126      |
|    value_loss           | 4.76         |
------------------------------------------
------------------------------------------
| rollout/                |              |
|    ep_len_mean          | 7.78         |
|    ep_rew_mean          | 2.68         |
| time/                   |              |
|    fps                  | 273          |
|    iterations           | 61           |
|    time_elapsed         | 114          |
|    total_timesteps      | 31232        |
| train/                  |              |
|    approx_kl            | 0.0011144239 |
|    clip_fraction        | 0.00703      |
|    clip_range           | 0.2          |
|    entropy_loss         | -0.324       |
|    explained_variance   | 0.368        |
|    learning_rate        | 0.0003       |
|    loss                 | 2.49         |
|    n_updates            | 300          |
|    policy_gradient_loss | -0.00876     |
|    value_loss           | 6.21         |
------------------------------------------
----------------------------------------
| rollout/                |            |
|    ep_len_mean          | 9.07       |
|    ep_rew_mean          | 3.51       |
| time/                   |            |
|    fps                  | 274        |
|    iterations           | 62         |
|    time_elapsed         | 115        |
|    total_timesteps      | 31744      |
| train/                  |            |
|    approx_kl            | 0.00257197 |
|    clip_fraction        | 0.0152     |
|    clip_range           | 0.2        |
|    entropy_loss         | -0.283     |
|    explained_variance   | 0.395      |
|    learning_rate        | 0.0003     |
|    loss                 | 2.59       |
|    n_updates            | 305        |
|    policy_gradient_loss | -0.00881   |
|    value_loss           | 5.27       |
----------------------------------------
-------------------------------------------
| rollout/                |               |
|    ep_len_mean          | 10.1          |
|    ep_rew_mean          | 3.98          |
| time/                   |               |
|    fps                  | 274           |
|    iterations           | 63            |
|    time_elapsed         | 117           |
|    total_timesteps      | 32256         |
| train/                  |               |
|    approx_kl            | 0.00034176192 |
|    clip_fraction        | 0.027         |
|    clip_range           | 0.2           |
|    entropy_loss         | -0.234        |
|    explained_variance   | 0.382         |
|    learning_rate        | 0.0003        |
|    loss                 | 3.53          |
|    n_updates            | 310           |
|    policy_gradient_loss | -0.00687      |
|    value_loss           | 6.1           |
-------------------------------------------
-------------------------------------------
| rollout/                |               |
|    ep_len_mean          | 9.77          |
|    ep_rew_mean          | 3.44          |
| time/                   |               |
|    fps                  | 274           |
|    iterations           | 64            |
|    time_elapsed         | 119           |
|    total_timesteps      | 32768         |
| train/                  |               |
|    approx_kl            | 0.00031022582 |
|    clip_fraction        | 0             |
|    clip_range           | 0.2           |
|    entropy_loss         | -0.265        |
|    explained_variance   | 0.544         |
|    learning_rate        | 0.0003        |
|    loss                 | 5.64          |
|    n_updates            | 315           |
|    policy_gradient_loss | 0.0021        |
|    value_loss           | 9.47          |
-------------------------------------------
------------------------------------------
| rollout/                |              |
|    ep_len_mean          | 9.52         |
|    ep_rew_mean          | 3.4          |
| time/                   |              |
|    fps                  | 274          |
|    iterations           | 65           |
|    time_elapsed         | 121          |
|    total_timesteps      | 33280        |
| train/                  |              |
|    approx_kl            | 0.0006228533 |
|    clip_fraction        | 0.0207       |
|    clip_range           | 0.2          |
|    entropy_loss         | -0.297       |
|    explained_variance   | 0.44         |
|    learning_rate        | 0.0003       |
|    loss                 | 2.29         |
|    n_updates            | 320          |
|    policy_gradient_loss | -0.00314     |
|    value_loss           | 5.64         |
------------------------------------------
------------------------------------------
| rollout/                |              |
|    ep_len_mean          | 8.4          |
|    ep_rew_mean          | 2.69         |
| time/                   |              |
|    fps                  | 274          |
|    iterations           | 66           |
|    time_elapsed         | 122          |
|    total_timesteps      | 33792        |
| train/                  |              |
|    approx_kl            | 0.0014077276 |
|    clip_fraction        | 0.0195       |
|    clip_range           | 0.2          |
|    entropy_loss         | -0.252       |
|    explained_variance   | 0.482        |
|    learning_rate        | 0.0003       |
|    loss                 | 2.53         |
|    n_updates            | 325          |
|    policy_gradient_loss | -0.00923     |
|    value_loss           | 5.06         |
------------------------------------------
------------------------------------------
| rollout/                |              |
|    ep_len_mean          | 7.09         |
|    ep_rew_mean          | 2.69         |
| time/                   |              |
|    fps                  | 274          |
|    iterations           | 67           |
|    time_elapsed         | 124          |
|    total_timesteps      | 34304        |
| train/                  |              |
|    approx_kl            | 0.0011542717 |
|    clip_fraction        | 0.00156      |
|    clip_range           | 0.2          |
|    entropy_loss         | -0.257       |
|    explained_variance   | 0.475        |
|    learning_rate        | 0.0003       |
|    loss                 | 4.58         |
|    n_updates            | 330          |
|    policy_gradient_loss | -0.00398     |
|    value_loss           | 8.69         |
------------------------------------------
-----------------------------------------
| rollout/                |             |
|    ep_len_mean          | 8.88        |
|    ep_rew_mean          | 2.85        |
| time/                   |             |
|    fps                  | 275         |
|    iterations           | 68          |
|    time_elapsed         | 126         |
|    total_timesteps      | 34816       |
| train/                  |             |
|    approx_kl            | 0.002401432 |
|    clip_fraction        | 0.0398      |
|    clip_range           | 0.2         |
|    entropy_loss         | -0.25       |
|    explained_variance   | 0.567       |
|    learning_rate        | 0.0003      |
|    loss                 | 3.45        |
|    n_updates            | 335         |
|    policy_gradient_loss | -0.0147     |
|    value_loss           | 6.56        |
-----------------------------------------
----------------------------------------
| rollout/                |            |
|    ep_len_mean          | 8.07       |
|    ep_rew_mean          | 2.57       |
| time/                   |            |
|    fps                  | 275        |
|    iterations           | 69         |
|    time_elapsed         | 128        |
|    total_timesteps      | 35328      |
| train/                  |            |
|    approx_kl            | 0.01011196 |
|    clip_fraction        | 0.0816     |
|    clip_range           | 0.2        |
|    entropy_loss         | -0.316     |
|    explained_variance   | 0.429      |
|    learning_rate        | 0.0003     |
|    loss                 | 4.14       |
|    n_updates            | 340        |
|    policy_gradient_loss | 0.0103     |
|    value_loss           | 6.96       |
----------------------------------------
-------------------------------------------
| rollout/                |               |
|    ep_len_mean          | 7.94          |
|    ep_rew_mean          | 2.48          |
| time/                   |               |
|    fps                  | 275           |
|    iterations           | 70            |
|    time_elapsed         | 130           |
|    total_timesteps      | 35840         |
| train/                  |               |
|    approx_kl            | 0.00015252002 |
|    clip_fraction        | 0.0168        |
|    clip_range           | 0.2           |
|    entropy_loss         | -0.303        |
|    explained_variance   | 0.48          |
|    learning_rate        | 0.0003        |
|    loss                 | 4.18          |
|    n_updates            | 345           |
|    policy_gradient_loss | 0.00607       |
|    value_loss           | 7.52          |
-------------------------------------------
-----------------------------------------
| rollout/                |             |
|    ep_len_mean          | 6.16        |
|    ep_rew_mean          | 1.93        |
| time/                   |             |
|    fps                  | 275         |
|    iterations           | 71          |
|    time_elapsed         | 131         |
|    total_timesteps      | 36352       |
| train/                  |             |
|    approx_kl            | 0.006250191 |
|    clip_fraction        | 0.0223      |
|    clip_range           | 0.2         |
|    entropy_loss         | -0.338      |
|    explained_variance   | 0.403       |
|    learning_rate        | 0.0003      |
|    loss                 | 1.64        |
|    n_updates            | 350         |
|    policy_gradient_loss | 0.00449     |
|    value_loss           | 5.96        |
-----------------------------------------
------------------------------------------
| rollout/                |              |
|    ep_len_mean          | 6.96         |
|    ep_rew_mean          | 2.58         |
| time/                   |              |
|    fps                  | 275          |
|    iterations           | 72           |
|    time_elapsed         | 133          |
|    total_timesteps      | 36864        |
| train/                  |              |
|    approx_kl            | 0.0010169516 |
|    clip_fraction        | 0.0383       |
|    clip_range           | 0.2          |
|    entropy_loss         | -0.338       |
|    explained_variance   | 0.455        |
|    learning_rate        | 0.0003       |
|    loss                 | 1.63         |
|    n_updates            | 355          |
|    policy_gradient_loss | -0.01        |
|    value_loss           | 5.2          |
------------------------------------------
------------------------------------------
| rollout/                |              |
|    ep_len_mean          | 7.3          |
|    ep_rew_mean          | 3.04         |
| time/                   |              |
|    fps                  | 275          |
|    iterations           | 73           |
|    time_elapsed         | 135          |
|    total_timesteps      | 37376        |
| train/                  |              |
|    approx_kl            | 0.0019125459 |
|    clip_fraction        | 0.027        |
|    clip_range           | 0.2          |
|    entropy_loss         | -0.293       |
|    explained_variance   | 0.672        |
|    learning_rate        | 0.0003       |
|    loss                 | 1.61         |
|    n_updates            | 360          |
|    policy_gradient_loss | 0.000791     |
|    value_loss           | 3.42         |
------------------------------------------
-----------------------------------------
| rollout/                |             |
|    ep_len_mean          | 8.04        |
|    ep_rew_mean          | 3.22        |
| time/                   |             |
|    fps                  | 275         |
|    iterations           | 74          |
|    time_elapsed         | 137         |
|    total_timesteps      | 37888       |
| train/                  |             |
|    approx_kl            | 0.004730454 |
|    clip_fraction        | 0.0512      |
|    clip_range           | 0.2         |
|    entropy_loss         | -0.304      |
|    explained_variance   | 0.655       |
|    learning_rate        | 0.0003      |
|    loss                 | 2.4         |
|    n_updates            | 365         |
|    policy_gradient_loss | -0.0131     |
|    value_loss           | 6.06        |
-----------------------------------------
------------------------------------------
| rollout/                |              |
|    ep_len_mean          | 8.66         |
|    ep_rew_mean          | 3.57         |
| time/                   |              |
|    fps                  | 275          |
|    iterations           | 75           |
|    time_elapsed         | 139          |
|    total_timesteps      | 38400        |
| train/                  |              |
|    approx_kl            | 0.0006294246 |
|    clip_fraction        | 0.0145       |
|    clip_range           | 0.2          |
|    entropy_loss         | -0.256       |
|    explained_variance   | 0.707        |
|    learning_rate        | 0.0003       |
|    loss                 | 1.61         |
|    n_updates            | 370          |
|    policy_gradient_loss | -0.00686     |
|    value_loss           | 4.02         |
------------------------------------------
------------------------------------------
| rollout/                |              |
|    ep_len_mean          | 8.24         |
|    ep_rew_mean          | 3.12         |
| time/                   |              |
|    fps                  | 276          |
|    iterations           | 76           |
|    time_elapsed         | 140          |
|    total_timesteps      | 38912        |
| train/                  |              |
|    approx_kl            | 0.0032059113 |
|    clip_fraction        | 0.0465       |
|    clip_range           | 0.2          |
|    entropy_loss         | -0.269       |
|    explained_variance   | 0.594        |
|    learning_rate        | 0.0003       |
|    loss                 | 1.87         |
|    n_updates            | 375          |
|    policy_gradient_loss | -0.0168      |
|    value_loss           | 4            |
------------------------------------------
-------------------------------------------
| rollout/                |               |
|    ep_len_mean          | 8.36          |
|    ep_rew_mean          | 2.92          |
| time/                   |               |
|    fps                  | 276           |
|    iterations           | 77            |
|    time_elapsed         | 142           |
|    total_timesteps      | 39424         |
| train/                  |               |
|    approx_kl            | 0.00027345802 |
|    clip_fraction        | 0             |
|    clip_range           | 0.2           |
|    entropy_loss         | -0.307        |
|    explained_variance   | 0.504         |
|    learning_rate        | 0.0003        |
|    loss                 | 3.37          |
|    n_updates            | 380           |
|    policy_gradient_loss | -0.00129      |
|    value_loss           | 4.99          |
-------------------------------------------
-----------------------------------------
| rollout/                |             |
|    ep_len_mean          | 9.58        |
|    ep_rew_mean          | 3.58        |
| time/                   |             |
|    fps                  | 276         |
|    iterations           | 78          |
|    time_elapsed         | 144         |
|    total_timesteps      | 39936       |
| train/                  |             |
|    approx_kl            | 0.002168231 |
|    clip_fraction        | 0.0227      |
|    clip_range           | 0.2         |
|    entropy_loss         | -0.274      |
|    explained_variance   | 0.463       |
|    learning_rate        | 0.0003      |
|    loss                 | 2.92        |
|    n_updates            | 385         |
|    policy_gradient_loss | -0.00998    |
|    value_loss           | 5.03        |
-----------------------------------------
-------------------------------------------
| rollout/                |               |
|    ep_len_mean          | 9.99          |
|    ep_rew_mean          | 3.74          |
| time/                   |               |
|    fps                  | 276           |
|    iterations           | 79            |
|    time_elapsed         | 146           |
|    total_timesteps      | 40448         |
| train/                  |               |
|    approx_kl            | 9.0137415e-05 |
|    clip_fraction        | 0.00898       |
|    clip_range           | 0.2           |
|    entropy_loss         | -0.239        |
|    explained_variance   | 0.586         |
|    learning_rate        | 0.0003        |
|    loss                 | 2.11          |
|    n_updates            | 390           |
|    policy_gradient_loss | -0.00425      |
|    value_loss           | 4.29          |
-------------------------------------------
------------------------------------------
| rollout/                |              |
|    ep_len_mean          | 9.39         |
|    ep_rew_mean          | 3.38         |
| time/                   |              |
|    fps                  | 276          |
|    iterations           | 80           |
|    time_elapsed         | 148          |
|    total_timesteps      | 40960        |
| train/                  |              |
|    approx_kl            | 0.0006483992 |
|    clip_fraction        | 0.0168       |
|    clip_range           | 0.2          |
|    entropy_loss         | -0.278       |
|    explained_variance   | 0.592        |
|    learning_rate        | 0.0003       |
|    loss                 | 2.21         |
|    n_updates            | 395          |
|    policy_gradient_loss | 0.00367      |
|    value_loss           | 4.41         |
------------------------------------------
-------------------------------------------
| rollout/                |               |
|    ep_len_mean          | 9.11          |
|    ep_rew_mean          | 3             |
| time/                   |               |
|    fps                  | 276           |
|    iterations           | 81            |
|    time_elapsed         | 149           |
|    total_timesteps      | 41472         |
| train/                  |               |
|    approx_kl            | 0.00018699159 |
|    clip_fraction        | 0             |
|    clip_range           | 0.2           |
|    entropy_loss         | -0.249        |
|    explained_variance   | 0.582         |
|    learning_rate        | 0.0003        |
|    loss                 | 2.12          |
|    n_updates            | 400           |
|    policy_gradient_loss | -0.000348     |
|    value_loss           | 4.28          |
-------------------------------------------
------------------------------------------
| rollout/                |              |
|    ep_len_mean          | 9.2          |
|    ep_rew_mean          | 2.97         |
| time/                   |              |
|    fps                  | 276          |
|    iterations           | 82           |
|    time_elapsed         | 151          |
|    total_timesteps      | 41984        |
| train/                  |              |
|    approx_kl            | 0.0032832345 |
|    clip_fraction        | 0.0629       |
|    clip_range           | 0.2          |
|    entropy_loss         | -0.295       |
|    explained_variance   | 0.651        |
|    learning_rate        | 0.0003       |
|    loss                 | 3.34         |
|    n_updates            | 405          |
|    policy_gradient_loss | 0.00789      |
|    value_loss           | 6.93         |
------------------------------------------
------------------------------------------
| rollout/                |              |
|    ep_len_mean          | 8.96         |
|    ep_rew_mean          | 3.17         |
| time/                   |              |
|    fps                  | 276          |
|    iterations           | 83           |
|    time_elapsed         | 153          |
|    total_timesteps      | 42496        |
| train/                  |              |
|    approx_kl            | 0.0052629597 |
|    clip_fraction        | 0.0582       |
|    clip_range           | 0.2          |
|    entropy_loss         | -0.274       |
|    explained_variance   | 0.666        |
|    learning_rate        | 0.0003       |
|    loss                 | 2.24         |
|    n_updates            | 410          |
|    policy_gradient_loss | 0.00623      |
|    value_loss           | 4.66         |
------------------------------------------
------------------------------------------
| rollout/                |              |
|    ep_len_mean          | 9.08         |
|    ep_rew_mean          | 4.03         |
| time/                   |              |
|    fps                  | 276          |
|    iterations           | 84           |
|    time_elapsed         | 155          |
|    total_timesteps      | 43008        |
| train/                  |              |
|    approx_kl            | 0.0024652397 |
|    clip_fraction        | 0.0121       |
|    clip_range           | 0.2          |
|    entropy_loss         | -0.254       |
|    explained_variance   | 0.416        |
|    learning_rate        | 0.0003       |
|    loss                 | 5.3          |
|    n_updates            | 415          |
|    policy_gradient_loss | -0.00665     |
|    value_loss           | 7.92         |
------------------------------------------
------------------------------------------
| rollout/                |              |
|    ep_len_mean          | 8.88         |
|    ep_rew_mean          | 4            |
| time/                   |              |
|    fps                  | 276          |
|    iterations           | 85           |
|    time_elapsed         | 157          |
|    total_timesteps      | 43520        |
| train/                  |              |
|    approx_kl            | 0.0025137812 |
|    clip_fraction        | 0.041        |
|    clip_range           | 0.2          |
|    entropy_loss         | -0.223       |
|    explained_variance   | 0.707        |
|    learning_rate        | 0.0003       |
|    loss                 | 1.89         |
|    n_updates            | 420          |
|    policy_gradient_loss | -0.0117      |
|    value_loss           | 3.57         |
------------------------------------------
------------------------------------------
| rollout/                |              |
|    ep_len_mean          | 9.43         |
|    ep_rew_mean          | 3.79         |
| time/                   |              |
|    fps                  | 276          |
|    iterations           | 86           |
|    time_elapsed         | 159          |
|    total_timesteps      | 44032        |
| train/                  |              |
|    approx_kl            | 0.0021504485 |
|    clip_fraction        | 0.0301       |
|    clip_range           | 0.2          |
|    entropy_loss         | -0.208       |
|    explained_variance   | 0.413        |
|    learning_rate        | 0.0003       |
|    loss                 | 3.71         |
|    n_updates            | 425          |
|    policy_gradient_loss | -0.0108      |
|    value_loss           | 5.76         |
------------------------------------------
------------------------------------------
| rollout/                |              |
|    ep_len_mean          | 8.49         |
|    ep_rew_mean          | 3.09         |
| time/                   |              |
|    fps                  | 276          |
|    iterations           | 87           |
|    time_elapsed         | 161          |
|    total_timesteps      | 44544        |
| train/                  |              |
|    approx_kl            | 0.0008242474 |
|    clip_fraction        | 0.00234      |
|    clip_range           | 0.2          |
|    entropy_loss         | -0.244       |
|    explained_variance   | 0.389        |
|    learning_rate        | 0.0003       |
|    loss                 | 2.89         |
|    n_updates            | 430          |
|    policy_gradient_loss | 0.00174      |
|    value_loss           | 6.36         |
------------------------------------------
------------------------------------------
| rollout/                |              |
|    ep_len_mean          | 9.52         |
|    ep_rew_mean          | 3.92         |
| time/                   |              |
|    fps                  | 276          |
|    iterations           | 88           |
|    time_elapsed         | 163          |
|    total_timesteps      | 45056        |
| train/                  |              |
|    approx_kl            | 0.0018337307 |
|    clip_fraction        | 0.0187       |
|    clip_range           | 0.2          |
|    entropy_loss         | -0.239       |
|    explained_variance   | 0.552        |
|    learning_rate        | 0.0003       |
|    loss                 | 2.18         |
|    n_updates            | 435          |
|    policy_gradient_loss | -0.00932     |
|    value_loss           | 5.09         |
------------------------------------------
------------------------------------------
| rollout/                |              |
|    ep_len_mean          | 9.68         |
|    ep_rew_mean          | 3.84         |
| time/                   |              |
|    fps                  | 276          |
|    iterations           | 89           |
|    time_elapsed         | 164          |
|    total_timesteps      | 45568        |
| train/                  |              |
|    approx_kl            | 0.0026379786 |
|    clip_fraction        | 0.0105       |
|    clip_range           | 0.2          |
|    entropy_loss         | -0.199       |
|    explained_variance   | 0.629        |
|    learning_rate        | 0.0003       |
|    loss                 | 2.14         |
|    n_updates            | 440          |
|    policy_gradient_loss | 0.000991     |
|    value_loss           | 5.56         |
------------------------------------------
------------------------------------------
| rollout/                |              |
|    ep_len_mean          | 8.43         |
|    ep_rew_mean          | 3.65         |
| time/                   |              |
|    fps                  | 276          |
|    iterations           | 90           |
|    time_elapsed         | 166          |
|    total_timesteps      | 46080        |
| train/                  |              |
|    approx_kl            | 0.0013140208 |
|    clip_fraction        | 0.000781     |
|    clip_range           | 0.2          |
|    entropy_loss         | -0.275       |
|    explained_variance   | 0.528        |
|    learning_rate        | 0.0003       |
|    loss                 | 1.42         |
|    n_updates            | 445          |
|    policy_gradient_loss | -0.00205     |
|    value_loss           | 5.47         |
------------------------------------------
-----------------------------------------
| rollout/                |             |
|    ep_len_mean          | 9.18        |
|    ep_rew_mean          | 3.44        |
| time/                   |             |
|    fps                  | 275         |
|    iterations           | 91          |
|    time_elapsed         | 168         |
|    total_timesteps      | 46592       |
| train/                  |             |
|    approx_kl            | 0.002052927 |
|    clip_fraction        | 0.0215      |
|    clip_range           | 0.2         |
|    entropy_loss         | -0.26       |
|    explained_variance   | 0.524       |
|    learning_rate        | 0.0003      |
|    loss                 | 1.89        |
|    n_updates            | 450         |
|    policy_gradient_loss | -0.0112     |
|    value_loss           | 4.31        |
-----------------------------------------
-----------------------------------------
| rollout/                |             |
|    ep_len_mean          | 8.96        |
|    ep_rew_mean          | 3.22        |
| time/                   |             |
|    fps                  | 276         |
|    iterations           | 92          |
|    time_elapsed         | 170         |
|    total_timesteps      | 47104       |
| train/                  |             |
|    approx_kl            | 0.011898238 |
|    clip_fraction        | 0.0598      |
|    clip_range           | 0.2         |
|    entropy_loss         | -0.294      |
|    explained_variance   | 0.429       |
|    learning_rate        | 0.0003      |
|    loss                 | 3.72        |
|    n_updates            | 455         |
|    policy_gradient_loss | 0.00801     |
|    value_loss           | 8           |
-----------------------------------------
------------------------------------------
| rollout/                |              |
|    ep_len_mean          | 8.12         |
|    ep_rew_mean          | 3.01         |
| time/                   |              |
|    fps                  | 276          |
|    iterations           | 93           |
|    time_elapsed         | 172          |
|    total_timesteps      | 47616        |
| train/                  |              |
|    approx_kl            | 0.0005676708 |
|    clip_fraction        | 0.0266       |
|    clip_range           | 0.2          |
|    entropy_loss         | -0.254       |
|    explained_variance   | 0.475        |
|    learning_rate        | 0.0003       |
|    loss                 | 2.19         |
|    n_updates            | 460          |
|    policy_gradient_loss | -0.00637     |
|    value_loss           | 4.8          |
------------------------------------------
-----------------------------------------
| rollout/                |             |
|    ep_len_mean          | 9.22        |
|    ep_rew_mean          | 4.21        |
| time/                   |             |
|    fps                  | 276         |
|    iterations           | 94          |
|    time_elapsed         | 173         |
|    total_timesteps      | 48128       |
| train/                  |             |
|    approx_kl            | 0.002270494 |
|    clip_fraction        | 0.0465      |
|    clip_range           | 0.2         |
|    entropy_loss         | -0.238      |
|    explained_variance   | 0.409       |
|    learning_rate        | 0.0003      |
|    loss                 | 2.72        |
|    n_updates            | 465         |
|    policy_gradient_loss | -0.0124     |
|    value_loss           | 5.26        |
-----------------------------------------
------------------------------------------
| rollout/                |              |
|    ep_len_mean          | 8.89         |
|    ep_rew_mean          | 3.71         |
| time/                   |              |
|    fps                  | 276          |
|    iterations           | 95           |
|    time_elapsed         | 175          |
|    total_timesteps      | 48640        |
| train/                  |              |
|    approx_kl            | 3.741501e-05 |
|    clip_fraction        | 0.00781      |
|    clip_range           | 0.2          |
|    entropy_loss         | -0.223       |
|    explained_variance   | 0.552        |
|    learning_rate        | 0.0003       |
|    loss                 | 3.19         |
|    n_updates            | 470          |
|    policy_gradient_loss | -0.00437     |
|    value_loss           | 7.59         |
------------------------------------------
------------------------------------------
| rollout/                |              |
|    ep_len_mean          | 8.47         |
|    ep_rew_mean          | 3.19         |
| time/                   |              |
|    fps                  | 276          |
|    iterations           | 96           |
|    time_elapsed         | 177          |
|    total_timesteps      | 49152        |
| train/                  |              |
|    approx_kl            | 0.0014499888 |
|    clip_fraction        | 0.0105       |
|    clip_range           | 0.2          |
|    entropy_loss         | -0.278       |
|    explained_variance   | 0.464        |
|    learning_rate        | 0.0003       |
|    loss                 | 3.15         |
|    n_updates            | 475          |
|    policy_gradient_loss | -0.00855     |
|    value_loss           | 8.6          |
------------------------------------------
-------------------------------------------
| rollout/                |               |
|    ep_len_mean          | 10.2          |
|    ep_rew_mean          | 3.99          |
| time/                   |               |
|    fps                  | 276           |
|    iterations           | 97            |
|    time_elapsed         | 179           |
|    total_timesteps      | 49664         |
| train/                  |               |
|    approx_kl            | 0.00073552085 |
|    clip_fraction        | 0.0082        |
|    clip_range           | 0.2           |
|    entropy_loss         | -0.234        |
|    explained_variance   | 0.609         |
|    learning_rate        | 0.0003        |
|    loss                 | 2.37          |
|    n_updates            | 480           |
|    policy_gradient_loss | -0.0058       |
|    value_loss           | 6.78          |
-------------------------------------------
-------------------------------------------
| rollout/                |               |
|    ep_len_mean          | 10.8          |
|    ep_rew_mean          | 4             |
| time/                   |               |
|    fps                  | 277           |
|    iterations           | 98            |
|    time_elapsed         | 181           |
|    total_timesteps      | 50176         |
| train/                  |               |
|    approx_kl            | 0.00032281893 |
|    clip_fraction        | 0.00117       |
|    clip_range           | 0.2           |
|    entropy_loss         | -0.216        |
|    explained_variance   | 0.441         |
|    learning_rate        | 0.0003        |
|    loss                 | 3.29          |
|    n_updates            | 485           |
|    policy_gradient_loss | 0.00199       |
|    value_loss           | 7.3           |
-------------------------------------------
-----------------------------------------
| rollout/                |             |
|    ep_len_mean          | 9.54        |
|    ep_rew_mean          | 3.65        |
| time/                   |             |
|    fps                  | 277         |
|    iterations           | 99          |
|    time_elapsed         | 182         |
|    total_timesteps      | 50688       |
| train/                  |             |
|    approx_kl            | 0.017812308 |
|    clip_fraction        | 0.0434      |
|    clip_range           | 0.2         |
|    entropy_loss         | -0.23       |
|    explained_variance   | 0.639       |
|    learning_rate        | 0.0003      |
|    loss                 | 3.04        |
|    n_updates            | 490         |
|    policy_gradient_loss | 0.00352     |
|    value_loss           | 6.88        |
-----------------------------------------
------------------------------------------
| rollout/                |              |
|    ep_len_mean          | 7.56         |
|    ep_rew_mean          | 2.32         |
| time/                   |              |
|    fps                  | 277          |
|    iterations           | 100          |
|    time_elapsed         | 184          |
|    total_timesteps      | 51200        |
| train/                  |              |
|    approx_kl            | 0.0023969621 |
|    clip_fraction        | 0.0145       |
|    clip_range           | 0.2          |
|    entropy_loss         | -0.201       |
|    explained_variance   | 0.825        |
|    learning_rate        | 0.0003       |
|    loss                 | 1.77         |
|    n_updates            | 495          |
|    policy_gradient_loss | -0.00678     |
|    value_loss           | 3.08         |
------------------------------------------
------------------------------------------
| rollout/                |              |
|    ep_len_mean          | 9.03         |
|    ep_rew_mean          | 3.29         |
| time/                   |              |
|    fps                  | 277          |
|    iterations           | 101          |
|    time_elapsed         | 186          |
|    total_timesteps      | 51712        |
| train/                  |              |
|    approx_kl            | 0.0002830404 |
|    clip_fraction        | 0.000781     |
|    clip_range           | 0.2          |
|    entropy_loss         | -0.273       |
|    explained_variance   | 0.531        |
|    learning_rate        | 0.0003       |
|    loss                 | 3.39         |
|    n_updates            | 500          |
|    policy_gradient_loss | -0.00135     |
|    value_loss           | 5.93         |
------------------------------------------
------------------------------------------
| rollout/                |              |
|    ep_len_mean          | 9.94         |
|    ep_rew_mean          | 4.46         |
| time/                   |              |
|    fps                  | 277          |
|    iterations           | 102          |
|    time_elapsed         | 188          |
|    total_timesteps      | 52224        |
| train/                  |              |
|    approx_kl            | 0.0012353756 |
|    clip_fraction        | 0.0156       |
|    clip_range           | 0.2          |
|    entropy_loss         | -0.259       |
|    explained_variance   | 0.646        |
|    learning_rate        | 0.0003       |
|    loss                 | 4.04         |
|    n_updates            | 505          |
|    policy_gradient_loss | -0.00395     |
|    value_loss           | 7.92         |
------------------------------------------
------------------------------------------
| rollout/                |              |
|    ep_len_mean          | 8.96         |
|    ep_rew_mean          | 3.75         |
| time/                   |              |
|    fps                  | 277          |
|    iterations           | 103          |
|    time_elapsed         | 190          |
|    total_timesteps      | 52736        |
| train/                  |              |
|    approx_kl            | 0.0018762244 |
|    clip_fraction        | 0.0258       |
|    clip_range           | 0.2          |
|    entropy_loss         | -0.204       |
|    explained_variance   | 0.615        |
|    learning_rate        | 0.0003       |
|    loss                 | 3.65         |
|    n_updates            | 510          |
|    policy_gradient_loss | -0.00762     |
|    value_loss           | 6.55         |
------------------------------------------
------------------------------------------
| rollout/                |              |
|    ep_len_mean          | 8.49         |
|    ep_rew_mean          | 3.1          |
| time/                   |              |
|    fps                  | 277          |
|    iterations           | 104          |
|    time_elapsed         | 192          |
|    total_timesteps      | 53248        |
| train/                  |              |
|    approx_kl            | 0.0023775804 |
|    clip_fraction        | 0.0141       |
|    clip_range           | 0.2          |
|    entropy_loss         | -0.216       |
|    explained_variance   | 0.557        |
|    learning_rate        | 0.0003       |
|    loss                 | 3.65         |
|    n_updates            | 515          |
|    policy_gradient_loss | -0.00529     |
|    value_loss           | 7.38         |
------------------------------------------
-------------------------------------------
| rollout/                |               |
|    ep_len_mean          | 9.08          |
|    ep_rew_mean          | 3.43          |
| time/                   |               |
|    fps                  | 276           |
|    iterations           | 105           |
|    time_elapsed         | 194           |
|    total_timesteps      | 53760         |
| train/                  |               |
|    approx_kl            | 0.00055551087 |
|    clip_fraction        | 0.00313       |
|    clip_range           | 0.2           |
|    entropy_loss         | -0.276        |
|    explained_variance   | 0.423         |
|    learning_rate        | 0.0003        |
|    loss                 | 2.58          |
|    n_updates            | 520           |
|    policy_gradient_loss | -0.00107      |
|    value_loss           | 5.48          |
-------------------------------------------
------------------------------------------
| rollout/                |              |
|    ep_len_mean          | 9.07         |
|    ep_rew_mean          | 3.07         |
| time/                   |              |
|    fps                  | 276          |
|    iterations           | 106          |
|    time_elapsed         | 196          |
|    total_timesteps      | 54272        |
| train/                  |              |
|    approx_kl            | 0.0012952758 |
|    clip_fraction        | 0.00937      |
|    clip_range           | 0.2          |
|    entropy_loss         | -0.233       |
|    explained_variance   | 0.601        |
|    learning_rate        | 0.0003       |
|    loss                 | 4.33         |
|    n_updates            | 525          |
|    policy_gradient_loss | -0.00342     |
|    value_loss           | 7.77         |
------------------------------------------
------------------------------------------
| rollout/                |              |
|    ep_len_mean          | 8.7          |
|    ep_rew_mean          | 3.22         |
| time/                   |              |
|    fps                  | 276          |
|    iterations           | 107          |
|    time_elapsed         | 197          |
|    total_timesteps      | 54784        |
| train/                  |              |
|    approx_kl            | 0.0079261465 |
|    clip_fraction        | 0.0531       |
|    clip_range           | 0.2          |
|    entropy_loss         | -0.288       |
|    explained_variance   | 0.517        |
|    learning_rate        | 0.0003       |
|    loss                 | 3.79         |
|    n_updates            | 530          |
|    policy_gradient_loss | 0.00648      |
|    value_loss           | 7.19         |
------------------------------------------
-----------------------------------------
| rollout/                |             |
|    ep_len_mean          | 7.79        |
|    ep_rew_mean          | 3           |
| time/                   |             |
|    fps                  | 277         |
|    iterations           | 108         |
|    time_elapsed         | 199         |
|    total_timesteps      | 55296       |
| train/                  |             |
|    approx_kl            | 0.000633939 |
|    clip_fraction        | 0.00508     |
|    clip_range           | 0.2         |
|    entropy_loss         | -0.22       |
|    explained_variance   | 0.577       |
|    learning_rate        | 0.0003      |
|    loss                 | 4.18        |
|    n_updates            | 535         |
|    policy_gradient_loss | -0.00561    |
|    value_loss           | 6.16        |
-----------------------------------------
------------------------------------------
| rollout/                |              |
|    ep_len_mean          | 9.76         |
|    ep_rew_mean          | 3.84         |
| time/                   |              |
|    fps                  | 277          |
|    iterations           | 109          |
|    time_elapsed         | 201          |
|    total_timesteps      | 55808        |
| train/                  |              |
|    approx_kl            | 0.0020005105 |
|    clip_fraction        | 0.00547      |
|    clip_range           | 0.2          |
|    entropy_loss         | -0.278       |
|    explained_variance   | 0.623        |
|    learning_rate        | 0.0003       |
|    loss                 | 1.74         |
|    n_updates            | 540          |
|    policy_gradient_loss | -0.0024      |
|    value_loss           | 3.78         |
------------------------------------------
------------------------------------------
| rollout/                |              |
|    ep_len_mean          | 10.8         |
|    ep_rew_mean          | 3.86         |
| time/                   |              |
|    fps                  | 277          |
|    iterations           | 110          |
|    time_elapsed         | 203          |
|    total_timesteps      | 56320        |
| train/                  |              |
|    approx_kl            | 6.550166e-05 |
|    clip_fraction        | 0            |
|    clip_range           | 0.2          |
|    entropy_loss         | -0.22        |
|    explained_variance   | 0.606        |
|    learning_rate        | 0.0003       |
|    loss                 | 3.32         |
|    n_updates            | 545          |
|    policy_gradient_loss | 0.000721     |
|    value_loss           | 7.66         |
------------------------------------------
-----------------------------------------
| rollout/                |             |
|    ep_len_mean          | 7.46        |
|    ep_rew_mean          | 2.21        |
| time/                   |             |
|    fps                  | 277         |
|    iterations           | 111         |
|    time_elapsed         | 204         |
|    total_timesteps      | 56832       |
| train/                  |             |
|    approx_kl            | 0.026261535 |
|    clip_fraction        | 0.101       |
|    clip_range           | 0.2         |
|    entropy_loss         | -0.334      |
|    explained_variance   | 0.46        |
|    learning_rate        | 0.0003      |
|    loss                 | 3.1         |
|    n_updates            | 550         |
|    policy_gradient_loss | 0.0182      |
|    value_loss           | 7.37        |
-----------------------------------------
------------------------------------------
| rollout/                |              |
|    ep_len_mean          | 7.48         |
|    ep_rew_mean          | 2.25         |
| time/                   |              |
|    fps                  | 277          |
|    iterations           | 112          |
|    time_elapsed         | 206          |
|    total_timesteps      | 57344        |
| train/                  |              |
|    approx_kl            | 0.0023441685 |
|    clip_fraction        | 0.0207       |
|    clip_range           | 0.2          |
|    entropy_loss         | -0.284       |
|    explained_variance   | 0.645        |
|    learning_rate        | 0.0003       |
|    loss                 | 1.76         |
|    n_updates            | 555          |
|    policy_gradient_loss | -0.00986     |
|    value_loss           | 4.81         |
------------------------------------------
-------------------------------------------
| rollout/                |               |
|    ep_len_mean          | 8.9           |
|    ep_rew_mean          | 3.74          |
| time/                   |               |
|    fps                  | 277           |
|    iterations           | 113           |
|    time_elapsed         | 208           |
|    total_timesteps      | 57856         |
| train/                  |               |
|    approx_kl            | 0.00022268185 |
|    clip_fraction        | 0             |
|    clip_range           | 0.2           |
|    entropy_loss         | -0.263        |
|    explained_variance   | 0.635         |
|    learning_rate        | 0.0003        |
|    loss                 | 2.17          |
|    n_updates            | 560           |
|    policy_gradient_loss | 0.00128       |
|    value_loss           | 4.96          |
-------------------------------------------
------------------------------------------
| rollout/                |              |
|    ep_len_mean          | 9.79         |
|    ep_rew_mean          | 4.46         |
| time/                   |              |
|    fps                  | 277          |
|    iterations           | 114          |
|    time_elapsed         | 210          |
|    total_timesteps      | 58368        |
| train/                  |              |
|    approx_kl            | 0.0020335144 |
|    clip_fraction        | 0.0152       |
|    clip_range           | 0.2          |
|    entropy_loss         | -0.175       |
|    explained_variance   | 0.723        |
|    learning_rate        | 0.0003       |
|    loss                 | 1.55         |
|    n_updates            | 565          |
|    policy_gradient_loss | -0.00815     |
|    value_loss           | 4.17         |
------------------------------------------
-------------------------------------------
| rollout/                |               |
|    ep_len_mean          | 9.24          |
|    ep_rew_mean          | 3.42          |
| time/                   |               |
|    fps                  | 277           |
|    iterations           | 115           |
|    time_elapsed         | 212           |
|    total_timesteps      | 58880         |
| train/                  |               |
|    approx_kl            | 0.00023459789 |
|    clip_fraction        | 0             |
|    clip_range           | 0.2           |
|    entropy_loss         | -0.263        |
|    explained_variance   | 0.553         |
|    learning_rate        | 0.0003        |
|    loss                 | 4.03          |
|    n_updates            | 570           |
|    policy_gradient_loss | 0.00223       |
|    value_loss           | 7.9           |
-------------------------------------------
------------------------------------------
| rollout/                |              |
|    ep_len_mean          | 7.17         |
|    ep_rew_mean          | 2.67         |
| time/                   |              |
|    fps                  | 277          |
|    iterations           | 116          |
|    time_elapsed         | 214          |
|    total_timesteps      | 59392        |
| train/                  |              |
|    approx_kl            | 0.0113269985 |
|    clip_fraction        | 0.0473       |
|    clip_range           | 0.2          |
|    entropy_loss         | -0.266       |
|    explained_variance   | 0.542        |
|    learning_rate        | 0.0003       |
|    loss                 | 3.59         |
|    n_updates            | 575          |
|    policy_gradient_loss | 0.00518      |
|    value_loss           | 11.2         |
------------------------------------------
-----------------------------------------
| rollout/                |             |
|    ep_len_mean          | 7.83        |
|    ep_rew_mean          | 2.63        |
| time/                   |             |
|    fps                  | 277         |
|    iterations           | 117         |
|    time_elapsed         | 215         |
|    total_timesteps      | 59904       |
| train/                  |             |
|    approx_kl            | 0.002375135 |
|    clip_fraction        | 0.034       |
|    clip_range           | 0.2         |
|    entropy_loss         | -0.267      |
|    explained_variance   | 0.513       |
|    learning_rate        | 0.0003      |
|    loss                 | 2.11        |
|    n_updates            | 580         |
|    policy_gradient_loss | -0.0123     |
|    value_loss           | 4.17        |
-----------------------------------------
-----------------------------------------
| rollout/                |             |
|    ep_len_mean          | 7.4         |
|    ep_rew_mean          | 2.96        |
| time/                   |             |
|    fps                  | 277         |
|    iterations           | 118         |
|    time_elapsed         | 217         |
|    total_timesteps      | 60416       |
| train/                  |             |
|    approx_kl            | 0.010243118 |
|    clip_fraction        | 0.0824      |
|    clip_range           | 0.2         |
|    entropy_loss         | -0.294      |
|    explained_variance   | 0.456       |
|    learning_rate        | 0.0003      |
|    loss                 | 4.16        |
|    n_updates            | 585         |
|    policy_gradient_loss | 0.00723     |
|    value_loss           | 8.75        |
-----------------------------------------
------------------------------------------
| rollout/                |              |
|    ep_len_mean          | 7.91         |
|    ep_rew_mean          | 3.31         |
| time/                   |              |
|    fps                  | 277          |
|    iterations           | 119          |
|    time_elapsed         | 219          |
|    total_timesteps      | 60928        |
| train/                  |              |
|    approx_kl            | 0.0028015152 |
|    clip_fraction        | 0.0492       |
|    clip_range           | 0.2          |
|    entropy_loss         | -0.237       |
|    explained_variance   | 0.676        |
|    learning_rate        | 0.0003       |
|    loss                 | 2.03         |
|    n_updates            | 590          |
|    policy_gradient_loss | -0.0118      |
|    value_loss           | 3.7          |
------------------------------------------
------------------------------------------
| rollout/                |              |
|    ep_len_mean          | 7.54         |
|    ep_rew_mean          | 3.1          |
| time/                   |              |
|    fps                  | 277          |
|    iterations           | 120          |
|    time_elapsed         | 221          |
|    total_timesteps      | 61440        |
| train/                  |              |
|    approx_kl            | 0.0028055403 |
|    clip_fraction        | 0.00898      |
|    clip_range           | 0.2          |
|    entropy_loss         | -0.281       |
|    explained_variance   | 0.556        |
|    learning_rate        | 0.0003       |
|    loss                 | 3.62         |
|    n_updates            | 595          |
|    policy_gradient_loss | -0.000516    |
|    value_loss           | 5.8          |
------------------------------------------
-----------------------------------------
| rollout/                |             |
|    ep_len_mean          | 7.82        |
|    ep_rew_mean          | 3.13        |
| time/                   |             |
|    fps                  | 277         |
|    iterations           | 121         |
|    time_elapsed         | 223         |
|    total_timesteps      | 61952       |
| train/                  |             |
|    approx_kl            | 0.007979965 |
|    clip_fraction        | 0.0254      |
|    clip_range           | 0.2         |
|    entropy_loss         | -0.258      |
|    explained_variance   | 0.633       |
|    learning_rate        | 0.0003      |
|    loss                 | 2.63        |
|    n_updates            | 600         |
|    policy_gradient_loss | -0.00441    |
|    value_loss           | 5.02        |
-----------------------------------------
-----------------------------------------
| rollout/                |             |
|    ep_len_mean          | 7.12        |
|    ep_rew_mean          | 2.88        |
| time/                   |             |
|    fps                  | 277         |
|    iterations           | 122         |
|    time_elapsed         | 224         |
|    total_timesteps      | 62464       |
| train/                  |             |
|    approx_kl            | 0.018036464 |
|    clip_fraction        | 0.0891      |
|    clip_range           | 0.2         |
|    entropy_loss         | -0.279      |
|    explained_variance   | 0.535       |
|    learning_rate        | 0.0003      |
|    loss                 | 5.22        |
|    n_updates            | 605         |
|    policy_gradient_loss | 0.00988     |
|    value_loss           | 9.54        |
-----------------------------------------
------------------------------------------
| rollout/                |              |
|    ep_len_mean          | 5.43         |
|    ep_rew_mean          | 1.91         |
| time/                   |              |
|    fps                  | 277          |
|    iterations           | 123          |
|    time_elapsed         | 226          |
|    total_timesteps      | 62976        |
| train/                  |              |
|    approx_kl            | 0.0007720685 |
|    clip_fraction        | 0.0187       |
|    clip_range           | 0.2          |
|    entropy_loss         | -0.284       |
|    explained_variance   | 0.727        |
|    learning_rate        | 0.0003       |
|    loss                 | 1.19         |
|    n_updates            | 610          |
|    policy_gradient_loss | -0.00516     |
|    value_loss           | 3.54         |
------------------------------------------
-----------------------------------------
| rollout/                |             |
|    ep_len_mean          | 6.17        |
|    ep_rew_mean          | 2.5         |
| time/                   |             |
|    fps                  | 277         |
|    iterations           | 124         |
|    time_elapsed         | 228         |
|    total_timesteps      | 63488       |
| train/                  |             |
|    approx_kl            | 0.005120383 |
|    clip_fraction        | 0.0566      |
|    clip_range           | 0.2         |
|    entropy_loss         | -0.315      |
|    explained_variance   | 0.602       |
|    learning_rate        | 0.0003      |
|    loss                 | 2.92        |
|    n_updates            | 615         |
|    policy_gradient_loss | -0.00701    |
|    value_loss           | 4.12        |
-----------------------------------------
------------------------------------------
| rollout/                |              |
|    ep_len_mean          | 7.1          |
|    ep_rew_mean          | 2.55         |
| time/                   |              |
|    fps                  | 277          |
|    iterations           | 125          |
|    time_elapsed         | 230          |
|    total_timesteps      | 64000        |
| train/                  |              |
|    approx_kl            | 0.0038549255 |
|    clip_fraction        | 0.0688       |
|    clip_range           | 0.2          |
|    entropy_loss         | -0.238       |
|    explained_variance   | 0.62         |
|    learning_rate        | 0.0003       |
|    loss                 | 1.83         |
|    n_updates            | 620          |
|    policy_gradient_loss | -0.0194      |
|    value_loss           | 3.27         |
------------------------------------------
------------------------------------------
| rollout/                |              |
|    ep_len_mean          | 7.58         |
|    ep_rew_mean          | 3.07         |
| time/                   |              |
|    fps                  | 277          |
|    iterations           | 126          |
|    time_elapsed         | 232          |
|    total_timesteps      | 64512        |
| train/                  |              |
|    approx_kl            | 0.0019851653 |
|    clip_fraction        | 0.0102       |
|    clip_range           | 0.2          |
|    entropy_loss         | -0.28        |
|    explained_variance   | 0.55         |
|    learning_rate        | 0.0003       |
|    loss                 | 4.15         |
|    n_updates            | 625          |
|    policy_gradient_loss | 0.000621     |
|    value_loss           | 7.59         |
------------------------------------------
-------------------------------------------
| rollout/                |               |
|    ep_len_mean          | 7.12          |
|    ep_rew_mean          | 3.2           |
| time/                   |               |
|    fps                  | 277           |
|    iterations           | 127           |
|    time_elapsed         | 234           |
|    total_timesteps      | 65024         |
| train/                  |               |
|    approx_kl            | 0.00033623906 |
|    clip_fraction        | 0.0117        |
|    clip_range           | 0.2           |
|    entropy_loss         | -0.258        |
|    explained_variance   | 0.664         |
|    learning_rate        | 0.0003        |
|    loss                 | 2.43          |
|    n_updates            | 630           |
|    policy_gradient_loss | -0.00678      |
|    value_loss           | 4.48          |
-------------------------------------------
------------------------------------------
| rollout/                |              |
|    ep_len_mean          | 8.66         |
|    ep_rew_mean          | 3.51         |
| time/                   |              |
|    fps                  | 277          |
|    iterations           | 128          |
|    time_elapsed         | 235          |
|    total_timesteps      | 65536        |
| train/                  |              |
|    approx_kl            | 0.0008741301 |
|    clip_fraction        | 0.0043       |
|    clip_range           | 0.2          |
|    entropy_loss         | -0.234       |
|    explained_variance   | 0.542        |
|    learning_rate        | 0.0003       |
|    loss                 | 3.24         |
|    n_updates            | 635          |
|    policy_gradient_loss | -0.00526     |
|    value_loss           | 9.55         |
------------------------------------------
------------------------------------------
| rollout/                |              |
|    ep_len_mean          | 8.23         |
|    ep_rew_mean          | 3.19         |
| time/                   |              |
|    fps                  | 278          |
|    iterations           | 129          |
|    time_elapsed         | 237          |
|    total_timesteps      | 66048        |
| train/                  |              |
|    approx_kl            | 0.0008583855 |
|    clip_fraction        | 0.000391     |
|    clip_range           | 0.2          |
|    entropy_loss         | -0.229       |
|    explained_variance   | 0.679        |
|    learning_rate        | 0.0003       |
|    loss                 | 1.99         |
|    n_updates            | 640          |
|    policy_gradient_loss | -0.00298     |
|    value_loss           | 4.88         |
------------------------------------------
-----------------------------------------
| rollout/                |             |
|    ep_len_mean          | 6.67        |
|    ep_rew_mean          | 2.41        |
| time/                   |             |
|    fps                  | 278         |
|    iterations           | 130         |
|    time_elapsed         | 239         |
|    total_timesteps      | 66560       |
| train/                  |             |
|    approx_kl            | 0.018964939 |
|    clip_fraction        | 0.138       |
|    clip_range           | 0.2         |
|    entropy_loss         | -0.331      |
|    explained_variance   | 0.588       |
|    learning_rate        | 0.0003      |
|    loss                 | 3.22        |
|    n_updates            | 645         |
|    policy_gradient_loss | 0.0216      |
|    value_loss           | 4.83        |
-----------------------------------------
------------------------------------------
| rollout/                |              |
|    ep_len_mean          | 7.24         |
|    ep_rew_mean          | 2.71         |
| time/                   |              |
|    fps                  | 278          |
|    iterations           | 131          |
|    time_elapsed         | 241          |
|    total_timesteps      | 67072        |
| train/                  |              |
|    approx_kl            | 0.0029333543 |
|    clip_fraction        | 0.0395       |
|    clip_range           | 0.2          |
|    entropy_loss         | -0.3         |
|    explained_variance   | 0.56         |
|    learning_rate        | 0.0003       |
|    loss                 | 1.81         |
|    n_updates            | 650          |
|    policy_gradient_loss | -0.0112      |
|    value_loss           | 4            |
------------------------------------------
-----------------------------------------
| rollout/                |             |
|    ep_len_mean          | 7.89        |
|    ep_rew_mean          | 3.12        |
| time/                   |             |
|    fps                  | 277         |
|    iterations           | 132         |
|    time_elapsed         | 243         |
|    total_timesteps      | 67584       |
| train/                  |             |
|    approx_kl            | 0.004091424 |
|    clip_fraction        | 0.0566      |
|    clip_range           | 0.2         |
|    entropy_loss         | -0.246      |
|    explained_variance   | 0.671       |
|    learning_rate        | 0.0003      |
|    loss                 | 2.36        |
|    n_updates            | 655         |
|    policy_gradient_loss | -0.0144     |
|    value_loss           | 4.42        |
-----------------------------------------
------------------------------------------
| rollout/                |              |
|    ep_len_mean          | 7.21         |
|    ep_rew_mean          | 2.81         |
| time/                   |              |
|    fps                  | 277          |
|    iterations           | 133          |
|    time_elapsed         | 245          |
|    total_timesteps      | 68096        |
| train/                  |              |
|    approx_kl            | 0.0025204122 |
|    clip_fraction        | 0.0223       |
|    clip_range           | 0.2          |
|    entropy_loss         | -0.297       |
|    explained_variance   | 0.659        |
|    learning_rate        | 0.0003       |
|    loss                 | 2.62         |
|    n_updates            | 660          |
|    policy_gradient_loss | -0.00354     |
|    value_loss           | 4.45         |
------------------------------------------
------------------------------------------
| rollout/                |              |
|    ep_len_mean          | 7.07         |
|    ep_rew_mean          | 2.68         |
| time/                   |              |
|    fps                  | 277          |
|    iterations           | 134          |
|    time_elapsed         | 247          |
|    total_timesteps      | 68608        |
| train/                  |              |
|    approx_kl            | 0.0021894374 |
|    clip_fraction        | 0.0184       |
|    clip_range           | 0.2          |
|    entropy_loss         | -0.228       |
|    explained_variance   | 0.647        |
|    learning_rate        | 0.0003       |
|    loss                 | 4.44         |
|    n_updates            | 665          |
|    policy_gradient_loss | -0.00797     |
|    value_loss           | 8.06         |
------------------------------------------
------------------------------------------
| rollout/                |              |
|    ep_len_mean          | 6.3          |
|    ep_rew_mean          | 2.69         |
| time/                   |              |
|    fps                  | 277          |
|    iterations           | 135          |
|    time_elapsed         | 248          |
|    total_timesteps      | 69120        |
| train/                  |              |
|    approx_kl            | 0.0020667873 |
|    clip_fraction        | 0.00586      |
|    clip_range           | 0.2          |
|    entropy_loss         | -0.311       |
|    explained_variance   | 0.517        |
|    learning_rate        | 0.0003       |
|    loss                 | 2.41         |
|    n_updates            | 670          |
|    policy_gradient_loss | -0.00506     |
|    value_loss           | 4.89         |
------------------------------------------
-------------------------------------------
| rollout/                |               |
|    ep_len_mean          | 7.04          |
|    ep_rew_mean          | 2.67          |
| time/                   |               |
|    fps                  | 277           |
|    iterations           | 136           |
|    time_elapsed         | 250           |
|    total_timesteps      | 69632         |
| train/                  |               |
|    approx_kl            | 0.00014452147 |
|    clip_fraction        | 0.0199        |
|    clip_range           | 0.2           |
|    entropy_loss         | -0.269        |
|    explained_variance   | 0.589         |
|    learning_rate        | 0.0003        |
|    loss                 | 3.4           |
|    n_updates            | 675           |
|    policy_gradient_loss | -0.00541      |
|    value_loss           | 6.07          |
-------------------------------------------
------------------------------------------
| rollout/                |              |
|    ep_len_mean          | 8.09         |
|    ep_rew_mean          | 3.38         |
| time/                   |              |
|    fps                  | 277          |
|    iterations           | 137          |
|    time_elapsed         | 252          |
|    total_timesteps      | 70144        |
| train/                  |              |
|    approx_kl            | 0.0024883302 |
|    clip_fraction        | 0.0266       |
|    clip_range           | 0.2          |
|    entropy_loss         | -0.242       |
|    explained_variance   | 0.619        |
|    learning_rate        | 0.0003       |
|    loss                 | 2.58         |
|    n_updates            | 680          |
|    policy_gradient_loss | -0.0157      |
|    value_loss           | 5.2          |
------------------------------------------
------------------------------------------
| rollout/                |              |
|    ep_len_mean          | 9.22         |
|    ep_rew_mean          | 4.03         |
| time/                   |              |
|    fps                  | 277          |
|    iterations           | 138          |
|    time_elapsed         | 254          |
|    total_timesteps      | 70656        |
| train/                  |              |
|    approx_kl            | 0.0007914209 |
|    clip_fraction        | 0.000781     |
|    clip_range           | 0.2          |
|    entropy_loss         | -0.255       |
|    explained_variance   | 0.534        |
|    learning_rate        | 0.0003       |
|    loss                 | 3.32         |
|    n_updates            | 685          |
|    policy_gradient_loss | 0.00155      |
|    value_loss           | 9            |
------------------------------------------
-------------------------------------------
| rollout/                |               |
|    ep_len_mean          | 8.42          |
|    ep_rew_mean          | 3.27          |
| time/                   |               |
|    fps                  | 277           |
|    iterations           | 139           |
|    time_elapsed         | 256           |
|    total_timesteps      | 71168         |
| train/                  |               |
|    approx_kl            | 0.00082405464 |
|    clip_fraction        | 0.0121        |
|    clip_range           | 0.2           |
|    entropy_loss         | -0.226        |
|    explained_variance   | 0.662         |
|    learning_rate        | 0.0003        |
|    loss                 | 2.17          |
|    n_updates            | 690           |
|    policy_gradient_loss | -0.00625      |
|    value_loss           | 5.15          |
-------------------------------------------
------------------------------------------
| rollout/                |              |
|    ep_len_mean          | 7.85         |
|    ep_rew_mean          | 2.5          |
| time/                   |              |
|    fps                  | 277          |
|    iterations           | 140          |
|    time_elapsed         | 257          |
|    total_timesteps      | 71680        |
| train/                  |              |
|    approx_kl            | 0.0025348973 |
|    clip_fraction        | 0.0172       |
|    clip_range           | 0.2          |
|    entropy_loss         | -0.269       |
|    explained_variance   | 0.619        |
|    learning_rate        | 0.0003       |
|    loss                 | 2.76         |
|    n_updates            | 695          |
|    policy_gradient_loss | 0.00226      |
|    value_loss           | 5.73         |
------------------------------------------
------------------------------------------
| rollout/                |              |
|    ep_len_mean          | 8.96         |
|    ep_rew_mean          | 3.35         |
| time/                   |              |
|    fps                  | 277          |
|    iterations           | 141          |
|    time_elapsed         | 259          |
|    total_timesteps      | 72192        |
| train/                  |              |
|    approx_kl            | 0.0004642948 |
|    clip_fraction        | 0.0246       |
|    clip_range           | 0.2          |
|    entropy_loss         | -0.252       |
|    explained_variance   | 0.515        |
|    learning_rate        | 0.0003       |
|    loss                 | 2.78         |
|    n_updates            | 700          |
|    policy_gradient_loss | -0.00796     |
|    value_loss           | 4.82         |
------------------------------------------
-------------------------------------------
| rollout/                |               |
|    ep_len_mean          | 7.89          |
|    ep_rew_mean          | 2.65          |
| time/                   |               |
|    fps                  | 278           |
|    iterations           | 142           |
|    time_elapsed         | 261           |
|    total_timesteps      | 72704         |
| train/                  |               |
|    approx_kl            | 0.00027611112 |
|    clip_fraction        | 0.0203        |
|    clip_range           | 0.2           |
|    entropy_loss         | -0.232        |
|    explained_variance   | 0.535         |
|    learning_rate        | 0.0003        |
|    loss                 | 2.79          |
|    n_updates            | 705           |
|    policy_gradient_loss | -0.00699      |
|    value_loss           | 5.02          |
-------------------------------------------
------------------------------------------
| rollout/                |              |
|    ep_len_mean          | 7.95         |
|    ep_rew_mean          | 2.92         |
| time/                   |              |
|    fps                  | 278          |
|    iterations           | 143          |
|    time_elapsed         | 263          |
|    total_timesteps      | 73216        |
| train/                  |              |
|    approx_kl            | 0.0068514617 |
|    clip_fraction        | 0.0352       |
|    clip_range           | 0.2          |
|    entropy_loss         | -0.284       |
|    explained_variance   | 0.604        |
|    learning_rate        | 0.0003       |
|    loss                 | 2.21         |
|    n_updates            | 710          |
|    policy_gradient_loss | 0.00435      |
|    value_loss           | 5.07         |
------------------------------------------
------------------------------------------
| rollout/                |              |
|    ep_len_mean          | 8.48         |
|    ep_rew_mean          | 3.48         |
| time/                   |              |
|    fps                  | 278          |
|    iterations           | 144          |
|    time_elapsed         | 265          |
|    total_timesteps      | 73728        |
| train/                  |              |
|    approx_kl            | 0.0015205769 |
|    clip_fraction        | 0.0355       |
|    clip_range           | 0.2          |
|    entropy_loss         | -0.194       |
|    explained_variance   | 0.682        |
|    learning_rate        | 0.0003       |
|    loss                 | 1.44         |
|    n_updates            | 715          |
|    policy_gradient_loss | -0.0104      |
|    value_loss           | 3.52         |
------------------------------------------
-----------------------------------------
| rollout/                |             |
|    ep_len_mean          | 9.03        |
|    ep_rew_mean          | 3.72        |
| time/                   |             |
|    fps                  | 278         |
|    iterations           | 145         |
|    time_elapsed         | 266         |
|    total_timesteps      | 74240       |
| train/                  |             |
|    approx_kl            | 0.003826513 |
|    clip_fraction        | 0.0328      |
|    clip_range           | 0.2         |
|    entropy_loss         | -0.22       |
|    explained_variance   | 0.608       |
|    learning_rate        | 0.0003      |
|    loss                 | 2.51        |
|    n_updates            | 720         |
|    policy_gradient_loss | 0.000533    |
|    value_loss           | 5.35        |
-----------------------------------------
-----------------------------------------
| rollout/                |             |
|    ep_len_mean          | 9.06        |
|    ep_rew_mean          | 3.65        |
| time/                   |             |
|    fps                  | 278         |
|    iterations           | 146         |
|    time_elapsed         | 268         |
|    total_timesteps      | 74752       |
| train/                  |             |
|    approx_kl            | 0.003514356 |
|    clip_fraction        | 0.0277      |
|    clip_range           | 0.2         |
|    entropy_loss         | -0.206      |
|    explained_variance   | 0.594       |
|    learning_rate        | 0.0003      |
|    loss                 | 3.02        |
|    n_updates            | 725         |
|    policy_gradient_loss | 0.00155     |
|    value_loss           | 5.67        |
-----------------------------------------
------------------------------------------
| rollout/                |              |
|    ep_len_mean          | 9.53         |
|    ep_rew_mean          | 3.62         |
| time/                   |              |
|    fps                  | 278          |
|    iterations           | 147          |
|    time_elapsed         | 269          |
|    total_timesteps      | 75264        |
| train/                  |              |
|    approx_kl            | 0.0016358704 |
|    clip_fraction        | 0.0277       |
|    clip_range           | 0.2          |
|    entropy_loss         | -0.251       |
|    explained_variance   | 0.532        |
|    learning_rate        | 0.0003       |
|    loss                 | 3.28         |
|    n_updates            | 730          |
|    policy_gradient_loss | -0.00098     |
|    value_loss           | 5.31         |
------------------------------------------
------------------------------------------
| rollout/                |              |
|    ep_len_mean          | 10.2         |
|    ep_rew_mean          | 3.37         |
| time/                   |              |
|    fps                  | 279          |
|    iterations           | 148          |
|    time_elapsed         | 271          |
|    total_timesteps      | 75776        |
| train/                  |              |
|    approx_kl            | 0.0013000199 |
|    clip_fraction        | 0.0141       |
|    clip_range           | 0.2          |
|    entropy_loss         | -0.214       |
|    explained_variance   | 0.401        |
|    learning_rate        | 0.0003       |
|    loss                 | 2.61         |
|    n_updates            | 735          |
|    policy_gradient_loss | -0.00826     |
|    value_loss           | 8.06         |
------------------------------------------
-----------------------------------------
| rollout/                |             |
|    ep_len_mean          | 9.52        |
|    ep_rew_mean          | 3.48        |
| time/                   |             |
|    fps                  | 279         |
|    iterations           | 149         |
|    time_elapsed         | 273         |
|    total_timesteps      | 76288       |
| train/                  |             |
|    approx_kl            | 0.007375288 |
|    clip_fraction        | 0.0793      |
|    clip_range           | 0.2         |
|    entropy_loss         | -0.269      |
|    explained_variance   | 0.607       |
|    learning_rate        | 0.0003      |
|    loss                 | 2.57        |
|    n_updates            | 740         |
|    policy_gradient_loss | 0.00472     |
|    value_loss           | 6.32        |
-----------------------------------------
------------------------------------------
| rollout/                |              |
|    ep_len_mean          | 8.99         |
|    ep_rew_mean          | 3.69         |
| time/                   |              |
|    fps                  | 279          |
|    iterations           | 150          |
|    time_elapsed         | 274          |
|    total_timesteps      | 76800        |
| train/                  |              |
|    approx_kl            | 0.0035515341 |
|    clip_fraction        | 0.032        |
|    clip_range           | 0.2          |
|    entropy_loss         | -0.194       |
|    explained_variance   | 0.684        |
|    learning_rate        | 0.0003       |
|    loss                 | 3.34         |
|    n_updates            | 745          |
|    policy_gradient_loss | -0.00991     |
|    value_loss           | 6.46         |
------------------------------------------
------------------------------------------
| rollout/                |              |
|    ep_len_mean          | 9.33         |
|    ep_rew_mean          | 3.22         |
| time/                   |              |
|    fps                  | 279          |
|    iterations           | 151          |
|    time_elapsed         | 276          |
|    total_timesteps      | 77312        |
| train/                  |              |
|    approx_kl            | 0.0014969178 |
|    clip_fraction        | 0.0109       |
|    clip_range           | 0.2          |
|    entropy_loss         | -0.21        |
|    explained_variance   | 0.622        |
|    learning_rate        | 0.0003       |
|    loss                 | 1.59         |
|    n_updates            | 750          |
|    policy_gradient_loss | -0.00602     |
|    value_loss           | 4.11         |
------------------------------------------
------------------------------------------
| rollout/                |              |
|    ep_len_mean          | 9.96         |
|    ep_rew_mean          | 3.43         |
| time/                   |              |
|    fps                  | 279          |
|    iterations           | 152          |
|    time_elapsed         | 277          |
|    total_timesteps      | 77824        |
| train/                  |              |
|    approx_kl            | 0.0028864231 |
|    clip_fraction        | 0.00898      |
|    clip_range           | 0.2          |
|    entropy_loss         | -0.218       |
|    explained_variance   | 0.601        |
|    learning_rate        | 0.0003       |
|    loss                 | 5.79         |
|    n_updates            | 755          |
|    policy_gradient_loss | 0.00216      |
|    value_loss           | 7.37         |
------------------------------------------
-------------------------------------------
| rollout/                |               |
|    ep_len_mean          | 9.04          |
|    ep_rew_mean          | 3.46          |
| time/                   |               |
|    fps                  | 280           |
|    iterations           | 153           |
|    time_elapsed         | 279           |
|    total_timesteps      | 78336         |
| train/                  |               |
|    approx_kl            | 0.00077166833 |
|    clip_fraction        | 0.0102        |
|    clip_range           | 0.2           |
|    entropy_loss         | -0.223        |
|    explained_variance   | 0.437         |
|    learning_rate        | 0.0003        |
|    loss                 | 2.86          |
|    n_updates            | 760           |
|    policy_gradient_loss | -0.00487      |
|    value_loss           | 7.59          |
-------------------------------------------
------------------------------------------
| rollout/                |              |
|    ep_len_mean          | 9.98         |
|    ep_rew_mean          | 4.3          |
| time/                   |              |
|    fps                  | 280          |
|    iterations           | 154          |
|    time_elapsed         | 281          |
|    total_timesteps      | 78848        |
| train/                  |              |
|    approx_kl            | 0.0006448467 |
|    clip_fraction        | 0.00625      |
|    clip_range           | 0.2          |
|    entropy_loss         | -0.223       |
|    explained_variance   | 0.674        |
|    learning_rate        | 0.0003       |
|    loss                 | 2.09         |
|    n_updates            | 765          |
|    policy_gradient_loss | -0.00508     |
|    value_loss           | 4.53         |
------------------------------------------
------------------------------------------
| rollout/                |              |
|    ep_len_mean          | 9.82         |
|    ep_rew_mean          | 3.98         |
| time/                   |              |
|    fps                  | 280          |
|    iterations           | 155          |
|    time_elapsed         | 282          |
|    total_timesteps      | 79360        |
| train/                  |              |
|    approx_kl            | 0.0025195014 |
|    clip_fraction        | 0.0398       |
|    clip_range           | 0.2          |
|    entropy_loss         | -0.155       |
|    explained_variance   | 0.537        |
|    learning_rate        | 0.0003       |
|    loss                 | 2.36         |
|    n_updates            | 770          |
|    policy_gradient_loss | -0.0119      |
|    value_loss           | 6.08         |
------------------------------------------
------------------------------------------
| rollout/                |              |
|    ep_len_mean          | 10.9         |
|    ep_rew_mean          | 4.25         |
| time/                   |              |
|    fps                  | 280          |
|    iterations           | 156          |
|    time_elapsed         | 284          |
|    total_timesteps      | 79872        |
| train/                  |              |
|    approx_kl            | 0.0003042203 |
|    clip_fraction        | 0.025        |
|    clip_range           | 0.2          |
|    entropy_loss         | -0.2         |
|    explained_variance   | 0.579        |
|    learning_rate        | 0.0003       |
|    loss                 | 1.84         |
|    n_updates            | 775          |
|    policy_gradient_loss | 0.00143      |
|    value_loss           | 3.9          |
------------------------------------------
------------------------------------------
| rollout/                |              |
|    ep_len_mean          | 11.7         |
|    ep_rew_mean          | 4.78         |
| time/                   |              |
|    fps                  | 280          |
|    iterations           | 157          |
|    time_elapsed         | 286          |
|    total_timesteps      | 80384        |
| train/                  |              |
|    approx_kl            | 0.0003471765 |
|    clip_fraction        | 0.00195      |
|    clip_range           | 0.2          |
|    entropy_loss         | -0.192       |
|    explained_variance   | 0.624        |
|    learning_rate        | 0.0003       |
|    loss                 | 1.64         |
|    n_updates            | 780          |
|    policy_gradient_loss | -0.00428     |
|    value_loss           | 4.67         |
------------------------------------------
-------------------------------------------
| rollout/                |               |
|    ep_len_mean          | 12.1          |
|    ep_rew_mean          | 5.03          |
| time/                   |               |
|    fps                  | 281           |
|    iterations           | 158           |
|    time_elapsed         | 287           |
|    total_timesteps      | 80896         |
| train/                  |               |
|    approx_kl            | 0.00038976863 |
|    clip_fraction        | 0             |
|    clip_range           | 0.2           |
|    entropy_loss         | -0.184        |
|    explained_variance   | 0.693         |
|    learning_rate        | 0.0003        |
|    loss                 | 4.02          |
|    n_updates            | 785           |
|    policy_gradient_loss | 2.9e-05       |
|    value_loss           | 9.09          |
-------------------------------------------
------------------------------------------
| rollout/                |              |
|    ep_len_mean          | 10.9         |
|    ep_rew_mean          | 4.81         |
| time/                   |              |
|    fps                  | 281          |
|    iterations           | 159          |
|    time_elapsed         | 289          |
|    total_timesteps      | 81408        |
| train/                  |              |
|    approx_kl            | 0.0023034276 |
|    clip_fraction        | 0.0441       |
|    clip_range           | 0.2          |
|    entropy_loss         | -0.201       |
|    explained_variance   | 0.709        |
|    learning_rate        | 0.0003       |
|    loss                 | 3.34         |
|    n_updates            | 790          |
|    policy_gradient_loss | 0.0104       |
|    value_loss           | 5.8          |
------------------------------------------
------------------------------------------
| rollout/                |              |
|    ep_len_mean          | 8.98         |
|    ep_rew_mean          | 3.36         |
| time/                   |              |
|    fps                  | 281          |
|    iterations           | 160          |
|    time_elapsed         | 290          |
|    total_timesteps      | 81920        |
| train/                  |              |
|    approx_kl            | 0.0017379689 |
|    clip_fraction        | 0.0199       |
|    clip_range           | 0.2          |
|    entropy_loss         | -0.207       |
|    explained_variance   | 0.416        |
|    learning_rate        | 0.0003       |
|    loss                 | 2.44         |
|    n_updates            | 795          |
|    policy_gradient_loss | -0.01        |
|    value_loss           | 6.75         |
------------------------------------------
-----------------------------------------
| rollout/                |             |
|    ep_len_mean          | 8.53        |
|    ep_rew_mean          | 3.4         |
| time/                   |             |
|    fps                  | 281         |
|    iterations           | 161         |
|    time_elapsed         | 292         |
|    total_timesteps      | 82432       |
| train/                  |             |
|    approx_kl            | 0.011812793 |
|    clip_fraction        | 0.0723      |
|    clip_range           | 0.2         |
|    entropy_loss         | -0.291      |
|    explained_variance   | 0.524       |
|    learning_rate        | 0.0003      |
|    loss                 | 4.08        |
|    n_updates            | 800         |
|    policy_gradient_loss | 0.00965     |
|    value_loss           | 9.64        |
-----------------------------------------
------------------------------------------
| rollout/                |              |
|    ep_len_mean          | 9.31         |
|    ep_rew_mean          | 4.05         |
| time/                   |              |
|    fps                  | 282          |
|    iterations           | 162          |
|    time_elapsed         | 294          |
|    total_timesteps      | 82944        |
| train/                  |              |
|    approx_kl            | 0.0015187131 |
|    clip_fraction        | 0.00742      |
|    clip_range           | 0.2          |
|    entropy_loss         | -0.239       |
|    explained_variance   | 0.638        |
|    learning_rate        | 0.0003       |
|    loss                 | 3.22         |
|    n_updates            | 805          |
|    policy_gradient_loss | -0.00588     |
|    value_loss           | 6.2          |
------------------------------------------
------------------------------------------
| rollout/                |              |
|    ep_len_mean          | 9.73         |
|    ep_rew_mean          | 3.75         |
| time/                   |              |
|    fps                  | 282          |
|    iterations           | 163          |
|    time_elapsed         | 295          |
|    total_timesteps      | 83456        |
| train/                  |              |
|    approx_kl            | 0.0018623297 |
|    clip_fraction        | 0.016        |
|    clip_range           | 0.2          |
|    entropy_loss         | -0.171       |
|    explained_variance   | 0.549        |
|    learning_rate        | 0.0003       |
|    loss                 | 3.47         |
|    n_updates            | 810          |
|    policy_gradient_loss | -0.00742     |
|    value_loss           | 6.93         |
------------------------------------------
-------------------------------------------
| rollout/                |               |
|    ep_len_mean          | 10.2          |
|    ep_rew_mean          | 3.77          |
| time/                   |               |
|    fps                  | 282           |
|    iterations           | 164           |
|    time_elapsed         | 297           |
|    total_timesteps      | 83968         |
| train/                  |               |
|    approx_kl            | 0.00083842885 |
|    clip_fraction        | 0.034         |
|    clip_range           | 0.2           |
|    entropy_loss         | -0.299        |
|    explained_variance   | 0.462         |
|    learning_rate        | 0.0003        |
|    loss                 | 3.77          |
|    n_updates            | 815           |
|    policy_gradient_loss | 0.0058        |
|    value_loss           | 7.9           |
-------------------------------------------
-------------------------------------------
| rollout/                |               |
|    ep_len_mean          | 10.9          |
|    ep_rew_mean          | 4.67          |
| time/                   |               |
|    fps                  | 282           |
|    iterations           | 165           |
|    time_elapsed         | 298           |
|    total_timesteps      | 84480         |
| train/                  |               |
|    approx_kl            | 0.00047829922 |
|    clip_fraction        | 0.00195       |
|    clip_range           | 0.2           |
|    entropy_loss         | -0.175        |
|    explained_variance   | 0.651         |
|    learning_rate        | 0.0003        |
|    loss                 | 2.53          |
|    n_updates            | 820           |
|    policy_gradient_loss | -0.00091      |
|    value_loss           | 6.29          |
-------------------------------------------
------------------------------------------
| rollout/                |              |
|    ep_len_mean          | 10.6         |
|    ep_rew_mean          | 4.49         |
| time/                   |              |
|    fps                  | 282          |
|    iterations           | 166          |
|    time_elapsed         | 300          |
|    total_timesteps      | 84992        |
| train/                  |              |
|    approx_kl            | 0.0020570387 |
|    clip_fraction        | 0.0184       |
|    clip_range           | 0.2          |
|    entropy_loss         | -0.203       |
|    explained_variance   | 0.504        |
|    learning_rate        | 0.0003       |
|    loss                 | 2.99         |
|    n_updates            | 825          |
|    policy_gradient_loss | -0.00601     |
|    value_loss           | 6.81         |
------------------------------------------
------------------------------------------
| rollout/                |              |
|    ep_len_mean          | 10.7         |
|    ep_rew_mean          | 4.31         |
| time/                   |              |
|    fps                  | 283          |
|    iterations           | 167          |
|    time_elapsed         | 302          |
|    total_timesteps      | 85504        |
| train/                  |              |
|    approx_kl            | 0.0006148649 |
|    clip_fraction        | 0.00859      |
|    clip_range           | 0.2          |
|    entropy_loss         | -0.202       |
|    explained_variance   | 0.58         |
|    learning_rate        | 0.0003       |
|    loss                 | 6.13         |
|    n_updates            | 830          |
|    policy_gradient_loss | 0.00356      |
|    value_loss           | 9.37         |
------------------------------------------
----------------------------------------
| rollout/                |            |
|    ep_len_mean          | 9.25       |
|    ep_rew_mean          | 3.71       |
| time/                   |            |
|    fps                  | 283        |
|    iterations           | 168        |
|    time_elapsed         | 303        |
|    total_timesteps      | 86016      |
| train/                  |            |
|    approx_kl            | 0.03737123 |
|    clip_fraction        | 0.14       |
|    clip_range           | 0.2        |
|    entropy_loss         | -0.273     |
|    explained_variance   | 0.775      |
|    learning_rate        | 0.0003     |
|    loss                 | 1.59       |
|    n_updates            | 835        |
|    policy_gradient_loss | 0.0121     |
|    value_loss           | 7.29       |
----------------------------------------
------------------------------------------
| rollout/                |              |
|    ep_len_mean          | 8.08         |
|    ep_rew_mean          | 3.28         |
| time/                   |              |
|    fps                  | 283          |
|    iterations           | 169          |
|    time_elapsed         | 305          |
|    total_timesteps      | 86528        |
| train/                  |              |
|    approx_kl            | 0.0025445807 |
|    clip_fraction        | 0.0168       |
|    clip_range           | 0.2          |
|    entropy_loss         | -0.245       |
|    explained_variance   | 0.661        |
|    learning_rate        | 0.0003       |
|    loss                 | 2.73         |
|    n_updates            | 840          |
|    policy_gradient_loss | -0.0065      |
|    value_loss           | 6.67         |
------------------------------------------
------------------------------------------
| rollout/                |              |
|    ep_len_mean          | 8.49         |
|    ep_rew_mean          | 3.66         |
| time/                   |              |
|    fps                  | 283          |
|    iterations           | 170          |
|    time_elapsed         | 306          |
|    total_timesteps      | 87040        |
| train/                  |              |
|    approx_kl            | 0.0011646627 |
|    clip_fraction        | 0.00313      |
|    clip_range           | 0.2          |
|    entropy_loss         | -0.233       |
|    explained_variance   | 0.653        |
|    learning_rate        | 0.0003       |
|    loss                 | 6.09         |
|    n_updates            | 845          |
|    policy_gradient_loss | -0.00401     |
|    value_loss           | 9.91         |
------------------------------------------
------------------------------------------
| rollout/                |              |
|    ep_len_mean          | 9.26         |
|    ep_rew_mean          | 3.7          |
| time/                   |              |
|    fps                  | 283          |
|    iterations           | 171          |
|    time_elapsed         | 308          |
|    total_timesteps      | 87552        |
| train/                  |              |
|    approx_kl            | 0.0020106554 |
|    clip_fraction        | 0.0184       |
|    clip_range           | 0.2          |
|    entropy_loss         | -0.236       |
|    explained_variance   | 0.559        |
|    learning_rate        | 0.0003       |
|    loss                 | 2.89         |
|    n_updates            | 850          |
|    policy_gradient_loss | -0.00633     |
|    value_loss           | 6.16         |
------------------------------------------
------------------------------------------
| rollout/                |              |
|    ep_len_mean          | 10.3         |
|    ep_rew_mean          | 4.22         |
| time/                   |              |
|    fps                  | 283          |
|    iterations           | 172          |
|    time_elapsed         | 310          |
|    total_timesteps      | 88064        |
| train/                  |              |
|    approx_kl            | 0.0013272556 |
|    clip_fraction        | 0.0102       |
|    clip_range           | 0.2          |
|    entropy_loss         | -0.198       |
|    explained_variance   | 0.718        |
|    learning_rate        | 0.0003       |
|    loss                 | 2.36         |
|    n_updates            | 855          |
|    policy_gradient_loss | -0.00726     |
|    value_loss           | 4.68         |
------------------------------------------
------------------------------------------
| rollout/                |              |
|    ep_len_mean          | 10.6         |
|    ep_rew_mean          | 4.2          |
| time/                   |              |
|    fps                  | 284          |
|    iterations           | 173          |
|    time_elapsed         | 311          |
|    total_timesteps      | 88576        |
| train/                  |              |
|    approx_kl            | 9.937037e-05 |
|    clip_fraction        | 0.00469      |
|    clip_range           | 0.2          |
|    entropy_loss         | -0.212       |
|    explained_variance   | 0.548        |
|    learning_rate        | 0.0003       |
|    loss                 | 2.1          |
|    n_updates            | 860          |
|    policy_gradient_loss | -0.00356     |
|    value_loss           | 5.07         |
------------------------------------------
------------------------------------------
| rollout/                |              |
|    ep_len_mean          | 8.76         |
|    ep_rew_mean          | 3.23         |
| time/                   |              |
|    fps                  | 284          |
|    iterations           | 174          |
|    time_elapsed         | 313          |
|    total_timesteps      | 89088        |
| train/                  |              |
|    approx_kl            | 0.0037916508 |
|    clip_fraction        | 0.0496       |
|    clip_range           | 0.2          |
|    entropy_loss         | -0.246       |
|    explained_variance   | 0.615        |
|    learning_rate        | 0.0003       |
|    loss                 | 4.87         |
|    n_updates            | 865          |
|    policy_gradient_loss | 0.00655      |
|    value_loss           | 9.01         |
------------------------------------------
-------------------------------------------
| rollout/                |               |
|    ep_len_mean          | 8.77          |
|    ep_rew_mean          | 3.43          |
| time/                   |               |
|    fps                  | 284           |
|    iterations           | 175           |
|    time_elapsed         | 314           |
|    total_timesteps      | 89600         |
| train/                  |               |
|    approx_kl            | 0.00078823115 |
|    clip_fraction        | 0.00156       |
|    clip_range           | 0.2           |
|    entropy_loss         | -0.249        |
|    explained_variance   | 0.59          |
|    learning_rate        | 0.0003        |
|    loss                 | 4.46          |
|    n_updates            | 870           |
|    policy_gradient_loss | 0.000541      |
|    value_loss           | 11.3          |
-------------------------------------------
-----------------------------------------
| rollout/                |             |
|    ep_len_mean          | 9.57        |
|    ep_rew_mean          | 3.84        |
| time/                   |             |
|    fps                  | 284         |
|    iterations           | 176         |
|    time_elapsed         | 316         |
|    total_timesteps      | 90112       |
| train/                  |             |
|    approx_kl            | 0.001641403 |
|    clip_fraction        | 0.00781     |
|    clip_range           | 0.2         |
|    entropy_loss         | -0.18       |
|    explained_variance   | 0.588       |
|    learning_rate        | 0.0003      |
|    loss                 | 2.35        |
|    n_updates            | 875         |
|    policy_gradient_loss | -0.00544    |
|    value_loss           | 5.92        |
-----------------------------------------
-------------------------------------------
| rollout/                |               |
|    ep_len_mean          | 8.91          |
|    ep_rew_mean          | 3.2           |
| time/                   |               |
|    fps                  | 284           |
|    iterations           | 177           |
|    time_elapsed         | 318           |
|    total_timesteps      | 90624         |
| train/                  |               |
|    approx_kl            | 0.00070959295 |
|    clip_fraction        | 0.00156       |
|    clip_range           | 0.2           |
|    entropy_loss         | -0.208        |
|    explained_variance   | 0.632         |
|    learning_rate        | 0.0003        |
|    loss                 | 2.02          |
|    n_updates            | 880           |
|    policy_gradient_loss | 0.00163       |
|    value_loss           | 5.14          |
-------------------------------------------
------------------------------------------
| rollout/                |              |
|    ep_len_mean          | 9.9          |
|    ep_rew_mean          | 3.17         |
| time/                   |              |
|    fps                  | 284          |
|    iterations           | 178          |
|    time_elapsed         | 319          |
|    total_timesteps      | 91136        |
| train/                  |              |
|    approx_kl            | 0.0017665648 |
|    clip_fraction        | 0.0125       |
|    clip_range           | 0.2          |
|    entropy_loss         | -0.209       |
|    explained_variance   | 0.697        |
|    learning_rate        | 0.0003       |
|    loss                 | 3.62         |
|    n_updates            | 885          |
|    policy_gradient_loss | 0.00049      |
|    value_loss           | 4.03         |
------------------------------------------
-----------------------------------------
| rollout/                |             |
|    ep_len_mean          | 8.28        |
|    ep_rew_mean          | 2.84        |
| time/                   |             |
|    fps                  | 285         |
|    iterations           | 179         |
|    time_elapsed         | 321         |
|    total_timesteps      | 91648       |
| train/                  |             |
|    approx_kl            | 0.045294516 |
|    clip_fraction        | 0.199       |
|    clip_range           | 0.2         |
|    entropy_loss         | -0.305      |
|    explained_variance   | 0.603       |
|    learning_rate        | 0.0003      |
|    loss                 | 1.98        |
|    n_updates            | 890         |
|    policy_gradient_loss | 0.000907    |
|    value_loss           | 6.33        |
-----------------------------------------
------------------------------------------
| rollout/                |              |
|    ep_len_mean          | 8.84         |
|    ep_rew_mean          | 4.09         |
| time/                   |              |
|    fps                  | 285          |
|    iterations           | 180          |
|    time_elapsed         | 323          |
|    total_timesteps      | 92160        |
| train/                  |              |
|    approx_kl            | 0.0043981127 |
|    clip_fraction        | 0.0449       |
|    clip_range           | 0.2          |
|    entropy_loss         | -0.225       |
|    explained_variance   | 0.621        |
|    learning_rate        | 0.0003       |
|    loss                 | 1.72         |
|    n_updates            | 895          |
|    policy_gradient_loss | -0.013       |
|    value_loss           | 4.36         |
------------------------------------------
------------------------------------------
| rollout/                |              |
|    ep_len_mean          | 9.31         |
|    ep_rew_mean          | 4.48         |
| time/                   |              |
|    fps                  | 285          |
|    iterations           | 181          |
|    time_elapsed         | 324          |
|    total_timesteps      | 92672        |
| train/                  |              |
|    approx_kl            | 0.0018013325 |
|    clip_fraction        | 0.0227       |
|    clip_range           | 0.2          |
|    entropy_loss         | -0.185       |
|    explained_variance   | 0.73         |
|    learning_rate        | 0.0003       |
|    loss                 | 1.65         |
|    n_updates            | 900          |
|    policy_gradient_loss | -0.00991     |
|    value_loss           | 4.03         |
------------------------------------------
------------------------------------------
| rollout/                |              |
|    ep_len_mean          | 9.86         |
|    ep_rew_mean          | 4.17         |
| time/                   |              |
|    fps                  | 285          |
|    iterations           | 182          |
|    time_elapsed         | 326          |
|    total_timesteps      | 93184        |
| train/                  |              |
|    approx_kl            | 0.0033688627 |
|    clip_fraction        | 0.0441       |
|    clip_range           | 0.2          |
|    entropy_loss         | -0.214       |
|    explained_variance   | 0.623        |
|    learning_rate        | 0.0003       |
|    loss                 | 1.61         |
|    n_updates            | 905          |
|    policy_gradient_loss | -0.0173      |
|    value_loss           | 3.65         |
------------------------------------------
-------------------------------------------
| rollout/                |               |
|    ep_len_mean          | 10.5          |
|    ep_rew_mean          | 3.69          |
| time/                   |               |
|    fps                  | 285           |
|    iterations           | 183           |
|    time_elapsed         | 328           |
|    total_timesteps      | 93696         |
| train/                  |               |
|    approx_kl            | 0.00032260304 |
|    clip_fraction        | 0.0156        |
|    clip_range           | 0.2           |
|    entropy_loss         | -0.2          |
|    explained_variance   | 0.412         |
|    learning_rate        | 0.0003        |
|    loss                 | 2.18          |
|    n_updates            | 910           |
|    policy_gradient_loss | -0.00518      |
|    value_loss           | 5.03          |
-------------------------------------------
-----------------------------------------
| rollout/                |             |
|    ep_len_mean          | 10.1        |
|    ep_rew_mean          | 3.49        |
| time/                   |             |
|    fps                  | 285         |
|    iterations           | 184         |
|    time_elapsed         | 329         |
|    total_timesteps      | 94208       |
| train/                  |             |
|    approx_kl            | 0.013870591 |
|    clip_fraction        | 0.0941      |
|    clip_range           | 0.2         |
|    entropy_loss         | -0.282      |
|    explained_variance   | 0.515       |
|    learning_rate        | 0.0003      |
|    loss                 | 2.87        |
|    n_updates            | 915         |
|    policy_gradient_loss | 0.00871     |
|    value_loss           | 7.48        |
-----------------------------------------
------------------------------------------
| rollout/                |              |
|    ep_len_mean          | 9.29         |
|    ep_rew_mean          | 3.83         |
| time/                   |              |
|    fps                  | 285          |
|    iterations           | 185          |
|    time_elapsed         | 331          |
|    total_timesteps      | 94720        |
| train/                  |              |
|    approx_kl            | 0.0012484231 |
|    clip_fraction        | 0.0258       |
|    clip_range           | 0.2          |
|    entropy_loss         | -0.194       |
|    explained_variance   | 0.471        |
|    learning_rate        | 0.0003       |
|    loss                 | 1.64         |
|    n_updates            | 920          |
|    policy_gradient_loss | -0.00838     |
|    value_loss           | 5.74         |
------------------------------------------
----------------------------------------
| rollout/                |            |
|    ep_len_mean          | 5.54       |
|    ep_rew_mean          | 1.87       |
| time/                   |            |
|    fps                  | 285        |
|    iterations           | 186        |
|    time_elapsed         | 333        |
|    total_timesteps      | 95232      |
| train/                  |            |
|    approx_kl            | 0.02218949 |
|    clip_fraction        | 0.0703     |
|    clip_range           | 0.2        |
|    entropy_loss         | -0.25      |
|    explained_variance   | 0.62       |
|    learning_rate        | 0.0003     |
|    loss                 | 3.4        |
|    n_updates            | 925        |
|    policy_gradient_loss | 0.0145     |
|    value_loss           | 6.41       |
----------------------------------------
-----------------------------------------
| rollout/                |             |
|    ep_len_mean          | 7.04        |
|    ep_rew_mean          | 2.77        |
| time/                   |             |
|    fps                  | 285         |
|    iterations           | 187         |
|    time_elapsed         | 335         |
|    total_timesteps      | 95744       |
| train/                  |             |
|    approx_kl            | 0.004450331 |
|    clip_fraction        | 0.0297      |
|    clip_range           | 0.2         |
|    entropy_loss         | -0.311      |
|    explained_variance   | 0.597       |
|    learning_rate        | 0.0003      |
|    loss                 | 2.23        |
|    n_updates            | 930         |
|    policy_gradient_loss | -0.00779    |
|    value_loss           | 5.44        |
-----------------------------------------
-------------------------------------------
| rollout/                |               |
|    ep_len_mean          | 8.01          |
|    ep_rew_mean          | 3.98          |
| time/                   |               |
|    fps                  | 285           |
|    iterations           | 188           |
|    time_elapsed         | 337           |
|    total_timesteps      | 96256         |
| train/                  |               |
|    approx_kl            | 0.00034774112 |
|    clip_fraction        | 0.0316        |
|    clip_range           | 0.2           |
|    entropy_loss         | -0.212        |
|    explained_variance   | 0.661         |
|    learning_rate        | 0.0003        |
|    loss                 | 4.1           |
|    n_updates            | 935           |
|    policy_gradient_loss | 7.07e-05      |
|    value_loss           | 7.29          |
-------------------------------------------
-----------------------------------------
| rollout/                |             |
|    ep_len_mean          | 7.67        |
|    ep_rew_mean          | 3.59        |
| time/                   |             |
|    fps                  | 285         |
|    iterations           | 189         |
|    time_elapsed         | 338         |
|    total_timesteps      | 96768       |
| train/                  |             |
|    approx_kl            | 0.001602586 |
|    clip_fraction        | 0.041       |
|    clip_range           | 0.2         |
|    entropy_loss         | -0.221      |
|    explained_variance   | 0.7         |
|    learning_rate        | 0.0003      |
|    loss                 | 2.67        |
|    n_updates            | 940         |
|    policy_gradient_loss | -0.0138     |
|    value_loss           | 6.81        |
-----------------------------------------
------------------------------------------
| rollout/                |              |
|    ep_len_mean          | 8.01         |
|    ep_rew_mean          | 3.54         |
| time/                   |              |
|    fps                  | 285          |
|    iterations           | 190          |
|    time_elapsed         | 340          |
|    total_timesteps      | 97280        |
| train/                  |              |
|    approx_kl            | 0.0006528561 |
|    clip_fraction        | 0.000781     |
|    clip_range           | 0.2          |
|    entropy_loss         | -0.243       |
|    explained_variance   | 0.738        |
|    learning_rate        | 0.0003       |
|    loss                 | 1.55         |
|    n_updates            | 945          |
|    policy_gradient_loss | -0.000366    |
|    value_loss           | 4.83         |
------------------------------------------
-------------------------------------------
| rollout/                |               |
|    ep_len_mean          | 8.11          |
|    ep_rew_mean          | 3.4           |
| time/                   |               |
|    fps                  | 285           |
|    iterations           | 191           |
|    time_elapsed         | 342           |
|    total_timesteps      | 97792         |
| train/                  |               |
|    approx_kl            | 0.00046844932 |
|    clip_fraction        | 0.0168        |
|    clip_range           | 0.2           |
|    entropy_loss         | -0.231        |
|    explained_variance   | 0.677         |
|    learning_rate        | 0.0003        |
|    loss                 | 1.27          |
|    n_updates            | 950           |
|    policy_gradient_loss | -0.00581      |
|    value_loss           | 3.98          |
-------------------------------------------
------------------------------------------
| rollout/                |              |
|    ep_len_mean          | 6.86         |
|    ep_rew_mean          | 2.42         |
| time/                   |              |
|    fps                  | 285          |
|    iterations           | 192          |
|    time_elapsed         | 343          |
|    total_timesteps      | 98304        |
| train/                  |              |
|    approx_kl            | 0.0011678899 |
|    clip_fraction        | 0.025        |
|    clip_range           | 0.2          |
|    entropy_loss         | -0.245       |
|    explained_variance   | 0.526        |
|    learning_rate        | 0.0003       |
|    loss                 | 3.18         |
|    n_updates            | 955          |
|    policy_gradient_loss | -0.0104      |
|    value_loss           | 6.42         |
------------------------------------------
-----------------------------------------
| rollout/                |             |
|    ep_len_mean          | 7.29        |
|    ep_rew_mean          | 2.67        |
| time/                   |             |
|    fps                  | 285         |
|    iterations           | 193         |
|    time_elapsed         | 345         |
|    total_timesteps      | 98816       |
| train/                  |             |
|    approx_kl            | 0.007193775 |
|    clip_fraction        | 0.0395      |
|    clip_range           | 0.2         |
|    entropy_loss         | -0.28       |
|    explained_variance   | 0.346       |
|    learning_rate        | 0.0003      |
|    loss                 | 2.4         |
|    n_updates            | 960         |
|    policy_gradient_loss | -0.00921    |
|    value_loss           | 4.94        |
-----------------------------------------
------------------------------------------
| rollout/                |              |
|    ep_len_mean          | 9.29         |
|    ep_rew_mean          | 4.08         |
| time/                   |              |
|    fps                  | 285          |
|    iterations           | 194          |
|    time_elapsed         | 347          |
|    total_timesteps      | 99328        |
| train/                  |              |
|    approx_kl            | 0.0020806398 |
|    clip_fraction        | 0.0164       |
|    clip_range           | 0.2          |
|    entropy_loss         | -0.232       |
|    explained_variance   | 0.538        |
|    learning_rate        | 0.0003       |
|    loss                 | 1.82         |
|    n_updates            | 965          |
|    policy_gradient_loss | -0.00411     |
|    value_loss           | 5.21         |
------------------------------------------
------------------------------------------
| rollout/                |              |
|    ep_len_mean          | 10.3         |
|    ep_rew_mean          | 4.3          |
| time/                   |              |
|    fps                  | 285          |
|    iterations           | 195          |
|    time_elapsed         | 349          |
|    total_timesteps      | 99840        |
| train/                  |              |
|    approx_kl            | 0.0012707708 |
|    clip_fraction        | 0.0277       |
|    clip_range           | 0.2          |
|    entropy_loss         | -0.177       |
|    explained_variance   | 0.482        |
|    learning_rate        | 0.0003       |
|    loss                 | 2.7          |
|    n_updates            | 970          |
|    policy_gradient_loss | -0.00266     |
|    value_loss           | 7.46         |
------------------------------------------
-------------------------------------------
| rollout/                |               |
|    ep_len_mean          | 10            |
|    ep_rew_mean          | 3.83          |
| time/                   |               |
|    fps                  | 285           |
|    iterations           | 196           |
|    time_elapsed         | 351           |
|    total_timesteps      | 100352        |
| train/                  |               |
|    approx_kl            | 0.00020498782 |
|    clip_fraction        | 0.000391      |
|    clip_range           | 0.2           |
|    entropy_loss         | -0.212        |
|    explained_variance   | 0.545         |
|    learning_rate        | 0.0003        |
|    loss                 | 1.99          |
|    n_updates            | 975           |
|    policy_gradient_loss | -0.00253      |
|    value_loss           | 5.22          |
-------------------------------------------
-------------------------------------------
| rollout/                |               |
|    ep_len_mean          | 10.1          |
|    ep_rew_mean          | 3.89          |
| time/                   |               |
|    fps                  | 285           |
|    iterations           | 197           |
|    time_elapsed         | 353           |
|    total_timesteps      | 100864        |
| train/                  |               |
|    approx_kl            | 0.00036025263 |
|    clip_fraction        | 0.00117       |
|    clip_range           | 0.2           |
|    entropy_loss         | -0.189        |
|    explained_variance   | 0.682         |
|    learning_rate        | 0.0003        |
|    loss                 | 1.32          |
|    n_updates            | 980           |
|    policy_gradient_loss | -0.00197      |
|    value_loss           | 4.31          |
-------------------------------------------
------------------------------------------
| rollout/                |              |
|    ep_len_mean          | 9.96         |
|    ep_rew_mean          | 3.78         |
| time/                   |              |
|    fps                  | 285          |
|    iterations           | 198          |
|    time_elapsed         | 355          |
|    total_timesteps      | 101376       |
| train/                  |              |
|    approx_kl            | 0.0011599355 |
|    clip_fraction        | 0.0113       |
|    clip_range           | 0.2          |
|    entropy_loss         | -0.213       |
|    explained_variance   | 0.669        |
|    learning_rate        | 0.0003       |
|    loss                 | 2.98         |
|    n_updates            | 985          |
|    policy_gradient_loss | -0.00618     |
|    value_loss           | 5.36         |
------------------------------------------
------------------------------------------
| rollout/                |              |
|    ep_len_mean          | 9.84         |
|    ep_rew_mean          | 3.97         |
| time/                   |              |
|    fps                  | 285          |
|    iterations           | 199          |
|    time_elapsed         | 357          |
|    total_timesteps      | 101888       |
| train/                  |              |
|    approx_kl            | 0.0017914294 |
|    clip_fraction        | 0.0488       |
|    clip_range           | 0.2          |
|    entropy_loss         | -0.275       |
|    explained_variance   | 0.488        |
|    learning_rate        | 0.0003       |
|    loss                 | 2.15         |
|    n_updates            | 990          |
|    policy_gradient_loss | 0.00756      |
|    value_loss           | 6.14         |
------------------------------------------
-------------------------------------------
| rollout/                |               |
|    ep_len_mean          | 9.43          |
|    ep_rew_mean          | 3.74          |
| time/                   |               |
|    fps                  | 285           |
|    iterations           | 200           |
|    time_elapsed         | 358           |
|    total_timesteps      | 102400        |
| train/                  |               |
|    approx_kl            | 0.00076734775 |
|    clip_fraction        | 0.0125        |
|    clip_range           | 0.2           |
|    entropy_loss         | -0.193        |
|    explained_variance   | 0.625         |
|    learning_rate        | 0.0003        |
|    loss                 | 1.71          |
|    n_updates            | 995           |
|    policy_gradient_loss | 0.000364      |
|    value_loss           | 5.21          |
-------------------------------------------
-----------------------------------------
| rollout/                |             |
|    ep_len_mean          | 8.11        |
|    ep_rew_mean          | 3.15        |
| time/                   |             |
|    fps                  | 285         |
|    iterations           | 201         |
|    time_elapsed         | 360         |
|    total_timesteps      | 102912      |
| train/                  |             |
|    approx_kl            | 0.012780439 |
|    clip_fraction        | 0.0367      |
|    clip_range           | 0.2         |
|    entropy_loss         | -0.238      |
|    explained_variance   | 0.543       |
|    learning_rate        | 0.0003      |
|    loss                 | 2.86        |
|    n_updates            | 1000        |
|    policy_gradient_loss | 0.00212     |
|    value_loss           | 8.34        |
-----------------------------------------
------------------------------------------
| rollout/                |              |
|    ep_len_mean          | 7.44         |
|    ep_rew_mean          | 3.04         |
| time/                   |              |
|    fps                  | 285          |
|    iterations           | 202          |
|    time_elapsed         | 362          |
|    total_timesteps      | 103424       |
| train/                  |              |
|    approx_kl            | 0.0003249076 |
|    clip_fraction        | 0.041        |
|    clip_range           | 0.2          |
|    entropy_loss         | -0.221       |
|    explained_variance   | 0.559        |
|    learning_rate        | 0.0003       |
|    loss                 | 3.78         |
|    n_updates            | 1005         |
|    policy_gradient_loss | -0.00409     |
|    value_loss           | 7.38         |
------------------------------------------
------------------------------------------
| rollout/                |              |
|    ep_len_mean          | 7.74         |
|    ep_rew_mean          | 2.97         |
| time/                   |              |
|    fps                  | 285          |
|    iterations           | 203          |
|    time_elapsed         | 364          |
|    total_timesteps      | 103936       |
| train/                  |              |
|    approx_kl            | 0.0016126097 |
|    clip_fraction        | 0.0285       |
|    clip_range           | 0.2          |
|    entropy_loss         | -0.213       |
|    explained_variance   | 0.699        |
|    learning_rate        | 0.0003       |
|    loss                 | 2.31         |
|    n_updates            | 1010         |
|    policy_gradient_loss | -0.00606     |
|    value_loss           | 4.74         |
------------------------------------------
------------------------------------------
| rollout/                |              |
|    ep_len_mean          | 7.59         |
|    ep_rew_mean          | 3.16         |
| time/                   |              |
|    fps                  | 285          |
|    iterations           | 204          |
|    time_elapsed         | 365          |
|    total_timesteps      | 104448       |
| train/                  |              |
|    approx_kl            | 0.0010277436 |
|    clip_fraction        | 0.00117      |
|    clip_range           | 0.2          |
|    entropy_loss         | -0.261       |
|    explained_variance   | 0.605        |
|    learning_rate        | 0.0003       |
|    loss                 | 2.52         |
|    n_updates            | 1015         |
|    policy_gradient_loss | -0.000619    |
|    value_loss           | 6.32         |
------------------------------------------
------------------------------------------
| rollout/                |              |
|    ep_len_mean          | 7.62         |
|    ep_rew_mean          | 3.02         |
| time/                   |              |
|    fps                  | 285          |
|    iterations           | 205          |
|    time_elapsed         | 367          |
|    total_timesteps      | 104960       |
| train/                  |              |
|    approx_kl            | 0.0006461305 |
|    clip_fraction        | 0.000781     |
|    clip_range           | 0.2          |
|    entropy_loss         | -0.248       |
|    explained_variance   | 0.744        |
|    learning_rate        | 0.0003       |
|    loss                 | 2.38         |
|    n_updates            | 1020         |
|    policy_gradient_loss | -0.000123    |
|    value_loss           | 4.95         |
------------------------------------------
-----------------------------------------
| rollout/                |             |
|    ep_len_mean          | 7.74        |
|    ep_rew_mean          | 3.15        |
| time/                   |             |
|    fps                  | 285         |
|    iterations           | 206         |
|    time_elapsed         | 369         |
|    total_timesteps      | 105472      |
| train/                  |             |
|    approx_kl            | 0.003392171 |
|    clip_fraction        | 0.0289      |
|    clip_range           | 0.2         |
|    entropy_loss         | -0.248      |
|    explained_variance   | 0.667       |
|    learning_rate        | 0.0003      |
|    loss                 | 1.6         |
|    n_updates            | 1025        |
|    policy_gradient_loss | -0.00574    |
|    value_loss           | 4.54        |
-----------------------------------------
------------------------------------------
| rollout/                |              |
|    ep_len_mean          | 7.99         |
|    ep_rew_mean          | 2.86         |
| time/                   |              |
|    fps                  | 285          |
|    iterations           | 207          |
|    time_elapsed         | 371          |
|    total_timesteps      | 105984       |
| train/                  |              |
|    approx_kl            | 0.0022591697 |
|    clip_fraction        | 0.0082       |
|    clip_range           | 0.2          |
|    entropy_loss         | -0.216       |
|    explained_variance   | 0.62         |
|    learning_rate        | 0.0003       |
|    loss                 | 2.89         |
|    n_updates            | 1030         |
|    policy_gradient_loss | -0.00304     |
|    value_loss           | 5.74         |
------------------------------------------
-----------------------------------------
| rollout/                |             |
|    ep_len_mean          | 9.3         |
|    ep_rew_mean          | 3.6         |
| time/                   |             |
|    fps                  | 285         |
|    iterations           | 208         |
|    time_elapsed         | 373         |
|    total_timesteps      | 106496      |
| train/                  |             |
|    approx_kl            | 0.001203248 |
|    clip_fraction        | 0.00469     |
|    clip_range           | 0.2         |
|    entropy_loss         | -0.236      |
|    explained_variance   | 0.499       |
|    learning_rate        | 0.0003      |
|    loss                 | 2.65        |
|    n_updates            | 1035        |
|    policy_gradient_loss | -0.00196    |
|    value_loss           | 4.7         |
-----------------------------------------
-----------------------------------------
| rollout/                |             |
|    ep_len_mean          | 10.4        |
|    ep_rew_mean          | 4.4         |
| time/                   |             |
|    fps                  | 285         |
|    iterations           | 209         |
|    time_elapsed         | 374         |
|    total_timesteps      | 107008      |
| train/                  |             |
|    approx_kl            | 0.003240801 |
|    clip_fraction        | 0.0473      |
|    clip_range           | 0.2         |
|    entropy_loss         | -0.167      |
|    explained_variance   | 0.506       |
|    learning_rate        | 0.0003      |
|    loss                 | 2.04        |
|    n_updates            | 1040        |
|    policy_gradient_loss | -0.0104     |
|    value_loss           | 4.37        |
-----------------------------------------
------------------------------------------
| rollout/                |              |
|    ep_len_mean          | 10.9         |
|    ep_rew_mean          | 4.41         |
| time/                   |              |
|    fps                  | 285          |
|    iterations           | 210          |
|    time_elapsed         | 376          |
|    total_timesteps      | 107520       |
| train/                  |              |
|    approx_kl            | 0.0008230235 |
|    clip_fraction        | 0.0113       |
|    clip_range           | 0.2          |
|    entropy_loss         | -0.173       |
|    explained_variance   | 0.649        |
|    learning_rate        | 0.0003       |
|    loss                 | 1.7          |
|    n_updates            | 1045         |
|    policy_gradient_loss | -0.00132     |
|    value_loss           | 5.19         |
------------------------------------------
------------------------------------------
| rollout/                |              |
|    ep_len_mean          | 11.1         |
|    ep_rew_mean          | 4.81         |
| time/                   |              |
|    fps                  | 285          |
|    iterations           | 211          |
|    time_elapsed         | 378          |
|    total_timesteps      | 108032       |
| train/                  |              |
|    approx_kl            | 0.0008207264 |
|    clip_fraction        | 0.00859      |
|    clip_range           | 0.2          |
|    entropy_loss         | -0.192       |
|    explained_variance   | 0.623        |
|    learning_rate        | 0.0003       |
|    loss                 | 2.13         |
|    n_updates            | 1050         |
|    policy_gradient_loss | 0.00254      |
|    value_loss           | 7.47         |
------------------------------------------
-------------------------------------------
| rollout/                |               |
|    ep_len_mean          | 10.6          |
|    ep_rew_mean          | 3.9           |
| time/                   |               |
|    fps                  | 285           |
|    iterations           | 212           |
|    time_elapsed         | 380           |
|    total_timesteps      | 108544        |
| train/                  |               |
|    approx_kl            | 0.00054872414 |
|    clip_fraction        | 0.00273       |
|    clip_range           | 0.2           |
|    entropy_loss         | -0.185        |
|    explained_variance   | 0.727         |
|    learning_rate        | 0.0003        |
|    loss                 | 2.03          |
|    n_updates            | 1055          |
|    policy_gradient_loss | -0.00171      |
|    value_loss           | 4.89          |
-------------------------------------------
---------------------------------------
| rollout/                |           |
|    ep_len_mean          | 9.51      |
|    ep_rew_mean          | 3.62      |
| time/                   |           |
|    fps                  | 285       |
|    iterations           | 213       |
|    time_elapsed         | 381       |
|    total_timesteps      | 109056    |
| train/                  |           |
|    approx_kl            | 0.0371702 |
|    clip_fraction        | 0.0652    |
|    clip_range           | 0.2       |
|    entropy_loss         | -0.24     |
|    explained_variance   | 0.485     |
|    learning_rate        | 0.0003    |
|    loss                 | 3.51      |
|    n_updates            | 1060      |
|    policy_gradient_loss | 0.0101    |
|    value_loss           | 8.36      |
---------------------------------------
-----------------------------------------
| rollout/                |             |
|    ep_len_mean          | 6.97        |
|    ep_rew_mean          | 2.5         |
| time/                   |             |
|    fps                  | 285         |
|    iterations           | 214         |
|    time_elapsed         | 383         |
|    total_timesteps      | 109568      |
| train/                  |             |
|    approx_kl            | 0.003352725 |
|    clip_fraction        | 0.0523      |
|    clip_range           | 0.2         |
|    entropy_loss         | -0.223      |
|    explained_variance   | 0.627       |
|    learning_rate        | 0.0003      |
|    loss                 | 3.24        |
|    n_updates            | 1065        |
|    policy_gradient_loss | -0.011      |
|    value_loss           | 5.82        |
-----------------------------------------
----------------------------------------
| rollout/                |            |
|    ep_len_mean          | 7.99       |
|    ep_rew_mean          | 3.36       |
| time/                   |            |
|    fps                  | 285        |
|    iterations           | 215        |
|    time_elapsed         | 385        |
|    total_timesteps      | 110080     |
| train/                  |            |
|    approx_kl            | 0.00115542 |
|    clip_fraction        | 0.0187     |
|    clip_range           | 0.2        |
|    entropy_loss         | -0.274     |
|    explained_variance   | 0.607      |
|    learning_rate        | 0.0003     |
|    loss                 | 3.88       |
|    n_updates            | 1070       |
|    policy_gradient_loss | -0.00839   |
|    value_loss           | 5.97       |
----------------------------------------
--------------------------------------------
| rollout/                |                |
|    ep_len_mean          | 8.54           |
|    ep_rew_mean          | 3.6            |
| time/                   |                |
|    fps                  | 285            |
|    iterations           | 216            |
|    time_elapsed         | 387            |
|    total_timesteps      | 110592         |
| train/                  |                |
|    approx_kl            | 0.000112137874 |
|    clip_fraction        | 0.00937        |
|    clip_range           | 0.2            |
|    entropy_loss         | -0.201         |
|    explained_variance   | 0.538          |
|    learning_rate        | 0.0003         |
|    loss                 | 3.58           |
|    n_updates            | 1075           |
|    policy_gradient_loss | -0.007         |
|    value_loss           | 6.49           |
--------------------------------------------
------------------------------------------
| rollout/                |              |
|    ep_len_mean          | 8.47         |
|    ep_rew_mean          | 3.52         |
| time/                   |              |
|    fps                  | 285          |
|    iterations           | 217          |
|    time_elapsed         | 389          |
|    total_timesteps      | 111104       |
| train/                  |              |
|    approx_kl            | 0.0020031459 |
|    clip_fraction        | 0.023        |
|    clip_range           | 0.2          |
|    entropy_loss         | -0.184       |
|    explained_variance   | 0.627        |
|    learning_rate        | 0.0003       |
|    loss                 | 2.25         |
|    n_updates            | 1080         |
|    policy_gradient_loss | -0.00504     |
|    value_loss           | 5.13         |
------------------------------------------
-----------------------------------------
| rollout/                |             |
|    ep_len_mean          | 9.34        |
|    ep_rew_mean          | 3.21        |
| time/                   |             |
|    fps                  | 285         |
|    iterations           | 218         |
|    time_elapsed         | 390         |
|    total_timesteps      | 111616      |
| train/                  |             |
|    approx_kl            | 0.001849605 |
|    clip_fraction        | 0.0203      |
|    clip_range           | 0.2         |
|    entropy_loss         | -0.194      |
|    explained_variance   | 0.528       |
|    learning_rate        | 0.0003      |
|    loss                 | 2.38        |
|    n_updates            | 1085        |
|    policy_gradient_loss | -0.00557    |
|    value_loss           | 5.06        |
-----------------------------------------
-----------------------------------------
| rollout/                |             |
|    ep_len_mean          | 9.31        |
|    ep_rew_mean          | 3.43        |
| time/                   |             |
|    fps                  | 285         |
|    iterations           | 219         |
|    time_elapsed         | 392         |
|    total_timesteps      | 112128      |
| train/                  |             |
|    approx_kl            | 0.005369836 |
|    clip_fraction        | 0.0277      |
|    clip_range           | 0.2         |
|    entropy_loss         | -0.235      |
|    explained_variance   | 0.541       |
|    learning_rate        | 0.0003      |
|    loss                 | 3.96        |
|    n_updates            | 1090        |
|    policy_gradient_loss | 0.00396     |
|    value_loss           | 7.91        |
-----------------------------------------
-----------------------------------------
| rollout/                |             |
|    ep_len_mean          | 9.27        |
|    ep_rew_mean          | 3.68        |
| time/                   |             |
|    fps                  | 285         |
|    iterations           | 220         |
|    time_elapsed         | 394         |
|    total_timesteps      | 112640      |
| train/                  |             |
|    approx_kl            | 0.001478842 |
|    clip_fraction        | 0.0391      |
|    clip_range           | 0.2         |
|    entropy_loss         | -0.264      |
|    explained_variance   | 0.638       |
|    learning_rate        | 0.0003      |
|    loss                 | 2.28        |
|    n_updates            | 1095        |
|    policy_gradient_loss | 0.0064      |
|    value_loss           | 4.53        |
-----------------------------------------
------------------------------------------
| rollout/                |              |
|    ep_len_mean          | 8.82         |
|    ep_rew_mean          | 3.38         |
| time/                   |              |
|    fps                  | 285          |
|    iterations           | 221          |
|    time_elapsed         | 396          |
|    total_timesteps      | 113152       |
| train/                  |              |
|    approx_kl            | 0.0013976879 |
|    clip_fraction        | 0.00898      |
|    clip_range           | 0.2          |
|    entropy_loss         | -0.218       |
|    explained_variance   | 0.664        |
|    learning_rate        | 0.0003       |
|    loss                 | 2.54         |
|    n_updates            | 1100         |
|    policy_gradient_loss | -0.00805     |
|    value_loss           | 5.43         |
------------------------------------------
-----------------------------------------
| rollout/                |             |
|    ep_len_mean          | 8.65        |
|    ep_rew_mean          | 3.25        |
| time/                   |             |
|    fps                  | 285         |
|    iterations           | 222         |
|    time_elapsed         | 398         |
|    total_timesteps      | 113664      |
| train/                  |             |
|    approx_kl            | 0.003374883 |
|    clip_fraction        | 0.0563      |
|    clip_range           | 0.2         |
|    entropy_loss         | -0.265      |
|    explained_variance   | 0.617       |
|    learning_rate        | 0.0003      |
|    loss                 | 3.3         |
|    n_updates            | 1105        |
|    policy_gradient_loss | 0.00793     |
|    value_loss           | 5.36        |
-----------------------------------------
------------------------------------------
| rollout/                |              |
|    ep_len_mean          | 9.26         |
|    ep_rew_mean          | 3.4          |
| time/                   |              |
|    fps                  | 285          |
|    iterations           | 223          |
|    time_elapsed         | 399          |
|    total_timesteps      | 114176       |
| train/                  |              |
|    approx_kl            | 0.0006933084 |
|    clip_fraction        | 0.0234       |
|    clip_range           | 0.2          |
|    entropy_loss         | -0.242       |
|    explained_variance   | 0.584        |
|    learning_rate        | 0.0003       |
|    loss                 | 2.85         |
|    n_updates            | 1110         |
|    policy_gradient_loss | 0.00638      |
|    value_loss           | 6.62         |
------------------------------------------
------------------------------------------
| rollout/                |              |
|    ep_len_mean          | 9.48         |
|    ep_rew_mean          | 3.13         |
| time/                   |              |
|    fps                  | 285          |
|    iterations           | 224          |
|    time_elapsed         | 401          |
|    total_timesteps      | 114688       |
| train/                  |              |
|    approx_kl            | 0.0017604756 |
|    clip_fraction        | 0.00898      |
|    clip_range           | 0.2          |
|    entropy_loss         | -0.241       |
|    explained_variance   | 0.472        |
|    learning_rate        | 0.0003       |
|    loss                 | 2.86         |
|    n_updates            | 1115         |
|    policy_gradient_loss | 1.51e-06     |
|    value_loss           | 6.14         |
------------------------------------------
------------------------------------------
| rollout/                |              |
|    ep_len_mean          | 9.34         |
|    ep_rew_mean          | 3.34         |
| time/                   |              |
|    fps                  | 285          |
|    iterations           | 225          |
|    time_elapsed         | 403          |
|    total_timesteps      | 115200       |
| train/                  |              |
|    approx_kl            | 0.0033373027 |
|    clip_fraction        | 0.0289       |
|    clip_range           | 0.2          |
|    entropy_loss         | -0.276       |
|    explained_variance   | 0.577        |
|    learning_rate        | 0.0003       |
|    loss                 | 3.13         |
|    n_updates            | 1120         |
|    policy_gradient_loss | 0.0047       |
|    value_loss           | 6.58         |
------------------------------------------
-----------------------------------------
| rollout/                |             |
|    ep_len_mean          | 9.46        |
|    ep_rew_mean          | 3.83        |
| time/                   |             |
|    fps                  | 285         |
|    iterations           | 226         |
|    time_elapsed         | 405         |
|    total_timesteps      | 115712      |
| train/                  |             |
|    approx_kl            | 0.005077623 |
|    clip_fraction        | 0.0184      |
|    clip_range           | 0.2         |
|    entropy_loss         | -0.224      |
|    explained_variance   | 0.712       |
|    learning_rate        | 0.0003      |
|    loss                 | 2.34        |
|    n_updates            | 1125        |
|    policy_gradient_loss | 0.00233     |
|    value_loss           | 4.66        |
-----------------------------------------
-------------------------------------------
| rollout/                |               |
|    ep_len_mean          | 9.23          |
|    ep_rew_mean          | 4.36          |
| time/                   |               |
|    fps                  | 285           |
|    iterations           | 227           |
|    time_elapsed         | 406           |
|    total_timesteps      | 116224        |
| train/                  |               |
|    approx_kl            | 0.00015708181 |
|    clip_fraction        | 0.0238        |
|    clip_range           | 0.2           |
|    entropy_loss         | -0.192        |
|    explained_variance   | 0.654         |
|    learning_rate        | 0.0003        |
|    loss                 | 1.77          |
|    n_updates            | 1130          |
|    policy_gradient_loss | -0.00484      |
|    value_loss           | 5.48          |
-------------------------------------------
------------------------------------------
| rollout/                |              |
|    ep_len_mean          | 9.23         |
|    ep_rew_mean          | 4.28         |
| time/                   |              |
|    fps                  | 285          |
|    iterations           | 228          |
|    time_elapsed         | 408          |
|    total_timesteps      | 116736       |
| train/                  |              |
|    approx_kl            | 0.0018914633 |
|    clip_fraction        | 0.0387       |
|    clip_range           | 0.2          |
|    entropy_loss         | -0.193       |
|    explained_variance   | 0.744        |
|    learning_rate        | 0.0003       |
|    loss                 | 3.13         |
|    n_updates            | 1135         |
|    policy_gradient_loss | -0.0137      |
|    value_loss           | 6.24         |
------------------------------------------
------------------------------------------
| rollout/                |              |
|    ep_len_mean          | 10.3         |
|    ep_rew_mean          | 4.71         |
| time/                   |              |
|    fps                  | 285          |
|    iterations           | 229          |
|    time_elapsed         | 410          |
|    total_timesteps      | 117248       |
| train/                  |              |
|    approx_kl            | 0.0011098471 |
|    clip_fraction        | 0.0133       |
|    clip_range           | 0.2          |
|    entropy_loss         | -0.204       |
|    explained_variance   | 0.692        |
|    learning_rate        | 0.0003       |
|    loss                 | 2.51         |
|    n_updates            | 1140         |
|    policy_gradient_loss | -0.00417     |
|    value_loss           | 4.44         |
------------------------------------------
------------------------------------------
| rollout/                |              |
|    ep_len_mean          | 9.98         |
|    ep_rew_mean          | 4.35         |
| time/                   |              |
|    fps                  | 285          |
|    iterations           | 230          |
|    time_elapsed         | 412          |
|    total_timesteps      | 117760       |
| train/                  |              |
|    approx_kl            | 0.0010191475 |
|    clip_fraction        | 0.0156       |
|    clip_range           | 0.2          |
|    entropy_loss         | -0.136       |
|    explained_variance   | 0.677        |
|    learning_rate        | 0.0003       |
|    loss                 | 2.11         |
|    n_updates            | 1145         |
|    policy_gradient_loss | -0.00617     |
|    value_loss           | 4.11         |
------------------------------------------
-------------------------------------------
| rollout/                |               |
|    ep_len_mean          | 9.25          |
|    ep_rew_mean          | 3.6           |
| time/                   |               |
|    fps                  | 285           |
|    iterations           | 231           |
|    time_elapsed         | 414           |
|    total_timesteps      | 118272        |
| train/                  |               |
|    approx_kl            | 4.6054833e-05 |
|    clip_fraction        | 0.00586       |
|    clip_range           | 0.2           |
|    entropy_loss         | -0.197        |
|    explained_variance   | 0.668         |
|    learning_rate        | 0.0003        |
|    loss                 | 3.22          |
|    n_updates            | 1150          |
|    policy_gradient_loss | -0.00373      |
|    value_loss           | 5.47          |
-------------------------------------------
------------------------------------------
| rollout/                |              |
|    ep_len_mean          | 8.63         |
|    ep_rew_mean          | 2.98         |
| time/                   |              |
|    fps                  | 285          |
|    iterations           | 232          |
|    time_elapsed         | 415          |
|    total_timesteps      | 118784       |
| train/                  |              |
|    approx_kl            | 0.0004705019 |
|    clip_fraction        | 0.0301       |
|    clip_range           | 0.2          |
|    entropy_loss         | -0.237       |
|    explained_variance   | 0.622        |
|    learning_rate        | 0.0003       |
|    loss                 | 3.61         |
|    n_updates            | 1155         |
|    policy_gradient_loss | 0.00489      |
|    value_loss           | 6.63         |
------------------------------------------
------------------------------------------
| rollout/                |              |
|    ep_len_mean          | 8.66         |
|    ep_rew_mean          | 3.46         |
| time/                   |              |
|    fps                  | 285          |
|    iterations           | 233          |
|    time_elapsed         | 417          |
|    total_timesteps      | 119296       |
| train/                  |              |
|    approx_kl            | 0.0009786555 |
|    clip_fraction        | 0.00664      |
|    clip_range           | 0.2          |
|    entropy_loss         | -0.253       |
|    explained_variance   | 0.661        |
|    learning_rate        | 0.0003       |
|    loss                 | 1.73         |
|    n_updates            | 1160         |
|    policy_gradient_loss | 0.00177      |
|    value_loss           | 4.25         |
------------------------------------------
------------------------------------------
| rollout/                |              |
|    ep_len_mean          | 8.86         |
|    ep_rew_mean          | 3.66         |
| time/                   |              |
|    fps                  | 285          |
|    iterations           | 234          |
|    time_elapsed         | 419          |
|    total_timesteps      | 119808       |
| train/                  |              |
|    approx_kl            | 0.0012503082 |
|    clip_fraction        | 0.0273       |
|    clip_range           | 0.2          |
|    entropy_loss         | -0.18        |
|    explained_variance   | 0.632        |
|    learning_rate        | 0.0003       |
|    loss                 | 1.48         |
|    n_updates            | 1165         |
|    policy_gradient_loss | -0.00929     |
|    value_loss           | 4.22         |
------------------------------------------
------------------------------------------
| rollout/                |              |
|    ep_len_mean          | 9.58         |
|    ep_rew_mean          | 4.41         |
| time/                   |              |
|    fps                  | 285          |
|    iterations           | 235          |
|    time_elapsed         | 420          |
|    total_timesteps      | 120320       |
| train/                  |              |
|    approx_kl            | 0.0031578876 |
|    clip_fraction        | 0.0527       |
|    clip_range           | 0.2          |
|    entropy_loss         | -0.177       |
|    explained_variance   | 0.655        |
|    learning_rate        | 0.0003       |
|    loss                 | 1.85         |
|    n_updates            | 1170         |
|    policy_gradient_loss | -0.00996     |
|    value_loss           | 3.65         |
------------------------------------------
------------------------------------------
| rollout/                |              |
|    ep_len_mean          | 9.73         |
|    ep_rew_mean          | 3.85         |
| time/                   |              |
|    fps                  | 286          |
|    iterations           | 236          |
|    time_elapsed         | 422          |
|    total_timesteps      | 120832       |
| train/                  |              |
|    approx_kl            | 0.0030207012 |
|    clip_fraction        | 0.027        |
|    clip_range           | 0.2          |
|    entropy_loss         | -0.177       |
|    explained_variance   | 0.609        |
|    learning_rate        | 0.0003       |
|    loss                 | 2.24         |
|    n_updates            | 1175         |
|    policy_gradient_loss | -0.00539     |
|    value_loss           | 4.39         |
------------------------------------------
------------------------------------------
| rollout/                |              |
|    ep_len_mean          | 10.6         |
|    ep_rew_mean          | 3.96         |
| time/                   |              |
|    fps                  | 286          |
|    iterations           | 237          |
|    time_elapsed         | 424          |
|    total_timesteps      | 121344       |
| train/                  |              |
|    approx_kl            | 0.0063960454 |
|    clip_fraction        | 0.052        |
|    clip_range           | 0.2          |
|    entropy_loss         | -0.22        |
|    explained_variance   | 0.589        |
|    learning_rate        | 0.0003       |
|    loss                 | 3.36         |
|    n_updates            | 1180         |
|    policy_gradient_loss | 0.00782      |
|    value_loss           | 5.58         |
------------------------------------------
-------------------------------------------
| rollout/                |               |
|    ep_len_mean          | 11.3          |
|    ep_rew_mean          | 4.37          |
| time/                   |               |
|    fps                  | 286           |
|    iterations           | 238           |
|    time_elapsed         | 425           |
|    total_timesteps      | 121856        |
| train/                  |               |
|    approx_kl            | 0.00061205635 |
|    clip_fraction        | 0.00508       |
|    clip_range           | 0.2           |
|    entropy_loss         | -0.17         |
|    explained_variance   | 0.573         |
|    learning_rate        | 0.0003        |
|    loss                 | 2.06          |
|    n_updates            | 1185          |
|    policy_gradient_loss | -0.00308      |
|    value_loss           | 5.01          |
-------------------------------------------
------------------------------------------
| rollout/                |              |
|    ep_len_mean          | 11.3         |
|    ep_rew_mean          | 4.95         |
| time/                   |              |
|    fps                  | 286          |
|    iterations           | 239          |
|    time_elapsed         | 427          |
|    total_timesteps      | 122368       |
| train/                  |              |
|    approx_kl            | 0.0009765876 |
|    clip_fraction        | 0.00273      |
|    clip_range           | 0.2          |
|    entropy_loss         | -0.19        |
|    explained_variance   | 0.559        |
|    learning_rate        | 0.0003       |
|    loss                 | 4.4          |
|    n_updates            | 1190         |
|    policy_gradient_loss | -0.00226     |
|    value_loss           | 8.53         |
------------------------------------------
-------------------------------------------
| rollout/                |               |
|    ep_len_mean          | 9.97          |
|    ep_rew_mean          | 3.87          |
| time/                   |               |
|    fps                  | 286           |
|    iterations           | 240           |
|    time_elapsed         | 429           |
|    total_timesteps      | 122880        |
| train/                  |               |
|    approx_kl            | 0.00084712636 |
|    clip_fraction        | 0.0043        |
|    clip_range           | 0.2           |
|    entropy_loss         | -0.192        |
|    explained_variance   | 0.652         |
|    learning_rate        | 0.0003        |
|    loss                 | 2.63          |
|    n_updates            | 1195          |
|    policy_gradient_loss | -0.00329      |
|    value_loss           | 5.42          |
-------------------------------------------
-------------------------------------------
| rollout/                |               |
|    ep_len_mean          | 10.2          |
|    ep_rew_mean          | 3.41          |
| time/                   |               |
|    fps                  | 286           |
|    iterations           | 241           |
|    time_elapsed         | 430           |
|    total_timesteps      | 123392        |
| train/                  |               |
|    approx_kl            | 0.00055177987 |
|    clip_fraction        | 0.00625       |
|    clip_range           | 0.2           |
|    entropy_loss         | -0.207        |
|    explained_variance   | 0.518         |
|    learning_rate        | 0.0003        |
|    loss                 | 2.74          |
|    n_updates            | 1200          |
|    policy_gradient_loss | -0.000308     |
|    value_loss           | 6.4           |
-------------------------------------------
------------------------------------------
| rollout/                |              |
|    ep_len_mean          | 10.9         |
|    ep_rew_mean          | 3.91         |
| time/                   |              |
|    fps                  | 286          |
|    iterations           | 242          |
|    time_elapsed         | 432          |
|    total_timesteps      | 123904       |
| train/                  |              |
|    approx_kl            | 0.0012119003 |
|    clip_fraction        | 0.0195       |
|    clip_range           | 0.2          |
|    entropy_loss         | -0.182       |
|    explained_variance   | 0.601        |
|    learning_rate        | 0.0003       |
|    loss                 | 1.59         |
|    n_updates            | 1205         |
|    policy_gradient_loss | -0.00561     |
|    value_loss           | 4.96         |
------------------------------------------
-----------------------------------------
| rollout/                |             |
|    ep_len_mean          | 11.1        |
|    ep_rew_mean          | 4.64        |
| time/                   |             |
|    fps                  | 286         |
|    iterations           | 243         |
|    time_elapsed         | 434         |
|    total_timesteps      | 124416      |
| train/                  |             |
|    approx_kl            | 0.005341379 |
|    clip_fraction        | 0.0281      |
|    clip_range           | 0.2         |
|    entropy_loss         | -0.179      |
|    explained_variance   | 0.569       |
|    learning_rate        | 0.0003      |
|    loss                 | 3.03        |
|    n_updates            | 1210        |
|    policy_gradient_loss | 0.00337     |
|    value_loss           | 8.82        |
-----------------------------------------
------------------------------------------
| rollout/                |              |
|    ep_len_mean          | 11.3         |
|    ep_rew_mean          | 4.92         |
| time/                   |              |
|    fps                  | 286          |
|    iterations           | 244          |
|    time_elapsed         | 435          |
|    total_timesteps      | 124928       |
| train/                  |              |
|    approx_kl            | 0.0013006477 |
|    clip_fraction        | 0.0109       |
|    clip_range           | 0.2          |
|    entropy_loss         | -0.123       |
|    explained_variance   | 0.573        |
|    learning_rate        | 0.0003       |
|    loss                 | 1.9          |
|    n_updates            | 1215         |
|    policy_gradient_loss | -0.00695     |
|    value_loss           | 3.95         |
------------------------------------------
-------------------------------------------
| rollout/                |               |
|    ep_len_mean          | 10.5          |
|    ep_rew_mean          | 3.93          |
| time/                   |               |
|    fps                  | 286           |
|    iterations           | 245           |
|    time_elapsed         | 437           |
|    total_timesteps      | 125440        |
| train/                  |               |
|    approx_kl            | 5.3036958e-05 |
|    clip_fraction        | 0             |
|    clip_range           | 0.2           |
|    entropy_loss         | -0.152        |
|    explained_variance   | 0.576         |
|    learning_rate        | 0.0003        |
|    loss                 | 4.68          |
|    n_updates            | 1220          |
|    policy_gradient_loss | 0.00156       |
|    value_loss           | 6.93          |
-------------------------------------------
-----------------------------------------
| rollout/                |             |
|    ep_len_mean          | 7.24        |
|    ep_rew_mean          | 2.88        |
| time/                   |             |
|    fps                  | 286         |
|    iterations           | 246         |
|    time_elapsed         | 439         |
|    total_timesteps      | 125952      |
| train/                  |             |
|    approx_kl            | 0.028467314 |
|    clip_fraction        | 0.0984      |
|    clip_range           | 0.2         |
|    entropy_loss         | -0.27       |
|    explained_variance   | 0.465       |
|    learning_rate        | 0.0003      |
|    loss                 | 3.77        |
|    n_updates            | 1225        |
|    policy_gradient_loss | 0.00764     |
|    value_loss           | 10.3        |
-----------------------------------------
-----------------------------------------
| rollout/                |             |
|    ep_len_mean          | 8.09        |
|    ep_rew_mean          | 3.62        |
| time/                   |             |
|    fps                  | 287         |
|    iterations           | 247         |
|    time_elapsed         | 440         |
|    total_timesteps      | 126464      |
| train/                  |             |
|    approx_kl            | 0.004663964 |
|    clip_fraction        | 0.0676      |
|    clip_range           | 0.2         |
|    entropy_loss         | -0.208      |
|    explained_variance   | 0.6         |
|    learning_rate        | 0.0003      |
|    loss                 | 1.27        |
|    n_updates            | 1230        |
|    policy_gradient_loss | -0.0168     |
|    value_loss           | 5.25        |
-----------------------------------------
------------------------------------------
| rollout/                |              |
|    ep_len_mean          | 8.06         |
|    ep_rew_mean          | 3.23         |
| time/                   |              |
|    fps                  | 287          |
|    iterations           | 248          |
|    time_elapsed         | 442          |
|    total_timesteps      | 126976       |
| train/                  |              |
|    approx_kl            | 0.0017121026 |
|    clip_fraction        | 0.0125       |
|    clip_range           | 0.2          |
|    entropy_loss         | -0.186       |
|    explained_variance   | 0.696        |
|    learning_rate        | 0.0003       |
|    loss                 | 3.53         |
|    n_updates            | 1235         |
|    policy_gradient_loss | -0.0048      |
|    value_loss           | 6.92         |
------------------------------------------
------------------------------------------
| rollout/                |              |
|    ep_len_mean          | 8.06         |
|    ep_rew_mean          | 3.57         |
| time/                   |              |
|    fps                  | 287          |
|    iterations           | 249          |
|    time_elapsed         | 443          |
|    total_timesteps      | 127488       |
| train/                  |              |
|    approx_kl            | 0.0020545225 |
|    clip_fraction        | 0.0281       |
|    clip_range           | 0.2          |
|    entropy_loss         | -0.201       |
|    explained_variance   | 0.532        |
|    learning_rate        | 0.0003       |
|    loss                 | 2.32         |
|    n_updates            | 1240         |
|    policy_gradient_loss | -0.011       |
|    value_loss           | 5.11         |
------------------------------------------
------------------------------------------
| rollout/                |              |
|    ep_len_mean          | 9.46         |
|    ep_rew_mean          | 3.96         |
| time/                   |              |
|    fps                  | 287          |
|    iterations           | 250          |
|    time_elapsed         | 445          |
|    total_timesteps      | 128000       |
| train/                  |              |
|    approx_kl            | 0.0020078523 |
|    clip_fraction        | 0.00859      |
|    clip_range           | 0.2          |
|    entropy_loss         | -0.186       |
|    explained_variance   | 0.588        |
|    learning_rate        | 0.0003       |
|    loss                 | 1.91         |
|    n_updates            | 1245         |
|    policy_gradient_loss | -0.00508     |
|    value_loss           | 5.76         |
------------------------------------------
-----------------------------------------
| rollout/                |             |
|    ep_len_mean          | 9.55        |
|    ep_rew_mean          | 3.71        |
| time/                   |             |
|    fps                  | 287         |
|    iterations           | 251         |
|    time_elapsed         | 447         |
|    total_timesteps      | 128512      |
| train/                  |             |
|    approx_kl            | 0.008394847 |
|    clip_fraction        | 0.0422      |
|    clip_range           | 0.2         |
|    entropy_loss         | -0.249      |
|    explained_variance   | 0.665       |
|    learning_rate        | 0.0003      |
|    loss                 | 2.98        |
|    n_updates            | 1250        |
|    policy_gradient_loss | 0.00926     |
|    value_loss           | 4.06        |
-----------------------------------------
------------------------------------------
| rollout/                |              |
|    ep_len_mean          | 9.31         |
|    ep_rew_mean          | 3.71         |
| time/                   |              |
|    fps                  | 287          |
|    iterations           | 252          |
|    time_elapsed         | 448          |
|    total_timesteps      | 129024       |
| train/                  |              |
|    approx_kl            | 0.0012929193 |
|    clip_fraction        | 0.00703      |
|    clip_range           | 0.2          |
|    entropy_loss         | -0.204       |
|    explained_variance   | 0.483        |
|    learning_rate        | 0.0003       |
|    loss                 | 2.01         |
|    n_updates            | 1255         |
|    policy_gradient_loss | -0.00104     |
|    value_loss           | 6.7          |
------------------------------------------
------------------------------------------
| rollout/                |              |
|    ep_len_mean          | 9.4          |
|    ep_rew_mean          | 3.88         |
| time/                   |              |
|    fps                  | 287          |
|    iterations           | 253          |
|    time_elapsed         | 450          |
|    total_timesteps      | 129536       |
| train/                  |              |
|    approx_kl            | 0.0016352625 |
|    clip_fraction        | 0.00352      |
|    clip_range           | 0.2          |
|    entropy_loss         | -0.244       |
|    explained_variance   | 0.494        |
|    learning_rate        | 0.0003       |
|    loss                 | 2.34         |
|    n_updates            | 1260         |
|    policy_gradient_loss | -0.00374     |
|    value_loss           | 7            |
------------------------------------------
------------------------------------------
| rollout/                |              |
|    ep_len_mean          | 8.69         |
|    ep_rew_mean          | 2.92         |
| time/                   |              |
|    fps                  | 287          |
|    iterations           | 254          |
|    time_elapsed         | 452          |
|    total_timesteps      | 130048       |
| train/                  |              |
|    approx_kl            | 0.0024064418 |
|    clip_fraction        | 0.0121       |
|    clip_range           | 0.2          |
|    entropy_loss         | -0.19        |
|    explained_variance   | 0.687        |
|    learning_rate        | 0.0003       |
|    loss                 | 2.63         |
|    n_updates            | 1265         |
|    policy_gradient_loss | -0.00128     |
|    value_loss           | 6.32         |
------------------------------------------
------------------------------------------
| rollout/                |              |
|    ep_len_mean          | 8.6          |
|    ep_rew_mean          | 2.85         |
| time/                   |              |
|    fps                  | 287          |
|    iterations           | 255          |
|    time_elapsed         | 453          |
|    total_timesteps      | 130560       |
| train/                  |              |
|    approx_kl            | 0.0012527324 |
|    clip_fraction        | 0.00195      |
|    clip_range           | 0.2          |
|    entropy_loss         | -0.276       |
|    explained_variance   | 0.44         |
|    learning_rate        | 0.0003       |
|    loss                 | 3.44         |
|    n_updates            | 1270         |
|    policy_gradient_loss | -0.000672    |
|    value_loss           | 7.63         |
------------------------------------------
-------------------------------------------
| rollout/                |               |
|    ep_len_mean          | 8.84          |
|    ep_rew_mean          | 3.49          |
| time/                   |               |
|    fps                  | 287           |
|    iterations           | 256           |
|    time_elapsed         | 455           |
|    total_timesteps      | 131072        |
| train/                  |               |
|    approx_kl            | 0.00044942152 |
|    clip_fraction        | 0.0129        |
|    clip_range           | 0.2           |
|    entropy_loss         | -0.236        |
|    explained_variance   | 0.694         |
|    learning_rate        | 0.0003        |
|    loss                 | 2.87          |
|    n_updates            | 1275          |
|    policy_gradient_loss | -0.00346      |
|    value_loss           | 4.43          |
-------------------------------------------
-----------------------------------------
| rollout/                |             |
|    ep_len_mean          | 7.92        |
|    ep_rew_mean          | 3.29        |
| time/                   |             |
|    fps                  | 287         |
|    iterations           | 257         |
|    time_elapsed         | 457         |
|    total_timesteps      | 131584      |
| train/                  |             |
|    approx_kl            | 0.004342097 |
|    clip_fraction        | 0.0242      |
|    clip_range           | 0.2         |
|    entropy_loss         | -0.214      |
|    explained_variance   | 0.6         |
|    learning_rate        | 0.0003      |
|    loss                 | 3.04        |
|    n_updates            | 1280        |
|    policy_gradient_loss | -0.00672    |
|    value_loss           | 5.95        |
-----------------------------------------
------------------------------------------
| rollout/                |              |
|    ep_len_mean          | 8.62         |
|    ep_rew_mean          | 3.43         |
| time/                   |              |
|    fps                  | 288          |
|    iterations           | 258          |
|    time_elapsed         | 458          |
|    total_timesteps      | 132096       |
| train/                  |              |
|    approx_kl            | 0.0011891986 |
|    clip_fraction        | 0.0117       |
|    clip_range           | 0.2          |
|    entropy_loss         | -0.213       |
|    explained_variance   | 0.723        |
|    learning_rate        | 0.0003       |
|    loss                 | 2.24         |
|    n_updates            | 1285         |
|    policy_gradient_loss | -0.00427     |
|    value_loss           | 4.22         |
------------------------------------------
------------------------------------------
| rollout/                |              |
|    ep_len_mean          | 8.28         |
|    ep_rew_mean          | 3.1          |
| time/                   |              |
|    fps                  | 288          |
|    iterations           | 259          |
|    time_elapsed         | 460          |
|    total_timesteps      | 132608       |
| train/                  |              |
|    approx_kl            | 0.0044381954 |
|    clip_fraction        | 0.0109       |
|    clip_range           | 0.2          |
|    entropy_loss         | -0.209       |
|    explained_variance   | 0.721        |
|    learning_rate        | 0.0003       |
|    loss                 | 1.4          |
|    n_updates            | 1290         |
|    policy_gradient_loss | 0.00404      |
|    value_loss           | 4.59         |
------------------------------------------
------------------------------------------
| rollout/                |              |
|    ep_len_mean          | 8.3          |
|    ep_rew_mean          | 3.47         |
| time/                   |              |
|    fps                  | 288          |
|    iterations           | 260          |
|    time_elapsed         | 461          |
|    total_timesteps      | 133120       |
| train/                  |              |
|    approx_kl            | 0.0011269667 |
|    clip_fraction        | 0.00742      |
|    clip_range           | 0.2          |
|    entropy_loss         | -0.198       |
|    explained_variance   | 0.512        |
|    learning_rate        | 0.0003       |
|    loss                 | 3.45         |
|    n_updates            | 1295         |
|    policy_gradient_loss | -0.00464     |
|    value_loss           | 9.18         |
------------------------------------------
-------------------------------------------
| rollout/                |               |
|    ep_len_mean          | 8.41          |
|    ep_rew_mean          | 3.4           |
| time/                   |               |
|    fps                  | 288           |
|    iterations           | 261           |
|    time_elapsed         | 463           |
|    total_timesteps      | 133632        |
| train/                  |               |
|    approx_kl            | 0.00091210357 |
|    clip_fraction        | 0.0316        |
|    clip_range           | 0.2           |
|    entropy_loss         | -0.195        |
|    explained_variance   | 0.619         |
|    learning_rate        | 0.0003        |
|    loss                 | 1.91          |
|    n_updates            | 1300          |
|    policy_gradient_loss | -0.00697      |
|    value_loss           | 5.3           |
-------------------------------------------
------------------------------------------
| rollout/                |              |
|    ep_len_mean          | 8.35         |
|    ep_rew_mean          | 3.3          |
| time/                   |              |
|    fps                  | 288          |
|    iterations           | 262          |
|    time_elapsed         | 465          |
|    total_timesteps      | 134144       |
| train/                  |              |
|    approx_kl            | 0.0006594115 |
|    clip_fraction        | 0.00898      |
|    clip_range           | 0.2          |
|    entropy_loss         | -0.208       |
|    explained_variance   | 0.524        |
|    learning_rate        | 0.0003       |
|    loss                 | 3.08         |
|    n_updates            | 1305         |
|    policy_gradient_loss | -0.00459     |
|    value_loss           | 9.38         |
------------------------------------------
------------------------------------------
| rollout/                |              |
|    ep_len_mean          | 9.23         |
|    ep_rew_mean          | 3.84         |
| time/                   |              |
|    fps                  | 288          |
|    iterations           | 263          |
|    time_elapsed         | 466          |
|    total_timesteps      | 134656       |
| train/                  |              |
|    approx_kl            | 0.0057830987 |
|    clip_fraction        | 0.0219       |
|    clip_range           | 0.2          |
|    entropy_loss         | -0.23        |
|    explained_variance   | 0.557        |
|    learning_rate        | 0.0003       |
|    loss                 | 1.74         |
|    n_updates            | 1310         |
|    policy_gradient_loss | 0.00112      |
|    value_loss           | 6.76         |
------------------------------------------
------------------------------------------
| rollout/                |              |
|    ep_len_mean          | 8.9          |
|    ep_rew_mean          | 3.38         |
| time/                   |              |
|    fps                  | 288          |
|    iterations           | 264          |
|    time_elapsed         | 468          |
|    total_timesteps      | 135168       |
| train/                  |              |
|    approx_kl            | 0.0012514776 |
|    clip_fraction        | 0.0082       |
|    clip_range           | 0.2          |
|    entropy_loss         | -0.161       |
|    explained_variance   | 0.56         |
|    learning_rate        | 0.0003       |
|    loss                 | 3.49         |
|    n_updates            | 1315         |
|    policy_gradient_loss | -0.00423     |
|    value_loss           | 10.1         |
------------------------------------------
-----------------------------------------
| rollout/                |             |
|    ep_len_mean          | 8.09        |
|    ep_rew_mean          | 2.92        |
| time/                   |             |
|    fps                  | 288         |
|    iterations           | 265         |
|    time_elapsed         | 469         |
|    total_timesteps      | 135680      |
| train/                  |             |
|    approx_kl            | 0.000800126 |
|    clip_fraction        | 0.00469     |
|    clip_range           | 0.2         |
|    entropy_loss         | -0.209      |
|    explained_variance   | 0.539       |
|    learning_rate        | 0.0003      |
|    loss                 | 1.78        |
|    n_updates            | 1320        |
|    policy_gradient_loss | -0.00537    |
|    value_loss           | 6.4         |
-----------------------------------------
------------------------------------------
| rollout/                |              |
|    ep_len_mean          | 8.66         |
|    ep_rew_mean          | 3.3          |
| time/                   |              |
|    fps                  | 288          |
|    iterations           | 266          |
|    time_elapsed         | 471          |
|    total_timesteps      | 136192       |
| train/                  |              |
|    approx_kl            | 0.0010966127 |
|    clip_fraction        | 0.0316       |
|    clip_range           | 0.2          |
|    entropy_loss         | -0.258       |
|    explained_variance   | 0.557        |
|    learning_rate        | 0.0003       |
|    loss                 | 2.86         |
|    n_updates            | 1325         |
|    policy_gradient_loss | 0.0048       |
|    value_loss           | 6.38         |
------------------------------------------
------------------------------------------
| rollout/                |              |
|    ep_len_mean          | 10.3         |
|    ep_rew_mean          | 4.41         |
| time/                   |              |
|    fps                  | 288          |
|    iterations           | 267          |
|    time_elapsed         | 473          |
|    total_timesteps      | 136704       |
| train/                  |              |
|    approx_kl            | 0.0013055834 |
|    clip_fraction        | 0.0207       |
|    clip_range           | 0.2          |
|    entropy_loss         | -0.192       |
|    explained_variance   | 0.582        |
|    learning_rate        | 0.0003       |
|    loss                 | 2.46         |
|    n_updates            | 1330         |
|    policy_gradient_loss | 0.000214     |
|    value_loss           | 4.8          |
------------------------------------------
------------------------------------------
| rollout/                |              |
|    ep_len_mean          | 10.7         |
|    ep_rew_mean          | 4.12         |
| time/                   |              |
|    fps                  | 289          |
|    iterations           | 268          |
|    time_elapsed         | 474          |
|    total_timesteps      | 137216       |
| train/                  |              |
|    approx_kl            | 0.0013434425 |
|    clip_fraction        | 0.0227       |
|    clip_range           | 0.2          |
|    entropy_loss         | -0.126       |
|    explained_variance   | 0.501        |
|    learning_rate        | 0.0003       |
|    loss                 | 1.94         |
|    n_updates            | 1335         |
|    policy_gradient_loss | -0.00668     |
|    value_loss           | 5.56         |
------------------------------------------
-----------------------------------------
| rollout/                |             |
|    ep_len_mean          | 10.2        |
|    ep_rew_mean          | 3.22        |
| time/                   |             |
|    fps                  | 289         |
|    iterations           | 269         |
|    time_elapsed         | 476         |
|    total_timesteps      | 137728      |
| train/                  |             |
|    approx_kl            | 0.007626281 |
|    clip_fraction        | 0.0426      |
|    clip_range           | 0.2         |
|    entropy_loss         | -0.171      |
|    explained_variance   | 0.626       |
|    learning_rate        | 0.0003      |
|    loss                 | 2.35        |
|    n_updates            | 1340        |
|    policy_gradient_loss | 0.0053      |
|    value_loss           | 5.57        |
-----------------------------------------
------------------------------------------
| rollout/                |              |
|    ep_len_mean          | 8.97         |
|    ep_rew_mean          | 3.07         |
| time/                   |              |
|    fps                  | 289          |
|    iterations           | 270          |
|    time_elapsed         | 478          |
|    total_timesteps      | 138240       |
| train/                  |              |
|    approx_kl            | 0.0007800081 |
|    clip_fraction        | 0.0164       |
|    clip_range           | 0.2          |
|    entropy_loss         | -0.191       |
|    explained_variance   | 0.549        |
|    learning_rate        | 0.0003       |
|    loss                 | 3.57         |
|    n_updates            | 1345         |
|    policy_gradient_loss | 0.00106      |
|    value_loss           | 7.12         |
------------------------------------------
------------------------------------------
| rollout/                |              |
|    ep_len_mean          | 10.1         |
|    ep_rew_mean          | 3.8          |
| time/                   |              |
|    fps                  | 289          |
|    iterations           | 271          |
|    time_elapsed         | 479          |
|    total_timesteps      | 138752       |
| train/                  |              |
|    approx_kl            | 0.0061761998 |
|    clip_fraction        | 0.0273       |
|    clip_range           | 0.2          |
|    entropy_loss         | -0.202       |
|    explained_variance   | 0.636        |
|    learning_rate        | 0.0003       |
|    loss                 | 1.75         |
|    n_updates            | 1350         |
|    policy_gradient_loss | -0.00339     |
|    value_loss           | 3.6          |
------------------------------------------
------------------------------------------
| rollout/                |              |
|    ep_len_mean          | 10.8         |
|    ep_rew_mean          | 4.36         |
| time/                   |              |
|    fps                  | 289          |
|    iterations           | 272          |
|    time_elapsed         | 481          |
|    total_timesteps      | 139264       |
| train/                  |              |
|    approx_kl            | 0.0015732425 |
|    clip_fraction        | 0.0488       |
|    clip_range           | 0.2          |
|    entropy_loss         | -0.18        |
|    explained_variance   | 0.698        |
|    learning_rate        | 0.0003       |
|    loss                 | 1.91         |
|    n_updates            | 1355         |
|    policy_gradient_loss | 0.00619      |
|    value_loss           | 4.02         |
------------------------------------------
------------------------------------------
| rollout/                |              |
|    ep_len_mean          | 11.4         |
|    ep_rew_mean          | 4.65         |
| time/                   |              |
|    fps                  | 289          |
|    iterations           | 273          |
|    time_elapsed         | 482          |
|    total_timesteps      | 139776       |
| train/                  |              |
|    approx_kl            | 0.0005633196 |
|    clip_fraction        | 0.00195      |
|    clip_range           | 0.2          |
|    entropy_loss         | -0.102       |
|    explained_variance   | 0.559        |
|    learning_rate        | 0.0003       |
|    loss                 | 3.2          |
|    n_updates            | 1360         |
|    policy_gradient_loss | -0.00125     |
|    value_loss           | 5.3          |
------------------------------------------
-----------------------------------------
| rollout/                |             |
|    ep_len_mean          | 11.7        |
|    ep_rew_mean          | 4.78        |
| time/                   |             |
|    fps                  | 289         |
|    iterations           | 274         |
|    time_elapsed         | 484         |
|    total_timesteps      | 140288      |
| train/                  |             |
|    approx_kl            | 0.025137791 |
|    clip_fraction        | 0.134       |
|    clip_range           | 0.2         |
|    entropy_loss         | -0.216      |
|    explained_variance   | 0.633       |
|    learning_rate        | 0.0003      |
|    loss                 | 2.14        |
|    n_updates            | 1365        |
|    policy_gradient_loss | 0.00576     |
|    value_loss           | 5.9         |
-----------------------------------------
-------------------------------------------
| rollout/                |               |
|    ep_len_mean          | 10.2          |
|    ep_rew_mean          | 4.69          |
| time/                   |               |
|    fps                  | 289           |
|    iterations           | 275           |
|    time_elapsed         | 486           |
|    total_timesteps      | 140800        |
| train/                  |               |
|    approx_kl            | 0.00059289375 |
|    clip_fraction        | 0.00937       |
|    clip_range           | 0.2           |
|    entropy_loss         | -0.176        |
|    explained_variance   | 0.639         |
|    learning_rate        | 0.0003        |
|    loss                 | 2.47          |
|    n_updates            | 1370          |
|    policy_gradient_loss | -0.00232      |
|    value_loss           | 4.45          |
-------------------------------------------
------------------------------------------
| rollout/                |              |
|    ep_len_mean          | 10.4         |
|    ep_rew_mean          | 5            |
| time/                   |              |
|    fps                  | 289          |
|    iterations           | 276          |
|    time_elapsed         | 487          |
|    total_timesteps      | 141312       |
| train/                  |              |
|    approx_kl            | 0.0013841541 |
|    clip_fraction        | 0.0113       |
|    clip_range           | 0.2          |
|    entropy_loss         | -0.142       |
|    explained_variance   | 0.667        |
|    learning_rate        | 0.0003       |
|    loss                 | 5.35         |
|    n_updates            | 1375         |
|    policy_gradient_loss | -0.00459     |
|    value_loss           | 7.88         |
------------------------------------------
-------------------------------------------
| rollout/                |               |
|    ep_len_mean          | 10            |
|    ep_rew_mean          | 4.06          |
| time/                   |               |
|    fps                  | 289           |
|    iterations           | 277           |
|    time_elapsed         | 489           |
|    total_timesteps      | 141824        |
| train/                  |               |
|    approx_kl            | 0.00048033427 |
|    clip_fraction        | 0.0109        |
|    clip_range           | 0.2           |
|    entropy_loss         | -0.147        |
|    explained_variance   | 0.494         |
|    learning_rate        | 0.0003        |
|    loss                 | 6.12          |
|    n_updates            | 1380          |
|    policy_gradient_loss | -0.00413      |
|    value_loss           | 8.74          |
-------------------------------------------
------------------------------------------
| rollout/                |              |
|    ep_len_mean          | 8.89         |
|    ep_rew_mean          | 3.65         |
| time/                   |              |
|    fps                  | 289          |
|    iterations           | 278          |
|    time_elapsed         | 490          |
|    total_timesteps      | 142336       |
| train/                  |              |
|    approx_kl            | 0.0011313227 |
|    clip_fraction        | 0.0102       |
|    clip_range           | 0.2          |
|    entropy_loss         | -0.197       |
|    explained_variance   | 0.564        |
|    learning_rate        | 0.0003       |
|    loss                 | 2.33         |
|    n_updates            | 1385         |
|    policy_gradient_loss | -0.000433    |
|    value_loss           | 5.3          |
------------------------------------------
------------------------------------------
| rollout/                |              |
|    ep_len_mean          | 7.61         |
|    ep_rew_mean          | 2.96         |
| time/                   |              |
|    fps                  | 290          |
|    iterations           | 279          |
|    time_elapsed         | 492          |
|    total_timesteps      | 142848       |
| train/                  |              |
|    approx_kl            | 0.0019596037 |
|    clip_fraction        | 0.0312       |
|    clip_range           | 0.2          |
|    entropy_loss         | -0.174       |
|    explained_variance   | 0.409        |
|    learning_rate        | 0.0003       |
|    loss                 | 2.13         |
|    n_updates            | 1390         |
|    policy_gradient_loss | -0.00884     |
|    value_loss           | 5.6          |
------------------------------------------
------------------------------------------
| rollout/                |              |
|    ep_len_mean          | 8.61         |
|    ep_rew_mean          | 3.81         |
| time/                   |              |
|    fps                  | 290          |
|    iterations           | 280          |
|    time_elapsed         | 494          |
|    total_timesteps      | 143360       |
| train/                  |              |
|    approx_kl            | 0.0009302396 |
|    clip_fraction        | 0.00937      |
|    clip_range           | 0.2          |
|    entropy_loss         | -0.207       |
|    explained_variance   | 0.569        |
|    learning_rate        | 0.0003       |
|    loss                 | 2.42         |
|    n_updates            | 1395         |
|    policy_gradient_loss | -0.00753     |
|    value_loss           | 5.04         |
------------------------------------------
------------------------------------------
| rollout/                |              |
|    ep_len_mean          | 9.77         |
|    ep_rew_mean          | 3.92         |
| time/                   |              |
|    fps                  | 290          |
|    iterations           | 281          |
|    time_elapsed         | 495          |
|    total_timesteps      | 143872       |
| train/                  |              |
|    approx_kl            | 0.0022309108 |
|    clip_fraction        | 0.0445       |
|    clip_range           | 0.2          |
|    entropy_loss         | -0.187       |
|    explained_variance   | 0.473        |
|    learning_rate        | 0.0003       |
|    loss                 | 2.32         |
|    n_updates            | 1400         |
|    policy_gradient_loss | -0.0125      |
|    value_loss           | 4.87         |
------------------------------------------
-----------------------------------------
| rollout/                |             |
|    ep_len_mean          | 10.1        |
|    ep_rew_mean          | 3.94        |
| time/                   |             |
|    fps                  | 290         |
|    iterations           | 282         |
|    time_elapsed         | 497         |
|    total_timesteps      | 144384      |
| train/                  |             |
|    approx_kl            | 0.008601728 |
|    clip_fraction        | 0.0691      |
|    clip_range           | 0.2         |
|    entropy_loss         | -0.2        |
|    explained_variance   | 0.626       |
|    learning_rate        | 0.0003      |
|    loss                 | 1.38        |
|    n_updates            | 1405        |
|    policy_gradient_loss | 0.00768     |
|    value_loss           | 4.07        |
-----------------------------------------
-------------------------------------------
| rollout/                |               |
|    ep_len_mean          | 9.33          |
|    ep_rew_mean          | 3.9           |
| time/                   |               |
|    fps                  | 290           |
|    iterations           | 283           |
|    time_elapsed         | 498           |
|    total_timesteps      | 144896        |
| train/                  |               |
|    approx_kl            | 0.00047462503 |
|    clip_fraction        | 0.016         |
|    clip_range           | 0.2           |
|    entropy_loss         | -0.183        |
|    explained_variance   | 0.552         |
|    learning_rate        | 0.0003        |
|    loss                 | 3.28          |
|    n_updates            | 1410          |
|    policy_gradient_loss | -0.00505      |
|    value_loss           | 4.69          |
-------------------------------------------
------------------------------------------
| rollout/                |              |
|    ep_len_mean          | 10.8         |
|    ep_rew_mean          | 4.98         |
| time/                   |              |
|    fps                  | 290          |
|    iterations           | 284          |
|    time_elapsed         | 500          |
|    total_timesteps      | 145408       |
| train/                  |              |
|    approx_kl            | 0.0007708141 |
|    clip_fraction        | 0.0223       |
|    clip_range           | 0.2          |
|    entropy_loss         | -0.158       |
|    explained_variance   | 0.603        |
|    learning_rate        | 0.0003       |
|    loss                 | 2.3          |
|    n_updates            | 1415         |
|    policy_gradient_loss | -0.00661     |
|    value_loss           | 5.57         |
------------------------------------------
------------------------------------------
| rollout/                |              |
|    ep_len_mean          | 9.94         |
|    ep_rew_mean          | 5.02         |
| time/                   |              |
|    fps                  | 290          |
|    iterations           | 285          |
|    time_elapsed         | 502          |
|    total_timesteps      | 145920       |
| train/                  |              |
|    approx_kl            | 0.0011531467 |
|    clip_fraction        | 0.0133       |
|    clip_range           | 0.2          |
|    entropy_loss         | -0.136       |
|    explained_variance   | 0.648        |
|    learning_rate        | 0.0003       |
|    loss                 | 3.41         |
|    n_updates            | 1420         |
|    policy_gradient_loss | -0.00547     |
|    value_loss           | 6.71         |
------------------------------------------
------------------------------------------
| rollout/                |              |
|    ep_len_mean          | 9.48         |
|    ep_rew_mean          | 4.53         |
| time/                   |              |
|    fps                  | 290          |
|    iterations           | 286          |
|    time_elapsed         | 503          |
|    total_timesteps      | 146432       |
| train/                  |              |
|    approx_kl            | 0.0015181263 |
|    clip_fraction        | 0.025        |
|    clip_range           | 0.2          |
|    entropy_loss         | -0.136       |
|    explained_variance   | 0.614        |
|    learning_rate        | 0.0003       |
|    loss                 | 3.51         |
|    n_updates            | 1425         |
|    policy_gradient_loss | -0.00837     |
|    value_loss           | 7.18         |
------------------------------------------
-------------------------------------------
| rollout/                |               |
|    ep_len_mean          | 10.7          |
|    ep_rew_mean          | 4.43          |
| time/                   |               |
|    fps                  | 290           |
|    iterations           | 287           |
|    time_elapsed         | 505           |
|    total_timesteps      | 146944        |
| train/                  |               |
|    approx_kl            | 0.00029490783 |
|    clip_fraction        | 0.000391      |
|    clip_range           | 0.2           |
|    entropy_loss         | -0.182        |
|    explained_variance   | 0.636         |
|    learning_rate        | 0.0003        |
|    loss                 | 1.96          |
|    n_updates            | 1430          |
|    policy_gradient_loss | -0.00305      |
|    value_loss           | 5.98          |
-------------------------------------------
---------------------------------------
| rollout/                |           |
|    ep_len_mean          | 9.36      |
|    ep_rew_mean          | 3.9       |
| time/                   |           |
|    fps                  | 290       |
|    iterations           | 288       |
|    time_elapsed         | 506       |
|    total_timesteps      | 147456    |
| train/                  |           |
|    approx_kl            | 0.0319845 |
|    clip_fraction        | 0.041     |
|    clip_range           | 0.2       |
|    entropy_loss         | -0.177    |
|    explained_variance   | 0.597     |
|    learning_rate        | 0.0003    |
|    loss                 | 6.06      |
|    n_updates            | 1435      |
|    policy_gradient_loss | 0.00355   |
|    value_loss           | 11.6      |
---------------------------------------
------------------------------------------
| rollout/                |              |
|    ep_len_mean          | 7.04         |
|    ep_rew_mean          | 2.74         |
| time/                   |              |
|    fps                  | 291          |
|    iterations           | 289          |
|    time_elapsed         | 508          |
|    total_timesteps      | 147968       |
| train/                  |              |
|    approx_kl            | 0.0020078516 |
|    clip_fraction        | 0.027        |
|    clip_range           | 0.2          |
|    entropy_loss         | -0.186       |
|    explained_variance   | 0.645        |
|    learning_rate        | 0.0003       |
|    loss                 | 3.32         |
|    n_updates            | 1440         |
|    policy_gradient_loss | -0.00269     |
|    value_loss           | 6.24         |
------------------------------------------
-----------------------------------------
| rollout/                |             |
|    ep_len_mean          | 8.15        |
|    ep_rew_mean          | 3.43        |
| time/                   |             |
|    fps                  | 291         |
|    iterations           | 290         |
|    time_elapsed         | 509         |
|    total_timesteps      | 148480      |
| train/                  |             |
|    approx_kl            | 0.001096974 |
|    clip_fraction        | 0.00781     |
|    clip_range           | 0.2         |
|    entropy_loss         | -0.211      |
|    explained_variance   | 0.626       |
|    learning_rate        | 0.0003      |
|    loss                 | 1.51        |
|    n_updates            | 1445        |
|    policy_gradient_loss | -0.00426    |
|    value_loss           | 3.3         |
-----------------------------------------
----------------------------------------
| rollout/                |            |
|    ep_len_mean          | 9.03       |
|    ep_rew_mean          | 4.2        |
| time/                   |            |
|    fps                  | 291        |
|    iterations           | 291        |
|    time_elapsed         | 511        |
|    total_timesteps      | 148992     |
| train/                  |            |
|    approx_kl            | 0.00113786 |
|    clip_fraction        | 0.0148     |
|    clip_range           | 0.2        |
|    entropy_loss         | -0.167     |
|    explained_variance   | 0.654      |
|    learning_rate        | 0.0003     |
|    loss                 | 3.08       |
|    n_updates            | 1450       |
|    policy_gradient_loss | -0.00583   |
|    value_loss           | 7.65       |
----------------------------------------
------------------------------------------
| rollout/                |              |
|    ep_len_mean          | 7.77         |
|    ep_rew_mean          | 2.86         |
| time/                   |              |
|    fps                  | 291          |
|    iterations           | 292          |
|    time_elapsed         | 513          |
|    total_timesteps      | 149504       |
| train/                  |              |
|    approx_kl            | 7.221097e-05 |
|    clip_fraction        | 0.00273      |
|    clip_range           | 0.2          |
|    entropy_loss         | -0.189       |
|    explained_variance   | 0.657        |
|    learning_rate        | 0.0003       |
|    loss                 | 2.24         |
|    n_updates            | 1455         |
|    policy_gradient_loss | -0.00156     |
|    value_loss           | 5.13         |
------------------------------------------
-----------------------------------------
| rollout/                |             |
|    ep_len_mean          | 8.97        |
|    ep_rew_mean          | 3.75        |
| time/                   |             |
|    fps                  | 291         |
|    iterations           | 293         |
|    time_elapsed         | 514         |
|    total_timesteps      | 150016      |
| train/                  |             |
|    approx_kl            | 0.002313593 |
|    clip_fraction        | 0.0293      |
|    clip_range           | 0.2         |
|    entropy_loss         | -0.196      |
|    explained_variance   | 0.601       |
|    learning_rate        | 0.0003      |
|    loss                 | 3.87        |
|    n_updates            | 1460        |
|    policy_gradient_loss | -0.000424   |
|    value_loss           | 8.14        |
-----------------------------------------
------------------------------------------
| rollout/                |              |
|    ep_len_mean          | 7.91         |
|    ep_rew_mean          | 3.04         |
| time/                   |              |
|    fps                  | 291          |
|    iterations           | 294          |
|    time_elapsed         | 516          |
|    total_timesteps      | 150528       |
| train/                  |              |
|    approx_kl            | 0.0048662317 |
|    clip_fraction        | 0.0277       |
|    clip_range           | 0.2          |
|    entropy_loss         | -0.186       |
|    explained_variance   | 0.676        |
|    learning_rate        | 0.0003       |
|    loss                 | 3.3          |
|    n_updates            | 1465         |
|    policy_gradient_loss | 0.00561      |
|    value_loss           | 6.31         |
------------------------------------------
------------------------------------------
| rollout/                |              |
|    ep_len_mean          | 7.66         |
|    ep_rew_mean          | 2.75         |
| time/                   |              |
|    fps                  | 291          |
|    iterations           | 295          |
|    time_elapsed         | 517          |
|    total_timesteps      | 151040       |
| train/                  |              |
|    approx_kl            | 0.0025408028 |
|    clip_fraction        | 0.0164       |
|    clip_range           | 0.2          |
|    entropy_loss         | -0.243       |
|    explained_variance   | 0.435        |
|    learning_rate        | 0.0003       |
|    loss                 | 3.01         |
|    n_updates            | 1470         |
|    policy_gradient_loss | -0.00699     |
|    value_loss           | 5.92         |
------------------------------------------
------------------------------------------
| rollout/                |              |
|    ep_len_mean          | 8.79         |
|    ep_rew_mean          | 3.76         |
| time/                   |              |
|    fps                  | 291          |
|    iterations           | 296          |
|    time_elapsed         | 519          |
|    total_timesteps      | 151552       |
| train/                  |              |
|    approx_kl            | 0.0009949615 |
|    clip_fraction        | 0.027        |
|    clip_range           | 0.2          |
|    entropy_loss         | -0.159       |
|    explained_variance   | 0.581        |
|    learning_rate        | 0.0003       |
|    loss                 | 3.11         |
|    n_updates            | 1475         |
|    policy_gradient_loss | -0.00755     |
|    value_loss           | 5.69         |
------------------------------------------
-------------------------------------------
| rollout/                |               |
|    ep_len_mean          | 9.53          |
|    ep_rew_mean          | 4.59          |
| time/                   |               |
|    fps                  | 291           |
|    iterations           | 297           |
|    time_elapsed         | 521           |
|    total_timesteps      | 152064        |
| train/                  |               |
|    approx_kl            | 0.00022371649 |
|    clip_fraction        | 0.0109        |
|    clip_range           | 0.2           |
|    entropy_loss         | -0.181        |
|    explained_variance   | 0.524         |
|    learning_rate        | 0.0003        |
|    loss                 | 1.91          |
|    n_updates            | 1480          |
|    policy_gradient_loss | -0.00121      |
|    value_loss           | 5.36          |
-------------------------------------------
-------------------------------------------
| rollout/                |               |
|    ep_len_mean          | 10.7          |
|    ep_rew_mean          | 5.18          |
| time/                   |               |
|    fps                  | 291           |
|    iterations           | 298           |
|    time_elapsed         | 522           |
|    total_timesteps      | 152576        |
| train/                  |               |
|    approx_kl            | 0.00094768737 |
|    clip_fraction        | 0.0129        |
|    clip_range           | 0.2           |
|    entropy_loss         | -0.124        |
|    explained_variance   | 0.641         |
|    learning_rate        | 0.0003        |
|    loss                 | 4.62          |
|    n_updates            | 1485          |
|    policy_gradient_loss | -0.0054       |
|    value_loss           | 9.14          |
-------------------------------------------
------------------------------------------
| rollout/                |              |
|    ep_len_mean          | 9.42         |
|    ep_rew_mean          | 4.48         |
| time/                   |              |
|    fps                  | 291          |
|    iterations           | 299          |
|    time_elapsed         | 524          |
|    total_timesteps      | 153088       |
| train/                  |              |
|    approx_kl            | 0.0025746822 |
|    clip_fraction        | 0.0211       |
|    clip_range           | 0.2          |
|    entropy_loss         | -0.171       |
|    explained_variance   | 0.479        |
|    learning_rate        | 0.0003       |
|    loss                 | 3.02         |
|    n_updates            | 1490         |
|    policy_gradient_loss | -0.011       |
|    value_loss           | 5.26         |
------------------------------------------
-----------------------------------------
| rollout/                |             |
|    ep_len_mean          | 10.2        |
|    ep_rew_mean          | 4.3         |
| time/                   |             |
|    fps                  | 291         |
|    iterations           | 300         |
|    time_elapsed         | 526         |
|    total_timesteps      | 153600      |
| train/                  |             |
|    approx_kl            | 0.003183065 |
|    clip_fraction        | 0.0352      |
|    clip_range           | 0.2         |
|    entropy_loss         | -0.156      |
|    explained_variance   | 0.556       |
|    learning_rate        | 0.0003      |
|    loss                 | 3.53        |
|    n_updates            | 1495        |
|    policy_gradient_loss | -0.00729    |
|    value_loss           | 5.3         |
-----------------------------------------
-----------------------------------------
| rollout/                |             |
|    ep_len_mean          | 11.3        |
|    ep_rew_mean          | 4.65        |
| time/                   |             |
|    fps                  | 292         |
|    iterations           | 301         |
|    time_elapsed         | 527         |
|    total_timesteps      | 154112      |
| train/                  |             |
|    approx_kl            | 0.004884783 |
|    clip_fraction        | 0.0441      |
|    clip_range           | 0.2         |
|    entropy_loss         | -0.163      |
|    explained_variance   | 0.574       |
|    learning_rate        | 0.0003      |
|    loss                 | 3           |
|    n_updates            | 1500        |
|    policy_gradient_loss | 0.00871     |
|    value_loss           | 7.4         |
-----------------------------------------
------------------------------------------
| rollout/                |              |
|    ep_len_mean          | 10.1         |
|    ep_rew_mean          | 4.41         |
| time/                   |              |
|    fps                  | 292          |
|    iterations           | 302          |
|    time_elapsed         | 529          |
|    total_timesteps      | 154624       |
| train/                  |              |
|    approx_kl            | 0.0012514335 |
|    clip_fraction        | 0.00898      |
|    clip_range           | 0.2          |
|    entropy_loss         | -0.156       |
|    explained_variance   | 0.696        |
|    learning_rate        | 0.0003       |
|    loss                 | 1.77         |
|    n_updates            | 1505         |
|    policy_gradient_loss | -0.0055      |
|    value_loss           | 4.78         |
------------------------------------------
------------------------------------------
| rollout/                |              |
|    ep_len_mean          | 10.3         |
|    ep_rew_mean          | 4.69         |
| time/                   |              |
|    fps                  | 292          |
|    iterations           | 303          |
|    time_elapsed         | 530          |
|    total_timesteps      | 155136       |
| train/                  |              |
|    approx_kl            | 0.0014649788 |
|    clip_fraction        | 0.0293       |
|    clip_range           | 0.2          |
|    entropy_loss         | -0.154       |
|    explained_variance   | 0.697        |
|    learning_rate        | 0.0003       |
|    loss                 | 1.26         |
|    n_updates            | 1510         |
|    policy_gradient_loss | -0.00567     |
|    value_loss           | 4.36         |
------------------------------------------
-----------------------------------------
| rollout/                |             |
|    ep_len_mean          | 11.3        |
|    ep_rew_mean          | 5.21        |
| time/                   |             |
|    fps                  | 292         |
|    iterations           | 304         |
|    time_elapsed         | 532         |
|    total_timesteps      | 155648      |
| train/                  |             |
|    approx_kl            | 0.001606951 |
|    clip_fraction        | 0.0207      |
|    clip_range           | 0.2         |
|    entropy_loss         | -0.136      |
|    explained_variance   | 0.605       |
|    learning_rate        | 0.0003      |
|    loss                 | 2.22        |
|    n_updates            | 1515        |
|    policy_gradient_loss | -0.00704    |
|    value_loss           | 6.02        |
-----------------------------------------
------------------------------------------
| rollout/                |              |
|    ep_len_mean          | 11.9         |
|    ep_rew_mean          | 5.29         |
| time/                   |              |
|    fps                  | 292          |
|    iterations           | 305          |
|    time_elapsed         | 534          |
|    total_timesteps      | 156160       |
| train/                  |              |
|    approx_kl            | 0.0007376152 |
|    clip_fraction        | 0.00508      |
|    clip_range           | 0.2          |
|    entropy_loss         | -0.114       |
|    explained_variance   | 0.619        |
|    learning_rate        | 0.0003       |
|    loss                 | 3.44         |
|    n_updates            | 1520         |
|    policy_gradient_loss | -0.00455     |
|    value_loss           | 7.42         |
------------------------------------------
-----------------------------------------
| rollout/                |             |
|    ep_len_mean          | 11.9        |
|    ep_rew_mean          | 4.98        |
| time/                   |             |
|    fps                  | 292         |
|    iterations           | 306         |
|    time_elapsed         | 535         |
|    total_timesteps      | 156672      |
| train/                  |             |
|    approx_kl            | 0.006138959 |
|    clip_fraction        | 0.0297      |
|    clip_range           | 0.2         |
|    entropy_loss         | -0.174      |
|    explained_variance   | 0.491       |
|    learning_rate        | 0.0003      |
|    loss                 | 4.17        |
|    n_updates            | 1525        |
|    policy_gradient_loss | 0.00574     |
|    value_loss           | 10.7        |
-----------------------------------------
------------------------------------------
| rollout/                |              |
|    ep_len_mean          | 11.9         |
|    ep_rew_mean          | 5.13         |
| time/                   |              |
|    fps                  | 292          |
|    iterations           | 307          |
|    time_elapsed         | 537          |
|    total_timesteps      | 157184       |
| train/                  |              |
|    approx_kl            | 0.0017127232 |
|    clip_fraction        | 0.0172       |
|    clip_range           | 0.2          |
|    entropy_loss         | -0.158       |
|    explained_variance   | 0.644        |
|    learning_rate        | 0.0003       |
|    loss                 | 2.92         |
|    n_updates            | 1530         |
|    policy_gradient_loss | -0.00492     |
|    value_loss           | 4.95         |
------------------------------------------
-------------------------------------------
| rollout/                |               |
|    ep_len_mean          | 11.8          |
|    ep_rew_mean          | 5.08          |
| time/                   |               |
|    fps                  | 292           |
|    iterations           | 308           |
|    time_elapsed         | 538           |
|    total_timesteps      | 157696        |
| train/                  |               |
|    approx_kl            | 0.00077527727 |
|    clip_fraction        | 0.0121        |
|    clip_range           | 0.2           |
|    entropy_loss         | -0.12         |
|    explained_variance   | 0.577         |
|    learning_rate        | 0.0003        |
|    loss                 | 3.41          |
|    n_updates            | 1535          |
|    policy_gradient_loss | -0.00554      |
|    value_loss           | 6.92          |
-------------------------------------------
----------------------------------------
| rollout/                |            |
|    ep_len_mean          | 10.9       |
|    ep_rew_mean          | 4.79       |
| time/                   |            |
|    fps                  | 292        |
|    iterations           | 309        |
|    time_elapsed         | 540        |
|    total_timesteps      | 158208     |
| train/                  |            |
|    approx_kl            | 0.01676258 |
|    clip_fraction        | 0.112      |
|    clip_range           | 0.2        |
|    entropy_loss         | -0.268     |
|    explained_variance   | 0.508      |
|    learning_rate        | 0.0003     |
|    loss                 | 3.21       |
|    n_updates            | 1540       |
|    policy_gradient_loss | 0.0114     |
|    value_loss           | 7.48       |
----------------------------------------
------------------------------------------
| rollout/                |              |
|    ep_len_mean          | 9.92         |
|    ep_rew_mean          | 4.41         |
| time/                   |              |
|    fps                  | 292          |
|    iterations           | 310          |
|    time_elapsed         | 542          |
|    total_timesteps      | 158720       |
| train/                  |              |
|    approx_kl            | 0.0025235587 |
|    clip_fraction        | 0.0191       |
|    clip_range           | 0.2          |
|    entropy_loss         | -0.121       |
|    explained_variance   | 0.725        |
|    learning_rate        | 0.0003       |
|    loss                 | 2.59         |
|    n_updates            | 1545         |
|    policy_gradient_loss | -0.00561     |
|    value_loss           | 6.12         |
------------------------------------------
------------------------------------------
| rollout/                |              |
|    ep_len_mean          | 9.94         |
|    ep_rew_mean          | 4.02         |
| time/                   |              |
|    fps                  | 292          |
|    iterations           | 311          |
|    time_elapsed         | 543          |
|    total_timesteps      | 159232       |
| train/                  |              |
|    approx_kl            | 0.0006804351 |
|    clip_fraction        | 0.0184       |
|    clip_range           | 0.2          |
|    entropy_loss         | -0.162       |
|    explained_variance   | 0.669        |
|    learning_rate        | 0.0003       |
|    loss                 | 2.22         |
|    n_updates            | 1550         |
|    policy_gradient_loss | -0.00484     |
|    value_loss           | 4.79         |
------------------------------------------
-------------------------------------------
| rollout/                |               |
|    ep_len_mean          | 11.2          |
|    ep_rew_mean          | 4.46          |
| time/                   |               |
|    fps                  | 292           |
|    iterations           | 312           |
|    time_elapsed         | 545           |
|    total_timesteps      | 159744        |
| train/                  |               |
|    approx_kl            | 0.00081902306 |
|    clip_fraction        | 0.0227        |
|    clip_range           | 0.2           |
|    entropy_loss         | -0.12         |
|    explained_variance   | 0.644         |
|    learning_rate        | 0.0003        |
|    loss                 | 3.21          |
|    n_updates            | 1555          |
|    policy_gradient_loss | -0.00698      |
|    value_loss           | 7.85          |
-------------------------------------------
-----------------------------------------
| rollout/                |             |
|    ep_len_mean          | 11.8        |
|    ep_rew_mean          | 4.78        |
| time/                   |             |
|    fps                  | 292         |
|    iterations           | 313         |
|    time_elapsed         | 546         |
|    total_timesteps      | 160256      |
| train/                  |             |
|    approx_kl            | 0.005702783 |
|    clip_fraction        | 0.0207      |
|    clip_range           | 0.2         |
|    entropy_loss         | -0.182      |
|    explained_variance   | 0.461       |
|    learning_rate        | 0.0003      |
|    loss                 | 3.88        |
|    n_updates            | 1560        |
|    policy_gradient_loss | 0.00251     |
|    value_loss           | 7.88        |
-----------------------------------------
-------------------------------------------
| rollout/                |               |
|    ep_len_mean          | 9.91          |
|    ep_rew_mean          | 3.96          |
| time/                   |               |
|    fps                  | 293           |
|    iterations           | 314           |
|    time_elapsed         | 548           |
|    total_timesteps      | 160768        |
| train/                  |               |
|    approx_kl            | 0.00094839965 |
|    clip_fraction        | 0.00625       |
|    clip_range           | 0.2           |
|    entropy_loss         | -0.155        |
|    explained_variance   | 0.631         |
|    learning_rate        | 0.0003        |
|    loss                 | 4.48          |
|    n_updates            | 1565          |
|    policy_gradient_loss | -0.00223      |
|    value_loss           | 8.21          |
-------------------------------------------
------------------------------------------
| rollout/                |              |
|    ep_len_mean          | 10.1         |
|    ep_rew_mean          | 3.65         |
| time/                   |              |
|    fps                  | 293          |
|    iterations           | 315          |
|    time_elapsed         | 550          |
|    total_timesteps      | 161280       |
| train/                  |              |
|    approx_kl            | 0.0006853049 |
|    clip_fraction        | 0.00391      |
|    clip_range           | 0.2          |
|    entropy_loss         | -0.232       |
|    explained_variance   | 0.459        |
|    learning_rate        | 0.0003       |
|    loss                 | 4.35         |
|    n_updates            | 1570         |
|    policy_gradient_loss | -0.0024      |
|    value_loss           | 7.85         |
------------------------------------------
-----------------------------------------
| rollout/                |             |
|    ep_len_mean          | 9.97        |
|    ep_rew_mean          | 4.24        |
| time/                   |             |
|    fps                  | 293         |
|    iterations           | 316         |
|    time_elapsed         | 551         |
|    total_timesteps      | 161792      |
| train/                  |             |
|    approx_kl            | 0.028623983 |
|    clip_fraction        | 0.101       |
|    clip_range           | 0.2         |
|    entropy_loss         | -0.242      |
|    explained_variance   | 0.547       |
|    learning_rate        | 0.0003      |
|    loss                 | 3.49        |
|    n_updates            | 1575        |
|    policy_gradient_loss | 0.012       |
|    value_loss           | 7.56        |
-----------------------------------------
-------------------------------------------
| rollout/                |               |
|    ep_len_mean          | 8.38          |
|    ep_rew_mean          | 3.79          |
| time/                   |               |
|    fps                  | 293           |
|    iterations           | 317           |
|    time_elapsed         | 553           |
|    total_timesteps      | 162304        |
| train/                  |               |
|    approx_kl            | 0.00047777052 |
|    clip_fraction        | 0             |
|    clip_range           | 0.2           |
|    entropy_loss         | -0.212        |
|    explained_variance   | 0.648         |
|    learning_rate        | 0.0003        |
|    loss                 | 3.13          |
|    n_updates            | 1580          |
|    policy_gradient_loss | 0.000327      |
|    value_loss           | 7.81          |
-------------------------------------------
------------------------------------------
| rollout/                |              |
|    ep_len_mean          | 7.45         |
|    ep_rew_mean          | 2.65         |
| time/                   |              |
|    fps                  | 293          |
|    iterations           | 318          |
|    time_elapsed         | 555          |
|    total_timesteps      | 162816       |
| train/                  |              |
|    approx_kl            | 0.0016813732 |
|    clip_fraction        | 0.027        |
|    clip_range           | 0.2          |
|    entropy_loss         | -0.251       |
|    explained_variance   | 0.621        |
|    learning_rate        | 0.0003       |
|    loss                 | 1.77         |
|    n_updates            | 1585         |
|    policy_gradient_loss | -0.00942     |
|    value_loss           | 4.32         |
------------------------------------------
------------------------------------------
| rollout/                |              |
|    ep_len_mean          | 7.16         |
|    ep_rew_mean          | 2.48         |
| time/                   |              |
|    fps                  | 293          |
|    iterations           | 319          |
|    time_elapsed         | 556          |
|    total_timesteps      | 163328       |
| train/                  |              |
|    approx_kl            | 0.0013142941 |
|    clip_fraction        | 0.0305       |
|    clip_range           | 0.2          |
|    entropy_loss         | -0.257       |
|    explained_variance   | 0.543        |
|    learning_rate        | 0.0003       |
|    loss                 | 2.8          |
|    n_updates            | 1590         |
|    policy_gradient_loss | -0.002       |
|    value_loss           | 5.49         |
------------------------------------------
-----------------------------------------
| rollout/                |             |
|    ep_len_mean          | 7.1         |
|    ep_rew_mean          | 2.87        |
| time/                   |             |
|    fps                  | 293         |
|    iterations           | 320         |
|    time_elapsed         | 558         |
|    total_timesteps      | 163840      |
| train/                  |             |
|    approx_kl            | 0.018635597 |
|    clip_fraction        | 0.0762      |
|    clip_range           | 0.2         |
|    entropy_loss         | -0.277      |
|    explained_variance   | 0.707       |
|    learning_rate        | 0.0003      |
|    loss                 | 1.59        |
|    n_updates            | 1595        |
|    policy_gradient_loss | 0.0105      |
|    value_loss           | 5.27        |
-----------------------------------------
-----------------------------------------
| rollout/                |             |
|    ep_len_mean          | 6.86        |
|    ep_rew_mean          | 2.71        |
| time/                   |             |
|    fps                  | 293         |
|    iterations           | 321         |
|    time_elapsed         | 560         |
|    total_timesteps      | 164352      |
| train/                  |             |
|    approx_kl            | 0.011589766 |
|    clip_fraction        | 0.075       |
|    clip_range           | 0.2         |
|    entropy_loss         | -0.213      |
|    explained_variance   | 0.752       |
|    learning_rate        | 0.0003      |
|    loss                 | 1.61        |
|    n_updates            | 1600        |
|    policy_gradient_loss | -0.0163     |
|    value_loss           | 3.83        |
-----------------------------------------
-----------------------------------------
| rollout/                |             |
|    ep_len_mean          | 7.71        |
|    ep_rew_mean          | 3.3         |
| time/                   |             |
|    fps                  | 293         |
|    iterations           | 322         |
|    time_elapsed         | 561         |
|    total_timesteps      | 164864      |
| train/                  |             |
|    approx_kl            | 0.004828185 |
|    clip_fraction        | 0.0504      |
|    clip_range           | 0.2         |
|    entropy_loss         | -0.256      |
|    explained_variance   | 0.534       |
|    learning_rate        | 0.0003      |
|    loss                 | 1.93        |
|    n_updates            | 1605        |
|    policy_gradient_loss | -0.00525    |
|    value_loss           | 5.04        |
-----------------------------------------
-------------------------------------------
| rollout/                |               |
|    ep_len_mean          | 8.04          |
|    ep_rew_mean          | 3.36          |
| time/                   |               |
|    fps                  | 293           |
|    iterations           | 323           |
|    time_elapsed         | 563           |
|    total_timesteps      | 165376        |
| train/                  |               |
|    approx_kl            | 0.00036055397 |
|    clip_fraction        | 0.00234       |
|    clip_range           | 0.2           |
|    entropy_loss         | -0.23         |
|    explained_variance   | 0.606         |
|    learning_rate        | 0.0003        |
|    loss                 | 2.46          |
|    n_updates            | 1610          |
|    policy_gradient_loss | -0.00163      |
|    value_loss           | 5.19          |
-------------------------------------------
------------------------------------------
| rollout/                |              |
|    ep_len_mean          | 8.12         |
|    ep_rew_mean          | 2.97         |
| time/                   |              |
|    fps                  | 293          |
|    iterations           | 324          |
|    time_elapsed         | 564          |
|    total_timesteps      | 165888       |
| train/                  |              |
|    approx_kl            | 0.0022007092 |
|    clip_fraction        | 0.00703      |
|    clip_range           | 0.2          |
|    entropy_loss         | -0.224       |
|    explained_variance   | 0.678        |
|    learning_rate        | 0.0003       |
|    loss                 | 1.8          |
|    n_updates            | 1615         |
|    policy_gradient_loss | -0.00642     |
|    value_loss           | 5.75         |
------------------------------------------
------------------------------------------
| rollout/                |              |
|    ep_len_mean          | 8.86         |
|    ep_rew_mean          | 3.79         |
| time/                   |              |
|    fps                  | 293          |
|    iterations           | 325          |
|    time_elapsed         | 566          |
|    total_timesteps      | 166400       |
| train/                  |              |
|    approx_kl            | 0.0030408793 |
|    clip_fraction        | 0.0238       |
|    clip_range           | 0.2          |
|    entropy_loss         | -0.287       |
|    explained_variance   | 0.54         |
|    learning_rate        | 0.0003       |
|    loss                 | 2.92         |
|    n_updates            | 1620         |
|    policy_gradient_loss | 0.00313      |
|    value_loss           | 6.39         |
------------------------------------------
-----------------------------------------
| rollout/                |             |
|    ep_len_mean          | 8.89        |
|    ep_rew_mean          | 3.76        |
| time/                   |             |
|    fps                  | 293         |
|    iterations           | 326         |
|    time_elapsed         | 568         |
|    total_timesteps      | 166912      |
| train/                  |             |
|    approx_kl            | 0.002286021 |
|    clip_fraction        | 0.0391      |
|    clip_range           | 0.2         |
|    entropy_loss         | -0.179      |
|    explained_variance   | 0.615       |
|    learning_rate        | 0.0003      |
|    loss                 | 3.12        |
|    n_updates            | 1625        |
|    policy_gradient_loss | -0.0144     |
|    value_loss           | 5.68        |
-----------------------------------------
------------------------------------------
| rollout/                |              |
|    ep_len_mean          | 8.77         |
|    ep_rew_mean          | 3.82         |
| time/                   |              |
|    fps                  | 293          |
|    iterations           | 327          |
|    time_elapsed         | 569          |
|    total_timesteps      | 167424       |
| train/                  |              |
|    approx_kl            | 0.0012992714 |
|    clip_fraction        | 0.0082       |
|    clip_range           | 0.2          |
|    entropy_loss         | -0.194       |
|    explained_variance   | 0.6          |
|    learning_rate        | 0.0003       |
|    loss                 | 3.05         |
|    n_updates            | 1630         |
|    policy_gradient_loss | 0.00141      |
|    value_loss           | 6.39         |
------------------------------------------
-------------------------------------------
| rollout/                |               |
|    ep_len_mean          | 9.08          |
|    ep_rew_mean          | 3.88          |
| time/                   |               |
|    fps                  | 293           |
|    iterations           | 328           |
|    time_elapsed         | 571           |
|    total_timesteps      | 167936        |
| train/                  |               |
|    approx_kl            | 0.00020636688 |
|    clip_fraction        | 0.0246        |
|    clip_range           | 0.2           |
|    entropy_loss         | -0.207        |
|    explained_variance   | 0.691         |
|    learning_rate        | 0.0003        |
|    loss                 | 2.28          |
|    n_updates            | 1635          |
|    policy_gradient_loss | -0.00619      |
|    value_loss           | 4.25          |
-------------------------------------------
-----------------------------------------
| rollout/                |             |
|    ep_len_mean          | 10.1        |
|    ep_rew_mean          | 4.11        |
| time/                   |             |
|    fps                  | 293         |
|    iterations           | 329         |
|    time_elapsed         | 573         |
|    total_timesteps      | 168448      |
| train/                  |             |
|    approx_kl            | 0.004685299 |
|    clip_fraction        | 0.0727      |
|    clip_range           | 0.2         |
|    entropy_loss         | -0.262      |
|    explained_variance   | 0.512       |
|    learning_rate        | 0.0003      |
|    loss                 | 2.35        |
|    n_updates            | 1640        |
|    policy_gradient_loss | 0.0117      |
|    value_loss           | 5.51        |
-----------------------------------------
-----------------------------------------
| rollout/                |             |
|    ep_len_mean          | 9.61        |
|    ep_rew_mean          | 4.02        |
| time/                   |             |
|    fps                  | 293         |
|    iterations           | 330         |
|    time_elapsed         | 574         |
|    total_timesteps      | 168960      |
| train/                  |             |
|    approx_kl            | 0.002091744 |
|    clip_fraction        | 0.0211      |
|    clip_range           | 0.2         |
|    entropy_loss         | -0.181      |
|    explained_variance   | 0.69        |
|    learning_rate        | 0.0003      |
|    loss                 | 1.77        |
|    n_updates            | 1645        |
|    policy_gradient_loss | -0.00744    |
|    value_loss           | 3.56        |
-----------------------------------------
------------------------------------------
| rollout/                |              |
|    ep_len_mean          | 10.7         |
|    ep_rew_mean          | 4.65         |
| time/                   |              |
|    fps                  | 294          |
|    iterations           | 331          |
|    time_elapsed         | 576          |
|    total_timesteps      | 169472       |
| train/                  |              |
|    approx_kl            | 0.0006185834 |
|    clip_fraction        | 0.00117      |
|    clip_range           | 0.2          |
|    entropy_loss         | -0.186       |
|    explained_variance   | 0.632        |
|    learning_rate        | 0.0003       |
|    loss                 | 3.02         |
|    n_updates            | 1650         |
|    policy_gradient_loss | -0.000418    |
|    value_loss           | 6.13         |
------------------------------------------
-----------------------------------------
| rollout/                |             |
|    ep_len_mean          | 8.97        |
|    ep_rew_mean          | 4.16        |
| time/                   |             |
|    fps                  | 294         |
|    iterations           | 332         |
|    time_elapsed         | 577         |
|    total_timesteps      | 169984      |
| train/                  |             |
|    approx_kl            | 0.009818682 |
|    clip_fraction        | 0.0168      |
|    clip_range           | 0.2         |
|    entropy_loss         | -0.208      |
|    explained_variance   | 0.644       |
|    learning_rate        | 0.0003      |
|    loss                 | 3.33        |
|    n_updates            | 1655        |
|    policy_gradient_loss | 0.00363     |
|    value_loss           | 6.71        |
-----------------------------------------
------------------------------------------
| rollout/                |              |
|    ep_len_mean          | 7.55         |
|    ep_rew_mean          | 3.24         |
| time/                   |              |
|    fps                  | 294          |
|    iterations           | 333          |
|    time_elapsed         | 579          |
|    total_timesteps      | 170496       |
| train/                  |              |
|    approx_kl            | 0.0019668909 |
|    clip_fraction        | 0.0773       |
|    clip_range           | 0.2          |
|    entropy_loss         | -0.206       |
|    explained_variance   | 0.659        |
|    learning_rate        | 0.0003       |
|    loss                 | 3.28         |
|    n_updates            | 1660         |
|    policy_gradient_loss | -0.0105      |
|    value_loss           | 6.44         |
------------------------------------------
-------------------------------------------
| rollout/                |               |
|    ep_len_mean          | 7.9           |
|    ep_rew_mean          | 3.31          |
| time/                   |               |
|    fps                  | 294           |
|    iterations           | 334           |
|    time_elapsed         | 581           |
|    total_timesteps      | 171008        |
| train/                  |               |
|    approx_kl            | 0.00013881543 |
|    clip_fraction        | 0.000391      |
|    clip_range           | 0.2           |
|    entropy_loss         | -0.228        |
|    explained_variance   | 0.648         |
|    learning_rate        | 0.0003        |
|    loss                 | 2.76          |
|    n_updates            | 1665          |
|    policy_gradient_loss | -0.00385      |
|    value_loss           | 7.09          |
-------------------------------------------
------------------------------------------
| rollout/                |              |
|    ep_len_mean          | 8.52         |
|    ep_rew_mean          | 3.46         |
| time/                   |              |
|    fps                  | 294          |
|    iterations           | 335          |
|    time_elapsed         | 582          |
|    total_timesteps      | 171520       |
| train/                  |              |
|    approx_kl            | 0.0011340177 |
|    clip_fraction        | 0.0359       |
|    clip_range           | 0.2          |
|    entropy_loss         | -0.215       |
|    explained_variance   | 0.518        |
|    learning_rate        | 0.0003       |
|    loss                 | 1.66         |
|    n_updates            | 1670         |
|    policy_gradient_loss | -0.0123      |
|    value_loss           | 4.01         |
------------------------------------------
------------------------------------------
| rollout/                |              |
|    ep_len_mean          | 10.5         |
|    ep_rew_mean          | 4.65         |
| time/                   |              |
|    fps                  | 294          |
|    iterations           | 336          |
|    time_elapsed         | 584          |
|    total_timesteps      | 172032       |
| train/                  |              |
|    approx_kl            | 0.0010285332 |
|    clip_fraction        | 0.0102       |
|    clip_range           | 0.2          |
|    entropy_loss         | -0.185       |
|    explained_variance   | 0.475        |
|    learning_rate        | 0.0003       |
|    loss                 | 2.71         |
|    n_updates            | 1675         |
|    policy_gradient_loss | -0.00536     |
|    value_loss           | 7.06         |
------------------------------------------
------------------------------------------
| rollout/                |              |
|    ep_len_mean          | 11.4         |
|    ep_rew_mean          | 4.73         |
| time/                   |              |
|    fps                  | 293          |
|    iterations           | 337          |
|    time_elapsed         | 586          |
|    total_timesteps      | 172544       |
| train/                  |              |
|    approx_kl            | 0.0017533256 |
|    clip_fraction        | 0.018        |
|    clip_range           | 0.2          |
|    entropy_loss         | -0.168       |
|    explained_variance   | 0.74         |
|    learning_rate        | 0.0003       |
|    loss                 | 1.6          |
|    n_updates            | 1680         |
|    policy_gradient_loss | -0.00701     |
|    value_loss           | 3.87         |
------------------------------------------
-------------------------------------------
| rollout/                |               |
|    ep_len_mean          | 12.2          |
|    ep_rew_mean          | 4.79          |
| time/                   |               |
|    fps                  | 293           |
|    iterations           | 338           |
|    time_elapsed         | 588           |
|    total_timesteps      | 173056        |
| train/                  |               |
|    approx_kl            | 0.00072694203 |
|    clip_fraction        | 0.018         |
|    clip_range           | 0.2           |
|    entropy_loss         | -0.199        |
|    explained_variance   | 0.366         |
|    learning_rate        | 0.0003        |
|    loss                 | 5.3           |
|    n_updates            | 1685          |
|    policy_gradient_loss | 0.00146       |
|    value_loss           | 7.65          |
-------------------------------------------
------------------------------------------
| rollout/                |              |
|    ep_len_mean          | 11.4         |
|    ep_rew_mean          | 4.19         |
| time/                   |              |
|    fps                  | 293          |
|    iterations           | 339          |
|    time_elapsed         | 590          |
|    total_timesteps      | 173568       |
| train/                  |              |
|    approx_kl            | 0.0005614762 |
|    clip_fraction        | 0.000781     |
|    clip_range           | 0.2          |
|    entropy_loss         | -0.18        |
|    explained_variance   | 0.565        |
|    learning_rate        | 0.0003       |
|    loss                 | 2.51         |
|    n_updates            | 1690         |
|    policy_gradient_loss | -0.00362     |
|    value_loss           | 6.9          |
------------------------------------------
------------------------------------------
| rollout/                |              |
|    ep_len_mean          | 11.1         |
|    ep_rew_mean          | 4.36         |
| time/                   |              |
|    fps                  | 293          |
|    iterations           | 340          |
|    time_elapsed         | 592          |
|    total_timesteps      | 174080       |
| train/                  |              |
|    approx_kl            | 0.0024519437 |
|    clip_fraction        | 0.034        |
|    clip_range           | 0.2          |
|    entropy_loss         | -0.183       |
|    explained_variance   | 0.52         |
|    learning_rate        | 0.0003       |
|    loss                 | 2.25         |
|    n_updates            | 1695         |
|    policy_gradient_loss | 0.000147     |
|    value_loss           | 6.11         |
------------------------------------------
-----------------------------------------
| rollout/                |             |
|    ep_len_mean          | 10.5        |
|    ep_rew_mean          | 4.41        |
| time/                   |             |
|    fps                  | 293         |
|    iterations           | 341         |
|    time_elapsed         | 594         |
|    total_timesteps      | 174592      |
| train/                  |             |
|    approx_kl            | 0.013096848 |
|    clip_fraction        | 0.0887      |
|    clip_range           | 0.2         |
|    entropy_loss         | -0.223      |
|    explained_variance   | 0.728       |
|    learning_rate        | 0.0003      |
|    loss                 | 3.7         |
|    n_updates            | 1700        |
|    policy_gradient_loss | 0.00476     |
|    value_loss           | 6.52        |
-----------------------------------------
------------------------------------------
| rollout/                |              |
|    ep_len_mean          | 9.59         |
|    ep_rew_mean          | 3.71         |
| time/                   |              |
|    fps                  | 293          |
|    iterations           | 342          |
|    time_elapsed         | 596          |
|    total_timesteps      | 175104       |
| train/                  |              |
|    approx_kl            | 0.0037721985 |
|    clip_fraction        | 0.0141       |
|    clip_range           | 0.2          |
|    entropy_loss         | -0.184       |
|    explained_variance   | 0.406        |
|    learning_rate        | 0.0003       |
|    loss                 | 4.32         |
|    n_updates            | 1705         |
|    policy_gradient_loss | -0.00452     |
|    value_loss           | 10.1         |
------------------------------------------
------------------------------------------
| rollout/                |              |
|    ep_len_mean          | 8.79         |
|    ep_rew_mean          | 3.27         |
| time/                   |              |
|    fps                  | 293          |
|    iterations           | 343          |
|    time_elapsed         | 597          |
|    total_timesteps      | 175616       |
| train/                  |              |
|    approx_kl            | 0.0033137011 |
|    clip_fraction        | 0.0129       |
|    clip_range           | 0.2          |
|    entropy_loss         | -0.201       |
|    explained_variance   | 0.576        |
|    learning_rate        | 0.0003       |
|    loss                 | 1.94         |
|    n_updates            | 1710         |
|    policy_gradient_loss | -0.00204     |
|    value_loss           | 4.28         |
------------------------------------------
-------------------------------------------
| rollout/                |               |
|    ep_len_mean          | 9.04          |
|    ep_rew_mean          | 3.64          |
| time/                   |               |
|    fps                  | 293           |
|    iterations           | 344           |
|    time_elapsed         | 599           |
|    total_timesteps      | 176128        |
| train/                  |               |
|    approx_kl            | 0.00043897633 |
|    clip_fraction        | 0.00937       |
|    clip_range           | 0.2           |
|    entropy_loss         | -0.224        |
|    explained_variance   | 0.577         |
|    learning_rate        | 0.0003        |
|    loss                 | 3.58          |
|    n_updates            | 1715          |
|    policy_gradient_loss | 0.000213      |
|    value_loss           | 6.27          |
-------------------------------------------
-----------------------------------------
| rollout/                |             |
|    ep_len_mean          | 10.1        |
|    ep_rew_mean          | 4.32        |
| time/                   |             |
|    fps                  | 293         |
|    iterations           | 345         |
|    time_elapsed         | 601         |
|    total_timesteps      | 176640      |
| train/                  |             |
|    approx_kl            | 0.002003937 |
|    clip_fraction        | 0.0328      |
|    clip_range           | 0.2         |
|    entropy_loss         | -0.192      |
|    explained_variance   | 0.675       |
|    learning_rate        | 0.0003      |
|    loss                 | 2.29        |
|    n_updates            | 1720        |
|    policy_gradient_loss | -0.00911    |
|    value_loss           | 3.4         |
-----------------------------------------
-----------------------------------------
| rollout/                |             |
|    ep_len_mean          | 9.94        |
|    ep_rew_mean          | 4.1         |
| time/                   |             |
|    fps                  | 293         |
|    iterations           | 346         |
|    time_elapsed         | 603         |
|    total_timesteps      | 177152      |
| train/                  |             |
|    approx_kl            | 0.001445343 |
|    clip_fraction        | 0.00937     |
|    clip_range           | 0.2         |
|    entropy_loss         | -0.198      |
|    explained_variance   | 0.717       |
|    learning_rate        | 0.0003      |
|    loss                 | 2.45        |
|    n_updates            | 1725        |
|    policy_gradient_loss | -0.0005     |
|    value_loss           | 4.37        |
-----------------------------------------
------------------------------------------
| rollout/                |              |
|    ep_len_mean          | 9.59         |
|    ep_rew_mean          | 4.37         |
| time/                   |              |
|    fps                  | 293          |
|    iterations           | 347          |
|    time_elapsed         | 604          |
|    total_timesteps      | 177664       |
| train/                  |              |
|    approx_kl            | 0.0017771239 |
|    clip_fraction        | 0.0207       |
|    clip_range           | 0.2          |
|    entropy_loss         | -0.186       |
|    explained_variance   | 0.699        |
|    learning_rate        | 0.0003       |
|    loss                 | 1.96         |
|    n_updates            | 1730         |
|    policy_gradient_loss | -0.0071      |
|    value_loss           | 4.43         |
------------------------------------------
-------------------------------------------
| rollout/                |               |
|    ep_len_mean          | 10.2          |
|    ep_rew_mean          | 4.8           |
| time/                   |               |
|    fps                  | 293           |
|    iterations           | 348           |
|    time_elapsed         | 606           |
|    total_timesteps      | 178176        |
| train/                  |               |
|    approx_kl            | 0.00067292183 |
|    clip_fraction        | 0.0191        |
|    clip_range           | 0.2           |
|    entropy_loss         | -0.15         |
|    explained_variance   | 0.636         |
|    learning_rate        | 0.0003        |
|    loss                 | 2.41          |
|    n_updates            | 1735          |
|    policy_gradient_loss | -0.00723      |
|    value_loss           | 5.01          |
-------------------------------------------
-----------------------------------------
| rollout/                |             |
|    ep_len_mean          | 10.7        |
|    ep_rew_mean          | 4.94        |
| time/                   |             |
|    fps                  | 293         |
|    iterations           | 349         |
|    time_elapsed         | 608         |
|    total_timesteps      | 178688      |
| train/                  |             |
|    approx_kl            | 0.004797932 |
|    clip_fraction        | 0.0309      |
|    clip_range           | 0.2         |
|    entropy_loss         | -0.162      |
|    explained_variance   | 0.62        |
|    learning_rate        | 0.0003      |
|    loss                 | 2.39        |
|    n_updates            | 1740        |
|    policy_gradient_loss | -0.0105     |
|    value_loss           | 4.83        |
-----------------------------------------
-------------------------------------------
| rollout/                |               |
|    ep_len_mean          | 10.9          |
|    ep_rew_mean          | 5.24          |
| time/                   |               |
|    fps                  | 293           |
|    iterations           | 350           |
|    time_elapsed         | 610           |
|    total_timesteps      | 179200        |
| train/                  |               |
|    approx_kl            | 0.00032795046 |
|    clip_fraction        | 0.0293        |
|    clip_range           | 0.2           |
|    entropy_loss         | -0.167        |
|    explained_variance   | 0.613         |
|    learning_rate        | 0.0003        |
|    loss                 | 2.8           |
|    n_updates            | 1745          |
|    policy_gradient_loss | 0.00283       |
|    value_loss           | 6.66          |
-------------------------------------------
------------------------------------------
| rollout/                |              |
|    ep_len_mean          | 11.8         |
|    ep_rew_mean          | 5.33         |
| time/                   |              |
|    fps                  | 293          |
|    iterations           | 351          |
|    time_elapsed         | 612          |
|    total_timesteps      | 179712       |
| train/                  |              |
|    approx_kl            | 0.0003942551 |
|    clip_fraction        | 0.0121       |
|    clip_range           | 0.2          |
|    entropy_loss         | -0.152       |
|    explained_variance   | 0.696        |
|    learning_rate        | 0.0003       |
|    loss                 | 1.97         |
|    n_updates            | 1750         |
|    policy_gradient_loss | -0.00424     |
|    value_loss           | 4.34         |
------------------------------------------
-----------------------------------------
| rollout/                |             |
|    ep_len_mean          | 10.9        |
|    ep_rew_mean          | 4.23        |
| time/                   |             |
|    fps                  | 293         |
|    iterations           | 352         |
|    time_elapsed         | 613         |
|    total_timesteps      | 180224      |
| train/                  |             |
|    approx_kl            | 0.009471295 |
|    clip_fraction        | 0.0359      |
|    clip_range           | 0.2         |
|    entropy_loss         | -0.157      |
|    explained_variance   | 0.681       |
|    learning_rate        | 0.0003      |
|    loss                 | 1.83        |
|    n_updates            | 1755        |
|    policy_gradient_loss | 0.00666     |
|    value_loss           | 4.64        |
-----------------------------------------
------------------------------------------
| rollout/                |              |
|    ep_len_mean          | 9.15         |
|    ep_rew_mean          | 3.41         |
| time/                   |              |
|    fps                  | 293          |
|    iterations           | 353          |
|    time_elapsed         | 615          |
|    total_timesteps      | 180736       |
| train/                  |              |
|    approx_kl            | 0.0020085128 |
|    clip_fraction        | 0.0113       |
|    clip_range           | 0.2          |
|    entropy_loss         | -0.205       |
|    explained_variance   | 0.519        |
|    learning_rate        | 0.0003       |
|    loss                 | 4.06         |
|    n_updates            | 1760         |
|    policy_gradient_loss | -0.00532     |
|    value_loss           | 6.35         |
------------------------------------------
------------------------------------------
| rollout/                |              |
|    ep_len_mean          | 9.79         |
|    ep_rew_mean          | 3.7          |
| time/                   |              |
|    fps                  | 293          |
|    iterations           | 354          |
|    time_elapsed         | 616          |
|    total_timesteps      | 181248       |
| train/                  |              |
|    approx_kl            | 0.0012653042 |
|    clip_fraction        | 0.0113       |
|    clip_range           | 0.2          |
|    entropy_loss         | -0.157       |
|    explained_variance   | 0.474        |
|    learning_rate        | 0.0003       |
|    loss                 | 3.01         |
|    n_updates            | 1765         |
|    policy_gradient_loss | -0.00466     |
|    value_loss           | 6.4          |
------------------------------------------
-------------------------------------------
| rollout/                |               |
|    ep_len_mean          | 11.7          |
|    ep_rew_mean          | 4.65          |
| time/                   |               |
|    fps                  | 293           |
|    iterations           | 355           |
|    time_elapsed         | 618           |
|    total_timesteps      | 181760        |
| train/                  |               |
|    approx_kl            | 0.00080158334 |
|    clip_fraction        | 0.00313       |
|    clip_range           | 0.2           |
|    entropy_loss         | -0.159        |
|    explained_variance   | 0.523         |
|    learning_rate        | 0.0003        |
|    loss                 | 2.7           |
|    n_updates            | 1770          |
|    policy_gradient_loss | -0.00376      |
|    value_loss           | 5.82          |
-------------------------------------------
------------------------------------------
| rollout/                |              |
|    ep_len_mean          | 11           |
|    ep_rew_mean          | 4.73         |
| time/                   |              |
|    fps                  | 293          |
|    iterations           | 356          |
|    time_elapsed         | 620          |
|    total_timesteps      | 182272       |
| train/                  |              |
|    approx_kl            | 0.0042755827 |
|    clip_fraction        | 0.0211       |
|    clip_range           | 0.2          |
|    entropy_loss         | -0.196       |
|    explained_variance   | 0.345        |
|    learning_rate        | 0.0003       |
|    loss                 | 2.74         |
|    n_updates            | 1775         |
|    policy_gradient_loss | 0.00998      |
|    value_loss           | 6.36         |
------------------------------------------
-----------------------------------------
| rollout/                |             |
|    ep_len_mean          | 10.6        |
|    ep_rew_mean          | 4.89        |
| time/                   |             |
|    fps                  | 293         |
|    iterations           | 357         |
|    time_elapsed         | 621         |
|    total_timesteps      | 182784      |
| train/                  |             |
|    approx_kl            | 0.002455009 |
|    clip_fraction        | 0.0484      |
|    clip_range           | 0.2         |
|    entropy_loss         | -0.184      |
|    explained_variance   | 0.563       |
|    learning_rate        | 0.0003      |
|    loss                 | 1.81        |
|    n_updates            | 1780        |
|    policy_gradient_loss | -0.0153     |
|    value_loss           | 4.64        |
-----------------------------------------
-------------------------------------------
| rollout/                |               |
|    ep_len_mean          | 10.8          |
|    ep_rew_mean          | 4.44          |
| time/                   |               |
|    fps                  | 294           |
|    iterations           | 358           |
|    time_elapsed         | 623           |
|    total_timesteps      | 183296        |
| train/                  |               |
|    approx_kl            | 0.00023100764 |
|    clip_fraction        | 0             |
|    clip_range           | 0.2           |
|    entropy_loss         | -0.142        |
|    explained_variance   | 0.561         |
|    learning_rate        | 0.0003        |
|    loss                 | 3.57          |
|    n_updates            | 1785          |
|    policy_gradient_loss | 0.00121       |
|    value_loss           | 10.7          |
-------------------------------------------
------------------------------------------
| rollout/                |              |
|    ep_len_mean          | 10.9         |
|    ep_rew_mean          | 4.56         |
| time/                   |              |
|    fps                  | 294          |
|    iterations           | 359          |
|    time_elapsed         | 624          |
|    total_timesteps      | 183808       |
| train/                  |              |
|    approx_kl            | 0.0022799978 |
|    clip_fraction        | 0.0457       |
|    clip_range           | 0.2          |
|    entropy_loss         | -0.232       |
|    explained_variance   | 0.505        |
|    learning_rate        | 0.0003       |
|    loss                 | 4.21         |
|    n_updates            | 1790         |
|    policy_gradient_loss | 0.00841      |
|    value_loss           | 10.2         |
------------------------------------------
-------------------------------------------
| rollout/                |               |
|    ep_len_mean          | 10.4          |
|    ep_rew_mean          | 4.67          |
| time/                   |               |
|    fps                  | 294           |
|    iterations           | 360           |
|    time_elapsed         | 626           |
|    total_timesteps      | 184320        |
| train/                  |               |
|    approx_kl            | 0.00090651005 |
|    clip_fraction        | 0.00859       |
|    clip_range           | 0.2           |
|    entropy_loss         | -0.13         |
|    explained_variance   | 0.666         |
|    learning_rate        | 0.0003        |
|    loss                 | 4.49          |
|    n_updates            | 1795          |
|    policy_gradient_loss | -0.00619      |
|    value_loss           | 9.17          |
-------------------------------------------
------------------------------------------
| rollout/                |              |
|    ep_len_mean          | 9.77         |
|    ep_rew_mean          | 3.13         |
| time/                   |              |
|    fps                  | 294          |
|    iterations           | 361          |
|    time_elapsed         | 628          |
|    total_timesteps      | 184832       |
| train/                  |              |
|    approx_kl            | 0.0013035305 |
|    clip_fraction        | 0.0043       |
|    clip_range           | 0.2          |
|    entropy_loss         | -0.189       |
|    explained_variance   | 0.505        |
|    learning_rate        | 0.0003       |
|    loss                 | 2.88         |
|    n_updates            | 1800         |
|    policy_gradient_loss | -0.00323     |
|    value_loss           | 6.27         |
------------------------------------------
-----------------------------------------
| rollout/                |             |
|    ep_len_mean          | 11          |
|    ep_rew_mean          | 4.16        |
| time/                   |             |
|    fps                  | 294         |
|    iterations           | 362         |
|    time_elapsed         | 629         |
|    total_timesteps      | 185344      |
| train/                  |             |
|    approx_kl            | 0.009289853 |
|    clip_fraction        | 0.034       |
|    clip_range           | 0.2         |
|    entropy_loss         | -0.222      |
|    explained_variance   | 0.473       |
|    learning_rate        | 0.0003      |
|    loss                 | 4.77        |
|    n_updates            | 1805        |
|    policy_gradient_loss | 0.00653     |
|    value_loss           | 6.98        |
-----------------------------------------
-------------------------------------------
| rollout/                |               |
|    ep_len_mean          | 10.4          |
|    ep_rew_mean          | 4.76          |
| time/                   |               |
|    fps                  | 294           |
|    iterations           | 363           |
|    time_elapsed         | 631           |
|    total_timesteps      | 185856        |
| train/                  |               |
|    approx_kl            | 0.00050742895 |
|    clip_fraction        | 0.0082        |
|    clip_range           | 0.2           |
|    entropy_loss         | -0.154        |
|    explained_variance   | 0.476         |
|    learning_rate        | 0.0003        |
|    loss                 | 5.14          |
|    n_updates            | 1810          |
|    policy_gradient_loss | -0.00655      |
|    value_loss           | 7.97          |
-------------------------------------------
------------------------------------------
| rollout/                |              |
|    ep_len_mean          | 9.49         |
|    ep_rew_mean          | 3.81         |
| time/                   |              |
|    fps                  | 294          |
|    iterations           | 364          |
|    time_elapsed         | 632          |
|    total_timesteps      | 186368       |
| train/                  |              |
|    approx_kl            | 0.0015460781 |
|    clip_fraction        | 0.00547      |
|    clip_range           | 0.2          |
|    entropy_loss         | -0.195       |
|    explained_variance   | 0.606        |
|    learning_rate        | 0.0003       |
|    loss                 | 2.16         |
|    n_updates            | 1815         |
|    policy_gradient_loss | -0.00889     |
|    value_loss           | 5.36         |
------------------------------------------
------------------------------------------
| rollout/                |              |
|    ep_len_mean          | 9.34         |
|    ep_rew_mean          | 3.4          |
| time/                   |              |
|    fps                  | 294          |
|    iterations           | 365          |
|    time_elapsed         | 634          |
|    total_timesteps      | 186880       |
| train/                  |              |
|    approx_kl            | 0.0018888112 |
|    clip_fraction        | 0.0227       |
|    clip_range           | 0.2          |
|    entropy_loss         | -0.207       |
|    explained_variance   | 0.616        |
|    learning_rate        | 0.0003       |
|    loss                 | 1.48         |
|    n_updates            | 1820         |
|    policy_gradient_loss | -0.00752     |
|    value_loss           | 4.47         |
------------------------------------------
------------------------------------------
| rollout/                |              |
|    ep_len_mean          | 8.97         |
|    ep_rew_mean          | 3.04         |
| time/                   |              |
|    fps                  | 294          |
|    iterations           | 366          |
|    time_elapsed         | 636          |
|    total_timesteps      | 187392       |
| train/                  |              |
|    approx_kl            | 0.0014911687 |
|    clip_fraction        | 0.0355       |
|    clip_range           | 0.2          |
|    entropy_loss         | -0.235       |
|    explained_variance   | 0.554        |
|    learning_rate        | 0.0003       |
|    loss                 | 4.43         |
|    n_updates            | 1825         |
|    policy_gradient_loss | 0.00577      |
|    value_loss           | 8.19         |
------------------------------------------
------------------------------------------
| rollout/                |              |
|    ep_len_mean          | 9            |
|    ep_rew_mean          | 3.36         |
| time/                   |              |
|    fps                  | 294          |
|    iterations           | 367          |
|    time_elapsed         | 637          |
|    total_timesteps      | 187904       |
| train/                  |              |
|    approx_kl            | 0.0005702671 |
|    clip_fraction        | 0.00273      |
|    clip_range           | 0.2          |
|    entropy_loss         | -0.195       |
|    explained_variance   | 0.658        |
|    learning_rate        | 0.0003       |
|    loss                 | 1.48         |
|    n_updates            | 1830         |
|    policy_gradient_loss | -0.00183     |
|    value_loss           | 4.74         |
------------------------------------------
------------------------------------------
| rollout/                |              |
|    ep_len_mean          | 9.53         |
|    ep_rew_mean          | 4.28         |
| time/                   |              |
|    fps                  | 294          |
|    iterations           | 368          |
|    time_elapsed         | 639          |
|    total_timesteps      | 188416       |
| train/                  |              |
|    approx_kl            | 0.0024130675 |
|    clip_fraction        | 0.0164       |
|    clip_range           | 0.2          |
|    entropy_loss         | -0.199       |
|    explained_variance   | 0.637        |
|    learning_rate        | 0.0003       |
|    loss                 | 3.32         |
|    n_updates            | 1835         |
|    policy_gradient_loss | -0.00421     |
|    value_loss           | 6.98         |
------------------------------------------
-----------------------------------------
| rollout/                |             |
|    ep_len_mean          | 9.04        |
|    ep_rew_mean          | 3.92        |
| time/                   |             |
|    fps                  | 294         |
|    iterations           | 369         |
|    time_elapsed         | 641         |
|    total_timesteps      | 188928      |
| train/                  |             |
|    approx_kl            | 0.002565613 |
|    clip_fraction        | 0.0129      |
|    clip_range           | 0.2         |
|    entropy_loss         | -0.167      |
|    explained_variance   | 0.696       |
|    learning_rate        | 0.0003      |
|    loss                 | 2.84        |
|    n_updates            | 1840        |
|    policy_gradient_loss | -0.00103    |
|    value_loss           | 5.74        |
-----------------------------------------
------------------------------------------
| rollout/                |              |
|    ep_len_mean          | 8.8          |
|    ep_rew_mean          | 3.3          |
| time/                   |              |
|    fps                  | 294          |
|    iterations           | 370          |
|    time_elapsed         | 642          |
|    total_timesteps      | 189440       |
| train/                  |              |
|    approx_kl            | 0.0038946406 |
|    clip_fraction        | 0.0715       |
|    clip_range           | 0.2          |
|    entropy_loss         | -0.257       |
|    explained_variance   | 0.638        |
|    learning_rate        | 0.0003       |
|    loss                 | 2.89         |
|    n_updates            | 1845         |
|    policy_gradient_loss | 0.0105       |
|    value_loss           | 6.18         |
------------------------------------------
------------------------------------------
| rollout/                |              |
|    ep_len_mean          | 9.51         |
|    ep_rew_mean          | 4.25         |
| time/                   |              |
|    fps                  | 294          |
|    iterations           | 371          |
|    time_elapsed         | 644          |
|    total_timesteps      | 189952       |
| train/                  |              |
|    approx_kl            | 0.0025079274 |
|    clip_fraction        | 0.0227       |
|    clip_range           | 0.2          |
|    entropy_loss         | -0.212       |
|    explained_variance   | 0.446        |
|    learning_rate        | 0.0003       |
|    loss                 | 1.63         |
|    n_updates            | 1850         |
|    policy_gradient_loss | -0.00679     |
|    value_loss           | 8.42         |
------------------------------------------
------------------------------------------
| rollout/                |              |
|    ep_len_mean          | 9.11         |
|    ep_rew_mean          | 4.15         |
| time/                   |              |
|    fps                  | 294          |
|    iterations           | 372          |
|    time_elapsed         | 645          |
|    total_timesteps      | 190464       |
| train/                  |              |
|    approx_kl            | 0.0015203613 |
|    clip_fraction        | 0.00703      |
|    clip_range           | 0.2          |
|    entropy_loss         | -0.176       |
|    explained_variance   | 0.699        |
|    learning_rate        | 0.0003       |
|    loss                 | 3.13         |
|    n_updates            | 1855         |
|    policy_gradient_loss | 0.00103      |
|    value_loss           | 4.55         |
------------------------------------------
-------------------------------------------
| rollout/                |               |
|    ep_len_mean          | 9.04          |
|    ep_rew_mean          | 4.32          |
| time/                   |               |
|    fps                  | 294           |
|    iterations           | 373           |
|    time_elapsed         | 647           |
|    total_timesteps      | 190976        |
| train/                  |               |
|    approx_kl            | 0.00067363854 |
|    clip_fraction        | 0.00937       |
|    clip_range           | 0.2           |
|    entropy_loss         | -0.204        |
|    explained_variance   | 0.623         |
|    learning_rate        | 0.0003        |
|    loss                 | 2.45          |
|    n_updates            | 1860          |
|    policy_gradient_loss | -0.00288      |
|    value_loss           | 6.15          |
-------------------------------------------
------------------------------------------
| rollout/                |              |
|    ep_len_mean          | 9.53         |
|    ep_rew_mean          | 3.47         |
| time/                   |              |
|    fps                  | 295          |
|    iterations           | 374          |
|    time_elapsed         | 649          |
|    total_timesteps      | 191488       |
| train/                  |              |
|    approx_kl            | 0.0024639822 |
|    clip_fraction        | 0.025        |
|    clip_range           | 0.2          |
|    entropy_loss         | -0.138       |
|    explained_variance   | 0.636        |
|    learning_rate        | 0.0003       |
|    loss                 | 4.16         |
|    n_updates            | 1865         |
|    policy_gradient_loss | -0.00811     |
|    value_loss           | 8.25         |
------------------------------------------
-----------------------------------------
| rollout/                |             |
|    ep_len_mean          | 8.9         |
|    ep_rew_mean          | 3.36        |
| time/                   |             |
|    fps                  | 295         |
|    iterations           | 375         |
|    time_elapsed         | 650         |
|    total_timesteps      | 192000      |
| train/                  |             |
|    approx_kl            | 0.014030118 |
|    clip_fraction        | 0.107       |
|    clip_range           | 0.2         |
|    entropy_loss         | -0.259      |
|    explained_variance   | 0.552       |
|    learning_rate        | 0.0003      |
|    loss                 | 3.14        |
|    n_updates            | 1870        |
|    policy_gradient_loss | 0.00839     |
|    value_loss           | 9.86        |
-----------------------------------------
------------------------------------------
| rollout/                |              |
|    ep_len_mean          | 8.63         |
|    ep_rew_mean          | 4.07         |
| time/                   |              |
|    fps                  | 295          |
|    iterations           | 376          |
|    time_elapsed         | 652          |
|    total_timesteps      | 192512       |
| train/                  |              |
|    approx_kl            | 0.0015490821 |
|    clip_fraction        | 0.0238       |
|    clip_range           | 0.2          |
|    entropy_loss         | -0.18        |
|    explained_variance   | 0.755        |
|    learning_rate        | 0.0003       |
|    loss                 | 1.51         |
|    n_updates            | 1875         |
|    policy_gradient_loss | -0.00738     |
|    value_loss           | 3.63         |
------------------------------------------
------------------------------------------
| rollout/                |              |
|    ep_len_mean          | 8.79         |
|    ep_rew_mean          | 3.65         |
| time/                   |              |
|    fps                  | 295          |
|    iterations           | 377          |
|    time_elapsed         | 653          |
|    total_timesteps      | 193024       |
| train/                  |              |
|    approx_kl            | 0.0013371618 |
|    clip_fraction        | 0.00781      |
|    clip_range           | 0.2          |
|    entropy_loss         | -0.175       |
|    explained_variance   | 0.705        |
|    learning_rate        | 0.0003       |
|    loss                 | 2.48         |
|    n_updates            | 1880         |
|    policy_gradient_loss | -0.000433    |
|    value_loss           | 5.06         |
------------------------------------------
------------------------------------------
| rollout/                |              |
|    ep_len_mean          | 9.69         |
|    ep_rew_mean          | 4.39         |
| time/                   |              |
|    fps                  | 295          |
|    iterations           | 378          |
|    time_elapsed         | 655          |
|    total_timesteps      | 193536       |
| train/                  |              |
|    approx_kl            | 0.0019263114 |
|    clip_fraction        | 0.0254       |
|    clip_range           | 0.2          |
|    entropy_loss         | -0.226       |
|    explained_variance   | 0.684        |
|    learning_rate        | 0.0003       |
|    loss                 | 3.36         |
|    n_updates            | 1885         |
|    policy_gradient_loss | 0.00452      |
|    value_loss           | 6.17         |
------------------------------------------
------------------------------------------
| rollout/                |              |
|    ep_len_mean          | 9.84         |
|    ep_rew_mean          | 4.76         |
| time/                   |              |
|    fps                  | 295          |
|    iterations           | 379          |
|    time_elapsed         | 657          |
|    total_timesteps      | 194048       |
| train/                  |              |
|    approx_kl            | 0.0014387452 |
|    clip_fraction        | 0.0148       |
|    clip_range           | 0.2          |
|    entropy_loss         | -0.18        |
|    explained_variance   | 0.708        |
|    learning_rate        | 0.0003       |
|    loss                 | 3.04         |
|    n_updates            | 1890         |
|    policy_gradient_loss | -0.0072      |
|    value_loss           | 6.37         |
------------------------------------------
-------------------------------------------
| rollout/                |               |
|    ep_len_mean          | 8.94          |
|    ep_rew_mean          | 4.17          |
| time/                   |               |
|    fps                  | 295           |
|    iterations           | 380           |
|    time_elapsed         | 658           |
|    total_timesteps      | 194560        |
| train/                  |               |
|    approx_kl            | 0.00035474089 |
|    clip_fraction        | 0.018         |
|    clip_range           | 0.2           |
|    entropy_loss         | -0.174        |
|    explained_variance   | 0.632         |
|    learning_rate        | 0.0003        |
|    loss                 | 2.31          |
|    n_updates            | 1895          |
|    policy_gradient_loss | -0.00706      |
|    value_loss           | 4.85          |
-------------------------------------------
-------------------------------------------
| rollout/                |               |
|    ep_len_mean          | 9.21          |
|    ep_rew_mean          | 4.16          |
| time/                   |               |
|    fps                  | 295           |
|    iterations           | 381           |
|    time_elapsed         | 660           |
|    total_timesteps      | 195072        |
| train/                  |               |
|    approx_kl            | 0.00067082234 |
|    clip_fraction        | 0.00273       |
|    clip_range           | 0.2           |
|    entropy_loss         | -0.215        |
|    explained_variance   | 0.546         |
|    learning_rate        | 0.0003        |
|    loss                 | 4.03          |
|    n_updates            | 1900          |
|    policy_gradient_loss | -0.00132      |
|    value_loss           | 9.43          |
-------------------------------------------
-------------------------------------------
| rollout/                |               |
|    ep_len_mean          | 8.42          |
|    ep_rew_mean          | 3.85          |
| time/                   |               |
|    fps                  | 295           |
|    iterations           | 382           |
|    time_elapsed         | 662           |
|    total_timesteps      | 195584        |
| train/                  |               |
|    approx_kl            | 0.00028105482 |
|    clip_fraction        | 0             |
|    clip_range           | 0.2           |
|    entropy_loss         | -0.171        |
|    explained_variance   | 0.556         |
|    learning_rate        | 0.0003        |
|    loss                 | 5.21          |
|    n_updates            | 1905          |
|    policy_gradient_loss | -6.56e-05     |
|    value_loss           | 10.4          |
-------------------------------------------
-----------------------------------------
| rollout/                |             |
|    ep_len_mean          | 9.07        |
|    ep_rew_mean          | 4.04        |
| time/                   |             |
|    fps                  | 295         |
|    iterations           | 383         |
|    time_elapsed         | 663         |
|    total_timesteps      | 196096      |
| train/                  |             |
|    approx_kl            | 0.007559871 |
|    clip_fraction        | 0.0555      |
|    clip_range           | 0.2         |
|    entropy_loss         | -0.208      |
|    explained_variance   | 0.532       |
|    learning_rate        | 0.0003      |
|    loss                 | 2.36        |
|    n_updates            | 1910        |
|    policy_gradient_loss | -0.0139     |
|    value_loss           | 6.72        |
-----------------------------------------
------------------------------------------
| rollout/                |              |
|    ep_len_mean          | 10.1         |
|    ep_rew_mean          | 4.52         |
| time/                   |              |
|    fps                  | 295          |
|    iterations           | 384          |
|    time_elapsed         | 665          |
|    total_timesteps      | 196608       |
| train/                  |              |
|    approx_kl            | 9.798701e-05 |
|    clip_fraction        | 0.0187       |
|    clip_range           | 0.2          |
|    entropy_loss         | -0.177       |
|    explained_variance   | 0.746        |
|    learning_rate        | 0.0003       |
|    loss                 | 3.28         |
|    n_updates            | 1915         |
|    policy_gradient_loss | -0.00263     |
|    value_loss           | 5.7          |
------------------------------------------
------------------------------------------
| rollout/                |              |
|    ep_len_mean          | 11.1         |
|    ep_rew_mean          | 4.95         |
| time/                   |              |
|    fps                  | 295          |
|    iterations           | 385          |
|    time_elapsed         | 666          |
|    total_timesteps      | 197120       |
| train/                  |              |
|    approx_kl            | 0.0011247463 |
|    clip_fraction        | 0.00625      |
|    clip_range           | 0.2          |
|    entropy_loss         | -0.163       |
|    explained_variance   | 0.569        |
|    learning_rate        | 0.0003       |
|    loss                 | 2.78         |
|    n_updates            | 1920         |
|    policy_gradient_loss | -0.0036      |
|    value_loss           | 6.17         |
------------------------------------------
-------------------------------------------
| rollout/                |               |
|    ep_len_mean          | 10.7          |
|    ep_rew_mean          | 4.66          |
| time/                   |               |
|    fps                  | 295           |
|    iterations           | 386           |
|    time_elapsed         | 668           |
|    total_timesteps      | 197632        |
| train/                  |               |
|    approx_kl            | 0.00010256702 |
|    clip_fraction        | 0.0187        |
|    clip_range           | 0.2           |
|    entropy_loss         | -0.139        |
|    explained_variance   | 0.565         |
|    learning_rate        | 0.0003        |
|    loss                 | 2.72          |
|    n_updates            | 1925          |
|    policy_gradient_loss | -0.00338      |
|    value_loss           | 6.19          |
-------------------------------------------
------------------------------------------
| rollout/                |              |
|    ep_len_mean          | 9.97         |
|    ep_rew_mean          | 4.03         |
| time/                   |              |
|    fps                  | 295          |
|    iterations           | 387          |
|    time_elapsed         | 670          |
|    total_timesteps      | 198144       |
| train/                  |              |
|    approx_kl            | 0.0008348915 |
|    clip_fraction        | 0.0109       |
|    clip_range           | 0.2          |
|    entropy_loss         | -0.17        |
|    explained_variance   | 0.636        |
|    learning_rate        | 0.0003       |
|    loss                 | 1.58         |
|    n_updates            | 1930         |
|    policy_gradient_loss | -0.00176     |
|    value_loss           | 5.53         |
------------------------------------------
------------------------------------------
| rollout/                |              |
|    ep_len_mean          | 10.4         |
|    ep_rew_mean          | 4.13         |
| time/                   |              |
|    fps                  | 295          |
|    iterations           | 388          |
|    time_elapsed         | 671          |
|    total_timesteps      | 198656       |
| train/                  |              |
|    approx_kl            | 0.0072667375 |
|    clip_fraction        | 0.0133       |
|    clip_range           | 0.2          |
|    entropy_loss         | -0.185       |
|    explained_variance   | 0.538        |
|    learning_rate        | 0.0003       |
|    loss                 | 3.13         |
|    n_updates            | 1935         |
|    policy_gradient_loss | 0.00348      |
|    value_loss           | 5.43         |
------------------------------------------
------------------------------------------
| rollout/                |              |
|    ep_len_mean          | 10.3         |
|    ep_rew_mean          | 4.44         |
| time/                   |              |
|    fps                  | 295          |
|    iterations           | 389          |
|    time_elapsed         | 673          |
|    total_timesteps      | 199168       |
| train/                  |              |
|    approx_kl            | 0.0006336276 |
|    clip_fraction        | 0.0117       |
|    clip_range           | 0.2          |
|    entropy_loss         | -0.227       |
|    explained_variance   | 0.649        |
|    learning_rate        | 0.0003       |
|    loss                 | 2.57         |
|    n_updates            | 1940         |
|    policy_gradient_loss | 0.0036       |
|    value_loss           | 5.37         |
------------------------------------------
-------------------------------------------
| rollout/                |               |
|    ep_len_mean          | 11            |
|    ep_rew_mean          | 4.96          |
| time/                   |               |
|    fps                  | 295           |
|    iterations           | 390           |
|    time_elapsed         | 674           |
|    total_timesteps      | 199680        |
| train/                  |               |
|    approx_kl            | 0.00078317255 |
|    clip_fraction        | 0.0148        |
|    clip_range           | 0.2           |
|    entropy_loss         | -0.135        |
|    explained_variance   | 0.611         |
|    learning_rate        | 0.0003        |
|    loss                 | 6.1           |
|    n_updates            | 1945          |
|    policy_gradient_loss | -0.00481      |
|    value_loss           | 8.95          |
-------------------------------------------
------------------------------------------
| rollout/                |              |
|    ep_len_mean          | 11.9         |
|    ep_rew_mean          | 4.99         |
| time/                   |              |
|    fps                  | 295          |
|    iterations           | 391          |
|    time_elapsed         | 676          |
|    total_timesteps      | 200192       |
| train/                  |              |
|    approx_kl            | 0.0006932285 |
|    clip_fraction        | 0.00234      |
|    clip_range           | 0.2          |
|    entropy_loss         | -0.156       |
|    explained_variance   | 0.644        |
|    learning_rate        | 0.0003       |
|    loss                 | 1.68         |
|    n_updates            | 1950         |
|    policy_gradient_loss | -0.00265     |
|    value_loss           | 5.41         |
------------------------------------------
------------------------------------------
| rollout/                |              |
|    ep_len_mean          | 11.4         |
|    ep_rew_mean          | 4.5          |
| time/                   |              |
|    fps                  | 295          |
|    iterations           | 392          |
|    time_elapsed         | 678          |
|    total_timesteps      | 200704       |
| train/                  |              |
|    approx_kl            | 0.0015741766 |
|    clip_fraction        | 0.0461       |
|    clip_range           | 0.2          |
|    entropy_loss         | -0.181       |
|    explained_variance   | 0.632        |
|    learning_rate        | 0.0003       |
|    loss                 | 2.71         |
|    n_updates            | 1955         |
|    policy_gradient_loss | 0.00478      |
|    value_loss           | 6.02         |
------------------------------------------
-----------------------------------------
| rollout/                |             |
|    ep_len_mean          | 12.7        |
|    ep_rew_mean          | 5.2         |
| time/                   |             |
|    fps                  | 295         |
|    iterations           | 393         |
|    time_elapsed         | 679         |
|    total_timesteps      | 201216      |
| train/                  |             |
|    approx_kl            | 0.003484738 |
|    clip_fraction        | 0.032       |
|    clip_range           | 0.2         |
|    entropy_loss         | -0.177      |
|    explained_variance   | 0.449       |
|    learning_rate        | 0.0003      |
|    loss                 | 2.78        |
|    n_updates            | 1960        |
|    policy_gradient_loss | -0.0101     |
|    value_loss           | 7.45        |
-----------------------------------------
-------------------------------------------
| rollout/                |               |
|    ep_len_mean          | 13.3          |
|    ep_rew_mean          | 5.17          |
| time/                   |               |
|    fps                  | 295           |
|    iterations           | 394           |
|    time_elapsed         | 681           |
|    total_timesteps      | 201728        |
| train/                  |               |
|    approx_kl            | 0.00034741446 |
|    clip_fraction        | 0.00547       |
|    clip_range           | 0.2           |
|    entropy_loss         | -0.141        |
|    explained_variance   | 0.655         |
|    learning_rate        | 0.0003        |
|    loss                 | 3.45          |
|    n_updates            | 1965          |
|    policy_gradient_loss | -0.00128      |
|    value_loss           | 7.06          |
-------------------------------------------
-----------------------------------------
| rollout/                |             |
|    ep_len_mean          | 13.3        |
|    ep_rew_mean          | 5.13        |
| time/                   |             |
|    fps                  | 296         |
|    iterations           | 395         |
|    time_elapsed         | 683         |
|    total_timesteps      | 202240      |
| train/                  |             |
|    approx_kl            | 0.000565389 |
|    clip_fraction        | 0.0043      |
|    clip_range           | 0.2         |
|    entropy_loss         | -0.177      |
|    explained_variance   | 0.447       |
|    learning_rate        | 0.0003      |
|    loss                 | 4.12        |
|    n_updates            | 1970        |
|    policy_gradient_loss | 0.00321     |
|    value_loss           | 11.3        |
-----------------------------------------
------------------------------------------
| rollout/                |              |
|    ep_len_mean          | 11.3         |
|    ep_rew_mean          | 4.41         |
| time/                   |              |
|    fps                  | 296          |
|    iterations           | 396          |
|    time_elapsed         | 684          |
|    total_timesteps      | 202752       |
| train/                  |              |
|    approx_kl            | 0.0041314224 |
|    clip_fraction        | 0.0152       |
|    clip_range           | 0.2          |
|    entropy_loss         | -0.197       |
|    explained_variance   | 0.531        |
|    learning_rate        | 0.0003       |
|    loss                 | 3.52         |
|    n_updates            | 1975         |
|    policy_gradient_loss | 0.0009       |
|    value_loss           | 6.8          |
------------------------------------------
------------------------------------------
| rollout/                |              |
|    ep_len_mean          | 11           |
|    ep_rew_mean          | 4.62         |
| time/                   |              |
|    fps                  | 296          |
|    iterations           | 397          |
|    time_elapsed         | 686          |
|    total_timesteps      | 203264       |
| train/                  |              |
|    approx_kl            | 0.0016640372 |
|    clip_fraction        | 0.00977      |
|    clip_range           | 0.2          |
|    entropy_loss         | -0.164       |
|    explained_variance   | 0.632        |
|    learning_rate        | 0.0003       |
|    loss                 | 5.12         |
|    n_updates            | 1980         |
|    policy_gradient_loss | -0.00234     |
|    value_loss           | 6.68         |
------------------------------------------
----------------------------------------
| rollout/                |            |
|    ep_len_mean          | 8.66       |
|    ep_rew_mean          | 3.45       |
| time/                   |            |
|    fps                  | 296        |
|    iterations           | 398        |
|    time_elapsed         | 687        |
|    total_timesteps      | 203776     |
| train/                  |            |
|    approx_kl            | 0.01601569 |
|    clip_fraction        | 0.0988     |
|    clip_range           | 0.2        |
|    entropy_loss         | -0.24      |
|    explained_variance   | 0.67       |
|    learning_rate        | 0.0003     |
|    loss                 | 3.73       |
|    n_updates            | 1985       |
|    policy_gradient_loss | 0.00733    |
|    value_loss           | 6.21       |
----------------------------------------
-------------------------------------------
| rollout/                |               |
|    ep_len_mean          | 8.09          |
|    ep_rew_mean          | 3.21          |
| time/                   |               |
|    fps                  | 296           |
|    iterations           | 399           |
|    time_elapsed         | 689           |
|    total_timesteps      | 204288        |
| train/                  |               |
|    approx_kl            | 0.00013745081 |
|    clip_fraction        | 0.00703       |
|    clip_range           | 0.2           |
|    entropy_loss         | -0.251        |
|    explained_variance   | 0.545         |
|    learning_rate        | 0.0003        |
|    loss                 | 1.92          |
|    n_updates            | 1990          |
|    policy_gradient_loss | -0.00287      |
|    value_loss           | 5.79          |
-------------------------------------------
------------------------------------------
| rollout/                |              |
|    ep_len_mean          | 9.08         |
|    ep_rew_mean          | 4.4          |
| time/                   |              |
|    fps                  | 296          |
|    iterations           | 400          |
|    time_elapsed         | 691          |
|    total_timesteps      | 204800       |
| train/                  |              |
|    approx_kl            | 0.0015506404 |
|    clip_fraction        | 0.0215       |
|    clip_range           | 0.2          |
|    entropy_loss         | -0.224       |
|    explained_variance   | 0.657        |
|    learning_rate        | 0.0003       |
|    loss                 | 1.82         |
|    n_updates            | 1995         |
|    policy_gradient_loss | -0.00775     |
|    value_loss           | 4.51         |
------------------------------------------
------------------------------------------
| rollout/                |              |
|    ep_len_mean          | 10.1         |
|    ep_rew_mean          | 4.86         |
| time/                   |              |
|    fps                  | 296          |
|    iterations           | 401          |
|    time_elapsed         | 692          |
|    total_timesteps      | 205312       |
| train/                  |              |
|    approx_kl            | 0.0015283697 |
|    clip_fraction        | 0.0133       |
|    clip_range           | 0.2          |
|    entropy_loss         | -0.182       |
|    explained_variance   | 0.683        |
|    learning_rate        | 0.0003       |
|    loss                 | 2.93         |
|    n_updates            | 2000         |
|    policy_gradient_loss | -0.0079      |
|    value_loss           | 6.38         |
------------------------------------------
------------------------------------------
| rollout/                |              |
|    ep_len_mean          | 8.95         |
|    ep_rew_mean          | 4.07         |
| time/                   |              |
|    fps                  | 296          |
|    iterations           | 402          |
|    time_elapsed         | 694          |
|    total_timesteps      | 205824       |
| train/                  |              |
|    approx_kl            | 0.0007581118 |
|    clip_fraction        | 0.00391      |
|    clip_range           | 0.2          |
|    entropy_loss         | -0.212       |
|    explained_variance   | 0.651        |
|    learning_rate        | 0.0003       |
|    loss                 | 3.15         |
|    n_updates            | 2005         |
|    policy_gradient_loss | -0.00307     |
|    value_loss           | 5.38         |
------------------------------------------
------------------------------------------
| rollout/                |              |
|    ep_len_mean          | 8.69         |
|    ep_rew_mean          | 3.71         |
| time/                   |              |
|    fps                  | 296          |
|    iterations           | 403          |
|    time_elapsed         | 696          |
|    total_timesteps      | 206336       |
| train/                  |              |
|    approx_kl            | 0.0013497993 |
|    clip_fraction        | 0.00977      |
|    clip_range           | 0.2          |
|    entropy_loss         | -0.19        |
|    explained_variance   | 0.681        |
|    learning_rate        | 0.0003       |
|    loss                 | 1.17         |
|    n_updates            | 2010         |
|    policy_gradient_loss | -0.00563     |
|    value_loss           | 3.62         |
------------------------------------------
------------------------------------------
| rollout/                |              |
|    ep_len_mean          | 9.31         |
|    ep_rew_mean          | 3.55         |
| time/                   |              |
|    fps                  | 296          |
|    iterations           | 404          |
|    time_elapsed         | 697          |
|    total_timesteps      | 206848       |
| train/                  |              |
|    approx_kl            | 0.0017928333 |
|    clip_fraction        | 0.0133       |
|    clip_range           | 0.2          |
|    entropy_loss         | -0.214       |
|    explained_variance   | 0.711        |
|    learning_rate        | 0.0003       |
|    loss                 | 3.02         |
|    n_updates            | 2015         |
|    policy_gradient_loss | -0.00641     |
|    value_loss           | 5.37         |
------------------------------------------
------------------------------------------
| rollout/                |              |
|    ep_len_mean          | 10.1         |
|    ep_rew_mean          | 4.22         |
| time/                   |              |
|    fps                  | 296          |
|    iterations           | 405          |
|    time_elapsed         | 699          |
|    total_timesteps      | 207360       |
| train/                  |              |
|    approx_kl            | 0.0007150491 |
|    clip_fraction        | 0.0207       |
|    clip_range           | 0.2          |
|    entropy_loss         | -0.205       |
|    explained_variance   | 0.545        |
|    learning_rate        | 0.0003       |
|    loss                 | 2.13         |
|    n_updates            | 2020         |
|    policy_gradient_loss | -7.49e-05    |
|    value_loss           | 5.43         |
------------------------------------------
-------------------------------------------
| rollout/                |               |
|    ep_len_mean          | 8.96          |
|    ep_rew_mean          | 3.78          |
| time/                   |               |
|    fps                  | 296           |
|    iterations           | 406           |
|    time_elapsed         | 700           |
|    total_timesteps      | 207872        |
| train/                  |               |
|    approx_kl            | 0.00092962454 |
|    clip_fraction        | 0.0145        |
|    clip_range           | 0.2           |
|    entropy_loss         | -0.173        |
|    explained_variance   | 0.67          |
|    learning_rate        | 0.0003        |
|    loss                 | 2.11          |
|    n_updates            | 2025          |
|    policy_gradient_loss | -0.00769      |
|    value_loss           | 5.37          |
-------------------------------------------
------------------------------------------
| rollout/                |              |
|    ep_len_mean          | 8.96         |
|    ep_rew_mean          | 3.29         |
| time/                   |              |
|    fps                  | 296          |
|    iterations           | 407          |
|    time_elapsed         | 702          |
|    total_timesteps      | 208384       |
| train/                  |              |
|    approx_kl            | 0.0023600985 |
|    clip_fraction        | 0.034        |
|    clip_range           | 0.2          |
|    entropy_loss         | -0.175       |
|    explained_variance   | 0.57         |
|    learning_rate        | 0.0003       |
|    loss                 | 2.83         |
|    n_updates            | 2030         |
|    policy_gradient_loss | -0.00954     |
|    value_loss           | 4.96         |
------------------------------------------
------------------------------------------
| rollout/                |              |
|    ep_len_mean          | 9.47         |
|    ep_rew_mean          | 3.57         |
| time/                   |              |
|    fps                  | 296          |
|    iterations           | 408          |
|    time_elapsed         | 704          |
|    total_timesteps      | 208896       |
| train/                  |              |
|    approx_kl            | 0.0054517305 |
|    clip_fraction        | 0.0258       |
|    clip_range           | 0.2          |
|    entropy_loss         | -0.231       |
|    explained_variance   | 0.461        |
|    learning_rate        | 0.0003       |
|    loss                 | 3.25         |
|    n_updates            | 2035         |
|    policy_gradient_loss | 0.00273      |
|    value_loss           | 8.53         |
------------------------------------------
-----------------------------------------
| rollout/                |             |
|    ep_len_mean          | 10.6        |
|    ep_rew_mean          | 4.53        |
| time/                   |             |
|    fps                  | 296         |
|    iterations           | 409         |
|    time_elapsed         | 705         |
|    total_timesteps      | 209408      |
| train/                  |             |
|    approx_kl            | 0.002147534 |
|    clip_fraction        | 0.0227      |
|    clip_range           | 0.2         |
|    entropy_loss         | -0.153      |
|    explained_variance   | 0.688       |
|    learning_rate        | 0.0003      |
|    loss                 | 1.75        |
|    n_updates            | 2040        |
|    policy_gradient_loss | -0.00684    |
|    value_loss           | 5.87        |
-----------------------------------------
------------------------------------------
| rollout/                |              |
|    ep_len_mean          | 12.3         |
|    ep_rew_mean          | 5.1          |
| time/                   |              |
|    fps                  | 296          |
|    iterations           | 410          |
|    time_elapsed         | 707          |
|    total_timesteps      | 209920       |
| train/                  |              |
|    approx_kl            | 0.0008075866 |
|    clip_fraction        | 0.0191       |
|    clip_range           | 0.2          |
|    entropy_loss         | -0.156       |
|    explained_variance   | 0.703        |
|    learning_rate        | 0.0003       |
|    loss                 | 2.16         |
|    n_updates            | 2045         |
|    policy_gradient_loss | -0.00642     |
|    value_loss           | 5.1          |
------------------------------------------
------------------------------------------
| rollout/                |              |
|    ep_len_mean          | 13.2         |
|    ep_rew_mean          | 5.39         |
| time/                   |              |
|    fps                  | 296          |
|    iterations           | 411          |
|    time_elapsed         | 708          |
|    total_timesteps      | 210432       |
| train/                  |              |
|    approx_kl            | 0.0004368188 |
|    clip_fraction        | 0.00703      |
|    clip_range           | 0.2          |
|    entropy_loss         | -0.144       |
|    explained_variance   | 0.623        |
|    learning_rate        | 0.0003       |
|    loss                 | 2.15         |
|    n_updates            | 2050         |
|    policy_gradient_loss | -0.0051      |
|    value_loss           | 5.44         |
------------------------------------------
------------------------------------------
| rollout/                |              |
|    ep_len_mean          | 13.5         |
|    ep_rew_mean          | 5.8          |
| time/                   |              |
|    fps                  | 296          |
|    iterations           | 412          |
|    time_elapsed         | 710          |
|    total_timesteps      | 210944       |
| train/                  |              |
|    approx_kl            | 0.0034503264 |
|    clip_fraction        | 0.0137       |
|    clip_range           | 0.2          |
|    entropy_loss         | -0.168       |
|    explained_variance   | 0.647        |
|    learning_rate        | 0.0003       |
|    loss                 | 3.37         |
|    n_updates            | 2055         |
|    policy_gradient_loss | 0.00487      |
|    value_loss           | 5.87         |
------------------------------------------
------------------------------------------
| rollout/                |              |
|    ep_len_mean          | 12.6         |
|    ep_rew_mean          | 5.14         |
| time/                   |              |
|    fps                  | 296          |
|    iterations           | 413          |
|    time_elapsed         | 712          |
|    total_timesteps      | 211456       |
| train/                  |              |
|    approx_kl            | 0.0011010552 |
|    clip_fraction        | 0.0191       |
|    clip_range           | 0.2          |
|    entropy_loss         | -0.165       |
|    explained_variance   | 0.483        |
|    learning_rate        | 0.0003       |
|    loss                 | 2.58         |
|    n_updates            | 2060         |
|    policy_gradient_loss | -0.00755     |
|    value_loss           | 5.47         |
------------------------------------------
-----------------------------------------
| rollout/                |             |
|    ep_len_mean          | 12.5        |
|    ep_rew_mean          | 4.59        |
| time/                   |             |
|    fps                  | 296         |
|    iterations           | 414         |
|    time_elapsed         | 713         |
|    total_timesteps      | 211968      |
| train/                  |             |
|    approx_kl            | 0.016439192 |
|    clip_fraction        | 0.0871      |
|    clip_range           | 0.2         |
|    entropy_loss         | -0.233      |
|    explained_variance   | 0.501       |
|    learning_rate        | 0.0003      |
|    loss                 | 3.15        |
|    n_updates            | 2065        |
|    policy_gradient_loss | 0.0134      |
|    value_loss           | 6.89        |
-----------------------------------------
-----------------------------------------
| rollout/                |             |
|    ep_len_mean          | 10.3        |
|    ep_rew_mean          | 4.26        |
| time/                   |             |
|    fps                  | 296         |
|    iterations           | 415         |
|    time_elapsed         | 715         |
|    total_timesteps      | 212480      |
| train/                  |             |
|    approx_kl            | 0.006283118 |
|    clip_fraction        | 0.0176      |
|    clip_range           | 0.2         |
|    entropy_loss         | -0.221      |
|    explained_variance   | 0.508       |
|    learning_rate        | 0.0003      |
|    loss                 | 2.6         |
|    n_updates            | 2070        |
|    policy_gradient_loss | 0.00349     |
|    value_loss           | 9.05        |
-----------------------------------------
------------------------------------------
| rollout/                |              |
|    ep_len_mean          | 8.73         |
|    ep_rew_mean          | 3.83         |
| time/                   |              |
|    fps                  | 297          |
|    iterations           | 416          |
|    time_elapsed         | 717          |
|    total_timesteps      | 212992       |
| train/                  |              |
|    approx_kl            | 0.0046081524 |
|    clip_fraction        | 0.0566       |
|    clip_range           | 0.2          |
|    entropy_loss         | -0.159       |
|    explained_variance   | 0.711        |
|    learning_rate        | 0.0003       |
|    loss                 | 2.47         |
|    n_updates            | 2075         |
|    policy_gradient_loss | -0.00818     |
|    value_loss           | 4.75         |
------------------------------------------
-----------------------------------------
| rollout/                |             |
|    ep_len_mean          | 8.89        |
|    ep_rew_mean          | 3.48        |
| time/                   |             |
|    fps                  | 297         |
|    iterations           | 417         |
|    time_elapsed         | 718         |
|    total_timesteps      | 213504      |
| train/                  |             |
|    approx_kl            | 0.003426691 |
|    clip_fraction        | 0.0289      |
|    clip_range           | 0.2         |
|    entropy_loss         | -0.185      |
|    explained_variance   | 0.667       |
|    learning_rate        | 0.0003      |
|    loss                 | 2.3         |
|    n_updates            | 2080        |
|    policy_gradient_loss | -0.00832    |
|    value_loss           | 5.25        |
-----------------------------------------
-----------------------------------------
| rollout/                |             |
|    ep_len_mean          | 9.86        |
|    ep_rew_mean          | 3.96        |
| time/                   |             |
|    fps                  | 297         |
|    iterations           | 418         |
|    time_elapsed         | 720         |
|    total_timesteps      | 214016      |
| train/                  |             |
|    approx_kl            | 0.002861864 |
|    clip_fraction        | 0.0422      |
|    clip_range           | 0.2         |
|    entropy_loss         | -0.164      |
|    explained_variance   | 0.564       |
|    learning_rate        | 0.0003      |
|    loss                 | 1.99        |
|    n_updates            | 2085        |
|    policy_gradient_loss | -0.0131     |
|    value_loss           | 4.91        |
-----------------------------------------
-----------------------------------------
| rollout/                |             |
|    ep_len_mean          | 12.5        |
|    ep_rew_mean          | 4.85        |
| time/                   |             |
|    fps                  | 297         |
|    iterations           | 419         |
|    time_elapsed         | 721         |
|    total_timesteps      | 214528      |
| train/                  |             |
|    approx_kl            | 0.001620207 |
|    clip_fraction        | 0.0414      |
|    clip_range           | 0.2         |
|    entropy_loss         | -0.168      |
|    explained_variance   | 0.696       |
|    learning_rate        | 0.0003      |
|    loss                 | 0.969       |
|    n_updates            | 2090        |
|    policy_gradient_loss | -0.0119     |
|    value_loss           | 2.69        |
-----------------------------------------
-----------------------------------------
| rollout/                |             |
|    ep_len_mean          | 11.4        |
|    ep_rew_mean          | 4.25        |
| time/                   |             |
|    fps                  | 297         |
|    iterations           | 420         |
|    time_elapsed         | 723         |
|    total_timesteps      | 215040      |
| train/                  |             |
|    approx_kl            | 0.015013814 |
|    clip_fraction        | 0.0352      |
|    clip_range           | 0.2         |
|    entropy_loss         | -0.141      |
|    explained_variance   | 0.651       |
|    learning_rate        | 0.0003      |
|    loss                 | 3.02        |
|    n_updates            | 2095        |
|    policy_gradient_loss | 0.00094     |
|    value_loss           | 7.01        |
-----------------------------------------
------------------------------------------
| rollout/                |              |
|    ep_len_mean          | 10.4         |
|    ep_rew_mean          | 4.25         |
| time/                   |              |
|    fps                  | 297          |
|    iterations           | 421          |
|    time_elapsed         | 725          |
|    total_timesteps      | 215552       |
| train/                  |              |
|    approx_kl            | 0.0010528128 |
|    clip_fraction        | 0.00234      |
|    clip_range           | 0.2          |
|    entropy_loss         | -0.242       |
|    explained_variance   | 0.492        |
|    learning_rate        | 0.0003       |
|    loss                 | 3.7          |
|    n_updates            | 2100         |
|    policy_gradient_loss | -0.00234     |
|    value_loss           | 6.13         |
------------------------------------------
------------------------------------------
| rollout/                |              |
|    ep_len_mean          | 9.95         |
|    ep_rew_mean          | 4.47         |
| time/                   |              |
|    fps                  | 297          |
|    iterations           | 422          |
|    time_elapsed         | 726          |
|    total_timesteps      | 216064       |
| train/                  |              |
|    approx_kl            | 0.0013663302 |
|    clip_fraction        | 0.00937      |
|    clip_range           | 0.2          |
|    entropy_loss         | -0.148       |
|    explained_variance   | 0.66         |
|    learning_rate        | 0.0003       |
|    loss                 | 3.48         |
|    n_updates            | 2105         |
|    policy_gradient_loss | -0.00494     |
|    value_loss           | 7.29         |
------------------------------------------
------------------------------------------
| rollout/                |              |
|    ep_len_mean          | 9.48         |
|    ep_rew_mean          | 3.9          |
| time/                   |              |
|    fps                  | 297          |
|    iterations           | 423          |
|    time_elapsed         | 728          |
|    total_timesteps      | 216576       |
| train/                  |              |
|    approx_kl            | 0.0018030433 |
|    clip_fraction        | 0.0367       |
|    clip_range           | 0.2          |
|    entropy_loss         | -0.239       |
|    explained_variance   | 0.687        |
|    learning_rate        | 0.0003       |
|    loss                 | 2.11         |
|    n_updates            | 2110         |
|    policy_gradient_loss | 0.00228      |
|    value_loss           | 5.56         |
------------------------------------------
------------------------------------------
| rollout/                |              |
|    ep_len_mean          | 10.8         |
|    ep_rew_mean          | 4.88         |
| time/                   |              |
|    fps                  | 297          |
|    iterations           | 424          |
|    time_elapsed         | 729          |
|    total_timesteps      | 217088       |
| train/                  |              |
|    approx_kl            | 0.0025047048 |
|    clip_fraction        | 0.0246       |
|    clip_range           | 0.2          |
|    entropy_loss         | -0.2         |
|    explained_variance   | 0.656        |
|    learning_rate        | 0.0003       |
|    loss                 | 1.6          |
|    n_updates            | 2115         |
|    policy_gradient_loss | -0.0101      |
|    value_loss           | 4.16         |
------------------------------------------
-----------------------------------------
| rollout/                |             |
|    ep_len_mean          | 11.4        |
|    ep_rew_mean          | 5.37        |
| time/                   |             |
|    fps                  | 297         |
|    iterations           | 425         |
|    time_elapsed         | 731         |
|    total_timesteps      | 217600      |
| train/                  |             |
|    approx_kl            | 0.001118392 |
|    clip_fraction        | 0.00313     |
|    clip_range           | 0.2         |
|    entropy_loss         | -0.161      |
|    explained_variance   | 0.655       |
|    learning_rate        | 0.0003      |
|    loss                 | 2.42        |
|    n_updates            | 2120        |
|    policy_gradient_loss | -0.00425    |
|    value_loss           | 6.61        |
-----------------------------------------
-------------------------------------------
| rollout/                |               |
|    ep_len_mean          | 10.8          |
|    ep_rew_mean          | 5.14          |
| time/                   |               |
|    fps                  | 297           |
|    iterations           | 426           |
|    time_elapsed         | 733           |
|    total_timesteps      | 218112        |
| train/                  |               |
|    approx_kl            | 0.00083338516 |
|    clip_fraction        | 0.0152        |
|    clip_range           | 0.2           |
|    entropy_loss         | -0.14         |
|    explained_variance   | 0.664         |
|    learning_rate        | 0.0003        |
|    loss                 | 3.98          |
|    n_updates            | 2125          |
|    policy_gradient_loss | 0.000399      |
|    value_loss           | 6.5           |
-------------------------------------------
------------------------------------------
| rollout/                |              |
|    ep_len_mean          | 8.79         |
|    ep_rew_mean          | 3.24         |
| time/                   |              |
|    fps                  | 297          |
|    iterations           | 427          |
|    time_elapsed         | 734          |
|    total_timesteps      | 218624       |
| train/                  |              |
|    approx_kl            | 0.0012565509 |
|    clip_fraction        | 0.027        |
|    clip_range           | 0.2          |
|    entropy_loss         | -0.169       |
|    explained_variance   | 0.65         |
|    learning_rate        | 0.0003       |
|    loss                 | 2.75         |
|    n_updates            | 2130         |
|    policy_gradient_loss | -0.0071      |
|    value_loss           | 5.38         |
------------------------------------------
-----------------------------------------
| rollout/                |             |
|    ep_len_mean          | 8.51        |
|    ep_rew_mean          | 2.98        |
| time/                   |             |
|    fps                  | 297         |
|    iterations           | 428         |
|    time_elapsed         | 736         |
|    total_timesteps      | 219136      |
| train/                  |             |
|    approx_kl            | 0.009126804 |
|    clip_fraction        | 0.0418      |
|    clip_range           | 0.2         |
|    entropy_loss         | -0.228      |
|    explained_variance   | 0.579       |
|    learning_rate        | 0.0003      |
|    loss                 | 1.97        |
|    n_updates            | 2135        |
|    policy_gradient_loss | 0.00404     |
|    value_loss           | 5.87        |
-----------------------------------------
------------------------------------------
| rollout/                |              |
|    ep_len_mean          | 9.17         |
|    ep_rew_mean          | 3.37         |
| time/                   |              |
|    fps                  | 297          |
|    iterations           | 429          |
|    time_elapsed         | 738          |
|    total_timesteps      | 219648       |
| train/                  |              |
|    approx_kl            | 0.0020959312 |
|    clip_fraction        | 0.0242       |
|    clip_range           | 0.2          |
|    entropy_loss         | -0.228       |
|    explained_variance   | 0.46         |
|    learning_rate        | 0.0003       |
|    loss                 | 4.19         |
|    n_updates            | 2140         |
|    policy_gradient_loss | -0.0109      |
|    value_loss           | 7.16         |
------------------------------------------
------------------------------------------
| rollout/                |              |
|    ep_len_mean          | 9.81         |
|    ep_rew_mean          | 4.05         |
| time/                   |              |
|    fps                  | 297          |
|    iterations           | 430          |
|    time_elapsed         | 739          |
|    total_timesteps      | 220160       |
| train/                  |              |
|    approx_kl            | 0.0013212818 |
|    clip_fraction        | 0.0285       |
|    clip_range           | 0.2          |
|    entropy_loss         | -0.164       |
|    explained_variance   | 0.458        |
|    learning_rate        | 0.0003       |
|    loss                 | 2.4          |
|    n_updates            | 2145         |
|    policy_gradient_loss | -0.0106      |
|    value_loss           | 6.36         |
------------------------------------------
------------------------------------------
| rollout/                |              |
|    ep_len_mean          | 10.3         |
|    ep_rew_mean          | 3.73         |
| time/                   |              |
|    fps                  | 297          |
|    iterations           | 431          |
|    time_elapsed         | 741          |
|    total_timesteps      | 220672       |
| train/                  |              |
|    approx_kl            | 0.0011006349 |
|    clip_fraction        | 0.0152       |
|    clip_range           | 0.2          |
|    entropy_loss         | -0.153       |
|    explained_variance   | 0.571        |
|    learning_rate        | 0.0003       |
|    loss                 | 2.05         |
|    n_updates            | 2150         |
|    policy_gradient_loss | -0.0055      |
|    value_loss           | 4.22         |
------------------------------------------
-----------------------------------------
| rollout/                |             |
|    ep_len_mean          | 10          |
|    ep_rew_mean          | 2.77        |
| time/                   |             |
|    fps                  | 297         |
|    iterations           | 432         |
|    time_elapsed         | 742         |
|    total_timesteps      | 221184      |
| train/                  |             |
|    approx_kl            | 0.022890726 |
|    clip_fraction        | 0.0832      |
|    clip_range           | 0.2         |
|    entropy_loss         | -0.259      |
|    explained_variance   | 0.355       |
|    learning_rate        | 0.0003      |
|    loss                 | 3.32        |
|    n_updates            | 2155        |
|    policy_gradient_loss | 0.00778     |
|    value_loss           | 6.97        |
-----------------------------------------
----------------------------------------
| rollout/                |            |
|    ep_len_mean          | 10.8       |
|    ep_rew_mean          | 4.42       |
| time/                   |            |
|    fps                  | 297        |
|    iterations           | 433        |
|    time_elapsed         | 744        |
|    total_timesteps      | 221696     |
| train/                  |            |
|    approx_kl            | 0.00297122 |
|    clip_fraction        | 0.00937    |
|    clip_range           | 0.2        |
|    entropy_loss         | -0.212     |
|    explained_variance   | 0.437      |
|    learning_rate        | 0.0003     |
|    loss                 | 2.45       |
|    n_updates            | 2160       |
|    policy_gradient_loss | 0.00187    |
|    value_loss           | 5.69       |
----------------------------------------
-------------------------------------------
| rollout/                |               |
|    ep_len_mean          | 10.9          |
|    ep_rew_mean          | 5.49          |
| time/                   |               |
|    fps                  | 297           |
|    iterations           | 434           |
|    time_elapsed         | 746           |
|    total_timesteps      | 222208        |
| train/                  |               |
|    approx_kl            | 0.00045145844 |
|    clip_fraction        | 0.00508       |
|    clip_range           | 0.2           |
|    entropy_loss         | -0.156        |
|    explained_variance   | 0.626         |
|    learning_rate        | 0.0003        |
|    loss                 | 3.06          |
|    n_updates            | 2165          |
|    policy_gradient_loss | -0.00434      |
|    value_loss           | 7.1           |
-------------------------------------------
-----------------------------------------
| rollout/                |             |
|    ep_len_mean          | 10.6        |
|    ep_rew_mean          | 4.76        |
| time/                   |             |
|    fps                  | 297         |
|    iterations           | 435         |
|    time_elapsed         | 747         |
|    total_timesteps      | 222720      |
| train/                  |             |
|    approx_kl            | 0.001646722 |
|    clip_fraction        | 0.0152      |
|    clip_range           | 0.2         |
|    entropy_loss         | -0.153      |
|    explained_variance   | 0.743       |
|    learning_rate        | 0.0003      |
|    loss                 | 1.47        |
|    n_updates            | 2170        |
|    policy_gradient_loss | -0.00558    |
|    value_loss           | 5.05        |
-----------------------------------------
-----------------------------------------
| rollout/                |             |
|    ep_len_mean          | 8.39        |
|    ep_rew_mean          | 2.88        |
| time/                   |             |
|    fps                  | 297         |
|    iterations           | 436         |
|    time_elapsed         | 749         |
|    total_timesteps      | 223232      |
| train/                  |             |
|    approx_kl            | 0.009029642 |
|    clip_fraction        | 0.0641      |
|    clip_range           | 0.2         |
|    entropy_loss         | -0.26       |
|    explained_variance   | 0.576       |
|    learning_rate        | 0.0003      |
|    loss                 | 2.15        |
|    n_updates            | 2175        |
|    policy_gradient_loss | 0.00952     |
|    value_loss           | 4.66        |
-----------------------------------------
-------------------------------------------
| rollout/                |               |
|    ep_len_mean          | 7.68          |
|    ep_rew_mean          | 3.25          |
| time/                   |               |
|    fps                  | 297           |
|    iterations           | 437           |
|    time_elapsed         | 750           |
|    total_timesteps      | 223744        |
| train/                  |               |
|    approx_kl            | 0.00073769677 |
|    clip_fraction        | 0.0148        |
|    clip_range           | 0.2           |
|    entropy_loss         | -0.23         |
|    explained_variance   | 0.602         |
|    learning_rate        | 0.0003        |
|    loss                 | 1.73          |
|    n_updates            | 2180          |
|    policy_gradient_loss | -0.00495      |
|    value_loss           | 4.61          |
-------------------------------------------
------------------------------------------
| rollout/                |              |
|    ep_len_mean          | 8.79         |
|    ep_rew_mean          | 4.14         |
| time/                   |              |
|    fps                  | 297          |
|    iterations           | 438          |
|    time_elapsed         | 752          |
|    total_timesteps      | 224256       |
| train/                  |              |
|    approx_kl            | 0.0024458612 |
|    clip_fraction        | 0.0383       |
|    clip_range           | 0.2          |
|    entropy_loss         | -0.21        |
|    explained_variance   | 0.691        |
|    learning_rate        | 0.0003       |
|    loss                 | 2.47         |
|    n_updates            | 2185         |
|    policy_gradient_loss | -0.0148      |
|    value_loss           | 4.29         |
------------------------------------------
------------------------------------------
| rollout/                |              |
|    ep_len_mean          | 8.68         |
|    ep_rew_mean          | 4.07         |
| time/                   |              |
|    fps                  | 297          |
|    iterations           | 439          |
|    time_elapsed         | 754          |
|    total_timesteps      | 224768       |
| train/                  |              |
|    approx_kl            | 0.0011350196 |
|    clip_fraction        | 0.0258       |
|    clip_range           | 0.2          |
|    entropy_loss         | -0.145       |
|    explained_variance   | 0.63         |
|    learning_rate        | 0.0003       |
|    loss                 | 3.73         |
|    n_updates            | 2190         |
|    policy_gradient_loss | -0.00927     |
|    value_loss           | 6.22         |
------------------------------------------
------------------------------------------
| rollout/                |              |
|    ep_len_mean          | 8.75         |
|    ep_rew_mean          | 3.8          |
| time/                   |              |
|    fps                  | 297          |
|    iterations           | 440          |
|    time_elapsed         | 755          |
|    total_timesteps      | 225280       |
| train/                  |              |
|    approx_kl            | 0.0012035755 |
|    clip_fraction        | 0.00977      |
|    clip_range           | 0.2          |
|    entropy_loss         | -0.159       |
|    explained_variance   | 0.745        |
|    learning_rate        | 0.0003       |
|    loss                 | 2.22         |
|    n_updates            | 2195         |
|    policy_gradient_loss | -0.00566     |
|    value_loss           | 5.24         |
------------------------------------------
------------------------------------------
| rollout/                |              |
|    ep_len_mean          | 9.78         |
|    ep_rew_mean          | 3.87         |
| time/                   |              |
|    fps                  | 298          |
|    iterations           | 441          |
|    time_elapsed         | 757          |
|    total_timesteps      | 225792       |
| train/                  |              |
|    approx_kl            | 0.0052850544 |
|    clip_fraction        | 0.0574       |
|    clip_range           | 0.2          |
|    entropy_loss         | -0.238       |
|    explained_variance   | 0.619        |
|    learning_rate        | 0.0003       |
|    loss                 | 2.38         |
|    n_updates            | 2200         |
|    policy_gradient_loss | 0.00634      |
|    value_loss           | 4.38         |
------------------------------------------
-----------------------------------------
| rollout/                |             |
|    ep_len_mean          | 10.1        |
|    ep_rew_mean          | 3.95        |
| time/                   |             |
|    fps                  | 298         |
|    iterations           | 442         |
|    time_elapsed         | 759         |
|    total_timesteps      | 226304      |
| train/                  |             |
|    approx_kl            | 0.002348102 |
|    clip_fraction        | 0.0105      |
|    clip_range           | 0.2         |
|    entropy_loss         | -0.183      |
|    explained_variance   | 0.544       |
|    learning_rate        | 0.0003      |
|    loss                 | 3.94        |
|    n_updates            | 2205        |
|    policy_gradient_loss | -0.00508    |
|    value_loss           | 7.62        |
-----------------------------------------
-------------------------------------------
| rollout/                |               |
|    ep_len_mean          | 9.54          |
|    ep_rew_mean          | 3.95          |
| time/                   |               |
|    fps                  | 298           |
|    iterations           | 443           |
|    time_elapsed         | 760           |
|    total_timesteps      | 226816        |
| train/                  |               |
|    approx_kl            | 0.00086395035 |
|    clip_fraction        | 0.00195       |
|    clip_range           | 0.2           |
|    entropy_loss         | -0.192        |
|    explained_variance   | 0.578         |
|    learning_rate        | 0.0003        |
|    loss                 | 3.32          |
|    n_updates            | 2210          |
|    policy_gradient_loss | -0.00163      |
|    value_loss           | 6.03          |
-------------------------------------------
------------------------------------------
| rollout/                |              |
|    ep_len_mean          | 9.88         |
|    ep_rew_mean          | 4.46         |
| time/                   |              |
|    fps                  | 298          |
|    iterations           | 444          |
|    time_elapsed         | 762          |
|    total_timesteps      | 227328       |
| train/                  |              |
|    approx_kl            | 0.0014577284 |
|    clip_fraction        | 0.00625      |
|    clip_range           | 0.2          |
|    entropy_loss         | -0.175       |
|    explained_variance   | 0.529        |
|    learning_rate        | 0.0003       |
|    loss                 | 5.06         |
|    n_updates            | 2215         |
|    policy_gradient_loss | -0.00264     |
|    value_loss           | 6.14         |
------------------------------------------
-----------------------------------------
| rollout/                |             |
|    ep_len_mean          | 9.87        |
|    ep_rew_mean          | 4.06        |
| time/                   |             |
|    fps                  | 298         |
|    iterations           | 445         |
|    time_elapsed         | 764         |
|    total_timesteps      | 227840      |
| train/                  |             |
|    approx_kl            | 0.002224686 |
|    clip_fraction        | 0.0262      |
|    clip_range           | 0.2         |
|    entropy_loss         | -0.176      |
|    explained_variance   | 0.686       |
|    learning_rate        | 0.0003      |
|    loss                 | 3.25        |
|    n_updates            | 2220        |
|    policy_gradient_loss | -0.00469    |
|    value_loss           | 4.7         |
-----------------------------------------
------------------------------------------
| rollout/                |              |
|    ep_len_mean          | 10.8         |
|    ep_rew_mean          | 4.31         |
| time/                   |              |
|    fps                  | 298          |
|    iterations           | 446          |
|    time_elapsed         | 765          |
|    total_timesteps      | 228352       |
| train/                  |              |
|    approx_kl            | 0.0020813176 |
|    clip_fraction        | 0.0156       |
|    clip_range           | 0.2          |
|    entropy_loss         | -0.176       |
|    explained_variance   | 0.549        |
|    learning_rate        | 0.0003       |
|    loss                 | 2.29         |
|    n_updates            | 2225         |
|    policy_gradient_loss | -0.00293     |
|    value_loss           | 6.06         |
------------------------------------------
-------------------------------------------
| rollout/                |               |
|    ep_len_mean          | 12.3          |
|    ep_rew_mean          | 5.2           |
| time/                   |               |
|    fps                  | 298           |
|    iterations           | 447           |
|    time_elapsed         | 767           |
|    total_timesteps      | 228864        |
| train/                  |               |
|    approx_kl            | 0.00027706445 |
|    clip_fraction        | 0.000781      |
|    clip_range           | 0.2           |
|    entropy_loss         | -0.154        |
|    explained_variance   | 0.586         |
|    learning_rate        | 0.0003        |
|    loss                 | 3.34          |
|    n_updates            | 2230          |
|    policy_gradient_loss | -0.0017       |
|    value_loss           | 6.3           |
-------------------------------------------
-----------------------------------------
| rollout/                |             |
|    ep_len_mean          | 11.1        |
|    ep_rew_mean          | 4.85        |
| time/                   |             |
|    fps                  | 298         |
|    iterations           | 448         |
|    time_elapsed         | 768         |
|    total_timesteps      | 229376      |
| train/                  |             |
|    approx_kl            | 0.017951578 |
|    clip_fraction        | 0.034       |
|    clip_range           | 0.2         |
|    entropy_loss         | -0.17       |
|    explained_variance   | 0.527       |
|    learning_rate        | 0.0003      |
|    loss                 | 5.12        |
|    n_updates            | 2235        |
|    policy_gradient_loss | 0.00977     |
|    value_loss           | 13.3        |
-----------------------------------------
------------------------------------------
| rollout/                |              |
|    ep_len_mean          | 9.63         |
|    ep_rew_mean          | 3.9          |
| time/                   |              |
|    fps                  | 298          |
|    iterations           | 449          |
|    time_elapsed         | 770          |
|    total_timesteps      | 229888       |
| train/                  |              |
|    approx_kl            | 0.0022401996 |
|    clip_fraction        | 0.0168       |
|    clip_range           | 0.2          |
|    entropy_loss         | -0.195       |
|    explained_variance   | 0.652        |
|    learning_rate        | 0.0003       |
|    loss                 | 2.52         |
|    n_updates            | 2240         |
|    policy_gradient_loss | -0.00807     |
|    value_loss           | 5            |
------------------------------------------
------------------------------------------
| rollout/                |              |
|    ep_len_mean          | 8.21         |
|    ep_rew_mean          | 3.23         |
| time/                   |              |
|    fps                  | 298          |
|    iterations           | 450          |
|    time_elapsed         | 772          |
|    total_timesteps      | 230400       |
| train/                  |              |
|    approx_kl            | 0.0077090566 |
|    clip_fraction        | 0.0957       |
|    clip_range           | 0.2          |
|    entropy_loss         | -0.271       |
|    explained_variance   | 0.609        |
|    learning_rate        | 0.0003       |
|    loss                 | 2.49         |
|    n_updates            | 2245         |
|    policy_gradient_loss | 0.0106       |
|    value_loss           | 7.29         |
------------------------------------------
------------------------------------------
| rollout/                |              |
|    ep_len_mean          | 7.26         |
|    ep_rew_mean          | 2.92         |
| time/                   |              |
|    fps                  | 298          |
|    iterations           | 451          |
|    time_elapsed         | 773          |
|    total_timesteps      | 230912       |
| train/                  |              |
|    approx_kl            | 0.0024168128 |
|    clip_fraction        | 0.0145       |
|    clip_range           | 0.2          |
|    entropy_loss         | -0.238       |
|    explained_variance   | 0.689        |
|    learning_rate        | 0.0003       |
|    loss                 | 1.85         |
|    n_updates            | 2250         |
|    policy_gradient_loss | 0.00186      |
|    value_loss           | 5.1          |
------------------------------------------
------------------------------------------
| rollout/                |              |
|    ep_len_mean          | 6.77         |
|    ep_rew_mean          | 2.37         |
| time/                   |              |
|    fps                  | 298          |
|    iterations           | 452          |
|    time_elapsed         | 775          |
|    total_timesteps      | 231424       |
| train/                  |              |
|    approx_kl            | 0.0026330992 |
|    clip_fraction        | 0.0258       |
|    clip_range           | 0.2          |
|    entropy_loss         | -0.293       |
|    explained_variance   | 0.671        |
|    learning_rate        | 0.0003       |
|    loss                 | 2.05         |
|    n_updates            | 2255         |
|    policy_gradient_loss | -0.0112      |
|    value_loss           | 4.08         |
------------------------------------------
------------------------------------------
| rollout/                |              |
|    ep_len_mean          | 8.56         |
|    ep_rew_mean          | 3.73         |
| time/                   |              |
|    fps                  | 298          |
|    iterations           | 453          |
|    time_elapsed         | 776          |
|    total_timesteps      | 231936       |
| train/                  |              |
|    approx_kl            | 0.0016441111 |
|    clip_fraction        | 0.0184       |
|    clip_range           | 0.2          |
|    entropy_loss         | -0.26        |
|    explained_variance   | 0.61         |
|    learning_rate        | 0.0003       |
|    loss                 | 1.99         |
|    n_updates            | 2260         |
|    policy_gradient_loss | -0.00653     |
|    value_loss           | 4.55         |
------------------------------------------
-----------------------------------------
| rollout/                |             |
|    ep_len_mean          | 9.6         |
|    ep_rew_mean          | 4.57        |
| time/                   |             |
|    fps                  | 298         |
|    iterations           | 454         |
|    time_elapsed         | 778         |
|    total_timesteps      | 232448      |
| train/                  |             |
|    approx_kl            | 0.002871306 |
|    clip_fraction        | 0.0187      |
|    clip_range           | 0.2         |
|    entropy_loss         | -0.21       |
|    explained_variance   | 0.679       |
|    learning_rate        | 0.0003      |
|    loss                 | 2.01        |
|    n_updates            | 2265        |
|    policy_gradient_loss | -0.00643    |
|    value_loss           | 4.98        |
-----------------------------------------
------------------------------------------
| rollout/                |              |
|    ep_len_mean          | 9.03         |
|    ep_rew_mean          | 3.69         |
| time/                   |              |
|    fps                  | 298          |
|    iterations           | 455          |
|    time_elapsed         | 780          |
|    total_timesteps      | 232960       |
| train/                  |              |
|    approx_kl            | 0.0015874708 |
|    clip_fraction        | 0.0117       |
|    clip_range           | 0.2          |
|    entropy_loss         | -0.165       |
|    explained_variance   | 0.788        |
|    learning_rate        | 0.0003       |
|    loss                 | 1.7          |
|    n_updates            | 2270         |
|    policy_gradient_loss | -0.00634     |
|    value_loss           | 3.85         |
------------------------------------------
------------------------------------------
| rollout/                |              |
|    ep_len_mean          | 9.49         |
|    ep_rew_mean          | 3.96         |
| time/                   |              |
|    fps                  | 298          |
|    iterations           | 456          |
|    time_elapsed         | 782          |
|    total_timesteps      | 233472       |
| train/                  |              |
|    approx_kl            | 0.0008013938 |
|    clip_fraction        | 0.032        |
|    clip_range           | 0.2          |
|    entropy_loss         | -0.218       |
|    explained_variance   | 0.403        |
|    learning_rate        | 0.0003       |
|    loss                 | 3.04         |
|    n_updates            | 2275         |
|    policy_gradient_loss | -0.00976     |
|    value_loss           | 5.53         |
------------------------------------------
-----------------------------------------
| rollout/                |             |
|    ep_len_mean          | 10.6        |
|    ep_rew_mean          | 4.71        |
| time/                   |             |
|    fps                  | 298         |
|    iterations           | 457         |
|    time_elapsed         | 783         |
|    total_timesteps      | 233984      |
| train/                  |             |
|    approx_kl            | 0.001463596 |
|    clip_fraction        | 0.0172      |
|    clip_range           | 0.2         |
|    entropy_loss         | -0.18       |
|    explained_variance   | 0.657       |
|    learning_rate        | 0.0003      |
|    loss                 | 2.33        |
|    n_updates            | 2280        |
|    policy_gradient_loss | -0.00785    |
|    value_loss           | 4.56        |
-----------------------------------------
------------------------------------------
| rollout/                |              |
|    ep_len_mean          | 11.7         |
|    ep_rew_mean          | 5.19         |
| time/                   |              |
|    fps                  | 298          |
|    iterations           | 458          |
|    time_elapsed         | 785          |
|    total_timesteps      | 234496       |
| train/                  |              |
|    approx_kl            | 0.0028443371 |
|    clip_fraction        | 0.0273       |
|    clip_range           | 0.2          |
|    entropy_loss         | -0.153       |
|    explained_variance   | 0.507        |
|    learning_rate        | 0.0003       |
|    loss                 | 1.89         |
|    n_updates            | 2285         |
|    policy_gradient_loss | -0.00852     |
|    value_loss           | 6.43         |
------------------------------------------
------------------------------------------
| rollout/                |              |
|    ep_len_mean          | 12.1         |
|    ep_rew_mean          | 5.25         |
| time/                   |              |
|    fps                  | 298          |
|    iterations           | 459          |
|    time_elapsed         | 786          |
|    total_timesteps      | 235008       |
| train/                  |              |
|    approx_kl            | 0.0011861373 |
|    clip_fraction        | 0.018        |
|    clip_range           | 0.2          |
|    entropy_loss         | -0.119       |
|    explained_variance   | 0.647        |
|    learning_rate        | 0.0003       |
|    loss                 | 2.35         |
|    n_updates            | 2290         |
|    policy_gradient_loss | -0.00525     |
|    value_loss           | 5.52         |
------------------------------------------
-------------------------------------------
| rollout/                |               |
|    ep_len_mean          | 12.4          |
|    ep_rew_mean          | 5.57          |
| time/                   |               |
|    fps                  | 298           |
|    iterations           | 460           |
|    time_elapsed         | 788           |
|    total_timesteps      | 235520        |
| train/                  |               |
|    approx_kl            | 0.00048872636 |
|    clip_fraction        | 0.00313       |
|    clip_range           | 0.2           |
|    entropy_loss         | -0.16         |
|    explained_variance   | 0.507         |
|    learning_rate        | 0.0003        |
|    loss                 | 3.86          |
|    n_updates            | 2295          |
|    policy_gradient_loss | -0.00443      |
|    value_loss           | 8.17          |
-------------------------------------------
------------------------------------------
| rollout/                |              |
|    ep_len_mean          | 12.4         |
|    ep_rew_mean          | 4.83         |
| time/                   |              |
|    fps                  | 298          |
|    iterations           | 461          |
|    time_elapsed         | 790          |
|    total_timesteps      | 236032       |
| train/                  |              |
|    approx_kl            | 0.0013017263 |
|    clip_fraction        | 0.0195       |
|    clip_range           | 0.2          |
|    entropy_loss         | -0.147       |
|    explained_variance   | 0.599        |
|    learning_rate        | 0.0003       |
|    loss                 | 3.03         |
|    n_updates            | 2300         |
|    policy_gradient_loss | -0.00699     |
|    value_loss           | 5.68         |
------------------------------------------
-----------------------------------------
| rollout/                |             |
|    ep_len_mean          | 12.8        |
|    ep_rew_mean          | 4.88        |
| time/                   |             |
|    fps                  | 298         |
|    iterations           | 462         |
|    time_elapsed         | 791         |
|    total_timesteps      | 236544      |
| train/                  |             |
|    approx_kl            | 0.042882983 |
|    clip_fraction        | 0.0902      |
|    clip_range           | 0.2         |
|    entropy_loss         | -0.263      |
|    explained_variance   | 0.286       |
|    learning_rate        | 0.0003      |
|    loss                 | 7.68        |
|    n_updates            | 2305        |
|    policy_gradient_loss | 0.00628     |
|    value_loss           | 14.3        |
-----------------------------------------
------------------------------------------
| rollout/                |              |
|    ep_len_mean          | 12.2         |
|    ep_rew_mean          | 5.29         |
| time/                   |              |
|    fps                  | 298          |
|    iterations           | 463          |
|    time_elapsed         | 793          |
|    total_timesteps      | 237056       |
| train/                  |              |
|    approx_kl            | 0.0006875385 |
|    clip_fraction        | 0.0145       |
|    clip_range           | 0.2          |
|    entropy_loss         | -0.188       |
|    explained_variance   | 0.578        |
|    learning_rate        | 0.0003       |
|    loss                 | 3.29         |
|    n_updates            | 2310         |
|    policy_gradient_loss | -0.00477     |
|    value_loss           | 5.95         |
------------------------------------------
------------------------------------------
| rollout/                |              |
|    ep_len_mean          | 10.2         |
|    ep_rew_mean          | 4.75         |
| time/                   |              |
|    fps                  | 298          |
|    iterations           | 464          |
|    time_elapsed         | 794          |
|    total_timesteps      | 237568       |
| train/                  |              |
|    approx_kl            | 0.0016359338 |
|    clip_fraction        | 0.0156       |
|    clip_range           | 0.2          |
|    entropy_loss         | -0.191       |
|    explained_variance   | 0.49         |
|    learning_rate        | 0.0003       |
|    loss                 | 3.56         |
|    n_updates            | 2315         |
|    policy_gradient_loss | -0.00926     |
|    value_loss           | 8.39         |
------------------------------------------
------------------------------------------
| rollout/                |              |
|    ep_len_mean          | 8.7          |
|    ep_rew_mean          | 3.54         |
| time/                   |              |
|    fps                  | 298          |
|    iterations           | 465          |
|    time_elapsed         | 796          |
|    total_timesteps      | 238080       |
| train/                  |              |
|    approx_kl            | 0.0012865094 |
|    clip_fraction        | 0.0223       |
|    clip_range           | 0.2          |
|    entropy_loss         | -0.184       |
|    explained_variance   | 0.593        |
|    learning_rate        | 0.0003       |
|    loss                 | 2.19         |
|    n_updates            | 2320         |
|    policy_gradient_loss | -0.00816     |
|    value_loss           | 4.92         |
------------------------------------------
------------------------------------------
| rollout/                |              |
|    ep_len_mean          | 9.93         |
|    ep_rew_mean          | 3.76         |
| time/                   |              |
|    fps                  | 298          |
|    iterations           | 466          |
|    time_elapsed         | 798          |
|    total_timesteps      | 238592       |
| train/                  |              |
|    approx_kl            | 0.0012921576 |
|    clip_fraction        | 0.0176       |
|    clip_range           | 0.2          |
|    entropy_loss         | -0.219       |
|    explained_variance   | 0.608        |
|    learning_rate        | 0.0003       |
|    loss                 | 2.29         |
|    n_updates            | 2325         |
|    policy_gradient_loss | -0.00528     |
|    value_loss           | 6.32         |
------------------------------------------
------------------------------------------
| rollout/                |              |
|    ep_len_mean          | 10.3         |
|    ep_rew_mean          | 3.94         |
| time/                   |              |
|    fps                  | 299          |
|    iterations           | 467          |
|    time_elapsed         | 799          |
|    total_timesteps      | 239104       |
| train/                  |              |
|    approx_kl            | 0.0145981675 |
|    clip_fraction        | 0.0949       |
|    clip_range           | 0.2          |
|    entropy_loss         | -0.27        |
|    explained_variance   | 0.536        |
|    learning_rate        | 0.0003       |
|    loss                 | 2.55         |
|    n_updates            | 2330         |
|    policy_gradient_loss | 0.00648      |
|    value_loss           | 7.46         |
------------------------------------------
------------------------------------------
| rollout/                |              |
|    ep_len_mean          | 9.01         |
|    ep_rew_mean          | 3.63         |
| time/                   |              |
|    fps                  | 299          |
|    iterations           | 468          |
|    time_elapsed         | 801          |
|    total_timesteps      | 239616       |
| train/                  |              |
|    approx_kl            | 0.0039366805 |
|    clip_fraction        | 0.0391       |
|    clip_range           | 0.2          |
|    entropy_loss         | -0.193       |
|    explained_variance   | 0.628        |
|    learning_rate        | 0.0003       |
|    loss                 | 1.87         |
|    n_updates            | 2335         |
|    policy_gradient_loss | -0.0102      |
|    value_loss           | 4.67         |
------------------------------------------
------------------------------------------
| rollout/                |              |
|    ep_len_mean          | 8.36         |
|    ep_rew_mean          | 2.66         |
| time/                   |              |
|    fps                  | 299          |
|    iterations           | 469          |
|    time_elapsed         | 802          |
|    total_timesteps      | 240128       |
| train/                  |              |
|    approx_kl            | 0.0007902168 |
|    clip_fraction        | 0.0203       |
|    clip_range           | 0.2          |
|    entropy_loss         | -0.232       |
|    explained_variance   | 0.631        |
|    learning_rate        | 0.0003       |
|    loss                 | 1.62         |
|    n_updates            | 2340         |
|    policy_gradient_loss | 0.00469      |
|    value_loss           | 5.11         |
------------------------------------------
-----------------------------------------
| rollout/                |             |
|    ep_len_mean          | 9.39        |
|    ep_rew_mean          | 3.44        |
| time/                   |             |
|    fps                  | 299         |
|    iterations           | 470         |
|    time_elapsed         | 804         |
|    total_timesteps      | 240640      |
| train/                  |             |
|    approx_kl            | 0.002123591 |
|    clip_fraction        | 0.0109      |
|    clip_range           | 0.2         |
|    entropy_loss         | -0.238      |
|    explained_variance   | 0.517       |
|    learning_rate        | 0.0003      |
|    loss                 | 2.4         |
|    n_updates            | 2345        |
|    policy_gradient_loss | -0.00136    |
|    value_loss           | 5.82        |
-----------------------------------------
-------------------------------------------
| rollout/                |               |
|    ep_len_mean          | 9.89          |
|    ep_rew_mean          | 3.92          |
| time/                   |               |
|    fps                  | 299           |
|    iterations           | 471           |
|    time_elapsed         | 806           |
|    total_timesteps      | 241152        |
| train/                  |               |
|    approx_kl            | 0.00074515125 |
|    clip_fraction        | 0.00664       |
|    clip_range           | 0.2           |
|    entropy_loss         | -0.183        |
|    explained_variance   | 0.542         |
|    learning_rate        | 0.0003        |
|    loss                 | 1.83          |
|    n_updates            | 2350          |
|    policy_gradient_loss | -0.00147      |
|    value_loss           | 5.4           |
-------------------------------------------
------------------------------------------
| rollout/                |              |
|    ep_len_mean          | 9.21         |
|    ep_rew_mean          | 3.45         |
| time/                   |              |
|    fps                  | 299          |
|    iterations           | 472          |
|    time_elapsed         | 807          |
|    total_timesteps      | 241664       |
| train/                  |              |
|    approx_kl            | 0.0030685086 |
|    clip_fraction        | 0.0301       |
|    clip_range           | 0.2          |
|    entropy_loss         | -0.187       |
|    explained_variance   | 0.415        |
|    learning_rate        | 0.0003       |
|    loss                 | 2.87         |
|    n_updates            | 2355         |
|    policy_gradient_loss | -0.0109      |
|    value_loss           | 6.24         |
------------------------------------------
------------------------------------------
| rollout/                |              |
|    ep_len_mean          | 9.72         |
|    ep_rew_mean          | 3.85         |
| time/                   |              |
|    fps                  | 299          |
|    iterations           | 473          |
|    time_elapsed         | 809          |
|    total_timesteps      | 242176       |
| train/                  |              |
|    approx_kl            | 0.0019804342 |
|    clip_fraction        | 0.0121       |
|    clip_range           | 0.2          |
|    entropy_loss         | -0.187       |
|    explained_variance   | 0.55         |
|    learning_rate        | 0.0003       |
|    loss                 | 2.72         |
|    n_updates            | 2360         |
|    policy_gradient_loss | -7.89e-05    |
|    value_loss           | 5.61         |
------------------------------------------
-----------------------------------------
| rollout/                |             |
|    ep_len_mean          | 11.2        |
|    ep_rew_mean          | 5.07        |
| time/                   |             |
|    fps                  | 299         |
|    iterations           | 474         |
|    time_elapsed         | 811         |
|    total_timesteps      | 242688      |
| train/                  |             |
|    approx_kl            | 0.009326816 |
|    clip_fraction        | 0.027       |
|    clip_range           | 0.2         |
|    entropy_loss         | -0.202      |
|    explained_variance   | 0.595       |
|    learning_rate        | 0.0003      |
|    loss                 | 1.61        |
|    n_updates            | 2365        |
|    policy_gradient_loss | 0.00364     |
|    value_loss           | 5.39        |
-----------------------------------------
------------------------------------------
| rollout/                |              |
|    ep_len_mean          | 10.8         |
|    ep_rew_mean          | 4.91         |
| time/                   |              |
|    fps                  | 299          |
|    iterations           | 475          |
|    time_elapsed         | 812          |
|    total_timesteps      | 243200       |
| train/                  |              |
|    approx_kl            | 0.0018490546 |
|    clip_fraction        | 0.0312       |
|    clip_range           | 0.2          |
|    entropy_loss         | -0.142       |
|    explained_variance   | 0.572        |
|    learning_rate        | 0.0003       |
|    loss                 | 3.24         |
|    n_updates            | 2370         |
|    policy_gradient_loss | -0.0105      |
|    value_loss           | 7.23         |
------------------------------------------
------------------------------------------
| rollout/                |              |
|    ep_len_mean          | 10.4         |
|    ep_rew_mean          | 4.24         |
| time/                   |              |
|    fps                  | 299          |
|    iterations           | 476          |
|    time_elapsed         | 814          |
|    total_timesteps      | 243712       |
| train/                  |              |
|    approx_kl            | 0.0007937431 |
|    clip_fraction        | 0.00273      |
|    clip_range           | 0.2          |
|    entropy_loss         | -0.169       |
|    explained_variance   | 0.616        |
|    learning_rate        | 0.0003       |
|    loss                 | 3.56         |
|    n_updates            | 2375         |
|    policy_gradient_loss | -0.00595     |
|    value_loss           | 7.26         |
------------------------------------------
-----------------------------------------
| rollout/                |             |
|    ep_len_mean          | 10.6        |
|    ep_rew_mean          | 4.14        |
| time/                   |             |
|    fps                  | 299         |
|    iterations           | 477         |
|    time_elapsed         | 815         |
|    total_timesteps      | 244224      |
| train/                  |             |
|    approx_kl            | 0.001257767 |
|    clip_fraction        | 0.00977     |
|    clip_range           | 0.2         |
|    entropy_loss         | -0.192      |
|    explained_variance   | 0.465       |
|    learning_rate        | 0.0003      |
|    loss                 | 2.2         |
|    n_updates            | 2380        |
|    policy_gradient_loss | -0.00424    |
|    value_loss           | 6.99        |
-----------------------------------------
------------------------------------------
| rollout/                |              |
|    ep_len_mean          | 11           |
|    ep_rew_mean          | 4.33         |
| time/                   |              |
|    fps                  | 299          |
|    iterations           | 478          |
|    time_elapsed         | 817          |
|    total_timesteps      | 244736       |
| train/                  |              |
|    approx_kl            | 0.0006009744 |
|    clip_fraction        | 0.0109       |
|    clip_range           | 0.2          |
|    entropy_loss         | -0.203       |
|    explained_variance   | 0.458        |
|    learning_rate        | 0.0003       |
|    loss                 | 2.27         |
|    n_updates            | 2385         |
|    policy_gradient_loss | -0.00773     |
|    value_loss           | 4.71         |
------------------------------------------
------------------------------------------
| rollout/                |              |
|    ep_len_mean          | 10.1         |
|    ep_rew_mean          | 3.55         |
| time/                   |              |
|    fps                  | 299          |
|    iterations           | 479          |
|    time_elapsed         | 818          |
|    total_timesteps      | 245248       |
| train/                  |              |
|    approx_kl            | 0.0004882984 |
|    clip_fraction        | 0.00352      |
|    clip_range           | 0.2          |
|    entropy_loss         | -0.197       |
|    explained_variance   | 0.651        |
|    learning_rate        | 0.0003       |
|    loss                 | 3.5          |
|    n_updates            | 2390         |
|    policy_gradient_loss | -0.00466     |
|    value_loss           | 4.78         |
------------------------------------------
------------------------------------------
| rollout/                |              |
|    ep_len_mean          | 10.2         |
|    ep_rew_mean          | 3.69         |
| time/                   |              |
|    fps                  | 299          |
|    iterations           | 480          |
|    time_elapsed         | 820          |
|    total_timesteps      | 245760       |
| train/                  |              |
|    approx_kl            | 0.0005770406 |
|    clip_fraction        | 0.0043       |
|    clip_range           | 0.2          |
|    entropy_loss         | -0.235       |
|    explained_variance   | 0.569        |
|    learning_rate        | 0.0003       |
|    loss                 | 2.92         |
|    n_updates            | 2395         |
|    policy_gradient_loss | 0.00103      |
|    value_loss           | 5.5          |
------------------------------------------
------------------------------------------
| rollout/                |              |
|    ep_len_mean          | 11.1         |
|    ep_rew_mean          | 4.56         |
| time/                   |              |
|    fps                  | 299          |
|    iterations           | 481          |
|    time_elapsed         | 822          |
|    total_timesteps      | 246272       |
| train/                  |              |
|    approx_kl            | 0.0023532787 |
|    clip_fraction        | 0.0441       |
|    clip_range           | 0.2          |
|    entropy_loss         | -0.216       |
|    explained_variance   | 0.714        |
|    learning_rate        | 0.0003       |
|    loss                 | 1.73         |
|    n_updates            | 2400         |
|    policy_gradient_loss | 0.00294      |
|    value_loss           | 4.81         |
------------------------------------------
------------------------------------------
| rollout/                |              |
|    ep_len_mean          | 11.3         |
|    ep_rew_mean          | 4.67         |
| time/                   |              |
|    fps                  | 299          |
|    iterations           | 482          |
|    time_elapsed         | 823          |
|    total_timesteps      | 246784       |
| train/                  |              |
|    approx_kl            | 0.0008138204 |
|    clip_fraction        | 0.00508      |
|    clip_range           | 0.2          |
|    entropy_loss         | -0.176       |
|    explained_variance   | 0.617        |
|    learning_rate        | 0.0003       |
|    loss                 | 2.14         |
|    n_updates            | 2405         |
|    policy_gradient_loss | -0.00441     |
|    value_loss           | 5.29         |
------------------------------------------
------------------------------------------
| rollout/                |              |
|    ep_len_mean          | 9.51         |
|    ep_rew_mean          | 3.14         |
| time/                   |              |
|    fps                  | 299          |
|    iterations           | 483          |
|    time_elapsed         | 825          |
|    total_timesteps      | 247296       |
| train/                  |              |
|    approx_kl            | 0.0036983858 |
|    clip_fraction        | 0.00937      |
|    clip_range           | 0.2          |
|    entropy_loss         | -0.17        |
|    explained_variance   | 0.596        |
|    learning_rate        | 0.0003       |
|    loss                 | 3.73         |
|    n_updates            | 2410         |
|    policy_gradient_loss | 7.56e-05     |
|    value_loss           | 7.13         |
------------------------------------------
----------------------------------------
| rollout/                |            |
|    ep_len_mean          | 8.14       |
|    ep_rew_mean          | 3.1        |
| time/                   |            |
|    fps                  | 299        |
|    iterations           | 484        |
|    time_elapsed         | 827        |
|    total_timesteps      | 247808     |
| train/                  |            |
|    approx_kl            | 0.01532618 |
|    clip_fraction        | 0.0945     |
|    clip_range           | 0.2        |
|    entropy_loss         | -0.281     |
|    explained_variance   | 0.541      |
|    learning_rate        | 0.0003     |
|    loss                 | 4.78       |
|    n_updates            | 2415       |
|    policy_gradient_loss | 0.0118     |
|    value_loss           | 8.97       |
----------------------------------------
------------------------------------------
| rollout/                |              |
|    ep_len_mean          | 7.76         |
|    ep_rew_mean          | 3.27         |
| time/                   |              |
|    fps                  | 299          |
|    iterations           | 485          |
|    time_elapsed         | 828          |
|    total_timesteps      | 248320       |
| train/                  |              |
|    approx_kl            | 0.0014809924 |
|    clip_fraction        | 0.0125       |
|    clip_range           | 0.2          |
|    entropy_loss         | -0.212       |
|    explained_variance   | 0.672        |
|    learning_rate        | 0.0003       |
|    loss                 | 2.88         |
|    n_updates            | 2420         |
|    policy_gradient_loss | -0.00858     |
|    value_loss           | 5.71         |
------------------------------------------
------------------------------------------
| rollout/                |              |
|    ep_len_mean          | 7.15         |
|    ep_rew_mean          | 2.38         |
| time/                   |              |
|    fps                  | 299          |
|    iterations           | 486          |
|    time_elapsed         | 830          |
|    total_timesteps      | 248832       |
| train/                  |              |
|    approx_kl            | 0.0021381758 |
|    clip_fraction        | 0.0266       |
|    clip_range           | 0.2          |
|    entropy_loss         | -0.187       |
|    explained_variance   | 0.548        |
|    learning_rate        | 0.0003       |
|    loss                 | 2.47         |
|    n_updates            | 2425         |
|    policy_gradient_loss | -0.00844     |
|    value_loss           | 6.89         |
------------------------------------------
-------------------------------------------
| rollout/                |               |
|    ep_len_mean          | 8.51          |
|    ep_rew_mean          | 3.44          |
| time/                   |               |
|    fps                  | 299           |
|    iterations           | 487           |
|    time_elapsed         | 831           |
|    total_timesteps      | 249344        |
| train/                  |               |
|    approx_kl            | 0.00032929936 |
|    clip_fraction        | 0.00391       |
|    clip_range           | 0.2           |
|    entropy_loss         | -0.244        |
|    explained_variance   | 0.62          |
|    learning_rate        | 0.0003        |
|    loss                 | 3.77          |
|    n_updates            | 2430          |
|    policy_gradient_loss | -0.00165      |
|    value_loss           | 5.89          |
-------------------------------------------
------------------------------------------
| rollout/                |              |
|    ep_len_mean          | 9.91         |
|    ep_rew_mean          | 4.59         |
| time/                   |              |
|    fps                  | 299          |
|    iterations           | 488          |
|    time_elapsed         | 833          |
|    total_timesteps      | 249856       |
| train/                  |              |
|    approx_kl            | 0.0017361694 |
|    clip_fraction        | 0.0359       |
|    clip_range           | 0.2          |
|    entropy_loss         | -0.143       |
|    explained_variance   | 0.502        |
|    learning_rate        | 0.0003       |
|    loss                 | 3.05         |
|    n_updates            | 2435         |
|    policy_gradient_loss | -0.00904     |
|    value_loss           | 5.74         |
------------------------------------------
------------------------------------------
| rollout/                |              |
|    ep_len_mean          | 11.2         |
|    ep_rew_mean          | 5.07         |
| time/                   |              |
|    fps                  | 299          |
|    iterations           | 489          |
|    time_elapsed         | 835          |
|    total_timesteps      | 250368       |
| train/                  |              |
|    approx_kl            | 0.0012186104 |
|    clip_fraction        | 0.00977      |
|    clip_range           | 0.2          |
|    entropy_loss         | -0.172       |
|    explained_variance   | 0.731        |
|    learning_rate        | 0.0003       |
|    loss                 | 2.06         |
|    n_updates            | 2440         |
|    policy_gradient_loss | 0.000113     |
|    value_loss           | 3.77         |
------------------------------------------
-------------------------------------------
| rollout/                |               |
|    ep_len_mean          | 11.8          |
|    ep_rew_mean          | 5.59          |
| time/                   |               |
|    fps                  | 299           |
|    iterations           | 490           |
|    time_elapsed         | 836           |
|    total_timesteps      | 250880        |
| train/                  |               |
|    approx_kl            | 0.00075739186 |
|    clip_fraction        | 0.0199        |
|    clip_range           | 0.2           |
|    entropy_loss         | -0.173        |
|    explained_variance   | 0.619         |
|    learning_rate        | 0.0003        |
|    loss                 | 2.98          |
|    n_updates            | 2445          |
|    policy_gradient_loss | -0.00717      |
|    value_loss           | 8.37          |
-------------------------------------------
-------------------------------------------
| rollout/                |               |
|    ep_len_mean          | 13.5          |
|    ep_rew_mean          | 6.58          |
| time/                   |               |
|    fps                  | 299           |
|    iterations           | 491           |
|    time_elapsed         | 838           |
|    total_timesteps      | 251392        |
| train/                  |               |
|    approx_kl            | 0.00033928693 |
|    clip_fraction        | 0.00508       |
|    clip_range           | 0.2           |
|    entropy_loss         | -0.129        |
|    explained_variance   | 0.655         |
|    learning_rate        | 0.0003        |
|    loss                 | 2.84          |
|    n_updates            | 2450          |
|    policy_gradient_loss | -0.00121      |
|    value_loss           | 6.3           |
-------------------------------------------
-------------------------------------------
| rollout/                |               |
|    ep_len_mean          | 12.3          |
|    ep_rew_mean          | 6.07          |
| time/                   |               |
|    fps                  | 299           |
|    iterations           | 492           |
|    time_elapsed         | 839           |
|    total_timesteps      | 251904        |
| train/                  |               |
|    approx_kl            | 0.00050739077 |
|    clip_fraction        | 0.00273       |
|    clip_range           | 0.2           |
|    entropy_loss         | -0.121        |
|    explained_variance   | 0.735         |
|    learning_rate        | 0.0003        |
|    loss                 | 4.39          |
|    n_updates            | 2455          |
|    policy_gradient_loss | -0.0013       |
|    value_loss           | 8.66          |
-------------------------------------------
------------------------------------------
| rollout/                |              |
|    ep_len_mean          | 11.5         |
|    ep_rew_mean          | 5            |
| time/                   |              |
|    fps                  | 299          |
|    iterations           | 493          |
|    time_elapsed         | 841          |
|    total_timesteps      | 252416       |
| train/                  |              |
|    approx_kl            | 0.0022541217 |
|    clip_fraction        | 0.0434       |
|    clip_range           | 0.2          |
|    entropy_loss         | -0.16        |
|    explained_variance   | 0.718        |
|    learning_rate        | 0.0003       |
|    loss                 | 2.86         |
|    n_updates            | 2460         |
|    policy_gradient_loss | -0.00832     |
|    value_loss           | 6.17         |
------------------------------------------
-------------------------------------------
| rollout/                |               |
|    ep_len_mean          | 11.8          |
|    ep_rew_mean          | 4.87          |
| time/                   |               |
|    fps                  | 299           |
|    iterations           | 494           |
|    time_elapsed         | 843           |
|    total_timesteps      | 252928        |
| train/                  |               |
|    approx_kl            | 0.00068357674 |
|    clip_fraction        | 0.0105        |
|    clip_range           | 0.2           |
|    entropy_loss         | -0.159        |
|    explained_variance   | 0.641         |
|    learning_rate        | 0.0003        |
|    loss                 | 2.42          |
|    n_updates            | 2465          |
|    policy_gradient_loss | 0.000434      |
|    value_loss           | 5.7           |
-------------------------------------------
------------------------------------------
| rollout/                |              |
|    ep_len_mean          | 11.8         |
|    ep_rew_mean          | 4.47         |
| time/                   |              |
|    fps                  | 299          |
|    iterations           | 495          |
|    time_elapsed         | 844          |
|    total_timesteps      | 253440       |
| train/                  |              |
|    approx_kl            | 0.0010440634 |
|    clip_fraction        | 0.0113       |
|    clip_range           | 0.2          |
|    entropy_loss         | -0.156       |
|    explained_variance   | 0.604        |
|    learning_rate        | 0.0003       |
|    loss                 | 2.89         |
|    n_updates            | 2470         |
|    policy_gradient_loss | -0.00558     |
|    value_loss           | 7.41         |
------------------------------------------
------------------------------------------
| rollout/                |              |
|    ep_len_mean          | 10.9         |
|    ep_rew_mean          | 3.86         |
| time/                   |              |
|    fps                  | 299          |
|    iterations           | 496          |
|    time_elapsed         | 846          |
|    total_timesteps      | 253952       |
| train/                  |              |
|    approx_kl            | 0.0009289305 |
|    clip_fraction        | 0.0156       |
|    clip_range           | 0.2          |
|    entropy_loss         | -0.138       |
|    explained_variance   | 0.415        |
|    learning_rate        | 0.0003       |
|    loss                 | 2.28         |
|    n_updates            | 2475         |
|    policy_gradient_loss | 0.00134      |
|    value_loss           | 7.52         |
------------------------------------------
-----------------------------------------
| rollout/                |             |
|    ep_len_mean          | 11.1        |
|    ep_rew_mean          | 4.38        |
| time/                   |             |
|    fps                  | 300         |
|    iterations           | 497         |
|    time_elapsed         | 848         |
|    total_timesteps      | 254464      |
| train/                  |             |
|    approx_kl            | 0.005413357 |
|    clip_fraction        | 0.0238      |
|    clip_range           | 0.2         |
|    entropy_loss         | -0.19       |
|    explained_variance   | 0.434       |
|    learning_rate        | 0.0003      |
|    loss                 | 2.79        |
|    n_updates            | 2480        |
|    policy_gradient_loss | 0.00069     |
|    value_loss           | 7.78        |
-----------------------------------------
------------------------------------------
| rollout/                |              |
|    ep_len_mean          | 11.2         |
|    ep_rew_mean          | 4.51         |
| time/                   |              |
|    fps                  | 300          |
|    iterations           | 498          |
|    time_elapsed         | 849          |
|    total_timesteps      | 254976       |
| train/                  |              |
|    approx_kl            | 0.0022142176 |
|    clip_fraction        | 0.0242       |
|    clip_range           | 0.2          |
|    entropy_loss         | -0.145       |
|    explained_variance   | 0.582        |
|    learning_rate        | 0.0003       |
|    loss                 | 4.15         |
|    n_updates            | 2485         |
|    policy_gradient_loss | 0.00054      |
|    value_loss           | 6.17         |
------------------------------------------
----------------------------------------
| rollout/                |            |
|    ep_len_mean          | 9.88       |
|    ep_rew_mean          | 3.98       |
| time/                   |            |
|    fps                  | 299        |
|    iterations           | 499        |
|    time_elapsed         | 851        |
|    total_timesteps      | 255488     |
| train/                  |            |
|    approx_kl            | 0.00169471 |
|    clip_fraction        | 0.00859    |
|    clip_range           | 0.2        |
|    entropy_loss         | -0.156     |
|    explained_variance   | 0.639      |
|    learning_rate        | 0.0003     |
|    loss                 | 4.96       |
|    n_updates            | 2490       |
|    policy_gradient_loss | -0.00537   |
|    value_loss           | 7.38       |
----------------------------------------
-------------------------------------------
| rollout/                |               |
|    ep_len_mean          | 10.1          |
|    ep_rew_mean          | 4.54          |
| time/                   |               |
|    fps                  | 300           |
|    iterations           | 500           |
|    time_elapsed         | 853           |
|    total_timesteps      | 256000        |
| train/                  |               |
|    approx_kl            | 0.00076608063 |
|    clip_fraction        | 0.00391       |
|    clip_range           | 0.2           |
|    entropy_loss         | -0.169        |
|    explained_variance   | 0.522         |
|    learning_rate        | 0.0003        |
|    loss                 | 4.73          |
|    n_updates            | 2495          |
|    policy_gradient_loss | -0.000919     |
|    value_loss           | 6.93          |
-------------------------------------------
------------------------------------------
| rollout/                |              |
|    ep_len_mean          | 9.74         |
|    ep_rew_mean          | 4.18         |
| time/                   |              |
|    fps                  | 300          |
|    iterations           | 501          |
|    time_elapsed         | 854          |
|    total_timesteps      | 256512       |
| train/                  |              |
|    approx_kl            | 0.0002044802 |
|    clip_fraction        | 0.00977      |
|    clip_range           | 0.2          |
|    entropy_loss         | -0.164       |
|    explained_variance   | 0.715        |
|    learning_rate        | 0.0003       |
|    loss                 | 1.73         |
|    n_updates            | 2500         |
|    policy_gradient_loss | -0.00323     |
|    value_loss           | 5.41         |
------------------------------------------
------------------------------------------
| rollout/                |              |
|    ep_len_mean          | 8.85         |
|    ep_rew_mean          | 3.89         |
| time/                   |              |
|    fps                  | 300          |
|    iterations           | 502          |
|    time_elapsed         | 856          |
|    total_timesteps      | 257024       |
| train/                  |              |
|    approx_kl            | 0.0027041645 |
|    clip_fraction        | 0.0137       |
|    clip_range           | 0.2          |
|    entropy_loss         | -0.208       |
|    explained_variance   | 0.535        |
|    learning_rate        | 0.0003       |
|    loss                 | 2.53         |
|    n_updates            | 2505         |
|    policy_gradient_loss | -0.000549    |
|    value_loss           | 6.02         |
------------------------------------------
------------------------------------------
| rollout/                |              |
|    ep_len_mean          | 9.84         |
|    ep_rew_mean          | 4.69         |
| time/                   |              |
|    fps                  | 300          |
|    iterations           | 503          |
|    time_elapsed         | 858          |
|    total_timesteps      | 257536       |
| train/                  |              |
|    approx_kl            | 0.0033448806 |
|    clip_fraction        | 0.0227       |
|    clip_range           | 0.2          |
|    entropy_loss         | -0.191       |
|    explained_variance   | 0.506        |
|    learning_rate        | 0.0003       |
|    loss                 | 2.6          |
|    n_updates            | 2510         |
|    policy_gradient_loss | -0.0066      |
|    value_loss           | 6.83         |
------------------------------------------
------------------------------------------
| rollout/                |              |
|    ep_len_mean          | 9.81         |
|    ep_rew_mean          | 4.27         |
| time/                   |              |
|    fps                  | 300          |
|    iterations           | 504          |
|    time_elapsed         | 859          |
|    total_timesteps      | 258048       |
| train/                  |              |
|    approx_kl            | 0.0038573598 |
|    clip_fraction        | 0.0328       |
|    clip_range           | 0.2          |
|    entropy_loss         | -0.125       |
|    explained_variance   | 0.752        |
|    learning_rate        | 0.0003       |
|    loss                 | 4.22         |
|    n_updates            | 2515         |
|    policy_gradient_loss | -0.00589     |
|    value_loss           | 5.68         |
------------------------------------------
------------------------------------------
| rollout/                |              |
|    ep_len_mean          | 9.53         |
|    ep_rew_mean          | 3.22         |
| time/                   |              |
|    fps                  | 300          |
|    iterations           | 505          |
|    time_elapsed         | 861          |
|    total_timesteps      | 258560       |
| train/                  |              |
|    approx_kl            | 0.0021293445 |
|    clip_fraction        | 0.0477       |
|    clip_range           | 0.2          |
|    entropy_loss         | -0.227       |
|    explained_variance   | 0.785        |
|    learning_rate        | 0.0003       |
|    loss                 | 2.76         |
|    n_updates            | 2520         |
|    policy_gradient_loss | 0.004        |
|    value_loss           | 4.53         |
------------------------------------------
----------------------------------------
| rollout/                |            |
|    ep_len_mean          | 9.27       |
|    ep_rew_mean          | 3.55       |
| time/                   |            |
|    fps                  | 300        |
|    iterations           | 506        |
|    time_elapsed         | 863        |
|    total_timesteps      | 259072     |
| train/                  |            |
|    approx_kl            | 0.01245428 |
|    clip_fraction        | 0.0879     |
|    clip_range           | 0.2        |
|    entropy_loss         | -0.262     |
|    explained_variance   | 0.517      |
|    learning_rate        | 0.0003     |
|    loss                 | 3.59       |
|    n_updates            | 2525       |
|    policy_gradient_loss | 0.00552    |
|    value_loss           | 8.57       |
----------------------------------------
------------------------------------------
| rollout/                |              |
|    ep_len_mean          | 8.62         |
|    ep_rew_mean          | 3.76         |
| time/                   |              |
|    fps                  | 300          |
|    iterations           | 507          |
|    time_elapsed         | 864          |
|    total_timesteps      | 259584       |
| train/                  |              |
|    approx_kl            | 0.0055128727 |
|    clip_fraction        | 0.0312       |
|    clip_range           | 0.2          |
|    entropy_loss         | -0.19        |
|    explained_variance   | 0.598        |
|    learning_rate        | 0.0003       |
|    loss                 | 3.18         |
|    n_updates            | 2530         |
|    policy_gradient_loss | -0.00785     |
|    value_loss           | 4.99         |
------------------------------------------
------------------------------------------
| rollout/                |              |
|    ep_len_mean          | 9.92         |
|    ep_rew_mean          | 4.08         |
| time/                   |              |
|    fps                  | 300          |
|    iterations           | 508          |
|    time_elapsed         | 866          |
|    total_timesteps      | 260096       |
| train/                  |              |
|    approx_kl            | 0.0041054124 |
|    clip_fraction        | 0.0109       |
|    clip_range           | 0.2          |
|    entropy_loss         | -0.175       |
|    explained_variance   | 0.662        |
|    learning_rate        | 0.0003       |
|    loss                 | 2.42         |
|    n_updates            | 2535         |
|    policy_gradient_loss | -0.00198     |
|    value_loss           | 5.08         |
------------------------------------------
-----------------------------------------
| rollout/                |             |
|    ep_len_mean          | 8.13        |
|    ep_rew_mean          | 3.49        |
| time/                   |             |
|    fps                  | 300         |
|    iterations           | 509         |
|    time_elapsed         | 868         |
|    total_timesteps      | 260608      |
| train/                  |             |
|    approx_kl            | 0.015236696 |
|    clip_fraction        | 0.0883      |
|    clip_range           | 0.2         |
|    entropy_loss         | -0.237      |
|    explained_variance   | 0.631       |
|    learning_rate        | 0.0003      |
|    loss                 | 2.8         |
|    n_updates            | 2540        |
|    policy_gradient_loss | 0.00898     |
|    value_loss           | 5.63        |
-----------------------------------------
------------------------------------------
| rollout/                |              |
|    ep_len_mean          | 7.28         |
|    ep_rew_mean          | 2.87         |
| time/                   |              |
|    fps                  | 300          |
|    iterations           | 510          |
|    time_elapsed         | 869          |
|    total_timesteps      | 261120       |
| train/                  |              |
|    approx_kl            | 0.0002737061 |
|    clip_fraction        | 0.0234       |
|    clip_range           | 0.2          |
|    entropy_loss         | -0.211       |
|    explained_variance   | 0.731        |
|    learning_rate        | 0.0003       |
|    loss                 | 1.52         |
|    n_updates            | 2545         |
|    policy_gradient_loss | -0.00762     |
|    value_loss           | 4.28         |
------------------------------------------
------------------------------------------
| rollout/                |              |
|    ep_len_mean          | 8.42         |
|    ep_rew_mean          | 3.28         |
| time/                   |              |
|    fps                  | 300          |
|    iterations           | 511          |
|    time_elapsed         | 871          |
|    total_timesteps      | 261632       |
| train/                  |              |
|    approx_kl            | 0.0021111765 |
|    clip_fraction        | 0.0141       |
|    clip_range           | 0.2          |
|    entropy_loss         | -0.21        |
|    explained_variance   | 0.739        |
|    learning_rate        | 0.0003       |
|    loss                 | 2.06         |
|    n_updates            | 2550         |
|    policy_gradient_loss | -0.00172     |
|    value_loss           | 5.99         |
------------------------------------------
------------------------------------------
| rollout/                |              |
|    ep_len_mean          | 7.96         |
|    ep_rew_mean          | 3.52         |
| time/                   |              |
|    fps                  | 300          |
|    iterations           | 512          |
|    time_elapsed         | 872          |
|    total_timesteps      | 262144       |
| train/                  |              |
|    approx_kl            | 0.0014088865 |
|    clip_fraction        | 0.00781      |
|    clip_range           | 0.2          |
|    entropy_loss         | -0.199       |
|    explained_variance   | 0.598        |
|    learning_rate        | 0.0003       |
|    loss                 | 2.63         |
|    n_updates            | 2555         |
|    policy_gradient_loss | 0.0012       |
|    value_loss           | 5.04         |
------------------------------------------
------------------------------------------
| rollout/                |              |
|    ep_len_mean          | 8.88         |
|    ep_rew_mean          | 4.3          |
| time/                   |              |
|    fps                  | 300          |
|    iterations           | 513          |
|    time_elapsed         | 874          |
|    total_timesteps      | 262656       |
| train/                  |              |
|    approx_kl            | 0.0025345911 |
|    clip_fraction        | 0.0379       |
|    clip_range           | 0.2          |
|    entropy_loss         | -0.187       |
|    explained_variance   | 0.66         |
|    learning_rate        | 0.0003       |
|    loss                 | 2.04         |
|    n_updates            | 2560         |
|    policy_gradient_loss | -0.0118      |
|    value_loss           | 4.87         |
------------------------------------------
------------------------------------------
| rollout/                |              |
|    ep_len_mean          | 9.24         |
|    ep_rew_mean          | 4.21         |
| time/                   |              |
|    fps                  | 300          |
|    iterations           | 514          |
|    time_elapsed         | 876          |
|    total_timesteps      | 263168       |
| train/                  |              |
|    approx_kl            | 0.0014147935 |
|    clip_fraction        | 0.0223       |
|    clip_range           | 0.2          |
|    entropy_loss         | -0.18        |
|    explained_variance   | 0.707        |
|    learning_rate        | 0.0003       |
|    loss                 | 2.39         |
|    n_updates            | 2565         |
|    policy_gradient_loss | -0.00765     |
|    value_loss           | 5.39         |
------------------------------------------
------------------------------------------
| rollout/                |              |
|    ep_len_mean          | 10.1         |
|    ep_rew_mean          | 4.36         |
| time/                   |              |
|    fps                  | 300          |
|    iterations           | 515          |
|    time_elapsed         | 877          |
|    total_timesteps      | 263680       |
| train/                  |              |
|    approx_kl            | 0.0013112358 |
|    clip_fraction        | 0.0145       |
|    clip_range           | 0.2          |
|    entropy_loss         | -0.18        |
|    explained_variance   | 0.666        |
|    learning_rate        | 0.0003       |
|    loss                 | 2.27         |
|    n_updates            | 2570         |
|    policy_gradient_loss | -0.00432     |
|    value_loss           | 4.64         |
------------------------------------------
-----------------------------------------
| rollout/                |             |
|    ep_len_mean          | 9.68        |
|    ep_rew_mean          | 3.94        |
| time/                   |             |
|    fps                  | 300         |
|    iterations           | 516         |
|    time_elapsed         | 879         |
|    total_timesteps      | 264192      |
| train/                  |             |
|    approx_kl            | 0.005408113 |
|    clip_fraction        | 0.0285      |
|    clip_range           | 0.2         |
|    entropy_loss         | -0.205      |
|    explained_variance   | 0.531       |
|    learning_rate        | 0.0003      |
|    loss                 | 2.53        |
|    n_updates            | 2575        |
|    policy_gradient_loss | 0.00644     |
|    value_loss           | 6.36        |
-----------------------------------------
------------------------------------------
| rollout/                |              |
|    ep_len_mean          | 8.83         |
|    ep_rew_mean          | 3.87         |
| time/                   |              |
|    fps                  | 300          |
|    iterations           | 517          |
|    time_elapsed         | 880          |
|    total_timesteps      | 264704       |
| train/                  |              |
|    approx_kl            | 0.0024424205 |
|    clip_fraction        | 0.0488       |
|    clip_range           | 0.2          |
|    entropy_loss         | -0.195       |
|    explained_variance   | 0.655        |
|    learning_rate        | 0.0003       |
|    loss                 | 1.57         |
|    n_updates            | 2580         |
|    policy_gradient_loss | -0.0171      |
|    value_loss           | 3.55         |
------------------------------------------
------------------------------------------
| rollout/                |              |
|    ep_len_mean          | 10           |
|    ep_rew_mean          | 4.6          |
| time/                   |              |
|    fps                  | 300          |
|    iterations           | 518          |
|    time_elapsed         | 882          |
|    total_timesteps      | 265216       |
| train/                  |              |
|    approx_kl            | 0.0010130878 |
|    clip_fraction        | 0.00547      |
|    clip_range           | 0.2          |
|    entropy_loss         | -0.19        |
|    explained_variance   | 0.726        |
|    learning_rate        | 0.0003       |
|    loss                 | 2.92         |
|    n_updates            | 2585         |
|    policy_gradient_loss | -0.00522     |
|    value_loss           | 5.67         |
------------------------------------------
-------------------------------------------
| rollout/                |               |
|    ep_len_mean          | 10.7          |
|    ep_rew_mean          | 5             |
| time/                   |               |
|    fps                  | 300           |
|    iterations           | 519           |
|    time_elapsed         | 884           |
|    total_timesteps      | 265728        |
| train/                  |               |
|    approx_kl            | 0.00035277067 |
|    clip_fraction        | 0.00117       |
|    clip_range           | 0.2           |
|    entropy_loss         | -0.179        |
|    explained_variance   | 0.592         |
|    learning_rate        | 0.0003        |
|    loss                 | 3.89          |
|    n_updates            | 2590          |
|    policy_gradient_loss | 0.000106      |
|    value_loss           | 6.83          |
-------------------------------------------
-----------------------------------------
| rollout/                |             |
|    ep_len_mean          | 11.6        |
|    ep_rew_mean          | 5.72        |
| time/                   |             |
|    fps                  | 300         |
|    iterations           | 520         |
|    time_elapsed         | 885         |
|    total_timesteps      | 266240      |
| train/                  |             |
|    approx_kl            | 0.001913463 |
|    clip_fraction        | 0.0473      |
|    clip_range           | 0.2         |
|    entropy_loss         | -0.152      |
|    explained_variance   | 0.651       |
|    learning_rate        | 0.0003      |
|    loss                 | 4.16        |
|    n_updates            | 2595        |
|    policy_gradient_loss | -0.0122     |
|    value_loss           | 6.44        |
-----------------------------------------
-----------------------------------------
| rollout/                |             |
|    ep_len_mean          | 11.6        |
|    ep_rew_mean          | 5.35        |
| time/                   |             |
|    fps                  | 300         |
|    iterations           | 521         |
|    time_elapsed         | 887         |
|    total_timesteps      | 266752      |
| train/                  |             |
|    approx_kl            | 0.001648935 |
|    clip_fraction        | 0.0148      |
|    clip_range           | 0.2         |
|    entropy_loss         | -0.15       |
|    explained_variance   | 0.652       |
|    learning_rate        | 0.0003      |
|    loss                 | 2.3         |
|    n_updates            | 2600        |
|    policy_gradient_loss | -0.00668    |
|    value_loss           | 4.63        |
-----------------------------------------
------------------------------------------
| rollout/                |              |
|    ep_len_mean          | 9.61         |
|    ep_rew_mean          | 4.24         |
| time/                   |              |
|    fps                  | 300          |
|    iterations           | 522          |
|    time_elapsed         | 888          |
|    total_timesteps      | 267264       |
| train/                  |              |
|    approx_kl            | 0.0024577896 |
|    clip_fraction        | 0.0598       |
|    clip_range           | 0.2          |
|    entropy_loss         | -0.201       |
|    explained_variance   | 0.592        |
|    learning_rate        | 0.0003       |
|    loss                 | 4.76         |
|    n_updates            | 2605         |
|    policy_gradient_loss | 0.0118       |
|    value_loss           | 7.86         |
------------------------------------------
------------------------------------------
| rollout/                |              |
|    ep_len_mean          | 9.62         |
|    ep_rew_mean          | 4.12         |
| time/                   |              |
|    fps                  | 300          |
|    iterations           | 523          |
|    time_elapsed         | 890          |
|    total_timesteps      | 267776       |
| train/                  |              |
|    approx_kl            | 0.0036345597 |
|    clip_fraction        | 0.034        |
|    clip_range           | 0.2          |
|    entropy_loss         | -0.182       |
|    explained_variance   | 0.67         |
|    learning_rate        | 0.0003       |
|    loss                 | 3.76         |
|    n_updates            | 2610         |
|    policy_gradient_loss | -0.00599     |
|    value_loss           | 7.32         |
------------------------------------------
------------------------------------------
| rollout/                |              |
|    ep_len_mean          | 9.83         |
|    ep_rew_mean          | 3.99         |
| time/                   |              |
|    fps                  | 300          |
|    iterations           | 524          |
|    time_elapsed         | 892          |
|    total_timesteps      | 268288       |
| train/                  |              |
|    approx_kl            | 0.0013225246 |
|    clip_fraction        | 0.0219       |
|    clip_range           | 0.2          |
|    entropy_loss         | -0.193       |
|    explained_variance   | 0.703        |
|    learning_rate        | 0.0003       |
|    loss                 | 2.78         |
|    n_updates            | 2615         |
|    policy_gradient_loss | -0.00848     |
|    value_loss           | 4.76         |
------------------------------------------
-------------------------------------------
| rollout/                |               |
|    ep_len_mean          | 10.8          |
|    ep_rew_mean          | 4.51          |
| time/                   |               |
|    fps                  | 300           |
|    iterations           | 525           |
|    time_elapsed         | 893           |
|    total_timesteps      | 268800        |
| train/                  |               |
|    approx_kl            | 0.00048977317 |
|    clip_fraction        | 0.00703       |
|    clip_range           | 0.2           |
|    entropy_loss         | -0.2          |
|    explained_variance   | 0.641         |
|    learning_rate        | 0.0003        |
|    loss                 | 1.99          |
|    n_updates            | 2620          |
|    policy_gradient_loss | -0.00429      |
|    value_loss           | 5.2           |
-------------------------------------------
-------------------------------------------
| rollout/                |               |
|    ep_len_mean          | 11.7          |
|    ep_rew_mean          | 5.03          |
| time/                   |               |
|    fps                  | 300           |
|    iterations           | 526           |
|    time_elapsed         | 895           |
|    total_timesteps      | 269312        |
| train/                  |               |
|    approx_kl            | 0.00040542462 |
|    clip_fraction        | 0.0082        |
|    clip_range           | 0.2           |
|    entropy_loss         | -0.126        |
|    explained_variance   | 0.432         |
|    learning_rate        | 0.0003        |
|    loss                 | 3.49          |
|    n_updates            | 2625          |
|    policy_gradient_loss | -0.00544      |
|    value_loss           | 5.7           |
-------------------------------------------
------------------------------------------
| rollout/                |              |
|    ep_len_mean          | 9.86         |
|    ep_rew_mean          | 3.97         |
| time/                   |              |
|    fps                  | 300          |
|    iterations           | 527          |
|    time_elapsed         | 897          |
|    total_timesteps      | 269824       |
| train/                  |              |
|    approx_kl            | 0.0011700126 |
|    clip_fraction        | 0.00703      |
|    clip_range           | 0.2          |
|    entropy_loss         | -0.148       |
|    explained_variance   | 0.654        |
|    learning_rate        | 0.0003       |
|    loss                 | 4            |
|    n_updates            | 2630         |
|    policy_gradient_loss | -0.000941    |
|    value_loss           | 5.7          |
------------------------------------------
-----------------------------------------
| rollout/                |             |
|    ep_len_mean          | 9.47        |
|    ep_rew_mean          | 3.77        |
| time/                   |             |
|    fps                  | 300         |
|    iterations           | 528         |
|    time_elapsed         | 898         |
|    total_timesteps      | 270336      |
| train/                  |             |
|    approx_kl            | 0.001926922 |
|    clip_fraction        | 0.0227      |
|    clip_range           | 0.2         |
|    entropy_loss         | -0.186      |
|    explained_variance   | 0.584       |
|    learning_rate        | 0.0003      |
|    loss                 | 3.11        |
|    n_updates            | 2635        |
|    policy_gradient_loss | -0.00949    |
|    value_loss           | 5.63        |
-----------------------------------------
------------------------------------------
| rollout/                |              |
|    ep_len_mean          | 10.9         |
|    ep_rew_mean          | 4.65         |
| time/                   |              |
|    fps                  | 300          |
|    iterations           | 529          |
|    time_elapsed         | 900          |
|    total_timesteps      | 270848       |
| train/                  |              |
|    approx_kl            | 0.0012594375 |
|    clip_fraction        | 0.0102       |
|    clip_range           | 0.2          |
|    entropy_loss         | -0.2         |
|    explained_variance   | 0.646        |
|    learning_rate        | 0.0003       |
|    loss                 | 2.41         |
|    n_updates            | 2640         |
|    policy_gradient_loss | -0.00319     |
|    value_loss           | 5.09         |
------------------------------------------
------------------------------------------
| rollout/                |              |
|    ep_len_mean          | 10.2         |
|    ep_rew_mean          | 4.41         |
| time/                   |              |
|    fps                  | 300          |
|    iterations           | 530          |
|    time_elapsed         | 901          |
|    total_timesteps      | 271360       |
| train/                  |              |
|    approx_kl            | 0.0014536679 |
|    clip_fraction        | 0.0102       |
|    clip_range           | 0.2          |
|    entropy_loss         | -0.152       |
|    explained_variance   | 0.683        |
|    learning_rate        | 0.0003       |
|    loss                 | 3.87         |
|    n_updates            | 2645         |
|    policy_gradient_loss | -0.00112     |
|    value_loss           | 6.24         |
------------------------------------------
------------------------------------------
| rollout/                |              |
|    ep_len_mean          | 8.22         |
|    ep_rew_mean          | 2.62         |
| time/                   |              |
|    fps                  | 300          |
|    iterations           | 531          |
|    time_elapsed         | 903          |
|    total_timesteps      | 271872       |
| train/                  |              |
|    approx_kl            | 0.0005610201 |
|    clip_fraction        | 0.000391     |
|    clip_range           | 0.2          |
|    entropy_loss         | -0.214       |
|    explained_variance   | 0.497        |
|    learning_rate        | 0.0003       |
|    loss                 | 3.19         |
|    n_updates            | 2650         |
|    policy_gradient_loss | -0.000732    |
|    value_loss           | 6.52         |
------------------------------------------
------------------------------------------
| rollout/                |              |
|    ep_len_mean          | 9.05         |
|    ep_rew_mean          | 3.2          |
| time/                   |              |
|    fps                  | 300          |
|    iterations           | 532          |
|    time_elapsed         | 905          |
|    total_timesteps      | 272384       |
| train/                  |              |
|    approx_kl            | 0.0022952643 |
|    clip_fraction        | 0.0164       |
|    clip_range           | 0.2          |
|    entropy_loss         | -0.225       |
|    explained_variance   | 0.509        |
|    learning_rate        | 0.0003       |
|    loss                 | 3.81         |
|    n_updates            | 2655         |
|    policy_gradient_loss | -0.00222     |
|    value_loss           | 6.02         |
------------------------------------------
-----------------------------------------
| rollout/                |             |
|    ep_len_mean          | 10.7        |
|    ep_rew_mean          | 4.09        |
| time/                   |             |
|    fps                  | 300         |
|    iterations           | 533         |
|    time_elapsed         | 906         |
|    total_timesteps      | 272896      |
| train/                  |             |
|    approx_kl            | 0.000716027 |
|    clip_fraction        | 0.0113      |
|    clip_range           | 0.2         |
|    entropy_loss         | -0.187      |
|    explained_variance   | 0.454       |
|    learning_rate        | 0.0003      |
|    loss                 | 2.83        |
|    n_updates            | 2660        |
|    policy_gradient_loss | -0.00229    |
|    value_loss           | 6.34        |
-----------------------------------------
-----------------------------------------
| rollout/                |             |
|    ep_len_mean          | 9.22        |
|    ep_rew_mean          | 3.65        |
| time/                   |             |
|    fps                  | 301         |
|    iterations           | 534         |
|    time_elapsed         | 908         |
|    total_timesteps      | 273408      |
| train/                  |             |
|    approx_kl            | 0.019678835 |
|    clip_fraction        | 0.0594      |
|    clip_range           | 0.2         |
|    entropy_loss         | -0.209      |
|    explained_variance   | 0.554       |
|    learning_rate        | 0.0003      |
|    loss                 | 3.57        |
|    n_updates            | 2665        |
|    policy_gradient_loss | 0.0113      |
|    value_loss           | 6.95        |
-----------------------------------------
------------------------------------------
| rollout/                |              |
|    ep_len_mean          | 7.66         |
|    ep_rew_mean          | 2.81         |
| time/                   |              |
|    fps                  | 301          |
|    iterations           | 535          |
|    time_elapsed         | 909          |
|    total_timesteps      | 273920       |
| train/                  |              |
|    approx_kl            | 0.0017321238 |
|    clip_fraction        | 0.0359       |
|    clip_range           | 0.2          |
|    entropy_loss         | -0.2         |
|    explained_variance   | 0.64         |
|    learning_rate        | 0.0003       |
|    loss                 | 3.95         |
|    n_updates            | 2670         |
|    policy_gradient_loss | 0.0039       |
|    value_loss           | 9.19         |
------------------------------------------
------------------------------------------
| rollout/                |              |
|    ep_len_mean          | 9.9          |
|    ep_rew_mean          | 4.02         |
| time/                   |              |
|    fps                  | 301          |
|    iterations           | 536          |
|    time_elapsed         | 911          |
|    total_timesteps      | 274432       |
| train/                  |              |
|    approx_kl            | 0.0007557843 |
|    clip_fraction        | 0.0082       |
|    clip_range           | 0.2          |
|    entropy_loss         | -0.184       |
|    explained_variance   | 0.409        |
|    learning_rate        | 0.0003       |
|    loss                 | 4.64         |
|    n_updates            | 2675         |
|    policy_gradient_loss | -0.00764     |
|    value_loss           | 8.7          |
------------------------------------------
-----------------------------------------
| rollout/                |             |
|    ep_len_mean          | 9.96        |
|    ep_rew_mean          | 4.39        |
| time/                   |             |
|    fps                  | 301         |
|    iterations           | 537         |
|    time_elapsed         | 913         |
|    total_timesteps      | 274944      |
| train/                  |             |
|    approx_kl            | 0.002070677 |
|    clip_fraction        | 0.0156      |
|    clip_range           | 0.2         |
|    entropy_loss         | -0.183      |
|    explained_variance   | 0.707       |
|    learning_rate        | 0.0003      |
|    loss                 | 1.25        |
|    n_updates            | 2680        |
|    policy_gradient_loss | -0.00639    |
|    value_loss           | 4.38        |
-----------------------------------------
------------------------------------------
| rollout/                |              |
|    ep_len_mean          | 9.23         |
|    ep_rew_mean          | 4.26         |
| time/                   |              |
|    fps                  | 301          |
|    iterations           | 538          |
|    time_elapsed         | 914          |
|    total_timesteps      | 275456       |
| train/                  |              |
|    approx_kl            | 0.0031185155 |
|    clip_fraction        | 0.0211       |
|    clip_range           | 0.2          |
|    entropy_loss         | -0.182       |
|    explained_variance   | 0.79         |
|    learning_rate        | 0.0003       |
|    loss                 | 1.55         |
|    n_updates            | 2685         |
|    policy_gradient_loss | -0.00407     |
|    value_loss           | 3.11         |
------------------------------------------
-----------------------------------------
| rollout/                |             |
|    ep_len_mean          | 8.96        |
|    ep_rew_mean          | 3.68        |
| time/                   |             |
|    fps                  | 301         |
|    iterations           | 539         |
|    time_elapsed         | 916         |
|    total_timesteps      | 275968      |
| train/                  |             |
|    approx_kl            | 0.002133624 |
|    clip_fraction        | 0.0301      |
|    clip_range           | 0.2         |
|    entropy_loss         | -0.213      |
|    explained_variance   | 0.53        |
|    learning_rate        | 0.0003      |
|    loss                 | 1.64        |
|    n_updates            | 2690        |
|    policy_gradient_loss | -0.012      |
|    value_loss           | 4.2         |
-----------------------------------------
------------------------------------------
| rollout/                |              |
|    ep_len_mean          | 9.75         |
|    ep_rew_mean          | 3.84         |
| time/                   |              |
|    fps                  | 301          |
|    iterations           | 540          |
|    time_elapsed         | 917          |
|    total_timesteps      | 276480       |
| train/                  |              |
|    approx_kl            | 0.0015877078 |
|    clip_fraction        | 0.00547      |
|    clip_range           | 0.2          |
|    entropy_loss         | -0.213       |
|    explained_variance   | 0.652        |
|    learning_rate        | 0.0003       |
|    loss                 | 2.98         |
|    n_updates            | 2695         |
|    policy_gradient_loss | -0.000731    |
|    value_loss           | 6.71         |
------------------------------------------
------------------------------------------
| rollout/                |              |
|    ep_len_mean          | 9.45         |
|    ep_rew_mean          | 3.74         |
| time/                   |              |
|    fps                  | 301          |
|    iterations           | 541          |
|    time_elapsed         | 919          |
|    total_timesteps      | 276992       |
| train/                  |              |
|    approx_kl            | 0.0007827726 |
|    clip_fraction        | 0.00508      |
|    clip_range           | 0.2          |
|    entropy_loss         | -0.224       |
|    explained_variance   | 0.507        |
|    learning_rate        | 0.0003       |
|    loss                 | 3.74         |
|    n_updates            | 2700         |
|    policy_gradient_loss | -0.000194    |
|    value_loss           | 7.39         |
------------------------------------------
------------------------------------------
| rollout/                |              |
|    ep_len_mean          | 10.1         |
|    ep_rew_mean          | 4.13         |
| time/                   |              |
|    fps                  | 301          |
|    iterations           | 542          |
|    time_elapsed         | 921          |
|    total_timesteps      | 277504       |
| train/                  |              |
|    approx_kl            | 0.0007690801 |
|    clip_fraction        | 0.0168       |
|    clip_range           | 0.2          |
|    entropy_loss         | -0.207       |
|    explained_variance   | 0.634        |
|    learning_rate        | 0.0003       |
|    loss                 | 2.03         |
|    n_updates            | 2705         |
|    policy_gradient_loss | -0.0111      |
|    value_loss           | 3.72         |
------------------------------------------
-----------------------------------------
| rollout/                |             |
|    ep_len_mean          | 9.88        |
|    ep_rew_mean          | 4           |
| time/                   |             |
|    fps                  | 301         |
|    iterations           | 543         |
|    time_elapsed         | 922         |
|    total_timesteps      | 278016      |
| train/                  |             |
|    approx_kl            | 0.009920437 |
|    clip_fraction        | 0.0352      |
|    clip_range           | 0.2         |
|    entropy_loss         | -0.219      |
|    explained_variance   | 0.545       |
|    learning_rate        | 0.0003      |
|    loss                 | 5.45        |
|    n_updates            | 2710        |
|    policy_gradient_loss | 0.00309     |
|    value_loss           | 10.7        |
-----------------------------------------
------------------------------------------
| rollout/                |              |
|    ep_len_mean          | 8.84         |
|    ep_rew_mean          | 3.9          |
| time/                   |              |
|    fps                  | 301          |
|    iterations           | 544          |
|    time_elapsed         | 924          |
|    total_timesteps      | 278528       |
| train/                  |              |
|    approx_kl            | 0.0008795781 |
|    clip_fraction        | 0.00156      |
|    clip_range           | 0.2          |
|    entropy_loss         | -0.227       |
|    explained_variance   | 0.737        |
|    learning_rate        | 0.0003       |
|    loss                 | 2.86         |
|    n_updates            | 2715         |
|    policy_gradient_loss | 0.00123      |
|    value_loss           | 5.27         |
------------------------------------------
------------------------------------------
| rollout/                |              |
|    ep_len_mean          | 9.91         |
|    ep_rew_mean          | 4.48         |
| time/                   |              |
|    fps                  | 301          |
|    iterations           | 545          |
|    time_elapsed         | 926          |
|    total_timesteps      | 279040       |
| train/                  |              |
|    approx_kl            | 0.0011850612 |
|    clip_fraction        | 0.0215       |
|    clip_range           | 0.2          |
|    entropy_loss         | -0.201       |
|    explained_variance   | 0.506        |
|    learning_rate        | 0.0003       |
|    loss                 | 2.72         |
|    n_updates            | 2720         |
|    policy_gradient_loss | -0.00931     |
|    value_loss           | 5.94         |
------------------------------------------
------------------------------------------
| rollout/                |              |
|    ep_len_mean          | 9.29         |
|    ep_rew_mean          | 3.73         |
| time/                   |              |
|    fps                  | 301          |
|    iterations           | 546          |
|    time_elapsed         | 927          |
|    total_timesteps      | 279552       |
| train/                  |              |
|    approx_kl            | 0.0004236417 |
|    clip_fraction        | 0.0109       |
|    clip_range           | 0.2          |
|    entropy_loss         | -0.237       |
|    explained_variance   | 0.584        |
|    learning_rate        | 0.0003       |
|    loss                 | 3.96         |
|    n_updates            | 2725         |
|    policy_gradient_loss | -0.00259     |
|    value_loss           | 5.94         |
------------------------------------------
------------------------------------------
| rollout/                |              |
|    ep_len_mean          | 8.75         |
|    ep_rew_mean          | 3.39         |
| time/                   |              |
|    fps                  | 301          |
|    iterations           | 547          |
|    time_elapsed         | 929          |
|    total_timesteps      | 280064       |
| train/                  |              |
|    approx_kl            | 0.0014143507 |
|    clip_fraction        | 0.0137       |
|    clip_range           | 0.2          |
|    entropy_loss         | -0.217       |
|    explained_variance   | 0.685        |
|    learning_rate        | 0.0003       |
|    loss                 | 1.78         |
|    n_updates            | 2730         |
|    policy_gradient_loss | -0.00568     |
|    value_loss           | 4.2          |
------------------------------------------
------------------------------------------
| rollout/                |              |
|    ep_len_mean          | 9.97         |
|    ep_rew_mean          | 4.49         |
| time/                   |              |
|    fps                  | 301          |
|    iterations           | 548          |
|    time_elapsed         | 930          |
|    total_timesteps      | 280576       |
| train/                  |              |
|    approx_kl            | 0.0016143378 |
|    clip_fraction        | 0.0207       |
|    clip_range           | 0.2          |
|    entropy_loss         | -0.21        |
|    explained_variance   | 0.578        |
|    learning_rate        | 0.0003       |
|    loss                 | 2.29         |
|    n_updates            | 2735         |
|    policy_gradient_loss | -0.00649     |
|    value_loss           | 5.35         |
------------------------------------------
------------------------------------------
| rollout/                |              |
|    ep_len_mean          | 10.7         |
|    ep_rew_mean          | 4.42         |
| time/                   |              |
|    fps                  | 301          |
|    iterations           | 549          |
|    time_elapsed         | 932          |
|    total_timesteps      | 281088       |
| train/                  |              |
|    approx_kl            | 0.0011790523 |
|    clip_fraction        | 0.00273      |
|    clip_range           | 0.2          |
|    entropy_loss         | -0.198       |
|    explained_variance   | 0.649        |
|    learning_rate        | 0.0003       |
|    loss                 | 1.96         |
|    n_updates            | 2740         |
|    policy_gradient_loss | 0.000409     |
|    value_loss           | 5.82         |
------------------------------------------
-----------------------------------------
| rollout/                |             |
|    ep_len_mean          | 8.99        |
|    ep_rew_mean          | 3.25        |
| time/                   |             |
|    fps                  | 301         |
|    iterations           | 550         |
|    time_elapsed         | 934         |
|    total_timesteps      | 281600      |
| train/                  |             |
|    approx_kl            | 0.015324744 |
|    clip_fraction        | 0.0793      |
|    clip_range           | 0.2         |
|    entropy_loss         | -0.286      |
|    explained_variance   | 0.525       |
|    learning_rate        | 0.0003      |
|    loss                 | 3.13        |
|    n_updates            | 2745        |
|    policy_gradient_loss | 0.00659     |
|    value_loss           | 5.5         |
-----------------------------------------
----------------------------------------
| rollout/                |            |
|    ep_len_mean          | 8.09       |
|    ep_rew_mean          | 3.15       |
| time/                   |            |
|    fps                  | 301        |
|    iterations           | 551        |
|    time_elapsed         | 935        |
|    total_timesteps      | 282112     |
| train/                  |            |
|    approx_kl            | 0.00338095 |
|    clip_fraction        | 0.0387     |
|    clip_range           | 0.2        |
|    entropy_loss         | -0.218     |
|    explained_variance   | 0.61       |
|    learning_rate        | 0.0003     |
|    loss                 | 1.14       |
|    n_updates            | 2750       |
|    policy_gradient_loss | -0.0157    |
|    value_loss           | 4.02       |
----------------------------------------
------------------------------------------
| rollout/                |              |
|    ep_len_mean          | 8.3          |
|    ep_rew_mean          | 3.61         |
| time/                   |              |
|    fps                  | 301          |
|    iterations           | 552          |
|    time_elapsed         | 937          |
|    total_timesteps      | 282624       |
| train/                  |              |
|    approx_kl            | 0.0022863501 |
|    clip_fraction        | 0.0508       |
|    clip_range           | 0.2          |
|    entropy_loss         | -0.222       |
|    explained_variance   | 0.6          |
|    learning_rate        | 0.0003       |
|    loss                 | 1.88         |
|    n_updates            | 2755         |
|    policy_gradient_loss | -0.0102      |
|    value_loss           | 4.38         |
------------------------------------------
-----------------------------------------
| rollout/                |             |
|    ep_len_mean          | 10.1        |
|    ep_rew_mean          | 4.76        |
| time/                   |             |
|    fps                  | 301         |
|    iterations           | 553         |
|    time_elapsed         | 938         |
|    total_timesteps      | 283136      |
| train/                  |             |
|    approx_kl            | 0.001572917 |
|    clip_fraction        | 0.0164      |
|    clip_range           | 0.2         |
|    entropy_loss         | -0.159      |
|    explained_variance   | 0.643       |
|    learning_rate        | 0.0003      |
|    loss                 | 2.27        |
|    n_updates            | 2760        |
|    policy_gradient_loss | -0.00778    |
|    value_loss           | 5.46        |
-----------------------------------------
-------------------------------------------
| rollout/                |               |
|    ep_len_mean          | 11.1          |
|    ep_rew_mean          | 5.18          |
| time/                   |               |
|    fps                  | 301           |
|    iterations           | 554           |
|    time_elapsed         | 940           |
|    total_timesteps      | 283648        |
| train/                  |               |
|    approx_kl            | 0.00083599647 |
|    clip_fraction        | 0.0141        |
|    clip_range           | 0.2           |
|    entropy_loss         | -0.189        |
|    explained_variance   | 0.732         |
|    learning_rate        | 0.0003        |
|    loss                 | 1.52          |
|    n_updates            | 2765          |
|    policy_gradient_loss | 0.000639      |
|    value_loss           | 3.79          |
-------------------------------------------
------------------------------------------
| rollout/                |              |
|    ep_len_mean          | 10.9         |
|    ep_rew_mean          | 5.12         |
| time/                   |              |
|    fps                  | 301          |
|    iterations           | 555          |
|    time_elapsed         | 942          |
|    total_timesteps      | 284160       |
| train/                  |              |
|    approx_kl            | 0.0020251577 |
|    clip_fraction        | 0.00859      |
|    clip_range           | 0.2          |
|    entropy_loss         | -0.177       |
|    explained_variance   | 0.57         |
|    learning_rate        | 0.0003       |
|    loss                 | 2.53         |
|    n_updates            | 2770         |
|    policy_gradient_loss | 0.000754     |
|    value_loss           | 8.23         |
------------------------------------------
------------------------------------------
| rollout/                |              |
|    ep_len_mean          | 7.69         |
|    ep_rew_mean          | 2.84         |
| time/                   |              |
|    fps                  | 301          |
|    iterations           | 556          |
|    time_elapsed         | 943          |
|    total_timesteps      | 284672       |
| train/                  |              |
|    approx_kl            | 0.0006998594 |
|    clip_fraction        | 0.00313      |
|    clip_range           | 0.2          |
|    entropy_loss         | -0.193       |
|    explained_variance   | 0.707        |
|    learning_rate        | 0.0003       |
|    loss                 | 3.17         |
|    n_updates            | 2775         |
|    policy_gradient_loss | -0.00435     |
|    value_loss           | 6.78         |
------------------------------------------
------------------------------------------
| rollout/                |              |
|    ep_len_mean          | 8.01         |
|    ep_rew_mean          | 2.85         |
| time/                   |              |
|    fps                  | 301          |
|    iterations           | 557          |
|    time_elapsed         | 945          |
|    total_timesteps      | 285184       |
| train/                  |              |
|    approx_kl            | 0.0050412645 |
|    clip_fraction        | 0.0254       |
|    clip_range           | 0.2          |
|    entropy_loss         | -0.259       |
|    explained_variance   | 0.506        |
|    learning_rate        | 0.0003       |
|    loss                 | 1.9          |
|    n_updates            | 2780         |
|    policy_gradient_loss | -0.00782     |
|    value_loss           | 5.47         |
------------------------------------------
-----------------------------------------
| rollout/                |             |
|    ep_len_mean          | 7.04        |
|    ep_rew_mean          | 2.3         |
| time/                   |             |
|    fps                  | 301         |
|    iterations           | 558         |
|    time_elapsed         | 947         |
|    total_timesteps      | 285696      |
| train/                  |             |
|    approx_kl            | 0.013494095 |
|    clip_fraction        | 0.0813      |
|    clip_range           | 0.2         |
|    entropy_loss         | -0.242      |
|    explained_variance   | 0.583       |
|    learning_rate        | 0.0003      |
|    loss                 | 2.13        |
|    n_updates            | 2785        |
|    policy_gradient_loss | 0.00197     |
|    value_loss           | 6.61        |
-----------------------------------------
-----------------------------------------
| rollout/                |             |
|    ep_len_mean          | 8.46        |
|    ep_rew_mean          | 3.43        |
| time/                   |             |
|    fps                  | 301         |
|    iterations           | 559         |
|    time_elapsed         | 948         |
|    total_timesteps      | 286208      |
| train/                  |             |
|    approx_kl            | 0.008288663 |
|    clip_fraction        | 0.0805      |
|    clip_range           | 0.2         |
|    entropy_loss         | -0.24       |
|    explained_variance   | 0.458       |
|    learning_rate        | 0.0003      |
|    loss                 | 3.16        |
|    n_updates            | 2790        |
|    policy_gradient_loss | -0.0123     |
|    value_loss           | 5.76        |
-----------------------------------------
------------------------------------------
| rollout/                |              |
|    ep_len_mean          | 8.79         |
|    ep_rew_mean          | 3.94         |
| time/                   |              |
|    fps                  | 301          |
|    iterations           | 560          |
|    time_elapsed         | 950          |
|    total_timesteps      | 286720       |
| train/                  |              |
|    approx_kl            | 0.0018485507 |
|    clip_fraction        | 0.0297       |
|    clip_range           | 0.2          |
|    entropy_loss         | -0.194       |
|    explained_variance   | 0.591        |
|    learning_rate        | 0.0003       |
|    loss                 | 2.63         |
|    n_updates            | 2795         |
|    policy_gradient_loss | -0.00117     |
|    value_loss           | 5.36         |
------------------------------------------
-------------------------------------------
| rollout/                |               |
|    ep_len_mean          | 9.26          |
|    ep_rew_mean          | 3.9           |
| time/                   |               |
|    fps                  | 301           |
|    iterations           | 561           |
|    time_elapsed         | 952           |
|    total_timesteps      | 287232        |
| train/                  |               |
|    approx_kl            | 0.00012360956 |
|    clip_fraction        | 0.0121        |
|    clip_range           | 0.2           |
|    entropy_loss         | -0.197        |
|    explained_variance   | 0.679         |
|    learning_rate        | 0.0003        |
|    loss                 | 1.83          |
|    n_updates            | 2800          |
|    policy_gradient_loss | -0.00371      |
|    value_loss           | 4.79          |
-------------------------------------------
-------------------------------------------
| rollout/                |               |
|    ep_len_mean          | 9.17          |
|    ep_rew_mean          | 3.53          |
| time/                   |               |
|    fps                  | 301           |
|    iterations           | 562           |
|    time_elapsed         | 953           |
|    total_timesteps      | 287744        |
| train/                  |               |
|    approx_kl            | 0.00017847901 |
|    clip_fraction        | 0             |
|    clip_range           | 0.2           |
|    entropy_loss         | -0.203        |
|    explained_variance   | 0.614         |
|    learning_rate        | 0.0003        |
|    loss                 | 1.83          |
|    n_updates            | 2805          |
|    policy_gradient_loss | -0.000395     |
|    value_loss           | 4.5           |
-------------------------------------------
------------------------------------------
| rollout/                |              |
|    ep_len_mean          | 7.82         |
|    ep_rew_mean          | 2.81         |
| time/                   |              |
|    fps                  | 301          |
|    iterations           | 563          |
|    time_elapsed         | 955          |
|    total_timesteps      | 288256       |
| train/                  |              |
|    approx_kl            | 0.0009643663 |
|    clip_fraction        | 0.0297       |
|    clip_range           | 0.2          |
|    entropy_loss         | -0.189       |
|    explained_variance   | 0.487        |
|    learning_rate        | 0.0003       |
|    loss                 | 2.76         |
|    n_updates            | 2810         |
|    policy_gradient_loss | -0.00866     |
|    value_loss           | 5.78         |
------------------------------------------
-------------------------------------------
| rollout/                |               |
|    ep_len_mean          | 9.08          |
|    ep_rew_mean          | 3.76          |
| time/                   |               |
|    fps                  | 301           |
|    iterations           | 564           |
|    time_elapsed         | 956           |
|    total_timesteps      | 288768        |
| train/                  |               |
|    approx_kl            | 0.00036537007 |
|    clip_fraction        | 0.0289        |
|    clip_range           | 0.2           |
|    entropy_loss         | -0.199        |
|    explained_variance   | 0.684         |
|    learning_rate        | 0.0003        |
|    loss                 | 2.02          |
|    n_updates            | 2815          |
|    policy_gradient_loss | -0.00629      |
|    value_loss           | 4.98          |
-------------------------------------------
------------------------------------------
| rollout/                |              |
|    ep_len_mean          | 11           |
|    ep_rew_mean          | 4.93         |
| time/                   |              |
|    fps                  | 301          |
|    iterations           | 565          |
|    time_elapsed         | 958          |
|    total_timesteps      | 289280       |
| train/                  |              |
|    approx_kl            | 0.0012663242 |
|    clip_fraction        | 0.0211       |
|    clip_range           | 0.2          |
|    entropy_loss         | -0.175       |
|    explained_variance   | 0.481        |
|    learning_rate        | 0.0003       |
|    loss                 | 3.34         |
|    n_updates            | 2820         |
|    policy_gradient_loss | -0.00901     |
|    value_loss           | 5.48         |
------------------------------------------
-------------------------------------------
| rollout/                |               |
|    ep_len_mean          | 11.2          |
|    ep_rew_mean          | 4.79          |
| time/                   |               |
|    fps                  | 301           |
|    iterations           | 566           |
|    time_elapsed         | 960           |
|    total_timesteps      | 289792        |
| train/                  |               |
|    approx_kl            | 0.00044147944 |
|    clip_fraction        | 0.00352       |
|    clip_range           | 0.2           |
|    entropy_loss         | -0.136        |
|    explained_variance   | 0.685         |
|    learning_rate        | 0.0003        |
|    loss                 | 1.64          |
|    n_updates            | 2825          |
|    policy_gradient_loss | -0.00337      |
|    value_loss           | 4.57          |
-------------------------------------------
------------------------------------------
| rollout/                |              |
|    ep_len_mean          | 10.6         |
|    ep_rew_mean          | 4.39         |
| time/                   |              |
|    fps                  | 301          |
|    iterations           | 567          |
|    time_elapsed         | 961          |
|    total_timesteps      | 290304       |
| train/                  |              |
|    approx_kl            | 0.0006510666 |
|    clip_fraction        | 0.00156      |
|    clip_range           | 0.2          |
|    entropy_loss         | -0.167       |
|    explained_variance   | 0.578        |
|    learning_rate        | 0.0003       |
|    loss                 | 5.05         |
|    n_updates            | 2830         |
|    policy_gradient_loss | 0.000139     |
|    value_loss           | 8.15         |
------------------------------------------
------------------------------------------
| rollout/                |              |
|    ep_len_mean          | 10.8         |
|    ep_rew_mean          | 4.47         |
| time/                   |              |
|    fps                  | 301          |
|    iterations           | 568          |
|    time_elapsed         | 963          |
|    total_timesteps      | 290816       |
| train/                  |              |
|    approx_kl            | 0.0014771323 |
|    clip_fraction        | 0.0172       |
|    clip_range           | 0.2          |
|    entropy_loss         | -0.159       |
|    explained_variance   | 0.594        |
|    learning_rate        | 0.0003       |
|    loss                 | 2.06         |
|    n_updates            | 2835         |
|    policy_gradient_loss | -0.00906     |
|    value_loss           | 5.41         |
------------------------------------------
------------------------------------------
| rollout/                |              |
|    ep_len_mean          | 11.4         |
|    ep_rew_mean          | 4.73         |
| time/                   |              |
|    fps                  | 301          |
|    iterations           | 569          |
|    time_elapsed         | 964          |
|    total_timesteps      | 291328       |
| train/                  |              |
|    approx_kl            | 0.0014136725 |
|    clip_fraction        | 0.0145       |
|    clip_range           | 0.2          |
|    entropy_loss         | -0.144       |
|    explained_variance   | 0.626        |
|    learning_rate        | 0.0003       |
|    loss                 | 2.09         |
|    n_updates            | 2840         |
|    policy_gradient_loss | -0.00549     |
|    value_loss           | 4.29         |
------------------------------------------
-------------------------------------------
| rollout/                |               |
|    ep_len_mean          | 12.1          |
|    ep_rew_mean          | 4.87          |
| time/                   |               |
|    fps                  | 301           |
|    iterations           | 570           |
|    time_elapsed         | 966           |
|    total_timesteps      | 291840        |
| train/                  |               |
|    approx_kl            | 0.00079510745 |
|    clip_fraction        | 0.0238        |
|    clip_range           | 0.2           |
|    entropy_loss         | -0.159        |
|    explained_variance   | 0.515         |
|    learning_rate        | 0.0003        |
|    loss                 | 3.46          |
|    n_updates            | 2845          |
|    policy_gradient_loss | -0.00767      |
|    value_loss           | 5.42          |
-------------------------------------------
------------------------------------------
| rollout/                |              |
|    ep_len_mean          | 12.8         |
|    ep_rew_mean          | 4.98         |
| time/                   |              |
|    fps                  | 301          |
|    iterations           | 571          |
|    time_elapsed         | 968          |
|    total_timesteps      | 292352       |
| train/                  |              |
|    approx_kl            | 0.0014843008 |
|    clip_fraction        | 0.0117       |
|    clip_range           | 0.2          |
|    entropy_loss         | -0.132       |
|    explained_variance   | 0.549        |
|    learning_rate        | 0.0003       |
|    loss                 | 1.87         |
|    n_updates            | 2850         |
|    policy_gradient_loss | -0.00245     |
|    value_loss           | 6.19         |
------------------------------------------
------------------------------------------
| rollout/                |              |
|    ep_len_mean          | 12.7         |
|    ep_rew_mean          | 4.25         |
| time/                   |              |
|    fps                  | 302          |
|    iterations           | 572          |
|    time_elapsed         | 969          |
|    total_timesteps      | 292864       |
| train/                  |              |
|    approx_kl            | 0.0026535722 |
|    clip_fraction        | 0.0312       |
|    clip_range           | 0.2          |
|    entropy_loss         | -0.167       |
|    explained_variance   | 0.561        |
|    learning_rate        | 0.0003       |
|    loss                 | 4.35         |
|    n_updates            | 2855         |
|    policy_gradient_loss | 0.00385      |
|    value_loss           | 7.86         |
------------------------------------------
------------------------------------------
| rollout/                |              |
|    ep_len_mean          | 10.4         |
|    ep_rew_mean          | 3.4          |
| time/                   |              |
|    fps                  | 302          |
|    iterations           | 573          |
|    time_elapsed         | 971          |
|    total_timesteps      | 293376       |
| train/                  |              |
|    approx_kl            | 0.0020578024 |
|    clip_fraction        | 0.041        |
|    clip_range           | 0.2          |
|    entropy_loss         | -0.246       |
|    explained_variance   | 0.498        |
|    learning_rate        | 0.0003       |
|    loss                 | 4.78         |
|    n_updates            | 2860         |
|    policy_gradient_loss | 0.00454      |
|    value_loss           | 8.23         |
------------------------------------------
-------------------------------------------
| rollout/                |               |
|    ep_len_mean          | 9.34          |
|    ep_rew_mean          | 3.52          |
| time/                   |               |
|    fps                  | 302           |
|    iterations           | 574           |
|    time_elapsed         | 972           |
|    total_timesteps      | 293888        |
| train/                  |               |
|    approx_kl            | 0.00093673676 |
|    clip_fraction        | 0.0301        |
|    clip_range           | 0.2           |
|    entropy_loss         | -0.221        |
|    explained_variance   | 0.538         |
|    learning_rate        | 0.0003        |
|    loss                 | 5.86          |
|    n_updates            | 2865          |
|    policy_gradient_loss | 0.00482       |
|    value_loss           | 10            |
-------------------------------------------
-----------------------------------------
| rollout/                |             |
|    ep_len_mean          | 9.71        |
|    ep_rew_mean          | 4.15        |
| time/                   |             |
|    fps                  | 302         |
|    iterations           | 575         |
|    time_elapsed         | 974         |
|    total_timesteps      | 294400      |
| train/                  |             |
|    approx_kl            | 0.001099213 |
|    clip_fraction        | 0.0203      |
|    clip_range           | 0.2         |
|    entropy_loss         | -0.172      |
|    explained_variance   | 0.488       |
|    learning_rate        | 0.0003      |
|    loss                 | 2.15        |
|    n_updates            | 2870        |
|    policy_gradient_loss | -0.00696    |
|    value_loss           | 6.22        |
-----------------------------------------
------------------------------------------
| rollout/                |              |
|    ep_len_mean          | 10.7         |
|    ep_rew_mean          | 4.6          |
| time/                   |              |
|    fps                  | 302          |
|    iterations           | 576          |
|    time_elapsed         | 976          |
|    total_timesteps      | 294912       |
| train/                  |              |
|    approx_kl            | 0.0023039535 |
|    clip_fraction        | 0.0199       |
|    clip_range           | 0.2          |
|    entropy_loss         | -0.175       |
|    explained_variance   | 0.613        |
|    learning_rate        | 0.0003       |
|    loss                 | 1.73         |
|    n_updates            | 2875         |
|    policy_gradient_loss | -0.00611     |
|    value_loss           | 5.06         |
------------------------------------------
------------------------------------------
| rollout/                |              |
|    ep_len_mean          | 11.2         |
|    ep_rew_mean          | 5            |
| time/                   |              |
|    fps                  | 302          |
|    iterations           | 577          |
|    time_elapsed         | 977          |
|    total_timesteps      | 295424       |
| train/                  |              |
|    approx_kl            | 0.0015851418 |
|    clip_fraction        | 0.0258       |
|    clip_range           | 0.2          |
|    entropy_loss         | -0.149       |
|    explained_variance   | 0.66         |
|    learning_rate        | 0.0003       |
|    loss                 | 2.63         |
|    n_updates            | 2880         |
|    policy_gradient_loss | -0.0106      |
|    value_loss           | 3.75         |
------------------------------------------
------------------------------------------
| rollout/                |              |
|    ep_len_mean          | 11.9         |
|    ep_rew_mean          | 5.48         |
| time/                   |              |
|    fps                  | 302          |
|    iterations           | 578          |
|    time_elapsed         | 979          |
|    total_timesteps      | 295936       |
| train/                  |              |
|    approx_kl            | 0.0027233325 |
|    clip_fraction        | 0.0383       |
|    clip_range           | 0.2          |
|    entropy_loss         | -0.135       |
|    explained_variance   | 0.666        |
|    learning_rate        | 0.0003       |
|    loss                 | 1.92         |
|    n_updates            | 2885         |
|    policy_gradient_loss | -0.0122      |
|    value_loss           | 4.07         |
------------------------------------------
-----------------------------------------
| rollout/                |             |
|    ep_len_mean          | 12.9        |
|    ep_rew_mean          | 5.96        |
| time/                   |             |
|    fps                  | 302         |
|    iterations           | 579         |
|    time_elapsed         | 981         |
|    total_timesteps      | 296448      |
| train/                  |             |
|    approx_kl            | 0.000321678 |
|    clip_fraction        | 0.00508     |
|    clip_range           | 0.2         |
|    entropy_loss         | -0.125      |
|    explained_variance   | 0.646       |
|    learning_rate        | 0.0003      |
|    loss                 | 2.07        |
|    n_updates            | 2890        |
|    policy_gradient_loss | -0.00109    |
|    value_loss           | 4.71        |
-----------------------------------------
------------------------------------------
| rollout/                |              |
|    ep_len_mean          | 13.7         |
|    ep_rew_mean          | 6.21         |
| time/                   |              |
|    fps                  | 302          |
|    iterations           | 580          |
|    time_elapsed         | 982          |
|    total_timesteps      | 296960       |
| train/                  |              |
|    approx_kl            | 0.0006038244 |
|    clip_fraction        | 0.0133       |
|    clip_range           | 0.2          |
|    entropy_loss         | -0.118       |
|    explained_variance   | 0.669        |
|    learning_rate        | 0.0003       |
|    loss                 | 1.73         |
|    n_updates            | 2895         |
|    policy_gradient_loss | -0.00428     |
|    value_loss           | 4.52         |
------------------------------------------
------------------------------------------
| rollout/                |              |
|    ep_len_mean          | 12.4         |
|    ep_rew_mean          | 5.42         |
| time/                   |              |
|    fps                  | 302          |
|    iterations           | 581          |
|    time_elapsed         | 984          |
|    total_timesteps      | 297472       |
| train/                  |              |
|    approx_kl            | 0.0021596034 |
|    clip_fraction        | 0.00937      |
|    clip_range           | 0.2          |
|    entropy_loss         | -0.112       |
|    explained_variance   | 0.694        |
|    learning_rate        | 0.0003       |
|    loss                 | 3.58         |
|    n_updates            | 2900         |
|    policy_gradient_loss | 0.000513     |
|    value_loss           | 7.43         |
------------------------------------------
-----------------------------------------
| rollout/                |             |
|    ep_len_mean          | 8.97        |
|    ep_rew_mean          | 3.96        |
| time/                   |             |
|    fps                  | 302         |
|    iterations           | 582         |
|    time_elapsed         | 985         |
|    total_timesteps      | 297984      |
| train/                  |             |
|    approx_kl            | 0.011963813 |
|    clip_fraction        | 0.091       |
|    clip_range           | 0.2         |
|    entropy_loss         | -0.218      |
|    explained_variance   | 0.613       |
|    learning_rate        | 0.0003      |
|    loss                 | 3.31        |
|    n_updates            | 2905        |
|    policy_gradient_loss | 0.0102      |
|    value_loss           | 7.57        |
-----------------------------------------
-----------------------------------------
| rollout/                |             |
|    ep_len_mean          | 7.97        |
|    ep_rew_mean          | 3.75        |
| time/                   |             |
|    fps                  | 302         |
|    iterations           | 583         |
|    time_elapsed         | 986         |
|    total_timesteps      | 298496      |
| train/                  |             |
|    approx_kl            | 0.001696864 |
|    clip_fraction        | 0.0164      |
|    clip_range           | 0.2         |
|    entropy_loss         | -0.196      |
|    explained_variance   | 0.746       |
|    learning_rate        | 0.0003      |
|    loss                 | 3.14        |
|    n_updates            | 2910        |
|    policy_gradient_loss | -0.00596    |
|    value_loss           | 5.69        |
-----------------------------------------
------------------------------------------
| rollout/                |              |
|    ep_len_mean          | 7.73         |
|    ep_rew_mean          | 3.44         |
| time/                   |              |
|    fps                  | 302          |
|    iterations           | 584          |
|    time_elapsed         | 987          |
|    total_timesteps      | 299008       |
| train/                  |              |
|    approx_kl            | 0.0034707342 |
|    clip_fraction        | 0.0496       |
|    clip_range           | 0.2          |
|    entropy_loss         | -0.169       |
|    explained_variance   | 0.634        |
|    learning_rate        | 0.0003       |
|    loss                 | 2.12         |
|    n_updates            | 2915         |
|    policy_gradient_loss | -0.0114      |
|    value_loss           | 4.88         |
------------------------------------------
------------------------------------------
| rollout/                |              |
|    ep_len_mean          | 9.65         |
|    ep_rew_mean          | 3.55         |
| time/                   |              |
|    fps                  | 302          |
|    iterations           | 585          |
|    time_elapsed         | 988          |
|    total_timesteps      | 299520       |
| train/                  |              |
|    approx_kl            | 0.0014510936 |
|    clip_fraction        | 0.0309       |
|    clip_range           | 0.2          |
|    entropy_loss         | -0.156       |
|    explained_variance   | 0.65         |
|    learning_rate        | 0.0003       |
|    loss                 | 1.09         |
|    n_updates            | 2920         |
|    policy_gradient_loss | -0.0102      |
|    value_loss           | 3.9          |
------------------------------------------
----------------------------------------
| rollout/                |            |
|    ep_len_mean          | 8.96       |
|    ep_rew_mean          | 3.52       |
| time/                   |            |
|    fps                  | 303        |
|    iterations           | 586        |
|    time_elapsed         | 989        |
|    total_timesteps      | 300032     |
| train/                  |            |
|    approx_kl            | 0.03224109 |
|    clip_fraction        | 0.107      |
|    clip_range           | 0.2        |
|    entropy_loss         | -0.266     |
|    explained_variance   | 0.516      |
|    learning_rate        | 0.0003     |
|    loss                 | 5.41       |
|    n_updates            | 2925       |
|    policy_gradient_loss | 0.0107     |
|    value_loss           | 10         |
----------------------------------------

Model saved -> models/variants/ppo_bpic2012_cate.zip
   Manifest → models/variants/ppo_bpic2012_cate_manifest.json
   Training curve (33575 episodes) → models/variants/ppo_bpic2012_cate_training_curve.csv
