/home/andrew/Documents/docs/2-resolver-problema/process-mining/prescriptive-process-monitoring/timing-explanations-pspm/.venv/lib/python3.14/site-packages/stable_baselines3/common/on_policy_algorithm.py:150: UserWarning: You are trying to run PPO on the GPU, but it is primarily intended to run on the CPU when not using a CNN policy (you are using ActorCriticPolicy which should be a MlpPolicy). See https://github.com/DLR-RM/stable-baselines3/issues/1245 for more info. You can pass `device='cpu'` or `export CUDA_VISIBLE_DEVICES=` to force using the CPU.Note: The model will train, but the GPU utilization will be poor and the training might take longer than on CPU.
  warnings.warn(
Loading env from data/ready_to_use_adaptive_bpic2012.csv ...
Training PPO for 300,000 timesteps (seed=42) ...
Using cuda device
Wrapping the env in a DummyVecEnv.
---------------------------------
| rollout/           |          |
|    ep_len_mean     | 2        |
|    ep_rew_mean     | -37.2    |
| time/              |          |
|    fps             | 301      |
|    iterations      | 1        |
|    time_elapsed    | 1        |
|    total_timesteps | 512      |
---------------------------------
-----------------------------------------
| rollout/                |             |
|    ep_len_mean          | 2.13        |
|    ep_rew_mean          | -25.8       |
| time/                   |             |
|    fps                  | 281         |
|    iterations           | 2           |
|    time_elapsed         | 3           |
|    total_timesteps      | 1024        |
| train/                  |             |
|    approx_kl            | 0.022381017 |
|    clip_fraction        | 0.154       |
|    clip_range           | 0.2         |
|    entropy_loss         | -0.684      |
|    explained_variance   | -1.55e-06   |
|    learning_rate        | 0.0003      |
|    loss                 | 4.18e+03    |
|    n_updates            | 5           |
|    policy_gradient_loss | -0.0278     |
|    value_loss           | 1.09e+04    |
-----------------------------------------
-----------------------------------------
| rollout/                |             |
|    ep_len_mean          | 3.07        |
|    ep_rew_mean          | -11.2       |
| time/                   |             |
|    fps                  | 297         |
|    iterations           | 3           |
|    time_elapsed         | 5           |
|    total_timesteps      | 1536        |
| train/                  |             |
|    approx_kl            | 0.012999658 |
|    clip_fraction        | 0.034       |
|    clip_range           | 0.2         |
|    entropy_loss         | -0.652      |
|    explained_variance   | 0.000364    |
|    learning_rate        | 0.0003      |
|    loss                 | 3.97e+03    |
|    n_updates            | 10          |
|    policy_gradient_loss | -0.0169     |
|    value_loss           | 9.04e+03    |
-----------------------------------------
-----------------------------------------
| rollout/                |             |
|    ep_len_mean          | 4.08        |
|    ep_rew_mean          | 0.75        |
| time/                   |             |
|    fps                  | 307         |
|    iterations           | 4           |
|    time_elapsed         | 6           |
|    total_timesteps      | 2048        |
| train/                  |             |
|    approx_kl            | 0.029260848 |
|    clip_fraction        | 0.198       |
|    clip_range           | 0.2         |
|    entropy_loss         | -0.545      |
|    explained_variance   | -0.000374   |
|    learning_rate        | 0.0003      |
|    loss                 | 1.04e+04    |
|    n_updates            | 15          |
|    policy_gradient_loss | -0.0221     |
|    value_loss           | 2.18e+04    |
-----------------------------------------
------------------------------------------
| rollout/                |              |
|    ep_len_mean          | 5            |
|    ep_rew_mean          | 73.8         |
| time/                   |              |
|    fps                  | 311          |
|    iterations           | 5            |
|    time_elapsed         | 8            |
|    total_timesteps      | 2560         |
| train/                  |              |
|    approx_kl            | 0.0084644165 |
|    clip_fraction        | 0.0535       |
|    clip_range           | 0.2          |
|    entropy_loss         | -0.466       |
|    explained_variance   | 0.000256     |
|    learning_rate        | 0.0003       |
|    loss                 | 1.19e+04     |
|    n_updates            | 20           |
|    policy_gradient_loss | -0.00467     |
|    value_loss           | 2.99e+04     |
------------------------------------------
-----------------------------------------
| rollout/                |             |
|    ep_len_mean          | 6.07        |
|    ep_rew_mean          | 115         |
| time/                   |             |
|    fps                  | 316         |
|    iterations           | 6           |
|    time_elapsed         | 9           |
|    total_timesteps      | 3072        |
| train/                  |             |
|    approx_kl            | 0.004871323 |
|    clip_fraction        | 0.0254      |
|    clip_range           | 0.2         |
|    entropy_loss         | -0.395      |
|    explained_variance   | 9.8e-05     |
|    learning_rate        | 0.0003      |
|    loss                 | 1.74e+04    |
|    n_updates            | 25          |
|    policy_gradient_loss | -0.0113     |
|    value_loss           | 4.09e+04    |
-----------------------------------------
-----------------------------------------
| rollout/                |             |
|    ep_len_mean          | 6.99        |
|    ep_rew_mean          | 54.5        |
| time/                   |             |
|    fps                  | 318         |
|    iterations           | 7           |
|    time_elapsed         | 11          |
|    total_timesteps      | 3584        |
| train/                  |             |
|    approx_kl            | 0.002680463 |
|    clip_fraction        | 0.00352     |
|    clip_range           | 0.2         |
|    entropy_loss         | -0.332      |
|    explained_variance   | -0.000193   |
|    learning_rate        | 0.0003      |
|    loss                 | 2.39e+04    |
|    n_updates            | 30          |
|    policy_gradient_loss | -0.0129     |
|    value_loss           | 4.02e+04    |
-----------------------------------------
------------------------------------------
| rollout/                |              |
|    ep_len_mean          | 8.52         |
|    ep_rew_mean          | 131          |
| time/                   |              |
|    fps                  | 318          |
|    iterations           | 8            |
|    time_elapsed         | 12           |
|    total_timesteps      | 4096         |
| train/                  |              |
|    approx_kl            | 0.0016884905 |
|    clip_fraction        | 0            |
|    clip_range           | 0.2          |
|    entropy_loss         | -0.286       |
|    explained_variance   | 0.000159     |
|    learning_rate        | 0.0003       |
|    loss                 | 3.99e+04     |
|    n_updates            | 35           |
|    policy_gradient_loss | -0.00232     |
|    value_loss           | 9.7e+04      |
------------------------------------------
------------------------------------------
| rollout/                |              |
|    ep_len_mean          | 8.81         |
|    ep_rew_mean          | 183          |
| time/                   |              |
|    fps                  | 317          |
|    iterations           | 9            |
|    time_elapsed         | 14           |
|    total_timesteps      | 4608         |
| train/                  |              |
|    approx_kl            | 0.0006556191 |
|    clip_fraction        | 0            |
|    clip_range           | 0.2          |
|    entropy_loss         | -0.256       |
|    explained_variance   | 0.000144     |
|    learning_rate        | 0.0003       |
|    loss                 | 6.14e+04     |
|    n_updates            | 40           |
|    policy_gradient_loss | -0.00473     |
|    value_loss           | 9.59e+04     |
------------------------------------------
-------------------------------------------
| rollout/                |               |
|    ep_len_mean          | 10.6          |
|    ep_rew_mean          | 246           |
| time/                   |               |
|    fps                  | 318           |
|    iterations           | 10            |
|    time_elapsed         | 16            |
|    total_timesteps      | 5120          |
| train/                  |               |
|    approx_kl            | 0.00028328702 |
|    clip_fraction        | 0             |
|    clip_range           | 0.2           |
|    entropy_loss         | -0.234        |
|    explained_variance   | 0.000212      |
|    learning_rate        | 0.0003        |
|    loss                 | 5.18e+04      |
|    n_updates            | 45            |
|    policy_gradient_loss | -0.00276      |
|    value_loss           | 1.09e+05      |
-------------------------------------------
-------------------------------------------
| rollout/                |               |
|    ep_len_mean          | 9.93          |
|    ep_rew_mean          | 278           |
| time/                   |               |
|    fps                  | 317           |
|    iterations           | 11            |
|    time_elapsed         | 17            |
|    total_timesteps      | 5632          |
| train/                  |               |
|    approx_kl            | 0.00029830402 |
|    clip_fraction        | 0             |
|    clip_range           | 0.2           |
|    entropy_loss         | -0.215        |
|    explained_variance   | 5.95e-05      |
|    learning_rate        | 0.0003        |
|    loss                 | 4.08e+04      |
|    n_updates            | 50            |
|    policy_gradient_loss | -0.00336      |
|    value_loss           | 8.84e+04      |
-------------------------------------------
-------------------------------------------
| rollout/                |               |
|    ep_len_mean          | 10.1          |
|    ep_rew_mean          | 198           |
| time/                   |               |
|    fps                  | 318           |
|    iterations           | 12            |
|    time_elapsed         | 19            |
|    total_timesteps      | 6144          |
| train/                  |               |
|    approx_kl            | 0.00051631115 |
|    clip_fraction        | 0             |
|    clip_range           | 0.2           |
|    entropy_loss         | -0.195        |
|    explained_variance   | 0.000243      |
|    learning_rate        | 0.0003        |
|    loss                 | 3.89e+04      |
|    n_updates            | 55            |
|    policy_gradient_loss | -0.00401      |
|    value_loss           | 7.3e+04       |
-------------------------------------------
-------------------------------------------
| rollout/                |               |
|    ep_len_mean          | 11.1          |
|    ep_rew_mean          | 182           |
| time/                   |               |
|    fps                  | 319           |
|    iterations           | 13            |
|    time_elapsed         | 20            |
|    total_timesteps      | 6656          |
| train/                  |               |
|    approx_kl            | 0.00036975893 |
|    clip_fraction        | 0             |
|    clip_range           | 0.2           |
|    entropy_loss         | -0.176        |
|    explained_variance   | -0.000159     |
|    learning_rate        | 0.0003        |
|    loss                 | 3.67e+04      |
|    n_updates            | 60            |
|    policy_gradient_loss | -0.00153      |
|    value_loss           | 8.06e+04      |
-------------------------------------------
------------------------------------------
| rollout/                |              |
|    ep_len_mean          | 13.7         |
|    ep_rew_mean          | 280          |
| time/                   |              |
|    fps                  | 319          |
|    iterations           | 14           |
|    time_elapsed         | 22           |
|    total_timesteps      | 7168         |
| train/                  |              |
|    approx_kl            | 4.929863e-05 |
|    clip_fraction        | 0            |
|    clip_range           | 0.2          |
|    entropy_loss         | -0.164       |
|    explained_variance   | 8.48e-05     |
|    learning_rate        | 0.0003       |
|    loss                 | 7.51e+04     |
|    n_updates            | 65           |
|    policy_gradient_loss | -0.00059     |
|    value_loss           | 1.5e+05      |
------------------------------------------
-------------------------------------------
| rollout/                |               |
|    ep_len_mean          | 14.6          |
|    ep_rew_mean          | 336           |
| time/                   |               |
|    fps                  | 318           |
|    iterations           | 15            |
|    time_elapsed         | 24            |
|    total_timesteps      | 7680          |
| train/                  |               |
|    approx_kl            | 1.9059167e-05 |
|    clip_fraction        | 0             |
|    clip_range           | 0.2           |
|    entropy_loss         | -0.159        |
|    explained_variance   | 0.000179      |
|    learning_rate        | 0.0003        |
|    loss                 | 1.05e+05      |
|    n_updates            | 70            |
|    policy_gradient_loss | -0.000549     |
|    value_loss           | 2.44e+05      |
-------------------------------------------
-------------------------------------------
| rollout/                |               |
|    ep_len_mean          | 15.7          |
|    ep_rew_mean          | 410           |
| time/                   |               |
|    fps                  | 318           |
|    iterations           | 16            |
|    time_elapsed         | 25            |
|    total_timesteps      | 8192          |
| train/                  |               |
|    approx_kl            | 4.1800435e-05 |
|    clip_fraction        | 0             |
|    clip_range           | 0.2           |
|    entropy_loss         | -0.152        |
|    explained_variance   | 4.13e-05      |
|    learning_rate        | 0.0003        |
|    loss                 | 1e+05         |
|    n_updates            | 75            |
|    policy_gradient_loss | -0.000471     |
|    value_loss           | 1.93e+05      |
-------------------------------------------
-------------------------------------------
| rollout/                |               |
|    ep_len_mean          | 15.4          |
|    ep_rew_mean          | 363           |
| time/                   |               |
|    fps                  | 319           |
|    iterations           | 17            |
|    time_elapsed         | 27            |
|    total_timesteps      | 8704          |
| train/                  |               |
|    approx_kl            | 5.3717988e-05 |
|    clip_fraction        | 0             |
|    clip_range           | 0.2           |
|    entropy_loss         | -0.149        |
|    explained_variance   | 1.6e-05       |
|    learning_rate        | 0.0003        |
|    loss                 | 5.75e+04      |
|    n_updates            | 80            |
|    policy_gradient_loss | -0.00108      |
|    value_loss           | 1.47e+05      |
-------------------------------------------
------------------------------------------
| rollout/                |              |
|    ep_len_mean          | 16.8         |
|    ep_rew_mean          | 419          |
| time/                   |              |
|    fps                  | 319          |
|    iterations           | 18           |
|    time_elapsed         | 28           |
|    total_timesteps      | 9216         |
| train/                  |              |
|    approx_kl            | 8.598319e-06 |
|    clip_fraction        | 0            |
|    clip_range           | 0.2          |
|    entropy_loss         | -0.14        |
|    explained_variance   | 1.85e-05     |
|    learning_rate        | 0.0003       |
|    loss                 | 8.44e+04     |
|    n_updates            | 85           |
|    policy_gradient_loss | -0.000208    |
|    value_loss           | 1.71e+05     |
------------------------------------------
------------------------------------------
| rollout/                |              |
|    ep_len_mean          | 19           |
|    ep_rew_mean          | 420          |
| time/                   |              |
|    fps                  | 319          |
|    iterations           | 19           |
|    time_elapsed         | 30           |
|    total_timesteps      | 9728         |
| train/                  |              |
|    approx_kl            | 4.440744e-05 |
|    clip_fraction        | 0            |
|    clip_range           | 0.2          |
|    entropy_loss         | -0.14        |
|    explained_variance   | 7.05e-05     |
|    learning_rate        | 0.0003       |
|    loss                 | 4.23e+04     |
|    n_updates            | 90           |
|    policy_gradient_loss | -0.000676    |
|    value_loss           | 8.78e+04     |
------------------------------------------
------------------------------------------
| rollout/                |              |
|    ep_len_mean          | 15.9         |
|    ep_rew_mean          | 268          |
| time/                   |              |
|    fps                  | 319          |
|    iterations           | 20           |
|    time_elapsed         | 32           |
|    total_timesteps      | 10240        |
| train/                  |              |
|    approx_kl            | 4.926289e-05 |
|    clip_fraction        | 0            |
|    clip_range           | 0.2          |
|    entropy_loss         | -0.132       |
|    explained_variance   | 7.63e-06     |
|    learning_rate        | 0.0003       |
|    loss                 | 5.67e+04     |
|    n_updates            | 95           |
|    policy_gradient_loss | -0.000633    |
|    value_loss           | 9.58e+04     |
------------------------------------------
-------------------------------------------
| rollout/                |               |
|    ep_len_mean          | 16.7          |
|    ep_rew_mean          | 332           |
| time/                   |               |
|    fps                  | 317           |
|    iterations           | 21            |
|    time_elapsed         | 33            |
|    total_timesteps      | 10752         |
| train/                  |               |
|    approx_kl            | 6.0507795e-05 |
|    clip_fraction        | 0             |
|    clip_range           | 0.2           |
|    entropy_loss         | -0.122        |
|    explained_variance   | -6.28e-05     |
|    learning_rate        | 0.0003        |
|    loss                 | 1.03e+05      |
|    n_updates            | 100           |
|    policy_gradient_loss | -0.000371     |
|    value_loss           | 2.17e+05      |
-------------------------------------------
------------------------------------------
| rollout/                |              |
|    ep_len_mean          | 16.6         |
|    ep_rew_mean          | 338          |
| time/                   |              |
|    fps                  | 317          |
|    iterations           | 22           |
|    time_elapsed         | 35           |
|    total_timesteps      | 11264        |
| train/                  |              |
|    approx_kl            | 5.112274e-05 |
|    clip_fraction        | 0            |
|    clip_range           | 0.2          |
|    entropy_loss         | -0.118       |
|    explained_variance   | 1.4e-05      |
|    learning_rate        | 0.0003       |
|    loss                 | 1.4e+05      |
|    n_updates            | 105          |
|    policy_gradient_loss | -0.000748    |
|    value_loss           | 1.8e+05      |
------------------------------------------
-------------------------------------------
| rollout/                |               |
|    ep_len_mean          | 16.6          |
|    ep_rew_mean          | 466           |
| time/                   |               |
|    fps                  | 317           |
|    iterations           | 23            |
|    time_elapsed         | 37            |
|    total_timesteps      | 11776         |
| train/                  |               |
|    approx_kl            | 1.9236002e-05 |
|    clip_fraction        | 0             |
|    clip_range           | 0.2           |
|    entropy_loss         | -0.113        |
|    explained_variance   | -1.31e-05     |
|    learning_rate        | 0.0003        |
|    loss                 | 6.55e+04      |
|    n_updates            | 110           |
|    policy_gradient_loss | -0.000358     |
|    value_loss           | 1.57e+05      |
-------------------------------------------
-------------------------------------------
| rollout/                |               |
|    ep_len_mean          | 16            |
|    ep_rew_mean          | 426           |
| time/                   |               |
|    fps                  | 316           |
|    iterations           | 24            |
|    time_elapsed         | 38            |
|    total_timesteps      | 12288         |
| train/                  |               |
|    approx_kl            | 3.4287223e-05 |
|    clip_fraction        | 0             |
|    clip_range           | 0.2           |
|    entropy_loss         | -0.108        |
|    explained_variance   | -2.78e-05     |
|    learning_rate        | 0.0003        |
|    loss                 | 8.44e+04      |
|    n_updates            | 115           |
|    policy_gradient_loss | -0.000617     |
|    value_loss           | 1.5e+05       |
-------------------------------------------
-------------------------------------------
| rollout/                |               |
|    ep_len_mean          | 18.4          |
|    ep_rew_mean          | 455           |
| time/                   |               |
|    fps                  | 315           |
|    iterations           | 25            |
|    time_elapsed         | 40            |
|    total_timesteps      | 12800         |
| train/                  |               |
|    approx_kl            | 6.6996785e-05 |
|    clip_fraction        | 0             |
|    clip_range           | 0.2           |
|    entropy_loss         | -0.104        |
|    explained_variance   | -1.82e-05     |
|    learning_rate        | 0.0003        |
|    loss                 | 7.5e+04       |
|    n_updates            | 120           |
|    policy_gradient_loss | -0.0011       |
|    value_loss           | 1.47e+05      |
-------------------------------------------
------------------------------------------
| rollout/                |              |
|    ep_len_mean          | 19.2         |
|    ep_rew_mean          | 405          |
| time/                   |              |
|    fps                  | 314          |
|    iterations           | 26           |
|    time_elapsed         | 42           |
|    total_timesteps      | 13312        |
| train/                  |              |
|    approx_kl            | 8.785282e-06 |
|    clip_fraction        | 0            |
|    clip_range           | 0.2          |
|    entropy_loss         | -0.0971      |
|    explained_variance   | -1.79e-06    |
|    learning_rate        | 0.0003       |
|    loss                 | 1.09e+05     |
|    n_updates            | 125          |
|    policy_gradient_loss | -0.000122    |
|    value_loss           | 2.37e+05     |
------------------------------------------
-------------------------------------------
| rollout/                |               |
|    ep_len_mean          | 17.8          |
|    ep_rew_mean          | 292           |
| time/                   |               |
|    fps                  | 313           |
|    iterations           | 27            |
|    time_elapsed         | 44            |
|    total_timesteps      | 13824         |
| train/                  |               |
|    approx_kl            | 1.2112549e-05 |
|    clip_fraction        | 0             |
|    clip_range           | 0.2           |
|    entropy_loss         | -0.0953       |
|    explained_variance   | -2.62e-06     |
|    learning_rate        | 0.0003        |
|    loss                 | 1.05e+05      |
|    n_updates            | 130           |
|    policy_gradient_loss | -0.00014      |
|    value_loss           | 1.79e+05      |
-------------------------------------------
------------------------------------------
| rollout/                |              |
|    ep_len_mean          | 15.6         |
|    ep_rew_mean          | 299          |
| time/                   |              |
|    fps                  | 312          |
|    iterations           | 28           |
|    time_elapsed         | 45           |
|    total_timesteps      | 14336        |
| train/                  |              |
|    approx_kl            | 8.947484e-05 |
|    clip_fraction        | 0            |
|    clip_range           | 0.2          |
|    entropy_loss         | -0.0902      |
|    explained_variance   | 2.69e-05     |
|    learning_rate        | 0.0003       |
|    loss                 | 7.04e+04     |
|    n_updates            | 135          |
|    policy_gradient_loss | -0.000724    |
|    value_loss           | 1.39e+05     |
------------------------------------------
------------------------------------------
| rollout/                |              |
|    ep_len_mean          | 18.2         |
|    ep_rew_mean          | 316          |
| time/                   |              |
|    fps                  | 311          |
|    iterations           | 29           |
|    time_elapsed         | 47           |
|    total_timesteps      | 14848        |
| train/                  |              |
|    approx_kl            | 2.214685e-05 |
|    clip_fraction        | 0            |
|    clip_range           | 0.2          |
|    entropy_loss         | -0.0849      |
|    explained_variance   | 2.01e-05     |
|    learning_rate        | 0.0003       |
|    loss                 | 5.6e+04      |
|    n_updates            | 140          |
|    policy_gradient_loss | -0.000561    |
|    value_loss           | 1.35e+05     |
------------------------------------------
-------------------------------------------
| rollout/                |               |
|    ep_len_mean          | 18.4          |
|    ep_rew_mean          | 428           |
| time/                   |               |
|    fps                  | 311           |
|    iterations           | 30            |
|    time_elapsed         | 49            |
|    total_timesteps      | 15360         |
| train/                  |               |
|    approx_kl            | 3.8821017e-06 |
|    clip_fraction        | 0             |
|    clip_range           | 0.2           |
|    entropy_loss         | -0.0841       |
|    explained_variance   | -3.46e-06     |
|    learning_rate        | 0.0003        |
|    loss                 | 9.99e+04      |
|    n_updates            | 145           |
|    policy_gradient_loss | -6.46e-05     |
|    value_loss           | 2.3e+05       |
-------------------------------------------
-------------------------------------------
| rollout/                |               |
|    ep_len_mean          | 19.9          |
|    ep_rew_mean          | 553           |
| time/                   |               |
|    fps                  | 311           |
|    iterations           | 31            |
|    time_elapsed         | 51            |
|    total_timesteps      | 15872         |
| train/                  |               |
|    approx_kl            | 3.3646007e-05 |
|    clip_fraction        | 0             |
|    clip_range           | 0.2           |
|    entropy_loss         | -0.0803       |
|    explained_variance   | -2.44e-05     |
|    learning_rate        | 0.0003        |
|    loss                 | 7.27e+04      |
|    n_updates            | 150           |
|    policy_gradient_loss | -0.00078      |
|    value_loss           | 1.49e+05      |
-------------------------------------------
-------------------------------------------
| rollout/                |               |
|    ep_len_mean          | 20.2          |
|    ep_rew_mean          | 522           |
| time/                   |               |
|    fps                  | 309           |
|    iterations           | 32            |
|    time_elapsed         | 52            |
|    total_timesteps      | 16384         |
| train/                  |               |
|    approx_kl            | 1.1709984e-05 |
|    clip_fraction        | 0             |
|    clip_range           | 0.2           |
|    entropy_loss         | -0.0746       |
|    explained_variance   | 1.81e-05      |
|    learning_rate        | 0.0003        |
|    loss                 | 1.33e+05      |
|    n_updates            | 155           |
|    policy_gradient_loss | -0.000357     |
|    value_loss           | 2.39e+05      |
-------------------------------------------
-------------------------------------------
| rollout/                |               |
|    ep_len_mean          | 20.1          |
|    ep_rew_mean          | 485           |
| time/                   |               |
|    fps                  | 309           |
|    iterations           | 33            |
|    time_elapsed         | 54            |
|    total_timesteps      | 16896         |
| train/                  |               |
|    approx_kl            | 2.3844535e-05 |
|    clip_fraction        | 0             |
|    clip_range           | 0.2           |
|    entropy_loss         | -0.0731       |
|    explained_variance   | -2.48e-05     |
|    learning_rate        | 0.0003        |
|    loss                 | 4.9e+04       |
|    n_updates            | 160           |
|    policy_gradient_loss | -0.000476     |
|    value_loss           | 1.21e+05      |
-------------------------------------------
-------------------------------------------
| rollout/                |               |
|    ep_len_mean          | 23.2          |
|    ep_rew_mean          | 456           |
| time/                   |               |
|    fps                  | 308           |
|    iterations           | 34            |
|    time_elapsed         | 56            |
|    total_timesteps      | 17408         |
| train/                  |               |
|    approx_kl            | 2.9410701e-05 |
|    clip_fraction        | 0             |
|    clip_range           | 0.2           |
|    entropy_loss         | -0.071        |
|    explained_variance   | -3.81e-06     |
|    learning_rate        | 0.0003        |
|    loss                 | 1.41e+05      |
|    n_updates            | 165           |
|    policy_gradient_loss | -5.02e-05     |
|    value_loss           | 2.65e+05      |
-------------------------------------------
-------------------------------------------
| rollout/                |               |
|    ep_len_mean          | 24.1          |
|    ep_rew_mean          | 427           |
| time/                   |               |
|    fps                  | 308           |
|    iterations           | 35            |
|    time_elapsed         | 58            |
|    total_timesteps      | 17920         |
| train/                  |               |
|    approx_kl            | 1.2728036e-05 |
|    clip_fraction        | 0             |
|    clip_range           | 0.2           |
|    entropy_loss         | -0.066        |
|    explained_variance   | -4.53e-06     |
|    learning_rate        | 0.0003        |
|    loss                 | 5.38e+04      |
|    n_updates            | 170           |
|    policy_gradient_loss | -0.000185     |
|    value_loss           | 1.24e+05      |
-------------------------------------------
------------------------------------------
| rollout/                |              |
|    ep_len_mean          | 25.5         |
|    ep_rew_mean          | 372          |
| time/                   |              |
|    fps                  | 308          |
|    iterations           | 36           |
|    time_elapsed         | 59           |
|    total_timesteps      | 18432        |
| train/                  |              |
|    approx_kl            | 7.361523e-06 |
|    clip_fraction        | 0            |
|    clip_range           | 0.2          |
|    entropy_loss         | -0.0642      |
|    explained_variance   | 2.16e-05     |
|    learning_rate        | 0.0003       |
|    loss                 | 8.25e+04     |
|    n_updates            | 175          |
|    policy_gradient_loss | -0.000191    |
|    value_loss           | 1.74e+05     |
------------------------------------------
-------------------------------------------
| rollout/                |               |
|    ep_len_mean          | 27            |
|    ep_rew_mean          | 372           |
| time/                   |               |
|    fps                  | 308           |
|    iterations           | 37            |
|    time_elapsed         | 61            |
|    total_timesteps      | 18944         |
| train/                  |               |
|    approx_kl            | 2.6017544e-05 |
|    clip_fraction        | 0             |
|    clip_range           | 0.2           |
|    entropy_loss         | -0.061        |
|    explained_variance   | -7.03e-06     |
|    learning_rate        | 0.0003        |
|    loss                 | 8.01e+04      |
|    n_updates            | 180           |
|    policy_gradient_loss | -0.000469     |
|    value_loss           | 1.45e+05      |
-------------------------------------------
-------------------------------------------
| rollout/                |               |
|    ep_len_mean          | 25.4          |
|    ep_rew_mean          | 466           |
| time/                   |               |
|    fps                  | 302           |
|    iterations           | 38            |
|    time_elapsed         | 64            |
|    total_timesteps      | 19456         |
| train/                  |               |
|    approx_kl            | 1.5556347e-05 |
|    clip_fraction        | 0             |
|    clip_range           | 0.2           |
|    entropy_loss         | -0.0593       |
|    explained_variance   | -2.43e-05     |
|    learning_rate        | 0.0003        |
|    loss                 | 7.6e+04       |
|    n_updates            | 185           |
|    policy_gradient_loss | -0.000207     |
|    value_loss           | 1.66e+05      |
-------------------------------------------
-------------------------------------------
| rollout/                |               |
|    ep_len_mean          | 27.6          |
|    ep_rew_mean          | 469           |
| time/                   |               |
|    fps                  | 297           |
|    iterations           | 39            |
|    time_elapsed         | 67            |
|    total_timesteps      | 19968         |
| train/                  |               |
|    approx_kl            | 1.4981837e-05 |
|    clip_fraction        | 0             |
|    clip_range           | 0.2           |
|    entropy_loss         | -0.0545       |
|    explained_variance   | -1.23e-05     |
|    learning_rate        | 0.0003        |
|    loss                 | 7.32e+04      |
|    n_updates            | 190           |
|    policy_gradient_loss | -0.000498     |
|    value_loss           | 1.59e+05      |
-------------------------------------------
-------------------------------------------
| rollout/                |               |
|    ep_len_mean          | 23.7          |
|    ep_rew_mean          | 465           |
| time/                   |               |
|    fps                  | 292           |
|    iterations           | 40            |
|    time_elapsed         | 70            |
|    total_timesteps      | 20480         |
| train/                  |               |
|    approx_kl            | 1.1937227e-06 |
|    clip_fraction        | 0             |
|    clip_range           | 0.2           |
|    entropy_loss         | -0.0545       |
|    explained_variance   | -5.01e-06     |
|    learning_rate        | 0.0003        |
|    loss                 | 1.36e+05      |
|    n_updates            | 195           |
|    policy_gradient_loss | -2.02e-05     |
|    value_loss           | 3.07e+05      |
-------------------------------------------
-------------------------------------------
| rollout/                |               |
|    ep_len_mean          | 24.8          |
|    ep_rew_mean          | 510           |
| time/                   |               |
|    fps                  | 288           |
|    iterations           | 41            |
|    time_elapsed         | 72            |
|    total_timesteps      | 20992         |
| train/                  |               |
|    approx_kl            | 2.5163521e-05 |
|    clip_fraction        | 0             |
|    clip_range           | 0.2           |
|    entropy_loss         | -0.0515       |
|    explained_variance   | -2.62e-06     |
|    learning_rate        | 0.0003        |
|    loss                 | 5.85e+04      |
|    n_updates            | 200           |
|    policy_gradient_loss | -0.000479     |
|    value_loss           | 1.18e+05      |
-------------------------------------------
-------------------------------------------
| rollout/                |               |
|    ep_len_mean          | 24.4          |
|    ep_rew_mean          | 471           |
| time/                   |               |
|    fps                  | 283           |
|    iterations           | 42            |
|    time_elapsed         | 75            |
|    total_timesteps      | 21504         |
| train/                  |               |
|    approx_kl            | 2.3497269e-06 |
|    clip_fraction        | 0             |
|    clip_range           | 0.2           |
|    entropy_loss         | -0.0508       |
|    explained_variance   | 4.89e-06      |
|    learning_rate        | 0.0003        |
|    loss                 | 5.82e+04      |
|    n_updates            | 205           |
|    policy_gradient_loss | -6.78e-05     |
|    value_loss           | 1.5e+05       |
-------------------------------------------
-------------------------------------------
| rollout/                |               |
|    ep_len_mean          | 24.8          |
|    ep_rew_mean          | 442           |
| time/                   |               |
|    fps                  | 279           |
|    iterations           | 43            |
|    time_elapsed         | 78            |
|    total_timesteps      | 22016         |
| train/                  |               |
|    approx_kl            | 1.1037337e-06 |
|    clip_fraction        | 0             |
|    clip_range           | 0.2           |
|    entropy_loss         | -0.0484       |
|    explained_variance   | 6.02e-06      |
|    learning_rate        | 0.0003        |
|    loss                 | 6.03e+04      |
|    n_updates            | 210           |
|    policy_gradient_loss | -3.02e-05     |
|    value_loss           | 1.61e+05      |
-------------------------------------------
-------------------------------------------
| rollout/                |               |
|    ep_len_mean          | 23.3          |
|    ep_rew_mean          | 491           |
| time/                   |               |
|    fps                  | 276           |
|    iterations           | 44            |
|    time_elapsed         | 81            |
|    total_timesteps      | 22528         |
| train/                  |               |
|    approx_kl            | 1.1201599e-05 |
|    clip_fraction        | 0             |
|    clip_range           | 0.2           |
|    entropy_loss         | -0.0481       |
|    explained_variance   | -4.89e-06     |
|    learning_rate        | 0.0003        |
|    loss                 | 1.05e+05      |
|    n_updates            | 215           |
|    policy_gradient_loss | -0.000308     |
|    value_loss           | 2.31e+05      |
-------------------------------------------
-------------------------------------------
| rollout/                |               |
|    ep_len_mean          | 26.1          |
|    ep_rew_mean          | 531           |
| time/                   |               |
|    fps                  | 272           |
|    iterations           | 45            |
|    time_elapsed         | 84            |
|    total_timesteps      | 23040         |
| train/                  |               |
|    approx_kl            | 7.7311415e-07 |
|    clip_fraction        | 0             |
|    clip_range           | 0.2           |
|    entropy_loss         | -0.0472       |
|    explained_variance   | -5.72e-06     |
|    learning_rate        | 0.0003        |
|    loss                 | 1.05e+05      |
|    n_updates            | 220           |
|    policy_gradient_loss | -5.65e-05     |
|    value_loss           | 2.28e+05      |
-------------------------------------------
------------------------------------------
| rollout/                |              |
|    ep_len_mean          | 27.2         |
|    ep_rew_mean          | 564          |
| time/                   |              |
|    fps                  | 269          |
|    iterations           | 46           |
|    time_elapsed         | 87           |
|    total_timesteps      | 23552        |
| train/                  |              |
|    approx_kl            | 6.718328e-07 |
|    clip_fraction        | 0            |
|    clip_range           | 0.2          |
|    entropy_loss         | -0.0448      |
|    explained_variance   | 2.68e-06     |
|    learning_rate        | 0.0003       |
|    loss                 | 7.56e+04     |
|    n_updates            | 225          |
|    policy_gradient_loss | -2.87e-05    |
|    value_loss           | 1.6e+05      |
------------------------------------------
-------------------------------------------
| rollout/                |               |
|    ep_len_mean          | 25.4          |
|    ep_rew_mean          | 563           |
| time/                   |               |
|    fps                  | 266           |
|    iterations           | 47            |
|    time_elapsed         | 90            |
|    total_timesteps      | 24064         |
| train/                  |               |
|    approx_kl            | 2.7088681e-06 |
|    clip_fraction        | 0             |
|    clip_range           | 0.2           |
|    entropy_loss         | -0.0458       |
|    explained_variance   | -1.61e-05     |
|    learning_rate        | 0.0003        |
|    loss                 | 7.81e+04      |
|    n_updates            | 230           |
|    policy_gradient_loss | -0.000116     |
|    value_loss           | 1.76e+05      |
-------------------------------------------
------------------------------------------
| rollout/                |              |
|    ep_len_mean          | 23.2         |
|    ep_rew_mean          | 484          |
| time/                   |              |
|    fps                  | 263          |
|    iterations           | 48           |
|    time_elapsed         | 93           |
|    total_timesteps      | 24576        |
| train/                  |              |
|    approx_kl            | 8.405303e-06 |
|    clip_fraction        | 0            |
|    clip_range           | 0.2          |
|    entropy_loss         | -0.0427      |
|    explained_variance   | 6.74e-06     |
|    learning_rate        | 0.0003       |
|    loss                 | 5.92e+04     |
|    n_updates            | 235          |
|    policy_gradient_loss | -4.04e-05    |
|    value_loss           | 1.33e+05     |
------------------------------------------
------------------------------------------
| rollout/                |              |
|    ep_len_mean          | 24.9         |
|    ep_rew_mean          | 516          |
| time/                   |              |
|    fps                  | 260          |
|    iterations           | 49           |
|    time_elapsed         | 96           |
|    total_timesteps      | 25088        |
| train/                  |              |
|    approx_kl            | 8.780626e-06 |
|    clip_fraction        | 0            |
|    clip_range           | 0.2          |
|    entropy_loss         | -0.0396      |
|    explained_variance   | 4.11e-06     |
|    learning_rate        | 0.0003       |
|    loss                 | 9.45e+04     |
|    n_updates            | 240          |
|    policy_gradient_loss | -0.000187    |
|    value_loss           | 1.72e+05     |
------------------------------------------
-------------------------------------------
| rollout/                |               |
|    ep_len_mean          | 26.6          |
|    ep_rew_mean          | 585           |
| time/                   |               |
|    fps                  | 257           |
|    iterations           | 50            |
|    time_elapsed         | 99            |
|    total_timesteps      | 25600         |
| train/                  |               |
|    approx_kl            | 2.7723145e-06 |
|    clip_fraction        | 0             |
|    clip_range           | 0.2           |
|    entropy_loss         | -0.0397       |
|    explained_variance   | 7.33e-06      |
|    learning_rate        | 0.0003        |
|    loss                 | 1.33e+05      |
|    n_updates            | 245           |
|    policy_gradient_loss | -9.82e-05     |
|    value_loss           | 2.39e+05      |
-------------------------------------------
-------------------------------------------
| rollout/                |               |
|    ep_len_mean          | 24.3          |
|    ep_rew_mean          | 607           |
| time/                   |               |
|    fps                  | 255           |
|    iterations           | 51            |
|    time_elapsed         | 102           |
|    total_timesteps      | 26112         |
| train/                  |               |
|    approx_kl            | 3.8683647e-06 |
|    clip_fraction        | 0             |
|    clip_range           | 0.2           |
|    entropy_loss         | -0.0406       |
|    explained_variance   | -4.29e-06     |
|    learning_rate        | 0.0003        |
|    loss                 | 1.35e+05      |
|    n_updates            | 250           |
|    policy_gradient_loss | -0.000133     |
|    value_loss           | 2.39e+05      |
-------------------------------------------
------------------------------------------
| rollout/                |              |
|    ep_len_mean          | 26.5         |
|    ep_rew_mean          | 686          |
| time/                   |              |
|    fps                  | 253          |
|    iterations           | 52           |
|    time_elapsed         | 105          |
|    total_timesteps      | 26624        |
| train/                  |              |
|    approx_kl            | 4.383386e-06 |
|    clip_fraction        | 0            |
|    clip_range           | 0.2          |
|    entropy_loss         | -0.0373      |
|    explained_variance   | -1.56e-05    |
|    learning_rate        | 0.0003       |
|    loss                 | 8.11e+04     |
|    n_updates            | 255          |
|    policy_gradient_loss | -0.000209    |
|    value_loss           | 1.83e+05     |
------------------------------------------
-------------------------------------------
| rollout/                |               |
|    ep_len_mean          | 29.2          |
|    ep_rew_mean          | 668           |
| time/                   |               |
|    fps                  | 250           |
|    iterations           | 53            |
|    time_elapsed         | 108           |
|    total_timesteps      | 27136         |
| train/                  |               |
|    approx_kl            | 1.0513468e-06 |
|    clip_fraction        | 0             |
|    clip_range           | 0.2           |
|    entropy_loss         | -0.0368       |
|    explained_variance   | -6.91e-06     |
|    learning_rate        | 0.0003        |
|    loss                 | 7.67e+04      |
|    n_updates            | 260           |
|    policy_gradient_loss | -5.53e-05     |
|    value_loss           | 1.69e+05      |
-------------------------------------------
-------------------------------------------
| rollout/                |               |
|    ep_len_mean          | 29.5          |
|    ep_rew_mean          | 527           |
| time/                   |               |
|    fps                  | 248           |
|    iterations           | 54            |
|    time_elapsed         | 111           |
|    total_timesteps      | 27648         |
| train/                  |               |
|    approx_kl            | 2.6287162e-05 |
|    clip_fraction        | 0             |
|    clip_range           | 0.2           |
|    entropy_loss         | -0.0354       |
|    explained_variance   | -5.96e-06     |
|    learning_rate        | 0.0003        |
|    loss                 | 9.89e+04      |
|    n_updates            | 265           |
|    policy_gradient_loss | -0.000128     |
|    value_loss           | 2.58e+05      |
-------------------------------------------
------------------------------------------
| rollout/                |              |
|    ep_len_mean          | 30.2         |
|    ep_rew_mean          | 536          |
| time/                   |              |
|    fps                  | 247          |
|    iterations           | 55           |
|    time_elapsed         | 113          |
|    total_timesteps      | 28160        |
| train/                  |              |
|    approx_kl            | 5.637645e-06 |
|    clip_fraction        | 0            |
|    clip_range           | 0.2          |
|    entropy_loss         | -0.0316      |
|    explained_variance   | -2.86e-06    |
|    learning_rate        | 0.0003       |
|    loss                 | 4.94e+04     |
|    n_updates            | 270          |
|    policy_gradient_loss | -2.06e-05    |
|    value_loss           | 1.2e+05      |
------------------------------------------
-------------------------------------------
| rollout/                |               |
|    ep_len_mean          | 31.4          |
|    ep_rew_mean          | 558           |
| time/                   |               |
|    fps                  | 244           |
|    iterations           | 56            |
|    time_elapsed         | 117           |
|    total_timesteps      | 28672         |
| train/                  |               |
|    approx_kl            | 7.0082024e-08 |
|    clip_fraction        | 0             |
|    clip_range           | 0.2           |
|    entropy_loss         | -0.0323       |
|    explained_variance   | 1.55e-06      |
|    learning_rate        | 0.0003        |
|    loss                 | 7.69e+04      |
|    n_updates            | 275           |
|    policy_gradient_loss | -6.92e-06     |
|    value_loss           | 1.62e+05      |
-------------------------------------------
---------------------------------------
| rollout/                |           |
|    ep_len_mean          | 36.5      |
|    ep_rew_mean          | 838       |
| time/                   |           |
|    fps                  | 243       |
|    iterations           | 57        |
|    time_elapsed         | 120       |
|    total_timesteps      | 29184     |
| train/                  |           |
|    approx_kl            | 0.0       |
|    clip_fraction        | 0         |
|    clip_range           | 0.2       |
|    entropy_loss         | -0.0339   |
|    explained_variance   | -4.05e-06 |
|    learning_rate        | 0.0003    |
|    loss                 | 2.65e+05  |
|    n_updates            | 280       |
|    policy_gradient_loss | -2.56e-07 |
|    value_loss           | 5.02e+05  |
---------------------------------------
------------------------------------------
| rollout/                |              |
|    ep_len_mean          | 37.4         |
|    ep_rew_mean          | 817          |
| time/                   |              |
|    fps                  | 241          |
|    iterations           | 58           |
|    time_elapsed         | 123          |
|    total_timesteps      | 29696        |
| train/                  |              |
|    approx_kl            | 4.916219e-07 |
|    clip_fraction        | 0            |
|    clip_range           | 0.2          |
|    entropy_loss         | -0.0344      |
|    explained_variance   | 3.81e-06     |
|    learning_rate        | 0.0003       |
|    loss                 | 2.73e+05     |
|    n_updates            | 285          |
|    policy_gradient_loss | -5.8e-05     |
|    value_loss           | 5.2e+05      |
------------------------------------------
-------------------------------------------
| rollout/                |               |
|    ep_len_mean          | 38            |
|    ep_rew_mean          | 784           |
| time/                   |               |
|    fps                  | 239           |
|    iterations           | 59            |
|    time_elapsed         | 126           |
|    total_timesteps      | 30208         |
| train/                  |               |
|    approx_kl            | 3.9313454e-07 |
|    clip_fraction        | 0             |
|    clip_range           | 0.2           |
|    entropy_loss         | -0.0316       |
|    explained_variance   | -2.15e-06     |
|    learning_rate        | 0.0003        |
|    loss                 | 1.33e+05      |
|    n_updates            | 290           |
|    policy_gradient_loss | -8.75e-06     |
|    value_loss           | 2.84e+05      |
-------------------------------------------
-------------------------------------------
| rollout/                |               |
|    ep_len_mean          | 35.5          |
|    ep_rew_mean          | 800           |
| time/                   |               |
|    fps                  | 237           |
|    iterations           | 60            |
|    time_elapsed         | 129           |
|    total_timesteps      | 30720         |
| train/                  |               |
|    approx_kl            | 1.6976846e-06 |
|    clip_fraction        | 0             |
|    clip_range           | 0.2           |
|    entropy_loss         | -0.03         |
|    explained_variance   | -4.65e-06     |
|    learning_rate        | 0.0003        |
|    loss                 | 4.8e+04       |
|    n_updates            | 295           |
|    policy_gradient_loss | -5.42e-05     |
|    value_loss           | 1.67e+05      |
-------------------------------------------
-------------------------------------------
| rollout/                |               |
|    ep_len_mean          | 36.2          |
|    ep_rew_mean          | 941           |
| time/                   |               |
|    fps                  | 235           |
|    iterations           | 61            |
|    time_elapsed         | 132           |
|    total_timesteps      | 31232         |
| train/                  |               |
|    approx_kl            | 1.5588012e-07 |
|    clip_fraction        | 0             |
|    clip_range           | 0.2           |
|    entropy_loss         | -0.03         |
|    explained_variance   | -3.58e-07     |
|    learning_rate        | 0.0003        |
|    loss                 | 1.26e+05      |
|    n_updates            | 300           |
|    policy_gradient_loss | -1.53e-05     |
|    value_loss           | 2.29e+05      |
-------------------------------------------
-------------------------------------------
| rollout/                |               |
|    ep_len_mean          | 39.2          |
|    ep_rew_mean          | 1.05e+03      |
| time/                   |               |
|    fps                  | 234           |
|    iterations           | 62            |
|    time_elapsed         | 135           |
|    total_timesteps      | 31744         |
| train/                  |               |
|    approx_kl            | 3.9734878e-06 |
|    clip_fraction        | 0             |
|    clip_range           | 0.2           |
|    entropy_loss         | -0.0286       |
|    explained_variance   | 0             |
|    learning_rate        | 0.0003        |
|    loss                 | 7.75e+04      |
|    n_updates            | 305           |
|    policy_gradient_loss | -0.000126     |
|    value_loss           | 1.78e+05      |
-------------------------------------------
-------------------------------------------
| rollout/                |               |
|    ep_len_mean          | 32            |
|    ep_rew_mean          | 750           |
| time/                   |               |
|    fps                  | 232           |
|    iterations           | 63            |
|    time_elapsed         | 138           |
|    total_timesteps      | 32256         |
| train/                  |               |
|    approx_kl            | 7.2969124e-07 |
|    clip_fraction        | 0             |
|    clip_range           | 0.2           |
|    entropy_loss         | -0.0303       |
|    explained_variance   | -2.86e-06     |
|    learning_rate        | 0.0003        |
|    loss                 | 2.14e+05      |
|    n_updates            | 310           |
|    policy_gradient_loss | -6.38e-05     |
|    value_loss           | 4.56e+05      |
-------------------------------------------
---------------------------------------
| rollout/                |           |
|    ep_len_mean          | 29.2      |
|    ep_rew_mean          | 730       |
| time/                   |           |
|    fps                  | 231       |
|    iterations           | 64        |
|    time_elapsed         | 141       |
|    total_timesteps      | 32768     |
| train/                  |           |
|    approx_kl            | 0.0       |
|    clip_fraction        | 0         |
|    clip_range           | 0.2       |
|    entropy_loss         | -0.0288   |
|    explained_variance   | -2.5e-06  |
|    learning_rate        | 0.0003    |
|    loss                 | 1.16e+05  |
|    n_updates            | 315       |
|    policy_gradient_loss | -3.31e-07 |
|    value_loss           | 2.47e+05  |
---------------------------------------
------------------------------------------
| rollout/                |              |
|    ep_len_mean          | 31.6         |
|    ep_rew_mean          | 823          |
| time/                   |              |
|    fps                  | 229          |
|    iterations           | 65           |
|    time_elapsed         | 144          |
|    total_timesteps      | 33280        |
| train/                  |              |
|    approx_kl            | 9.984942e-07 |
|    clip_fraction        | 0            |
|    clip_range           | 0.2          |
|    entropy_loss         | -0.0277      |
|    explained_variance   | 5.66e-06     |
|    learning_rate        | 0.0003       |
|    loss                 | 7.08e+04     |
|    n_updates            | 320          |
|    policy_gradient_loss | -3.49e-05    |
|    value_loss           | 1.47e+05     |
------------------------------------------
--------------------------------------------
| rollout/                |                |
|    ep_len_mean          | 37             |
|    ep_rew_mean          | 1.06e+03       |
| time/                   |                |
|    fps                  | 228            |
|    iterations           | 66             |
|    time_elapsed         | 147            |
|    total_timesteps      | 33792          |
| train/                  |                |
|    approx_kl            | 1.01164915e-07 |
|    clip_fraction        | 0              |
|    clip_range           | 0.2            |
|    entropy_loss         | -0.0303        |
|    explained_variance   | 4.77e-07       |
|    learning_rate        | 0.0003         |
|    loss                 | 3.39e+05       |
|    n_updates            | 325            |
|    policy_gradient_loss | -1.9e-05       |
|    value_loss           | 5.96e+05       |
--------------------------------------------
-------------------------------------------
| rollout/                |               |
|    ep_len_mean          | 39            |
|    ep_rew_mean          | 1.16e+03      |
| time/                   |               |
|    fps                  | 227           |
|    iterations           | 67            |
|    time_elapsed         | 150           |
|    total_timesteps      | 34304         |
| train/                  |               |
|    approx_kl            | 6.9115777e-07 |
|    clip_fraction        | 0             |
|    clip_range           | 0.2           |
|    entropy_loss         | -0.0275       |
|    explained_variance   | -2.98e-06     |
|    learning_rate        | 0.0003        |
|    loss                 | 1.94e+05      |
|    n_updates            | 330           |
|    policy_gradient_loss | -8.2e-05      |
|    value_loss           | 3.81e+05      |
-------------------------------------------
------------------------------------------
| rollout/                |              |
|    ep_len_mean          | 40.1         |
|    ep_rew_mean          | 1.22e+03     |
| time/                   |              |
|    fps                  | 226          |
|    iterations           | 68           |
|    time_elapsed         | 153          |
|    total_timesteps      | 34816        |
| train/                  |              |
|    approx_kl            | 6.718328e-06 |
|    clip_fraction        | 0            |
|    clip_range           | 0.2          |
|    entropy_loss         | -0.0257      |
|    explained_variance   | 4.77e-07     |
|    learning_rate        | 0.0003       |
|    loss                 | 8.29e+04     |
|    n_updates            | 335          |
|    policy_gradient_loss | -0.000181    |
|    value_loss           | 1.68e+05     |
------------------------------------------
-------------------------------------------
| rollout/                |               |
|    ep_len_mean          | 39.5          |
|    ep_rew_mean          | 1.14e+03      |
| time/                   |               |
|    fps                  | 225           |
|    iterations           | 69            |
|    time_elapsed         | 156           |
|    total_timesteps      | 35328         |
| train/                  |               |
|    approx_kl            | 1.5790574e-06 |
|    clip_fraction        | 0             |
|    clip_range           | 0.2           |
|    entropy_loss         | -0.026        |
|    explained_variance   | -4.53e-06     |
|    learning_rate        | 0.0003        |
|    loss                 | 1.51e+05      |
|    n_updates            | 340           |
|    policy_gradient_loss | -0.000116     |
|    value_loss           | 2.94e+05      |
-------------------------------------------
------------------------------------------
| rollout/                |              |
|    ep_len_mean          | 39.7         |
|    ep_rew_mean          | 1.15e+03     |
| time/                   |              |
|    fps                  | 224          |
|    iterations           | 70           |
|    time_elapsed         | 159          |
|    total_timesteps      | 35840        |
| train/                  |              |
|    approx_kl            | 2.363231e-07 |
|    clip_fraction        | 0            |
|    clip_range           | 0.2          |
|    entropy_loss         | -0.0253      |
|    explained_variance   | -4.89e-06    |
|    learning_rate        | 0.0003       |
|    loss                 | 9.05e+04     |
|    n_updates            | 345          |
|    policy_gradient_loss | -2.11e-05    |
|    value_loss           | 1.99e+05     |
------------------------------------------
-------------------------------------------
| rollout/                |               |
|    ep_len_mean          | 39.7          |
|    ep_rew_mean          | 1.14e+03      |
| time/                   |               |
|    fps                  | 223           |
|    iterations           | 71            |
|    time_elapsed         | 162           |
|    total_timesteps      | 36352         |
| train/                  |               |
|    approx_kl            | 3.2095704e-07 |
|    clip_fraction        | 0             |
|    clip_range           | 0.2           |
|    entropy_loss         | -0.0261       |
|    explained_variance   | 1.61e-06      |
|    learning_rate        | 0.0003        |
|    loss                 | 1.33e+05      |
|    n_updates            | 350           |
|    policy_gradient_loss | -2.43e-05     |
|    value_loss           | 2.66e+05      |
-------------------------------------------
------------------------------------------
| rollout/                |              |
|    ep_len_mean          | 39.3         |
|    ep_rew_mean          | 1.14e+03     |
| time/                   |              |
|    fps                  | 222          |
|    iterations           | 72           |
|    time_elapsed         | 165          |
|    total_timesteps      | 36864        |
| train/                  |              |
|    approx_kl            | 6.053597e-08 |
|    clip_fraction        | 0            |
|    clip_range           | 0.2          |
|    entropy_loss         | -0.0244      |
|    explained_variance   | -1.55e-06    |
|    learning_rate        | 0.0003       |
|    loss                 | 1.16e+05     |
|    n_updates            | 355          |
|    policy_gradient_loss | -4.65e-06    |
|    value_loss           | 2.33e+05     |
------------------------------------------
------------------------------------------
| rollout/                |              |
|    ep_len_mean          | 33.9         |
|    ep_rew_mean          | 838          |
| time/                   |              |
|    fps                  | 221          |
|    iterations           | 73           |
|    time_elapsed         | 168          |
|    total_timesteps      | 37376        |
| train/                  |              |
|    approx_kl            | 3.727735e-06 |
|    clip_fraction        | 0            |
|    clip_range           | 0.2          |
|    entropy_loss         | -0.0236      |
|    explained_variance   | -1.19e-06    |
|    learning_rate        | 0.0003       |
|    loss                 | 6.32e+04     |
|    n_updates            | 360          |
|    policy_gradient_loss | -4.7e-05     |
|    value_loss           | 1.2e+05      |
------------------------------------------
-------------------------------------------
| rollout/                |               |
|    ep_len_mean          | 33.4          |
|    ep_rew_mean          | 767           |
| time/                   |               |
|    fps                  | 220           |
|    iterations           | 74            |
|    time_elapsed         | 171           |
|    total_timesteps      | 37888         |
| train/                  |               |
|    approx_kl            | 1.1678785e-06 |
|    clip_fraction        | 0             |
|    clip_range           | 0.2           |
|    entropy_loss         | -0.0229       |
|    explained_variance   | -2.26e-06     |
|    learning_rate        | 0.0003        |
|    loss                 | 9.28e+04      |
|    n_updates            | 365           |
|    policy_gradient_loss | -7.61e-05     |
|    value_loss           | 1.97e+05      |
-------------------------------------------
-------------------------------------------
| rollout/                |               |
|    ep_len_mean          | 34.1          |
|    ep_rew_mean          | 726           |
| time/                   |               |
|    fps                  | 219           |
|    iterations           | 75            |
|    time_elapsed         | 174           |
|    total_timesteps      | 38400         |
| train/                  |               |
|    approx_kl            | 2.8465874e-06 |
|    clip_fraction        | 0             |
|    clip_range           | 0.2           |
|    entropy_loss         | -0.022        |
|    explained_variance   | 5.36e-07      |
|    learning_rate        | 0.0003        |
|    loss                 | 8.29e+04      |
|    n_updates            | 370           |
|    policy_gradient_loss | -3.13e-05     |
|    value_loss           | 1.59e+05      |
-------------------------------------------
--------------------------------------
| rollout/                |          |
|    ep_len_mean          | 37       |
|    ep_rew_mean          | 773      |
| time/                   |          |
|    fps                  | 219      |
|    iterations           | 76       |
|    time_elapsed         | 177      |
|    total_timesteps      | 38912    |
| train/                  |          |
|    approx_kl            | 0.0      |
|    clip_fraction        | 0        |
|    clip_range           | 0.2      |
|    entropy_loss         | -0.0214  |
|    explained_variance   | 5.36e-07 |
|    learning_rate        | 0.0003   |
|    loss                 | 9.63e+04 |
|    n_updates            | 375      |
|    policy_gradient_loss | 1.61e-07 |
|    value_loss           | 1.88e+05 |
--------------------------------------
-------------------------------------------
| rollout/                |               |
|    ep_len_mean          | 32.8          |
|    ep_rew_mean          | 557           |
| time/                   |               |
|    fps                  | 218           |
|    iterations           | 77            |
|    time_elapsed         | 180           |
|    total_timesteps      | 39424         |
| train/                  |               |
|    approx_kl            | 2.6193447e-08 |
|    clip_fraction        | 0             |
|    clip_range           | 0.2           |
|    entropy_loss         | -0.0221       |
|    explained_variance   | -2.74e-06     |
|    learning_rate        | 0.0003        |
|    loss                 | 9.4e+04       |
|    n_updates            | 380           |
|    policy_gradient_loss | -2.25e-06     |
|    value_loss           | 1.74e+05      |
-------------------------------------------
------------------------------------------
| rollout/                |              |
|    ep_len_mean          | 32           |
|    ep_rew_mean          | 619          |
| time/                   |              |
|    fps                  | 217          |
|    iterations           | 78           |
|    time_elapsed         | 183          |
|    total_timesteps      | 39936        |
| train/                  |              |
|    approx_kl            | 5.926704e-07 |
|    clip_fraction        | 0            |
|    clip_range           | 0.2          |
|    entropy_loss         | -0.0204      |
|    explained_variance   | -1.19e-07    |
|    learning_rate        | 0.0003       |
|    loss                 | 7.69e+04     |
|    n_updates            | 385          |
|    policy_gradient_loss | -3.18e-05    |
|    value_loss           | 1.66e+05     |
------------------------------------------
-------------------------------------------
| rollout/                |               |
|    ep_len_mean          | 37.4          |
|    ep_rew_mean          | 888           |
| time/                   |               |
|    fps                  | 216           |
|    iterations           | 79            |
|    time_elapsed         | 186           |
|    total_timesteps      | 40448         |
| train/                  |               |
|    approx_kl            | 1.4400575e-07 |
|    clip_fraction        | 0             |
|    clip_range           | 0.2           |
|    entropy_loss         | -0.0218       |
|    explained_variance   | -2.74e-06     |
|    learning_rate        | 0.0003        |
|    loss                 | 2.3e+05       |
|    n_updates            | 390           |
|    policy_gradient_loss | -2.58e-05     |
|    value_loss           | 4.68e+05      |
-------------------------------------------
-------------------------------------------
| rollout/                |               |
|    ep_len_mean          | 35.8          |
|    ep_rew_mean          | 904           |
| time/                   |               |
|    fps                  | 216           |
|    iterations           | 80            |
|    time_elapsed         | 189           |
|    total_timesteps      | 40960         |
| train/                  |               |
|    approx_kl            | 8.6962245e-08 |
|    clip_fraction        | 0             |
|    clip_range           | 0.2           |
|    entropy_loss         | -0.0221       |
|    explained_variance   | 1.13e-06      |
|    learning_rate        | 0.0003        |
|    loss                 | 2.33e+05      |
|    n_updates            | 395           |
|    policy_gradient_loss | -1.87e-05     |
|    value_loss           | 4.94e+05      |
-------------------------------------------
------------------------------------------
| rollout/                |              |
|    ep_len_mean          | 36           |
|    ep_rew_mean          | 996          |
| time/                   |              |
|    fps                  | 215          |
|    iterations           | 81           |
|    time_elapsed         | 192          |
|    total_timesteps      | 41472        |
| train/                  |              |
|    approx_kl            | 5.587237e-06 |
|    clip_fraction        | 0            |
|    clip_range           | 0.2          |
|    entropy_loss         | -0.0207      |
|    explained_variance   | -3.81e-06    |
|    learning_rate        | 0.0003       |
|    loss                 | 1.44e+05     |
|    n_updates            | 400          |
|    policy_gradient_loss | -0.000187    |
|    value_loss           | 3.07e+05     |
------------------------------------------
---------------------------------------
| rollout/                |           |
|    ep_len_mean          | 31.3      |
|    ep_rew_mean          | 970       |
| time/                   |           |
|    fps                  | 215       |
|    iterations           | 82        |
|    time_elapsed         | 195       |
|    total_timesteps      | 41984     |
| train/                  |           |
|    approx_kl            | 0.0       |
|    clip_fraction        | 0         |
|    clip_range           | 0.2       |
|    entropy_loss         | -0.0198   |
|    explained_variance   | -2.86e-06 |
|    learning_rate        | 0.0003    |
|    loss                 | 1.3e+05   |
|    n_updates            | 405       |
|    policy_gradient_loss | -7.74e-07 |
|    value_loss           | 2.63e+05  |
---------------------------------------
------------------------------------------
| rollout/                |              |
|    ep_len_mean          | 31.5         |
|    ep_rew_mean          | 1.06e+03     |
| time/                   |              |
|    fps                  | 214          |
|    iterations           | 83           |
|    time_elapsed         | 198          |
|    total_timesteps      | 42496        |
| train/                  |              |
|    approx_kl            | 6.204937e-08 |
|    clip_fraction        | 0            |
|    clip_range           | 0.2          |
|    entropy_loss         | -0.0197      |
|    explained_variance   | -2.26e-06    |
|    learning_rate        | 0.0003       |
|    loss                 | 1.04e+05     |
|    n_updates            | 410          |
|    policy_gradient_loss | -4.42e-06    |
|    value_loss           | 1.65e+05     |
------------------------------------------
--------------------------------------
| rollout/                |          |
|    ep_len_mean          | 27.1     |
|    ep_rew_mean          | 783      |
| time/                   |          |
|    fps                  | 213      |
|    iterations           | 84       |
|    time_elapsed         | 201      |
|    total_timesteps      | 43008    |
| train/                  |          |
|    approx_kl            | 0.0      |
|    clip_fraction        | 0        |
|    clip_range           | 0.2      |
|    entropy_loss         | -0.0199  |
|    explained_variance   | 2.74e-06 |
|    learning_rate        | 0.0003   |
|    loss                 | 9.18e+04 |
|    n_updates            | 415      |
|    policy_gradient_loss | 4.71e-08 |
|    value_loss           | 1.64e+05 |
--------------------------------------
-------------------------------------------
| rollout/                |               |
|    ep_len_mean          | 25.6          |
|    ep_rew_mean          | 701           |
| time/                   |               |
|    fps                  | 213           |
|    iterations           | 85            |
|    time_elapsed         | 204           |
|    total_timesteps      | 43520         |
| train/                  |               |
|    approx_kl            | 2.9755756e-07 |
|    clip_fraction        | 0             |
|    clip_range           | 0.2           |
|    entropy_loss         | -0.0197       |
|    explained_variance   | -4.77e-07     |
|    learning_rate        | 0.0003        |
|    loss                 | 1.47e+05      |
|    n_updates            | 420           |
|    policy_gradient_loss | -1.58e-05     |
|    value_loss           | 2.83e+05      |
-------------------------------------------
------------------------------------------
| rollout/                |              |
|    ep_len_mean          | 28.8         |
|    ep_rew_mean          | 772          |
| time/                   |              |
|    fps                  | 212          |
|    iterations           | 86           |
|    time_elapsed         | 207          |
|    total_timesteps      | 44032        |
| train/                  |              |
|    approx_kl            | 6.196089e-06 |
|    clip_fraction        | 0            |
|    clip_range           | 0.2          |
|    entropy_loss         | -0.0183      |
|    explained_variance   | -8.34e-07    |
|    learning_rate        | 0.0003       |
|    loss                 | 5.18e+04     |
|    n_updates            | 425          |
|    policy_gradient_loss | -0.000139    |
|    value_loss           | 1.19e+05     |
------------------------------------------
-------------------------------------------
| rollout/                |               |
|    ep_len_mean          | 27.4          |
|    ep_rew_mean          | 719           |
| time/                   |               |
|    fps                  | 212           |
|    iterations           | 87            |
|    time_elapsed         | 210           |
|    total_timesteps      | 44544         |
| train/                  |               |
|    approx_kl            | 1.6451813e-06 |
|    clip_fraction        | 0             |
|    clip_range           | 0.2           |
|    entropy_loss         | -0.0184       |
|    explained_variance   | 1.79e-07      |
|    learning_rate        | 0.0003        |
|    loss                 | 8.74e+04      |
|    n_updates            | 430           |
|    policy_gradient_loss | -4.88e-05     |
|    value_loss           | 2.3e+05       |
-------------------------------------------
-------------------------------------------
| rollout/                |               |
|    ep_len_mean          | 27.8          |
|    ep_rew_mean          | 762           |
| time/                   |               |
|    fps                  | 211           |
|    iterations           | 88            |
|    time_elapsed         | 213           |
|    total_timesteps      | 45056         |
| train/                  |               |
|    approx_kl            | 1.7039711e-06 |
|    clip_fraction        | 0             |
|    clip_range           | 0.2           |
|    entropy_loss         | -0.0171       |
|    explained_variance   | 1.79e-07      |
|    learning_rate        | 0.0003        |
|    loss                 | 9.31e+04      |
|    n_updates            | 435           |
|    policy_gradient_loss | -7.81e-05     |
|    value_loss           | 2.17e+05      |
-------------------------------------------
-------------------------------------------
| rollout/                |               |
|    ep_len_mean          | 35.5          |
|    ep_rew_mean          | 1.12e+03      |
| time/                   |               |
|    fps                  | 210           |
|    iterations           | 89            |
|    time_elapsed         | 216           |
|    total_timesteps      | 45568         |
| train/                  |               |
|    approx_kl            | 2.4295878e-07 |
|    clip_fraction        | 0             |
|    clip_range           | 0.2           |
|    entropy_loss         | -0.0188       |
|    explained_variance   | 0             |
|    learning_rate        | 0.0003        |
|    loss                 | 2.68e+05      |
|    n_updates            | 440           |
|    policy_gradient_loss | -3.89e-05     |
|    value_loss           | 5.54e+05      |
-------------------------------------------
------------------------------------------
| rollout/                |              |
|    ep_len_mean          | 33.9         |
|    ep_rew_mean          | 1.06e+03     |
| time/                   |              |
|    fps                  | 210          |
|    iterations           | 90           |
|    time_elapsed         | 219          |
|    total_timesteps      | 46080        |
| train/                  |              |
|    approx_kl            | 6.277114e-07 |
|    clip_fraction        | 0            |
|    clip_range           | 0.2          |
|    entropy_loss         | -0.0182      |
|    explained_variance   | -1.07e-06    |
|    learning_rate        | 0.0003       |
|    loss                 | 2.45e+05     |
|    n_updates            | 445          |
|    policy_gradient_loss | -5.35e-05    |
|    value_loss           | 4.3e+05      |
------------------------------------------
-------------------------------------------
| rollout/                |               |
|    ep_len_mean          | 34.1          |
|    ep_rew_mean          | 1.08e+03      |
| time/                   |               |
|    fps                  | 209           |
|    iterations           | 91            |
|    time_elapsed         | 222           |
|    total_timesteps      | 46592         |
| train/                  |               |
|    approx_kl            | 2.0794105e-06 |
|    clip_fraction        | 0             |
|    clip_range           | 0.2           |
|    entropy_loss         | -0.0166       |
|    explained_variance   | -1.07e-06     |
|    learning_rate        | 0.0003        |
|    loss                 | 9.14e+04      |
|    n_updates            | 450           |
|    policy_gradient_loss | -0.000105     |
|    value_loss           | 2.01e+05      |
-------------------------------------------
------------------------------------------
| rollout/                |              |
|    ep_len_mean          | 36           |
|    ep_rew_mean          | 1.07e+03     |
| time/                   |              |
|    fps                  | 209          |
|    iterations           | 92           |
|    time_elapsed         | 224          |
|    total_timesteps      | 47104        |
| train/                  |              |
|    approx_kl            | 2.400484e-07 |
|    clip_fraction        | 0            |
|    clip_range           | 0.2          |
|    entropy_loss         | -0.0161      |
|    explained_variance   | 2.15e-06     |
|    learning_rate        | 0.0003       |
|    loss                 | 9.34e+04     |
|    n_updates            | 455          |
|    policy_gradient_loss | -1.32e-05    |
|    value_loss           | 1.93e+05     |
------------------------------------------
-------------------------------------------
| rollout/                |               |
|    ep_len_mean          | 34.2          |
|    ep_rew_mean          | 1.06e+03      |
| time/                   |               |
|    fps                  | 208           |
|    iterations           | 93            |
|    time_elapsed         | 227           |
|    total_timesteps      | 47616         |
| train/                  |               |
|    approx_kl            | 2.7941307e-05 |
|    clip_fraction        | 0             |
|    clip_range           | 0.2           |
|    entropy_loss         | -0.0155       |
|    explained_variance   | 2.5e-06       |
|    learning_rate        | 0.0003        |
|    loss                 | 8.87e+04      |
|    n_updates            | 460           |
|    policy_gradient_loss | -0.00021      |
|    value_loss           | 1.7e+05       |
-------------------------------------------
-------------------------------------------
| rollout/                |               |
|    ep_len_mean          | 27            |
|    ep_rew_mean          | 636           |
| time/                   |               |
|    fps                  | 208           |
|    iterations           | 94            |
|    time_elapsed         | 230           |
|    total_timesteps      | 48128         |
| train/                  |               |
|    approx_kl            | 3.3729011e-06 |
|    clip_fraction        | 0             |
|    clip_range           | 0.2           |
|    entropy_loss         | -0.0145       |
|    explained_variance   | -3.1e-06      |
|    learning_rate        | 0.0003        |
|    loss                 | 1.02e+05      |
|    n_updates            | 465           |
|    policy_gradient_loss | -0.000115     |
|    value_loss           | 2.02e+05      |
-------------------------------------------
---------------------------------------
| rollout/                |           |
|    ep_len_mean          | 28.3      |
|    ep_rew_mean          | 617       |
| time/                   |           |
|    fps                  | 208       |
|    iterations           | 95        |
|    time_elapsed         | 233       |
|    total_timesteps      | 48640     |
| train/                  |           |
|    approx_kl            | 0.0       |
|    clip_fraction        | 0         |
|    clip_range           | 0.2       |
|    entropy_loss         | -0.0139   |
|    explained_variance   | -9.54e-07 |
|    learning_rate        | 0.0003    |
|    loss                 | 8.8e+04   |
|    n_updates            | 470       |
|    policy_gradient_loss | -2.51e-07 |
|    value_loss           | 1.69e+05  |
---------------------------------------
------------------------------------------
| rollout/                |              |
|    ep_len_mean          | 30.3         |
|    ep_rew_mean          | 669          |
| time/                   |              |
|    fps                  | 207          |
|    iterations           | 96           |
|    time_elapsed         | 236          |
|    total_timesteps      | 49152        |
| train/                  |              |
|    approx_kl            | 6.635673e-08 |
|    clip_fraction        | 0            |
|    clip_range           | 0.2          |
|    entropy_loss         | -0.0143      |
|    explained_variance   | 8.94e-07     |
|    learning_rate        | 0.0003       |
|    loss                 | 7.53e+04     |
|    n_updates            | 475          |
|    policy_gradient_loss | -3.91e-06    |
|    value_loss           | 1.95e+05     |
------------------------------------------
-------------------------------------------
| rollout/                |               |
|    ep_len_mean          | 31            |
|    ep_rew_mean          | 662           |
| time/                   |               |
|    fps                  | 207           |
|    iterations           | 97            |
|    time_elapsed         | 239           |
|    total_timesteps      | 49664         |
| train/                  |               |
|    approx_kl            | 1.9487925e-07 |
|    clip_fraction        | 0             |
|    clip_range           | 0.2           |
|    entropy_loss         | -0.0141       |
|    explained_variance   | -3.58e-07     |
|    learning_rate        | 0.0003        |
|    loss                 | 7.22e+04      |
|    n_updates            | 480           |
|    policy_gradient_loss | -1.75e-05     |
|    value_loss           | 2.14e+05      |
-------------------------------------------
-------------------------------------------
| rollout/                |               |
|    ep_len_mean          | 31.7          |
|    ep_rew_mean          | 720           |
| time/                   |               |
|    fps                  | 207           |
|    iterations           | 98            |
|    time_elapsed         | 242           |
|    total_timesteps      | 50176         |
| train/                  |               |
|    approx_kl            | 3.4854747e-07 |
|    clip_fraction        | 0             |
|    clip_range           | 0.2           |
|    entropy_loss         | -0.0136       |
|    explained_variance   | 0             |
|    learning_rate        | 0.0003        |
|    loss                 | 8.81e+04      |
|    n_updates            | 485           |
|    policy_gradient_loss | -1.87e-05     |
|    value_loss           | 1.77e+05      |
-------------------------------------------
--------------------------------------
| rollout/                |          |
|    ep_len_mean          | 34.2     |
|    ep_rew_mean          | 724      |
| time/                   |          |
|    fps                  | 206      |
|    iterations           | 99       |
|    time_elapsed         | 245      |
|    total_timesteps      | 50688    |
| train/                  |          |
|    approx_kl            | 0.0      |
|    clip_fraction        | 0        |
|    clip_range           | 0.2      |
|    entropy_loss         | -0.0132  |
|    explained_variance   | 5.96e-08 |
|    learning_rate        | 0.0003   |
|    loss                 | 9.28e+04 |
|    n_updates            | 490      |
|    policy_gradient_loss | 2.35e-08 |
|    value_loss           | 2.34e+05 |
--------------------------------------
---------------------------------------
| rollout/                |           |
|    ep_len_mean          | 33.4      |
|    ep_rew_mean          | 735       |
| time/                   |           |
|    fps                  | 206       |
|    iterations           | 100       |
|    time_elapsed         | 248       |
|    total_timesteps      | 51200     |
| train/                  |           |
|    approx_kl            | 0.0       |
|    clip_fraction        | 0         |
|    clip_range           | 0.2       |
|    entropy_loss         | -0.0138   |
|    explained_variance   | -3.58e-07 |
|    learning_rate        | 0.0003    |
|    loss                 | 8.12e+04  |
|    n_updates            | 495       |
|    policy_gradient_loss | -1.76e-08 |
|    value_loss           | 1.48e+05  |
---------------------------------------
-------------------------------------------
| rollout/                |               |
|    ep_len_mean          | 37.1          |
|    ep_rew_mean          | 895           |
| time/                   |               |
|    fps                  | 205           |
|    iterations           | 101           |
|    time_elapsed         | 251           |
|    total_timesteps      | 51712         |
| train/                  |               |
|    approx_kl            | 1.3259705e-07 |
|    clip_fraction        | 0             |
|    clip_range           | 0.2           |
|    entropy_loss         | -0.014        |
|    explained_variance   | -8.34e-07     |
|    learning_rate        | 0.0003        |
|    loss                 | 1.48e+05      |
|    n_updates            | 500           |
|    policy_gradient_loss | -1.91e-05     |
|    value_loss           | 2.96e+05      |
-------------------------------------------
---------------------------------------
| rollout/                |           |
|    ep_len_mean          | 33.6      |
|    ep_rew_mean          | 843       |
| time/                   |           |
|    fps                  | 205       |
|    iterations           | 102       |
|    time_elapsed         | 254       |
|    total_timesteps      | 52224     |
| train/                  |           |
|    approx_kl            | 0.0       |
|    clip_fraction        | 0         |
|    clip_range           | 0.2       |
|    entropy_loss         | -0.0137   |
|    explained_variance   | -1.67e-06 |
|    learning_rate        | 0.0003    |
|    loss                 | 1.61e+05  |
|    n_updates            | 505       |
|    policy_gradient_loss | -2.5e-07  |
|    value_loss           | 2.58e+05  |
---------------------------------------
---------------------------------------
| rollout/                |           |
|    ep_len_mean          | 34.7      |
|    ep_rew_mean          | 783       |
| time/                   |           |
|    fps                  | 205       |
|    iterations           | 103       |
|    time_elapsed         | 257       |
|    total_timesteps      | 52736     |
| train/                  |           |
|    approx_kl            | 0.0       |
|    clip_fraction        | 0         |
|    clip_range           | 0.2       |
|    entropy_loss         | -0.0127   |
|    explained_variance   | 0         |
|    learning_rate        | 0.0003    |
|    loss                 | 8.45e+04  |
|    n_updates            | 510       |
|    policy_gradient_loss | -6.43e-09 |
|    value_loss           | 1.66e+05  |
---------------------------------------
--------------------------------------
| rollout/                |          |
|    ep_len_mean          | 36.5     |
|    ep_rew_mean          | 798      |
| time/                   |          |
|    fps                  | 204      |
|    iterations           | 104      |
|    time_elapsed         | 260      |
|    total_timesteps      | 53248    |
| train/                  |          |
|    approx_kl            | 0.0      |
|    clip_fraction        | 0        |
|    clip_range           | 0.2      |
|    entropy_loss         | -0.0132  |
|    explained_variance   | 6.56e-07 |
|    learning_rate        | 0.0003   |
|    loss                 | 9.6e+04  |
|    n_updates            | 515      |
|    policy_gradient_loss | -7.1e-09 |
|    value_loss           | 1.62e+05 |
--------------------------------------
---------------------------------------
| rollout/                |           |
|    ep_len_mean          | 38.1      |
|    ep_rew_mean          | 806       |
| time/                   |           |
|    fps                  | 204       |
|    iterations           | 105       |
|    time_elapsed         | 262       |
|    total_timesteps      | 53760     |
| train/                  |           |
|    approx_kl            | 0.0       |
|    clip_fraction        | 0         |
|    clip_range           | 0.2       |
|    entropy_loss         | -0.0133   |
|    explained_variance   | 5.96e-08  |
|    learning_rate        | 0.0003    |
|    loss                 | 1.18e+05  |
|    n_updates            | 520       |
|    policy_gradient_loss | -2.37e-09 |
|    value_loss           | 2.37e+05  |
---------------------------------------
---------------------------------------
| rollout/                |           |
|    ep_len_mean          | 34.7      |
|    ep_rew_mean          | 780       |
| time/                   |           |
|    fps                  | 204       |
|    iterations           | 106       |
|    time_elapsed         | 265       |
|    total_timesteps      | 54272     |
| train/                  |           |
|    approx_kl            | 0.0       |
|    clip_fraction        | 0         |
|    clip_range           | 0.2       |
|    entropy_loss         | -0.013    |
|    explained_variance   | 9.54e-07  |
|    learning_rate        | 0.0003    |
|    loss                 | 1.28e+05  |
|    n_updates            | 525       |
|    policy_gradient_loss | -9.57e-09 |
|    value_loss           | 2.36e+05  |
---------------------------------------
---------------------------------------
| rollout/                |           |
|    ep_len_mean          | 30.8      |
|    ep_rew_mean          | 610       |
| time/                   |           |
|    fps                  | 203       |
|    iterations           | 107       |
|    time_elapsed         | 268       |
|    total_timesteps      | 54784     |
| train/                  |           |
|    approx_kl            | 0.0       |
|    clip_fraction        | 0         |
|    clip_range           | 0.2       |
|    entropy_loss         | -0.0131   |
|    explained_variance   | 5.96e-07  |
|    learning_rate        | 0.0003    |
|    loss                 | 5.03e+04  |
|    n_updates            | 530       |
|    policy_gradient_loss | -9.97e-09 |
|    value_loss           | 1.23e+05  |
---------------------------------------
-------------------------------------------
| rollout/                |               |
|    ep_len_mean          | 32            |
|    ep_rew_mean          | 590           |
| time/                   |               |
|    fps                  | 203           |
|    iterations           | 108           |
|    time_elapsed         | 271           |
|    total_timesteps      | 55296         |
| train/                  |               |
|    approx_kl            | 2.6996713e-07 |
|    clip_fraction        | 0             |
|    clip_range           | 0.2           |
|    entropy_loss         | -0.0132       |
|    explained_variance   | -1.91e-06     |
|    learning_rate        | 0.0003        |
|    loss                 | 1.02e+05      |
|    n_updates            | 535           |
|    policy_gradient_loss | -1.29e-05     |
|    value_loss           | 2.14e+05      |
-------------------------------------------
---------------------------------------
| rollout/                |           |
|    ep_len_mean          | 34        |
|    ep_rew_mean          | 632       |
| time/                   |           |
|    fps                  | 202       |
|    iterations           | 109       |
|    time_elapsed         | 274       |
|    total_timesteps      | 55808     |
| train/                  |           |
|    approx_kl            | 0.0       |
|    clip_fraction        | 0         |
|    clip_range           | 0.2       |
|    entropy_loss         | -0.0127   |
|    explained_variance   | 7.75e-07  |
|    learning_rate        | 0.0003    |
|    loss                 | 1.24e+05  |
|    n_updates            | 540       |
|    policy_gradient_loss | -3.24e-08 |
|    value_loss           | 2.26e+05  |
---------------------------------------
--------------------------------------------
| rollout/                |                |
|    ep_len_mean          | 35.5           |
|    ep_rew_mean          | 759            |
| time/                   |                |
|    fps                  | 202            |
|    iterations           | 110            |
|    time_elapsed         | 278            |
|    total_timesteps      | 56320          |
| train/                  |                |
|    approx_kl            | -2.6659109e-08 |
|    clip_fraction        | 0              |
|    clip_range           | 0.2            |
|    entropy_loss         | -0.014         |
|    explained_variance   | 7.75e-07       |
|    learning_rate        | 0.0003         |
|    loss                 | 3.22e+05       |
|    n_updates            | 545            |
|    policy_gradient_loss | -6.08e-09      |
|    value_loss           | 5.42e+05       |
--------------------------------------------
-------------------------------------------
| rollout/                |               |
|    ep_len_mean          | 34.5          |
|    ep_rew_mean          | 744           |
| time/                   |               |
|    fps                  | 202           |
|    iterations           | 111           |
|    time_elapsed         | 281           |
|    total_timesteps      | 56832         |
| train/                  |               |
|    approx_kl            | 2.1141022e-07 |
|    clip_fraction        | 0             |
|    clip_range           | 0.2           |
|    entropy_loss         | -0.0135       |
|    explained_variance   | -4.77e-07     |
|    learning_rate        | 0.0003        |
|    loss                 | 1.24e+05      |
|    n_updates            | 550           |
|    policy_gradient_loss | -1.23e-05     |
|    value_loss           | 2.6e+05       |
-------------------------------------------
---------------------------------------
| rollout/                |           |
|    ep_len_mean          | 36.3      |
|    ep_rew_mean          | 829       |
| time/                   |           |
|    fps                  | 201       |
|    iterations           | 112       |
|    time_elapsed         | 284       |
|    total_timesteps      | 57344     |
| train/                  |           |
|    approx_kl            | 0.0       |
|    clip_fraction        | 0         |
|    clip_range           | 0.2       |
|    entropy_loss         | -0.0126   |
|    explained_variance   | -1.07e-06 |
|    learning_rate        | 0.0003    |
|    loss                 | 9.78e+04  |
|    n_updates            | 555       |
|    policy_gradient_loss | -1.83e-07 |
|    value_loss           | 1.77e+05  |
---------------------------------------
------------------------------------------
| rollout/                |              |
|    ep_len_mean          | 35.4         |
|    ep_rew_mean          | 711          |
| time/                   |              |
|    fps                  | 201          |
|    iterations           | 113          |
|    time_elapsed         | 287          |
|    total_timesteps      | 57856        |
| train/                  |              |
|    approx_kl            | 7.811468e-08 |
|    clip_fraction        | 0            |
|    clip_range           | 0.2          |
|    entropy_loss         | -0.0133      |
|    explained_variance   | 2.38e-07     |
|    learning_rate        | 0.0003       |
|    loss                 | 1.51e+05     |
|    n_updates            | 560          |
|    policy_gradient_loss | -8.33e-06    |
|    value_loss           | 2.88e+05     |
------------------------------------------
-------------------------------------------
| rollout/                |               |
|    ep_len_mean          | 33            |
|    ep_rew_mean          | 686           |
| time/                   |               |
|    fps                  | 201           |
|    iterations           | 114           |
|    time_elapsed         | 290           |
|    total_timesteps      | 58368         |
| train/                  |               |
|    approx_kl            | 1.6356353e-07 |
|    clip_fraction        | 0             |
|    clip_range           | 0.2           |
|    entropy_loss         | -0.0127       |
|    explained_variance   | -9.54e-07     |
|    learning_rate        | 0.0003        |
|    loss                 | 8.98e+04      |
|    n_updates            | 565           |
|    policy_gradient_loss | -1.46e-06     |
|    value_loss           | 2.01e+05      |
-------------------------------------------
---------------------------------------
| rollout/                |           |
|    ep_len_mean          | 28.3      |
|    ep_rew_mean          | 573       |
| time/                   |           |
|    fps                  | 200       |
|    iterations           | 115       |
|    time_elapsed         | 293       |
|    total_timesteps      | 58880     |
| train/                  |           |
|    approx_kl            | 0.0       |
|    clip_fraction        | 0         |
|    clip_range           | 0.2       |
|    entropy_loss         | -0.0129   |
|    explained_variance   | -8.34e-07 |
|    learning_rate        | 0.0003    |
|    loss                 | 8.92e+04  |
|    n_updates            | 570       |
|    policy_gradient_loss | -1.29e-08 |
|    value_loss           | 2.32e+05  |
---------------------------------------
------------------------------------------
| rollout/                |              |
|    ep_len_mean          | 32.2         |
|    ep_rew_mean          | 765          |
| time/                   |              |
|    fps                  | 200          |
|    iterations           | 116          |
|    time_elapsed         | 296          |
|    total_timesteps      | 59392        |
| train/                  |              |
|    approx_kl            | 9.768526e-06 |
|    clip_fraction        | 0            |
|    clip_range           | 0.2          |
|    entropy_loss         | -0.0121      |
|    explained_variance   | -1.19e-07    |
|    learning_rate        | 0.0003       |
|    loss                 | 6.86e+04     |
|    n_updates            | 575          |
|    policy_gradient_loss | -0.000108    |
|    value_loss           | 1.44e+05     |
------------------------------------------
-------------------------------------------
| rollout/                |               |
|    ep_len_mean          | 26.9          |
|    ep_rew_mean          | 683           |
| time/                   |               |
|    fps                  | 200           |
|    iterations           | 117           |
|    time_elapsed         | 299           |
|    total_timesteps      | 59904         |
| train/                  |               |
|    approx_kl            | 2.0941952e-06 |
|    clip_fraction        | 0             |
|    clip_range           | 0.2           |
|    entropy_loss         | -0.013        |
|    explained_variance   | -2.38e-07     |
|    learning_rate        | 0.0003        |
|    loss                 | 2.3e+05       |
|    n_updates            | 580           |
|    policy_gradient_loss | -0.000127     |
|    value_loss           | 5.58e+05      |
-------------------------------------------
-------------------------------------------
| rollout/                |               |
|    ep_len_mean          | 28.5          |
|    ep_rew_mean          | 785           |
| time/                   |               |
|    fps                  | 199           |
|    iterations           | 118           |
|    time_elapsed         | 302           |
|    total_timesteps      | 60416         |
| train/                  |               |
|    approx_kl            | 1.9767322e-06 |
|    clip_fraction        | 0             |
|    clip_range           | 0.2           |
|    entropy_loss         | -0.0118       |
|    explained_variance   | -1.67e-06     |
|    learning_rate        | 0.0003        |
|    loss                 | 1.67e+05      |
|    n_updates            | 585           |
|    policy_gradient_loss | -8.35e-05     |
|    value_loss           | 3.03e+05      |
-------------------------------------------
-------------------------------------------
| rollout/                |               |
|    ep_len_mean          | 31.3          |
|    ep_rew_mean          | 840           |
| time/                   |               |
|    fps                  | 199           |
|    iterations           | 119           |
|    time_elapsed         | 305           |
|    total_timesteps      | 60928         |
| train/                  |               |
|    approx_kl            | 7.8149606e-07 |
|    clip_fraction        | 0             |
|    clip_range           | 0.2           |
|    entropy_loss         | -0.0112       |
|    explained_variance   | -8.34e-07     |
|    learning_rate        | 0.0003        |
|    loss                 | 5.96e+04      |
|    n_updates            | 590           |
|    policy_gradient_loss | -3.52e-05     |
|    value_loss           | 1.91e+05      |
-------------------------------------------
--------------------------------------
| rollout/                |          |
|    ep_len_mean          | 31.7     |
|    ep_rew_mean          | 909      |
| time/                   |          |
|    fps                  | 199      |
|    iterations           | 120      |
|    time_elapsed         | 308      |
|    total_timesteps      | 61440    |
| train/                  |          |
|    approx_kl            | 0.0      |
|    clip_fraction        | 0        |
|    clip_range           | 0.2      |
|    entropy_loss         | -0.0107  |
|    explained_variance   | 4.17e-07 |
|    learning_rate        | 0.0003   |
|    loss                 | 8.94e+04 |
|    n_updates            | 595      |
|    policy_gradient_loss | 9.1e-09  |
|    value_loss           | 1.77e+05 |
--------------------------------------
------------------------------------------
| rollout/                |              |
|    ep_len_mean          | 33.2         |
|    ep_rew_mean          | 874          |
| time/                   |              |
|    fps                  | 198          |
|    iterations           | 121          |
|    time_elapsed         | 311          |
|    total_timesteps      | 61952        |
| train/                  |              |
|    approx_kl            | 9.685755e-08 |
|    clip_fraction        | 0            |
|    clip_range           | 0.2          |
|    entropy_loss         | -0.011       |
|    explained_variance   | -2.38e-07    |
|    learning_rate        | 0.0003       |
|    loss                 | 1.49e+05     |
|    n_updates            | 600          |
|    policy_gradient_loss | -2.85e-06    |
|    value_loss           | 2.54e+05     |
------------------------------------------
-------------------------------------------
| rollout/                |               |
|    ep_len_mean          | 35.3          |
|    ep_rew_mean          | 976           |
| time/                   |               |
|    fps                  | 198           |
|    iterations           | 122           |
|    time_elapsed         | 314           |
|    total_timesteps      | 62464         |
| train/                  |               |
|    approx_kl            | 3.7322752e-07 |
|    clip_fraction        | 0             |
|    clip_range           | 0.2           |
|    entropy_loss         | -0.0107       |
|    explained_variance   | -1.19e-07     |
|    learning_rate        | 0.0003        |
|    loss                 | 1.06e+05      |
|    n_updates            | 605           |
|    policy_gradient_loss | -2.44e-05     |
|    value_loss           | 2.2e+05       |
-------------------------------------------
-------------------------------------------
| rollout/                |               |
|    ep_len_mean          | 33            |
|    ep_rew_mean          | 818           |
| time/                   |               |
|    fps                  | 198           |
|    iterations           | 123           |
|    time_elapsed         | 317           |
|    total_timesteps      | 62976         |
| train/                  |               |
|    approx_kl            | 4.0065497e-06 |
|    clip_fraction        | 0             |
|    clip_range           | 0.2           |
|    entropy_loss         | -0.0107       |
|    explained_variance   | 2.98e-07      |
|    learning_rate        | 0.0003        |
|    loss                 | 8.24e+04      |
|    n_updates            | 610           |
|    policy_gradient_loss | -0.000129     |
|    value_loss           | 1.76e+05      |
-------------------------------------------
-------------------------------------------
| rollout/                |               |
|    ep_len_mean          | 34.6          |
|    ep_rew_mean          | 829           |
| time/                   |               |
|    fps                  | 197           |
|    iterations           | 124           |
|    time_elapsed         | 320           |
|    total_timesteps      | 63488         |
| train/                  |               |
|    approx_kl            | 3.6442652e-06 |
|    clip_fraction        | 0             |
|    clip_range           | 0.2           |
|    entropy_loss         | -0.0101       |
|    explained_variance   | -5.96e-07     |
|    learning_rate        | 0.0003        |
|    loss                 | 1.21e+05      |
|    n_updates            | 615           |
|    policy_gradient_loss | -6.25e-05     |
|    value_loss           | 2.33e+05      |
-------------------------------------------
------------------------------------------
| rollout/                |              |
|    ep_len_mean          | 34.2         |
|    ep_rew_mean          | 809          |
| time/                   |              |
|    fps                  | 197          |
|    iterations           | 125          |
|    time_elapsed         | 323          |
|    total_timesteps      | 64000        |
| train/                  |              |
|    approx_kl            | 5.873153e-07 |
|    clip_fraction        | 0            |
|    clip_range           | 0.2          |
|    entropy_loss         | -0.01        |
|    explained_variance   | 1.79e-07     |
|    learning_rate        | 0.0003       |
|    loss                 | 8.94e+04     |
|    n_updates            | 620          |
|    policy_gradient_loss | -4.65e-05    |
|    value_loss           | 2.11e+05     |
------------------------------------------
---------------------------------------
| rollout/                |           |
|    ep_len_mean          | 33.9      |
|    ep_rew_mean          | 768       |
| time/                   |           |
|    fps                  | 197       |
|    iterations           | 126       |
|    time_elapsed         | 326       |
|    total_timesteps      | 64512     |
| train/                  |           |
|    approx_kl            | 0.0       |
|    clip_fraction        | 0         |
|    clip_range           | 0.2       |
|    entropy_loss         | -0.00934  |
|    explained_variance   | -1.19e-07 |
|    learning_rate        | 0.0003    |
|    loss                 | 1.24e+05  |
|    n_updates            | 625       |
|    policy_gradient_loss | -6.51e-08 |
|    value_loss           | 2.16e+05  |
---------------------------------------
---------------------------------------
| rollout/                |           |
|    ep_len_mean          | 33.5      |
|    ep_rew_mean          | 725       |
| time/                   |           |
|    fps                  | 197       |
|    iterations           | 127       |
|    time_elapsed         | 329       |
|    total_timesteps      | 65024     |
| train/                  |           |
|    approx_kl            | 0.0       |
|    clip_fraction        | 0         |
|    clip_range           | 0.2       |
|    entropy_loss         | -0.00935  |
|    explained_variance   | -8.34e-07 |
|    learning_rate        | 0.0003    |
|    loss                 | 1.01e+05  |
|    n_updates            | 630       |
|    policy_gradient_loss | -8.35e-08 |
|    value_loss           | 2e+05     |
---------------------------------------
---------------------------------------
| rollout/                |           |
|    ep_len_mean          | 32.1      |
|    ep_rew_mean          | 717       |
| time/                   |           |
|    fps                  | 196       |
|    iterations           | 128       |
|    time_elapsed         | 332       |
|    total_timesteps      | 65536     |
| train/                  |           |
|    approx_kl            | 0.0       |
|    clip_fraction        | 0         |
|    clip_range           | 0.2       |
|    entropy_loss         | -0.00919  |
|    explained_variance   | -9.54e-07 |
|    learning_rate        | 0.0003    |
|    loss                 | 3.73e+04  |
|    n_updates            | 635       |
|    policy_gradient_loss | -2.97e-08 |
|    value_loss           | 7.68e+04  |
---------------------------------------
---------------------------------------
| rollout/                |           |
|    ep_len_mean          | 39.3      |
|    ep_rew_mean          | 930       |
| time/                   |           |
|    fps                  | 196       |
|    iterations           | 129       |
|    time_elapsed         | 335       |
|    total_timesteps      | 66048     |
| train/                  |           |
|    approx_kl            | 0.0       |
|    clip_fraction        | 0         |
|    clip_range           | 0.2       |
|    entropy_loss         | -0.0101   |
|    explained_variance   | 0         |
|    learning_rate        | 0.0003    |
|    loss                 | 3.11e+05  |
|    n_updates            | 640       |
|    policy_gradient_loss | -2.08e-08 |
|    value_loss           | 5.58e+05  |
---------------------------------------
-------------------------------------------
| rollout/                |               |
|    ep_len_mean          | 38.1          |
|    ep_rew_mean          | 900           |
| time/                   |               |
|    fps                  | 196           |
|    iterations           | 130           |
|    time_elapsed         | 338           |
|    total_timesteps      | 66560         |
| train/                  |               |
|    approx_kl            | 3.5215635e-07 |
|    clip_fraction        | 0             |
|    clip_range           | 0.2           |
|    entropy_loss         | -0.00962      |
|    explained_variance   | -4.77e-07     |
|    learning_rate        | 0.0003        |
|    loss                 | 1.34e+05      |
|    n_updates            | 645           |
|    policy_gradient_loss | -1.19e-05     |
|    value_loss           | 2.6e+05       |
-------------------------------------------
------------------------------------------
| rollout/                |              |
|    ep_len_mean          | 37.7         |
|    ep_rew_mean          | 840          |
| time/                   |              |
|    fps                  | 196          |
|    iterations           | 131          |
|    time_elapsed         | 341          |
|    total_timesteps      | 67072        |
| train/                  |              |
|    approx_kl            | 1.691957e-05 |
|    clip_fraction        | 0            |
|    clip_range           | 0.2          |
|    entropy_loss         | -0.00896     |
|    explained_variance   | -3.58e-07    |
|    learning_rate        | 0.0003       |
|    loss                 | 7.67e+04     |
|    n_updates            | 650          |
|    policy_gradient_loss | -0.000337    |
|    value_loss           | 1.57e+05     |
------------------------------------------
-------------------------------------------
| rollout/                |               |
|    ep_len_mean          | 36.1          |
|    ep_rew_mean          | 710           |
| time/                   |               |
|    fps                  | 196           |
|    iterations           | 132           |
|    time_elapsed         | 344           |
|    total_timesteps      | 67584         |
| train/                  |               |
|    approx_kl            | 1.9222498e-06 |
|    clip_fraction        | 0             |
|    clip_range           | 0.2           |
|    entropy_loss         | -0.00811      |
|    explained_variance   | 5.96e-08      |
|    learning_rate        | 0.0003        |
|    loss                 | 6.31e+04      |
|    n_updates            | 655           |
|    policy_gradient_loss | -5.6e-05      |
|    value_loss           | 1.43e+05      |
-------------------------------------------
---------------------------------------
| rollout/                |           |
|    ep_len_mean          | 33.5      |
|    ep_rew_mean          | 744       |
| time/                   |           |
|    fps                  | 196       |
|    iterations           | 133       |
|    time_elapsed         | 347       |
|    total_timesteps      | 68096     |
| train/                  |           |
|    approx_kl            | 0.0       |
|    clip_fraction        | 0         |
|    clip_range           | 0.2       |
|    entropy_loss         | -0.00795  |
|    explained_variance   | 5.96e-08  |
|    learning_rate        | 0.0003    |
|    loss                 | 9.31e+04  |
|    n_updates            | 660       |
|    policy_gradient_loss | -1.63e-08 |
|    value_loss           | 1.82e+05  |
---------------------------------------
---------------------------------------
| rollout/                |           |
|    ep_len_mean          | 35.6      |
|    ep_rew_mean          | 795       |
| time/                   |           |
|    fps                  | 195       |
|    iterations           | 134       |
|    time_elapsed         | 350       |
|    total_timesteps      | 68608     |
| train/                  |           |
|    approx_kl            | 0.0       |
|    clip_fraction        | 0         |
|    clip_range           | 0.2       |
|    entropy_loss         | -0.00815  |
|    explained_variance   | -1.67e-06 |
|    learning_rate        | 0.0003    |
|    loss                 | 6.68e+04  |
|    n_updates            | 665       |
|    policy_gradient_loss | -1.61e-08 |
|    value_loss           | 1.44e+05  |
---------------------------------------
---------------------------------------
| rollout/                |           |
|    ep_len_mean          | 39.4      |
|    ep_rew_mean          | 885       |
| time/                   |           |
|    fps                  | 195       |
|    iterations           | 135       |
|    time_elapsed         | 353       |
|    total_timesteps      | 69120     |
| train/                  |           |
|    approx_kl            | 0.0       |
|    clip_fraction        | 0         |
|    clip_range           | 0.2       |
|    entropy_loss         | -0.00833  |
|    explained_variance   | -3.58e-07 |
|    learning_rate        | 0.0003    |
|    loss                 | 1.43e+05  |
|    n_updates            | 670       |
|    policy_gradient_loss | -1.12e-08 |
|    value_loss           | 2.38e+05  |
---------------------------------------
---------------------------------------
| rollout/                |           |
|    ep_len_mean          | 33.8      |
|    ep_rew_mean          | 690       |
| time/                   |           |
|    fps                  | 195       |
|    iterations           | 136       |
|    time_elapsed         | 356       |
|    total_timesteps      | 69632     |
| train/                  |           |
|    approx_kl            | 0.0       |
|    clip_fraction        | 0         |
|    clip_range           | 0.2       |
|    entropy_loss         | -0.00808  |
|    explained_variance   | -1.19e-07 |
|    learning_rate        | 0.0003    |
|    loss                 | 9.56e+04  |
|    n_updates            | 675       |
|    policy_gradient_loss | 5.84e-09  |
|    value_loss           | 1.87e+05  |
---------------------------------------
-------------------------------------------
| rollout/                |               |
|    ep_len_mean          | 37.6          |
|    ep_rew_mean          | 874           |
| time/                   |               |
|    fps                  | 194           |
|    iterations           | 137           |
|    time_elapsed         | 359           |
|    total_timesteps      | 70144         |
| train/                  |               |
|    approx_kl            | 1.8905848e-07 |
|    clip_fraction        | 0             |
|    clip_range           | 0.2           |
|    entropy_loss         | -0.00849      |
|    explained_variance   | -1.19e-07     |
|    learning_rate        | 0.0003        |
|    loss                 | 2.07e+05      |
|    n_updates            | 680           |
|    policy_gradient_loss | -1.83e-05     |
|    value_loss           | 3.67e+05      |
-------------------------------------------
------------------------------------------
| rollout/                |              |
|    ep_len_mean          | 40.2         |
|    ep_rew_mean          | 969          |
| time/                   |              |
|    fps                  | 194          |
|    iterations           | 138          |
|    time_elapsed         | 362          |
|    total_timesteps      | 70656        |
| train/                  |              |
|    approx_kl            | 3.682333e-06 |
|    clip_fraction        | 0            |
|    clip_range           | 0.2          |
|    entropy_loss         | -0.00794     |
|    explained_variance   | -3.58e-07    |
|    learning_rate        | 0.0003       |
|    loss                 | 1.27e+05     |
|    n_updates            | 685          |
|    policy_gradient_loss | -0.000128    |
|    value_loss           | 2.59e+05     |
------------------------------------------
---------------------------------------
| rollout/                |           |
|    ep_len_mean          | 43.6      |
|    ep_rew_mean          | 1.08e+03  |
| time/                   |           |
|    fps                  | 194       |
|    iterations           | 139       |
|    time_elapsed         | 365       |
|    total_timesteps      | 71168     |
| train/                  |           |
|    approx_kl            | 0.0       |
|    clip_fraction        | 0         |
|    clip_range           | 0.2       |
|    entropy_loss         | -0.00728  |
|    explained_variance   | -1.19e-07 |
|    learning_rate        | 0.0003    |
|    loss                 | 1.33e+05  |
|    n_updates            | 690       |
|    policy_gradient_loss | -2.48e-08 |
|    value_loss           | 2.94e+05  |
---------------------------------------
---------------------------------------
| rollout/                |           |
|    ep_len_mean          | 44        |
|    ep_rew_mean          | 1.2e+03   |
| time/                   |           |
|    fps                  | 194       |
|    iterations           | 140       |
|    time_elapsed         | 368       |
|    total_timesteps      | 71680     |
| train/                  |           |
|    approx_kl            | 0.0       |
|    clip_fraction        | 0         |
|    clip_range           | 0.2       |
|    entropy_loss         | -0.00795  |
|    explained_variance   | -2.38e-07 |
|    learning_rate        | 0.0003    |
|    loss                 | 1.73e+05  |
|    n_updates            | 695       |
|    policy_gradient_loss | 8.89e-09  |
|    value_loss           | 3.41e+05  |
---------------------------------------
------------------------------------------
| rollout/                |              |
|    ep_len_mean          | 43.6         |
|    ep_rew_mean          | 1.21e+03     |
| time/                   |              |
|    fps                  | 194          |
|    iterations           | 141          |
|    time_elapsed         | 371          |
|    total_timesteps      | 72192        |
| train/                  |              |
|    approx_kl            | 3.342284e-07 |
|    clip_fraction        | 0            |
|    clip_range           | 0.2          |
|    entropy_loss         | -0.00763     |
|    explained_variance   | -2.38e-07    |
|    learning_rate        | 0.0003       |
|    loss                 | 1.13e+05     |
|    n_updates            | 700          |
|    policy_gradient_loss | -1.94e-05    |
|    value_loss           | 2.26e+05     |
------------------------------------------
---------------------------------------
| rollout/                |           |
|    ep_len_mean          | 41.8      |
|    ep_rew_mean          | 1.26e+03  |
| time/                   |           |
|    fps                  | 194       |
|    iterations           | 142       |
|    time_elapsed         | 374       |
|    total_timesteps      | 72704     |
| train/                  |           |
|    approx_kl            | 0.0       |
|    clip_fraction        | 0         |
|    clip_range           | 0.2       |
|    entropy_loss         | -0.00722  |
|    explained_variance   | -1.19e-07 |
|    learning_rate        | 0.0003    |
|    loss                 | 6.04e+04  |
|    n_updates            | 705       |
|    policy_gradient_loss | -3.38e-08 |
|    value_loss           | 1.44e+05  |
---------------------------------------
-----------------------------------------
| rollout/                |             |
|    ep_len_mean          | 40.6        |
|    ep_rew_mean          | 1.15e+03    |
| time/                   |             |
|    fps                  | 194         |
|    iterations           | 143         |
|    time_elapsed         | 377         |
|    total_timesteps      | 73216       |
| train/                  |             |
|    approx_kl            | 5.76023e-07 |
|    clip_fraction        | 0           |
|    clip_range           | 0.2         |
|    entropy_loss         | -0.00726    |
|    explained_variance   | -5.96e-07   |
|    learning_rate        | 0.0003      |
|    loss                 | 1.28e+05    |
|    n_updates            | 710         |
|    policy_gradient_loss | -3.38e-05   |
|    value_loss           | 1.94e+05    |
-----------------------------------------
-----------------------------------------
| rollout/                |             |
|    ep_len_mean          | 38          |
|    ep_rew_mean          | 1.03e+03    |
| time/                   |             |
|    fps                  | 194         |
|    iterations           | 144         |
|    time_elapsed         | 379         |
|    total_timesteps      | 73728       |
| train/                  |             |
|    approx_kl            | 4.48199e-07 |
|    clip_fraction        | 0           |
|    clip_range           | 0.2         |
|    entropy_loss         | -0.00694    |
|    explained_variance   | -3.58e-07   |
|    learning_rate        | 0.0003      |
|    loss                 | 1.38e+05    |
|    n_updates            | 715         |
|    policy_gradient_loss | -1.35e-05   |
|    value_loss           | 2.18e+05    |
-----------------------------------------
--------------------------------------
| rollout/                |          |
|    ep_len_mean          | 37       |
|    ep_rew_mean          | 951      |
| time/                   |          |
|    fps                  | 193      |
|    iterations           | 145      |
|    time_elapsed         | 382      |
|    total_timesteps      | 74240    |
| train/                  |          |
|    approx_kl            | 0.0      |
|    clip_fraction        | 0        |
|    clip_range           | 0.2      |
|    entropy_loss         | -0.00697 |
|    explained_variance   | 0        |
|    learning_rate        | 0.0003   |
|    loss                 | 1.27e+05 |
|    n_updates            | 720      |
|    policy_gradient_loss | -6.4e-08 |
|    value_loss           | 1.96e+05 |
--------------------------------------
---------------------------------------
| rollout/                |           |
|    ep_len_mean          | 31.9      |
|    ep_rew_mean          | 702       |
| time/                   |           |
|    fps                  | 193       |
|    iterations           | 146       |
|    time_elapsed         | 385       |
|    total_timesteps      | 74752     |
| train/                  |           |
|    approx_kl            | 0.0       |
|    clip_fraction        | 0         |
|    clip_range           | 0.2       |
|    entropy_loss         | -0.00713  |
|    explained_variance   | -2.38e-07 |
|    learning_rate        | 0.0003    |
|    loss                 | 1.2e+05   |
|    n_updates            | 725       |
|    policy_gradient_loss | -3.93e-09 |
|    value_loss           | 2.06e+05  |
---------------------------------------
-------------------------------------------
| rollout/                |               |
|    ep_len_mean          | 31.3          |
|    ep_rew_mean          | 752           |
| time/                   |               |
|    fps                  | 193           |
|    iterations           | 147           |
|    time_elapsed         | 389           |
|    total_timesteps      | 75264         |
| train/                  |               |
|    approx_kl            | 8.2014594e-07 |
|    clip_fraction        | 0             |
|    clip_range           | 0.2           |
|    entropy_loss         | -0.00671      |
|    explained_variance   | -2.38e-07     |
|    learning_rate        | 0.0003        |
|    loss                 | 9.07e+04      |
|    n_updates            | 730           |
|    policy_gradient_loss | -3.51e-05     |
|    value_loss           | 1.67e+05      |
-------------------------------------------
-------------------------------------------
| rollout/                |               |
|    ep_len_mean          | 33.2          |
|    ep_rew_mean          | 741           |
| time/                   |               |
|    fps                  | 193           |
|    iterations           | 148           |
|    time_elapsed         | 391           |
|    total_timesteps      | 75776         |
| train/                  |               |
|    approx_kl            | 1.7879065e-06 |
|    clip_fraction        | 0             |
|    clip_range           | 0.2           |
|    entropy_loss         | -0.00682      |
|    explained_variance   | -1.19e-07     |
|    learning_rate        | 0.0003        |
|    loss                 | 6.96e+04      |
|    n_updates            | 735           |
|    policy_gradient_loss | -5.45e-05     |
|    value_loss           | 1.58e+05      |
-------------------------------------------
---------------------------------------
| rollout/                |           |
|    ep_len_mean          | 33.2      |
|    ep_rew_mean          | 741       |
| time/                   |           |
|    fps                  | 193       |
|    iterations           | 149       |
|    time_elapsed         | 394       |
|    total_timesteps      | 76288     |
| train/                  |           |
|    approx_kl            | 0.0       |
|    clip_fraction        | 0         |
|    clip_range           | 0.2       |
|    entropy_loss         | -0.00654  |
|    explained_variance   | -4.77e-07 |
|    learning_rate        | 0.0003    |
|    loss                 | 1.91e+05  |
|    n_updates            | 740       |
|    policy_gradient_loss | -2.18e-07 |
|    value_loss           | 3.4e+05   |
---------------------------------------
---------------------------------------
| rollout/                |           |
|    ep_len_mean          | 40.5      |
|    ep_rew_mean          | 1.03e+03  |
| time/                   |           |
|    fps                  | 193       |
|    iterations           | 150       |
|    time_elapsed         | 397       |
|    total_timesteps      | 76800     |
| train/                  |           |
|    approx_kl            | 0.0       |
|    clip_fraction        | 0         |
|    clip_range           | 0.2       |
|    entropy_loss         | -0.00727  |
|    explained_variance   | 5.36e-07  |
|    learning_rate        | 0.0003    |
|    loss                 | 3.52e+05  |
|    n_updates            | 745       |
|    policy_gradient_loss | -8.38e-09 |
|    value_loss           | 7.26e+05  |
---------------------------------------
---------------------------------------
| rollout/                |           |
|    ep_len_mean          | 40.2      |
|    ep_rew_mean          | 1.07e+03  |
| time/                   |           |
|    fps                  | 192       |
|    iterations           | 151       |
|    time_elapsed         | 400       |
|    total_timesteps      | 77312     |
| train/                  |           |
|    approx_kl            | 0.0       |
|    clip_fraction        | 0         |
|    clip_range           | 0.2       |
|    entropy_loss         | -0.00693  |
|    explained_variance   | -2.38e-07 |
|    learning_rate        | 0.0003    |
|    loss                 | 1.64e+05  |
|    n_updates            | 750       |
|    policy_gradient_loss | -8.06e-09 |
|    value_loss           | 3.31e+05  |
---------------------------------------
---------------------------------------
| rollout/                |           |
|    ep_len_mean          | 41.4      |
|    ep_rew_mean          | 1.06e+03  |
| time/                   |           |
|    fps                  | 192       |
|    iterations           | 152       |
|    time_elapsed         | 403       |
|    total_timesteps      | 77824     |
| train/                  |           |
|    approx_kl            | 0.0       |
|    clip_fraction        | 0         |
|    clip_range           | 0.2       |
|    entropy_loss         | -0.00647  |
|    explained_variance   | 2.38e-07  |
|    learning_rate        | 0.0003    |
|    loss                 | 9.29e+04  |
|    n_updates            | 755       |
|    policy_gradient_loss | -5.59e-09 |
|    value_loss           | 1.67e+05  |
---------------------------------------
---------------------------------------
| rollout/                |           |
|    ep_len_mean          | 40.4      |
|    ep_rew_mean          | 1.02e+03  |
| time/                   |           |
|    fps                  | 192       |
|    iterations           | 153       |
|    time_elapsed         | 406       |
|    total_timesteps      | 78336     |
| train/                  |           |
|    approx_kl            | 0.0       |
|    clip_fraction        | 0         |
|    clip_range           | 0.2       |
|    entropy_loss         | -0.00628  |
|    explained_variance   | 0         |
|    learning_rate        | 0.0003    |
|    loss                 | 9.39e+04  |
|    n_updates            | 760       |
|    policy_gradient_loss | -1.45e-08 |
|    value_loss           | 1.38e+05  |
---------------------------------------
-------------------------------------------
| rollout/                |               |
|    ep_len_mean          | 37.4          |
|    ep_rew_mean          | 918           |
| time/                   |               |
|    fps                  | 192           |
|    iterations           | 154           |
|    time_elapsed         | 409           |
|    total_timesteps      | 78848         |
| train/                  |               |
|    approx_kl            | 1.2316741e-06 |
|    clip_fraction        | 0             |
|    clip_range           | 0.2           |
|    entropy_loss         | -0.00638      |
|    explained_variance   | -4.77e-07     |
|    learning_rate        | 0.0003        |
|    loss                 | 1.06e+05      |
|    n_updates            | 765           |
|    policy_gradient_loss | -2.12e-05     |
|    value_loss           | 1.79e+05      |
-------------------------------------------
-------------------------------------------
| rollout/                |               |
|    ep_len_mean          | 36.7          |
|    ep_rew_mean          | 932           |
| time/                   |               |
|    fps                  | 192           |
|    iterations           | 155           |
|    time_elapsed         | 412           |
|    total_timesteps      | 79360         |
| train/                  |               |
|    approx_kl            | 3.5051955e-05 |
|    clip_fraction        | 0             |
|    clip_range           | 0.2           |
|    entropy_loss         | -0.00582      |
|    explained_variance   | -1.19e-07     |
|    learning_rate        | 0.0003        |
|    loss                 | 5.4e+04       |
|    n_updates            | 770           |
|    policy_gradient_loss | -0.000299     |
|    value_loss           | 1.24e+05      |
-------------------------------------------
---------------------------------------
| rollout/                |           |
|    ep_len_mean          | 29.2      |
|    ep_rew_mean          | 512       |
| time/                   |           |
|    fps                  | 192       |
|    iterations           | 156       |
|    time_elapsed         | 415       |
|    total_timesteps      | 79872     |
| train/                  |           |
|    approx_kl            | 0.0       |
|    clip_fraction        | 0         |
|    clip_range           | 0.2       |
|    entropy_loss         | -0.00531  |
|    explained_variance   | 5.96e-08  |
|    learning_rate        | 0.0003    |
|    loss                 | 6.42e+04  |
|    n_updates            | 775       |
|    policy_gradient_loss | -1.45e-07 |
|    value_loss           | 1.33e+05  |
---------------------------------------
---------------------------------------
| rollout/                |           |
|    ep_len_mean          | 31        |
|    ep_rew_mean          | 503       |
| time/                   |           |
|    fps                  | 191       |
|    iterations           | 157       |
|    time_elapsed         | 419       |
|    total_timesteps      | 80384     |
| train/                  |           |
|    approx_kl            | 0.0       |
|    clip_fraction        | 0         |
|    clip_range           | 0.2       |
|    entropy_loss         | -0.0054   |
|    explained_variance   | -1.19e-07 |
|    learning_rate        | 0.0003    |
|    loss                 | 8.8e+04   |
|    n_updates            | 780       |
|    policy_gradient_loss | -9.05e-08 |
|    value_loss           | 1.95e+05  |
---------------------------------------
-------------------------------------------
| rollout/                |               |
|    ep_len_mean          | 31            |
|    ep_rew_mean          | 503           |
| time/                   |               |
|    fps                  | 191           |
|    iterations           | 158           |
|    time_elapsed         | 422           |
|    total_timesteps      | 80896         |
| train/                  |               |
|    approx_kl            | 1.0163058e-06 |
|    clip_fraction        | 0             |
|    clip_range           | 0.2           |
|    entropy_loss         | -0.0054       |
|    explained_variance   | -1.19e-07     |
|    learning_rate        | 0.0003        |
|    loss                 | 1.34e+05      |
|    n_updates            | 785           |
|    policy_gradient_loss | -2.46e-05     |
|    value_loss           | 2.74e+05      |
-------------------------------------------
--------------------------------------
| rollout/                |          |
|    ep_len_mean          | 38.7     |
|    ep_rew_mean          | 814      |
| time/                   |          |
|    fps                  | 191      |
|    iterations           | 159      |
|    time_elapsed         | 425      |
|    total_timesteps      | 81408    |
| train/                  |          |
|    approx_kl            | 0.0      |
|    clip_fraction        | 0        |
|    clip_range           | 0.2      |
|    entropy_loss         | -0.00577 |
|    explained_variance   | 4.77e-07 |
|    learning_rate        | 0.0003   |
|    loss                 | 2.34e+05 |
|    n_updates            | 790      |
|    policy_gradient_loss | 7.11e-08 |
|    value_loss           | 5.18e+05 |
--------------------------------------
---------------------------------------
| rollout/                |           |
|    ep_len_mean          | 39.4      |
|    ep_rew_mean          | 886       |
| time/                   |           |
|    fps                  | 191       |
|    iterations           | 160       |
|    time_elapsed         | 428       |
|    total_timesteps      | 81920     |
| train/                  |           |
|    approx_kl            | 0.0       |
|    clip_fraction        | 0         |
|    clip_range           | 0.2       |
|    entropy_loss         | -0.00571  |
|    explained_variance   | 1.19e-07  |
|    learning_rate        | 0.0003    |
|    loss                 | 1.52e+05  |
|    n_updates            | 795       |
|    policy_gradient_loss | -1.21e-09 |
|    value_loss           | 3.04e+05  |
---------------------------------------
---------------------------------------
| rollout/                |           |
|    ep_len_mean          | 40.1      |
|    ep_rew_mean          | 919       |
| time/                   |           |
|    fps                  | 191       |
|    iterations           | 161       |
|    time_elapsed         | 431       |
|    total_timesteps      | 82432     |
| train/                  |           |
|    approx_kl            | 0.0       |
|    clip_fraction        | 0         |
|    clip_range           | 0.2       |
|    entropy_loss         | -0.00529  |
|    explained_variance   | -2.38e-07 |
|    learning_rate        | 0.0003    |
|    loss                 | 1.06e+05  |
|    n_updates            | 800       |
|    policy_gradient_loss | -1.84e-08 |
|    value_loss           | 2.32e+05  |
---------------------------------------
------------------------------------------
| rollout/                |              |
|    ep_len_mean          | 42           |
|    ep_rew_mean          | 999          |
| time/                   |              |
|    fps                  | 191          |
|    iterations           | 162          |
|    time_elapsed         | 433          |
|    total_timesteps      | 82944        |
| train/                  |              |
|    approx_kl            | 5.089678e-07 |
|    clip_fraction        | 0            |
|    clip_range           | 0.2          |
|    entropy_loss         | -0.00509     |
|    explained_variance   | 5.96e-08     |
|    learning_rate        | 0.0003       |
|    loss                 | 1.52e+05     |
|    n_updates            | 805          |
|    policy_gradient_loss | -1.54e-05    |
|    value_loss           | 2.89e+05     |
------------------------------------------
---------------------------------------
| rollout/                |           |
|    ep_len_mean          | 43        |
|    ep_rew_mean          | 927       |
| time/                   |           |
|    fps                  | 191       |
|    iterations           | 163       |
|    time_elapsed         | 436       |
|    total_timesteps      | 83456     |
| train/                  |           |
|    approx_kl            | 0.0       |
|    clip_fraction        | 0         |
|    clip_range           | 0.2       |
|    entropy_loss         | -0.0048   |
|    explained_variance   | 1.19e-07  |
|    learning_rate        | 0.0003    |
|    loss                 | 1.05e+05  |
|    n_updates            | 810       |
|    policy_gradient_loss | -2.37e-09 |
|    value_loss           | 1.78e+05  |
---------------------------------------
-------------------------------------------
| rollout/                |               |
|    ep_len_mean          | 42            |
|    ep_rew_mean          | 871           |
| time/                   |               |
|    fps                  | 190           |
|    iterations           | 164           |
|    time_elapsed         | 439           |
|    total_timesteps      | 83968         |
| train/                  |               |
|    approx_kl            | 0.00014570239 |
|    clip_fraction        | 0.000391      |
|    clip_range           | 0.2           |
|    entropy_loss         | -0.00446      |
|    explained_variance   | 2.98e-07      |
|    learning_rate        | 0.0003        |
|    loss                 | 5.57e+04      |
|    n_updates            | 815           |
|    policy_gradient_loss | -0.000178     |
|    value_loss           | 1.14e+05      |
-------------------------------------------
---------------------------------------
| rollout/                |           |
|    ep_len_mean          | 40.2      |
|    ep_rew_mean          | 887       |
| time/                   |           |
|    fps                  | 190       |
|    iterations           | 165       |
|    time_elapsed         | 442       |
|    total_timesteps      | 84480     |
| train/                  |           |
|    approx_kl            | 0.0       |
|    clip_fraction        | 0         |
|    clip_range           | 0.2       |
|    entropy_loss         | -0.00373  |
|    explained_variance   | -2.38e-07 |
|    learning_rate        | 0.0003    |
|    loss                 | 1.34e+05  |
|    n_updates            | 820       |
|    policy_gradient_loss | -8.6e-07  |
|    value_loss           | 3e+05     |
---------------------------------------
---------------------------------------
| rollout/                |           |
|    ep_len_mean          | 39.9      |
|    ep_rew_mean          | 813       |
| time/                   |           |
|    fps                  | 190       |
|    iterations           | 166       |
|    time_elapsed         | 445       |
|    total_timesteps      | 84992     |
| train/                  |           |
|    approx_kl            | 0.0       |
|    clip_fraction        | 0         |
|    clip_range           | 0.2       |
|    entropy_loss         | -0.00365  |
|    explained_variance   | 0         |
|    learning_rate        | 0.0003    |
|    loss                 | 3.81e+04  |
|    n_updates            | 825       |
|    policy_gradient_loss | -4.59e-09 |
|    value_loss           | 1.06e+05  |
---------------------------------------
--------------------------------------
| rollout/                |          |
|    ep_len_mean          | 40.9     |
|    ep_rew_mean          | 832      |
| time/                   |          |
|    fps                  | 190      |
|    iterations           | 167      |
|    time_elapsed         | 448      |
|    total_timesteps      | 85504    |
| train/                  |          |
|    approx_kl            | 0.0      |
|    clip_fraction        | 0        |
|    clip_range           | 0.2      |
|    entropy_loss         | -0.00396 |
|    explained_variance   | 0        |
|    learning_rate        | 0.0003   |
|    loss                 | 1.95e+05 |
|    n_updates            | 830      |
|    policy_gradient_loss | 4.87e-09 |
|    value_loss           | 3.93e+05 |
--------------------------------------
---------------------------------------
| rollout/                |           |
|    ep_len_mean          | 39.5      |
|    ep_rew_mean          | 914       |
| time/                   |           |
|    fps                  | 190       |
|    iterations           | 168       |
|    time_elapsed         | 451       |
|    total_timesteps      | 86016     |
| train/                  |           |
|    approx_kl            | 0.0       |
|    clip_fraction        | 0         |
|    clip_range           | 0.2       |
|    entropy_loss         | -0.00405  |
|    explained_variance   | 1.79e-07  |
|    learning_rate        | 0.0003    |
|    loss                 | 2.47e+05  |
|    n_updates            | 835       |
|    policy_gradient_loss | -8.66e-09 |
|    value_loss           | 4.81e+05  |
---------------------------------------
---------------------------------------
| rollout/                |           |
|    ep_len_mean          | 37.8      |
|    ep_rew_mean          | 808       |
| time/                   |           |
|    fps                  | 190       |
|    iterations           | 169       |
|    time_elapsed         | 453       |
|    total_timesteps      | 86528     |
| train/                  |           |
|    approx_kl            | 0.0       |
|    clip_fraction        | 0         |
|    clip_range           | 0.2       |
|    entropy_loss         | -0.0039   |
|    explained_variance   | -1.19e-07 |
|    learning_rate        | 0.0003    |
|    loss                 | 1.62e+05  |
|    n_updates            | 840       |
|    policy_gradient_loss | -2.7e-09  |
|    value_loss           | 3.28e+05  |
---------------------------------------
---------------------------------------
| rollout/                |           |
|    ep_len_mean          | 40.5      |
|    ep_rew_mean          | 840       |
| time/                   |           |
|    fps                  | 190       |
|    iterations           | 170       |
|    time_elapsed         | 456       |
|    total_timesteps      | 87040     |
| train/                  |           |
|    approx_kl            | 0.0       |
|    clip_fraction        | 0         |
|    clip_range           | 0.2       |
|    entropy_loss         | -0.00363  |
|    explained_variance   | -1.19e-07 |
|    learning_rate        | 0.0003    |
|    loss                 | 5.81e+04  |
|    n_updates            | 845       |
|    policy_gradient_loss | -7.45e-09 |
|    value_loss           | 1.01e+05  |
---------------------------------------
--------------------------------------
| rollout/                |          |
|    ep_len_mean          | 41.6     |
|    ep_rew_mean          | 950      |
| time/                   |          |
|    fps                  | 190      |
|    iterations           | 171      |
|    time_elapsed         | 459      |
|    total_timesteps      | 87552    |
| train/                  |          |
|    approx_kl            | 0.0      |
|    clip_fraction        | 0        |
|    clip_range           | 0.2      |
|    entropy_loss         | -0.00377 |
|    explained_variance   | 5.96e-08 |
|    learning_rate        | 0.0003   |
|    loss                 | 1.03e+05 |
|    n_updates            | 850      |
|    policy_gradient_loss | 2.33e-10 |
|    value_loss           | 2.46e+05 |
--------------------------------------
---------------------------------------
| rollout/                |           |
|    ep_len_mean          | 44.2      |
|    ep_rew_mean          | 1.01e+03  |
| time/                   |           |
|    fps                  | 190       |
|    iterations           | 172       |
|    time_elapsed         | 462       |
|    total_timesteps      | 88064     |
| train/                  |           |
|    approx_kl            | 0.0       |
|    clip_fraction        | 0         |
|    clip_range           | 0.2       |
|    entropy_loss         | -0.0037   |
|    explained_variance   | -2.38e-07 |
|    learning_rate        | 0.0003    |
|    loss                 | 1.16e+05  |
|    n_updates            | 855       |
|    policy_gradient_loss | 2.1e-09   |
|    value_loss           | 1.83e+05  |
---------------------------------------
---------------------------------------
| rollout/                |           |
|    ep_len_mean          | 43.3      |
|    ep_rew_mean          | 1.08e+03  |
| time/                   |           |
|    fps                  | 190       |
|    iterations           | 173       |
|    time_elapsed         | 465       |
|    total_timesteps      | 88576     |
| train/                  |           |
|    approx_kl            | 0.0       |
|    clip_fraction        | 0         |
|    clip_range           | 0.2       |
|    entropy_loss         | -0.00366  |
|    explained_variance   | 5.96e-08  |
|    learning_rate        | 0.0003    |
|    loss                 | 9.5e+04   |
|    n_updates            | 860       |
|    policy_gradient_loss | -1.06e-08 |
|    value_loss           | 2.77e+05  |
---------------------------------------
---------------------------------------
| rollout/                |           |
|    ep_len_mean          | 34.6      |
|    ep_rew_mean          | 838       |
| time/                   |           |
|    fps                  | 190       |
|    iterations           | 174       |
|    time_elapsed         | 468       |
|    total_timesteps      | 89088     |
| train/                  |           |
|    approx_kl            | 0.0       |
|    clip_fraction        | 0         |
|    clip_range           | 0.2       |
|    entropy_loss         | -0.00376  |
|    explained_variance   | -1.19e-07 |
|    learning_rate        | 0.0003    |
|    loss                 | 7.2e+04   |
|    n_updates            | 865       |
|    policy_gradient_loss | 5.56e-09  |
|    value_loss           | 1.45e+05  |
---------------------------------------
---------------------------------------
| rollout/                |           |
|    ep_len_mean          | 35.4      |
|    ep_rew_mean          | 844       |
| time/                   |           |
|    fps                  | 190       |
|    iterations           | 175       |
|    time_elapsed         | 471       |
|    total_timesteps      | 89600     |
| train/                  |           |
|    approx_kl            | 0.0       |
|    clip_fraction        | 0         |
|    clip_range           | 0.2       |
|    entropy_loss         | -0.0038   |
|    explained_variance   | -2.38e-07 |
|    learning_rate        | 0.0003    |
|    loss                 | 1.04e+05  |
|    n_updates            | 870       |
|    policy_gradient_loss | 1.7e-09   |
|    value_loss           | 2.57e+05  |
---------------------------------------
-------------------------------------------
| rollout/                |               |
|    ep_len_mean          | 36.5          |
|    ep_rew_mean          | 922           |
| time/                   |               |
|    fps                  | 189           |
|    iterations           | 176           |
|    time_elapsed         | 474           |
|    total_timesteps      | 90112         |
| train/                  |               |
|    approx_kl            | 7.1292743e-07 |
|    clip_fraction        | 0             |
|    clip_range           | 0.2           |
|    entropy_loss         | -0.00365      |
|    explained_variance   | -4.77e-07     |
|    learning_rate        | 0.0003        |
|    loss                 | 1.18e+05      |
|    n_updates            | 875           |
|    policy_gradient_loss | -3.26e-05     |
|    value_loss           | 2.59e+05      |
-------------------------------------------
---------------------------------------
| rollout/                |           |
|    ep_len_mean          | 38.9      |
|    ep_rew_mean          | 1.04e+03  |
| time/                   |           |
|    fps                  | 189       |
|    iterations           | 177       |
|    time_elapsed         | 477       |
|    total_timesteps      | 90624     |
| train/                  |           |
|    approx_kl            | 0.0       |
|    clip_fraction        | 0         |
|    clip_range           | 0.2       |
|    entropy_loss         | -0.00347  |
|    explained_variance   | -1.19e-07 |
|    learning_rate        | 0.0003    |
|    loss                 | 1.21e+05  |
|    n_updates            | 880       |
|    policy_gradient_loss | -2.85e-08 |
|    value_loss           | 2.32e+05  |
---------------------------------------
---------------------------------------
| rollout/                |           |
|    ep_len_mean          | 37.2      |
|    ep_rew_mean          | 1.01e+03  |
| time/                   |           |
|    fps                  | 189       |
|    iterations           | 178       |
|    time_elapsed         | 480       |
|    total_timesteps      | 91136     |
| train/                  |           |
|    approx_kl            | 0.0       |
|    clip_fraction        | 0         |
|    clip_range           | 0.2       |
|    entropy_loss         | -0.00367  |
|    explained_variance   | -1.19e-07 |
|    learning_rate        | 0.0003    |
|    loss                 | 1.65e+05  |
|    n_updates            | 885       |
|    policy_gradient_loss | -8.71e-09 |
|    value_loss           | 3.14e+05  |
---------------------------------------
--------------------------------------
| rollout/                |          |
|    ep_len_mean          | 40       |
|    ep_rew_mean          | 1.13e+03 |
| time/                   |          |
|    fps                  | 189      |
|    iterations           | 179      |
|    time_elapsed         | 483      |
|    total_timesteps      | 91648    |
| train/                  |          |
|    approx_kl            | 0.0      |
|    clip_fraction        | 0        |
|    clip_range           | 0.2      |
|    entropy_loss         | -0.00386 |
|    explained_variance   | 0        |
|    learning_rate        | 0.0003   |
|    loss                 | 2.1e+05  |
|    n_updates            | 890      |
|    policy_gradient_loss | 8.52e-09 |
|    value_loss           | 4.57e+05 |
--------------------------------------
---------------------------------------
| rollout/                |           |
|    ep_len_mean          | 46.2      |
|    ep_rew_mean          | 1.42e+03  |
| time/                   |           |
|    fps                  | 189       |
|    iterations           | 180       |
|    time_elapsed         | 486       |
|    total_timesteps      | 92160     |
| train/                  |           |
|    approx_kl            | 0.0       |
|    clip_fraction        | 0         |
|    clip_range           | 0.2       |
|    entropy_loss         | -0.00378  |
|    explained_variance   | -1.19e-07 |
|    learning_rate        | 0.0003    |
|    loss                 | 1.86e+05  |
|    n_updates            | 895       |
|    policy_gradient_loss | 1.26e-09  |
|    value_loss           | 3.87e+05  |
---------------------------------------
---------------------------------------
| rollout/                |           |
|    ep_len_mean          | 49.2      |
|    ep_rew_mean          | 1.44e+03  |
| time/                   |           |
|    fps                  | 189       |
|    iterations           | 181       |
|    time_elapsed         | 489       |
|    total_timesteps      | 92672     |
| train/                  |           |
|    approx_kl            | 0.0       |
|    clip_fraction        | 0         |
|    clip_range           | 0.2       |
|    entropy_loss         | -0.00384  |
|    explained_variance   | 0         |
|    learning_rate        | 0.0003    |
|    loss                 | 2.63e+05  |
|    n_updates            | 900       |
|    policy_gradient_loss | -4.89e-09 |
|    value_loss           | 4.83e+05  |
---------------------------------------
---------------------------------------
| rollout/                |           |
|    ep_len_mean          | 50        |
|    ep_rew_mean          | 1.54e+03  |
| time/                   |           |
|    fps                  | 189       |
|    iterations           | 182       |
|    time_elapsed         | 492       |
|    total_timesteps      | 93184     |
| train/                  |           |
|    approx_kl            | 0.0       |
|    clip_fraction        | 0         |
|    clip_range           | 0.2       |
|    entropy_loss         | -0.00366  |
|    explained_variance   | -2.38e-07 |
|    learning_rate        | 0.0003    |
|    loss                 | 1.2e+05   |
|    n_updates            | 905       |
|    policy_gradient_loss | 2.47e-09  |
|    value_loss           | 2.54e+05  |
---------------------------------------
---------------------------------------
| rollout/                |           |
|    ep_len_mean          | 48.7      |
|    ep_rew_mean          | 1.48e+03  |
| time/                   |           |
|    fps                  | 189       |
|    iterations           | 183       |
|    time_elapsed         | 495       |
|    total_timesteps      | 93696     |
| train/                  |           |
|    approx_kl            | 0.0       |
|    clip_fraction        | 0         |
|    clip_range           | 0.2       |
|    entropy_loss         | -0.0036   |
|    explained_variance   | -1.19e-07 |
|    learning_rate        | 0.0003    |
|    loss                 | 1.54e+05  |
|    n_updates            | 910       |
|    policy_gradient_loss | 6.31e-09  |
|    value_loss           | 2.8e+05   |
---------------------------------------
--------------------------------------
| rollout/                |          |
|    ep_len_mean          | 47.8     |
|    ep_rew_mean          | 1.41e+03 |
| time/                   |          |
|    fps                  | 188      |
|    iterations           | 184      |
|    time_elapsed         | 498      |
|    total_timesteps      | 94208    |
| train/                  |          |
|    approx_kl            | 0.0      |
|    clip_fraction        | 0        |
|    clip_range           | 0.2      |
|    entropy_loss         | -0.0035  |
|    explained_variance   | 0        |
|    learning_rate        | 0.0003   |
|    loss                 | 5.72e+04 |
|    n_updates            | 915      |
|    policy_gradient_loss | 4.63e-09 |
|    value_loss           | 1.15e+05 |
--------------------------------------
---------------------------------------
| rollout/                |           |
|    ep_len_mean          | 52.9      |
|    ep_rew_mean          | 1.6e+03   |
| time/                   |           |
|    fps                  | 188       |
|    iterations           | 185       |
|    time_elapsed         | 501       |
|    total_timesteps      | 94720     |
| train/                  |           |
|    approx_kl            | 0.0       |
|    clip_fraction        | 0         |
|    clip_range           | 0.2       |
|    entropy_loss         | -0.00381  |
|    explained_variance   | -1.19e-07 |
|    learning_rate        | 0.0003    |
|    loss                 | 2.09e+05  |
|    n_updates            | 920       |
|    policy_gradient_loss | -1.88e-08 |
|    value_loss           | 4.25e+05  |
---------------------------------------
---------------------------------------
| rollout/                |           |
|    ep_len_mean          | 52.9      |
|    ep_rew_mean          | 1.6e+03   |
| time/                   |           |
|    fps                  | 188       |
|    iterations           | 186       |
|    time_elapsed         | 504       |
|    total_timesteps      | 95232     |
| train/                  |           |
|    approx_kl            | 0.0       |
|    clip_fraction        | 0         |
|    clip_range           | 0.2       |
|    entropy_loss         | -0.00384  |
|    explained_variance   | -3.58e-07 |
|    learning_rate        | 0.0003    |
|    loss                 | 2.55e+05  |
|    n_updates            | 925       |
|    policy_gradient_loss | 8.45e-09  |
|    value_loss           | 4.86e+05  |
---------------------------------------
---------------------------------------
| rollout/                |           |
|    ep_len_mean          | 59.3      |
|    ep_rew_mean          | 1.93e+03  |
| time/                   |           |
|    fps                  | 188       |
|    iterations           | 187       |
|    time_elapsed         | 508       |
|    total_timesteps      | 95744     |
| train/                  |           |
|    approx_kl            | 0.0       |
|    clip_fraction        | 0         |
|    clip_range           | 0.2       |
|    entropy_loss         | -0.00394  |
|    explained_variance   | 2.38e-07  |
|    learning_rate        | 0.0003    |
|    loss                 | 2.56e+05  |
|    n_updates            | 930       |
|    policy_gradient_loss | -5.05e-09 |
|    value_loss           | 5.28e+05  |
---------------------------------------
---------------------------------------
| rollout/                |           |
|    ep_len_mean          | 62.8      |
|    ep_rew_mean          | 2.03e+03  |
| time/                   |           |
|    fps                  | 188       |
|    iterations           | 188       |
|    time_elapsed         | 511       |
|    total_timesteps      | 96256     |
| train/                  |           |
|    approx_kl            | 0.0       |
|    clip_fraction        | 0         |
|    clip_range           | 0.2       |
|    entropy_loss         | -0.00383  |
|    explained_variance   | 0         |
|    learning_rate        | 0.0003    |
|    loss                 | 2e+05     |
|    n_updates            | 935       |
|    policy_gradient_loss | -1.84e-09 |
|    value_loss           | 4.02e+05  |
---------------------------------------
---------------------------------------
| rollout/                |           |
|    ep_len_mean          | 63.4      |
|    ep_rew_mean          | 2.04e+03  |
| time/                   |           |
|    fps                  | 188       |
|    iterations           | 189       |
|    time_elapsed         | 514       |
|    total_timesteps      | 96768     |
| train/                  |           |
|    approx_kl            | 0.0       |
|    clip_fraction        | 0         |
|    clip_range           | 0.2       |
|    entropy_loss         | -0.00359  |
|    explained_variance   | 0         |
|    learning_rate        | 0.0003    |
|    loss                 | 1.16e+05  |
|    n_updates            | 940       |
|    policy_gradient_loss | -2.65e-09 |
|    value_loss           | 2.59e+05  |
---------------------------------------
--------------------------------------
| rollout/                |          |
|    ep_len_mean          | 67       |
|    ep_rew_mean          | 2.13e+03 |
| time/                   |          |
|    fps                  | 187      |
|    iterations           | 190      |
|    time_elapsed         | 517      |
|    total_timesteps      | 97280    |
| train/                  |          |
|    approx_kl            | 0.0      |
|    clip_fraction        | 0        |
|    clip_range           | 0.2      |
|    entropy_loss         | -0.00387 |
|    explained_variance   | 0        |
|    learning_rate        | 0.0003   |
|    loss                 | 2.2e+05  |
|    n_updates            | 945      |
|    policy_gradient_loss | 5.91e-09 |
|    value_loss           | 5.01e+05 |
--------------------------------------
---------------------------------------
| rollout/                |           |
|    ep_len_mean          | 65.6      |
|    ep_rew_mean          | 2.01e+03  |
| time/                   |           |
|    fps                  | 187       |
|    iterations           | 191       |
|    time_elapsed         | 520       |
|    total_timesteps      | 97792     |
| train/                  |           |
|    approx_kl            | 0.0       |
|    clip_fraction        | 0         |
|    clip_range           | 0.2       |
|    entropy_loss         | -0.00366  |
|    explained_variance   | -1.19e-07 |
|    learning_rate        | 0.0003    |
|    loss                 | 1.17e+05  |
|    n_updates            | 950       |
|    policy_gradient_loss | -4.14e-09 |
|    value_loss           | 2.15e+05  |
---------------------------------------
--------------------------------------
| rollout/                |          |
|    ep_len_mean          | 56.8     |
|    ep_rew_mean          | 1.74e+03 |
| time/                   |          |
|    fps                  | 188      |
|    iterations           | 192      |
|    time_elapsed         | 522      |
|    total_timesteps      | 98304    |
| train/                  |          |
|    approx_kl            | 0.0      |
|    clip_fraction        | 0        |
|    clip_range           | 0.2      |
|    entropy_loss         | -0.00354 |
|    explained_variance   | 3.58e-07 |
|    learning_rate        | 0.0003   |
|    loss                 | 7.97e+04 |
|    n_updates            | 955      |
|    policy_gradient_loss | 2.33e-10 |
|    value_loss           | 1.51e+05 |
--------------------------------------
-------------------------------------------
| rollout/                |               |
|    ep_len_mean          | 55.8          |
|    ep_rew_mean          | 1.57e+03      |
| time/                   |               |
|    fps                  | 188           |
|    iterations           | 193           |
|    time_elapsed         | 523           |
|    total_timesteps      | 98816         |
| train/                  |               |
|    approx_kl            | 9.0827234e-07 |
|    clip_fraction        | 0             |
|    clip_range           | 0.2           |
|    entropy_loss         | -0.0034       |
|    explained_variance   | 0             |
|    learning_rate        | 0.0003        |
|    loss                 | 7.98e+04      |
|    n_updates            | 960           |
|    policy_gradient_loss | -4.17e-05     |
|    value_loss           | 1.87e+05      |
-------------------------------------------
--------------------------------------
| rollout/                |          |
|    ep_len_mean          | 56.6     |
|    ep_rew_mean          | 1.58e+03 |
| time/                   |          |
|    fps                  | 188      |
|    iterations           | 194      |
|    time_elapsed         | 525      |
|    total_timesteps      | 99328    |
| train/                  |          |
|    approx_kl            | 0.0      |
|    clip_fraction        | 0        |
|    clip_range           | 0.2      |
|    entropy_loss         | -0.00337 |
|    explained_variance   | 1.79e-07 |
|    learning_rate        | 0.0003   |
|    loss                 | 1.03e+05 |
|    n_updates            | 965      |
|    policy_gradient_loss | 3.86e-08 |
|    value_loss           | 1.94e+05 |
--------------------------------------
---------------------------------------
| rollout/                |           |
|    ep_len_mean          | 56        |
|    ep_rew_mean          | 1.49e+03  |
| time/                   |           |
|    fps                  | 189       |
|    iterations           | 195       |
|    time_elapsed         | 527       |
|    total_timesteps      | 99840     |
| train/                  |           |
|    approx_kl            | 0.0       |
|    clip_fraction        | 0         |
|    clip_range           | 0.2       |
|    entropy_loss         | -0.00341  |
|    explained_variance   | 1.19e-07  |
|    learning_rate        | 0.0003    |
|    loss                 | 1.57e+05  |
|    n_updates            | 970       |
|    policy_gradient_loss | -1.19e-09 |
|    value_loss           | 2.94e+05  |
---------------------------------------
---------------------------------------
| rollout/                |           |
|    ep_len_mean          | 40.3      |
|    ep_rew_mean          | 838       |
| time/                   |           |
|    fps                  | 189       |
|    iterations           | 196       |
|    time_elapsed         | 529       |
|    total_timesteps      | 100352    |
| train/                  |           |
|    approx_kl            | 0.0       |
|    clip_fraction        | 0         |
|    clip_range           | 0.2       |
|    entropy_loss         | -0.00335  |
|    explained_variance   | 0         |
|    learning_rate        | 0.0003    |
|    loss                 | 1.65e+05  |
|    n_updates            | 975       |
|    policy_gradient_loss | -1.16e-10 |
|    value_loss           | 3.14e+05  |
---------------------------------------
---------------------------------------
| rollout/                |           |
|    ep_len_mean          | 42.2      |
|    ep_rew_mean          | 791       |
| time/                   |           |
|    fps                  | 189       |
|    iterations           | 197       |
|    time_elapsed         | 531       |
|    total_timesteps      | 100864    |
| train/                  |           |
|    approx_kl            | 0.0       |
|    clip_fraction        | 0         |
|    clip_range           | 0.2       |
|    entropy_loss         | -0.00333  |
|    explained_variance   | -1.19e-07 |
|    learning_rate        | 0.0003    |
|    loss                 | 3.69e+04  |
|    n_updates            | 980       |
|    policy_gradient_loss | -6.73e-09 |
|    value_loss           | 9.36e+04  |
---------------------------------------
---------------------------------------
| rollout/                |           |
|    ep_len_mean          | 39.9      |
|    ep_rew_mean          | 771       |
| time/                   |           |
|    fps                  | 190       |
|    iterations           | 198       |
|    time_elapsed         | 533       |
|    total_timesteps      | 101376    |
| train/                  |           |
|    approx_kl            | 0.0       |
|    clip_fraction        | 0         |
|    clip_range           | 0.2       |
|    entropy_loss         | -0.00354  |
|    explained_variance   | 0         |
|    learning_rate        | 0.0003    |
|    loss                 | 2.52e+05  |
|    n_updates            | 985       |
|    policy_gradient_loss | -1.24e-07 |
|    value_loss           | 4.86e+05  |
---------------------------------------
---------------------------------------
| rollout/                |           |
|    ep_len_mean          | 39        |
|    ep_rew_mean          | 800       |
| time/                   |           |
|    fps                  | 190       |
|    iterations           | 199       |
|    time_elapsed         | 534       |
|    total_timesteps      | 101888    |
| train/                  |           |
|    approx_kl            | 0.0       |
|    clip_fraction        | 0         |
|    clip_range           | 0.2       |
|    entropy_loss         | -0.0035   |
|    explained_variance   | -1.19e-07 |
|    learning_rate        | 0.0003    |
|    loss                 | 1.64e+05  |
|    n_updates            | 990       |
|    policy_gradient_loss | -8.45e-09 |
|    value_loss           | 2.71e+05  |
---------------------------------------
------------------------------------------
| rollout/                |              |
|    ep_len_mean          | 41.1         |
|    ep_rew_mean          | 750          |
| time/                   |              |
|    fps                  | 190          |
|    iterations           | 200          |
|    time_elapsed         | 536          |
|    total_timesteps      | 102400       |
| train/                  |              |
|    approx_kl            | 8.834759e-07 |
|    clip_fraction        | 0            |
|    clip_range           | 0.2          |
|    entropy_loss         | -0.0034      |
|    explained_variance   | -1.19e-07    |
|    learning_rate        | 0.0003       |
|    loss                 | 1.68e+05     |
|    n_updates            | 995          |
|    policy_gradient_loss | -2.72e-05    |
|    value_loss           | 3.13e+05     |
------------------------------------------
---------------------------------------
| rollout/                |           |
|    ep_len_mean          | 43.6      |
|    ep_rew_mean          | 799       |
| time/                   |           |
|    fps                  | 190       |
|    iterations           | 201       |
|    time_elapsed         | 538       |
|    total_timesteps      | 102912    |
| train/                  |           |
|    approx_kl            | 0.0       |
|    clip_fraction        | 0         |
|    clip_range           | 0.2       |
|    entropy_loss         | -0.00333  |
|    explained_variance   | 0         |
|    learning_rate        | 0.0003    |
|    loss                 | 1.17e+05  |
|    n_updates            | 1000      |
|    policy_gradient_loss | -1.22e-07 |
|    value_loss           | 2.26e+05  |
---------------------------------------
---------------------------------------
| rollout/                |           |
|    ep_len_mean          | 43.7      |
|    ep_rew_mean          | 854       |
| time/                   |           |
|    fps                  | 190       |
|    iterations           | 202       |
|    time_elapsed         | 541       |
|    total_timesteps      | 103424    |
| train/                  |           |
|    approx_kl            | 0.0       |
|    clip_fraction        | 0         |
|    clip_range           | 0.2       |
|    entropy_loss         | -0.00319  |
|    explained_variance   | 0         |
|    learning_rate        | 0.0003    |
|    loss                 | 8.33e+04  |
|    n_updates            | 1005      |
|    policy_gradient_loss | -8.61e-09 |
|    value_loss           | 1.63e+05  |
---------------------------------------
--------------------------------------
| rollout/                |          |
|    ep_len_mean          | 42.3     |
|    ep_rew_mean          | 926      |
| time/                   |          |
|    fps                  | 190      |
|    iterations           | 203      |
|    time_elapsed         | 544      |
|    total_timesteps      | 103936   |
| train/                  |          |
|    approx_kl            | 0.0      |
|    clip_fraction        | 0        |
|    clip_range           | 0.2      |
|    entropy_loss         | -0.00331 |
|    explained_variance   | 0        |
|    learning_rate        | 0.0003   |
|    loss                 | 1.51e+05 |
|    n_updates            | 1010     |
|    policy_gradient_loss | 1.28e-09 |
|    value_loss           | 2.83e+05 |
--------------------------------------
---------------------------------------
| rollout/                |           |
|    ep_len_mean          | 42.2      |
|    ep_rew_mean          | 1.06e+03  |
| time/                   |           |
|    fps                  | 191       |
|    iterations           | 204       |
|    time_elapsed         | 546       |
|    total_timesteps      | 104448    |
| train/                  |           |
|    approx_kl            | 0.0       |
|    clip_fraction        | 0         |
|    clip_range           | 0.2       |
|    entropy_loss         | -0.00326  |
|    explained_variance   | 0         |
|    learning_rate        | 0.0003    |
|    loss                 | 1.11e+05  |
|    n_updates            | 1015      |
|    policy_gradient_loss | -7.24e-09 |
|    value_loss           | 2.43e+05  |
---------------------------------------
---------------------------------------
| rollout/                |           |
|    ep_len_mean          | 36.2      |
|    ep_rew_mean          | 852       |
| time/                   |           |
|    fps                  | 191       |
|    iterations           | 205       |
|    time_elapsed         | 549       |
|    total_timesteps      | 104960    |
| train/                  |           |
|    approx_kl            | 0.0       |
|    clip_fraction        | 0         |
|    clip_range           | 0.2       |
|    entropy_loss         | -0.00332  |
|    explained_variance   | -2.38e-07 |
|    learning_rate        | 0.0003    |
|    loss                 | 1.26e+05  |
|    n_updates            | 1020      |
|    policy_gradient_loss | -3.05e-09 |
|    value_loss           | 3.09e+05  |
---------------------------------------
---------------------------------------
| rollout/                |           |
|    ep_len_mean          | 38.3      |
|    ep_rew_mean          | 797       |
| time/                   |           |
|    fps                  | 191       |
|    iterations           | 206       |
|    time_elapsed         | 552       |
|    total_timesteps      | 105472    |
| train/                  |           |
|    approx_kl            | 0.0       |
|    clip_fraction        | 0         |
|    clip_range           | 0.2       |
|    entropy_loss         | -0.00323  |
|    explained_variance   | 1.79e-07  |
|    learning_rate        | 0.0003    |
|    loss                 | 8.63e+04  |
|    n_updates            | 1025      |
|    policy_gradient_loss | -5.19e-09 |
|    value_loss           | 1.75e+05  |
---------------------------------------
---------------------------------------
| rollout/                |           |
|    ep_len_mean          | 37        |
|    ep_rew_mean          | 718       |
| time/                   |           |
|    fps                  | 191       |
|    iterations           | 207       |
|    time_elapsed         | 554       |
|    total_timesteps      | 105984    |
| train/                  |           |
|    approx_kl            | 0.0       |
|    clip_fraction        | 0         |
|    clip_range           | 0.2       |
|    entropy_loss         | -0.0032   |
|    explained_variance   | -1.19e-07 |
|    learning_rate        | 0.0003    |
|    loss                 | 8.91e+04  |
|    n_updates            | 1030      |
|    policy_gradient_loss | -5.52e-09 |
|    value_loss           | 1.62e+05  |
---------------------------------------
---------------------------------------
| rollout/                |           |
|    ep_len_mean          | 35.3      |
|    ep_rew_mean          | 765       |
| time/                   |           |
|    fps                  | 191       |
|    iterations           | 208       |
|    time_elapsed         | 557       |
|    total_timesteps      | 106496    |
| train/                  |           |
|    approx_kl            | 0.0       |
|    clip_fraction        | 0         |
|    clip_range           | 0.2       |
|    entropy_loss         | -0.0032   |
|    explained_variance   | 5.96e-08  |
|    learning_rate        | 0.0003    |
|    loss                 | 8.57e+04  |
|    n_updates            | 1035      |
|    policy_gradient_loss | -6.98e-10 |
|    value_loss           | 2.31e+05  |
---------------------------------------
-------------------------------------------
| rollout/                |               |
|    ep_len_mean          | 35.1          |
|    ep_rew_mean          | 706           |
| time/                   |               |
|    fps                  | 191           |
|    iterations           | 209           |
|    time_elapsed         | 559           |
|    total_timesteps      | 107008        |
| train/                  |               |
|    approx_kl            | 4.4202898e-06 |
|    clip_fraction        | 0             |
|    clip_range           | 0.2           |
|    entropy_loss         | -0.00325      |
|    explained_variance   | -1.19e-07     |
|    learning_rate        | 0.0003        |
|    loss                 | 1.12e+05      |
|    n_updates            | 1040          |
|    policy_gradient_loss | -8.09e-05     |
|    value_loss           | 3.23e+05      |
-------------------------------------------
---------------------------------------
| rollout/                |           |
|    ep_len_mean          | 35.7      |
|    ep_rew_mean          | 751       |
| time/                   |           |
|    fps                  | 191       |
|    iterations           | 210       |
|    time_elapsed         | 562       |
|    total_timesteps      | 107520    |
| train/                  |           |
|    approx_kl            | 0.0       |
|    clip_fraction        | 0         |
|    clip_range           | 0.2       |
|    entropy_loss         | -0.00307  |
|    explained_variance   | -2.38e-07 |
|    learning_rate        | 0.0003    |
|    loss                 | 1.31e+05  |
|    n_updates            | 1045      |
|    policy_gradient_loss | -1.83e-07 |
|    value_loss           | 2.28e+05  |
---------------------------------------
---------------------------------------
| rollout/                |           |
|    ep_len_mean          | 41.9      |
|    ep_rew_mean          | 952       |
| time/                   |           |
|    fps                  | 191       |
|    iterations           | 211       |
|    time_elapsed         | 565       |
|    total_timesteps      | 108032    |
| train/                  |           |
|    approx_kl            | 0.0       |
|    clip_fraction        | 0         |
|    clip_range           | 0.2       |
|    entropy_loss         | -0.00321  |
|    explained_variance   | 1.19e-07  |
|    learning_rate        | 0.0003    |
|    loss                 | 2.55e+05  |
|    n_updates            | 1050      |
|    policy_gradient_loss | -8.89e-09 |
|    value_loss           | 4.81e+05  |
---------------------------------------
---------------------------------------
| rollout/                |           |
|    ep_len_mean          | 42.7      |
|    ep_rew_mean          | 978       |
| time/                   |           |
|    fps                  | 191       |
|    iterations           | 212       |
|    time_elapsed         | 567       |
|    total_timesteps      | 108544    |
| train/                  |           |
|    approx_kl            | 0.0       |
|    clip_fraction        | 0         |
|    clip_range           | 0.2       |
|    entropy_loss         | -0.00329  |
|    explained_variance   | -1.19e-07 |
|    learning_rate        | 0.0003    |
|    loss                 | 1.56e+05  |
|    n_updates            | 1055      |
|    policy_gradient_loss | 7.31e-09  |
|    value_loss           | 2.8e+05   |
---------------------------------------
---------------------------------------
| rollout/                |           |
|    ep_len_mean          | 42.7      |
|    ep_rew_mean          | 991       |
| time/                   |           |
|    fps                  | 191       |
|    iterations           | 213       |
|    time_elapsed         | 570       |
|    total_timesteps      | 109056    |
| train/                  |           |
|    approx_kl            | 0.0       |
|    clip_fraction        | 0         |
|    clip_range           | 0.2       |
|    entropy_loss         | -0.00301  |
|    explained_variance   | 0         |
|    learning_rate        | 0.0003    |
|    loss                 | 1.56e+05  |
|    n_updates            | 1060      |
|    policy_gradient_loss | -1.07e-09 |
|    value_loss           | 2.45e+05  |
---------------------------------------
---------------------------------------
| rollout/                |           |
|    ep_len_mean          | 39.4      |
|    ep_rew_mean          | 1.01e+03  |
| time/                   |           |
|    fps                  | 191       |
|    iterations           | 214       |
|    time_elapsed         | 573       |
|    total_timesteps      | 109568    |
| train/                  |           |
|    approx_kl            | 0.0       |
|    clip_fraction        | 0         |
|    clip_range           | 0.2       |
|    entropy_loss         | -0.00296  |
|    explained_variance   | 1.79e-07  |
|    learning_rate        | 0.0003    |
|    loss                 | 1.17e+05  |
|    n_updates            | 1065      |
|    policy_gradient_loss | -6.33e-09 |
|    value_loss           | 2.15e+05  |
---------------------------------------
---------------------------------------
| rollout/                |           |
|    ep_len_mean          | 38.9      |
|    ep_rew_mean          | 1.12e+03  |
| time/                   |           |
|    fps                  | 191       |
|    iterations           | 215       |
|    time_elapsed         | 575       |
|    total_timesteps      | 110080    |
| train/                  |           |
|    approx_kl            | 0.0       |
|    clip_fraction        | 0         |
|    clip_range           | 0.2       |
|    entropy_loss         | -0.00293  |
|    explained_variance   | -1.19e-07 |
|    learning_rate        | 0.0003    |
|    loss                 | 6.84e+04  |
|    n_updates            | 1070      |
|    policy_gradient_loss | 1.14e-09  |
|    value_loss           | 1.63e+05  |
---------------------------------------
--------------------------------------
| rollout/                |          |
|    ep_len_mean          | 37.1     |
|    ep_rew_mean          | 1.08e+03 |
| time/                   |          |
|    fps                  | 191      |
|    iterations           | 216      |
|    time_elapsed         | 578      |
|    total_timesteps      | 110592   |
| train/                  |          |
|    approx_kl            | 0.0      |
|    clip_fraction        | 0        |
|    clip_range           | 0.2      |
|    entropy_loss         | -0.00316 |
|    explained_variance   | 0        |
|    learning_rate        | 0.0003   |
|    loss                 | 1.24e+05 |
|    n_updates            | 1075     |
|    policy_gradient_loss | 1.24e-08 |
|    value_loss           | 2.41e+05 |
--------------------------------------
---------------------------------------
| rollout/                |           |
|    ep_len_mean          | 30.1      |
|    ep_rew_mean          | 800       |
| time/                   |           |
|    fps                  | 191       |
|    iterations           | 217       |
|    time_elapsed         | 581       |
|    total_timesteps      | 111104    |
| train/                  |           |
|    approx_kl            | 0.0       |
|    clip_fraction        | 0         |
|    clip_range           | 0.2       |
|    entropy_loss         | -0.00297  |
|    explained_variance   | 0         |
|    learning_rate        | 0.0003    |
|    loss                 | 4.4e+04   |
|    n_updates            | 1080      |
|    policy_gradient_loss | -1.02e-09 |
|    value_loss           | 8.92e+04  |
---------------------------------------
---------------------------------------
| rollout/                |           |
|    ep_len_mean          | 31.5      |
|    ep_rew_mean          | 815       |
| time/                   |           |
|    fps                  | 191       |
|    iterations           | 218       |
|    time_elapsed         | 583       |
|    total_timesteps      | 111616    |
| train/                  |           |
|    approx_kl            | 0.0       |
|    clip_fraction        | 0         |
|    clip_range           | 0.2       |
|    entropy_loss         | -0.00295  |
|    explained_variance   | 5.96e-08  |
|    learning_rate        | 0.0003    |
|    loss                 | 6.62e+04  |
|    n_updates            | 1085      |
|    policy_gradient_loss | -4.66e-10 |
|    value_loss           | 1.42e+05  |
---------------------------------------
---------------------------------------
| rollout/                |           |
|    ep_len_mean          | 32.9      |
|    ep_rew_mean          | 897       |
| time/                   |           |
|    fps                  | 191       |
|    iterations           | 219       |
|    time_elapsed         | 586       |
|    total_timesteps      | 112128    |
| train/                  |           |
|    approx_kl            | 0.0       |
|    clip_fraction        | 0         |
|    clip_range           | 0.2       |
|    entropy_loss         | -0.00326  |
|    explained_variance   | 0         |
|    learning_rate        | 0.0003    |
|    loss                 | 1.88e+05  |
|    n_updates            | 1090      |
|    policy_gradient_loss | -8.17e-09 |
|    value_loss           | 3.55e+05  |
---------------------------------------
--------------------------------------
| rollout/                |          |
|    ep_len_mean          | 34.3     |
|    ep_rew_mean          | 937      |
| time/                   |          |
|    fps                  | 191      |
|    iterations           | 220      |
|    time_elapsed         | 589      |
|    total_timesteps      | 112640   |
| train/                  |          |
|    approx_kl            | 0.0      |
|    clip_fraction        | 0        |
|    clip_range           | 0.2      |
|    entropy_loss         | -0.00294 |
|    explained_variance   | 0        |
|    learning_rate        | 0.0003   |
|    loss                 | 9.19e+04 |
|    n_updates            | 1095     |
|    policy_gradient_loss | 1.16e-09 |
|    value_loss           | 2e+05    |
--------------------------------------
---------------------------------------
| rollout/                |           |
|    ep_len_mean          | 35.5      |
|    ep_rew_mean          | 1.02e+03  |
| time/                   |           |
|    fps                  | 191       |
|    iterations           | 221       |
|    time_elapsed         | 591       |
|    total_timesteps      | 113152    |
| train/                  |           |
|    approx_kl            | 6.716e-07 |
|    clip_fraction        | 0         |
|    clip_range           | 0.2       |
|    entropy_loss         | -0.00322  |
|    explained_variance   | -1.19e-07 |
|    learning_rate        | 0.0003    |
|    loss                 | 1.74e+05  |
|    n_updates            | 1100      |
|    policy_gradient_loss | -3.6e-05  |
|    value_loss           | 3e+05     |
---------------------------------------
--------------------------------------
| rollout/                |          |
|    ep_len_mean          | 36.9     |
|    ep_rew_mean          | 1.01e+03 |
| time/                   |          |
|    fps                  | 191      |
|    iterations           | 222      |
|    time_elapsed         | 594      |
|    total_timesteps      | 113664   |
| train/                  |          |
|    approx_kl            | 0.0      |
|    clip_fraction        | 0        |
|    clip_range           | 0.2      |
|    entropy_loss         | -0.00289 |
|    explained_variance   | 5.96e-08 |
|    learning_rate        | 0.0003   |
|    loss                 | 9.63e+04 |
|    n_updates            | 1105     |
|    policy_gradient_loss | 2.26e-09 |
|    value_loss           | 1.81e+05 |
--------------------------------------
--------------------------------------
| rollout/                |          |
|    ep_len_mean          | 39.7     |
|    ep_rew_mean          | 1.05e+03 |
| time/                   |          |
|    fps                  | 191      |
|    iterations           | 223      |
|    time_elapsed         | 596      |
|    total_timesteps      | 114176   |
| train/                  |          |
|    approx_kl            | 0.0      |
|    clip_fraction        | 0        |
|    clip_range           | 0.2      |
|    entropy_loss         | -0.00294 |
|    explained_variance   | 0        |
|    learning_rate        | 0.0003   |
|    loss                 | 1.23e+05 |
|    n_updates            | 1110     |
|    policy_gradient_loss | -6.1e-09 |
|    value_loss           | 2.44e+05 |
--------------------------------------
---------------------------------------
| rollout/                |           |
|    ep_len_mean          | 41.7      |
|    ep_rew_mean          | 1.17e+03  |
| time/                   |           |
|    fps                  | 191       |
|    iterations           | 224       |
|    time_elapsed         | 599       |
|    total_timesteps      | 114688    |
| train/                  |           |
|    approx_kl            | 0.0       |
|    clip_fraction        | 0         |
|    clip_range           | 0.2       |
|    entropy_loss         | -0.00306  |
|    explained_variance   | 0         |
|    learning_rate        | 0.0003    |
|    loss                 | 1.5e+05   |
|    n_updates            | 1115      |
|    policy_gradient_loss | -8.34e-09 |
|    value_loss           | 2.62e+05  |
---------------------------------------
---------------------------------------
| rollout/                |           |
|    ep_len_mean          | 42        |
|    ep_rew_mean          | 1.16e+03  |
| time/                   |           |
|    fps                  | 191       |
|    iterations           | 225       |
|    time_elapsed         | 602       |
|    total_timesteps      | 115200    |
| train/                  |           |
|    approx_kl            | 0.0       |
|    clip_fraction        | 0         |
|    clip_range           | 0.2       |
|    entropy_loss         | -0.00282  |
|    explained_variance   | 0         |
|    learning_rate        | 0.0003    |
|    loss                 | 1.35e+05  |
|    n_updates            | 1120      |
|    policy_gradient_loss | -1.12e-08 |
|    value_loss           | 2.71e+05  |
---------------------------------------
-------------------------------------------
| rollout/                |               |
|    ep_len_mean          | 42.5          |
|    ep_rew_mean          | 1.21e+03      |
| time/                   |               |
|    fps                  | 191           |
|    iterations           | 226           |
|    time_elapsed         | 604           |
|    total_timesteps      | 115712        |
| train/                  |               |
|    approx_kl            | 1.8890714e-06 |
|    clip_fraction        | 0             |
|    clip_range           | 0.2           |
|    entropy_loss         | -0.00285      |
|    explained_variance   | 0             |
|    learning_rate        | 0.0003        |
|    loss                 | 1.08e+05      |
|    n_updates            | 1125          |
|    policy_gradient_loss | -3.57e-05     |
|    value_loss           | 2.44e+05      |
-------------------------------------------
---------------------------------------
| rollout/                |           |
|    ep_len_mean          | 45.4      |
|    ep_rew_mean          | 1.37e+03  |
| time/                   |           |
|    fps                  | 191       |
|    iterations           | 227       |
|    time_elapsed         | 607       |
|    total_timesteps      | 116224    |
| train/                  |           |
|    approx_kl            | 0.0       |
|    clip_fraction        | 0         |
|    clip_range           | 0.2       |
|    entropy_loss         | -0.00307  |
|    explained_variance   | 0         |
|    learning_rate        | 0.0003    |
|    loss                 | 2.96e+05  |
|    n_updates            | 1130      |
|    policy_gradient_loss | -1.43e-08 |
|    value_loss           | 6.33e+05  |
---------------------------------------
-----------------------------------------
| rollout/                |             |
|    ep_len_mean          | 47          |
|    ep_rew_mean          | 1.32e+03    |
| time/                   |             |
|    fps                  | 191         |
|    iterations           | 228         |
|    time_elapsed         | 610         |
|    total_timesteps      | 116736      |
| train/                  |             |
|    approx_kl            | 8.42032e-07 |
|    clip_fraction        | 0           |
|    clip_range           | 0.2         |
|    entropy_loss         | -0.00285    |
|    explained_variance   | -2.38e-07   |
|    learning_rate        | 0.0003      |
|    loss                 | 1.89e+05    |
|    n_updates            | 1135        |
|    policy_gradient_loss | -4.17e-05   |
|    value_loss           | 3.53e+05    |
-----------------------------------------
--------------------------------------
| rollout/                |          |
|    ep_len_mean          | 48.9     |
|    ep_rew_mean          | 1.46e+03 |
| time/                   |          |
|    fps                  | 191      |
|    iterations           | 229      |
|    time_elapsed         | 612      |
|    total_timesteps      | 117248   |
| train/                  |          |
|    approx_kl            | 0.0      |
|    clip_fraction        | 0        |
|    clip_range           | 0.2      |
|    entropy_loss         | -0.00261 |
|    explained_variance   | 0        |
|    learning_rate        | 0.0003   |
|    loss                 | 5.02e+04 |
|    n_updates            | 1140     |
|    policy_gradient_loss | 3.86e-09 |
|    value_loss           | 1.34e+05 |
--------------------------------------
------------------------------------------
| rollout/                |              |
|    ep_len_mean          | 48.9         |
|    ep_rew_mean          | 1.46e+03     |
| time/                   |              |
|    fps                  | 191          |
|    iterations           | 230          |
|    time_elapsed         | 615          |
|    total_timesteps      | 117760       |
| train/                  |              |
|    approx_kl            | 4.497124e-07 |
|    clip_fraction        | 0            |
|    clip_range           | 0.2          |
|    entropy_loss         | -0.00281     |
|    explained_variance   | -1.19e-07    |
|    learning_rate        | 0.0003       |
|    loss                 | 1.92e+05     |
|    n_updates            | 1145         |
|    policy_gradient_loss | -3.44e-05    |
|    value_loss           | 4.44e+05     |
------------------------------------------
--------------------------------------
| rollout/                |          |
|    ep_len_mean          | 53.1     |
|    ep_rew_mean          | 1.7e+03  |
| time/                   |          |
|    fps                  | 191      |
|    iterations           | 231      |
|    time_elapsed         | 618      |
|    total_timesteps      | 118272   |
| train/                  |          |
|    approx_kl            | 0.0      |
|    clip_fraction        | 0        |
|    clip_range           | 0.2      |
|    entropy_loss         | -0.00285 |
|    explained_variance   | 5.96e-08 |
|    learning_rate        | 0.0003   |
|    loss                 | 2.62e+05 |
|    n_updates            | 1150     |
|    policy_gradient_loss | 2.13e-08 |
|    value_loss           | 5.54e+05 |
--------------------------------------
--------------------------------------
| rollout/                |          |
|    ep_len_mean          | 55.1     |
|    ep_rew_mean          | 1.74e+03 |
| time/                   |          |
|    fps                  | 191      |
|    iterations           | 232      |
|    time_elapsed         | 620      |
|    total_timesteps      | 118784   |
| train/                  |          |
|    approx_kl            | 0.0      |
|    clip_fraction        | 0        |
|    clip_range           | 0.2      |
|    entropy_loss         | -0.00262 |
|    explained_variance   | 0        |
|    learning_rate        | 0.0003   |
|    loss                 | 1.95e+05 |
|    n_updates            | 1155     |
|    policy_gradient_loss | 2.07e-09 |
|    value_loss           | 3.22e+05 |
--------------------------------------
---------------------------------------
| rollout/                |           |
|    ep_len_mean          | 51        |
|    ep_rew_mean          | 1.6e+03   |
| time/                   |           |
|    fps                  | 191       |
|    iterations           | 233       |
|    time_elapsed         | 623       |
|    total_timesteps      | 119296    |
| train/                  |           |
|    approx_kl            | 0.0       |
|    clip_fraction        | 0         |
|    clip_range           | 0.2       |
|    entropy_loss         | -0.00275  |
|    explained_variance   | -2.38e-07 |
|    learning_rate        | 0.0003    |
|    loss                 | 1.22e+05  |
|    n_updates            | 1160      |
|    policy_gradient_loss | -5.05e-09 |
|    value_loss           | 2.64e+05  |
---------------------------------------
------------------------------------------
| rollout/                |              |
|    ep_len_mean          | 50.5         |
|    ep_rew_mean          | 1.57e+03     |
| time/                   |              |
|    fps                  | 191          |
|    iterations           | 234          |
|    time_elapsed         | 626          |
|    total_timesteps      | 119808       |
| train/                  |              |
|    approx_kl            | 2.423767e-07 |
|    clip_fraction        | 0            |
|    clip_range           | 0.2          |
|    entropy_loss         | -0.0025      |
|    explained_variance   | 0            |
|    learning_rate        | 0.0003       |
|    loss                 | 1.43e+05     |
|    n_updates            | 1165         |
|    policy_gradient_loss | -6.75e-06    |
|    value_loss           | 2.58e+05     |
------------------------------------------
---------------------------------------
| rollout/                |           |
|    ep_len_mean          | 49.6      |
|    ep_rew_mean          | 1.54e+03  |
| time/                   |           |
|    fps                  | 191       |
|    iterations           | 235       |
|    time_elapsed         | 628       |
|    total_timesteps      | 120320    |
| train/                  |           |
|    approx_kl            | 0.0       |
|    clip_fraction        | 0         |
|    clip_range           | 0.2       |
|    entropy_loss         | -0.00249  |
|    explained_variance   | -1.19e-07 |
|    learning_rate        | 0.0003    |
|    loss                 | 1.23e+05  |
|    n_updates            | 1170      |
|    policy_gradient_loss | -4.63e-08 |
|    value_loss           | 2.18e+05  |
---------------------------------------
---------------------------------------
| rollout/                |           |
|    ep_len_mean          | 55.8      |
|    ep_rew_mean          | 1.8e+03   |
| time/                   |           |
|    fps                  | 191       |
|    iterations           | 236       |
|    time_elapsed         | 631       |
|    total_timesteps      | 120832    |
| train/                  |           |
|    approx_kl            | 0.0       |
|    clip_fraction        | 0         |
|    clip_range           | 0.2       |
|    entropy_loss         | -0.00269  |
|    explained_variance   | 0         |
|    learning_rate        | 0.0003    |
|    loss                 | 2.45e+05  |
|    n_updates            | 1175      |
|    policy_gradient_loss | -3.84e-09 |
|    value_loss           | 4.89e+05  |
---------------------------------------
---------------------------------------
| rollout/                |           |
|    ep_len_mean          | 55.8      |
|    ep_rew_mean          | 1.8e+03   |
| time/                   |           |
|    fps                  | 191       |
|    iterations           | 237       |
|    time_elapsed         | 634       |
|    total_timesteps      | 121344    |
| train/                  |           |
|    approx_kl            | 0.0       |
|    clip_fraction        | 0         |
|    clip_range           | 0.2       |
|    entropy_loss         | -0.00279  |
|    explained_variance   | 0         |
|    learning_rate        | 0.0003    |
|    loss                 | 2.71e+05  |
|    n_updates            | 1180      |
|    policy_gradient_loss | -4.59e-09 |
|    value_loss           | 5.28e+05  |
---------------------------------------
---------------------------------------
| rollout/                |           |
|    ep_len_mean          | 58        |
|    ep_rew_mean          | 1.85e+03  |
| time/                   |           |
|    fps                  | 191       |
|    iterations           | 238       |
|    time_elapsed         | 636       |
|    total_timesteps      | 121856    |
| train/                  |           |
|    approx_kl            | 0.0       |
|    clip_fraction        | 0         |
|    clip_range           | 0.2       |
|    entropy_loss         | -0.00277  |
|    explained_variance   | 0         |
|    learning_rate        | 0.0003    |
|    loss                 | 3.22e+05  |
|    n_updates            | 1185      |
|    policy_gradient_loss | -1.36e-08 |
|    value_loss           | 5.63e+05  |
---------------------------------------
---------------------------------------
| rollout/                |           |
|    ep_len_mean          | 58.1      |
|    ep_rew_mean          | 1.98e+03  |
| time/                   |           |
|    fps                  | 191       |
|    iterations           | 239       |
|    time_elapsed         | 639       |
|    total_timesteps      | 122368    |
| train/                  |           |
|    approx_kl            | 0.0       |
|    clip_fraction        | 0         |
|    clip_range           | 0.2       |
|    entropy_loss         | -0.00265  |
|    explained_variance   | 0         |
|    learning_rate        | 0.0003    |
|    loss                 | 1.48e+05  |
|    n_updates            | 1190      |
|    policy_gradient_loss | -1.21e-09 |
|    value_loss           | 2.77e+05  |
---------------------------------------
--------------------------------------
| rollout/                |          |
|    ep_len_mean          | 58.6     |
|    ep_rew_mean          | 1.95e+03 |
| time/                   |          |
|    fps                  | 191      |
|    iterations           | 240      |
|    time_elapsed         | 641      |
|    total_timesteps      | 122880   |
| train/                  |          |
|    approx_kl            | 0.0      |
|    clip_fraction        | 0        |
|    clip_range           | 0.2      |
|    entropy_loss         | -0.0024  |
|    explained_variance   | 1.19e-07 |
|    learning_rate        | 0.0003   |
|    loss                 | 1.65e+05 |
|    n_updates            | 1195     |
|    policy_gradient_loss | 1.77e-09 |
|    value_loss           | 3.38e+05 |
--------------------------------------
---------------------------------------
| rollout/                |           |
|    ep_len_mean          | 48.2      |
|    ep_rew_mean          | 1.48e+03  |
| time/                   |           |
|    fps                  | 191       |
|    iterations           | 241       |
|    time_elapsed         | 644       |
|    total_timesteps      | 123392    |
| train/                  |           |
|    approx_kl            | 0.0       |
|    clip_fraction        | 0         |
|    clip_range           | 0.2       |
|    entropy_loss         | -0.00249  |
|    explained_variance   | -2.38e-07 |
|    learning_rate        | 0.0003    |
|    loss                 | 8.89e+04  |
|    n_updates            | 1200      |
|    policy_gradient_loss | 3.73e-09  |
|    value_loss           | 1.67e+05  |
---------------------------------------
--------------------------------------
| rollout/                |          |
|    ep_len_mean          | 48.2     |
|    ep_rew_mean          | 1.46e+03 |
| time/                   |          |
|    fps                  | 191      |
|    iterations           | 242      |
|    time_elapsed         | 647      |
|    total_timesteps      | 123904   |
| train/                  |          |
|    approx_kl            | 0.0      |
|    clip_fraction        | 0        |
|    clip_range           | 0.2      |
|    entropy_loss         | -0.00241 |
|    explained_variance   | 0        |
|    learning_rate        | 0.0003   |
|    loss                 | 1.22e+05 |
|    n_updates            | 1205     |
|    policy_gradient_loss | 1.79e-09 |
|    value_loss           | 2.54e+05 |
--------------------------------------
--------------------------------------
| rollout/                |          |
|    ep_len_mean          | 47.9     |
|    ep_rew_mean          | 1.5e+03  |
| time/                   |          |
|    fps                  | 191      |
|    iterations           | 243      |
|    time_elapsed         | 649      |
|    total_timesteps      | 124416   |
| train/                  |          |
|    approx_kl            | 0.0      |
|    clip_fraction        | 0        |
|    clip_range           | 0.2      |
|    entropy_loss         | -0.00249 |
|    explained_variance   | 0        |
|    learning_rate        | 0.0003   |
|    loss                 | 1.24e+05 |
|    n_updates            | 1210     |
|    policy_gradient_loss | 2.19e-09 |
|    value_loss           | 2.6e+05  |
--------------------------------------
---------------------------------------
| rollout/                |           |
|    ep_len_mean          | 54.9      |
|    ep_rew_mean          | 1.75e+03  |
| time/                   |           |
|    fps                  | 191       |
|    iterations           | 244       |
|    time_elapsed         | 652       |
|    total_timesteps      | 124928    |
| train/                  |           |
|    approx_kl            | 0.0       |
|    clip_fraction        | 0         |
|    clip_range           | 0.2       |
|    entropy_loss         | -0.00268  |
|    explained_variance   | 5.96e-08  |
|    learning_rate        | 0.0003    |
|    loss                 | 2.55e+05  |
|    n_updates            | 1215      |
|    policy_gradient_loss | -8.06e-09 |
|    value_loss           | 4.67e+05  |
---------------------------------------
---------------------------------------
| rollout/                |           |
|    ep_len_mean          | 54.2      |
|    ep_rew_mean          | 1.71e+03  |
| time/                   |           |
|    fps                  | 191       |
|    iterations           | 245       |
|    time_elapsed         | 655       |
|    total_timesteps      | 125440    |
| train/                  |           |
|    approx_kl            | 0.0       |
|    clip_fraction        | 0         |
|    clip_range           | 0.2       |
|    entropy_loss         | -0.00259  |
|    explained_variance   | 0         |
|    learning_rate        | 0.0003    |
|    loss                 | 1.64e+05  |
|    n_updates            | 1220      |
|    policy_gradient_loss | -1.36e-08 |
|    value_loss           | 3.51e+05  |
---------------------------------------
---------------------------------------
| rollout/                |           |
|    ep_len_mean          | 53.4      |
|    ep_rew_mean          | 1.66e+03  |
| time/                   |           |
|    fps                  | 191       |
|    iterations           | 246       |
|    time_elapsed         | 658       |
|    total_timesteps      | 125952    |
| train/                  |           |
|    approx_kl            | 0.0       |
|    clip_fraction        | 0         |
|    clip_range           | 0.2       |
|    entropy_loss         | -0.00258  |
|    explained_variance   | -1.19e-07 |
|    learning_rate        | 0.0003    |
|    loss                 | 6.27e+04  |
|    n_updates            | 1225      |
|    policy_gradient_loss | -9.95e-09 |
|    value_loss           | 1.45e+05  |
---------------------------------------
--------------------------------------
| rollout/                |          |
|    ep_len_mean          | 45.5     |
|    ep_rew_mean          | 1.27e+03 |
| time/                   |          |
|    fps                  | 190      |
|    iterations           | 247      |
|    time_elapsed         | 662      |
|    total_timesteps      | 126464   |
| train/                  |          |
|    approx_kl            | 0.0      |
|    clip_fraction        | 0        |
|    clip_range           | 0.2      |
|    entropy_loss         | -0.00273 |
|    explained_variance   | 0        |
|    learning_rate        | 0.0003   |
|    loss                 | 2.48e+05 |
|    n_updates            | 1230     |
|    policy_gradient_loss | 1.39e-08 |
|    value_loss           | 4.99e+05 |
--------------------------------------
--------------------------------------
| rollout/                |          |
|    ep_len_mean          | 47.3     |
|    ep_rew_mean          | 1.27e+03 |
| time/                   |          |
|    fps                  | 190      |
|    iterations           | 248      |
|    time_elapsed         | 665      |
|    total_timesteps      | 126976   |
| train/                  |          |
|    approx_kl            | 0.0      |
|    clip_fraction        | 0        |
|    clip_range           | 0.2      |
|    entropy_loss         | -0.00236 |
|    explained_variance   | 0        |
|    learning_rate        | 0.0003   |
|    loss                 | 8.33e+04 |
|    n_updates            | 1235     |
|    policy_gradient_loss | 5.47e-09 |
|    value_loss           | 1.74e+05 |
--------------------------------------
--------------------------------------
| rollout/                |          |
|    ep_len_mean          | 43.8     |
|    ep_rew_mean          | 1.04e+03 |
| time/                   |          |
|    fps                  | 190      |
|    iterations           | 249      |
|    time_elapsed         | 668      |
|    total_timesteps      | 127488   |
| train/                  |          |
|    approx_kl            | 0.0      |
|    clip_fraction        | 0        |
|    clip_range           | 0.2      |
|    entropy_loss         | -0.00244 |
|    explained_variance   | 0        |
|    learning_rate        | 0.0003   |
|    loss                 | 6.86e+04 |
|    n_updates            | 1240     |
|    policy_gradient_loss | 1.47e-09 |
|    value_loss           | 1.43e+05 |
--------------------------------------
---------------------------------------
| rollout/                |           |
|    ep_len_mean          | 44.2      |
|    ep_rew_mean          | 1.14e+03  |
| time/                   |           |
|    fps                  | 190       |
|    iterations           | 250       |
|    time_elapsed         | 671       |
|    total_timesteps      | 128000    |
| train/                  |           |
|    approx_kl            | 0.0       |
|    clip_fraction        | 0         |
|    clip_range           | 0.2       |
|    entropy_loss         | -0.00245  |
|    explained_variance   | 0         |
|    learning_rate        | 0.0003    |
|    loss                 | 8.95e+04  |
|    n_updates            | 1245      |
|    policy_gradient_loss | -4.19e-09 |
|    value_loss           | 1.36e+05  |
---------------------------------------
---------------------------------------
| rollout/                |           |
|    ep_len_mean          | 35.4      |
|    ep_rew_mean          | 818       |
| time/                   |           |
|    fps                  | 190       |
|    iterations           | 251       |
|    time_elapsed         | 674       |
|    total_timesteps      | 128512    |
| train/                  |           |
|    approx_kl            | 0.0       |
|    clip_fraction        | 0         |
|    clip_range           | 0.2       |
|    entropy_loss         | -0.00249  |
|    explained_variance   | 0         |
|    learning_rate        | 0.0003    |
|    loss                 | 8.44e+04  |
|    n_updates            | 1250      |
|    policy_gradient_loss | -7.38e-09 |
|    value_loss           | 1.67e+05  |
---------------------------------------
---------------------------------------
| rollout/                |           |
|    ep_len_mean          | 35.5      |
|    ep_rew_mean          | 748       |
| time/                   |           |
|    fps                  | 190       |
|    iterations           | 252       |
|    time_elapsed         | 678       |
|    total_timesteps      | 129024    |
| train/                  |           |
|    approx_kl            | 0.0       |
|    clip_fraction        | 0         |
|    clip_range           | 0.2       |
|    entropy_loss         | -0.00242  |
|    explained_variance   | -1.19e-07 |
|    learning_rate        | 0.0003    |
|    loss                 | 6.01e+04  |
|    n_updates            | 1255      |
|    policy_gradient_loss | 4.8e-09   |
|    value_loss           | 1.28e+05  |
---------------------------------------
---------------------------------------
| rollout/                |           |
|    ep_len_mean          | 36.2      |
|    ep_rew_mean          | 814       |
| time/                   |           |
|    fps                  | 190       |
|    iterations           | 253       |
|    time_elapsed         | 681       |
|    total_timesteps      | 129536    |
| train/                  |           |
|    approx_kl            | 0.0       |
|    clip_fraction        | 0         |
|    clip_range           | 0.2       |
|    entropy_loss         | -0.00257  |
|    explained_variance   | -1.19e-07 |
|    learning_rate        | 0.0003    |
|    loss                 | 1.83e+05  |
|    n_updates            | 1260      |
|    policy_gradient_loss | -6.17e-09 |
|    value_loss           | 3.32e+05  |
---------------------------------------
--------------------------------------
| rollout/                |          |
|    ep_len_mean          | 32.5     |
|    ep_rew_mean          | 740      |
| time/                   |          |
|    fps                  | 189      |
|    iterations           | 254      |
|    time_elapsed         | 684      |
|    total_timesteps      | 130048   |
| train/                  |          |
|    approx_kl            | 0.0      |
|    clip_fraction        | 0        |
|    clip_range           | 0.2      |
|    entropy_loss         | -0.00272 |
|    explained_variance   | 1.19e-07 |
|    learning_rate        | 0.0003   |
|    loss                 | 1.87e+05 |
|    n_updates            | 1265     |
|    policy_gradient_loss | 1.78e-08 |
|    value_loss           | 4.93e+05 |
--------------------------------------
---------------------------------------
| rollout/                |           |
|    ep_len_mean          | 32        |
|    ep_rew_mean          | 782       |
| time/                   |           |
|    fps                  | 189       |
|    iterations           | 255       |
|    time_elapsed         | 688       |
|    total_timesteps      | 130560    |
| train/                  |           |
|    approx_kl            | 0.0       |
|    clip_fraction        | 0         |
|    clip_range           | 0.2       |
|    entropy_loss         | -0.00245  |
|    explained_variance   | 0         |
|    learning_rate        | 0.0003    |
|    loss                 | 6.71e+04  |
|    n_updates            | 1270      |
|    policy_gradient_loss | -5.75e-09 |
|    value_loss           | 1.11e+05  |
---------------------------------------
---------------------------------------
| rollout/                |           |
|    ep_len_mean          | 33.9      |
|    ep_rew_mean          | 804       |
| time/                   |           |
|    fps                  | 189       |
|    iterations           | 256       |
|    time_elapsed         | 691       |
|    total_timesteps      | 131072    |
| train/                  |           |
|    approx_kl            | 0.0       |
|    clip_fraction        | 0         |
|    clip_range           | 0.2       |
|    entropy_loss         | -0.00255  |
|    explained_variance   | -1.19e-07 |
|    learning_rate        | 0.0003    |
|    loss                 | 9.14e+04  |
|    n_updates            | 1275      |
|    policy_gradient_loss | -7.03e-09 |
|    value_loss           | 1.81e+05  |
---------------------------------------
--------------------------------------
| rollout/                |          |
|    ep_len_mean          | 36.9     |
|    ep_rew_mean          | 1.01e+03 |
| time/                   |          |
|    fps                  | 189      |
|    iterations           | 257      |
|    time_elapsed         | 695      |
|    total_timesteps      | 131584   |
| train/                  |          |
|    approx_kl            | 0.0      |
|    clip_fraction        | 0        |
|    clip_range           | 0.2      |
|    entropy_loss         | -0.00263 |
|    explained_variance   | 0        |
|    learning_rate        | 0.0003   |
|    loss                 | 1.74e+05 |
|    n_updates            | 1280     |
|    policy_gradient_loss | 3.73e-10 |
|    value_loss           | 3.89e+05 |
--------------------------------------
---------------------------------------
| rollout/                |           |
|    ep_len_mean          | 40.3      |
|    ep_rew_mean          | 1.08e+03  |
| time/                   |           |
|    fps                  | 189       |
|    iterations           | 258       |
|    time_elapsed         | 698       |
|    total_timesteps      | 132096    |
| train/                  |           |
|    approx_kl            | 0.0       |
|    clip_fraction        | 0         |
|    clip_range           | 0.2       |
|    entropy_loss         | -0.00259  |
|    explained_variance   | -1.19e-07 |
|    learning_rate        | 0.0003    |
|    loss                 | 9.3e+04   |
|    n_updates            | 1285      |
|    policy_gradient_loss | -1.32e-08 |
|    value_loss           | 2.26e+05  |
---------------------------------------
---------------------------------------
| rollout/                |           |
|    ep_len_mean          | 39.7      |
|    ep_rew_mean          | 1.1e+03   |
| time/                   |           |
|    fps                  | 188       |
|    iterations           | 259       |
|    time_elapsed         | 702       |
|    total_timesteps      | 132608    |
| train/                  |           |
|    approx_kl            | 0.0       |
|    clip_fraction        | 0         |
|    clip_range           | 0.2       |
|    entropy_loss         | -0.00251  |
|    explained_variance   | -1.19e-07 |
|    learning_rate        | 0.0003    |
|    loss                 | 1.11e+05  |
|    n_updates            | 1290      |
|    policy_gradient_loss | 1.33e-09  |
|    value_loss           | 2.34e+05  |
---------------------------------------
-------------------------------------------
| rollout/                |               |
|    ep_len_mean          | 35.6          |
|    ep_rew_mean          | 1.02e+03      |
| time/                   |               |
|    fps                  | 188           |
|    iterations           | 260           |
|    time_elapsed         | 705           |
|    total_timesteps      | 133120        |
| train/                  |               |
|    approx_kl            | 3.4621917e-06 |
|    clip_fraction        | 0             |
|    clip_range           | 0.2           |
|    entropy_loss         | -0.00227      |
|    explained_variance   | 0             |
|    learning_rate        | 0.0003        |
|    loss                 | 7.99e+04      |
|    n_updates            | 1295          |
|    policy_gradient_loss | -5.85e-05     |
|    value_loss           | 1.6e+05       |
-------------------------------------------
--------------------------------------
| rollout/                |          |
|    ep_len_mean          | 38.4     |
|    ep_rew_mean          | 1.04e+03 |
| time/                   |          |
|    fps                  | 188      |
|    iterations           | 261      |
|    time_elapsed         | 708      |
|    total_timesteps      | 133632   |
| train/                  |          |
|    approx_kl            | 0.0      |
|    clip_fraction        | 0        |
|    clip_range           | 0.2      |
|    entropy_loss         | -0.00224 |
|    explained_variance   | 1.19e-07 |
|    learning_rate        | 0.0003   |
|    loss                 | 1.87e+05 |
|    n_updates            | 1300     |
|    policy_gradient_loss | 9.45e-09 |
|    value_loss           | 3.29e+05 |
--------------------------------------
---------------------------------------
| rollout/                |           |
|    ep_len_mean          | 39.3      |
|    ep_rew_mean          | 1.07e+03  |
| time/                   |           |
|    fps                  | 188       |
|    iterations           | 262       |
|    time_elapsed         | 711       |
|    total_timesteps      | 134144    |
| train/                  |           |
|    approx_kl            | 0.0       |
|    clip_fraction        | 0         |
|    clip_range           | 0.2       |
|    entropy_loss         | -0.00223  |
|    explained_variance   | 0         |
|    learning_rate        | 0.0003    |
|    loss                 | 1.01e+05  |
|    n_updates            | 1305      |
|    policy_gradient_loss | -1.69e-08 |
|    value_loss           | 2.3e+05   |
---------------------------------------
---------------------------------------
| rollout/                |           |
|    ep_len_mean          | 39.3      |
|    ep_rew_mean          | 1.07e+03  |
| time/                   |           |
|    fps                  | 188       |
|    iterations           | 263       |
|    time_elapsed         | 714       |
|    total_timesteps      | 134656    |
| train/                  |           |
|    approx_kl            | 0.0       |
|    clip_fraction        | 0         |
|    clip_range           | 0.2       |
|    entropy_loss         | -0.00229  |
|    explained_variance   | -1.19e-07 |
|    learning_rate        | 0.0003    |
|    loss                 | 1.66e+05  |
|    n_updates            | 1310      |
|    policy_gradient_loss | 3.47e-09  |
|    value_loss           | 2.96e+05  |
---------------------------------------
---------------------------------------
| rollout/                |           |
|    ep_len_mean          | 38.3      |
|    ep_rew_mean          | 952       |
| time/                   |           |
|    fps                  | 188       |
|    iterations           | 264       |
|    time_elapsed         | 717       |
|    total_timesteps      | 135168    |
| train/                  |           |
|    approx_kl            | 0.0       |
|    clip_fraction        | 0         |
|    clip_range           | 0.2       |
|    entropy_loss         | -0.00233  |
|    explained_variance   | -1.19e-07 |
|    learning_rate        | 0.0003    |
|    loss                 | 9.45e+04  |
|    n_updates            | 1315      |
|    policy_gradient_loss | -1.04e-08 |
|    value_loss           | 1.79e+05  |
---------------------------------------
------------------------------------------
| rollout/                |              |
|    ep_len_mean          | 35           |
|    ep_rew_mean          | 874          |
| time/                   |              |
|    fps                  | 188          |
|    iterations           | 265          |
|    time_elapsed         | 720          |
|    total_timesteps      | 135680       |
| train/                  |              |
|    approx_kl            | 1.591281e-06 |
|    clip_fraction        | 0            |
|    clip_range           | 0.2          |
|    entropy_loss         | -0.00232     |
|    explained_variance   | 0            |
|    learning_rate        | 0.0003       |
|    loss                 | 1.41e+05     |
|    n_updates            | 1320         |
|    policy_gradient_loss | -3.89e-05    |
|    value_loss           | 2.85e+05     |
------------------------------------------
--------------------------------------
| rollout/                |          |
|    ep_len_mean          | 37.6     |
|    ep_rew_mean          | 936      |
| time/                   |          |
|    fps                  | 188      |
|    iterations           | 266      |
|    time_elapsed         | 723      |
|    total_timesteps      | 136192   |
| train/                  |          |
|    approx_kl            | 0.0      |
|    clip_fraction        | 0        |
|    clip_range           | 0.2      |
|    entropy_loss         | -0.00203 |
|    explained_variance   | 5.96e-08 |
|    learning_rate        | 0.0003   |
|    loss                 | 1.08e+05 |
|    n_updates            | 1325     |
|    policy_gradient_loss | 3.25e-08 |
|    value_loss           | 2.01e+05 |
--------------------------------------
---------------------------------------
| rollout/                |           |
|    ep_len_mean          | 41.6      |
|    ep_rew_mean          | 1.1e+03   |
| time/                   |           |
|    fps                  | 188       |
|    iterations           | 267       |
|    time_elapsed         | 726       |
|    total_timesteps      | 136704    |
| train/                  |           |
|    approx_kl            | 0.0       |
|    clip_fraction        | 0         |
|    clip_range           | 0.2       |
|    entropy_loss         | -0.00214  |
|    explained_variance   | -1.19e-07 |
|    learning_rate        | 0.0003    |
|    loss                 | 1.14e+05  |
|    n_updates            | 1330      |
|    policy_gradient_loss | -8.34e-09 |
|    value_loss           | 2.23e+05  |
---------------------------------------
-------------------------------------------
| rollout/                |               |
|    ep_len_mean          | 42.8          |
|    ep_rew_mean          | 1.07e+03      |
| time/                   |               |
|    fps                  | 188           |
|    iterations           | 268           |
|    time_elapsed         | 729           |
|    total_timesteps      | 137216        |
| train/                  |               |
|    approx_kl            | 1.0938384e-06 |
|    clip_fraction        | 0             |
|    clip_range           | 0.2           |
|    entropy_loss         | -0.00231      |
|    explained_variance   | 0             |
|    learning_rate        | 0.0003        |
|    loss                 | 1.66e+05      |
|    n_updates            | 1335          |
|    policy_gradient_loss | -5.78e-05     |
|    value_loss           | 3.95e+05      |
-------------------------------------------
---------------------------------------
| rollout/                |           |
|    ep_len_mean          | 47.4      |
|    ep_rew_mean          | 1.2e+03   |
| time/                   |           |
|    fps                  | 188       |
|    iterations           | 269       |
|    time_elapsed         | 731       |
|    total_timesteps      | 137728    |
| train/                  |           |
|    approx_kl            | 0.0       |
|    clip_fraction        | 0         |
|    clip_range           | 0.2       |
|    entropy_loss         | -0.00217  |
|    explained_variance   | -1.19e-07 |
|    learning_rate        | 0.0003    |
|    loss                 | 2.25e+05  |
|    n_updates            | 1340      |
|    policy_gradient_loss | -9.51e-08 |
|    value_loss           | 4.53e+05  |
---------------------------------------
--------------------------------------
| rollout/                |          |
|    ep_len_mean          | 47.4     |
|    ep_rew_mean          | 1.2e+03  |
| time/                   |          |
|    fps                  | 188      |
|    iterations           | 270      |
|    time_elapsed         | 734      |
|    total_timesteps      | 138240   |
| train/                  |          |
|    approx_kl            | 0.0      |
|    clip_fraction        | 0        |
|    clip_range           | 0.2      |
|    entropy_loss         | -0.00229 |
|    explained_variance   | 0        |
|    learning_rate        | 0.0003   |
|    loss                 | 2.52e+05 |
|    n_updates            | 1345     |
|    policy_gradient_loss | 7.22e-10 |
|    value_loss           | 4.53e+05 |
--------------------------------------
--------------------------------------
| rollout/                |          |
|    ep_len_mean          | 55.4     |
|    ep_rew_mean          | 1.53e+03 |
| time/                   |          |
|    fps                  | 188      |
|    iterations           | 271      |
|    time_elapsed         | 737      |
|    total_timesteps      | 138752   |
| train/                  |          |
|    approx_kl            | 0.0      |
|    clip_fraction        | 0        |
|    clip_range           | 0.2      |
|    entropy_loss         | -0.00233 |
|    explained_variance   | 1.19e-07 |
|    learning_rate        | 0.0003   |
|    loss                 | 2.86e+05 |
|    n_updates            | 1350     |
|    policy_gradient_loss | 4.63e-09 |
|    value_loss           | 6.29e+05 |
--------------------------------------
--------------------------------------
| rollout/                |          |
|    ep_len_mean          | 53       |
|    ep_rew_mean          | 1.5e+03  |
| time/                   |          |
|    fps                  | 188      |
|    iterations           | 272      |
|    time_elapsed         | 740      |
|    total_timesteps      | 139264   |
| train/                  |          |
|    approx_kl            | 0.0      |
|    clip_fraction        | 0        |
|    clip_range           | 0.2      |
|    entropy_loss         | -0.00207 |
|    explained_variance   | 0        |
|    learning_rate        | 0.0003   |
|    loss                 | 1.45e+05 |
|    n_updates            | 1355     |
|    policy_gradient_loss | 8.38e-10 |
|    value_loss           | 2.53e+05 |
--------------------------------------
---------------------------------------
| rollout/                |           |
|    ep_len_mean          | 51.9      |
|    ep_rew_mean          | 1.47e+03  |
| time/                   |           |
|    fps                  | 188       |
|    iterations           | 273       |
|    time_elapsed         | 743       |
|    total_timesteps      | 139776    |
| train/                  |           |
|    approx_kl            | 0.0       |
|    clip_fraction        | 0         |
|    clip_range           | 0.2       |
|    entropy_loss         | -0.00198  |
|    explained_variance   | -1.19e-07 |
|    learning_rate        | 0.0003    |
|    loss                 | 1.02e+05  |
|    n_updates            | 1360      |
|    policy_gradient_loss | 1.58e-09  |
|    value_loss           | 2.39e+05  |
---------------------------------------
--------------------------------------
| rollout/                |          |
|    ep_len_mean          | 53.3     |
|    ep_rew_mean          | 1.51e+03 |
| time/                   |          |
|    fps                  | 188      |
|    iterations           | 274      |
|    time_elapsed         | 746      |
|    total_timesteps      | 140288   |
| train/                  |          |
|    approx_kl            | 0.0      |
|    clip_fraction        | 0        |
|    clip_range           | 0.2      |
|    entropy_loss         | -0.00213 |
|    explained_variance   | 0        |
|    learning_rate        | 0.0003   |
|    loss                 | 9.3e+04  |
|    n_updates            | 1365     |
|    policy_gradient_loss | 3.03e-10 |
|    value_loss           | 2.08e+05 |
--------------------------------------
---------------------------------------
| rollout/                |           |
|    ep_len_mean          | 52.6      |
|    ep_rew_mean          | 1.56e+03  |
| time/                   |           |
|    fps                  | 187       |
|    iterations           | 275       |
|    time_elapsed         | 749       |
|    total_timesteps      | 140800    |
| train/                  |           |
|    approx_kl            | 0.0       |
|    clip_fraction        | 0         |
|    clip_range           | 0.2       |
|    entropy_loss         | -0.0021   |
|    explained_variance   | -1.19e-07 |
|    learning_rate        | 0.0003    |
|    loss                 | 1.08e+05  |
|    n_updates            | 1370      |
|    policy_gradient_loss | -1.28e-08 |
|    value_loss           | 1.74e+05  |
---------------------------------------
--------------------------------------
| rollout/                |          |
|    ep_len_mean          | 56.8     |
|    ep_rew_mean          | 1.72e+03 |
| time/                   |          |
|    fps                  | 187      |
|    iterations           | 276      |
|    time_elapsed         | 753      |
|    total_timesteps      | 141312   |
| train/                  |          |
|    approx_kl            | 0.0      |
|    clip_fraction        | 0        |
|    clip_range           | 0.2      |
|    entropy_loss         | -0.00217 |
|    explained_variance   | 0        |
|    learning_rate        | 0.0003   |
|    loss                 | 2.01e+05 |
|    n_updates            | 1375     |
|    policy_gradient_loss | -1.4e-10 |
|    value_loss           | 4.22e+05 |
--------------------------------------
-------------------------------------------
| rollout/                |               |
|    ep_len_mean          | 58.7          |
|    ep_rew_mean          | 1.72e+03      |
| time/                   |               |
|    fps                  | 187           |
|    iterations           | 277           |
|    time_elapsed         | 756           |
|    total_timesteps      | 141824        |
| train/                  |               |
|    approx_kl            | 5.9057493e-06 |
|    clip_fraction        | 0             |
|    clip_range           | 0.2           |
|    entropy_loss         | -0.00196      |
|    explained_variance   | 5.96e-08      |
|    learning_rate        | 0.0003        |
|    loss                 | 6.08e+04      |
|    n_updates            | 1380          |
|    policy_gradient_loss | -8.13e-05     |
|    value_loss           | 1.41e+05      |
-------------------------------------------
---------------------------------------
| rollout/                |           |
|    ep_len_mean          | 54.3      |
|    ep_rew_mean          | 1.57e+03  |
| time/                   |           |
|    fps                  | 187       |
|    iterations           | 278       |
|    time_elapsed         | 760       |
|    total_timesteps      | 142336    |
| train/                  |           |
|    approx_kl            | 0.0       |
|    clip_fraction        | 0         |
|    clip_range           | 0.2       |
|    entropy_loss         | -0.0019   |
|    explained_variance   | 0         |
|    learning_rate        | 0.0003    |
|    loss                 | 1.38e+05  |
|    n_updates            | 1385      |
|    policy_gradient_loss | -9.53e-08 |
|    value_loss           | 2.74e+05  |
---------------------------------------
---------------------------------------
| rollout/                |           |
|    ep_len_mean          | 61.9      |
|    ep_rew_mean          | 1.92e+03  |
| time/                   |           |
|    fps                  | 186       |
|    iterations           | 279       |
|    time_elapsed         | 764       |
|    total_timesteps      | 142848    |
| train/                  |           |
|    approx_kl            | 0.0       |
|    clip_fraction        | 0         |
|    clip_range           | 0.2       |
|    entropy_loss         | -0.00206  |
|    explained_variance   | -1.19e-07 |
|    learning_rate        | 0.0003    |
|    loss                 | 3.18e+05  |
|    n_updates            | 1390      |
|    policy_gradient_loss | -4.56e-09 |
|    value_loss           | 5.85e+05  |
---------------------------------------
---------------------------------------
| rollout/                |           |
|    ep_len_mean          | 47.6      |
|    ep_rew_mean          | 1.36e+03  |
| time/                   |           |
|    fps                  | 186       |
|    iterations           | 280       |
|    time_elapsed         | 767       |
|    total_timesteps      | 143360    |
| train/                  |           |
|    approx_kl            | 0.0       |
|    clip_fraction        | 0         |
|    clip_range           | 0.2       |
|    entropy_loss         | -0.00201  |
|    explained_variance   | -1.19e-07 |
|    learning_rate        | 0.0003    |
|    loss                 | 2.82e+05  |
|    n_updates            | 1395      |
|    policy_gradient_loss | -6.22e-09 |
|    value_loss           | 4.82e+05  |
---------------------------------------
-------------------------------------------
| rollout/                |               |
|    ep_len_mean          | 45.6          |
|    ep_rew_mean          | 1.31e+03      |
| time/                   |               |
|    fps                  | 186           |
|    iterations           | 281           |
|    time_elapsed         | 771           |
|    total_timesteps      | 143872        |
| train/                  |               |
|    approx_kl            | 2.8723152e-06 |
|    clip_fraction        | 0             |
|    clip_range           | 0.2           |
|    entropy_loss         | -0.00179      |
|    explained_variance   | 0             |
|    learning_rate        | 0.0003        |
|    loss                 | 1.08e+05      |
|    n_updates            | 1400          |
|    policy_gradient_loss | -5.46e-05     |
|    value_loss           | 2.1e+05       |
-------------------------------------------
---------------------------------------
| rollout/                |           |
|    ep_len_mean          | 46.6      |
|    ep_rew_mean          | 1.31e+03  |
| time/                   |           |
|    fps                  | 186       |
|    iterations           | 282       |
|    time_elapsed         | 774       |
|    total_timesteps      | 144384    |
| train/                  |           |
|    approx_kl            | 0.0       |
|    clip_fraction        | 0         |
|    clip_range           | 0.2       |
|    entropy_loss         | -0.00167  |
|    explained_variance   | -1.19e-07 |
|    learning_rate        | 0.0003    |
|    loss                 | 6.24e+04  |
|    n_updates            | 1405      |
|    policy_gradient_loss | -1.46e-08 |
|    value_loss           | 1.11e+05  |
---------------------------------------
--------------------------------------
| rollout/                |          |
|    ep_len_mean          | 45.1     |
|    ep_rew_mean          | 1.3e+03  |
| time/                   |          |
|    fps                  | 186      |
|    iterations           | 283      |
|    time_elapsed         | 778      |
|    total_timesteps      | 144896   |
| train/                  |          |
|    approx_kl            | 0.0      |
|    clip_fraction        | 0        |
|    clip_range           | 0.2      |
|    entropy_loss         | -0.00172 |
|    explained_variance   | 0        |
|    learning_rate        | 0.0003   |
|    loss                 | 1.19e+05 |
|    n_updates            | 1410     |
|    policy_gradient_loss | 7.32e-09 |
|    value_loss           | 2.19e+05 |
--------------------------------------
---------------------------------------
| rollout/                |           |
|    ep_len_mean          | 37.1      |
|    ep_rew_mean          | 994       |
| time/                   |           |
|    fps                  | 186       |
|    iterations           | 284       |
|    time_elapsed         | 781       |
|    total_timesteps      | 145408    |
| train/                  |           |
|    approx_kl            | 0.0       |
|    clip_fraction        | 0         |
|    clip_range           | 0.2       |
|    entropy_loss         | -0.00163  |
|    explained_variance   | 0         |
|    learning_rate        | 0.0003    |
|    loss                 | 9.86e+04  |
|    n_updates            | 1415      |
|    policy_gradient_loss | -5.03e-09 |
|    value_loss           | 2.24e+05  |
---------------------------------------
--------------------------------------
| rollout/                |          |
|    ep_len_mean          | 30.1     |
|    ep_rew_mean          | 632      |
| time/                   |          |
|    fps                  | 185      |
|    iterations           | 285      |
|    time_elapsed         | 784      |
|    total_timesteps      | 145920   |
| train/                  |          |
|    approx_kl            | 0.0      |
|    clip_fraction        | 0        |
|    clip_range           | 0.2      |
|    entropy_loss         | -0.00161 |
|    explained_variance   | 0        |
|    learning_rate        | 0.0003   |
|    loss                 | 9.54e+04 |
|    n_updates            | 1420     |
|    policy_gradient_loss | 1.42e-09 |
|    value_loss           | 2.29e+05 |
--------------------------------------
-----------------------------------------
| rollout/                |             |
|    ep_len_mean          | 28.8        |
|    ep_rew_mean          | 521         |
| time/                   |             |
|    fps                  | 185         |
|    iterations           | 286         |
|    time_elapsed         | 788         |
|    total_timesteps      | 146432      |
| train/                  |             |
|    approx_kl            | 2.33053e-05 |
|    clip_fraction        | 0           |
|    clip_range           | 0.2         |
|    entropy_loss         | -0.00155    |
|    explained_variance   | 0           |
|    learning_rate        | 0.0003      |
|    loss                 | 1.37e+05    |
|    n_updates            | 1425        |
|    policy_gradient_loss | -8.17e-05   |
|    value_loss           | 2.95e+05    |
-----------------------------------------
---------------------------------------
| rollout/                |           |
|    ep_len_mean          | 28.8      |
|    ep_rew_mean          | 521       |
| time/                   |           |
|    fps                  | 185       |
|    iterations           | 287       |
|    time_elapsed         | 792       |
|    total_timesteps      | 146944    |
| train/                  |           |
|    approx_kl            | 0.0       |
|    clip_fraction        | 0         |
|    clip_range           | 0.2       |
|    entropy_loss         | -0.0014   |
|    explained_variance   | 0         |
|    learning_rate        | 0.0003    |
|    loss                 | 7.07e+04  |
|    n_updates            | 1430      |
|    policy_gradient_loss | -4.48e-08 |
|    value_loss           | 1.38e+05  |
---------------------------------------
---------------------------------------
| rollout/                |           |
|    ep_len_mean          | 36.5      |
|    ep_rew_mean          | 798       |
| time/                   |           |
|    fps                  | 185       |
|    iterations           | 288       |
|    time_elapsed         | 795       |
|    total_timesteps      | 147456    |
| train/                  |           |
|    approx_kl            | 0.0       |
|    clip_fraction        | 0         |
|    clip_range           | 0.2       |
|    entropy_loss         | -0.00165  |
|    explained_variance   | 1.19e-07  |
|    learning_rate        | 0.0003    |
|    loss                 | 3.29e+05  |
|    n_updates            | 1435      |
|    policy_gradient_loss | -1.47e-08 |
|    value_loss           | 6.38e+05  |
---------------------------------------
-------------------------------------------
| rollout/                |               |
|    ep_len_mean          | 30.8          |
|    ep_rew_mean          | 727           |
| time/                   |               |
|    fps                  | 185           |
|    iterations           | 289           |
|    time_elapsed         | 798           |
|    total_timesteps      | 147968        |
| train/                  |               |
|    approx_kl            | 1.3590092e-05 |
|    clip_fraction        | 0             |
|    clip_range           | 0.2           |
|    entropy_loss         | -0.0014       |
|    explained_variance   | 0             |
|    learning_rate        | 0.0003        |
|    loss                 | 1.27e+05      |
|    n_updates            | 1440          |
|    policy_gradient_loss | -8.42e-05     |
|    value_loss           | 2.6e+05       |
-------------------------------------------
--------------------------------------
| rollout/                |          |
|    ep_len_mean          | 31.8     |
|    ep_rew_mean          | 800      |
| time/                   |          |
|    fps                  | 185      |
|    iterations           | 290      |
|    time_elapsed         | 802      |
|    total_timesteps      | 148480   |
| train/                  |          |
|    approx_kl            | 0.0      |
|    clip_fraction        | 0        |
|    clip_range           | 0.2      |
|    entropy_loss         | -0.00125 |
|    explained_variance   | 0        |
|    learning_rate        | 0.0003   |
|    loss                 | 2.48e+04 |
|    n_updates            | 1445     |
|    policy_gradient_loss | -1e-08   |
|    value_loss           | 7.94e+04 |
--------------------------------------
---------------------------------------
| rollout/                |           |
|    ep_len_mean          | 34.2      |
|    ep_rew_mean          | 830       |
| time/                   |           |
|    fps                  | 184       |
|    iterations           | 291       |
|    time_elapsed         | 806       |
|    total_timesteps      | 148992    |
| train/                  |           |
|    approx_kl            | 0.0       |
|    clip_fraction        | 0         |
|    clip_range           | 0.2       |
|    entropy_loss         | -0.00128  |
|    explained_variance   | -1.19e-07 |
|    learning_rate        | 0.0003    |
|    loss                 | 7.41e+04  |
|    n_updates            | 1450      |
|    policy_gradient_loss | 9.03e-09  |
|    value_loss           | 1.6e+05   |
---------------------------------------
---------------------------------------
| rollout/                |           |
|    ep_len_mean          | 33.6      |
|    ep_rew_mean          | 859       |
| time/                   |           |
|    fps                  | 184       |
|    iterations           | 292       |
|    time_elapsed         | 810       |
|    total_timesteps      | 149504    |
| train/                  |           |
|    approx_kl            | 0.0       |
|    clip_fraction        | 0         |
|    clip_range           | 0.2       |
|    entropy_loss         | -0.00129  |
|    explained_variance   | 0         |
|    learning_rate        | 0.0003    |
|    loss                 | 1.56e+05  |
|    n_updates            | 1455      |
|    policy_gradient_loss | -5.05e-09 |
|    value_loss           | 2.67e+05  |
---------------------------------------
---------------------------------------
| rollout/                |           |
|    ep_len_mean          | 34.3      |
|    ep_rew_mean          | 875       |
| time/                   |           |
|    fps                  | 184       |
|    iterations           | 293       |
|    time_elapsed         | 813       |
|    total_timesteps      | 150016    |
| train/                  |           |
|    approx_kl            | 0.0       |
|    clip_fraction        | 0         |
|    clip_range           | 0.2       |
|    entropy_loss         | -0.00126  |
|    explained_variance   | 0         |
|    learning_rate        | 0.0003    |
|    loss                 | 9.67e+04  |
|    n_updates            | 1460      |
|    policy_gradient_loss | -4.07e-10 |
|    value_loss           | 1.73e+05  |
---------------------------------------
--------------------------------------
| rollout/                |          |
|    ep_len_mean          | 31.4     |
|    ep_rew_mean          | 784      |
| time/                   |          |
|    fps                  | 184      |
|    iterations           | 294      |
|    time_elapsed         | 816      |
|    total_timesteps      | 150528   |
| train/                  |          |
|    approx_kl            | 0.0      |
|    clip_fraction        | 0        |
|    clip_range           | 0.2      |
|    entropy_loss         | -0.00126 |
|    explained_variance   | 0        |
|    learning_rate        | 0.0003   |
|    loss                 | 1.18e+05 |
|    n_updates            | 1465     |
|    policy_gradient_loss | 2.79e-09 |
|    value_loss           | 2.77e+05 |
--------------------------------------
---------------------------------------
| rollout/                |           |
|    ep_len_mean          | 34.4      |
|    ep_rew_mean          | 828       |
| time/                   |           |
|    fps                  | 184       |
|    iterations           | 295       |
|    time_elapsed         | 818       |
|    total_timesteps      | 151040    |
| train/                  |           |
|    approx_kl            | 0.0       |
|    clip_fraction        | 0         |
|    clip_range           | 0.2       |
|    entropy_loss         | -0.00131  |
|    explained_variance   | 0         |
|    learning_rate        | 0.0003    |
|    loss                 | 7.32e+04  |
|    n_updates            | 1470      |
|    policy_gradient_loss | -1.86e-09 |
|    value_loss           | 1.79e+05  |
---------------------------------------
--------------------------------------
| rollout/                |          |
|    ep_len_mean          | 36       |
|    ep_rew_mean          | 860      |
| time/                   |          |
|    fps                  | 184      |
|    iterations           | 296      |
|    time_elapsed         | 821      |
|    total_timesteps      | 151552   |
| train/                  |          |
|    approx_kl            | 0.0      |
|    clip_fraction        | 0        |
|    clip_range           | 0.2      |
|    entropy_loss         | -0.00133 |
|    explained_variance   | 0        |
|    learning_rate        | 0.0003   |
|    loss                 | 8.15e+04 |
|    n_updates            | 1475     |
|    policy_gradient_loss | 0        |
|    value_loss           | 2.12e+05 |
--------------------------------------
---------------------------------------
| rollout/                |           |
|    ep_len_mean          | 36.9      |
|    ep_rew_mean          | 821       |
| time/                   |           |
|    fps                  | 184       |
|    iterations           | 297       |
|    time_elapsed         | 824       |
|    total_timesteps      | 152064    |
| train/                  |           |
|    approx_kl            | 0.0       |
|    clip_fraction        | 0         |
|    clip_range           | 0.2       |
|    entropy_loss         | -0.00123  |
|    explained_variance   | 0         |
|    learning_rate        | 0.0003    |
|    loss                 | 5.6e+04   |
|    n_updates            | 1480      |
|    policy_gradient_loss | -2.65e-09 |
|    value_loss           | 9.39e+04  |
---------------------------------------
--------------------------------------
| rollout/                |          |
|    ep_len_mean          | 41.3     |
|    ep_rew_mean          | 986      |
| time/                   |          |
|    fps                  | 184      |
|    iterations           | 298      |
|    time_elapsed         | 827      |
|    total_timesteps      | 152576   |
| train/                  |          |
|    approx_kl            | 0.0      |
|    clip_fraction        | 0        |
|    clip_range           | 0.2      |
|    entropy_loss         | -0.00131 |
|    explained_variance   | 0        |
|    learning_rate        | 0.0003   |
|    loss                 | 1.84e+05 |
|    n_updates            | 1485     |
|    policy_gradient_loss | 6.05e-10 |
|    value_loss           | 3.43e+05 |
--------------------------------------
---------------------------------------
| rollout/                |           |
|    ep_len_mean          | 39.2      |
|    ep_rew_mean          | 906       |
| time/                   |           |
|    fps                  | 184       |
|    iterations           | 299       |
|    time_elapsed         | 830       |
|    total_timesteps      | 153088    |
| train/                  |           |
|    approx_kl            | 0.0       |
|    clip_fraction        | 0         |
|    clip_range           | 0.2       |
|    entropy_loss         | -0.0013   |
|    explained_variance   | -1.19e-07 |
|    learning_rate        | 0.0003    |
|    loss                 | 1.45e+05  |
|    n_updates            | 1490      |
|    policy_gradient_loss | 6.64e-09  |
|    value_loss           | 2.4e+05   |
---------------------------------------
---------------------------------------
| rollout/                |           |
|    ep_len_mean          | 39.2      |
|    ep_rew_mean          | 906       |
| time/                   |           |
|    fps                  | 184       |
|    iterations           | 300       |
|    time_elapsed         | 833       |
|    total_timesteps      | 153600    |
| train/                  |           |
|    approx_kl            | 0.0       |
|    clip_fraction        | 0         |
|    clip_range           | 0.2       |
|    entropy_loss         | -0.00129  |
|    explained_variance   | 0         |
|    learning_rate        | 0.0003    |
|    loss                 | 1.56e+05  |
|    n_updates            | 1495      |
|    policy_gradient_loss | -5.26e-09 |
|    value_loss           | 3.38e+05  |
---------------------------------------
--------------------------------------
| rollout/                |          |
|    ep_len_mean          | 48.4     |
|    ep_rew_mean          | 1.28e+03 |
| time/                   |          |
|    fps                  | 184      |
|    iterations           | 301      |
|    time_elapsed         | 836      |
|    total_timesteps      | 154112   |
| train/                  |          |
|    approx_kl            | 0.0      |
|    clip_fraction        | 0        |
|    clip_range           | 0.2      |
|    entropy_loss         | -0.00143 |
|    explained_variance   | 0        |
|    learning_rate        | 0.0003   |
|    loss                 | 3.22e+05 |
|    n_updates            | 1500     |
|    policy_gradient_loss | 5.24e-09 |
|    value_loss           | 6.06e+05 |
--------------------------------------
---------------------------------------
| rollout/                |           |
|    ep_len_mean          | 50.6      |
|    ep_rew_mean          | 1.26e+03  |
| time/                   |           |
|    fps                  | 184       |
|    iterations           | 302       |
|    time_elapsed         | 839       |
|    total_timesteps      | 154624    |
| train/                  |           |
|    approx_kl            | 0.0       |
|    clip_fraction        | 0         |
|    clip_range           | 0.2       |
|    entropy_loss         | -0.00132  |
|    explained_variance   | -1.19e-07 |
|    learning_rate        | 0.0003    |
|    loss                 | 2.07e+05  |
|    n_updates            | 1505      |
|    policy_gradient_loss | -3.61e-08 |
|    value_loss           | 3.48e+05  |
---------------------------------------
---------------------------------------
| rollout/                |           |
|    ep_len_mean          | 49.2      |
|    ep_rew_mean          | 1.25e+03  |
| time/                   |           |
|    fps                  | 184       |
|    iterations           | 303       |
|    time_elapsed         | 842       |
|    total_timesteps      | 155136    |
| train/                  |           |
|    approx_kl            | 0.0       |
|    clip_fraction        | 0         |
|    clip_range           | 0.2       |
|    entropy_loss         | -0.00126  |
|    explained_variance   | -1.19e-07 |
|    learning_rate        | 0.0003    |
|    loss                 | 7.34e+04  |
|    n_updates            | 1510      |
|    policy_gradient_loss | 2.51e-09  |
|    value_loss           | 1.44e+05  |
---------------------------------------
--------------------------------------
| rollout/                |          |
|    ep_len_mean          | 45.3     |
|    ep_rew_mean          | 1.15e+03 |
| time/                   |          |
|    fps                  | 184      |
|    iterations           | 304      |
|    time_elapsed         | 845      |
|    total_timesteps      | 155648   |
| train/                  |          |
|    approx_kl            | 0.0      |
|    clip_fraction        | 0        |
|    clip_range           | 0.2      |
|    entropy_loss         | -0.00127 |
|    explained_variance   | 0        |
|    learning_rate        | 0.0003   |
|    loss                 | 1.44e+05 |
|    n_updates            | 1515     |
|    policy_gradient_loss | 1.38e-08 |
|    value_loss           | 2.58e+05 |
--------------------------------------
------------------------------------------
| rollout/                |              |
|    ep_len_mean          | 48           |
|    ep_rew_mean          | 1.15e+03     |
| time/                   |              |
|    fps                  | 184          |
|    iterations           | 305          |
|    time_elapsed         | 848          |
|    total_timesteps      | 156160       |
| train/                  |              |
|    approx_kl            | 7.346738e-06 |
|    clip_fraction        | 0            |
|    clip_range           | 0.2          |
|    entropy_loss         | -0.00123     |
|    explained_variance   | 0            |
|    learning_rate        | 0.0003       |
|    loss                 | 6.26e+04     |
|    n_updates            | 1520         |
|    policy_gradient_loss | -9.16e-05    |
|    value_loss           | 1.44e+05     |
------------------------------------------
---------------------------------------
| rollout/                |           |
|    ep_len_mean          | 42.2      |
|    ep_rew_mean          | 1e+03     |
| time/                   |           |
|    fps                  | 184       |
|    iterations           | 306       |
|    time_elapsed         | 851       |
|    total_timesteps      | 156672    |
| train/                  |           |
|    approx_kl            | 0.0       |
|    clip_fraction        | 0         |
|    clip_range           | 0.2       |
|    entropy_loss         | -0.00114  |
|    explained_variance   | 0         |
|    learning_rate        | 0.0003    |
|    loss                 | 8.71e+04  |
|    n_updates            | 1525      |
|    policy_gradient_loss | -7.77e-08 |
|    value_loss           | 1.61e+05  |
---------------------------------------
---------------------------------------
| rollout/                |           |
|    ep_len_mean          | 43.3      |
|    ep_rew_mean          | 1.09e+03  |
| time/                   |           |
|    fps                  | 184       |
|    iterations           | 307       |
|    time_elapsed         | 854       |
|    total_timesteps      | 157184    |
| train/                  |           |
|    approx_kl            | 0.0       |
|    clip_fraction        | 0         |
|    clip_range           | 0.2       |
|    entropy_loss         | -0.00119  |
|    explained_variance   | -1.19e-07 |
|    learning_rate        | 0.0003    |
|    loss                 | 1.2e+05   |
|    n_updates            | 1530      |
|    policy_gradient_loss | -1.28e-08 |
|    value_loss           | 1.76e+05  |
---------------------------------------
--------------------------------------
| rollout/                |          |
|    ep_len_mean          | 38.6     |
|    ep_rew_mean          | 893      |
| time/                   |          |
|    fps                  | 184      |
|    iterations           | 308      |
|    time_elapsed         | 857      |
|    total_timesteps      | 157696   |
| train/                  |          |
|    approx_kl            | 0.0      |
|    clip_fraction        | 0        |
|    clip_range           | 0.2      |
|    entropy_loss         | -0.00111 |
|    explained_variance   | 0        |
|    learning_rate        | 0.0003   |
|    loss                 | 1.09e+05 |
|    n_updates            | 1535     |
|    policy_gradient_loss | 4.19e-09 |
|    value_loss           | 2.35e+05 |
--------------------------------------
--------------------------------------
| rollout/                |          |
|    ep_len_mean          | 36.1     |
|    ep_rew_mean          | 873      |
| time/                   |          |
|    fps                  | 183      |
|    iterations           | 309      |
|    time_elapsed         | 859      |
|    total_timesteps      | 158208   |
| train/                  |          |
|    approx_kl            | 0.0      |
|    clip_fraction        | 0        |
|    clip_range           | 0.2      |
|    entropy_loss         | -0.00115 |
|    explained_variance   | 5.96e-08 |
|    learning_rate        | 0.0003   |
|    loss                 | 7.96e+04 |
|    n_updates            | 1540     |
|    policy_gradient_loss | 1.65e-09 |
|    value_loss           | 1.85e+05 |
--------------------------------------
--------------------------------------
| rollout/                |          |
|    ep_len_mean          | 34.4     |
|    ep_rew_mean          | 712      |
| time/                   |          |
|    fps                  | 183      |
|    iterations           | 310      |
|    time_elapsed         | 862      |
|    total_timesteps      | 158720   |
| train/                  |          |
|    approx_kl            | 0.0      |
|    clip_fraction        | 0        |
|    clip_range           | 0.2      |
|    entropy_loss         | -0.00109 |
|    explained_variance   | 1.19e-07 |
|    learning_rate        | 0.0003   |
|    loss                 | 4.53e+04 |
|    n_updates            | 1545     |
|    policy_gradient_loss | 6.05e-10 |
|    value_loss           | 1.25e+05 |
--------------------------------------
---------------------------------------
| rollout/                |           |
|    ep_len_mean          | 39.6      |
|    ep_rew_mean          | 939       |
| time/                   |           |
|    fps                  | 183       |
|    iterations           | 311       |
|    time_elapsed         | 865       |
|    total_timesteps      | 159232    |
| train/                  |           |
|    approx_kl            | 0.0       |
|    clip_fraction        | 0         |
|    clip_range           | 0.2       |
|    entropy_loss         | -0.00113  |
|    explained_variance   | 0         |
|    learning_rate        | 0.0003    |
|    loss                 | 1.1e+05   |
|    n_updates            | 1550      |
|    policy_gradient_loss | -7.38e-09 |
|    value_loss           | 2.2e+05   |
---------------------------------------
--------------------------------------
| rollout/                |          |
|    ep_len_mean          | 38.3     |
|    ep_rew_mean          | 955      |
| time/                   |          |
|    fps                  | 183      |
|    iterations           | 312      |
|    time_elapsed         | 868      |
|    total_timesteps      | 159744   |
| train/                  |          |
|    approx_kl            | 0.0      |
|    clip_fraction        | 0        |
|    clip_range           | 0.2      |
|    entropy_loss         | -0.00125 |
|    explained_variance   | 0        |
|    learning_rate        | 0.0003   |
|    loss                 | 2.54e+05 |
|    n_updates            | 1555     |
|    policy_gradient_loss | 8.27e-09 |
|    value_loss           | 5.03e+05 |
--------------------------------------
--------------------------------------
| rollout/                |          |
|    ep_len_mean          | 40.7     |
|    ep_rew_mean          | 1.08e+03 |
| time/                   |          |
|    fps                  | 183      |
|    iterations           | 313      |
|    time_elapsed         | 871      |
|    total_timesteps      | 160256   |
| train/                  |          |
|    approx_kl            | 0.0      |
|    clip_fraction        | 0        |
|    clip_range           | 0.2      |
|    entropy_loss         | -0.0011  |
|    explained_variance   | 0        |
|    learning_rate        | 0.0003   |
|    loss                 | 9.15e+04 |
|    n_updates            | 1560     |
|    policy_gradient_loss | 5.19e-09 |
|    value_loss           | 1.72e+05 |
--------------------------------------
--------------------------------------
| rollout/                |          |
|    ep_len_mean          | 41.1     |
|    ep_rew_mean          | 1.13e+03 |
| time/                   |          |
|    fps                  | 183      |
|    iterations           | 314      |
|    time_elapsed         | 875      |
|    total_timesteps      | 160768   |
| train/                  |          |
|    approx_kl            | 0.0      |
|    clip_fraction        | 0        |
|    clip_range           | 0.2      |
|    entropy_loss         | -0.00117 |
|    explained_variance   | 0        |
|    learning_rate        | 0.0003   |
|    loss                 | 1.41e+05 |
|    n_updates            | 1565     |
|    policy_gradient_loss | 1.22e-08 |
|    value_loss           | 2.64e+05 |
--------------------------------------
---------------------------------------
| rollout/                |           |
|    ep_len_mean          | 37        |
|    ep_rew_mean          | 1.03e+03  |
| time/                   |           |
|    fps                  | 183       |
|    iterations           | 315       |
|    time_elapsed         | 878       |
|    total_timesteps      | 161280    |
| train/                  |           |
|    approx_kl            | 0.0       |
|    clip_fraction        | 0         |
|    clip_range           | 0.2       |
|    entropy_loss         | -0.00109  |
|    explained_variance   | 0         |
|    learning_rate        | 0.0003    |
|    loss                 | 8.65e+04  |
|    n_updates            | 1570      |
|    policy_gradient_loss | -1.51e-08 |
|    value_loss           | 1.72e+05  |
---------------------------------------
---------------------------------------
| rollout/                |           |
|    ep_len_mean          | 36.5      |
|    ep_rew_mean          | 919       |
| time/                   |           |
|    fps                  | 183       |
|    iterations           | 316       |
|    time_elapsed         | 881       |
|    total_timesteps      | 161792    |
| train/                  |           |
|    approx_kl            | 0.0       |
|    clip_fraction        | 0         |
|    clip_range           | 0.2       |
|    entropy_loss         | -0.00107  |
|    explained_variance   | 0         |
|    learning_rate        | 0.0003    |
|    loss                 | 6.82e+04  |
|    n_updates            | 1575      |
|    policy_gradient_loss | -6.94e-09 |
|    value_loss           | 1.2e+05   |
---------------------------------------
---------------------------------------
| rollout/                |           |
|    ep_len_mean          | 36.7      |
|    ep_rew_mean          | 958       |
| time/                   |           |
|    fps                  | 183       |
|    iterations           | 317       |
|    time_elapsed         | 885       |
|    total_timesteps      | 162304    |
| train/                  |           |
|    approx_kl            | 0.0       |
|    clip_fraction        | 0         |
|    clip_range           | 0.2       |
|    entropy_loss         | -0.00109  |
|    explained_variance   | 0         |
|    learning_rate        | 0.0003    |
|    loss                 | 7.9e+04   |
|    n_updates            | 1580      |
|    policy_gradient_loss | -3.03e-10 |
|    value_loss           | 1.25e+05  |
---------------------------------------
---------------------------------------
| rollout/                |           |
|    ep_len_mean          | 30.8      |
|    ep_rew_mean          | 688       |
| time/                   |           |
|    fps                  | 183       |
|    iterations           | 318       |
|    time_elapsed         | 888       |
|    total_timesteps      | 162816    |
| train/                  |           |
|    approx_kl            | 0.0       |
|    clip_fraction        | 0         |
|    clip_range           | 0.2       |
|    entropy_loss         | -0.00111  |
|    explained_variance   | 0         |
|    learning_rate        | 0.0003    |
|    loss                 | 6.52e+04  |
|    n_updates            | 1585      |
|    policy_gradient_loss | -1.84e-09 |
|    value_loss           | 1.64e+05  |
---------------------------------------
---------------------------------------
| rollout/                |           |
|    ep_len_mean          | 31.6      |
|    ep_rew_mean          | 716       |
| time/                   |           |
|    fps                  | 183       |
|    iterations           | 319       |
|    time_elapsed         | 891       |
|    total_timesteps      | 163328    |
| train/                  |           |
|    approx_kl            | 0.0       |
|    clip_fraction        | 0         |
|    clip_range           | 0.2       |
|    entropy_loss         | -0.00112  |
|    explained_variance   | 0         |
|    learning_rate        | 0.0003    |
|    loss                 | 6.93e+04  |
|    n_updates            | 1590      |
|    policy_gradient_loss | -5.17e-09 |
|    value_loss           | 1.22e+05  |
---------------------------------------
---------------------------------------
| rollout/                |           |
|    ep_len_mean          | 32.2      |
|    ep_rew_mean          | 753       |
| time/                   |           |
|    fps                  | 183       |
|    iterations           | 320       |
|    time_elapsed         | 894       |
|    total_timesteps      | 163840    |
| train/                  |           |
|    approx_kl            | 0.0       |
|    clip_fraction        | 0         |
|    clip_range           | 0.2       |
|    entropy_loss         | -0.00125  |
|    explained_variance   | 0         |
|    learning_rate        | 0.0003    |
|    loss                 | 2.88e+05  |
|    n_updates            | 1595      |
|    policy_gradient_loss | -2.26e-08 |
|    value_loss           | 5.81e+05  |
---------------------------------------
------------------------------------------
| rollout/                |              |
|    ep_len_mean          | 31.9         |
|    ep_rew_mean          | 776          |
| time/                   |              |
|    fps                  | 183          |
|    iterations           | 321          |
|    time_elapsed         | 897          |
|    total_timesteps      | 164352       |
| train/                  |              |
|    approx_kl            | 2.436922e-06 |
|    clip_fraction        | 0            |
|    clip_range           | 0.2          |
|    entropy_loss         | -0.00113     |
|    explained_variance   | 0            |
|    learning_rate        | 0.0003       |
|    loss                 | 1.21e+05     |
|    n_updates            | 1600         |
|    policy_gradient_loss | -6.45e-05    |
|    value_loss           | 2.32e+05     |
------------------------------------------
---------------------------------------
| rollout/                |           |
|    ep_len_mean          | 37.8      |
|    ep_rew_mean          | 1.03e+03  |
| time/                   |           |
|    fps                  | 182       |
|    iterations           | 322       |
|    time_elapsed         | 901       |
|    total_timesteps      | 164864    |
| train/                  |           |
|    approx_kl            | 0.0       |
|    clip_fraction        | 0         |
|    clip_range           | 0.2       |
|    entropy_loss         | -0.00112  |
|    explained_variance   | 0         |
|    learning_rate        | 0.0003    |
|    loss                 | 1.92e+05  |
|    n_updates            | 1605      |
|    policy_gradient_loss | -3.45e-08 |
|    value_loss           | 3.44e+05  |
---------------------------------------
--------------------------------------
| rollout/                |          |
|    ep_len_mean          | 41.5     |
|    ep_rew_mean          | 1.1e+03  |
| time/                   |          |
|    fps                  | 182      |
|    iterations           | 323      |
|    time_elapsed         | 904      |
|    total_timesteps      | 165376   |
| train/                  |          |
|    approx_kl            | 0.0      |
|    clip_fraction        | 0        |
|    clip_range           | 0.2      |
|    entropy_loss         | -0.00115 |
|    explained_variance   | 0        |
|    learning_rate        | 0.0003   |
|    loss                 | 1.37e+05 |
|    n_updates            | 1610     |
|    policy_gradient_loss | -9.8e-09 |
|    value_loss           | 3.22e+05 |
--------------------------------------
---------------------------------------
| rollout/                |           |
|    ep_len_mean          | 41.6      |
|    ep_rew_mean          | 1.11e+03  |
| time/                   |           |
|    fps                  | 182       |
|    iterations           | 324       |
|    time_elapsed         | 907       |
|    total_timesteps      | 165888    |
| train/                  |           |
|    approx_kl            | 0.0       |
|    clip_fraction        | 0         |
|    clip_range           | 0.2       |
|    entropy_loss         | -0.00106  |
|    explained_variance   | -1.19e-07 |
|    learning_rate        | 0.0003    |
|    loss                 | 1.24e+05  |
|    n_updates            | 1615      |
|    policy_gradient_loss | 5.08e-09  |
|    value_loss           | 2.77e+05  |
---------------------------------------
---------------------------------------
| rollout/                |           |
|    ep_len_mean          | 48.4      |
|    ep_rew_mean          | 1.5e+03   |
| time/                   |           |
|    fps                  | 182       |
|    iterations           | 325       |
|    time_elapsed         | 909       |
|    total_timesteps      | 166400    |
| train/                  |           |
|    approx_kl            | 0.0       |
|    clip_fraction        | 0         |
|    clip_range           | 0.2       |
|    entropy_loss         | -0.00121  |
|    explained_variance   | 0         |
|    learning_rate        | 0.0003    |
|    loss                 | 3.21e+05  |
|    n_updates            | 1620      |
|    policy_gradient_loss | -8.57e-09 |
|    value_loss           | 6.83e+05  |
---------------------------------------
---------------------------------------
| rollout/                |           |
|    ep_len_mean          | 51.3      |
|    ep_rew_mean          | 1.57e+03  |
| time/                   |           |
|    fps                  | 182       |
|    iterations           | 326       |
|    time_elapsed         | 912       |
|    total_timesteps      | 166912    |
| train/                  |           |
|    approx_kl            | 0.0       |
|    clip_fraction        | 0         |
|    clip_range           | 0.2       |
|    entropy_loss         | -0.00115  |
|    explained_variance   | 5.96e-08  |
|    learning_rate        | 0.0003    |
|    loss                 | 1.84e+05  |
|    n_updates            | 1625      |
|    policy_gradient_loss | -9.46e-09 |
|    value_loss           | 3.28e+05  |
---------------------------------------
---------------------------------------
| rollout/                |           |
|    ep_len_mean          | 51.3      |
|    ep_rew_mean          | 1.57e+03  |
| time/                   |           |
|    fps                  | 182       |
|    iterations           | 327       |
|    time_elapsed         | 915       |
|    total_timesteps      | 167424    |
| train/                  |           |
|    approx_kl            | 0.0       |
|    clip_fraction        | 0         |
|    clip_range           | 0.2       |
|    entropy_loss         | -0.00108  |
|    explained_variance   | 1.19e-07  |
|    learning_rate        | 0.0003    |
|    loss                 | 7.12e+04  |
|    n_updates            | 1630      |
|    policy_gradient_loss | -2.28e-09 |
|    value_loss           | 1.51e+05  |
---------------------------------------
--------------------------------------
| rollout/                |          |
|    ep_len_mean          | 53.4     |
|    ep_rew_mean          | 1.6e+03  |
| time/                   |          |
|    fps                  | 182      |
|    iterations           | 328      |
|    time_elapsed         | 918      |
|    total_timesteps      | 167936   |
| train/                  |          |
|    approx_kl            | 0.0      |
|    clip_fraction        | 0        |
|    clip_range           | 0.2      |
|    entropy_loss         | -0.00103 |
|    explained_variance   | 0        |
|    learning_rate        | 0.0003   |
|    loss                 | 1.23e+05 |
|    n_updates            | 1635     |
|    policy_gradient_loss | -3.7e-09 |
|    value_loss           | 2.29e+05 |
--------------------------------------
--------------------------------------
| rollout/                |          |
|    ep_len_mean          | 47       |
|    ep_rew_mean          | 1.33e+03 |
| time/                   |          |
|    fps                  | 182      |
|    iterations           | 329      |
|    time_elapsed         | 921      |
|    total_timesteps      | 168448   |
| train/                  |          |
|    approx_kl            | 0.0      |
|    clip_fraction        | 0        |
|    clip_range           | 0.2      |
|    entropy_loss         | -0.00105 |
|    explained_variance   | 0        |
|    learning_rate        | 0.0003   |
|    loss                 | 7.27e+04 |
|    n_updates            | 1640     |
|    policy_gradient_loss | 4e-09    |
|    value_loss           | 1.49e+05 |
--------------------------------------
--------------------------------------
| rollout/                |          |
|    ep_len_mean          | 48.8     |
|    ep_rew_mean          | 1.33e+03 |
| time/                   |          |
|    fps                  | 182      |
|    iterations           | 330      |
|    time_elapsed         | 924      |
|    total_timesteps      | 168960   |
| train/                  |          |
|    approx_kl            | 0.0      |
|    clip_fraction        | 0        |
|    clip_range           | 0.2      |
|    entropy_loss         | -0.00105 |
|    explained_variance   | 0        |
|    learning_rate        | 0.0003   |
|    loss                 | 5.11e+04 |
|    n_updates            | 1645     |
|    policy_gradient_loss | 5.24e-09 |
|    value_loss           | 1.01e+05 |
--------------------------------------
--------------------------------------
| rollout/                |          |
|    ep_len_mean          | 49.5     |
|    ep_rew_mean          | 1.3e+03  |
| time/                   |          |
|    fps                  | 182      |
|    iterations           | 331      |
|    time_elapsed         | 927      |
|    total_timesteps      | 169472   |
| train/                  |          |
|    approx_kl            | 0.0      |
|    clip_fraction        | 0        |
|    clip_range           | 0.2      |
|    entropy_loss         | -0.00109 |
|    explained_variance   | 0        |
|    learning_rate        | 0.0003   |
|    loss                 | 1.05e+05 |
|    n_updates            | 1650     |
|    policy_gradient_loss | 1.12e-08 |
|    value_loss           | 1.9e+05  |
--------------------------------------
---------------------------------------
| rollout/                |           |
|    ep_len_mean          | 51.5      |
|    ep_rew_mean          | 1.32e+03  |
| time/                   |           |
|    fps                  | 182       |
|    iterations           | 332       |
|    time_elapsed         | 930       |
|    total_timesteps      | 169984    |
| train/                  |           |
|    approx_kl            | 0.0       |
|    clip_fraction        | 0         |
|    clip_range           | 0.2       |
|    entropy_loss         | -0.00117  |
|    explained_variance   | 5.96e-08  |
|    learning_rate        | 0.0003    |
|    loss                 | 3.21e+05  |
|    n_updates            | 1655      |
|    policy_gradient_loss | -5.59e-10 |
|    value_loss           | 5.75e+05  |
---------------------------------------
---------------------------------------
| rollout/                |           |
|    ep_len_mean          | 41.1      |
|    ep_rew_mean          | 794       |
| time/                   |           |
|    fps                  | 182       |
|    iterations           | 333       |
|    time_elapsed         | 933       |
|    total_timesteps      | 170496    |
| train/                  |           |
|    approx_kl            | 0.0       |
|    clip_fraction        | 0         |
|    clip_range           | 0.2       |
|    entropy_loss         | -0.00111  |
|    explained_variance   | -1.19e-07 |
|    learning_rate        | 0.0003    |
|    loss                 | 1.48e+05  |
|    n_updates            | 1660      |
|    policy_gradient_loss | 2.03e-09  |
|    value_loss           | 2.81e+05  |
---------------------------------------
--------------------------------------
| rollout/                |          |
|    ep_len_mean          | 41.7     |
|    ep_rew_mean          | 835      |
| time/                   |          |
|    fps                  | 182      |
|    iterations           | 334      |
|    time_elapsed         | 936      |
|    total_timesteps      | 171008   |
| train/                  |          |
|    approx_kl            | 0.0      |
|    clip_fraction        | 0        |
|    clip_range           | 0.2      |
|    entropy_loss         | -0.001   |
|    explained_variance   | 0        |
|    learning_rate        | 0.0003   |
|    loss                 | 9.14e+04 |
|    n_updates            | 1665     |
|    policy_gradient_loss | 4.89e-09 |
|    value_loss           | 1.99e+05 |
--------------------------------------
-------------------------------------------
| rollout/                |               |
|    ep_len_mean          | 41.8          |
|    ep_rew_mean          | 848           |
| time/                   |               |
|    fps                  | 182           |
|    iterations           | 335           |
|    time_elapsed         | 939           |
|    total_timesteps      | 171520        |
| train/                  |               |
|    approx_kl            | 4.9006194e-06 |
|    clip_fraction        | 0             |
|    clip_range           | 0.2           |
|    entropy_loss         | -0.000991     |
|    explained_variance   | 0             |
|    learning_rate        | 0.0003        |
|    loss                 | 6e+04         |
|    n_updates            | 1670          |
|    policy_gradient_loss | -5.91e-05     |
|    value_loss           | 1.1e+05       |
-------------------------------------------
--------------------------------------
| rollout/                |          |
|    ep_len_mean          | 48.4     |
|    ep_rew_mean          | 1.09e+03 |
| time/                   |          |
|    fps                  | 182      |
|    iterations           | 336      |
|    time_elapsed         | 942      |
|    total_timesteps      | 172032   |
| train/                  |          |
|    approx_kl            | 0.0      |
|    clip_fraction        | 0        |
|    clip_range           | 0.2      |
|    entropy_loss         | -0.00108 |
|    explained_variance   | 0        |
|    learning_rate        | 0.0003   |
|    loss                 | 2.23e+05 |
|    n_updates            | 1675     |
|    policy_gradient_loss | 3.46e-08 |
|    value_loss           | 4.53e+05 |
--------------------------------------
---------------------------------------
| rollout/                |           |
|    ep_len_mean          | 49.5      |
|    ep_rew_mean          | 1.09e+03  |
| time/                   |           |
|    fps                  | 182       |
|    iterations           | 337       |
|    time_elapsed         | 945       |
|    total_timesteps      | 172544    |
| train/                  |           |
|    approx_kl            | 0.0       |
|    clip_fraction        | 0         |
|    clip_range           | 0.2       |
|    entropy_loss         | -0.000963 |
|    explained_variance   | 5.96e-08  |
|    learning_rate        | 0.0003    |
|    loss                 | 1.39e+05  |
|    n_updates            | 1680      |
|    policy_gradient_loss | -7.03e-09 |
|    value_loss           | 2.81e+05  |
---------------------------------------
---------------------------------------
| rollout/                |           |
|    ep_len_mean          | 48.2      |
|    ep_rew_mean          | 1.2e+03   |
| time/                   |           |
|    fps                  | 182       |
|    iterations           | 338       |
|    time_elapsed         | 948       |
|    total_timesteps      | 173056    |
| train/                  |           |
|    approx_kl            | 0.0       |
|    clip_fraction        | 0         |
|    clip_range           | 0.2       |
|    entropy_loss         | -0.000994 |
|    explained_variance   | -1.19e-07 |
|    learning_rate        | 0.0003    |
|    loss                 | 8.05e+04  |
|    n_updates            | 1685      |
|    policy_gradient_loss | -2.19e-09 |
|    value_loss           | 1.93e+05  |
---------------------------------------
---------------------------------------
| rollout/                |           |
|    ep_len_mean          | 49.7      |
|    ep_rew_mean          | 1.2e+03   |
| time/                   |           |
|    fps                  | 182       |
|    iterations           | 339       |
|    time_elapsed         | 951       |
|    total_timesteps      | 173568    |
| train/                  |           |
|    approx_kl            | 0.0       |
|    clip_fraction        | 0         |
|    clip_range           | 0.2       |
|    entropy_loss         | -0.000927 |
|    explained_variance   | 0         |
|    learning_rate        | 0.0003    |
|    loss                 | 7.64e+04  |
|    n_updates            | 1690      |
|    policy_gradient_loss | 0         |
|    value_loss           | 1.6e+05   |
---------------------------------------
---------------------------------------
| rollout/                |           |
|    ep_len_mean          | 55        |
|    ep_rew_mean          | 1.34e+03  |
| time/                   |           |
|    fps                  | 182       |
|    iterations           | 340       |
|    time_elapsed         | 954       |
|    total_timesteps      | 174080    |
| train/                  |           |
|    approx_kl            | 0.0       |
|    clip_fraction        | 0         |
|    clip_range           | 0.2       |
|    entropy_loss         | -0.00107  |
|    explained_variance   | 0         |
|    learning_rate        | 0.0003    |
|    loss                 | 2.28e+05  |
|    n_updates            | 1695      |
|    policy_gradient_loss | -1.84e-08 |
|    value_loss           | 4.82e+05  |
---------------------------------------
---------------------------------------
| rollout/                |           |
|    ep_len_mean          | 56.3      |
|    ep_rew_mean          | 1.34e+03  |
| time/                   |           |
|    fps                  | 182       |
|    iterations           | 341       |
|    time_elapsed         | 956       |
|    total_timesteps      | 174592    |
| train/                  |           |
|    approx_kl            | 0.0       |
|    clip_fraction        | 0         |
|    clip_range           | 0.2       |
|    entropy_loss         | -0.000979 |
|    explained_variance   | 5.96e-08  |
|    learning_rate        | 0.0003    |
|    loss                 | 9.57e+04  |
|    n_updates            | 1700      |
|    policy_gradient_loss | -1.41e-09 |
|    value_loss           | 1.96e+05  |
---------------------------------------
--------------------------------------
| rollout/                |          |
|    ep_len_mean          | 48       |
|    ep_rew_mean          | 1.24e+03 |
| time/                   |          |
|    fps                  | 182      |
|    iterations           | 342      |
|    time_elapsed         | 959      |
|    total_timesteps      | 175104   |
| train/                  |          |
|    approx_kl            | 0.0      |
|    clip_fraction        | 0        |
|    clip_range           | 0.2      |
|    entropy_loss         | -0.0009  |
|    explained_variance   | 0        |
|    learning_rate        | 0.0003   |
|    loss                 | 6.02e+04 |
|    n_updates            | 1705     |
|    policy_gradient_loss | 2.31e-09 |
|    value_loss           | 1.28e+05 |
--------------------------------------
---------------------------------------
| rollout/                |           |
|    ep_len_mean          | 47        |
|    ep_rew_mean          | 1.21e+03  |
| time/                   |           |
|    fps                  | 182       |
|    iterations           | 343       |
|    time_elapsed         | 962       |
|    total_timesteps      | 175616    |
| train/                  |           |
|    approx_kl            | 0.0       |
|    clip_fraction        | 0         |
|    clip_range           | 0.2       |
|    entropy_loss         | -0.000956 |
|    explained_variance   | -1.19e-07 |
|    learning_rate        | 0.0003    |
|    loss                 | 8.87e+04  |
|    n_updates            | 1710      |
|    policy_gradient_loss | -6.5e-09  |
|    value_loss           | 2.1e+05   |
---------------------------------------
---------------------------------------
| rollout/                |           |
|    ep_len_mean          | 40.6      |
|    ep_rew_mean          | 846       |
| time/                   |           |
|    fps                  | 182       |
|    iterations           | 344       |
|    time_elapsed         | 965       |
|    total_timesteps      | 176128    |
| train/                  |           |
|    approx_kl            | 0.0       |
|    clip_fraction        | 0         |
|    clip_range           | 0.2       |
|    entropy_loss         | -0.00095  |
|    explained_variance   | 0         |
|    learning_rate        | 0.0003    |
|    loss                 | 1.08e+05  |
|    n_updates            | 1715      |
|    policy_gradient_loss | -2.51e-09 |
|    value_loss           | 2.03e+05  |
---------------------------------------
---------------------------------------
| rollout/                |           |
|    ep_len_mean          | 39.4      |
|    ep_rew_mean          | 861       |
| time/                   |           |
|    fps                  | 182       |
|    iterations           | 345       |
|    time_elapsed         | 968       |
|    total_timesteps      | 176640    |
| train/                  |           |
|    approx_kl            | 0.0       |
|    clip_fraction        | 0         |
|    clip_range           | 0.2       |
|    entropy_loss         | -0.000909 |
|    explained_variance   | 0         |
|    learning_rate        | 0.0003    |
|    loss                 | 8.83e+04  |
|    n_updates            | 1720      |
|    policy_gradient_loss | 2.24e-09  |
|    value_loss           | 1.3e+05   |
---------------------------------------
---------------------------------------
| rollout/                |           |
|    ep_len_mean          | 41.8      |
|    ep_rew_mean          | 952       |
| time/                   |           |
|    fps                  | 182       |
|    iterations           | 346       |
|    time_elapsed         | 971       |
|    total_timesteps      | 177152    |
| train/                  |           |
|    approx_kl            | 0.0       |
|    clip_fraction        | 0         |
|    clip_range           | 0.2       |
|    entropy_loss         | -0.000962 |
|    explained_variance   | 1.19e-07  |
|    learning_rate        | 0.0003    |
|    loss                 | 1.31e+05  |
|    n_updates            | 1725      |
|    policy_gradient_loss | 4.05e-09  |
|    value_loss           | 3.01e+05  |
---------------------------------------
---------------------------------------
| rollout/                |           |
|    ep_len_mean          | 37        |
|    ep_rew_mean          | 842       |
| time/                   |           |
|    fps                  | 182       |
|    iterations           | 347       |
|    time_elapsed         | 974       |
|    total_timesteps      | 177664    |
| train/                  |           |
|    approx_kl            | 0.0       |
|    clip_fraction        | 0         |
|    clip_range           | 0.2       |
|    entropy_loss         | -0.000962 |
|    explained_variance   | 0         |
|    learning_rate        | 0.0003    |
|    loss                 | 1.4e+05   |
|    n_updates            | 1730      |
|    policy_gradient_loss | -1e-08    |
|    value_loss           | 2.5e+05   |
---------------------------------------
---------------------------------------
| rollout/                |           |
|    ep_len_mean          | 34.8      |
|    ep_rew_mean          | 815       |
| time/                   |           |
|    fps                  | 182       |
|    iterations           | 348       |
|    time_elapsed         | 977       |
|    total_timesteps      | 178176    |
| train/                  |           |
|    approx_kl            | 0.0       |
|    clip_fraction        | 0         |
|    clip_range           | 0.2       |
|    entropy_loss         | -0.000967 |
|    explained_variance   | 0         |
|    learning_rate        | 0.0003    |
|    loss                 | 6.76e+04  |
|    n_updates            | 1735      |
|    policy_gradient_loss | -8.78e-09 |
|    value_loss           | 1.39e+05  |
---------------------------------------
---------------------------------------
| rollout/                |           |
|    ep_len_mean          | 36.1      |
|    ep_rew_mean          | 854       |
| time/                   |           |
|    fps                  | 182       |
|    iterations           | 349       |
|    time_elapsed         | 980       |
|    total_timesteps      | 178688    |
| train/                  |           |
|    approx_kl            | 0.0       |
|    clip_fraction        | 0         |
|    clip_range           | 0.2       |
|    entropy_loss         | -0.000961 |
|    explained_variance   | 5.96e-08  |
|    learning_rate        | 0.0003    |
|    loss                 | 5.17e+04  |
|    n_updates            | 1740      |
|    policy_gradient_loss | -4.7e-09  |
|    value_loss           | 1.13e+05  |
---------------------------------------
--------------------------------------
| rollout/                |          |
|    ep_len_mean          | 36.1     |
|    ep_rew_mean          | 854      |
| time/                   |          |
|    fps                  | 182      |
|    iterations           | 350      |
|    time_elapsed         | 983      |
|    total_timesteps      | 179200   |
| train/                  |          |
|    approx_kl            | 0.0      |
|    clip_fraction        | 0        |
|    clip_range           | 0.2      |
|    entropy_loss         | -0.00094 |
|    explained_variance   | 0        |
|    learning_rate        | 0.0003   |
|    loss                 | 1.31e+05 |
|    n_updates            | 1745     |
|    policy_gradient_loss | 1.48e-09 |
|    value_loss           | 2.65e+05 |
--------------------------------------
---------------------------------------
| rollout/                |           |
|    ep_len_mean          | 41.7      |
|    ep_rew_mean          | 1.12e+03  |
| time/                   |           |
|    fps                  | 182       |
|    iterations           | 351       |
|    time_elapsed         | 986       |
|    total_timesteps      | 179712    |
| train/                  |           |
|    approx_kl            | 0.0       |
|    clip_fraction        | 0         |
|    clip_range           | 0.2       |
|    entropy_loss         | -0.00109  |
|    explained_variance   | 0         |
|    learning_rate        | 0.0003    |
|    loss                 | 3e+05     |
|    n_updates            | 1750      |
|    policy_gradient_loss | -1.09e-08 |
|    value_loss           | 6.28e+05  |
---------------------------------------
--------------------------------------
| rollout/                |          |
|    ep_len_mean          | 42.5     |
|    ep_rew_mean          | 1.18e+03 |
| time/                   |          |
|    fps                  | 182      |
|    iterations           | 352      |
|    time_elapsed         | 989      |
|    total_timesteps      | 180224   |
| train/                  |          |
|    approx_kl            | 0.0      |
|    clip_fraction        | 0        |
|    clip_range           | 0.2      |
|    entropy_loss         | -0.001   |
|    explained_variance   | 0        |
|    learning_rate        | 0.0003   |
|    loss                 | 6.68e+04 |
|    n_updates            | 1755     |
|    policy_gradient_loss | 1.51e-09 |
|    value_loss           | 1.63e+05 |
--------------------------------------
---------------------------------------
| rollout/                |           |
|    ep_len_mean          | 46.7      |
|    ep_rew_mean          | 1.53e+03  |
| time/                   |           |
|    fps                  | 182       |
|    iterations           | 353       |
|    time_elapsed         | 992       |
|    total_timesteps      | 180736    |
| train/                  |           |
|    approx_kl            | 0.0       |
|    clip_fraction        | 0         |
|    clip_range           | 0.2       |
|    entropy_loss         | -0.00107  |
|    explained_variance   | -1.19e-07 |
|    learning_rate        | 0.0003    |
|    loss                 | 2.12e+05  |
|    n_updates            | 1760      |
|    policy_gradient_loss | -2.33e-11 |
|    value_loss           | 4.47e+05  |
---------------------------------------
---------------------------------------
| rollout/                |           |
|    ep_len_mean          | 46.2      |
|    ep_rew_mean          | 1.52e+03  |
| time/                   |           |
|    fps                  | 181       |
|    iterations           | 354       |
|    time_elapsed         | 996       |
|    total_timesteps      | 181248    |
| train/                  |           |
|    approx_kl            | 0.0       |
|    clip_fraction        | 0         |
|    clip_range           | 0.2       |
|    entropy_loss         | -0.00103  |
|    explained_variance   | -1.19e-07 |
|    learning_rate        | 0.0003    |
|    loss                 | 1.79e+05  |
|    n_updates            | 1765      |
|    policy_gradient_loss | 6.82e-09  |
|    value_loss           | 4.28e+05  |
---------------------------------------
---------------------------------------
| rollout/                |           |
|    ep_len_mean          | 44.9      |
|    ep_rew_mean          | 1.47e+03  |
| time/                   |           |
|    fps                  | 181       |
|    iterations           | 355       |
|    time_elapsed         | 999       |
|    total_timesteps      | 181760    |
| train/                  |           |
|    approx_kl            | 0.0       |
|    clip_fraction        | 0         |
|    clip_range           | 0.2       |
|    entropy_loss         | -0.000913 |
|    explained_variance   | 5.96e-08  |
|    learning_rate        | 0.0003    |
|    loss                 | 8.17e+04  |
|    n_updates            | 1770      |
|    policy_gradient_loss | -5.17e-09 |
|    value_loss           | 1.42e+05  |
---------------------------------------
---------------------------------------
| rollout/                |           |
|    ep_len_mean          | 47.2      |
|    ep_rew_mean          | 1.54e+03  |
| time/                   |           |
|    fps                  | 181       |
|    iterations           | 356       |
|    time_elapsed         | 1002      |
|    total_timesteps      | 182272    |
| train/                  |           |
|    approx_kl            | 0.0       |
|    clip_fraction        | 0         |
|    clip_range           | 0.2       |
|    entropy_loss         | -0.000963 |
|    explained_variance   | 0         |
|    learning_rate        | 0.0003    |
|    loss                 | 1.56e+05  |
|    n_updates            | 1775      |
|    policy_gradient_loss | -7.96e-09 |
|    value_loss           | 2.52e+05  |
---------------------------------------
---------------------------------------
| rollout/                |           |
|    ep_len_mean          | 47        |
|    ep_rew_mean          | 1.61e+03  |
| time/                   |           |
|    fps                  | 181       |
|    iterations           | 357       |
|    time_elapsed         | 1005      |
|    total_timesteps      | 182784    |
| train/                  |           |
|    approx_kl            | 0.0       |
|    clip_fraction        | 0         |
|    clip_range           | 0.2       |
|    entropy_loss         | -0.000917 |
|    explained_variance   | -2.38e-07 |
|    learning_rate        | 0.0003    |
|    loss                 | 9.84e+04  |
|    n_updates            | 1780      |
|    policy_gradient_loss | -2.96e-09 |
|    value_loss           | 2.28e+05  |
---------------------------------------
---------------------------------------
| rollout/                |           |
|    ep_len_mean          | 50        |
|    ep_rew_mean          | 1.64e+03  |
| time/                   |           |
|    fps                  | 181       |
|    iterations           | 358       |
|    time_elapsed         | 1008      |
|    total_timesteps      | 183296    |
| train/                  |           |
|    approx_kl            | 0.0       |
|    clip_fraction        | 0         |
|    clip_range           | 0.2       |
|    entropy_loss         | -0.000959 |
|    explained_variance   | -1.19e-07 |
|    learning_rate        | 0.0003    |
|    loss                 | 1.02e+05  |
|    n_updates            | 1785      |
|    policy_gradient_loss | -1.54e-09 |
|    value_loss           | 1.78e+05  |
---------------------------------------
---------------------------------------
| rollout/                |           |
|    ep_len_mean          | 55.3      |
|    ep_rew_mean          | 1.79e+03  |
| time/                   |           |
|    fps                  | 181       |
|    iterations           | 359       |
|    time_elapsed         | 1011      |
|    total_timesteps      | 183808    |
| train/                  |           |
|    approx_kl            | 0.0       |
|    clip_fraction        | 0         |
|    clip_range           | 0.2       |
|    entropy_loss         | -0.00104  |
|    explained_variance   | 0         |
|    learning_rate        | 0.0003    |
|    loss                 | 1.72e+05  |
|    n_updates            | 1790      |
|    policy_gradient_loss | -4.25e-09 |
|    value_loss           | 3.4e+05   |
---------------------------------------
-------------------------------------------
| rollout/                |               |
|    ep_len_mean          | 55.9          |
|    ep_rew_mean          | 1.78e+03      |
| time/                   |               |
|    fps                  | 181           |
|    iterations           | 360           |
|    time_elapsed         | 1014          |
|    total_timesteps      | 184320        |
| train/                  |               |
|    approx_kl            | 4.9989903e-06 |
|    clip_fraction        | 0             |
|    clip_range           | 0.2           |
|    entropy_loss         | -0.000987     |
|    explained_variance   | -1.19e-07     |
|    learning_rate        | 0.0003        |
|    loss                 | 1.17e+05      |
|    n_updates            | 1795          |
|    policy_gradient_loss | -8.99e-05     |
|    value_loss           | 1.95e+05      |
-------------------------------------------
---------------------------------------
| rollout/                |           |
|    ep_len_mean          | 59        |
|    ep_rew_mean          | 1.91e+03  |
| time/                   |           |
|    fps                  | 181       |
|    iterations           | 361       |
|    time_elapsed         | 1018      |
|    total_timesteps      | 184832    |
| train/                  |           |
|    approx_kl            | 0.0       |
|    clip_fraction        | 0         |
|    clip_range           | 0.2       |
|    entropy_loss         | -0.000953 |
|    explained_variance   | 0         |
|    learning_rate        | 0.0003    |
|    loss                 | 2.27e+05  |
|    n_updates            | 1800      |
|    policy_gradient_loss | 1.91e-09  |
|    value_loss           | 4.42e+05  |
---------------------------------------
---------------------------------------
| rollout/                |           |
|    ep_len_mean          | 57.6      |
|    ep_rew_mean          | 1.84e+03  |
| time/                   |           |
|    fps                  | 181       |
|    iterations           | 362       |
|    time_elapsed         | 1021      |
|    total_timesteps      | 185344    |
| train/                  |           |
|    approx_kl            | 0.0       |
|    clip_fraction        | 0         |
|    clip_range           | 0.2       |
|    entropy_loss         | -0.000975 |
|    explained_variance   | 0         |
|    learning_rate        | 0.0003    |
|    loss                 | 2.5e+05   |
|    n_updates            | 1805      |
|    policy_gradient_loss | 8.45e-09  |
|    value_loss           | 4.73e+05  |
---------------------------------------
---------------------------------------
| rollout/                |           |
|    ep_len_mean          | 51        |
|    ep_rew_mean          | 1.48e+03  |
| time/                   |           |
|    fps                  | 181       |
|    iterations           | 363       |
|    time_elapsed         | 1024      |
|    total_timesteps      | 185856    |
| train/                  |           |
|    approx_kl            | 0.0       |
|    clip_fraction        | 0         |
|    clip_range           | 0.2       |
|    entropy_loss         | -0.000932 |
|    explained_variance   | 0         |
|    learning_rate        | 0.0003    |
|    loss                 | 1.77e+05  |
|    n_updates            | 1810      |
|    policy_gradient_loss | 3.49e-11  |
|    value_loss           | 3.3e+05   |
---------------------------------------
---------------------------------------
| rollout/                |           |
|    ep_len_mean          | 51.4      |
|    ep_rew_mean          | 1.38e+03  |
| time/                   |           |
|    fps                  | 181       |
|    iterations           | 364       |
|    time_elapsed         | 1027      |
|    total_timesteps      | 186368    |
| train/                  |           |
|    approx_kl            | 0.0       |
|    clip_fraction        | 0         |
|    clip_range           | 0.2       |
|    entropy_loss         | -0.000841 |
|    explained_variance   | 0         |
|    learning_rate        | 0.0003    |
|    loss                 | 5.18e+04  |
|    n_updates            | 1815      |
|    policy_gradient_loss | 7.82e-09  |
|    value_loss           | 8.43e+04  |
---------------------------------------
---------------------------------------
| rollout/                |           |
|    ep_len_mean          | 51.7      |
|    ep_rew_mean          | 1.32e+03  |
| time/                   |           |
|    fps                  | 181       |
|    iterations           | 365       |
|    time_elapsed         | 1030      |
|    total_timesteps      | 186880    |
| train/                  |           |
|    approx_kl            | 0.0       |
|    clip_fraction        | 0         |
|    clip_range           | 0.2       |
|    entropy_loss         | -0.000816 |
|    explained_variance   | 0         |
|    learning_rate        | 0.0003    |
|    loss                 | 1.49e+05  |
|    n_updates            | 1820      |
|    policy_gradient_loss | -4.19e-10 |
|    value_loss           | 3.53e+05  |
---------------------------------------
---------------------------------------
| rollout/                |           |
|    ep_len_mean          | 53.8      |
|    ep_rew_mean          | 1.39e+03  |
| time/                   |           |
|    fps                  | 181       |
|    iterations           | 366       |
|    time_elapsed         | 1033      |
|    total_timesteps      | 187392    |
| train/                  |           |
|    approx_kl            | 0.0       |
|    clip_fraction        | 0         |
|    clip_range           | 0.2       |
|    entropy_loss         | -0.000842 |
|    explained_variance   | 0         |
|    learning_rate        | 0.0003    |
|    loss                 | 6.43e+04  |
|    n_updates            | 1825      |
|    policy_gradient_loss | -9.31e-09 |
|    value_loss           | 1.48e+05  |
---------------------------------------
---------------------------------------
| rollout/                |           |
|    ep_len_mean          | 54.2      |
|    ep_rew_mean          | 1.39e+03  |
| time/                   |           |
|    fps                  | 181       |
|    iterations           | 367       |
|    time_elapsed         | 1036      |
|    total_timesteps      | 187904    |
| train/                  |           |
|    approx_kl            | 0.0       |
|    clip_fraction        | 0         |
|    clip_range           | 0.2       |
|    entropy_loss         | -0.000885 |
|    explained_variance   | -1.19e-07 |
|    learning_rate        | 0.0003    |
|    loss                 | 1.31e+05  |
|    n_updates            | 1830      |
|    policy_gradient_loss | 4.82e-09  |
|    value_loss           | 2.21e+05  |
---------------------------------------
---------------------------------------
| rollout/                |           |
|    ep_len_mean          | 54.2      |
|    ep_rew_mean          | 1.39e+03  |
| time/                   |           |
|    fps                  | 181       |
|    iterations           | 368       |
|    time_elapsed         | 1038      |
|    total_timesteps      | 188416    |
| train/                  |           |
|    approx_kl            | 0.0       |
|    clip_fraction        | 0         |
|    clip_range           | 0.2       |
|    entropy_loss         | -0.000842 |
|    explained_variance   | -1.19e-07 |
|    learning_rate        | 0.0003    |
|    loss                 | 1e+05     |
|    n_updates            | 1835      |
|    policy_gradient_loss | -6.45e-09 |
|    value_loss           | 2.49e+05  |
---------------------------------------
---------------------------------------
| rollout/                |           |
|    ep_len_mean          | 62.5      |
|    ep_rew_mean          | 1.64e+03  |
| time/                   |           |
|    fps                  | 181       |
|    iterations           | 369       |
|    time_elapsed         | 1041      |
|    total_timesteps      | 188928    |
| train/                  |           |
|    approx_kl            | 0.0       |
|    clip_fraction        | 0         |
|    clip_range           | 0.2       |
|    entropy_loss         | -0.000983 |
|    explained_variance   | 0         |
|    learning_rate        | 0.0003    |
|    loss                 | 3.34e+05  |
|    n_updates            | 1840      |
|    policy_gradient_loss | 1.44e-09  |
|    value_loss           | 5.95e+05  |
---------------------------------------
---------------------------------------
| rollout/                |           |
|    ep_len_mean          | 41.5      |
|    ep_rew_mean          | 994       |
| time/                   |           |
|    fps                  | 181       |
|    iterations           | 370       |
|    time_elapsed         | 1045      |
|    total_timesteps      | 189440    |
| train/                  |           |
|    approx_kl            | 0.0       |
|    clip_fraction        | 0         |
|    clip_range           | 0.2       |
|    entropy_loss         | -0.000863 |
|    explained_variance   | 0         |
|    learning_rate        | 0.0003    |
|    loss                 | 9.51e+04  |
|    n_updates            | 1845      |
|    policy_gradient_loss | 1.75e-09  |
|    value_loss           | 1.84e+05  |
---------------------------------------
---------------------------------------
| rollout/                |           |
|    ep_len_mean          | 42.1      |
|    ep_rew_mean          | 1.09e+03  |
| time/                   |           |
|    fps                  | 181       |
|    iterations           | 371       |
|    time_elapsed         | 1048      |
|    total_timesteps      | 189952    |
| train/                  |           |
|    approx_kl            | 0.0       |
|    clip_fraction        | 0         |
|    clip_range           | 0.2       |
|    entropy_loss         | -0.000823 |
|    explained_variance   | 0         |
|    learning_rate        | 0.0003    |
|    loss                 | 7.9e+04   |
|    n_updates            | 1850      |
|    policy_gradient_loss | 3.35e-09  |
|    value_loss           | 1.62e+05  |
---------------------------------------
---------------------------------------
| rollout/                |           |
|    ep_len_mean          | 46.6      |
|    ep_rew_mean          | 1.3e+03   |
| time/                   |           |
|    fps                  | 181       |
|    iterations           | 372       |
|    time_elapsed         | 1051      |
|    total_timesteps      | 190464    |
| train/                  |           |
|    approx_kl            | 0.0       |
|    clip_fraction        | 0         |
|    clip_range           | 0.2       |
|    entropy_loss         | -0.000845 |
|    explained_variance   | 0         |
|    learning_rate        | 0.0003    |
|    loss                 | 1.36e+05  |
|    n_updates            | 1855      |
|    policy_gradient_loss | -1.4e-09  |
|    value_loss           | 3.34e+05  |
---------------------------------------
---------------------------------------
| rollout/                |           |
|    ep_len_mean          | 49.8      |
|    ep_rew_mean          | 1.46e+03  |
| time/                   |           |
|    fps                  | 181       |
|    iterations           | 373       |
|    time_elapsed         | 1054      |
|    total_timesteps      | 190976    |
| train/                  |           |
|    approx_kl            | 0.0       |
|    clip_fraction        | 0         |
|    clip_range           | 0.2       |
|    entropy_loss         | -0.000951 |
|    explained_variance   | -1.19e-07 |
|    learning_rate        | 0.0003    |
|    loss                 | 2.06e+05  |
|    n_updates            | 1860      |
|    policy_gradient_loss | 4.05e-09  |
|    value_loss           | 4.24e+05  |
---------------------------------------
---------------------------------------
| rollout/                |           |
|    ep_len_mean          | 47.5      |
|    ep_rew_mean          | 1.42e+03  |
| time/                   |           |
|    fps                  | 181       |
|    iterations           | 374       |
|    time_elapsed         | 1057      |
|    total_timesteps      | 191488    |
| train/                  |           |
|    approx_kl            | 0.0       |
|    clip_fraction        | 0         |
|    clip_range           | 0.2       |
|    entropy_loss         | -0.000868 |
|    explained_variance   | 0         |
|    learning_rate        | 0.0003    |
|    loss                 | 9.67e+04  |
|    n_updates            | 1865      |
|    policy_gradient_loss | -2.79e-10 |
|    value_loss           | 2.04e+05  |
---------------------------------------
---------------------------------------
| rollout/                |           |
|    ep_len_mean          | 47.5      |
|    ep_rew_mean          | 1.42e+03  |
| time/                   |           |
|    fps                  | 181       |
|    iterations           | 375       |
|    time_elapsed         | 1060      |
|    total_timesteps      | 192000    |
| train/                  |           |
|    approx_kl            | 0.0       |
|    clip_fraction        | 0         |
|    clip_range           | 0.2       |
|    entropy_loss         | -0.000919 |
|    explained_variance   | -1.19e-07 |
|    learning_rate        | 0.0003    |
|    loss                 | 1.75e+05  |
|    n_updates            | 1870      |
|    policy_gradient_loss | 3.93e-09  |
|    value_loss           | 3.37e+05  |
---------------------------------------
---------------------------------------
| rollout/                |           |
|    ep_len_mean          | 57.2      |
|    ep_rew_mean          | 1.88e+03  |
| time/                   |           |
|    fps                  | 181       |
|    iterations           | 376       |
|    time_elapsed         | 1063      |
|    total_timesteps      | 192512    |
| train/                  |           |
|    approx_kl            | 0.0       |
|    clip_fraction        | 0         |
|    clip_range           | 0.2       |
|    entropy_loss         | -0.000986 |
|    explained_variance   | 0         |
|    learning_rate        | 0.0003    |
|    loss                 | 3.33e+05  |
|    n_updates            | 1875      |
|    policy_gradient_loss | -6.38e-09 |
|    value_loss           | 6.57e+05  |
---------------------------------------
---------------------------------------
| rollout/                |           |
|    ep_len_mean          | 56.5      |
|    ep_rew_mean          | 1.86e+03  |
| time/                   |           |
|    fps                  | 181       |
|    iterations           | 377       |
|    time_elapsed         | 1065      |
|    total_timesteps      | 193024    |
| train/                  |           |
|    approx_kl            | 0.0       |
|    clip_fraction        | 0         |
|    clip_range           | 0.2       |
|    entropy_loss         | -0.000887 |
|    explained_variance   | 0         |
|    learning_rate        | 0.0003    |
|    loss                 | 1.63e+05  |
|    n_updates            | 1880      |
|    policy_gradient_loss | -8.06e-09 |
|    value_loss           | 2.88e+05  |
---------------------------------------
---------------------------------------
| rollout/                |           |
|    ep_len_mean          | 56.3      |
|    ep_rew_mean          | 1.81e+03  |
| time/                   |           |
|    fps                  | 181       |
|    iterations           | 378       |
|    time_elapsed         | 1068      |
|    total_timesteps      | 193536    |
| train/                  |           |
|    approx_kl            | 0.0       |
|    clip_fraction        | 0         |
|    clip_range           | 0.2       |
|    entropy_loss         | -0.000886 |
|    explained_variance   | 0         |
|    learning_rate        | 0.0003    |
|    loss                 | 1.06e+05  |
|    n_updates            | 1885      |
|    policy_gradient_loss | 5.42e-09  |
|    value_loss           | 2.09e+05  |
---------------------------------------
---------------------------------------
| rollout/                |           |
|    ep_len_mean          | 50.7      |
|    ep_rew_mean          | 1.69e+03  |
| time/                   |           |
|    fps                  | 181       |
|    iterations           | 379       |
|    time_elapsed         | 1071      |
|    total_timesteps      | 194048    |
| train/                  |           |
|    approx_kl            | 0.0       |
|    clip_fraction        | 0         |
|    clip_range           | 0.2       |
|    entropy_loss         | -0.000876 |
|    explained_variance   | 0         |
|    learning_rate        | 0.0003    |
|    loss                 | 1.5e+05   |
|    n_updates            | 1890      |
|    policy_gradient_loss | -2.28e-09 |
|    value_loss           | 3.08e+05  |
---------------------------------------
---------------------------------------
| rollout/                |           |
|    ep_len_mean          | 51.4      |
|    ep_rew_mean          | 1.67e+03  |
| time/                   |           |
|    fps                  | 181       |
|    iterations           | 380       |
|    time_elapsed         | 1074      |
|    total_timesteps      | 194560    |
| train/                  |           |
|    approx_kl            | 0.0       |
|    clip_fraction        | 0         |
|    clip_range           | 0.2       |
|    entropy_loss         | -0.000899 |
|    explained_variance   | 5.96e-08  |
|    learning_rate        | 0.0003    |
|    loss                 | 1.29e+05  |
|    n_updates            | 1895      |
|    policy_gradient_loss | -9.31e-11 |
|    value_loss           | 2.97e+05  |
---------------------------------------
-------------------------------------------
| rollout/                |               |
|    ep_len_mean          | 51.4          |
|    ep_rew_mean          | 1.67e+03      |
| time/                   |               |
|    fps                  | 180           |
|    iterations           | 381           |
|    time_elapsed         | 1077          |
|    total_timesteps      | 195072        |
| train/                  |               |
|    approx_kl            | 0.00021597184 |
|    clip_fraction        | 0.00195       |
|    clip_range           | 0.2           |
|    entropy_loss         | -0.000703     |
|    explained_variance   | 0             |
|    learning_rate        | 0.0003        |
|    loss                 | 9.56e+04      |
|    n_updates            | 1900          |
|    policy_gradient_loss | -0.000421     |
|    value_loss           | 2.47e+05      |
-------------------------------------------
---------------------------------------
| rollout/                |           |
|    ep_len_mean          | 57.7      |
|    ep_rew_mean          | 1.95e+03  |
| time/                   |           |
|    fps                  | 180       |
|    iterations           | 382       |
|    time_elapsed         | 1080      |
|    total_timesteps      | 195584    |
| train/                  |           |
|    approx_kl            | 0.0       |
|    clip_fraction        | 0         |
|    clip_range           | 0.2       |
|    entropy_loss         | -0.000714 |
|    explained_variance   | 0         |
|    learning_rate        | 0.0003    |
|    loss                 | 3.33e+05  |
|    n_updates            | 1905      |
|    policy_gradient_loss | -1.8e-08  |
|    value_loss           | 6.24e+05  |
---------------------------------------
---------------------------------------
| rollout/                |           |
|    ep_len_mean          | 60.1      |
|    ep_rew_mean          | 1.91e+03  |
| time/                   |           |
|    fps                  | 180       |
|    iterations           | 383       |
|    time_elapsed         | 1083      |
|    total_timesteps      | 196096    |
| train/                  |           |
|    approx_kl            | 0.0       |
|    clip_fraction        | 0         |
|    clip_range           | 0.2       |
|    entropy_loss         | -0.000664 |
|    explained_variance   | 0         |
|    learning_rate        | 0.0003    |
|    loss                 | 1.33e+05  |
|    n_updates            | 1910      |
|    policy_gradient_loss | -6.8e-09  |
|    value_loss           | 2.39e+05  |
---------------------------------------
---------------------------------------
| rollout/                |           |
|    ep_len_mean          | 56.3      |
|    ep_rew_mean          | 1.66e+03  |
| time/                   |           |
|    fps                  | 180       |
|    iterations           | 384       |
|    time_elapsed         | 1086      |
|    total_timesteps      | 196608    |
| train/                  |           |
|    approx_kl            | 0.0       |
|    clip_fraction        | 0         |
|    clip_range           | 0.2       |
|    entropy_loss         | -0.000591 |
|    explained_variance   | 0         |
|    learning_rate        | 0.0003    |
|    loss                 | 9.5e+04   |
|    n_updates            | 1915      |
|    policy_gradient_loss | -5.45e-09 |
|    value_loss           | 1.74e+05  |
---------------------------------------
---------------------------------------
| rollout/                |           |
|    ep_len_mean          | 42.5      |
|    ep_rew_mean          | 1.15e+03  |
| time/                   |           |
|    fps                  | 180       |
|    iterations           | 385       |
|    time_elapsed         | 1089      |
|    total_timesteps      | 197120    |
| train/                  |           |
|    approx_kl            | 0.0       |
|    clip_fraction        | 0         |
|    clip_range           | 0.2       |
|    entropy_loss         | -0.000631 |
|    explained_variance   | 0         |
|    learning_rate        | 0.0003    |
|    loss                 | 1.48e+05  |
|    n_updates            | 1920      |
|    policy_gradient_loss | -3.14e-09 |
|    value_loss           | 3.14e+05  |
---------------------------------------
---------------------------------------
| rollout/                |           |
|    ep_len_mean          | 42.5      |
|    ep_rew_mean          | 1.15e+03  |
| time/                   |           |
|    fps                  | 180       |
|    iterations           | 386       |
|    time_elapsed         | 1092      |
|    total_timesteps      | 197632    |
| train/                  |           |
|    approx_kl            | 0.0       |
|    clip_fraction        | 0         |
|    clip_range           | 0.2       |
|    entropy_loss         | -0.000619 |
|    explained_variance   | 0         |
|    learning_rate        | 0.0003    |
|    loss                 | 1.07e+05  |
|    n_updates            | 1925      |
|    policy_gradient_loss | -4.98e-09 |
|    value_loss           | 1.69e+05  |
---------------------------------------
--------------------------------------
| rollout/                |          |
|    ep_len_mean          | 45.3     |
|    ep_rew_mean          | 1.31e+03 |
| time/                   |          |
|    fps                  | 180      |
|    iterations           | 387      |
|    time_elapsed         | 1095     |
|    total_timesteps      | 198144   |
| train/                  |          |
|    approx_kl            | 0.0      |
|    clip_fraction        | 0        |
|    clip_range           | 0.2      |
|    entropy_loss         | -0.00071 |
|    explained_variance   | 0        |
|    learning_rate        | 0.0003   |
|    loss                 | 3.17e+05 |
|    n_updates            | 1930     |
|    policy_gradient_loss | 7.92e-10 |
|    value_loss           | 6.22e+05 |
--------------------------------------
---------------------------------------
| rollout/                |           |
|    ep_len_mean          | 44.3      |
|    ep_rew_mean          | 1.25e+03  |
| time/                   |           |
|    fps                  | 180       |
|    iterations           | 388       |
|    time_elapsed         | 1098      |
|    total_timesteps      | 198656    |
| train/                  |           |
|    approx_kl            | 0.0       |
|    clip_fraction        | 0         |
|    clip_range           | 0.2       |
|    entropy_loss         | -0.000639 |
|    explained_variance   | 0         |
|    learning_rate        | 0.0003    |
|    loss                 | 1.26e+05  |
|    n_updates            | 1935      |
|    policy_gradient_loss | -8.15e-10 |
|    value_loss           | 2.34e+05  |
---------------------------------------
---------------------------------------
| rollout/                |           |
|    ep_len_mean          | 48.5      |
|    ep_rew_mean          | 1.44e+03  |
| time/                   |           |
|    fps                  | 180       |
|    iterations           | 389       |
|    time_elapsed         | 1101      |
|    total_timesteps      | 199168    |
| train/                  |           |
|    approx_kl            | 0.0       |
|    clip_fraction        | 0         |
|    clip_range           | 0.2       |
|    entropy_loss         | -0.000675 |
|    explained_variance   | 0         |
|    learning_rate        | 0.0003    |
|    loss                 | 2.34e+05  |
|    n_updates            | 1940      |
|    policy_gradient_loss | 1.33e-09  |
|    value_loss           | 4.36e+05  |
---------------------------------------
---------------------------------------
| rollout/                |           |
|    ep_len_mean          | 42.8      |
|    ep_rew_mean          | 1.14e+03  |
| time/                   |           |
|    fps                  | 180       |
|    iterations           | 390       |
|    time_elapsed         | 1104      |
|    total_timesteps      | 199680    |
| train/                  |           |
|    approx_kl            | 0.0       |
|    clip_fraction        | 0         |
|    clip_range           | 0.2       |
|    entropy_loss         | -0.000633 |
|    explained_variance   | 0         |
|    learning_rate        | 0.0003    |
|    loss                 | 1.16e+05  |
|    n_updates            | 1945      |
|    policy_gradient_loss | -2.35e-09 |
|    value_loss           | 2.8e+05   |
---------------------------------------
---------------------------------------
| rollout/                |           |
|    ep_len_mean          | 44.1      |
|    ep_rew_mean          | 1.14e+03  |
| time/                   |           |
|    fps                  | 180       |
|    iterations           | 391       |
|    time_elapsed         | 1107      |
|    total_timesteps      | 200192    |
| train/                  |           |
|    approx_kl            | 0.0       |
|    clip_fraction        | 0         |
|    clip_range           | 0.2       |
|    entropy_loss         | -0.000603 |
|    explained_variance   | 0         |
|    learning_rate        | 0.0003    |
|    loss                 | 8.38e+04  |
|    n_updates            | 1950      |
|    policy_gradient_loss | -1.61e-09 |
|    value_loss           | 1.54e+05  |
---------------------------------------
---------------------------------------
| rollout/                |           |
|    ep_len_mean          | 50.3      |
|    ep_rew_mean          | 1.34e+03  |
| time/                   |           |
|    fps                  | 180       |
|    iterations           | 392       |
|    time_elapsed         | 1110      |
|    total_timesteps      | 200704    |
| train/                  |           |
|    approx_kl            | 0.0       |
|    clip_fraction        | 0         |
|    clip_range           | 0.2       |
|    entropy_loss         | -0.000644 |
|    explained_variance   | 0         |
|    learning_rate        | 0.0003    |
|    loss                 | 2.13e+05  |
|    n_updates            | 1955      |
|    policy_gradient_loss | -1.49e-09 |
|    value_loss           | 4.37e+05  |
---------------------------------------
---------------------------------------
| rollout/                |           |
|    ep_len_mean          | 45.8      |
|    ep_rew_mean          | 1.32e+03  |
| time/                   |           |
|    fps                  | 180       |
|    iterations           | 393       |
|    time_elapsed         | 1113      |
|    total_timesteps      | 201216    |
| train/                  |           |
|    approx_kl            | 0.0       |
|    clip_fraction        | 0         |
|    clip_range           | 0.2       |
|    entropy_loss         | -0.000666 |
|    explained_variance   | 0         |
|    learning_rate        | 0.0003    |
|    loss                 | 1.49e+05  |
|    n_updates            | 1960      |
|    policy_gradient_loss | -3.03e-09 |
|    value_loss           | 2.65e+05  |
---------------------------------------
---------------------------------------
| rollout/                |           |
|    ep_len_mean          | 48.3      |
|    ep_rew_mean          | 1.4e+03   |
| time/                   |           |
|    fps                  | 180       |
|    iterations           | 394       |
|    time_elapsed         | 1116      |
|    total_timesteps      | 201728    |
| train/                  |           |
|    approx_kl            | 0.0       |
|    clip_fraction        | 0         |
|    clip_range           | 0.2       |
|    entropy_loss         | -0.000602 |
|    explained_variance   | 0         |
|    learning_rate        | 0.0003    |
|    loss                 | 1.79e+05  |
|    n_updates            | 1965      |
|    policy_gradient_loss | 1.96e-09  |
|    value_loss           | 3.27e+05  |
---------------------------------------
---------------------------------------
| rollout/                |           |
|    ep_len_mean          | 44.3      |
|    ep_rew_mean          | 1.11e+03  |
| time/                   |           |
|    fps                  | 180       |
|    iterations           | 395       |
|    time_elapsed         | 1119      |
|    total_timesteps      | 202240    |
| train/                  |           |
|    approx_kl            | 0.0       |
|    clip_fraction        | 0         |
|    clip_range           | 0.2       |
|    entropy_loss         | -0.000622 |
|    explained_variance   | 0         |
|    learning_rate        | 0.0003    |
|    loss                 | 1.33e+05  |
|    n_updates            | 1970      |
|    policy_gradient_loss | 1.91e-09  |
|    value_loss           | 2.34e+05  |
---------------------------------------
---------------------------------------
| rollout/                |           |
|    ep_len_mean          | 44.3      |
|    ep_rew_mean          | 1.13e+03  |
| time/                   |           |
|    fps                  | 180       |
|    iterations           | 396       |
|    time_elapsed         | 1122      |
|    total_timesteps      | 202752    |
| train/                  |           |
|    approx_kl            | 0.0       |
|    clip_fraction        | 0         |
|    clip_range           | 0.2       |
|    entropy_loss         | -0.000616 |
|    explained_variance   | -1.19e-07 |
|    learning_rate        | 0.0003    |
|    loss                 | 1.28e+05  |
|    n_updates            | 1975      |
|    policy_gradient_loss | -1.14e-08 |
|    value_loss           | 2.45e+05  |
---------------------------------------
---------------------------------------
| rollout/                |           |
|    ep_len_mean          | 52.1      |
|    ep_rew_mean          | 1.5e+03   |
| time/                   |           |
|    fps                  | 180       |
|    iterations           | 397       |
|    time_elapsed         | 1125      |
|    total_timesteps      | 203264    |
| train/                  |           |
|    approx_kl            | 0.0       |
|    clip_fraction        | 0         |
|    clip_range           | 0.2       |
|    entropy_loss         | -0.000695 |
|    explained_variance   | 0         |
|    learning_rate        | 0.0003    |
|    loss                 | 2.25e+05  |
|    n_updates            | 1980      |
|    policy_gradient_loss | 3.91e-09  |
|    value_loss           | 4.75e+05  |
---------------------------------------
---------------------------------------
| rollout/                |           |
|    ep_len_mean          | 54.4      |
|    ep_rew_mean          | 1.52e+03  |
| time/                   |           |
|    fps                  | 180       |
|    iterations           | 398       |
|    time_elapsed         | 1128      |
|    total_timesteps      | 203776    |
| train/                  |           |
|    approx_kl            | 0.0       |
|    clip_fraction        | 0         |
|    clip_range           | 0.2       |
|    entropy_loss         | -0.000682 |
|    explained_variance   | 5.96e-08  |
|    learning_rate        | 0.0003    |
|    loss                 | 2.09e+05  |
|    n_updates            | 1985      |
|    policy_gradient_loss | -7.4e-09  |
|    value_loss           | 4.59e+05  |
---------------------------------------
---------------------------------------
| rollout/                |           |
|    ep_len_mean          | 53.3      |
|    ep_rew_mean          | 1.51e+03  |
| time/                   |           |
|    fps                  | 180       |
|    iterations           | 399       |
|    time_elapsed         | 1132      |
|    total_timesteps      | 204288    |
| train/                  |           |
|    approx_kl            | 0.0       |
|    clip_fraction        | 0         |
|    clip_range           | 0.2       |
|    entropy_loss         | -0.000654 |
|    explained_variance   | -1.19e-07 |
|    learning_rate        | 0.0003    |
|    loss                 | 2.26e+05  |
|    n_updates            | 1990      |
|    policy_gradient_loss | 3.54e-09  |
|    value_loss           | 4.2e+05   |
---------------------------------------
---------------------------------------
| rollout/                |           |
|    ep_len_mean          | 55.1      |
|    ep_rew_mean          | 1.48e+03  |
| time/                   |           |
|    fps                  | 180       |
|    iterations           | 400       |
|    time_elapsed         | 1135      |
|    total_timesteps      | 204800    |
| train/                  |           |
|    approx_kl            | 0.0       |
|    clip_fraction        | 0         |
|    clip_range           | 0.2       |
|    entropy_loss         | -0.000615 |
|    explained_variance   | 1.19e-07  |
|    learning_rate        | 0.0003    |
|    loss                 | 5.78e+04  |
|    n_updates            | 1995      |
|    policy_gradient_loss | -5.66e-09 |
|    value_loss           | 1.63e+05  |
---------------------------------------
---------------------------------------
| rollout/                |           |
|    ep_len_mean          | 59.7      |
|    ep_rew_mean          | 1.47e+03  |
| time/                   |           |
|    fps                  | 180       |
|    iterations           | 401       |
|    time_elapsed         | 1138      |
|    total_timesteps      | 205312    |
| train/                  |           |
|    approx_kl            | 0.0       |
|    clip_fraction        | 0         |
|    clip_range           | 0.2       |
|    entropy_loss         | -0.000595 |
|    explained_variance   | 0         |
|    learning_rate        | 0.0003    |
|    loss                 | 8.11e+04  |
|    n_updates            | 2000      |
|    policy_gradient_loss | 3.73e-09  |
|    value_loss           | 1.64e+05  |
---------------------------------------
---------------------------------------
| rollout/                |           |
|    ep_len_mean          | 59.2      |
|    ep_rew_mean          | 1.56e+03  |
| time/                   |           |
|    fps                  | 180       |
|    iterations           | 402       |
|    time_elapsed         | 1141      |
|    total_timesteps      | 205824    |
| train/                  |           |
|    approx_kl            | 0.0       |
|    clip_fraction        | 0         |
|    clip_range           | 0.2       |
|    entropy_loss         | -0.000617 |
|    explained_variance   | -1.19e-07 |
|    learning_rate        | 0.0003    |
|    loss                 | 9e+04     |
|    n_updates            | 2005      |
|    policy_gradient_loss | -3.75e-09 |
|    value_loss           | 1.93e+05  |
---------------------------------------
---------------------------------------
| rollout/                |           |
|    ep_len_mean          | 54        |
|    ep_rew_mean          | 1.41e+03  |
| time/                   |           |
|    fps                  | 180       |
|    iterations           | 403       |
|    time_elapsed         | 1144      |
|    total_timesteps      | 206336    |
| train/                  |           |
|    approx_kl            | 0.0       |
|    clip_fraction        | 0         |
|    clip_range           | 0.2       |
|    entropy_loss         | -0.000657 |
|    explained_variance   | 0         |
|    learning_rate        | 0.0003    |
|    loss                 | 1.4e+05   |
|    n_updates            | 2010      |
|    policy_gradient_loss | -6.92e-09 |
|    value_loss           | 2.6e+05   |
---------------------------------------
---------------------------------------
| rollout/                |           |
|    ep_len_mean          | 52.5      |
|    ep_rew_mean          | 1.34e+03  |
| time/                   |           |
|    fps                  | 180       |
|    iterations           | 404       |
|    time_elapsed         | 1147      |
|    total_timesteps      | 206848    |
| train/                  |           |
|    approx_kl            | 0.0       |
|    clip_fraction        | 0         |
|    clip_range           | 0.2       |
|    entropy_loss         | -0.000617 |
|    explained_variance   | 0         |
|    learning_rate        | 0.0003    |
|    loss                 | 1.18e+05  |
|    n_updates            | 2015      |
|    policy_gradient_loss | -1.09e-09 |
|    value_loss           | 2.65e+05  |
---------------------------------------
---------------------------------------
| rollout/                |           |
|    ep_len_mean          | 56.6      |
|    ep_rew_mean          | 1.52e+03  |
| time/                   |           |
|    fps                  | 180       |
|    iterations           | 405       |
|    time_elapsed         | 1150      |
|    total_timesteps      | 207360    |
| train/                  |           |
|    approx_kl            | 0.0       |
|    clip_fraction        | 0         |
|    clip_range           | 0.2       |
|    entropy_loss         | -0.000652 |
|    explained_variance   | -1.19e-07 |
|    learning_rate        | 0.0003    |
|    loss                 | 2.04e+05  |
|    n_updates            | 2020      |
|    policy_gradient_loss | -8.89e-09 |
|    value_loss           | 3.08e+05  |
---------------------------------------
---------------------------------------
| rollout/                |           |
|    ep_len_mean          | 55.5      |
|    ep_rew_mean          | 1.51e+03  |
| time/                   |           |
|    fps                  | 180       |
|    iterations           | 406       |
|    time_elapsed         | 1153      |
|    total_timesteps      | 207872    |
| train/                  |           |
|    approx_kl            | 0.0       |
|    clip_fraction        | 0         |
|    clip_range           | 0.2       |
|    entropy_loss         | -0.000653 |
|    explained_variance   | 1.19e-07  |
|    learning_rate        | 0.0003    |
|    loss                 | 1.71e+05  |
|    n_updates            | 2025      |
|    policy_gradient_loss | -1.19e-08 |
|    value_loss           | 3.74e+05  |
---------------------------------------
---------------------------------------
| rollout/                |           |
|    ep_len_mean          | 58.9      |
|    ep_rew_mean          | 1.57e+03  |
| time/                   |           |
|    fps                  | 180       |
|    iterations           | 407       |
|    time_elapsed         | 1156      |
|    total_timesteps      | 208384    |
| train/                  |           |
|    approx_kl            | 0.0       |
|    clip_fraction        | 0         |
|    clip_range           | 0.2       |
|    entropy_loss         | -0.000623 |
|    explained_variance   | 0         |
|    learning_rate        | 0.0003    |
|    loss                 | 1.13e+05  |
|    n_updates            | 2030      |
|    policy_gradient_loss | 1.21e-09  |
|    value_loss           | 2.45e+05  |
---------------------------------------
--------------------------------------
| rollout/                |          |
|    ep_len_mean          | 47.3     |
|    ep_rew_mean          | 1.1e+03  |
| time/                   |          |
|    fps                  | 180      |
|    iterations           | 408      |
|    time_elapsed         | 1159     |
|    total_timesteps      | 208896   |
| train/                  |          |
|    approx_kl            | 0.0      |
|    clip_fraction        | 0        |
|    clip_range           | 0.2      |
|    entropy_loss         | -0.00066 |
|    explained_variance   | 1.19e-07 |
|    learning_rate        | 0.0003   |
|    loss                 | 1.67e+05 |
|    n_updates            | 2035     |
|    policy_gradient_loss | 3.35e-09 |
|    value_loss           | 2.44e+05 |
--------------------------------------
---------------------------------------
| rollout/                |           |
|    ep_len_mean          | 47.2      |
|    ep_rew_mean          | 1.07e+03  |
| time/                   |           |
|    fps                  | 180       |
|    iterations           | 409       |
|    time_elapsed         | 1162      |
|    total_timesteps      | 209408    |
| train/                  |           |
|    approx_kl            | 0.0       |
|    clip_fraction        | 0         |
|    clip_range           | 0.2       |
|    entropy_loss         | -0.000613 |
|    explained_variance   | -1.19e-07 |
|    learning_rate        | 0.0003    |
|    loss                 | 5.16e+04  |
|    n_updates            | 2040      |
|    policy_gradient_loss | 2.37e-09  |
|    value_loss           | 1.35e+05  |
---------------------------------------
---------------------------------------
| rollout/                |           |
|    ep_len_mean          | 50.4      |
|    ep_rew_mean          | 1.27e+03  |
| time/                   |           |
|    fps                  | 180       |
|    iterations           | 410       |
|    time_elapsed         | 1165      |
|    total_timesteps      | 209920    |
| train/                  |           |
|    approx_kl            | 0.0       |
|    clip_fraction        | 0         |
|    clip_range           | 0.2       |
|    entropy_loss         | -0.000689 |
|    explained_variance   | 1.79e-07  |
|    learning_rate        | 0.0003    |
|    loss                 | 1.97e+05  |
|    n_updates            | 2045      |
|    policy_gradient_loss | -4.33e-09 |
|    value_loss           | 5.02e+05  |
---------------------------------------
---------------------------------------
| rollout/                |           |
|    ep_len_mean          | 46.7      |
|    ep_rew_mean          | 1.23e+03  |
| time/                   |           |
|    fps                  | 180       |
|    iterations           | 411       |
|    time_elapsed         | 1168      |
|    total_timesteps      | 210432    |
| train/                  |           |
|    approx_kl            | 0.0       |
|    clip_fraction        | 0         |
|    clip_range           | 0.2       |
|    entropy_loss         | -0.000593 |
|    explained_variance   | 0         |
|    learning_rate        | 0.0003    |
|    loss                 | 1.02e+05  |
|    n_updates            | 2050      |
|    policy_gradient_loss | -1.44e-09 |
|    value_loss           | 2e+05     |
---------------------------------------
---------------------------------------
| rollout/                |           |
|    ep_len_mean          | 46        |
|    ep_rew_mean          | 1.18e+03  |
| time/                   |           |
|    fps                  | 180       |
|    iterations           | 412       |
|    time_elapsed         | 1171      |
|    total_timesteps      | 210944    |
| train/                  |           |
|    approx_kl            | 0.0       |
|    clip_fraction        | 0         |
|    clip_range           | 0.2       |
|    entropy_loss         | -0.000638 |
|    explained_variance   | 0         |
|    learning_rate        | 0.0003    |
|    loss                 | 1.51e+05  |
|    n_updates            | 2055      |
|    policy_gradient_loss | -2.37e-09 |
|    value_loss           | 2.38e+05  |
---------------------------------------
---------------------------------------
| rollout/                |           |
|    ep_len_mean          | 48.6      |
|    ep_rew_mean          | 1.2e+03   |
| time/                   |           |
|    fps                  | 179       |
|    iterations           | 413       |
|    time_elapsed         | 1174      |
|    total_timesteps      | 211456    |
| train/                  |           |
|    approx_kl            | 0.0       |
|    clip_fraction        | 0         |
|    clip_range           | 0.2       |
|    entropy_loss         | -0.000605 |
|    explained_variance   | 1.19e-07  |
|    learning_rate        | 0.0003    |
|    loss                 | 1.06e+05  |
|    n_updates            | 2060      |
|    policy_gradient_loss | 1.63e-10  |
|    value_loss           | 2.82e+05  |
---------------------------------------
---------------------------------------
| rollout/                |           |
|    ep_len_mean          | 42.3      |
|    ep_rew_mean          | 864       |
| time/                   |           |
|    fps                  | 179       |
|    iterations           | 414       |
|    time_elapsed         | 1177      |
|    total_timesteps      | 211968    |
| train/                  |           |
|    approx_kl            | 0.0       |
|    clip_fraction        | 0         |
|    clip_range           | 0.2       |
|    entropy_loss         | -0.000575 |
|    explained_variance   | 0         |
|    learning_rate        | 0.0003    |
|    loss                 | 1.12e+05  |
|    n_updates            | 2065      |
|    policy_gradient_loss | -3.53e-09 |
|    value_loss           | 1.78e+05  |
---------------------------------------
---------------------------------------
| rollout/                |           |
|    ep_len_mean          | 48.1      |
|    ep_rew_mean          | 1.06e+03  |
| time/                   |           |
|    fps                  | 180       |
|    iterations           | 415       |
|    time_elapsed         | 1179      |
|    total_timesteps      | 212480    |
| train/                  |           |
|    approx_kl            | 0.0       |
|    clip_fraction        | 0         |
|    clip_range           | 0.2       |
|    entropy_loss         | -0.000629 |
|    explained_variance   | 0         |
|    learning_rate        | 0.0003    |
|    loss                 | 1.03e+05  |
|    n_updates            | 2070      |
|    policy_gradient_loss | 5.45e-09  |
|    value_loss           | 2.03e+05  |
---------------------------------------
---------------------------------------
| rollout/                |           |
|    ep_len_mean          | 43.3      |
|    ep_rew_mean          | 930       |
| time/                   |           |
|    fps                  | 180       |
|    iterations           | 416       |
|    time_elapsed         | 1181      |
|    total_timesteps      | 212992    |
| train/                  |           |
|    approx_kl            | 0.0       |
|    clip_fraction        | 0         |
|    clip_range           | 0.2       |
|    entropy_loss         | -0.000649 |
|    explained_variance   | -1.19e-07 |
|    learning_rate        | 0.0003    |
|    loss                 | 1.15e+05  |
|    n_updates            | 2075      |
|    policy_gradient_loss | -8.48e-09 |
|    value_loss           | 2.58e+05  |
---------------------------------------
---------------------------------------
| rollout/                |           |
|    ep_len_mean          | 45.7      |
|    ep_rew_mean          | 1e+03     |
| time/                   |           |
|    fps                  | 180       |
|    iterations           | 417       |
|    time_elapsed         | 1183      |
|    total_timesteps      | 213504    |
| train/                  |           |
|    approx_kl            | 0.0       |
|    clip_fraction        | 0         |
|    clip_range           | 0.2       |
|    entropy_loss         | -0.000569 |
|    explained_variance   | 0         |
|    learning_rate        | 0.0003    |
|    loss                 | 1.06e+05  |
|    n_updates            | 2080      |
|    policy_gradient_loss | -3.73e-10 |
|    value_loss           | 2.16e+05  |
---------------------------------------
---------------------------------------
| rollout/                |           |
|    ep_len_mean          | 45.7      |
|    ep_rew_mean          | 1e+03     |
| time/                   |           |
|    fps                  | 180       |
|    iterations           | 418       |
|    time_elapsed         | 1185      |
|    total_timesteps      | 214016    |
| train/                  |           |
|    approx_kl            | 0.0       |
|    clip_fraction        | 0         |
|    clip_range           | 0.2       |
|    entropy_loss         | -0.000604 |
|    explained_variance   | -1.19e-07 |
|    learning_rate        | 0.0003    |
|    loss                 | 1e+05     |
|    n_updates            | 2085      |
|    policy_gradient_loss | 1.12e-09  |
|    value_loss           | 2.11e+05  |
---------------------------------------
---------------------------------------
| rollout/                |           |
|    ep_len_mean          | 49.8      |
|    ep_rew_mean          | 1.22e+03  |
| time/                   |           |
|    fps                  | 180       |
|    iterations           | 419       |
|    time_elapsed         | 1186      |
|    total_timesteps      | 214528    |
| train/                  |           |
|    approx_kl            | 0.0       |
|    clip_fraction        | 0         |
|    clip_range           | 0.2       |
|    entropy_loss         | -0.000703 |
|    explained_variance   | -1.19e-07 |
|    learning_rate        | 0.0003    |
|    loss                 | 3.49e+05  |
|    n_updates            | 2090      |
|    policy_gradient_loss | -1.96e-09 |
|    value_loss           | 6.85e+05  |
---------------------------------------
---------------------------------------
| rollout/                |           |
|    ep_len_mean          | 51.8      |
|    ep_rew_mean          | 1.4e+03   |
| time/                   |           |
|    fps                  | 180       |
|    iterations           | 420       |
|    time_elapsed         | 1188      |
|    total_timesteps      | 215040    |
| train/                  |           |
|    approx_kl            | 0.0       |
|    clip_fraction        | 0         |
|    clip_range           | 0.2       |
|    entropy_loss         | -0.000666 |
|    explained_variance   | 0         |
|    learning_rate        | 0.0003    |
|    loss                 | 1.06e+05  |
|    n_updates            | 2095      |
|    policy_gradient_loss | 5.61e-09  |
|    value_loss           | 2.3e+05   |
---------------------------------------
---------------------------------------
| rollout/                |           |
|    ep_len_mean          | 51.9      |
|    ep_rew_mean          | 1.36e+03  |
| time/                   |           |
|    fps                  | 181       |
|    iterations           | 421       |
|    time_elapsed         | 1190      |
|    total_timesteps      | 215552    |
| train/                  |           |
|    approx_kl            | 0.0       |
|    clip_fraction        | 0         |
|    clip_range           | 0.2       |
|    entropy_loss         | -0.000672 |
|    explained_variance   | 0         |
|    learning_rate        | 0.0003    |
|    loss                 | 2.41e+05  |
|    n_updates            | 2100      |
|    policy_gradient_loss | 4.66e-10  |
|    value_loss           | 4.74e+05  |
---------------------------------------
---------------------------------------
| rollout/                |           |
|    ep_len_mean          | 59.2      |
|    ep_rew_mean          | 1.58e+03  |
| time/                   |           |
|    fps                  | 181       |
|    iterations           | 422       |
|    time_elapsed         | 1191      |
|    total_timesteps      | 216064    |
| train/                  |           |
|    approx_kl            | 0.0       |
|    clip_fraction        | 0         |
|    clip_range           | 0.2       |
|    entropy_loss         | -0.000679 |
|    explained_variance   | 0         |
|    learning_rate        | 0.0003    |
|    loss                 | 2.56e+05  |
|    n_updates            | 2105      |
|    policy_gradient_loss | -7.05e-09 |
|    value_loss           | 4.78e+05  |
---------------------------------------
---------------------------------------
| rollout/                |           |
|    ep_len_mean          | 56.6      |
|    ep_rew_mean          | 1.55e+03  |
| time/                   |           |
|    fps                  | 181       |
|    iterations           | 423       |
|    time_elapsed         | 1193      |
|    total_timesteps      | 216576    |
| train/                  |           |
|    approx_kl            | 0.0       |
|    clip_fraction        | 0         |
|    clip_range           | 0.2       |
|    entropy_loss         | -0.000647 |
|    explained_variance   | 0         |
|    learning_rate        | 0.0003    |
|    loss                 | 1.38e+05  |
|    n_updates            | 2110      |
|    policy_gradient_loss | -4.77e-09 |
|    value_loss           | 2.64e+05  |
---------------------------------------
---------------------------------------
| rollout/                |           |
|    ep_len_mean          | 52.6      |
|    ep_rew_mean          | 1.53e+03  |
| time/                   |           |
|    fps                  | 181       |
|    iterations           | 424       |
|    time_elapsed         | 1195      |
|    total_timesteps      | 217088    |
| train/                  |           |
|    approx_kl            | 0.0       |
|    clip_fraction        | 0         |
|    clip_range           | 0.2       |
|    entropy_loss         | -0.000592 |
|    explained_variance   | 0         |
|    learning_rate        | 0.0003    |
|    loss                 | 5.86e+04  |
|    n_updates            | 2115      |
|    policy_gradient_loss | 3.61e-09  |
|    value_loss           | 1.22e+05  |
---------------------------------------
---------------------------------------
| rollout/                |           |
|    ep_len_mean          | 51        |
|    ep_rew_mean          | 1.48e+03  |
| time/                   |           |
|    fps                  | 181       |
|    iterations           | 425       |
|    time_elapsed         | 1196      |
|    total_timesteps      | 217600    |
| train/                  |           |
|    approx_kl            | 0.0       |
|    clip_fraction        | 0         |
|    clip_range           | 0.2       |
|    entropy_loss         | -0.000605 |
|    explained_variance   | 0         |
|    learning_rate        | 0.0003    |
|    loss                 | 1.55e+05  |
|    n_updates            | 2120      |
|    policy_gradient_loss | 1.12e-09  |
|    value_loss           | 2.74e+05  |
---------------------------------------
---------------------------------------
| rollout/                |           |
|    ep_len_mean          | 52.3      |
|    ep_rew_mean          | 1.55e+03  |
| time/                   |           |
|    fps                  | 181       |
|    iterations           | 426       |
|    time_elapsed         | 1198      |
|    total_timesteps      | 218112    |
| train/                  |           |
|    approx_kl            | 0.0       |
|    clip_fraction        | 0         |
|    clip_range           | 0.2       |
|    entropy_loss         | -0.000612 |
|    explained_variance   | 0         |
|    learning_rate        | 0.0003    |
|    loss                 | 6.85e+04  |
|    n_updates            | 2125      |
|    policy_gradient_loss | 1.36e-08  |
|    value_loss           | 1.55e+05  |
---------------------------------------
---------------------------------------
| rollout/                |           |
|    ep_len_mean          | 54.9      |
|    ep_rew_mean          | 1.63e+03  |
| time/                   |           |
|    fps                  | 182       |
|    iterations           | 427       |
|    time_elapsed         | 1200      |
|    total_timesteps      | 218624    |
| train/                  |           |
|    approx_kl            | 0.0       |
|    clip_fraction        | 0         |
|    clip_range           | 0.2       |
|    entropy_loss         | -0.00061  |
|    explained_variance   | -1.19e-07 |
|    learning_rate        | 0.0003    |
|    loss                 | 8.28e+04  |
|    n_updates            | 2130      |
|    policy_gradient_loss | 3.91e-09  |
|    value_loss           | 1.75e+05  |
---------------------------------------
---------------------------------------
| rollout/                |           |
|    ep_len_mean          | 40.4      |
|    ep_rew_mean          | 1.07e+03  |
| time/                   |           |
|    fps                  | 182       |
|    iterations           | 428       |
|    time_elapsed         | 1201      |
|    total_timesteps      | 219136    |
| train/                  |           |
|    approx_kl            | 0.0       |
|    clip_fraction        | 0         |
|    clip_range           | 0.2       |
|    entropy_loss         | -0.000624 |
|    explained_variance   | 0         |
|    learning_rate        | 0.0003    |
|    loss                 | 1.2e+05   |
|    n_updates            | 2135      |
|    policy_gradient_loss | -7.68e-10 |
|    value_loss           | 2.48e+05  |
---------------------------------------
---------------------------------------
| rollout/                |           |
|    ep_len_mean          | 33.1      |
|    ep_rew_mean          | 834       |
| time/                   |           |
|    fps                  | 182       |
|    iterations           | 429       |
|    time_elapsed         | 1203      |
|    total_timesteps      | 219648    |
| train/                  |           |
|    approx_kl            | 0.0       |
|    clip_fraction        | 0         |
|    clip_range           | 0.2       |
|    entropy_loss         | -0.000609 |
|    explained_variance   | 0         |
|    learning_rate        | 0.0003    |
|    loss                 | 6.01e+04  |
|    n_updates            | 2140      |
|    policy_gradient_loss | 1.12e-09  |
|    value_loss           | 1.2e+05   |
---------------------------------------
---------------------------------------
| rollout/                |           |
|    ep_len_mean          | 37.4      |
|    ep_rew_mean          | 900       |
| time/                   |           |
|    fps                  | 182       |
|    iterations           | 430       |
|    time_elapsed         | 1204      |
|    total_timesteps      | 220160    |
| train/                  |           |
|    approx_kl            | 0.0       |
|    clip_fraction        | 0         |
|    clip_range           | 0.2       |
|    entropy_loss         | -0.000569 |
|    explained_variance   | 0         |
|    learning_rate        | 0.0003    |
|    loss                 | 1.08e+05  |
|    n_updates            | 2145      |
|    policy_gradient_loss | -7.45e-10 |
|    value_loss           | 2.68e+05  |
---------------------------------------
---------------------------------------
| rollout/                |           |
|    ep_len_mean          | 37.4      |
|    ep_rew_mean          | 900       |
| time/                   |           |
|    fps                  | 182       |
|    iterations           | 431       |
|    time_elapsed         | 1206      |
|    total_timesteps      | 220672    |
| train/                  |           |
|    approx_kl            | 0.0       |
|    clip_fraction        | 0         |
|    clip_range           | 0.2       |
|    entropy_loss         | -0.000628 |
|    explained_variance   | -1.19e-07 |
|    learning_rate        | 0.0003    |
|    loss                 | 1.65e+05  |
|    n_updates            | 2150      |
|    policy_gradient_loss | -5.59e-10 |
|    value_loss           | 2.59e+05  |
---------------------------------------
---------------------------------------
| rollout/                |           |
|    ep_len_mean          | 43.5      |
|    ep_rew_mean          | 1.21e+03  |
| time/                   |           |
|    fps                  | 183       |
|    iterations           | 432       |
|    time_elapsed         | 1208      |
|    total_timesteps      | 221184    |
| train/                  |           |
|    approx_kl            | 0.0       |
|    clip_fraction        | 0         |
|    clip_range           | 0.2       |
|    entropy_loss         | -0.000699 |
|    explained_variance   | 1.19e-07  |
|    learning_rate        | 0.0003    |
|    loss                 | 2.73e+05  |
|    n_updates            | 2155      |
|    policy_gradient_loss | 3.21e-08  |
|    value_loss           | 5.91e+05  |
---------------------------------------
---------------------------------------
| rollout/                |           |
|    ep_len_mean          | 47.7      |
|    ep_rew_mean          | 1.25e+03  |
| time/                   |           |
|    fps                  | 183       |
|    iterations           | 433       |
|    time_elapsed         | 1209      |
|    total_timesteps      | 221696    |
| train/                  |           |
|    approx_kl            | 0.0       |
|    clip_fraction        | 0         |
|    clip_range           | 0.2       |
|    entropy_loss         | -0.000596 |
|    explained_variance   | -1.19e-07 |
|    learning_rate        | 0.0003    |
|    loss                 | 1.08e+05  |
|    n_updates            | 2160      |
|    policy_gradient_loss | 3.96e-09  |
|    value_loss           | 2.13e+05  |
---------------------------------------
---------------------------------------
| rollout/                |           |
|    ep_len_mean          | 49.7      |
|    ep_rew_mean          | 1.23e+03  |
| time/                   |           |
|    fps                  | 183       |
|    iterations           | 434       |
|    time_elapsed         | 1211      |
|    total_timesteps      | 222208    |
| train/                  |           |
|    approx_kl            | 0.0       |
|    clip_fraction        | 0         |
|    clip_range           | 0.2       |
|    entropy_loss         | -0.000618 |
|    explained_variance   | 0         |
|    learning_rate        | 0.0003    |
|    loss                 | 1.49e+05  |
|    n_updates            | 2165      |
|    policy_gradient_loss | 7.45e-10  |
|    value_loss           | 2.97e+05  |
---------------------------------------
---------------------------------------
| rollout/                |           |
|    ep_len_mean          | 48.8      |
|    ep_rew_mean          | 1.2e+03   |
| time/                   |           |
|    fps                  | 183       |
|    iterations           | 435       |
|    time_elapsed         | 1213      |
|    total_timesteps      | 222720    |
| train/                  |           |
|    approx_kl            | 0.0       |
|    clip_fraction        | 0         |
|    clip_range           | 0.2       |
|    entropy_loss         | -0.00064  |
|    explained_variance   | -1.19e-07 |
|    learning_rate        | 0.0003    |
|    loss                 | 1.67e+05  |
|    n_updates            | 2170      |
|    policy_gradient_loss | 1.19e-09  |
|    value_loss           | 3.02e+05  |
---------------------------------------
---------------------------------------
| rollout/                |           |
|    ep_len_mean          | 57.3      |
|    ep_rew_mean          | 1.59e+03  |
| time/                   |           |
|    fps                  | 183       |
|    iterations           | 436       |
|    time_elapsed         | 1214      |
|    total_timesteps      | 223232    |
| train/                  |           |
|    approx_kl            | 0.0       |
|    clip_fraction        | 0         |
|    clip_range           | 0.2       |
|    entropy_loss         | -0.000691 |
|    explained_variance   | 0         |
|    learning_rate        | 0.0003    |
|    loss                 | 2.98e+05  |
|    n_updates            | 2175      |
|    policy_gradient_loss | -1.12e-09 |
|    value_loss           | 5.52e+05  |
---------------------------------------
---------------------------------------
| rollout/                |           |
|    ep_len_mean          | 58.9      |
|    ep_rew_mean          | 1.57e+03  |
| time/                   |           |
|    fps                  | 183       |
|    iterations           | 437       |
|    time_elapsed         | 1216      |
|    total_timesteps      | 223744    |
| train/                  |           |
|    approx_kl            | 0.0       |
|    clip_fraction        | 0         |
|    clip_range           | 0.2       |
|    entropy_loss         | -0.000691 |
|    explained_variance   | 0         |
|    learning_rate        | 0.0003    |
|    loss                 | 2.72e+05  |
|    n_updates            | 2180      |
|    policy_gradient_loss | -2e-09    |
|    value_loss           | 5.2e+05   |
---------------------------------------
---------------------------------------
| rollout/                |           |
|    ep_len_mean          | 59.9      |
|    ep_rew_mean          | 1.61e+03  |
| time/                   |           |
|    fps                  | 184       |
|    iterations           | 438       |
|    time_elapsed         | 1218      |
|    total_timesteps      | 224256    |
| train/                  |           |
|    approx_kl            | 0.0       |
|    clip_fraction        | 0         |
|    clip_range           | 0.2       |
|    entropy_loss         | -0.000581 |
|    explained_variance   | 0         |
|    learning_rate        | 0.0003    |
|    loss                 | 1.32e+05  |
|    n_updates            | 2185      |
|    policy_gradient_loss | -5.75e-09 |
|    value_loss           | 2.7e+05   |
---------------------------------------
-------------------------------------------
| rollout/                |               |
|    ep_len_mean          | 60.5          |
|    ep_rew_mean          | 1.69e+03      |
| time/                   |               |
|    fps                  | 184           |
|    iterations           | 439           |
|    time_elapsed         | 1219          |
|    total_timesteps      | 224768        |
| train/                  |               |
|    approx_kl            | 1.4144462e-05 |
|    clip_fraction        | 0             |
|    clip_range           | 0.2           |
|    entropy_loss         | -0.000646     |
|    explained_variance   | 0             |
|    learning_rate        | 0.0003        |
|    loss                 | 1.94e+05      |
|    n_updates            | 2190          |
|    policy_gradient_loss | -0.000157     |
|    value_loss           | 3.1e+05       |
-------------------------------------------
------------------------------------------
| rollout/                |              |
|    ep_len_mean          | 62.5         |
|    ep_rew_mean          | 1.7e+03      |
| time/                   |              |
|    fps                  | 184          |
|    iterations           | 440          |
|    time_elapsed         | 1221         |
|    total_timesteps      | 225280       |
| train/                  |              |
|    approx_kl            | 4.858128e-06 |
|    clip_fraction        | 0            |
|    clip_range           | 0.2          |
|    entropy_loss         | -0.000601    |
|    explained_variance   | -1.19e-07    |
|    learning_rate        | 0.0003       |
|    loss                 | 1.88e+05     |
|    n_updates            | 2195         |
|    policy_gradient_loss | -0.000146    |
|    value_loss           | 3.48e+05     |
------------------------------------------
---------------------------------------
| rollout/                |           |
|    ep_len_mean          | 65.6      |
|    ep_rew_mean          | 1.61e+03  |
| time/                   |           |
|    fps                  | 184       |
|    iterations           | 441       |
|    time_elapsed         | 1223      |
|    total_timesteps      | 225792    |
| train/                  |           |
|    approx_kl            | 0.0       |
|    clip_fraction        | 0         |
|    clip_range           | 0.2       |
|    entropy_loss         | -0.000509 |
|    explained_variance   | 0         |
|    learning_rate        | 0.0003    |
|    loss                 | 7.52e+04  |
|    n_updates            | 2200      |
|    policy_gradient_loss | -2.06e-08 |
|    value_loss           | 1.46e+05  |
---------------------------------------
---------------------------------------
| rollout/                |           |
|    ep_len_mean          | 63.4      |
|    ep_rew_mean          | 1.55e+03  |
| time/                   |           |
|    fps                  | 184       |
|    iterations           | 442       |
|    time_elapsed         | 1224      |
|    total_timesteps      | 226304    |
| train/                  |           |
|    approx_kl            | 0.0       |
|    clip_fraction        | 0         |
|    clip_range           | 0.2       |
|    entropy_loss         | -0.000506 |
|    explained_variance   | 0         |
|    learning_rate        | 0.0003    |
|    loss                 | 1.22e+05  |
|    n_updates            | 2205      |
|    policy_gradient_loss | -5.91e-09 |
|    value_loss           | 3.09e+05  |
---------------------------------------
---------------------------------------
| rollout/                |           |
|    ep_len_mean          | 53.6      |
|    ep_rew_mean          | 1.23e+03  |
| time/                   |           |
|    fps                  | 184       |
|    iterations           | 443       |
|    time_elapsed         | 1226      |
|    total_timesteps      | 226816    |
| train/                  |           |
|    approx_kl            | 0.0       |
|    clip_fraction        | 0         |
|    clip_range           | 0.2       |
|    entropy_loss         | -0.000501 |
|    explained_variance   | 0         |
|    learning_rate        | 0.0003    |
|    loss                 | 8e+04     |
|    n_updates            | 2210      |
|    policy_gradient_loss | -1.42e-09 |
|    value_loss           | 1.37e+05  |
---------------------------------------
---------------------------------------
| rollout/                |           |
|    ep_len_mean          | 53.6      |
|    ep_rew_mean          | 1.23e+03  |
| time/                   |           |
|    fps                  | 185       |
|    iterations           | 444       |
|    time_elapsed         | 1227      |
|    total_timesteps      | 227328    |
| train/                  |           |
|    approx_kl            | 0.0       |
|    clip_fraction        | 0         |
|    clip_range           | 0.2       |
|    entropy_loss         | -0.000546 |
|    explained_variance   | 5.96e-08  |
|    learning_rate        | 0.0003    |
|    loss                 | 1.81e+05  |
|    n_updates            | 2215      |
|    policy_gradient_loss | -3.31e-09 |
|    value_loss           | 3.85e+05  |
---------------------------------------
---------------------------------------
| rollout/                |           |
|    ep_len_mean          | 55.4      |
|    ep_rew_mean          | 1.58e+03  |
| time/                   |           |
|    fps                  | 185       |
|    iterations           | 445       |
|    time_elapsed         | 1229      |
|    total_timesteps      | 227840    |
| train/                  |           |
|    approx_kl            | 0.0       |
|    clip_fraction        | 0         |
|    clip_range           | 0.2       |
|    entropy_loss         | -0.000593 |
|    explained_variance   | 0         |
|    learning_rate        | 0.0003    |
|    loss                 | 3.08e+05  |
|    n_updates            | 2220      |
|    policy_gradient_loss | 1.22e-08  |
|    value_loss           | 5.67e+05  |
---------------------------------------
---------------------------------------
| rollout/                |           |
|    ep_len_mean          | 55.4      |
|    ep_rew_mean          | 1.58e+03  |
| time/                   |           |
|    fps                  | 185       |
|    iterations           | 446       |
|    time_elapsed         | 1231      |
|    total_timesteps      | 228352    |
| train/                  |           |
|    approx_kl            | 0.0       |
|    clip_fraction        | 0         |
|    clip_range           | 0.2       |
|    entropy_loss         | -0.000512 |
|    explained_variance   | 0         |
|    learning_rate        | 0.0003    |
|    loss                 | 7.36e+04  |
|    n_updates            | 2225      |
|    policy_gradient_loss | 2.54e-09  |
|    value_loss           | 1.82e+05  |
---------------------------------------
---------------------------------------
| rollout/                |           |
|    ep_len_mean          | 52.8      |
|    ep_rew_mean          | 1.49e+03  |
| time/                   |           |
|    fps                  | 185       |
|    iterations           | 447       |
|    time_elapsed         | 1232      |
|    total_timesteps      | 228864    |
| train/                  |           |
|    approx_kl            | 0.0       |
|    clip_fraction        | 0         |
|    clip_range           | 0.2       |
|    entropy_loss         | -0.000601 |
|    explained_variance   | 0         |
|    learning_rate        | 0.0003    |
|    loss                 | 3.44e+05  |
|    n_updates            | 2230      |
|    policy_gradient_loss | 1.44e-08  |
|    value_loss           | 6.9e+05   |
---------------------------------------
---------------------------------------
| rollout/                |           |
|    ep_len_mean          | 44.4      |
|    ep_rew_mean          | 1.12e+03  |
| time/                   |           |
|    fps                  | 185       |
|    iterations           | 448       |
|    time_elapsed         | 1234      |
|    total_timesteps      | 229376    |
| train/                  |           |
|    approx_kl            | 0.0       |
|    clip_fraction        | 0         |
|    clip_range           | 0.2       |
|    entropy_loss         | -0.000554 |
|    explained_variance   | 0         |
|    learning_rate        | 0.0003    |
|    loss                 | 1.43e+05  |
|    n_updates            | 2235      |
|    policy_gradient_loss | -6.98e-10 |
|    value_loss           | 3.43e+05  |
---------------------------------------
---------------------------------------
| rollout/                |           |
|    ep_len_mean          | 43.5      |
|    ep_rew_mean          | 1.22e+03  |
| time/                   |           |
|    fps                  | 185       |
|    iterations           | 449       |
|    time_elapsed         | 1236      |
|    total_timesteps      | 229888    |
| train/                  |           |
|    approx_kl            | 0.0       |
|    clip_fraction        | 0         |
|    clip_range           | 0.2       |
|    entropy_loss         | -0.000495 |
|    explained_variance   | 0         |
|    learning_rate        | 0.0003    |
|    loss                 | 6.17e+04  |
|    n_updates            | 2240      |
|    policy_gradient_loss | -2.05e-09 |
|    value_loss           | 1.18e+05  |
---------------------------------------
---------------------------------------
| rollout/                |           |
|    ep_len_mean          | 43.9      |
|    ep_rew_mean          | 1.31e+03  |
| time/                   |           |
|    fps                  | 186       |
|    iterations           | 450       |
|    time_elapsed         | 1237      |
|    total_timesteps      | 230400    |
| train/                  |           |
|    approx_kl            | 0.0       |
|    clip_fraction        | 0         |
|    clip_range           | 0.2       |
|    entropy_loss         | -0.00051  |
|    explained_variance   | 0         |
|    learning_rate        | 0.0003    |
|    loss                 | 7.96e+04  |
|    n_updates            | 2245      |
|    policy_gradient_loss | -5.59e-10 |
|    value_loss           | 1.78e+05  |
---------------------------------------
---------------------------------------
| rollout/                |           |
|    ep_len_mean          | 48.6      |
|    ep_rew_mean          | 1.42e+03  |
| time/                   |           |
|    fps                  | 186       |
|    iterations           | 451       |
|    time_elapsed         | 1239      |
|    total_timesteps      | 230912    |
| train/                  |           |
|    approx_kl            | 0.0       |
|    clip_fraction        | 0         |
|    clip_range           | 0.2       |
|    entropy_loss         | -0.000517 |
|    explained_variance   | 0         |
|    learning_rate        | 0.0003    |
|    loss                 | 6.71e+04  |
|    n_updates            | 2250      |
|    policy_gradient_loss | -9.78e-10 |
|    value_loss           | 1.38e+05  |
---------------------------------------
---------------------------------------
| rollout/                |           |
|    ep_len_mean          | 49.1      |
|    ep_rew_mean          | 1.47e+03  |
| time/                   |           |
|    fps                  | 186       |
|    iterations           | 452       |
|    time_elapsed         | 1241      |
|    total_timesteps      | 231424    |
| train/                  |           |
|    approx_kl            | 0.0       |
|    clip_fraction        | 0         |
|    clip_range           | 0.2       |
|    entropy_loss         | -0.000563 |
|    explained_variance   | -1.19e-07 |
|    learning_rate        | 0.0003    |
|    loss                 | 1.79e+05  |
|    n_updates            | 2255      |
|    policy_gradient_loss | 7.31e-09  |
|    value_loss           | 4.1e+05   |
---------------------------------------
---------------------------------------
| rollout/                |           |
|    ep_len_mean          | 55.9      |
|    ep_rew_mean          | 1.77e+03  |
| time/                   |           |
|    fps                  | 186       |
|    iterations           | 453       |
|    time_elapsed         | 1242      |
|    total_timesteps      | 231936    |
| train/                  |           |
|    approx_kl            | 0.0       |
|    clip_fraction        | 0         |
|    clip_range           | 0.2       |
|    entropy_loss         | -0.000597 |
|    explained_variance   | -1.19e-07 |
|    learning_rate        | 0.0003    |
|    loss                 | 2.94e+05  |
|    n_updates            | 2260      |
|    policy_gradient_loss | 1.05e-08  |
|    value_loss           | 5.85e+05  |
---------------------------------------
---------------------------------------
| rollout/                |           |
|    ep_len_mean          | 47.8      |
|    ep_rew_mean          | 1.47e+03  |
| time/                   |           |
|    fps                  | 186       |
|    iterations           | 454       |
|    time_elapsed         | 1244      |
|    total_timesteps      | 232448    |
| train/                  |           |
|    approx_kl            | 0.0       |
|    clip_fraction        | 0         |
|    clip_range           | 0.2       |
|    entropy_loss         | -0.000556 |
|    explained_variance   | 1.19e-07  |
|    learning_rate        | 0.0003    |
|    loss                 | 1.89e+05  |
|    n_updates            | 2265      |
|    policy_gradient_loss | 1.91e-09  |
|    value_loss           | 3.47e+05  |
---------------------------------------
---------------------------------------
| rollout/                |           |
|    ep_len_mean          | 42.5      |
|    ep_rew_mean          | 1.04e+03  |
| time/                   |           |
|    fps                  | 186       |
|    iterations           | 455       |
|    time_elapsed         | 1245      |
|    total_timesteps      | 232960    |
| train/                  |           |
|    approx_kl            | 0.0       |
|    clip_fraction        | 0         |
|    clip_range           | 0.2       |
|    entropy_loss         | -0.000501 |
|    explained_variance   | 0         |
|    learning_rate        | 0.0003    |
|    loss                 | 7.73e+04  |
|    n_updates            | 2270      |
|    policy_gradient_loss | 6.01e-09  |
|    value_loss           | 1.72e+05  |
---------------------------------------
---------------------------------------
| rollout/                |           |
|    ep_len_mean          | 43.3      |
|    ep_rew_mean          | 1.17e+03  |
| time/                   |           |
|    fps                  | 187       |
|    iterations           | 456       |
|    time_elapsed         | 1247      |
|    total_timesteps      | 233472    |
| train/                  |           |
|    approx_kl            | 0.0       |
|    clip_fraction        | 0         |
|    clip_range           | 0.2       |
|    entropy_loss         | -0.000502 |
|    explained_variance   | 0         |
|    learning_rate        | 0.0003    |
|    loss                 | 1.14e+05  |
|    n_updates            | 2275      |
|    policy_gradient_loss | -6.57e-09 |
|    value_loss           | 2.52e+05  |
---------------------------------------
---------------------------------------
| rollout/                |           |
|    ep_len_mean          | 46.2      |
|    ep_rew_mean          | 1.17e+03  |
| time/                   |           |
|    fps                  | 187       |
|    iterations           | 457       |
|    time_elapsed         | 1249      |
|    total_timesteps      | 233984    |
| train/                  |           |
|    approx_kl            | 0.0       |
|    clip_fraction        | 0         |
|    clip_range           | 0.2       |
|    entropy_loss         | -0.000504 |
|    explained_variance   | 1.19e-07  |
|    learning_rate        | 0.0003    |
|    loss                 | 1.32e+05  |
|    n_updates            | 2280      |
|    policy_gradient_loss | 1.57e-09  |
|    value_loss           | 2.2e+05   |
---------------------------------------
---------------------------------------
| rollout/                |           |
|    ep_len_mean          | 48.6      |
|    ep_rew_mean          | 1.23e+03  |
| time/                   |           |
|    fps                  | 187       |
|    iterations           | 458       |
|    time_elapsed         | 1250      |
|    total_timesteps      | 234496    |
| train/                  |           |
|    approx_kl            | 0.0       |
|    clip_fraction        | 0         |
|    clip_range           | 0.2       |
|    entropy_loss         | -0.000489 |
|    explained_variance   | 0         |
|    learning_rate        | 0.0003    |
|    loss                 | 9.31e+04  |
|    n_updates            | 2285      |
|    policy_gradient_loss | -3.26e-09 |
|    value_loss           | 1.82e+05  |
---------------------------------------
---------------------------------------
| rollout/                |           |
|    ep_len_mean          | 47.6      |
|    ep_rew_mean          | 1.2e+03   |
| time/                   |           |
|    fps                  | 187       |
|    iterations           | 459       |
|    time_elapsed         | 1252      |
|    total_timesteps      | 235008    |
| train/                  |           |
|    approx_kl            | 0.0       |
|    clip_fraction        | 0         |
|    clip_range           | 0.2       |
|    entropy_loss         | -0.000571 |
|    explained_variance   | -1.19e-07 |
|    learning_rate        | 0.0003    |
|    loss                 | 1.59e+05  |
|    n_updates            | 2290      |
|    policy_gradient_loss | -2.65e-09 |
|    value_loss           | 3.45e+05  |
---------------------------------------
-------------------------------------------
| rollout/                |               |
|    ep_len_mean          | 35.9          |
|    ep_rew_mean          | 706           |
| time/                   |               |
|    fps                  | 187           |
|    iterations           | 460           |
|    time_elapsed         | 1254          |
|    total_timesteps      | 235520        |
| train/                  |               |
|    approx_kl            | 3.1743897e-05 |
|    clip_fraction        | 0             |
|    clip_range           | 0.2           |
|    entropy_loss         | -0.000457     |
|    explained_variance   | 0             |
|    learning_rate        | 0.0003        |
|    loss                 | 7.01e+04      |
|    n_updates            | 2295          |
|    policy_gradient_loss | -0.00019      |
|    value_loss           | 1.68e+05      |
-------------------------------------------
---------------------------------------
| rollout/                |           |
|    ep_len_mean          | 37.6      |
|    ep_rew_mean          | 631       |
| time/                   |           |
|    fps                  | 187       |
|    iterations           | 461       |
|    time_elapsed         | 1256      |
|    total_timesteps      | 236032    |
| train/                  |           |
|    approx_kl            | 0.0       |
|    clip_fraction        | 0         |
|    clip_range           | 0.2       |
|    entropy_loss         | -0.000387 |
|    explained_variance   | 0         |
|    learning_rate        | 0.0003    |
|    loss                 | 7.76e+04  |
|    n_updates            | 2300      |
|    policy_gradient_loss | -5.88e-08 |
|    value_loss           | 2.16e+05  |
---------------------------------------
---------------------------------------
| rollout/                |           |
|    ep_len_mean          | 37.2      |
|    ep_rew_mean          | 692       |
| time/                   |           |
|    fps                  | 188       |
|    iterations           | 462       |
|    time_elapsed         | 1257      |
|    total_timesteps      | 236544    |
| train/                  |           |
|    approx_kl            | 0.0       |
|    clip_fraction        | 0         |
|    clip_range           | 0.2       |
|    entropy_loss         | -0.000396 |
|    explained_variance   | 1.19e-07  |
|    learning_rate        | 0.0003    |
|    loss                 | 6.76e+04  |
|    n_updates            | 2305      |
|    policy_gradient_loss | -8.31e-09 |
|    value_loss           | 1.4e+05   |
---------------------------------------
---------------------------------------
| rollout/                |           |
|    ep_len_mean          | 38.2      |
|    ep_rew_mean          | 779       |
| time/                   |           |
|    fps                  | 188       |
|    iterations           | 463       |
|    time_elapsed         | 1259      |
|    total_timesteps      | 237056    |
| train/                  |           |
|    approx_kl            | 0.0       |
|    clip_fraction        | 0         |
|    clip_range           | 0.2       |
|    entropy_loss         | -0.000395 |
|    explained_variance   | 0         |
|    learning_rate        | 0.0003    |
|    loss                 | 9.53e+04  |
|    n_updates            | 2310      |
|    policy_gradient_loss | -9.31e-11 |
|    value_loss           | 1.69e+05  |
---------------------------------------
---------------------------------------
| rollout/                |           |
|    ep_len_mean          | 44.8      |
|    ep_rew_mean          | 1.07e+03  |
| time/                   |           |
|    fps                  | 188       |
|    iterations           | 464       |
|    time_elapsed         | 1261      |
|    total_timesteps      | 237568    |
| train/                  |           |
|    approx_kl            | 0.0       |
|    clip_fraction        | 0         |
|    clip_range           | 0.2       |
|    entropy_loss         | -0.000453 |
|    explained_variance   | 0         |
|    learning_rate        | 0.0003    |
|    loss                 | 2.69e+05  |
|    n_updates            | 2315      |
|    policy_gradient_loss | -1.24e-08 |
|    value_loss           | 5.68e+05  |
---------------------------------------
---------------------------------------
| rollout/                |           |
|    ep_len_mean          | 45.1      |
|    ep_rew_mean          | 1.03e+03  |
| time/                   |           |
|    fps                  | 188       |
|    iterations           | 465       |
|    time_elapsed         | 1263      |
|    total_timesteps      | 238080    |
| train/                  |           |
|    approx_kl            | 0.0       |
|    clip_fraction        | 0         |
|    clip_range           | 0.2       |
|    entropy_loss         | -0.000437 |
|    explained_variance   | 0         |
|    learning_rate        | 0.0003    |
|    loss                 | 1.59e+05  |
|    n_updates            | 2320      |
|    policy_gradient_loss | -1.7e-09  |
|    value_loss           | 3.24e+05  |
---------------------------------------
---------------------------------------
| rollout/                |           |
|    ep_len_mean          | 52.4      |
|    ep_rew_mean          | 1.36e+03  |
| time/                   |           |
|    fps                  | 188       |
|    iterations           | 466       |
|    time_elapsed         | 1265      |
|    total_timesteps      | 238592    |
| train/                  |           |
|    approx_kl            | 0.0       |
|    clip_fraction        | 0         |
|    clip_range           | 0.2       |
|    entropy_loss         | -0.000445 |
|    explained_variance   | 0         |
|    learning_rate        | 0.0003    |
|    loss                 | 2.95e+05  |
|    n_updates            | 2325      |
|    policy_gradient_loss | -1.32e-08 |
|    value_loss           | 5.03e+05  |
---------------------------------------
---------------------------------------
| rollout/                |           |
|    ep_len_mean          | 52.4      |
|    ep_rew_mean          | 1.4e+03   |
| time/                   |           |
|    fps                  | 188       |
|    iterations           | 467       |
|    time_elapsed         | 1267      |
|    total_timesteps      | 239104    |
| train/                  |           |
|    approx_kl            | 0.0       |
|    clip_fraction        | 0         |
|    clip_range           | 0.2       |
|    entropy_loss         | -0.000436 |
|    explained_variance   | 0         |
|    learning_rate        | 0.0003    |
|    loss                 | 1.79e+05  |
|    n_updates            | 2330      |
|    policy_gradient_loss | 8.31e-09  |
|    value_loss           | 3.49e+05  |
---------------------------------------
-------------------------------------------
| rollout/                |               |
|    ep_len_mean          | 52.2          |
|    ep_rew_mean          | 1.31e+03      |
| time/                   |               |
|    fps                  | 188           |
|    iterations           | 468           |
|    time_elapsed         | 1268          |
|    total_timesteps      | 239616        |
| train/                  |               |
|    approx_kl            | 1.0807998e-06 |
|    clip_fraction        | 0             |
|    clip_range           | 0.2           |
|    entropy_loss         | -0.0004       |
|    explained_variance   | -1.19e-07     |
|    learning_rate        | 0.0003        |
|    loss                 | 1.18e+05      |
|    n_updates            | 2335          |
|    policy_gradient_loss | -3.48e-05     |
|    value_loss           | 3.32e+05      |
-------------------------------------------
---------------------------------------
| rollout/                |           |
|    ep_len_mean          | 53.6      |
|    ep_rew_mean          | 1.37e+03  |
| time/                   |           |
|    fps                  | 188       |
|    iterations           | 469       |
|    time_elapsed         | 1270      |
|    total_timesteps      | 240128    |
| train/                  |           |
|    approx_kl            | 0.0       |
|    clip_fraction        | 0         |
|    clip_range           | 0.2       |
|    entropy_loss         | -0.000396 |
|    explained_variance   | -1.19e-07 |
|    learning_rate        | 0.0003    |
|    loss                 | 1.85e+05  |
|    n_updates            | 2340      |
|    policy_gradient_loss | -2.91e-08 |
|    value_loss           | 3.74e+05  |
---------------------------------------
---------------------------------------
| rollout/                |           |
|    ep_len_mean          | 52        |
|    ep_rew_mean          | 1.3e+03   |
| time/                   |           |
|    fps                  | 189       |
|    iterations           | 470       |
|    time_elapsed         | 1272      |
|    total_timesteps      | 240640    |
| train/                  |           |
|    approx_kl            | 0.0       |
|    clip_fraction        | 0         |
|    clip_range           | 0.2       |
|    entropy_loss         | -0.000382 |
|    explained_variance   | 1.19e-07  |
|    learning_rate        | 0.0003    |
|    loss                 | 7.17e+04  |
|    n_updates            | 2345      |
|    policy_gradient_loss | 3.59e-09  |
|    value_loss           | 1.28e+05  |
---------------------------------------
---------------------------------------
| rollout/                |           |
|    ep_len_mean          | 54        |
|    ep_rew_mean          | 1.45e+03  |
| time/                   |           |
|    fps                  | 189       |
|    iterations           | 471       |
|    time_elapsed         | 1274      |
|    total_timesteps      | 241152    |
| train/                  |           |
|    approx_kl            | 0.0       |
|    clip_fraction        | 0         |
|    clip_range           | 0.2       |
|    entropy_loss         | -0.000364 |
|    explained_variance   | 0         |
|    learning_rate        | 0.0003    |
|    loss                 | 7.29e+04  |
|    n_updates            | 2350      |
|    policy_gradient_loss | -2.1e-10  |
|    value_loss           | 1.63e+05  |
---------------------------------------
---------------------------------------
| rollout/                |           |
|    ep_len_mean          | 52.9      |
|    ep_rew_mean          | 1.42e+03  |
| time/                   |           |
|    fps                  | 189       |
|    iterations           | 472       |
|    time_elapsed         | 1276      |
|    total_timesteps      | 241664    |
| train/                  |           |
|    approx_kl            | 0.0       |
|    clip_fraction        | 0         |
|    clip_range           | 0.2       |
|    entropy_loss         | -0.000374 |
|    explained_variance   | 0         |
|    learning_rate        | 0.0003    |
|    loss                 | 1.25e+05  |
|    n_updates            | 2355      |
|    policy_gradient_loss | -1.23e-09 |
|    value_loss           | 2.16e+05  |
---------------------------------------
-------------------------------------------
| rollout/                |               |
|    ep_len_mean          | 35.8          |
|    ep_rew_mean          | 725           |
| time/                   |               |
|    fps                  | 189           |
|    iterations           | 473           |
|    time_elapsed         | 1277          |
|    total_timesteps      | 242176        |
| train/                  |               |
|    approx_kl            | 9.6015865e-06 |
|    clip_fraction        | 0             |
|    clip_range           | 0.2           |
|    entropy_loss         | -0.000364     |
|    explained_variance   | -1.19e-07     |
|    learning_rate        | 0.0003        |
|    loss                 | 8.53e+04      |
|    n_updates            | 2360          |
|    policy_gradient_loss | -0.000131     |
|    value_loss           | 1.64e+05      |
-------------------------------------------
---------------------------------------
| rollout/                |           |
|    ep_len_mean          | 37.4      |
|    ep_rew_mean          | 737       |
| time/                   |           |
|    fps                  | 189       |
|    iterations           | 474       |
|    time_elapsed         | 1279      |
|    total_timesteps      | 242688    |
| train/                  |           |
|    approx_kl            | 0.0       |
|    clip_fraction        | 0         |
|    clip_range           | 0.2       |
|    entropy_loss         | -0.000285 |
|    explained_variance   | 0         |
|    learning_rate        | 0.0003    |
|    loss                 | 3.94e+04  |
|    n_updates            | 2365      |
|    policy_gradient_loss | 1.86e-08  |
|    value_loss           | 8.64e+04  |
---------------------------------------
---------------------------------------
| rollout/                |           |
|    ep_len_mean          | 31.2      |
|    ep_rew_mean          | 656       |
| time/                   |           |
|    fps                  | 189       |
|    iterations           | 475       |
|    time_elapsed         | 1280      |
|    total_timesteps      | 243200    |
| train/                  |           |
|    approx_kl            | 0.0       |
|    clip_fraction        | 0         |
|    clip_range           | 0.2       |
|    entropy_loss         | -0.000267 |
|    explained_variance   | 0         |
|    learning_rate        | 0.0003    |
|    loss                 | 7.91e+04  |
|    n_updates            | 2370      |
|    policy_gradient_loss | 2.06e-09  |
|    value_loss           | 1.66e+05  |
---------------------------------------
---------------------------------------
| rollout/                |           |
|    ep_len_mean          | 30.4      |
|    ep_rew_mean          | 759       |
| time/                   |           |
|    fps                  | 190       |
|    iterations           | 476       |
|    time_elapsed         | 1282      |
|    total_timesteps      | 243712    |
| train/                  |           |
|    approx_kl            | 0.0       |
|    clip_fraction        | 0         |
|    clip_range           | 0.2       |
|    entropy_loss         | -0.000278 |
|    explained_variance   | 0         |
|    learning_rate        | 0.0003    |
|    loss                 | 6.47e+04  |
|    n_updates            | 2375      |
|    policy_gradient_loss | -2.65e-09 |
|    value_loss           | 1.11e+05  |
---------------------------------------
---------------------------------------
| rollout/                |           |
|    ep_len_mean          | 30.4      |
|    ep_rew_mean          | 759       |
| time/                   |           |
|    fps                  | 190       |
|    iterations           | 477       |
|    time_elapsed         | 1284      |
|    total_timesteps      | 244224    |
| train/                  |           |
|    approx_kl            | 0.0       |
|    clip_fraction        | 0         |
|    clip_range           | 0.2       |
|    entropy_loss         | -0.000287 |
|    explained_variance   | 0         |
|    learning_rate        | 0.0003    |
|    loss                 | 1.67e+05  |
|    n_updates            | 2380      |
|    policy_gradient_loss | 1.63e-10  |
|    value_loss           | 2.86e+05  |
---------------------------------------
---------------------------------------
| rollout/                |           |
|    ep_len_mean          | 37.3      |
|    ep_rew_mean          | 1.09e+03  |
| time/                   |           |
|    fps                  | 190       |
|    iterations           | 478       |
|    time_elapsed         | 1285      |
|    total_timesteps      | 244736    |
| train/                  |           |
|    approx_kl            | 0.0       |
|    clip_fraction        | 0         |
|    clip_range           | 0.2       |
|    entropy_loss         | -0.000326 |
|    explained_variance   | 0         |
|    learning_rate        | 0.0003    |
|    loss                 | 2.9e+05   |
|    n_updates            | 2385      |
|    policy_gradient_loss | 1.75e-09  |
|    value_loss           | 6.27e+05  |
---------------------------------------
---------------------------------------
| rollout/                |           |
|    ep_len_mean          | 36.8      |
|    ep_rew_mean          | 1.09e+03  |
| time/                   |           |
|    fps                  | 190       |
|    iterations           | 479       |
|    time_elapsed         | 1287      |
|    total_timesteps      | 245248    |
| train/                  |           |
|    approx_kl            | 0.0       |
|    clip_fraction        | 0         |
|    clip_range           | 0.2       |
|    entropy_loss         | -0.000294 |
|    explained_variance   | 0         |
|    learning_rate        | 0.0003    |
|    loss                 | 8.58e+04  |
|    n_updates            | 2390      |
|    policy_gradient_loss | 9.46e-09  |
|    value_loss           | 1.99e+05  |
---------------------------------------
---------------------------------------
| rollout/                |           |
|    ep_len_mean          | 39.5      |
|    ep_rew_mean          | 1.11e+03  |
| time/                   |           |
|    fps                  | 190       |
|    iterations           | 480       |
|    time_elapsed         | 1289      |
|    total_timesteps      | 245760    |
| train/                  |           |
|    approx_kl            | 0.0       |
|    clip_fraction        | 0         |
|    clip_range           | 0.2       |
|    entropy_loss         | -0.000268 |
|    explained_variance   | 0         |
|    learning_rate        | 0.0003    |
|    loss                 | 6.65e+04  |
|    n_updates            | 2395      |
|    policy_gradient_loss | -3.14e-09 |
|    value_loss           | 1.39e+05  |
---------------------------------------
---------------------------------------
| rollout/                |           |
|    ep_len_mean          | 32.2      |
|    ep_rew_mean          | 998       |
| time/                   |           |
|    fps                  | 190       |
|    iterations           | 481       |
|    time_elapsed         | 1291      |
|    total_timesteps      | 246272    |
| train/                  |           |
|    approx_kl            | 0.0       |
|    clip_fraction        | 0         |
|    clip_range           | 0.2       |
|    entropy_loss         | -0.000294 |
|    explained_variance   | -1.19e-07 |
|    learning_rate        | 0.0003    |
|    loss                 | 8.64e+04  |
|    n_updates            | 2400      |
|    policy_gradient_loss | 2.33e-10  |
|    value_loss           | 2.39e+05  |
---------------------------------------
---------------------------------------
| rollout/                |           |
|    ep_len_mean          | 32.1      |
|    ep_rew_mean          | 949       |
| time/                   |           |
|    fps                  | 190       |
|    iterations           | 482       |
|    time_elapsed         | 1292      |
|    total_timesteps      | 246784    |
| train/                  |           |
|    approx_kl            | 0.0       |
|    clip_fraction        | 0         |
|    clip_range           | 0.2       |
|    entropy_loss         | -0.000268 |
|    explained_variance   | 0         |
|    learning_rate        | 0.0003    |
|    loss                 | 5.54e+04  |
|    n_updates            | 2405      |
|    policy_gradient_loss | -2.63e-09 |
|    value_loss           | 1.16e+05  |
---------------------------------------
---------------------------------------
| rollout/                |           |
|    ep_len_mean          | 27.3      |
|    ep_rew_mean          | 638       |
| time/                   |           |
|    fps                  | 191       |
|    iterations           | 483       |
|    time_elapsed         | 1294      |
|    total_timesteps      | 247296    |
| train/                  |           |
|    approx_kl            | 0.0       |
|    clip_fraction        | 0         |
|    clip_range           | 0.2       |
|    entropy_loss         | -0.000279 |
|    explained_variance   | -1.19e-07 |
|    learning_rate        | 0.0003    |
|    loss                 | 5.1e+04   |
|    n_updates            | 2410      |
|    policy_gradient_loss | -8.38e-10 |
|    value_loss           | 9.68e+04  |
---------------------------------------
---------------------------------------
| rollout/                |           |
|    ep_len_mean          | 26.7      |
|    ep_rew_mean          | 623       |
| time/                   |           |
|    fps                  | 191       |
|    iterations           | 484       |
|    time_elapsed         | 1296      |
|    total_timesteps      | 247808    |
| train/                  |           |
|    approx_kl            | 0.0       |
|    clip_fraction        | 0         |
|    clip_range           | 0.2       |
|    entropy_loss         | -0.000278 |
|    explained_variance   | 5.96e-08  |
|    learning_rate        | 0.0003    |
|    loss                 | 1.08e+05  |
|    n_updates            | 2415      |
|    policy_gradient_loss | 5.59e-10  |
|    value_loss           | 2.04e+05  |
---------------------------------------
---------------------------------------
| rollout/                |           |
|    ep_len_mean          | 27        |
|    ep_rew_mean          | 640       |
| time/                   |           |
|    fps                  | 191       |
|    iterations           | 485       |
|    time_elapsed         | 1297      |
|    total_timesteps      | 248320    |
| train/                  |           |
|    approx_kl            | 0.0       |
|    clip_fraction        | 0         |
|    clip_range           | 0.2       |
|    entropy_loss         | -0.000285 |
|    explained_variance   | 0         |
|    learning_rate        | 0.0003    |
|    loss                 | 1.05e+05  |
|    n_updates            | 2420      |
|    policy_gradient_loss | 3.59e-09  |
|    value_loss           | 1.84e+05  |
---------------------------------------
---------------------------------------
| rollout/                |           |
|    ep_len_mean          | 29.3      |
|    ep_rew_mean          | 846       |
| time/                   |           |
|    fps                  | 191       |
|    iterations           | 486       |
|    time_elapsed         | 1299      |
|    total_timesteps      | 248832    |
| train/                  |           |
|    approx_kl            | 0.0       |
|    clip_fraction        | 0         |
|    clip_range           | 0.2       |
|    entropy_loss         | -0.000316 |
|    explained_variance   | 0         |
|    learning_rate        | 0.0003    |
|    loss                 | 2.07e+05  |
|    n_updates            | 2425      |
|    policy_gradient_loss | -2.02e-08 |
|    value_loss           | 4.58e+05  |
---------------------------------------
---------------------------------------
| rollout/                |           |
|    ep_len_mean          | 32.6      |
|    ep_rew_mean          | 874       |
| time/                   |           |
|    fps                  | 191       |
|    iterations           | 487       |
|    time_elapsed         | 1301      |
|    total_timesteps      | 249344    |
| train/                  |           |
|    approx_kl            | 0.0       |
|    clip_fraction        | 0         |
|    clip_range           | 0.2       |
|    entropy_loss         | -0.000288 |
|    explained_variance   | 0         |
|    learning_rate        | 0.0003    |
|    loss                 | 7.37e+04  |
|    n_updates            | 2430      |
|    policy_gradient_loss | -4.24e-09 |
|    value_loss           | 1.5e+05   |
---------------------------------------
---------------------------------------
| rollout/                |           |
|    ep_len_mean          | 38.1      |
|    ep_rew_mean          | 1.1e+03   |
| time/                   |           |
|    fps                  | 191       |
|    iterations           | 488       |
|    time_elapsed         | 1302      |
|    total_timesteps      | 249856    |
| train/                  |           |
|    approx_kl            | 0.0       |
|    clip_fraction        | 0         |
|    clip_range           | 0.2       |
|    entropy_loss         | -0.000275 |
|    explained_variance   | 0         |
|    learning_rate        | 0.0003    |
|    loss                 | 9.31e+04  |
|    n_updates            | 2435      |
|    policy_gradient_loss | 9.66e-10  |
|    value_loss           | 1.7e+05   |
---------------------------------------
---------------------------------------
| rollout/                |           |
|    ep_len_mean          | 40.5      |
|    ep_rew_mean          | 1.13e+03  |
| time/                   |           |
|    fps                  | 191       |
|    iterations           | 489       |
|    time_elapsed         | 1304      |
|    total_timesteps      | 250368    |
| train/                  |           |
|    approx_kl            | 0.0       |
|    clip_fraction        | 0         |
|    clip_range           | 0.2       |
|    entropy_loss         | -0.000309 |
|    explained_variance   | 0         |
|    learning_rate        | 0.0003    |
|    loss                 | 2.32e+05  |
|    n_updates            | 2440      |
|    policy_gradient_loss | -2.33e-10 |
|    value_loss           | 4.64e+05  |
---------------------------------------
---------------------------------------
| rollout/                |           |
|    ep_len_mean          | 41.8      |
|    ep_rew_mean          | 1.23e+03  |
| time/                   |           |
|    fps                  | 192       |
|    iterations           | 490       |
|    time_elapsed         | 1306      |
|    total_timesteps      | 250880    |
| train/                  |           |
|    approx_kl            | 0.0       |
|    clip_fraction        | 0         |
|    clip_range           | 0.2       |
|    entropy_loss         | -0.000277 |
|    explained_variance   | -1.19e-07 |
|    learning_rate        | 0.0003    |
|    loss                 | 4.89e+04  |
|    n_updates            | 2445      |
|    policy_gradient_loss | -4.66e-11 |
|    value_loss           | 1.11e+05  |
---------------------------------------
---------------------------------------
| rollout/                |           |
|    ep_len_mean          | 38.9      |
|    ep_rew_mean          | 1.13e+03  |
| time/                   |           |
|    fps                  | 192       |
|    iterations           | 491       |
|    time_elapsed         | 1307      |
|    total_timesteps      | 251392    |
| train/                  |           |
|    approx_kl            | 0.0       |
|    clip_fraction        | 0         |
|    clip_range           | 0.2       |
|    entropy_loss         | -0.000282 |
|    explained_variance   | 0         |
|    learning_rate        | 0.0003    |
|    loss                 | 1.23e+05  |
|    n_updates            | 2450      |
|    policy_gradient_loss | 2.1e-10   |
|    value_loss           | 2.39e+05  |
---------------------------------------
---------------------------------------
| rollout/                |           |
|    ep_len_mean          | 43.5      |
|    ep_rew_mean          | 1.31e+03  |
| time/                   |           |
|    fps                  | 192       |
|    iterations           | 492       |
|    time_elapsed         | 1309      |
|    total_timesteps      | 251904    |
| train/                  |           |
|    approx_kl            | 0.0       |
|    clip_fraction        | 0         |
|    clip_range           | 0.2       |
|    entropy_loss         | -0.000279 |
|    explained_variance   | 0         |
|    learning_rate        | 0.0003    |
|    loss                 | 6.32e+04  |
|    n_updates            | 2455      |
|    policy_gradient_loss | 1.3e-09   |
|    value_loss           | 1.83e+05  |
---------------------------------------
---------------------------------------
| rollout/                |           |
|    ep_len_mean          | 42.7      |
|    ep_rew_mean          | 1.27e+03  |
| time/                   |           |
|    fps                  | 192       |
|    iterations           | 493       |
|    time_elapsed         | 1311      |
|    total_timesteps      | 252416    |
| train/                  |           |
|    approx_kl            | 0.0       |
|    clip_fraction        | 0         |
|    clip_range           | 0.2       |
|    entropy_loss         | -0.000318 |
|    explained_variance   | 0         |
|    learning_rate        | 0.0003    |
|    loss                 | 2.3e+05   |
|    n_updates            | 2460      |
|    policy_gradient_loss | 2.67e-08  |
|    value_loss           | 4.63e+05  |
---------------------------------------
---------------------------------------
| rollout/                |           |
|    ep_len_mean          | 44.1      |
|    ep_rew_mean          | 1.29e+03  |
| time/                   |           |
|    fps                  | 192       |
|    iterations           | 494       |
|    time_elapsed         | 1313      |
|    total_timesteps      | 252928    |
| train/                  |           |
|    approx_kl            | 0.0       |
|    clip_fraction        | 0         |
|    clip_range           | 0.2       |
|    entropy_loss         | -0.000311 |
|    explained_variance   | 5.96e-08  |
|    learning_rate        | 0.0003    |
|    loss                 | 2.28e+05  |
|    n_updates            | 2465      |
|    policy_gradient_loss | 3.73e-09  |
|    value_loss           | 4.79e+05  |
---------------------------------------
--------------------------------------
| rollout/                |          |
|    ep_len_mean          | 44.8     |
|    ep_rew_mean          | 1.37e+03 |
| time/                   |          |
|    fps                  | 192      |
|    iterations           | 495      |
|    time_elapsed         | 1314     |
|    total_timesteps      | 253440   |
| train/                  |          |
|    approx_kl            | 0.0      |
|    clip_fraction        | 0        |
|    clip_range           | 0.2      |
|    entropy_loss         | -0.00031 |
|    explained_variance   | 0        |
|    learning_rate        | 0.0003   |
|    loss                 | 1.31e+05 |
|    n_updates            | 2470     |
|    policy_gradient_loss | 1.11e-08 |
|    value_loss           | 2.43e+05 |
--------------------------------------
---------------------------------------
| rollout/                |           |
|    ep_len_mean          | 50.2      |
|    ep_rew_mean          | 1.56e+03  |
| time/                   |           |
|    fps                  | 192       |
|    iterations           | 496       |
|    time_elapsed         | 1316      |
|    total_timesteps      | 253952    |
| train/                  |           |
|    approx_kl            | 0.0       |
|    clip_fraction        | 0         |
|    clip_range           | 0.2       |
|    entropy_loss         | -0.0003   |
|    explained_variance   | 0         |
|    learning_rate        | 0.0003    |
|    loss                 | 1.69e+05  |
|    n_updates            | 2475      |
|    policy_gradient_loss | -5.12e-09 |
|    value_loss           | 3.97e+05  |
---------------------------------------
---------------------------------------
| rollout/                |           |
|    ep_len_mean          | 53.5      |
|    ep_rew_mean          | 1.8e+03   |
| time/                   |           |
|    fps                  | 193       |
|    iterations           | 497       |
|    time_elapsed         | 1318      |
|    total_timesteps      | 254464    |
| train/                  |           |
|    approx_kl            | 0.0       |
|    clip_fraction        | 0         |
|    clip_range           | 0.2       |
|    entropy_loss         | -0.000302 |
|    explained_variance   | -1.19e-07 |
|    learning_rate        | 0.0003    |
|    loss                 | 2.41e+05  |
|    n_updates            | 2480      |
|    policy_gradient_loss | -1.28e-08 |
|    value_loss           | 4.92e+05  |
---------------------------------------
---------------------------------------
| rollout/                |           |
|    ep_len_mean          | 57.6      |
|    ep_rew_mean          | 1.94e+03  |
| time/                   |           |
|    fps                  | 193       |
|    iterations           | 498       |
|    time_elapsed         | 1319      |
|    total_timesteps      | 254976    |
| train/                  |           |
|    approx_kl            | 0.0       |
|    clip_fraction        | 0         |
|    clip_range           | 0.2       |
|    entropy_loss         | -0.000297 |
|    explained_variance   | 0         |
|    learning_rate        | 0.0003    |
|    loss                 | 2.09e+05  |
|    n_updates            | 2485      |
|    policy_gradient_loss | 6.36e-09  |
|    value_loss           | 3.68e+05  |
---------------------------------------
---------------------------------------
| rollout/                |           |
|    ep_len_mean          | 53.7      |
|    ep_rew_mean          | 1.68e+03  |
| time/                   |           |
|    fps                  | 193       |
|    iterations           | 499       |
|    time_elapsed         | 1321      |
|    total_timesteps      | 255488    |
| train/                  |           |
|    approx_kl            | 0.0       |
|    clip_fraction        | 0         |
|    clip_range           | 0.2       |
|    entropy_loss         | -0.000308 |
|    explained_variance   | -1.19e-07 |
|    learning_rate        | 0.0003    |
|    loss                 | 1.73e+05  |
|    n_updates            | 2490      |
|    policy_gradient_loss | -9.76e-09 |
|    value_loss           | 3.52e+05  |
---------------------------------------
--------------------------------------
| rollout/                |          |
|    ep_len_mean          | 55.1     |
|    ep_rew_mean          | 1.68e+03 |
| time/                   |          |
|    fps                  | 193      |
|    iterations           | 500      |
|    time_elapsed         | 1323     |
|    total_timesteps      | 256000   |
| train/                  |          |
|    approx_kl            | 0.0      |
|    clip_fraction        | 0        |
|    clip_range           | 0.2      |
|    entropy_loss         | -0.00028 |
|    explained_variance   | 0        |
|    learning_rate        | 0.0003   |
|    loss                 | 6.4e+04  |
|    n_updates            | 2495     |
|    policy_gradient_loss | 3.49e-09 |
|    value_loss           | 1.25e+05 |
--------------------------------------
---------------------------------------
| rollout/                |           |
|    ep_len_mean          | 55.5      |
|    ep_rew_mean          | 1.62e+03  |
| time/                   |           |
|    fps                  | 193       |
|    iterations           | 501       |
|    time_elapsed         | 1324      |
|    total_timesteps      | 256512    |
| train/                  |           |
|    approx_kl            | 0.0       |
|    clip_fraction        | 0         |
|    clip_range           | 0.2       |
|    entropy_loss         | -0.000276 |
|    explained_variance   | 0         |
|    learning_rate        | 0.0003    |
|    loss                 | 1.02e+05  |
|    n_updates            | 2500      |
|    policy_gradient_loss | -2.89e-09 |
|    value_loss           | 2.19e+05  |
---------------------------------------
---------------------------------------
| rollout/                |           |
|    ep_len_mean          | 58.1      |
|    ep_rew_mean          | 1.72e+03  |
| time/                   |           |
|    fps                  | 193       |
|    iterations           | 502       |
|    time_elapsed         | 1326      |
|    total_timesteps      | 257024    |
| train/                  |           |
|    approx_kl            | 0.0       |
|    clip_fraction        | 0         |
|    clip_range           | 0.2       |
|    entropy_loss         | -0.000273 |
|    explained_variance   | 0         |
|    learning_rate        | 0.0003    |
|    loss                 | 7.75e+04  |
|    n_updates            | 2505      |
|    policy_gradient_loss | 1.75e-09  |
|    value_loss           | 1.85e+05  |
---------------------------------------
---------------------------------------
| rollout/                |           |
|    ep_len_mean          | 46        |
|    ep_rew_mean          | 1.32e+03  |
| time/                   |           |
|    fps                  | 193       |
|    iterations           | 503       |
|    time_elapsed         | 1328      |
|    total_timesteps      | 257536    |
| train/                  |           |
|    approx_kl            | 0.0       |
|    clip_fraction        | 0         |
|    clip_range           | 0.2       |
|    entropy_loss         | -0.000278 |
|    explained_variance   | -1.19e-07 |
|    learning_rate        | 0.0003    |
|    loss                 | 9.35e+04  |
|    n_updates            | 2510      |
|    policy_gradient_loss | -7.8e-09  |
|    value_loss           | 2.19e+05  |
---------------------------------------
---------------------------------------
| rollout/                |           |
|    ep_len_mean          | 29        |
|    ep_rew_mean          | 650       |
| time/                   |           |
|    fps                  | 194       |
|    iterations           | 504       |
|    time_elapsed         | 1329      |
|    total_timesteps      | 258048    |
| train/                  |           |
|    approx_kl            | 0.0       |
|    clip_fraction        | 0         |
|    clip_range           | 0.2       |
|    entropy_loss         | -0.000286 |
|    explained_variance   | 1.19e-07  |
|    learning_rate        | 0.0003    |
|    loss                 | 9.18e+04  |
|    n_updates            | 2515      |
|    policy_gradient_loss | 4.12e-09  |
|    value_loss           | 1.59e+05  |
---------------------------------------
---------------------------------------
| rollout/                |           |
|    ep_len_mean          | 30.9      |
|    ep_rew_mean          | 640       |
| time/                   |           |
|    fps                  | 194       |
|    iterations           | 505       |
|    time_elapsed         | 1331      |
|    total_timesteps      | 258560    |
| train/                  |           |
|    approx_kl            | 0.0       |
|    clip_fraction        | 0         |
|    clip_range           | 0.2       |
|    entropy_loss         | -0.000282 |
|    explained_variance   | -1.19e-07 |
|    learning_rate        | 0.0003    |
|    loss                 | 6.94e+04  |
|    n_updates            | 2520      |
|    policy_gradient_loss | 1.16e-09  |
|    value_loss           | 1.34e+05  |
---------------------------------------
---------------------------------------
| rollout/                |           |
|    ep_len_mean          | 35.9      |
|    ep_rew_mean          | 856       |
| time/                   |           |
|    fps                  | 194       |
|    iterations           | 506       |
|    time_elapsed         | 1333      |
|    total_timesteps      | 259072    |
| train/                  |           |
|    approx_kl            | 0.0       |
|    clip_fraction        | 0         |
|    clip_range           | 0.2       |
|    entropy_loss         | -0.000295 |
|    explained_variance   | 0         |
|    learning_rate        | 0.0003    |
|    loss                 | 1.9e+05   |
|    n_updates            | 2525      |
|    policy_gradient_loss | 6.8e-09   |
|    value_loss           | 3.85e+05  |
---------------------------------------
---------------------------------------
| rollout/                |           |
|    ep_len_mean          | 40.8      |
|    ep_rew_mean          | 1.12e+03  |
| time/                   |           |
|    fps                  | 194       |
|    iterations           | 507       |
|    time_elapsed         | 1334      |
|    total_timesteps      | 259584    |
| train/                  |           |
|    approx_kl            | 0.0       |
|    clip_fraction        | 0         |
|    clip_range           | 0.2       |
|    entropy_loss         | -0.000304 |
|    explained_variance   | 0         |
|    learning_rate        | 0.0003    |
|    loss                 | 2.32e+05  |
|    n_updates            | 2530      |
|    policy_gradient_loss | 2.17e-09  |
|    value_loss           | 3.92e+05  |
---------------------------------------
---------------------------------------
| rollout/                |           |
|    ep_len_mean          | 41.9      |
|    ep_rew_mean          | 1.11e+03  |
| time/                   |           |
|    fps                  | 194       |
|    iterations           | 508       |
|    time_elapsed         | 1336      |
|    total_timesteps      | 260096    |
| train/                  |           |
|    approx_kl            | 0.0       |
|    clip_fraction        | 0         |
|    clip_range           | 0.2       |
|    entropy_loss         | -0.000308 |
|    explained_variance   | -1.19e-07 |
|    learning_rate        | 0.0003    |
|    loss                 | 1.72e+05  |
|    n_updates            | 2535      |
|    policy_gradient_loss | 1.39e-08  |
|    value_loss           | 4.5e+05   |
---------------------------------------
---------------------------------------
| rollout/                |           |
|    ep_len_mean          | 46.5      |
|    ep_rew_mean          | 1.36e+03  |
| time/                   |           |
|    fps                  | 194       |
|    iterations           | 509       |
|    time_elapsed         | 1338      |
|    total_timesteps      | 260608    |
| train/                  |           |
|    approx_kl            | 0.0       |
|    clip_fraction        | 0         |
|    clip_range           | 0.2       |
|    entropy_loss         | -0.000314 |
|    explained_variance   | 0         |
|    learning_rate        | 0.0003    |
|    loss                 | 2.21e+05  |
|    n_updates            | 2540      |
|    policy_gradient_loss | 1.44e-09  |
|    value_loss           | 4.42e+05  |
---------------------------------------
---------------------------------------
| rollout/                |           |
|    ep_len_mean          | 49.8      |
|    ep_rew_mean          | 1.48e+03  |
| time/                   |           |
|    fps                  | 194       |
|    iterations           | 510       |
|    time_elapsed         | 1339      |
|    total_timesteps      | 261120    |
| train/                  |           |
|    approx_kl            | 0.0       |
|    clip_fraction        | 0         |
|    clip_range           | 0.2       |
|    entropy_loss         | -0.000307 |
|    explained_variance   | 0         |
|    learning_rate        | 0.0003    |
|    loss                 | 1.84e+05  |
|    n_updates            | 2545      |
|    policy_gradient_loss | 3.86e-09  |
|    value_loss           | 3.66e+05  |
---------------------------------------
---------------------------------------
| rollout/                |           |
|    ep_len_mean          | 49.8      |
|    ep_rew_mean          | 1.48e+03  |
| time/                   |           |
|    fps                  | 195       |
|    iterations           | 511       |
|    time_elapsed         | 1341      |
|    total_timesteps      | 261632    |
| train/                  |           |
|    approx_kl            | 0.0       |
|    clip_fraction        | 0         |
|    clip_range           | 0.2       |
|    entropy_loss         | -0.000276 |
|    explained_variance   | 1.19e-07  |
|    learning_rate        | 0.0003    |
|    loss                 | 9.07e+04  |
|    n_updates            | 2550      |
|    policy_gradient_loss | 5.36e-09  |
|    value_loss           | 1.85e+05  |
---------------------------------------
---------------------------------------
| rollout/                |           |
|    ep_len_mean          | 57.5      |
|    ep_rew_mean          | 1.82e+03  |
| time/                   |           |
|    fps                  | 195       |
|    iterations           | 512       |
|    time_elapsed         | 1343      |
|    total_timesteps      | 262144    |
| train/                  |           |
|    approx_kl            | 0.0       |
|    clip_fraction        | 0         |
|    clip_range           | 0.2       |
|    entropy_loss         | -0.000329 |
|    explained_variance   | 1.19e-07  |
|    learning_rate        | 0.0003    |
|    loss                 | 3.45e+05  |
|    n_updates            | 2555      |
|    policy_gradient_loss | -6.29e-09 |
|    value_loss           | 6.89e+05  |
---------------------------------------
---------------------------------------
| rollout/                |           |
|    ep_len_mean          | 60.7      |
|    ep_rew_mean          | 1.89e+03  |
| time/                   |           |
|    fps                  | 195       |
|    iterations           | 513       |
|    time_elapsed         | 1345      |
|    total_timesteps      | 262656    |
| train/                  |           |
|    approx_kl            | 0.0       |
|    clip_fraction        | 0         |
|    clip_range           | 0.2       |
|    entropy_loss         | -0.000301 |
|    explained_variance   | 0         |
|    learning_rate        | 0.0003    |
|    loss                 | 1.51e+05  |
|    n_updates            | 2560      |
|    policy_gradient_loss | 8.31e-09  |
|    value_loss           | 3.48e+05  |
---------------------------------------
---------------------------------------
| rollout/                |           |
|    ep_len_mean          | 59.4      |
|    ep_rew_mean          | 1.84e+03  |
| time/                   |           |
|    fps                  | 195       |
|    iterations           | 514       |
|    time_elapsed         | 1346      |
|    total_timesteps      | 263168    |
| train/                  |           |
|    approx_kl            | 0.0       |
|    clip_fraction        | 0         |
|    clip_range           | 0.2       |
|    entropy_loss         | -0.000292 |
|    explained_variance   | -1.19e-07 |
|    learning_rate        | 0.0003    |
|    loss                 | 1.35e+05  |
|    n_updates            | 2565      |
|    policy_gradient_loss | -4.63e-09 |
|    value_loss           | 3.08e+05  |
---------------------------------------
---------------------------------------
| rollout/                |           |
|    ep_len_mean          | 59.6      |
|    ep_rew_mean          | 1.85e+03  |
| time/                   |           |
|    fps                  | 195       |
|    iterations           | 515       |
|    time_elapsed         | 1348      |
|    total_timesteps      | 263680    |
| train/                  |           |
|    approx_kl            | 0.0       |
|    clip_fraction        | 0         |
|    clip_range           | 0.2       |
|    entropy_loss         | -0.000275 |
|    explained_variance   | -1.19e-07 |
|    learning_rate        | 0.0003    |
|    loss                 | 1.39e+05  |
|    n_updates            | 2570      |
|    policy_gradient_loss | 3.66e-09  |
|    value_loss           | 2.45e+05  |
---------------------------------------
---------------------------------------
| rollout/                |           |
|    ep_len_mean          | 61.6      |
|    ep_rew_mean          | 1.89e+03  |
| time/                   |           |
|    fps                  | 195       |
|    iterations           | 516       |
|    time_elapsed         | 1350      |
|    total_timesteps      | 264192    |
| train/                  |           |
|    approx_kl            | 0.0       |
|    clip_fraction        | 0         |
|    clip_range           | 0.2       |
|    entropy_loss         | -0.000276 |
|    explained_variance   | -1.19e-07 |
|    learning_rate        | 0.0003    |
|    loss                 | 1.1e+05   |
|    n_updates            | 2575      |
|    policy_gradient_loss | 7.22e-10  |
|    value_loss           | 2.1e+05   |
---------------------------------------
---------------------------------------
| rollout/                |           |
|    ep_len_mean          | 59.2      |
|    ep_rew_mean          | 1.78e+03  |
| time/                   |           |
|    fps                  | 195       |
|    iterations           | 517       |
|    time_elapsed         | 1351      |
|    total_timesteps      | 264704    |
| train/                  |           |
|    approx_kl            | 0.0       |
|    clip_fraction        | 0         |
|    clip_range           | 0.2       |
|    entropy_loss         | -0.000268 |
|    explained_variance   | 0         |
|    learning_rate        | 0.0003    |
|    loss                 | 7.63e+04  |
|    n_updates            | 2580      |
|    policy_gradient_loss | 1.4e-09   |
|    value_loss           | 1.49e+05  |
---------------------------------------
---------------------------------------
| rollout/                |           |
|    ep_len_mean          | 47.1      |
|    ep_rew_mean          | 1.17e+03  |
| time/                   |           |
|    fps                  | 195       |
|    iterations           | 518       |
|    time_elapsed         | 1353      |
|    total_timesteps      | 265216    |
| train/                  |           |
|    approx_kl            | 0.0       |
|    clip_fraction        | 0         |
|    clip_range           | 0.2       |
|    entropy_loss         | -0.000281 |
|    explained_variance   | -1.19e-07 |
|    learning_rate        | 0.0003    |
|    loss                 | 9e+04     |
|    n_updates            | 2585      |
|    policy_gradient_loss | 1.19e-09  |
|    value_loss           | 1.69e+05  |
---------------------------------------
---------------------------------------
| rollout/                |           |
|    ep_len_mean          | 45.7      |
|    ep_rew_mean          | 1.12e+03  |
| time/                   |           |
|    fps                  | 196       |
|    iterations           | 519       |
|    time_elapsed         | 1355      |
|    total_timesteps      | 265728    |
| train/                  |           |
|    approx_kl            | 0.0       |
|    clip_fraction        | 0         |
|    clip_range           | 0.2       |
|    entropy_loss         | -0.000274 |
|    explained_variance   | 0         |
|    learning_rate        | 0.0003    |
|    loss                 | 2.03e+05  |
|    n_updates            | 2590      |
|    policy_gradient_loss | 6.75e-10  |
|    value_loss           | 3.04e+05  |
---------------------------------------
---------------------------------------
| rollout/                |           |
|    ep_len_mean          | 35.8      |
|    ep_rew_mean          | 710       |
| time/                   |           |
|    fps                  | 196       |
|    iterations           | 520       |
|    time_elapsed         | 1357      |
|    total_timesteps      | 266240    |
| train/                  |           |
|    approx_kl            | 0.0       |
|    clip_fraction        | 0         |
|    clip_range           | 0.2       |
|    entropy_loss         | -0.000277 |
|    explained_variance   | 0         |
|    learning_rate        | 0.0003    |
|    loss                 | 7.21e+04  |
|    n_updates            | 2595      |
|    policy_gradient_loss | -1.4e-09  |
|    value_loss           | 1.49e+05  |
---------------------------------------
---------------------------------------
| rollout/                |           |
|    ep_len_mean          | 39.1      |
|    ep_rew_mean          | 756       |
| time/                   |           |
|    fps                  | 196       |
|    iterations           | 521       |
|    time_elapsed         | 1359      |
|    total_timesteps      | 266752    |
| train/                  |           |
|    approx_kl            | 0.0       |
|    clip_fraction        | 0         |
|    clip_range           | 0.2       |
|    entropy_loss         | -0.000277 |
|    explained_variance   | 0         |
|    learning_rate        | 0.0003    |
|    loss                 | 4.31e+04  |
|    n_updates            | 2600      |
|    policy_gradient_loss | 1.26e-09  |
|    value_loss           | 1.25e+05  |
---------------------------------------
---------------------------------------
| rollout/                |           |
|    ep_len_mean          | 39.2      |
|    ep_rew_mean          | 784       |
| time/                   |           |
|    fps                  | 196       |
|    iterations           | 522       |
|    time_elapsed         | 1360      |
|    total_timesteps      | 267264    |
| train/                  |           |
|    approx_kl            | 0.0       |
|    clip_fraction        | 0         |
|    clip_range           | 0.2       |
|    entropy_loss         | -0.000303 |
|    explained_variance   | 0         |
|    learning_rate        | 0.0003    |
|    loss                 | 1.07e+05  |
|    n_updates            | 2605      |
|    policy_gradient_loss | 1.07e-09  |
|    value_loss           | 2.2e+05   |
---------------------------------------
---------------------------------------
| rollout/                |           |
|    ep_len_mean          | 37.5      |
|    ep_rew_mean          | 674       |
| time/                   |           |
|    fps                  | 196       |
|    iterations           | 523       |
|    time_elapsed         | 1362      |
|    total_timesteps      | 267776    |
| train/                  |           |
|    approx_kl            | 0.0       |
|    clip_fraction        | 0         |
|    clip_range           | 0.2       |
|    entropy_loss         | -0.000283 |
|    explained_variance   | 0         |
|    learning_rate        | 0.0003    |
|    loss                 | 7.28e+04  |
|    n_updates            | 2610      |
|    policy_gradient_loss | 1.82e-09  |
|    value_loss           | 1.45e+05  |
---------------------------------------
---------------------------------------
| rollout/                |           |
|    ep_len_mean          | 36.2      |
|    ep_rew_mean          | 673       |
| time/                   |           |
|    fps                  | 196       |
|    iterations           | 524       |
|    time_elapsed         | 1364      |
|    total_timesteps      | 268288    |
| train/                  |           |
|    approx_kl            | 0.0       |
|    clip_fraction        | 0         |
|    clip_range           | 0.2       |
|    entropy_loss         | -0.000269 |
|    explained_variance   | 0         |
|    learning_rate        | 0.0003    |
|    loss                 | 1.1e+05   |
|    n_updates            | 2615      |
|    policy_gradient_loss | -1.48e-09 |
|    value_loss           | 2.39e+05  |
---------------------------------------
---------------------------------------
| rollout/                |           |
|    ep_len_mean          | 34.8      |
|    ep_rew_mean          | 626       |
| time/                   |           |
|    fps                  | 196       |
|    iterations           | 525       |
|    time_elapsed         | 1365      |
|    total_timesteps      | 268800    |
| train/                  |           |
|    approx_kl            | 0.0       |
|    clip_fraction        | 0         |
|    clip_range           | 0.2       |
|    entropy_loss         | -0.000274 |
|    explained_variance   | 0         |
|    learning_rate        | 0.0003    |
|    loss                 | 1.45e+05  |
|    n_updates            | 2620      |
|    policy_gradient_loss | -2.28e-09 |
|    value_loss           | 2.41e+05  |
---------------------------------------
---------------------------------------
| rollout/                |           |
|    ep_len_mean          | 37.2      |
|    ep_rew_mean          | 626       |
| time/                   |           |
|    fps                  | 196       |
|    iterations           | 526       |
|    time_elapsed         | 1367      |
|    total_timesteps      | 269312    |
| train/                  |           |
|    approx_kl            | 0.0       |
|    clip_fraction        | 0         |
|    clip_range           | 0.2       |
|    entropy_loss         | -0.000277 |
|    explained_variance   | 0         |
|    learning_rate        | 0.0003    |
|    loss                 | 1.56e+05  |
|    n_updates            | 2625      |
|    policy_gradient_loss | 5.29e-09  |
|    value_loss           | 2.64e+05  |
---------------------------------------
---------------------------------------
| rollout/                |           |
|    ep_len_mean          | 36.2      |
|    ep_rew_mean          | 678       |
| time/                   |           |
|    fps                  | 197       |
|    iterations           | 527       |
|    time_elapsed         | 1369      |
|    total_timesteps      | 269824    |
| train/                  |           |
|    approx_kl            | 0.0       |
|    clip_fraction        | 0         |
|    clip_range           | 0.2       |
|    entropy_loss         | -0.000274 |
|    explained_variance   | 0         |
|    learning_rate        | 0.0003    |
|    loss                 | 8.03e+04  |
|    n_updates            | 2630      |
|    policy_gradient_loss | -2.79e-10 |
|    value_loss           | 1.78e+05  |
---------------------------------------
---------------------------------------
| rollout/                |           |
|    ep_len_mean          | 36.6      |
|    ep_rew_mean          | 695       |
| time/                   |           |
|    fps                  | 197       |
|    iterations           | 528       |
|    time_elapsed         | 1370      |
|    total_timesteps      | 270336    |
| train/                  |           |
|    approx_kl            | 0.0       |
|    clip_fraction        | 0         |
|    clip_range           | 0.2       |
|    entropy_loss         | -0.000277 |
|    explained_variance   | 0         |
|    learning_rate        | 0.0003    |
|    loss                 | 9.75e+04  |
|    n_updates            | 2635      |
|    policy_gradient_loss | -7.31e-09 |
|    value_loss           | 2.05e+05  |
---------------------------------------
---------------------------------------
| rollout/                |           |
|    ep_len_mean          | 41        |
|    ep_rew_mean          | 931       |
| time/                   |           |
|    fps                  | 197       |
|    iterations           | 529       |
|    time_elapsed         | 1372      |
|    total_timesteps      | 270848    |
| train/                  |           |
|    approx_kl            | 0.0       |
|    clip_fraction        | 0         |
|    clip_range           | 0.2       |
|    entropy_loss         | -0.000296 |
|    explained_variance   | 0         |
|    learning_rate        | 0.0003    |
|    loss                 | 1.64e+05  |
|    n_updates            | 2640      |
|    policy_gradient_loss | -4.8e-09  |
|    value_loss           | 2.96e+05  |
---------------------------------------
---------------------------------------
| rollout/                |           |
|    ep_len_mean          | 40.3      |
|    ep_rew_mean          | 994       |
| time/                   |           |
|    fps                  | 197       |
|    iterations           | 530       |
|    time_elapsed         | 1374      |
|    total_timesteps      | 271360    |
| train/                  |           |
|    approx_kl            | 0.0       |
|    clip_fraction        | 0         |
|    clip_range           | 0.2       |
|    entropy_loss         | -0.000314 |
|    explained_variance   | -1.19e-07 |
|    learning_rate        | 0.0003    |
|    loss                 | 2e+05     |
|    n_updates            | 2645      |
|    policy_gradient_loss | 1.04e-08  |
|    value_loss           | 4.3e+05   |
---------------------------------------
---------------------------------------
| rollout/                |           |
|    ep_len_mean          | 40.3      |
|    ep_rew_mean          | 994       |
| time/                   |           |
|    fps                  | 197       |
|    iterations           | 531       |
|    time_elapsed         | 1376      |
|    total_timesteps      | 271872    |
| train/                  |           |
|    approx_kl            | 0.0       |
|    clip_fraction        | 0         |
|    clip_range           | 0.2       |
|    entropy_loss         | -0.000291 |
|    explained_variance   | 0         |
|    learning_rate        | 0.0003    |
|    loss                 | 1.15e+05  |
|    n_updates            | 2650      |
|    policy_gradient_loss | -7.79e-09 |
|    value_loss           | 2.15e+05  |
---------------------------------------
---------------------------------------
| rollout/                |           |
|    ep_len_mean          | 45.8      |
|    ep_rew_mean          | 1.25e+03  |
| time/                   |           |
|    fps                  | 197       |
|    iterations           | 532       |
|    time_elapsed         | 1377      |
|    total_timesteps      | 272384    |
| train/                  |           |
|    approx_kl            | 0.0       |
|    clip_fraction        | 0         |
|    clip_range           | 0.2       |
|    entropy_loss         | -0.000319 |
|    explained_variance   | 0         |
|    learning_rate        | 0.0003    |
|    loss                 | 2.31e+05  |
|    n_updates            | 2655      |
|    policy_gradient_loss | 1.02e-08  |
|    value_loss           | 5.21e+05  |
---------------------------------------
---------------------------------------
| rollout/                |           |
|    ep_len_mean          | 50.1      |
|    ep_rew_mean          | 1.45e+03  |
| time/                   |           |
|    fps                  | 197       |
|    iterations           | 533       |
|    time_elapsed         | 1379      |
|    total_timesteps      | 272896    |
| train/                  |           |
|    approx_kl            | 0.0       |
|    clip_fraction        | 0         |
|    clip_range           | 0.2       |
|    entropy_loss         | -0.000314 |
|    explained_variance   | 0         |
|    learning_rate        | 0.0003    |
|    loss                 | 2.75e+05  |
|    n_updates            | 2660      |
|    policy_gradient_loss | 1.26e-09  |
|    value_loss           | 5.3e+05   |
---------------------------------------
---------------------------------------
| rollout/                |           |
|    ep_len_mean          | 50.4      |
|    ep_rew_mean          | 1.45e+03  |
| time/                   |           |
|    fps                  | 197       |
|    iterations           | 534       |
|    time_elapsed         | 1381      |
|    total_timesteps      | 273408    |
| train/                  |           |
|    approx_kl            | 0.0       |
|    clip_fraction        | 0         |
|    clip_range           | 0.2       |
|    entropy_loss         | -0.000283 |
|    explained_variance   | 0         |
|    learning_rate        | 0.0003    |
|    loss                 | 1.04e+05  |
|    n_updates            | 2665      |
|    policy_gradient_loss | 2.31e-09  |
|    value_loss           | 2.27e+05  |
---------------------------------------
---------------------------------------
| rollout/                |           |
|    ep_len_mean          | 44.4      |
|    ep_rew_mean          | 1.33e+03  |
| time/                   |           |
|    fps                  | 198       |
|    iterations           | 535       |
|    time_elapsed         | 1382      |
|    total_timesteps      | 273920    |
| train/                  |           |
|    approx_kl            | 0.0       |
|    clip_fraction        | 0         |
|    clip_range           | 0.2       |
|    entropy_loss         | -0.000279 |
|    explained_variance   | 0         |
|    learning_rate        | 0.0003    |
|    loss                 | 9.48e+04  |
|    n_updates            | 2670      |
|    policy_gradient_loss | -3.42e-09 |
|    value_loss           | 1.81e+05  |
---------------------------------------
-------------------------------------------
| rollout/                |               |
|    ep_len_mean          | 42.8          |
|    ep_rew_mean          | 1.26e+03      |
| time/                   |               |
|    fps                  | 198           |
|    iterations           | 536           |
|    time_elapsed         | 1384          |
|    total_timesteps      | 274432        |
| train/                  |               |
|    approx_kl            | 3.6846497e-05 |
|    clip_fraction        | 0             |
|    clip_range           | 0.2           |
|    entropy_loss         | -0.000246     |
|    explained_variance   | -1.19e-07     |
|    learning_rate        | 0.0003        |
|    loss                 | 6.15e+04      |
|    n_updates            | 2675          |
|    policy_gradient_loss | -0.000212     |
|    value_loss           | 1.47e+05      |
-------------------------------------------
---------------------------------------
| rollout/                |           |
|    ep_len_mean          | 38.1      |
|    ep_rew_mean          | 989       |
| time/                   |           |
|    fps                  | 198       |
|    iterations           | 537       |
|    time_elapsed         | 1386      |
|    total_timesteps      | 274944    |
| train/                  |           |
|    approx_kl            | 0.0       |
|    clip_fraction        | 0         |
|    clip_range           | 0.2       |
|    entropy_loss         | -0.000201 |
|    explained_variance   | 5.96e-08  |
|    learning_rate        | 0.0003    |
|    loss                 | 6e+04     |
|    n_updates            | 2680      |
|    policy_gradient_loss | -3.81e-08 |
|    value_loss           | 1.31e+05  |
---------------------------------------
---------------------------------------
| rollout/                |           |
|    ep_len_mean          | 29        |
|    ep_rew_mean          | 566       |
| time/                   |           |
|    fps                  | 198       |
|    iterations           | 538       |
|    time_elapsed         | 1387      |
|    total_timesteps      | 275456    |
| train/                  |           |
|    approx_kl            | 0.0       |
|    clip_fraction        | 0         |
|    clip_range           | 0.2       |
|    entropy_loss         | -0.0002   |
|    explained_variance   | -1.19e-07 |
|    learning_rate        | 0.0003    |
|    loss                 | 1.27e+05  |
|    n_updates            | 2685      |
|    policy_gradient_loss | 1.82e-09  |
|    value_loss           | 2.46e+05  |
---------------------------------------
---------------------------------------
| rollout/                |           |
|    ep_len_mean          | 30.3      |
|    ep_rew_mean          | 519       |
| time/                   |           |
|    fps                  | 198       |
|    iterations           | 539       |
|    time_elapsed         | 1389      |
|    total_timesteps      | 275968    |
| train/                  |           |
|    approx_kl            | 0.0       |
|    clip_fraction        | 0         |
|    clip_range           | 0.2       |
|    entropy_loss         | -0.000191 |
|    explained_variance   | 0         |
|    learning_rate        | 0.0003    |
|    loss                 | 7.83e+04  |
|    n_updates            | 2690      |
|    policy_gradient_loss | 1.89e-09  |
|    value_loss           | 2.08e+05  |
---------------------------------------
---------------------------------------
| rollout/                |           |
|    ep_len_mean          | 30.4      |
|    ep_rew_mean          | 511       |
| time/                   |           |
|    fps                  | 198       |
|    iterations           | 540       |
|    time_elapsed         | 1391      |
|    total_timesteps      | 276480    |
| train/                  |           |
|    approx_kl            | 0.0       |
|    clip_fraction        | 0         |
|    clip_range           | 0.2       |
|    entropy_loss         | -0.000203 |
|    explained_variance   | 5.96e-08  |
|    learning_rate        | 0.0003    |
|    loss                 | 1.55e+05  |
|    n_updates            | 2695      |
|    policy_gradient_loss | -1.16e-09 |
|    value_loss           | 2.24e+05  |
---------------------------------------
---------------------------------------
| rollout/                |           |
|    ep_len_mean          | 33.4      |
|    ep_rew_mean          | 588       |
| time/                   |           |
|    fps                  | 198       |
|    iterations           | 541       |
|    time_elapsed         | 1393      |
|    total_timesteps      | 276992    |
| train/                  |           |
|    approx_kl            | 0.0       |
|    clip_fraction        | 0         |
|    clip_range           | 0.2       |
|    entropy_loss         | -0.000204 |
|    explained_variance   | 0         |
|    learning_rate        | 0.0003    |
|    loss                 | 4.79e+04  |
|    n_updates            | 2700      |
|    policy_gradient_loss | -2.86e-09 |
|    value_loss           | 1.11e+05  |
---------------------------------------
---------------------------------------
| rollout/                |           |
|    ep_len_mean          | 32.5      |
|    ep_rew_mean          | 551       |
| time/                   |           |
|    fps                  | 198       |
|    iterations           | 542       |
|    time_elapsed         | 1395      |
|    total_timesteps      | 277504    |
| train/                  |           |
|    approx_kl            | 0.0       |
|    clip_fraction        | 0         |
|    clip_range           | 0.2       |
|    entropy_loss         | -0.000199 |
|    explained_variance   | -1.19e-07 |
|    learning_rate        | 0.0003    |
|    loss                 | 9.26e+04  |
|    n_updates            | 2705      |
|    policy_gradient_loss | -1.21e-09 |
|    value_loss           | 1.88e+05  |
---------------------------------------
---------------------------------------
| rollout/                |           |
|    ep_len_mean          | 32.9      |
|    ep_rew_mean          | 482       |
| time/                   |           |
|    fps                  | 198       |
|    iterations           | 543       |
|    time_elapsed         | 1397      |
|    total_timesteps      | 278016    |
| train/                  |           |
|    approx_kl            | 0.0       |
|    clip_fraction        | 0         |
|    clip_range           | 0.2       |
|    entropy_loss         | -0.000201 |
|    explained_variance   | 0         |
|    learning_rate        | 0.0003    |
|    loss                 | 9.91e+04  |
|    n_updates            | 2710      |
|    policy_gradient_loss | 2.56e-10  |
|    value_loss           | 1.79e+05  |
---------------------------------------
---------------------------------------
| rollout/                |           |
|    ep_len_mean          | 35        |
|    ep_rew_mean          | 644       |
| time/                   |           |
|    fps                  | 199       |
|    iterations           | 544       |
|    time_elapsed         | 1398      |
|    total_timesteps      | 278528    |
| train/                  |           |
|    approx_kl            | 0.0       |
|    clip_fraction        | 0         |
|    clip_range           | 0.2       |
|    entropy_loss         | -0.000196 |
|    explained_variance   | 0         |
|    learning_rate        | 0.0003    |
|    loss                 | 7.18e+04  |
|    n_updates            | 2715      |
|    policy_gradient_loss | 2.28e-09  |
|    value_loss           | 1.35e+05  |
---------------------------------------
---------------------------------------
| rollout/                |           |
|    ep_len_mean          | 37.3      |
|    ep_rew_mean          | 717       |
| time/                   |           |
|    fps                  | 199       |
|    iterations           | 545       |
|    time_elapsed         | 1400      |
|    total_timesteps      | 279040    |
| train/                  |           |
|    approx_kl            | 0.0       |
|    clip_fraction        | 0         |
|    clip_range           | 0.2       |
|    entropy_loss         | -0.000216 |
|    explained_variance   | 1.19e-07  |
|    learning_rate        | 0.0003    |
|    loss                 | 1.72e+05  |
|    n_updates            | 2720      |
|    policy_gradient_loss | -5.17e-09 |
|    value_loss           | 3.27e+05  |
---------------------------------------
---------------------------------------
| rollout/                |           |
|    ep_len_mean          | 38.3      |
|    ep_rew_mean          | 788       |
| time/                   |           |
|    fps                  | 199       |
|    iterations           | 546       |
|    time_elapsed         | 1402      |
|    total_timesteps      | 279552    |
| train/                  |           |
|    approx_kl            | 0.0       |
|    clip_fraction        | 0         |
|    clip_range           | 0.2       |
|    entropy_loss         | -0.000199 |
|    explained_variance   | 0         |
|    learning_rate        | 0.0003    |
|    loss                 | 1e+05     |
|    n_updates            | 2725      |
|    policy_gradient_loss | -1.29e-08 |
|    value_loss           | 1.88e+05  |
---------------------------------------
---------------------------------------
| rollout/                |           |
|    ep_len_mean          | 37.1      |
|    ep_rew_mean          | 772       |
| time/                   |           |
|    fps                  | 199       |
|    iterations           | 547       |
|    time_elapsed         | 1404      |
|    total_timesteps      | 280064    |
| train/                  |           |
|    approx_kl            | 0.0       |
|    clip_fraction        | 0         |
|    clip_range           | 0.2       |
|    entropy_loss         | -0.000193 |
|    explained_variance   | 0         |
|    learning_rate        | 0.0003    |
|    loss                 | 7.91e+04  |
|    n_updates            | 2730      |
|    policy_gradient_loss | -9.78e-10 |
|    value_loss           | 1.53e+05  |
---------------------------------------
---------------------------------------
| rollout/                |           |
|    ep_len_mean          | 37.8      |
|    ep_rew_mean          | 810       |
| time/                   |           |
|    fps                  | 199       |
|    iterations           | 548       |
|    time_elapsed         | 1405      |
|    total_timesteps      | 280576    |
| train/                  |           |
|    approx_kl            | 0.0       |
|    clip_fraction        | 0         |
|    clip_range           | 0.2       |
|    entropy_loss         | -0.000201 |
|    explained_variance   | -1.19e-07 |
|    learning_rate        | 0.0003    |
|    loss                 | 7.45e+04  |
|    n_updates            | 2735      |
|    policy_gradient_loss | 5.59e-10  |
|    value_loss           | 1.89e+05  |
---------------------------------------
---------------------------------------
| rollout/                |           |
|    ep_len_mean          | 38.8      |
|    ep_rew_mean          | 787       |
| time/                   |           |
|    fps                  | 199       |
|    iterations           | 549       |
|    time_elapsed         | 1407      |
|    total_timesteps      | 281088    |
| train/                  |           |
|    approx_kl            | 0.0       |
|    clip_fraction        | 0         |
|    clip_range           | 0.2       |
|    entropy_loss         | -0.000198 |
|    explained_variance   | 0         |
|    learning_rate        | 0.0003    |
|    loss                 | 7.16e+04  |
|    n_updates            | 2740      |
|    policy_gradient_loss | -1.37e-09 |
|    value_loss           | 1.55e+05  |
---------------------------------------
---------------------------------------
| rollout/                |           |
|    ep_len_mean          | 37.6      |
|    ep_rew_mean          | 814       |
| time/                   |           |
|    fps                  | 199       |
|    iterations           | 550       |
|    time_elapsed         | 1409      |
|    total_timesteps      | 281600    |
| train/                  |           |
|    approx_kl            | 0.0       |
|    clip_fraction        | 0         |
|    clip_range           | 0.2       |
|    entropy_loss         | -0.00019  |
|    explained_variance   | -1.19e-07 |
|    learning_rate        | 0.0003    |
|    loss                 | 7.25e+04  |
|    n_updates            | 2745      |
|    policy_gradient_loss | 2.98e-09  |
|    value_loss           | 1.56e+05  |
---------------------------------------
---------------------------------------
| rollout/                |           |
|    ep_len_mean          | 41.6      |
|    ep_rew_mean          | 914       |
| time/                   |           |
|    fps                  | 199       |
|    iterations           | 551       |
|    time_elapsed         | 1411      |
|    total_timesteps      | 282112    |
| train/                  |           |
|    approx_kl            | 0.0       |
|    clip_fraction        | 0         |
|    clip_range           | 0.2       |
|    entropy_loss         | -0.000194 |
|    explained_variance   | 0         |
|    learning_rate        | 0.0003    |
|    loss                 | 9.93e+04  |
|    n_updates            | 2750      |
|    policy_gradient_loss | -3.73e-10 |
|    value_loss           | 1.95e+05  |
---------------------------------------
---------------------------------------
| rollout/                |           |
|    ep_len_mean          | 46.5      |
|    ep_rew_mean          | 1.04e+03  |
| time/                   |           |
|    fps                  | 199       |
|    iterations           | 552       |
|    time_elapsed         | 1413      |
|    total_timesteps      | 282624    |
| train/                  |           |
|    approx_kl            | 0.0       |
|    clip_fraction        | 0         |
|    clip_range           | 0.2       |
|    entropy_loss         | -0.000207 |
|    explained_variance   | -1.19e-07 |
|    learning_rate        | 0.0003    |
|    loss                 | 1.51e+05  |
|    n_updates            | 2755      |
|    policy_gradient_loss | 2.51e-09  |
|    value_loss           | 2.71e+05  |
---------------------------------------
---------------------------------------
| rollout/                |           |
|    ep_len_mean          | 42.6      |
|    ep_rew_mean          | 972       |
| time/                   |           |
|    fps                  | 200       |
|    iterations           | 553       |
|    time_elapsed         | 1415      |
|    total_timesteps      | 283136    |
| train/                  |           |
|    approx_kl            | 0.0       |
|    clip_fraction        | 0         |
|    clip_range           | 0.2       |
|    entropy_loss         | -0.000217 |
|    explained_variance   | 0         |
|    learning_rate        | 0.0003    |
|    loss                 | 1.32e+05  |
|    n_updates            | 2760      |
|    policy_gradient_loss | 5.91e-09  |
|    value_loss           | 2.88e+05  |
---------------------------------------
---------------------------------------
| rollout/                |           |
|    ep_len_mean          | 42.6      |
|    ep_rew_mean          | 972       |
| time/                   |           |
|    fps                  | 200       |
|    iterations           | 554       |
|    time_elapsed         | 1416      |
|    total_timesteps      | 283648    |
| train/                  |           |
|    approx_kl            | 0.0       |
|    clip_fraction        | 0         |
|    clip_range           | 0.2       |
|    entropy_loss         | -0.000215 |
|    explained_variance   | 0         |
|    learning_rate        | 0.0003    |
|    loss                 | 1.8e+05   |
|    n_updates            | 2765      |
|    policy_gradient_loss | -3.59e-09 |
|    value_loss           | 3.68e+05  |
---------------------------------------
---------------------------------------
| rollout/                |           |
|    ep_len_mean          | 52        |
|    ep_rew_mean          | 1.39e+03  |
| time/                   |           |
|    fps                  | 200       |
|    iterations           | 555       |
|    time_elapsed         | 1418      |
|    total_timesteps      | 284160    |
| train/                  |           |
|    approx_kl            | 0.0       |
|    clip_fraction        | 0         |
|    clip_range           | 0.2       |
|    entropy_loss         | -0.000235 |
|    explained_variance   | 0         |
|    learning_rate        | 0.0003    |
|    loss                 | 2.97e+05  |
|    n_updates            | 2770      |
|    policy_gradient_loss | 3.93e-09  |
|    value_loss           | 5.96e+05  |
---------------------------------------
---------------------------------------
| rollout/                |           |
|    ep_len_mean          | 51.1      |
|    ep_rew_mean          | 1.43e+03  |
| time/                   |           |
|    fps                  | 200       |
|    iterations           | 556       |
|    time_elapsed         | 1420      |
|    total_timesteps      | 284672    |
| train/                  |           |
|    approx_kl            | 0.0       |
|    clip_fraction        | 0         |
|    clip_range           | 0.2       |
|    entropy_loss         | -0.000225 |
|    explained_variance   | 0         |
|    learning_rate        | 0.0003    |
|    loss                 | 1.36e+05  |
|    n_updates            | 2775      |
|    policy_gradient_loss | -3.68e-09 |
|    value_loss           | 2.82e+05  |
---------------------------------------
---------------------------------------
| rollout/                |           |
|    ep_len_mean          | 51.6      |
|    ep_rew_mean          | 1.46e+03  |
| time/                   |           |
|    fps                  | 200       |
|    iterations           | 557       |
|    time_elapsed         | 1421      |
|    total_timesteps      | 285184    |
| train/                  |           |
|    approx_kl            | 0.0       |
|    clip_fraction        | 0         |
|    clip_range           | 0.2       |
|    entropy_loss         | -0.000207 |
|    explained_variance   | 1.19e-07  |
|    learning_rate        | 0.0003    |
|    loss                 | 1.16e+05  |
|    n_updates            | 2780      |
|    policy_gradient_loss | 1.02e-09  |
|    value_loss           | 2.07e+05  |
---------------------------------------
---------------------------------------
| rollout/                |           |
|    ep_len_mean          | 57.3      |
|    ep_rew_mean          | 1.7e+03   |
| time/                   |           |
|    fps                  | 200       |
|    iterations           | 558       |
|    time_elapsed         | 1423      |
|    total_timesteps      | 285696    |
| train/                  |           |
|    approx_kl            | 0.0       |
|    clip_fraction        | 0         |
|    clip_range           | 0.2       |
|    entropy_loss         | -0.000223 |
|    explained_variance   | 5.96e-08  |
|    learning_rate        | 0.0003    |
|    loss                 | 1.97e+05  |
|    n_updates            | 2785      |
|    policy_gradient_loss | 1.38e-08  |
|    value_loss           | 4.32e+05  |
---------------------------------------
---------------------------------------
| rollout/                |           |
|    ep_len_mean          | 59.1      |
|    ep_rew_mean          | 1.74e+03  |
| time/                   |           |
|    fps                  | 200       |
|    iterations           | 559       |
|    time_elapsed         | 1425      |
|    total_timesteps      | 286208    |
| train/                  |           |
|    approx_kl            | 0.0       |
|    clip_fraction        | 0         |
|    clip_range           | 0.2       |
|    entropy_loss         | -0.000229 |
|    explained_variance   | 0         |
|    learning_rate        | 0.0003    |
|    loss                 | 1.91e+05  |
|    n_updates            | 2790      |
|    policy_gradient_loss | 1.02e-08  |
|    value_loss           | 3.69e+05  |
---------------------------------------
---------------------------------------
| rollout/                |           |
|    ep_len_mean          | 59.6      |
|    ep_rew_mean          | 1.84e+03  |
| time/                   |           |
|    fps                  | 200       |
|    iterations           | 560       |
|    time_elapsed         | 1426      |
|    total_timesteps      | 286720    |
| train/                  |           |
|    approx_kl            | 0.0       |
|    clip_fraction        | 0         |
|    clip_range           | 0.2       |
|    entropy_loss         | -0.000199 |
|    explained_variance   | 1.19e-07  |
|    learning_rate        | 0.0003    |
|    loss                 | 6.51e+04  |
|    n_updates            | 2795      |
|    policy_gradient_loss | 3.49e-10  |
|    value_loss           | 1.58e+05  |
---------------------------------------
---------------------------------------
| rollout/                |           |
|    ep_len_mean          | 63.1      |
|    ep_rew_mean          | 2.01e+03  |
| time/                   |           |
|    fps                  | 201       |
|    iterations           | 561       |
|    time_elapsed         | 1428      |
|    total_timesteps      | 287232    |
| train/                  |           |
|    approx_kl            | 0.0       |
|    clip_fraction        | 0         |
|    clip_range           | 0.2       |
|    entropy_loss         | -0.000218 |
|    explained_variance   | 1.79e-07  |
|    learning_rate        | 0.0003    |
|    loss                 | 1.8e+05   |
|    n_updates            | 2800      |
|    policy_gradient_loss | 2.56e-10  |
|    value_loss           | 3.57e+05  |
---------------------------------------
---------------------------------------
| rollout/                |           |
|    ep_len_mean          | 61.9      |
|    ep_rew_mean          | 1.91e+03  |
| time/                   |           |
|    fps                  | 201       |
|    iterations           | 562       |
|    time_elapsed         | 1430      |
|    total_timesteps      | 287744    |
| train/                  |           |
|    approx_kl            | 0.0       |
|    clip_fraction        | 0         |
|    clip_range           | 0.2       |
|    entropy_loss         | -0.000205 |
|    explained_variance   | 0         |
|    learning_rate        | 0.0003    |
|    loss                 | 6.86e+04  |
|    n_updates            | 2805      |
|    policy_gradient_loss | 7.92e-10  |
|    value_loss           | 1.94e+05  |
---------------------------------------
---------------------------------------
| rollout/                |           |
|    ep_len_mean          | 53.4      |
|    ep_rew_mean          | 1.65e+03  |
| time/                   |           |
|    fps                  | 201       |
|    iterations           | 563       |
|    time_elapsed         | 1431      |
|    total_timesteps      | 288256    |
| train/                  |           |
|    approx_kl            | 0.0       |
|    clip_fraction        | 0         |
|    clip_range           | 0.2       |
|    entropy_loss         | -0.000198 |
|    explained_variance   | -1.19e-07 |
|    learning_rate        | 0.0003    |
|    loss                 | 7.03e+04  |
|    n_updates            | 2810      |
|    policy_gradient_loss | 4.05e-09  |
|    value_loss           | 1.57e+05  |
---------------------------------------
---------------------------------------
| rollout/                |           |
|    ep_len_mean          | 47.4      |
|    ep_rew_mean          | 1.29e+03  |
| time/                   |           |
|    fps                  | 201       |
|    iterations           | 564       |
|    time_elapsed         | 1433      |
|    total_timesteps      | 288768    |
| train/                  |           |
|    approx_kl            | 0.0       |
|    clip_fraction        | 0         |
|    clip_range           | 0.2       |
|    entropy_loss         | -0.0002   |
|    explained_variance   | 0         |
|    learning_rate        | 0.0003    |
|    loss                 | 1.04e+05  |
|    n_updates            | 2815      |
|    policy_gradient_loss | -2.33e-09 |
|    value_loss           | 1.82e+05  |
---------------------------------------
---------------------------------------
| rollout/                |           |
|    ep_len_mean          | 46.7      |
|    ep_rew_mean          | 1.28e+03  |
| time/                   |           |
|    fps                  | 201       |
|    iterations           | 565       |
|    time_elapsed         | 1435      |
|    total_timesteps      | 289280    |
| train/                  |           |
|    approx_kl            | 0.0       |
|    clip_fraction        | 0         |
|    clip_range           | 0.2       |
|    entropy_loss         | -0.000206 |
|    explained_variance   | 1.19e-07  |
|    learning_rate        | 0.0003    |
|    loss                 | 1.8e+05   |
|    n_updates            | 2820      |
|    policy_gradient_loss | -2.82e-09 |
|    value_loss           | 3.08e+05  |
---------------------------------------
---------------------------------------
| rollout/                |           |
|    ep_len_mean          | 42.3      |
|    ep_rew_mean          | 1.07e+03  |
| time/                   |           |
|    fps                  | 201       |
|    iterations           | 566       |
|    time_elapsed         | 1436      |
|    total_timesteps      | 289792    |
| train/                  |           |
|    approx_kl            | 0.0       |
|    clip_fraction        | 0         |
|    clip_range           | 0.2       |
|    entropy_loss         | -0.000195 |
|    explained_variance   | 0         |
|    learning_rate        | 0.0003    |
|    loss                 | 1.29e+05  |
|    n_updates            | 2825      |
|    policy_gradient_loss | -8.45e-09 |
|    value_loss           | 2.61e+05  |
---------------------------------------
---------------------------------------
| rollout/                |           |
|    ep_len_mean          | 41.2      |
|    ep_rew_mean          | 1.01e+03  |
| time/                   |           |
|    fps                  | 201       |
|    iterations           | 567       |
|    time_elapsed         | 1438      |
|    total_timesteps      | 290304    |
| train/                  |           |
|    approx_kl            | 0.0       |
|    clip_fraction        | 0         |
|    clip_range           | 0.2       |
|    entropy_loss         | -0.000209 |
|    explained_variance   | 0         |
|    learning_rate        | 0.0003    |
|    loss                 | 9.02e+04  |
|    n_updates            | 2830      |
|    policy_gradient_loss | 6.4e-09   |
|    value_loss           | 1.7e+05   |
---------------------------------------
---------------------------------------
| rollout/                |           |
|    ep_len_mean          | 36.7      |
|    ep_rew_mean          | 882       |
| time/                   |           |
|    fps                  | 201       |
|    iterations           | 568       |
|    time_elapsed         | 1440      |
|    total_timesteps      | 290816    |
| train/                  |           |
|    approx_kl            | 0.0       |
|    clip_fraction        | 0         |
|    clip_range           | 0.2       |
|    entropy_loss         | -0.000216 |
|    explained_variance   | 0         |
|    learning_rate        | 0.0003    |
|    loss                 | 6.79e+04  |
|    n_updates            | 2835      |
|    policy_gradient_loss | -2.07e-09 |
|    value_loss           | 1.26e+05  |
---------------------------------------
---------------------------------------
| rollout/                |           |
|    ep_len_mean          | 37        |
|    ep_rew_mean          | 848       |
| time/                   |           |
|    fps                  | 201       |
|    iterations           | 569       |
|    time_elapsed         | 1442      |
|    total_timesteps      | 291328    |
| train/                  |           |
|    approx_kl            | 0.0       |
|    clip_fraction        | 0         |
|    clip_range           | 0.2       |
|    entropy_loss         | -0.000208 |
|    explained_variance   | 0         |
|    learning_rate        | 0.0003    |
|    loss                 | 8.97e+04  |
|    n_updates            | 2840      |
|    policy_gradient_loss | 1.44e-09  |
|    value_loss           | 1.9e+05   |
---------------------------------------
---------------------------------------
| rollout/                |           |
|    ep_len_mean          | 39.9      |
|    ep_rew_mean          | 1.08e+03  |
| time/                   |           |
|    fps                  | 201       |
|    iterations           | 570       |
|    time_elapsed         | 1444      |
|    total_timesteps      | 291840    |
| train/                  |           |
|    approx_kl            | 0.0       |
|    clip_fraction        | 0         |
|    clip_range           | 0.2       |
|    entropy_loss         | -0.000228 |
|    explained_variance   | 0         |
|    learning_rate        | 0.0003    |
|    loss                 | 2.74e+05  |
|    n_updates            | 2845      |
|    policy_gradient_loss | -2.4e-09  |
|    value_loss           | 4.62e+05  |
---------------------------------------
--------------------------------------
| rollout/                |          |
|    ep_len_mean          | 37.3     |
|    ep_rew_mean          | 1.06e+03 |
| time/                   |          |
|    fps                  | 201      |
|    iterations           | 571      |
|    time_elapsed         | 1447     |
|    total_timesteps      | 292352   |
| train/                  |          |
|    approx_kl            | 0.0      |
|    clip_fraction        | 0        |
|    clip_range           | 0.2      |
|    entropy_loss         | -0.0002  |
|    explained_variance   | 0        |
|    learning_rate        | 0.0003   |
|    loss                 | 1.11e+05 |
|    n_updates            | 2850     |
|    policy_gradient_loss | 6.52e-09 |
|    value_loss           | 2.12e+05 |
--------------------------------------
---------------------------------------
| rollout/                |           |
|    ep_len_mean          | 37.2      |
|    ep_rew_mean          | 1.06e+03  |
| time/                   |           |
|    fps                  | 202       |
|    iterations           | 572       |
|    time_elapsed         | 1449      |
|    total_timesteps      | 292864    |
| train/                  |           |
|    approx_kl            | 0.0       |
|    clip_fraction        | 0         |
|    clip_range           | 0.2       |
|    entropy_loss         | -0.000207 |
|    explained_variance   | 0         |
|    learning_rate        | 0.0003    |
|    loss                 | 1.02e+05  |
|    n_updates            | 2855      |
|    policy_gradient_loss | 1.37e-09  |
|    value_loss           | 1.86e+05  |
---------------------------------------
---------------------------------------
| rollout/                |           |
|    ep_len_mean          | 37.7      |
|    ep_rew_mean          | 1.08e+03  |
| time/                   |           |
|    fps                  | 202       |
|    iterations           | 573       |
|    time_elapsed         | 1450      |
|    total_timesteps      | 293376    |
| train/                  |           |
|    approx_kl            | 0.0       |
|    clip_fraction        | 0         |
|    clip_range           | 0.2       |
|    entropy_loss         | -0.000199 |
|    explained_variance   | 0         |
|    learning_rate        | 0.0003    |
|    loss                 | 7.87e+04  |
|    n_updates            | 2860      |
|    policy_gradient_loss | 3.93e-09  |
|    value_loss           | 1.62e+05  |
---------------------------------------
---------------------------------------
| rollout/                |           |
|    ep_len_mean          | 38.4      |
|    ep_rew_mean          | 1.11e+03  |
| time/                   |           |
|    fps                  | 202       |
|    iterations           | 574       |
|    time_elapsed         | 1452      |
|    total_timesteps      | 293888    |
| train/                  |           |
|    approx_kl            | 0.0       |
|    clip_fraction        | 0         |
|    clip_range           | 0.2       |
|    entropy_loss         | -0.000207 |
|    explained_variance   | 0         |
|    learning_rate        | 0.0003    |
|    loss                 | 9.33e+04  |
|    n_updates            | 2865      |
|    policy_gradient_loss | 8.61e-10  |
|    value_loss           | 2.22e+05  |
---------------------------------------
---------------------------------------
| rollout/                |           |
|    ep_len_mean          | 42.9      |
|    ep_rew_mean          | 1.32e+03  |
| time/                   |           |
|    fps                  | 202       |
|    iterations           | 575       |
|    time_elapsed         | 1454      |
|    total_timesteps      | 294400    |
| train/                  |           |
|    approx_kl            | 0.0       |
|    clip_fraction        | 0         |
|    clip_range           | 0.2       |
|    entropy_loss         | -0.000221 |
|    explained_variance   | 5.96e-08  |
|    learning_rate        | 0.0003    |
|    loss                 | 2.03e+05  |
|    n_updates            | 2870      |
|    policy_gradient_loss | -1.77e-09 |
|    value_loss           | 4.32e+05  |
---------------------------------------
---------------------------------------
| rollout/                |           |
|    ep_len_mean          | 41.9      |
|    ep_rew_mean          | 1.35e+03  |
| time/                   |           |
|    fps                  | 202       |
|    iterations           | 576       |
|    time_elapsed         | 1456      |
|    total_timesteps      | 294912    |
| train/                  |           |
|    approx_kl            | 0.0       |
|    clip_fraction        | 0         |
|    clip_range           | 0.2       |
|    entropy_loss         | -0.000205 |
|    explained_variance   | 0         |
|    learning_rate        | 0.0003    |
|    loss                 | 7.66e+04  |
|    n_updates            | 2875      |
|    policy_gradient_loss | -6.12e-09 |
|    value_loss           | 1.99e+05  |
---------------------------------------
---------------------------------------
| rollout/                |           |
|    ep_len_mean          | 38.1      |
|    ep_rew_mean          | 1.21e+03  |
| time/                   |           |
|    fps                  | 202       |
|    iterations           | 577       |
|    time_elapsed         | 1458      |
|    total_timesteps      | 295424    |
| train/                  |           |
|    approx_kl            | 0.0       |
|    clip_fraction        | 0         |
|    clip_range           | 0.2       |
|    entropy_loss         | -0.000195 |
|    explained_variance   | 0         |
|    learning_rate        | 0.0003    |
|    loss                 | 6.79e+04  |
|    n_updates            | 2880      |
|    policy_gradient_loss | 4.7e-09   |
|    value_loss           | 1.71e+05  |
---------------------------------------
---------------------------------------
| rollout/                |           |
|    ep_len_mean          | 39.2      |
|    ep_rew_mean          | 1.19e+03  |
| time/                   |           |
|    fps                  | 202       |
|    iterations           | 578       |
|    time_elapsed         | 1459      |
|    total_timesteps      | 295936    |
| train/                  |           |
|    approx_kl            | 0.0       |
|    clip_fraction        | 0         |
|    clip_range           | 0.2       |
|    entropy_loss         | -0.000205 |
|    explained_variance   | 0         |
|    learning_rate        | 0.0003    |
|    loss                 | 8.1e+04   |
|    n_updates            | 2885      |
|    policy_gradient_loss | 2.86e-09  |
|    value_loss           | 1.76e+05  |
---------------------------------------
---------------------------------------
| rollout/                |           |
|    ep_len_mean          | 43.9      |
|    ep_rew_mean          | 1.38e+03  |
| time/                   |           |
|    fps                  | 202       |
|    iterations           | 579       |
|    time_elapsed         | 1461      |
|    total_timesteps      | 296448    |
| train/                  |           |
|    approx_kl            | 0.0       |
|    clip_fraction        | 0         |
|    clip_range           | 0.2       |
|    entropy_loss         | -0.000221 |
|    explained_variance   | -1.19e-07 |
|    learning_rate        | 0.0003    |
|    loss                 | 2.18e+05  |
|    n_updates            | 2890      |
|    policy_gradient_loss | 5.26e-09  |
|    value_loss           | 4.29e+05  |
---------------------------------------
---------------------------------------
| rollout/                |           |
|    ep_len_mean          | 46.6      |
|    ep_rew_mean          | 1.49e+03  |
| time/                   |           |
|    fps                  | 202       |
|    iterations           | 580       |
|    time_elapsed         | 1463      |
|    total_timesteps      | 296960    |
| train/                  |           |
|    approx_kl            | 0.0       |
|    clip_fraction        | 0         |
|    clip_range           | 0.2       |
|    entropy_loss         | -0.000222 |
|    explained_variance   | 0         |
|    learning_rate        | 0.0003    |
|    loss                 | 1.46e+05  |
|    n_updates            | 2895      |
|    policy_gradient_loss | 6.71e-09  |
|    value_loss           | 3.19e+05  |
---------------------------------------
---------------------------------------
| rollout/                |           |
|    ep_len_mean          | 43.4      |
|    ep_rew_mean          | 1.33e+03  |
| time/                   |           |
|    fps                  | 203       |
|    iterations           | 581       |
|    time_elapsed         | 1465      |
|    total_timesteps      | 297472    |
| train/                  |           |
|    approx_kl            | 0.0       |
|    clip_fraction        | 0         |
|    clip_range           | 0.2       |
|    entropy_loss         | -0.000187 |
|    explained_variance   | 1.19e-07  |
|    learning_rate        | 0.0003    |
|    loss                 | 1.3e+05   |
|    n_updates            | 2900      |
|    policy_gradient_loss | -3.52e-09 |
|    value_loss           | 2.54e+05  |
---------------------------------------
---------------------------------------
| rollout/                |           |
|    ep_len_mean          | 40.8      |
|    ep_rew_mean          | 1.05e+03  |
| time/                   |           |
|    fps                  | 203       |
|    iterations           | 582       |
|    time_elapsed         | 1466      |
|    total_timesteps      | 297984    |
| train/                  |           |
|    approx_kl            | 0.0       |
|    clip_fraction        | 0         |
|    clip_range           | 0.2       |
|    entropy_loss         | -0.000196 |
|    explained_variance   | 0         |
|    learning_rate        | 0.0003    |
|    loss                 | 1.07e+05  |
|    n_updates            | 2905      |
|    policy_gradient_loss | -7.68e-10 |
|    value_loss           | 2.11e+05  |
---------------------------------------
---------------------------------------
| rollout/                |           |
|    ep_len_mean          | 45.7      |
|    ep_rew_mean          | 1.24e+03  |
| time/                   |           |
|    fps                  | 203       |
|    iterations           | 583       |
|    time_elapsed         | 1468      |
|    total_timesteps      | 298496    |
| train/                  |           |
|    approx_kl            | 0.0       |
|    clip_fraction        | 0         |
|    clip_range           | 0.2       |
|    entropy_loss         | -0.000198 |
|    explained_variance   | -1.19e-07 |
|    learning_rate        | 0.0003    |
|    loss                 | 1.03e+05  |
|    n_updates            | 2910      |
|    policy_gradient_loss | 1.96e-09  |
|    value_loss           | 2.18e+05  |
---------------------------------------
---------------------------------------
| rollout/                |           |
|    ep_len_mean          | 44.2      |
|    ep_rew_mean          | 1.13e+03  |
| time/                   |           |
|    fps                  | 203       |
|    iterations           | 584       |
|    time_elapsed         | 1470      |
|    total_timesteps      | 299008    |
| train/                  |           |
|    approx_kl            | 0.0       |
|    clip_fraction        | 0         |
|    clip_range           | 0.2       |
|    entropy_loss         | -0.000229 |
|    explained_variance   | 1.19e-07  |
|    learning_rate        | 0.0003    |
|    loss                 | 2.33e+05  |
|    n_updates            | 2915      |
|    policy_gradient_loss | 4.59e-09  |
|    value_loss           | 4.7e+05   |
---------------------------------------
---------------------------------------
| rollout/                |           |
|    ep_len_mean          | 47.6      |
|    ep_rew_mean          | 1.28e+03  |
| time/                   |           |
|    fps                  | 203       |
|    iterations           | 585       |
|    time_elapsed         | 1473      |
|    total_timesteps      | 299520    |
| train/                  |           |
|    approx_kl            | 0.0       |
|    clip_fraction        | 0         |
|    clip_range           | 0.2       |
|    entropy_loss         | -0.000214 |
|    explained_variance   | 0         |
|    learning_rate        | 0.0003    |
|    loss                 | 2.74e+05  |
|    n_updates            | 2920      |
|    policy_gradient_loss | -1.3e-09  |
|    value_loss           | 4.98e+05  |
---------------------------------------
---------------------------------------
| rollout/                |           |
|    ep_len_mean          | 47.6      |
|    ep_rew_mean          | 1.28e+03  |
| time/                   |           |
|    fps                  | 203       |
|    iterations           | 586       |
|    time_elapsed         | 1475      |
|    total_timesteps      | 300032    |
| train/                  |           |
|    approx_kl            | 0.0       |
|    clip_fraction        | 0         |
|    clip_range           | 0.2       |
|    entropy_loss         | -0.000213 |
|    explained_variance   | 0         |
|    learning_rate        | 0.0003    |
|    loss                 | 1.37e+05  |
|    n_updates            | 2925      |
|    policy_gradient_loss | 1.11e-08  |
|    value_loss           | 2.74e+05  |
---------------------------------------

Model saved -> models/variants/ppo_bpic2012_cate_randomstart.zip
   Manifest → models/variants/ppo_bpic2012_cate_randomstart_manifest.json
   Training curve (8629 episodes) → models/variants/ppo_bpic2012_cate_randomstart_training_curve.csv
