/home/andrew/Documents/docs/2-resolver-problema/process-mining/prescriptive-process-monitoring/timing-explanations-pspm/.venv/lib/python3.14/site-packages/stable_baselines3/common/on_policy_algorithm.py:150: UserWarning: You are trying to run PPO on the GPU, but it is primarily intended to run on the CPU when not using a CNN policy (you are using ActorCriticPolicy which should be a MlpPolicy). See https://github.com/DLR-RM/stable-baselines3/issues/1245 for more info. You can pass `device='cpu'` or `export CUDA_VISIBLE_DEVICES=` to force using the CPU.Note: The model will train, but the GPU utilization will be poor and the training might take longer than on CPU.
  warnings.warn(
Loading env from data/ready_to_use_adaptive_bpic2017.csv ...
Training PPO for 300,000 timesteps (seed=42) ...
Using cuda device
Wrapping the env in a DummyVecEnv.
---------------------------------
| rollout/           |          |
|    ep_len_mean     | 2.03     |
|    ep_rew_mean     | -28      |
| time/              |          |
|    fps             | 237      |
|    iterations      | 1        |
|    time_elapsed    | 2        |
|    total_timesteps | 512      |
---------------------------------
-----------------------------------------
| rollout/                |             |
|    ep_len_mean          | 2.42        |
|    ep_rew_mean          | 6.5         |
| time/                   |             |
|    fps                  | 219         |
|    iterations           | 2           |
|    time_elapsed         | 4           |
|    total_timesteps      | 1024        |
| train/                  |             |
|    approx_kl            | 0.028836844 |
|    clip_fraction        | 0.271       |
|    clip_range           | 0.2         |
|    entropy_loss         | -0.681      |
|    explained_variance   | 5.04e-05    |
|    learning_rate        | 0.0003      |
|    loss                 | 2.57e+03    |
|    n_updates            | 5           |
|    policy_gradient_loss | -0.0786     |
|    value_loss           | 9.28e+03    |
-----------------------------------------
-----------------------------------------
| rollout/                |             |
|    ep_len_mean          | 4.51        |
|    ep_rew_mean          | 106         |
| time/                   |             |
|    fps                  | 229         |
|    iterations           | 3           |
|    time_elapsed         | 6           |
|    total_timesteps      | 1536        |
| train/                  |             |
|    approx_kl            | 0.060905587 |
|    clip_fraction        | 0.461       |
|    clip_range           | 0.2         |
|    entropy_loss         | -0.591      |
|    explained_variance   | -5.08e-05   |
|    learning_rate        | 0.0003      |
|    loss                 | 5.26e+03    |
|    n_updates            | 10          |
|    policy_gradient_loss | -0.0845     |
|    value_loss           | 1.14e+04    |
-----------------------------------------
------------------------------------------
| rollout/                |              |
|    ep_len_mean          | 5.11         |
|    ep_rew_mean          | 110          |
| time/                   |              |
|    fps                  | 229          |
|    iterations           | 4            |
|    time_elapsed         | 8            |
|    total_timesteps      | 2048         |
| train/                  |              |
|    approx_kl            | 0.0019721542 |
|    clip_fraction        | 0            |
|    clip_range           | 0.2          |
|    entropy_loss         | -0.509       |
|    explained_variance   | -6.68e-05    |
|    learning_rate        | 0.0003       |
|    loss                 | 1.32e+04     |
|    n_updates            | 15           |
|    policy_gradient_loss | -0.017       |
|    value_loss           | 3.02e+04     |
------------------------------------------
------------------------------------------
| rollout/                |              |
|    ep_len_mean          | 5.52         |
|    ep_rew_mean          | 163          |
| time/                   |              |
|    fps                  | 235          |
|    iterations           | 5            |
|    time_elapsed         | 10           |
|    total_timesteps      | 2560         |
| train/                  |              |
|    approx_kl            | 0.0013513498 |
|    clip_fraction        | 0            |
|    clip_range           | 0.2          |
|    entropy_loss         | -0.47        |
|    explained_variance   | -6.68e-06    |
|    learning_rate        | 0.0003       |
|    loss                 | 2.79e+04     |
|    n_updates            | 20           |
|    policy_gradient_loss | -0.0106      |
|    value_loss           | 5.74e+04     |
------------------------------------------
-------------------------------------------
| rollout/                |               |
|    ep_len_mean          | 6.08          |
|    ep_rew_mean          | 192           |
| time/                   |               |
|    fps                  | 238           |
|    iterations           | 6             |
|    time_elapsed         | 12            |
|    total_timesteps      | 3072          |
| train/                  |               |
|    approx_kl            | 0.00091613317 |
|    clip_fraction        | 0             |
|    clip_range           | 0.2           |
|    entropy_loss         | -0.439        |
|    explained_variance   | -4.41e-05     |
|    learning_rate        | 0.0003        |
|    loss                 | 2.23e+04      |
|    n_updates            | 25            |
|    policy_gradient_loss | -0.0116       |
|    value_loss           | 5.87e+04      |
-------------------------------------------
-------------------------------------------
| rollout/                |               |
|    ep_len_mean          | 6.61          |
|    ep_rew_mean          | 221           |
| time/                   |               |
|    fps                  | 241           |
|    iterations           | 7             |
|    time_elapsed         | 14            |
|    total_timesteps      | 3584          |
| train/                  |               |
|    approx_kl            | 0.00071025116 |
|    clip_fraction        | 0             |
|    clip_range           | 0.2           |
|    entropy_loss         | -0.412        |
|    explained_variance   | 0.000176      |
|    learning_rate        | 0.0003        |
|    loss                 | 3.33e+04      |
|    n_updates            | 30            |
|    policy_gradient_loss | -0.00937      |
|    value_loss           | 7.04e+04      |
-------------------------------------------
------------------------------------------
| rollout/                |              |
|    ep_len_mean          | 6.56         |
|    ep_rew_mean          | 216          |
| time/                   |              |
|    fps                  | 243          |
|    iterations           | 8            |
|    time_elapsed         | 16           |
|    total_timesteps      | 4096         |
| train/                  |              |
|    approx_kl            | 0.0003646498 |
|    clip_fraction        | 0            |
|    clip_range           | 0.2          |
|    entropy_loss         | -0.39        |
|    explained_variance   | 0.000152     |
|    learning_rate        | 0.0003       |
|    loss                 | 3.49e+04     |
|    n_updates            | 35           |
|    policy_gradient_loss | -0.00596     |
|    value_loss           | 9.23e+04     |
------------------------------------------
-------------------------------------------
| rollout/                |               |
|    ep_len_mean          | 7.48          |
|    ep_rew_mean          | 295           |
| time/                   |               |
|    fps                  | 242           |
|    iterations           | 9             |
|    time_elapsed         | 19            |
|    total_timesteps      | 4608          |
| train/                  |               |
|    approx_kl            | 0.00046029466 |
|    clip_fraction        | 0             |
|    clip_range           | 0.2           |
|    entropy_loss         | -0.37         |
|    explained_variance   | 0.000138      |
|    learning_rate        | 0.0003        |
|    loss                 | 4.5e+04       |
|    n_updates            | 40            |
|    policy_gradient_loss | -0.0061       |
|    value_loss           | 9.26e+04      |
-------------------------------------------
------------------------------------------
| rollout/                |              |
|    ep_len_mean          | 8.93         |
|    ep_rew_mean          | 372          |
| time/                   |              |
|    fps                  | 243          |
|    iterations           | 10           |
|    time_elapsed         | 21           |
|    total_timesteps      | 5120         |
| train/                  |              |
|    approx_kl            | 0.0001988574 |
|    clip_fraction        | 0            |
|    clip_range           | 0.2          |
|    entropy_loss         | -0.351       |
|    explained_variance   | 6.64e-05     |
|    learning_rate        | 0.0003       |
|    loss                 | 6.94e+04     |
|    n_updates            | 45           |
|    policy_gradient_loss | -0.004       |
|    value_loss           | 1.48e+05     |
------------------------------------------
-------------------------------------------
| rollout/                |               |
|    ep_len_mean          | 8.92          |
|    ep_rew_mean          | 366           |
| time/                   |               |
|    fps                  | 244           |
|    iterations           | 11            |
|    time_elapsed         | 23            |
|    total_timesteps      | 5632          |
| train/                  |               |
|    approx_kl            | 0.00024486263 |
|    clip_fraction        | 0             |
|    clip_range           | 0.2           |
|    entropy_loss         | -0.338        |
|    explained_variance   | 6.09e-05      |
|    learning_rate        | 0.0003        |
|    loss                 | 3.26e+04      |
|    n_updates            | 50            |
|    policy_gradient_loss | -0.0049       |
|    value_loss           | 9.57e+04      |
-------------------------------------------
------------------------------------------
| rollout/                |              |
|    ep_len_mean          | 8.87         |
|    ep_rew_mean          | 332          |
| time/                   |              |
|    fps                  | 245          |
|    iterations           | 12           |
|    time_elapsed         | 25           |
|    total_timesteps      | 6144         |
| train/                  |              |
|    approx_kl            | 0.0002753142 |
|    clip_fraction        | 0            |
|    clip_range           | 0.2          |
|    entropy_loss         | -0.32        |
|    explained_variance   | 2.46e-05     |
|    learning_rate        | 0.0003       |
|    loss                 | 5.72e+04     |
|    n_updates            | 55           |
|    policy_gradient_loss | -0.00534     |
|    value_loss           | 1.28e+05     |
------------------------------------------
-------------------------------------------
| rollout/                |               |
|    ep_len_mean          | 10.1          |
|    ep_rew_mean          | 394           |
| time/                   |               |
|    fps                  | 247           |
|    iterations           | 13            |
|    time_elapsed         | 26            |
|    total_timesteps      | 6656          |
| train/                  |               |
|    approx_kl            | 0.00023731345 |
|    clip_fraction        | 0             |
|    clip_range           | 0.2           |
|    entropy_loss         | -0.305        |
|    explained_variance   | -9.3e-06      |
|    learning_rate        | 0.0003        |
|    loss                 | 7.17e+04      |
|    n_updates            | 60            |
|    policy_gradient_loss | -0.00308      |
|    value_loss           | 1.52e+05      |
-------------------------------------------
-------------------------------------------
| rollout/                |               |
|    ep_len_mean          | 11.5          |
|    ep_rew_mean          | 496           |
| time/                   |               |
|    fps                  | 248           |
|    iterations           | 14            |
|    time_elapsed         | 28            |
|    total_timesteps      | 7168          |
| train/                  |               |
|    approx_kl            | 9.8417164e-05 |
|    clip_fraction        | 0             |
|    clip_range           | 0.2           |
|    entropy_loss         | -0.29         |
|    explained_variance   | -2.38e-05     |
|    learning_rate        | 0.0003        |
|    loss                 | 9.17e+04      |
|    n_updates            | 65            |
|    policy_gradient_loss | -0.00332      |
|    value_loss           | 1.62e+05      |
-------------------------------------------
-------------------------------------------
| rollout/                |               |
|    ep_len_mean          | 11.7          |
|    ep_rew_mean          | 459           |
| time/                   |               |
|    fps                  | 249           |
|    iterations           | 15            |
|    time_elapsed         | 30            |
|    total_timesteps      | 7680          |
| train/                  |               |
|    approx_kl            | 0.00012703007 |
|    clip_fraction        | 0             |
|    clip_range           | 0.2           |
|    entropy_loss         | -0.279        |
|    explained_variance   | 2.38e-07      |
|    learning_rate        | 0.0003        |
|    loss                 | 7.32e+04      |
|    n_updates            | 70            |
|    policy_gradient_loss | -0.00352      |
|    value_loss           | 1.48e+05      |
-------------------------------------------
-------------------------------------------
| rollout/                |               |
|    ep_len_mean          | 10.6          |
|    ep_rew_mean          | 381           |
| time/                   |               |
|    fps                  | 250           |
|    iterations           | 16            |
|    time_elapsed         | 32            |
|    total_timesteps      | 8192          |
| train/                  |               |
|    approx_kl            | 0.00013555796 |
|    clip_fraction        | 0             |
|    clip_range           | 0.2           |
|    entropy_loss         | -0.268        |
|    explained_variance   | 8.58e-06      |
|    learning_rate        | 0.0003        |
|    loss                 | 8.99e+04      |
|    n_updates            | 75            |
|    policy_gradient_loss | -0.0015       |
|    value_loss           | 1.81e+05      |
-------------------------------------------
-------------------------------------------
| rollout/                |               |
|    ep_len_mean          | 11.4          |
|    ep_rew_mean          | 482           |
| time/                   |               |
|    fps                  | 251           |
|    iterations           | 17            |
|    time_elapsed         | 34            |
|    total_timesteps      | 8704          |
| train/                  |               |
|    approx_kl            | 0.00014031935 |
|    clip_fraction        | 0             |
|    clip_range           | 0.2           |
|    entropy_loss         | -0.257        |
|    explained_variance   | 2.98e-05      |
|    learning_rate        | 0.0003        |
|    loss                 | 8.6e+04       |
|    n_updates            | 80            |
|    policy_gradient_loss | -0.00276      |
|    value_loss           | 2.05e+05      |
-------------------------------------------
-------------------------------------------
| rollout/                |               |
|    ep_len_mean          | 13            |
|    ep_rew_mean          | 603           |
| time/                   |               |
|    fps                  | 252           |
|    iterations           | 18            |
|    time_elapsed         | 36            |
|    total_timesteps      | 9216          |
| train/                  |               |
|    approx_kl            | 0.00010758301 |
|    clip_fraction        | 0             |
|    clip_range           | 0.2           |
|    entropy_loss         | -0.245        |
|    explained_variance   | 8.88e-06      |
|    learning_rate        | 0.0003        |
|    loss                 | 7.03e+04      |
|    n_updates            | 85            |
|    policy_gradient_loss | -0.00319      |
|    value_loss           | 1.58e+05      |
-------------------------------------------
------------------------------------------
| rollout/                |              |
|    ep_len_mean          | 14.9         |
|    ep_rew_mean          | 690          |
| time/                   |              |
|    fps                  | 253          |
|    iterations           | 19           |
|    time_elapsed         | 38           |
|    total_timesteps      | 9728         |
| train/                  |              |
|    approx_kl            | 4.846463e-05 |
|    clip_fraction        | 0            |
|    clip_range           | 0.2          |
|    entropy_loss         | -0.235       |
|    explained_variance   | 1.16e-05     |
|    learning_rate        | 0.0003       |
|    loss                 | 1.44e+05     |
|    n_updates            | 90           |
|    policy_gradient_loss | -0.00182     |
|    value_loss           | 2.9e+05      |
------------------------------------------
-------------------------------------------
| rollout/                |               |
|    ep_len_mean          | 15.6          |
|    ep_rew_mean          | 761           |
| time/                   |               |
|    fps                  | 253           |
|    iterations           | 20            |
|    time_elapsed         | 40            |
|    total_timesteps      | 10240         |
| train/                  |               |
|    approx_kl            | 5.2133924e-05 |
|    clip_fraction        | 0             |
|    clip_range           | 0.2           |
|    entropy_loss         | -0.228        |
|    explained_variance   | -9.66e-06     |
|    learning_rate        | 0.0003        |
|    loss                 | 9.61e+04      |
|    n_updates            | 95            |
|    policy_gradient_loss | -0.00199      |
|    value_loss           | 1.95e+05      |
-------------------------------------------
------------------------------------------
| rollout/                |              |
|    ep_len_mean          | 14.3         |
|    ep_rew_mean          | 616          |
| time/                   |              |
|    fps                  | 254          |
|    iterations           | 21           |
|    time_elapsed         | 42           |
|    total_timesteps      | 10752        |
| train/                  |              |
|    approx_kl            | 4.931295e-05 |
|    clip_fraction        | 0            |
|    clip_range           | 0.2          |
|    entropy_loss         | -0.219       |
|    explained_variance   | -7.51e-06    |
|    learning_rate        | 0.0003       |
|    loss                 | 1.06e+05     |
|    n_updates            | 100          |
|    policy_gradient_loss | -0.00199     |
|    value_loss           | 2.16e+05     |
------------------------------------------
------------------------------------------
| rollout/                |              |
|    ep_len_mean          | 13.9         |
|    ep_rew_mean          | 575          |
| time/                   |              |
|    fps                  | 255          |
|    iterations           | 22           |
|    time_elapsed         | 44           |
|    total_timesteps      | 11264        |
| train/                  |              |
|    approx_kl            | 8.187303e-05 |
|    clip_fraction        | 0            |
|    clip_range           | 0.2          |
|    entropy_loss         | -0.213       |
|    explained_variance   | 1.6e-05      |
|    learning_rate        | 0.0003       |
|    loss                 | 1.06e+05     |
|    n_updates            | 105          |
|    policy_gradient_loss | -0.00159     |
|    value_loss           | 2.13e+05     |
------------------------------------------
------------------------------------------
| rollout/                |              |
|    ep_len_mean          | 14.7         |
|    ep_rew_mean          | 630          |
| time/                   |              |
|    fps                  | 256          |
|    iterations           | 23           |
|    time_elapsed         | 45           |
|    total_timesteps      | 11776        |
| train/                  |              |
|    approx_kl            | 8.871069e-05 |
|    clip_fraction        | 0            |
|    clip_range           | 0.2          |
|    entropy_loss         | -0.203       |
|    explained_variance   | 4.17e-07     |
|    learning_rate        | 0.0003       |
|    loss                 | 7.4e+04      |
|    n_updates            | 110          |
|    policy_gradient_loss | -0.00257     |
|    value_loss           | 1.67e+05     |
------------------------------------------
------------------------------------------
| rollout/                |              |
|    ep_len_mean          | 16           |
|    ep_rew_mean          | 650          |
| time/                   |              |
|    fps                  | 257          |
|    iterations           | 24           |
|    time_elapsed         | 47           |
|    total_timesteps      | 12288        |
| train/                  |              |
|    approx_kl            | 5.180214e-05 |
|    clip_fraction        | 0            |
|    clip_range           | 0.2          |
|    entropy_loss         | -0.194       |
|    explained_variance   | -1.86e-05    |
|    learning_rate        | 0.0003       |
|    loss                 | 7.66e+04     |
|    n_updates            | 115          |
|    policy_gradient_loss | -0.00213     |
|    value_loss           | 2.11e+05     |
------------------------------------------
------------------------------------------
| rollout/                |              |
|    ep_len_mean          | 17           |
|    ep_rew_mean          | 743          |
| time/                   |              |
|    fps                  | 258          |
|    iterations           | 25           |
|    time_elapsed         | 49           |
|    total_timesteps      | 12800        |
| train/                  |              |
|    approx_kl            | 4.480558e-05 |
|    clip_fraction        | 0            |
|    clip_range           | 0.2          |
|    entropy_loss         | -0.187       |
|    explained_variance   | 5.3e-06      |
|    learning_rate        | 0.0003       |
|    loss                 | 1.28e+05     |
|    n_updates            | 120          |
|    policy_gradient_loss | -0.00101     |
|    value_loss           | 2.59e+05     |
------------------------------------------
-------------------------------------------
| rollout/                |               |
|    ep_len_mean          | 17.8          |
|    ep_rew_mean          | 846           |
| time/                   |               |
|    fps                  | 259           |
|    iterations           | 26            |
|    time_elapsed         | 51            |
|    total_timesteps      | 13312         |
| train/                  |               |
|    approx_kl            | 1.9440544e-05 |
|    clip_fraction        | 0             |
|    clip_range           | 0.2           |
|    entropy_loss         | -0.182        |
|    explained_variance   | 1.91e-06      |
|    learning_rate        | 0.0003        |
|    loss                 | 1.91e+05      |
|    n_updates            | 125           |
|    policy_gradient_loss | -0.00114      |
|    value_loss           | 3.73e+05      |
-------------------------------------------
-------------------------------------------
| rollout/                |               |
|    ep_len_mean          | 18.8          |
|    ep_rew_mean          | 909           |
| time/                   |               |
|    fps                  | 259           |
|    iterations           | 27            |
|    time_elapsed         | 53            |
|    total_timesteps      | 13824         |
| train/                  |               |
|    approx_kl            | 1.9042753e-05 |
|    clip_fraction        | 0             |
|    clip_range           | 0.2           |
|    entropy_loss         | -0.177        |
|    explained_variance   | 1.67e-06      |
|    learning_rate        | 0.0003        |
|    loss                 | 1.7e+05       |
|    n_updates            | 130           |
|    policy_gradient_loss | -0.00101      |
|    value_loss           | 3.14e+05      |
-------------------------------------------
-----------------------------------------
| rollout/                |             |
|    ep_len_mean          | 19          |
|    ep_rew_mean          | 953         |
| time/                   |             |
|    fps                  | 260         |
|    iterations           | 28          |
|    time_elapsed         | 55          |
|    total_timesteps      | 14336       |
| train/                  |             |
|    approx_kl            | 6.48594e-05 |
|    clip_fraction        | 0           |
|    clip_range           | 0.2         |
|    entropy_loss         | -0.172      |
|    explained_variance   | -2.38e-07   |
|    learning_rate        | 0.0003      |
|    loss                 | 1.29e+05    |
|    n_updates            | 135         |
|    policy_gradient_loss | -0.00222    |
|    value_loss           | 2.33e+05    |
-----------------------------------------
------------------------------------------
| rollout/                |              |
|    ep_len_mean          | 18.8         |
|    ep_rew_mean          | 971          |
| time/                   |              |
|    fps                  | 261          |
|    iterations           | 29           |
|    time_elapsed         | 56           |
|    total_timesteps      | 14848        |
| train/                  |              |
|    approx_kl            | 5.019817e-05 |
|    clip_fraction        | 0            |
|    clip_range           | 0.2          |
|    entropy_loss         | -0.165       |
|    explained_variance   | 1.32e-05     |
|    learning_rate        | 0.0003       |
|    loss                 | 8.82e+04     |
|    n_updates            | 140          |
|    policy_gradient_loss | -0.00188     |
|    value_loss           | 1.87e+05     |
------------------------------------------
------------------------------------------
| rollout/                |              |
|    ep_len_mean          | 18.8         |
|    ep_rew_mean          | 942          |
| time/                   |              |
|    fps                  | 261          |
|    iterations           | 30           |
|    time_elapsed         | 58           |
|    total_timesteps      | 15360        |
| train/                  |              |
|    approx_kl            | 1.646299e-05 |
|    clip_fraction        | 0            |
|    clip_range           | 0.2          |
|    entropy_loss         | -0.158       |
|    explained_variance   | 2.5e-06      |
|    learning_rate        | 0.0003       |
|    loss                 | 1.63e+05     |
|    n_updates            | 145          |
|    policy_gradient_loss | -0.000961    |
|    value_loss           | 4.62e+05     |
------------------------------------------
-------------------------------------------
| rollout/                |               |
|    ep_len_mean          | 19.6          |
|    ep_rew_mean          | 925           |
| time/                   |               |
|    fps                  | 262           |
|    iterations           | 31            |
|    time_elapsed         | 60            |
|    total_timesteps      | 15872         |
| train/                  |               |
|    approx_kl            | 3.3162185e-05 |
|    clip_fraction        | 0             |
|    clip_range           | 0.2           |
|    entropy_loss         | -0.154        |
|    explained_variance   | -3.58e-07     |
|    learning_rate        | 0.0003        |
|    loss                 | 1.14e+05      |
|    n_updates            | 150           |
|    policy_gradient_loss | -0.00129      |
|    value_loss           | 2.42e+05      |
-------------------------------------------
-------------------------------------------
| rollout/                |               |
|    ep_len_mean          | 18.8          |
|    ep_rew_mean          | 848           |
| time/                   |               |
|    fps                  | 262           |
|    iterations           | 32            |
|    time_elapsed         | 62            |
|    total_timesteps      | 16384         |
| train/                  |               |
|    approx_kl            | 1.8853345e-05 |
|    clip_fraction        | 0             |
|    clip_range           | 0.2           |
|    entropy_loss         | -0.149        |
|    explained_variance   | 4.83e-06      |
|    learning_rate        | 0.0003        |
|    loss                 | 1.43e+05      |
|    n_updates            | 155           |
|    policy_gradient_loss | -0.000646     |
|    value_loss           | 2.36e+05      |
-------------------------------------------
------------------------------------------
| rollout/                |              |
|    ep_len_mean          | 19.4         |
|    ep_rew_mean          | 826          |
| time/                   |              |
|    fps                  | 262          |
|    iterations           | 33           |
|    time_elapsed         | 64           |
|    total_timesteps      | 16896        |
| train/                  |              |
|    approx_kl            | 1.939945e-05 |
|    clip_fraction        | 0            |
|    clip_range           | 0.2          |
|    entropy_loss         | -0.145       |
|    explained_variance   | -1.67e-06    |
|    learning_rate        | 0.0003       |
|    loss                 | 1.76e+05     |
|    n_updates            | 160          |
|    policy_gradient_loss | -0.000862    |
|    value_loss           | 3.28e+05     |
------------------------------------------
-------------------------------------------
| rollout/                |               |
|    ep_len_mean          | 20.1          |
|    ep_rew_mean          | 864           |
| time/                   |               |
|    fps                  | 263           |
|    iterations           | 34            |
|    time_elapsed         | 66            |
|    total_timesteps      | 17408         |
| train/                  |               |
|    approx_kl            | 2.7518603e-05 |
|    clip_fraction        | 0             |
|    clip_range           | 0.2           |
|    entropy_loss         | -0.14         |
|    explained_variance   | 1.73e-06      |
|    learning_rate        | 0.0003        |
|    loss                 | 9.89e+04      |
|    n_updates            | 165           |
|    policy_gradient_loss | -0.000816     |
|    value_loss           | 2.86e+05      |
-------------------------------------------
-------------------------------------------
| rollout/                |               |
|    ep_len_mean          | 20.7          |
|    ep_rew_mean          | 940           |
| time/                   |               |
|    fps                  | 263           |
|    iterations           | 35            |
|    time_elapsed         | 68            |
|    total_timesteps      | 17920         |
| train/                  |               |
|    approx_kl            | 1.9403873e-05 |
|    clip_fraction        | 0             |
|    clip_range           | 0.2           |
|    entropy_loss         | -0.135        |
|    explained_variance   | -4.89e-06     |
|    learning_rate        | 0.0003        |
|    loss                 | 1.25e+05      |
|    n_updates            | 170           |
|    policy_gradient_loss | -0.00105      |
|    value_loss           | 2.73e+05      |
-------------------------------------------
-------------------------------------------
| rollout/                |               |
|    ep_len_mean          | 20.1          |
|    ep_rew_mean          | 910           |
| time/                   |               |
|    fps                  | 263           |
|    iterations           | 36            |
|    time_elapsed         | 69            |
|    total_timesteps      | 18432         |
| train/                  |               |
|    approx_kl            | 2.1303305e-05 |
|    clip_fraction        | 0             |
|    clip_range           | 0.2           |
|    entropy_loss         | -0.131        |
|    explained_variance   | -1e-05        |
|    learning_rate        | 0.0003        |
|    loss                 | 1.19e+05      |
|    n_updates            | 175           |
|    policy_gradient_loss | -0.00119      |
|    value_loss           | 2.67e+05      |
-------------------------------------------
-------------------------------------------
| rollout/                |               |
|    ep_len_mean          | 21.6          |
|    ep_rew_mean          | 1.05e+03      |
| time/                   |               |
|    fps                  | 263           |
|    iterations           | 37            |
|    time_elapsed         | 71            |
|    total_timesteps      | 18944         |
| train/                  |               |
|    approx_kl            | 0.00011476618 |
|    clip_fraction        | 0             |
|    clip_range           | 0.2           |
|    entropy_loss         | -0.126        |
|    explained_variance   | 4.59e-06      |
|    learning_rate        | 0.0003        |
|    loss                 | 7.89e+04      |
|    n_updates            | 180           |
|    policy_gradient_loss | -0.00278      |
|    value_loss           | 1.73e+05      |
-------------------------------------------
-------------------------------------------
| rollout/                |               |
|    ep_len_mean          | 21.4          |
|    ep_rew_mean          | 1.07e+03      |
| time/                   |               |
|    fps                  | 263           |
|    iterations           | 38            |
|    time_elapsed         | 73            |
|    total_timesteps      | 19456         |
| train/                  |               |
|    approx_kl            | 2.0000502e-05 |
|    clip_fraction        | 0             |
|    clip_range           | 0.2           |
|    entropy_loss         | -0.118        |
|    explained_variance   | -3.81e-06     |
|    learning_rate        | 0.0003        |
|    loss                 | 1.69e+05      |
|    n_updates            | 185           |
|    policy_gradient_loss | -0.00107      |
|    value_loss           | 3.81e+05      |
-------------------------------------------
-------------------------------------------
| rollout/                |               |
|    ep_len_mean          | 22.3          |
|    ep_rew_mean          | 1.16e+03      |
| time/                   |               |
|    fps                  | 264           |
|    iterations           | 39            |
|    time_elapsed         | 75            |
|    total_timesteps      | 19968         |
| train/                  |               |
|    approx_kl            | 1.2073549e-05 |
|    clip_fraction        | 0             |
|    clip_range           | 0.2           |
|    entropy_loss         | -0.116        |
|    explained_variance   | -4.29e-06     |
|    learning_rate        | 0.0003        |
|    loss                 | 1.56e+05      |
|    n_updates            | 190           |
|    policy_gradient_loss | -0.000745     |
|    value_loss           | 3.67e+05      |
-------------------------------------------
-------------------------------------------
| rollout/                |               |
|    ep_len_mean          | 22.8          |
|    ep_rew_mean          | 1.21e+03      |
| time/                   |               |
|    fps                  | 264           |
|    iterations           | 40            |
|    time_elapsed         | 77            |
|    total_timesteps      | 20480         |
| train/                  |               |
|    approx_kl            | 2.2884924e-06 |
|    clip_fraction        | 0             |
|    clip_range           | 0.2           |
|    entropy_loss         | -0.113        |
|    explained_variance   | -8.7e-06      |
|    learning_rate        | 0.0003        |
|    loss                 | 1.95e+05      |
|    n_updates            | 195           |
|    policy_gradient_loss | -0.00028      |
|    value_loss           | 3.73e+05      |
-------------------------------------------
-------------------------------------------
| rollout/                |               |
|    ep_len_mean          | 25.1          |
|    ep_rew_mean          | 1.32e+03      |
| time/                   |               |
|    fps                  | 264           |
|    iterations           | 41            |
|    time_elapsed         | 79            |
|    total_timesteps      | 20992         |
| train/                  |               |
|    approx_kl            | 2.3334636e-05 |
|    clip_fraction        | 0             |
|    clip_range           | 0.2           |
|    entropy_loss         | -0.11         |
|    explained_variance   | -4.17e-06     |
|    learning_rate        | 0.0003        |
|    loss                 | 1.24e+05      |
|    n_updates            | 200           |
|    policy_gradient_loss | -0.000908     |
|    value_loss           | 2.35e+05      |
-------------------------------------------
-------------------------------------------
| rollout/                |               |
|    ep_len_mean          | 25.5          |
|    ep_rew_mean          | 1.34e+03      |
| time/                   |               |
|    fps                  | 265           |
|    iterations           | 42            |
|    time_elapsed         | 81            |
|    total_timesteps      | 21504         |
| train/                  |               |
|    approx_kl            | 1.2535602e-05 |
|    clip_fraction        | 0             |
|    clip_range           | 0.2           |
|    entropy_loss         | -0.106        |
|    explained_variance   | -9.06e-06     |
|    learning_rate        | 0.0003        |
|    loss                 | 1.53e+05      |
|    n_updates            | 205           |
|    policy_gradient_loss | -0.00079      |
|    value_loss           | 2.77e+05      |
-------------------------------------------
-------------------------------------------
| rollout/                |               |
|    ep_len_mean          | 25.3          |
|    ep_rew_mean          | 1.29e+03      |
| time/                   |               |
|    fps                  | 265           |
|    iterations           | 43            |
|    time_elapsed         | 82            |
|    total_timesteps      | 22016         |
| train/                  |               |
|    approx_kl            | 1.2649689e-06 |
|    clip_fraction        | 0             |
|    clip_range           | 0.2           |
|    entropy_loss         | -0.103        |
|    explained_variance   | -9.42e-06     |
|    learning_rate        | 0.0003        |
|    loss                 | 1.32e+05      |
|    n_updates            | 210           |
|    policy_gradient_loss | -0.000174     |
|    value_loss           | 3.37e+05      |
-------------------------------------------
-------------------------------------------
| rollout/                |               |
|    ep_len_mean          | 25.6          |
|    ep_rew_mean          | 1.24e+03      |
| time/                   |               |
|    fps                  | 265           |
|    iterations           | 44            |
|    time_elapsed         | 84            |
|    total_timesteps      | 22528         |
| train/                  |               |
|    approx_kl            | 2.2127759e-05 |
|    clip_fraction        | 0             |
|    clip_range           | 0.2           |
|    entropy_loss         | -0.102        |
|    explained_variance   | -8.34e-07     |
|    learning_rate        | 0.0003        |
|    loss                 | 1.61e+05      |
|    n_updates            | 215           |
|    policy_gradient_loss | -0.000979     |
|    value_loss           | 3.32e+05      |
-------------------------------------------
-----------------------------------------
| rollout/                |             |
|    ep_len_mean          | 26          |
|    ep_rew_mean          | 1.27e+03    |
| time/                   |             |
|    fps                  | 265         |
|    iterations           | 45          |
|    time_elapsed         | 86          |
|    total_timesteps      | 23040       |
| train/                  |             |
|    approx_kl            | 7.98516e-06 |
|    clip_fraction        | 0           |
|    clip_range           | 0.2         |
|    entropy_loss         | -0.0976     |
|    explained_variance   | -3.93e-06   |
|    learning_rate        | 0.0003      |
|    loss                 | 1.8e+05     |
|    n_updates            | 220         |
|    policy_gradient_loss | -0.000501   |
|    value_loss           | 3.54e+05    |
-----------------------------------------
------------------------------------------
| rollout/                |              |
|    ep_len_mean          | 28.2         |
|    ep_rew_mean          | 1.44e+03     |
| time/                   |              |
|    fps                  | 265          |
|    iterations           | 46           |
|    time_elapsed         | 88           |
|    total_timesteps      | 23552        |
| train/                  |              |
|    approx_kl            | 4.878384e-06 |
|    clip_fraction        | 0            |
|    clip_range           | 0.2          |
|    entropy_loss         | -0.0958      |
|    explained_variance   | -5.13e-06    |
|    learning_rate        | 0.0003       |
|    loss                 | 1.33e+05     |
|    n_updates            | 225          |
|    policy_gradient_loss | -0.000411    |
|    value_loss           | 2.89e+05     |
------------------------------------------
-------------------------------------------
| rollout/                |               |
|    ep_len_mean          | 26.8          |
|    ep_rew_mean          | 1.31e+03      |
| time/                   |               |
|    fps                  | 266           |
|    iterations           | 47            |
|    time_elapsed         | 90            |
|    total_timesteps      | 24064         |
| train/                  |               |
|    approx_kl            | 3.3298275e-06 |
|    clip_fraction        | 0             |
|    clip_range           | 0.2           |
|    entropy_loss         | -0.0933       |
|    explained_variance   | -1.08e-05     |
|    learning_rate        | 0.0003        |
|    loss                 | 1.65e+05      |
|    n_updates            | 230           |
|    policy_gradient_loss | -0.000353     |
|    value_loss           | 3.33e+05      |
-------------------------------------------
-------------------------------------------
| rollout/                |               |
|    ep_len_mean          | 26.7          |
|    ep_rew_mean          | 1.21e+03      |
| time/                   |               |
|    fps                  | 266           |
|    iterations           | 48            |
|    time_elapsed         | 92            |
|    total_timesteps      | 24576         |
| train/                  |               |
|    approx_kl            | 4.3213367e-06 |
|    clip_fraction        | 0             |
|    clip_range           | 0.2           |
|    entropy_loss         | -0.0916       |
|    explained_variance   | -8.34e-07     |
|    learning_rate        | 0.0003        |
|    loss                 | 1.36e+05      |
|    n_updates            | 235           |
|    policy_gradient_loss | -0.000266     |
|    value_loss           | 3.23e+05      |
-------------------------------------------
------------------------------------------
| rollout/                |              |
|    ep_len_mean          | 26.7         |
|    ep_rew_mean          | 1.23e+03     |
| time/                   |              |
|    fps                  | 266          |
|    iterations           | 49           |
|    time_elapsed         | 94           |
|    total_timesteps      | 25088        |
| train/                  |              |
|    approx_kl            | 3.777328e-06 |
|    clip_fraction        | 0            |
|    clip_range           | 0.2          |
|    entropy_loss         | -0.0908      |
|    explained_variance   | -7.15e-07    |
|    learning_rate        | 0.0003       |
|    loss                 | 1.76e+05     |
|    n_updates            | 240          |
|    policy_gradient_loss | -0.000148    |
|    value_loss           | 3.47e+05     |
------------------------------------------
-------------------------------------------
| rollout/                |               |
|    ep_len_mean          | 27            |
|    ep_rew_mean          | 1.26e+03      |
| time/                   |               |
|    fps                  | 266           |
|    iterations           | 50            |
|    time_elapsed         | 95            |
|    total_timesteps      | 25600         |
| train/                  |               |
|    approx_kl            | 5.2193645e-06 |
|    clip_fraction        | 0             |
|    clip_range           | 0.2           |
|    entropy_loss         | -0.088        |
|    explained_variance   | -1.55e-06     |
|    learning_rate        | 0.0003        |
|    loss                 | 2.33e+05      |
|    n_updates            | 245           |
|    policy_gradient_loss | -0.000407     |
|    value_loss           | 4.21e+05      |
-------------------------------------------
-------------------------------------------
| rollout/                |               |
|    ep_len_mean          | 25.4          |
|    ep_rew_mean          | 1.14e+03      |
| time/                   |               |
|    fps                  | 267           |
|    iterations           | 51            |
|    time_elapsed         | 97            |
|    total_timesteps      | 26112         |
| train/                  |               |
|    approx_kl            | 2.0404113e-06 |
|    clip_fraction        | 0             |
|    clip_range           | 0.2           |
|    entropy_loss         | -0.0865       |
|    explained_variance   | 5.36e-07      |
|    learning_rate        | 0.0003        |
|    loss                 | 2.34e+05      |
|    n_updates            | 250           |
|    policy_gradient_loss | -0.000119     |
|    value_loss           | 4.64e+05      |
-------------------------------------------
-------------------------------------------
| rollout/                |               |
|    ep_len_mean          | 26.5          |
|    ep_rew_mean          | 1.18e+03      |
| time/                   |               |
|    fps                  | 267           |
|    iterations           | 52            |
|    time_elapsed         | 99            |
|    total_timesteps      | 26624         |
| train/                  |               |
|    approx_kl            | 2.6654452e-06 |
|    clip_fraction        | 0             |
|    clip_range           | 0.2           |
|    entropy_loss         | -0.085        |
|    explained_variance   | -8.34e-07     |
|    learning_rate        | 0.0003        |
|    loss                 | 1.94e+05      |
|    n_updates            | 255           |
|    policy_gradient_loss | -0.000184     |
|    value_loss           | 3.94e+05      |
-------------------------------------------
-------------------------------------------
| rollout/                |               |
|    ep_len_mean          | 26.6          |
|    ep_rew_mean          | 1.3e+03       |
| time/                   |               |
|    fps                  | 267           |
|    iterations           | 53            |
|    time_elapsed         | 101           |
|    total_timesteps      | 27136         |
| train/                  |               |
|    approx_kl            | 2.9164366e-06 |
|    clip_fraction        | 0             |
|    clip_range           | 0.2           |
|    entropy_loss         | -0.0835       |
|    explained_variance   | -4.77e-07     |
|    learning_rate        | 0.0003        |
|    loss                 | 1.76e+05      |
|    n_updates            | 260           |
|    policy_gradient_loss | -0.000189     |
|    value_loss           | 3.77e+05      |
-------------------------------------------
-------------------------------------------
| rollout/                |               |
|    ep_len_mean          | 27            |
|    ep_rew_mean          | 1.36e+03      |
| time/                   |               |
|    fps                  | 267           |
|    iterations           | 54            |
|    time_elapsed         | 103           |
|    total_timesteps      | 27648         |
| train/                  |               |
|    approx_kl            | 6.1169267e-06 |
|    clip_fraction        | 0             |
|    clip_range           | 0.2           |
|    entropy_loss         | -0.0826       |
|    explained_variance   | -3.7e-06      |
|    learning_rate        | 0.0003        |
|    loss                 | 1.95e+05      |
|    n_updates            | 265           |
|    policy_gradient_loss | -0.000437     |
|    value_loss           | 3.56e+05      |
-------------------------------------------
------------------------------------------
| rollout/                |              |
|    ep_len_mean          | 27.2         |
|    ep_rew_mean          | 1.43e+03     |
| time/                   |              |
|    fps                  | 267          |
|    iterations           | 55           |
|    time_elapsed         | 105          |
|    total_timesteps      | 28160        |
| train/                  |              |
|    approx_kl            | 4.974194e-06 |
|    clip_fraction        | 0            |
|    clip_range           | 0.2          |
|    entropy_loss         | -0.0798      |
|    explained_variance   | -2.03e-06    |
|    learning_rate        | 0.0003       |
|    loss                 | 1.75e+05     |
|    n_updates            | 270          |
|    policy_gradient_loss | -0.000371    |
|    value_loss           | 4.82e+05     |
------------------------------------------
-------------------------------------------
| rollout/                |               |
|    ep_len_mean          | 27.4          |
|    ep_rew_mean          | 1.52e+03      |
| time/                   |               |
|    fps                  | 267           |
|    iterations           | 56            |
|    time_elapsed         | 106           |
|    total_timesteps      | 28672         |
| train/                  |               |
|    approx_kl            | 1.8313294e-06 |
|    clip_fraction        | 0             |
|    clip_range           | 0.2           |
|    entropy_loss         | -0.0786       |
|    explained_variance   | -2.26e-06     |
|    learning_rate        | 0.0003        |
|    loss                 | 2.18e+05      |
|    n_updates            | 275           |
|    policy_gradient_loss | -0.000207     |
|    value_loss           | 4.11e+05      |
-------------------------------------------
------------------------------------------
| rollout/                |              |
|    ep_len_mean          | 27.7         |
|    ep_rew_mean          | 1.56e+03     |
| time/                   |              |
|    fps                  | 268          |
|    iterations           | 57           |
|    time_elapsed         | 108          |
|    total_timesteps      | 29184        |
| train/                  |              |
|    approx_kl            | 6.253249e-06 |
|    clip_fraction        | 0            |
|    clip_range           | 0.2          |
|    entropy_loss         | -0.0775      |
|    explained_variance   | -3.58e-06    |
|    learning_rate        | 0.0003       |
|    loss                 | 2.04e+05     |
|    n_updates            | 280          |
|    policy_gradient_loss | -0.000413    |
|    value_loss           | 4.53e+05     |
------------------------------------------
------------------------------------------
| rollout/                |              |
|    ep_len_mean          | 28           |
|    ep_rew_mean          | 1.6e+03      |
| time/                   |              |
|    fps                  | 268          |
|    iterations           | 58           |
|    time_elapsed         | 110          |
|    total_timesteps      | 29696        |
| train/                  |              |
|    approx_kl            | 7.202034e-06 |
|    clip_fraction        | 0            |
|    clip_range           | 0.2          |
|    entropy_loss         | -0.0745      |
|    explained_variance   | -4.89e-06    |
|    learning_rate        | 0.0003       |
|    loss                 | 1.53e+05     |
|    n_updates            | 285          |
|    policy_gradient_loss | -0.000552    |
|    value_loss           | 3.1e+05      |
------------------------------------------
-------------------------------------------
| rollout/                |               |
|    ep_len_mean          | 27.5          |
|    ep_rew_mean          | 1.39e+03      |
| time/                   |               |
|    fps                  | 268           |
|    iterations           | 59            |
|    time_elapsed         | 112           |
|    total_timesteps      | 30208         |
| train/                  |               |
|    approx_kl            | 2.1104934e-06 |
|    clip_fraction        | 0             |
|    clip_range           | 0.2           |
|    entropy_loss         | -0.0726       |
|    explained_variance   | -3.7e-06      |
|    learning_rate        | 0.0003        |
|    loss                 | 1.59e+05      |
|    n_updates            | 290           |
|    policy_gradient_loss | -0.000206     |
|    value_loss           | 3.04e+05      |
-------------------------------------------
-------------------------------------------
| rollout/                |               |
|    ep_len_mean          | 29.3          |
|    ep_rew_mean          | 1.4e+03       |
| time/                   |               |
|    fps                  | 268           |
|    iterations           | 60            |
|    time_elapsed         | 114           |
|    total_timesteps      | 30720         |
| train/                  |               |
|    approx_kl            | 3.1241216e-06 |
|    clip_fraction        | 0             |
|    clip_range           | 0.2           |
|    entropy_loss         | -0.0716       |
|    explained_variance   | 2.98e-07      |
|    learning_rate        | 0.0003        |
|    loss                 | 2.19e+05      |
|    n_updates            | 295           |
|    policy_gradient_loss | -0.000105     |
|    value_loss           | 4.88e+05      |
-------------------------------------------
------------------------------------------
| rollout/                |              |
|    ep_len_mean          | 30           |
|    ep_rew_mean          | 1.47e+03     |
| time/                   |              |
|    fps                  | 268          |
|    iterations           | 61           |
|    time_elapsed         | 116          |
|    total_timesteps      | 31232        |
| train/                  |              |
|    approx_kl            | 6.889459e-07 |
|    clip_fraction        | 0            |
|    clip_range           | 0.2          |
|    entropy_loss         | -0.0705      |
|    explained_variance   | 1.31e-06     |
|    learning_rate        | 0.0003       |
|    loss                 | 1.85e+05     |
|    n_updates            | 300          |
|    policy_gradient_loss | -6.13e-05    |
|    value_loss           | 3.76e+05     |
------------------------------------------
------------------------------------------
| rollout/                |              |
|    ep_len_mean          | 29.4         |
|    ep_rew_mean          | 1.31e+03     |
| time/                   |              |
|    fps                  | 268          |
|    iterations           | 62           |
|    time_elapsed         | 118          |
|    total_timesteps      | 31744        |
| train/                  |              |
|    approx_kl            | 6.913906e-07 |
|    clip_fraction        | 0            |
|    clip_range           | 0.2          |
|    entropy_loss         | -0.0694      |
|    explained_variance   | -1.91e-06    |
|    learning_rate        | 0.0003       |
|    loss                 | 2.45e+05     |
|    n_updates            | 305          |
|    policy_gradient_loss | -0.000107    |
|    value_loss           | 5.08e+05     |
------------------------------------------
-------------------------------------------
| rollout/                |               |
|    ep_len_mean          | 30            |
|    ep_rew_mean          | 1.42e+03      |
| time/                   |               |
|    fps                  | 269           |
|    iterations           | 63            |
|    time_elapsed         | 119           |
|    total_timesteps      | 32256         |
| train/                  |               |
|    approx_kl            | 1.8094433e-06 |
|    clip_fraction        | 0             |
|    clip_range           | 0.2           |
|    entropy_loss         | -0.0691       |
|    explained_variance   | 1.19e-07      |
|    learning_rate        | 0.0003        |
|    loss                 | 2.22e+05      |
|    n_updates            | 310           |
|    policy_gradient_loss | -0.000115     |
|    value_loss           | 3.79e+05      |
-------------------------------------------
-------------------------------------------
| rollout/                |               |
|    ep_len_mean          | 30.3          |
|    ep_rew_mean          | 1.42e+03      |
| time/                   |               |
|    fps                  | 268           |
|    iterations           | 64            |
|    time_elapsed         | 121           |
|    total_timesteps      | 32768         |
| train/                  |               |
|    approx_kl            | 1.6858103e-06 |
|    clip_fraction        | 0             |
|    clip_range           | 0.2           |
|    entropy_loss         | -0.0679       |
|    explained_variance   | -2.03e-06     |
|    learning_rate        | 0.0003        |
|    loss                 | 2.68e+05      |
|    n_updates            | 315           |
|    policy_gradient_loss | -0.000198     |
|    value_loss           | 5.52e+05      |
-------------------------------------------
-------------------------------------------
| rollout/                |               |
|    ep_len_mean          | 31.1          |
|    ep_rew_mean          | 1.58e+03      |
| time/                   |               |
|    fps                  | 269           |
|    iterations           | 65            |
|    time_elapsed         | 123           |
|    total_timesteps      | 33280         |
| train/                  |               |
|    approx_kl            | 5.4278644e-06 |
|    clip_fraction        | 0             |
|    clip_range           | 0.2           |
|    entropy_loss         | -0.0659       |
|    explained_variance   | -6.68e-06     |
|    learning_rate        | 0.0003        |
|    loss                 | 1.42e+05      |
|    n_updates            | 320           |
|    policy_gradient_loss | -0.000438     |
|    value_loss           | 3.08e+05      |
-------------------------------------------
------------------------------------------
| rollout/                |              |
|    ep_len_mean          | 29.5         |
|    ep_rew_mean          | 1.55e+03     |
| time/                   |              |
|    fps                  | 269          |
|    iterations           | 66           |
|    time_elapsed         | 125          |
|    total_timesteps      | 33792        |
| train/                  |              |
|    approx_kl            | 4.298752e-06 |
|    clip_fraction        | 0            |
|    clip_range           | 0.2          |
|    entropy_loss         | -0.0643      |
|    explained_variance   | -4.65e-06    |
|    learning_rate        | 0.0003       |
|    loss                 | 1.54e+05     |
|    n_updates            | 325          |
|    policy_gradient_loss | -0.00039     |
|    value_loss           | 3.23e+05     |
------------------------------------------
------------------------------------------
| rollout/                |              |
|    ep_len_mean          | 29.1         |
|    ep_rew_mean          | 1.56e+03     |
| time/                   |              |
|    fps                  | 269          |
|    iterations           | 67           |
|    time_elapsed         | 127          |
|    total_timesteps      | 34304        |
| train/                  |              |
|    approx_kl            | 1.806952e-05 |
|    clip_fraction        | 0            |
|    clip_range           | 0.2          |
|    entropy_loss         | -0.0617      |
|    explained_variance   | -5.72e-06    |
|    learning_rate        | 0.0003       |
|    loss                 | 1.05e+05     |
|    n_updates            | 330          |
|    policy_gradient_loss | -0.000836    |
|    value_loss           | 2.36e+05     |
------------------------------------------
-------------------------------------------
| rollout/                |               |
|    ep_len_mean          | 29.8          |
|    ep_rew_mean          | 1.51e+03      |
| time/                   |               |
|    fps                  | 269           |
|    iterations           | 68            |
|    time_elapsed         | 128           |
|    total_timesteps      | 34816         |
| train/                  |               |
|    approx_kl            | 1.0576448e-05 |
|    clip_fraction        | 0             |
|    clip_range           | 0.2           |
|    entropy_loss         | -0.0594       |
|    explained_variance   | -5.96e-07     |
|    learning_rate        | 0.0003        |
|    loss                 | 2e+05         |
|    n_updates            | 335           |
|    policy_gradient_loss | -0.000522     |
|    value_loss           | 4.31e+05      |
-------------------------------------------
------------------------------------------
| rollout/                |              |
|    ep_len_mean          | 30.6         |
|    ep_rew_mean          | 1.47e+03     |
| time/                   |              |
|    fps                  | 270          |
|    iterations           | 69           |
|    time_elapsed         | 130          |
|    total_timesteps      | 35328        |
| train/                  |              |
|    approx_kl            | 5.562324e-07 |
|    clip_fraction        | 0            |
|    clip_range           | 0.2          |
|    entropy_loss         | -0.058       |
|    explained_variance   | 3.58e-07     |
|    learning_rate        | 0.0003       |
|    loss                 | 4.28e+05     |
|    n_updates            | 340          |
|    policy_gradient_loss | -4.14e-05    |
|    value_loss           | 6.69e+05     |
------------------------------------------
-------------------------------------------
| rollout/                |               |
|    ep_len_mean          | 31.4          |
|    ep_rew_mean          | 1.55e+03      |
| time/                   |               |
|    fps                  | 270           |
|    iterations           | 70            |
|    time_elapsed         | 132           |
|    total_timesteps      | 35840         |
| train/                  |               |
|    approx_kl            | 2.5564805e-06 |
|    clip_fraction        | 0             |
|    clip_range           | 0.2           |
|    entropy_loss         | -0.0573       |
|    explained_variance   | -5.96e-07     |
|    learning_rate        | 0.0003        |
|    loss                 | 2.07e+05      |
|    n_updates            | 345           |
|    policy_gradient_loss | -0.000165     |
|    value_loss           | 4.16e+05      |
-------------------------------------------
-------------------------------------------
| rollout/                |               |
|    ep_len_mean          | 30.8          |
|    ep_rew_mean          | 1.48e+03      |
| time/                   |               |
|    fps                  | 270           |
|    iterations           | 71            |
|    time_elapsed         | 134           |
|    total_timesteps      | 36352         |
| train/                  |               |
|    approx_kl            | 1.6937265e-06 |
|    clip_fraction        | 0             |
|    clip_range           | 0.2           |
|    entropy_loss         | -0.0562       |
|    explained_variance   | -9.54e-07     |
|    learning_rate        | 0.0003        |
|    loss                 | 2.49e+05      |
|    n_updates            | 350           |
|    policy_gradient_loss | -0.000207     |
|    value_loss           | 5e+05         |
-------------------------------------------
-------------------------------------------
| rollout/                |               |
|    ep_len_mean          | 33.3          |
|    ep_rew_mean          | 1.62e+03      |
| time/                   |               |
|    fps                  | 270           |
|    iterations           | 72            |
|    time_elapsed         | 136           |
|    total_timesteps      | 36864         |
| train/                  |               |
|    approx_kl            | 1.5298137e-06 |
|    clip_fraction        | 0             |
|    clip_range           | 0.2           |
|    entropy_loss         | -0.0554       |
|    explained_variance   | -1.79e-06     |
|    learning_rate        | 0.0003        |
|    loss                 | 1.69e+05      |
|    n_updates            | 355           |
|    policy_gradient_loss | -0.000148     |
|    value_loss           | 3.39e+05      |
-------------------------------------------
------------------------------------------
| rollout/                |              |
|    ep_len_mean          | 34.1         |
|    ep_rew_mean          | 1.64e+03     |
| time/                   |              |
|    fps                  | 270          |
|    iterations           | 73           |
|    time_elapsed         | 138          |
|    total_timesteps      | 37376        |
| train/                  |              |
|    approx_kl            | 9.383075e-08 |
|    clip_fraction        | 0            |
|    clip_range           | 0.2          |
|    entropy_loss         | -0.0541      |
|    explained_variance   | -6.91e-06    |
|    learning_rate        | 0.0003       |
|    loss                 | 1.38e+05     |
|    n_updates            | 360          |
|    policy_gradient_loss | -3.4e-05     |
|    value_loss           | 3.21e+05     |
------------------------------------------
-------------------------------------------
| rollout/                |               |
|    ep_len_mean          | 34.4          |
|    ep_rew_mean          | 1.7e+03       |
| time/                   |               |
|    fps                  | 270           |
|    iterations           | 74            |
|    time_elapsed         | 139           |
|    total_timesteps      | 37888         |
| train/                  |               |
|    approx_kl            | 7.1127433e-06 |
|    clip_fraction        | 0             |
|    clip_range           | 0.2           |
|    entropy_loss         | -0.0531       |
|    explained_variance   | -5.36e-06     |
|    learning_rate        | 0.0003        |
|    loss                 | 1.48e+05      |
|    n_updates            | 365           |
|    policy_gradient_loss | -0.000477     |
|    value_loss           | 2.84e+05      |
-------------------------------------------
------------------------------------------
| rollout/                |              |
|    ep_len_mean          | 35.8         |
|    ep_rew_mean          | 1.81e+03     |
| time/                   |              |
|    fps                  | 270          |
|    iterations           | 75           |
|    time_elapsed         | 141          |
|    total_timesteps      | 38400        |
| train/                  |              |
|    approx_kl            | 8.501578e-06 |
|    clip_fraction        | 0            |
|    clip_range           | 0.2          |
|    entropy_loss         | -0.0514      |
|    explained_variance   | -6.32e-06    |
|    learning_rate        | 0.0003       |
|    loss                 | 1.08e+05     |
|    n_updates            | 370          |
|    policy_gradient_loss | -0.000528    |
|    value_loss           | 2.48e+05     |
------------------------------------------
-------------------------------------------
| rollout/                |               |
|    ep_len_mean          | 35.2          |
|    ep_rew_mean          | 1.82e+03      |
| time/                   |               |
|    fps                  | 270           |
|    iterations           | 76            |
|    time_elapsed         | 143           |
|    total_timesteps      | 38912         |
| train/                  |               |
|    approx_kl            | 1.7392449e-07 |
|    clip_fraction        | 0             |
|    clip_range           | 0.2           |
|    entropy_loss         | -0.0497       |
|    explained_variance   | -3.1e-06      |
|    learning_rate        | 0.0003        |
|    loss                 | 2.15e+05      |
|    n_updates            | 375           |
|    policy_gradient_loss | -3.61e-05     |
|    value_loss           | 4.36e+05      |
-------------------------------------------
-------------------------------------------
| rollout/                |               |
|    ep_len_mean          | 34.6          |
|    ep_rew_mean          | 1.76e+03      |
| time/                   |               |
|    fps                  | 270           |
|    iterations           | 77            |
|    time_elapsed         | 145           |
|    total_timesteps      | 39424         |
| train/                  |               |
|    approx_kl            | 2.3826724e-06 |
|    clip_fraction        | 0             |
|    clip_range           | 0.2           |
|    entropy_loss         | -0.0496       |
|    explained_variance   | -1.79e-06     |
|    learning_rate        | 0.0003        |
|    loss                 | 1.6e+05       |
|    n_updates            | 380           |
|    policy_gradient_loss | -0.000192     |
|    value_loss           | 4.21e+05      |
-------------------------------------------
-------------------------------------------
| rollout/                |               |
|    ep_len_mean          | 35.4          |
|    ep_rew_mean          | 1.79e+03      |
| time/                   |               |
|    fps                  | 271           |
|    iterations           | 78            |
|    time_elapsed         | 147           |
|    total_timesteps      | 39936         |
| train/                  |               |
|    approx_kl            | 4.5188935e-06 |
|    clip_fraction        | 0             |
|    clip_range           | 0.2           |
|    entropy_loss         | -0.0481       |
|    explained_variance   | -1.79e-06     |
|    learning_rate        | 0.0003        |
|    loss                 | 1.39e+05      |
|    n_updates            | 385           |
|    policy_gradient_loss | -0.000313     |
|    value_loss           | 3.45e+05      |
-------------------------------------------
------------------------------------------
| rollout/                |              |
|    ep_len_mean          | 34.8         |
|    ep_rew_mean          | 1.75e+03     |
| time/                   |              |
|    fps                  | 271          |
|    iterations           | 79           |
|    time_elapsed         | 149          |
|    total_timesteps      | 40448        |
| train/                  |              |
|    approx_kl            | 3.214227e-07 |
|    clip_fraction        | 0            |
|    clip_range           | 0.2          |
|    entropy_loss         | -0.0471      |
|    explained_variance   | 1.79e-07     |
|    learning_rate        | 0.0003       |
|    loss                 | 2.22e+05     |
|    n_updates            | 390          |
|    policy_gradient_loss | -3.61e-05    |
|    value_loss           | 4.59e+05     |
------------------------------------------
-------------------------------------------
| rollout/                |               |
|    ep_len_mean          | 34.9          |
|    ep_rew_mean          | 1.78e+03      |
| time/                   |               |
|    fps                  | 271           |
|    iterations           | 80            |
|    time_elapsed         | 151           |
|    total_timesteps      | 40960         |
| train/                  |               |
|    approx_kl            | 2.1932647e-07 |
|    clip_fraction        | 0             |
|    clip_range           | 0.2           |
|    entropy_loss         | -0.0468       |
|    explained_variance   | -3.1e-06      |
|    learning_rate        | 0.0003        |
|    loss                 | 1.76e+05      |
|    n_updates            | 395           |
|    policy_gradient_loss | -4.49e-05     |
|    value_loss           | 3.24e+05      |
-------------------------------------------
-------------------------------------------
| rollout/                |               |
|    ep_len_mean          | 34.2          |
|    ep_rew_mean          | 1.71e+03      |
| time/                   |               |
|    fps                  | 271           |
|    iterations           | 81            |
|    time_elapsed         | 152           |
|    total_timesteps      | 41472         |
| train/                  |               |
|    approx_kl            | 3.2173702e-06 |
|    clip_fraction        | 0             |
|    clip_range           | 0.2           |
|    entropy_loss         | -0.046        |
|    explained_variance   | -2.26e-06     |
|    learning_rate        | 0.0003        |
|    loss                 | 2.13e+05      |
|    n_updates            | 400           |
|    policy_gradient_loss | -0.000259     |
|    value_loss           | 3.84e+05      |
-------------------------------------------
------------------------------------------
| rollout/                |              |
|    ep_len_mean          | 34.6         |
|    ep_rew_mean          | 1.74e+03     |
| time/                   |              |
|    fps                  | 271          |
|    iterations           | 82           |
|    time_elapsed         | 154          |
|    total_timesteps      | 41984        |
| train/                  |              |
|    approx_kl            | 9.048963e-07 |
|    clip_fraction        | 0            |
|    clip_range           | 0.2          |
|    entropy_loss         | -0.0455      |
|    explained_variance   | -9.54e-07    |
|    learning_rate        | 0.0003       |
|    loss                 | 1.73e+05     |
|    n_updates            | 405          |
|    policy_gradient_loss | -7.73e-05    |
|    value_loss           | 3.69e+05     |
------------------------------------------
-------------------------------------------
| rollout/                |               |
|    ep_len_mean          | 34.3          |
|    ep_rew_mean          | 1.71e+03      |
| time/                   |               |
|    fps                  | 271           |
|    iterations           | 83            |
|    time_elapsed         | 156           |
|    total_timesteps      | 42496         |
| train/                  |               |
|    approx_kl            | 3.1164382e-07 |
|    clip_fraction        | 0             |
|    clip_range           | 0.2           |
|    entropy_loss         | -0.0439       |
|    explained_variance   | -1.79e-06     |
|    learning_rate        | 0.0003        |
|    loss                 | 2.46e+05      |
|    n_updates            | 410           |
|    policy_gradient_loss | -5.22e-05     |
|    value_loss           | 4.4e+05       |
-------------------------------------------
------------------------------------------
| rollout/                |              |
|    ep_len_mean          | 33.8         |
|    ep_rew_mean          | 1.65e+03     |
| time/                   |              |
|    fps                  | 271          |
|    iterations           | 84           |
|    time_elapsed         | 158          |
|    total_timesteps      | 43008        |
| train/                  |              |
|    approx_kl            | 8.312054e-08 |
|    clip_fraction        | 0            |
|    clip_range           | 0.2          |
|    entropy_loss         | -0.0438      |
|    explained_variance   | -4.89e-06    |
|    learning_rate        | 0.0003       |
|    loss                 | 1.37e+05     |
|    n_updates            | 415          |
|    policy_gradient_loss | -2.45e-05    |
|    value_loss           | 3.06e+05     |
------------------------------------------
----------------------------------------
| rollout/                |            |
|    ep_len_mean          | 33.4       |
|    ep_rew_mean          | 1.63e+03   |
| time/                   |            |
|    fps                  | 271        |
|    iterations           | 85         |
|    time_elapsed         | 160        |
|    total_timesteps      | 43520      |
| train/                  |            |
|    approx_kl            | 5.8976e-07 |
|    clip_fraction        | 0          |
|    clip_range           | 0.2        |
|    entropy_loss         | -0.0433    |
|    explained_variance   | -4.77e-07  |
|    learning_rate        | 0.0003     |
|    loss                 | 1.92e+05   |
|    n_updates            | 420        |
|    policy_gradient_loss | -6.06e-05  |
|    value_loss           | 4.29e+05   |
----------------------------------------
-------------------------------------------
| rollout/                |               |
|    ep_len_mean          | 32.8          |
|    ep_rew_mean          | 1.6e+03       |
| time/                   |               |
|    fps                  | 271           |
|    iterations           | 86            |
|    time_elapsed         | 162           |
|    total_timesteps      | 44032         |
| train/                  |               |
|    approx_kl            | 3.6443816e-06 |
|    clip_fraction        | 0             |
|    clip_range           | 0.2           |
|    entropy_loss         | -0.0426       |
|    explained_variance   | -1.19e-06     |
|    learning_rate        | 0.0003        |
|    loss                 | 1.54e+05      |
|    n_updates            | 425           |
|    policy_gradient_loss | -0.000213     |
|    value_loss           | 3.04e+05      |
-------------------------------------------
-------------------------------------------
| rollout/                |               |
|    ep_len_mean          | 33.4          |
|    ep_rew_mean          | 1.69e+03      |
| time/                   |               |
|    fps                  | 271           |
|    iterations           | 87            |
|    time_elapsed         | 163           |
|    total_timesteps      | 44544         |
| train/                  |               |
|    approx_kl            | 1.3272511e-06 |
|    clip_fraction        | 0             |
|    clip_range           | 0.2           |
|    entropy_loss         | -0.0415       |
|    explained_variance   | -5.96e-07     |
|    learning_rate        | 0.0003        |
|    loss                 | 1.94e+05      |
|    n_updates            | 430           |
|    policy_gradient_loss | -0.000126     |
|    value_loss           | 3.96e+05      |
-------------------------------------------
------------------------------------------
| rollout/                |              |
|    ep_len_mean          | 33.5         |
|    ep_rew_mean          | 1.78e+03     |
| time/                   |              |
|    fps                  | 271          |
|    iterations           | 88           |
|    time_elapsed         | 165          |
|    total_timesteps      | 45056        |
| train/                  |              |
|    approx_kl            | 4.538917e-06 |
|    clip_fraction        | 0            |
|    clip_range           | 0.2          |
|    entropy_loss         | -0.0406      |
|    explained_variance   | -4.29e-06    |
|    learning_rate        | 0.0003       |
|    loss                 | 1.6e+05      |
|    n_updates            | 435          |
|    policy_gradient_loss | -0.000345    |
|    value_loss           | 2.92e+05     |
------------------------------------------
-------------------------------------------
| rollout/                |               |
|    ep_len_mean          | 33.6          |
|    ep_rew_mean          | 1.82e+03      |
| time/                   |               |
|    fps                  | 271           |
|    iterations           | 89            |
|    time_elapsed         | 167           |
|    total_timesteps      | 45568         |
| train/                  |               |
|    approx_kl            | 4.7008507e-07 |
|    clip_fraction        | 0             |
|    clip_range           | 0.2           |
|    entropy_loss         | -0.0394       |
|    explained_variance   | -4.77e-07     |
|    learning_rate        | 0.0003        |
|    loss                 | 4.29e+05      |
|    n_updates            | 440           |
|    policy_gradient_loss | -7.8e-05      |
|    value_loss           | 8.13e+05      |
-------------------------------------------
-------------------------------------------
| rollout/                |               |
|    ep_len_mean          | 33.1          |
|    ep_rew_mean          | 1.82e+03      |
| time/                   |               |
|    fps                  | 271           |
|    iterations           | 90            |
|    time_elapsed         | 169           |
|    total_timesteps      | 46080         |
| train/                  |               |
|    approx_kl            | 1.2841774e-06 |
|    clip_fraction        | 0             |
|    clip_range           | 0.2           |
|    entropy_loss         | -0.0388       |
|    explained_variance   | -1.19e-07     |
|    learning_rate        | 0.0003        |
|    loss                 | 3.53e+05      |
|    n_updates            | 445           |
|    policy_gradient_loss | -0.000131     |
|    value_loss           | 6.65e+05      |
-------------------------------------------
------------------------------------------
| rollout/                |              |
|    ep_len_mean          | 34.1         |
|    ep_rew_mean          | 1.94e+03     |
| time/                   |              |
|    fps                  | 272          |
|    iterations           | 91           |
|    time_elapsed         | 171          |
|    total_timesteps      | 46592        |
| train/                  |              |
|    approx_kl            | 4.742411e-06 |
|    clip_fraction        | 0            |
|    clip_range           | 0.2          |
|    entropy_loss         | -0.038       |
|    explained_variance   | -2.38e-07    |
|    learning_rate        | 0.0003       |
|    loss                 | 2.87e+05     |
|    n_updates            | 450          |
|    policy_gradient_loss | -0.000235    |
|    value_loss           | 5.68e+05     |
------------------------------------------
-------------------------------------------
| rollout/                |               |
|    ep_len_mean          | 34.2          |
|    ep_rew_mean          | 1.88e+03      |
| time/                   |               |
|    fps                  | 272           |
|    iterations           | 92            |
|    time_elapsed         | 172           |
|    total_timesteps      | 47104         |
| train/                  |               |
|    approx_kl            | 1.2642704e-07 |
|    clip_fraction        | 0             |
|    clip_range           | 0.2           |
|    entropy_loss         | -0.0372       |
|    explained_variance   | -4.77e-07     |
|    learning_rate        | 0.0003        |
|    loss                 | 1.94e+05      |
|    n_updates            | 455           |
|    policy_gradient_loss | -2.02e-05     |
|    value_loss           | 4.46e+05      |
-------------------------------------------
-------------------------------------------
| rollout/                |               |
|    ep_len_mean          | 34.3          |
|    ep_rew_mean          | 1.9e+03       |
| time/                   |               |
|    fps                  | 272           |
|    iterations           | 93            |
|    time_elapsed         | 174           |
|    total_timesteps      | 47616         |
| train/                  |               |
|    approx_kl            | 2.7756905e-06 |
|    clip_fraction        | 0             |
|    clip_range           | 0.2           |
|    entropy_loss         | -0.0367       |
|    explained_variance   | -4.77e-07     |
|    learning_rate        | 0.0003        |
|    loss                 | 2.7e+05       |
|    n_updates            | 460           |
|    policy_gradient_loss | -0.000173     |
|    value_loss           | 4.38e+05      |
-------------------------------------------
-------------------------------------------
| rollout/                |               |
|    ep_len_mean          | 35.4          |
|    ep_rew_mean          | 1.98e+03      |
| time/                   |               |
|    fps                  | 272           |
|    iterations           | 94            |
|    time_elapsed         | 176           |
|    total_timesteps      | 48128         |
| train/                  |               |
|    approx_kl            | 6.3865446e-07 |
|    clip_fraction        | 0             |
|    clip_range           | 0.2           |
|    entropy_loss         | -0.0361       |
|    explained_variance   | -1.43e-06     |
|    learning_rate        | 0.0003        |
|    loss                 | 1.7e+05       |
|    n_updates            | 465           |
|    policy_gradient_loss | -9.12e-05     |
|    value_loss           | 3.41e+05      |
-------------------------------------------
---------------------------------------
| rollout/                |           |
|    ep_len_mean          | 33.9      |
|    ep_rew_mean          | 1.82e+03  |
| time/                   |           |
|    fps                  | 272       |
|    iterations           | 95        |
|    time_elapsed         | 178       |
|    total_timesteps      | 48640     |
| train/                  |           |
|    approx_kl            | 0.0       |
|    clip_fraction        | 0         |
|    clip_range           | 0.2       |
|    entropy_loss         | -0.0355   |
|    explained_variance   | -1.31e-06 |
|    learning_rate        | 0.0003    |
|    loss                 | 2.11e+05  |
|    n_updates            | 470       |
|    policy_gradient_loss | -2.22e-07 |
|    value_loss           | 4.6e+05   |
---------------------------------------
-------------------------------------------
| rollout/                |               |
|    ep_len_mean          | 33.7          |
|    ep_rew_mean          | 1.76e+03      |
| time/                   |               |
|    fps                  | 272           |
|    iterations           | 96            |
|    time_elapsed         | 180           |
|    total_timesteps      | 49152         |
| train/                  |               |
|    approx_kl            | 5.7651196e-06 |
|    clip_fraction        | 0             |
|    clip_range           | 0.2           |
|    entropy_loss         | -0.0354       |
|    explained_variance   | -4.77e-07     |
|    learning_rate        | 0.0003        |
|    loss                 | 2.6e+05       |
|    n_updates            | 475           |
|    policy_gradient_loss | -0.000326     |
|    value_loss           | 5.05e+05      |
-------------------------------------------
-------------------------------------------
| rollout/                |               |
|    ep_len_mean          | 32.6          |
|    ep_rew_mean          | 1.73e+03      |
| time/                   |               |
|    fps                  | 272           |
|    iterations           | 97            |
|    time_elapsed         | 182           |
|    total_timesteps      | 49664         |
| train/                  |               |
|    approx_kl            | 3.8435683e-06 |
|    clip_fraction        | 0             |
|    clip_range           | 0.2           |
|    entropy_loss         | -0.0342       |
|    explained_variance   | 3.58e-07      |
|    learning_rate        | 0.0003        |
|    loss                 | 2.35e+05      |
|    n_updates            | 480           |
|    policy_gradient_loss | -0.000156     |
|    value_loss           | 4.91e+05      |
-------------------------------------------
------------------------------------------
| rollout/                |              |
|    ep_len_mean          | 34.5         |
|    ep_rew_mean          | 1.89e+03     |
| time/                   |              |
|    fps                  | 272          |
|    iterations           | 98           |
|    time_elapsed         | 184          |
|    total_timesteps      | 50176        |
| train/                  |              |
|    approx_kl            | 1.208391e-07 |
|    clip_fraction        | 0            |
|    clip_range           | 0.2          |
|    entropy_loss         | -0.0334      |
|    explained_variance   | -1.31e-06    |
|    learning_rate        | 0.0003       |
|    loss                 | 2.4e+05      |
|    n_updates            | 485          |
|    policy_gradient_loss | -2.86e-05    |
|    value_loss           | 4.63e+05     |
------------------------------------------
---------------------------------------
| rollout/                |           |
|    ep_len_mean          | 34.8      |
|    ep_rew_mean          | 1.94e+03  |
| time/                   |           |
|    fps                  | 272       |
|    iterations           | 99        |
|    time_elapsed         | 185       |
|    total_timesteps      | 50688     |
| train/                  |           |
|    approx_kl            | 0.0       |
|    clip_fraction        | 0         |
|    clip_range           | 0.2       |
|    entropy_loss         | -0.033    |
|    explained_variance   | -3.81e-06 |
|    learning_rate        | 0.0003    |
|    loss                 | 1.53e+05  |
|    n_updates            | 490       |
|    policy_gradient_loss | -1.43e-07 |
|    value_loss           | 3.76e+05  |
---------------------------------------
-------------------------------------------
| rollout/                |               |
|    ep_len_mean          | 33.5          |
|    ep_rew_mean          | 1.88e+03      |
| time/                   |               |
|    fps                  | 272           |
|    iterations           | 100           |
|    time_elapsed         | 187           |
|    total_timesteps      | 51200         |
| train/                  |               |
|    approx_kl            | 3.7718564e-08 |
|    clip_fraction        | 0             |
|    clip_range           | 0.2           |
|    entropy_loss         | -0.0331       |
|    explained_variance   | -1.43e-06     |
|    learning_rate        | 0.0003        |
|    loss                 | 2.12e+05      |
|    n_updates            | 495           |
|    policy_gradient_loss | -1.07e-05     |
|    value_loss           | 4.16e+05      |
-------------------------------------------
-------------------------------------------
| rollout/                |               |
|    ep_len_mean          | 33.9          |
|    ep_rew_mean          | 1.88e+03      |
| time/                   |               |
|    fps                  | 272           |
|    iterations           | 101           |
|    time_elapsed         | 189           |
|    total_timesteps      | 51712         |
| train/                  |               |
|    approx_kl            | 1.3282988e-06 |
|    clip_fraction        | 0             |
|    clip_range           | 0.2           |
|    entropy_loss         | -0.0326       |
|    explained_variance   | -1.07e-06     |
|    learning_rate        | 0.0003        |
|    loss                 | 1.89e+05      |
|    n_updates            | 500           |
|    policy_gradient_loss | -0.000126     |
|    value_loss           | 3.98e+05      |
-------------------------------------------
-------------------------------------------
| rollout/                |               |
|    ep_len_mean          | 34.8          |
|    ep_rew_mean          | 1.85e+03      |
| time/                   |               |
|    fps                  | 272           |
|    iterations           | 102           |
|    time_elapsed         | 191           |
|    total_timesteps      | 52224         |
| train/                  |               |
|    approx_kl            | 1.0116491e-06 |
|    clip_fraction        | 0             |
|    clip_range           | 0.2           |
|    entropy_loss         | -0.0318       |
|    explained_variance   | -2.62e-06     |
|    learning_rate        | 0.0003        |
|    loss                 | 1.99e+05      |
|    n_updates            | 505           |
|    policy_gradient_loss | -0.000131     |
|    value_loss           | 3.36e+05      |
-------------------------------------------
-------------------------------------------
| rollout/                |               |
|    ep_len_mean          | 36.5          |
|    ep_rew_mean          | 1.98e+03      |
| time/                   |               |
|    fps                  | 273           |
|    iterations           | 103           |
|    time_elapsed         | 193           |
|    total_timesteps      | 52736         |
| train/                  |               |
|    approx_kl            | 1.7705606e-06 |
|    clip_fraction        | 0             |
|    clip_range           | 0.2           |
|    entropy_loss         | -0.0315       |
|    explained_variance   | -2.38e-07     |
|    learning_rate        | 0.0003        |
|    loss                 | 2.1e+05       |
|    n_updates            | 510           |
|    policy_gradient_loss | -0.000146     |
|    value_loss           | 4.42e+05      |
-------------------------------------------
-------------------------------------------
| rollout/                |               |
|    ep_len_mean          | 34.6          |
|    ep_rew_mean          | 1.81e+03      |
| time/                   |               |
|    fps                  | 273           |
|    iterations           | 104           |
|    time_elapsed         | 194           |
|    total_timesteps      | 53248         |
| train/                  |               |
|    approx_kl            | 4.7450885e-06 |
|    clip_fraction        | 0             |
|    clip_range           | 0.2           |
|    entropy_loss         | -0.0305       |
|    explained_variance   | -1.67e-06     |
|    learning_rate        | 0.0003        |
|    loss                 | 2.07e+05      |
|    n_updates            | 515           |
|    policy_gradient_loss | -0.000342     |
|    value_loss           | 4.32e+05      |
-------------------------------------------
-------------------------------------------
| rollout/                |               |
|    ep_len_mean          | 32.1          |
|    ep_rew_mean          | 1.67e+03      |
| time/                   |               |
|    fps                  | 273           |
|    iterations           | 105           |
|    time_elapsed         | 196           |
|    total_timesteps      | 53760         |
| train/                  |               |
|    approx_kl            | 2.0953594e-06 |
|    clip_fraction        | 0             |
|    clip_range           | 0.2           |
|    entropy_loss         | -0.0296       |
|    explained_variance   | 1.79e-07      |
|    learning_rate        | 0.0003        |
|    loss                 | 2.96e+05      |
|    n_updates            | 520           |
|    policy_gradient_loss | -7.09e-05     |
|    value_loss           | 5.27e+05      |
-------------------------------------------
-------------------------------------------
| rollout/                |               |
|    ep_len_mean          | 33.1          |
|    ep_rew_mean          | 1.76e+03      |
| time/                   |               |
|    fps                  | 273           |
|    iterations           | 106           |
|    time_elapsed         | 198           |
|    total_timesteps      | 54272         |
| train/                  |               |
|    approx_kl            | 1.0477379e-07 |
|    clip_fraction        | 0             |
|    clip_range           | 0.2           |
|    entropy_loss         | -0.029        |
|    explained_variance   | -4.77e-07     |
|    learning_rate        | 0.0003        |
|    loss                 | 1.79e+05      |
|    n_updates            | 525           |
|    policy_gradient_loss | -1.67e-05     |
|    value_loss           | 3.78e+05      |
-------------------------------------------
-------------------------------------------
| rollout/                |               |
|    ep_len_mean          | 34.3          |
|    ep_rew_mean          | 1.74e+03      |
| time/                   |               |
|    fps                  | 273           |
|    iterations           | 107           |
|    time_elapsed         | 200           |
|    total_timesteps      | 54784         |
| train/                  |               |
|    approx_kl            | 2.9744115e-07 |
|    clip_fraction        | 0             |
|    clip_range           | 0.2           |
|    entropy_loss         | -0.0288       |
|    explained_variance   | -1.19e-07     |
|    learning_rate        | 0.0003        |
|    loss                 | 1.99e+05      |
|    n_updates            | 530           |
|    policy_gradient_loss | -3.75e-05     |
|    value_loss           | 5.19e+05      |
-------------------------------------------
-------------------------------------------
| rollout/                |               |
|    ep_len_mean          | 33.5          |
|    ep_rew_mean          | 1.76e+03      |
| time/                   |               |
|    fps                  | 273           |
|    iterations           | 108           |
|    time_elapsed         | 202           |
|    total_timesteps      | 55296         |
| train/                  |               |
|    approx_kl            | 1.1691591e-06 |
|    clip_fraction        | 0             |
|    clip_range           | 0.2           |
|    entropy_loss         | -0.0283       |
|    explained_variance   | -2.86e-06     |
|    learning_rate        | 0.0003        |
|    loss                 | 1.58e+05      |
|    n_updates            | 535           |
|    policy_gradient_loss | -0.000131     |
|    value_loss           | 2.98e+05      |
-------------------------------------------
---------------------------------------
| rollout/                |           |
|    ep_len_mean          | 32.6      |
|    ep_rew_mean          | 1.7e+03   |
| time/                   |           |
|    fps                  | 273       |
|    iterations           | 109       |
|    time_elapsed         | 204       |
|    total_timesteps      | 55808     |
| train/                  |           |
|    approx_kl            | 0.0       |
|    clip_fraction        | 0         |
|    clip_range           | 0.2       |
|    entropy_loss         | -0.0278   |
|    explained_variance   | -7.15e-07 |
|    learning_rate        | 0.0003    |
|    loss                 | 3.13e+05  |
|    n_updates            | 540       |
|    policy_gradient_loss | -3.41e-07 |
|    value_loss           | 5.64e+05  |
---------------------------------------
-------------------------------------------
| rollout/                |               |
|    ep_len_mean          | 34            |
|    ep_rew_mean          | 1.72e+03      |
| time/                   |               |
|    fps                  | 273           |
|    iterations           | 110           |
|    time_elapsed         | 205           |
|    total_timesteps      | 56320         |
| train/                  |               |
|    approx_kl            | 4.5401976e-09 |
|    clip_fraction        | 0             |
|    clip_range           | 0.2           |
|    entropy_loss         | -0.0277       |
|    explained_variance   | -5.96e-07     |
|    learning_rate        | 0.0003        |
|    loss                 | 2.2e+05       |
|    n_updates            | 545           |
|    policy_gradient_loss | 1.63e-09      |
|    value_loss           | 3.9e+05       |
-------------------------------------------
------------------------------------------
| rollout/                |              |
|    ep_len_mean          | 36.2         |
|    ep_rew_mean          | 1.92e+03     |
| time/                   |              |
|    fps                  | 273          |
|    iterations           | 111          |
|    time_elapsed         | 208          |
|    total_timesteps      | 56832        |
| train/                  |              |
|    approx_kl            | 6.069895e-07 |
|    clip_fraction        | 0            |
|    clip_range           | 0.2          |
|    entropy_loss         | -0.0275      |
|    explained_variance   | -1.31e-06    |
|    learning_rate        | 0.0003       |
|    loss                 | 1.9e+05      |
|    n_updates            | 550          |
|    policy_gradient_loss | -7.38e-05    |
|    value_loss           | 3.99e+05     |
------------------------------------------
--------------------------------------
| rollout/                |          |
|    ep_len_mean          | 36.9     |
|    ep_rew_mean          | 1.91e+03 |
| time/                   |          |
|    fps                  | 272      |
|    iterations           | 112      |
|    time_elapsed         | 210      |
|    total_timesteps      | 57344    |
| train/                  |          |
|    approx_kl            | 0.0      |
|    clip_fraction        | 0        |
|    clip_range           | 0.2      |
|    entropy_loss         | -0.0273  |
|    explained_variance   | 0        |
|    learning_rate        | 0.0003   |
|    loss                 | 2.83e+05 |
|    n_updates            | 555      |
|    policy_gradient_loss | 9.97e-08 |
|    value_loss           | 6.55e+05 |
--------------------------------------
------------------------------------------
| rollout/                |              |
|    ep_len_mean          | 36.8         |
|    ep_rew_mean          | 1.9e+03      |
| time/                   |              |
|    fps                  | 272          |
|    iterations           | 113          |
|    time_elapsed         | 212          |
|    total_timesteps      | 57856        |
| train/                  |              |
|    approx_kl            | 2.341927e-06 |
|    clip_fraction        | 0            |
|    clip_range           | 0.2          |
|    entropy_loss         | -0.0272      |
|    explained_variance   | 2.98e-07     |
|    learning_rate        | 0.0003       |
|    loss                 | 1.36e+05     |
|    n_updates            | 560          |
|    policy_gradient_loss | -0.000156    |
|    value_loss           | 2.64e+05     |
------------------------------------------
-------------------------------------------
| rollout/                |               |
|    ep_len_mean          | 36.6          |
|    ep_rew_mean          | 1.93e+03      |
| time/                   |               |
|    fps                  | 271           |
|    iterations           | 114           |
|    time_elapsed         | 214           |
|    total_timesteps      | 58368         |
| train/                  |               |
|    approx_kl            | 1.0693795e-05 |
|    clip_fraction        | 0             |
|    clip_range           | 0.2           |
|    entropy_loss         | -0.0257       |
|    explained_variance   | -2.26e-06     |
|    learning_rate        | 0.0003        |
|    loss                 | 1.14e+05      |
|    n_updates            | 565           |
|    policy_gradient_loss | -0.000503     |
|    value_loss           | 2.7e+05       |
-------------------------------------------
---------------------------------------
| rollout/                |           |
|    ep_len_mean          | 36.2      |
|    ep_rew_mean          | 1.77e+03  |
| time/                   |           |
|    fps                  | 271       |
|    iterations           | 115       |
|    time_elapsed         | 216       |
|    total_timesteps      | 58880     |
| train/                  |           |
|    approx_kl            | 0.0       |
|    clip_fraction        | 0         |
|    clip_range           | 0.2       |
|    entropy_loss         | -0.025    |
|    explained_variance   | -4.77e-07 |
|    learning_rate        | 0.0003    |
|    loss                 | 1.68e+05  |
|    n_updates            | 570       |
|    policy_gradient_loss | -1.11e-07 |
|    value_loss           | 4.03e+05  |
---------------------------------------
----------------------------------------
| rollout/                |            |
|    ep_len_mean          | 35.8       |
|    ep_rew_mean          | 1.67e+03   |
| time/                   |            |
|    fps                  | 271        |
|    iterations           | 116        |
|    time_elapsed         | 218        |
|    total_timesteps      | 59392      |
| train/                  |            |
|    approx_kl            | 9.7882e-06 |
|    clip_fraction        | 0          |
|    clip_range           | 0.2        |
|    entropy_loss         | -0.0245    |
|    explained_variance   | -3.58e-07  |
|    learning_rate        | 0.0003     |
|    loss                 | 1.95e+05   |
|    n_updates            | 575        |
|    policy_gradient_loss | -0.000227  |
|    value_loss           | 3.74e+05   |
----------------------------------------
------------------------------------------
| rollout/                |              |
|    ep_len_mean          | 34.4         |
|    ep_rew_mean          | 1.56e+03     |
| time/                   |              |
|    fps                  | 271          |
|    iterations           | 117          |
|    time_elapsed         | 220          |
|    total_timesteps      | 59904        |
| train/                  |              |
|    approx_kl            | 1.928769e-06 |
|    clip_fraction        | 0            |
|    clip_range           | 0.2          |
|    entropy_loss         | -0.0237      |
|    explained_variance   | 1.79e-07     |
|    learning_rate        | 0.0003       |
|    loss                 | 2.35e+05     |
|    n_updates            | 580          |
|    policy_gradient_loss | -6.62e-05    |
|    value_loss           | 5.06e+05     |
------------------------------------------
------------------------------------------
| rollout/                |              |
|    ep_len_mean          | 33.2         |
|    ep_rew_mean          | 1.48e+03     |
| time/                   |              |
|    fps                  | 271          |
|    iterations           | 118          |
|    time_elapsed         | 222          |
|    total_timesteps      | 60416        |
| train/                  |              |
|    approx_kl            | 9.093201e-07 |
|    clip_fraction        | 0            |
|    clip_range           | 0.2          |
|    entropy_loss         | -0.0233      |
|    explained_variance   | 2.38e-07     |
|    learning_rate        | 0.0003       |
|    loss                 | 2.83e+05     |
|    n_updates            | 585          |
|    policy_gradient_loss | -5.65e-05    |
|    value_loss           | 6.91e+05     |
------------------------------------------
-------------------------------------------
| rollout/                |               |
|    ep_len_mean          | 32.4          |
|    ep_rew_mean          | 1.54e+03      |
| time/                   |               |
|    fps                  | 271           |
|    iterations           | 119           |
|    time_elapsed         | 224           |
|    total_timesteps      | 60928         |
| train/                  |               |
|    approx_kl            | 1.0011718e-07 |
|    clip_fraction        | 0             |
|    clip_range           | 0.2           |
|    entropy_loss         | -0.0228       |
|    explained_variance   | -1.19e-07     |
|    learning_rate        | 0.0003        |
|    loss                 | 1.81e+05      |
|    n_updates            | 590           |
|    policy_gradient_loss | -1.25e-05     |
|    value_loss           | 3.62e+05      |
-------------------------------------------
---------------------------------------
| rollout/                |           |
|    ep_len_mean          | 32.1      |
|    ep_rew_mean          | 1.53e+03  |
| time/                   |           |
|    fps                  | 271       |
|    iterations           | 120       |
|    time_elapsed         | 226       |
|    total_timesteps      | 61440     |
| train/                  |           |
|    approx_kl            | 0.0       |
|    clip_fraction        | 0         |
|    clip_range           | 0.2       |
|    entropy_loss         | -0.0227   |
|    explained_variance   | -1.19e-07 |
|    learning_rate        | 0.0003    |
|    loss                 | 3.28e+05  |
|    n_updates            | 595       |
|    policy_gradient_loss | -9.07e-08 |
|    value_loss           | 5.33e+05  |
---------------------------------------
-------------------------------------------
| rollout/                |               |
|    ep_len_mean          | 32.5          |
|    ep_rew_mean          | 1.64e+03      |
| time/                   |               |
|    fps                  | 271           |
|    iterations           | 121           |
|    time_elapsed         | 228           |
|    total_timesteps      | 61952         |
| train/                  |               |
|    approx_kl            | 6.0291495e-07 |
|    clip_fraction        | 0             |
|    clip_range           | 0.2           |
|    entropy_loss         | -0.0228       |
|    explained_variance   | 5.96e-08      |
|    learning_rate        | 0.0003        |
|    loss                 | 4.48e+05      |
|    n_updates            | 600           |
|    policy_gradient_loss | -4.51e-05     |
|    value_loss           | 7.2e+05       |
-------------------------------------------
-------------------------------------------
| rollout/                |               |
|    ep_len_mean          | 32.9          |
|    ep_rew_mean          | 1.71e+03      |
| time/                   |               |
|    fps                  | 271           |
|    iterations           | 122           |
|    time_elapsed         | 229           |
|    total_timesteps      | 62464         |
| train/                  |               |
|    approx_kl            | 2.6274938e-07 |
|    clip_fraction        | 0             |
|    clip_range           | 0.2           |
|    entropy_loss         | -0.0221       |
|    explained_variance   | -2.03e-06     |
|    learning_rate        | 0.0003        |
|    loss                 | 1.08e+05      |
|    n_updates            | 605           |
|    policy_gradient_loss | -4.42e-05     |
|    value_loss           | 2.59e+05      |
-------------------------------------------
-------------------------------------------
| rollout/                |               |
|    ep_len_mean          | 32.3          |
|    ep_rew_mean          | 1.76e+03      |
| time/                   |               |
|    fps                  | 271           |
|    iterations           | 123           |
|    time_elapsed         | 231           |
|    total_timesteps      | 62976         |
| train/                  |               |
|    approx_kl            | 3.1363452e-06 |
|    clip_fraction        | 0             |
|    clip_range           | 0.2           |
|    entropy_loss         | -0.0218       |
|    explained_variance   | -8.34e-07     |
|    learning_rate        | 0.0003        |
|    loss                 | 2.02e+05      |
|    n_updates            | 610           |
|    policy_gradient_loss | -0.000203     |
|    value_loss           | 3.99e+05      |
-------------------------------------------
-------------------------------------------
| rollout/                |               |
|    ep_len_mean          | 32.1          |
|    ep_rew_mean          | 1.76e+03      |
| time/                   |               |
|    fps                  | 271           |
|    iterations           | 124           |
|    time_elapsed         | 233           |
|    total_timesteps      | 63488         |
| train/                  |               |
|    approx_kl            | 6.2917825e-06 |
|    clip_fraction        | 0             |
|    clip_range           | 0.2           |
|    entropy_loss         | -0.0207       |
|    explained_variance   | -1.67e-06     |
|    learning_rate        | 0.0003        |
|    loss                 | 1.37e+05      |
|    n_updates            | 615           |
|    policy_gradient_loss | -0.000325     |
|    value_loss           | 2.55e+05      |
-------------------------------------------
------------------------------------------
| rollout/                |              |
|    ep_len_mean          | 33.8         |
|    ep_rew_mean          | 1.79e+03     |
| time/                   |              |
|    fps                  | 271          |
|    iterations           | 125          |
|    time_elapsed         | 235          |
|    total_timesteps      | 64000        |
| train/                  |              |
|    approx_kl            | 2.774992e-06 |
|    clip_fraction        | 0            |
|    clip_range           | 0.2          |
|    entropy_loss         | -0.0202      |
|    explained_variance   | -2.62e-06    |
|    learning_rate        | 0.0003       |
|    loss                 | 1.16e+05     |
|    n_updates            | 620          |
|    policy_gradient_loss | -0.000225    |
|    value_loss           | 2.22e+05     |
------------------------------------------
-------------------------------------------
| rollout/                |               |
|    ep_len_mean          | 33            |
|    ep_rew_mean          | 1.67e+03      |
| time/                   |               |
|    fps                  | 271           |
|    iterations           | 126           |
|    time_elapsed         | 237           |
|    total_timesteps      | 64512         |
| train/                  |               |
|    approx_kl            | 1.8952414e-07 |
|    clip_fraction        | 0             |
|    clip_range           | 0.2           |
|    entropy_loss         | -0.0193       |
|    explained_variance   | -1.19e-07     |
|    learning_rate        | 0.0003        |
|    loss                 | 2.35e+05      |
|    n_updates            | 625           |
|    policy_gradient_loss | -2.18e-05     |
|    value_loss           | 4.67e+05      |
-------------------------------------------
---------------------------------------
| rollout/                |           |
|    ep_len_mean          | 32.8      |
|    ep_rew_mean          | 1.65e+03  |
| time/                   |           |
|    fps                  | 271       |
|    iterations           | 127       |
|    time_elapsed         | 239       |
|    total_timesteps      | 65024     |
| train/                  |           |
|    approx_kl            | 0.0       |
|    clip_fraction        | 0         |
|    clip_range           | 0.2       |
|    entropy_loss         | -0.0192   |
|    explained_variance   | -7.15e-07 |
|    learning_rate        | 0.0003    |
|    loss                 | 1.82e+05  |
|    n_updates            | 630       |
|    policy_gradient_loss | -3.41e-08 |
|    value_loss           | 4.45e+05  |
---------------------------------------
------------------------------------------
| rollout/                |              |
|    ep_len_mean          | 33.6         |
|    ep_rew_mean          | 1.67e+03     |
| time/                   |              |
|    fps                  | 271          |
|    iterations           | 128          |
|    time_elapsed         | 241          |
|    total_timesteps      | 65536        |
| train/                  |              |
|    approx_kl            | 8.459552e-06 |
|    clip_fraction        | 0            |
|    clip_range           | 0.2          |
|    entropy_loss         | -0.019       |
|    explained_variance   | -1.19e-07    |
|    learning_rate        | 0.0003       |
|    loss                 | 1.83e+05     |
|    n_updates            | 635          |
|    policy_gradient_loss | -0.000277    |
|    value_loss           | 3.39e+05     |
------------------------------------------
-------------------------------------------
| rollout/                |               |
|    ep_len_mean          | 33.9          |
|    ep_rew_mean          | 1.63e+03      |
| time/                   |               |
|    fps                  | 271           |
|    iterations           | 129           |
|    time_elapsed         | 243           |
|    total_timesteps      | 66048         |
| train/                  |               |
|    approx_kl            | 2.0202715e-06 |
|    clip_fraction        | 0             |
|    clip_range           | 0.2           |
|    entropy_loss         | -0.0181       |
|    explained_variance   | -4.77e-07     |
|    learning_rate        | 0.0003        |
|    loss                 | 1.7e+05       |
|    n_updates            | 640           |
|    policy_gradient_loss | -0.000108     |
|    value_loss           | 3.41e+05      |
-------------------------------------------
------------------------------------------
| rollout/                |              |
|    ep_len_mean          | 34.6         |
|    ep_rew_mean          | 1.65e+03     |
| time/                   |              |
|    fps                  | 271          |
|    iterations           | 130          |
|    time_elapsed         | 244          |
|    total_timesteps      | 66560        |
| train/                  |              |
|    approx_kl            | 2.086279e-06 |
|    clip_fraction        | 0            |
|    clip_range           | 0.2          |
|    entropy_loss         | -0.0177      |
|    explained_variance   | -2.38e-07    |
|    learning_rate        | 0.0003       |
|    loss                 | 1.36e+05     |
|    n_updates            | 645          |
|    policy_gradient_loss | -0.000146    |
|    value_loss           | 3.23e+05     |
------------------------------------------
-------------------------------------------
| rollout/                |               |
|    ep_len_mean          | 35.5          |
|    ep_rew_mean          | 1.64e+03      |
| time/                   |               |
|    fps                  | 271           |
|    iterations           | 131           |
|    time_elapsed         | 246           |
|    total_timesteps      | 67072         |
| train/                  |               |
|    approx_kl            | 4.1328603e-06 |
|    clip_fraction        | 0             |
|    clip_range           | 0.2           |
|    entropy_loss         | -0.017        |
|    explained_variance   | -3.58e-07     |
|    learning_rate        | 0.0003        |
|    loss                 | 1.73e+05      |
|    n_updates            | 650           |
|    policy_gradient_loss | -0.000174     |
|    value_loss           | 3.51e+05      |
-------------------------------------------
-------------------------------------------
| rollout/                |               |
|    ep_len_mean          | 34            |
|    ep_rew_mean          | 1.59e+03      |
| time/                   |               |
|    fps                  | 272           |
|    iterations           | 132           |
|    time_elapsed         | 248           |
|    total_timesteps      | 67584         |
| train/                  |               |
|    approx_kl            | 2.0989683e-07 |
|    clip_fraction        | 0             |
|    clip_range           | 0.2           |
|    entropy_loss         | -0.0166       |
|    explained_variance   | -1.19e-07     |
|    learning_rate        | 0.0003        |
|    loss                 | 1.94e+05      |
|    n_updates            | 655           |
|    policy_gradient_loss | -2.01e-05     |
|    value_loss           | 3.71e+05      |
-------------------------------------------
-------------------------------------------
| rollout/                |               |
|    ep_len_mean          | 34.1          |
|    ep_rew_mean          | 1.62e+03      |
| time/                   |               |
|    fps                  | 272           |
|    iterations           | 133           |
|    time_elapsed         | 250           |
|    total_timesteps      | 68096         |
| train/                  |               |
|    approx_kl            | 1.0849908e-07 |
|    clip_fraction        | 0             |
|    clip_range           | 0.2           |
|    entropy_loss         | -0.0164       |
|    explained_variance   | -2.38e-07     |
|    learning_rate        | 0.0003        |
|    loss                 | 2.16e+05      |
|    n_updates            | 660           |
|    policy_gradient_loss | -1.56e-05     |
|    value_loss           | 4.33e+05      |
-------------------------------------------
---------------------------------------
| rollout/                |           |
|    ep_len_mean          | 34.9      |
|    ep_rew_mean          | 1.68e+03  |
| time/                   |           |
|    fps                  | 272       |
|    iterations           | 134       |
|    time_elapsed         | 251       |
|    total_timesteps      | 68608     |
| train/                  |           |
|    approx_kl            | 0.0       |
|    clip_fraction        | 0         |
|    clip_range           | 0.2       |
|    entropy_loss         | -0.0163   |
|    explained_variance   | -1.19e-07 |
|    learning_rate        | 0.0003    |
|    loss                 | 2.16e+05  |
|    n_updates            | 665       |
|    policy_gradient_loss | -3.97e-08 |
|    value_loss           | 4.71e+05  |
---------------------------------------
---------------------------------------
| rollout/                |           |
|    ep_len_mean          | 35.1      |
|    ep_rew_mean          | 1.76e+03  |
| time/                   |           |
|    fps                  | 272       |
|    iterations           | 135       |
|    time_elapsed         | 253       |
|    total_timesteps      | 69120     |
| train/                  |           |
|    approx_kl            | 0.0       |
|    clip_fraction        | 0         |
|    clip_range           | 0.2       |
|    entropy_loss         | -0.0163   |
|    explained_variance   | -2.38e-07 |
|    learning_rate        | 0.0003    |
|    loss                 | 2.38e+05  |
|    n_updates            | 670       |
|    policy_gradient_loss | -1.58e-08 |
|    value_loss           | 4.82e+05  |
---------------------------------------
--------------------------------------------
| rollout/                |                |
|    ep_len_mean          | 34.5           |
|    ep_rew_mean          | 1.79e+03       |
| time/                   |                |
|    fps                  | 272            |
|    iterations           | 136            |
|    time_elapsed         | 255            |
|    total_timesteps      | 69632          |
| train/                  |                |
|    approx_kl            | -1.0011718e-08 |
|    clip_fraction        | 0              |
|    clip_range           | 0.2            |
|    entropy_loss         | -0.0163        |
|    explained_variance   | -7.15e-07      |
|    learning_rate        | 0.0003         |
|    loss                 | 2.69e+05       |
|    n_updates            | 675            |
|    policy_gradient_loss | 2.87e-08       |
|    value_loss           | 4.58e+05       |
--------------------------------------------
-------------------------------------------
| rollout/                |               |
|    ep_len_mean          | 35.2          |
|    ep_rew_mean          | 1.86e+03      |
| time/                   |               |
|    fps                  | 272           |
|    iterations           | 137           |
|    time_elapsed         | 257           |
|    total_timesteps      | 70144         |
| train/                  |               |
|    approx_kl            | 9.5006544e-07 |
|    clip_fraction        | 0             |
|    clip_range           | 0.2           |
|    entropy_loss         | -0.0164       |
|    explained_variance   | -5.96e-07     |
|    learning_rate        | 0.0003        |
|    loss                 | 1.73e+05      |
|    n_updates            | 680           |
|    policy_gradient_loss | -7.88e-05     |
|    value_loss           | 3.84e+05      |
-------------------------------------------
-------------------------------------------
| rollout/                |               |
|    ep_len_mean          | 35.3          |
|    ep_rew_mean          | 2.01e+03      |
| time/                   |               |
|    fps                  | 272           |
|    iterations           | 138           |
|    time_elapsed         | 259           |
|    total_timesteps      | 70656         |
| train/                  |               |
|    approx_kl            | 5.2647665e-06 |
|    clip_fraction        | 0             |
|    clip_range           | 0.2           |
|    entropy_loss         | -0.0156       |
|    explained_variance   | -4.77e-07     |
|    learning_rate        | 0.0003        |
|    loss                 | 2.68e+05      |
|    n_updates            | 685           |
|    policy_gradient_loss | -0.000292     |
|    value_loss           | 3.85e+05      |
-------------------------------------------
-------------------------------------------
| rollout/                |               |
|    ep_len_mean          | 36            |
|    ep_rew_mean          | 2.09e+03      |
| time/                   |               |
|    fps                  | 272           |
|    iterations           | 139           |
|    time_elapsed         | 260           |
|    total_timesteps      | 71168         |
| train/                  |               |
|    approx_kl            | 3.4307595e-07 |
|    clip_fraction        | 0             |
|    clip_range           | 0.2           |
|    entropy_loss         | -0.0151       |
|    explained_variance   | -2.38e-07     |
|    learning_rate        | 0.0003        |
|    loss                 | 3.57e+05      |
|    n_updates            | 690           |
|    policy_gradient_loss | -4.27e-05     |
|    value_loss           | 7.24e+05      |
-------------------------------------------
-------------------------------------------
| rollout/                |               |
|    ep_len_mean          | 35.6          |
|    ep_rew_mean          | 2.06e+03      |
| time/                   |               |
|    fps                  | 272           |
|    iterations           | 140           |
|    time_elapsed         | 262           |
|    total_timesteps      | 71680         |
| train/                  |               |
|    approx_kl            | 1.4901161e-07 |
|    clip_fraction        | 0             |
|    clip_range           | 0.2           |
|    entropy_loss         | -0.0149       |
|    explained_variance   | -5.96e-07     |
|    learning_rate        | 0.0003        |
|    loss                 | 1.77e+05      |
|    n_updates            | 695           |
|    policy_gradient_loss | -2.89e-05     |
|    value_loss           | 4.23e+05      |
-------------------------------------------
-------------------------------------------
| rollout/                |               |
|    ep_len_mean          | 33.7          |
|    ep_rew_mean          | 1.99e+03      |
| time/                   |               |
|    fps                  | 272           |
|    iterations           | 141           |
|    time_elapsed         | 264           |
|    total_timesteps      | 72192         |
| train/                  |               |
|    approx_kl            | 5.9593003e-07 |
|    clip_fraction        | 0             |
|    clip_range           | 0.2           |
|    entropy_loss         | -0.0147       |
|    explained_variance   | -1.19e-07     |
|    learning_rate        | 0.0003        |
|    loss                 | 2.34e+05      |
|    n_updates            | 700           |
|    policy_gradient_loss | -5e-05        |
|    value_loss           | 4.52e+05      |
-------------------------------------------
-------------------------------------------
| rollout/                |               |
|    ep_len_mean          | 33.8          |
|    ep_rew_mean          | 1.93e+03      |
| time/                   |               |
|    fps                  | 273           |
|    iterations           | 142           |
|    time_elapsed         | 266           |
|    total_timesteps      | 72704         |
| train/                  |               |
|    approx_kl            | 1.4342368e-07 |
|    clip_fraction        | 0             |
|    clip_range           | 0.2           |
|    entropy_loss         | -0.0144       |
|    explained_variance   | -1.19e-07     |
|    learning_rate        | 0.0003        |
|    loss                 | 2.34e+05      |
|    n_updates            | 705           |
|    policy_gradient_loss | -1.41e-05     |
|    value_loss           | 4.59e+05      |
-------------------------------------------
-------------------------------------------
| rollout/                |               |
|    ep_len_mean          | 35.5          |
|    ep_rew_mean          | 2e+03         |
| time/                   |               |
|    fps                  | 273           |
|    iterations           | 143           |
|    time_elapsed         | 268           |
|    total_timesteps      | 73216         |
| train/                  |               |
|    approx_kl            | 2.2142194e-07 |
|    clip_fraction        | 0             |
|    clip_range           | 0.2           |
|    entropy_loss         | -0.0143       |
|    explained_variance   | -8.34e-07     |
|    learning_rate        | 0.0003        |
|    loss                 | 1.82e+05      |
|    n_updates            | 710           |
|    policy_gradient_loss | -3.56e-05     |
|    value_loss           | 3.44e+05      |
-------------------------------------------
-------------------------------------------
| rollout/                |               |
|    ep_len_mean          | 35.9          |
|    ep_rew_mean          | 2.02e+03      |
| time/                   |               |
|    fps                  | 273           |
|    iterations           | 144           |
|    time_elapsed         | 270           |
|    total_timesteps      | 73728         |
| train/                  |               |
|    approx_kl            | 4.0023588e-07 |
|    clip_fraction        | 0             |
|    clip_range           | 0.2           |
|    entropy_loss         | -0.0139       |
|    explained_variance   | -9.54e-07     |
|    learning_rate        | 0.0003        |
|    loss                 | 2.15e+05      |
|    n_updates            | 715           |
|    policy_gradient_loss | -5.91e-05     |
|    value_loss           | 3.84e+05      |
-------------------------------------------
-------------------------------------------
| rollout/                |               |
|    ep_len_mean          | 36            |
|    ep_rew_mean          | 1.94e+03      |
| time/                   |               |
|    fps                  | 273           |
|    iterations           | 145           |
|    time_elapsed         | 271           |
|    total_timesteps      | 74240         |
| train/                  |               |
|    approx_kl            | 1.5373807e-06 |
|    clip_fraction        | 0             |
|    clip_range           | 0.2           |
|    entropy_loss         | -0.0137       |
|    explained_variance   | -7.15e-07     |
|    learning_rate        | 0.0003        |
|    loss                 | 1.69e+05      |
|    n_updates            | 720           |
|    policy_gradient_loss | -0.000119     |
|    value_loss           | 3.75e+05      |
-------------------------------------------
---------------------------------------
| rollout/                |           |
|    ep_len_mean          | 36.9      |
|    ep_rew_mean          | 1.95e+03  |
| time/                   |           |
|    fps                  | 273       |
|    iterations           | 146       |
|    time_elapsed         | 273       |
|    total_timesteps      | 74752     |
| train/                  |           |
|    approx_kl            | 0.0       |
|    clip_fraction        | 0         |
|    clip_range           | 0.2       |
|    entropy_loss         | -0.0133   |
|    explained_variance   | -1.19e-06 |
|    learning_rate        | 0.0003    |
|    loss                 | 1.76e+05  |
|    n_updates            | 725       |
|    policy_gradient_loss | -1.8e-07  |
|    value_loss           | 2.9e+05   |
---------------------------------------
------------------------------------------
| rollout/                |              |
|    ep_len_mean          | 36.1         |
|    ep_rew_mean          | 1.9e+03      |
| time/                   |              |
|    fps                  | 273          |
|    iterations           | 147          |
|    time_elapsed         | 275          |
|    total_timesteps      | 75264        |
| train/                  |              |
|    approx_kl            | 8.381903e-08 |
|    clip_fraction        | 0            |
|    clip_range           | 0.2          |
|    entropy_loss         | -0.0132      |
|    explained_variance   | -2.38e-07    |
|    learning_rate        | 0.0003       |
|    loss                 | 3.17e+05     |
|    n_updates            | 730          |
|    policy_gradient_loss | -1.2e-05     |
|    value_loss           | 5.58e+05     |
------------------------------------------
-------------------------------------------
| rollout/                |               |
|    ep_len_mean          | 37.7          |
|    ep_rew_mean          | 2.04e+03      |
| time/                   |               |
|    fps                  | 273           |
|    iterations           | 148           |
|    time_elapsed         | 277           |
|    total_timesteps      | 75776         |
| train/                  |               |
|    approx_kl            | 1.9752188e-06 |
|    clip_fraction        | 0             |
|    clip_range           | 0.2           |
|    entropy_loss         | -0.013        |
|    explained_variance   | -4.77e-07     |
|    learning_rate        | 0.0003        |
|    loss                 | 1.56e+05      |
|    n_updates            | 735           |
|    policy_gradient_loss | -0.000118     |
|    value_loss           | 3.13e+05      |
-------------------------------------------
---------------------------------------
| rollout/                |           |
|    ep_len_mean          | 38.2      |
|    ep_rew_mean          | 2.01e+03  |
| time/                   |           |
|    fps                  | 273       |
|    iterations           | 149       |
|    time_elapsed         | 279       |
|    total_timesteps      | 76288     |
| train/                  |           |
|    approx_kl            | 0.0       |
|    clip_fraction        | 0         |
|    clip_range           | 0.2       |
|    entropy_loss         | -0.0126   |
|    explained_variance   | -8.34e-07 |
|    learning_rate        | 0.0003    |
|    loss                 | 1.84e+05  |
|    n_updates            | 740       |
|    policy_gradient_loss | -1.57e-07 |
|    value_loss           | 3.68e+05  |
---------------------------------------
-------------------------------------------
| rollout/                |               |
|    ep_len_mean          | 37.5          |
|    ep_rew_mean          | 1.83e+03      |
| time/                   |               |
|    fps                  | 273           |
|    iterations           | 150           |
|    time_elapsed         | 280           |
|    total_timesteps      | 76800         |
| train/                  |               |
|    approx_kl            | 2.1792948e-07 |
|    clip_fraction        | 0             |
|    clip_range           | 0.2           |
|    entropy_loss         | -0.0126       |
|    explained_variance   | -7.15e-07     |
|    learning_rate        | 0.0003        |
|    loss                 | 1.57e+05      |
|    n_updates            | 745           |
|    policy_gradient_loss | -2.94e-05     |
|    value_loss           | 3.03e+05      |
-------------------------------------------
---------------------------------------
| rollout/                |           |
|    ep_len_mean          | 37.9      |
|    ep_rew_mean          | 1.84e+03  |
| time/                   |           |
|    fps                  | 273       |
|    iterations           | 151       |
|    time_elapsed         | 282       |
|    total_timesteps      | 77312     |
| train/                  |           |
|    approx_kl            | 0.0       |
|    clip_fraction        | 0         |
|    clip_range           | 0.2       |
|    entropy_loss         | -0.0126   |
|    explained_variance   | 0         |
|    learning_rate        | 0.0003    |
|    loss                 | 3.94e+05  |
|    n_updates            | 750       |
|    policy_gradient_loss | -7.85e-09 |
|    value_loss           | 6.97e+05  |
---------------------------------------
---------------------------------------
| rollout/                |           |
|    ep_len_mean          | 38.1      |
|    ep_rew_mean          | 1.89e+03  |
| time/                   |           |
|    fps                  | 273       |
|    iterations           | 152       |
|    time_elapsed         | 284       |
|    total_timesteps      | 77824     |
| train/                  |           |
|    approx_kl            | 0.0       |
|    clip_fraction        | 0         |
|    clip_range           | 0.2       |
|    entropy_loss         | -0.0125   |
|    explained_variance   | -8.34e-07 |
|    learning_rate        | 0.0003    |
|    loss                 | 1.3e+05   |
|    n_updates            | 755       |
|    policy_gradient_loss | 3.3e-08   |
|    value_loss           | 2.93e+05  |
---------------------------------------
------------------------------------------
| rollout/                |              |
|    ep_len_mean          | 36           |
|    ep_rew_mean          | 1.8e+03      |
| time/                   |              |
|    fps                  | 272          |
|    iterations           | 153          |
|    time_elapsed         | 287          |
|    total_timesteps      | 78336        |
| train/                  |              |
|    approx_kl            | 2.401648e-07 |
|    clip_fraction        | 0            |
|    clip_range           | 0.2          |
|    entropy_loss         | -0.0125      |
|    explained_variance   | -4.77e-07    |
|    learning_rate        | 0.0003       |
|    loss                 | 2.26e+05     |
|    n_updates            | 760          |
|    policy_gradient_loss | -3.05e-05    |
|    value_loss           | 4.17e+05     |
------------------------------------------
------------------------------------------
| rollout/                |              |
|    ep_len_mean          | 36.7         |
|    ep_rew_mean          | 1.84e+03     |
| time/                   |              |
|    fps                  | 272          |
|    iterations           | 154          |
|    time_elapsed         | 289          |
|    total_timesteps      | 78848        |
| train/                  |              |
|    approx_kl            | 5.440088e-07 |
|    clip_fraction        | 0            |
|    clip_range           | 0.2          |
|    entropy_loss         | -0.0122      |
|    explained_variance   | -5.96e-07    |
|    learning_rate        | 0.0003       |
|    loss                 | 1.35e+05     |
|    n_updates            | 765          |
|    policy_gradient_loss | -5.55e-05    |
|    value_loss           | 2.91e+05     |
------------------------------------------
------------------------------------------
| rollout/                |              |
|    ep_len_mean          | 36           |
|    ep_rew_mean          | 1.78e+03     |
| time/                   |              |
|    fps                  | 272          |
|    iterations           | 155          |
|    time_elapsed         | 290          |
|    total_timesteps      | 79360        |
| train/                  |              |
|    approx_kl            | 7.104315e-05 |
|    clip_fraction        | 0            |
|    clip_range           | 0.2          |
|    entropy_loss         | -0.0116      |
|    explained_variance   | -2.38e-07    |
|    learning_rate        | 0.0003       |
|    loss                 | 1.46e+05     |
|    n_updates            | 770          |
|    policy_gradient_loss | -0.00143     |
|    value_loss           | 3.12e+05     |
------------------------------------------
---------------------------------------
| rollout/                |           |
|    ep_len_mean          | 35.9      |
|    ep_rew_mean          | 1.78e+03  |
| time/                   |           |
|    fps                  | 272       |
|    iterations           | 156       |
|    time_elapsed         | 292       |
|    total_timesteps      | 79872     |
| train/                  |           |
|    approx_kl            | 0.0       |
|    clip_fraction        | 0         |
|    clip_range           | 0.2       |
|    entropy_loss         | -0.0105   |
|    explained_variance   | -8.34e-07 |
|    learning_rate        | 0.0003    |
|    loss                 | 9.66e+04  |
|    n_updates            | 775       |
|    policy_gradient_loss | -6.68e-07 |
|    value_loss           | 2.71e+05  |
---------------------------------------
---------------------------------------
| rollout/                |           |
|    ep_len_mean          | 35.5      |
|    ep_rew_mean          | 1.9e+03   |
| time/                   |           |
|    fps                  | 272       |
|    iterations           | 157       |
|    time_elapsed         | 294       |
|    total_timesteps      | 80384     |
| train/                  |           |
|    approx_kl            | 0.0       |
|    clip_fraction        | 0         |
|    clip_range           | 0.2       |
|    entropy_loss         | -0.0105   |
|    explained_variance   | -8.34e-07 |
|    learning_rate        | 0.0003    |
|    loss                 | 1.35e+05  |
|    n_updates            | 780       |
|    policy_gradient_loss | 7.01e-09  |
|    value_loss           | 2.83e+05  |
---------------------------------------
-------------------------------------------
| rollout/                |               |
|    ep_len_mean          | 35.8          |
|    ep_rew_mean          | 1.86e+03      |
| time/                   |               |
|    fps                  | 272           |
|    iterations           | 158           |
|    time_elapsed         | 296           |
|    total_timesteps      | 80896         |
| train/                  |               |
|    approx_kl            | 9.5693395e-08 |
|    clip_fraction        | 0             |
|    clip_range           | 0.2           |
|    entropy_loss         | -0.0105       |
|    explained_variance   | 5.96e-08      |
|    learning_rate        | 0.0003        |
|    loss                 | 3.45e+05      |
|    n_updates            | 785           |
|    policy_gradient_loss | -9.23e-06     |
|    value_loss           | 7.12e+05      |
-------------------------------------------
-------------------------------------------
| rollout/                |               |
|    ep_len_mean          | 35.3          |
|    ep_rew_mean          | 1.8e+03       |
| time/                   |               |
|    fps                  | 272           |
|    iterations           | 159           |
|    time_elapsed         | 298           |
|    total_timesteps      | 81408         |
| train/                  |               |
|    approx_kl            | 1.1725351e-06 |
|    clip_fraction        | 0             |
|    clip_range           | 0.2           |
|    entropy_loss         | -0.0103       |
|    explained_variance   | -1.19e-07     |
|    learning_rate        | 0.0003        |
|    loss                 | 1.68e+05      |
|    n_updates            | 790           |
|    policy_gradient_loss | -4.48e-05     |
|    value_loss           | 3.89e+05      |
-------------------------------------------
-------------------------------------------
| rollout/                |               |
|    ep_len_mean          | 35.5          |
|    ep_rew_mean          | 1.79e+03      |
| time/                   |               |
|    fps                  | 272           |
|    iterations           | 160           |
|    time_elapsed         | 300           |
|    total_timesteps      | 81920         |
| train/                  |               |
|    approx_kl            | 6.8335794e-07 |
|    clip_fraction        | 0             |
|    clip_range           | 0.2           |
|    entropy_loss         | -0.00997      |
|    explained_variance   | -8.34e-07     |
|    learning_rate        | 0.0003        |
|    loss                 | 1.51e+05      |
|    n_updates            | 795           |
|    policy_gradient_loss | -6.68e-05     |
|    value_loss           | 2.79e+05      |
-------------------------------------------
---------------------------------------
| rollout/                |           |
|    ep_len_mean          | 36.7      |
|    ep_rew_mean          | 1.87e+03  |
| time/                   |           |
|    fps                  | 272       |
|    iterations           | 161       |
|    time_elapsed         | 302       |
|    total_timesteps      | 82432     |
| train/                  |           |
|    approx_kl            | 0.0       |
|    clip_fraction        | 0         |
|    clip_range           | 0.2       |
|    entropy_loss         | -0.00983  |
|    explained_variance   | -5.96e-07 |
|    learning_rate        | 0.0003    |
|    loss                 | 1.54e+05  |
|    n_updates            | 800       |
|    policy_gradient_loss | -1.24e-07 |
|    value_loss           | 2.96e+05  |
---------------------------------------
-------------------------------------------
| rollout/                |               |
|    ep_len_mean          | 37            |
|    ep_rew_mean          | 1.89e+03      |
| time/                   |               |
|    fps                  | 272           |
|    iterations           | 162           |
|    time_elapsed         | 303           |
|    total_timesteps      | 82944         |
| train/                  |               |
|    approx_kl            | 4.2060856e-07 |
|    clip_fraction        | 0             |
|    clip_range           | 0.2           |
|    entropy_loss         | -0.0097       |
|    explained_variance   | -7.15e-07     |
|    learning_rate        | 0.0003        |
|    loss                 | 1.38e+05      |
|    n_updates            | 805           |
|    policy_gradient_loss | -4.77e-05     |
|    value_loss           | 3.29e+05      |
-------------------------------------------
------------------------------------------
| rollout/                |              |
|    ep_len_mean          | 36           |
|    ep_rew_mean          | 1.87e+03     |
| time/                   |              |
|    fps                  | 272          |
|    iterations           | 163          |
|    time_elapsed         | 305          |
|    total_timesteps      | 83456        |
| train/                  |              |
|    approx_kl            | 3.553927e-06 |
|    clip_fraction        | 0            |
|    clip_range           | 0.2          |
|    entropy_loss         | -0.00939     |
|    explained_variance   | -5.96e-07    |
|    learning_rate        | 0.0003       |
|    loss                 | 1.2e+05      |
|    n_updates            | 810          |
|    policy_gradient_loss | -0.000221    |
|    value_loss           | 3.03e+05     |
------------------------------------------
-------------------------------------------
| rollout/                |               |
|    ep_len_mean          | 36.8          |
|    ep_rew_mean          | 1.93e+03      |
| time/                   |               |
|    fps                  | 272           |
|    iterations           | 164           |
|    time_elapsed         | 307           |
|    total_timesteps      | 83968         |
| train/                  |               |
|    approx_kl            | 9.1486145e-06 |
|    clip_fraction        | 0             |
|    clip_range           | 0.2           |
|    entropy_loss         | -0.00892      |
|    explained_variance   | -2.38e-07     |
|    learning_rate        | 0.0003        |
|    loss                 | 1.55e+05      |
|    n_updates            | 815           |
|    policy_gradient_loss | -0.000338     |
|    value_loss           | 3.89e+05      |
-------------------------------------------
-------------------------------------------
| rollout/                |               |
|    ep_len_mean          | 36.8          |
|    ep_rew_mean          | 1.95e+03      |
| time/                   |               |
|    fps                  | 272           |
|    iterations           | 165           |
|    time_elapsed         | 309           |
|    total_timesteps      | 84480         |
| train/                  |               |
|    approx_kl            | 1.1412194e-06 |
|    clip_fraction        | 0             |
|    clip_range           | 0.2           |
|    entropy_loss         | -0.00851      |
|    explained_variance   | -5.96e-07     |
|    learning_rate        | 0.0003        |
|    loss                 | 1.79e+05      |
|    n_updates            | 820           |
|    policy_gradient_loss | -0.000103     |
|    value_loss           | 3.65e+05      |
-------------------------------------------
------------------------------------------
| rollout/                |              |
|    ep_len_mean          | 37           |
|    ep_rew_mean          | 1.95e+03     |
| time/                   |              |
|    fps                  | 272          |
|    iterations           | 166          |
|    time_elapsed         | 311          |
|    total_timesteps      | 84992        |
| train/                  |              |
|    approx_kl            | 6.533228e-07 |
|    clip_fraction        | 0            |
|    clip_range           | 0.2          |
|    entropy_loss         | -0.00824     |
|    explained_variance   | -7.15e-07    |
|    learning_rate        | 0.0003       |
|    loss                 | 1.24e+05     |
|    n_updates            | 825          |
|    policy_gradient_loss | -7.1e-05     |
|    value_loss           | 2.78e+05     |
------------------------------------------
---------------------------------------
| rollout/                |           |
|    ep_len_mean          | 37        |
|    ep_rew_mean          | 1.98e+03  |
| time/                   |           |
|    fps                  | 272       |
|    iterations           | 167       |
|    time_elapsed         | 313       |
|    total_timesteps      | 85504     |
| train/                  |           |
|    approx_kl            | 0.0       |
|    clip_fraction        | 0         |
|    clip_range           | 0.2       |
|    entropy_loss         | -0.00812  |
|    explained_variance   | -9.54e-07 |
|    learning_rate        | 0.0003    |
|    loss                 | 1.33e+05  |
|    n_updates            | 830       |
|    policy_gradient_loss | -1.47e-07 |
|    value_loss           | 2.96e+05  |
---------------------------------------
---------------------------------------
| rollout/                |           |
|    ep_len_mean          | 35.7      |
|    ep_rew_mean          | 1.92e+03  |
| time/                   |           |
|    fps                  | 272       |
|    iterations           | 168       |
|    time_elapsed         | 315       |
|    total_timesteps      | 86016     |
| train/                  |           |
|    approx_kl            | 0.0       |
|    clip_fraction        | 0         |
|    clip_range           | 0.2       |
|    entropy_loss         | -0.00809  |
|    explained_variance   | -3.58e-07 |
|    learning_rate        | 0.0003    |
|    loss                 | 1.79e+05  |
|    n_updates            | 835       |
|    policy_gradient_loss | 3e-09     |
|    value_loss           | 3.95e+05  |
---------------------------------------
---------------------------------------
| rollout/                |           |
|    ep_len_mean          | 36.6      |
|    ep_rew_mean          | 1.99e+03  |
| time/                   |           |
|    fps                  | 272       |
|    iterations           | 169       |
|    time_elapsed         | 317       |
|    total_timesteps      | 86528     |
| train/                  |           |
|    approx_kl            | 0.0       |
|    clip_fraction        | 0         |
|    clip_range           | 0.2       |
|    entropy_loss         | -0.0081   |
|    explained_variance   | -8.34e-07 |
|    learning_rate        | 0.0003    |
|    loss                 | 1.28e+05  |
|    n_updates            | 840       |
|    policy_gradient_loss | 1.21e-08  |
|    value_loss           | 2.39e+05  |
---------------------------------------
---------------------------------------
| rollout/                |           |
|    ep_len_mean          | 37.4      |
|    ep_rew_mean          | 2.1e+03   |
| time/                   |           |
|    fps                  | 272       |
|    iterations           | 170       |
|    time_elapsed         | 319       |
|    total_timesteps      | 87040     |
| train/                  |           |
|    approx_kl            | 0.0       |
|    clip_fraction        | 0         |
|    clip_range           | 0.2       |
|    entropy_loss         | -0.00812  |
|    explained_variance   | -3.58e-07 |
|    learning_rate        | 0.0003    |
|    loss                 | 2.21e+05  |
|    n_updates            | 845       |
|    policy_gradient_loss | -1.26e-08 |
|    value_loss           | 4.68e+05  |
---------------------------------------
-------------------------------------------
| rollout/                |               |
|    ep_len_mean          | 37.9          |
|    ep_rew_mean          | 2.11e+03      |
| time/                   |               |
|    fps                  | 271           |
|    iterations           | 171           |
|    time_elapsed         | 322           |
|    total_timesteps      | 87552         |
| train/                  |               |
|    approx_kl            | 7.3807314e-08 |
|    clip_fraction        | 0             |
|    clip_range           | 0.2           |
|    entropy_loss         | -0.0081       |
|    explained_variance   | -1.19e-07     |
|    learning_rate        | 0.0003        |
|    loss                 | 3.21e+05      |
|    n_updates            | 850           |
|    policy_gradient_loss | -1.82e-05     |
|    value_loss           | 6.6e+05       |
-------------------------------------------
---------------------------------------
| rollout/                |           |
|    ep_len_mean          | 37.5      |
|    ep_rew_mean          | 2.11e+03  |
| time/                   |           |
|    fps                  | 271       |
|    iterations           | 172       |
|    time_elapsed         | 324       |
|    total_timesteps      | 88064     |
| train/                  |           |
|    approx_kl            | 0.0       |
|    clip_fraction        | 0         |
|    clip_range           | 0.2       |
|    entropy_loss         | -0.00794  |
|    explained_variance   | -5.96e-07 |
|    learning_rate        | 0.0003    |
|    loss                 | 1.65e+05  |
|    n_updates            | 855       |
|    policy_gradient_loss | -5.57e-08 |
|    value_loss           | 3.49e+05  |
---------------------------------------
-------------------------------------------
| rollout/                |               |
|    ep_len_mean          | 37.9          |
|    ep_rew_mean          | 2.12e+03      |
| time/                   |               |
|    fps                  | 271           |
|    iterations           | 173           |
|    time_elapsed         | 326           |
|    total_timesteps      | 88576         |
| train/                  |               |
|    approx_kl            | 4.5751221e-07 |
|    clip_fraction        | 0             |
|    clip_range           | 0.2           |
|    entropy_loss         | -0.00793      |
|    explained_variance   | -2.38e-07     |
|    learning_rate        | 0.0003        |
|    loss                 | 1.39e+05      |
|    n_updates            | 860           |
|    policy_gradient_loss | -4.07e-05     |
|    value_loss           | 3.34e+05      |
-------------------------------------------
--------------------------------------
| rollout/                |          |
|    ep_len_mean          | 37.4     |
|    ep_rew_mean          | 2.02e+03 |
| time/                   |          |
|    fps                  | 271      |
|    iterations           | 174      |
|    time_elapsed         | 328      |
|    total_timesteps      | 89088    |
| train/                  |          |
|    approx_kl            | 0.0      |
|    clip_fraction        | 0        |
|    clip_range           | 0.2      |
|    entropy_loss         | -0.00787 |
|    explained_variance   | 0        |
|    learning_rate        | 0.0003   |
|    loss                 | 1.42e+05 |
|    n_updates            | 865      |
|    policy_gradient_loss | 1.24e-07 |
|    value_loss           | 3.13e+05 |
--------------------------------------
---------------------------------------
| rollout/                |           |
|    ep_len_mean          | 36.8      |
|    ep_rew_mean          | 2.02e+03  |
| time/                   |           |
|    fps                  | 271       |
|    iterations           | 175       |
|    time_elapsed         | 330       |
|    total_timesteps      | 89600     |
| train/                  |           |
|    approx_kl            | 0.0       |
|    clip_fraction        | 0         |
|    clip_range           | 0.2       |
|    entropy_loss         | -0.00785  |
|    explained_variance   | 5.96e-08  |
|    learning_rate        | 0.0003    |
|    loss                 | 2.25e+05  |
|    n_updates            | 870       |
|    policy_gradient_loss | -5.29e-09 |
|    value_loss           | 5.78e+05  |
---------------------------------------
------------------------------------------
| rollout/                |              |
|    ep_len_mean          | 37.4         |
|    ep_rew_mean          | 2.05e+03     |
| time/                   |              |
|    fps                  | 271          |
|    iterations           | 176          |
|    time_elapsed         | 332          |
|    total_timesteps      | 90112        |
| train/                  |              |
|    approx_kl            | 3.533205e-07 |
|    clip_fraction        | 0            |
|    clip_range           | 0.2          |
|    entropy_loss         | -0.00773     |
|    explained_variance   | -2.38e-07    |
|    learning_rate        | 0.0003       |
|    loss                 | 1.99e+05     |
|    n_updates            | 875          |
|    policy_gradient_loss | -4e-05       |
|    value_loss           | 3.82e+05     |
------------------------------------------
---------------------------------------
| rollout/                |           |
|    ep_len_mean          | 37.8      |
|    ep_rew_mean          | 1.96e+03  |
| time/                   |           |
|    fps                  | 271       |
|    iterations           | 177       |
|    time_elapsed         | 333       |
|    total_timesteps      | 90624     |
| train/                  |           |
|    approx_kl            | 0.0       |
|    clip_fraction        | 0         |
|    clip_range           | 0.2       |
|    entropy_loss         | -0.00757  |
|    explained_variance   | -4.77e-07 |
|    learning_rate        | 0.0003    |
|    loss                 | 1.67e+05  |
|    n_updates            | 880       |
|    policy_gradient_loss | -5.76e-08 |
|    value_loss           | 3.25e+05  |
---------------------------------------
-------------------------------------------
| rollout/                |               |
|    ep_len_mean          | 36.6          |
|    ep_rew_mean          | 1.84e+03      |
| time/                   |               |
|    fps                  | 271           |
|    iterations           | 178           |
|    time_elapsed         | 335           |
|    total_timesteps      | 91136         |
| train/                  |               |
|    approx_kl            | 4.0910672e-06 |
|    clip_fraction        | 0             |
|    clip_range           | 0.2           |
|    entropy_loss         | -0.0074       |
|    explained_variance   | -4.77e-07     |
|    learning_rate        | 0.0003        |
|    loss                 | 1.69e+05      |
|    n_updates            | 885           |
|    policy_gradient_loss | -0.000232     |
|    value_loss           | 3.07e+05      |
-------------------------------------------
------------------------------------------
| rollout/                |              |
|    ep_len_mean          | 36.5         |
|    ep_rew_mean          | 1.83e+03     |
| time/                   |              |
|    fps                  | 271          |
|    iterations           | 179          |
|    time_elapsed         | 337          |
|    total_timesteps      | 91648        |
| train/                  |              |
|    approx_kl            | 9.960495e-07 |
|    clip_fraction        | 0            |
|    clip_range           | 0.2          |
|    entropy_loss         | -0.00709     |
|    explained_variance   | -1.19e-07    |
|    learning_rate        | 0.0003       |
|    loss                 | 1.78e+05     |
|    n_updates            | 890          |
|    policy_gradient_loss | -5.58e-05    |
|    value_loss           | 3.92e+05     |
------------------------------------------
---------------------------------------
| rollout/                |           |
|    ep_len_mean          | 35.5      |
|    ep_rew_mean          | 1.82e+03  |
| time/                   |           |
|    fps                  | 271       |
|    iterations           | 180       |
|    time_elapsed         | 339       |
|    total_timesteps      | 92160     |
| train/                  |           |
|    approx_kl            | 0.0       |
|    clip_fraction        | 0         |
|    clip_range           | 0.2       |
|    entropy_loss         | -0.00711  |
|    explained_variance   | -5.96e-07 |
|    learning_rate        | 0.0003    |
|    loss                 | 1.16e+05  |
|    n_updates            | 895       |
|    policy_gradient_loss | -8.44e-08 |
|    value_loss           | 2.52e+05  |
---------------------------------------
---------------------------------------
| rollout/                |           |
|    ep_len_mean          | 37        |
|    ep_rew_mean          | 1.91e+03  |
| time/                   |           |
|    fps                  | 271       |
|    iterations           | 181       |
|    time_elapsed         | 341       |
|    total_timesteps      | 92672     |
| train/                  |           |
|    approx_kl            | 0.0       |
|    clip_fraction        | 0         |
|    clip_range           | 0.2       |
|    entropy_loss         | -0.00695  |
|    explained_variance   | -2.38e-07 |
|    learning_rate        | 0.0003    |
|    loss                 | 1.81e+05  |
|    n_updates            | 900       |
|    policy_gradient_loss | 4.07e-08  |
|    value_loss           | 4.14e+05  |
---------------------------------------
--------------------------------------
| rollout/                |          |
|    ep_len_mean          | 37.9     |
|    ep_rew_mean          | 1.98e+03 |
| time/                   |          |
|    fps                  | 271      |
|    iterations           | 182      |
|    time_elapsed         | 343      |
|    total_timesteps      | 93184    |
| train/                  |          |
|    approx_kl            | 0.0      |
|    clip_fraction        | 0        |
|    clip_range           | 0.2      |
|    entropy_loss         | -0.00701 |
|    explained_variance   | 0        |
|    learning_rate        | 0.0003   |
|    loss                 | 1.8e+05  |
|    n_updates            | 905      |
|    policy_gradient_loss | 2.47e-09 |
|    value_loss           | 3.83e+05 |
--------------------------------------
--------------------------------------
| rollout/                |          |
|    ep_len_mean          | 37.2     |
|    ep_rew_mean          | 1.91e+03 |
| time/                   |          |
|    fps                  | 271      |
|    iterations           | 183      |
|    time_elapsed         | 345      |
|    total_timesteps      | 93696    |
| train/                  |          |
|    approx_kl            | 0.0      |
|    clip_fraction        | 0        |
|    clip_range           | 0.2      |
|    entropy_loss         | -0.00705 |
|    explained_variance   | 0        |
|    learning_rate        | 0.0003   |
|    loss                 | 3.18e+05 |
|    n_updates            | 910      |
|    policy_gradient_loss | 1.3e-09  |
|    value_loss           | 6.49e+05 |
--------------------------------------
---------------------------------------
| rollout/                |           |
|    ep_len_mean          | 36        |
|    ep_rew_mean          | 1.79e+03  |
| time/                   |           |
|    fps                  | 271       |
|    iterations           | 184       |
|    time_elapsed         | 347       |
|    total_timesteps      | 94208     |
| train/                  |           |
|    approx_kl            | 0.0       |
|    clip_fraction        | 0         |
|    clip_range           | 0.2       |
|    entropy_loss         | -0.00705  |
|    explained_variance   | -2.38e-07 |
|    learning_rate        | 0.0003    |
|    loss                 | 2.96e+05  |
|    n_updates            | 915       |
|    policy_gradient_loss | -7.17e-09 |
|    value_loss           | 4.53e+05  |
---------------------------------------
--------------------------------------------
| rollout/                |                |
|    ep_len_mean          | 37.7           |
|    ep_rew_mean          | 1.95e+03       |
| time/                   |                |
|    fps                  | 271            |
|    iterations           | 185            |
|    time_elapsed         | 348            |
|    total_timesteps      | 94720          |
| train/                  |                |
|    approx_kl            | -2.0954758e-09 |
|    clip_fraction        | 0              |
|    clip_range           | 0.2            |
|    entropy_loss         | -0.00719       |
|    explained_variance   | 5.96e-08       |
|    learning_rate        | 0.0003         |
|    loss                 | 2.26e+05       |
|    n_updates            | 920            |
|    policy_gradient_loss | -1.63e-09      |
|    value_loss           | 5.4e+05        |
--------------------------------------------
-------------------------------------------
| rollout/                |               |
|    ep_len_mean          | 38.4          |
|    ep_rew_mean          | 1.89e+03      |
| time/                   |               |
|    fps                  | 271           |
|    iterations           | 186           |
|    time_elapsed         | 350           |
|    total_timesteps      | 95232         |
| train/                  |               |
|    approx_kl            | 3.2084063e-07 |
|    clip_fraction        | 0             |
|    clip_range           | 0.2           |
|    entropy_loss         | -0.00693      |
|    explained_variance   | -2.38e-07     |
|    learning_rate        | 0.0003        |
|    loss                 | 2.22e+05      |
|    n_updates            | 925           |
|    policy_gradient_loss | -3.96e-05     |
|    value_loss           | 4.37e+05      |
-------------------------------------------
-------------------------------------------
| rollout/                |               |
|    ep_len_mean          | 38.5          |
|    ep_rew_mean          | 1.93e+03      |
| time/                   |               |
|    fps                  | 271           |
|    iterations           | 187           |
|    time_elapsed         | 352           |
|    total_timesteps      | 95744         |
| train/                  |               |
|    approx_kl            | 3.2095704e-07 |
|    clip_fraction        | 0             |
|    clip_range           | 0.2           |
|    entropy_loss         | -0.00676      |
|    explained_variance   | 5.96e-08      |
|    learning_rate        | 0.0003        |
|    loss                 | 2.6e+05       |
|    n_updates            | 930           |
|    policy_gradient_loss | -1.31e-05     |
|    value_loss           | 5.05e+05      |
-------------------------------------------
------------------------------------------
| rollout/                |              |
|    ep_len_mean          | 39.7         |
|    ep_rew_mean          | 1.98e+03     |
| time/                   |              |
|    fps                  | 271          |
|    iterations           | 188          |
|    time_elapsed         | 354          |
|    total_timesteps      | 96256        |
| train/                  |              |
|    approx_kl            | 5.568145e-07 |
|    clip_fraction        | 0            |
|    clip_range           | 0.2          |
|    entropy_loss         | -0.00677     |
|    explained_variance   | -1.19e-07    |
|    learning_rate        | 0.0003       |
|    loss                 | 2.53e+05     |
|    n_updates            | 935          |
|    policy_gradient_loss | -4.78e-05    |
|    value_loss           | 4.24e+05     |
------------------------------------------
---------------------------------------
| rollout/                |           |
|    ep_len_mean          | 40.2      |
|    ep_rew_mean          | 2.02e+03  |
| time/                   |           |
|    fps                  | 271       |
|    iterations           | 189       |
|    time_elapsed         | 356       |
|    total_timesteps      | 96768     |
| train/                  |           |
|    approx_kl            | 0.0       |
|    clip_fraction        | 0         |
|    clip_range           | 0.2       |
|    entropy_loss         | -0.00654  |
|    explained_variance   | -3.58e-07 |
|    learning_rate        | 0.0003    |
|    loss                 | 1.74e+05  |
|    n_updates            | 940       |
|    policy_gradient_loss | -9.65e-08 |
|    value_loss           | 3.56e+05  |
---------------------------------------
---------------------------------------
| rollout/                |           |
|    ep_len_mean          | 41        |
|    ep_rew_mean          | 2.04e+03  |
| time/                   |           |
|    fps                  | 271       |
|    iterations           | 190       |
|    time_elapsed         | 358       |
|    total_timesteps      | 97280     |
| train/                  |           |
|    approx_kl            | 0.0       |
|    clip_fraction        | 0         |
|    clip_range           | 0.2       |
|    entropy_loss         | -0.00651  |
|    explained_variance   | -3.58e-07 |
|    learning_rate        | 0.0003    |
|    loss                 | 1.82e+05  |
|    n_updates            | 945       |
|    policy_gradient_loss | 1.67e-08  |
|    value_loss           | 3.72e+05  |
---------------------------------------
---------------------------------------
| rollout/                |           |
|    ep_len_mean          | 40.3      |
|    ep_rew_mean          | 1.91e+03  |
| time/                   |           |
|    fps                  | 271       |
|    iterations           | 191       |
|    time_elapsed         | 360       |
|    total_timesteps      | 97792     |
| train/                  |           |
|    approx_kl            | 0.0       |
|    clip_fraction        | 0         |
|    clip_range           | 0.2       |
|    entropy_loss         | -0.00648  |
|    explained_variance   | -4.77e-07 |
|    learning_rate        | 0.0003    |
|    loss                 | 1.43e+05  |
|    n_updates            | 950       |
|    policy_gradient_loss | 5.03e-09  |
|    value_loss           | 3.04e+05  |
---------------------------------------
---------------------------------------
| rollout/                |           |
|    ep_len_mean          | 41.4      |
|    ep_rew_mean          | 2.1e+03   |
| time/                   |           |
|    fps                  | 271       |
|    iterations           | 192       |
|    time_elapsed         | 362       |
|    total_timesteps      | 98304     |
| train/                  |           |
|    approx_kl            | 0.0       |
|    clip_fraction        | 0         |
|    clip_range           | 0.2       |
|    entropy_loss         | -0.00651  |
|    explained_variance   | -1.19e-07 |
|    learning_rate        | 0.0003    |
|    loss                 | 1.46e+05  |
|    n_updates            | 955       |
|    policy_gradient_loss | -1.31e-08 |
|    value_loss           | 3.27e+05  |
---------------------------------------
-------------------------------------------
| rollout/                |               |
|    ep_len_mean          | 41.3          |
|    ep_rew_mean          | 2.1e+03       |
| time/                   |               |
|    fps                  | 271           |
|    iterations           | 193           |
|    time_elapsed         | 363           |
|    total_timesteps      | 98816         |
| train/                  |               |
|    approx_kl            | 3.2724347e-07 |
|    clip_fraction        | 0             |
|    clip_range           | 0.2           |
|    entropy_loss         | -0.00645      |
|    explained_variance   | -2.38e-07     |
|    learning_rate        | 0.0003        |
|    loss                 | 1.85e+05      |
|    n_updates            | 960           |
|    policy_gradient_loss | -3.62e-05     |
|    value_loss           | 4.18e+05      |
-------------------------------------------
---------------------------------------
| rollout/                |           |
|    ep_len_mean          | 40.2      |
|    ep_rew_mean          | 2.12e+03  |
| time/                   |           |
|    fps                  | 271       |
|    iterations           | 194       |
|    time_elapsed         | 365       |
|    total_timesteps      | 99328     |
| train/                  |           |
|    approx_kl            | 0.0       |
|    clip_fraction        | 0         |
|    clip_range           | 0.2       |
|    entropy_loss         | -0.00642  |
|    explained_variance   | -2.38e-07 |
|    learning_rate        | 0.0003    |
|    loss                 | 2.18e+05  |
|    n_updates            | 965       |
|    policy_gradient_loss | -1.2e-07  |
|    value_loss           | 5.36e+05  |
---------------------------------------
-------------------------------------------
| rollout/                |               |
|    ep_len_mean          | 40.2          |
|    ep_rew_mean          | 2.1e+03       |
| time/                   |               |
|    fps                  | 271           |
|    iterations           | 195           |
|    time_elapsed         | 367           |
|    total_timesteps      | 99840         |
| train/                  |               |
|    approx_kl            | 3.3678953e-07 |
|    clip_fraction        | 0             |
|    clip_range           | 0.2           |
|    entropy_loss         | -0.00633      |
|    explained_variance   | -2.38e-07     |
|    learning_rate        | 0.0003        |
|    loss                 | 1.61e+05      |
|    n_updates            | 970           |
|    policy_gradient_loss | -2.79e-05     |
|    value_loss           | 3.51e+05      |
-------------------------------------------
---------------------------------------
| rollout/                |           |
|    ep_len_mean          | 39.9      |
|    ep_rew_mean          | 2.04e+03  |
| time/                   |           |
|    fps                  | 271       |
|    iterations           | 196       |
|    time_elapsed         | 369       |
|    total_timesteps      | 100352    |
| train/                  |           |
|    approx_kl            | 0.0       |
|    clip_fraction        | 0         |
|    clip_range           | 0.2       |
|    entropy_loss         | -0.00619  |
|    explained_variance   | -3.58e-07 |
|    learning_rate        | 0.0003    |
|    loss                 | 1.89e+05  |
|    n_updates            | 975       |
|    policy_gradient_loss | -6.19e-08 |
|    value_loss           | 3.38e+05  |
---------------------------------------
-------------------------------------------
| rollout/                |               |
|    ep_len_mean          | 39.5          |
|    ep_rew_mean          | 1.96e+03      |
| time/                   |               |
|    fps                  | 271           |
|    iterations           | 197           |
|    time_elapsed         | 371           |
|    total_timesteps      | 100864        |
| train/                  |               |
|    approx_kl            | 1.4330726e-07 |
|    clip_fraction        | 0             |
|    clip_range           | 0.2           |
|    entropy_loss         | -0.00622      |
|    explained_variance   | 1.19e-07      |
|    learning_rate        | 0.0003        |
|    loss                 | 3.49e+05      |
|    n_updates            | 980           |
|    policy_gradient_loss | -1.1e-05      |
|    value_loss           | 6.86e+05      |
-------------------------------------------
---------------------------------------
| rollout/                |           |
|    ep_len_mean          | 38.7      |
|    ep_rew_mean          | 1.98e+03  |
| time/                   |           |
|    fps                  | 271       |
|    iterations           | 198       |
|    time_elapsed         | 373       |
|    total_timesteps      | 101376    |
| train/                  |           |
|    approx_kl            | 0.0       |
|    clip_fraction        | 0         |
|    clip_range           | 0.2       |
|    entropy_loss         | -0.00611  |
|    explained_variance   | -1.19e-07 |
|    learning_rate        | 0.0003    |
|    loss                 | 2.96e+05  |
|    n_updates            | 985       |
|    policy_gradient_loss | 2.65e-09  |
|    value_loss           | 5e+05     |
---------------------------------------
---------------------------------------
| rollout/                |           |
|    ep_len_mean          | 38.6      |
|    ep_rew_mean          | 1.89e+03  |
| time/                   |           |
|    fps                  | 271       |
|    iterations           | 199       |
|    time_elapsed         | 375       |
|    total_timesteps      | 101888    |
| train/                  |           |
|    approx_kl            | 0.0       |
|    clip_fraction        | 0         |
|    clip_range           | 0.2       |
|    entropy_loss         | -0.00611  |
|    explained_variance   | -2.38e-07 |
|    learning_rate        | 0.0003    |
|    loss                 | 2.74e+05  |
|    n_updates            | 990       |
|    policy_gradient_loss | 9.76e-09  |
|    value_loss           | 4.75e+05  |
---------------------------------------
------------------------------------------
| rollout/                |              |
|    ep_len_mean          | 37.3         |
|    ep_rew_mean          | 1.8e+03      |
| time/                   |              |
|    fps                  | 271          |
|    iterations           | 200          |
|    time_elapsed         | 376          |
|    total_timesteps      | 102400       |
| train/                  |              |
|    approx_kl            | 1.187087e-06 |
|    clip_fraction        | 0            |
|    clip_range           | 0.2          |
|    entropy_loss         | -0.00609     |
|    explained_variance   | -1.19e-07    |
|    learning_rate        | 0.0003       |
|    loss                 | 2.43e+05     |
|    n_updates            | 995          |
|    policy_gradient_loss | -1.67e-05    |
|    value_loss           | 4.49e+05     |
------------------------------------------
---------------------------------------
| rollout/                |           |
|    ep_len_mean          | 37.1      |
|    ep_rew_mean          | 1.75e+03  |
| time/                   |           |
|    fps                  | 271       |
|    iterations           | 201       |
|    time_elapsed         | 378       |
|    total_timesteps      | 102912    |
| train/                  |           |
|    approx_kl            | 0.0       |
|    clip_fraction        | 0         |
|    clip_range           | 0.2       |
|    entropy_loss         | -0.00586  |
|    explained_variance   | -3.58e-07 |
|    learning_rate        | 0.0003    |
|    loss                 | 1.32e+05  |
|    n_updates            | 1000      |
|    policy_gradient_loss | -2.18e-07 |
|    value_loss           | 3.4e+05   |
---------------------------------------
---------------------------------------
| rollout/                |           |
|    ep_len_mean          | 39        |
|    ep_rew_mean          | 1.92e+03  |
| time/                   |           |
|    fps                  | 271       |
|    iterations           | 202       |
|    time_elapsed         | 380       |
|    total_timesteps      | 103424    |
| train/                  |           |
|    approx_kl            | 0.0       |
|    clip_fraction        | 0         |
|    clip_range           | 0.2       |
|    entropy_loss         | -0.00578  |
|    explained_variance   | -4.77e-07 |
|    learning_rate        | 0.0003    |
|    loss                 | 1.39e+05  |
|    n_updates            | 1005      |
|    policy_gradient_loss | 3.07e-09  |
|    value_loss           | 2.85e+05  |
---------------------------------------
---------------------------------------
| rollout/                |           |
|    ep_len_mean          | 38.9      |
|    ep_rew_mean          | 2e+03     |
| time/                   |           |
|    fps                  | 272       |
|    iterations           | 203       |
|    time_elapsed         | 382       |
|    total_timesteps      | 103936    |
| train/                  |           |
|    approx_kl            | 0.0       |
|    clip_fraction        | 0         |
|    clip_range           | 0.2       |
|    entropy_loss         | -0.0058   |
|    explained_variance   | -1.19e-07 |
|    learning_rate        | 0.0003    |
|    loss                 | 2.68e+05  |
|    n_updates            | 1010      |
|    policy_gradient_loss | 4.96e-09  |
|    value_loss           | 6.41e+05  |
---------------------------------------
---------------------------------------
| rollout/                |           |
|    ep_len_mean          | 38.2      |
|    ep_rew_mean          | 1.97e+03  |
| time/                   |           |
|    fps                  | 272       |
|    iterations           | 204       |
|    time_elapsed         | 383       |
|    total_timesteps      | 104448    |
| train/                  |           |
|    approx_kl            | 0.0       |
|    clip_fraction        | 0         |
|    clip_range           | 0.2       |
|    entropy_loss         | -0.00582  |
|    explained_variance   | -2.38e-07 |
|    learning_rate        | 0.0003    |
|    loss                 | 2.51e+05  |
|    n_updates            | 1015      |
|    policy_gradient_loss | -4.24e-09 |
|    value_loss           | 4.79e+05  |
---------------------------------------
--------------------------------------
| rollout/                |          |
|    ep_len_mean          | 39.4     |
|    ep_rew_mean          | 2.03e+03 |
| time/                   |          |
|    fps                  | 271      |
|    iterations           | 205      |
|    time_elapsed         | 386      |
|    total_timesteps      | 104960   |
| train/                  |          |
|    approx_kl            | 0.0      |
|    clip_fraction        | 0        |
|    clip_range           | 0.2      |
|    entropy_loss         | -0.00581 |
|    explained_variance   | 0        |
|    learning_rate        | 0.0003   |
|    loss                 | 2.18e+05 |
|    n_updates            | 1020     |
|    policy_gradient_loss | 3.82e-09 |
|    value_loss           | 3.86e+05 |
--------------------------------------
--------------------------------------
| rollout/                |          |
|    ep_len_mean          | 38.6     |
|    ep_rew_mean          | 2.01e+03 |
| time/                   |          |
|    fps                  | 271      |
|    iterations           | 206      |
|    time_elapsed         | 387      |
|    total_timesteps      | 105472   |
| train/                  |          |
|    approx_kl            | 0.0      |
|    clip_fraction        | 0        |
|    clip_range           | 0.2      |
|    entropy_loss         | -0.00583 |
|    explained_variance   | 0        |
|    learning_rate        | 0.0003   |
|    loss                 | 3.71e+05 |
|    n_updates            | 1025     |
|    policy_gradient_loss | 1.36e-08 |
|    value_loss           | 7.06e+05 |
--------------------------------------
--------------------------------------
| rollout/                |          |
|    ep_len_mean          | 38.8     |
|    ep_rew_mean          | 2.1e+03  |
| time/                   |          |
|    fps                  | 272      |
|    iterations           | 207      |
|    time_elapsed         | 389      |
|    total_timesteps      | 105984   |
| train/                  |          |
|    approx_kl            | 0.0      |
|    clip_fraction        | 0        |
|    clip_range           | 0.2      |
|    entropy_loss         | -0.00583 |
|    explained_variance   | 0        |
|    learning_rate        | 0.0003   |
|    loss                 | 1.72e+05 |
|    n_updates            | 1030     |
|    policy_gradient_loss | 9.27e-09 |
|    value_loss           | 3.71e+05 |
--------------------------------------
-------------------------------------------
| rollout/                |               |
|    ep_len_mean          | 39.1          |
|    ep_rew_mean          | 2.14e+03      |
| time/                   |               |
|    fps                  | 272           |
|    iterations           | 208           |
|    time_elapsed         | 391           |
|    total_timesteps      | 106496        |
| train/                  |               |
|    approx_kl            | 3.3562537e-07 |
|    clip_fraction        | 0             |
|    clip_range           | 0.2           |
|    entropy_loss         | -0.00577      |
|    explained_variance   | -1.19e-07     |
|    learning_rate        | 0.0003        |
|    loss                 | 1.98e+05      |
|    n_updates            | 1035          |
|    policy_gradient_loss | -2.95e-05     |
|    value_loss           | 4.29e+05      |
-------------------------------------------
-------------------------------------------
| rollout/                |               |
|    ep_len_mean          | 38.2          |
|    ep_rew_mean          | 2.05e+03      |
| time/                   |               |
|    fps                  | 271           |
|    iterations           | 209           |
|    time_elapsed         | 393           |
|    total_timesteps      | 107008        |
| train/                  |               |
|    approx_kl            | 1.6483013e-05 |
|    clip_fraction        | 0             |
|    clip_range           | 0.2           |
|    entropy_loss         | -0.00554      |
|    explained_variance   | -2.38e-07     |
|    learning_rate        | 0.0003        |
|    loss                 | 2.68e+05      |
|    n_updates            | 1040          |
|    policy_gradient_loss | -0.000474     |
|    value_loss           | 4.15e+05      |
-------------------------------------------
--------------------------------------
| rollout/                |          |
|    ep_len_mean          | 37.2     |
|    ep_rew_mean          | 1.81e+03 |
| time/                   |          |
|    fps                  | 271      |
|    iterations           | 210      |
|    time_elapsed         | 395      |
|    total_timesteps      | 107520   |
| train/                  |          |
|    approx_kl            | 0.0      |
|    clip_fraction        | 0        |
|    clip_range           | 0.2      |
|    entropy_loss         | -0.00525 |
|    explained_variance   | 0        |
|    learning_rate        | 0.0003   |
|    loss                 | 1.82e+05 |
|    n_updates            | 1045     |
|    policy_gradient_loss | 1.57e-07 |
|    value_loss           | 4.04e+05 |
--------------------------------------
---------------------------------------
| rollout/                |           |
|    ep_len_mean          | 36.6      |
|    ep_rew_mean          | 1.83e+03  |
| time/                   |           |
|    fps                  | 272       |
|    iterations           | 211       |
|    time_elapsed         | 397       |
|    total_timesteps      | 108032    |
| train/                  |           |
|    approx_kl            | 0.0       |
|    clip_fraction        | 0         |
|    clip_range           | 0.2       |
|    entropy_loss         | -0.00522  |
|    explained_variance   | 5.96e-08  |
|    learning_rate        | 0.0003    |
|    loss                 | 2.32e+05  |
|    n_updates            | 1050      |
|    policy_gradient_loss | -1.16e-09 |
|    value_loss           | 4.05e+05  |
---------------------------------------
-------------------------------------------
| rollout/                |               |
|    ep_len_mean          | 35.9          |
|    ep_rew_mean          | 1.77e+03      |
| time/                   |               |
|    fps                  | 272           |
|    iterations           | 212           |
|    time_elapsed         | 398           |
|    total_timesteps      | 108544        |
| train/                  |               |
|    approx_kl            | 4.4016633e-07 |
|    clip_fraction        | 0             |
|    clip_range           | 0.2           |
|    entropy_loss         | -0.00514      |
|    explained_variance   | -1.19e-07     |
|    learning_rate        | 0.0003        |
|    loss                 | 1.9e+05       |
|    n_updates            | 1055          |
|    policy_gradient_loss | -5.05e-05     |
|    value_loss           | 3.66e+05      |
-------------------------------------------
---------------------------------------
| rollout/                |           |
|    ep_len_mean          | 36        |
|    ep_rew_mean          | 1.86e+03  |
| time/                   |           |
|    fps                  | 272       |
|    iterations           | 213       |
|    time_elapsed         | 400       |
|    total_timesteps      | 109056    |
| train/                  |           |
|    approx_kl            | 0.0       |
|    clip_fraction        | 0         |
|    clip_range           | 0.2       |
|    entropy_loss         | -0.00506  |
|    explained_variance   | 0         |
|    learning_rate        | 0.0003    |
|    loss                 | 3.36e+05  |
|    n_updates            | 1060      |
|    policy_gradient_loss | -4.54e-08 |
|    value_loss           | 6.25e+05  |
---------------------------------------
-------------------------------------------
| rollout/                |               |
|    ep_len_mean          | 36.4          |
|    ep_rew_mean          | 1.88e+03      |
| time/                   |               |
|    fps                  | 272           |
|    iterations           | 214           |
|    time_elapsed         | 402           |
|    total_timesteps      | 109568        |
| train/                  |               |
|    approx_kl            | 1.2232922e-06 |
|    clip_fraction        | 0             |
|    clip_range           | 0.2           |
|    entropy_loss         | -0.00494      |
|    explained_variance   | -2.38e-07     |
|    learning_rate        | 0.0003        |
|    loss                 | 1.54e+05      |
|    n_updates            | 1065          |
|    policy_gradient_loss | -7.53e-05     |
|    value_loss           | 2.9e+05       |
-------------------------------------------
---------------------------------------
| rollout/                |           |
|    ep_len_mean          | 36.9      |
|    ep_rew_mean          | 1.85e+03  |
| time/                   |           |
|    fps                  | 272       |
|    iterations           | 215       |
|    time_elapsed         | 403       |
|    total_timesteps      | 110080    |
| train/                  |           |
|    approx_kl            | 0.0       |
|    clip_fraction        | 0         |
|    clip_range           | 0.2       |
|    entropy_loss         | -0.0048   |
|    explained_variance   | -2.38e-07 |
|    learning_rate        | 0.0003    |
|    loss                 | 1.82e+05  |
|    n_updates            | 1070      |
|    policy_gradient_loss | -9.11e-08 |
|    value_loss           | 4.2e+05   |
---------------------------------------
---------------------------------------
| rollout/                |           |
|    ep_len_mean          | 38.3      |
|    ep_rew_mean          | 1.91e+03  |
| time/                   |           |
|    fps                  | 272       |
|    iterations           | 216       |
|    time_elapsed         | 405       |
|    total_timesteps      | 110592    |
| train/                  |           |
|    approx_kl            | 0.0       |
|    clip_fraction        | 0         |
|    clip_range           | 0.2       |
|    entropy_loss         | -0.00482  |
|    explained_variance   | 0         |
|    learning_rate        | 0.0003    |
|    loss                 | 3.05e+05  |
|    n_updates            | 1075      |
|    policy_gradient_loss | -8.85e-10 |
|    value_loss           | 6.16e+05  |
---------------------------------------
---------------------------------------
| rollout/                |           |
|    ep_len_mean          | 38        |
|    ep_rew_mean          | 1.89e+03  |
| time/                   |           |
|    fps                  | 272       |
|    iterations           | 217       |
|    time_elapsed         | 407       |
|    total_timesteps      | 111104    |
| train/                  |           |
|    approx_kl            | 0.0       |
|    clip_fraction        | 0         |
|    clip_range           | 0.2       |
|    entropy_loss         | -0.00482  |
|    explained_variance   | 0         |
|    learning_rate        | 0.0003    |
|    loss                 | 1.78e+05  |
|    n_updates            | 1080      |
|    policy_gradient_loss | -2.33e-11 |
|    value_loss           | 3.72e+05  |
---------------------------------------
--------------------------------------
| rollout/                |          |
|    ep_len_mean          | 37.1     |
|    ep_rew_mean          | 1.87e+03 |
| time/                   |          |
|    fps                  | 273      |
|    iterations           | 218      |
|    time_elapsed         | 408      |
|    total_timesteps      | 111616   |
| train/                  |          |
|    approx_kl            | 0.0      |
|    clip_fraction        | 0        |
|    clip_range           | 0.2      |
|    entropy_loss         | -0.00484 |
|    explained_variance   | 0        |
|    learning_rate        | 0.0003   |
|    loss                 | 3.01e+05 |
|    n_updates            | 1085     |
|    policy_gradient_loss | 3.66e-09 |
|    value_loss           | 4.73e+05 |
--------------------------------------
---------------------------------------
| rollout/                |           |
|    ep_len_mean          | 37.6      |
|    ep_rew_mean          | 1.81e+03  |
| time/                   |           |
|    fps                  | 273       |
|    iterations           | 219       |
|    time_elapsed         | 410       |
|    total_timesteps      | 112128    |
| train/                  |           |
|    approx_kl            | 0.0       |
|    clip_fraction        | 0         |
|    clip_range           | 0.2       |
|    entropy_loss         | -0.00486  |
|    explained_variance   | 0         |
|    learning_rate        | 0.0003    |
|    loss                 | 1.8e+05   |
|    n_updates            | 1090      |
|    policy_gradient_loss | -6.71e-09 |
|    value_loss           | 3.34e+05  |
---------------------------------------
---------------------------------------
| rollout/                |           |
|    ep_len_mean          | 37.4      |
|    ep_rew_mean          | 1.75e+03  |
| time/                   |           |
|    fps                  | 273       |
|    iterations           | 220       |
|    time_elapsed         | 411       |
|    total_timesteps      | 112640    |
| train/                  |           |
|    approx_kl            | 0.0       |
|    clip_fraction        | 0         |
|    clip_range           | 0.2       |
|    entropy_loss         | -0.00488  |
|    explained_variance   | -1.19e-07 |
|    learning_rate        | 0.0003    |
|    loss                 | 1.68e+05  |
|    n_updates            | 1095      |
|    policy_gradient_loss | -1.19e-08 |
|    value_loss           | 3.23e+05  |
---------------------------------------
-------------------------------------------
| rollout/                |               |
|    ep_len_mean          | 38.8          |
|    ep_rew_mean          | 1.87e+03      |
| time/                   |               |
|    fps                  | 273           |
|    iterations           | 221           |
|    time_elapsed         | 413           |
|    total_timesteps      | 113152        |
| train/                  |               |
|    approx_kl            | 7.1758404e-07 |
|    clip_fraction        | 0             |
|    clip_range           | 0.2           |
|    entropy_loss         | -0.0048       |
|    explained_variance   | -2.38e-07     |
|    learning_rate        | 0.0003        |
|    loss                 | 1.97e+05      |
|    n_updates            | 1100          |
|    policy_gradient_loss | -7.23e-05     |
|    value_loss           | 3.6e+05       |
-------------------------------------------
---------------------------------------
| rollout/                |           |
|    ep_len_mean          | 37.3      |
|    ep_rew_mean          | 1.86e+03  |
| time/                   |           |
|    fps                  | 273       |
|    iterations           | 222       |
|    time_elapsed         | 415       |
|    total_timesteps      | 113664    |
| train/                  |           |
|    approx_kl            | 0.0       |
|    clip_fraction        | 0         |
|    clip_range           | 0.2       |
|    entropy_loss         | -0.00462  |
|    explained_variance   | -1.19e-07 |
|    learning_rate        | 0.0003    |
|    loss                 | 2.17e+05  |
|    n_updates            | 1105      |
|    policy_gradient_loss | -7.14e-08 |
|    value_loss           | 5.09e+05  |
---------------------------------------
---------------------------------------
| rollout/                |           |
|    ep_len_mean          | 37.5      |
|    ep_rew_mean          | 1.8e+03   |
| time/                   |           |
|    fps                  | 273       |
|    iterations           | 223       |
|    time_elapsed         | 417       |
|    total_timesteps      | 114176    |
| train/                  |           |
|    approx_kl            | 0.0       |
|    clip_fraction        | 0         |
|    clip_range           | 0.2       |
|    entropy_loss         | -0.00463  |
|    explained_variance   | -1.19e-07 |
|    learning_rate        | 0.0003    |
|    loss                 | 1.27e+05  |
|    n_updates            | 1110      |
|    policy_gradient_loss | 1.01e-08  |
|    value_loss           | 3.21e+05  |
---------------------------------------
------------------------------------------
| rollout/                |              |
|    ep_len_mean          | 38.6         |
|    ep_rew_mean          | 1.87e+03     |
| time/                   |              |
|    fps                  | 273          |
|    iterations           | 224          |
|    time_elapsed         | 418          |
|    total_timesteps      | 114688       |
| train/                  |              |
|    approx_kl            | 3.958121e-07 |
|    clip_fraction        | 0            |
|    clip_range           | 0.2          |
|    entropy_loss         | -0.00457     |
|    explained_variance   | -1.19e-07    |
|    learning_rate        | 0.0003       |
|    loss                 | 1.99e+05     |
|    n_updates            | 1115         |
|    policy_gradient_loss | -2.43e-05    |
|    value_loss           | 5.02e+05     |
------------------------------------------
--------------------------------------
| rollout/                |          |
|    ep_len_mean          | 38.7     |
|    ep_rew_mean          | 1.86e+03 |
| time/                   |          |
|    fps                  | 273      |
|    iterations           | 225      |
|    time_elapsed         | 420      |
|    total_timesteps      | 115200   |
| train/                  |          |
|    approx_kl            | 0.0      |
|    clip_fraction        | 0        |
|    clip_range           | 0.2      |
|    entropy_loss         | -0.00455 |
|    explained_variance   | 1.79e-07 |
|    learning_rate        | 0.0003   |
|    loss                 | 1.88e+05 |
|    n_updates            | 1120     |
|    policy_gradient_loss | 1.38e-07 |
|    value_loss           | 3.73e+05 |
--------------------------------------
-------------------------------------------
| rollout/                |               |
|    ep_len_mean          | 39.5          |
|    ep_rew_mean          | 1.9e+03       |
| time/                   |               |
|    fps                  | 274           |
|    iterations           | 226           |
|    time_elapsed         | 422           |
|    total_timesteps      | 115712        |
| train/                  |               |
|    approx_kl            | 1.2315111e-05 |
|    clip_fraction        | 0             |
|    clip_range           | 0.2           |
|    entropy_loss         | -0.0044       |
|    explained_variance   | -1.19e-07     |
|    learning_rate        | 0.0003        |
|    loss                 | 1.26e+05      |
|    n_updates            | 1125          |
|    policy_gradient_loss | -0.000363     |
|    value_loss           | 2.4e+05       |
-------------------------------------------
---------------------------------------
| rollout/                |           |
|    ep_len_mean          | 38.9      |
|    ep_rew_mean          | 1.96e+03  |
| time/                   |           |
|    fps                  | 274       |
|    iterations           | 227       |
|    time_elapsed         | 423       |
|    total_timesteps      | 116224    |
| train/                  |           |
|    approx_kl            | 0.0       |
|    clip_fraction        | 0         |
|    clip_range           | 0.2       |
|    entropy_loss         | -0.00406  |
|    explained_variance   | -1.19e-07 |
|    learning_rate        | 0.0003    |
|    loss                 | 2.02e+05  |
|    n_updates            | 1130      |
|    policy_gradient_loss | -1.48e-07 |
|    value_loss           | 3.3e+05   |
---------------------------------------
-------------------------------------------
| rollout/                |               |
|    ep_len_mean          | 36.2          |
|    ep_rew_mean          | 1.76e+03      |
| time/                   |               |
|    fps                  | 274           |
|    iterations           | 228           |
|    time_elapsed         | 425           |
|    total_timesteps      | 116736        |
| train/                  |               |
|    approx_kl            | 1.2480887e-06 |
|    clip_fraction        | 0             |
|    clip_range           | 0.2           |
|    entropy_loss         | -0.00404      |
|    explained_variance   | -1.19e-07     |
|    learning_rate        | 0.0003        |
|    loss                 | 1.66e+05      |
|    n_updates            | 1135          |
|    policy_gradient_loss | -6.68e-05     |
|    value_loss           | 3.18e+05      |
-------------------------------------------
---------------------------------------
| rollout/                |           |
|    ep_len_mean          | 36.6      |
|    ep_rew_mean          | 1.77e+03  |
| time/                   |           |
|    fps                  | 274       |
|    iterations           | 229       |
|    time_elapsed         | 426       |
|    total_timesteps      | 117248    |
| train/                  |           |
|    approx_kl            | 0.0       |
|    clip_fraction        | 0         |
|    clip_range           | 0.2       |
|    entropy_loss         | -0.00389  |
|    explained_variance   | -2.38e-07 |
|    learning_rate        | 0.0003    |
|    loss                 | 1.43e+05  |
|    n_updates            | 1140      |
|    policy_gradient_loss | -4.58e-08 |
|    value_loss           | 3.1e+05   |
---------------------------------------
-------------------------------------------
| rollout/                |               |
|    ep_len_mean          | 35            |
|    ep_rew_mean          | 1.78e+03      |
| time/                   |               |
|    fps                  | 274           |
|    iterations           | 230           |
|    time_elapsed         | 428           |
|    total_timesteps      | 117760        |
| train/                  |               |
|    approx_kl            | 9.4482675e-07 |
|    clip_fraction        | 0             |
|    clip_range           | 0.2           |
|    entropy_loss         | -0.00385      |
|    explained_variance   | -1.19e-07     |
|    learning_rate        | 0.0003        |
|    loss                 | 1.56e+05      |
|    n_updates            | 1145          |
|    policy_gradient_loss | -6.2e-05      |
|    value_loss           | 2.95e+05      |
-------------------------------------------
---------------------------------------
| rollout/                |           |
|    ep_len_mean          | 34.5      |
|    ep_rew_mean          | 1.87e+03  |
| time/                   |           |
|    fps                  | 275       |
|    iterations           | 231       |
|    time_elapsed         | 430       |
|    total_timesteps      | 118272    |
| train/                  |           |
|    approx_kl            | 0.0       |
|    clip_fraction        | 0         |
|    clip_range           | 0.2       |
|    entropy_loss         | -0.00372  |
|    explained_variance   | -1.19e-07 |
|    learning_rate        | 0.0003    |
|    loss                 | 2e+05     |
|    n_updates            | 1150      |
|    policy_gradient_loss | -5.09e-08 |
|    value_loss           | 3.66e+05  |
---------------------------------------
---------------------------------------
| rollout/                |           |
|    ep_len_mean          | 34        |
|    ep_rew_mean          | 1.89e+03  |
| time/                   |           |
|    fps                  | 275       |
|    iterations           | 232       |
|    time_elapsed         | 431       |
|    total_timesteps      | 118784    |
| train/                  |           |
|    approx_kl            | 0.0       |
|    clip_fraction        | 0         |
|    clip_range           | 0.2       |
|    entropy_loss         | -0.00372  |
|    explained_variance   | 0         |
|    learning_rate        | 0.0003    |
|    loss                 | 2.37e+05  |
|    n_updates            | 1155      |
|    policy_gradient_loss | -4.66e-10 |
|    value_loss           | 4.42e+05  |
---------------------------------------
-------------------------------------------
| rollout/                |               |
|    ep_len_mean          | 33.3          |
|    ep_rew_mean          | 1.83e+03      |
| time/                   |               |
|    fps                  | 275           |
|    iterations           | 233           |
|    time_elapsed         | 433           |
|    total_timesteps      | 119296        |
| train/                  |               |
|    approx_kl            | 3.7252903e-07 |
|    clip_fraction        | 0             |
|    clip_range           | 0.2           |
|    entropy_loss         | -0.00374      |
|    explained_variance   | 0             |
|    learning_rate        | 0.0003        |
|    loss                 | 2.85e+05      |
|    n_updates            | 1160          |
|    policy_gradient_loss | -2.65e-05     |
|    value_loss           | 5.76e+05      |
-------------------------------------------
-------------------------------------------
| rollout/                |               |
|    ep_len_mean          | 34.5          |
|    ep_rew_mean          | 1.9e+03       |
| time/                   |               |
|    fps                  | 275           |
|    iterations           | 234           |
|    time_elapsed         | 434           |
|    total_timesteps      | 119808        |
| train/                  |               |
|    approx_kl            | 1.7546117e-06 |
|    clip_fraction        | 0             |
|    clip_range           | 0.2           |
|    entropy_loss         | -0.00357      |
|    explained_variance   | -2.38e-07     |
|    learning_rate        | 0.0003        |
|    loss                 | 1.49e+05      |
|    n_updates            | 1165          |
|    policy_gradient_loss | -0.000101     |
|    value_loss           | 2.84e+05      |
-------------------------------------------
---------------------------------------
| rollout/                |           |
|    ep_len_mean          | 34.9      |
|    ep_rew_mean          | 1.86e+03  |
| time/                   |           |
|    fps                  | 275       |
|    iterations           | 235       |
|    time_elapsed         | 436       |
|    total_timesteps      | 120320    |
| train/                  |           |
|    approx_kl            | 0.0       |
|    clip_fraction        | 0         |
|    clip_range           | 0.2       |
|    entropy_loss         | -0.00347  |
|    explained_variance   | -2.38e-07 |
|    learning_rate        | 0.0003    |
|    loss                 | 1.38e+05  |
|    n_updates            | 1170      |
|    policy_gradient_loss | -7.92e-08 |
|    value_loss           | 3.19e+05  |
---------------------------------------
--------------------------------------
| rollout/                |          |
|    ep_len_mean          | 35.1     |
|    ep_rew_mean          | 1.9e+03  |
| time/                   |          |
|    fps                  | 275      |
|    iterations           | 236      |
|    time_elapsed         | 437      |
|    total_timesteps      | 120832   |
| train/                  |          |
|    approx_kl            | 0.0      |
|    clip_fraction        | 0        |
|    clip_range           | 0.2      |
|    entropy_loss         | -0.00345 |
|    explained_variance   | 0        |
|    learning_rate        | 0.0003   |
|    loss                 | 2.19e+05 |
|    n_updates            | 1175     |
|    policy_gradient_loss | 1.75e-09 |
|    value_loss           | 4.7e+05  |
--------------------------------------
-------------------------------------------
| rollout/                |               |
|    ep_len_mean          | 37.2          |
|    ep_rew_mean          | 1.98e+03      |
| time/                   |               |
|    fps                  | 276           |
|    iterations           | 237           |
|    time_elapsed         | 439           |
|    total_timesteps      | 121344        |
| train/                  |               |
|    approx_kl            | 4.2445026e-07 |
|    clip_fraction        | 0             |
|    clip_range           | 0.2           |
|    entropy_loss         | -0.00341      |
|    explained_variance   | -1.19e-07     |
|    learning_rate        | 0.0003        |
|    loss                 | 2.66e+05      |
|    n_updates            | 1180          |
|    policy_gradient_loss | -4.19e-05     |
|    value_loss           | 4.16e+05      |
-------------------------------------------
---------------------------------------
| rollout/                |           |
|    ep_len_mean          | 37.2      |
|    ep_rew_mean          | 1.98e+03  |
| time/                   |           |
|    fps                  | 276       |
|    iterations           | 238       |
|    time_elapsed         | 441       |
|    total_timesteps      | 121856    |
| train/                  |           |
|    approx_kl            | 0.0       |
|    clip_fraction        | 0         |
|    clip_range           | 0.2       |
|    entropy_loss         | -0.00332  |
|    explained_variance   | -1.19e-07 |
|    learning_rate        | 0.0003    |
|    loss                 | 1.85e+05  |
|    n_updates            | 1185      |
|    policy_gradient_loss | -5.54e-09 |
|    value_loss           | 3.63e+05  |
---------------------------------------
---------------------------------------
| rollout/                |           |
|    ep_len_mean          | 37.5      |
|    ep_rew_mean          | 1.92e+03  |
| time/                   |           |
|    fps                  | 276       |
|    iterations           | 239       |
|    time_elapsed         | 443       |
|    total_timesteps      | 122368    |
| train/                  |           |
|    approx_kl            | 0.0       |
|    clip_fraction        | 0         |
|    clip_range           | 0.2       |
|    entropy_loss         | -0.00336  |
|    explained_variance   | 0         |
|    learning_rate        | 0.0003    |
|    loss                 | 1.95e+05  |
|    n_updates            | 1190      |
|    policy_gradient_loss | -3.12e-09 |
|    value_loss           | 4.32e+05  |
---------------------------------------
---------------------------------------
| rollout/                |           |
|    ep_len_mean          | 38.4      |
|    ep_rew_mean          | 1.88e+03  |
| time/                   |           |
|    fps                  | 276       |
|    iterations           | 240       |
|    time_elapsed         | 444       |
|    total_timesteps      | 122880    |
| train/                  |           |
|    approx_kl            | 0.0       |
|    clip_fraction        | 0         |
|    clip_range           | 0.2       |
|    entropy_loss         | -0.00332  |
|    explained_variance   | 0         |
|    learning_rate        | 0.0003    |
|    loss                 | 1.88e+05  |
|    n_updates            | 1195      |
|    policy_gradient_loss | -4.96e-09 |
|    value_loss           | 3.91e+05  |
---------------------------------------
---------------------------------------
| rollout/                |           |
|    ep_len_mean          | 37.8      |
|    ep_rew_mean          | 1.82e+03  |
| time/                   |           |
|    fps                  | 276       |
|    iterations           | 241       |
|    time_elapsed         | 446       |
|    total_timesteps      | 123392    |
| train/                  |           |
|    approx_kl            | 0.0       |
|    clip_fraction        | 0         |
|    clip_range           | 0.2       |
|    entropy_loss         | -0.00336  |
|    explained_variance   | 0         |
|    learning_rate        | 0.0003    |
|    loss                 | 2.38e+05  |
|    n_updates            | 1200      |
|    policy_gradient_loss | -1.01e-08 |
|    value_loss           | 4.27e+05  |
---------------------------------------
---------------------------------------
| rollout/                |           |
|    ep_len_mean          | 38.7      |
|    ep_rew_mean          | 1.77e+03  |
| time/                   |           |
|    fps                  | 276       |
|    iterations           | 242       |
|    time_elapsed         | 447       |
|    total_timesteps      | 123904    |
| train/                  |           |
|    approx_kl            | 0.0       |
|    clip_fraction        | 0         |
|    clip_range           | 0.2       |
|    entropy_loss         | -0.0033   |
|    explained_variance   | -2.38e-07 |
|    learning_rate        | 0.0003    |
|    loss                 | 1.38e+05  |
|    n_updates            | 1205      |
|    policy_gradient_loss | -8.89e-09 |
|    value_loss           | 2.68e+05  |
---------------------------------------
---------------------------------------
| rollout/                |           |
|    ep_len_mean          | 38.6      |
|    ep_rew_mean          | 1.71e+03  |
| time/                   |           |
|    fps                  | 276       |
|    iterations           | 243       |
|    time_elapsed         | 449       |
|    total_timesteps      | 124416    |
| train/                  |           |
|    approx_kl            | 0.0       |
|    clip_fraction        | 0         |
|    clip_range           | 0.2       |
|    entropy_loss         | -0.00333  |
|    explained_variance   | 0         |
|    learning_rate        | 0.0003    |
|    loss                 | 2.37e+05  |
|    n_updates            | 1210      |
|    policy_gradient_loss | -7.71e-09 |
|    value_loss           | 4.97e+05  |
---------------------------------------
---------------------------------------
| rollout/                |           |
|    ep_len_mean          | 37.1      |
|    ep_rew_mean          | 1.63e+03  |
| time/                   |           |
|    fps                  | 277       |
|    iterations           | 244       |
|    time_elapsed         | 450       |
|    total_timesteps      | 124928    |
| train/                  |           |
|    approx_kl            | 0.0       |
|    clip_fraction        | 0         |
|    clip_range           | 0.2       |
|    entropy_loss         | -0.00336  |
|    explained_variance   | 0         |
|    learning_rate        | 0.0003    |
|    loss                 | 1.67e+05  |
|    n_updates            | 1215      |
|    policy_gradient_loss | -3.63e-09 |
|    value_loss           | 3.9e+05   |
---------------------------------------
---------------------------------------
| rollout/                |           |
|    ep_len_mean          | 36.9      |
|    ep_rew_mean          | 1.58e+03  |
| time/                   |           |
|    fps                  | 277       |
|    iterations           | 245       |
|    time_elapsed         | 452       |
|    total_timesteps      | 125440    |
| train/                  |           |
|    approx_kl            | 0.0       |
|    clip_fraction        | 0         |
|    clip_range           | 0.2       |
|    entropy_loss         | -0.00335  |
|    explained_variance   | -1.19e-07 |
|    learning_rate        | 0.0003    |
|    loss                 | 2.06e+05  |
|    n_updates            | 1220      |
|    policy_gradient_loss | -1.37e-08 |
|    value_loss           | 4.91e+05  |
---------------------------------------
--------------------------------------
| rollout/                |          |
|    ep_len_mean          | 37.7     |
|    ep_rew_mean          | 1.72e+03 |
| time/                   |          |
|    fps                  | 277      |
|    iterations           | 246      |
|    time_elapsed         | 454      |
|    total_timesteps      | 125952   |
| train/                  |          |
|    approx_kl            | 0.0      |
|    clip_fraction        | 0        |
|    clip_range           | 0.2      |
|    entropy_loss         | -0.00334 |
|    explained_variance   | 0        |
|    learning_rate        | 0.0003   |
|    loss                 | 1.7e+05  |
|    n_updates            | 1225     |
|    policy_gradient_loss | -1.1e-08 |
|    value_loss           | 4.3e+05  |
--------------------------------------
---------------------------------------
| rollout/                |           |
|    ep_len_mean          | 37.1      |
|    ep_rew_mean          | 1.7e+03   |
| time/                   |           |
|    fps                  | 277       |
|    iterations           | 247       |
|    time_elapsed         | 455       |
|    total_timesteps      | 126464    |
| train/                  |           |
|    approx_kl            | 0.0       |
|    clip_fraction        | 0         |
|    clip_range           | 0.2       |
|    entropy_loss         | -0.00333  |
|    explained_variance   | -1.19e-07 |
|    learning_rate        | 0.0003    |
|    loss                 | 1.38e+05  |
|    n_updates            | 1230      |
|    policy_gradient_loss | 1.29e-08  |
|    value_loss           | 3.9e+05   |
---------------------------------------
--------------------------------------
| rollout/                |          |
|    ep_len_mean          | 37.1     |
|    ep_rew_mean          | 1.71e+03 |
| time/                   |          |
|    fps                  | 277      |
|    iterations           | 248      |
|    time_elapsed         | 457      |
|    total_timesteps      | 126976   |
| train/                  |          |
|    approx_kl            | 0.0      |
|    clip_fraction        | 0        |
|    clip_range           | 0.2      |
|    entropy_loss         | -0.00335 |
|    explained_variance   | 0        |
|    learning_rate        | 0.0003   |
|    loss                 | 2.85e+05 |
|    n_updates            | 1235     |
|    policy_gradient_loss | 2.79e-10 |
|    value_loss           | 5.37e+05 |
--------------------------------------
--------------------------------------
| rollout/                |          |
|    ep_len_mean          | 37.6     |
|    ep_rew_mean          | 1.8e+03  |
| time/                   |          |
|    fps                  | 277      |
|    iterations           | 249      |
|    time_elapsed         | 458      |
|    total_timesteps      | 127488   |
| train/                  |          |
|    approx_kl            | 0.0      |
|    clip_fraction        | 0        |
|    clip_range           | 0.2      |
|    entropy_loss         | -0.00334 |
|    explained_variance   | 0        |
|    learning_rate        | 0.0003   |
|    loss                 | 1.81e+05 |
|    n_updates            | 1240     |
|    policy_gradient_loss | -1.3e-09 |
|    value_loss           | 4.24e+05 |
--------------------------------------
--------------------------------------
| rollout/                |          |
|    ep_len_mean          | 37.5     |
|    ep_rew_mean          | 1.94e+03 |
| time/                   |          |
|    fps                  | 277      |
|    iterations           | 250      |
|    time_elapsed         | 460      |
|    total_timesteps      | 128000   |
| train/                  |          |
|    approx_kl            | 0.0      |
|    clip_fraction        | 0        |
|    clip_range           | 0.2      |
|    entropy_loss         | -0.00337 |
|    explained_variance   | 0        |
|    learning_rate        | 0.0003   |
|    loss                 | 3.89e+05 |
|    n_updates            | 1245     |
|    policy_gradient_loss | 3.49e-10 |
|    value_loss           | 8.26e+05 |
--------------------------------------
--------------------------------------
| rollout/                |          |
|    ep_len_mean          | 37.9     |
|    ep_rew_mean          | 1.97e+03 |
| time/                   |          |
|    fps                  | 278      |
|    iterations           | 251      |
|    time_elapsed         | 462      |
|    total_timesteps      | 128512   |
| train/                  |          |
|    approx_kl            | 0.0      |
|    clip_fraction        | 0        |
|    clip_range           | 0.2      |
|    entropy_loss         | -0.00336 |
|    explained_variance   | 0        |
|    learning_rate        | 0.0003   |
|    loss                 | 2.55e+05 |
|    n_updates            | 1250     |
|    policy_gradient_loss | 7.99e-09 |
|    value_loss           | 4.33e+05 |
--------------------------------------
--------------------------------------
| rollout/                |          |
|    ep_len_mean          | 37.8     |
|    ep_rew_mean          | 1.9e+03  |
| time/                   |          |
|    fps                  | 278      |
|    iterations           | 252      |
|    time_elapsed         | 463      |
|    total_timesteps      | 129024   |
| train/                  |          |
|    approx_kl            | 0.0      |
|    clip_fraction        | 0        |
|    clip_range           | 0.2      |
|    entropy_loss         | -0.00336 |
|    explained_variance   | 0        |
|    learning_rate        | 0.0003   |
|    loss                 | 1.54e+05 |
|    n_updates            | 1255     |
|    policy_gradient_loss | 1.49e-09 |
|    value_loss           | 3.18e+05 |
--------------------------------------
---------------------------------------
| rollout/                |           |
|    ep_len_mean          | 39.1      |
|    ep_rew_mean          | 2.01e+03  |
| time/                   |           |
|    fps                  | 278       |
|    iterations           | 253       |
|    time_elapsed         | 465       |
|    total_timesteps      | 129536    |
| train/                  |           |
|    approx_kl            | 0.0       |
|    clip_fraction        | 0         |
|    clip_range           | 0.2       |
|    entropy_loss         | -0.00339  |
|    explained_variance   | -1.19e-07 |
|    learning_rate        | 0.0003    |
|    loss                 | 2.3e+05   |
|    n_updates            | 1260      |
|    policy_gradient_loss | 4.56e-09  |
|    value_loss           | 4.49e+05  |
---------------------------------------
---------------------------------------
| rollout/                |           |
|    ep_len_mean          | 38.8      |
|    ep_rew_mean          | 1.98e+03  |
| time/                   |           |
|    fps                  | 278       |
|    iterations           | 254       |
|    time_elapsed         | 466       |
|    total_timesteps      | 130048    |
| train/                  |           |
|    approx_kl            | 0.0       |
|    clip_fraction        | 0         |
|    clip_range           | 0.2       |
|    entropy_loss         | -0.00339  |
|    explained_variance   | 1.19e-07  |
|    learning_rate        | 0.0003    |
|    loss                 | 4.04e+05  |
|    n_updates            | 1265      |
|    policy_gradient_loss | -4.77e-09 |
|    value_loss           | 7.97e+05  |
---------------------------------------
---------------------------------------
| rollout/                |           |
|    ep_len_mean          | 39.3      |
|    ep_rew_mean          | 1.99e+03  |
| time/                   |           |
|    fps                  | 278       |
|    iterations           | 255       |
|    time_elapsed         | 468       |
|    total_timesteps      | 130560    |
| train/                  |           |
|    approx_kl            | 0.0       |
|    clip_fraction        | 0         |
|    clip_range           | 0.2       |
|    entropy_loss         | -0.00337  |
|    explained_variance   | -1.19e-07 |
|    learning_rate        | 0.0003    |
|    loss                 | 1.67e+05  |
|    n_updates            | 1270      |
|    policy_gradient_loss | -5.84e-09 |
|    value_loss           | 2.98e+05  |
---------------------------------------
--------------------------------------
| rollout/                |          |
|    ep_len_mean          | 39.8     |
|    ep_rew_mean          | 2.23e+03 |
| time/                   |          |
|    fps                  | 278      |
|    iterations           | 256      |
|    time_elapsed         | 469      |
|    total_timesteps      | 131072   |
| train/                  |          |
|    approx_kl            | 0.0      |
|    clip_fraction        | 0        |
|    clip_range           | 0.2      |
|    entropy_loss         | -0.00335 |
|    explained_variance   | 0        |
|    learning_rate        | 0.0003   |
|    loss                 | 1.85e+05 |
|    n_updates            | 1275     |
|    policy_gradient_loss | 1.03e-08 |
|    value_loss           | 3.9e+05  |
--------------------------------------
---------------------------------------
| rollout/                |           |
|    ep_len_mean          | 39.3      |
|    ep_rew_mean          | 2.06e+03  |
| time/                   |           |
|    fps                  | 279       |
|    iterations           | 257       |
|    time_elapsed         | 471       |
|    total_timesteps      | 131584    |
| train/                  |           |
|    approx_kl            | 0.0       |
|    clip_fraction        | 0         |
|    clip_range           | 0.2       |
|    entropy_loss         | -0.00336  |
|    explained_variance   | -1.19e-07 |
|    learning_rate        | 0.0003    |
|    loss                 | 2.43e+05  |
|    n_updates            | 1280      |
|    policy_gradient_loss | -2.21e-09 |
|    value_loss           | 4.07e+05  |
---------------------------------------
--------------------------------------
| rollout/                |          |
|    ep_len_mean          | 38.4     |
|    ep_rew_mean          | 2e+03    |
| time/                   |          |
|    fps                  | 279      |
|    iterations           | 258      |
|    time_elapsed         | 473      |
|    total_timesteps      | 132096   |
| train/                  |          |
|    approx_kl            | 0.0      |
|    clip_fraction        | 0        |
|    clip_range           | 0.2      |
|    entropy_loss         | -0.00338 |
|    explained_variance   | 0        |
|    learning_rate        | 0.0003   |
|    loss                 | 1.51e+05 |
|    n_updates            | 1285     |
|    policy_gradient_loss | 4.89e-09 |
|    value_loss           | 3.47e+05 |
--------------------------------------
---------------------------------------
| rollout/                |           |
|    ep_len_mean          | 36.2      |
|    ep_rew_mean          | 1.85e+03  |
| time/                   |           |
|    fps                  | 279       |
|    iterations           | 259       |
|    time_elapsed         | 474       |
|    total_timesteps      | 132608    |
| train/                  |           |
|    approx_kl            | 0.0       |
|    clip_fraction        | 0         |
|    clip_range           | 0.2       |
|    entropy_loss         | -0.00336  |
|    explained_variance   | -1.19e-07 |
|    learning_rate        | 0.0003    |
|    loss                 | 1.42e+05  |
|    n_updates            | 1290      |
|    policy_gradient_loss | 3.77e-09  |
|    value_loss           | 2.62e+05  |
---------------------------------------
-------------------------------------------
| rollout/                |               |
|    ep_len_mean          | 35.5          |
|    ep_rew_mean          | 1.82e+03      |
| time/                   |               |
|    fps                  | 279           |
|    iterations           | 260           |
|    time_elapsed         | 476           |
|    total_timesteps      | 133120        |
| train/                  |               |
|    approx_kl            | 1.4286488e-06 |
|    clip_fraction        | 0             |
|    clip_range           | 0.2           |
|    entropy_loss         | -0.00335      |
|    explained_variance   | 0             |
|    learning_rate        | 0.0003        |
|    loss                 | 1.02e+05      |
|    n_updates            | 1295          |
|    policy_gradient_loss | -5.51e-05     |
|    value_loss           | 2.32e+05      |
-------------------------------------------
---------------------------------------
| rollout/                |           |
|    ep_len_mean          | 35.5      |
|    ep_rew_mean          | 1.79e+03  |
| time/                   |           |
|    fps                  | 279       |
|    iterations           | 261       |
|    time_elapsed         | 477       |
|    total_timesteps      | 133632    |
| train/                  |           |
|    approx_kl            | 0.0       |
|    clip_fraction        | 0         |
|    clip_range           | 0.2       |
|    entropy_loss         | -0.00323  |
|    explained_variance   | -2.38e-07 |
|    learning_rate        | 0.0003    |
|    loss                 | 1.34e+05  |
|    n_updates            | 1300      |
|    policy_gradient_loss | -3.13e-08 |
|    value_loss           | 2.85e+05  |
---------------------------------------
------------------------------------------
| rollout/                |              |
|    ep_len_mean          | 32.5         |
|    ep_rew_mean          | 1.53e+03     |
| time/                   |              |
|    fps                  | 279          |
|    iterations           | 262          |
|    time_elapsed         | 479          |
|    total_timesteps      | 134144       |
| train/                  |              |
|    approx_kl            | 4.362082e-07 |
|    clip_fraction        | 0            |
|    clip_range           | 0.2          |
|    entropy_loss         | -0.00319     |
|    explained_variance   | 0            |
|    learning_rate        | 0.0003       |
|    loss                 | 1.83e+05     |
|    n_updates            | 1305         |
|    policy_gradient_loss | -1.97e-05    |
|    value_loss           | 4.18e+05     |
------------------------------------------
---------------------------------------
| rollout/                |           |
|    ep_len_mean          | 32.9      |
|    ep_rew_mean          | 1.61e+03  |
| time/                   |           |
|    fps                  | 279       |
|    iterations           | 263       |
|    time_elapsed         | 480       |
|    total_timesteps      | 134656    |
| train/                  |           |
|    approx_kl            | 0.0       |
|    clip_fraction        | 0         |
|    clip_range           | 0.2       |
|    entropy_loss         | -0.00314  |
|    explained_variance   | -1.19e-07 |
|    learning_rate        | 0.0003    |
|    loss                 | 1.03e+05  |
|    n_updates            | 1310      |
|    policy_gradient_loss | 1.24e-08  |
|    value_loss           | 2.7e+05   |
---------------------------------------
---------------------------------------
| rollout/                |           |
|    ep_len_mean          | 34.5      |
|    ep_rew_mean          | 1.69e+03  |
| time/                   |           |
|    fps                  | 280       |
|    iterations           | 264       |
|    time_elapsed         | 482       |
|    total_timesteps      | 135168    |
| train/                  |           |
|    approx_kl            | 0.0       |
|    clip_fraction        | 0         |
|    clip_range           | 0.2       |
|    entropy_loss         | -0.00313  |
|    explained_variance   | -1.19e-07 |
|    learning_rate        | 0.0003    |
|    loss                 | 2.42e+05  |
|    n_updates            | 1315      |
|    policy_gradient_loss | 6.01e-09  |
|    value_loss           | 4.61e+05  |
---------------------------------------
-------------------------------------------
| rollout/                |               |
|    ep_len_mean          | 34.8          |
|    ep_rew_mean          | 1.69e+03      |
| time/                   |               |
|    fps                  | 280           |
|    iterations           | 265           |
|    time_elapsed         | 484           |
|    total_timesteps      | 135680        |
| train/                  |               |
|    approx_kl            | 5.1106326e-07 |
|    clip_fraction        | 0             |
|    clip_range           | 0.2           |
|    entropy_loss         | -0.00314      |
|    explained_variance   | 1.19e-07      |
|    learning_rate        | 0.0003        |
|    loss                 | 1.91e+05      |
|    n_updates            | 1320          |
|    policy_gradient_loss | -2.56e-05     |
|    value_loss           | 4.62e+05      |
-------------------------------------------
--------------------------------------
| rollout/                |          |
|    ep_len_mean          | 37.1     |
|    ep_rew_mean          | 1.89e+03 |
| time/                   |          |
|    fps                  | 280      |
|    iterations           | 266      |
|    time_elapsed         | 485      |
|    total_timesteps      | 136192   |
| train/                  |          |
|    approx_kl            | 0.0      |
|    clip_fraction        | 0        |
|    clip_range           | 0.2      |
|    entropy_loss         | -0.00305 |
|    explained_variance   | 0        |
|    learning_rate        | 0.0003   |
|    loss                 | 2.45e+05 |
|    n_updates            | 1325     |
|    policy_gradient_loss | -2.1e-08 |
|    value_loss           | 4.71e+05 |
--------------------------------------
---------------------------------------
| rollout/                |           |
|    ep_len_mean          | 37.9      |
|    ep_rew_mean          | 1.94e+03  |
| time/                   |           |
|    fps                  | 280       |
|    iterations           | 267       |
|    time_elapsed         | 487       |
|    total_timesteps      | 136704    |
| train/                  |           |
|    approx_kl            | 0.0       |
|    clip_fraction        | 0         |
|    clip_range           | 0.2       |
|    entropy_loss         | -0.00304  |
|    explained_variance   | -1.19e-07 |
|    learning_rate        | 0.0003    |
|    loss                 | 2.23e+05  |
|    n_updates            | 1330      |
|    policy_gradient_loss | 5.94e-09  |
|    value_loss           | 4.97e+05  |
---------------------------------------
-------------------------------------------
| rollout/                |               |
|    ep_len_mean          | 37.6          |
|    ep_rew_mean          | 1.93e+03      |
| time/                   |               |
|    fps                  | 280           |
|    iterations           | 268           |
|    time_elapsed         | 488           |
|    total_timesteps      | 137216        |
| train/                  |               |
|    approx_kl            | 1.4390098e-06 |
|    clip_fraction        | 0             |
|    clip_range           | 0.2           |
|    entropy_loss         | -0.00298      |
|    explained_variance   | -1.19e-07     |
|    learning_rate        | 0.0003        |
|    loss                 | 1.81e+05      |
|    n_updates            | 1335          |
|    policy_gradient_loss | -7.79e-05     |
|    value_loss           | 3.8e+05       |
-------------------------------------------
---------------------------------------
| rollout/                |           |
|    ep_len_mean          | 38.7      |
|    ep_rew_mean          | 1.98e+03  |
| time/                   |           |
|    fps                  | 280       |
|    iterations           | 269       |
|    time_elapsed         | 490       |
|    total_timesteps      | 137728    |
| train/                  |           |
|    approx_kl            | 0.0       |
|    clip_fraction        | 0         |
|    clip_range           | 0.2       |
|    entropy_loss         | -0.00289  |
|    explained_variance   | 0         |
|    learning_rate        | 0.0003    |
|    loss                 | 2.01e+05  |
|    n_updates            | 1340      |
|    policy_gradient_loss | -6.91e-08 |
|    value_loss           | 4.13e+05  |
---------------------------------------
--------------------------------------
| rollout/                |          |
|    ep_len_mean          | 39       |
|    ep_rew_mean          | 2.03e+03 |
| time/                   |          |
|    fps                  | 280      |
|    iterations           | 270      |
|    time_elapsed         | 491      |
|    total_timesteps      | 138240   |
| train/                  |          |
|    approx_kl            | 0.0      |
|    clip_fraction        | 0        |
|    clip_range           | 0.2      |
|    entropy_loss         | -0.00291 |
|    explained_variance   | 0        |
|    learning_rate        | 0.0003   |
|    loss                 | 1.85e+05 |
|    n_updates            | 1345     |
|    policy_gradient_loss | 1.86e-09 |
|    value_loss           | 4.88e+05 |
--------------------------------------
---------------------------------------
| rollout/                |           |
|    ep_len_mean          | 37.5      |
|    ep_rew_mean          | 1.98e+03  |
| time/                   |           |
|    fps                  | 281       |
|    iterations           | 271       |
|    time_elapsed         | 493       |
|    total_timesteps      | 138752    |
| train/                  |           |
|    approx_kl            | 0.0       |
|    clip_fraction        | 0         |
|    clip_range           | 0.2       |
|    entropy_loss         | -0.00287  |
|    explained_variance   | -1.19e-07 |
|    learning_rate        | 0.0003    |
|    loss                 | 1.63e+05  |
|    n_updates            | 1350      |
|    policy_gradient_loss | 1.23e-09  |
|    value_loss           | 3.08e+05  |
---------------------------------------
---------------------------------------
| rollout/                |           |
|    ep_len_mean          | 36.8      |
|    ep_rew_mean          | 1.98e+03  |
| time/                   |           |
|    fps                  | 281       |
|    iterations           | 272       |
|    time_elapsed         | 495       |
|    total_timesteps      | 139264    |
| train/                  |           |
|    approx_kl            | 0.0       |
|    clip_fraction        | 0         |
|    clip_range           | 0.2       |
|    entropy_loss         | -0.00293  |
|    explained_variance   | -2.38e-07 |
|    learning_rate        | 0.0003    |
|    loss                 | 1.25e+05  |
|    n_updates            | 1355      |
|    policy_gradient_loss | 1.58e-08  |
|    value_loss           | 2.63e+05  |
---------------------------------------
---------------------------------------
| rollout/                |           |
|    ep_len_mean          | 35.1      |
|    ep_rew_mean          | 1.75e+03  |
| time/                   |           |
|    fps                  | 281       |
|    iterations           | 273       |
|    time_elapsed         | 496       |
|    total_timesteps      | 139776    |
| train/                  |           |
|    approx_kl            | 0.0       |
|    clip_fraction        | 0         |
|    clip_range           | 0.2       |
|    entropy_loss         | -0.0029   |
|    explained_variance   | -2.38e-07 |
|    learning_rate        | 0.0003    |
|    loss                 | 2.88e+05  |
|    n_updates            | 1360      |
|    policy_gradient_loss | 9.71e-09  |
|    value_loss           | 5.34e+05  |
---------------------------------------
--------------------------------------
| rollout/                |          |
|    ep_len_mean          | 35       |
|    ep_rew_mean          | 1.69e+03 |
| time/                   |          |
|    fps                  | 281      |
|    iterations           | 274      |
|    time_elapsed         | 498      |
|    total_timesteps      | 140288   |
| train/                  |          |
|    approx_kl            | 0.0      |
|    clip_fraction        | 0        |
|    clip_range           | 0.2      |
|    entropy_loss         | -0.00294 |
|    explained_variance   | 0        |
|    learning_rate        | 0.0003   |
|    loss                 | 1.83e+05 |
|    n_updates            | 1365     |
|    policy_gradient_loss | 3.45e-09 |
|    value_loss           | 4.07e+05 |
--------------------------------------
---------------------------------------
| rollout/                |           |
|    ep_len_mean          | 35.7      |
|    ep_rew_mean          | 1.61e+03  |
| time/                   |           |
|    fps                  | 281       |
|    iterations           | 275       |
|    time_elapsed         | 499       |
|    total_timesteps      | 140800    |
| train/                  |           |
|    approx_kl            | 0.0       |
|    clip_fraction        | 0         |
|    clip_range           | 0.2       |
|    entropy_loss         | -0.00291  |
|    explained_variance   | -1.19e-07 |
|    learning_rate        | 0.0003    |
|    loss                 | 2.65e+05  |
|    n_updates            | 1370      |
|    policy_gradient_loss | 1.11e-08  |
|    value_loss           | 4.5e+05   |
---------------------------------------
--------------------------------------
| rollout/                |          |
|    ep_len_mean          | 33.3     |
|    ep_rew_mean          | 1.55e+03 |
| time/                   |          |
|    fps                  | 281      |
|    iterations           | 276      |
|    time_elapsed         | 501      |
|    total_timesteps      | 141312   |
| train/                  |          |
|    approx_kl            | 0.0      |
|    clip_fraction        | 0        |
|    clip_range           | 0.2      |
|    entropy_loss         | -0.00292 |
|    explained_variance   | 5.96e-08 |
|    learning_rate        | 0.0003   |
|    loss                 | 1.35e+05 |
|    n_updates            | 1375     |
|    policy_gradient_loss | 1.68e-09 |
|    value_loss           | 3.14e+05 |
--------------------------------------
-------------------------------------------
| rollout/                |               |
|    ep_len_mean          | 33.5          |
|    ep_rew_mean          | 1.6e+03       |
| time/                   |               |
|    fps                  | 281           |
|    iterations           | 277           |
|    time_elapsed         | 503           |
|    total_timesteps      | 141824        |
| train/                  |               |
|    approx_kl            | 1.2858887e-05 |
|    clip_fraction        | 0             |
|    clip_range           | 0.2           |
|    entropy_loss         | -0.00279      |
|    explained_variance   | -2.38e-07     |
|    learning_rate        | 0.0003        |
|    loss                 | 1.05e+05      |
|    n_updates            | 1380          |
|    policy_gradient_loss | -0.000303     |
|    value_loss           | 2.24e+05      |
-------------------------------------------
---------------------------------------
| rollout/                |           |
|    ep_len_mean          | 35.4      |
|    ep_rew_mean          | 1.6e+03   |
| time/                   |           |
|    fps                  | 281       |
|    iterations           | 278       |
|    time_elapsed         | 505       |
|    total_timesteps      | 142336    |
| train/                  |           |
|    approx_kl            | 0.0       |
|    clip_fraction        | 0         |
|    clip_range           | 0.2       |
|    entropy_loss         | -0.00261  |
|    explained_variance   | 0         |
|    learning_rate        | 0.0003    |
|    loss                 | 1.96e+05  |
|    n_updates            | 1385      |
|    policy_gradient_loss | -1.01e-07 |
|    value_loss           | 4.44e+05  |
---------------------------------------
---------------------------------------
| rollout/                |           |
|    ep_len_mean          | 36.1      |
|    ep_rew_mean          | 1.63e+03  |
| time/                   |           |
|    fps                  | 281       |
|    iterations           | 279       |
|    time_elapsed         | 506       |
|    total_timesteps      | 142848    |
| train/                  |           |
|    approx_kl            | 0.0       |
|    clip_fraction        | 0         |
|    clip_range           | 0.2       |
|    entropy_loss         | -0.00258  |
|    explained_variance   | 0         |
|    learning_rate        | 0.0003    |
|    loss                 | 3.57e+05  |
|    n_updates            | 1390      |
|    policy_gradient_loss | -9.94e-09 |
|    value_loss           | 5.88e+05  |
---------------------------------------
---------------------------------------
| rollout/                |           |
|    ep_len_mean          | 36.7      |
|    ep_rew_mean          | 1.77e+03  |
| time/                   |           |
|    fps                  | 281       |
|    iterations           | 280       |
|    time_elapsed         | 508       |
|    total_timesteps      | 143360    |
| train/                  |           |
|    approx_kl            | 0.0       |
|    clip_fraction        | 0         |
|    clip_range           | 0.2       |
|    entropy_loss         | -0.00258  |
|    explained_variance   | 0         |
|    learning_rate        | 0.0003    |
|    loss                 | 1.46e+05  |
|    n_updates            | 1395      |
|    policy_gradient_loss | -4.35e-09 |
|    value_loss           | 3.06e+05  |
---------------------------------------
-------------------------------------------
| rollout/                |               |
|    ep_len_mean          | 36.3          |
|    ep_rew_mean          | 1.77e+03      |
| time/                   |               |
|    fps                  | 282           |
|    iterations           | 281           |
|    time_elapsed         | 510           |
|    total_timesteps      | 143872        |
| train/                  |               |
|    approx_kl            | 1.2845267e-06 |
|    clip_fraction        | 0             |
|    clip_range           | 0.2           |
|    entropy_loss         | -0.00256      |
|    explained_variance   | -1.19e-07     |
|    learning_rate        | 0.0003        |
|    loss                 | 2.14e+05      |
|    n_updates            | 1400          |
|    policy_gradient_loss | -7.68e-05     |
|    value_loss           | 3.48e+05      |
-------------------------------------------
-------------------------------------------
| rollout/                |               |
|    ep_len_mean          | 36.7          |
|    ep_rew_mean          | 1.9e+03       |
| time/                   |               |
|    fps                  | 282           |
|    iterations           | 282           |
|    time_elapsed         | 511           |
|    total_timesteps      | 144384        |
| train/                  |               |
|    approx_kl            | 1.9639265e-06 |
|    clip_fraction        | 0             |
|    clip_range           | 0.2           |
|    entropy_loss         | -0.00245      |
|    explained_variance   | 0             |
|    learning_rate        | 0.0003        |
|    loss                 | 1.69e+05      |
|    n_updates            | 1405          |
|    policy_gradient_loss | -6.28e-05     |
|    value_loss           | 3.71e+05      |
-------------------------------------------
---------------------------------------
| rollout/                |           |
|    ep_len_mean          | 38.9      |
|    ep_rew_mean          | 1.97e+03  |
| time/                   |           |
|    fps                  | 282       |
|    iterations           | 283       |
|    time_elapsed         | 513       |
|    total_timesteps      | 144896    |
| train/                  |           |
|    approx_kl            | 0.0       |
|    clip_fraction        | 0         |
|    clip_range           | 0.2       |
|    entropy_loss         | -0.00238  |
|    explained_variance   | -1.19e-07 |
|    learning_rate        | 0.0003    |
|    loss                 | 2.12e+05  |
|    n_updates            | 1410      |
|    policy_gradient_loss | -6.71e-08 |
|    value_loss           | 4.14e+05  |
---------------------------------------
--------------------------------------
| rollout/                |          |
|    ep_len_mean          | 39.2     |
|    ep_rew_mean          | 1.94e+03 |
| time/                   |          |
|    fps                  | 282      |
|    iterations           | 284      |
|    time_elapsed         | 515      |
|    total_timesteps      | 145408   |
| train/                  |          |
|    approx_kl            | 0.0      |
|    clip_fraction        | 0        |
|    clip_range           | 0.2      |
|    entropy_loss         | -0.00234 |
|    explained_variance   | 0        |
|    learning_rate        | 0.0003   |
|    loss                 | 2.73e+05 |
|    n_updates            | 1415     |
|    policy_gradient_loss | 1.39e-08 |
|    value_loss           | 5.56e+05 |
--------------------------------------
---------------------------------------
| rollout/                |           |
|    ep_len_mean          | 39.2      |
|    ep_rew_mean          | 2.06e+03  |
| time/                   |           |
|    fps                  | 282       |
|    iterations           | 285       |
|    time_elapsed         | 516       |
|    total_timesteps      | 145920    |
| train/                  |           |
|    approx_kl            | 0.0       |
|    clip_fraction        | 0         |
|    clip_range           | 0.2       |
|    entropy_loss         | -0.00237  |
|    explained_variance   | -1.19e-07 |
|    learning_rate        | 0.0003    |
|    loss                 | 1.65e+05  |
|    n_updates            | 1420      |
|    policy_gradient_loss | 9.13e-09  |
|    value_loss           | 3.07e+05  |
---------------------------------------
-------------------------------------------
| rollout/                |               |
|    ep_len_mean          | 38            |
|    ep_rew_mean          | 2e+03         |
| time/                   |               |
|    fps                  | 282           |
|    iterations           | 286           |
|    time_elapsed         | 518           |
|    total_timesteps      | 146432        |
| train/                  |               |
|    approx_kl            | 1.3043173e-06 |
|    clip_fraction        | 0             |
|    clip_range           | 0.2           |
|    entropy_loss         | -0.00233      |
|    explained_variance   | 0             |
|    learning_rate        | 0.0003        |
|    loss                 | 2.73e+05      |
|    n_updates            | 1425          |
|    policy_gradient_loss | -6.63e-05     |
|    value_loss           | 4.69e+05      |
-------------------------------------------
---------------------------------------
| rollout/                |           |
|    ep_len_mean          | 38.2      |
|    ep_rew_mean          | 1.99e+03  |
| time/                   |           |
|    fps                  | 282       |
|    iterations           | 287       |
|    time_elapsed         | 520       |
|    total_timesteps      | 146944    |
| train/                  |           |
|    approx_kl            | 0.0       |
|    clip_fraction        | 0         |
|    clip_range           | 0.2       |
|    entropy_loss         | -0.00227  |
|    explained_variance   | -1.19e-07 |
|    learning_rate        | 0.0003    |
|    loss                 | 1.66e+05  |
|    n_updates            | 1430      |
|    policy_gradient_loss | -5.57e-08 |
|    value_loss           | 2.92e+05  |
---------------------------------------
---------------------------------------
| rollout/                |           |
|    ep_len_mean          | 37.6      |
|    ep_rew_mean          | 1.91e+03  |
| time/                   |           |
|    fps                  | 282       |
|    iterations           | 288       |
|    time_elapsed         | 521       |
|    total_timesteps      | 147456    |
| train/                  |           |
|    approx_kl            | 0.0       |
|    clip_fraction        | 0         |
|    clip_range           | 0.2       |
|    entropy_loss         | -0.00228  |
|    explained_variance   | -2.38e-07 |
|    learning_rate        | 0.0003    |
|    loss                 | 1.25e+05  |
|    n_updates            | 1435      |
|    policy_gradient_loss | -1.23e-08 |
|    value_loss           | 2.7e+05   |
---------------------------------------
-------------------------------------------
| rollout/                |               |
|    ep_len_mean          | 37.9          |
|    ep_rew_mean          | 2e+03         |
| time/                   |               |
|    fps                  | 282           |
|    iterations           | 289           |
|    time_elapsed         | 523           |
|    total_timesteps      | 147968        |
| train/                  |               |
|    approx_kl            | 1.0520453e-06 |
|    clip_fraction        | 0             |
|    clip_range           | 0.2           |
|    entropy_loss         | -0.00228      |
|    explained_variance   | -1.19e-07     |
|    learning_rate        | 0.0003        |
|    loss                 | 1.96e+05      |
|    n_updates            | 1440          |
|    policy_gradient_loss | -3.64e-05     |
|    value_loss           | 4.37e+05      |
-------------------------------------------
---------------------------------------
| rollout/                |           |
|    ep_len_mean          | 36.4      |
|    ep_rew_mean          | 1.88e+03  |
| time/                   |           |
|    fps                  | 282       |
|    iterations           | 290       |
|    time_elapsed         | 525       |
|    total_timesteps      | 148480    |
| train/                  |           |
|    approx_kl            | 0.0       |
|    clip_fraction        | 0         |
|    clip_range           | 0.2       |
|    entropy_loss         | -0.00218  |
|    explained_variance   | -1.19e-07 |
|    learning_rate        | 0.0003    |
|    loss                 | 2.06e+05  |
|    n_updates            | 1445      |
|    policy_gradient_loss | -1.7e-08  |
|    value_loss           | 3.78e+05  |
---------------------------------------
---------------------------------------
| rollout/                |           |
|    ep_len_mean          | 36.7      |
|    ep_rew_mean          | 1.84e+03  |
| time/                   |           |
|    fps                  | 282       |
|    iterations           | 291       |
|    time_elapsed         | 527       |
|    total_timesteps      | 148992    |
| train/                  |           |
|    approx_kl            | 0.0       |
|    clip_fraction        | 0         |
|    clip_range           | 0.2       |
|    entropy_loss         | -0.00217  |
|    explained_variance   | 0         |
|    learning_rate        | 0.0003    |
|    loss                 | 1.06e+05  |
|    n_updates            | 1450      |
|    policy_gradient_loss | -3.26e-10 |
|    value_loss           | 3.1e+05   |
---------------------------------------
--------------------------------------
| rollout/                |          |
|    ep_len_mean          | 36.5     |
|    ep_rew_mean          | 1.73e+03 |
| time/                   |          |
|    fps                  | 282      |
|    iterations           | 292      |
|    time_elapsed         | 528      |
|    total_timesteps      | 149504   |
| train/                  |          |
|    approx_kl            | 0.0      |
|    clip_fraction        | 0        |
|    clip_range           | 0.2      |
|    entropy_loss         | -0.00219 |
|    explained_variance   | 5.96e-08 |
|    learning_rate        | 0.0003   |
|    loss                 | 2.43e+05 |
|    n_updates            | 1455     |
|    policy_gradient_loss | 9.73e-09 |
|    value_loss           | 5.17e+05 |
--------------------------------------
---------------------------------------
| rollout/                |           |
|    ep_len_mean          | 37.7      |
|    ep_rew_mean          | 1.8e+03   |
| time/                   |           |
|    fps                  | 282       |
|    iterations           | 293       |
|    time_elapsed         | 531       |
|    total_timesteps      | 150016    |
| train/                  |           |
|    approx_kl            | 0.0       |
|    clip_fraction        | 0         |
|    clip_range           | 0.2       |
|    entropy_loss         | -0.0022   |
|    explained_variance   | 0         |
|    learning_rate        | 0.0003    |
|    loss                 | 2.28e+05  |
|    n_updates            | 1460      |
|    policy_gradient_loss | -7.61e-09 |
|    value_loss           | 4.44e+05  |
---------------------------------------
--------------------------------------
| rollout/                |          |
|    ep_len_mean          | 38       |
|    ep_rew_mean          | 1.86e+03 |
| time/                   |          |
|    fps                  | 282      |
|    iterations           | 294      |
|    time_elapsed         | 533      |
|    total_timesteps      | 150528   |
| train/                  |          |
|    approx_kl            | 0.0      |
|    clip_fraction        | 0        |
|    clip_range           | 0.2      |
|    entropy_loss         | -0.0022  |
|    explained_variance   | 0        |
|    learning_rate        | 0.0003   |
|    loss                 | 1.82e+05 |
|    n_updates            | 1465     |
|    policy_gradient_loss | 8.15e-09 |
|    value_loss           | 3.98e+05 |
--------------------------------------
---------------------------------------
| rollout/                |           |
|    ep_len_mean          | 38.4      |
|    ep_rew_mean          | 1.85e+03  |
| time/                   |           |
|    fps                  | 282       |
|    iterations           | 295       |
|    time_elapsed         | 535       |
|    total_timesteps      | 151040    |
| train/                  |           |
|    approx_kl            | 0.0       |
|    clip_fraction        | 0         |
|    clip_range           | 0.2       |
|    entropy_loss         | -0.00217  |
|    explained_variance   | -1.19e-07 |
|    learning_rate        | 0.0003    |
|    loss                 | 1.34e+05  |
|    n_updates            | 1470      |
|    policy_gradient_loss | 1.34e-08  |
|    value_loss           | 3.48e+05  |
---------------------------------------
---------------------------------------
| rollout/                |           |
|    ep_len_mean          | 39.9      |
|    ep_rew_mean          | 1.95e+03  |
| time/                   |           |
|    fps                  | 282       |
|    iterations           | 296       |
|    time_elapsed         | 536       |
|    total_timesteps      | 151552    |
| train/                  |           |
|    approx_kl            | 0.0       |
|    clip_fraction        | 0         |
|    clip_range           | 0.2       |
|    entropy_loss         | -0.00218  |
|    explained_variance   | 0         |
|    learning_rate        | 0.0003    |
|    loss                 | 3.23e+05  |
|    n_updates            | 1475      |
|    policy_gradient_loss | -3.82e-09 |
|    value_loss           | 4.93e+05  |
---------------------------------------
---------------------------------------
| rollout/                |           |
|    ep_len_mean          | 40.4      |
|    ep_rew_mean          | 1.96e+03  |
| time/                   |           |
|    fps                  | 282       |
|    iterations           | 297       |
|    time_elapsed         | 538       |
|    total_timesteps      | 152064    |
| train/                  |           |
|    approx_kl            | 0.0       |
|    clip_fraction        | 0         |
|    clip_range           | 0.2       |
|    entropy_loss         | -0.00217  |
|    explained_variance   | 0         |
|    learning_rate        | 0.0003    |
|    loss                 | 2.19e+05  |
|    n_updates            | 1480      |
|    policy_gradient_loss | -8.01e-09 |
|    value_loss           | 3.78e+05  |
---------------------------------------
---------------------------------------
| rollout/                |           |
|    ep_len_mean          | 41.2      |
|    ep_rew_mean          | 2.05e+03  |
| time/                   |           |
|    fps                  | 282       |
|    iterations           | 298       |
|    time_elapsed         | 540       |
|    total_timesteps      | 152576    |
| train/                  |           |
|    approx_kl            | 0.0       |
|    clip_fraction        | 0         |
|    clip_range           | 0.2       |
|    entropy_loss         | -0.0022   |
|    explained_variance   | -2.38e-07 |
|    learning_rate        | 0.0003    |
|    loss                 | 1.36e+05  |
|    n_updates            | 1485      |
|    policy_gradient_loss | 1.54e-08  |
|    value_loss           | 2.79e+05  |
---------------------------------------
--------------------------------------
| rollout/                |          |
|    ep_len_mean          | 41.1     |
|    ep_rew_mean          | 1.94e+03 |
| time/                   |          |
|    fps                  | 282      |
|    iterations           | 299      |
|    time_elapsed         | 542      |
|    total_timesteps      | 153088   |
| train/                  |          |
|    approx_kl            | 0.0      |
|    clip_fraction        | 0        |
|    clip_range           | 0.2      |
|    entropy_loss         | -0.00217 |
|    explained_variance   | 0        |
|    learning_rate        | 0.0003   |
|    loss                 | 1.73e+05 |
|    n_updates            | 1490     |
|    policy_gradient_loss | 2.03e-08 |
|    value_loss           | 3.13e+05 |
--------------------------------------
--------------------------------------------
| rollout/                |                |
|    ep_len_mean          | 41.1           |
|    ep_rew_mean          | 2.02e+03       |
| time/                   |                |
|    fps                  | 282            |
|    iterations           | 300            |
|    time_elapsed         | 544            |
|    total_timesteps      | 153600         |
| train/                  |                |
|    approx_kl            | -2.3283064e-09 |
|    clip_fraction        | 0              |
|    clip_range           | 0.2            |
|    entropy_loss         | -0.00224       |
|    explained_variance   | 0              |
|    learning_rate        | 0.0003         |
|    loss                 | 3.88e+05       |
|    n_updates            | 1495           |
|    policy_gradient_loss | -1.24e-08      |
|    value_loss           | 7.18e+05       |
--------------------------------------------
--------------------------------------
| rollout/                |          |
|    ep_len_mean          | 42.6     |
|    ep_rew_mean          | 2.04e+03 |
| time/                   |          |
|    fps                  | 282      |
|    iterations           | 301      |
|    time_elapsed         | 545      |
|    total_timesteps      | 154112   |
| train/                  |          |
|    approx_kl            | 0.0      |
|    clip_fraction        | 0        |
|    clip_range           | 0.2      |
|    entropy_loss         | -0.00218 |
|    explained_variance   | 0        |
|    learning_rate        | 0.0003   |
|    loss                 | 1.82e+05 |
|    n_updates            | 1500     |
|    policy_gradient_loss | 2.49e-08 |
|    value_loss           | 3.71e+05 |
--------------------------------------
---------------------------------------
| rollout/                |           |
|    ep_len_mean          | 42.1      |
|    ep_rew_mean          | 2.04e+03  |
| time/                   |           |
|    fps                  | 282       |
|    iterations           | 302       |
|    time_elapsed         | 547       |
|    total_timesteps      | 154624    |
| train/                  |           |
|    approx_kl            | 0.0       |
|    clip_fraction        | 0         |
|    clip_range           | 0.2       |
|    entropy_loss         | -0.00221  |
|    explained_variance   | 0         |
|    learning_rate        | 0.0003    |
|    loss                 | 1.71e+05  |
|    n_updates            | 1505      |
|    policy_gradient_loss | -1.13e-08 |
|    value_loss           | 4.07e+05  |
---------------------------------------
---------------------------------------
| rollout/                |           |
|    ep_len_mean          | 42.6      |
|    ep_rew_mean          | 2.09e+03  |
| time/                   |           |
|    fps                  | 282       |
|    iterations           | 303       |
|    time_elapsed         | 549       |
|    total_timesteps      | 155136    |
| train/                  |           |
|    approx_kl            | 0.0       |
|    clip_fraction        | 0         |
|    clip_range           | 0.2       |
|    entropy_loss         | -0.00221  |
|    explained_variance   | 0         |
|    learning_rate        | 0.0003    |
|    loss                 | 2e+05     |
|    n_updates            | 1510      |
|    policy_gradient_loss | -1.17e-08 |
|    value_loss           | 3.38e+05  |
---------------------------------------
---------------------------------------
| rollout/                |           |
|    ep_len_mean          | 42.2      |
|    ep_rew_mean          | 2.08e+03  |
| time/                   |           |
|    fps                  | 282       |
|    iterations           | 304       |
|    time_elapsed         | 551       |
|    total_timesteps      | 155648    |
| train/                  |           |
|    approx_kl            | 0.0       |
|    clip_fraction        | 0         |
|    clip_range           | 0.2       |
|    entropy_loss         | -0.00221  |
|    explained_variance   | -1.19e-07 |
|    learning_rate        | 0.0003    |
|    loss                 | 1.63e+05  |
|    n_updates            | 1515      |
|    policy_gradient_loss | 6.59e-09  |
|    value_loss           | 3.33e+05  |
---------------------------------------
-------------------------------------------
| rollout/                |               |
|    ep_len_mean          | 41.6          |
|    ep_rew_mean          | 2.07e+03      |
| time/                   |               |
|    fps                  | 282           |
|    iterations           | 305           |
|    time_elapsed         | 552           |
|    total_timesteps      | 156160        |
| train/                  |               |
|    approx_kl            | 2.1465821e-06 |
|    clip_fraction        | 0             |
|    clip_range           | 0.2           |
|    entropy_loss         | -0.00214      |
|    explained_variance   | 0             |
|    learning_rate        | 0.0003        |
|    loss                 | 1.66e+05      |
|    n_updates            | 1520          |
|    policy_gradient_loss | -9.56e-05     |
|    value_loss           | 3.46e+05      |
-------------------------------------------
---------------------------------------
| rollout/                |           |
|    ep_len_mean          | 41.3      |
|    ep_rew_mean          | 2.05e+03  |
| time/                   |           |
|    fps                  | 282       |
|    iterations           | 306       |
|    time_elapsed         | 554       |
|    total_timesteps      | 156672    |
| train/                  |           |
|    approx_kl            | 0.0       |
|    clip_fraction        | 0         |
|    clip_range           | 0.2       |
|    entropy_loss         | -0.00207  |
|    explained_variance   | 0         |
|    learning_rate        | 0.0003    |
|    loss                 | 1.44e+05  |
|    n_updates            | 1525      |
|    policy_gradient_loss | -2.19e-08 |
|    value_loss           | 2.96e+05  |
---------------------------------------
---------------------------------------
| rollout/                |           |
|    ep_len_mean          | 40.8      |
|    ep_rew_mean          | 2.25e+03  |
| time/                   |           |
|    fps                  | 282       |
|    iterations           | 307       |
|    time_elapsed         | 556       |
|    total_timesteps      | 157184    |
| train/                  |           |
|    approx_kl            | 0.0       |
|    clip_fraction        | 0         |
|    clip_range           | 0.2       |
|    entropy_loss         | -0.00207  |
|    explained_variance   | -1.19e-07 |
|    learning_rate        | 0.0003    |
|    loss                 | 1.46e+05  |
|    n_updates            | 1530      |
|    policy_gradient_loss | 1.26e-08  |
|    value_loss           | 3.08e+05  |
---------------------------------------
---------------------------------------
| rollout/                |           |
|    ep_len_mean          | 40.3      |
|    ep_rew_mean          | 2.2e+03   |
| time/                   |           |
|    fps                  | 282       |
|    iterations           | 308       |
|    time_elapsed         | 558       |
|    total_timesteps      | 157696    |
| train/                  |           |
|    approx_kl            | 0.0       |
|    clip_fraction        | 0         |
|    clip_range           | 0.2       |
|    entropy_loss         | -0.00208  |
|    explained_variance   | 1.19e-07  |
|    learning_rate        | 0.0003    |
|    loss                 | 1.48e+05  |
|    n_updates            | 1535      |
|    policy_gradient_loss | -9.22e-09 |
|    value_loss           | 3.67e+05  |
---------------------------------------
--------------------------------------
| rollout/                |          |
|    ep_len_mean          | 39.2     |
|    ep_rew_mean          | 2.14e+03 |
| time/                   |          |
|    fps                  | 282      |
|    iterations           | 309      |
|    time_elapsed         | 559      |
|    total_timesteps      | 158208   |
| train/                  |          |
|    approx_kl            | 0.0      |
|    clip_fraction        | 0        |
|    clip_range           | 0.2      |
|    entropy_loss         | -0.00208 |
|    explained_variance   | 0        |
|    learning_rate        | 0.0003   |
|    loss                 | 1.9e+05  |
|    n_updates            | 1540     |
|    policy_gradient_loss | 1.22e-08 |
|    value_loss           | 4.15e+05 |
--------------------------------------
---------------------------------------
| rollout/                |           |
|    ep_len_mean          | 39.8      |
|    ep_rew_mean          | 2.06e+03  |
| time/                   |           |
|    fps                  | 282       |
|    iterations           | 310       |
|    time_elapsed         | 561       |
|    total_timesteps      | 158720    |
| train/                  |           |
|    approx_kl            | 0.0       |
|    clip_fraction        | 0         |
|    clip_range           | 0.2       |
|    entropy_loss         | -0.00206  |
|    explained_variance   | -2.38e-07 |
|    learning_rate        | 0.0003    |
|    loss                 | 1.65e+05  |
|    n_updates            | 1545      |
|    policy_gradient_loss | -9.83e-09 |
|    value_loss           | 3.03e+05  |
---------------------------------------
---------------------------------------
| rollout/                |           |
|    ep_len_mean          | 40.2      |
|    ep_rew_mean          | 2.09e+03  |
| time/                   |           |
|    fps                  | 282       |
|    iterations           | 311       |
|    time_elapsed         | 563       |
|    total_timesteps      | 159232    |
| train/                  |           |
|    approx_kl            | 0.0       |
|    clip_fraction        | 0         |
|    clip_range           | 0.2       |
|    entropy_loss         | -0.00208  |
|    explained_variance   | -1.19e-07 |
|    learning_rate        | 0.0003    |
|    loss                 | 1.89e+05  |
|    n_updates            | 1550      |
|    policy_gradient_loss | 6.85e-09  |
|    value_loss           | 3.53e+05  |
---------------------------------------
---------------------------------------
| rollout/                |           |
|    ep_len_mean          | 39.5      |
|    ep_rew_mean          | 2.04e+03  |
| time/                   |           |
|    fps                  | 282       |
|    iterations           | 312       |
|    time_elapsed         | 565       |
|    total_timesteps      | 159744    |
| train/                  |           |
|    approx_kl            | 0.0       |
|    clip_fraction        | 0         |
|    clip_range           | 0.2       |
|    entropy_loss         | -0.00206  |
|    explained_variance   | -1.19e-07 |
|    learning_rate        | 0.0003    |
|    loss                 | 1.43e+05  |
|    n_updates            | 1555      |
|    policy_gradient_loss | 8.17e-09  |
|    value_loss           | 2.91e+05  |
---------------------------------------
---------------------------------------
| rollout/                |           |
|    ep_len_mean          | 39.6      |
|    ep_rew_mean          | 2e+03     |
| time/                   |           |
|    fps                  | 282       |
|    iterations           | 313       |
|    time_elapsed         | 566       |
|    total_timesteps      | 160256    |
| train/                  |           |
|    approx_kl            | 0.0       |
|    clip_fraction        | 0         |
|    clip_range           | 0.2       |
|    entropy_loss         | -0.00211  |
|    explained_variance   | 0         |
|    learning_rate        | 0.0003    |
|    loss                 | 3.84e+05  |
|    n_updates            | 1560      |
|    policy_gradient_loss | -1.49e-09 |
|    value_loss           | 7.12e+05  |
---------------------------------------
---------------------------------------
| rollout/                |           |
|    ep_len_mean          | 39.5      |
|    ep_rew_mean          | 1.89e+03  |
| time/                   |           |
|    fps                  | 282       |
|    iterations           | 314       |
|    time_elapsed         | 568       |
|    total_timesteps      | 160768    |
| train/                  |           |
|    approx_kl            | 0.0       |
|    clip_fraction        | 0         |
|    clip_range           | 0.2       |
|    entropy_loss         | -0.00209  |
|    explained_variance   | 0         |
|    learning_rate        | 0.0003    |
|    loss                 | 2.33e+05  |
|    n_updates            | 1565      |
|    policy_gradient_loss | -1.49e-08 |
|    value_loss           | 4.85e+05  |
---------------------------------------
---------------------------------------
| rollout/                |           |
|    ep_len_mean          | 40.6      |
|    ep_rew_mean          | 1.94e+03  |
| time/                   |           |
|    fps                  | 282       |
|    iterations           | 315       |
|    time_elapsed         | 570       |
|    total_timesteps      | 161280    |
| train/                  |           |
|    approx_kl            | 0.0       |
|    clip_fraction        | 0         |
|    clip_range           | 0.2       |
|    entropy_loss         | -0.00209  |
|    explained_variance   | -1.19e-07 |
|    learning_rate        | 0.0003    |
|    loss                 | 1.61e+05  |
|    n_updates            | 1570      |
|    policy_gradient_loss | -1.88e-08 |
|    value_loss           | 3.35e+05  |
---------------------------------------
--------------------------------------
| rollout/                |          |
|    ep_len_mean          | 40       |
|    ep_rew_mean          | 1.89e+03 |
| time/                   |          |
|    fps                  | 282      |
|    iterations           | 316      |
|    time_elapsed         | 571      |
|    total_timesteps      | 161792   |
| train/                  |          |
|    approx_kl            | 0.0      |
|    clip_fraction        | 0        |
|    clip_range           | 0.2      |
|    entropy_loss         | -0.00208 |
|    explained_variance   | 0        |
|    learning_rate        | 0.0003   |
|    loss                 | 2.82e+05 |
|    n_updates            | 1575     |
|    policy_gradient_loss | 9.64e-09 |
|    value_loss           | 5.59e+05 |
--------------------------------------
--------------------------------------
| rollout/                |          |
|    ep_len_mean          | 38.4     |
|    ep_rew_mean          | 1.84e+03 |
| time/                   |          |
|    fps                  | 282      |
|    iterations           | 317      |
|    time_elapsed         | 573      |
|    total_timesteps      | 162304   |
| train/                  |          |
|    approx_kl            | 0.0      |
|    clip_fraction        | 0        |
|    clip_range           | 0.2      |
|    entropy_loss         | -0.00211 |
|    explained_variance   | 0        |
|    learning_rate        | 0.0003   |
|    loss                 | 1.79e+05 |
|    n_updates            | 1580     |
|    policy_gradient_loss | -4.4e-09 |
|    value_loss           | 3.81e+05 |
--------------------------------------
--------------------------------------
| rollout/                |          |
|    ep_len_mean          | 37.8     |
|    ep_rew_mean          | 1.86e+03 |
| time/                   |          |
|    fps                  | 282      |
|    iterations           | 318      |
|    time_elapsed         | 575      |
|    total_timesteps      | 162816   |
| train/                  |          |
|    approx_kl            | 0.0      |
|    clip_fraction        | 0        |
|    clip_range           | 0.2      |
|    entropy_loss         | -0.00211 |
|    explained_variance   | 1.19e-07 |
|    learning_rate        | 0.0003   |
|    loss                 | 1.53e+05 |
|    n_updates            | 1585     |
|    policy_gradient_loss | 1.52e-08 |
|    value_loss           | 3.25e+05 |
--------------------------------------
---------------------------------------
| rollout/                |           |
|    ep_len_mean          | 37.3      |
|    ep_rew_mean          | 1.66e+03  |
| time/                   |           |
|    fps                  | 282       |
|    iterations           | 319       |
|    time_elapsed         | 577       |
|    total_timesteps      | 163328    |
| train/                  |           |
|    approx_kl            | 0.0       |
|    clip_fraction        | 0         |
|    clip_range           | 0.2       |
|    entropy_loss         | -0.00209  |
|    explained_variance   | -1.19e-07 |
|    learning_rate        | 0.0003    |
|    loss                 | 1.9e+05   |
|    n_updates            | 1590      |
|    policy_gradient_loss | -1.28e-08 |
|    value_loss           | 3.41e+05  |
---------------------------------------
---------------------------------------
| rollout/                |           |
|    ep_len_mean          | 37.2      |
|    ep_rew_mean          | 1.69e+03  |
| time/                   |           |
|    fps                  | 282       |
|    iterations           | 320       |
|    time_elapsed         | 579       |
|    total_timesteps      | 163840    |
| train/                  |           |
|    approx_kl            | 0.0       |
|    clip_fraction        | 0         |
|    clip_range           | 0.2       |
|    entropy_loss         | -0.00209  |
|    explained_variance   | 0         |
|    learning_rate        | 0.0003    |
|    loss                 | 2.26e+05  |
|    n_updates            | 1595      |
|    policy_gradient_loss | -6.52e-09 |
|    value_loss           | 4.63e+05  |
---------------------------------------
-------------------------------------------
| rollout/                |               |
|    ep_len_mean          | 36.8          |
|    ep_rew_mean          | 1.74e+03      |
| time/                   |               |
|    fps                  | 282           |
|    iterations           | 321           |
|    time_elapsed         | 580           |
|    total_timesteps      | 164352        |
| train/                  |               |
|    approx_kl            | 1.0493677e-06 |
|    clip_fraction        | 0             |
|    clip_range           | 0.2           |
|    entropy_loss         | -0.00206      |
|    explained_variance   | -1.19e-07     |
|    learning_rate        | 0.0003        |
|    loss                 | 1.96e+05      |
|    n_updates            | 1600          |
|    policy_gradient_loss | -5.18e-05     |
|    value_loss           | 4.23e+05      |
-------------------------------------------
---------------------------------------
| rollout/                |           |
|    ep_len_mean          | 35.9      |
|    ep_rew_mean          | 1.63e+03  |
| time/                   |           |
|    fps                  | 282       |
|    iterations           | 322       |
|    time_elapsed         | 582       |
|    total_timesteps      | 164864    |
| train/                  |           |
|    approx_kl            | 0.0       |
|    clip_fraction        | 0         |
|    clip_range           | 0.2       |
|    entropy_loss         | -0.00201  |
|    explained_variance   | 0         |
|    learning_rate        | 0.0003    |
|    loss                 | 2.57e+05  |
|    n_updates            | 1605      |
|    policy_gradient_loss | -1.05e-09 |
|    value_loss           | 7.2e+05   |
---------------------------------------
--------------------------------------
| rollout/                |          |
|    ep_len_mean          | 36.5     |
|    ep_rew_mean          | 1.74e+03 |
| time/                   |          |
|    fps                  | 282      |
|    iterations           | 323      |
|    time_elapsed         | 584      |
|    total_timesteps      | 165376   |
| train/                  |          |
|    approx_kl            | 0.0      |
|    clip_fraction        | 0        |
|    clip_range           | 0.2      |
|    entropy_loss         | -0.00201 |
|    explained_variance   | 0        |
|    learning_rate        | 0.0003   |
|    loss                 | 2.72e+05 |
|    n_updates            | 1610     |
|    policy_gradient_loss | 3.49e-10 |
|    value_loss           | 4.89e+05 |
--------------------------------------
---------------------------------------
| rollout/                |           |
|    ep_len_mean          | 37        |
|    ep_rew_mean          | 1.79e+03  |
| time/                   |           |
|    fps                  | 282       |
|    iterations           | 324       |
|    time_elapsed         | 586       |
|    total_timesteps      | 165888    |
| train/                  |           |
|    approx_kl            | 0.0       |
|    clip_fraction        | 0         |
|    clip_range           | 0.2       |
|    entropy_loss         | -0.00201  |
|    explained_variance   | -1.19e-07 |
|    learning_rate        | 0.0003    |
|    loss                 | 2.05e+05  |
|    n_updates            | 1615      |
|    policy_gradient_loss | -6.96e-09 |
|    value_loss           | 3.87e+05  |
---------------------------------------
---------------------------------------
| rollout/                |           |
|    ep_len_mean          | 37.6      |
|    ep_rew_mean          | 1.84e+03  |
| time/                   |           |
|    fps                  | 282       |
|    iterations           | 325       |
|    time_elapsed         | 588       |
|    total_timesteps      | 166400    |
| train/                  |           |
|    approx_kl            | 0.0       |
|    clip_fraction        | 0         |
|    clip_range           | 0.2       |
|    entropy_loss         | -0.00202  |
|    explained_variance   | 0         |
|    learning_rate        | 0.0003    |
|    loss                 | 1.67e+05  |
|    n_updates            | 1620      |
|    policy_gradient_loss | -4.49e-09 |
|    value_loss           | 3.6e+05   |
---------------------------------------
--------------------------------------
| rollout/                |          |
|    ep_len_mean          | 36.2     |
|    ep_rew_mean          | 1.91e+03 |
| time/                   |          |
|    fps                  | 282      |
|    iterations           | 326      |
|    time_elapsed         | 589      |
|    total_timesteps      | 166912   |
| train/                  |          |
|    approx_kl            | 0.0      |
|    clip_fraction        | 0        |
|    clip_range           | 0.2      |
|    entropy_loss         | -0.00201 |
|    explained_variance   | 0        |
|    learning_rate        | 0.0003   |
|    loss                 | 1.86e+05 |
|    n_updates            | 1625     |
|    policy_gradient_loss | 8.15e-09 |
|    value_loss           | 3.67e+05 |
--------------------------------------
--------------------------------------
| rollout/                |          |
|    ep_len_mean          | 37.1     |
|    ep_rew_mean          | 1.97e+03 |
| time/                   |          |
|    fps                  | 282      |
|    iterations           | 327      |
|    time_elapsed         | 591      |
|    total_timesteps      | 167424   |
| train/                  |          |
|    approx_kl            | 0.0      |
|    clip_fraction        | 0        |
|    clip_range           | 0.2      |
|    entropy_loss         | -0.00201 |
|    explained_variance   | 0        |
|    learning_rate        | 0.0003   |
|    loss                 | 1.04e+05 |
|    n_updates            | 1630     |
|    policy_gradient_loss | 6.75e-10 |
|    value_loss           | 2.49e+05 |
--------------------------------------
--------------------------------------
| rollout/                |          |
|    ep_len_mean          | 37.3     |
|    ep_rew_mean          | 2.13e+03 |
| time/                   |          |
|    fps                  | 282      |
|    iterations           | 328      |
|    time_elapsed         | 593      |
|    total_timesteps      | 167936   |
| train/                  |          |
|    approx_kl            | 0.0      |
|    clip_fraction        | 0        |
|    clip_range           | 0.2      |
|    entropy_loss         | -0.002   |
|    explained_variance   | 0        |
|    learning_rate        | 0.0003   |
|    loss                 | 3.29e+05 |
|    n_updates            | 1635     |
|    policy_gradient_loss | 9.78e-10 |
|    value_loss           | 5.32e+05 |
--------------------------------------
---------------------------------------
| rollout/                |           |
|    ep_len_mean          | 37        |
|    ep_rew_mean          | 2.12e+03  |
| time/                   |           |
|    fps                  | 282       |
|    iterations           | 329       |
|    time_elapsed         | 595       |
|    total_timesteps      | 168448    |
| train/                  |           |
|    approx_kl            | 0.0       |
|    clip_fraction        | 0         |
|    clip_range           | 0.2       |
|    entropy_loss         | -0.002    |
|    explained_variance   | -2.38e-07 |
|    learning_rate        | 0.0003    |
|    loss                 | 1.94e+05  |
|    n_updates            | 1640      |
|    policy_gradient_loss | -1.89e-09 |
|    value_loss           | 4.27e+05  |
---------------------------------------
---------------------------------------
| rollout/                |           |
|    ep_len_mean          | 37        |
|    ep_rew_mean          | 2.18e+03  |
| time/                   |           |
|    fps                  | 283       |
|    iterations           | 330       |
|    time_elapsed         | 597       |
|    total_timesteps      | 168960    |
| train/                  |           |
|    approx_kl            | 0.0       |
|    clip_fraction        | 0         |
|    clip_range           | 0.2       |
|    entropy_loss         | -0.00201  |
|    explained_variance   | -1.19e-07 |
|    learning_rate        | 0.0003    |
|    loss                 | 2.01e+05  |
|    n_updates            | 1645      |
|    policy_gradient_loss | 5.29e-09  |
|    value_loss           | 3.66e+05  |
---------------------------------------
--------------------------------------
| rollout/                |          |
|    ep_len_mean          | 37.3     |
|    ep_rew_mean          | 2.06e+03 |
| time/                   |          |
|    fps                  | 283      |
|    iterations           | 331      |
|    time_elapsed         | 598      |
|    total_timesteps      | 169472   |
| train/                  |          |
|    approx_kl            | 0.0      |
|    clip_fraction        | 0        |
|    clip_range           | 0.2      |
|    entropy_loss         | -0.00201 |
|    explained_variance   | 0        |
|    learning_rate        | 0.0003   |
|    loss                 | 1.74e+05 |
|    n_updates            | 1650     |
|    policy_gradient_loss | 4.17e-09 |
|    value_loss           | 3.16e+05 |
--------------------------------------
---------------------------------------
| rollout/                |           |
|    ep_len_mean          | 37.5      |
|    ep_rew_mean          | 1.99e+03  |
| time/                   |           |
|    fps                  | 283       |
|    iterations           | 332       |
|    time_elapsed         | 600       |
|    total_timesteps      | 169984    |
| train/                  |           |
|    approx_kl            | 0.0       |
|    clip_fraction        | 0         |
|    clip_range           | 0.2       |
|    entropy_loss         | -0.00203  |
|    explained_variance   | 0         |
|    learning_rate        | 0.0003    |
|    loss                 | 2.65e+05  |
|    n_updates            | 1655      |
|    policy_gradient_loss | -1.14e-08 |
|    value_loss           | 5.12e+05  |
---------------------------------------
---------------------------------------
| rollout/                |           |
|    ep_len_mean          | 38.5      |
|    ep_rew_mean          | 2.03e+03  |
| time/                   |           |
|    fps                  | 283       |
|    iterations           | 333       |
|    time_elapsed         | 602       |
|    total_timesteps      | 170496    |
| train/                  |           |
|    approx_kl            | 0.0       |
|    clip_fraction        | 0         |
|    clip_range           | 0.2       |
|    entropy_loss         | -0.00201  |
|    explained_variance   | 0         |
|    learning_rate        | 0.0003    |
|    loss                 | 1.5e+05   |
|    n_updates            | 1660      |
|    policy_gradient_loss | -1.41e-08 |
|    value_loss           | 3.59e+05  |
---------------------------------------
---------------------------------------
| rollout/                |           |
|    ep_len_mean          | 38.8      |
|    ep_rew_mean          | 2.04e+03  |
| time/                   |           |
|    fps                  | 283       |
|    iterations           | 334       |
|    time_elapsed         | 604       |
|    total_timesteps      | 171008    |
| train/                  |           |
|    approx_kl            | 0.0       |
|    clip_fraction        | 0         |
|    clip_range           | 0.2       |
|    entropy_loss         | -0.00202  |
|    explained_variance   | 0         |
|    learning_rate        | 0.0003    |
|    loss                 | 1.29e+05  |
|    n_updates            | 1665      |
|    policy_gradient_loss | -1.09e-08 |
|    value_loss           | 2.97e+05  |
---------------------------------------
------------------------------------------
| rollout/                |              |
|    ep_len_mean          | 37.7         |
|    ep_rew_mean          | 1.92e+03     |
| time/                   |              |
|    fps                  | 283          |
|    iterations           | 335          |
|    time_elapsed         | 605          |
|    total_timesteps      | 171520       |
| train/                  |              |
|    approx_kl            | 2.944842e-06 |
|    clip_fraction        | 0            |
|    clip_range           | 0.2          |
|    entropy_loss         | -0.00199     |
|    explained_variance   | -1.19e-07    |
|    learning_rate        | 0.0003       |
|    loss                 | 1.32e+05     |
|    n_updates            | 1670         |
|    policy_gradient_loss | -0.000105    |
|    value_loss           | 2.66e+05     |
------------------------------------------
---------------------------------------
| rollout/                |           |
|    ep_len_mean          | 37.8      |
|    ep_rew_mean          | 1.9e+03   |
| time/                   |           |
|    fps                  | 283       |
|    iterations           | 336       |
|    time_elapsed         | 607       |
|    total_timesteps      | 172032    |
| train/                  |           |
|    approx_kl            | 0.0       |
|    clip_fraction        | 0         |
|    clip_range           | 0.2       |
|    entropy_loss         | -0.0019   |
|    explained_variance   | -2.38e-07 |
|    learning_rate        | 0.0003    |
|    loss                 | 1.7e+05   |
|    n_updates            | 1675      |
|    policy_gradient_loss | 2.1e-09   |
|    value_loss           | 3.64e+05  |
---------------------------------------
------------------------------------------
| rollout/                |              |
|    ep_len_mean          | 38           |
|    ep_rew_mean          | 1.95e+03     |
| time/                   |              |
|    fps                  | 283          |
|    iterations           | 337          |
|    time_elapsed         | 609          |
|    total_timesteps      | 172544       |
| train/                  |              |
|    approx_kl            | 2.034707e-06 |
|    clip_fraction        | 0            |
|    clip_range           | 0.2          |
|    entropy_loss         | -0.00184     |
|    explained_variance   | -1.19e-07    |
|    learning_rate        | 0.0003       |
|    loss                 | 1.62e+05     |
|    n_updates            | 1680         |
|    policy_gradient_loss | -0.000113    |
|    value_loss           | 2.94e+05     |
------------------------------------------
---------------------------------------
| rollout/                |           |
|    ep_len_mean          | 37.3      |
|    ep_rew_mean          | 1.99e+03  |
| time/                   |           |
|    fps                  | 283       |
|    iterations           | 338       |
|    time_elapsed         | 611       |
|    total_timesteps      | 173056    |
| train/                  |           |
|    approx_kl            | 0.0       |
|    clip_fraction        | 0         |
|    clip_range           | 0.2       |
|    entropy_loss         | -0.00177  |
|    explained_variance   | 0         |
|    learning_rate        | 0.0003    |
|    loss                 | 2.52e+05  |
|    n_updates            | 1685      |
|    policy_gradient_loss | -7.15e-08 |
|    value_loss           | 4.79e+05  |
---------------------------------------
---------------------------------------
| rollout/                |           |
|    ep_len_mean          | 36.8      |
|    ep_rew_mean          | 2e+03     |
| time/                   |           |
|    fps                  | 282       |
|    iterations           | 339       |
|    time_elapsed         | 613       |
|    total_timesteps      | 173568    |
| train/                  |           |
|    approx_kl            | 0.0       |
|    clip_fraction        | 0         |
|    clip_range           | 0.2       |
|    entropy_loss         | -0.00177  |
|    explained_variance   | 0         |
|    learning_rate        | 0.0003    |
|    loss                 | 1.88e+05  |
|    n_updates            | 1690      |
|    policy_gradient_loss | -9.13e-09 |
|    value_loss           | 3.85e+05  |
---------------------------------------
---------------------------------------
| rollout/                |           |
|    ep_len_mean          | 35.8      |
|    ep_rew_mean          | 1.98e+03  |
| time/                   |           |
|    fps                  | 282       |
|    iterations           | 340       |
|    time_elapsed         | 615       |
|    total_timesteps      | 174080    |
| train/                  |           |
|    approx_kl            | 0.0       |
|    clip_fraction        | 0         |
|    clip_range           | 0.2       |
|    entropy_loss         | -0.00175  |
|    explained_variance   | -2.38e-07 |
|    learning_rate        | 0.0003    |
|    loss                 | 1.27e+05  |
|    n_updates            | 1695      |
|    policy_gradient_loss | -7.68e-10 |
|    value_loss           | 2.42e+05  |
---------------------------------------
--------------------------------------
| rollout/                |          |
|    ep_len_mean          | 36.3     |
|    ep_rew_mean          | 2.03e+03 |
| time/                   |          |
|    fps                  | 282      |
|    iterations           | 341      |
|    time_elapsed         | 616      |
|    total_timesteps      | 174592   |
| train/                  |          |
|    approx_kl            | 0.0      |
|    clip_fraction        | 0        |
|    clip_range           | 0.2      |
|    entropy_loss         | -0.00176 |
|    explained_variance   | 0        |
|    learning_rate        | 0.0003   |
|    loss                 | 1.76e+05 |
|    n_updates            | 1700     |
|    policy_gradient_loss | 3.93e-09 |
|    value_loss           | 3.77e+05 |
--------------------------------------
---------------------------------------
| rollout/                |           |
|    ep_len_mean          | 36.2      |
|    ep_rew_mean          | 2.05e+03  |
| time/                   |           |
|    fps                  | 283       |
|    iterations           | 342       |
|    time_elapsed         | 618       |
|    total_timesteps      | 175104    |
| train/                  |           |
|    approx_kl            | 0.0       |
|    clip_fraction        | 0         |
|    clip_range           | 0.2       |
|    entropy_loss         | -0.00178  |
|    explained_variance   | -1.19e-07 |
|    learning_rate        | 0.0003    |
|    loss                 | 1.63e+05  |
|    n_updates            | 1705      |
|    policy_gradient_loss | 1.91e-09  |
|    value_loss           | 3.95e+05  |
---------------------------------------
---------------------------------------
| rollout/                |           |
|    ep_len_mean          | 36.3      |
|    ep_rew_mean          | 2.04e+03  |
| time/                   |           |
|    fps                  | 283       |
|    iterations           | 343       |
|    time_elapsed         | 620       |
|    total_timesteps      | 175616    |
| train/                  |           |
|    approx_kl            | 0.0       |
|    clip_fraction        | 0         |
|    clip_range           | 0.2       |
|    entropy_loss         | -0.00176  |
|    explained_variance   | 5.96e-08  |
|    learning_rate        | 0.0003    |
|    loss                 | 1.96e+05  |
|    n_updates            | 1710      |
|    policy_gradient_loss | -1.43e-08 |
|    value_loss           | 4.35e+05  |
---------------------------------------
--------------------------------------
| rollout/                |          |
|    ep_len_mean          | 35.5     |
|    ep_rew_mean          | 1.99e+03 |
| time/                   |          |
|    fps                  | 283      |
|    iterations           | 344      |
|    time_elapsed         | 621      |
|    total_timesteps      | 176128   |
| train/                  |          |
|    approx_kl            | 0.0      |
|    clip_fraction        | 0        |
|    clip_range           | 0.2      |
|    entropy_loss         | -0.00178 |
|    explained_variance   | 0        |
|    learning_rate        | 0.0003   |
|    loss                 | 2.45e+05 |
|    n_updates            | 1715     |
|    policy_gradient_loss | 6.54e-09 |
|    value_loss           | 4.93e+05 |
--------------------------------------
---------------------------------------
| rollout/                |           |
|    ep_len_mean          | 36.3      |
|    ep_rew_mean          | 1.93e+03  |
| time/                   |           |
|    fps                  | 283       |
|    iterations           | 345       |
|    time_elapsed         | 623       |
|    total_timesteps      | 176640    |
| train/                  |           |
|    approx_kl            | 0.0       |
|    clip_fraction        | 0         |
|    clip_range           | 0.2       |
|    entropy_loss         | -0.00177  |
|    explained_variance   | -1.19e-07 |
|    learning_rate        | 0.0003    |
|    loss                 | 1.97e+05  |
|    n_updates            | 1720      |
|    policy_gradient_loss | -1.23e-08 |
|    value_loss           | 3.91e+05  |
---------------------------------------
---------------------------------------
| rollout/                |           |
|    ep_len_mean          | 36.7      |
|    ep_rew_mean          | 1.96e+03  |
| time/                   |           |
|    fps                  | 283       |
|    iterations           | 346       |
|    time_elapsed         | 625       |
|    total_timesteps      | 177152    |
| train/                  |           |
|    approx_kl            | 0.0       |
|    clip_fraction        | 0         |
|    clip_range           | 0.2       |
|    entropy_loss         | -0.00177  |
|    explained_variance   | 0         |
|    learning_rate        | 0.0003    |
|    loss                 | 3.46e+05  |
|    n_updates            | 1725      |
|    policy_gradient_loss | -1.25e-08 |
|    value_loss           | 5.25e+05  |
---------------------------------------
---------------------------------------
| rollout/                |           |
|    ep_len_mean          | 36.8      |
|    ep_rew_mean          | 1.89e+03  |
| time/                   |           |
|    fps                  | 283       |
|    iterations           | 347       |
|    time_elapsed         | 627       |
|    total_timesteps      | 177664    |
| train/                  |           |
|    approx_kl            | 0.0       |
|    clip_fraction        | 0         |
|    clip_range           | 0.2       |
|    entropy_loss         | -0.00178  |
|    explained_variance   | -1.19e-07 |
|    learning_rate        | 0.0003    |
|    loss                 | 2.09e+05  |
|    n_updates            | 1730      |
|    policy_gradient_loss | 2.17e-08  |
|    value_loss           | 3.87e+05  |
---------------------------------------
--------------------------------------
| rollout/                |          |
|    ep_len_mean          | 36.8     |
|    ep_rew_mean          | 1.85e+03 |
| time/                   |          |
|    fps                  | 283      |
|    iterations           | 348      |
|    time_elapsed         | 628      |
|    total_timesteps      | 178176   |
| train/                  |          |
|    approx_kl            | 0.0      |
|    clip_fraction        | 0        |
|    clip_range           | 0.2      |
|    entropy_loss         | -0.0018  |
|    explained_variance   | 0        |
|    learning_rate        | 0.0003   |
|    loss                 | 1.87e+05 |
|    n_updates            | 1735     |
|    policy_gradient_loss | 1.75e-09 |
|    value_loss           | 4.29e+05 |
--------------------------------------
---------------------------------------
| rollout/                |           |
|    ep_len_mean          | 38        |
|    ep_rew_mean          | 1.75e+03  |
| time/                   |           |
|    fps                  | 283       |
|    iterations           | 349       |
|    time_elapsed         | 630       |
|    total_timesteps      | 178688    |
| train/                  |           |
|    approx_kl            | 0.0       |
|    clip_fraction        | 0         |
|    clip_range           | 0.2       |
|    entropy_loss         | -0.00177  |
|    explained_variance   | -1.19e-07 |
|    learning_rate        | 0.0003    |
|    loss                 | 1.53e+05  |
|    n_updates            | 1740      |
|    policy_gradient_loss | 2.25e-08  |
|    value_loss           | 2.95e+05  |
---------------------------------------
--------------------------------------
| rollout/                |          |
|    ep_len_mean          | 38.7     |
|    ep_rew_mean          | 1.85e+03 |
| time/                   |          |
|    fps                  | 283      |
|    iterations           | 350      |
|    time_elapsed         | 632      |
|    total_timesteps      | 179200   |
| train/                  |          |
|    approx_kl            | 0.0      |
|    clip_fraction        | 0        |
|    clip_range           | 0.2      |
|    entropy_loss         | -0.00177 |
|    explained_variance   | 0        |
|    learning_rate        | 0.0003   |
|    loss                 | 2.07e+05 |
|    n_updates            | 1745     |
|    policy_gradient_loss | 2.19e-09 |
|    value_loss           | 4.6e+05  |
--------------------------------------
---------------------------------------
| rollout/                |           |
|    ep_len_mean          | 40.2      |
|    ep_rew_mean          | 1.95e+03  |
| time/                   |           |
|    fps                  | 283       |
|    iterations           | 351       |
|    time_elapsed         | 633       |
|    total_timesteps      | 179712    |
| train/                  |           |
|    approx_kl            | 0.0       |
|    clip_fraction        | 0         |
|    clip_range           | 0.2       |
|    entropy_loss         | -0.00177  |
|    explained_variance   | 0         |
|    learning_rate        | 0.0003    |
|    loss                 | 2.91e+05  |
|    n_updates            | 1750      |
|    policy_gradient_loss | -2.42e-08 |
|    value_loss           | 6.15e+05  |
---------------------------------------
--------------------------------------
| rollout/                |          |
|    ep_len_mean          | 39.7     |
|    ep_rew_mean          | 1.89e+03 |
| time/                   |          |
|    fps                  | 283      |
|    iterations           | 352      |
|    time_elapsed         | 635      |
|    total_timesteps      | 180224   |
| train/                  |          |
|    approx_kl            | 0.0      |
|    clip_fraction        | 0        |
|    clip_range           | 0.2      |
|    entropy_loss         | -0.00176 |
|    explained_variance   | 0        |
|    learning_rate        | 0.0003   |
|    loss                 | 1.97e+05 |
|    n_updates            | 1755     |
|    policy_gradient_loss | 1.12e-08 |
|    value_loss           | 3.8e+05  |
--------------------------------------
---------------------------------------
| rollout/                |           |
|    ep_len_mean          | 38.7      |
|    ep_rew_mean          | 1.93e+03  |
| time/                   |           |
|    fps                  | 283       |
|    iterations           | 353       |
|    time_elapsed         | 637       |
|    total_timesteps      | 180736    |
| train/                  |           |
|    approx_kl            | 0.0       |
|    clip_fraction        | 0         |
|    clip_range           | 0.2       |
|    entropy_loss         | -0.00178  |
|    explained_variance   | -1.19e-07 |
|    learning_rate        | 0.0003    |
|    loss                 | 1.22e+05  |
|    n_updates            | 1760      |
|    policy_gradient_loss | -6.64e-09 |
|    value_loss           | 2.59e+05  |
---------------------------------------
---------------------------------------
| rollout/                |           |
|    ep_len_mean          | 39.8      |
|    ep_rew_mean          | 2.03e+03  |
| time/                   |           |
|    fps                  | 283       |
|    iterations           | 354       |
|    time_elapsed         | 639       |
|    total_timesteps      | 181248    |
| train/                  |           |
|    approx_kl            | 0.0       |
|    clip_fraction        | 0         |
|    clip_range           | 0.2       |
|    entropy_loss         | -0.00181  |
|    explained_variance   | 0         |
|    learning_rate        | 0.0003    |
|    loss                 | 1.37e+05  |
|    n_updates            | 1765      |
|    policy_gradient_loss | -1.05e-08 |
|    value_loss           | 2.27e+05  |
---------------------------------------
---------------------------------------
| rollout/                |           |
|    ep_len_mean          | 40.7      |
|    ep_rew_mean          | 2.2e+03   |
| time/                   |           |
|    fps                  | 283       |
|    iterations           | 355       |
|    time_elapsed         | 640       |
|    total_timesteps      | 181760    |
| train/                  |           |
|    approx_kl            | 0.0       |
|    clip_fraction        | 0         |
|    clip_range           | 0.2       |
|    entropy_loss         | -0.00178  |
|    explained_variance   | -1.19e-07 |
|    learning_rate        | 0.0003    |
|    loss                 | 3.03e+05  |
|    n_updates            | 1770      |
|    policy_gradient_loss | -1.48e-08 |
|    value_loss           | 4.97e+05  |
---------------------------------------
--------------------------------------
| rollout/                |          |
|    ep_len_mean          | 40.4     |
|    ep_rew_mean          | 2.23e+03 |
| time/                   |          |
|    fps                  | 283      |
|    iterations           | 356      |
|    time_elapsed         | 642      |
|    total_timesteps      | 182272   |
| train/                  |          |
|    approx_kl            | 0.0      |
|    clip_fraction        | 0        |
|    clip_range           | 0.2      |
|    entropy_loss         | -0.00177 |
|    explained_variance   | 0        |
|    learning_rate        | 0.0003   |
|    loss                 | 4.76e+05 |
|    n_updates            | 1775     |
|    policy_gradient_loss | 5.75e-09 |
|    value_loss           | 9.19e+05 |
--------------------------------------
--------------------------------------
| rollout/                |          |
|    ep_len_mean          | 40.9     |
|    ep_rew_mean          | 2.33e+03 |
| time/                   |          |
|    fps                  | 283      |
|    iterations           | 357      |
|    time_elapsed         | 643      |
|    total_timesteps      | 182784   |
| train/                  |          |
|    approx_kl            | 0.0      |
|    clip_fraction        | 0        |
|    clip_range           | 0.2      |
|    entropy_loss         | -0.00183 |
|    explained_variance   | 0        |
|    learning_rate        | 0.0003   |
|    loss                 | 4.16e+05 |
|    n_updates            | 1780     |
|    policy_gradient_loss | 1.05e-08 |
|    value_loss           | 7.57e+05 |
--------------------------------------
--------------------------------------
| rollout/                |          |
|    ep_len_mean          | 39.6     |
|    ep_rew_mean          | 2.2e+03  |
| time/                   |          |
|    fps                  | 283      |
|    iterations           | 358      |
|    time_elapsed         | 645      |
|    total_timesteps      | 183296   |
| train/                  |          |
|    approx_kl            | 0.0      |
|    clip_fraction        | 0        |
|    clip_range           | 0.2      |
|    entropy_loss         | -0.00178 |
|    explained_variance   | 0        |
|    learning_rate        | 0.0003   |
|    loss                 | 2.88e+05 |
|    n_updates            | 1785     |
|    policy_gradient_loss | 2.42e-09 |
|    value_loss           | 5.78e+05 |
--------------------------------------
---------------------------------------
| rollout/                |           |
|    ep_len_mean          | 38.6      |
|    ep_rew_mean          | 2.13e+03  |
| time/                   |           |
|    fps                  | 283       |
|    iterations           | 359       |
|    time_elapsed         | 647       |
|    total_timesteps      | 183808    |
| train/                  |           |
|    approx_kl            | 0.0       |
|    clip_fraction        | 0         |
|    clip_range           | 0.2       |
|    entropy_loss         | -0.00177  |
|    explained_variance   | -1.19e-07 |
|    learning_rate        | 0.0003    |
|    loss                 | 1.45e+05  |
|    n_updates            | 1790      |
|    policy_gradient_loss | 1.31e-08  |
|    value_loss           | 3.02e+05  |
---------------------------------------
-------------------------------------------
| rollout/                |               |
|    ep_len_mean          | 40.2          |
|    ep_rew_mean          | 2.19e+03      |
| time/                   |               |
|    fps                  | 283           |
|    iterations           | 360           |
|    time_elapsed         | 649           |
|    total_timesteps      | 184320        |
| train/                  |               |
|    approx_kl            | 2.0043226e-06 |
|    clip_fraction        | 0             |
|    clip_range           | 0.2           |
|    entropy_loss         | -0.00173      |
|    explained_variance   | -1.19e-07     |
|    learning_rate        | 0.0003        |
|    loss                 | 1.9e+05       |
|    n_updates            | 1795          |
|    policy_gradient_loss | -9.83e-05     |
|    value_loss           | 2.98e+05      |
-------------------------------------------
--------------------------------------
| rollout/                |          |
|    ep_len_mean          | 40.6     |
|    ep_rew_mean          | 2.2e+03  |
| time/                   |          |
|    fps                  | 283      |
|    iterations           | 361      |
|    time_elapsed         | 651      |
|    total_timesteps      | 184832   |
| train/                  |          |
|    approx_kl            | 0.0      |
|    clip_fraction        | 0        |
|    clip_range           | 0.2      |
|    entropy_loss         | -0.0017  |
|    explained_variance   | 0        |
|    learning_rate        | 0.0003   |
|    loss                 | 3.63e+05 |
|    n_updates            | 1800     |
|    policy_gradient_loss | 1.88e-08 |
|    value_loss           | 7.35e+05 |
--------------------------------------
---------------------------------------
| rollout/                |           |
|    ep_len_mean          | 39.9      |
|    ep_rew_mean          | 2.22e+03  |
| time/                   |           |
|    fps                  | 283       |
|    iterations           | 362       |
|    time_elapsed         | 652       |
|    total_timesteps      | 185344    |
| train/                  |           |
|    approx_kl            | 0.0       |
|    clip_fraction        | 0         |
|    clip_range           | 0.2       |
|    entropy_loss         | -0.00168  |
|    explained_variance   | -2.38e-07 |
|    learning_rate        | 0.0003    |
|    loss                 | 1.43e+05  |
|    n_updates            | 1805      |
|    policy_gradient_loss | 3.61e-09  |
|    value_loss           | 2.56e+05  |
---------------------------------------
--------------------------------------
| rollout/                |          |
|    ep_len_mean          | 39.3     |
|    ep_rew_mean          | 2e+03    |
| time/                   |          |
|    fps                  | 283      |
|    iterations           | 363      |
|    time_elapsed         | 654      |
|    total_timesteps      | 185856   |
| train/                  |          |
|    approx_kl            | 0.0      |
|    clip_fraction        | 0        |
|    clip_range           | 0.2      |
|    entropy_loss         | -0.00168 |
|    explained_variance   | 0        |
|    learning_rate        | 0.0003   |
|    loss                 | 1.74e+05 |
|    n_updates            | 1810     |
|    policy_gradient_loss | 3.03e-09 |
|    value_loss           | 3.8e+05  |
--------------------------------------
---------------------------------------
| rollout/                |           |
|    ep_len_mean          | 39.5      |
|    ep_rew_mean          | 2.07e+03  |
| time/                   |           |
|    fps                  | 283       |
|    iterations           | 364       |
|    time_elapsed         | 656       |
|    total_timesteps      | 186368    |
| train/                  |           |
|    approx_kl            | 0.0       |
|    clip_fraction        | 0         |
|    clip_range           | 0.2       |
|    entropy_loss         | -0.00169  |
|    explained_variance   | -2.38e-07 |
|    learning_rate        | 0.0003    |
|    loss                 | 2.33e+05  |
|    n_updates            | 1815      |
|    policy_gradient_loss | -1.06e-08 |
|    value_loss           | 4.61e+05  |
---------------------------------------
--------------------------------------
| rollout/                |          |
|    ep_len_mean          | 37.4     |
|    ep_rew_mean          | 1.84e+03 |
| time/                   |          |
|    fps                  | 283      |
|    iterations           | 365      |
|    time_elapsed         | 658      |
|    total_timesteps      | 186880   |
| train/                  |          |
|    approx_kl            | 0.0      |
|    clip_fraction        | 0        |
|    clip_range           | 0.2      |
|    entropy_loss         | -0.00167 |
|    explained_variance   | 0        |
|    learning_rate        | 0.0003   |
|    loss                 | 1.87e+05 |
|    n_updates            | 1820     |
|    policy_gradient_loss | 8.73e-09 |
|    value_loss           | 3.38e+05 |
--------------------------------------
--------------------------------------
| rollout/                |          |
|    ep_len_mean          | 37       |
|    ep_rew_mean          | 1.84e+03 |
| time/                   |          |
|    fps                  | 283      |
|    iterations           | 366      |
|    time_elapsed         | 660      |
|    total_timesteps      | 187392   |
| train/                  |          |
|    approx_kl            | 0.0      |
|    clip_fraction        | 0        |
|    clip_range           | 0.2      |
|    entropy_loss         | -0.0017  |
|    explained_variance   | 0        |
|    learning_rate        | 0.0003   |
|    loss                 | 1.64e+05 |
|    n_updates            | 1825     |
|    policy_gradient_loss | 1.64e-09 |
|    value_loss           | 3.61e+05 |
--------------------------------------
---------------------------------------
| rollout/                |           |
|    ep_len_mean          | 36.7      |
|    ep_rew_mean          | 1.87e+03  |
| time/                   |           |
|    fps                  | 283       |
|    iterations           | 367       |
|    time_elapsed         | 662       |
|    total_timesteps      | 187904    |
| train/                  |           |
|    approx_kl            | 0.0       |
|    clip_fraction        | 0         |
|    clip_range           | 0.2       |
|    entropy_loss         | -0.00171  |
|    explained_variance   | 0         |
|    learning_rate        | 0.0003    |
|    loss                 | 1.7e+05   |
|    n_updates            | 1830      |
|    policy_gradient_loss | -3.84e-09 |
|    value_loss           | 3.92e+05  |
---------------------------------------
--------------------------------------
| rollout/                |          |
|    ep_len_mean          | 37.5     |
|    ep_rew_mean          | 1.87e+03 |
| time/                   |          |
|    fps                  | 283      |
|    iterations           | 368      |
|    time_elapsed         | 663      |
|    total_timesteps      | 188416   |
| train/                  |          |
|    approx_kl            | 0.0      |
|    clip_fraction        | 0        |
|    clip_range           | 0.2      |
|    entropy_loss         | -0.00169 |
|    explained_variance   | 1.19e-07 |
|    learning_rate        | 0.0003   |
|    loss                 | 2.53e+05 |
|    n_updates            | 1835     |
|    policy_gradient_loss | 8.61e-10 |
|    value_loss           | 4.68e+05 |
--------------------------------------
---------------------------------------
| rollout/                |           |
|    ep_len_mean          | 37.1      |
|    ep_rew_mean          | 1.79e+03  |
| time/                   |           |
|    fps                  | 283       |
|    iterations           | 369       |
|    time_elapsed         | 665       |
|    total_timesteps      | 188928    |
| train/                  |           |
|    approx_kl            | 0.0       |
|    clip_fraction        | 0         |
|    clip_range           | 0.2       |
|    entropy_loss         | -0.00168  |
|    explained_variance   | -1.19e-07 |
|    learning_rate        | 0.0003    |
|    loss                 | 3.02e+05  |
|    n_updates            | 1840      |
|    policy_gradient_loss | -9.64e-09 |
|    value_loss           | 5.67e+05  |
---------------------------------------
---------------------------------------
| rollout/                |           |
|    ep_len_mean          | 36.6      |
|    ep_rew_mean          | 1.82e+03  |
| time/                   |           |
|    fps                  | 284       |
|    iterations           | 370       |
|    time_elapsed         | 666       |
|    total_timesteps      | 189440    |
| train/                  |           |
|    approx_kl            | 0.0       |
|    clip_fraction        | 0         |
|    clip_range           | 0.2       |
|    entropy_loss         | -0.00167  |
|    explained_variance   | -2.38e-07 |
|    learning_rate        | 0.0003    |
|    loss                 | 1.09e+05  |
|    n_updates            | 1845      |
|    policy_gradient_loss | 1.1e-08   |
|    value_loss           | 2.25e+05  |
---------------------------------------
---------------------------------------
| rollout/                |           |
|    ep_len_mean          | 37        |
|    ep_rew_mean          | 1.8e+03   |
| time/                   |           |
|    fps                  | 284       |
|    iterations           | 371       |
|    time_elapsed         | 668       |
|    total_timesteps      | 189952    |
| train/                  |           |
|    approx_kl            | 0.0       |
|    clip_fraction        | 0         |
|    clip_range           | 0.2       |
|    entropy_loss         | -0.00167  |
|    explained_variance   | 0         |
|    learning_rate        | 0.0003    |
|    loss                 | 1.86e+05  |
|    n_updates            | 1850      |
|    policy_gradient_loss | -3.73e-09 |
|    value_loss           | 4.63e+05  |
---------------------------------------
---------------------------------------
| rollout/                |           |
|    ep_len_mean          | 38.1      |
|    ep_rew_mean          | 1.99e+03  |
| time/                   |           |
|    fps                  | 284       |
|    iterations           | 372       |
|    time_elapsed         | 670       |
|    total_timesteps      | 190464    |
| train/                  |           |
|    approx_kl            | 0.0       |
|    clip_fraction        | 0         |
|    clip_range           | 0.2       |
|    entropy_loss         | -0.0017   |
|    explained_variance   | -1.19e-07 |
|    learning_rate        | 0.0003    |
|    loss                 | 2.33e+05  |
|    n_updates            | 1855      |
|    policy_gradient_loss | -6.71e-09 |
|    value_loss           | 5.78e+05  |
---------------------------------------
---------------------------------------
| rollout/                |           |
|    ep_len_mean          | 38.4      |
|    ep_rew_mean          | 1.89e+03  |
| time/                   |           |
|    fps                  | 284       |
|    iterations           | 373       |
|    time_elapsed         | 672       |
|    total_timesteps      | 190976    |
| train/                  |           |
|    approx_kl            | 0.0       |
|    clip_fraction        | 0         |
|    clip_range           | 0.2       |
|    entropy_loss         | -0.00167  |
|    explained_variance   | -1.19e-07 |
|    learning_rate        | 0.0003    |
|    loss                 | 1.45e+05  |
|    n_updates            | 1860      |
|    policy_gradient_loss | 1.18e-08  |
|    value_loss           | 2.79e+05  |
---------------------------------------
--------------------------------------
| rollout/                |          |
|    ep_len_mean          | 38.3     |
|    ep_rew_mean          | 1.83e+03 |
| time/                   |          |
|    fps                  | 283      |
|    iterations           | 374      |
|    time_elapsed         | 674      |
|    total_timesteps      | 191488   |
| train/                  |          |
|    approx_kl            | 0.0      |
|    clip_fraction        | 0        |
|    clip_range           | 0.2      |
|    entropy_loss         | -0.0017  |
|    explained_variance   | 0        |
|    learning_rate        | 0.0003   |
|    loss                 | 2.08e+05 |
|    n_updates            | 1865     |
|    policy_gradient_loss | 1.21e-08 |
|    value_loss           | 3.76e+05 |
--------------------------------------
--------------------------------------
| rollout/                |          |
|    ep_len_mean          | 38.2     |
|    ep_rew_mean          | 1.85e+03 |
| time/                   |          |
|    fps                  | 283      |
|    iterations           | 375      |
|    time_elapsed         | 676      |
|    total_timesteps      | 192000   |
| train/                  |          |
|    approx_kl            | 0.0      |
|    clip_fraction        | 0        |
|    clip_range           | 0.2      |
|    entropy_loss         | -0.00167 |
|    explained_variance   | 1.79e-07 |
|    learning_rate        | 0.0003   |
|    loss                 | 1.84e+05 |
|    n_updates            | 1870     |
|    policy_gradient_loss | 1.37e-08 |
|    value_loss           | 3.31e+05 |
--------------------------------------
---------------------------------------
| rollout/                |           |
|    ep_len_mean          | 37.4      |
|    ep_rew_mean          | 1.81e+03  |
| time/                   |           |
|    fps                  | 283       |
|    iterations           | 376       |
|    time_elapsed         | 678       |
|    total_timesteps      | 192512    |
| train/                  |           |
|    approx_kl            | 0.0       |
|    clip_fraction        | 0         |
|    clip_range           | 0.2       |
|    entropy_loss         | -0.00169  |
|    explained_variance   | -1.19e-07 |
|    learning_rate        | 0.0003    |
|    loss                 | 1.44e+05  |
|    n_updates            | 1875      |
|    policy_gradient_loss | 8.82e-09  |
|    value_loss           | 2.95e+05  |
---------------------------------------
---------------------------------------
| rollout/                |           |
|    ep_len_mean          | 36.8      |
|    ep_rew_mean          | 1.88e+03  |
| time/                   |           |
|    fps                  | 283       |
|    iterations           | 377       |
|    time_elapsed         | 679       |
|    total_timesteps      | 193024    |
| train/                  |           |
|    approx_kl            | 0.0       |
|    clip_fraction        | 0         |
|    clip_range           | 0.2       |
|    entropy_loss         | -0.00169  |
|    explained_variance   | 0         |
|    learning_rate        | 0.0003    |
|    loss                 | 1.45e+05  |
|    n_updates            | 1880      |
|    policy_gradient_loss | -2.33e-11 |
|    value_loss           | 3.03e+05  |
---------------------------------------
---------------------------------------
| rollout/                |           |
|    ep_len_mean          | 35.8      |
|    ep_rew_mean          | 1.83e+03  |
| time/                   |           |
|    fps                  | 283       |
|    iterations           | 378       |
|    time_elapsed         | 681       |
|    total_timesteps      | 193536    |
| train/                  |           |
|    approx_kl            | 0.0       |
|    clip_fraction        | 0         |
|    clip_range           | 0.2       |
|    entropy_loss         | -0.0017   |
|    explained_variance   | 1.79e-07  |
|    learning_rate        | 0.0003    |
|    loss                 | 2.72e+05  |
|    n_updates            | 1885      |
|    policy_gradient_loss | -6.87e-09 |
|    value_loss           | 5.52e+05  |
---------------------------------------
---------------------------------------
| rollout/                |           |
|    ep_len_mean          | 35.9      |
|    ep_rew_mean          | 1.86e+03  |
| time/                   |           |
|    fps                  | 283       |
|    iterations           | 379       |
|    time_elapsed         | 683       |
|    total_timesteps      | 194048    |
| train/                  |           |
|    approx_kl            | 0.0       |
|    clip_fraction        | 0         |
|    clip_range           | 0.2       |
|    entropy_loss         | -0.00168  |
|    explained_variance   | 0         |
|    learning_rate        | 0.0003    |
|    loss                 | 2.05e+05  |
|    n_updates            | 1890      |
|    policy_gradient_loss | -5.08e-09 |
|    value_loss           | 4.04e+05  |
---------------------------------------
--------------------------------------
| rollout/                |          |
|    ep_len_mean          | 36.8     |
|    ep_rew_mean          | 1.94e+03 |
| time/                   |          |
|    fps                  | 283      |
|    iterations           | 380      |
|    time_elapsed         | 685      |
|    total_timesteps      | 194560   |
| train/                  |          |
|    approx_kl            | 0.0      |
|    clip_fraction        | 0        |
|    clip_range           | 0.2      |
|    entropy_loss         | -0.00168 |
|    explained_variance   | 0        |
|    learning_rate        | 0.0003   |
|    loss                 | 1.96e+05 |
|    n_updates            | 1895     |
|    policy_gradient_loss | 1.39e-08 |
|    value_loss           | 3.99e+05 |
--------------------------------------
-------------------------------------------
| rollout/                |               |
|    ep_len_mean          | 36            |
|    ep_rew_mean          | 1.91e+03      |
| time/                   |               |
|    fps                  | 283           |
|    iterations           | 381           |
|    time_elapsed         | 687           |
|    total_timesteps      | 195072        |
| train/                  |               |
|    approx_kl            | 2.1766173e-05 |
|    clip_fraction        | 0             |
|    clip_range           | 0.2           |
|    entropy_loss         | -0.00159      |
|    explained_variance   | 0             |
|    learning_rate        | 0.0003        |
|    loss                 | 1.28e+05      |
|    n_updates            | 1900          |
|    policy_gradient_loss | -0.000469     |
|    value_loss           | 2.78e+05      |
-------------------------------------------
--------------------------------------
| rollout/                |          |
|    ep_len_mean          | 37.4     |
|    ep_rew_mean          | 1.94e+03 |
| time/                   |          |
|    fps                  | 283      |
|    iterations           | 382      |
|    time_elapsed         | 688      |
|    total_timesteps      | 195584   |
| train/                  |          |
|    approx_kl            | 0.0      |
|    clip_fraction        | 0        |
|    clip_range           | 0.2      |
|    entropy_loss         | -0.00149 |
|    explained_variance   | 0        |
|    learning_rate        | 0.0003   |
|    loss                 | 2.26e+05 |
|    n_updates            | 1905     |
|    policy_gradient_loss | 2.86e-08 |
|    value_loss           | 4.76e+05 |
--------------------------------------
---------------------------------------
| rollout/                |           |
|    ep_len_mean          | 36.5      |
|    ep_rew_mean          | 1.99e+03  |
| time/                   |           |
|    fps                  | 283       |
|    iterations           | 383       |
|    time_elapsed         | 690       |
|    total_timesteps      | 196096    |
| train/                  |           |
|    approx_kl            | 0.0       |
|    clip_fraction        | 0         |
|    clip_range           | 0.2       |
|    entropy_loss         | -0.00146  |
|    explained_variance   | 0         |
|    learning_rate        | 0.0003    |
|    loss                 | 1.87e+05  |
|    n_updates            | 1910      |
|    policy_gradient_loss | -6.29e-10 |
|    value_loss           | 4.05e+05  |
---------------------------------------
---------------------------------------
| rollout/                |           |
|    ep_len_mean          | 37.2      |
|    ep_rew_mean          | 1.88e+03  |
| time/                   |           |
|    fps                  | 283       |
|    iterations           | 384       |
|    time_elapsed         | 692       |
|    total_timesteps      | 196608    |
| train/                  |           |
|    approx_kl            | 0.0       |
|    clip_fraction        | 0         |
|    clip_range           | 0.2       |
|    entropy_loss         | -0.00148  |
|    explained_variance   | 0         |
|    learning_rate        | 0.0003    |
|    loss                 | 2.44e+05  |
|    n_updates            | 1915      |
|    policy_gradient_loss | -2.15e-08 |
|    value_loss           | 4.14e+05  |
---------------------------------------
--------------------------------------
| rollout/                |          |
|    ep_len_mean          | 38.6     |
|    ep_rew_mean          | 2.03e+03 |
| time/                   |          |
|    fps                  | 283      |
|    iterations           | 385      |
|    time_elapsed         | 694      |
|    total_timesteps      | 197120   |
| train/                  |          |
|    approx_kl            | 0.0      |
|    clip_fraction        | 0        |
|    clip_range           | 0.2      |
|    entropy_loss         | -0.00146 |
|    explained_variance   | 0        |
|    learning_rate        | 0.0003   |
|    loss                 | 1.87e+05 |
|    n_updates            | 1920     |
|    policy_gradient_loss | 3.35e-09 |
|    value_loss           | 2.99e+05 |
--------------------------------------
--------------------------------------
| rollout/                |          |
|    ep_len_mean          | 38       |
|    ep_rew_mean          | 1.85e+03 |
| time/                   |          |
|    fps                  | 283      |
|    iterations           | 386      |
|    time_elapsed         | 696      |
|    total_timesteps      | 197632   |
| train/                  |          |
|    approx_kl            | 0.0      |
|    clip_fraction        | 0        |
|    clip_range           | 0.2      |
|    entropy_loss         | -0.00147 |
|    explained_variance   | 0        |
|    learning_rate        | 0.0003   |
|    loss                 | 2.12e+05 |
|    n_updates            | 1925     |
|    policy_gradient_loss | -2.2e-08 |
|    value_loss           | 4.11e+05 |
--------------------------------------
---------------------------------------
| rollout/                |           |
|    ep_len_mean          | 36.4      |
|    ep_rew_mean          | 1.77e+03  |
| time/                   |           |
|    fps                  | 283       |
|    iterations           | 387       |
|    time_elapsed         | 698       |
|    total_timesteps      | 198144    |
| train/                  |           |
|    approx_kl            | 0.0       |
|    clip_fraction        | 0         |
|    clip_range           | 0.2       |
|    entropy_loss         | -0.00148  |
|    explained_variance   | 0         |
|    learning_rate        | 0.0003    |
|    loss                 | 1.96e+05  |
|    n_updates            | 1930      |
|    policy_gradient_loss | -1.11e-08 |
|    value_loss           | 3.91e+05  |
---------------------------------------
---------------------------------------
| rollout/                |           |
|    ep_len_mean          | 37.7      |
|    ep_rew_mean          | 1.85e+03  |
| time/                   |           |
|    fps                  | 283       |
|    iterations           | 388       |
|    time_elapsed         | 699       |
|    total_timesteps      | 198656    |
| train/                  |           |
|    approx_kl            | 0.0       |
|    clip_fraction        | 0         |
|    clip_range           | 0.2       |
|    entropy_loss         | -0.00148  |
|    explained_variance   | -1.19e-07 |
|    learning_rate        | 0.0003    |
|    loss                 | 1.13e+05  |
|    n_updates            | 1935      |
|    policy_gradient_loss | 7.57e-09  |
|    value_loss           | 2.24e+05  |
---------------------------------------
--------------------------------------
| rollout/                |          |
|    ep_len_mean          | 37.5     |
|    ep_rew_mean          | 1.82e+03 |
| time/                   |          |
|    fps                  | 283      |
|    iterations           | 389      |
|    time_elapsed         | 701      |
|    total_timesteps      | 199168   |
| train/                  |          |
|    approx_kl            | 0.0      |
|    clip_fraction        | 0        |
|    clip_range           | 0.2      |
|    entropy_loss         | -0.00147 |
|    explained_variance   | 0        |
|    learning_rate        | 0.0003   |
|    loss                 | 1.94e+05 |
|    n_updates            | 1940     |
|    policy_gradient_loss | 6.1e-09  |
|    value_loss           | 4.3e+05  |
--------------------------------------
--------------------------------------
| rollout/                |          |
|    ep_len_mean          | 37.4     |
|    ep_rew_mean          | 1.85e+03 |
| time/                   |          |
|    fps                  | 283      |
|    iterations           | 390      |
|    time_elapsed         | 703      |
|    total_timesteps      | 199680   |
| train/                  |          |
|    approx_kl            | 0.0      |
|    clip_fraction        | 0        |
|    clip_range           | 0.2      |
|    entropy_loss         | -0.00147 |
|    explained_variance   | 1.19e-07 |
|    learning_rate        | 0.0003   |
|    loss                 | 2.63e+05 |
|    n_updates            | 1945     |
|    policy_gradient_loss | 1.91e-09 |
|    value_loss           | 4.85e+05 |
--------------------------------------
---------------------------------------
| rollout/                |           |
|    ep_len_mean          | 38.2      |
|    ep_rew_mean          | 1.9e+03   |
| time/                   |           |
|    fps                  | 283       |
|    iterations           | 391       |
|    time_elapsed         | 705       |
|    total_timesteps      | 200192    |
| train/                  |           |
|    approx_kl            | 0.0       |
|    clip_fraction        | 0         |
|    clip_range           | 0.2       |
|    entropy_loss         | -0.00149  |
|    explained_variance   | 0         |
|    learning_rate        | 0.0003    |
|    loss                 | 1.1e+05   |
|    n_updates            | 1950      |
|    policy_gradient_loss | -6.15e-09 |
|    value_loss           | 3.26e+05  |
---------------------------------------
--------------------------------------
| rollout/                |          |
|    ep_len_mean          | 37.9     |
|    ep_rew_mean          | 1.83e+03 |
| time/                   |          |
|    fps                  | 283      |
|    iterations           | 392      |
|    time_elapsed         | 707      |
|    total_timesteps      | 200704   |
| train/                  |          |
|    approx_kl            | 0.0      |
|    clip_fraction        | 0        |
|    clip_range           | 0.2      |
|    entropy_loss         | -0.00147 |
|    explained_variance   | 0        |
|    learning_rate        | 0.0003   |
|    loss                 | 1.19e+05 |
|    n_updates            | 1955     |
|    policy_gradient_loss | 1.12e-08 |
|    value_loss           | 2.27e+05 |
--------------------------------------
-------------------------------------------
| rollout/                |               |
|    ep_len_mean          | 38.6          |
|    ep_rew_mean          | 1.89e+03      |
| time/                   |               |
|    fps                  | 283           |
|    iterations           | 393           |
|    time_elapsed         | 708           |
|    total_timesteps      | 201216        |
| train/                  |               |
|    approx_kl            | 1.0000076e-06 |
|    clip_fraction        | 0             |
|    clip_range           | 0.2           |
|    entropy_loss         | -0.00147      |
|    explained_variance   | 1.19e-07      |
|    learning_rate        | 0.0003        |
|    loss                 | 2.22e+05      |
|    n_updates            | 1960          |
|    policy_gradient_loss | -3.41e-05     |
|    value_loss           | 4.64e+05      |
-------------------------------------------
---------------------------------------
| rollout/                |           |
|    ep_len_mean          | 39.9      |
|    ep_rew_mean          | 2.09e+03  |
| time/                   |           |
|    fps                  | 283       |
|    iterations           | 394       |
|    time_elapsed         | 710       |
|    total_timesteps      | 201728    |
| train/                  |           |
|    approx_kl            | 0.0       |
|    clip_fraction        | 0         |
|    clip_range           | 0.2       |
|    entropy_loss         | -0.0014   |
|    explained_variance   | 0         |
|    learning_rate        | 0.0003    |
|    loss                 | 2.06e+05  |
|    n_updates            | 1965      |
|    policy_gradient_loss | -6.29e-09 |
|    value_loss           | 4.09e+05  |
---------------------------------------
---------------------------------------
| rollout/                |           |
|    ep_len_mean          | 40.3      |
|    ep_rew_mean          | 2.12e+03  |
| time/                   |           |
|    fps                  | 283       |
|    iterations           | 395       |
|    time_elapsed         | 712       |
|    total_timesteps      | 202240    |
| train/                  |           |
|    approx_kl            | 0.0       |
|    clip_fraction        | 0         |
|    clip_range           | 0.2       |
|    entropy_loss         | -0.00142  |
|    explained_variance   | -1.19e-07 |
|    learning_rate        | 0.0003    |
|    loss                 | 2.2e+05   |
|    n_updates            | 1970      |
|    policy_gradient_loss | -4.63e-09 |
|    value_loss           | 3.86e+05  |
---------------------------------------
---------------------------------------
| rollout/                |           |
|    ep_len_mean          | 38.9      |
|    ep_rew_mean          | 2.03e+03  |
| time/                   |           |
|    fps                  | 283       |
|    iterations           | 396       |
|    time_elapsed         | 714       |
|    total_timesteps      | 202752    |
| train/                  |           |
|    approx_kl            | 0.0       |
|    clip_fraction        | 0         |
|    clip_range           | 0.2       |
|    entropy_loss         | -0.00143  |
|    explained_variance   | -1.19e-07 |
|    learning_rate        | 0.0003    |
|    loss                 | 1.12e+05  |
|    n_updates            | 1975      |
|    policy_gradient_loss | 2.86e-08  |
|    value_loss           | 2.2e+05   |
---------------------------------------
--------------------------------------
| rollout/                |          |
|    ep_len_mean          | 38.1     |
|    ep_rew_mean          | 2.04e+03 |
| time/                   |          |
|    fps                  | 283      |
|    iterations           | 397      |
|    time_elapsed         | 716      |
|    total_timesteps      | 203264   |
| train/                  |          |
|    approx_kl            | 0.0      |
|    clip_fraction        | 0        |
|    clip_range           | 0.2      |
|    entropy_loss         | -0.00141 |
|    explained_variance   | 0        |
|    learning_rate        | 0.0003   |
|    loss                 | 1.21e+05 |
|    n_updates            | 1980     |
|    policy_gradient_loss | 1.33e-09 |
|    value_loss           | 2.37e+05 |
--------------------------------------
--------------------------------------
| rollout/                |          |
|    ep_len_mean          | 39       |
|    ep_rew_mean          | 2.09e+03 |
| time/                   |          |
|    fps                  | 283      |
|    iterations           | 398      |
|    time_elapsed         | 717      |
|    total_timesteps      | 203776   |
| train/                  |          |
|    approx_kl            | 0.0      |
|    clip_fraction        | 0        |
|    clip_range           | 0.2      |
|    entropy_loss         | -0.00143 |
|    explained_variance   | 0        |
|    learning_rate        | 0.0003   |
|    loss                 | 1.69e+05 |
|    n_updates            | 1985     |
|    policy_gradient_loss | 9.55e-10 |
|    value_loss           | 3.91e+05 |
--------------------------------------
---------------------------------------
| rollout/                |           |
|    ep_len_mean          | 38.6      |
|    ep_rew_mean          | 2.13e+03  |
| time/                   |           |
|    fps                  | 283       |
|    iterations           | 399       |
|    time_elapsed         | 719       |
|    total_timesteps      | 204288    |
| train/                  |           |
|    approx_kl            | 0.0       |
|    clip_fraction        | 0         |
|    clip_range           | 0.2       |
|    entropy_loss         | -0.00143  |
|    explained_variance   | 0         |
|    learning_rate        | 0.0003    |
|    loss                 | 2.59e+05  |
|    n_updates            | 1990      |
|    policy_gradient_loss | -3.03e-10 |
|    value_loss           | 4.22e+05  |
---------------------------------------
--------------------------------------
| rollout/                |          |
|    ep_len_mean          | 37.3     |
|    ep_rew_mean          | 2.03e+03 |
| time/                   |          |
|    fps                  | 283      |
|    iterations           | 400      |
|    time_elapsed         | 721      |
|    total_timesteps      | 204800   |
| train/                  |          |
|    approx_kl            | 0.0      |
|    clip_fraction        | 0        |
|    clip_range           | 0.2      |
|    entropy_loss         | -0.00143 |
|    explained_variance   | 0        |
|    learning_rate        | 0.0003   |
|    loss                 | 1.17e+05 |
|    n_updates            | 1995     |
|    policy_gradient_loss | 2.21e-09 |
|    value_loss           | 2.28e+05 |
--------------------------------------
--------------------------------------
| rollout/                |          |
|    ep_len_mean          | 36.1     |
|    ep_rew_mean          | 1.89e+03 |
| time/                   |          |
|    fps                  | 283      |
|    iterations           | 401      |
|    time_elapsed         | 723      |
|    total_timesteps      | 205312   |
| train/                  |          |
|    approx_kl            | 0.0      |
|    clip_fraction        | 0        |
|    clip_range           | 0.2      |
|    entropy_loss         | -0.00143 |
|    explained_variance   | 0        |
|    learning_rate        | 0.0003   |
|    loss                 | 1.04e+05 |
|    n_updates            | 2000     |
|    policy_gradient_loss | 4.89e-09 |
|    value_loss           | 2.33e+05 |
--------------------------------------
--------------------------------------
| rollout/                |          |
|    ep_len_mean          | 36.6     |
|    ep_rew_mean          | 1.9e+03  |
| time/                   |          |
|    fps                  | 283      |
|    iterations           | 402      |
|    time_elapsed         | 725      |
|    total_timesteps      | 205824   |
| train/                  |          |
|    approx_kl            | 0.0      |
|    clip_fraction        | 0        |
|    clip_range           | 0.2      |
|    entropy_loss         | -0.00142 |
|    explained_variance   | 5.96e-08 |
|    learning_rate        | 0.0003   |
|    loss                 | 2.16e+05 |
|    n_updates            | 2005     |
|    policy_gradient_loss | 2.96e-09 |
|    value_loss           | 4.58e+05 |
--------------------------------------
---------------------------------------
| rollout/                |           |
|    ep_len_mean          | 36.8      |
|    ep_rew_mean          | 1.75e+03  |
| time/                   |           |
|    fps                  | 283       |
|    iterations           | 403       |
|    time_elapsed         | 727       |
|    total_timesteps      | 206336    |
| train/                  |           |
|    approx_kl            | 0.0       |
|    clip_fraction        | 0         |
|    clip_range           | 0.2       |
|    entropy_loss         | -0.00141  |
|    explained_variance   | 0         |
|    learning_rate        | 0.0003    |
|    loss                 | 1.24e+05  |
|    n_updates            | 2010      |
|    policy_gradient_loss | -6.98e-10 |
|    value_loss           | 2.65e+05  |
---------------------------------------
---------------------------------------
| rollout/                |           |
|    ep_len_mean          | 36.5      |
|    ep_rew_mean          | 1.82e+03  |
| time/                   |           |
|    fps                  | 283       |
|    iterations           | 404       |
|    time_elapsed         | 728       |
|    total_timesteps      | 206848    |
| train/                  |           |
|    approx_kl            | 0.0       |
|    clip_fraction        | 0         |
|    clip_range           | 0.2       |
|    entropy_loss         | -0.00143  |
|    explained_variance   | 0         |
|    learning_rate        | 0.0003    |
|    loss                 | 2.94e+05  |
|    n_updates            | 2015      |
|    policy_gradient_loss | -1.82e-09 |
|    value_loss           | 6.01e+05  |
---------------------------------------
---------------------------------------
| rollout/                |           |
|    ep_len_mean          | 36.7      |
|    ep_rew_mean          | 1.76e+03  |
| time/                   |           |
|    fps                  | 283       |
|    iterations           | 405       |
|    time_elapsed         | 730       |
|    total_timesteps      | 207360    |
| train/                  |           |
|    approx_kl            | 0.0       |
|    clip_fraction        | 0         |
|    clip_range           | 0.2       |
|    entropy_loss         | -0.00147  |
|    explained_variance   | -1.19e-07 |
|    learning_rate        | 0.0003    |
|    loss                 | 2.22e+05  |
|    n_updates            | 2020      |
|    policy_gradient_loss | 1.57e-08  |
|    value_loss           | 3.83e+05  |
---------------------------------------
-------------------------------------------
| rollout/                |               |
|    ep_len_mean          | 36.3          |
|    ep_rew_mean          | 1.73e+03      |
| time/                   |               |
|    fps                  | 283           |
|    iterations           | 406           |
|    time_elapsed         | 732           |
|    total_timesteps      | 207872        |
| train/                  |               |
|    approx_kl            | 1.0763761e-06 |
|    clip_fraction        | 0             |
|    clip_range           | 0.2           |
|    entropy_loss         | -0.00145      |
|    explained_variance   | 0             |
|    learning_rate        | 0.0003        |
|    loss                 | 1.68e+05      |
|    n_updates            | 2025          |
|    policy_gradient_loss | -3.99e-05     |
|    value_loss           | 3.11e+05      |
-------------------------------------------
---------------------------------------
| rollout/                |           |
|    ep_len_mean          | 36.8      |
|    ep_rew_mean          | 1.79e+03  |
| time/                   |           |
|    fps                  | 283       |
|    iterations           | 407       |
|    time_elapsed         | 734       |
|    total_timesteps      | 208384    |
| train/                  |           |
|    approx_kl            | 0.0       |
|    clip_fraction        | 0         |
|    clip_range           | 0.2       |
|    entropy_loss         | -0.00135  |
|    explained_variance   | 1.19e-07  |
|    learning_rate        | 0.0003    |
|    loss                 | 1.37e+05  |
|    n_updates            | 2030      |
|    policy_gradient_loss | -1.51e-09 |
|    value_loss           | 2.6e+05   |
---------------------------------------
--------------------------------------
| rollout/                |          |
|    ep_len_mean          | 36.1     |
|    ep_rew_mean          | 1.83e+03 |
| time/                   |          |
|    fps                  | 283      |
|    iterations           | 408      |
|    time_elapsed         | 735      |
|    total_timesteps      | 208896   |
| train/                  |          |
|    approx_kl            | 0.0      |
|    clip_fraction        | 0        |
|    clip_range           | 0.2      |
|    entropy_loss         | -0.00137 |
|    explained_variance   | 0        |
|    learning_rate        | 0.0003   |
|    loss                 | 1.6e+05  |
|    n_updates            | 2035     |
|    policy_gradient_loss | 3.82e-09 |
|    value_loss           | 3.69e+05 |
--------------------------------------
-------------------------------------------
| rollout/                |               |
|    ep_len_mean          | 35.2          |
|    ep_rew_mean          | 1.92e+03      |
| time/                   |               |
|    fps                  | 283           |
|    iterations           | 409           |
|    time_elapsed         | 737           |
|    total_timesteps      | 209408        |
| train/                  |               |
|    approx_kl            | 1.6292324e-06 |
|    clip_fraction        | 0             |
|    clip_range           | 0.2           |
|    entropy_loss         | -0.00133      |
|    explained_variance   | -1.19e-07     |
|    learning_rate        | 0.0003        |
|    loss                 | 2.05e+05      |
|    n_updates            | 2040          |
|    policy_gradient_loss | -7.59e-05     |
|    value_loss           | 3.91e+05      |
-------------------------------------------
---------------------------------------
| rollout/                |           |
|    ep_len_mean          | 34.7      |
|    ep_rew_mean          | 1.87e+03  |
| time/                   |           |
|    fps                  | 283       |
|    iterations           | 410       |
|    time_elapsed         | 739       |
|    total_timesteps      | 209920    |
| train/                  |           |
|    approx_kl            | 0.0       |
|    clip_fraction        | 0         |
|    clip_range           | 0.2       |
|    entropy_loss         | -0.00129  |
|    explained_variance   | 0         |
|    learning_rate        | 0.0003    |
|    loss                 | 1.59e+05  |
|    n_updates            | 2045      |
|    policy_gradient_loss | -1.53e-08 |
|    value_loss           | 3.33e+05  |
---------------------------------------
-------------------------------------------
| rollout/                |               |
|    ep_len_mean          | 35.8          |
|    ep_rew_mean          | 1.89e+03      |
| time/                   |               |
|    fps                  | 283           |
|    iterations           | 411           |
|    time_elapsed         | 741           |
|    total_timesteps      | 210432        |
| train/                  |               |
|    approx_kl            | 2.5373884e-06 |
|    clip_fraction        | 0             |
|    clip_range           | 0.2           |
|    entropy_loss         | -0.00127      |
|    explained_variance   | 0             |
|    learning_rate        | 0.0003        |
|    loss                 | 1.91e+05      |
|    n_updates            | 2050          |
|    policy_gradient_loss | -6.83e-05     |
|    value_loss           | 3.07e+05      |
-------------------------------------------
---------------------------------------
| rollout/                |           |
|    ep_len_mean          | 35.2      |
|    ep_rew_mean          | 1.95e+03  |
| time/                   |           |
|    fps                  | 283       |
|    iterations           | 412       |
|    time_elapsed         | 743       |
|    total_timesteps      | 210944    |
| train/                  |           |
|    approx_kl            | 0.0       |
|    clip_fraction        | 0         |
|    clip_range           | 0.2       |
|    entropy_loss         | -0.00119  |
|    explained_variance   | -1.19e-07 |
|    learning_rate        | 0.0003    |
|    loss                 | 1.44e+05  |
|    n_updates            | 2055      |
|    policy_gradient_loss | -2.46e-08 |
|    value_loss           | 2.57e+05  |
---------------------------------------
---------------------------------------
| rollout/                |           |
|    ep_len_mean          | 36.6      |
|    ep_rew_mean          | 1.99e+03  |
| time/                   |           |
|    fps                  | 283       |
|    iterations           | 413       |
|    time_elapsed         | 744       |
|    total_timesteps      | 211456    |
| train/                  |           |
|    approx_kl            | 0.0       |
|    clip_fraction        | 0         |
|    clip_range           | 0.2       |
|    entropy_loss         | -0.0012   |
|    explained_variance   | 0         |
|    learning_rate        | 0.0003    |
|    loss                 | 1.97e+05  |
|    n_updates            | 2060      |
|    policy_gradient_loss | -8.01e-09 |
|    value_loss           | 3.99e+05  |
---------------------------------------
---------------------------------------
| rollout/                |           |
|    ep_len_mean          | 37.4      |
|    ep_rew_mean          | 2.01e+03  |
| time/                   |           |
|    fps                  | 283       |
|    iterations           | 414       |
|    time_elapsed         | 746       |
|    total_timesteps      | 211968    |
| train/                  |           |
|    approx_kl            | 0.0       |
|    clip_fraction        | 0         |
|    clip_range           | 0.2       |
|    entropy_loss         | -0.00125  |
|    explained_variance   | 1.19e-07  |
|    learning_rate        | 0.0003    |
|    loss                 | 2.52e+05  |
|    n_updates            | 2065      |
|    policy_gradient_loss | -1.19e-09 |
|    value_loss           | 4.67e+05  |
---------------------------------------
--------------------------------------
| rollout/                |          |
|    ep_len_mean          | 36.9     |
|    ep_rew_mean          | 2e+03    |
| time/                   |          |
|    fps                  | 283      |
|    iterations           | 415      |
|    time_elapsed         | 748      |
|    total_timesteps      | 212480   |
| train/                  |          |
|    approx_kl            | 0.0      |
|    clip_fraction        | 0        |
|    clip_range           | 0.2      |
|    entropy_loss         | -0.0012  |
|    explained_variance   | 0        |
|    learning_rate        | 0.0003   |
|    loss                 | 1.26e+05 |
|    n_updates            | 2070     |
|    policy_gradient_loss | 1.04e-08 |
|    value_loss           | 3.47e+05 |
--------------------------------------
---------------------------------------
| rollout/                |           |
|    ep_len_mean          | 38.6      |
|    ep_rew_mean          | 2.03e+03  |
| time/                   |           |
|    fps                  | 283       |
|    iterations           | 416       |
|    time_elapsed         | 750       |
|    total_timesteps      | 212992    |
| train/                  |           |
|    approx_kl            | 0.0       |
|    clip_fraction        | 0         |
|    clip_range           | 0.2       |
|    entropy_loss         | -0.00122  |
|    explained_variance   | -2.38e-07 |
|    learning_rate        | 0.0003    |
|    loss                 | 1.55e+05  |
|    n_updates            | 2075      |
|    policy_gradient_loss | -1.61e-08 |
|    value_loss           | 3.67e+05  |
---------------------------------------
---------------------------------------
| rollout/                |           |
|    ep_len_mean          | 39.1      |
|    ep_rew_mean          | 2.05e+03  |
| time/                   |           |
|    fps                  | 283       |
|    iterations           | 417       |
|    time_elapsed         | 752       |
|    total_timesteps      | 213504    |
| train/                  |           |
|    approx_kl            | 0.0       |
|    clip_fraction        | 0         |
|    clip_range           | 0.2       |
|    entropy_loss         | -0.0012   |
|    explained_variance   | 0         |
|    learning_rate        | 0.0003    |
|    loss                 | 1.33e+05  |
|    n_updates            | 2080      |
|    policy_gradient_loss | -1.77e-09 |
|    value_loss           | 2.48e+05  |
---------------------------------------
---------------------------------------
| rollout/                |           |
|    ep_len_mean          | 40.1      |
|    ep_rew_mean          | 2.16e+03  |
| time/                   |           |
|    fps                  | 283       |
|    iterations           | 418       |
|    time_elapsed         | 753       |
|    total_timesteps      | 214016    |
| train/                  |           |
|    approx_kl            | 0.0       |
|    clip_fraction        | 0         |
|    clip_range           | 0.2       |
|    entropy_loss         | -0.00121  |
|    explained_variance   | 0         |
|    learning_rate        | 0.0003    |
|    loss                 | 1.35e+05  |
|    n_updates            | 2085      |
|    policy_gradient_loss | -8.43e-09 |
|    value_loss           | 2.67e+05  |
---------------------------------------
---------------------------------------
| rollout/                |           |
|    ep_len_mean          | 41.2      |
|    ep_rew_mean          | 2.22e+03  |
| time/                   |           |
|    fps                  | 283       |
|    iterations           | 419       |
|    time_elapsed         | 755       |
|    total_timesteps      | 214528    |
| train/                  |           |
|    approx_kl            | 0.0       |
|    clip_fraction        | 0         |
|    clip_range           | 0.2       |
|    entropy_loss         | -0.0012   |
|    explained_variance   | -1.19e-07 |
|    learning_rate        | 0.0003    |
|    loss                 | 2.11e+05  |
|    n_updates            | 2090      |
|    policy_gradient_loss | 2.73e-08  |
|    value_loss           | 3.35e+05  |
---------------------------------------
--------------------------------------
| rollout/                |          |
|    ep_len_mean          | 40.8     |
|    ep_rew_mean          | 2.22e+03 |
| time/                   |          |
|    fps                  | 283      |
|    iterations           | 420      |
|    time_elapsed         | 757      |
|    total_timesteps      | 215040   |
| train/                  |          |
|    approx_kl            | 0.0      |
|    clip_fraction        | 0        |
|    clip_range           | 0.2      |
|    entropy_loss         | -0.00119 |
|    explained_variance   | 0        |
|    learning_rate        | 0.0003   |
|    loss                 | 1.44e+05 |
|    n_updates            | 2095     |
|    policy_gradient_loss | -8.1e-09 |
|    value_loss           | 2.93e+05 |
--------------------------------------
--------------------------------------
| rollout/                |          |
|    ep_len_mean          | 40.5     |
|    ep_rew_mean          | 2.26e+03 |
| time/                   |          |
|    fps                  | 283      |
|    iterations           | 421      |
|    time_elapsed         | 759      |
|    total_timesteps      | 215552   |
| train/                  |          |
|    approx_kl            | 0.0      |
|    clip_fraction        | 0        |
|    clip_range           | 0.2      |
|    entropy_loss         | -0.00121 |
|    explained_variance   | 5.96e-08 |
|    learning_rate        | 0.0003   |
|    loss                 | 3.83e+05 |
|    n_updates            | 2100     |
|    policy_gradient_loss | 7.47e-09 |
|    value_loss           | 5.44e+05 |
--------------------------------------
---------------------------------------
| rollout/                |           |
|    ep_len_mean          | 40.4      |
|    ep_rew_mean          | 2.29e+03  |
| time/                   |           |
|    fps                  | 283       |
|    iterations           | 422       |
|    time_elapsed         | 760       |
|    total_timesteps      | 216064    |
| train/                  |           |
|    approx_kl            | 0.0       |
|    clip_fraction        | 0         |
|    clip_range           | 0.2       |
|    entropy_loss         | -0.00119  |
|    explained_variance   | 0         |
|    learning_rate        | 0.0003    |
|    loss                 | 1.51e+05  |
|    n_updates            | 2105      |
|    policy_gradient_loss | -1.26e-08 |
|    value_loss           | 2.69e+05  |
---------------------------------------
--------------------------------------
| rollout/                |          |
|    ep_len_mean          | 39.1     |
|    ep_rew_mean          | 2.11e+03 |
| time/                   |          |
|    fps                  | 283      |
|    iterations           | 423      |
|    time_elapsed         | 762      |
|    total_timesteps      | 216576   |
| train/                  |          |
|    approx_kl            | 0.0      |
|    clip_fraction        | 0        |
|    clip_range           | 0.2      |
|    entropy_loss         | -0.00121 |
|    explained_variance   | 0        |
|    learning_rate        | 0.0003   |
|    loss                 | 5.33e+05 |
|    n_updates            | 2110     |
|    policy_gradient_loss | 4.75e-09 |
|    value_loss           | 8.84e+05 |
--------------------------------------
--------------------------------------
| rollout/                |          |
|    ep_len_mean          | 38.3     |
|    ep_rew_mean          | 2.12e+03 |
| time/                   |          |
|    fps                  | 283      |
|    iterations           | 424      |
|    time_elapsed         | 764      |
|    total_timesteps      | 217088   |
| train/                  |          |
|    approx_kl            | 0.0      |
|    clip_fraction        | 0        |
|    clip_range           | 0.2      |
|    entropy_loss         | -0.0012  |
|    explained_variance   | 0        |
|    learning_rate        | 0.0003   |
|    loss                 | 1.4e+05  |
|    n_updates            | 2115     |
|    policy_gradient_loss | 6.43e-09 |
|    value_loss           | 3.28e+05 |
--------------------------------------
---------------------------------------
| rollout/                |           |
|    ep_len_mean          | 39.1      |
|    ep_rew_mean          | 2.18e+03  |
| time/                   |           |
|    fps                  | 284       |
|    iterations           | 425       |
|    time_elapsed         | 766       |
|    total_timesteps      | 217600    |
| train/                  |           |
|    approx_kl            | 0.0       |
|    clip_fraction        | 0         |
|    clip_range           | 0.2       |
|    entropy_loss         | -0.00121  |
|    explained_variance   | 0         |
|    learning_rate        | 0.0003    |
|    loss                 | 2.1e+05   |
|    n_updates            | 2120      |
|    policy_gradient_loss | -9.17e-09 |
|    value_loss           | 3.95e+05  |
---------------------------------------
---------------------------------------
| rollout/                |           |
|    ep_len_mean          | 40.1      |
|    ep_rew_mean          | 2.29e+03  |
| time/                   |           |
|    fps                  | 284       |
|    iterations           | 426       |
|    time_elapsed         | 767       |
|    total_timesteps      | 218112    |
| train/                  |           |
|    approx_kl            | 0.0       |
|    clip_fraction        | 0         |
|    clip_range           | 0.2       |
|    entropy_loss         | -0.00121  |
|    explained_variance   | -1.19e-07 |
|    learning_rate        | 0.0003    |
|    loss                 | 2.97e+05  |
|    n_updates            | 2125      |
|    policy_gradient_loss | -1.73e-08 |
|    value_loss           | 4.99e+05  |
---------------------------------------
--------------------------------------
| rollout/                |          |
|    ep_len_mean          | 39.2     |
|    ep_rew_mean          | 2.22e+03 |
| time/                   |          |
|    fps                  | 284      |
|    iterations           | 427      |
|    time_elapsed         | 769      |
|    total_timesteps      | 218624   |
| train/                  |          |
|    approx_kl            | 0.0      |
|    clip_fraction        | 0        |
|    clip_range           | 0.2      |
|    entropy_loss         | -0.00121 |
|    explained_variance   | 0        |
|    learning_rate        | 0.0003   |
|    loss                 | 2.04e+05 |
|    n_updates            | 2130     |
|    policy_gradient_loss | 4.33e-09 |
|    value_loss           | 4.69e+05 |
--------------------------------------
--------------------------------------
| rollout/                |          |
|    ep_len_mean          | 39.2     |
|    ep_rew_mean          | 2.19e+03 |
| time/                   |          |
|    fps                  | 284      |
|    iterations           | 428      |
|    time_elapsed         | 771      |
|    total_timesteps      | 219136   |
| train/                  |          |
|    approx_kl            | 0.0      |
|    clip_fraction        | 0        |
|    clip_range           | 0.2      |
|    entropy_loss         | -0.0012  |
|    explained_variance   | 0        |
|    learning_rate        | 0.0003   |
|    loss                 | 9.87e+04 |
|    n_updates            | 2135     |
|    policy_gradient_loss | 4.24e-09 |
|    value_loss           | 2.2e+05  |
--------------------------------------
-------------------------------------------
| rollout/                |               |
|    ep_len_mean          | 38.4          |
|    ep_rew_mean          | 1.95e+03      |
| time/                   |               |
|    fps                  | 284           |
|    iterations           | 429           |
|    time_elapsed         | 772           |
|    total_timesteps      | 219648        |
| train/                  |               |
|    approx_kl            | 2.1841843e-06 |
|    clip_fraction        | 0             |
|    clip_range           | 0.2           |
|    entropy_loss         | -0.00118      |
|    explained_variance   | 0             |
|    learning_rate        | 0.0003        |
|    loss                 | 1.67e+05      |
|    n_updates            | 2140          |
|    policy_gradient_loss | -0.00011      |
|    value_loss           | 3.22e+05      |
-------------------------------------------
--------------------------------------
| rollout/                |          |
|    ep_len_mean          | 39       |
|    ep_rew_mean          | 2.03e+03 |
| time/                   |          |
|    fps                  | 284      |
|    iterations           | 430      |
|    time_elapsed         | 774      |
|    total_timesteps      | 220160   |
| train/                  |          |
|    approx_kl            | 0.0      |
|    clip_fraction        | 0        |
|    clip_range           | 0.2      |
|    entropy_loss         | -0.00113 |
|    explained_variance   | 5.96e-08 |
|    learning_rate        | 0.0003   |
|    loss                 | 2.19e+05 |
|    n_updates            | 2145     |
|    policy_gradient_loss | 1.19e-08 |
|    value_loss           | 4.2e+05  |
--------------------------------------
--------------------------------------
| rollout/                |          |
|    ep_len_mean          | 40.9     |
|    ep_rew_mean          | 2.27e+03 |
| time/                   |          |
|    fps                  | 284      |
|    iterations           | 431      |
|    time_elapsed         | 776      |
|    total_timesteps      | 220672   |
| train/                  |          |
|    approx_kl            | 0.0      |
|    clip_fraction        | 0        |
|    clip_range           | 0.2      |
|    entropy_loss         | -0.00115 |
|    explained_variance   | 0        |
|    learning_rate        | 0.0003   |
|    loss                 | 2.83e+05 |
|    n_updates            | 2150     |
|    policy_gradient_loss | -1.4e-10 |
|    value_loss           | 6.57e+05 |
--------------------------------------
--------------------------------------
| rollout/                |          |
|    ep_len_mean          | 40.9     |
|    ep_rew_mean          | 2.28e+03 |
| time/                   |          |
|    fps                  | 284      |
|    iterations           | 432      |
|    time_elapsed         | 778      |
|    total_timesteps      | 221184   |
| train/                  |          |
|    approx_kl            | 0.0      |
|    clip_fraction        | 0        |
|    clip_range           | 0.2      |
|    entropy_loss         | -0.00113 |
|    explained_variance   | 5.96e-08 |
|    learning_rate        | 0.0003   |
|    loss                 | 2.7e+05  |
|    n_updates            | 2155     |
|    policy_gradient_loss | 7.08e-09 |
|    value_loss           | 4.61e+05 |
--------------------------------------
--------------------------------------
| rollout/                |          |
|    ep_len_mean          | 39.7     |
|    ep_rew_mean          | 2.07e+03 |
| time/                   |          |
|    fps                  | 284      |
|    iterations           | 433      |
|    time_elapsed         | 779      |
|    total_timesteps      | 221696   |
| train/                  |          |
|    approx_kl            | 0.0      |
|    clip_fraction        | 0        |
|    clip_range           | 0.2      |
|    entropy_loss         | -0.00113 |
|    explained_variance   | 0        |
|    learning_rate        | 0.0003   |
|    loss                 | 2.09e+05 |
|    n_updates            | 2160     |
|    policy_gradient_loss | 8.57e-09 |
|    value_loss           | 4.37e+05 |
--------------------------------------
--------------------------------------
| rollout/                |          |
|    ep_len_mean          | 38.8     |
|    ep_rew_mean          | 2.01e+03 |
| time/                   |          |
|    fps                  | 284      |
|    iterations           | 434      |
|    time_elapsed         | 781      |
|    total_timesteps      | 222208   |
| train/                  |          |
|    approx_kl            | 0.0      |
|    clip_fraction        | 0        |
|    clip_range           | 0.2      |
|    entropy_loss         | -0.00115 |
|    explained_variance   | 1.79e-07 |
|    learning_rate        | 0.0003   |
|    loss                 | 1.56e+05 |
|    n_updates            | 2165     |
|    policy_gradient_loss | 1.49e-09 |
|    value_loss           | 4.44e+05 |
--------------------------------------
--------------------------------------
| rollout/                |          |
|    ep_len_mean          | 39.5     |
|    ep_rew_mean          | 2.06e+03 |
| time/                   |          |
|    fps                  | 284      |
|    iterations           | 435      |
|    time_elapsed         | 783      |
|    total_timesteps      | 222720   |
| train/                  |          |
|    approx_kl            | 0.0      |
|    clip_fraction        | 0        |
|    clip_range           | 0.2      |
|    entropy_loss         | -0.00113 |
|    explained_variance   | 0        |
|    learning_rate        | 0.0003   |
|    loss                 | 1.24e+05 |
|    n_updates            | 2170     |
|    policy_gradient_loss | 2.42e-09 |
|    value_loss           | 2.61e+05 |
--------------------------------------
--------------------------------------
| rollout/                |          |
|    ep_len_mean          | 39.4     |
|    ep_rew_mean          | 2.05e+03 |
| time/                   |          |
|    fps                  | 284      |
|    iterations           | 436      |
|    time_elapsed         | 785      |
|    total_timesteps      | 223232   |
| train/                  |          |
|    approx_kl            | 0.0      |
|    clip_fraction        | 0        |
|    clip_range           | 0.2      |
|    entropy_loss         | -0.00115 |
|    explained_variance   | 0        |
|    learning_rate        | 0.0003   |
|    loss                 | 1.25e+05 |
|    n_updates            | 2175     |
|    policy_gradient_loss | 3.33e-09 |
|    value_loss           | 2.51e+05 |
--------------------------------------
---------------------------------------
| rollout/                |           |
|    ep_len_mean          | 39.4      |
|    ep_rew_mean          | 2.13e+03  |
| time/                   |           |
|    fps                  | 284       |
|    iterations           | 437       |
|    time_elapsed         | 786       |
|    total_timesteps      | 223744    |
| train/                  |           |
|    approx_kl            | 0.0       |
|    clip_fraction        | 0         |
|    clip_range           | 0.2       |
|    entropy_loss         | -0.00113  |
|    explained_variance   | 5.96e-08  |
|    learning_rate        | 0.0003    |
|    loss                 | 1.72e+05  |
|    n_updates            | 2180      |
|    policy_gradient_loss | -1.26e-08 |
|    value_loss           | 3.1e+05   |
---------------------------------------
--------------------------------------
| rollout/                |          |
|    ep_len_mean          | 38.7     |
|    ep_rew_mean          | 2.02e+03 |
| time/                   |          |
|    fps                  | 284      |
|    iterations           | 438      |
|    time_elapsed         | 788      |
|    total_timesteps      | 224256   |
| train/                  |          |
|    approx_kl            | 0.0      |
|    clip_fraction        | 0        |
|    clip_range           | 0.2      |
|    entropy_loss         | -0.00114 |
|    explained_variance   | 0        |
|    learning_rate        | 0.0003   |
|    loss                 | 2e+05    |
|    n_updates            | 2185     |
|    policy_gradient_loss | 2.77e-09 |
|    value_loss           | 4.4e+05  |
--------------------------------------
-------------------------------------------
| rollout/                |               |
|    ep_len_mean          | 38.1          |
|    ep_rew_mean          | 1.92e+03      |
| time/                   |               |
|    fps                  | 284           |
|    iterations           | 439           |
|    time_elapsed         | 790           |
|    total_timesteps      | 224768        |
| train/                  |               |
|    approx_kl            | 3.0629337e-05 |
|    clip_fraction        | 0             |
|    clip_range           | 0.2           |
|    entropy_loss         | -0.00108      |
|    explained_variance   | 0             |
|    learning_rate        | 0.0003        |
|    loss                 | 1.18e+05      |
|    n_updates            | 2190          |
|    policy_gradient_loss | -0.00054      |
|    value_loss           | 2.44e+05      |
-------------------------------------------
------------------------------------------
| rollout/                |              |
|    ep_len_mean          | 37           |
|    ep_rew_mean          | 1.9e+03      |
| time/                   |              |
|    fps                  | 284          |
|    iterations           | 440          |
|    time_elapsed         | 792          |
|    total_timesteps      | 225280       |
| train/                  |              |
|    approx_kl            | 7.831142e-06 |
|    clip_fraction        | 0            |
|    clip_range           | 0.2          |
|    entropy_loss         | -0.000969    |
|    explained_variance   | 0            |
|    learning_rate        | 0.0003       |
|    loss                 | 1.04e+05     |
|    n_updates            | 2195         |
|    policy_gradient_loss | -0.000175    |
|    value_loss           | 2.14e+05     |
------------------------------------------
---------------------------------------
| rollout/                |           |
|    ep_len_mean          | 37.1      |
|    ep_rew_mean          | 1.9e+03   |
| time/                   |           |
|    fps                  | 284       |
|    iterations           | 441       |
|    time_elapsed         | 794       |
|    total_timesteps      | 225792    |
| train/                  |           |
|    approx_kl            | 0.0       |
|    clip_fraction        | 0         |
|    clip_range           | 0.2       |
|    entropy_loss         | -0.000898 |
|    explained_variance   | 0         |
|    learning_rate        | 0.0003    |
|    loss                 | 1.04e+05  |
|    n_updates            | 2200      |
|    policy_gradient_loss | -4.59e-08 |
|    value_loss           | 2.2e+05   |
---------------------------------------
---------------------------------------
| rollout/                |           |
|    ep_len_mean          | 38        |
|    ep_rew_mean          | 1.97e+03  |
| time/                   |           |
|    fps                  | 284       |
|    iterations           | 442       |
|    time_elapsed         | 795       |
|    total_timesteps      | 226304    |
| train/                  |           |
|    approx_kl            | 0.0       |
|    clip_fraction        | 0         |
|    clip_range           | 0.2       |
|    entropy_loss         | -0.000909 |
|    explained_variance   | -2.38e-07 |
|    learning_rate        | 0.0003    |
|    loss                 | 1.74e+05  |
|    n_updates            | 2205      |
|    policy_gradient_loss | -2.12e-09 |
|    value_loss           | 3.39e+05  |
---------------------------------------
---------------------------------------
| rollout/                |           |
|    ep_len_mean          | 37.6      |
|    ep_rew_mean          | 1.93e+03  |
| time/                   |           |
|    fps                  | 284       |
|    iterations           | 443       |
|    time_elapsed         | 797       |
|    total_timesteps      | 226816    |
| train/                  |           |
|    approx_kl            | 0.0       |
|    clip_fraction        | 0         |
|    clip_range           | 0.2       |
|    entropy_loss         | -0.00092  |
|    explained_variance   | 0         |
|    learning_rate        | 0.0003    |
|    loss                 | 1.83e+05  |
|    n_updates            | 2210      |
|    policy_gradient_loss | -1.23e-09 |
|    value_loss           | 3.38e+05  |
---------------------------------------
---------------------------------------
| rollout/                |           |
|    ep_len_mean          | 38.4      |
|    ep_rew_mean          | 1.96e+03  |
| time/                   |           |
|    fps                  | 284       |
|    iterations           | 444       |
|    time_elapsed         | 799       |
|    total_timesteps      | 227328    |
| train/                  |           |
|    approx_kl            | 0.0       |
|    clip_fraction        | 0         |
|    clip_range           | 0.2       |
|    entropy_loss         | -0.000898 |
|    explained_variance   | 5.96e-08  |
|    learning_rate        | 0.0003    |
|    loss                 | 1.36e+05  |
|    n_updates            | 2215      |
|    policy_gradient_loss | -6.05e-10 |
|    value_loss           | 2.57e+05  |
---------------------------------------
---------------------------------------
| rollout/                |           |
|    ep_len_mean          | 38.1      |
|    ep_rew_mean          | 1.91e+03  |
| time/                   |           |
|    fps                  | 284       |
|    iterations           | 445       |
|    time_elapsed         | 801       |
|    total_timesteps      | 227840    |
| train/                  |           |
|    approx_kl            | 0.0       |
|    clip_fraction        | 0         |
|    clip_range           | 0.2       |
|    entropy_loss         | -0.000901 |
|    explained_variance   | 0         |
|    learning_rate        | 0.0003    |
|    loss                 | 2.23e+05  |
|    n_updates            | 2220      |
|    policy_gradient_loss | 4.17e-09  |
|    value_loss           | 4.06e+05  |
---------------------------------------
---------------------------------------
| rollout/                |           |
|    ep_len_mean          | 38.9      |
|    ep_rew_mean          | 1.94e+03  |
| time/                   |           |
|    fps                  | 284       |
|    iterations           | 446       |
|    time_elapsed         | 802       |
|    total_timesteps      | 228352    |
| train/                  |           |
|    approx_kl            | 0.0       |
|    clip_fraction        | 0         |
|    clip_range           | 0.2       |
|    entropy_loss         | -0.000902 |
|    explained_variance   | 0         |
|    learning_rate        | 0.0003    |
|    loss                 | 2.28e+05  |
|    n_updates            | 2225      |
|    policy_gradient_loss | 1.21e-09  |
|    value_loss           | 4.17e+05  |
---------------------------------------
---------------------------------------
| rollout/                |           |
|    ep_len_mean          | 40.1      |
|    ep_rew_mean          | 2.03e+03  |
| time/                   |           |
|    fps                  | 284       |
|    iterations           | 447       |
|    time_elapsed         | 804       |
|    total_timesteps      | 228864    |
| train/                  |           |
|    approx_kl            | 0.0       |
|    clip_fraction        | 0         |
|    clip_range           | 0.2       |
|    entropy_loss         | -0.000903 |
|    explained_variance   | 1.19e-07  |
|    learning_rate        | 0.0003    |
|    loss                 | 2.03e+05  |
|    n_updates            | 2230      |
|    policy_gradient_loss | -5.26e-09 |
|    value_loss           | 3.87e+05  |
---------------------------------------
--------------------------------------
| rollout/                |          |
|    ep_len_mean          | 39.9     |
|    ep_rew_mean          | 1.96e+03 |
| time/                   |          |
|    fps                  | 284      |
|    iterations           | 448      |
|    time_elapsed         | 806      |
|    total_timesteps      | 229376   |
| train/                  |          |
|    approx_kl            | 0.0      |
|    clip_fraction        | 0        |
|    clip_range           | 0.2      |
|    entropy_loss         | -0.0009  |
|    explained_variance   | 0        |
|    learning_rate        | 0.0003   |
|    loss                 | 1.13e+05 |
|    n_updates            | 2235     |
|    policy_gradient_loss | 8.85e-10 |
|    value_loss           | 2.4e+05  |
--------------------------------------
---------------------------------------
| rollout/                |           |
|    ep_len_mean          | 40        |
|    ep_rew_mean          | 1.83e+03  |
| time/                   |           |
|    fps                  | 284       |
|    iterations           | 449       |
|    time_elapsed         | 808       |
|    total_timesteps      | 229888    |
| train/                  |           |
|    approx_kl            | 0.0       |
|    clip_fraction        | 0         |
|    clip_range           | 0.2       |
|    entropy_loss         | -0.000909 |
|    explained_variance   | 0         |
|    learning_rate        | 0.0003    |
|    loss                 | 3.72e+05  |
|    n_updates            | 2240      |
|    policy_gradient_loss | 2.49e-09  |
|    value_loss           | 7.64e+05  |
---------------------------------------
---------------------------------------
| rollout/                |           |
|    ep_len_mean          | 37.6      |
|    ep_rew_mean          | 1.76e+03  |
| time/                   |           |
|    fps                  | 284       |
|    iterations           | 450       |
|    time_elapsed         | 809       |
|    total_timesteps      | 230400    |
| train/                  |           |
|    approx_kl            | 0.0       |
|    clip_fraction        | 0         |
|    clip_range           | 0.2       |
|    entropy_loss         | -0.000924 |
|    explained_variance   | 0         |
|    learning_rate        | 0.0003    |
|    loss                 | 1.93e+05  |
|    n_updates            | 2245      |
|    policy_gradient_loss | -6.52e-09 |
|    value_loss           | 3.11e+05  |
---------------------------------------
---------------------------------------
| rollout/                |           |
|    ep_len_mean          | 36.5      |
|    ep_rew_mean          | 1.7e+03   |
| time/                   |           |
|    fps                  | 284       |
|    iterations           | 451       |
|    time_elapsed         | 811       |
|    total_timesteps      | 230912    |
| train/                  |           |
|    approx_kl            | 0.0       |
|    clip_fraction        | 0         |
|    clip_range           | 0.2       |
|    entropy_loss         | -0.000909 |
|    explained_variance   | 0         |
|    learning_rate        | 0.0003    |
|    loss                 | 1.42e+05  |
|    n_updates            | 2250      |
|    policy_gradient_loss | 2.17e-09  |
|    value_loss           | 2.72e+05  |
---------------------------------------
---------------------------------------
| rollout/                |           |
|    ep_len_mean          | 37.5      |
|    ep_rew_mean          | 1.77e+03  |
| time/                   |           |
|    fps                  | 284       |
|    iterations           | 452       |
|    time_elapsed         | 813       |
|    total_timesteps      | 231424    |
| train/                  |           |
|    approx_kl            | 0.0       |
|    clip_fraction        | 0         |
|    clip_range           | 0.2       |
|    entropy_loss         | -0.000905 |
|    explained_variance   | 0         |
|    learning_rate        | 0.0003    |
|    loss                 | 2.14e+05  |
|    n_updates            | 2255      |
|    policy_gradient_loss | -4.26e-09 |
|    value_loss           | 3.35e+05  |
---------------------------------------
---------------------------------------
| rollout/                |           |
|    ep_len_mean          | 36        |
|    ep_rew_mean          | 1.82e+03  |
| time/                   |           |
|    fps                  | 284       |
|    iterations           | 453       |
|    time_elapsed         | 815       |
|    total_timesteps      | 231936    |
| train/                  |           |
|    approx_kl            | 0.0       |
|    clip_fraction        | 0         |
|    clip_range           | 0.2       |
|    entropy_loss         | -0.000901 |
|    explained_variance   | -1.19e-07 |
|    learning_rate        | 0.0003    |
|    loss                 | 1.72e+05  |
|    n_updates            | 2260      |
|    policy_gradient_loss | 7.05e-09  |
|    value_loss           | 3.01e+05  |
---------------------------------------
---------------------------------------
| rollout/                |           |
|    ep_len_mean          | 35.4      |
|    ep_rew_mean          | 1.67e+03  |
| time/                   |           |
|    fps                  | 284       |
|    iterations           | 454       |
|    time_elapsed         | 816       |
|    total_timesteps      | 232448    |
| train/                  |           |
|    approx_kl            | 0.0       |
|    clip_fraction        | 0         |
|    clip_range           | 0.2       |
|    entropy_loss         | -0.000905 |
|    explained_variance   | 0         |
|    learning_rate        | 0.0003    |
|    loss                 | 1.09e+05  |
|    n_updates            | 2265      |
|    policy_gradient_loss | -1.56e-09 |
|    value_loss           | 2.26e+05  |
---------------------------------------
---------------------------------------
| rollout/                |           |
|    ep_len_mean          | 37.4      |
|    ep_rew_mean          | 1.7e+03   |
| time/                   |           |
|    fps                  | 284       |
|    iterations           | 455       |
|    time_elapsed         | 818       |
|    total_timesteps      | 232960    |
| train/                  |           |
|    approx_kl            | 0.0       |
|    clip_fraction        | 0         |
|    clip_range           | 0.2       |
|    entropy_loss         | -0.000922 |
|    explained_variance   | 5.96e-08  |
|    learning_rate        | 0.0003    |
|    loss                 | 2.13e+05  |
|    n_updates            | 2270      |
|    policy_gradient_loss | -3.91e-09 |
|    value_loss           | 4.43e+05  |
---------------------------------------
---------------------------------------
| rollout/                |           |
|    ep_len_mean          | 37.6      |
|    ep_rew_mean          | 1.9e+03   |
| time/                   |           |
|    fps                  | 284       |
|    iterations           | 456       |
|    time_elapsed         | 820       |
|    total_timesteps      | 233472    |
| train/                  |           |
|    approx_kl            | 0.0       |
|    clip_fraction        | 0         |
|    clip_range           | 0.2       |
|    entropy_loss         | -0.000907 |
|    explained_variance   | -1.19e-07 |
|    learning_rate        | 0.0003    |
|    loss                 | 1.7e+05   |
|    n_updates            | 2275      |
|    policy_gradient_loss | -3.26e-09 |
|    value_loss           | 4.52e+05  |
---------------------------------------
---------------------------------------
| rollout/                |           |
|    ep_len_mean          | 37.4      |
|    ep_rew_mean          | 1.88e+03  |
| time/                   |           |
|    fps                  | 284       |
|    iterations           | 457       |
|    time_elapsed         | 822       |
|    total_timesteps      | 233984    |
| train/                  |           |
|    approx_kl            | 0.0       |
|    clip_fraction        | 0         |
|    clip_range           | 0.2       |
|    entropy_loss         | -0.000909 |
|    explained_variance   | -1.19e-07 |
|    learning_rate        | 0.0003    |
|    loss                 | 1.6e+05   |
|    n_updates            | 2280      |
|    policy_gradient_loss | 1.27e-08  |
|    value_loss           | 3.49e+05  |
---------------------------------------
---------------------------------------
| rollout/                |           |
|    ep_len_mean          | 37.3      |
|    ep_rew_mean          | 1.83e+03  |
| time/                   |           |
|    fps                  | 284       |
|    iterations           | 458       |
|    time_elapsed         | 823       |
|    total_timesteps      | 234496    |
| train/                  |           |
|    approx_kl            | 0.0       |
|    clip_fraction        | 0         |
|    clip_range           | 0.2       |
|    entropy_loss         | -0.000915 |
|    explained_variance   | 0         |
|    learning_rate        | 0.0003    |
|    loss                 | 9.91e+04  |
|    n_updates            | 2285      |
|    policy_gradient_loss | 2.19e-08  |
|    value_loss           | 2.02e+05  |
---------------------------------------
---------------------------------------
| rollout/                |           |
|    ep_len_mean          | 36.3      |
|    ep_rew_mean          | 1.71e+03  |
| time/                   |           |
|    fps                  | 284       |
|    iterations           | 459       |
|    time_elapsed         | 825       |
|    total_timesteps      | 235008    |
| train/                  |           |
|    approx_kl            | 0.0       |
|    clip_fraction        | 0         |
|    clip_range           | 0.2       |
|    entropy_loss         | -0.000907 |
|    explained_variance   | 0         |
|    learning_rate        | 0.0003    |
|    loss                 | 1.44e+05  |
|    n_updates            | 2290      |
|    policy_gradient_loss | -4.88e-09 |
|    value_loss           | 2.51e+05  |
---------------------------------------
-------------------------------------------
| rollout/                |               |
|    ep_len_mean          | 37.7          |
|    ep_rew_mean          | 1.82e+03      |
| time/                   |               |
|    fps                  | 284           |
|    iterations           | 460           |
|    time_elapsed         | 827           |
|    total_timesteps      | 235520        |
| train/                  |               |
|    approx_kl            | 2.0802254e-06 |
|    clip_fraction        | 0             |
|    clip_range           | 0.2           |
|    entropy_loss         | -0.000896     |
|    explained_variance   | -2.38e-07     |
|    learning_rate        | 0.0003        |
|    loss                 | 1.78e+05      |
|    n_updates            | 2295          |
|    policy_gradient_loss | -4.89e-05     |
|    value_loss           | 3.78e+05      |
-------------------------------------------
---------------------------------------
| rollout/                |           |
|    ep_len_mean          | 37.9      |
|    ep_rew_mean          | 1.92e+03  |
| time/                   |           |
|    fps                  | 284       |
|    iterations           | 461       |
|    time_elapsed         | 829       |
|    total_timesteps      | 236032    |
| train/                  |           |
|    approx_kl            | 0.0       |
|    clip_fraction        | 0         |
|    clip_range           | 0.2       |
|    entropy_loss         | -0.000842 |
|    explained_variance   | 0         |
|    learning_rate        | 0.0003    |
|    loss                 | 1.57e+05  |
|    n_updates            | 2300      |
|    policy_gradient_loss | 1.16e-09  |
|    value_loss           | 3.91e+05  |
---------------------------------------
---------------------------------------
| rollout/                |           |
|    ep_len_mean          | 36.5      |
|    ep_rew_mean          | 1.87e+03  |
| time/                   |           |
|    fps                  | 284       |
|    iterations           | 462       |
|    time_elapsed         | 830       |
|    total_timesteps      | 236544    |
| train/                  |           |
|    approx_kl            | 0.0       |
|    clip_fraction        | 0         |
|    clip_range           | 0.2       |
|    entropy_loss         | -0.000844 |
|    explained_variance   | -1.19e-07 |
|    learning_rate        | 0.0003    |
|    loss                 | 1.61e+05  |
|    n_updates            | 2305      |
|    policy_gradient_loss | -7.94e-09 |
|    value_loss           | 3.41e+05  |
---------------------------------------
---------------------------------------
| rollout/                |           |
|    ep_len_mean          | 36.1      |
|    ep_rew_mean          | 1.79e+03  |
| time/                   |           |
|    fps                  | 284       |
|    iterations           | 463       |
|    time_elapsed         | 832       |
|    total_timesteps      | 237056    |
| train/                  |           |
|    approx_kl            | 0.0       |
|    clip_fraction        | 0         |
|    clip_range           | 0.2       |
|    entropy_loss         | -0.000845 |
|    explained_variance   | 0         |
|    learning_rate        | 0.0003    |
|    loss                 | 1.95e+05  |
|    n_updates            | 2310      |
|    policy_gradient_loss | -3.49e-09 |
|    value_loss           | 4.37e+05  |
---------------------------------------
---------------------------------------
| rollout/                |           |
|    ep_len_mean          | 36.8      |
|    ep_rew_mean          | 1.89e+03  |
| time/                   |           |
|    fps                  | 284       |
|    iterations           | 464       |
|    time_elapsed         | 834       |
|    total_timesteps      | 237568    |
| train/                  |           |
|    approx_kl            | 0.0       |
|    clip_fraction        | 0         |
|    clip_range           | 0.2       |
|    entropy_loss         | -0.000848 |
|    explained_variance   | 5.96e-08  |
|    learning_rate        | 0.0003    |
|    loss                 | 1.22e+05  |
|    n_updates            | 2315      |
|    policy_gradient_loss | 6.75e-09  |
|    value_loss           | 3.34e+05  |
---------------------------------------
---------------------------------------
| rollout/                |           |
|    ep_len_mean          | 37.5      |
|    ep_rew_mean          | 1.81e+03  |
| time/                   |           |
|    fps                  | 284       |
|    iterations           | 465       |
|    time_elapsed         | 836       |
|    total_timesteps      | 238080    |
| train/                  |           |
|    approx_kl            | 0.0       |
|    clip_fraction        | 0         |
|    clip_range           | 0.2       |
|    entropy_loss         | -0.000853 |
|    explained_variance   | -1.19e-07 |
|    learning_rate        | 0.0003    |
|    loss                 | 2.31e+05  |
|    n_updates            | 2320      |
|    policy_gradient_loss | -9.82e-09 |
|    value_loss           | 4.62e+05  |
---------------------------------------
---------------------------------------
| rollout/                |           |
|    ep_len_mean          | 37.7      |
|    ep_rew_mean          | 1.83e+03  |
| time/                   |           |
|    fps                  | 284       |
|    iterations           | 466       |
|    time_elapsed         | 837       |
|    total_timesteps      | 238592    |
| train/                  |           |
|    approx_kl            | 0.0       |
|    clip_fraction        | 0         |
|    clip_range           | 0.2       |
|    entropy_loss         | -0.000847 |
|    explained_variance   | 0         |
|    learning_rate        | 0.0003    |
|    loss                 | 2.95e+05  |
|    n_updates            | 2325      |
|    policy_gradient_loss | 3.54e-09  |
|    value_loss           | 4.41e+05  |
---------------------------------------
---------------------------------------
| rollout/                |           |
|    ep_len_mean          | 37.8      |
|    ep_rew_mean          | 1.9e+03   |
| time/                   |           |
|    fps                  | 284       |
|    iterations           | 467       |
|    time_elapsed         | 839       |
|    total_timesteps      | 239104    |
| train/                  |           |
|    approx_kl            | 0.0       |
|    clip_fraction        | 0         |
|    clip_range           | 0.2       |
|    entropy_loss         | -0.00085  |
|    explained_variance   | -1.19e-07 |
|    learning_rate        | 0.0003    |
|    loss                 | 1.49e+05  |
|    n_updates            | 2330      |
|    policy_gradient_loss | -7.59e-09 |
|    value_loss           | 3.33e+05  |
---------------------------------------
------------------------------------------
| rollout/                |              |
|    ep_len_mean          | 37           |
|    ep_rew_mean          | 1.81e+03     |
| time/                   |              |
|    fps                  | 284          |
|    iterations           | 468          |
|    time_elapsed         | 841          |
|    total_timesteps      | 239616       |
| train/                  |              |
|    approx_kl            | 2.535875e-06 |
|    clip_fraction        | 0            |
|    clip_range           | 0.2          |
|    entropy_loss         | -0.000834    |
|    explained_variance   | 1.19e-07     |
|    learning_rate        | 0.0003       |
|    loss                 | 2.35e+05     |
|    n_updates            | 2335         |
|    policy_gradient_loss | -0.000117    |
|    value_loss           | 3.89e+05     |
------------------------------------------
---------------------------------------
| rollout/                |           |
|    ep_len_mean          | 36.4      |
|    ep_rew_mean          | 1.88e+03  |
| time/                   |           |
|    fps                  | 284       |
|    iterations           | 469       |
|    time_elapsed         | 843       |
|    total_timesteps      | 240128    |
| train/                  |           |
|    approx_kl            | 0.0       |
|    clip_fraction        | 0         |
|    clip_range           | 0.2       |
|    entropy_loss         | -0.000803 |
|    explained_variance   | 5.96e-08  |
|    learning_rate        | 0.0003    |
|    loss                 | 1.79e+05  |
|    n_updates            | 2340      |
|    policy_gradient_loss | -1.53e-08 |
|    value_loss           | 3.61e+05  |
---------------------------------------
---------------------------------------
| rollout/                |           |
|    ep_len_mean          | 36.5      |
|    ep_rew_mean          | 1.9e+03   |
| time/                   |           |
|    fps                  | 284       |
|    iterations           | 470       |
|    time_elapsed         | 845       |
|    total_timesteps      | 240640    |
| train/                  |           |
|    approx_kl            | 0.0       |
|    clip_fraction        | 0         |
|    clip_range           | 0.2       |
|    entropy_loss         | -0.000784 |
|    explained_variance   | 0         |
|    learning_rate        | 0.0003    |
|    loss                 | 1.21e+05  |
|    n_updates            | 2345      |
|    policy_gradient_loss | -6.29e-09 |
|    value_loss           | 2.41e+05  |
---------------------------------------
---------------------------------------
| rollout/                |           |
|    ep_len_mean          | 36.5      |
|    ep_rew_mean          | 1.9e+03   |
| time/                   |           |
|    fps                  | 284       |
|    iterations           | 471       |
|    time_elapsed         | 847       |
|    total_timesteps      | 241152    |
| train/                  |           |
|    approx_kl            | 0.0       |
|    clip_fraction        | 0         |
|    clip_range           | 0.2       |
|    entropy_loss         | -0.000786 |
|    explained_variance   | -1.19e-07 |
|    learning_rate        | 0.0003    |
|    loss                 | 1.26e+05  |
|    n_updates            | 2350      |
|    policy_gradient_loss | 2e-09     |
|    value_loss           | 3.07e+05  |
---------------------------------------
---------------------------------------
| rollout/                |           |
|    ep_len_mean          | 36.7      |
|    ep_rew_mean          | 1.99e+03  |
| time/                   |           |
|    fps                  | 284       |
|    iterations           | 472       |
|    time_elapsed         | 849       |
|    total_timesteps      | 241664    |
| train/                  |           |
|    approx_kl            | 0.0       |
|    clip_fraction        | 0         |
|    clip_range           | 0.2       |
|    entropy_loss         | -0.000789 |
|    explained_variance   | -1.19e-07 |
|    learning_rate        | 0.0003    |
|    loss                 | 1.6e+05   |
|    n_updates            | 2355      |
|    policy_gradient_loss | 1.06e-08  |
|    value_loss           | 3.2e+05   |
---------------------------------------
------------------------------------------
| rollout/                |              |
|    ep_len_mean          | 36.4         |
|    ep_rew_mean          | 1.98e+03     |
| time/                   |              |
|    fps                  | 284          |
|    iterations           | 473          |
|    time_elapsed         | 850          |
|    total_timesteps      | 242176       |
| train/                  |              |
|    approx_kl            | 2.748333e-06 |
|    clip_fraction        | 0            |
|    clip_range           | 0.2          |
|    entropy_loss         | -0.00077     |
|    explained_variance   | 1.79e-07     |
|    learning_rate        | 0.0003       |
|    loss                 | 1.27e+05     |
|    n_updates            | 2360         |
|    policy_gradient_loss | -0.000131    |
|    value_loss           | 2.46e+05     |
------------------------------------------
---------------------------------------
| rollout/                |           |
|    ep_len_mean          | 35.5      |
|    ep_rew_mean          | 1.83e+03  |
| time/                   |           |
|    fps                  | 284       |
|    iterations           | 474       |
|    time_elapsed         | 852       |
|    total_timesteps      | 242688    |
| train/                  |           |
|    approx_kl            | 0.0       |
|    clip_fraction        | 0         |
|    clip_range           | 0.2       |
|    entropy_loss         | -0.000729 |
|    explained_variance   | 0         |
|    learning_rate        | 0.0003    |
|    loss                 | 9.32e+04  |
|    n_updates            | 2365      |
|    policy_gradient_loss | -3.29e-08 |
|    value_loss           | 2.14e+05  |
---------------------------------------
---------------------------------------
| rollout/                |           |
|    ep_len_mean          | 35.7      |
|    ep_rew_mean          | 1.8e+03   |
| time/                   |           |
|    fps                  | 284       |
|    iterations           | 475       |
|    time_elapsed         | 854       |
|    total_timesteps      | 243200    |
| train/                  |           |
|    approx_kl            | 0.0       |
|    clip_fraction        | 0         |
|    clip_range           | 0.2       |
|    entropy_loss         | -0.000727 |
|    explained_variance   | 0         |
|    learning_rate        | 0.0003    |
|    loss                 | 1.44e+05  |
|    n_updates            | 2370      |
|    policy_gradient_loss | -1.15e-09 |
|    value_loss           | 3.19e+05  |
---------------------------------------
---------------------------------------
| rollout/                |           |
|    ep_len_mean          | 34.7      |
|    ep_rew_mean          | 1.66e+03  |
| time/                   |           |
|    fps                  | 284       |
|    iterations           | 476       |
|    time_elapsed         | 856       |
|    total_timesteps      | 243712    |
| train/                  |           |
|    approx_kl            | 0.0       |
|    clip_fraction        | 0         |
|    clip_range           | 0.2       |
|    entropy_loss         | -0.000723 |
|    explained_variance   | 0         |
|    learning_rate        | 0.0003    |
|    loss                 | 1.79e+05  |
|    n_updates            | 2375      |
|    policy_gradient_loss | -1.01e-08 |
|    value_loss           | 3.12e+05  |
---------------------------------------
--------------------------------------
| rollout/                |          |
|    ep_len_mean          | 35.8     |
|    ep_rew_mean          | 1.63e+03 |
| time/                   |          |
|    fps                  | 284      |
|    iterations           | 477      |
|    time_elapsed         | 857      |
|    total_timesteps      | 244224   |
| train/                  |          |
|    approx_kl            | 0.0      |
|    clip_fraction        | 0        |
|    clip_range           | 0.2      |
|    entropy_loss         | -0.00074 |
|    explained_variance   | 0        |
|    learning_rate        | 0.0003   |
|    loss                 | 1.82e+05 |
|    n_updates            | 2380     |
|    policy_gradient_loss | 3.89e-09 |
|    value_loss           | 4.17e+05 |
--------------------------------------
---------------------------------------
| rollout/                |           |
|    ep_len_mean          | 35.8      |
|    ep_rew_mean          | 1.66e+03  |
| time/                   |           |
|    fps                  | 284       |
|    iterations           | 478       |
|    time_elapsed         | 859       |
|    total_timesteps      | 244736    |
| train/                  |           |
|    approx_kl            | 0.0       |
|    clip_fraction        | 0         |
|    clip_range           | 0.2       |
|    entropy_loss         | -0.000729 |
|    explained_variance   | 0         |
|    learning_rate        | 0.0003    |
|    loss                 | 4.05e+05  |
|    n_updates            | 2385      |
|    policy_gradient_loss | -1.21e-09 |
|    value_loss           | 7.27e+05  |
---------------------------------------
---------------------------------------
| rollout/                |           |
|    ep_len_mean          | 35.8      |
|    ep_rew_mean          | 1.7e+03   |
| time/                   |           |
|    fps                  | 284       |
|    iterations           | 479       |
|    time_elapsed         | 861       |
|    total_timesteps      | 245248    |
| train/                  |           |
|    approx_kl            | 0.0       |
|    clip_fraction        | 0         |
|    clip_range           | 0.2       |
|    entropy_loss         | -0.000723 |
|    explained_variance   | 0         |
|    learning_rate        | 0.0003    |
|    loss                 | 2.07e+05  |
|    n_updates            | 2390      |
|    policy_gradient_loss | -2.91e-09 |
|    value_loss           | 4.22e+05  |
---------------------------------------
---------------------------------------
| rollout/                |           |
|    ep_len_mean          | 36.4      |
|    ep_rew_mean          | 1.79e+03  |
| time/                   |           |
|    fps                  | 284       |
|    iterations           | 480       |
|    time_elapsed         | 863       |
|    total_timesteps      | 245760    |
| train/                  |           |
|    approx_kl            | 0.0       |
|    clip_fraction        | 0         |
|    clip_range           | 0.2       |
|    entropy_loss         | -0.000726 |
|    explained_variance   | 0         |
|    learning_rate        | 0.0003    |
|    loss                 | 1.66e+05  |
|    n_updates            | 2395      |
|    policy_gradient_loss | -8.85e-09 |
|    value_loss           | 3.62e+05  |
---------------------------------------
---------------------------------------
| rollout/                |           |
|    ep_len_mean          | 36.8      |
|    ep_rew_mean          | 1.87e+03  |
| time/                   |           |
|    fps                  | 284       |
|    iterations           | 481       |
|    time_elapsed         | 864       |
|    total_timesteps      | 246272    |
| train/                  |           |
|    approx_kl            | 0.0       |
|    clip_fraction        | 0         |
|    clip_range           | 0.2       |
|    entropy_loss         | -0.000732 |
|    explained_variance   | 1.19e-07  |
|    learning_rate        | 0.0003    |
|    loss                 | 1.88e+05  |
|    n_updates            | 2400      |
|    policy_gradient_loss | 7.22e-09  |
|    value_loss           | 3.65e+05  |
---------------------------------------
---------------------------------------
| rollout/                |           |
|    ep_len_mean          | 38.9      |
|    ep_rew_mean          | 2.11e+03  |
| time/                   |           |
|    fps                  | 284       |
|    iterations           | 482       |
|    time_elapsed         | 866       |
|    total_timesteps      | 246784    |
| train/                  |           |
|    approx_kl            | 0.0       |
|    clip_fraction        | 0         |
|    clip_range           | 0.2       |
|    entropy_loss         | -0.000723 |
|    explained_variance   | 0         |
|    learning_rate        | 0.0003    |
|    loss                 | 1.45e+05  |
|    n_updates            | 2405      |
|    policy_gradient_loss | -4.63e-09 |
|    value_loss           | 2.96e+05  |
---------------------------------------
---------------------------------------
| rollout/                |           |
|    ep_len_mean          | 39.6      |
|    ep_rew_mean          | 2.14e+03  |
| time/                   |           |
|    fps                  | 284       |
|    iterations           | 483       |
|    time_elapsed         | 868       |
|    total_timesteps      | 247296    |
| train/                  |           |
|    approx_kl            | 0.0       |
|    clip_fraction        | 0         |
|    clip_range           | 0.2       |
|    entropy_loss         | -0.000729 |
|    explained_variance   | 0         |
|    learning_rate        | 0.0003    |
|    loss                 | 4.06e+05  |
|    n_updates            | 2410      |
|    policy_gradient_loss | 1.54e-09  |
|    value_loss           | 7.2e+05   |
---------------------------------------
---------------------------------------
| rollout/                |           |
|    ep_len_mean          | 39.8      |
|    ep_rew_mean          | 2.22e+03  |
| time/                   |           |
|    fps                  | 284       |
|    iterations           | 484       |
|    time_elapsed         | 870       |
|    total_timesteps      | 247808    |
| train/                  |           |
|    approx_kl            | 0.0       |
|    clip_fraction        | 0         |
|    clip_range           | 0.2       |
|    entropy_loss         | -0.000721 |
|    explained_variance   | 0         |
|    learning_rate        | 0.0003    |
|    loss                 | 1.48e+05  |
|    n_updates            | 2415      |
|    policy_gradient_loss | -6.92e-09 |
|    value_loss           | 2.85e+05  |
---------------------------------------
---------------------------------------
| rollout/                |           |
|    ep_len_mean          | 38.5      |
|    ep_rew_mean          | 2.2e+03   |
| time/                   |           |
|    fps                  | 284       |
|    iterations           | 485       |
|    time_elapsed         | 871       |
|    total_timesteps      | 248320    |
| train/                  |           |
|    approx_kl            | 0.0       |
|    clip_fraction        | 0         |
|    clip_range           | 0.2       |
|    entropy_loss         | -0.000733 |
|    explained_variance   | 1.19e-07  |
|    learning_rate        | 0.0003    |
|    loss                 | 1.31e+05  |
|    n_updates            | 2420      |
|    policy_gradient_loss | -3.52e-09 |
|    value_loss           | 2.57e+05  |
---------------------------------------
---------------------------------------
| rollout/                |           |
|    ep_len_mean          | 39.9      |
|    ep_rew_mean          | 2.25e+03  |
| time/                   |           |
|    fps                  | 284       |
|    iterations           | 486       |
|    time_elapsed         | 873       |
|    total_timesteps      | 248832    |
| train/                  |           |
|    approx_kl            | 0.0       |
|    clip_fraction        | 0         |
|    clip_range           | 0.2       |
|    entropy_loss         | -0.000752 |
|    explained_variance   | 0         |
|    learning_rate        | 0.0003    |
|    loss                 | 8.66e+04  |
|    n_updates            | 2425      |
|    policy_gradient_loss | -6.5e-09  |
|    value_loss           | 2.03e+05  |
---------------------------------------
---------------------------------------
| rollout/                |           |
|    ep_len_mean          | 38.9      |
|    ep_rew_mean          | 2.18e+03  |
| time/                   |           |
|    fps                  | 284       |
|    iterations           | 487       |
|    time_elapsed         | 875       |
|    total_timesteps      | 249344    |
| train/                  |           |
|    approx_kl            | 0.0       |
|    clip_fraction        | 0         |
|    clip_range           | 0.2       |
|    entropy_loss         | -0.000724 |
|    explained_variance   | 0         |
|    learning_rate        | 0.0003    |
|    loss                 | 1.37e+05  |
|    n_updates            | 2430      |
|    policy_gradient_loss | -6.03e-09 |
|    value_loss           | 3.33e+05  |
---------------------------------------
---------------------------------------
| rollout/                |           |
|    ep_len_mean          | 39.5      |
|    ep_rew_mean          | 2.07e+03  |
| time/                   |           |
|    fps                  | 284       |
|    iterations           | 488       |
|    time_elapsed         | 877       |
|    total_timesteps      | 249856    |
| train/                  |           |
|    approx_kl            | 0.0       |
|    clip_fraction        | 0         |
|    clip_range           | 0.2       |
|    entropy_loss         | -0.000726 |
|    explained_variance   | 0         |
|    learning_rate        | 0.0003    |
|    loss                 | 1.54e+05  |
|    n_updates            | 2435      |
|    policy_gradient_loss | -2.14e-08 |
|    value_loss           | 2.62e+05  |
---------------------------------------
---------------------------------------
| rollout/                |           |
|    ep_len_mean          | 39        |
|    ep_rew_mean          | 2.09e+03  |
| time/                   |           |
|    fps                  | 284       |
|    iterations           | 489       |
|    time_elapsed         | 878       |
|    total_timesteps      | 250368    |
| train/                  |           |
|    approx_kl            | 0.0       |
|    clip_fraction        | 0         |
|    clip_range           | 0.2       |
|    entropy_loss         | -0.000724 |
|    explained_variance   | 0         |
|    learning_rate        | 0.0003    |
|    loss                 | 1.76e+05  |
|    n_updates            | 2440      |
|    policy_gradient_loss | 5.47e-09  |
|    value_loss           | 3.39e+05  |
---------------------------------------
---------------------------------------
| rollout/                |           |
|    ep_len_mean          | 36.8      |
|    ep_rew_mean          | 1.84e+03  |
| time/                   |           |
|    fps                  | 284       |
|    iterations           | 490       |
|    time_elapsed         | 880       |
|    total_timesteps      | 250880    |
| train/                  |           |
|    approx_kl            | 0.0       |
|    clip_fraction        | 0         |
|    clip_range           | 0.2       |
|    entropy_loss         | -0.000729 |
|    explained_variance   | -1.19e-07 |
|    learning_rate        | 0.0003    |
|    loss                 | 1.18e+05  |
|    n_updates            | 2445      |
|    policy_gradient_loss | 2.79e-10  |
|    value_loss           | 2.61e+05  |
---------------------------------------
---------------------------------------
| rollout/                |           |
|    ep_len_mean          | 37.2      |
|    ep_rew_mean          | 1.84e+03  |
| time/                   |           |
|    fps                  | 284       |
|    iterations           | 491       |
|    time_elapsed         | 882       |
|    total_timesteps      | 251392    |
| train/                  |           |
|    approx_kl            | 0.0       |
|    clip_fraction        | 0         |
|    clip_range           | 0.2       |
|    entropy_loss         | -0.000737 |
|    explained_variance   | -1.19e-07 |
|    learning_rate        | 0.0003    |
|    loss                 | 1.28e+05  |
|    n_updates            | 2450      |
|    policy_gradient_loss | 1.96e-09  |
|    value_loss           | 2.86e+05  |
---------------------------------------
---------------------------------------
| rollout/                |           |
|    ep_len_mean          | 38.1      |
|    ep_rew_mean          | 1.82e+03  |
| time/                   |           |
|    fps                  | 284       |
|    iterations           | 492       |
|    time_elapsed         | 884       |
|    total_timesteps      | 251904    |
| train/                  |           |
|    approx_kl            | 0.0       |
|    clip_fraction        | 0         |
|    clip_range           | 0.2       |
|    entropy_loss         | -0.000724 |
|    explained_variance   | 0         |
|    learning_rate        | 0.0003    |
|    loss                 | 1.19e+05  |
|    n_updates            | 2455      |
|    policy_gradient_loss | 2.79e-10  |
|    value_loss           | 2.38e+05  |
---------------------------------------
---------------------------------------
| rollout/                |           |
|    ep_len_mean          | 37.3      |
|    ep_rew_mean          | 1.78e+03  |
| time/                   |           |
|    fps                  | 284       |
|    iterations           | 493       |
|    time_elapsed         | 886       |
|    total_timesteps      | 252416    |
| train/                  |           |
|    approx_kl            | 0.0       |
|    clip_fraction        | 0         |
|    clip_range           | 0.2       |
|    entropy_loss         | -0.000735 |
|    explained_variance   | 0         |
|    learning_rate        | 0.0003    |
|    loss                 | 2.62e+05  |
|    n_updates            | 2460      |
|    policy_gradient_loss | 3.86e-09  |
|    value_loss           | 4.33e+05  |
---------------------------------------
---------------------------------------
| rollout/                |           |
|    ep_len_mean          | 36.4      |
|    ep_rew_mean          | 1.68e+03  |
| time/                   |           |
|    fps                  | 284       |
|    iterations           | 494       |
|    time_elapsed         | 887       |
|    total_timesteps      | 252928    |
| train/                  |           |
|    approx_kl            | 0.0       |
|    clip_fraction        | 0         |
|    clip_range           | 0.2       |
|    entropy_loss         | -0.000738 |
|    explained_variance   | -1.19e-07 |
|    learning_rate        | 0.0003    |
|    loss                 | 1.22e+05  |
|    n_updates            | 2465      |
|    policy_gradient_loss | -4.54e-09 |
|    value_loss           | 2.56e+05  |
---------------------------------------
---------------------------------------
| rollout/                |           |
|    ep_len_mean          | 35.8      |
|    ep_rew_mean          | 1.73e+03  |
| time/                   |           |
|    fps                  | 284       |
|    iterations           | 495       |
|    time_elapsed         | 889       |
|    total_timesteps      | 253440    |
| train/                  |           |
|    approx_kl            | 0.0       |
|    clip_fraction        | 0         |
|    clip_range           | 0.2       |
|    entropy_loss         | -0.000731 |
|    explained_variance   | 0         |
|    learning_rate        | 0.0003    |
|    loss                 | 1.2e+05   |
|    n_updates            | 2470      |
|    policy_gradient_loss | -3.47e-09 |
|    value_loss           | 2.27e+05  |
---------------------------------------
---------------------------------------
| rollout/                |           |
|    ep_len_mean          | 36.6      |
|    ep_rew_mean          | 1.66e+03  |
| time/                   |           |
|    fps                  | 284       |
|    iterations           | 496       |
|    time_elapsed         | 891       |
|    total_timesteps      | 253952    |
| train/                  |           |
|    approx_kl            | 0.0       |
|    clip_fraction        | 0         |
|    clip_range           | 0.2       |
|    entropy_loss         | -0.000729 |
|    explained_variance   | 0         |
|    learning_rate        | 0.0003    |
|    loss                 | 1.36e+05  |
|    n_updates            | 2475      |
|    policy_gradient_loss | -9.78e-10 |
|    value_loss           | 3.75e+05  |
---------------------------------------
---------------------------------------
| rollout/                |           |
|    ep_len_mean          | 36.4      |
|    ep_rew_mean          | 1.75e+03  |
| time/                   |           |
|    fps                  | 284       |
|    iterations           | 497       |
|    time_elapsed         | 893       |
|    total_timesteps      | 254464    |
| train/                  |           |
|    approx_kl            | 0.0       |
|    clip_fraction        | 0         |
|    clip_range           | 0.2       |
|    entropy_loss         | -0.000726 |
|    explained_variance   | -1.19e-07 |
|    learning_rate        | 0.0003    |
|    loss                 | 1.46e+05  |
|    n_updates            | 2480      |
|    policy_gradient_loss | 9.31e-09  |
|    value_loss           | 2.61e+05  |
---------------------------------------
---------------------------------------
| rollout/                |           |
|    ep_len_mean          | 36.8      |
|    ep_rew_mean          | 1.73e+03  |
| time/                   |           |
|    fps                  | 284       |
|    iterations           | 498       |
|    time_elapsed         | 894       |
|    total_timesteps      | 254976    |
| train/                  |           |
|    approx_kl            | 0.0       |
|    clip_fraction        | 0         |
|    clip_range           | 0.2       |
|    entropy_loss         | -0.000745 |
|    explained_variance   | -1.19e-07 |
|    learning_rate        | 0.0003    |
|    loss                 | 1.64e+05  |
|    n_updates            | 2485      |
|    policy_gradient_loss | -1.4e-10  |
|    value_loss           | 3.3e+05   |
---------------------------------------
---------------------------------------
| rollout/                |           |
|    ep_len_mean          | 36.8      |
|    ep_rew_mean          | 1.82e+03  |
| time/                   |           |
|    fps                  | 284       |
|    iterations           | 499       |
|    time_elapsed         | 896       |
|    total_timesteps      | 255488    |
| train/                  |           |
|    approx_kl            | 0.0       |
|    clip_fraction        | 0         |
|    clip_range           | 0.2       |
|    entropy_loss         | -0.000733 |
|    explained_variance   | 0         |
|    learning_rate        | 0.0003    |
|    loss                 | 1.77e+05  |
|    n_updates            | 2490      |
|    policy_gradient_loss | 5.96e-09  |
|    value_loss           | 3.89e+05  |
---------------------------------------
---------------------------------------
| rollout/                |           |
|    ep_len_mean          | 36.2      |
|    ep_rew_mean          | 1.79e+03  |
| time/                   |           |
|    fps                  | 284       |
|    iterations           | 500       |
|    time_elapsed         | 898       |
|    total_timesteps      | 256000    |
| train/                  |           |
|    approx_kl            | 0.0       |
|    clip_fraction        | 0         |
|    clip_range           | 0.2       |
|    entropy_loss         | -0.000734 |
|    explained_variance   | 0         |
|    learning_rate        | 0.0003    |
|    loss                 | 2.01e+05  |
|    n_updates            | 2495      |
|    policy_gradient_loss | -4.26e-09 |
|    value_loss           | 4.37e+05  |
---------------------------------------
---------------------------------------
| rollout/                |           |
|    ep_len_mean          | 37.6      |
|    ep_rew_mean          | 1.91e+03  |
| time/                   |           |
|    fps                  | 285       |
|    iterations           | 501       |
|    time_elapsed         | 900       |
|    total_timesteps      | 256512    |
| train/                  |           |
|    approx_kl            | 0.0       |
|    clip_fraction        | 0         |
|    clip_range           | 0.2       |
|    entropy_loss         | -0.000737 |
|    explained_variance   | -1.19e-07 |
|    learning_rate        | 0.0003    |
|    loss                 | 8.04e+04  |
|    n_updates            | 2500      |
|    policy_gradient_loss | -1.9e-08  |
|    value_loss           | 1.63e+05  |
---------------------------------------
---------------------------------------
| rollout/                |           |
|    ep_len_mean          | 38.6      |
|    ep_rew_mean          | 1.92e+03  |
| time/                   |           |
|    fps                  | 285       |
|    iterations           | 502       |
|    time_elapsed         | 901       |
|    total_timesteps      | 257024    |
| train/                  |           |
|    approx_kl            | 0.0       |
|    clip_fraction        | 0         |
|    clip_range           | 0.2       |
|    entropy_loss         | -0.000726 |
|    explained_variance   | 0         |
|    learning_rate        | 0.0003    |
|    loss                 | 1.38e+05  |
|    n_updates            | 2505      |
|    policy_gradient_loss | -1.03e-08 |
|    value_loss           | 2.99e+05  |
---------------------------------------
--------------------------------------
| rollout/                |          |
|    ep_len_mean          | 38.4     |
|    ep_rew_mean          | 2.01e+03 |
| time/                   |          |
|    fps                  | 285      |
|    iterations           | 503      |
|    time_elapsed         | 903      |
|    total_timesteps      | 257536   |
| train/                  |          |
|    approx_kl            | 0.0      |
|    clip_fraction        | 0        |
|    clip_range           | 0.2      |
|    entropy_loss         | -0.00073 |
|    explained_variance   | 5.96e-08 |
|    learning_rate        | 0.0003   |
|    loss                 | 3.65e+05 |
|    n_updates            | 2510     |
|    policy_gradient_loss | 2.56e-10 |
|    value_loss           | 4.96e+05 |
--------------------------------------
---------------------------------------
| rollout/                |           |
|    ep_len_mean          | 38.3      |
|    ep_rew_mean          | 1.9e+03   |
| time/                   |           |
|    fps                  | 285       |
|    iterations           | 504       |
|    time_elapsed         | 905       |
|    total_timesteps      | 258048    |
| train/                  |           |
|    approx_kl            | 0.0       |
|    clip_fraction        | 0         |
|    clip_range           | 0.2       |
|    entropy_loss         | -0.000724 |
|    explained_variance   | -1.19e-07 |
|    learning_rate        | 0.0003    |
|    loss                 | 1.51e+05  |
|    n_updates            | 2515      |
|    policy_gradient_loss | -3.17e-09 |
|    value_loss           | 2.64e+05  |
---------------------------------------
---------------------------------------
| rollout/                |           |
|    ep_len_mean          | 38.1      |
|    ep_rew_mean          | 1.97e+03  |
| time/                   |           |
|    fps                  | 285       |
|    iterations           | 505       |
|    time_elapsed         | 906       |
|    total_timesteps      | 258560    |
| train/                  |           |
|    approx_kl            | 0.0       |
|    clip_fraction        | 0         |
|    clip_range           | 0.2       |
|    entropy_loss         | -0.000738 |
|    explained_variance   | 0         |
|    learning_rate        | 0.0003    |
|    loss                 | 3.46e+05  |
|    n_updates            | 2520      |
|    policy_gradient_loss | 4.89e-10  |
|    value_loss           | 6.32e+05  |
---------------------------------------
---------------------------------------
| rollout/                |           |
|    ep_len_mean          | 37.5      |
|    ep_rew_mean          | 1.94e+03  |
| time/                   |           |
|    fps                  | 285       |
|    iterations           | 506       |
|    time_elapsed         | 908       |
|    total_timesteps      | 259072    |
| train/                  |           |
|    approx_kl            | 0.0       |
|    clip_fraction        | 0         |
|    clip_range           | 0.2       |
|    entropy_loss         | -0.000726 |
|    explained_variance   | 0         |
|    learning_rate        | 0.0003    |
|    loss                 | 2.52e+05  |
|    n_updates            | 2525      |
|    policy_gradient_loss | 1.3e-09   |
|    value_loss           | 4.65e+05  |
---------------------------------------
---------------------------------------
| rollout/                |           |
|    ep_len_mean          | 38.9      |
|    ep_rew_mean          | 1.96e+03  |
| time/                   |           |
|    fps                  | 285       |
|    iterations           | 507       |
|    time_elapsed         | 910       |
|    total_timesteps      | 259584    |
| train/                  |           |
|    approx_kl            | 0.0       |
|    clip_fraction        | 0         |
|    clip_range           | 0.2       |
|    entropy_loss         | -0.000733 |
|    explained_variance   | -1.19e-07 |
|    learning_rate        | 0.0003    |
|    loss                 | 2.21e+05  |
|    n_updates            | 2530      |
|    policy_gradient_loss | -7.12e-09 |
|    value_loss           | 4.88e+05  |
---------------------------------------
---------------------------------------
| rollout/                |           |
|    ep_len_mean          | 39.4      |
|    ep_rew_mean          | 1.97e+03  |
| time/                   |           |
|    fps                  | 285       |
|    iterations           | 508       |
|    time_elapsed         | 911       |
|    total_timesteps      | 260096    |
| train/                  |           |
|    approx_kl            | 0.0       |
|    clip_fraction        | 0         |
|    clip_range           | 0.2       |
|    entropy_loss         | -0.000729 |
|    explained_variance   | 0         |
|    learning_rate        | 0.0003    |
|    loss                 | 1.89e+05  |
|    n_updates            | 2535      |
|    policy_gradient_loss | 1.47e-09  |
|    value_loss           | 3.4e+05   |
---------------------------------------
---------------------------------------
| rollout/                |           |
|    ep_len_mean          | 38.6      |
|    ep_rew_mean          | 1.95e+03  |
| time/                   |           |
|    fps                  | 285       |
|    iterations           | 509       |
|    time_elapsed         | 913       |
|    total_timesteps      | 260608    |
| train/                  |           |
|    approx_kl            | 0.0       |
|    clip_fraction        | 0         |
|    clip_range           | 0.2       |
|    entropy_loss         | -0.000739 |
|    explained_variance   | -1.19e-07 |
|    learning_rate        | 0.0003    |
|    loss                 | 1.27e+05  |
|    n_updates            | 2540      |
|    policy_gradient_loss | -5.15e-09 |
|    value_loss           | 2.2e+05   |
---------------------------------------
---------------------------------------
| rollout/                |           |
|    ep_len_mean          | 39.1      |
|    ep_rew_mean          | 2.04e+03  |
| time/                   |           |
|    fps                  | 285       |
|    iterations           | 510       |
|    time_elapsed         | 915       |
|    total_timesteps      | 261120    |
| train/                  |           |
|    approx_kl            | 0.0       |
|    clip_fraction        | 0         |
|    clip_range           | 0.2       |
|    entropy_loss         | -0.000745 |
|    explained_variance   | -1.19e-07 |
|    learning_rate        | 0.0003    |
|    loss                 | 1.35e+05  |
|    n_updates            | 2545      |
|    policy_gradient_loss | -8.71e-09 |
|    value_loss           | 2.84e+05  |
---------------------------------------
---------------------------------------
| rollout/                |           |
|    ep_len_mean          | 37.3      |
|    ep_rew_mean          | 2.11e+03  |
| time/                   |           |
|    fps                  | 285       |
|    iterations           | 511       |
|    time_elapsed         | 917       |
|    total_timesteps      | 261632    |
| train/                  |           |
|    approx_kl            | 0.0       |
|    clip_fraction        | 0         |
|    clip_range           | 0.2       |
|    entropy_loss         | -0.000733 |
|    explained_variance   | 0         |
|    learning_rate        | 0.0003    |
|    loss                 | 1.95e+05  |
|    n_updates            | 2550      |
|    policy_gradient_loss | -1.68e-09 |
|    value_loss           | 3.58e+05  |
---------------------------------------
---------------------------------------
| rollout/                |           |
|    ep_len_mean          | 36.5      |
|    ep_rew_mean          | 2.02e+03  |
| time/                   |           |
|    fps                  | 285       |
|    iterations           | 512       |
|    time_elapsed         | 919       |
|    total_timesteps      | 262144    |
| train/                  |           |
|    approx_kl            | 0.0       |
|    clip_fraction        | 0         |
|    clip_range           | 0.2       |
|    entropy_loss         | -0.000732 |
|    explained_variance   | 0         |
|    learning_rate        | 0.0003    |
|    loss                 | 1.66e+05  |
|    n_updates            | 2555      |
|    policy_gradient_loss | -1.96e-09 |
|    value_loss           | 2.68e+05  |
---------------------------------------
---------------------------------------
| rollout/                |           |
|    ep_len_mean          | 38.3      |
|    ep_rew_mean          | 2.07e+03  |
| time/                   |           |
|    fps                  | 285       |
|    iterations           | 513       |
|    time_elapsed         | 920       |
|    total_timesteps      | 262656    |
| train/                  |           |
|    approx_kl            | 0.0       |
|    clip_fraction        | 0         |
|    clip_range           | 0.2       |
|    entropy_loss         | -0.000737 |
|    explained_variance   | 0         |
|    learning_rate        | 0.0003    |
|    loss                 | 1.04e+05  |
|    n_updates            | 2560      |
|    policy_gradient_loss | -1.35e-09 |
|    value_loss           | 2.44e+05  |
---------------------------------------
---------------------------------------
| rollout/                |           |
|    ep_len_mean          | 36.5      |
|    ep_rew_mean          | 1.93e+03  |
| time/                   |           |
|    fps                  | 285       |
|    iterations           | 514       |
|    time_elapsed         | 922       |
|    total_timesteps      | 263168    |
| train/                  |           |
|    approx_kl            | 0.0       |
|    clip_fraction        | 0         |
|    clip_range           | 0.2       |
|    entropy_loss         | -0.000725 |
|    explained_variance   | 0         |
|    learning_rate        | 0.0003    |
|    loss                 | 1.22e+05  |
|    n_updates            | 2565      |
|    policy_gradient_loss | 9.34e-09  |
|    value_loss           | 2.88e+05  |
---------------------------------------
---------------------------------------
| rollout/                |           |
|    ep_len_mean          | 36.9      |
|    ep_rew_mean          | 1.98e+03  |
| time/                   |           |
|    fps                  | 285       |
|    iterations           | 515       |
|    time_elapsed         | 924       |
|    total_timesteps      | 263680    |
| train/                  |           |
|    approx_kl            | 0.0       |
|    clip_fraction        | 0         |
|    clip_range           | 0.2       |
|    entropy_loss         | -0.000735 |
|    explained_variance   | 0         |
|    learning_rate        | 0.0003    |
|    loss                 | 1.29e+05  |
|    n_updates            | 2570      |
|    policy_gradient_loss | 1.58e-09  |
|    value_loss           | 3.7e+05   |
---------------------------------------
---------------------------------------
| rollout/                |           |
|    ep_len_mean          | 36.7      |
|    ep_rew_mean          | 1.88e+03  |
| time/                   |           |
|    fps                  | 285       |
|    iterations           | 516       |
|    time_elapsed         | 926       |
|    total_timesteps      | 264192    |
| train/                  |           |
|    approx_kl            | 0.0       |
|    clip_fraction        | 0         |
|    clip_range           | 0.2       |
|    entropy_loss         | -0.000735 |
|    explained_variance   | -1.19e-07 |
|    learning_rate        | 0.0003    |
|    loss                 | 1.32e+05  |
|    n_updates            | 2575      |
|    policy_gradient_loss | 2.89e-09  |
|    value_loss           | 2.69e+05  |
---------------------------------------
---------------------------------------
| rollout/                |           |
|    ep_len_mean          | 36.7      |
|    ep_rew_mean          | 1.76e+03  |
| time/                   |           |
|    fps                  | 285       |
|    iterations           | 517       |
|    time_elapsed         | 928       |
|    total_timesteps      | 264704    |
| train/                  |           |
|    approx_kl            | 0.0       |
|    clip_fraction        | 0         |
|    clip_range           | 0.2       |
|    entropy_loss         | -0.000734 |
|    explained_variance   | -1.19e-07 |
|    learning_rate        | 0.0003    |
|    loss                 | 2.71e+05  |
|    n_updates            | 2580      |
|    policy_gradient_loss | -7.45e-10 |
|    value_loss           | 4.99e+05  |
---------------------------------------
---------------------------------------
| rollout/                |           |
|    ep_len_mean          | 38.1      |
|    ep_rew_mean          | 1.78e+03  |
| time/                   |           |
|    fps                  | 285       |
|    iterations           | 518       |
|    time_elapsed         | 929       |
|    total_timesteps      | 265216    |
| train/                  |           |
|    approx_kl            | 0.0       |
|    clip_fraction        | 0         |
|    clip_range           | 0.2       |
|    entropy_loss         | -0.000732 |
|    explained_variance   | -1.19e-07 |
|    learning_rate        | 0.0003    |
|    loss                 | 2.37e+05  |
|    n_updates            | 2585      |
|    policy_gradient_loss | 1.44e-09  |
|    value_loss           | 4.59e+05  |
---------------------------------------
---------------------------------------
| rollout/                |           |
|    ep_len_mean          | 39.7      |
|    ep_rew_mean          | 1.8e+03   |
| time/                   |           |
|    fps                  | 285       |
|    iterations           | 519       |
|    time_elapsed         | 931       |
|    total_timesteps      | 265728    |
| train/                  |           |
|    approx_kl            | 0.0       |
|    clip_fraction        | 0         |
|    clip_range           | 0.2       |
|    entropy_loss         | -0.000749 |
|    explained_variance   | -1.19e-07 |
|    learning_rate        | 0.0003    |
|    loss                 | 1.74e+05  |
|    n_updates            | 2590      |
|    policy_gradient_loss | 4.84e-09  |
|    value_loss           | 3.54e+05  |
---------------------------------------
---------------------------------------
| rollout/                |           |
|    ep_len_mean          | 39.8      |
|    ep_rew_mean          | 1.81e+03  |
| time/                   |           |
|    fps                  | 285       |
|    iterations           | 520       |
|    time_elapsed         | 933       |
|    total_timesteps      | 266240    |
| train/                  |           |
|    approx_kl            | 0.0       |
|    clip_fraction        | 0         |
|    clip_range           | 0.2       |
|    entropy_loss         | -0.000743 |
|    explained_variance   | 0         |
|    learning_rate        | 0.0003    |
|    loss                 | 1.66e+05  |
|    n_updates            | 2595      |
|    policy_gradient_loss | -5.22e-09 |
|    value_loss           | 2.76e+05  |
---------------------------------------
---------------------------------------
| rollout/                |           |
|    ep_len_mean          | 38.6      |
|    ep_rew_mean          | 1.73e+03  |
| time/                   |           |
|    fps                  | 285       |
|    iterations           | 521       |
|    time_elapsed         | 935       |
|    total_timesteps      | 266752    |
| train/                  |           |
|    approx_kl            | 0.0       |
|    clip_fraction        | 0         |
|    clip_range           | 0.2       |
|    entropy_loss         | -0.000742 |
|    explained_variance   | 0         |
|    learning_rate        | 0.0003    |
|    loss                 | 1.32e+05  |
|    n_updates            | 2600      |
|    policy_gradient_loss | 2.57e-09  |
|    value_loss           | 2.5e+05   |
---------------------------------------
---------------------------------------
| rollout/                |           |
|    ep_len_mean          | 40.1      |
|    ep_rew_mean          | 1.9e+03   |
| time/                   |           |
|    fps                  | 285       |
|    iterations           | 522       |
|    time_elapsed         | 936       |
|    total_timesteps      | 267264    |
| train/                  |           |
|    approx_kl            | 0.0       |
|    clip_fraction        | 0         |
|    clip_range           | 0.2       |
|    entropy_loss         | -0.000742 |
|    explained_variance   | 0         |
|    learning_rate        | 0.0003    |
|    loss                 | 2.26e+05  |
|    n_updates            | 2605      |
|    policy_gradient_loss | 5.49e-09  |
|    value_loss           | 4.45e+05  |
---------------------------------------
---------------------------------------
| rollout/                |           |
|    ep_len_mean          | 40.1      |
|    ep_rew_mean          | 1.9e+03   |
| time/                   |           |
|    fps                  | 285       |
|    iterations           | 523       |
|    time_elapsed         | 938       |
|    total_timesteps      | 267776    |
| train/                  |           |
|    approx_kl            | 0.0       |
|    clip_fraction        | 0         |
|    clip_range           | 0.2       |
|    entropy_loss         | -0.00073  |
|    explained_variance   | 0         |
|    learning_rate        | 0.0003    |
|    loss                 | 1.61e+05  |
|    n_updates            | 2610      |
|    policy_gradient_loss | -1.67e-08 |
|    value_loss           | 3.59e+05  |
---------------------------------------
---------------------------------------
| rollout/                |           |
|    ep_len_mean          | 39.4      |
|    ep_rew_mean          | 1.99e+03  |
| time/                   |           |
|    fps                  | 285       |
|    iterations           | 524       |
|    time_elapsed         | 940       |
|    total_timesteps      | 268288    |
| train/                  |           |
|    approx_kl            | 0.0       |
|    clip_fraction        | 0         |
|    clip_range           | 0.2       |
|    entropy_loss         | -0.000734 |
|    explained_variance   | 0         |
|    learning_rate        | 0.0003    |
|    loss                 | 2.28e+05  |
|    n_updates            | 2615      |
|    policy_gradient_loss | 6.96e-09  |
|    value_loss           | 3.74e+05  |
---------------------------------------
---------------------------------------
| rollout/                |           |
|    ep_len_mean          | 38.8      |
|    ep_rew_mean          | 1.95e+03  |
| time/                   |           |
|    fps                  | 285       |
|    iterations           | 525       |
|    time_elapsed         | 942       |
|    total_timesteps      | 268800    |
| train/                  |           |
|    approx_kl            | 0.0       |
|    clip_fraction        | 0         |
|    clip_range           | 0.2       |
|    entropy_loss         | -0.000737 |
|    explained_variance   | 0         |
|    learning_rate        | 0.0003    |
|    loss                 | 1.47e+05  |
|    n_updates            | 2620      |
|    policy_gradient_loss | -3.96e-10 |
|    value_loss           | 3e+05     |
---------------------------------------
---------------------------------------
| rollout/                |           |
|    ep_len_mean          | 37.9      |
|    ep_rew_mean          | 1.96e+03  |
| time/                   |           |
|    fps                  | 285       |
|    iterations           | 526       |
|    time_elapsed         | 943       |
|    total_timesteps      | 269312    |
| train/                  |           |
|    approx_kl            | 0.0       |
|    clip_fraction        | 0         |
|    clip_range           | 0.2       |
|    entropy_loss         | -0.000733 |
|    explained_variance   | 0         |
|    learning_rate        | 0.0003    |
|    loss                 | 1.48e+05  |
|    n_updates            | 2625      |
|    policy_gradient_loss | 5.36e-09  |
|    value_loss           | 3e+05     |
---------------------------------------
---------------------------------------
| rollout/                |           |
|    ep_len_mean          | 39.1      |
|    ep_rew_mean          | 2.06e+03  |
| time/                   |           |
|    fps                  | 285       |
|    iterations           | 527       |
|    time_elapsed         | 945       |
|    total_timesteps      | 269824    |
| train/                  |           |
|    approx_kl            | 0.0       |
|    clip_fraction        | 0         |
|    clip_range           | 0.2       |
|    entropy_loss         | -0.000735 |
|    explained_variance   | 0         |
|    learning_rate        | 0.0003    |
|    loss                 | 9.38e+04  |
|    n_updates            | 2630      |
|    policy_gradient_loss | -7.24e-09 |
|    value_loss           | 2.47e+05  |
---------------------------------------
---------------------------------------
| rollout/                |           |
|    ep_len_mean          | 39        |
|    ep_rew_mean          | 2.03e+03  |
| time/                   |           |
|    fps                  | 285       |
|    iterations           | 528       |
|    time_elapsed         | 947       |
|    total_timesteps      | 270336    |
| train/                  |           |
|    approx_kl            | 0.0       |
|    clip_fraction        | 0         |
|    clip_range           | 0.2       |
|    entropy_loss         | -0.00073  |
|    explained_variance   | -1.19e-07 |
|    learning_rate        | 0.0003    |
|    loss                 | 1.34e+05  |
|    n_updates            | 2635      |
|    policy_gradient_loss | -1.07e-09 |
|    value_loss           | 3.22e+05  |
---------------------------------------
---------------------------------------
| rollout/                |           |
|    ep_len_mean          | 39.1      |
|    ep_rew_mean          | 2e+03     |
| time/                   |           |
|    fps                  | 285       |
|    iterations           | 529       |
|    time_elapsed         | 949       |
|    total_timesteps      | 270848    |
| train/                  |           |
|    approx_kl            | 0.0       |
|    clip_fraction        | 0         |
|    clip_range           | 0.2       |
|    entropy_loss         | -0.000745 |
|    explained_variance   | 5.96e-08  |
|    learning_rate        | 0.0003    |
|    loss                 | 3.22e+05  |
|    n_updates            | 2640      |
|    policy_gradient_loss | -2.05e-09 |
|    value_loss           | 4.78e+05  |
---------------------------------------
---------------------------------------
| rollout/                |           |
|    ep_len_mean          | 38.2      |
|    ep_rew_mean          | 1.97e+03  |
| time/                   |           |
|    fps                  | 285       |
|    iterations           | 530       |
|    time_elapsed         | 950       |
|    total_timesteps      | 271360    |
| train/                  |           |
|    approx_kl            | 0.0       |
|    clip_fraction        | 0         |
|    clip_range           | 0.2       |
|    entropy_loss         | -0.000736 |
|    explained_variance   | 0         |
|    learning_rate        | 0.0003    |
|    loss                 | 2.06e+05  |
|    n_updates            | 2645      |
|    policy_gradient_loss | -2.89e-09 |
|    value_loss           | 4.45e+05  |
---------------------------------------
-------------------------------------------
| rollout/                |               |
|    ep_len_mean          | 38.9          |
|    ep_rew_mean          | 2.06e+03      |
| time/                   |               |
|    fps                  | 285           |
|    iterations           | 531           |
|    time_elapsed         | 952           |
|    total_timesteps      | 271872        |
| train/                  |               |
|    approx_kl            | 3.9102742e-06 |
|    clip_fraction        | 0             |
|    clip_range           | 0.2           |
|    entropy_loss         | -0.000712     |
|    explained_variance   | 0             |
|    learning_rate        | 0.0003        |
|    loss                 | 1.37e+05      |
|    n_updates            | 2650          |
|    policy_gradient_loss | -0.00013      |
|    value_loss           | 2.54e+05      |
-------------------------------------------
---------------------------------------
| rollout/                |           |
|    ep_len_mean          | 40.1      |
|    ep_rew_mean          | 2.13e+03  |
| time/                   |           |
|    fps                  | 285       |
|    iterations           | 532       |
|    time_elapsed         | 954       |
|    total_timesteps      | 272384    |
| train/                  |           |
|    approx_kl            | 0.0       |
|    clip_fraction        | 0         |
|    clip_range           | 0.2       |
|    entropy_loss         | -0.000689 |
|    explained_variance   | 0         |
|    learning_rate        | 0.0003    |
|    loss                 | 1.13e+05  |
|    n_updates            | 2655      |
|    policy_gradient_loss | -3.22e-08 |
|    value_loss           | 2.71e+05  |
---------------------------------------
---------------------------------------
| rollout/                |           |
|    ep_len_mean          | 39.2      |
|    ep_rew_mean          | 2.12e+03  |
| time/                   |           |
|    fps                  | 285       |
|    iterations           | 533       |
|    time_elapsed         | 956       |
|    total_timesteps      | 272896    |
| train/                  |           |
|    approx_kl            | 0.0       |
|    clip_fraction        | 0         |
|    clip_range           | 0.2       |
|    entropy_loss         | -0.000684 |
|    explained_variance   | 0         |
|    learning_rate        | 0.0003    |
|    loss                 | 1.55e+05  |
|    n_updates            | 2660      |
|    policy_gradient_loss | -9.2e-09  |
|    value_loss           | 3.24e+05  |
---------------------------------------
---------------------------------------
| rollout/                |           |
|    ep_len_mean          | 37.9      |
|    ep_rew_mean          | 2.04e+03  |
| time/                   |           |
|    fps                  | 285       |
|    iterations           | 534       |
|    time_elapsed         | 957       |
|    total_timesteps      | 273408    |
| train/                  |           |
|    approx_kl            | 0.0       |
|    clip_fraction        | 0         |
|    clip_range           | 0.2       |
|    entropy_loss         | -0.000679 |
|    explained_variance   | 5.96e-08  |
|    learning_rate        | 0.0003    |
|    loss                 | 1.76e+05  |
|    n_updates            | 2665      |
|    policy_gradient_loss | -3.82e-09 |
|    value_loss           | 3.71e+05  |
---------------------------------------
--------------------------------------
| rollout/                |          |
|    ep_len_mean          | 37       |
|    ep_rew_mean          | 2.03e+03 |
| time/                   |          |
|    fps                  | 285      |
|    iterations           | 535      |
|    time_elapsed         | 959      |
|    total_timesteps      | 273920   |
| train/                  |          |
|    approx_kl            | 0.0      |
|    clip_fraction        | 0        |
|    clip_range           | 0.2      |
|    entropy_loss         | -0.00069 |
|    explained_variance   | 0        |
|    learning_rate        | 0.0003   |
|    loss                 | 2.82e+05 |
|    n_updates            | 2670     |
|    policy_gradient_loss | 1.05e-10 |
|    value_loss           | 5.66e+05 |
--------------------------------------
-------------------------------------------
| rollout/                |               |
|    ep_len_mean          | 35.9          |
|    ep_rew_mean          | 2.01e+03      |
| time/                   |               |
|    fps                  | 285           |
|    iterations           | 536           |
|    time_elapsed         | 961           |
|    total_timesteps      | 274432        |
| train/                  |               |
|    approx_kl            | 2.7685892e-06 |
|    clip_fraction        | 0             |
|    clip_range           | 0.2           |
|    entropy_loss         | -0.000666     |
|    explained_variance   | 0             |
|    learning_rate        | 0.0003        |
|    loss                 | 9.1e+04       |
|    n_updates            | 2675          |
|    policy_gradient_loss | -0.000114     |
|    value_loss           | 2.86e+05      |
-------------------------------------------
---------------------------------------
| rollout/                |           |
|    ep_len_mean          | 36.7      |
|    ep_rew_mean          | 2.02e+03  |
| time/                   |           |
|    fps                  | 285       |
|    iterations           | 537       |
|    time_elapsed         | 963       |
|    total_timesteps      | 274944    |
| train/                  |           |
|    approx_kl            | 0.0       |
|    clip_fraction        | 0         |
|    clip_range           | 0.2       |
|    entropy_loss         | -0.000626 |
|    explained_variance   | 0         |
|    learning_rate        | 0.0003    |
|    loss                 | 2.16e+05  |
|    n_updates            | 2680      |
|    policy_gradient_loss | -5.17e-09 |
|    value_loss           | 3.75e+05  |
---------------------------------------
---------------------------------------
| rollout/                |           |
|    ep_len_mean          | 35        |
|    ep_rew_mean          | 1.91e+03  |
| time/                   |           |
|    fps                  | 285       |
|    iterations           | 538       |
|    time_elapsed         | 964       |
|    total_timesteps      | 275456    |
| train/                  |           |
|    approx_kl            | 0.0       |
|    clip_fraction        | 0         |
|    clip_range           | 0.2       |
|    entropy_loss         | -0.000629 |
|    explained_variance   | 0         |
|    learning_rate        | 0.0003    |
|    loss                 | 1.57e+05  |
|    n_updates            | 2685      |
|    policy_gradient_loss | -6.45e-09 |
|    value_loss           | 4.69e+05  |
---------------------------------------
---------------------------------------
| rollout/                |           |
|    ep_len_mean          | 34.1      |
|    ep_rew_mean          | 1.81e+03  |
| time/                   |           |
|    fps                  | 285       |
|    iterations           | 539       |
|    time_elapsed         | 966       |
|    total_timesteps      | 275968    |
| train/                  |           |
|    approx_kl            | 0.0       |
|    clip_fraction        | 0         |
|    clip_range           | 0.2       |
|    entropy_loss         | -0.000628 |
|    explained_variance   | 0         |
|    learning_rate        | 0.0003    |
|    loss                 | 7.29e+04  |
|    n_updates            | 2690      |
|    policy_gradient_loss | -1.7e-09  |
|    value_loss           | 2.11e+05  |
---------------------------------------
---------------------------------------
| rollout/                |           |
|    ep_len_mean          | 34.6      |
|    ep_rew_mean          | 1.84e+03  |
| time/                   |           |
|    fps                  | 285       |
|    iterations           | 540       |
|    time_elapsed         | 968       |
|    total_timesteps      | 276480    |
| train/                  |           |
|    approx_kl            | 0.0       |
|    clip_fraction        | 0         |
|    clip_range           | 0.2       |
|    entropy_loss         | -0.00063  |
|    explained_variance   | 1.19e-07  |
|    learning_rate        | 0.0003    |
|    loss                 | 2.04e+05  |
|    n_updates            | 2695      |
|    policy_gradient_loss | -3.49e-09 |
|    value_loss           | 3.76e+05  |
---------------------------------------
---------------------------------------
| rollout/                |           |
|    ep_len_mean          | 35.3      |
|    ep_rew_mean          | 1.81e+03  |
| time/                   |           |
|    fps                  | 285       |
|    iterations           | 541       |
|    time_elapsed         | 970       |
|    total_timesteps      | 276992    |
| train/                  |           |
|    approx_kl            | 0.0       |
|    clip_fraction        | 0         |
|    clip_range           | 0.2       |
|    entropy_loss         | -0.000632 |
|    explained_variance   | 0         |
|    learning_rate        | 0.0003    |
|    loss                 | 1.51e+05  |
|    n_updates            | 2700      |
|    policy_gradient_loss | 3.84e-09  |
|    value_loss           | 2.95e+05  |
---------------------------------------
---------------------------------------
| rollout/                |           |
|    ep_len_mean          | 36        |
|    ep_rew_mean          | 1.85e+03  |
| time/                   |           |
|    fps                  | 285       |
|    iterations           | 542       |
|    time_elapsed         | 972       |
|    total_timesteps      | 277504    |
| train/                  |           |
|    approx_kl            | 0.0       |
|    clip_fraction        | 0         |
|    clip_range           | 0.2       |
|    entropy_loss         | -0.000623 |
|    explained_variance   | -1.19e-07 |
|    learning_rate        | 0.0003    |
|    loss                 | 7.63e+04  |
|    n_updates            | 2705      |
|    policy_gradient_loss | 8.06e-09  |
|    value_loss           | 1.92e+05  |
---------------------------------------
---------------------------------------
| rollout/                |           |
|    ep_len_mean          | 36.2      |
|    ep_rew_mean          | 1.95e+03  |
| time/                   |           |
|    fps                  | 285       |
|    iterations           | 543       |
|    time_elapsed         | 973       |
|    total_timesteps      | 278016    |
| train/                  |           |
|    approx_kl            | 0.0       |
|    clip_fraction        | 0         |
|    clip_range           | 0.2       |
|    entropy_loss         | -0.00062  |
|    explained_variance   | -1.19e-07 |
|    learning_rate        | 0.0003    |
|    loss                 | 1.61e+05  |
|    n_updates            | 2710      |
|    policy_gradient_loss | -9.08e-09 |
|    value_loss           | 3.41e+05  |
---------------------------------------
---------------------------------------
| rollout/                |           |
|    ep_len_mean          | 35.3      |
|    ep_rew_mean          | 1.9e+03   |
| time/                   |           |
|    fps                  | 285       |
|    iterations           | 544       |
|    time_elapsed         | 975       |
|    total_timesteps      | 278528    |
| train/                  |           |
|    approx_kl            | 0.0       |
|    clip_fraction        | 0         |
|    clip_range           | 0.2       |
|    entropy_loss         | -0.000632 |
|    explained_variance   | 1.19e-07  |
|    learning_rate        | 0.0003    |
|    loss                 | 3.61e+05  |
|    n_updates            | 2715      |
|    policy_gradient_loss | -2.04e-08 |
|    value_loss           | 6.48e+05  |
---------------------------------------
---------------------------------------
| rollout/                |           |
|    ep_len_mean          | 35.6      |
|    ep_rew_mean          | 1.78e+03  |
| time/                   |           |
|    fps                  | 285       |
|    iterations           | 545       |
|    time_elapsed         | 977       |
|    total_timesteps      | 279040    |
| train/                  |           |
|    approx_kl            | 0.0       |
|    clip_fraction        | 0         |
|    clip_range           | 0.2       |
|    entropy_loss         | -0.000627 |
|    explained_variance   | 0         |
|    learning_rate        | 0.0003    |
|    loss                 | 2.08e+05  |
|    n_updates            | 2720      |
|    policy_gradient_loss | -3.64e-09 |
|    value_loss           | 3.58e+05  |
---------------------------------------
---------------------------------------
| rollout/                |           |
|    ep_len_mean          | 35.2      |
|    ep_rew_mean          | 1.84e+03  |
| time/                   |           |
|    fps                  | 285       |
|    iterations           | 546       |
|    time_elapsed         | 979       |
|    total_timesteps      | 279552    |
| train/                  |           |
|    approx_kl            | 0.0       |
|    clip_fraction        | 0         |
|    clip_range           | 0.2       |
|    entropy_loss         | -0.000631 |
|    explained_variance   | 0         |
|    learning_rate        | 0.0003    |
|    loss                 | 3.61e+05  |
|    n_updates            | 2725      |
|    policy_gradient_loss | -4.49e-09 |
|    value_loss           | 6.53e+05  |
---------------------------------------
---------------------------------------
| rollout/                |           |
|    ep_len_mean          | 35.4      |
|    ep_rew_mean          | 1.78e+03  |
| time/                   |           |
|    fps                  | 285       |
|    iterations           | 547       |
|    time_elapsed         | 981       |
|    total_timesteps      | 280064    |
| train/                  |           |
|    approx_kl            | 0.0       |
|    clip_fraction        | 0         |
|    clip_range           | 0.2       |
|    entropy_loss         | -0.000628 |
|    explained_variance   | 0         |
|    learning_rate        | 0.0003    |
|    loss                 | 1.22e+05  |
|    n_updates            | 2730      |
|    policy_gradient_loss | -1e-08    |
|    value_loss           | 2.47e+05  |
---------------------------------------
---------------------------------------
| rollout/                |           |
|    ep_len_mean          | 35.5      |
|    ep_rew_mean          | 1.85e+03  |
| time/                   |           |
|    fps                  | 285       |
|    iterations           | 548       |
|    time_elapsed         | 982       |
|    total_timesteps      | 280576    |
| train/                  |           |
|    approx_kl            | 0.0       |
|    clip_fraction        | 0         |
|    clip_range           | 0.2       |
|    entropy_loss         | -0.000638 |
|    explained_variance   | 1.19e-07  |
|    learning_rate        | 0.0003    |
|    loss                 | 1.7e+05   |
|    n_updates            | 2735      |
|    policy_gradient_loss | 3.91e-09  |
|    value_loss           | 3.46e+05  |
---------------------------------------
---------------------------------------
| rollout/                |           |
|    ep_len_mean          | 34.6      |
|    ep_rew_mean          | 1.79e+03  |
| time/                   |           |
|    fps                  | 285       |
|    iterations           | 549       |
|    time_elapsed         | 984       |
|    total_timesteps      | 281088    |
| train/                  |           |
|    approx_kl            | 0.0       |
|    clip_fraction        | 0         |
|    clip_range           | 0.2       |
|    entropy_loss         | -0.000637 |
|    explained_variance   | 5.96e-08  |
|    learning_rate        | 0.0003    |
|    loss                 | 1.96e+05  |
|    n_updates            | 2740      |
|    policy_gradient_loss | -5.8e-09  |
|    value_loss           | 4.25e+05  |
---------------------------------------
---------------------------------------
| rollout/                |           |
|    ep_len_mean          | 33.9      |
|    ep_rew_mean          | 1.64e+03  |
| time/                   |           |
|    fps                  | 285       |
|    iterations           | 550       |
|    time_elapsed         | 986       |
|    total_timesteps      | 281600    |
| train/                  |           |
|    approx_kl            | 0.0       |
|    clip_fraction        | 0         |
|    clip_range           | 0.2       |
|    entropy_loss         | -0.000632 |
|    explained_variance   | -1.19e-07 |
|    learning_rate        | 0.0003    |
|    loss                 | 1.12e+05  |
|    n_updates            | 2745      |
|    policy_gradient_loss | 8.48e-09  |
|    value_loss           | 2.18e+05  |
---------------------------------------
---------------------------------------
| rollout/                |           |
|    ep_len_mean          | 34.8      |
|    ep_rew_mean          | 1.85e+03  |
| time/                   |           |
|    fps                  | 285       |
|    iterations           | 551       |
|    time_elapsed         | 988       |
|    total_timesteps      | 282112    |
| train/                  |           |
|    approx_kl            | 0.0       |
|    clip_fraction        | 0         |
|    clip_range           | 0.2       |
|    entropy_loss         | -0.000627 |
|    explained_variance   | -1.19e-07 |
|    learning_rate        | 0.0003    |
|    loss                 | 1.25e+05  |
|    n_updates            | 2750      |
|    policy_gradient_loss | -2.47e-09 |
|    value_loss           | 2.14e+05  |
---------------------------------------
--------------------------------------
| rollout/                |          |
|    ep_len_mean          | 35.5     |
|    ep_rew_mean          | 1.95e+03 |
| time/                   |          |
|    fps                  | 285      |
|    iterations           | 552      |
|    time_elapsed         | 989      |
|    total_timesteps      | 282624   |
| train/                  |          |
|    approx_kl            | 0.0      |
|    clip_fraction        | 0        |
|    clip_range           | 0.2      |
|    entropy_loss         | -0.00063 |
|    explained_variance   | 0        |
|    learning_rate        | 0.0003   |
|    loss                 | 1.53e+05 |
|    n_updates            | 2755     |
|    policy_gradient_loss | -4.7e-09 |
|    value_loss           | 2.42e+05 |
--------------------------------------
---------------------------------------
| rollout/                |           |
|    ep_len_mean          | 36.6      |
|    ep_rew_mean          | 2.02e+03  |
| time/                   |           |
|    fps                  | 285       |
|    iterations           | 553       |
|    time_elapsed         | 991       |
|    total_timesteps      | 283136    |
| train/                  |           |
|    approx_kl            | 0.0       |
|    clip_fraction        | 0         |
|    clip_range           | 0.2       |
|    entropy_loss         | -0.000633 |
|    explained_variance   | 0         |
|    learning_rate        | 0.0003    |
|    loss                 | 1.87e+05  |
|    n_updates            | 2760      |
|    policy_gradient_loss | 5.38e-09  |
|    value_loss           | 3.66e+05  |
---------------------------------------
---------------------------------------
| rollout/                |           |
|    ep_len_mean          | 36.6      |
|    ep_rew_mean          | 2.05e+03  |
| time/                   |           |
|    fps                  | 285       |
|    iterations           | 554       |
|    time_elapsed         | 993       |
|    total_timesteps      | 283648    |
| train/                  |           |
|    approx_kl            | 0.0       |
|    clip_fraction        | 0         |
|    clip_range           | 0.2       |
|    entropy_loss         | -0.000639 |
|    explained_variance   | 0         |
|    learning_rate        | 0.0003    |
|    loss                 | 1.88e+05  |
|    n_updates            | 2765      |
|    policy_gradient_loss | -1.11e-08 |
|    value_loss           | 3.15e+05  |
---------------------------------------
---------------------------------------
| rollout/                |           |
|    ep_len_mean          | 37.5      |
|    ep_rew_mean          | 2.12e+03  |
| time/                   |           |
|    fps                  | 285       |
|    iterations           | 555       |
|    time_elapsed         | 995       |
|    total_timesteps      | 284160    |
| train/                  |           |
|    approx_kl            | 0.0       |
|    clip_fraction        | 0         |
|    clip_range           | 0.2       |
|    entropy_loss         | -0.000629 |
|    explained_variance   | -1.19e-07 |
|    learning_rate        | 0.0003    |
|    loss                 | 2.26e+05  |
|    n_updates            | 2770      |
|    policy_gradient_loss | 3.8e-09   |
|    value_loss           | 4.92e+05  |
---------------------------------------
---------------------------------------
| rollout/                |           |
|    ep_len_mean          | 38.6      |
|    ep_rew_mean          | 2.16e+03  |
| time/                   |           |
|    fps                  | 285       |
|    iterations           | 556       |
|    time_elapsed         | 997       |
|    total_timesteps      | 284672    |
| train/                  |           |
|    approx_kl            | 0.0       |
|    clip_fraction        | 0         |
|    clip_range           | 0.2       |
|    entropy_loss         | -0.000649 |
|    explained_variance   | 1.19e-07  |
|    learning_rate        | 0.0003    |
|    loss                 | 1.76e+05  |
|    n_updates            | 2775      |
|    policy_gradient_loss | 2.58e-09  |
|    value_loss           | 3.59e+05  |
---------------------------------------
---------------------------------------
| rollout/                |           |
|    ep_len_mean          | 39.3      |
|    ep_rew_mean          | 2.22e+03  |
| time/                   |           |
|    fps                  | 285       |
|    iterations           | 557       |
|    time_elapsed         | 999       |
|    total_timesteps      | 285184    |
| train/                  |           |
|    approx_kl            | 0.0       |
|    clip_fraction        | 0         |
|    clip_range           | 0.2       |
|    entropy_loss         | -0.000634 |
|    explained_variance   | -1.19e-07 |
|    learning_rate        | 0.0003    |
|    loss                 | 1.3e+05   |
|    n_updates            | 2780      |
|    policy_gradient_loss | -7.26e-09 |
|    value_loss           | 2.62e+05  |
---------------------------------------
---------------------------------------
| rollout/                |           |
|    ep_len_mean          | 39.4      |
|    ep_rew_mean          | 2.23e+03  |
| time/                   |           |
|    fps                  | 285       |
|    iterations           | 558       |
|    time_elapsed         | 1001      |
|    total_timesteps      | 285696    |
| train/                  |           |
|    approx_kl            | 0.0       |
|    clip_fraction        | 0         |
|    clip_range           | 0.2       |
|    entropy_loss         | -0.00063  |
|    explained_variance   | -1.19e-07 |
|    learning_rate        | 0.0003    |
|    loss                 | 1.38e+05  |
|    n_updates            | 2785      |
|    policy_gradient_loss | -7.61e-09 |
|    value_loss           | 2.95e+05  |
---------------------------------------
---------------------------------------
| rollout/                |           |
|    ep_len_mean          | 39.4      |
|    ep_rew_mean          | 2.21e+03  |
| time/                   |           |
|    fps                  | 285       |
|    iterations           | 559       |
|    time_elapsed         | 1003      |
|    total_timesteps      | 286208    |
| train/                  |           |
|    approx_kl            | 0.0       |
|    clip_fraction        | 0         |
|    clip_range           | 0.2       |
|    entropy_loss         | -0.000643 |
|    explained_variance   | 0         |
|    learning_rate        | 0.0003    |
|    loss                 | 1.53e+05  |
|    n_updates            | 2790      |
|    policy_gradient_loss | -6.17e-09 |
|    value_loss           | 2.68e+05  |
---------------------------------------
---------------------------------------
| rollout/                |           |
|    ep_len_mean          | 39.2      |
|    ep_rew_mean          | 2.17e+03  |
| time/                   |           |
|    fps                  | 285       |
|    iterations           | 560       |
|    time_elapsed         | 1005      |
|    total_timesteps      | 286720    |
| train/                  |           |
|    approx_kl            | 0.0       |
|    clip_fraction        | 0         |
|    clip_range           | 0.2       |
|    entropy_loss         | -0.000632 |
|    explained_variance   | 0         |
|    learning_rate        | 0.0003    |
|    loss                 | 1.04e+05  |
|    n_updates            | 2795      |
|    policy_gradient_loss | -8.64e-09 |
|    value_loss           | 2.36e+05  |
---------------------------------------
---------------------------------------
| rollout/                |           |
|    ep_len_mean          | 38.6      |
|    ep_rew_mean          | 2.18e+03  |
| time/                   |           |
|    fps                  | 285       |
|    iterations           | 561       |
|    time_elapsed         | 1007      |
|    total_timesteps      | 287232    |
| train/                  |           |
|    approx_kl            | 0.0       |
|    clip_fraction        | 0         |
|    clip_range           | 0.2       |
|    entropy_loss         | -0.000635 |
|    explained_variance   | -1.19e-07 |
|    learning_rate        | 0.0003    |
|    loss                 | 1.46e+05  |
|    n_updates            | 2800      |
|    policy_gradient_loss | -5.12e-10 |
|    value_loss           | 2.77e+05  |
---------------------------------------
---------------------------------------
| rollout/                |           |
|    ep_len_mean          | 38.5      |
|    ep_rew_mean          | 2.12e+03  |
| time/                   |           |
|    fps                  | 285       |
|    iterations           | 562       |
|    time_elapsed         | 1009      |
|    total_timesteps      | 287744    |
| train/                  |           |
|    approx_kl            | 0.0       |
|    clip_fraction        | 0         |
|    clip_range           | 0.2       |
|    entropy_loss         | -0.000627 |
|    explained_variance   | -1.19e-07 |
|    learning_rate        | 0.0003    |
|    loss                 | 1.53e+05  |
|    n_updates            | 2805      |
|    policy_gradient_loss | 9.1e-09   |
|    value_loss           | 2.62e+05  |
---------------------------------------
---------------------------------------
| rollout/                |           |
|    ep_len_mean          | 38.4      |
|    ep_rew_mean          | 2.08e+03  |
| time/                   |           |
|    fps                  | 285       |
|    iterations           | 563       |
|    time_elapsed         | 1010      |
|    total_timesteps      | 288256    |
| train/                  |           |
|    approx_kl            | 0.0       |
|    clip_fraction        | 0         |
|    clip_range           | 0.2       |
|    entropy_loss         | -0.000626 |
|    explained_variance   | -1.19e-07 |
|    learning_rate        | 0.0003    |
|    loss                 | 1.02e+05  |
|    n_updates            | 2810      |
|    policy_gradient_loss | -2e-09    |
|    value_loss           | 2.17e+05  |
---------------------------------------
---------------------------------------
| rollout/                |           |
|    ep_len_mean          | 38        |
|    ep_rew_mean          | 2.05e+03  |
| time/                   |           |
|    fps                  | 285       |
|    iterations           | 564       |
|    time_elapsed         | 1012      |
|    total_timesteps      | 288768    |
| train/                  |           |
|    approx_kl            | 0.0       |
|    clip_fraction        | 0         |
|    clip_range           | 0.2       |
|    entropy_loss         | -0.000627 |
|    explained_variance   | 0         |
|    learning_rate        | 0.0003    |
|    loss                 | 8.78e+04  |
|    n_updates            | 2815      |
|    policy_gradient_loss | -4.42e-10 |
|    value_loss           | 2.32e+05  |
---------------------------------------
---------------------------------------
| rollout/                |           |
|    ep_len_mean          | 38.2      |
|    ep_rew_mean          | 2.07e+03  |
| time/                   |           |
|    fps                  | 285       |
|    iterations           | 565       |
|    time_elapsed         | 1014      |
|    total_timesteps      | 289280    |
| train/                  |           |
|    approx_kl            | 0.0       |
|    clip_fraction        | 0         |
|    clip_range           | 0.2       |
|    entropy_loss         | -0.000632 |
|    explained_variance   | -1.19e-07 |
|    learning_rate        | 0.0003    |
|    loss                 | 1.41e+05  |
|    n_updates            | 2820      |
|    policy_gradient_loss | -5.82e-09 |
|    value_loss           | 2.46e+05  |
---------------------------------------
---------------------------------------
| rollout/                |           |
|    ep_len_mean          | 39.1      |
|    ep_rew_mean          | 2.1e+03   |
| time/                   |           |
|    fps                  | 285       |
|    iterations           | 566       |
|    time_elapsed         | 1016      |
|    total_timesteps      | 289792    |
| train/                  |           |
|    approx_kl            | 0.0       |
|    clip_fraction        | 0         |
|    clip_range           | 0.2       |
|    entropy_loss         | -0.000629 |
|    explained_variance   | -2.38e-07 |
|    learning_rate        | 0.0003    |
|    loss                 | 1.5e+05   |
|    n_updates            | 2825      |
|    policy_gradient_loss | -4.61e-09 |
|    value_loss           | 3.1e+05   |
---------------------------------------
---------------------------------------
| rollout/                |           |
|    ep_len_mean          | 39        |
|    ep_rew_mean          | 2.12e+03  |
| time/                   |           |
|    fps                  | 285       |
|    iterations           | 567       |
|    time_elapsed         | 1017      |
|    total_timesteps      | 290304    |
| train/                  |           |
|    approx_kl            | 0.0       |
|    clip_fraction        | 0         |
|    clip_range           | 0.2       |
|    entropy_loss         | -0.000633 |
|    explained_variance   | 0         |
|    learning_rate        | 0.0003    |
|    loss                 | 9.99e+04  |
|    n_updates            | 2830      |
|    policy_gradient_loss | 1.36e-08  |
|    value_loss           | 2.06e+05  |
---------------------------------------
---------------------------------------
| rollout/                |           |
|    ep_len_mean          | 39.5      |
|    ep_rew_mean          | 2.14e+03  |
| time/                   |           |
|    fps                  | 285       |
|    iterations           | 568       |
|    time_elapsed         | 1019      |
|    total_timesteps      | 290816    |
| train/                  |           |
|    approx_kl            | 0.0       |
|    clip_fraction        | 0         |
|    clip_range           | 0.2       |
|    entropy_loss         | -0.000636 |
|    explained_variance   | 0         |
|    learning_rate        | 0.0003    |
|    loss                 | 1.24e+05  |
|    n_updates            | 2835      |
|    policy_gradient_loss | -5.75e-09 |
|    value_loss           | 2.92e+05  |
---------------------------------------
---------------------------------------
| rollout/                |           |
|    ep_len_mean          | 38.5      |
|    ep_rew_mean          | 2.01e+03  |
| time/                   |           |
|    fps                  | 285       |
|    iterations           | 569       |
|    time_elapsed         | 1021      |
|    total_timesteps      | 291328    |
| train/                  |           |
|    approx_kl            | 0.0       |
|    clip_fraction        | 0         |
|    clip_range           | 0.2       |
|    entropy_loss         | -0.000641 |
|    explained_variance   | -2.38e-07 |
|    learning_rate        | 0.0003    |
|    loss                 | 1.71e+05  |
|    n_updates            | 2840      |
|    policy_gradient_loss | 5.55e-09  |
|    value_loss           | 3.03e+05  |
---------------------------------------
---------------------------------------
| rollout/                |           |
|    ep_len_mean          | 37.6      |
|    ep_rew_mean          | 2e+03     |
| time/                   |           |
|    fps                  | 285       |
|    iterations           | 570       |
|    time_elapsed         | 1023      |
|    total_timesteps      | 291840    |
| train/                  |           |
|    approx_kl            | 0.0       |
|    clip_fraction        | 0         |
|    clip_range           | 0.2       |
|    entropy_loss         | -0.000639 |
|    explained_variance   | 0         |
|    learning_rate        | 0.0003    |
|    loss                 | 1.79e+05  |
|    n_updates            | 2845      |
|    policy_gradient_loss | 1.51e-09  |
|    value_loss           | 4.69e+05  |
---------------------------------------
---------------------------------------
| rollout/                |           |
|    ep_len_mean          | 37.3      |
|    ep_rew_mean          | 1.94e+03  |
| time/                   |           |
|    fps                  | 285       |
|    iterations           | 571       |
|    time_elapsed         | 1024      |
|    total_timesteps      | 292352    |
| train/                  |           |
|    approx_kl            | 0.0       |
|    clip_fraction        | 0         |
|    clip_range           | 0.2       |
|    entropy_loss         | -0.000634 |
|    explained_variance   | 0         |
|    learning_rate        | 0.0003    |
|    loss                 | 1.64e+05  |
|    n_updates            | 2850      |
|    policy_gradient_loss | 1.75e-09  |
|    value_loss           | 3.75e+05  |
---------------------------------------
---------------------------------------
| rollout/                |           |
|    ep_len_mean          | 37.8      |
|    ep_rew_mean          | 1.99e+03  |
| time/                   |           |
|    fps                  | 285       |
|    iterations           | 572       |
|    time_elapsed         | 1026      |
|    total_timesteps      | 292864    |
| train/                  |           |
|    approx_kl            | 0.0       |
|    clip_fraction        | 0         |
|    clip_range           | 0.2       |
|    entropy_loss         | -0.000632 |
|    explained_variance   | 1.19e-07  |
|    learning_rate        | 0.0003    |
|    loss                 | 1.94e+05  |
|    n_updates            | 2855      |
|    policy_gradient_loss | 5.7e-10   |
|    value_loss           | 3.8e+05   |
---------------------------------------
---------------------------------------
| rollout/                |           |
|    ep_len_mean          | 36.2      |
|    ep_rew_mean          | 1.92e+03  |
| time/                   |           |
|    fps                  | 285       |
|    iterations           | 573       |
|    time_elapsed         | 1028      |
|    total_timesteps      | 293376    |
| train/                  |           |
|    approx_kl            | 0.0       |
|    clip_fraction        | 0         |
|    clip_range           | 0.2       |
|    entropy_loss         | -0.000634 |
|    explained_variance   | 0         |
|    learning_rate        | 0.0003    |
|    loss                 | 1.33e+05  |
|    n_updates            | 2860      |
|    policy_gradient_loss | 3.86e-09  |
|    value_loss           | 2.8e+05   |
---------------------------------------
---------------------------------------
| rollout/                |           |
|    ep_len_mean          | 34.7      |
|    ep_rew_mean          | 1.85e+03  |
| time/                   |           |
|    fps                  | 285       |
|    iterations           | 574       |
|    time_elapsed         | 1030      |
|    total_timesteps      | 293888    |
| train/                  |           |
|    approx_kl            | 0.0       |
|    clip_fraction        | 0         |
|    clip_range           | 0.2       |
|    entropy_loss         | -0.000644 |
|    explained_variance   | -1.19e-07 |
|    learning_rate        | 0.0003    |
|    loss                 | 1.14e+05  |
|    n_updates            | 2865      |
|    policy_gradient_loss | -4.31e-09 |
|    value_loss           | 2.22e+05  |
---------------------------------------
---------------------------------------
| rollout/                |           |
|    ep_len_mean          | 35.6      |
|    ep_rew_mean          | 1.79e+03  |
| time/                   |           |
|    fps                  | 285       |
|    iterations           | 575       |
|    time_elapsed         | 1031      |
|    total_timesteps      | 294400    |
| train/                  |           |
|    approx_kl            | 0.0       |
|    clip_fraction        | 0         |
|    clip_range           | 0.2       |
|    entropy_loss         | -0.00064  |
|    explained_variance   | 1.19e-07  |
|    learning_rate        | 0.0003    |
|    loss                 | 8.32e+04  |
|    n_updates            | 2870      |
|    policy_gradient_loss | -1.08e-08 |
|    value_loss           | 2.08e+05  |
---------------------------------------
--------------------------------------
| rollout/                |          |
|    ep_len_mean          | 36.8     |
|    ep_rew_mean          | 1.93e+03 |
| time/                   |          |
|    fps                  | 285      |
|    iterations           | 576      |
|    time_elapsed         | 1033     |
|    total_timesteps      | 294912   |
| train/                  |          |
|    approx_kl            | 0.0      |
|    clip_fraction        | 0        |
|    clip_range           | 0.2      |
|    entropy_loss         | -0.00063 |
|    explained_variance   | 0        |
|    learning_rate        | 0.0003   |
|    loss                 | 2.01e+05 |
|    n_updates            | 2875     |
|    policy_gradient_loss | 1.09e-08 |
|    value_loss           | 3.66e+05 |
--------------------------------------
---------------------------------------
| rollout/                |           |
|    ep_len_mean          | 36.5      |
|    ep_rew_mean          | 1.93e+03  |
| time/                   |           |
|    fps                  | 285       |
|    iterations           | 577       |
|    time_elapsed         | 1035      |
|    total_timesteps      | 295424    |
| train/                  |           |
|    approx_kl            | 0.0       |
|    clip_fraction        | 0         |
|    clip_range           | 0.2       |
|    entropy_loss         | -0.000635 |
|    explained_variance   | 0         |
|    learning_rate        | 0.0003    |
|    loss                 | 2.2e+05   |
|    n_updates            | 2880      |
|    policy_gradient_loss | -2.07e-09 |
|    value_loss           | 4.68e+05  |
---------------------------------------
---------------------------------------
| rollout/                |           |
|    ep_len_mean          | 36.4      |
|    ep_rew_mean          | 1.95e+03  |
| time/                   |           |
|    fps                  | 285       |
|    iterations           | 578       |
|    time_elapsed         | 1036      |
|    total_timesteps      | 295936    |
| train/                  |           |
|    approx_kl            | 0.0       |
|    clip_fraction        | 0         |
|    clip_range           | 0.2       |
|    entropy_loss         | -0.000653 |
|    explained_variance   | 0         |
|    learning_rate        | 0.0003    |
|    loss                 | 2.07e+05  |
|    n_updates            | 2885      |
|    policy_gradient_loss | 4.87e-09  |
|    value_loss           | 2.82e+05  |
---------------------------------------
---------------------------------------
| rollout/                |           |
|    ep_len_mean          | 36        |
|    ep_rew_mean          | 1.95e+03  |
| time/                   |           |
|    fps                  | 285       |
|    iterations           | 579       |
|    time_elapsed         | 1038      |
|    total_timesteps      | 296448    |
| train/                  |           |
|    approx_kl            | 0.0       |
|    clip_fraction        | 0         |
|    clip_range           | 0.2       |
|    entropy_loss         | -0.000639 |
|    explained_variance   | 0         |
|    learning_rate        | 0.0003    |
|    loss                 | 1.22e+05  |
|    n_updates            | 2890      |
|    policy_gradient_loss | -6.4e-09  |
|    value_loss           | 2.75e+05  |
---------------------------------------
---------------------------------------
| rollout/                |           |
|    ep_len_mean          | 38        |
|    ep_rew_mean          | 2.09e+03  |
| time/                   |           |
|    fps                  | 285       |
|    iterations           | 580       |
|    time_elapsed         | 1040      |
|    total_timesteps      | 296960    |
| train/                  |           |
|    approx_kl            | 0.0       |
|    clip_fraction        | 0         |
|    clip_range           | 0.2       |
|    entropy_loss         | -0.000634 |
|    explained_variance   | 0         |
|    learning_rate        | 0.0003    |
|    loss                 | 1.91e+05  |
|    n_updates            | 2895      |
|    policy_gradient_loss | -7.17e-09 |
|    value_loss           | 3.52e+05  |
---------------------------------------
---------------------------------------
| rollout/                |           |
|    ep_len_mean          | 38.4      |
|    ep_rew_mean          | 2.12e+03  |
| time/                   |           |
|    fps                  | 285       |
|    iterations           | 581       |
|    time_elapsed         | 1042      |
|    total_timesteps      | 297472    |
| train/                  |           |
|    approx_kl            | 0.0       |
|    clip_fraction        | 0         |
|    clip_range           | 0.2       |
|    entropy_loss         | -0.000647 |
|    explained_variance   | 1.19e-07  |
|    learning_rate        | 0.0003    |
|    loss                 | 3.15e+05  |
|    n_updates            | 2900      |
|    policy_gradient_loss | -1.07e-08 |
|    value_loss           | 4.84e+05  |
---------------------------------------
---------------------------------------
| rollout/                |           |
|    ep_len_mean          | 38.2      |
|    ep_rew_mean          | 2.19e+03  |
| time/                   |           |
|    fps                  | 285       |
|    iterations           | 582       |
|    time_elapsed         | 1044      |
|    total_timesteps      | 297984    |
| train/                  |           |
|    approx_kl            | 0.0       |
|    clip_fraction        | 0         |
|    clip_range           | 0.2       |
|    entropy_loss         | -0.000638 |
|    explained_variance   | 1.79e-07  |
|    learning_rate        | 0.0003    |
|    loss                 | 1.36e+05  |
|    n_updates            | 2905      |
|    policy_gradient_loss | 7.33e-09  |
|    value_loss           | 2.97e+05  |
---------------------------------------
---------------------------------------
| rollout/                |           |
|    ep_len_mean          | 38.5      |
|    ep_rew_mean          | 2.25e+03  |
| time/                   |           |
|    fps                  | 285       |
|    iterations           | 583       |
|    time_elapsed         | 1045      |
|    total_timesteps      | 298496    |
| train/                  |           |
|    approx_kl            | 0.0       |
|    clip_fraction        | 0         |
|    clip_range           | 0.2       |
|    entropy_loss         | -0.00064  |
|    explained_variance   | 0         |
|    learning_rate        | 0.0003    |
|    loss                 | 1.63e+05  |
|    n_updates            | 2910      |
|    policy_gradient_loss | -5.77e-09 |
|    value_loss           | 2.66e+05  |
---------------------------------------
---------------------------------------
| rollout/                |           |
|    ep_len_mean          | 37.4      |
|    ep_rew_mean          | 2.2e+03   |
| time/                   |           |
|    fps                  | 285       |
|    iterations           | 584       |
|    time_elapsed         | 1047      |
|    total_timesteps      | 299008    |
| train/                  |           |
|    approx_kl            | 0.0       |
|    clip_fraction        | 0         |
|    clip_range           | 0.2       |
|    entropy_loss         | -0.000633 |
|    explained_variance   | 0         |
|    learning_rate        | 0.0003    |
|    loss                 | 1.31e+05  |
|    n_updates            | 2915      |
|    policy_gradient_loss | -7.43e-09 |
|    value_loss           | 2.73e+05  |
---------------------------------------
---------------------------------------
| rollout/                |           |
|    ep_len_mean          | 38        |
|    ep_rew_mean          | 2.26e+03  |
| time/                   |           |
|    fps                  | 285       |
|    iterations           | 585       |
|    time_elapsed         | 1049      |
|    total_timesteps      | 299520    |
| train/                  |           |
|    approx_kl            | 0.0       |
|    clip_fraction        | 0         |
|    clip_range           | 0.2       |
|    entropy_loss         | -0.000636 |
|    explained_variance   | 0         |
|    learning_rate        | 0.0003    |
|    loss                 | 1.71e+05  |
|    n_updates            | 2920      |
|    policy_gradient_loss | -8.92e-09 |
|    value_loss           | 3.36e+05  |
---------------------------------------
---------------------------------------
| rollout/                |           |
|    ep_len_mean          | 38.9      |
|    ep_rew_mean          | 2.18e+03  |
| time/                   |           |
|    fps                  | 285       |
|    iterations           | 586       |
|    time_elapsed         | 1051      |
|    total_timesteps      | 300032    |
| train/                  |           |
|    approx_kl            | 0.0       |
|    clip_fraction        | 0         |
|    clip_range           | 0.2       |
|    entropy_loss         | -0.000636 |
|    explained_variance   | 0         |
|    learning_rate        | 0.0003    |
|    loss                 | 2.27e+05  |
|    n_updates            | 2925      |
|    policy_gradient_loss | 2.35e-09  |
|    value_loss           | 3.95e+05  |
---------------------------------------

Model saved -> models/variants/ppo_bpic2017_cate.zip
   Manifest → models/variants/ppo_bpic2017_cate_manifest.json
   Training curve (9721 episodes) → models/variants/ppo_bpic2017_cate_training_curve.csv
