/home/andrew/Documents/docs/2-resolver-problema/process-mining/prescriptive-process-monitoring/timing-explanations-pspm/.venv/lib/python3.14/site-packages/stable_baselines3/common/on_policy_algorithm.py:150: UserWarning: You are trying to run PPO on the GPU, but it is primarily intended to run on the CPU when not using a CNN policy (you are using ActorCriticPolicy which should be a MlpPolicy). See https://github.com/DLR-RM/stable-baselines3/issues/1245 for more info. You can pass `device='cpu'` or `export CUDA_VISIBLE_DEVICES=` to force using the CPU.Note: The model will train, but the GPU utilization will be poor and the training might take longer than on CPU.
  warnings.warn(
Loading env from data/retrained_state_bpic2012.csv ...
Training PPO for 300,000 timesteps (seed=42) ...
Using cuda device
Wrapping the env in a DummyVecEnv.
---------------------------------
| rollout/           |          |
|    ep_len_mean     | 2.03     |
|    ep_rew_mean     | -0.105   |
| time/              |          |
|    fps             | 266      |
|    iterations      | 1        |
|    time_elapsed    | 1        |
|    total_timesteps | 512      |
---------------------------------
-----------------------------------------
| rollout/                |             |
|    ep_len_mean          | 2.11        |
|    ep_rew_mean          | -0.19       |
| time/                   |             |
|    fps                  | 242         |
|    iterations           | 2           |
|    time_elapsed         | 4           |
|    total_timesteps      | 1024        |
| train/                  |             |
|    approx_kl            | 0.017627008 |
|    clip_fraction        | 0.268       |
|    clip_range           | 0.2         |
|    entropy_loss         | -0.681      |
|    explained_variance   | -0.0362     |
|    learning_rate        | 0.0003      |
|    loss                 | 0.00135     |
|    n_updates            | 5           |
|    policy_gradient_loss | -0.0395     |
|    value_loss           | 0.787       |
-----------------------------------------
----------------------------------------
| rollout/                |            |
|    ep_len_mean          | 3.2        |
|    ep_rew_mean          | -0.08      |
| time/                   |            |
|    fps                  | 251        |
|    iterations           | 3          |
|    time_elapsed         | 6          |
|    total_timesteps      | 1536       |
| train/                  |            |
|    approx_kl            | 0.02178863 |
|    clip_fraction        | 0.0906     |
|    clip_range           | 0.2        |
|    entropy_loss         | -0.651     |
|    explained_variance   | -0.00283   |
|    learning_rate        | 0.0003     |
|    loss                 | 0.254      |
|    n_updates            | 10         |
|    policy_gradient_loss | -0.0273    |
|    value_loss           | 1.18       |
----------------------------------------
----------------------------------------
| rollout/                |            |
|    ep_len_mean          | 3.58       |
|    ep_rew_mean          | 0.355      |
| time/                   |            |
|    fps                  | 261        |
|    iterations           | 4          |
|    time_elapsed         | 7          |
|    total_timesteps      | 2048       |
| train/                  |            |
|    approx_kl            | 0.00587262 |
|    clip_fraction        | 0.0539     |
|    clip_range           | 0.2        |
|    entropy_loss         | -0.599     |
|    explained_variance   | 0.0235     |
|    learning_rate        | 0.0003     |
|    loss                 | 0.674      |
|    n_updates            | 15         |
|    policy_gradient_loss | -0.0198    |
|    value_loss           | 1.94       |
----------------------------------------
-----------------------------------------
| rollout/                |             |
|    ep_len_mean          | 4.51        |
|    ep_rew_mean          | 0.665       |
| time/                   |             |
|    fps                  | 270         |
|    iterations           | 5           |
|    time_elapsed         | 9           |
|    total_timesteps      | 2560        |
| train/                  |             |
|    approx_kl            | 0.019855417 |
|    clip_fraction        | 0.134       |
|    clip_range           | 0.2         |
|    entropy_loss         | -0.546      |
|    explained_variance   | -0.012      |
|    learning_rate        | 0.0003      |
|    loss                 | 1.07        |
|    n_updates            | 20          |
|    policy_gradient_loss | -0.0286     |
|    value_loss           | 2.65        |
-----------------------------------------
-----------------------------------------
| rollout/                |             |
|    ep_len_mean          | 5.49        |
|    ep_rew_mean          | 0.748       |
| time/                   |             |
|    fps                  | 277         |
|    iterations           | 6           |
|    time_elapsed         | 11          |
|    total_timesteps      | 3072        |
| train/                  |             |
|    approx_kl            | 0.006330033 |
|    clip_fraction        | 0.0648      |
|    clip_range           | 0.2         |
|    entropy_loss         | -0.467      |
|    explained_variance   | 0.0361      |
|    learning_rate        | 0.0003      |
|    loss                 | 1.95        |
|    n_updates            | 25          |
|    policy_gradient_loss | -0.0188     |
|    value_loss           | 3.9         |
-----------------------------------------
------------------------------------------
| rollout/                |              |
|    ep_len_mean          | 5.81         |
|    ep_rew_mean          | 0.812        |
| time/                   |              |
|    fps                  | 277          |
|    iterations           | 7            |
|    time_elapsed         | 12           |
|    total_timesteps      | 3584         |
| train/                  |              |
|    approx_kl            | 0.0040995274 |
|    clip_fraction        | 0.0172       |
|    clip_range           | 0.2          |
|    entropy_loss         | -0.432       |
|    explained_variance   | 0.0481       |
|    learning_rate        | 0.0003       |
|    loss                 | 2.35         |
|    n_updates            | 30           |
|    policy_gradient_loss | -0.00903     |
|    value_loss           | 4.91         |
------------------------------------------
-----------------------------------------
| rollout/                |             |
|    ep_len_mean          | 6.13        |
|    ep_rew_mean          | 1.03        |
| time/                   |             |
|    fps                  | 279         |
|    iterations           | 8           |
|    time_elapsed         | 14          |
|    total_timesteps      | 4096        |
| train/                  |             |
|    approx_kl            | 0.000303232 |
|    clip_fraction        | 0           |
|    clip_range           | 0.2         |
|    entropy_loss         | -0.398      |
|    explained_variance   | -0.000163   |
|    learning_rate        | 0.0003      |
|    loss                 | 3.08        |
|    n_updates            | 35          |
|    policy_gradient_loss | -0.00233    |
|    value_loss           | 6.64        |
-----------------------------------------
------------------------------------------
| rollout/                |              |
|    ep_len_mean          | 6.84         |
|    ep_rew_mean          | 1.37         |
| time/                   |              |
|    fps                  | 281          |
|    iterations           | 9            |
|    time_elapsed         | 16           |
|    total_timesteps      | 4608         |
| train/                  |              |
|    approx_kl            | 0.0025026563 |
|    clip_fraction        | 0.0125       |
|    clip_range           | 0.2          |
|    entropy_loss         | -0.367       |
|    explained_variance   | 0.0296       |
|    learning_rate        | 0.0003       |
|    loss                 | 2.99         |
|    n_updates            | 40           |
|    policy_gradient_loss | -0.00944     |
|    value_loss           | 7.07         |
------------------------------------------
------------------------------------------
| rollout/                |              |
|    ep_len_mean          | 7.75         |
|    ep_rew_mean          | 0.78         |
| time/                   |              |
|    fps                  | 283          |
|    iterations           | 10           |
|    time_elapsed         | 18           |
|    total_timesteps      | 5120         |
| train/                  |              |
|    approx_kl            | 0.0020241234 |
|    clip_fraction        | 0.00977      |
|    clip_range           | 0.2          |
|    entropy_loss         | -0.326       |
|    explained_variance   | 0.0611       |
|    learning_rate        | 0.0003       |
|    loss                 | 3.34         |
|    n_updates            | 45           |
|    policy_gradient_loss | -0.00923     |
|    value_loss           | 5.76         |
------------------------------------------
-----------------------------------------
| rollout/                |             |
|    ep_len_mean          | 4.96        |
|    ep_rew_mean          | 0.505       |
| time/                   |             |
|    fps                  | 283         |
|    iterations           | 11          |
|    time_elapsed         | 19          |
|    total_timesteps      | 5632        |
| train/                  |             |
|    approx_kl            | 0.021555964 |
|    clip_fraction        | 0.0605      |
|    clip_range           | 0.2         |
|    entropy_loss         | -0.4        |
|    explained_variance   | 0.0563      |
|    learning_rate        | 0.0003      |
|    loss                 | 6.21        |
|    n_updates            | 50          |
|    policy_gradient_loss | 0.00608     |
|    value_loss           | 11.3        |
-----------------------------------------
------------------------------------------
| rollout/                |              |
|    ep_len_mean          | 5.11         |
|    ep_rew_mean          | 0.983        |
| time/                   |              |
|    fps                  | 283          |
|    iterations           | 12           |
|    time_elapsed         | 21           |
|    total_timesteps      | 6144         |
| train/                  |              |
|    approx_kl            | 0.0075611356 |
|    clip_fraction        | 0.0402       |
|    clip_range           | 0.2          |
|    entropy_loss         | -0.416       |
|    explained_variance   | 0.0953       |
|    learning_rate        | 0.0003       |
|    loss                 | 2.18         |
|    n_updates            | 55           |
|    policy_gradient_loss | -0.0073      |
|    value_loss           | 5.2          |
------------------------------------------
-----------------------------------------
| rollout/                |             |
|    ep_len_mean          | 6.84        |
|    ep_rew_mean          | 1.84        |
| time/                   |             |
|    fps                  | 281         |
|    iterations           | 13          |
|    time_elapsed         | 23          |
|    total_timesteps      | 6656        |
| train/                  |             |
|    approx_kl            | 0.005770408 |
|    clip_fraction        | 0.066       |
|    clip_range           | 0.2         |
|    entropy_loss         | -0.356      |
|    explained_variance   | 0.0578      |
|    learning_rate        | 0.0003      |
|    loss                 | 1.82        |
|    n_updates            | 60          |
|    policy_gradient_loss | -0.0146     |
|    value_loss           | 5.4         |
-----------------------------------------
-------------------------------------------
| rollout/                |               |
|    ep_len_mean          | 7.23          |
|    ep_rew_mean          | 1.47          |
| time/                   |               |
|    fps                  | 282           |
|    iterations           | 14            |
|    time_elapsed         | 25            |
|    total_timesteps      | 7168          |
| train/                  |               |
|    approx_kl            | 0.00026333187 |
|    clip_fraction        | 0             |
|    clip_range           | 0.2           |
|    entropy_loss         | -0.318        |
|    explained_variance   | 0.0757        |
|    learning_rate        | 0.0003        |
|    loss                 | 6.59          |
|    n_updates            | 65            |
|    policy_gradient_loss | -0.00218      |
|    value_loss           | 8.43          |
-------------------------------------------
------------------------------------------
| rollout/                |              |
|    ep_len_mean          | 5.37         |
|    ep_rew_mean          | 1.03         |
| time/                   |              |
|    fps                  | 282          |
|    iterations           | 15           |
|    time_elapsed         | 27           |
|    total_timesteps      | 7680         |
| train/                  |              |
|    approx_kl            | 0.0020940248 |
|    clip_fraction        | 0.0043       |
|    clip_range           | 0.2          |
|    entropy_loss         | -0.358       |
|    explained_variance   | 0.111        |
|    learning_rate        | 0.0003       |
|    loss                 | 3.59         |
|    n_updates            | 70           |
|    policy_gradient_loss | 1.63e-07     |
|    value_loss           | 9.22         |
------------------------------------------
-----------------------------------------
| rollout/                |             |
|    ep_len_mean          | 6.65        |
|    ep_rew_mean          | 1.6         |
| time/                   |             |
|    fps                  | 282         |
|    iterations           | 16          |
|    time_elapsed         | 28          |
|    total_timesteps      | 8192        |
| train/                  |             |
|    approx_kl            | 0.012307034 |
|    clip_fraction        | 0.102       |
|    clip_range           | 0.2         |
|    entropy_loss         | -0.344      |
|    explained_variance   | 0.00301     |
|    learning_rate        | 0.0003      |
|    loss                 | 2.9         |
|    n_updates            | 75          |
|    policy_gradient_loss | -0.0259     |
|    value_loss           | 5.23        |
-----------------------------------------
-----------------------------------------
| rollout/                |             |
|    ep_len_mean          | 8.21        |
|    ep_rew_mean          | 1.78        |
| time/                   |             |
|    fps                  | 282         |
|    iterations           | 17          |
|    time_elapsed         | 30          |
|    total_timesteps      | 8704        |
| train/                  |             |
|    approx_kl            | 0.001446533 |
|    clip_fraction        | 0           |
|    clip_range           | 0.2         |
|    entropy_loss         | -0.292      |
|    explained_variance   | 0.0691      |
|    learning_rate        | 0.0003      |
|    loss                 | 6.4         |
|    n_updates            | 80          |
|    policy_gradient_loss | -0.00549    |
|    value_loss           | 12.2        |
-----------------------------------------
------------------------------------------
| rollout/                |              |
|    ep_len_mean          | 7.59         |
|    ep_rew_mean          | 1.7          |
| time/                   |              |
|    fps                  | 282          |
|    iterations           | 18           |
|    time_elapsed         | 32           |
|    total_timesteps      | 9216         |
| train/                  |              |
|    approx_kl            | 0.0023987754 |
|    clip_fraction        | 0.0246       |
|    clip_range           | 0.2          |
|    entropy_loss         | -0.293       |
|    explained_variance   | 0.166        |
|    learning_rate        | 0.0003       |
|    loss                 | 4.25         |
|    n_updates            | 85           |
|    policy_gradient_loss | 0.0033       |
|    value_loss           | 8.57         |
------------------------------------------
------------------------------------------
| rollout/                |              |
|    ep_len_mean          | 8.38         |
|    ep_rew_mean          | 2.16         |
| time/                   |              |
|    fps                  | 283          |
|    iterations           | 19           |
|    time_elapsed         | 34           |
|    total_timesteps      | 9728         |
| train/                  |              |
|    approx_kl            | 0.0031935694 |
|    clip_fraction        | 0.0469       |
|    clip_range           | 0.2          |
|    entropy_loss         | -0.269       |
|    explained_variance   | 0.198        |
|    learning_rate        | 0.0003       |
|    loss                 | 1.98         |
|    n_updates            | 90           |
|    policy_gradient_loss | -0.0126      |
|    value_loss           | 5.56         |
------------------------------------------
------------------------------------------
| rollout/                |              |
|    ep_len_mean          | 8.59         |
|    ep_rew_mean          | 1.59         |
| time/                   |              |
|    fps                  | 284          |
|    iterations           | 20           |
|    time_elapsed         | 35           |
|    total_timesteps      | 10240        |
| train/                  |              |
|    approx_kl            | 0.0006197967 |
|    clip_fraction        | 0            |
|    clip_range           | 0.2          |
|    entropy_loss         | -0.258       |
|    explained_variance   | 0.178        |
|    learning_rate        | 0.0003       |
|    loss                 | 2.5          |
|    n_updates            | 95           |
|    policy_gradient_loss | -0.00331     |
|    value_loss           | 8.57         |
------------------------------------------
-----------------------------------------
| rollout/                |             |
|    ep_len_mean          | 5.91        |
|    ep_rew_mean          | 1.51        |
| time/                   |             |
|    fps                  | 283         |
|    iterations           | 21          |
|    time_elapsed         | 37          |
|    total_timesteps      | 10752       |
| train/                  |             |
|    approx_kl            | 0.008977887 |
|    clip_fraction        | 0.0555      |
|    clip_range           | 0.2         |
|    entropy_loss         | -0.307      |
|    explained_variance   | 0.0701      |
|    learning_rate        | 0.0003      |
|    loss                 | 8.18        |
|    n_updates            | 100         |
|    policy_gradient_loss | 0.00582     |
|    value_loss           | 12.2        |
-----------------------------------------
-----------------------------------------
| rollout/                |             |
|    ep_len_mean          | 7.06        |
|    ep_rew_mean          | 1.28        |
| time/                   |             |
|    fps                  | 284         |
|    iterations           | 22          |
|    time_elapsed         | 39          |
|    total_timesteps      | 11264       |
| train/                  |             |
|    approx_kl            | 0.003797348 |
|    clip_fraction        | 0.0328      |
|    clip_range           | 0.2         |
|    entropy_loss         | -0.325      |
|    explained_variance   | 0.226       |
|    learning_rate        | 0.0003      |
|    loss                 | 3.02        |
|    n_updates            | 105         |
|    policy_gradient_loss | -0.0143     |
|    value_loss           | 5.15        |
-----------------------------------------
------------------------------------------
| rollout/                |              |
|    ep_len_mean          | 6.62         |
|    ep_rew_mean          | 1.03         |
| time/                   |              |
|    fps                  | 285          |
|    iterations           | 23           |
|    time_elapsed         | 41           |
|    total_timesteps      | 11776        |
| train/                  |              |
|    approx_kl            | 0.0028637722 |
|    clip_fraction        | 0.0117       |
|    clip_range           | 0.2          |
|    entropy_loss         | -0.299       |
|    explained_variance   | 0.148        |
|    learning_rate        | 0.0003       |
|    loss                 | 3.76         |
|    n_updates            | 110          |
|    policy_gradient_loss | 0.00131      |
|    value_loss           | 9.37         |
------------------------------------------
-------------------------------------------
| rollout/                |               |
|    ep_len_mean          | 7.45          |
|    ep_rew_mean          | 1.75          |
| time/                   |               |
|    fps                  | 286           |
|    iterations           | 24            |
|    time_elapsed         | 42            |
|    total_timesteps      | 12288         |
| train/                  |               |
|    approx_kl            | 0.00016622862 |
|    clip_fraction        | 0             |
|    clip_range           | 0.2           |
|    entropy_loss         | -0.322        |
|    explained_variance   | 0.21          |
|    learning_rate        | 0.0003        |
|    loss                 | 2.5           |
|    n_updates            | 115           |
|    policy_gradient_loss | -0.0026       |
|    value_loss           | 5.44          |
-------------------------------------------
-------------------------------------------
| rollout/                |               |
|    ep_len_mean          | 8.96          |
|    ep_rew_mean          | 2.23          |
| time/                   |               |
|    fps                  | 285           |
|    iterations           | 25            |
|    time_elapsed         | 44            |
|    total_timesteps      | 12800         |
| train/                  |               |
|    approx_kl            | 0.00020023121 |
|    clip_fraction        | 0             |
|    clip_range           | 0.2           |
|    entropy_loss         | -0.266        |
|    explained_variance   | 0.0861        |
|    learning_rate        | 0.0003        |
|    loss                 | 5.74          |
|    n_updates            | 120           |
|    policy_gradient_loss | -0.000863     |
|    value_loss           | 12.1          |
-------------------------------------------
-----------------------------------------
| rollout/                |             |
|    ep_len_mean          | 9.08        |
|    ep_rew_mean          | 0.93        |
| time/                   |             |
|    fps                  | 287         |
|    iterations           | 26          |
|    time_elapsed         | 46          |
|    total_timesteps      | 13312       |
| train/                  |             |
|    approx_kl            | 0.005585932 |
|    clip_fraction        | 0.0285      |
|    clip_range           | 0.2         |
|    entropy_loss         | -0.246      |
|    explained_variance   | 0.0849      |
|    learning_rate        | 0.0003      |
|    loss                 | 5.97        |
|    n_updates            | 125         |
|    policy_gradient_loss | -0.00689    |
|    value_loss           | 9.26        |
-----------------------------------------
-----------------------------------------
| rollout/                |             |
|    ep_len_mean          | 6.54        |
|    ep_rew_mean          | 1.67        |
| time/                   |             |
|    fps                  | 288         |
|    iterations           | 27          |
|    time_elapsed         | 47          |
|    total_timesteps      | 13824       |
| train/                  |             |
|    approx_kl            | 0.019062845 |
|    clip_fraction        | 0.068       |
|    clip_range           | 0.2         |
|    entropy_loss         | -0.345      |
|    explained_variance   | 0.0607      |
|    learning_rate        | 0.0003      |
|    loss                 | 4.6         |
|    n_updates            | 130         |
|    policy_gradient_loss | 0.00529     |
|    value_loss           | 12.1        |
-----------------------------------------
------------------------------------------
| rollout/                |              |
|    ep_len_mean          | 6.49         |
|    ep_rew_mean          | 0.743        |
| time/                   |              |
|    fps                  | 287          |
|    iterations           | 28           |
|    time_elapsed         | 49           |
|    total_timesteps      | 14336        |
| train/                  |              |
|    approx_kl            | 0.0039356304 |
|    clip_fraction        | 0.0242       |
|    clip_range           | 0.2          |
|    entropy_loss         | -0.311       |
|    explained_variance   | 0.149        |
|    learning_rate        | 0.0003       |
|    loss                 | 2.48         |
|    n_updates            | 135          |
|    policy_gradient_loss | -0.0115      |
|    value_loss           | 5.2          |
------------------------------------------
-----------------------------------------
| rollout/                |             |
|    ep_len_mean          | 6.32        |
|    ep_rew_mean          | 0.735       |
| time/                   |             |
|    fps                  | 287         |
|    iterations           | 29          |
|    time_elapsed         | 51          |
|    total_timesteps      | 14848       |
| train/                  |             |
|    approx_kl            | 0.014227521 |
|    clip_fraction        | 0.0852      |
|    clip_range           | 0.2         |
|    entropy_loss         | -0.333      |
|    explained_variance   | 0.0871      |
|    learning_rate        | 0.0003      |
|    loss                 | 3.14        |
|    n_updates            | 140         |
|    policy_gradient_loss | 8.88e-05    |
|    value_loss           | 12.6        |
-----------------------------------------
----------------------------------------
| rollout/                |            |
|    ep_len_mean          | 5.07       |
|    ep_rew_mean          | 1.12       |
| time/                   |            |
|    fps                  | 288        |
|    iterations           | 30         |
|    time_elapsed         | 53         |
|    total_timesteps      | 15360      |
| train/                  |            |
|    approx_kl            | 0.00894608 |
|    clip_fraction        | 0.0496     |
|    clip_range           | 0.2        |
|    entropy_loss         | -0.369     |
|    explained_variance   | 0.0249     |
|    learning_rate        | 0.0003     |
|    loss                 | 4.97       |
|    n_updates            | 145        |
|    policy_gradient_loss | 0.00365    |
|    value_loss           | 11.4       |
----------------------------------------
------------------------------------------
| rollout/                |              |
|    ep_len_mean          | 5.47         |
|    ep_rew_mean          | 1.03         |
| time/                   |              |
|    fps                  | 289          |
|    iterations           | 31           |
|    time_elapsed         | 54           |
|    total_timesteps      | 15872        |
| train/                  |              |
|    approx_kl            | 0.0046923077 |
|    clip_fraction        | 0.0543       |
|    clip_range           | 0.2          |
|    entropy_loss         | -0.359       |
|    explained_variance   | 0.221        |
|    learning_rate        | 0.0003       |
|    loss                 | 1.53         |
|    n_updates            | 150          |
|    policy_gradient_loss | -0.015       |
|    value_loss           | 3.81         |
------------------------------------------
-----------------------------------------
| rollout/                |             |
|    ep_len_mean          | 5.2         |
|    ep_rew_mean          | 0.938       |
| time/                   |             |
|    fps                  | 290         |
|    iterations           | 32          |
|    time_elapsed         | 56          |
|    total_timesteps      | 16384       |
| train/                  |             |
|    approx_kl            | 0.004662184 |
|    clip_fraction        | 0.0137      |
|    clip_range           | 0.2         |
|    entropy_loss         | -0.38       |
|    explained_variance   | 0.129       |
|    learning_rate        | 0.0003      |
|    loss                 | 4.14        |
|    n_updates            | 155         |
|    policy_gradient_loss | 0.000359    |
|    value_loss           | 8.42        |
-----------------------------------------
------------------------------------------
| rollout/                |              |
|    ep_len_mean          | 5.79         |
|    ep_rew_mean          | 1.64         |
| time/                   |              |
|    fps                  | 291          |
|    iterations           | 33           |
|    time_elapsed         | 57           |
|    total_timesteps      | 16896        |
| train/                  |              |
|    approx_kl            | 0.0047087437 |
|    clip_fraction        | 0.0234       |
|    clip_range           | 0.2          |
|    entropy_loss         | -0.324       |
|    explained_variance   | 0.112        |
|    learning_rate        | 0.0003       |
|    loss                 | 3.24         |
|    n_updates            | 160          |
|    policy_gradient_loss | -0.0116      |
|    value_loss           | 6.33         |
------------------------------------------
-----------------------------------------
| rollout/                |             |
|    ep_len_mean          | 7.68        |
|    ep_rew_mean          | 1.98        |
| time/                   |             |
|    fps                  | 292         |
|    iterations           | 34          |
|    time_elapsed         | 59          |
|    total_timesteps      | 17408       |
| train/                  |             |
|    approx_kl            | 0.007862659 |
|    clip_fraction        | 0.128       |
|    clip_range           | 0.2         |
|    entropy_loss         | -0.313      |
|    explained_variance   | 0.154       |
|    learning_rate        | 0.0003      |
|    loss                 | 2.5         |
|    n_updates            | 165         |
|    policy_gradient_loss | -0.0197     |
|    value_loss           | 5.29        |
-----------------------------------------
------------------------------------------
| rollout/                |              |
|    ep_len_mean          | 7.59         |
|    ep_rew_mean          | 1.45         |
| time/                   |              |
|    fps                  | 292          |
|    iterations           | 35           |
|    time_elapsed         | 61           |
|    total_timesteps      | 17920        |
| train/                  |              |
|    approx_kl            | 0.0017502138 |
|    clip_fraction        | 0.00117      |
|    clip_range           | 0.2          |
|    entropy_loss         | -0.26        |
|    explained_variance   | 0.0362       |
|    learning_rate        | 0.0003       |
|    loss                 | 3.91         |
|    n_updates            | 170          |
|    policy_gradient_loss | -0.0025      |
|    value_loss           | 11.5         |
------------------------------------------
------------------------------------------
| rollout/                |              |
|    ep_len_mean          | 7.65         |
|    ep_rew_mean          | 1.53         |
| time/                   |              |
|    fps                  | 292          |
|    iterations           | 36           |
|    time_elapsed         | 62           |
|    total_timesteps      | 18432        |
| train/                  |              |
|    approx_kl            | 0.0019509287 |
|    clip_fraction        | 0.00586      |
|    clip_range           | 0.2          |
|    entropy_loss         | -0.264       |
|    explained_variance   | 0.0892       |
|    learning_rate        | 0.0003       |
|    loss                 | 5.19         |
|    n_updates            | 175          |
|    policy_gradient_loss | -0.00699     |
|    value_loss           | 11.9         |
------------------------------------------
----------------------------------------
| rollout/                |            |
|    ep_len_mean          | 7.18       |
|    ep_rew_mean          | 1.4        |
| time/                   |            |
|    fps                  | 292        |
|    iterations           | 37         |
|    time_elapsed         | 64         |
|    total_timesteps      | 18944      |
| train/                  |            |
|    approx_kl            | 0.00554745 |
|    clip_fraction        | 0.0422     |
|    clip_range           | 0.2        |
|    entropy_loss         | -0.313     |
|    explained_variance   | 0.177      |
|    learning_rate        | 0.0003     |
|    loss                 | 4.31       |
|    n_updates            | 180        |
|    policy_gradient_loss | -0.00132   |
|    value_loss           | 9.59       |
----------------------------------------
------------------------------------------
| rollout/                |              |
|    ep_len_mean          | 8.19         |
|    ep_rew_mean          | 1.69         |
| time/                   |              |
|    fps                  | 292          |
|    iterations           | 38           |
|    time_elapsed         | 66           |
|    total_timesteps      | 19456        |
| train/                  |              |
|    approx_kl            | 0.0057495404 |
|    clip_fraction        | 0.0332       |
|    clip_range           | 0.2          |
|    entropy_loss         | -0.267       |
|    explained_variance   | 0.154        |
|    learning_rate        | 0.0003       |
|    loss                 | 3.82         |
|    n_updates            | 185          |
|    policy_gradient_loss | -0.000181    |
|    value_loss           | 8.53         |
------------------------------------------
-------------------------------------------
| rollout/                |               |
|    ep_len_mean          | 8.56          |
|    ep_rew_mean          | 2.08          |
| time/                   |               |
|    fps                  | 292           |
|    iterations           | 39            |
|    time_elapsed         | 68            |
|    total_timesteps      | 19968         |
| train/                  |               |
|    approx_kl            | 0.00072874094 |
|    clip_fraction        | 0             |
|    clip_range           | 0.2           |
|    entropy_loss         | -0.23         |
|    explained_variance   | 0.072         |
|    learning_rate        | 0.0003        |
|    loss                 | 8.46          |
|    n_updates            | 190           |
|    policy_gradient_loss | -0.000606     |
|    value_loss           | 12.4          |
-------------------------------------------
------------------------------------------
| rollout/                |              |
|    ep_len_mean          | 8.97         |
|    ep_rew_mean          | 1.82         |
| time/                   |              |
|    fps                  | 293          |
|    iterations           | 40           |
|    time_elapsed         | 69           |
|    total_timesteps      | 20480        |
| train/                  |              |
|    approx_kl            | 0.0022388792 |
|    clip_fraction        | 0.00195      |
|    clip_range           | 0.2          |
|    entropy_loss         | -0.261       |
|    explained_variance   | 0.239        |
|    learning_rate        | 0.0003       |
|    loss                 | 3.11         |
|    n_updates            | 195          |
|    policy_gradient_loss | -0.00251     |
|    value_loss           | 7.3          |
------------------------------------------
-----------------------------------------
| rollout/                |             |
|    ep_len_mean          | 10          |
|    ep_rew_mean          | 2.34        |
| time/                   |             |
|    fps                  | 294         |
|    iterations           | 41          |
|    time_elapsed         | 71          |
|    total_timesteps      | 20992       |
| train/                  |             |
|    approx_kl            | 0.006760599 |
|    clip_fraction        | 0.034       |
|    clip_range           | 0.2         |
|    entropy_loss         | -0.272      |
|    explained_variance   | -0.0971     |
|    learning_rate        | 0.0003      |
|    loss                 | 3.46        |
|    n_updates            | 200         |
|    policy_gradient_loss | -0.0127     |
|    value_loss           | 7.46        |
-----------------------------------------
------------------------------------------
| rollout/                |              |
|    ep_len_mean          | 12.3         |
|    ep_rew_mean          | 3.71         |
| time/                   |              |
|    fps                  | 294          |
|    iterations           | 42           |
|    time_elapsed         | 72           |
|    total_timesteps      | 21504        |
| train/                  |              |
|    approx_kl            | 0.0011992981 |
|    clip_fraction        | 0.0043       |
|    clip_range           | 0.2          |
|    entropy_loss         | -0.193       |
|    explained_variance   | 0.0824       |
|    learning_rate        | 0.0003       |
|    loss                 | 3.32         |
|    n_updates            | 205          |
|    policy_gradient_loss | -0.00446     |
|    value_loss           | 10.5         |
------------------------------------------
------------------------------------------
| rollout/                |              |
|    ep_len_mean          | 12.4         |
|    ep_rew_mean          | 3.61         |
| time/                   |              |
|    fps                  | 295          |
|    iterations           | 43           |
|    time_elapsed         | 74           |
|    total_timesteps      | 22016        |
| train/                  |              |
|    approx_kl            | 0.0030928203 |
|    clip_fraction        | 0.0109       |
|    clip_range           | 0.2          |
|    entropy_loss         | -0.23        |
|    explained_variance   | 0.165        |
|    learning_rate        | 0.0003       |
|    loss                 | 6.56         |
|    n_updates            | 210          |
|    policy_gradient_loss | 0.00326      |
|    value_loss           | 11.9         |
------------------------------------------
------------------------------------------
| rollout/                |              |
|    ep_len_mean          | 9.52         |
|    ep_rew_mean          | 2.37         |
| time/                   |              |
|    fps                  | 296          |
|    iterations           | 44           |
|    time_elapsed         | 76           |
|    total_timesteps      | 22528        |
| train/                  |              |
|    approx_kl            | 0.0005525961 |
|    clip_fraction        | 0.000391     |
|    clip_range           | 0.2          |
|    entropy_loss         | -0.265       |
|    explained_variance   | 0.194        |
|    learning_rate        | 0.0003       |
|    loss                 | 2.48         |
|    n_updates            | 215          |
|    policy_gradient_loss | -0.00193     |
|    value_loss           | 7.61         |
------------------------------------------
--------------------------------------------
| rollout/                |                |
|    ep_len_mean          | 8.75           |
|    ep_rew_mean          | 1.86           |
| time/                   |                |
|    fps                  | 296            |
|    iterations           | 45             |
|    time_elapsed         | 77             |
|    total_timesteps      | 23040          |
| train/                  |                |
|    approx_kl            | 0.000103244034 |
|    clip_fraction        | 0              |
|    clip_range           | 0.2            |
|    entropy_loss         | -0.27          |
|    explained_variance   | 0.156          |
|    learning_rate        | 0.0003         |
|    loss                 | 5.45           |
|    n_updates            | 220            |
|    policy_gradient_loss | -0.00244       |
|    value_loss           | 11.3           |
--------------------------------------------
-------------------------------------------
| rollout/                |               |
|    ep_len_mean          | 10.1          |
|    ep_rew_mean          | 2.1           |
| time/                   |               |
|    fps                  | 297           |
|    iterations           | 46            |
|    time_elapsed         | 79            |
|    total_timesteps      | 23552         |
| train/                  |               |
|    approx_kl            | 9.0627815e-05 |
|    clip_fraction        | 0             |
|    clip_range           | 0.2           |
|    entropy_loss         | -0.227        |
|    explained_variance   | 0.301         |
|    learning_rate        | 0.0003        |
|    loss                 | 2.56          |
|    n_updates            | 225           |
|    policy_gradient_loss | -0.00163      |
|    value_loss           | 6.47          |
-------------------------------------------
-------------------------------------------
| rollout/                |               |
|    ep_len_mean          | 11.1          |
|    ep_rew_mean          | 1.97          |
| time/                   |               |
|    fps                  | 297           |
|    iterations           | 47            |
|    time_elapsed         | 80            |
|    total_timesteps      | 24064         |
| train/                  |               |
|    approx_kl            | 0.00065964955 |
|    clip_fraction        | 0.00391       |
|    clip_range           | 0.2           |
|    entropy_loss         | -0.247        |
|    explained_variance   | 0.0365        |
|    learning_rate        | 0.0003        |
|    loss                 | 4.68          |
|    n_updates            | 230           |
|    policy_gradient_loss | 0.00343       |
|    value_loss           | 11.1          |
-------------------------------------------
----------------------------------------
| rollout/                |            |
|    ep_len_mean          | 11.1       |
|    ep_rew_mean          | 1.94       |
| time/                   |            |
|    fps                  | 298        |
|    iterations           | 48         |
|    time_elapsed         | 82         |
|    total_timesteps      | 24576      |
| train/                  |            |
|    approx_kl            | 0.00036273 |
|    clip_fraction        | 0.000391   |
|    clip_range           | 0.2        |
|    entropy_loss         | -0.215     |
|    explained_variance   | -0.00554   |
|    learning_rate        | 0.0003     |
|    loss                 | 7.45       |
|    n_updates            | 235        |
|    policy_gradient_loss | 0.000283   |
|    value_loss           | 19.8       |
----------------------------------------
-----------------------------------------
| rollout/                |             |
|    ep_len_mean          | 8.16        |
|    ep_rew_mean          | 1.48        |
| time/                   |             |
|    fps                  | 297         |
|    iterations           | 49          |
|    time_elapsed         | 84          |
|    total_timesteps      | 25088       |
| train/                  |             |
|    approx_kl            | 0.007519465 |
|    clip_fraction        | 0.0309      |
|    clip_range           | 0.2         |
|    entropy_loss         | -0.292      |
|    explained_variance   | 0.0238      |
|    learning_rate        | 0.0003      |
|    loss                 | 10.5        |
|    n_updates            | 240         |
|    policy_gradient_loss | 0.0047      |
|    value_loss           | 18.3        |
-----------------------------------------
-----------------------------------------
| rollout/                |             |
|    ep_len_mean          | 7.25        |
|    ep_rew_mean          | 1.69        |
| time/                   |             |
|    fps                  | 297         |
|    iterations           | 50          |
|    time_elapsed         | 85          |
|    total_timesteps      | 25600       |
| train/                  |             |
|    approx_kl            | 0.005306734 |
|    clip_fraction        | 0.048       |
|    clip_range           | 0.2         |
|    entropy_loss         | -0.305      |
|    explained_variance   | 0.103       |
|    learning_rate        | 0.0003      |
|    loss                 | 2.1         |
|    n_updates            | 245         |
|    policy_gradient_loss | -0.011      |
|    value_loss           | 6.4         |
-----------------------------------------
-------------------------------------------
| rollout/                |               |
|    ep_len_mean          | 8.2           |
|    ep_rew_mean          | 2.21          |
| time/                   |               |
|    fps                  | 298           |
|    iterations           | 51            |
|    time_elapsed         | 87            |
|    total_timesteps      | 26112         |
| train/                  |               |
|    approx_kl            | 0.00032192701 |
|    clip_fraction        | 0             |
|    clip_range           | 0.2           |
|    entropy_loss         | -0.292        |
|    explained_variance   | 0.0821        |
|    learning_rate        | 0.0003        |
|    loss                 | 5.42          |
|    n_updates            | 250           |
|    policy_gradient_loss | -0.00129      |
|    value_loss           | 11.1          |
-------------------------------------------
------------------------------------------
| rollout/                |              |
|    ep_len_mean          | 9.18         |
|    ep_rew_mean          | 2.55         |
| time/                   |              |
|    fps                  | 296          |
|    iterations           | 52           |
|    time_elapsed         | 89           |
|    total_timesteps      | 26624        |
| train/                  |              |
|    approx_kl            | 0.0027605582 |
|    clip_fraction        | 0.0152       |
|    clip_range           | 0.2          |
|    entropy_loss         | -0.235       |
|    explained_variance   | 0.247        |
|    learning_rate        | 0.0003       |
|    loss                 | 2.64         |
|    n_updates            | 255          |
|    policy_gradient_loss | -0.00863     |
|    value_loss           | 6.28         |
------------------------------------------
-------------------------------------------
| rollout/                |               |
|    ep_len_mean          | 8.53          |
|    ep_rew_mean          | 2.75          |
| time/                   |               |
|    fps                  | 293           |
|    iterations           | 53            |
|    time_elapsed         | 92            |
|    total_timesteps      | 27136         |
| train/                  |               |
|    approx_kl            | 8.1183796e-05 |
|    clip_fraction        | 0             |
|    clip_range           | 0.2           |
|    entropy_loss         | -0.246        |
|    explained_variance   | 0.14          |
|    learning_rate        | 0.0003        |
|    loss                 | 7.04          |
|    n_updates            | 260           |
|    policy_gradient_loss | 0.00206       |
|    value_loss           | 10.3          |
-------------------------------------------
------------------------------------------
| rollout/                |              |
|    ep_len_mean          | 9.25         |
|    ep_rew_mean          | 2.92         |
| time/                   |              |
|    fps                  | 293          |
|    iterations           | 54           |
|    time_elapsed         | 94           |
|    total_timesteps      | 27648        |
| train/                  |              |
|    approx_kl            | 0.0056293905 |
|    clip_fraction        | 0.0594       |
|    clip_range           | 0.2          |
|    entropy_loss         | -0.19        |
|    explained_variance   | 0.176        |
|    learning_rate        | 0.0003       |
|    loss                 | 2.59         |
|    n_updates            | 265          |
|    policy_gradient_loss | -0.0214      |
|    value_loss           | 4.94         |
------------------------------------------
------------------------------------------
| rollout/                |              |
|    ep_len_mean          | 11.2         |
|    ep_rew_mean          | 3.25         |
| time/                   |              |
|    fps                  | 293          |
|    iterations           | 55           |
|    time_elapsed         | 95           |
|    total_timesteps      | 28160        |
| train/                  |              |
|    approx_kl            | 0.0019665181 |
|    clip_fraction        | 0.0348       |
|    clip_range           | 0.2          |
|    entropy_loss         | -0.218       |
|    explained_variance   | 0.128        |
|    learning_rate        | 0.0003       |
|    loss                 | 6.39         |
|    n_updates            | 270          |
|    policy_gradient_loss | -0.013       |
|    value_loss           | 9.07         |
------------------------------------------
-------------------------------------------
| rollout/                |               |
|    ep_len_mean          | 13.1          |
|    ep_rew_mean          | 3.65          |
| time/                   |               |
|    fps                  | 294           |
|    iterations           | 56            |
|    time_elapsed         | 97            |
|    total_timesteps      | 28672         |
| train/                  |               |
|    approx_kl            | 3.0180789e-05 |
|    clip_fraction        | 0             |
|    clip_range           | 0.2           |
|    entropy_loss         | -0.193        |
|    explained_variance   | 0.145         |
|    learning_rate        | 0.0003        |
|    loss                 | 4.78          |
|    n_updates            | 275           |
|    policy_gradient_loss | 0.00016       |
|    value_loss           | 11.2          |
-------------------------------------------
-------------------------------------------
| rollout/                |               |
|    ep_len_mean          | 12.7          |
|    ep_rew_mean          | 2.76          |
| time/                   |               |
|    fps                  | 294           |
|    iterations           | 57            |
|    time_elapsed         | 99            |
|    total_timesteps      | 29184         |
| train/                  |               |
|    approx_kl            | 0.00018526264 |
|    clip_fraction        | 0             |
|    clip_range           | 0.2           |
|    entropy_loss         | -0.183        |
|    explained_variance   | 0.269         |
|    learning_rate        | 0.0003        |
|    loss                 | 4.81          |
|    n_updates            | 280           |
|    policy_gradient_loss | -0.00241      |
|    value_loss           | 9.62          |
-------------------------------------------
-----------------------------------------
| rollout/                |             |
|    ep_len_mean          | 11.3        |
|    ep_rew_mean          | 2.8         |
| time/                   |             |
|    fps                  | 294         |
|    iterations           | 58          |
|    time_elapsed         | 100         |
|    total_timesteps      | 29696       |
| train/                  |             |
|    approx_kl            | 0.012559578 |
|    clip_fraction        | 0.0312      |
|    clip_range           | 0.2         |
|    entropy_loss         | -0.22       |
|    explained_variance   | 0.183       |
|    learning_rate        | 0.0003      |
|    loss                 | 8.45        |
|    n_updates            | 285         |
|    policy_gradient_loss | 0.00211     |
|    value_loss           | 13.7        |
-----------------------------------------
-------------------------------------------
| rollout/                |               |
|    ep_len_mean          | 10.6          |
|    ep_rew_mean          | 2.82          |
| time/                   |               |
|    fps                  | 294           |
|    iterations           | 59            |
|    time_elapsed         | 102           |
|    total_timesteps      | 30208         |
| train/                  |               |
|    approx_kl            | 0.00021464936 |
|    clip_fraction        | 0             |
|    clip_range           | 0.2           |
|    entropy_loss         | -0.26         |
|    explained_variance   | 0.28          |
|    learning_rate        | 0.0003        |
|    loss                 | 3.03          |
|    n_updates            | 290           |
|    policy_gradient_loss | 0.00494       |
|    value_loss           | 9.65          |
-------------------------------------------
------------------------------------------
| rollout/                |              |
|    ep_len_mean          | 9.19         |
|    ep_rew_mean          | 1.49         |
| time/                   |              |
|    fps                  | 292          |
|    iterations           | 60           |
|    time_elapsed         | 105          |
|    total_timesteps      | 30720        |
| train/                  |              |
|    approx_kl            | 0.0021282083 |
|    clip_fraction        | 0.00703      |
|    clip_range           | 0.2          |
|    entropy_loss         | -0.236       |
|    explained_variance   | 0.111        |
|    learning_rate        | 0.0003       |
|    loss                 | 3.13         |
|    n_updates            | 295          |
|    policy_gradient_loss | -0.00568     |
|    value_loss           | 8.22         |
------------------------------------------
-----------------------------------------
| rollout/                |             |
|    ep_len_mean          | 8.96        |
|    ep_rew_mean          | 1.64        |
| time/                   |             |
|    fps                  | 288         |
|    iterations           | 61          |
|    time_elapsed         | 108         |
|    total_timesteps      | 31232       |
| train/                  |             |
|    approx_kl            | 0.006926257 |
|    clip_fraction        | 0.0488      |
|    clip_range           | 0.2         |
|    entropy_loss         | -0.275      |
|    explained_variance   | 0.0892      |
|    learning_rate        | 0.0003      |
|    loss                 | 5.89        |
|    n_updates            | 300         |
|    policy_gradient_loss | 0.00249     |
|    value_loss           | 11.3        |
-----------------------------------------
---------------------------------------
| rollout/                |           |
|    ep_len_mean          | 8.4       |
|    ep_rew_mean          | 2         |
| time/                   |           |
|    fps                  | 288       |
|    iterations           | 62        |
|    time_elapsed         | 109       |
|    total_timesteps      | 31744     |
| train/                  |           |
|    approx_kl            | 0.0115052 |
|    clip_fraction        | 0.0582    |
|    clip_range           | 0.2       |
|    entropy_loss         | -0.26     |
|    explained_variance   | 0.227     |
|    learning_rate        | 0.0003    |
|    loss                 | 5.2       |
|    n_updates            | 305       |
|    policy_gradient_loss | 0.000374  |
|    value_loss           | 10.7      |
---------------------------------------
------------------------------------------
| rollout/                |              |
|    ep_len_mean          | 8.96         |
|    ep_rew_mean          | 2.25         |
| time/                   |              |
|    fps                  | 289          |
|    iterations           | 63           |
|    time_elapsed         | 111          |
|    total_timesteps      | 32256        |
| train/                  |              |
|    approx_kl            | 0.0012289088 |
|    clip_fraction        | 0.00703      |
|    clip_range           | 0.2          |
|    entropy_loss         | -0.245       |
|    explained_variance   | 0.136        |
|    learning_rate        | 0.0003       |
|    loss                 | 5.52         |
|    n_updates            | 310          |
|    policy_gradient_loss | -0.00579     |
|    value_loss           | 12.2         |
------------------------------------------
-------------------------------------------
| rollout/                |               |
|    ep_len_mean          | 7.39          |
|    ep_rew_mean          | 1.81          |
| time/                   |               |
|    fps                  | 289           |
|    iterations           | 64            |
|    time_elapsed         | 113           |
|    total_timesteps      | 32768         |
| train/                  |               |
|    approx_kl            | 0.00060810865 |
|    clip_fraction        | 0             |
|    clip_range           | 0.2           |
|    entropy_loss         | -0.241        |
|    explained_variance   | 0.129         |
|    learning_rate        | 0.0003        |
|    loss                 | 3.71          |
|    n_updates            | 315           |
|    policy_gradient_loss | 0.00349       |
|    value_loss           | 12.5          |
-------------------------------------------
-----------------------------------------
| rollout/                |             |
|    ep_len_mean          | 7.85        |
|    ep_rew_mean          | 2.31        |
| time/                   |             |
|    fps                  | 290         |
|    iterations           | 65          |
|    time_elapsed         | 114         |
|    total_timesteps      | 33280       |
| train/                  |             |
|    approx_kl            | 0.004099034 |
|    clip_fraction        | 0.0617      |
|    clip_range           | 0.2         |
|    entropy_loss         | -0.229      |
|    explained_variance   | 0.0426      |
|    learning_rate        | 0.0003      |
|    loss                 | 6.98        |
|    n_updates            | 320         |
|    policy_gradient_loss | -0.00977    |
|    value_loss           | 10.4        |
-----------------------------------------
------------------------------------------
| rollout/                |              |
|    ep_len_mean          | 9.24         |
|    ep_rew_mean          | 2.36         |
| time/                   |              |
|    fps                  | 290          |
|    iterations           | 66           |
|    time_elapsed         | 116          |
|    total_timesteps      | 33792        |
| train/                  |              |
|    approx_kl            | 0.0008506179 |
|    clip_fraction        | 0            |
|    clip_range           | 0.2          |
|    entropy_loss         | -0.233       |
|    explained_variance   | 0.204        |
|    learning_rate        | 0.0003       |
|    loss                 | 4.96         |
|    n_updates            | 325          |
|    policy_gradient_loss | -0.0017      |
|    value_loss           | 8.23         |
------------------------------------------
------------------------------------------
| rollout/                |              |
|    ep_len_mean          | 9.33         |
|    ep_rew_mean          | 2.58         |
| time/                   |              |
|    fps                  | 291          |
|    iterations           | 67           |
|    time_elapsed         | 117          |
|    total_timesteps      | 34304        |
| train/                  |              |
|    approx_kl            | 0.0038947528 |
|    clip_fraction        | 0.0176       |
|    clip_range           | 0.2          |
|    entropy_loss         | -0.259       |
|    explained_variance   | 0.0608       |
|    learning_rate        | 0.0003       |
|    loss                 | 5.95         |
|    n_updates            | 330          |
|    policy_gradient_loss | -0.0077      |
|    value_loss           | 12.6         |
------------------------------------------
------------------------------------------
| rollout/                |              |
|    ep_len_mean          | 11.1         |
|    ep_rew_mean          | 3.66         |
| time/                   |              |
|    fps                  | 291          |
|    iterations           | 68           |
|    time_elapsed         | 119          |
|    total_timesteps      | 34816        |
| train/                  |              |
|    approx_kl            | 0.0012670623 |
|    clip_fraction        | 0.0121       |
|    clip_range           | 0.2          |
|    entropy_loss         | -0.161       |
|    explained_variance   | 0.226        |
|    learning_rate        | 0.0003       |
|    loss                 | 3.07         |
|    n_updates            | 335          |
|    policy_gradient_loss | -0.00667     |
|    value_loss           | 7.75         |
------------------------------------------
------------------------------------------
| rollout/                |              |
|    ep_len_mean          | 9.77         |
|    ep_rew_mean          | 2.94         |
| time/                   |              |
|    fps                  | 291          |
|    iterations           | 69           |
|    time_elapsed         | 121          |
|    total_timesteps      | 35328        |
| train/                  |              |
|    approx_kl            | 0.0014305371 |
|    clip_fraction        | 0.00781      |
|    clip_range           | 0.2          |
|    entropy_loss         | -0.198       |
|    explained_variance   | 0.217        |
|    learning_rate        | 0.0003       |
|    loss                 | 3.1          |
|    n_updates            | 340          |
|    policy_gradient_loss | 0.00357      |
|    value_loss           | 10.5         |
------------------------------------------
------------------------------------------
| rollout/                |              |
|    ep_len_mean          | 9.75         |
|    ep_rew_mean          | 3.01         |
| time/                   |              |
|    fps                  | 292          |
|    iterations           | 70           |
|    time_elapsed         | 122          |
|    total_timesteps      | 35840        |
| train/                  |              |
|    approx_kl            | 0.0021701138 |
|    clip_fraction        | 0.0246       |
|    clip_range           | 0.2          |
|    entropy_loss         | -0.199       |
|    explained_variance   | 0.22         |
|    learning_rate        | 0.0003       |
|    loss                 | 6.11         |
|    n_updates            | 345          |
|    policy_gradient_loss | -0.0101      |
|    value_loss           | 10.2         |
------------------------------------------
-------------------------------------------
| rollout/                |               |
|    ep_len_mean          | 11.5          |
|    ep_rew_mean          | 3.87          |
| time/                   |               |
|    fps                  | 292           |
|    iterations           | 71            |
|    time_elapsed         | 124           |
|    total_timesteps      | 36352         |
| train/                  |               |
|    approx_kl            | 0.00020876288 |
|    clip_fraction        | 0             |
|    clip_range           | 0.2           |
|    entropy_loss         | -0.195        |
|    explained_variance   | 0.363         |
|    learning_rate        | 0.0003        |
|    loss                 | 3.72          |
|    n_updates            | 350           |
|    policy_gradient_loss | -0.000742     |
|    value_loss           | 7.43          |
-------------------------------------------
------------------------------------------
| rollout/                |              |
|    ep_len_mean          | 12.6         |
|    ep_rew_mean          | 4.78         |
| time/                   |              |
|    fps                  | 292          |
|    iterations           | 72           |
|    time_elapsed         | 126          |
|    total_timesteps      | 36864        |
| train/                  |              |
|    approx_kl            | 0.0029387816 |
|    clip_fraction        | 0.0238       |
|    clip_range           | 0.2          |
|    entropy_loss         | -0.175       |
|    explained_variance   | 0.0899       |
|    learning_rate        | 0.0003       |
|    loss                 | 3.38         |
|    n_updates            | 355          |
|    policy_gradient_loss | -0.00833     |
|    value_loss           | 14.4         |
------------------------------------------
-----------------------------------------
| rollout/                |             |
|    ep_len_mean          | 13          |
|    ep_rew_mean          | 3.65        |
| time/                   |             |
|    fps                  | 292         |
|    iterations           | 73          |
|    time_elapsed         | 127         |
|    total_timesteps      | 37376       |
| train/                  |             |
|    approx_kl            | 0.000637303 |
|    clip_fraction        | 0.0152      |
|    clip_range           | 0.2         |
|    entropy_loss         | -0.139      |
|    explained_variance   | 0.353       |
|    learning_rate        | 0.0003      |
|    loss                 | 2.47        |
|    n_updates            | 360         |
|    policy_gradient_loss | -0.00858    |
|    value_loss           | 6.19        |
-----------------------------------------
-------------------------------------------
| rollout/                |               |
|    ep_len_mean          | 13.1          |
|    ep_rew_mean          | 3.67          |
| time/                   |               |
|    fps                  | 292           |
|    iterations           | 74            |
|    time_elapsed         | 129           |
|    total_timesteps      | 37888         |
| train/                  |               |
|    approx_kl            | 2.8188108e-05 |
|    clip_fraction        | 0             |
|    clip_range           | 0.2           |
|    entropy_loss         | -0.151        |
|    explained_variance   | 0.179         |
|    learning_rate        | 0.0003        |
|    loss                 | 7.43          |
|    n_updates            | 365           |
|    policy_gradient_loss | -0.000918     |
|    value_loss           | 14.6          |
-------------------------------------------
------------------------------------------
| rollout/                |              |
|    ep_len_mean          | 13.3         |
|    ep_rew_mean          | 2.95         |
| time/                   |              |
|    fps                  | 293          |
|    iterations           | 75           |
|    time_elapsed         | 131          |
|    total_timesteps      | 38400        |
| train/                  |              |
|    approx_kl            | 7.856847e-05 |
|    clip_fraction        | 0            |
|    clip_range           | 0.2          |
|    entropy_loss         | -0.159       |
|    explained_variance   | 0.0581       |
|    learning_rate        | 0.0003       |
|    loss                 | 4.48         |
|    n_updates            | 370          |
|    policy_gradient_loss | -0.000176    |
|    value_loss           | 13.2         |
------------------------------------------
------------------------------------------
| rollout/                |              |
|    ep_len_mean          | 13.8         |
|    ep_rew_mean          | 2.8          |
| time/                   |              |
|    fps                  | 293          |
|    iterations           | 76           |
|    time_elapsed         | 132          |
|    total_timesteps      | 38912        |
| train/                  |              |
|    approx_kl            | 0.0007197616 |
|    clip_fraction        | 0.00391      |
|    clip_range           | 0.2          |
|    entropy_loss         | -0.15        |
|    explained_variance   | 0.0439       |
|    learning_rate        | 0.0003       |
|    loss                 | 6.52         |
|    n_updates            | 375          |
|    policy_gradient_loss | 0.000451     |
|    value_loss           | 17.7         |
------------------------------------------
-----------------------------------------
| rollout/                |             |
|    ep_len_mean          | 12.2        |
|    ep_rew_mean          | 1.94        |
| time/                   |             |
|    fps                  | 293         |
|    iterations           | 77          |
|    time_elapsed         | 134         |
|    total_timesteps      | 39424       |
| train/                  |             |
|    approx_kl            | 0.009822575 |
|    clip_fraction        | 0.0371      |
|    clip_range           | 0.2         |
|    entropy_loss         | -0.255      |
|    explained_variance   | 0.0749      |
|    learning_rate        | 0.0003      |
|    loss                 | 6.9         |
|    n_updates            | 380         |
|    policy_gradient_loss | 0.0107      |
|    value_loss           | 13.8        |
-----------------------------------------
-------------------------------------------
| rollout/                |               |
|    ep_len_mean          | 9.25          |
|    ep_rew_mean          | 2.69          |
| time/                   |               |
|    fps                  | 292           |
|    iterations           | 78            |
|    time_elapsed         | 136           |
|    total_timesteps      | 39936         |
| train/                  |               |
|    approx_kl            | 0.00021274481 |
|    clip_fraction        | 0             |
|    clip_range           | 0.2           |
|    entropy_loss         | -0.215        |
|    explained_variance   | 0.132         |
|    learning_rate        | 0.0003        |
|    loss                 | 4.64          |
|    n_updates            | 385           |
|    policy_gradient_loss | -0.00129      |
|    value_loss           | 11.8          |
-------------------------------------------
------------------------------------------
| rollout/                |              |
|    ep_len_mean          | 9.89         |
|    ep_rew_mean          | 2.77         |
| time/                   |              |
|    fps                  | 291          |
|    iterations           | 79           |
|    time_elapsed         | 138          |
|    total_timesteps      | 40448        |
| train/                  |              |
|    approx_kl            | 0.0015984876 |
|    clip_fraction        | 0.0145       |
|    clip_range           | 0.2          |
|    entropy_loss         | -0.184       |
|    explained_variance   | 0.275        |
|    learning_rate        | 0.0003       |
|    loss                 | 3.84         |
|    n_updates            | 390          |
|    policy_gradient_loss | -0.00717     |
|    value_loss           | 7.77         |
------------------------------------------
------------------------------------------
| rollout/                |              |
|    ep_len_mean          | 10.5         |
|    ep_rew_mean          | 2.21         |
| time/                   |              |
|    fps                  | 288          |
|    iterations           | 80           |
|    time_elapsed         | 141          |
|    total_timesteps      | 40960        |
| train/                  |              |
|    approx_kl            | 0.0042236885 |
|    clip_fraction        | 0.0254       |
|    clip_range           | 0.2          |
|    entropy_loss         | -0.219       |
|    explained_variance   | 0.205        |
|    learning_rate        | 0.0003       |
|    loss                 | 5.97         |
|    n_updates            | 395          |
|    policy_gradient_loss | 0.00223      |
|    value_loss           | 13.7         |
------------------------------------------
------------------------------------------
| rollout/                |              |
|    ep_len_mean          | 8.3          |
|    ep_rew_mean          | 1.75         |
| time/                   |              |
|    fps                  | 285          |
|    iterations           | 81           |
|    time_elapsed         | 145          |
|    total_timesteps      | 41472        |
| train/                  |              |
|    approx_kl            | 0.0060247243 |
|    clip_fraction        | 0.0336       |
|    clip_range           | 0.2          |
|    entropy_loss         | -0.263       |
|    explained_variance   | 0.114        |
|    learning_rate        | 0.0003       |
|    loss                 | 6.37         |
|    n_updates            | 400          |
|    policy_gradient_loss | 0.00518      |
|    value_loss           | 11.9         |
------------------------------------------
------------------------------------------
| rollout/                |              |
|    ep_len_mean          | 8.43         |
|    ep_rew_mean          | 2.44         |
| time/                   |              |
|    fps                  | 284          |
|    iterations           | 82           |
|    time_elapsed         | 147          |
|    total_timesteps      | 41984        |
| train/                  |              |
|    approx_kl            | 0.0048713693 |
|    clip_fraction        | 0.0445       |
|    clip_range           | 0.2          |
|    entropy_loss         | -0.27        |
|    explained_variance   | 0.0654       |
|    learning_rate        | 0.0003       |
|    loss                 | 5.75         |
|    n_updates            | 405          |
|    policy_gradient_loss | -0.00659     |
|    value_loss           | 8.66         |
------------------------------------------
------------------------------------------
| rollout/                |              |
|    ep_len_mean          | 10.2         |
|    ep_rew_mean          | 2.77         |
| time/                   |              |
|    fps                  | 284          |
|    iterations           | 83           |
|    time_elapsed         | 149          |
|    total_timesteps      | 42496        |
| train/                  |              |
|    approx_kl            | 0.0033686082 |
|    clip_fraction        | 0.0289       |
|    clip_range           | 0.2          |
|    entropy_loss         | -0.254       |
|    explained_variance   | 0.175        |
|    learning_rate        | 0.0003       |
|    loss                 | 3.19         |
|    n_updates            | 410          |
|    policy_gradient_loss | -0.0074      |
|    value_loss           | 7.82         |
------------------------------------------
----------------------------------------
| rollout/                |            |
|    ep_len_mean          | 9.51       |
|    ep_rew_mean          | 1.89       |
| time/                   |            |
|    fps                  | 284        |
|    iterations           | 84         |
|    time_elapsed         | 151        |
|    total_timesteps      | 43008      |
| train/                  |            |
|    approx_kl            | 0.00741158 |
|    clip_fraction        | 0.0332     |
|    clip_range           | 0.2        |
|    entropy_loss         | -0.3       |
|    explained_variance   | 0.11       |
|    learning_rate        | 0.0003     |
|    loss                 | 7.37       |
|    n_updates            | 415        |
|    policy_gradient_loss | 0.00642    |
|    value_loss           | 12         |
----------------------------------------
-----------------------------------------
| rollout/                |             |
|    ep_len_mean          | 7.43        |
|    ep_rew_mean          | 2.05        |
| time/                   |             |
|    fps                  | 284         |
|    iterations           | 85          |
|    time_elapsed         | 152         |
|    total_timesteps      | 43520       |
| train/                  |             |
|    approx_kl            | 0.004702328 |
|    clip_fraction        | 0.0258      |
|    clip_range           | 0.2         |
|    entropy_loss         | -0.351      |
|    explained_variance   | 0.202       |
|    learning_rate        | 0.0003      |
|    loss                 | 6.42        |
|    n_updates            | 420         |
|    policy_gradient_loss | 0.0019      |
|    value_loss           | 9.92        |
-----------------------------------------
------------------------------------------
| rollout/                |              |
|    ep_len_mean          | 7.84         |
|    ep_rew_mean          | 2.63         |
| time/                   |              |
|    fps                  | 284          |
|    iterations           | 86           |
|    time_elapsed         | 154          |
|    total_timesteps      | 44032        |
| train/                  |              |
|    approx_kl            | 0.0011017107 |
|    clip_fraction        | 0.0199       |
|    clip_range           | 0.2          |
|    entropy_loss         | -0.262       |
|    explained_variance   | 0.182        |
|    learning_rate        | 0.0003       |
|    loss                 | 2.27         |
|    n_updates            | 425          |
|    policy_gradient_loss | -0.0101      |
|    value_loss           | 7.3          |
------------------------------------------
-----------------------------------------
| rollout/                |             |
|    ep_len_mean          | 8.03        |
|    ep_rew_mean          | 1.88        |
| time/                   |             |
|    fps                  | 285         |
|    iterations           | 87          |
|    time_elapsed         | 156         |
|    total_timesteps      | 44544       |
| train/                  |             |
|    approx_kl            | 0.003229119 |
|    clip_fraction        | 0.0539      |
|    clip_range           | 0.2         |
|    entropy_loss         | -0.251      |
|    explained_variance   | 0.276       |
|    learning_rate        | 0.0003      |
|    loss                 | 1.89        |
|    n_updates            | 430         |
|    policy_gradient_loss | -0.0147     |
|    value_loss           | 4.86        |
-----------------------------------------
-----------------------------------------
| rollout/                |             |
|    ep_len_mean          | 8.74        |
|    ep_rew_mean          | 1.55        |
| time/                   |             |
|    fps                  | 285         |
|    iterations           | 88          |
|    time_elapsed         | 157         |
|    total_timesteps      | 45056       |
| train/                  |             |
|    approx_kl            | 0.002660762 |
|    clip_fraction        | 0.0187      |
|    clip_range           | 0.2         |
|    entropy_loss         | -0.26       |
|    explained_variance   | -0.0422     |
|    learning_rate        | 0.0003      |
|    loss                 | 4.64        |
|    n_updates            | 435         |
|    policy_gradient_loss | -0.00667    |
|    value_loss           | 11.3        |
-----------------------------------------
-----------------------------------------
| rollout/                |             |
|    ep_len_mean          | 7.29        |
|    ep_rew_mean          | 1.54        |
| time/                   |             |
|    fps                  | 285         |
|    iterations           | 89          |
|    time_elapsed         | 159         |
|    total_timesteps      | 45568       |
| train/                  |             |
|    approx_kl            | 0.020779632 |
|    clip_fraction        | 0.0867      |
|    clip_range           | 0.2         |
|    entropy_loss         | -0.324      |
|    explained_variance   | 0.101       |
|    learning_rate        | 0.0003      |
|    loss                 | 7.81        |
|    n_updates            | 440         |
|    policy_gradient_loss | 0.00169     |
|    value_loss           | 15          |
-----------------------------------------
-----------------------------------------
| rollout/                |             |
|    ep_len_mean          | 7.49        |
|    ep_rew_mean          | 1.94        |
| time/                   |             |
|    fps                  | 285         |
|    iterations           | 90          |
|    time_elapsed         | 161         |
|    total_timesteps      | 46080       |
| train/                  |             |
|    approx_kl            | 0.004810541 |
|    clip_fraction        | 0.0461      |
|    clip_range           | 0.2         |
|    entropy_loss         | -0.335      |
|    explained_variance   | 0.2         |
|    learning_rate        | 0.0003      |
|    loss                 | 2.63        |
|    n_updates            | 445         |
|    policy_gradient_loss | -0.0101     |
|    value_loss           | 6.25        |
-----------------------------------------
-------------------------------------------
| rollout/                |               |
|    ep_len_mean          | 8.32          |
|    ep_rew_mean          | 2.21          |
| time/                   |               |
|    fps                  | 285           |
|    iterations           | 91            |
|    time_elapsed         | 162           |
|    total_timesteps      | 46592         |
| train/                  |               |
|    approx_kl            | 0.00068312546 |
|    clip_fraction        | 0.0105        |
|    clip_range           | 0.2           |
|    entropy_loss         | -0.279        |
|    explained_variance   | 0.149         |
|    learning_rate        | 0.0003        |
|    loss                 | 2.99          |
|    n_updates            | 450           |
|    policy_gradient_loss | -0.00695      |
|    value_loss           | 8.21          |
-------------------------------------------
------------------------------------------
| rollout/                |              |
|    ep_len_mean          | 9.33         |
|    ep_rew_mean          | 2.68         |
| time/                   |              |
|    fps                  | 285          |
|    iterations           | 92           |
|    time_elapsed         | 164          |
|    total_timesteps      | 47104        |
| train/                  |              |
|    approx_kl            | 0.0031335976 |
|    clip_fraction        | 0.0301       |
|    clip_range           | 0.2          |
|    entropy_loss         | -0.28        |
|    explained_variance   | 0.0885       |
|    learning_rate        | 0.0003       |
|    loss                 | 4.04         |
|    n_updates            | 455          |
|    policy_gradient_loss | -0.0138      |
|    value_loss           | 7.58         |
------------------------------------------
-----------------------------------------
| rollout/                |             |
|    ep_len_mean          | 7.85        |
|    ep_rew_mean          | 1.17        |
| time/                   |             |
|    fps                  | 286         |
|    iterations           | 93          |
|    time_elapsed         | 166         |
|    total_timesteps      | 47616       |
| train/                  |             |
|    approx_kl            | 0.004644218 |
|    clip_fraction        | 0.0187      |
|    clip_range           | 0.2         |
|    entropy_loss         | -0.328      |
|    explained_variance   | 0.231       |
|    learning_rate        | 0.0003      |
|    loss                 | 4.8         |
|    n_updates            | 460         |
|    policy_gradient_loss | 0.00103     |
|    value_loss           | 8.7         |
-----------------------------------------
------------------------------------------
| rollout/                |              |
|    ep_len_mean          | 8.45         |
|    ep_rew_mean          | 1.68         |
| time/                   |              |
|    fps                  | 286          |
|    iterations           | 94           |
|    time_elapsed         | 168          |
|    total_timesteps      | 48128        |
| train/                  |              |
|    approx_kl            | 0.0013850182 |
|    clip_fraction        | 0            |
|    clip_range           | 0.2          |
|    entropy_loss         | -0.285       |
|    explained_variance   | 0.0273       |
|    learning_rate        | 0.0003       |
|    loss                 | 9.24         |
|    n_updates            | 465          |
|    policy_gradient_loss | 0.000602     |
|    value_loss           | 12.1         |
------------------------------------------
-------------------------------------------
| rollout/                |               |
|    ep_len_mean          | 6.87          |
|    ep_rew_mean          | 1.38          |
| time/                   |               |
|    fps                  | 286           |
|    iterations           | 95            |
|    time_elapsed         | 169           |
|    total_timesteps      | 48640         |
| train/                  |               |
|    approx_kl            | 0.00037249242 |
|    clip_fraction        | 0             |
|    clip_range           | 0.2           |
|    entropy_loss         | -0.256        |
|    explained_variance   | 0.0274        |
|    learning_rate        | 0.0003        |
|    loss                 | 3.73          |
|    n_updates            | 470           |
|    policy_gradient_loss | 5.28e-06      |
|    value_loss           | 9.88          |
-------------------------------------------
-----------------------------------------
| rollout/                |             |
|    ep_len_mean          | 7.24        |
|    ep_rew_mean          | 1.63        |
| time/                   |             |
|    fps                  | 286         |
|    iterations           | 96          |
|    time_elapsed         | 171         |
|    total_timesteps      | 49152       |
| train/                  |             |
|    approx_kl            | 0.005961137 |
|    clip_fraction        | 0.0496      |
|    clip_range           | 0.2         |
|    entropy_loss         | -0.283      |
|    explained_variance   | 0.00112     |
|    learning_rate        | 0.0003      |
|    loss                 | 5.75        |
|    n_updates            | 475         |
|    policy_gradient_loss | -0.00788    |
|    value_loss           | 12.5        |
-----------------------------------------
-----------------------------------------
| rollout/                |             |
|    ep_len_mean          | 8.66        |
|    ep_rew_mean          | 1.97        |
| time/                   |             |
|    fps                  | 286         |
|    iterations           | 97          |
|    time_elapsed         | 173         |
|    total_timesteps      | 49664       |
| train/                  |             |
|    approx_kl            | 0.006519069 |
|    clip_fraction        | 0.0469      |
|    clip_range           | 0.2         |
|    entropy_loss         | -0.315      |
|    explained_variance   | 0.105       |
|    learning_rate        | 0.0003      |
|    loss                 | 3.75        |
|    n_updates            | 480         |
|    policy_gradient_loss | 0.00419     |
|    value_loss           | 7.81        |
-----------------------------------------
------------------------------------------
| rollout/                |              |
|    ep_len_mean          | 8.59         |
|    ep_rew_mean          | 1.99         |
| time/                   |              |
|    fps                  | 286          |
|    iterations           | 98           |
|    time_elapsed         | 175          |
|    total_timesteps      | 50176        |
| train/                  |              |
|    approx_kl            | 0.0011015092 |
|    clip_fraction        | 0.00586      |
|    clip_range           | 0.2          |
|    entropy_loss         | -0.277       |
|    explained_variance   | 0.0994       |
|    learning_rate        | 0.0003       |
|    loss                 | 4.93         |
|    n_updates            | 485          |
|    policy_gradient_loss | -0.00507     |
|    value_loss           | 10.2         |
------------------------------------------
-----------------------------------------
| rollout/                |             |
|    ep_len_mean          | 9.61        |
|    ep_rew_mean          | 2.4         |
| time/                   |             |
|    fps                  | 286         |
|    iterations           | 99          |
|    time_elapsed         | 177         |
|    total_timesteps      | 50688       |
| train/                  |             |
|    approx_kl            | 0.004663002 |
|    clip_fraction        | 0.0227      |
|    clip_range           | 0.2         |
|    entropy_loss         | -0.228      |
|    explained_variance   | 0.0433      |
|    learning_rate        | 0.0003      |
|    loss                 | 4.63        |
|    n_updates            | 490         |
|    policy_gradient_loss | -0.0055     |
|    value_loss           | 9.88        |
-----------------------------------------
------------------------------------------
| rollout/                |              |
|    ep_len_mean          | 10.5         |
|    ep_rew_mean          | 3.46         |
| time/                   |              |
|    fps                  | 286          |
|    iterations           | 100          |
|    time_elapsed         | 178          |
|    total_timesteps      | 51200        |
| train/                  |              |
|    approx_kl            | 0.0016882203 |
|    clip_fraction        | 0.00352      |
|    clip_range           | 0.2          |
|    entropy_loss         | -0.221       |
|    explained_variance   | 0.182        |
|    learning_rate        | 0.0003       |
|    loss                 | 5.01         |
|    n_updates            | 495          |
|    policy_gradient_loss | -0.00311     |
|    value_loss           | 8            |
------------------------------------------
------------------------------------------
| rollout/                |              |
|    ep_len_mean          | 11.4         |
|    ep_rew_mean          | 3.62         |
| time/                   |              |
|    fps                  | 285          |
|    iterations           | 101          |
|    time_elapsed         | 180          |
|    total_timesteps      | 51712        |
| train/                  |              |
|    approx_kl            | 0.0017922316 |
|    clip_fraction        | 0.0187       |
|    clip_range           | 0.2          |
|    entropy_loss         | -0.209       |
|    explained_variance   | 0.172        |
|    learning_rate        | 0.0003       |
|    loss                 | 3.67         |
|    n_updates            | 500          |
|    policy_gradient_loss | -0.0123      |
|    value_loss           | 8.84         |
------------------------------------------
------------------------------------------
| rollout/                |              |
|    ep_len_mean          | 12.6         |
|    ep_rew_mean          | 2.91         |
| time/                   |              |
|    fps                  | 285          |
|    iterations           | 102          |
|    time_elapsed         | 182          |
|    total_timesteps      | 52224        |
| train/                  |              |
|    approx_kl            | 0.0012026067 |
|    clip_fraction        | 0.0219       |
|    clip_range           | 0.2          |
|    entropy_loss         | -0.172       |
|    explained_variance   | 0.0379       |
|    learning_rate        | 0.0003       |
|    loss                 | 5.31         |
|    n_updates            | 505          |
|    policy_gradient_loss | -0.00779     |
|    value_loss           | 12.6         |
------------------------------------------
-------------------------------------------
| rollout/                |               |
|    ep_len_mean          | 12.1          |
|    ep_rew_mean          | 3.04          |
| time/                   |               |
|    fps                  | 285           |
|    iterations           | 103           |
|    time_elapsed         | 184           |
|    total_timesteps      | 52736         |
| train/                  |               |
|    approx_kl            | 0.00063808693 |
|    clip_fraction        | 0.00117       |
|    clip_range           | 0.2           |
|    entropy_loss         | -0.186        |
|    explained_variance   | 0.0303        |
|    learning_rate        | 0.0003        |
|    loss                 | 7.21          |
|    n_updates            | 510           |
|    policy_gradient_loss | 0.00144       |
|    value_loss           | 16.4          |
-------------------------------------------
------------------------------------------
| rollout/                |              |
|    ep_len_mean          | 12.1         |
|    ep_rew_mean          | 3.02         |
| time/                   |              |
|    fps                  | 285          |
|    iterations           | 104          |
|    time_elapsed         | 186          |
|    total_timesteps      | 53248        |
| train/                  |              |
|    approx_kl            | 0.0015420398 |
|    clip_fraction        | 0.0145       |
|    clip_range           | 0.2          |
|    entropy_loss         | -0.172       |
|    explained_variance   | 0.171        |
|    learning_rate        | 0.0003       |
|    loss                 | 3.03         |
|    n_updates            | 515          |
|    policy_gradient_loss | -0.00707     |
|    value_loss           | 7.76         |
------------------------------------------
------------------------------------------
| rollout/                |              |
|    ep_len_mean          | 12.8         |
|    ep_rew_mean          | 3.45         |
| time/                   |              |
|    fps                  | 283          |
|    iterations           | 105          |
|    time_elapsed         | 189          |
|    total_timesteps      | 53760        |
| train/                  |              |
|    approx_kl            | 0.0003521206 |
|    clip_fraction        | 0            |
|    clip_range           | 0.2          |
|    entropy_loss         | -0.186       |
|    explained_variance   | 0.107        |
|    learning_rate        | 0.0003       |
|    loss                 | 9.59         |
|    n_updates            | 520          |
|    policy_gradient_loss | 0.000963     |
|    value_loss           | 15.3         |
------------------------------------------
------------------------------------------
| rollout/                |              |
|    ep_len_mean          | 12.9         |
|    ep_rew_mean          | 2.96         |
| time/                   |              |
|    fps                  | 282          |
|    iterations           | 106          |
|    time_elapsed         | 191          |
|    total_timesteps      | 54272        |
| train/                  |              |
|    approx_kl            | 7.833319e-05 |
|    clip_fraction        | 0            |
|    clip_range           | 0.2          |
|    entropy_loss         | -0.183       |
|    explained_variance   | 0.0894       |
|    learning_rate        | 0.0003       |
|    loss                 | 4.63         |
|    n_updates            | 525          |
|    policy_gradient_loss | 0.0014       |
|    value_loss           | 12           |
------------------------------------------
------------------------------------------
| rollout/                |              |
|    ep_len_mean          | 11.1         |
|    ep_rew_mean          | 2.31         |
| time/                   |              |
|    fps                  | 282          |
|    iterations           | 107          |
|    time_elapsed         | 194          |
|    total_timesteps      | 54784        |
| train/                  |              |
|    approx_kl            | 0.0013158123 |
|    clip_fraction        | 0.0082       |
|    clip_range           | 0.2          |
|    entropy_loss         | -0.179       |
|    explained_variance   | 0.0576       |
|    learning_rate        | 0.0003       |
|    loss                 | 8.58         |
|    n_updates            | 530          |
|    policy_gradient_loss | 0.00217      |
|    value_loss           | 17.1         |
------------------------------------------
------------------------------------------
| rollout/                |              |
|    ep_len_mean          | 11.5         |
|    ep_rew_mean          | 3.09         |
| time/                   |              |
|    fps                  | 281          |
|    iterations           | 108          |
|    time_elapsed         | 196          |
|    total_timesteps      | 55296        |
| train/                  |              |
|    approx_kl            | 0.0021246488 |
|    clip_fraction        | 0.0309       |
|    clip_range           | 0.2          |
|    entropy_loss         | -0.212       |
|    explained_variance   | 0.00876      |
|    learning_rate        | 0.0003       |
|    loss                 | 3.42         |
|    n_updates            | 535          |
|    policy_gradient_loss | -0.00774     |
|    value_loss           | 8.71         |
------------------------------------------
------------------------------------------
| rollout/                |              |
|    ep_len_mean          | 11.5         |
|    ep_rew_mean          | 3.51         |
| time/                   |              |
|    fps                  | 281          |
|    iterations           | 109          |
|    time_elapsed         | 198          |
|    total_timesteps      | 55808        |
| train/                  |              |
|    approx_kl            | 9.345519e-05 |
|    clip_fraction        | 0            |
|    clip_range           | 0.2          |
|    entropy_loss         | -0.184       |
|    explained_variance   | 0.114        |
|    learning_rate        | 0.0003       |
|    loss                 | 7.04         |
|    n_updates            | 540          |
|    policy_gradient_loss | 0.00162      |
|    value_loss           | 12.6         |
------------------------------------------
------------------------------------------
| rollout/                |              |
|    ep_len_mean          | 13.2         |
|    ep_rew_mean          | 3.24         |
| time/                   |              |
|    fps                  | 281          |
|    iterations           | 110          |
|    time_elapsed         | 200          |
|    total_timesteps      | 56320        |
| train/                  |              |
|    approx_kl            | 0.0013227422 |
|    clip_fraction        | 0.00586      |
|    clip_range           | 0.2          |
|    entropy_loss         | -0.197       |
|    explained_variance   | 0.129        |
|    learning_rate        | 0.0003       |
|    loss                 | 3.78         |
|    n_updates            | 545          |
|    policy_gradient_loss | -0.0059      |
|    value_loss           | 10.1         |
------------------------------------------
-----------------------------------------
| rollout/                |             |
|    ep_len_mean          | 10.4        |
|    ep_rew_mean          | 2.36        |
| time/                   |             |
|    fps                  | 281         |
|    iterations           | 111         |
|    time_elapsed         | 202         |
|    total_timesteps      | 56832       |
| train/                  |             |
|    approx_kl            | 0.016628973 |
|    clip_fraction        | 0.0305      |
|    clip_range           | 0.2         |
|    entropy_loss         | -0.219      |
|    explained_variance   | 0.0778      |
|    learning_rate        | 0.0003      |
|    loss                 | 11.8        |
|    n_updates            | 550         |
|    policy_gradient_loss | 0.00279     |
|    value_loss           | 19.6        |
-----------------------------------------
------------------------------------------
| rollout/                |              |
|    ep_len_mean          | 8.85         |
|    ep_rew_mean          | 2.19         |
| time/                   |              |
|    fps                  | 281          |
|    iterations           | 112          |
|    time_elapsed         | 203          |
|    total_timesteps      | 57344        |
| train/                  |              |
|    approx_kl            | 0.0024358053 |
|    clip_fraction        | 0.00781      |
|    clip_range           | 0.2          |
|    entropy_loss         | -0.231       |
|    explained_variance   | 0.221        |
|    learning_rate        | 0.0003       |
|    loss                 | 2.44         |
|    n_updates            | 555          |
|    policy_gradient_loss | -0.000186    |
|    value_loss           | 7.48         |
------------------------------------------
------------------------------------------
| rollout/                |              |
|    ep_len_mean          | 10.7         |
|    ep_rew_mean          | 2.73         |
| time/                   |              |
|    fps                  | 281          |
|    iterations           | 113          |
|    time_elapsed         | 205          |
|    total_timesteps      | 57856        |
| train/                  |              |
|    approx_kl            | 0.0019236025 |
|    clip_fraction        | 0.0148       |
|    clip_range           | 0.2          |
|    entropy_loss         | -0.216       |
|    explained_variance   | 0.158        |
|    learning_rate        | 0.0003       |
|    loss                 | 3.86         |
|    n_updates            | 560          |
|    policy_gradient_loss | -0.00527     |
|    value_loss           | 9.25         |
------------------------------------------
------------------------------------------
| rollout/                |              |
|    ep_len_mean          | 12.5         |
|    ep_rew_mean          | 3.85         |
| time/                   |              |
|    fps                  | 281          |
|    iterations           | 114          |
|    time_elapsed         | 207          |
|    total_timesteps      | 58368        |
| train/                  |              |
|    approx_kl            | 0.0003393771 |
|    clip_fraction        | 0            |
|    clip_range           | 0.2          |
|    entropy_loss         | -0.182       |
|    explained_variance   | 0.296        |
|    learning_rate        | 0.0003       |
|    loss                 | 6.02         |
|    n_updates            | 565          |
|    policy_gradient_loss | -0.000232    |
|    value_loss           | 7.5          |
------------------------------------------
------------------------------------------
| rollout/                |              |
|    ep_len_mean          | 13.4         |
|    ep_rew_mean          | 4.37         |
| time/                   |              |
|    fps                  | 282          |
|    iterations           | 115          |
|    time_elapsed         | 208          |
|    total_timesteps      | 58880        |
| train/                  |              |
|    approx_kl            | 0.0014782164 |
|    clip_fraction        | 0.0211       |
|    clip_range           | 0.2          |
|    entropy_loss         | -0.17        |
|    explained_variance   | 0.0377       |
|    learning_rate        | 0.0003       |
|    loss                 | 3.69         |
|    n_updates            | 570          |
|    policy_gradient_loss | -0.011       |
|    value_loss           | 11.1         |
------------------------------------------
------------------------------------------
| rollout/                |              |
|    ep_len_mean          | 12.7         |
|    ep_rew_mean          | 3.92         |
| time/                   |              |
|    fps                  | 282          |
|    iterations           | 116          |
|    time_elapsed         | 210          |
|    total_timesteps      | 59392        |
| train/                  |              |
|    approx_kl            | 0.0010013522 |
|    clip_fraction        | 0.016        |
|    clip_range           | 0.2          |
|    entropy_loss         | -0.156       |
|    explained_variance   | 0.225        |
|    learning_rate        | 0.0003       |
|    loss                 | 4.35         |
|    n_updates            | 575          |
|    policy_gradient_loss | -0.00802     |
|    value_loss           | 9.72         |
------------------------------------------
------------------------------------------
| rollout/                |              |
|    ep_len_mean          | 13.5         |
|    ep_rew_mean          | 4.01         |
| time/                   |              |
|    fps                  | 282          |
|    iterations           | 117          |
|    time_elapsed         | 212          |
|    total_timesteps      | 59904        |
| train/                  |              |
|    approx_kl            | 0.0012851438 |
|    clip_fraction        | 0.00859      |
|    clip_range           | 0.2          |
|    entropy_loss         | -0.139       |
|    explained_variance   | 0.345        |
|    learning_rate        | 0.0003       |
|    loss                 | 3.28         |
|    n_updates            | 580          |
|    policy_gradient_loss | -0.00606     |
|    value_loss           | 7.59         |
------------------------------------------
-------------------------------------------
| rollout/                |               |
|    ep_len_mean          | 14.6          |
|    ep_rew_mean          | 3.08          |
| time/                   |               |
|    fps                  | 282           |
|    iterations           | 118           |
|    time_elapsed         | 213           |
|    total_timesteps      | 60416         |
| train/                  |               |
|    approx_kl            | 0.00071823725 |
|    clip_fraction        | 0.00195       |
|    clip_range           | 0.2           |
|    entropy_loss         | -0.134        |
|    explained_variance   | 0.144         |
|    learning_rate        | 0.0003        |
|    loss                 | 4.02          |
|    n_updates            | 585           |
|    policy_gradient_loss | -0.00341      |
|    value_loss           | 10.1          |
-------------------------------------------
-----------------------------------------
| rollout/                |             |
|    ep_len_mean          | 16          |
|    ep_rew_mean          | 2.83        |
| time/                   |             |
|    fps                  | 282         |
|    iterations           | 119         |
|    time_elapsed         | 215         |
|    total_timesteps      | 60928       |
| train/                  |             |
|    approx_kl            | 0.007564969 |
|    clip_fraction        | 0.0164      |
|    clip_range           | 0.2         |
|    entropy_loss         | -0.142      |
|    explained_variance   | 0.15        |
|    learning_rate        | 0.0003      |
|    loss                 | 8.5         |
|    n_updates            | 590         |
|    policy_gradient_loss | 0.000112    |
|    value_loss           | 17.4        |
-----------------------------------------
-----------------------------------------
| rollout/                |             |
|    ep_len_mean          | 11.4        |
|    ep_rew_mean          | 2.82        |
| time/                   |             |
|    fps                  | 283         |
|    iterations           | 120         |
|    time_elapsed         | 217         |
|    total_timesteps      | 61440       |
| train/                  |             |
|    approx_kl            | 0.010632805 |
|    clip_fraction        | 0.0543      |
|    clip_range           | 0.2         |
|    entropy_loss         | -0.237      |
|    explained_variance   | 0.121       |
|    learning_rate        | 0.0003      |
|    loss                 | 3.78        |
|    n_updates            | 595         |
|    policy_gradient_loss | 0.00862     |
|    value_loss           | 13          |
-----------------------------------------
------------------------------------------
| rollout/                |              |
|    ep_len_mean          | 9.67         |
|    ep_rew_mean          | 2.52         |
| time/                   |              |
|    fps                  | 282          |
|    iterations           | 121          |
|    time_elapsed         | 218          |
|    total_timesteps      | 61952        |
| train/                  |              |
|    approx_kl            | 0.0017788295 |
|    clip_fraction        | 0.0328       |
|    clip_range           | 0.2          |
|    entropy_loss         | -0.194       |
|    explained_variance   | 0.248        |
|    learning_rate        | 0.0003       |
|    loss                 | 4.16         |
|    n_updates            | 600          |
|    policy_gradient_loss | -0.00911     |
|    value_loss           | 9.63         |
------------------------------------------
-------------------------------------------
| rollout/                |               |
|    ep_len_mean          | 10.8          |
|    ep_rew_mean          | 2.9           |
| time/                   |               |
|    fps                  | 283           |
|    iterations           | 122           |
|    time_elapsed         | 220           |
|    total_timesteps      | 62464         |
| train/                  |               |
|    approx_kl            | 0.00016935606 |
|    clip_fraction        | 0             |
|    clip_range           | 0.2           |
|    entropy_loss         | -0.192        |
|    explained_variance   | 0.163         |
|    learning_rate        | 0.0003        |
|    loss                 | 5.9           |
|    n_updates            | 605           |
|    policy_gradient_loss | -0.00354      |
|    value_loss           | 11.9          |
-------------------------------------------
------------------------------------------
| rollout/                |              |
|    ep_len_mean          | 11           |
|    ep_rew_mean          | 2.63         |
| time/                   |              |
|    fps                  | 283          |
|    iterations           | 123          |
|    time_elapsed         | 222          |
|    total_timesteps      | 62976        |
| train/                  |              |
|    approx_kl            | 0.0023599395 |
|    clip_fraction        | 0.023        |
|    clip_range           | 0.2          |
|    entropy_loss         | -0.168       |
|    explained_variance   | 0.202        |
|    learning_rate        | 0.0003       |
|    loss                 | 3.23         |
|    n_updates            | 610          |
|    policy_gradient_loss | -0.00598     |
|    value_loss           | 8.16         |
------------------------------------------
-----------------------------------------
| rollout/                |             |
|    ep_len_mean          | 10.5        |
|    ep_rew_mean          | 3.29        |
| time/                   |             |
|    fps                  | 283         |
|    iterations           | 124         |
|    time_elapsed         | 224         |
|    total_timesteps      | 63488       |
| train/                  |             |
|    approx_kl            | 0.010384563 |
|    clip_fraction        | 0.0426      |
|    clip_range           | 0.2         |
|    entropy_loss         | -0.212      |
|    explained_variance   | 0.22        |
|    learning_rate        | 0.0003      |
|    loss                 | 4.43        |
|    n_updates            | 615         |
|    policy_gradient_loss | 0.00471     |
|    value_loss           | 8.34        |
-----------------------------------------
------------------------------------------
| rollout/                |              |
|    ep_len_mean          | 10.4         |
|    ep_rew_mean          | 3.54         |
| time/                   |              |
|    fps                  | 283          |
|    iterations           | 125          |
|    time_elapsed         | 225          |
|    total_timesteps      | 64000        |
| train/                  |              |
|    approx_kl            | 0.0012273836 |
|    clip_fraction        | 0.0426       |
|    clip_range           | 0.2          |
|    entropy_loss         | -0.138       |
|    explained_variance   | 0.306        |
|    learning_rate        | 0.0003       |
|    loss                 | 3.57         |
|    n_updates            | 620          |
|    policy_gradient_loss | -0.00904     |
|    value_loss           | 7.9          |
------------------------------------------
------------------------------------------
| rollout/                |              |
|    ep_len_mean          | 12.6         |
|    ep_rew_mean          | 4.16         |
| time/                   |              |
|    fps                  | 283          |
|    iterations           | 126          |
|    time_elapsed         | 227          |
|    total_timesteps      | 64512        |
| train/                  |              |
|    approx_kl            | 0.0013951081 |
|    clip_fraction        | 0.0332       |
|    clip_range           | 0.2          |
|    entropy_loss         | -0.148       |
|    explained_variance   | 0.165        |
|    learning_rate        | 0.0003       |
|    loss                 | 3.79         |
|    n_updates            | 625          |
|    policy_gradient_loss | -0.00763     |
|    value_loss           | 8.48         |
------------------------------------------
----------------------------------------
| rollout/                |            |
|    ep_len_mean          | 10.9       |
|    ep_rew_mean          | 2.98       |
| time/                   |            |
|    fps                  | 283        |
|    iterations           | 127        |
|    time_elapsed         | 229        |
|    total_timesteps      | 65024      |
| train/                  |            |
|    approx_kl            | 0.00378184 |
|    clip_fraction        | 0.0172     |
|    clip_range           | 0.2        |
|    entropy_loss         | -0.194     |
|    explained_variance   | 0.231      |
|    learning_rate        | 0.0003     |
|    loss                 | 3.42       |
|    n_updates            | 630        |
|    policy_gradient_loss | 0.00558    |
|    value_loss           | 9.42       |
----------------------------------------
-----------------------------------------
| rollout/                |             |
|    ep_len_mean          | 9.95        |
|    ep_rew_mean          | 2.59        |
| time/                   |             |
|    fps                  | 283         |
|    iterations           | 128         |
|    time_elapsed         | 231         |
|    total_timesteps      | 65536       |
| train/                  |             |
|    approx_kl            | 0.008941248 |
|    clip_fraction        | 0.0414      |
|    clip_range           | 0.2         |
|    entropy_loss         | -0.201      |
|    explained_variance   | 0.099       |
|    learning_rate        | 0.0003      |
|    loss                 | 3.7         |
|    n_updates            | 635         |
|    policy_gradient_loss | -0.00462    |
|    value_loss           | 8.78        |
-----------------------------------------
-----------------------------------------
| rollout/                |             |
|    ep_len_mean          | 10.7        |
|    ep_rew_mean          | 3.42        |
| time/                   |             |
|    fps                  | 283         |
|    iterations           | 129         |
|    time_elapsed         | 233         |
|    total_timesteps      | 66048       |
| train/                  |             |
|    approx_kl            | 0.006309732 |
|    clip_fraction        | 0.032       |
|    clip_range           | 0.2         |
|    entropy_loss         | -0.215      |
|    explained_variance   | 0.203       |
|    learning_rate        | 0.0003      |
|    loss                 | 5.66        |
|    n_updates            | 640         |
|    policy_gradient_loss | 0.00435     |
|    value_loss           | 11.3        |
-----------------------------------------
------------------------------------------
| rollout/                |              |
|    ep_len_mean          | 10.2         |
|    ep_rew_mean          | 3.23         |
| time/                   |              |
|    fps                  | 283          |
|    iterations           | 130          |
|    time_elapsed         | 234          |
|    total_timesteps      | 66560        |
| train/                  |              |
|    approx_kl            | 0.0026736278 |
|    clip_fraction        | 0.0234       |
|    clip_range           | 0.2          |
|    entropy_loss         | -0.211       |
|    explained_variance   | 0.413        |
|    learning_rate        | 0.0003       |
|    loss                 | 1.78         |
|    n_updates            | 645          |
|    policy_gradient_loss | -0.00599     |
|    value_loss           | 5.24         |
------------------------------------------
-------------------------------------------
| rollout/                |               |
|    ep_len_mean          | 9.84          |
|    ep_rew_mean          | 2.4           |
| time/                   |               |
|    fps                  | 284           |
|    iterations           | 131           |
|    time_elapsed         | 236           |
|    total_timesteps      | 67072         |
| train/                  |               |
|    approx_kl            | 0.00058864144 |
|    clip_fraction        | 0             |
|    clip_range           | 0.2           |
|    entropy_loss         | -0.242        |
|    explained_variance   | 0.0726        |
|    learning_rate        | 0.0003        |
|    loss                 | 5.33          |
|    n_updates            | 650           |
|    policy_gradient_loss | 0.00369       |
|    value_loss           | 14.4          |
-------------------------------------------
------------------------------------------
| rollout/                |              |
|    ep_len_mean          | 9.63         |
|    ep_rew_mean          | 2.07         |
| time/                   |              |
|    fps                  | 284          |
|    iterations           | 132          |
|    time_elapsed         | 237          |
|    total_timesteps      | 67584        |
| train/                  |              |
|    approx_kl            | 0.0036264136 |
|    clip_fraction        | 0.025        |
|    clip_range           | 0.2          |
|    entropy_loss         | -0.233       |
|    explained_variance   | 0.165        |
|    learning_rate        | 0.0003       |
|    loss                 | 5.02         |
|    n_updates            | 655          |
|    policy_gradient_loss | -0.00594     |
|    value_loss           | 7.4          |
------------------------------------------
------------------------------------------
| rollout/                |              |
|    ep_len_mean          | 10.8         |
|    ep_rew_mean          | 2.77         |
| time/                   |              |
|    fps                  | 284          |
|    iterations           | 133          |
|    time_elapsed         | 239          |
|    total_timesteps      | 68096        |
| train/                  |              |
|    approx_kl            | 0.0015478332 |
|    clip_fraction        | 0.00742      |
|    clip_range           | 0.2          |
|    entropy_loss         | -0.233       |
|    explained_variance   | 0.105        |
|    learning_rate        | 0.0003       |
|    loss                 | 4.31         |
|    n_updates            | 660          |
|    policy_gradient_loss | -0.00906     |
|    value_loss           | 7.78         |
------------------------------------------
-------------------------------------------
| rollout/                |               |
|    ep_len_mean          | 13            |
|    ep_rew_mean          | 3.81          |
| time/                   |               |
|    fps                  | 284           |
|    iterations           | 134           |
|    time_elapsed         | 240           |
|    total_timesteps      | 68608         |
| train/                  |               |
|    approx_kl            | 0.00043887482 |
|    clip_fraction        | 0.00391       |
|    clip_range           | 0.2           |
|    entropy_loss         | -0.182        |
|    explained_variance   | 0.129         |
|    learning_rate        | 0.0003        |
|    loss                 | 4.39          |
|    n_updates            | 665           |
|    policy_gradient_loss | -0.00548      |
|    value_loss           | 9.56          |
-------------------------------------------
-------------------------------------------
| rollout/                |               |
|    ep_len_mean          | 13.9          |
|    ep_rew_mean          | 3.98          |
| time/                   |               |
|    fps                  | 285           |
|    iterations           | 135           |
|    time_elapsed         | 242           |
|    total_timesteps      | 69120         |
| train/                  |               |
|    approx_kl            | 0.00065029284 |
|    clip_fraction        | 0.00117       |
|    clip_range           | 0.2           |
|    entropy_loss         | -0.165        |
|    explained_variance   | 0.0539        |
|    learning_rate        | 0.0003        |
|    loss                 | 10.9          |
|    n_updates            | 670           |
|    policy_gradient_loss | -0.00244      |
|    value_loss           | 16            |
-------------------------------------------
------------------------------------------
| rollout/                |              |
|    ep_len_mean          | 14.8         |
|    ep_rew_mean          | 4.28         |
| time/                   |              |
|    fps                  | 285          |
|    iterations           | 136          |
|    time_elapsed         | 244          |
|    total_timesteps      | 69632        |
| train/                  |              |
|    approx_kl            | 0.0011523294 |
|    clip_fraction        | 0.0125       |
|    clip_range           | 0.2          |
|    entropy_loss         | -0.144       |
|    explained_variance   | 0.335        |
|    learning_rate        | 0.0003       |
|    loss                 | 2.97         |
|    n_updates            | 675          |
|    policy_gradient_loss | -0.00715     |
|    value_loss           | 7.26         |
------------------------------------------
-------------------------------------------
| rollout/                |               |
|    ep_len_mean          | 15.1          |
|    ep_rew_mean          | 4.14          |
| time/                   |               |
|    fps                  | 285           |
|    iterations           | 137           |
|    time_elapsed         | 245           |
|    total_timesteps      | 70144         |
| train/                  |               |
|    approx_kl            | 0.00090708083 |
|    clip_fraction        | 0.00547       |
|    clip_range           | 0.2           |
|    entropy_loss         | -0.125        |
|    explained_variance   | 0.107         |
|    learning_rate        | 0.0003        |
|    loss                 | 4.42          |
|    n_updates            | 680           |
|    policy_gradient_loss | -0.00444      |
|    value_loss           | 10.3          |
-------------------------------------------
------------------------------------------
| rollout/                |              |
|    ep_len_mean          | 15.6         |
|    ep_rew_mean          | 4            |
| time/                   |              |
|    fps                  | 285          |
|    iterations           | 138          |
|    time_elapsed         | 247          |
|    total_timesteps      | 70656        |
| train/                  |              |
|    approx_kl            | 0.0026706774 |
|    clip_fraction        | 0.0152       |
|    clip_range           | 0.2          |
|    entropy_loss         | -0.143       |
|    explained_variance   | 0.118        |
|    learning_rate        | 0.0003       |
|    loss                 | 7.05         |
|    n_updates            | 685          |
|    policy_gradient_loss | 0.00503      |
|    value_loss           | 13.5         |
------------------------------------------
------------------------------------------
| rollout/                |              |
|    ep_len_mean          | 13.4         |
|    ep_rew_mean          | 3.85         |
| time/                   |              |
|    fps                  | 286          |
|    iterations           | 139          |
|    time_elapsed         | 248          |
|    total_timesteps      | 71168        |
| train/                  |              |
|    approx_kl            | 0.0009989556 |
|    clip_fraction        | 0.0117       |
|    clip_range           | 0.2          |
|    entropy_loss         | -0.181       |
|    explained_variance   | 0.157        |
|    learning_rate        | 0.0003       |
|    loss                 | 4.53         |
|    n_updates            | 690          |
|    policy_gradient_loss | 0.00594      |
|    value_loss           | 10.3         |
------------------------------------------
-------------------------------------------
| rollout/                |               |
|    ep_len_mean          | 12.4          |
|    ep_rew_mean          | 3.26          |
| time/                   |               |
|    fps                  | 286           |
|    iterations           | 140           |
|    time_elapsed         | 250           |
|    total_timesteps      | 71680         |
| train/                  |               |
|    approx_kl            | 0.00025137758 |
|    clip_fraction        | 0             |
|    clip_range           | 0.2           |
|    entropy_loss         | -0.196        |
|    explained_variance   | 0.12          |
|    learning_rate        | 0.0003        |
|    loss                 | 6.18          |
|    n_updates            | 695           |
|    policy_gradient_loss | -0.000726     |
|    value_loss           | 12.6          |
-------------------------------------------
-------------------------------------------
| rollout/                |               |
|    ep_len_mean          | 12.1          |
|    ep_rew_mean          | 3.47          |
| time/                   |               |
|    fps                  | 286           |
|    iterations           | 141           |
|    time_elapsed         | 252           |
|    total_timesteps      | 72192         |
| train/                  |               |
|    approx_kl            | 0.00012609898 |
|    clip_fraction        | 0             |
|    clip_range           | 0.2           |
|    entropy_loss         | -0.224        |
|    explained_variance   | 0.202         |
|    learning_rate        | 0.0003        |
|    loss                 | 6.48          |
|    n_updates            | 700           |
|    policy_gradient_loss | 0.00197       |
|    value_loss           | 9.38          |
-------------------------------------------
------------------------------------------
| rollout/                |              |
|    ep_len_mean          | 11.7         |
|    ep_rew_mean          | 3.8          |
| time/                   |              |
|    fps                  | 286          |
|    iterations           | 142          |
|    time_elapsed         | 253          |
|    total_timesteps      | 72704        |
| train/                  |              |
|    approx_kl            | 0.0010478406 |
|    clip_fraction        | 0.0109       |
|    clip_range           | 0.2          |
|    entropy_loss         | -0.186       |
|    explained_variance   | 0.112        |
|    learning_rate        | 0.0003       |
|    loss                 | 7.22         |
|    n_updates            | 705          |
|    policy_gradient_loss | -0.00867     |
|    value_loss           | 11.7         |
------------------------------------------
------------------------------------------
| rollout/                |              |
|    ep_len_mean          | 12.7         |
|    ep_rew_mean          | 3.06         |
| time/                   |              |
|    fps                  | 286          |
|    iterations           | 143          |
|    time_elapsed         | 255          |
|    total_timesteps      | 73216        |
| train/                  |              |
|    approx_kl            | 0.0008402007 |
|    clip_fraction        | 0.0117       |
|    clip_range           | 0.2          |
|    entropy_loss         | -0.169       |
|    explained_variance   | 0.269        |
|    learning_rate        | 0.0003       |
|    loss                 | 2.96         |
|    n_updates            | 710          |
|    policy_gradient_loss | -0.00759     |
|    value_loss           | 7.18         |
------------------------------------------
-------------------------------------------
| rollout/                |               |
|    ep_len_mean          | 13.7          |
|    ep_rew_mean          | 3.08          |
| time/                   |               |
|    fps                  | 287           |
|    iterations           | 144           |
|    time_elapsed         | 256           |
|    total_timesteps      | 73728         |
| train/                  |               |
|    approx_kl            | 1.2874021e-05 |
|    clip_fraction        | 0             |
|    clip_range           | 0.2           |
|    entropy_loss         | -0.155        |
|    explained_variance   | 0.0243        |
|    learning_rate        | 0.0003        |
|    loss                 | 12.1          |
|    n_updates            | 715           |
|    policy_gradient_loss | -0.00178      |
|    value_loss           | 21.6          |
-------------------------------------------
-----------------------------------------
| rollout/                |             |
|    ep_len_mean          | 13.6        |
|    ep_rew_mean          | 2.46        |
| time/                   |             |
|    fps                  | 287         |
|    iterations           | 145         |
|    time_elapsed         | 258         |
|    total_timesteps      | 74240       |
| train/                  |             |
|    approx_kl            | 0.004767556 |
|    clip_fraction        | 0.0215      |
|    clip_range           | 0.2         |
|    entropy_loss         | -0.21       |
|    explained_variance   | 0.0715      |
|    learning_rate        | 0.0003      |
|    loss                 | 6.01        |
|    n_updates            | 720         |
|    policy_gradient_loss | 0.00801     |
|    value_loss           | 11.6        |
-----------------------------------------
-----------------------------------------
| rollout/                |             |
|    ep_len_mean          | 10.9        |
|    ep_rew_mean          | 2.76        |
| time/                   |             |
|    fps                  | 287         |
|    iterations           | 146         |
|    time_elapsed         | 260         |
|    total_timesteps      | 74752       |
| train/                  |             |
|    approx_kl            | 0.009384472 |
|    clip_fraction        | 0.0316      |
|    clip_range           | 0.2         |
|    entropy_loss         | -0.264      |
|    explained_variance   | 0.196       |
|    learning_rate        | 0.0003      |
|    loss                 | 5.59        |
|    n_updates            | 725         |
|    policy_gradient_loss | 0.00443     |
|    value_loss           | 13.2        |
-----------------------------------------
------------------------------------------
| rollout/                |              |
|    ep_len_mean          | 8.01         |
|    ep_rew_mean          | 2.06         |
| time/                   |              |
|    fps                  | 287          |
|    iterations           | 147          |
|    time_elapsed         | 261          |
|    total_timesteps      | 75264        |
| train/                  |              |
|    approx_kl            | 0.0012089724 |
|    clip_fraction        | 0            |
|    clip_range           | 0.2          |
|    entropy_loss         | -0.256       |
|    explained_variance   | 0.11         |
|    learning_rate        | 0.0003       |
|    loss                 | 4.59         |
|    n_updates            | 730          |
|    policy_gradient_loss | -0.00349     |
|    value_loss           | 9.87         |
------------------------------------------
------------------------------------------
| rollout/                |              |
|    ep_len_mean          | 8.66         |
|    ep_rew_mean          | 2.32         |
| time/                   |              |
|    fps                  | 287          |
|    iterations           | 148          |
|    time_elapsed         | 263          |
|    total_timesteps      | 75776        |
| train/                  |              |
|    approx_kl            | 0.0024180808 |
|    clip_fraction        | 0.0215       |
|    clip_range           | 0.2          |
|    entropy_loss         | -0.256       |
|    explained_variance   | 0.117        |
|    learning_rate        | 0.0003       |
|    loss                 | 4.25         |
|    n_updates            | 735          |
|    policy_gradient_loss | -0.0131      |
|    value_loss           | 6.99         |
------------------------------------------
------------------------------------------
| rollout/                |              |
|    ep_len_mean          | 11           |
|    ep_rew_mean          | 3.02         |
| time/                   |              |
|    fps                  | 288          |
|    iterations           | 149          |
|    time_elapsed         | 264          |
|    total_timesteps      | 76288        |
| train/                  |              |
|    approx_kl            | 0.0016048137 |
|    clip_fraction        | 0.0207       |
|    clip_range           | 0.2          |
|    entropy_loss         | -0.199       |
|    explained_variance   | 0.274        |
|    learning_rate        | 0.0003       |
|    loss                 | 2.51         |
|    n_updates            | 740          |
|    policy_gradient_loss | -0.0107      |
|    value_loss           | 7.15         |
------------------------------------------
-------------------------------------------
| rollout/                |               |
|    ep_len_mean          | 10.7          |
|    ep_rew_mean          | 1.83          |
| time/                   |               |
|    fps                  | 288           |
|    iterations           | 150           |
|    time_elapsed         | 266           |
|    total_timesteps      | 76800         |
| train/                  |               |
|    approx_kl            | 0.00039048505 |
|    clip_fraction        | 0             |
|    clip_range           | 0.2           |
|    entropy_loss         | -0.223        |
|    explained_variance   | 0.000341      |
|    learning_rate        | 0.0003        |
|    loss                 | 8.74          |
|    n_updates            | 745           |
|    policy_gradient_loss | 0.0026        |
|    value_loss           | 22.2          |
-------------------------------------------
-----------------------------------------
| rollout/                |             |
|    ep_len_mean          | 8.68        |
|    ep_rew_mean          | 1.4         |
| time/                   |             |
|    fps                  | 288         |
|    iterations           | 151         |
|    time_elapsed         | 267         |
|    total_timesteps      | 77312       |
| train/                  |             |
|    approx_kl            | 0.014628436 |
|    clip_fraction        | 0.0559      |
|    clip_range           | 0.2         |
|    entropy_loss         | -0.263      |
|    explained_variance   | 0.22        |
|    learning_rate        | 0.0003      |
|    loss                 | 4.72        |
|    n_updates            | 750         |
|    policy_gradient_loss | 0.000899    |
|    value_loss           | 10.4        |
-----------------------------------------
------------------------------------------
| rollout/                |              |
|    ep_len_mean          | 7.9          |
|    ep_rew_mean          | 2.29         |
| time/                   |              |
|    fps                  | 288          |
|    iterations           | 152          |
|    time_elapsed         | 269          |
|    total_timesteps      | 77824        |
| train/                  |              |
|    approx_kl            | 0.0002815695 |
|    clip_fraction        | 0            |
|    clip_range           | 0.2          |
|    entropy_loss         | -0.231       |
|    explained_variance   | 0.103        |
|    learning_rate        | 0.0003       |
|    loss                 | 7.66         |
|    n_updates            | 755          |
|    policy_gradient_loss | -0.000198    |
|    value_loss           | 13           |
------------------------------------------
------------------------------------------
| rollout/                |              |
|    ep_len_mean          | 9.13         |
|    ep_rew_mean          | 2.63         |
| time/                   |              |
|    fps                  | 288          |
|    iterations           | 153          |
|    time_elapsed         | 271          |
|    total_timesteps      | 78336        |
| train/                  |              |
|    approx_kl            | 0.0026681144 |
|    clip_fraction        | 0.00586      |
|    clip_range           | 0.2          |
|    entropy_loss         | -0.23        |
|    explained_variance   | 0.326        |
|    learning_rate        | 0.0003       |
|    loss                 | 1.95         |
|    n_updates            | 760          |
|    policy_gradient_loss | -0.00189     |
|    value_loss           | 5.84         |
------------------------------------------
-------------------------------------------
| rollout/                |               |
|    ep_len_mean          | 10.3          |
|    ep_rew_mean          | 3.32          |
| time/                   |               |
|    fps                  | 288           |
|    iterations           | 154           |
|    time_elapsed         | 272           |
|    total_timesteps      | 78848         |
| train/                  |               |
|    approx_kl            | 0.00019760028 |
|    clip_fraction        | 0             |
|    clip_range           | 0.2           |
|    entropy_loss         | -0.216        |
|    explained_variance   | 0.139         |
|    learning_rate        | 0.0003        |
|    loss                 | 6.17          |
|    n_updates            | 765           |
|    policy_gradient_loss | 0.000318      |
|    value_loss           | 12.9          |
-------------------------------------------
-----------------------------------------
| rollout/                |             |
|    ep_len_mean          | 9.7         |
|    ep_rew_mean          | 2.58        |
| time/                   |             |
|    fps                  | 289         |
|    iterations           | 155         |
|    time_elapsed         | 274         |
|    total_timesteps      | 79360       |
| train/                  |             |
|    approx_kl            | 0.001828701 |
|    clip_fraction        | 0.0332      |
|    clip_range           | 0.2         |
|    entropy_loss         | -0.164      |
|    explained_variance   | 0.272       |
|    learning_rate        | 0.0003      |
|    loss                 | 2.73        |
|    n_updates            | 770         |
|    policy_gradient_loss | -0.0138     |
|    value_loss           | 6.33        |
-----------------------------------------
------------------------------------------
| rollout/                |              |
|    ep_len_mean          | 11.2         |
|    ep_rew_mean          | 3.56         |
| time/                   |              |
|    fps                  | 289          |
|    iterations           | 156          |
|    time_elapsed         | 276          |
|    total_timesteps      | 79872        |
| train/                  |              |
|    approx_kl            | 0.0017600642 |
|    clip_fraction        | 0.0156       |
|    clip_range           | 0.2          |
|    entropy_loss         | -0.196       |
|    explained_variance   | 0.171        |
|    learning_rate        | 0.0003       |
|    loss                 | 5.08         |
|    n_updates            | 775          |
|    policy_gradient_loss | -0.00538     |
|    value_loss           | 10.4         |
------------------------------------------
-------------------------------------------
| rollout/                |               |
|    ep_len_mean          | 12.9          |
|    ep_rew_mean          | 3.67          |
| time/                   |               |
|    fps                  | 289           |
|    iterations           | 157           |
|    time_elapsed         | 277           |
|    total_timesteps      | 80384         |
| train/                  |               |
|    approx_kl            | 0.00016210868 |
|    clip_fraction        | 0             |
|    clip_range           | 0.2           |
|    entropy_loss         | -0.195        |
|    explained_variance   | 0.29          |
|    learning_rate        | 0.0003        |
|    loss                 | 3.88          |
|    n_updates            | 780           |
|    policy_gradient_loss | -0.000946     |
|    value_loss           | 10.4          |
-------------------------------------------
-------------------------------------------
| rollout/                |               |
|    ep_len_mean          | 14.5          |
|    ep_rew_mean          | 4.15          |
| time/                   |               |
|    fps                  | 289           |
|    iterations           | 158           |
|    time_elapsed         | 279           |
|    total_timesteps      | 80896         |
| train/                  |               |
|    approx_kl            | 0.00045898405 |
|    clip_fraction        | 0.0137        |
|    clip_range           | 0.2           |
|    entropy_loss         | -0.132        |
|    explained_variance   | 0.0619        |
|    learning_rate        | 0.0003        |
|    loss                 | 6.31          |
|    n_updates            | 785           |
|    policy_gradient_loss | -0.00486      |
|    value_loss           | 12.5          |
-------------------------------------------
------------------------------------------
| rollout/                |              |
|    ep_len_mean          | 12.3         |
|    ep_rew_mean          | 3.42         |
| time/                   |              |
|    fps                  | 289          |
|    iterations           | 159          |
|    time_elapsed         | 280          |
|    total_timesteps      | 81408        |
| train/                  |              |
|    approx_kl            | 0.0042465692 |
|    clip_fraction        | 0.0129       |
|    clip_range           | 0.2          |
|    entropy_loss         | -0.171       |
|    explained_variance   | 0.245        |
|    learning_rate        | 0.0003       |
|    loss                 | 3.1          |
|    n_updates            | 790          |
|    policy_gradient_loss | 0.00234      |
|    value_loss           | 9.25         |
------------------------------------------
------------------------------------------
| rollout/                |              |
|    ep_len_mean          | 12.8         |
|    ep_rew_mean          | 3.79         |
| time/                   |              |
|    fps                  | 289          |
|    iterations           | 160          |
|    time_elapsed         | 282          |
|    total_timesteps      | 81920        |
| train/                  |              |
|    approx_kl            | 0.0014316527 |
|    clip_fraction        | 0.0043       |
|    clip_range           | 0.2          |
|    entropy_loss         | -0.193       |
|    explained_variance   | 0.292        |
|    learning_rate        | 0.0003       |
|    loss                 | 3.53         |
|    n_updates            | 795          |
|    policy_gradient_loss | -0.0023      |
|    value_loss           | 7.39         |
------------------------------------------
------------------------------------------
| rollout/                |              |
|    ep_len_mean          | 12.4         |
|    ep_rew_mean          | 3.45         |
| time/                   |              |
|    fps                  | 290          |
|    iterations           | 161          |
|    time_elapsed         | 284          |
|    total_timesteps      | 82432        |
| train/                  |              |
|    approx_kl            | 0.0005131007 |
|    clip_fraction        | 0.00313      |
|    clip_range           | 0.2          |
|    entropy_loss         | -0.146       |
|    explained_variance   | 0.112        |
|    learning_rate        | 0.0003       |
|    loss                 | 8            |
|    n_updates            | 800          |
|    policy_gradient_loss | 0.00273      |
|    value_loss           | 16.7         |
------------------------------------------
-------------------------------------------
| rollout/                |               |
|    ep_len_mean          | 10.5          |
|    ep_rew_mean          | 2.31          |
| time/                   |               |
|    fps                  | 290           |
|    iterations           | 162           |
|    time_elapsed         | 285           |
|    total_timesteps      | 82944         |
| train/                  |               |
|    approx_kl            | 0.00010493514 |
|    clip_fraction        | 0             |
|    clip_range           | 0.2           |
|    entropy_loss         | -0.182        |
|    explained_variance   | 0.142         |
|    learning_rate        | 0.0003        |
|    loss                 | 7.2           |
|    n_updates            | 805           |
|    policy_gradient_loss | 0.000668      |
|    value_loss           | 14.5          |
-------------------------------------------
-------------------------------------------
| rollout/                |               |
|    ep_len_mean          | 10.7          |
|    ep_rew_mean          | 2.42          |
| time/                   |               |
|    fps                  | 290           |
|    iterations           | 163           |
|    time_elapsed         | 287           |
|    total_timesteps      | 83456         |
| train/                  |               |
|    approx_kl            | 0.00035969133 |
|    clip_fraction        | 0             |
|    clip_range           | 0.2           |
|    entropy_loss         | -0.176        |
|    explained_variance   | 0.0686        |
|    learning_rate        | 0.0003        |
|    loss                 | 4.05          |
|    n_updates            | 810           |
|    policy_gradient_loss | 0.000858      |
|    value_loss           | 8.58          |
-------------------------------------------
------------------------------------------
| rollout/                |              |
|    ep_len_mean          | 10.4         |
|    ep_rew_mean          | 2.99         |
| time/                   |              |
|    fps                  | 290          |
|    iterations           | 164          |
|    time_elapsed         | 288          |
|    total_timesteps      | 83968        |
| train/                  |              |
|    approx_kl            | 0.0011766728 |
|    clip_fraction        | 0            |
|    clip_range           | 0.2          |
|    entropy_loss         | -0.21        |
|    explained_variance   | 0.0962       |
|    learning_rate        | 0.0003       |
|    loss                 | 5.98         |
|    n_updates            | 815          |
|    policy_gradient_loss | -0.00208     |
|    value_loss           | 14.2         |
------------------------------------------
------------------------------------------
| rollout/                |              |
|    ep_len_mean          | 10.6         |
|    ep_rew_mean          | 3.11         |
| time/                   |              |
|    fps                  | 290          |
|    iterations           | 165          |
|    time_elapsed         | 290          |
|    total_timesteps      | 84480        |
| train/                  |              |
|    approx_kl            | 0.0011950668 |
|    clip_fraction        | 0.0105       |
|    clip_range           | 0.2          |
|    entropy_loss         | -0.21        |
|    explained_variance   | 0.217        |
|    learning_rate        | 0.0003       |
|    loss                 | 3.04         |
|    n_updates            | 820          |
|    policy_gradient_loss | -0.00723     |
|    value_loss           | 7.76         |
------------------------------------------
------------------------------------------
| rollout/                |              |
|    ep_len_mean          | 11.9         |
|    ep_rew_mean          | 3.65         |
| time/                   |              |
|    fps                  | 290          |
|    iterations           | 166          |
|    time_elapsed         | 292          |
|    total_timesteps      | 84992        |
| train/                  |              |
|    approx_kl            | 0.0017424527 |
|    clip_fraction        | 0.0391       |
|    clip_range           | 0.2          |
|    entropy_loss         | -0.184       |
|    explained_variance   | 0.231        |
|    learning_rate        | 0.0003       |
|    loss                 | 3.54         |
|    n_updates            | 825          |
|    policy_gradient_loss | -0.0101      |
|    value_loss           | 7.68         |
------------------------------------------
-------------------------------------------
| rollout/                |               |
|    ep_len_mean          | 14.4          |
|    ep_rew_mean          | 3.85          |
| time/                   |               |
|    fps                  | 290           |
|    iterations           | 167           |
|    time_elapsed         | 293           |
|    total_timesteps      | 85504         |
| train/                  |               |
|    approx_kl            | 3.0885218e-05 |
|    clip_fraction        | 0             |
|    clip_range           | 0.2           |
|    entropy_loss         | -0.171        |
|    explained_variance   | 0.113         |
|    learning_rate        | 0.0003        |
|    loss                 | 4.68          |
|    n_updates            | 830           |
|    policy_gradient_loss | 0.000145      |
|    value_loss           | 10.7          |
-------------------------------------------
------------------------------------------
| rollout/                |              |
|    ep_len_mean          | 15.4         |
|    ep_rew_mean          | 4.1          |
| time/                   |              |
|    fps                  | 290          |
|    iterations           | 168          |
|    time_elapsed         | 295          |
|    total_timesteps      | 86016        |
| train/                  |              |
|    approx_kl            | 0.0019748018 |
|    clip_fraction        | 0.00898      |
|    clip_range           | 0.2          |
|    entropy_loss         | -0.219       |
|    explained_variance   | 0.0762       |
|    learning_rate        | 0.0003       |
|    loss                 | 7.89         |
|    n_updates            | 835          |
|    policy_gradient_loss | 0.00392      |
|    value_loss           | 17.2         |
------------------------------------------
-----------------------------------------
| rollout/                |             |
|    ep_len_mean          | 9.72        |
|    ep_rew_mean          | 2.4         |
| time/                   |             |
|    fps                  | 290         |
|    iterations           | 169         |
|    time_elapsed         | 297         |
|    total_timesteps      | 86528       |
| train/                  |             |
|    approx_kl            | 0.003467321 |
|    clip_fraction        | 0.00859     |
|    clip_range           | 0.2         |
|    entropy_loss         | -0.266      |
|    explained_variance   | 0.209       |
|    learning_rate        | 0.0003      |
|    loss                 | 4.71        |
|    n_updates            | 840         |
|    policy_gradient_loss | 0.00604     |
|    value_loss           | 9.14        |
-----------------------------------------
------------------------------------------
| rollout/                |              |
|    ep_len_mean          | 8.29         |
|    ep_rew_mean          | 1.33         |
| time/                   |              |
|    fps                  | 290          |
|    iterations           | 170          |
|    time_elapsed         | 299          |
|    total_timesteps      | 87040        |
| train/                  |              |
|    approx_kl            | 0.0005534863 |
|    clip_fraction        | 0            |
|    clip_range           | 0.2          |
|    entropy_loss         | -0.341       |
|    explained_variance   | 0.109        |
|    learning_rate        | 0.0003       |
|    loss                 | 3.07         |
|    n_updates            | 845          |
|    policy_gradient_loss | -0.000137    |
|    value_loss           | 9.46         |
------------------------------------------
-----------------------------------------
| rollout/                |             |
|    ep_len_mean          | 7.04        |
|    ep_rew_mean          | 1.11        |
| time/                   |             |
|    fps                  | 290         |
|    iterations           | 171         |
|    time_elapsed         | 300         |
|    total_timesteps      | 87552       |
| train/                  |             |
|    approx_kl            | 0.008531645 |
|    clip_fraction        | 0.0262      |
|    clip_range           | 0.2         |
|    entropy_loss         | -0.348      |
|    explained_variance   | 0.0492      |
|    learning_rate        | 0.0003      |
|    loss                 | 3.81        |
|    n_updates            | 850         |
|    policy_gradient_loss | 0.00819     |
|    value_loss           | 8.69        |
-----------------------------------------
------------------------------------------
| rollout/                |              |
|    ep_len_mean          | 7.1          |
|    ep_rew_mean          | 0.71         |
| time/                   |              |
|    fps                  | 289          |
|    iterations           | 172          |
|    time_elapsed         | 304          |
|    total_timesteps      | 88064        |
| train/                  |              |
|    approx_kl            | 0.0022898586 |
|    clip_fraction        | 0.018        |
|    clip_range           | 0.2          |
|    entropy_loss         | -0.417       |
|    explained_variance   | 0.0401       |
|    learning_rate        | 0.0003       |
|    loss                 | 2.72         |
|    n_updates            | 855          |
|    policy_gradient_loss | -0.011       |
|    value_loss           | 8.46         |
------------------------------------------
------------------------------------------
| rollout/                |              |
|    ep_len_mean          | 5.53         |
|    ep_rew_mean          | 0.233        |
| time/                   |              |
|    fps                  | 288          |
|    iterations           | 173          |
|    time_elapsed         | 307          |
|    total_timesteps      | 88576        |
| train/                  |              |
|    approx_kl            | 0.0023117065 |
|    clip_fraction        | 0.0156       |
|    clip_range           | 0.2          |
|    entropy_loss         | -0.408       |
|    explained_variance   | -0.0302      |
|    learning_rate        | 0.0003       |
|    loss                 | 5.07         |
|    n_updates            | 860          |
|    policy_gradient_loss | 0.00532      |
|    value_loss           | 9.6          |
------------------------------------------
----------------------------------------
| rollout/                |            |
|    ep_len_mean          | 4.87       |
|    ep_rew_mean          | 0.75       |
| time/                   |            |
|    fps                  | 288        |
|    iterations           | 174        |
|    time_elapsed         | 309        |
|    total_timesteps      | 89088      |
| train/                  |            |
|    approx_kl            | 0.02837065 |
|    clip_fraction        | 0.139      |
|    clip_range           | 0.2        |
|    entropy_loss         | -0.486     |
|    explained_variance   | 0.0479     |
|    learning_rate        | 0.0003     |
|    loss                 | 4.4        |
|    n_updates            | 865        |
|    policy_gradient_loss | -0.00221   |
|    value_loss           | 7.72       |
----------------------------------------
-----------------------------------------
| rollout/                |             |
|    ep_len_mean          | 4.53        |
|    ep_rew_mean          | 0.6         |
| time/                   |             |
|    fps                  | 287         |
|    iterations           | 175         |
|    time_elapsed         | 311         |
|    total_timesteps      | 89600       |
| train/                  |             |
|    approx_kl            | 0.008403522 |
|    clip_fraction        | 0.0668      |
|    clip_range           | 0.2         |
|    entropy_loss         | -0.436      |
|    explained_variance   | -0.0606     |
|    learning_rate        | 0.0003      |
|    loss                 | 3.16        |
|    n_updates            | 870         |
|    policy_gradient_loss | -0.0182     |
|    value_loss           | 6.48        |
-----------------------------------------
------------------------------------------
| rollout/                |              |
|    ep_len_mean          | 5.48         |
|    ep_rew_mean          | 0.728        |
| time/                   |              |
|    fps                  | 287          |
|    iterations           | 176          |
|    time_elapsed         | 313          |
|    total_timesteps      | 90112        |
| train/                  |              |
|    approx_kl            | 0.0058319704 |
|    clip_fraction        | 0.0793       |
|    clip_range           | 0.2          |
|    entropy_loss         | -0.409       |
|    explained_variance   | 0.0429       |
|    learning_rate        | 0.0003       |
|    loss                 | 0.818        |
|    n_updates            | 875          |
|    policy_gradient_loss | -0.0268      |
|    value_loss           | 2.76         |
------------------------------------------
-----------------------------------------
| rollout/                |             |
|    ep_len_mean          | 5.42        |
|    ep_rew_mean          | 0.278       |
| time/                   |             |
|    fps                  | 287         |
|    iterations           | 177         |
|    time_elapsed         | 315         |
|    total_timesteps      | 90624       |
| train/                  |             |
|    approx_kl            | 0.011306376 |
|    clip_fraction        | 0.0703      |
|    clip_range           | 0.2         |
|    entropy_loss         | -0.419      |
|    explained_variance   | 0.0938      |
|    learning_rate        | 0.0003      |
|    loss                 | 2.02        |
|    n_updates            | 880         |
|    policy_gradient_loss | -0.0103     |
|    value_loss           | 4.78        |
-----------------------------------------
------------------------------------------
| rollout/                |              |
|    ep_len_mean          | 4.55         |
|    ep_rew_mean          | 0.858        |
| time/                   |              |
|    fps                  | 286          |
|    iterations           | 178          |
|    time_elapsed         | 317          |
|    total_timesteps      | 91136        |
| train/                  |              |
|    approx_kl            | 0.0113780955 |
|    clip_fraction        | 0.0789       |
|    clip_range           | 0.2          |
|    entropy_loss         | -0.416       |
|    explained_variance   | 0.0482       |
|    learning_rate        | 0.0003       |
|    loss                 | 3.15         |
|    n_updates            | 885          |
|    policy_gradient_loss | -0.00425     |
|    value_loss           | 8.72         |
------------------------------------------
-----------------------------------------
| rollout/                |             |
|    ep_len_mean          | 5.7         |
|    ep_rew_mean          | 0.593       |
| time/                   |             |
|    fps                  | 286         |
|    iterations           | 179         |
|    time_elapsed         | 319         |
|    total_timesteps      | 91648       |
| train/                  |             |
|    approx_kl            | 0.007271772 |
|    clip_fraction        | 0.0723      |
|    clip_range           | 0.2         |
|    entropy_loss         | -0.392      |
|    explained_variance   | 0.00864     |
|    learning_rate        | 0.0003      |
|    loss                 | 5.94        |
|    n_updates            | 890         |
|    policy_gradient_loss | -0.0152     |
|    value_loss           | 7.77        |
-----------------------------------------
------------------------------------------
| rollout/                |              |
|    ep_len_mean          | 5.88         |
|    ep_rew_mean          | 1.39         |
| time/                   |              |
|    fps                  | 286          |
|    iterations           | 180          |
|    time_elapsed         | 321          |
|    total_timesteps      | 92160        |
| train/                  |              |
|    approx_kl            | 0.0010452536 |
|    clip_fraction        | 0            |
|    clip_range           | 0.2          |
|    entropy_loss         | -0.377       |
|    explained_variance   | 0.0314       |
|    learning_rate        | 0.0003       |
|    loss                 | 3.85         |
|    n_updates            | 895          |
|    policy_gradient_loss | -0.00156     |
|    value_loss           | 9.54         |
------------------------------------------
-----------------------------------------
| rollout/                |             |
|    ep_len_mean          | 7.22        |
|    ep_rew_mean          | 0.998       |
| time/                   |             |
|    fps                  | 286         |
|    iterations           | 181         |
|    time_elapsed         | 323         |
|    total_timesteps      | 92672       |
| train/                  |             |
|    approx_kl            | 0.004602114 |
|    clip_fraction        | 0.00859     |
|    clip_range           | 0.2         |
|    entropy_loss         | -0.355      |
|    explained_variance   | 0.0849      |
|    learning_rate        | 0.0003      |
|    loss                 | 3.42        |
|    n_updates            | 900         |
|    policy_gradient_loss | -0.00712    |
|    value_loss           | 8.68        |
-----------------------------------------
------------------------------------------
| rollout/                |              |
|    ep_len_mean          | 9.26         |
|    ep_rew_mean          | 1.3          |
| time/                   |              |
|    fps                  | 286          |
|    iterations           | 182          |
|    time_elapsed         | 324          |
|    total_timesteps      | 93184        |
| train/                  |              |
|    approx_kl            | 0.0016321439 |
|    clip_fraction        | 0.0109       |
|    clip_range           | 0.2          |
|    entropy_loss         | -0.288       |
|    explained_variance   | 0.0644       |
|    learning_rate        | 0.0003       |
|    loss                 | 5.34         |
|    n_updates            | 905          |
|    policy_gradient_loss | -0.00645     |
|    value_loss           | 10.1         |
------------------------------------------
-----------------------------------------
| rollout/                |             |
|    ep_len_mean          | 9.63        |
|    ep_rew_mean          | 2.33        |
| time/                   |             |
|    fps                  | 286         |
|    iterations           | 183         |
|    time_elapsed         | 326         |
|    total_timesteps      | 93696       |
| train/                  |             |
|    approx_kl            | 0.003165986 |
|    clip_fraction        | 0.0266      |
|    clip_range           | 0.2         |
|    entropy_loss         | -0.297      |
|    explained_variance   | 0.037       |
|    learning_rate        | 0.0003      |
|    loss                 | 7.78        |
|    n_updates            | 910         |
|    policy_gradient_loss | 0.0071      |
|    value_loss           | 13.8        |
-----------------------------------------
------------------------------------------
| rollout/                |              |
|    ep_len_mean          | 8.43         |
|    ep_rew_mean          | 2.75         |
| time/                   |              |
|    fps                  | 286          |
|    iterations           | 184          |
|    time_elapsed         | 329          |
|    total_timesteps      | 94208        |
| train/                  |              |
|    approx_kl            | 0.0017150266 |
|    clip_fraction        | 0.0129       |
|    clip_range           | 0.2          |
|    entropy_loss         | -0.285       |
|    explained_variance   | 0.136        |
|    learning_rate        | 0.0003       |
|    loss                 | 2.48         |
|    n_updates            | 915          |
|    policy_gradient_loss | -0.0112      |
|    value_loss           | 5.8          |
------------------------------------------
------------------------------------------
| rollout/                |              |
|    ep_len_mean          | 9            |
|    ep_rew_mean          | 2.27         |
| time/                   |              |
|    fps                  | 285          |
|    iterations           | 185          |
|    time_elapsed         | 331          |
|    total_timesteps      | 94720        |
| train/                  |              |
|    approx_kl            | 0.0018736827 |
|    clip_fraction        | 0.0285       |
|    clip_range           | 0.2          |
|    entropy_loss         | -0.278       |
|    explained_variance   | 0.161        |
|    learning_rate        | 0.0003       |
|    loss                 | 3.59         |
|    n_updates            | 920          |
|    policy_gradient_loss | -0.0103      |
|    value_loss           | 7.65         |
------------------------------------------
------------------------------------------
| rollout/                |              |
|    ep_len_mean          | 9.47         |
|    ep_rew_mean          | 2.23         |
| time/                   |              |
|    fps                  | 283          |
|    iterations           | 186          |
|    time_elapsed         | 335          |
|    total_timesteps      | 95232        |
| train/                  |              |
|    approx_kl            | 0.0015607174 |
|    clip_fraction        | 0.00586      |
|    clip_range           | 0.2          |
|    entropy_loss         | -0.281       |
|    explained_variance   | 0.0277       |
|    learning_rate        | 0.0003       |
|    loss                 | 6.45         |
|    n_updates            | 925          |
|    policy_gradient_loss | -0.00285     |
|    value_loss           | 13.1         |
------------------------------------------
------------------------------------------
| rollout/                |              |
|    ep_len_mean          | 8.61         |
|    ep_rew_mean          | 2.01         |
| time/                   |              |
|    fps                  | 281          |
|    iterations           | 187          |
|    time_elapsed         | 339          |
|    total_timesteps      | 95744        |
| train/                  |              |
|    approx_kl            | 0.0020628595 |
|    clip_fraction        | 0.0195       |
|    clip_range           | 0.2          |
|    entropy_loss         | -0.263       |
|    explained_variance   | 0.115        |
|    learning_rate        | 0.0003       |
|    loss                 | 3.7          |
|    n_updates            | 930          |
|    policy_gradient_loss | -0.0089      |
|    value_loss           | 9.92         |
------------------------------------------
----------------------------------------
| rollout/                |            |
|    ep_len_mean          | 9.99       |
|    ep_rew_mean          | 2.33       |
| time/                   |            |
|    fps                  | 281        |
|    iterations           | 188        |
|    time_elapsed         | 341        |
|    total_timesteps      | 96256      |
| train/                  |            |
|    approx_kl            | 0.00254018 |
|    clip_fraction        | 0.0133     |
|    clip_range           | 0.2        |
|    entropy_loss         | -0.257     |
|    explained_variance   | 0.0995     |
|    learning_rate        | 0.0003     |
|    loss                 | 4.65       |
|    n_updates            | 935        |
|    policy_gradient_loss | -0.00489   |
|    value_loss           | 9.89       |
----------------------------------------
-------------------------------------------
| rollout/                |               |
|    ep_len_mean          | 11.1          |
|    ep_rew_mean          | 2.44          |
| time/                   |               |
|    fps                  | 281           |
|    iterations           | 189           |
|    time_elapsed         | 343           |
|    total_timesteps      | 96768         |
| train/                  |               |
|    approx_kl            | 0.00079567893 |
|    clip_fraction        | 0.00234       |
|    clip_range           | 0.2           |
|    entropy_loss         | -0.212        |
|    explained_variance   | 0.15          |
|    learning_rate        | 0.0003        |
|    loss                 | 3.88          |
|    n_updates            | 940           |
|    policy_gradient_loss | -0.00386      |
|    value_loss           | 7.1           |
-------------------------------------------
------------------------------------------
| rollout/                |              |
|    ep_len_mean          | 11.9         |
|    ep_rew_mean          | 3.24         |
| time/                   |              |
|    fps                  | 281          |
|    iterations           | 190          |
|    time_elapsed         | 345          |
|    total_timesteps      | 97280        |
| train/                  |              |
|    approx_kl            | 0.0031873283 |
|    clip_fraction        | 0.0129       |
|    clip_range           | 0.2          |
|    entropy_loss         | -0.225       |
|    explained_variance   | 0.162        |
|    learning_rate        | 0.0003       |
|    loss                 | 4.38         |
|    n_updates            | 945          |
|    policy_gradient_loss | -4.97e-05    |
|    value_loss           | 11.1         |
------------------------------------------
-----------------------------------------
| rollout/                |             |
|    ep_len_mean          | 11.9        |
|    ep_rew_mean          | 3.87        |
| time/                   |             |
|    fps                  | 281         |
|    iterations           | 191         |
|    time_elapsed         | 347         |
|    total_timesteps      | 97792       |
| train/                  |             |
|    approx_kl            | 0.000891229 |
|    clip_fraction        | 0.0043      |
|    clip_range           | 0.2         |
|    entropy_loss         | -0.231      |
|    explained_variance   | 0.144       |
|    learning_rate        | 0.0003      |
|    loss                 | 9.9         |
|    n_updates            | 950         |
|    policy_gradient_loss | 0.00118     |
|    value_loss           | 14.9        |
-----------------------------------------
-----------------------------------------
| rollout/                |             |
|    ep_len_mean          | 9.84        |
|    ep_rew_mean          | 2.56        |
| time/                   |             |
|    fps                  | 281         |
|    iterations           | 192         |
|    time_elapsed         | 348         |
|    total_timesteps      | 98304       |
| train/                  |             |
|    approx_kl            | 0.001333703 |
|    clip_fraction        | 0.00156     |
|    clip_range           | 0.2         |
|    entropy_loss         | -0.223      |
|    explained_variance   | 0.345       |
|    learning_rate        | 0.0003      |
|    loss                 | 2.46        |
|    n_updates            | 955         |
|    policy_gradient_loss | -0.00421    |
|    value_loss           | 5.69        |
-----------------------------------------
------------------------------------------
| rollout/                |              |
|    ep_len_mean          | 10.8         |
|    ep_rew_mean          | 2.56         |
| time/                   |              |
|    fps                  | 281          |
|    iterations           | 193          |
|    time_elapsed         | 350          |
|    total_timesteps      | 98816        |
| train/                  |              |
|    approx_kl            | 0.0007934829 |
|    clip_fraction        | 0            |
|    clip_range           | 0.2          |
|    entropy_loss         | -0.195       |
|    explained_variance   | -0.0766      |
|    learning_rate        | 0.0003       |
|    loss                 | 6.72         |
|    n_updates            | 960          |
|    policy_gradient_loss | -0.0035      |
|    value_loss           | 12.7         |
------------------------------------------
------------------------------------------
| rollout/                |              |
|    ep_len_mean          | 11.1         |
|    ep_rew_mean          | 2.75         |
| time/                   |              |
|    fps                  | 281          |
|    iterations           | 194          |
|    time_elapsed         | 352          |
|    total_timesteps      | 99328        |
| train/                  |              |
|    approx_kl            | 6.753323e-05 |
|    clip_fraction        | 0            |
|    clip_range           | 0.2          |
|    entropy_loss         | -0.194       |
|    explained_variance   | 0.081        |
|    learning_rate        | 0.0003       |
|    loss                 | 8.48         |
|    n_updates            | 965          |
|    policy_gradient_loss | -0.00166     |
|    value_loss           | 17           |
------------------------------------------
-------------------------------------------
| rollout/                |               |
|    ep_len_mean          | 11.4          |
|    ep_rew_mean          | 2.82          |
| time/                   |               |
|    fps                  | 281           |
|    iterations           | 195           |
|    time_elapsed         | 354           |
|    total_timesteps      | 99840         |
| train/                  |               |
|    approx_kl            | 0.00044149463 |
|    clip_fraction        | 0             |
|    clip_range           | 0.2           |
|    entropy_loss         | -0.195        |
|    explained_variance   | 0.0375        |
|    learning_rate        | 0.0003        |
|    loss                 | 3.96          |
|    n_updates            | 970           |
|    policy_gradient_loss | -0.0022       |
|    value_loss           | 11.4          |
-------------------------------------------
-------------------------------------------
| rollout/                |               |
|    ep_len_mean          | 13.1          |
|    ep_rew_mean          | 3.73          |
| time/                   |               |
|    fps                  | 281           |
|    iterations           | 196           |
|    time_elapsed         | 356           |
|    total_timesteps      | 100352        |
| train/                  |               |
|    approx_kl            | 0.00017102621 |
|    clip_fraction        | 0             |
|    clip_range           | 0.2           |
|    entropy_loss         | -0.173        |
|    explained_variance   | 0.216         |
|    learning_rate        | 0.0003        |
|    loss                 | 4.65          |
|    n_updates            | 975           |
|    policy_gradient_loss | 0.000952      |
|    value_loss           | 8.48          |
-------------------------------------------
-------------------------------------------
| rollout/                |               |
|    ep_len_mean          | 13.5          |
|    ep_rew_mean          | 4.18          |
| time/                   |               |
|    fps                  | 281           |
|    iterations           | 197           |
|    time_elapsed         | 358           |
|    total_timesteps      | 100864        |
| train/                  |               |
|    approx_kl            | 0.00087264215 |
|    clip_fraction        | 0.00469       |
|    clip_range           | 0.2           |
|    entropy_loss         | -0.192        |
|    explained_variance   | 0.154         |
|    learning_rate        | 0.0003        |
|    loss                 | 5.97          |
|    n_updates            | 980           |
|    policy_gradient_loss | 0.00334       |
|    value_loss           | 14.4          |
-------------------------------------------
-------------------------------------------
| rollout/                |               |
|    ep_len_mean          | 10.5          |
|    ep_rew_mean          | 2.92          |
| time/                   |               |
|    fps                  | 281           |
|    iterations           | 198           |
|    time_elapsed         | 359           |
|    total_timesteps      | 101376        |
| train/                  |               |
|    approx_kl            | 0.00060986675 |
|    clip_fraction        | 0.00117       |
|    clip_range           | 0.2           |
|    entropy_loss         | -0.214        |
|    explained_variance   | 0.124         |
|    learning_rate        | 0.0003        |
|    loss                 | 6.57          |
|    n_updates            | 985           |
|    policy_gradient_loss | -0.00186      |
|    value_loss           | 14.2          |
-------------------------------------------
-----------------------------------------
| rollout/                |             |
|    ep_len_mean          | 11.7        |
|    ep_rew_mean          | 3.69        |
| time/                   |             |
|    fps                  | 281         |
|    iterations           | 199         |
|    time_elapsed         | 361         |
|    total_timesteps      | 101888      |
| train/                  |             |
|    approx_kl            | 0.003755928 |
|    clip_fraction        | 0.0344      |
|    clip_range           | 0.2         |
|    entropy_loss         | -0.18       |
|    explained_variance   | 0.113       |
|    learning_rate        | 0.0003      |
|    loss                 | 2.96        |
|    n_updates            | 990         |
|    policy_gradient_loss | -0.00998    |
|    value_loss           | 8.14        |
-----------------------------------------
-------------------------------------------
| rollout/                |               |
|    ep_len_mean          | 13.2          |
|    ep_rew_mean          | 4.39          |
| time/                   |               |
|    fps                  | 281           |
|    iterations           | 200           |
|    time_elapsed         | 363           |
|    total_timesteps      | 102400        |
| train/                  |               |
|    approx_kl            | 0.00019300717 |
|    clip_fraction        | 0             |
|    clip_range           | 0.2           |
|    entropy_loss         | -0.145        |
|    explained_variance   | 0.236         |
|    learning_rate        | 0.0003        |
|    loss                 | 5.1           |
|    n_updates            | 995           |
|    policy_gradient_loss | -0.00169      |
|    value_loss           | 9.66          |
-------------------------------------------
------------------------------------------
| rollout/                |              |
|    ep_len_mean          | 15.1         |
|    ep_rew_mean          | 4.56         |
| time/                   |              |
|    fps                  | 281          |
|    iterations           | 201          |
|    time_elapsed         | 365          |
|    total_timesteps      | 102912       |
| train/                  |              |
|    approx_kl            | 0.0013848019 |
|    clip_fraction        | 0.0242       |
|    clip_range           | 0.2          |
|    entropy_loss         | -0.138       |
|    explained_variance   | 0.155        |
|    learning_rate        | 0.0003       |
|    loss                 | 2.66         |
|    n_updates            | 1000         |
|    policy_gradient_loss | -0.00859     |
|    value_loss           | 10.6         |
------------------------------------------
-----------------------------------------
| rollout/                |             |
|    ep_len_mean          | 13.5        |
|    ep_rew_mean          | 3.21        |
| time/                   |             |
|    fps                  | 281         |
|    iterations           | 202         |
|    time_elapsed         | 367         |
|    total_timesteps      | 103424      |
| train/                  |             |
|    approx_kl            | 0.008334175 |
|    clip_fraction        | 0.0141      |
|    clip_range           | 0.2         |
|    entropy_loss         | -0.177      |
|    explained_variance   | 0.126       |
|    learning_rate        | 0.0003      |
|    loss                 | 5.73        |
|    n_updates            | 1005        |
|    policy_gradient_loss | 0.00567     |
|    value_loss           | 14.5        |
-----------------------------------------
----------------------------------------
| rollout/                |            |
|    ep_len_mean          | 11.8       |
|    ep_rew_mean          | 3.12       |
| time/                   |            |
|    fps                  | 281        |
|    iterations           | 203        |
|    time_elapsed         | 369        |
|    total_timesteps      | 103936     |
| train/                  |            |
|    approx_kl            | 0.00574704 |
|    clip_fraction        | 0.0371     |
|    clip_range           | 0.2        |
|    entropy_loss         | -0.223     |
|    explained_variance   | 0.0694     |
|    learning_rate        | 0.0003     |
|    loss                 | 9.9        |
|    n_updates            | 1010       |
|    policy_gradient_loss | 0.00387    |
|    value_loss           | 16.9       |
----------------------------------------
------------------------------------------
| rollout/                |              |
|    ep_len_mean          | 9            |
|    ep_rew_mean          | 2.6          |
| time/                   |              |
|    fps                  | 281          |
|    iterations           | 204          |
|    time_elapsed         | 371          |
|    total_timesteps      | 104448       |
| train/                  |              |
|    approx_kl            | 0.0011455473 |
|    clip_fraction        | 0.00117      |
|    clip_range           | 0.2          |
|    entropy_loss         | -0.232       |
|    explained_variance   | 0.161        |
|    learning_rate        | 0.0003       |
|    loss                 | 3.75         |
|    n_updates            | 1015         |
|    policy_gradient_loss | -0.00047     |
|    value_loss           | 10.5         |
------------------------------------------
------------------------------------------
| rollout/                |              |
|    ep_len_mean          | 9.44         |
|    ep_rew_mean          | 2.35         |
| time/                   |              |
|    fps                  | 281          |
|    iterations           | 205          |
|    time_elapsed         | 373          |
|    total_timesteps      | 104960       |
| train/                  |              |
|    approx_kl            | 0.0023290177 |
|    clip_fraction        | 0.0301       |
|    clip_range           | 0.2          |
|    entropy_loss         | -0.215       |
|    explained_variance   | 0.201        |
|    learning_rate        | 0.0003       |
|    loss                 | 1.96         |
|    n_updates            | 1020         |
|    policy_gradient_loss | -0.0102      |
|    value_loss           | 7.83         |
------------------------------------------
-----------------------------------------
| rollout/                |             |
|    ep_len_mean          | 7.6         |
|    ep_rew_mean          | 1.74        |
| time/                   |             |
|    fps                  | 280         |
|    iterations           | 206         |
|    time_elapsed         | 375         |
|    total_timesteps      | 105472      |
| train/                  |             |
|    approx_kl            | 0.008622566 |
|    clip_fraction        | 0.0371      |
|    clip_range           | 0.2         |
|    entropy_loss         | -0.22       |
|    explained_variance   | 0.145       |
|    learning_rate        | 0.0003      |
|    loss                 | 5.9         |
|    n_updates            | 1025        |
|    policy_gradient_loss | 0.00181     |
|    value_loss           | 12.7        |
-----------------------------------------
-----------------------------------------
| rollout/                |             |
|    ep_len_mean          | 8.41        |
|    ep_rew_mean          | 2.39        |
| time/                   |             |
|    fps                  | 280         |
|    iterations           | 207         |
|    time_elapsed         | 377         |
|    total_timesteps      | 105984      |
| train/                  |             |
|    approx_kl            | 0.004480807 |
|    clip_fraction        | 0.0664      |
|    clip_range           | 0.2         |
|    entropy_loss         | -0.24       |
|    explained_variance   | -0.027      |
|    learning_rate        | 0.0003      |
|    loss                 | 4.01        |
|    n_updates            | 1030        |
|    policy_gradient_loss | -0.00683    |
|    value_loss           | 9.66        |
-----------------------------------------
-------------------------------------------
| rollout/                |               |
|    ep_len_mean          | 10.3          |
|    ep_rew_mean          | 2.89          |
| time/                   |               |
|    fps                  | 279           |
|    iterations           | 208           |
|    time_elapsed         | 380           |
|    total_timesteps      | 106496        |
| train/                  |               |
|    approx_kl            | 0.00096192403 |
|    clip_fraction        | 0             |
|    clip_range           | 0.2           |
|    entropy_loss         | -0.209        |
|    explained_variance   | 0.0569        |
|    learning_rate        | 0.0003        |
|    loss                 | 10.3          |
|    n_updates            | 1035          |
|    policy_gradient_loss | -0.000866     |
|    value_loss           | 21.3          |
-------------------------------------------
-------------------------------------------
| rollout/                |               |
|    ep_len_mean          | 10.5          |
|    ep_rew_mean          | 2.88          |
| time/                   |               |
|    fps                  | 279           |
|    iterations           | 209           |
|    time_elapsed         | 383           |
|    total_timesteps      | 107008        |
| train/                  |               |
|    approx_kl            | 0.00018309493 |
|    clip_fraction        | 0             |
|    clip_range           | 0.2           |
|    entropy_loss         | -0.235        |
|    explained_variance   | 0.139         |
|    learning_rate        | 0.0003        |
|    loss                 | 4.14          |
|    n_updates            | 1040          |
|    policy_gradient_loss | 0.000452      |
|    value_loss           | 9.53          |
-------------------------------------------
------------------------------------------
| rollout/                |              |
|    ep_len_mean          | 11.3         |
|    ep_rew_mean          | 3.54         |
| time/                   |              |
|    fps                  | 278          |
|    iterations           | 210          |
|    time_elapsed         | 385          |
|    total_timesteps      | 107520       |
| train/                  |              |
|    approx_kl            | 0.0012929351 |
|    clip_fraction        | 0.000391     |
|    clip_range           | 0.2          |
|    entropy_loss         | -0.239       |
|    explained_variance   | 0.165        |
|    learning_rate        | 0.0003       |
|    loss                 | 7.18         |
|    n_updates            | 1045         |
|    policy_gradient_loss | -0.00204     |
|    value_loss           | 10.8         |
------------------------------------------
------------------------------------------
| rollout/                |              |
|    ep_len_mean          | 12.6         |
|    ep_rew_mean          | 3.02         |
| time/                   |              |
|    fps                  | 277          |
|    iterations           | 211          |
|    time_elapsed         | 389          |
|    total_timesteps      | 108032       |
| train/                  |              |
|    approx_kl            | 0.0011922073 |
|    clip_fraction        | 0.0105       |
|    clip_range           | 0.2          |
|    entropy_loss         | -0.214       |
|    explained_variance   | 0.0856       |
|    learning_rate        | 0.0003       |
|    loss                 | 3.38         |
|    n_updates            | 1050         |
|    policy_gradient_loss | -0.00685     |
|    value_loss           | 12           |
------------------------------------------
-----------------------------------------
| rollout/                |             |
|    ep_len_mean          | 9.54        |
|    ep_rew_mean          | 1.44        |
| time/                   |             |
|    fps                  | 275         |
|    iterations           | 212         |
|    time_elapsed         | 394         |
|    total_timesteps      | 108544      |
| train/                  |             |
|    approx_kl            | 0.013492901 |
|    clip_fraction        | 0.0359      |
|    clip_range           | 0.2         |
|    entropy_loss         | -0.251      |
|    explained_variance   | 0.0828      |
|    learning_rate        | 0.0003      |
|    loss                 | 6.64        |
|    n_updates            | 1055        |
|    policy_gradient_loss | 0.00195     |
|    value_loss           | 17.2        |
-----------------------------------------
------------------------------------------
| rollout/                |              |
|    ep_len_mean          | 8.39         |
|    ep_rew_mean          | 2.12         |
| time/                   |              |
|    fps                  | 273          |
|    iterations           | 213          |
|    time_elapsed         | 398          |
|    total_timesteps      | 109056       |
| train/                  |              |
|    approx_kl            | 0.0019636895 |
|    clip_fraction        | 0            |
|    clip_range           | 0.2          |
|    entropy_loss         | -0.291       |
|    explained_variance   | 0.135        |
|    learning_rate        | 0.0003       |
|    loss                 | 6.48         |
|    n_updates            | 1060         |
|    policy_gradient_loss | -0.00127     |
|    value_loss           | 11.6         |
------------------------------------------
------------------------------------------
| rollout/                |              |
|    ep_len_mean          | 8.65         |
|    ep_rew_mean          | 2.11         |
| time/                   |              |
|    fps                  | 272          |
|    iterations           | 214          |
|    time_elapsed         | 402          |
|    total_timesteps      | 109568       |
| train/                  |              |
|    approx_kl            | 0.0024133478 |
|    clip_fraction        | 0.00586      |
|    clip_range           | 0.2          |
|    entropy_loss         | -0.256       |
|    explained_variance   | 0.151        |
|    learning_rate        | 0.0003       |
|    loss                 | 3.17         |
|    n_updates            | 1065         |
|    policy_gradient_loss | -0.00529     |
|    value_loss           | 8.07         |
------------------------------------------
-----------------------------------------
| rollout/                |             |
|    ep_len_mean          | 9.04        |
|    ep_rew_mean          | 2.06        |
| time/                   |             |
|    fps                  | 271         |
|    iterations           | 215         |
|    time_elapsed         | 405         |
|    total_timesteps      | 110080      |
| train/                  |             |
|    approx_kl            | 0.014225204 |
|    clip_fraction        | 0.0863      |
|    clip_range           | 0.2         |
|    entropy_loss         | -0.297      |
|    explained_variance   | 0.195       |
|    learning_rate        | 0.0003      |
|    loss                 | 5.09        |
|    n_updates            | 1070        |
|    policy_gradient_loss | 0.00221     |
|    value_loss           | 8.2         |
-----------------------------------------
------------------------------------------
| rollout/                |              |
|    ep_len_mean          | 9.08         |
|    ep_rew_mean          | 2.67         |
| time/                   |              |
|    fps                  | 271          |
|    iterations           | 216          |
|    time_elapsed         | 406          |
|    total_timesteps      | 110592       |
| train/                  |              |
|    approx_kl            | 0.0011384846 |
|    clip_fraction        | 0            |
|    clip_range           | 0.2          |
|    entropy_loss         | -0.253       |
|    explained_variance   | 0.144        |
|    learning_rate        | 0.0003       |
|    loss                 | 6.48         |
|    n_updates            | 1075         |
|    policy_gradient_loss | -0.00236     |
|    value_loss           | 12.1         |
------------------------------------------
------------------------------------------
| rollout/                |              |
|    ep_len_mean          | 9.01         |
|    ep_rew_mean          | 2.96         |
| time/                   |              |
|    fps                  | 271          |
|    iterations           | 217          |
|    time_elapsed         | 408          |
|    total_timesteps      | 111104       |
| train/                  |              |
|    approx_kl            | 0.0023011265 |
|    clip_fraction        | 0.0379       |
|    clip_range           | 0.2          |
|    entropy_loss         | -0.228       |
|    explained_variance   | 0.197        |
|    learning_rate        | 0.0003       |
|    loss                 | 2.53         |
|    n_updates            | 1080         |
|    policy_gradient_loss | -0.0112      |
|    value_loss           | 7.16         |
------------------------------------------
------------------------------------------
| rollout/                |              |
|    ep_len_mean          | 10.5         |
|    ep_rew_mean          | 2.94         |
| time/                   |              |
|    fps                  | 271          |
|    iterations           | 218          |
|    time_elapsed         | 410          |
|    total_timesteps      | 111616       |
| train/                  |              |
|    approx_kl            | 0.0026811091 |
|    clip_fraction        | 0.0484       |
|    clip_range           | 0.2          |
|    entropy_loss         | -0.241       |
|    explained_variance   | 0.221        |
|    learning_rate        | 0.0003       |
|    loss                 | 3.56         |
|    n_updates            | 1085         |
|    policy_gradient_loss | -0.0165      |
|    value_loss           | 7.33         |
------------------------------------------
-----------------------------------------
| rollout/                |             |
|    ep_len_mean          | 9.42        |
|    ep_rew_mean          | 1.46        |
| time/                   |             |
|    fps                  | 272         |
|    iterations           | 219         |
|    time_elapsed         | 412         |
|    total_timesteps      | 112128      |
| train/                  |             |
|    approx_kl            | 0.011748902 |
|    clip_fraction        | 0.0547      |
|    clip_range           | 0.2         |
|    entropy_loss         | -0.259      |
|    explained_variance   | 0.26        |
|    learning_rate        | 0.0003      |
|    loss                 | 5.51        |
|    n_updates            | 1090        |
|    policy_gradient_loss | 0.00284     |
|    value_loss           | 9.09        |
-----------------------------------------
-------------------------------------------
| rollout/                |               |
|    ep_len_mean          | 7.16          |
|    ep_rew_mean          | 1.21          |
| time/                   |               |
|    fps                  | 272           |
|    iterations           | 220           |
|    time_elapsed         | 413           |
|    total_timesteps      | 112640        |
| train/                  |               |
|    approx_kl            | 0.00041810726 |
|    clip_fraction        | 0             |
|    clip_range           | 0.2           |
|    entropy_loss         | -0.273        |
|    explained_variance   | 0.14          |
|    learning_rate        | 0.0003        |
|    loss                 | 5.03          |
|    n_updates            | 1095          |
|    policy_gradient_loss | 0.000469      |
|    value_loss           | 11.3          |
-------------------------------------------
-----------------------------------------
| rollout/                |             |
|    ep_len_mean          | 7.38        |
|    ep_rew_mean          | 2.2         |
| time/                   |             |
|    fps                  | 272         |
|    iterations           | 221         |
|    time_elapsed         | 415         |
|    total_timesteps      | 113152      |
| train/                  |             |
|    approx_kl            | 0.002610815 |
|    clip_fraction        | 0.0137      |
|    clip_range           | 0.2         |
|    entropy_loss         | -0.306      |
|    explained_variance   | 0.0571      |
|    learning_rate        | 0.0003      |
|    loss                 | 4.22        |
|    n_updates            | 1100        |
|    policy_gradient_loss | 0.00596     |
|    value_loss           | 9.76        |
-----------------------------------------
------------------------------------------
| rollout/                |              |
|    ep_len_mean          | 8.9          |
|    ep_rew_mean          | 2.42         |
| time/                   |              |
|    fps                  | 272          |
|    iterations           | 222          |
|    time_elapsed         | 417          |
|    total_timesteps      | 113664       |
| train/                  |              |
|    approx_kl            | 0.0034163916 |
|    clip_fraction        | 0.0324       |
|    clip_range           | 0.2          |
|    entropy_loss         | -0.262       |
|    explained_variance   | 0.127        |
|    learning_rate        | 0.0003       |
|    loss                 | 2.84         |
|    n_updates            | 1105         |
|    policy_gradient_loss | -0.0145      |
|    value_loss           | 7.1          |
------------------------------------------
------------------------------------------
| rollout/                |              |
|    ep_len_mean          | 9.14         |
|    ep_rew_mean          | 1.28         |
| time/                   |              |
|    fps                  | 272          |
|    iterations           | 223          |
|    time_elapsed         | 418          |
|    total_timesteps      | 114176       |
| train/                  |              |
|    approx_kl            | 0.0038683717 |
|    clip_fraction        | 0.0211       |
|    clip_range           | 0.2          |
|    entropy_loss         | -0.288       |
|    explained_variance   | 0.116        |
|    learning_rate        | 0.0003       |
|    loss                 | 5.63         |
|    n_updates            | 1110         |
|    policy_gradient_loss | -0.000678    |
|    value_loss           | 10.1         |
------------------------------------------
-----------------------------------------
| rollout/                |             |
|    ep_len_mean          | 6.53        |
|    ep_rew_mean          | 0.88        |
| time/                   |             |
|    fps                  | 272         |
|    iterations           | 224         |
|    time_elapsed         | 420         |
|    total_timesteps      | 114688      |
| train/                  |             |
|    approx_kl            | 0.008095158 |
|    clip_fraction        | 0.0418      |
|    clip_range           | 0.2         |
|    entropy_loss         | -0.323      |
|    explained_variance   | 0.027       |
|    learning_rate        | 0.0003      |
|    loss                 | 6.8         |
|    n_updates            | 1115        |
|    policy_gradient_loss | 0.000943    |
|    value_loss           | 11.8        |
-----------------------------------------
------------------------------------------
| rollout/                |              |
|    ep_len_mean          | 7.18         |
|    ep_rew_mean          | 1.45         |
| time/                   |              |
|    fps                  | 272          |
|    iterations           | 225          |
|    time_elapsed         | 422          |
|    total_timesteps      | 115200       |
| train/                  |              |
|    approx_kl            | 0.0055593434 |
|    clip_fraction        | 0.0684       |
|    clip_range           | 0.2          |
|    entropy_loss         | -0.333       |
|    explained_variance   | 0.188        |
|    learning_rate        | 0.0003       |
|    loss                 | 3.2          |
|    n_updates            | 1120         |
|    policy_gradient_loss | -0.00598     |
|    value_loss           | 6.81         |
------------------------------------------
-----------------------------------------
| rollout/                |             |
|    ep_len_mean          | 6.63        |
|    ep_rew_mean          | 2.15        |
| time/                   |             |
|    fps                  | 272         |
|    iterations           | 226         |
|    time_elapsed         | 423         |
|    total_timesteps      | 115712      |
| train/                  |             |
|    approx_kl            | 0.001819165 |
|    clip_fraction        | 0.00781     |
|    clip_range           | 0.2         |
|    entropy_loss         | -0.26       |
|    explained_variance   | 0.149       |
|    learning_rate        | 0.0003      |
|    loss                 | 4.43        |
|    n_updates            | 1125        |
|    policy_gradient_loss | -0.00163    |
|    value_loss           | 8.55        |
-----------------------------------------
------------------------------------------
| rollout/                |              |
|    ep_len_mean          | 7.88         |
|    ep_rew_mean          | 2.27         |
| time/                   |              |
|    fps                  | 273          |
|    iterations           | 227          |
|    time_elapsed         | 425          |
|    total_timesteps      | 116224       |
| train/                  |              |
|    approx_kl            | 0.0022002854 |
|    clip_fraction        | 0.0133       |
|    clip_range           | 0.2          |
|    entropy_loss         | -0.258       |
|    explained_variance   | 0.219        |
|    learning_rate        | 0.0003       |
|    loss                 | 2.74         |
|    n_updates            | 1130         |
|    policy_gradient_loss | -0.00768     |
|    value_loss           | 7.36         |
------------------------------------------
------------------------------------------
| rollout/                |              |
|    ep_len_mean          | 8.74         |
|    ep_rew_mean          | 2            |
| time/                   |              |
|    fps                  | 273          |
|    iterations           | 228          |
|    time_elapsed         | 427          |
|    total_timesteps      | 116736       |
| train/                  |              |
|    approx_kl            | 0.0012151534 |
|    clip_fraction        | 0.0102       |
|    clip_range           | 0.2          |
|    entropy_loss         | -0.225       |
|    explained_variance   | 0.0943       |
|    learning_rate        | 0.0003       |
|    loss                 | 3.96         |
|    n_updates            | 1135         |
|    policy_gradient_loss | -0.00684     |
|    value_loss           | 10           |
------------------------------------------
-----------------------------------------
| rollout/                |             |
|    ep_len_mean          | 8.14        |
|    ep_rew_mean          | 1.92        |
| time/                   |             |
|    fps                  | 273         |
|    iterations           | 229         |
|    time_elapsed         | 429         |
|    total_timesteps      | 117248      |
| train/                  |             |
|    approx_kl            | 0.001493436 |
|    clip_fraction        | 0.00234     |
|    clip_range           | 0.2         |
|    entropy_loss         | -0.248      |
|    explained_variance   | 0.116       |
|    learning_rate        | 0.0003      |
|    loss                 | 6.91        |
|    n_updates            | 1140        |
|    policy_gradient_loss | 0.0027      |
|    value_loss           | 12.6        |
-----------------------------------------
-------------------------------------------
| rollout/                |               |
|    ep_len_mean          | 8.81          |
|    ep_rew_mean          | 2.14          |
| time/                   |               |
|    fps                  | 273           |
|    iterations           | 230           |
|    time_elapsed         | 431           |
|    total_timesteps      | 117760        |
| train/                  |               |
|    approx_kl            | 0.00065899355 |
|    clip_fraction        | 0             |
|    clip_range           | 0.2           |
|    entropy_loss         | -0.238        |
|    explained_variance   | 0.0235        |
|    learning_rate        | 0.0003        |
|    loss                 | 4.78          |
|    n_updates            | 1145          |
|    policy_gradient_loss | -0.0021       |
|    value_loss           | 8.92          |
-------------------------------------------
------------------------------------------
| rollout/                |              |
|    ep_len_mean          | 9.86         |
|    ep_rew_mean          | 2.35         |
| time/                   |              |
|    fps                  | 273          |
|    iterations           | 231          |
|    time_elapsed         | 433          |
|    total_timesteps      | 118272       |
| train/                  |              |
|    approx_kl            | 0.0022231985 |
|    clip_fraction        | 0.00313      |
|    clip_range           | 0.2          |
|    entropy_loss         | -0.244       |
|    explained_variance   | 0.0548       |
|    learning_rate        | 0.0003       |
|    loss                 | 6.58         |
|    n_updates            | 1150         |
|    policy_gradient_loss | -0.00515     |
|    value_loss           | 12.2         |
------------------------------------------
-------------------------------------------
| rollout/                |               |
|    ep_len_mean          | 10.3          |
|    ep_rew_mean          | 2.75          |
| time/                   |               |
|    fps                  | 273           |
|    iterations           | 232           |
|    time_elapsed         | 435           |
|    total_timesteps      | 118784        |
| train/                  |               |
|    approx_kl            | 0.00072054804 |
|    clip_fraction        | 0.00352       |
|    clip_range           | 0.2           |
|    entropy_loss         | -0.217        |
|    explained_variance   | 0.0532        |
|    learning_rate        | 0.0003        |
|    loss                 | 5.9           |
|    n_updates            | 1155          |
|    policy_gradient_loss | 0.00116       |
|    value_loss           | 17.2          |
-------------------------------------------
------------------------------------------
| rollout/                |              |
|    ep_len_mean          | 11.4         |
|    ep_rew_mean          | 3.4          |
| time/                   |              |
|    fps                  | 272          |
|    iterations           | 233          |
|    time_elapsed         | 436          |
|    total_timesteps      | 119296       |
| train/                  |              |
|    approx_kl            | 0.0011044769 |
|    clip_fraction        | 0.00234      |
|    clip_range           | 0.2          |
|    entropy_loss         | -0.242       |
|    explained_variance   | 0.191        |
|    learning_rate        | 0.0003       |
|    loss                 | 3.6          |
|    n_updates            | 1160         |
|    policy_gradient_loss | -0.0012      |
|    value_loss           | 6.34         |
------------------------------------------
------------------------------------------
| rollout/                |              |
|    ep_len_mean          | 10.4         |
|    ep_rew_mean          | 3.15         |
| time/                   |              |
|    fps                  | 272          |
|    iterations           | 234          |
|    time_elapsed         | 438          |
|    total_timesteps      | 119808       |
| train/                  |              |
|    approx_kl            | 0.0016921645 |
|    clip_fraction        | 0.00469      |
|    clip_range           | 0.2          |
|    entropy_loss         | -0.24        |
|    explained_variance   | 0.169        |
|    learning_rate        | 0.0003       |
|    loss                 | 6.85         |
|    n_updates            | 1165         |
|    policy_gradient_loss | -0.00133     |
|    value_loss           | 13.3         |
------------------------------------------
------------------------------------------
| rollout/                |              |
|    ep_len_mean          | 9.86         |
|    ep_rew_mean          | 3.3          |
| time/                   |              |
|    fps                  | 272          |
|    iterations           | 235          |
|    time_elapsed         | 441          |
|    total_timesteps      | 120320       |
| train/                  |              |
|    approx_kl            | 0.0014647592 |
|    clip_fraction        | 0.00117      |
|    clip_range           | 0.2          |
|    entropy_loss         | -0.249       |
|    explained_variance   | 0.281        |
|    learning_rate        | 0.0003       |
|    loss                 | 4.08         |
|    n_updates            | 1170         |
|    policy_gradient_loss | -0.00198     |
|    value_loss           | 7.43         |
------------------------------------------
------------------------------------------
| rollout/                |              |
|    ep_len_mean          | 11.6         |
|    ep_rew_mean          | 2.95         |
| time/                   |              |
|    fps                  | 272          |
|    iterations           | 236          |
|    time_elapsed         | 443          |
|    total_timesteps      | 120832       |
| train/                  |              |
|    approx_kl            | 0.0021716314 |
|    clip_fraction        | 0.0289       |
|    clip_range           | 0.2          |
|    entropy_loss         | -0.195       |
|    explained_variance   | 0.132        |
|    learning_rate        | 0.0003       |
|    loss                 | 3.99         |
|    n_updates            | 1175         |
|    policy_gradient_loss | -0.0134      |
|    value_loss           | 8.22         |
------------------------------------------
------------------------------------------
| rollout/                |              |
|    ep_len_mean          | 11           |
|    ep_rew_mean          | 1.79         |
| time/                   |              |
|    fps                  | 272          |
|    iterations           | 237          |
|    time_elapsed         | 445          |
|    total_timesteps      | 121344       |
| train/                  |              |
|    approx_kl            | 0.0028600781 |
|    clip_fraction        | 0.0184       |
|    clip_range           | 0.2          |
|    entropy_loss         | -0.216       |
|    explained_variance   | 0.0509       |
|    learning_rate        | 0.0003       |
|    loss                 | 10.5         |
|    n_updates            | 1180         |
|    policy_gradient_loss | 0.00188      |
|    value_loss           | 23.7         |
------------------------------------------
------------------------------------------
| rollout/                |              |
|    ep_len_mean          | 9.72         |
|    ep_rew_mean          | 2.11         |
| time/                   |              |
|    fps                  | 271          |
|    iterations           | 238          |
|    time_elapsed         | 448          |
|    total_timesteps      | 121856       |
| train/                  |              |
|    approx_kl            | 0.0016511758 |
|    clip_fraction        | 0.0258       |
|    clip_range           | 0.2          |
|    entropy_loss         | -0.25        |
|    explained_variance   | 0.151        |
|    learning_rate        | 0.0003       |
|    loss                 | 5.48         |
|    n_updates            | 1185         |
|    policy_gradient_loss | 0.00061      |
|    value_loss           | 8.07         |
------------------------------------------
------------------------------------------
| rollout/                |              |
|    ep_len_mean          | 9.73         |
|    ep_rew_mean          | 2.08         |
| time/                   |              |
|    fps                  | 270          |
|    iterations           | 239          |
|    time_elapsed         | 451          |
|    total_timesteps      | 122368       |
| train/                  |              |
|    approx_kl            | 0.0021925566 |
|    clip_fraction        | 0.0125       |
|    clip_range           | 0.2          |
|    entropy_loss         | -0.249       |
|    explained_variance   | 0.0953       |
|    learning_rate        | 0.0003       |
|    loss                 | 4.75         |
|    n_updates            | 1190         |
|    policy_gradient_loss | -0.00051     |
|    value_loss           | 11.3         |
------------------------------------------
------------------------------------------
| rollout/                |              |
|    ep_len_mean          | 9.89         |
|    ep_rew_mean          | 2.29         |
| time/                   |              |
|    fps                  | 270          |
|    iterations           | 240          |
|    time_elapsed         | 454          |
|    total_timesteps      | 122880       |
| train/                  |              |
|    approx_kl            | 0.0024847235 |
|    clip_fraction        | 0.0316       |
|    clip_range           | 0.2          |
|    entropy_loss         | -0.22        |
|    explained_variance   | 0.207        |
|    learning_rate        | 0.0003       |
|    loss                 | 4.27         |
|    n_updates            | 1195         |
|    policy_gradient_loss | -0.00617     |
|    value_loss           | 10.7         |
------------------------------------------
------------------------------------------
| rollout/                |              |
|    ep_len_mean          | 10.9         |
|    ep_rew_mean          | 2.32         |
| time/                   |              |
|    fps                  | 270          |
|    iterations           | 241          |
|    time_elapsed         | 456          |
|    total_timesteps      | 123392       |
| train/                  |              |
|    approx_kl            | 0.0009620237 |
|    clip_fraction        | 0            |
|    clip_range           | 0.2          |
|    entropy_loss         | -0.245       |
|    explained_variance   | 0.0783       |
|    learning_rate        | 0.0003       |
|    loss                 | 7.36         |
|    n_updates            | 1200         |
|    policy_gradient_loss | 0.000738     |
|    value_loss           | 12.6         |
------------------------------------------
-------------------------------------------
| rollout/                |               |
|    ep_len_mean          | 12.2          |
|    ep_rew_mean          | 2.92          |
| time/                   |               |
|    fps                  | 270           |
|    iterations           | 242           |
|    time_elapsed         | 458           |
|    total_timesteps      | 123904        |
| train/                  |               |
|    approx_kl            | 0.00030015118 |
|    clip_fraction        | 0             |
|    clip_range           | 0.2           |
|    entropy_loss         | -0.223        |
|    explained_variance   | 0.2           |
|    learning_rate        | 0.0003        |
|    loss                 | 3.04          |
|    n_updates            | 1205          |
|    policy_gradient_loss | -0.00202      |
|    value_loss           | 8.22          |
-------------------------------------------
-----------------------------------------
| rollout/                |             |
|    ep_len_mean          | 10.9        |
|    ep_rew_mean          | 2.44        |
| time/                   |             |
|    fps                  | 270         |
|    iterations           | 243         |
|    time_elapsed         | 460         |
|    total_timesteps      | 124416      |
| train/                  |             |
|    approx_kl            | 0.002857135 |
|    clip_fraction        | 0.00898     |
|    clip_range           | 0.2         |
|    entropy_loss         | -0.213      |
|    explained_variance   | 0.0746      |
|    learning_rate        | 0.0003      |
|    loss                 | 9.99        |
|    n_updates            | 1210        |
|    policy_gradient_loss | 0.00194     |
|    value_loss           | 14.5        |
-----------------------------------------
------------------------------------------
| rollout/                |              |
|    ep_len_mean          | 11.1         |
|    ep_rew_mean          | 1.85         |
| time/                   |              |
|    fps                  | 270          |
|    iterations           | 244          |
|    time_elapsed         | 461          |
|    total_timesteps      | 124928       |
| train/                  |              |
|    approx_kl            | 0.0019921002 |
|    clip_fraction        | 0.00742      |
|    clip_range           | 0.2          |
|    entropy_loss         | -0.242       |
|    explained_variance   | 0.0642       |
|    learning_rate        | 0.0003       |
|    loss                 | 4.27         |
|    n_updates            | 1215         |
|    policy_gradient_loss | -0.00528     |
|    value_loss           | 10.2         |
------------------------------------------
-----------------------------------------
| rollout/                |             |
|    ep_len_mean          | 9.95        |
|    ep_rew_mean          | 2.11        |
| time/                   |             |
|    fps                  | 270         |
|    iterations           | 245         |
|    time_elapsed         | 463         |
|    total_timesteps      | 125440      |
| train/                  |             |
|    approx_kl            | 0.007422887 |
|    clip_fraction        | 0.023       |
|    clip_range           | 0.2         |
|    entropy_loss         | -0.266      |
|    explained_variance   | -0.0162     |
|    learning_rate        | 0.0003      |
|    loss                 | 8.93        |
|    n_updates            | 1220        |
|    policy_gradient_loss | 0.0049      |
|    value_loss           | 18.8        |
-----------------------------------------
-----------------------------------------
| rollout/                |             |
|    ep_len_mean          | 7.72        |
|    ep_rew_mean          | 2.1         |
| time/                   |             |
|    fps                  | 270         |
|    iterations           | 246         |
|    time_elapsed         | 465         |
|    total_timesteps      | 125952      |
| train/                  |             |
|    approx_kl            | 0.002691348 |
|    clip_fraction        | 0.023       |
|    clip_range           | 0.2         |
|    entropy_loss         | -0.299      |
|    explained_variance   | 0.147       |
|    learning_rate        | 0.0003      |
|    loss                 | 2.48        |
|    n_updates            | 1225        |
|    policy_gradient_loss | -0.00862    |
|    value_loss           | 6.97        |
-----------------------------------------
-----------------------------------------
| rollout/                |             |
|    ep_len_mean          | 7.66        |
|    ep_rew_mean          | 1.92        |
| time/                   |             |
|    fps                  | 270         |
|    iterations           | 247         |
|    time_elapsed         | 466         |
|    total_timesteps      | 126464      |
| train/                  |             |
|    approx_kl            | 0.004384995 |
|    clip_fraction        | 0.0391      |
|    clip_range           | 0.2         |
|    entropy_loss         | -0.295      |
|    explained_variance   | 0.0893      |
|    learning_rate        | 0.0003      |
|    loss                 | 6.61        |
|    n_updates            | 1230        |
|    policy_gradient_loss | -0.00622    |
|    value_loss           | 12.1        |
-----------------------------------------
-----------------------------------------
| rollout/                |             |
|    ep_len_mean          | 7.53        |
|    ep_rew_mean          | 1.45        |
| time/                   |             |
|    fps                  | 270         |
|    iterations           | 248         |
|    time_elapsed         | 468         |
|    total_timesteps      | 126976      |
| train/                  |             |
|    approx_kl            | 0.002699478 |
|    clip_fraction        | 0.023       |
|    clip_range           | 0.2         |
|    entropy_loss         | -0.3        |
|    explained_variance   | 0.165       |
|    learning_rate        | 0.0003      |
|    loss                 | 5.48        |
|    n_updates            | 1235        |
|    policy_gradient_loss | -0.0032     |
|    value_loss           | 9.88        |
-----------------------------------------
------------------------------------------
| rollout/                |              |
|    ep_len_mean          | 7.21         |
|    ep_rew_mean          | 1.84         |
| time/                   |              |
|    fps                  | 271          |
|    iterations           | 249          |
|    time_elapsed         | 470          |
|    total_timesteps      | 127488       |
| train/                  |              |
|    approx_kl            | 0.0017946325 |
|    clip_fraction        | 0.00195      |
|    clip_range           | 0.2          |
|    entropy_loss         | -0.27        |
|    explained_variance   | 0.0767       |
|    learning_rate        | 0.0003       |
|    loss                 | 5.45         |
|    n_updates            | 1240         |
|    policy_gradient_loss | -0.0013      |
|    value_loss           | 10.5         |
------------------------------------------
-----------------------------------------
| rollout/                |             |
|    ep_len_mean          | 7.76        |
|    ep_rew_mean          | 2.2         |
| time/                   |             |
|    fps                  | 271         |
|    iterations           | 250         |
|    time_elapsed         | 471         |
|    total_timesteps      | 128000      |
| train/                  |             |
|    approx_kl            | 0.004757184 |
|    clip_fraction        | 0.0301      |
|    clip_range           | 0.2         |
|    entropy_loss         | -0.259      |
|    explained_variance   | 0.147       |
|    learning_rate        | 0.0003      |
|    loss                 | 2.42        |
|    n_updates            | 1245        |
|    policy_gradient_loss | -0.0111     |
|    value_loss           | 6.44        |
-----------------------------------------
------------------------------------------
| rollout/                |              |
|    ep_len_mean          | 9.98         |
|    ep_rew_mean          | 3.21         |
| time/                   |              |
|    fps                  | 271          |
|    iterations           | 251          |
|    time_elapsed         | 473          |
|    total_timesteps      | 128512       |
| train/                  |              |
|    approx_kl            | 0.0031934087 |
|    clip_fraction        | 0.0125       |
|    clip_range           | 0.2          |
|    entropy_loss         | -0.246       |
|    explained_variance   | 0.16         |
|    learning_rate        | 0.0003       |
|    loss                 | 9.79         |
|    n_updates            | 1250         |
|    policy_gradient_loss | 0.000211     |
|    value_loss           | 11.6         |
------------------------------------------
------------------------------------------
| rollout/                |              |
|    ep_len_mean          | 10.9         |
|    ep_rew_mean          | 3.7          |
| time/                   |              |
|    fps                  | 271          |
|    iterations           | 252          |
|    time_elapsed         | 475          |
|    total_timesteps      | 129024       |
| train/                  |              |
|    approx_kl            | 0.0017827083 |
|    clip_fraction        | 0.00859      |
|    clip_range           | 0.2          |
|    entropy_loss         | -0.226       |
|    explained_variance   | 0.253        |
|    learning_rate        | 0.0003       |
|    loss                 | 4.01         |
|    n_updates            | 1255         |
|    policy_gradient_loss | -0.00203     |
|    value_loss           | 8.84         |
------------------------------------------
------------------------------------------
| rollout/                |              |
|    ep_len_mean          | 13.1         |
|    ep_rew_mean          | 4.19         |
| time/                   |              |
|    fps                  | 271          |
|    iterations           | 253          |
|    time_elapsed         | 476          |
|    total_timesteps      | 129536       |
| train/                  |              |
|    approx_kl            | 0.0014204254 |
|    clip_fraction        | 0.0117       |
|    clip_range           | 0.2          |
|    entropy_loss         | -0.212       |
|    explained_variance   | 0.0603       |
|    learning_rate        | 0.0003       |
|    loss                 | 6.08         |
|    n_updates            | 1260         |
|    policy_gradient_loss | -0.00219     |
|    value_loss           | 15.2         |
------------------------------------------
-------------------------------------------
| rollout/                |               |
|    ep_len_mean          | 12            |
|    ep_rew_mean          | 3.25          |
| time/                   |               |
|    fps                  | 271           |
|    iterations           | 254           |
|    time_elapsed         | 478           |
|    total_timesteps      | 130048        |
| train/                  |               |
|    approx_kl            | 0.00064141536 |
|    clip_fraction        | 0.00273       |
|    clip_range           | 0.2           |
|    entropy_loss         | -0.213        |
|    explained_variance   | 0.179         |
|    learning_rate        | 0.0003        |
|    loss                 | 5.76          |
|    n_updates            | 1265          |
|    policy_gradient_loss | -0.00206      |
|    value_loss           | 11.5          |
-------------------------------------------
-------------------------------------------
| rollout/                |               |
|    ep_len_mean          | 12.4          |
|    ep_rew_mean          | 3.3           |
| time/                   |               |
|    fps                  | 271           |
|    iterations           | 255           |
|    time_elapsed         | 480           |
|    total_timesteps      | 130560        |
| train/                  |               |
|    approx_kl            | 0.00030058803 |
|    clip_fraction        | 0             |
|    clip_range           | 0.2           |
|    entropy_loss         | -0.202        |
|    explained_variance   | 0.178         |
|    learning_rate        | 0.0003        |
|    loss                 | 6.61          |
|    n_updates            | 1270          |
|    policy_gradient_loss | -3.49e-06     |
|    value_loss           | 11.9          |
-------------------------------------------
------------------------------------------
| rollout/                |              |
|    ep_len_mean          | 12.9         |
|    ep_rew_mean          | 3.97         |
| time/                   |              |
|    fps                  | 272          |
|    iterations           | 256          |
|    time_elapsed         | 481          |
|    total_timesteps      | 131072       |
| train/                  |              |
|    approx_kl            | 0.0027431985 |
|    clip_fraction        | 0.0184       |
|    clip_range           | 0.2          |
|    entropy_loss         | -0.193       |
|    explained_variance   | 0.168        |
|    learning_rate        | 0.0003       |
|    loss                 | 4.98         |
|    n_updates            | 1275         |
|    policy_gradient_loss | -0.00727     |
|    value_loss           | 8.85         |
------------------------------------------
------------------------------------------
| rollout/                |              |
|    ep_len_mean          | 13.6         |
|    ep_rew_mean          | 5.05         |
| time/                   |              |
|    fps                  | 272          |
|    iterations           | 257          |
|    time_elapsed         | 483          |
|    total_timesteps      | 131584       |
| train/                  |              |
|    approx_kl            | 0.0012152141 |
|    clip_fraction        | 0.00781      |
|    clip_range           | 0.2          |
|    entropy_loss         | -0.172       |
|    explained_variance   | 0.146        |
|    learning_rate        | 0.0003       |
|    loss                 | 4.8          |
|    n_updates            | 1280         |
|    policy_gradient_loss | 0.00207      |
|    value_loss           | 12.6         |
------------------------------------------
-------------------------------------------
| rollout/                |               |
|    ep_len_mean          | 14.1          |
|    ep_rew_mean          | 4.37          |
| time/                   |               |
|    fps                  | 272           |
|    iterations           | 258           |
|    time_elapsed         | 485           |
|    total_timesteps      | 132096        |
| train/                  |               |
|    approx_kl            | 0.00083884574 |
|    clip_fraction        | 0.00781       |
|    clip_range           | 0.2           |
|    entropy_loss         | -0.175        |
|    explained_variance   | 0.3           |
|    learning_rate        | 0.0003        |
|    loss                 | 3.18          |
|    n_updates            | 1285          |
|    policy_gradient_loss | -0.00526      |
|    value_loss           | 7.14          |
-------------------------------------------
------------------------------------------
| rollout/                |              |
|    ep_len_mean          | 12.4         |
|    ep_rew_mean          | 3.16         |
| time/                   |              |
|    fps                  | 272          |
|    iterations           | 259          |
|    time_elapsed         | 486          |
|    total_timesteps      | 132608       |
| train/                  |              |
|    approx_kl            | 0.0011913393 |
|    clip_fraction        | 0.00742      |
|    clip_range           | 0.2          |
|    entropy_loss         | -0.176       |
|    explained_variance   | 0.139        |
|    learning_rate        | 0.0003       |
|    loss                 | 10.1         |
|    n_updates            | 1290         |
|    policy_gradient_loss | 0.00103      |
|    value_loss           | 21.4         |
------------------------------------------
------------------------------------------
| rollout/                |              |
|    ep_len_mean          | 12.8         |
|    ep_rew_mean          | 2.8          |
| time/                   |              |
|    fps                  | 272          |
|    iterations           | 260          |
|    time_elapsed         | 488          |
|    total_timesteps      | 133120       |
| train/                  |              |
|    approx_kl            | 0.0013509265 |
|    clip_fraction        | 0.0082       |
|    clip_range           | 0.2          |
|    entropy_loss         | -0.205       |
|    explained_variance   | 0.128        |
|    learning_rate        | 0.0003       |
|    loss                 | 3.83         |
|    n_updates            | 1295         |
|    policy_gradient_loss | -0.000959    |
|    value_loss           | 7.93         |
------------------------------------------
----------------------------------------
| rollout/                |            |
|    ep_len_mean          | 12.2       |
|    ep_rew_mean          | 2.7        |
| time/                   |            |
|    fps                  | 272        |
|    iterations           | 261        |
|    time_elapsed         | 490        |
|    total_timesteps      | 133632     |
| train/                  |            |
|    approx_kl            | 0.00820503 |
|    clip_fraction        | 0.0352     |
|    clip_range           | 0.2        |
|    entropy_loss         | -0.229     |
|    explained_variance   | 0.199      |
|    learning_rate        | 0.0003     |
|    loss                 | 2.96       |
|    n_updates            | 1300       |
|    policy_gradient_loss | 0.00804    |
|    value_loss           | 10.3       |
----------------------------------------
------------------------------------------
| rollout/                |              |
|    ep_len_mean          | 9.52         |
|    ep_rew_mean          | 2.06         |
| time/                   |              |
|    fps                  | 272          |
|    iterations           | 262          |
|    time_elapsed         | 492          |
|    total_timesteps      | 134144       |
| train/                  |              |
|    approx_kl            | 0.0005664126 |
|    clip_fraction        | 0.00156      |
|    clip_range           | 0.2          |
|    entropy_loss         | -0.274       |
|    explained_variance   | 0.218        |
|    learning_rate        | 0.0003       |
|    loss                 | 4.36         |
|    n_updates            | 1305         |
|    policy_gradient_loss | 0.00243      |
|    value_loss           | 9.1          |
------------------------------------------
------------------------------------------
| rollout/                |              |
|    ep_len_mean          | 8.6          |
|    ep_rew_mean          | 2.3          |
| time/                   |              |
|    fps                  | 272          |
|    iterations           | 263          |
|    time_elapsed         | 494          |
|    total_timesteps      | 134656       |
| train/                  |              |
|    approx_kl            | 0.0018531044 |
|    clip_fraction        | 0.00664      |
|    clip_range           | 0.2          |
|    entropy_loss         | -0.281       |
|    explained_variance   | 0.0835       |
|    learning_rate        | 0.0003       |
|    loss                 | 8.76         |
|    n_updates            | 1310         |
|    policy_gradient_loss | 0.00119      |
|    value_loss           | 15.3         |
------------------------------------------
------------------------------------------
| rollout/                |              |
|    ep_len_mean          | 8.23         |
|    ep_rew_mean          | 1.85         |
| time/                   |              |
|    fps                  | 272          |
|    iterations           | 264          |
|    time_elapsed         | 495          |
|    total_timesteps      | 135168       |
| train/                  |              |
|    approx_kl            | 0.0017117332 |
|    clip_fraction        | 0.016        |
|    clip_range           | 0.2          |
|    entropy_loss         | -0.271       |
|    explained_variance   | 0.233        |
|    learning_rate        | 0.0003       |
|    loss                 | 1.63         |
|    n_updates            | 1315         |
|    policy_gradient_loss | -0.00765     |
|    value_loss           | 5.64         |
------------------------------------------
-----------------------------------------
| rollout/                |             |
|    ep_len_mean          | 7.53        |
|    ep_rew_mean          | 2.17        |
| time/                   |             |
|    fps                  | 272         |
|    iterations           | 265         |
|    time_elapsed         | 497         |
|    total_timesteps      | 135680      |
| train/                  |             |
|    approx_kl            | 0.000553942 |
|    clip_fraction        | 0           |
|    clip_range           | 0.2         |
|    entropy_loss         | -0.281      |
|    explained_variance   | 0.151       |
|    learning_rate        | 0.0003      |
|    loss                 | 3.61        |
|    n_updates            | 1320        |
|    policy_gradient_loss | -0.000101   |
|    value_loss           | 8.57        |
-----------------------------------------
------------------------------------------
| rollout/                |              |
|    ep_len_mean          | 8.77         |
|    ep_rew_mean          | 1.77         |
| time/                   |              |
|    fps                  | 272          |
|    iterations           | 266          |
|    time_elapsed         | 499          |
|    total_timesteps      | 136192       |
| train/                  |              |
|    approx_kl            | 0.0038137154 |
|    clip_fraction        | 0.0672       |
|    clip_range           | 0.2          |
|    entropy_loss         | -0.262       |
|    explained_variance   | 0.273        |
|    learning_rate        | 0.0003       |
|    loss                 | 1.89         |
|    n_updates            | 1325         |
|    policy_gradient_loss | -0.0199      |
|    value_loss           | 4.76         |
------------------------------------------
----------------------------------------
| rollout/                |            |
|    ep_len_mean          | 9.26       |
|    ep_rew_mean          | 1.56       |
| time/                   |            |
|    fps                  | 272        |
|    iterations           | 267        |
|    time_elapsed         | 501        |
|    total_timesteps      | 136704     |
| train/                  |            |
|    approx_kl            | 0.01179488 |
|    clip_fraction        | 0.0555     |
|    clip_range           | 0.2        |
|    entropy_loss         | -0.295     |
|    explained_variance   | 0.0991     |
|    learning_rate        | 0.0003     |
|    loss                 | 5.4        |
|    n_updates            | 1330       |
|    policy_gradient_loss | 0.00394    |
|    value_loss           | 14.1       |
----------------------------------------
------------------------------------------
| rollout/                |              |
|    ep_len_mean          | 8.71         |
|    ep_rew_mean          | 1.7          |
| time/                   |              |
|    fps                  | 272          |
|    iterations           | 268          |
|    time_elapsed         | 503          |
|    total_timesteps      | 137216       |
| train/                  |              |
|    approx_kl            | 0.0042026495 |
|    clip_fraction        | 0.0309       |
|    clip_range           | 0.2          |
|    entropy_loss         | -0.244       |
|    explained_variance   | 0.0103       |
|    learning_rate        | 0.0003       |
|    loss                 | 3.09         |
|    n_updates            | 1335         |
|    policy_gradient_loss | -0.00572     |
|    value_loss           | 11.2         |
------------------------------------------
-----------------------------------------
| rollout/                |             |
|    ep_len_mean          | 7.39        |
|    ep_rew_mean          | 2.01        |
| time/                   |             |
|    fps                  | 272         |
|    iterations           | 269         |
|    time_elapsed         | 504         |
|    total_timesteps      | 137728      |
| train/                  |             |
|    approx_kl            | 0.007857465 |
|    clip_fraction        | 0.0684      |
|    clip_range           | 0.2         |
|    entropy_loss         | -0.3        |
|    explained_variance   | 0.128       |
|    learning_rate        | 0.0003      |
|    loss                 | 5.19        |
|    n_updates            | 1340        |
|    policy_gradient_loss | -0.000988   |
|    value_loss           | 10.7        |
-----------------------------------------
------------------------------------------
| rollout/                |              |
|    ep_len_mean          | 7.49         |
|    ep_rew_mean          | 1.19         |
| time/                   |              |
|    fps                  | 273          |
|    iterations           | 270          |
|    time_elapsed         | 506          |
|    total_timesteps      | 138240       |
| train/                  |              |
|    approx_kl            | 0.0007265859 |
|    clip_fraction        | 0.00508      |
|    clip_range           | 0.2          |
|    entropy_loss         | -0.25        |
|    explained_variance   | 0.192        |
|    learning_rate        | 0.0003       |
|    loss                 | 3.84         |
|    n_updates            | 1345         |
|    policy_gradient_loss | -0.00447     |
|    value_loss           | 8.07         |
------------------------------------------
------------------------------------------
| rollout/                |              |
|    ep_len_mean          | 7.53         |
|    ep_rew_mean          | 1.96         |
| time/                   |              |
|    fps                  | 273          |
|    iterations           | 271          |
|    time_elapsed         | 507          |
|    total_timesteps      | 138752       |
| train/                  |              |
|    approx_kl            | 0.0012177511 |
|    clip_fraction        | 0.00234      |
|    clip_range           | 0.2          |
|    entropy_loss         | -0.25        |
|    explained_variance   | -0.00381     |
|    learning_rate        | 0.0003       |
|    loss                 | 4.38         |
|    n_updates            | 1350         |
|    policy_gradient_loss | 4.9e-05      |
|    value_loss           | 12.7         |
------------------------------------------
-------------------------------------------
| rollout/                |               |
|    ep_len_mean          | 8.41          |
|    ep_rew_mean          | 2.52          |
| time/                   |               |
|    fps                  | 273           |
|    iterations           | 272           |
|    time_elapsed         | 509           |
|    total_timesteps      | 139264        |
| train/                  |               |
|    approx_kl            | 0.00096770504 |
|    clip_fraction        | 0.000781      |
|    clip_range           | 0.2           |
|    entropy_loss         | -0.253        |
|    explained_variance   | 0.0845        |
|    learning_rate        | 0.0003        |
|    loss                 | 4.76          |
|    n_updates            | 1355          |
|    policy_gradient_loss | -0.00257      |
|    value_loss           | 9.69          |
-------------------------------------------
------------------------------------------
| rollout/                |              |
|    ep_len_mean          | 9.09         |
|    ep_rew_mean          | 1.58         |
| time/                   |              |
|    fps                  | 273          |
|    iterations           | 273          |
|    time_elapsed         | 511          |
|    total_timesteps      | 139776       |
| train/                  |              |
|    approx_kl            | 0.0023469757 |
|    clip_fraction        | 0.0102       |
|    clip_range           | 0.2          |
|    entropy_loss         | -0.245       |
|    explained_variance   | 0.132        |
|    learning_rate        | 0.0003       |
|    loss                 | 4.77         |
|    n_updates            | 1360         |
|    policy_gradient_loss | -0.00307     |
|    value_loss           | 9.14         |
------------------------------------------
-----------------------------------------
| rollout/                |             |
|    ep_len_mean          | 7.89        |
|    ep_rew_mean          | 1.49        |
| time/                   |             |
|    fps                  | 273         |
|    iterations           | 274         |
|    time_elapsed         | 512         |
|    total_timesteps      | 140288      |
| train/                  |             |
|    approx_kl            | 0.012313753 |
|    clip_fraction        | 0.0582      |
|    clip_range           | 0.2         |
|    entropy_loss         | -0.302      |
|    explained_variance   | 0.19        |
|    learning_rate        | 0.0003      |
|    loss                 | 2.8         |
|    n_updates            | 1365        |
|    policy_gradient_loss | 0.00101     |
|    value_loss           | 8.9         |
-----------------------------------------
-----------------------------------------
| rollout/                |             |
|    ep_len_mean          | 8.62        |
|    ep_rew_mean          | 1.59        |
| time/                   |             |
|    fps                  | 273         |
|    iterations           | 275         |
|    time_elapsed         | 514         |
|    total_timesteps      | 140800      |
| train/                  |             |
|    approx_kl            | 0.005108596 |
|    clip_fraction        | 0.0461      |
|    clip_range           | 0.2         |
|    entropy_loss         | -0.285      |
|    explained_variance   | 0.198       |
|    learning_rate        | 0.0003      |
|    loss                 | 4           |
|    n_updates            | 1370        |
|    policy_gradient_loss | 0.00132     |
|    value_loss           | 8.14        |
-----------------------------------------
------------------------------------------
| rollout/                |              |
|    ep_len_mean          | 7.65         |
|    ep_rew_mean          | 1.27         |
| time/                   |              |
|    fps                  | 273          |
|    iterations           | 276          |
|    time_elapsed         | 515          |
|    total_timesteps      | 141312       |
| train/                  |              |
|    approx_kl            | 0.0038002033 |
|    clip_fraction        | 0.027        |
|    clip_range           | 0.2          |
|    entropy_loss         | -0.31        |
|    explained_variance   | 0.024        |
|    learning_rate        | 0.0003       |
|    loss                 | 10.2         |
|    n_updates            | 1375         |
|    policy_gradient_loss | 0.00496      |
|    value_loss           | 12.6         |
------------------------------------------
-----------------------------------------
| rollout/                |             |
|    ep_len_mean          | 6.02        |
|    ep_rew_mean          | 1.89        |
| time/                   |             |
|    fps                  | 274         |
|    iterations           | 277         |
|    time_elapsed         | 517         |
|    total_timesteps      | 141824      |
| train/                  |             |
|    approx_kl            | 0.020466387 |
|    clip_fraction        | 0.0555      |
|    clip_range           | 0.2         |
|    entropy_loss         | -0.409      |
|    explained_variance   | 0.0398      |
|    learning_rate        | 0.0003      |
|    loss                 | 7.17        |
|    n_updates            | 1380        |
|    policy_gradient_loss | 0.0114      |
|    value_loss           | 12.7        |
-----------------------------------------
------------------------------------------
| rollout/                |              |
|    ep_len_mean          | 6.1          |
|    ep_rew_mean          | 1.59         |
| time/                   |              |
|    fps                  | 274          |
|    iterations           | 278          |
|    time_elapsed         | 519          |
|    total_timesteps      | 142336       |
| train/                  |              |
|    approx_kl            | 0.0058779186 |
|    clip_fraction        | 0.0711       |
|    clip_range           | 0.2          |
|    entropy_loss         | -0.37        |
|    explained_variance   | 0.237        |
|    learning_rate        | 0.0003       |
|    loss                 | 1.93         |
|    n_updates            | 1385         |
|    policy_gradient_loss | -0.0273      |
|    value_loss           | 3.61         |
------------------------------------------
-----------------------------------------
| rollout/                |             |
|    ep_len_mean          | 7.14        |
|    ep_rew_mean          | 1.08        |
| time/                   |             |
|    fps                  | 274         |
|    iterations           | 279         |
|    time_elapsed         | 520         |
|    total_timesteps      | 142848      |
| train/                  |             |
|    approx_kl            | 0.003881599 |
|    clip_fraction        | 0.0473      |
|    clip_range           | 0.2         |
|    entropy_loss         | -0.331      |
|    explained_variance   | 0.145       |
|    learning_rate        | 0.0003      |
|    loss                 | 3.61        |
|    n_updates            | 1390        |
|    policy_gradient_loss | -0.0145     |
|    value_loss           | 4.65        |
-----------------------------------------
------------------------------------------
| rollout/                |              |
|    ep_len_mean          | 7.38         |
|    ep_rew_mean          | 2.03         |
| time/                   |              |
|    fps                  | 274          |
|    iterations           | 280          |
|    time_elapsed         | 522          |
|    total_timesteps      | 143360       |
| train/                  |              |
|    approx_kl            | 0.0012939397 |
|    clip_fraction        | 0.00352      |
|    clip_range           | 0.2          |
|    entropy_loss         | -0.343       |
|    explained_variance   | 0.0445       |
|    learning_rate        | 0.0003       |
|    loss                 | 4.18         |
|    n_updates            | 1395         |
|    policy_gradient_loss | 0.0029       |
|    value_loss           | 7.06         |
------------------------------------------
-----------------------------------------
| rollout/                |             |
|    ep_len_mean          | 7.44        |
|    ep_rew_mean          | 1.63        |
| time/                   |             |
|    fps                  | 274         |
|    iterations           | 281         |
|    time_elapsed         | 523         |
|    total_timesteps      | 143872      |
| train/                  |             |
|    approx_kl            | 0.002619246 |
|    clip_fraction        | 0.0437      |
|    clip_range           | 0.2         |
|    entropy_loss         | -0.335      |
|    explained_variance   | 0.0971      |
|    learning_rate        | 0.0003      |
|    loss                 | 2.61        |
|    n_updates            | 1400        |
|    policy_gradient_loss | -0.0166     |
|    value_loss           | 5.44        |
-----------------------------------------
------------------------------------------
| rollout/                |              |
|    ep_len_mean          | 7            |
|    ep_rew_mean          | 1.53         |
| time/                   |              |
|    fps                  | 274          |
|    iterations           | 282          |
|    time_elapsed         | 525          |
|    total_timesteps      | 144384       |
| train/                  |              |
|    approx_kl            | 0.0046474235 |
|    clip_fraction        | 0.0418       |
|    clip_range           | 0.2          |
|    entropy_loss         | -0.33        |
|    explained_variance   | 0.178        |
|    learning_rate        | 0.0003       |
|    loss                 | 2.88         |
|    n_updates            | 1405         |
|    policy_gradient_loss | -0.0114      |
|    value_loss           | 5.74         |
------------------------------------------
-----------------------------------------
| rollout/                |             |
|    ep_len_mean          | 7.26        |
|    ep_rew_mean          | 0.8         |
| time/                   |             |
|    fps                  | 274         |
|    iterations           | 283         |
|    time_elapsed         | 527         |
|    total_timesteps      | 144896      |
| train/                  |             |
|    approx_kl            | 0.005397991 |
|    clip_fraction        | 0.0844      |
|    clip_range           | 0.2         |
|    entropy_loss         | -0.31       |
|    explained_variance   | 0.149       |
|    learning_rate        | 0.0003      |
|    loss                 | 1.68        |
|    n_updates            | 1410        |
|    policy_gradient_loss | -0.0185     |
|    value_loss           | 4.14        |
-----------------------------------------
-----------------------------------------
| rollout/                |             |
|    ep_len_mean          | 5.91        |
|    ep_rew_mean          | 0.89        |
| time/                   |             |
|    fps                  | 274         |
|    iterations           | 284         |
|    time_elapsed         | 528         |
|    total_timesteps      | 145408      |
| train/                  |             |
|    approx_kl            | 0.013257042 |
|    clip_fraction        | 0.0547      |
|    clip_range           | 0.2         |
|    entropy_loss         | -0.332      |
|    explained_variance   | 0.00219     |
|    learning_rate        | 0.0003      |
|    loss                 | 9.01        |
|    n_updates            | 1415        |
|    policy_gradient_loss | 0.00414     |
|    value_loss           | 16.8        |
-----------------------------------------
-----------------------------------------
| rollout/                |             |
|    ep_len_mean          | 6.43        |
|    ep_rew_mean          | 1.69        |
| time/                   |             |
|    fps                  | 275         |
|    iterations           | 285         |
|    time_elapsed         | 530         |
|    total_timesteps      | 145920      |
| train/                  |             |
|    approx_kl            | 0.001135421 |
|    clip_fraction        | 0.00156     |
|    clip_range           | 0.2         |
|    entropy_loss         | -0.379      |
|    explained_variance   | 0.173       |
|    learning_rate        | 0.0003      |
|    loss                 | 1.91        |
|    n_updates            | 1420        |
|    policy_gradient_loss | 0.00181     |
|    value_loss           | 4.25        |
-----------------------------------------
------------------------------------------
| rollout/                |              |
|    ep_len_mean          | 8.06         |
|    ep_rew_mean          | 0.973        |
| time/                   |              |
|    fps                  | 275          |
|    iterations           | 286          |
|    time_elapsed         | 531          |
|    total_timesteps      | 146432       |
| train/                  |              |
|    approx_kl            | 0.0047151768 |
|    clip_fraction        | 0.0516       |
|    clip_range           | 0.2          |
|    entropy_loss         | -0.315       |
|    explained_variance   | 0.146        |
|    learning_rate        | 0.0003       |
|    loss                 | 1.79         |
|    n_updates            | 1425         |
|    policy_gradient_loss | -0.0202      |
|    value_loss           | 4.34         |
------------------------------------------
-----------------------------------------
| rollout/                |             |
|    ep_len_mean          | 6.96        |
|    ep_rew_mean          | 1.52        |
| time/                   |             |
|    fps                  | 275         |
|    iterations           | 287         |
|    time_elapsed         | 533         |
|    total_timesteps      | 146944      |
| train/                  |             |
|    approx_kl            | 0.010264482 |
|    clip_fraction        | 0.0434      |
|    clip_range           | 0.2         |
|    entropy_loss         | -0.359      |
|    explained_variance   | 0.0545      |
|    learning_rate        | 0.0003      |
|    loss                 | 3.64        |
|    n_updates            | 1430        |
|    policy_gradient_loss | 0.00512     |
|    value_loss           | 10.2        |
-----------------------------------------
------------------------------------------
| rollout/                |              |
|    ep_len_mean          | 7.33         |
|    ep_rew_mean          | 2.34         |
| time/                   |              |
|    fps                  | 275          |
|    iterations           | 288          |
|    time_elapsed         | 535          |
|    total_timesteps      | 147456       |
| train/                  |              |
|    approx_kl            | 0.0053412314 |
|    clip_fraction        | 0.0309       |
|    clip_range           | 0.2          |
|    entropy_loss         | -0.351       |
|    explained_variance   | 0.111        |
|    learning_rate        | 0.0003       |
|    loss                 | 1.92         |
|    n_updates            | 1435         |
|    policy_gradient_loss | -0.0145      |
|    value_loss           | 4.37         |
------------------------------------------
------------------------------------------
| rollout/                |              |
|    ep_len_mean          | 7.82         |
|    ep_rew_mean          | 1.37         |
| time/                   |              |
|    fps                  | 275          |
|    iterations           | 289          |
|    time_elapsed         | 536          |
|    total_timesteps      | 147968       |
| train/                  |              |
|    approx_kl            | 0.0023968806 |
|    clip_fraction        | 0.0211       |
|    clip_range           | 0.2          |
|    entropy_loss         | -0.321       |
|    explained_variance   | 0.081        |
|    learning_rate        | 0.0003       |
|    loss                 | 5.18         |
|    n_updates            | 1440         |
|    policy_gradient_loss | -0.0116      |
|    value_loss           | 9.92         |
------------------------------------------
------------------------------------------
| rollout/                |              |
|    ep_len_mean          | 8.16         |
|    ep_rew_mean          | 1.04         |
| time/                   |              |
|    fps                  | 275          |
|    iterations           | 290          |
|    time_elapsed         | 538          |
|    total_timesteps      | 148480       |
| train/                  |              |
|    approx_kl            | 0.0058760988 |
|    clip_fraction        | 0.0312       |
|    clip_range           | 0.2          |
|    entropy_loss         | -0.291       |
|    explained_variance   | 0.132        |
|    learning_rate        | 0.0003       |
|    loss                 | 3.05         |
|    n_updates            | 1445         |
|    policy_gradient_loss | -0.00763     |
|    value_loss           | 7.01         |
------------------------------------------
-----------------------------------------
| rollout/                |             |
|    ep_len_mean          | 8.46        |
|    ep_rew_mean          | 1.37        |
| time/                   |             |
|    fps                  | 275         |
|    iterations           | 291         |
|    time_elapsed         | 540         |
|    total_timesteps      | 148992      |
| train/                  |             |
|    approx_kl            | 0.006186696 |
|    clip_fraction        | 0.0785      |
|    clip_range           | 0.2         |
|    entropy_loss         | -0.313      |
|    explained_variance   | 0.134       |
|    learning_rate        | 0.0003      |
|    loss                 | 5.65        |
|    n_updates            | 1450        |
|    policy_gradient_loss | -0.00466    |
|    value_loss           | 8.53        |
-----------------------------------------
-----------------------------------------
| rollout/                |             |
|    ep_len_mean          | 5.02        |
|    ep_rew_mean          | 0.805       |
| time/                   |             |
|    fps                  | 275         |
|    iterations           | 292         |
|    time_elapsed         | 541         |
|    total_timesteps      | 149504      |
| train/                  |             |
|    approx_kl            | 0.012611358 |
|    clip_fraction        | 0.0332      |
|    clip_range           | 0.2         |
|    entropy_loss         | -0.328      |
|    explained_variance   | 0.0863      |
|    learning_rate        | 0.0003      |
|    loss                 | 7.44        |
|    n_updates            | 1455        |
|    policy_gradient_loss | 0.00749     |
|    value_loss           | 12.4        |
-----------------------------------------
------------------------------------------
| rollout/                |              |
|    ep_len_mean          | 5.06         |
|    ep_rew_mean          | 0.76         |
| time/                   |              |
|    fps                  | 275          |
|    iterations           | 293          |
|    time_elapsed         | 543          |
|    total_timesteps      | 150016       |
| train/                  |              |
|    approx_kl            | 0.0037801177 |
|    clip_fraction        | 0.0266       |
|    clip_range           | 0.2          |
|    entropy_loss         | -0.326       |
|    explained_variance   | 0.0846       |
|    learning_rate        | 0.0003       |
|    loss                 | 3.45         |
|    n_updates            | 1460         |
|    policy_gradient_loss | -0.0102      |
|    value_loss           | 6.88         |
------------------------------------------
-----------------------------------------
| rollout/                |             |
|    ep_len_mean          | 4.61        |
|    ep_rew_mean          | 0.355       |
| time/                   |             |
|    fps                  | 275         |
|    iterations           | 294         |
|    time_elapsed         | 545         |
|    total_timesteps      | 150528      |
| train/                  |             |
|    approx_kl            | 0.004677141 |
|    clip_fraction        | 0.0383      |
|    clip_range           | 0.2         |
|    entropy_loss         | -0.353      |
|    explained_variance   | 0.0701      |
|    learning_rate        | 0.0003      |
|    loss                 | 3.75        |
|    n_updates            | 1465        |
|    policy_gradient_loss | 0.00475     |
|    value_loss           | 6.63        |
-----------------------------------------
------------------------------------------
| rollout/                |              |
|    ep_len_mean          | 5.25         |
|    ep_rew_mean          | 0.865        |
| time/                   |              |
|    fps                  | 275          |
|    iterations           | 295          |
|    time_elapsed         | 547          |
|    total_timesteps      | 151040       |
| train/                  |              |
|    approx_kl            | 0.0022234167 |
|    clip_fraction        | 0.00547      |
|    clip_range           | 0.2          |
|    entropy_loss         | -0.426       |
|    explained_variance   | 0.0288       |
|    learning_rate        | 0.0003       |
|    loss                 | 2.77         |
|    n_updates            | 1470         |
|    policy_gradient_loss | 0.004        |
|    value_loss           | 5.69         |
------------------------------------------
-----------------------------------------
| rollout/                |             |
|    ep_len_mean          | 6.06        |
|    ep_rew_mean          | 1.12        |
| time/                   |             |
|    fps                  | 275         |
|    iterations           | 296         |
|    time_elapsed         | 549         |
|    total_timesteps      | 151552      |
| train/                  |             |
|    approx_kl            | 0.006648059 |
|    clip_fraction        | 0.0676      |
|    clip_range           | 0.2         |
|    entropy_loss         | -0.393      |
|    explained_variance   | 0.0973      |
|    learning_rate        | 0.0003      |
|    loss                 | 2.08        |
|    n_updates            | 1475        |
|    policy_gradient_loss | -0.00891    |
|    value_loss           | 5.26        |
-----------------------------------------
------------------------------------------
| rollout/                |              |
|    ep_len_mean          | 5.86         |
|    ep_rew_mean          | 0.667        |
| time/                   |              |
|    fps                  | 275          |
|    iterations           | 297          |
|    time_elapsed         | 551          |
|    total_timesteps      | 152064       |
| train/                  |              |
|    approx_kl            | 0.0021225945 |
|    clip_fraction        | 0.0223       |
|    clip_range           | 0.2          |
|    entropy_loss         | -0.382       |
|    explained_variance   | 0.118        |
|    learning_rate        | 0.0003       |
|    loss                 | 2.91         |
|    n_updates            | 1480         |
|    policy_gradient_loss | -0.0111      |
|    value_loss           | 4.83         |
------------------------------------------
-----------------------------------------
| rollout/                |             |
|    ep_len_mean          | 6.07        |
|    ep_rew_mean          | 1.33        |
| time/                   |             |
|    fps                  | 275         |
|    iterations           | 298         |
|    time_elapsed         | 553         |
|    total_timesteps      | 152576      |
| train/                  |             |
|    approx_kl            | 0.014162595 |
|    clip_fraction        | 0.15        |
|    clip_range           | 0.2         |
|    entropy_loss         | -0.385      |
|    explained_variance   | 0.19        |
|    learning_rate        | 0.0003      |
|    loss                 | 1.31        |
|    n_updates            | 1485        |
|    policy_gradient_loss | -0.0187     |
|    value_loss           | 5.82        |
-----------------------------------------
-----------------------------------------
| rollout/                |             |
|    ep_len_mean          | 5.65        |
|    ep_rew_mean          | 1.5         |
| time/                   |             |
|    fps                  | 275         |
|    iterations           | 299         |
|    time_elapsed         | 555         |
|    total_timesteps      | 153088      |
| train/                  |             |
|    approx_kl            | 0.002073849 |
|    clip_fraction        | 0.00781     |
|    clip_range           | 0.2         |
|    entropy_loss         | -0.334      |
|    explained_variance   | 0.162       |
|    learning_rate        | 0.0003      |
|    loss                 | 2.68        |
|    n_updates            | 1490        |
|    policy_gradient_loss | -0.00668    |
|    value_loss           | 4.34        |
-----------------------------------------
------------------------------------------
| rollout/                |              |
|    ep_len_mean          | 6.78         |
|    ep_rew_mean          | 1.68         |
| time/                   |              |
|    fps                  | 275          |
|    iterations           | 300          |
|    time_elapsed         | 557          |
|    total_timesteps      | 153600       |
| train/                  |              |
|    approx_kl            | 0.0035024849 |
|    clip_fraction        | 0.0285       |
|    clip_range           | 0.2          |
|    entropy_loss         | -0.32        |
|    explained_variance   | 0.191        |
|    learning_rate        | 0.0003       |
|    loss                 | 1.76         |
|    n_updates            | 1495         |
|    policy_gradient_loss | -0.0134      |
|    value_loss           | 4.26         |
------------------------------------------
------------------------------------------
| rollout/                |              |
|    ep_len_mean          | 7.88         |
|    ep_rew_mean          | 2.46         |
| time/                   |              |
|    fps                  | 275          |
|    iterations           | 301          |
|    time_elapsed         | 559          |
|    total_timesteps      | 154112       |
| train/                  |              |
|    approx_kl            | 0.0016987588 |
|    clip_fraction        | 0.00195      |
|    clip_range           | 0.2          |
|    entropy_loss         | -0.308       |
|    explained_variance   | 0.16         |
|    learning_rate        | 0.0003       |
|    loss                 | 2.62         |
|    n_updates            | 1500         |
|    policy_gradient_loss | -0.00279     |
|    value_loss           | 7.84         |
------------------------------------------
------------------------------------------
| rollout/                |              |
|    ep_len_mean          | 7.95         |
|    ep_rew_mean          | 1.96         |
| time/                   |              |
|    fps                  | 275          |
|    iterations           | 302          |
|    time_elapsed         | 561          |
|    total_timesteps      | 154624       |
| train/                  |              |
|    approx_kl            | 0.0011290583 |
|    clip_fraction        | 0.0137       |
|    clip_range           | 0.2          |
|    entropy_loss         | -0.267       |
|    explained_variance   | 0.218        |
|    learning_rate        | 0.0003       |
|    loss                 | 2.43         |
|    n_updates            | 1505         |
|    policy_gradient_loss | -0.0107      |
|    value_loss           | 6.07         |
------------------------------------------
------------------------------------------
| rollout/                |              |
|    ep_len_mean          | 7.62         |
|    ep_rew_mean          | 1.8          |
| time/                   |              |
|    fps                  | 275          |
|    iterations           | 303          |
|    time_elapsed         | 562          |
|    total_timesteps      | 155136       |
| train/                  |              |
|    approx_kl            | 0.0011222805 |
|    clip_fraction        | 0.00898      |
|    clip_range           | 0.2          |
|    entropy_loss         | -0.258       |
|    explained_variance   | 0.113        |
|    learning_rate        | 0.0003       |
|    loss                 | 3.46         |
|    n_updates            | 1510         |
|    policy_gradient_loss | -0.00787     |
|    value_loss           | 8.28         |
------------------------------------------
------------------------------------------
| rollout/                |              |
|    ep_len_mean          | 8.86         |
|    ep_rew_mean          | 2.05         |
| time/                   |              |
|    fps                  | 275          |
|    iterations           | 304          |
|    time_elapsed         | 564          |
|    total_timesteps      | 155648       |
| train/                  |              |
|    approx_kl            | 0.0014648489 |
|    clip_fraction        | 0.00195      |
|    clip_range           | 0.2          |
|    entropy_loss         | -0.27        |
|    explained_variance   | 0.185        |
|    learning_rate        | 0.0003       |
|    loss                 | 3.85         |
|    n_updates            | 1515         |
|    policy_gradient_loss | -0.00244     |
|    value_loss           | 6.37         |
------------------------------------------
-------------------------------------------
| rollout/                |               |
|    ep_len_mean          | 8.15          |
|    ep_rew_mean          | 1.71          |
| time/                   |               |
|    fps                  | 275           |
|    iterations           | 305           |
|    time_elapsed         | 566           |
|    total_timesteps      | 156160        |
| train/                  |               |
|    approx_kl            | 0.00068855163 |
|    clip_fraction        | 0.00273       |
|    clip_range           | 0.2           |
|    entropy_loss         | -0.244        |
|    explained_variance   | 0.0674        |
|    learning_rate        | 0.0003        |
|    loss                 | 9.49          |
|    n_updates            | 1520          |
|    policy_gradient_loss | 0.00209       |
|    value_loss           | 18.8          |
-------------------------------------------
------------------------------------------
| rollout/                |              |
|    ep_len_mean          | 8.87         |
|    ep_rew_mean          | 1.66         |
| time/                   |              |
|    fps                  | 275          |
|    iterations           | 306          |
|    time_elapsed         | 568          |
|    total_timesteps      | 156672       |
| train/                  |              |
|    approx_kl            | 0.0008773587 |
|    clip_fraction        | 0.00781      |
|    clip_range           | 0.2          |
|    entropy_loss         | -0.259       |
|    explained_variance   | 0.0887       |
|    learning_rate        | 0.0003       |
|    loss                 | 4            |
|    n_updates            | 1525         |
|    policy_gradient_loss | -0.00494     |
|    value_loss           | 9            |
------------------------------------------
----------------------------------------
| rollout/                |            |
|    ep_len_mean          | 8.4        |
|    ep_rew_mean          | 1.92       |
| time/                   |            |
|    fps                  | 275        |
|    iterations           | 307        |
|    time_elapsed         | 569        |
|    total_timesteps      | 157184     |
| train/                  |            |
|    approx_kl            | 0.01221955 |
|    clip_fraction        | 0.0957     |
|    clip_range           | 0.2        |
|    entropy_loss         | -0.286     |
|    explained_variance   | 0.0975     |
|    learning_rate        | 0.0003     |
|    loss                 | 7.53       |
|    n_updates            | 1530       |
|    policy_gradient_loss | 0.00278    |
|    value_loss           | 14.3       |
----------------------------------------
-------------------------------------------
| rollout/                |               |
|    ep_len_mean          | 6.88          |
|    ep_rew_mean          | 2.16          |
| time/                   |               |
|    fps                  | 275           |
|    iterations           | 308           |
|    time_elapsed         | 571           |
|    total_timesteps      | 157696        |
| train/                  |               |
|    approx_kl            | 0.00018285727 |
|    clip_fraction        | 0             |
|    clip_range           | 0.2           |
|    entropy_loss         | -0.28         |
|    explained_variance   | 0.112         |
|    learning_rate        | 0.0003        |
|    loss                 | 4.21          |
|    n_updates            | 1535          |
|    policy_gradient_loss | 0.000396      |
|    value_loss           | 9.59          |
-------------------------------------------
-----------------------------------------
| rollout/                |             |
|    ep_len_mean          | 7.86        |
|    ep_rew_mean          | 2.18        |
| time/                   |             |
|    fps                  | 276         |
|    iterations           | 309         |
|    time_elapsed         | 573         |
|    total_timesteps      | 158208      |
| train/                  |             |
|    approx_kl            | 0.004175013 |
|    clip_fraction        | 0.0441      |
|    clip_range           | 0.2         |
|    entropy_loss         | -0.267      |
|    explained_variance   | 0.253       |
|    learning_rate        | 0.0003      |
|    loss                 | 3.13        |
|    n_updates            | 1540        |
|    policy_gradient_loss | -0.0119     |
|    value_loss           | 4.97        |
-----------------------------------------
------------------------------------------
| rollout/                |              |
|    ep_len_mean          | 7.46         |
|    ep_rew_mean          | 1.54         |
| time/                   |              |
|    fps                  | 276          |
|    iterations           | 310          |
|    time_elapsed         | 574          |
|    total_timesteps      | 158720       |
| train/                  |              |
|    approx_kl            | 0.0025183253 |
|    clip_fraction        | 0.0117       |
|    clip_range           | 0.2          |
|    entropy_loss         | -0.261       |
|    explained_variance   | 0.116        |
|    learning_rate        | 0.0003       |
|    loss                 | 6.84         |
|    n_updates            | 1545         |
|    policy_gradient_loss | -0.00808     |
|    value_loss           | 10.7         |
------------------------------------------
------------------------------------------
| rollout/                |              |
|    ep_len_mean          | 8.15         |
|    ep_rew_mean          | 1.76         |
| time/                   |              |
|    fps                  | 276          |
|    iterations           | 311          |
|    time_elapsed         | 576          |
|    total_timesteps      | 159232       |
| train/                  |              |
|    approx_kl            | 0.0019320725 |
|    clip_fraction        | 0.00703      |
|    clip_range           | 0.2          |
|    entropy_loss         | -0.265       |
|    explained_variance   | 0.0778       |
|    learning_rate        | 0.0003       |
|    loss                 | 4.79         |
|    n_updates            | 1550         |
|    policy_gradient_loss | -0.00651     |
|    value_loss           | 10.4         |
------------------------------------------
-----------------------------------------
| rollout/                |             |
|    ep_len_mean          | 9.99        |
|    ep_rew_mean          | 2.64        |
| time/                   |             |
|    fps                  | 276         |
|    iterations           | 312         |
|    time_elapsed         | 578         |
|    total_timesteps      | 159744      |
| train/                  |             |
|    approx_kl            | 0.002872613 |
|    clip_fraction        | 0.0277      |
|    clip_range           | 0.2         |
|    entropy_loss         | -0.239      |
|    explained_variance   | 0.104       |
|    learning_rate        | 0.0003      |
|    loss                 | 3.76        |
|    n_updates            | 1555        |
|    policy_gradient_loss | -0.00994    |
|    value_loss           | 9.04        |
-----------------------------------------
------------------------------------------
| rollout/                |              |
|    ep_len_mean          | 10.1         |
|    ep_rew_mean          | 2.95         |
| time/                   |              |
|    fps                  | 276          |
|    iterations           | 313          |
|    time_elapsed         | 580          |
|    total_timesteps      | 160256       |
| train/                  |              |
|    approx_kl            | 0.0012581961 |
|    clip_fraction        | 0.00586      |
|    clip_range           | 0.2          |
|    entropy_loss         | -0.255       |
|    explained_variance   | 0.126        |
|    learning_rate        | 0.0003       |
|    loss                 | 9.63         |
|    n_updates            | 1560         |
|    policy_gradient_loss | 0.003        |
|    value_loss           | 15.9         |
------------------------------------------
-----------------------------------------
| rollout/                |             |
|    ep_len_mean          | 10.7        |
|    ep_rew_mean          | 3.14        |
| time/                   |             |
|    fps                  | 276         |
|    iterations           | 314         |
|    time_elapsed         | 581         |
|    total_timesteps      | 160768      |
| train/                  |             |
|    approx_kl            | 0.006584339 |
|    clip_fraction        | 0.052       |
|    clip_range           | 0.2         |
|    entropy_loss         | -0.219      |
|    explained_variance   | 0.0622      |
|    learning_rate        | 0.0003      |
|    loss                 | 6.53        |
|    n_updates            | 1565        |
|    policy_gradient_loss | -0.0166     |
|    value_loss           | 9.7         |
-----------------------------------------
------------------------------------------
| rollout/                |              |
|    ep_len_mean          | 11.8         |
|    ep_rew_mean          | 2.92         |
| time/                   |              |
|    fps                  | 276          |
|    iterations           | 315          |
|    time_elapsed         | 583          |
|    total_timesteps      | 161280       |
| train/                  |              |
|    approx_kl            | 0.0009769772 |
|    clip_fraction        | 0.00742      |
|    clip_range           | 0.2          |
|    entropy_loss         | -0.192       |
|    explained_variance   | 0.142        |
|    learning_rate        | 0.0003       |
|    loss                 | 5.15         |
|    n_updates            | 1570         |
|    policy_gradient_loss | -0.00466     |
|    value_loss           | 11           |
------------------------------------------
-------------------------------------------
| rollout/                |               |
|    ep_len_mean          | 12.5          |
|    ep_rew_mean          | 2.88          |
| time/                   |               |
|    fps                  | 276           |
|    iterations           | 316           |
|    time_elapsed         | 585           |
|    total_timesteps      | 161792        |
| train/                  |               |
|    approx_kl            | 0.00032331352 |
|    clip_fraction        | 0             |
|    clip_range           | 0.2           |
|    entropy_loss         | -0.198        |
|    explained_variance   | 0.162         |
|    learning_rate        | 0.0003        |
|    loss                 | 4.66          |
|    n_updates            | 1575          |
|    policy_gradient_loss | 0.000737      |
|    value_loss           | 10.7          |
-------------------------------------------
-------------------------------------------
| rollout/                |               |
|    ep_len_mean          | 13.5          |
|    ep_rew_mean          | 3.48          |
| time/                   |               |
|    fps                  | 276           |
|    iterations           | 317           |
|    time_elapsed         | 586           |
|    total_timesteps      | 162304        |
| train/                  |               |
|    approx_kl            | 0.00044473354 |
|    clip_fraction        | 0.00117       |
|    clip_range           | 0.2           |
|    entropy_loss         | -0.202        |
|    explained_variance   | 0.11          |
|    learning_rate        | 0.0003        |
|    loss                 | 4.76          |
|    n_updates            | 1580          |
|    policy_gradient_loss | -0.000505     |
|    value_loss           | 10.3          |
-------------------------------------------
------------------------------------------
| rollout/                |              |
|    ep_len_mean          | 15.1         |
|    ep_rew_mean          | 4.18         |
| time/                   |              |
|    fps                  | 276          |
|    iterations           | 318          |
|    time_elapsed         | 588          |
|    total_timesteps      | 162816       |
| train/                  |              |
|    approx_kl            | 0.0013724504 |
|    clip_fraction        | 0.00586      |
|    clip_range           | 0.2          |
|    entropy_loss         | -0.161       |
|    explained_variance   | 0.0672       |
|    learning_rate        | 0.0003       |
|    loss                 | 5.61         |
|    n_updates            | 1585         |
|    policy_gradient_loss | -0.00552     |
|    value_loss           | 9.09         |
------------------------------------------
------------------------------------------
| rollout/                |              |
|    ep_len_mean          | 14.6         |
|    ep_rew_mean          | 4.3          |
| time/                   |              |
|    fps                  | 277          |
|    iterations           | 319          |
|    time_elapsed         | 589          |
|    total_timesteps      | 163328       |
| train/                  |              |
|    approx_kl            | 0.0034578743 |
|    clip_fraction        | 0.0199       |
|    clip_range           | 0.2          |
|    entropy_loss         | -0.208       |
|    explained_variance   | 0.138        |
|    learning_rate        | 0.0003       |
|    loss                 | 7.29         |
|    n_updates            | 1590         |
|    policy_gradient_loss | 0.00434      |
|    value_loss           | 16.6         |
------------------------------------------
-------------------------------------------
| rollout/                |               |
|    ep_len_mean          | 10.6          |
|    ep_rew_mean          | 2.99          |
| time/                   |               |
|    fps                  | 277           |
|    iterations           | 320           |
|    time_elapsed         | 591           |
|    total_timesteps      | 163840        |
| train/                  |               |
|    approx_kl            | 0.00065285014 |
|    clip_fraction        | 0.00469       |
|    clip_range           | 0.2           |
|    entropy_loss         | -0.242        |
|    explained_variance   | 0.271         |
|    learning_rate        | 0.0003        |
|    loss                 | 3.19          |
|    n_updates            | 1595          |
|    policy_gradient_loss | 0.00284       |
|    value_loss           | 7.99          |
-------------------------------------------
------------------------------------------
| rollout/                |              |
|    ep_len_mean          | 10.1         |
|    ep_rew_mean          | 2.08         |
| time/                   |              |
|    fps                  | 277          |
|    iterations           | 321          |
|    time_elapsed         | 592          |
|    total_timesteps      | 164352       |
| train/                  |              |
|    approx_kl            | 0.0015022443 |
|    clip_fraction        | 0.00937      |
|    clip_range           | 0.2          |
|    entropy_loss         | -0.199       |
|    explained_variance   | 0.165        |
|    learning_rate        | 0.0003       |
|    loss                 | 5.17         |
|    n_updates            | 1600         |
|    policy_gradient_loss | -0.00596     |
|    value_loss           | 9.83         |
------------------------------------------
-----------------------------------------
| rollout/                |             |
|    ep_len_mean          | 9.95        |
|    ep_rew_mean          | 2.31        |
| time/                   |             |
|    fps                  | 277         |
|    iterations           | 322         |
|    time_elapsed         | 594         |
|    total_timesteps      | 164864      |
| train/                  |             |
|    approx_kl            | 0.013093407 |
|    clip_fraction        | 0.102       |
|    clip_range           | 0.2         |
|    entropy_loss         | -0.263      |
|    explained_variance   | 0.167       |
|    learning_rate        | 0.0003      |
|    loss                 | 6.26        |
|    n_updates            | 1605        |
|    policy_gradient_loss | 0.00295     |
|    value_loss           | 13.8        |
-----------------------------------------
----------------------------------------
| rollout/                |            |
|    ep_len_mean          | 8.39       |
|    ep_rew_mean          | 2.45       |
| time/                   |            |
|    fps                  | 277        |
|    iterations           | 323        |
|    time_elapsed         | 596        |
|    total_timesteps      | 165376     |
| train/                  |            |
|    approx_kl            | 0.00297098 |
|    clip_fraction        | 0.0215     |
|    clip_range           | 0.2        |
|    entropy_loss         | -0.203     |
|    explained_variance   | 0.322      |
|    learning_rate        | 0.0003     |
|    loss                 | 3.64       |
|    n_updates            | 1610       |
|    policy_gradient_loss | -0.00524   |
|    value_loss           | 5.7        |
----------------------------------------
-------------------------------------------
| rollout/                |               |
|    ep_len_mean          | 9.35          |
|    ep_rew_mean          | 3             |
| time/                   |               |
|    fps                  | 277           |
|    iterations           | 324           |
|    time_elapsed         | 597           |
|    total_timesteps      | 165888        |
| train/                  |               |
|    approx_kl            | 0.00075984746 |
|    clip_fraction        | 0.00273       |
|    clip_range           | 0.2           |
|    entropy_loss         | -0.255        |
|    explained_variance   | 0.26          |
|    learning_rate        | 0.0003        |
|    loss                 | 4.81          |
|    n_updates            | 1615          |
|    policy_gradient_loss | -0.00323      |
|    value_loss           | 8.77          |
-------------------------------------------
------------------------------------------
| rollout/                |              |
|    ep_len_mean          | 10.1         |
|    ep_rew_mean          | 3.05         |
| time/                   |              |
|    fps                  | 277          |
|    iterations           | 325          |
|    time_elapsed         | 599          |
|    total_timesteps      | 166400       |
| train/                  |              |
|    approx_kl            | 0.0028399436 |
|    clip_fraction        | 0.0469       |
|    clip_range           | 0.2          |
|    entropy_loss         | -0.181       |
|    explained_variance   | 0.0873       |
|    learning_rate        | 0.0003       |
|    loss                 | 6.68         |
|    n_updates            | 1620         |
|    policy_gradient_loss | -0.0125      |
|    value_loss           | 11.8         |
------------------------------------------
-----------------------------------------
| rollout/                |             |
|    ep_len_mean          | 10.7        |
|    ep_rew_mean          | 2.68        |
| time/                   |             |
|    fps                  | 277         |
|    iterations           | 326         |
|    time_elapsed         | 601         |
|    total_timesteps      | 166912      |
| train/                  |             |
|    approx_kl            | 0.001693528 |
|    clip_fraction        | 0.0215      |
|    clip_range           | 0.2         |
|    entropy_loss         | -0.175      |
|    explained_variance   | 0.216       |
|    learning_rate        | 0.0003      |
|    loss                 | 4.8         |
|    n_updates            | 1625        |
|    policy_gradient_loss | -0.00408    |
|    value_loss           | 10.6        |
-----------------------------------------
-------------------------------------------
| rollout/                |               |
|    ep_len_mean          | 12.1          |
|    ep_rew_mean          | 2.73          |
| time/                   |               |
|    fps                  | 277           |
|    iterations           | 327           |
|    time_elapsed         | 602           |
|    total_timesteps      | 167424        |
| train/                  |               |
|    approx_kl            | 0.00010428758 |
|    clip_fraction        | 0             |
|    clip_range           | 0.2           |
|    entropy_loss         | -0.168        |
|    explained_variance   | 0.171         |
|    learning_rate        | 0.0003        |
|    loss                 | 5.98          |
|    n_updates            | 1630          |
|    policy_gradient_loss | -0.00135      |
|    value_loss           | 12.1          |
-------------------------------------------
------------------------------------------
| rollout/                |              |
|    ep_len_mean          | 10.8         |
|    ep_rew_mean          | 3.35         |
| time/                   |              |
|    fps                  | 277          |
|    iterations           | 328          |
|    time_elapsed         | 604          |
|    total_timesteps      | 167936       |
| train/                  |              |
|    approx_kl            | 0.0058973725 |
|    clip_fraction        | 0.0293       |
|    clip_range           | 0.2          |
|    entropy_loss         | -0.18        |
|    explained_variance   | 0.166        |
|    learning_rate        | 0.0003       |
|    loss                 | 8.14         |
|    n_updates            | 1635         |
|    policy_gradient_loss | 0.00244      |
|    value_loss           | 13.1         |
------------------------------------------
------------------------------------------
| rollout/                |              |
|    ep_len_mean          | 9.03         |
|    ep_rew_mean          | 3.11         |
| time/                   |              |
|    fps                  | 277          |
|    iterations           | 329          |
|    time_elapsed         | 606          |
|    total_timesteps      | 168448       |
| train/                  |              |
|    approx_kl            | 0.0019304865 |
|    clip_fraction        | 0.0148       |
|    clip_range           | 0.2          |
|    entropy_loss         | -0.206       |
|    explained_variance   | 0.424        |
|    learning_rate        | 0.0003       |
|    loss                 | 2.25         |
|    n_updates            | 1640         |
|    policy_gradient_loss | -0.00914     |
|    value_loss           | 5.48         |
------------------------------------------
------------------------------------------
| rollout/                |              |
|    ep_len_mean          | 8.94         |
|    ep_rew_mean          | 2.65         |
| time/                   |              |
|    fps                  | 278          |
|    iterations           | 330          |
|    time_elapsed         | 607          |
|    total_timesteps      | 168960       |
| train/                  |              |
|    approx_kl            | 0.0024768226 |
|    clip_fraction        | 0.016        |
|    clip_range           | 0.2          |
|    entropy_loss         | -0.214       |
|    explained_variance   | 0.292        |
|    learning_rate        | 0.0003       |
|    loss                 | 3.35         |
|    n_updates            | 1645         |
|    policy_gradient_loss | -0.000887    |
|    value_loss           | 9.51         |
------------------------------------------
------------------------------------------
| rollout/                |              |
|    ep_len_mean          | 10.2         |
|    ep_rew_mean          | 3.3          |
| time/                   |              |
|    fps                  | 278          |
|    iterations           | 331          |
|    time_elapsed         | 609          |
|    total_timesteps      | 169472       |
| train/                  |              |
|    approx_kl            | 0.0018311599 |
|    clip_fraction        | 0.00898      |
|    clip_range           | 0.2          |
|    entropy_loss         | -0.212       |
|    explained_variance   | 0.228        |
|    learning_rate        | 0.0003       |
|    loss                 | 6.67         |
|    n_updates            | 1650         |
|    policy_gradient_loss | 0.00123      |
|    value_loss           | 11.3         |
------------------------------------------
------------------------------------------
| rollout/                |              |
|    ep_len_mean          | 10.8         |
|    ep_rew_mean          | 3.7          |
| time/                   |              |
|    fps                  | 278          |
|    iterations           | 332          |
|    time_elapsed         | 611          |
|    total_timesteps      | 169984       |
| train/                  |              |
|    approx_kl            | 0.0043459716 |
|    clip_fraction        | 0.0406       |
|    clip_range           | 0.2          |
|    entropy_loss         | -0.214       |
|    explained_variance   | 0.319        |
|    learning_rate        | 0.0003       |
|    loss                 | 2.99         |
|    n_updates            | 1655         |
|    policy_gradient_loss | -0.00742     |
|    value_loss           | 6.63         |
------------------------------------------
------------------------------------------
| rollout/                |              |
|    ep_len_mean          | 11.7         |
|    ep_rew_mean          | 3.42         |
| time/                   |              |
|    fps                  | 278          |
|    iterations           | 333          |
|    time_elapsed         | 612          |
|    total_timesteps      | 170496       |
| train/                  |              |
|    approx_kl            | 0.0017906707 |
|    clip_fraction        | 0.0113       |
|    clip_range           | 0.2          |
|    entropy_loss         | -0.181       |
|    explained_variance   | 0.252        |
|    learning_rate        | 0.0003       |
|    loss                 | 2.83         |
|    n_updates            | 1660         |
|    policy_gradient_loss | -0.00334     |
|    value_loss           | 7.85         |
------------------------------------------
------------------------------------------
| rollout/                |              |
|    ep_len_mean          | 11.6         |
|    ep_rew_mean          | 3.02         |
| time/                   |              |
|    fps                  | 278          |
|    iterations           | 334          |
|    time_elapsed         | 614          |
|    total_timesteps      | 171008       |
| train/                  |              |
|    approx_kl            | 0.0025898651 |
|    clip_fraction        | 0.0152       |
|    clip_range           | 0.2          |
|    entropy_loss         | -0.176       |
|    explained_variance   | 0.0977       |
|    learning_rate        | 0.0003       |
|    loss                 | 5.74         |
|    n_updates            | 1665         |
|    policy_gradient_loss | -0.00468     |
|    value_loss           | 10.8         |
------------------------------------------
