/home/andrew/Documents/docs/2-resolver-problema/process-mining/prescriptive-process-monitoring/timing-explanations-pspm/.venv/lib/python3.14/site-packages/stable_baselines3/common/on_policy_algorithm.py:150: UserWarning: You are trying to run PPO on the GPU, but it is primarily intended to run on the CPU when not using a CNN policy (you are using ActorCriticPolicy which should be a MlpPolicy). See https://github.com/DLR-RM/stable-baselines3/issues/1245 for more info. You can pass `device='cpu'` or `export CUDA_VISIBLE_DEVICES=` to force using the CPU.Note: The model will train, but the GPU utilization will be poor and the training might take longer than on CPU.
  warnings.warn(
Loading env from data/retrained_state_bpic2012.csv ...
Training PPO for 300,000 timesteps (seed=42) ...
Using cuda device
Wrapping the env in a DummyVecEnv.
---------------------------------
| rollout/           |          |
|    ep_len_mean     | 2.04     |
|    ep_rew_mean     | -0.115   |
| time/              |          |
|    fps             | 278      |
|    iterations      | 1        |
|    time_elapsed    | 1        |
|    total_timesteps | 512      |
---------------------------------
-----------------------------------------
| rollout/                |             |
|    ep_len_mean          | 2.13        |
|    ep_rew_mean          | -0.11       |
| time/                   |             |
|    fps                  | 270         |
|    iterations           | 2           |
|    time_elapsed         | 3           |
|    total_timesteps      | 1024        |
| train/                  |             |
|    approx_kl            | 0.017670745 |
|    clip_fraction        | 0.28        |
|    clip_range           | 0.2         |
|    entropy_loss         | -0.68       |
|    explained_variance   | 0.000475    |
|    learning_rate        | 0.0003      |
|    loss                 | 0.0554      |
|    n_updates            | 5           |
|    policy_gradient_loss | -0.0448     |
|    value_loss           | 0.81        |
-----------------------------------------
-----------------------------------------
| rollout/                |             |
|    ep_len_mean          | 3.09        |
|    ep_rew_mean          | 0.1         |
| time/                   |             |
|    fps                  | 281         |
|    iterations           | 3           |
|    time_elapsed         | 5           |
|    total_timesteps      | 1536        |
| train/                  |             |
|    approx_kl            | 0.022496935 |
|    clip_fraction        | 0.093       |
|    clip_range           | 0.2         |
|    entropy_loss         | -0.648      |
|    explained_variance   | 0.00681     |
|    learning_rate        | 0.0003      |
|    loss                 | 0.294       |
|    n_updates            | 10          |
|    policy_gradient_loss | -0.0272     |
|    value_loss           | 0.935       |
-----------------------------------------
-----------------------------------------
| rollout/                |             |
|    ep_len_mean          | 3.62        |
|    ep_rew_mean          | -0.16       |
| time/                   |             |
|    fps                  | 285         |
|    iterations           | 4           |
|    time_elapsed         | 7           |
|    total_timesteps      | 2048        |
| train/                  |             |
|    approx_kl            | 0.003327762 |
|    clip_fraction        | 0           |
|    clip_range           | 0.2         |
|    entropy_loss         | -0.607      |
|    explained_variance   | 0.0142      |
|    learning_rate        | 0.0003      |
|    loss                 | 1.23        |
|    n_updates            | 15          |
|    policy_gradient_loss | -0.0105     |
|    value_loss           | 3.38        |
-----------------------------------------
------------------------------------------
| rollout/                |              |
|    ep_len_mean          | 4.01         |
|    ep_rew_mean          | 0.385        |
| time/                   |              |
|    fps                  | 288          |
|    iterations           | 5            |
|    time_elapsed         | 8            |
|    total_timesteps      | 2560         |
| train/                  |              |
|    approx_kl            | 0.0049787834 |
|    clip_fraction        | 0.0344       |
|    clip_range           | 0.2          |
|    entropy_loss         | -0.553       |
|    explained_variance   | -0.00485     |
|    learning_rate        | 0.0003       |
|    loss                 | 1.65         |
|    n_updates            | 20           |
|    policy_gradient_loss | -0.0149      |
|    value_loss           | 3.59         |
------------------------------------------
-----------------------------------------
| rollout/                |             |
|    ep_len_mean          | 3.8         |
|    ep_rew_mean          | 0.125       |
| time/                   |             |
|    fps                  | 290         |
|    iterations           | 6           |
|    time_elapsed         | 10          |
|    total_timesteps      | 3072        |
| train/                  |             |
|    approx_kl            | 0.005929956 |
|    clip_fraction        | 0.0465      |
|    clip_range           | 0.2         |
|    entropy_loss         | -0.547      |
|    explained_variance   | 0.0414      |
|    learning_rate        | 0.0003      |
|    loss                 | 1.93        |
|    n_updates            | 25          |
|    policy_gradient_loss | -0.00564    |
|    value_loss           | 3.85        |
-----------------------------------------
------------------------------------------
| rollout/                |              |
|    ep_len_mean          | 4.4          |
|    ep_rew_mean          | 0.95         |
| time/                   |              |
|    fps                  | 293          |
|    iterations           | 7            |
|    time_elapsed         | 12           |
|    total_timesteps      | 3584         |
| train/                  |              |
|    approx_kl            | 0.0018582898 |
|    clip_fraction        | 0.0254       |
|    clip_range           | 0.2          |
|    entropy_loss         | -0.494       |
|    explained_variance   | 0.0273       |
|    learning_rate        | 0.0003       |
|    loss                 | 2.54         |
|    n_updates            | 30           |
|    policy_gradient_loss | -0.0133      |
|    value_loss           | 2.93         |
------------------------------------------
------------------------------------------
| rollout/                |              |
|    ep_len_mean          | 4.33         |
|    ep_rew_mean          | 0.71         |
| time/                   |              |
|    fps                  | 294          |
|    iterations           | 8            |
|    time_elapsed         | 13           |
|    total_timesteps      | 4096         |
| train/                  |              |
|    approx_kl            | 0.0054080733 |
|    clip_fraction        | 0.0547       |
|    clip_range           | 0.2          |
|    entropy_loss         | -0.442       |
|    explained_variance   | 0.0892       |
|    learning_rate        | 0.0003       |
|    loss                 | 1.16         |
|    n_updates            | 35           |
|    policy_gradient_loss | -0.0261      |
|    value_loss           | 3.04         |
------------------------------------------
------------------------------------------
| rollout/                |              |
|    ep_len_mean          | 5.84         |
|    ep_rew_mean          | 1.24         |
| time/                   |              |
|    fps                  | 294          |
|    iterations           | 9            |
|    time_elapsed         | 15           |
|    total_timesteps      | 4608         |
| train/                  |              |
|    approx_kl            | 0.0050423844 |
|    clip_fraction        | 0.0457       |
|    clip_range           | 0.2          |
|    entropy_loss         | -0.424       |
|    explained_variance   | 0.13         |
|    learning_rate        | 0.0003       |
|    loss                 | 1.84         |
|    n_updates            | 40           |
|    policy_gradient_loss | -0.0237      |
|    value_loss           | 3.78         |
------------------------------------------
------------------------------------------
| rollout/                |              |
|    ep_len_mean          | 6.89         |
|    ep_rew_mean          | 0.578        |
| time/                   |              |
|    fps                  | 295          |
|    iterations           | 10           |
|    time_elapsed         | 17           |
|    total_timesteps      | 5120         |
| train/                  |              |
|    approx_kl            | 0.0035629834 |
|    clip_fraction        | 0.0316       |
|    clip_range           | 0.2          |
|    entropy_loss         | -0.36        |
|    explained_variance   | 0.0807       |
|    learning_rate        | 0.0003       |
|    loss                 | 2.73         |
|    n_updates            | 45           |
|    policy_gradient_loss | -0.0146      |
|    value_loss           | 6.5          |
------------------------------------------
----------------------------------------
| rollout/                |            |
|    ep_len_mean          | 5.4        |
|    ep_rew_mean          | 0.61       |
| time/                   |            |
|    fps                  | 296        |
|    iterations           | 11         |
|    time_elapsed         | 18         |
|    total_timesteps      | 5632       |
| train/                  |            |
|    approx_kl            | 0.00614026 |
|    clip_fraction        | 0.034      |
|    clip_range           | 0.2        |
|    entropy_loss         | -0.375     |
|    explained_variance   | 0.0543     |
|    learning_rate        | 0.0003     |
|    loss                 | 4.5        |
|    n_updates            | 50         |
|    policy_gradient_loss | 0.00185    |
|    value_loss           | 11.6       |
----------------------------------------
----------------------------------------
| rollout/                |            |
|    ep_len_mean          | 6.4        |
|    ep_rew_mean          | 1.35       |
| time/                   |            |
|    fps                  | 298        |
|    iterations           | 12         |
|    time_elapsed         | 20         |
|    total_timesteps      | 6144       |
| train/                  |            |
|    approx_kl            | 0.00466518 |
|    clip_fraction        | 0.0203     |
|    clip_range           | 0.2        |
|    entropy_loss         | -0.434     |
|    explained_variance   | 0.203      |
|    learning_rate        | 0.0003     |
|    loss                 | 1.63       |
|    n_updates            | 55         |
|    policy_gradient_loss | -0.00286   |
|    value_loss           | 3.54       |
----------------------------------------
-----------------------------------------
| rollout/                |             |
|    ep_len_mean          | 6.66        |
|    ep_rew_mean          | 1.44        |
| time/                   |             |
|    fps                  | 298         |
|    iterations           | 13          |
|    time_elapsed         | 22          |
|    total_timesteps      | 6656        |
| train/                  |             |
|    approx_kl            | 0.002957681 |
|    clip_fraction        | 0.0293      |
|    clip_range           | 0.2         |
|    entropy_loss         | -0.342      |
|    explained_variance   | 0.107       |
|    learning_rate        | 0.0003      |
|    loss                 | 5.08        |
|    n_updates            | 60          |
|    policy_gradient_loss | -0.014      |
|    value_loss           | 7.75        |
-----------------------------------------
-----------------------------------------
| rollout/                |             |
|    ep_len_mean          | 4.9         |
|    ep_rew_mean          | 0.882       |
| time/                   |             |
|    fps                  | 299         |
|    iterations           | 14          |
|    time_elapsed         | 23          |
|    total_timesteps      | 7168        |
| train/                  |             |
|    approx_kl            | 0.005330342 |
|    clip_fraction        | 0.0266      |
|    clip_range           | 0.2         |
|    entropy_loss         | -0.388      |
|    explained_variance   | 0.189       |
|    learning_rate        | 0.0003      |
|    loss                 | 4.26        |
|    n_updates            | 65          |
|    policy_gradient_loss | 0.00199     |
|    value_loss           | 11.6        |
-----------------------------------------
----------------------------------------
| rollout/                |            |
|    ep_len_mean          | 5.53       |
|    ep_rew_mean          | 0.823      |
| time/                   |            |
|    fps                  | 300        |
|    iterations           | 15         |
|    time_elapsed         | 25         |
|    total_timesteps      | 7680       |
| train/                  |            |
|    approx_kl            | 0.00401792 |
|    clip_fraction        | 0.018      |
|    clip_range           | 0.2        |
|    entropy_loss         | -0.38      |
|    explained_variance   | 0.163      |
|    learning_rate        | 0.0003     |
|    loss                 | 1.57       |
|    n_updates            | 70         |
|    policy_gradient_loss | -0.0113    |
|    value_loss           | 5.71       |
----------------------------------------
-------------------------------------------
| rollout/                |               |
|    ep_len_mean          | 5.88          |
|    ep_rew_mean          | 1.28          |
| time/                   |               |
|    fps                  | 302           |
|    iterations           | 16            |
|    time_elapsed         | 27            |
|    total_timesteps      | 8192          |
| train/                  |               |
|    approx_kl            | 0.00010467996 |
|    clip_fraction        | 0             |
|    clip_range           | 0.2           |
|    entropy_loss         | -0.358        |
|    explained_variance   | 0.177         |
|    learning_rate        | 0.0003        |
|    loss                 | 4.05          |
|    n_updates            | 75            |
|    policy_gradient_loss | -0.000791     |
|    value_loss           | 9.43          |
-------------------------------------------
-----------------------------------------
| rollout/                |             |
|    ep_len_mean          | 7.51        |
|    ep_rew_mean          | 2.38        |
| time/                   |             |
|    fps                  | 303         |
|    iterations           | 17          |
|    time_elapsed         | 28          |
|    total_timesteps      | 8704        |
| train/                  |             |
|    approx_kl            | 0.002267128 |
|    clip_fraction        | 0.018       |
|    clip_range           | 0.2         |
|    entropy_loss         | -0.331      |
|    explained_variance   | 0.241       |
|    learning_rate        | 0.0003      |
|    loss                 | 2.08        |
|    n_updates            | 80          |
|    policy_gradient_loss | -0.0109     |
|    value_loss           | 4.98        |
-----------------------------------------
------------------------------------------
| rollout/                |              |
|    ep_len_mean          | 7.9          |
|    ep_rew_mean          | 1.81         |
| time/                   |              |
|    fps                  | 304          |
|    iterations           | 18           |
|    time_elapsed         | 30           |
|    total_timesteps      | 9216         |
| train/                  |              |
|    approx_kl            | 0.0040376415 |
|    clip_fraction        | 0.0242       |
|    clip_range           | 0.2          |
|    entropy_loss         | -0.287       |
|    explained_variance   | 0.347        |
|    learning_rate        | 0.0003       |
|    loss                 | 2.41         |
|    n_updates            | 85           |
|    policy_gradient_loss | -0.00841     |
|    value_loss           | 4.9          |
------------------------------------------
------------------------------------------
| rollout/                |              |
|    ep_len_mean          | 6.75         |
|    ep_rew_mean          | 1.72         |
| time/                   |              |
|    fps                  | 305          |
|    iterations           | 19           |
|    time_elapsed         | 31           |
|    total_timesteps      | 9728         |
| train/                  |              |
|    approx_kl            | 0.0028452808 |
|    clip_fraction        | 0.0316       |
|    clip_range           | 0.2          |
|    entropy_loss         | -0.338       |
|    explained_variance   | 0.34         |
|    learning_rate        | 0.0003       |
|    loss                 | 3.6          |
|    n_updates            | 90           |
|    policy_gradient_loss | 0.00689      |
|    value_loss           | 6.87         |
------------------------------------------
------------------------------------------
| rollout/                |              |
|    ep_len_mean          | 6.5          |
|    ep_rew_mean          | 0.9          |
| time/                   |              |
|    fps                  | 306          |
|    iterations           | 20           |
|    time_elapsed         | 33           |
|    total_timesteps      | 10240        |
| train/                  |              |
|    approx_kl            | 0.0021268935 |
|    clip_fraction        | 0            |
|    clip_range           | 0.2          |
|    entropy_loss         | -0.347       |
|    explained_variance   | 0.432        |
|    learning_rate        | 0.0003       |
|    loss                 | 1.88         |
|    n_updates            | 95           |
|    policy_gradient_loss | -0.00529     |
|    value_loss           | 5.72         |
------------------------------------------
-----------------------------------------
| rollout/                |             |
|    ep_len_mean          | 6.26        |
|    ep_rew_mean          | 1.35        |
| time/                   |             |
|    fps                  | 307         |
|    iterations           | 21          |
|    time_elapsed         | 35          |
|    total_timesteps      | 10752       |
| train/                  |             |
|    approx_kl            | 0.015354915 |
|    clip_fraction        | 0.082       |
|    clip_range           | 0.2         |
|    entropy_loss         | -0.366      |
|    explained_variance   | 0.351       |
|    learning_rate        | 0.0003      |
|    loss                 | 2.84        |
|    n_updates            | 100         |
|    policy_gradient_loss | -0.00137    |
|    value_loss           | 7.67        |
-----------------------------------------
------------------------------------------
| rollout/                |              |
|    ep_len_mean          | 7.21         |
|    ep_rew_mean          | 1.79         |
| time/                   |              |
|    fps                  | 307          |
|    iterations           | 22           |
|    time_elapsed         | 36           |
|    total_timesteps      | 11264        |
| train/                  |              |
|    approx_kl            | 0.0027575095 |
|    clip_fraction        | 0.0133       |
|    clip_range           | 0.2          |
|    entropy_loss         | -0.306       |
|    explained_variance   | 0.42         |
|    learning_rate        | 0.0003       |
|    loss                 | 3.09         |
|    n_updates            | 105          |
|    policy_gradient_loss | -0.0104      |
|    value_loss           | 7.14         |
------------------------------------------
-------------------------------------------
| rollout/                |               |
|    ep_len_mean          | 6.7           |
|    ep_rew_mean          | 1.18          |
| time/                   |               |
|    fps                  | 307           |
|    iterations           | 23            |
|    time_elapsed         | 38            |
|    total_timesteps      | 11776         |
| train/                  |               |
|    approx_kl            | 0.00028873346 |
|    clip_fraction        | 0             |
|    clip_range           | 0.2           |
|    entropy_loss         | -0.298        |
|    explained_variance   | 0.407         |
|    learning_rate        | 0.0003        |
|    loss                 | 2.74          |
|    n_updates            | 110           |
|    policy_gradient_loss | 0.00108       |
|    value_loss           | 5.82          |
-------------------------------------------
------------------------------------------
| rollout/                |              |
|    ep_len_mean          | 6.7          |
|    ep_rew_mean          | 1.2          |
| time/                   |              |
|    fps                  | 308          |
|    iterations           | 24           |
|    time_elapsed         | 39           |
|    total_timesteps      | 12288        |
| train/                  |              |
|    approx_kl            | 0.0023379654 |
|    clip_fraction        | 0.00781      |
|    clip_range           | 0.2          |
|    entropy_loss         | -0.358       |
|    explained_variance   | 0.446        |
|    learning_rate        | 0.0003       |
|    loss                 | 1.81         |
|    n_updates            | 115          |
|    policy_gradient_loss | 0.00356      |
|    value_loss           | 5.7          |
------------------------------------------
------------------------------------------
| rollout/                |              |
|    ep_len_mean          | 7.16         |
|    ep_rew_mean          | 2.14         |
| time/                   |              |
|    fps                  | 308          |
|    iterations           | 25           |
|    time_elapsed         | 41           |
|    total_timesteps      | 12800        |
| train/                  |              |
|    approx_kl            | 0.0009970614 |
|    clip_fraction        | 0            |
|    clip_range           | 0.2          |
|    entropy_loss         | -0.346       |
|    explained_variance   | 0.377        |
|    learning_rate        | 0.0003       |
|    loss                 | 3.38         |
|    n_updates            | 120          |
|    policy_gradient_loss | -0.0058      |
|    value_loss           | 6.25         |
------------------------------------------
------------------------------------------
| rollout/                |              |
|    ep_len_mean          | 5.09         |
|    ep_rew_mean          | 0.873        |
| time/                   |              |
|    fps                  | 307          |
|    iterations           | 26           |
|    time_elapsed         | 43           |
|    total_timesteps      | 13312        |
| train/                  |              |
|    approx_kl            | 0.0050288313 |
|    clip_fraction        | 0.0258       |
|    clip_range           | 0.2          |
|    entropy_loss         | -0.345       |
|    explained_variance   | 0.445        |
|    learning_rate        | 0.0003       |
|    loss                 | 2.3          |
|    n_updates            | 125          |
|    policy_gradient_loss | -0.000208    |
|    value_loss           | 3.95         |
------------------------------------------
------------------------------------------
| rollout/                |              |
|    ep_len_mean          | 5.74         |
|    ep_rew_mean          | 1.28         |
| time/                   |              |
|    fps                  | 308          |
|    iterations           | 27           |
|    time_elapsed         | 44           |
|    total_timesteps      | 13824        |
| train/                  |              |
|    approx_kl            | 0.0051299874 |
|    clip_fraction        | 0.018        |
|    clip_range           | 0.2          |
|    entropy_loss         | -0.323       |
|    explained_variance   | 0.431        |
|    learning_rate        | 0.0003       |
|    loss                 | 2.11         |
|    n_updates            | 130          |
|    policy_gradient_loss | -0.00764     |
|    value_loss           | 6.07         |
------------------------------------------
------------------------------------------
| rollout/                |              |
|    ep_len_mean          | 5.78         |
|    ep_rew_mean          | 1.21         |
| time/                   |              |
|    fps                  | 307          |
|    iterations           | 28           |
|    time_elapsed         | 46           |
|    total_timesteps      | 14336        |
| train/                  |              |
|    approx_kl            | 0.0018112333 |
|    clip_fraction        | 0.0246       |
|    clip_range           | 0.2          |
|    entropy_loss         | -0.289       |
|    explained_variance   | 0.289        |
|    learning_rate        | 0.0003       |
|    loss                 | 2.43         |
|    n_updates            | 135          |
|    policy_gradient_loss | -0.0134      |
|    value_loss           | 5.22         |
------------------------------------------
------------------------------------------
| rollout/                |              |
|    ep_len_mean          | 6.35         |
|    ep_rew_mean          | 1.31         |
| time/                   |              |
|    fps                  | 307          |
|    iterations           | 29           |
|    time_elapsed         | 48           |
|    total_timesteps      | 14848        |
| train/                  |              |
|    approx_kl            | 0.0016135029 |
|    clip_fraction        | 0            |
|    clip_range           | 0.2          |
|    entropy_loss         | -0.307       |
|    explained_variance   | 0.44         |
|    learning_rate        | 0.0003       |
|    loss                 | 2.94         |
|    n_updates            | 140          |
|    policy_gradient_loss | -0.00135     |
|    value_loss           | 8.94         |
------------------------------------------
------------------------------------------
| rollout/                |              |
|    ep_len_mean          | 7.81         |
|    ep_rew_mean          | 1.99         |
| time/                   |              |
|    fps                  | 307          |
|    iterations           | 30           |
|    time_elapsed         | 49           |
|    total_timesteps      | 15360        |
| train/                  |              |
|    approx_kl            | 0.0036503463 |
|    clip_fraction        | 0.0203       |
|    clip_range           | 0.2          |
|    entropy_loss         | -0.277       |
|    explained_variance   | 0.343        |
|    learning_rate        | 0.0003       |
|    loss                 | 1.69         |
|    n_updates            | 145          |
|    policy_gradient_loss | -0.00853     |
|    value_loss           | 5.14         |
------------------------------------------
-------------------------------------------
| rollout/                |               |
|    ep_len_mean          | 7.62          |
|    ep_rew_mean          | 2.12          |
| time/                   |               |
|    fps                  | 307           |
|    iterations           | 31            |
|    time_elapsed         | 51            |
|    total_timesteps      | 15872         |
| train/                  |               |
|    approx_kl            | 0.00021478947 |
|    clip_fraction        | 0             |
|    clip_range           | 0.2           |
|    entropy_loss         | -0.234        |
|    explained_variance   | 0.525         |
|    learning_rate        | 0.0003        |
|    loss                 | 2.06          |
|    n_updates            | 150           |
|    policy_gradient_loss | 0.000299      |
|    value_loss           | 5.15          |
-------------------------------------------
------------------------------------------
| rollout/                |              |
|    ep_len_mean          | 8.35         |
|    ep_rew_mean          | 2.42         |
| time/                   |              |
|    fps                  | 307          |
|    iterations           | 32           |
|    time_elapsed         | 53           |
|    total_timesteps      | 16384        |
| train/                  |              |
|    approx_kl            | 0.0023776805 |
|    clip_fraction        | 0.016        |
|    clip_range           | 0.2          |
|    entropy_loss         | -0.263       |
|    explained_variance   | 0.414        |
|    learning_rate        | 0.0003       |
|    loss                 | 2.28         |
|    n_updates            | 155          |
|    policy_gradient_loss | -0.00618     |
|    value_loss           | 5.42         |
------------------------------------------
------------------------------------------
| rollout/                |              |
|    ep_len_mean          | 7.72         |
|    ep_rew_mean          | 1.92         |
| time/                   |              |
|    fps                  | 307          |
|    iterations           | 33           |
|    time_elapsed         | 54           |
|    total_timesteps      | 16896        |
| train/                  |              |
|    approx_kl            | 0.0033430124 |
|    clip_fraction        | 0.0258       |
|    clip_range           | 0.2          |
|    entropy_loss         | -0.252       |
|    explained_variance   | 0.441        |
|    learning_rate        | 0.0003       |
|    loss                 | 2.14         |
|    n_updates            | 160          |
|    policy_gradient_loss | 0.00431      |
|    value_loss           | 6.29         |
------------------------------------------
-------------------------------------------
| rollout/                |               |
|    ep_len_mean          | 6.88          |
|    ep_rew_mean          | 2.04          |
| time/                   |               |
|    fps                  | 307           |
|    iterations           | 34            |
|    time_elapsed         | 56            |
|    total_timesteps      | 17408         |
| train/                  |               |
|    approx_kl            | 0.00039017294 |
|    clip_fraction        | 0             |
|    clip_range           | 0.2           |
|    entropy_loss         | -0.293        |
|    explained_variance   | 0.49          |
|    learning_rate        | 0.0003        |
|    loss                 | 2.27          |
|    n_updates            | 165           |
|    policy_gradient_loss | 0.00105       |
|    value_loss           | 7.22          |
-------------------------------------------
----------------------------------------
| rollout/                |            |
|    ep_len_mean          | 7.26       |
|    ep_rew_mean          | 2.21       |
| time/                   |            |
|    fps                  | 307        |
|    iterations           | 35         |
|    time_elapsed         | 58         |
|    total_timesteps      | 17920      |
| train/                  |            |
|    approx_kl            | 0.00419733 |
|    clip_fraction        | 0.0527     |
|    clip_range           | 0.2        |
|    entropy_loss         | -0.295     |
|    explained_variance   | 0.262      |
|    learning_rate        | 0.0003     |
|    loss                 | 3.03       |
|    n_updates            | 170        |
|    policy_gradient_loss | -0.0155    |
|    value_loss           | 5.99       |
----------------------------------------
------------------------------------------
| rollout/                |              |
|    ep_len_mean          | 8.26         |
|    ep_rew_mean          | 2.26         |
| time/                   |              |
|    fps                  | 307          |
|    iterations           | 36           |
|    time_elapsed         | 59           |
|    total_timesteps      | 18432        |
| train/                  |              |
|    approx_kl            | 0.0018482672 |
|    clip_fraction        | 0.0379       |
|    clip_range           | 0.2          |
|    entropy_loss         | -0.251       |
|    explained_variance   | 0.379        |
|    learning_rate        | 0.0003       |
|    loss                 | 2.55         |
|    n_updates            | 175          |
|    policy_gradient_loss | -0.0129      |
|    value_loss           | 6.69         |
------------------------------------------
-----------------------------------------
| rollout/                |             |
|    ep_len_mean          | 8.38        |
|    ep_rew_mean          | 2.27        |
| time/                   |             |
|    fps                  | 307         |
|    iterations           | 37          |
|    time_elapsed         | 61          |
|    total_timesteps      | 18944       |
| train/                  |             |
|    approx_kl            | 0.000565442 |
|    clip_fraction        | 0           |
|    clip_range           | 0.2         |
|    entropy_loss         | -0.247      |
|    explained_variance   | 0.32        |
|    learning_rate        | 0.0003      |
|    loss                 | 3.26        |
|    n_updates            | 180         |
|    policy_gradient_loss | -0.000295   |
|    value_loss           | 7.75        |
-----------------------------------------
-------------------------------------------
| rollout/                |               |
|    ep_len_mean          | 8.64          |
|    ep_rew_mean          | 2.04          |
| time/                   |               |
|    fps                  | 307           |
|    iterations           | 38            |
|    time_elapsed         | 63            |
|    total_timesteps      | 19456         |
| train/                  |               |
|    approx_kl            | 0.00091744034 |
|    clip_fraction        | 0             |
|    clip_range           | 0.2           |
|    entropy_loss         | -0.238        |
|    explained_variance   | 0.437         |
|    learning_rate        | 0.0003        |
|    loss                 | 4.99          |
|    n_updates            | 185           |
|    policy_gradient_loss | -0.00172      |
|    value_loss           | 8.96          |
-------------------------------------------
------------------------------------------
| rollout/                |              |
|    ep_len_mean          | 10.2         |
|    ep_rew_mean          | 2.97         |
| time/                   |              |
|    fps                  | 306          |
|    iterations           | 39           |
|    time_elapsed         | 65           |
|    total_timesteps      | 19968        |
| train/                  |              |
|    approx_kl            | 0.0013535297 |
|    clip_fraction        | 0.00117      |
|    clip_range           | 0.2          |
|    entropy_loss         | -0.271       |
|    explained_variance   | 0.449        |
|    learning_rate        | 0.0003       |
|    loss                 | 4.12         |
|    n_updates            | 190          |
|    policy_gradient_loss | -0.00373     |
|    value_loss           | 6.57         |
------------------------------------------
------------------------------------------
| rollout/                |              |
|    ep_len_mean          | 11.9         |
|    ep_rew_mean          | 3.78         |
| time/                   |              |
|    fps                  | 307          |
|    iterations           | 40           |
|    time_elapsed         | 66           |
|    total_timesteps      | 20480        |
| train/                  |              |
|    approx_kl            | 0.0004200372 |
|    clip_fraction        | 0            |
|    clip_range           | 0.2          |
|    entropy_loss         | -0.194       |
|    explained_variance   | 0.535        |
|    learning_rate        | 0.0003       |
|    loss                 | 3.1          |
|    n_updates            | 195          |
|    policy_gradient_loss | -0.00298     |
|    value_loss           | 7.28         |
------------------------------------------
-------------------------------------------
| rollout/                |               |
|    ep_len_mean          | 12.6          |
|    ep_rew_mean          | 4.25          |
| time/                   |               |
|    fps                  | 307           |
|    iterations           | 41            |
|    time_elapsed         | 68            |
|    total_timesteps      | 20992         |
| train/                  |               |
|    approx_kl            | 0.00050541747 |
|    clip_fraction        | 0             |
|    clip_range           | 0.2           |
|    entropy_loss         | -0.183        |
|    explained_variance   | 0.519         |
|    learning_rate        | 0.0003        |
|    loss                 | 2.54          |
|    n_updates            | 200           |
|    policy_gradient_loss | -0.00264      |
|    value_loss           | 5.79          |
-------------------------------------------
-----------------------------------------
| rollout/                |             |
|    ep_len_mean          | 9.88        |
|    ep_rew_mean          | 3.35        |
| time/                   |             |
|    fps                  | 307         |
|    iterations           | 42          |
|    time_elapsed         | 69          |
|    total_timesteps      | 21504       |
| train/                  |             |
|    approx_kl            | 0.013626413 |
|    clip_fraction        | 0.048       |
|    clip_range           | 0.2         |
|    entropy_loss         | -0.237      |
|    explained_variance   | 0.352       |
|    learning_rate        | 0.0003      |
|    loss                 | 5.1         |
|    n_updates            | 205         |
|    policy_gradient_loss | 0.00574     |
|    value_loss           | 8.99        |
-----------------------------------------
------------------------------------------
| rollout/                |              |
|    ep_len_mean          | 7.04         |
|    ep_rew_mean          | 2.17         |
| time/                   |              |
|    fps                  | 307          |
|    iterations           | 43           |
|    time_elapsed         | 71           |
|    total_timesteps      | 22016        |
| train/                  |              |
|    approx_kl            | 0.0024873065 |
|    clip_fraction        | 0.0652       |
|    clip_range           | 0.2          |
|    entropy_loss         | -0.259       |
|    explained_variance   | 0.462        |
|    learning_rate        | 0.0003       |
|    loss                 | 1.76         |
|    n_updates            | 210          |
|    policy_gradient_loss | -0.0139      |
|    value_loss           | 4.46         |
------------------------------------------
-----------------------------------------
| rollout/                |             |
|    ep_len_mean          | 8.21        |
|    ep_rew_mean          | 2.15        |
| time/                   |             |
|    fps                  | 308         |
|    iterations           | 44          |
|    time_elapsed         | 73          |
|    total_timesteps      | 22528       |
| train/                  |             |
|    approx_kl            | 0.004337269 |
|    clip_fraction        | 0.0324      |
|    clip_range           | 0.2         |
|    entropy_loss         | -0.274      |
|    explained_variance   | 0.456       |
|    learning_rate        | 0.0003      |
|    loss                 | 3.56        |
|    n_updates            | 215         |
|    policy_gradient_loss | -0.00948    |
|    value_loss           | 6.13        |
-----------------------------------------
-------------------------------------------
| rollout/                |               |
|    ep_len_mean          | 9.34          |
|    ep_rew_mean          | 2.29          |
| time/                   |               |
|    fps                  | 308           |
|    iterations           | 45            |
|    time_elapsed         | 74            |
|    total_timesteps      | 23040         |
| train/                  |               |
|    approx_kl            | 0.00090768613 |
|    clip_fraction        | 0.0082        |
|    clip_range           | 0.2           |
|    entropy_loss         | -0.259        |
|    explained_variance   | 0.499         |
|    learning_rate        | 0.0003        |
|    loss                 | 3.61          |
|    n_updates            | 220           |
|    policy_gradient_loss | 0.00284       |
|    value_loss           | 8.41          |
-------------------------------------------
------------------------------------------
| rollout/                |              |
|    ep_len_mean          | 10.4         |
|    ep_rew_mean          | 2.98         |
| time/                   |              |
|    fps                  | 308          |
|    iterations           | 46           |
|    time_elapsed         | 76           |
|    total_timesteps      | 23552        |
| train/                  |              |
|    approx_kl            | 0.0011403621 |
|    clip_fraction        | 0.000781     |
|    clip_range           | 0.2          |
|    entropy_loss         | -0.234       |
|    explained_variance   | 0.462        |
|    learning_rate        | 0.0003       |
|    loss                 | 6.35         |
|    n_updates            | 225          |
|    policy_gradient_loss | -0.00362     |
|    value_loss           | 9.52         |
------------------------------------------
------------------------------------------
| rollout/                |              |
|    ep_len_mean          | 10.5         |
|    ep_rew_mean          | 3.77         |
| time/                   |              |
|    fps                  | 308          |
|    iterations           | 47           |
|    time_elapsed         | 78           |
|    total_timesteps      | 24064        |
| train/                  |              |
|    approx_kl            | 0.0014509246 |
|    clip_fraction        | 0.00469      |
|    clip_range           | 0.2          |
|    entropy_loss         | -0.249       |
|    explained_variance   | 0.467        |
|    learning_rate        | 0.0003       |
|    loss                 | 5.72         |
|    n_updates            | 230          |
|    policy_gradient_loss | 0.00138      |
|    value_loss           | 9.39         |
------------------------------------------
------------------------------------------
| rollout/                |              |
|    ep_len_mean          | 8.57         |
|    ep_rew_mean          | 2.86         |
| time/                   |              |
|    fps                  | 308          |
|    iterations           | 48           |
|    time_elapsed         | 79           |
|    total_timesteps      | 24576        |
| train/                  |              |
|    approx_kl            | 0.0034538452 |
|    clip_fraction        | 0.0434       |
|    clip_range           | 0.2          |
|    entropy_loss         | -0.335       |
|    explained_variance   | 0.568        |
|    learning_rate        | 0.0003       |
|    loss                 | 6.29         |
|    n_updates            | 235          |
|    policy_gradient_loss | 0.00778      |
|    value_loss           | 11.1         |
------------------------------------------
------------------------------------------
| rollout/                |              |
|    ep_len_mean          | 8.75         |
|    ep_rew_mean          | 2.81         |
| time/                   |              |
|    fps                  | 308          |
|    iterations           | 49           |
|    time_elapsed         | 81           |
|    total_timesteps      | 25088        |
| train/                  |              |
|    approx_kl            | 0.0024281133 |
|    clip_fraction        | 0.00898      |
|    clip_range           | 0.2          |
|    entropy_loss         | -0.325       |
|    explained_variance   | 0.146        |
|    learning_rate        | 0.0003       |
|    loss                 | 3.2          |
|    n_updates            | 240          |
|    policy_gradient_loss | -0.0104      |
|    value_loss           | 6.33         |
------------------------------------------
------------------------------------------
| rollout/                |              |
|    ep_len_mean          | 8.49         |
|    ep_rew_mean          | 2.74         |
| time/                   |              |
|    fps                  | 308          |
|    iterations           | 50           |
|    time_elapsed         | 83           |
|    total_timesteps      | 25600        |
| train/                  |              |
|    approx_kl            | 0.0017303268 |
|    clip_fraction        | 0.0187       |
|    clip_range           | 0.2          |
|    entropy_loss         | -0.27        |
|    explained_variance   | 0.515        |
|    learning_rate        | 0.0003       |
|    loss                 | 2.14         |
|    n_updates            | 245          |
|    policy_gradient_loss | -0.0126      |
|    value_loss           | 5.16         |
------------------------------------------
------------------------------------------
| rollout/                |              |
|    ep_len_mean          | 9.36         |
|    ep_rew_mean          | 3.17         |
| time/                   |              |
|    fps                  | 307          |
|    iterations           | 51           |
|    time_elapsed         | 84           |
|    total_timesteps      | 26112        |
| train/                  |              |
|    approx_kl            | 0.0015624391 |
|    clip_fraction        | 0.016        |
|    clip_range           | 0.2          |
|    entropy_loss         | -0.266       |
|    explained_variance   | 0.483        |
|    learning_rate        | 0.0003       |
|    loss                 | 3.6          |
|    n_updates            | 250          |
|    policy_gradient_loss | -0.0104      |
|    value_loss           | 5.65         |
------------------------------------------
-------------------------------------------
| rollout/                |               |
|    ep_len_mean          | 8.21          |
|    ep_rew_mean          | 2.45          |
| time/                   |               |
|    fps                  | 307           |
|    iterations           | 52            |
|    time_elapsed         | 86            |
|    total_timesteps      | 26624         |
| train/                  |               |
|    approx_kl            | 0.00067345204 |
|    clip_fraction        | 0.0312        |
|    clip_range           | 0.2           |
|    entropy_loss         | -0.229        |
|    explained_variance   | 0.409         |
|    learning_rate        | 0.0003        |
|    loss                 | 2.81          |
|    n_updates            | 255           |
|    policy_gradient_loss | -0.00988      |
|    value_loss           | 5.41          |
-------------------------------------------
------------------------------------------
| rollout/                |              |
|    ep_len_mean          | 9.03         |
|    ep_rew_mean          | 2.93         |
| time/                   |              |
|    fps                  | 307          |
|    iterations           | 53           |
|    time_elapsed         | 88           |
|    total_timesteps      | 27136        |
| train/                  |              |
|    approx_kl            | 0.0017136699 |
|    clip_fraction        | 0.0176       |
|    clip_range           | 0.2          |
|    entropy_loss         | -0.227       |
|    explained_variance   | 0.435        |
|    learning_rate        | 0.0003       |
|    loss                 | 3.97         |
|    n_updates            | 260          |
|    policy_gradient_loss | -0.0121      |
|    value_loss           | 8.85         |
------------------------------------------
------------------------------------------
| rollout/                |              |
|    ep_len_mean          | 10.6         |
|    ep_rew_mean          | 3.56         |
| time/                   |              |
|    fps                  | 307          |
|    iterations           | 54           |
|    time_elapsed         | 89           |
|    total_timesteps      | 27648        |
| train/                  |              |
|    approx_kl            | 0.0009218505 |
|    clip_fraction        | 0.018        |
|    clip_range           | 0.2          |
|    entropy_loss         | -0.194       |
|    explained_variance   | 0.602        |
|    learning_rate        | 0.0003       |
|    loss                 | 2.54         |
|    n_updates            | 265          |
|    policy_gradient_loss | -0.00847     |
|    value_loss           | 5.17         |
------------------------------------------
-------------------------------------------
| rollout/                |               |
|    ep_len_mean          | 11.8          |
|    ep_rew_mean          | 4.12          |
| time/                   |               |
|    fps                  | 307           |
|    iterations           | 55            |
|    time_elapsed         | 91            |
|    total_timesteps      | 28160         |
| train/                  |               |
|    approx_kl            | 0.00013023976 |
|    clip_fraction        | 0.000391      |
|    clip_range           | 0.2           |
|    entropy_loss         | -0.2          |
|    explained_variance   | 0.38          |
|    learning_rate        | 0.0003        |
|    loss                 | 4.45          |
|    n_updates            | 270           |
|    policy_gradient_loss | -0.00369      |
|    value_loss           | 7.37          |
-------------------------------------------
------------------------------------------
| rollout/                |              |
|    ep_len_mean          | 11.7         |
|    ep_rew_mean          | 3.6          |
| time/                   |              |
|    fps                  | 307          |
|    iterations           | 56           |
|    time_elapsed         | 93           |
|    total_timesteps      | 28672        |
| train/                  |              |
|    approx_kl            | 0.0062363995 |
|    clip_fraction        | 0.0375       |
|    clip_range           | 0.2          |
|    entropy_loss         | -0.208       |
|    explained_variance   | 0.532        |
|    learning_rate        | 0.0003       |
|    loss                 | 6.46         |
|    n_updates            | 275          |
|    policy_gradient_loss | 0.00468      |
|    value_loss           | 12.1         |
------------------------------------------
-------------------------------------------
| rollout/                |               |
|    ep_len_mean          | 9.24          |
|    ep_rew_mean          | 2.42          |
| time/                   |               |
|    fps                  | 308           |
|    iterations           | 57            |
|    time_elapsed         | 94            |
|    total_timesteps      | 29184         |
| train/                  |               |
|    approx_kl            | 0.00023180363 |
|    clip_fraction        | 0             |
|    clip_range           | 0.2           |
|    entropy_loss         | -0.264        |
|    explained_variance   | 0.498         |
|    learning_rate        | 0.0003        |
|    loss                 | 3.42          |
|    n_updates            | 280           |
|    policy_gradient_loss | 0.00422       |
|    value_loss           | 7.64          |
-------------------------------------------
------------------------------------------
| rollout/                |              |
|    ep_len_mean          | 9.03         |
|    ep_rew_mean          | 3.14         |
| time/                   |              |
|    fps                  | 308          |
|    iterations           | 58           |
|    time_elapsed         | 96           |
|    total_timesteps      | 29696        |
| train/                  |              |
|    approx_kl            | 0.0034475005 |
|    clip_fraction        | 0.0223       |
|    clip_range           | 0.2          |
|    entropy_loss         | -0.275       |
|    explained_variance   | 0.508        |
|    learning_rate        | 0.0003       |
|    loss                 | 3.39         |
|    n_updates            | 285          |
|    policy_gradient_loss | -2.05e-05    |
|    value_loss           | 5.02         |
------------------------------------------
-------------------------------------------
| rollout/                |               |
|    ep_len_mean          | 10.2          |
|    ep_rew_mean          | 4.03          |
| time/                   |               |
|    fps                  | 308           |
|    iterations           | 59            |
|    time_elapsed         | 97            |
|    total_timesteps      | 30208         |
| train/                  |               |
|    approx_kl            | 0.00054258597 |
|    clip_fraction        | 0.00508       |
|    clip_range           | 0.2           |
|    entropy_loss         | -0.219        |
|    explained_variance   | 0.595         |
|    learning_rate        | 0.0003        |
|    loss                 | 3.5           |
|    n_updates            | 290           |
|    policy_gradient_loss | -0.0052       |
|    value_loss           | 7.18          |
-------------------------------------------
------------------------------------------
| rollout/                |              |
|    ep_len_mean          | 10.3         |
|    ep_rew_mean          | 3.48         |
| time/                   |              |
|    fps                  | 308          |
|    iterations           | 60           |
|    time_elapsed         | 99           |
|    total_timesteps      | 30720        |
| train/                  |              |
|    approx_kl            | 0.0002961508 |
|    clip_fraction        | 0.0121       |
|    clip_range           | 0.2          |
|    entropy_loss         | -0.205       |
|    explained_variance   | 0.529        |
|    learning_rate        | 0.0003       |
|    loss                 | 2.87         |
|    n_updates            | 295          |
|    policy_gradient_loss | -0.00358     |
|    value_loss           | 6.67         |
------------------------------------------
------------------------------------------
| rollout/                |              |
|    ep_len_mean          | 10.6         |
|    ep_rew_mean          | 3.38         |
| time/                   |              |
|    fps                  | 308          |
|    iterations           | 61           |
|    time_elapsed         | 101          |
|    total_timesteps      | 31232        |
| train/                  |              |
|    approx_kl            | 0.0007441097 |
|    clip_fraction        | 0.000391     |
|    clip_range           | 0.2          |
|    entropy_loss         | -0.218       |
|    explained_variance   | 0.526        |
|    learning_rate        | 0.0003       |
|    loss                 | 3.71         |
|    n_updates            | 300          |
|    policy_gradient_loss | -0.00335     |
|    value_loss           | 9.83         |
------------------------------------------
-----------------------------------------
| rollout/                |             |
|    ep_len_mean          | 11.2        |
|    ep_rew_mean          | 4.46        |
| time/                   |             |
|    fps                  | 308         |
|    iterations           | 62          |
|    time_elapsed         | 102         |
|    total_timesteps      | 31744       |
| train/                  |             |
|    approx_kl            | 0.004647527 |
|    clip_fraction        | 0.0414      |
|    clip_range           | 0.2         |
|    entropy_loss         | -0.268      |
|    explained_variance   | 0.436       |
|    learning_rate        | 0.0003      |
|    loss                 | 2.51        |
|    n_updates            | 305         |
|    policy_gradient_loss | 0.0083      |
|    value_loss           | 6.48        |
-----------------------------------------
------------------------------------------
| rollout/                |              |
|    ep_len_mean          | 10.5         |
|    ep_rew_mean          | 4.38         |
| time/                   |              |
|    fps                  | 308          |
|    iterations           | 63           |
|    time_elapsed         | 104          |
|    total_timesteps      | 32256        |
| train/                  |              |
|    approx_kl            | 0.0002317935 |
|    clip_fraction        | 0.00781      |
|    clip_range           | 0.2          |
|    entropy_loss         | -0.219       |
|    explained_variance   | 0.517        |
|    learning_rate        | 0.0003       |
|    loss                 | 5.12         |
|    n_updates            | 310          |
|    policy_gradient_loss | -0.00483     |
|    value_loss           | 10.4         |
------------------------------------------
-------------------------------------------
| rollout/                |               |
|    ep_len_mean          | 10.3          |
|    ep_rew_mean          | 3.92          |
| time/                   |               |
|    fps                  | 309           |
|    iterations           | 64            |
|    time_elapsed         | 106           |
|    total_timesteps      | 32768         |
| train/                  |               |
|    approx_kl            | 0.00079299643 |
|    clip_fraction        | 0.0156        |
|    clip_range           | 0.2           |
|    entropy_loss         | -0.213        |
|    explained_variance   | 0.377         |
|    learning_rate        | 0.0003        |
|    loss                 | 3.42          |
|    n_updates            | 315           |
|    policy_gradient_loss | -0.01         |
|    value_loss           | 8.52          |
-------------------------------------------
-------------------------------------------
| rollout/                |               |
|    ep_len_mean          | 11.4          |
|    ep_rew_mean          | 4.64          |
| time/                   |               |
|    fps                  | 309           |
|    iterations           | 65            |
|    time_elapsed         | 107           |
|    total_timesteps      | 33280         |
| train/                  |               |
|    approx_kl            | 5.3122698e-05 |
|    clip_fraction        | 0             |
|    clip_range           | 0.2           |
|    entropy_loss         | -0.25         |
|    explained_variance   | 0.565         |
|    learning_rate        | 0.0003        |
|    loss                 | 4.76          |
|    n_updates            | 320           |
|    policy_gradient_loss | -0.00227      |
|    value_loss           | 8.17          |
-------------------------------------------
-----------------------------------------
| rollout/                |             |
|    ep_len_mean          | 12.2        |
|    ep_rew_mean          | 4.92        |
| time/                   |             |
|    fps                  | 309         |
|    iterations           | 66          |
|    time_elapsed         | 109         |
|    total_timesteps      | 33792       |
| train/                  |             |
|    approx_kl            | 0.000978891 |
|    clip_fraction        | 0.00898     |
|    clip_range           | 0.2         |
|    entropy_loss         | -0.181      |
|    explained_variance   | 0.446       |
|    learning_rate        | 0.0003      |
|    loss                 | 3.83        |
|    n_updates            | 325         |
|    policy_gradient_loss | -0.00482    |
|    value_loss           | 8.67        |
-----------------------------------------
------------------------------------------
| rollout/                |              |
|    ep_len_mean          | 11.4         |
|    ep_rew_mean          | 4.31         |
| time/                   |              |
|    fps                  | 309          |
|    iterations           | 67           |
|    time_elapsed         | 110          |
|    total_timesteps      | 34304        |
| train/                  |              |
|    approx_kl            | 0.0005884581 |
|    clip_fraction        | 0.00781      |
|    clip_range           | 0.2          |
|    entropy_loss         | -0.151       |
|    explained_variance   | 0.517        |
|    learning_rate        | 0.0003       |
|    loss                 | 5.11         |
|    n_updates            | 330          |
|    policy_gradient_loss | -0.00462     |
|    value_loss           | 8.52         |
------------------------------------------
------------------------------------------
| rollout/                |              |
|    ep_len_mean          | 10.6         |
|    ep_rew_mean          | 4.12         |
| time/                   |              |
|    fps                  | 309          |
|    iterations           | 68           |
|    time_elapsed         | 112          |
|    total_timesteps      | 34816        |
| train/                  |              |
|    approx_kl            | 0.0016210896 |
|    clip_fraction        | 0.0129       |
|    clip_range           | 0.2          |
|    entropy_loss         | -0.181       |
|    explained_variance   | 0.326        |
|    learning_rate        | 0.0003       |
|    loss                 | 2.28         |
|    n_updates            | 335          |
|    policy_gradient_loss | -0.00938     |
|    value_loss           | 6.01         |
------------------------------------------
-------------------------------------------
| rollout/                |               |
|    ep_len_mean          | 11.2          |
|    ep_rew_mean          | 5             |
| time/                   |               |
|    fps                  | 309           |
|    iterations           | 69            |
|    time_elapsed         | 114           |
|    total_timesteps      | 35328         |
| train/                  |               |
|    approx_kl            | 0.00028466724 |
|    clip_fraction        | 0.0133        |
|    clip_range           | 0.2           |
|    entropy_loss         | -0.186        |
|    explained_variance   | 0.58          |
|    learning_rate        | 0.0003        |
|    loss                 | 3.96          |
|    n_updates            | 340           |
|    policy_gradient_loss | -0.00454      |
|    value_loss           | 6.53          |
-------------------------------------------
------------------------------------------
| rollout/                |              |
|    ep_len_mean          | 11           |
|    ep_rew_mean          | 4.75         |
| time/                   |              |
|    fps                  | 309          |
|    iterations           | 70           |
|    time_elapsed         | 115          |
|    total_timesteps      | 35840        |
| train/                  |              |
|    approx_kl            | 0.0038557034 |
|    clip_fraction        | 0.0504       |
|    clip_range           | 0.2          |
|    entropy_loss         | -0.172       |
|    explained_variance   | 0.629        |
|    learning_rate        | 0.0003       |
|    loss                 | 3.46         |
|    n_updates            | 345          |
|    policy_gradient_loss | -0.0149      |
|    value_loss           | 5.97         |
------------------------------------------
------------------------------------------
| rollout/                |              |
|    ep_len_mean          | 13.1         |
|    ep_rew_mean          | 5.83         |
| time/                   |              |
|    fps                  | 309          |
|    iterations           | 71           |
|    time_elapsed         | 117          |
|    total_timesteps      | 36352        |
| train/                  |              |
|    approx_kl            | 0.0012079867 |
|    clip_fraction        | 0.0102       |
|    clip_range           | 0.2          |
|    entropy_loss         | -0.158       |
|    explained_variance   | 0.647        |
|    learning_rate        | 0.0003       |
|    loss                 | 4.31         |
|    n_updates            | 350          |
|    policy_gradient_loss | -0.00424     |
|    value_loss           | 7.07         |
------------------------------------------
------------------------------------------
| rollout/                |              |
|    ep_len_mean          | 14.9         |
|    ep_rew_mean          | 5.87         |
| time/                   |              |
|    fps                  | 309          |
|    iterations           | 72           |
|    time_elapsed         | 119          |
|    total_timesteps      | 36864        |
| train/                  |              |
|    approx_kl            | 0.0010673983 |
|    clip_fraction        | 0.00313      |
|    clip_range           | 0.2          |
|    entropy_loss         | -0.147       |
|    explained_variance   | 0.541        |
|    learning_rate        | 0.0003       |
|    loss                 | 3.09         |
|    n_updates            | 355          |
|    policy_gradient_loss | -0.00133     |
|    value_loss           | 6.13         |
------------------------------------------
-----------------------------------------
| rollout/                |             |
|    ep_len_mean          | 12.2        |
|    ep_rew_mean          | 4.45        |
| time/                   |             |
|    fps                  | 309         |
|    iterations           | 73          |
|    time_elapsed         | 120         |
|    total_timesteps      | 37376       |
| train/                  |             |
|    approx_kl            | 0.015111059 |
|    clip_fraction        | 0.0469      |
|    clip_range           | 0.2         |
|    entropy_loss         | -0.237      |
|    explained_variance   | 0.42        |
|    learning_rate        | 0.0003      |
|    loss                 | 8.44        |
|    n_updates            | 360         |
|    policy_gradient_loss | 0.00864     |
|    value_loss           | 10.7        |
-----------------------------------------
------------------------------------------
| rollout/                |              |
|    ep_len_mean          | 9.1          |
|    ep_rew_mean          | 3.2          |
| time/                   |              |
|    fps                  | 309          |
|    iterations           | 74           |
|    time_elapsed         | 122          |
|    total_timesteps      | 37888        |
| train/                  |              |
|    approx_kl            | 0.0004702197 |
|    clip_fraction        | 0.0187       |
|    clip_range           | 0.2          |
|    entropy_loss         | -0.173       |
|    explained_variance   | 0.572        |
|    learning_rate        | 0.0003       |
|    loss                 | 2.98         |
|    n_updates            | 365          |
|    policy_gradient_loss | -0.00705     |
|    value_loss           | 7.08         |
------------------------------------------
------------------------------------------
| rollout/                |              |
|    ep_len_mean          | 9.93         |
|    ep_rew_mean          | 3.56         |
| time/                   |              |
|    fps                  | 309          |
|    iterations           | 75           |
|    time_elapsed         | 124          |
|    total_timesteps      | 38400        |
| train/                  |              |
|    approx_kl            | 0.0024957026 |
|    clip_fraction        | 0.0152       |
|    clip_range           | 0.2          |
|    entropy_loss         | -0.244       |
|    explained_variance   | 0.515        |
|    learning_rate        | 0.0003       |
|    loss                 | 3.75         |
|    n_updates            | 370          |
|    policy_gradient_loss | -0.00183     |
|    value_loss           | 7.62         |
------------------------------------------
-------------------------------------------
| rollout/                |               |
|    ep_len_mean          | 11.1          |
|    ep_rew_mean          | 4.97          |
| time/                   |               |
|    fps                  | 309           |
|    iterations           | 76            |
|    time_elapsed         | 125           |
|    total_timesteps      | 38912         |
| train/                  |               |
|    approx_kl            | 0.00032431528 |
|    clip_fraction        | 0.00937       |
|    clip_range           | 0.2           |
|    entropy_loss         | -0.181        |
|    explained_variance   | 0.609         |
|    learning_rate        | 0.0003        |
|    loss                 | 2.65          |
|    n_updates            | 375           |
|    policy_gradient_loss | -0.0041       |
|    value_loss           | 5.15          |
-------------------------------------------
-------------------------------------------
| rollout/                |               |
|    ep_len_mean          | 10.7          |
|    ep_rew_mean          | 4.62          |
| time/                   |               |
|    fps                  | 309           |
|    iterations           | 77            |
|    time_elapsed         | 127           |
|    total_timesteps      | 39424         |
| train/                  |               |
|    approx_kl            | 0.00050767354 |
|    clip_fraction        | 0.00117       |
|    clip_range           | 0.2           |
|    entropy_loss         | -0.191        |
|    explained_variance   | 0.618         |
|    learning_rate        | 0.0003        |
|    loss                 | 4.25          |
|    n_updates            | 380           |
|    policy_gradient_loss | -0.00199      |
|    value_loss           | 8.05          |
-------------------------------------------
------------------------------------------
| rollout/                |              |
|    ep_len_mean          | 9.64         |
|    ep_rew_mean          | 3.87         |
| time/                   |              |
|    fps                  | 309          |
|    iterations           | 78           |
|    time_elapsed         | 129          |
|    total_timesteps      | 39936        |
| train/                  |              |
|    approx_kl            | 0.0009590549 |
|    clip_fraction        | 0.00156      |
|    clip_range           | 0.2          |
|    entropy_loss         | -0.19        |
|    explained_variance   | 0.562        |
|    learning_rate        | 0.0003       |
|    loss                 | 6.97         |
|    n_updates            | 385          |
|    policy_gradient_loss | 0.000273     |
|    value_loss           | 12.5         |
------------------------------------------
------------------------------------------
| rollout/                |              |
|    ep_len_mean          | 8.67         |
|    ep_rew_mean          | 3.43         |
| time/                   |              |
|    fps                  | 309          |
|    iterations           | 79           |
|    time_elapsed         | 130          |
|    total_timesteps      | 40448        |
| train/                  |              |
|    approx_kl            | 0.0007309673 |
|    clip_fraction        | 0.0191       |
|    clip_range           | 0.2          |
|    entropy_loss         | -0.183       |
|    explained_variance   | 0.52         |
|    learning_rate        | 0.0003       |
|    loss                 | 2.78         |
|    n_updates            | 390          |
|    policy_gradient_loss | -0.0036      |
|    value_loss           | 6.56         |
------------------------------------------
-------------------------------------------
| rollout/                |               |
|    ep_len_mean          | 10.4          |
|    ep_rew_mean          | 3.92          |
| time/                   |               |
|    fps                  | 309           |
|    iterations           | 80            |
|    time_elapsed         | 132           |
|    total_timesteps      | 40960         |
| train/                  |               |
|    approx_kl            | 0.00087710907 |
|    clip_fraction        | 0             |
|    clip_range           | 0.2           |
|    entropy_loss         | -0.224        |
|    explained_variance   | 0.378         |
|    learning_rate        | 0.0003        |
|    loss                 | 2.98          |
|    n_updates            | 395           |
|    policy_gradient_loss | -0.00235      |
|    value_loss           | 6.44          |
-------------------------------------------
-----------------------------------------
| rollout/                |             |
|    ep_len_mean          | 11          |
|    ep_rew_mean          | 3.96        |
| time/                   |             |
|    fps                  | 309         |
|    iterations           | 81          |
|    time_elapsed         | 134         |
|    total_timesteps      | 41472       |
| train/                  |             |
|    approx_kl            | 0.015783343 |
|    clip_fraction        | 0.0754      |
|    clip_range           | 0.2         |
|    entropy_loss         | -0.28       |
|    explained_variance   | 0.418       |
|    learning_rate        | 0.0003      |
|    loss                 | 6.47        |
|    n_updates            | 400         |
|    policy_gradient_loss | 0.0129      |
|    value_loss           | 11.5        |
-----------------------------------------
------------------------------------------
| rollout/                |              |
|    ep_len_mean          | 11.1         |
|    ep_rew_mean          | 4.57         |
| time/                   |              |
|    fps                  | 309          |
|    iterations           | 82           |
|    time_elapsed         | 135          |
|    total_timesteps      | 41984        |
| train/                  |              |
|    approx_kl            | 0.0016555318 |
|    clip_fraction        | 0.00781      |
|    clip_range           | 0.2          |
|    entropy_loss         | -0.216       |
|    explained_variance   | 0.545        |
|    learning_rate        | 0.0003       |
|    loss                 | 4.11         |
|    n_updates            | 405          |
|    policy_gradient_loss | -0.00599     |
|    value_loss           | 7.98         |
------------------------------------------
------------------------------------------
| rollout/                |              |
|    ep_len_mean          | 10.8         |
|    ep_rew_mean          | 4.22         |
| time/                   |              |
|    fps                  | 309          |
|    iterations           | 83           |
|    time_elapsed         | 137          |
|    total_timesteps      | 42496        |
| train/                  |              |
|    approx_kl            | 0.0002906797 |
|    clip_fraction        | 0.0117       |
|    clip_range           | 0.2          |
|    entropy_loss         | -0.192       |
|    explained_variance   | 0.566        |
|    learning_rate        | 0.0003       |
|    loss                 | 3.63         |
|    n_updates            | 410          |
|    policy_gradient_loss | -0.00547     |
|    value_loss           | 6.38         |
------------------------------------------
-------------------------------------------
| rollout/                |               |
|    ep_len_mean          | 10.4          |
|    ep_rew_mean          | 3.93          |
| time/                   |               |
|    fps                  | 309           |
|    iterations           | 84            |
|    time_elapsed         | 139           |
|    total_timesteps      | 43008         |
| train/                  |               |
|    approx_kl            | 3.5532867e-05 |
|    clip_fraction        | 0.00469       |
|    clip_range           | 0.2           |
|    entropy_loss         | -0.195        |
|    explained_variance   | 0.677         |
|    learning_rate        | 0.0003        |
|    loss                 | 2.54          |
|    n_updates            | 415           |
|    policy_gradient_loss | -0.00517      |
|    value_loss           | 5.91          |
-------------------------------------------
-------------------------------------------
| rollout/                |               |
|    ep_len_mean          | 11.1          |
|    ep_rew_mean          | 4.14          |
| time/                   |               |
|    fps                  | 309           |
|    iterations           | 85            |
|    time_elapsed         | 140           |
|    total_timesteps      | 43520         |
| train/                  |               |
|    approx_kl            | 0.00022920448 |
|    clip_fraction        | 0.00195       |
|    clip_range           | 0.2           |
|    entropy_loss         | -0.249        |
|    explained_variance   | 0.484         |
|    learning_rate        | 0.0003        |
|    loss                 | 1.94          |
|    n_updates            | 420           |
|    policy_gradient_loss | -0.00498      |
|    value_loss           | 5.29          |
-------------------------------------------
-------------------------------------------
| rollout/                |               |
|    ep_len_mean          | 11.2          |
|    ep_rew_mean          | 4.38          |
| time/                   |               |
|    fps                  | 309           |
|    iterations           | 86            |
|    time_elapsed         | 142           |
|    total_timesteps      | 44032         |
| train/                  |               |
|    approx_kl            | 0.00088764366 |
|    clip_fraction        | 0.0246        |
|    clip_range           | 0.2           |
|    entropy_loss         | -0.167        |
|    explained_variance   | 0.674         |
|    learning_rate        | 0.0003        |
|    loss                 | 2.01          |
|    n_updates            | 425           |
|    policy_gradient_loss | -0.0108       |
|    value_loss           | 4.13          |
-------------------------------------------
------------------------------------------
| rollout/                |              |
|    ep_len_mean          | 9.98         |
|    ep_rew_mean          | 3.58         |
| time/                   |              |
|    fps                  | 309          |
|    iterations           | 87           |
|    time_elapsed         | 143          |
|    total_timesteps      | 44544        |
| train/                  |              |
|    approx_kl            | 0.0032830718 |
|    clip_fraction        | 0.00898      |
|    clip_range           | 0.2          |
|    entropy_loss         | -0.186       |
|    explained_variance   | 0.626        |
|    learning_rate        | 0.0003       |
|    loss                 | 2.42         |
|    n_updates            | 430          |
|    policy_gradient_loss | 0.000692     |
|    value_loss           | 5.2          |
------------------------------------------
------------------------------------------
| rollout/                |              |
|    ep_len_mean          | 8.98         |
|    ep_rew_mean          | 3.62         |
| time/                   |              |
|    fps                  | 309          |
|    iterations           | 88           |
|    time_elapsed         | 145          |
|    total_timesteps      | 45056        |
| train/                  |              |
|    approx_kl            | 0.0015567924 |
|    clip_fraction        | 0.0145       |
|    clip_range           | 0.2          |
|    entropy_loss         | -0.208       |
|    explained_variance   | 0.557        |
|    learning_rate        | 0.0003       |
|    loss                 | 2.2          |
|    n_updates            | 435          |
|    policy_gradient_loss | -0.00709     |
|    value_loss           | 5.89         |
------------------------------------------
-------------------------------------------
| rollout/                |               |
|    ep_len_mean          | 9.44          |
|    ep_rew_mean          | 4.08          |
| time/                   |               |
|    fps                  | 309           |
|    iterations           | 89            |
|    time_elapsed         | 147           |
|    total_timesteps      | 45568         |
| train/                  |               |
|    approx_kl            | 0.00093319116 |
|    clip_fraction        | 0.0145        |
|    clip_range           | 0.2           |
|    entropy_loss         | -0.216        |
|    explained_variance   | 0.732         |
|    learning_rate        | 0.0003        |
|    loss                 | 2.09          |
|    n_updates            | 440           |
|    policy_gradient_loss | 0.000351      |
|    value_loss           | 4.24          |
-------------------------------------------
-------------------------------------------
| rollout/                |               |
|    ep_len_mean          | 9.77          |
|    ep_rew_mean          | 4.16          |
| time/                   |               |
|    fps                  | 309           |
|    iterations           | 90            |
|    time_elapsed         | 149           |
|    total_timesteps      | 46080         |
| train/                  |               |
|    approx_kl            | 0.00065163977 |
|    clip_fraction        | 0.00703       |
|    clip_range           | 0.2           |
|    entropy_loss         | -0.206        |
|    explained_variance   | 0.473         |
|    learning_rate        | 0.0003        |
|    loss                 | 3.28          |
|    n_updates            | 445           |
|    policy_gradient_loss | -0.00661      |
|    value_loss           | 7.28          |
-------------------------------------------
------------------------------------------
| rollout/                |              |
|    ep_len_mean          | 10.4         |
|    ep_rew_mean          | 4.18         |
| time/                   |              |
|    fps                  | 308          |
|    iterations           | 91           |
|    time_elapsed         | 150          |
|    total_timesteps      | 46592        |
| train/                  |              |
|    approx_kl            | 0.0011571799 |
|    clip_fraction        | 0.0156       |
|    clip_range           | 0.2          |
|    entropy_loss         | -0.163       |
|    explained_variance   | 0.603        |
|    learning_rate        | 0.0003       |
|    loss                 | 2.9          |
|    n_updates            | 450          |
|    policy_gradient_loss | -0.00904     |
|    value_loss           | 7.04         |
------------------------------------------
-------------------------------------------
| rollout/                |               |
|    ep_len_mean          | 11.6          |
|    ep_rew_mean          | 4.47          |
| time/                   |               |
|    fps                  | 308           |
|    iterations           | 92            |
|    time_elapsed         | 152           |
|    total_timesteps      | 47104         |
| train/                  |               |
|    approx_kl            | 0.00028294418 |
|    clip_fraction        | 0.00898       |
|    clip_range           | 0.2           |
|    entropy_loss         | -0.179        |
|    explained_variance   | 0.555         |
|    learning_rate        | 0.0003        |
|    loss                 | 4.36          |
|    n_updates            | 455           |
|    policy_gradient_loss | -0.00325      |
|    value_loss           | 7.94          |
-------------------------------------------
------------------------------------------
| rollout/                |              |
|    ep_len_mean          | 11.4         |
|    ep_rew_mean          | 4.75         |
| time/                   |              |
|    fps                  | 307          |
|    iterations           | 93           |
|    time_elapsed         | 154          |
|    total_timesteps      | 47616        |
| train/                  |              |
|    approx_kl            | 0.0016907484 |
|    clip_fraction        | 0.0129       |
|    clip_range           | 0.2          |
|    entropy_loss         | -0.197       |
|    explained_variance   | 0.635        |
|    learning_rate        | 0.0003       |
|    loss                 | 3.03         |
|    n_updates            | 460          |
|    policy_gradient_loss | 0.000416     |
|    value_loss           | 5.71         |
------------------------------------------
------------------------------------------
| rollout/                |              |
|    ep_len_mean          | 10.9         |
|    ep_rew_mean          | 5.02         |
| time/                   |              |
|    fps                  | 307          |
|    iterations           | 94           |
|    time_elapsed         | 156          |
|    total_timesteps      | 48128        |
| train/                  |              |
|    approx_kl            | 0.0018537135 |
|    clip_fraction        | 0.0281       |
|    clip_range           | 0.2          |
|    entropy_loss         | -0.147       |
|    explained_variance   | 0.494        |
|    learning_rate        | 0.0003       |
|    loss                 | 2.88         |
|    n_updates            | 465          |
|    policy_gradient_loss | -0.00976     |
|    value_loss           | 6.07         |
------------------------------------------
-----------------------------------------
| rollout/                |             |
|    ep_len_mean          | 10.4        |
|    ep_rew_mean          | 4.78        |
| time/                   |             |
|    fps                  | 307         |
|    iterations           | 95          |
|    time_elapsed         | 158         |
|    total_timesteps      | 48640       |
| train/                  |             |
|    approx_kl            | 0.006177335 |
|    clip_fraction        | 0.0492      |
|    clip_range           | 0.2         |
|    entropy_loss         | -0.206      |
|    explained_variance   | 0.462       |
|    learning_rate        | 0.0003      |
|    loss                 | 7.22        |
|    n_updates            | 470         |
|    policy_gradient_loss | 0.00449     |
|    value_loss           | 15.7        |
-----------------------------------------
-----------------------------------------
| rollout/                |             |
|    ep_len_mean          | 10          |
|    ep_rew_mean          | 4.51        |
| time/                   |             |
|    fps                  | 307         |
|    iterations           | 96          |
|    time_elapsed         | 159         |
|    total_timesteps      | 49152       |
| train/                  |             |
|    approx_kl            | 0.002379449 |
|    clip_fraction        | 0.0484      |
|    clip_range           | 0.2         |
|    entropy_loss         | -0.165      |
|    explained_variance   | 0.53        |
|    learning_rate        | 0.0003      |
|    loss                 | 3.71        |
|    n_updates            | 475         |
|    policy_gradient_loss | -0.0114     |
|    value_loss           | 7.92        |
-----------------------------------------
------------------------------------------
| rollout/                |              |
|    ep_len_mean          | 10.7         |
|    ep_rew_mean          | 4.34         |
| time/                   |              |
|    fps                  | 307          |
|    iterations           | 97           |
|    time_elapsed         | 161          |
|    total_timesteps      | 49664        |
| train/                  |              |
|    approx_kl            | 7.287529e-05 |
|    clip_fraction        | 0.0117       |
|    clip_range           | 0.2          |
|    entropy_loss         | -0.132       |
|    explained_variance   | 0.581        |
|    learning_rate        | 0.0003       |
|    loss                 | 2.11         |
|    n_updates            | 480          |
|    policy_gradient_loss | -0.00454     |
|    value_loss           | 5.48         |
------------------------------------------
------------------------------------------
| rollout/                |              |
|    ep_len_mean          | 11           |
|    ep_rew_mean          | 4.53         |
| time/                   |              |
|    fps                  | 307          |
|    iterations           | 98           |
|    time_elapsed         | 163          |
|    total_timesteps      | 50176        |
| train/                  |              |
|    approx_kl            | 0.0023709617 |
|    clip_fraction        | 0.0266       |
|    clip_range           | 0.2          |
|    entropy_loss         | -0.191       |
|    explained_variance   | 0.533        |
|    learning_rate        | 0.0003       |
|    loss                 | 2.38         |
|    n_updates            | 485          |
|    policy_gradient_loss | -0.00224     |
|    value_loss           | 5.69         |
------------------------------------------
-----------------------------------------
| rollout/                |             |
|    ep_len_mean          | 10.5        |
|    ep_rew_mean          | 4.48        |
| time/                   |             |
|    fps                  | 307         |
|    iterations           | 99          |
|    time_elapsed         | 164         |
|    total_timesteps      | 50688       |
| train/                  |             |
|    approx_kl            | 0.001857203 |
|    clip_fraction        | 0.0254      |
|    clip_range           | 0.2         |
|    entropy_loss         | -0.152      |
|    explained_variance   | 0.515       |
|    learning_rate        | 0.0003      |
|    loss                 | 2.76        |
|    n_updates            | 490         |
|    policy_gradient_loss | -0.00842    |
|    value_loss           | 6.31        |
-----------------------------------------
------------------------------------------
| rollout/                |              |
|    ep_len_mean          | 9.46         |
|    ep_rew_mean          | 4.1          |
| time/                   |              |
|    fps                  | 307          |
|    iterations           | 100          |
|    time_elapsed         | 166          |
|    total_timesteps      | 51200        |
| train/                  |              |
|    approx_kl            | 0.0045027817 |
|    clip_fraction        | 0.0453       |
|    clip_range           | 0.2          |
|    entropy_loss         | -0.239       |
|    explained_variance   | 0.573        |
|    learning_rate        | 0.0003       |
|    loss                 | 2.67         |
|    n_updates            | 495          |
|    policy_gradient_loss | 0.00913      |
|    value_loss           | 5.17         |
------------------------------------------
------------------------------------------
| rollout/                |              |
|    ep_len_mean          | 8.73         |
|    ep_rew_mean          | 3.78         |
| time/                   |              |
|    fps                  | 307          |
|    iterations           | 101          |
|    time_elapsed         | 168          |
|    total_timesteps      | 51712        |
| train/                  |              |
|    approx_kl            | 0.0012685903 |
|    clip_fraction        | 0.0223       |
|    clip_range           | 0.2          |
|    entropy_loss         | -0.201       |
|    explained_variance   | 0.518        |
|    learning_rate        | 0.0003       |
|    loss                 | 2.68         |
|    n_updates            | 500          |
|    policy_gradient_loss | -0.011       |
|    value_loss           | 5.95         |
------------------------------------------
------------------------------------------
| rollout/                |              |
|    ep_len_mean          | 9.32         |
|    ep_rew_mean          | 4.05         |
| time/                   |              |
|    fps                  | 307          |
|    iterations           | 102          |
|    time_elapsed         | 169          |
|    total_timesteps      | 52224        |
| train/                  |              |
|    approx_kl            | 0.0059501473 |
|    clip_fraction        | 0.0383       |
|    clip_range           | 0.2          |
|    entropy_loss         | -0.198       |
|    explained_variance   | 0.628        |
|    learning_rate        | 0.0003       |
|    loss                 | 2.21         |
|    n_updates            | 505          |
|    policy_gradient_loss | -0.00872     |
|    value_loss           | 4.98         |
------------------------------------------
-------------------------------------------
| rollout/                |               |
|    ep_len_mean          | 9.91          |
|    ep_rew_mean          | 4.3           |
| time/                   |               |
|    fps                  | 307           |
|    iterations           | 103           |
|    time_elapsed         | 171           |
|    total_timesteps      | 52736         |
| train/                  |               |
|    approx_kl            | 0.00030432077 |
|    clip_fraction        | 0.0262        |
|    clip_range           | 0.2           |
|    entropy_loss         | -0.203        |
|    explained_variance   | 0.625         |
|    learning_rate        | 0.0003        |
|    loss                 | 2.81          |
|    n_updates            | 510           |
|    policy_gradient_loss | 0.000852      |
|    value_loss           | 6.32          |
-------------------------------------------
------------------------------------------
| rollout/                |              |
|    ep_len_mean          | 11.4         |
|    ep_rew_mean          | 5.21         |
| time/                   |              |
|    fps                  | 307          |
|    iterations           | 104          |
|    time_elapsed         | 173          |
|    total_timesteps      | 53248        |
| train/                  |              |
|    approx_kl            | 0.0030039393 |
|    clip_fraction        | 0.034        |
|    clip_range           | 0.2          |
|    entropy_loss         | -0.139       |
|    explained_variance   | 0.683        |
|    learning_rate        | 0.0003       |
|    loss                 | 3.43         |
|    n_updates            | 515          |
|    policy_gradient_loss | -0.0108      |
|    value_loss           | 6.23         |
------------------------------------------
-----------------------------------------
| rollout/                |             |
|    ep_len_mean          | 11          |
|    ep_rew_mean          | 5.17        |
| time/                   |             |
|    fps                  | 307         |
|    iterations           | 105         |
|    time_elapsed         | 174         |
|    total_timesteps      | 53760       |
| train/                  |             |
|    approx_kl            | 0.005611644 |
|    clip_fraction        | 0.0195      |
|    clip_range           | 0.2         |
|    entropy_loss         | -0.134      |
|    explained_variance   | 0.671       |
|    learning_rate        | 0.0003      |
|    loss                 | 5.42        |
|    n_updates            | 520         |
|    policy_gradient_loss | 0.00323     |
|    value_loss           | 7.53        |
-----------------------------------------
-----------------------------------------
| rollout/                |             |
|    ep_len_mean          | 9.66        |
|    ep_rew_mean          | 4.72        |
| time/                   |             |
|    fps                  | 307         |
|    iterations           | 106         |
|    time_elapsed         | 176         |
|    total_timesteps      | 54272       |
| train/                  |             |
|    approx_kl            | 0.001064164 |
|    clip_fraction        | 0.00391     |
|    clip_range           | 0.2         |
|    entropy_loss         | -0.169      |
|    explained_variance   | 0.619       |
|    learning_rate        | 0.0003      |
|    loss                 | 2.03        |
|    n_updates            | 525         |
|    policy_gradient_loss | -0.000445   |
|    value_loss           | 8           |
-----------------------------------------
------------------------------------------
| rollout/                |              |
|    ep_len_mean          | 8.91         |
|    ep_rew_mean          | 3.71         |
| time/                   |              |
|    fps                  | 307          |
|    iterations           | 107          |
|    time_elapsed         | 177          |
|    total_timesteps      | 54784        |
| train/                  |              |
|    approx_kl            | 0.0019649463 |
|    clip_fraction        | 0.016        |
|    clip_range           | 0.2          |
|    entropy_loss         | -0.165       |
|    explained_variance   | 0.509        |
|    learning_rate        | 0.0003       |
|    loss                 | 3.01         |
|    n_updates            | 530          |
|    policy_gradient_loss | -0.00653     |
|    value_loss           | 7.83         |
------------------------------------------
------------------------------------------
| rollout/                |              |
|    ep_len_mean          | 9.44         |
|    ep_rew_mean          | 4.4          |
| time/                   |              |
|    fps                  | 307          |
|    iterations           | 108          |
|    time_elapsed         | 179          |
|    total_timesteps      | 55296        |
| train/                  |              |
|    approx_kl            | 0.0059497375 |
|    clip_fraction        | 0.0398       |
|    clip_range           | 0.2          |
|    entropy_loss         | -0.229       |
|    explained_variance   | 0.671        |
|    learning_rate        | 0.0003       |
|    loss                 | 2.36         |
|    n_updates            | 535          |
|    policy_gradient_loss | 0.0024       |
|    value_loss           | 6.97         |
------------------------------------------
------------------------------------------
| rollout/                |              |
|    ep_len_mean          | 9.16         |
|    ep_rew_mean          | 3.6          |
| time/                   |              |
|    fps                  | 307          |
|    iterations           | 109          |
|    time_elapsed         | 181          |
|    total_timesteps      | 55808        |
| train/                  |              |
|    approx_kl            | 0.0010353294 |
|    clip_fraction        | 0.00586      |
|    clip_range           | 0.2          |
|    entropy_loss         | -0.205       |
|    explained_variance   | 0.679        |
|    learning_rate        | 0.0003       |
|    loss                 | 2.91         |
|    n_updates            | 540          |
|    policy_gradient_loss | 0.00158      |
|    value_loss           | 7.08         |
------------------------------------------
------------------------------------------
| rollout/                |              |
|    ep_len_mean          | 9.75         |
|    ep_rew_mean          | 3.79         |
| time/                   |              |
|    fps                  | 307          |
|    iterations           | 110          |
|    time_elapsed         | 182          |
|    total_timesteps      | 56320        |
| train/                  |              |
|    approx_kl            | 0.0008891647 |
|    clip_fraction        | 0.0234       |
|    clip_range           | 0.2          |
|    entropy_loss         | -0.23        |
|    explained_variance   | 0.648        |
|    learning_rate        | 0.0003       |
|    loss                 | 2.48         |
|    n_updates            | 545          |
|    policy_gradient_loss | -0.0066      |
|    value_loss           | 8.43         |
------------------------------------------
------------------------------------------
| rollout/                |              |
|    ep_len_mean          | 9.75         |
|    ep_rew_mean          | 4.86         |
| time/                   |              |
|    fps                  | 307          |
|    iterations           | 111          |
|    time_elapsed         | 184          |
|    total_timesteps      | 56832        |
| train/                  |              |
|    approx_kl            | 0.0005941795 |
|    clip_fraction        | 0.00234      |
|    clip_range           | 0.2          |
|    entropy_loss         | -0.181       |
|    explained_variance   | 0.498        |
|    learning_rate        | 0.0003       |
|    loss                 | 4            |
|    n_updates            | 550          |
|    policy_gradient_loss | -0.000935    |
|    value_loss           | 7.8          |
------------------------------------------
------------------------------------------
| rollout/                |              |
|    ep_len_mean          | 9.36         |
|    ep_rew_mean          | 4.72         |
| time/                   |              |
|    fps                  | 307          |
|    iterations           | 112          |
|    time_elapsed         | 186          |
|    total_timesteps      | 57344        |
| train/                  |              |
|    approx_kl            | 0.0018651127 |
|    clip_fraction        | 0.00937      |
|    clip_range           | 0.2          |
|    entropy_loss         | -0.176       |
|    explained_variance   | 0.62         |
|    learning_rate        | 0.0003       |
|    loss                 | 3.85         |
|    n_updates            | 555          |
|    policy_gradient_loss | -0.00507     |
|    value_loss           | 8.25         |
------------------------------------------
------------------------------------------
| rollout/                |              |
|    ep_len_mean          | 9.21         |
|    ep_rew_mean          | 3.86         |
| time/                   |              |
|    fps                  | 307          |
|    iterations           | 113          |
|    time_elapsed         | 187          |
|    total_timesteps      | 57856        |
| train/                  |              |
|    approx_kl            | 0.0010029979 |
|    clip_fraction        | 0.0141       |
|    clip_range           | 0.2          |
|    entropy_loss         | -0.17        |
|    explained_variance   | 0.675        |
|    learning_rate        | 0.0003       |
|    loss                 | 1.49         |
|    n_updates            | 560          |
|    policy_gradient_loss | -0.00434     |
|    value_loss           | 4.37         |
------------------------------------------
-------------------------------------------
| rollout/                |               |
|    ep_len_mean          | 10.6          |
|    ep_rew_mean          | 4.4           |
| time/                   |               |
|    fps                  | 307           |
|    iterations           | 114           |
|    time_elapsed         | 189           |
|    total_timesteps      | 58368         |
| train/                  |               |
|    approx_kl            | 0.00089627906 |
|    clip_fraction        | 0.00937       |
|    clip_range           | 0.2           |
|    entropy_loss         | -0.206        |
|    explained_variance   | 0.584         |
|    learning_rate        | 0.0003        |
|    loss                 | 5.22          |
|    n_updates            | 565           |
|    policy_gradient_loss | -0.0064       |
|    value_loss           | 6.84          |
-------------------------------------------
------------------------------------------
| rollout/                |              |
|    ep_len_mean          | 11.9         |
|    ep_rew_mean          | 5.23         |
| time/                   |              |
|    fps                  | 308          |
|    iterations           | 115          |
|    time_elapsed         | 191          |
|    total_timesteps      | 58880        |
| train/                  |              |
|    approx_kl            | 0.0002874767 |
|    clip_fraction        | 0.000391     |
|    clip_range           | 0.2          |
|    entropy_loss         | -0.163       |
|    explained_variance   | 0.615        |
|    learning_rate        | 0.0003       |
|    loss                 | 1.93         |
|    n_updates            | 570          |
|    policy_gradient_loss | -0.00247     |
|    value_loss           | 4.41         |
------------------------------------------
------------------------------------------
| rollout/                |              |
|    ep_len_mean          | 11.8         |
|    ep_rew_mean          | 4.82         |
| time/                   |              |
|    fps                  | 308          |
|    iterations           | 116          |
|    time_elapsed         | 192          |
|    total_timesteps      | 59392        |
| train/                  |              |
|    approx_kl            | 0.0004968198 |
|    clip_fraction        | 0.0148       |
|    clip_range           | 0.2          |
|    entropy_loss         | -0.148       |
|    explained_variance   | 0.679        |
|    learning_rate        | 0.0003       |
|    loss                 | 3.59         |
|    n_updates            | 575          |
|    policy_gradient_loss | -0.00605     |
|    value_loss           | 7            |
------------------------------------------
------------------------------------------
| rollout/                |              |
|    ep_len_mean          | 10.6         |
|    ep_rew_mean          | 4.3          |
| time/                   |              |
|    fps                  | 308          |
|    iterations           | 117          |
|    time_elapsed         | 194          |
|    total_timesteps      | 59904        |
| train/                  |              |
|    approx_kl            | 0.0017520717 |
|    clip_fraction        | 0.00664      |
|    clip_range           | 0.2          |
|    entropy_loss         | -0.145       |
|    explained_variance   | 0.619        |
|    learning_rate        | 0.0003       |
|    loss                 | 1.79         |
|    n_updates            | 580          |
|    policy_gradient_loss | 0.000165     |
|    value_loss           | 6.73         |
------------------------------------------
-----------------------------------------
| rollout/                |             |
|    ep_len_mean          | 9.56        |
|    ep_rew_mean          | 3.73        |
| time/                   |             |
|    fps                  | 308         |
|    iterations           | 118         |
|    time_elapsed         | 196         |
|    total_timesteps      | 60416       |
| train/                  |             |
|    approx_kl            | 0.001042399 |
|    clip_fraction        | 0.0187      |
|    clip_range           | 0.2         |
|    entropy_loss         | -0.178      |
|    explained_variance   | 0.588       |
|    learning_rate        | 0.0003      |
|    loss                 | 3.26        |
|    n_updates            | 585         |
|    policy_gradient_loss | 0.00322     |
|    value_loss           | 6.43        |
-----------------------------------------
-----------------------------------------
| rollout/                |             |
|    ep_len_mean          | 10.8        |
|    ep_rew_mean          | 4.25        |
| time/                   |             |
|    fps                  | 308         |
|    iterations           | 119         |
|    time_elapsed         | 197         |
|    total_timesteps      | 60928       |
| train/                  |             |
|    approx_kl            | 0.010697439 |
|    clip_fraction        | 0.0406      |
|    clip_range           | 0.2         |
|    entropy_loss         | -0.187      |
|    explained_variance   | 0.719       |
|    learning_rate        | 0.0003      |
|    loss                 | 2.45        |
|    n_updates            | 590         |
|    policy_gradient_loss | 0.00971     |
|    value_loss           | 5.4         |
-----------------------------------------
------------------------------------------
| rollout/                |              |
|    ep_len_mean          | 11.7         |
|    ep_rew_mean          | 5.43         |
| time/                   |              |
|    fps                  | 308          |
|    iterations           | 120          |
|    time_elapsed         | 199          |
|    total_timesteps      | 61440        |
| train/                  |              |
|    approx_kl            | 0.0033691996 |
|    clip_fraction        | 0.0719       |
|    clip_range           | 0.2          |
|    entropy_loss         | -0.214       |
|    explained_variance   | 0.752        |
|    learning_rate        | 0.0003       |
|    loss                 | 4.24         |
|    n_updates            | 595          |
|    policy_gradient_loss | 0.00478      |
|    value_loss           | 7.83         |
------------------------------------------
-----------------------------------------
| rollout/                |             |
|    ep_len_mean          | 8.43        |
|    ep_rew_mean          | 4.09        |
| time/                   |             |
|    fps                  | 308         |
|    iterations           | 121         |
|    time_elapsed         | 200         |
|    total_timesteps      | 61952       |
| train/                  |             |
|    approx_kl            | 0.003125884 |
|    clip_fraction        | 0.0133      |
|    clip_range           | 0.2         |
|    entropy_loss         | -0.186      |
|    explained_variance   | 0.564       |
|    learning_rate        | 0.0003      |
|    loss                 | 7.43        |
|    n_updates            | 600         |
|    policy_gradient_loss | 0.0017      |
|    value_loss           | 12.3        |
-----------------------------------------
------------------------------------------
| rollout/                |              |
|    ep_len_mean          | 7.05         |
|    ep_rew_mean          | 2.69         |
| time/                   |              |
|    fps                  | 308          |
|    iterations           | 122          |
|    time_elapsed         | 202          |
|    total_timesteps      | 62464        |
| train/                  |              |
|    approx_kl            | 0.0010955082 |
|    clip_fraction        | 0.0215       |
|    clip_range           | 0.2          |
|    entropy_loss         | -0.193       |
|    explained_variance   | 0.588        |
|    learning_rate        | 0.0003       |
|    loss                 | 5.16         |
|    n_updates            | 605          |
|    policy_gradient_loss | -0.00468     |
|    value_loss           | 9.72         |
------------------------------------------
------------------------------------------
| rollout/                |              |
|    ep_len_mean          | 8.64         |
|    ep_rew_mean          | 3.79         |
| time/                   |              |
|    fps                  | 308          |
|    iterations           | 123          |
|    time_elapsed         | 204          |
|    total_timesteps      | 62976        |
| train/                  |              |
|    approx_kl            | 0.0019446957 |
|    clip_fraction        | 0.0277       |
|    clip_range           | 0.2          |
|    entropy_loss         | -0.249       |
|    explained_variance   | 0.563        |
|    learning_rate        | 0.0003       |
|    loss                 | 2.52         |
|    n_updates            | 610          |
|    policy_gradient_loss | -0.00539     |
|    value_loss           | 4.99         |
------------------------------------------
------------------------------------------
| rollout/                |              |
|    ep_len_mean          | 9.88         |
|    ep_rew_mean          | 4.63         |
| time/                   |              |
|    fps                  | 308          |
|    iterations           | 124          |
|    time_elapsed         | 205          |
|    total_timesteps      | 63488        |
| train/                  |              |
|    approx_kl            | 0.0016432784 |
|    clip_fraction        | 0.0234       |
|    clip_range           | 0.2          |
|    entropy_loss         | -0.13        |
|    explained_variance   | 0.685        |
|    learning_rate        | 0.0003       |
|    loss                 | 3.83         |
|    n_updates            | 615          |
|    policy_gradient_loss | -0.00686     |
|    value_loss           | 5.58         |
------------------------------------------
------------------------------------------
| rollout/                |              |
|    ep_len_mean          | 8.32         |
|    ep_rew_mean          | 3.54         |
| time/                   |              |
|    fps                  | 308          |
|    iterations           | 125          |
|    time_elapsed         | 207          |
|    total_timesteps      | 64000        |
| train/                  |              |
|    approx_kl            | 0.0027284864 |
|    clip_fraction        | 0.027        |
|    clip_range           | 0.2          |
|    entropy_loss         | -0.17        |
|    explained_variance   | 0.72         |
|    learning_rate        | 0.0003       |
|    loss                 | 2.73         |
|    n_updates            | 620          |
|    policy_gradient_loss | -0.0081      |
|    value_loss           | 5.7          |
------------------------------------------
------------------------------------------
| rollout/                |              |
|    ep_len_mean          | 10.3         |
|    ep_rew_mean          | 4.48         |
| time/                   |              |
|    fps                  | 308          |
|    iterations           | 126          |
|    time_elapsed         | 209          |
|    total_timesteps      | 64512        |
| train/                  |              |
|    approx_kl            | 0.0009668551 |
|    clip_fraction        | 0.0211       |
|    clip_range           | 0.2          |
|    entropy_loss         | -0.187       |
|    explained_variance   | 0.526        |
|    learning_rate        | 0.0003       |
|    loss                 | 2.42         |
|    n_updates            | 625          |
|    policy_gradient_loss | -0.00176     |
|    value_loss           | 4.91         |
------------------------------------------
------------------------------------------
| rollout/                |              |
|    ep_len_mean          | 10.4         |
|    ep_rew_mean          | 4.53         |
| time/                   |              |
|    fps                  | 308          |
|    iterations           | 127          |
|    time_elapsed         | 210          |
|    total_timesteps      | 65024        |
| train/                  |              |
|    approx_kl            | 0.0006545283 |
|    clip_fraction        | 0.0109       |
|    clip_range           | 0.2          |
|    entropy_loss         | -0.172       |
|    explained_variance   | 0.572        |
|    learning_rate        | 0.0003       |
|    loss                 | 2.77         |
|    n_updates            | 630          |
|    policy_gradient_loss | 0.0016       |
|    value_loss           | 6.42         |
------------------------------------------
------------------------------------------
| rollout/                |              |
|    ep_len_mean          | 11.6         |
|    ep_rew_mean          | 5.18         |
| time/                   |              |
|    fps                  | 308          |
|    iterations           | 128          |
|    time_elapsed         | 212          |
|    total_timesteps      | 65536        |
| train/                  |              |
|    approx_kl            | 0.0013691834 |
|    clip_fraction        | 0.0164       |
|    clip_range           | 0.2          |
|    entropy_loss         | -0.135       |
|    explained_variance   | 0.668        |
|    learning_rate        | 0.0003       |
|    loss                 | 2.75         |
|    n_updates            | 635          |
|    policy_gradient_loss | -0.00554     |
|    value_loss           | 5.63         |
------------------------------------------
----------------------------------------
| rollout/                |            |
|    ep_len_mean          | 12.1       |
|    ep_rew_mean          | 5.24       |
| time/                   |            |
|    fps                  | 308        |
|    iterations           | 129        |
|    time_elapsed         | 214        |
|    total_timesteps      | 66048      |
| train/                  |            |
|    approx_kl            | 0.00406729 |
|    clip_fraction        | 0.0187     |
|    clip_range           | 0.2        |
|    entropy_loss         | -0.137     |
|    explained_variance   | 0.7        |
|    learning_rate        | 0.0003     |
|    loss                 | 2.42       |
|    n_updates            | 640        |
|    policy_gradient_loss | 0.00377    |
|    value_loss           | 4.44       |
----------------------------------------
------------------------------------------
| rollout/                |              |
|    ep_len_mean          | 10.6         |
|    ep_rew_mean          | 4.38         |
| time/                   |              |
|    fps                  | 308          |
|    iterations           | 130          |
|    time_elapsed         | 215          |
|    total_timesteps      | 66560        |
| train/                  |              |
|    approx_kl            | 0.0014240269 |
|    clip_fraction        | 0.0199       |
|    clip_range           | 0.2          |
|    entropy_loss         | -0.162       |
|    explained_variance   | 0.484        |
|    learning_rate        | 0.0003       |
|    loss                 | 3.33         |
|    n_updates            | 645          |
|    policy_gradient_loss | -0.00515     |
|    value_loss           | 6.92         |
------------------------------------------
-------------------------------------------
| rollout/                |               |
|    ep_len_mean          | 11.4          |
|    ep_rew_mean          | 4.76          |
| time/                   |               |
|    fps                  | 308           |
|    iterations           | 131           |
|    time_elapsed         | 217           |
|    total_timesteps      | 67072         |
| train/                  |               |
|    approx_kl            | 0.00069804775 |
|    clip_fraction        | 0.00937       |
|    clip_range           | 0.2           |
|    entropy_loss         | -0.19         |
|    explained_variance   | 0.59          |
|    learning_rate        | 0.0003        |
|    loss                 | 2.5           |
|    n_updates            | 650           |
|    policy_gradient_loss | 0.00327       |
|    value_loss           | 6.27          |
-------------------------------------------
-----------------------------------------
| rollout/                |             |
|    ep_len_mean          | 10.6        |
|    ep_rew_mean          | 4.25        |
| time/                   |             |
|    fps                  | 308         |
|    iterations           | 132         |
|    time_elapsed         | 219         |
|    total_timesteps      | 67584       |
| train/                  |             |
|    approx_kl            | 0.009214843 |
|    clip_fraction        | 0.048       |
|    clip_range           | 0.2         |
|    entropy_loss         | -0.221      |
|    explained_variance   | 0.612       |
|    learning_rate        | 0.0003      |
|    loss                 | 4.1         |
|    n_updates            | 655         |
|    policy_gradient_loss | 0.00828     |
|    value_loss           | 7.3         |
-----------------------------------------
-------------------------------------------
| rollout/                |               |
|    ep_len_mean          | 10.8          |
|    ep_rew_mean          | 4.63          |
| time/                   |               |
|    fps                  | 308           |
|    iterations           | 133           |
|    time_elapsed         | 220           |
|    total_timesteps      | 68096         |
| train/                  |               |
|    approx_kl            | 0.00040024845 |
|    clip_fraction        | 0             |
|    clip_range           | 0.2           |
|    entropy_loss         | -0.195        |
|    explained_variance   | 0.531         |
|    learning_rate        | 0.0003        |
|    loss                 | 2.93          |
|    n_updates            | 660           |
|    policy_gradient_loss | -0.000208     |
|    value_loss           | 6.65          |
-------------------------------------------
-------------------------------------------
| rollout/                |               |
|    ep_len_mean          | 11.3          |
|    ep_rew_mean          | 5.08          |
| time/                   |               |
|    fps                  | 308           |
|    iterations           | 134           |
|    time_elapsed         | 222           |
|    total_timesteps      | 68608         |
| train/                  |               |
|    approx_kl            | 0.00013318355 |
|    clip_fraction        | 0.000391      |
|    clip_range           | 0.2           |
|    entropy_loss         | -0.15         |
|    explained_variance   | 0.331         |
|    learning_rate        | 0.0003        |
|    loss                 | 7.45          |
|    n_updates            | 665           |
|    policy_gradient_loss | -0.000991     |
|    value_loss           | 13.4          |
-------------------------------------------
-----------------------------------------
| rollout/                |             |
|    ep_len_mean          | 8.83        |
|    ep_rew_mean          | 3.78        |
| time/                   |             |
|    fps                  | 308         |
|    iterations           | 135         |
|    time_elapsed         | 224         |
|    total_timesteps      | 69120       |
| train/                  |             |
|    approx_kl            | 0.007951334 |
|    clip_fraction        | 0.0207      |
|    clip_range           | 0.2         |
|    entropy_loss         | -0.193      |
|    explained_variance   | 0.672       |
|    learning_rate        | 0.0003      |
|    loss                 | 3.23        |
|    n_updates            | 670         |
|    policy_gradient_loss | 0.00382     |
|    value_loss           | 6.72        |
-----------------------------------------
-------------------------------------------
| rollout/                |               |
|    ep_len_mean          | 8.21          |
|    ep_rew_mean          | 3.58          |
| time/                   |               |
|    fps                  | 308           |
|    iterations           | 136           |
|    time_elapsed         | 225           |
|    total_timesteps      | 69632         |
| train/                  |               |
|    approx_kl            | 0.00044120674 |
|    clip_fraction        | 0.0105        |
|    clip_range           | 0.2           |
|    entropy_loss         | -0.188        |
|    explained_variance   | 0.687         |
|    learning_rate        | 0.0003        |
|    loss                 | 4.74          |
|    n_updates            | 675           |
|    policy_gradient_loss | -0.00387      |
|    value_loss           | 6.1           |
-------------------------------------------
------------------------------------------
| rollout/                |              |
|    ep_len_mean          | 8.99         |
|    ep_rew_mean          | 4.03         |
| time/                   |              |
|    fps                  | 308          |
|    iterations           | 137          |
|    time_elapsed         | 227          |
|    total_timesteps      | 70144        |
| train/                  |              |
|    approx_kl            | 0.0016124444 |
|    clip_fraction        | 0.0387       |
|    clip_range           | 0.2          |
|    entropy_loss         | -0.197       |
|    explained_variance   | 0.546        |
|    learning_rate        | 0.0003       |
|    loss                 | 2.05         |
|    n_updates            | 680          |
|    policy_gradient_loss | -0.0085      |
|    value_loss           | 4.45         |
------------------------------------------
------------------------------------------
| rollout/                |              |
|    ep_len_mean          | 10.1         |
|    ep_rew_mean          | 4.71         |
| time/                   |              |
|    fps                  | 308          |
|    iterations           | 138          |
|    time_elapsed         | 229          |
|    total_timesteps      | 70656        |
| train/                  |              |
|    approx_kl            | 0.0017969682 |
|    clip_fraction        | 0.0176       |
|    clip_range           | 0.2          |
|    entropy_loss         | -0.153       |
|    explained_variance   | 0.568        |
|    learning_rate        | 0.0003       |
|    loss                 | 3.18         |
|    n_updates            | 685          |
|    policy_gradient_loss | -0.00772     |
|    value_loss           | 8.37         |
------------------------------------------
------------------------------------------
| rollout/                |              |
|    ep_len_mean          | 10.5         |
|    ep_rew_mean          | 4.84         |
| time/                   |              |
|    fps                  | 308          |
|    iterations           | 139          |
|    time_elapsed         | 231          |
|    total_timesteps      | 71168        |
| train/                  |              |
|    approx_kl            | 0.0017017326 |
|    clip_fraction        | 0.0195       |
|    clip_range           | 0.2          |
|    entropy_loss         | -0.148       |
|    explained_variance   | 0.669        |
|    learning_rate        | 0.0003       |
|    loss                 | 2.63         |
|    n_updates            | 690          |
|    policy_gradient_loss | -0.00707     |
|    value_loss           | 4.16         |
------------------------------------------
------------------------------------------
| rollout/                |              |
|    ep_len_mean          | 9.3          |
|    ep_rew_mean          | 4.36         |
| time/                   |              |
|    fps                  | 307          |
|    iterations           | 140          |
|    time_elapsed         | 232          |
|    total_timesteps      | 71680        |
| train/                  |              |
|    approx_kl            | 0.0009950798 |
|    clip_fraction        | 0.00859      |
|    clip_range           | 0.2          |
|    entropy_loss         | -0.193       |
|    explained_variance   | 0.603        |
|    learning_rate        | 0.0003       |
|    loss                 | 2.7          |
|    n_updates            | 695          |
|    policy_gradient_loss | -0.0032      |
|    value_loss           | 5.36         |
------------------------------------------
-------------------------------------------
| rollout/                |               |
|    ep_len_mean          | 9.74          |
|    ep_rew_mean          | 4.8           |
| time/                   |               |
|    fps                  | 308           |
|    iterations           | 141           |
|    time_elapsed         | 234           |
|    total_timesteps      | 72192         |
| train/                  |               |
|    approx_kl            | 0.00044275098 |
|    clip_fraction        | 0.0242        |
|    clip_range           | 0.2           |
|    entropy_loss         | -0.155        |
|    explained_variance   | 0.67          |
|    learning_rate        | 0.0003        |
|    loss                 | 2.26          |
|    n_updates            | 700           |
|    policy_gradient_loss | -0.00594      |
|    value_loss           | 5.48          |
-------------------------------------------
-----------------------------------------
| rollout/                |             |
|    ep_len_mean          | 10.8        |
|    ep_rew_mean          | 5.35        |
| time/                   |             |
|    fps                  | 308         |
|    iterations           | 142         |
|    time_elapsed         | 235         |
|    total_timesteps      | 72704       |
| train/                  |             |
|    approx_kl            | 0.006445809 |
|    clip_fraction        | 0.0363      |
|    clip_range           | 0.2         |
|    entropy_loss         | -0.177      |
|    explained_variance   | 0.571       |
|    learning_rate        | 0.0003      |
|    loss                 | 6.17        |
|    n_updates            | 705         |
|    policy_gradient_loss | 0.00229     |
|    value_loss           | 10.4        |
-----------------------------------------
------------------------------------------
| rollout/                |              |
|    ep_len_mean          | 9.76         |
|    ep_rew_mean          | 4.58         |
| time/                   |              |
|    fps                  | 308          |
|    iterations           | 143          |
|    time_elapsed         | 237          |
|    total_timesteps      | 73216        |
| train/                  |              |
|    approx_kl            | 0.0013406661 |
|    clip_fraction        | 0.0168       |
|    clip_range           | 0.2          |
|    entropy_loss         | -0.108       |
|    explained_variance   | 0.588        |
|    learning_rate        | 0.0003       |
|    loss                 | 2.8          |
|    n_updates            | 710          |
|    policy_gradient_loss | -0.00761     |
|    value_loss           | 4.78         |
------------------------------------------
----------------------------------------
| rollout/                |            |
|    ep_len_mean          | 10.5       |
|    ep_rew_mean          | 4.7        |
| time/                   |            |
|    fps                  | 308        |
|    iterations           | 144        |
|    time_elapsed         | 239        |
|    total_timesteps      | 73728      |
| train/                  |            |
|    approx_kl            | 0.00214863 |
|    clip_fraction        | 0.0262     |
|    clip_range           | 0.2        |
|    entropy_loss         | -0.163     |
|    explained_variance   | 0.529      |
|    learning_rate        | 0.0003     |
|    loss                 | 1.77       |
|    n_updates            | 715        |
|    policy_gradient_loss | -0.00552   |
|    value_loss           | 3.66       |
----------------------------------------
-------------------------------------------
| rollout/                |               |
|    ep_len_mean          | 11.9          |
|    ep_rew_mean          | 5.49          |
| time/                   |               |
|    fps                  | 308           |
|    iterations           | 145           |
|    time_elapsed         | 240           |
|    total_timesteps      | 74240         |
| train/                  |               |
|    approx_kl            | 0.00087088137 |
|    clip_fraction        | 0.0102        |
|    clip_range           | 0.2           |
|    entropy_loss         | -0.141        |
|    explained_variance   | 0.45          |
|    learning_rate        | 0.0003        |
|    loss                 | 4.2           |
|    n_updates            | 720           |
|    policy_gradient_loss | -0.00447      |
|    value_loss           | 8.74          |
-------------------------------------------
-------------------------------------------
| rollout/                |               |
|    ep_len_mean          | 10.6          |
|    ep_rew_mean          | 4.46          |
| time/                   |               |
|    fps                  | 308           |
|    iterations           | 146           |
|    time_elapsed         | 242           |
|    total_timesteps      | 74752         |
| train/                  |               |
|    approx_kl            | 0.00035684672 |
|    clip_fraction        | 0.0105        |
|    clip_range           | 0.2           |
|    entropy_loss         | -0.172        |
|    explained_variance   | 0.684         |
|    learning_rate        | 0.0003        |
|    loss                 | 1.37          |
|    n_updates            | 725           |
|    policy_gradient_loss | -0.00491      |
|    value_loss           | 3.74          |
-------------------------------------------
-------------------------------------------
| rollout/                |               |
|    ep_len_mean          | 11.3          |
|    ep_rew_mean          | 4.78          |
| time/                   |               |
|    fps                  | 308           |
|    iterations           | 147           |
|    time_elapsed         | 244           |
|    total_timesteps      | 75264         |
| train/                  |               |
|    approx_kl            | 0.00038447703 |
|    clip_fraction        | 0.0156        |
|    clip_range           | 0.2           |
|    entropy_loss         | -0.153        |
|    explained_variance   | 0.492         |
|    learning_rate        | 0.0003        |
|    loss                 | 2.48          |
|    n_updates            | 730           |
|    policy_gradient_loss | -0.00489      |
|    value_loss           | 5.65          |
-------------------------------------------
------------------------------------------
| rollout/                |              |
|    ep_len_mean          | 12.7         |
|    ep_rew_mean          | 6.03         |
| time/                   |              |
|    fps                  | 308          |
|    iterations           | 148          |
|    time_elapsed         | 245          |
|    total_timesteps      | 75776        |
| train/                  |              |
|    approx_kl            | 0.0011362906 |
|    clip_fraction        | 0.00898      |
|    clip_range           | 0.2          |
|    entropy_loss         | -0.13        |
|    explained_variance   | 0.597        |
|    learning_rate        | 0.0003       |
|    loss                 | 4.32         |
|    n_updates            | 735          |
|    policy_gradient_loss | -7.84e-05    |
|    value_loss           | 10.2         |
------------------------------------------
-----------------------------------------
| rollout/                |             |
|    ep_len_mean          | 12.7        |
|    ep_rew_mean          | 6.08        |
| time/                   |             |
|    fps                  | 308         |
|    iterations           | 149         |
|    time_elapsed         | 247         |
|    total_timesteps      | 76288       |
| train/                  |             |
|    approx_kl            | 0.000404754 |
|    clip_fraction        | 0.00156     |
|    clip_range           | 0.2         |
|    entropy_loss         | -0.142      |
|    explained_variance   | 0.523       |
|    learning_rate        | 0.0003      |
|    loss                 | 5.44        |
|    n_updates            | 740         |
|    policy_gradient_loss | -0.00229    |
|    value_loss           | 11.2        |
-----------------------------------------
------------------------------------------
| rollout/                |              |
|    ep_len_mean          | 11.4         |
|    ep_rew_mean          | 4.81         |
| time/                   |              |
|    fps                  | 308          |
|    iterations           | 150          |
|    time_elapsed         | 248          |
|    total_timesteps      | 76800        |
| train/                  |              |
|    approx_kl            | 0.0004712905 |
|    clip_fraction        | 0.00664      |
|    clip_range           | 0.2          |
|    entropy_loss         | -0.17        |
|    explained_variance   | 0.612        |
|    learning_rate        | 0.0003       |
|    loss                 | 3.27         |
|    n_updates            | 745          |
|    policy_gradient_loss | -0.00287     |
|    value_loss           | 6.61         |
------------------------------------------
-----------------------------------------
| rollout/                |             |
|    ep_len_mean          | 10.6        |
|    ep_rew_mean          | 4.07        |
| time/                   |             |
|    fps                  | 308         |
|    iterations           | 151         |
|    time_elapsed         | 250         |
|    total_timesteps      | 77312       |
| train/                  |             |
|    approx_kl            | 0.008232522 |
|    clip_fraction        | 0.034       |
|    clip_range           | 0.2         |
|    entropy_loss         | -0.178      |
|    explained_variance   | 0.598       |
|    learning_rate        | 0.0003      |
|    loss                 | 2.57        |
|    n_updates            | 750         |
|    policy_gradient_loss | 0.00414     |
|    value_loss           | 5.59        |
-----------------------------------------
------------------------------------------
| rollout/                |              |
|    ep_len_mean          | 11           |
|    ep_rew_mean          | 4.69         |
| time/                   |              |
|    fps                  | 308          |
|    iterations           | 152          |
|    time_elapsed         | 252          |
|    total_timesteps      | 77824        |
| train/                  |              |
|    approx_kl            | 0.0017144075 |
|    clip_fraction        | 0.0129       |
|    clip_range           | 0.2          |
|    entropy_loss         | -0.148       |
|    explained_variance   | 0.581        |
|    learning_rate        | 0.0003       |
|    loss                 | 2.02         |
|    n_updates            | 755          |
|    policy_gradient_loss | -0.00237     |
|    value_loss           | 5.46         |
------------------------------------------
------------------------------------------
| rollout/                |              |
|    ep_len_mean          | 11.3         |
|    ep_rew_mean          | 4.99         |
| time/                   |              |
|    fps                  | 308          |
|    iterations           | 153          |
|    time_elapsed         | 253          |
|    total_timesteps      | 78336        |
| train/                  |              |
|    approx_kl            | 0.0022215785 |
|    clip_fraction        | 0.0129       |
|    clip_range           | 0.2          |
|    entropy_loss         | -0.149       |
|    explained_variance   | 0.585        |
|    learning_rate        | 0.0003       |
|    loss                 | 2.14         |
|    n_updates            | 760          |
|    policy_gradient_loss | 0.000856     |
|    value_loss           | 4.08         |
------------------------------------------
-----------------------------------------
| rollout/                |             |
|    ep_len_mean          | 12.5        |
|    ep_rew_mean          | 5.78        |
| time/                   |             |
|    fps                  | 308         |
|    iterations           | 154         |
|    time_elapsed         | 255         |
|    total_timesteps      | 78848       |
| train/                  |             |
|    approx_kl            | 0.008896597 |
|    clip_fraction        | 0.091       |
|    clip_range           | 0.2         |
|    entropy_loss         | -0.197      |
|    explained_variance   | 0.611       |
|    learning_rate        | 0.0003      |
|    loss                 | 2.94        |
|    n_updates            | 765         |
|    policy_gradient_loss | 0.012       |
|    value_loss           | 6.54        |
-----------------------------------------
------------------------------------------
| rollout/                |              |
|    ep_len_mean          | 12.9         |
|    ep_rew_mean          | 5.58         |
| time/                   |              |
|    fps                  | 308          |
|    iterations           | 155          |
|    time_elapsed         | 257          |
|    total_timesteps      | 79360        |
| train/                  |              |
|    approx_kl            | 0.0008622636 |
|    clip_fraction        | 0.0191       |
|    clip_range           | 0.2          |
|    entropy_loss         | -0.106       |
|    explained_variance   | 0.6          |
|    learning_rate        | 0.0003       |
|    loss                 | 1.97         |
|    n_updates            | 770          |
|    policy_gradient_loss | -0.00717     |
|    value_loss           | 5.72         |
------------------------------------------
-----------------------------------------
| rollout/                |             |
|    ep_len_mean          | 11.2        |
|    ep_rew_mean          | 4.89        |
| time/                   |             |
|    fps                  | 308         |
|    iterations           | 156         |
|    time_elapsed         | 258         |
|    total_timesteps      | 79872       |
| train/                  |             |
|    approx_kl            | 0.024583377 |
|    clip_fraction        | 0.0758      |
|    clip_range           | 0.2         |
|    entropy_loss         | -0.168      |
|    explained_variance   | 0.485       |
|    learning_rate        | 0.0003      |
|    loss                 | 5.26        |
|    n_updates            | 775         |
|    policy_gradient_loss | 0.00497     |
|    value_loss           | 13.7        |
-----------------------------------------
-----------------------------------------
| rollout/                |             |
|    ep_len_mean          | 10.2        |
|    ep_rew_mean          | 4.81        |
| time/                   |             |
|    fps                  | 308         |
|    iterations           | 157         |
|    time_elapsed         | 260         |
|    total_timesteps      | 80384       |
| train/                  |             |
|    approx_kl            | 0.002557585 |
|    clip_fraction        | 0.0281      |
|    clip_range           | 0.2         |
|    entropy_loss         | -0.16       |
|    explained_variance   | 0.721       |
|    learning_rate        | 0.0003      |
|    loss                 | 2.27        |
|    n_updates            | 780         |
|    policy_gradient_loss | -0.00887    |
|    value_loss           | 4.89        |
-----------------------------------------
------------------------------------------
| rollout/                |              |
|    ep_len_mean          | 8.64         |
|    ep_rew_mean          | 3.42         |
| time/                   |              |
|    fps                  | 308          |
|    iterations           | 158          |
|    time_elapsed         | 261          |
|    total_timesteps      | 80896        |
| train/                  |              |
|    approx_kl            | 0.0004136017 |
|    clip_fraction        | 0.00547      |
|    clip_range           | 0.2          |
|    entropy_loss         | -0.153       |
|    explained_variance   | 0.455        |
|    learning_rate        | 0.0003       |
|    loss                 | 3.32         |
|    n_updates            | 785          |
|    policy_gradient_loss | -0.00312     |
|    value_loss           | 6.89         |
------------------------------------------
-------------------------------------------
| rollout/                |               |
|    ep_len_mean          | 7.99          |
|    ep_rew_mean          | 3.28          |
| time/                   |               |
|    fps                  | 308           |
|    iterations           | 159           |
|    time_elapsed         | 263           |
|    total_timesteps      | 81408         |
| train/                  |               |
|    approx_kl            | 0.00038292527 |
|    clip_fraction        | 0.059         |
|    clip_range           | 0.2           |
|    entropy_loss         | -0.248        |
|    explained_variance   | 0.602         |
|    learning_rate        | 0.0003        |
|    loss                 | 1.48          |
|    n_updates            | 790           |
|    policy_gradient_loss | 0.00327       |
|    value_loss           | 4.66          |
-------------------------------------------
-------------------------------------------
| rollout/                |               |
|    ep_len_mean          | 9.66          |
|    ep_rew_mean          | 4.28          |
| time/                   |               |
|    fps                  | 308           |
|    iterations           | 160           |
|    time_elapsed         | 265           |
|    total_timesteps      | 81920         |
| train/                  |               |
|    approx_kl            | 0.00013813237 |
|    clip_fraction        | 0.0145        |
|    clip_range           | 0.2           |
|    entropy_loss         | -0.18         |
|    explained_variance   | 0.613         |
|    learning_rate        | 0.0003        |
|    loss                 | 4.28          |
|    n_updates            | 795           |
|    policy_gradient_loss | 0.000708      |
|    value_loss           | 8.23          |
-------------------------------------------
------------------------------------------
| rollout/                |              |
|    ep_len_mean          | 11.5         |
|    ep_rew_mean          | 5.1          |
| time/                   |              |
|    fps                  | 308          |
|    iterations           | 161          |
|    time_elapsed         | 266          |
|    total_timesteps      | 82432        |
| train/                  |              |
|    approx_kl            | 0.0016822241 |
|    clip_fraction        | 0.00977      |
|    clip_range           | 0.2          |
|    entropy_loss         | -0.19        |
|    explained_variance   | 0.516        |
|    learning_rate        | 0.0003       |
|    loss                 | 3.45         |
|    n_updates            | 800          |
|    policy_gradient_loss | -0.0032      |
|    value_loss           | 6.32         |
------------------------------------------
------------------------------------------
| rollout/                |              |
|    ep_len_mean          | 10.9         |
|    ep_rew_mean          | 5.11         |
| time/                   |              |
|    fps                  | 308          |
|    iterations           | 162          |
|    time_elapsed         | 268          |
|    total_timesteps      | 82944        |
| train/                  |              |
|    approx_kl            | 0.0005317851 |
|    clip_fraction        | 0.00664      |
|    clip_range           | 0.2          |
|    entropy_loss         | -0.123       |
|    explained_variance   | 0.614        |
|    learning_rate        | 0.0003       |
|    loss                 | 3.6          |
|    n_updates            | 805          |
|    policy_gradient_loss | -0.00204     |
|    value_loss           | 7.11         |
------------------------------------------
------------------------------------------
| rollout/                |              |
|    ep_len_mean          | 9.99         |
|    ep_rew_mean          | 4.45         |
| time/                   |              |
|    fps                  | 308          |
|    iterations           | 163          |
|    time_elapsed         | 270          |
|    total_timesteps      | 83456        |
| train/                  |              |
|    approx_kl            | 0.0010877395 |
|    clip_fraction        | 0.0242       |
|    clip_range           | 0.2          |
|    entropy_loss         | -0.166       |
|    explained_variance   | 0.734        |
|    learning_rate        | 0.0003       |
|    loss                 | 1.6          |
|    n_updates            | 810          |
|    policy_gradient_loss | -0.00573     |
|    value_loss           | 3.7          |
------------------------------------------
------------------------------------------
| rollout/                |              |
|    ep_len_mean          | 9.64         |
|    ep_rew_mean          | 4.21         |
| time/                   |              |
|    fps                  | 308          |
|    iterations           | 164          |
|    time_elapsed         | 271          |
|    total_timesteps      | 83968        |
| train/                  |              |
|    approx_kl            | 0.0030218791 |
|    clip_fraction        | 0.0211       |
|    clip_range           | 0.2          |
|    entropy_loss         | -0.172       |
|    explained_variance   | 0.624        |
|    learning_rate        | 0.0003       |
|    loss                 | 2.88         |
|    n_updates            | 815          |
|    policy_gradient_loss | -0.000176    |
|    value_loss           | 5.05         |
------------------------------------------
-------------------------------------------
| rollout/                |               |
|    ep_len_mean          | 9.07          |
|    ep_rew_mean          | 4.04          |
| time/                   |               |
|    fps                  | 308           |
|    iterations           | 165           |
|    time_elapsed         | 273           |
|    total_timesteps      | 84480         |
| train/                  |               |
|    approx_kl            | 0.00093124073 |
|    clip_fraction        | 0.0145        |
|    clip_range           | 0.2           |
|    entropy_loss         | -0.177        |
|    explained_variance   | 0.745         |
|    learning_rate        | 0.0003        |
|    loss                 | 1.45          |
|    n_updates            | 820           |
|    policy_gradient_loss | -0.00565      |
|    value_loss           | 3.65          |
-------------------------------------------
------------------------------------------
| rollout/                |              |
|    ep_len_mean          | 9.66         |
|    ep_rew_mean          | 4.26         |
| time/                   |              |
|    fps                  | 308          |
|    iterations           | 166          |
|    time_elapsed         | 275          |
|    total_timesteps      | 84992        |
| train/                  |              |
|    approx_kl            | 0.0027383722 |
|    clip_fraction        | 0.0348       |
|    clip_range           | 0.2          |
|    entropy_loss         | -0.143       |
|    explained_variance   | 0.528        |
|    learning_rate        | 0.0003       |
|    loss                 | 2.98         |
|    n_updates            | 825          |
|    policy_gradient_loss | -0.00948     |
|    value_loss           | 5.55         |
------------------------------------------
------------------------------------------
| rollout/                |              |
|    ep_len_mean          | 10.6         |
|    ep_rew_mean          | 4.86         |
| time/                   |              |
|    fps                  | 309          |
|    iterations           | 167          |
|    time_elapsed         | 276          |
|    total_timesteps      | 85504        |
| train/                  |              |
|    approx_kl            | 0.0021426813 |
|    clip_fraction        | 0.018        |
|    clip_range           | 0.2          |
|    entropy_loss         | -0.155       |
|    explained_variance   | 0.488        |
|    learning_rate        | 0.0003       |
|    loss                 | 3.94         |
|    n_updates            | 830          |
|    policy_gradient_loss | -0.00418     |
|    value_loss           | 6.66         |
------------------------------------------
------------------------------------------
| rollout/                |              |
|    ep_len_mean          | 12           |
|    ep_rew_mean          | 5.42         |
| time/                   |              |
|    fps                  | 309          |
|    iterations           | 168          |
|    time_elapsed         | 278          |
|    total_timesteps      | 86016        |
| train/                  |              |
|    approx_kl            | 0.0037102085 |
|    clip_fraction        | 0.0293       |
|    clip_range           | 0.2          |
|    entropy_loss         | -0.126       |
|    explained_variance   | 0.719        |
|    learning_rate        | 0.0003       |
|    loss                 | 2.02         |
|    n_updates            | 835          |
|    policy_gradient_loss | -0.00731     |
|    value_loss           | 4.16         |
------------------------------------------
------------------------------------------
| rollout/                |              |
|    ep_len_mean          | 11.6         |
|    ep_rew_mean          | 4.89         |
| time/                   |              |
|    fps                  | 309          |
|    iterations           | 169          |
|    time_elapsed         | 279          |
|    total_timesteps      | 86528        |
| train/                  |              |
|    approx_kl            | 0.0050912434 |
|    clip_fraction        | 0.0816       |
|    clip_range           | 0.2          |
|    entropy_loss         | -0.263       |
|    explained_variance   | 0.523        |
|    learning_rate        | 0.0003       |
|    loss                 | 4.1          |
|    n_updates            | 840          |
|    policy_gradient_loss | 0.0154       |
|    value_loss           | 7.53         |
------------------------------------------
------------------------------------------
| rollout/                |              |
|    ep_len_mean          | 9.89         |
|    ep_rew_mean          | 4.33         |
| time/                   |              |
|    fps                  | 309          |
|    iterations           | 170          |
|    time_elapsed         | 281          |
|    total_timesteps      | 87040        |
| train/                  |              |
|    approx_kl            | 0.0033004915 |
|    clip_fraction        | 0.0277       |
|    clip_range           | 0.2          |
|    entropy_loss         | -0.171       |
|    explained_variance   | 0.405        |
|    learning_rate        | 0.0003       |
|    loss                 | 2.88         |
|    n_updates            | 845          |
|    policy_gradient_loss | -0.00884     |
|    value_loss           | 6.71         |
------------------------------------------
------------------------------------------
| rollout/                |              |
|    ep_len_mean          | 10.6         |
|    ep_rew_mean          | 4.57         |
| time/                   |              |
|    fps                  | 309          |
|    iterations           | 171          |
|    time_elapsed         | 283          |
|    total_timesteps      | 87552        |
| train/                  |              |
|    approx_kl            | 0.0012245905 |
|    clip_fraction        | 0.0102       |
|    clip_range           | 0.2          |
|    entropy_loss         | -0.175       |
|    explained_variance   | 0.423        |
|    learning_rate        | 0.0003       |
|    loss                 | 2.7          |
|    n_updates            | 850          |
|    policy_gradient_loss | -0.0062      |
|    value_loss           | 6.17         |
------------------------------------------
-------------------------------------------
| rollout/                |               |
|    ep_len_mean          | 12.2          |
|    ep_rew_mean          | 5.64          |
| time/                   |               |
|    fps                  | 309           |
|    iterations           | 172           |
|    time_elapsed         | 284           |
|    total_timesteps      | 88064         |
| train/                  |               |
|    approx_kl            | 0.00076733786 |
|    clip_fraction        | 0.00781       |
|    clip_range           | 0.2           |
|    entropy_loss         | -0.14         |
|    explained_variance   | 0.652         |
|    learning_rate        | 0.0003        |
|    loss                 | 2.64          |
|    n_updates            | 855           |
|    policy_gradient_loss | -0.00116      |
|    value_loss           | 5.17          |
-------------------------------------------
------------------------------------------
| rollout/                |              |
|    ep_len_mean          | 12           |
|    ep_rew_mean          | 5.67         |
| time/                   |              |
|    fps                  | 309          |
|    iterations           | 173          |
|    time_elapsed         | 286          |
|    total_timesteps      | 88576        |
| train/                  |              |
|    approx_kl            | 0.0004125801 |
|    clip_fraction        | 0.0121       |
|    clip_range           | 0.2          |
|    entropy_loss         | -0.138       |
|    explained_variance   | 0.528        |
|    learning_rate        | 0.0003       |
|    loss                 | 2.54         |
|    n_updates            | 860          |
|    policy_gradient_loss | -0.000526    |
|    value_loss           | 11.4         |
------------------------------------------
------------------------------------------
| rollout/                |              |
|    ep_len_mean          | 12.2         |
|    ep_rew_mean          | 5.51         |
| time/                   |              |
|    fps                  | 309          |
|    iterations           | 174          |
|    time_elapsed         | 287          |
|    total_timesteps      | 89088        |
| train/                  |              |
|    approx_kl            | 0.0008550036 |
|    clip_fraction        | 0.00508      |
|    clip_range           | 0.2          |
|    entropy_loss         | -0.159       |
|    explained_variance   | 0.645        |
|    learning_rate        | 0.0003       |
|    loss                 | 2.66         |
|    n_updates            | 865          |
|    policy_gradient_loss | -0.0051      |
|    value_loss           | 5.13         |
------------------------------------------
------------------------------------------
| rollout/                |              |
|    ep_len_mean          | 11.9         |
|    ep_rew_mean          | 5.1          |
| time/                   |              |
|    fps                  | 309          |
|    iterations           | 175          |
|    time_elapsed         | 289          |
|    total_timesteps      | 89600        |
| train/                  |              |
|    approx_kl            | 0.0009601311 |
|    clip_fraction        | 0.0102       |
|    clip_range           | 0.2          |
|    entropy_loss         | -0.145       |
|    explained_variance   | 0.672        |
|    learning_rate        | 0.0003       |
|    loss                 | 3.3          |
|    n_updates            | 870          |
|    policy_gradient_loss | -0.00628     |
|    value_loss           | 6.75         |
------------------------------------------
------------------------------------------
| rollout/                |              |
|    ep_len_mean          | 11.9         |
|    ep_rew_mean          | 5.01         |
| time/                   |              |
|    fps                  | 309          |
|    iterations           | 176          |
|    time_elapsed         | 291          |
|    total_timesteps      | 90112        |
| train/                  |              |
|    approx_kl            | 0.0022823706 |
|    clip_fraction        | 0.0238       |
|    clip_range           | 0.2          |
|    entropy_loss         | -0.17        |
|    explained_variance   | 0.611        |
|    learning_rate        | 0.0003       |
|    loss                 | 3.59         |
|    n_updates            | 875          |
|    policy_gradient_loss | 0.00244      |
|    value_loss           | 6.94         |
------------------------------------------
------------------------------------------
| rollout/                |              |
|    ep_len_mean          | 11.2         |
|    ep_rew_mean          | 4.8          |
| time/                   |              |
|    fps                  | 309          |
|    iterations           | 177          |
|    time_elapsed         | 292          |
|    total_timesteps      | 90624        |
| train/                  |              |
|    approx_kl            | 0.0012533065 |
|    clip_fraction        | 0.0152       |
|    clip_range           | 0.2          |
|    entropy_loss         | -0.129       |
|    explained_variance   | 0.637        |
|    learning_rate        | 0.0003       |
|    loss                 | 2.07         |
|    n_updates            | 880          |
|    policy_gradient_loss | -0.0047      |
|    value_loss           | 4.62         |
------------------------------------------
-------------------------------------------
| rollout/                |               |
|    ep_len_mean          | 11.9          |
|    ep_rew_mean          | 5.49          |
| time/                   |               |
|    fps                  | 309           |
|    iterations           | 178           |
|    time_elapsed         | 294           |
|    total_timesteps      | 91136         |
| train/                  |               |
|    approx_kl            | 0.00017330318 |
|    clip_fraction        | 0.018         |
|    clip_range           | 0.2           |
|    entropy_loss         | -0.143        |
|    explained_variance   | 0.68          |
|    learning_rate        | 0.0003        |
|    loss                 | 2.78          |
|    n_updates            | 885           |
|    policy_gradient_loss | 0.00309       |
|    value_loss           | 4.67          |
-------------------------------------------
-------------------------------------------
| rollout/                |               |
|    ep_len_mean          | 11.8          |
|    ep_rew_mean          | 5.28          |
| time/                   |               |
|    fps                  | 309           |
|    iterations           | 179           |
|    time_elapsed         | 296           |
|    total_timesteps      | 91648         |
| train/                  |               |
|    approx_kl            | 0.00018429948 |
|    clip_fraction        | 0.00508       |
|    clip_range           | 0.2           |
|    entropy_loss         | -0.12         |
|    explained_variance   | 0.639         |
|    learning_rate        | 0.0003        |
|    loss                 | 2.3           |
|    n_updates            | 890           |
|    policy_gradient_loss | -0.00184      |
|    value_loss           | 5.16          |
-------------------------------------------
----------------------------------------
| rollout/                |            |
|    ep_len_mean          | 12         |
|    ep_rew_mean          | 5.44       |
| time/                   |            |
|    fps                  | 309        |
|    iterations           | 180        |
|    time_elapsed         | 297        |
|    total_timesteps      | 92160      |
| train/                  |            |
|    approx_kl            | 0.01617743 |
|    clip_fraction        | 0.0547     |
|    clip_range           | 0.2        |
|    entropy_loss         | -0.148     |
|    explained_variance   | 0.67       |
|    learning_rate        | 0.0003     |
|    loss                 | 5.06       |
|    n_updates            | 895        |
|    policy_gradient_loss | 0.00571    |
|    value_loss           | 8.23       |
----------------------------------------
------------------------------------------
| rollout/                |              |
|    ep_len_mean          | 11.2         |
|    ep_rew_mean          | 5.33         |
| time/                   |              |
|    fps                  | 309          |
|    iterations           | 181          |
|    time_elapsed         | 299          |
|    total_timesteps      | 92672        |
| train/                  |              |
|    approx_kl            | 0.0002287309 |
|    clip_fraction        | 0.00625      |
|    clip_range           | 0.2          |
|    entropy_loss         | -0.141       |
|    explained_variance   | 0.564        |
|    learning_rate        | 0.0003       |
|    loss                 | 3.02         |
|    n_updates            | 900          |
|    policy_gradient_loss | -0.00332     |
|    value_loss           | 6.47         |
------------------------------------------
-----------------------------------------
| rollout/                |             |
|    ep_len_mean          | 11.4        |
|    ep_rew_mean          | 5.48        |
| time/                   |             |
|    fps                  | 308         |
|    iterations           | 182         |
|    time_elapsed         | 301         |
|    total_timesteps      | 93184       |
| train/                  |             |
|    approx_kl            | 0.005241251 |
|    clip_fraction        | 0.0383      |
|    clip_range           | 0.2         |
|    entropy_loss         | -0.132      |
|    explained_variance   | 0.48        |
|    learning_rate        | 0.0003      |
|    loss                 | 2.68        |
|    n_updates            | 905         |
|    policy_gradient_loss | -0.00856    |
|    value_loss           | 6.23        |
-----------------------------------------
-------------------------------------------
| rollout/                |               |
|    ep_len_mean          | 12.1          |
|    ep_rew_mean          | 6.14          |
| time/                   |               |
|    fps                  | 308           |
|    iterations           | 183           |
|    time_elapsed         | 303           |
|    total_timesteps      | 93696         |
| train/                  |               |
|    approx_kl            | 0.00027880876 |
|    clip_fraction        | 0.0043        |
|    clip_range           | 0.2           |
|    entropy_loss         | -0.151        |
|    explained_variance   | 0.687         |
|    learning_rate        | 0.0003        |
|    loss                 | 2.01          |
|    n_updates            | 910           |
|    policy_gradient_loss | -0.000187     |
|    value_loss           | 5.36          |
-------------------------------------------
------------------------------------------
| rollout/                |              |
|    ep_len_mean          | 11.9         |
|    ep_rew_mean          | 5.85         |
| time/                   |              |
|    fps                  | 308          |
|    iterations           | 184          |
|    time_elapsed         | 305          |
|    total_timesteps      | 94208        |
| train/                  |              |
|    approx_kl            | 0.0010271596 |
|    clip_fraction        | 0.0207       |
|    clip_range           | 0.2          |
|    entropy_loss         | -0.139       |
|    explained_variance   | 0.732        |
|    learning_rate        | 0.0003       |
|    loss                 | 2.28         |
|    n_updates            | 915          |
|    policy_gradient_loss | -0.00444     |
|    value_loss           | 5.11         |
------------------------------------------
------------------------------------------
| rollout/                |              |
|    ep_len_mean          | 12.3         |
|    ep_rew_mean          | 6            |
| time/                   |              |
|    fps                  | 308          |
|    iterations           | 185          |
|    time_elapsed         | 307          |
|    total_timesteps      | 94720        |
| train/                  |              |
|    approx_kl            | 0.0018780245 |
|    clip_fraction        | 0.0148       |
|    clip_range           | 0.2          |
|    entropy_loss         | -0.132       |
|    explained_variance   | 0.617        |
|    learning_rate        | 0.0003       |
|    loss                 | 1.44         |
|    n_updates            | 920          |
|    policy_gradient_loss | -0.00447     |
|    value_loss           | 3.82         |
------------------------------------------
-----------------------------------------
| rollout/                |             |
|    ep_len_mean          | 11.5        |
|    ep_rew_mean          | 5.36        |
| time/                   |             |
|    fps                  | 308         |
|    iterations           | 186         |
|    time_elapsed         | 309         |
|    total_timesteps      | 95232       |
| train/                  |             |
|    approx_kl            | 0.017100172 |
|    clip_fraction        | 0.0578      |
|    clip_range           | 0.2         |
|    entropy_loss         | -0.187      |
|    explained_variance   | 0.756       |
|    learning_rate        | 0.0003      |
|    loss                 | 1.34        |
|    n_updates            | 925         |
|    policy_gradient_loss | 0.013       |
|    value_loss           | 3.45        |
-----------------------------------------
------------------------------------------
| rollout/                |              |
|    ep_len_mean          | 10.4         |
|    ep_rew_mean          | 4.67         |
| time/                   |              |
|    fps                  | 308          |
|    iterations           | 187          |
|    time_elapsed         | 310          |
|    total_timesteps      | 95744        |
| train/                  |              |
|    approx_kl            | 0.0019773326 |
|    clip_fraction        | 0.0312       |
|    clip_range           | 0.2          |
|    entropy_loss         | -0.184       |
|    explained_variance   | 0.736        |
|    learning_rate        | 0.0003       |
|    loss                 | 2.49         |
|    n_updates            | 930          |
|    policy_gradient_loss | -0.00695     |
|    value_loss           | 5.66         |
------------------------------------------
------------------------------------------
| rollout/                |              |
|    ep_len_mean          | 11.3         |
|    ep_rew_mean          | 4.5          |
| time/                   |              |
|    fps                  | 308          |
|    iterations           | 188          |
|    time_elapsed         | 312          |
|    total_timesteps      | 96256        |
| train/                  |              |
|    approx_kl            | 0.0006384153 |
|    clip_fraction        | 0.0152       |
|    clip_range           | 0.2          |
|    entropy_loss         | -0.132       |
|    explained_variance   | 0.626        |
|    learning_rate        | 0.0003       |
|    loss                 | 3.06         |
|    n_updates            | 935          |
|    policy_gradient_loss | -0.00555     |
|    value_loss           | 7.63         |
------------------------------------------
-----------------------------------------
| rollout/                |             |
|    ep_len_mean          | 11.2        |
|    ep_rew_mean          | 4.36        |
| time/                   |             |
|    fps                  | 308         |
|    iterations           | 189         |
|    time_elapsed         | 314         |
|    total_timesteps      | 96768       |
| train/                  |             |
|    approx_kl            | 0.004229268 |
|    clip_fraction        | 0.0605      |
|    clip_range           | 0.2         |
|    entropy_loss         | -0.246      |
|    explained_variance   | 0.482       |
|    learning_rate        | 0.0003      |
|    loss                 | 2.34        |
|    n_updates            | 940         |
|    policy_gradient_loss | 0.0034      |
|    value_loss           | 5.97        |
-----------------------------------------
------------------------------------------
| rollout/                |              |
|    ep_len_mean          | 10.7         |
|    ep_rew_mean          | 4.85         |
| time/                   |              |
|    fps                  | 308          |
|    iterations           | 190          |
|    time_elapsed         | 315          |
|    total_timesteps      | 97280        |
| train/                  |              |
|    approx_kl            | 0.0008948712 |
|    clip_fraction        | 0.0043       |
|    clip_range           | 0.2          |
|    entropy_loss         | -0.194       |
|    explained_variance   | 0.63         |
|    learning_rate        | 0.0003       |
|    loss                 | 2.22         |
|    n_updates            | 945          |
|    policy_gradient_loss | -0.00217     |
|    value_loss           | 6.4          |
------------------------------------------
------------------------------------------
| rollout/                |              |
|    ep_len_mean          | 11.6         |
|    ep_rew_mean          | 5.76         |
| time/                   |              |
|    fps                  | 308          |
|    iterations           | 191          |
|    time_elapsed         | 317          |
|    total_timesteps      | 97792        |
| train/                  |              |
|    approx_kl            | 0.0008205323 |
|    clip_fraction        | 0.00937      |
|    clip_range           | 0.2          |
|    entropy_loss         | -0.111       |
|    explained_variance   | 0.701        |
|    learning_rate        | 0.0003       |
|    loss                 | 2.08         |
|    n_updates            | 950          |
|    policy_gradient_loss | -0.0054      |
|    value_loss           | 4.93         |
------------------------------------------
------------------------------------------
| rollout/                |              |
|    ep_len_mean          | 11           |
|    ep_rew_mean          | 4.76         |
| time/                   |              |
|    fps                  | 307          |
|    iterations           | 192          |
|    time_elapsed         | 319          |
|    total_timesteps      | 98304        |
| train/                  |              |
|    approx_kl            | 0.0010797549 |
|    clip_fraction        | 0.0145       |
|    clip_range           | 0.2          |
|    entropy_loss         | -0.142       |
|    explained_variance   | 0.716        |
|    learning_rate        | 0.0003       |
|    loss                 | 2.13         |
|    n_updates            | 955          |
|    policy_gradient_loss | -0.00628     |
|    value_loss           | 3.99         |
------------------------------------------
------------------------------------------
| rollout/                |              |
|    ep_len_mean          | 11.7         |
|    ep_rew_mean          | 5.2          |
| time/                   |              |
|    fps                  | 307          |
|    iterations           | 193          |
|    time_elapsed         | 320          |
|    total_timesteps      | 98816        |
| train/                  |              |
|    approx_kl            | 0.0007358376 |
|    clip_fraction        | 0.00586      |
|    clip_range           | 0.2          |
|    entropy_loss         | -0.169       |
|    explained_variance   | 0.561        |
|    learning_rate        | 0.0003       |
|    loss                 | 4.65         |
|    n_updates            | 960          |
|    policy_gradient_loss | -0.00279     |
|    value_loss           | 9.53         |
------------------------------------------
-------------------------------------------
| rollout/                |               |
|    ep_len_mean          | 12.2          |
|    ep_rew_mean          | 6.02          |
| time/                   |               |
|    fps                  | 308           |
|    iterations           | 194           |
|    time_elapsed         | 322           |
|    total_timesteps      | 99328         |
| train/                  |               |
|    approx_kl            | 3.8005062e-05 |
|    clip_fraction        | 0.0113        |
|    clip_range           | 0.2           |
|    entropy_loss         | -0.126        |
|    explained_variance   | 0.719         |
|    learning_rate        | 0.0003        |
|    loss                 | 2.31          |
|    n_updates            | 965           |
|    policy_gradient_loss | -0.00242      |
|    value_loss           | 4.75          |
-------------------------------------------
------------------------------------------
| rollout/                |              |
|    ep_len_mean          | 12.2         |
|    ep_rew_mean          | 5.75         |
| time/                   |              |
|    fps                  | 308          |
|    iterations           | 195          |
|    time_elapsed         | 323          |
|    total_timesteps      | 99840        |
| train/                  |              |
|    approx_kl            | 0.0009314055 |
|    clip_fraction        | 0.0172       |
|    clip_range           | 0.2          |
|    entropy_loss         | -0.106       |
|    explained_variance   | 0.76         |
|    learning_rate        | 0.0003       |
|    loss                 | 3.42         |
|    n_updates            | 970          |
|    policy_gradient_loss | -0.00702     |
|    value_loss           | 5.45         |
------------------------------------------
-----------------------------------------
| rollout/                |             |
|    ep_len_mean          | 11          |
|    ep_rew_mean          | 4.66        |
| time/                   |             |
|    fps                  | 308         |
|    iterations           | 196         |
|    time_elapsed         | 325         |
|    total_timesteps      | 100352      |
| train/                  |             |
|    approx_kl            | 0.006980518 |
|    clip_fraction        | 0.0508      |
|    clip_range           | 0.2         |
|    entropy_loss         | -0.17       |
|    explained_variance   | 0.587       |
|    learning_rate        | 0.0003      |
|    loss                 | 2.38        |
|    n_updates            | 975         |
|    policy_gradient_loss | 0.00693     |
|    value_loss           | 7           |
-----------------------------------------
------------------------------------------
| rollout/                |              |
|    ep_len_mean          | 9.59         |
|    ep_rew_mean          | 4.19         |
| time/                   |              |
|    fps                  | 308          |
|    iterations           | 197          |
|    time_elapsed         | 327          |
|    total_timesteps      | 100864       |
| train/                  |              |
|    approx_kl            | 8.297851e-05 |
|    clip_fraction        | 0.00352      |
|    clip_range           | 0.2          |
|    entropy_loss         | -0.153       |
|    explained_variance   | 0.606        |
|    learning_rate        | 0.0003       |
|    loss                 | 2.38         |
|    n_updates            | 980          |
|    policy_gradient_loss | -0.00168     |
|    value_loss           | 6.24         |
------------------------------------------
-------------------------------------------
| rollout/                |               |
|    ep_len_mean          | 9.31          |
|    ep_rew_mean          | 4.42          |
| time/                   |               |
|    fps                  | 308           |
|    iterations           | 198           |
|    time_elapsed         | 328           |
|    total_timesteps      | 101376        |
| train/                  |               |
|    approx_kl            | 0.00087001873 |
|    clip_fraction        | 0.00937       |
|    clip_range           | 0.2           |
|    entropy_loss         | -0.167        |
|    explained_variance   | 0.611         |
|    learning_rate        | 0.0003        |
|    loss                 | 2.39          |
|    n_updates            | 985           |
|    policy_gradient_loss | -0.00638      |
|    value_loss           | 5.22          |
-------------------------------------------
------------------------------------------
| rollout/                |              |
|    ep_len_mean          | 9.71         |
|    ep_rew_mean          | 4.5          |
| time/                   |              |
|    fps                  | 308          |
|    iterations           | 199          |
|    time_elapsed         | 330          |
|    total_timesteps      | 101888       |
| train/                  |              |
|    approx_kl            | 0.0006403572 |
|    clip_fraction        | 0.00508      |
|    clip_range           | 0.2          |
|    entropy_loss         | -0.148       |
|    explained_variance   | 0.633        |
|    learning_rate        | 0.0003       |
|    loss                 | 2.45         |
|    n_updates            | 990          |
|    policy_gradient_loss | -0.000214    |
|    value_loss           | 6.37         |
------------------------------------------
-------------------------------------------
| rollout/                |               |
|    ep_len_mean          | 10.1          |
|    ep_rew_mean          | 4.76          |
| time/                   |               |
|    fps                  | 308           |
|    iterations           | 200           |
|    time_elapsed         | 331           |
|    total_timesteps      | 102400        |
| train/                  |               |
|    approx_kl            | 0.00017440534 |
|    clip_fraction        | 0.00273       |
|    clip_range           | 0.2           |
|    entropy_loss         | -0.194        |
|    explained_variance   | 0.751         |
|    learning_rate        | 0.0003        |
|    loss                 | 2.76          |
|    n_updates            | 995           |
|    policy_gradient_loss | -0.00286      |
|    value_loss           | 5.81          |
-------------------------------------------
------------------------------------------
| rollout/                |              |
|    ep_len_mean          | 11.2         |
|    ep_rew_mean          | 5.5          |
| time/                   |              |
|    fps                  | 308          |
|    iterations           | 201          |
|    time_elapsed         | 333          |
|    total_timesteps      | 102912       |
| train/                  |              |
|    approx_kl            | 0.0003517914 |
|    clip_fraction        | 0.00977      |
|    clip_range           | 0.2          |
|    entropy_loss         | -0.136       |
|    explained_variance   | 0.614        |
|    learning_rate        | 0.0003       |
|    loss                 | 4.89         |
|    n_updates            | 1000         |
|    policy_gradient_loss | -0.00208     |
|    value_loss           | 9.06         |
------------------------------------------
-----------------------------------------
| rollout/                |             |
|    ep_len_mean          | 9.42        |
|    ep_rew_mean          | 4.24        |
| time/                   |             |
|    fps                  | 308         |
|    iterations           | 202         |
|    time_elapsed         | 335         |
|    total_timesteps      | 103424      |
| train/                  |             |
|    approx_kl            | 0.013338045 |
|    clip_fraction        | 0.0656      |
|    clip_range           | 0.2         |
|    entropy_loss         | -0.208      |
|    explained_variance   | 0.639       |
|    learning_rate        | 0.0003      |
|    loss                 | 4.83        |
|    n_updates            | 1005        |
|    policy_gradient_loss | 0.00689     |
|    value_loss           | 8.85        |
-----------------------------------------
------------------------------------------
| rollout/                |              |
|    ep_len_mean          | 9.81         |
|    ep_rew_mean          | 4.46         |
| time/                   |              |
|    fps                  | 308          |
|    iterations           | 203          |
|    time_elapsed         | 336          |
|    total_timesteps      | 103936       |
| train/                  |              |
|    approx_kl            | 0.0016536592 |
|    clip_fraction        | 0.0164       |
|    clip_range           | 0.2          |
|    entropy_loss         | -0.147       |
|    explained_variance   | 0.542        |
|    learning_rate        | 0.0003       |
|    loss                 | 2.28         |
|    n_updates            | 1010         |
|    policy_gradient_loss | -0.00627     |
|    value_loss           | 4.62         |
------------------------------------------
-------------------------------------------
| rollout/                |               |
|    ep_len_mean          | 11            |
|    ep_rew_mean          | 4.89          |
| time/                   |               |
|    fps                  | 308           |
|    iterations           | 204           |
|    time_elapsed         | 338           |
|    total_timesteps      | 104448        |
| train/                  |               |
|    approx_kl            | 0.00020992925 |
|    clip_fraction        | 0.0113        |
|    clip_range           | 0.2           |
|    entropy_loss         | -0.139        |
|    explained_variance   | 0.669         |
|    learning_rate        | 0.0003        |
|    loss                 | 4.1           |
|    n_updates            | 1015          |
|    policy_gradient_loss | -0.00185      |
|    value_loss           | 6.7           |
-------------------------------------------
-------------------------------------------
| rollout/                |               |
|    ep_len_mean          | 10.5          |
|    ep_rew_mean          | 4.92          |
| time/                   |               |
|    fps                  | 308           |
|    iterations           | 205           |
|    time_elapsed         | 340           |
|    total_timesteps      | 104960        |
| train/                  |               |
|    approx_kl            | 0.00015205366 |
|    clip_fraction        | 0.00508       |
|    clip_range           | 0.2           |
|    entropy_loss         | -0.162        |
|    explained_variance   | 0.675         |
|    learning_rate        | 0.0003        |
|    loss                 | 2.41          |
|    n_updates            | 1020          |
|    policy_gradient_loss | -0.00259      |
|    value_loss           | 6.02          |
-------------------------------------------
-----------------------------------------
| rollout/                |             |
|    ep_len_mean          | 9.74        |
|    ep_rew_mean          | 4.78        |
| time/                   |             |
|    fps                  | 308         |
|    iterations           | 206         |
|    time_elapsed         | 342         |
|    total_timesteps      | 105472      |
| train/                  |             |
|    approx_kl            | 0.000566395 |
|    clip_fraction        | 0.00625     |
|    clip_range           | 0.2         |
|    entropy_loss         | -0.151      |
|    explained_variance   | 0.638       |
|    learning_rate        | 0.0003      |
|    loss                 | 4.35        |
|    n_updates            | 1025        |
|    policy_gradient_loss | 0.000124    |
|    value_loss           | 7.59        |
-----------------------------------------
------------------------------------------
| rollout/                |              |
|    ep_len_mean          | 10.1         |
|    ep_rew_mean          | 4.6          |
| time/                   |              |
|    fps                  | 306          |
|    iterations           | 207          |
|    time_elapsed         | 345          |
|    total_timesteps      | 105984       |
| train/                  |              |
|    approx_kl            | 0.0026634636 |
|    clip_fraction        | 0.0332       |
|    clip_range           | 0.2          |
|    entropy_loss         | -0.137       |
|    explained_variance   | 0.719        |
|    learning_rate        | 0.0003       |
|    loss                 | 2.22         |
|    n_updates            | 1030         |
|    policy_gradient_loss | -0.0105      |
|    value_loss           | 4.02         |
------------------------------------------
-----------------------------------------
| rollout/                |             |
|    ep_len_mean          | 9.92        |
|    ep_rew_mean          | 4.42        |
| time/                   |             |
|    fps                  | 304         |
|    iterations           | 208         |
|    time_elapsed         | 349         |
|    total_timesteps      | 106496      |
| train/                  |             |
|    approx_kl            | 0.006771744 |
|    clip_fraction        | 0.0242      |
|    clip_range           | 0.2         |
|    entropy_loss         | -0.189      |
|    explained_variance   | 0.634       |
|    learning_rate        | 0.0003      |
|    loss                 | 2.23        |
|    n_updates            | 1035        |
|    policy_gradient_loss | 0.00173     |
|    value_loss           | 6.28        |
-----------------------------------------
------------------------------------------
| rollout/                |              |
|    ep_len_mean          | 9.38         |
|    ep_rew_mean          | 4.39         |
| time/                   |              |
|    fps                  | 303          |
|    iterations           | 209          |
|    time_elapsed         | 352          |
|    total_timesteps      | 107008       |
| train/                  |              |
|    approx_kl            | 0.0006655476 |
|    clip_fraction        | 0.00781      |
|    clip_range           | 0.2          |
|    entropy_loss         | -0.157       |
|    explained_variance   | 0.692        |
|    learning_rate        | 0.0003       |
|    loss                 | 3.14         |
|    n_updates            | 1040         |
|    policy_gradient_loss | -0.00123     |
|    value_loss           | 6.75         |
------------------------------------------
------------------------------------------
| rollout/                |              |
|    ep_len_mean          | 11.4         |
|    ep_rew_mean          | 5.33         |
| time/                   |              |
|    fps                  | 303          |
|    iterations           | 210          |
|    time_elapsed         | 354          |
|    total_timesteps      | 107520       |
| train/                  |              |
|    approx_kl            | 0.0013199653 |
|    clip_fraction        | 0.0191       |
|    clip_range           | 0.2          |
|    entropy_loss         | -0.133       |
|    explained_variance   | 0.667        |
|    learning_rate        | 0.0003       |
|    loss                 | 3.33         |
|    n_updates            | 1045         |
|    policy_gradient_loss | -0.00506     |
|    value_loss           | 5.9          |
------------------------------------------
------------------------------------------
| rollout/                |              |
|    ep_len_mean          | 11           |
|    ep_rew_mean          | 5.03         |
| time/                   |              |
|    fps                  | 303          |
|    iterations           | 211          |
|    time_elapsed         | 356          |
|    total_timesteps      | 108032       |
| train/                  |              |
|    approx_kl            | 0.0059253173 |
|    clip_fraction        | 0.016        |
|    clip_range           | 0.2          |
|    entropy_loss         | -0.164       |
|    explained_variance   | 0.527        |
|    learning_rate        | 0.0003       |
|    loss                 | 2.7          |
|    n_updates            | 1050         |
|    policy_gradient_loss | 0.005        |
|    value_loss           | 5.77         |
------------------------------------------
------------------------------------------
| rollout/                |              |
|    ep_len_mean          | 9.88         |
|    ep_rew_mean          | 4.29         |
| time/                   |              |
|    fps                  | 303          |
|    iterations           | 212          |
|    time_elapsed         | 357          |
|    total_timesteps      | 108544       |
| train/                  |              |
|    approx_kl            | 0.0015824618 |
|    clip_fraction        | 0.0246       |
|    clip_range           | 0.2          |
|    entropy_loss         | -0.121       |
|    explained_variance   | 0.717        |
|    learning_rate        | 0.0003       |
|    loss                 | 2.31         |
|    n_updates            | 1055         |
|    policy_gradient_loss | -0.00776     |
|    value_loss           | 4.46         |
------------------------------------------
------------------------------------------
| rollout/                |              |
|    ep_len_mean          | 9.36         |
|    ep_rew_mean          | 3.82         |
| time/                   |              |
|    fps                  | 303          |
|    iterations           | 213          |
|    time_elapsed         | 359          |
|    total_timesteps      | 109056       |
| train/                  |              |
|    approx_kl            | 0.0008329321 |
|    clip_fraction        | 0.0164       |
|    clip_range           | 0.2          |
|    entropy_loss         | -0.203       |
|    explained_variance   | 0.512        |
|    learning_rate        | 0.0003       |
|    loss                 | 1.76         |
|    n_updates            | 1060         |
|    policy_gradient_loss | -0.00603     |
|    value_loss           | 3.45         |
------------------------------------------
------------------------------------------
| rollout/                |              |
|    ep_len_mean          | 11.7         |
|    ep_rew_mean          | 5.12         |
| time/                   |              |
|    fps                  | 303          |
|    iterations           | 214          |
|    time_elapsed         | 361          |
|    total_timesteps      | 109568       |
| train/                  |              |
|    approx_kl            | 0.0004729253 |
|    clip_fraction        | 0.0395       |
|    clip_range           | 0.2          |
|    entropy_loss         | -0.193       |
|    explained_variance   | 0.565        |
|    learning_rate        | 0.0003       |
|    loss                 | 2.11         |
|    n_updates            | 1065         |
|    policy_gradient_loss | 0.00184      |
|    value_loss           | 4.46         |
------------------------------------------
-----------------------------------------
| rollout/                |             |
|    ep_len_mean          | 11.8        |
|    ep_rew_mean          | 5.09        |
| time/                   |             |
|    fps                  | 303         |
|    iterations           | 215         |
|    time_elapsed         | 363         |
|    total_timesteps      | 110080      |
| train/                  |             |
|    approx_kl            | 0.001662161 |
|    clip_fraction        | 0.0199      |
|    clip_range           | 0.2         |
|    entropy_loss         | -0.144      |
|    explained_variance   | 0.448       |
|    learning_rate        | 0.0003      |
|    loss                 | 6.15        |
|    n_updates            | 1070        |
|    policy_gradient_loss | 0.000298    |
|    value_loss           | 12.1        |
-----------------------------------------
------------------------------------------
| rollout/                |              |
|    ep_len_mean          | 11.4         |
|    ep_rew_mean          | 4.99         |
| time/                   |              |
|    fps                  | 303          |
|    iterations           | 216          |
|    time_elapsed         | 364          |
|    total_timesteps      | 110592       |
| train/                  |              |
|    approx_kl            | 0.0016036303 |
|    clip_fraction        | 0.00742      |
|    clip_range           | 0.2          |
|    entropy_loss         | -0.193       |
|    explained_variance   | 0.531        |
|    learning_rate        | 0.0003       |
|    loss                 | 2.46         |
|    n_updates            | 1075         |
|    policy_gradient_loss | 0.00237      |
|    value_loss           | 6.21         |
------------------------------------------
------------------------------------------
| rollout/                |              |
|    ep_len_mean          | 11.6         |
|    ep_rew_mean          | 5.76         |
| time/                   |              |
|    fps                  | 303          |
|    iterations           | 217          |
|    time_elapsed         | 366          |
|    total_timesteps      | 111104       |
| train/                  |              |
|    approx_kl            | 0.0015746057 |
|    clip_fraction        | 0.0324       |
|    clip_range           | 0.2          |
|    entropy_loss         | -0.152       |
|    explained_variance   | 0.666        |
|    learning_rate        | 0.0003       |
|    loss                 | 2.21         |
|    n_updates            | 1080         |
|    policy_gradient_loss | 0.00645      |
|    value_loss           | 4.29         |
------------------------------------------
----------------------------------------
| rollout/                |            |
|    ep_len_mean          | 11         |
|    ep_rew_mean          | 5.27       |
| time/                   |            |
|    fps                  | 303        |
|    iterations           | 218        |
|    time_elapsed         | 368        |
|    total_timesteps      | 111616     |
| train/                  |            |
|    approx_kl            | 0.00093528 |
|    clip_fraction        | 0.0316     |
|    clip_range           | 0.2        |
|    entropy_loss         | -0.179     |
|    explained_variance   | 0.623      |
|    learning_rate        | 0.0003     |
|    loss                 | 3.01       |
|    n_updates            | 1085       |
|    policy_gradient_loss | 0.0057     |
|    value_loss           | 5.17       |
----------------------------------------
------------------------------------------
| rollout/                |              |
|    ep_len_mean          | 11.1         |
|    ep_rew_mean          | 5.16         |
| time/                   |              |
|    fps                  | 303          |
|    iterations           | 219          |
|    time_elapsed         | 369          |
|    total_timesteps      | 112128       |
| train/                  |              |
|    approx_kl            | 0.0035501027 |
|    clip_fraction        | 0.0242       |
|    clip_range           | 0.2          |
|    entropy_loss         | -0.16        |
|    explained_variance   | 0.676        |
|    learning_rate        | 0.0003       |
|    loss                 | 2.06         |
|    n_updates            | 1090         |
|    policy_gradient_loss | -0.00794     |
|    value_loss           | 5.62         |
------------------------------------------
-------------------------------------------
| rollout/                |               |
|    ep_len_mean          | 13            |
|    ep_rew_mean          | 6.14          |
| time/                   |               |
|    fps                  | 303           |
|    iterations           | 220           |
|    time_elapsed         | 371           |
|    total_timesteps      | 112640        |
| train/                  |               |
|    approx_kl            | 0.00066930836 |
|    clip_fraction        | 0.000391      |
|    clip_range           | 0.2           |
|    entropy_loss         | -0.139        |
|    explained_variance   | 0.666         |
|    learning_rate        | 0.0003        |
|    loss                 | 4.56          |
|    n_updates            | 1095          |
|    policy_gradient_loss | 0.000105      |
|    value_loss           | 7.92          |
-------------------------------------------
-------------------------------------------
| rollout/                |               |
|    ep_len_mean          | 12.9          |
|    ep_rew_mean          | 6             |
| time/                   |               |
|    fps                  | 303           |
|    iterations           | 221           |
|    time_elapsed         | 373           |
|    total_timesteps      | 113152        |
| train/                  |               |
|    approx_kl            | 0.00090622687 |
|    clip_fraction        | 0.00781       |
|    clip_range           | 0.2           |
|    entropy_loss         | -0.111        |
|    explained_variance   | 0.7           |
|    learning_rate        | 0.0003        |
|    loss                 | 2.37          |
|    n_updates            | 1100          |
|    policy_gradient_loss | -0.00184      |
|    value_loss           | 7.48          |
-------------------------------------------
----------------------------------------
| rollout/                |            |
|    ep_len_mean          | 11.5       |
|    ep_rew_mean          | 5.04       |
| time/                   |            |
|    fps                  | 302        |
|    iterations           | 222        |
|    time_elapsed         | 375        |
|    total_timesteps      | 113664     |
| train/                  |            |
|    approx_kl            | 0.00143677 |
|    clip_fraction        | 0.00586    |
|    clip_range           | 0.2        |
|    entropy_loss         | -0.115     |
|    explained_variance   | 0.765      |
|    learning_rate        | 0.0003     |
|    loss                 | 2.7        |
|    n_updates            | 1105       |
|    policy_gradient_loss | -0.00264   |
|    value_loss           | 6.67       |
----------------------------------------
------------------------------------------
| rollout/                |              |
|    ep_len_mean          | 11.3         |
|    ep_rew_mean          | 4.76         |
| time/                   |              |
|    fps                  | 302          |
|    iterations           | 223          |
|    time_elapsed         | 377          |
|    total_timesteps      | 114176       |
| train/                  |              |
|    approx_kl            | 0.0005353126 |
|    clip_fraction        | 0.025        |
|    clip_range           | 0.2          |
|    entropy_loss         | -0.159       |
|    explained_variance   | 0.67         |
|    learning_rate        | 0.0003       |
|    loss                 | 2.82         |
|    n_updates            | 1110         |
|    policy_gradient_loss | 0.00571      |
|    value_loss           | 5.21         |
------------------------------------------
-----------------------------------------
| rollout/                |             |
|    ep_len_mean          | 11.4        |
|    ep_rew_mean          | 5.05        |
| time/                   |             |
|    fps                  | 302         |
|    iterations           | 224         |
|    time_elapsed         | 379         |
|    total_timesteps      | 114688      |
| train/                  |             |
|    approx_kl            | 0.015573848 |
|    clip_fraction        | 0.0563      |
|    clip_range           | 0.2         |
|    entropy_loss         | -0.166      |
|    explained_variance   | 0.622       |
|    learning_rate        | 0.0003      |
|    loss                 | 4.74        |
|    n_updates            | 1115        |
|    policy_gradient_loss | 0.0063      |
|    value_loss           | 8.56        |
-----------------------------------------
-------------------------------------------
| rollout/                |               |
|    ep_len_mean          | 12.5          |
|    ep_rew_mean          | 5.95          |
| time/                   |               |
|    fps                  | 302           |
|    iterations           | 225           |
|    time_elapsed         | 380           |
|    total_timesteps      | 115200        |
| train/                  |               |
|    approx_kl            | 0.00042426237 |
|    clip_fraction        | 0.0129        |
|    clip_range           | 0.2           |
|    entropy_loss         | -0.138        |
|    explained_variance   | 0.669         |
|    learning_rate        | 0.0003        |
|    loss                 | 3.98          |
|    n_updates            | 1120          |
|    policy_gradient_loss | -0.00578      |
|    value_loss           | 7.02          |
-------------------------------------------
------------------------------------------
| rollout/                |              |
|    ep_len_mean          | 13.2         |
|    ep_rew_mean          | 6.27         |
| time/                   |              |
|    fps                  | 302          |
|    iterations           | 226          |
|    time_elapsed         | 382          |
|    total_timesteps      | 115712       |
| train/                  |              |
|    approx_kl            | 0.0007778653 |
|    clip_fraction        | 0.00391      |
|    clip_range           | 0.2          |
|    entropy_loss         | -0.117       |
|    explained_variance   | 0.576        |
|    learning_rate        | 0.0003       |
|    loss                 | 2.42         |
|    n_updates            | 1125         |
|    policy_gradient_loss | -0.00353     |
|    value_loss           | 6.88         |
------------------------------------------
-------------------------------------------
| rollout/                |               |
|    ep_len_mean          | 12.1          |
|    ep_rew_mean          | 5.33          |
| time/                   |               |
|    fps                  | 302           |
|    iterations           | 227           |
|    time_elapsed         | 384           |
|    total_timesteps      | 116224        |
| train/                  |               |
|    approx_kl            | 0.00062096195 |
|    clip_fraction        | 0.0121        |
|    clip_range           | 0.2           |
|    entropy_loss         | -0.115        |
|    explained_variance   | 0.716         |
|    learning_rate        | 0.0003        |
|    loss                 | 2.85          |
|    n_updates            | 1130          |
|    policy_gradient_loss | -0.00204      |
|    value_loss           | 5.24          |
-------------------------------------------
------------------------------------------
| rollout/                |              |
|    ep_len_mean          | 10.8         |
|    ep_rew_mean          | 4.39         |
| time/                   |              |
|    fps                  | 302          |
|    iterations           | 228          |
|    time_elapsed         | 386          |
|    total_timesteps      | 116736       |
| train/                  |              |
|    approx_kl            | 0.0010333997 |
|    clip_fraction        | 0.018        |
|    clip_range           | 0.2          |
|    entropy_loss         | -0.13        |
|    explained_variance   | 0.528        |
|    learning_rate        | 0.0003       |
|    loss                 | 2.72         |
|    n_updates            | 1135         |
|    policy_gradient_loss | -0.00814     |
|    value_loss           | 5.91         |
------------------------------------------
------------------------------------------
| rollout/                |              |
|    ep_len_mean          | 10.8         |
|    ep_rew_mean          | 4.84         |
| time/                   |              |
|    fps                  | 302          |
|    iterations           | 229          |
|    time_elapsed         | 387          |
|    total_timesteps      | 117248       |
| train/                  |              |
|    approx_kl            | 0.0002670883 |
|    clip_fraction        | 0.000391     |
|    clip_range           | 0.2          |
|    entropy_loss         | -0.133       |
|    explained_variance   | 0.577        |
|    learning_rate        | 0.0003       |
|    loss                 | 1.76         |
|    n_updates            | 1140         |
|    policy_gradient_loss | 0.00127      |
|    value_loss           | 4.69         |
------------------------------------------
------------------------------------------
| rollout/                |              |
|    ep_len_mean          | 10.8         |
|    ep_rew_mean          | 4.46         |
| time/                   |              |
|    fps                  | 302          |
|    iterations           | 230          |
|    time_elapsed         | 389          |
|    total_timesteps      | 117760       |
| train/                  |              |
|    approx_kl            | 0.0008322199 |
|    clip_fraction        | 0.00313      |
|    clip_range           | 0.2          |
|    entropy_loss         | -0.124       |
|    explained_variance   | 0.703        |
|    learning_rate        | 0.0003       |
|    loss                 | 3.24         |
|    n_updates            | 1145         |
|    policy_gradient_loss | -0.000308    |
|    value_loss           | 6.42         |
------------------------------------------
------------------------------------------
| rollout/                |              |
|    ep_len_mean          | 12.4         |
|    ep_rew_mean          | 5.13         |
| time/                   |              |
|    fps                  | 302          |
|    iterations           | 231          |
|    time_elapsed         | 391          |
|    total_timesteps      | 118272       |
| train/                  |              |
|    approx_kl            | 0.0026896219 |
|    clip_fraction        | 0.0211       |
|    clip_range           | 0.2          |
|    entropy_loss         | -0.182       |
|    explained_variance   | 0.527        |
|    learning_rate        | 0.0003       |
|    loss                 | 3.95         |
|    n_updates            | 1150         |
|    policy_gradient_loss | 0.00324      |
|    value_loss           | 6.17         |
------------------------------------------
------------------------------------------
| rollout/                |              |
|    ep_len_mean          | 13.4         |
|    ep_rew_mean          | 5.25         |
| time/                   |              |
|    fps                  | 302          |
|    iterations           | 232          |
|    time_elapsed         | 393          |
|    total_timesteps      | 118784       |
| train/                  |              |
|    approx_kl            | 0.0005582445 |
|    clip_fraction        | 0.025        |
|    clip_range           | 0.2          |
|    entropy_loss         | -0.11        |
|    explained_variance   | 0.658        |
|    learning_rate        | 0.0003       |
|    loss                 | 2.64         |
|    n_updates            | 1155         |
|    policy_gradient_loss | 0.00426      |
|    value_loss           | 5.06         |
------------------------------------------
-------------------------------------------
| rollout/                |               |
|    ep_len_mean          | 13.4          |
|    ep_rew_mean          | 5.53          |
| time/                   |               |
|    fps                  | 302           |
|    iterations           | 233           |
|    time_elapsed         | 394           |
|    total_timesteps      | 119296        |
| train/                  |               |
|    approx_kl            | 0.00025448645 |
|    clip_fraction        | 0.00703       |
|    clip_range           | 0.2           |
|    entropy_loss         | -0.1          |
|    explained_variance   | 0.683         |
|    learning_rate        | 0.0003        |
|    loss                 | 2.87          |
|    n_updates            | 1160          |
|    policy_gradient_loss | -0.00481      |
|    value_loss           | 4.92          |
-------------------------------------------
-------------------------------------------
| rollout/                |               |
|    ep_len_mean          | 13.7          |
|    ep_rew_mean          | 5.86          |
| time/                   |               |
|    fps                  | 302           |
|    iterations           | 234           |
|    time_elapsed         | 396           |
|    total_timesteps      | 119808        |
| train/                  |               |
|    approx_kl            | 0.00016042497 |
|    clip_fraction        | 0.00703       |
|    clip_range           | 0.2           |
|    entropy_loss         | -0.126        |
|    explained_variance   | 0.52          |
|    learning_rate        | 0.0003        |
|    loss                 | 2.64          |
|    n_updates            | 1165          |
|    policy_gradient_loss | -0.00327      |
|    value_loss           | 6.25          |
-------------------------------------------
-----------------------------------------
| rollout/                |             |
|    ep_len_mean          | 11.9        |
|    ep_rew_mean          | 4.89        |
| time/                   |             |
|    fps                  | 301         |
|    iterations           | 235         |
|    time_elapsed         | 398         |
|    total_timesteps      | 120320      |
| train/                  |             |
|    approx_kl            | 0.002093317 |
|    clip_fraction        | 0.0145      |
|    clip_range           | 0.2         |
|    entropy_loss         | -0.117      |
|    explained_variance   | 0.579       |
|    learning_rate        | 0.0003      |
|    loss                 | 2.43        |
|    n_updates            | 1170        |
|    policy_gradient_loss | 0.00251     |
|    value_loss           | 7.13        |
-----------------------------------------
-----------------------------------------
| rollout/                |             |
|    ep_len_mean          | 11.5        |
|    ep_rew_mean          | 4.73        |
| time/                   |             |
|    fps                  | 301         |
|    iterations           | 236         |
|    time_elapsed         | 401         |
|    total_timesteps      | 120832      |
| train/                  |             |
|    approx_kl            | 0.012810855 |
|    clip_fraction        | 0.0469      |
|    clip_range           | 0.2         |
|    entropy_loss         | -0.179      |
|    explained_variance   | 0.643       |
|    learning_rate        | 0.0003      |
|    loss                 | 4.06        |
|    n_updates            | 1175        |
|    policy_gradient_loss | -0.00103    |
|    value_loss           | 6.46        |
-----------------------------------------
-------------------------------------------
| rollout/                |               |
|    ep_len_mean          | 11            |
|    ep_rew_mean          | 4.67          |
| time/                   |               |
|    fps                  | 300           |
|    iterations           | 237           |
|    time_elapsed         | 403           |
|    total_timesteps      | 121344        |
| train/                  |               |
|    approx_kl            | 0.00047142303 |
|    clip_fraction        | 0.00664       |
|    clip_range           | 0.2           |
|    entropy_loss         | -0.176        |
|    explained_variance   | 0.579         |
|    learning_rate        | 0.0003        |
|    loss                 | 2.16          |
|    n_updates            | 1180          |
|    policy_gradient_loss | 0.00343       |
|    value_loss           | 5.24          |
-------------------------------------------
-----------------------------------------
| rollout/                |             |
|    ep_len_mean          | 10.4        |
|    ep_rew_mean          | 4.59        |
| time/                   |             |
|    fps                  | 300         |
|    iterations           | 238         |
|    time_elapsed         | 405         |
|    total_timesteps      | 121856      |
| train/                  |             |
|    approx_kl            | 0.008309508 |
|    clip_fraction        | 0.0238      |
|    clip_range           | 0.2         |
|    entropy_loss         | -0.177      |
|    explained_variance   | 0.509       |
|    learning_rate        | 0.0003      |
|    loss                 | 3.11        |
|    n_updates            | 1185        |
|    policy_gradient_loss | -0.00137    |
|    value_loss           | 6.66        |
-----------------------------------------
-----------------------------------------
| rollout/                |             |
|    ep_len_mean          | 10.2        |
|    ep_rew_mean          | 5.07        |
| time/                   |             |
|    fps                  | 300         |
|    iterations           | 239         |
|    time_elapsed         | 407         |
|    total_timesteps      | 122368      |
| train/                  |             |
|    approx_kl            | 0.003267109 |
|    clip_fraction        | 0.0336      |
|    clip_range           | 0.2         |
|    entropy_loss         | -0.143      |
|    explained_variance   | 0.691       |
|    learning_rate        | 0.0003      |
|    loss                 | 0.839       |
|    n_updates            | 1190        |
|    policy_gradient_loss | -0.00861    |
|    value_loss           | 3.41        |
-----------------------------------------
----------------------------------------
| rollout/                |            |
|    ep_len_mean          | 9.33       |
|    ep_rew_mean          | 4.58       |
| time/                   |            |
|    fps                  | 300        |
|    iterations           | 240        |
|    time_elapsed         | 408        |
|    total_timesteps      | 122880     |
| train/                  |            |
|    approx_kl            | 0.00615672 |
|    clip_fraction        | 0.0547     |
|    clip_range           | 0.2        |
|    entropy_loss         | -0.187     |
|    explained_variance   | 0.647      |
|    learning_rate        | 0.0003     |
|    loss                 | 4.38       |
|    n_updates            | 1195       |
|    policy_gradient_loss | 0.0044     |
|    value_loss           | 7.88       |
----------------------------------------
------------------------------------------
| rollout/                |              |
|    ep_len_mean          | 9.96         |
|    ep_rew_mean          | 4.81         |
| time/                   |              |
|    fps                  | 300          |
|    iterations           | 241          |
|    time_elapsed         | 410          |
|    total_timesteps      | 123392       |
| train/                  |              |
|    approx_kl            | 0.0018519157 |
|    clip_fraction        | 0.0238       |
|    clip_range           | 0.2          |
|    entropy_loss         | -0.157       |
|    explained_variance   | 0.629        |
|    learning_rate        | 0.0003       |
|    loss                 | 3.46         |
|    n_updates            | 1200         |
|    policy_gradient_loss | -0.00778     |
|    value_loss           | 5.87         |
------------------------------------------
------------------------------------------
| rollout/                |              |
|    ep_len_mean          | 10.4         |
|    ep_rew_mean          | 5.3          |
| time/                   |              |
|    fps                  | 300          |
|    iterations           | 242          |
|    time_elapsed         | 412          |
|    total_timesteps      | 123904       |
| train/                  |              |
|    approx_kl            | 0.0008194554 |
|    clip_fraction        | 0.0082       |
|    clip_range           | 0.2          |
|    entropy_loss         | -0.117       |
|    explained_variance   | 0.499        |
|    learning_rate        | 0.0003       |
|    loss                 | 2.99         |
|    n_updates            | 1205         |
|    policy_gradient_loss | -0.00395     |
|    value_loss           | 7.62         |
------------------------------------------
------------------------------------------
| rollout/                |              |
|    ep_len_mean          | 9.84         |
|    ep_rew_mean          | 4.83         |
| time/                   |              |
|    fps                  | 300          |
|    iterations           | 243          |
|    time_elapsed         | 413          |
|    total_timesteps      | 124416       |
| train/                  |              |
|    approx_kl            | 0.0014330584 |
|    clip_fraction        | 0.0145       |
|    clip_range           | 0.2          |
|    entropy_loss         | -0.145       |
|    explained_variance   | 0.67         |
|    learning_rate        | 0.0003       |
|    loss                 | 2.79         |
|    n_updates            | 1210         |
|    policy_gradient_loss | -0.00451     |
|    value_loss           | 6.72         |
------------------------------------------
-----------------------------------------
| rollout/                |             |
|    ep_len_mean          | 10.4        |
|    ep_rew_mean          | 4.92        |
| time/                   |             |
|    fps                  | 300         |
|    iterations           | 244         |
|    time_elapsed         | 415         |
|    total_timesteps      | 124928      |
| train/                  |             |
|    approx_kl            | 0.002795429 |
|    clip_fraction        | 0.0141      |
|    clip_range           | 0.2         |
|    entropy_loss         | -0.176      |
|    explained_variance   | 0.659       |
|    learning_rate        | 0.0003      |
|    loss                 | 2.84        |
|    n_updates            | 1215        |
|    policy_gradient_loss | -0.0001     |
|    value_loss           | 4.79        |
-----------------------------------------
------------------------------------------
| rollout/                |              |
|    ep_len_mean          | 10.4         |
|    ep_rew_mean          | 4.92         |
| time/                   |              |
|    fps                  | 300          |
|    iterations           | 245          |
|    time_elapsed         | 417          |
|    total_timesteps      | 125440       |
| train/                  |              |
|    approx_kl            | 0.0010678519 |
|    clip_fraction        | 0.0406       |
|    clip_range           | 0.2          |
|    entropy_loss         | -0.168       |
|    explained_variance   | 0.738        |
|    learning_rate        | 0.0003       |
|    loss                 | 2.25         |
|    n_updates            | 1220         |
|    policy_gradient_loss | 0.00934      |
|    value_loss           | 5.09         |
------------------------------------------
------------------------------------------
| rollout/                |              |
|    ep_len_mean          | 9.79         |
|    ep_rew_mean          | 4.38         |
| time/                   |              |
|    fps                  | 300          |
|    iterations           | 246          |
|    time_elapsed         | 419          |
|    total_timesteps      | 125952       |
| train/                  |              |
|    approx_kl            | 0.0024506154 |
|    clip_fraction        | 0.0187       |
|    clip_range           | 0.2          |
|    entropy_loss         | -0.13        |
|    explained_variance   | 0.683        |
|    learning_rate        | 0.0003       |
|    loss                 | 1.96         |
|    n_updates            | 1225         |
|    policy_gradient_loss | -0.00553     |
|    value_loss           | 4.17         |
------------------------------------------
------------------------------------------
| rollout/                |              |
|    ep_len_mean          | 9.97         |
|    ep_rew_mean          | 4.62         |
| time/                   |              |
|    fps                  | 300          |
|    iterations           | 247          |
|    time_elapsed         | 420          |
|    total_timesteps      | 126464       |
| train/                  |              |
|    approx_kl            | 0.0009185756 |
|    clip_fraction        | 0.0184       |
|    clip_range           | 0.2          |
|    entropy_loss         | -0.141       |
|    explained_variance   | 0.653        |
|    learning_rate        | 0.0003       |
|    loss                 | 3.02         |
|    n_updates            | 1230         |
|    policy_gradient_loss | 0.000632     |
|    value_loss           | 8.99         |
------------------------------------------
-----------------------------------------
| rollout/                |             |
|    ep_len_mean          | 9.55        |
|    ep_rew_mean          | 4.28        |
| time/                   |             |
|    fps                  | 300         |
|    iterations           | 248         |
|    time_elapsed         | 422         |
|    total_timesteps      | 126976      |
| train/                  |             |
|    approx_kl            | 0.003269638 |
|    clip_fraction        | 0.0391      |
|    clip_range           | 0.2         |
|    entropy_loss         | -0.135      |
|    explained_variance   | 0.64        |
|    learning_rate        | 0.0003      |
|    loss                 | 3.66        |
|    n_updates            | 1235        |
|    policy_gradient_loss | -0.00717    |
|    value_loss           | 5.56        |
-----------------------------------------
------------------------------------------
| rollout/                |              |
|    ep_len_mean          | 11.4         |
|    ep_rew_mean          | 5.12         |
| time/                   |              |
|    fps                  | 300          |
|    iterations           | 249          |
|    time_elapsed         | 424          |
|    total_timesteps      | 127488       |
| train/                  |              |
|    approx_kl            | 0.0030797035 |
|    clip_fraction        | 0.0324       |
|    clip_range           | 0.2          |
|    entropy_loss         | -0.143       |
|    explained_variance   | 0.639        |
|    learning_rate        | 0.0003       |
|    loss                 | 1.96         |
|    n_updates            | 1240         |
|    policy_gradient_loss | -0.00453     |
|    value_loss           | 4.16         |
------------------------------------------
------------------------------------------
| rollout/                |              |
|    ep_len_mean          | 12.2         |
|    ep_rew_mean          | 5.62         |
| time/                   |              |
|    fps                  | 300          |
|    iterations           | 250          |
|    time_elapsed         | 425          |
|    total_timesteps      | 128000       |
| train/                  |              |
|    approx_kl            | 0.0002794441 |
|    clip_fraction        | 0.00937      |
|    clip_range           | 0.2          |
|    entropy_loss         | -0.119       |
|    explained_variance   | 0.641        |
|    learning_rate        | 0.0003       |
|    loss                 | 3.24         |
|    n_updates            | 1245         |
|    policy_gradient_loss | -0.00142     |
|    value_loss           | 7.38         |
------------------------------------------
------------------------------------------
| rollout/                |              |
|    ep_len_mean          | 11.8         |
|    ep_rew_mean          | 5.37         |
| time/                   |              |
|    fps                  | 300          |
|    iterations           | 251          |
|    time_elapsed         | 427          |
|    total_timesteps      | 128512       |
| train/                  |              |
|    approx_kl            | 0.0005092758 |
|    clip_fraction        | 0.0113       |
|    clip_range           | 0.2          |
|    entropy_loss         | -0.126       |
|    explained_variance   | 0.696        |
|    learning_rate        | 0.0003       |
|    loss                 | 1.82         |
|    n_updates            | 1250         |
|    policy_gradient_loss | -0.00542     |
|    value_loss           | 4.33         |
------------------------------------------
------------------------------------------
| rollout/                |              |
|    ep_len_mean          | 12.1         |
|    ep_rew_mean          | 5.15         |
| time/                   |              |
|    fps                  | 300          |
|    iterations           | 252          |
|    time_elapsed         | 428          |
|    total_timesteps      | 129024       |
| train/                  |              |
|    approx_kl            | 0.0010504422 |
|    clip_fraction        | 0.0109       |
|    clip_range           | 0.2          |
|    entropy_loss         | -0.139       |
|    explained_variance   | 0.587        |
|    learning_rate        | 0.0003       |
|    loss                 | 2.58         |
|    n_updates            | 1255         |
|    policy_gradient_loss | -0.00163     |
|    value_loss           | 6.73         |
------------------------------------------
-------------------------------------------
| rollout/                |               |
|    ep_len_mean          | 12.8          |
|    ep_rew_mean          | 5.52          |
| time/                   |               |
|    fps                  | 300           |
|    iterations           | 253           |
|    time_elapsed         | 430           |
|    total_timesteps      | 129536        |
| train/                  |               |
|    approx_kl            | 0.00019869918 |
|    clip_fraction        | 0.00234       |
|    clip_range           | 0.2           |
|    entropy_loss         | -0.155        |
|    explained_variance   | 0.532         |
|    learning_rate        | 0.0003        |
|    loss                 | 2.96          |
|    n_updates            | 1260          |
|    policy_gradient_loss | 0.00251       |
|    value_loss           | 8.21          |
-------------------------------------------
------------------------------------------
| rollout/                |              |
|    ep_len_mean          | 11.9         |
|    ep_rew_mean          | 5.39         |
| time/                   |              |
|    fps                  | 300          |
|    iterations           | 254          |
|    time_elapsed         | 432          |
|    total_timesteps      | 130048       |
| train/                  |              |
|    approx_kl            | 0.0022576312 |
|    clip_fraction        | 0.00937      |
|    clip_range           | 0.2          |
|    entropy_loss         | -0.117       |
|    explained_variance   | 0.714        |
|    learning_rate        | 0.0003       |
|    loss                 | 2.15         |
|    n_updates            | 1265         |
|    policy_gradient_loss | 0.00122      |
|    value_loss           | 4.36         |
------------------------------------------
------------------------------------------
| rollout/                |              |
|    ep_len_mean          | 11.1         |
|    ep_rew_mean          | 4.91         |
| time/                   |              |
|    fps                  | 300          |
|    iterations           | 255          |
|    time_elapsed         | 433          |
|    total_timesteps      | 130560       |
| train/                  |              |
|    approx_kl            | 0.0015045295 |
|    clip_fraction        | 0.025        |
|    clip_range           | 0.2          |
|    entropy_loss         | -0.136       |
|    explained_variance   | 0.465        |
|    learning_rate        | 0.0003       |
|    loss                 | 3.29         |
|    n_updates            | 1270         |
|    policy_gradient_loss | -0.00515     |
|    value_loss           | 7.25         |
------------------------------------------
------------------------------------------
| rollout/                |              |
|    ep_len_mean          | 11.6         |
|    ep_rew_mean          | 5.17         |
| time/                   |              |
|    fps                  | 300          |
|    iterations           | 256          |
|    time_elapsed         | 435          |
|    total_timesteps      | 131072       |
| train/                  |              |
|    approx_kl            | 0.0018362417 |
|    clip_fraction        | 0.00547      |
|    clip_range           | 0.2          |
|    entropy_loss         | -0.177       |
|    explained_variance   | 0.66         |
|    learning_rate        | 0.0003       |
|    loss                 | 2.33         |
|    n_updates            | 1275         |
|    policy_gradient_loss | 0.000617     |
|    value_loss           | 5.32         |
------------------------------------------
-------------------------------------------
| rollout/                |               |
|    ep_len_mean          | 12.6          |
|    ep_rew_mean          | 5.64          |
| time/                   |               |
|    fps                  | 300           |
|    iterations           | 257           |
|    time_elapsed         | 437           |
|    total_timesteps      | 131584        |
| train/                  |               |
|    approx_kl            | 0.00057956815 |
|    clip_fraction        | 0.00313       |
|    clip_range           | 0.2           |
|    entropy_loss         | -0.14         |
|    explained_variance   | 0.734         |
|    learning_rate        | 0.0003        |
|    loss                 | 1.35          |
|    n_updates            | 1280          |
|    policy_gradient_loss | -0.000311     |
|    value_loss           | 3.97          |
-------------------------------------------
------------------------------------------
| rollout/                |              |
|    ep_len_mean          | 13.4         |
|    ep_rew_mean          | 5.88         |
| time/                   |              |
|    fps                  | 300          |
|    iterations           | 258          |
|    time_elapsed         | 438          |
|    total_timesteps      | 132096       |
| train/                  |              |
|    approx_kl            | 0.0036623287 |
|    clip_fraction        | 0.0398       |
|    clip_range           | 0.2          |
|    entropy_loss         | -0.157       |
|    explained_variance   | 0.679        |
|    learning_rate        | 0.0003       |
|    loss                 | 1.84         |
|    n_updates            | 1285         |
|    policy_gradient_loss | 0.00758      |
|    value_loss           | 4.43         |
------------------------------------------
------------------------------------------
| rollout/                |              |
|    ep_len_mean          | 12.8         |
|    ep_rew_mean          | 5.6          |
| time/                   |              |
|    fps                  | 300          |
|    iterations           | 259          |
|    time_elapsed         | 440          |
|    total_timesteps      | 132608       |
| train/                  |              |
|    approx_kl            | 0.0009965221 |
|    clip_fraction        | 0.0152       |
|    clip_range           | 0.2          |
|    entropy_loss         | -0.111       |
|    explained_variance   | 0.644        |
|    learning_rate        | 0.0003       |
|    loss                 | 2.81         |
|    n_updates            | 1290         |
|    policy_gradient_loss | -0.000911    |
|    value_loss           | 5.62         |
------------------------------------------
-------------------------------------------
| rollout/                |               |
|    ep_len_mean          | 10.9          |
|    ep_rew_mean          | 4.96          |
| time/                   |               |
|    fps                  | 300           |
|    iterations           | 260           |
|    time_elapsed         | 442           |
|    total_timesteps      | 133120        |
| train/                  |               |
|    approx_kl            | 0.00021413737 |
|    clip_fraction        | 0.00117       |
|    clip_range           | 0.2           |
|    entropy_loss         | -0.133        |
|    explained_variance   | 0.517         |
|    learning_rate        | 0.0003        |
|    loss                 | 4.04          |
|    n_updates            | 1295          |
|    policy_gradient_loss | -0.000341     |
|    value_loss           | 7.35          |
-------------------------------------------
------------------------------------------
| rollout/                |              |
|    ep_len_mean          | 11.1         |
|    ep_rew_mean          | 5.07         |
| time/                   |              |
|    fps                  | 300          |
|    iterations           | 261          |
|    time_elapsed         | 444          |
|    total_timesteps      | 133632       |
| train/                  |              |
|    approx_kl            | 0.0019170505 |
|    clip_fraction        | 0.0195       |
|    clip_range           | 0.2          |
|    entropy_loss         | -0.166       |
|    explained_variance   | 0.533        |
|    learning_rate        | 0.0003       |
|    loss                 | 2.75         |
|    n_updates            | 1300         |
|    policy_gradient_loss | -0.00651     |
|    value_loss           | 5.57         |
------------------------------------------
------------------------------------------
| rollout/                |              |
|    ep_len_mean          | 12.6         |
|    ep_rew_mean          | 5.75         |
| time/                   |              |
|    fps                  | 300          |
|    iterations           | 262          |
|    time_elapsed         | 446          |
|    total_timesteps      | 134144       |
| train/                  |              |
|    approx_kl            | 0.0014880906 |
|    clip_fraction        | 0.0184       |
|    clip_range           | 0.2          |
|    entropy_loss         | -0.118       |
|    explained_variance   | 0.609        |
|    learning_rate        | 0.0003       |
|    loss                 | 1.81         |
|    n_updates            | 1305         |
|    policy_gradient_loss | -0.00417     |
|    value_loss           | 5.22         |
------------------------------------------
--------------------------------------------
| rollout/                |                |
|    ep_len_mean          | 10.9           |
|    ep_rew_mean          | 4.75           |
| time/                   |                |
|    fps                  | 300            |
|    iterations           | 263            |
|    time_elapsed         | 447            |
|    total_timesteps      | 134656         |
| train/                  |                |
|    approx_kl            | 0.000102137274 |
|    clip_fraction        | 0.00469        |
|    clip_range           | 0.2            |
|    entropy_loss         | -0.124         |
|    explained_variance   | 0.667          |
|    learning_rate        | 0.0003         |
|    loss                 | 2.84           |
|    n_updates            | 1310           |
|    policy_gradient_loss | 0.00177        |
|    value_loss           | 6.7            |
--------------------------------------------
------------------------------------------
| rollout/                |              |
|    ep_len_mean          | 9.73         |
|    ep_rew_mean          | 4.34         |
| time/                   |              |
|    fps                  | 300          |
|    iterations           | 264          |
|    time_elapsed         | 449          |
|    total_timesteps      | 135168       |
| train/                  |              |
|    approx_kl            | 0.0012830116 |
|    clip_fraction        | 0.0125       |
|    clip_range           | 0.2          |
|    entropy_loss         | -0.191       |
|    explained_variance   | 0.647        |
|    learning_rate        | 0.0003       |
|    loss                 | 2.16         |
|    n_updates            | 1315         |
|    policy_gradient_loss | -0.000957    |
|    value_loss           | 5.43         |
------------------------------------------
------------------------------------------
| rollout/                |              |
|    ep_len_mean          | 11.3         |
|    ep_rew_mean          | 4.86         |
| time/                   |              |
|    fps                  | 300          |
|    iterations           | 265          |
|    time_elapsed         | 451          |
|    total_timesteps      | 135680       |
| train/                  |              |
|    approx_kl            | 0.0014226572 |
|    clip_fraction        | 0.0145       |
|    clip_range           | 0.2          |
|    entropy_loss         | -0.141       |
|    explained_variance   | 0.735        |
|    learning_rate        | 0.0003       |
|    loss                 | 1.7          |
|    n_updates            | 1320         |
|    policy_gradient_loss | -0.00674     |
|    value_loss           | 5.85         |
------------------------------------------
-----------------------------------------
| rollout/                |             |
|    ep_len_mean          | 12.5        |
|    ep_rew_mean          | 5.34        |
| time/                   |             |
|    fps                  | 300         |
|    iterations           | 266         |
|    time_elapsed         | 453         |
|    total_timesteps      | 136192      |
| train/                  |             |
|    approx_kl            | 0.010897407 |
|    clip_fraction        | 0.0207      |
|    clip_range           | 0.2         |
|    entropy_loss         | -0.124      |
|    explained_variance   | 0.706       |
|    learning_rate        | 0.0003      |
|    loss                 | 3.3         |
|    n_updates            | 1325        |
|    policy_gradient_loss | 0.00583     |
|    value_loss           | 6.59        |
-----------------------------------------
-----------------------------------------
| rollout/                |             |
|    ep_len_mean          | 8.42        |
|    ep_rew_mean          | 3.68        |
| time/                   |             |
|    fps                  | 300         |
|    iterations           | 267         |
|    time_elapsed         | 455         |
|    total_timesteps      | 136704      |
| train/                  |             |
|    approx_kl            | 0.008049015 |
|    clip_fraction        | 0.0344      |
|    clip_range           | 0.2         |
|    entropy_loss         | -0.2        |
|    explained_variance   | 0.642       |
|    learning_rate        | 0.0003      |
|    loss                 | 2.39        |
|    n_updates            | 1330        |
|    policy_gradient_loss | 0.00538     |
|    value_loss           | 6.25        |
-----------------------------------------
------------------------------------------
| rollout/                |              |
|    ep_len_mean          | 8.23         |
|    ep_rew_mean          | 3.86         |
| time/                   |              |
|    fps                  | 300          |
|    iterations           | 268          |
|    time_elapsed         | 457          |
|    total_timesteps      | 137216       |
| train/                  |              |
|    approx_kl            | 0.0055101207 |
|    clip_fraction        | 0.0453       |
|    clip_range           | 0.2          |
|    entropy_loss         | -0.206       |
|    explained_variance   | 0.504        |
|    learning_rate        | 0.0003       |
|    loss                 | 2.54         |
|    n_updates            | 1335         |
|    policy_gradient_loss | -0.0113      |
|    value_loss           | 7.93         |
------------------------------------------
------------------------------------------
| rollout/                |              |
|    ep_len_mean          | 10.6         |
|    ep_rew_mean          | 5.42         |
| time/                   |              |
|    fps                  | 300          |
|    iterations           | 269          |
|    time_elapsed         | 459          |
|    total_timesteps      | 137728       |
| train/                  |              |
|    approx_kl            | 0.0038246138 |
|    clip_fraction        | 0.0434       |
|    clip_range           | 0.2          |
|    entropy_loss         | -0.198       |
|    explained_variance   | 0.589        |
|    learning_rate        | 0.0003       |
|    loss                 | 2.77         |
|    n_updates            | 1340         |
|    policy_gradient_loss | -0.0135      |
|    value_loss           | 5.59         |
------------------------------------------
-------------------------------------------
| rollout/                |               |
|    ep_len_mean          | 11.8          |
|    ep_rew_mean          | 6.09          |
| time/                   |               |
|    fps                  | 300           |
|    iterations           | 270           |
|    time_elapsed         | 460           |
|    total_timesteps      | 138240        |
| train/                  |               |
|    approx_kl            | 0.00080785144 |
|    clip_fraction        | 0.0109        |
|    clip_range           | 0.2           |
|    entropy_loss         | -0.119        |
|    explained_variance   | 0.675         |
|    learning_rate        | 0.0003        |
|    loss                 | 3.13          |
|    n_updates            | 1345          |
|    policy_gradient_loss | -0.00479      |
|    value_loss           | 8.55          |
-------------------------------------------
----------------------------------------
| rollout/                |            |
|    ep_len_mean          | 10.8       |
|    ep_rew_mean          | 5.13       |
| time/                   |            |
|    fps                  | 299        |
|    iterations           | 271        |
|    time_elapsed         | 462        |
|    total_timesteps      | 138752     |
| train/                  |            |
|    approx_kl            | 0.00111784 |
|    clip_fraction        | 0.0203     |
|    clip_range           | 0.2        |
|    entropy_loss         | -0.142     |
|    explained_variance   | 0.717      |
|    learning_rate        | 0.0003     |
|    loss                 | 3.51       |
|    n_updates            | 1350       |
|    policy_gradient_loss | -0.00912   |
|    value_loss           | 5.71       |
----------------------------------------
------------------------------------------
| rollout/                |              |
|    ep_len_mean          | 12.2         |
|    ep_rew_mean          | 5.71         |
| time/                   |              |
|    fps                  | 299          |
|    iterations           | 272          |
|    time_elapsed         | 464          |
|    total_timesteps      | 139264       |
| train/                  |              |
|    approx_kl            | 0.0010487374 |
|    clip_fraction        | 0.0145       |
|    clip_range           | 0.2          |
|    entropy_loss         | -0.121       |
|    explained_variance   | 0.692        |
|    learning_rate        | 0.0003       |
|    loss                 | 2.72         |
|    n_updates            | 1355         |
|    policy_gradient_loss | -0.00611     |
|    value_loss           | 4.46         |
------------------------------------------
------------------------------------------
| rollout/                |              |
|    ep_len_mean          | 13.3         |
|    ep_rew_mean          | 6.04         |
| time/                   |              |
|    fps                  | 299          |
|    iterations           | 273          |
|    time_elapsed         | 466          |
|    total_timesteps      | 139776       |
| train/                  |              |
|    approx_kl            | 0.0005185285 |
|    clip_fraction        | 0.00469      |
|    clip_range           | 0.2          |
|    entropy_loss         | -0.129       |
|    explained_variance   | 0.796        |
|    learning_rate        | 0.0003       |
|    loss                 | 2.03         |
|    n_updates            | 1360         |
|    policy_gradient_loss | -0.00347     |
|    value_loss           | 5.4          |
------------------------------------------
------------------------------------------
| rollout/                |              |
|    ep_len_mean          | 13           |
|    ep_rew_mean          | 5.95         |
| time/                   |              |
|    fps                  | 299          |
|    iterations           | 274          |
|    time_elapsed         | 468          |
|    total_timesteps      | 140288       |
| train/                  |              |
|    approx_kl            | 0.0020598336 |
|    clip_fraction        | 0.0344       |
|    clip_range           | 0.2          |
|    entropy_loss         | -0.169       |
|    explained_variance   | 0.666        |
|    learning_rate        | 0.0003       |
|    loss                 | 2.93         |
|    n_updates            | 1365         |
|    policy_gradient_loss | 0.00743      |
|    value_loss           | 6.44         |
------------------------------------------
------------------------------------------
| rollout/                |              |
|    ep_len_mean          | 11.6         |
|    ep_rew_mean          | 5.53         |
| time/                   |              |
|    fps                  | 299          |
|    iterations           | 275          |
|    time_elapsed         | 470          |
|    total_timesteps      | 140800       |
| train/                  |              |
|    approx_kl            | 0.0010911655 |
|    clip_fraction        | 0.0227       |
|    clip_range           | 0.2          |
|    entropy_loss         | -0.133       |
|    explained_variance   | 0.678        |
|    learning_rate        | 0.0003       |
|    loss                 | 1.56         |
|    n_updates            | 1370         |
|    policy_gradient_loss | -0.00664     |
|    value_loss           | 4.32         |
------------------------------------------
------------------------------------------
| rollout/                |              |
|    ep_len_mean          | 10.7         |
|    ep_rew_mean          | 4.45         |
| time/                   |              |
|    fps                  | 299          |
|    iterations           | 276          |
|    time_elapsed         | 471          |
|    total_timesteps      | 141312       |
| train/                  |              |
|    approx_kl            | 0.0016128004 |
|    clip_fraction        | 0.0145       |
|    clip_range           | 0.2          |
|    entropy_loss         | -0.127       |
|    explained_variance   | 0.654        |
|    learning_rate        | 0.0003       |
|    loss                 | 2.56         |
|    n_updates            | 1375         |
|    policy_gradient_loss | -0.000975    |
|    value_loss           | 4.88         |
------------------------------------------
----------------------------------------
| rollout/                |            |
|    ep_len_mean          | 10.5       |
|    ep_rew_mean          | 4.56       |
| time/                   |            |
|    fps                  | 299        |
|    iterations           | 277        |
|    time_elapsed         | 473        |
|    total_timesteps      | 141824     |
| train/                  |            |
|    approx_kl            | 0.00787838 |
|    clip_fraction        | 0.048      |
|    clip_range           | 0.2        |
|    entropy_loss         | -0.16      |
|    explained_variance   | 0.661      |
|    learning_rate        | 0.0003     |
|    loss                 | 2.25       |
|    n_updates            | 1380       |
|    policy_gradient_loss | -0.00736   |
|    value_loss           | 3.6        |
----------------------------------------
-------------------------------------------
| rollout/                |               |
|    ep_len_mean          | 12            |
|    ep_rew_mean          | 5.84          |
| time/                   |               |
|    fps                  | 299           |
|    iterations           | 278           |
|    time_elapsed         | 475           |
|    total_timesteps      | 142336        |
| train/                  |               |
|    approx_kl            | 0.00016456551 |
|    clip_fraction        | 0             |
|    clip_range           | 0.2           |
|    entropy_loss         | -0.134        |
|    explained_variance   | 0.614         |
|    learning_rate        | 0.0003        |
|    loss                 | 4.63          |
|    n_updates            | 1385          |
|    policy_gradient_loss | 6.91e-05      |
|    value_loss           | 7.07          |
-------------------------------------------
------------------------------------------
| rollout/                |              |
|    ep_len_mean          | 11.9         |
|    ep_rew_mean          | 5.85         |
| time/                   |              |
|    fps                  | 299          |
|    iterations           | 279          |
|    time_elapsed         | 477          |
|    total_timesteps      | 142848       |
| train/                  |              |
|    approx_kl            | 0.0008625014 |
|    clip_fraction        | 0.0207       |
|    clip_range           | 0.2          |
|    entropy_loss         | -0.119       |
|    explained_variance   | 0.588        |
|    learning_rate        | 0.0003       |
|    loss                 | 1.74         |
|    n_updates            | 1390         |
|    policy_gradient_loss | -0.00488     |
|    value_loss           | 4.28         |
------------------------------------------
------------------------------------------
| rollout/                |              |
|    ep_len_mean          | 11.2         |
|    ep_rew_mean          | 5.09         |
| time/                   |              |
|    fps                  | 299          |
|    iterations           | 280          |
|    time_elapsed         | 478          |
|    total_timesteps      | 143360       |
| train/                  |              |
|    approx_kl            | 0.0019597048 |
|    clip_fraction        | 0.0152       |
|    clip_range           | 0.2          |
|    entropy_loss         | -0.133       |
|    explained_variance   | 0.687        |
|    learning_rate        | 0.0003       |
|    loss                 | 3.58         |
|    n_updates            | 1395         |
|    policy_gradient_loss | 0.00136      |
|    value_loss           | 6.35         |
------------------------------------------
------------------------------------------
| rollout/                |              |
|    ep_len_mean          | 11.1         |
|    ep_rew_mean          | 5.17         |
| time/                   |              |
|    fps                  | 299          |
|    iterations           | 281          |
|    time_elapsed         | 480          |
|    total_timesteps      | 143872       |
| train/                  |              |
|    approx_kl            | 0.0039897896 |
|    clip_fraction        | 0.0203       |
|    clip_range           | 0.2          |
|    entropy_loss         | -0.149       |
|    explained_variance   | 0.646        |
|    learning_rate        | 0.0003       |
|    loss                 | 1.61         |
|    n_updates            | 1400         |
|    policy_gradient_loss | -0.00608     |
|    value_loss           | 5.57         |
------------------------------------------
-------------------------------------------
| rollout/                |               |
|    ep_len_mean          | 12.3          |
|    ep_rew_mean          | 5.63          |
| time/                   |               |
|    fps                  | 299           |
|    iterations           | 282           |
|    time_elapsed         | 482           |
|    total_timesteps      | 144384        |
| train/                  |               |
|    approx_kl            | 0.00020443014 |
|    clip_fraction        | 0.00273       |
|    clip_range           | 0.2           |
|    entropy_loss         | -0.093        |
|    explained_variance   | 0.688         |
|    learning_rate        | 0.0003        |
|    loss                 | 2.95          |
|    n_updates            | 1405          |
|    policy_gradient_loss | -0.0018       |
|    value_loss           | 5.09          |
-------------------------------------------
------------------------------------------
| rollout/                |              |
|    ep_len_mean          | 12.7         |
|    ep_rew_mean          | 5.68         |
| time/                   |              |
|    fps                  | 299          |
|    iterations           | 283          |
|    time_elapsed         | 484          |
|    total_timesteps      | 144896       |
| train/                  |              |
|    approx_kl            | 0.0006727973 |
|    clip_fraction        | 0.00469      |
|    clip_range           | 0.2          |
|    entropy_loss         | -0.121       |
|    explained_variance   | 0.584        |
|    learning_rate        | 0.0003       |
|    loss                 | 2.05         |
|    n_updates            | 1410         |
|    policy_gradient_loss | 0.00142      |
|    value_loss           | 6.23         |
------------------------------------------
-----------------------------------------
| rollout/                |             |
|    ep_len_mean          | 9.43        |
|    ep_rew_mean          | 4.32        |
| time/                   |             |
|    fps                  | 299         |
|    iterations           | 284         |
|    time_elapsed         | 486         |
|    total_timesteps      | 145408      |
| train/                  |             |
|    approx_kl            | 0.011641183 |
|    clip_fraction        | 0.0441      |
|    clip_range           | 0.2         |
|    entropy_loss         | -0.197      |
|    explained_variance   | 0.616       |
|    learning_rate        | 0.0003      |
|    loss                 | 1.65        |
|    n_updates            | 1415        |
|    policy_gradient_loss | 0.00776     |
|    value_loss           | 3.54        |
-----------------------------------------
------------------------------------------
| rollout/                |              |
|    ep_len_mean          | 9.41         |
|    ep_rew_mean          | 4.58         |
| time/                   |              |
|    fps                  | 299          |
|    iterations           | 285          |
|    time_elapsed         | 487          |
|    total_timesteps      | 145920       |
| train/                  |              |
|    approx_kl            | 0.0017996788 |
|    clip_fraction        | 0.0297       |
|    clip_range           | 0.2          |
|    entropy_loss         | -0.179       |
|    explained_variance   | 0.487        |
|    learning_rate        | 0.0003       |
|    loss                 | 3.44         |
|    n_updates            | 1420         |
|    policy_gradient_loss | -0.00696     |
|    value_loss           | 7.06         |
------------------------------------------
------------------------------------------
| rollout/                |              |
|    ep_len_mean          | 10.7         |
|    ep_rew_mean          | 4.65         |
| time/                   |              |
|    fps                  | 299          |
|    iterations           | 286          |
|    time_elapsed         | 489          |
|    total_timesteps      | 146432       |
| train/                  |              |
|    approx_kl            | 0.0026583516 |
|    clip_fraction        | 0.0254       |
|    clip_range           | 0.2          |
|    entropy_loss         | -0.115       |
|    explained_variance   | 0.533        |
|    learning_rate        | 0.0003       |
|    loss                 | 3.38         |
|    n_updates            | 1425         |
|    policy_gradient_loss | -0.00575     |
|    value_loss           | 6.93         |
------------------------------------------
------------------------------------------
| rollout/                |              |
|    ep_len_mean          | 10.3         |
|    ep_rew_mean          | 4.38         |
| time/                   |              |
|    fps                  | 299          |
|    iterations           | 287          |
|    time_elapsed         | 491          |
|    total_timesteps      | 146944       |
| train/                  |              |
|    approx_kl            | 0.0015949272 |
|    clip_fraction        | 0.00664      |
|    clip_range           | 0.2          |
|    entropy_loss         | -0.182       |
|    explained_variance   | 0.658        |
|    learning_rate        | 0.0003       |
|    loss                 | 1.99         |
|    n_updates            | 1430         |
|    policy_gradient_loss | -0.00102     |
|    value_loss           | 3.94         |
------------------------------------------
-----------------------------------------
| rollout/                |             |
|    ep_len_mean          | 11          |
|    ep_rew_mean          | 4.56        |
| time/                   |             |
|    fps                  | 299         |
|    iterations           | 288         |
|    time_elapsed         | 492         |
|    total_timesteps      | 147456      |
| train/                  |             |
|    approx_kl            | 0.001720906 |
|    clip_fraction        | 0.0102      |
|    clip_range           | 0.2         |
|    entropy_loss         | -0.155      |
|    explained_variance   | 0.718       |
|    learning_rate        | 0.0003      |
|    loss                 | 1.8         |
|    n_updates            | 1435        |
|    policy_gradient_loss | -0.00279    |
|    value_loss           | 4.96        |
-----------------------------------------
------------------------------------------
| rollout/                |              |
|    ep_len_mean          | 10.3         |
|    ep_rew_mean          | 4.21         |
| time/                   |              |
|    fps                  | 299          |
|    iterations           | 289          |
|    time_elapsed         | 494          |
|    total_timesteps      | 147968       |
| train/                  |              |
|    approx_kl            | 0.0005332906 |
|    clip_fraction        | 0.0125       |
|    clip_range           | 0.2          |
|    entropy_loss         | -0.164       |
|    explained_variance   | 0.679        |
|    learning_rate        | 0.0003       |
|    loss                 | 3.03         |
|    n_updates            | 1440         |
|    policy_gradient_loss | -0.00313     |
|    value_loss           | 5.23         |
------------------------------------------
-----------------------------------------
| rollout/                |             |
|    ep_len_mean          | 10.6        |
|    ep_rew_mean          | 4.87        |
| time/                   |             |
|    fps                  | 299         |
|    iterations           | 290         |
|    time_elapsed         | 496         |
|    total_timesteps      | 148480      |
| train/                  |             |
|    approx_kl            | 0.005386361 |
|    clip_fraction        | 0.0211      |
|    clip_range           | 0.2         |
|    entropy_loss         | -0.167      |
|    explained_variance   | 0.606       |
|    learning_rate        | 0.0003      |
|    loss                 | 2.92        |
|    n_updates            | 1445        |
|    policy_gradient_loss | -0.00378    |
|    value_loss           | 6.17        |
-----------------------------------------
------------------------------------------
| rollout/                |              |
|    ep_len_mean          | 11.8         |
|    ep_rew_mean          | 5.48         |
| time/                   |              |
|    fps                  | 299          |
|    iterations           | 291          |
|    time_elapsed         | 497          |
|    total_timesteps      | 148992       |
| train/                  |              |
|    approx_kl            | 0.0006766627 |
|    clip_fraction        | 0.00977      |
|    clip_range           | 0.2          |
|    entropy_loss         | -0.118       |
|    explained_variance   | 0.667        |
|    learning_rate        | 0.0003       |
|    loss                 | 2.07         |
|    n_updates            | 1450         |
|    policy_gradient_loss | -0.00301     |
|    value_loss           | 4.77         |
------------------------------------------
-----------------------------------------
| rollout/                |             |
|    ep_len_mean          | 11.8        |
|    ep_rew_mean          | 5.03        |
| time/                   |             |
|    fps                  | 299         |
|    iterations           | 292         |
|    time_elapsed         | 499         |
|    total_timesteps      | 149504      |
| train/                  |             |
|    approx_kl            | 0.000505343 |
|    clip_fraction        | 0.00352     |
|    clip_range           | 0.2         |
|    entropy_loss         | -0.128      |
|    explained_variance   | 0.531       |
|    learning_rate        | 0.0003      |
|    loss                 | 2.28        |
|    n_updates            | 1455        |
|    policy_gradient_loss | -0.00378    |
|    value_loss           | 5.45        |
-----------------------------------------
------------------------------------------
| rollout/                |              |
|    ep_len_mean          | 10.3         |
|    ep_rew_mean          | 4.26         |
| time/                   |              |
|    fps                  | 299          |
|    iterations           | 293          |
|    time_elapsed         | 501          |
|    total_timesteps      | 150016       |
| train/                  |              |
|    approx_kl            | 0.0033359067 |
|    clip_fraction        | 0.0332       |
|    clip_range           | 0.2          |
|    entropy_loss         | -0.155       |
|    explained_variance   | 0.484        |
|    learning_rate        | 0.0003       |
|    loss                 | 2.3          |
|    n_updates            | 1460         |
|    policy_gradient_loss | 0.00275      |
|    value_loss           | 6.14         |
------------------------------------------
-------------------------------------------
| rollout/                |               |
|    ep_len_mean          | 10.5          |
|    ep_rew_mean          | 4.64          |
| time/                   |               |
|    fps                  | 299           |
|    iterations           | 294           |
|    time_elapsed         | 503           |
|    total_timesteps      | 150528        |
| train/                  |               |
|    approx_kl            | 0.00014847331 |
|    clip_fraction        | 0.0102        |
|    clip_range           | 0.2           |
|    entropy_loss         | -0.159        |
|    explained_variance   | 0.679         |
|    learning_rate        | 0.0003        |
|    loss                 | 1.43          |
|    n_updates            | 1465          |
|    policy_gradient_loss | -0.000136     |
|    value_loss           | 3.39          |
-------------------------------------------
-----------------------------------------
| rollout/                |             |
|    ep_len_mean          | 11.6        |
|    ep_rew_mean          | 5           |
| time/                   |             |
|    fps                  | 299         |
|    iterations           | 295         |
|    time_elapsed         | 504         |
|    total_timesteps      | 151040      |
| train/                  |             |
|    approx_kl            | 0.001122406 |
|    clip_fraction        | 0.0113      |
|    clip_range           | 0.2         |
|    entropy_loss         | -0.149      |
|    explained_variance   | 0.663       |
|    learning_rate        | 0.0003      |
|    loss                 | 1.69        |
|    n_updates            | 1470        |
|    policy_gradient_loss | -0.00507    |
|    value_loss           | 4.1         |
-----------------------------------------
-----------------------------------------
| rollout/                |             |
|    ep_len_mean          | 12.6        |
|    ep_rew_mean          | 5.41        |
| time/                   |             |
|    fps                  | 299         |
|    iterations           | 296         |
|    time_elapsed         | 506         |
|    total_timesteps      | 151552      |
| train/                  |             |
|    approx_kl            | 0.003106487 |
|    clip_fraction        | 0.0172      |
|    clip_range           | 0.2         |
|    entropy_loss         | -0.114      |
|    explained_variance   | 0.632       |
|    learning_rate        | 0.0003      |
|    loss                 | 1.8         |
|    n_updates            | 1475        |
|    policy_gradient_loss | 0.00224     |
|    value_loss           | 3.7         |
-----------------------------------------
------------------------------------------
| rollout/                |              |
|    ep_len_mean          | 11.8         |
|    ep_rew_mean          | 5.23         |
| time/                   |              |
|    fps                  | 299          |
|    iterations           | 297          |
|    time_elapsed         | 508          |
|    total_timesteps      | 152064       |
| train/                  |              |
|    approx_kl            | 0.0031571237 |
|    clip_fraction        | 0.0113       |
|    clip_range           | 0.2          |
|    entropy_loss         | -0.134       |
|    explained_variance   | 0.659        |
|    learning_rate        | 0.0003       |
|    loss                 | 1.62         |
|    n_updates            | 1480         |
|    policy_gradient_loss | 0.00221      |
|    value_loss           | 4.1          |
------------------------------------------
-----------------------------------------
| rollout/                |             |
|    ep_len_mean          | 11.2        |
|    ep_rew_mean          | 5.01        |
| time/                   |             |
|    fps                  | 299         |
|    iterations           | 298         |
|    time_elapsed         | 510         |
|    total_timesteps      | 152576      |
| train/                  |             |
|    approx_kl            | 0.005531775 |
|    clip_fraction        | 0.05        |
|    clip_range           | 0.2         |
|    entropy_loss         | -0.12       |
|    explained_variance   | 0.611       |
|    learning_rate        | 0.0003      |
|    loss                 | 1.88        |
|    n_updates            | 1485        |
|    policy_gradient_loss | -0.00944    |
|    value_loss           | 5.07        |
-----------------------------------------
------------------------------------------
| rollout/                |              |
|    ep_len_mean          | 12.1         |
|    ep_rew_mean          | 5.33         |
| time/                   |              |
|    fps                  | 299          |
|    iterations           | 299          |
|    time_elapsed         | 511          |
|    total_timesteps      | 153088       |
| train/                  |              |
|    approx_kl            | 0.0007414391 |
|    clip_fraction        | 0.00703      |
|    clip_range           | 0.2          |
|    entropy_loss         | -0.114       |
|    explained_variance   | 0.649        |
|    learning_rate        | 0.0003       |
|    loss                 | 1.9          |
|    n_updates            | 1490         |
|    policy_gradient_loss | -0.00233     |
|    value_loss           | 4.94         |
------------------------------------------
------------------------------------------
| rollout/                |              |
|    ep_len_mean          | 13.1         |
|    ep_rew_mean          | 5.64         |
| time/                   |              |
|    fps                  | 298          |
|    iterations           | 300          |
|    time_elapsed         | 514          |
|    total_timesteps      | 153600       |
| train/                  |              |
|    approx_kl            | 0.0038738707 |
|    clip_fraction        | 0.0273       |
|    clip_range           | 0.2          |
|    entropy_loss         | -0.172       |
|    explained_variance   | 0.479        |
|    learning_rate        | 0.0003       |
|    loss                 | 3.12         |
|    n_updates            | 1495         |
|    policy_gradient_loss | 0.000371     |
|    value_loss           | 7.65         |
------------------------------------------
-------------------------------------------
| rollout/                |               |
|    ep_len_mean          | 12.3          |
|    ep_rew_mean          | 5.25          |
| time/                   |               |
|    fps                  | 298           |
|    iterations           | 301           |
|    time_elapsed         | 515           |
|    total_timesteps      | 154112        |
| train/                  |               |
|    approx_kl            | 0.00074451754 |
|    clip_fraction        | 0.0137        |
|    clip_range           | 0.2           |
|    entropy_loss         | -0.107        |
|    explained_variance   | 0.6           |
|    learning_rate        | 0.0003        |
|    loss                 | 1.7           |
|    n_updates            | 1500          |
|    policy_gradient_loss | -0.00371      |
|    value_loss           | 4.99          |
-------------------------------------------
------------------------------------------
| rollout/                |              |
|    ep_len_mean          | 13.3         |
|    ep_rew_mean          | 5.86         |
| time/                   |              |
|    fps                  | 298          |
|    iterations           | 302          |
|    time_elapsed         | 517          |
|    total_timesteps      | 154624       |
| train/                  |              |
|    approx_kl            | 0.0007885648 |
|    clip_fraction        | 0.0105       |
|    clip_range           | 0.2          |
|    entropy_loss         | -0.12        |
|    explained_variance   | 0.587        |
|    learning_rate        | 0.0003       |
|    loss                 | 2.26         |
|    n_updates            | 1505         |
|    policy_gradient_loss | -0.00546     |
|    value_loss           | 5.35         |
------------------------------------------
-----------------------------------------
| rollout/                |             |
|    ep_len_mean          | 12.2        |
|    ep_rew_mean          | 5.22        |
| time/                   |             |
|    fps                  | 298         |
|    iterations           | 303         |
|    time_elapsed         | 518         |
|    total_timesteps      | 155136      |
| train/                  |             |
|    approx_kl            | 0.013498319 |
|    clip_fraction        | 0.0285      |
|    clip_range           | 0.2         |
|    entropy_loss         | -0.149      |
|    explained_variance   | 0.445       |
|    learning_rate        | 0.0003      |
|    loss                 | 5.26        |
|    n_updates            | 1510        |
|    policy_gradient_loss | 0.00536     |
|    value_loss           | 8.48        |
-----------------------------------------
------------------------------------------
| rollout/                |              |
|    ep_len_mean          | 11.9         |
|    ep_rew_mean          | 5.44         |
| time/                   |              |
|    fps                  | 298          |
|    iterations           | 304          |
|    time_elapsed         | 520          |
|    total_timesteps      | 155648       |
| train/                  |              |
|    approx_kl            | 0.0018859603 |
|    clip_fraction        | 0.0152       |
|    clip_range           | 0.2          |
|    entropy_loss         | -0.168       |
|    explained_variance   | 0.619        |
|    learning_rate        | 0.0003       |
|    loss                 | 2.19         |
|    n_updates            | 1515         |
|    policy_gradient_loss | -0.00433     |
|    value_loss           | 6.23         |
------------------------------------------
------------------------------------------
| rollout/                |              |
|    ep_len_mean          | 10.8         |
|    ep_rew_mean          | 4.88         |
| time/                   |              |
|    fps                  | 299          |
|    iterations           | 305          |
|    time_elapsed         | 522          |
|    total_timesteps      | 156160       |
| train/                  |              |
|    approx_kl            | 0.0017210146 |
|    clip_fraction        | 0.0102       |
|    clip_range           | 0.2          |
|    entropy_loss         | -0.137       |
|    explained_variance   | 0.622        |
|    learning_rate        | 0.0003       |
|    loss                 | 2.29         |
|    n_updates            | 1520         |
|    policy_gradient_loss | -0.0018      |
|    value_loss           | 5.25         |
------------------------------------------
------------------------------------------
| rollout/                |              |
|    ep_len_mean          | 10.7         |
|    ep_rew_mean          | 4.89         |
| time/                   |              |
|    fps                  | 299          |
|    iterations           | 306          |
|    time_elapsed         | 523          |
|    total_timesteps      | 156672       |
| train/                  |              |
|    approx_kl            | 0.0019467261 |
|    clip_fraction        | 0.0348       |
|    clip_range           | 0.2          |
|    entropy_loss         | -0.137       |
|    explained_variance   | 0.633        |
|    learning_rate        | 0.0003       |
|    loss                 | 2.18         |
|    n_updates            | 1525         |
|    policy_gradient_loss | -0.00641     |
|    value_loss           | 4.79         |
------------------------------------------
------------------------------------------
| rollout/                |              |
|    ep_len_mean          | 12.1         |
|    ep_rew_mean          | 5.27         |
| time/                   |              |
|    fps                  | 299          |
|    iterations           | 307          |
|    time_elapsed         | 525          |
|    total_timesteps      | 157184       |
| train/                  |              |
|    approx_kl            | 0.0008486832 |
|    clip_fraction        | 0.0211       |
|    clip_range           | 0.2          |
|    entropy_loss         | -0.117       |
|    explained_variance   | 0.466        |
|    learning_rate        | 0.0003       |
|    loss                 | 2.62         |
|    n_updates            | 1530         |
|    policy_gradient_loss | -0.00789     |
|    value_loss           | 5.18         |
------------------------------------------
------------------------------------------
| rollout/                |              |
|    ep_len_mean          | 13.2         |
|    ep_rew_mean          | 5.58         |
| time/                   |              |
|    fps                  | 299          |
|    iterations           | 308          |
|    time_elapsed         | 527          |
|    total_timesteps      | 157696       |
| train/                  |              |
|    approx_kl            | 0.0021051553 |
|    clip_fraction        | 0.0254       |
|    clip_range           | 0.2          |
|    entropy_loss         | -0.152       |
|    explained_variance   | 0.51         |
|    learning_rate        | 0.0003       |
|    loss                 | 1.38         |
|    n_updates            | 1535         |
|    policy_gradient_loss | -0.00858     |
|    value_loss           | 5.11         |
------------------------------------------
----------------------------------------
| rollout/                |            |
|    ep_len_mean          | 11.1       |
|    ep_rew_mean          | 4.66       |
| time/                   |            |
|    fps                  | 299        |
|    iterations           | 309        |
|    time_elapsed         | 528        |
|    total_timesteps      | 158208     |
| train/                  |            |
|    approx_kl            | 0.00345818 |
|    clip_fraction        | 0.0629     |
|    clip_range           | 0.2        |
|    entropy_loss         | -0.212     |
|    explained_variance   | 0.549      |
|    learning_rate        | 0.0003     |
|    loss                 | 1.99       |
|    n_updates            | 1540       |
|    policy_gradient_loss | 0.00897    |
|    value_loss           | 5.74       |
----------------------------------------
-----------------------------------------
| rollout/                |             |
|    ep_len_mean          | 10.1        |
|    ep_rew_mean          | 4.74        |
| time/                   |             |
|    fps                  | 299         |
|    iterations           | 310         |
|    time_elapsed         | 530         |
|    total_timesteps      | 158720      |
| train/                  |             |
|    approx_kl            | 0.001584532 |
|    clip_fraction        | 0.0305      |
|    clip_range           | 0.2         |
|    entropy_loss         | -0.123      |
|    explained_variance   | 0.643       |
|    learning_rate        | 0.0003      |
|    loss                 | 1.76        |
|    n_updates            | 1545        |
|    policy_gradient_loss | -0.00759    |
|    value_loss           | 5.09        |
-----------------------------------------
------------------------------------------
| rollout/                |              |
|    ep_len_mean          | 10.8         |
|    ep_rew_mean          | 5.14         |
| time/                   |              |
|    fps                  | 299          |
|    iterations           | 311          |
|    time_elapsed         | 531          |
|    total_timesteps      | 159232       |
| train/                  |              |
|    approx_kl            | 0.0023963405 |
|    clip_fraction        | 0.025        |
|    clip_range           | 0.2          |
|    entropy_loss         | -0.129       |
|    explained_variance   | 0.71         |
|    learning_rate        | 0.0003       |
|    loss                 | 1.34         |
|    n_updates            | 1550         |
|    policy_gradient_loss | -0.0069      |
|    value_loss           | 3.3          |
------------------------------------------
------------------------------------------
| rollout/                |              |
|    ep_len_mean          | 11.7         |
|    ep_rew_mean          | 5.61         |
| time/                   |              |
|    fps                  | 299          |
|    iterations           | 312          |
|    time_elapsed         | 533          |
|    total_timesteps      | 159744       |
| train/                  |              |
|    approx_kl            | 0.0023360248 |
|    clip_fraction        | 0.0352       |
|    clip_range           | 0.2          |
|    entropy_loss         | -0.138       |
|    explained_variance   | 0.502        |
|    learning_rate        | 0.0003       |
|    loss                 | 3.54         |
|    n_updates            | 1555         |
|    policy_gradient_loss | 0.00604      |
|    value_loss           | 10.6         |
------------------------------------------
------------------------------------------
| rollout/                |              |
|    ep_len_mean          | 11.3         |
|    ep_rew_mean          | 5.17         |
| time/                   |              |
|    fps                  | 299          |
|    iterations           | 313          |
|    time_elapsed         | 535          |
|    total_timesteps      | 160256       |
| train/                  |              |
|    approx_kl            | 0.0006530224 |
|    clip_fraction        | 0.018        |
|    clip_range           | 0.2          |
|    entropy_loss         | -0.115       |
|    explained_variance   | 0.762        |
|    learning_rate        | 0.0003       |
|    loss                 | 3.4          |
|    n_updates            | 1560         |
|    policy_gradient_loss | -0.00568     |
|    value_loss           | 5.84         |
------------------------------------------
------------------------------------------
| rollout/                |              |
|    ep_len_mean          | 9.67         |
|    ep_rew_mean          | 3.83         |
| time/                   |              |
|    fps                  | 299          |
|    iterations           | 314          |
|    time_elapsed         | 536          |
|    total_timesteps      | 160768       |
| train/                  |              |
|    approx_kl            | 0.0035403213 |
|    clip_fraction        | 0.041        |
|    clip_range           | 0.2          |
|    entropy_loss         | -0.157       |
|    explained_variance   | 0.673        |
|    learning_rate        | 0.0003       |
|    loss                 | 2.36         |
|    n_updates            | 1565         |
|    policy_gradient_loss | 0.000999     |
|    value_loss           | 5.64         |
------------------------------------------
------------------------------------------
| rollout/                |              |
|    ep_len_mean          | 8.84         |
|    ep_rew_mean          | 3.35         |
| time/                   |              |
|    fps                  | 299          |
|    iterations           | 315          |
|    time_elapsed         | 538          |
|    total_timesteps      | 161280       |
| train/                  |              |
|    approx_kl            | 0.0018854511 |
|    clip_fraction        | 0.0238       |
|    clip_range           | 0.2          |
|    entropy_loss         | -0.189       |
|    explained_variance   | 0.584        |
|    learning_rate        | 0.0003       |
|    loss                 | 3.35         |
|    n_updates            | 1570         |
|    policy_gradient_loss | -0.00649     |
|    value_loss           | 6.17         |
------------------------------------------
----------------------------------------
| rollout/                |            |
|    ep_len_mean          | 11.1       |
|    ep_rew_mean          | 5.02       |
| time/                   |            |
|    fps                  | 299        |
|    iterations           | 316        |
|    time_elapsed         | 540        |
|    total_timesteps      | 161792     |
| train/                  |            |
|    approx_kl            | 0.01041451 |
|    clip_fraction        | 0.0813     |
|    clip_range           | 0.2        |
|    entropy_loss         | -0.206     |
|    explained_variance   | 0.692      |
|    learning_rate        | 0.0003     |
|    loss                 | 1.02       |
|    n_updates            | 1575       |
|    policy_gradient_loss | 0.0098     |
|    value_loss           | 3.68       |
----------------------------------------
-------------------------------------------
| rollout/                |               |
|    ep_len_mean          | 11.7          |
|    ep_rew_mean          | 5.73          |
| time/                   |               |
|    fps                  | 299           |
|    iterations           | 317           |
|    time_elapsed         | 541           |
|    total_timesteps      | 162304        |
| train/                  |               |
|    approx_kl            | 0.00095825817 |
|    clip_fraction        | 0.00898       |
|    clip_range           | 0.2           |
|    entropy_loss         | -0.118        |
|    explained_variance   | 0.645         |
|    learning_rate        | 0.0003        |
|    loss                 | 1.96          |
|    n_updates            | 1580          |
|    policy_gradient_loss | -0.00476      |
|    value_loss           | 5.57          |
-------------------------------------------
-----------------------------------------
| rollout/                |             |
|    ep_len_mean          | 9.58        |
|    ep_rew_mean          | 4.77        |
| time/                   |             |
|    fps                  | 299         |
|    iterations           | 318         |
|    time_elapsed         | 543         |
|    total_timesteps      | 162816      |
| train/                  |             |
|    approx_kl            | 0.000933413 |
|    clip_fraction        | 0.0324      |
|    clip_range           | 0.2         |
|    entropy_loss         | -0.143      |
|    explained_variance   | 0.718       |
|    learning_rate        | 0.0003      |
|    loss                 | 3.48        |
|    n_updates            | 1585        |
|    policy_gradient_loss | 0.0045      |
|    value_loss           | 6.67        |
-----------------------------------------
------------------------------------------
| rollout/                |              |
|    ep_len_mean          | 7.93         |
|    ep_rew_mean          | 3.75         |
| time/                   |              |
|    fps                  | 299          |
|    iterations           | 319          |
|    time_elapsed         | 544          |
|    total_timesteps      | 163328       |
| train/                  |              |
|    approx_kl            | 0.0010893245 |
|    clip_fraction        | 0.0305       |
|    clip_range           | 0.2          |
|    entropy_loss         | -0.167       |
|    explained_variance   | 0.596        |
|    learning_rate        | 0.0003       |
|    loss                 | 2.57         |
|    n_updates            | 1590         |
|    policy_gradient_loss | -0.0111      |
|    value_loss           | 8.14         |
------------------------------------------
------------------------------------------
| rollout/                |              |
|    ep_len_mean          | 9.38         |
|    ep_rew_mean          | 4.23         |
| time/                   |              |
|    fps                  | 299          |
|    iterations           | 320          |
|    time_elapsed         | 546          |
|    total_timesteps      | 163840       |
| train/                  |              |
|    approx_kl            | 0.0024132503 |
|    clip_fraction        | 0.018        |
|    clip_range           | 0.2          |
|    entropy_loss         | -0.189       |
|    explained_variance   | 0.716        |
|    learning_rate        | 0.0003       |
|    loss                 | 2.13         |
|    n_updates            | 1595         |
|    policy_gradient_loss | -0.00615     |
|    value_loss           | 5.23         |
------------------------------------------
-------------------------------------------
| rollout/                |               |
|    ep_len_mean          | 10.6          |
|    ep_rew_mean          | 5             |
| time/                   |               |
|    fps                  | 299           |
|    iterations           | 321           |
|    time_elapsed         | 548           |
|    total_timesteps      | 164352        |
| train/                  |               |
|    approx_kl            | 0.00022238446 |
|    clip_fraction        | 0.0195        |
|    clip_range           | 0.2           |
|    entropy_loss         | -0.14         |
|    explained_variance   | 0.605         |
|    learning_rate        | 0.0003        |
|    loss                 | 3.53          |
|    n_updates            | 1600          |
|    policy_gradient_loss | -0.00377      |
|    value_loss           | 6.29          |
-------------------------------------------
------------------------------------------
| rollout/                |              |
|    ep_len_mean          | 11.3         |
|    ep_rew_mean          | 5.39         |
| time/                   |              |
|    fps                  | 299          |
|    iterations           | 322          |
|    time_elapsed         | 550          |
|    total_timesteps      | 164864       |
| train/                  |              |
|    approx_kl            | 0.0003570419 |
|    clip_fraction        | 0.0129       |
|    clip_range           | 0.2          |
|    entropy_loss         | -0.142       |
|    explained_variance   | 0.626        |
|    learning_rate        | 0.0003       |
|    loss                 | 1.76         |
|    n_updates            | 1605         |
|    policy_gradient_loss | -0.000189    |
|    value_loss           | 4.87         |
------------------------------------------
------------------------------------------
| rollout/                |              |
|    ep_len_mean          | 11.1         |
|    ep_rew_mean          | 5.2          |
| time/                   |              |
|    fps                  | 298          |
|    iterations           | 323          |
|    time_elapsed         | 553          |
|    total_timesteps      | 165376       |
| train/                  |              |
|    approx_kl            | 0.0028676188 |
|    clip_fraction        | 0.0082       |
|    clip_range           | 0.2          |
|    entropy_loss         | -0.167       |
|    explained_variance   | 0.694        |
|    learning_rate        | 0.0003       |
|    loss                 | 1.17         |
|    n_updates            | 1610         |
|    policy_gradient_loss | -0.00174     |
|    value_loss           | 3.81         |
------------------------------------------
-------------------------------------------
| rollout/                |               |
|    ep_len_mean          | 9.71          |
|    ep_rew_mean          | 4.19          |
| time/                   |               |
|    fps                  | 298           |
|    iterations           | 324           |
|    time_elapsed         | 555           |
|    total_timesteps      | 165888        |
| train/                  |               |
|    approx_kl            | 0.00066324644 |
|    clip_fraction        | 0.0117        |
|    clip_range           | 0.2           |
|    entropy_loss         | -0.176        |
|    explained_variance   | 0.629         |
|    learning_rate        | 0.0003        |
|    loss                 | 3.6           |
|    n_updates            | 1615          |
|    policy_gradient_loss | -0.00263      |
|    value_loss           | 6.5           |
-------------------------------------------
-------------------------------------------
| rollout/                |               |
|    ep_len_mean          | 9.75          |
|    ep_rew_mean          | 4.05          |
| time/                   |               |
|    fps                  | 298           |
|    iterations           | 325           |
|    time_elapsed         | 557           |
|    total_timesteps      | 166400        |
| train/                  |               |
|    approx_kl            | 0.00044629135 |
|    clip_fraction        | 0.0172        |
|    clip_range           | 0.2           |
|    entropy_loss         | -0.177        |
|    explained_variance   | 0.663         |
|    learning_rate        | 0.0003        |
|    loss                 | 2.76          |
|    n_updates            | 1620          |
|    policy_gradient_loss | 0.00229       |
|    value_loss           | 5.75          |
-------------------------------------------
------------------------------------------
| rollout/                |              |
|    ep_len_mean          | 9.99         |
|    ep_rew_mean          | 4.4          |
| time/                   |              |
|    fps                  | 298          |
|    iterations           | 326          |
|    time_elapsed         | 559          |
|    total_timesteps      | 166912       |
| train/                  |              |
|    approx_kl            | 0.0015157051 |
|    clip_fraction        | 0.0258       |
|    clip_range           | 0.2          |
|    entropy_loss         | -0.153       |
|    explained_variance   | 0.608        |
|    learning_rate        | 0.0003       |
|    loss                 | 2.67         |
|    n_updates            | 1625         |
|    policy_gradient_loss | -0.007       |
|    value_loss           | 6.22         |
------------------------------------------
------------------------------------------
| rollout/                |              |
|    ep_len_mean          | 10.5         |
|    ep_rew_mean          | 4.61         |
| time/                   |              |
|    fps                  | 298          |
|    iterations           | 327          |
|    time_elapsed         | 561          |
|    total_timesteps      | 167424       |
| train/                  |              |
|    approx_kl            | 0.0014411085 |
|    clip_fraction        | 0.0148       |
|    clip_range           | 0.2          |
|    entropy_loss         | -0.122       |
|    explained_variance   | 0.63         |
|    learning_rate        | 0.0003       |
|    loss                 | 1.88         |
|    n_updates            | 1630         |
|    policy_gradient_loss | -0.00236     |
|    value_loss           | 4.81         |
------------------------------------------
------------------------------------------
| rollout/                |              |
|    ep_len_mean          | 11.9         |
|    ep_rew_mean          | 5.23         |
| time/                   |              |
|    fps                  | 298          |
|    iterations           | 328          |
|    time_elapsed         | 562          |
|    total_timesteps      | 167936       |
| train/                  |              |
|    approx_kl            | 0.0011245208 |
|    clip_fraction        | 0.0289       |
|    clip_range           | 0.2          |
|    entropy_loss         | -0.142       |
|    explained_variance   | 0.598        |
|    learning_rate        | 0.0003       |
|    loss                 | 1.72         |
|    n_updates            | 1635         |
|    policy_gradient_loss | -0.00342     |
|    value_loss           | 5            |
------------------------------------------
-------------------------------------------
| rollout/                |               |
|    ep_len_mean          | 12.7          |
|    ep_rew_mean          | 5.74          |
| time/                   |               |
|    fps                  | 298           |
|    iterations           | 329           |
|    time_elapsed         | 564           |
|    total_timesteps      | 168448        |
| train/                  |               |
|    approx_kl            | 0.00044519256 |
|    clip_fraction        | 0.00781       |
|    clip_range           | 0.2           |
|    entropy_loss         | -0.132        |
|    explained_variance   | 0.623         |
|    learning_rate        | 0.0003        |
|    loss                 | 2.59          |
|    n_updates            | 1640          |
|    policy_gradient_loss | -0.000287     |
|    value_loss           | 4.44          |
-------------------------------------------
------------------------------------------
| rollout/                |              |
|    ep_len_mean          | 14.1         |
|    ep_rew_mean          | 6.92         |
| time/                   |              |
|    fps                  | 298          |
|    iterations           | 330          |
|    time_elapsed         | 566          |
|    total_timesteps      | 168960       |
| train/                  |              |
|    approx_kl            | 0.0069114687 |
|    clip_fraction        | 0.0164       |
|    clip_range           | 0.2          |
|    entropy_loss         | -0.116       |
|    explained_variance   | 0.691        |
|    learning_rate        | 0.0003       |
|    loss                 | 2.48         |
|    n_updates            | 1645         |
|    policy_gradient_loss | 0.000365     |
|    value_loss           | 5.96         |
------------------------------------------
------------------------------------------
| rollout/                |              |
|    ep_len_mean          | 12.6         |
|    ep_rew_mean          | 6.43         |
| time/                   |              |
|    fps                  | 298          |
|    iterations           | 331          |
|    time_elapsed         | 568          |
|    total_timesteps      | 169472       |
| train/                  |              |
|    approx_kl            | 0.0006090172 |
|    clip_fraction        | 0.00508      |
|    clip_range           | 0.2          |
|    entropy_loss         | -0.111       |
|    explained_variance   | 0.656        |
|    learning_rate        | 0.0003       |
|    loss                 | 4.83         |
|    n_updates            | 1650         |
|    policy_gradient_loss | 0.00166      |
|    value_loss           | 9.16         |
------------------------------------------
------------------------------------------
| rollout/                |              |
|    ep_len_mean          | 12.2         |
|    ep_rew_mean          | 6.25         |
| time/                   |              |
|    fps                  | 298          |
|    iterations           | 332          |
|    time_elapsed         | 570          |
|    total_timesteps      | 169984       |
| train/                  |              |
|    approx_kl            | 0.0002972234 |
|    clip_fraction        | 0            |
|    clip_range           | 0.2          |
|    entropy_loss         | -0.155       |
|    explained_variance   | 0.718        |
|    learning_rate        | 0.0003       |
|    loss                 | 2.05         |
|    n_updates            | 1655         |
|    policy_gradient_loss | 0.00103      |
|    value_loss           | 5.48         |
------------------------------------------
------------------------------------------
| rollout/                |              |
|    ep_len_mean          | 11.8         |
|    ep_rew_mean          | 5.55         |
| time/                   |              |
|    fps                  | 298          |
|    iterations           | 333          |
|    time_elapsed         | 572          |
|    total_timesteps      | 170496       |
| train/                  |              |
|    approx_kl            | 0.0016422437 |
|    clip_fraction        | 0.0238       |
|    clip_range           | 0.2          |
|    entropy_loss         | -0.113       |
|    explained_variance   | 0.624        |
|    learning_rate        | 0.0003       |
|    loss                 | 1.12         |
|    n_updates            | 1660         |
|    policy_gradient_loss | -0.00687     |
|    value_loss           | 4.15         |
------------------------------------------
-----------------------------------------
| rollout/                |             |
|    ep_len_mean          | 9.73        |
|    ep_rew_mean          | 4.3         |
| time/                   |             |
|    fps                  | 298         |
|    iterations           | 334         |
|    time_elapsed         | 573         |
|    total_timesteps      | 171008      |
| train/                  |             |
|    approx_kl            | 0.002170773 |
|    clip_fraction        | 0.0176      |
|    clip_range           | 0.2         |
|    entropy_loss         | -0.144      |
|    explained_variance   | 0.543       |
|    learning_rate        | 0.0003      |
|    loss                 | 4           |
|    n_updates            | 1665        |
|    policy_gradient_loss | -0.00242    |
|    value_loss           | 6.96        |
-----------------------------------------
------------------------------------------
| rollout/                |              |
|    ep_len_mean          | 10.1         |
|    ep_rew_mean          | 4.67         |
| time/                   |              |
|    fps                  | 297          |
|    iterations           | 335          |
|    time_elapsed         | 575          |
|    total_timesteps      | 171520       |
| train/                  |              |
|    approx_kl            | 0.0015747717 |
|    clip_fraction        | 0.0324       |
|    clip_range           | 0.2          |
|    entropy_loss         | -0.153       |
|    explained_variance   | 0.597        |
|    learning_rate        | 0.0003       |
|    loss                 | 3.99         |
|    n_updates            | 1670         |
|    policy_gradient_loss | 0.00142      |
|    value_loss           | 6.27         |
------------------------------------------
------------------------------------------
| rollout/                |              |
|    ep_len_mean          | 11.2         |
|    ep_rew_mean          | 5.24         |
| time/                   |              |
|    fps                  | 297          |
|    iterations           | 336          |
|    time_elapsed         | 577          |
|    total_timesteps      | 172032       |
| train/                  |              |
|    approx_kl            | 0.0004951147 |
|    clip_fraction        | 0.0137       |
|    clip_range           | 0.2          |
|    entropy_loss         | -0.104       |
|    explained_variance   | 0.545        |
|    learning_rate        | 0.0003       |
|    loss                 | 2.02         |
|    n_updates            | 1675         |
|    policy_gradient_loss | -0.00525     |
|    value_loss           | 4.76         |
------------------------------------------
-------------------------------------------
| rollout/                |               |
|    ep_len_mean          | 12.6          |
|    ep_rew_mean          | 5.84          |
| time/                   |               |
|    fps                  | 297           |
|    iterations           | 337           |
|    time_elapsed         | 579           |
|    total_timesteps      | 172544        |
| train/                  |               |
|    approx_kl            | 0.00046667794 |
|    clip_fraction        | 0.0164        |
|    clip_range           | 0.2           |
|    entropy_loss         | -0.114        |
|    explained_variance   | 0.628         |
|    learning_rate        | 0.0003        |
|    loss                 | 2.21          |
|    n_updates            | 1680          |
|    policy_gradient_loss | -0.00499      |
|    value_loss           | 4.81          |
-------------------------------------------
-----------------------------------------
| rollout/                |             |
|    ep_len_mean          | 13.3        |
|    ep_rew_mean          | 5.87        |
| time/                   |             |
|    fps                  | 297         |
|    iterations           | 338         |
|    time_elapsed         | 581         |
|    total_timesteps      | 173056      |
| train/                  |             |
|    approx_kl            | 0.000242943 |
|    clip_fraction        | 0.00625     |
|    clip_range           | 0.2         |
|    entropy_loss         | -0.117      |
|    explained_variance   | 0.73        |
|    learning_rate        | 0.0003      |
|    loss                 | 1.95        |
|    n_updates            | 1685        |
|    policy_gradient_loss | -0.00205    |
|    value_loss           | 3.68        |
-----------------------------------------
----------------------------------------
| rollout/                |            |
|    ep_len_mean          | 12.4       |
|    ep_rew_mean          | 5.86       |
| time/                   |            |
|    fps                  | 297        |
|    iterations           | 339        |
|    time_elapsed         | 583        |
|    total_timesteps      | 173568     |
| train/                  |            |
|    approx_kl            | 0.00205763 |
|    clip_fraction        | 0.0117     |
|    clip_range           | 0.2        |
|    entropy_loss         | -0.147     |
|    explained_variance   | 0.676      |
|    learning_rate        | 0.0003     |
|    loss                 | 1.67       |
|    n_updates            | 1690       |
|    policy_gradient_loss | 0.00382    |
|    value_loss           | 3.87       |
----------------------------------------
------------------------------------------
| rollout/                |              |
|    ep_len_mean          | 12.7         |
|    ep_rew_mean          | 6.18         |
| time/                   |              |
|    fps                  | 297          |
|    iterations           | 340          |
|    time_elapsed         | 585          |
|    total_timesteps      | 174080       |
| train/                  |              |
|    approx_kl            | 0.0007237418 |
|    clip_fraction        | 0.0164       |
|    clip_range           | 0.2          |
|    entropy_loss         | -0.111       |
|    explained_variance   | 0.645        |
|    learning_rate        | 0.0003       |
|    loss                 | 2.75         |
|    n_updates            | 1695         |
|    policy_gradient_loss | -0.005       |
|    value_loss           | 5.18         |
------------------------------------------
------------------------------------------
| rollout/                |              |
|    ep_len_mean          | 11.6         |
|    ep_rew_mean          | 5.6          |
| time/                   |              |
|    fps                  | 297          |
|    iterations           | 341          |
|    time_elapsed         | 587          |
|    total_timesteps      | 174592       |
| train/                  |              |
|    approx_kl            | 0.0022408022 |
|    clip_fraction        | 0.0125       |
|    clip_range           | 0.2          |
|    entropy_loss         | -0.0945      |
|    explained_variance   | 0.658        |
|    learning_rate        | 0.0003       |
|    loss                 | 2.23         |
|    n_updates            | 1700         |
|    policy_gradient_loss | -0.000462    |
|    value_loss           | 5.45         |
------------------------------------------
------------------------------------------
| rollout/                |              |
|    ep_len_mean          | 12.2         |
|    ep_rew_mean          | 5.82         |
| time/                   |              |
|    fps                  | 297          |
|    iterations           | 342          |
|    time_elapsed         | 589          |
|    total_timesteps      | 175104       |
| train/                  |              |
|    approx_kl            | 0.0007736523 |
|    clip_fraction        | 0.0117       |
|    clip_range           | 0.2          |
|    entropy_loss         | -0.117       |
|    explained_variance   | 0.598        |
|    learning_rate        | 0.0003       |
|    loss                 | 3.8          |
|    n_updates            | 1705         |
|    policy_gradient_loss | -0.00561     |
|    value_loss           | 5.26         |
------------------------------------------
------------------------------------------
| rollout/                |              |
|    ep_len_mean          | 12.1         |
|    ep_rew_mean          | 5.45         |
| time/                   |              |
|    fps                  | 297          |
|    iterations           | 343          |
|    time_elapsed         | 591          |
|    total_timesteps      | 175616       |
| train/                  |              |
|    approx_kl            | 0.0010526276 |
|    clip_fraction        | 0.0156       |
|    clip_range           | 0.2          |
|    entropy_loss         | -0.175       |
|    explained_variance   | 0.692        |
|    learning_rate        | 0.0003       |
|    loss                 | 1.89         |
|    n_updates            | 1710         |
|    policy_gradient_loss | 0.00271      |
|    value_loss           | 5.07         |
------------------------------------------
------------------------------------------
| rollout/                |              |
|    ep_len_mean          | 12           |
|    ep_rew_mean          | 5.78         |
| time/                   |              |
|    fps                  | 297          |
|    iterations           | 344          |
|    time_elapsed         | 592          |
|    total_timesteps      | 176128       |
| train/                  |              |
|    approx_kl            | 0.0011459106 |
|    clip_fraction        | 0.00391      |
|    clip_range           | 0.2          |
|    entropy_loss         | -0.143       |
|    explained_variance   | 0.638        |
|    learning_rate        | 0.0003       |
|    loss                 | 1.7          |
|    n_updates            | 1715         |
|    policy_gradient_loss | 0.000869     |
|    value_loss           | 4.61         |
------------------------------------------
-------------------------------------------
| rollout/                |               |
|    ep_len_mean          | 11.4          |
|    ep_rew_mean          | 5.75          |
| time/                   |               |
|    fps                  | 297           |
|    iterations           | 345           |
|    time_elapsed         | 594           |
|    total_timesteps      | 176640        |
| train/                  |               |
|    approx_kl            | 0.00093055307 |
|    clip_fraction        | 0.016         |
|    clip_range           | 0.2           |
|    entropy_loss         | -0.137        |
|    explained_variance   | 0.815         |
|    learning_rate        | 0.0003        |
|    loss                 | 2.24          |
|    n_updates            | 1720          |
|    policy_gradient_loss | -0.0018       |
|    value_loss           | 3.55          |
-------------------------------------------
------------------------------------------
| rollout/                |              |
|    ep_len_mean          | 9.31         |
|    ep_rew_mean          | 4.39         |
| time/                   |              |
|    fps                  | 297          |
|    iterations           | 346          |
|    time_elapsed         | 596          |
|    total_timesteps      | 177152       |
| train/                  |              |
|    approx_kl            | 0.0007382484 |
|    clip_fraction        | 0.0168       |
|    clip_range           | 0.2          |
|    entropy_loss         | -0.116       |
|    explained_variance   | 0.698        |
|    learning_rate        | 0.0003       |
|    loss                 | 2.24         |
|    n_updates            | 1725         |
|    policy_gradient_loss | -0.00125     |
|    value_loss           | 5.36         |
------------------------------------------
------------------------------------------
| rollout/                |              |
|    ep_len_mean          | 9.07         |
|    ep_rew_mean          | 4.07         |
| time/                   |              |
|    fps                  | 297          |
|    iterations           | 347          |
|    time_elapsed         | 597          |
|    total_timesteps      | 177664       |
| train/                  |              |
|    approx_kl            | 0.0010157942 |
|    clip_fraction        | 0.0133       |
|    clip_range           | 0.2          |
|    entropy_loss         | -0.173       |
|    explained_variance   | 0.663        |
|    learning_rate        | 0.0003       |
|    loss                 | 1.94         |
|    n_updates            | 1730         |
|    policy_gradient_loss | -0.000809    |
|    value_loss           | 3.93         |
------------------------------------------
------------------------------------------
| rollout/                |              |
|    ep_len_mean          | 10.9         |
|    ep_rew_mean          | 5.46         |
| time/                   |              |
|    fps                  | 297          |
|    iterations           | 348          |
|    time_elapsed         | 599          |
|    total_timesteps      | 178176       |
| train/                  |              |
|    approx_kl            | 0.0016646734 |
|    clip_fraction        | 0.0187       |
|    clip_range           | 0.2          |
|    entropy_loss         | -0.128       |
|    explained_variance   | 0.761        |
|    learning_rate        | 0.0003       |
|    loss                 | 2.92         |
|    n_updates            | 1735         |
|    policy_gradient_loss | -0.0056      |
|    value_loss           | 4.22         |
------------------------------------------
-------------------------------------------
| rollout/                |               |
|    ep_len_mean          | 12.1          |
|    ep_rew_mean          | 5.9           |
| time/                   |               |
|    fps                  | 297           |
|    iterations           | 349           |
|    time_elapsed         | 601           |
|    total_timesteps      | 178688        |
| train/                  |               |
|    approx_kl            | 5.8452715e-05 |
|    clip_fraction        | 0.00352       |
|    clip_range           | 0.2           |
|    entropy_loss         | -0.113        |
|    explained_variance   | 0.727         |
|    learning_rate        | 0.0003        |
|    loss                 | 4.55          |
|    n_updates            | 1740          |
|    policy_gradient_loss | -0.00192      |
|    value_loss           | 6.33          |
-------------------------------------------
------------------------------------------
| rollout/                |              |
|    ep_len_mean          | 11.5         |
|    ep_rew_mean          | 5.61         |
| time/                   |              |
|    fps                  | 297          |
|    iterations           | 350          |
|    time_elapsed         | 602          |
|    total_timesteps      | 179200       |
| train/                  |              |
|    approx_kl            | 0.0022520742 |
|    clip_fraction        | 0.00977      |
|    clip_range           | 0.2          |
|    entropy_loss         | -0.159       |
|    explained_variance   | 0.676        |
|    learning_rate        | 0.0003       |
|    loss                 | 2.61         |
|    n_updates            | 1745         |
|    policy_gradient_loss | 0.000928     |
|    value_loss           | 6.43         |
------------------------------------------
-----------------------------------------
| rollout/                |             |
|    ep_len_mean          | 12          |
|    ep_rew_mean          | 5.96        |
| time/                   |             |
|    fps                  | 297         |
|    iterations           | 351         |
|    time_elapsed         | 604         |
|    total_timesteps      | 179712      |
| train/                  |             |
|    approx_kl            | 0.001831738 |
|    clip_fraction        | 0.0199      |
|    clip_range           | 0.2         |
|    entropy_loss         | -0.0973     |
|    explained_variance   | 0.719       |
|    learning_rate        | 0.0003      |
|    loss                 | 2.4         |
|    n_updates            | 1750        |
|    policy_gradient_loss | -0.00714    |
|    value_loss           | 5.52        |
-----------------------------------------
-------------------------------------------
| rollout/                |               |
|    ep_len_mean          | 12.5          |
|    ep_rew_mean          | 6.17          |
| time/                   |               |
|    fps                  | 297           |
|    iterations           | 352           |
|    time_elapsed         | 606           |
|    total_timesteps      | 180224        |
| train/                  |               |
|    approx_kl            | 0.00014644733 |
|    clip_fraction        | 0.0137        |
|    clip_range           | 0.2           |
|    entropy_loss         | -0.138        |
|    explained_variance   | 0.619         |
|    learning_rate        | 0.0003        |
|    loss                 | 1.7           |
|    n_updates            | 1755          |
|    policy_gradient_loss | -0.00383      |
|    value_loss           | 4.14          |
-------------------------------------------
------------------------------------------
| rollout/                |              |
|    ep_len_mean          | 13           |
|    ep_rew_mean          | 6.29         |
| time/                   |              |
|    fps                  | 297          |
|    iterations           | 353          |
|    time_elapsed         | 607          |
|    total_timesteps      | 180736       |
| train/                  |              |
|    approx_kl            | 0.0017323548 |
|    clip_fraction        | 0.0223       |
|    clip_range           | 0.2          |
|    entropy_loss         | -0.0965      |
|    explained_variance   | 0.678        |
|    learning_rate        | 0.0003       |
|    loss                 | 2.84         |
|    n_updates            | 1760         |
|    policy_gradient_loss | 0.00103      |
|    value_loss           | 5.38         |
------------------------------------------
------------------------------------------
| rollout/                |              |
|    ep_len_mean          | 11.7         |
|    ep_rew_mean          | 5.63         |
| time/                   |              |
|    fps                  | 297          |
|    iterations           | 354          |
|    time_elapsed         | 609          |
|    total_timesteps      | 181248       |
| train/                  |              |
|    approx_kl            | 0.0025801796 |
|    clip_fraction        | 0.0344       |
|    clip_range           | 0.2          |
|    entropy_loss         | -0.143       |
|    explained_variance   | 0.635        |
|    learning_rate        | 0.0003       |
|    loss                 | 2.65         |
|    n_updates            | 1765         |
|    policy_gradient_loss | 0.00659      |
|    value_loss           | 5.91         |
------------------------------------------
------------------------------------------
| rollout/                |              |
|    ep_len_mean          | 10.6         |
|    ep_rew_mean          | 5.11         |
| time/                   |              |
|    fps                  | 297          |
|    iterations           | 355          |
|    time_elapsed         | 611          |
|    total_timesteps      | 181760       |
| train/                  |              |
|    approx_kl            | 0.0014050652 |
|    clip_fraction        | 0.0273       |
|    clip_range           | 0.2          |
|    entropy_loss         | -0.168       |
|    explained_variance   | 0.608        |
|    learning_rate        | 0.0003       |
|    loss                 | 2.51         |
|    n_updates            | 1770         |
|    policy_gradient_loss | -0.0119      |
|    value_loss           | 5.92         |
------------------------------------------
-------------------------------------------
| rollout/                |               |
|    ep_len_mean          | 11.9          |
|    ep_rew_mean          | 5.88          |
| time/                   |               |
|    fps                  | 297           |
|    iterations           | 356           |
|    time_elapsed         | 612           |
|    total_timesteps      | 182272        |
| train/                  |               |
|    approx_kl            | 0.00096783804 |
|    clip_fraction        | 0.00937       |
|    clip_range           | 0.2           |
|    entropy_loss         | -0.161        |
|    explained_variance   | 0.723         |
|    learning_rate        | 0.0003        |
|    loss                 | 2.51          |
|    n_updates            | 1775          |
|    policy_gradient_loss | -0.00717      |
|    value_loss           | 5.91          |
-------------------------------------------
------------------------------------------
| rollout/                |              |
|    ep_len_mean          | 10.9         |
|    ep_rew_mean          | 5.54         |
| time/                   |              |
|    fps                  | 297          |
|    iterations           | 357          |
|    time_elapsed         | 614          |
|    total_timesteps      | 182784       |
| train/                  |              |
|    approx_kl            | 0.0021254895 |
|    clip_fraction        | 0.0344       |
|    clip_range           | 0.2          |
|    entropy_loss         | -0.165       |
|    explained_variance   | 0.652        |
|    learning_rate        | 0.0003       |
|    loss                 | 2.23         |
|    n_updates            | 1780         |
|    policy_gradient_loss | -0.0111      |
|    value_loss           | 4.86         |
------------------------------------------
------------------------------------------
| rollout/                |              |
|    ep_len_mean          | 11.9         |
|    ep_rew_mean          | 5.79         |
| time/                   |              |
|    fps                  | 297          |
|    iterations           | 358          |
|    time_elapsed         | 616          |
|    total_timesteps      | 183296       |
| train/                  |              |
|    approx_kl            | 0.0016234852 |
|    clip_fraction        | 0.023        |
|    clip_range           | 0.2          |
|    entropy_loss         | -0.149       |
|    explained_variance   | 0.75         |
|    learning_rate        | 0.0003       |
|    loss                 | 2.32         |
|    n_updates            | 1785         |
|    policy_gradient_loss | -0.00591     |
|    value_loss           | 5.94         |
------------------------------------------
-------------------------------------------
| rollout/                |               |
|    ep_len_mean          | 12.6          |
|    ep_rew_mean          | 5.71          |
| time/                   |               |
|    fps                  | 297           |
|    iterations           | 359           |
|    time_elapsed         | 617           |
|    total_timesteps      | 183808        |
| train/                  |               |
|    approx_kl            | 0.00059424224 |
|    clip_fraction        | 0.0105        |
|    clip_range           | 0.2           |
|    entropy_loss         | -0.104        |
|    explained_variance   | 0.548         |
|    learning_rate        | 0.0003        |
|    loss                 | 3.25          |
|    n_updates            | 1790          |
|    policy_gradient_loss | -0.00536      |
|    value_loss           | 6.23          |
-------------------------------------------
------------------------------------------
| rollout/                |              |
|    ep_len_mean          | 13.5         |
|    ep_rew_mean          | 5.81         |
| time/                   |              |
|    fps                  | 297          |
|    iterations           | 360          |
|    time_elapsed         | 619          |
|    total_timesteps      | 184320       |
| train/                  |              |
|    approx_kl            | 0.0028723234 |
|    clip_fraction        | 0.0148       |
|    clip_range           | 0.2          |
|    entropy_loss         | -0.105       |
|    explained_variance   | 0.591        |
|    learning_rate        | 0.0003       |
|    loss                 | 2.17         |
|    n_updates            | 1795         |
|    policy_gradient_loss | -0.0035      |
|    value_loss           | 4.39         |
------------------------------------------
-----------------------------------------
| rollout/                |             |
|    ep_len_mean          | 13.4        |
|    ep_rew_mean          | 5.7         |
| time/                   |             |
|    fps                  | 297         |
|    iterations           | 361         |
|    time_elapsed         | 620         |
|    total_timesteps      | 184832      |
| train/                  |             |
|    approx_kl            | 0.002683789 |
|    clip_fraction        | 0.0301      |
|    clip_range           | 0.2         |
|    entropy_loss         | -0.144      |
|    explained_variance   | 0.669       |
|    learning_rate        | 0.0003      |
|    loss                 | 2.08        |
|    n_updates            | 1800        |
|    policy_gradient_loss | 0.00736     |
|    value_loss           | 4.74        |
-----------------------------------------
------------------------------------------
| rollout/                |              |
|    ep_len_mean          | 14.2         |
|    ep_rew_mean          | 6.38         |
| time/                   |              |
|    fps                  | 297          |
|    iterations           | 362          |
|    time_elapsed         | 622          |
|    total_timesteps      | 185344       |
| train/                  |              |
|    approx_kl            | 0.0008093486 |
|    clip_fraction        | 0.0164       |
|    clip_range           | 0.2          |
|    entropy_loss         | -0.133       |
|    explained_variance   | 0.691        |
|    learning_rate        | 0.0003       |
|    loss                 | 2.14         |
|    n_updates            | 1805         |
|    policy_gradient_loss | -0.00645     |
|    value_loss           | 4.08         |
------------------------------------------
------------------------------------------
| rollout/                |              |
|    ep_len_mean          | 14.1         |
|    ep_rew_mean          | 6.43         |
| time/                   |              |
|    fps                  | 297          |
|    iterations           | 363          |
|    time_elapsed         | 624          |
|    total_timesteps      | 185856       |
| train/                  |              |
|    approx_kl            | 0.0001116271 |
|    clip_fraction        | 0            |
|    clip_range           | 0.2          |
|    entropy_loss         | -0.091       |
|    explained_variance   | 0.661        |
|    learning_rate        | 0.0003       |
|    loss                 | 3.14         |
|    n_updates            | 1810         |
|    policy_gradient_loss | -0.00146     |
|    value_loss           | 6.38         |
------------------------------------------
------------------------------------------
| rollout/                |              |
|    ep_len_mean          | 12.8         |
|    ep_rew_mean          | 5.99         |
| time/                   |              |
|    fps                  | 297          |
|    iterations           | 364          |
|    time_elapsed         | 625          |
|    total_timesteps      | 186368       |
| train/                  |              |
|    approx_kl            | 0.0009989938 |
|    clip_fraction        | 0.0227       |
|    clip_range           | 0.2          |
|    entropy_loss         | -0.127       |
|    explained_variance   | 0.583        |
|    learning_rate        | 0.0003       |
|    loss                 | 1.98         |
|    n_updates            | 1815         |
|    policy_gradient_loss | 0.00249      |
|    value_loss           | 5.5          |
------------------------------------------
-----------------------------------------
| rollout/                |             |
|    ep_len_mean          | 11.5        |
|    ep_rew_mean          | 5.42        |
| time/                   |             |
|    fps                  | 297         |
|    iterations           | 365         |
|    time_elapsed         | 627         |
|    total_timesteps      | 186880      |
| train/                  |             |
|    approx_kl            | 0.021473927 |
|    clip_fraction        | 0.073       |
|    clip_range           | 0.2         |
|    entropy_loss         | -0.162      |
|    explained_variance   | 0.712       |
|    learning_rate        | 0.0003      |
|    loss                 | 1.93        |
|    n_updates            | 1820        |
|    policy_gradient_loss | 0.00728     |
|    value_loss           | 4.97        |
-----------------------------------------
------------------------------------------
| rollout/                |              |
|    ep_len_mean          | 11.5         |
|    ep_rew_mean          | 5.79         |
| time/                   |              |
|    fps                  | 297          |
|    iterations           | 366          |
|    time_elapsed         | 628          |
|    total_timesteps      | 187392       |
| train/                  |              |
|    approx_kl            | 0.0013022077 |
|    clip_fraction        | 0.0246       |
|    clip_range           | 0.2          |
|    entropy_loss         | -0.131       |
|    explained_variance   | 0.64         |
|    learning_rate        | 0.0003       |
|    loss                 | 3.6          |
|    n_updates            | 1825         |
|    policy_gradient_loss | -0.00785     |
|    value_loss           | 6.15         |
------------------------------------------
------------------------------------------
| rollout/                |              |
|    ep_len_mean          | 11.4         |
|    ep_rew_mean          | 5.87         |
| time/                   |              |
|    fps                  | 297          |
|    iterations           | 367          |
|    time_elapsed         | 630          |
|    total_timesteps      | 187904       |
| train/                  |              |
|    approx_kl            | 0.0038725114 |
|    clip_fraction        | 0.0184       |
|    clip_range           | 0.2          |
|    entropy_loss         | -0.101       |
|    explained_variance   | 0.807        |
|    learning_rate        | 0.0003       |
|    loss                 | 2.31         |
|    n_updates            | 1830         |
|    policy_gradient_loss | 0.00379      |
|    value_loss           | 5.45         |
------------------------------------------
-------------------------------------------
| rollout/                |               |
|    ep_len_mean          | 8.89          |
|    ep_rew_mean          | 4.36          |
| time/                   |               |
|    fps                  | 298           |
|    iterations           | 368           |
|    time_elapsed         | 632           |
|    total_timesteps      | 188416        |
| train/                  |               |
|    approx_kl            | 0.00022574997 |
|    clip_fraction        | 0.00508       |
|    clip_range           | 0.2           |
|    entropy_loss         | -0.111        |
|    explained_variance   | 0.843         |
|    learning_rate        | 0.0003        |
|    loss                 | 2.72          |
|    n_updates            | 1835          |
|    policy_gradient_loss | -0.000378     |
|    value_loss           | 4.15          |
-------------------------------------------
------------------------------------------
| rollout/                |              |
|    ep_len_mean          | 9.78         |
|    ep_rew_mean          | 4.65         |
| time/                   |              |
|    fps                  | 298          |
|    iterations           | 369          |
|    time_elapsed         | 633          |
|    total_timesteps      | 188928       |
| train/                  |              |
|    approx_kl            | 0.0010837445 |
|    clip_fraction        | 0.0125       |
|    clip_range           | 0.2          |
|    entropy_loss         | -0.161       |
|    explained_variance   | 0.504        |
|    learning_rate        | 0.0003       |
|    loss                 | 8.83         |
|    n_updates            | 1840         |
|    policy_gradient_loss | -0.00291     |
|    value_loss           | 12.2         |
------------------------------------------
------------------------------------------
| rollout/                |              |
|    ep_len_mean          | 10.1         |
|    ep_rew_mean          | 4.54         |
| time/                   |              |
|    fps                  | 298          |
|    iterations           | 370          |
|    time_elapsed         | 635          |
|    total_timesteps      | 189440       |
| train/                  |              |
|    approx_kl            | 0.0013179597 |
|    clip_fraction        | 0.0234       |
|    clip_range           | 0.2          |
|    entropy_loss         | -0.17        |
|    explained_variance   | 0.425        |
|    learning_rate        | 0.0003       |
|    loss                 | 4.01         |
|    n_updates            | 1845         |
|    policy_gradient_loss | -0.00609     |
|    value_loss           | 7.94         |
------------------------------------------
------------------------------------------
| rollout/                |              |
|    ep_len_mean          | 11.1         |
|    ep_rew_mean          | 5.15         |
| time/                   |              |
|    fps                  | 298          |
|    iterations           | 371          |
|    time_elapsed         | 636          |
|    total_timesteps      | 189952       |
| train/                  |              |
|    approx_kl            | 0.0019390928 |
|    clip_fraction        | 0.0297       |
|    clip_range           | 0.2          |
|    entropy_loss         | -0.119       |
|    explained_variance   | 0.474        |
|    learning_rate        | 0.0003       |
|    loss                 | 3.94         |
|    n_updates            | 1850         |
|    policy_gradient_loss | -0.00606     |
|    value_loss           | 8.75         |
------------------------------------------
-------------------------------------------
| rollout/                |               |
|    ep_len_mean          | 12.3          |
|    ep_rew_mean          | 5.47          |
| time/                   |               |
|    fps                  | 298           |
|    iterations           | 372           |
|    time_elapsed         | 638           |
|    total_timesteps      | 190464        |
| train/                  |               |
|    approx_kl            | 0.00053656474 |
|    clip_fraction        | 0.00391       |
|    clip_range           | 0.2           |
|    entropy_loss         | -0.109        |
|    explained_variance   | 0.592         |
|    learning_rate        | 0.0003        |
|    loss                 | 2.23          |
|    n_updates            | 1855          |
|    policy_gradient_loss | -0.00364      |
|    value_loss           | 5.47          |
-------------------------------------------
------------------------------------------
| rollout/                |              |
|    ep_len_mean          | 12.1         |
|    ep_rew_mean          | 5.42         |
| time/                   |              |
|    fps                  | 298          |
|    iterations           | 373          |
|    time_elapsed         | 639          |
|    total_timesteps      | 190976       |
| train/                  |              |
|    approx_kl            | 0.0022109782 |
|    clip_fraction        | 0.0371       |
|    clip_range           | 0.2          |
|    entropy_loss         | -0.179       |
|    explained_variance   | 0.667        |
|    learning_rate        | 0.0003       |
|    loss                 | 2.92         |
|    n_updates            | 1860         |
|    policy_gradient_loss | 0.00404      |
|    value_loss           | 5.8          |
------------------------------------------
------------------------------------------
| rollout/                |              |
|    ep_len_mean          | 11.2         |
|    ep_rew_mean          | 5.12         |
| time/                   |              |
|    fps                  | 298          |
|    iterations           | 374          |
|    time_elapsed         | 641          |
|    total_timesteps      | 191488       |
| train/                  |              |
|    approx_kl            | 0.0011882812 |
|    clip_fraction        | 0.0215       |
|    clip_range           | 0.2          |
|    entropy_loss         | -0.0974      |
|    explained_variance   | 0.633        |
|    learning_rate        | 0.0003       |
|    loss                 | 3.29         |
|    n_updates            | 1865         |
|    policy_gradient_loss | -0.00677     |
|    value_loss           | 8.44         |
------------------------------------------
------------------------------------------
| rollout/                |              |
|    ep_len_mean          | 12.7         |
|    ep_rew_mean          | 6.09         |
| time/                   |              |
|    fps                  | 298          |
|    iterations           | 375          |
|    time_elapsed         | 643          |
|    total_timesteps      | 192000       |
| train/                  |              |
|    approx_kl            | 0.0008720172 |
|    clip_fraction        | 0.0102       |
|    clip_range           | 0.2          |
|    entropy_loss         | -0.127       |
|    explained_variance   | 0.664        |
|    learning_rate        | 0.0003       |
|    loss                 | 2.17         |
|    n_updates            | 1870         |
|    policy_gradient_loss | -0.00426     |
|    value_loss           | 5.47         |
------------------------------------------
------------------------------------------
| rollout/                |              |
|    ep_len_mean          | 12.8         |
|    ep_rew_mean          | 5.91         |
| time/                   |              |
|    fps                  | 298          |
|    iterations           | 376          |
|    time_elapsed         | 644          |
|    total_timesteps      | 192512       |
| train/                  |              |
|    approx_kl            | 0.0003628772 |
|    clip_fraction        | 0.00117      |
|    clip_range           | 0.2          |
|    entropy_loss         | -0.129       |
|    explained_variance   | 0.728        |
|    learning_rate        | 0.0003       |
|    loss                 | 3            |
|    n_updates            | 1875         |
|    policy_gradient_loss | 0.00211      |
|    value_loss           | 6.04         |
------------------------------------------
-------------------------------------------
| rollout/                |               |
|    ep_len_mean          | 11.8          |
|    ep_rew_mean          | 5.41          |
| time/                   |               |
|    fps                  | 298           |
|    iterations           | 377           |
|    time_elapsed         | 646           |
|    total_timesteps      | 193024        |
| train/                  |               |
|    approx_kl            | 0.00027563807 |
|    clip_fraction        | 0.0113        |
|    clip_range           | 0.2           |
|    entropy_loss         | -0.15         |
|    explained_variance   | 0.307         |
|    learning_rate        | 0.0003        |
|    loss                 | 4.93          |
|    n_updates            | 1880          |
|    policy_gradient_loss | -0.00393      |
|    value_loss           | 8.38          |
-------------------------------------------
------------------------------------------
| rollout/                |              |
|    ep_len_mean          | 11.5         |
|    ep_rew_mean          | 5.2          |
| time/                   |              |
|    fps                  | 298          |
|    iterations           | 378          |
|    time_elapsed         | 648          |
|    total_timesteps      | 193536       |
| train/                  |              |
|    approx_kl            | 0.0010334977 |
|    clip_fraction        | 0.0129       |
|    clip_range           | 0.2          |
|    entropy_loss         | -0.118       |
|    explained_variance   | 0.514        |
|    learning_rate        | 0.0003       |
|    loss                 | 2.71         |
|    n_updates            | 1885         |
|    policy_gradient_loss | -0.0042      |
|    value_loss           | 6.81         |
------------------------------------------
-------------------------------------------
| rollout/                |               |
|    ep_len_mean          | 13.1          |
|    ep_rew_mean          | 5.88          |
| time/                   |               |
|    fps                  | 298           |
|    iterations           | 379           |
|    time_elapsed         | 649           |
|    total_timesteps      | 194048        |
| train/                  |               |
|    approx_kl            | 0.00071710825 |
|    clip_fraction        | 0.00977       |
|    clip_range           | 0.2           |
|    entropy_loss         | -0.144        |
|    explained_variance   | 0.623         |
|    learning_rate        | 0.0003        |
|    loss                 | 2.43          |
|    n_updates            | 1890          |
|    policy_gradient_loss | -0.00424      |
|    value_loss           | 4.46          |
-------------------------------------------
------------------------------------------
| rollout/                |              |
|    ep_len_mean          | 12.6         |
|    ep_rew_mean          | 5.7          |
| time/                   |              |
|    fps                  | 298          |
|    iterations           | 380          |
|    time_elapsed         | 651          |
|    total_timesteps      | 194560       |
| train/                  |              |
|    approx_kl            | 0.0006134161 |
|    clip_fraction        | 0.0109       |
|    clip_range           | 0.2          |
|    entropy_loss         | -0.0854      |
|    explained_variance   | 0.664        |
|    learning_rate        | 0.0003       |
|    loss                 | 2.18         |
|    n_updates            | 1895         |
|    policy_gradient_loss | -0.0057      |
|    value_loss           | 4.29         |
------------------------------------------
------------------------------------------
| rollout/                |              |
|    ep_len_mean          | 12.7         |
|    ep_rew_mean          | 5.97         |
| time/                   |              |
|    fps                  | 298          |
|    iterations           | 381          |
|    time_elapsed         | 652          |
|    total_timesteps      | 195072       |
| train/                  |              |
|    approx_kl            | 0.0049637137 |
|    clip_fraction        | 0.0402       |
|    clip_range           | 0.2          |
|    entropy_loss         | -0.133       |
|    explained_variance   | 0.664        |
|    learning_rate        | 0.0003       |
|    loss                 | 1.53         |
|    n_updates            | 1900         |
|    policy_gradient_loss | -0.000308    |
|    value_loss           | 4.92         |
------------------------------------------
------------------------------------------
| rollout/                |              |
|    ep_len_mean          | 12.2         |
|    ep_rew_mean          | 5.25         |
| time/                   |              |
|    fps                  | 298          |
|    iterations           | 382          |
|    time_elapsed         | 654          |
|    total_timesteps      | 195584       |
| train/                  |              |
|    approx_kl            | 0.0003358153 |
|    clip_fraction        | 0.00898      |
|    clip_range           | 0.2          |
|    entropy_loss         | -0.104       |
|    explained_variance   | 0.694        |
|    learning_rate        | 0.0003       |
|    loss                 | 2.41         |
|    n_updates            | 1905         |
|    policy_gradient_loss | -0.00248     |
|    value_loss           | 4.1          |
------------------------------------------
------------------------------------------
| rollout/                |              |
|    ep_len_mean          | 11.1         |
|    ep_rew_mean          | 4.69         |
| time/                   |              |
|    fps                  | 298          |
|    iterations           | 383          |
|    time_elapsed         | 656          |
|    total_timesteps      | 196096       |
| train/                  |              |
|    approx_kl            | 0.0024549265 |
|    clip_fraction        | 0.0234       |
|    clip_range           | 0.2          |
|    entropy_loss         | -0.137       |
|    explained_variance   | 0.59         |
|    learning_rate        | 0.0003       |
|    loss                 | 2.57         |
|    n_updates            | 1910         |
|    policy_gradient_loss | 0.00525      |
|    value_loss           | 7.67         |
------------------------------------------
-------------------------------------------
| rollout/                |               |
|    ep_len_mean          | 11.7          |
|    ep_rew_mean          | 4.9           |
| time/                   |               |
|    fps                  | 298           |
|    iterations           | 384           |
|    time_elapsed         | 657           |
|    total_timesteps      | 196608        |
| train/                  |               |
|    approx_kl            | 0.00031707162 |
|    clip_fraction        | 0.00117       |
|    clip_range           | 0.2           |
|    entropy_loss         | -0.119        |
|    explained_variance   | 0.647         |
|    learning_rate        | 0.0003        |
|    loss                 | 2.63          |
|    n_updates            | 1915          |
|    policy_gradient_loss | 0.000701      |
|    value_loss           | 5.65          |
-------------------------------------------
------------------------------------------
| rollout/                |              |
|    ep_len_mean          | 11.6         |
|    ep_rew_mean          | 5.44         |
| time/                   |              |
|    fps                  | 299          |
|    iterations           | 385          |
|    time_elapsed         | 659          |
|    total_timesteps      | 197120       |
| train/                  |              |
|    approx_kl            | 0.0006425071 |
|    clip_fraction        | 0.00742      |
|    clip_range           | 0.2          |
|    entropy_loss         | -0.156       |
|    explained_variance   | 0.581        |
|    learning_rate        | 0.0003       |
|    loss                 | 2.95         |
|    n_updates            | 1920         |
|    policy_gradient_loss | -0.00414     |
|    value_loss           | 5.15         |
------------------------------------------
------------------------------------------
| rollout/                |              |
|    ep_len_mean          | 11.8         |
|    ep_rew_mean          | 5.67         |
| time/                   |              |
|    fps                  | 299          |
|    iterations           | 386          |
|    time_elapsed         | 660          |
|    total_timesteps      | 197632       |
| train/                  |              |
|    approx_kl            | 0.0011742746 |
|    clip_fraction        | 0.0113       |
|    clip_range           | 0.2          |
|    entropy_loss         | -0.108       |
|    explained_variance   | 0.71         |
|    learning_rate        | 0.0003       |
|    loss                 | 1.87         |
|    n_updates            | 1925         |
|    policy_gradient_loss | -0.000101    |
|    value_loss           | 4.54         |
------------------------------------------
------------------------------------------
| rollout/                |              |
|    ep_len_mean          | 11.2         |
|    ep_rew_mean          | 5.12         |
| time/                   |              |
|    fps                  | 299          |
|    iterations           | 387          |
|    time_elapsed         | 662          |
|    total_timesteps      | 198144       |
| train/                  |              |
|    approx_kl            | 0.0012122154 |
|    clip_fraction        | 0.0297       |
|    clip_range           | 0.2          |
|    entropy_loss         | -0.111       |
|    explained_variance   | 0.562        |
|    learning_rate        | 0.0003       |
|    loss                 | 1.98         |
|    n_updates            | 1930         |
|    policy_gradient_loss | -0.00907     |
|    value_loss           | 4.96         |
------------------------------------------
------------------------------------------
| rollout/                |              |
|    ep_len_mean          | 11.2         |
|    ep_rew_mean          | 4.83         |
| time/                   |              |
|    fps                  | 299          |
|    iterations           | 388          |
|    time_elapsed         | 663          |
|    total_timesteps      | 198656       |
| train/                  |              |
|    approx_kl            | 0.0045214174 |
|    clip_fraction        | 0.0234       |
|    clip_range           | 0.2          |
|    entropy_loss         | -0.224       |
|    explained_variance   | 0.476        |
|    learning_rate        | 0.0003       |
|    loss                 | 2.13         |
|    n_updates            | 1935         |
|    policy_gradient_loss | 0.00711      |
|    value_loss           | 5.01         |
------------------------------------------
------------------------------------------
| rollout/                |              |
|    ep_len_mean          | 10.7         |
|    ep_rew_mean          | 4.86         |
| time/                   |              |
|    fps                  | 299          |
|    iterations           | 389          |
|    time_elapsed         | 665          |
|    total_timesteps      | 199168       |
| train/                  |              |
|    approx_kl            | 0.0013552858 |
|    clip_fraction        | 0.0113       |
|    clip_range           | 0.2          |
|    entropy_loss         | -0.151       |
|    explained_variance   | 0.745        |
|    learning_rate        | 0.0003       |
|    loss                 | 1.95         |
|    n_updates            | 1940         |
|    policy_gradient_loss | -0.00663     |
|    value_loss           | 3.53         |
------------------------------------------
------------------------------------------
| rollout/                |              |
|    ep_len_mean          | 10           |
|    ep_rew_mean          | 4.23         |
| time/                   |              |
|    fps                  | 299          |
|    iterations           | 390          |
|    time_elapsed         | 667          |
|    total_timesteps      | 199680       |
| train/                  |              |
|    approx_kl            | 0.0011521096 |
|    clip_fraction        | 0.0109       |
|    clip_range           | 0.2          |
|    entropy_loss         | -0.142       |
|    explained_variance   | 0.549        |
|    learning_rate        | 0.0003       |
|    loss                 | 3.36         |
|    n_updates            | 1945         |
|    policy_gradient_loss | -0.00248     |
|    value_loss           | 7.54         |
------------------------------------------
-----------------------------------------
| rollout/                |             |
|    ep_len_mean          | 10.3        |
|    ep_rew_mean          | 4.57        |
| time/                   |             |
|    fps                  | 299         |
|    iterations           | 391         |
|    time_elapsed         | 668         |
|    total_timesteps      | 200192      |
| train/                  |             |
|    approx_kl            | 0.010492728 |
|    clip_fraction        | 0.0199      |
|    clip_range           | 0.2         |
|    entropy_loss         | -0.18       |
|    explained_variance   | 0.579       |
|    learning_rate        | 0.0003      |
|    loss                 | 2.43        |
|    n_updates            | 1950        |
|    policy_gradient_loss | 0.000398    |
|    value_loss           | 6.08        |
-----------------------------------------
------------------------------------------
| rollout/                |              |
|    ep_len_mean          | 10.3         |
|    ep_rew_mean          | 5.01         |
| time/                   |              |
|    fps                  | 299          |
|    iterations           | 392          |
|    time_elapsed         | 670          |
|    total_timesteps      | 200704       |
| train/                  |              |
|    approx_kl            | 0.0002200192 |
|    clip_fraction        | 0.0082       |
|    clip_range           | 0.2          |
|    entropy_loss         | -0.126       |
|    explained_variance   | 0.664        |
|    learning_rate        | 0.0003       |
|    loss                 | 2.14         |
|    n_updates            | 1955         |
|    policy_gradient_loss | -0.00365     |
|    value_loss           | 6.08         |
------------------------------------------
------------------------------------------
| rollout/                |              |
|    ep_len_mean          | 10.3         |
|    ep_rew_mean          | 5.07         |
| time/                   |              |
|    fps                  | 299          |
|    iterations           | 393          |
|    time_elapsed         | 672          |
|    total_timesteps      | 201216       |
| train/                  |              |
|    approx_kl            | 0.0009967708 |
|    clip_fraction        | 0.0102       |
|    clip_range           | 0.2          |
|    entropy_loss         | -0.137       |
|    explained_variance   | 0.585        |
|    learning_rate        | 0.0003       |
|    loss                 | 2.93         |
|    n_updates            | 1960         |
|    policy_gradient_loss | -0.00478     |
|    value_loss           | 6.3          |
------------------------------------------
-------------------------------------------
| rollout/                |               |
|    ep_len_mean          | 11.6          |
|    ep_rew_mean          | 5.67          |
| time/                   |               |
|    fps                  | 299           |
|    iterations           | 394           |
|    time_elapsed         | 673           |
|    total_timesteps      | 201728        |
| train/                  |               |
|    approx_kl            | 0.00048450916 |
|    clip_fraction        | 0.0141        |
|    clip_range           | 0.2           |
|    entropy_loss         | -0.166        |
|    explained_variance   | 0.662         |
|    learning_rate        | 0.0003        |
|    loss                 | 1.65          |
|    n_updates            | 1965          |
|    policy_gradient_loss | -0.00822      |
|    value_loss           | 5.02          |
-------------------------------------------
------------------------------------------
| rollout/                |              |
|    ep_len_mean          | 11.6         |
|    ep_rew_mean          | 5.62         |
| time/                   |              |
|    fps                  | 299          |
|    iterations           | 395          |
|    time_elapsed         | 675          |
|    total_timesteps      | 202240       |
| train/                  |              |
|    approx_kl            | 0.0011713726 |
|    clip_fraction        | 0.0187       |
|    clip_range           | 0.2          |
|    entropy_loss         | -0.128       |
|    explained_variance   | 0.672        |
|    learning_rate        | 0.0003       |
|    loss                 | 2            |
|    n_updates            | 1970         |
|    policy_gradient_loss | -0.00687     |
|    value_loss           | 5.47         |
------------------------------------------
------------------------------------------
| rollout/                |              |
|    ep_len_mean          | 12.4         |
|    ep_rew_mean          | 5.42         |
| time/                   |              |
|    fps                  | 299          |
|    iterations           | 396          |
|    time_elapsed         | 676          |
|    total_timesteps      | 202752       |
| train/                  |              |
|    approx_kl            | 0.0024169078 |
|    clip_fraction        | 0.027        |
|    clip_range           | 0.2          |
|    entropy_loss         | -0.163       |
|    explained_variance   | 0.679        |
|    learning_rate        | 0.0003       |
|    loss                 | 2.62         |
|    n_updates            | 1975         |
|    policy_gradient_loss | 0.000802     |
|    value_loss           | 5.79         |
------------------------------------------
------------------------------------------
| rollout/                |              |
|    ep_len_mean          | 12.6         |
|    ep_rew_mean          | 5.84         |
| time/                   |              |
|    fps                  | 299          |
|    iterations           | 397          |
|    time_elapsed         | 678          |
|    total_timesteps      | 203264       |
| train/                  |              |
|    approx_kl            | 0.0011727952 |
|    clip_fraction        | 0.0508       |
|    clip_range           | 0.2          |
|    entropy_loss         | -0.207       |
|    explained_variance   | 0.548        |
|    learning_rate        | 0.0003       |
|    loss                 | 3.9          |
|    n_updates            | 1980         |
|    policy_gradient_loss | 0.00398      |
|    value_loss           | 6.54         |
------------------------------------------
-------------------------------------------
| rollout/                |               |
|    ep_len_mean          | 12.8          |
|    ep_rew_mean          | 6.09          |
| time/                   |               |
|    fps                  | 299           |
|    iterations           | 398           |
|    time_elapsed         | 680           |
|    total_timesteps      | 203776        |
| train/                  |               |
|    approx_kl            | 0.00097445084 |
|    clip_fraction        | 0.0105        |
|    clip_range           | 0.2           |
|    entropy_loss         | -0.107        |
|    explained_variance   | 0.689         |
|    learning_rate        | 0.0003        |
|    loss                 | 1.74          |
|    n_updates            | 1985          |
|    policy_gradient_loss | -0.00335      |
|    value_loss           | 4.12          |
-------------------------------------------
------------------------------------------
| rollout/                |              |
|    ep_len_mean          | 12.1         |
|    ep_rew_mean          | 6.02         |
| time/                   |              |
|    fps                  | 299          |
|    iterations           | 399          |
|    time_elapsed         | 681          |
|    total_timesteps      | 204288       |
| train/                  |              |
|    approx_kl            | 0.0017301351 |
|    clip_fraction        | 0.0273       |
|    clip_range           | 0.2          |
|    entropy_loss         | -0.11        |
|    explained_variance   | 0.692        |
|    learning_rate        | 0.0003       |
|    loss                 | 1.97         |
|    n_updates            | 1990         |
|    policy_gradient_loss | -0.00319     |
|    value_loss           | 4.71         |
------------------------------------------
-------------------------------------------
| rollout/                |               |
|    ep_len_mean          | 14.1          |
|    ep_rew_mean          | 7.04          |
| time/                   |               |
|    fps                  | 299           |
|    iterations           | 400           |
|    time_elapsed         | 683           |
|    total_timesteps      | 204800        |
| train/                  |               |
|    approx_kl            | 0.00029861968 |
|    clip_fraction        | 0.00664       |
|    clip_range           | 0.2           |
|    entropy_loss         | -0.131        |
|    explained_variance   | 0.67          |
|    learning_rate        | 0.0003        |
|    loss                 | 1.93          |
|    n_updates            | 1995          |
|    policy_gradient_loss | -0.002        |
|    value_loss           | 4.56          |
-------------------------------------------
------------------------------------------
| rollout/                |              |
|    ep_len_mean          | 12.3         |
|    ep_rew_mean          | 5.89         |
| time/                   |              |
|    fps                  | 299          |
|    iterations           | 401          |
|    time_elapsed         | 685          |
|    total_timesteps      | 205312       |
| train/                  |              |
|    approx_kl            | 0.0003632194 |
|    clip_fraction        | 0.00937      |
|    clip_range           | 0.2          |
|    entropy_loss         | -0.112       |
|    explained_variance   | 0.709        |
|    learning_rate        | 0.0003       |
|    loss                 | 2.14         |
|    n_updates            | 2000         |
|    policy_gradient_loss | -0.00307     |
|    value_loss           | 4.31         |
------------------------------------------
------------------------------------------
| rollout/                |              |
|    ep_len_mean          | 10.3         |
|    ep_rew_mean          | 4.59         |
| time/                   |              |
|    fps                  | 299          |
|    iterations           | 402          |
|    time_elapsed         | 686          |
|    total_timesteps      | 205824       |
| train/                  |              |
|    approx_kl            | 0.0015607532 |
|    clip_fraction        | 0.00781      |
|    clip_range           | 0.2          |
|    entropy_loss         | -0.145       |
|    explained_variance   | 0.692        |
|    learning_rate        | 0.0003       |
|    loss                 | 1.66         |
|    n_updates            | 2005         |
|    policy_gradient_loss | -0.00392     |
|    value_loss           | 4.29         |
------------------------------------------
-------------------------------------------
| rollout/                |               |
|    ep_len_mean          | 10.8          |
|    ep_rew_mean          | 4.99          |
| time/                   |               |
|    fps                  | 299           |
|    iterations           | 403           |
|    time_elapsed         | 688           |
|    total_timesteps      | 206336        |
| train/                  |               |
|    approx_kl            | 0.00048737926 |
|    clip_fraction        | 0.0152        |
|    clip_range           | 0.2           |
|    entropy_loss         | -0.159        |
|    explained_variance   | 0.435         |
|    learning_rate        | 0.0003        |
|    loss                 | 3.33          |
|    n_updates            | 2010          |
|    policy_gradient_loss | -0.00278      |
|    value_loss           | 6.03          |
-------------------------------------------
------------------------------------------
| rollout/                |              |
|    ep_len_mean          | 11.1         |
|    ep_rew_mean          | 4.94         |
| time/                   |              |
|    fps                  | 299          |
|    iterations           | 404          |
|    time_elapsed         | 690          |
|    total_timesteps      | 206848       |
| train/                  |              |
|    approx_kl            | 0.0034224936 |
|    clip_fraction        | 0.0301       |
|    clip_range           | 0.2          |
|    entropy_loss         | -0.0891      |
|    explained_variance   | 0.718        |
|    learning_rate        | 0.0003       |
|    loss                 | 1.67         |
|    n_updates            | 2015         |
|    policy_gradient_loss | -0.00813     |
|    value_loss           | 5.71         |
------------------------------------------
------------------------------------------
| rollout/                |              |
|    ep_len_mean          | 11.5         |
|    ep_rew_mean          | 5.24         |
| time/                   |              |
|    fps                  | 299          |
|    iterations           | 405          |
|    time_elapsed         | 692          |
|    total_timesteps      | 207360       |
| train/                  |              |
|    approx_kl            | 0.0046280967 |
|    clip_fraction        | 0.0148       |
|    clip_range           | 0.2          |
|    entropy_loss         | -0.154       |
|    explained_variance   | 0.491        |
|    learning_rate        | 0.0003       |
|    loss                 | 2.93         |
|    n_updates            | 2020         |
|    policy_gradient_loss | 0.00189      |
|    value_loss           | 6.81         |
------------------------------------------
------------------------------------------
| rollout/                |              |
|    ep_len_mean          | 12.1         |
|    ep_rew_mean          | 5.19         |
| time/                   |              |
|    fps                  | 299          |
|    iterations           | 406          |
|    time_elapsed         | 693          |
|    total_timesteps      | 207872       |
| train/                  |              |
|    approx_kl            | 0.0011496892 |
|    clip_fraction        | 0.0129       |
|    clip_range           | 0.2          |
|    entropy_loss         | -0.128       |
|    explained_variance   | 0.636        |
|    learning_rate        | 0.0003       |
|    loss                 | 3.14         |
|    n_updates            | 2025         |
|    policy_gradient_loss | -0.00619     |
|    value_loss           | 4.62         |
------------------------------------------
----------------------------------------
| rollout/                |            |
|    ep_len_mean          | 11.6       |
|    ep_rew_mean          | 5.54       |
| time/                   |            |
|    fps                  | 299        |
|    iterations           | 407        |
|    time_elapsed         | 695        |
|    total_timesteps      | 208384     |
| train/                  |            |
|    approx_kl            | 0.00476622 |
|    clip_fraction        | 0.0457     |
|    clip_range           | 0.2        |
|    entropy_loss         | -0.165     |
|    explained_variance   | 0.68       |
|    learning_rate        | 0.0003     |
|    loss                 | 2.29       |
|    n_updates            | 2030       |
|    policy_gradient_loss | 0.0118     |
|    value_loss           | 5.21       |
----------------------------------------
-----------------------------------------
| rollout/                |             |
|    ep_len_mean          | 11          |
|    ep_rew_mean          | 5.47        |
| time/                   |             |
|    fps                  | 299         |
|    iterations           | 408         |
|    time_elapsed         | 697         |
|    total_timesteps      | 208896      |
| train/                  |             |
|    approx_kl            | 0.002227045 |
|    clip_fraction        | 0.0199      |
|    clip_range           | 0.2         |
|    entropy_loss         | -0.127      |
|    explained_variance   | 0.699       |
|    learning_rate        | 0.0003      |
|    loss                 | 2.42        |
|    n_updates            | 2035        |
|    policy_gradient_loss | -0.00411    |
|    value_loss           | 5.21        |
-----------------------------------------
------------------------------------------
| rollout/                |              |
|    ep_len_mean          | 10.7         |
|    ep_rew_mean          | 4.7          |
| time/                   |              |
|    fps                  | 299          |
|    iterations           | 409          |
|    time_elapsed         | 699          |
|    total_timesteps      | 209408       |
| train/                  |              |
|    approx_kl            | 0.0028973387 |
|    clip_fraction        | 0.0309       |
|    clip_range           | 0.2          |
|    entropy_loss         | -0.139       |
|    explained_variance   | 0.537        |
|    learning_rate        | 0.0003       |
|    loss                 | 2.08         |
|    n_updates            | 2040         |
|    policy_gradient_loss | -0.00835     |
|    value_loss           | 4.96         |
------------------------------------------
------------------------------------------
| rollout/                |              |
|    ep_len_mean          | 12           |
|    ep_rew_mean          | 5.45         |
| time/                   |              |
|    fps                  | 299          |
|    iterations           | 410          |
|    time_elapsed         | 700          |
|    total_timesteps      | 209920       |
| train/                  |              |
|    approx_kl            | 0.0060407864 |
|    clip_fraction        | 0.0352       |
|    clip_range           | 0.2          |
|    entropy_loss         | -0.151       |
|    explained_variance   | 0.621        |
|    learning_rate        | 0.0003       |
|    loss                 | 2.35         |
|    n_updates            | 2045         |
|    policy_gradient_loss | -0.00567     |
|    value_loss           | 5.77         |
------------------------------------------
------------------------------------------
| rollout/                |              |
|    ep_len_mean          | 12.6         |
|    ep_rew_mean          | 5.98         |
| time/                   |              |
|    fps                  | 299          |
|    iterations           | 411          |
|    time_elapsed         | 702          |
|    total_timesteps      | 210432       |
| train/                  |              |
|    approx_kl            | 0.0011893301 |
|    clip_fraction        | 0.0156       |
|    clip_range           | 0.2          |
|    entropy_loss         | -0.103       |
|    explained_variance   | 0.727        |
|    learning_rate        | 0.0003       |
|    loss                 | 3.06         |
|    n_updates            | 2050         |
|    policy_gradient_loss | -0.00507     |
|    value_loss           | 5.53         |
------------------------------------------
------------------------------------------
| rollout/                |              |
|    ep_len_mean          | 13           |
|    ep_rew_mean          | 6.55         |
| time/                   |              |
|    fps                  | 299          |
|    iterations           | 412          |
|    time_elapsed         | 704          |
|    total_timesteps      | 210944       |
| train/                  |              |
|    approx_kl            | 0.0025902197 |
|    clip_fraction        | 0.0254       |
|    clip_range           | 0.2          |
|    entropy_loss         | -0.142       |
|    explained_variance   | 0.75         |
|    learning_rate        | 0.0003       |
|    loss                 | 2.74         |
|    n_updates            | 2055         |
|    policy_gradient_loss | -0.000936    |
|    value_loss           | 4.71         |
------------------------------------------
------------------------------------------
| rollout/                |              |
|    ep_len_mean          | 13.3         |
|    ep_rew_mean          | 6.26         |
| time/                   |              |
|    fps                  | 299          |
|    iterations           | 413          |
|    time_elapsed         | 706          |
|    total_timesteps      | 211456       |
| train/                  |              |
|    approx_kl            | 0.0019546577 |
|    clip_fraction        | 0.0137       |
|    clip_range           | 0.2          |
|    entropy_loss         | -0.0934      |
|    explained_variance   | 0.707        |
|    learning_rate        | 0.0003       |
|    loss                 | 2.56         |
|    n_updates            | 2060         |
|    policy_gradient_loss | -0.00513     |
|    value_loss           | 6.13         |
------------------------------------------
------------------------------------------
| rollout/                |              |
|    ep_len_mean          | 12.8         |
|    ep_rew_mean          | 5.54         |
| time/                   |              |
|    fps                  | 299          |
|    iterations           | 414          |
|    time_elapsed         | 707          |
|    total_timesteps      | 211968       |
| train/                  |              |
|    approx_kl            | 0.0007009657 |
|    clip_fraction        | 0.00352      |
|    clip_range           | 0.2          |
|    entropy_loss         | -0.156       |
|    explained_variance   | 0.701        |
|    learning_rate        | 0.0003       |
|    loss                 | 2.72         |
|    n_updates            | 2065         |
|    policy_gradient_loss | -0.000567    |
|    value_loss           | 5.63         |
------------------------------------------
------------------------------------------
| rollout/                |              |
|    ep_len_mean          | 11.6         |
|    ep_rew_mean          | 5.07         |
| time/                   |              |
|    fps                  | 299          |
|    iterations           | 415          |
|    time_elapsed         | 709          |
|    total_timesteps      | 212480       |
| train/                  |              |
|    approx_kl            | 0.0041367235 |
|    clip_fraction        | 0.048        |
|    clip_range           | 0.2          |
|    entropy_loss         | -0.174       |
|    explained_variance   | 0.561        |
|    learning_rate        | 0.0003       |
|    loss                 | 4.26         |
|    n_updates            | 2070         |
|    policy_gradient_loss | 0.0028       |
|    value_loss           | 6.76         |
------------------------------------------
------------------------------------------
| rollout/                |              |
|    ep_len_mean          | 10.9         |
|    ep_rew_mean          | 4.33         |
| time/                   |              |
|    fps                  | 299          |
|    iterations           | 416          |
|    time_elapsed         | 710          |
|    total_timesteps      | 212992       |
| train/                  |              |
|    approx_kl            | 0.0020945596 |
|    clip_fraction        | 0.0184       |
|    clip_range           | 0.2          |
|    entropy_loss         | -0.119       |
|    explained_variance   | 0.748        |
|    learning_rate        | 0.0003       |
|    loss                 | 1.46         |
|    n_updates            | 2075         |
|    policy_gradient_loss | -0.00621     |
|    value_loss           | 3.65         |
------------------------------------------
------------------------------------------
| rollout/                |              |
|    ep_len_mean          | 11.7         |
|    ep_rew_mean          | 5.43         |
| time/                   |              |
|    fps                  | 299          |
|    iterations           | 417          |
|    time_elapsed         | 712          |
|    total_timesteps      | 213504       |
| train/                  |              |
|    approx_kl            | 0.0031577586 |
|    clip_fraction        | 0.0406       |
|    clip_range           | 0.2          |
|    entropy_loss         | -0.159       |
|    explained_variance   | 0.539        |
|    learning_rate        | 0.0003       |
|    loss                 | 5.07         |
|    n_updates            | 2080         |
|    policy_gradient_loss | 0.00582      |
|    value_loss           | 7.62         |
------------------------------------------
------------------------------------------
| rollout/                |              |
|    ep_len_mean          | 10.6         |
|    ep_rew_mean          | 5.16         |
| time/                   |              |
|    fps                  | 299          |
|    iterations           | 418          |
|    time_elapsed         | 714          |
|    total_timesteps      | 214016       |
| train/                  |              |
|    approx_kl            | 0.0017996861 |
|    clip_fraction        | 0.0176       |
|    clip_range           | 0.2          |
|    entropy_loss         | -0.101       |
|    explained_variance   | 0.727        |
|    learning_rate        | 0.0003       |
|    loss                 | 2.66         |
|    n_updates            | 2085         |
|    policy_gradient_loss | -2.4e-07     |
|    value_loss           | 4.96         |
------------------------------------------
------------------------------------------
| rollout/                |              |
|    ep_len_mean          | 9.92         |
|    ep_rew_mean          | 4.55         |
| time/                   |              |
|    fps                  | 299          |
|    iterations           | 419          |
|    time_elapsed         | 715          |
|    total_timesteps      | 214528       |
| train/                  |              |
|    approx_kl            | 0.0016341226 |
|    clip_fraction        | 0.0176       |
|    clip_range           | 0.2          |
|    entropy_loss         | -0.158       |
|    explained_variance   | 0.668        |
|    learning_rate        | 0.0003       |
|    loss                 | 1.13         |
|    n_updates            | 2090         |
|    policy_gradient_loss | -0.00908     |
|    value_loss           | 4.27         |
------------------------------------------
------------------------------------------
| rollout/                |              |
|    ep_len_mean          | 10.5         |
|    ep_rew_mean          | 4.97         |
| time/                   |              |
|    fps                  | 299          |
|    iterations           | 420          |
|    time_elapsed         | 717          |
|    total_timesteps      | 215040       |
| train/                  |              |
|    approx_kl            | 0.0010339038 |
|    clip_fraction        | 0.0129       |
|    clip_range           | 0.2          |
|    entropy_loss         | -0.123       |
|    explained_variance   | 0.594        |
|    learning_rate        | 0.0003       |
|    loss                 | 2.15         |
|    n_updates            | 2095         |
|    policy_gradient_loss | -0.00589     |
|    value_loss           | 5.39         |
------------------------------------------
------------------------------------------
| rollout/                |              |
|    ep_len_mean          | 11.7         |
|    ep_rew_mean          | 5.45         |
| time/                   |              |
|    fps                  | 299          |
|    iterations           | 421          |
|    time_elapsed         | 719          |
|    total_timesteps      | 215552       |
| train/                  |              |
|    approx_kl            | 0.0018208032 |
|    clip_fraction        | 0.0141       |
|    clip_range           | 0.2          |
|    entropy_loss         | -0.124       |
|    explained_variance   | 0.72         |
|    learning_rate        | 0.0003       |
|    loss                 | 2.37         |
|    n_updates            | 2100         |
|    policy_gradient_loss | 0.00308      |
|    value_loss           | 4.38         |
------------------------------------------
------------------------------------------
| rollout/                |              |
|    ep_len_mean          | 11.9         |
|    ep_rew_mean          | 5.73         |
| time/                   |              |
|    fps                  | 299          |
|    iterations           | 422          |
|    time_elapsed         | 720          |
|    total_timesteps      | 216064       |
| train/                  |              |
|    approx_kl            | 0.0007831353 |
|    clip_fraction        | 0.0164       |
|    clip_range           | 0.2          |
|    entropy_loss         | -0.108       |
|    explained_variance   | 0.685        |
|    learning_rate        | 0.0003       |
|    loss                 | 3.55         |
|    n_updates            | 2105         |
|    policy_gradient_loss | -0.00475     |
|    value_loss           | 5.3          |
------------------------------------------
------------------------------------------
| rollout/                |              |
|    ep_len_mean          | 12           |
|    ep_rew_mean          | 5.56         |
| time/                   |              |
|    fps                  | 299          |
|    iterations           | 423          |
|    time_elapsed         | 722          |
|    total_timesteps      | 216576       |
| train/                  |              |
|    approx_kl            | 0.0010233452 |
|    clip_fraction        | 0.00547      |
|    clip_range           | 0.2          |
|    entropy_loss         | -0.145       |
|    explained_variance   | 0.558        |
|    learning_rate        | 0.0003       |
|    loss                 | 3.63         |
|    n_updates            | 2110         |
|    policy_gradient_loss | -0.00169     |
|    value_loss           | 7.32         |
------------------------------------------
------------------------------------------
| rollout/                |              |
|    ep_len_mean          | 9.83         |
|    ep_rew_mean          | 4.65         |
| time/                   |              |
|    fps                  | 299          |
|    iterations           | 424          |
|    time_elapsed         | 724          |
|    total_timesteps      | 217088       |
| train/                  |              |
|    approx_kl            | 0.0090164365 |
|    clip_fraction        | 0.0582       |
|    clip_range           | 0.2          |
|    entropy_loss         | -0.204       |
|    explained_variance   | 0.618        |
|    learning_rate        | 0.0003       |
|    loss                 | 2.9          |
|    n_updates            | 2115         |
|    policy_gradient_loss | 0.0118       |
|    value_loss           | 4.73         |
------------------------------------------
------------------------------------------
| rollout/                |              |
|    ep_len_mean          | 9.56         |
|    ep_rew_mean          | 4.41         |
| time/                   |              |
|    fps                  | 299          |
|    iterations           | 425          |
|    time_elapsed         | 725          |
|    total_timesteps      | 217600       |
| train/                  |              |
|    approx_kl            | 0.0017642608 |
|    clip_fraction        | 0.0172       |
|    clip_range           | 0.2          |
|    entropy_loss         | -0.147       |
|    explained_variance   | 0.694        |
|    learning_rate        | 0.0003       |
|    loss                 | 3.72         |
|    n_updates            | 2120         |
|    policy_gradient_loss | -0.00692     |
|    value_loss           | 5.36         |
------------------------------------------
------------------------------------------
| rollout/                |              |
|    ep_len_mean          | 9.62         |
|    ep_rew_mean          | 4.21         |
| time/                   |              |
|    fps                  | 299          |
|    iterations           | 426          |
|    time_elapsed         | 727          |
|    total_timesteps      | 218112       |
| train/                  |              |
|    approx_kl            | 0.0007634409 |
|    clip_fraction        | 0.0187       |
|    clip_range           | 0.2          |
|    entropy_loss         | -0.125       |
|    explained_variance   | 0.708        |
|    learning_rate        | 0.0003       |
|    loss                 | 2.24         |
|    n_updates            | 2125         |
|    policy_gradient_loss | -0.00444     |
|    value_loss           | 5.03         |
------------------------------------------
------------------------------------------
| rollout/                |              |
|    ep_len_mean          | 11.4         |
|    ep_rew_mean          | 5.36         |
| time/                   |              |
|    fps                  | 299          |
|    iterations           | 427          |
|    time_elapsed         | 728          |
|    total_timesteps      | 218624       |
| train/                  |              |
|    approx_kl            | 0.0043112338 |
|    clip_fraction        | 0.0367       |
|    clip_range           | 0.2          |
|    entropy_loss         | -0.144       |
|    explained_variance   | 0.523        |
|    learning_rate        | 0.0003       |
|    loss                 | 2.09         |
|    n_updates            | 2130         |
|    policy_gradient_loss | -0.00966     |
|    value_loss           | 6.18         |
------------------------------------------
------------------------------------------
| rollout/                |              |
|    ep_len_mean          | 10.8         |
|    ep_rew_mean          | 4.74         |
| time/                   |              |
|    fps                  | 299          |
|    iterations           | 428          |
|    time_elapsed         | 730          |
|    total_timesteps      | 219136       |
| train/                  |              |
|    approx_kl            | 0.0011055782 |
|    clip_fraction        | 0.0141       |
|    clip_range           | 0.2          |
|    entropy_loss         | -0.129       |
|    explained_variance   | 0.659        |
|    learning_rate        | 0.0003       |
|    loss                 | 2.01         |
|    n_updates            | 2135         |
|    policy_gradient_loss | 0.000189     |
|    value_loss           | 5.63         |
------------------------------------------
------------------------------------------
| rollout/                |              |
|    ep_len_mean          | 11.2         |
|    ep_rew_mean          | 5.57         |
| time/                   |              |
|    fps                  | 300          |
|    iterations           | 429          |
|    time_elapsed         | 732          |
|    total_timesteps      | 219648       |
| train/                  |              |
|    approx_kl            | 0.0015470735 |
|    clip_fraction        | 0.0195       |
|    clip_range           | 0.2          |
|    entropy_loss         | -0.161       |
|    explained_variance   | 0.526        |
|    learning_rate        | 0.0003       |
|    loss                 | 2.28         |
|    n_updates            | 2140         |
|    policy_gradient_loss | -0.00786     |
|    value_loss           | 5.28         |
------------------------------------------
-----------------------------------------
| rollout/                |             |
|    ep_len_mean          | 11.3        |
|    ep_rew_mean          | 5.32        |
| time/                   |             |
|    fps                  | 300         |
|    iterations           | 430         |
|    time_elapsed         | 733         |
|    total_timesteps      | 220160      |
| train/                  |             |
|    approx_kl            | 0.004249287 |
|    clip_fraction        | 0.0281      |
|    clip_range           | 0.2         |
|    entropy_loss         | -0.103      |
|    explained_variance   | 0.623       |
|    learning_rate        | 0.0003      |
|    loss                 | 2.27        |
|    n_updates            | 2145        |
|    policy_gradient_loss | -0.00827    |
|    value_loss           | 6.7         |
-----------------------------------------
----------------------------------------
| rollout/                |            |
|    ep_len_mean          | 12.5       |
|    ep_rew_mean          | 5.77       |
| time/                   |            |
|    fps                  | 300        |
|    iterations           | 431        |
|    time_elapsed         | 735        |
|    total_timesteps      | 220672     |
| train/                  |            |
|    approx_kl            | 0.00280425 |
|    clip_fraction        | 0.0148     |
|    clip_range           | 0.2        |
|    entropy_loss         | -0.14      |
|    explained_variance   | 0.546      |
|    learning_rate        | 0.0003     |
|    loss                 | 2.96       |
|    n_updates            | 2150       |
|    policy_gradient_loss | 0.00357    |
|    value_loss           | 6.28       |
----------------------------------------
-------------------------------------------
| rollout/                |               |
|    ep_len_mean          | 11.7          |
|    ep_rew_mean          | 5.46          |
| time/                   |               |
|    fps                  | 300           |
|    iterations           | 432           |
|    time_elapsed         | 737           |
|    total_timesteps      | 221184        |
| train/                  |               |
|    approx_kl            | 0.00042047235 |
|    clip_fraction        | 0.00156       |
|    clip_range           | 0.2           |
|    entropy_loss         | -0.12         |
|    explained_variance   | 0.486         |
|    learning_rate        | 0.0003        |
|    loss                 | 4.32          |
|    n_updates            | 2155          |
|    policy_gradient_loss | 0.00153       |
|    value_loss           | 10.7          |
-------------------------------------------
------------------------------------------
| rollout/                |              |
|    ep_len_mean          | 11           |
|    ep_rew_mean          | 4.71         |
| time/                   |              |
|    fps                  | 300          |
|    iterations           | 433          |
|    time_elapsed         | 738          |
|    total_timesteps      | 221696       |
| train/                  |              |
|    approx_kl            | 0.0007841177 |
|    clip_fraction        | 0.0117       |
|    clip_range           | 0.2          |
|    entropy_loss         | -0.16        |
|    explained_variance   | 0.696        |
|    learning_rate        | 0.0003       |
|    loss                 | 2.94         |
|    n_updates            | 2160         |
|    policy_gradient_loss | -0.00402     |
|    value_loss           | 5.5          |
------------------------------------------
-----------------------------------------
| rollout/                |             |
|    ep_len_mean          | 9.61        |
|    ep_rew_mean          | 4.21        |
| time/                   |             |
|    fps                  | 300         |
|    iterations           | 434         |
|    time_elapsed         | 740         |
|    total_timesteps      | 222208      |
| train/                  |             |
|    approx_kl            | 0.003844475 |
|    clip_fraction        | 0.0344      |
|    clip_range           | 0.2         |
|    entropy_loss         | -0.197      |
|    explained_variance   | 0.529       |
|    learning_rate        | 0.0003      |
|    loss                 | 2.15        |
|    n_updates            | 2165        |
|    policy_gradient_loss | 0.00278     |
|    value_loss           | 5.32        |
-----------------------------------------
------------------------------------------
| rollout/                |              |
|    ep_len_mean          | 9.95         |
|    ep_rew_mean          | 4.84         |
| time/                   |              |
|    fps                  | 300          |
|    iterations           | 435          |
|    time_elapsed         | 741          |
|    total_timesteps      | 222720       |
| train/                  |              |
|    approx_kl            | 0.0012042891 |
|    clip_fraction        | 0.0297       |
|    clip_range           | 0.2          |
|    entropy_loss         | -0.189       |
|    explained_variance   | 0.635        |
|    learning_rate        | 0.0003       |
|    loss                 | 2.21         |
|    n_updates            | 2170         |
|    policy_gradient_loss | -0.00895     |
|    value_loss           | 7.5          |
------------------------------------------
------------------------------------------
| rollout/                |              |
|    ep_len_mean          | 9.57         |
|    ep_rew_mean          | 4.45         |
| time/                   |              |
|    fps                  | 300          |
|    iterations           | 436          |
|    time_elapsed         | 743          |
|    total_timesteps      | 223232       |
| train/                  |              |
|    approx_kl            | 0.0010524385 |
|    clip_fraction        | 0.0172       |
|    clip_range           | 0.2          |
|    entropy_loss         | -0.164       |
|    explained_variance   | 0.525        |
|    learning_rate        | 0.0003       |
|    loss                 | 7.71         |
|    n_updates            | 2175         |
|    policy_gradient_loss | -0.00444     |
|    value_loss           | 10.6         |
------------------------------------------
------------------------------------------
| rollout/                |              |
|    ep_len_mean          | 9.39         |
|    ep_rew_mean          | 4.25         |
| time/                   |              |
|    fps                  | 300          |
|    iterations           | 437          |
|    time_elapsed         | 744          |
|    total_timesteps      | 223744       |
| train/                  |              |
|    approx_kl            | 0.0024446729 |
|    clip_fraction        | 0.0309       |
|    clip_range           | 0.2          |
|    entropy_loss         | -0.164       |
|    explained_variance   | 0.661        |
|    learning_rate        | 0.0003       |
|    loss                 | 3.61         |
|    n_updates            | 2180         |
|    policy_gradient_loss | 0.000124     |
|    value_loss           | 6.06         |
------------------------------------------
------------------------------------------
| rollout/                |              |
|    ep_len_mean          | 10.3         |
|    ep_rew_mean          | 4.64         |
| time/                   |              |
|    fps                  | 300          |
|    iterations           | 438          |
|    time_elapsed         | 746          |
|    total_timesteps      | 224256       |
| train/                  |              |
|    approx_kl            | 0.0034626324 |
|    clip_fraction        | 0.0254       |
|    clip_range           | 0.2          |
|    entropy_loss         | -0.177       |
|    explained_variance   | 0.698        |
|    learning_rate        | 0.0003       |
|    loss                 | 3.31         |
|    n_updates            | 2185         |
|    policy_gradient_loss | -0.00477     |
|    value_loss           | 5.94         |
------------------------------------------
-------------------------------------------
| rollout/                |               |
|    ep_len_mean          | 9.39          |
|    ep_rew_mean          | 4.33          |
| time/                   |               |
|    fps                  | 300           |
|    iterations           | 439           |
|    time_elapsed         | 748           |
|    total_timesteps      | 224768        |
| train/                  |               |
|    approx_kl            | 0.00044548244 |
|    clip_fraction        | 0.00156       |
|    clip_range           | 0.2           |
|    entropy_loss         | -0.187        |
|    explained_variance   | 0.501         |
|    learning_rate        | 0.0003        |
|    loss                 | 1.94          |
|    n_updates            | 2190          |
|    policy_gradient_loss | -0.00443      |
|    value_loss           | 6.7           |
-------------------------------------------
------------------------------------------
| rollout/                |              |
|    ep_len_mean          | 9.83         |
|    ep_rew_mean          | 4.47         |
| time/                   |              |
|    fps                  | 300          |
|    iterations           | 440          |
|    time_elapsed         | 749          |
|    total_timesteps      | 225280       |
| train/                  |              |
|    approx_kl            | 0.0012049024 |
|    clip_fraction        | 0.0133       |
|    clip_range           | 0.2          |
|    entropy_loss         | -0.141       |
|    explained_variance   | 0.585        |
|    learning_rate        | 0.0003       |
|    loss                 | 2.09         |
|    n_updates            | 2195         |
|    policy_gradient_loss | -0.0056      |
|    value_loss           | 5.89         |
------------------------------------------
------------------------------------------
| rollout/                |              |
|    ep_len_mean          | 11.6         |
|    ep_rew_mean          | 5.55         |
| time/                   |              |
|    fps                  | 300          |
|    iterations           | 441          |
|    time_elapsed         | 751          |
|    total_timesteps      | 225792       |
| train/                  |              |
|    approx_kl            | 0.0037810383 |
|    clip_fraction        | 0.0441       |
|    clip_range           | 0.2          |
|    entropy_loss         | -0.177       |
|    explained_variance   | 0.766        |
|    learning_rate        | 0.0003       |
|    loss                 | 1.89         |
|    n_updates            | 2200         |
|    policy_gradient_loss | 0.00582      |
|    value_loss           | 4.38         |
------------------------------------------
------------------------------------------
| rollout/                |              |
|    ep_len_mean          | 10.9         |
|    ep_rew_mean          | 5.18         |
| time/                   |              |
|    fps                  | 300          |
|    iterations           | 442          |
|    time_elapsed         | 752          |
|    total_timesteps      | 226304       |
| train/                  |              |
|    approx_kl            | 0.0011516707 |
|    clip_fraction        | 0.0129       |
|    clip_range           | 0.2          |
|    entropy_loss         | -0.13        |
|    explained_variance   | 0.658        |
|    learning_rate        | 0.0003       |
|    loss                 | 3.49         |
|    n_updates            | 2205         |
|    policy_gradient_loss | -0.0058      |
|    value_loss           | 6.41         |
------------------------------------------
-------------------------------------------
| rollout/                |               |
|    ep_len_mean          | 10.7          |
|    ep_rew_mean          | 4.99          |
| time/                   |               |
|    fps                  | 300           |
|    iterations           | 443           |
|    time_elapsed         | 754           |
|    total_timesteps      | 226816        |
| train/                  |               |
|    approx_kl            | 0.00040239247 |
|    clip_fraction        | 0.0109        |
|    clip_range           | 0.2           |
|    entropy_loss         | -0.14         |
|    explained_variance   | 0.515         |
|    learning_rate        | 0.0003        |
|    loss                 | 2.01          |
|    n_updates            | 2210          |
|    policy_gradient_loss | -0.00435      |
|    value_loss           | 5.23          |
-------------------------------------------
------------------------------------------
| rollout/                |              |
|    ep_len_mean          | 12.2         |
|    ep_rew_mean          | 5.72         |
| time/                   |              |
|    fps                  | 300          |
|    iterations           | 444          |
|    time_elapsed         | 755          |
|    total_timesteps      | 227328       |
| train/                  |              |
|    approx_kl            | 0.0004266128 |
|    clip_fraction        | 0.0105       |
|    clip_range           | 0.2          |
|    entropy_loss         | -0.137       |
|    explained_variance   | 0.676        |
|    learning_rate        | 0.0003       |
|    loss                 | 2.54         |
|    n_updates            | 2215         |
|    policy_gradient_loss | -0.00374     |
|    value_loss           | 4.19         |
------------------------------------------
------------------------------------------
| rollout/                |              |
|    ep_len_mean          | 13.1         |
|    ep_rew_mean          | 6.11         |
| time/                   |              |
|    fps                  | 300          |
|    iterations           | 445          |
|    time_elapsed         | 757          |
|    total_timesteps      | 227840       |
| train/                  |              |
|    approx_kl            | 0.0012112997 |
|    clip_fraction        | 0.0242       |
|    clip_range           | 0.2          |
|    entropy_loss         | -0.14        |
|    explained_variance   | 0.678        |
|    learning_rate        | 0.0003       |
|    loss                 | 1.97         |
|    n_updates            | 2220         |
|    policy_gradient_loss | 0.00146      |
|    value_loss           | 5.27         |
------------------------------------------
------------------------------------------
| rollout/                |              |
|    ep_len_mean          | 13.8         |
|    ep_rew_mean          | 6.65         |
| time/                   |              |
|    fps                  | 300          |
|    iterations           | 446          |
|    time_elapsed         | 759          |
|    total_timesteps      | 228352       |
| train/                  |              |
|    approx_kl            | 0.0023444602 |
|    clip_fraction        | 0.0105       |
|    clip_range           | 0.2          |
|    entropy_loss         | -0.148       |
|    explained_variance   | 0.653        |
|    learning_rate        | 0.0003       |
|    loss                 | 2.84         |
|    n_updates            | 2225         |
|    policy_gradient_loss | 0.00166      |
|    value_loss           | 6.05         |
------------------------------------------
------------------------------------------
| rollout/                |              |
|    ep_len_mean          | 12.3         |
|    ep_rew_mean          | 6.05         |
| time/                   |              |
|    fps                  | 300          |
|    iterations           | 447          |
|    time_elapsed         | 760          |
|    total_timesteps      | 228864       |
| train/                  |              |
|    approx_kl            | 0.0044027586 |
|    clip_fraction        | 0.0254       |
|    clip_range           | 0.2          |
|    entropy_loss         | -0.117       |
|    explained_variance   | 0.688        |
|    learning_rate        | 0.0003       |
|    loss                 | 3.64         |
|    n_updates            | 2230         |
|    policy_gradient_loss | 0.00683      |
|    value_loss           | 7.83         |
------------------------------------------
------------------------------------------
| rollout/                |              |
|    ep_len_mean          | 10.2         |
|    ep_rew_mean          | 4.79         |
| time/                   |              |
|    fps                  | 300          |
|    iterations           | 448          |
|    time_elapsed         | 762          |
|    total_timesteps      | 229376       |
| train/                  |              |
|    approx_kl            | 0.0010537079 |
|    clip_fraction        | 0.0137       |
|    clip_range           | 0.2          |
|    entropy_loss         | -0.145       |
|    explained_variance   | 0.772        |
|    learning_rate        | 0.0003       |
|    loss                 | 2.3          |
|    n_updates            | 2235         |
|    policy_gradient_loss | -0.00441     |
|    value_loss           | 6.47         |
------------------------------------------
------------------------------------------
| rollout/                |              |
|    ep_len_mean          | 9.99         |
|    ep_rew_mean          | 4.44         |
| time/                   |              |
|    fps                  | 300          |
|    iterations           | 449          |
|    time_elapsed         | 764          |
|    total_timesteps      | 229888       |
| train/                  |              |
|    approx_kl            | 0.0007284374 |
|    clip_fraction        | 0.00586      |
|    clip_range           | 0.2          |
|    entropy_loss         | -0.144       |
|    explained_variance   | 0.7          |
|    learning_rate        | 0.0003       |
|    loss                 | 1.73         |
|    n_updates            | 2240         |
|    policy_gradient_loss | -0.00276     |
|    value_loss           | 4.71         |
------------------------------------------
-----------------------------------------
| rollout/                |             |
|    ep_len_mean          | 10.1        |
|    ep_rew_mean          | 4.75        |
| time/                   |             |
|    fps                  | 300         |
|    iterations           | 450         |
|    time_elapsed         | 765         |
|    total_timesteps      | 230400      |
| train/                  |             |
|    approx_kl            | 0.003699644 |
|    clip_fraction        | 0.0105      |
|    clip_range           | 0.2         |
|    entropy_loss         | -0.173      |
|    explained_variance   | 0.673       |
|    learning_rate        | 0.0003      |
|    loss                 | 1.54        |
|    n_updates            | 2245        |
|    policy_gradient_loss | 6.31e-05    |
|    value_loss           | 4.01        |
-----------------------------------------
------------------------------------------
| rollout/                |              |
|    ep_len_mean          | 9.68         |
|    ep_rew_mean          | 4.51         |
| time/                   |              |
|    fps                  | 300          |
|    iterations           | 451          |
|    time_elapsed         | 767          |
|    total_timesteps      | 230912       |
| train/                  |              |
|    approx_kl            | 0.0012239309 |
|    clip_fraction        | 0.0156       |
|    clip_range           | 0.2          |
|    entropy_loss         | -0.128       |
|    explained_variance   | 0.516        |
|    learning_rate        | 0.0003       |
|    loss                 | 3.03         |
|    n_updates            | 2250         |
|    policy_gradient_loss | -0.00472     |
|    value_loss           | 6.04         |
------------------------------------------
-------------------------------------------
| rollout/                |               |
|    ep_len_mean          | 10.1          |
|    ep_rew_mean          | 4.47          |
| time/                   |               |
|    fps                  | 300           |
|    iterations           | 452           |
|    time_elapsed         | 769           |
|    total_timesteps      | 231424        |
| train/                  |               |
|    approx_kl            | 0.00055985746 |
|    clip_fraction        | 0.00195       |
|    clip_range           | 0.2           |
|    entropy_loss         | -0.174        |
|    explained_variance   | 0.66          |
|    learning_rate        | 0.0003        |
|    loss                 | 2.07          |
|    n_updates            | 2255          |
|    policy_gradient_loss | -0.000389     |
|    value_loss           | 4.21          |
-------------------------------------------
-----------------------------------------
| rollout/                |             |
|    ep_len_mean          | 10.5        |
|    ep_rew_mean          | 4.97        |
| time/                   |             |
|    fps                  | 300         |
|    iterations           | 453         |
|    time_elapsed         | 770         |
|    total_timesteps      | 231936      |
| train/                  |             |
|    approx_kl            | 0.002170239 |
|    clip_fraction        | 0.0215      |
|    clip_range           | 0.2         |
|    entropy_loss         | -0.127      |
|    explained_variance   | 0.709       |
|    learning_rate        | 0.0003      |
|    loss                 | 2.08        |
|    n_updates            | 2260        |
|    policy_gradient_loss | -0.00548    |
|    value_loss           | 3.72        |
-----------------------------------------
-----------------------------------------
| rollout/                |             |
|    ep_len_mean          | 11.3        |
|    ep_rew_mean          | 5.33        |
| time/                   |             |
|    fps                  | 300         |
|    iterations           | 454         |
|    time_elapsed         | 772         |
|    total_timesteps      | 232448      |
| train/                  |             |
|    approx_kl            | 0.002775861 |
|    clip_fraction        | 0.0156      |
|    clip_range           | 0.2         |
|    entropy_loss         | -0.142      |
|    explained_variance   | 0.691       |
|    learning_rate        | 0.0003      |
|    loss                 | 2.22        |
|    n_updates            | 2265        |
|    policy_gradient_loss | -0.00352    |
|    value_loss           | 4.28        |
-----------------------------------------
------------------------------------------
| rollout/                |              |
|    ep_len_mean          | 10.2         |
|    ep_rew_mean          | 4.74         |
| time/                   |              |
|    fps                  | 300          |
|    iterations           | 455          |
|    time_elapsed         | 774          |
|    total_timesteps      | 232960       |
| train/                  |              |
|    approx_kl            | 0.0039616423 |
|    clip_fraction        | 0.0262       |
|    clip_range           | 0.2          |
|    entropy_loss         | -0.131       |
|    explained_variance   | 0.642        |
|    learning_rate        | 0.0003       |
|    loss                 | 1.42         |
|    n_updates            | 2270         |
|    policy_gradient_loss | 0.00349      |
|    value_loss           | 3.91         |
------------------------------------------
------------------------------------------
| rollout/                |              |
|    ep_len_mean          | 9.31         |
|    ep_rew_mean          | 4.57         |
| time/                   |              |
|    fps                  | 300          |
|    iterations           | 456          |
|    time_elapsed         | 775          |
|    total_timesteps      | 233472       |
| train/                  |              |
|    approx_kl            | 0.0021143681 |
|    clip_fraction        | 0.0305       |
|    clip_range           | 0.2          |
|    entropy_loss         | -0.136       |
|    explained_variance   | 0.504        |
|    learning_rate        | 0.0003       |
|    loss                 | 4.25         |
|    n_updates            | 2275         |
|    policy_gradient_loss | -0.00535     |
|    value_loss           | 8.72         |
------------------------------------------
-----------------------------------------
| rollout/                |             |
|    ep_len_mean          | 9.3         |
|    ep_rew_mean          | 4.59        |
| time/                   |             |
|    fps                  | 300         |
|    iterations           | 457         |
|    time_elapsed         | 777         |
|    total_timesteps      | 233984      |
| train/                  |             |
|    approx_kl            | 0.001576069 |
|    clip_fraction        | 0.0223      |
|    clip_range           | 0.2         |
|    entropy_loss         | -0.116      |
|    explained_variance   | 0.575       |
|    learning_rate        | 0.0003      |
|    loss                 | 3.64        |
|    n_updates            | 2280        |
|    policy_gradient_loss | -0.00808    |
|    value_loss           | 8.14        |
-----------------------------------------
-------------------------------------------
| rollout/                |               |
|    ep_len_mean          | 9.79          |
|    ep_rew_mean          | 4.5           |
| time/                   |               |
|    fps                  | 300           |
|    iterations           | 458           |
|    time_elapsed         | 779           |
|    total_timesteps      | 234496        |
| train/                  |               |
|    approx_kl            | 0.00058454846 |
|    clip_fraction        | 0.000781      |
|    clip_range           | 0.2           |
|    entropy_loss         | -0.156        |
|    explained_variance   | 0.559         |
|    learning_rate        | 0.0003        |
|    loss                 | 2.76          |
|    n_updates            | 2285          |
|    policy_gradient_loss | -0.00067      |
|    value_loss           | 7.59          |
-------------------------------------------
------------------------------------------
| rollout/                |              |
|    ep_len_mean          | 10.6         |
|    ep_rew_mean          | 4.83         |
| time/                   |              |
|    fps                  | 301          |
|    iterations           | 459          |
|    time_elapsed         | 780          |
|    total_timesteps      | 235008       |
| train/                  |              |
|    approx_kl            | 0.0023095577 |
|    clip_fraction        | 0.0301       |
|    clip_range           | 0.2          |
|    entropy_loss         | -0.138       |
|    explained_variance   | 0.556        |
|    learning_rate        | 0.0003       |
|    loss                 | 1.83         |
|    n_updates            | 2290         |
|    policy_gradient_loss | -0.011       |
|    value_loss           | 4.58         |
------------------------------------------
------------------------------------------
| rollout/                |              |
|    ep_len_mean          | 11.2         |
|    ep_rew_mean          | 5.12         |
| time/                   |              |
|    fps                  | 301          |
|    iterations           | 460          |
|    time_elapsed         | 782          |
|    total_timesteps      | 235520       |
| train/                  |              |
|    approx_kl            | 0.0010013868 |
|    clip_fraction        | 0.00469      |
|    clip_range           | 0.2          |
|    entropy_loss         | -0.121       |
|    explained_variance   | 0.557        |
|    learning_rate        | 0.0003       |
|    loss                 | 1.91         |
|    n_updates            | 2295         |
|    policy_gradient_loss | -0.00422     |
|    value_loss           | 3.91         |
------------------------------------------
-------------------------------------------
| rollout/                |               |
|    ep_len_mean          | 12.4          |
|    ep_rew_mean          | 5.7           |
| time/                   |               |
|    fps                  | 301           |
|    iterations           | 461           |
|    time_elapsed         | 783           |
|    total_timesteps      | 236032        |
| train/                  |               |
|    approx_kl            | 0.00094098964 |
|    clip_fraction        | 0.0117        |
|    clip_range           | 0.2           |
|    entropy_loss         | -0.122        |
|    explained_variance   | 0.614         |
|    learning_rate        | 0.0003        |
|    loss                 | 2.48          |
|    n_updates            | 2300          |
|    policy_gradient_loss | -0.00331      |
|    value_loss           | 5.28          |
-------------------------------------------
------------------------------------------
| rollout/                |              |
|    ep_len_mean          | 14.1         |
|    ep_rew_mean          | 6.01         |
| time/                   |              |
|    fps                  | 301          |
|    iterations           | 462          |
|    time_elapsed         | 785          |
|    total_timesteps      | 236544       |
| train/                  |              |
|    approx_kl            | 0.0022400578 |
|    clip_fraction        | 0.0129       |
|    clip_range           | 0.2          |
|    entropy_loss         | -0.0859      |
|    explained_variance   | 0.733        |
|    learning_rate        | 0.0003       |
|    loss                 | 1.06         |
|    n_updates            | 2305         |
|    policy_gradient_loss | -0.00682     |
|    value_loss           | 2.77         |
------------------------------------------
------------------------------------------
| rollout/                |              |
|    ep_len_mean          | 14.4         |
|    ep_rew_mean          | 6.2          |
| time/                   |              |
|    fps                  | 301          |
|    iterations           | 463          |
|    time_elapsed         | 787          |
|    total_timesteps      | 237056       |
| train/                  |              |
|    approx_kl            | 0.0034633703 |
|    clip_fraction        | 0.0668       |
|    clip_range           | 0.2          |
|    entropy_loss         | -0.158       |
|    explained_variance   | 0.647        |
|    learning_rate        | 0.0003       |
|    loss                 | 3.02         |
|    n_updates            | 2310         |
|    policy_gradient_loss | 0.00225      |
|    value_loss           | 5.62         |
------------------------------------------
-------------------------------------------
| rollout/                |               |
|    ep_len_mean          | 14.4          |
|    ep_rew_mean          | 5.52          |
| time/                   |               |
|    fps                  | 301           |
|    iterations           | 464           |
|    time_elapsed         | 788           |
|    total_timesteps      | 237568        |
| train/                  |               |
|    approx_kl            | 0.00062073156 |
|    clip_fraction        | 0.0125        |
|    clip_range           | 0.2           |
|    entropy_loss         | -0.155        |
|    explained_variance   | 0.639         |
|    learning_rate        | 0.0003        |
|    loss                 | 2.2           |
|    n_updates            | 2315          |
|    policy_gradient_loss | 0.00285       |
|    value_loss           | 4.9           |
-------------------------------------------
-----------------------------------------
| rollout/                |             |
|    ep_len_mean          | 13.5        |
|    ep_rew_mean          | 5.54        |
| time/                   |             |
|    fps                  | 301         |
|    iterations           | 465         |
|    time_elapsed         | 790         |
|    total_timesteps      | 238080      |
| train/                  |             |
|    approx_kl            | 0.043413863 |
|    clip_fraction        | 0.0934      |
|    clip_range           | 0.2         |
|    entropy_loss         | -0.199      |
|    explained_variance   | 0.593       |
|    learning_rate        | 0.0003      |
|    loss                 | 3.19        |
|    n_updates            | 2320        |
|    policy_gradient_loss | 0.0108      |
|    value_loss           | 7.63        |
-----------------------------------------
------------------------------------------
| rollout/                |              |
|    ep_len_mean          | 11.6         |
|    ep_rew_mean          | 5.44         |
| time/                   |              |
|    fps                  | 301          |
|    iterations           | 466          |
|    time_elapsed         | 791          |
|    total_timesteps      | 238592       |
| train/                  |              |
|    approx_kl            | 0.0038403259 |
|    clip_fraction        | 0.0187       |
|    clip_range           | 0.2          |
|    entropy_loss         | -0.182       |
|    explained_variance   | 0.717        |
|    learning_rate        | 0.0003       |
|    loss                 | 2.52         |
|    n_updates            | 2325         |
|    policy_gradient_loss | 0.0026       |
|    value_loss           | 5.03         |
------------------------------------------
------------------------------------------
| rollout/                |              |
|    ep_len_mean          | 11           |
|    ep_rew_mean          | 5.33         |
| time/                   |              |
|    fps                  | 301          |
|    iterations           | 467          |
|    time_elapsed         | 793          |
|    total_timesteps      | 239104       |
| train/                  |              |
|    approx_kl            | 0.0019528421 |
|    clip_fraction        | 0.0242       |
|    clip_range           | 0.2          |
|    entropy_loss         | -0.144       |
|    explained_variance   | 0.552        |
|    learning_rate        | 0.0003       |
|    loss                 | 2.98         |
|    n_updates            | 2330         |
|    policy_gradient_loss | -0.00943     |
|    value_loss           | 6.42         |
------------------------------------------
------------------------------------------
| rollout/                |              |
|    ep_len_mean          | 11.1         |
|    ep_rew_mean          | 5.2          |
| time/                   |              |
|    fps                  | 301          |
|    iterations           | 468          |
|    time_elapsed         | 794          |
|    total_timesteps      | 239616       |
| train/                  |              |
|    approx_kl            | 0.0020114973 |
|    clip_fraction        | 0.0234       |
|    clip_range           | 0.2          |
|    entropy_loss         | -0.133       |
|    explained_variance   | 0.577        |
|    learning_rate        | 0.0003       |
|    loss                 | 3.36         |
|    n_updates            | 2335         |
|    policy_gradient_loss | -0.00844     |
|    value_loss           | 4.95         |
------------------------------------------
------------------------------------------
| rollout/                |              |
|    ep_len_mean          | 11.5         |
|    ep_rew_mean          | 5.08         |
| time/                   |              |
|    fps                  | 301          |
|    iterations           | 469          |
|    time_elapsed         | 796          |
|    total_timesteps      | 240128       |
| train/                  |              |
|    approx_kl            | 0.0020272997 |
|    clip_fraction        | 0.0113       |
|    clip_range           | 0.2          |
|    entropy_loss         | -0.175       |
|    explained_variance   | 0.465        |
|    learning_rate        | 0.0003       |
|    loss                 | 4.13         |
|    n_updates            | 2340         |
|    policy_gradient_loss | -0.00282     |
|    value_loss           | 7.87         |
------------------------------------------
------------------------------------------
| rollout/                |              |
|    ep_len_mean          | 11.7         |
|    ep_rew_mean          | 5.41         |
| time/                   |              |
|    fps                  | 301          |
|    iterations           | 470          |
|    time_elapsed         | 797          |
|    total_timesteps      | 240640       |
| train/                  |              |
|    approx_kl            | 0.0005294524 |
|    clip_fraction        | 0.00508      |
|    clip_range           | 0.2          |
|    entropy_loss         | -0.144       |
|    explained_variance   | 0.591        |
|    learning_rate        | 0.0003       |
|    loss                 | 3.35         |
|    n_updates            | 2345         |
|    policy_gradient_loss | 0.000367     |
|    value_loss           | 7.11         |
------------------------------------------
------------------------------------------
| rollout/                |              |
|    ep_len_mean          | 13           |
|    ep_rew_mean          | 6.04         |
| time/                   |              |
|    fps                  | 301          |
|    iterations           | 471          |
|    time_elapsed         | 799          |
|    total_timesteps      | 241152       |
| train/                  |              |
|    approx_kl            | 0.0001306152 |
|    clip_fraction        | 0            |
|    clip_range           | 0.2          |
|    entropy_loss         | -0.137       |
|    explained_variance   | 0.488        |
|    learning_rate        | 0.0003       |
|    loss                 | 3.5          |
|    n_updates            | 2350         |
|    policy_gradient_loss | -0.000346    |
|    value_loss           | 11.1         |
------------------------------------------
-----------------------------------------
| rollout/                |             |
|    ep_len_mean          | 11.6        |
|    ep_rew_mean          | 5.49        |
| time/                   |             |
|    fps                  | 301         |
|    iterations           | 472         |
|    time_elapsed         | 801         |
|    total_timesteps      | 241664      |
| train/                  |             |
|    approx_kl            | 0.008733438 |
|    clip_fraction        | 0.0473      |
|    clip_range           | 0.2         |
|    entropy_loss         | -0.185      |
|    explained_variance   | 0.66        |
|    learning_rate        | 0.0003      |
|    loss                 | 3.12        |
|    n_updates            | 2355        |
|    policy_gradient_loss | 0.00903     |
|    value_loss           | 7.01        |
-----------------------------------------
------------------------------------------
| rollout/                |              |
|    ep_len_mean          | 10.9         |
|    ep_rew_mean          | 5.4          |
| time/                   |              |
|    fps                  | 301          |
|    iterations           | 473          |
|    time_elapsed         | 802          |
|    total_timesteps      | 242176       |
| train/                  |              |
|    approx_kl            | 0.0015493992 |
|    clip_fraction        | 0.0133       |
|    clip_range           | 0.2          |
|    entropy_loss         | -0.131       |
|    explained_variance   | 0.679        |
|    learning_rate        | 0.0003       |
|    loss                 | 2.06         |
|    n_updates            | 2360         |
|    policy_gradient_loss | -0.00663     |
|    value_loss           | 5.79         |
------------------------------------------
-----------------------------------------
| rollout/                |             |
|    ep_len_mean          | 11.2        |
|    ep_rew_mean          | 5.42        |
| time/                   |             |
|    fps                  | 301         |
|    iterations           | 474         |
|    time_elapsed         | 804         |
|    total_timesteps      | 242688      |
| train/                  |             |
|    approx_kl            | 0.003302295 |
|    clip_fraction        | 0.0254      |
|    clip_range           | 0.2         |
|    entropy_loss         | -0.152      |
|    explained_variance   | 0.716       |
|    learning_rate        | 0.0003      |
|    loss                 | 2.75        |
|    n_updates            | 2365        |
|    policy_gradient_loss | 0.0048      |
|    value_loss           | 5.53        |
-----------------------------------------
------------------------------------------
| rollout/                |              |
|    ep_len_mean          | 9.51         |
|    ep_rew_mean          | 4.28         |
| time/                   |              |
|    fps                  | 301          |
|    iterations           | 475          |
|    time_elapsed         | 805          |
|    total_timesteps      | 243200       |
| train/                  |              |
|    approx_kl            | 0.0006581238 |
|    clip_fraction        | 0.0105       |
|    clip_range           | 0.2          |
|    entropy_loss         | -0.16        |
|    explained_variance   | 0.607        |
|    learning_rate        | 0.0003       |
|    loss                 | 4.14         |
|    n_updates            | 2370         |
|    policy_gradient_loss | -0.00539     |
|    value_loss           | 7.09         |
------------------------------------------
------------------------------------------
| rollout/                |              |
|    ep_len_mean          | 9.36         |
|    ep_rew_mean          | 4.21         |
| time/                   |              |
|    fps                  | 301          |
|    iterations           | 476          |
|    time_elapsed         | 807          |
|    total_timesteps      | 243712       |
| train/                  |              |
|    approx_kl            | 0.0009060117 |
|    clip_fraction        | 0.00781      |
|    clip_range           | 0.2          |
|    entropy_loss         | -0.168       |
|    explained_variance   | 0.714        |
|    learning_rate        | 0.0003       |
|    loss                 | 2.19         |
|    n_updates            | 2375         |
|    policy_gradient_loss | -0.00499     |
|    value_loss           | 3.98         |
------------------------------------------
------------------------------------------
| rollout/                |              |
|    ep_len_mean          | 11           |
|    ep_rew_mean          | 5.25         |
| time/                   |              |
|    fps                  | 301          |
|    iterations           | 477          |
|    time_elapsed         | 808          |
|    total_timesteps      | 244224       |
| train/                  |              |
|    approx_kl            | 0.0017060033 |
|    clip_fraction        | 0.048        |
|    clip_range           | 0.2          |
|    entropy_loss         | -0.177       |
|    explained_variance   | 0.611        |
|    learning_rate        | 0.0003       |
|    loss                 | 2.51         |
|    n_updates            | 2380         |
|    policy_gradient_loss | 0.0013       |
|    value_loss           | 6.68         |
------------------------------------------
------------------------------------------
| rollout/                |              |
|    ep_len_mean          | 12.9         |
|    ep_rew_mean          | 6.7          |
| time/                   |              |
|    fps                  | 301          |
|    iterations           | 478          |
|    time_elapsed         | 810          |
|    total_timesteps      | 244736       |
| train/                  |              |
|    approx_kl            | 0.0021688514 |
|    clip_fraction        | 0.00781      |
|    clip_range           | 0.2          |
|    entropy_loss         | -0.119       |
|    explained_variance   | 0.701        |
|    learning_rate        | 0.0003       |
|    loss                 | 2.67         |
|    n_updates            | 2385         |
|    policy_gradient_loss | -0.000364    |
|    value_loss           | 5.55         |
------------------------------------------
------------------------------------------
| rollout/                |              |
|    ep_len_mean          | 11.7         |
|    ep_rew_mean          | 5.96         |
| time/                   |              |
|    fps                  | 301          |
|    iterations           | 479          |
|    time_elapsed         | 812          |
|    total_timesteps      | 245248       |
| train/                  |              |
|    approx_kl            | 0.0010715798 |
|    clip_fraction        | 0.0168       |
|    clip_range           | 0.2          |
|    entropy_loss         | -0.141       |
|    explained_variance   | 0.635        |
|    learning_rate        | 0.0003       |
|    loss                 | 2.02         |
|    n_updates            | 2390         |
|    policy_gradient_loss | 0.00668      |
|    value_loss           | 5.77         |
------------------------------------------
------------------------------------------
| rollout/                |              |
|    ep_len_mean          | 8.83         |
|    ep_rew_mean          | 4.03         |
| time/                   |              |
|    fps                  | 302          |
|    iterations           | 480          |
|    time_elapsed         | 813          |
|    total_timesteps      | 245760       |
| train/                  |              |
|    approx_kl            | 0.0012289706 |
|    clip_fraction        | 0.0156       |
|    clip_range           | 0.2          |
|    entropy_loss         | -0.144       |
|    explained_variance   | 0.592        |
|    learning_rate        | 0.0003       |
|    loss                 | 1.8          |
|    n_updates            | 2395         |
|    policy_gradient_loss | -0.00594     |
|    value_loss           | 4.5          |
------------------------------------------
------------------------------------------
| rollout/                |              |
|    ep_len_mean          | 9.52         |
|    ep_rew_mean          | 4.45         |
| time/                   |              |
|    fps                  | 302          |
|    iterations           | 481          |
|    time_elapsed         | 815          |
|    total_timesteps      | 246272       |
| train/                  |              |
|    approx_kl            | 0.0018115526 |
|    clip_fraction        | 0.0406       |
|    clip_range           | 0.2          |
|    entropy_loss         | -0.172       |
|    explained_variance   | 0.717        |
|    learning_rate        | 0.0003       |
|    loss                 | 1.01         |
|    n_updates            | 2400         |
|    policy_gradient_loss | -0.011       |
|    value_loss           | 2.95         |
------------------------------------------
------------------------------------------
| rollout/                |              |
|    ep_len_mean          | 11           |
|    ep_rew_mean          | 5.29         |
| time/                   |              |
|    fps                  | 302          |
|    iterations           | 482          |
|    time_elapsed         | 816          |
|    total_timesteps      | 246784       |
| train/                  |              |
|    approx_kl            | 0.0019211645 |
|    clip_fraction        | 0.0121       |
|    clip_range           | 0.2          |
|    entropy_loss         | -0.178       |
|    explained_variance   | 0.693        |
|    learning_rate        | 0.0003       |
|    loss                 | 1.56         |
|    n_updates            | 2405         |
|    policy_gradient_loss | -0.00609     |
|    value_loss           | 4.18         |
------------------------------------------
-------------------------------------------
| rollout/                |               |
|    ep_len_mean          | 11.2          |
|    ep_rew_mean          | 5             |
| time/                   |               |
|    fps                  | 302           |
|    iterations           | 483           |
|    time_elapsed         | 818           |
|    total_timesteps      | 247296        |
| train/                  |               |
|    approx_kl            | 0.00058787235 |
|    clip_fraction        | 0.00898       |
|    clip_range           | 0.2           |
|    entropy_loss         | -0.155        |
|    explained_variance   | 0.66          |
|    learning_rate        | 0.0003        |
|    loss                 | 2.94          |
|    n_updates            | 2410          |
|    policy_gradient_loss | -0.00441      |
|    value_loss           | 4.63          |
-------------------------------------------
-------------------------------------------
| rollout/                |               |
|    ep_len_mean          | 11            |
|    ep_rew_mean          | 4.74          |
| time/                   |               |
|    fps                  | 302           |
|    iterations           | 484           |
|    time_elapsed         | 820           |
|    total_timesteps      | 247808        |
| train/                  |               |
|    approx_kl            | 0.00013541861 |
|    clip_fraction        | 0             |
|    clip_range           | 0.2           |
|    entropy_loss         | -0.145        |
|    explained_variance   | 0.571         |
|    learning_rate        | 0.0003        |
|    loss                 | 4.21          |
|    n_updates            | 2415          |
|    policy_gradient_loss | -0.00192      |
|    value_loss           | 10.3          |
-------------------------------------------
-------------------------------------------
| rollout/                |               |
|    ep_len_mean          | 10.8          |
|    ep_rew_mean          | 4.92          |
| time/                   |               |
|    fps                  | 302           |
|    iterations           | 485           |
|    time_elapsed         | 821           |
|    total_timesteps      | 248320        |
| train/                  |               |
|    approx_kl            | 0.00014367764 |
|    clip_fraction        | 0.00195       |
|    clip_range           | 0.2           |
|    entropy_loss         | -0.189        |
|    explained_variance   | 0.492         |
|    learning_rate        | 0.0003        |
|    loss                 | 3.01          |
|    n_updates            | 2420          |
|    policy_gradient_loss | -0.00222      |
|    value_loss           | 7.47          |
-------------------------------------------
------------------------------------------
| rollout/                |              |
|    ep_len_mean          | 11.9         |
|    ep_rew_mean          | 5.99         |
| time/                   |              |
|    fps                  | 302          |
|    iterations           | 486          |
|    time_elapsed         | 823          |
|    total_timesteps      | 248832       |
| train/                  |              |
|    approx_kl            | 0.0011025621 |
|    clip_fraction        | 0.0152       |
|    clip_range           | 0.2          |
|    entropy_loss         | -0.113       |
|    explained_variance   | 0.671        |
|    learning_rate        | 0.0003       |
|    loss                 | 3.39         |
|    n_updates            | 2425         |
|    policy_gradient_loss | -0.00471     |
|    value_loss           | 6.87         |
------------------------------------------
------------------------------------------
| rollout/                |              |
|    ep_len_mean          | 13.3         |
|    ep_rew_mean          | 6.47         |
| time/                   |              |
|    fps                  | 302          |
|    iterations           | 487          |
|    time_elapsed         | 824          |
|    total_timesteps      | 249344       |
| train/                  |              |
|    approx_kl            | 0.0005365662 |
|    clip_fraction        | 0.00508      |
|    clip_range           | 0.2          |
|    entropy_loss         | -0.111       |
|    explained_variance   | 0.677        |
|    learning_rate        | 0.0003       |
|    loss                 | 2.02         |
|    n_updates            | 2430         |
|    policy_gradient_loss | -0.00424     |
|    value_loss           | 4.57         |
------------------------------------------
------------------------------------------
| rollout/                |              |
|    ep_len_mean          | 13.3         |
|    ep_rew_mean          | 5.7          |
| time/                   |              |
|    fps                  | 302          |
|    iterations           | 488          |
|    time_elapsed         | 826          |
|    total_timesteps      | 249856       |
| train/                  |              |
|    approx_kl            | 0.0005674684 |
|    clip_fraction        | 0.0102       |
|    clip_range           | 0.2          |
|    entropy_loss         | -0.102       |
|    explained_variance   | 0.706        |
|    learning_rate        | 0.0003       |
|    loss                 | 2.5          |
|    n_updates            | 2435         |
|    policy_gradient_loss | -0.00377     |
|    value_loss           | 5.03         |
------------------------------------------
-----------------------------------------
| rollout/                |             |
|    ep_len_mean          | 13.9        |
|    ep_rew_mean          | 6.1         |
| time/                   |             |
|    fps                  | 302         |
|    iterations           | 489         |
|    time_elapsed         | 828         |
|    total_timesteps      | 250368      |
| train/                  |             |
|    approx_kl            | 0.006079144 |
|    clip_fraction        | 0.052       |
|    clip_range           | 0.2         |
|    entropy_loss         | -0.195      |
|    explained_variance   | 0.605       |
|    learning_rate        | 0.0003      |
|    loss                 | 2.8         |
|    n_updates            | 2440        |
|    policy_gradient_loss | 0.00591     |
|    value_loss           | 6.1         |
-----------------------------------------
-------------------------------------------
| rollout/                |               |
|    ep_len_mean          | 12.7          |
|    ep_rew_mean          | 5.62          |
| time/                   |               |
|    fps                  | 302           |
|    iterations           | 490           |
|    time_elapsed         | 829           |
|    total_timesteps      | 250880        |
| train/                  |               |
|    approx_kl            | 0.00089522434 |
|    clip_fraction        | 0.0187        |
|    clip_range           | 0.2           |
|    entropy_loss         | -0.122        |
|    explained_variance   | 0.615         |
|    learning_rate        | 0.0003        |
|    loss                 | 2.21          |
|    n_updates            | 2445          |
|    policy_gradient_loss | -0.00828      |
|    value_loss           | 5.21          |
-------------------------------------------
------------------------------------------
| rollout/                |              |
|    ep_len_mean          | 12.9         |
|    ep_rew_mean          | 6.37         |
| time/                   |              |
|    fps                  | 302          |
|    iterations           | 491          |
|    time_elapsed         | 831          |
|    total_timesteps      | 251392       |
| train/                  |              |
|    approx_kl            | 0.0010390729 |
|    clip_fraction        | 0.00313      |
|    clip_range           | 0.2          |
|    entropy_loss         | -0.126       |
|    explained_variance   | 0.661        |
|    learning_rate        | 0.0003       |
|    loss                 | 3.51         |
|    n_updates            | 2450         |
|    policy_gradient_loss | -0.000299    |
|    value_loss           | 6.21         |
------------------------------------------
------------------------------------------
| rollout/                |              |
|    ep_len_mean          | 13.2         |
|    ep_rew_mean          | 6.2          |
| time/                   |              |
|    fps                  | 302          |
|    iterations           | 492          |
|    time_elapsed         | 833          |
|    total_timesteps      | 251904       |
| train/                  |              |
|    approx_kl            | 0.0018227322 |
|    clip_fraction        | 0.0219       |
|    clip_range           | 0.2          |
|    entropy_loss         | -0.0942      |
|    explained_variance   | 0.647        |
|    learning_rate        | 0.0003       |
|    loss                 | 2.07         |
|    n_updates            | 2455         |
|    policy_gradient_loss | -0.00445     |
|    value_loss           | 4.45         |
------------------------------------------
------------------------------------------
| rollout/                |              |
|    ep_len_mean          | 11.9         |
|    ep_rew_mean          | 5.12         |
| time/                   |              |
|    fps                  | 302          |
|    iterations           | 493          |
|    time_elapsed         | 834          |
|    total_timesteps      | 252416       |
| train/                  |              |
|    approx_kl            | 0.0012934816 |
|    clip_fraction        | 0.00859      |
|    clip_range           | 0.2          |
|    entropy_loss         | -0.119       |
|    explained_variance   | 0.659        |
|    learning_rate        | 0.0003       |
|    loss                 | 2.43         |
|    n_updates            | 2460         |
|    policy_gradient_loss | -0.00474     |
|    value_loss           | 4.2          |
------------------------------------------
-------------------------------------------
| rollout/                |               |
|    ep_len_mean          | 12.4          |
|    ep_rew_mean          | 5.42          |
| time/                   |               |
|    fps                  | 302           |
|    iterations           | 494           |
|    time_elapsed         | 836           |
|    total_timesteps      | 252928        |
| train/                  |               |
|    approx_kl            | 0.00028773886 |
|    clip_fraction        | 0.00156       |
|    clip_range           | 0.2           |
|    entropy_loss         | -0.121        |
|    explained_variance   | 0.676         |
|    learning_rate        | 0.0003        |
|    loss                 | 1.38          |
|    n_updates            | 2465          |
|    policy_gradient_loss | -0.00131      |
|    value_loss           | 4.24          |
-------------------------------------------
-------------------------------------------
| rollout/                |               |
|    ep_len_mean          | 12.7          |
|    ep_rew_mean          | 5.65          |
| time/                   |               |
|    fps                  | 302           |
|    iterations           | 495           |
|    time_elapsed         | 838           |
|    total_timesteps      | 253440        |
| train/                  |               |
|    approx_kl            | 0.00016485126 |
|    clip_fraction        | 0.00781       |
|    clip_range           | 0.2           |
|    entropy_loss         | -0.072        |
|    explained_variance   | 0.718         |
|    learning_rate        | 0.0003        |
|    loss                 | 1.54          |
|    n_updates            | 2470          |
|    policy_gradient_loss | -0.00246      |
|    value_loss           | 4.28          |
-------------------------------------------
------------------------------------------
| rollout/                |              |
|    ep_len_mean          | 11.3         |
|    ep_rew_mean          | 5.06         |
| time/                   |              |
|    fps                  | 302          |
|    iterations           | 496          |
|    time_elapsed         | 839          |
|    total_timesteps      | 253952       |
| train/                  |              |
|    approx_kl            | 0.0011364985 |
|    clip_fraction        | 0.0164       |
|    clip_range           | 0.2          |
|    entropy_loss         | -0.135       |
|    explained_variance   | 0.613        |
|    learning_rate        | 0.0003       |
|    loss                 | 2.7          |
|    n_updates            | 2475         |
|    policy_gradient_loss | -8.83e-05    |
|    value_loss           | 4.79         |
------------------------------------------
------------------------------------------
| rollout/                |              |
|    ep_len_mean          | 10.2         |
|    ep_rew_mean          | 4.68         |
| time/                   |              |
|    fps                  | 302          |
|    iterations           | 497          |
|    time_elapsed         | 841          |
|    total_timesteps      | 254464       |
| train/                  |              |
|    approx_kl            | 0.0018171915 |
|    clip_fraction        | 0.0383       |
|    clip_range           | 0.2          |
|    entropy_loss         | -0.109       |
|    explained_variance   | 0.535        |
|    learning_rate        | 0.0003       |
|    loss                 | 2.57         |
|    n_updates            | 2480         |
|    policy_gradient_loss | -0.00678     |
|    value_loss           | 6.09         |
------------------------------------------
-------------------------------------------
| rollout/                |               |
|    ep_len_mean          | 11.2          |
|    ep_rew_mean          | 5.44          |
| time/                   |               |
|    fps                  | 302           |
|    iterations           | 498           |
|    time_elapsed         | 843           |
|    total_timesteps      | 254976        |
| train/                  |               |
|    approx_kl            | 0.00059907173 |
|    clip_fraction        | 0.00898       |
|    clip_range           | 0.2           |
|    entropy_loss         | -0.106        |
|    explained_variance   | 0.664         |
|    learning_rate        | 0.0003        |
|    loss                 | 2.49          |
|    n_updates            | 2485          |
|    policy_gradient_loss | -0.00375      |
|    value_loss           | 5.46          |
-------------------------------------------
-----------------------------------------
| rollout/                |             |
|    ep_len_mean          | 11.8        |
|    ep_rew_mean          | 5.38        |
| time/                   |             |
|    fps                  | 302         |
|    iterations           | 499         |
|    time_elapsed         | 844         |
|    total_timesteps      | 255488      |
| train/                  |             |
|    approx_kl            | 0.001362544 |
|    clip_fraction        | 0.0164      |
|    clip_range           | 0.2         |
|    entropy_loss         | -0.103      |
|    explained_variance   | 0.641       |
|    learning_rate        | 0.0003      |
|    loss                 | 2.76        |
|    n_updates            | 2490        |
|    policy_gradient_loss | 0.000494    |
|    value_loss           | 6.63        |
-----------------------------------------
------------------------------------------
| rollout/                |              |
|    ep_len_mean          | 12.4         |
|    ep_rew_mean          | 5.49         |
| time/                   |              |
|    fps                  | 302          |
|    iterations           | 500          |
|    time_elapsed         | 846          |
|    total_timesteps      | 256000       |
| train/                  |              |
|    approx_kl            | 0.0017400514 |
|    clip_fraction        | 0.0258       |
|    clip_range           | 0.2          |
|    entropy_loss         | -0.118       |
|    explained_variance   | 0.632        |
|    learning_rate        | 0.0003       |
|    loss                 | 2.45         |
|    n_updates            | 2495         |
|    policy_gradient_loss | 0.000878     |
|    value_loss           | 5.19         |
------------------------------------------
-----------------------------------------
| rollout/                |             |
|    ep_len_mean          | 12.7        |
|    ep_rew_mean          | 5.88        |
| time/                   |             |
|    fps                  | 302         |
|    iterations           | 501         |
|    time_elapsed         | 848         |
|    total_timesteps      | 256512      |
| train/                  |             |
|    approx_kl            | 0.007947394 |
|    clip_fraction        | 0.0629      |
|    clip_range           | 0.2         |
|    entropy_loss         | -0.14       |
|    explained_variance   | 0.614       |
|    learning_rate        | 0.0003      |
|    loss                 | 4.62        |
|    n_updates            | 2500        |
|    policy_gradient_loss | 0.00288     |
|    value_loss           | 7.16        |
-----------------------------------------
-------------------------------------------
| rollout/                |               |
|    ep_len_mean          | 12.4          |
|    ep_rew_mean          | 6.04          |
| time/                   |               |
|    fps                  | 302           |
|    iterations           | 502           |
|    time_elapsed         | 849           |
|    total_timesteps      | 257024        |
| train/                  |               |
|    approx_kl            | 0.00090355385 |
|    clip_fraction        | 0.00937       |
|    clip_range           | 0.2           |
|    entropy_loss         | -0.0823       |
|    explained_variance   | 0.696         |
|    learning_rate        | 0.0003        |
|    loss                 | 4.25          |
|    n_updates            | 2505          |
|    policy_gradient_loss | -0.00298      |
|    value_loss           | 7.54          |
-------------------------------------------
------------------------------------------
| rollout/                |              |
|    ep_len_mean          | 11.3         |
|    ep_rew_mean          | 5.61         |
| time/                   |              |
|    fps                  | 302          |
|    iterations           | 503          |
|    time_elapsed         | 851          |
|    total_timesteps      | 257536       |
| train/                  |              |
|    approx_kl            | 0.0003595912 |
|    clip_fraction        | 0.00703      |
|    clip_range           | 0.2          |
|    entropy_loss         | -0.135       |
|    explained_variance   | 0.63         |
|    learning_rate        | 0.0003       |
|    loss                 | 2.97         |
|    n_updates            | 2510         |
|    policy_gradient_loss | -0.00106     |
|    value_loss           | 5.91         |
------------------------------------------
-------------------------------------------
| rollout/                |               |
|    ep_len_mean          | 13            |
|    ep_rew_mean          | 6.38          |
| time/                   |               |
|    fps                  | 302           |
|    iterations           | 504           |
|    time_elapsed         | 853           |
|    total_timesteps      | 258048        |
| train/                  |               |
|    approx_kl            | 0.00062557345 |
|    clip_fraction        | 0.0172        |
|    clip_range           | 0.2           |
|    entropy_loss         | -0.0805       |
|    explained_variance   | 0.616         |
|    learning_rate        | 0.0003        |
|    loss                 | 2.95          |
|    n_updates            | 2515          |
|    policy_gradient_loss | -0.00733      |
|    value_loss           | 5.38          |
-------------------------------------------
-----------------------------------------
| rollout/                |             |
|    ep_len_mean          | 13.5        |
|    ep_rew_mean          | 6.53        |
| time/                   |             |
|    fps                  | 302         |
|    iterations           | 505         |
|    time_elapsed         | 855         |
|    total_timesteps      | 258560      |
| train/                  |             |
|    approx_kl            | 0.001393257 |
|    clip_fraction        | 0.0246      |
|    clip_range           | 0.2         |
|    entropy_loss         | -0.116      |
|    explained_variance   | 0.73        |
|    learning_rate        | 0.0003      |
|    loss                 | 4.59        |
|    n_updates            | 2520        |
|    policy_gradient_loss | -0.00855    |
|    value_loss           | 5.81        |
-----------------------------------------
-------------------------------------------
| rollout/                |               |
|    ep_len_mean          | 13.4          |
|    ep_rew_mean          | 6.57          |
| time/                   |               |
|    fps                  | 302           |
|    iterations           | 506           |
|    time_elapsed         | 856           |
|    total_timesteps      | 259072        |
| train/                  |               |
|    approx_kl            | 0.00030947977 |
|    clip_fraction        | 0.0129        |
|    clip_range           | 0.2           |
|    entropy_loss         | -0.106        |
|    explained_variance   | 0.623         |
|    learning_rate        | 0.0003        |
|    loss                 | 3.34          |
|    n_updates            | 2525          |
|    policy_gradient_loss | -0.00375      |
|    value_loss           | 6.61          |
-------------------------------------------
------------------------------------------
| rollout/                |              |
|    ep_len_mean          | 13.1         |
|    ep_rew_mean          | 5.78         |
| time/                   |              |
|    fps                  | 302          |
|    iterations           | 507          |
|    time_elapsed         | 858          |
|    total_timesteps      | 259584       |
| train/                  |              |
|    approx_kl            | 0.0013015106 |
|    clip_fraction        | 0.0121       |
|    clip_range           | 0.2          |
|    entropy_loss         | -0.0656      |
|    explained_variance   | 0.663        |
|    learning_rate        | 0.0003       |
|    loss                 | 2.92         |
|    n_updates            | 2530         |
|    policy_gradient_loss | -0.00383     |
|    value_loss           | 5.71         |
------------------------------------------
-------------------------------------------
| rollout/                |               |
|    ep_len_mean          | 11.5          |
|    ep_rew_mean          | 4.82          |
| time/                   |               |
|    fps                  | 302           |
|    iterations           | 508           |
|    time_elapsed         | 860           |
|    total_timesteps      | 260096        |
| train/                  |               |
|    approx_kl            | 0.00040147244 |
|    clip_fraction        | 0.00117       |
|    clip_range           | 0.2           |
|    entropy_loss         | -0.13         |
|    explained_variance   | 0.476         |
|    learning_rate        | 0.0003        |
|    loss                 | 3.78          |
|    n_updates            | 2535          |
|    policy_gradient_loss | 0.00102       |
|    value_loss           | 7.1           |
-------------------------------------------
------------------------------------------
| rollout/                |              |
|    ep_len_mean          | 11.7         |
|    ep_rew_mean          | 5.24         |
| time/                   |              |
|    fps                  | 302          |
|    iterations           | 509          |
|    time_elapsed         | 861          |
|    total_timesteps      | 260608       |
| train/                  |              |
|    approx_kl            | 0.0040553734 |
|    clip_fraction        | 0.0262       |
|    clip_range           | 0.2          |
|    entropy_loss         | -0.15        |
|    explained_variance   | 0.74         |
|    learning_rate        | 0.0003       |
|    loss                 | 1.67         |
|    n_updates            | 2540         |
|    policy_gradient_loss | 0.00588      |
|    value_loss           | 4.1          |
------------------------------------------
------------------------------------------
| rollout/                |              |
|    ep_len_mean          | 11.8         |
|    ep_rew_mean          | 5.38         |
| time/                   |              |
|    fps                  | 302          |
|    iterations           | 510          |
|    time_elapsed         | 863          |
|    total_timesteps      | 261120       |
| train/                  |              |
|    approx_kl            | 0.0022062492 |
|    clip_fraction        | 0.0152       |
|    clip_range           | 0.2          |
|    entropy_loss         | -0.11        |
|    explained_variance   | 0.681        |
|    learning_rate        | 0.0003       |
|    loss                 | 2.4          |
|    n_updates            | 2545         |
|    policy_gradient_loss | -0.00182     |
|    value_loss           | 4.29         |
------------------------------------------
-----------------------------------------
| rollout/                |             |
|    ep_len_mean          | 13.3        |
|    ep_rew_mean          | 6.04        |
| time/                   |             |
|    fps                  | 302         |
|    iterations           | 511         |
|    time_elapsed         | 865         |
|    total_timesteps      | 261632      |
| train/                  |             |
|    approx_kl            | 0.000923986 |
|    clip_fraction        | 0.0133      |
|    clip_range           | 0.2         |
|    entropy_loss         | -0.0734     |
|    explained_variance   | 0.61        |
|    learning_rate        | 0.0003      |
|    loss                 | 2.72        |
|    n_updates            | 2550        |
|    policy_gradient_loss | -0.00503    |
|    value_loss           | 5.82        |
-----------------------------------------
------------------------------------------
| rollout/                |              |
|    ep_len_mean          | 13.8         |
|    ep_rew_mean          | 6.13         |
| time/                   |              |
|    fps                  | 302          |
|    iterations           | 512          |
|    time_elapsed         | 866          |
|    total_timesteps      | 262144       |
| train/                  |              |
|    approx_kl            | 0.0029388554 |
|    clip_fraction        | 0.00781      |
|    clip_range           | 0.2          |
|    entropy_loss         | -0.0944      |
|    explained_variance   | 0.699        |
|    learning_rate        | 0.0003       |
|    loss                 | 2.44         |
|    n_updates            | 2555         |
|    policy_gradient_loss | -0.000372    |
|    value_loss           | 5.09         |
------------------------------------------
------------------------------------------
| rollout/                |              |
|    ep_len_mean          | 14.8         |
|    ep_rew_mean          | 6.38         |
| time/                   |              |
|    fps                  | 302          |
|    iterations           | 513          |
|    time_elapsed         | 868          |
|    total_timesteps      | 262656       |
| train/                  |              |
|    approx_kl            | 0.0024846212 |
|    clip_fraction        | 0.0168       |
|    clip_range           | 0.2          |
|    entropy_loss         | -0.115       |
|    explained_variance   | 0.524        |
|    learning_rate        | 0.0003       |
|    loss                 | 2.69         |
|    n_updates            | 2560         |
|    policy_gradient_loss | -0.00237     |
|    value_loss           | 4.62         |
------------------------------------------
-------------------------------------------
| rollout/                |               |
|    ep_len_mean          | 13.3          |
|    ep_rew_mean          | 5.51          |
| time/                   |               |
|    fps                  | 302           |
|    iterations           | 514           |
|    time_elapsed         | 870           |
|    total_timesteps      | 263168        |
| train/                  |               |
|    approx_kl            | 0.00077463716 |
|    clip_fraction        | 0.00664       |
|    clip_range           | 0.2           |
|    entropy_loss         | -0.0972       |
|    explained_variance   | 0.679         |
|    learning_rate        | 0.0003        |
|    loss                 | 1.85          |
|    n_updates            | 2565          |
|    policy_gradient_loss | -0.00286      |
|    value_loss           | 3.96          |
-------------------------------------------
------------------------------------------
| rollout/                |              |
|    ep_len_mean          | 13.2         |
|    ep_rew_mean          | 5.56         |
| time/                   |              |
|    fps                  | 302          |
|    iterations           | 515          |
|    time_elapsed         | 871          |
|    total_timesteps      | 263680       |
| train/                  |              |
|    approx_kl            | 0.0011031107 |
|    clip_fraction        | 0.0137       |
|    clip_range           | 0.2          |
|    entropy_loss         | -0.146       |
|    explained_variance   | 0.596        |
|    learning_rate        | 0.0003       |
|    loss                 | 2.51         |
|    n_updates            | 2570         |
|    policy_gradient_loss | 0.00183      |
|    value_loss           | 4.22         |
------------------------------------------
-----------------------------------------
| rollout/                |             |
|    ep_len_mean          | 13.4        |
|    ep_rew_mean          | 6.03        |
| time/                   |             |
|    fps                  | 302         |
|    iterations           | 516         |
|    time_elapsed         | 873         |
|    total_timesteps      | 264192      |
| train/                  |             |
|    approx_kl            | 0.003233626 |
|    clip_fraction        | 0.0105      |
|    clip_range           | 0.2         |
|    entropy_loss         | -0.126      |
|    explained_variance   | 0.551       |
|    learning_rate        | 0.0003      |
|    loss                 | 4.52        |
|    n_updates            | 2575        |
|    policy_gradient_loss | 0.00103     |
|    value_loss           | 6.27        |
-----------------------------------------
------------------------------------------
| rollout/                |              |
|    ep_len_mean          | 14.3         |
|    ep_rew_mean          | 6.69         |
| time/                   |              |
|    fps                  | 301          |
|    iterations           | 517          |
|    time_elapsed         | 876          |
|    total_timesteps      | 264704       |
| train/                  |              |
|    approx_kl            | 0.0008227678 |
|    clip_fraction        | 0.0121       |
|    clip_range           | 0.2          |
|    entropy_loss         | -0.0643      |
|    explained_variance   | 0.824        |
|    learning_rate        | 0.0003       |
|    loss                 | 1.05         |
|    n_updates            | 2580         |
|    policy_gradient_loss | -0.005       |
|    value_loss           | 2.54         |
------------------------------------------
------------------------------------------
| rollout/                |              |
|    ep_len_mean          | 14.3         |
|    ep_rew_mean          | 6.64         |
| time/                   |              |
|    fps                  | 301          |
|    iterations           | 518          |
|    time_elapsed         | 878          |
|    total_timesteps      | 265216       |
| train/                  |              |
|    approx_kl            | 0.0007510374 |
|    clip_fraction        | 0.00547      |
|    clip_range           | 0.2          |
|    entropy_loss         | -0.0739      |
|    explained_variance   | 0.743        |
|    learning_rate        | 0.0003       |
|    loss                 | 1.96         |
|    n_updates            | 2585         |
|    policy_gradient_loss | 0.00118      |
|    value_loss           | 3.66         |
------------------------------------------
----------------------------------------
| rollout/                |            |
|    ep_len_mean          | 11.4       |
|    ep_rew_mean          | 5.06       |
| time/                   |            |
|    fps                  | 301        |
|    iterations           | 519        |
|    time_elapsed         | 880        |
|    total_timesteps      | 265728     |
| train/                  |            |
|    approx_kl            | 0.03145402 |
|    clip_fraction        | 0.077      |
|    clip_range           | 0.2        |
|    entropy_loss         | -0.166     |
|    explained_variance   | 0.667      |
|    learning_rate        | 0.0003     |
|    loss                 | 3.57       |
|    n_updates            | 2590       |
|    policy_gradient_loss | -0.000212  |
|    value_loss           | 8.08       |
----------------------------------------
------------------------------------------
| rollout/                |              |
|    ep_len_mean          | 10.2         |
|    ep_rew_mean          | 4.86         |
| time/                   |              |
|    fps                  | 301          |
|    iterations           | 520          |
|    time_elapsed         | 882          |
|    total_timesteps      | 266240       |
| train/                  |              |
|    approx_kl            | 0.0028814713 |
|    clip_fraction        | 0.0672       |
|    clip_range           | 0.2          |
|    entropy_loss         | -0.161       |
|    explained_variance   | 0.598        |
|    learning_rate        | 0.0003       |
|    loss                 | 2.07         |
|    n_updates            | 2595         |
|    policy_gradient_loss | -0.0156      |
|    value_loss           | 5.14         |
------------------------------------------
-------------------------------------------
| rollout/                |               |
|    ep_len_mean          | 10.5          |
|    ep_rew_mean          | 5.21          |
| time/                   |               |
|    fps                  | 301           |
|    iterations           | 521           |
|    time_elapsed         | 883           |
|    total_timesteps      | 266752        |
| train/                  |               |
|    approx_kl            | 0.00023028924 |
|    clip_fraction        | 0.00859       |
|    clip_range           | 0.2           |
|    entropy_loss         | -0.121        |
|    explained_variance   | 0.717         |
|    learning_rate        | 0.0003        |
|    loss                 | 2.44          |
|    n_updates            | 2600          |
|    policy_gradient_loss | -0.00303      |
|    value_loss           | 4.65          |
-------------------------------------------
------------------------------------------
| rollout/                |              |
|    ep_len_mean          | 11.5         |
|    ep_rew_mean          | 5.68         |
| time/                   |              |
|    fps                  | 301          |
|    iterations           | 522          |
|    time_elapsed         | 885          |
|    total_timesteps      | 267264       |
| train/                  |              |
|    approx_kl            | 0.0012218923 |
|    clip_fraction        | 0.023        |
|    clip_range           | 0.2          |
|    entropy_loss         | -0.118       |
|    explained_variance   | 0.631        |
|    learning_rate        | 0.0003       |
|    loss                 | 2.28         |
|    n_updates            | 2605         |
|    policy_gradient_loss | -0.00791     |
|    value_loss           | 5.02         |
------------------------------------------
------------------------------------------
| rollout/                |              |
|    ep_len_mean          | 13.2         |
|    ep_rew_mean          | 6.61         |
| time/                   |              |
|    fps                  | 300          |
|    iterations           | 523          |
|    time_elapsed         | 889          |
|    total_timesteps      | 267776       |
| train/                  |              |
|    approx_kl            | 0.0008530912 |
|    clip_fraction        | 0.00937      |
|    clip_range           | 0.2          |
|    entropy_loss         | -0.0805      |
|    explained_variance   | 0.675        |
|    learning_rate        | 0.0003       |
|    loss                 | 2.81         |
|    n_updates            | 2610         |
|    policy_gradient_loss | -0.00223     |
|    value_loss           | 6            |
------------------------------------------
------------------------------------------
| rollout/                |              |
|    ep_len_mean          | 11.9         |
|    ep_rew_mean          | 6.02         |
| time/                   |              |
|    fps                  | 300          |
|    iterations           | 524          |
|    time_elapsed         | 893          |
|    total_timesteps      | 268288       |
| train/                  |              |
|    approx_kl            | 0.0025720878 |
|    clip_fraction        | 0.0152       |
|    clip_range           | 0.2          |
|    entropy_loss         | -0.129       |
|    explained_variance   | 0.709        |
|    learning_rate        | 0.0003       |
|    loss                 | 2.55         |
|    n_updates            | 2615         |
|    policy_gradient_loss | 0.00222      |
|    value_loss           | 4.91         |
------------------------------------------
------------------------------------------
| rollout/                |              |
|    ep_len_mean          | 11.2         |
|    ep_rew_mean          | 5.59         |
| time/                   |              |
|    fps                  | 299          |
|    iterations           | 525          |
|    time_elapsed         | 897          |
|    total_timesteps      | 268800       |
| train/                  |              |
|    approx_kl            | 0.0013313412 |
|    clip_fraction        | 0.0168       |
|    clip_range           | 0.2          |
|    entropy_loss         | -0.129       |
|    explained_variance   | 0.744        |
|    learning_rate        | 0.0003       |
|    loss                 | 2.83         |
|    n_updates            | 2620         |
|    policy_gradient_loss | 0.000775     |
|    value_loss           | 5.41         |
------------------------------------------
------------------------------------------
| rollout/                |              |
|    ep_len_mean          | 12.1         |
|    ep_rew_mean          | 5.84         |
| time/                   |              |
|    fps                  | 298          |
|    iterations           | 526          |
|    time_elapsed         | 901          |
|    total_timesteps      | 269312       |
| train/                  |              |
|    approx_kl            | 0.0016337375 |
|    clip_fraction        | 0.0367       |
|    clip_range           | 0.2          |
|    entropy_loss         | -0.088       |
|    explained_variance   | 0.631        |
|    learning_rate        | 0.0003       |
|    loss                 | 1.64         |
|    n_updates            | 2625         |
|    policy_gradient_loss | -0.0112      |
|    value_loss           | 4.47         |
------------------------------------------
-----------------------------------------
| rollout/                |             |
|    ep_len_mean          | 11          |
|    ep_rew_mean          | 5.08        |
| time/                   |             |
|    fps                  | 297         |
|    iterations           | 527         |
|    time_elapsed         | 905         |
|    total_timesteps      | 269824      |
| train/                  |             |
|    approx_kl            | 0.002170867 |
|    clip_fraction        | 0.00664     |
|    clip_range           | 0.2         |
|    entropy_loss         | -0.121      |
|    explained_variance   | 0.619       |
|    learning_rate        | 0.0003      |
|    loss                 | 3.58        |
|    n_updates            | 2630        |
|    policy_gradient_loss | -0.00015    |
|    value_loss           | 6.47        |
-----------------------------------------
------------------------------------------
| rollout/                |              |
|    ep_len_mean          | 8.85         |
|    ep_rew_mean          | 3.94         |
| time/                   |              |
|    fps                  | 297          |
|    iterations           | 528          |
|    time_elapsed         | 910          |
|    total_timesteps      | 270336       |
| train/                  |              |
|    approx_kl            | 0.0015205385 |
|    clip_fraction        | 0.0219       |
|    clip_range           | 0.2          |
|    entropy_loss         | -0.125       |
|    explained_variance   | 0.54         |
|    learning_rate        | 0.0003       |
|    loss                 | 3.27         |
|    n_updates            | 2635         |
|    policy_gradient_loss | -0.00665     |
|    value_loss           | 7.27         |
------------------------------------------
------------------------------------------
| rollout/                |              |
|    ep_len_mean          | 10.8         |
|    ep_rew_mean          | 4.75         |
| time/                   |              |
|    fps                  | 296          |
|    iterations           | 529          |
|    time_elapsed         | 914          |
|    total_timesteps      | 270848       |
| train/                  |              |
|    approx_kl            | 0.0009905491 |
|    clip_fraction        | 0.0242       |
|    clip_range           | 0.2          |
|    entropy_loss         | -0.12        |
|    explained_variance   | 0.542        |
|    learning_rate        | 0.0003       |
|    loss                 | 2.86         |
|    n_updates            | 2640         |
|    policy_gradient_loss | -0.00782     |
|    value_loss           | 6.11         |
------------------------------------------
------------------------------------------
| rollout/                |              |
|    ep_len_mean          | 10.3         |
|    ep_rew_mean          | 4.37         |
| time/                   |              |
|    fps                  | 295          |
|    iterations           | 530          |
|    time_elapsed         | 918          |
|    total_timesteps      | 271360       |
| train/                  |              |
|    approx_kl            | 0.0053461455 |
|    clip_fraction        | 0.0199       |
|    clip_range           | 0.2          |
|    entropy_loss         | -0.101       |
|    explained_variance   | 0.555        |
|    learning_rate        | 0.0003       |
|    loss                 | 3.42         |
|    n_updates            | 2645         |
|    policy_gradient_loss | 0.00178      |
|    value_loss           | 5.62         |
------------------------------------------
-----------------------------------------
| rollout/                |             |
|    ep_len_mean          | 10.8        |
|    ep_rew_mean          | 5.01        |
| time/                   |             |
|    fps                  | 294         |
|    iterations           | 531         |
|    time_elapsed         | 922         |
|    total_timesteps      | 271872      |
| train/                  |             |
|    approx_kl            | 0.004409965 |
|    clip_fraction        | 0.0223      |
|    clip_range           | 0.2         |
|    entropy_loss         | -0.139      |
|    explained_variance   | 0.607       |
|    learning_rate        | 0.0003      |
|    loss                 | 2.11        |
|    n_updates            | 2650        |
|    policy_gradient_loss | -0.00685    |
|    value_loss           | 3.63        |
-----------------------------------------
------------------------------------------
| rollout/                |              |
|    ep_len_mean          | 11.7         |
|    ep_rew_mean          | 5.59         |
| time/                   |              |
|    fps                  | 294          |
|    iterations           | 532          |
|    time_elapsed         | 925          |
|    total_timesteps      | 272384       |
| train/                  |              |
|    approx_kl            | 0.0025060035 |
|    clip_fraction        | 0.0172       |
|    clip_range           | 0.2          |
|    entropy_loss         | -0.112       |
|    explained_variance   | 0.693        |
|    learning_rate        | 0.0003       |
|    loss                 | 1.2          |
|    n_updates            | 2655         |
|    policy_gradient_loss | -0.00532     |
|    value_loss           | 3.55         |
------------------------------------------
------------------------------------------
| rollout/                |              |
|    ep_len_mean          | 13.8         |
|    ep_rew_mean          | 6.98         |
| time/                   |              |
|    fps                  | 293          |
|    iterations           | 533          |
|    time_elapsed         | 929          |
|    total_timesteps      | 272896       |
| train/                  |              |
|    approx_kl            | 0.0017234939 |
|    clip_fraction        | 0.0262       |
|    clip_range           | 0.2          |
|    entropy_loss         | -0.122       |
|    explained_variance   | 0.66         |
|    learning_rate        | 0.0003       |
|    loss                 | 1.98         |
|    n_updates            | 2660         |
|    policy_gradient_loss | -0.00153     |
|    value_loss           | 4.18         |
------------------------------------------
------------------------------------------
| rollout/                |              |
|    ep_len_mean          | 12.4         |
|    ep_rew_mean          | 5.86         |
| time/                   |              |
|    fps                  | 292          |
|    iterations           | 534          |
|    time_elapsed         | 933          |
|    total_timesteps      | 273408       |
| train/                  |              |
|    approx_kl            | 0.0054385243 |
|    clip_fraction        | 0.0164       |
|    clip_range           | 0.2          |
|    entropy_loss         | -0.103       |
|    explained_variance   | 0.589        |
|    learning_rate        | 0.0003       |
|    loss                 | 5.33         |
|    n_updates            | 2665         |
|    policy_gradient_loss | -0.000128    |
|    value_loss           | 13.9         |
------------------------------------------
------------------------------------------
| rollout/                |              |
|    ep_len_mean          | 9.84         |
|    ep_rew_mean          | 4.65         |
| time/                   |              |
|    fps                  | 292          |
|    iterations           | 535          |
|    time_elapsed         | 937          |
|    total_timesteps      | 273920       |
| train/                  |              |
|    approx_kl            | 0.0012614542 |
|    clip_fraction        | 0.0152       |
|    clip_range           | 0.2          |
|    entropy_loss         | -0.153       |
|    explained_variance   | 0.539        |
|    learning_rate        | 0.0003       |
|    loss                 | 3.38         |
|    n_updates            | 2670         |
|    policy_gradient_loss | 0.00476      |
|    value_loss           | 9.92         |
------------------------------------------
-----------------------------------------
| rollout/                |             |
|    ep_len_mean          | 10.2        |
|    ep_rew_mean          | 5.04        |
| time/                   |             |
|    fps                  | 291         |
|    iterations           | 536         |
|    time_elapsed         | 941         |
|    total_timesteps      | 274432      |
| train/                  |             |
|    approx_kl            | 0.003410052 |
|    clip_fraction        | 0.0289      |
|    clip_range           | 0.2         |
|    entropy_loss         | -0.0849     |
|    explained_variance   | 0.624       |
|    learning_rate        | 0.0003      |
|    loss                 | 3.93        |
|    n_updates            | 2675        |
|    policy_gradient_loss | -0.00716    |
|    value_loss           | 6.54        |
-----------------------------------------
------------------------------------------
| rollout/                |              |
|    ep_len_mean          | 11           |
|    ep_rew_mean          | 5.42         |
| time/                   |              |
|    fps                  | 290          |
|    iterations           | 537          |
|    time_elapsed         | 945          |
|    total_timesteps      | 274944       |
| train/                  |              |
|    approx_kl            | 0.0003307353 |
|    clip_fraction        | 0.00391      |
|    clip_range           | 0.2          |
|    entropy_loss         | -0.0888      |
|    explained_variance   | 0.554        |
|    learning_rate        | 0.0003       |
|    loss                 | 3.18         |
|    n_updates            | 2680         |
|    policy_gradient_loss | -0.000651    |
|    value_loss           | 6.27         |
------------------------------------------
------------------------------------------
| rollout/                |              |
|    ep_len_mean          | 11.6         |
|    ep_rew_mean          | 5.73         |
| time/                   |              |
|    fps                  | 290          |
|    iterations           | 538          |
|    time_elapsed         | 949          |
|    total_timesteps      | 275456       |
| train/                  |              |
|    approx_kl            | 0.0009425941 |
|    clip_fraction        | 0.00937      |
|    clip_range           | 0.2          |
|    entropy_loss         | -0.104       |
|    explained_variance   | 0.666        |
|    learning_rate        | 0.0003       |
|    loss                 | 1.8          |
|    n_updates            | 2685         |
|    policy_gradient_loss | -0.00312     |
|    value_loss           | 4.52         |
------------------------------------------
------------------------------------------
| rollout/                |              |
|    ep_len_mean          | 9.98         |
|    ep_rew_mean          | 4.43         |
| time/                   |              |
|    fps                  | 289          |
|    iterations           | 539          |
|    time_elapsed         | 953          |
|    total_timesteps      | 275968       |
| train/                  |              |
|    approx_kl            | 0.0024449597 |
|    clip_fraction        | 0.018        |
|    clip_range           | 0.2          |
|    entropy_loss         | -0.162       |
|    explained_variance   | 0.623        |
|    learning_rate        | 0.0003       |
|    loss                 | 1.6          |
|    n_updates            | 2690         |
|    policy_gradient_loss | -0.00164     |
|    value_loss           | 3.69         |
------------------------------------------
------------------------------------------
| rollout/                |              |
|    ep_len_mean          | 10.6         |
|    ep_rew_mean          | 4.97         |
| time/                   |              |
|    fps                  | 288          |
|    iterations           | 540          |
|    time_elapsed         | 957          |
|    total_timesteps      | 276480       |
| train/                  |              |
|    approx_kl            | 0.0013020524 |
|    clip_fraction        | 0.0168       |
|    clip_range           | 0.2          |
|    entropy_loss         | -0.183       |
|    explained_variance   | 0.424        |
|    learning_rate        | 0.0003       |
|    loss                 | 2.46         |
|    n_updates            | 2695         |
|    policy_gradient_loss | -0.00674     |
|    value_loss           | 7.43         |
------------------------------------------
-------------------------------------------
| rollout/                |               |
|    ep_len_mean          | 11.4          |
|    ep_rew_mean          | 5.44          |
| time/                   |               |
|    fps                  | 287           |
|    iterations           | 541           |
|    time_elapsed         | 961           |
|    total_timesteps      | 276992        |
| train/                  |               |
|    approx_kl            | 3.0620664e-05 |
|    clip_fraction        | 0             |
|    clip_range           | 0.2           |
|    entropy_loss         | -0.15         |
|    explained_variance   | 0.492         |
|    learning_rate        | 0.0003        |
|    loss                 | 4.7           |
|    n_updates            | 2700          |
|    policy_gradient_loss | 0.000171      |
|    value_loss           | 11.4          |
-------------------------------------------
------------------------------------------
| rollout/                |              |
|    ep_len_mean          | 11.3         |
|    ep_rew_mean          | 5.74         |
| time/                   |              |
|    fps                  | 287          |
|    iterations           | 542          |
|    time_elapsed         | 965          |
|    total_timesteps      | 277504       |
| train/                  |              |
|    approx_kl            | 0.0027926909 |
|    clip_fraction        | 0.0215       |
|    clip_range           | 0.2          |
|    entropy_loss         | -0.152       |
|    explained_variance   | 0.565        |
|    learning_rate        | 0.0003       |
|    loss                 | 3.24         |
|    n_updates            | 2705         |
|    policy_gradient_loss | 0.0034       |
|    value_loss           | 6.62         |
------------------------------------------
------------------------------------------
| rollout/                |              |
|    ep_len_mean          | 9.42         |
|    ep_rew_mean          | 4.5          |
| time/                   |              |
|    fps                  | 286          |
|    iterations           | 543          |
|    time_elapsed         | 968          |
|    total_timesteps      | 278016       |
| train/                  |              |
|    approx_kl            | 0.0006844096 |
|    clip_fraction        | 0.00664      |
|    clip_range           | 0.2          |
|    entropy_loss         | -0.138       |
|    explained_variance   | 0.733        |
|    learning_rate        | 0.0003       |
|    loss                 | 3.01         |
|    n_updates            | 2710         |
|    policy_gradient_loss | -0.00363     |
|    value_loss           | 5.52         |
------------------------------------------
------------------------------------------
| rollout/                |              |
|    ep_len_mean          | 10.1         |
|    ep_rew_mean          | 4.58         |
| time/                   |              |
|    fps                  | 286          |
|    iterations           | 544          |
|    time_elapsed         | 972          |
|    total_timesteps      | 278528       |
| train/                  |              |
|    approx_kl            | 0.0015271953 |
|    clip_fraction        | 0.0359       |
|    clip_range           | 0.2          |
|    entropy_loss         | -0.181       |
|    explained_variance   | 0.586        |
|    learning_rate        | 0.0003       |
|    loss                 | 2.41         |
|    n_updates            | 2715         |
|    policy_gradient_loss | -0.00869     |
|    value_loss           | 4.89         |
------------------------------------------
------------------------------------------
| rollout/                |              |
|    ep_len_mean          | 12           |
|    ep_rew_mean          | 5.47         |
| time/                   |              |
|    fps                  | 286          |
|    iterations           | 545          |
|    time_elapsed         | 974          |
|    total_timesteps      | 279040       |
| train/                  |              |
|    approx_kl            | 0.0017773684 |
|    clip_fraction        | 0.00898      |
|    clip_range           | 0.2          |
|    entropy_loss         | -0.145       |
|    explained_variance   | 0.665        |
|    learning_rate        | 0.0003       |
|    loss                 | 2.39         |
|    n_updates            | 2720         |
|    policy_gradient_loss | 5.32e-05     |
|    value_loss           | 5.7          |
------------------------------------------
-----------------------------------------
| rollout/                |             |
|    ep_len_mean          | 11.3        |
|    ep_rew_mean          | 5.37        |
| time/                   |             |
|    fps                  | 285         |
|    iterations           | 546         |
|    time_elapsed         | 977         |
|    total_timesteps      | 279552      |
| train/                  |             |
|    approx_kl            | 0.007626017 |
|    clip_fraction        | 0.0621      |
|    clip_range           | 0.2         |
|    entropy_loss         | -0.165      |
|    explained_variance   | 0.615       |
|    learning_rate        | 0.0003      |
|    loss                 | 3.44        |
|    n_updates            | 2725        |
|    policy_gradient_loss | 0.00196     |
|    value_loss           | 8.31        |
-----------------------------------------
------------------------------------------
| rollout/                |              |
|    ep_len_mean          | 10.4         |
|    ep_rew_mean          | 5.36         |
| time/                   |              |
|    fps                  | 285          |
|    iterations           | 547          |
|    time_elapsed         | 981          |
|    total_timesteps      | 280064       |
| train/                  |              |
|    approx_kl            | 0.0027250405 |
|    clip_fraction        | 0.0383       |
|    clip_range           | 0.2          |
|    entropy_loss         | -0.127       |
|    explained_variance   | 0.57         |
|    learning_rate        | 0.0003       |
|    loss                 | 3.18         |
|    n_updates            | 2730         |
|    policy_gradient_loss | -0.0101      |
|    value_loss           | 6.14         |
------------------------------------------
------------------------------------------
| rollout/                |              |
|    ep_len_mean          | 8.87         |
|    ep_rew_mean          | 4.04         |
| time/                   |              |
|    fps                  | 285          |
|    iterations           | 548          |
|    time_elapsed         | 984          |
|    total_timesteps      | 280576       |
| train/                  |              |
|    approx_kl            | 0.0013267039 |
|    clip_fraction        | 0.0168       |
|    clip_range           | 0.2          |
|    entropy_loss         | -0.158       |
|    explained_variance   | 0.689        |
|    learning_rate        | 0.0003       |
|    loss                 | 2.34         |
|    n_updates            | 2735         |
|    policy_gradient_loss | -0.00559     |
|    value_loss           | 5.23         |
------------------------------------------
-----------------------------------------
| rollout/                |             |
|    ep_len_mean          | 8.29        |
|    ep_rew_mean          | 3.81        |
| time/                   |             |
|    fps                  | 284         |
|    iterations           | 549         |
|    time_elapsed         | 987         |
|    total_timesteps      | 281088      |
| train/                  |             |
|    approx_kl            | 0.002051673 |
|    clip_fraction        | 0.0242      |
|    clip_range           | 0.2         |
|    entropy_loss         | -0.173      |
|    explained_variance   | 0.645       |
|    learning_rate        | 0.0003      |
|    loss                 | 2.22        |
|    n_updates            | 2740        |
|    policy_gradient_loss | -0.00612    |
|    value_loss           | 5.19        |
-----------------------------------------
-------------------------------------------
| rollout/                |               |
|    ep_len_mean          | 10            |
|    ep_rew_mean          | 4.93          |
| time/                   |               |
|    fps                  | 284           |
|    iterations           | 550           |
|    time_elapsed         | 990           |
|    total_timesteps      | 281600        |
| train/                  |               |
|    approx_kl            | 0.00073208683 |
|    clip_fraction        | 0.00781       |
|    clip_range           | 0.2           |
|    entropy_loss         | -0.152        |
|    explained_variance   | 0.615         |
|    learning_rate        | 0.0003        |
|    loss                 | 5.18          |
|    n_updates            | 2745          |
|    policy_gradient_loss | 0.00191       |
|    value_loss           | 7.92          |
-------------------------------------------
------------------------------------------
| rollout/                |              |
|    ep_len_mean          | 10.4         |
|    ep_rew_mean          | 5.02         |
| time/                   |              |
|    fps                  | 283          |
|    iterations           | 551          |
|    time_elapsed         | 993          |
|    total_timesteps      | 282112       |
| train/                  |              |
|    approx_kl            | 0.0015135364 |
|    clip_fraction        | 0.0164       |
|    clip_range           | 0.2          |
|    entropy_loss         | -0.124       |
|    explained_variance   | 0.605        |
|    learning_rate        | 0.0003       |
|    loss                 | 3.64         |
|    n_updates            | 2750         |
|    policy_gradient_loss | -0.00563     |
|    value_loss           | 7.41         |
------------------------------------------
------------------------------------------
| rollout/                |              |
|    ep_len_mean          | 8.87         |
|    ep_rew_mean          | 4.12         |
| time/                   |              |
|    fps                  | 283          |
|    iterations           | 552          |
|    time_elapsed         | 996          |
|    total_timesteps      | 282624       |
| train/                  |              |
|    approx_kl            | 0.0009591793 |
|    clip_fraction        | 0.0223       |
|    clip_range           | 0.2          |
|    entropy_loss         | -0.148       |
|    explained_variance   | 0.703        |
|    learning_rate        | 0.0003       |
|    loss                 | 2.12         |
|    n_updates            | 2755         |
|    policy_gradient_loss | -0.00403     |
|    value_loss           | 5.18         |
------------------------------------------
------------------------------------------
| rollout/                |              |
|    ep_len_mean          | 9.2          |
|    ep_rew_mean          | 4.46         |
| time/                   |              |
|    fps                  | 283          |
|    iterations           | 553          |
|    time_elapsed         | 999          |
|    total_timesteps      | 283136       |
| train/                  |              |
|    approx_kl            | 0.0037677297 |
|    clip_fraction        | 0.0437       |
|    clip_range           | 0.2          |
|    entropy_loss         | -0.196       |
|    explained_variance   | 0.662        |
|    learning_rate        | 0.0003       |
|    loss                 | 2.33         |
|    n_updates            | 2760         |
|    policy_gradient_loss | 0.00366      |
|    value_loss           | 6.28         |
------------------------------------------
-------------------------------------------
| rollout/                |               |
|    ep_len_mean          | 9.7           |
|    ep_rew_mean          | 4.92          |
| time/                   |               |
|    fps                  | 283           |
|    iterations           | 554           |
|    time_elapsed         | 1001          |
|    total_timesteps      | 283648        |
| train/                  |               |
|    approx_kl            | 0.00078509335 |
|    clip_fraction        | 0.00703       |
|    clip_range           | 0.2           |
|    entropy_loss         | -0.131        |
|    explained_variance   | 0.466         |
|    learning_rate        | 0.0003        |
|    loss                 | 3.22          |
|    n_updates            | 2765          |
|    policy_gradient_loss | -0.00234      |
|    value_loss           | 12.8          |
-------------------------------------------
-------------------------------------------
| rollout/                |               |
|    ep_len_mean          | 10.1          |
|    ep_rew_mean          | 4.84          |
| time/                   |               |
|    fps                  | 283           |
|    iterations           | 555           |
|    time_elapsed         | 1003          |
|    total_timesteps      | 284160        |
| train/                  |               |
|    approx_kl            | 0.00079390436 |
|    clip_fraction        | 0.0172        |
|    clip_range           | 0.2           |
|    entropy_loss         | -0.16         |
|    explained_variance   | 0.537         |
|    learning_rate        | 0.0003        |
|    loss                 | 2.44          |
|    n_updates            | 2770          |
|    policy_gradient_loss | -0.0064       |
|    value_loss           | 6.68          |
-------------------------------------------
------------------------------------------
| rollout/                |              |
|    ep_len_mean          | 10.8         |
|    ep_rew_mean          | 5.25         |
| time/                   |              |
|    fps                  | 283          |
|    iterations           | 556          |
|    time_elapsed         | 1005         |
|    total_timesteps      | 284672       |
| train/                  |              |
|    approx_kl            | 0.0025586085 |
|    clip_fraction        | 0.0262       |
|    clip_range           | 0.2          |
|    entropy_loss         | -0.134       |
|    explained_variance   | 0.718        |
|    learning_rate        | 0.0003       |
|    loss                 | 1.6          |
|    n_updates            | 2775         |
|    policy_gradient_loss | -0.00911     |
|    value_loss           | 4.62         |
------------------------------------------
-----------------------------------------
| rollout/                |             |
|    ep_len_mean          | 8.92        |
|    ep_rew_mean          | 4.5         |
| time/                   |             |
|    fps                  | 283         |
|    iterations           | 557         |
|    time_elapsed         | 1007        |
|    total_timesteps      | 285184      |
| train/                  |             |
|    approx_kl            | 0.002284022 |
|    clip_fraction        | 0.0191      |
|    clip_range           | 0.2         |
|    entropy_loss         | -0.142      |
|    explained_variance   | 0.599       |
|    learning_rate        | 0.0003      |
|    loss                 | 2.85        |
|    n_updates            | 2780        |
|    policy_gradient_loss | -0.00295    |
|    value_loss           | 5.05        |
-----------------------------------------
-----------------------------------------
| rollout/                |             |
|    ep_len_mean          | 10.1        |
|    ep_rew_mean          | 5.01        |
| time/                   |             |
|    fps                  | 282         |
|    iterations           | 558         |
|    time_elapsed         | 1009        |
|    total_timesteps      | 285696      |
| train/                  |             |
|    approx_kl            | 0.000567218 |
|    clip_fraction        | 0.00703     |
|    clip_range           | 0.2         |
|    entropy_loss         | -0.16       |
|    explained_variance   | 0.573       |
|    learning_rate        | 0.0003      |
|    loss                 | 2.76        |
|    n_updates            | 2785        |
|    policy_gradient_loss | -0.00142    |
|    value_loss           | 6           |
-----------------------------------------
------------------------------------------
| rollout/                |              |
|    ep_len_mean          | 11           |
|    ep_rew_mean          | 5.15         |
| time/                   |              |
|    fps                  | 282          |
|    iterations           | 559          |
|    time_elapsed         | 1011         |
|    total_timesteps      | 286208       |
| train/                  |              |
|    approx_kl            | 0.0012946497 |
|    clip_fraction        | 0.00898      |
|    clip_range           | 0.2          |
|    entropy_loss         | -0.136       |
|    explained_variance   | 0.611        |
|    learning_rate        | 0.0003       |
|    loss                 | 2.81         |
|    n_updates            | 2790         |
|    policy_gradient_loss | -0.00534     |
|    value_loss           | 6.38         |
------------------------------------------
-------------------------------------------
| rollout/                |               |
|    ep_len_mean          | 9.95          |
|    ep_rew_mean          | 4.13          |
| time/                   |               |
|    fps                  | 282           |
|    iterations           | 560           |
|    time_elapsed         | 1014          |
|    total_timesteps      | 286720        |
| train/                  |               |
|    approx_kl            | 0.00043551403 |
|    clip_fraction        | 0.00117       |
|    clip_range           | 0.2           |
|    entropy_loss         | -0.165        |
|    explained_variance   | 0.601         |
|    learning_rate        | 0.0003        |
|    loss                 | 1.86          |
|    n_updates            | 2795          |
|    policy_gradient_loss | -0.00206      |
|    value_loss           | 5.28          |
-------------------------------------------
------------------------------------------
| rollout/                |              |
|    ep_len_mean          | 11.2         |
|    ep_rew_mean          | 5.06         |
| time/                   |              |
|    fps                  | 282          |
|    iterations           | 561          |
|    time_elapsed         | 1016         |
|    total_timesteps      | 287232       |
| train/                  |              |
|    approx_kl            | 0.0031645058 |
|    clip_fraction        | 0.0266       |
|    clip_range           | 0.2          |
|    entropy_loss         | -0.145       |
|    explained_variance   | 0.516        |
|    learning_rate        | 0.0003       |
|    loss                 | 2.85         |
|    n_updates            | 2800         |
|    policy_gradient_loss | -0.00589     |
|    value_loss           | 4.57         |
------------------------------------------
-------------------------------------------
| rollout/                |               |
|    ep_len_mean          | 12.4          |
|    ep_rew_mean          | 5.9           |
| time/                   |               |
|    fps                  | 282           |
|    iterations           | 562           |
|    time_elapsed         | 1019          |
|    total_timesteps      | 287744        |
| train/                  |               |
|    approx_kl            | 0.00025075313 |
|    clip_fraction        | 0.00547       |
|    clip_range           | 0.2           |
|    entropy_loss         | -0.114        |
|    explained_variance   | 0.754         |
|    learning_rate        | 0.0003        |
|    loss                 | 2.04          |
|    n_updates            | 2805          |
|    policy_gradient_loss | -0.00271      |
|    value_loss           | 4.74          |
-------------------------------------------
------------------------------------------
| rollout/                |              |
|    ep_len_mean          | 11.8         |
|    ep_rew_mean          | 5.61         |
| time/                   |              |
|    fps                  | 281          |
|    iterations           | 563          |
|    time_elapsed         | 1022         |
|    total_timesteps      | 288256       |
| train/                  |              |
|    approx_kl            | 0.0026398678 |
|    clip_fraction        | 0.025        |
|    clip_range           | 0.2          |
|    entropy_loss         | -0.081       |
|    explained_variance   | 0.55         |
|    learning_rate        | 0.0003       |
|    loss                 | 3.27         |
|    n_updates            | 2810         |
|    policy_gradient_loss | -0.00757     |
|    value_loss           | 7.12         |
------------------------------------------
------------------------------------------
| rollout/                |              |
|    ep_len_mean          | 12.5         |
|    ep_rew_mean          | 5.96         |
| time/                   |              |
|    fps                  | 281          |
|    iterations           | 564          |
|    time_elapsed         | 1024         |
|    total_timesteps      | 288768       |
| train/                  |              |
|    approx_kl            | 0.0010472051 |
|    clip_fraction        | 0.0129       |
|    clip_range           | 0.2          |
|    entropy_loss         | -0.0801      |
|    explained_variance   | 0.713        |
|    learning_rate        | 0.0003       |
|    loss                 | 2.65         |
|    n_updates            | 2815         |
|    policy_gradient_loss | -0.004       |
|    value_loss           | 4.94         |
------------------------------------------
------------------------------------------
| rollout/                |              |
|    ep_len_mean          | 13           |
|    ep_rew_mean          | 6.09         |
| time/                   |              |
|    fps                  | 281          |
|    iterations           | 565          |
|    time_elapsed         | 1026         |
|    total_timesteps      | 289280       |
| train/                  |              |
|    approx_kl            | 0.0003157418 |
|    clip_fraction        | 0.00313      |
|    clip_range           | 0.2          |
|    entropy_loss         | -0.12        |
|    explained_variance   | 0.613        |
|    learning_rate        | 0.0003       |
|    loss                 | 2.88         |
|    n_updates            | 2820         |
|    policy_gradient_loss | -0.00172     |
|    value_loss           | 4.12         |
------------------------------------------
-----------------------------------------
| rollout/                |             |
|    ep_len_mean          | 12.3        |
|    ep_rew_mean          | 5.7         |
| time/                   |             |
|    fps                  | 281         |
|    iterations           | 566         |
|    time_elapsed         | 1028        |
|    total_timesteps      | 289792      |
| train/                  |             |
|    approx_kl            | 0.004210884 |
|    clip_fraction        | 0.0207      |
|    clip_range           | 0.2         |
|    entropy_loss         | -0.14       |
|    explained_variance   | 0.59        |
|    learning_rate        | 0.0003      |
|    loss                 | 2.64        |
|    n_updates            | 2825        |
|    policy_gradient_loss | 0.00291     |
|    value_loss           | 5.12        |
-----------------------------------------
-----------------------------------------
| rollout/                |             |
|    ep_len_mean          | 10.5        |
|    ep_rew_mean          | 4.13        |
| time/                   |             |
|    fps                  | 281         |
|    iterations           | 567         |
|    time_elapsed         | 1030        |
|    total_timesteps      | 290304      |
| train/                  |             |
|    approx_kl            | 0.002997807 |
|    clip_fraction        | 0.0242      |
|    clip_range           | 0.2         |
|    entropy_loss         | -0.219      |
|    explained_variance   | 0.635       |
|    learning_rate        | 0.0003      |
|    loss                 | 2.79        |
|    n_updates            | 2830        |
|    policy_gradient_loss | 0.00377     |
|    value_loss           | 4.94        |
-----------------------------------------
------------------------------------------
| rollout/                |              |
|    ep_len_mean          | 10           |
|    ep_rew_mean          | 3.81         |
| time/                   |              |
|    fps                  | 281          |
|    iterations           | 568          |
|    time_elapsed         | 1032         |
|    total_timesteps      | 290816       |
| train/                  |              |
|    approx_kl            | 0.0070304424 |
|    clip_fraction        | 0.0184       |
|    clip_range           | 0.2          |
|    entropy_loss         | -0.221       |
|    explained_variance   | 0.376        |
|    learning_rate        | 0.0003       |
|    loss                 | 3.71         |
|    n_updates            | 2835         |
|    policy_gradient_loss | -0.00525     |
|    value_loss           | 11.5         |
------------------------------------------
-------------------------------------------
| rollout/                |               |
|    ep_len_mean          | 10.4          |
|    ep_rew_mean          | 4.97          |
| time/                   |               |
|    fps                  | 281           |
|    iterations           | 569           |
|    time_elapsed         | 1035          |
|    total_timesteps      | 291328        |
| train/                  |               |
|    approx_kl            | 0.00091857347 |
|    clip_fraction        | 0.0102        |
|    clip_range           | 0.2           |
|    entropy_loss         | -0.145        |
|    explained_variance   | 0.671         |
|    learning_rate        | 0.0003        |
|    loss                 | 2.98          |
|    n_updates            | 2840          |
|    policy_gradient_loss | -0.00392      |
|    value_loss           | 6.64          |
-------------------------------------------
------------------------------------------
| rollout/                |              |
|    ep_len_mean          | 10.6         |
|    ep_rew_mean          | 5.08         |
| time/                   |              |
|    fps                  | 280          |
|    iterations           | 570          |
|    time_elapsed         | 1038         |
|    total_timesteps      | 291840       |
| train/                  |              |
|    approx_kl            | 0.0019180288 |
|    clip_fraction        | 0.0172       |
|    clip_range           | 0.2          |
|    entropy_loss         | -0.153       |
|    explained_variance   | 0.693        |
|    learning_rate        | 0.0003       |
|    loss                 | 3.3          |
|    n_updates            | 2845         |
|    policy_gradient_loss | -0.00377     |
|    value_loss           | 5.83         |
------------------------------------------
------------------------------------------
| rollout/                |              |
|    ep_len_mean          | 11.1         |
|    ep_rew_mean          | 5.14         |
| time/                   |              |
|    fps                  | 280          |
|    iterations           | 571          |
|    time_elapsed         | 1041         |
|    total_timesteps      | 292352       |
| train/                  |              |
|    approx_kl            | 0.0005009948 |
|    clip_fraction        | 0.0238       |
|    clip_range           | 0.2          |
|    entropy_loss         | -0.117       |
|    explained_variance   | 0.699        |
|    learning_rate        | 0.0003       |
|    loss                 | 1.89         |
|    n_updates            | 2850         |
|    policy_gradient_loss | -0.00526     |
|    value_loss           | 4.75         |
------------------------------------------
------------------------------------------
| rollout/                |              |
|    ep_len_mean          | 11.2         |
|    ep_rew_mean          | 5.15         |
| time/                   |              |
|    fps                  | 280          |
|    iterations           | 572          |
|    time_elapsed         | 1044         |
|    total_timesteps      | 292864       |
| train/                  |              |
|    approx_kl            | 0.0039938316 |
|    clip_fraction        | 0.0242       |
|    clip_range           | 0.2          |
|    entropy_loss         | -0.138       |
|    explained_variance   | 0.718        |
|    learning_rate        | 0.0003       |
|    loss                 | 2.07         |
|    n_updates            | 2855         |
|    policy_gradient_loss | -0.00925     |
|    value_loss           | 3.95         |
------------------------------------------
------------------------------------------
| rollout/                |              |
|    ep_len_mean          | 11           |
|    ep_rew_mean          | 5.45         |
| time/                   |              |
|    fps                  | 280          |
|    iterations           | 573          |
|    time_elapsed         | 1047         |
|    total_timesteps      | 293376       |
| train/                  |              |
|    approx_kl            | 0.0044965185 |
|    clip_fraction        | 0.0348       |
|    clip_range           | 0.2          |
|    entropy_loss         | -0.154       |
|    explained_variance   | 0.614        |
|    learning_rate        | 0.0003       |
|    loss                 | 3.21         |
|    n_updates            | 2860         |
|    policy_gradient_loss | 0.00132      |
|    value_loss           | 8.91         |
------------------------------------------
------------------------------------------
| rollout/                |              |
|    ep_len_mean          | 10.3         |
|    ep_rew_mean          | 5.05         |
| time/                   |              |
|    fps                  | 279          |
|    iterations           | 574          |
|    time_elapsed         | 1052         |
|    total_timesteps      | 293888       |
| train/                  |              |
|    approx_kl            | 0.0014074567 |
|    clip_fraction        | 0.0352       |
|    clip_range           | 0.2          |
|    entropy_loss         | -0.108       |
|    explained_variance   | 0.657        |
|    learning_rate        | 0.0003       |
|    loss                 | 2.77         |
|    n_updates            | 2865         |
|    policy_gradient_loss | -0.00787     |
|    value_loss           | 5.98         |
------------------------------------------
------------------------------------------
| rollout/                |              |
|    ep_len_mean          | 9.25         |
|    ep_rew_mean          | 4.2          |
| time/                   |              |
|    fps                  | 278          |
|    iterations           | 575          |
|    time_elapsed         | 1057         |
|    total_timesteps      | 294400       |
| train/                  |              |
|    approx_kl            | 0.0021820986 |
|    clip_fraction        | 0.0152       |
|    clip_range           | 0.2          |
|    entropy_loss         | -0.15        |
|    explained_variance   | 0.475        |
|    learning_rate        | 0.0003       |
|    loss                 | 2.64         |
|    n_updates            | 2870         |
|    policy_gradient_loss | -0.00433     |
|    value_loss           | 6.3          |
------------------------------------------
------------------------------------------
| rollout/                |              |
|    ep_len_mean          | 10.9         |
|    ep_rew_mean          | 5.28         |
| time/                   |              |
|    fps                  | 277          |
|    iterations           | 576          |
|    time_elapsed         | 1061         |
|    total_timesteps      | 294912       |
| train/                  |              |
|    approx_kl            | 0.0016478966 |
|    clip_fraction        | 0.0223       |
|    clip_range           | 0.2          |
|    entropy_loss         | -0.19        |
|    explained_variance   | 0.591        |
|    learning_rate        | 0.0003       |
|    loss                 | 2.22         |
|    n_updates            | 2875         |
|    policy_gradient_loss | -0.00848     |
|    value_loss           | 4.72         |
------------------------------------------
------------------------------------------
| rollout/                |              |
|    ep_len_mean          | 12.9         |
|    ep_rew_mean          | 6.59         |
| time/                   |              |
|    fps                  | 277          |
|    iterations           | 577          |
|    time_elapsed         | 1064         |
|    total_timesteps      | 295424       |
| train/                  |              |
|    approx_kl            | 0.0053850114 |
|    clip_fraction        | 0.0297       |
|    clip_range           | 0.2          |
|    entropy_loss         | -0.125       |
|    explained_variance   | 0.554        |
|    learning_rate        | 0.0003       |
|    loss                 | 2.65         |
|    n_updates            | 2880         |
|    policy_gradient_loss | 0.00365      |
|    value_loss           | 10.5         |
------------------------------------------
-------------------------------------------
| rollout/                |               |
|    ep_len_mean          | 12.7          |
|    ep_rew_mean          | 6.68          |
| time/                   |               |
|    fps                  | 277           |
|    iterations           | 578           |
|    time_elapsed         | 1067          |
|    total_timesteps      | 295936        |
| train/                  |               |
|    approx_kl            | 0.00076580915 |
|    clip_fraction        | 0.00742       |
|    clip_range           | 0.2           |
|    entropy_loss         | -0.11         |
|    explained_variance   | 0.659         |
|    learning_rate        | 0.0003        |
|    loss                 | 3.11          |
|    n_updates            | 2885          |
|    policy_gradient_loss | -0.00255      |
|    value_loss           | 6.38          |
-------------------------------------------
------------------------------------------
| rollout/                |              |
|    ep_len_mean          | 12.4         |
|    ep_rew_mean          | 6.16         |
| time/                   |              |
|    fps                  | 276          |
|    iterations           | 579          |
|    time_elapsed         | 1070         |
|    total_timesteps      | 296448       |
| train/                  |              |
|    approx_kl            | 0.0009853248 |
|    clip_fraction        | 0.0164       |
|    clip_range           | 0.2          |
|    entropy_loss         | -0.145       |
|    explained_variance   | 0.573        |
|    learning_rate        | 0.0003       |
|    loss                 | 1.48         |
|    n_updates            | 2890         |
|    policy_gradient_loss | -0.00503     |
|    value_loss           | 5.69         |
------------------------------------------
------------------------------------------
| rollout/                |              |
|    ep_len_mean          | 12.8         |
|    ep_rew_mean          | 6.48         |
| time/                   |              |
|    fps                  | 276          |
|    iterations           | 580          |
|    time_elapsed         | 1074         |
|    total_timesteps      | 296960       |
| train/                  |              |
|    approx_kl            | 0.0005597664 |
|    clip_fraction        | 0.0043       |
|    clip_range           | 0.2          |
|    entropy_loss         | -0.147       |
|    explained_variance   | 0.77         |
|    learning_rate        | 0.0003       |
|    loss                 | 1.57         |
|    n_updates            | 2895         |
|    policy_gradient_loss | -0.00413     |
|    value_loss           | 4.73         |
------------------------------------------
-------------------------------------------
| rollout/                |               |
|    ep_len_mean          | 11.6          |
|    ep_rew_mean          | 6             |
| time/                   |               |
|    fps                  | 276           |
|    iterations           | 581           |
|    time_elapsed         | 1077          |
|    total_timesteps      | 297472        |
| train/                  |               |
|    approx_kl            | 0.00090167904 |
|    clip_fraction        | 0.00898       |
|    clip_range           | 0.2           |
|    entropy_loss         | -0.111        |
|    explained_variance   | 0.776         |
|    learning_rate        | 0.0003        |
|    loss                 | 2.9           |
|    n_updates            | 2900          |
|    policy_gradient_loss | -0.00399      |
|    value_loss           | 5.56          |
-------------------------------------------
------------------------------------------
| rollout/                |              |
|    ep_len_mean          | 10.5         |
|    ep_rew_mean          | 4.79         |
| time/                   |              |
|    fps                  | 275          |
|    iterations           | 582          |
|    time_elapsed         | 1081         |
|    total_timesteps      | 297984       |
| train/                  |              |
|    approx_kl            | 0.0004253583 |
|    clip_fraction        | 0.00781      |
|    clip_range           | 0.2          |
|    entropy_loss         | -0.122       |
|    explained_variance   | 0.809        |
|    learning_rate        | 0.0003       |
|    loss                 | 2.66         |
|    n_updates            | 2905         |
|    policy_gradient_loss | -0.00248     |
|    value_loss           | 5            |
------------------------------------------
------------------------------------------
| rollout/                |              |
|    ep_len_mean          | 10.5         |
|    ep_rew_mean          | 4.52         |
| time/                   |              |
|    fps                  | 275          |
|    iterations           | 583          |
|    time_elapsed         | 1084         |
|    total_timesteps      | 298496       |
| train/                  |              |
|    approx_kl            | 0.0010100163 |
|    clip_fraction        | 0.00898      |
|    clip_range           | 0.2          |
|    entropy_loss         | -0.142       |
|    explained_variance   | 0.71         |
|    learning_rate        | 0.0003       |
|    loss                 | 2.89         |
|    n_updates            | 2910         |
|    policy_gradient_loss | -0.00235     |
|    value_loss           | 5.37         |
------------------------------------------
-----------------------------------------
| rollout/                |             |
|    ep_len_mean          | 10.9        |
|    ep_rew_mean          | 5.16        |
| time/                   |             |
|    fps                  | 274         |
|    iterations           | 584         |
|    time_elapsed         | 1088        |
|    total_timesteps      | 299008      |
| train/                  |             |
|    approx_kl            | 0.004356127 |
|    clip_fraction        | 0.0223      |
|    clip_range           | 0.2         |
|    entropy_loss         | -0.144      |
|    explained_variance   | 0.549       |
|    learning_rate        | 0.0003      |
|    loss                 | 1.86        |
|    n_updates            | 2915        |
|    policy_gradient_loss | -0.00263    |
|    value_loss           | 5           |
-----------------------------------------
------------------------------------------
| rollout/                |              |
|    ep_len_mean          | 10.8         |
|    ep_rew_mean          | 4.94         |
| time/                   |              |
|    fps                  | 274          |
|    iterations           | 585          |
|    time_elapsed         | 1092         |
|    total_timesteps      | 299520       |
| train/                  |              |
|    approx_kl            | 0.0014256166 |
|    clip_fraction        | 0.0152       |
|    clip_range           | 0.2          |
|    entropy_loss         | -0.152       |
|    explained_variance   | 0.537        |
|    learning_rate        | 0.0003       |
|    loss                 | 2.69         |
|    n_updates            | 2920         |
|    policy_gradient_loss | 0.000892     |
|    value_loss           | 5.6          |
------------------------------------------
----------------------------------------
| rollout/                |            |
|    ep_len_mean          | 11.1       |
|    ep_rew_mean          | 4.67       |
| time/                   |            |
|    fps                  | 273        |
|    iterations           | 586        |
|    time_elapsed         | 1096       |
|    total_timesteps      | 300032     |
| train/                  |            |
|    approx_kl            | 0.00262351 |
|    clip_fraction        | 0.034      |
|    clip_range           | 0.2        |
|    entropy_loss         | -0.194     |
|    explained_variance   | 0.581      |
|    learning_rate        | 0.0003     |
|    loss                 | 3.37       |
|    n_updates            | 2925       |
|    policy_gradient_loss | 0.00437    |
|    value_loss           | 7.05       |
----------------------------------------

Model saved -> models/variants/ppo_bpic2012_cate_retrained.zip
   Manifest → models/variants/ppo_bpic2012_cate_retrained_manifest.json
   Training curve (28840 episodes) → models/variants/ppo_bpic2012_cate_retrained_training_curve.csv
