/home/andrew/Documents/docs/2-resolver-problema/process-mining/prescriptive-process-monitoring/timing-explanations-pspm/.venv/lib/python3.14/site-packages/stable_baselines3/common/on_policy_algorithm.py:150: UserWarning: You are trying to run PPO on the GPU, but it is primarily intended to run on the CPU when not using a CNN policy (you are using ActorCriticPolicy which should be a MlpPolicy). See https://github.com/DLR-RM/stable-baselines3/issues/1245 for more info. You can pass `device='cpu'` or `export CUDA_VISIBLE_DEVICES=` to force using the CPU.Note: The model will train, but the GPU utilization will be poor and the training might take longer than on CPU.
  warnings.warn(
Loading env from data/ready_to_use_adaptive_bpic2017.csv ...
Training PPO for 300,000 timesteps (seed=42) ...
Using cuda device
Wrapping the env in a DummyVecEnv.
---------------------------------
| rollout/           |          |
|    ep_len_mean     | 2.03     |
|    ep_rew_mean     | -0.28    |
| time/              |          |
|    fps             | 167      |
|    iterations      | 1        |
|    time_elapsed    | 3        |
|    total_timesteps | 512      |
---------------------------------
-----------------------------------------
| rollout/                |             |
|    ep_len_mean          | 2.15        |
|    ep_rew_mean          | -0.19       |
| time/                   |             |
|    fps                  | 173         |
|    iterations           | 2           |
|    time_elapsed         | 5           |
|    total_timesteps      | 1024        |
| train/                  |             |
|    approx_kl            | 0.026308782 |
|    clip_fraction        | 0.495       |
|    clip_range           | 0.2         |
|    entropy_loss         | -0.677      |
|    explained_variance   | 0.000157    |
|    learning_rate        | 0.0003      |
|    loss                 | -0.111      |
|    n_updates            | 5           |
|    policy_gradient_loss | -0.0887     |
|    value_loss           | 0.876       |
-----------------------------------------
-----------------------------------------
| rollout/                |             |
|    ep_len_mean          | 3.61        |
|    ep_rew_mean          | 0.67        |
| time/                   |             |
|    fps                  | 188         |
|    iterations           | 3           |
|    time_elapsed         | 8           |
|    total_timesteps      | 1536        |
| train/                  |             |
|    approx_kl            | 0.043224864 |
|    clip_fraction        | 0.37        |
|    clip_range           | 0.2         |
|    entropy_loss         | -0.625      |
|    explained_variance   | 0.000321    |
|    learning_rate        | 0.0003      |
|    loss                 | 0.0557      |
|    n_updates            | 10          |
|    policy_gradient_loss | -0.0711     |
|    value_loss           | 0.952       |
-----------------------------------------
-----------------------------------------
| rollout/                |             |
|    ep_len_mean          | 4.75        |
|    ep_rew_mean          | 1.14        |
| time/                   |             |
|    fps                  | 197         |
|    iterations           | 4           |
|    time_elapsed         | 10          |
|    total_timesteps      | 2048        |
| train/                  |             |
|    approx_kl            | 0.015819011 |
|    clip_fraction        | 0.119       |
|    clip_range           | 0.2         |
|    entropy_loss         | -0.543      |
|    explained_variance   | 0.0175      |
|    learning_rate        | 0.0003      |
|    loss                 | 1.08        |
|    n_updates            | 15          |
|    policy_gradient_loss | -0.0295     |
|    value_loss           | 3.62        |
-----------------------------------------
------------------------------------------
| rollout/                |              |
|    ep_len_mean          | 5.79         |
|    ep_rew_mean          | 1.48         |
| time/                   |              |
|    fps                  | 204          |
|    iterations           | 5            |
|    time_elapsed         | 12           |
|    total_timesteps      | 2560         |
| train/                  |              |
|    approx_kl            | 0.0109508075 |
|    clip_fraction        | 0.0789       |
|    clip_range           | 0.2          |
|    entropy_loss         | -0.462       |
|    explained_variance   | 0.0506       |
|    learning_rate        | 0.0003       |
|    loss                 | 2.96         |
|    n_updates            | 20           |
|    policy_gradient_loss | -0.0232      |
|    value_loss           | 5.88         |
------------------------------------------
-----------------------------------------
| rollout/                |             |
|    ep_len_mean          | 7.21        |
|    ep_rew_mean          | 2.43        |
| time/                   |             |
|    fps                  | 210         |
|    iterations           | 6           |
|    time_elapsed         | 14          |
|    total_timesteps      | 3072        |
| train/                  |             |
|    approx_kl            | 0.005325241 |
|    clip_fraction        | 0.0445      |
|    clip_range           | 0.2         |
|    entropy_loss         | -0.393      |
|    explained_variance   | 0.111       |
|    learning_rate        | 0.0003      |
|    loss                 | 4.2         |
|    n_updates            | 25          |
|    policy_gradient_loss | -0.0144     |
|    value_loss           | 8.11        |
-----------------------------------------
------------------------------------------
| rollout/                |              |
|    ep_len_mean          | 8.67         |
|    ep_rew_mean          | 3.5          |
| time/                   |              |
|    fps                  | 216          |
|    iterations           | 7            |
|    time_elapsed         | 16           |
|    total_timesteps      | 3584         |
| train/                  |              |
|    approx_kl            | 0.0036708699 |
|    clip_fraction        | 0.0398       |
|    clip_range           | 0.2          |
|    entropy_loss         | -0.334       |
|    explained_variance   | -0.0452      |
|    learning_rate        | 0.0003       |
|    loss                 | 2.82         |
|    n_updates            | 30           |
|    policy_gradient_loss | -0.0188      |
|    value_loss           | 6.39         |
------------------------------------------
------------------------------------------
| rollout/                |              |
|    ep_len_mean          | 10.2         |
|    ep_rew_mean          | 4.17         |
| time/                   |              |
|    fps                  | 223          |
|    iterations           | 8            |
|    time_elapsed         | 18           |
|    total_timesteps      | 4096         |
| train/                  |              |
|    approx_kl            | 0.0024707536 |
|    clip_fraction        | 0.0437       |
|    clip_range           | 0.2          |
|    entropy_loss         | -0.275       |
|    explained_variance   | 0.059        |
|    learning_rate        | 0.0003       |
|    loss                 | 4.24         |
|    n_updates            | 35           |
|    policy_gradient_loss | -0.0208      |
|    value_loss           | 8.23         |
------------------------------------------
-----------------------------------------
| rollout/                |             |
|    ep_len_mean          | 11.6        |
|    ep_rew_mean          | 5.16        |
| time/                   |             |
|    fps                  | 228         |
|    iterations           | 9           |
|    time_elapsed         | 20          |
|    total_timesteps      | 4608        |
| train/                  |             |
|    approx_kl            | 0.002010775 |
|    clip_fraction        | 0.0277      |
|    clip_range           | 0.2         |
|    entropy_loss         | -0.235      |
|    explained_variance   | 0.0688      |
|    learning_rate        | 0.0003      |
|    loss                 | 5.77        |
|    n_updates            | 40          |
|    policy_gradient_loss | -0.0185     |
|    value_loss           | 11.3        |
-----------------------------------------
------------------------------------------
| rollout/                |              |
|    ep_len_mean          | 13.1         |
|    ep_rew_mean          | 5.89         |
| time/                   |              |
|    fps                  | 234          |
|    iterations           | 10           |
|    time_elapsed         | 21           |
|    total_timesteps      | 5120         |
| train/                  |              |
|    approx_kl            | 0.0019555623 |
|    clip_fraction        | 0.016        |
|    clip_range           | 0.2          |
|    entropy_loss         | -0.201       |
|    explained_variance   | 0.141        |
|    learning_rate        | 0.0003       |
|    loss                 | 5.07         |
|    n_updates            | 45           |
|    policy_gradient_loss | -0.0111      |
|    value_loss           | 13.5         |
------------------------------------------
------------------------------------------
| rollout/                |              |
|    ep_len_mean          | 14.8         |
|    ep_rew_mean          | 6.95         |
| time/                   |              |
|    fps                  | 237          |
|    iterations           | 11           |
|    time_elapsed         | 23           |
|    total_timesteps      | 5632         |
| train/                  |              |
|    approx_kl            | 0.0004145127 |
|    clip_fraction        | 0            |
|    clip_range           | 0.2          |
|    entropy_loss         | -0.177       |
|    explained_variance   | 0.163        |
|    learning_rate        | 0.0003       |
|    loss                 | 10.5         |
|    n_updates            | 50           |
|    policy_gradient_loss | -0.00333     |
|    value_loss           | 18.7         |
------------------------------------------
------------------------------------------
| rollout/                |              |
|    ep_len_mean          | 16           |
|    ep_rew_mean          | 7.64         |
| time/                   |              |
|    fps                  | 241          |
|    iterations           | 12           |
|    time_elapsed         | 25           |
|    total_timesteps      | 6144         |
| train/                  |              |
|    approx_kl            | 0.0012413631 |
|    clip_fraction        | 0.0168       |
|    clip_range           | 0.2          |
|    entropy_loss         | -0.146       |
|    explained_variance   | 0.0947       |
|    learning_rate        | 0.0003       |
|    loss                 | 8.86         |
|    n_updates            | 55           |
|    policy_gradient_loss | -0.012       |
|    value_loss           | 15.6         |
------------------------------------------
-----------------------------------------
| rollout/                |             |
|    ep_len_mean          | 18.7        |
|    ep_rew_mean          | 9.31        |
| time/                   |             |
|    fps                  | 244         |
|    iterations           | 13          |
|    time_elapsed         | 27          |
|    total_timesteps      | 6656        |
| train/                  |             |
|    approx_kl            | 0.001060971 |
|    clip_fraction        | 0.0148      |
|    clip_range           | 0.2         |
|    entropy_loss         | -0.124      |
|    explained_variance   | 0.113       |
|    learning_rate        | 0.0003      |
|    loss                 | 8.19        |
|    n_updates            | 60          |
|    policy_gradient_loss | -0.00983    |
|    value_loss           | 13.9        |
-----------------------------------------
-------------------------------------------
| rollout/                |               |
|    ep_len_mean          | 20.7          |
|    ep_rew_mean          | 10.6          |
| time/                   |               |
|    fps                  | 247           |
|    iterations           | 14            |
|    time_elapsed         | 28            |
|    total_timesteps      | 7168          |
| train/                  |               |
|    approx_kl            | 0.00021371688 |
|    clip_fraction        | 0             |
|    clip_range           | 0.2           |
|    entropy_loss         | -0.115        |
|    explained_variance   | 0.165         |
|    learning_rate        | 0.0003        |
|    loss                 | 3.74          |
|    n_updates            | 65            |
|    policy_gradient_loss | -0.00172      |
|    value_loss           | 11.8          |
-------------------------------------------
-------------------------------------------
| rollout/                |               |
|    ep_len_mean          | 22.7          |
|    ep_rew_mean          | 11.9          |
| time/                   |               |
|    fps                  | 250           |
|    iterations           | 15            |
|    time_elapsed         | 30            |
|    total_timesteps      | 7680          |
| train/                  |               |
|    approx_kl            | 0.00010513712 |
|    clip_fraction        | 0             |
|    clip_range           | 0.2           |
|    entropy_loss         | -0.0959       |
|    explained_variance   | 0.195         |
|    learning_rate        | 0.0003        |
|    loss                 | 10.2          |
|    n_updates            | 70            |
|    policy_gradient_loss | -0.0023       |
|    value_loss           | 18.5          |
-------------------------------------------
------------------------------------------
| rollout/                |              |
|    ep_len_mean          | 23.9         |
|    ep_rew_mean          | 12.9         |
| time/                   |              |
|    fps                  | 252          |
|    iterations           | 16           |
|    time_elapsed         | 32           |
|    total_timesteps      | 8192         |
| train/                  |              |
|    approx_kl            | 0.0002533726 |
|    clip_fraction        | 0            |
|    clip_range           | 0.2          |
|    entropy_loss         | -0.0854      |
|    explained_variance   | 0.239        |
|    learning_rate        | 0.0003       |
|    loss                 | 10.2         |
|    n_updates            | 75           |
|    policy_gradient_loss | -0.00321     |
|    value_loss           | 23.9         |
------------------------------------------
-------------------------------------------
| rollout/                |               |
|    ep_len_mean          | 25.4          |
|    ep_rew_mean          | 13.8          |
| time/                   |               |
|    fps                  | 254           |
|    iterations           | 17            |
|    time_elapsed         | 34            |
|    total_timesteps      | 8704          |
| train/                  |               |
|    approx_kl            | 0.00018232432 |
|    clip_fraction        | 0             |
|    clip_range           | 0.2           |
|    entropy_loss         | -0.076        |
|    explained_variance   | 0.315         |
|    learning_rate        | 0.0003        |
|    loss                 | 13            |
|    n_updates            | 80            |
|    policy_gradient_loss | -0.00261      |
|    value_loss           | 26.1          |
-------------------------------------------
------------------------------------------
| rollout/                |              |
|    ep_len_mean          | 26.8         |
|    ep_rew_mean          | 14.7         |
| time/                   |              |
|    fps                  | 256          |
|    iterations           | 18           |
|    time_elapsed         | 35           |
|    total_timesteps      | 9216         |
| train/                  |              |
|    approx_kl            | 5.283323e-05 |
|    clip_fraction        | 0            |
|    clip_range           | 0.2          |
|    entropy_loss         | -0.0698      |
|    explained_variance   | 0.512        |
|    learning_rate        | 0.0003       |
|    loss                 | 6.22         |
|    n_updates            | 85           |
|    policy_gradient_loss | -0.00141     |
|    value_loss           | 10.5         |
------------------------------------------
------------------------------------------
| rollout/                |              |
|    ep_len_mean          | 26.2         |
|    ep_rew_mean          | 14           |
| time/                   |              |
|    fps                  | 257          |
|    iterations           | 19           |
|    time_elapsed         | 37           |
|    total_timesteps      | 9728         |
| train/                  |              |
|    approx_kl            | 9.476207e-07 |
|    clip_fraction        | 0            |
|    clip_range           | 0.2          |
|    entropy_loss         | -0.0666      |
|    explained_variance   | 0.528        |
|    learning_rate        | 0.0003       |
|    loss                 | 13.6         |
|    n_updates            | 90           |
|    policy_gradient_loss | 1.97e-05     |
|    value_loss           | 21           |
------------------------------------------
-------------------------------------------
| rollout/                |               |
|    ep_len_mean          | 28.7          |
|    ep_rew_mean          | 15.1          |
| time/                   |               |
|    fps                  | 259           |
|    iterations           | 20            |
|    time_elapsed         | 39            |
|    total_timesteps      | 10240         |
| train/                  |               |
|    approx_kl            | 0.00012514507 |
|    clip_fraction        | 0             |
|    clip_range           | 0.2           |
|    entropy_loss         | -0.0662       |
|    explained_variance   | 0.487         |
|    learning_rate        | 0.0003        |
|    loss                 | 5.98          |
|    n_updates            | 95            |
|    policy_gradient_loss | -0.0016       |
|    value_loss           | 12.3          |
-------------------------------------------
-------------------------------------------
| rollout/                |               |
|    ep_len_mean          | 29.2          |
|    ep_rew_mean          | 15.1          |
| time/                   |               |
|    fps                  | 260           |
|    iterations           | 21            |
|    time_elapsed         | 41            |
|    total_timesteps      | 10752         |
| train/                  |               |
|    approx_kl            | 2.5915215e-05 |
|    clip_fraction        | 0             |
|    clip_range           | 0.2           |
|    entropy_loss         | -0.0576       |
|    explained_variance   | 0.687         |
|    learning_rate        | 0.0003        |
|    loss                 | 3.28          |
|    n_updates            | 100           |
|    policy_gradient_loss | -0.00138      |
|    value_loss           | 7.23          |
-------------------------------------------
------------------------------------------
| rollout/                |              |
|    ep_len_mean          | 30.4         |
|    ep_rew_mean          | 15.3         |
| time/                   |              |
|    fps                  | 262          |
|    iterations           | 22           |
|    time_elapsed         | 42           |
|    total_timesteps      | 11264        |
| train/                  |              |
|    approx_kl            | 9.571831e-05 |
|    clip_fraction        | 0            |
|    clip_range           | 0.2          |
|    entropy_loss         | -0.054       |
|    explained_variance   | 0.466        |
|    learning_rate        | 0.0003       |
|    loss                 | 4.42         |
|    n_updates            | 105          |
|    policy_gradient_loss | -0.00175     |
|    value_loss           | 12.8         |
------------------------------------------
-------------------------------------------
| rollout/                |               |
|    ep_len_mean          | 30.9          |
|    ep_rew_mean          | 15.3          |
| time/                   |               |
|    fps                  | 262           |
|    iterations           | 23            |
|    time_elapsed         | 44            |
|    total_timesteps      | 11776         |
| train/                  |               |
|    approx_kl            | 0.00019323453 |
|    clip_fraction        | 0.000781      |
|    clip_range           | 0.2           |
|    entropy_loss         | -0.0459       |
|    explained_variance   | 0.637         |
|    learning_rate        | 0.0003        |
|    loss                 | 3.2           |
|    n_updates            | 110           |
|    policy_gradient_loss | -0.00227      |
|    value_loss           | 6.75          |
-------------------------------------------
-------------------------------------------
| rollout/                |               |
|    ep_len_mean          | 29.7          |
|    ep_rew_mean          | 14.6          |
| time/                   |               |
|    fps                  | 263           |
|    iterations           | 24            |
|    time_elapsed         | 46            |
|    total_timesteps      | 12288         |
| train/                  |               |
|    approx_kl            | 1.8063001e-05 |
|    clip_fraction        | 0             |
|    clip_range           | 0.2           |
|    entropy_loss         | -0.0391       |
|    explained_variance   | 0.591         |
|    learning_rate        | 0.0003        |
|    loss                 | 9.52          |
|    n_updates            | 115           |
|    policy_gradient_loss | -0.000743     |
|    value_loss           | 21.9          |
-------------------------------------------
------------------------------------------
| rollout/                |              |
|    ep_len_mean          | 31.6         |
|    ep_rew_mean          | 16           |
| time/                   |              |
|    fps                  | 263          |
|    iterations           | 25           |
|    time_elapsed         | 48           |
|    total_timesteps      | 12800        |
| train/                  |              |
|    approx_kl            | 0.0004241719 |
|    clip_fraction        | 0.0043       |
|    clip_range           | 0.2          |
|    entropy_loss         | -0.0332      |
|    explained_variance   | 0.562        |
|    learning_rate        | 0.0003       |
|    loss                 | 4.23         |
|    n_updates            | 120          |
|    policy_gradient_loss | -0.00522     |
|    value_loss           | 9.85         |
------------------------------------------
-------------------------------------------
| rollout/                |               |
|    ep_len_mean          | 30.3          |
|    ep_rew_mean          | 15.4          |
| time/                   |               |
|    fps                  | 263           |
|    iterations           | 26            |
|    time_elapsed         | 50            |
|    total_timesteps      | 13312         |
| train/                  |               |
|    approx_kl            | 3.3389893e-05 |
|    clip_fraction        | 0             |
|    clip_range           | 0.2           |
|    entropy_loss         | -0.0289       |
|    explained_variance   | 0.704         |
|    learning_rate        | 0.0003        |
|    loss                 | 4.07          |
|    n_updates            | 125           |
|    policy_gradient_loss | -0.00104      |
|    value_loss           | 8.92          |
-------------------------------------------
------------------------------------------
| rollout/                |              |
|    ep_len_mean          | 30.2         |
|    ep_rew_mean          | 15.1         |
| time/                   |              |
|    fps                  | 264          |
|    iterations           | 27           |
|    time_elapsed         | 52           |
|    total_timesteps      | 13824        |
| train/                  |              |
|    approx_kl            | 8.430565e-06 |
|    clip_fraction        | 0            |
|    clip_range           | 0.2          |
|    entropy_loss         | -0.0254      |
|    explained_variance   | 0.628        |
|    learning_rate        | 0.0003       |
|    loss                 | 11.5         |
|    n_updates            | 130          |
|    policy_gradient_loss | -0.000328    |
|    value_loss           | 29.4         |
------------------------------------------
-------------------------------------------
| rollout/                |               |
|    ep_len_mean          | 31.3          |
|    ep_rew_mean          | 16            |
| time/                   |               |
|    fps                  | 265           |
|    iterations           | 28            |
|    time_elapsed         | 53            |
|    total_timesteps      | 14336         |
| train/                  |               |
|    approx_kl            | 5.3738477e-05 |
|    clip_fraction        | 0             |
|    clip_range           | 0.2           |
|    entropy_loss         | -0.0244       |
|    explained_variance   | 0.599         |
|    learning_rate        | 0.0003        |
|    loss                 | 14.3          |
|    n_updates            | 135           |
|    policy_gradient_loss | -0.000714     |
|    value_loss           | 28.7          |
-------------------------------------------
-------------------------------------------
| rollout/                |               |
|    ep_len_mean          | 32            |
|    ep_rew_mean          | 16.4          |
| time/                   |               |
|    fps                  | 266           |
|    iterations           | 29            |
|    time_elapsed         | 55            |
|    total_timesteps      | 14848         |
| train/                  |               |
|    approx_kl            | 1.0966323e-07 |
|    clip_fraction        | 0             |
|    clip_range           | 0.2           |
|    entropy_loss         | -0.0226       |
|    explained_variance   | 0.846         |
|    learning_rate        | 0.0003        |
|    loss                 | 1.65          |
|    n_updates            | 140           |
|    policy_gradient_loss | -0.000145     |
|    value_loss           | 4.57          |
-------------------------------------------
------------------------------------------
| rollout/                |              |
|    ep_len_mean          | 33           |
|    ep_rew_mean          | 17.5         |
| time/                   |              |
|    fps                  | 267          |
|    iterations           | 30           |
|    time_elapsed         | 57           |
|    total_timesteps      | 15360        |
| train/                  |              |
|    approx_kl            | 2.844492e-06 |
|    clip_fraction        | 0            |
|    clip_range           | 0.2          |
|    entropy_loss         | -0.0235      |
|    explained_variance   | 0.842        |
|    learning_rate        | 0.0003       |
|    loss                 | 1.13         |
|    n_updates            | 145          |
|    policy_gradient_loss | 1.51e-05     |
|    value_loss           | 4.26         |
------------------------------------------
------------------------------------------
| rollout/                |              |
|    ep_len_mean          | 33.5         |
|    ep_rew_mean          | 17.2         |
| time/                   |              |
|    fps                  | 268          |
|    iterations           | 31           |
|    time_elapsed         | 59           |
|    total_timesteps      | 15872        |
| train/                  |              |
|    approx_kl            | 6.193295e-08 |
|    clip_fraction        | 0            |
|    clip_range           | 0.2          |
|    entropy_loss         | -0.0241      |
|    explained_variance   | 0.74         |
|    learning_rate        | 0.0003       |
|    loss                 | 4.24         |
|    n_updates            | 150          |
|    policy_gradient_loss | 5.54e-05     |
|    value_loss           | 8.45         |
------------------------------------------
-------------------------------------------
| rollout/                |               |
|    ep_len_mean          | 33.5          |
|    ep_rew_mean          | 17.1          |
| time/                   |               |
|    fps                  | 269           |
|    iterations           | 32            |
|    time_elapsed         | 60            |
|    total_timesteps      | 16384         |
| train/                  |               |
|    approx_kl            | 2.8903596e-06 |
|    clip_fraction        | 0             |
|    clip_range           | 0.2           |
|    entropy_loss         | -0.0236       |
|    explained_variance   | 0.782         |
|    learning_rate        | 0.0003        |
|    loss                 | 6.02          |
|    n_updates            | 155           |
|    policy_gradient_loss | -0.000148     |
|    value_loss           | 11.1          |
-------------------------------------------
-------------------------------------------
| rollout/                |               |
|    ep_len_mean          | 34.7          |
|    ep_rew_mean          | 17.8          |
| time/                   |               |
|    fps                  | 270           |
|    iterations           | 33            |
|    time_elapsed         | 62            |
|    total_timesteps      | 16896         |
| train/                  |               |
|    approx_kl            | 1.1905329e-05 |
|    clip_fraction        | 0             |
|    clip_range           | 0.2           |
|    entropy_loss         | -0.0221       |
|    explained_variance   | 0.776         |
|    learning_rate        | 0.0003        |
|    loss                 | 2.03          |
|    n_updates            | 160           |
|    policy_gradient_loss | -0.000552     |
|    value_loss           | 7.01          |
-------------------------------------------
-------------------------------------------
| rollout/                |               |
|    ep_len_mean          | 36.2          |
|    ep_rew_mean          | 18.5          |
| time/                   |               |
|    fps                  | 271           |
|    iterations           | 34            |
|    time_elapsed         | 64            |
|    total_timesteps      | 17408         |
| train/                  |               |
|    approx_kl            | 1.9208528e-08 |
|    clip_fraction        | 0             |
|    clip_range           | 0.2           |
|    entropy_loss         | -0.0211       |
|    explained_variance   | 0.9           |
|    learning_rate        | 0.0003        |
|    loss                 | 1.08          |
|    n_updates            | 165           |
|    policy_gradient_loss | 8.35e-09      |
|    value_loss           | 2.75          |
-------------------------------------------
-------------------------------------------
| rollout/                |               |
|    ep_len_mean          | 36            |
|    ep_rew_mean          | 18.7          |
| time/                   |               |
|    fps                  | 271           |
|    iterations           | 35            |
|    time_elapsed         | 65            |
|    total_timesteps      | 17920         |
| train/                  |               |
|    approx_kl            | 1.0975637e-06 |
|    clip_fraction        | 0             |
|    clip_range           | 0.2           |
|    entropy_loss         | -0.022        |
|    explained_variance   | 0.701         |
|    learning_rate        | 0.0003        |
|    loss                 | 11.2          |
|    n_updates            | 170           |
|    policy_gradient_loss | 8.41e-05      |
|    value_loss           | 21.1          |
-------------------------------------------
------------------------------------------
| rollout/                |              |
|    ep_len_mean          | 35           |
|    ep_rew_mean          | 17.6         |
| time/                   |              |
|    fps                  | 272          |
|    iterations           | 36           |
|    time_elapsed         | 67           |
|    total_timesteps      | 18432        |
| train/                  |              |
|    approx_kl            | 7.800758e-06 |
|    clip_fraction        | 0            |
|    clip_range           | 0.2          |
|    entropy_loss         | -0.0215      |
|    explained_variance   | 0.787        |
|    learning_rate        | 0.0003       |
|    loss                 | 3.22         |
|    n_updates            | 175          |
|    policy_gradient_loss | -0.000299    |
|    value_loss           | 7.03         |
------------------------------------------
-------------------------------------------
| rollout/                |               |
|    ep_len_mean          | 35            |
|    ep_rew_mean          | 17.1          |
| time/                   |               |
|    fps                  | 273           |
|    iterations           | 37            |
|    time_elapsed         | 69            |
|    total_timesteps      | 18944         |
| train/                  |               |
|    approx_kl            | 1.2805685e-08 |
|    clip_fraction        | 0             |
|    clip_range           | 0.2           |
|    entropy_loss         | -0.0209       |
|    explained_variance   | 0.796         |
|    learning_rate        | 0.0003        |
|    loss                 | 4.96          |
|    n_updates            | 180           |
|    policy_gradient_loss | -2.58e-06     |
|    value_loss           | 12.5          |
-------------------------------------------
-------------------------------------------
| rollout/                |               |
|    ep_len_mean          | 35.2          |
|    ep_rew_mean          | 17.7          |
| time/                   |               |
|    fps                  | 273           |
|    iterations           | 38            |
|    time_elapsed         | 71            |
|    total_timesteps      | 19456         |
| train/                  |               |
|    approx_kl            | 1.2177043e-07 |
|    clip_fraction        | 0             |
|    clip_range           | 0.2           |
|    entropy_loss         | -0.0207       |
|    explained_variance   | 0.615         |
|    learning_rate        | 0.0003        |
|    loss                 | 2.79          |
|    n_updates            | 185           |
|    policy_gradient_loss | -3.93e-05     |
|    value_loss           | 7.59          |
-------------------------------------------
-------------------------------------------
| rollout/                |               |
|    ep_len_mean          | 34.2          |
|    ep_rew_mean          | 17.6          |
| time/                   |               |
|    fps                  | 274           |
|    iterations           | 39            |
|    time_elapsed         | 72            |
|    total_timesteps      | 19968         |
| train/                  |               |
|    approx_kl            | 5.6530116e-06 |
|    clip_fraction        | 0             |
|    clip_range           | 0.2           |
|    entropy_loss         | -0.02         |
|    explained_variance   | 0.745         |
|    learning_rate        | 0.0003        |
|    loss                 | 6.1           |
|    n_updates            | 190           |
|    policy_gradient_loss | -0.000293     |
|    value_loss           | 16.3          |
-------------------------------------------
-------------------------------------------
| rollout/                |               |
|    ep_len_mean          | 33.3          |
|    ep_rew_mean          | 18.1          |
| time/                   |               |
|    fps                  | 274           |
|    iterations           | 40            |
|    time_elapsed         | 74            |
|    total_timesteps      | 20480         |
| train/                  |               |
|    approx_kl            | 2.9685907e-08 |
|    clip_fraction        | 0             |
|    clip_range           | 0.2           |
|    entropy_loss         | -0.0193       |
|    explained_variance   | 0.718         |
|    learning_rate        | 0.0003        |
|    loss                 | 5.61          |
|    n_updates            | 195           |
|    policy_gradient_loss | 8.11e-06      |
|    value_loss           | 11.2          |
-------------------------------------------
-------------------------------------------
| rollout/                |               |
|    ep_len_mean          | 34.3          |
|    ep_rew_mean          | 18.6          |
| time/                   |               |
|    fps                  | 275           |
|    iterations           | 41            |
|    time_elapsed         | 76            |
|    total_timesteps      | 20992         |
| train/                  |               |
|    approx_kl            | 2.1825428e-05 |
|    clip_fraction        | 0             |
|    clip_range           | 0.2           |
|    entropy_loss         | -0.0187       |
|    explained_variance   | 0.817         |
|    learning_rate        | 0.0003        |
|    loss                 | 2.52          |
|    n_updates            | 200           |
|    policy_gradient_loss | -0.000576     |
|    value_loss           | 7.27          |
-------------------------------------------
--------------------------------------
| rollout/                |          |
|    ep_len_mean          | 34.3     |
|    ep_rew_mean          | 18.4     |
| time/                   |          |
|    fps                  | 275      |
|    iterations           | 42       |
|    time_elapsed         | 78       |
|    total_timesteps      | 21504    |
| train/                  |          |
|    approx_kl            | 0.0      |
|    clip_fraction        | 0        |
|    clip_range           | 0.2      |
|    entropy_loss         | -0.0171  |
|    explained_variance   | 0.734    |
|    learning_rate        | 0.0003   |
|    loss                 | 13.6     |
|    n_updates            | 205      |
|    policy_gradient_loss | 4.99e-07 |
|    value_loss           | 30       |
--------------------------------------
-------------------------------------------
| rollout/                |               |
|    ep_len_mean          | 34.2          |
|    ep_rew_mean          | 18.8          |
| time/                   |               |
|    fps                  | 276           |
|    iterations           | 43            |
|    time_elapsed         | 79            |
|    total_timesteps      | 22016         |
| train/                  |               |
|    approx_kl            | 6.7276414e-07 |
|    clip_fraction        | 0             |
|    clip_range           | 0.2           |
|    entropy_loss         | -0.0171       |
|    explained_variance   | 0.798         |
|    learning_rate        | 0.0003        |
|    loss                 | 6.28          |
|    n_updates            | 210           |
|    policy_gradient_loss | -0.000127     |
|    value_loss           | 13.3          |
-------------------------------------------
------------------------------------------
| rollout/                |              |
|    ep_len_mean          | 35           |
|    ep_rew_mean          | 18.9         |
| time/                   |              |
|    fps                  | 276          |
|    iterations           | 44           |
|    time_elapsed         | 81           |
|    total_timesteps      | 22528        |
| train/                  |              |
|    approx_kl            | 2.712477e-06 |
|    clip_fraction        | 0            |
|    clip_range           | 0.2          |
|    entropy_loss         | -0.0164      |
|    explained_variance   | 0.813        |
|    learning_rate        | 0.0003       |
|    loss                 | 5.39         |
|    n_updates            | 215          |
|    policy_gradient_loss | -0.000105    |
|    value_loss           | 17           |
------------------------------------------
------------------------------------------
| rollout/                |              |
|    ep_len_mean          | 35.6         |
|    ep_rew_mean          | 18.9         |
| time/                   |              |
|    fps                  | 276          |
|    iterations           | 45           |
|    time_elapsed         | 83           |
|    total_timesteps      | 23040        |
| train/                  |              |
|    approx_kl            | 1.816079e-08 |
|    clip_fraction        | 0            |
|    clip_range           | 0.2          |
|    entropy_loss         | -0.0163      |
|    explained_variance   | 0.789        |
|    learning_rate        | 0.0003       |
|    loss                 | 1.63         |
|    n_updates            | 220          |
|    policy_gradient_loss | 2.98e-07     |
|    value_loss           | 4.29         |
------------------------------------------
-------------------------------------------
| rollout/                |               |
|    ep_len_mean          | 36.2          |
|    ep_rew_mean          | 18.9          |
| time/                   |               |
|    fps                  | 277           |
|    iterations           | 46            |
|    time_elapsed         | 84            |
|    total_timesteps      | 23552         |
| train/                  |               |
|    approx_kl            | 1.1813594e-05 |
|    clip_fraction        | 0             |
|    clip_range           | 0.2           |
|    entropy_loss         | -0.0165       |
|    explained_variance   | 0.82          |
|    learning_rate        | 0.0003        |
|    loss                 | 4.46          |
|    n_updates            | 225           |
|    policy_gradient_loss | -0.000274     |
|    value_loss           | 8.19          |
-------------------------------------------
--------------------------------------
| rollout/                |          |
|    ep_len_mean          | 36.8     |
|    ep_rew_mean          | 19.1     |
| time/                   |          |
|    fps                  | 277      |
|    iterations           | 47       |
|    time_elapsed         | 86       |
|    total_timesteps      | 24064    |
| train/                  |          |
|    approx_kl            | 0.0      |
|    clip_fraction        | 0        |
|    clip_range           | 0.2      |
|    entropy_loss         | -0.0146  |
|    explained_variance   | 0.757    |
|    learning_rate        | 0.0003   |
|    loss                 | 2.91     |
|    n_updates            | 230      |
|    policy_gradient_loss | 3.99e-08 |
|    value_loss           | 9.47     |
--------------------------------------
-------------------------------------------
| rollout/                |               |
|    ep_len_mean          | 36.5          |
|    ep_rew_mean          | 18.4          |
| time/                   |               |
|    fps                  | 277           |
|    iterations           | 48            |
|    time_elapsed         | 88            |
|    total_timesteps      | 24576         |
| train/                  |               |
|    approx_kl            | 2.4097972e-08 |
|    clip_fraction        | 0             |
|    clip_range           | 0.2           |
|    entropy_loss         | -0.0154       |
|    explained_variance   | 0.775         |
|    learning_rate        | 0.0003        |
|    loss                 | 1.96          |
|    n_updates            | 235           |
|    policy_gradient_loss | 4.39e-07      |
|    value_loss           | 5.31          |
-------------------------------------------
-------------------------------------------
| rollout/                |               |
|    ep_len_mean          | 36.7          |
|    ep_rew_mean          | 18.6          |
| time/                   |               |
|    fps                  | 278           |
|    iterations           | 49            |
|    time_elapsed         | 90            |
|    total_timesteps      | 25088         |
| train/                  |               |
|    approx_kl            | 4.0487386e-05 |
|    clip_fraction        | 0             |
|    clip_range           | 0.2           |
|    entropy_loss         | -0.015        |
|    explained_variance   | 0.673         |
|    learning_rate        | 0.0003        |
|    loss                 | 3.2           |
|    n_updates            | 240           |
|    policy_gradient_loss | -0.00075      |
|    value_loss           | 8.26          |
-------------------------------------------
------------------------------------------
| rollout/                |              |
|    ep_len_mean          | 37.3         |
|    ep_rew_mean          | 17.5         |
| time/                   |              |
|    fps                  | 278          |
|    iterations           | 50           |
|    time_elapsed         | 91           |
|    total_timesteps      | 25600        |
| train/                  |              |
|    approx_kl            | 1.069298e-05 |
|    clip_fraction        | 0            |
|    clip_range           | 0.2          |
|    entropy_loss         | -0.0129      |
|    explained_variance   | 0.836        |
|    learning_rate        | 0.0003       |
|    loss                 | 3.15         |
|    n_updates            | 245          |
|    policy_gradient_loss | -0.000284    |
|    value_loss           | 5.39         |
------------------------------------------
--------------------------------------
| rollout/                |          |
|    ep_len_mean          | 36.9     |
|    ep_rew_mean          | 18.4     |
| time/                   |          |
|    fps                  | 279      |
|    iterations           | 51       |
|    time_elapsed         | 93       |
|    total_timesteps      | 26112    |
| train/                  |          |
|    approx_kl            | 0.0      |
|    clip_fraction        | 0        |
|    clip_range           | 0.2      |
|    entropy_loss         | -0.0123  |
|    explained_variance   | 0.768    |
|    learning_rate        | 0.0003   |
|    loss                 | 5.27     |
|    n_updates            | 250      |
|    policy_gradient_loss | 8.8e-07  |
|    value_loss           | 16.6     |
--------------------------------------
------------------------------------------
| rollout/                |              |
|    ep_len_mean          | 37.5         |
|    ep_rew_mean          | 19.2         |
| time/                   |              |
|    fps                  | 279          |
|    iterations           | 52           |
|    time_elapsed         | 95           |
|    total_timesteps      | 26624        |
| train/                  |              |
|    approx_kl            | 1.967419e-08 |
|    clip_fraction        | 0            |
|    clip_range           | 0.2          |
|    entropy_loss         | -0.0125      |
|    explained_variance   | 0.816        |
|    learning_rate        | 0.0003       |
|    loss                 | 3.73         |
|    n_updates            | 255          |
|    policy_gradient_loss | -1.21e-09    |
|    value_loss           | 7.47         |
------------------------------------------
-------------------------------------------
| rollout/                |               |
|    ep_len_mean          | 37.2          |
|    ep_rew_mean          | 19.2          |
| time/                   |               |
|    fps                  | 279           |
|    iterations           | 53            |
|    time_elapsed         | 97            |
|    total_timesteps      | 27136         |
| train/                  |               |
|    approx_kl            | 1.9557774e-08 |
|    clip_fraction        | 0             |
|    clip_range           | 0.2           |
|    entropy_loss         | -0.0131       |
|    explained_variance   | 0.816         |
|    learning_rate        | 0.0003        |
|    loss                 | 3.17          |
|    n_updates            | 260           |
|    policy_gradient_loss | 2.66e-07      |
|    value_loss           | 8.13          |
-------------------------------------------
------------------------------------------
| rollout/                |              |
|    ep_len_mean          | 38           |
|    ep_rew_mean          | 19.9         |
| time/                   |              |
|    fps                  | 279          |
|    iterations           | 54           |
|    time_elapsed         | 98           |
|    total_timesteps      | 27648        |
| train/                  |              |
|    approx_kl            | 5.627633e-06 |
|    clip_fraction        | 0            |
|    clip_range           | 0.2          |
|    entropy_loss         | -0.014       |
|    explained_variance   | 0.757        |
|    learning_rate        | 0.0003       |
|    loss                 | 2.31         |
|    n_updates            | 265          |
|    policy_gradient_loss | 4.74e-05     |
|    value_loss           | 6.2          |
------------------------------------------
-------------------------------------------
| rollout/                |               |
|    ep_len_mean          | 40.1          |
|    ep_rew_mean          | 21.4          |
| time/                   |               |
|    fps                  | 280           |
|    iterations           | 55            |
|    time_elapsed         | 100           |
|    total_timesteps      | 28160         |
| train/                  |               |
|    approx_kl            | 7.8448444e-05 |
|    clip_fraction        | 0             |
|    clip_range           | 0.2           |
|    entropy_loss         | -0.0133       |
|    explained_variance   | 0.786         |
|    learning_rate        | 0.0003        |
|    loss                 | 2.41          |
|    n_updates            | 270           |
|    policy_gradient_loss | -0.0011       |
|    value_loss           | 7.63          |
-------------------------------------------
---------------------------------------
| rollout/                |           |
|    ep_len_mean          | 40.1      |
|    ep_rew_mean          | 21.4      |
| time/                   |           |
|    fps                  | 280       |
|    iterations           | 56        |
|    time_elapsed         | 102       |
|    total_timesteps      | 28672     |
| train/                  |           |
|    approx_kl            | 0.0       |
|    clip_fraction        | 0         |
|    clip_range           | 0.2       |
|    entropy_loss         | -0.0105   |
|    explained_variance   | 0.816     |
|    learning_rate        | 0.0003    |
|    loss                 | 2.93      |
|    n_updates            | 275       |
|    policy_gradient_loss | -3.44e-07 |
|    value_loss           | 8.09      |
---------------------------------------
-------------------------------------------
| rollout/                |               |
|    ep_len_mean          | 39.3          |
|    ep_rew_mean          | 20.8          |
| time/                   |               |
|    fps                  | 280           |
|    iterations           | 57            |
|    time_elapsed         | 104           |
|    total_timesteps      | 29184         |
| train/                  |               |
|    approx_kl            | 2.2118911e-08 |
|    clip_fraction        | 0             |
|    clip_range           | 0.2           |
|    entropy_loss         | -0.0109       |
|    explained_variance   | 0.842         |
|    learning_rate        | 0.0003        |
|    loss                 | 3.04          |
|    n_updates            | 280           |
|    policy_gradient_loss | 5.32e-08      |
|    value_loss           | 5.95          |
-------------------------------------------
-------------------------------------------
| rollout/                |               |
|    ep_len_mean          | 39.5          |
|    ep_rew_mean          | 22.1          |
| time/                   |               |
|    fps                  | 280           |
|    iterations           | 58            |
|    time_elapsed         | 105           |
|    total_timesteps      | 29696         |
| train/                  |               |
|    approx_kl            | 2.4680048e-08 |
|    clip_fraction        | 0             |
|    clip_range           | 0.2           |
|    entropy_loss         | -0.0121       |
|    explained_variance   | 0.813         |
|    learning_rate        | 0.0003        |
|    loss                 | 1.82          |
|    n_updates            | 285           |
|    policy_gradient_loss | -7.17e-07     |
|    value_loss           | 5.21          |
-------------------------------------------
-------------------------------------------
| rollout/                |               |
|    ep_len_mean          | 39.2          |
|    ep_rew_mean          | 21.9          |
| time/                   |               |
|    fps                  | 280           |
|    iterations           | 59            |
|    time_elapsed         | 107           |
|    total_timesteps      | 30208         |
| train/                  |               |
|    approx_kl            | 2.5262125e-08 |
|    clip_fraction        | 0             |
|    clip_range           | 0.2           |
|    entropy_loss         | -0.013        |
|    explained_variance   | 0.823         |
|    learning_rate        | 0.0003        |
|    loss                 | 2.19          |
|    n_updates            | 290           |
|    policy_gradient_loss | -8.59e-08     |
|    value_loss           | 5.84          |
-------------------------------------------
-------------------------------------------
| rollout/                |               |
|    ep_len_mean          | 40            |
|    ep_rew_mean          | 22.3          |
| time/                   |               |
|    fps                  | 281           |
|    iterations           | 60            |
|    time_elapsed         | 109           |
|    total_timesteps      | 30720         |
| train/                  |               |
|    approx_kl            | 6.7307847e-06 |
|    clip_fraction        | 0             |
|    clip_range           | 0.2           |
|    entropy_loss         | -0.0134       |
|    explained_variance   | 0.742         |
|    learning_rate        | 0.0003        |
|    loss                 | 4.72          |
|    n_updates            | 295           |
|    policy_gradient_loss | -0.000156     |
|    value_loss           | 10.1          |
-------------------------------------------
--------------------------------------
| rollout/                |          |
|    ep_len_mean          | 38       |
|    ep_rew_mean          | 20.8     |
| time/                   |          |
|    fps                  | 281      |
|    iterations           | 61       |
|    time_elapsed         | 111      |
|    total_timesteps      | 31232    |
| train/                  |          |
|    approx_kl            | 0.0      |
|    clip_fraction        | 0        |
|    clip_range           | 0.2      |
|    entropy_loss         | -0.0125  |
|    explained_variance   | 0.851    |
|    learning_rate        | 0.0003   |
|    loss                 | 4.36     |
|    n_updates            | 300      |
|    policy_gradient_loss | 1.17e-07 |
|    value_loss           | 8.08     |
--------------------------------------
-------------------------------------------
| rollout/                |               |
|    ep_len_mean          | 37            |
|    ep_rew_mean          | 20.1          |
| time/                   |               |
|    fps                  | 281           |
|    iterations           | 62            |
|    time_elapsed         | 112           |
|    total_timesteps      | 31744         |
| train/                  |               |
|    approx_kl            | 1.4059478e-06 |
|    clip_fraction        | 0             |
|    clip_range           | 0.2           |
|    entropy_loss         | -0.0131       |
|    explained_variance   | 0.822         |
|    learning_rate        | 0.0003        |
|    loss                 | 3.69          |
|    n_updates            | 305           |
|    policy_gradient_loss | 2.22e-05      |
|    value_loss           | 9.46          |
-------------------------------------------
------------------------------------------
| rollout/                |              |
|    ep_len_mean          | 36.1         |
|    ep_rew_mean          | 18.4         |
| time/                   |              |
|    fps                  | 281          |
|    iterations           | 63           |
|    time_elapsed         | 114          |
|    total_timesteps      | 32256        |
| train/                  |              |
|    approx_kl            | 3.608875e-08 |
|    clip_fraction        | 0            |
|    clip_range           | 0.2          |
|    entropy_loss         | -0.0138      |
|    explained_variance   | 0.829        |
|    learning_rate        | 0.0003       |
|    loss                 | 2.35         |
|    n_updates            | 310          |
|    policy_gradient_loss | -5.37e-07    |
|    value_loss           | 5.42         |
------------------------------------------
-------------------------------------------
| rollout/                |               |
|    ep_len_mean          | 35.4          |
|    ep_rew_mean          | 17.9          |
| time/                   |               |
|    fps                  | 282           |
|    iterations           | 64            |
|    time_elapsed         | 116           |
|    total_timesteps      | 32768         |
| train/                  |               |
|    approx_kl            | 3.2479875e-08 |
|    clip_fraction        | 0             |
|    clip_range           | 0.2           |
|    entropy_loss         | -0.0157       |
|    explained_variance   | 0.834         |
|    learning_rate        | 0.0003        |
|    loss                 | 4.28          |
|    n_updates            | 315           |
|    policy_gradient_loss | -1.63e-06     |
|    value_loss           | 9.81          |
-------------------------------------------
-------------------------------------------
| rollout/                |               |
|    ep_len_mean          | 35.2          |
|    ep_rew_mean          | 18.1          |
| time/                   |               |
|    fps                  | 282           |
|    iterations           | 65            |
|    time_elapsed         | 117           |
|    total_timesteps      | 33280         |
| train/                  |               |
|    approx_kl            | 2.5789137e-05 |
|    clip_fraction        | 0             |
|    clip_range           | 0.2           |
|    entropy_loss         | -0.0155       |
|    explained_variance   | 0.875         |
|    learning_rate        | 0.0003        |
|    loss                 | 2.03          |
|    n_updates            | 320           |
|    policy_gradient_loss | -0.000259     |
|    value_loss           | 6.62          |
-------------------------------------------
-------------------------------------------
| rollout/                |               |
|    ep_len_mean          | 35.9          |
|    ep_rew_mean          | 18.1          |
| time/                   |               |
|    fps                  | 282           |
|    iterations           | 66            |
|    time_elapsed         | 119           |
|    total_timesteps      | 33792         |
| train/                  |               |
|    approx_kl            | 5.7494035e-06 |
|    clip_fraction        | 0             |
|    clip_range           | 0.2           |
|    entropy_loss         | -0.0131       |
|    explained_variance   | 0.81          |
|    learning_rate        | 0.0003        |
|    loss                 | 5.66          |
|    n_updates            | 325           |
|    policy_gradient_loss | -0.000342     |
|    value_loss           | 11.7          |
-------------------------------------------
------------------------------------------
| rollout/                |              |
|    ep_len_mean          | 33.9         |
|    ep_rew_mean          | 16.2         |
| time/                   |              |
|    fps                  | 282          |
|    iterations           | 67           |
|    time_elapsed         | 121          |
|    total_timesteps      | 34304        |
| train/                  |              |
|    approx_kl            | 2.142042e-08 |
|    clip_fraction        | 0            |
|    clip_range           | 0.2          |
|    entropy_loss         | -0.0131      |
|    explained_variance   | 0.777        |
|    learning_rate        | 0.0003       |
|    loss                 | 2.69         |
|    n_updates            | 330          |
|    policy_gradient_loss | 2.99e-08     |
|    value_loss           | 5.34         |
------------------------------------------
-------------------------------------------
| rollout/                |               |
|    ep_len_mean          | 34.1          |
|    ep_rew_mean          | 16.7          |
| time/                   |               |
|    fps                  | 282           |
|    iterations           | 68            |
|    time_elapsed         | 123           |
|    total_timesteps      | 34816         |
| train/                  |               |
|    approx_kl            | 3.4330878e-07 |
|    clip_fraction        | 0             |
|    clip_range           | 0.2           |
|    entropy_loss         | -0.014        |
|    explained_variance   | 0.829         |
|    learning_rate        | 0.0003        |
|    loss                 | 4.2           |
|    n_updates            | 335           |
|    policy_gradient_loss | 3.96e-05      |
|    value_loss           | 8.91          |
-------------------------------------------
-------------------------------------------
| rollout/                |               |
|    ep_len_mean          | 34.3          |
|    ep_rew_mean          | 17.5          |
| time/                   |               |
|    fps                  | 282           |
|    iterations           | 69            |
|    time_elapsed         | 125           |
|    total_timesteps      | 35328         |
| train/                  |               |
|    approx_kl            | 1.6371254e-05 |
|    clip_fraction        | 0             |
|    clip_range           | 0.2           |
|    entropy_loss         | -0.013        |
|    explained_variance   | 0.792         |
|    learning_rate        | 0.0003        |
|    loss                 | 3.25          |
|    n_updates            | 340           |
|    policy_gradient_loss | -0.000429     |
|    value_loss           | 5.63          |
-------------------------------------------
------------------------------------------
| rollout/                |              |
|    ep_len_mean          | 34.8         |
|    ep_rew_mean          | 17.7         |
| time/                   |              |
|    fps                  | 282          |
|    iterations           | 70           |
|    time_elapsed         | 126          |
|    total_timesteps      | 35840        |
| train/                  |              |
|    approx_kl            | 7.114955e-06 |
|    clip_fraction        | 0            |
|    clip_range           | 0.2          |
|    entropy_loss         | -0.0115      |
|    explained_variance   | 0.753        |
|    learning_rate        | 0.0003       |
|    loss                 | 2.23         |
|    n_updates            | 345          |
|    policy_gradient_loss | -0.000377    |
|    value_loss           | 6.52         |
------------------------------------------
-------------------------------------------
| rollout/                |               |
|    ep_len_mean          | 35.2          |
|    ep_rew_mean          | 18.2          |
| time/                   |               |
|    fps                  | 282           |
|    iterations           | 71            |
|    time_elapsed         | 128           |
|    total_timesteps      | 36352         |
| train/                  |               |
|    approx_kl            | 2.7710688e-05 |
|    clip_fraction        | 0             |
|    clip_range           | 0.2           |
|    entropy_loss         | -0.0106       |
|    explained_variance   | 0.756         |
|    learning_rate        | 0.0003        |
|    loss                 | 3.24          |
|    n_updates            | 350           |
|    policy_gradient_loss | -0.000342     |
|    value_loss           | 5.79          |
-------------------------------------------
------------------------------------------
| rollout/                |              |
|    ep_len_mean          | 35.8         |
|    ep_rew_mean          | 18.2         |
| time/                   |              |
|    fps                  | 282          |
|    iterations           | 72           |
|    time_elapsed         | 130          |
|    total_timesteps      | 36864        |
| train/                  |              |
|    approx_kl            | 8.265488e-09 |
|    clip_fraction        | 0            |
|    clip_range           | 0.2          |
|    entropy_loss         | -0.0089      |
|    explained_variance   | 0.812        |
|    learning_rate        | 0.0003       |
|    loss                 | 2.07         |
|    n_updates            | 355          |
|    policy_gradient_loss | -1.47e-07    |
|    value_loss           | 3.83         |
------------------------------------------
-------------------------------------------
| rollout/                |               |
|    ep_len_mean          | 35.7          |
|    ep_rew_mean          | 18.5          |
| time/                   |               |
|    fps                  | 283           |
|    iterations           | 73            |
|    time_elapsed         | 132           |
|    total_timesteps      | 37376         |
| train/                  |               |
|    approx_kl            | 2.4563633e-08 |
|    clip_fraction        | 0             |
|    clip_range           | 0.2           |
|    entropy_loss         | -0.00977      |
|    explained_variance   | 0.83          |
|    learning_rate        | 0.0003        |
|    loss                 | 2.82          |
|    n_updates            | 360           |
|    policy_gradient_loss | -3.23e-07     |
|    value_loss           | 5.7           |
-------------------------------------------
-------------------------------------------
| rollout/                |               |
|    ep_len_mean          | 37            |
|    ep_rew_mean          | 19.8          |
| time/                   |               |
|    fps                  | 283           |
|    iterations           | 74            |
|    time_elapsed         | 133           |
|    total_timesteps      | 37888         |
| train/                  |               |
|    approx_kl            | 1.7486978e-05 |
|    clip_fraction        | 0             |
|    clip_range           | 0.2           |
|    entropy_loss         | -0.0101       |
|    explained_variance   | 0.808         |
|    learning_rate        | 0.0003        |
|    loss                 | 1.97          |
|    n_updates            | 365           |
|    policy_gradient_loss | -0.000339     |
|    value_loss           | 7.73          |
-------------------------------------------
-----------------------------------------
| rollout/                |             |
|    ep_len_mean          | 37.2        |
|    ep_rew_mean          | 20.2        |
| time/                   |             |
|    fps                  | 283         |
|    iterations           | 75          |
|    time_elapsed         | 135         |
|    total_timesteps      | 38400       |
| train/                  |             |
|    approx_kl            | 7.44944e-05 |
|    clip_fraction        | 0           |
|    clip_range           | 0.2         |
|    entropy_loss         | -0.00804    |
|    explained_variance   | 0.793       |
|    learning_rate        | 0.0003      |
|    loss                 | 1.44        |
|    n_updates            | 370         |
|    policy_gradient_loss | -0.00127    |
|    value_loss           | 7.28        |
-----------------------------------------
-------------------------------------------
| rollout/                |               |
|    ep_len_mean          | 36.8          |
|    ep_rew_mean          | 19.4          |
| time/                   |               |
|    fps                  | 283           |
|    iterations           | 76            |
|    time_elapsed         | 137           |
|    total_timesteps      | 38912         |
| train/                  |               |
|    approx_kl            | 2.1304004e-08 |
|    clip_fraction        | 0             |
|    clip_range           | 0.2           |
|    entropy_loss         | -0.00738      |
|    explained_variance   | 0.877         |
|    learning_rate        | 0.0003        |
|    loss                 | 2.03          |
|    n_updates            | 375           |
|    policy_gradient_loss | -1.13e-08     |
|    value_loss           | 4.86          |
-------------------------------------------
-------------------------------------------
| rollout/                |               |
|    ep_len_mean          | 36            |
|    ep_rew_mean          | 19.6          |
| time/                   |               |
|    fps                  | 283           |
|    iterations           | 77            |
|    time_elapsed         | 139           |
|    total_timesteps      | 39424         |
| train/                  |               |
|    approx_kl            | 1.5215483e-07 |
|    clip_fraction        | 0             |
|    clip_range           | 0.2           |
|    entropy_loss         | -0.00776      |
|    explained_variance   | 0.802         |
|    learning_rate        | 0.0003        |
|    loss                 | 4.86          |
|    n_updates            | 380           |
|    policy_gradient_loss | 4.24e-05      |
|    value_loss           | 12.3          |
-------------------------------------------
-------------------------------------------
| rollout/                |               |
|    ep_len_mean          | 36.7          |
|    ep_rew_mean          | 20.3          |
| time/                   |               |
|    fps                  | 283           |
|    iterations           | 78            |
|    time_elapsed         | 140           |
|    total_timesteps      | 39936         |
| train/                  |               |
|    approx_kl            | 1.2430828e-05 |
|    clip_fraction        | 0             |
|    clip_range           | 0.2           |
|    entropy_loss         | -0.00703      |
|    explained_variance   | 0.822         |
|    learning_rate        | 0.0003        |
|    loss                 | 2.81          |
|    n_updates            | 385           |
|    policy_gradient_loss | -0.000407     |
|    value_loss           | 7.61          |
-------------------------------------------
--------------------------------------
| rollout/                |          |
|    ep_len_mean          | 36.9     |
|    ep_rew_mean          | 20       |
| time/                   |          |
|    fps                  | 283      |
|    iterations           | 79       |
|    time_elapsed         | 142      |
|    total_timesteps      | 40448    |
| train/                  |          |
|    approx_kl            | 0.0      |
|    clip_fraction        | 0        |
|    clip_range           | 0.2      |
|    entropy_loss         | -0.00603 |
|    explained_variance   | 0.858    |
|    learning_rate        | 0.0003   |
|    loss                 | 2.26     |
|    n_updates            | 390      |
|    policy_gradient_loss | 1.84e-07 |
|    value_loss           | 5.94     |
--------------------------------------
-------------------------------------------
| rollout/                |               |
|    ep_len_mean          | 36.3          |
|    ep_rew_mean          | 19.3          |
| time/                   |               |
|    fps                  | 283           |
|    iterations           | 80            |
|    time_elapsed         | 144           |
|    total_timesteps      | 40960         |
| train/                  |               |
|    approx_kl            | 1.5165424e-06 |
|    clip_fraction        | 0             |
|    clip_range           | 0.2           |
|    entropy_loss         | -0.00593      |
|    explained_variance   | 0.834         |
|    learning_rate        | 0.0003        |
|    loss                 | 3.89          |
|    n_updates            | 395           |
|    policy_gradient_loss | -0.000167     |
|    value_loss           | 7.76          |
-------------------------------------------
--------------------------------------------
| rollout/                |                |
|    ep_len_mean          | 35.4           |
|    ep_rew_mean          | 18.9           |
| time/                   |                |
|    fps                  | 283            |
|    iterations           | 81             |
|    time_elapsed         | 146            |
|    total_timesteps      | 41472          |
| train/                  |                |
|    approx_kl            | 0.000115701114 |
|    clip_fraction        | 0.00117        |
|    clip_range           | 0.2            |
|    entropy_loss         | -0.00467       |
|    explained_variance   | 0.874          |
|    learning_rate        | 0.0003         |
|    loss                 | 3.24           |
|    n_updates            | 400            |
|    policy_gradient_loss | -0.00133       |
|    value_loss           | 3.84           |
--------------------------------------------
-------------------------------------------
| rollout/                |               |
|    ep_len_mean          | 35.7          |
|    ep_rew_mean          | 18.6          |
| time/                   |               |
|    fps                  | 283           |
|    iterations           | 82            |
|    time_elapsed         | 148           |
|    total_timesteps      | 41984         |
| train/                  |               |
|    approx_kl            | 2.0256266e-08 |
|    clip_fraction        | 0             |
|    clip_range           | 0.2           |
|    entropy_loss         | -0.00407      |
|    explained_variance   | 0.899         |
|    learning_rate        | 0.0003        |
|    loss                 | 1.4           |
|    n_updates            | 405           |
|    policy_gradient_loss | 6.75e-08      |
|    value_loss           | 2.52          |
-------------------------------------------
------------------------------------------
| rollout/                |              |
|    ep_len_mean          | 36.4         |
|    ep_rew_mean          | 19.7         |
| time/                   |              |
|    fps                  | 282          |
|    iterations           | 83           |
|    time_elapsed         | 150          |
|    total_timesteps      | 42496        |
| train/                  |              |
|    approx_kl            | 1.816079e-08 |
|    clip_fraction        | 0            |
|    clip_range           | 0.2          |
|    entropy_loss         | -0.0043      |
|    explained_variance   | 0.906        |
|    learning_rate        | 0.0003       |
|    loss                 | 0.923        |
|    n_updates            | 410          |
|    policy_gradient_loss | 1.16e-08     |
|    value_loss           | 2.57         |
------------------------------------------
-------------------------------------------
| rollout/                |               |
|    ep_len_mean          | 38.4          |
|    ep_rew_mean          | 20.7          |
| time/                   |               |
|    fps                  | 282           |
|    iterations           | 84            |
|    time_elapsed         | 151           |
|    total_timesteps      | 43008         |
| train/                  |               |
|    approx_kl            | 1.8859282e-08 |
|    clip_fraction        | 0             |
|    clip_range           | 0.2           |
|    entropy_loss         | -0.00455      |
|    explained_variance   | 0.867         |
|    learning_rate        | 0.0003        |
|    loss                 | 1.74          |
|    n_updates            | 415           |
|    policy_gradient_loss | -7.84e-08     |
|    value_loss           | 4.69          |
-------------------------------------------
-------------------------------------------
| rollout/                |               |
|    ep_len_mean          | 37.9          |
|    ep_rew_mean          | 19.7          |
| time/                   |               |
|    fps                  | 283           |
|    iterations           | 85            |
|    time_elapsed         | 153           |
|    total_timesteps      | 43520         |
| train/                  |               |
|    approx_kl            | 1.6880222e-08 |
|    clip_fraction        | 0             |
|    clip_range           | 0.2           |
|    entropy_loss         | -0.0047       |
|    explained_variance   | 0.877         |
|    learning_rate        | 0.0003        |
|    loss                 | 3.78          |
|    n_updates            | 420           |
|    policy_gradient_loss | -5.36e-08     |
|    value_loss           | 6.19          |
-------------------------------------------
------------------------------------------
| rollout/                |              |
|    ep_len_mean          | 37.1         |
|    ep_rew_mean          | 19.8         |
| time/                   |              |
|    fps                  | 282          |
|    iterations           | 86           |
|    time_elapsed         | 155          |
|    total_timesteps      | 44032        |
| train/                  |              |
|    approx_kl            | 8.812407e-06 |
|    clip_fraction        | 0            |
|    clip_range           | 0.2          |
|    entropy_loss         | -0.00473     |
|    explained_variance   | 0.705        |
|    learning_rate        | 0.0003       |
|    loss                 | 5.55         |
|    n_updates            | 425          |
|    policy_gradient_loss | -0.000253    |
|    value_loss           | 13.9         |
------------------------------------------
-------------------------------------------
| rollout/                |               |
|    ep_len_mean          | 38.3          |
|    ep_rew_mean          | 20.5          |
| time/                   |               |
|    fps                  | 282           |
|    iterations           | 87            |
|    time_elapsed         | 157           |
|    total_timesteps      | 44544         |
| train/                  |               |
|    approx_kl            | 8.6824875e-05 |
|    clip_fraction        | 0.000781      |
|    clip_range           | 0.2           |
|    entropy_loss         | -0.00379      |
|    explained_variance   | 0.905         |
|    learning_rate        | 0.0003        |
|    loss                 | 1.84          |
|    n_updates            | 430           |
|    policy_gradient_loss | -0.000962     |
|    value_loss           | 2.51          |
-------------------------------------------
-------------------------------------------
| rollout/                |               |
|    ep_len_mean          | 37.7          |
|    ep_rew_mean          | 19.5          |
| time/                   |               |
|    fps                  | 282           |
|    iterations           | 88            |
|    time_elapsed         | 159           |
|    total_timesteps      | 45056         |
| train/                  |               |
|    approx_kl            | 1.8044375e-08 |
|    clip_fraction        | 0             |
|    clip_range           | 0.2           |
|    entropy_loss         | -0.0033       |
|    explained_variance   | 0.834         |
|    learning_rate        | 0.0003        |
|    loss                 | 1.86          |
|    n_updates            | 435           |
|    policy_gradient_loss | 3.84e-09      |
|    value_loss           | 5.54          |
-------------------------------------------
-------------------------------------------
| rollout/                |               |
|    ep_len_mean          | 37.5          |
|    ep_rew_mean          | 18.5          |
| time/                   |               |
|    fps                  | 283           |
|    iterations           | 89            |
|    time_elapsed         | 160           |
|    total_timesteps      | 45568         |
| train/                  |               |
|    approx_kl            | 2.4447218e-08 |
|    clip_fraction        | 0             |
|    clip_range           | 0.2           |
|    entropy_loss         | -0.00341      |
|    explained_variance   | 0.884         |
|    learning_rate        | 0.0003        |
|    loss                 | 5.55          |
|    n_updates            | 440           |
|    policy_gradient_loss | -9.2e-09      |
|    value_loss           | 9.64          |
-------------------------------------------
------------------------------------------
| rollout/                |              |
|    ep_len_mean          | 36.9         |
|    ep_rew_mean          | 17.5         |
| time/                   |              |
|    fps                  | 283          |
|    iterations           | 90           |
|    time_elapsed         | 162          |
|    total_timesteps      | 46080        |
| train/                  |              |
|    approx_kl            | 8.731149e-09 |
|    clip_fraction        | 0            |
|    clip_range           | 0.2          |
|    entropy_loss         | -0.00348     |
|    explained_variance   | 0.737        |
|    learning_rate        | 0.0003       |
|    loss                 | 2.74         |
|    n_updates            | 445          |
|    policy_gradient_loss | -3.03e-09    |
|    value_loss           | 9.68         |
------------------------------------------
-------------------------------------------
| rollout/                |               |
|    ep_len_mean          | 36.8          |
|    ep_rew_mean          | 17.2          |
| time/                   |               |
|    fps                  | 283           |
|    iterations           | 91            |
|    time_elapsed         | 164           |
|    total_timesteps      | 46592         |
| train/                  |               |
|    approx_kl            | 1.9441359e-08 |
|    clip_fraction        | 0             |
|    clip_range           | 0.2           |
|    entropy_loss         | -0.00353      |
|    explained_variance   | 0.905         |
|    learning_rate        | 0.0003        |
|    loss                 | 3.28          |
|    n_updates            | 450           |
|    policy_gradient_loss | -2.86e-08     |
|    value_loss           | 10.3          |
-------------------------------------------
-------------------------------------------
| rollout/                |               |
|    ep_len_mean          | 36.5          |
|    ep_rew_mean          | 17            |
| time/                   |               |
|    fps                  | 283           |
|    iterations           | 92            |
|    time_elapsed         | 166           |
|    total_timesteps      | 47104         |
| train/                  |               |
|    approx_kl            | 2.1071173e-08 |
|    clip_fraction        | 0             |
|    clip_range           | 0.2           |
|    entropy_loss         | -0.00362      |
|    explained_variance   | 0.933         |
|    learning_rate        | 0.0003        |
|    loss                 | 0.857         |
|    n_updates            | 455           |
|    policy_gradient_loss | 4.21e-08      |
|    value_loss           | 1.93          |
-------------------------------------------
-------------------------------------------
| rollout/                |               |
|    ep_len_mean          | 36.3          |
|    ep_rew_mean          | 17            |
| time/                   |               |
|    fps                  | 283           |
|    iterations           | 93            |
|    time_elapsed         | 167           |
|    total_timesteps      | 47616         |
| train/                  |               |
|    approx_kl            | 1.6763806e-08 |
|    clip_fraction        | 0             |
|    clip_range           | 0.2           |
|    entropy_loss         | -0.00381      |
|    explained_variance   | 0.927         |
|    learning_rate        | 0.0003        |
|    loss                 | 4.49          |
|    n_updates            | 460           |
|    policy_gradient_loss | -8.69e-08     |
|    value_loss           | 8.2           |
-------------------------------------------
-------------------------------------------
| rollout/                |               |
|    ep_len_mean          | 36.4          |
|    ep_rew_mean          | 17.2          |
| time/                   |               |
|    fps                  | 283           |
|    iterations           | 94            |
|    time_elapsed         | 169           |
|    total_timesteps      | 48128         |
| train/                  |               |
|    approx_kl            | 1.7345883e-08 |
|    clip_fraction        | 0             |
|    clip_range           | 0.2           |
|    entropy_loss         | -0.00392      |
|    explained_variance   | 0.919         |
|    learning_rate        | 0.0003        |
|    loss                 | 3.41          |
|    n_updates            | 465           |
|    policy_gradient_loss | 3.14e-09      |
|    value_loss           | 6.76          |
-------------------------------------------
-------------------------------------------
| rollout/                |               |
|    ep_len_mean          | 37            |
|    ep_rew_mean          | 17.4          |
| time/                   |               |
|    fps                  | 283           |
|    iterations           | 95            |
|    time_elapsed         | 171           |
|    total_timesteps      | 48640         |
| train/                  |               |
|    approx_kl            | 2.2468157e-08 |
|    clip_fraction        | 0             |
|    clip_range           | 0.2           |
|    entropy_loss         | -0.00403      |
|    explained_variance   | 0.868         |
|    learning_rate        | 0.0003        |
|    loss                 | 2.14          |
|    n_updates            | 470           |
|    policy_gradient_loss | -1.16e-08     |
|    value_loss           | 4.65          |
-------------------------------------------
-------------------------------------------
| rollout/                |               |
|    ep_len_mean          | 37.1          |
|    ep_rew_mean          | 18.7          |
| time/                   |               |
|    fps                  | 284           |
|    iterations           | 96            |
|    time_elapsed         | 173           |
|    total_timesteps      | 49152         |
| train/                  |               |
|    approx_kl            | 1.6996637e-08 |
|    clip_fraction        | 0             |
|    clip_range           | 0.2           |
|    entropy_loss         | -0.00422      |
|    explained_variance   | 0.932         |
|    learning_rate        | 0.0003        |
|    loss                 | 2.36          |
|    n_updates            | 475           |
|    policy_gradient_loss | 2.98e-08      |
|    value_loss           | 6.7           |
-------------------------------------------
-------------------------------------------
| rollout/                |               |
|    ep_len_mean          | 37.1          |
|    ep_rew_mean          | 19.9          |
| time/                   |               |
|    fps                  | 284           |
|    iterations           | 97            |
|    time_elapsed         | 174           |
|    total_timesteps      | 49664         |
| train/                  |               |
|    approx_kl            | 1.5483238e-08 |
|    clip_fraction        | 0             |
|    clip_range           | 0.2           |
|    entropy_loss         | -0.00439      |
|    explained_variance   | 0.91          |
|    learning_rate        | 0.0003        |
|    loss                 | 1.73          |
|    n_updates            | 480           |
|    policy_gradient_loss | 6.35e-08      |
|    value_loss           | 4.43          |
-------------------------------------------
-------------------------------------------
| rollout/                |               |
|    ep_len_mean          | 36.2          |
|    ep_rew_mean          | 19.8          |
| time/                   |               |
|    fps                  | 284           |
|    iterations           | 98            |
|    time_elapsed         | 176           |
|    total_timesteps      | 50176         |
| train/                  |               |
|    approx_kl            | 2.6301946e-05 |
|    clip_fraction        | 0             |
|    clip_range           | 0.2           |
|    entropy_loss         | -0.00413      |
|    explained_variance   | 0.923         |
|    learning_rate        | 0.0003        |
|    loss                 | 1.33          |
|    n_updates            | 485           |
|    policy_gradient_loss | -0.000641     |
|    value_loss           | 5.15          |
-------------------------------------------
--------------------------------------
| rollout/                |          |
|    ep_len_mean          | 36.5     |
|    ep_rew_mean          | 20.5     |
| time/                   |          |
|    fps                  | 284      |
|    iterations           | 99       |
|    time_elapsed         | 178      |
|    total_timesteps      | 50688    |
| train/                  |          |
|    approx_kl            | 0.0      |
|    clip_fraction        | 0        |
|    clip_range           | 0.2      |
|    entropy_loss         | -0.00378 |
|    explained_variance   | 0.839    |
|    learning_rate        | 0.0003   |
|    loss                 | 4.69     |
|    n_updates            | 490      |
|    policy_gradient_loss | 3.15e-08 |
|    value_loss           | 7.23     |
--------------------------------------
-------------------------------------------
| rollout/                |               |
|    ep_len_mean          | 37.5          |
|    ep_rew_mean          | 20.8          |
| time/                   |               |
|    fps                  | 283           |
|    iterations           | 100           |
|    time_elapsed         | 180           |
|    total_timesteps      | 51200         |
| train/                  |               |
|    approx_kl            | 1.6880222e-08 |
|    clip_fraction        | 0             |
|    clip_range           | 0.2           |
|    entropy_loss         | -0.00389      |
|    explained_variance   | 0.853         |
|    learning_rate        | 0.0003        |
|    loss                 | 1.52          |
|    n_updates            | 495           |
|    policy_gradient_loss | 5.54e-08      |
|    value_loss           | 4             |
-------------------------------------------
------------------------------------------
| rollout/                |              |
|    ep_len_mean          | 36.4         |
|    ep_rew_mean          | 20.8         |
| time/                   |              |
|    fps                  | 283          |
|    iterations           | 101          |
|    time_elapsed         | 182          |
|    total_timesteps      | 51712        |
| train/                  |              |
|    approx_kl            | 7.943134e-06 |
|    clip_fraction        | 0            |
|    clip_range           | 0.2          |
|    entropy_loss         | -0.00385     |
|    explained_variance   | 0.902        |
|    learning_rate        | 0.0003       |
|    loss                 | 1.81         |
|    n_updates            | 500          |
|    policy_gradient_loss | -0.000192    |
|    value_loss           | 4.92         |
------------------------------------------
---------------------------------------
| rollout/                |           |
|    ep_len_mean          | 37.1      |
|    ep_rew_mean          | 21.9      |
| time/                   |           |
|    fps                  | 283       |
|    iterations           | 102       |
|    time_elapsed         | 184       |
|    total_timesteps      | 52224     |
| train/                  |           |
|    approx_kl            | 0.0       |
|    clip_fraction        | 0         |
|    clip_range           | 0.2       |
|    entropy_loss         | -0.00339  |
|    explained_variance   | 0.92      |
|    learning_rate        | 0.0003    |
|    loss                 | 1.18      |
|    n_updates            | 505       |
|    policy_gradient_loss | -3.14e-08 |
|    value_loss           | 3.06      |
---------------------------------------
-------------------------------------------
| rollout/                |               |
|    ep_len_mean          | 36            |
|    ep_rew_mean          | 20.9          |
| time/                   |               |
|    fps                  | 283           |
|    iterations           | 103           |
|    time_elapsed         | 185           |
|    total_timesteps      | 52736         |
| train/                  |               |
|    approx_kl            | 1.5948899e-08 |
|    clip_fraction        | 0             |
|    clip_range           | 0.2           |
|    entropy_loss         | -0.00357      |
|    explained_variance   | 0.89          |
|    learning_rate        | 0.0003        |
|    loss                 | 0.956         |
|    n_updates            | 510           |
|    policy_gradient_loss | -2.87e-08     |
|    value_loss           | 2.65          |
-------------------------------------------
-------------------------------------------
| rollout/                |               |
|    ep_len_mean          | 35.1          |
|    ep_rew_mean          | 18.3          |
| time/                   |               |
|    fps                  | 283           |
|    iterations           | 104           |
|    time_elapsed         | 187           |
|    total_timesteps      | 53248         |
| train/                  |               |
|    approx_kl            | 1.9557774e-08 |
|    clip_fraction        | 0             |
|    clip_range           | 0.2           |
|    entropy_loss         | -0.00386      |
|    explained_variance   | 0.886         |
|    learning_rate        | 0.0003        |
|    loss                 | 1.39          |
|    n_updates            | 515           |
|    policy_gradient_loss | -5.45e-08     |
|    value_loss           | 3.87          |
-------------------------------------------
-------------------------------------------
| rollout/                |               |
|    ep_len_mean          | 36.5          |
|    ep_rew_mean          | 18.3          |
| time/                   |               |
|    fps                  | 283           |
|    iterations           | 105           |
|    time_elapsed         | 189           |
|    total_timesteps      | 53760         |
| train/                  |               |
|    approx_kl            | 1.7695129e-08 |
|    clip_fraction        | 0             |
|    clip_range           | 0.2           |
|    entropy_loss         | -0.00411      |
|    explained_variance   | 0.821         |
|    learning_rate        | 0.0003        |
|    loss                 | 4.95          |
|    n_updates            | 520           |
|    policy_gradient_loss | -9.49e-08     |
|    value_loss           | 17.8          |
-------------------------------------------
-------------------------------------------
| rollout/                |               |
|    ep_len_mean          | 37.5          |
|    ep_rew_mean          | 18.4          |
| time/                   |               |
|    fps                  | 284           |
|    iterations           | 106           |
|    time_elapsed         | 191           |
|    total_timesteps      | 54272         |
| train/                  |               |
|    approx_kl            | 2.2235326e-08 |
|    clip_fraction        | 0             |
|    clip_range           | 0.2           |
|    entropy_loss         | -0.00421      |
|    explained_variance   | 0.84          |
|    learning_rate        | 0.0003        |
|    loss                 | 2.38          |
|    n_updates            | 525           |
|    policy_gradient_loss | 6.4e-08       |
|    value_loss           | 6.6           |
-------------------------------------------
-------------------------------------------
| rollout/                |               |
|    ep_len_mean          | 36.8          |
|    ep_rew_mean          | 18.3          |
| time/                   |               |
|    fps                  | 284           |
|    iterations           | 107           |
|    time_elapsed         | 192           |
|    total_timesteps      | 54784         |
| train/                  |               |
|    approx_kl            | 1.6880222e-08 |
|    clip_fraction        | 0             |
|    clip_range           | 0.2           |
|    entropy_loss         | -0.00437      |
|    explained_variance   | 0.937         |
|    learning_rate        | 0.0003        |
|    loss                 | 2.14          |
|    n_updates            | 530           |
|    policy_gradient_loss | -8.81e-08     |
|    value_loss           | 4.17          |
-------------------------------------------
-------------------------------------------
| rollout/                |               |
|    ep_len_mean          | 37            |
|    ep_rew_mean          | 17.7          |
| time/                   |               |
|    fps                  | 284           |
|    iterations           | 108           |
|    time_elapsed         | 194           |
|    total_timesteps      | 55296         |
| train/                  |               |
|    approx_kl            | 2.2351742e-08 |
|    clip_fraction        | 0             |
|    clip_range           | 0.2           |
|    entropy_loss         | -0.00463      |
|    explained_variance   | 0.771         |
|    learning_rate        | 0.0003        |
|    loss                 | 3.28          |
|    n_updates            | 535           |
|    policy_gradient_loss | -1.21e-07     |
|    value_loss           | 11.8          |
-------------------------------------------
-------------------------------------------
| rollout/                |               |
|    ep_len_mean          | 36.5          |
|    ep_rew_mean          | 17.8          |
| time/                   |               |
|    fps                  | 284           |
|    iterations           | 109           |
|    time_elapsed         | 196           |
|    total_timesteps      | 55808         |
| train/                  |               |
|    approx_kl            | 1.7578714e-08 |
|    clip_fraction        | 0             |
|    clip_range           | 0.2           |
|    entropy_loss         | -0.00479      |
|    explained_variance   | 0.813         |
|    learning_rate        | 0.0003        |
|    loss                 | 3.97          |
|    n_updates            | 540           |
|    policy_gradient_loss | 7.7e-09       |
|    value_loss           | 11.4          |
-------------------------------------------
-------------------------------------------
| rollout/                |               |
|    ep_len_mean          | 37.6          |
|    ep_rew_mean          | 18.6          |
| time/                   |               |
|    fps                  | 284           |
|    iterations           | 110           |
|    time_elapsed         | 198           |
|    total_timesteps      | 56320         |
| train/                  |               |
|    approx_kl            | 2.0256266e-08 |
|    clip_fraction        | 0             |
|    clip_range           | 0.2           |
|    entropy_loss         | -0.00493      |
|    explained_variance   | 0.947         |
|    learning_rate        | 0.0003        |
|    loss                 | 1.51          |
|    n_updates            | 545           |
|    policy_gradient_loss | 7.02e-08      |
|    value_loss           | 4.29          |
-------------------------------------------
-------------------------------------------
| rollout/                |               |
|    ep_len_mean          | 38.3          |
|    ep_rew_mean          | 19.6          |
| time/                   |               |
|    fps                  | 284           |
|    iterations           | 111           |
|    time_elapsed         | 199           |
|    total_timesteps      | 56832         |
| train/                  |               |
|    approx_kl            | 1.3255049e-06 |
|    clip_fraction        | 0             |
|    clip_range           | 0.2           |
|    entropy_loss         | -0.00503      |
|    explained_variance   | 0.783         |
|    learning_rate        | 0.0003        |
|    loss                 | 3.2           |
|    n_updates            | 550           |
|    policy_gradient_loss | -6.91e-05     |
|    value_loss           | 7.59          |
-------------------------------------------
-------------------------------------------
| rollout/                |               |
|    ep_len_mean          | 37.6          |
|    ep_rew_mean          | 20.4          |
| time/                   |               |
|    fps                  | 284           |
|    iterations           | 112           |
|    time_elapsed         | 201           |
|    total_timesteps      | 57344         |
| train/                  |               |
|    approx_kl            | 2.1071173e-08 |
|    clip_fraction        | 0             |
|    clip_range           | 0.2           |
|    entropy_loss         | -0.00494      |
|    explained_variance   | 0.858         |
|    learning_rate        | 0.0003        |
|    loss                 | 2.03          |
|    n_updates            | 555           |
|    policy_gradient_loss | 3.62e-08      |
|    value_loss           | 3.7           |
-------------------------------------------
-------------------------------------------
| rollout/                |               |
|    ep_len_mean          | 38.1          |
|    ep_rew_mean          | 21            |
| time/                   |               |
|    fps                  | 284           |
|    iterations           | 113           |
|    time_elapsed         | 203           |
|    total_timesteps      | 57856         |
| train/                  |               |
|    approx_kl            | 1.7695129e-08 |
|    clip_fraction        | 0             |
|    clip_range           | 0.2           |
|    entropy_loss         | -0.00558      |
|    explained_variance   | 0.832         |
|    learning_rate        | 0.0003        |
|    loss                 | 2.37          |
|    n_updates            | 560           |
|    policy_gradient_loss | -4.84e-07     |
|    value_loss           | 4.5           |
-------------------------------------------
-------------------------------------------
| rollout/                |               |
|    ep_len_mean          | 37.6          |
|    ep_rew_mean          | 20.2          |
| time/                   |               |
|    fps                  | 284           |
|    iterations           | 114           |
|    time_elapsed         | 205           |
|    total_timesteps      | 58368         |
| train/                  |               |
|    approx_kl            | 0.00014330854 |
|    clip_fraction        | 0.000781      |
|    clip_range           | 0.2           |
|    entropy_loss         | -0.00532      |
|    explained_variance   | 0.785         |
|    learning_rate        | 0.0003        |
|    loss                 | 4.04          |
|    n_updates            | 565           |
|    policy_gradient_loss | -0.00135      |
|    value_loss           | 7.12          |
-------------------------------------------
------------------------------------------
| rollout/                |              |
|    ep_len_mean          | 38.9         |
|    ep_rew_mean          | 20.5         |
| time/                   |              |
|    fps                  | 284          |
|    iterations           | 115          |
|    time_elapsed         | 206          |
|    total_timesteps      | 58880        |
| train/                  |              |
|    approx_kl            | 2.142042e-08 |
|    clip_fraction        | 0            |
|    clip_range           | 0.2          |
|    entropy_loss         | -0.00456     |
|    explained_variance   | 0.898        |
|    learning_rate        | 0.0003       |
|    loss                 | 1.77         |
|    n_updates            | 570          |
|    policy_gradient_loss | -1.51e-09    |
|    value_loss           | 3.51         |
------------------------------------------
-------------------------------------------
| rollout/                |               |
|    ep_len_mean          | 39.5          |
|    ep_rew_mean          | 20.8          |
| time/                   |               |
|    fps                  | 284           |
|    iterations           | 116           |
|    time_elapsed         | 208           |
|    total_timesteps      | 59392         |
| train/                  |               |
|    approx_kl            | -3.958121e-09 |
|    clip_fraction        | 0             |
|    clip_range           | 0.2           |
|    entropy_loss         | -0.00485      |
|    explained_variance   | 0.761         |
|    learning_rate        | 0.0003        |
|    loss                 | 6.55          |
|    n_updates            | 575           |
|    policy_gradient_loss | 8.17e-05      |
|    value_loss           | 19.3          |
-------------------------------------------
-------------------------------------------
| rollout/                |               |
|    ep_len_mean          | 39.8          |
|    ep_rew_mean          | 19.9          |
| time/                   |               |
|    fps                  | 284           |
|    iterations           | 117           |
|    time_elapsed         | 210           |
|    total_timesteps      | 59904         |
| train/                  |               |
|    approx_kl            | 1.3036537e-05 |
|    clip_fraction        | 0             |
|    clip_range           | 0.2           |
|    entropy_loss         | -0.00448      |
|    explained_variance   | 0.842         |
|    learning_rate        | 0.0003        |
|    loss                 | 4.31          |
|    n_updates            | 580           |
|    policy_gradient_loss | -0.000562     |
|    value_loss           | 13.5          |
-------------------------------------------
-------------------------------------------
| rollout/                |               |
|    ep_len_mean          | 40.5          |
|    ep_rew_mean          | 20.6          |
| time/                   |               |
|    fps                  | 284           |
|    iterations           | 118           |
|    time_elapsed         | 212           |
|    total_timesteps      | 60416         |
| train/                  |               |
|    approx_kl            | 1.2223609e-08 |
|    clip_fraction        | 0             |
|    clip_range           | 0.2           |
|    entropy_loss         | -0.00408      |
|    explained_variance   | 0.912         |
|    learning_rate        | 0.0003        |
|    loss                 | 1.84          |
|    n_updates            | 585           |
|    policy_gradient_loss | -1.59e-08     |
|    value_loss           | 4.84          |
-------------------------------------------
-------------------------------------------
| rollout/                |               |
|    ep_len_mean          | 41.2          |
|    ep_rew_mean          | 20.9          |
| time/                   |               |
|    fps                  | 284           |
|    iterations           | 119           |
|    time_elapsed         | 213           |
|    total_timesteps      | 60928         |
| train/                  |               |
|    approx_kl            | 1.6880222e-08 |
|    clip_fraction        | 0             |
|    clip_range           | 0.2           |
|    entropy_loss         | -0.00431      |
|    explained_variance   | 0.937         |
|    learning_rate        | 0.0003        |
|    loss                 | 1.25          |
|    n_updates            | 590           |
|    policy_gradient_loss | 1.33e-07      |
|    value_loss           | 2.74          |
-------------------------------------------
------------------------------------------
| rollout/                |              |
|    ep_len_mean          | 41.6         |
|    ep_rew_mean          | 20.7         |
| time/                   |              |
|    fps                  | 284          |
|    iterations           | 120          |
|    time_elapsed         | 215          |
|    total_timesteps      | 61440        |
| train/                  |              |
|    approx_kl            | 2.013985e-08 |
|    clip_fraction        | 0            |
|    clip_range           | 0.2          |
|    entropy_loss         | -0.00474     |
|    explained_variance   | 0.723        |
|    learning_rate        | 0.0003       |
|    loss                 | 3.5          |
|    n_updates            | 595          |
|    policy_gradient_loss | 7.62e-08     |
|    value_loss           | 8.24         |
------------------------------------------
--------------------------------------------
| rollout/                |                |
|    ep_len_mean          | 41.7           |
|    ep_rew_mean          | 20.8           |
| time/                   |                |
|    fps                  | 285            |
|    iterations           | 121            |
|    time_elapsed         | 217            |
|    total_timesteps      | 61952          |
| train/                  |                |
|    approx_kl            | -2.6775524e-09 |
|    clip_fraction        | 0              |
|    clip_range           | 0.2            |
|    entropy_loss         | -0.00501       |
|    explained_variance   | 0.761          |
|    learning_rate        | 0.0003         |
|    loss                 | 5.16           |
|    n_updates            | 600            |
|    policy_gradient_loss | 2.66e-05       |
|    value_loss           | 10.5           |
--------------------------------------------
------------------------------------------
| rollout/                |              |
|    ep_len_mean          | 40.9         |
|    ep_rew_mean          | 20.2         |
| time/                   |              |
|    fps                  | 285          |
|    iterations           | 122          |
|    time_elapsed         | 219          |
|    total_timesteps      | 62464        |
| train/                  |              |
|    approx_kl            | 8.370506e-05 |
|    clip_fraction        | 0.000781     |
|    clip_range           | 0.2          |
|    entropy_loss         | -0.0044      |
|    explained_variance   | 0.832        |
|    learning_rate        | 0.0003       |
|    loss                 | 3.4          |
|    n_updates            | 605          |
|    policy_gradient_loss | -0.000938    |
|    value_loss           | 4.99         |
------------------------------------------
-------------------------------------------
| rollout/                |               |
|    ep_len_mean          | 39.6          |
|    ep_rew_mean          | 20.7          |
| time/                   |               |
|    fps                  | 285           |
|    iterations           | 123           |
|    time_elapsed         | 220           |
|    total_timesteps      | 62976         |
| train/                  |               |
|    approx_kl            | 1.6707927e-06 |
|    clip_fraction        | 0             |
|    clip_range           | 0.2           |
|    entropy_loss         | -0.00367      |
|    explained_variance   | 0.921         |
|    learning_rate        | 0.0003        |
|    loss                 | 1.93          |
|    n_updates            | 610           |
|    policy_gradient_loss | -5.6e-05      |
|    value_loss           | 2.86          |
-------------------------------------------
-------------------------------------------
| rollout/                |               |
|    ep_len_mean          | 40.6          |
|    ep_rew_mean          | 20.9          |
| time/                   |               |
|    fps                  | 285           |
|    iterations           | 124           |
|    time_elapsed         | 222           |
|    total_timesteps      | 63488         |
| train/                  |               |
|    approx_kl            | 0.00032116054 |
|    clip_fraction        | 0.000781      |
|    clip_range           | 0.2           |
|    entropy_loss         | -0.00268      |
|    explained_variance   | 0.854         |
|    learning_rate        | 0.0003        |
|    loss                 | 1.95          |
|    n_updates            | 615           |
|    policy_gradient_loss | -0.00173      |
|    value_loss           | 4.3           |
-------------------------------------------
--------------------------------------
| rollout/                |          |
|    ep_len_mean          | 39.5     |
|    ep_rew_mean          | 20.8     |
| time/                   |          |
|    fps                  | 285      |
|    iterations           | 125      |
|    time_elapsed         | 224      |
|    total_timesteps      | 64000    |
| train/                  |          |
|    approx_kl            | 0.0      |
|    clip_fraction        | 0        |
|    clip_range           | 0.2      |
|    entropy_loss         | -0.00189 |
|    explained_variance   | 0.867    |
|    learning_rate        | 0.0003   |
|    loss                 | 1.76     |
|    n_updates            | 620      |
|    policy_gradient_loss | 1.08e-08 |
|    value_loss           | 3.34     |
--------------------------------------
-------------------------------------------
| rollout/                |               |
|    ep_len_mean          | 38.9          |
|    ep_rew_mean          | 20.2          |
| time/                   |               |
|    fps                  | 285           |
|    iterations           | 126           |
|    time_elapsed         | 225           |
|    total_timesteps      | 64512         |
| train/                  |               |
|    approx_kl            | 1.5133992e-08 |
|    clip_fraction        | 0             |
|    clip_range           | 0.2           |
|    entropy_loss         | -0.00197      |
|    explained_variance   | 0.809         |
|    learning_rate        | 0.0003        |
|    loss                 | 2.24          |
|    n_updates            | 625           |
|    policy_gradient_loss | -1.23e-08     |
|    value_loss           | 6.86          |
-------------------------------------------
-------------------------------------------
| rollout/                |               |
|    ep_len_mean          | 39.8          |
|    ep_rew_mean          | 20.7          |
| time/                   |               |
|    fps                  | 285           |
|    iterations           | 127           |
|    time_elapsed         | 227           |
|    total_timesteps      | 65024         |
| train/                  |               |
|    approx_kl            | 2.6775524e-08 |
|    clip_fraction        | 0             |
|    clip_range           | 0.2           |
|    entropy_loss         | -0.00203      |
|    explained_variance   | 0.855         |
|    learning_rate        | 0.0003        |
|    loss                 | 1.94          |
|    n_updates            | 630           |
|    policy_gradient_loss | -5.1e-09      |
|    value_loss           | 5.3           |
-------------------------------------------
------------------------------------------
| rollout/                |              |
|    ep_len_mean          | 39           |
|    ep_rew_mean          | 20.2         |
| time/                   |              |
|    fps                  | 285          |
|    iterations           | 128          |
|    time_elapsed         | 229          |
|    total_timesteps      | 65536        |
| train/                  |              |
|    approx_kl            | 9.546056e-09 |
|    clip_fraction        | 0            |
|    clip_range           | 0.2          |
|    entropy_loss         | -0.00212     |
|    explained_variance   | 0.88         |
|    learning_rate        | 0.0003       |
|    loss                 | 4.92         |
|    n_updates            | 635          |
|    policy_gradient_loss | -6.1e-08     |
|    value_loss           | 13.9         |
------------------------------------------
-------------------------------------------
| rollout/                |               |
|    ep_len_mean          | 39.6          |
|    ep_rew_mean          | 20.1          |
| time/                   |               |
|    fps                  | 285           |
|    iterations           | 129           |
|    time_elapsed         | 231           |
|    total_timesteps      | 66048         |
| train/                  |               |
|    approx_kl            | 2.3981556e-08 |
|    clip_fraction        | 0             |
|    clip_range           | 0.2           |
|    entropy_loss         | -0.00216      |
|    explained_variance   | 0.824         |
|    learning_rate        | 0.0003        |
|    loss                 | 2.15          |
|    n_updates            | 640           |
|    policy_gradient_loss | 1.82e-08      |
|    value_loss           | 4.73          |
-------------------------------------------
------------------------------------------
| rollout/                |              |
|    ep_len_mean          | 39.7         |
|    ep_rew_mean          | 19.7         |
| time/                   |              |
|    fps                  | 285          |
|    iterations           | 130          |
|    time_elapsed         | 233          |
|    total_timesteps      | 66560        |
| train/                  |              |
|    approx_kl            | 2.363231e-08 |
|    clip_fraction        | 0            |
|    clip_range           | 0.2          |
|    entropy_loss         | -0.00224     |
|    explained_variance   | 0.882        |
|    learning_rate        | 0.0003       |
|    loss                 | 1.58         |
|    n_updates            | 645          |
|    policy_gradient_loss | -1.83e-08    |
|    value_loss           | 4.36         |
------------------------------------------
-------------------------------------------
| rollout/                |               |
|    ep_len_mean          | 38.8          |
|    ep_rew_mean          | 19.3          |
| time/                   |               |
|    fps                  | 285           |
|    iterations           | 131           |
|    time_elapsed         | 235           |
|    total_timesteps      | 67072         |
| train/                  |               |
|    approx_kl            | 1.4901161e-08 |
|    clip_fraction        | 0             |
|    clip_range           | 0.2           |
|    entropy_loss         | -0.00233      |
|    explained_variance   | 0.93          |
|    learning_rate        | 0.0003        |
|    loss                 | 2.52          |
|    n_updates            | 650           |
|    policy_gradient_loss | 2.7e-09       |
|    value_loss           | 6.68          |
-------------------------------------------
-------------------------------------------
| rollout/                |               |
|    ep_len_mean          | 39.5          |
|    ep_rew_mean          | 19.8          |
| time/                   |               |
|    fps                  | 285           |
|    iterations           | 132           |
|    time_elapsed         | 236           |
|    total_timesteps      | 67584         |
| train/                  |               |
|    approx_kl            | 2.9453076e-08 |
|    clip_fraction        | 0             |
|    clip_range           | 0.2           |
|    entropy_loss         | -0.0024       |
|    explained_variance   | 0.759         |
|    learning_rate        | 0.0003        |
|    loss                 | 1.72          |
|    n_updates            | 655           |
|    policy_gradient_loss | 1.01e-07      |
|    value_loss           | 8.2           |
-------------------------------------------
------------------------------------------
| rollout/                |              |
|    ep_len_mean          | 37.9         |
|    ep_rew_mean          | 18.6         |
| time/                   |              |
|    fps                  | 285          |
|    iterations           | 133          |
|    time_elapsed         | 238          |
|    total_timesteps      | 68096        |
| train/                  |              |
|    approx_kl            | 1.268927e-08 |
|    clip_fraction        | 0            |
|    clip_range           | 0.2          |
|    entropy_loss         | -0.00246     |
|    explained_variance   | 0.887        |
|    learning_rate        | 0.0003       |
|    loss                 | 1.91         |
|    n_updates            | 660          |
|    policy_gradient_loss | -2.32e-08    |
|    value_loss           | 4.32         |
------------------------------------------
-------------------------------------------
| rollout/                |               |
|    ep_len_mean          | 37.7          |
|    ep_rew_mean          | 18.3          |
| time/                   |               |
|    fps                  | 285           |
|    iterations           | 134           |
|    time_elapsed         | 240           |
|    total_timesteps      | 68608         |
| train/                  |               |
|    approx_kl            | 2.3865141e-08 |
|    clip_fraction        | 0             |
|    clip_range           | 0.2           |
|    entropy_loss         | -0.0026       |
|    explained_variance   | 0.874         |
|    learning_rate        | 0.0003        |
|    loss                 | 1.59          |
|    n_updates            | 665           |
|    policy_gradient_loss | 2.5e-08       |
|    value_loss           | 3.59          |
-------------------------------------------
-----------------------------------------
| rollout/                |             |
|    ep_len_mean          | 37.4        |
|    ep_rew_mean          | 18.3        |
| time/                   |             |
|    fps                  | 285         |
|    iterations           | 135         |
|    time_elapsed         | 242         |
|    total_timesteps      | 69120       |
| train/                  |             |
|    approx_kl            | 5.47152e-09 |
|    clip_fraction        | 0           |
|    clip_range           | 0.2         |
|    entropy_loss         | -0.00278    |
|    explained_variance   | 0.791       |
|    learning_rate        | 0.0003      |
|    loss                 | 4.34        |
|    n_updates            | 670         |
|    policy_gradient_loss | -7.52e-08   |
|    value_loss           | 9.47        |
-----------------------------------------
------------------------------------------
| rollout/                |              |
|    ep_len_mean          | 36.5         |
|    ep_rew_mean          | 17.7         |
| time/                   |              |
|    fps                  | 285          |
|    iterations           | 136          |
|    time_elapsed         | 244          |
|    total_timesteps      | 69632        |
| train/                  |              |
|    approx_kl            | 9.313226e-09 |
|    clip_fraction        | 0            |
|    clip_range           | 0.2          |
|    entropy_loss         | -0.00289     |
|    explained_variance   | 0.868        |
|    learning_rate        | 0.0003       |
|    loss                 | 1.13         |
|    n_updates            | 675          |
|    policy_gradient_loss | 4.4e-08      |
|    value_loss           | 4.47         |
------------------------------------------
-------------------------------------------
| rollout/                |               |
|    ep_len_mean          | 36.2          |
|    ep_rew_mean          | 18.3          |
| time/                   |               |
|    fps                  | 285           |
|    iterations           | 137           |
|    time_elapsed         | 245           |
|    total_timesteps      | 70144         |
| train/                  |               |
|    approx_kl            | 3.1511416e-05 |
|    clip_fraction        | 0             |
|    clip_range           | 0.2           |
|    entropy_loss         | -0.00273      |
|    explained_variance   | 0.805         |
|    learning_rate        | 0.0003        |
|    loss                 | 5.72          |
|    n_updates            | 680           |
|    policy_gradient_loss | -0.000528     |
|    value_loss           | 10.7          |
-------------------------------------------
--------------------------------------
| rollout/                |          |
|    ep_len_mean          | 37.7     |
|    ep_rew_mean          | 19.5     |
| time/                   |          |
|    fps                  | 285      |
|    iterations           | 138      |
|    time_elapsed         | 247      |
|    total_timesteps      | 70656    |
| train/                  |          |
|    approx_kl            | 0.0      |
|    clip_fraction        | 0        |
|    clip_range           | 0.2      |
|    entropy_loss         | -0.00236 |
|    explained_variance   | 0.78     |
|    learning_rate        | 0.0003   |
|    loss                 | 3.99     |
|    n_updates            | 685      |
|    policy_gradient_loss | 3.89e-08 |
|    value_loss           | 8.86     |
--------------------------------------
------------------------------------------
| rollout/                |              |
|    ep_len_mean          | 38           |
|    ep_rew_mean          | 20.5         |
| time/                   |              |
|    fps                  | 285          |
|    iterations           | 139          |
|    time_elapsed         | 249          |
|    total_timesteps      | 71168        |
| train/                  |              |
|    approx_kl            | 1.268927e-08 |
|    clip_fraction        | 0            |
|    clip_range           | 0.2          |
|    entropy_loss         | -0.0024      |
|    explained_variance   | 0.904        |
|    learning_rate        | 0.0003       |
|    loss                 | 3.41         |
|    n_updates            | 690          |
|    policy_gradient_loss | 1.27e-08     |
|    value_loss           | 7.83         |
------------------------------------------
-------------------------------------------
| rollout/                |               |
|    ep_len_mean          | 37.7          |
|    ep_rew_mean          | 20.5          |
| time/                   |               |
|    fps                  | 285           |
|    iterations           | 140           |
|    time_elapsed         | 251           |
|    total_timesteps      | 71680         |
| train/                  |               |
|    approx_kl            | 1.0011718e-08 |
|    clip_fraction        | 0             |
|    clip_range           | 0.2           |
|    entropy_loss         | -0.00247      |
|    explained_variance   | 0.843         |
|    learning_rate        | 0.0003        |
|    loss                 | 6.06          |
|    n_updates            | 695           |
|    policy_gradient_loss | -4.08e-08     |
|    value_loss           | 13.9          |
-------------------------------------------
-------------------------------------------
| rollout/                |               |
|    ep_len_mean          | 38.1          |
|    ep_rew_mean          | 21            |
| time/                   |               |
|    fps                  | 285           |
|    iterations           | 141           |
|    time_elapsed         | 252           |
|    total_timesteps      | 72192         |
| train/                  |               |
|    approx_kl            | 1.8510036e-08 |
|    clip_fraction        | 0             |
|    clip_range           | 0.2           |
|    entropy_loss         | -0.00254      |
|    explained_variance   | 0.898         |
|    learning_rate        | 0.0003        |
|    loss                 | 1.27          |
|    n_updates            | 700           |
|    policy_gradient_loss | -2.86e-09     |
|    value_loss           | 3.17          |
-------------------------------------------
--------------------------------------------
| rollout/                |                |
|    ep_len_mean          | 38.4           |
|    ep_rew_mean          | 20.8           |
| time/                   |                |
|    fps                  | 285            |
|    iterations           | 142            |
|    time_elapsed         | 254            |
|    total_timesteps      | 72704          |
| train/                  |                |
|    approx_kl            | -8.1490725e-10 |
|    clip_fraction        | 0              |
|    clip_range           | 0.2            |
|    entropy_loss         | -0.00266       |
|    explained_variance   | 0.894          |
|    learning_rate        | 0.0003         |
|    loss                 | 3.87           |
|    n_updates            | 705            |
|    policy_gradient_loss | -4.94e-09      |
|    value_loss           | 8.87           |
--------------------------------------------
-------------------------------------------
| rollout/                |               |
|    ep_len_mean          | 39.3          |
|    ep_rew_mean          | 21.4          |
| time/                   |               |
|    fps                  | 285           |
|    iterations           | 143           |
|    time_elapsed         | 256           |
|    total_timesteps      | 73216         |
| train/                  |               |
|    approx_kl            | 3.1197793e-05 |
|    clip_fraction        | 0             |
|    clip_range           | 0.2           |
|    entropy_loss         | -0.00247      |
|    explained_variance   | 0.925         |
|    learning_rate        | 0.0003        |
|    loss                 | 4.23          |
|    n_updates            | 710           |
|    policy_gradient_loss | -0.00071      |
|    value_loss           | 7.13          |
-------------------------------------------
---------------------------------------
| rollout/                |           |
|    ep_len_mean          | 39.2      |
|    ep_rew_mean          | 22.1      |
| time/                   |           |
|    fps                  | 286       |
|    iterations           | 144       |
|    time_elapsed         | 257       |
|    total_timesteps      | 73728     |
| train/                  |           |
|    approx_kl            | 0.0       |
|    clip_fraction        | 0         |
|    clip_range           | 0.2       |
|    entropy_loss         | -0.00207  |
|    explained_variance   | 0.931     |
|    learning_rate        | 0.0003    |
|    loss                 | 1.92      |
|    n_updates            | 715       |
|    policy_gradient_loss | -3.09e-08 |
|    value_loss           | 4.03      |
---------------------------------------
-------------------------------------------
| rollout/                |               |
|    ep_len_mean          | 39.5          |
|    ep_rew_mean          | 22.3          |
| time/                   |               |
|    fps                  | 286           |
|    iterations           | 145           |
|    time_elapsed         | 259           |
|    total_timesteps      | 74240         |
| train/                  |               |
|    approx_kl            | 1.2456439e-08 |
|    clip_fraction        | 0             |
|    clip_range           | 0.2           |
|    entropy_loss         | -0.00214      |
|    explained_variance   | 0.919         |
|    learning_rate        | 0.0003        |
|    loss                 | 2.02          |
|    n_updates            | 720           |
|    policy_gradient_loss | -9.27e-09     |
|    value_loss           | 4.17          |
-------------------------------------------
-------------------------------------------
| rollout/                |               |
|    ep_len_mean          | 38.8          |
|    ep_rew_mean          | 21.5          |
| time/                   |               |
|    fps                  | 286           |
|    iterations           | 146           |
|    time_elapsed         | 260           |
|    total_timesteps      | 74752         |
| train/                  |               |
|    approx_kl            | 1.2223609e-08 |
|    clip_fraction        | 0             |
|    clip_range           | 0.2           |
|    entropy_loss         | -0.00225      |
|    explained_variance   | 0.865         |
|    learning_rate        | 0.0003        |
|    loss                 | 3.31          |
|    n_updates            | 725           |
|    policy_gradient_loss | 2.18e-08      |
|    value_loss           | 7.18          |
-------------------------------------------
-------------------------------------------
| rollout/                |               |
|    ep_len_mean          | 37.8          |
|    ep_rew_mean          | 21.2          |
| time/                   |               |
|    fps                  | 286           |
|    iterations           | 147           |
|    time_elapsed         | 262           |
|    total_timesteps      | 75264         |
| train/                  |               |
|    approx_kl            | 1.4901161e-08 |
|    clip_fraction        | 0             |
|    clip_range           | 0.2           |
|    entropy_loss         | -0.00237      |
|    explained_variance   | 0.887         |
|    learning_rate        | 0.0003        |
|    loss                 | 4.12          |
|    n_updates            | 730           |
|    policy_gradient_loss | -1.82e-09     |
|    value_loss           | 8.63          |
-------------------------------------------
------------------------------------------
| rollout/                |              |
|    ep_len_mean          | 37.8         |
|    ep_rew_mean          | 20.3         |
| time/                   |              |
|    fps                  | 286          |
|    iterations           | 148          |
|    time_elapsed         | 264          |
|    total_timesteps      | 75776        |
| train/                  |              |
|    approx_kl            | 4.744623e-05 |
|    clip_fraction        | 0.000391     |
|    clip_range           | 0.2          |
|    entropy_loss         | -0.00227     |
|    explained_variance   | 0.883        |
|    learning_rate        | 0.0003       |
|    loss                 | 2.39         |
|    n_updates            | 735          |
|    policy_gradient_loss | -0.000586    |
|    value_loss           | 7.35         |
------------------------------------------
--------------------------------------
| rollout/                |          |
|    ep_len_mean          | 37.6     |
|    ep_rew_mean          | 20.1     |
| time/                   |          |
|    fps                  | 287      |
|    iterations           | 149      |
|    time_elapsed         | 265      |
|    total_timesteps      | 76288    |
| train/                  |          |
|    approx_kl            | 0.0      |
|    clip_fraction        | 0        |
|    clip_range           | 0.2      |
|    entropy_loss         | -0.00194 |
|    explained_variance   | 0.953    |
|    learning_rate        | 0.0003   |
|    loss                 | 2.39     |
|    n_updates            | 740      |
|    policy_gradient_loss | 3.32e-08 |
|    value_loss           | 6.55     |
--------------------------------------
-------------------------------------------
| rollout/                |               |
|    ep_len_mean          | 38.6          |
|    ep_rew_mean          | 21.3          |
| time/                   |               |
|    fps                  | 287           |
|    iterations           | 150           |
|    time_elapsed         | 267           |
|    total_timesteps      | 76800         |
| train/                  |               |
|    approx_kl            | 1.9092113e-08 |
|    clip_fraction        | 0             |
|    clip_range           | 0.2           |
|    entropy_loss         | -0.00201      |
|    explained_variance   | 0.92          |
|    learning_rate        | 0.0003        |
|    loss                 | 1.09          |
|    n_updates            | 745           |
|    policy_gradient_loss | 2.58e-08      |
|    value_loss           | 2.76          |
-------------------------------------------
------------------------------------------
| rollout/                |              |
|    ep_len_mean          | 37.9         |
|    ep_rew_mean          | 20.8         |
| time/                   |              |
|    fps                  | 287          |
|    iterations           | 151          |
|    time_elapsed         | 268          |
|    total_timesteps      | 77312        |
| train/                  |              |
|    approx_kl            | 2.013985e-08 |
|    clip_fraction        | 0            |
|    clip_range           | 0.2          |
|    entropy_loss         | -0.00221     |
|    explained_variance   | 0.902        |
|    learning_rate        | 0.0003       |
|    loss                 | 0.937        |
|    n_updates            | 750          |
|    policy_gradient_loss | 3.17e-08     |
|    value_loss           | 2.66         |
------------------------------------------
-------------------------------------------
| rollout/                |               |
|    ep_len_mean          | 36.5          |
|    ep_rew_mean          | 20.5          |
| time/                   |               |
|    fps                  | 287           |
|    iterations           | 152           |
|    time_elapsed         | 270           |
|    total_timesteps      | 77824         |
| train/                  |               |
|    approx_kl            | 1.8626451e-08 |
|    clip_fraction        | 0             |
|    clip_range           | 0.2           |
|    entropy_loss         | -0.00247      |
|    explained_variance   | 0.885         |
|    learning_rate        | 0.0003        |
|    loss                 | 1.53          |
|    n_updates            | 755           |
|    policy_gradient_loss | -7.91e-08     |
|    value_loss           | 4.04          |
-------------------------------------------
-------------------------------------------
| rollout/                |               |
|    ep_len_mean          | 37.4          |
|    ep_rew_mean          | 20.6          |
| time/                   |               |
|    fps                  | 287           |
|    iterations           | 153           |
|    time_elapsed         | 272           |
|    total_timesteps      | 78336         |
| train/                  |               |
|    approx_kl            | 2.3166649e-08 |
|    clip_fraction        | 0             |
|    clip_range           | 0.2           |
|    entropy_loss         | -0.00269      |
|    explained_variance   | 0.955         |
|    learning_rate        | 0.0003        |
|    loss                 | 1.33          |
|    n_updates            | 760           |
|    policy_gradient_loss | -4.76e-08     |
|    value_loss           | 2.83          |
-------------------------------------------
-------------------------------------------
| rollout/                |               |
|    ep_len_mean          | 37.6          |
|    ep_rew_mean          | 20            |
| time/                   |               |
|    fps                  | 288           |
|    iterations           | 154           |
|    time_elapsed         | 273           |
|    total_timesteps      | 78848         |
| train/                  |               |
|    approx_kl            | 1.6298145e-08 |
|    clip_fraction        | 0             |
|    clip_range           | 0.2           |
|    entropy_loss         | -0.00297      |
|    explained_variance   | 0.792         |
|    learning_rate        | 0.0003        |
|    loss                 | 2.41          |
|    n_updates            | 765           |
|    policy_gradient_loss | 1.93e-08      |
|    value_loss           | 5.5           |
-------------------------------------------
-------------------------------------------
| rollout/                |               |
|    ep_len_mean          | 38.4          |
|    ep_rew_mean          | 21.3          |
| time/                   |               |
|    fps                  | 288           |
|    iterations           | 155           |
|    time_elapsed         | 275           |
|    total_timesteps      | 79360         |
| train/                  |               |
|    approx_kl            | 1.4551915e-08 |
|    clip_fraction        | 0             |
|    clip_range           | 0.2           |
|    entropy_loss         | -0.00326      |
|    explained_variance   | 0.814         |
|    learning_rate        | 0.0003        |
|    loss                 | 2.85          |
|    n_updates            | 770           |
|    policy_gradient_loss | -1.06e-07     |
|    value_loss           | 7.19          |
-------------------------------------------
-------------------------------------------
| rollout/                |               |
|    ep_len_mean          | 38.3          |
|    ep_rew_mean          | 21.5          |
| time/                   |               |
|    fps                  | 288           |
|    iterations           | 156           |
|    time_elapsed         | 276           |
|    total_timesteps      | 79872         |
| train/                  |               |
|    approx_kl            | 1.7578714e-08 |
|    clip_fraction        | 0             |
|    clip_range           | 0.2           |
|    entropy_loss         | -0.00346      |
|    explained_variance   | 0.901         |
|    learning_rate        | 0.0003        |
|    loss                 | 2.38          |
|    n_updates            | 775           |
|    policy_gradient_loss | 5.64e-08      |
|    value_loss           | 5.6           |
-------------------------------------------
-------------------------------------------
| rollout/                |               |
|    ep_len_mean          | 34.9          |
|    ep_rew_mean          | 18.7          |
| time/                   |               |
|    fps                  | 288           |
|    iterations           | 157           |
|    time_elapsed         | 278           |
|    total_timesteps      | 80384         |
| train/                  |               |
|    approx_kl            | 1.9208528e-08 |
|    clip_fraction        | 0             |
|    clip_range           | 0.2           |
|    entropy_loss         | -0.00369      |
|    explained_variance   | 0.915         |
|    learning_rate        | 0.0003        |
|    loss                 | 2.77          |
|    n_updates            | 780           |
|    policy_gradient_loss | 4.68e-09      |
|    value_loss           | 6.63          |
-------------------------------------------
-------------------------------------------
| rollout/                |               |
|    ep_len_mean          | 35.5          |
|    ep_rew_mean          | 19            |
| time/                   |               |
|    fps                  | 288           |
|    iterations           | 158           |
|    time_elapsed         | 279           |
|    total_timesteps      | 80896         |
| train/                  |               |
|    approx_kl            | 6.1832834e-06 |
|    clip_fraction        | 0             |
|    clip_range           | 0.2           |
|    entropy_loss         | -0.00372      |
|    explained_variance   | 0.869         |
|    learning_rate        | 0.0003        |
|    loss                 | 3.95          |
|    n_updates            | 785           |
|    policy_gradient_loss | -7.87e-05     |
|    value_loss           | 8.35          |
-------------------------------------------
--------------------------------------
| rollout/                |          |
|    ep_len_mean          | 35.9     |
|    ep_rew_mean          | 18.3     |
| time/                   |          |
|    fps                  | 289      |
|    iterations           | 159      |
|    time_elapsed         | 281      |
|    total_timesteps      | 81408    |
| train/                  |          |
|    approx_kl            | 0.0      |
|    clip_fraction        | 0        |
|    clip_range           | 0.2      |
|    entropy_loss         | -0.00334 |
|    explained_variance   | 0.928    |
|    learning_rate        | 0.0003   |
|    loss                 | 1.01     |
|    n_updates            | 790      |
|    policy_gradient_loss | 7.05e-08 |
|    value_loss           | 3.69     |
--------------------------------------
-------------------------------------------
| rollout/                |               |
|    ep_len_mean          | 35.5          |
|    ep_rew_mean          | 18.9          |
| time/                   |               |
|    fps                  | 289           |
|    iterations           | 160           |
|    time_elapsed         | 283           |
|    total_timesteps      | 81920         |
| train/                  |               |
|    approx_kl            | 2.1187589e-08 |
|    clip_fraction        | 0             |
|    clip_range           | 0.2           |
|    entropy_loss         | -0.00367      |
|    explained_variance   | 0.965         |
|    learning_rate        | 0.0003        |
|    loss                 | 0.911         |
|    n_updates            | 795           |
|    policy_gradient_loss | 3.72e-08      |
|    value_loss           | 1.9           |
-------------------------------------------
-------------------------------------------
| rollout/                |               |
|    ep_len_mean          | 34.9          |
|    ep_rew_mean          | 18.4          |
| time/                   |               |
|    fps                  | 289           |
|    iterations           | 161           |
|    time_elapsed         | 284           |
|    total_timesteps      | 82432         |
| train/                  |               |
|    approx_kl            | 2.0256266e-08 |
|    clip_fraction        | 0             |
|    clip_range           | 0.2           |
|    entropy_loss         | -0.00436      |
|    explained_variance   | 0.91          |
|    learning_rate        | 0.0003        |
|    loss                 | 2.62          |
|    n_updates            | 800           |
|    policy_gradient_loss | -1.44e-07     |
|    value_loss           | 4.81          |
-------------------------------------------
-------------------------------------------
| rollout/                |               |
|    ep_len_mean          | 35.4          |
|    ep_rew_mean          | 18.1          |
| time/                   |               |
|    fps                  | 289           |
|    iterations           | 162           |
|    time_elapsed         | 286           |
|    total_timesteps      | 82944         |
| train/                  |               |
|    approx_kl            | 2.2468157e-08 |
|    clip_fraction        | 0             |
|    clip_range           | 0.2           |
|    entropy_loss         | -0.00498      |
|    explained_variance   | 0.71          |
|    learning_rate        | 0.0003        |
|    loss                 | 5.02          |
|    n_updates            | 805           |
|    policy_gradient_loss | -1.07e-07     |
|    value_loss           | 15.2          |
-------------------------------------------
------------------------------------------
| rollout/                |              |
|    ep_len_mean          | 35.2         |
|    ep_rew_mean          | 19.1         |
| time/                   |              |
|    fps                  | 289          |
|    iterations           | 163          |
|    time_elapsed         | 287          |
|    total_timesteps      | 83456        |
| train/                  |              |
|    approx_kl            | 2.712477e-08 |
|    clip_fraction        | 0            |
|    clip_range           | 0.2          |
|    entropy_loss         | -0.00562     |
|    explained_variance   | 0.881        |
|    learning_rate        | 0.0003       |
|    loss                 | 1.36         |
|    n_updates            | 810          |
|    policy_gradient_loss | 1.63e-07     |
|    value_loss           | 3.31         |
------------------------------------------
------------------------------------------
| rollout/                |              |
|    ep_len_mean          | 37           |
|    ep_rew_mean          | 20           |
| time/                   |              |
|    fps                  | 290          |
|    iterations           | 164          |
|    time_elapsed         | 289          |
|    total_timesteps      | 83968        |
| train/                  |              |
|    approx_kl            | 3.988028e-05 |
|    clip_fraction        | 0            |
|    clip_range           | 0.2          |
|    entropy_loss         | -0.00645     |
|    explained_variance   | 0.749        |
|    learning_rate        | 0.0003       |
|    loss                 | 6.21         |
|    n_updates            | 815          |
|    policy_gradient_loss | 0.000342     |
|    value_loss           | 15.3         |
------------------------------------------
-------------------------------------------
| rollout/                |               |
|    ep_len_mean          | 37.2          |
|    ep_rew_mean          | 19.9          |
| time/                   |               |
|    fps                  | 290           |
|    iterations           | 165           |
|    time_elapsed         | 291           |
|    total_timesteps      | 84480         |
| train/                  |               |
|    approx_kl            | 2.3748726e-08 |
|    clip_fraction        | 0             |
|    clip_range           | 0.2           |
|    entropy_loss         | -0.0058       |
|    explained_variance   | 0.789         |
|    learning_rate        | 0.0003        |
|    loss                 | 2.78          |
|    n_updates            | 820           |
|    policy_gradient_loss | -1.83e-07     |
|    value_loss           | 5.86          |
-------------------------------------------
-------------------------------------------
| rollout/                |               |
|    ep_len_mean          | 37.3          |
|    ep_rew_mean          | 20.3          |
| time/                   |               |
|    fps                  | 290           |
|    iterations           | 166           |
|    time_elapsed         | 292           |
|    total_timesteps      | 84992         |
| train/                  |               |
|    approx_kl            | 0.00012902508 |
|    clip_fraction        | 0.000781      |
|    clip_range           | 0.2           |
|    entropy_loss         | -0.00567      |
|    explained_variance   | 0.741         |
|    learning_rate        | 0.0003        |
|    loss                 | 4.02          |
|    n_updates            | 825           |
|    policy_gradient_loss | -0.000637     |
|    value_loss           | 7.14          |
-------------------------------------------
-------------------------------------------
| rollout/                |               |
|    ep_len_mean          | 37.2          |
|    ep_rew_mean          | 19.6          |
| time/                   |               |
|    fps                  | 290           |
|    iterations           | 167           |
|    time_elapsed         | 294           |
|    total_timesteps      | 85504         |
| train/                  |               |
|    approx_kl            | 2.8056093e-08 |
|    clip_fraction        | 0             |
|    clip_range           | 0.2           |
|    entropy_loss         | -0.00503      |
|    explained_variance   | 0.941         |
|    learning_rate        | 0.0003        |
|    loss                 | 0.812         |
|    n_updates            | 830           |
|    policy_gradient_loss | 2.57e-08      |
|    value_loss           | 2             |
-------------------------------------------
-------------------------------------------
| rollout/                |               |
|    ep_len_mean          | 37.1          |
|    ep_rew_mean          | 18.7          |
| time/                   |               |
|    fps                  | 290           |
|    iterations           | 168           |
|    time_elapsed         | 295           |
|    total_timesteps      | 86016         |
| train/                  |               |
|    approx_kl            | 4.6449713e-08 |
|    clip_fraction        | 0             |
|    clip_range           | 0.2           |
|    entropy_loss         | -0.00687      |
|    explained_variance   | 0.951         |
|    learning_rate        | 0.0003        |
|    loss                 | 0.827         |
|    n_updates            | 835           |
|    policy_gradient_loss | -1.09e-08     |
|    value_loss           | 2.74          |
-------------------------------------------
-------------------------------------------
| rollout/                |               |
|    ep_len_mean          | 36.4          |
|    ep_rew_mean          | 17.7          |
| time/                   |               |
|    fps                  | 290           |
|    iterations           | 169           |
|    time_elapsed         | 297           |
|    total_timesteps      | 86528         |
| train/                  |               |
|    approx_kl            | 3.4691766e-08 |
|    clip_fraction        | 0             |
|    clip_range           | 0.2           |
|    entropy_loss         | -0.0091       |
|    explained_variance   | 0.673         |
|    learning_rate        | 0.0003        |
|    loss                 | 6.74          |
|    n_updates            | 840           |
|    policy_gradient_loss | -7.99e-07     |
|    value_loss           | 19.7          |
-------------------------------------------
-------------------------------------------
| rollout/                |               |
|    ep_len_mean          | 36.9          |
|    ep_rew_mean          | 17.7          |
| time/                   |               |
|    fps                  | 291           |
|    iterations           | 170           |
|    time_elapsed         | 298           |
|    total_timesteps      | 87040         |
| train/                  |               |
|    approx_kl            | 2.9336661e-08 |
|    clip_fraction        | 0             |
|    clip_range           | 0.2           |
|    entropy_loss         | -0.0104       |
|    explained_variance   | 0.939         |
|    learning_rate        | 0.0003        |
|    loss                 | 1.96          |
|    n_updates            | 845           |
|    policy_gradient_loss | 7.74e-07      |
|    value_loss           | 5.95          |
-------------------------------------------
-------------------------------------------
| rollout/                |               |
|    ep_len_mean          | 36.1          |
|    ep_rew_mean          | 16.8          |
| time/                   |               |
|    fps                  | 291           |
|    iterations           | 171           |
|    time_elapsed         | 300           |
|    total_timesteps      | 87552         |
| train/                  |               |
|    approx_kl            | 5.9566577e-05 |
|    clip_fraction        | 0.000781      |
|    clip_range           | 0.2           |
|    entropy_loss         | -0.0124       |
|    explained_variance   | 0.928         |
|    learning_rate        | 0.0003        |
|    loss                 | 4.23          |
|    n_updates            | 850           |
|    policy_gradient_loss | -0.000435     |
|    value_loss           | 9.58          |
-------------------------------------------
-------------------------------------------
| rollout/                |               |
|    ep_len_mean          | 35.2          |
|    ep_rew_mean          | 17.2          |
| time/                   |               |
|    fps                  | 291           |
|    iterations           | 172           |
|    time_elapsed         | 302           |
|    total_timesteps      | 88064         |
| train/                  |               |
|    approx_kl            | 4.0512532e-07 |
|    clip_fraction        | 0             |
|    clip_range           | 0.2           |
|    entropy_loss         | -0.0171       |
|    explained_variance   | 0.897         |
|    learning_rate        | 0.0003        |
|    loss                 | 2.36          |
|    n_updates            | 855           |
|    policy_gradient_loss | 3.02e-06      |
|    value_loss           | 6.16          |
-------------------------------------------
-------------------------------------------
| rollout/                |               |
|    ep_len_mean          | 35.5          |
|    ep_rew_mean          | 18            |
| time/                   |               |
|    fps                  | 291           |
|    iterations           | 173           |
|    time_elapsed         | 303           |
|    total_timesteps      | 88576         |
| train/                  |               |
|    approx_kl            | 4.8329006e-05 |
|    clip_fraction        | 0.000781      |
|    clip_range           | 0.2           |
|    entropy_loss         | -0.0231       |
|    explained_variance   | 0.879         |
|    learning_rate        | 0.0003        |
|    loss                 | 3.75          |
|    n_updates            | 860           |
|    policy_gradient_loss | 0.000714      |
|    value_loss           | 7.99          |
-------------------------------------------
------------------------------------------
| rollout/                |              |
|    ep_len_mean          | 34.3         |
|    ep_rew_mean          | 17.4         |
| time/                   |              |
|    fps                  | 291          |
|    iterations           | 174          |
|    time_elapsed         | 305          |
|    total_timesteps      | 89088        |
| train/                  |              |
|    approx_kl            | 6.442424e-07 |
|    clip_fraction        | 0            |
|    clip_range           | 0.2          |
|    entropy_loss         | -0.0282      |
|    explained_variance   | 0.878        |
|    learning_rate        | 0.0003       |
|    loss                 | 6.57         |
|    n_updates            | 865          |
|    policy_gradient_loss | -1e-05       |
|    value_loss           | 16.2         |
------------------------------------------
------------------------------------------
| rollout/                |              |
|    ep_len_mean          | 34           |
|    ep_rew_mean          | 18           |
| time/                   |              |
|    fps                  | 292          |
|    iterations           | 175          |
|    time_elapsed         | 306          |
|    total_timesteps      | 89600        |
| train/                  |              |
|    approx_kl            | 0.0005049817 |
|    clip_fraction        | 0.00352      |
|    clip_range           | 0.2          |
|    entropy_loss         | -0.0288      |
|    explained_variance   | 0.865        |
|    learning_rate        | 0.0003       |
|    loss                 | 1.95         |
|    n_updates            | 870          |
|    policy_gradient_loss | -0.00165     |
|    value_loss           | 5.81         |
------------------------------------------
------------------------------------------
| rollout/                |              |
|    ep_len_mean          | 33.7         |
|    ep_rew_mean          | 18.3         |
| time/                   |              |
|    fps                  | 292          |
|    iterations           | 176          |
|    time_elapsed         | 308          |
|    total_timesteps      | 90112        |
| train/                  |              |
|    approx_kl            | 0.0012212843 |
|    clip_fraction        | 0.0043       |
|    clip_range           | 0.2          |
|    entropy_loss         | -0.0198      |
|    explained_variance   | 0.763        |
|    learning_rate        | 0.0003       |
|    loss                 | 3.35         |
|    n_updates            | 875          |
|    policy_gradient_loss | -0.00319     |
|    value_loss           | 9.21         |
------------------------------------------
-------------------------------------------
| rollout/                |               |
|    ep_len_mean          | 32.8          |
|    ep_rew_mean          | 17.8          |
| time/                   |               |
|    fps                  | 292           |
|    iterations           | 177           |
|    time_elapsed         | 309           |
|    total_timesteps      | 90624         |
| train/                  |               |
|    approx_kl            | 1.0299264e-06 |
|    clip_fraction        | 0             |
|    clip_range           | 0.2           |
|    entropy_loss         | -0.019        |
|    explained_variance   | 0.721         |
|    learning_rate        | 0.0003        |
|    loss                 | 2.6           |
|    n_updates            | 880           |
|    policy_gradient_loss | 2.78e-06      |
|    value_loss           | 5.79          |
-------------------------------------------
-------------------------------------------
| rollout/                |               |
|    ep_len_mean          | 34.2          |
|    ep_rew_mean          | 18.5          |
| time/                   |               |
|    fps                  | 292           |
|    iterations           | 178           |
|    time_elapsed         | 311           |
|    total_timesteps      | 91136         |
| train/                  |               |
|    approx_kl            | 0.00010081055 |
|    clip_fraction        | 0.000391      |
|    clip_range           | 0.2           |
|    entropy_loss         | -0.025        |
|    explained_variance   | 0.698         |
|    learning_rate        | 0.0003        |
|    loss                 | 3.14          |
|    n_updates            | 885           |
|    policy_gradient_loss | -0.00088      |
|    value_loss           | 5.82          |
-------------------------------------------
------------------------------------------
| rollout/                |              |
|    ep_len_mean          | 33.2         |
|    ep_rew_mean          | 16.4         |
| time/                   |              |
|    fps                  | 292          |
|    iterations           | 179          |
|    time_elapsed         | 313          |
|    total_timesteps      | 91648        |
| train/                  |              |
|    approx_kl            | 9.694486e-06 |
|    clip_fraction        | 0            |
|    clip_range           | 0.2          |
|    entropy_loss         | -0.0188      |
|    explained_variance   | 0.876        |
|    learning_rate        | 0.0003       |
|    loss                 | 1.84         |
|    n_updates            | 890          |
|    policy_gradient_loss | -0.000361    |
|    value_loss           | 5.08         |
------------------------------------------
-------------------------------------------
| rollout/                |               |
|    ep_len_mean          | 33.8          |
|    ep_rew_mean          | 17            |
| time/                   |               |
|    fps                  | 292           |
|    iterations           | 180           |
|    time_elapsed         | 315           |
|    total_timesteps      | 92160         |
| train/                  |               |
|    approx_kl            | 0.00021967222 |
|    clip_fraction        | 0.00313       |
|    clip_range           | 0.2           |
|    entropy_loss         | -0.0152       |
|    explained_variance   | 0.858         |
|    learning_rate        | 0.0003        |
|    loss                 | 4.31          |
|    n_updates            | 895           |
|    policy_gradient_loss | -0.0024       |
|    value_loss           | 9.41          |
-------------------------------------------
-------------------------------------------
| rollout/                |               |
|    ep_len_mean          | 34.4          |
|    ep_rew_mean          | 17.2          |
| time/                   |               |
|    fps                  | 292           |
|    iterations           | 181           |
|    time_elapsed         | 316           |
|    total_timesteps      | 92672         |
| train/                  |               |
|    approx_kl            | 0.00015742739 |
|    clip_fraction        | 0.000781      |
|    clip_range           | 0.2           |
|    entropy_loss         | -0.0123       |
|    explained_variance   | 0.912         |
|    learning_rate        | 0.0003        |
|    loss                 | 5.18          |
|    n_updates            | 900           |
|    policy_gradient_loss | -0.000684     |
|    value_loss           | 4.56          |
-------------------------------------------
------------------------------------------
| rollout/                |              |
|    ep_len_mean          | 34.8         |
|    ep_rew_mean          | 16.8         |
| time/                   |              |
|    fps                  | 292          |
|    iterations           | 182          |
|    time_elapsed         | 318          |
|    total_timesteps      | 93184        |
| train/                  |              |
|    approx_kl            | 5.905749e-07 |
|    clip_fraction        | 0            |
|    clip_range           | 0.2          |
|    entropy_loss         | -0.0128      |
|    explained_variance   | 0.935        |
|    learning_rate        | 0.0003       |
|    loss                 | 0.694        |
|    n_updates            | 905          |
|    policy_gradient_loss | 1.36e-06     |
|    value_loss           | 1.93         |
------------------------------------------
-------------------------------------------
| rollout/                |               |
|    ep_len_mean          | 35.3          |
|    ep_rew_mean          | 16.9          |
| time/                   |               |
|    fps                  | 292           |
|    iterations           | 183           |
|    time_elapsed         | 320           |
|    total_timesteps      | 93696         |
| train/                  |               |
|    approx_kl            | 3.3229007e-05 |
|    clip_fraction        | 0.00156       |
|    clip_range           | 0.2           |
|    entropy_loss         | -0.0219       |
|    explained_variance   | 0.541         |
|    learning_rate        | 0.0003        |
|    loss                 | 6.84          |
|    n_updates            | 910           |
|    policy_gradient_loss | 0.00236       |
|    value_loss           | 17.6          |
-------------------------------------------
-------------------------------------------
| rollout/                |               |
|    ep_len_mean          | 35.6          |
|    ep_rew_mean          | 16.6          |
| time/                   |               |
|    fps                  | 292           |
|    iterations           | 184           |
|    time_elapsed         | 321           |
|    total_timesteps      | 94208         |
| train/                  |               |
|    approx_kl            | 1.4239922e-06 |
|    clip_fraction        | 0             |
|    clip_range           | 0.2           |
|    entropy_loss         | -0.0234       |
|    explained_variance   | 0.912         |
|    learning_rate        | 0.0003        |
|    loss                 | 1.46          |
|    n_updates            | 915           |
|    policy_gradient_loss | 4.39e-06      |
|    value_loss           | 4.3           |
-------------------------------------------
-----------------------------------------
| rollout/                |             |
|    ep_len_mean          | 34.3        |
|    ep_rew_mean          | 16.4        |
| time/                   |             |
|    fps                  | 292         |
|    iterations           | 185         |
|    time_elapsed         | 323         |
|    total_timesteps      | 94720       |
| train/                  |             |
|    approx_kl            | 0.000121983 |
|    clip_fraction        | 0.00156     |
|    clip_range           | 0.2         |
|    entropy_loss         | -0.0417     |
|    explained_variance   | 0.946       |
|    learning_rate        | 0.0003      |
|    loss                 | 1.28        |
|    n_updates            | 920         |
|    policy_gradient_loss | 0.0026      |
|    value_loss           | 4.28        |
-----------------------------------------
-------------------------------------------
| rollout/                |               |
|    ep_len_mean          | 33.5          |
|    ep_rew_mean          | 15.7          |
| time/                   |               |
|    fps                  | 292           |
|    iterations           | 186           |
|    time_elapsed         | 325           |
|    total_timesteps      | 95232         |
| train/                  |               |
|    approx_kl            | 4.7408976e-05 |
|    clip_fraction        | 0             |
|    clip_range           | 0.2           |
|    entropy_loss         | -0.0424       |
|    explained_variance   | 0.882         |
|    learning_rate        | 0.0003        |
|    loss                 | 1.16          |
|    n_updates            | 925           |
|    policy_gradient_loss | -0.000668     |
|    value_loss           | 5.01          |
-------------------------------------------
------------------------------------------
| rollout/                |              |
|    ep_len_mean          | 33.3         |
|    ep_rew_mean          | 16           |
| time/                   |              |
|    fps                  | 292          |
|    iterations           | 187          |
|    time_elapsed         | 326          |
|    total_timesteps      | 95744        |
| train/                  |              |
|    approx_kl            | 0.0001640364 |
|    clip_fraction        | 0.00273      |
|    clip_range           | 0.2          |
|    entropy_loss         | -0.032       |
|    explained_variance   | 0.72         |
|    learning_rate        | 0.0003       |
|    loss                 | 2.93         |
|    n_updates            | 930          |
|    policy_gradient_loss | -0.00253     |
|    value_loss           | 8.01         |
------------------------------------------
-------------------------------------------
| rollout/                |               |
|    ep_len_mean          | 33.2          |
|    ep_rew_mean          | 16.8          |
| time/                   |               |
|    fps                  | 292           |
|    iterations           | 188           |
|    time_elapsed         | 328           |
|    total_timesteps      | 96256         |
| train/                  |               |
|    approx_kl            | 1.3178447e-05 |
|    clip_fraction        | 0             |
|    clip_range           | 0.2           |
|    entropy_loss         | -0.0301       |
|    explained_variance   | 0.818         |
|    learning_rate        | 0.0003        |
|    loss                 | 2.51          |
|    n_updates            | 935           |
|    policy_gradient_loss | 0.000223      |
|    value_loss           | 7.72          |
-------------------------------------------
-------------------------------------------
| rollout/                |               |
|    ep_len_mean          | 32.6          |
|    ep_rew_mean          | 16.9          |
| time/                   |               |
|    fps                  | 292           |
|    iterations           | 189           |
|    time_elapsed         | 330           |
|    total_timesteps      | 96768         |
| train/                  |               |
|    approx_kl            | 0.00021916535 |
|    clip_fraction        | 0.0043        |
|    clip_range           | 0.2           |
|    entropy_loss         | -0.0277       |
|    explained_variance   | 0.77          |
|    learning_rate        | 0.0003        |
|    loss                 | 3.18          |
|    n_updates            | 940           |
|    policy_gradient_loss | -0.00366      |
|    value_loss           | 9.22          |
-------------------------------------------
-------------------------------------------
| rollout/                |               |
|    ep_len_mean          | 32.6          |
|    ep_rew_mean          | 17            |
| time/                   |               |
|    fps                  | 292           |
|    iterations           | 190           |
|    time_elapsed         | 332           |
|    total_timesteps      | 97280         |
| train/                  |               |
|    approx_kl            | 2.6562484e-05 |
|    clip_fraction        | 0             |
|    clip_range           | 0.2           |
|    entropy_loss         | -0.0416       |
|    explained_variance   | 0.776         |
|    learning_rate        | 0.0003        |
|    loss                 | 2.28          |
|    n_updates            | 945           |
|    policy_gradient_loss | 4.18e-06      |
|    value_loss           | 5.19          |
-------------------------------------------
-------------------------------------------
| rollout/                |               |
|    ep_len_mean          | 33.3          |
|    ep_rew_mean          | 18.9          |
| time/                   |               |
|    fps                  | 292           |
|    iterations           | 191           |
|    time_elapsed         | 333           |
|    total_timesteps      | 97792         |
| train/                  |               |
|    approx_kl            | 0.00015478046 |
|    clip_fraction        | 0.00781       |
|    clip_range           | 0.2           |
|    entropy_loss         | -0.084        |
|    explained_variance   | 0.698         |
|    learning_rate        | 0.0003        |
|    loss                 | 4.92          |
|    n_updates            | 950           |
|    policy_gradient_loss | 0.0059        |
|    value_loss           | 11.7          |
-------------------------------------------
------------------------------------------
| rollout/                |              |
|    ep_len_mean          | 31.8         |
|    ep_rew_mean          | 18.4         |
| time/                   |              |
|    fps                  | 292          |
|    iterations           | 192          |
|    time_elapsed         | 335          |
|    total_timesteps      | 98304        |
| train/                  |              |
|    approx_kl            | 0.0002225847 |
|    clip_fraction        | 0.00352      |
|    clip_range           | 0.2          |
|    entropy_loss         | -0.0623      |
|    explained_variance   | 0.718        |
|    learning_rate        | 0.0003       |
|    loss                 | 8.13         |
|    n_updates            | 955          |
|    policy_gradient_loss | -0.0033      |
|    value_loss           | 17.2         |
------------------------------------------
------------------------------------------
| rollout/                |              |
|    ep_len_mean          | 32.4         |
|    ep_rew_mean          | 17.3         |
| time/                   |              |
|    fps                  | 292          |
|    iterations           | 193          |
|    time_elapsed         | 337          |
|    total_timesteps      | 98816        |
| train/                  |              |
|    approx_kl            | 0.0010071121 |
|    clip_fraction        | 0.00898      |
|    clip_range           | 0.2          |
|    entropy_loss         | -0.0534      |
|    explained_variance   | 0.668        |
|    learning_rate        | 0.0003       |
|    loss                 | 4.79         |
|    n_updates            | 960          |
|    policy_gradient_loss | -0.00453     |
|    value_loss           | 19.2         |
------------------------------------------
-------------------------------------------
| rollout/                |               |
|    ep_len_mean          | 30.8          |
|    ep_rew_mean          | 16.7          |
| time/                   |               |
|    fps                  | 292           |
|    iterations           | 194           |
|    time_elapsed         | 339           |
|    total_timesteps      | 99328         |
| train/                  |               |
|    approx_kl            | 6.9837086e-05 |
|    clip_fraction        | 0.000781      |
|    clip_range           | 0.2           |
|    entropy_loss         | -0.0546       |
|    explained_variance   | 0.616         |
|    learning_rate        | 0.0003        |
|    loss                 | 7.39          |
|    n_updates            | 965           |
|    policy_gradient_loss | 0.000357      |
|    value_loss           | 27.8          |
-------------------------------------------
-------------------------------------------
| rollout/                |               |
|    ep_len_mean          | 30            |
|    ep_rew_mean          | 15.9          |
| time/                   |               |
|    fps                  | 292           |
|    iterations           | 195           |
|    time_elapsed         | 341           |
|    total_timesteps      | 99840         |
| train/                  |               |
|    approx_kl            | 0.00033255666 |
|    clip_fraction        | 0.00547       |
|    clip_range           | 0.2           |
|    entropy_loss         | -0.0539       |
|    explained_variance   | 0.764         |
|    learning_rate        | 0.0003        |
|    loss                 | 5.01          |
|    n_updates            | 970           |
|    policy_gradient_loss | -0.00446      |
|    value_loss           | 8.83          |
-------------------------------------------
-------------------------------------------
| rollout/                |               |
|    ep_len_mean          | 30.9          |
|    ep_rew_mean          | 16.3          |
| time/                   |               |
|    fps                  | 292           |
|    iterations           | 196           |
|    time_elapsed         | 342           |
|    total_timesteps      | 100352        |
| train/                  |               |
|    approx_kl            | 0.00034976925 |
|    clip_fraction        | 0.00664       |
|    clip_range           | 0.2           |
|    entropy_loss         | -0.0418       |
|    explained_variance   | 0.543         |
|    learning_rate        | 0.0003        |
|    loss                 | 3             |
|    n_updates            | 975           |
|    policy_gradient_loss | -0.00642      |
|    value_loss           | 8.11          |
-------------------------------------------
------------------------------------------
| rollout/                |              |
|    ep_len_mean          | 30.9         |
|    ep_rew_mean          | 15.1         |
| time/                   |              |
|    fps                  | 292          |
|    iterations           | 197          |
|    time_elapsed         | 344          |
|    total_timesteps      | 100864       |
| train/                  |              |
|    approx_kl            | 8.929055e-08 |
|    clip_fraction        | 0            |
|    clip_range           | 0.2          |
|    entropy_loss         | -0.0442      |
|    explained_variance   | 0.564        |
|    learning_rate        | 0.0003       |
|    loss                 | 2.38         |
|    n_updates            | 980          |
|    policy_gradient_loss | 0.00102      |
|    value_loss           | 8.64         |
------------------------------------------
-------------------------------------------
| rollout/                |               |
|    ep_len_mean          | 32.7          |
|    ep_rew_mean          | 15.8          |
| time/                   |               |
|    fps                  | 292           |
|    iterations           | 198           |
|    time_elapsed         | 346           |
|    total_timesteps      | 101376        |
| train/                  |               |
|    approx_kl            | 0.00017036707 |
|    clip_fraction        | 0.00117       |
|    clip_range           | 0.2           |
|    entropy_loss         | -0.036        |
|    explained_variance   | 0.683         |
|    learning_rate        | 0.0003        |
|    loss                 | 4.45          |
|    n_updates            | 985           |
|    policy_gradient_loss | -0.00328      |
|    value_loss           | 6.86          |
-------------------------------------------
-------------------------------------------
| rollout/                |               |
|    ep_len_mean          | 32.1          |
|    ep_rew_mean          | 16.3          |
| time/                   |               |
|    fps                  | 292           |
|    iterations           | 199           |
|    time_elapsed         | 348           |
|    total_timesteps      | 101888        |
| train/                  |               |
|    approx_kl            | 1.5879632e-05 |
|    clip_fraction        | 0.000781      |
|    clip_range           | 0.2           |
|    entropy_loss         | -0.0272       |
|    explained_variance   | 0.886         |
|    learning_rate        | 0.0003        |
|    loss                 | 4.36          |
|    n_updates            | 990           |
|    policy_gradient_loss | -0.00131      |
|    value_loss           | 7.34          |
-------------------------------------------
------------------------------------------
| rollout/                |              |
|    ep_len_mean          | 33.1         |
|    ep_rew_mean          | 17.1         |
| time/                   |              |
|    fps                  | 292          |
|    iterations           | 200          |
|    time_elapsed         | 349          |
|    total_timesteps      | 102400       |
| train/                  |              |
|    approx_kl            | 0.0002318907 |
|    clip_fraction        | 0.00313      |
|    clip_range           | 0.2          |
|    entropy_loss         | -0.0259      |
|    explained_variance   | 0.553        |
|    learning_rate        | 0.0003       |
|    loss                 | 5.9          |
|    n_updates            | 995          |
|    policy_gradient_loss | -0.0027      |
|    value_loss           | 13.1         |
------------------------------------------
-------------------------------------------
| rollout/                |               |
|    ep_len_mean          | 34.9          |
|    ep_rew_mean          | 16.7          |
| time/                   |               |
|    fps                  | 292           |
|    iterations           | 201           |
|    time_elapsed         | 351           |
|    total_timesteps      | 102912        |
| train/                  |               |
|    approx_kl            | 0.00023686152 |
|    clip_fraction        | 0.00352       |
|    clip_range           | 0.2           |
|    entropy_loss         | -0.0197       |
|    explained_variance   | 0.669         |
|    learning_rate        | 0.0003        |
|    loss                 | 1.81          |
|    n_updates            | 1000          |
|    policy_gradient_loss | -0.00396      |
|    value_loss           | 5.88          |
-------------------------------------------
-------------------------------------------
| rollout/                |               |
|    ep_len_mean          | 35.5          |
|    ep_rew_mean          | 17.2          |
| time/                   |               |
|    fps                  | 292           |
|    iterations           | 202           |
|    time_elapsed         | 353           |
|    total_timesteps      | 103424        |
| train/                  |               |
|    approx_kl            | 2.4372945e-05 |
|    clip_fraction        | 0             |
|    clip_range           | 0.2           |
|    entropy_loss         | -0.0208       |
|    explained_variance   | 0.82          |
|    learning_rate        | 0.0003        |
|    loss                 | 2.63          |
|    n_updates            | 1005          |
|    policy_gradient_loss | -0.000142     |
|    value_loss           | 13.6          |
-------------------------------------------
-------------------------------------------
| rollout/                |               |
|    ep_len_mean          | 34.6          |
|    ep_rew_mean          | 17            |
| time/                   |               |
|    fps                  | 292           |
|    iterations           | 203           |
|    time_elapsed         | 355           |
|    total_timesteps      | 103936        |
| train/                  |               |
|    approx_kl            | 4.0718587e-06 |
|    clip_fraction        | 0             |
|    clip_range           | 0.2           |
|    entropy_loss         | -0.028        |
|    explained_variance   | 0.79          |
|    learning_rate        | 0.0003        |
|    loss                 | 2.37          |
|    n_updates            | 1010          |
|    policy_gradient_loss | -1.76e-06     |
|    value_loss           | 5.39          |
-------------------------------------------
-------------------------------------------
| rollout/                |               |
|    ep_len_mean          | 33            |
|    ep_rew_mean          | 16.4          |
| time/                   |               |
|    fps                  | 292           |
|    iterations           | 204           |
|    time_elapsed         | 356           |
|    total_timesteps      | 104448        |
| train/                  |               |
|    approx_kl            | 0.00039202243 |
|    clip_fraction        | 0.00352       |
|    clip_range           | 0.2           |
|    entropy_loss         | -0.039        |
|    explained_variance   | 0.636         |
|    learning_rate        | 0.0003        |
|    loss                 | 6.07          |
|    n_updates            | 1015          |
|    policy_gradient_loss | -0.00187      |
|    value_loss           | 11.7          |
-------------------------------------------
-------------------------------------------
| rollout/                |               |
|    ep_len_mean          | 33.1          |
|    ep_rew_mean          | 16.7          |
| time/                   |               |
|    fps                  | 292           |
|    iterations           | 205           |
|    time_elapsed         | 358           |
|    total_timesteps      | 104960        |
| train/                  |               |
|    approx_kl            | 6.0265767e-05 |
|    clip_fraction        | 0.00117       |
|    clip_range           | 0.2           |
|    entropy_loss         | -0.0389       |
|    explained_variance   | 0.794         |
|    learning_rate        | 0.0003        |
|    loss                 | 3.12          |
|    n_updates            | 1020          |
|    policy_gradient_loss | 0.0019        |
|    value_loss           | 5.04          |
-------------------------------------------
-------------------------------------------
| rollout/                |               |
|    ep_len_mean          | 33.2          |
|    ep_rew_mean          | 16.6          |
| time/                   |               |
|    fps                  | 292           |
|    iterations           | 206           |
|    time_elapsed         | 360           |
|    total_timesteps      | 105472        |
| train/                  |               |
|    approx_kl            | 0.00042786554 |
|    clip_fraction        | 0.00859       |
|    clip_range           | 0.2           |
|    entropy_loss         | -0.0304       |
|    explained_variance   | 0.577         |
|    learning_rate        | 0.0003        |
|    loss                 | 5.55          |
|    n_updates            | 1025          |
|    policy_gradient_loss | -0.00672      |
|    value_loss           | 11.9          |
-------------------------------------------
-------------------------------------------
| rollout/                |               |
|    ep_len_mean          | 34.2          |
|    ep_rew_mean          | 16.5          |
| time/                   |               |
|    fps                  | 292           |
|    iterations           | 207           |
|    time_elapsed         | 362           |
|    total_timesteps      | 105984        |
| train/                  |               |
|    approx_kl            | 2.0665815e-05 |
|    clip_fraction        | 0             |
|    clip_range           | 0.2           |
|    entropy_loss         | -0.0304       |
|    explained_variance   | 0.749         |
|    learning_rate        | 0.0003        |
|    loss                 | 3.51          |
|    n_updates            | 1030          |
|    policy_gradient_loss | 0.00013       |
|    value_loss           | 6.02          |
-------------------------------------------
-------------------------------------------
| rollout/                |               |
|    ep_len_mean          | 33.4          |
|    ep_rew_mean          | 17.7          |
| time/                   |               |
|    fps                  | 292           |
|    iterations           | 208           |
|    time_elapsed         | 363           |
|    total_timesteps      | 106496        |
| train/                  |               |
|    approx_kl            | 0.00013389823 |
|    clip_fraction        | 0.000391      |
|    clip_range           | 0.2           |
|    entropy_loss         | -0.0229       |
|    explained_variance   | 0.878         |
|    learning_rate        | 0.0003        |
|    loss                 | 3.11          |
|    n_updates            | 1035          |
|    policy_gradient_loss | -0.00127      |
|    value_loss           | 7.88          |
-------------------------------------------
-------------------------------------------
| rollout/                |               |
|    ep_len_mean          | 34.6          |
|    ep_rew_mean          | 17.9          |
| time/                   |               |
|    fps                  | 292           |
|    iterations           | 209           |
|    time_elapsed         | 365           |
|    total_timesteps      | 107008        |
| train/                  |               |
|    approx_kl            | 0.00026344648 |
|    clip_fraction        | 0.00234       |
|    clip_range           | 0.2           |
|    entropy_loss         | -0.0181       |
|    explained_variance   | 0.801         |
|    learning_rate        | 0.0003        |
|    loss                 | 2.13          |
|    n_updates            | 1040          |
|    policy_gradient_loss | -0.0025       |
|    value_loss           | 9.37          |
-------------------------------------------
-------------------------------------------
| rollout/                |               |
|    ep_len_mean          | 34.9          |
|    ep_rew_mean          | 17.9          |
| time/                   |               |
|    fps                  | 292           |
|    iterations           | 210           |
|    time_elapsed         | 367           |
|    total_timesteps      | 107520        |
| train/                  |               |
|    approx_kl            | 3.3527613e-08 |
|    clip_fraction        | 0             |
|    clip_range           | 0.2           |
|    entropy_loss         | -0.0169       |
|    explained_variance   | 0.613         |
|    learning_rate        | 0.0003        |
|    loss                 | 2.91          |
|    n_updates            | 1045          |
|    policy_gradient_loss | -1.92e-06     |
|    value_loss           | 15.2          |
-------------------------------------------
-------------------------------------------
| rollout/                |               |
|    ep_len_mean          | 33.8          |
|    ep_rew_mean          | 17            |
| time/                   |               |
|    fps                  | 292           |
|    iterations           | 211           |
|    time_elapsed         | 369           |
|    total_timesteps      | 108032        |
| train/                  |               |
|    approx_kl            | 0.00018005376 |
|    clip_fraction        | 0.000781      |
|    clip_range           | 0.2           |
|    entropy_loss         | -0.0158       |
|    explained_variance   | 0.683         |
|    learning_rate        | 0.0003        |
|    loss                 | 2.72          |
|    n_updates            | 1050          |
|    policy_gradient_loss | -0.00112      |
|    value_loss           | 7.74          |
-------------------------------------------
-------------------------------------------
| rollout/                |               |
|    ep_len_mean          | 34.5          |
|    ep_rew_mean          | 17.5          |
| time/                   |               |
|    fps                  | 292           |
|    iterations           | 212           |
|    time_elapsed         | 370           |
|    total_timesteps      | 108544        |
| train/                  |               |
|    approx_kl            | 5.7447352e-05 |
|    clip_fraction        | 0.00117       |
|    clip_range           | 0.2           |
|    entropy_loss         | -0.0109       |
|    explained_variance   | 0.844         |
|    learning_rate        | 0.0003        |
|    loss                 | 1.87          |
|    n_updates            | 1055          |
|    policy_gradient_loss | -0.00161      |
|    value_loss           | 3.49          |
-------------------------------------------
-------------------------------------------
| rollout/                |               |
|    ep_len_mean          | 34.9          |
|    ep_rew_mean          | 17.7          |
| time/                   |               |
|    fps                  | 292           |
|    iterations           | 213           |
|    time_elapsed         | 372           |
|    total_timesteps      | 109056        |
| train/                  |               |
|    approx_kl            | 0.00014618214 |
|    clip_fraction        | 0.000391      |
|    clip_range           | 0.2           |
|    entropy_loss         | -0.0101       |
|    explained_variance   | 0.747         |
|    learning_rate        | 0.0003        |
|    loss                 | 5.98          |
|    n_updates            | 1060          |
|    policy_gradient_loss | -0.000465     |
|    value_loss           | 5.95          |
-------------------------------------------
-------------------------------------------
| rollout/                |               |
|    ep_len_mean          | 35.3          |
|    ep_rew_mean          | 18.6          |
| time/                   |               |
|    fps                  | 292           |
|    iterations           | 214           |
|    time_elapsed         | 374           |
|    total_timesteps      | 109568        |
| train/                  |               |
|    approx_kl            | 0.00024083641 |
|    clip_fraction        | 0.00273       |
|    clip_range           | 0.2           |
|    entropy_loss         | -0.00598      |
|    explained_variance   | 0.58          |
|    learning_rate        | 0.0003        |
|    loss                 | 2.09          |
|    n_updates            | 1065          |
|    policy_gradient_loss | -0.00362      |
|    value_loss           | 8.34          |
-------------------------------------------
-------------------------------------------
| rollout/                |               |
|    ep_len_mean          | 36.2          |
|    ep_rew_mean          | 18.5          |
| time/                   |               |
|    fps                  | 292           |
|    iterations           | 215           |
|    time_elapsed         | 375           |
|    total_timesteps      | 110080        |
| train/                  |               |
|    approx_kl            | 2.0605512e-08 |
|    clip_fraction        | 0             |
|    clip_range           | 0.2           |
|    entropy_loss         | -0.00575      |
|    explained_variance   | 0.864         |
|    learning_rate        | 0.0003        |
|    loss                 | 1.98          |
|    n_updates            | 1070          |
|    policy_gradient_loss | -1.33e-07     |
|    value_loss           | 3.64          |
-------------------------------------------
-------------------------------------------
| rollout/                |               |
|    ep_len_mean          | 35.7          |
|    ep_rew_mean          | 18.6          |
| time/                   |               |
|    fps                  | 292           |
|    iterations           | 216           |
|    time_elapsed         | 377           |
|    total_timesteps      | 110592        |
| train/                  |               |
|    approx_kl            | 1.1836528e-05 |
|    clip_fraction        | 0             |
|    clip_range           | 0.2           |
|    entropy_loss         | -0.00606      |
|    explained_variance   | 0.776         |
|    learning_rate        | 0.0003        |
|    loss                 | 2.24          |
|    n_updates            | 1075          |
|    policy_gradient_loss | -0.00039      |
|    value_loss           | 5.57          |
-------------------------------------------
-------------------------------------------
| rollout/                |               |
|    ep_len_mean          | 36            |
|    ep_rew_mean          | 18.8          |
| time/                   |               |
|    fps                  | 292           |
|    iterations           | 217           |
|    time_elapsed         | 379           |
|    total_timesteps      | 111104        |
| train/                  |               |
|    approx_kl            | 3.7252903e-09 |
|    clip_fraction        | 0             |
|    clip_range           | 0.2           |
|    entropy_loss         | -0.00521      |
|    explained_variance   | 0.88          |
|    learning_rate        | 0.0003        |
|    loss                 | 1.57          |
|    n_updates            | 1080          |
|    policy_gradient_loss | 7.9e-08       |
|    value_loss           | 3.52          |
-------------------------------------------
------------------------------------------
| rollout/                |              |
|    ep_len_mean          | 36.9         |
|    ep_rew_mean          | 19.4         |
| time/                   |              |
|    fps                  | 292          |
|    iterations           | 218          |
|    time_elapsed         | 381          |
|    total_timesteps      | 111616       |
| train/                  |              |
|    approx_kl            | 2.165325e-08 |
|    clip_fraction        | 0            |
|    clip_range           | 0.2          |
|    entropy_loss         | -0.00597     |
|    explained_variance   | 0.809        |
|    learning_rate        | 0.0003       |
|    loss                 | 2.13         |
|    n_updates            | 1085         |
|    policy_gradient_loss | 6.4e-07      |
|    value_loss           | 5.72         |
------------------------------------------
-------------------------------------------
| rollout/                |               |
|    ep_len_mean          | 36.7          |
|    ep_rew_mean          | 19.3          |
| time/                   |               |
|    fps                  | 292           |
|    iterations           | 219           |
|    time_elapsed         | 382           |
|    total_timesteps      | 112128        |
| train/                  |               |
|    approx_kl            | 2.2584572e-08 |
|    clip_fraction        | 0             |
|    clip_range           | 0.2           |
|    entropy_loss         | -0.00688      |
|    explained_variance   | 0.836         |
|    learning_rate        | 0.0003        |
|    loss                 | 1.73          |
|    n_updates            | 1090          |
|    policy_gradient_loss | -5.76e-07     |
|    value_loss           | 4.51          |
-------------------------------------------
------------------------------------------
| rollout/                |              |
|    ep_len_mean          | 37.6         |
|    ep_rew_mean          | 20.4         |
| time/                   |              |
|    fps                  | 292          |
|    iterations           | 220          |
|    time_elapsed         | 384          |
|    total_timesteps      | 112640       |
| train/                  |              |
|    approx_kl            | 3.806781e-08 |
|    clip_fraction        | 0            |
|    clip_range           | 0.2          |
|    entropy_loss         | -0.00824     |
|    explained_variance   | 0.89         |
|    learning_rate        | 0.0003       |
|    loss                 | 1.29         |
|    n_updates            | 1095         |
|    policy_gradient_loss | 6.02e-07     |
|    value_loss           | 3.08         |
------------------------------------------
-------------------------------------------
| rollout/                |               |
|    ep_len_mean          | 38.7          |
|    ep_rew_mean          | 21.5          |
| time/                   |               |
|    fps                  | 292           |
|    iterations           | 221           |
|    time_elapsed         | 386           |
|    total_timesteps      | 113152        |
| train/                  |               |
|    approx_kl            | 1.8503051e-06 |
|    clip_fraction        | 0             |
|    clip_range           | 0.2           |
|    entropy_loss         | -0.0094       |
|    explained_variance   | 0.873         |
|    learning_rate        | 0.0003        |
|    loss                 | 1.44          |
|    n_updates            | 1100          |
|    policy_gradient_loss | 0.000238      |
|    value_loss           | 4.47          |
-------------------------------------------
--------------------------------------
| rollout/                |          |
|    ep_len_mean          | 38.3     |
|    ep_rew_mean          | 21.3     |
| time/                   |          |
|    fps                  | 292      |
|    iterations           | 222      |
|    time_elapsed         | 388      |
|    total_timesteps      | 113664   |
| train/                  |          |
|    approx_kl            | 0.0      |
|    clip_fraction        | 0        |
|    clip_range           | 0.2      |
|    entropy_loss         | -0.00645 |
|    explained_variance   | 0.822    |
|    learning_rate        | 0.0003   |
|    loss                 | 5.18     |
|    n_updates            | 1105     |
|    policy_gradient_loss | 1.32e-06 |
|    value_loss           | 9.56     |
--------------------------------------
-------------------------------------------
| rollout/                |               |
|    ep_len_mean          | 37.2          |
|    ep_rew_mean          | 20.8          |
| time/                   |               |
|    fps                  | 292           |
|    iterations           | 223           |
|    time_elapsed         | 389           |
|    total_timesteps      | 114176        |
| train/                  |               |
|    approx_kl            | 2.2235326e-08 |
|    clip_fraction        | 0             |
|    clip_range           | 0.2           |
|    entropy_loss         | -0.00672      |
|    explained_variance   | 0.925         |
|    learning_rate        | 0.0003        |
|    loss                 | 0.704         |
|    n_updates            | 1110          |
|    policy_gradient_loss | 1.03e-07      |
|    value_loss           | 2.05          |
-------------------------------------------
-------------------------------------------
| rollout/                |               |
|    ep_len_mean          | 35.9          |
|    ep_rew_mean          | 19.2          |
| time/                   |               |
|    fps                  | 292           |
|    iterations           | 224           |
|    time_elapsed         | 391           |
|    total_timesteps      | 114688        |
| train/                  |               |
|    approx_kl            | 1.2616278e-05 |
|    clip_fraction        | 0             |
|    clip_range           | 0.2           |
|    entropy_loss         | -0.00732      |
|    explained_variance   | 0.826         |
|    learning_rate        | 0.0003        |
|    loss                 | 3.98          |
|    n_updates            | 1115          |
|    policy_gradient_loss | -9.49e-05     |
|    value_loss           | 7.07          |
-------------------------------------------
-------------------------------------------
| rollout/                |               |
|    ep_len_mean          | 35            |
|    ep_rew_mean          | 18.8          |
| time/                   |               |
|    fps                  | 292           |
|    iterations           | 225           |
|    time_elapsed         | 393           |
|    total_timesteps      | 115200        |
| train/                  |               |
|    approx_kl            | 7.6720025e-05 |
|    clip_fraction        | 0.000391      |
|    clip_range           | 0.2           |
|    entropy_loss         | -0.00556      |
|    explained_variance   | 0.926         |
|    learning_rate        | 0.0003        |
|    loss                 | 3.16          |
|    n_updates            | 1120          |
|    policy_gradient_loss | -0.0013       |
|    value_loss           | 7.09          |
-------------------------------------------
-------------------------------------------
| rollout/                |               |
|    ep_len_mean          | 36.6          |
|    ep_rew_mean          | 20            |
| time/                   |               |
|    fps                  | 293           |
|    iterations           | 226           |
|    time_elapsed         | 394           |
|    total_timesteps      | 115712        |
| train/                  |               |
|    approx_kl            | 0.00012516323 |
|    clip_fraction        | 0.000781      |
|    clip_range           | 0.2           |
|    entropy_loss         | -0.00447      |
|    explained_variance   | 0.493         |
|    learning_rate        | 0.0003        |
|    loss                 | 2.61          |
|    n_updates            | 1125          |
|    policy_gradient_loss | -0.00127      |
|    value_loss           | 11.1          |
-------------------------------------------
-------------------------------------------
| rollout/                |               |
|    ep_len_mean          | 36.3          |
|    ep_rew_mean          | 19.4          |
| time/                   |               |
|    fps                  | 293           |
|    iterations           | 227           |
|    time_elapsed         | 396           |
|    total_timesteps      | 116224        |
| train/                  |               |
|    approx_kl            | 6.0535967e-09 |
|    clip_fraction        | 0             |
|    clip_range           | 0.2           |
|    entropy_loss         | -0.00381      |
|    explained_variance   | 0.95          |
|    learning_rate        | 0.0003        |
|    loss                 | 0.326         |
|    n_updates            | 1130          |
|    policy_gradient_loss | 5.29e-09      |
|    value_loss           | 2.18          |
-------------------------------------------
-------------------------------------------
| rollout/                |               |
|    ep_len_mean          | 35.9          |
|    ep_rew_mean          | 17.8          |
| time/                   |               |
|    fps                  | 292           |
|    iterations           | 228           |
|    time_elapsed         | 398           |
|    total_timesteps      | 116736        |
| train/                  |               |
|    approx_kl            | 9.3251234e-05 |
|    clip_fraction        | 0.00117       |
|    clip_range           | 0.2           |
|    entropy_loss         | -0.00325      |
|    explained_variance   | 0.863         |
|    learning_rate        | 0.0003        |
|    loss                 | 4.1           |
|    n_updates            | 1135          |
|    policy_gradient_loss | -0.00113      |
|    value_loss           | 3.96          |
-------------------------------------------
-------------------------------------------
| rollout/                |               |
|    ep_len_mean          | 35.4          |
|    ep_rew_mean          | 17.8          |
| time/                   |               |
|    fps                  | 292           |
|    iterations           | 229           |
|    time_elapsed         | 400           |
|    total_timesteps      | 117248        |
| train/                  |               |
|    approx_kl            | 1.8975697e-08 |
|    clip_fraction        | 0             |
|    clip_range           | 0.2           |
|    entropy_loss         | -0.00305      |
|    explained_variance   | 0.933         |
|    learning_rate        | 0.0003        |
|    loss                 | 1.29          |
|    n_updates            | 1140          |
|    policy_gradient_loss | 1.68e-08      |
|    value_loss           | 3.36          |
-------------------------------------------
------------------------------------------
| rollout/                |              |
|    ep_len_mean          | 35.2         |
|    ep_rew_mean          | 17.7         |
| time/                   |              |
|    fps                  | 293          |
|    iterations           | 230          |
|    time_elapsed         | 401          |
|    total_timesteps      | 117760       |
| train/                  |              |
|    approx_kl            | 9.736791e-05 |
|    clip_fraction        | 0.000391     |
|    clip_range           | 0.2          |
|    entropy_loss         | -0.0028      |
|    explained_variance   | 0.834        |
|    learning_rate        | 0.0003       |
|    loss                 | 1.94         |
|    n_updates            | 1145         |
|    policy_gradient_loss | -0.000601    |
|    value_loss           | 4.48         |
------------------------------------------
---------------------------------------
| rollout/                |           |
|    ep_len_mean          | 36.6      |
|    ep_rew_mean          | 19.6      |
| time/                   |           |
|    fps                  | 293       |
|    iterations           | 231       |
|    time_elapsed         | 403       |
|    total_timesteps      | 118272    |
| train/                  |           |
|    approx_kl            | 0.0       |
|    clip_fraction        | 0         |
|    clip_range           | 0.2       |
|    entropy_loss         | -0.00192  |
|    explained_variance   | 0.811     |
|    learning_rate        | 0.0003    |
|    loss                 | 2.17      |
|    n_updates            | 1150      |
|    policy_gradient_loss | -4.27e-09 |
|    value_loss           | 4.3       |
---------------------------------------
-------------------------------------------
| rollout/                |               |
|    ep_len_mean          | 37            |
|    ep_rew_mean          | 19.1          |
| time/                   |               |
|    fps                  | 293           |
|    iterations           | 232           |
|    time_elapsed         | 405           |
|    total_timesteps      | 118784        |
| train/                  |               |
|    approx_kl            | 1.5017577e-08 |
|    clip_fraction        | 0             |
|    clip_range           | 0.2           |
|    entropy_loss         | -0.00195      |
|    explained_variance   | 0.766         |
|    learning_rate        | 0.0003        |
|    loss                 | 4.19          |
|    n_updates            | 1155          |
|    policy_gradient_loss | -6.59e-08     |
|    value_loss           | 9.18          |
-------------------------------------------
-------------------------------------------
| rollout/                |               |
|    ep_len_mean          | 37            |
|    ep_rew_mean          | 19.1          |
| time/                   |               |
|    fps                  | 293           |
|    iterations           | 233           |
|    time_elapsed         | 407           |
|    total_timesteps      | 119296        |
| train/                  |               |
|    approx_kl            | 4.4237822e-08 |
|    clip_fraction        | 0             |
|    clip_range           | 0.2           |
|    entropy_loss         | -0.00203      |
|    explained_variance   | 0.909         |
|    learning_rate        | 0.0003        |
|    loss                 | 3.24          |
|    n_updates            | 1160          |
|    policy_gradient_loss | -1.76e-08     |
|    value_loss           | 8             |
-------------------------------------------
-------------------------------------------
| rollout/                |               |
|    ep_len_mean          | 36.1          |
|    ep_rew_mean          | 18.5          |
| time/                   |               |
|    fps                  | 293           |
|    iterations           | 234           |
|    time_elapsed         | 408           |
|    total_timesteps      | 119808        |
| train/                  |               |
|    approx_kl            | 6.0381135e-06 |
|    clip_fraction        | 0             |
|    clip_range           | 0.2           |
|    entropy_loss         | -0.00199      |
|    explained_variance   | 0.729         |
|    learning_rate        | 0.0003        |
|    loss                 | 3.97          |
|    n_updates            | 1165          |
|    policy_gradient_loss | -0.000221     |
|    value_loss           | 12.6          |
-------------------------------------------
--------------------------------------
| rollout/                |          |
|    ep_len_mean          | 36.6     |
|    ep_rew_mean          | 19.3     |
| time/                   |          |
|    fps                  | 293      |
|    iterations           | 235      |
|    time_elapsed         | 410      |
|    total_timesteps      | 120320   |
| train/                  |          |
|    approx_kl            | 0.0      |
|    clip_fraction        | 0        |
|    clip_range           | 0.2      |
|    entropy_loss         | -0.0018  |
|    explained_variance   | 0.917    |
|    learning_rate        | 0.0003   |
|    loss                 | 3.33     |
|    n_updates            | 1170     |
|    policy_gradient_loss | 4.76e-08 |
|    value_loss           | 7.63     |
--------------------------------------
-------------------------------------------
| rollout/                |               |
|    ep_len_mean          | 37.8          |
|    ep_rew_mean          | 19.5          |
| time/                   |               |
|    fps                  | 293           |
|    iterations           | 236           |
|    time_elapsed         | 411           |
|    total_timesteps      | 120832        |
| train/                  |               |
|    approx_kl            | 1.2572855e-08 |
|    clip_fraction        | 0             |
|    clip_range           | 0.2           |
|    entropy_loss         | -0.0018       |
|    explained_variance   | 0.931         |
|    learning_rate        | 0.0003        |
|    loss                 | 3.66          |
|    n_updates            | 1175          |
|    policy_gradient_loss | -2.77e-09     |
|    value_loss           | 7.69          |
-------------------------------------------
-------------------------------------------
| rollout/                |               |
|    ep_len_mean          | 38.4          |
|    ep_rew_mean          | 19.1          |
| time/                   |               |
|    fps                  | 293           |
|    iterations           | 237           |
|    time_elapsed         | 413           |
|    total_timesteps      | 121344        |
| train/                  |               |
|    approx_kl            | 6.2864274e-09 |
|    clip_fraction        | 0             |
|    clip_range           | 0.2           |
|    entropy_loss         | -0.00186      |
|    explained_variance   | 0.97          |
|    learning_rate        | 0.0003        |
|    loss                 | 0.43          |
|    n_updates            | 1180          |
|    policy_gradient_loss | -9.78e-09     |
|    value_loss           | 0.936         |
-------------------------------------------
------------------------------------------
| rollout/                |              |
|    ep_len_mean          | 39.8         |
|    ep_rew_mean          | 19.7         |
| time/                   |              |
|    fps                  | 293          |
|    iterations           | 238          |
|    time_elapsed         | 415          |
|    total_timesteps      | 121856       |
| train/                  |              |
|    approx_kl            | 8.265488e-09 |
|    clip_fraction        | 0            |
|    clip_range           | 0.2          |
|    entropy_loss         | -0.002       |
|    explained_variance   | 0.881        |
|    learning_rate        | 0.0003       |
|    loss                 | 3.84         |
|    n_updates            | 1185         |
|    policy_gradient_loss | -7.8e-08     |
|    value_loss           | 9.96         |
------------------------------------------
-------------------------------------------
| rollout/                |               |
|    ep_len_mean          | 40.4          |
|    ep_rew_mean          | 20.2          |
| time/                   |               |
|    fps                  | 293           |
|    iterations           | 239           |
|    time_elapsed         | 416           |
|    total_timesteps      | 122368        |
| train/                  |               |
|    approx_kl            | -8.614734e-09 |
|    clip_fraction        | 0             |
|    clip_range           | 0.2           |
|    entropy_loss         | -0.00203      |
|    explained_variance   | 0.465         |
|    learning_rate        | 0.0003        |
|    loss                 | 3.5           |
|    n_updates            | 1190          |
|    policy_gradient_loss | 2.49e-09      |
|    value_loss           | 11            |
-------------------------------------------
-------------------------------------------
| rollout/                |               |
|    ep_len_mean          | 41.4          |
|    ep_rew_mean          | 21.3          |
| time/                   |               |
|    fps                  | 293           |
|    iterations           | 240           |
|    time_elapsed         | 418           |
|    total_timesteps      | 122880        |
| train/                  |               |
|    approx_kl            | 1.3387762e-08 |
|    clip_fraction        | 0             |
|    clip_range           | 0.2           |
|    entropy_loss         | -0.00207      |
|    explained_variance   | 0.831         |
|    learning_rate        | 0.0003        |
|    loss                 | 2.17          |
|    n_updates            | 1195          |
|    policy_gradient_loss | 1.24e-08      |
|    value_loss           | 5.6           |
-------------------------------------------
-----------------------------------------
| rollout/                |             |
|    ep_len_mean          | 41.1        |
|    ep_rew_mean          | 20.5        |
| time/                   |             |
|    fps                  | 293         |
|    iterations           | 241         |
|    time_elapsed         | 420         |
|    total_timesteps      | 123392      |
| train/                  |             |
|    approx_kl            | 8.96398e-09 |
|    clip_fraction        | 0           |
|    clip_range           | 0.2         |
|    entropy_loss         | -0.00217    |
|    explained_variance   | 0.828       |
|    learning_rate        | 0.0003      |
|    loss                 | 1.99        |
|    n_updates            | 1200        |
|    policy_gradient_loss | 1.89e-08    |
|    value_loss           | 5.37        |
-----------------------------------------
-------------------------------------------
| rollout/                |               |
|    ep_len_mean          | 41.6          |
|    ep_rew_mean          | 19.8          |
| time/                   |               |
|    fps                  | 293           |
|    iterations           | 242           |
|    time_elapsed         | 421           |
|    total_timesteps      | 123904        |
| train/                  |               |
|    approx_kl            | 2.3283064e-08 |
|    clip_fraction        | 0             |
|    clip_range           | 0.2           |
|    entropy_loss         | -0.00235      |
|    explained_variance   | 0.888         |
|    learning_rate        | 0.0003        |
|    loss                 | 1.49          |
|    n_updates            | 1205          |
|    policy_gradient_loss | -4.2e-08      |
|    value_loss           | 3.5           |
-------------------------------------------
-------------------------------------------
| rollout/                |               |
|    ep_len_mean          | 41.9          |
|    ep_rew_mean          | 21.1          |
| time/                   |               |
|    fps                  | 294           |
|    iterations           | 243           |
|    time_elapsed         | 423           |
|    total_timesteps      | 124416        |
| train/                  |               |
|    approx_kl            | 1.1874363e-08 |
|    clip_fraction        | 0             |
|    clip_range           | 0.2           |
|    entropy_loss         | -0.00255      |
|    explained_variance   | 0.861         |
|    learning_rate        | 0.0003        |
|    loss                 | 2.15          |
|    n_updates            | 1210          |
|    policy_gradient_loss | -1.07e-07     |
|    value_loss           | 5.85          |
-------------------------------------------
-------------------------------------------
| rollout/                |               |
|    ep_len_mean          | 40.7          |
|    ep_rew_mean          | 21            |
| time/                   |               |
|    fps                  | 294           |
|    iterations           | 244           |
|    time_elapsed         | 424           |
|    total_timesteps      | 124928        |
| train/                  |               |
|    approx_kl            | 1.1525117e-08 |
|    clip_fraction        | 0             |
|    clip_range           | 0.2           |
|    entropy_loss         | -0.00266      |
|    explained_variance   | 0.813         |
|    learning_rate        | 0.0003        |
|    loss                 | 1.9           |
|    n_updates            | 1215          |
|    policy_gradient_loss | 1.03e-08      |
|    value_loss           | 4.22          |
-------------------------------------------
-------------------------------------------
| rollout/                |               |
|    ep_len_mean          | 40.4          |
|    ep_rew_mean          | 21.1          |
| time/                   |               |
|    fps                  | 294           |
|    iterations           | 245           |
|    time_elapsed         | 426           |
|    total_timesteps      | 125440        |
| train/                  |               |
|    approx_kl            | 1.4551915e-08 |
|    clip_fraction        | 0             |
|    clip_range           | 0.2           |
|    entropy_loss         | -0.00278      |
|    explained_variance   | 0.86          |
|    learning_rate        | 0.0003        |
|    loss                 | 2.78          |
|    n_updates            | 1220          |
|    policy_gradient_loss | -1.59e-08     |
|    value_loss           | 7.32          |
-------------------------------------------
-------------------------------------------
| rollout/                |               |
|    ep_len_mean          | 39.4          |
|    ep_rew_mean          | 20.4          |
| time/                   |               |
|    fps                  | 294           |
|    iterations           | 246           |
|    time_elapsed         | 427           |
|    total_timesteps      | 125952        |
| train/                  |               |
|    approx_kl            | 1.7578714e-08 |
|    clip_fraction        | 0             |
|    clip_range           | 0.2           |
|    entropy_loss         | -0.00293      |
|    explained_variance   | 0.832         |
|    learning_rate        | 0.0003        |
|    loss                 | 3.25          |
|    n_updates            | 1225          |
|    policy_gradient_loss | 1.04e-07      |
|    value_loss           | 7.67          |
-------------------------------------------
-------------------------------------------
| rollout/                |               |
|    ep_len_mean          | 39.9          |
|    ep_rew_mean          | 20.8          |
| time/                   |               |
|    fps                  | 294           |
|    iterations           | 247           |
|    time_elapsed         | 429           |
|    total_timesteps      | 126464        |
| train/                  |               |
|    approx_kl            | 1.7345883e-08 |
|    clip_fraction        | 0             |
|    clip_range           | 0.2           |
|    entropy_loss         | -0.00313      |
|    explained_variance   | 0.96          |
|    learning_rate        | 0.0003        |
|    loss                 | 1.38          |
|    n_updates            | 1230          |
|    policy_gradient_loss | -1.01e-07     |
|    value_loss           | 3.52          |
-------------------------------------------
-------------------------------------------
| rollout/                |               |
|    ep_len_mean          | 38.7          |
|    ep_rew_mean          | 19.6          |
| time/                   |               |
|    fps                  | 294           |
|    iterations           | 248           |
|    time_elapsed         | 430           |
|    total_timesteps      | 126976        |
| train/                  |               |
|    approx_kl            | 2.3050234e-08 |
|    clip_fraction        | 0             |
|    clip_range           | 0.2           |
|    entropy_loss         | -0.00333      |
|    explained_variance   | 0.799         |
|    learning_rate        | 0.0003        |
|    loss                 | 5.26          |
|    n_updates            | 1235          |
|    policy_gradient_loss | -1.4e-07      |
|    value_loss           | 18.8          |
-------------------------------------------
-------------------------------------------
| rollout/                |               |
|    ep_len_mean          | 39.3          |
|    ep_rew_mean          | 20.7          |
| time/                   |               |
|    fps                  | 294           |
|    iterations           | 249           |
|    time_elapsed         | 432           |
|    total_timesteps      | 127488        |
| train/                  |               |
|    approx_kl            | 1.6647391e-08 |
|    clip_fraction        | 0             |
|    clip_range           | 0.2           |
|    entropy_loss         | -0.0035       |
|    explained_variance   | 0.897         |
|    learning_rate        | 0.0003        |
|    loss                 | 1.62          |
|    n_updates            | 1240          |
|    policy_gradient_loss | 4.22e-08      |
|    value_loss           | 3.39          |
-------------------------------------------
-------------------------------------------
| rollout/                |               |
|    ep_len_mean          | 39.4          |
|    ep_rew_mean          | 19.5          |
| time/                   |               |
|    fps                  | 294           |
|    iterations           | 250           |
|    time_elapsed         | 433           |
|    total_timesteps      | 128000        |
| train/                  |               |
|    approx_kl            | 1.6647391e-08 |
|    clip_fraction        | 0             |
|    clip_range           | 0.2           |
|    entropy_loss         | -0.0038       |
|    explained_variance   | 0.961         |
|    learning_rate        | 0.0003        |
|    loss                 | 1.84          |
|    n_updates            | 1245          |
|    policy_gradient_loss | -2.91e-07     |
|    value_loss           | 4.27          |
-------------------------------------------
-------------------------------------------
| rollout/                |               |
|    ep_len_mean          | 38            |
|    ep_rew_mean          | 18.3          |
| time/                   |               |
|    fps                  | 295           |
|    iterations           | 251           |
|    time_elapsed         | 435           |
|    total_timesteps      | 128512        |
| train/                  |               |
|    approx_kl            | 1.8626451e-08 |
|    clip_fraction        | 0             |
|    clip_range           | 0.2           |
|    entropy_loss         | -0.00417      |
|    explained_variance   | 0.965         |
|    learning_rate        | 0.0003        |
|    loss                 | 2.04          |
|    n_updates            | 1250          |
|    policy_gradient_loss | 2.43e-07      |
|    value_loss           | 3.75          |
-------------------------------------------
-------------------------------------------
| rollout/                |               |
|    ep_len_mean          | 38.1          |
|    ep_rew_mean          | 18.4          |
| time/                   |               |
|    fps                  | 295           |
|    iterations           | 252           |
|    time_elapsed         | 437           |
|    total_timesteps      | 129024        |
| train/                  |               |
|    approx_kl            | 1.9790605e-08 |
|    clip_fraction        | 0             |
|    clip_range           | 0.2           |
|    entropy_loss         | -0.00461      |
|    explained_variance   | 0.784         |
|    learning_rate        | 0.0003        |
|    loss                 | 1.79          |
|    n_updates            | 1255          |
|    policy_gradient_loss | 2.17e-07      |
|    value_loss           | 4.41          |
-------------------------------------------
-------------------------------------------
| rollout/                |               |
|    ep_len_mean          | 39.1          |
|    ep_rew_mean          | 19.2          |
| time/                   |               |
|    fps                  | 295           |
|    iterations           | 253           |
|    time_elapsed         | 438           |
|    total_timesteps      | 129536        |
| train/                  |               |
|    approx_kl            | 2.0256266e-08 |
|    clip_fraction        | 0             |
|    clip_range           | 0.2           |
|    entropy_loss         | -0.00525      |
|    explained_variance   | 0.798         |
|    learning_rate        | 0.0003        |
|    loss                 | 3.5           |
|    n_updates            | 1260          |
|    policy_gradient_loss | -2.95e-07     |
|    value_loss           | 9.12          |
-------------------------------------------
-------------------------------------------
| rollout/                |               |
|    ep_len_mean          | 39            |
|    ep_rew_mean          | 20.4          |
| time/                   |               |
|    fps                  | 295           |
|    iterations           | 254           |
|    time_elapsed         | 440           |
|    total_timesteps      | 130048        |
| train/                  |               |
|    approx_kl            | 2.2002496e-08 |
|    clip_fraction        | 0             |
|    clip_range           | 0.2           |
|    entropy_loss         | -0.00581      |
|    explained_variance   | 0.936         |
|    learning_rate        | 0.0003        |
|    loss                 | 1.24          |
|    n_updates            | 1265          |
|    policy_gradient_loss | -2.09e-07     |
|    value_loss           | 3.06          |
-------------------------------------------
-----------------------------------------
| rollout/                |             |
|    ep_len_mean          | 38.6        |
|    ep_rew_mean          | 20.5        |
| time/                   |             |
|    fps                  | 295         |
|    iterations           | 255         |
|    time_elapsed         | 441         |
|    total_timesteps      | 130560      |
| train/                  |             |
|    approx_kl            | 3.03844e-08 |
|    clip_fraction        | 0           |
|    clip_range           | 0.2         |
|    entropy_loss         | -0.00688    |
|    explained_variance   | 0.932       |
|    learning_rate        | 0.0003      |
|    loss                 | 1.87        |
|    n_updates            | 1270        |
|    policy_gradient_loss | 3.93e-07    |
|    value_loss           | 3.73        |
-----------------------------------------
-------------------------------------------
| rollout/                |               |
|    ep_len_mean          | 40            |
|    ep_rew_mean          | 20.7          |
| time/                   |               |
|    fps                  | 295           |
|    iterations           | 256           |
|    time_elapsed         | 443           |
|    total_timesteps      | 131072        |
| train/                  |               |
|    approx_kl            | 2.9569492e-08 |
|    clip_fraction        | 0             |
|    clip_range           | 0.2           |
|    entropy_loss         | -0.00834      |
|    explained_variance   | 0.923         |
|    learning_rate        | 0.0003        |
|    loss                 | 1.83          |
|    n_updates            | 1275          |
|    policy_gradient_loss | 1.74e-06      |
|    value_loss           | 5.52          |
-------------------------------------------
-------------------------------------------
| rollout/                |               |
|    ep_len_mean          | 38.9          |
|    ep_rew_mean          | 21            |
| time/                   |               |
|    fps                  | 295           |
|    iterations           | 257           |
|    time_elapsed         | 445           |
|    total_timesteps      | 131584        |
| train/                  |               |
|    approx_kl            | 2.7241185e-08 |
|    clip_fraction        | 0             |
|    clip_range           | 0.2           |
|    entropy_loss         | -0.00968      |
|    explained_variance   | 0.814         |
|    learning_rate        | 0.0003        |
|    loss                 | 1.47          |
|    n_updates            | 1280          |
|    policy_gradient_loss | -1.7e-06      |
|    value_loss           | 9.63          |
-------------------------------------------
-------------------------------------------
| rollout/                |               |
|    ep_len_mean          | 40            |
|    ep_rew_mean          | 20.8          |
| time/                   |               |
|    fps                  | 295           |
|    iterations           | 258           |
|    time_elapsed         | 446           |
|    total_timesteps      | 132096        |
| train/                  |               |
|    approx_kl            | 1.3062963e-06 |
|    clip_fraction        | 0             |
|    clip_range           | 0.2           |
|    entropy_loss         | -0.0103       |
|    explained_variance   | 0.877         |
|    learning_rate        | 0.0003        |
|    loss                 | 9.3           |
|    n_updates            | 1285          |
|    policy_gradient_loss | -9.59e-05     |
|    value_loss           | 19.4          |
-------------------------------------------
------------------------------------------
| rollout/                |              |
|    ep_len_mean          | 39.8         |
|    ep_rew_mean          | 21.1         |
| time/                   |              |
|    fps                  | 295          |
|    iterations           | 259          |
|    time_elapsed         | 448          |
|    total_timesteps      | 132608       |
| train/                  |              |
|    approx_kl            | 7.782236e-05 |
|    clip_fraction        | 0.000391     |
|    clip_range           | 0.2          |
|    entropy_loss         | -0.0086      |
|    explained_variance   | 0.896        |
|    learning_rate        | 0.0003       |
|    loss                 | 1.05         |
|    n_updates            | 1290         |
|    policy_gradient_loss | -0.000779    |
|    value_loss           | 3.92         |
------------------------------------------
-------------------------------------------
| rollout/                |               |
|    ep_len_mean          | 38.3          |
|    ep_rew_mean          | 19.7          |
| time/                   |               |
|    fps                  | 295           |
|    iterations           | 260           |
|    time_elapsed         | 449           |
|    total_timesteps      | 133120        |
| train/                  |               |
|    approx_kl            | 5.1290262e-05 |
|    clip_fraction        | 0.00117       |
|    clip_range           | 0.2           |
|    entropy_loss         | -0.00648      |
|    explained_variance   | 0.888         |
|    learning_rate        | 0.0003        |
|    loss                 | 2.08          |
|    n_updates            | 1295          |
|    policy_gradient_loss | -0.00176      |
|    value_loss           | 5.15          |
-------------------------------------------
-------------------------------------------
| rollout/                |               |
|    ep_len_mean          | 38.1          |
|    ep_rew_mean          | 17.9          |
| time/                   |               |
|    fps                  | 296           |
|    iterations           | 261           |
|    time_elapsed         | 451           |
|    total_timesteps      | 133632        |
| train/                  |               |
|    approx_kl            | 2.8521754e-08 |
|    clip_fraction        | 0             |
|    clip_range           | 0.2           |
|    entropy_loss         | -0.0071       |
|    explained_variance   | 0.942         |
|    learning_rate        | 0.0003        |
|    loss                 | 1.8           |
|    n_updates            | 1300          |
|    policy_gradient_loss | -1.94e-07     |
|    value_loss           | 4.91          |
-------------------------------------------
------------------------------------------
| rollout/                |              |
|    ep_len_mean          | 37.6         |
|    ep_rew_mean          | 17.6         |
| time/                   |              |
|    fps                  | 296          |
|    iterations           | 262          |
|    time_elapsed         | 452          |
|    total_timesteps      | 134144       |
| train/                  |              |
|    approx_kl            | 8.438597e-06 |
|    clip_fraction        | 0            |
|    clip_range           | 0.2          |
|    entropy_loss         | -0.00776     |
|    explained_variance   | 0.77         |
|    learning_rate        | 0.0003       |
|    loss                 | 6.37         |
|    n_updates            | 1305         |
|    policy_gradient_loss | 3.7e-05      |
|    value_loss           | 15.6         |
------------------------------------------
------------------------------------------
| rollout/                |              |
|    ep_len_mean          | 37.2         |
|    ep_rew_mean          | 18.3         |
| time/                   |              |
|    fps                  | 296          |
|    iterations           | 263          |
|    time_elapsed         | 454          |
|    total_timesteps      | 134656       |
| train/                  |              |
|    approx_kl            | 9.957352e-06 |
|    clip_fraction        | 0            |
|    clip_range           | 0.2          |
|    entropy_loss         | -0.00693     |
|    explained_variance   | 0.817        |
|    learning_rate        | 0.0003       |
|    loss                 | 2.98         |
|    n_updates            | 1310         |
|    policy_gradient_loss | -0.000217    |
|    value_loss           | 7.85         |
------------------------------------------
-------------------------------------------
| rollout/                |               |
|    ep_len_mean          | 37.5          |
|    ep_rew_mean          | 18.8          |
| time/                   |               |
|    fps                  | 296           |
|    iterations           | 264           |
|    time_elapsed         | 456           |
|    total_timesteps      | 135168        |
| train/                  |               |
|    approx_kl            | 1.5716068e-08 |
|    clip_fraction        | 0             |
|    clip_range           | 0.2           |
|    entropy_loss         | -0.00644      |
|    explained_variance   | 0.919         |
|    learning_rate        | 0.0003        |
|    loss                 | 2.09          |
|    n_updates            | 1315          |
|    policy_gradient_loss | 7.81e-08      |
|    value_loss           | 4.48          |
-------------------------------------------
-------------------------------------------
| rollout/                |               |
|    ep_len_mean          | 37.4          |
|    ep_rew_mean          | 18.4          |
| time/                   |               |
|    fps                  | 296           |
|    iterations           | 265           |
|    time_elapsed         | 457           |
|    total_timesteps      | 135680        |
| train/                  |               |
|    approx_kl            | 3.4215744e-05 |
|    clip_fraction        | 0             |
|    clip_range           | 0.2           |
|    entropy_loss         | -0.00651      |
|    explained_variance   | 0.821         |
|    learning_rate        | 0.0003        |
|    loss                 | 0.976         |
|    n_updates            | 1320          |
|    policy_gradient_loss | -0.000442     |
|    value_loss           | 3.32          |
-------------------------------------------
--------------------------------------
| rollout/                |          |
|    ep_len_mean          | 38       |
|    ep_rew_mean          | 19       |
| time/                   |          |
|    fps                  | 296      |
|    iterations           | 266      |
|    time_elapsed         | 459      |
|    total_timesteps      | 136192   |
| train/                  |          |
|    approx_kl            | 0.0      |
|    clip_fraction        | 0        |
|    clip_range           | 0.2      |
|    entropy_loss         | -0.00495 |
|    explained_variance   | 0.564    |
|    learning_rate        | 0.0003   |
|    loss                 | 16.7     |
|    n_updates            | 1325     |
|    policy_gradient_loss | 8.37e-07 |
|    value_loss           | 29.5     |
--------------------------------------
-------------------------------------------
| rollout/                |               |
|    ep_len_mean          | 37.8          |
|    ep_rew_mean          | 18.8          |
| time/                   |               |
|    fps                  | 296           |
|    iterations           | 267           |
|    time_elapsed         | 460           |
|    total_timesteps      | 136704        |
| train/                  |               |
|    approx_kl            | 2.1536835e-08 |
|    clip_fraction        | 0             |
|    clip_range           | 0.2           |
|    entropy_loss         | -0.00511      |
|    explained_variance   | 0.902         |
|    learning_rate        | 0.0003        |
|    loss                 | 1.49          |
|    n_updates            | 1330          |
|    policy_gradient_loss | -3.13e-08     |
|    value_loss           | 4.2           |
-------------------------------------------
-------------------------------------------
| rollout/                |               |
|    ep_len_mean          | 38.2          |
|    ep_rew_mean          | 19.6          |
| time/                   |               |
|    fps                  | 296           |
|    iterations           | 268           |
|    time_elapsed         | 462           |
|    total_timesteps      | 137216        |
| train/                  |               |
|    approx_kl            | 0.00010209659 |
|    clip_fraction        | 0.00117       |
|    clip_range           | 0.2           |
|    entropy_loss         | -0.00473      |
|    explained_variance   | 0.933         |
|    learning_rate        | 0.0003        |
|    loss                 | 3.18          |
|    n_updates            | 1335          |
|    policy_gradient_loss | -0.00115      |
|    value_loss           | 6.03          |
-------------------------------------------
-------------------------------------------
| rollout/                |               |
|    ep_len_mean          | 37.5          |
|    ep_rew_mean          | 18.8          |
| time/                   |               |
|    fps                  | 296           |
|    iterations           | 269           |
|    time_elapsed         | 464           |
|    total_timesteps      | 137728        |
| train/                  |               |
|    approx_kl            | 2.2351742e-08 |
|    clip_fraction        | 0             |
|    clip_range           | 0.2           |
|    entropy_loss         | -0.00431      |
|    explained_variance   | 0.902         |
|    learning_rate        | 0.0003        |
|    loss                 | 1.74          |
|    n_updates            | 1340          |
|    policy_gradient_loss | -5.39e-08     |
|    value_loss           | 4.12          |
-------------------------------------------
-------------------------------------------
| rollout/                |               |
|    ep_len_mean          | 37.3          |
|    ep_rew_mean          | 17.7          |
| time/                   |               |
|    fps                  | 296           |
|    iterations           | 270           |
|    time_elapsed         | 465           |
|    total_timesteps      | 138240        |
| train/                  |               |
|    approx_kl            | 1.9790605e-08 |
|    clip_fraction        | 0             |
|    clip_range           | 0.2           |
|    entropy_loss         | -0.00489      |
|    explained_variance   | 0.891         |
|    learning_rate        | 0.0003        |
|    loss                 | 1.62          |
|    n_updates            | 1345          |
|    policy_gradient_loss | -2.86e-07     |
|    value_loss           | 3.92          |
-------------------------------------------
------------------------------------------
| rollout/                |              |
|    ep_len_mean          | 38.1         |
|    ep_rew_mean          | 17.8         |
| time/                   |              |
|    fps                  | 296          |
|    iterations           | 271          |
|    time_elapsed         | 467          |
|    total_timesteps      | 138752       |
| train/                  |              |
|    approx_kl            | 2.712477e-08 |
|    clip_fraction        | 0            |
|    clip_range           | 0.2          |
|    entropy_loss         | -0.00584     |
|    explained_variance   | 0.967        |
|    learning_rate        | 0.0003       |
|    loss                 | 1.02         |
|    n_updates            | 1350         |
|    policy_gradient_loss | 1.02e-06     |
|    value_loss           | 2.6          |
------------------------------------------
------------------------------------------
| rollout/                |              |
|    ep_len_mean          | 38.9         |
|    ep_rew_mean          | 18.7         |
| time/                   |              |
|    fps                  | 297          |
|    iterations           | 272          |
|    time_elapsed         | 468          |
|    total_timesteps      | 139264       |
| train/                  |              |
|    approx_kl            | 3.015157e-08 |
|    clip_fraction        | 0            |
|    clip_range           | 0.2          |
|    entropy_loss         | -0.00721     |
|    explained_variance   | 0.885        |
|    learning_rate        | 0.0003       |
|    loss                 | 2            |
|    n_updates            | 1355         |
|    policy_gradient_loss | -1.03e-06    |
|    value_loss           | 4.04         |
------------------------------------------
------------------------------------------
| rollout/                |              |
|    ep_len_mean          | 37.2         |
|    ep_rew_mean          | 18.3         |
| time/                   |              |
|    fps                  | 297          |
|    iterations           | 273          |
|    time_elapsed         | 470          |
|    total_timesteps      | 139776       |
| train/                  |              |
|    approx_kl            | 7.788185e-08 |
|    clip_fraction        | 0            |
|    clip_range           | 0.2          |
|    entropy_loss         | -0.00916     |
|    explained_variance   | 0.916        |
|    learning_rate        | 0.0003       |
|    loss                 | 2.85         |
|    n_updates            | 1360         |
|    policy_gradient_loss | -1.13e-06    |
|    value_loss           | 4.66         |
------------------------------------------
-------------------------------------------
| rollout/                |               |
|    ep_len_mean          | 37.8          |
|    ep_rew_mean          | 18.1          |
| time/                   |               |
|    fps                  | 297           |
|    iterations           | 274           |
|    time_elapsed         | 472           |
|    total_timesteps      | 140288        |
| train/                  |               |
|    approx_kl            | 4.0512532e-08 |
|    clip_fraction        | 0             |
|    clip_range           | 0.2           |
|    entropy_loss         | -0.0119       |
|    explained_variance   | 0.825         |
|    learning_rate        | 0.0003        |
|    loss                 | 2.8           |
|    n_updates            | 1365          |
|    policy_gradient_loss | -1.74e-06     |
|    value_loss           | 11.6          |
-------------------------------------------
-------------------------------------------
| rollout/                |               |
|    ep_len_mean          | 38            |
|    ep_rew_mean          | 18.4          |
| time/                   |               |
|    fps                  | 297           |
|    iterations           | 275           |
|    time_elapsed         | 473           |
|    total_timesteps      | 140800        |
| train/                  |               |
|    approx_kl            | 5.6810677e-07 |
|    clip_fraction        | 0             |
|    clip_range           | 0.2           |
|    entropy_loss         | -0.0149       |
|    explained_variance   | 0.946         |
|    learning_rate        | 0.0003        |
|    loss                 | 0.829         |
|    n_updates            | 1370          |
|    policy_gradient_loss | 2.76e-06      |
|    value_loss           | 1.91          |
-------------------------------------------
-------------------------------------------
| rollout/                |               |
|    ep_len_mean          | 37.9          |
|    ep_rew_mean          | 18.3          |
| time/                   |               |
|    fps                  | 297           |
|    iterations           | 276           |
|    time_elapsed         | 475           |
|    total_timesteps      | 141312        |
| train/                  |               |
|    approx_kl            | 0.00054715015 |
|    clip_fraction        | 0.00352       |
|    clip_range           | 0.2           |
|    entropy_loss         | -0.0214       |
|    explained_variance   | 0.512         |
|    learning_rate        | 0.0003        |
|    loss                 | 5.9           |
|    n_updates            | 1375          |
|    policy_gradient_loss | 0.00132       |
|    value_loss           | 15.7          |
-------------------------------------------
-------------------------------------------
| rollout/                |               |
|    ep_len_mean          | 38.5          |
|    ep_rew_mean          | 19.6          |
| time/                   |               |
|    fps                  | 297           |
|    iterations           | 277           |
|    time_elapsed         | 476           |
|    total_timesteps      | 141824        |
| train/                  |               |
|    approx_kl            | 0.00015095167 |
|    clip_fraction        | 0.00352       |
|    clip_range           | 0.2           |
|    entropy_loss         | -0.0128       |
|    explained_variance   | 0.735         |
|    learning_rate        | 0.0003        |
|    loss                 | 2.52          |
|    n_updates            | 1380          |
|    policy_gradient_loss | -0.00375      |
|    value_loss           | 6.1           |
-------------------------------------------
------------------------------------------
| rollout/                |              |
|    ep_len_mean          | 36.7         |
|    ep_rew_mean          | 18.6         |
| time/                   |              |
|    fps                  | 297          |
|    iterations           | 278          |
|    time_elapsed         | 478          |
|    total_timesteps      | 142336       |
| train/                  |              |
|    approx_kl            | 0.0003766328 |
|    clip_fraction        | 0.00195      |
|    clip_range           | 0.2          |
|    entropy_loss         | -0.0115      |
|    explained_variance   | 0.717        |
|    learning_rate        | 0.0003       |
|    loss                 | 3.65         |
|    n_updates            | 1385         |
|    policy_gradient_loss | -0.00192     |
|    value_loss           | 9.21         |
------------------------------------------
-------------------------------------------
| rollout/                |               |
|    ep_len_mean          | 35.2          |
|    ep_rew_mean          | 17.4          |
| time/                   |               |
|    fps                  | 297           |
|    iterations           | 279           |
|    time_elapsed         | 479           |
|    total_timesteps      | 142848        |
| train/                  |               |
|    approx_kl            | 1.3690442e-07 |
|    clip_fraction        | 0             |
|    clip_range           | 0.2           |
|    entropy_loss         | -0.0103       |
|    explained_variance   | 0.829         |
|    learning_rate        | 0.0003        |
|    loss                 | 2.44          |
|    n_updates            | 1390          |
|    policy_gradient_loss | -3.17e-08     |
|    value_loss           | 4.5           |
-------------------------------------------
-------------------------------------------
| rollout/                |               |
|    ep_len_mean          | 34.7          |
|    ep_rew_mean          | 17.6          |
| time/                   |               |
|    fps                  | 297           |
|    iterations           | 280           |
|    time_elapsed         | 481           |
|    total_timesteps      | 143360        |
| train/                  |               |
|    approx_kl            | 1.1769589e-07 |
|    clip_fraction        | 0             |
|    clip_range           | 0.2           |
|    entropy_loss         | -0.0136       |
|    explained_variance   | 0.718         |
|    learning_rate        | 0.0003        |
|    loss                 | 2.74          |
|    n_updates            | 1395          |
|    policy_gradient_loss | 0.000376      |
|    value_loss           | 8.79          |
-------------------------------------------
-------------------------------------------
| rollout/                |               |
|    ep_len_mean          | 32.9          |
|    ep_rew_mean          | 17.1          |
| time/                   |               |
|    fps                  | 297           |
|    iterations           | 281           |
|    time_elapsed         | 483           |
|    total_timesteps      | 143872        |
| train/                  |               |
|    approx_kl            | 0.00014052063 |
|    clip_fraction        | 0.00195       |
|    clip_range           | 0.2           |
|    entropy_loss         | -0.0109       |
|    explained_variance   | 0.654         |
|    learning_rate        | 0.0003        |
|    loss                 | 3.51          |
|    n_updates            | 1400          |
|    policy_gradient_loss | -0.00231      |
|    value_loss           | 8.22          |
-------------------------------------------
-------------------------------------------
| rollout/                |               |
|    ep_len_mean          | 33.1          |
|    ep_rew_mean          | 17.6          |
| time/                   |               |
|    fps                  | 297           |
|    iterations           | 282           |
|    time_elapsed         | 484           |
|    total_timesteps      | 144384        |
| train/                  |               |
|    approx_kl            | 0.00022250204 |
|    clip_fraction        | 0.00195       |
|    clip_range           | 0.2           |
|    entropy_loss         | -0.00831      |
|    explained_variance   | 0.794         |
|    learning_rate        | 0.0003        |
|    loss                 | 2.73          |
|    n_updates            | 1405          |
|    policy_gradient_loss | -0.00212      |
|    value_loss           | 7             |
-------------------------------------------
----------------------------------------
| rollout/                |            |
|    ep_len_mean          | 32.7       |
|    ep_rew_mean          | 17.9       |
| time/                   |            |
|    fps                  | 297        |
|    iterations           | 283        |
|    time_elapsed         | 486        |
|    total_timesteps      | 144896     |
| train/                  |            |
|    approx_kl            | 2.8871e-08 |
|    clip_fraction        | 0          |
|    clip_range           | 0.2        |
|    entropy_loss         | -0.00809   |
|    explained_variance   | 0.922      |
|    learning_rate        | 0.0003     |
|    loss                 | 1.31       |
|    n_updates            | 1410       |
|    policy_gradient_loss | 1.17e-06   |
|    value_loss           | 5.32       |
----------------------------------------
-----------------------------------------
| rollout/                |             |
|    ep_len_mean          | 32.9        |
|    ep_rew_mean          | 18.2        |
| time/                   |             |
|    fps                  | 297         |
|    iterations           | 284         |
|    time_elapsed         | 487         |
|    total_timesteps      | 145408      |
| train/                  |             |
|    approx_kl            | 6.76373e-08 |
|    clip_fraction        | 0           |
|    clip_range           | 0.2         |
|    entropy_loss         | -0.00982    |
|    explained_variance   | 0.929       |
|    learning_rate        | 0.0003      |
|    loss                 | 1.78        |
|    n_updates            | 1415        |
|    policy_gradient_loss | 1.43e-06    |
|    value_loss           | 3.86        |
-----------------------------------------
-------------------------------------------
| rollout/                |               |
|    ep_len_mean          | 33.3          |
|    ep_rew_mean          | 18.3          |
| time/                   |               |
|    fps                  | 298           |
|    iterations           | 285           |
|    time_elapsed         | 489           |
|    total_timesteps      | 145920        |
| train/                  |               |
|    approx_kl            | 1.4714897e-06 |
|    clip_fraction        | 0             |
|    clip_range           | 0.2           |
|    entropy_loss         | -0.0156       |
|    explained_variance   | 0.917         |
|    learning_rate        | 0.0003        |
|    loss                 | 0.988         |
|    n_updates            | 1420          |
|    policy_gradient_loss | -1.11e-06     |
|    value_loss           | 2.25          |
-------------------------------------------
------------------------------------------
| rollout/                |              |
|    ep_len_mean          | 32.9         |
|    ep_rew_mean          | 18.1         |
| time/                   |              |
|    fps                  | 298          |
|    iterations           | 286          |
|    time_elapsed         | 491          |
|    total_timesteps      | 146432       |
| train/                  |              |
|    approx_kl            | 0.0011684854 |
|    clip_fraction        | 0.00352      |
|    clip_range           | 0.2          |
|    entropy_loss         | -0.021       |
|    explained_variance   | 0.829        |
|    learning_rate        | 0.0003       |
|    loss                 | 6.49         |
|    n_updates            | 1425         |
|    policy_gradient_loss | -0.00194     |
|    value_loss           | 8.63         |
------------------------------------------
------------------------------------------
| rollout/                |              |
|    ep_len_mean          | 35.7         |
|    ep_rew_mean          | 19.4         |
| time/                   |              |
|    fps                  | 298          |
|    iterations           | 287          |
|    time_elapsed         | 492          |
|    total_timesteps      | 146944       |
| train/                  |              |
|    approx_kl            | 3.574358e-05 |
|    clip_fraction        | 0            |
|    clip_range           | 0.2          |
|    entropy_loss         | -0.0153      |
|    explained_variance   | 0.914        |
|    learning_rate        | 0.0003       |
|    loss                 | 2.04         |
|    n_updates            | 1430         |
|    policy_gradient_loss | -1.58e-05    |
|    value_loss           | 6.27         |
------------------------------------------
-------------------------------------------
| rollout/                |               |
|    ep_len_mean          | 35.7          |
|    ep_rew_mean          | 19.3          |
| time/                   |               |
|    fps                  | 298           |
|    iterations           | 288           |
|    time_elapsed         | 494           |
|    total_timesteps      | 147456        |
| train/                  |               |
|    approx_kl            | 2.0163134e-07 |
|    clip_fraction        | 0             |
|    clip_range           | 0.2           |
|    entropy_loss         | -0.0175       |
|    explained_variance   | 0.764         |
|    learning_rate        | 0.0003        |
|    loss                 | 3.33          |
|    n_updates            | 1435          |
|    policy_gradient_loss | -9.4e-06      |
|    value_loss           | 7.98          |
-------------------------------------------
------------------------------------------
| rollout/                |              |
|    ep_len_mean          | 35.2         |
|    ep_rew_mean          | 18           |
| time/                   |              |
|    fps                  | 298          |
|    iterations           | 289          |
|    time_elapsed         | 495          |
|    total_timesteps      | 147968       |
| train/                  |              |
|    approx_kl            | 0.0010056433 |
|    clip_fraction        | 0.00508      |
|    clip_range           | 0.2          |
|    entropy_loss         | -0.0182      |
|    explained_variance   | 0.746        |
|    learning_rate        | 0.0003       |
|    loss                 | 5.43         |
|    n_updates            | 1440         |
|    policy_gradient_loss | -0.00298     |
|    value_loss           | 11.9         |
------------------------------------------
-------------------------------------------
| rollout/                |               |
|    ep_len_mean          | 35.5          |
|    ep_rew_mean          | 17.3          |
| time/                   |               |
|    fps                  | 298           |
|    iterations           | 290           |
|    time_elapsed         | 497           |
|    total_timesteps      | 148480        |
| train/                  |               |
|    approx_kl            | 0.00015616172 |
|    clip_fraction        | 0.00273       |
|    clip_range           | 0.2           |
|    entropy_loss         | -0.0129       |
|    explained_variance   | 0.908         |
|    learning_rate        | 0.0003        |
|    loss                 | 2.5           |
|    n_updates            | 1445          |
|    policy_gradient_loss | -0.00253      |
|    value_loss           | 6.83          |
-------------------------------------------
-------------------------------------------
| rollout/                |               |
|    ep_len_mean          | 35            |
|    ep_rew_mean          | 16.8          |
| time/                   |               |
|    fps                  | 298           |
|    iterations           | 291           |
|    time_elapsed         | 498           |
|    total_timesteps      | 148992        |
| train/                  |               |
|    approx_kl            | 2.0489097e-08 |
|    clip_fraction        | 0             |
|    clip_range           | 0.2           |
|    entropy_loss         | -0.00943      |
|    explained_variance   | 0.954         |
|    learning_rate        | 0.0003        |
|    loss                 | 1.32          |
|    n_updates            | 1450          |
|    policy_gradient_loss | 1.61e-05      |
|    value_loss           | 2.62          |
-------------------------------------------
------------------------------------------
| rollout/                |              |
|    ep_len_mean          | 36.6         |
|    ep_rew_mean          | 16.6         |
| time/                   |              |
|    fps                  | 298          |
|    iterations           | 292          |
|    time_elapsed         | 500          |
|    total_timesteps      | 149504       |
| train/                  |              |
|    approx_kl            | 1.057284e-06 |
|    clip_fraction        | 0            |
|    clip_range           | 0.2          |
|    entropy_loss         | -0.00993     |
|    explained_variance   | 0.766        |
|    learning_rate        | 0.0003       |
|    loss                 | 2.12         |
|    n_updates            | 1455         |
|    policy_gradient_loss | 0.000134     |
|    value_loss           | 5.69         |
------------------------------------------
--------------------------------------
| rollout/                |          |
|    ep_len_mean          | 37.1     |
|    ep_rew_mean          | 16.1     |
| time/                   |          |
|    fps                  | 298      |
|    iterations           | 293      |
|    time_elapsed         | 502      |
|    total_timesteps      | 150016   |
| train/                  |          |
|    approx_kl            | 0.0      |
|    clip_fraction        | 0        |
|    clip_range           | 0.2      |
|    entropy_loss         | -0.00861 |
|    explained_variance   | 0.709    |
|    learning_rate        | 0.0003   |
|    loss                 | 3.1      |
|    n_updates            | 1460     |
|    policy_gradient_loss | 3.54e-06 |
|    value_loss           | 14.6     |
--------------------------------------
------------------------------------------
| rollout/                |              |
|    ep_len_mean          | 35.2         |
|    ep_rew_mean          | 14.8         |
| time/                   |              |
|    fps                  | 298          |
|    iterations           | 294          |
|    time_elapsed         | 503          |
|    total_timesteps      | 150528       |
| train/                  |              |
|    approx_kl            | 1.990702e-08 |
|    clip_fraction        | 0            |
|    clip_range           | 0.2          |
|    entropy_loss         | -0.00909     |
|    explained_variance   | 0.923        |
|    learning_rate        | 0.0003       |
|    loss                 | 2.85         |
|    n_updates            | 1465         |
|    policy_gradient_loss | 1.29e-06     |
|    value_loss           | 6.38         |
------------------------------------------
-------------------------------------------
| rollout/                |               |
|    ep_len_mean          | 35.6          |
|    ep_rew_mean          | 14.9          |
| time/                   |               |
|    fps                  | 298           |
|    iterations           | 295           |
|    time_elapsed         | 505           |
|    total_timesteps      | 151040        |
| train/                  |               |
|    approx_kl            | 5.7937694e-05 |
|    clip_fraction        | 0             |
|    clip_range           | 0.2           |
|    entropy_loss         | -0.00859      |
|    explained_variance   | 0.688         |
|    learning_rate        | 0.0003        |
|    loss                 | 5.01          |
|    n_updates            | 1470          |
|    policy_gradient_loss | -0.000781     |
|    value_loss           | 13            |
-------------------------------------------
---------------------------------------
| rollout/                |           |
|    ep_len_mean          | 36.3      |
|    ep_rew_mean          | 16.3      |
| time/                   |           |
|    fps                  | 299       |
|    iterations           | 296       |
|    time_elapsed         | 506       |
|    total_timesteps      | 151552    |
| train/                  |           |
|    approx_kl            | 0.0       |
|    clip_fraction        | 0         |
|    clip_range           | 0.2       |
|    entropy_loss         | -0.00735  |
|    explained_variance   | 0.873     |
|    learning_rate        | 0.0003    |
|    loss                 | 2.49      |
|    n_updates            | 1475      |
|    policy_gradient_loss | -1.75e-06 |
|    value_loss           | 6.86      |
---------------------------------------
------------------------------------------
| rollout/                |              |
|    ep_len_mean          | 36.4         |
|    ep_rew_mean          | 16.3         |
| time/                   |              |
|    fps                  | 299          |
|    iterations           | 297          |
|    time_elapsed         | 508          |
|    total_timesteps      | 152064       |
| train/                  |              |
|    approx_kl            | 6.761751e-05 |
|    clip_fraction        | 0.000781     |
|    clip_range           | 0.2          |
|    entropy_loss         | -0.0065      |
|    explained_variance   | 0.899        |
|    learning_rate        | 0.0003       |
|    loss                 | 1.75         |
|    n_updates            | 1480         |
|    policy_gradient_loss | -0.000807    |
|    value_loss           | 3.75         |
------------------------------------------
-------------------------------------------
| rollout/                |               |
|    ep_len_mean          | 36.2          |
|    ep_rew_mean          | 16.4          |
| time/                   |               |
|    fps                  | 299           |
|    iterations           | 298           |
|    time_elapsed         | 509           |
|    total_timesteps      | 152576        |
| train/                  |               |
|    approx_kl            | 2.5960617e-08 |
|    clip_fraction        | 0             |
|    clip_range           | 0.2           |
|    entropy_loss         | -0.00639      |
|    explained_variance   | 0.932         |
|    learning_rate        | 0.0003        |
|    loss                 | 1.85          |
|    n_updates            | 1485          |
|    policy_gradient_loss | 1.77e-06      |
|    value_loss           | 4.55          |
-------------------------------------------
-------------------------------------------
| rollout/                |               |
|    ep_len_mean          | 36.7          |
|    ep_rew_mean          | 17.2          |
| time/                   |               |
|    fps                  | 299           |
|    iterations           | 299           |
|    time_elapsed         | 511           |
|    total_timesteps      | 153088        |
| train/                  |               |
|    approx_kl            | 2.6902417e-06 |
|    clip_fraction        | 0             |
|    clip_range           | 0.2           |
|    entropy_loss         | -0.00736      |
|    explained_variance   | 0.622         |
|    learning_rate        | 0.0003        |
|    loss                 | 5.74          |
|    n_updates            | 1490          |
|    policy_gradient_loss | 3.27e-05      |
|    value_loss           | 31.5          |
-------------------------------------------
-------------------------------------------
| rollout/                |               |
|    ep_len_mean          | 36.8          |
|    ep_rew_mean          | 18.5          |
| time/                   |               |
|    fps                  | 299           |
|    iterations           | 300           |
|    time_elapsed         | 513           |
|    total_timesteps      | 153600        |
| train/                  |               |
|    approx_kl            | 2.6077032e-08 |
|    clip_fraction        | 0             |
|    clip_range           | 0.2           |
|    entropy_loss         | -0.00753      |
|    explained_variance   | 0.921         |
|    learning_rate        | 0.0003        |
|    loss                 | 1.9           |
|    n_updates            | 1495          |
|    policy_gradient_loss | -1.72e-07     |
|    value_loss           | 4.47          |
-------------------------------------------
-------------------------------------------
| rollout/                |               |
|    ep_len_mean          | 37.4          |
|    ep_rew_mean          | 19.3          |
| time/                   |               |
|    fps                  | 299           |
|    iterations           | 301           |
|    time_elapsed         | 514           |
|    total_timesteps      | 154112        |
| train/                  |               |
|    approx_kl            | 3.8417056e-08 |
|    clip_fraction        | 0             |
|    clip_range           | 0.2           |
|    entropy_loss         | -0.00913      |
|    explained_variance   | 0.889         |
|    learning_rate        | 0.0003        |
|    loss                 | 1.89          |
|    n_updates            | 1500          |
|    policy_gradient_loss | 7.27e-07      |
|    value_loss           | 4.6           |
-------------------------------------------
-------------------------------------------
| rollout/                |               |
|    ep_len_mean          | 37.9          |
|    ep_rew_mean          | 19.6          |
| time/                   |               |
|    fps                  | 299           |
|    iterations           | 302           |
|    time_elapsed         | 516           |
|    total_timesteps      | 154624        |
| train/                  |               |
|    approx_kl            | 1.5867408e-07 |
|    clip_fraction        | 0             |
|    clip_range           | 0.2           |
|    entropy_loss         | -0.0118       |
|    explained_variance   | 0.895         |
|    learning_rate        | 0.0003        |
|    loss                 | 1.83          |
|    n_updates            | 1505          |
|    policy_gradient_loss | 2.22e-06      |
|    value_loss           | 3.62          |
-------------------------------------------
------------------------------------------
| rollout/                |              |
|    ep_len_mean          | 38.2         |
|    ep_rew_mean          | 19.7         |
| time/                   |              |
|    fps                  | 299          |
|    iterations           | 303          |
|    time_elapsed         | 517          |
|    total_timesteps      | 155136       |
| train/                  |              |
|    approx_kl            | 8.074567e-07 |
|    clip_fraction        | 0            |
|    clip_range           | 0.2          |
|    entropy_loss         | -0.0152      |
|    explained_variance   | 0.923        |
|    learning_rate        | 0.0003       |
|    loss                 | 1.66         |
|    n_updates            | 1510         |
|    policy_gradient_loss | 0.000267     |
|    value_loss           | 5.47         |
------------------------------------------
-------------------------------------------
| rollout/                |               |
|    ep_len_mean          | 38.5          |
|    ep_rew_mean          | 19.6          |
| time/                   |               |
|    fps                  | 299           |
|    iterations           | 304           |
|    time_elapsed         | 519           |
|    total_timesteps      | 155648        |
| train/                  |               |
|    approx_kl            | 0.00035300385 |
|    clip_fraction        | 0.00117       |
|    clip_range           | 0.2           |
|    entropy_loss         | -0.0175       |
|    explained_variance   | 0.95          |
|    learning_rate        | 0.0003        |
|    loss                 | 1.92          |
|    n_updates            | 1515          |
|    policy_gradient_loss | -0.000825     |
|    value_loss           | 6.07          |
-------------------------------------------
------------------------------------------
| rollout/                |              |
|    ep_len_mean          | 39.3         |
|    ep_rew_mean          | 20.1         |
| time/                   |              |
|    fps                  | 299          |
|    iterations           | 305          |
|    time_elapsed         | 521          |
|    total_timesteps      | 156160       |
| train/                  |              |
|    approx_kl            | 3.591564e-05 |
|    clip_fraction        | 0.00156      |
|    clip_range           | 0.2          |
|    entropy_loss         | -0.019       |
|    explained_variance   | 0.91         |
|    learning_rate        | 0.0003       |
|    loss                 | 1.75         |
|    n_updates            | 1520         |
|    policy_gradient_loss | -0.00173     |
|    value_loss           | 3.91         |
------------------------------------------
--------------------------------------------
| rollout/                |                |
|    ep_len_mean          | 39             |
|    ep_rew_mean          | 21.5           |
| time/                   |                |
|    fps                  | 299            |
|    iterations           | 306            |
|    time_elapsed         | 522            |
|    total_timesteps      | 156672         |
| train/                  |                |
|    approx_kl            | 1.08615495e-07 |
|    clip_fraction        | 0              |
|    clip_range           | 0.2            |
|    entropy_loss         | -0.0193        |
|    explained_variance   | 0.858          |
|    learning_rate        | 0.0003         |
|    loss                 | 1.37           |
|    n_updates            | 1525           |
|    policy_gradient_loss | -2.63e-07      |
|    value_loss           | 3.81           |
--------------------------------------------
------------------------------------------
| rollout/                |              |
|    ep_len_mean          | 37.3         |
|    ep_rew_mean          | 19.7         |
| time/                   |              |
|    fps                  | 299          |
|    iterations           | 307          |
|    time_elapsed         | 524          |
|    total_timesteps      | 157184       |
| train/                  |              |
|    approx_kl            | 6.097136e-06 |
|    clip_fraction        | 0            |
|    clip_range           | 0.2          |
|    entropy_loss         | -0.0316      |
|    explained_variance   | 0.934        |
|    learning_rate        | 0.0003       |
|    loss                 | 2.09         |
|    n_updates            | 1530         |
|    policy_gradient_loss | -4.73e-05    |
|    value_loss           | 4.21         |
------------------------------------------
-------------------------------------------
| rollout/                |               |
|    ep_len_mean          | 35.9          |
|    ep_rew_mean          | 18.1          |
| time/                   |               |
|    fps                  | 299           |
|    iterations           | 308           |
|    time_elapsed         | 525           |
|    total_timesteps      | 157696        |
| train/                  |               |
|    approx_kl            | 1.7600134e-05 |
|    clip_fraction        | 0             |
|    clip_range           | 0.2           |
|    entropy_loss         | -0.0517       |
|    explained_variance   | 0.796         |
|    learning_rate        | 0.0003        |
|    loss                 | 3.11          |
|    n_updates            | 1535          |
|    policy_gradient_loss | 0.00228       |
|    value_loss           | 7.96          |
-------------------------------------------
-------------------------------------------
| rollout/                |               |
|    ep_len_mean          | 32.9          |
|    ep_rew_mean          | 16.9          |
| time/                   |               |
|    fps                  | 299           |
|    iterations           | 309           |
|    time_elapsed         | 527           |
|    total_timesteps      | 158208        |
| train/                  |               |
|    approx_kl            | 0.00026636745 |
|    clip_fraction        | 0.00391       |
|    clip_range           | 0.2           |
|    entropy_loss         | -0.0405       |
|    explained_variance   | 0.897         |
|    learning_rate        | 0.0003        |
|    loss                 | 1.36          |
|    n_updates            | 1540          |
|    policy_gradient_loss | -0.00341      |
|    value_loss           | 3.33          |
-------------------------------------------
-------------------------------------------
| rollout/                |               |
|    ep_len_mean          | 33.5          |
|    ep_rew_mean          | 17.3          |
| time/                   |               |
|    fps                  | 299           |
|    iterations           | 310           |
|    time_elapsed         | 529           |
|    total_timesteps      | 158720        |
| train/                  |               |
|    approx_kl            | 0.00030995486 |
|    clip_fraction        | 0.00273       |
|    clip_range           | 0.2           |
|    entropy_loss         | -0.0366       |
|    explained_variance   | 0.584         |
|    learning_rate        | 0.0003        |
|    loss                 | 5.26          |
|    n_updates            | 1545          |
|    policy_gradient_loss | -0.00102      |
|    value_loss           | 8.76          |
-------------------------------------------
-------------------------------------------
| rollout/                |               |
|    ep_len_mean          | 30.2          |
|    ep_rew_mean          | 14.2          |
| time/                   |               |
|    fps                  | 300           |
|    iterations           | 311           |
|    time_elapsed         | 530           |
|    total_timesteps      | 159232        |
| train/                  |               |
|    approx_kl            | 0.00036026153 |
|    clip_fraction        | 0.00273       |
|    clip_range           | 0.2           |
|    entropy_loss         | -0.0265       |
|    explained_variance   | 0.901         |
|    learning_rate        | 0.0003        |
|    loss                 | 1.27          |
|    n_updates            | 1550          |
|    policy_gradient_loss | -0.00197      |
|    value_loss           | 3.16          |
-------------------------------------------
------------------------------------------
| rollout/                |              |
|    ep_len_mean          | 30.4         |
|    ep_rew_mean          | 14.5         |
| time/                   |              |
|    fps                  | 300          |
|    iterations           | 312          |
|    time_elapsed         | 532          |
|    total_timesteps      | 159744       |
| train/                  |              |
|    approx_kl            | 9.121164e-05 |
|    clip_fraction        | 0.000391     |
|    clip_range           | 0.2          |
|    entropy_loss         | -0.0263      |
|    explained_variance   | 0.932        |
|    learning_rate        | 0.0003       |
|    loss                 | 2.64         |
|    n_updates            | 1555         |
|    policy_gradient_loss | 0.000369     |
|    value_loss           | 4.33         |
------------------------------------------
-------------------------------------------
| rollout/                |               |
|    ep_len_mean          | 31.7          |
|    ep_rew_mean          | 15.1          |
| time/                   |               |
|    fps                  | 300           |
|    iterations           | 313           |
|    time_elapsed         | 533           |
|    total_timesteps      | 160256        |
| train/                  |               |
|    approx_kl            | 3.0709198e-06 |
|    clip_fraction        | 0             |
|    clip_range           | 0.2           |
|    entropy_loss         | -0.0207       |
|    explained_variance   | 0.876         |
|    learning_rate        | 0.0003        |
|    loss                 | 1.37          |
|    n_updates            | 1560          |
|    policy_gradient_loss | 0.000144      |
|    value_loss           | 4.86          |
-------------------------------------------
-------------------------------------------
| rollout/                |               |
|    ep_len_mean          | 32.8          |
|    ep_rew_mean          | 15.5          |
| time/                   |               |
|    fps                  | 300           |
|    iterations           | 314           |
|    time_elapsed         | 535           |
|    total_timesteps      | 160768        |
| train/                  |               |
|    approx_kl            | 0.00017087953 |
|    clip_fraction        | 0.00117       |
|    clip_range           | 0.2           |
|    entropy_loss         | -0.0195       |
|    explained_variance   | 0.774         |
|    learning_rate        | 0.0003        |
|    loss                 | 10.1          |
|    n_updates            | 1565          |
|    policy_gradient_loss | -0.00178      |
|    value_loss           | 15.5          |
-------------------------------------------
----------------------------------------
| rollout/                |            |
|    ep_len_mean          | 34.8       |
|    ep_rew_mean          | 17.4       |
| time/                   |            |
|    fps                  | 300        |
|    iterations           | 315        |
|    time_elapsed         | 536        |
|    total_timesteps      | 161280     |
| train/                  |            |
|    approx_kl            | 5.7742e-08 |
|    clip_fraction        | 0          |
|    clip_range           | 0.2        |
|    entropy_loss         | -0.017     |
|    explained_variance   | 0.919      |
|    learning_rate        | 0.0003     |
|    loss                 | 2.25       |
|    n_updates            | 1570       |
|    policy_gradient_loss | -8.49e-07  |
|    value_loss           | 5.36       |
----------------------------------------
------------------------------------------
| rollout/                |              |
|    ep_len_mean          | 36           |
|    ep_rew_mean          | 18.2         |
| time/                   |              |
|    fps                  | 300          |
|    iterations           | 316          |
|    time_elapsed         | 538          |
|    total_timesteps      | 161792       |
| train/                  |              |
|    approx_kl            | 4.376052e-07 |
|    clip_fraction        | 0            |
|    clip_range           | 0.2          |
|    entropy_loss         | -0.0189      |
|    explained_variance   | 0.909        |
|    learning_rate        | 0.0003       |
|    loss                 | 2.01         |
|    n_updates            | 1575         |
|    policy_gradient_loss | -3.43e-06    |
|    value_loss           | 4.69         |
------------------------------------------
------------------------------------------
| rollout/                |              |
|    ep_len_mean          | 35.9         |
|    ep_rew_mean          | 18.2         |
| time/                   |              |
|    fps                  | 300          |
|    iterations           | 317          |
|    time_elapsed         | 540          |
|    total_timesteps      | 162304       |
| train/                  |              |
|    approx_kl            | 1.843553e-06 |
|    clip_fraction        | 0            |
|    clip_range           | 0.2          |
|    entropy_loss         | -0.0244      |
|    explained_variance   | 0.872        |
|    learning_rate        | 0.0003       |
|    loss                 | 3.19         |
|    n_updates            | 1580         |
|    policy_gradient_loss | 0.000655     |
|    value_loss           | 5.81         |
------------------------------------------
-------------------------------------------
| rollout/                |               |
|    ep_len_mean          | 36.8          |
|    ep_rew_mean          | 19            |
| time/                   |               |
|    fps                  | 300           |
|    iterations           | 318           |
|    time_elapsed         | 541           |
|    total_timesteps      | 162816        |
| train/                  |               |
|    approx_kl            | 0.00020102784 |
|    clip_fraction        | 0.00195       |
|    clip_range           | 0.2           |
|    entropy_loss         | -0.02         |
|    explained_variance   | 0.772         |
|    learning_rate        | 0.0003        |
|    loss                 | 6.02          |
|    n_updates            | 1585          |
|    policy_gradient_loss | -0.00208      |
|    value_loss           | 10.6          |
-------------------------------------------
-------------------------------------------
| rollout/                |               |
|    ep_len_mean          | 36.2          |
|    ep_rew_mean          | 19.3          |
| time/                   |               |
|    fps                  | 300           |
|    iterations           | 319           |
|    time_elapsed         | 543           |
|    total_timesteps      | 163328        |
| train/                  |               |
|    approx_kl            | 0.00030061207 |
|    clip_fraction        | 0.00273       |
|    clip_range           | 0.2           |
|    entropy_loss         | -0.021        |
|    explained_variance   | 0.803         |
|    learning_rate        | 0.0003        |
|    loss                 | 3.48          |
|    n_updates            | 1590          |
|    policy_gradient_loss | -0.000438     |
|    value_loss           | 9.69          |
-------------------------------------------
------------------------------------------
| rollout/                |              |
|    ep_len_mean          | 34.4         |
|    ep_rew_mean          | 18.6         |
| time/                   |              |
|    fps                  | 300          |
|    iterations           | 320          |
|    time_elapsed         | 544          |
|    total_timesteps      | 163840       |
| train/                  |              |
|    approx_kl            | 9.380013e-05 |
|    clip_fraction        | 0.00117      |
|    clip_range           | 0.2          |
|    entropy_loss         | -0.019       |
|    explained_variance   | 0.9          |
|    learning_rate        | 0.0003       |
|    loss                 | 2.05         |
|    n_updates            | 1595         |
|    policy_gradient_loss | -0.00176     |
|    value_loss           | 4.75         |
------------------------------------------
------------------------------------------
| rollout/                |              |
|    ep_len_mean          | 32.7         |
|    ep_rew_mean          | 16.9         |
| time/                   |              |
|    fps                  | 300          |
|    iterations           | 321          |
|    time_elapsed         | 546          |
|    total_timesteps      | 164352       |
| train/                  |              |
|    approx_kl            | 0.0012384881 |
|    clip_fraction        | 0.0102       |
|    clip_range           | 0.2          |
|    entropy_loss         | -0.0145      |
|    explained_variance   | 0.844        |
|    learning_rate        | 0.0003       |
|    loss                 | 4.04         |
|    n_updates            | 1600         |
|    policy_gradient_loss | -0.00619     |
|    value_loss           | 10.3         |
------------------------------------------
-------------------------------------------
| rollout/                |               |
|    ep_len_mean          | 32.6          |
|    ep_rew_mean          | 15.7          |
| time/                   |               |
|    fps                  | 300           |
|    iterations           | 322           |
|    time_elapsed         | 548           |
|    total_timesteps      | 164864        |
| train/                  |               |
|    approx_kl            | 2.1036249e-07 |
|    clip_fraction        | 0             |
|    clip_range           | 0.2           |
|    entropy_loss         | -0.015        |
|    explained_variance   | 0.945         |
|    learning_rate        | 0.0003        |
|    loss                 | 1.54          |
|    n_updates            | 1605          |
|    policy_gradient_loss | -3.45e-05     |
|    value_loss           | 3.77          |
-------------------------------------------
-------------------------------------------
| rollout/                |               |
|    ep_len_mean          | 32.8          |
|    ep_rew_mean          | 15.8          |
| time/                   |               |
|    fps                  | 300           |
|    iterations           | 323           |
|    time_elapsed         | 549           |
|    total_timesteps      | 165376        |
| train/                  |               |
|    approx_kl            | 1.5394995e-05 |
|    clip_fraction        | 0             |
|    clip_range           | 0.2           |
|    entropy_loss         | -0.0173       |
|    explained_variance   | 0.911         |
|    learning_rate        | 0.0003        |
|    loss                 | 1.66          |
|    n_updates            | 1610          |
|    policy_gradient_loss | 7.32e-05      |
|    value_loss           | 5.37          |
-------------------------------------------
--------------------------------------------
| rollout/                |                |
|    ep_len_mean          | 32.2           |
|    ep_rew_mean          | 14.4           |
| time/                   |                |
|    fps                  | 300            |
|    iterations           | 324            |
|    time_elapsed         | 551            |
|    total_timesteps      | 165888         |
| train/                  |                |
|    approx_kl            | 1.11642294e-07 |
|    clip_fraction        | 0              |
|    clip_range           | 0.2            |
|    entropy_loss         | -0.0146        |
|    explained_variance   | 0.879          |
|    learning_rate        | 0.0003         |
|    loss                 | 1.79           |
|    n_updates            | 1615           |
|    policy_gradient_loss | 5.31e-07       |
|    value_loss           | 3.83           |
--------------------------------------------
-------------------------------------------
| rollout/                |               |
|    ep_len_mean          | 32            |
|    ep_rew_mean          | 14.3          |
| time/                   |               |
|    fps                  | 300           |
|    iterations           | 325           |
|    time_elapsed         | 552           |
|    total_timesteps      | 166400        |
| train/                  |               |
|    approx_kl            | 4.4723973e-05 |
|    clip_fraction        | 0.000781      |
|    clip_range           | 0.2           |
|    entropy_loss         | -0.0209       |
|    explained_variance   | 0.922         |
|    learning_rate        | 0.0003        |
|    loss                 | 1.14          |
|    n_updates            | 1620          |
|    policy_gradient_loss | 0.000253      |
|    value_loss           | 5.21          |
-------------------------------------------
-------------------------------------------
| rollout/                |               |
|    ep_len_mean          | 33.3          |
|    ep_rew_mean          | 14.4          |
| time/                   |               |
|    fps                  | 301           |
|    iterations           | 326           |
|    time_elapsed         | 554           |
|    total_timesteps      | 166912        |
| train/                  |               |
|    approx_kl            | 7.2375406e-06 |
|    clip_fraction        | 0             |
|    clip_range           | 0.2           |
|    entropy_loss         | -0.0181       |
|    explained_variance   | 0.768         |
|    learning_rate        | 0.0003        |
|    loss                 | 2.49          |
|    n_updates            | 1625          |
|    policy_gradient_loss | -9.48e-05     |
|    value_loss           | 5.18          |
-------------------------------------------
-------------------------------------------
| rollout/                |               |
|    ep_len_mean          | 34.9          |
|    ep_rew_mean          | 15.2          |
| time/                   |               |
|    fps                  | 301           |
|    iterations           | 327           |
|    time_elapsed         | 555           |
|    total_timesteps      | 167424        |
| train/                  |               |
|    approx_kl            | 3.3100368e-06 |
|    clip_fraction        | 0             |
|    clip_range           | 0.2           |
|    entropy_loss         | -0.0171       |
|    explained_variance   | 0.615         |
|    learning_rate        | 0.0003        |
|    loss                 | 4.57          |
|    n_updates            | 1630          |
|    policy_gradient_loss | -6.18e-05     |
|    value_loss           | 26.3          |
-------------------------------------------
-------------------------------------------
| rollout/                |               |
|    ep_len_mean          | 35.8          |
|    ep_rew_mean          | 16.7          |
| time/                   |               |
|    fps                  | 301           |
|    iterations           | 328           |
|    time_elapsed         | 557           |
|    total_timesteps      | 167936        |
| train/                  |               |
|    approx_kl            | 0.00012438255 |
|    clip_fraction        | 0.00117       |
|    clip_range           | 0.2           |
|    entropy_loss         | -0.0143       |
|    explained_variance   | 0.727         |
|    learning_rate        | 0.0003        |
|    loss                 | 6.7           |
|    n_updates            | 1635          |
|    policy_gradient_loss | -0.00167      |
|    value_loss           | 7.77          |
-------------------------------------------
------------------------------------------
| rollout/                |              |
|    ep_len_mean          | 37.3         |
|    ep_rew_mean          | 17.6         |
| time/                   |              |
|    fps                  | 301          |
|    iterations           | 329          |
|    time_elapsed         | 559          |
|    total_timesteps      | 168448       |
| train/                  |              |
|    approx_kl            | 2.613524e-07 |
|    clip_fraction        | 0            |
|    clip_range           | 0.2          |
|    entropy_loss         | -0.0148      |
|    explained_variance   | 0.883        |
|    learning_rate        | 0.0003       |
|    loss                 | 1.51         |
|    n_updates            | 1640         |
|    policy_gradient_loss | -1.33e-06    |
|    value_loss           | 3.41         |
------------------------------------------
------------------------------------------
| rollout/                |              |
|    ep_len_mean          | 35.6         |
|    ep_rew_mean          | 17.5         |
| time/                   |              |
|    fps                  | 301          |
|    iterations           | 330          |
|    time_elapsed         | 560          |
|    total_timesteps      | 168960       |
| train/                  |              |
|    approx_kl            | 6.565242e-06 |
|    clip_fraction        | 0            |
|    clip_range           | 0.2          |
|    entropy_loss         | -0.0274      |
|    explained_variance   | 0.837        |
|    learning_rate        | 0.0003       |
|    loss                 | 2.61         |
|    n_updates            | 1645         |
|    policy_gradient_loss | 3.44e-05     |
|    value_loss           | 5.31         |
------------------------------------------
------------------------------------------
| rollout/                |              |
|    ep_len_mean          | 36.3         |
|    ep_rew_mean          | 18.7         |
| time/                   |              |
|    fps                  | 301          |
|    iterations           | 331          |
|    time_elapsed         | 562          |
|    total_timesteps      | 169472       |
| train/                  |              |
|    approx_kl            | 0.0007758627 |
|    clip_fraction        | 0.00664      |
|    clip_range           | 0.2          |
|    entropy_loss         | -0.0587      |
|    explained_variance   | 0.747        |
|    learning_rate        | 0.0003       |
|    loss                 | 2.01         |
|    n_updates            | 1650         |
|    policy_gradient_loss | 0.00126      |
|    value_loss           | 8.25         |
------------------------------------------
-------------------------------------------
| rollout/                |               |
|    ep_len_mean          | 35.7          |
|    ep_rew_mean          | 18            |
| time/                   |               |
|    fps                  | 301           |
|    iterations           | 332           |
|    time_elapsed         | 563           |
|    total_timesteps      | 169984        |
| train/                  |               |
|    approx_kl            | 0.00012413831 |
|    clip_fraction        | 0             |
|    clip_range           | 0.2           |
|    entropy_loss         | -0.0706       |
|    explained_variance   | 0.548         |
|    learning_rate        | 0.0003        |
|    loss                 | 18.6          |
|    n_updates            | 1655          |
|    policy_gradient_loss | 0.0021        |
|    value_loss           | 29.4          |
-------------------------------------------
------------------------------------------
| rollout/                |              |
|    ep_len_mean          | 32.5         |
|    ep_rew_mean          | 17.4         |
| time/                   |              |
|    fps                  | 301          |
|    iterations           | 333          |
|    time_elapsed         | 565          |
|    total_timesteps      | 170496       |
| train/                  |              |
|    approx_kl            | 0.0008277433 |
|    clip_fraction        | 0.00547      |
|    clip_range           | 0.2          |
|    entropy_loss         | -0.0656      |
|    explained_variance   | 0.378        |
|    learning_rate        | 0.0003       |
|    loss                 | 10.9         |
|    n_updates            | 1660         |
|    policy_gradient_loss | -0.00301     |
|    value_loss           | 19.4         |
------------------------------------------
-------------------------------------------
| rollout/                |               |
|    ep_len_mean          | 29.6          |
|    ep_rew_mean          | 15.6          |
| time/                   |               |
|    fps                  | 301           |
|    iterations           | 334           |
|    time_elapsed         | 566           |
|    total_timesteps      | 171008        |
| train/                  |               |
|    approx_kl            | 0.00044574263 |
|    clip_fraction        | 0.00898       |
|    clip_range           | 0.2           |
|    entropy_loss         | -0.0516       |
|    explained_variance   | 0.532         |
|    learning_rate        | 0.0003        |
|    loss                 | 4.86          |
|    n_updates            | 1665          |
|    policy_gradient_loss | -0.00733      |
|    value_loss           | 16.3          |
-------------------------------------------
-------------------------------------------
| rollout/                |               |
|    ep_len_mean          | 28.4          |
|    ep_rew_mean          | 14.2          |
| time/                   |               |
|    fps                  | 301           |
|    iterations           | 335           |
|    time_elapsed         | 568           |
|    total_timesteps      | 171520        |
| train/                  |               |
|    approx_kl            | 0.00039016607 |
|    clip_fraction        | 0.0102        |
|    clip_range           | 0.2           |
|    entropy_loss         | -0.0402       |
|    explained_variance   | 0.544         |
|    learning_rate        | 0.0003        |
|    loss                 | 4.14          |
|    n_updates            | 1670          |
|    policy_gradient_loss | -0.00719      |
|    value_loss           | 12.7          |
-------------------------------------------
-------------------------------------------
| rollout/                |               |
|    ep_len_mean          | 27.8          |
|    ep_rew_mean          | 13.3          |
| time/                   |               |
|    fps                  | 301           |
|    iterations           | 336           |
|    time_elapsed         | 570           |
|    total_timesteps      | 172032        |
| train/                  |               |
|    approx_kl            | 0.00016942131 |
|    clip_fraction        | 0.00508       |
|    clip_range           | 0.2           |
|    entropy_loss         | -0.0328       |
|    explained_variance   | 0.766         |
|    learning_rate        | 0.0003        |
|    loss                 | 4.51          |
|    n_updates            | 1675          |
|    policy_gradient_loss | -0.0044       |
|    value_loss           | 10.5          |
-------------------------------------------
------------------------------------------
| rollout/                |              |
|    ep_len_mean          | 28.6         |
|    ep_rew_mean          | 13.7         |
| time/                   |              |
|    fps                  | 301          |
|    iterations           | 337          |
|    time_elapsed         | 571          |
|    total_timesteps      | 172544       |
| train/                  |              |
|    approx_kl            | 0.0001238801 |
|    clip_fraction        | 0.000391     |
|    clip_range           | 0.2          |
|    entropy_loss         | -0.0285      |
|    explained_variance   | 0.685        |
|    learning_rate        | 0.0003       |
|    loss                 | 4.37         |
|    n_updates            | 1680         |
|    policy_gradient_loss | -0.00146     |
|    value_loss           | 11           |
------------------------------------------
-------------------------------------------
| rollout/                |               |
|    ep_len_mean          | 30            |
|    ep_rew_mean          | 13.4          |
| time/                   |               |
|    fps                  | 301           |
|    iterations           | 338           |
|    time_elapsed         | 574           |
|    total_timesteps      | 173056        |
| train/                  |               |
|    approx_kl            | 6.6032866e-05 |
|    clip_fraction        | 0             |
|    clip_range           | 0.2           |
|    entropy_loss         | -0.025        |
|    explained_variance   | 0.921         |
|    learning_rate        | 0.0003        |
|    loss                 | 1.75          |
|    n_updates            | 1685          |
|    policy_gradient_loss | -0.00125      |
|    value_loss           | 6.56          |
-------------------------------------------
-------------------------------------------
| rollout/                |               |
|    ep_len_mean          | 31.5          |
|    ep_rew_mean          | 14.1          |
| time/                   |               |
|    fps                  | 301           |
|    iterations           | 339           |
|    time_elapsed         | 575           |
|    total_timesteps      | 173568        |
| train/                  |               |
|    approx_kl            | 1.3545738e-05 |
|    clip_fraction        | 0             |
|    clip_range           | 0.2           |
|    entropy_loss         | -0.0273       |
|    explained_variance   | 0.931         |
|    learning_rate        | 0.0003        |
|    loss                 | 2.12          |
|    n_updates            | 1690          |
|    policy_gradient_loss | 0.000338      |
|    value_loss           | 6.1           |
-------------------------------------------
------------------------------------------
| rollout/                |              |
|    ep_len_mean          | 32.9         |
|    ep_rew_mean          | 15           |
| time/                   |              |
|    fps                  | 301          |
|    iterations           | 340          |
|    time_elapsed         | 577          |
|    total_timesteps      | 174080       |
| train/                  |              |
|    approx_kl            | 4.418136e-05 |
|    clip_fraction        | 0.00117      |
|    clip_range           | 0.2          |
|    entropy_loss         | -0.0229      |
|    explained_variance   | 0.685        |
|    learning_rate        | 0.0003       |
|    loss                 | 4.4          |
|    n_updates            | 1695         |
|    policy_gradient_loss | -0.0021      |
|    value_loss           | 9.01         |
------------------------------------------
-------------------------------------------
| rollout/                |               |
|    ep_len_mean          | 34.8          |
|    ep_rew_mean          | 15.6          |
| time/                   |               |
|    fps                  | 301           |
|    iterations           | 341           |
|    time_elapsed         | 579           |
|    total_timesteps      | 174592        |
| train/                  |               |
|    approx_kl            | 0.00014385802 |
|    clip_fraction        | 0.00273       |
|    clip_range           | 0.2           |
|    entropy_loss         | -0.0161       |
|    explained_variance   | 0.815         |
|    learning_rate        | 0.0003        |
|    loss                 | 1.41          |
|    n_updates            | 1700          |
|    policy_gradient_loss | -0.00218      |
|    value_loss           | 5.67          |
-------------------------------------------
-------------------------------------------
| rollout/                |               |
|    ep_len_mean          | 36.9          |
|    ep_rew_mean          | 17.4          |
| time/                   |               |
|    fps                  | 301           |
|    iterations           | 342           |
|    time_elapsed         | 581           |
|    total_timesteps      | 175104        |
| train/                  |               |
|    approx_kl            | 4.8160902e-05 |
|    clip_fraction        | 0.000391      |
|    clip_range           | 0.2           |
|    entropy_loss         | -0.0193       |
|    explained_variance   | 0.834         |
|    learning_rate        | 0.0003        |
|    loss                 | 6.17          |
|    n_updates            | 1705          |
|    policy_gradient_loss | 0.000186      |
|    value_loss           | 11.5          |
-------------------------------------------
-------------------------------------------
| rollout/                |               |
|    ep_len_mean          | 38            |
|    ep_rew_mean          | 17.6          |
| time/                   |               |
|    fps                  | 301           |
|    iterations           | 343           |
|    time_elapsed         | 583           |
|    total_timesteps      | 175616        |
| train/                  |               |
|    approx_kl            | 3.1711417e-05 |
|    clip_fraction        | 0             |
|    clip_range           | 0.2           |
|    entropy_loss         | -0.0217       |
|    explained_variance   | 0.907         |
|    learning_rate        | 0.0003        |
|    loss                 | 1.9           |
|    n_updates            | 1710          |
|    policy_gradient_loss | 0.000268      |
|    value_loss           | 3.78          |
-------------------------------------------
------------------------------------------
| rollout/                |              |
|    ep_len_mean          | 15.2         |
|    ep_rew_mean          | 6.94         |
| time/                   |              |
|    fps                  | 301          |
|    iterations           | 344          |
|    time_elapsed         | 584          |
|    total_timesteps      | 176128       |
| train/                  |              |
|    approx_kl            | 0.0050325375 |
|    clip_fraction        | 0.00664      |
|    clip_range           | 0.2          |
|    entropy_loss         | -0.0942      |
|    explained_variance   | 0.929        |
|    learning_rate        | 0.0003       |
|    loss                 | 0.422        |
|    n_updates            | 1715         |
|    policy_gradient_loss | -0.000297    |
|    value_loss           | 2.13         |
------------------------------------------
----------------------------------------
| rollout/                |            |
|    ep_len_mean          | 1.96       |
|    ep_rew_mean          | -0.1       |
| time/                   |            |
|    fps                  | 301        |
|    iterations           | 345        |
|    time_elapsed         | 586        |
|    total_timesteps      | 176640     |
| train/                  |            |
|    approx_kl            | 0.25731695 |
|    clip_fraction        | 0.878      |
|    clip_range           | 0.2        |
|    entropy_loss         | -0.66      |
|    explained_variance   | -0.0201    |
|    learning_rate        | 0.0003     |
|    loss                 | 59.6       |
|    n_updates            | 1720       |
|    policy_gradient_loss | 0.407      |
|    value_loss           | 144        |
----------------------------------------
-----------------------------------------
| rollout/                |             |
|    ep_len_mean          | 2.41        |
|    ep_rew_mean          | 0.07        |
| time/                   |             |
|    fps                  | 300         |
|    iterations           | 346         |
|    time_elapsed         | 588         |
|    total_timesteps      | 177152      |
| train/                  |             |
|    approx_kl            | 0.008063972 |
|    clip_fraction        | 0           |
|    clip_range           | 0.2         |
|    entropy_loss         | -0.668      |
|    explained_variance   | -6.56       |
|    learning_rate        | 0.0003      |
|    loss                 | 57.2        |
|    n_updates            | 1725        |
|    policy_gradient_loss | -0.0147     |
|    value_loss           | 178         |
-----------------------------------------
------------------------------------------
| rollout/                |              |
|    ep_len_mean          | 3.03         |
|    ep_rew_mean          | 0.46         |
| time/                   |              |
|    fps                  | 300          |
|    iterations           | 347          |
|    time_elapsed         | 590          |
|    total_timesteps      | 177664       |
| train/                  |              |
|    approx_kl            | 0.0066579785 |
|    clip_fraction        | 0            |
|    clip_range           | 0.2          |
|    entropy_loss         | -0.648       |
|    explained_variance   | -7.26        |
|    learning_rate        | 0.0003       |
|    loss                 | 17           |
|    n_updates            | 1730         |
|    policy_gradient_loss | -0.0166      |
|    value_loss           | 82.7         |
------------------------------------------
-----------------------------------------
| rollout/                |             |
|    ep_len_mean          | 3.48        |
|    ep_rew_mean          | 0.75        |
| time/                   |             |
|    fps                  | 300         |
|    iterations           | 348         |
|    time_elapsed         | 592         |
|    total_timesteps      | 178176      |
| train/                  |             |
|    approx_kl            | 0.009505752 |
|    clip_fraction        | 0.0184      |
|    clip_range           | 0.2         |
|    entropy_loss         | -0.603      |
|    explained_variance   | -4.87       |
|    learning_rate        | 0.0003      |
|    loss                 | 10.5        |
|    n_updates            | 1735        |
|    policy_gradient_loss | -0.0134     |
|    value_loss           | 31.2        |
-----------------------------------------
-----------------------------------------
| rollout/                |             |
|    ep_len_mean          | 4.22        |
|    ep_rew_mean          | 1.27        |
| time/                   |             |
|    fps                  | 300         |
|    iterations           | 349         |
|    time_elapsed         | 593         |
|    total_timesteps      | 178688      |
| train/                  |             |
|    approx_kl            | 0.006458721 |
|    clip_fraction        | 0.0941      |
|    clip_range           | 0.2         |
|    entropy_loss         | -0.527      |
|    explained_variance   | -0.928      |
|    learning_rate        | 0.0003      |
|    loss                 | 2.73        |
|    n_updates            | 1740        |
|    policy_gradient_loss | -0.0221     |
|    value_loss           | 12.5        |
-----------------------------------------
------------------------------------------
| rollout/                |              |
|    ep_len_mean          | 4.49         |
|    ep_rew_mean          | 1.45         |
| time/                   |              |
|    fps                  | 300          |
|    iterations           | 350          |
|    time_elapsed         | 595          |
|    total_timesteps      | 179200       |
| train/                  |              |
|    approx_kl            | 0.0032221698 |
|    clip_fraction        | 0.0898       |
|    clip_range           | 0.2          |
|    entropy_loss         | -0.449       |
|    explained_variance   | -0.325       |
|    learning_rate        | 0.0003       |
|    loss                 | 3.47         |
|    n_updates            | 1745         |
|    policy_gradient_loss | -0.0223      |
|    value_loss           | 9.95         |
------------------------------------------
-----------------------------------------
| rollout/                |             |
|    ep_len_mean          | 5.69        |
|    ep_rew_mean          | 2.05        |
| time/                   |             |
|    fps                  | 300         |
|    iterations           | 351         |
|    time_elapsed         | 597         |
|    total_timesteps      | 179712      |
| train/                  |             |
|    approx_kl            | 0.005445013 |
|    clip_fraction        | 0.128       |
|    clip_range           | 0.2         |
|    entropy_loss         | -0.412      |
|    explained_variance   | 0.18        |
|    learning_rate        | 0.0003      |
|    loss                 | 1.53        |
|    n_updates            | 1750        |
|    policy_gradient_loss | -0.0379     |
|    value_loss           | 4.3         |
-----------------------------------------
------------------------------------------
| rollout/                |              |
|    ep_len_mean          | 7.04         |
|    ep_rew_mean          | 2.73         |
| time/                   |              |
|    fps                  | 300          |
|    iterations           | 352          |
|    time_elapsed         | 599          |
|    total_timesteps      | 180224       |
| train/                  |              |
|    approx_kl            | 0.0056121987 |
|    clip_fraction        | 0.0785       |
|    clip_range           | 0.2          |
|    entropy_loss         | -0.384       |
|    explained_variance   | 0.0919       |
|    learning_rate        | 0.0003       |
|    loss                 | 3.37         |
|    n_updates            | 1755         |
|    policy_gradient_loss | -0.0308      |
|    value_loss           | 5.95         |
------------------------------------------
------------------------------------------
| rollout/                |              |
|    ep_len_mean          | 7.41         |
|    ep_rew_mean          | 2.75         |
| time/                   |              |
|    fps                  | 300          |
|    iterations           | 353          |
|    time_elapsed         | 601          |
|    total_timesteps      | 180736       |
| train/                  |              |
|    approx_kl            | 0.0028234064 |
|    clip_fraction        | 0.0559       |
|    clip_range           | 0.2          |
|    entropy_loss         | -0.345       |
|    explained_variance   | 0.264        |
|    learning_rate        | 0.0003       |
|    loss                 | 2.49         |
|    n_updates            | 1760         |
|    policy_gradient_loss | -0.0292      |
|    value_loss           | 5.16         |
------------------------------------------
------------------------------------------
| rollout/                |              |
|    ep_len_mean          | 8.95         |
|    ep_rew_mean          | 4.26         |
| time/                   |              |
|    fps                  | 300          |
|    iterations           | 354          |
|    time_elapsed         | 602          |
|    total_timesteps      | 181248       |
| train/                  |              |
|    approx_kl            | 0.0026640939 |
|    clip_fraction        | 0.0355       |
|    clip_range           | 0.2          |
|    entropy_loss         | -0.293       |
|    explained_variance   | 0.16         |
|    learning_rate        | 0.0003       |
|    loss                 | 5.38         |
|    n_updates            | 1765         |
|    policy_gradient_loss | -0.0173      |
|    value_loss           | 13.8         |
------------------------------------------
-----------------------------------------
| rollout/                |             |
|    ep_len_mean          | 11.7        |
|    ep_rew_mean          | 6.17        |
| time/                   |             |
|    fps                  | 300         |
|    iterations           | 355         |
|    time_elapsed         | 604         |
|    total_timesteps      | 181760      |
| train/                  |             |
|    approx_kl            | 0.002383336 |
|    clip_fraction        | 0.0289      |
|    clip_range           | 0.2         |
|    entropy_loss         | -0.241      |
|    explained_variance   | 0.526       |
|    learning_rate        | 0.0003      |
|    loss                 | 3.58        |
|    n_updates            | 1770        |
|    policy_gradient_loss | -0.0162     |
|    value_loss           | 9.34        |
-----------------------------------------
------------------------------------------
| rollout/                |              |
|    ep_len_mean          | 12.6         |
|    ep_rew_mean          | 6.26         |
| time/                   |              |
|    fps                  | 300          |
|    iterations           | 356          |
|    time_elapsed         | 605          |
|    total_timesteps      | 182272       |
| train/                  |              |
|    approx_kl            | 0.0002224698 |
|    clip_fraction        | 0            |
|    clip_range           | 0.2          |
|    entropy_loss         | -0.287       |
|    explained_variance   | 0.485        |
|    learning_rate        | 0.0003       |
|    loss                 | 9.26         |
|    n_updates            | 1775         |
|    policy_gradient_loss | 0.00294      |
|    value_loss           | 18.1         |
------------------------------------------
------------------------------------------
| rollout/                |              |
|    ep_len_mean          | 14           |
|    ep_rew_mean          | 7.3          |
| time/                   |              |
|    fps                  | 300          |
|    iterations           | 357          |
|    time_elapsed         | 607          |
|    total_timesteps      | 182784       |
| train/                  |              |
|    approx_kl            | 0.0021894884 |
|    clip_fraction        | 0.0211       |
|    clip_range           | 0.2          |
|    entropy_loss         | -0.247       |
|    explained_variance   | 0.616        |
|    learning_rate        | 0.0003       |
|    loss                 | 4.46         |
|    n_updates            | 1780         |
|    policy_gradient_loss | -0.0152      |
|    value_loss           | 11           |
------------------------------------------
-------------------------------------------
| rollout/                |               |
|    ep_len_mean          | 14            |
|    ep_rew_mean          | 7.11          |
| time/                   |               |
|    fps                  | 300           |
|    iterations           | 358           |
|    time_elapsed         | 609           |
|    total_timesteps      | 183296        |
| train/                  |               |
|    approx_kl            | 0.00068298035 |
|    clip_fraction        | 0.00664       |
|    clip_range           | 0.2           |
|    entropy_loss         | -0.209        |
|    explained_variance   | 0.654         |
|    learning_rate        | 0.0003        |
|    loss                 | 4.69          |
|    n_updates            | 1785          |
|    policy_gradient_loss | -0.00745      |
|    value_loss           | 12.8          |
-------------------------------------------
------------------------------------------
| rollout/                |              |
|    ep_len_mean          | 15.5         |
|    ep_rew_mean          | 8.21         |
| time/                   |              |
|    fps                  | 300          |
|    iterations           | 359          |
|    time_elapsed         | 610          |
|    total_timesteps      | 183808       |
| train/                  |              |
|    approx_kl            | 0.0013651787 |
|    clip_fraction        | 0.0195       |
|    clip_range           | 0.2          |
|    entropy_loss         | -0.211       |
|    explained_variance   | 0.117        |
|    learning_rate        | 0.0003       |
|    loss                 | 8.72         |
|    n_updates            | 1790         |
|    policy_gradient_loss | -0.0127      |
|    value_loss           | 13           |
------------------------------------------
------------------------------------------
| rollout/                |              |
|    ep_len_mean          | 17.2         |
|    ep_rew_mean          | 9.6          |
| time/                   |              |
|    fps                  | 301          |
|    iterations           | 360          |
|    time_elapsed         | 612          |
|    total_timesteps      | 184320       |
| train/                  |              |
|    approx_kl            | 0.0010048244 |
|    clip_fraction        | 0.0082       |
|    clip_range           | 0.2          |
|    entropy_loss         | -0.159       |
|    explained_variance   | 0.637        |
|    learning_rate        | 0.0003       |
|    loss                 | 4.12         |
|    n_updates            | 1795         |
|    policy_gradient_loss | -0.00994     |
|    value_loss           | 13.3         |
------------------------------------------
-----------------------------------------
| rollout/                |             |
|    ep_len_mean          | 18.2        |
|    ep_rew_mean          | 9.44        |
| time/                   |             |
|    fps                  | 301         |
|    iterations           | 361         |
|    time_elapsed         | 613         |
|    total_timesteps      | 184832      |
| train/                  |             |
|    approx_kl            | 0.000679435 |
|    clip_fraction        | 0.00781     |
|    clip_range           | 0.2         |
|    entropy_loss         | -0.145      |
|    explained_variance   | 0.712       |
|    learning_rate        | 0.0003      |
|    loss                 | 3.29        |
|    n_updates            | 1800        |
|    policy_gradient_loss | -0.00748    |
|    value_loss           | 8.07        |
-----------------------------------------
------------------------------------------
| rollout/                |              |
|    ep_len_mean          | 20.6         |
|    ep_rew_mean          | 11.6         |
| time/                   |              |
|    fps                  | 301          |
|    iterations           | 362          |
|    time_elapsed         | 615          |
|    total_timesteps      | 185344       |
| train/                  |              |
|    approx_kl            | 0.0012633456 |
|    clip_fraction        | 0.0242       |
|    clip_range           | 0.2          |
|    entropy_loss         | -0.13        |
|    explained_variance   | 0.404        |
|    learning_rate        | 0.0003       |
|    loss                 | 4.44         |
|    n_updates            | 1805         |
|    policy_gradient_loss | -0.0129      |
|    value_loss           | 10.5         |
------------------------------------------
-------------------------------------------
| rollout/                |               |
|    ep_len_mean          | 21.7          |
|    ep_rew_mean          | 12.4          |
| time/                   |               |
|    fps                  | 301           |
|    iterations           | 363           |
|    time_elapsed         | 617           |
|    total_timesteps      | 185856        |
| train/                  |               |
|    approx_kl            | 1.6011647e-05 |
|    clip_fraction        | 0             |
|    clip_range           | 0.2           |
|    entropy_loss         | -0.125        |
|    explained_variance   | 0.875         |
|    learning_rate        | 0.0003        |
|    loss                 | 2.22          |
|    n_updates            | 1810          |
|    policy_gradient_loss | 0.00228       |
|    value_loss           | 6.24          |
-------------------------------------------
-----------------------------------------
| rollout/                |             |
|    ep_len_mean          | 24.3        |
|    ep_rew_mean          | 13.6        |
| time/                   |             |
|    fps                  | 301         |
|    iterations           | 364         |
|    time_elapsed         | 618         |
|    total_timesteps      | 186368      |
| train/                  |             |
|    approx_kl            | 0.000574503 |
|    clip_fraction        | 0.0102      |
|    clip_range           | 0.2         |
|    entropy_loss         | -0.107      |
|    explained_variance   | 0.663       |
|    learning_rate        | 0.0003      |
|    loss                 | 7.37        |
|    n_updates            | 1815        |
|    policy_gradient_loss | -0.00844    |
|    value_loss           | 14.3        |
-----------------------------------------
------------------------------------------
| rollout/                |              |
|    ep_len_mean          | 25           |
|    ep_rew_mean          | 13.8         |
| time/                   |              |
|    fps                  | 301          |
|    iterations           | 365          |
|    time_elapsed         | 620          |
|    total_timesteps      | 186880       |
| train/                  |              |
|    approx_kl            | 0.0003615521 |
|    clip_fraction        | 0.00469      |
|    clip_range           | 0.2          |
|    entropy_loss         | -0.113       |
|    explained_variance   | 0.692        |
|    learning_rate        | 0.0003       |
|    loss                 | 2.55         |
|    n_updates            | 1820         |
|    policy_gradient_loss | -0.00497     |
|    value_loss           | 5.68         |
------------------------------------------
------------------------------------------
| rollout/                |              |
|    ep_len_mean          | 27           |
|    ep_rew_mean          | 14.9         |
| time/                   |              |
|    fps                  | 301          |
|    iterations           | 366          |
|    time_elapsed         | 621          |
|    total_timesteps      | 187392       |
| train/                  |              |
|    approx_kl            | 0.0009285682 |
|    clip_fraction        | 0.0141       |
|    clip_range           | 0.2          |
|    entropy_loss         | -0.0936      |
|    explained_variance   | 0.407        |
|    learning_rate        | 0.0003       |
|    loss                 | 9.53         |
|    n_updates            | 1825         |
|    policy_gradient_loss | -0.00624     |
|    value_loss           | 16.9         |
------------------------------------------
-------------------------------------------
| rollout/                |               |
|    ep_len_mean          | 27.8          |
|    ep_rew_mean          | 15.1          |
| time/                   |               |
|    fps                  | 301           |
|    iterations           | 367           |
|    time_elapsed         | 623           |
|    total_timesteps      | 187904        |
| train/                  |               |
|    approx_kl            | 0.00043457432 |
|    clip_fraction        | 0.0117        |
|    clip_range           | 0.2           |
|    entropy_loss         | -0.0734       |
|    explained_variance   | 0.6           |
|    learning_rate        | 0.0003        |
|    loss                 | 5.2           |
|    n_updates            | 1830          |
|    policy_gradient_loss | -0.00764      |
|    value_loss           | 11.6          |
-------------------------------------------
-------------------------------------------
| rollout/                |               |
|    ep_len_mean          | 28.7          |
|    ep_rew_mean          | 15.8          |
| time/                   |               |
|    fps                  | 301           |
|    iterations           | 368           |
|    time_elapsed         | 624           |
|    total_timesteps      | 188416        |
| train/                  |               |
|    approx_kl            | 3.6626356e-05 |
|    clip_fraction        | 0             |
|    clip_range           | 0.2           |
|    entropy_loss         | -0.072        |
|    explained_variance   | 0.622         |
|    learning_rate        | 0.0003        |
|    loss                 | 4.11          |
|    n_updates            | 1835          |
|    policy_gradient_loss | -0.00167      |
|    value_loss           | 13.7          |
-------------------------------------------
------------------------------------------
| rollout/                |              |
|    ep_len_mean          | 28.2         |
|    ep_rew_mean          | 14.9         |
| time/                   |              |
|    fps                  | 301          |
|    iterations           | 369          |
|    time_elapsed         | 626          |
|    total_timesteps      | 188928       |
| train/                  |              |
|    approx_kl            | 0.0010688436 |
|    clip_fraction        | 0.0105       |
|    clip_range           | 0.2          |
|    entropy_loss         | -0.0555      |
|    explained_variance   | 0.581        |
|    learning_rate        | 0.0003       |
|    loss                 | 8.7          |
|    n_updates            | 1840         |
|    policy_gradient_loss | -0.00626     |
|    value_loss           | 23           |
------------------------------------------
------------------------------------------
| rollout/                |              |
|    ep_len_mean          | 28.1         |
|    ep_rew_mean          | 15.6         |
| time/                   |              |
|    fps                  | 301          |
|    iterations           | 370          |
|    time_elapsed         | 628          |
|    total_timesteps      | 189440       |
| train/                  |              |
|    approx_kl            | 0.0024390882 |
|    clip_fraction        | 0.00273      |
|    clip_range           | 0.2          |
|    entropy_loss         | -0.0794      |
|    explained_variance   | 0.679        |
|    learning_rate        | 0.0003       |
|    loss                 | 6.2          |
|    n_updates            | 1845         |
|    policy_gradient_loss | 0.000589     |
|    value_loss           | 12.5         |
------------------------------------------
-------------------------------------------
| rollout/                |               |
|    ep_len_mean          | 29.4          |
|    ep_rew_mean          | 16.5          |
| time/                   |               |
|    fps                  | 301           |
|    iterations           | 371           |
|    time_elapsed         | 629           |
|    total_timesteps      | 189952        |
| train/                  |               |
|    approx_kl            | 0.00029729144 |
|    clip_fraction        | 0.00156       |
|    clip_range           | 0.2           |
|    entropy_loss         | -0.0861       |
|    explained_variance   | 0.823         |
|    learning_rate        | 0.0003        |
|    loss                 | 3.97          |
|    n_updates            | 1850          |
|    policy_gradient_loss | -0.00226      |
|    value_loss           | 9.96          |
-------------------------------------------
-------------------------------------------
| rollout/                |               |
|    ep_len_mean          | 30.6          |
|    ep_rew_mean          | 17.5          |
| time/                   |               |
|    fps                  | 301           |
|    iterations           | 372           |
|    time_elapsed         | 631           |
|    total_timesteps      | 190464        |
| train/                  |               |
|    approx_kl            | 0.00023540098 |
|    clip_fraction        | 0.00156       |
|    clip_range           | 0.2           |
|    entropy_loss         | -0.0691       |
|    explained_variance   | 0.836         |
|    learning_rate        | 0.0003        |
|    loss                 | 1.65          |
|    n_updates            | 1855          |
|    policy_gradient_loss | -0.00284      |
|    value_loss           | 6.22          |
-------------------------------------------
-------------------------------------------
| rollout/                |               |
|    ep_len_mean          | 30.6          |
|    ep_rew_mean          | 17.1          |
| time/                   |               |
|    fps                  | 301           |
|    iterations           | 373           |
|    time_elapsed         | 632           |
|    total_timesteps      | 190976        |
| train/                  |               |
|    approx_kl            | 0.00012378336 |
|    clip_fraction        | 0.00391       |
|    clip_range           | 0.2           |
|    entropy_loss         | -0.0582       |
|    explained_variance   | 0.721         |
|    learning_rate        | 0.0003        |
|    loss                 | 5.78          |
|    n_updates            | 1860          |
|    policy_gradient_loss | -0.0041       |
|    value_loss           | 10            |
-------------------------------------------
------------------------------------------
| rollout/                |              |
|    ep_len_mean          | 30.7         |
|    ep_rew_mean          | 16.5         |
| time/                   |              |
|    fps                  | 301          |
|    iterations           | 374          |
|    time_elapsed         | 634          |
|    total_timesteps      | 191488       |
| train/                  |              |
|    approx_kl            | 0.0001292841 |
|    clip_fraction        | 0.00508      |
|    clip_range           | 0.2          |
|    entropy_loss         | -0.0538      |
|    explained_variance   | 0.764        |
|    learning_rate        | 0.0003       |
|    loss                 | 2.26         |
|    n_updates            | 1865         |
|    policy_gradient_loss | -0.00457     |
|    value_loss           | 7.55         |
------------------------------------------
-------------------------------------------
| rollout/                |               |
|    ep_len_mean          | 31.9          |
|    ep_rew_mean          | 18.3          |
| time/                   |               |
|    fps                  | 301           |
|    iterations           | 375           |
|    time_elapsed         | 635           |
|    total_timesteps      | 192000        |
| train/                  |               |
|    approx_kl            | 0.00014154625 |
|    clip_fraction        | 0             |
|    clip_range           | 0.2           |
|    entropy_loss         | -0.0689       |
|    explained_variance   | 0.608         |
|    learning_rate        | 0.0003        |
|    loss                 | 4.64          |
|    n_updates            | 1870          |
|    policy_gradient_loss | -0.000517     |
|    value_loss           | 13.9          |
-------------------------------------------
-------------------------------------------
| rollout/                |               |
|    ep_len_mean          | 32.4          |
|    ep_rew_mean          | 18.6          |
| time/                   |               |
|    fps                  | 301           |
|    iterations           | 376           |
|    time_elapsed         | 637           |
|    total_timesteps      | 192512        |
| train/                  |               |
|    approx_kl            | 2.6085181e-06 |
|    clip_fraction        | 0             |
|    clip_range           | 0.2           |
|    entropy_loss         | -0.042        |
|    explained_variance   | 0.851         |
|    learning_rate        | 0.0003        |
|    loss                 | 5.49          |
|    n_updates            | 1875          |
|    policy_gradient_loss | -8.11e-05     |
|    value_loss           | 11.4          |
-------------------------------------------
------------------------------------------
| rollout/                |              |
|    ep_len_mean          | 32.5         |
|    ep_rew_mean          | 17.9         |
| time/                   |              |
|    fps                  | 302          |
|    iterations           | 377          |
|    time_elapsed         | 639          |
|    total_timesteps      | 193024       |
| train/                  |              |
|    approx_kl            | 4.856265e-05 |
|    clip_fraction        | 0            |
|    clip_range           | 0.2          |
|    entropy_loss         | -0.0485      |
|    explained_variance   | 0.874        |
|    learning_rate        | 0.0003       |
|    loss                 | 4            |
|    n_updates            | 1880         |
|    policy_gradient_loss | -0.00121     |
|    value_loss           | 6.6          |
------------------------------------------
------------------------------------------
| rollout/                |              |
|    ep_len_mean          | 31.2         |
|    ep_rew_mean          | 17           |
| time/                   |              |
|    fps                  | 302          |
|    iterations           | 378          |
|    time_elapsed         | 640          |
|    total_timesteps      | 193536       |
| train/                  |              |
|    approx_kl            | 8.511473e-06 |
|    clip_fraction        | 0            |
|    clip_range           | 0.2          |
|    entropy_loss         | -0.0531      |
|    explained_variance   | 0.629        |
|    learning_rate        | 0.0003       |
|    loss                 | 5.71         |
|    n_updates            | 1885         |
|    policy_gradient_loss | -2.28e-06    |
|    value_loss           | 19.1         |
------------------------------------------
-------------------------------------------
| rollout/                |               |
|    ep_len_mean          | 32.7          |
|    ep_rew_mean          | 18.1          |
| time/                   |               |
|    fps                  | 302           |
|    iterations           | 379           |
|    time_elapsed         | 642           |
|    total_timesteps      | 194048        |
| train/                  |               |
|    approx_kl            | 0.00085387775 |
|    clip_fraction        | 0.00742       |
|    clip_range           | 0.2           |
|    entropy_loss         | -0.0411       |
|    explained_variance   | 0.847         |
|    learning_rate        | 0.0003        |
|    loss                 | 1.78          |
|    n_updates            | 1890          |
|    policy_gradient_loss | -0.00403      |
|    value_loss           | 4.56          |
-------------------------------------------
------------------------------------------
| rollout/                |              |
|    ep_len_mean          | 33.2         |
|    ep_rew_mean          | 18.6         |
| time/                   |              |
|    fps                  | 302          |
|    iterations           | 380          |
|    time_elapsed         | 643          |
|    total_timesteps      | 194560       |
| train/                  |              |
|    approx_kl            | 0.0002275703 |
|    clip_fraction        | 0.00234      |
|    clip_range           | 0.2          |
|    entropy_loss         | -0.04        |
|    explained_variance   | 0.811        |
|    learning_rate        | 0.0003       |
|    loss                 | 3.38         |
|    n_updates            | 1895         |
|    policy_gradient_loss | -0.00169     |
|    value_loss           | 6            |
------------------------------------------
-----------------------------------------
| rollout/                |             |
|    ep_len_mean          | 34.1        |
|    ep_rew_mean          | 19          |
| time/                   |             |
|    fps                  | 302         |
|    iterations           | 381         |
|    time_elapsed         | 645         |
|    total_timesteps      | 195072      |
| train/                  |             |
|    approx_kl            | 3.41743e-05 |
|    clip_fraction        | 0           |
|    clip_range           | 0.2         |
|    entropy_loss         | -0.0317     |
|    explained_variance   | 0.732       |
|    learning_rate        | 0.0003      |
|    loss                 | 3.26        |
|    n_updates            | 1900        |
|    policy_gradient_loss | 0.000132    |
|    value_loss           | 8.05        |
-----------------------------------------
-------------------------------------------
| rollout/                |               |
|    ep_len_mean          | 32.7          |
|    ep_rew_mean          | 17.1          |
| time/                   |               |
|    fps                  | 302           |
|    iterations           | 382           |
|    time_elapsed         | 646           |
|    total_timesteps      | 195584        |
| train/                  |               |
|    approx_kl            | 0.00016956241 |
|    clip_fraction        | 0.00234       |
|    clip_range           | 0.2           |
|    entropy_loss         | -0.0286       |
|    explained_variance   | 0.753         |
|    learning_rate        | 0.0003        |
|    loss                 | 3.13          |
|    n_updates            | 1905          |
|    policy_gradient_loss | -0.00227      |
|    value_loss           | 6.76          |
-------------------------------------------
-------------------------------------------
| rollout/                |               |
|    ep_len_mean          | 32.3          |
|    ep_rew_mean          | 17.1          |
| time/                   |               |
|    fps                  | 302           |
|    iterations           | 383           |
|    time_elapsed         | 648           |
|    total_timesteps      | 196096        |
| train/                  |               |
|    approx_kl            | 0.00030759175 |
|    clip_fraction        | 0.00469       |
|    clip_range           | 0.2           |
|    entropy_loss         | -0.0257       |
|    explained_variance   | 0.671         |
|    learning_rate        | 0.0003        |
|    loss                 | 3.02          |
|    n_updates            | 1910          |
|    policy_gradient_loss | -0.00364      |
|    value_loss           | 7.03          |
-------------------------------------------
------------------------------------------
| rollout/                |              |
|    ep_len_mean          | 32.9         |
|    ep_rew_mean          | 17.2         |
| time/                   |              |
|    fps                  | 302          |
|    iterations           | 384          |
|    time_elapsed         | 650          |
|    total_timesteps      | 196608       |
| train/                  |              |
|    approx_kl            | 5.001761e-05 |
|    clip_fraction        | 0.000391     |
|    clip_range           | 0.2          |
|    entropy_loss         | -0.0194      |
|    explained_variance   | 0.826        |
|    learning_rate        | 0.0003       |
|    loss                 | 1.52         |
|    n_updates            | 1915         |
|    policy_gradient_loss | -0.000629    |
|    value_loss           | 3.42         |
------------------------------------------
-------------------------------------------
| rollout/                |               |
|    ep_len_mean          | 34.3          |
|    ep_rew_mean          | 18.5          |
| time/                   |               |
|    fps                  | 302           |
|    iterations           | 385           |
|    time_elapsed         | 651           |
|    total_timesteps      | 197120        |
| train/                  |               |
|    approx_kl            | 3.4197117e-05 |
|    clip_fraction        | 0             |
|    clip_range           | 0.2           |
|    entropy_loss         | -0.0165       |
|    explained_variance   | 0.776         |
|    learning_rate        | 0.0003        |
|    loss                 | 2.33          |
|    n_updates            | 1920          |
|    policy_gradient_loss | -0.00116      |
|    value_loss           | 4.39          |
-------------------------------------------
-----------------------------------------
| rollout/                |             |
|    ep_len_mean          | 34.4        |
|    ep_rew_mean          | 18.4        |
| time/                   |             |
|    fps                  | 302         |
|    iterations           | 386         |
|    time_elapsed         | 653         |
|    total_timesteps      | 197632      |
| train/                  |             |
|    approx_kl            | 5.40833e-05 |
|    clip_fraction        | 0.000781    |
|    clip_range           | 0.2         |
|    entropy_loss         | -0.0116     |
|    explained_variance   | 0.823       |
|    learning_rate        | 0.0003      |
|    loss                 | 3.89        |
|    n_updates            | 1925        |
|    policy_gradient_loss | -0.00086    |
|    value_loss           | 8.1         |
-----------------------------------------
------------------------------------------
| rollout/                |              |
|    ep_len_mean          | 35.9         |
|    ep_rew_mean          | 19.1         |
| time/                   |              |
|    fps                  | 302          |
|    iterations           | 387          |
|    time_elapsed         | 654          |
|    total_timesteps      | 198144       |
| train/                  |              |
|    approx_kl            | 5.487818e-07 |
|    clip_fraction        | 0            |
|    clip_range           | 0.2          |
|    entropy_loss         | -0.0145      |
|    explained_variance   | 0.904        |
|    learning_rate        | 0.0003       |
|    loss                 | 1.58         |
|    n_updates            | 1930         |
|    policy_gradient_loss | -3.18e-05    |
|    value_loss           | 2.6          |
------------------------------------------
------------------------------------------
| rollout/                |              |
|    ep_len_mean          | 35.5         |
|    ep_rew_mean          | 18.5         |
| time/                   |              |
|    fps                  | 302          |
|    iterations           | 388          |
|    time_elapsed         | 656          |
|    total_timesteps      | 198656       |
| train/                  |              |
|    approx_kl            | 7.000519e-06 |
|    clip_fraction        | 0            |
|    clip_range           | 0.2          |
|    entropy_loss         | -0.0277      |
|    explained_variance   | 0.916        |
|    learning_rate        | 0.0003       |
|    loss                 | 1.17         |
|    n_updates            | 1935         |
|    policy_gradient_loss | -0.00018     |
|    value_loss           | 4.13         |
------------------------------------------
------------------------------------------
| rollout/                |              |
|    ep_len_mean          | 36.3         |
|    ep_rew_mean          | 19.2         |
| time/                   |              |
|    fps                  | 302          |
|    iterations           | 389          |
|    time_elapsed         | 657          |
|    total_timesteps      | 199168       |
| train/                  |              |
|    approx_kl            | 6.272341e-06 |
|    clip_fraction        | 0.00391      |
|    clip_range           | 0.2          |
|    entropy_loss         | -0.0678      |
|    explained_variance   | 0.585        |
|    learning_rate        | 0.0003       |
|    loss                 | 7.31         |
|    n_updates            | 1940         |
|    policy_gradient_loss | 0.00278      |
|    value_loss           | 13.1         |
------------------------------------------
-------------------------------------------
| rollout/                |               |
|    ep_len_mean          | 36.9          |
|    ep_rew_mean          | 19.9          |
| time/                   |               |
|    fps                  | 302           |
|    iterations           | 390           |
|    time_elapsed         | 659           |
|    total_timesteps      | 199680        |
| train/                  |               |
|    approx_kl            | 0.00028844376 |
|    clip_fraction        | 0.00469       |
|    clip_range           | 0.2           |
|    entropy_loss         | -0.0394       |
|    explained_variance   | 0.757         |
|    learning_rate        | 0.0003        |
|    loss                 | 3.96          |
|    n_updates            | 1945          |
|    policy_gradient_loss | -0.00348      |
|    value_loss           | 9.53          |
-------------------------------------------
------------------------------------------
| rollout/                |              |
|    ep_len_mean          | 36.1         |
|    ep_rew_mean          | 19.3         |
| time/                   |              |
|    fps                  | 302          |
|    iterations           | 391          |
|    time_elapsed         | 661          |
|    total_timesteps      | 200192       |
| train/                  |              |
|    approx_kl            | 7.090741e-06 |
|    clip_fraction        | 0            |
|    clip_range           | 0.2          |
|    entropy_loss         | -0.0338      |
|    explained_variance   | 0.742        |
|    learning_rate        | 0.0003       |
|    loss                 | 4.46         |
|    n_updates            | 1950         |
|    policy_gradient_loss | -0.00034     |
|    value_loss           | 11.8         |
------------------------------------------
------------------------------------------
| rollout/                |              |
|    ep_len_mean          | 34.1         |
|    ep_rew_mean          | 18           |
| time/                   |              |
|    fps                  | 302          |
|    iterations           | 392          |
|    time_elapsed         | 662          |
|    total_timesteps      | 200704       |
| train/                  |              |
|    approx_kl            | 0.0009246003 |
|    clip_fraction        | 0.00352      |
|    clip_range           | 0.2          |
|    entropy_loss         | -0.0497      |
|    explained_variance   | 0.864        |
|    learning_rate        | 0.0003       |
|    loss                 | 2.65         |
|    n_updates            | 1955         |
|    policy_gradient_loss | 1.15e-05     |
|    value_loss           | 6.62         |
------------------------------------------
-------------------------------------------
| rollout/                |               |
|    ep_len_mean          | 32            |
|    ep_rew_mean          | 17.2          |
| time/                   |               |
|    fps                  | 302           |
|    iterations           | 393           |
|    time_elapsed         | 664           |
|    total_timesteps      | 201216        |
| train/                  |               |
|    approx_kl            | 0.00028753094 |
|    clip_fraction        | 0.00352       |
|    clip_range           | 0.2           |
|    entropy_loss         | -0.0461       |
|    explained_variance   | 0.881         |
|    learning_rate        | 0.0003        |
|    loss                 | 1.72          |
|    n_updates            | 1960          |
|    policy_gradient_loss | -0.00264      |
|    value_loss           | 4.32          |
-------------------------------------------
-------------------------------------------
| rollout/                |               |
|    ep_len_mean          | 32.3          |
|    ep_rew_mean          | 17.5          |
| time/                   |               |
|    fps                  | 302           |
|    iterations           | 394           |
|    time_elapsed         | 665           |
|    total_timesteps      | 201728        |
| train/                  |               |
|    approx_kl            | 7.0079346e-05 |
|    clip_fraction        | 0.00117       |
|    clip_range           | 0.2           |
|    entropy_loss         | -0.0473       |
|    explained_variance   | 0.699         |
|    learning_rate        | 0.0003        |
|    loss                 | 3.11          |
|    n_updates            | 1965          |
|    policy_gradient_loss | 0.0011        |
|    value_loss           | 7.97          |
-------------------------------------------
-----------------------------------------
| rollout/                |             |
|    ep_len_mean          | 31          |
|    ep_rew_mean          | 17.1        |
| time/                   |             |
|    fps                  | 302         |
|    iterations           | 395         |
|    time_elapsed         | 667         |
|    total_timesteps      | 202240      |
| train/                  |             |
|    approx_kl            | 0.000999229 |
|    clip_fraction        | 0.00234     |
|    clip_range           | 0.2         |
|    entropy_loss         | -0.0445     |
|    explained_variance   | 0.851       |
|    learning_rate        | 0.0003      |
|    loss                 | 1.96        |
|    n_updates            | 1970        |
|    policy_gradient_loss | -0.00129    |
|    value_loss           | 4.11        |
-----------------------------------------
------------------------------------------
| rollout/                |              |
|    ep_len_mean          | 31.6         |
|    ep_rew_mean          | 16.4         |
| time/                   |              |
|    fps                  | 302          |
|    iterations           | 396          |
|    time_elapsed         | 669          |
|    total_timesteps      | 202752       |
| train/                  |              |
|    approx_kl            | 0.0003659121 |
|    clip_fraction        | 0.00391      |
|    clip_range           | 0.2          |
|    entropy_loss         | -0.0321      |
|    explained_variance   | 0.689        |
|    learning_rate        | 0.0003       |
|    loss                 | 1.95         |
|    n_updates            | 1975         |
|    policy_gradient_loss | -0.0032      |
|    value_loss           | 7.74         |
------------------------------------------
-------------------------------------------
| rollout/                |               |
|    ep_len_mean          | 32            |
|    ep_rew_mean          | 15.6          |
| time/                   |               |
|    fps                  | 303           |
|    iterations           | 397           |
|    time_elapsed         | 670           |
|    total_timesteps      | 203264        |
| train/                  |               |
|    approx_kl            | 0.00020717352 |
|    clip_fraction        | 0.00156       |
|    clip_range           | 0.2           |
|    entropy_loss         | -0.0442       |
|    explained_variance   | 0.524         |
|    learning_rate        | 0.0003        |
|    loss                 | 12.2          |
|    n_updates            | 1980          |
|    policy_gradient_loss | 5.76e-05      |
|    value_loss           | 26.5          |
-------------------------------------------
-----------------------------------------
| rollout/                |             |
|    ep_len_mean          | 30.6        |
|    ep_rew_mean          | 15.1        |
| time/                   |             |
|    fps                  | 303         |
|    iterations           | 398         |
|    time_elapsed         | 672         |
|    total_timesteps      | 203776      |
| train/                  |             |
|    approx_kl            | 0.003225786 |
|    clip_fraction        | 0.00664     |
|    clip_range           | 0.2         |
|    entropy_loss         | -0.0972     |
|    explained_variance   | 0.566       |
|    learning_rate        | 0.0003      |
|    loss                 | 7.16        |
|    n_updates            | 1985        |
|    policy_gradient_loss | -0.00784    |
|    value_loss           | 18.8        |
-----------------------------------------
------------------------------------------
| rollout/                |              |
|    ep_len_mean          | 29.1         |
|    ep_rew_mean          | 13.7         |
| time/                   |              |
|    fps                  | 303          |
|    iterations           | 399          |
|    time_elapsed         | 673          |
|    total_timesteps      | 204288       |
| train/                  |              |
|    approx_kl            | 0.0005808724 |
|    clip_fraction        | 0.0207       |
|    clip_range           | 0.2          |
|    entropy_loss         | -0.137       |
|    explained_variance   | 0.704        |
|    learning_rate        | 0.0003       |
|    loss                 | 4.61         |
|    n_updates            | 1990         |
|    policy_gradient_loss | 0.0142       |
|    value_loss           | 12.1         |
------------------------------------------
-------------------------------------------
| rollout/                |               |
|    ep_len_mean          | 28.6          |
|    ep_rew_mean          | 13.6          |
| time/                   |               |
|    fps                  | 303           |
|    iterations           | 400           |
|    time_elapsed         | 675           |
|    total_timesteps      | 204800        |
| train/                  |               |
|    approx_kl            | 0.00039235817 |
|    clip_fraction        | 0.0113        |
|    clip_range           | 0.2           |
|    entropy_loss         | -0.0843       |
|    explained_variance   | 0.569         |
|    learning_rate        | 0.0003        |
|    loss                 | 4.8           |
|    n_updates            | 1995          |
|    policy_gradient_loss | -0.00713      |
|    value_loss           | 9.41          |
-------------------------------------------
-------------------------------------------
| rollout/                |               |
|    ep_len_mean          | 29.9          |
|    ep_rew_mean          | 15.3          |
| time/                   |               |
|    fps                  | 303           |
|    iterations           | 401           |
|    time_elapsed         | 677           |
|    total_timesteps      | 205312        |
| train/                  |               |
|    approx_kl            | 0.00040294707 |
|    clip_fraction        | 0.00156       |
|    clip_range           | 0.2           |
|    entropy_loss         | -0.0763       |
|    explained_variance   | 0.717         |
|    learning_rate        | 0.0003        |
|    loss                 | 5.72          |
|    n_updates            | 2000          |
|    policy_gradient_loss | -0.00241      |
|    value_loss           | 10.5          |
-------------------------------------------
-------------------------------------------
| rollout/                |               |
|    ep_len_mean          | 28.6          |
|    ep_rew_mean          | 15.8          |
| time/                   |               |
|    fps                  | 303           |
|    iterations           | 402           |
|    time_elapsed         | 678           |
|    total_timesteps      | 205824        |
| train/                  |               |
|    approx_kl            | 2.3854314e-05 |
|    clip_fraction        | 0             |
|    clip_range           | 0.2           |
|    entropy_loss         | -0.0714       |
|    explained_variance   | 0.874         |
|    learning_rate        | 0.0003        |
|    loss                 | 1.81          |
|    n_updates            | 2005          |
|    policy_gradient_loss | -0.000881     |
|    value_loss           | 4.91          |
-------------------------------------------
-------------------------------------------
| rollout/                |               |
|    ep_len_mean          | 27.6          |
|    ep_rew_mean          | 15.3          |
| time/                   |               |
|    fps                  | 303           |
|    iterations           | 403           |
|    time_elapsed         | 680           |
|    total_timesteps      | 206336        |
| train/                  |               |
|    approx_kl            | 0.00022072188 |
|    clip_fraction        | 0.00195       |
|    clip_range           | 0.2           |
|    entropy_loss         | -0.0644       |
|    explained_variance   | 0.833         |
|    learning_rate        | 0.0003        |
|    loss                 | 1.71          |
|    n_updates            | 2010          |
|    policy_gradient_loss | -0.00125      |
|    value_loss           | 4.93          |
-------------------------------------------
-------------------------------------------
| rollout/                |               |
|    ep_len_mean          | 29            |
|    ep_rew_mean          | 16.5          |
| time/                   |               |
|    fps                  | 303           |
|    iterations           | 404           |
|    time_elapsed         | 681           |
|    total_timesteps      | 206848        |
| train/                  |               |
|    approx_kl            | 0.00091416447 |
|    clip_fraction        | 0.0172        |
|    clip_range           | 0.2           |
|    entropy_loss         | -0.0628       |
|    explained_variance   | 0.835         |
|    learning_rate        | 0.0003        |
|    loss                 | 1.64          |
|    n_updates            | 2015          |
|    policy_gradient_loss | -0.00767      |
|    value_loss           | 8.51          |
-------------------------------------------
-------------------------------------------
| rollout/                |               |
|    ep_len_mean          | 29.9          |
|    ep_rew_mean          | 17.3          |
| time/                   |               |
|    fps                  | 303           |
|    iterations           | 405           |
|    time_elapsed         | 683           |
|    total_timesteps      | 207360        |
| train/                  |               |
|    approx_kl            | 2.0991894e-05 |
|    clip_fraction        | 0             |
|    clip_range           | 0.2           |
|    entropy_loss         | -0.0572       |
|    explained_variance   | 0.859         |
|    learning_rate        | 0.0003        |
|    loss                 | 2.06          |
|    n_updates            | 2020          |
|    policy_gradient_loss | -0.000221     |
|    value_loss           | 7.34          |
-------------------------------------------
-------------------------------------------
| rollout/                |               |
|    ep_len_mean          | 30.6          |
|    ep_rew_mean          | 17.6          |
| time/                   |               |
|    fps                  | 303           |
|    iterations           | 406           |
|    time_elapsed         | 684           |
|    total_timesteps      | 207872        |
| train/                  |               |
|    approx_kl            | 0.00022168655 |
|    clip_fraction        | 0.00742       |
|    clip_range           | 0.2           |
|    entropy_loss         | -0.0586       |
|    explained_variance   | 0.85          |
|    learning_rate        | 0.0003        |
|    loss                 | 3.29          |
|    n_updates            | 2025          |
|    policy_gradient_loss | -0.00512      |
|    value_loss           | 5.52          |
-------------------------------------------
------------------------------------------
| rollout/                |              |
|    ep_len_mean          | 30.2         |
|    ep_rew_mean          | 17.2         |
| time/                   |              |
|    fps                  | 303          |
|    iterations           | 407          |
|    time_elapsed         | 686          |
|    total_timesteps      | 208384       |
| train/                  |              |
|    approx_kl            | 0.0002972585 |
|    clip_fraction        | 0.00234      |
|    clip_range           | 0.2          |
|    entropy_loss         | -0.0559      |
|    explained_variance   | 0.643        |
|    learning_rate        | 0.0003       |
|    loss                 | 7.2          |
|    n_updates            | 2030         |
|    policy_gradient_loss | -0.00325     |
|    value_loss           | 12.1         |
------------------------------------------
-------------------------------------------
| rollout/                |               |
|    ep_len_mean          | 30.3          |
|    ep_rew_mean          | 17.1          |
| time/                   |               |
|    fps                  | 303           |
|    iterations           | 408           |
|    time_elapsed         | 688           |
|    total_timesteps      | 208896        |
| train/                  |               |
|    approx_kl            | 3.3163582e-05 |
|    clip_fraction        | 0             |
|    clip_range           | 0.2           |
|    entropy_loss         | -0.0552       |
|    explained_variance   | 0.809         |
|    learning_rate        | 0.0003        |
|    loss                 | 3.6           |
|    n_updates            | 2035          |
|    policy_gradient_loss | 0.000993      |
|    value_loss           | 6.52          |
-------------------------------------------
------------------------------------------
| rollout/                |              |
|    ep_len_mean          | 31.7         |
|    ep_rew_mean          | 18.2         |
| time/                   |              |
|    fps                  | 303          |
|    iterations           | 409          |
|    time_elapsed         | 689          |
|    total_timesteps      | 209408       |
| train/                  |              |
|    approx_kl            | 0.0004188557 |
|    clip_fraction        | 0.00742      |
|    clip_range           | 0.2          |
|    entropy_loss         | -0.0333      |
|    explained_variance   | 0.537        |
|    learning_rate        | 0.0003       |
|    loss                 | 5.53         |
|    n_updates            | 2040         |
|    policy_gradient_loss | -0.00343     |
|    value_loss           | 12           |
------------------------------------------
------------------------------------------
| rollout/                |              |
|    ep_len_mean          | 33.1         |
|    ep_rew_mean          | 18.3         |
| time/                   |              |
|    fps                  | 303          |
|    iterations           | 410          |
|    time_elapsed         | 691          |
|    total_timesteps      | 209920       |
| train/                  |              |
|    approx_kl            | 0.0001871254 |
|    clip_fraction        | 0.00469      |
|    clip_range           | 0.2          |
|    entropy_loss         | -0.0283      |
|    explained_variance   | 0.779        |
|    learning_rate        | 0.0003       |
|    loss                 | 2.8          |
|    n_updates            | 2045         |
|    policy_gradient_loss | -0.00312     |
|    value_loss           | 5.89         |
------------------------------------------
-------------------------------------------
| rollout/                |               |
|    ep_len_mean          | 33.5          |
|    ep_rew_mean          | 18.4          |
| time/                   |               |
|    fps                  | 303           |
|    iterations           | 411           |
|    time_elapsed         | 692           |
|    total_timesteps      | 210432        |
| train/                  |               |
|    approx_kl            | 0.00010716147 |
|    clip_fraction        | 0.00313       |
|    clip_range           | 0.2           |
|    entropy_loss         | -0.0259       |
|    explained_variance   | 0.806         |
|    learning_rate        | 0.0003        |
|    loss                 | 2.52          |
|    n_updates            | 2050          |
|    policy_gradient_loss | -0.00212      |
|    value_loss           | 5.86          |
-------------------------------------------
------------------------------------------
| rollout/                |              |
|    ep_len_mean          | 34           |
|    ep_rew_mean          | 18.3         |
| time/                   |              |
|    fps                  | 303          |
|    iterations           | 412          |
|    time_elapsed         | 694          |
|    total_timesteps      | 210944       |
| train/                  |              |
|    approx_kl            | 6.476417e-06 |
|    clip_fraction        | 0.00195      |
|    clip_range           | 0.2          |
|    entropy_loss         | -0.0204      |
|    explained_variance   | 0.746        |
|    learning_rate        | 0.0003       |
|    loss                 | 3.65         |
|    n_updates            | 2055         |
|    policy_gradient_loss | -0.00128     |
|    value_loss           | 7.04         |
------------------------------------------
------------------------------------------
| rollout/                |              |
|    ep_len_mean          | 32.1         |
|    ep_rew_mean          | 16.9         |
| time/                   |              |
|    fps                  | 303          |
|    iterations           | 413          |
|    time_elapsed         | 695          |
|    total_timesteps      | 211456       |
| train/                  |              |
|    approx_kl            | 1.944718e-06 |
|    clip_fraction        | 0            |
|    clip_range           | 0.2          |
|    entropy_loss         | -0.0211      |
|    explained_variance   | 0.873        |
|    learning_rate        | 0.0003       |
|    loss                 | 1.32         |
|    n_updates            | 2060         |
|    policy_gradient_loss | 8.42e-05     |
|    value_loss           | 3.21         |
------------------------------------------
------------------------------------------
| rollout/                |              |
|    ep_len_mean          | 32.3         |
|    ep_rew_mean          | 17.1         |
| time/                   |              |
|    fps                  | 303          |
|    iterations           | 414          |
|    time_elapsed         | 697          |
|    total_timesteps      | 211968       |
| train/                  |              |
|    approx_kl            | 0.0003247104 |
|    clip_fraction        | 0.00156      |
|    clip_range           | 0.2          |
|    entropy_loss         | -0.0234      |
|    explained_variance   | 0.754        |
|    learning_rate        | 0.0003       |
|    loss                 | 2.3          |
|    n_updates            | 2065         |
|    policy_gradient_loss | -0.000692    |
|    value_loss           | 6.56         |
------------------------------------------
-----------------------------------------
| rollout/                |             |
|    ep_len_mean          | 32.4        |
|    ep_rew_mean          | 17.8        |
| time/                   |             |
|    fps                  | 303         |
|    iterations           | 415         |
|    time_elapsed         | 699         |
|    total_timesteps      | 212480      |
| train/                  |             |
|    approx_kl            | 0.005307286 |
|    clip_fraction        | 0.00859     |
|    clip_range           | 0.2         |
|    entropy_loss         | -0.0445     |
|    explained_variance   | 0.763       |
|    learning_rate        | 0.0003      |
|    loss                 | 2.42        |
|    n_updates            | 2070        |
|    policy_gradient_loss | -0.0032     |
|    value_loss           | 5.36        |
-----------------------------------------
------------------------------------------
| rollout/                |              |
|    ep_len_mean          | 31.1         |
|    ep_rew_mean          | 17.5         |
| time/                   |              |
|    fps                  | 303          |
|    iterations           | 416          |
|    time_elapsed         | 700          |
|    total_timesteps      | 212992       |
| train/                  |              |
|    approx_kl            | 0.0009995602 |
|    clip_fraction        | 0.00469      |
|    clip_range           | 0.2          |
|    entropy_loss         | -0.0588      |
|    explained_variance   | 0.733        |
|    learning_rate        | 0.0003       |
|    loss                 | 4            |
|    n_updates            | 2075         |
|    policy_gradient_loss | 0.00306      |
|    value_loss           | 10.3         |
------------------------------------------
-------------------------------------------
| rollout/                |               |
|    ep_len_mean          | 30.6          |
|    ep_rew_mean          | 17.5          |
| time/                   |               |
|    fps                  | 304           |
|    iterations           | 417           |
|    time_elapsed         | 702           |
|    total_timesteps      | 213504        |
| train/                  |               |
|    approx_kl            | 0.00021186622 |
|    clip_fraction        | 0.000781      |
|    clip_range           | 0.2           |
|    entropy_loss         | -0.0611       |
|    explained_variance   | 0.777         |
|    learning_rate        | 0.0003        |
|    loss                 | 4.64          |
|    n_updates            | 2080          |
|    policy_gradient_loss | -0.00125      |
|    value_loss           | 12.9          |
-------------------------------------------
------------------------------------------
| rollout/                |              |
|    ep_len_mean          | 31.3         |
|    ep_rew_mean          | 18.3         |
| time/                   |              |
|    fps                  | 304          |
|    iterations           | 418          |
|    time_elapsed         | 703          |
|    total_timesteps      | 214016       |
| train/                  |              |
|    approx_kl            | 0.0007738301 |
|    clip_fraction        | 0.00781      |
|    clip_range           | 0.2          |
|    entropy_loss         | -0.0541      |
|    explained_variance   | 0.642        |
|    learning_rate        | 0.0003       |
|    loss                 | 8.65         |
|    n_updates            | 2085         |
|    policy_gradient_loss | -0.00564     |
|    value_loss           | 11.9         |
------------------------------------------
------------------------------------------
| rollout/                |              |
|    ep_len_mean          | 33.1         |
|    ep_rew_mean          | 19.9         |
| time/                   |              |
|    fps                  | 304          |
|    iterations           | 419          |
|    time_elapsed         | 705          |
|    total_timesteps      | 214528       |
| train/                  |              |
|    approx_kl            | 0.0002711031 |
|    clip_fraction        | 0.00703      |
|    clip_range           | 0.2          |
|    entropy_loss         | -0.0316      |
|    explained_variance   | 0.755        |
|    learning_rate        | 0.0003       |
|    loss                 | 2.98         |
|    n_updates            | 2090         |
|    policy_gradient_loss | -0.00404     |
|    value_loss           | 8.25         |
------------------------------------------
------------------------------------------
| rollout/                |              |
|    ep_len_mean          | 32.5         |
|    ep_rew_mean          | 19.7         |
| time/                   |              |
|    fps                  | 304          |
|    iterations           | 420          |
|    time_elapsed         | 706          |
|    total_timesteps      | 215040       |
| train/                  |              |
|    approx_kl            | 3.116182e-05 |
|    clip_fraction        | 0            |
|    clip_range           | 0.2          |
|    entropy_loss         | -0.0422      |
|    explained_variance   | 0.736        |
|    learning_rate        | 0.0003       |
|    loss                 | 7.21         |
|    n_updates            | 2095         |
|    policy_gradient_loss | 0.000224     |
|    value_loss           | 20.6         |
------------------------------------------
-------------------------------------------
| rollout/                |               |
|    ep_len_mean          | 31.5          |
|    ep_rew_mean          | 18.6          |
| time/                   |               |
|    fps                  | 304           |
|    iterations           | 421           |
|    time_elapsed         | 708           |
|    total_timesteps      | 215552        |
| train/                  |               |
|    approx_kl            | 0.00013240834 |
|    clip_fraction        | 0.000391      |
|    clip_range           | 0.2           |
|    entropy_loss         | -0.0553       |
|    explained_variance   | 0.789         |
|    learning_rate        | 0.0003        |
|    loss                 | 1.37          |
|    n_updates            | 2100          |
|    policy_gradient_loss | -0.00116      |
|    value_loss           | 10.1          |
-------------------------------------------
------------------------------------------
| rollout/                |              |
|    ep_len_mean          | 32           |
|    ep_rew_mean          | 18.5         |
| time/                   |              |
|    fps                  | 304          |
|    iterations           | 422          |
|    time_elapsed         | 710          |
|    total_timesteps      | 216064       |
| train/                  |              |
|    approx_kl            | 0.0004427475 |
|    clip_fraction        | 0.00508      |
|    clip_range           | 0.2          |
|    entropy_loss         | -0.0492      |
|    explained_variance   | 0.764        |
|    learning_rate        | 0.0003       |
|    loss                 | 4.28         |
|    n_updates            | 2105         |
|    policy_gradient_loss | -0.0051      |
|    value_loss           | 8.52         |
------------------------------------------
-------------------------------------------
| rollout/                |               |
|    ep_len_mean          | 32.4          |
|    ep_rew_mean          | 18.6          |
| time/                   |               |
|    fps                  | 304           |
|    iterations           | 423           |
|    time_elapsed         | 711           |
|    total_timesteps      | 216576        |
| train/                  |               |
|    approx_kl            | 5.4097036e-06 |
|    clip_fraction        | 0             |
|    clip_range           | 0.2           |
|    entropy_loss         | -0.0367       |
|    explained_variance   | 0.845         |
|    learning_rate        | 0.0003        |
|    loss                 | 1.51          |
|    n_updates            | 2110          |
|    policy_gradient_loss | 0.000398      |
|    value_loss           | 4.83          |
-------------------------------------------
------------------------------------------
| rollout/                |              |
|    ep_len_mean          | 33.6         |
|    ep_rew_mean          | 18.5         |
| time/                   |              |
|    fps                  | 304          |
|    iterations           | 424          |
|    time_elapsed         | 713          |
|    total_timesteps      | 217088       |
| train/                  |              |
|    approx_kl            | 9.712984e-05 |
|    clip_fraction        | 0.000781     |
|    clip_range           | 0.2          |
|    entropy_loss         | -0.0341      |
|    explained_variance   | 0.762        |
|    learning_rate        | 0.0003       |
|    loss                 | 2.68         |
|    n_updates            | 2115         |
|    policy_gradient_loss | -0.00172     |
|    value_loss           | 6.05         |
------------------------------------------
-------------------------------------------
| rollout/                |               |
|    ep_len_mean          | 33.2          |
|    ep_rew_mean          | 18.3          |
| time/                   |               |
|    fps                  | 304           |
|    iterations           | 425           |
|    time_elapsed         | 714           |
|    total_timesteps      | 217600        |
| train/                  |               |
|    approx_kl            | 0.00020972476 |
|    clip_fraction        | 0.00391       |
|    clip_range           | 0.2           |
|    entropy_loss         | -0.0282       |
|    explained_variance   | 0.815         |
|    learning_rate        | 0.0003        |
|    loss                 | 2.89          |
|    n_updates            | 2120          |
|    policy_gradient_loss | -0.00204      |
|    value_loss           | 4.41          |
-------------------------------------------
-----------------------------------------
| rollout/                |             |
|    ep_len_mean          | 19.6        |
|    ep_rew_mean          | 9.73        |
| time/                   |             |
|    fps                  | 304         |
|    iterations           | 426         |
|    time_elapsed         | 716         |
|    total_timesteps      | 218112      |
| train/                  |             |
|    approx_kl            | 0.041670997 |
|    clip_fraction        | 0.0617      |
|    clip_range           | 0.2         |
|    entropy_loss         | -0.122      |
|    explained_variance   | 0.911       |
|    learning_rate        | 0.0003      |
|    loss                 | 1.08        |
|    n_updates            | 2125        |
|    policy_gradient_loss | -0.00206    |
|    value_loss           | 2.92        |
-----------------------------------------
-----------------------------------------
| rollout/                |             |
|    ep_len_mean          | 8.69        |
|    ep_rew_mean          | 4.12        |
| time/                   |             |
|    fps                  | 304         |
|    iterations           | 427         |
|    time_elapsed         | 718         |
|    total_timesteps      | 218624      |
| train/                  |             |
|    approx_kl            | 0.033537287 |
|    clip_fraction        | 0.258       |
|    clip_range           | 0.2         |
|    entropy_loss         | -0.416      |
|    explained_variance   | 0.56        |
|    learning_rate        | 0.0003      |
|    loss                 | 19.6        |
|    n_updates            | 2130        |
|    policy_gradient_loss | 0.158       |
|    value_loss           | 72.4        |
-----------------------------------------
------------------------------------------
| rollout/                |              |
|    ep_len_mean          | 9.19         |
|    ep_rew_mean          | 4.54         |
| time/                   |              |
|    fps                  | 304          |
|    iterations           | 428          |
|    time_elapsed         | 719          |
|    total_timesteps      | 219136       |
| train/                  |              |
|    approx_kl            | 0.0021736382 |
|    clip_fraction        | 0.0398       |
|    clip_range           | 0.2          |
|    entropy_loss         | -0.278       |
|    explained_variance   | 0.655        |
|    learning_rate        | 0.0003       |
|    loss                 | 8.59         |
|    n_updates            | 2135         |
|    policy_gradient_loss | -0.018       |
|    value_loss           | 28.4         |
------------------------------------------
------------------------------------------
| rollout/                |              |
|    ep_len_mean          | 10.6         |
|    ep_rew_mean          | 5.75         |
| time/                   |              |
|    fps                  | 304          |
|    iterations           | 429          |
|    time_elapsed         | 721          |
|    total_timesteps      | 219648       |
| train/                  |              |
|    approx_kl            | 0.0018536582 |
|    clip_fraction        | 0.0254       |
|    clip_range           | 0.2          |
|    entropy_loss         | -0.251       |
|    explained_variance   | 0.616        |
|    learning_rate        | 0.0003       |
|    loss                 | 5.96         |
|    n_updates            | 2140         |
|    policy_gradient_loss | -0.0166      |
|    value_loss           | 8.79         |
------------------------------------------
------------------------------------------
| rollout/                |              |
|    ep_len_mean          | 11.8         |
|    ep_rew_mean          | 6.81         |
| time/                   |              |
|    fps                  | 304          |
|    iterations           | 430          |
|    time_elapsed         | 722          |
|    total_timesteps      | 220160       |
| train/                  |              |
|    approx_kl            | 0.0014103216 |
|    clip_fraction        | 0.0129       |
|    clip_range           | 0.2          |
|    entropy_loss         | -0.151       |
|    explained_variance   | 0.806        |
|    learning_rate        | 0.0003       |
|    loss                 | 4.05         |
|    n_updates            | 2145         |
|    policy_gradient_loss | -0.00938     |
|    value_loss           | 12.9         |
------------------------------------------
------------------------------------------
| rollout/                |              |
|    ep_len_mean          | 13.4         |
|    ep_rew_mean          | 7.88         |
| time/                   |              |
|    fps                  | 304          |
|    iterations           | 431          |
|    time_elapsed         | 724          |
|    total_timesteps      | 220672       |
| train/                  |              |
|    approx_kl            | 0.0009732237 |
|    clip_fraction        | 0.0164       |
|    clip_range           | 0.2          |
|    entropy_loss         | -0.148       |
|    explained_variance   | 0.765        |
|    learning_rate        | 0.0003       |
|    loss                 | 4.19         |
|    n_updates            | 2150         |
|    policy_gradient_loss | -0.00678     |
|    value_loss           | 12.1         |
------------------------------------------
------------------------------------------
| rollout/                |              |
|    ep_len_mean          | 13.8         |
|    ep_rew_mean          | 7.57         |
| time/                   |              |
|    fps                  | 304          |
|    iterations           | 432          |
|    time_elapsed         | 726          |
|    total_timesteps      | 221184       |
| train/                  |              |
|    approx_kl            | 0.0021903748 |
|    clip_fraction        | 0.0145       |
|    clip_range           | 0.2          |
|    entropy_loss         | -0.191       |
|    explained_variance   | 0.844        |
|    learning_rate        | 0.0003       |
|    loss                 | 2.27         |
|    n_updates            | 2155         |
|    policy_gradient_loss | -0.0108      |
|    value_loss           | 5.33         |
------------------------------------------
------------------------------------------
| rollout/                |              |
|    ep_len_mean          | 15.4         |
|    ep_rew_mean          | 8.3          |
| time/                   |              |
|    fps                  | 304          |
|    iterations           | 433          |
|    time_elapsed         | 727          |
|    total_timesteps      | 221696       |
| train/                  |              |
|    approx_kl            | 0.0019338344 |
|    clip_fraction        | 0.0289       |
|    clip_range           | 0.2          |
|    entropy_loss         | -0.163       |
|    explained_variance   | 0.935        |
|    learning_rate        | 0.0003       |
|    loss                 | 1.38         |
|    n_updates            | 2160         |
|    policy_gradient_loss | -0.0128      |
|    value_loss           | 3.34         |
------------------------------------------
-------------------------------------------
| rollout/                |               |
|    ep_len_mean          | 15.9          |
|    ep_rew_mean          | 8.75          |
| time/                   |               |
|    fps                  | 304           |
|    iterations           | 434           |
|    time_elapsed         | 729           |
|    total_timesteps      | 222208        |
| train/                  |               |
|    approx_kl            | 5.4762233e-05 |
|    clip_fraction        | 0.0207        |
|    clip_range           | 0.2           |
|    entropy_loss         | -0.176        |
|    explained_variance   | 0.778         |
|    learning_rate        | 0.0003        |
|    loss                 | 3.16          |
|    n_updates            | 2165          |
|    policy_gradient_loss | -0.00744      |
|    value_loss           | 6.17          |
-------------------------------------------
------------------------------------------
| rollout/                |              |
|    ep_len_mean          | 16.8         |
|    ep_rew_mean          | 8.92         |
| time/                   |              |
|    fps                  | 304          |
|    iterations           | 435          |
|    time_elapsed         | 730          |
|    total_timesteps      | 222720       |
| train/                  |              |
|    approx_kl            | 0.0016472094 |
|    clip_fraction        | 0.0301       |
|    clip_range           | 0.2          |
|    entropy_loss         | -0.143       |
|    explained_variance   | 0.829        |
|    learning_rate        | 0.0003       |
|    loss                 | 3.93         |
|    n_updates            | 2170         |
|    policy_gradient_loss | -0.0121      |
|    value_loss           | 7.21         |
------------------------------------------
-----------------------------------------
| rollout/                |             |
|    ep_len_mean          | 18.4        |
|    ep_rew_mean          | 9.94        |
| time/                   |             |
|    fps                  | 304         |
|    iterations           | 436         |
|    time_elapsed         | 732         |
|    total_timesteps      | 223232      |
| train/                  |             |
|    approx_kl            | 0.004287923 |
|    clip_fraction        | 0.0215      |
|    clip_range           | 0.2         |
|    entropy_loss         | -0.151      |
|    explained_variance   | 0.809       |
|    learning_rate        | 0.0003      |
|    loss                 | 1.71        |
|    n_updates            | 2175        |
|    policy_gradient_loss | -0.0094     |
|    value_loss           | 4.57        |
-----------------------------------------
-------------------------------------------
| rollout/                |               |
|    ep_len_mean          | 20            |
|    ep_rew_mean          | 10.8          |
| time/                   |               |
|    fps                  | 304           |
|    iterations           | 437           |
|    time_elapsed         | 733           |
|    total_timesteps      | 223744        |
| train/                  |               |
|    approx_kl            | 2.1221582e-05 |
|    clip_fraction        | 0             |
|    clip_range           | 0.2           |
|    entropy_loss         | -0.135        |
|    explained_variance   | 0.843         |
|    learning_rate        | 0.0003        |
|    loss                 | 4.6           |
|    n_updates            | 2180          |
|    policy_gradient_loss | -0.000124     |
|    value_loss           | 7.13          |
-------------------------------------------
------------------------------------------
| rollout/                |              |
|    ep_len_mean          | 21.8         |
|    ep_rew_mean          | 12           |
| time/                   |              |
|    fps                  | 304          |
|    iterations           | 438          |
|    time_elapsed         | 735          |
|    total_timesteps      | 224256       |
| train/                  |              |
|    approx_kl            | 0.0010590601 |
|    clip_fraction        | 0.0145       |
|    clip_range           | 0.2          |
|    entropy_loss         | -0.101       |
|    explained_variance   | 0.828        |
|    learning_rate        | 0.0003       |
|    loss                 | 5.13         |
|    n_updates            | 2185         |
|    policy_gradient_loss | -0.00748     |
|    value_loss           | 7.46         |
------------------------------------------
------------------------------------------
| rollout/                |              |
|    ep_len_mean          | 23.1         |
|    ep_rew_mean          | 12.8         |
| time/                   |              |
|    fps                  | 304          |
|    iterations           | 439          |
|    time_elapsed         | 736          |
|    total_timesteps      | 224768       |
| train/                  |              |
|    approx_kl            | 0.0010324733 |
|    clip_fraction        | 0.0145       |
|    clip_range           | 0.2          |
|    entropy_loss         | -0.118       |
|    explained_variance   | 0.646        |
|    learning_rate        | 0.0003       |
|    loss                 | 4.19         |
|    n_updates            | 2190         |
|    policy_gradient_loss | -0.00697     |
|    value_loss           | 9.32         |
------------------------------------------
------------------------------------------
| rollout/                |              |
|    ep_len_mean          | 25.8         |
|    ep_rew_mean          | 14.2         |
| time/                   |              |
|    fps                  | 305          |
|    iterations           | 440          |
|    time_elapsed         | 738          |
|    total_timesteps      | 225280       |
| train/                  |              |
|    approx_kl            | 0.0014587913 |
|    clip_fraction        | 0.016        |
|    clip_range           | 0.2          |
|    entropy_loss         | -0.0899      |
|    explained_variance   | 0.816        |
|    learning_rate        | 0.0003       |
|    loss                 | 3.62         |
|    n_updates            | 2195         |
|    policy_gradient_loss | -0.0101      |
|    value_loss           | 8.07         |
------------------------------------------
-------------------------------------------
| rollout/                |               |
|    ep_len_mean          | 26.1          |
|    ep_rew_mean          | 14.6          |
| time/                   |               |
|    fps                  | 304           |
|    iterations           | 441           |
|    time_elapsed         | 740           |
|    total_timesteps      | 225792        |
| train/                  |               |
|    approx_kl            | 0.00025054102 |
|    clip_fraction        | 0.00508       |
|    clip_range           | 0.2           |
|    entropy_loss         | -0.0844       |
|    explained_variance   | 0.802         |
|    learning_rate        | 0.0003        |
|    loss                 | 2.86          |
|    n_updates            | 2200          |
|    policy_gradient_loss | -0.0023       |
|    value_loss           | 7.26          |
-------------------------------------------
-------------------------------------------
| rollout/                |               |
|    ep_len_mean          | 26.8          |
|    ep_rew_mean          | 14.6          |
| time/                   |               |
|    fps                  | 305           |
|    iterations           | 442           |
|    time_elapsed         | 741           |
|    total_timesteps      | 226304        |
| train/                  |               |
|    approx_kl            | 0.00034420588 |
|    clip_fraction        | 0.0043        |
|    clip_range           | 0.2           |
|    entropy_loss         | -0.105        |
|    explained_variance   | 0.749         |
|    learning_rate        | 0.0003        |
|    loss                 | 6.07          |
|    n_updates            | 2205          |
|    policy_gradient_loss | 0.00226       |
|    value_loss           | 10.4          |
-------------------------------------------
-----------------------------------------
| rollout/                |             |
|    ep_len_mean          | 26.9        |
|    ep_rew_mean          | 15.2        |
| time/                   |             |
|    fps                  | 305         |
|    iterations           | 443         |
|    time_elapsed         | 743         |
|    total_timesteps      | 226816      |
| train/                  |             |
|    approx_kl            | 0.000892683 |
|    clip_fraction        | 0.0109      |
|    clip_range           | 0.2         |
|    entropy_loss         | -0.0898     |
|    explained_variance   | 0.693       |
|    learning_rate        | 0.0003      |
|    loss                 | 4           |
|    n_updates            | 2210        |
|    policy_gradient_loss | -0.00668    |
|    value_loss           | 10.2        |
-----------------------------------------
-------------------------------------------
| rollout/                |               |
|    ep_len_mean          | 28.7          |
|    ep_rew_mean          | 16.2          |
| time/                   |               |
|    fps                  | 305           |
|    iterations           | 444           |
|    time_elapsed         | 745           |
|    total_timesteps      | 227328        |
| train/                  |               |
|    approx_kl            | 0.00042045518 |
|    clip_fraction        | 0.00664       |
|    clip_range           | 0.2           |
|    entropy_loss         | -0.0651       |
|    explained_variance   | 0.846         |
|    learning_rate        | 0.0003        |
|    loss                 | 3.32          |
|    n_updates            | 2215          |
|    policy_gradient_loss | -0.00332      |
|    value_loss           | 5.93          |
-------------------------------------------
-------------------------------------------
| rollout/                |               |
|    ep_len_mean          | 29.1          |
|    ep_rew_mean          | 17.2          |
| time/                   |               |
|    fps                  | 305           |
|    iterations           | 445           |
|    time_elapsed         | 746           |
|    total_timesteps      | 227840        |
| train/                  |               |
|    approx_kl            | 0.00031564478 |
|    clip_fraction        | 0.00195       |
|    clip_range           | 0.2           |
|    entropy_loss         | -0.0697       |
|    explained_variance   | 0.807         |
|    learning_rate        | 0.0003        |
|    loss                 | 3.93          |
|    n_updates            | 2220          |
|    policy_gradient_loss | -0.0028       |
|    value_loss           | 8.89          |
-------------------------------------------
------------------------------------------
| rollout/                |              |
|    ep_len_mean          | 27.2         |
|    ep_rew_mean          | 16           |
| time/                   |              |
|    fps                  | 305          |
|    iterations           | 446          |
|    time_elapsed         | 748          |
|    total_timesteps      | 228352       |
| train/                  |              |
|    approx_kl            | 0.0003056295 |
|    clip_fraction        | 0.00547      |
|    clip_range           | 0.2          |
|    entropy_loss         | -0.0353      |
|    explained_variance   | 0.93         |
|    learning_rate        | 0.0003       |
|    loss                 | 1.59         |
|    n_updates            | 2225         |
|    policy_gradient_loss | -0.00361     |
|    value_loss           | 4.72         |
------------------------------------------
-------------------------------------------
| rollout/                |               |
|    ep_len_mean          | 27.8          |
|    ep_rew_mean          | 16.7          |
| time/                   |               |
|    fps                  | 305           |
|    iterations           | 447           |
|    time_elapsed         | 749           |
|    total_timesteps      | 228864        |
| train/                  |               |
|    approx_kl            | 0.00016825227 |
|    clip_fraction        | 0.00352       |
|    clip_range           | 0.2           |
|    entropy_loss         | -0.0518       |
|    explained_variance   | 0.866         |
|    learning_rate        | 0.0003        |
|    loss                 | 2.74          |
|    n_updates            | 2230          |
|    policy_gradient_loss | -0.00424      |
|    value_loss           | 5.47          |
-------------------------------------------
-------------------------------------------
| rollout/                |               |
|    ep_len_mean          | 27.9          |
|    ep_rew_mean          | 17            |
| time/                   |               |
|    fps                  | 305           |
|    iterations           | 448           |
|    time_elapsed         | 751           |
|    total_timesteps      | 229376        |
| train/                  |               |
|    approx_kl            | 0.00010228285 |
|    clip_fraction        | 0.000781      |
|    clip_range           | 0.2           |
|    entropy_loss         | -0.0473       |
|    explained_variance   | 0.84          |
|    learning_rate        | 0.0003        |
|    loss                 | 2.61          |
|    n_updates            | 2235          |
|    policy_gradient_loss | -0.00227      |
|    value_loss           | 5.03          |
-------------------------------------------
------------------------------------------
| rollout/                |              |
|    ep_len_mean          | 27.7         |
|    ep_rew_mean          | 16.6         |
| time/                   |              |
|    fps                  | 305          |
|    iterations           | 449          |
|    time_elapsed         | 752          |
|    total_timesteps      | 229888       |
| train/                  |              |
|    approx_kl            | 0.0002343785 |
|    clip_fraction        | 0.00313      |
|    clip_range           | 0.2          |
|    entropy_loss         | -0.0375      |
|    explained_variance   | 0.86         |
|    learning_rate        | 0.0003       |
|    loss                 | 3.46         |
|    n_updates            | 2240         |
|    policy_gradient_loss | -0.00389     |
|    value_loss           | 7.11         |
------------------------------------------
-------------------------------------------
| rollout/                |               |
|    ep_len_mean          | 28.6          |
|    ep_rew_mean          | 16.8          |
| time/                   |               |
|    fps                  | 305           |
|    iterations           | 450           |
|    time_elapsed         | 754           |
|    total_timesteps      | 230400        |
| train/                  |               |
|    approx_kl            | 0.00023457198 |
|    clip_fraction        | 0.00234       |
|    clip_range           | 0.2           |
|    entropy_loss         | -0.0511       |
|    explained_variance   | 0.89          |
|    learning_rate        | 0.0003        |
|    loss                 | 1.53          |
|    n_updates            | 2245          |
|    policy_gradient_loss | -0.000946     |
|    value_loss           | 3.32          |
-------------------------------------------
-------------------------------------------
| rollout/                |               |
|    ep_len_mean          | 29.4          |
|    ep_rew_mean          | 16.3          |
| time/                   |               |
|    fps                  | 305           |
|    iterations           | 451           |
|    time_elapsed         | 756           |
|    total_timesteps      | 230912        |
| train/                  |               |
|    approx_kl            | 0.00016581442 |
|    clip_fraction        | 0.00508       |
|    clip_range           | 0.2           |
|    entropy_loss         | -0.028        |
|    explained_variance   | 0.844         |
|    learning_rate        | 0.0003        |
|    loss                 | 1.65          |
|    n_updates            | 2250          |
|    policy_gradient_loss | -0.00313      |
|    value_loss           | 5.24          |
-------------------------------------------
-------------------------------------------
| rollout/                |               |
|    ep_len_mean          | 31.1          |
|    ep_rew_mean          | 17.3          |
| time/                   |               |
|    fps                  | 305           |
|    iterations           | 452           |
|    time_elapsed         | 757           |
|    total_timesteps      | 231424        |
| train/                  |               |
|    approx_kl            | 0.00018299185 |
|    clip_fraction        | 0.00273       |
|    clip_range           | 0.2           |
|    entropy_loss         | -0.0241       |
|    explained_variance   | 0.714         |
|    learning_rate        | 0.0003        |
|    loss                 | 1.8           |
|    n_updates            | 2255          |
|    policy_gradient_loss | -0.00266      |
|    value_loss           | 5.73          |
-------------------------------------------
-------------------------------------------
| rollout/                |               |
|    ep_len_mean          | 32.4          |
|    ep_rew_mean          | 18.6          |
| time/                   |               |
|    fps                  | 305           |
|    iterations           | 453           |
|    time_elapsed         | 759           |
|    total_timesteps      | 231936        |
| train/                  |               |
|    approx_kl            | 1.4969846e-06 |
|    clip_fraction        | 0             |
|    clip_range           | 0.2           |
|    entropy_loss         | -0.0172       |
|    explained_variance   | 0.9           |
|    learning_rate        | 0.0003        |
|    loss                 | 1.52          |
|    n_updates            | 2260          |
|    policy_gradient_loss | -1.6e-05      |
|    value_loss           | 3.65          |
-------------------------------------------
------------------------------------------
| rollout/                |              |
|    ep_len_mean          | 32.1         |
|    ep_rew_mean          | 17.5         |
| time/                   |              |
|    fps                  | 305          |
|    iterations           | 454          |
|    time_elapsed         | 760          |
|    total_timesteps      | 232448       |
| train/                  |              |
|    approx_kl            | 0.0003163669 |
|    clip_fraction        | 0.00195      |
|    clip_range           | 0.2          |
|    entropy_loss         | -0.0225      |
|    explained_variance   | 0.874        |
|    learning_rate        | 0.0003       |
|    loss                 | 4.29         |
|    n_updates            | 2265         |
|    policy_gradient_loss | 0.000386     |
|    value_loss           | 9.64         |
------------------------------------------
-----------------------------------------
| rollout/                |             |
|    ep_len_mean          | 31.8        |
|    ep_rew_mean          | 17.8        |
| time/                   |             |
|    fps                  | 305         |
|    iterations           | 455         |
|    time_elapsed         | 762         |
|    total_timesteps      | 232960      |
| train/                  |             |
|    approx_kl            | 0.005446207 |
|    clip_fraction        | 0.0121      |
|    clip_range           | 0.2         |
|    entropy_loss         | -0.0773     |
|    explained_variance   | 0.805       |
|    learning_rate        | 0.0003      |
|    loss                 | 5.46        |
|    n_updates            | 2270        |
|    policy_gradient_loss | 0.000941    |
|    value_loss           | 14.6        |
-----------------------------------------
------------------------------------------
| rollout/                |              |
|    ep_len_mean          | 29.6         |
|    ep_rew_mean          | 16.6         |
| time/                   |              |
|    fps                  | 305          |
|    iterations           | 456          |
|    time_elapsed         | 763          |
|    total_timesteps      | 233472       |
| train/                  |              |
|    approx_kl            | 0.0028490047 |
|    clip_fraction        | 0.0113       |
|    clip_range           | 0.2          |
|    entropy_loss         | -0.0824      |
|    explained_variance   | 0.915        |
|    learning_rate        | 0.0003       |
|    loss                 | 1.34         |
|    n_updates            | 2275         |
|    policy_gradient_loss | 0.00358      |
|    value_loss           | 4.3          |
------------------------------------------
------------------------------------------
| rollout/                |              |
|    ep_len_mean          | 28.5         |
|    ep_rew_mean          | 16.7         |
| time/                   |              |
|    fps                  | 305          |
|    iterations           | 457          |
|    time_elapsed         | 765          |
|    total_timesteps      | 233984       |
| train/                  |              |
|    approx_kl            | 0.0005518415 |
|    clip_fraction        | 0.00977      |
|    clip_range           | 0.2          |
|    entropy_loss         | -0.0767      |
|    explained_variance   | 0.582        |
|    learning_rate        | 0.0003       |
|    loss                 | 5.67         |
|    n_updates            | 2280         |
|    policy_gradient_loss | -0.00524     |
|    value_loss           | 9.86         |
------------------------------------------
------------------------------------------
| rollout/                |              |
|    ep_len_mean          | 26.8         |
|    ep_rew_mean          | 14.9         |
| time/                   |              |
|    fps                  | 305          |
|    iterations           | 458          |
|    time_elapsed         | 767          |
|    total_timesteps      | 234496       |
| train/                  |              |
|    approx_kl            | 0.0005114784 |
|    clip_fraction        | 0.0105       |
|    clip_range           | 0.2          |
|    entropy_loss         | -0.0603      |
|    explained_variance   | 0.87         |
|    learning_rate        | 0.0003       |
|    loss                 | 4.03         |
|    n_updates            | 2285         |
|    policy_gradient_loss | -0.00627     |
|    value_loss           | 6            |
------------------------------------------
-------------------------------------------
| rollout/                |               |
|    ep_len_mean          | 26.8          |
|    ep_rew_mean          | 14.7          |
| time/                   |               |
|    fps                  | 305           |
|    iterations           | 459           |
|    time_elapsed         | 768           |
|    total_timesteps      | 235008        |
| train/                  |               |
|    approx_kl            | 0.00097133336 |
|    clip_fraction        | 0.00977       |
|    clip_range           | 0.2           |
|    entropy_loss         | -0.0537       |
|    explained_variance   | 0.86          |
|    learning_rate        | 0.0003        |
|    loss                 | 1.71          |
|    n_updates            | 2290          |
|    policy_gradient_loss | -0.00537      |
|    value_loss           | 3.4           |
-------------------------------------------
-------------------------------------------
| rollout/                |               |
|    ep_len_mean          | 27.6          |
|    ep_rew_mean          | 15.4          |
| time/                   |               |
|    fps                  | 305           |
|    iterations           | 460           |
|    time_elapsed         | 770           |
|    total_timesteps      | 235520        |
| train/                  |               |
|    approx_kl            | 0.00024051685 |
|    clip_fraction        | 0.0043        |
|    clip_range           | 0.2           |
|    entropy_loss         | -0.0667       |
|    explained_variance   | 0.77          |
|    learning_rate        | 0.0003        |
|    loss                 | 1.88          |
|    n_updates            | 2295          |
|    policy_gradient_loss | -0.00326      |
|    value_loss           | 5.58          |
-------------------------------------------
-------------------------------------------
| rollout/                |               |
|    ep_len_mean          | 28.9          |
|    ep_rew_mean          | 16.2          |
| time/                   |               |
|    fps                  | 305           |
|    iterations           | 461           |
|    time_elapsed         | 772           |
|    total_timesteps      | 236032        |
| train/                  |               |
|    approx_kl            | 3.9156177e-05 |
|    clip_fraction        | 0.00469       |
|    clip_range           | 0.2           |
|    entropy_loss         | -0.0493       |
|    explained_variance   | 0.809         |
|    learning_rate        | 0.0003        |
|    loss                 | 3.94          |
|    n_updates            | 2300          |
|    policy_gradient_loss | -0.00289      |
|    value_loss           | 7.48          |
-------------------------------------------
------------------------------------------
| rollout/                |              |
|    ep_len_mean          | 30.5         |
|    ep_rew_mean          | 17.6         |
| time/                   |              |
|    fps                  | 305          |
|    iterations           | 462          |
|    time_elapsed         | 773          |
|    total_timesteps      | 236544       |
| train/                  |              |
|    approx_kl            | 0.0002813586 |
|    clip_fraction        | 0.00547      |
|    clip_range           | 0.2          |
|    entropy_loss         | -0.0623      |
|    explained_variance   | 0.844        |
|    learning_rate        | 0.0003       |
|    loss                 | 1.43         |
|    n_updates            | 2305         |
|    policy_gradient_loss | -0.00136     |
|    value_loss           | 4.63         |
------------------------------------------
-------------------------------------------
| rollout/                |               |
|    ep_len_mean          | 31.5          |
|    ep_rew_mean          | 17.9          |
| time/                   |               |
|    fps                  | 305           |
|    iterations           | 463           |
|    time_elapsed         | 775           |
|    total_timesteps      | 237056        |
| train/                  |               |
|    approx_kl            | 0.00035078102 |
|    clip_fraction        | 0.00352       |
|    clip_range           | 0.2           |
|    entropy_loss         | -0.0511       |
|    explained_variance   | 0.753         |
|    learning_rate        | 0.0003        |
|    loss                 | 5.21          |
|    n_updates            | 2310          |
|    policy_gradient_loss | -0.00186      |
|    value_loss           | 13            |
-------------------------------------------
-------------------------------------------
| rollout/                |               |
|    ep_len_mean          | 33.2          |
|    ep_rew_mean          | 19            |
| time/                   |               |
|    fps                  | 305           |
|    iterations           | 464           |
|    time_elapsed         | 776           |
|    total_timesteps      | 237568        |
| train/                  |               |
|    approx_kl            | 0.00032095762 |
|    clip_fraction        | 0.00469       |
|    clip_range           | 0.2           |
|    entropy_loss         | -0.0464       |
|    explained_variance   | 0.844         |
|    learning_rate        | 0.0003        |
|    loss                 | 4.1           |
|    n_updates            | 2315          |
|    policy_gradient_loss | -0.00269      |
|    value_loss           | 8.7           |
-------------------------------------------
-------------------------------------------
| rollout/                |               |
|    ep_len_mean          | 34.2          |
|    ep_rew_mean          | 19.6          |
| time/                   |               |
|    fps                  | 305           |
|    iterations           | 465           |
|    time_elapsed         | 778           |
|    total_timesteps      | 238080        |
| train/                  |               |
|    approx_kl            | 0.00045321707 |
|    clip_fraction        | 0.00508       |
|    clip_range           | 0.2           |
|    entropy_loss         | -0.0361       |
|    explained_variance   | 0.895         |
|    learning_rate        | 0.0003        |
|    loss                 | 2.16          |
|    n_updates            | 2320          |
|    policy_gradient_loss | -0.0023       |
|    value_loss           | 4.23          |
-------------------------------------------
-----------------------------------------
| rollout/                |             |
|    ep_len_mean          | 34          |
|    ep_rew_mean          | 19.4        |
| time/                   |             |
|    fps                  | 305         |
|    iterations           | 466         |
|    time_elapsed         | 779         |
|    total_timesteps      | 238592      |
| train/                  |             |
|    approx_kl            | 0.000379052 |
|    clip_fraction        | 0.00625     |
|    clip_range           | 0.2         |
|    entropy_loss         | -0.0343     |
|    explained_variance   | 0.814       |
|    learning_rate        | 0.0003      |
|    loss                 | 1.77        |
|    n_updates            | 2325        |
|    policy_gradient_loss | -0.00346    |
|    value_loss           | 5.56        |
-----------------------------------------
-------------------------------------------
| rollout/                |               |
|    ep_len_mean          | 34.4          |
|    ep_rew_mean          | 19.4          |
| time/                   |               |
|    fps                  | 305           |
|    iterations           | 467           |
|    time_elapsed         | 781           |
|    total_timesteps      | 239104        |
| train/                  |               |
|    approx_kl            | 0.00047880865 |
|    clip_fraction        | 0.0043        |
|    clip_range           | 0.2           |
|    entropy_loss         | -0.0429       |
|    explained_variance   | 0.751         |
|    learning_rate        | 0.0003        |
|    loss                 | 2.92          |
|    n_updates            | 2330          |
|    policy_gradient_loss | -0.00318      |
|    value_loss           | 6.72          |
-------------------------------------------
-------------------------------------------
| rollout/                |               |
|    ep_len_mean          | 35.5          |
|    ep_rew_mean          | 19.8          |
| time/                   |               |
|    fps                  | 306           |
|    iterations           | 468           |
|    time_elapsed         | 783           |
|    total_timesteps      | 239616        |
| train/                  |               |
|    approx_kl            | 0.00026212796 |
|    clip_fraction        | 0.00117       |
|    clip_range           | 0.2           |
|    entropy_loss         | -0.027        |
|    explained_variance   | 0.808         |
|    learning_rate        | 0.0003        |
|    loss                 | 1.89          |
|    n_updates            | 2335          |
|    policy_gradient_loss | -0.000815     |
|    value_loss           | 6.71          |
-------------------------------------------
-----------------------------------------
| rollout/                |             |
|    ep_len_mean          | 34.9        |
|    ep_rew_mean          | 19          |
| time/                   |             |
|    fps                  | 306         |
|    iterations           | 469         |
|    time_elapsed         | 784         |
|    total_timesteps      | 240128      |
| train/                  |             |
|    approx_kl            | 4.51901e-06 |
|    clip_fraction        | 0           |
|    clip_range           | 0.2         |
|    entropy_loss         | -0.0204     |
|    explained_variance   | 0.904       |
|    learning_rate        | 0.0003      |
|    loss                 | 1.25        |
|    n_updates            | 2340        |
|    policy_gradient_loss | 0.000353    |
|    value_loss           | 2.86        |
-----------------------------------------
-------------------------------------------
| rollout/                |               |
|    ep_len_mean          | 35.8          |
|    ep_rew_mean          | 19.3          |
| time/                   |               |
|    fps                  | 306           |
|    iterations           | 470           |
|    time_elapsed         | 786           |
|    total_timesteps      | 240640        |
| train/                  |               |
|    approx_kl            | 0.00031720253 |
|    clip_fraction        | 0.00352       |
|    clip_range           | 0.2           |
|    entropy_loss         | -0.0144       |
|    explained_variance   | 0.745         |
|    learning_rate        | 0.0003        |
|    loss                 | 1.69          |
|    n_updates            | 2345          |
|    policy_gradient_loss | -0.00298      |
|    value_loss           | 6.57          |
-------------------------------------------
-------------------------------------------
| rollout/                |               |
|    ep_len_mean          | 34.9          |
|    ep_rew_mean          | 18.6          |
| time/                   |               |
|    fps                  | 306           |
|    iterations           | 471           |
|    time_elapsed         | 787           |
|    total_timesteps      | 241152        |
| train/                  |               |
|    approx_kl            | 0.00018426019 |
|    clip_fraction        | 0             |
|    clip_range           | 0.2           |
|    entropy_loss         | -0.0362       |
|    explained_variance   | 0.879         |
|    learning_rate        | 0.0003        |
|    loss                 | 1.42          |
|    n_updates            | 2350          |
|    policy_gradient_loss | -0.000706     |
|    value_loss           | 2.71          |
-------------------------------------------
------------------------------------------
| rollout/                |              |
|    ep_len_mean          | 34.2         |
|    ep_rew_mean          | 18.4         |
| time/                   |              |
|    fps                  | 306          |
|    iterations           | 472          |
|    time_elapsed         | 789          |
|    total_timesteps      | 241664       |
| train/                  |              |
|    approx_kl            | 0.0007982957 |
|    clip_fraction        | 0.0105       |
|    clip_range           | 0.2          |
|    entropy_loss         | -0.0935      |
|    explained_variance   | 0.825        |
|    learning_rate        | 0.0003       |
|    loss                 | 2.95         |
|    n_updates            | 2355         |
|    policy_gradient_loss | 0.018        |
|    value_loss           | 5.97         |
------------------------------------------
------------------------------------------
| rollout/                |              |
|    ep_len_mean          | 34           |
|    ep_rew_mean          | 18.5         |
| time/                   |              |
|    fps                  | 306          |
|    iterations           | 473          |
|    time_elapsed         | 790          |
|    total_timesteps      | 242176       |
| train/                  |              |
|    approx_kl            | 0.0012120196 |
|    clip_fraction        | 0.0152       |
|    clip_range           | 0.2          |
|    entropy_loss         | -0.0484      |
|    explained_variance   | 0.715        |
|    learning_rate        | 0.0003       |
|    loss                 | 5.56         |
|    n_updates            | 2360         |
|    policy_gradient_loss | -0.00786     |
|    value_loss           | 9.85         |
------------------------------------------
-------------------------------------------
| rollout/                |               |
|    ep_len_mean          | 34.6          |
|    ep_rew_mean          | 18.4          |
| time/                   |               |
|    fps                  | 306           |
|    iterations           | 474           |
|    time_elapsed         | 792           |
|    total_timesteps      | 242688        |
| train/                  |               |
|    approx_kl            | 0.00023856561 |
|    clip_fraction        | 0.00195       |
|    clip_range           | 0.2           |
|    entropy_loss         | -0.05         |
|    explained_variance   | 0.846         |
|    learning_rate        | 0.0003        |
|    loss                 | 2.81          |
|    n_updates            | 2365          |
|    policy_gradient_loss | -0.00233      |
|    value_loss           | 5.33          |
-------------------------------------------
-------------------------------------------
| rollout/                |               |
|    ep_len_mean          | 33.2          |
|    ep_rew_mean          | 17.6          |
| time/                   |               |
|    fps                  | 306           |
|    iterations           | 475           |
|    time_elapsed         | 794           |
|    total_timesteps      | 243200        |
| train/                  |               |
|    approx_kl            | 0.00027191825 |
|    clip_fraction        | 0.00469       |
|    clip_range           | 0.2           |
|    entropy_loss         | -0.0411       |
|    explained_variance   | 0.801         |
|    learning_rate        | 0.0003        |
|    loss                 | 3.56          |
|    n_updates            | 2370          |
|    policy_gradient_loss | -0.00364      |
|    value_loss           | 5.41          |
-------------------------------------------
-----------------------------------------
| rollout/                |             |
|    ep_len_mean          | 31.8        |
|    ep_rew_mean          | 17.2        |
| time/                   |             |
|    fps                  | 306         |
|    iterations           | 476         |
|    time_elapsed         | 795         |
|    total_timesteps      | 243712      |
| train/                  |             |
|    approx_kl            | 0.018354401 |
|    clip_fraction        | 0.0285      |
|    clip_range           | 0.2         |
|    entropy_loss         | -0.0882     |
|    explained_variance   | 0.823       |
|    learning_rate        | 0.0003      |
|    loss                 | 2.88        |
|    n_updates            | 2375        |
|    policy_gradient_loss | -0.00893    |
|    value_loss           | 8.06        |
-----------------------------------------
------------------------------------------
| rollout/                |              |
|    ep_len_mean          | 30.9         |
|    ep_rew_mean          | 17           |
| time/                   |              |
|    fps                  | 306          |
|    iterations           | 477          |
|    time_elapsed         | 797          |
|    total_timesteps      | 244224       |
| train/                  |              |
|    approx_kl            | 0.0008572916 |
|    clip_fraction        | 0.00664      |
|    clip_range           | 0.2          |
|    entropy_loss         | -0.0912      |
|    explained_variance   | 0.844        |
|    learning_rate        | 0.0003       |
|    loss                 | 4.03         |
|    n_updates            | 2380         |
|    policy_gradient_loss | -0.0034      |
|    value_loss           | 7.69         |
------------------------------------------
-------------------------------------------
| rollout/                |               |
|    ep_len_mean          | 29.7          |
|    ep_rew_mean          | 16.4          |
| time/                   |               |
|    fps                  | 306           |
|    iterations           | 478           |
|    time_elapsed         | 798           |
|    total_timesteps      | 244736        |
| train/                  |               |
|    approx_kl            | 0.00024163804 |
|    clip_fraction        | 0             |
|    clip_range           | 0.2           |
|    entropy_loss         | -0.09         |
|    explained_variance   | 0.853         |
|    learning_rate        | 0.0003        |
|    loss                 | 3.07          |
|    n_updates            | 2385          |
|    policy_gradient_loss | -0.000495     |
|    value_loss           | 6.63          |
-------------------------------------------
------------------------------------------
| rollout/                |              |
|    ep_len_mean          | 28.1         |
|    ep_rew_mean          | 15.4         |
| time/                   |              |
|    fps                  | 306          |
|    iterations           | 479          |
|    time_elapsed         | 800          |
|    total_timesteps      | 245248       |
| train/                  |              |
|    approx_kl            | 0.0007588109 |
|    clip_fraction        | 0.0117       |
|    clip_range           | 0.2          |
|    entropy_loss         | -0.0668      |
|    explained_variance   | 0.835        |
|    learning_rate        | 0.0003       |
|    loss                 | 3.96         |
|    n_updates            | 2390         |
|    policy_gradient_loss | -0.00602     |
|    value_loss           | 6.11         |
------------------------------------------
-------------------------------------------
| rollout/                |               |
|    ep_len_mean          | 28.3          |
|    ep_rew_mean          | 15.3          |
| time/                   |               |
|    fps                  | 306           |
|    iterations           | 480           |
|    time_elapsed         | 801           |
|    total_timesteps      | 245760        |
| train/                  |               |
|    approx_kl            | 0.00030909793 |
|    clip_fraction        | 0.00234       |
|    clip_range           | 0.2           |
|    entropy_loss         | -0.0878       |
|    explained_variance   | 0.855         |
|    learning_rate        | 0.0003        |
|    loss                 | 1.31          |
|    n_updates            | 2395          |
|    policy_gradient_loss | -0.00415      |
|    value_loss           | 3.49          |
-------------------------------------------
-----------------------------------------
| rollout/                |             |
|    ep_len_mean          | 30          |
|    ep_rew_mean          | 16.9        |
| time/                   |             |
|    fps                  | 306         |
|    iterations           | 481         |
|    time_elapsed         | 803         |
|    total_timesteps      | 246272      |
| train/                  |             |
|    approx_kl            | 0.001759452 |
|    clip_fraction        | 0.00195     |
|    clip_range           | 0.2         |
|    entropy_loss         | -0.0759     |
|    explained_variance   | 0.754       |
|    learning_rate        | 0.0003      |
|    loss                 | 1.66        |
|    n_updates            | 2400        |
|    policy_gradient_loss | 0.00245     |
|    value_loss           | 5.15        |
-----------------------------------------
-------------------------------------------
| rollout/                |               |
|    ep_len_mean          | 29.2          |
|    ep_rew_mean          | 16.2          |
| time/                   |               |
|    fps                  | 306           |
|    iterations           | 482           |
|    time_elapsed         | 804           |
|    total_timesteps      | 246784        |
| train/                  |               |
|    approx_kl            | 0.00032919028 |
|    clip_fraction        | 0.00195       |
|    clip_range           | 0.2           |
|    entropy_loss         | -0.0695       |
|    explained_variance   | 0.85          |
|    learning_rate        | 0.0003        |
|    loss                 | 4.05          |
|    n_updates            | 2405          |
|    policy_gradient_loss | -0.00193      |
|    value_loss           | 7.68          |
-------------------------------------------
------------------------------------------
| rollout/                |              |
|    ep_len_mean          | 29.6         |
|    ep_rew_mean          | 16.7         |
| time/                   |              |
|    fps                  | 306          |
|    iterations           | 483          |
|    time_elapsed         | 806          |
|    total_timesteps      | 247296       |
| train/                  |              |
|    approx_kl            | 0.0003296265 |
|    clip_fraction        | 0.00234      |
|    clip_range           | 0.2          |
|    entropy_loss         | -0.0868      |
|    explained_variance   | 0.758        |
|    learning_rate        | 0.0003       |
|    loss                 | 4.66         |
|    n_updates            | 2410         |
|    policy_gradient_loss | -0.0039      |
|    value_loss           | 8.72         |
------------------------------------------
-------------------------------------------
| rollout/                |               |
|    ep_len_mean          | 31.1          |
|    ep_rew_mean          | 18            |
| time/                   |               |
|    fps                  | 306           |
|    iterations           | 484           |
|    time_elapsed         | 808           |
|    total_timesteps      | 247808        |
| train/                  |               |
|    approx_kl            | 0.00015487452 |
|    clip_fraction        | 0.00469       |
|    clip_range           | 0.2           |
|    entropy_loss         | -0.0577       |
|    explained_variance   | 0.784         |
|    learning_rate        | 0.0003        |
|    loss                 | 6.29          |
|    n_updates            | 2415          |
|    policy_gradient_loss | -0.0033       |
|    value_loss           | 9.39          |
-------------------------------------------
-------------------------------------------
| rollout/                |               |
|    ep_len_mean          | 32.7          |
|    ep_rew_mean          | 18.8          |
| time/                   |               |
|    fps                  | 306           |
|    iterations           | 485           |
|    time_elapsed         | 809           |
|    total_timesteps      | 248320        |
| train/                  |               |
|    approx_kl            | 2.6208698e-05 |
|    clip_fraction        | 0             |
|    clip_range           | 0.2           |
|    entropy_loss         | -0.0452       |
|    explained_variance   | 0.911         |
|    learning_rate        | 0.0003        |
|    loss                 | 1.34          |
|    n_updates            | 2420          |
|    policy_gradient_loss | -1.7e-05      |
|    value_loss           | 4.86          |
-------------------------------------------
------------------------------------------
| rollout/                |              |
|    ep_len_mean          | 32.7         |
|    ep_rew_mean          | 19.1         |
| time/                   |              |
|    fps                  | 306          |
|    iterations           | 486          |
|    time_elapsed         | 811          |
|    total_timesteps      | 248832       |
| train/                  |              |
|    approx_kl            | 9.434181e-06 |
|    clip_fraction        | 0            |
|    clip_range           | 0.2          |
|    entropy_loss         | -0.0797      |
|    explained_variance   | 0.751        |
|    learning_rate        | 0.0003       |
|    loss                 | 3.88         |
|    n_updates            | 2425         |
|    policy_gradient_loss | 0.00124      |
|    value_loss           | 9.57         |
------------------------------------------
-------------------------------------------
| rollout/                |               |
|    ep_len_mean          | 32.8          |
|    ep_rew_mean          | 19.2          |
| time/                   |               |
|    fps                  | 306           |
|    iterations           | 487           |
|    time_elapsed         | 812           |
|    total_timesteps      | 249344        |
| train/                  |               |
|    approx_kl            | 0.00048256712 |
|    clip_fraction        | 0.00547       |
|    clip_range           | 0.2           |
|    entropy_loss         | -0.0541       |
|    explained_variance   | 0.778         |
|    learning_rate        | 0.0003        |
|    loss                 | 4.69          |
|    n_updates            | 2430          |
|    policy_gradient_loss | -0.00307      |
|    value_loss           | 7.99          |
-------------------------------------------
-------------------------------------------
| rollout/                |               |
|    ep_len_mean          | 33.6          |
|    ep_rew_mean          | 19.7          |
| time/                   |               |
|    fps                  | 306           |
|    iterations           | 488           |
|    time_elapsed         | 814           |
|    total_timesteps      | 249856        |
| train/                  |               |
|    approx_kl            | 9.0354355e-05 |
|    clip_fraction        | 0.00313       |
|    clip_range           | 0.2           |
|    entropy_loss         | -0.0521       |
|    explained_variance   | 0.917         |
|    learning_rate        | 0.0003        |
|    loss                 | 2.64          |
|    n_updates            | 2435          |
|    policy_gradient_loss | 0.00108       |
|    value_loss           | 3.42          |
-------------------------------------------
-------------------------------------------
| rollout/                |               |
|    ep_len_mean          | 34.4          |
|    ep_rew_mean          | 20.5          |
| time/                   |               |
|    fps                  | 306           |
|    iterations           | 489           |
|    time_elapsed         | 815           |
|    total_timesteps      | 250368        |
| train/                  |               |
|    approx_kl            | 0.00019300508 |
|    clip_fraction        | 0.00117       |
|    clip_range           | 0.2           |
|    entropy_loss         | -0.0538       |
|    explained_variance   | 0.861         |
|    learning_rate        | 0.0003        |
|    loss                 | 3.27          |
|    n_updates            | 2440          |
|    policy_gradient_loss | -0.00243      |
|    value_loss           | 4.82          |
-------------------------------------------
------------------------------------------
| rollout/                |              |
|    ep_len_mean          | 34.4         |
|    ep_rew_mean          | 19.7         |
| time/                   |              |
|    fps                  | 306          |
|    iterations           | 490          |
|    time_elapsed         | 817          |
|    total_timesteps      | 250880       |
| train/                  |              |
|    approx_kl            | 0.0011480869 |
|    clip_fraction        | 0.0082       |
|    clip_range           | 0.2          |
|    entropy_loss         | -0.0329      |
|    explained_variance   | 0.828        |
|    learning_rate        | 0.0003       |
|    loss                 | 3.77         |
|    n_updates            | 2445         |
|    policy_gradient_loss | -0.00368     |
|    value_loss           | 8.2          |
------------------------------------------
-----------------------------------------
| rollout/                |             |
|    ep_len_mean          | 32          |
|    ep_rew_mean          | 18.2        |
| time/                   |             |
|    fps                  | 306         |
|    iterations           | 491         |
|    time_elapsed         | 819         |
|    total_timesteps      | 251392      |
| train/                  |             |
|    approx_kl            | 0.000122517 |
|    clip_fraction        | 0.000781    |
|    clip_range           | 0.2         |
|    entropy_loss         | -0.0547     |
|    explained_variance   | 0.855       |
|    learning_rate        | 0.0003      |
|    loss                 | 1.42        |
|    n_updates            | 2450        |
|    policy_gradient_loss | 0.00151     |
|    value_loss           | 2.84        |
-----------------------------------------
-------------------------------------------
| rollout/                |               |
|    ep_len_mean          | 31.7          |
|    ep_rew_mean          | 17.5          |
| time/                   |               |
|    fps                  | 306           |
|    iterations           | 492           |
|    time_elapsed         | 820           |
|    total_timesteps      | 251904        |
| train/                  |               |
|    approx_kl            | 7.4513606e-05 |
|    clip_fraction        | 0.00391       |
|    clip_range           | 0.2           |
|    entropy_loss         | -0.0392       |
|    explained_variance   | 0.86          |
|    learning_rate        | 0.0003        |
|    loss                 | 2.19          |
|    n_updates            | 2455          |
|    policy_gradient_loss | -0.00377      |
|    value_loss           | 4.37          |
-------------------------------------------
-------------------------------------------
| rollout/                |               |
|    ep_len_mean          | 32.7          |
|    ep_rew_mean          | 17.8          |
| time/                   |               |
|    fps                  | 307           |
|    iterations           | 493           |
|    time_elapsed         | 822           |
|    total_timesteps      | 252416        |
| train/                  |               |
|    approx_kl            | 9.8170014e-05 |
|    clip_fraction        | 0.00313       |
|    clip_range           | 0.2           |
|    entropy_loss         | -0.0554       |
|    explained_variance   | 0.718         |
|    learning_rate        | 0.0003        |
|    loss                 | 4.92          |
|    n_updates            | 2460          |
|    policy_gradient_loss | -0.00306      |
|    value_loss           | 9.87          |
-------------------------------------------
------------------------------------------
| rollout/                |              |
|    ep_len_mean          | 32.2         |
|    ep_rew_mean          | 18.1         |
| time/                   |              |
|    fps                  | 307          |
|    iterations           | 494          |
|    time_elapsed         | 823          |
|    total_timesteps      | 252928       |
| train/                  |              |
|    approx_kl            | 5.839567e-05 |
|    clip_fraction        | 0.000781     |
|    clip_range           | 0.2          |
|    entropy_loss         | -0.0534      |
|    explained_variance   | 0.806        |
|    learning_rate        | 0.0003       |
|    loss                 | 1.04         |
|    n_updates            | 2465         |
|    policy_gradient_loss | -0.000275    |
|    value_loss           | 3.59         |
------------------------------------------
------------------------------------------
| rollout/                |              |
|    ep_len_mean          | 32.7         |
|    ep_rew_mean          | 18.4         |
| time/                   |              |
|    fps                  | 307          |
|    iterations           | 495          |
|    time_elapsed         | 825          |
|    total_timesteps      | 253440       |
| train/                  |              |
|    approx_kl            | 0.0003472512 |
|    clip_fraction        | 0.00273      |
|    clip_range           | 0.2          |
|    entropy_loss         | -0.0162      |
|    explained_variance   | 0.796        |
|    learning_rate        | 0.0003       |
|    loss                 | 7.64         |
|    n_updates            | 2470         |
|    policy_gradient_loss | -0.0014      |
|    value_loss           | 12.6         |
------------------------------------------
------------------------------------------
| rollout/                |              |
|    ep_len_mean          | 33.8         |
|    ep_rew_mean          | 18.8         |
| time/                   |              |
|    fps                  | 307          |
|    iterations           | 496          |
|    time_elapsed         | 826          |
|    total_timesteps      | 253952       |
| train/                  |              |
|    approx_kl            | 8.520205e-06 |
|    clip_fraction        | 0            |
|    clip_range           | 0.2          |
|    entropy_loss         | -0.0181      |
|    explained_variance   | 0.904        |
|    learning_rate        | 0.0003       |
|    loss                 | 2.48         |
|    n_updates            | 2475         |
|    policy_gradient_loss | -0.000411    |
|    value_loss           | 4.37         |
------------------------------------------
-------------------------------------------
| rollout/                |               |
|    ep_len_mean          | 33.4          |
|    ep_rew_mean          | 18.8          |
| time/                   |               |
|    fps                  | 307           |
|    iterations           | 497           |
|    time_elapsed         | 828           |
|    total_timesteps      | 254464        |
| train/                  |               |
|    approx_kl            | 0.00015086366 |
|    clip_fraction        | 0.000781      |
|    clip_range           | 0.2           |
|    entropy_loss         | -0.0397       |
|    explained_variance   | 0.833         |
|    learning_rate        | 0.0003        |
|    loss                 | 1.76          |
|    n_updates            | 2480          |
|    policy_gradient_loss | -0.000709     |
|    value_loss           | 5.42          |
-------------------------------------------
-------------------------------------------
| rollout/                |               |
|    ep_len_mean          | 34.4          |
|    ep_rew_mean          | 19.5          |
| time/                   |               |
|    fps                  | 307           |
|    iterations           | 498           |
|    time_elapsed         | 830           |
|    total_timesteps      | 254976        |
| train/                  |               |
|    approx_kl            | 0.00023322541 |
|    clip_fraction        | 0.000781      |
|    clip_range           | 0.2           |
|    entropy_loss         | -0.0213       |
|    explained_variance   | 0.892         |
|    learning_rate        | 0.0003        |
|    loss                 | 1.31          |
|    n_updates            | 2485          |
|    policy_gradient_loss | 0.000223      |
|    value_loss           | 3.44          |
-------------------------------------------
------------------------------------------
| rollout/                |              |
|    ep_len_mean          | 33.9         |
|    ep_rew_mean          | 20.2         |
| time/                   |              |
|    fps                  | 307          |
|    iterations           | 499          |
|    time_elapsed         | 831          |
|    total_timesteps      | 255488       |
| train/                  |              |
|    approx_kl            | 0.0012874468 |
|    clip_fraction        | 0.00508      |
|    clip_range           | 0.2          |
|    entropy_loss         | -0.0366      |
|    explained_variance   | 0.886        |
|    learning_rate        | 0.0003       |
|    loss                 | 1.44         |
|    n_updates            | 2490         |
|    policy_gradient_loss | 0.00208      |
|    value_loss           | 3.9          |
------------------------------------------
-------------------------------------------
| rollout/                |               |
|    ep_len_mean          | 34            |
|    ep_rew_mean          | 20.1          |
| time/                   |               |
|    fps                  | 307           |
|    iterations           | 500           |
|    time_elapsed         | 833           |
|    total_timesteps      | 256000        |
| train/                  |               |
|    approx_kl            | 0.00035051384 |
|    clip_fraction        | 0.00313       |
|    clip_range           | 0.2           |
|    entropy_loss         | -0.0313       |
|    explained_variance   | 0.887         |
|    learning_rate        | 0.0003        |
|    loss                 | 2.64          |
|    n_updates            | 2495          |
|    policy_gradient_loss | -0.000416     |
|    value_loss           | 6.06          |
-------------------------------------------
-------------------------------------------
| rollout/                |               |
|    ep_len_mean          | 35.3          |
|    ep_rew_mean          | 20.2          |
| time/                   |               |
|    fps                  | 307           |
|    iterations           | 501           |
|    time_elapsed         | 835           |
|    total_timesteps      | 256512        |
| train/                  |               |
|    approx_kl            | 9.3489885e-05 |
|    clip_fraction        | 0.00273       |
|    clip_range           | 0.2           |
|    entropy_loss         | -0.0511       |
|    explained_variance   | 0.796         |
|    learning_rate        | 0.0003        |
|    loss                 | 3.33          |
|    n_updates            | 2500          |
|    policy_gradient_loss | -0.00151      |
|    value_loss           | 5.36          |
-------------------------------------------
------------------------------------------
| rollout/                |              |
|    ep_len_mean          | 32.8         |
|    ep_rew_mean          | 18           |
| time/                   |              |
|    fps                  | 307          |
|    iterations           | 502          |
|    time_elapsed         | 836          |
|    total_timesteps      | 257024       |
| train/                  |              |
|    approx_kl            | 0.0006683963 |
|    clip_fraction        | 0.00156      |
|    clip_range           | 0.2          |
|    entropy_loss         | -0.0422      |
|    explained_variance   | 0.87         |
|    learning_rate        | 0.0003       |
|    loss                 | 2.65         |
|    n_updates            | 2505         |
|    policy_gradient_loss | -0.000808    |
|    value_loss           | 7.45         |
------------------------------------------
-------------------------------------------
| rollout/                |               |
|    ep_len_mean          | 30.4          |
|    ep_rew_mean          | 17.1          |
| time/                   |               |
|    fps                  | 307           |
|    iterations           | 503           |
|    time_elapsed         | 838           |
|    total_timesteps      | 257536        |
| train/                  |               |
|    approx_kl            | 0.00058278267 |
|    clip_fraction        | 0.0211        |
|    clip_range           | 0.2           |
|    entropy_loss         | -0.102        |
|    explained_variance   | 0.626         |
|    learning_rate        | 0.0003        |
|    loss                 | 7.49          |
|    n_updates            | 2510          |
|    policy_gradient_loss | 0.00911       |
|    value_loss           | 14.2          |
-------------------------------------------
------------------------------------------
| rollout/                |              |
|    ep_len_mean          | 30.5         |
|    ep_rew_mean          | 16.7         |
| time/                   |              |
|    fps                  | 307          |
|    iterations           | 504          |
|    time_elapsed         | 839          |
|    total_timesteps      | 258048       |
| train/                  |              |
|    approx_kl            | 0.0004964315 |
|    clip_fraction        | 0.0141       |
|    clip_range           | 0.2          |
|    entropy_loss         | -0.0369      |
|    explained_variance   | 0.732        |
|    learning_rate        | 0.0003       |
|    loss                 | 2.73         |
|    n_updates            | 2515         |
|    policy_gradient_loss | -0.00587     |
|    value_loss           | 7.24         |
------------------------------------------
-------------------------------------------
| rollout/                |               |
|    ep_len_mean          | 31            |
|    ep_rew_mean          | 16.9          |
| time/                   |               |
|    fps                  | 307           |
|    iterations           | 505           |
|    time_elapsed         | 841           |
|    total_timesteps      | 258560        |
| train/                  |               |
|    approx_kl            | 0.00018019415 |
|    clip_fraction        | 0.00273       |
|    clip_range           | 0.2           |
|    entropy_loss         | -0.0459       |
|    explained_variance   | 0.791         |
|    learning_rate        | 0.0003        |
|    loss                 | 2.47          |
|    n_updates            | 2520          |
|    policy_gradient_loss | -0.00207      |
|    value_loss           | 4.96          |
-------------------------------------------
-------------------------------------------
| rollout/                |               |
|    ep_len_mean          | 30.6          |
|    ep_rew_mean          | 16.8          |
| time/                   |               |
|    fps                  | 307           |
|    iterations           | 506           |
|    time_elapsed         | 843           |
|    total_timesteps      | 259072        |
| train/                  |               |
|    approx_kl            | 2.7711503e-05 |
|    clip_fraction        | 0             |
|    clip_range           | 0.2           |
|    entropy_loss         | -0.0409       |
|    explained_variance   | 0.824         |
|    learning_rate        | 0.0003        |
|    loss                 | 2.49          |
|    n_updates            | 2525          |
|    policy_gradient_loss | 0.000265      |
|    value_loss           | 6.53          |
-------------------------------------------
-------------------------------------------
| rollout/                |               |
|    ep_len_mean          | 29.3          |
|    ep_rew_mean          | 16.1          |
| time/                   |               |
|    fps                  | 307           |
|    iterations           | 507           |
|    time_elapsed         | 844           |
|    total_timesteps      | 259584        |
| train/                  |               |
|    approx_kl            | 0.00012059754 |
|    clip_fraction        | 0             |
|    clip_range           | 0.2           |
|    entropy_loss         | -0.0426       |
|    explained_variance   | 0.678         |
|    learning_rate        | 0.0003        |
|    loss                 | 4.01          |
|    n_updates            | 2530          |
|    policy_gradient_loss | -0.00128      |
|    value_loss           | 8.93          |
-------------------------------------------
-------------------------------------------
| rollout/                |               |
|    ep_len_mean          | 31.4          |
|    ep_rew_mean          | 17.6          |
| time/                   |               |
|    fps                  | 307           |
|    iterations           | 508           |
|    time_elapsed         | 846           |
|    total_timesteps      | 260096        |
| train/                  |               |
|    approx_kl            | 0.00072954746 |
|    clip_fraction        | 0.00742       |
|    clip_range           | 0.2           |
|    entropy_loss         | -0.0367       |
|    explained_variance   | 0.739         |
|    learning_rate        | 0.0003        |
|    loss                 | 2.21          |
|    n_updates            | 2535          |
|    policy_gradient_loss | -0.0042       |
|    value_loss           | 6.1           |
-------------------------------------------
-------------------------------------------
| rollout/                |               |
|    ep_len_mean          | 31.9          |
|    ep_rew_mean          | 18.2          |
| time/                   |               |
|    fps                  | 307           |
|    iterations           | 509           |
|    time_elapsed         | 848           |
|    total_timesteps      | 260608        |
| train/                  |               |
|    approx_kl            | 2.1689455e-05 |
|    clip_fraction        | 0             |
|    clip_range           | 0.2           |
|    entropy_loss         | -0.0395       |
|    explained_variance   | 0.896         |
|    learning_rate        | 0.0003        |
|    loss                 | 1.85          |
|    n_updates            | 2540          |
|    policy_gradient_loss | -0.000178     |
|    value_loss           | 6.78          |
-------------------------------------------
------------------------------------------
| rollout/                |              |
|    ep_len_mean          | 33           |
|    ep_rew_mean          | 19.5         |
| time/                   |              |
|    fps                  | 307          |
|    iterations           | 510          |
|    time_elapsed         | 849          |
|    total_timesteps      | 261120       |
| train/                  |              |
|    approx_kl            | 0.0010211206 |
|    clip_fraction        | 0.00352      |
|    clip_range           | 0.2          |
|    entropy_loss         | -0.0185      |
|    explained_variance   | 0.86         |
|    learning_rate        | 0.0003       |
|    loss                 | 5.75         |
|    n_updates            | 2545         |
|    policy_gradient_loss | -0.0028      |
|    value_loss           | 8.77         |
------------------------------------------
-----------------------------------------
| rollout/                |             |
|    ep_len_mean          | 33.7        |
|    ep_rew_mean          | 19.8        |
| time/                   |             |
|    fps                  | 307         |
|    iterations           | 511         |
|    time_elapsed         | 851         |
|    total_timesteps      | 261632      |
| train/                  |             |
|    approx_kl            | 4.65099e-05 |
|    clip_fraction        | 0.000781    |
|    clip_range           | 0.2         |
|    entropy_loss         | -0.0262     |
|    explained_variance   | 0.888       |
|    learning_rate        | 0.0003      |
|    loss                 | 2.1         |
|    n_updates            | 2550        |
|    policy_gradient_loss | 0.000523    |
|    value_loss           | 4.49        |
-----------------------------------------
-------------------------------------------
| rollout/                |               |
|    ep_len_mean          | 35.2          |
|    ep_rew_mean          | 20.7          |
| time/                   |               |
|    fps                  | 307           |
|    iterations           | 512           |
|    time_elapsed         | 852           |
|    total_timesteps      | 262144        |
| train/                  |               |
|    approx_kl            | 0.00010895287 |
|    clip_fraction        | 0             |
|    clip_range           | 0.2           |
|    entropy_loss         | -0.0248       |
|    explained_variance   | 0.777         |
|    learning_rate        | 0.0003        |
|    loss                 | 3.03          |
|    n_updates            | 2555          |
|    policy_gradient_loss | -0.00125      |
|    value_loss           | 7.06          |
-------------------------------------------
------------------------------------------
| rollout/                |              |
|    ep_len_mean          | 35           |
|    ep_rew_mean          | 20.2         |
| time/                   |              |
|    fps                  | 307          |
|    iterations           | 513          |
|    time_elapsed         | 854          |
|    total_timesteps      | 262656       |
| train/                  |              |
|    approx_kl            | 3.410969e-06 |
|    clip_fraction        | 0            |
|    clip_range           | 0.2          |
|    entropy_loss         | -0.0136      |
|    explained_variance   | 0.923        |
|    learning_rate        | 0.0003       |
|    loss                 | 1.58         |
|    n_updates            | 2560         |
|    policy_gradient_loss | -6.66e-05    |
|    value_loss           | 4.17         |
------------------------------------------
-------------------------------------------
| rollout/                |               |
|    ep_len_mean          | 35.5          |
|    ep_rew_mean          | 20.6          |
| time/                   |               |
|    fps                  | 307           |
|    iterations           | 514           |
|    time_elapsed         | 855           |
|    total_timesteps      | 263168        |
| train/                  |               |
|    approx_kl            | 0.00027724495 |
|    clip_fraction        | 0.00625       |
|    clip_range           | 0.2           |
|    entropy_loss         | -0.0185       |
|    explained_variance   | 0.76          |
|    learning_rate        | 0.0003        |
|    loss                 | 2.22          |
|    n_updates            | 2565          |
|    policy_gradient_loss | -0.00372      |
|    value_loss           | 7.11          |
-------------------------------------------
-------------------------------------------
| rollout/                |               |
|    ep_len_mean          | 35.7          |
|    ep_rew_mean          | 20.8          |
| time/                   |               |
|    fps                  | 307           |
|    iterations           | 515           |
|    time_elapsed         | 857           |
|    total_timesteps      | 263680        |
| train/                  |               |
|    approx_kl            | 3.7893187e-06 |
|    clip_fraction        | 0             |
|    clip_range           | 0.2           |
|    entropy_loss         | -0.0152       |
|    explained_variance   | 0.913         |
|    learning_rate        | 0.0003        |
|    loss                 | 1.27          |
|    n_updates            | 2570          |
|    policy_gradient_loss | -9.02e-05     |
|    value_loss           | 2.46          |
-------------------------------------------
------------------------------------------
| rollout/                |              |
|    ep_len_mean          | 36.2         |
|    ep_rew_mean          | 20.6         |
| time/                   |              |
|    fps                  | 307          |
|    iterations           | 516          |
|    time_elapsed         | 859          |
|    total_timesteps      | 264192       |
| train/                  |              |
|    approx_kl            | 9.326381e-06 |
|    clip_fraction        | 0.000391     |
|    clip_range           | 0.2          |
|    entropy_loss         | -0.0174      |
|    explained_variance   | 0.951        |
|    learning_rate        | 0.0003       |
|    loss                 | 0.74         |
|    n_updates            | 2575         |
|    policy_gradient_loss | -0.000564    |
|    value_loss           | 3.1          |
------------------------------------------
-------------------------------------------
| rollout/                |               |
|    ep_len_mean          | 36.4          |
|    ep_rew_mean          | 20.2          |
| time/                   |               |
|    fps                  | 307           |
|    iterations           | 517           |
|    time_elapsed         | 860           |
|    total_timesteps      | 264704        |
| train/                  |               |
|    approx_kl            | 0.00034885725 |
|    clip_fraction        | 0.00352       |
|    clip_range           | 0.2           |
|    entropy_loss         | -0.0136       |
|    explained_variance   | 0.755         |
|    learning_rate        | 0.0003        |
|    loss                 | 2.52          |
|    n_updates            | 2580          |
|    policy_gradient_loss | -0.00226      |
|    value_loss           | 7.4           |
-------------------------------------------
-------------------------------------------
| rollout/                |               |
|    ep_len_mean          | 37.5          |
|    ep_rew_mean          | 21            |
| time/                   |               |
|    fps                  | 307           |
|    iterations           | 518           |
|    time_elapsed         | 862           |
|    total_timesteps      | 265216        |
| train/                  |               |
|    approx_kl            | 2.8702081e-05 |
|    clip_fraction        | 0.000781      |
|    clip_range           | 0.2           |
|    entropy_loss         | -0.0145       |
|    explained_variance   | 0.923         |
|    learning_rate        | 0.0003        |
|    loss                 | 1.05          |
|    n_updates            | 2585          |
|    policy_gradient_loss | 0.000393      |
|    value_loss           | 2.6           |
-------------------------------------------
------------------------------------------
| rollout/                |              |
|    ep_len_mean          | 36           |
|    ep_rew_mean          | 20.1         |
| time/                   |              |
|    fps                  | 307          |
|    iterations           | 519          |
|    time_elapsed         | 863          |
|    total_timesteps      | 265728       |
| train/                  |              |
|    approx_kl            | 4.113186e-06 |
|    clip_fraction        | 0            |
|    clip_range           | 0.2          |
|    entropy_loss         | -0.0162      |
|    explained_variance   | 0.822        |
|    learning_rate        | 0.0003       |
|    loss                 | 5.9          |
|    n_updates            | 2590         |
|    policy_gradient_loss | 0.000196     |
|    value_loss           | 16.6         |
------------------------------------------
-------------------------------------------
| rollout/                |               |
|    ep_len_mean          | 36.8          |
|    ep_rew_mean          | 20.6          |
| time/                   |               |
|    fps                  | 307           |
|    iterations           | 520           |
|    time_elapsed         | 865           |
|    total_timesteps      | 266240        |
| train/                  |               |
|    approx_kl            | 0.00016523176 |
|    clip_fraction        | 0.00195       |
|    clip_range           | 0.2           |
|    entropy_loss         | -0.0102       |
|    explained_variance   | 0.888         |
|    learning_rate        | 0.0003        |
|    loss                 | 1.97          |
|    n_updates            | 2595          |
|    policy_gradient_loss | -0.00169      |
|    value_loss           | 6.83          |
-------------------------------------------
------------------------------------------
| rollout/                |              |
|    ep_len_mean          | 38.3         |
|    ep_rew_mean          | 21.5         |
| time/                   |              |
|    fps                  | 307          |
|    iterations           | 521          |
|    time_elapsed         | 867          |
|    total_timesteps      | 266752       |
| train/                  |              |
|    approx_kl            | 7.526367e-05 |
|    clip_fraction        | 0            |
|    clip_range           | 0.2          |
|    entropy_loss         | -0.017       |
|    explained_variance   | 0.814        |
|    learning_rate        | 0.0003       |
|    loss                 | 2.55         |
|    n_updates            | 2600         |
|    policy_gradient_loss | -0.000455    |
|    value_loss           | 5.75         |
------------------------------------------
------------------------------------------
| rollout/                |              |
|    ep_len_mean          | 37.5         |
|    ep_rew_mean          | 21.3         |
| time/                   |              |
|    fps                  | 307          |
|    iterations           | 522          |
|    time_elapsed         | 868          |
|    total_timesteps      | 267264       |
| train/                  |              |
|    approx_kl            | 8.449424e-07 |
|    clip_fraction        | 0            |
|    clip_range           | 0.2          |
|    entropy_loss         | -0.0119      |
|    explained_variance   | 0.844        |
|    learning_rate        | 0.0003       |
|    loss                 | 2.82         |
|    n_updates            | 2605         |
|    policy_gradient_loss | 2.74e-06     |
|    value_loss           | 4.83         |
------------------------------------------
-------------------------------------------
| rollout/                |               |
|    ep_len_mean          | 38.2          |
|    ep_rew_mean          | 21.4          |
| time/                   |               |
|    fps                  | 307           |
|    iterations           | 523           |
|    time_elapsed         | 870           |
|    total_timesteps      | 267776        |
| train/                  |               |
|    approx_kl            | 0.00030637148 |
|    clip_fraction        | 0.00117       |
|    clip_range           | 0.2           |
|    entropy_loss         | -0.0171       |
|    explained_variance   | 0.85          |
|    learning_rate        | 0.0003        |
|    loss                 | 2.7           |
|    n_updates            | 2610          |
|    policy_gradient_loss | -0.000165     |
|    value_loss           | 6.93          |
-------------------------------------------
------------------------------------------
| rollout/                |              |
|    ep_len_mean          | 39.4         |
|    ep_rew_mean          | 22.1         |
| time/                   |              |
|    fps                  | 307          |
|    iterations           | 524          |
|    time_elapsed         | 871          |
|    total_timesteps      | 268288       |
| train/                  |              |
|    approx_kl            | 0.0003034001 |
|    clip_fraction        | 0.00313      |
|    clip_range           | 0.2          |
|    entropy_loss         | -0.0155      |
|    explained_variance   | 0.931        |
|    learning_rate        | 0.0003       |
|    loss                 | 0.799        |
|    n_updates            | 2615         |
|    policy_gradient_loss | -0.00166     |
|    value_loss           | 1.99         |
------------------------------------------
-------------------------------------------
| rollout/                |               |
|    ep_len_mean          | 40.4          |
|    ep_rew_mean          | 22.7          |
| time/                   |               |
|    fps                  | 307           |
|    iterations           | 525           |
|    time_elapsed         | 873           |
|    total_timesteps      | 268800        |
| train/                  |               |
|    approx_kl            | 2.8381823e-05 |
|    clip_fraction        | 0             |
|    clip_range           | 0.2           |
|    entropy_loss         | -0.0094       |
|    explained_variance   | 0.725         |
|    learning_rate        | 0.0003        |
|    loss                 | 2.39          |
|    n_updates            | 2620          |
|    policy_gradient_loss | 0.000242      |
|    value_loss           | 7.99          |
-------------------------------------------
-------------------------------------------
| rollout/                |               |
|    ep_len_mean          | 39.1          |
|    ep_rew_mean          | 21.5          |
| time/                   |               |
|    fps                  | 307           |
|    iterations           | 526           |
|    time_elapsed         | 874           |
|    total_timesteps      | 269312        |
| train/                  |               |
|    approx_kl            | 0.00010392419 |
|    clip_fraction        | 0.00117       |
|    clip_range           | 0.2           |
|    entropy_loss         | -0.0182       |
|    explained_variance   | 0.885         |
|    learning_rate        | 0.0003        |
|    loss                 | 1.8           |
|    n_updates            | 2625          |
|    policy_gradient_loss | -0.000999     |
|    value_loss           | 3.9           |
-------------------------------------------
-------------------------------------------
| rollout/                |               |
|    ep_len_mean          | 39.6          |
|    ep_rew_mean          | 21.7          |
| time/                   |               |
|    fps                  | 307           |
|    iterations           | 527           |
|    time_elapsed         | 876           |
|    total_timesteps      | 269824        |
| train/                  |               |
|    approx_kl            | 2.2253953e-06 |
|    clip_fraction        | 0             |
|    clip_range           | 0.2           |
|    entropy_loss         | -0.00976      |
|    explained_variance   | 0.834         |
|    learning_rate        | 0.0003        |
|    loss                 | 3.78          |
|    n_updates            | 2630          |
|    policy_gradient_loss | -6.15e-05     |
|    value_loss           | 6.72          |
-------------------------------------------
-------------------------------------------
| rollout/                |               |
|    ep_len_mean          | 38.4          |
|    ep_rew_mean          | 21.1          |
| time/                   |               |
|    fps                  | 307           |
|    iterations           | 528           |
|    time_elapsed         | 878           |
|    total_timesteps      | 270336        |
| train/                  |               |
|    approx_kl            | 0.00024290115 |
|    clip_fraction        | 0.00195       |
|    clip_range           | 0.2           |
|    entropy_loss         | -0.0148       |
|    explained_variance   | 0.89          |
|    learning_rate        | 0.0003        |
|    loss                 | 1.93          |
|    n_updates            | 2635          |
|    policy_gradient_loss | -0.000271     |
|    value_loss           | 4.06          |
-------------------------------------------
------------------------------------------
| rollout/                |              |
|    ep_len_mean          | 36.2         |
|    ep_rew_mean          | 20.1         |
| time/                   |              |
|    fps                  | 307          |
|    iterations           | 529          |
|    time_elapsed         | 879          |
|    total_timesteps      | 270848       |
| train/                  |              |
|    approx_kl            | 0.0017179254 |
|    clip_fraction        | 0.00469      |
|    clip_range           | 0.2          |
|    entropy_loss         | -0.0378      |
|    explained_variance   | 0.93         |
|    learning_rate        | 0.0003       |
|    loss                 | 0.905        |
|    n_updates            | 2640         |
|    policy_gradient_loss | -0.00252     |
|    value_loss           | 2.48         |
------------------------------------------
------------------------------------------
| rollout/                |              |
|    ep_len_mean          | 34.7         |
|    ep_rew_mean          | 19.3         |
| time/                   |              |
|    fps                  | 307          |
|    iterations           | 530          |
|    time_elapsed         | 881          |
|    total_timesteps      | 271360       |
| train/                  |              |
|    approx_kl            | 0.0015965943 |
|    clip_fraction        | 0.0227       |
|    clip_range           | 0.2          |
|    entropy_loss         | -0.0935      |
|    explained_variance   | 0.884        |
|    learning_rate        | 0.0003       |
|    loss                 | 1.73         |
|    n_updates            | 2645         |
|    policy_gradient_loss | 0.0201       |
|    value_loss           | 4.45         |
------------------------------------------
-------------------------------------------
| rollout/                |               |
|    ep_len_mean          | 35            |
|    ep_rew_mean          | 19.4          |
| time/                   |               |
|    fps                  | 307           |
|    iterations           | 531           |
|    time_elapsed         | 882           |
|    total_timesteps      | 271872        |
| train/                  |               |
|    approx_kl            | 0.00073189463 |
|    clip_fraction        | 0.0102        |
|    clip_range           | 0.2           |
|    entropy_loss         | -0.0579       |
|    explained_variance   | 0.879         |
|    learning_rate        | 0.0003        |
|    loss                 | 2.06          |
|    n_updates            | 2650          |
|    policy_gradient_loss | -0.0057       |
|    value_loss           | 4.07          |
-------------------------------------------
-------------------------------------------
| rollout/                |               |
|    ep_len_mean          | 33.7          |
|    ep_rew_mean          | 19            |
| time/                   |               |
|    fps                  | 307           |
|    iterations           | 532           |
|    time_elapsed         | 884           |
|    total_timesteps      | 272384        |
| train/                  |               |
|    approx_kl            | 0.00042870257 |
|    clip_fraction        | 0.0043        |
|    clip_range           | 0.2           |
|    entropy_loss         | -0.0331       |
|    explained_variance   | 0.852         |
|    learning_rate        | 0.0003        |
|    loss                 | 2.8           |
|    n_updates            | 2655          |
|    policy_gradient_loss | -0.00193      |
|    value_loss           | 6.34          |
-------------------------------------------
------------------------------------------
| rollout/                |              |
|    ep_len_mean          | 33           |
|    ep_rew_mean          | 18.6         |
| time/                   |              |
|    fps                  | 308          |
|    iterations           | 533          |
|    time_elapsed         | 885          |
|    total_timesteps      | 272896       |
| train/                  |              |
|    approx_kl            | 8.142693e-05 |
|    clip_fraction        | 0.000391     |
|    clip_range           | 0.2          |
|    entropy_loss         | -0.0422      |
|    explained_variance   | 0.859        |
|    learning_rate        | 0.0003       |
|    loss                 | 2.29         |
|    n_updates            | 2660         |
|    policy_gradient_loss | 0.000549     |
|    value_loss           | 5.98         |
------------------------------------------
-------------------------------------------
| rollout/                |               |
|    ep_len_mean          | 31.2          |
|    ep_rew_mean          | 17.3          |
| time/                   |               |
|    fps                  | 308           |
|    iterations           | 534           |
|    time_elapsed         | 887           |
|    total_timesteps      | 273408        |
| train/                  |               |
|    approx_kl            | 1.1308002e-05 |
|    clip_fraction        | 0             |
|    clip_range           | 0.2           |
|    entropy_loss         | -0.0575       |
|    explained_variance   | 0.782         |
|    learning_rate        | 0.0003        |
|    loss                 | 3.7           |
|    n_updates            | 2665          |
|    policy_gradient_loss | 0.00085       |
|    value_loss           | 7.76          |
-------------------------------------------
------------------------------------------
| rollout/                |              |
|    ep_len_mean          | 32.3         |
|    ep_rew_mean          | 17.9         |
| time/                   |              |
|    fps                  | 308          |
|    iterations           | 535          |
|    time_elapsed         | 889          |
|    total_timesteps      | 273920       |
| train/                  |              |
|    approx_kl            | 0.0005299505 |
|    clip_fraction        | 0.0109       |
|    clip_range           | 0.2          |
|    entropy_loss         | -0.0424      |
|    explained_variance   | 0.83         |
|    learning_rate        | 0.0003       |
|    loss                 | 2.56         |
|    n_updates            | 2670         |
|    policy_gradient_loss | -0.00668     |
|    value_loss           | 5.55         |
------------------------------------------
------------------------------------------
| rollout/                |              |
|    ep_len_mean          | 32.6         |
|    ep_rew_mean          | 18           |
| time/                   |              |
|    fps                  | 308          |
|    iterations           | 536          |
|    time_elapsed         | 890          |
|    total_timesteps      | 274432       |
| train/                  |              |
|    approx_kl            | 9.647815e-05 |
|    clip_fraction        | 0.000781     |
|    clip_range           | 0.2          |
|    entropy_loss         | -0.0329      |
|    explained_variance   | 0.858        |
|    learning_rate        | 0.0003       |
|    loss                 | 2.22         |
|    n_updates            | 2675         |
|    policy_gradient_loss | -0.00126     |
|    value_loss           | 5.23         |
------------------------------------------
------------------------------------------
| rollout/                |              |
|    ep_len_mean          | 31.6         |
|    ep_rew_mean          | 17.6         |
| time/                   |              |
|    fps                  | 308          |
|    iterations           | 537          |
|    time_elapsed         | 892          |
|    total_timesteps      | 274944       |
| train/                  |              |
|    approx_kl            | 0.0003591153 |
|    clip_fraction        | 0.00664      |
|    clip_range           | 0.2          |
|    entropy_loss         | -0.0381      |
|    explained_variance   | 0.869        |
|    learning_rate        | 0.0003       |
|    loss                 | 2.51         |
|    n_updates            | 2680         |
|    policy_gradient_loss | -0.00473     |
|    value_loss           | 5.07         |
------------------------------------------
------------------------------------------
| rollout/                |              |
|    ep_len_mean          | 31.6         |
|    ep_rew_mean          | 17.5         |
| time/                   |              |
|    fps                  | 308          |
|    iterations           | 538          |
|    time_elapsed         | 893          |
|    total_timesteps      | 275456       |
| train/                  |              |
|    approx_kl            | 3.735372e-05 |
|    clip_fraction        | 0            |
|    clip_range           | 0.2          |
|    entropy_loss         | -0.0251      |
|    explained_variance   | 0.913        |
|    learning_rate        | 0.0003       |
|    loss                 | 2.15         |
|    n_updates            | 2685         |
|    policy_gradient_loss | 0.000282     |
|    value_loss           | 3.68         |
------------------------------------------
-------------------------------------------
| rollout/                |               |
|    ep_len_mean          | 32.7          |
|    ep_rew_mean          | 17.9          |
| time/                   |               |
|    fps                  | 308           |
|    iterations           | 539           |
|    time_elapsed         | 895           |
|    total_timesteps      | 275968        |
| train/                  |               |
|    approx_kl            | 0.00038159592 |
|    clip_fraction        | 0.00273       |
|    clip_range           | 0.2           |
|    entropy_loss         | -0.0277       |
|    explained_variance   | 0.879         |
|    learning_rate        | 0.0003        |
|    loss                 | 1.48          |
|    n_updates            | 2690          |
|    policy_gradient_loss | -0.00209      |
|    value_loss           | 3.21          |
-------------------------------------------
-------------------------------------------
| rollout/                |               |
|    ep_len_mean          | 33.8          |
|    ep_rew_mean          | 18.6          |
| time/                   |               |
|    fps                  | 308           |
|    iterations           | 540           |
|    time_elapsed         | 897           |
|    total_timesteps      | 276480        |
| train/                  |               |
|    approx_kl            | 3.8633007e-05 |
|    clip_fraction        | 0             |
|    clip_range           | 0.2           |
|    entropy_loss         | -0.0309       |
|    explained_variance   | 0.904         |
|    learning_rate        | 0.0003        |
|    loss                 | 0.762         |
|    n_updates            | 2695          |
|    policy_gradient_loss | -0.000169     |
|    value_loss           | 2.54          |
-------------------------------------------
------------------------------------------
| rollout/                |              |
|    ep_len_mean          | 33.7         |
|    ep_rew_mean          | 18.6         |
| time/                   |              |
|    fps                  | 308          |
|    iterations           | 541          |
|    time_elapsed         | 898          |
|    total_timesteps      | 276992       |
| train/                  |              |
|    approx_kl            | 1.569849e-05 |
|    clip_fraction        | 0.00586      |
|    clip_range           | 0.2          |
|    entropy_loss         | -0.0491      |
|    explained_variance   | 0.855        |
|    learning_rate        | 0.0003       |
|    loss                 | 3.56         |
|    n_updates            | 2700         |
|    policy_gradient_loss | 0.0047       |
|    value_loss           | 6.46         |
------------------------------------------
-------------------------------------------
| rollout/                |               |
|    ep_len_mean          | 33.4          |
|    ep_rew_mean          | 18.7          |
| time/                   |               |
|    fps                  | 308           |
|    iterations           | 542           |
|    time_elapsed         | 900           |
|    total_timesteps      | 277504        |
| train/                  |               |
|    approx_kl            | 0.00022640405 |
|    clip_fraction        | 0.0043        |
|    clip_range           | 0.2           |
|    entropy_loss         | -0.0438       |
|    explained_variance   | 0.842         |
|    learning_rate        | 0.0003        |
|    loss                 | 2.74          |
|    n_updates            | 2705          |
|    policy_gradient_loss | -0.00421      |
|    value_loss           | 6.71          |
-------------------------------------------
------------------------------------------
| rollout/                |              |
|    ep_len_mean          | 33.8         |
|    ep_rew_mean          | 18.9         |
| time/                   |              |
|    fps                  | 308          |
|    iterations           | 543          |
|    time_elapsed         | 901          |
|    total_timesteps      | 278016       |
| train/                  |              |
|    approx_kl            | 8.115242e-05 |
|    clip_fraction        | 0.00508      |
|    clip_range           | 0.2          |
|    entropy_loss         | -0.0348      |
|    explained_variance   | 0.808        |
|    learning_rate        | 0.0003       |
|    loss                 | 2.66         |
|    n_updates            | 2710         |
|    policy_gradient_loss | -0.00349     |
|    value_loss           | 8.39         |
------------------------------------------
-------------------------------------------
| rollout/                |               |
|    ep_len_mean          | 34.9          |
|    ep_rew_mean          | 19.1          |
| time/                   |               |
|    fps                  | 308           |
|    iterations           | 544           |
|    time_elapsed         | 903           |
|    total_timesteps      | 278528        |
| train/                  |               |
|    approx_kl            | 0.00037782162 |
|    clip_fraction        | 0.00117       |
|    clip_range           | 0.2           |
|    entropy_loss         | -0.051        |
|    explained_variance   | 0.859         |
|    learning_rate        | 0.0003        |
|    loss                 | 1.51          |
|    n_updates            | 2715          |
|    policy_gradient_loss | 0.000235      |
|    value_loss           | 4.66          |
-------------------------------------------
-------------------------------------------
| rollout/                |               |
|    ep_len_mean          | 35.2          |
|    ep_rew_mean          | 19.6          |
| time/                   |               |
|    fps                  | 308           |
|    iterations           | 545           |
|    time_elapsed         | 904           |
|    total_timesteps      | 279040        |
| train/                  |               |
|    approx_kl            | 0.00023272319 |
|    clip_fraction        | 0.00352       |
|    clip_range           | 0.2           |
|    entropy_loss         | -0.043        |
|    explained_variance   | 0.801         |
|    learning_rate        | 0.0003        |
|    loss                 | 3.35          |
|    n_updates            | 2720          |
|    policy_gradient_loss | -0.00115      |
|    value_loss           | 4.91          |
-------------------------------------------
-------------------------------------------
| rollout/                |               |
|    ep_len_mean          | 32.5          |
|    ep_rew_mean          | 17.9          |
| time/                   |               |
|    fps                  | 308           |
|    iterations           | 546           |
|    time_elapsed         | 906           |
|    total_timesteps      | 279552        |
| train/                  |               |
|    approx_kl            | 0.00023631693 |
|    clip_fraction        | 0.00117       |
|    clip_range           | 0.2           |
|    entropy_loss         | -0.0476       |
|    explained_variance   | 0.761         |
|    learning_rate        | 0.0003        |
|    loss                 | 4.41          |
|    n_updates            | 2725          |
|    policy_gradient_loss | 0.00168       |
|    value_loss           | 8.74          |
-------------------------------------------
-------------------------------------------
| rollout/                |               |
|    ep_len_mean          | 32.6          |
|    ep_rew_mean          | 17.7          |
| time/                   |               |
|    fps                  | 308           |
|    iterations           | 547           |
|    time_elapsed         | 908           |
|    total_timesteps      | 280064        |
| train/                  |               |
|    approx_kl            | 0.00021585159 |
|    clip_fraction        | 0.00547       |
|    clip_range           | 0.2           |
|    entropy_loss         | -0.0636       |
|    explained_variance   | 0.828         |
|    learning_rate        | 0.0003        |
|    loss                 | 4.21          |
|    n_updates            | 2730          |
|    policy_gradient_loss | -0.00483      |
|    value_loss           | 9.49          |
-------------------------------------------
------------------------------------------
| rollout/                |              |
|    ep_len_mean          | 32.8         |
|    ep_rew_mean          | 17.7         |
| time/                   |              |
|    fps                  | 308          |
|    iterations           | 548          |
|    time_elapsed         | 909          |
|    total_timesteps      | 280576       |
| train/                  |              |
|    approx_kl            | 0.0002902256 |
|    clip_fraction        | 0.0082       |
|    clip_range           | 0.2          |
|    entropy_loss         | -0.0473      |
|    explained_variance   | 0.804        |
|    learning_rate        | 0.0003       |
|    loss                 | 2.33         |
|    n_updates            | 2735         |
|    policy_gradient_loss | -0.00474     |
|    value_loss           | 6.01         |
------------------------------------------
------------------------------------------
| rollout/                |              |
|    ep_len_mean          | 34.1         |
|    ep_rew_mean          | 18.7         |
| time/                   |              |
|    fps                  | 308          |
|    iterations           | 549          |
|    time_elapsed         | 911          |
|    total_timesteps      | 281088       |
| train/                  |              |
|    approx_kl            | 4.296587e-05 |
|    clip_fraction        | 0.00273      |
|    clip_range           | 0.2          |
|    entropy_loss         | -0.0436      |
|    explained_variance   | 0.82         |
|    learning_rate        | 0.0003       |
|    loss                 | 2.27         |
|    n_updates            | 2740         |
|    policy_gradient_loss | -0.00172     |
|    value_loss           | 5.49         |
------------------------------------------
-------------------------------------------
| rollout/                |               |
|    ep_len_mean          | 33.6          |
|    ep_rew_mean          | 18.2          |
| time/                   |               |
|    fps                  | 308           |
|    iterations           | 550           |
|    time_elapsed         | 912           |
|    total_timesteps      | 281600        |
| train/                  |               |
|    approx_kl            | 0.00031271984 |
|    clip_fraction        | 0.00313       |
|    clip_range           | 0.2           |
|    entropy_loss         | -0.0482       |
|    explained_variance   | 0.902         |
|    learning_rate        | 0.0003        |
|    loss                 | 1.13          |
|    n_updates            | 2745          |
|    policy_gradient_loss | -0.00275      |
|    value_loss           | 5.18          |
-------------------------------------------
------------------------------------------
| rollout/                |              |
|    ep_len_mean          | 31.9         |
|    ep_rew_mean          | 17.3         |
| time/                   |              |
|    fps                  | 308          |
|    iterations           | 551          |
|    time_elapsed         | 914          |
|    total_timesteps      | 282112       |
| train/                  |              |
|    approx_kl            | 0.0004921745 |
|    clip_fraction        | 0.00547      |
|    clip_range           | 0.2          |
|    entropy_loss         | -0.0461      |
|    explained_variance   | 0.829        |
|    learning_rate        | 0.0003       |
|    loss                 | 1.01         |
|    n_updates            | 2750         |
|    policy_gradient_loss | -0.00291     |
|    value_loss           | 2.81         |
------------------------------------------
-------------------------------------------
| rollout/                |               |
|    ep_len_mean          | 32.4          |
|    ep_rew_mean          | 17.4          |
| time/                   |               |
|    fps                  | 308           |
|    iterations           | 552           |
|    time_elapsed         | 915           |
|    total_timesteps      | 282624        |
| train/                  |               |
|    approx_kl            | 0.00016698765 |
|    clip_fraction        | 0.00273       |
|    clip_range           | 0.2           |
|    entropy_loss         | -0.0301       |
|    explained_variance   | 0.847         |
|    learning_rate        | 0.0003        |
|    loss                 | 2.77          |
|    n_updates            | 2755          |
|    policy_gradient_loss | -0.00143      |
|    value_loss           | 5.21          |
-------------------------------------------
-----------------------------------------
| rollout/                |             |
|    ep_len_mean          | 33.8        |
|    ep_rew_mean          | 18.1        |
| time/                   |             |
|    fps                  | 308         |
|    iterations           | 553         |
|    time_elapsed         | 917         |
|    total_timesteps      | 283136      |
| train/                  |             |
|    approx_kl            | 0.000384953 |
|    clip_fraction        | 0.00234     |
|    clip_range           | 0.2         |
|    entropy_loss         | -0.032      |
|    explained_variance   | 0.754       |
|    learning_rate        | 0.0003      |
|    loss                 | 1.79        |
|    n_updates            | 2760        |
|    policy_gradient_loss | -0.00109    |
|    value_loss           | 4.45        |
-----------------------------------------
-------------------------------------------
| rollout/                |               |
|    ep_len_mean          | 33.4          |
|    ep_rew_mean          | 17.9          |
| time/                   |               |
|    fps                  | 308           |
|    iterations           | 554           |
|    time_elapsed         | 919           |
|    total_timesteps      | 283648        |
| train/                  |               |
|    approx_kl            | 0.00041471503 |
|    clip_fraction        | 0.00117       |
|    clip_range           | 0.2           |
|    entropy_loss         | -0.03         |
|    explained_variance   | 0.844         |
|    learning_rate        | 0.0003        |
|    loss                 | 0.963         |
|    n_updates            | 2765          |
|    policy_gradient_loss | 0.000772      |
|    value_loss           | 3.34          |
-------------------------------------------
------------------------------------------
| rollout/                |              |
|    ep_len_mean          | 34.4         |
|    ep_rew_mean          | 18.5         |
| time/                   |              |
|    fps                  | 308          |
|    iterations           | 555          |
|    time_elapsed         | 920          |
|    total_timesteps      | 284160       |
| train/                  |              |
|    approx_kl            | 0.0005614961 |
|    clip_fraction        | 0.00469      |
|    clip_range           | 0.2          |
|    entropy_loss         | -0.0332      |
|    explained_variance   | 0.869        |
|    learning_rate        | 0.0003       |
|    loss                 | 2.07         |
|    n_updates            | 2770         |
|    policy_gradient_loss | -0.00243     |
|    value_loss           | 5.6          |
------------------------------------------
-------------------------------------------
| rollout/                |               |
|    ep_len_mean          | 34.3          |
|    ep_rew_mean          | 18.3          |
| time/                   |               |
|    fps                  | 308           |
|    iterations           | 556           |
|    time_elapsed         | 922           |
|    total_timesteps      | 284672        |
| train/                  |               |
|    approx_kl            | 0.00062976545 |
|    clip_fraction        | 0.00117       |
|    clip_range           | 0.2           |
|    entropy_loss         | -0.061        |
|    explained_variance   | 0.791         |
|    learning_rate        | 0.0003        |
|    loss                 | 2.92          |
|    n_updates            | 2775          |
|    policy_gradient_loss | 0.00449       |
|    value_loss           | 4.77          |
-------------------------------------------
------------------------------------------
| rollout/                |              |
|    ep_len_mean          | 33.9         |
|    ep_rew_mean          | 18.3         |
| time/                   |              |
|    fps                  | 308          |
|    iterations           | 557          |
|    time_elapsed         | 923          |
|    total_timesteps      | 285184       |
| train/                  |              |
|    approx_kl            | 0.0011455329 |
|    clip_fraction        | 0.00742      |
|    clip_range           | 0.2          |
|    entropy_loss         | -0.0513      |
|    explained_variance   | 0.756        |
|    learning_rate        | 0.0003       |
|    loss                 | 3.17         |
|    n_updates            | 2780         |
|    policy_gradient_loss | -3.42e-05    |
|    value_loss           | 8.53         |
------------------------------------------
-------------------------------------------
| rollout/                |               |
|    ep_len_mean          | 33.9          |
|    ep_rew_mean          | 17.9          |
| time/                   |               |
|    fps                  | 308           |
|    iterations           | 558           |
|    time_elapsed         | 925           |
|    total_timesteps      | 285696        |
| train/                  |               |
|    approx_kl            | 0.00012886745 |
|    clip_fraction        | 0.00508       |
|    clip_range           | 0.2           |
|    entropy_loss         | -0.0396       |
|    explained_variance   | 0.833         |
|    learning_rate        | 0.0003        |
|    loss                 | 1.29          |
|    n_updates            | 2785          |
|    policy_gradient_loss | -0.00201      |
|    value_loss           | 4.66          |
-------------------------------------------
-------------------------------------------
| rollout/                |               |
|    ep_len_mean          | 33.9          |
|    ep_rew_mean          | 18.4          |
| time/                   |               |
|    fps                  | 308           |
|    iterations           | 559           |
|    time_elapsed         | 927           |
|    total_timesteps      | 286208        |
| train/                  |               |
|    approx_kl            | 0.00020232552 |
|    clip_fraction        | 0.000391      |
|    clip_range           | 0.2           |
|    entropy_loss         | -0.0477       |
|    explained_variance   | 0.836         |
|    learning_rate        | 0.0003        |
|    loss                 | 2.48          |
|    n_updates            | 2790          |
|    policy_gradient_loss | -0.000685     |
|    value_loss           | 5.28          |
-------------------------------------------
------------------------------------------
| rollout/                |              |
|    ep_len_mean          | 32.2         |
|    ep_rew_mean          | 18           |
| time/                   |              |
|    fps                  | 308          |
|    iterations           | 560          |
|    time_elapsed         | 928          |
|    total_timesteps      | 286720       |
| train/                  |              |
|    approx_kl            | 0.0010827495 |
|    clip_fraction        | 0.00195      |
|    clip_range           | 0.2          |
|    entropy_loss         | -0.0547      |
|    explained_variance   | 0.923        |
|    learning_rate        | 0.0003       |
|    loss                 | 1.44         |
|    n_updates            | 2795         |
|    policy_gradient_loss | -0.000927    |
|    value_loss           | 2.83         |
------------------------------------------
------------------------------------------
| rollout/                |              |
|    ep_len_mean          | 31.1         |
|    ep_rew_mean          | 17.6         |
| time/                   |              |
|    fps                  | 308          |
|    iterations           | 561          |
|    time_elapsed         | 930          |
|    total_timesteps      | 287232       |
| train/                  |              |
|    approx_kl            | 0.0027243532 |
|    clip_fraction        | 0.0191       |
|    clip_range           | 0.2          |
|    entropy_loss         | -0.0722      |
|    explained_variance   | 0.75         |
|    learning_rate        | 0.0003       |
|    loss                 | 5.24         |
|    n_updates            | 2800         |
|    policy_gradient_loss | 0.005        |
|    value_loss           | 15           |
------------------------------------------
-------------------------------------------
| rollout/                |               |
|    ep_len_mean          | 30.2          |
|    ep_rew_mean          | 16.7          |
| time/                   |               |
|    fps                  | 308           |
|    iterations           | 562           |
|    time_elapsed         | 931           |
|    total_timesteps      | 287744        |
| train/                  |               |
|    approx_kl            | 0.00015010184 |
|    clip_fraction        | 0.00469       |
|    clip_range           | 0.2           |
|    entropy_loss         | -0.0611       |
|    explained_variance   | 0.897         |
|    learning_rate        | 0.0003        |
|    loss                 | 1.92          |
|    n_updates            | 2805          |
|    policy_gradient_loss | -0.00329      |
|    value_loss           | 3.71          |
-------------------------------------------
-----------------------------------------
| rollout/                |             |
|    ep_len_mean          | 31.4        |
|    ep_rew_mean          | 17.7        |
| time/                   |             |
|    fps                  | 308         |
|    iterations           | 563         |
|    time_elapsed         | 933         |
|    total_timesteps      | 288256      |
| train/                  |             |
|    approx_kl            | 0.000576357 |
|    clip_fraction        | 0.0109      |
|    clip_range           | 0.2         |
|    entropy_loss         | -0.0593     |
|    explained_variance   | 0.708       |
|    learning_rate        | 0.0003      |
|    loss                 | 3.01        |
|    n_updates            | 2810        |
|    policy_gradient_loss | -0.00592    |
|    value_loss           | 7.94        |
-----------------------------------------
------------------------------------------
| rollout/                |              |
|    ep_len_mean          | 30.6         |
|    ep_rew_mean          | 17.3         |
| time/                   |              |
|    fps                  | 308          |
|    iterations           | 564          |
|    time_elapsed         | 935          |
|    total_timesteps      | 288768       |
| train/                  |              |
|    approx_kl            | 0.0002728036 |
|    clip_fraction        | 0.00195      |
|    clip_range           | 0.2          |
|    entropy_loss         | -0.0398      |
|    explained_variance   | 0.861        |
|    learning_rate        | 0.0003       |
|    loss                 | 3.24         |
|    n_updates            | 2815         |
|    policy_gradient_loss | -0.00183     |
|    value_loss           | 6.7          |
------------------------------------------
-------------------------------------------
| rollout/                |               |
|    ep_len_mean          | 29.3          |
|    ep_rew_mean          | 16.5          |
| time/                   |               |
|    fps                  | 308           |
|    iterations           | 565           |
|    time_elapsed         | 936           |
|    total_timesteps      | 289280        |
| train/                  |               |
|    approx_kl            | 0.00035824638 |
|    clip_fraction        | 0.00313       |
|    clip_range           | 0.2           |
|    entropy_loss         | -0.0475       |
|    explained_variance   | 0.793         |
|    learning_rate        | 0.0003        |
|    loss                 | 1.54          |
|    n_updates            | 2820          |
|    policy_gradient_loss | -0.00112      |
|    value_loss           | 4.64          |
-------------------------------------------
-------------------------------------------
| rollout/                |               |
|    ep_len_mean          | 30.1          |
|    ep_rew_mean          | 16.6          |
| time/                   |               |
|    fps                  | 308           |
|    iterations           | 566           |
|    time_elapsed         | 938           |
|    total_timesteps      | 289792        |
| train/                  |               |
|    approx_kl            | 0.00016626692 |
|    clip_fraction        | 0             |
|    clip_range           | 0.2           |
|    entropy_loss         | -0.0467       |
|    explained_variance   | 0.731         |
|    learning_rate        | 0.0003        |
|    loss                 | 2.58          |
|    n_updates            | 2825          |
|    policy_gradient_loss | 0.000757      |
|    value_loss           | 8.3           |
-------------------------------------------
-------------------------------------------
| rollout/                |               |
|    ep_len_mean          | 30.2          |
|    ep_rew_mean          | 16.5          |
| time/                   |               |
|    fps                  | 308           |
|    iterations           | 567           |
|    time_elapsed         | 939           |
|    total_timesteps      | 290304        |
| train/                  |               |
|    approx_kl            | 0.00025649846 |
|    clip_fraction        | 0.00664       |
|    clip_range           | 0.2           |
|    entropy_loss         | -0.0315       |
|    explained_variance   | 0.748         |
|    learning_rate        | 0.0003        |
|    loss                 | 3.65          |
|    n_updates            | 2830          |
|    policy_gradient_loss | -0.00414      |
|    value_loss           | 6.51          |
-------------------------------------------
------------------------------------------
| rollout/                |              |
|    ep_len_mean          | 31.4         |
|    ep_rew_mean          | 17.2         |
| time/                   |              |
|    fps                  | 308          |
|    iterations           | 568          |
|    time_elapsed         | 941          |
|    total_timesteps      | 290816       |
| train/                  |              |
|    approx_kl            | 0.0004064534 |
|    clip_fraction        | 0.00469      |
|    clip_range           | 0.2          |
|    entropy_loss         | -0.0223      |
|    explained_variance   | 0.82         |
|    learning_rate        | 0.0003       |
|    loss                 | 2.25         |
|    n_updates            | 2835         |
|    policy_gradient_loss | -0.00284     |
|    value_loss           | 5.64         |
------------------------------------------
----------------------------------------
| rollout/                |            |
|    ep_len_mean          | 32.4       |
|    ep_rew_mean          | 17.9       |
| time/                   |            |
|    fps                  | 308        |
|    iterations           | 569        |
|    time_elapsed         | 942        |
|    total_timesteps      | 291328     |
| train/                  |            |
|    approx_kl            | 0.00044102 |
|    clip_fraction        | 0.00273    |
|    clip_range           | 0.2        |
|    entropy_loss         | -0.0274    |
|    explained_variance   | 0.87       |
|    learning_rate        | 0.0003     |
|    loss                 | 1.49       |
|    n_updates            | 2840       |
|    policy_gradient_loss | -0.00108   |
|    value_loss           | 2.91       |
----------------------------------------
------------------------------------------
| rollout/                |              |
|    ep_len_mean          | 32.6         |
|    ep_rew_mean          | 17.9         |
| time/                   |              |
|    fps                  | 309          |
|    iterations           | 570          |
|    time_elapsed         | 944          |
|    total_timesteps      | 291840       |
| train/                  |              |
|    approx_kl            | 9.080395e-08 |
|    clip_fraction        | 0.000391     |
|    clip_range           | 0.2          |
|    entropy_loss         | -0.0301      |
|    explained_variance   | 0.898        |
|    learning_rate        | 0.0003       |
|    loss                 | 1.02         |
|    n_updates            | 2845         |
|    policy_gradient_loss | 0.0008       |
|    value_loss           | 2.76         |
------------------------------------------
-------------------------------------------
| rollout/                |               |
|    ep_len_mean          | 32.8          |
|    ep_rew_mean          | 18.5          |
| time/                   |               |
|    fps                  | 309           |
|    iterations           | 571           |
|    time_elapsed         | 945           |
|    total_timesteps      | 292352        |
| train/                  |               |
|    approx_kl            | 0.00029240106 |
|    clip_fraction        | 0.00273       |
|    clip_range           | 0.2           |
|    entropy_loss         | -0.0263       |
|    explained_variance   | 0.858         |
|    learning_rate        | 0.0003        |
|    loss                 | 2.26          |
|    n_updates            | 2850          |
|    policy_gradient_loss | -0.000901     |
|    value_loss           | 5.17          |
-------------------------------------------
-------------------------------------------
| rollout/                |               |
|    ep_len_mean          | 33.9          |
|    ep_rew_mean          | 19.4          |
| time/                   |               |
|    fps                  | 309           |
|    iterations           | 572           |
|    time_elapsed         | 947           |
|    total_timesteps      | 292864        |
| train/                  |               |
|    approx_kl            | 7.3406845e-06 |
|    clip_fraction        | 0             |
|    clip_range           | 0.2           |
|    entropy_loss         | -0.0257       |
|    explained_variance   | 0.907         |
|    learning_rate        | 0.0003        |
|    loss                 | 2.35          |
|    n_updates            | 2855          |
|    policy_gradient_loss | 0.000285      |
|    value_loss           | 3.55          |
-------------------------------------------
-------------------------------------------
| rollout/                |               |
|    ep_len_mean          | 34.2          |
|    ep_rew_mean          | 18.9          |
| time/                   |               |
|    fps                  | 309           |
|    iterations           | 573           |
|    time_elapsed         | 949           |
|    total_timesteps      | 293376        |
| train/                  |               |
|    approx_kl            | 4.8854854e-05 |
|    clip_fraction        | 0             |
|    clip_range           | 0.2           |
|    entropy_loss         | -0.0222       |
|    explained_variance   | 0.819         |
|    learning_rate        | 0.0003        |
|    loss                 | 4.46          |
|    n_updates            | 2860          |
|    policy_gradient_loss | -0.000614     |
|    value_loss           | 8.65          |
-------------------------------------------
-----------------------------------------
| rollout/                |             |
|    ep_len_mean          | 33.4        |
|    ep_rew_mean          | 18.6        |
| time/                   |             |
|    fps                  | 309         |
|    iterations           | 574         |
|    time_elapsed         | 950         |
|    total_timesteps      | 293888      |
| train/                  |             |
|    approx_kl            | 7.86396e-05 |
|    clip_fraction        | 0           |
|    clip_range           | 0.2         |
|    entropy_loss         | -0.0378     |
|    explained_variance   | 0.717       |
|    learning_rate        | 0.0003      |
|    loss                 | 7.15        |
|    n_updates            | 2865        |
|    policy_gradient_loss | -0.000822   |
|    value_loss           | 18.9        |
-----------------------------------------
-------------------------------------------
| rollout/                |               |
|    ep_len_mean          | 34.7          |
|    ep_rew_mean          | 18.6          |
| time/                   |               |
|    fps                  | 309           |
|    iterations           | 575           |
|    time_elapsed         | 952           |
|    total_timesteps      | 294400        |
| train/                  |               |
|    approx_kl            | 0.00026529818 |
|    clip_fraction        | 0.00273       |
|    clip_range           | 0.2           |
|    entropy_loss         | -0.0187       |
|    explained_variance   | 0.889         |
|    learning_rate        | 0.0003        |
|    loss                 | 0.973         |
|    n_updates            | 2870          |
|    policy_gradient_loss | -0.00211      |
|    value_loss           | 3.74          |
-------------------------------------------
-------------------------------------------
| rollout/                |               |
|    ep_len_mean          | 34.4          |
|    ep_rew_mean          | 19.2          |
| time/                   |               |
|    fps                  | 309           |
|    iterations           | 576           |
|    time_elapsed         | 953           |
|    total_timesteps      | 294912        |
| train/                  |               |
|    approx_kl            | 0.00082181697 |
|    clip_fraction        | 0.00234       |
|    clip_range           | 0.2           |
|    entropy_loss         | -0.0285       |
|    explained_variance   | 0.771         |
|    learning_rate        | 0.0003        |
|    loss                 | 9.45          |
|    n_updates            | 2875          |
|    policy_gradient_loss | -0.000448     |
|    value_loss           | 16.5          |
-------------------------------------------
-------------------------------------------
| rollout/                |               |
|    ep_len_mean          | 34.6          |
|    ep_rew_mean          | 18.6          |
| time/                   |               |
|    fps                  | 309           |
|    iterations           | 577           |
|    time_elapsed         | 955           |
|    total_timesteps      | 295424        |
| train/                  |               |
|    approx_kl            | 2.5775167e-05 |
|    clip_fraction        | 0             |
|    clip_range           | 0.2           |
|    entropy_loss         | -0.0223       |
|    explained_variance   | 0.91          |
|    learning_rate        | 0.0003        |
|    loss                 | 1.85          |
|    n_updates            | 2880          |
|    policy_gradient_loss | 0.000102      |
|    value_loss           | 4.87          |
-------------------------------------------
-------------------------------------------
| rollout/                |               |
|    ep_len_mean          | 35.7          |
|    ep_rew_mean          | 18.7          |
| time/                   |               |
|    fps                  | 309           |
|    iterations           | 578           |
|    time_elapsed         | 956           |
|    total_timesteps      | 295936        |
| train/                  |               |
|    approx_kl            | 0.00019194098 |
|    clip_fraction        | 0.000391      |
|    clip_range           | 0.2           |
|    entropy_loss         | -0.0231       |
|    explained_variance   | 0.788         |
|    learning_rate        | 0.0003        |
|    loss                 | 1.9           |
|    n_updates            | 2885          |
|    policy_gradient_loss | -0.000565     |
|    value_loss           | 4.85          |
-------------------------------------------
------------------------------------------
| rollout/                |              |
|    ep_len_mean          | 34.9         |
|    ep_rew_mean          | 18.1         |
| time/                   |              |
|    fps                  | 309          |
|    iterations           | 579          |
|    time_elapsed         | 958          |
|    total_timesteps      | 296448       |
| train/                  |              |
|    approx_kl            | 0.0002799927 |
|    clip_fraction        | 0.00391      |
|    clip_range           | 0.2          |
|    entropy_loss         | -0.0174      |
|    explained_variance   | 0.803        |
|    learning_rate        | 0.0003       |
|    loss                 | 2.43         |
|    n_updates            | 2890         |
|    policy_gradient_loss | -0.00261     |
|    value_loss           | 4.96         |
------------------------------------------
-------------------------------------------
| rollout/                |               |
|    ep_len_mean          | 36            |
|    ep_rew_mean          | 18.6          |
| time/                   |               |
|    fps                  | 309           |
|    iterations           | 580           |
|    time_elapsed         | 960           |
|    total_timesteps      | 296960        |
| train/                  |               |
|    approx_kl            | 3.2821554e-05 |
|    clip_fraction        | 0             |
|    clip_range           | 0.2           |
|    entropy_loss         | -0.0152       |
|    explained_variance   | 0.663         |
|    learning_rate        | 0.0003        |
|    loss                 | 3.58          |
|    n_updates            | 2895          |
|    policy_gradient_loss | -0.000664     |
|    value_loss           | 17.7          |
-------------------------------------------
------------------------------------------
| rollout/                |              |
|    ep_len_mean          | 36.6         |
|    ep_rew_mean          | 19.2         |
| time/                   |              |
|    fps                  | 309          |
|    iterations           | 581          |
|    time_elapsed         | 961          |
|    total_timesteps      | 297472       |
| train/                  |              |
|    approx_kl            | 7.191091e-06 |
|    clip_fraction        | 0            |
|    clip_range           | 0.2          |
|    entropy_loss         | -0.0174      |
|    explained_variance   | 0.887        |
|    learning_rate        | 0.0003       |
|    loss                 | 1.33         |
|    n_updates            | 2900         |
|    policy_gradient_loss | -9.83e-05    |
|    value_loss           | 2.55         |
------------------------------------------
-------------------------------------------
| rollout/                |               |
|    ep_len_mean          | 36            |
|    ep_rew_mean          | 19.4          |
| time/                   |               |
|    fps                  | 309           |
|    iterations           | 582           |
|    time_elapsed         | 963           |
|    total_timesteps      | 297984        |
| train/                  |               |
|    approx_kl            | 0.00026399677 |
|    clip_fraction        | 0.0043        |
|    clip_range           | 0.2           |
|    entropy_loss         | -0.0179       |
|    explained_variance   | 0.693         |
|    learning_rate        | 0.0003        |
|    loss                 | 3.16          |
|    n_updates            | 2905          |
|    policy_gradient_loss | -0.0019       |
|    value_loss           | 8.42          |
-------------------------------------------
-------------------------------------------
| rollout/                |               |
|    ep_len_mean          | 35.7          |
|    ep_rew_mean          | 18.8          |
| time/                   |               |
|    fps                  | 309           |
|    iterations           | 583           |
|    time_elapsed         | 964           |
|    total_timesteps      | 298496        |
| train/                  |               |
|    approx_kl            | 4.4115703e-05 |
|    clip_fraction        | 0             |
|    clip_range           | 0.2           |
|    entropy_loss         | -0.0182       |
|    explained_variance   | 0.868         |
|    learning_rate        | 0.0003        |
|    loss                 | 2.12          |
|    n_updates            | 2910          |
|    policy_gradient_loss | -0.00015      |
|    value_loss           | 4.81          |
-------------------------------------------
-------------------------------------------
| rollout/                |               |
|    ep_len_mean          | 35            |
|    ep_rew_mean          | 18.5          |
| time/                   |               |
|    fps                  | 309           |
|    iterations           | 584           |
|    time_elapsed         | 966           |
|    total_timesteps      | 299008        |
| train/                  |               |
|    approx_kl            | 8.8601024e-05 |
|    clip_fraction        | 0             |
|    clip_range           | 0.2           |
|    entropy_loss         | -0.0244       |
|    explained_variance   | 0.932         |
|    learning_rate        | 0.0003        |
|    loss                 | 0.886         |
|    n_updates            | 2915          |
|    policy_gradient_loss | -0.000174     |
|    value_loss           | 2.36          |
-------------------------------------------
-------------------------------------------
| rollout/                |               |
|    ep_len_mean          | 34.8          |
|    ep_rew_mean          | 18.8          |
| time/                   |               |
|    fps                  | 309           |
|    iterations           | 585           |
|    time_elapsed         | 968           |
|    total_timesteps      | 299520        |
| train/                  |               |
|    approx_kl            | 0.00027065712 |
|    clip_fraction        | 0.0113        |
|    clip_range           | 0.2           |
|    entropy_loss         | -0.0562       |
|    explained_variance   | 0.787         |
|    learning_rate        | 0.0003        |
|    loss                 | 3.34          |
|    n_updates            | 2920          |
|    policy_gradient_loss | 0.000629      |
|    value_loss           | 5.72          |
-------------------------------------------
------------------------------------------
| rollout/                |              |
|    ep_len_mean          | 33.7         |
|    ep_rew_mean          | 18.1         |
| time/                   |              |
|    fps                  | 309          |
|    iterations           | 586          |
|    time_elapsed         | 969          |
|    total_timesteps      | 300032       |
| train/                  |              |
|    approx_kl            | 0.0002635133 |
|    clip_fraction        | 0.00117      |
|    clip_range           | 0.2          |
|    entropy_loss         | -0.0553      |
|    explained_variance   | 0.787        |
|    learning_rate        | 0.0003       |
|    loss                 | 4.13         |
|    n_updates            | 2925         |
|    policy_gradient_loss | -0.00116     |
|    value_loss           | 10.4         |
------------------------------------------

Model saved -> models/variants/ppo_bpic2017_cate.zip
   Manifest → models/variants/ppo_bpic2017_cate_manifest.json
   Training curve (11186 episodes) → models/variants/ppo_bpic2017_cate_training_curve.csv
